alphabet_size,value,payload,payload_length,cycle_length,roof_share,roof_share_sum,powered_clock_certificate
2,1,1,1,2,1/2,1/1,True
2,2,010,3,4,1/4,1/1,True
2,3,011,3,4,1/4,1/1,True
2,4,00100,5,6,1/6,1/1,True
2,5,00101,5,6,1/6,1/1,True
2,6,00110,5,6,1/6,1/1,True
2,7,00111,5,6,1/6,1/1,True
2,8,0001000,7,8,1/8,1/1,True
2,9,0001001,7,8,1/8,1/1,True
2,10,0001010,7,8,1/8,1/1,True
2,11,0001011,7,8,1/8,1/1,True
2,12,0001100,7,8,1/8,1/1,True
2,13,0001101,7,8,1/8,1/1,True
2,14,0001110,7,8,1/8,1/1,True
2,15,0001111,7,8,1/8,1/1,True
2,16,000010000,9,10,1/10,1/1,True
2,17,000010001,9,10,1/10,1/1,True
2,18,000010010,9,10,1/10,1/1,True
2,19,000010011,9,10,1/10,1/1,True
2,20,000010100,9,10,1/10,1/1,True
2,21,000010101,9,10,1/10,1/1,True
2,22,000010110,9,10,1/10,1/1,True
2,23,000010111,9,10,1/10,1/1,True
2,24,000011000,9,10,1/10,1/1,True
2,25,000011001,9,10,1/10,1/1,True
2,26,000011010,9,10,1/10,1/1,True
2,27,000011011,9,10,1/10,1/1,True
2,28,000011100,9,10,1/10,1/1,True
2,29,000011101,9,10,1/10,1/1,True
2,30,000011110,9,10,1/10,1/1,True
2,31,000011111,9,10,1/10,1/1,True
2,32,00000100000,11,12,1/12,1/1,True
2,33,00000100001,11,12,1/12,1/1,True
2,34,00000100010,11,12,1/12,1/1,True
2,35,00000100011,11,12,1/12,1/1,True
2,36,00000100100,11,12,1/12,1/1,True
2,37,00000100101,11,12,1/12,1/1,True
2,38,00000100110,11,12,1/12,1/1,True
2,39,00000100111,11,12,1/12,1/1,True
2,40,00000101000,11,12,1/12,1/1,True
2,41,00000101001,11,12,1/12,1/1,True
2,42,00000101010,11,12,1/12,1/1,True
2,43,00000101011,11,12,1/12,1/1,True
2,44,00000101100,11,12,1/12,1/1,True
2,45,00000101101,11,12,1/12,1/1,True
2,46,00000101110,11,12,1/12,1/1,True
2,47,00000101111,11,12,1/12,1/1,True
2,48,00000110000,11,12,1/12,1/1,True
2,49,00000110001,11,12,1/12,1/1,True
2,50,00000110010,11,12,1/12,1/1,True
2,51,00000110011,11,12,1/12,1/1,True
2,52,00000110100,11,12,1/12,1/1,True
2,53,00000110101,11,12,1/12,1/1,True
2,54,00000110110,11,12,1/12,1/1,True
2,55,00000110111,11,12,1/12,1/1,True
2,56,00000111000,11,12,1/12,1/1,True
2,57,00000111001,11,12,1/12,1/1,True
2,58,00000111010,11,12,1/12,1/1,True
2,59,00000111011,11,12,1/12,1/1,True
2,60,00000111100,11,12,1/12,1/1,True
2,61,00000111101,11,12,1/12,1/1,True
2,62,00000111110,11,12,1/12,1/1,True
2,63,00000111111,11,12,1/12,1/1,True
2,64,0000001000000,13,14,1/14,1/1,True
2,65,0000001000001,13,14,1/14,1/1,True
2,66,0000001000010,13,14,1/14,1/1,True
2,67,0000001000011,13,14,1/14,1/1,True
2,68,0000001000100,13,14,1/14,1/1,True
2,69,0000001000101,13,14,1/14,1/1,True
2,70,0000001000110,13,14,1/14,1/1,True
2,71,0000001000111,13,14,1/14,1/1,True
2,72,0000001001000,13,14,1/14,1/1,True
2,73,0000001001001,13,14,1/14,1/1,True
2,74,0000001001010,13,14,1/14,1/1,True
2,75,0000001001011,13,14,1/14,1/1,True
2,76,0000001001100,13,14,1/14,1/1,True
2,77,0000001001101,13,14,1/14,1/1,True
2,78,0000001001110,13,14,1/14,1/1,True
2,79,0000001001111,13,14,1/14,1/1,True
2,80,0000001010000,13,14,1/14,1/1,True
2,81,0000001010001,13,14,1/14,1/1,True
2,82,0000001010010,13,14,1/14,1/1,True
2,83,0000001010011,13,14,1/14,1/1,True
2,84,0000001010100,13,14,1/14,1/1,True
2,85,0000001010101,13,14,1/14,1/1,True
2,86,0000001010110,13,14,1/14,1/1,True
2,87,0000001010111,13,14,1/14,1/1,True
2,88,0000001011000,13,14,1/14,1/1,True
2,89,0000001011001,13,14,1/14,1/1,True
2,90,0000001011010,13,14,1/14,1/1,True
2,91,0000001011011,13,14,1/14,1/1,True
2,92,0000001011100,13,14,1/14,1/1,True
2,93,0000001011101,13,14,1/14,1/1,True
2,94,0000001011110,13,14,1/14,1/1,True
2,95,0000001011111,13,14,1/14,1/1,True
2,96,0000001100000,13,14,1/14,1/1,True
2,97,0000001100001,13,14,1/14,1/1,True
2,98,0000001100010,13,14,1/14,1/1,True
2,99,0000001100011,13,14,1/14,1/1,True
2,100,0000001100100,13,14,1/14,1/1,True
2,101,0000001100101,13,14,1/14,1/1,True
2,102,0000001100110,13,14,1/14,1/1,True
2,103,0000001100111,13,14,1/14,1/1,True
2,104,0000001101000,13,14,1/14,1/1,True
2,105,0000001101001,13,14,1/14,1/1,True
2,106,0000001101010,13,14,1/14,1/1,True
2,107,0000001101011,13,14,1/14,1/1,True
2,108,0000001101100,13,14,1/14,1/1,True
2,109,0000001101101,13,14,1/14,1/1,True
2,110,0000001101110,13,14,1/14,1/1,True
2,111,0000001101111,13,14,1/14,1/1,True
2,112,0000001110000,13,14,1/14,1/1,True
2,113,0000001110001,13,14,1/14,1/1,True
2,114,0000001110010,13,14,1/14,1/1,True
2,115,0000001110011,13,14,1/14,1/1,True
2,116,0000001110100,13,14,1/14,1/1,True
2,117,0000001110101,13,14,1/14,1/1,True
2,118,0000001110110,13,14,1/14,1/1,True
2,119,0000001110111,13,14,1/14,1/1,True
2,120,0000001111000,13,14,1/14,1/1,True
2,121,0000001111001,13,14,1/14,1/1,True
2,122,0000001111010,13,14,1/14,1/1,True
2,123,0000001111011,13,14,1/14,1/1,True
2,124,0000001111100,13,14,1/14,1/1,True
2,125,0000001111101,13,14,1/14,1/1,True
2,126,0000001111110,13,14,1/14,1/1,True
2,127,0000001111111,13,14,1/14,1/1,True
2,128,000000010000000,15,16,1/16,1/1,True
2,129,000000010000001,15,16,1/16,1/1,True
2,130,000000010000010,15,16,1/16,1/1,True
2,131,000000010000011,15,16,1/16,1/1,True
2,132,000000010000100,15,16,1/16,1/1,True
2,133,000000010000101,15,16,1/16,1/1,True
2,134,000000010000110,15,16,1/16,1/1,True
2,135,000000010000111,15,16,1/16,1/1,True
2,136,000000010001000,15,16,1/16,1/1,True
2,137,000000010001001,15,16,1/16,1/1,True
2,138,000000010001010,15,16,1/16,1/1,True
2,139,000000010001011,15,16,1/16,1/1,True
2,140,000000010001100,15,16,1/16,1/1,True
2,141,000000010001101,15,16,1/16,1/1,True
2,142,000000010001110,15,16,1/16,1/1,True
2,143,000000010001111,15,16,1/16,1/1,True
2,144,000000010010000,15,16,1/16,1/1,True
2,145,000000010010001,15,16,1/16,1/1,True
2,146,000000010010010,15,16,1/16,1/1,True
2,147,000000010010011,15,16,1/16,1/1,True
2,148,000000010010100,15,16,1/16,1/1,True
2,149,000000010010101,15,16,1/16,1/1,True
2,150,000000010010110,15,16,1/16,1/1,True
2,151,000000010010111,15,16,1/16,1/1,True
2,152,000000010011000,15,16,1/16,1/1,True
2,153,000000010011001,15,16,1/16,1/1,True
2,154,000000010011010,15,16,1/16,1/1,True
2,155,000000010011011,15,16,1/16,1/1,True
2,156,000000010011100,15,16,1/16,1/1,True
2,157,000000010011101,15,16,1/16,1/1,True
2,158,000000010011110,15,16,1/16,1/1,True
2,159,000000010011111,15,16,1/16,1/1,True
2,160,000000010100000,15,16,1/16,1/1,True
2,161,000000010100001,15,16,1/16,1/1,True
2,162,000000010100010,15,16,1/16,1/1,True
2,163,000000010100011,15,16,1/16,1/1,True
2,164,000000010100100,15,16,1/16,1/1,True
2,165,000000010100101,15,16,1/16,1/1,True
2,166,000000010100110,15,16,1/16,1/1,True
2,167,000000010100111,15,16,1/16,1/1,True
2,168,000000010101000,15,16,1/16,1/1,True
2,169,000000010101001,15,16,1/16,1/1,True
2,170,000000010101010,15,16,1/16,1/1,True
2,171,000000010101011,15,16,1/16,1/1,True
2,172,000000010101100,15,16,1/16,1/1,True
2,173,000000010101101,15,16,1/16,1/1,True
2,174,000000010101110,15,16,1/16,1/1,True
2,175,000000010101111,15,16,1/16,1/1,True
2,176,000000010110000,15,16,1/16,1/1,True
2,177,000000010110001,15,16,1/16,1/1,True
2,178,000000010110010,15,16,1/16,1/1,True
2,179,000000010110011,15,16,1/16,1/1,True
2,180,000000010110100,15,16,1/16,1/1,True
2,181,000000010110101,15,16,1/16,1/1,True
2,182,000000010110110,15,16,1/16,1/1,True
2,183,000000010110111,15,16,1/16,1/1,True
2,184,000000010111000,15,16,1/16,1/1,True
2,185,000000010111001,15,16,1/16,1/1,True
2,186,000000010111010,15,16,1/16,1/1,True
2,187,000000010111011,15,16,1/16,1/1,True
2,188,000000010111100,15,16,1/16,1/1,True
2,189,000000010111101,15,16,1/16,1/1,True
2,190,000000010111110,15,16,1/16,1/1,True
2,191,000000010111111,15,16,1/16,1/1,True
2,192,000000011000000,15,16,1/16,1/1,True
2,193,000000011000001,15,16,1/16,1/1,True
2,194,000000011000010,15,16,1/16,1/1,True
2,195,000000011000011,15,16,1/16,1/1,True
2,196,000000011000100,15,16,1/16,1/1,True
2,197,000000011000101,15,16,1/16,1/1,True
2,198,000000011000110,15,16,1/16,1/1,True
2,199,000000011000111,15,16,1/16,1/1,True
2,200,000000011001000,15,16,1/16,1/1,True
2,201,000000011001001,15,16,1/16,1/1,True
2,202,000000011001010,15,16,1/16,1/1,True
2,203,000000011001011,15,16,1/16,1/1,True
2,204,000000011001100,15,16,1/16,1/1,True
2,205,000000011001101,15,16,1/16,1/1,True
2,206,000000011001110,15,16,1/16,1/1,True
2,207,000000011001111,15,16,1/16,1/1,True
2,208,000000011010000,15,16,1/16,1/1,True
2,209,000000011010001,15,16,1/16,1/1,True
2,210,000000011010010,15,16,1/16,1/1,True
2,211,000000011010011,15,16,1/16,1/1,True
2,212,000000011010100,15,16,1/16,1/1,True
2,213,000000011010101,15,16,1/16,1/1,True
2,214,000000011010110,15,16,1/16,1/1,True
2,215,000000011010111,15,16,1/16,1/1,True
2,216,000000011011000,15,16,1/16,1/1,True
2,217,000000011011001,15,16,1/16,1/1,True
2,218,000000011011010,15,16,1/16,1/1,True
2,219,000000011011011,15,16,1/16,1/1,True
2,220,000000011011100,15,16,1/16,1/1,True
2,221,000000011011101,15,16,1/16,1/1,True
2,222,000000011011110,15,16,1/16,1/1,True
2,223,000000011011111,15,16,1/16,1/1,True
2,224,000000011100000,15,16,1/16,1/1,True
2,225,000000011100001,15,16,1/16,1/1,True
2,226,000000011100010,15,16,1/16,1/1,True
2,227,000000011100011,15,16,1/16,1/1,True
2,228,000000011100100,15,16,1/16,1/1,True
2,229,000000011100101,15,16,1/16,1/1,True
2,230,000000011100110,15,16,1/16,1/1,True
2,231,000000011100111,15,16,1/16,1/1,True
2,232,000000011101000,15,16,1/16,1/1,True
2,233,000000011101001,15,16,1/16,1/1,True
2,234,000000011101010,15,16,1/16,1/1,True
2,235,000000011101011,15,16,1/16,1/1,True
2,236,000000011101100,15,16,1/16,1/1,True
2,237,000000011101101,15,16,1/16,1/1,True
2,238,000000011101110,15,16,1/16,1/1,True
2,239,000000011101111,15,16,1/16,1/1,True
2,240,000000011110000,15,16,1/16,1/1,True
2,241,000000011110001,15,16,1/16,1/1,True
2,242,000000011110010,15,16,1/16,1/1,True
2,243,000000011110011,15,16,1/16,1/1,True
2,244,000000011110100,15,16,1/16,1/1,True
2,245,000000011110101,15,16,1/16,1/1,True
2,246,000000011110110,15,16,1/16,1/1,True
2,247,000000011110111,15,16,1/16,1/1,True
2,248,000000011111000,15,16,1/16,1/1,True
2,249,000000011111001,15,16,1/16,1/1,True
2,250,000000011111010,15,16,1/16,1/1,True
2,251,000000011111011,15,16,1/16,1/1,True
2,252,000000011111100,15,16,1/16,1/1,True
2,253,000000011111101,15,16,1/16,1/1,True
2,254,000000011111110,15,16,1/16,1/1,True
2,255,000000011111111,15,16,1/16,1/1,True
2,256,00000000100000000,17,18,1/18,1/1,True
2,257,00000000100000001,17,18,1/18,1/1,True
2,258,00000000100000010,17,18,1/18,1/1,True
2,259,00000000100000011,17,18,1/18,1/1,True
2,260,00000000100000100,17,18,1/18,1/1,True
2,261,00000000100000101,17,18,1/18,1/1,True
2,262,00000000100000110,17,18,1/18,1/1,True
2,263,00000000100000111,17,18,1/18,1/1,True
2,264,00000000100001000,17,18,1/18,1/1,True
2,265,00000000100001001,17,18,1/18,1/1,True
2,266,00000000100001010,17,18,1/18,1/1,True
2,267,00000000100001011,17,18,1/18,1/1,True
2,268,00000000100001100,17,18,1/18,1/1,True
2,269,00000000100001101,17,18,1/18,1/1,True
2,270,00000000100001110,17,18,1/18,1/1,True
2,271,00000000100001111,17,18,1/18,1/1,True
2,272,00000000100010000,17,18,1/18,1/1,True
2,273,00000000100010001,17,18,1/18,1/1,True
2,274,00000000100010010,17,18,1/18,1/1,True
2,275,00000000100010011,17,18,1/18,1/1,True
2,276,00000000100010100,17,18,1/18,1/1,True
2,277,00000000100010101,17,18,1/18,1/1,True
2,278,00000000100010110,17,18,1/18,1/1,True
2,279,00000000100010111,17,18,1/18,1/1,True
2,280,00000000100011000,17,18,1/18,1/1,True
2,281,00000000100011001,17,18,1/18,1/1,True
2,282,00000000100011010,17,18,1/18,1/1,True
2,283,00000000100011011,17,18,1/18,1/1,True
2,284,00000000100011100,17,18,1/18,1/1,True
2,285,00000000100011101,17,18,1/18,1/1,True
2,286,00000000100011110,17,18,1/18,1/1,True
2,287,00000000100011111,17,18,1/18,1/1,True
2,288,00000000100100000,17,18,1/18,1/1,True
2,289,00000000100100001,17,18,1/18,1/1,True
2,290,00000000100100010,17,18,1/18,1/1,True
2,291,00000000100100011,17,18,1/18,1/1,True
2,292,00000000100100100,17,18,1/18,1/1,True
2,293,00000000100100101,17,18,1/18,1/1,True
2,294,00000000100100110,17,18,1/18,1/1,True
2,295,00000000100100111,17,18,1/18,1/1,True
2,296,00000000100101000,17,18,1/18,1/1,True
2,297,00000000100101001,17,18,1/18,1/1,True
2,298,00000000100101010,17,18,1/18,1/1,True
2,299,00000000100101011,17,18,1/18,1/1,True
2,300,00000000100101100,17,18,1/18,1/1,True
2,301,00000000100101101,17,18,1/18,1/1,True
2,302,00000000100101110,17,18,1/18,1/1,True
2,303,00000000100101111,17,18,1/18,1/1,True
2,304,00000000100110000,17,18,1/18,1/1,True
2,305,00000000100110001,17,18,1/18,1/1,True
2,306,00000000100110010,17,18,1/18,1/1,True
2,307,00000000100110011,17,18,1/18,1/1,True
2,308,00000000100110100,17,18,1/18,1/1,True
2,309,00000000100110101,17,18,1/18,1/1,True
2,310,00000000100110110,17,18,1/18,1/1,True
2,311,00000000100110111,17,18,1/18,1/1,True
2,312,00000000100111000,17,18,1/18,1/1,True
2,313,00000000100111001,17,18,1/18,1/1,True
2,314,00000000100111010,17,18,1/18,1/1,True
2,315,00000000100111011,17,18,1/18,1/1,True
2,316,00000000100111100,17,18,1/18,1/1,True
2,317,00000000100111101,17,18,1/18,1/1,True
2,318,00000000100111110,17,18,1/18,1/1,True
2,319,00000000100111111,17,18,1/18,1/1,True
2,320,00000000101000000,17,18,1/18,1/1,True
2,321,00000000101000001,17,18,1/18,1/1,True
2,322,00000000101000010,17,18,1/18,1/1,True
2,323,00000000101000011,17,18,1/18,1/1,True
2,324,00000000101000100,17,18,1/18,1/1,True
2,325,00000000101000101,17,18,1/18,1/1,True
2,326,00000000101000110,17,18,1/18,1/1,True
2,327,00000000101000111,17,18,1/18,1/1,True
2,328,00000000101001000,17,18,1/18,1/1,True
2,329,00000000101001001,17,18,1/18,1/1,True
2,330,00000000101001010,17,18,1/18,1/1,True
2,331,00000000101001011,17,18,1/18,1/1,True
2,332,00000000101001100,17,18,1/18,1/1,True
2,333,00000000101001101,17,18,1/18,1/1,True
2,334,00000000101001110,17,18,1/18,1/1,True
2,335,00000000101001111,17,18,1/18,1/1,True
2,336,00000000101010000,17,18,1/18,1/1,True
2,337,00000000101010001,17,18,1/18,1/1,True
2,338,00000000101010010,17,18,1/18,1/1,True
2,339,00000000101010011,17,18,1/18,1/1,True
2,340,00000000101010100,17,18,1/18,1/1,True
2,341,00000000101010101,17,18,1/18,1/1,True
2,342,00000000101010110,17,18,1/18,1/1,True
2,343,00000000101010111,17,18,1/18,1/1,True
2,344,00000000101011000,17,18,1/18,1/1,True
2,345,00000000101011001,17,18,1/18,1/1,True
2,346,00000000101011010,17,18,1/18,1/1,True
2,347,00000000101011011,17,18,1/18,1/1,True
2,348,00000000101011100,17,18,1/18,1/1,True
2,349,00000000101011101,17,18,1/18,1/1,True
2,350,00000000101011110,17,18,1/18,1/1,True
2,351,00000000101011111,17,18,1/18,1/1,True
2,352,00000000101100000,17,18,1/18,1/1,True
2,353,00000000101100001,17,18,1/18,1/1,True
2,354,00000000101100010,17,18,1/18,1/1,True
2,355,00000000101100011,17,18,1/18,1/1,True
2,356,00000000101100100,17,18,1/18,1/1,True
2,357,00000000101100101,17,18,1/18,1/1,True
2,358,00000000101100110,17,18,1/18,1/1,True
2,359,00000000101100111,17,18,1/18,1/1,True
2,360,00000000101101000,17,18,1/18,1/1,True
2,361,00000000101101001,17,18,1/18,1/1,True
2,362,00000000101101010,17,18,1/18,1/1,True
2,363,00000000101101011,17,18,1/18,1/1,True
2,364,00000000101101100,17,18,1/18,1/1,True
2,365,00000000101101101,17,18,1/18,1/1,True
2,366,00000000101101110,17,18,1/18,1/1,True
2,367,00000000101101111,17,18,1/18,1/1,True
2,368,00000000101110000,17,18,1/18,1/1,True
2,369,00000000101110001,17,18,1/18,1/1,True
2,370,00000000101110010,17,18,1/18,1/1,True
2,371,00000000101110011,17,18,1/18,1/1,True
2,372,00000000101110100,17,18,1/18,1/1,True
2,373,00000000101110101,17,18,1/18,1/1,True
2,374,00000000101110110,17,18,1/18,1/1,True
2,375,00000000101110111,17,18,1/18,1/1,True
2,376,00000000101111000,17,18,1/18,1/1,True
2,377,00000000101111001,17,18,1/18,1/1,True
2,378,00000000101111010,17,18,1/18,1/1,True
2,379,00000000101111011,17,18,1/18,1/1,True
2,380,00000000101111100,17,18,1/18,1/1,True
2,381,00000000101111101,17,18,1/18,1/1,True
2,382,00000000101111110,17,18,1/18,1/1,True
2,383,00000000101111111,17,18,1/18,1/1,True
2,384,00000000110000000,17,18,1/18,1/1,True
2,385,00000000110000001,17,18,1/18,1/1,True
2,386,00000000110000010,17,18,1/18,1/1,True
2,387,00000000110000011,17,18,1/18,1/1,True
2,388,00000000110000100,17,18,1/18,1/1,True
2,389,00000000110000101,17,18,1/18,1/1,True
2,390,00000000110000110,17,18,1/18,1/1,True
2,391,00000000110000111,17,18,1/18,1/1,True
2,392,00000000110001000,17,18,1/18,1/1,True
2,393,00000000110001001,17,18,1/18,1/1,True
2,394,00000000110001010,17,18,1/18,1/1,True
2,395,00000000110001011,17,18,1/18,1/1,True
2,396,00000000110001100,17,18,1/18,1/1,True
2,397,00000000110001101,17,18,1/18,1/1,True
2,398,00000000110001110,17,18,1/18,1/1,True
2,399,00000000110001111,17,18,1/18,1/1,True
2,400,00000000110010000,17,18,1/18,1/1,True
2,401,00000000110010001,17,18,1/18,1/1,True
2,402,00000000110010010,17,18,1/18,1/1,True
2,403,00000000110010011,17,18,1/18,1/1,True
2,404,00000000110010100,17,18,1/18,1/1,True
2,405,00000000110010101,17,18,1/18,1/1,True
2,406,00000000110010110,17,18,1/18,1/1,True
2,407,00000000110010111,17,18,1/18,1/1,True
2,408,00000000110011000,17,18,1/18,1/1,True
2,409,00000000110011001,17,18,1/18,1/1,True
2,410,00000000110011010,17,18,1/18,1/1,True
2,411,00000000110011011,17,18,1/18,1/1,True
2,412,00000000110011100,17,18,1/18,1/1,True
2,413,00000000110011101,17,18,1/18,1/1,True
2,414,00000000110011110,17,18,1/18,1/1,True
2,415,00000000110011111,17,18,1/18,1/1,True
2,416,00000000110100000,17,18,1/18,1/1,True
2,417,00000000110100001,17,18,1/18,1/1,True
2,418,00000000110100010,17,18,1/18,1/1,True
2,419,00000000110100011,17,18,1/18,1/1,True
2,420,00000000110100100,17,18,1/18,1/1,True
2,421,00000000110100101,17,18,1/18,1/1,True
2,422,00000000110100110,17,18,1/18,1/1,True
2,423,00000000110100111,17,18,1/18,1/1,True
2,424,00000000110101000,17,18,1/18,1/1,True
2,425,00000000110101001,17,18,1/18,1/1,True
2,426,00000000110101010,17,18,1/18,1/1,True
2,427,00000000110101011,17,18,1/18,1/1,True
2,428,00000000110101100,17,18,1/18,1/1,True
2,429,00000000110101101,17,18,1/18,1/1,True
2,430,00000000110101110,17,18,1/18,1/1,True
2,431,00000000110101111,17,18,1/18,1/1,True
2,432,00000000110110000,17,18,1/18,1/1,True
2,433,00000000110110001,17,18,1/18,1/1,True
2,434,00000000110110010,17,18,1/18,1/1,True
2,435,00000000110110011,17,18,1/18,1/1,True
2,436,00000000110110100,17,18,1/18,1/1,True
2,437,00000000110110101,17,18,1/18,1/1,True
2,438,00000000110110110,17,18,1/18,1/1,True
2,439,00000000110110111,17,18,1/18,1/1,True
2,440,00000000110111000,17,18,1/18,1/1,True
2,441,00000000110111001,17,18,1/18,1/1,True
2,442,00000000110111010,17,18,1/18,1/1,True
2,443,00000000110111011,17,18,1/18,1/1,True
2,444,00000000110111100,17,18,1/18,1/1,True
2,445,00000000110111101,17,18,1/18,1/1,True
2,446,00000000110111110,17,18,1/18,1/1,True
2,447,00000000110111111,17,18,1/18,1/1,True
2,448,00000000111000000,17,18,1/18,1/1,True
2,449,00000000111000001,17,18,1/18,1/1,True
2,450,00000000111000010,17,18,1/18,1/1,True
2,451,00000000111000011,17,18,1/18,1/1,True
2,452,00000000111000100,17,18,1/18,1/1,True
2,453,00000000111000101,17,18,1/18,1/1,True
2,454,00000000111000110,17,18,1/18,1/1,True
2,455,00000000111000111,17,18,1/18,1/1,True
2,456,00000000111001000,17,18,1/18,1/1,True
2,457,00000000111001001,17,18,1/18,1/1,True
2,458,00000000111001010,17,18,1/18,1/1,True
2,459,00000000111001011,17,18,1/18,1/1,True
2,460,00000000111001100,17,18,1/18,1/1,True
2,461,00000000111001101,17,18,1/18,1/1,True
2,462,00000000111001110,17,18,1/18,1/1,True
2,463,00000000111001111,17,18,1/18,1/1,True
2,464,00000000111010000,17,18,1/18,1/1,True
2,465,00000000111010001,17,18,1/18,1/1,True
2,466,00000000111010010,17,18,1/18,1/1,True
2,467,00000000111010011,17,18,1/18,1/1,True
2,468,00000000111010100,17,18,1/18,1/1,True
2,469,00000000111010101,17,18,1/18,1/1,True
2,470,00000000111010110,17,18,1/18,1/1,True
2,471,00000000111010111,17,18,1/18,1/1,True
2,472,00000000111011000,17,18,1/18,1/1,True
2,473,00000000111011001,17,18,1/18,1/1,True
2,474,00000000111011010,17,18,1/18,1/1,True
2,475,00000000111011011,17,18,1/18,1/1,True
2,476,00000000111011100,17,18,1/18,1/1,True
2,477,00000000111011101,17,18,1/18,1/1,True
2,478,00000000111011110,17,18,1/18,1/1,True
2,479,00000000111011111,17,18,1/18,1/1,True
2,480,00000000111100000,17,18,1/18,1/1,True
2,481,00000000111100001,17,18,1/18,1/1,True
2,482,00000000111100010,17,18,1/18,1/1,True
2,483,00000000111100011,17,18,1/18,1/1,True
2,484,00000000111100100,17,18,1/18,1/1,True
2,485,00000000111100101,17,18,1/18,1/1,True
2,486,00000000111100110,17,18,1/18,1/1,True
2,487,00000000111100111,17,18,1/18,1/1,True
2,488,00000000111101000,17,18,1/18,1/1,True
2,489,00000000111101001,17,18,1/18,1/1,True
2,490,00000000111101010,17,18,1/18,1/1,True
2,491,00000000111101011,17,18,1/18,1/1,True
2,492,00000000111101100,17,18,1/18,1/1,True
2,493,00000000111101101,17,18,1/18,1/1,True
2,494,00000000111101110,17,18,1/18,1/1,True
2,495,00000000111101111,17,18,1/18,1/1,True
2,496,00000000111110000,17,18,1/18,1/1,True
2,497,00000000111110001,17,18,1/18,1/1,True
2,498,00000000111110010,17,18,1/18,1/1,True
2,499,00000000111110011,17,18,1/18,1/1,True
2,500,00000000111110100,17,18,1/18,1/1,True
2,501,00000000111110101,17,18,1/18,1/1,True
2,502,00000000111110110,17,18,1/18,1/1,True
2,503,00000000111110111,17,18,1/18,1/1,True
2,504,00000000111111000,17,18,1/18,1/1,True
2,505,00000000111111001,17,18,1/18,1/1,True
2,506,00000000111111010,17,18,1/18,1/1,True
2,507,00000000111111011,17,18,1/18,1/1,True
2,508,00000000111111100,17,18,1/18,1/1,True
2,509,00000000111111101,17,18,1/18,1/1,True
2,510,00000000111111110,17,18,1/18,1/1,True
2,511,00000000111111111,17,18,1/18,1/1,True
2,512,0000000001000000000,19,20,1/20,1/1,True
2,513,0000000001000000001,19,20,1/20,1/1,True
2,514,0000000001000000010,19,20,1/20,1/1,True
2,515,0000000001000000011,19,20,1/20,1/1,True
2,516,0000000001000000100,19,20,1/20,1/1,True
2,517,0000000001000000101,19,20,1/20,1/1,True
2,518,0000000001000000110,19,20,1/20,1/1,True
2,519,0000000001000000111,19,20,1/20,1/1,True
2,520,0000000001000001000,19,20,1/20,1/1,True
2,521,0000000001000001001,19,20,1/20,1/1,True
2,522,0000000001000001010,19,20,1/20,1/1,True
2,523,0000000001000001011,19,20,1/20,1/1,True
2,524,0000000001000001100,19,20,1/20,1/1,True
2,525,0000000001000001101,19,20,1/20,1/1,True
2,526,0000000001000001110,19,20,1/20,1/1,True
2,527,0000000001000001111,19,20,1/20,1/1,True
2,528,0000000001000010000,19,20,1/20,1/1,True
2,529,0000000001000010001,19,20,1/20,1/1,True
2,530,0000000001000010010,19,20,1/20,1/1,True
2,531,0000000001000010011,19,20,1/20,1/1,True
2,532,0000000001000010100,19,20,1/20,1/1,True
2,533,0000000001000010101,19,20,1/20,1/1,True
2,534,0000000001000010110,19,20,1/20,1/1,True
2,535,0000000001000010111,19,20,1/20,1/1,True
2,536,0000000001000011000,19,20,1/20,1/1,True
2,537,0000000001000011001,19,20,1/20,1/1,True
2,538,0000000001000011010,19,20,1/20,1/1,True
2,539,0000000001000011011,19,20,1/20,1/1,True
2,540,0000000001000011100,19,20,1/20,1/1,True
2,541,0000000001000011101,19,20,1/20,1/1,True
2,542,0000000001000011110,19,20,1/20,1/1,True
2,543,0000000001000011111,19,20,1/20,1/1,True
2,544,0000000001000100000,19,20,1/20,1/1,True
2,545,0000000001000100001,19,20,1/20,1/1,True
2,546,0000000001000100010,19,20,1/20,1/1,True
2,547,0000000001000100011,19,20,1/20,1/1,True
2,548,0000000001000100100,19,20,1/20,1/1,True
2,549,0000000001000100101,19,20,1/20,1/1,True
2,550,0000000001000100110,19,20,1/20,1/1,True
2,551,0000000001000100111,19,20,1/20,1/1,True
2,552,0000000001000101000,19,20,1/20,1/1,True
2,553,0000000001000101001,19,20,1/20,1/1,True
2,554,0000000001000101010,19,20,1/20,1/1,True
2,555,0000000001000101011,19,20,1/20,1/1,True
2,556,0000000001000101100,19,20,1/20,1/1,True
2,557,0000000001000101101,19,20,1/20,1/1,True
2,558,0000000001000101110,19,20,1/20,1/1,True
2,559,0000000001000101111,19,20,1/20,1/1,True
2,560,0000000001000110000,19,20,1/20,1/1,True
2,561,0000000001000110001,19,20,1/20,1/1,True
2,562,0000000001000110010,19,20,1/20,1/1,True
2,563,0000000001000110011,19,20,1/20,1/1,True
2,564,0000000001000110100,19,20,1/20,1/1,True
2,565,0000000001000110101,19,20,1/20,1/1,True
2,566,0000000001000110110,19,20,1/20,1/1,True
2,567,0000000001000110111,19,20,1/20,1/1,True
2,568,0000000001000111000,19,20,1/20,1/1,True
2,569,0000000001000111001,19,20,1/20,1/1,True
2,570,0000000001000111010,19,20,1/20,1/1,True
2,571,0000000001000111011,19,20,1/20,1/1,True
2,572,0000000001000111100,19,20,1/20,1/1,True
2,573,0000000001000111101,19,20,1/20,1/1,True
2,574,0000000001000111110,19,20,1/20,1/1,True
2,575,0000000001000111111,19,20,1/20,1/1,True
2,576,0000000001001000000,19,20,1/20,1/1,True
2,577,0000000001001000001,19,20,1/20,1/1,True
2,578,0000000001001000010,19,20,1/20,1/1,True
2,579,0000000001001000011,19,20,1/20,1/1,True
2,580,0000000001001000100,19,20,1/20,1/1,True
2,581,0000000001001000101,19,20,1/20,1/1,True
2,582,0000000001001000110,19,20,1/20,1/1,True
2,583,0000000001001000111,19,20,1/20,1/1,True
2,584,0000000001001001000,19,20,1/20,1/1,True
2,585,0000000001001001001,19,20,1/20,1/1,True
2,586,0000000001001001010,19,20,1/20,1/1,True
2,587,0000000001001001011,19,20,1/20,1/1,True
2,588,0000000001001001100,19,20,1/20,1/1,True
2,589,0000000001001001101,19,20,1/20,1/1,True
2,590,0000000001001001110,19,20,1/20,1/1,True
2,591,0000000001001001111,19,20,1/20,1/1,True
2,592,0000000001001010000,19,20,1/20,1/1,True
2,593,0000000001001010001,19,20,1/20,1/1,True
2,594,0000000001001010010,19,20,1/20,1/1,True
2,595,0000000001001010011,19,20,1/20,1/1,True
2,596,0000000001001010100,19,20,1/20,1/1,True
2,597,0000000001001010101,19,20,1/20,1/1,True
2,598,0000000001001010110,19,20,1/20,1/1,True
2,599,0000000001001010111,19,20,1/20,1/1,True
2,600,0000000001001011000,19,20,1/20,1/1,True
2,601,0000000001001011001,19,20,1/20,1/1,True
2,602,0000000001001011010,19,20,1/20,1/1,True
2,603,0000000001001011011,19,20,1/20,1/1,True
2,604,0000000001001011100,19,20,1/20,1/1,True
2,605,0000000001001011101,19,20,1/20,1/1,True
2,606,0000000001001011110,19,20,1/20,1/1,True
2,607,0000000001001011111,19,20,1/20,1/1,True
2,608,0000000001001100000,19,20,1/20,1/1,True
2,609,0000000001001100001,19,20,1/20,1/1,True
2,610,0000000001001100010,19,20,1/20,1/1,True
2,611,0000000001001100011,19,20,1/20,1/1,True
2,612,0000000001001100100,19,20,1/20,1/1,True
2,613,0000000001001100101,19,20,1/20,1/1,True
2,614,0000000001001100110,19,20,1/20,1/1,True
2,615,0000000001001100111,19,20,1/20,1/1,True
2,616,0000000001001101000,19,20,1/20,1/1,True
2,617,0000000001001101001,19,20,1/20,1/1,True
2,618,0000000001001101010,19,20,1/20,1/1,True
2,619,0000000001001101011,19,20,1/20,1/1,True
2,620,0000000001001101100,19,20,1/20,1/1,True
2,621,0000000001001101101,19,20,1/20,1/1,True
2,622,0000000001001101110,19,20,1/20,1/1,True
2,623,0000000001001101111,19,20,1/20,1/1,True
2,624,0000000001001110000,19,20,1/20,1/1,True
2,625,0000000001001110001,19,20,1/20,1/1,True
2,626,0000000001001110010,19,20,1/20,1/1,True
2,627,0000000001001110011,19,20,1/20,1/1,True
2,628,0000000001001110100,19,20,1/20,1/1,True
2,629,0000000001001110101,19,20,1/20,1/1,True
2,630,0000000001001110110,19,20,1/20,1/1,True
2,631,0000000001001110111,19,20,1/20,1/1,True
2,632,0000000001001111000,19,20,1/20,1/1,True
2,633,0000000001001111001,19,20,1/20,1/1,True
2,634,0000000001001111010,19,20,1/20,1/1,True
2,635,0000000001001111011,19,20,1/20,1/1,True
2,636,0000000001001111100,19,20,1/20,1/1,True
2,637,0000000001001111101,19,20,1/20,1/1,True
2,638,0000000001001111110,19,20,1/20,1/1,True
2,639,0000000001001111111,19,20,1/20,1/1,True
2,640,0000000001010000000,19,20,1/20,1/1,True
2,641,0000000001010000001,19,20,1/20,1/1,True
2,642,0000000001010000010,19,20,1/20,1/1,True
2,643,0000000001010000011,19,20,1/20,1/1,True
2,644,0000000001010000100,19,20,1/20,1/1,True
2,645,0000000001010000101,19,20,1/20,1/1,True
2,646,0000000001010000110,19,20,1/20,1/1,True
2,647,0000000001010000111,19,20,1/20,1/1,True
2,648,0000000001010001000,19,20,1/20,1/1,True
2,649,0000000001010001001,19,20,1/20,1/1,True
2,650,0000000001010001010,19,20,1/20,1/1,True
2,651,0000000001010001011,19,20,1/20,1/1,True
2,652,0000000001010001100,19,20,1/20,1/1,True
2,653,0000000001010001101,19,20,1/20,1/1,True
2,654,0000000001010001110,19,20,1/20,1/1,True
2,655,0000000001010001111,19,20,1/20,1/1,True
2,656,0000000001010010000,19,20,1/20,1/1,True
2,657,0000000001010010001,19,20,1/20,1/1,True
2,658,0000000001010010010,19,20,1/20,1/1,True
2,659,0000000001010010011,19,20,1/20,1/1,True
2,660,0000000001010010100,19,20,1/20,1/1,True
2,661,0000000001010010101,19,20,1/20,1/1,True
2,662,0000000001010010110,19,20,1/20,1/1,True
2,663,0000000001010010111,19,20,1/20,1/1,True
2,664,0000000001010011000,19,20,1/20,1/1,True
2,665,0000000001010011001,19,20,1/20,1/1,True
2,666,0000000001010011010,19,20,1/20,1/1,True
2,667,0000000001010011011,19,20,1/20,1/1,True
2,668,0000000001010011100,19,20,1/20,1/1,True
2,669,0000000001010011101,19,20,1/20,1/1,True
2,670,0000000001010011110,19,20,1/20,1/1,True
2,671,0000000001010011111,19,20,1/20,1/1,True
2,672,0000000001010100000,19,20,1/20,1/1,True
2,673,0000000001010100001,19,20,1/20,1/1,True
2,674,0000000001010100010,19,20,1/20,1/1,True
2,675,0000000001010100011,19,20,1/20,1/1,True
2,676,0000000001010100100,19,20,1/20,1/1,True
2,677,0000000001010100101,19,20,1/20,1/1,True
2,678,0000000001010100110,19,20,1/20,1/1,True
2,679,0000000001010100111,19,20,1/20,1/1,True
2,680,0000000001010101000,19,20,1/20,1/1,True
2,681,0000000001010101001,19,20,1/20,1/1,True
2,682,0000000001010101010,19,20,1/20,1/1,True
2,683,0000000001010101011,19,20,1/20,1/1,True
2,684,0000000001010101100,19,20,1/20,1/1,True
2,685,0000000001010101101,19,20,1/20,1/1,True
2,686,0000000001010101110,19,20,1/20,1/1,True
2,687,0000000001010101111,19,20,1/20,1/1,True
2,688,0000000001010110000,19,20,1/20,1/1,True
2,689,0000000001010110001,19,20,1/20,1/1,True
2,690,0000000001010110010,19,20,1/20,1/1,True
2,691,0000000001010110011,19,20,1/20,1/1,True
2,692,0000000001010110100,19,20,1/20,1/1,True
2,693,0000000001010110101,19,20,1/20,1/1,True
2,694,0000000001010110110,19,20,1/20,1/1,True
2,695,0000000001010110111,19,20,1/20,1/1,True
2,696,0000000001010111000,19,20,1/20,1/1,True
2,697,0000000001010111001,19,20,1/20,1/1,True
2,698,0000000001010111010,19,20,1/20,1/1,True
2,699,0000000001010111011,19,20,1/20,1/1,True
2,700,0000000001010111100,19,20,1/20,1/1,True
2,701,0000000001010111101,19,20,1/20,1/1,True
2,702,0000000001010111110,19,20,1/20,1/1,True
2,703,0000000001010111111,19,20,1/20,1/1,True
2,704,0000000001011000000,19,20,1/20,1/1,True
2,705,0000000001011000001,19,20,1/20,1/1,True
2,706,0000000001011000010,19,20,1/20,1/1,True
2,707,0000000001011000011,19,20,1/20,1/1,True
2,708,0000000001011000100,19,20,1/20,1/1,True
2,709,0000000001011000101,19,20,1/20,1/1,True
2,710,0000000001011000110,19,20,1/20,1/1,True
2,711,0000000001011000111,19,20,1/20,1/1,True
2,712,0000000001011001000,19,20,1/20,1/1,True
2,713,0000000001011001001,19,20,1/20,1/1,True
2,714,0000000001011001010,19,20,1/20,1/1,True
2,715,0000000001011001011,19,20,1/20,1/1,True
2,716,0000000001011001100,19,20,1/20,1/1,True
2,717,0000000001011001101,19,20,1/20,1/1,True
2,718,0000000001011001110,19,20,1/20,1/1,True
2,719,0000000001011001111,19,20,1/20,1/1,True
2,720,0000000001011010000,19,20,1/20,1/1,True
2,721,0000000001011010001,19,20,1/20,1/1,True
2,722,0000000001011010010,19,20,1/20,1/1,True
2,723,0000000001011010011,19,20,1/20,1/1,True
2,724,0000000001011010100,19,20,1/20,1/1,True
2,725,0000000001011010101,19,20,1/20,1/1,True
2,726,0000000001011010110,19,20,1/20,1/1,True
2,727,0000000001011010111,19,20,1/20,1/1,True
2,728,0000000001011011000,19,20,1/20,1/1,True
2,729,0000000001011011001,19,20,1/20,1/1,True
2,730,0000000001011011010,19,20,1/20,1/1,True
2,731,0000000001011011011,19,20,1/20,1/1,True
2,732,0000000001011011100,19,20,1/20,1/1,True
2,733,0000000001011011101,19,20,1/20,1/1,True
2,734,0000000001011011110,19,20,1/20,1/1,True
2,735,0000000001011011111,19,20,1/20,1/1,True
2,736,0000000001011100000,19,20,1/20,1/1,True
2,737,0000000001011100001,19,20,1/20,1/1,True
2,738,0000000001011100010,19,20,1/20,1/1,True
2,739,0000000001011100011,19,20,1/20,1/1,True
2,740,0000000001011100100,19,20,1/20,1/1,True
2,741,0000000001011100101,19,20,1/20,1/1,True
2,742,0000000001011100110,19,20,1/20,1/1,True
2,743,0000000001011100111,19,20,1/20,1/1,True
2,744,0000000001011101000,19,20,1/20,1/1,True
2,745,0000000001011101001,19,20,1/20,1/1,True
2,746,0000000001011101010,19,20,1/20,1/1,True
2,747,0000000001011101011,19,20,1/20,1/1,True
2,748,0000000001011101100,19,20,1/20,1/1,True
2,749,0000000001011101101,19,20,1/20,1/1,True
2,750,0000000001011101110,19,20,1/20,1/1,True
2,751,0000000001011101111,19,20,1/20,1/1,True
2,752,0000000001011110000,19,20,1/20,1/1,True
2,753,0000000001011110001,19,20,1/20,1/1,True
2,754,0000000001011110010,19,20,1/20,1/1,True
2,755,0000000001011110011,19,20,1/20,1/1,True
2,756,0000000001011110100,19,20,1/20,1/1,True
2,757,0000000001011110101,19,20,1/20,1/1,True
2,758,0000000001011110110,19,20,1/20,1/1,True
2,759,0000000001011110111,19,20,1/20,1/1,True
2,760,0000000001011111000,19,20,1/20,1/1,True
2,761,0000000001011111001,19,20,1/20,1/1,True
2,762,0000000001011111010,19,20,1/20,1/1,True
2,763,0000000001011111011,19,20,1/20,1/1,True
2,764,0000000001011111100,19,20,1/20,1/1,True
2,765,0000000001011111101,19,20,1/20,1/1,True
2,766,0000000001011111110,19,20,1/20,1/1,True
2,767,0000000001011111111,19,20,1/20,1/1,True
2,768,0000000001100000000,19,20,1/20,1/1,True
2,769,0000000001100000001,19,20,1/20,1/1,True
2,770,0000000001100000010,19,20,1/20,1/1,True
2,771,0000000001100000011,19,20,1/20,1/1,True
2,772,0000000001100000100,19,20,1/20,1/1,True
2,773,0000000001100000101,19,20,1/20,1/1,True
2,774,0000000001100000110,19,20,1/20,1/1,True
2,775,0000000001100000111,19,20,1/20,1/1,True
2,776,0000000001100001000,19,20,1/20,1/1,True
2,777,0000000001100001001,19,20,1/20,1/1,True
2,778,0000000001100001010,19,20,1/20,1/1,True
2,779,0000000001100001011,19,20,1/20,1/1,True
2,780,0000000001100001100,19,20,1/20,1/1,True
2,781,0000000001100001101,19,20,1/20,1/1,True
2,782,0000000001100001110,19,20,1/20,1/1,True
2,783,0000000001100001111,19,20,1/20,1/1,True
2,784,0000000001100010000,19,20,1/20,1/1,True
2,785,0000000001100010001,19,20,1/20,1/1,True
2,786,0000000001100010010,19,20,1/20,1/1,True
2,787,0000000001100010011,19,20,1/20,1/1,True
2,788,0000000001100010100,19,20,1/20,1/1,True
2,789,0000000001100010101,19,20,1/20,1/1,True
2,790,0000000001100010110,19,20,1/20,1/1,True
2,791,0000000001100010111,19,20,1/20,1/1,True
2,792,0000000001100011000,19,20,1/20,1/1,True
2,793,0000000001100011001,19,20,1/20,1/1,True
2,794,0000000001100011010,19,20,1/20,1/1,True
2,795,0000000001100011011,19,20,1/20,1/1,True
2,796,0000000001100011100,19,20,1/20,1/1,True
2,797,0000000001100011101,19,20,1/20,1/1,True
2,798,0000000001100011110,19,20,1/20,1/1,True
2,799,0000000001100011111,19,20,1/20,1/1,True
2,800,0000000001100100000,19,20,1/20,1/1,True
2,801,0000000001100100001,19,20,1/20,1/1,True
2,802,0000000001100100010,19,20,1/20,1/1,True
2,803,0000000001100100011,19,20,1/20,1/1,True
2,804,0000000001100100100,19,20,1/20,1/1,True
2,805,0000000001100100101,19,20,1/20,1/1,True
2,806,0000000001100100110,19,20,1/20,1/1,True
2,807,0000000001100100111,19,20,1/20,1/1,True
2,808,0000000001100101000,19,20,1/20,1/1,True
2,809,0000000001100101001,19,20,1/20,1/1,True
2,810,0000000001100101010,19,20,1/20,1/1,True
2,811,0000000001100101011,19,20,1/20,1/1,True
2,812,0000000001100101100,19,20,1/20,1/1,True
2,813,0000000001100101101,19,20,1/20,1/1,True
2,814,0000000001100101110,19,20,1/20,1/1,True
2,815,0000000001100101111,19,20,1/20,1/1,True
2,816,0000000001100110000,19,20,1/20,1/1,True
2,817,0000000001100110001,19,20,1/20,1/1,True
2,818,0000000001100110010,19,20,1/20,1/1,True
2,819,0000000001100110011,19,20,1/20,1/1,True
2,820,0000000001100110100,19,20,1/20,1/1,True
2,821,0000000001100110101,19,20,1/20,1/1,True
2,822,0000000001100110110,19,20,1/20,1/1,True
2,823,0000000001100110111,19,20,1/20,1/1,True
2,824,0000000001100111000,19,20,1/20,1/1,True
2,825,0000000001100111001,19,20,1/20,1/1,True
2,826,0000000001100111010,19,20,1/20,1/1,True
2,827,0000000001100111011,19,20,1/20,1/1,True
2,828,0000000001100111100,19,20,1/20,1/1,True
2,829,0000000001100111101,19,20,1/20,1/1,True
2,830,0000000001100111110,19,20,1/20,1/1,True
2,831,0000000001100111111,19,20,1/20,1/1,True
2,832,0000000001101000000,19,20,1/20,1/1,True
2,833,0000000001101000001,19,20,1/20,1/1,True
2,834,0000000001101000010,19,20,1/20,1/1,True
2,835,0000000001101000011,19,20,1/20,1/1,True
2,836,0000000001101000100,19,20,1/20,1/1,True
2,837,0000000001101000101,19,20,1/20,1/1,True
2,838,0000000001101000110,19,20,1/20,1/1,True
2,839,0000000001101000111,19,20,1/20,1/1,True
2,840,0000000001101001000,19,20,1/20,1/1,True
2,841,0000000001101001001,19,20,1/20,1/1,True
2,842,0000000001101001010,19,20,1/20,1/1,True
2,843,0000000001101001011,19,20,1/20,1/1,True
2,844,0000000001101001100,19,20,1/20,1/1,True
2,845,0000000001101001101,19,20,1/20,1/1,True
2,846,0000000001101001110,19,20,1/20,1/1,True
2,847,0000000001101001111,19,20,1/20,1/1,True
2,848,0000000001101010000,19,20,1/20,1/1,True
2,849,0000000001101010001,19,20,1/20,1/1,True
2,850,0000000001101010010,19,20,1/20,1/1,True
2,851,0000000001101010011,19,20,1/20,1/1,True
2,852,0000000001101010100,19,20,1/20,1/1,True
2,853,0000000001101010101,19,20,1/20,1/1,True
2,854,0000000001101010110,19,20,1/20,1/1,True
2,855,0000000001101010111,19,20,1/20,1/1,True
2,856,0000000001101011000,19,20,1/20,1/1,True
2,857,0000000001101011001,19,20,1/20,1/1,True
2,858,0000000001101011010,19,20,1/20,1/1,True
2,859,0000000001101011011,19,20,1/20,1/1,True
2,860,0000000001101011100,19,20,1/20,1/1,True
2,861,0000000001101011101,19,20,1/20,1/1,True
2,862,0000000001101011110,19,20,1/20,1/1,True
2,863,0000000001101011111,19,20,1/20,1/1,True
2,864,0000000001101100000,19,20,1/20,1/1,True
2,865,0000000001101100001,19,20,1/20,1/1,True
2,866,0000000001101100010,19,20,1/20,1/1,True
2,867,0000000001101100011,19,20,1/20,1/1,True
2,868,0000000001101100100,19,20,1/20,1/1,True
2,869,0000000001101100101,19,20,1/20,1/1,True
2,870,0000000001101100110,19,20,1/20,1/1,True
2,871,0000000001101100111,19,20,1/20,1/1,True
2,872,0000000001101101000,19,20,1/20,1/1,True
2,873,0000000001101101001,19,20,1/20,1/1,True
2,874,0000000001101101010,19,20,1/20,1/1,True
2,875,0000000001101101011,19,20,1/20,1/1,True
2,876,0000000001101101100,19,20,1/20,1/1,True
2,877,0000000001101101101,19,20,1/20,1/1,True
2,878,0000000001101101110,19,20,1/20,1/1,True
2,879,0000000001101101111,19,20,1/20,1/1,True
2,880,0000000001101110000,19,20,1/20,1/1,True
2,881,0000000001101110001,19,20,1/20,1/1,True
2,882,0000000001101110010,19,20,1/20,1/1,True
2,883,0000000001101110011,19,20,1/20,1/1,True
2,884,0000000001101110100,19,20,1/20,1/1,True
2,885,0000000001101110101,19,20,1/20,1/1,True
2,886,0000000001101110110,19,20,1/20,1/1,True
2,887,0000000001101110111,19,20,1/20,1/1,True
2,888,0000000001101111000,19,20,1/20,1/1,True
2,889,0000000001101111001,19,20,1/20,1/1,True
2,890,0000000001101111010,19,20,1/20,1/1,True
2,891,0000000001101111011,19,20,1/20,1/1,True
2,892,0000000001101111100,19,20,1/20,1/1,True
2,893,0000000001101111101,19,20,1/20,1/1,True
2,894,0000000001101111110,19,20,1/20,1/1,True
2,895,0000000001101111111,19,20,1/20,1/1,True
2,896,0000000001110000000,19,20,1/20,1/1,True
2,897,0000000001110000001,19,20,1/20,1/1,True
2,898,0000000001110000010,19,20,1/20,1/1,True
2,899,0000000001110000011,19,20,1/20,1/1,True
2,900,0000000001110000100,19,20,1/20,1/1,True
2,901,0000000001110000101,19,20,1/20,1/1,True
2,902,0000000001110000110,19,20,1/20,1/1,True
2,903,0000000001110000111,19,20,1/20,1/1,True
2,904,0000000001110001000,19,20,1/20,1/1,True
2,905,0000000001110001001,19,20,1/20,1/1,True
2,906,0000000001110001010,19,20,1/20,1/1,True
2,907,0000000001110001011,19,20,1/20,1/1,True
2,908,0000000001110001100,19,20,1/20,1/1,True
2,909,0000000001110001101,19,20,1/20,1/1,True
2,910,0000000001110001110,19,20,1/20,1/1,True
2,911,0000000001110001111,19,20,1/20,1/1,True
2,912,0000000001110010000,19,20,1/20,1/1,True
2,913,0000000001110010001,19,20,1/20,1/1,True
2,914,0000000001110010010,19,20,1/20,1/1,True
2,915,0000000001110010011,19,20,1/20,1/1,True
2,916,0000000001110010100,19,20,1/20,1/1,True
2,917,0000000001110010101,19,20,1/20,1/1,True
2,918,0000000001110010110,19,20,1/20,1/1,True
2,919,0000000001110010111,19,20,1/20,1/1,True
2,920,0000000001110011000,19,20,1/20,1/1,True
2,921,0000000001110011001,19,20,1/20,1/1,True
2,922,0000000001110011010,19,20,1/20,1/1,True
2,923,0000000001110011011,19,20,1/20,1/1,True
2,924,0000000001110011100,19,20,1/20,1/1,True
2,925,0000000001110011101,19,20,1/20,1/1,True
2,926,0000000001110011110,19,20,1/20,1/1,True
2,927,0000000001110011111,19,20,1/20,1/1,True
2,928,0000000001110100000,19,20,1/20,1/1,True
2,929,0000000001110100001,19,20,1/20,1/1,True
2,930,0000000001110100010,19,20,1/20,1/1,True
2,931,0000000001110100011,19,20,1/20,1/1,True
2,932,0000000001110100100,19,20,1/20,1/1,True
2,933,0000000001110100101,19,20,1/20,1/1,True
2,934,0000000001110100110,19,20,1/20,1/1,True
2,935,0000000001110100111,19,20,1/20,1/1,True
2,936,0000000001110101000,19,20,1/20,1/1,True
2,937,0000000001110101001,19,20,1/20,1/1,True
2,938,0000000001110101010,19,20,1/20,1/1,True
2,939,0000000001110101011,19,20,1/20,1/1,True
2,940,0000000001110101100,19,20,1/20,1/1,True
2,941,0000000001110101101,19,20,1/20,1/1,True
2,942,0000000001110101110,19,20,1/20,1/1,True
2,943,0000000001110101111,19,20,1/20,1/1,True
2,944,0000000001110110000,19,20,1/20,1/1,True
2,945,0000000001110110001,19,20,1/20,1/1,True
2,946,0000000001110110010,19,20,1/20,1/1,True
2,947,0000000001110110011,19,20,1/20,1/1,True
2,948,0000000001110110100,19,20,1/20,1/1,True
2,949,0000000001110110101,19,20,1/20,1/1,True
2,950,0000000001110110110,19,20,1/20,1/1,True
2,951,0000000001110110111,19,20,1/20,1/1,True
2,952,0000000001110111000,19,20,1/20,1/1,True
2,953,0000000001110111001,19,20,1/20,1/1,True
2,954,0000000001110111010,19,20,1/20,1/1,True
2,955,0000000001110111011,19,20,1/20,1/1,True
2,956,0000000001110111100,19,20,1/20,1/1,True
2,957,0000000001110111101,19,20,1/20,1/1,True
2,958,0000000001110111110,19,20,1/20,1/1,True
2,959,0000000001110111111,19,20,1/20,1/1,True
2,960,0000000001111000000,19,20,1/20,1/1,True
2,961,0000000001111000001,19,20,1/20,1/1,True
2,962,0000000001111000010,19,20,1/20,1/1,True
2,963,0000000001111000011,19,20,1/20,1/1,True
2,964,0000000001111000100,19,20,1/20,1/1,True
2,965,0000000001111000101,19,20,1/20,1/1,True
2,966,0000000001111000110,19,20,1/20,1/1,True
2,967,0000000001111000111,19,20,1/20,1/1,True
2,968,0000000001111001000,19,20,1/20,1/1,True
2,969,0000000001111001001,19,20,1/20,1/1,True
2,970,0000000001111001010,19,20,1/20,1/1,True
2,971,0000000001111001011,19,20,1/20,1/1,True
2,972,0000000001111001100,19,20,1/20,1/1,True
2,973,0000000001111001101,19,20,1/20,1/1,True
2,974,0000000001111001110,19,20,1/20,1/1,True
2,975,0000000001111001111,19,20,1/20,1/1,True
2,976,0000000001111010000,19,20,1/20,1/1,True
2,977,0000000001111010001,19,20,1/20,1/1,True
2,978,0000000001111010010,19,20,1/20,1/1,True
2,979,0000000001111010011,19,20,1/20,1/1,True
2,980,0000000001111010100,19,20,1/20,1/1,True
2,981,0000000001111010101,19,20,1/20,1/1,True
2,982,0000000001111010110,19,20,1/20,1/1,True
2,983,0000000001111010111,19,20,1/20,1/1,True
2,984,0000000001111011000,19,20,1/20,1/1,True
2,985,0000000001111011001,19,20,1/20,1/1,True
2,986,0000000001111011010,19,20,1/20,1/1,True
2,987,0000000001111011011,19,20,1/20,1/1,True
2,988,0000000001111011100,19,20,1/20,1/1,True
2,989,0000000001111011101,19,20,1/20,1/1,True
2,990,0000000001111011110,19,20,1/20,1/1,True
2,991,0000000001111011111,19,20,1/20,1/1,True
2,992,0000000001111100000,19,20,1/20,1/1,True
2,993,0000000001111100001,19,20,1/20,1/1,True
2,994,0000000001111100010,19,20,1/20,1/1,True
2,995,0000000001111100011,19,20,1/20,1/1,True
2,996,0000000001111100100,19,20,1/20,1/1,True
2,997,0000000001111100101,19,20,1/20,1/1,True
2,998,0000000001111100110,19,20,1/20,1/1,True
2,999,0000000001111100111,19,20,1/20,1/1,True
2,1000,0000000001111101000,19,20,1/20,1/1,True
2,1001,0000000001111101001,19,20,1/20,1/1,True
2,1002,0000000001111101010,19,20,1/20,1/1,True
2,1003,0000000001111101011,19,20,1/20,1/1,True
2,1004,0000000001111101100,19,20,1/20,1/1,True
2,1005,0000000001111101101,19,20,1/20,1/1,True
2,1006,0000000001111101110,19,20,1/20,1/1,True
2,1007,0000000001111101111,19,20,1/20,1/1,True
2,1008,0000000001111110000,19,20,1/20,1/1,True
2,1009,0000000001111110001,19,20,1/20,1/1,True
2,1010,0000000001111110010,19,20,1/20,1/1,True
2,1011,0000000001111110011,19,20,1/20,1/1,True
2,1012,0000000001111110100,19,20,1/20,1/1,True
2,1013,0000000001111110101,19,20,1/20,1/1,True
2,1014,0000000001111110110,19,20,1/20,1/1,True
2,1015,0000000001111110111,19,20,1/20,1/1,True
2,1016,0000000001111111000,19,20,1/20,1/1,True
2,1017,0000000001111111001,19,20,1/20,1/1,True
2,1018,0000000001111111010,19,20,1/20,1/1,True
2,1019,0000000001111111011,19,20,1/20,1/1,True
2,1020,0000000001111111100,19,20,1/20,1/1,True
2,1021,0000000001111111101,19,20,1/20,1/1,True
2,1022,0000000001111111110,19,20,1/20,1/1,True
2,1023,0000000001111111111,19,20,1/20,1/1,True
2,1024,000000000010000000000,21,22,1/22,1/1,True
2,1025,000000000010000000001,21,22,1/22,1/1,True
2,1026,000000000010000000010,21,22,1/22,1/1,True
2,1027,000000000010000000011,21,22,1/22,1/1,True
2,1028,000000000010000000100,21,22,1/22,1/1,True
2,1029,000000000010000000101,21,22,1/22,1/1,True
2,1030,000000000010000000110,21,22,1/22,1/1,True
2,1031,000000000010000000111,21,22,1/22,1/1,True
2,1032,000000000010000001000,21,22,1/22,1/1,True
2,1033,000000000010000001001,21,22,1/22,1/1,True
2,1034,000000000010000001010,21,22,1/22,1/1,True
2,1035,000000000010000001011,21,22,1/22,1/1,True
2,1036,000000000010000001100,21,22,1/22,1/1,True
2,1037,000000000010000001101,21,22,1/22,1/1,True
2,1038,000000000010000001110,21,22,1/22,1/1,True
2,1039,000000000010000001111,21,22,1/22,1/1,True
2,1040,000000000010000010000,21,22,1/22,1/1,True
2,1041,000000000010000010001,21,22,1/22,1/1,True
2,1042,000000000010000010010,21,22,1/22,1/1,True
2,1043,000000000010000010011,21,22,1/22,1/1,True
2,1044,000000000010000010100,21,22,1/22,1/1,True
2,1045,000000000010000010101,21,22,1/22,1/1,True
2,1046,000000000010000010110,21,22,1/22,1/1,True
2,1047,000000000010000010111,21,22,1/22,1/1,True
2,1048,000000000010000011000,21,22,1/22,1/1,True
2,1049,000000000010000011001,21,22,1/22,1/1,True
2,1050,000000000010000011010,21,22,1/22,1/1,True
2,1051,000000000010000011011,21,22,1/22,1/1,True
2,1052,000000000010000011100,21,22,1/22,1/1,True
2,1053,000000000010000011101,21,22,1/22,1/1,True
2,1054,000000000010000011110,21,22,1/22,1/1,True
2,1055,000000000010000011111,21,22,1/22,1/1,True
2,1056,000000000010000100000,21,22,1/22,1/1,True
2,1057,000000000010000100001,21,22,1/22,1/1,True
2,1058,000000000010000100010,21,22,1/22,1/1,True
2,1059,000000000010000100011,21,22,1/22,1/1,True
2,1060,000000000010000100100,21,22,1/22,1/1,True
2,1061,000000000010000100101,21,22,1/22,1/1,True
2,1062,000000000010000100110,21,22,1/22,1/1,True
2,1063,000000000010000100111,21,22,1/22,1/1,True
2,1064,000000000010000101000,21,22,1/22,1/1,True
2,1065,000000000010000101001,21,22,1/22,1/1,True
2,1066,000000000010000101010,21,22,1/22,1/1,True
2,1067,000000000010000101011,21,22,1/22,1/1,True
2,1068,000000000010000101100,21,22,1/22,1/1,True
2,1069,000000000010000101101,21,22,1/22,1/1,True
2,1070,000000000010000101110,21,22,1/22,1/1,True
2,1071,000000000010000101111,21,22,1/22,1/1,True
2,1072,000000000010000110000,21,22,1/22,1/1,True
2,1073,000000000010000110001,21,22,1/22,1/1,True
2,1074,000000000010000110010,21,22,1/22,1/1,True
2,1075,000000000010000110011,21,22,1/22,1/1,True
2,1076,000000000010000110100,21,22,1/22,1/1,True
2,1077,000000000010000110101,21,22,1/22,1/1,True
2,1078,000000000010000110110,21,22,1/22,1/1,True
2,1079,000000000010000110111,21,22,1/22,1/1,True
2,1080,000000000010000111000,21,22,1/22,1/1,True
2,1081,000000000010000111001,21,22,1/22,1/1,True
2,1082,000000000010000111010,21,22,1/22,1/1,True
2,1083,000000000010000111011,21,22,1/22,1/1,True
2,1084,000000000010000111100,21,22,1/22,1/1,True
2,1085,000000000010000111101,21,22,1/22,1/1,True
2,1086,000000000010000111110,21,22,1/22,1/1,True
2,1087,000000000010000111111,21,22,1/22,1/1,True
2,1088,000000000010001000000,21,22,1/22,1/1,True
2,1089,000000000010001000001,21,22,1/22,1/1,True
2,1090,000000000010001000010,21,22,1/22,1/1,True
2,1091,000000000010001000011,21,22,1/22,1/1,True
2,1092,000000000010001000100,21,22,1/22,1/1,True
2,1093,000000000010001000101,21,22,1/22,1/1,True
2,1094,000000000010001000110,21,22,1/22,1/1,True
2,1095,000000000010001000111,21,22,1/22,1/1,True
2,1096,000000000010001001000,21,22,1/22,1/1,True
2,1097,000000000010001001001,21,22,1/22,1/1,True
2,1098,000000000010001001010,21,22,1/22,1/1,True
2,1099,000000000010001001011,21,22,1/22,1/1,True
2,1100,000000000010001001100,21,22,1/22,1/1,True
2,1101,000000000010001001101,21,22,1/22,1/1,True
2,1102,000000000010001001110,21,22,1/22,1/1,True
2,1103,000000000010001001111,21,22,1/22,1/1,True
2,1104,000000000010001010000,21,22,1/22,1/1,True
2,1105,000000000010001010001,21,22,1/22,1/1,True
2,1106,000000000010001010010,21,22,1/22,1/1,True
2,1107,000000000010001010011,21,22,1/22,1/1,True
2,1108,000000000010001010100,21,22,1/22,1/1,True
2,1109,000000000010001010101,21,22,1/22,1/1,True
2,1110,000000000010001010110,21,22,1/22,1/1,True
2,1111,000000000010001010111,21,22,1/22,1/1,True
2,1112,000000000010001011000,21,22,1/22,1/1,True
2,1113,000000000010001011001,21,22,1/22,1/1,True
2,1114,000000000010001011010,21,22,1/22,1/1,True
2,1115,000000000010001011011,21,22,1/22,1/1,True
2,1116,000000000010001011100,21,22,1/22,1/1,True
2,1117,000000000010001011101,21,22,1/22,1/1,True
2,1118,000000000010001011110,21,22,1/22,1/1,True
2,1119,000000000010001011111,21,22,1/22,1/1,True
2,1120,000000000010001100000,21,22,1/22,1/1,True
2,1121,000000000010001100001,21,22,1/22,1/1,True
2,1122,000000000010001100010,21,22,1/22,1/1,True
2,1123,000000000010001100011,21,22,1/22,1/1,True
2,1124,000000000010001100100,21,22,1/22,1/1,True
2,1125,000000000010001100101,21,22,1/22,1/1,True
2,1126,000000000010001100110,21,22,1/22,1/1,True
2,1127,000000000010001100111,21,22,1/22,1/1,True
2,1128,000000000010001101000,21,22,1/22,1/1,True
2,1129,000000000010001101001,21,22,1/22,1/1,True
2,1130,000000000010001101010,21,22,1/22,1/1,True
2,1131,000000000010001101011,21,22,1/22,1/1,True
2,1132,000000000010001101100,21,22,1/22,1/1,True
2,1133,000000000010001101101,21,22,1/22,1/1,True
2,1134,000000000010001101110,21,22,1/22,1/1,True
2,1135,000000000010001101111,21,22,1/22,1/1,True
2,1136,000000000010001110000,21,22,1/22,1/1,True
2,1137,000000000010001110001,21,22,1/22,1/1,True
2,1138,000000000010001110010,21,22,1/22,1/1,True
2,1139,000000000010001110011,21,22,1/22,1/1,True
2,1140,000000000010001110100,21,22,1/22,1/1,True
2,1141,000000000010001110101,21,22,1/22,1/1,True
2,1142,000000000010001110110,21,22,1/22,1/1,True
2,1143,000000000010001110111,21,22,1/22,1/1,True
2,1144,000000000010001111000,21,22,1/22,1/1,True
2,1145,000000000010001111001,21,22,1/22,1/1,True
2,1146,000000000010001111010,21,22,1/22,1/1,True
2,1147,000000000010001111011,21,22,1/22,1/1,True
2,1148,000000000010001111100,21,22,1/22,1/1,True
2,1149,000000000010001111101,21,22,1/22,1/1,True
2,1150,000000000010001111110,21,22,1/22,1/1,True
2,1151,000000000010001111111,21,22,1/22,1/1,True
2,1152,000000000010010000000,21,22,1/22,1/1,True
2,1153,000000000010010000001,21,22,1/22,1/1,True
2,1154,000000000010010000010,21,22,1/22,1/1,True
2,1155,000000000010010000011,21,22,1/22,1/1,True
2,1156,000000000010010000100,21,22,1/22,1/1,True
2,1157,000000000010010000101,21,22,1/22,1/1,True
2,1158,000000000010010000110,21,22,1/22,1/1,True
2,1159,000000000010010000111,21,22,1/22,1/1,True
2,1160,000000000010010001000,21,22,1/22,1/1,True
2,1161,000000000010010001001,21,22,1/22,1/1,True
2,1162,000000000010010001010,21,22,1/22,1/1,True
2,1163,000000000010010001011,21,22,1/22,1/1,True
2,1164,000000000010010001100,21,22,1/22,1/1,True
2,1165,000000000010010001101,21,22,1/22,1/1,True
2,1166,000000000010010001110,21,22,1/22,1/1,True
2,1167,000000000010010001111,21,22,1/22,1/1,True
2,1168,000000000010010010000,21,22,1/22,1/1,True
2,1169,000000000010010010001,21,22,1/22,1/1,True
2,1170,000000000010010010010,21,22,1/22,1/1,True
2,1171,000000000010010010011,21,22,1/22,1/1,True
2,1172,000000000010010010100,21,22,1/22,1/1,True
2,1173,000000000010010010101,21,22,1/22,1/1,True
2,1174,000000000010010010110,21,22,1/22,1/1,True
2,1175,000000000010010010111,21,22,1/22,1/1,True
2,1176,000000000010010011000,21,22,1/22,1/1,True
2,1177,000000000010010011001,21,22,1/22,1/1,True
2,1178,000000000010010011010,21,22,1/22,1/1,True
2,1179,000000000010010011011,21,22,1/22,1/1,True
2,1180,000000000010010011100,21,22,1/22,1/1,True
2,1181,000000000010010011101,21,22,1/22,1/1,True
2,1182,000000000010010011110,21,22,1/22,1/1,True
2,1183,000000000010010011111,21,22,1/22,1/1,True
2,1184,000000000010010100000,21,22,1/22,1/1,True
2,1185,000000000010010100001,21,22,1/22,1/1,True
2,1186,000000000010010100010,21,22,1/22,1/1,True
2,1187,000000000010010100011,21,22,1/22,1/1,True
2,1188,000000000010010100100,21,22,1/22,1/1,True
2,1189,000000000010010100101,21,22,1/22,1/1,True
2,1190,000000000010010100110,21,22,1/22,1/1,True
2,1191,000000000010010100111,21,22,1/22,1/1,True
2,1192,000000000010010101000,21,22,1/22,1/1,True
2,1193,000000000010010101001,21,22,1/22,1/1,True
2,1194,000000000010010101010,21,22,1/22,1/1,True
2,1195,000000000010010101011,21,22,1/22,1/1,True
2,1196,000000000010010101100,21,22,1/22,1/1,True
2,1197,000000000010010101101,21,22,1/22,1/1,True
2,1198,000000000010010101110,21,22,1/22,1/1,True
2,1199,000000000010010101111,21,22,1/22,1/1,True
2,1200,000000000010010110000,21,22,1/22,1/1,True
2,1201,000000000010010110001,21,22,1/22,1/1,True
2,1202,000000000010010110010,21,22,1/22,1/1,True
2,1203,000000000010010110011,21,22,1/22,1/1,True
2,1204,000000000010010110100,21,22,1/22,1/1,True
2,1205,000000000010010110101,21,22,1/22,1/1,True
2,1206,000000000010010110110,21,22,1/22,1/1,True
2,1207,000000000010010110111,21,22,1/22,1/1,True
2,1208,000000000010010111000,21,22,1/22,1/1,True
2,1209,000000000010010111001,21,22,1/22,1/1,True
2,1210,000000000010010111010,21,22,1/22,1/1,True
2,1211,000000000010010111011,21,22,1/22,1/1,True
2,1212,000000000010010111100,21,22,1/22,1/1,True
2,1213,000000000010010111101,21,22,1/22,1/1,True
2,1214,000000000010010111110,21,22,1/22,1/1,True
2,1215,000000000010010111111,21,22,1/22,1/1,True
2,1216,000000000010011000000,21,22,1/22,1/1,True
2,1217,000000000010011000001,21,22,1/22,1/1,True
2,1218,000000000010011000010,21,22,1/22,1/1,True
2,1219,000000000010011000011,21,22,1/22,1/1,True
2,1220,000000000010011000100,21,22,1/22,1/1,True
2,1221,000000000010011000101,21,22,1/22,1/1,True
2,1222,000000000010011000110,21,22,1/22,1/1,True
2,1223,000000000010011000111,21,22,1/22,1/1,True
2,1224,000000000010011001000,21,22,1/22,1/1,True
2,1225,000000000010011001001,21,22,1/22,1/1,True
2,1226,000000000010011001010,21,22,1/22,1/1,True
2,1227,000000000010011001011,21,22,1/22,1/1,True
2,1228,000000000010011001100,21,22,1/22,1/1,True
2,1229,000000000010011001101,21,22,1/22,1/1,True
2,1230,000000000010011001110,21,22,1/22,1/1,True
2,1231,000000000010011001111,21,22,1/22,1/1,True
2,1232,000000000010011010000,21,22,1/22,1/1,True
2,1233,000000000010011010001,21,22,1/22,1/1,True
2,1234,000000000010011010010,21,22,1/22,1/1,True
2,1235,000000000010011010011,21,22,1/22,1/1,True
2,1236,000000000010011010100,21,22,1/22,1/1,True
2,1237,000000000010011010101,21,22,1/22,1/1,True
2,1238,000000000010011010110,21,22,1/22,1/1,True
2,1239,000000000010011010111,21,22,1/22,1/1,True
2,1240,000000000010011011000,21,22,1/22,1/1,True
2,1241,000000000010011011001,21,22,1/22,1/1,True
2,1242,000000000010011011010,21,22,1/22,1/1,True
2,1243,000000000010011011011,21,22,1/22,1/1,True
2,1244,000000000010011011100,21,22,1/22,1/1,True
2,1245,000000000010011011101,21,22,1/22,1/1,True
2,1246,000000000010011011110,21,22,1/22,1/1,True
2,1247,000000000010011011111,21,22,1/22,1/1,True
2,1248,000000000010011100000,21,22,1/22,1/1,True
2,1249,000000000010011100001,21,22,1/22,1/1,True
2,1250,000000000010011100010,21,22,1/22,1/1,True
2,1251,000000000010011100011,21,22,1/22,1/1,True
2,1252,000000000010011100100,21,22,1/22,1/1,True
2,1253,000000000010011100101,21,22,1/22,1/1,True
2,1254,000000000010011100110,21,22,1/22,1/1,True
2,1255,000000000010011100111,21,22,1/22,1/1,True
2,1256,000000000010011101000,21,22,1/22,1/1,True
2,1257,000000000010011101001,21,22,1/22,1/1,True
2,1258,000000000010011101010,21,22,1/22,1/1,True
2,1259,000000000010011101011,21,22,1/22,1/1,True
2,1260,000000000010011101100,21,22,1/22,1/1,True
2,1261,000000000010011101101,21,22,1/22,1/1,True
2,1262,000000000010011101110,21,22,1/22,1/1,True
2,1263,000000000010011101111,21,22,1/22,1/1,True
2,1264,000000000010011110000,21,22,1/22,1/1,True
2,1265,000000000010011110001,21,22,1/22,1/1,True
2,1266,000000000010011110010,21,22,1/22,1/1,True
2,1267,000000000010011110011,21,22,1/22,1/1,True
2,1268,000000000010011110100,21,22,1/22,1/1,True
2,1269,000000000010011110101,21,22,1/22,1/1,True
2,1270,000000000010011110110,21,22,1/22,1/1,True
2,1271,000000000010011110111,21,22,1/22,1/1,True
2,1272,000000000010011111000,21,22,1/22,1/1,True
2,1273,000000000010011111001,21,22,1/22,1/1,True
2,1274,000000000010011111010,21,22,1/22,1/1,True
2,1275,000000000010011111011,21,22,1/22,1/1,True
2,1276,000000000010011111100,21,22,1/22,1/1,True
2,1277,000000000010011111101,21,22,1/22,1/1,True
2,1278,000000000010011111110,21,22,1/22,1/1,True
2,1279,000000000010011111111,21,22,1/22,1/1,True
2,1280,000000000010100000000,21,22,1/22,1/1,True
2,1281,000000000010100000001,21,22,1/22,1/1,True
2,1282,000000000010100000010,21,22,1/22,1/1,True
2,1283,000000000010100000011,21,22,1/22,1/1,True
2,1284,000000000010100000100,21,22,1/22,1/1,True
2,1285,000000000010100000101,21,22,1/22,1/1,True
2,1286,000000000010100000110,21,22,1/22,1/1,True
2,1287,000000000010100000111,21,22,1/22,1/1,True
2,1288,000000000010100001000,21,22,1/22,1/1,True
2,1289,000000000010100001001,21,22,1/22,1/1,True
2,1290,000000000010100001010,21,22,1/22,1/1,True
2,1291,000000000010100001011,21,22,1/22,1/1,True
2,1292,000000000010100001100,21,22,1/22,1/1,True
2,1293,000000000010100001101,21,22,1/22,1/1,True
2,1294,000000000010100001110,21,22,1/22,1/1,True
2,1295,000000000010100001111,21,22,1/22,1/1,True
2,1296,000000000010100010000,21,22,1/22,1/1,True
2,1297,000000000010100010001,21,22,1/22,1/1,True
2,1298,000000000010100010010,21,22,1/22,1/1,True
2,1299,000000000010100010011,21,22,1/22,1/1,True
2,1300,000000000010100010100,21,22,1/22,1/1,True
2,1301,000000000010100010101,21,22,1/22,1/1,True
2,1302,000000000010100010110,21,22,1/22,1/1,True
2,1303,000000000010100010111,21,22,1/22,1/1,True
2,1304,000000000010100011000,21,22,1/22,1/1,True
2,1305,000000000010100011001,21,22,1/22,1/1,True
2,1306,000000000010100011010,21,22,1/22,1/1,True
2,1307,000000000010100011011,21,22,1/22,1/1,True
2,1308,000000000010100011100,21,22,1/22,1/1,True
2,1309,000000000010100011101,21,22,1/22,1/1,True
2,1310,000000000010100011110,21,22,1/22,1/1,True
2,1311,000000000010100011111,21,22,1/22,1/1,True
2,1312,000000000010100100000,21,22,1/22,1/1,True
2,1313,000000000010100100001,21,22,1/22,1/1,True
2,1314,000000000010100100010,21,22,1/22,1/1,True
2,1315,000000000010100100011,21,22,1/22,1/1,True
2,1316,000000000010100100100,21,22,1/22,1/1,True
2,1317,000000000010100100101,21,22,1/22,1/1,True
2,1318,000000000010100100110,21,22,1/22,1/1,True
2,1319,000000000010100100111,21,22,1/22,1/1,True
2,1320,000000000010100101000,21,22,1/22,1/1,True
2,1321,000000000010100101001,21,22,1/22,1/1,True
2,1322,000000000010100101010,21,22,1/22,1/1,True
2,1323,000000000010100101011,21,22,1/22,1/1,True
2,1324,000000000010100101100,21,22,1/22,1/1,True
2,1325,000000000010100101101,21,22,1/22,1/1,True
2,1326,000000000010100101110,21,22,1/22,1/1,True
2,1327,000000000010100101111,21,22,1/22,1/1,True
2,1328,000000000010100110000,21,22,1/22,1/1,True
2,1329,000000000010100110001,21,22,1/22,1/1,True
2,1330,000000000010100110010,21,22,1/22,1/1,True
2,1331,000000000010100110011,21,22,1/22,1/1,True
2,1332,000000000010100110100,21,22,1/22,1/1,True
2,1333,000000000010100110101,21,22,1/22,1/1,True
2,1334,000000000010100110110,21,22,1/22,1/1,True
2,1335,000000000010100110111,21,22,1/22,1/1,True
2,1336,000000000010100111000,21,22,1/22,1/1,True
2,1337,000000000010100111001,21,22,1/22,1/1,True
2,1338,000000000010100111010,21,22,1/22,1/1,True
2,1339,000000000010100111011,21,22,1/22,1/1,True
2,1340,000000000010100111100,21,22,1/22,1/1,True
2,1341,000000000010100111101,21,22,1/22,1/1,True
2,1342,000000000010100111110,21,22,1/22,1/1,True
2,1343,000000000010100111111,21,22,1/22,1/1,True
2,1344,000000000010101000000,21,22,1/22,1/1,True
2,1345,000000000010101000001,21,22,1/22,1/1,True
2,1346,000000000010101000010,21,22,1/22,1/1,True
2,1347,000000000010101000011,21,22,1/22,1/1,True
2,1348,000000000010101000100,21,22,1/22,1/1,True
2,1349,000000000010101000101,21,22,1/22,1/1,True
2,1350,000000000010101000110,21,22,1/22,1/1,True
2,1351,000000000010101000111,21,22,1/22,1/1,True
2,1352,000000000010101001000,21,22,1/22,1/1,True
2,1353,000000000010101001001,21,22,1/22,1/1,True
2,1354,000000000010101001010,21,22,1/22,1/1,True
2,1355,000000000010101001011,21,22,1/22,1/1,True
2,1356,000000000010101001100,21,22,1/22,1/1,True
2,1357,000000000010101001101,21,22,1/22,1/1,True
2,1358,000000000010101001110,21,22,1/22,1/1,True
2,1359,000000000010101001111,21,22,1/22,1/1,True
2,1360,000000000010101010000,21,22,1/22,1/1,True
2,1361,000000000010101010001,21,22,1/22,1/1,True
2,1362,000000000010101010010,21,22,1/22,1/1,True
2,1363,000000000010101010011,21,22,1/22,1/1,True
2,1364,000000000010101010100,21,22,1/22,1/1,True
2,1365,000000000010101010101,21,22,1/22,1/1,True
2,1366,000000000010101010110,21,22,1/22,1/1,True
2,1367,000000000010101010111,21,22,1/22,1/1,True
2,1368,000000000010101011000,21,22,1/22,1/1,True
2,1369,000000000010101011001,21,22,1/22,1/1,True
2,1370,000000000010101011010,21,22,1/22,1/1,True
2,1371,000000000010101011011,21,22,1/22,1/1,True
2,1372,000000000010101011100,21,22,1/22,1/1,True
2,1373,000000000010101011101,21,22,1/22,1/1,True
2,1374,000000000010101011110,21,22,1/22,1/1,True
2,1375,000000000010101011111,21,22,1/22,1/1,True
2,1376,000000000010101100000,21,22,1/22,1/1,True
2,1377,000000000010101100001,21,22,1/22,1/1,True
2,1378,000000000010101100010,21,22,1/22,1/1,True
2,1379,000000000010101100011,21,22,1/22,1/1,True
2,1380,000000000010101100100,21,22,1/22,1/1,True
2,1381,000000000010101100101,21,22,1/22,1/1,True
2,1382,000000000010101100110,21,22,1/22,1/1,True
2,1383,000000000010101100111,21,22,1/22,1/1,True
2,1384,000000000010101101000,21,22,1/22,1/1,True
2,1385,000000000010101101001,21,22,1/22,1/1,True
2,1386,000000000010101101010,21,22,1/22,1/1,True
2,1387,000000000010101101011,21,22,1/22,1/1,True
2,1388,000000000010101101100,21,22,1/22,1/1,True
2,1389,000000000010101101101,21,22,1/22,1/1,True
2,1390,000000000010101101110,21,22,1/22,1/1,True
2,1391,000000000010101101111,21,22,1/22,1/1,True
2,1392,000000000010101110000,21,22,1/22,1/1,True
2,1393,000000000010101110001,21,22,1/22,1/1,True
2,1394,000000000010101110010,21,22,1/22,1/1,True
2,1395,000000000010101110011,21,22,1/22,1/1,True
2,1396,000000000010101110100,21,22,1/22,1/1,True
2,1397,000000000010101110101,21,22,1/22,1/1,True
2,1398,000000000010101110110,21,22,1/22,1/1,True
2,1399,000000000010101110111,21,22,1/22,1/1,True
2,1400,000000000010101111000,21,22,1/22,1/1,True
2,1401,000000000010101111001,21,22,1/22,1/1,True
2,1402,000000000010101111010,21,22,1/22,1/1,True
2,1403,000000000010101111011,21,22,1/22,1/1,True
2,1404,000000000010101111100,21,22,1/22,1/1,True
2,1405,000000000010101111101,21,22,1/22,1/1,True
2,1406,000000000010101111110,21,22,1/22,1/1,True
2,1407,000000000010101111111,21,22,1/22,1/1,True
2,1408,000000000010110000000,21,22,1/22,1/1,True
2,1409,000000000010110000001,21,22,1/22,1/1,True
2,1410,000000000010110000010,21,22,1/22,1/1,True
2,1411,000000000010110000011,21,22,1/22,1/1,True
2,1412,000000000010110000100,21,22,1/22,1/1,True
2,1413,000000000010110000101,21,22,1/22,1/1,True
2,1414,000000000010110000110,21,22,1/22,1/1,True
2,1415,000000000010110000111,21,22,1/22,1/1,True
2,1416,000000000010110001000,21,22,1/22,1/1,True
2,1417,000000000010110001001,21,22,1/22,1/1,True
2,1418,000000000010110001010,21,22,1/22,1/1,True
2,1419,000000000010110001011,21,22,1/22,1/1,True
2,1420,000000000010110001100,21,22,1/22,1/1,True
2,1421,000000000010110001101,21,22,1/22,1/1,True
2,1422,000000000010110001110,21,22,1/22,1/1,True
2,1423,000000000010110001111,21,22,1/22,1/1,True
2,1424,000000000010110010000,21,22,1/22,1/1,True
2,1425,000000000010110010001,21,22,1/22,1/1,True
2,1426,000000000010110010010,21,22,1/22,1/1,True
2,1427,000000000010110010011,21,22,1/22,1/1,True
2,1428,000000000010110010100,21,22,1/22,1/1,True
2,1429,000000000010110010101,21,22,1/22,1/1,True
2,1430,000000000010110010110,21,22,1/22,1/1,True
2,1431,000000000010110010111,21,22,1/22,1/1,True
2,1432,000000000010110011000,21,22,1/22,1/1,True
2,1433,000000000010110011001,21,22,1/22,1/1,True
2,1434,000000000010110011010,21,22,1/22,1/1,True
2,1435,000000000010110011011,21,22,1/22,1/1,True
2,1436,000000000010110011100,21,22,1/22,1/1,True
2,1437,000000000010110011101,21,22,1/22,1/1,True
2,1438,000000000010110011110,21,22,1/22,1/1,True
2,1439,000000000010110011111,21,22,1/22,1/1,True
2,1440,000000000010110100000,21,22,1/22,1/1,True
2,1441,000000000010110100001,21,22,1/22,1/1,True
2,1442,000000000010110100010,21,22,1/22,1/1,True
2,1443,000000000010110100011,21,22,1/22,1/1,True
2,1444,000000000010110100100,21,22,1/22,1/1,True
2,1445,000000000010110100101,21,22,1/22,1/1,True
2,1446,000000000010110100110,21,22,1/22,1/1,True
2,1447,000000000010110100111,21,22,1/22,1/1,True
2,1448,000000000010110101000,21,22,1/22,1/1,True
2,1449,000000000010110101001,21,22,1/22,1/1,True
2,1450,000000000010110101010,21,22,1/22,1/1,True
2,1451,000000000010110101011,21,22,1/22,1/1,True
2,1452,000000000010110101100,21,22,1/22,1/1,True
2,1453,000000000010110101101,21,22,1/22,1/1,True
2,1454,000000000010110101110,21,22,1/22,1/1,True
2,1455,000000000010110101111,21,22,1/22,1/1,True
2,1456,000000000010110110000,21,22,1/22,1/1,True
2,1457,000000000010110110001,21,22,1/22,1/1,True
2,1458,000000000010110110010,21,22,1/22,1/1,True
2,1459,000000000010110110011,21,22,1/22,1/1,True
2,1460,000000000010110110100,21,22,1/22,1/1,True
2,1461,000000000010110110101,21,22,1/22,1/1,True
2,1462,000000000010110110110,21,22,1/22,1/1,True
2,1463,000000000010110110111,21,22,1/22,1/1,True
2,1464,000000000010110111000,21,22,1/22,1/1,True
2,1465,000000000010110111001,21,22,1/22,1/1,True
2,1466,000000000010110111010,21,22,1/22,1/1,True
2,1467,000000000010110111011,21,22,1/22,1/1,True
2,1468,000000000010110111100,21,22,1/22,1/1,True
2,1469,000000000010110111101,21,22,1/22,1/1,True
2,1470,000000000010110111110,21,22,1/22,1/1,True
2,1471,000000000010110111111,21,22,1/22,1/1,True
2,1472,000000000010111000000,21,22,1/22,1/1,True
2,1473,000000000010111000001,21,22,1/22,1/1,True
2,1474,000000000010111000010,21,22,1/22,1/1,True
2,1475,000000000010111000011,21,22,1/22,1/1,True
2,1476,000000000010111000100,21,22,1/22,1/1,True
2,1477,000000000010111000101,21,22,1/22,1/1,True
2,1478,000000000010111000110,21,22,1/22,1/1,True
2,1479,000000000010111000111,21,22,1/22,1/1,True
2,1480,000000000010111001000,21,22,1/22,1/1,True
2,1481,000000000010111001001,21,22,1/22,1/1,True
2,1482,000000000010111001010,21,22,1/22,1/1,True
2,1483,000000000010111001011,21,22,1/22,1/1,True
2,1484,000000000010111001100,21,22,1/22,1/1,True
2,1485,000000000010111001101,21,22,1/22,1/1,True
2,1486,000000000010111001110,21,22,1/22,1/1,True
2,1487,000000000010111001111,21,22,1/22,1/1,True
2,1488,000000000010111010000,21,22,1/22,1/1,True
2,1489,000000000010111010001,21,22,1/22,1/1,True
2,1490,000000000010111010010,21,22,1/22,1/1,True
2,1491,000000000010111010011,21,22,1/22,1/1,True
2,1492,000000000010111010100,21,22,1/22,1/1,True
2,1493,000000000010111010101,21,22,1/22,1/1,True
2,1494,000000000010111010110,21,22,1/22,1/1,True
2,1495,000000000010111010111,21,22,1/22,1/1,True
2,1496,000000000010111011000,21,22,1/22,1/1,True
2,1497,000000000010111011001,21,22,1/22,1/1,True
2,1498,000000000010111011010,21,22,1/22,1/1,True
2,1499,000000000010111011011,21,22,1/22,1/1,True
2,1500,000000000010111011100,21,22,1/22,1/1,True
2,1501,000000000010111011101,21,22,1/22,1/1,True
2,1502,000000000010111011110,21,22,1/22,1/1,True
2,1503,000000000010111011111,21,22,1/22,1/1,True
2,1504,000000000010111100000,21,22,1/22,1/1,True
2,1505,000000000010111100001,21,22,1/22,1/1,True
2,1506,000000000010111100010,21,22,1/22,1/1,True
2,1507,000000000010111100011,21,22,1/22,1/1,True
2,1508,000000000010111100100,21,22,1/22,1/1,True
2,1509,000000000010111100101,21,22,1/22,1/1,True
2,1510,000000000010111100110,21,22,1/22,1/1,True
2,1511,000000000010111100111,21,22,1/22,1/1,True
2,1512,000000000010111101000,21,22,1/22,1/1,True
2,1513,000000000010111101001,21,22,1/22,1/1,True
2,1514,000000000010111101010,21,22,1/22,1/1,True
2,1515,000000000010111101011,21,22,1/22,1/1,True
2,1516,000000000010111101100,21,22,1/22,1/1,True
2,1517,000000000010111101101,21,22,1/22,1/1,True
2,1518,000000000010111101110,21,22,1/22,1/1,True
2,1519,000000000010111101111,21,22,1/22,1/1,True
2,1520,000000000010111110000,21,22,1/22,1/1,True
2,1521,000000000010111110001,21,22,1/22,1/1,True
2,1522,000000000010111110010,21,22,1/22,1/1,True
2,1523,000000000010111110011,21,22,1/22,1/1,True
2,1524,000000000010111110100,21,22,1/22,1/1,True
2,1525,000000000010111110101,21,22,1/22,1/1,True
2,1526,000000000010111110110,21,22,1/22,1/1,True
2,1527,000000000010111110111,21,22,1/22,1/1,True
2,1528,000000000010111111000,21,22,1/22,1/1,True
2,1529,000000000010111111001,21,22,1/22,1/1,True
2,1530,000000000010111111010,21,22,1/22,1/1,True
2,1531,000000000010111111011,21,22,1/22,1/1,True
2,1532,000000000010111111100,21,22,1/22,1/1,True
2,1533,000000000010111111101,21,22,1/22,1/1,True
2,1534,000000000010111111110,21,22,1/22,1/1,True
2,1535,000000000010111111111,21,22,1/22,1/1,True
2,1536,000000000011000000000,21,22,1/22,1/1,True
2,1537,000000000011000000001,21,22,1/22,1/1,True
2,1538,000000000011000000010,21,22,1/22,1/1,True
2,1539,000000000011000000011,21,22,1/22,1/1,True
2,1540,000000000011000000100,21,22,1/22,1/1,True
2,1541,000000000011000000101,21,22,1/22,1/1,True
2,1542,000000000011000000110,21,22,1/22,1/1,True
2,1543,000000000011000000111,21,22,1/22,1/1,True
2,1544,000000000011000001000,21,22,1/22,1/1,True
2,1545,000000000011000001001,21,22,1/22,1/1,True
2,1546,000000000011000001010,21,22,1/22,1/1,True
2,1547,000000000011000001011,21,22,1/22,1/1,True
2,1548,000000000011000001100,21,22,1/22,1/1,True
2,1549,000000000011000001101,21,22,1/22,1/1,True
2,1550,000000000011000001110,21,22,1/22,1/1,True
2,1551,000000000011000001111,21,22,1/22,1/1,True
2,1552,000000000011000010000,21,22,1/22,1/1,True
2,1553,000000000011000010001,21,22,1/22,1/1,True
2,1554,000000000011000010010,21,22,1/22,1/1,True
2,1555,000000000011000010011,21,22,1/22,1/1,True
2,1556,000000000011000010100,21,22,1/22,1/1,True
2,1557,000000000011000010101,21,22,1/22,1/1,True
2,1558,000000000011000010110,21,22,1/22,1/1,True
2,1559,000000000011000010111,21,22,1/22,1/1,True
2,1560,000000000011000011000,21,22,1/22,1/1,True
2,1561,000000000011000011001,21,22,1/22,1/1,True
2,1562,000000000011000011010,21,22,1/22,1/1,True
2,1563,000000000011000011011,21,22,1/22,1/1,True
2,1564,000000000011000011100,21,22,1/22,1/1,True
2,1565,000000000011000011101,21,22,1/22,1/1,True
2,1566,000000000011000011110,21,22,1/22,1/1,True
2,1567,000000000011000011111,21,22,1/22,1/1,True
2,1568,000000000011000100000,21,22,1/22,1/1,True
2,1569,000000000011000100001,21,22,1/22,1/1,True
2,1570,000000000011000100010,21,22,1/22,1/1,True
2,1571,000000000011000100011,21,22,1/22,1/1,True
2,1572,000000000011000100100,21,22,1/22,1/1,True
2,1573,000000000011000100101,21,22,1/22,1/1,True
2,1574,000000000011000100110,21,22,1/22,1/1,True
2,1575,000000000011000100111,21,22,1/22,1/1,True
2,1576,000000000011000101000,21,22,1/22,1/1,True
2,1577,000000000011000101001,21,22,1/22,1/1,True
2,1578,000000000011000101010,21,22,1/22,1/1,True
2,1579,000000000011000101011,21,22,1/22,1/1,True
2,1580,000000000011000101100,21,22,1/22,1/1,True
2,1581,000000000011000101101,21,22,1/22,1/1,True
2,1582,000000000011000101110,21,22,1/22,1/1,True
2,1583,000000000011000101111,21,22,1/22,1/1,True
2,1584,000000000011000110000,21,22,1/22,1/1,True
2,1585,000000000011000110001,21,22,1/22,1/1,True
2,1586,000000000011000110010,21,22,1/22,1/1,True
2,1587,000000000011000110011,21,22,1/22,1/1,True
2,1588,000000000011000110100,21,22,1/22,1/1,True
2,1589,000000000011000110101,21,22,1/22,1/1,True
2,1590,000000000011000110110,21,22,1/22,1/1,True
2,1591,000000000011000110111,21,22,1/22,1/1,True
2,1592,000000000011000111000,21,22,1/22,1/1,True
2,1593,000000000011000111001,21,22,1/22,1/1,True
2,1594,000000000011000111010,21,22,1/22,1/1,True
2,1595,000000000011000111011,21,22,1/22,1/1,True
2,1596,000000000011000111100,21,22,1/22,1/1,True
2,1597,000000000011000111101,21,22,1/22,1/1,True
2,1598,000000000011000111110,21,22,1/22,1/1,True
2,1599,000000000011000111111,21,22,1/22,1/1,True
2,1600,000000000011001000000,21,22,1/22,1/1,True
2,1601,000000000011001000001,21,22,1/22,1/1,True
2,1602,000000000011001000010,21,22,1/22,1/1,True
2,1603,000000000011001000011,21,22,1/22,1/1,True
2,1604,000000000011001000100,21,22,1/22,1/1,True
2,1605,000000000011001000101,21,22,1/22,1/1,True
2,1606,000000000011001000110,21,22,1/22,1/1,True
2,1607,000000000011001000111,21,22,1/22,1/1,True
2,1608,000000000011001001000,21,22,1/22,1/1,True
2,1609,000000000011001001001,21,22,1/22,1/1,True
2,1610,000000000011001001010,21,22,1/22,1/1,True
2,1611,000000000011001001011,21,22,1/22,1/1,True
2,1612,000000000011001001100,21,22,1/22,1/1,True
2,1613,000000000011001001101,21,22,1/22,1/1,True
2,1614,000000000011001001110,21,22,1/22,1/1,True
2,1615,000000000011001001111,21,22,1/22,1/1,True
2,1616,000000000011001010000,21,22,1/22,1/1,True
2,1617,000000000011001010001,21,22,1/22,1/1,True
2,1618,000000000011001010010,21,22,1/22,1/1,True
2,1619,000000000011001010011,21,22,1/22,1/1,True
2,1620,000000000011001010100,21,22,1/22,1/1,True
2,1621,000000000011001010101,21,22,1/22,1/1,True
2,1622,000000000011001010110,21,22,1/22,1/1,True
2,1623,000000000011001010111,21,22,1/22,1/1,True
2,1624,000000000011001011000,21,22,1/22,1/1,True
2,1625,000000000011001011001,21,22,1/22,1/1,True
2,1626,000000000011001011010,21,22,1/22,1/1,True
2,1627,000000000011001011011,21,22,1/22,1/1,True
2,1628,000000000011001011100,21,22,1/22,1/1,True
2,1629,000000000011001011101,21,22,1/22,1/1,True
2,1630,000000000011001011110,21,22,1/22,1/1,True
2,1631,000000000011001011111,21,22,1/22,1/1,True
2,1632,000000000011001100000,21,22,1/22,1/1,True
2,1633,000000000011001100001,21,22,1/22,1/1,True
2,1634,000000000011001100010,21,22,1/22,1/1,True
2,1635,000000000011001100011,21,22,1/22,1/1,True
2,1636,000000000011001100100,21,22,1/22,1/1,True
2,1637,000000000011001100101,21,22,1/22,1/1,True
2,1638,000000000011001100110,21,22,1/22,1/1,True
2,1639,000000000011001100111,21,22,1/22,1/1,True
2,1640,000000000011001101000,21,22,1/22,1/1,True
2,1641,000000000011001101001,21,22,1/22,1/1,True
2,1642,000000000011001101010,21,22,1/22,1/1,True
2,1643,000000000011001101011,21,22,1/22,1/1,True
2,1644,000000000011001101100,21,22,1/22,1/1,True
2,1645,000000000011001101101,21,22,1/22,1/1,True
2,1646,000000000011001101110,21,22,1/22,1/1,True
2,1647,000000000011001101111,21,22,1/22,1/1,True
2,1648,000000000011001110000,21,22,1/22,1/1,True
2,1649,000000000011001110001,21,22,1/22,1/1,True
2,1650,000000000011001110010,21,22,1/22,1/1,True
2,1651,000000000011001110011,21,22,1/22,1/1,True
2,1652,000000000011001110100,21,22,1/22,1/1,True
2,1653,000000000011001110101,21,22,1/22,1/1,True
2,1654,000000000011001110110,21,22,1/22,1/1,True
2,1655,000000000011001110111,21,22,1/22,1/1,True
2,1656,000000000011001111000,21,22,1/22,1/1,True
2,1657,000000000011001111001,21,22,1/22,1/1,True
2,1658,000000000011001111010,21,22,1/22,1/1,True
2,1659,000000000011001111011,21,22,1/22,1/1,True
2,1660,000000000011001111100,21,22,1/22,1/1,True
2,1661,000000000011001111101,21,22,1/22,1/1,True
2,1662,000000000011001111110,21,22,1/22,1/1,True
2,1663,000000000011001111111,21,22,1/22,1/1,True
2,1664,000000000011010000000,21,22,1/22,1/1,True
2,1665,000000000011010000001,21,22,1/22,1/1,True
2,1666,000000000011010000010,21,22,1/22,1/1,True
2,1667,000000000011010000011,21,22,1/22,1/1,True
2,1668,000000000011010000100,21,22,1/22,1/1,True
2,1669,000000000011010000101,21,22,1/22,1/1,True
2,1670,000000000011010000110,21,22,1/22,1/1,True
2,1671,000000000011010000111,21,22,1/22,1/1,True
2,1672,000000000011010001000,21,22,1/22,1/1,True
2,1673,000000000011010001001,21,22,1/22,1/1,True
2,1674,000000000011010001010,21,22,1/22,1/1,True
2,1675,000000000011010001011,21,22,1/22,1/1,True
2,1676,000000000011010001100,21,22,1/22,1/1,True
2,1677,000000000011010001101,21,22,1/22,1/1,True
2,1678,000000000011010001110,21,22,1/22,1/1,True
2,1679,000000000011010001111,21,22,1/22,1/1,True
2,1680,000000000011010010000,21,22,1/22,1/1,True
2,1681,000000000011010010001,21,22,1/22,1/1,True
2,1682,000000000011010010010,21,22,1/22,1/1,True
2,1683,000000000011010010011,21,22,1/22,1/1,True
2,1684,000000000011010010100,21,22,1/22,1/1,True
2,1685,000000000011010010101,21,22,1/22,1/1,True
2,1686,000000000011010010110,21,22,1/22,1/1,True
2,1687,000000000011010010111,21,22,1/22,1/1,True
2,1688,000000000011010011000,21,22,1/22,1/1,True
2,1689,000000000011010011001,21,22,1/22,1/1,True
2,1690,000000000011010011010,21,22,1/22,1/1,True
2,1691,000000000011010011011,21,22,1/22,1/1,True
2,1692,000000000011010011100,21,22,1/22,1/1,True
2,1693,000000000011010011101,21,22,1/22,1/1,True
2,1694,000000000011010011110,21,22,1/22,1/1,True
2,1695,000000000011010011111,21,22,1/22,1/1,True
2,1696,000000000011010100000,21,22,1/22,1/1,True
2,1697,000000000011010100001,21,22,1/22,1/1,True
2,1698,000000000011010100010,21,22,1/22,1/1,True
2,1699,000000000011010100011,21,22,1/22,1/1,True
2,1700,000000000011010100100,21,22,1/22,1/1,True
2,1701,000000000011010100101,21,22,1/22,1/1,True
2,1702,000000000011010100110,21,22,1/22,1/1,True
2,1703,000000000011010100111,21,22,1/22,1/1,True
2,1704,000000000011010101000,21,22,1/22,1/1,True
2,1705,000000000011010101001,21,22,1/22,1/1,True
2,1706,000000000011010101010,21,22,1/22,1/1,True
2,1707,000000000011010101011,21,22,1/22,1/1,True
2,1708,000000000011010101100,21,22,1/22,1/1,True
2,1709,000000000011010101101,21,22,1/22,1/1,True
2,1710,000000000011010101110,21,22,1/22,1/1,True
2,1711,000000000011010101111,21,22,1/22,1/1,True
2,1712,000000000011010110000,21,22,1/22,1/1,True
2,1713,000000000011010110001,21,22,1/22,1/1,True
2,1714,000000000011010110010,21,22,1/22,1/1,True
2,1715,000000000011010110011,21,22,1/22,1/1,True
2,1716,000000000011010110100,21,22,1/22,1/1,True
2,1717,000000000011010110101,21,22,1/22,1/1,True
2,1718,000000000011010110110,21,22,1/22,1/1,True
2,1719,000000000011010110111,21,22,1/22,1/1,True
2,1720,000000000011010111000,21,22,1/22,1/1,True
2,1721,000000000011010111001,21,22,1/22,1/1,True
2,1722,000000000011010111010,21,22,1/22,1/1,True
2,1723,000000000011010111011,21,22,1/22,1/1,True
2,1724,000000000011010111100,21,22,1/22,1/1,True
2,1725,000000000011010111101,21,22,1/22,1/1,True
2,1726,000000000011010111110,21,22,1/22,1/1,True
2,1727,000000000011010111111,21,22,1/22,1/1,True
2,1728,000000000011011000000,21,22,1/22,1/1,True
2,1729,000000000011011000001,21,22,1/22,1/1,True
2,1730,000000000011011000010,21,22,1/22,1/1,True
2,1731,000000000011011000011,21,22,1/22,1/1,True
2,1732,000000000011011000100,21,22,1/22,1/1,True
2,1733,000000000011011000101,21,22,1/22,1/1,True
2,1734,000000000011011000110,21,22,1/22,1/1,True
2,1735,000000000011011000111,21,22,1/22,1/1,True
2,1736,000000000011011001000,21,22,1/22,1/1,True
2,1737,000000000011011001001,21,22,1/22,1/1,True
2,1738,000000000011011001010,21,22,1/22,1/1,True
2,1739,000000000011011001011,21,22,1/22,1/1,True
2,1740,000000000011011001100,21,22,1/22,1/1,True
2,1741,000000000011011001101,21,22,1/22,1/1,True
2,1742,000000000011011001110,21,22,1/22,1/1,True
2,1743,000000000011011001111,21,22,1/22,1/1,True
2,1744,000000000011011010000,21,22,1/22,1/1,True
2,1745,000000000011011010001,21,22,1/22,1/1,True
2,1746,000000000011011010010,21,22,1/22,1/1,True
2,1747,000000000011011010011,21,22,1/22,1/1,True
2,1748,000000000011011010100,21,22,1/22,1/1,True
2,1749,000000000011011010101,21,22,1/22,1/1,True
2,1750,000000000011011010110,21,22,1/22,1/1,True
2,1751,000000000011011010111,21,22,1/22,1/1,True
2,1752,000000000011011011000,21,22,1/22,1/1,True
2,1753,000000000011011011001,21,22,1/22,1/1,True
2,1754,000000000011011011010,21,22,1/22,1/1,True
2,1755,000000000011011011011,21,22,1/22,1/1,True
2,1756,000000000011011011100,21,22,1/22,1/1,True
2,1757,000000000011011011101,21,22,1/22,1/1,True
2,1758,000000000011011011110,21,22,1/22,1/1,True
2,1759,000000000011011011111,21,22,1/22,1/1,True
2,1760,000000000011011100000,21,22,1/22,1/1,True
2,1761,000000000011011100001,21,22,1/22,1/1,True
2,1762,000000000011011100010,21,22,1/22,1/1,True
2,1763,000000000011011100011,21,22,1/22,1/1,True
2,1764,000000000011011100100,21,22,1/22,1/1,True
2,1765,000000000011011100101,21,22,1/22,1/1,True
2,1766,000000000011011100110,21,22,1/22,1/1,True
2,1767,000000000011011100111,21,22,1/22,1/1,True
2,1768,000000000011011101000,21,22,1/22,1/1,True
2,1769,000000000011011101001,21,22,1/22,1/1,True
2,1770,000000000011011101010,21,22,1/22,1/1,True
2,1771,000000000011011101011,21,22,1/22,1/1,True
2,1772,000000000011011101100,21,22,1/22,1/1,True
2,1773,000000000011011101101,21,22,1/22,1/1,True
2,1774,000000000011011101110,21,22,1/22,1/1,True
2,1775,000000000011011101111,21,22,1/22,1/1,True
2,1776,000000000011011110000,21,22,1/22,1/1,True
2,1777,000000000011011110001,21,22,1/22,1/1,True
2,1778,000000000011011110010,21,22,1/22,1/1,True
2,1779,000000000011011110011,21,22,1/22,1/1,True
2,1780,000000000011011110100,21,22,1/22,1/1,True
2,1781,000000000011011110101,21,22,1/22,1/1,True
2,1782,000000000011011110110,21,22,1/22,1/1,True
2,1783,000000000011011110111,21,22,1/22,1/1,True
2,1784,000000000011011111000,21,22,1/22,1/1,True
2,1785,000000000011011111001,21,22,1/22,1/1,True
2,1786,000000000011011111010,21,22,1/22,1/1,True
2,1787,000000000011011111011,21,22,1/22,1/1,True
2,1788,000000000011011111100,21,22,1/22,1/1,True
2,1789,000000000011011111101,21,22,1/22,1/1,True
2,1790,000000000011011111110,21,22,1/22,1/1,True
2,1791,000000000011011111111,21,22,1/22,1/1,True
2,1792,000000000011100000000,21,22,1/22,1/1,True
2,1793,000000000011100000001,21,22,1/22,1/1,True
2,1794,000000000011100000010,21,22,1/22,1/1,True
2,1795,000000000011100000011,21,22,1/22,1/1,True
2,1796,000000000011100000100,21,22,1/22,1/1,True
2,1797,000000000011100000101,21,22,1/22,1/1,True
2,1798,000000000011100000110,21,22,1/22,1/1,True
2,1799,000000000011100000111,21,22,1/22,1/1,True
2,1800,000000000011100001000,21,22,1/22,1/1,True
2,1801,000000000011100001001,21,22,1/22,1/1,True
2,1802,000000000011100001010,21,22,1/22,1/1,True
2,1803,000000000011100001011,21,22,1/22,1/1,True
2,1804,000000000011100001100,21,22,1/22,1/1,True
2,1805,000000000011100001101,21,22,1/22,1/1,True
2,1806,000000000011100001110,21,22,1/22,1/1,True
2,1807,000000000011100001111,21,22,1/22,1/1,True
2,1808,000000000011100010000,21,22,1/22,1/1,True
2,1809,000000000011100010001,21,22,1/22,1/1,True
2,1810,000000000011100010010,21,22,1/22,1/1,True
2,1811,000000000011100010011,21,22,1/22,1/1,True
2,1812,000000000011100010100,21,22,1/22,1/1,True
2,1813,000000000011100010101,21,22,1/22,1/1,True
2,1814,000000000011100010110,21,22,1/22,1/1,True
2,1815,000000000011100010111,21,22,1/22,1/1,True
2,1816,000000000011100011000,21,22,1/22,1/1,True
2,1817,000000000011100011001,21,22,1/22,1/1,True
2,1818,000000000011100011010,21,22,1/22,1/1,True
2,1819,000000000011100011011,21,22,1/22,1/1,True
2,1820,000000000011100011100,21,22,1/22,1/1,True
2,1821,000000000011100011101,21,22,1/22,1/1,True
2,1822,000000000011100011110,21,22,1/22,1/1,True
2,1823,000000000011100011111,21,22,1/22,1/1,True
2,1824,000000000011100100000,21,22,1/22,1/1,True
2,1825,000000000011100100001,21,22,1/22,1/1,True
2,1826,000000000011100100010,21,22,1/22,1/1,True
2,1827,000000000011100100011,21,22,1/22,1/1,True
2,1828,000000000011100100100,21,22,1/22,1/1,True
2,1829,000000000011100100101,21,22,1/22,1/1,True
2,1830,000000000011100100110,21,22,1/22,1/1,True
2,1831,000000000011100100111,21,22,1/22,1/1,True
2,1832,000000000011100101000,21,22,1/22,1/1,True
2,1833,000000000011100101001,21,22,1/22,1/1,True
2,1834,000000000011100101010,21,22,1/22,1/1,True
2,1835,000000000011100101011,21,22,1/22,1/1,True
2,1836,000000000011100101100,21,22,1/22,1/1,True
2,1837,000000000011100101101,21,22,1/22,1/1,True
2,1838,000000000011100101110,21,22,1/22,1/1,True
2,1839,000000000011100101111,21,22,1/22,1/1,True
2,1840,000000000011100110000,21,22,1/22,1/1,True
2,1841,000000000011100110001,21,22,1/22,1/1,True
2,1842,000000000011100110010,21,22,1/22,1/1,True
2,1843,000000000011100110011,21,22,1/22,1/1,True
2,1844,000000000011100110100,21,22,1/22,1/1,True
2,1845,000000000011100110101,21,22,1/22,1/1,True
2,1846,000000000011100110110,21,22,1/22,1/1,True
2,1847,000000000011100110111,21,22,1/22,1/1,True
2,1848,000000000011100111000,21,22,1/22,1/1,True
2,1849,000000000011100111001,21,22,1/22,1/1,True
2,1850,000000000011100111010,21,22,1/22,1/1,True
2,1851,000000000011100111011,21,22,1/22,1/1,True
2,1852,000000000011100111100,21,22,1/22,1/1,True
2,1853,000000000011100111101,21,22,1/22,1/1,True
2,1854,000000000011100111110,21,22,1/22,1/1,True
2,1855,000000000011100111111,21,22,1/22,1/1,True
2,1856,000000000011101000000,21,22,1/22,1/1,True
2,1857,000000000011101000001,21,22,1/22,1/1,True
2,1858,000000000011101000010,21,22,1/22,1/1,True
2,1859,000000000011101000011,21,22,1/22,1/1,True
2,1860,000000000011101000100,21,22,1/22,1/1,True
2,1861,000000000011101000101,21,22,1/22,1/1,True
2,1862,000000000011101000110,21,22,1/22,1/1,True
2,1863,000000000011101000111,21,22,1/22,1/1,True
2,1864,000000000011101001000,21,22,1/22,1/1,True
2,1865,000000000011101001001,21,22,1/22,1/1,True
2,1866,000000000011101001010,21,22,1/22,1/1,True
2,1867,000000000011101001011,21,22,1/22,1/1,True
2,1868,000000000011101001100,21,22,1/22,1/1,True
2,1869,000000000011101001101,21,22,1/22,1/1,True
2,1870,000000000011101001110,21,22,1/22,1/1,True
2,1871,000000000011101001111,21,22,1/22,1/1,True
2,1872,000000000011101010000,21,22,1/22,1/1,True
2,1873,000000000011101010001,21,22,1/22,1/1,True
2,1874,000000000011101010010,21,22,1/22,1/1,True
2,1875,000000000011101010011,21,22,1/22,1/1,True
2,1876,000000000011101010100,21,22,1/22,1/1,True
2,1877,000000000011101010101,21,22,1/22,1/1,True
2,1878,000000000011101010110,21,22,1/22,1/1,True
2,1879,000000000011101010111,21,22,1/22,1/1,True
2,1880,000000000011101011000,21,22,1/22,1/1,True
2,1881,000000000011101011001,21,22,1/22,1/1,True
2,1882,000000000011101011010,21,22,1/22,1/1,True
2,1883,000000000011101011011,21,22,1/22,1/1,True
2,1884,000000000011101011100,21,22,1/22,1/1,True
2,1885,000000000011101011101,21,22,1/22,1/1,True
2,1886,000000000011101011110,21,22,1/22,1/1,True
2,1887,000000000011101011111,21,22,1/22,1/1,True
2,1888,000000000011101100000,21,22,1/22,1/1,True
2,1889,000000000011101100001,21,22,1/22,1/1,True
2,1890,000000000011101100010,21,22,1/22,1/1,True
2,1891,000000000011101100011,21,22,1/22,1/1,True
2,1892,000000000011101100100,21,22,1/22,1/1,True
2,1893,000000000011101100101,21,22,1/22,1/1,True
2,1894,000000000011101100110,21,22,1/22,1/1,True
2,1895,000000000011101100111,21,22,1/22,1/1,True
2,1896,000000000011101101000,21,22,1/22,1/1,True
2,1897,000000000011101101001,21,22,1/22,1/1,True
2,1898,000000000011101101010,21,22,1/22,1/1,True
2,1899,000000000011101101011,21,22,1/22,1/1,True
2,1900,000000000011101101100,21,22,1/22,1/1,True
2,1901,000000000011101101101,21,22,1/22,1/1,True
2,1902,000000000011101101110,21,22,1/22,1/1,True
2,1903,000000000011101101111,21,22,1/22,1/1,True
2,1904,000000000011101110000,21,22,1/22,1/1,True
2,1905,000000000011101110001,21,22,1/22,1/1,True
2,1906,000000000011101110010,21,22,1/22,1/1,True
2,1907,000000000011101110011,21,22,1/22,1/1,True
2,1908,000000000011101110100,21,22,1/22,1/1,True
2,1909,000000000011101110101,21,22,1/22,1/1,True
2,1910,000000000011101110110,21,22,1/22,1/1,True
2,1911,000000000011101110111,21,22,1/22,1/1,True
2,1912,000000000011101111000,21,22,1/22,1/1,True
2,1913,000000000011101111001,21,22,1/22,1/1,True
2,1914,000000000011101111010,21,22,1/22,1/1,True
2,1915,000000000011101111011,21,22,1/22,1/1,True
2,1916,000000000011101111100,21,22,1/22,1/1,True
2,1917,000000000011101111101,21,22,1/22,1/1,True
2,1918,000000000011101111110,21,22,1/22,1/1,True
2,1919,000000000011101111111,21,22,1/22,1/1,True
2,1920,000000000011110000000,21,22,1/22,1/1,True
2,1921,000000000011110000001,21,22,1/22,1/1,True
2,1922,000000000011110000010,21,22,1/22,1/1,True
2,1923,000000000011110000011,21,22,1/22,1/1,True
2,1924,000000000011110000100,21,22,1/22,1/1,True
2,1925,000000000011110000101,21,22,1/22,1/1,True
2,1926,000000000011110000110,21,22,1/22,1/1,True
2,1927,000000000011110000111,21,22,1/22,1/1,True
2,1928,000000000011110001000,21,22,1/22,1/1,True
2,1929,000000000011110001001,21,22,1/22,1/1,True
2,1930,000000000011110001010,21,22,1/22,1/1,True
2,1931,000000000011110001011,21,22,1/22,1/1,True
2,1932,000000000011110001100,21,22,1/22,1/1,True
2,1933,000000000011110001101,21,22,1/22,1/1,True
2,1934,000000000011110001110,21,22,1/22,1/1,True
2,1935,000000000011110001111,21,22,1/22,1/1,True
2,1936,000000000011110010000,21,22,1/22,1/1,True
2,1937,000000000011110010001,21,22,1/22,1/1,True
2,1938,000000000011110010010,21,22,1/22,1/1,True
2,1939,000000000011110010011,21,22,1/22,1/1,True
2,1940,000000000011110010100,21,22,1/22,1/1,True
2,1941,000000000011110010101,21,22,1/22,1/1,True
2,1942,000000000011110010110,21,22,1/22,1/1,True
2,1943,000000000011110010111,21,22,1/22,1/1,True
2,1944,000000000011110011000,21,22,1/22,1/1,True
2,1945,000000000011110011001,21,22,1/22,1/1,True
2,1946,000000000011110011010,21,22,1/22,1/1,True
2,1947,000000000011110011011,21,22,1/22,1/1,True
2,1948,000000000011110011100,21,22,1/22,1/1,True
2,1949,000000000011110011101,21,22,1/22,1/1,True
2,1950,000000000011110011110,21,22,1/22,1/1,True
2,1951,000000000011110011111,21,22,1/22,1/1,True
2,1952,000000000011110100000,21,22,1/22,1/1,True
2,1953,000000000011110100001,21,22,1/22,1/1,True
2,1954,000000000011110100010,21,22,1/22,1/1,True
2,1955,000000000011110100011,21,22,1/22,1/1,True
2,1956,000000000011110100100,21,22,1/22,1/1,True
2,1957,000000000011110100101,21,22,1/22,1/1,True
2,1958,000000000011110100110,21,22,1/22,1/1,True
2,1959,000000000011110100111,21,22,1/22,1/1,True
2,1960,000000000011110101000,21,22,1/22,1/1,True
2,1961,000000000011110101001,21,22,1/22,1/1,True
2,1962,000000000011110101010,21,22,1/22,1/1,True
2,1963,000000000011110101011,21,22,1/22,1/1,True
2,1964,000000000011110101100,21,22,1/22,1/1,True
2,1965,000000000011110101101,21,22,1/22,1/1,True
2,1966,000000000011110101110,21,22,1/22,1/1,True
2,1967,000000000011110101111,21,22,1/22,1/1,True
2,1968,000000000011110110000,21,22,1/22,1/1,True
2,1969,000000000011110110001,21,22,1/22,1/1,True
2,1970,000000000011110110010,21,22,1/22,1/1,True
2,1971,000000000011110110011,21,22,1/22,1/1,True
2,1972,000000000011110110100,21,22,1/22,1/1,True
2,1973,000000000011110110101,21,22,1/22,1/1,True
2,1974,000000000011110110110,21,22,1/22,1/1,True
2,1975,000000000011110110111,21,22,1/22,1/1,True
2,1976,000000000011110111000,21,22,1/22,1/1,True
2,1977,000000000011110111001,21,22,1/22,1/1,True
2,1978,000000000011110111010,21,22,1/22,1/1,True
2,1979,000000000011110111011,21,22,1/22,1/1,True
2,1980,000000000011110111100,21,22,1/22,1/1,True
2,1981,000000000011110111101,21,22,1/22,1/1,True
2,1982,000000000011110111110,21,22,1/22,1/1,True
2,1983,000000000011110111111,21,22,1/22,1/1,True
2,1984,000000000011111000000,21,22,1/22,1/1,True
2,1985,000000000011111000001,21,22,1/22,1/1,True
2,1986,000000000011111000010,21,22,1/22,1/1,True
2,1987,000000000011111000011,21,22,1/22,1/1,True
2,1988,000000000011111000100,21,22,1/22,1/1,True
2,1989,000000000011111000101,21,22,1/22,1/1,True
2,1990,000000000011111000110,21,22,1/22,1/1,True
2,1991,000000000011111000111,21,22,1/22,1/1,True
2,1992,000000000011111001000,21,22,1/22,1/1,True
2,1993,000000000011111001001,21,22,1/22,1/1,True
2,1994,000000000011111001010,21,22,1/22,1/1,True
2,1995,000000000011111001011,21,22,1/22,1/1,True
2,1996,000000000011111001100,21,22,1/22,1/1,True
2,1997,000000000011111001101,21,22,1/22,1/1,True
2,1998,000000000011111001110,21,22,1/22,1/1,True
2,1999,000000000011111001111,21,22,1/22,1/1,True
2,2000,000000000011111010000,21,22,1/22,1/1,True
2,2001,000000000011111010001,21,22,1/22,1/1,True
2,2002,000000000011111010010,21,22,1/22,1/1,True
2,2003,000000000011111010011,21,22,1/22,1/1,True
2,2004,000000000011111010100,21,22,1/22,1/1,True
2,2005,000000000011111010101,21,22,1/22,1/1,True
2,2006,000000000011111010110,21,22,1/22,1/1,True
2,2007,000000000011111010111,21,22,1/22,1/1,True
2,2008,000000000011111011000,21,22,1/22,1/1,True
2,2009,000000000011111011001,21,22,1/22,1/1,True
2,2010,000000000011111011010,21,22,1/22,1/1,True
2,2011,000000000011111011011,21,22,1/22,1/1,True
2,2012,000000000011111011100,21,22,1/22,1/1,True
2,2013,000000000011111011101,21,22,1/22,1/1,True
2,2014,000000000011111011110,21,22,1/22,1/1,True
2,2015,000000000011111011111,21,22,1/22,1/1,True
2,2016,000000000011111100000,21,22,1/22,1/1,True
2,2017,000000000011111100001,21,22,1/22,1/1,True
2,2018,000000000011111100010,21,22,1/22,1/1,True
2,2019,000000000011111100011,21,22,1/22,1/1,True
2,2020,000000000011111100100,21,22,1/22,1/1,True
2,2021,000000000011111100101,21,22,1/22,1/1,True
2,2022,000000000011111100110,21,22,1/22,1/1,True
2,2023,000000000011111100111,21,22,1/22,1/1,True
2,2024,000000000011111101000,21,22,1/22,1/1,True
2,2025,000000000011111101001,21,22,1/22,1/1,True
2,2026,000000000011111101010,21,22,1/22,1/1,True
2,2027,000000000011111101011,21,22,1/22,1/1,True
2,2028,000000000011111101100,21,22,1/22,1/1,True
2,2029,000000000011111101101,21,22,1/22,1/1,True
2,2030,000000000011111101110,21,22,1/22,1/1,True
2,2031,000000000011111101111,21,22,1/22,1/1,True
2,2032,000000000011111110000,21,22,1/22,1/1,True
2,2033,000000000011111110001,21,22,1/22,1/1,True
2,2034,000000000011111110010,21,22,1/22,1/1,True
2,2035,000000000011111110011,21,22,1/22,1/1,True
2,2036,000000000011111110100,21,22,1/22,1/1,True
2,2037,000000000011111110101,21,22,1/22,1/1,True
2,2038,000000000011111110110,21,22,1/22,1/1,True
2,2039,000000000011111110111,21,22,1/22,1/1,True
2,2040,000000000011111111000,21,22,1/22,1/1,True
2,2041,000000000011111111001,21,22,1/22,1/1,True
2,2042,000000000011111111010,21,22,1/22,1/1,True
2,2043,000000000011111111011,21,22,1/22,1/1,True
2,2044,000000000011111111100,21,22,1/22,1/1,True
2,2045,000000000011111111101,21,22,1/22,1/1,True
2,2046,000000000011111111110,21,22,1/22,1/1,True
2,2047,000000000011111111111,21,22,1/22,1/1,True
3,1,1,1,2,1/2,1/1,True
3,2,2,1,2,1/2,1/1,True
3,3,010,3,4,1/4,1/1,True
3,4,011,3,4,1/4,1/1,True
3,5,012,3,4,1/4,1/1,True
3,6,020,3,4,1/4,1/1,True
3,7,021,3,4,1/4,1/1,True
3,8,022,3,4,1/4,1/1,True
3,9,00100,5,6,1/6,1/1,True
3,10,00101,5,6,1/6,1/1,True
3,11,00102,5,6,1/6,1/1,True
3,12,00110,5,6,1/6,1/1,True
3,13,00111,5,6,1/6,1/1,True
3,14,00112,5,6,1/6,1/1,True
3,15,00120,5,6,1/6,1/1,True
3,16,00121,5,6,1/6,1/1,True
3,17,00122,5,6,1/6,1/1,True
3,18,00200,5,6,1/6,1/1,True
3,19,00201,5,6,1/6,1/1,True
3,20,00202,5,6,1/6,1/1,True
3,21,00210,5,6,1/6,1/1,True
3,22,00211,5,6,1/6,1/1,True
3,23,00212,5,6,1/6,1/1,True
3,24,00220,5,6,1/6,1/1,True
3,25,00221,5,6,1/6,1/1,True
3,26,00222,5,6,1/6,1/1,True
3,27,0001000,7,8,1/8,1/1,True
3,28,0001001,7,8,1/8,1/1,True
3,29,0001002,7,8,1/8,1/1,True
3,30,0001010,7,8,1/8,1/1,True
3,31,0001011,7,8,1/8,1/1,True
3,32,0001012,7,8,1/8,1/1,True
3,33,0001020,7,8,1/8,1/1,True
3,34,0001021,7,8,1/8,1/1,True
3,35,0001022,7,8,1/8,1/1,True
3,36,0001100,7,8,1/8,1/1,True
3,37,0001101,7,8,1/8,1/1,True
3,38,0001102,7,8,1/8,1/1,True
3,39,0001110,7,8,1/8,1/1,True
3,40,0001111,7,8,1/8,1/1,True
3,41,0001112,7,8,1/8,1/1,True
3,42,0001120,7,8,1/8,1/1,True
3,43,0001121,7,8,1/8,1/1,True
3,44,0001122,7,8,1/8,1/1,True
3,45,0001200,7,8,1/8,1/1,True
3,46,0001201,7,8,1/8,1/1,True
3,47,0001202,7,8,1/8,1/1,True
3,48,0001210,7,8,1/8,1/1,True
3,49,0001211,7,8,1/8,1/1,True
3,50,0001212,7,8,1/8,1/1,True
3,51,0001220,7,8,1/8,1/1,True
3,52,0001221,7,8,1/8,1/1,True
3,53,0001222,7,8,1/8,1/1,True
3,54,0002000,7,8,1/8,1/1,True
3,55,0002001,7,8,1/8,1/1,True
3,56,0002002,7,8,1/8,1/1,True
3,57,0002010,7,8,1/8,1/1,True
3,58,0002011,7,8,1/8,1/1,True
3,59,0002012,7,8,1/8,1/1,True
3,60,0002020,7,8,1/8,1/1,True
3,61,0002021,7,8,1/8,1/1,True
3,62,0002022,7,8,1/8,1/1,True
3,63,0002100,7,8,1/8,1/1,True
3,64,0002101,7,8,1/8,1/1,True
3,65,0002102,7,8,1/8,1/1,True
3,66,0002110,7,8,1/8,1/1,True
3,67,0002111,7,8,1/8,1/1,True
3,68,0002112,7,8,1/8,1/1,True
3,69,0002120,7,8,1/8,1/1,True
3,70,0002121,7,8,1/8,1/1,True
3,71,0002122,7,8,1/8,1/1,True
3,72,0002200,7,8,1/8,1/1,True
3,73,0002201,7,8,1/8,1/1,True
3,74,0002202,7,8,1/8,1/1,True
3,75,0002210,7,8,1/8,1/1,True
3,76,0002211,7,8,1/8,1/1,True
3,77,0002212,7,8,1/8,1/1,True
3,78,0002220,7,8,1/8,1/1,True
3,79,0002221,7,8,1/8,1/1,True
3,80,0002222,7,8,1/8,1/1,True
3,81,000010000,9,10,1/10,1/1,True
3,82,000010001,9,10,1/10,1/1,True
3,83,000010002,9,10,1/10,1/1,True
3,84,000010010,9,10,1/10,1/1,True
3,85,000010011,9,10,1/10,1/1,True
3,86,000010012,9,10,1/10,1/1,True
3,87,000010020,9,10,1/10,1/1,True
3,88,000010021,9,10,1/10,1/1,True
3,89,000010022,9,10,1/10,1/1,True
3,90,000010100,9,10,1/10,1/1,True
3,91,000010101,9,10,1/10,1/1,True
3,92,000010102,9,10,1/10,1/1,True
3,93,000010110,9,10,1/10,1/1,True
3,94,000010111,9,10,1/10,1/1,True
3,95,000010112,9,10,1/10,1/1,True
3,96,000010120,9,10,1/10,1/1,True
3,97,000010121,9,10,1/10,1/1,True
3,98,000010122,9,10,1/10,1/1,True
3,99,000010200,9,10,1/10,1/1,True
3,100,000010201,9,10,1/10,1/1,True
3,101,000010202,9,10,1/10,1/1,True
3,102,000010210,9,10,1/10,1/1,True
3,103,000010211,9,10,1/10,1/1,True
3,104,000010212,9,10,1/10,1/1,True
3,105,000010220,9,10,1/10,1/1,True
3,106,000010221,9,10,1/10,1/1,True
3,107,000010222,9,10,1/10,1/1,True
3,108,000011000,9,10,1/10,1/1,True
3,109,000011001,9,10,1/10,1/1,True
3,110,000011002,9,10,1/10,1/1,True
3,111,000011010,9,10,1/10,1/1,True
3,112,000011011,9,10,1/10,1/1,True
3,113,000011012,9,10,1/10,1/1,True
3,114,000011020,9,10,1/10,1/1,True
3,115,000011021,9,10,1/10,1/1,True
3,116,000011022,9,10,1/10,1/1,True
3,117,000011100,9,10,1/10,1/1,True
3,118,000011101,9,10,1/10,1/1,True
3,119,000011102,9,10,1/10,1/1,True
3,120,000011110,9,10,1/10,1/1,True
3,121,000011111,9,10,1/10,1/1,True
3,122,000011112,9,10,1/10,1/1,True
3,123,000011120,9,10,1/10,1/1,True
3,124,000011121,9,10,1/10,1/1,True
3,125,000011122,9,10,1/10,1/1,True
3,126,000011200,9,10,1/10,1/1,True
3,127,000011201,9,10,1/10,1/1,True
3,128,000011202,9,10,1/10,1/1,True
3,129,000011210,9,10,1/10,1/1,True
3,130,000011211,9,10,1/10,1/1,True
3,131,000011212,9,10,1/10,1/1,True
3,132,000011220,9,10,1/10,1/1,True
3,133,000011221,9,10,1/10,1/1,True
3,134,000011222,9,10,1/10,1/1,True
3,135,000012000,9,10,1/10,1/1,True
3,136,000012001,9,10,1/10,1/1,True
3,137,000012002,9,10,1/10,1/1,True
3,138,000012010,9,10,1/10,1/1,True
3,139,000012011,9,10,1/10,1/1,True
3,140,000012012,9,10,1/10,1/1,True
3,141,000012020,9,10,1/10,1/1,True
3,142,000012021,9,10,1/10,1/1,True
3,143,000012022,9,10,1/10,1/1,True
3,144,000012100,9,10,1/10,1/1,True
3,145,000012101,9,10,1/10,1/1,True
3,146,000012102,9,10,1/10,1/1,True
3,147,000012110,9,10,1/10,1/1,True
3,148,000012111,9,10,1/10,1/1,True
3,149,000012112,9,10,1/10,1/1,True
3,150,000012120,9,10,1/10,1/1,True
3,151,000012121,9,10,1/10,1/1,True
3,152,000012122,9,10,1/10,1/1,True
3,153,000012200,9,10,1/10,1/1,True
3,154,000012201,9,10,1/10,1/1,True
3,155,000012202,9,10,1/10,1/1,True
3,156,000012210,9,10,1/10,1/1,True
3,157,000012211,9,10,1/10,1/1,True
3,158,000012212,9,10,1/10,1/1,True
3,159,000012220,9,10,1/10,1/1,True
3,160,000012221,9,10,1/10,1/1,True
3,161,000012222,9,10,1/10,1/1,True
3,162,000020000,9,10,1/10,1/1,True
3,163,000020001,9,10,1/10,1/1,True
3,164,000020002,9,10,1/10,1/1,True
3,165,000020010,9,10,1/10,1/1,True
3,166,000020011,9,10,1/10,1/1,True
3,167,000020012,9,10,1/10,1/1,True
3,168,000020020,9,10,1/10,1/1,True
3,169,000020021,9,10,1/10,1/1,True
3,170,000020022,9,10,1/10,1/1,True
3,171,000020100,9,10,1/10,1/1,True
3,172,000020101,9,10,1/10,1/1,True
3,173,000020102,9,10,1/10,1/1,True
3,174,000020110,9,10,1/10,1/1,True
3,175,000020111,9,10,1/10,1/1,True
3,176,000020112,9,10,1/10,1/1,True
3,177,000020120,9,10,1/10,1/1,True
3,178,000020121,9,10,1/10,1/1,True
3,179,000020122,9,10,1/10,1/1,True
3,180,000020200,9,10,1/10,1/1,True
3,181,000020201,9,10,1/10,1/1,True
3,182,000020202,9,10,1/10,1/1,True
3,183,000020210,9,10,1/10,1/1,True
3,184,000020211,9,10,1/10,1/1,True
3,185,000020212,9,10,1/10,1/1,True
3,186,000020220,9,10,1/10,1/1,True
3,187,000020221,9,10,1/10,1/1,True
3,188,000020222,9,10,1/10,1/1,True
3,189,000021000,9,10,1/10,1/1,True
3,190,000021001,9,10,1/10,1/1,True
3,191,000021002,9,10,1/10,1/1,True
3,192,000021010,9,10,1/10,1/1,True
3,193,000021011,9,10,1/10,1/1,True
3,194,000021012,9,10,1/10,1/1,True
3,195,000021020,9,10,1/10,1/1,True
3,196,000021021,9,10,1/10,1/1,True
3,197,000021022,9,10,1/10,1/1,True
3,198,000021100,9,10,1/10,1/1,True
3,199,000021101,9,10,1/10,1/1,True
3,200,000021102,9,10,1/10,1/1,True
3,201,000021110,9,10,1/10,1/1,True
3,202,000021111,9,10,1/10,1/1,True
3,203,000021112,9,10,1/10,1/1,True
3,204,000021120,9,10,1/10,1/1,True
3,205,000021121,9,10,1/10,1/1,True
3,206,000021122,9,10,1/10,1/1,True
3,207,000021200,9,10,1/10,1/1,True
3,208,000021201,9,10,1/10,1/1,True
3,209,000021202,9,10,1/10,1/1,True
3,210,000021210,9,10,1/10,1/1,True
3,211,000021211,9,10,1/10,1/1,True
3,212,000021212,9,10,1/10,1/1,True
3,213,000021220,9,10,1/10,1/1,True
3,214,000021221,9,10,1/10,1/1,True
3,215,000021222,9,10,1/10,1/1,True
3,216,000022000,9,10,1/10,1/1,True
3,217,000022001,9,10,1/10,1/1,True
3,218,000022002,9,10,1/10,1/1,True
3,219,000022010,9,10,1/10,1/1,True
3,220,000022011,9,10,1/10,1/1,True
3,221,000022012,9,10,1/10,1/1,True
3,222,000022020,9,10,1/10,1/1,True
3,223,000022021,9,10,1/10,1/1,True
3,224,000022022,9,10,1/10,1/1,True
3,225,000022100,9,10,1/10,1/1,True
3,226,000022101,9,10,1/10,1/1,True
3,227,000022102,9,10,1/10,1/1,True
3,228,000022110,9,10,1/10,1/1,True
3,229,000022111,9,10,1/10,1/1,True
3,230,000022112,9,10,1/10,1/1,True
3,231,000022120,9,10,1/10,1/1,True
3,232,000022121,9,10,1/10,1/1,True
3,233,000022122,9,10,1/10,1/1,True
3,234,000022200,9,10,1/10,1/1,True
3,235,000022201,9,10,1/10,1/1,True
3,236,000022202,9,10,1/10,1/1,True
3,237,000022210,9,10,1/10,1/1,True
3,238,000022211,9,10,1/10,1/1,True
3,239,000022212,9,10,1/10,1/1,True
3,240,000022220,9,10,1/10,1/1,True
3,241,000022221,9,10,1/10,1/1,True
3,242,000022222,9,10,1/10,1/1,True
3,243,00000100000,11,12,1/12,1/1,True
3,244,00000100001,11,12,1/12,1/1,True
3,245,00000100002,11,12,1/12,1/1,True
3,246,00000100010,11,12,1/12,1/1,True
3,247,00000100011,11,12,1/12,1/1,True
3,248,00000100012,11,12,1/12,1/1,True
3,249,00000100020,11,12,1/12,1/1,True
3,250,00000100021,11,12,1/12,1/1,True
3,251,00000100022,11,12,1/12,1/1,True
3,252,00000100100,11,12,1/12,1/1,True
3,253,00000100101,11,12,1/12,1/1,True
3,254,00000100102,11,12,1/12,1/1,True
3,255,00000100110,11,12,1/12,1/1,True
3,256,00000100111,11,12,1/12,1/1,True
3,257,00000100112,11,12,1/12,1/1,True
3,258,00000100120,11,12,1/12,1/1,True
3,259,00000100121,11,12,1/12,1/1,True
3,260,00000100122,11,12,1/12,1/1,True
3,261,00000100200,11,12,1/12,1/1,True
3,262,00000100201,11,12,1/12,1/1,True
3,263,00000100202,11,12,1/12,1/1,True
3,264,00000100210,11,12,1/12,1/1,True
3,265,00000100211,11,12,1/12,1/1,True
3,266,00000100212,11,12,1/12,1/1,True
3,267,00000100220,11,12,1/12,1/1,True
3,268,00000100221,11,12,1/12,1/1,True
3,269,00000100222,11,12,1/12,1/1,True
3,270,00000101000,11,12,1/12,1/1,True
3,271,00000101001,11,12,1/12,1/1,True
3,272,00000101002,11,12,1/12,1/1,True
3,273,00000101010,11,12,1/12,1/1,True
3,274,00000101011,11,12,1/12,1/1,True
3,275,00000101012,11,12,1/12,1/1,True
3,276,00000101020,11,12,1/12,1/1,True
3,277,00000101021,11,12,1/12,1/1,True
3,278,00000101022,11,12,1/12,1/1,True
3,279,00000101100,11,12,1/12,1/1,True
3,280,00000101101,11,12,1/12,1/1,True
3,281,00000101102,11,12,1/12,1/1,True
3,282,00000101110,11,12,1/12,1/1,True
3,283,00000101111,11,12,1/12,1/1,True
3,284,00000101112,11,12,1/12,1/1,True
3,285,00000101120,11,12,1/12,1/1,True
3,286,00000101121,11,12,1/12,1/1,True
3,287,00000101122,11,12,1/12,1/1,True
3,288,00000101200,11,12,1/12,1/1,True
3,289,00000101201,11,12,1/12,1/1,True
3,290,00000101202,11,12,1/12,1/1,True
3,291,00000101210,11,12,1/12,1/1,True
3,292,00000101211,11,12,1/12,1/1,True
3,293,00000101212,11,12,1/12,1/1,True
3,294,00000101220,11,12,1/12,1/1,True
3,295,00000101221,11,12,1/12,1/1,True
3,296,00000101222,11,12,1/12,1/1,True
3,297,00000102000,11,12,1/12,1/1,True
3,298,00000102001,11,12,1/12,1/1,True
3,299,00000102002,11,12,1/12,1/1,True
3,300,00000102010,11,12,1/12,1/1,True
3,301,00000102011,11,12,1/12,1/1,True
3,302,00000102012,11,12,1/12,1/1,True
3,303,00000102020,11,12,1/12,1/1,True
3,304,00000102021,11,12,1/12,1/1,True
3,305,00000102022,11,12,1/12,1/1,True
3,306,00000102100,11,12,1/12,1/1,True
3,307,00000102101,11,12,1/12,1/1,True
3,308,00000102102,11,12,1/12,1/1,True
3,309,00000102110,11,12,1/12,1/1,True
3,310,00000102111,11,12,1/12,1/1,True
3,311,00000102112,11,12,1/12,1/1,True
3,312,00000102120,11,12,1/12,1/1,True
3,313,00000102121,11,12,1/12,1/1,True
3,314,00000102122,11,12,1/12,1/1,True
3,315,00000102200,11,12,1/12,1/1,True
3,316,00000102201,11,12,1/12,1/1,True
3,317,00000102202,11,12,1/12,1/1,True
3,318,00000102210,11,12,1/12,1/1,True
3,319,00000102211,11,12,1/12,1/1,True
3,320,00000102212,11,12,1/12,1/1,True
3,321,00000102220,11,12,1/12,1/1,True
3,322,00000102221,11,12,1/12,1/1,True
3,323,00000102222,11,12,1/12,1/1,True
3,324,00000110000,11,12,1/12,1/1,True
3,325,00000110001,11,12,1/12,1/1,True
3,326,00000110002,11,12,1/12,1/1,True
3,327,00000110010,11,12,1/12,1/1,True
3,328,00000110011,11,12,1/12,1/1,True
3,329,00000110012,11,12,1/12,1/1,True
3,330,00000110020,11,12,1/12,1/1,True
3,331,00000110021,11,12,1/12,1/1,True
3,332,00000110022,11,12,1/12,1/1,True
3,333,00000110100,11,12,1/12,1/1,True
3,334,00000110101,11,12,1/12,1/1,True
3,335,00000110102,11,12,1/12,1/1,True
3,336,00000110110,11,12,1/12,1/1,True
3,337,00000110111,11,12,1/12,1/1,True
3,338,00000110112,11,12,1/12,1/1,True
3,339,00000110120,11,12,1/12,1/1,True
3,340,00000110121,11,12,1/12,1/1,True
3,341,00000110122,11,12,1/12,1/1,True
3,342,00000110200,11,12,1/12,1/1,True
3,343,00000110201,11,12,1/12,1/1,True
3,344,00000110202,11,12,1/12,1/1,True
3,345,00000110210,11,12,1/12,1/1,True
3,346,00000110211,11,12,1/12,1/1,True
3,347,00000110212,11,12,1/12,1/1,True
3,348,00000110220,11,12,1/12,1/1,True
3,349,00000110221,11,12,1/12,1/1,True
3,350,00000110222,11,12,1/12,1/1,True
3,351,00000111000,11,12,1/12,1/1,True
3,352,00000111001,11,12,1/12,1/1,True
3,353,00000111002,11,12,1/12,1/1,True
3,354,00000111010,11,12,1/12,1/1,True
3,355,00000111011,11,12,1/12,1/1,True
3,356,00000111012,11,12,1/12,1/1,True
3,357,00000111020,11,12,1/12,1/1,True
3,358,00000111021,11,12,1/12,1/1,True
3,359,00000111022,11,12,1/12,1/1,True
3,360,00000111100,11,12,1/12,1/1,True
3,361,00000111101,11,12,1/12,1/1,True
3,362,00000111102,11,12,1/12,1/1,True
3,363,00000111110,11,12,1/12,1/1,True
3,364,00000111111,11,12,1/12,1/1,True
3,365,00000111112,11,12,1/12,1/1,True
3,366,00000111120,11,12,1/12,1/1,True
3,367,00000111121,11,12,1/12,1/1,True
3,368,00000111122,11,12,1/12,1/1,True
3,369,00000111200,11,12,1/12,1/1,True
3,370,00000111201,11,12,1/12,1/1,True
3,371,00000111202,11,12,1/12,1/1,True
3,372,00000111210,11,12,1/12,1/1,True
3,373,00000111211,11,12,1/12,1/1,True
3,374,00000111212,11,12,1/12,1/1,True
3,375,00000111220,11,12,1/12,1/1,True
3,376,00000111221,11,12,1/12,1/1,True
3,377,00000111222,11,12,1/12,1/1,True
3,378,00000112000,11,12,1/12,1/1,True
3,379,00000112001,11,12,1/12,1/1,True
3,380,00000112002,11,12,1/12,1/1,True
3,381,00000112010,11,12,1/12,1/1,True
3,382,00000112011,11,12,1/12,1/1,True
3,383,00000112012,11,12,1/12,1/1,True
3,384,00000112020,11,12,1/12,1/1,True
3,385,00000112021,11,12,1/12,1/1,True
3,386,00000112022,11,12,1/12,1/1,True
3,387,00000112100,11,12,1/12,1/1,True
3,388,00000112101,11,12,1/12,1/1,True
3,389,00000112102,11,12,1/12,1/1,True
3,390,00000112110,11,12,1/12,1/1,True
3,391,00000112111,11,12,1/12,1/1,True
3,392,00000112112,11,12,1/12,1/1,True
3,393,00000112120,11,12,1/12,1/1,True
3,394,00000112121,11,12,1/12,1/1,True
3,395,00000112122,11,12,1/12,1/1,True
3,396,00000112200,11,12,1/12,1/1,True
3,397,00000112201,11,12,1/12,1/1,True
3,398,00000112202,11,12,1/12,1/1,True
3,399,00000112210,11,12,1/12,1/1,True
3,400,00000112211,11,12,1/12,1/1,True
3,401,00000112212,11,12,1/12,1/1,True
3,402,00000112220,11,12,1/12,1/1,True
3,403,00000112221,11,12,1/12,1/1,True
3,404,00000112222,11,12,1/12,1/1,True
3,405,00000120000,11,12,1/12,1/1,True
3,406,00000120001,11,12,1/12,1/1,True
3,407,00000120002,11,12,1/12,1/1,True
3,408,00000120010,11,12,1/12,1/1,True
3,409,00000120011,11,12,1/12,1/1,True
3,410,00000120012,11,12,1/12,1/1,True
3,411,00000120020,11,12,1/12,1/1,True
3,412,00000120021,11,12,1/12,1/1,True
3,413,00000120022,11,12,1/12,1/1,True
3,414,00000120100,11,12,1/12,1/1,True
3,415,00000120101,11,12,1/12,1/1,True
3,416,00000120102,11,12,1/12,1/1,True
3,417,00000120110,11,12,1/12,1/1,True
3,418,00000120111,11,12,1/12,1/1,True
3,419,00000120112,11,12,1/12,1/1,True
3,420,00000120120,11,12,1/12,1/1,True
3,421,00000120121,11,12,1/12,1/1,True
3,422,00000120122,11,12,1/12,1/1,True
3,423,00000120200,11,12,1/12,1/1,True
3,424,00000120201,11,12,1/12,1/1,True
3,425,00000120202,11,12,1/12,1/1,True
3,426,00000120210,11,12,1/12,1/1,True
3,427,00000120211,11,12,1/12,1/1,True
3,428,00000120212,11,12,1/12,1/1,True
3,429,00000120220,11,12,1/12,1/1,True
3,430,00000120221,11,12,1/12,1/1,True
3,431,00000120222,11,12,1/12,1/1,True
3,432,00000121000,11,12,1/12,1/1,True
3,433,00000121001,11,12,1/12,1/1,True
3,434,00000121002,11,12,1/12,1/1,True
3,435,00000121010,11,12,1/12,1/1,True
3,436,00000121011,11,12,1/12,1/1,True
3,437,00000121012,11,12,1/12,1/1,True
3,438,00000121020,11,12,1/12,1/1,True
3,439,00000121021,11,12,1/12,1/1,True
3,440,00000121022,11,12,1/12,1/1,True
3,441,00000121100,11,12,1/12,1/1,True
3,442,00000121101,11,12,1/12,1/1,True
3,443,00000121102,11,12,1/12,1/1,True
3,444,00000121110,11,12,1/12,1/1,True
3,445,00000121111,11,12,1/12,1/1,True
3,446,00000121112,11,12,1/12,1/1,True
3,447,00000121120,11,12,1/12,1/1,True
3,448,00000121121,11,12,1/12,1/1,True
3,449,00000121122,11,12,1/12,1/1,True
3,450,00000121200,11,12,1/12,1/1,True
3,451,00000121201,11,12,1/12,1/1,True
3,452,00000121202,11,12,1/12,1/1,True
3,453,00000121210,11,12,1/12,1/1,True
3,454,00000121211,11,12,1/12,1/1,True
3,455,00000121212,11,12,1/12,1/1,True
3,456,00000121220,11,12,1/12,1/1,True
3,457,00000121221,11,12,1/12,1/1,True
3,458,00000121222,11,12,1/12,1/1,True
3,459,00000122000,11,12,1/12,1/1,True
3,460,00000122001,11,12,1/12,1/1,True
3,461,00000122002,11,12,1/12,1/1,True
3,462,00000122010,11,12,1/12,1/1,True
3,463,00000122011,11,12,1/12,1/1,True
3,464,00000122012,11,12,1/12,1/1,True
3,465,00000122020,11,12,1/12,1/1,True
3,466,00000122021,11,12,1/12,1/1,True
3,467,00000122022,11,12,1/12,1/1,True
3,468,00000122100,11,12,1/12,1/1,True
3,469,00000122101,11,12,1/12,1/1,True
3,470,00000122102,11,12,1/12,1/1,True
3,471,00000122110,11,12,1/12,1/1,True
3,472,00000122111,11,12,1/12,1/1,True
3,473,00000122112,11,12,1/12,1/1,True
3,474,00000122120,11,12,1/12,1/1,True
3,475,00000122121,11,12,1/12,1/1,True
3,476,00000122122,11,12,1/12,1/1,True
3,477,00000122200,11,12,1/12,1/1,True
3,478,00000122201,11,12,1/12,1/1,True
3,479,00000122202,11,12,1/12,1/1,True
3,480,00000122210,11,12,1/12,1/1,True
3,481,00000122211,11,12,1/12,1/1,True
3,482,00000122212,11,12,1/12,1/1,True
3,483,00000122220,11,12,1/12,1/1,True
3,484,00000122221,11,12,1/12,1/1,True
3,485,00000122222,11,12,1/12,1/1,True
3,486,00000200000,11,12,1/12,1/1,True
3,487,00000200001,11,12,1/12,1/1,True
3,488,00000200002,11,12,1/12,1/1,True
3,489,00000200010,11,12,1/12,1/1,True
3,490,00000200011,11,12,1/12,1/1,True
3,491,00000200012,11,12,1/12,1/1,True
3,492,00000200020,11,12,1/12,1/1,True
3,493,00000200021,11,12,1/12,1/1,True
3,494,00000200022,11,12,1/12,1/1,True
3,495,00000200100,11,12,1/12,1/1,True
3,496,00000200101,11,12,1/12,1/1,True
3,497,00000200102,11,12,1/12,1/1,True
3,498,00000200110,11,12,1/12,1/1,True
3,499,00000200111,11,12,1/12,1/1,True
3,500,00000200112,11,12,1/12,1/1,True
3,501,00000200120,11,12,1/12,1/1,True
3,502,00000200121,11,12,1/12,1/1,True
3,503,00000200122,11,12,1/12,1/1,True
3,504,00000200200,11,12,1/12,1/1,True
3,505,00000200201,11,12,1/12,1/1,True
3,506,00000200202,11,12,1/12,1/1,True
3,507,00000200210,11,12,1/12,1/1,True
3,508,00000200211,11,12,1/12,1/1,True
3,509,00000200212,11,12,1/12,1/1,True
3,510,00000200220,11,12,1/12,1/1,True
3,511,00000200221,11,12,1/12,1/1,True
3,512,00000200222,11,12,1/12,1/1,True
3,513,00000201000,11,12,1/12,1/1,True
3,514,00000201001,11,12,1/12,1/1,True
3,515,00000201002,11,12,1/12,1/1,True
3,516,00000201010,11,12,1/12,1/1,True
3,517,00000201011,11,12,1/12,1/1,True
3,518,00000201012,11,12,1/12,1/1,True
3,519,00000201020,11,12,1/12,1/1,True
3,520,00000201021,11,12,1/12,1/1,True
3,521,00000201022,11,12,1/12,1/1,True
3,522,00000201100,11,12,1/12,1/1,True
3,523,00000201101,11,12,1/12,1/1,True
3,524,00000201102,11,12,1/12,1/1,True
3,525,00000201110,11,12,1/12,1/1,True
3,526,00000201111,11,12,1/12,1/1,True
3,527,00000201112,11,12,1/12,1/1,True
3,528,00000201120,11,12,1/12,1/1,True
3,529,00000201121,11,12,1/12,1/1,True
3,530,00000201122,11,12,1/12,1/1,True
3,531,00000201200,11,12,1/12,1/1,True
3,532,00000201201,11,12,1/12,1/1,True
3,533,00000201202,11,12,1/12,1/1,True
3,534,00000201210,11,12,1/12,1/1,True
3,535,00000201211,11,12,1/12,1/1,True
3,536,00000201212,11,12,1/12,1/1,True
3,537,00000201220,11,12,1/12,1/1,True
3,538,00000201221,11,12,1/12,1/1,True
3,539,00000201222,11,12,1/12,1/1,True
3,540,00000202000,11,12,1/12,1/1,True
3,541,00000202001,11,12,1/12,1/1,True
3,542,00000202002,11,12,1/12,1/1,True
3,543,00000202010,11,12,1/12,1/1,True
3,544,00000202011,11,12,1/12,1/1,True
3,545,00000202012,11,12,1/12,1/1,True
3,546,00000202020,11,12,1/12,1/1,True
3,547,00000202021,11,12,1/12,1/1,True
3,548,00000202022,11,12,1/12,1/1,True
3,549,00000202100,11,12,1/12,1/1,True
3,550,00000202101,11,12,1/12,1/1,True
3,551,00000202102,11,12,1/12,1/1,True
3,552,00000202110,11,12,1/12,1/1,True
3,553,00000202111,11,12,1/12,1/1,True
3,554,00000202112,11,12,1/12,1/1,True
3,555,00000202120,11,12,1/12,1/1,True
3,556,00000202121,11,12,1/12,1/1,True
3,557,00000202122,11,12,1/12,1/1,True
3,558,00000202200,11,12,1/12,1/1,True
3,559,00000202201,11,12,1/12,1/1,True
3,560,00000202202,11,12,1/12,1/1,True
3,561,00000202210,11,12,1/12,1/1,True
3,562,00000202211,11,12,1/12,1/1,True
3,563,00000202212,11,12,1/12,1/1,True
3,564,00000202220,11,12,1/12,1/1,True
3,565,00000202221,11,12,1/12,1/1,True
3,566,00000202222,11,12,1/12,1/1,True
3,567,00000210000,11,12,1/12,1/1,True
3,568,00000210001,11,12,1/12,1/1,True
3,569,00000210002,11,12,1/12,1/1,True
3,570,00000210010,11,12,1/12,1/1,True
3,571,00000210011,11,12,1/12,1/1,True
3,572,00000210012,11,12,1/12,1/1,True
3,573,00000210020,11,12,1/12,1/1,True
3,574,00000210021,11,12,1/12,1/1,True
3,575,00000210022,11,12,1/12,1/1,True
3,576,00000210100,11,12,1/12,1/1,True
3,577,00000210101,11,12,1/12,1/1,True
3,578,00000210102,11,12,1/12,1/1,True
3,579,00000210110,11,12,1/12,1/1,True
3,580,00000210111,11,12,1/12,1/1,True
3,581,00000210112,11,12,1/12,1/1,True
3,582,00000210120,11,12,1/12,1/1,True
3,583,00000210121,11,12,1/12,1/1,True
3,584,00000210122,11,12,1/12,1/1,True
3,585,00000210200,11,12,1/12,1/1,True
3,586,00000210201,11,12,1/12,1/1,True
3,587,00000210202,11,12,1/12,1/1,True
3,588,00000210210,11,12,1/12,1/1,True
3,589,00000210211,11,12,1/12,1/1,True
3,590,00000210212,11,12,1/12,1/1,True
3,591,00000210220,11,12,1/12,1/1,True
3,592,00000210221,11,12,1/12,1/1,True
3,593,00000210222,11,12,1/12,1/1,True
3,594,00000211000,11,12,1/12,1/1,True
3,595,00000211001,11,12,1/12,1/1,True
3,596,00000211002,11,12,1/12,1/1,True
3,597,00000211010,11,12,1/12,1/1,True
3,598,00000211011,11,12,1/12,1/1,True
3,599,00000211012,11,12,1/12,1/1,True
3,600,00000211020,11,12,1/12,1/1,True
3,601,00000211021,11,12,1/12,1/1,True
3,602,00000211022,11,12,1/12,1/1,True
3,603,00000211100,11,12,1/12,1/1,True
3,604,00000211101,11,12,1/12,1/1,True
3,605,00000211102,11,12,1/12,1/1,True
3,606,00000211110,11,12,1/12,1/1,True
3,607,00000211111,11,12,1/12,1/1,True
3,608,00000211112,11,12,1/12,1/1,True
3,609,00000211120,11,12,1/12,1/1,True
3,610,00000211121,11,12,1/12,1/1,True
3,611,00000211122,11,12,1/12,1/1,True
3,612,00000211200,11,12,1/12,1/1,True
3,613,00000211201,11,12,1/12,1/1,True
3,614,00000211202,11,12,1/12,1/1,True
3,615,00000211210,11,12,1/12,1/1,True
3,616,00000211211,11,12,1/12,1/1,True
3,617,00000211212,11,12,1/12,1/1,True
3,618,00000211220,11,12,1/12,1/1,True
3,619,00000211221,11,12,1/12,1/1,True
3,620,00000211222,11,12,1/12,1/1,True
3,621,00000212000,11,12,1/12,1/1,True
3,622,00000212001,11,12,1/12,1/1,True
3,623,00000212002,11,12,1/12,1/1,True
3,624,00000212010,11,12,1/12,1/1,True
3,625,00000212011,11,12,1/12,1/1,True
3,626,00000212012,11,12,1/12,1/1,True
3,627,00000212020,11,12,1/12,1/1,True
3,628,00000212021,11,12,1/12,1/1,True
3,629,00000212022,11,12,1/12,1/1,True
3,630,00000212100,11,12,1/12,1/1,True
3,631,00000212101,11,12,1/12,1/1,True
3,632,00000212102,11,12,1/12,1/1,True
3,633,00000212110,11,12,1/12,1/1,True
3,634,00000212111,11,12,1/12,1/1,True
3,635,00000212112,11,12,1/12,1/1,True
3,636,00000212120,11,12,1/12,1/1,True
3,637,00000212121,11,12,1/12,1/1,True
3,638,00000212122,11,12,1/12,1/1,True
3,639,00000212200,11,12,1/12,1/1,True
3,640,00000212201,11,12,1/12,1/1,True
3,641,00000212202,11,12,1/12,1/1,True
3,642,00000212210,11,12,1/12,1/1,True
3,643,00000212211,11,12,1/12,1/1,True
3,644,00000212212,11,12,1/12,1/1,True
3,645,00000212220,11,12,1/12,1/1,True
3,646,00000212221,11,12,1/12,1/1,True
3,647,00000212222,11,12,1/12,1/1,True
3,648,00000220000,11,12,1/12,1/1,True
3,649,00000220001,11,12,1/12,1/1,True
3,650,00000220002,11,12,1/12,1/1,True
3,651,00000220010,11,12,1/12,1/1,True
3,652,00000220011,11,12,1/12,1/1,True
3,653,00000220012,11,12,1/12,1/1,True
3,654,00000220020,11,12,1/12,1/1,True
3,655,00000220021,11,12,1/12,1/1,True
3,656,00000220022,11,12,1/12,1/1,True
3,657,00000220100,11,12,1/12,1/1,True
3,658,00000220101,11,12,1/12,1/1,True
3,659,00000220102,11,12,1/12,1/1,True
3,660,00000220110,11,12,1/12,1/1,True
3,661,00000220111,11,12,1/12,1/1,True
3,662,00000220112,11,12,1/12,1/1,True
3,663,00000220120,11,12,1/12,1/1,True
3,664,00000220121,11,12,1/12,1/1,True
3,665,00000220122,11,12,1/12,1/1,True
3,666,00000220200,11,12,1/12,1/1,True
3,667,00000220201,11,12,1/12,1/1,True
3,668,00000220202,11,12,1/12,1/1,True
3,669,00000220210,11,12,1/12,1/1,True
3,670,00000220211,11,12,1/12,1/1,True
3,671,00000220212,11,12,1/12,1/1,True
3,672,00000220220,11,12,1/12,1/1,True
3,673,00000220221,11,12,1/12,1/1,True
3,674,00000220222,11,12,1/12,1/1,True
3,675,00000221000,11,12,1/12,1/1,True
3,676,00000221001,11,12,1/12,1/1,True
3,677,00000221002,11,12,1/12,1/1,True
3,678,00000221010,11,12,1/12,1/1,True
3,679,00000221011,11,12,1/12,1/1,True
3,680,00000221012,11,12,1/12,1/1,True
3,681,00000221020,11,12,1/12,1/1,True
3,682,00000221021,11,12,1/12,1/1,True
3,683,00000221022,11,12,1/12,1/1,True
3,684,00000221100,11,12,1/12,1/1,True
3,685,00000221101,11,12,1/12,1/1,True
3,686,00000221102,11,12,1/12,1/1,True
3,687,00000221110,11,12,1/12,1/1,True
3,688,00000221111,11,12,1/12,1/1,True
3,689,00000221112,11,12,1/12,1/1,True
3,690,00000221120,11,12,1/12,1/1,True
3,691,00000221121,11,12,1/12,1/1,True
3,692,00000221122,11,12,1/12,1/1,True
3,693,00000221200,11,12,1/12,1/1,True
3,694,00000221201,11,12,1/12,1/1,True
3,695,00000221202,11,12,1/12,1/1,True
3,696,00000221210,11,12,1/12,1/1,True
3,697,00000221211,11,12,1/12,1/1,True
3,698,00000221212,11,12,1/12,1/1,True
3,699,00000221220,11,12,1/12,1/1,True
3,700,00000221221,11,12,1/12,1/1,True
3,701,00000221222,11,12,1/12,1/1,True
3,702,00000222000,11,12,1/12,1/1,True
3,703,00000222001,11,12,1/12,1/1,True
3,704,00000222002,11,12,1/12,1/1,True
3,705,00000222010,11,12,1/12,1/1,True
3,706,00000222011,11,12,1/12,1/1,True
3,707,00000222012,11,12,1/12,1/1,True
3,708,00000222020,11,12,1/12,1/1,True
3,709,00000222021,11,12,1/12,1/1,True
3,710,00000222022,11,12,1/12,1/1,True
3,711,00000222100,11,12,1/12,1/1,True
3,712,00000222101,11,12,1/12,1/1,True
3,713,00000222102,11,12,1/12,1/1,True
3,714,00000222110,11,12,1/12,1/1,True
3,715,00000222111,11,12,1/12,1/1,True
3,716,00000222112,11,12,1/12,1/1,True
3,717,00000222120,11,12,1/12,1/1,True
3,718,00000222121,11,12,1/12,1/1,True
3,719,00000222122,11,12,1/12,1/1,True
3,720,00000222200,11,12,1/12,1/1,True
3,721,00000222201,11,12,1/12,1/1,True
3,722,00000222202,11,12,1/12,1/1,True
3,723,00000222210,11,12,1/12,1/1,True
3,724,00000222211,11,12,1/12,1/1,True
3,725,00000222212,11,12,1/12,1/1,True
3,726,00000222220,11,12,1/12,1/1,True
3,727,00000222221,11,12,1/12,1/1,True
3,728,00000222222,11,12,1/12,1/1,True
3,729,0000001000000,13,14,1/14,1/1,True
3,730,0000001000001,13,14,1/14,1/1,True
3,731,0000001000002,13,14,1/14,1/1,True
3,732,0000001000010,13,14,1/14,1/1,True
3,733,0000001000011,13,14,1/14,1/1,True
3,734,0000001000012,13,14,1/14,1/1,True
3,735,0000001000020,13,14,1/14,1/1,True
3,736,0000001000021,13,14,1/14,1/1,True
3,737,0000001000022,13,14,1/14,1/1,True
3,738,0000001000100,13,14,1/14,1/1,True
3,739,0000001000101,13,14,1/14,1/1,True
3,740,0000001000102,13,14,1/14,1/1,True
3,741,0000001000110,13,14,1/14,1/1,True
3,742,0000001000111,13,14,1/14,1/1,True
3,743,0000001000112,13,14,1/14,1/1,True
3,744,0000001000120,13,14,1/14,1/1,True
3,745,0000001000121,13,14,1/14,1/1,True
3,746,0000001000122,13,14,1/14,1/1,True
3,747,0000001000200,13,14,1/14,1/1,True
3,748,0000001000201,13,14,1/14,1/1,True
3,749,0000001000202,13,14,1/14,1/1,True
3,750,0000001000210,13,14,1/14,1/1,True
3,751,0000001000211,13,14,1/14,1/1,True
3,752,0000001000212,13,14,1/14,1/1,True
3,753,0000001000220,13,14,1/14,1/1,True
3,754,0000001000221,13,14,1/14,1/1,True
3,755,0000001000222,13,14,1/14,1/1,True
3,756,0000001001000,13,14,1/14,1/1,True
3,757,0000001001001,13,14,1/14,1/1,True
3,758,0000001001002,13,14,1/14,1/1,True
3,759,0000001001010,13,14,1/14,1/1,True
3,760,0000001001011,13,14,1/14,1/1,True
3,761,0000001001012,13,14,1/14,1/1,True
3,762,0000001001020,13,14,1/14,1/1,True
3,763,0000001001021,13,14,1/14,1/1,True
3,764,0000001001022,13,14,1/14,1/1,True
3,765,0000001001100,13,14,1/14,1/1,True
3,766,0000001001101,13,14,1/14,1/1,True
3,767,0000001001102,13,14,1/14,1/1,True
3,768,0000001001110,13,14,1/14,1/1,True
3,769,0000001001111,13,14,1/14,1/1,True
3,770,0000001001112,13,14,1/14,1/1,True
3,771,0000001001120,13,14,1/14,1/1,True
3,772,0000001001121,13,14,1/14,1/1,True
3,773,0000001001122,13,14,1/14,1/1,True
3,774,0000001001200,13,14,1/14,1/1,True
3,775,0000001001201,13,14,1/14,1/1,True
3,776,0000001001202,13,14,1/14,1/1,True
3,777,0000001001210,13,14,1/14,1/1,True
3,778,0000001001211,13,14,1/14,1/1,True
3,779,0000001001212,13,14,1/14,1/1,True
3,780,0000001001220,13,14,1/14,1/1,True
3,781,0000001001221,13,14,1/14,1/1,True
3,782,0000001001222,13,14,1/14,1/1,True
3,783,0000001002000,13,14,1/14,1/1,True
3,784,0000001002001,13,14,1/14,1/1,True
3,785,0000001002002,13,14,1/14,1/1,True
3,786,0000001002010,13,14,1/14,1/1,True
3,787,0000001002011,13,14,1/14,1/1,True
3,788,0000001002012,13,14,1/14,1/1,True
3,789,0000001002020,13,14,1/14,1/1,True
3,790,0000001002021,13,14,1/14,1/1,True
3,791,0000001002022,13,14,1/14,1/1,True
3,792,0000001002100,13,14,1/14,1/1,True
3,793,0000001002101,13,14,1/14,1/1,True
3,794,0000001002102,13,14,1/14,1/1,True
3,795,0000001002110,13,14,1/14,1/1,True
3,796,0000001002111,13,14,1/14,1/1,True
3,797,0000001002112,13,14,1/14,1/1,True
3,798,0000001002120,13,14,1/14,1/1,True
3,799,0000001002121,13,14,1/14,1/1,True
3,800,0000001002122,13,14,1/14,1/1,True
3,801,0000001002200,13,14,1/14,1/1,True
3,802,0000001002201,13,14,1/14,1/1,True
3,803,0000001002202,13,14,1/14,1/1,True
3,804,0000001002210,13,14,1/14,1/1,True
3,805,0000001002211,13,14,1/14,1/1,True
3,806,0000001002212,13,14,1/14,1/1,True
3,807,0000001002220,13,14,1/14,1/1,True
3,808,0000001002221,13,14,1/14,1/1,True
3,809,0000001002222,13,14,1/14,1/1,True
3,810,0000001010000,13,14,1/14,1/1,True
3,811,0000001010001,13,14,1/14,1/1,True
3,812,0000001010002,13,14,1/14,1/1,True
3,813,0000001010010,13,14,1/14,1/1,True
3,814,0000001010011,13,14,1/14,1/1,True
3,815,0000001010012,13,14,1/14,1/1,True
3,816,0000001010020,13,14,1/14,1/1,True
3,817,0000001010021,13,14,1/14,1/1,True
3,818,0000001010022,13,14,1/14,1/1,True
3,819,0000001010100,13,14,1/14,1/1,True
3,820,0000001010101,13,14,1/14,1/1,True
3,821,0000001010102,13,14,1/14,1/1,True
3,822,0000001010110,13,14,1/14,1/1,True
3,823,0000001010111,13,14,1/14,1/1,True
3,824,0000001010112,13,14,1/14,1/1,True
3,825,0000001010120,13,14,1/14,1/1,True
3,826,0000001010121,13,14,1/14,1/1,True
3,827,0000001010122,13,14,1/14,1/1,True
3,828,0000001010200,13,14,1/14,1/1,True
3,829,0000001010201,13,14,1/14,1/1,True
3,830,0000001010202,13,14,1/14,1/1,True
3,831,0000001010210,13,14,1/14,1/1,True
3,832,0000001010211,13,14,1/14,1/1,True
3,833,0000001010212,13,14,1/14,1/1,True
3,834,0000001010220,13,14,1/14,1/1,True
3,835,0000001010221,13,14,1/14,1/1,True
3,836,0000001010222,13,14,1/14,1/1,True
3,837,0000001011000,13,14,1/14,1/1,True
3,838,0000001011001,13,14,1/14,1/1,True
3,839,0000001011002,13,14,1/14,1/1,True
3,840,0000001011010,13,14,1/14,1/1,True
3,841,0000001011011,13,14,1/14,1/1,True
3,842,0000001011012,13,14,1/14,1/1,True
3,843,0000001011020,13,14,1/14,1/1,True
3,844,0000001011021,13,14,1/14,1/1,True
3,845,0000001011022,13,14,1/14,1/1,True
3,846,0000001011100,13,14,1/14,1/1,True
3,847,0000001011101,13,14,1/14,1/1,True
3,848,0000001011102,13,14,1/14,1/1,True
3,849,0000001011110,13,14,1/14,1/1,True
3,850,0000001011111,13,14,1/14,1/1,True
3,851,0000001011112,13,14,1/14,1/1,True
3,852,0000001011120,13,14,1/14,1/1,True
3,853,0000001011121,13,14,1/14,1/1,True
3,854,0000001011122,13,14,1/14,1/1,True
3,855,0000001011200,13,14,1/14,1/1,True
3,856,0000001011201,13,14,1/14,1/1,True
3,857,0000001011202,13,14,1/14,1/1,True
3,858,0000001011210,13,14,1/14,1/1,True
3,859,0000001011211,13,14,1/14,1/1,True
3,860,0000001011212,13,14,1/14,1/1,True
3,861,0000001011220,13,14,1/14,1/1,True
3,862,0000001011221,13,14,1/14,1/1,True
3,863,0000001011222,13,14,1/14,1/1,True
3,864,0000001012000,13,14,1/14,1/1,True
3,865,0000001012001,13,14,1/14,1/1,True
3,866,0000001012002,13,14,1/14,1/1,True
3,867,0000001012010,13,14,1/14,1/1,True
3,868,0000001012011,13,14,1/14,1/1,True
3,869,0000001012012,13,14,1/14,1/1,True
3,870,0000001012020,13,14,1/14,1/1,True
3,871,0000001012021,13,14,1/14,1/1,True
3,872,0000001012022,13,14,1/14,1/1,True
3,873,0000001012100,13,14,1/14,1/1,True
3,874,0000001012101,13,14,1/14,1/1,True
3,875,0000001012102,13,14,1/14,1/1,True
3,876,0000001012110,13,14,1/14,1/1,True
3,877,0000001012111,13,14,1/14,1/1,True
3,878,0000001012112,13,14,1/14,1/1,True
3,879,0000001012120,13,14,1/14,1/1,True
3,880,0000001012121,13,14,1/14,1/1,True
3,881,0000001012122,13,14,1/14,1/1,True
3,882,0000001012200,13,14,1/14,1/1,True
3,883,0000001012201,13,14,1/14,1/1,True
3,884,0000001012202,13,14,1/14,1/1,True
3,885,0000001012210,13,14,1/14,1/1,True
3,886,0000001012211,13,14,1/14,1/1,True
3,887,0000001012212,13,14,1/14,1/1,True
3,888,0000001012220,13,14,1/14,1/1,True
3,889,0000001012221,13,14,1/14,1/1,True
3,890,0000001012222,13,14,1/14,1/1,True
3,891,0000001020000,13,14,1/14,1/1,True
3,892,0000001020001,13,14,1/14,1/1,True
3,893,0000001020002,13,14,1/14,1/1,True
3,894,0000001020010,13,14,1/14,1/1,True
3,895,0000001020011,13,14,1/14,1/1,True
3,896,0000001020012,13,14,1/14,1/1,True
3,897,0000001020020,13,14,1/14,1/1,True
3,898,0000001020021,13,14,1/14,1/1,True
3,899,0000001020022,13,14,1/14,1/1,True
3,900,0000001020100,13,14,1/14,1/1,True
3,901,0000001020101,13,14,1/14,1/1,True
3,902,0000001020102,13,14,1/14,1/1,True
3,903,0000001020110,13,14,1/14,1/1,True
3,904,0000001020111,13,14,1/14,1/1,True
3,905,0000001020112,13,14,1/14,1/1,True
3,906,0000001020120,13,14,1/14,1/1,True
3,907,0000001020121,13,14,1/14,1/1,True
3,908,0000001020122,13,14,1/14,1/1,True
3,909,0000001020200,13,14,1/14,1/1,True
3,910,0000001020201,13,14,1/14,1/1,True
3,911,0000001020202,13,14,1/14,1/1,True
3,912,0000001020210,13,14,1/14,1/1,True
3,913,0000001020211,13,14,1/14,1/1,True
3,914,0000001020212,13,14,1/14,1/1,True
3,915,0000001020220,13,14,1/14,1/1,True
3,916,0000001020221,13,14,1/14,1/1,True
3,917,0000001020222,13,14,1/14,1/1,True
3,918,0000001021000,13,14,1/14,1/1,True
3,919,0000001021001,13,14,1/14,1/1,True
3,920,0000001021002,13,14,1/14,1/1,True
3,921,0000001021010,13,14,1/14,1/1,True
3,922,0000001021011,13,14,1/14,1/1,True
3,923,0000001021012,13,14,1/14,1/1,True
3,924,0000001021020,13,14,1/14,1/1,True
3,925,0000001021021,13,14,1/14,1/1,True
3,926,0000001021022,13,14,1/14,1/1,True
3,927,0000001021100,13,14,1/14,1/1,True
3,928,0000001021101,13,14,1/14,1/1,True
3,929,0000001021102,13,14,1/14,1/1,True
3,930,0000001021110,13,14,1/14,1/1,True
3,931,0000001021111,13,14,1/14,1/1,True
3,932,0000001021112,13,14,1/14,1/1,True
3,933,0000001021120,13,14,1/14,1/1,True
3,934,0000001021121,13,14,1/14,1/1,True
3,935,0000001021122,13,14,1/14,1/1,True
3,936,0000001021200,13,14,1/14,1/1,True
3,937,0000001021201,13,14,1/14,1/1,True
3,938,0000001021202,13,14,1/14,1/1,True
3,939,0000001021210,13,14,1/14,1/1,True
3,940,0000001021211,13,14,1/14,1/1,True
3,941,0000001021212,13,14,1/14,1/1,True
3,942,0000001021220,13,14,1/14,1/1,True
3,943,0000001021221,13,14,1/14,1/1,True
3,944,0000001021222,13,14,1/14,1/1,True
3,945,0000001022000,13,14,1/14,1/1,True
3,946,0000001022001,13,14,1/14,1/1,True
3,947,0000001022002,13,14,1/14,1/1,True
3,948,0000001022010,13,14,1/14,1/1,True
3,949,0000001022011,13,14,1/14,1/1,True
3,950,0000001022012,13,14,1/14,1/1,True
3,951,0000001022020,13,14,1/14,1/1,True
3,952,0000001022021,13,14,1/14,1/1,True
3,953,0000001022022,13,14,1/14,1/1,True
3,954,0000001022100,13,14,1/14,1/1,True
3,955,0000001022101,13,14,1/14,1/1,True
3,956,0000001022102,13,14,1/14,1/1,True
3,957,0000001022110,13,14,1/14,1/1,True
3,958,0000001022111,13,14,1/14,1/1,True
3,959,0000001022112,13,14,1/14,1/1,True
3,960,0000001022120,13,14,1/14,1/1,True
3,961,0000001022121,13,14,1/14,1/1,True
3,962,0000001022122,13,14,1/14,1/1,True
3,963,0000001022200,13,14,1/14,1/1,True
3,964,0000001022201,13,14,1/14,1/1,True
3,965,0000001022202,13,14,1/14,1/1,True
3,966,0000001022210,13,14,1/14,1/1,True
3,967,0000001022211,13,14,1/14,1/1,True
3,968,0000001022212,13,14,1/14,1/1,True
3,969,0000001022220,13,14,1/14,1/1,True
3,970,0000001022221,13,14,1/14,1/1,True
3,971,0000001022222,13,14,1/14,1/1,True
3,972,0000001100000,13,14,1/14,1/1,True
3,973,0000001100001,13,14,1/14,1/1,True
3,974,0000001100002,13,14,1/14,1/1,True
3,975,0000001100010,13,14,1/14,1/1,True
3,976,0000001100011,13,14,1/14,1/1,True
3,977,0000001100012,13,14,1/14,1/1,True
3,978,0000001100020,13,14,1/14,1/1,True
3,979,0000001100021,13,14,1/14,1/1,True
3,980,0000001100022,13,14,1/14,1/1,True
3,981,0000001100100,13,14,1/14,1/1,True
3,982,0000001100101,13,14,1/14,1/1,True
3,983,0000001100102,13,14,1/14,1/1,True
3,984,0000001100110,13,14,1/14,1/1,True
3,985,0000001100111,13,14,1/14,1/1,True
3,986,0000001100112,13,14,1/14,1/1,True
3,987,0000001100120,13,14,1/14,1/1,True
3,988,0000001100121,13,14,1/14,1/1,True
3,989,0000001100122,13,14,1/14,1/1,True
3,990,0000001100200,13,14,1/14,1/1,True
3,991,0000001100201,13,14,1/14,1/1,True
3,992,0000001100202,13,14,1/14,1/1,True
3,993,0000001100210,13,14,1/14,1/1,True
3,994,0000001100211,13,14,1/14,1/1,True
3,995,0000001100212,13,14,1/14,1/1,True
3,996,0000001100220,13,14,1/14,1/1,True
3,997,0000001100221,13,14,1/14,1/1,True
3,998,0000001100222,13,14,1/14,1/1,True
3,999,0000001101000,13,14,1/14,1/1,True
3,1000,0000001101001,13,14,1/14,1/1,True
3,1001,0000001101002,13,14,1/14,1/1,True
3,1002,0000001101010,13,14,1/14,1/1,True
3,1003,0000001101011,13,14,1/14,1/1,True
3,1004,0000001101012,13,14,1/14,1/1,True
3,1005,0000001101020,13,14,1/14,1/1,True
3,1006,0000001101021,13,14,1/14,1/1,True
3,1007,0000001101022,13,14,1/14,1/1,True
3,1008,0000001101100,13,14,1/14,1/1,True
3,1009,0000001101101,13,14,1/14,1/1,True
3,1010,0000001101102,13,14,1/14,1/1,True
3,1011,0000001101110,13,14,1/14,1/1,True
3,1012,0000001101111,13,14,1/14,1/1,True
3,1013,0000001101112,13,14,1/14,1/1,True
3,1014,0000001101120,13,14,1/14,1/1,True
3,1015,0000001101121,13,14,1/14,1/1,True
3,1016,0000001101122,13,14,1/14,1/1,True
3,1017,0000001101200,13,14,1/14,1/1,True
3,1018,0000001101201,13,14,1/14,1/1,True
3,1019,0000001101202,13,14,1/14,1/1,True
3,1020,0000001101210,13,14,1/14,1/1,True
3,1021,0000001101211,13,14,1/14,1/1,True
3,1022,0000001101212,13,14,1/14,1/1,True
3,1023,0000001101220,13,14,1/14,1/1,True
3,1024,0000001101221,13,14,1/14,1/1,True
3,1025,0000001101222,13,14,1/14,1/1,True
3,1026,0000001102000,13,14,1/14,1/1,True
3,1027,0000001102001,13,14,1/14,1/1,True
3,1028,0000001102002,13,14,1/14,1/1,True
3,1029,0000001102010,13,14,1/14,1/1,True
3,1030,0000001102011,13,14,1/14,1/1,True
3,1031,0000001102012,13,14,1/14,1/1,True
3,1032,0000001102020,13,14,1/14,1/1,True
3,1033,0000001102021,13,14,1/14,1/1,True
3,1034,0000001102022,13,14,1/14,1/1,True
3,1035,0000001102100,13,14,1/14,1/1,True
3,1036,0000001102101,13,14,1/14,1/1,True
3,1037,0000001102102,13,14,1/14,1/1,True
3,1038,0000001102110,13,14,1/14,1/1,True
3,1039,0000001102111,13,14,1/14,1/1,True
3,1040,0000001102112,13,14,1/14,1/1,True
3,1041,0000001102120,13,14,1/14,1/1,True
3,1042,0000001102121,13,14,1/14,1/1,True
3,1043,0000001102122,13,14,1/14,1/1,True
3,1044,0000001102200,13,14,1/14,1/1,True
3,1045,0000001102201,13,14,1/14,1/1,True
3,1046,0000001102202,13,14,1/14,1/1,True
3,1047,0000001102210,13,14,1/14,1/1,True
3,1048,0000001102211,13,14,1/14,1/1,True
3,1049,0000001102212,13,14,1/14,1/1,True
3,1050,0000001102220,13,14,1/14,1/1,True
3,1051,0000001102221,13,14,1/14,1/1,True
3,1052,0000001102222,13,14,1/14,1/1,True
3,1053,0000001110000,13,14,1/14,1/1,True
3,1054,0000001110001,13,14,1/14,1/1,True
3,1055,0000001110002,13,14,1/14,1/1,True
3,1056,0000001110010,13,14,1/14,1/1,True
3,1057,0000001110011,13,14,1/14,1/1,True
3,1058,0000001110012,13,14,1/14,1/1,True
3,1059,0000001110020,13,14,1/14,1/1,True
3,1060,0000001110021,13,14,1/14,1/1,True
3,1061,0000001110022,13,14,1/14,1/1,True
3,1062,0000001110100,13,14,1/14,1/1,True
3,1063,0000001110101,13,14,1/14,1/1,True
3,1064,0000001110102,13,14,1/14,1/1,True
3,1065,0000001110110,13,14,1/14,1/1,True
3,1066,0000001110111,13,14,1/14,1/1,True
3,1067,0000001110112,13,14,1/14,1/1,True
3,1068,0000001110120,13,14,1/14,1/1,True
3,1069,0000001110121,13,14,1/14,1/1,True
3,1070,0000001110122,13,14,1/14,1/1,True
3,1071,0000001110200,13,14,1/14,1/1,True
3,1072,0000001110201,13,14,1/14,1/1,True
3,1073,0000001110202,13,14,1/14,1/1,True
3,1074,0000001110210,13,14,1/14,1/1,True
3,1075,0000001110211,13,14,1/14,1/1,True
3,1076,0000001110212,13,14,1/14,1/1,True
3,1077,0000001110220,13,14,1/14,1/1,True
3,1078,0000001110221,13,14,1/14,1/1,True
3,1079,0000001110222,13,14,1/14,1/1,True
3,1080,0000001111000,13,14,1/14,1/1,True
3,1081,0000001111001,13,14,1/14,1/1,True
3,1082,0000001111002,13,14,1/14,1/1,True
3,1083,0000001111010,13,14,1/14,1/1,True
3,1084,0000001111011,13,14,1/14,1/1,True
3,1085,0000001111012,13,14,1/14,1/1,True
3,1086,0000001111020,13,14,1/14,1/1,True
3,1087,0000001111021,13,14,1/14,1/1,True
3,1088,0000001111022,13,14,1/14,1/1,True
3,1089,0000001111100,13,14,1/14,1/1,True
3,1090,0000001111101,13,14,1/14,1/1,True
3,1091,0000001111102,13,14,1/14,1/1,True
3,1092,0000001111110,13,14,1/14,1/1,True
3,1093,0000001111111,13,14,1/14,1/1,True
3,1094,0000001111112,13,14,1/14,1/1,True
3,1095,0000001111120,13,14,1/14,1/1,True
3,1096,0000001111121,13,14,1/14,1/1,True
3,1097,0000001111122,13,14,1/14,1/1,True
3,1098,0000001111200,13,14,1/14,1/1,True
3,1099,0000001111201,13,14,1/14,1/1,True
3,1100,0000001111202,13,14,1/14,1/1,True
3,1101,0000001111210,13,14,1/14,1/1,True
3,1102,0000001111211,13,14,1/14,1/1,True
3,1103,0000001111212,13,14,1/14,1/1,True
3,1104,0000001111220,13,14,1/14,1/1,True
3,1105,0000001111221,13,14,1/14,1/1,True
3,1106,0000001111222,13,14,1/14,1/1,True
3,1107,0000001112000,13,14,1/14,1/1,True
3,1108,0000001112001,13,14,1/14,1/1,True
3,1109,0000001112002,13,14,1/14,1/1,True
3,1110,0000001112010,13,14,1/14,1/1,True
3,1111,0000001112011,13,14,1/14,1/1,True
3,1112,0000001112012,13,14,1/14,1/1,True
3,1113,0000001112020,13,14,1/14,1/1,True
3,1114,0000001112021,13,14,1/14,1/1,True
3,1115,0000001112022,13,14,1/14,1/1,True
3,1116,0000001112100,13,14,1/14,1/1,True
3,1117,0000001112101,13,14,1/14,1/1,True
3,1118,0000001112102,13,14,1/14,1/1,True
3,1119,0000001112110,13,14,1/14,1/1,True
3,1120,0000001112111,13,14,1/14,1/1,True
3,1121,0000001112112,13,14,1/14,1/1,True
3,1122,0000001112120,13,14,1/14,1/1,True
3,1123,0000001112121,13,14,1/14,1/1,True
3,1124,0000001112122,13,14,1/14,1/1,True
3,1125,0000001112200,13,14,1/14,1/1,True
3,1126,0000001112201,13,14,1/14,1/1,True
3,1127,0000001112202,13,14,1/14,1/1,True
3,1128,0000001112210,13,14,1/14,1/1,True
3,1129,0000001112211,13,14,1/14,1/1,True
3,1130,0000001112212,13,14,1/14,1/1,True
3,1131,0000001112220,13,14,1/14,1/1,True
3,1132,0000001112221,13,14,1/14,1/1,True
3,1133,0000001112222,13,14,1/14,1/1,True
3,1134,0000001120000,13,14,1/14,1/1,True
3,1135,0000001120001,13,14,1/14,1/1,True
3,1136,0000001120002,13,14,1/14,1/1,True
3,1137,0000001120010,13,14,1/14,1/1,True
3,1138,0000001120011,13,14,1/14,1/1,True
3,1139,0000001120012,13,14,1/14,1/1,True
3,1140,0000001120020,13,14,1/14,1/1,True
3,1141,0000001120021,13,14,1/14,1/1,True
3,1142,0000001120022,13,14,1/14,1/1,True
3,1143,0000001120100,13,14,1/14,1/1,True
3,1144,0000001120101,13,14,1/14,1/1,True
3,1145,0000001120102,13,14,1/14,1/1,True
3,1146,0000001120110,13,14,1/14,1/1,True
3,1147,0000001120111,13,14,1/14,1/1,True
3,1148,0000001120112,13,14,1/14,1/1,True
3,1149,0000001120120,13,14,1/14,1/1,True
3,1150,0000001120121,13,14,1/14,1/1,True
3,1151,0000001120122,13,14,1/14,1/1,True
3,1152,0000001120200,13,14,1/14,1/1,True
3,1153,0000001120201,13,14,1/14,1/1,True
3,1154,0000001120202,13,14,1/14,1/1,True
3,1155,0000001120210,13,14,1/14,1/1,True
3,1156,0000001120211,13,14,1/14,1/1,True
3,1157,0000001120212,13,14,1/14,1/1,True
3,1158,0000001120220,13,14,1/14,1/1,True
3,1159,0000001120221,13,14,1/14,1/1,True
3,1160,0000001120222,13,14,1/14,1/1,True
3,1161,0000001121000,13,14,1/14,1/1,True
3,1162,0000001121001,13,14,1/14,1/1,True
3,1163,0000001121002,13,14,1/14,1/1,True
3,1164,0000001121010,13,14,1/14,1/1,True
3,1165,0000001121011,13,14,1/14,1/1,True
3,1166,0000001121012,13,14,1/14,1/1,True
3,1167,0000001121020,13,14,1/14,1/1,True
3,1168,0000001121021,13,14,1/14,1/1,True
3,1169,0000001121022,13,14,1/14,1/1,True
3,1170,0000001121100,13,14,1/14,1/1,True
3,1171,0000001121101,13,14,1/14,1/1,True
3,1172,0000001121102,13,14,1/14,1/1,True
3,1173,0000001121110,13,14,1/14,1/1,True
3,1174,0000001121111,13,14,1/14,1/1,True
3,1175,0000001121112,13,14,1/14,1/1,True
3,1176,0000001121120,13,14,1/14,1/1,True
3,1177,0000001121121,13,14,1/14,1/1,True
3,1178,0000001121122,13,14,1/14,1/1,True
3,1179,0000001121200,13,14,1/14,1/1,True
3,1180,0000001121201,13,14,1/14,1/1,True
3,1181,0000001121202,13,14,1/14,1/1,True
3,1182,0000001121210,13,14,1/14,1/1,True
3,1183,0000001121211,13,14,1/14,1/1,True
3,1184,0000001121212,13,14,1/14,1/1,True
3,1185,0000001121220,13,14,1/14,1/1,True
3,1186,0000001121221,13,14,1/14,1/1,True
3,1187,0000001121222,13,14,1/14,1/1,True
3,1188,0000001122000,13,14,1/14,1/1,True
3,1189,0000001122001,13,14,1/14,1/1,True
3,1190,0000001122002,13,14,1/14,1/1,True
3,1191,0000001122010,13,14,1/14,1/1,True
3,1192,0000001122011,13,14,1/14,1/1,True
3,1193,0000001122012,13,14,1/14,1/1,True
3,1194,0000001122020,13,14,1/14,1/1,True
3,1195,0000001122021,13,14,1/14,1/1,True
3,1196,0000001122022,13,14,1/14,1/1,True
3,1197,0000001122100,13,14,1/14,1/1,True
3,1198,0000001122101,13,14,1/14,1/1,True
3,1199,0000001122102,13,14,1/14,1/1,True
3,1200,0000001122110,13,14,1/14,1/1,True
3,1201,0000001122111,13,14,1/14,1/1,True
3,1202,0000001122112,13,14,1/14,1/1,True
3,1203,0000001122120,13,14,1/14,1/1,True
3,1204,0000001122121,13,14,1/14,1/1,True
3,1205,0000001122122,13,14,1/14,1/1,True
3,1206,0000001122200,13,14,1/14,1/1,True
3,1207,0000001122201,13,14,1/14,1/1,True
3,1208,0000001122202,13,14,1/14,1/1,True
3,1209,0000001122210,13,14,1/14,1/1,True
3,1210,0000001122211,13,14,1/14,1/1,True
3,1211,0000001122212,13,14,1/14,1/1,True
3,1212,0000001122220,13,14,1/14,1/1,True
3,1213,0000001122221,13,14,1/14,1/1,True
3,1214,0000001122222,13,14,1/14,1/1,True
3,1215,0000001200000,13,14,1/14,1/1,True
3,1216,0000001200001,13,14,1/14,1/1,True
3,1217,0000001200002,13,14,1/14,1/1,True
3,1218,0000001200010,13,14,1/14,1/1,True
3,1219,0000001200011,13,14,1/14,1/1,True
3,1220,0000001200012,13,14,1/14,1/1,True
3,1221,0000001200020,13,14,1/14,1/1,True
3,1222,0000001200021,13,14,1/14,1/1,True
3,1223,0000001200022,13,14,1/14,1/1,True
3,1224,0000001200100,13,14,1/14,1/1,True
3,1225,0000001200101,13,14,1/14,1/1,True
3,1226,0000001200102,13,14,1/14,1/1,True
3,1227,0000001200110,13,14,1/14,1/1,True
3,1228,0000001200111,13,14,1/14,1/1,True
3,1229,0000001200112,13,14,1/14,1/1,True
3,1230,0000001200120,13,14,1/14,1/1,True
3,1231,0000001200121,13,14,1/14,1/1,True
3,1232,0000001200122,13,14,1/14,1/1,True
3,1233,0000001200200,13,14,1/14,1/1,True
3,1234,0000001200201,13,14,1/14,1/1,True
3,1235,0000001200202,13,14,1/14,1/1,True
3,1236,0000001200210,13,14,1/14,1/1,True
3,1237,0000001200211,13,14,1/14,1/1,True
3,1238,0000001200212,13,14,1/14,1/1,True
3,1239,0000001200220,13,14,1/14,1/1,True
3,1240,0000001200221,13,14,1/14,1/1,True
3,1241,0000001200222,13,14,1/14,1/1,True
3,1242,0000001201000,13,14,1/14,1/1,True
3,1243,0000001201001,13,14,1/14,1/1,True
3,1244,0000001201002,13,14,1/14,1/1,True
3,1245,0000001201010,13,14,1/14,1/1,True
3,1246,0000001201011,13,14,1/14,1/1,True
3,1247,0000001201012,13,14,1/14,1/1,True
3,1248,0000001201020,13,14,1/14,1/1,True
3,1249,0000001201021,13,14,1/14,1/1,True
3,1250,0000001201022,13,14,1/14,1/1,True
3,1251,0000001201100,13,14,1/14,1/1,True
3,1252,0000001201101,13,14,1/14,1/1,True
3,1253,0000001201102,13,14,1/14,1/1,True
3,1254,0000001201110,13,14,1/14,1/1,True
3,1255,0000001201111,13,14,1/14,1/1,True
3,1256,0000001201112,13,14,1/14,1/1,True
3,1257,0000001201120,13,14,1/14,1/1,True
3,1258,0000001201121,13,14,1/14,1/1,True
3,1259,0000001201122,13,14,1/14,1/1,True
3,1260,0000001201200,13,14,1/14,1/1,True
3,1261,0000001201201,13,14,1/14,1/1,True
3,1262,0000001201202,13,14,1/14,1/1,True
3,1263,0000001201210,13,14,1/14,1/1,True
3,1264,0000001201211,13,14,1/14,1/1,True
3,1265,0000001201212,13,14,1/14,1/1,True
3,1266,0000001201220,13,14,1/14,1/1,True
3,1267,0000001201221,13,14,1/14,1/1,True
3,1268,0000001201222,13,14,1/14,1/1,True
3,1269,0000001202000,13,14,1/14,1/1,True
3,1270,0000001202001,13,14,1/14,1/1,True
3,1271,0000001202002,13,14,1/14,1/1,True
3,1272,0000001202010,13,14,1/14,1/1,True
3,1273,0000001202011,13,14,1/14,1/1,True
3,1274,0000001202012,13,14,1/14,1/1,True
3,1275,0000001202020,13,14,1/14,1/1,True
3,1276,0000001202021,13,14,1/14,1/1,True
3,1277,0000001202022,13,14,1/14,1/1,True
3,1278,0000001202100,13,14,1/14,1/1,True
3,1279,0000001202101,13,14,1/14,1/1,True
3,1280,0000001202102,13,14,1/14,1/1,True
3,1281,0000001202110,13,14,1/14,1/1,True
3,1282,0000001202111,13,14,1/14,1/1,True
3,1283,0000001202112,13,14,1/14,1/1,True
3,1284,0000001202120,13,14,1/14,1/1,True
3,1285,0000001202121,13,14,1/14,1/1,True
3,1286,0000001202122,13,14,1/14,1/1,True
3,1287,0000001202200,13,14,1/14,1/1,True
3,1288,0000001202201,13,14,1/14,1/1,True
3,1289,0000001202202,13,14,1/14,1/1,True
3,1290,0000001202210,13,14,1/14,1/1,True
3,1291,0000001202211,13,14,1/14,1/1,True
3,1292,0000001202212,13,14,1/14,1/1,True
3,1293,0000001202220,13,14,1/14,1/1,True
3,1294,0000001202221,13,14,1/14,1/1,True
3,1295,0000001202222,13,14,1/14,1/1,True
3,1296,0000001210000,13,14,1/14,1/1,True
3,1297,0000001210001,13,14,1/14,1/1,True
3,1298,0000001210002,13,14,1/14,1/1,True
3,1299,0000001210010,13,14,1/14,1/1,True
3,1300,0000001210011,13,14,1/14,1/1,True
3,1301,0000001210012,13,14,1/14,1/1,True
3,1302,0000001210020,13,14,1/14,1/1,True
3,1303,0000001210021,13,14,1/14,1/1,True
3,1304,0000001210022,13,14,1/14,1/1,True
3,1305,0000001210100,13,14,1/14,1/1,True
3,1306,0000001210101,13,14,1/14,1/1,True
3,1307,0000001210102,13,14,1/14,1/1,True
3,1308,0000001210110,13,14,1/14,1/1,True
3,1309,0000001210111,13,14,1/14,1/1,True
3,1310,0000001210112,13,14,1/14,1/1,True
3,1311,0000001210120,13,14,1/14,1/1,True
3,1312,0000001210121,13,14,1/14,1/1,True
3,1313,0000001210122,13,14,1/14,1/1,True
3,1314,0000001210200,13,14,1/14,1/1,True
3,1315,0000001210201,13,14,1/14,1/1,True
3,1316,0000001210202,13,14,1/14,1/1,True
3,1317,0000001210210,13,14,1/14,1/1,True
3,1318,0000001210211,13,14,1/14,1/1,True
3,1319,0000001210212,13,14,1/14,1/1,True
3,1320,0000001210220,13,14,1/14,1/1,True
3,1321,0000001210221,13,14,1/14,1/1,True
3,1322,0000001210222,13,14,1/14,1/1,True
3,1323,0000001211000,13,14,1/14,1/1,True
3,1324,0000001211001,13,14,1/14,1/1,True
3,1325,0000001211002,13,14,1/14,1/1,True
3,1326,0000001211010,13,14,1/14,1/1,True
3,1327,0000001211011,13,14,1/14,1/1,True
3,1328,0000001211012,13,14,1/14,1/1,True
3,1329,0000001211020,13,14,1/14,1/1,True
3,1330,0000001211021,13,14,1/14,1/1,True
3,1331,0000001211022,13,14,1/14,1/1,True
3,1332,0000001211100,13,14,1/14,1/1,True
3,1333,0000001211101,13,14,1/14,1/1,True
3,1334,0000001211102,13,14,1/14,1/1,True
3,1335,0000001211110,13,14,1/14,1/1,True
3,1336,0000001211111,13,14,1/14,1/1,True
3,1337,0000001211112,13,14,1/14,1/1,True
3,1338,0000001211120,13,14,1/14,1/1,True
3,1339,0000001211121,13,14,1/14,1/1,True
3,1340,0000001211122,13,14,1/14,1/1,True
3,1341,0000001211200,13,14,1/14,1/1,True
3,1342,0000001211201,13,14,1/14,1/1,True
3,1343,0000001211202,13,14,1/14,1/1,True
3,1344,0000001211210,13,14,1/14,1/1,True
3,1345,0000001211211,13,14,1/14,1/1,True
3,1346,0000001211212,13,14,1/14,1/1,True
3,1347,0000001211220,13,14,1/14,1/1,True
3,1348,0000001211221,13,14,1/14,1/1,True
3,1349,0000001211222,13,14,1/14,1/1,True
3,1350,0000001212000,13,14,1/14,1/1,True
3,1351,0000001212001,13,14,1/14,1/1,True
3,1352,0000001212002,13,14,1/14,1/1,True
3,1353,0000001212010,13,14,1/14,1/1,True
3,1354,0000001212011,13,14,1/14,1/1,True
3,1355,0000001212012,13,14,1/14,1/1,True
3,1356,0000001212020,13,14,1/14,1/1,True
3,1357,0000001212021,13,14,1/14,1/1,True
3,1358,0000001212022,13,14,1/14,1/1,True
3,1359,0000001212100,13,14,1/14,1/1,True
3,1360,0000001212101,13,14,1/14,1/1,True
3,1361,0000001212102,13,14,1/14,1/1,True
3,1362,0000001212110,13,14,1/14,1/1,True
3,1363,0000001212111,13,14,1/14,1/1,True
3,1364,0000001212112,13,14,1/14,1/1,True
3,1365,0000001212120,13,14,1/14,1/1,True
3,1366,0000001212121,13,14,1/14,1/1,True
3,1367,0000001212122,13,14,1/14,1/1,True
3,1368,0000001212200,13,14,1/14,1/1,True
3,1369,0000001212201,13,14,1/14,1/1,True
3,1370,0000001212202,13,14,1/14,1/1,True
3,1371,0000001212210,13,14,1/14,1/1,True
3,1372,0000001212211,13,14,1/14,1/1,True
3,1373,0000001212212,13,14,1/14,1/1,True
3,1374,0000001212220,13,14,1/14,1/1,True
3,1375,0000001212221,13,14,1/14,1/1,True
3,1376,0000001212222,13,14,1/14,1/1,True
3,1377,0000001220000,13,14,1/14,1/1,True
3,1378,0000001220001,13,14,1/14,1/1,True
3,1379,0000001220002,13,14,1/14,1/1,True
3,1380,0000001220010,13,14,1/14,1/1,True
3,1381,0000001220011,13,14,1/14,1/1,True
3,1382,0000001220012,13,14,1/14,1/1,True
3,1383,0000001220020,13,14,1/14,1/1,True
3,1384,0000001220021,13,14,1/14,1/1,True
3,1385,0000001220022,13,14,1/14,1/1,True
3,1386,0000001220100,13,14,1/14,1/1,True
3,1387,0000001220101,13,14,1/14,1/1,True
3,1388,0000001220102,13,14,1/14,1/1,True
3,1389,0000001220110,13,14,1/14,1/1,True
3,1390,0000001220111,13,14,1/14,1/1,True
3,1391,0000001220112,13,14,1/14,1/1,True
3,1392,0000001220120,13,14,1/14,1/1,True
3,1393,0000001220121,13,14,1/14,1/1,True
3,1394,0000001220122,13,14,1/14,1/1,True
3,1395,0000001220200,13,14,1/14,1/1,True
3,1396,0000001220201,13,14,1/14,1/1,True
3,1397,0000001220202,13,14,1/14,1/1,True
3,1398,0000001220210,13,14,1/14,1/1,True
3,1399,0000001220211,13,14,1/14,1/1,True
3,1400,0000001220212,13,14,1/14,1/1,True
3,1401,0000001220220,13,14,1/14,1/1,True
3,1402,0000001220221,13,14,1/14,1/1,True
3,1403,0000001220222,13,14,1/14,1/1,True
3,1404,0000001221000,13,14,1/14,1/1,True
3,1405,0000001221001,13,14,1/14,1/1,True
3,1406,0000001221002,13,14,1/14,1/1,True
3,1407,0000001221010,13,14,1/14,1/1,True
3,1408,0000001221011,13,14,1/14,1/1,True
3,1409,0000001221012,13,14,1/14,1/1,True
3,1410,0000001221020,13,14,1/14,1/1,True
3,1411,0000001221021,13,14,1/14,1/1,True
3,1412,0000001221022,13,14,1/14,1/1,True
3,1413,0000001221100,13,14,1/14,1/1,True
3,1414,0000001221101,13,14,1/14,1/1,True
3,1415,0000001221102,13,14,1/14,1/1,True
3,1416,0000001221110,13,14,1/14,1/1,True
3,1417,0000001221111,13,14,1/14,1/1,True
3,1418,0000001221112,13,14,1/14,1/1,True
3,1419,0000001221120,13,14,1/14,1/1,True
3,1420,0000001221121,13,14,1/14,1/1,True
3,1421,0000001221122,13,14,1/14,1/1,True
3,1422,0000001221200,13,14,1/14,1/1,True
3,1423,0000001221201,13,14,1/14,1/1,True
3,1424,0000001221202,13,14,1/14,1/1,True
3,1425,0000001221210,13,14,1/14,1/1,True
3,1426,0000001221211,13,14,1/14,1/1,True
3,1427,0000001221212,13,14,1/14,1/1,True
3,1428,0000001221220,13,14,1/14,1/1,True
3,1429,0000001221221,13,14,1/14,1/1,True
3,1430,0000001221222,13,14,1/14,1/1,True
3,1431,0000001222000,13,14,1/14,1/1,True
3,1432,0000001222001,13,14,1/14,1/1,True
3,1433,0000001222002,13,14,1/14,1/1,True
3,1434,0000001222010,13,14,1/14,1/1,True
3,1435,0000001222011,13,14,1/14,1/1,True
3,1436,0000001222012,13,14,1/14,1/1,True
3,1437,0000001222020,13,14,1/14,1/1,True
3,1438,0000001222021,13,14,1/14,1/1,True
3,1439,0000001222022,13,14,1/14,1/1,True
3,1440,0000001222100,13,14,1/14,1/1,True
3,1441,0000001222101,13,14,1/14,1/1,True
3,1442,0000001222102,13,14,1/14,1/1,True
3,1443,0000001222110,13,14,1/14,1/1,True
3,1444,0000001222111,13,14,1/14,1/1,True
3,1445,0000001222112,13,14,1/14,1/1,True
3,1446,0000001222120,13,14,1/14,1/1,True
3,1447,0000001222121,13,14,1/14,1/1,True
3,1448,0000001222122,13,14,1/14,1/1,True
3,1449,0000001222200,13,14,1/14,1/1,True
3,1450,0000001222201,13,14,1/14,1/1,True
3,1451,0000001222202,13,14,1/14,1/1,True
3,1452,0000001222210,13,14,1/14,1/1,True
3,1453,0000001222211,13,14,1/14,1/1,True
3,1454,0000001222212,13,14,1/14,1/1,True
3,1455,0000001222220,13,14,1/14,1/1,True
3,1456,0000001222221,13,14,1/14,1/1,True
3,1457,0000001222222,13,14,1/14,1/1,True
3,1458,0000002000000,13,14,1/14,1/1,True
3,1459,0000002000001,13,14,1/14,1/1,True
3,1460,0000002000002,13,14,1/14,1/1,True
3,1461,0000002000010,13,14,1/14,1/1,True
3,1462,0000002000011,13,14,1/14,1/1,True
3,1463,0000002000012,13,14,1/14,1/1,True
3,1464,0000002000020,13,14,1/14,1/1,True
3,1465,0000002000021,13,14,1/14,1/1,True
3,1466,0000002000022,13,14,1/14,1/1,True
3,1467,0000002000100,13,14,1/14,1/1,True
3,1468,0000002000101,13,14,1/14,1/1,True
3,1469,0000002000102,13,14,1/14,1/1,True
3,1470,0000002000110,13,14,1/14,1/1,True
3,1471,0000002000111,13,14,1/14,1/1,True
3,1472,0000002000112,13,14,1/14,1/1,True
3,1473,0000002000120,13,14,1/14,1/1,True
3,1474,0000002000121,13,14,1/14,1/1,True
3,1475,0000002000122,13,14,1/14,1/1,True
3,1476,0000002000200,13,14,1/14,1/1,True
3,1477,0000002000201,13,14,1/14,1/1,True
3,1478,0000002000202,13,14,1/14,1/1,True
3,1479,0000002000210,13,14,1/14,1/1,True
3,1480,0000002000211,13,14,1/14,1/1,True
3,1481,0000002000212,13,14,1/14,1/1,True
3,1482,0000002000220,13,14,1/14,1/1,True
3,1483,0000002000221,13,14,1/14,1/1,True
3,1484,0000002000222,13,14,1/14,1/1,True
3,1485,0000002001000,13,14,1/14,1/1,True
3,1486,0000002001001,13,14,1/14,1/1,True
3,1487,0000002001002,13,14,1/14,1/1,True
3,1488,0000002001010,13,14,1/14,1/1,True
3,1489,0000002001011,13,14,1/14,1/1,True
3,1490,0000002001012,13,14,1/14,1/1,True
3,1491,0000002001020,13,14,1/14,1/1,True
3,1492,0000002001021,13,14,1/14,1/1,True
3,1493,0000002001022,13,14,1/14,1/1,True
3,1494,0000002001100,13,14,1/14,1/1,True
3,1495,0000002001101,13,14,1/14,1/1,True
3,1496,0000002001102,13,14,1/14,1/1,True
3,1497,0000002001110,13,14,1/14,1/1,True
3,1498,0000002001111,13,14,1/14,1/1,True
3,1499,0000002001112,13,14,1/14,1/1,True
3,1500,0000002001120,13,14,1/14,1/1,True
3,1501,0000002001121,13,14,1/14,1/1,True
3,1502,0000002001122,13,14,1/14,1/1,True
3,1503,0000002001200,13,14,1/14,1/1,True
3,1504,0000002001201,13,14,1/14,1/1,True
3,1505,0000002001202,13,14,1/14,1/1,True
3,1506,0000002001210,13,14,1/14,1/1,True
3,1507,0000002001211,13,14,1/14,1/1,True
3,1508,0000002001212,13,14,1/14,1/1,True
3,1509,0000002001220,13,14,1/14,1/1,True
3,1510,0000002001221,13,14,1/14,1/1,True
3,1511,0000002001222,13,14,1/14,1/1,True
3,1512,0000002002000,13,14,1/14,1/1,True
3,1513,0000002002001,13,14,1/14,1/1,True
3,1514,0000002002002,13,14,1/14,1/1,True
3,1515,0000002002010,13,14,1/14,1/1,True
3,1516,0000002002011,13,14,1/14,1/1,True
3,1517,0000002002012,13,14,1/14,1/1,True
3,1518,0000002002020,13,14,1/14,1/1,True
3,1519,0000002002021,13,14,1/14,1/1,True
3,1520,0000002002022,13,14,1/14,1/1,True
3,1521,0000002002100,13,14,1/14,1/1,True
3,1522,0000002002101,13,14,1/14,1/1,True
3,1523,0000002002102,13,14,1/14,1/1,True
3,1524,0000002002110,13,14,1/14,1/1,True
3,1525,0000002002111,13,14,1/14,1/1,True
3,1526,0000002002112,13,14,1/14,1/1,True
3,1527,0000002002120,13,14,1/14,1/1,True
3,1528,0000002002121,13,14,1/14,1/1,True
3,1529,0000002002122,13,14,1/14,1/1,True
3,1530,0000002002200,13,14,1/14,1/1,True
3,1531,0000002002201,13,14,1/14,1/1,True
3,1532,0000002002202,13,14,1/14,1/1,True
3,1533,0000002002210,13,14,1/14,1/1,True
3,1534,0000002002211,13,14,1/14,1/1,True
3,1535,0000002002212,13,14,1/14,1/1,True
3,1536,0000002002220,13,14,1/14,1/1,True
3,1537,0000002002221,13,14,1/14,1/1,True
3,1538,0000002002222,13,14,1/14,1/1,True
3,1539,0000002010000,13,14,1/14,1/1,True
3,1540,0000002010001,13,14,1/14,1/1,True
3,1541,0000002010002,13,14,1/14,1/1,True
3,1542,0000002010010,13,14,1/14,1/1,True
3,1543,0000002010011,13,14,1/14,1/1,True
3,1544,0000002010012,13,14,1/14,1/1,True
3,1545,0000002010020,13,14,1/14,1/1,True
3,1546,0000002010021,13,14,1/14,1/1,True
3,1547,0000002010022,13,14,1/14,1/1,True
3,1548,0000002010100,13,14,1/14,1/1,True
3,1549,0000002010101,13,14,1/14,1/1,True
3,1550,0000002010102,13,14,1/14,1/1,True
3,1551,0000002010110,13,14,1/14,1/1,True
3,1552,0000002010111,13,14,1/14,1/1,True
3,1553,0000002010112,13,14,1/14,1/1,True
3,1554,0000002010120,13,14,1/14,1/1,True
3,1555,0000002010121,13,14,1/14,1/1,True
3,1556,0000002010122,13,14,1/14,1/1,True
3,1557,0000002010200,13,14,1/14,1/1,True
3,1558,0000002010201,13,14,1/14,1/1,True
3,1559,0000002010202,13,14,1/14,1/1,True
3,1560,0000002010210,13,14,1/14,1/1,True
3,1561,0000002010211,13,14,1/14,1/1,True
3,1562,0000002010212,13,14,1/14,1/1,True
3,1563,0000002010220,13,14,1/14,1/1,True
3,1564,0000002010221,13,14,1/14,1/1,True
3,1565,0000002010222,13,14,1/14,1/1,True
3,1566,0000002011000,13,14,1/14,1/1,True
3,1567,0000002011001,13,14,1/14,1/1,True
3,1568,0000002011002,13,14,1/14,1/1,True
3,1569,0000002011010,13,14,1/14,1/1,True
3,1570,0000002011011,13,14,1/14,1/1,True
3,1571,0000002011012,13,14,1/14,1/1,True
3,1572,0000002011020,13,14,1/14,1/1,True
3,1573,0000002011021,13,14,1/14,1/1,True
3,1574,0000002011022,13,14,1/14,1/1,True
3,1575,0000002011100,13,14,1/14,1/1,True
3,1576,0000002011101,13,14,1/14,1/1,True
3,1577,0000002011102,13,14,1/14,1/1,True
3,1578,0000002011110,13,14,1/14,1/1,True
3,1579,0000002011111,13,14,1/14,1/1,True
3,1580,0000002011112,13,14,1/14,1/1,True
3,1581,0000002011120,13,14,1/14,1/1,True
3,1582,0000002011121,13,14,1/14,1/1,True
3,1583,0000002011122,13,14,1/14,1/1,True
3,1584,0000002011200,13,14,1/14,1/1,True
3,1585,0000002011201,13,14,1/14,1/1,True
3,1586,0000002011202,13,14,1/14,1/1,True
3,1587,0000002011210,13,14,1/14,1/1,True
3,1588,0000002011211,13,14,1/14,1/1,True
3,1589,0000002011212,13,14,1/14,1/1,True
3,1590,0000002011220,13,14,1/14,1/1,True
3,1591,0000002011221,13,14,1/14,1/1,True
3,1592,0000002011222,13,14,1/14,1/1,True
3,1593,0000002012000,13,14,1/14,1/1,True
3,1594,0000002012001,13,14,1/14,1/1,True
3,1595,0000002012002,13,14,1/14,1/1,True
3,1596,0000002012010,13,14,1/14,1/1,True
3,1597,0000002012011,13,14,1/14,1/1,True
3,1598,0000002012012,13,14,1/14,1/1,True
3,1599,0000002012020,13,14,1/14,1/1,True
3,1600,0000002012021,13,14,1/14,1/1,True
3,1601,0000002012022,13,14,1/14,1/1,True
3,1602,0000002012100,13,14,1/14,1/1,True
3,1603,0000002012101,13,14,1/14,1/1,True
3,1604,0000002012102,13,14,1/14,1/1,True
3,1605,0000002012110,13,14,1/14,1/1,True
3,1606,0000002012111,13,14,1/14,1/1,True
3,1607,0000002012112,13,14,1/14,1/1,True
3,1608,0000002012120,13,14,1/14,1/1,True
3,1609,0000002012121,13,14,1/14,1/1,True
3,1610,0000002012122,13,14,1/14,1/1,True
3,1611,0000002012200,13,14,1/14,1/1,True
3,1612,0000002012201,13,14,1/14,1/1,True
3,1613,0000002012202,13,14,1/14,1/1,True
3,1614,0000002012210,13,14,1/14,1/1,True
3,1615,0000002012211,13,14,1/14,1/1,True
3,1616,0000002012212,13,14,1/14,1/1,True
3,1617,0000002012220,13,14,1/14,1/1,True
3,1618,0000002012221,13,14,1/14,1/1,True
3,1619,0000002012222,13,14,1/14,1/1,True
3,1620,0000002020000,13,14,1/14,1/1,True
3,1621,0000002020001,13,14,1/14,1/1,True
3,1622,0000002020002,13,14,1/14,1/1,True
3,1623,0000002020010,13,14,1/14,1/1,True
3,1624,0000002020011,13,14,1/14,1/1,True
3,1625,0000002020012,13,14,1/14,1/1,True
3,1626,0000002020020,13,14,1/14,1/1,True
3,1627,0000002020021,13,14,1/14,1/1,True
3,1628,0000002020022,13,14,1/14,1/1,True
3,1629,0000002020100,13,14,1/14,1/1,True
3,1630,0000002020101,13,14,1/14,1/1,True
3,1631,0000002020102,13,14,1/14,1/1,True
3,1632,0000002020110,13,14,1/14,1/1,True
3,1633,0000002020111,13,14,1/14,1/1,True
3,1634,0000002020112,13,14,1/14,1/1,True
3,1635,0000002020120,13,14,1/14,1/1,True
3,1636,0000002020121,13,14,1/14,1/1,True
3,1637,0000002020122,13,14,1/14,1/1,True
3,1638,0000002020200,13,14,1/14,1/1,True
3,1639,0000002020201,13,14,1/14,1/1,True
3,1640,0000002020202,13,14,1/14,1/1,True
3,1641,0000002020210,13,14,1/14,1/1,True
3,1642,0000002020211,13,14,1/14,1/1,True
3,1643,0000002020212,13,14,1/14,1/1,True
3,1644,0000002020220,13,14,1/14,1/1,True
3,1645,0000002020221,13,14,1/14,1/1,True
3,1646,0000002020222,13,14,1/14,1/1,True
3,1647,0000002021000,13,14,1/14,1/1,True
3,1648,0000002021001,13,14,1/14,1/1,True
3,1649,0000002021002,13,14,1/14,1/1,True
3,1650,0000002021010,13,14,1/14,1/1,True
3,1651,0000002021011,13,14,1/14,1/1,True
3,1652,0000002021012,13,14,1/14,1/1,True
3,1653,0000002021020,13,14,1/14,1/1,True
3,1654,0000002021021,13,14,1/14,1/1,True
3,1655,0000002021022,13,14,1/14,1/1,True
3,1656,0000002021100,13,14,1/14,1/1,True
3,1657,0000002021101,13,14,1/14,1/1,True
3,1658,0000002021102,13,14,1/14,1/1,True
3,1659,0000002021110,13,14,1/14,1/1,True
3,1660,0000002021111,13,14,1/14,1/1,True
3,1661,0000002021112,13,14,1/14,1/1,True
3,1662,0000002021120,13,14,1/14,1/1,True
3,1663,0000002021121,13,14,1/14,1/1,True
3,1664,0000002021122,13,14,1/14,1/1,True
3,1665,0000002021200,13,14,1/14,1/1,True
3,1666,0000002021201,13,14,1/14,1/1,True
3,1667,0000002021202,13,14,1/14,1/1,True
3,1668,0000002021210,13,14,1/14,1/1,True
3,1669,0000002021211,13,14,1/14,1/1,True
3,1670,0000002021212,13,14,1/14,1/1,True
3,1671,0000002021220,13,14,1/14,1/1,True
3,1672,0000002021221,13,14,1/14,1/1,True
3,1673,0000002021222,13,14,1/14,1/1,True
3,1674,0000002022000,13,14,1/14,1/1,True
3,1675,0000002022001,13,14,1/14,1/1,True
3,1676,0000002022002,13,14,1/14,1/1,True
3,1677,0000002022010,13,14,1/14,1/1,True
3,1678,0000002022011,13,14,1/14,1/1,True
3,1679,0000002022012,13,14,1/14,1/1,True
3,1680,0000002022020,13,14,1/14,1/1,True
3,1681,0000002022021,13,14,1/14,1/1,True
3,1682,0000002022022,13,14,1/14,1/1,True
3,1683,0000002022100,13,14,1/14,1/1,True
3,1684,0000002022101,13,14,1/14,1/1,True
3,1685,0000002022102,13,14,1/14,1/1,True
3,1686,0000002022110,13,14,1/14,1/1,True
3,1687,0000002022111,13,14,1/14,1/1,True
3,1688,0000002022112,13,14,1/14,1/1,True
3,1689,0000002022120,13,14,1/14,1/1,True
3,1690,0000002022121,13,14,1/14,1/1,True
3,1691,0000002022122,13,14,1/14,1/1,True
3,1692,0000002022200,13,14,1/14,1/1,True
3,1693,0000002022201,13,14,1/14,1/1,True
3,1694,0000002022202,13,14,1/14,1/1,True
3,1695,0000002022210,13,14,1/14,1/1,True
3,1696,0000002022211,13,14,1/14,1/1,True
3,1697,0000002022212,13,14,1/14,1/1,True
3,1698,0000002022220,13,14,1/14,1/1,True
3,1699,0000002022221,13,14,1/14,1/1,True
3,1700,0000002022222,13,14,1/14,1/1,True
3,1701,0000002100000,13,14,1/14,1/1,True
3,1702,0000002100001,13,14,1/14,1/1,True
3,1703,0000002100002,13,14,1/14,1/1,True
3,1704,0000002100010,13,14,1/14,1/1,True
3,1705,0000002100011,13,14,1/14,1/1,True
3,1706,0000002100012,13,14,1/14,1/1,True
3,1707,0000002100020,13,14,1/14,1/1,True
3,1708,0000002100021,13,14,1/14,1/1,True
3,1709,0000002100022,13,14,1/14,1/1,True
3,1710,0000002100100,13,14,1/14,1/1,True
3,1711,0000002100101,13,14,1/14,1/1,True
3,1712,0000002100102,13,14,1/14,1/1,True
3,1713,0000002100110,13,14,1/14,1/1,True
3,1714,0000002100111,13,14,1/14,1/1,True
3,1715,0000002100112,13,14,1/14,1/1,True
3,1716,0000002100120,13,14,1/14,1/1,True
3,1717,0000002100121,13,14,1/14,1/1,True
3,1718,0000002100122,13,14,1/14,1/1,True
3,1719,0000002100200,13,14,1/14,1/1,True
3,1720,0000002100201,13,14,1/14,1/1,True
3,1721,0000002100202,13,14,1/14,1/1,True
3,1722,0000002100210,13,14,1/14,1/1,True
3,1723,0000002100211,13,14,1/14,1/1,True
3,1724,0000002100212,13,14,1/14,1/1,True
3,1725,0000002100220,13,14,1/14,1/1,True
3,1726,0000002100221,13,14,1/14,1/1,True
3,1727,0000002100222,13,14,1/14,1/1,True
3,1728,0000002101000,13,14,1/14,1/1,True
3,1729,0000002101001,13,14,1/14,1/1,True
3,1730,0000002101002,13,14,1/14,1/1,True
3,1731,0000002101010,13,14,1/14,1/1,True
3,1732,0000002101011,13,14,1/14,1/1,True
3,1733,0000002101012,13,14,1/14,1/1,True
3,1734,0000002101020,13,14,1/14,1/1,True
3,1735,0000002101021,13,14,1/14,1/1,True
3,1736,0000002101022,13,14,1/14,1/1,True
3,1737,0000002101100,13,14,1/14,1/1,True
3,1738,0000002101101,13,14,1/14,1/1,True
3,1739,0000002101102,13,14,1/14,1/1,True
3,1740,0000002101110,13,14,1/14,1/1,True
3,1741,0000002101111,13,14,1/14,1/1,True
3,1742,0000002101112,13,14,1/14,1/1,True
3,1743,0000002101120,13,14,1/14,1/1,True
3,1744,0000002101121,13,14,1/14,1/1,True
3,1745,0000002101122,13,14,1/14,1/1,True
3,1746,0000002101200,13,14,1/14,1/1,True
3,1747,0000002101201,13,14,1/14,1/1,True
3,1748,0000002101202,13,14,1/14,1/1,True
3,1749,0000002101210,13,14,1/14,1/1,True
3,1750,0000002101211,13,14,1/14,1/1,True
3,1751,0000002101212,13,14,1/14,1/1,True
3,1752,0000002101220,13,14,1/14,1/1,True
3,1753,0000002101221,13,14,1/14,1/1,True
3,1754,0000002101222,13,14,1/14,1/1,True
3,1755,0000002102000,13,14,1/14,1/1,True
3,1756,0000002102001,13,14,1/14,1/1,True
3,1757,0000002102002,13,14,1/14,1/1,True
3,1758,0000002102010,13,14,1/14,1/1,True
3,1759,0000002102011,13,14,1/14,1/1,True
3,1760,0000002102012,13,14,1/14,1/1,True
3,1761,0000002102020,13,14,1/14,1/1,True
3,1762,0000002102021,13,14,1/14,1/1,True
3,1763,0000002102022,13,14,1/14,1/1,True
3,1764,0000002102100,13,14,1/14,1/1,True
3,1765,0000002102101,13,14,1/14,1/1,True
3,1766,0000002102102,13,14,1/14,1/1,True
3,1767,0000002102110,13,14,1/14,1/1,True
3,1768,0000002102111,13,14,1/14,1/1,True
3,1769,0000002102112,13,14,1/14,1/1,True
3,1770,0000002102120,13,14,1/14,1/1,True
3,1771,0000002102121,13,14,1/14,1/1,True
3,1772,0000002102122,13,14,1/14,1/1,True
3,1773,0000002102200,13,14,1/14,1/1,True
3,1774,0000002102201,13,14,1/14,1/1,True
3,1775,0000002102202,13,14,1/14,1/1,True
3,1776,0000002102210,13,14,1/14,1/1,True
3,1777,0000002102211,13,14,1/14,1/1,True
3,1778,0000002102212,13,14,1/14,1/1,True
3,1779,0000002102220,13,14,1/14,1/1,True
3,1780,0000002102221,13,14,1/14,1/1,True
3,1781,0000002102222,13,14,1/14,1/1,True
3,1782,0000002110000,13,14,1/14,1/1,True
3,1783,0000002110001,13,14,1/14,1/1,True
3,1784,0000002110002,13,14,1/14,1/1,True
3,1785,0000002110010,13,14,1/14,1/1,True
3,1786,0000002110011,13,14,1/14,1/1,True
3,1787,0000002110012,13,14,1/14,1/1,True
3,1788,0000002110020,13,14,1/14,1/1,True
3,1789,0000002110021,13,14,1/14,1/1,True
3,1790,0000002110022,13,14,1/14,1/1,True
3,1791,0000002110100,13,14,1/14,1/1,True
3,1792,0000002110101,13,14,1/14,1/1,True
3,1793,0000002110102,13,14,1/14,1/1,True
3,1794,0000002110110,13,14,1/14,1/1,True
3,1795,0000002110111,13,14,1/14,1/1,True
3,1796,0000002110112,13,14,1/14,1/1,True
3,1797,0000002110120,13,14,1/14,1/1,True
3,1798,0000002110121,13,14,1/14,1/1,True
3,1799,0000002110122,13,14,1/14,1/1,True
3,1800,0000002110200,13,14,1/14,1/1,True
3,1801,0000002110201,13,14,1/14,1/1,True
3,1802,0000002110202,13,14,1/14,1/1,True
3,1803,0000002110210,13,14,1/14,1/1,True
3,1804,0000002110211,13,14,1/14,1/1,True
3,1805,0000002110212,13,14,1/14,1/1,True
3,1806,0000002110220,13,14,1/14,1/1,True
3,1807,0000002110221,13,14,1/14,1/1,True
3,1808,0000002110222,13,14,1/14,1/1,True
3,1809,0000002111000,13,14,1/14,1/1,True
3,1810,0000002111001,13,14,1/14,1/1,True
3,1811,0000002111002,13,14,1/14,1/1,True
3,1812,0000002111010,13,14,1/14,1/1,True
3,1813,0000002111011,13,14,1/14,1/1,True
3,1814,0000002111012,13,14,1/14,1/1,True
3,1815,0000002111020,13,14,1/14,1/1,True
3,1816,0000002111021,13,14,1/14,1/1,True
3,1817,0000002111022,13,14,1/14,1/1,True
3,1818,0000002111100,13,14,1/14,1/1,True
3,1819,0000002111101,13,14,1/14,1/1,True
3,1820,0000002111102,13,14,1/14,1/1,True
3,1821,0000002111110,13,14,1/14,1/1,True
3,1822,0000002111111,13,14,1/14,1/1,True
3,1823,0000002111112,13,14,1/14,1/1,True
3,1824,0000002111120,13,14,1/14,1/1,True
3,1825,0000002111121,13,14,1/14,1/1,True
3,1826,0000002111122,13,14,1/14,1/1,True
3,1827,0000002111200,13,14,1/14,1/1,True
3,1828,0000002111201,13,14,1/14,1/1,True
3,1829,0000002111202,13,14,1/14,1/1,True
3,1830,0000002111210,13,14,1/14,1/1,True
3,1831,0000002111211,13,14,1/14,1/1,True
3,1832,0000002111212,13,14,1/14,1/1,True
3,1833,0000002111220,13,14,1/14,1/1,True
3,1834,0000002111221,13,14,1/14,1/1,True
3,1835,0000002111222,13,14,1/14,1/1,True
3,1836,0000002112000,13,14,1/14,1/1,True
3,1837,0000002112001,13,14,1/14,1/1,True
3,1838,0000002112002,13,14,1/14,1/1,True
3,1839,0000002112010,13,14,1/14,1/1,True
3,1840,0000002112011,13,14,1/14,1/1,True
3,1841,0000002112012,13,14,1/14,1/1,True
3,1842,0000002112020,13,14,1/14,1/1,True
3,1843,0000002112021,13,14,1/14,1/1,True
3,1844,0000002112022,13,14,1/14,1/1,True
3,1845,0000002112100,13,14,1/14,1/1,True
3,1846,0000002112101,13,14,1/14,1/1,True
3,1847,0000002112102,13,14,1/14,1/1,True
3,1848,0000002112110,13,14,1/14,1/1,True
3,1849,0000002112111,13,14,1/14,1/1,True
3,1850,0000002112112,13,14,1/14,1/1,True
3,1851,0000002112120,13,14,1/14,1/1,True
3,1852,0000002112121,13,14,1/14,1/1,True
3,1853,0000002112122,13,14,1/14,1/1,True
3,1854,0000002112200,13,14,1/14,1/1,True
3,1855,0000002112201,13,14,1/14,1/1,True
3,1856,0000002112202,13,14,1/14,1/1,True
3,1857,0000002112210,13,14,1/14,1/1,True
3,1858,0000002112211,13,14,1/14,1/1,True
3,1859,0000002112212,13,14,1/14,1/1,True
3,1860,0000002112220,13,14,1/14,1/1,True
3,1861,0000002112221,13,14,1/14,1/1,True
3,1862,0000002112222,13,14,1/14,1/1,True
3,1863,0000002120000,13,14,1/14,1/1,True
3,1864,0000002120001,13,14,1/14,1/1,True
3,1865,0000002120002,13,14,1/14,1/1,True
3,1866,0000002120010,13,14,1/14,1/1,True
3,1867,0000002120011,13,14,1/14,1/1,True
3,1868,0000002120012,13,14,1/14,1/1,True
3,1869,0000002120020,13,14,1/14,1/1,True
3,1870,0000002120021,13,14,1/14,1/1,True
3,1871,0000002120022,13,14,1/14,1/1,True
3,1872,0000002120100,13,14,1/14,1/1,True
3,1873,0000002120101,13,14,1/14,1/1,True
3,1874,0000002120102,13,14,1/14,1/1,True
3,1875,0000002120110,13,14,1/14,1/1,True
3,1876,0000002120111,13,14,1/14,1/1,True
3,1877,0000002120112,13,14,1/14,1/1,True
3,1878,0000002120120,13,14,1/14,1/1,True
3,1879,0000002120121,13,14,1/14,1/1,True
3,1880,0000002120122,13,14,1/14,1/1,True
3,1881,0000002120200,13,14,1/14,1/1,True
3,1882,0000002120201,13,14,1/14,1/1,True
3,1883,0000002120202,13,14,1/14,1/1,True
3,1884,0000002120210,13,14,1/14,1/1,True
3,1885,0000002120211,13,14,1/14,1/1,True
3,1886,0000002120212,13,14,1/14,1/1,True
3,1887,0000002120220,13,14,1/14,1/1,True
3,1888,0000002120221,13,14,1/14,1/1,True
3,1889,0000002120222,13,14,1/14,1/1,True
3,1890,0000002121000,13,14,1/14,1/1,True
3,1891,0000002121001,13,14,1/14,1/1,True
3,1892,0000002121002,13,14,1/14,1/1,True
3,1893,0000002121010,13,14,1/14,1/1,True
3,1894,0000002121011,13,14,1/14,1/1,True
3,1895,0000002121012,13,14,1/14,1/1,True
3,1896,0000002121020,13,14,1/14,1/1,True
3,1897,0000002121021,13,14,1/14,1/1,True
3,1898,0000002121022,13,14,1/14,1/1,True
3,1899,0000002121100,13,14,1/14,1/1,True
3,1900,0000002121101,13,14,1/14,1/1,True
3,1901,0000002121102,13,14,1/14,1/1,True
3,1902,0000002121110,13,14,1/14,1/1,True
3,1903,0000002121111,13,14,1/14,1/1,True
3,1904,0000002121112,13,14,1/14,1/1,True
3,1905,0000002121120,13,14,1/14,1/1,True
3,1906,0000002121121,13,14,1/14,1/1,True
3,1907,0000002121122,13,14,1/14,1/1,True
3,1908,0000002121200,13,14,1/14,1/1,True
3,1909,0000002121201,13,14,1/14,1/1,True
3,1910,0000002121202,13,14,1/14,1/1,True
3,1911,0000002121210,13,14,1/14,1/1,True
3,1912,0000002121211,13,14,1/14,1/1,True
3,1913,0000002121212,13,14,1/14,1/1,True
3,1914,0000002121220,13,14,1/14,1/1,True
3,1915,0000002121221,13,14,1/14,1/1,True
3,1916,0000002121222,13,14,1/14,1/1,True
3,1917,0000002122000,13,14,1/14,1/1,True
3,1918,0000002122001,13,14,1/14,1/1,True
3,1919,0000002122002,13,14,1/14,1/1,True
3,1920,0000002122010,13,14,1/14,1/1,True
3,1921,0000002122011,13,14,1/14,1/1,True
3,1922,0000002122012,13,14,1/14,1/1,True
3,1923,0000002122020,13,14,1/14,1/1,True
3,1924,0000002122021,13,14,1/14,1/1,True
3,1925,0000002122022,13,14,1/14,1/1,True
3,1926,0000002122100,13,14,1/14,1/1,True
3,1927,0000002122101,13,14,1/14,1/1,True
3,1928,0000002122102,13,14,1/14,1/1,True
3,1929,0000002122110,13,14,1/14,1/1,True
3,1930,0000002122111,13,14,1/14,1/1,True
3,1931,0000002122112,13,14,1/14,1/1,True
3,1932,0000002122120,13,14,1/14,1/1,True
3,1933,0000002122121,13,14,1/14,1/1,True
3,1934,0000002122122,13,14,1/14,1/1,True
3,1935,0000002122200,13,14,1/14,1/1,True
3,1936,0000002122201,13,14,1/14,1/1,True
3,1937,0000002122202,13,14,1/14,1/1,True
3,1938,0000002122210,13,14,1/14,1/1,True
3,1939,0000002122211,13,14,1/14,1/1,True
3,1940,0000002122212,13,14,1/14,1/1,True
3,1941,0000002122220,13,14,1/14,1/1,True
3,1942,0000002122221,13,14,1/14,1/1,True
3,1943,0000002122222,13,14,1/14,1/1,True
3,1944,0000002200000,13,14,1/14,1/1,True
3,1945,0000002200001,13,14,1/14,1/1,True
3,1946,0000002200002,13,14,1/14,1/1,True
3,1947,0000002200010,13,14,1/14,1/1,True
3,1948,0000002200011,13,14,1/14,1/1,True
3,1949,0000002200012,13,14,1/14,1/1,True
3,1950,0000002200020,13,14,1/14,1/1,True
3,1951,0000002200021,13,14,1/14,1/1,True
3,1952,0000002200022,13,14,1/14,1/1,True
3,1953,0000002200100,13,14,1/14,1/1,True
3,1954,0000002200101,13,14,1/14,1/1,True
3,1955,0000002200102,13,14,1/14,1/1,True
3,1956,0000002200110,13,14,1/14,1/1,True
3,1957,0000002200111,13,14,1/14,1/1,True
3,1958,0000002200112,13,14,1/14,1/1,True
3,1959,0000002200120,13,14,1/14,1/1,True
3,1960,0000002200121,13,14,1/14,1/1,True
3,1961,0000002200122,13,14,1/14,1/1,True
3,1962,0000002200200,13,14,1/14,1/1,True
3,1963,0000002200201,13,14,1/14,1/1,True
3,1964,0000002200202,13,14,1/14,1/1,True
3,1965,0000002200210,13,14,1/14,1/1,True
3,1966,0000002200211,13,14,1/14,1/1,True
3,1967,0000002200212,13,14,1/14,1/1,True
3,1968,0000002200220,13,14,1/14,1/1,True
3,1969,0000002200221,13,14,1/14,1/1,True
3,1970,0000002200222,13,14,1/14,1/1,True
3,1971,0000002201000,13,14,1/14,1/1,True
3,1972,0000002201001,13,14,1/14,1/1,True
3,1973,0000002201002,13,14,1/14,1/1,True
3,1974,0000002201010,13,14,1/14,1/1,True
3,1975,0000002201011,13,14,1/14,1/1,True
3,1976,0000002201012,13,14,1/14,1/1,True
3,1977,0000002201020,13,14,1/14,1/1,True
3,1978,0000002201021,13,14,1/14,1/1,True
3,1979,0000002201022,13,14,1/14,1/1,True
3,1980,0000002201100,13,14,1/14,1/1,True
3,1981,0000002201101,13,14,1/14,1/1,True
3,1982,0000002201102,13,14,1/14,1/1,True
3,1983,0000002201110,13,14,1/14,1/1,True
3,1984,0000002201111,13,14,1/14,1/1,True
3,1985,0000002201112,13,14,1/14,1/1,True
3,1986,0000002201120,13,14,1/14,1/1,True
3,1987,0000002201121,13,14,1/14,1/1,True
3,1988,0000002201122,13,14,1/14,1/1,True
3,1989,0000002201200,13,14,1/14,1/1,True
3,1990,0000002201201,13,14,1/14,1/1,True
3,1991,0000002201202,13,14,1/14,1/1,True
3,1992,0000002201210,13,14,1/14,1/1,True
3,1993,0000002201211,13,14,1/14,1/1,True
3,1994,0000002201212,13,14,1/14,1/1,True
3,1995,0000002201220,13,14,1/14,1/1,True
3,1996,0000002201221,13,14,1/14,1/1,True
3,1997,0000002201222,13,14,1/14,1/1,True
3,1998,0000002202000,13,14,1/14,1/1,True
3,1999,0000002202001,13,14,1/14,1/1,True
3,2000,0000002202002,13,14,1/14,1/1,True
3,2001,0000002202010,13,14,1/14,1/1,True
3,2002,0000002202011,13,14,1/14,1/1,True
3,2003,0000002202012,13,14,1/14,1/1,True
3,2004,0000002202020,13,14,1/14,1/1,True
3,2005,0000002202021,13,14,1/14,1/1,True
3,2006,0000002202022,13,14,1/14,1/1,True
3,2007,0000002202100,13,14,1/14,1/1,True
3,2008,0000002202101,13,14,1/14,1/1,True
3,2009,0000002202102,13,14,1/14,1/1,True
3,2010,0000002202110,13,14,1/14,1/1,True
3,2011,0000002202111,13,14,1/14,1/1,True
3,2012,0000002202112,13,14,1/14,1/1,True
3,2013,0000002202120,13,14,1/14,1/1,True
3,2014,0000002202121,13,14,1/14,1/1,True
3,2015,0000002202122,13,14,1/14,1/1,True
3,2016,0000002202200,13,14,1/14,1/1,True
3,2017,0000002202201,13,14,1/14,1/1,True
3,2018,0000002202202,13,14,1/14,1/1,True
3,2019,0000002202210,13,14,1/14,1/1,True
3,2020,0000002202211,13,14,1/14,1/1,True
3,2021,0000002202212,13,14,1/14,1/1,True
3,2022,0000002202220,13,14,1/14,1/1,True
3,2023,0000002202221,13,14,1/14,1/1,True
3,2024,0000002202222,13,14,1/14,1/1,True
3,2025,0000002210000,13,14,1/14,1/1,True
3,2026,0000002210001,13,14,1/14,1/1,True
3,2027,0000002210002,13,14,1/14,1/1,True
3,2028,0000002210010,13,14,1/14,1/1,True
3,2029,0000002210011,13,14,1/14,1/1,True
3,2030,0000002210012,13,14,1/14,1/1,True
3,2031,0000002210020,13,14,1/14,1/1,True
3,2032,0000002210021,13,14,1/14,1/1,True
3,2033,0000002210022,13,14,1/14,1/1,True
3,2034,0000002210100,13,14,1/14,1/1,True
3,2035,0000002210101,13,14,1/14,1/1,True
3,2036,0000002210102,13,14,1/14,1/1,True
3,2037,0000002210110,13,14,1/14,1/1,True
3,2038,0000002210111,13,14,1/14,1/1,True
3,2039,0000002210112,13,14,1/14,1/1,True
3,2040,0000002210120,13,14,1/14,1/1,True
3,2041,0000002210121,13,14,1/14,1/1,True
3,2042,0000002210122,13,14,1/14,1/1,True
3,2043,0000002210200,13,14,1/14,1/1,True
3,2044,0000002210201,13,14,1/14,1/1,True
3,2045,0000002210202,13,14,1/14,1/1,True
3,2046,0000002210210,13,14,1/14,1/1,True
3,2047,0000002210211,13,14,1/14,1/1,True
4,1,1,1,2,1/2,1/1,True
4,2,2,1,2,1/2,1/1,True
4,3,3,1,2,1/2,1/1,True
4,4,010,3,4,1/4,1/1,True
4,5,011,3,4,1/4,1/1,True
4,6,012,3,4,1/4,1/1,True
4,7,013,3,4,1/4,1/1,True
4,8,020,3,4,1/4,1/1,True
4,9,021,3,4,1/4,1/1,True
4,10,022,3,4,1/4,1/1,True
4,11,023,3,4,1/4,1/1,True
4,12,030,3,4,1/4,1/1,True
4,13,031,3,4,1/4,1/1,True
4,14,032,3,4,1/4,1/1,True
4,15,033,3,4,1/4,1/1,True
4,16,00100,5,6,1/6,1/1,True
4,17,00101,5,6,1/6,1/1,True
4,18,00102,5,6,1/6,1/1,True
4,19,00103,5,6,1/6,1/1,True
4,20,00110,5,6,1/6,1/1,True
4,21,00111,5,6,1/6,1/1,True
4,22,00112,5,6,1/6,1/1,True
4,23,00113,5,6,1/6,1/1,True
4,24,00120,5,6,1/6,1/1,True
4,25,00121,5,6,1/6,1/1,True
4,26,00122,5,6,1/6,1/1,True
4,27,00123,5,6,1/6,1/1,True
4,28,00130,5,6,1/6,1/1,True
4,29,00131,5,6,1/6,1/1,True
4,30,00132,5,6,1/6,1/1,True
4,31,00133,5,6,1/6,1/1,True
4,32,00200,5,6,1/6,1/1,True
4,33,00201,5,6,1/6,1/1,True
4,34,00202,5,6,1/6,1/1,True
4,35,00203,5,6,1/6,1/1,True
4,36,00210,5,6,1/6,1/1,True
4,37,00211,5,6,1/6,1/1,True
4,38,00212,5,6,1/6,1/1,True
4,39,00213,5,6,1/6,1/1,True
4,40,00220,5,6,1/6,1/1,True
4,41,00221,5,6,1/6,1/1,True
4,42,00222,5,6,1/6,1/1,True
4,43,00223,5,6,1/6,1/1,True
4,44,00230,5,6,1/6,1/1,True
4,45,00231,5,6,1/6,1/1,True
4,46,00232,5,6,1/6,1/1,True
4,47,00233,5,6,1/6,1/1,True
4,48,00300,5,6,1/6,1/1,True
4,49,00301,5,6,1/6,1/1,True
4,50,00302,5,6,1/6,1/1,True
4,51,00303,5,6,1/6,1/1,True
4,52,00310,5,6,1/6,1/1,True
4,53,00311,5,6,1/6,1/1,True
4,54,00312,5,6,1/6,1/1,True
4,55,00313,5,6,1/6,1/1,True
4,56,00320,5,6,1/6,1/1,True
4,57,00321,5,6,1/6,1/1,True
4,58,00322,5,6,1/6,1/1,True
4,59,00323,5,6,1/6,1/1,True
4,60,00330,5,6,1/6,1/1,True
4,61,00331,5,6,1/6,1/1,True
4,62,00332,5,6,1/6,1/1,True
4,63,00333,5,6,1/6,1/1,True
4,64,0001000,7,8,1/8,1/1,True
4,65,0001001,7,8,1/8,1/1,True
4,66,0001002,7,8,1/8,1/1,True
4,67,0001003,7,8,1/8,1/1,True
4,68,0001010,7,8,1/8,1/1,True
4,69,0001011,7,8,1/8,1/1,True
4,70,0001012,7,8,1/8,1/1,True
4,71,0001013,7,8,1/8,1/1,True
4,72,0001020,7,8,1/8,1/1,True
4,73,0001021,7,8,1/8,1/1,True
4,74,0001022,7,8,1/8,1/1,True
4,75,0001023,7,8,1/8,1/1,True
4,76,0001030,7,8,1/8,1/1,True
4,77,0001031,7,8,1/8,1/1,True
4,78,0001032,7,8,1/8,1/1,True
4,79,0001033,7,8,1/8,1/1,True
4,80,0001100,7,8,1/8,1/1,True
4,81,0001101,7,8,1/8,1/1,True
4,82,0001102,7,8,1/8,1/1,True
4,83,0001103,7,8,1/8,1/1,True
4,84,0001110,7,8,1/8,1/1,True
4,85,0001111,7,8,1/8,1/1,True
4,86,0001112,7,8,1/8,1/1,True
4,87,0001113,7,8,1/8,1/1,True
4,88,0001120,7,8,1/8,1/1,True
4,89,0001121,7,8,1/8,1/1,True
4,90,0001122,7,8,1/8,1/1,True
4,91,0001123,7,8,1/8,1/1,True
4,92,0001130,7,8,1/8,1/1,True
4,93,0001131,7,8,1/8,1/1,True
4,94,0001132,7,8,1/8,1/1,True
4,95,0001133,7,8,1/8,1/1,True
4,96,0001200,7,8,1/8,1/1,True
4,97,0001201,7,8,1/8,1/1,True
4,98,0001202,7,8,1/8,1/1,True
4,99,0001203,7,8,1/8,1/1,True
4,100,0001210,7,8,1/8,1/1,True
4,101,0001211,7,8,1/8,1/1,True
4,102,0001212,7,8,1/8,1/1,True
4,103,0001213,7,8,1/8,1/1,True
4,104,0001220,7,8,1/8,1/1,True
4,105,0001221,7,8,1/8,1/1,True
4,106,0001222,7,8,1/8,1/1,True
4,107,0001223,7,8,1/8,1/1,True
4,108,0001230,7,8,1/8,1/1,True
4,109,0001231,7,8,1/8,1/1,True
4,110,0001232,7,8,1/8,1/1,True
4,111,0001233,7,8,1/8,1/1,True
4,112,0001300,7,8,1/8,1/1,True
4,113,0001301,7,8,1/8,1/1,True
4,114,0001302,7,8,1/8,1/1,True
4,115,0001303,7,8,1/8,1/1,True
4,116,0001310,7,8,1/8,1/1,True
4,117,0001311,7,8,1/8,1/1,True
4,118,0001312,7,8,1/8,1/1,True
4,119,0001313,7,8,1/8,1/1,True
4,120,0001320,7,8,1/8,1/1,True
4,121,0001321,7,8,1/8,1/1,True
4,122,0001322,7,8,1/8,1/1,True
4,123,0001323,7,8,1/8,1/1,True
4,124,0001330,7,8,1/8,1/1,True
4,125,0001331,7,8,1/8,1/1,True
4,126,0001332,7,8,1/8,1/1,True
4,127,0001333,7,8,1/8,1/1,True
4,128,0002000,7,8,1/8,1/1,True
4,129,0002001,7,8,1/8,1/1,True
4,130,0002002,7,8,1/8,1/1,True
4,131,0002003,7,8,1/8,1/1,True
4,132,0002010,7,8,1/8,1/1,True
4,133,0002011,7,8,1/8,1/1,True
4,134,0002012,7,8,1/8,1/1,True
4,135,0002013,7,8,1/8,1/1,True
4,136,0002020,7,8,1/8,1/1,True
4,137,0002021,7,8,1/8,1/1,True
4,138,0002022,7,8,1/8,1/1,True
4,139,0002023,7,8,1/8,1/1,True
4,140,0002030,7,8,1/8,1/1,True
4,141,0002031,7,8,1/8,1/1,True
4,142,0002032,7,8,1/8,1/1,True
4,143,0002033,7,8,1/8,1/1,True
4,144,0002100,7,8,1/8,1/1,True
4,145,0002101,7,8,1/8,1/1,True
4,146,0002102,7,8,1/8,1/1,True
4,147,0002103,7,8,1/8,1/1,True
4,148,0002110,7,8,1/8,1/1,True
4,149,0002111,7,8,1/8,1/1,True
4,150,0002112,7,8,1/8,1/1,True
4,151,0002113,7,8,1/8,1/1,True
4,152,0002120,7,8,1/8,1/1,True
4,153,0002121,7,8,1/8,1/1,True
4,154,0002122,7,8,1/8,1/1,True
4,155,0002123,7,8,1/8,1/1,True
4,156,0002130,7,8,1/8,1/1,True
4,157,0002131,7,8,1/8,1/1,True
4,158,0002132,7,8,1/8,1/1,True
4,159,0002133,7,8,1/8,1/1,True
4,160,0002200,7,8,1/8,1/1,True
4,161,0002201,7,8,1/8,1/1,True
4,162,0002202,7,8,1/8,1/1,True
4,163,0002203,7,8,1/8,1/1,True
4,164,0002210,7,8,1/8,1/1,True
4,165,0002211,7,8,1/8,1/1,True
4,166,0002212,7,8,1/8,1/1,True
4,167,0002213,7,8,1/8,1/1,True
4,168,0002220,7,8,1/8,1/1,True
4,169,0002221,7,8,1/8,1/1,True
4,170,0002222,7,8,1/8,1/1,True
4,171,0002223,7,8,1/8,1/1,True
4,172,0002230,7,8,1/8,1/1,True
4,173,0002231,7,8,1/8,1/1,True
4,174,0002232,7,8,1/8,1/1,True
4,175,0002233,7,8,1/8,1/1,True
4,176,0002300,7,8,1/8,1/1,True
4,177,0002301,7,8,1/8,1/1,True
4,178,0002302,7,8,1/8,1/1,True
4,179,0002303,7,8,1/8,1/1,True
4,180,0002310,7,8,1/8,1/1,True
4,181,0002311,7,8,1/8,1/1,True
4,182,0002312,7,8,1/8,1/1,True
4,183,0002313,7,8,1/8,1/1,True
4,184,0002320,7,8,1/8,1/1,True
4,185,0002321,7,8,1/8,1/1,True
4,186,0002322,7,8,1/8,1/1,True
4,187,0002323,7,8,1/8,1/1,True
4,188,0002330,7,8,1/8,1/1,True
4,189,0002331,7,8,1/8,1/1,True
4,190,0002332,7,8,1/8,1/1,True
4,191,0002333,7,8,1/8,1/1,True
4,192,0003000,7,8,1/8,1/1,True
4,193,0003001,7,8,1/8,1/1,True
4,194,0003002,7,8,1/8,1/1,True
4,195,0003003,7,8,1/8,1/1,True
4,196,0003010,7,8,1/8,1/1,True
4,197,0003011,7,8,1/8,1/1,True
4,198,0003012,7,8,1/8,1/1,True
4,199,0003013,7,8,1/8,1/1,True
4,200,0003020,7,8,1/8,1/1,True
4,201,0003021,7,8,1/8,1/1,True
4,202,0003022,7,8,1/8,1/1,True
4,203,0003023,7,8,1/8,1/1,True
4,204,0003030,7,8,1/8,1/1,True
4,205,0003031,7,8,1/8,1/1,True
4,206,0003032,7,8,1/8,1/1,True
4,207,0003033,7,8,1/8,1/1,True
4,208,0003100,7,8,1/8,1/1,True
4,209,0003101,7,8,1/8,1/1,True
4,210,0003102,7,8,1/8,1/1,True
4,211,0003103,7,8,1/8,1/1,True
4,212,0003110,7,8,1/8,1/1,True
4,213,0003111,7,8,1/8,1/1,True
4,214,0003112,7,8,1/8,1/1,True
4,215,0003113,7,8,1/8,1/1,True
4,216,0003120,7,8,1/8,1/1,True
4,217,0003121,7,8,1/8,1/1,True
4,218,0003122,7,8,1/8,1/1,True
4,219,0003123,7,8,1/8,1/1,True
4,220,0003130,7,8,1/8,1/1,True
4,221,0003131,7,8,1/8,1/1,True
4,222,0003132,7,8,1/8,1/1,True
4,223,0003133,7,8,1/8,1/1,True
4,224,0003200,7,8,1/8,1/1,True
4,225,0003201,7,8,1/8,1/1,True
4,226,0003202,7,8,1/8,1/1,True
4,227,0003203,7,8,1/8,1/1,True
4,228,0003210,7,8,1/8,1/1,True
4,229,0003211,7,8,1/8,1/1,True
4,230,0003212,7,8,1/8,1/1,True
4,231,0003213,7,8,1/8,1/1,True
4,232,0003220,7,8,1/8,1/1,True
4,233,0003221,7,8,1/8,1/1,True
4,234,0003222,7,8,1/8,1/1,True
4,235,0003223,7,8,1/8,1/1,True
4,236,0003230,7,8,1/8,1/1,True
4,237,0003231,7,8,1/8,1/1,True
4,238,0003232,7,8,1/8,1/1,True
4,239,0003233,7,8,1/8,1/1,True
4,240,0003300,7,8,1/8,1/1,True
4,241,0003301,7,8,1/8,1/1,True
4,242,0003302,7,8,1/8,1/1,True
4,243,0003303,7,8,1/8,1/1,True
4,244,0003310,7,8,1/8,1/1,True
4,245,0003311,7,8,1/8,1/1,True
4,246,0003312,7,8,1/8,1/1,True
4,247,0003313,7,8,1/8,1/1,True
4,248,0003320,7,8,1/8,1/1,True
4,249,0003321,7,8,1/8,1/1,True
4,250,0003322,7,8,1/8,1/1,True
4,251,0003323,7,8,1/8,1/1,True
4,252,0003330,7,8,1/8,1/1,True
4,253,0003331,7,8,1/8,1/1,True
4,254,0003332,7,8,1/8,1/1,True
4,255,0003333,7,8,1/8,1/1,True
4,256,000010000,9,10,1/10,1/1,True
4,257,000010001,9,10,1/10,1/1,True
4,258,000010002,9,10,1/10,1/1,True
4,259,000010003,9,10,1/10,1/1,True
4,260,000010010,9,10,1/10,1/1,True
4,261,000010011,9,10,1/10,1/1,True
4,262,000010012,9,10,1/10,1/1,True
4,263,000010013,9,10,1/10,1/1,True
4,264,000010020,9,10,1/10,1/1,True
4,265,000010021,9,10,1/10,1/1,True
4,266,000010022,9,10,1/10,1/1,True
4,267,000010023,9,10,1/10,1/1,True
4,268,000010030,9,10,1/10,1/1,True
4,269,000010031,9,10,1/10,1/1,True
4,270,000010032,9,10,1/10,1/1,True
4,271,000010033,9,10,1/10,1/1,True
4,272,000010100,9,10,1/10,1/1,True
4,273,000010101,9,10,1/10,1/1,True
4,274,000010102,9,10,1/10,1/1,True
4,275,000010103,9,10,1/10,1/1,True
4,276,000010110,9,10,1/10,1/1,True
4,277,000010111,9,10,1/10,1/1,True
4,278,000010112,9,10,1/10,1/1,True
4,279,000010113,9,10,1/10,1/1,True
4,280,000010120,9,10,1/10,1/1,True
4,281,000010121,9,10,1/10,1/1,True
4,282,000010122,9,10,1/10,1/1,True
4,283,000010123,9,10,1/10,1/1,True
4,284,000010130,9,10,1/10,1/1,True
4,285,000010131,9,10,1/10,1/1,True
4,286,000010132,9,10,1/10,1/1,True
4,287,000010133,9,10,1/10,1/1,True
4,288,000010200,9,10,1/10,1/1,True
4,289,000010201,9,10,1/10,1/1,True
4,290,000010202,9,10,1/10,1/1,True
4,291,000010203,9,10,1/10,1/1,True
4,292,000010210,9,10,1/10,1/1,True
4,293,000010211,9,10,1/10,1/1,True
4,294,000010212,9,10,1/10,1/1,True
4,295,000010213,9,10,1/10,1/1,True
4,296,000010220,9,10,1/10,1/1,True
4,297,000010221,9,10,1/10,1/1,True
4,298,000010222,9,10,1/10,1/1,True
4,299,000010223,9,10,1/10,1/1,True
4,300,000010230,9,10,1/10,1/1,True
4,301,000010231,9,10,1/10,1/1,True
4,302,000010232,9,10,1/10,1/1,True
4,303,000010233,9,10,1/10,1/1,True
4,304,000010300,9,10,1/10,1/1,True
4,305,000010301,9,10,1/10,1/1,True
4,306,000010302,9,10,1/10,1/1,True
4,307,000010303,9,10,1/10,1/1,True
4,308,000010310,9,10,1/10,1/1,True
4,309,000010311,9,10,1/10,1/1,True
4,310,000010312,9,10,1/10,1/1,True
4,311,000010313,9,10,1/10,1/1,True
4,312,000010320,9,10,1/10,1/1,True
4,313,000010321,9,10,1/10,1/1,True
4,314,000010322,9,10,1/10,1/1,True
4,315,000010323,9,10,1/10,1/1,True
4,316,000010330,9,10,1/10,1/1,True
4,317,000010331,9,10,1/10,1/1,True
4,318,000010332,9,10,1/10,1/1,True
4,319,000010333,9,10,1/10,1/1,True
4,320,000011000,9,10,1/10,1/1,True
4,321,000011001,9,10,1/10,1/1,True
4,322,000011002,9,10,1/10,1/1,True
4,323,000011003,9,10,1/10,1/1,True
4,324,000011010,9,10,1/10,1/1,True
4,325,000011011,9,10,1/10,1/1,True
4,326,000011012,9,10,1/10,1/1,True
4,327,000011013,9,10,1/10,1/1,True
4,328,000011020,9,10,1/10,1/1,True
4,329,000011021,9,10,1/10,1/1,True
4,330,000011022,9,10,1/10,1/1,True
4,331,000011023,9,10,1/10,1/1,True
4,332,000011030,9,10,1/10,1/1,True
4,333,000011031,9,10,1/10,1/1,True
4,334,000011032,9,10,1/10,1/1,True
4,335,000011033,9,10,1/10,1/1,True
4,336,000011100,9,10,1/10,1/1,True
4,337,000011101,9,10,1/10,1/1,True
4,338,000011102,9,10,1/10,1/1,True
4,339,000011103,9,10,1/10,1/1,True
4,340,000011110,9,10,1/10,1/1,True
4,341,000011111,9,10,1/10,1/1,True
4,342,000011112,9,10,1/10,1/1,True
4,343,000011113,9,10,1/10,1/1,True
4,344,000011120,9,10,1/10,1/1,True
4,345,000011121,9,10,1/10,1/1,True
4,346,000011122,9,10,1/10,1/1,True
4,347,000011123,9,10,1/10,1/1,True
4,348,000011130,9,10,1/10,1/1,True
4,349,000011131,9,10,1/10,1/1,True
4,350,000011132,9,10,1/10,1/1,True
4,351,000011133,9,10,1/10,1/1,True
4,352,000011200,9,10,1/10,1/1,True
4,353,000011201,9,10,1/10,1/1,True
4,354,000011202,9,10,1/10,1/1,True
4,355,000011203,9,10,1/10,1/1,True
4,356,000011210,9,10,1/10,1/1,True
4,357,000011211,9,10,1/10,1/1,True
4,358,000011212,9,10,1/10,1/1,True
4,359,000011213,9,10,1/10,1/1,True
4,360,000011220,9,10,1/10,1/1,True
4,361,000011221,9,10,1/10,1/1,True
4,362,000011222,9,10,1/10,1/1,True
4,363,000011223,9,10,1/10,1/1,True
4,364,000011230,9,10,1/10,1/1,True
4,365,000011231,9,10,1/10,1/1,True
4,366,000011232,9,10,1/10,1/1,True
4,367,000011233,9,10,1/10,1/1,True
4,368,000011300,9,10,1/10,1/1,True
4,369,000011301,9,10,1/10,1/1,True
4,370,000011302,9,10,1/10,1/1,True
4,371,000011303,9,10,1/10,1/1,True
4,372,000011310,9,10,1/10,1/1,True
4,373,000011311,9,10,1/10,1/1,True
4,374,000011312,9,10,1/10,1/1,True
4,375,000011313,9,10,1/10,1/1,True
4,376,000011320,9,10,1/10,1/1,True
4,377,000011321,9,10,1/10,1/1,True
4,378,000011322,9,10,1/10,1/1,True
4,379,000011323,9,10,1/10,1/1,True
4,380,000011330,9,10,1/10,1/1,True
4,381,000011331,9,10,1/10,1/1,True
4,382,000011332,9,10,1/10,1/1,True
4,383,000011333,9,10,1/10,1/1,True
4,384,000012000,9,10,1/10,1/1,True
4,385,000012001,9,10,1/10,1/1,True
4,386,000012002,9,10,1/10,1/1,True
4,387,000012003,9,10,1/10,1/1,True
4,388,000012010,9,10,1/10,1/1,True
4,389,000012011,9,10,1/10,1/1,True
4,390,000012012,9,10,1/10,1/1,True
4,391,000012013,9,10,1/10,1/1,True
4,392,000012020,9,10,1/10,1/1,True
4,393,000012021,9,10,1/10,1/1,True
4,394,000012022,9,10,1/10,1/1,True
4,395,000012023,9,10,1/10,1/1,True
4,396,000012030,9,10,1/10,1/1,True
4,397,000012031,9,10,1/10,1/1,True
4,398,000012032,9,10,1/10,1/1,True
4,399,000012033,9,10,1/10,1/1,True
4,400,000012100,9,10,1/10,1/1,True
4,401,000012101,9,10,1/10,1/1,True
4,402,000012102,9,10,1/10,1/1,True
4,403,000012103,9,10,1/10,1/1,True
4,404,000012110,9,10,1/10,1/1,True
4,405,000012111,9,10,1/10,1/1,True
4,406,000012112,9,10,1/10,1/1,True
4,407,000012113,9,10,1/10,1/1,True
4,408,000012120,9,10,1/10,1/1,True
4,409,000012121,9,10,1/10,1/1,True
4,410,000012122,9,10,1/10,1/1,True
4,411,000012123,9,10,1/10,1/1,True
4,412,000012130,9,10,1/10,1/1,True
4,413,000012131,9,10,1/10,1/1,True
4,414,000012132,9,10,1/10,1/1,True
4,415,000012133,9,10,1/10,1/1,True
4,416,000012200,9,10,1/10,1/1,True
4,417,000012201,9,10,1/10,1/1,True
4,418,000012202,9,10,1/10,1/1,True
4,419,000012203,9,10,1/10,1/1,True
4,420,000012210,9,10,1/10,1/1,True
4,421,000012211,9,10,1/10,1/1,True
4,422,000012212,9,10,1/10,1/1,True
4,423,000012213,9,10,1/10,1/1,True
4,424,000012220,9,10,1/10,1/1,True
4,425,000012221,9,10,1/10,1/1,True
4,426,000012222,9,10,1/10,1/1,True
4,427,000012223,9,10,1/10,1/1,True
4,428,000012230,9,10,1/10,1/1,True
4,429,000012231,9,10,1/10,1/1,True
4,430,000012232,9,10,1/10,1/1,True
4,431,000012233,9,10,1/10,1/1,True
4,432,000012300,9,10,1/10,1/1,True
4,433,000012301,9,10,1/10,1/1,True
4,434,000012302,9,10,1/10,1/1,True
4,435,000012303,9,10,1/10,1/1,True
4,436,000012310,9,10,1/10,1/1,True
4,437,000012311,9,10,1/10,1/1,True
4,438,000012312,9,10,1/10,1/1,True
4,439,000012313,9,10,1/10,1/1,True
4,440,000012320,9,10,1/10,1/1,True
4,441,000012321,9,10,1/10,1/1,True
4,442,000012322,9,10,1/10,1/1,True
4,443,000012323,9,10,1/10,1/1,True
4,444,000012330,9,10,1/10,1/1,True
4,445,000012331,9,10,1/10,1/1,True
4,446,000012332,9,10,1/10,1/1,True
4,447,000012333,9,10,1/10,1/1,True
4,448,000013000,9,10,1/10,1/1,True
4,449,000013001,9,10,1/10,1/1,True
4,450,000013002,9,10,1/10,1/1,True
4,451,000013003,9,10,1/10,1/1,True
4,452,000013010,9,10,1/10,1/1,True
4,453,000013011,9,10,1/10,1/1,True
4,454,000013012,9,10,1/10,1/1,True
4,455,000013013,9,10,1/10,1/1,True
4,456,000013020,9,10,1/10,1/1,True
4,457,000013021,9,10,1/10,1/1,True
4,458,000013022,9,10,1/10,1/1,True
4,459,000013023,9,10,1/10,1/1,True
4,460,000013030,9,10,1/10,1/1,True
4,461,000013031,9,10,1/10,1/1,True
4,462,000013032,9,10,1/10,1/1,True
4,463,000013033,9,10,1/10,1/1,True
4,464,000013100,9,10,1/10,1/1,True
4,465,000013101,9,10,1/10,1/1,True
4,466,000013102,9,10,1/10,1/1,True
4,467,000013103,9,10,1/10,1/1,True
4,468,000013110,9,10,1/10,1/1,True
4,469,000013111,9,10,1/10,1/1,True
4,470,000013112,9,10,1/10,1/1,True
4,471,000013113,9,10,1/10,1/1,True
4,472,000013120,9,10,1/10,1/1,True
4,473,000013121,9,10,1/10,1/1,True
4,474,000013122,9,10,1/10,1/1,True
4,475,000013123,9,10,1/10,1/1,True
4,476,000013130,9,10,1/10,1/1,True
4,477,000013131,9,10,1/10,1/1,True
4,478,000013132,9,10,1/10,1/1,True
4,479,000013133,9,10,1/10,1/1,True
4,480,000013200,9,10,1/10,1/1,True
4,481,000013201,9,10,1/10,1/1,True
4,482,000013202,9,10,1/10,1/1,True
4,483,000013203,9,10,1/10,1/1,True
4,484,000013210,9,10,1/10,1/1,True
4,485,000013211,9,10,1/10,1/1,True
4,486,000013212,9,10,1/10,1/1,True
4,487,000013213,9,10,1/10,1/1,True
4,488,000013220,9,10,1/10,1/1,True
4,489,000013221,9,10,1/10,1/1,True
4,490,000013222,9,10,1/10,1/1,True
4,491,000013223,9,10,1/10,1/1,True
4,492,000013230,9,10,1/10,1/1,True
4,493,000013231,9,10,1/10,1/1,True
4,494,000013232,9,10,1/10,1/1,True
4,495,000013233,9,10,1/10,1/1,True
4,496,000013300,9,10,1/10,1/1,True
4,497,000013301,9,10,1/10,1/1,True
4,498,000013302,9,10,1/10,1/1,True
4,499,000013303,9,10,1/10,1/1,True
4,500,000013310,9,10,1/10,1/1,True
4,501,000013311,9,10,1/10,1/1,True
4,502,000013312,9,10,1/10,1/1,True
4,503,000013313,9,10,1/10,1/1,True
4,504,000013320,9,10,1/10,1/1,True
4,505,000013321,9,10,1/10,1/1,True
4,506,000013322,9,10,1/10,1/1,True
4,507,000013323,9,10,1/10,1/1,True
4,508,000013330,9,10,1/10,1/1,True
4,509,000013331,9,10,1/10,1/1,True
4,510,000013332,9,10,1/10,1/1,True
4,511,000013333,9,10,1/10,1/1,True
4,512,000020000,9,10,1/10,1/1,True
4,513,000020001,9,10,1/10,1/1,True
4,514,000020002,9,10,1/10,1/1,True
4,515,000020003,9,10,1/10,1/1,True
4,516,000020010,9,10,1/10,1/1,True
4,517,000020011,9,10,1/10,1/1,True
4,518,000020012,9,10,1/10,1/1,True
4,519,000020013,9,10,1/10,1/1,True
4,520,000020020,9,10,1/10,1/1,True
4,521,000020021,9,10,1/10,1/1,True
4,522,000020022,9,10,1/10,1/1,True
4,523,000020023,9,10,1/10,1/1,True
4,524,000020030,9,10,1/10,1/1,True
4,525,000020031,9,10,1/10,1/1,True
4,526,000020032,9,10,1/10,1/1,True
4,527,000020033,9,10,1/10,1/1,True
4,528,000020100,9,10,1/10,1/1,True
4,529,000020101,9,10,1/10,1/1,True
4,530,000020102,9,10,1/10,1/1,True
4,531,000020103,9,10,1/10,1/1,True
4,532,000020110,9,10,1/10,1/1,True
4,533,000020111,9,10,1/10,1/1,True
4,534,000020112,9,10,1/10,1/1,True
4,535,000020113,9,10,1/10,1/1,True
4,536,000020120,9,10,1/10,1/1,True
4,537,000020121,9,10,1/10,1/1,True
4,538,000020122,9,10,1/10,1/1,True
4,539,000020123,9,10,1/10,1/1,True
4,540,000020130,9,10,1/10,1/1,True
4,541,000020131,9,10,1/10,1/1,True
4,542,000020132,9,10,1/10,1/1,True
4,543,000020133,9,10,1/10,1/1,True
4,544,000020200,9,10,1/10,1/1,True
4,545,000020201,9,10,1/10,1/1,True
4,546,000020202,9,10,1/10,1/1,True
4,547,000020203,9,10,1/10,1/1,True
4,548,000020210,9,10,1/10,1/1,True
4,549,000020211,9,10,1/10,1/1,True
4,550,000020212,9,10,1/10,1/1,True
4,551,000020213,9,10,1/10,1/1,True
4,552,000020220,9,10,1/10,1/1,True
4,553,000020221,9,10,1/10,1/1,True
4,554,000020222,9,10,1/10,1/1,True
4,555,000020223,9,10,1/10,1/1,True
4,556,000020230,9,10,1/10,1/1,True
4,557,000020231,9,10,1/10,1/1,True
4,558,000020232,9,10,1/10,1/1,True
4,559,000020233,9,10,1/10,1/1,True
4,560,000020300,9,10,1/10,1/1,True
4,561,000020301,9,10,1/10,1/1,True
4,562,000020302,9,10,1/10,1/1,True
4,563,000020303,9,10,1/10,1/1,True
4,564,000020310,9,10,1/10,1/1,True
4,565,000020311,9,10,1/10,1/1,True
4,566,000020312,9,10,1/10,1/1,True
4,567,000020313,9,10,1/10,1/1,True
4,568,000020320,9,10,1/10,1/1,True
4,569,000020321,9,10,1/10,1/1,True
4,570,000020322,9,10,1/10,1/1,True
4,571,000020323,9,10,1/10,1/1,True
4,572,000020330,9,10,1/10,1/1,True
4,573,000020331,9,10,1/10,1/1,True
4,574,000020332,9,10,1/10,1/1,True
4,575,000020333,9,10,1/10,1/1,True
4,576,000021000,9,10,1/10,1/1,True
4,577,000021001,9,10,1/10,1/1,True
4,578,000021002,9,10,1/10,1/1,True
4,579,000021003,9,10,1/10,1/1,True
4,580,000021010,9,10,1/10,1/1,True
4,581,000021011,9,10,1/10,1/1,True
4,582,000021012,9,10,1/10,1/1,True
4,583,000021013,9,10,1/10,1/1,True
4,584,000021020,9,10,1/10,1/1,True
4,585,000021021,9,10,1/10,1/1,True
4,586,000021022,9,10,1/10,1/1,True
4,587,000021023,9,10,1/10,1/1,True
4,588,000021030,9,10,1/10,1/1,True
4,589,000021031,9,10,1/10,1/1,True
4,590,000021032,9,10,1/10,1/1,True
4,591,000021033,9,10,1/10,1/1,True
4,592,000021100,9,10,1/10,1/1,True
4,593,000021101,9,10,1/10,1/1,True
4,594,000021102,9,10,1/10,1/1,True
4,595,000021103,9,10,1/10,1/1,True
4,596,000021110,9,10,1/10,1/1,True
4,597,000021111,9,10,1/10,1/1,True
4,598,000021112,9,10,1/10,1/1,True
4,599,000021113,9,10,1/10,1/1,True
4,600,000021120,9,10,1/10,1/1,True
4,601,000021121,9,10,1/10,1/1,True
4,602,000021122,9,10,1/10,1/1,True
4,603,000021123,9,10,1/10,1/1,True
4,604,000021130,9,10,1/10,1/1,True
4,605,000021131,9,10,1/10,1/1,True
4,606,000021132,9,10,1/10,1/1,True
4,607,000021133,9,10,1/10,1/1,True
4,608,000021200,9,10,1/10,1/1,True
4,609,000021201,9,10,1/10,1/1,True
4,610,000021202,9,10,1/10,1/1,True
4,611,000021203,9,10,1/10,1/1,True
4,612,000021210,9,10,1/10,1/1,True
4,613,000021211,9,10,1/10,1/1,True
4,614,000021212,9,10,1/10,1/1,True
4,615,000021213,9,10,1/10,1/1,True
4,616,000021220,9,10,1/10,1/1,True
4,617,000021221,9,10,1/10,1/1,True
4,618,000021222,9,10,1/10,1/1,True
4,619,000021223,9,10,1/10,1/1,True
4,620,000021230,9,10,1/10,1/1,True
4,621,000021231,9,10,1/10,1/1,True
4,622,000021232,9,10,1/10,1/1,True
4,623,000021233,9,10,1/10,1/1,True
4,624,000021300,9,10,1/10,1/1,True
4,625,000021301,9,10,1/10,1/1,True
4,626,000021302,9,10,1/10,1/1,True
4,627,000021303,9,10,1/10,1/1,True
4,628,000021310,9,10,1/10,1/1,True
4,629,000021311,9,10,1/10,1/1,True
4,630,000021312,9,10,1/10,1/1,True
4,631,000021313,9,10,1/10,1/1,True
4,632,000021320,9,10,1/10,1/1,True
4,633,000021321,9,10,1/10,1/1,True
4,634,000021322,9,10,1/10,1/1,True
4,635,000021323,9,10,1/10,1/1,True
4,636,000021330,9,10,1/10,1/1,True
4,637,000021331,9,10,1/10,1/1,True
4,638,000021332,9,10,1/10,1/1,True
4,639,000021333,9,10,1/10,1/1,True
4,640,000022000,9,10,1/10,1/1,True
4,641,000022001,9,10,1/10,1/1,True
4,642,000022002,9,10,1/10,1/1,True
4,643,000022003,9,10,1/10,1/1,True
4,644,000022010,9,10,1/10,1/1,True
4,645,000022011,9,10,1/10,1/1,True
4,646,000022012,9,10,1/10,1/1,True
4,647,000022013,9,10,1/10,1/1,True
4,648,000022020,9,10,1/10,1/1,True
4,649,000022021,9,10,1/10,1/1,True
4,650,000022022,9,10,1/10,1/1,True
4,651,000022023,9,10,1/10,1/1,True
4,652,000022030,9,10,1/10,1/1,True
4,653,000022031,9,10,1/10,1/1,True
4,654,000022032,9,10,1/10,1/1,True
4,655,000022033,9,10,1/10,1/1,True
4,656,000022100,9,10,1/10,1/1,True
4,657,000022101,9,10,1/10,1/1,True
4,658,000022102,9,10,1/10,1/1,True
4,659,000022103,9,10,1/10,1/1,True
4,660,000022110,9,10,1/10,1/1,True
4,661,000022111,9,10,1/10,1/1,True
4,662,000022112,9,10,1/10,1/1,True
4,663,000022113,9,10,1/10,1/1,True
4,664,000022120,9,10,1/10,1/1,True
4,665,000022121,9,10,1/10,1/1,True
4,666,000022122,9,10,1/10,1/1,True
4,667,000022123,9,10,1/10,1/1,True
4,668,000022130,9,10,1/10,1/1,True
4,669,000022131,9,10,1/10,1/1,True
4,670,000022132,9,10,1/10,1/1,True
4,671,000022133,9,10,1/10,1/1,True
4,672,000022200,9,10,1/10,1/1,True
4,673,000022201,9,10,1/10,1/1,True
4,674,000022202,9,10,1/10,1/1,True
4,675,000022203,9,10,1/10,1/1,True
4,676,000022210,9,10,1/10,1/1,True
4,677,000022211,9,10,1/10,1/1,True
4,678,000022212,9,10,1/10,1/1,True
4,679,000022213,9,10,1/10,1/1,True
4,680,000022220,9,10,1/10,1/1,True
4,681,000022221,9,10,1/10,1/1,True
4,682,000022222,9,10,1/10,1/1,True
4,683,000022223,9,10,1/10,1/1,True
4,684,000022230,9,10,1/10,1/1,True
4,685,000022231,9,10,1/10,1/1,True
4,686,000022232,9,10,1/10,1/1,True
4,687,000022233,9,10,1/10,1/1,True
4,688,000022300,9,10,1/10,1/1,True
4,689,000022301,9,10,1/10,1/1,True
4,690,000022302,9,10,1/10,1/1,True
4,691,000022303,9,10,1/10,1/1,True
4,692,000022310,9,10,1/10,1/1,True
4,693,000022311,9,10,1/10,1/1,True
4,694,000022312,9,10,1/10,1/1,True
4,695,000022313,9,10,1/10,1/1,True
4,696,000022320,9,10,1/10,1/1,True
4,697,000022321,9,10,1/10,1/1,True
4,698,000022322,9,10,1/10,1/1,True
4,699,000022323,9,10,1/10,1/1,True
4,700,000022330,9,10,1/10,1/1,True
4,701,000022331,9,10,1/10,1/1,True
4,702,000022332,9,10,1/10,1/1,True
4,703,000022333,9,10,1/10,1/1,True
4,704,000023000,9,10,1/10,1/1,True
4,705,000023001,9,10,1/10,1/1,True
4,706,000023002,9,10,1/10,1/1,True
4,707,000023003,9,10,1/10,1/1,True
4,708,000023010,9,10,1/10,1/1,True
4,709,000023011,9,10,1/10,1/1,True
4,710,000023012,9,10,1/10,1/1,True
4,711,000023013,9,10,1/10,1/1,True
4,712,000023020,9,10,1/10,1/1,True
4,713,000023021,9,10,1/10,1/1,True
4,714,000023022,9,10,1/10,1/1,True
4,715,000023023,9,10,1/10,1/1,True
4,716,000023030,9,10,1/10,1/1,True
4,717,000023031,9,10,1/10,1/1,True
4,718,000023032,9,10,1/10,1/1,True
4,719,000023033,9,10,1/10,1/1,True
4,720,000023100,9,10,1/10,1/1,True
4,721,000023101,9,10,1/10,1/1,True
4,722,000023102,9,10,1/10,1/1,True
4,723,000023103,9,10,1/10,1/1,True
4,724,000023110,9,10,1/10,1/1,True
4,725,000023111,9,10,1/10,1/1,True
4,726,000023112,9,10,1/10,1/1,True
4,727,000023113,9,10,1/10,1/1,True
4,728,000023120,9,10,1/10,1/1,True
4,729,000023121,9,10,1/10,1/1,True
4,730,000023122,9,10,1/10,1/1,True
4,731,000023123,9,10,1/10,1/1,True
4,732,000023130,9,10,1/10,1/1,True
4,733,000023131,9,10,1/10,1/1,True
4,734,000023132,9,10,1/10,1/1,True
4,735,000023133,9,10,1/10,1/1,True
4,736,000023200,9,10,1/10,1/1,True
4,737,000023201,9,10,1/10,1/1,True
4,738,000023202,9,10,1/10,1/1,True
4,739,000023203,9,10,1/10,1/1,True
4,740,000023210,9,10,1/10,1/1,True
4,741,000023211,9,10,1/10,1/1,True
4,742,000023212,9,10,1/10,1/1,True
4,743,000023213,9,10,1/10,1/1,True
4,744,000023220,9,10,1/10,1/1,True
4,745,000023221,9,10,1/10,1/1,True
4,746,000023222,9,10,1/10,1/1,True
4,747,000023223,9,10,1/10,1/1,True
4,748,000023230,9,10,1/10,1/1,True
4,749,000023231,9,10,1/10,1/1,True
4,750,000023232,9,10,1/10,1/1,True
4,751,000023233,9,10,1/10,1/1,True
4,752,000023300,9,10,1/10,1/1,True
4,753,000023301,9,10,1/10,1/1,True
4,754,000023302,9,10,1/10,1/1,True
4,755,000023303,9,10,1/10,1/1,True
4,756,000023310,9,10,1/10,1/1,True
4,757,000023311,9,10,1/10,1/1,True
4,758,000023312,9,10,1/10,1/1,True
4,759,000023313,9,10,1/10,1/1,True
4,760,000023320,9,10,1/10,1/1,True
4,761,000023321,9,10,1/10,1/1,True
4,762,000023322,9,10,1/10,1/1,True
4,763,000023323,9,10,1/10,1/1,True
4,764,000023330,9,10,1/10,1/1,True
4,765,000023331,9,10,1/10,1/1,True
4,766,000023332,9,10,1/10,1/1,True
4,767,000023333,9,10,1/10,1/1,True
4,768,000030000,9,10,1/10,1/1,True
4,769,000030001,9,10,1/10,1/1,True
4,770,000030002,9,10,1/10,1/1,True
4,771,000030003,9,10,1/10,1/1,True
4,772,000030010,9,10,1/10,1/1,True
4,773,000030011,9,10,1/10,1/1,True
4,774,000030012,9,10,1/10,1/1,True
4,775,000030013,9,10,1/10,1/1,True
4,776,000030020,9,10,1/10,1/1,True
4,777,000030021,9,10,1/10,1/1,True
4,778,000030022,9,10,1/10,1/1,True
4,779,000030023,9,10,1/10,1/1,True
4,780,000030030,9,10,1/10,1/1,True
4,781,000030031,9,10,1/10,1/1,True
4,782,000030032,9,10,1/10,1/1,True
4,783,000030033,9,10,1/10,1/1,True
4,784,000030100,9,10,1/10,1/1,True
4,785,000030101,9,10,1/10,1/1,True
4,786,000030102,9,10,1/10,1/1,True
4,787,000030103,9,10,1/10,1/1,True
4,788,000030110,9,10,1/10,1/1,True
4,789,000030111,9,10,1/10,1/1,True
4,790,000030112,9,10,1/10,1/1,True
4,791,000030113,9,10,1/10,1/1,True
4,792,000030120,9,10,1/10,1/1,True
4,793,000030121,9,10,1/10,1/1,True
4,794,000030122,9,10,1/10,1/1,True
4,795,000030123,9,10,1/10,1/1,True
4,796,000030130,9,10,1/10,1/1,True
4,797,000030131,9,10,1/10,1/1,True
4,798,000030132,9,10,1/10,1/1,True
4,799,000030133,9,10,1/10,1/1,True
4,800,000030200,9,10,1/10,1/1,True
4,801,000030201,9,10,1/10,1/1,True
4,802,000030202,9,10,1/10,1/1,True
4,803,000030203,9,10,1/10,1/1,True
4,804,000030210,9,10,1/10,1/1,True
4,805,000030211,9,10,1/10,1/1,True
4,806,000030212,9,10,1/10,1/1,True
4,807,000030213,9,10,1/10,1/1,True
4,808,000030220,9,10,1/10,1/1,True
4,809,000030221,9,10,1/10,1/1,True
4,810,000030222,9,10,1/10,1/1,True
4,811,000030223,9,10,1/10,1/1,True
4,812,000030230,9,10,1/10,1/1,True
4,813,000030231,9,10,1/10,1/1,True
4,814,000030232,9,10,1/10,1/1,True
4,815,000030233,9,10,1/10,1/1,True
4,816,000030300,9,10,1/10,1/1,True
4,817,000030301,9,10,1/10,1/1,True
4,818,000030302,9,10,1/10,1/1,True
4,819,000030303,9,10,1/10,1/1,True
4,820,000030310,9,10,1/10,1/1,True
4,821,000030311,9,10,1/10,1/1,True
4,822,000030312,9,10,1/10,1/1,True
4,823,000030313,9,10,1/10,1/1,True
4,824,000030320,9,10,1/10,1/1,True
4,825,000030321,9,10,1/10,1/1,True
4,826,000030322,9,10,1/10,1/1,True
4,827,000030323,9,10,1/10,1/1,True
4,828,000030330,9,10,1/10,1/1,True
4,829,000030331,9,10,1/10,1/1,True
4,830,000030332,9,10,1/10,1/1,True
4,831,000030333,9,10,1/10,1/1,True
4,832,000031000,9,10,1/10,1/1,True
4,833,000031001,9,10,1/10,1/1,True
4,834,000031002,9,10,1/10,1/1,True
4,835,000031003,9,10,1/10,1/1,True
4,836,000031010,9,10,1/10,1/1,True
4,837,000031011,9,10,1/10,1/1,True
4,838,000031012,9,10,1/10,1/1,True
4,839,000031013,9,10,1/10,1/1,True
4,840,000031020,9,10,1/10,1/1,True
4,841,000031021,9,10,1/10,1/1,True
4,842,000031022,9,10,1/10,1/1,True
4,843,000031023,9,10,1/10,1/1,True
4,844,000031030,9,10,1/10,1/1,True
4,845,000031031,9,10,1/10,1/1,True
4,846,000031032,9,10,1/10,1/1,True
4,847,000031033,9,10,1/10,1/1,True
4,848,000031100,9,10,1/10,1/1,True
4,849,000031101,9,10,1/10,1/1,True
4,850,000031102,9,10,1/10,1/1,True
4,851,000031103,9,10,1/10,1/1,True
4,852,000031110,9,10,1/10,1/1,True
4,853,000031111,9,10,1/10,1/1,True
4,854,000031112,9,10,1/10,1/1,True
4,855,000031113,9,10,1/10,1/1,True
4,856,000031120,9,10,1/10,1/1,True
4,857,000031121,9,10,1/10,1/1,True
4,858,000031122,9,10,1/10,1/1,True
4,859,000031123,9,10,1/10,1/1,True
4,860,000031130,9,10,1/10,1/1,True
4,861,000031131,9,10,1/10,1/1,True
4,862,000031132,9,10,1/10,1/1,True
4,863,000031133,9,10,1/10,1/1,True
4,864,000031200,9,10,1/10,1/1,True
4,865,000031201,9,10,1/10,1/1,True
4,866,000031202,9,10,1/10,1/1,True
4,867,000031203,9,10,1/10,1/1,True
4,868,000031210,9,10,1/10,1/1,True
4,869,000031211,9,10,1/10,1/1,True
4,870,000031212,9,10,1/10,1/1,True
4,871,000031213,9,10,1/10,1/1,True
4,872,000031220,9,10,1/10,1/1,True
4,873,000031221,9,10,1/10,1/1,True
4,874,000031222,9,10,1/10,1/1,True
4,875,000031223,9,10,1/10,1/1,True
4,876,000031230,9,10,1/10,1/1,True
4,877,000031231,9,10,1/10,1/1,True
4,878,000031232,9,10,1/10,1/1,True
4,879,000031233,9,10,1/10,1/1,True
4,880,000031300,9,10,1/10,1/1,True
4,881,000031301,9,10,1/10,1/1,True
4,882,000031302,9,10,1/10,1/1,True
4,883,000031303,9,10,1/10,1/1,True
4,884,000031310,9,10,1/10,1/1,True
4,885,000031311,9,10,1/10,1/1,True
4,886,000031312,9,10,1/10,1/1,True
4,887,000031313,9,10,1/10,1/1,True
4,888,000031320,9,10,1/10,1/1,True
4,889,000031321,9,10,1/10,1/1,True
4,890,000031322,9,10,1/10,1/1,True
4,891,000031323,9,10,1/10,1/1,True
4,892,000031330,9,10,1/10,1/1,True
4,893,000031331,9,10,1/10,1/1,True
4,894,000031332,9,10,1/10,1/1,True
4,895,000031333,9,10,1/10,1/1,True
4,896,000032000,9,10,1/10,1/1,True
4,897,000032001,9,10,1/10,1/1,True
4,898,000032002,9,10,1/10,1/1,True
4,899,000032003,9,10,1/10,1/1,True
4,900,000032010,9,10,1/10,1/1,True
4,901,000032011,9,10,1/10,1/1,True
4,902,000032012,9,10,1/10,1/1,True
4,903,000032013,9,10,1/10,1/1,True
4,904,000032020,9,10,1/10,1/1,True
4,905,000032021,9,10,1/10,1/1,True
4,906,000032022,9,10,1/10,1/1,True
4,907,000032023,9,10,1/10,1/1,True
4,908,000032030,9,10,1/10,1/1,True
4,909,000032031,9,10,1/10,1/1,True
4,910,000032032,9,10,1/10,1/1,True
4,911,000032033,9,10,1/10,1/1,True
4,912,000032100,9,10,1/10,1/1,True
4,913,000032101,9,10,1/10,1/1,True
4,914,000032102,9,10,1/10,1/1,True
4,915,000032103,9,10,1/10,1/1,True
4,916,000032110,9,10,1/10,1/1,True
4,917,000032111,9,10,1/10,1/1,True
4,918,000032112,9,10,1/10,1/1,True
4,919,000032113,9,10,1/10,1/1,True
4,920,000032120,9,10,1/10,1/1,True
4,921,000032121,9,10,1/10,1/1,True
4,922,000032122,9,10,1/10,1/1,True
4,923,000032123,9,10,1/10,1/1,True
4,924,000032130,9,10,1/10,1/1,True
4,925,000032131,9,10,1/10,1/1,True
4,926,000032132,9,10,1/10,1/1,True
4,927,000032133,9,10,1/10,1/1,True
4,928,000032200,9,10,1/10,1/1,True
4,929,000032201,9,10,1/10,1/1,True
4,930,000032202,9,10,1/10,1/1,True
4,931,000032203,9,10,1/10,1/1,True
4,932,000032210,9,10,1/10,1/1,True
4,933,000032211,9,10,1/10,1/1,True
4,934,000032212,9,10,1/10,1/1,True
4,935,000032213,9,10,1/10,1/1,True
4,936,000032220,9,10,1/10,1/1,True
4,937,000032221,9,10,1/10,1/1,True
4,938,000032222,9,10,1/10,1/1,True
4,939,000032223,9,10,1/10,1/1,True
4,940,000032230,9,10,1/10,1/1,True
4,941,000032231,9,10,1/10,1/1,True
4,942,000032232,9,10,1/10,1/1,True
4,943,000032233,9,10,1/10,1/1,True
4,944,000032300,9,10,1/10,1/1,True
4,945,000032301,9,10,1/10,1/1,True
4,946,000032302,9,10,1/10,1/1,True
4,947,000032303,9,10,1/10,1/1,True
4,948,000032310,9,10,1/10,1/1,True
4,949,000032311,9,10,1/10,1/1,True
4,950,000032312,9,10,1/10,1/1,True
4,951,000032313,9,10,1/10,1/1,True
4,952,000032320,9,10,1/10,1/1,True
4,953,000032321,9,10,1/10,1/1,True
4,954,000032322,9,10,1/10,1/1,True
4,955,000032323,9,10,1/10,1/1,True
4,956,000032330,9,10,1/10,1/1,True
4,957,000032331,9,10,1/10,1/1,True
4,958,000032332,9,10,1/10,1/1,True
4,959,000032333,9,10,1/10,1/1,True
4,960,000033000,9,10,1/10,1/1,True
4,961,000033001,9,10,1/10,1/1,True
4,962,000033002,9,10,1/10,1/1,True
4,963,000033003,9,10,1/10,1/1,True
4,964,000033010,9,10,1/10,1/1,True
4,965,000033011,9,10,1/10,1/1,True
4,966,000033012,9,10,1/10,1/1,True
4,967,000033013,9,10,1/10,1/1,True
4,968,000033020,9,10,1/10,1/1,True
4,969,000033021,9,10,1/10,1/1,True
4,970,000033022,9,10,1/10,1/1,True
4,971,000033023,9,10,1/10,1/1,True
4,972,000033030,9,10,1/10,1/1,True
4,973,000033031,9,10,1/10,1/1,True
4,974,000033032,9,10,1/10,1/1,True
4,975,000033033,9,10,1/10,1/1,True
4,976,000033100,9,10,1/10,1/1,True
4,977,000033101,9,10,1/10,1/1,True
4,978,000033102,9,10,1/10,1/1,True
4,979,000033103,9,10,1/10,1/1,True
4,980,000033110,9,10,1/10,1/1,True
4,981,000033111,9,10,1/10,1/1,True
4,982,000033112,9,10,1/10,1/1,True
4,983,000033113,9,10,1/10,1/1,True
4,984,000033120,9,10,1/10,1/1,True
4,985,000033121,9,10,1/10,1/1,True
4,986,000033122,9,10,1/10,1/1,True
4,987,000033123,9,10,1/10,1/1,True
4,988,000033130,9,10,1/10,1/1,True
4,989,000033131,9,10,1/10,1/1,True
4,990,000033132,9,10,1/10,1/1,True
4,991,000033133,9,10,1/10,1/1,True
4,992,000033200,9,10,1/10,1/1,True
4,993,000033201,9,10,1/10,1/1,True
4,994,000033202,9,10,1/10,1/1,True
4,995,000033203,9,10,1/10,1/1,True
4,996,000033210,9,10,1/10,1/1,True
4,997,000033211,9,10,1/10,1/1,True
4,998,000033212,9,10,1/10,1/1,True
4,999,000033213,9,10,1/10,1/1,True
4,1000,000033220,9,10,1/10,1/1,True
4,1001,000033221,9,10,1/10,1/1,True
4,1002,000033222,9,10,1/10,1/1,True
4,1003,000033223,9,10,1/10,1/1,True
4,1004,000033230,9,10,1/10,1/1,True
4,1005,000033231,9,10,1/10,1/1,True
4,1006,000033232,9,10,1/10,1/1,True
4,1007,000033233,9,10,1/10,1/1,True
4,1008,000033300,9,10,1/10,1/1,True
4,1009,000033301,9,10,1/10,1/1,True
4,1010,000033302,9,10,1/10,1/1,True
4,1011,000033303,9,10,1/10,1/1,True
4,1012,000033310,9,10,1/10,1/1,True
4,1013,000033311,9,10,1/10,1/1,True
4,1014,000033312,9,10,1/10,1/1,True
4,1015,000033313,9,10,1/10,1/1,True
4,1016,000033320,9,10,1/10,1/1,True
4,1017,000033321,9,10,1/10,1/1,True
4,1018,000033322,9,10,1/10,1/1,True
4,1019,000033323,9,10,1/10,1/1,True
4,1020,000033330,9,10,1/10,1/1,True
4,1021,000033331,9,10,1/10,1/1,True
4,1022,000033332,9,10,1/10,1/1,True
4,1023,000033333,9,10,1/10,1/1,True
4,1024,00000100000,11,12,1/12,1/1,True
4,1025,00000100001,11,12,1/12,1/1,True
4,1026,00000100002,11,12,1/12,1/1,True
4,1027,00000100003,11,12,1/12,1/1,True
4,1028,00000100010,11,12,1/12,1/1,True
4,1029,00000100011,11,12,1/12,1/1,True
4,1030,00000100012,11,12,1/12,1/1,True
4,1031,00000100013,11,12,1/12,1/1,True
4,1032,00000100020,11,12,1/12,1/1,True
4,1033,00000100021,11,12,1/12,1/1,True
4,1034,00000100022,11,12,1/12,1/1,True
4,1035,00000100023,11,12,1/12,1/1,True
4,1036,00000100030,11,12,1/12,1/1,True
4,1037,00000100031,11,12,1/12,1/1,True
4,1038,00000100032,11,12,1/12,1/1,True
4,1039,00000100033,11,12,1/12,1/1,True
4,1040,00000100100,11,12,1/12,1/1,True
4,1041,00000100101,11,12,1/12,1/1,True
4,1042,00000100102,11,12,1/12,1/1,True
4,1043,00000100103,11,12,1/12,1/1,True
4,1044,00000100110,11,12,1/12,1/1,True
4,1045,00000100111,11,12,1/12,1/1,True
4,1046,00000100112,11,12,1/12,1/1,True
4,1047,00000100113,11,12,1/12,1/1,True
4,1048,00000100120,11,12,1/12,1/1,True
4,1049,00000100121,11,12,1/12,1/1,True
4,1050,00000100122,11,12,1/12,1/1,True
4,1051,00000100123,11,12,1/12,1/1,True
4,1052,00000100130,11,12,1/12,1/1,True
4,1053,00000100131,11,12,1/12,1/1,True
4,1054,00000100132,11,12,1/12,1/1,True
4,1055,00000100133,11,12,1/12,1/1,True
4,1056,00000100200,11,12,1/12,1/1,True
4,1057,00000100201,11,12,1/12,1/1,True
4,1058,00000100202,11,12,1/12,1/1,True
4,1059,00000100203,11,12,1/12,1/1,True
4,1060,00000100210,11,12,1/12,1/1,True
4,1061,00000100211,11,12,1/12,1/1,True
4,1062,00000100212,11,12,1/12,1/1,True
4,1063,00000100213,11,12,1/12,1/1,True
4,1064,00000100220,11,12,1/12,1/1,True
4,1065,00000100221,11,12,1/12,1/1,True
4,1066,00000100222,11,12,1/12,1/1,True
4,1067,00000100223,11,12,1/12,1/1,True
4,1068,00000100230,11,12,1/12,1/1,True
4,1069,00000100231,11,12,1/12,1/1,True
4,1070,00000100232,11,12,1/12,1/1,True
4,1071,00000100233,11,12,1/12,1/1,True
4,1072,00000100300,11,12,1/12,1/1,True
4,1073,00000100301,11,12,1/12,1/1,True
4,1074,00000100302,11,12,1/12,1/1,True
4,1075,00000100303,11,12,1/12,1/1,True
4,1076,00000100310,11,12,1/12,1/1,True
4,1077,00000100311,11,12,1/12,1/1,True
4,1078,00000100312,11,12,1/12,1/1,True
4,1079,00000100313,11,12,1/12,1/1,True
4,1080,00000100320,11,12,1/12,1/1,True
4,1081,00000100321,11,12,1/12,1/1,True
4,1082,00000100322,11,12,1/12,1/1,True
4,1083,00000100323,11,12,1/12,1/1,True
4,1084,00000100330,11,12,1/12,1/1,True
4,1085,00000100331,11,12,1/12,1/1,True
4,1086,00000100332,11,12,1/12,1/1,True
4,1087,00000100333,11,12,1/12,1/1,True
4,1088,00000101000,11,12,1/12,1/1,True
4,1089,00000101001,11,12,1/12,1/1,True
4,1090,00000101002,11,12,1/12,1/1,True
4,1091,00000101003,11,12,1/12,1/1,True
4,1092,00000101010,11,12,1/12,1/1,True
4,1093,00000101011,11,12,1/12,1/1,True
4,1094,00000101012,11,12,1/12,1/1,True
4,1095,00000101013,11,12,1/12,1/1,True
4,1096,00000101020,11,12,1/12,1/1,True
4,1097,00000101021,11,12,1/12,1/1,True
4,1098,00000101022,11,12,1/12,1/1,True
4,1099,00000101023,11,12,1/12,1/1,True
4,1100,00000101030,11,12,1/12,1/1,True
4,1101,00000101031,11,12,1/12,1/1,True
4,1102,00000101032,11,12,1/12,1/1,True
4,1103,00000101033,11,12,1/12,1/1,True
4,1104,00000101100,11,12,1/12,1/1,True
4,1105,00000101101,11,12,1/12,1/1,True
4,1106,00000101102,11,12,1/12,1/1,True
4,1107,00000101103,11,12,1/12,1/1,True
4,1108,00000101110,11,12,1/12,1/1,True
4,1109,00000101111,11,12,1/12,1/1,True
4,1110,00000101112,11,12,1/12,1/1,True
4,1111,00000101113,11,12,1/12,1/1,True
4,1112,00000101120,11,12,1/12,1/1,True
4,1113,00000101121,11,12,1/12,1/1,True
4,1114,00000101122,11,12,1/12,1/1,True
4,1115,00000101123,11,12,1/12,1/1,True
4,1116,00000101130,11,12,1/12,1/1,True
4,1117,00000101131,11,12,1/12,1/1,True
4,1118,00000101132,11,12,1/12,1/1,True
4,1119,00000101133,11,12,1/12,1/1,True
4,1120,00000101200,11,12,1/12,1/1,True
4,1121,00000101201,11,12,1/12,1/1,True
4,1122,00000101202,11,12,1/12,1/1,True
4,1123,00000101203,11,12,1/12,1/1,True
4,1124,00000101210,11,12,1/12,1/1,True
4,1125,00000101211,11,12,1/12,1/1,True
4,1126,00000101212,11,12,1/12,1/1,True
4,1127,00000101213,11,12,1/12,1/1,True
4,1128,00000101220,11,12,1/12,1/1,True
4,1129,00000101221,11,12,1/12,1/1,True
4,1130,00000101222,11,12,1/12,1/1,True
4,1131,00000101223,11,12,1/12,1/1,True
4,1132,00000101230,11,12,1/12,1/1,True
4,1133,00000101231,11,12,1/12,1/1,True
4,1134,00000101232,11,12,1/12,1/1,True
4,1135,00000101233,11,12,1/12,1/1,True
4,1136,00000101300,11,12,1/12,1/1,True
4,1137,00000101301,11,12,1/12,1/1,True
4,1138,00000101302,11,12,1/12,1/1,True
4,1139,00000101303,11,12,1/12,1/1,True
4,1140,00000101310,11,12,1/12,1/1,True
4,1141,00000101311,11,12,1/12,1/1,True
4,1142,00000101312,11,12,1/12,1/1,True
4,1143,00000101313,11,12,1/12,1/1,True
4,1144,00000101320,11,12,1/12,1/1,True
4,1145,00000101321,11,12,1/12,1/1,True
4,1146,00000101322,11,12,1/12,1/1,True
4,1147,00000101323,11,12,1/12,1/1,True
4,1148,00000101330,11,12,1/12,1/1,True
4,1149,00000101331,11,12,1/12,1/1,True
4,1150,00000101332,11,12,1/12,1/1,True
4,1151,00000101333,11,12,1/12,1/1,True
4,1152,00000102000,11,12,1/12,1/1,True
4,1153,00000102001,11,12,1/12,1/1,True
4,1154,00000102002,11,12,1/12,1/1,True
4,1155,00000102003,11,12,1/12,1/1,True
4,1156,00000102010,11,12,1/12,1/1,True
4,1157,00000102011,11,12,1/12,1/1,True
4,1158,00000102012,11,12,1/12,1/1,True
4,1159,00000102013,11,12,1/12,1/1,True
4,1160,00000102020,11,12,1/12,1/1,True
4,1161,00000102021,11,12,1/12,1/1,True
4,1162,00000102022,11,12,1/12,1/1,True
4,1163,00000102023,11,12,1/12,1/1,True
4,1164,00000102030,11,12,1/12,1/1,True
4,1165,00000102031,11,12,1/12,1/1,True
4,1166,00000102032,11,12,1/12,1/1,True
4,1167,00000102033,11,12,1/12,1/1,True
4,1168,00000102100,11,12,1/12,1/1,True
4,1169,00000102101,11,12,1/12,1/1,True
4,1170,00000102102,11,12,1/12,1/1,True
4,1171,00000102103,11,12,1/12,1/1,True
4,1172,00000102110,11,12,1/12,1/1,True
4,1173,00000102111,11,12,1/12,1/1,True
4,1174,00000102112,11,12,1/12,1/1,True
4,1175,00000102113,11,12,1/12,1/1,True
4,1176,00000102120,11,12,1/12,1/1,True
4,1177,00000102121,11,12,1/12,1/1,True
4,1178,00000102122,11,12,1/12,1/1,True
4,1179,00000102123,11,12,1/12,1/1,True
4,1180,00000102130,11,12,1/12,1/1,True
4,1181,00000102131,11,12,1/12,1/1,True
4,1182,00000102132,11,12,1/12,1/1,True
4,1183,00000102133,11,12,1/12,1/1,True
4,1184,00000102200,11,12,1/12,1/1,True
4,1185,00000102201,11,12,1/12,1/1,True
4,1186,00000102202,11,12,1/12,1/1,True
4,1187,00000102203,11,12,1/12,1/1,True
4,1188,00000102210,11,12,1/12,1/1,True
4,1189,00000102211,11,12,1/12,1/1,True
4,1190,00000102212,11,12,1/12,1/1,True
4,1191,00000102213,11,12,1/12,1/1,True
4,1192,00000102220,11,12,1/12,1/1,True
4,1193,00000102221,11,12,1/12,1/1,True
4,1194,00000102222,11,12,1/12,1/1,True
4,1195,00000102223,11,12,1/12,1/1,True
4,1196,00000102230,11,12,1/12,1/1,True
4,1197,00000102231,11,12,1/12,1/1,True
4,1198,00000102232,11,12,1/12,1/1,True
4,1199,00000102233,11,12,1/12,1/1,True
4,1200,00000102300,11,12,1/12,1/1,True
4,1201,00000102301,11,12,1/12,1/1,True
4,1202,00000102302,11,12,1/12,1/1,True
4,1203,00000102303,11,12,1/12,1/1,True
4,1204,00000102310,11,12,1/12,1/1,True
4,1205,00000102311,11,12,1/12,1/1,True
4,1206,00000102312,11,12,1/12,1/1,True
4,1207,00000102313,11,12,1/12,1/1,True
4,1208,00000102320,11,12,1/12,1/1,True
4,1209,00000102321,11,12,1/12,1/1,True
4,1210,00000102322,11,12,1/12,1/1,True
4,1211,00000102323,11,12,1/12,1/1,True
4,1212,00000102330,11,12,1/12,1/1,True
4,1213,00000102331,11,12,1/12,1/1,True
4,1214,00000102332,11,12,1/12,1/1,True
4,1215,00000102333,11,12,1/12,1/1,True
4,1216,00000103000,11,12,1/12,1/1,True
4,1217,00000103001,11,12,1/12,1/1,True
4,1218,00000103002,11,12,1/12,1/1,True
4,1219,00000103003,11,12,1/12,1/1,True
4,1220,00000103010,11,12,1/12,1/1,True
4,1221,00000103011,11,12,1/12,1/1,True
4,1222,00000103012,11,12,1/12,1/1,True
4,1223,00000103013,11,12,1/12,1/1,True
4,1224,00000103020,11,12,1/12,1/1,True
4,1225,00000103021,11,12,1/12,1/1,True
4,1226,00000103022,11,12,1/12,1/1,True
4,1227,00000103023,11,12,1/12,1/1,True
4,1228,00000103030,11,12,1/12,1/1,True
4,1229,00000103031,11,12,1/12,1/1,True
4,1230,00000103032,11,12,1/12,1/1,True
4,1231,00000103033,11,12,1/12,1/1,True
4,1232,00000103100,11,12,1/12,1/1,True
4,1233,00000103101,11,12,1/12,1/1,True
4,1234,00000103102,11,12,1/12,1/1,True
4,1235,00000103103,11,12,1/12,1/1,True
4,1236,00000103110,11,12,1/12,1/1,True
4,1237,00000103111,11,12,1/12,1/1,True
4,1238,00000103112,11,12,1/12,1/1,True
4,1239,00000103113,11,12,1/12,1/1,True
4,1240,00000103120,11,12,1/12,1/1,True
4,1241,00000103121,11,12,1/12,1/1,True
4,1242,00000103122,11,12,1/12,1/1,True
4,1243,00000103123,11,12,1/12,1/1,True
4,1244,00000103130,11,12,1/12,1/1,True
4,1245,00000103131,11,12,1/12,1/1,True
4,1246,00000103132,11,12,1/12,1/1,True
4,1247,00000103133,11,12,1/12,1/1,True
4,1248,00000103200,11,12,1/12,1/1,True
4,1249,00000103201,11,12,1/12,1/1,True
4,1250,00000103202,11,12,1/12,1/1,True
4,1251,00000103203,11,12,1/12,1/1,True
4,1252,00000103210,11,12,1/12,1/1,True
4,1253,00000103211,11,12,1/12,1/1,True
4,1254,00000103212,11,12,1/12,1/1,True
4,1255,00000103213,11,12,1/12,1/1,True
4,1256,00000103220,11,12,1/12,1/1,True
4,1257,00000103221,11,12,1/12,1/1,True
4,1258,00000103222,11,12,1/12,1/1,True
4,1259,00000103223,11,12,1/12,1/1,True
4,1260,00000103230,11,12,1/12,1/1,True
4,1261,00000103231,11,12,1/12,1/1,True
4,1262,00000103232,11,12,1/12,1/1,True
4,1263,00000103233,11,12,1/12,1/1,True
4,1264,00000103300,11,12,1/12,1/1,True
4,1265,00000103301,11,12,1/12,1/1,True
4,1266,00000103302,11,12,1/12,1/1,True
4,1267,00000103303,11,12,1/12,1/1,True
4,1268,00000103310,11,12,1/12,1/1,True
4,1269,00000103311,11,12,1/12,1/1,True
4,1270,00000103312,11,12,1/12,1/1,True
4,1271,00000103313,11,12,1/12,1/1,True
4,1272,00000103320,11,12,1/12,1/1,True
4,1273,00000103321,11,12,1/12,1/1,True
4,1274,00000103322,11,12,1/12,1/1,True
4,1275,00000103323,11,12,1/12,1/1,True
4,1276,00000103330,11,12,1/12,1/1,True
4,1277,00000103331,11,12,1/12,1/1,True
4,1278,00000103332,11,12,1/12,1/1,True
4,1279,00000103333,11,12,1/12,1/1,True
4,1280,00000110000,11,12,1/12,1/1,True
4,1281,00000110001,11,12,1/12,1/1,True
4,1282,00000110002,11,12,1/12,1/1,True
4,1283,00000110003,11,12,1/12,1/1,True
4,1284,00000110010,11,12,1/12,1/1,True
4,1285,00000110011,11,12,1/12,1/1,True
4,1286,00000110012,11,12,1/12,1/1,True
4,1287,00000110013,11,12,1/12,1/1,True
4,1288,00000110020,11,12,1/12,1/1,True
4,1289,00000110021,11,12,1/12,1/1,True
4,1290,00000110022,11,12,1/12,1/1,True
4,1291,00000110023,11,12,1/12,1/1,True
4,1292,00000110030,11,12,1/12,1/1,True
4,1293,00000110031,11,12,1/12,1/1,True
4,1294,00000110032,11,12,1/12,1/1,True
4,1295,00000110033,11,12,1/12,1/1,True
4,1296,00000110100,11,12,1/12,1/1,True
4,1297,00000110101,11,12,1/12,1/1,True
4,1298,00000110102,11,12,1/12,1/1,True
4,1299,00000110103,11,12,1/12,1/1,True
4,1300,00000110110,11,12,1/12,1/1,True
4,1301,00000110111,11,12,1/12,1/1,True
4,1302,00000110112,11,12,1/12,1/1,True
4,1303,00000110113,11,12,1/12,1/1,True
4,1304,00000110120,11,12,1/12,1/1,True
4,1305,00000110121,11,12,1/12,1/1,True
4,1306,00000110122,11,12,1/12,1/1,True
4,1307,00000110123,11,12,1/12,1/1,True
4,1308,00000110130,11,12,1/12,1/1,True
4,1309,00000110131,11,12,1/12,1/1,True
4,1310,00000110132,11,12,1/12,1/1,True
4,1311,00000110133,11,12,1/12,1/1,True
4,1312,00000110200,11,12,1/12,1/1,True
4,1313,00000110201,11,12,1/12,1/1,True
4,1314,00000110202,11,12,1/12,1/1,True
4,1315,00000110203,11,12,1/12,1/1,True
4,1316,00000110210,11,12,1/12,1/1,True
4,1317,00000110211,11,12,1/12,1/1,True
4,1318,00000110212,11,12,1/12,1/1,True
4,1319,00000110213,11,12,1/12,1/1,True
4,1320,00000110220,11,12,1/12,1/1,True
4,1321,00000110221,11,12,1/12,1/1,True
4,1322,00000110222,11,12,1/12,1/1,True
4,1323,00000110223,11,12,1/12,1/1,True
4,1324,00000110230,11,12,1/12,1/1,True
4,1325,00000110231,11,12,1/12,1/1,True
4,1326,00000110232,11,12,1/12,1/1,True
4,1327,00000110233,11,12,1/12,1/1,True
4,1328,00000110300,11,12,1/12,1/1,True
4,1329,00000110301,11,12,1/12,1/1,True
4,1330,00000110302,11,12,1/12,1/1,True
4,1331,00000110303,11,12,1/12,1/1,True
4,1332,00000110310,11,12,1/12,1/1,True
4,1333,00000110311,11,12,1/12,1/1,True
4,1334,00000110312,11,12,1/12,1/1,True
4,1335,00000110313,11,12,1/12,1/1,True
4,1336,00000110320,11,12,1/12,1/1,True
4,1337,00000110321,11,12,1/12,1/1,True
4,1338,00000110322,11,12,1/12,1/1,True
4,1339,00000110323,11,12,1/12,1/1,True
4,1340,00000110330,11,12,1/12,1/1,True
4,1341,00000110331,11,12,1/12,1/1,True
4,1342,00000110332,11,12,1/12,1/1,True
4,1343,00000110333,11,12,1/12,1/1,True
4,1344,00000111000,11,12,1/12,1/1,True
4,1345,00000111001,11,12,1/12,1/1,True
4,1346,00000111002,11,12,1/12,1/1,True
4,1347,00000111003,11,12,1/12,1/1,True
4,1348,00000111010,11,12,1/12,1/1,True
4,1349,00000111011,11,12,1/12,1/1,True
4,1350,00000111012,11,12,1/12,1/1,True
4,1351,00000111013,11,12,1/12,1/1,True
4,1352,00000111020,11,12,1/12,1/1,True
4,1353,00000111021,11,12,1/12,1/1,True
4,1354,00000111022,11,12,1/12,1/1,True
4,1355,00000111023,11,12,1/12,1/1,True
4,1356,00000111030,11,12,1/12,1/1,True
4,1357,00000111031,11,12,1/12,1/1,True
4,1358,00000111032,11,12,1/12,1/1,True
4,1359,00000111033,11,12,1/12,1/1,True
4,1360,00000111100,11,12,1/12,1/1,True
4,1361,00000111101,11,12,1/12,1/1,True
4,1362,00000111102,11,12,1/12,1/1,True
4,1363,00000111103,11,12,1/12,1/1,True
4,1364,00000111110,11,12,1/12,1/1,True
4,1365,00000111111,11,12,1/12,1/1,True
4,1366,00000111112,11,12,1/12,1/1,True
4,1367,00000111113,11,12,1/12,1/1,True
4,1368,00000111120,11,12,1/12,1/1,True
4,1369,00000111121,11,12,1/12,1/1,True
4,1370,00000111122,11,12,1/12,1/1,True
4,1371,00000111123,11,12,1/12,1/1,True
4,1372,00000111130,11,12,1/12,1/1,True
4,1373,00000111131,11,12,1/12,1/1,True
4,1374,00000111132,11,12,1/12,1/1,True
4,1375,00000111133,11,12,1/12,1/1,True
4,1376,00000111200,11,12,1/12,1/1,True
4,1377,00000111201,11,12,1/12,1/1,True
4,1378,00000111202,11,12,1/12,1/1,True
4,1379,00000111203,11,12,1/12,1/1,True
4,1380,00000111210,11,12,1/12,1/1,True
4,1381,00000111211,11,12,1/12,1/1,True
4,1382,00000111212,11,12,1/12,1/1,True
4,1383,00000111213,11,12,1/12,1/1,True
4,1384,00000111220,11,12,1/12,1/1,True
4,1385,00000111221,11,12,1/12,1/1,True
4,1386,00000111222,11,12,1/12,1/1,True
4,1387,00000111223,11,12,1/12,1/1,True
4,1388,00000111230,11,12,1/12,1/1,True
4,1389,00000111231,11,12,1/12,1/1,True
4,1390,00000111232,11,12,1/12,1/1,True
4,1391,00000111233,11,12,1/12,1/1,True
4,1392,00000111300,11,12,1/12,1/1,True
4,1393,00000111301,11,12,1/12,1/1,True
4,1394,00000111302,11,12,1/12,1/1,True
4,1395,00000111303,11,12,1/12,1/1,True
4,1396,00000111310,11,12,1/12,1/1,True
4,1397,00000111311,11,12,1/12,1/1,True
4,1398,00000111312,11,12,1/12,1/1,True
4,1399,00000111313,11,12,1/12,1/1,True
4,1400,00000111320,11,12,1/12,1/1,True
4,1401,00000111321,11,12,1/12,1/1,True
4,1402,00000111322,11,12,1/12,1/1,True
4,1403,00000111323,11,12,1/12,1/1,True
4,1404,00000111330,11,12,1/12,1/1,True
4,1405,00000111331,11,12,1/12,1/1,True
4,1406,00000111332,11,12,1/12,1/1,True
4,1407,00000111333,11,12,1/12,1/1,True
4,1408,00000112000,11,12,1/12,1/1,True
4,1409,00000112001,11,12,1/12,1/1,True
4,1410,00000112002,11,12,1/12,1/1,True
4,1411,00000112003,11,12,1/12,1/1,True
4,1412,00000112010,11,12,1/12,1/1,True
4,1413,00000112011,11,12,1/12,1/1,True
4,1414,00000112012,11,12,1/12,1/1,True
4,1415,00000112013,11,12,1/12,1/1,True
4,1416,00000112020,11,12,1/12,1/1,True
4,1417,00000112021,11,12,1/12,1/1,True
4,1418,00000112022,11,12,1/12,1/1,True
4,1419,00000112023,11,12,1/12,1/1,True
4,1420,00000112030,11,12,1/12,1/1,True
4,1421,00000112031,11,12,1/12,1/1,True
4,1422,00000112032,11,12,1/12,1/1,True
4,1423,00000112033,11,12,1/12,1/1,True
4,1424,00000112100,11,12,1/12,1/1,True
4,1425,00000112101,11,12,1/12,1/1,True
4,1426,00000112102,11,12,1/12,1/1,True
4,1427,00000112103,11,12,1/12,1/1,True
4,1428,00000112110,11,12,1/12,1/1,True
4,1429,00000112111,11,12,1/12,1/1,True
4,1430,00000112112,11,12,1/12,1/1,True
4,1431,00000112113,11,12,1/12,1/1,True
4,1432,00000112120,11,12,1/12,1/1,True
4,1433,00000112121,11,12,1/12,1/1,True
4,1434,00000112122,11,12,1/12,1/1,True
4,1435,00000112123,11,12,1/12,1/1,True
4,1436,00000112130,11,12,1/12,1/1,True
4,1437,00000112131,11,12,1/12,1/1,True
4,1438,00000112132,11,12,1/12,1/1,True
4,1439,00000112133,11,12,1/12,1/1,True
4,1440,00000112200,11,12,1/12,1/1,True
4,1441,00000112201,11,12,1/12,1/1,True
4,1442,00000112202,11,12,1/12,1/1,True
4,1443,00000112203,11,12,1/12,1/1,True
4,1444,00000112210,11,12,1/12,1/1,True
4,1445,00000112211,11,12,1/12,1/1,True
4,1446,00000112212,11,12,1/12,1/1,True
4,1447,00000112213,11,12,1/12,1/1,True
4,1448,00000112220,11,12,1/12,1/1,True
4,1449,00000112221,11,12,1/12,1/1,True
4,1450,00000112222,11,12,1/12,1/1,True
4,1451,00000112223,11,12,1/12,1/1,True
4,1452,00000112230,11,12,1/12,1/1,True
4,1453,00000112231,11,12,1/12,1/1,True
4,1454,00000112232,11,12,1/12,1/1,True
4,1455,00000112233,11,12,1/12,1/1,True
4,1456,00000112300,11,12,1/12,1/1,True
4,1457,00000112301,11,12,1/12,1/1,True
4,1458,00000112302,11,12,1/12,1/1,True
4,1459,00000112303,11,12,1/12,1/1,True
4,1460,00000112310,11,12,1/12,1/1,True
4,1461,00000112311,11,12,1/12,1/1,True
4,1462,00000112312,11,12,1/12,1/1,True
4,1463,00000112313,11,12,1/12,1/1,True
4,1464,00000112320,11,12,1/12,1/1,True
4,1465,00000112321,11,12,1/12,1/1,True
4,1466,00000112322,11,12,1/12,1/1,True
4,1467,00000112323,11,12,1/12,1/1,True
4,1468,00000112330,11,12,1/12,1/1,True
4,1469,00000112331,11,12,1/12,1/1,True
4,1470,00000112332,11,12,1/12,1/1,True
4,1471,00000112333,11,12,1/12,1/1,True
4,1472,00000113000,11,12,1/12,1/1,True
4,1473,00000113001,11,12,1/12,1/1,True
4,1474,00000113002,11,12,1/12,1/1,True
4,1475,00000113003,11,12,1/12,1/1,True
4,1476,00000113010,11,12,1/12,1/1,True
4,1477,00000113011,11,12,1/12,1/1,True
4,1478,00000113012,11,12,1/12,1/1,True
4,1479,00000113013,11,12,1/12,1/1,True
4,1480,00000113020,11,12,1/12,1/1,True
4,1481,00000113021,11,12,1/12,1/1,True
4,1482,00000113022,11,12,1/12,1/1,True
4,1483,00000113023,11,12,1/12,1/1,True
4,1484,00000113030,11,12,1/12,1/1,True
4,1485,00000113031,11,12,1/12,1/1,True
4,1486,00000113032,11,12,1/12,1/1,True
4,1487,00000113033,11,12,1/12,1/1,True
4,1488,00000113100,11,12,1/12,1/1,True
4,1489,00000113101,11,12,1/12,1/1,True
4,1490,00000113102,11,12,1/12,1/1,True
4,1491,00000113103,11,12,1/12,1/1,True
4,1492,00000113110,11,12,1/12,1/1,True
4,1493,00000113111,11,12,1/12,1/1,True
4,1494,00000113112,11,12,1/12,1/1,True
4,1495,00000113113,11,12,1/12,1/1,True
4,1496,00000113120,11,12,1/12,1/1,True
4,1497,00000113121,11,12,1/12,1/1,True
4,1498,00000113122,11,12,1/12,1/1,True
4,1499,00000113123,11,12,1/12,1/1,True
4,1500,00000113130,11,12,1/12,1/1,True
4,1501,00000113131,11,12,1/12,1/1,True
4,1502,00000113132,11,12,1/12,1/1,True
4,1503,00000113133,11,12,1/12,1/1,True
4,1504,00000113200,11,12,1/12,1/1,True
4,1505,00000113201,11,12,1/12,1/1,True
4,1506,00000113202,11,12,1/12,1/1,True
4,1507,00000113203,11,12,1/12,1/1,True
4,1508,00000113210,11,12,1/12,1/1,True
4,1509,00000113211,11,12,1/12,1/1,True
4,1510,00000113212,11,12,1/12,1/1,True
4,1511,00000113213,11,12,1/12,1/1,True
4,1512,00000113220,11,12,1/12,1/1,True
4,1513,00000113221,11,12,1/12,1/1,True
4,1514,00000113222,11,12,1/12,1/1,True
4,1515,00000113223,11,12,1/12,1/1,True
4,1516,00000113230,11,12,1/12,1/1,True
4,1517,00000113231,11,12,1/12,1/1,True
4,1518,00000113232,11,12,1/12,1/1,True
4,1519,00000113233,11,12,1/12,1/1,True
4,1520,00000113300,11,12,1/12,1/1,True
4,1521,00000113301,11,12,1/12,1/1,True
4,1522,00000113302,11,12,1/12,1/1,True
4,1523,00000113303,11,12,1/12,1/1,True
4,1524,00000113310,11,12,1/12,1/1,True
4,1525,00000113311,11,12,1/12,1/1,True
4,1526,00000113312,11,12,1/12,1/1,True
4,1527,00000113313,11,12,1/12,1/1,True
4,1528,00000113320,11,12,1/12,1/1,True
4,1529,00000113321,11,12,1/12,1/1,True
4,1530,00000113322,11,12,1/12,1/1,True
4,1531,00000113323,11,12,1/12,1/1,True
4,1532,00000113330,11,12,1/12,1/1,True
4,1533,00000113331,11,12,1/12,1/1,True
4,1534,00000113332,11,12,1/12,1/1,True
4,1535,00000113333,11,12,1/12,1/1,True
4,1536,00000120000,11,12,1/12,1/1,True
4,1537,00000120001,11,12,1/12,1/1,True
4,1538,00000120002,11,12,1/12,1/1,True
4,1539,00000120003,11,12,1/12,1/1,True
4,1540,00000120010,11,12,1/12,1/1,True
4,1541,00000120011,11,12,1/12,1/1,True
4,1542,00000120012,11,12,1/12,1/1,True
4,1543,00000120013,11,12,1/12,1/1,True
4,1544,00000120020,11,12,1/12,1/1,True
4,1545,00000120021,11,12,1/12,1/1,True
4,1546,00000120022,11,12,1/12,1/1,True
4,1547,00000120023,11,12,1/12,1/1,True
4,1548,00000120030,11,12,1/12,1/1,True
4,1549,00000120031,11,12,1/12,1/1,True
4,1550,00000120032,11,12,1/12,1/1,True
4,1551,00000120033,11,12,1/12,1/1,True
4,1552,00000120100,11,12,1/12,1/1,True
4,1553,00000120101,11,12,1/12,1/1,True
4,1554,00000120102,11,12,1/12,1/1,True
4,1555,00000120103,11,12,1/12,1/1,True
4,1556,00000120110,11,12,1/12,1/1,True
4,1557,00000120111,11,12,1/12,1/1,True
4,1558,00000120112,11,12,1/12,1/1,True
4,1559,00000120113,11,12,1/12,1/1,True
4,1560,00000120120,11,12,1/12,1/1,True
4,1561,00000120121,11,12,1/12,1/1,True
4,1562,00000120122,11,12,1/12,1/1,True
4,1563,00000120123,11,12,1/12,1/1,True
4,1564,00000120130,11,12,1/12,1/1,True
4,1565,00000120131,11,12,1/12,1/1,True
4,1566,00000120132,11,12,1/12,1/1,True
4,1567,00000120133,11,12,1/12,1/1,True
4,1568,00000120200,11,12,1/12,1/1,True
4,1569,00000120201,11,12,1/12,1/1,True
4,1570,00000120202,11,12,1/12,1/1,True
4,1571,00000120203,11,12,1/12,1/1,True
4,1572,00000120210,11,12,1/12,1/1,True
4,1573,00000120211,11,12,1/12,1/1,True
4,1574,00000120212,11,12,1/12,1/1,True
4,1575,00000120213,11,12,1/12,1/1,True
4,1576,00000120220,11,12,1/12,1/1,True
4,1577,00000120221,11,12,1/12,1/1,True
4,1578,00000120222,11,12,1/12,1/1,True
4,1579,00000120223,11,12,1/12,1/1,True
4,1580,00000120230,11,12,1/12,1/1,True
4,1581,00000120231,11,12,1/12,1/1,True
4,1582,00000120232,11,12,1/12,1/1,True
4,1583,00000120233,11,12,1/12,1/1,True
4,1584,00000120300,11,12,1/12,1/1,True
4,1585,00000120301,11,12,1/12,1/1,True
4,1586,00000120302,11,12,1/12,1/1,True
4,1587,00000120303,11,12,1/12,1/1,True
4,1588,00000120310,11,12,1/12,1/1,True
4,1589,00000120311,11,12,1/12,1/1,True
4,1590,00000120312,11,12,1/12,1/1,True
4,1591,00000120313,11,12,1/12,1/1,True
4,1592,00000120320,11,12,1/12,1/1,True
4,1593,00000120321,11,12,1/12,1/1,True
4,1594,00000120322,11,12,1/12,1/1,True
4,1595,00000120323,11,12,1/12,1/1,True
4,1596,00000120330,11,12,1/12,1/1,True
4,1597,00000120331,11,12,1/12,1/1,True
4,1598,00000120332,11,12,1/12,1/1,True
4,1599,00000120333,11,12,1/12,1/1,True
4,1600,00000121000,11,12,1/12,1/1,True
4,1601,00000121001,11,12,1/12,1/1,True
4,1602,00000121002,11,12,1/12,1/1,True
4,1603,00000121003,11,12,1/12,1/1,True
4,1604,00000121010,11,12,1/12,1/1,True
4,1605,00000121011,11,12,1/12,1/1,True
4,1606,00000121012,11,12,1/12,1/1,True
4,1607,00000121013,11,12,1/12,1/1,True
4,1608,00000121020,11,12,1/12,1/1,True
4,1609,00000121021,11,12,1/12,1/1,True
4,1610,00000121022,11,12,1/12,1/1,True
4,1611,00000121023,11,12,1/12,1/1,True
4,1612,00000121030,11,12,1/12,1/1,True
4,1613,00000121031,11,12,1/12,1/1,True
4,1614,00000121032,11,12,1/12,1/1,True
4,1615,00000121033,11,12,1/12,1/1,True
4,1616,00000121100,11,12,1/12,1/1,True
4,1617,00000121101,11,12,1/12,1/1,True
4,1618,00000121102,11,12,1/12,1/1,True
4,1619,00000121103,11,12,1/12,1/1,True
4,1620,00000121110,11,12,1/12,1/1,True
4,1621,00000121111,11,12,1/12,1/1,True
4,1622,00000121112,11,12,1/12,1/1,True
4,1623,00000121113,11,12,1/12,1/1,True
4,1624,00000121120,11,12,1/12,1/1,True
4,1625,00000121121,11,12,1/12,1/1,True
4,1626,00000121122,11,12,1/12,1/1,True
4,1627,00000121123,11,12,1/12,1/1,True
4,1628,00000121130,11,12,1/12,1/1,True
4,1629,00000121131,11,12,1/12,1/1,True
4,1630,00000121132,11,12,1/12,1/1,True
4,1631,00000121133,11,12,1/12,1/1,True
4,1632,00000121200,11,12,1/12,1/1,True
4,1633,00000121201,11,12,1/12,1/1,True
4,1634,00000121202,11,12,1/12,1/1,True
4,1635,00000121203,11,12,1/12,1/1,True
4,1636,00000121210,11,12,1/12,1/1,True
4,1637,00000121211,11,12,1/12,1/1,True
4,1638,00000121212,11,12,1/12,1/1,True
4,1639,00000121213,11,12,1/12,1/1,True
4,1640,00000121220,11,12,1/12,1/1,True
4,1641,00000121221,11,12,1/12,1/1,True
4,1642,00000121222,11,12,1/12,1/1,True
4,1643,00000121223,11,12,1/12,1/1,True
4,1644,00000121230,11,12,1/12,1/1,True
4,1645,00000121231,11,12,1/12,1/1,True
4,1646,00000121232,11,12,1/12,1/1,True
4,1647,00000121233,11,12,1/12,1/1,True
4,1648,00000121300,11,12,1/12,1/1,True
4,1649,00000121301,11,12,1/12,1/1,True
4,1650,00000121302,11,12,1/12,1/1,True
4,1651,00000121303,11,12,1/12,1/1,True
4,1652,00000121310,11,12,1/12,1/1,True
4,1653,00000121311,11,12,1/12,1/1,True
4,1654,00000121312,11,12,1/12,1/1,True
4,1655,00000121313,11,12,1/12,1/1,True
4,1656,00000121320,11,12,1/12,1/1,True
4,1657,00000121321,11,12,1/12,1/1,True
4,1658,00000121322,11,12,1/12,1/1,True
4,1659,00000121323,11,12,1/12,1/1,True
4,1660,00000121330,11,12,1/12,1/1,True
4,1661,00000121331,11,12,1/12,1/1,True
4,1662,00000121332,11,12,1/12,1/1,True
4,1663,00000121333,11,12,1/12,1/1,True
4,1664,00000122000,11,12,1/12,1/1,True
4,1665,00000122001,11,12,1/12,1/1,True
4,1666,00000122002,11,12,1/12,1/1,True
4,1667,00000122003,11,12,1/12,1/1,True
4,1668,00000122010,11,12,1/12,1/1,True
4,1669,00000122011,11,12,1/12,1/1,True
4,1670,00000122012,11,12,1/12,1/1,True
4,1671,00000122013,11,12,1/12,1/1,True
4,1672,00000122020,11,12,1/12,1/1,True
4,1673,00000122021,11,12,1/12,1/1,True
4,1674,00000122022,11,12,1/12,1/1,True
4,1675,00000122023,11,12,1/12,1/1,True
4,1676,00000122030,11,12,1/12,1/1,True
4,1677,00000122031,11,12,1/12,1/1,True
4,1678,00000122032,11,12,1/12,1/1,True
4,1679,00000122033,11,12,1/12,1/1,True
4,1680,00000122100,11,12,1/12,1/1,True
4,1681,00000122101,11,12,1/12,1/1,True
4,1682,00000122102,11,12,1/12,1/1,True
4,1683,00000122103,11,12,1/12,1/1,True
4,1684,00000122110,11,12,1/12,1/1,True
4,1685,00000122111,11,12,1/12,1/1,True
4,1686,00000122112,11,12,1/12,1/1,True
4,1687,00000122113,11,12,1/12,1/1,True
4,1688,00000122120,11,12,1/12,1/1,True
4,1689,00000122121,11,12,1/12,1/1,True
4,1690,00000122122,11,12,1/12,1/1,True
4,1691,00000122123,11,12,1/12,1/1,True
4,1692,00000122130,11,12,1/12,1/1,True
4,1693,00000122131,11,12,1/12,1/1,True
4,1694,00000122132,11,12,1/12,1/1,True
4,1695,00000122133,11,12,1/12,1/1,True
4,1696,00000122200,11,12,1/12,1/1,True
4,1697,00000122201,11,12,1/12,1/1,True
4,1698,00000122202,11,12,1/12,1/1,True
4,1699,00000122203,11,12,1/12,1/1,True
4,1700,00000122210,11,12,1/12,1/1,True
4,1701,00000122211,11,12,1/12,1/1,True
4,1702,00000122212,11,12,1/12,1/1,True
4,1703,00000122213,11,12,1/12,1/1,True
4,1704,00000122220,11,12,1/12,1/1,True
4,1705,00000122221,11,12,1/12,1/1,True
4,1706,00000122222,11,12,1/12,1/1,True
4,1707,00000122223,11,12,1/12,1/1,True
4,1708,00000122230,11,12,1/12,1/1,True
4,1709,00000122231,11,12,1/12,1/1,True
4,1710,00000122232,11,12,1/12,1/1,True
4,1711,00000122233,11,12,1/12,1/1,True
4,1712,00000122300,11,12,1/12,1/1,True
4,1713,00000122301,11,12,1/12,1/1,True
4,1714,00000122302,11,12,1/12,1/1,True
4,1715,00000122303,11,12,1/12,1/1,True
4,1716,00000122310,11,12,1/12,1/1,True
4,1717,00000122311,11,12,1/12,1/1,True
4,1718,00000122312,11,12,1/12,1/1,True
4,1719,00000122313,11,12,1/12,1/1,True
4,1720,00000122320,11,12,1/12,1/1,True
4,1721,00000122321,11,12,1/12,1/1,True
4,1722,00000122322,11,12,1/12,1/1,True
4,1723,00000122323,11,12,1/12,1/1,True
4,1724,00000122330,11,12,1/12,1/1,True
4,1725,00000122331,11,12,1/12,1/1,True
4,1726,00000122332,11,12,1/12,1/1,True
4,1727,00000122333,11,12,1/12,1/1,True
4,1728,00000123000,11,12,1/12,1/1,True
4,1729,00000123001,11,12,1/12,1/1,True
4,1730,00000123002,11,12,1/12,1/1,True
4,1731,00000123003,11,12,1/12,1/1,True
4,1732,00000123010,11,12,1/12,1/1,True
4,1733,00000123011,11,12,1/12,1/1,True
4,1734,00000123012,11,12,1/12,1/1,True
4,1735,00000123013,11,12,1/12,1/1,True
4,1736,00000123020,11,12,1/12,1/1,True
4,1737,00000123021,11,12,1/12,1/1,True
4,1738,00000123022,11,12,1/12,1/1,True
4,1739,00000123023,11,12,1/12,1/1,True
4,1740,00000123030,11,12,1/12,1/1,True
4,1741,00000123031,11,12,1/12,1/1,True
4,1742,00000123032,11,12,1/12,1/1,True
4,1743,00000123033,11,12,1/12,1/1,True
4,1744,00000123100,11,12,1/12,1/1,True
4,1745,00000123101,11,12,1/12,1/1,True
4,1746,00000123102,11,12,1/12,1/1,True
4,1747,00000123103,11,12,1/12,1/1,True
4,1748,00000123110,11,12,1/12,1/1,True
4,1749,00000123111,11,12,1/12,1/1,True
4,1750,00000123112,11,12,1/12,1/1,True
4,1751,00000123113,11,12,1/12,1/1,True
4,1752,00000123120,11,12,1/12,1/1,True
4,1753,00000123121,11,12,1/12,1/1,True
4,1754,00000123122,11,12,1/12,1/1,True
4,1755,00000123123,11,12,1/12,1/1,True
4,1756,00000123130,11,12,1/12,1/1,True
4,1757,00000123131,11,12,1/12,1/1,True
4,1758,00000123132,11,12,1/12,1/1,True
4,1759,00000123133,11,12,1/12,1/1,True
4,1760,00000123200,11,12,1/12,1/1,True
4,1761,00000123201,11,12,1/12,1/1,True
4,1762,00000123202,11,12,1/12,1/1,True
4,1763,00000123203,11,12,1/12,1/1,True
4,1764,00000123210,11,12,1/12,1/1,True
4,1765,00000123211,11,12,1/12,1/1,True
4,1766,00000123212,11,12,1/12,1/1,True
4,1767,00000123213,11,12,1/12,1/1,True
4,1768,00000123220,11,12,1/12,1/1,True
4,1769,00000123221,11,12,1/12,1/1,True
4,1770,00000123222,11,12,1/12,1/1,True
4,1771,00000123223,11,12,1/12,1/1,True
4,1772,00000123230,11,12,1/12,1/1,True
4,1773,00000123231,11,12,1/12,1/1,True
4,1774,00000123232,11,12,1/12,1/1,True
4,1775,00000123233,11,12,1/12,1/1,True
4,1776,00000123300,11,12,1/12,1/1,True
4,1777,00000123301,11,12,1/12,1/1,True
4,1778,00000123302,11,12,1/12,1/1,True
4,1779,00000123303,11,12,1/12,1/1,True
4,1780,00000123310,11,12,1/12,1/1,True
4,1781,00000123311,11,12,1/12,1/1,True
4,1782,00000123312,11,12,1/12,1/1,True
4,1783,00000123313,11,12,1/12,1/1,True
4,1784,00000123320,11,12,1/12,1/1,True
4,1785,00000123321,11,12,1/12,1/1,True
4,1786,00000123322,11,12,1/12,1/1,True
4,1787,00000123323,11,12,1/12,1/1,True
4,1788,00000123330,11,12,1/12,1/1,True
4,1789,00000123331,11,12,1/12,1/1,True
4,1790,00000123332,11,12,1/12,1/1,True
4,1791,00000123333,11,12,1/12,1/1,True
4,1792,00000130000,11,12,1/12,1/1,True
4,1793,00000130001,11,12,1/12,1/1,True
4,1794,00000130002,11,12,1/12,1/1,True
4,1795,00000130003,11,12,1/12,1/1,True
4,1796,00000130010,11,12,1/12,1/1,True
4,1797,00000130011,11,12,1/12,1/1,True
4,1798,00000130012,11,12,1/12,1/1,True
4,1799,00000130013,11,12,1/12,1/1,True
4,1800,00000130020,11,12,1/12,1/1,True
4,1801,00000130021,11,12,1/12,1/1,True
4,1802,00000130022,11,12,1/12,1/1,True
4,1803,00000130023,11,12,1/12,1/1,True
4,1804,00000130030,11,12,1/12,1/1,True
4,1805,00000130031,11,12,1/12,1/1,True
4,1806,00000130032,11,12,1/12,1/1,True
4,1807,00000130033,11,12,1/12,1/1,True
4,1808,00000130100,11,12,1/12,1/1,True
4,1809,00000130101,11,12,1/12,1/1,True
4,1810,00000130102,11,12,1/12,1/1,True
4,1811,00000130103,11,12,1/12,1/1,True
4,1812,00000130110,11,12,1/12,1/1,True
4,1813,00000130111,11,12,1/12,1/1,True
4,1814,00000130112,11,12,1/12,1/1,True
4,1815,00000130113,11,12,1/12,1/1,True
4,1816,00000130120,11,12,1/12,1/1,True
4,1817,00000130121,11,12,1/12,1/1,True
4,1818,00000130122,11,12,1/12,1/1,True
4,1819,00000130123,11,12,1/12,1/1,True
4,1820,00000130130,11,12,1/12,1/1,True
4,1821,00000130131,11,12,1/12,1/1,True
4,1822,00000130132,11,12,1/12,1/1,True
4,1823,00000130133,11,12,1/12,1/1,True
4,1824,00000130200,11,12,1/12,1/1,True
4,1825,00000130201,11,12,1/12,1/1,True
4,1826,00000130202,11,12,1/12,1/1,True
4,1827,00000130203,11,12,1/12,1/1,True
4,1828,00000130210,11,12,1/12,1/1,True
4,1829,00000130211,11,12,1/12,1/1,True
4,1830,00000130212,11,12,1/12,1/1,True
4,1831,00000130213,11,12,1/12,1/1,True
4,1832,00000130220,11,12,1/12,1/1,True
4,1833,00000130221,11,12,1/12,1/1,True
4,1834,00000130222,11,12,1/12,1/1,True
4,1835,00000130223,11,12,1/12,1/1,True
4,1836,00000130230,11,12,1/12,1/1,True
4,1837,00000130231,11,12,1/12,1/1,True
4,1838,00000130232,11,12,1/12,1/1,True
4,1839,00000130233,11,12,1/12,1/1,True
4,1840,00000130300,11,12,1/12,1/1,True
4,1841,00000130301,11,12,1/12,1/1,True
4,1842,00000130302,11,12,1/12,1/1,True
4,1843,00000130303,11,12,1/12,1/1,True
4,1844,00000130310,11,12,1/12,1/1,True
4,1845,00000130311,11,12,1/12,1/1,True
4,1846,00000130312,11,12,1/12,1/1,True
4,1847,00000130313,11,12,1/12,1/1,True
4,1848,00000130320,11,12,1/12,1/1,True
4,1849,00000130321,11,12,1/12,1/1,True
4,1850,00000130322,11,12,1/12,1/1,True
4,1851,00000130323,11,12,1/12,1/1,True
4,1852,00000130330,11,12,1/12,1/1,True
4,1853,00000130331,11,12,1/12,1/1,True
4,1854,00000130332,11,12,1/12,1/1,True
4,1855,00000130333,11,12,1/12,1/1,True
4,1856,00000131000,11,12,1/12,1/1,True
4,1857,00000131001,11,12,1/12,1/1,True
4,1858,00000131002,11,12,1/12,1/1,True
4,1859,00000131003,11,12,1/12,1/1,True
4,1860,00000131010,11,12,1/12,1/1,True
4,1861,00000131011,11,12,1/12,1/1,True
4,1862,00000131012,11,12,1/12,1/1,True
4,1863,00000131013,11,12,1/12,1/1,True
4,1864,00000131020,11,12,1/12,1/1,True
4,1865,00000131021,11,12,1/12,1/1,True
4,1866,00000131022,11,12,1/12,1/1,True
4,1867,00000131023,11,12,1/12,1/1,True
4,1868,00000131030,11,12,1/12,1/1,True
4,1869,00000131031,11,12,1/12,1/1,True
4,1870,00000131032,11,12,1/12,1/1,True
4,1871,00000131033,11,12,1/12,1/1,True
4,1872,00000131100,11,12,1/12,1/1,True
4,1873,00000131101,11,12,1/12,1/1,True
4,1874,00000131102,11,12,1/12,1/1,True
4,1875,00000131103,11,12,1/12,1/1,True
4,1876,00000131110,11,12,1/12,1/1,True
4,1877,00000131111,11,12,1/12,1/1,True
4,1878,00000131112,11,12,1/12,1/1,True
4,1879,00000131113,11,12,1/12,1/1,True
4,1880,00000131120,11,12,1/12,1/1,True
4,1881,00000131121,11,12,1/12,1/1,True
4,1882,00000131122,11,12,1/12,1/1,True
4,1883,00000131123,11,12,1/12,1/1,True
4,1884,00000131130,11,12,1/12,1/1,True
4,1885,00000131131,11,12,1/12,1/1,True
4,1886,00000131132,11,12,1/12,1/1,True
4,1887,00000131133,11,12,1/12,1/1,True
4,1888,00000131200,11,12,1/12,1/1,True
4,1889,00000131201,11,12,1/12,1/1,True
4,1890,00000131202,11,12,1/12,1/1,True
4,1891,00000131203,11,12,1/12,1/1,True
4,1892,00000131210,11,12,1/12,1/1,True
4,1893,00000131211,11,12,1/12,1/1,True
4,1894,00000131212,11,12,1/12,1/1,True
4,1895,00000131213,11,12,1/12,1/1,True
4,1896,00000131220,11,12,1/12,1/1,True
4,1897,00000131221,11,12,1/12,1/1,True
4,1898,00000131222,11,12,1/12,1/1,True
4,1899,00000131223,11,12,1/12,1/1,True
4,1900,00000131230,11,12,1/12,1/1,True
4,1901,00000131231,11,12,1/12,1/1,True
4,1902,00000131232,11,12,1/12,1/1,True
4,1903,00000131233,11,12,1/12,1/1,True
4,1904,00000131300,11,12,1/12,1/1,True
4,1905,00000131301,11,12,1/12,1/1,True
4,1906,00000131302,11,12,1/12,1/1,True
4,1907,00000131303,11,12,1/12,1/1,True
4,1908,00000131310,11,12,1/12,1/1,True
4,1909,00000131311,11,12,1/12,1/1,True
4,1910,00000131312,11,12,1/12,1/1,True
4,1911,00000131313,11,12,1/12,1/1,True
4,1912,00000131320,11,12,1/12,1/1,True
4,1913,00000131321,11,12,1/12,1/1,True
4,1914,00000131322,11,12,1/12,1/1,True
4,1915,00000131323,11,12,1/12,1/1,True
4,1916,00000131330,11,12,1/12,1/1,True
4,1917,00000131331,11,12,1/12,1/1,True
4,1918,00000131332,11,12,1/12,1/1,True
4,1919,00000131333,11,12,1/12,1/1,True
4,1920,00000132000,11,12,1/12,1/1,True
4,1921,00000132001,11,12,1/12,1/1,True
4,1922,00000132002,11,12,1/12,1/1,True
4,1923,00000132003,11,12,1/12,1/1,True
4,1924,00000132010,11,12,1/12,1/1,True
4,1925,00000132011,11,12,1/12,1/1,True
4,1926,00000132012,11,12,1/12,1/1,True
4,1927,00000132013,11,12,1/12,1/1,True
4,1928,00000132020,11,12,1/12,1/1,True
4,1929,00000132021,11,12,1/12,1/1,True
4,1930,00000132022,11,12,1/12,1/1,True
4,1931,00000132023,11,12,1/12,1/1,True
4,1932,00000132030,11,12,1/12,1/1,True
4,1933,00000132031,11,12,1/12,1/1,True
4,1934,00000132032,11,12,1/12,1/1,True
4,1935,00000132033,11,12,1/12,1/1,True
4,1936,00000132100,11,12,1/12,1/1,True
4,1937,00000132101,11,12,1/12,1/1,True
4,1938,00000132102,11,12,1/12,1/1,True
4,1939,00000132103,11,12,1/12,1/1,True
4,1940,00000132110,11,12,1/12,1/1,True
4,1941,00000132111,11,12,1/12,1/1,True
4,1942,00000132112,11,12,1/12,1/1,True
4,1943,00000132113,11,12,1/12,1/1,True
4,1944,00000132120,11,12,1/12,1/1,True
4,1945,00000132121,11,12,1/12,1/1,True
4,1946,00000132122,11,12,1/12,1/1,True
4,1947,00000132123,11,12,1/12,1/1,True
4,1948,00000132130,11,12,1/12,1/1,True
4,1949,00000132131,11,12,1/12,1/1,True
4,1950,00000132132,11,12,1/12,1/1,True
4,1951,00000132133,11,12,1/12,1/1,True
4,1952,00000132200,11,12,1/12,1/1,True
4,1953,00000132201,11,12,1/12,1/1,True
4,1954,00000132202,11,12,1/12,1/1,True
4,1955,00000132203,11,12,1/12,1/1,True
4,1956,00000132210,11,12,1/12,1/1,True
4,1957,00000132211,11,12,1/12,1/1,True
4,1958,00000132212,11,12,1/12,1/1,True
4,1959,00000132213,11,12,1/12,1/1,True
4,1960,00000132220,11,12,1/12,1/1,True
4,1961,00000132221,11,12,1/12,1/1,True
4,1962,00000132222,11,12,1/12,1/1,True
4,1963,00000132223,11,12,1/12,1/1,True
4,1964,00000132230,11,12,1/12,1/1,True
4,1965,00000132231,11,12,1/12,1/1,True
4,1966,00000132232,11,12,1/12,1/1,True
4,1967,00000132233,11,12,1/12,1/1,True
4,1968,00000132300,11,12,1/12,1/1,True
4,1969,00000132301,11,12,1/12,1/1,True
4,1970,00000132302,11,12,1/12,1/1,True
4,1971,00000132303,11,12,1/12,1/1,True
4,1972,00000132310,11,12,1/12,1/1,True
4,1973,00000132311,11,12,1/12,1/1,True
4,1974,00000132312,11,12,1/12,1/1,True
4,1975,00000132313,11,12,1/12,1/1,True
4,1976,00000132320,11,12,1/12,1/1,True
4,1977,00000132321,11,12,1/12,1/1,True
4,1978,00000132322,11,12,1/12,1/1,True
4,1979,00000132323,11,12,1/12,1/1,True
4,1980,00000132330,11,12,1/12,1/1,True
4,1981,00000132331,11,12,1/12,1/1,True
4,1982,00000132332,11,12,1/12,1/1,True
4,1983,00000132333,11,12,1/12,1/1,True
4,1984,00000133000,11,12,1/12,1/1,True
4,1985,00000133001,11,12,1/12,1/1,True
4,1986,00000133002,11,12,1/12,1/1,True
4,1987,00000133003,11,12,1/12,1/1,True
4,1988,00000133010,11,12,1/12,1/1,True
4,1989,00000133011,11,12,1/12,1/1,True
4,1990,00000133012,11,12,1/12,1/1,True
4,1991,00000133013,11,12,1/12,1/1,True
4,1992,00000133020,11,12,1/12,1/1,True
4,1993,00000133021,11,12,1/12,1/1,True
4,1994,00000133022,11,12,1/12,1/1,True
4,1995,00000133023,11,12,1/12,1/1,True
4,1996,00000133030,11,12,1/12,1/1,True
4,1997,00000133031,11,12,1/12,1/1,True
4,1998,00000133032,11,12,1/12,1/1,True
4,1999,00000133033,11,12,1/12,1/1,True
4,2000,00000133100,11,12,1/12,1/1,True
4,2001,00000133101,11,12,1/12,1/1,True
4,2002,00000133102,11,12,1/12,1/1,True
4,2003,00000133103,11,12,1/12,1/1,True
4,2004,00000133110,11,12,1/12,1/1,True
4,2005,00000133111,11,12,1/12,1/1,True
4,2006,00000133112,11,12,1/12,1/1,True
4,2007,00000133113,11,12,1/12,1/1,True
4,2008,00000133120,11,12,1/12,1/1,True
4,2009,00000133121,11,12,1/12,1/1,True
4,2010,00000133122,11,12,1/12,1/1,True
4,2011,00000133123,11,12,1/12,1/1,True
4,2012,00000133130,11,12,1/12,1/1,True
4,2013,00000133131,11,12,1/12,1/1,True
4,2014,00000133132,11,12,1/12,1/1,True
4,2015,00000133133,11,12,1/12,1/1,True
4,2016,00000133200,11,12,1/12,1/1,True
4,2017,00000133201,11,12,1/12,1/1,True
4,2018,00000133202,11,12,1/12,1/1,True
4,2019,00000133203,11,12,1/12,1/1,True
4,2020,00000133210,11,12,1/12,1/1,True
4,2021,00000133211,11,12,1/12,1/1,True
4,2022,00000133212,11,12,1/12,1/1,True
4,2023,00000133213,11,12,1/12,1/1,True
4,2024,00000133220,11,12,1/12,1/1,True
4,2025,00000133221,11,12,1/12,1/1,True
4,2026,00000133222,11,12,1/12,1/1,True
4,2027,00000133223,11,12,1/12,1/1,True
4,2028,00000133230,11,12,1/12,1/1,True
4,2029,00000133231,11,12,1/12,1/1,True
4,2030,00000133232,11,12,1/12,1/1,True
4,2031,00000133233,11,12,1/12,1/1,True
4,2032,00000133300,11,12,1/12,1/1,True
4,2033,00000133301,11,12,1/12,1/1,True
4,2034,00000133302,11,12,1/12,1/1,True
4,2035,00000133303,11,12,1/12,1/1,True
4,2036,00000133310,11,12,1/12,1/1,True
4,2037,00000133311,11,12,1/12,1/1,True
4,2038,00000133312,11,12,1/12,1/1,True
4,2039,00000133313,11,12,1/12,1/1,True
4,2040,00000133320,11,12,1/12,1/1,True
4,2041,00000133321,11,12,1/12,1/1,True
4,2042,00000133322,11,12,1/12,1/1,True
4,2043,00000133323,11,12,1/12,1/1,True
4,2044,00000133330,11,12,1/12,1/1,True
4,2045,00000133331,11,12,1/12,1/1,True
4,2046,00000133332,11,12,1/12,1/1,True
4,2047,00000133333,11,12,1/12,1/1,True
