{"N": 0, "decoder": 1, "fibre": 1, "kind": "state", "m": 1, "next": [], "period": 1, "recurrent_predicate": true, "state": [], "tail": 0}
{"N": 1, "decoder": 1, "fibre": 1, "kind": "state", "m": 1, "next": [0], "period": 1, "recurrent_predicate": true, "state": [0], "tail": 0}
{"N": 2, "decoder": 1, "fibre": 1, "kind": "state", "m": 1, "next": [0, 0], "period": 1, "recurrent_predicate": true, "state": [0, 0], "tail": 0}
{"N": 3, "decoder": 1, "fibre": 1, "kind": "state", "m": 1, "next": [0, 0, 0], "period": 1, "recurrent_predicate": true, "state": [0, 0, 0], "tail": 0}
{"N": 4, "decoder": 1, "fibre": 1, "kind": "state", "m": 1, "next": [0, 0, 0, 0], "period": 1, "recurrent_predicate": true, "state": [0, 0, 0, 0], "tail": 0}
{"N": 5, "decoder": 1, "fibre": 1, "kind": "state", "m": 1, "next": [0, 0, 0, 0, 0], "period": 1, "recurrent_predicate": true, "state": [0, 0, 0, 0, 0], "tail": 0}
{"N": 0, "decoder": 1, "fibre": 1, "kind": "state", "m": 2, "next": [], "period": 1, "recurrent_predicate": true, "state": [], "tail": 0}
{"N": 1, "decoder": 1, "fibre": 1, "kind": "state", "m": 2, "next": [1], "period": 2, "recurrent_predicate": true, "state": [0], "tail": 0}
{"N": 1, "decoder": 1, "fibre": 1, "kind": "state", "m": 2, "next": [0], "period": 2, "recurrent_predicate": true, "state": [1], "tail": 0}
{"N": 2, "decoder": 1, "fibre": 1, "kind": "state", "m": 2, "next": [0, 0], "period": 1, "recurrent_predicate": true, "state": [0, 0], "tail": 0}
{"N": 2, "decoder": 1, "fibre": 1, "kind": "state", "m": 2, "next": [1, 0], "period": 2, "recurrent_predicate": true, "state": [0, 1], "tail": 0}
{"N": 2, "decoder": 1, "fibre": 1, "kind": "state", "m": 2, "next": [0, 1], "period": 2, "recurrent_predicate": true, "state": [1, 0], "tail": 0}
{"N": 2, "decoder": 1, "fibre": 1, "kind": "state", "m": 2, "next": [1, 1], "period": 1, "recurrent_predicate": true, "state": [1, 1], "tail": 0}
{"N": 3, "decoder": 4, "fibre": 4, "kind": "state", "m": 2, "next": [1, 1, 1], "period": 2, "recurrent_predicate": true, "state": [0, 0, 0], "tail": 0}
{"N": 3, "decoder": 0, "fibre": 0, "kind": "state", "m": 2, "next": [0, 0, 0], "period": 2, "recurrent_predicate": false, "state": [0, 0, 1], "tail": 1}
{"N": 3, "decoder": 0, "fibre": 0, "kind": "state", "m": 2, "next": [0, 0, 0], "period": 2, "recurrent_predicate": false, "state": [0, 1, 0], "tail": 1}
{"N": 3, "decoder": 0, "fibre": 0, "kind": "state", "m": 2, "next": [1, 1, 1], "period": 2, "recurrent_predicate": false, "state": [0, 1, 1], "tail": 1}
{"N": 3, "decoder": 0, "fibre": 0, "kind": "state", "m": 2, "next": [0, 0, 0], "period": 2, "recurrent_predicate": false, "state": [1, 0, 0], "tail": 1}
{"N": 3, "decoder": 0, "fibre": 0, "kind": "state", "m": 2, "next": [1, 1, 1], "period": 2, "recurrent_predicate": false, "state": [1, 0, 1], "tail": 1}
{"N": 3, "decoder": 0, "fibre": 0, "kind": "state", "m": 2, "next": [1, 1, 1], "period": 2, "recurrent_predicate": false, "state": [1, 1, 0], "tail": 1}
{"N": 3, "decoder": 4, "fibre": 4, "kind": "state", "m": 2, "next": [0, 0, 0], "period": 2, "recurrent_predicate": true, "state": [1, 1, 1], "tail": 0}
{"N": 4, "decoder": 1, "fibre": 1, "kind": "state", "m": 2, "next": [0, 0, 0, 0], "period": 1, "recurrent_predicate": true, "state": [0, 0, 0, 0], "tail": 0}
{"N": 4, "decoder": 1, "fibre": 1, "kind": "state", "m": 2, "next": [1, 1, 1, 0], "period": 2, "recurrent_predicate": true, "state": [0, 0, 0, 1], "tail": 0}
{"N": 4, "decoder": 1, "fibre": 1, "kind": "state", "m": 2, "next": [1, 1, 0, 1], "period": 2, "recurrent_predicate": true, "state": [0, 0, 1, 0], "tail": 0}
{"N": 4, "decoder": 1, "fibre": 1, "kind": "state", "m": 2, "next": [0, 0, 1, 1], "period": 1, "recurrent_predicate": true, "state": [0, 0, 1, 1], "tail": 0}
{"N": 4, "decoder": 1, "fibre": 1, "kind": "state", "m": 2, "next": [1, 0, 1, 1], "period": 2, "recurrent_predicate": true, "state": [0, 1, 0, 0], "tail": 0}
{"N": 4, "decoder": 1, "fibre": 1, "kind": "state", "m": 2, "next": [0, 1, 0, 1], "period": 1, "recurrent_predicate": true, "state": [0, 1, 0, 1], "tail": 0}
{"N": 4, "decoder": 1, "fibre": 1, "kind": "state", "m": 2, "next": [0, 1, 1, 0], "period": 1, "recurrent_predicate": true, "state": [0, 1, 1, 0], "tail": 0}
{"N": 4, "decoder": 1, "fibre": 1, "kind": "state", "m": 2, "next": [1, 0, 0, 0], "period": 2, "recurrent_predicate": true, "state": [0, 1, 1, 1], "tail": 0}
{"N": 4, "decoder": 1, "fibre": 1, "kind": "state", "m": 2, "next": [0, 1, 1, 1], "period": 2, "recurrent_predicate": true, "state": [1, 0, 0, 0], "tail": 0}
{"N": 4, "decoder": 1, "fibre": 1, "kind": "state", "m": 2, "next": [1, 0, 0, 1], "period": 1, "recurrent_predicate": true, "state": [1, 0, 0, 1], "tail": 0}
{"N": 4, "decoder": 1, "fibre": 1, "kind": "state", "m": 2, "next": [1, 0, 1, 0], "period": 1, "recurrent_predicate": true, "state": [1, 0, 1, 0], "tail": 0}
{"N": 4, "decoder": 1, "fibre": 1, "kind": "state", "m": 2, "next": [0, 1, 0, 0], "period": 2, "recurrent_predicate": true, "state": [1, 0, 1, 1], "tail": 0}
{"N": 4, "decoder": 1, "fibre": 1, "kind": "state", "m": 2, "next": [1, 1, 0, 0], "period": 1, "recurrent_predicate": true, "state": [1, 1, 0, 0], "tail": 0}
{"N": 4, "decoder": 1, "fibre": 1, "kind": "state", "m": 2, "next": [0, 0, 1, 0], "period": 2, "recurrent_predicate": true, "state": [1, 1, 0, 1], "tail": 0}
{"N": 4, "decoder": 1, "fibre": 1, "kind": "state", "m": 2, "next": [0, 0, 0, 1], "period": 2, "recurrent_predicate": true, "state": [1, 1, 1, 0], "tail": 0}
{"N": 4, "decoder": 1, "fibre": 1, "kind": "state", "m": 2, "next": [1, 1, 1, 1], "period": 1, "recurrent_predicate": true, "state": [1, 1, 1, 1], "tail": 0}
{"N": 5, "decoder": 16, "fibre": 16, "kind": "state", "m": 2, "next": [1, 1, 1, 1, 1], "period": 2, "recurrent_predicate": true, "state": [0, 0, 0, 0, 0], "tail": 0}
{"N": 5, "decoder": 0, "fibre": 0, "kind": "state", "m": 2, "next": [0, 0, 0, 0, 0], "period": 2, "recurrent_predicate": false, "state": [0, 0, 0, 0, 1], "tail": 1}
{"N": 5, "decoder": 0, "fibre": 0, "kind": "state", "m": 2, "next": [0, 0, 0, 0, 0], "period": 2, "recurrent_predicate": false, "state": [0, 0, 0, 1, 0], "tail": 1}
{"N": 5, "decoder": 0, "fibre": 0, "kind": "state", "m": 2, "next": [1, 1, 1, 1, 1], "period": 2, "recurrent_predicate": false, "state": [0, 0, 0, 1, 1], "tail": 1}
{"N": 5, "decoder": 0, "fibre": 0, "kind": "state", "m": 2, "next": [0, 0, 0, 0, 0], "period": 2, "recurrent_predicate": false, "state": [0, 0, 1, 0, 0], "tail": 1}
{"N": 5, "decoder": 0, "fibre": 0, "kind": "state", "m": 2, "next": [1, 1, 1, 1, 1], "period": 2, "recurrent_predicate": false, "state": [0, 0, 1, 0, 1], "tail": 1}
{"N": 5, "decoder": 0, "fibre": 0, "kind": "state", "m": 2, "next": [1, 1, 1, 1, 1], "period": 2, "recurrent_predicate": false, "state": [0, 0, 1, 1, 0], "tail": 1}
{"N": 5, "decoder": 0, "fibre": 0, "kind": "state", "m": 2, "next": [0, 0, 0, 0, 0], "period": 2, "recurrent_predicate": false, "state": [0, 0, 1, 1, 1], "tail": 1}
{"N": 5, "decoder": 0, "fibre": 0, "kind": "state", "m": 2, "next": [0, 0, 0, 0, 0], "period": 2, "recurrent_predicate": false, "state": [0, 1, 0, 0, 0], "tail": 1}
{"N": 5, "decoder": 0, "fibre": 0, "kind": "state", "m": 2, "next": [1, 1, 1, 1, 1], "period": 2, "recurrent_predicate": false, "state": [0, 1, 0, 0, 1], "tail": 1}
{"N": 5, "decoder": 0, "fibre": 0, "kind": "state", "m": 2, "next": [1, 1, 1, 1, 1], "period": 2, "recurrent_predicate": false, "state": [0, 1, 0, 1, 0], "tail": 1}
{"N": 5, "decoder": 0, "fibre": 0, "kind": "state", "m": 2, "next": [0, 0, 0, 0, 0], "period": 2, "recurrent_predicate": false, "state": [0, 1, 0, 1, 1], "tail": 1}
{"N": 5, "decoder": 0, "fibre": 0, "kind": "state", "m": 2, "next": [1, 1, 1, 1, 1], "period": 2, "recurrent_predicate": false, "state": [0, 1, 1, 0, 0], "tail": 1}
{"N": 5, "decoder": 0, "fibre": 0, "kind": "state", "m": 2, "next": [0, 0, 0, 0, 0], "period": 2, "recurrent_predicate": false, "state": [0, 1, 1, 0, 1], "tail": 1}
{"N": 5, "decoder": 0, "fibre": 0, "kind": "state", "m": 2, "next": [0, 0, 0, 0, 0], "period": 2, "recurrent_predicate": false, "state": [0, 1, 1, 1, 0], "tail": 1}
{"N": 5, "decoder": 0, "fibre": 0, "kind": "state", "m": 2, "next": [1, 1, 1, 1, 1], "period": 2, "recurrent_predicate": false, "state": [0, 1, 1, 1, 1], "tail": 1}
{"N": 5, "decoder": 0, "fibre": 0, "kind": "state", "m": 2, "next": [0, 0, 0, 0, 0], "period": 2, "recurrent_predicate": false, "state": [1, 0, 0, 0, 0], "tail": 1}
{"N": 5, "decoder": 0, "fibre": 0, "kind": "state", "m": 2, "next": [1, 1, 1, 1, 1], "period": 2, "recurrent_predicate": false, "state": [1, 0, 0, 0, 1], "tail": 1}
{"N": 5, "decoder": 0, "fibre": 0, "kind": "state", "m": 2, "next": [1, 1, 1, 1, 1], "period": 2, "recurrent_predicate": false, "state": [1, 0, 0, 1, 0], "tail": 1}
{"N": 5, "decoder": 0, "fibre": 0, "kind": "state", "m": 2, "next": [0, 0, 0, 0, 0], "period": 2, "recurrent_predicate": false, "state": [1, 0, 0, 1, 1], "tail": 1}
{"N": 5, "decoder": 0, "fibre": 0, "kind": "state", "m": 2, "next": [1, 1, 1, 1, 1], "period": 2, "recurrent_predicate": false, "state": [1, 0, 1, 0, 0], "tail": 1}
{"N": 5, "decoder": 0, "fibre": 0, "kind": "state", "m": 2, "next": [0, 0, 0, 0, 0], "period": 2, "recurrent_predicate": false, "state": [1, 0, 1, 0, 1], "tail": 1}
{"N": 5, "decoder": 0, "fibre": 0, "kind": "state", "m": 2, "next": [0, 0, 0, 0, 0], "period": 2, "recurrent_predicate": false, "state": [1, 0, 1, 1, 0], "tail": 1}
{"N": 5, "decoder": 0, "fibre": 0, "kind": "state", "m": 2, "next": [1, 1, 1, 1, 1], "period": 2, "recurrent_predicate": false, "state": [1, 0, 1, 1, 1], "tail": 1}
{"N": 5, "decoder": 0, "fibre": 0, "kind": "state", "m": 2, "next": [1, 1, 1, 1, 1], "period": 2, "recurrent_predicate": false, "state": [1, 1, 0, 0, 0], "tail": 1}
{"N": 5, "decoder": 0, "fibre": 0, "kind": "state", "m": 2, "next": [0, 0, 0, 0, 0], "period": 2, "recurrent_predicate": false, "state": [1, 1, 0, 0, 1], "tail": 1}
{"N": 5, "decoder": 0, "fibre": 0, "kind": "state", "m": 2, "next": [0, 0, 0, 0, 0], "period": 2, "recurrent_predicate": false, "state": [1, 1, 0, 1, 0], "tail": 1}
{"N": 5, "decoder": 0, "fibre": 0, "kind": "state", "m": 2, "next": [1, 1, 1, 1, 1], "period": 2, "recurrent_predicate": false, "state": [1, 1, 0, 1, 1], "tail": 1}
{"N": 5, "decoder": 0, "fibre": 0, "kind": "state", "m": 2, "next": [0, 0, 0, 0, 0], "period": 2, "recurrent_predicate": false, "state": [1, 1, 1, 0, 0], "tail": 1}
{"N": 5, "decoder": 0, "fibre": 0, "kind": "state", "m": 2, "next": [1, 1, 1, 1, 1], "period": 2, "recurrent_predicate": false, "state": [1, 1, 1, 0, 1], "tail": 1}
{"N": 5, "decoder": 0, "fibre": 0, "kind": "state", "m": 2, "next": [1, 1, 1, 1, 1], "period": 2, "recurrent_predicate": false, "state": [1, 1, 1, 1, 0], "tail": 1}
{"N": 5, "decoder": 16, "fibre": 16, "kind": "state", "m": 2, "next": [0, 0, 0, 0, 0], "period": 2, "recurrent_predicate": true, "state": [1, 1, 1, 1, 1], "tail": 0}
{"N": 0, "decoder": 1, "fibre": 1, "kind": "state", "m": 3, "next": [], "period": 1, "recurrent_predicate": true, "state": [], "tail": 0}
{"N": 1, "decoder": 1, "fibre": 1, "kind": "state", "m": 3, "next": [1], "period": 3, "recurrent_predicate": true, "state": [0], "tail": 0}
{"N": 1, "decoder": 1, "fibre": 1, "kind": "state", "m": 3, "next": [2], "period": 3, "recurrent_predicate": true, "state": [1], "tail": 0}
{"N": 1, "decoder": 1, "fibre": 1, "kind": "state", "m": 3, "next": [0], "period": 3, "recurrent_predicate": true, "state": [2], "tail": 0}
{"N": 2, "decoder": 1, "fibre": 1, "kind": "state", "m": 3, "next": [2, 2], "period": 3, "recurrent_predicate": true, "state": [0, 0], "tail": 0}
{"N": 2, "decoder": 1, "fibre": 1, "kind": "state", "m": 3, "next": [1, 2], "period": 3, "recurrent_predicate": true, "state": [0, 1], "tail": 0}
{"N": 2, "decoder": 1, "fibre": 1, "kind": "state", "m": 3, "next": [1, 0], "period": 3, "recurrent_predicate": true, "state": [0, 2], "tail": 0}
{"N": 2, "decoder": 1, "fibre": 1, "kind": "state", "m": 3, "next": [2, 1], "period": 3, "recurrent_predicate": true, "state": [1, 0], "tail": 0}
{"N": 2, "decoder": 1, "fibre": 1, "kind": "state", "m": 3, "next": [0, 0], "period": 3, "recurrent_predicate": true, "state": [1, 1], "tail": 0}
{"N": 2, "decoder": 1, "fibre": 1, "kind": "state", "m": 3, "next": [2, 0], "period": 3, "recurrent_predicate": true, "state": [1, 2], "tail": 0}
{"N": 2, "decoder": 1, "fibre": 1, "kind": "state", "m": 3, "next": [0, 1], "period": 3, "recurrent_predicate": true, "state": [2, 0], "tail": 0}
{"N": 2, "decoder": 1, "fibre": 1, "kind": "state", "m": 3, "next": [0, 2], "period": 3, "recurrent_predicate": true, "state": [2, 1], "tail": 0}
{"N": 2, "decoder": 1, "fibre": 1, "kind": "state", "m": 3, "next": [1, 1], "period": 3, "recurrent_predicate": true, "state": [2, 2], "tail": 0}
{"N": 3, "decoder": 4, "fibre": 4, "kind": "state", "m": 3, "next": [0, 0, 0], "period": 1, "recurrent_predicate": true, "state": [0, 0, 0], "tail": 0}
{"N": 3, "decoder": 1, "fibre": 1, "kind": "state", "m": 3, "next": [2, 2, 2], "period": 1, "recurrent_predicate": false, "state": [0, 0, 1], "tail": 1}
{"N": 3, "decoder": 0, "fibre": 0, "kind": "state", "m": 3, "next": [2, 2, 0], "period": 1, "recurrent_predicate": false, "state": [0, 0, 2], "tail": 2}
{"N": 3, "decoder": 1, "fibre": 1, "kind": "state", "m": 3, "next": [2, 2, 2], "period": 1, "recurrent_predicate": false, "state": [0, 1, 0], "tail": 1}
{"N": 3, "decoder": 0, "fibre": 0, "kind": "state", "m": 3, "next": [1, 0, 0], "period": 1, "recurrent_predicate": false, "state": [0, 1, 1], "tail": 2}
{"N": 3, "decoder": 1, "fibre": 1, "kind": "state", "m": 3, "next": [1, 2, 0], "period": 3, "recurrent_predicate": true, "state": [0, 1, 2], "tail": 0}
{"N": 3, "decoder": 0, "fibre": 0, "kind": "state", "m": 3, "next": [2, 0, 2], "period": 1, "recurrent_predicate": false, "state": [0, 2, 0], "tail": 2}
{"N": 3, "decoder": 1, "fibre": 1, "kind": "state", "m": 3, "next": [1, 0, 2], "period": 3, "recurrent_predicate": true, "state": [0, 2, 1], "tail": 0}
{"N": 3, "decoder": 1, "fibre": 1, "kind": "state", "m": 3, "next": [1, 1, 1], "period": 1, "recurrent_predicate": false, "state": [0, 2, 2], "tail": 1}
{"N": 3, "decoder": 1, "fibre": 1, "kind": "state", "m": 3, "next": [2, 2, 2], "period": 1, "recurrent_predicate": false, "state": [1, 0, 0], "tail": 1}
{"N": 3, "decoder": 0, "fibre": 0, "kind": "state", "m": 3, "next": [0, 1, 0], "period": 1, "recurrent_predicate": false, "state": [1, 0, 1], "tail": 2}
{"N": 3, "decoder": 1, "fibre": 1, "kind": "state", "m": 3, "next": [2, 1, 0], "period": 3, "recurrent_predicate": true, "state": [1, 0, 2], "tail": 0}
{"N": 3, "decoder": 0, "fibre": 0, "kind": "state", "m": 3, "next": [0, 0, 1], "period": 1, "recurrent_predicate": false, "state": [1, 1, 0], "tail": 2}
{"N": 3, "decoder": 4, "fibre": 4, "kind": "state", "m": 3, "next": [1, 1, 1], "period": 1, "recurrent_predicate": true, "state": [1, 1, 1], "tail": 0}
{"N": 3, "decoder": 1, "fibre": 1, "kind": "state", "m": 3, "next": [0, 0, 0], "period": 1, "recurrent_predicate": false, "state": [1, 1, 2], "tail": 1}
{"N": 3, "decoder": 1, "fibre": 1, "kind": "state", "m": 3, "next": [2, 0, 1], "period": 3, "recurrent_predicate": true, "state": [1, 2, 0], "tail": 0}
{"N": 3, "decoder": 1, "fibre": 1, "kind": "state", "m": 3, "next": [0, 0, 0], "period": 1, "recurrent_predicate": false, "state": [1, 2, 1], "tail": 1}
{"N": 3, "decoder": 0, "fibre": 0, "kind": "state", "m": 3, "next": [2, 1, 1], "period": 1, "recurrent_predicate": false, "state": [1, 2, 2], "tail": 2}
{"N": 3, "decoder": 0, "fibre": 0, "kind": "state", "m": 3, "next": [0, 2, 2], "period": 1, "recurrent_predicate": false, "state": [2, 0, 0], "tail": 2}
{"N": 3, "decoder": 1, "fibre": 1, "kind": "state", "m": 3, "next": [0, 1, 2], "period": 3, "recurrent_predicate": true, "state": [2, 0, 1], "tail": 0}
{"N": 3, "decoder": 1, "fibre": 1, "kind": "state", "m": 3, "next": [1, 1, 1], "period": 1, "recurrent_predicate": false, "state": [2, 0, 2], "tail": 1}
{"N": 3, "decoder": 1, "fibre": 1, "kind": "state", "m": 3, "next": [0, 2, 1], "period": 3, "recurrent_predicate": true, "state": [2, 1, 0], "tail": 0}
{"N": 3, "decoder": 1, "fibre": 1, "kind": "state", "m": 3, "next": [0, 0, 0], "period": 1, "recurrent_predicate": false, "state": [2, 1, 1], "tail": 1}
{"N": 3, "decoder": 0, "fibre": 0, "kind": "state", "m": 3, "next": [1, 2, 1], "period": 1, "recurrent_predicate": false, "state": [2, 1, 2], "tail": 2}
{"N": 3, "decoder": 1, "fibre": 1, "kind": "state", "m": 3, "next": [1, 1, 1], "period": 1, "recurrent_predicate": false, "state": [2, 2, 0], "tail": 1}
{"N": 3, "decoder": 0, "fibre": 0, "kind": "state", "m": 3, "next": [1, 1, 2], "period": 1, "recurrent_predicate": false, "state": [2, 2, 1], "tail": 2}
{"N": 3, "decoder": 4, "fibre": 4, "kind": "state", "m": 3, "next": [2, 2, 2], "period": 1, "recurrent_predicate": true, "state": [2, 2, 2], "tail": 0}
{"N": 4, "decoder": 5, "fibre": 5, "kind": "state", "m": 3, "next": [1, 1, 1, 1], "period": 3, "recurrent_predicate": true, "state": [0, 0, 0, 0], "tail": 0}
{"N": 4, "decoder": 3, "fibre": 3, "kind": "state", "m": 3, "next": [0, 0, 0, 2], "period": 3, "recurrent_predicate": false, "state": [0, 0, 0, 1], "tail": 2}
{"N": 4, "decoder": 1, "fibre": 1, "kind": "state", "m": 3, "next": [0, 0, 0, 0], "period": 3, "recurrent_predicate": false, "state": [0, 0, 0, 2], "tail": 1}
{"N": 4, "decoder": 3, "fibre": 3, "kind": "state", "m": 3, "next": [0, 0, 2, 0], "period": 3, "recurrent_predicate": false, "state": [0, 0, 1, 0], "tail": 2}
{"N": 4, "decoder": 1, "fibre": 1, "kind": "state", "m": 3, "next": [2, 2, 0, 0], "period": 3, "recurrent_predicate": true, "state": [0, 0, 1, 1], "tail": 0}
{"N": 4, "decoder": 0, "fibre": 0, "kind": "state", "m": 3, "next": [2, 2, 2, 0], "period": 3, "recurrent_predicate": false, "state": [0, 0, 1, 2], "tail": 3}
{"N": 4, "decoder": 1, "fibre": 1, "kind": "state", "m": 3, "next": [0, 0, 0, 0], "period": 3, "recurrent_predicate": false, "state": [0, 0, 2, 0], "tail": 1}
{"N": 4, "decoder": 0, "fibre": 0, "kind": "state", "m": 3, "next": [2, 2, 0, 2], "period": 3, "recurrent_predicate": false, "state": [0, 0, 2, 1], "tail": 3}
{"N": 4, "decoder": 1, "fibre": 1, "kind": "state", "m": 3, "next": [2, 2, 1, 1], "period": 3, "recurrent_predicate": true, "state": [0, 0, 2, 2], "tail": 0}
{"N": 4, "decoder": 3, "fibre": 3, "kind": "state", "m": 3, "next": [0, 2, 0, 0], "period": 3, "recurrent_predicate": false, "state": [0, 1, 0, 0], "tail": 2}
{"N": 4, "decoder": 1, "fibre": 1, "kind": "state", "m": 3, "next": [2, 0, 2, 0], "period": 3, "recurrent_predicate": true, "state": [0, 1, 0, 1], "tail": 0}
{"N": 4, "decoder": 0, "fibre": 0, "kind": "state", "m": 3, "next": [2, 2, 2, 0], "period": 3, "recurrent_predicate": false, "state": [0, 1, 0, 2], "tail": 3}
{"N": 4, "decoder": 1, "fibre": 1, "kind": "state", "m": 3, "next": [2, 0, 0, 2], "period": 3, "recurrent_predicate": true, "state": [0, 1, 1, 0], "tail": 0}
{"N": 4, "decoder": 1, "fibre": 1, "kind": "state", "m": 3, "next": [1, 1, 1, 1], "period": 3, "recurrent_predicate": false, "state": [0, 1, 1, 1], "tail": 1}
{"N": 4, "decoder": 0, "fibre": 0, "kind": "state", "m": 3, "next": [1, 0, 0, 0], "period": 3, "recurrent_predicate": false, "state": [0, 1, 1, 2], "tail": 3}
{"N": 4, "decoder": 0, "fibre": 0, "kind": "state", "m": 3, "next": [2, 2, 0, 2], "period": 3, "recurrent_predicate": false, "state": [0, 1, 2, 0], "tail": 3}
{"N": 4, "decoder": 0, "fibre": 0, "kind": "state", "m": 3, "next": [1, 0, 0, 0], "period": 3, "recurrent_predicate": false, "state": [0, 1, 2, 1], "tail": 3}
{"N": 4, "decoder": 0, "fibre": 0, "kind": "state", "m": 3, "next": [1, 2, 1, 1], "period": 3, "recurrent_predicate": false, "state": [0, 1, 2, 2], "tail": 3}
{"N": 4, "decoder": 1, "fibre": 1, "kind": "state", "m": 3, "next": [0, 0, 0, 0], "period": 3, "recurrent_predicate": false, "state": [0, 2, 0, 0], "tail": 1}
{"N": 4, "decoder": 0, "fibre": 0, "kind": "state", "m": 3, "next": [2, 0, 2, 2], "period": 3, "recurrent_predicate": false, "state": [0, 2, 0, 1], "tail": 3}
{"N": 4, "decoder": 1, "fibre": 1, "kind": "state", "m": 3, "next": [2, 1, 2, 1], "period": 3, "recurrent_predicate": true, "state": [0, 2, 0, 2], "tail": 0}
{"N": 4, "decoder": 0, "fibre": 0, "kind": "state", "m": 3, "next": [2, 0, 2, 2], "period": 3, "recurrent_predicate": false, "state": [0, 2, 1, 0], "tail": 3}
{"N": 4, "decoder": 0, "fibre": 0, "kind": "state", "m": 3, "next": [1, 0, 0, 0], "period": 3, "recurrent_predicate": false, "state": [0, 2, 1, 1], "tail": 3}
{"N": 4, "decoder": 0, "fibre": 0, "kind": "state", "m": 3, "next": [1, 1, 2, 1], "period": 3, "recurrent_predicate": false, "state": [0, 2, 1, 2], "tail": 3}
{"N": 4, "decoder": 1, "fibre": 1, "kind": "state", "m": 3, "next": [2, 1, 1, 2], "period": 3, "recurrent_predicate": true, "state": [0, 2, 2, 0], "tail": 0}
{"N": 4, "decoder": 0, "fibre": 0, "kind": "state", "m": 3, "next": [1, 1, 1, 2], "period": 3, "recurrent_predicate": false, "state": [0, 2, 2, 1], "tail": 3}
{"N": 4, "decoder": 3, "fibre": 3, "kind": "state", "m": 3, "next": [1, 2, 2, 2], "period": 3, "recurrent_predicate": false, "state": [0, 2, 2, 2], "tail": 2}
{"N": 4, "decoder": 3, "fibre": 3, "kind": "state", "m": 3, "next": [2, 0, 0, 0], "period": 3, "recurrent_predicate": false, "state": [1, 0, 0, 0], "tail": 2}
{"N": 4, "decoder": 1, "fibre": 1, "kind": "state", "m": 3, "next": [0, 2, 2, 0], "period": 3, "recurrent_predicate": true, "state": [1, 0, 0, 1], "tail": 0}
{"N": 4, "decoder": 0, "fibre": 0, "kind": "state", "m": 3, "next": [2, 2, 2, 0], "period": 3, "recurrent_predicate": false, "state": [1, 0, 0, 2], "tail": 3}
{"N": 4, "decoder": 1, "fibre": 1, "kind": "state", "m": 3, "next": [0, 2, 0, 2], "period": 3, "recurrent_predicate": true, "state": [1, 0, 1, 0], "tail": 0}
{"N": 4, "decoder": 1, "fibre": 1, "kind": "state", "m": 3, "next": [1, 1, 1, 1], "period": 3, "recurrent_predicate": false, "state": [1, 0, 1, 1], "tail": 1}
{"N": 4, "decoder": 0, "fibre": 0, "kind": "state", "m": 3, "next": [0, 1, 0, 0], "period": 3, "recurrent_predicate": false, "state": [1, 0, 1, 2], "tail": 3}
{"N": 4, "decoder": 0, "fibre": 0, "kind": "state", "m": 3, "next": [2, 2, 0, 2], "period": 3, "recurrent_predicate": false, "state": [1, 0, 2, 0], "tail": 3}
{"N": 4, "decoder": 0, "fibre": 0, "kind": "state", "m": 3, "next": [0, 1, 0, 0], "period": 3, "recurrent_predicate": false, "state": [1, 0, 2, 1], "tail": 3}
{"N": 4, "decoder": 0, "fibre": 0, "kind": "state", "m": 3, "next": [2, 1, 1, 1], "period": 3, "recurrent_predicate": false, "state": [1, 0, 2, 2], "tail": 3}
{"N": 4, "decoder": 1, "fibre": 1, "kind": "state", "m": 3, "next": [0, 0, 2, 2], "period": 3, "recurrent_predicate": true, "state": [1, 1, 0, 0], "tail": 0}
{"N": 4, "decoder": 1, "fibre": 1, "kind": "state", "m": 3, "next": [1, 1, 1, 1], "period": 3, "recurrent_predicate": false, "state": [1, 1, 0, 1], "tail": 1}
{"N": 4, "decoder": 0, "fibre": 0, "kind": "state", "m": 3, "next": [0, 0, 1, 0], "period": 3, "recurrent_predicate": false, "state": [1, 1, 0, 2], "tail": 3}
{"N": 4, "decoder": 1, "fibre": 1, "kind": "state", "m": 3, "next": [1, 1, 1, 1], "period": 3, "recurrent_predicate": false, "state": [1, 1, 1, 0], "tail": 1}
{"N": 4, "decoder": 5, "fibre": 5, "kind": "state", "m": 3, "next": [2, 2, 2, 2], "period": 3, "recurrent_predicate": true, "state": [1, 1, 1, 1], "tail": 0}
{"N": 4, "decoder": 3, "fibre": 3, "kind": "state", "m": 3, "next": [1, 1, 1, 0], "period": 3, "recurrent_predicate": false, "state": [1, 1, 1, 2], "tail": 2}
{"N": 4, "decoder": 0, "fibre": 0, "kind": "state", "m": 3, "next": [0, 0, 0, 1], "period": 3, "recurrent_predicate": false, "state": [1, 1, 2, 0], "tail": 3}
{"N": 4, "decoder": 3, "fibre": 3, "kind": "state", "m": 3, "next": [1, 1, 0, 1], "period": 3, "recurrent_predicate": false, "state": [1, 1, 2, 1], "tail": 2}
{"N": 4, "decoder": 1, "fibre": 1, "kind": "state", "m": 3, "next": [0, 0, 1, 1], "period": 3, "recurrent_predicate": true, "state": [1, 1, 2, 2], "tail": 0}
{"N": 4, "decoder": 0, "fibre": 0, "kind": "state", "m": 3, "next": [2, 0, 2, 2], "period": 3, "recurrent_predicate": false, "state": [1, 2, 0, 0], "tail": 3}
{"N": 4, "decoder": 0, "fibre": 0, "kind": "state", "m": 3, "next": [0, 0, 1, 0], "period": 3, "recurrent_predicate": false, "state": [1, 2, 0, 1], "tail": 3}
{"N": 4, "decoder": 0, "fibre": 0, "kind": "state", "m": 3, "next": [2, 1, 1, 1], "period": 3, "recurrent_predicate": false, "state": [1, 2, 0, 2], "tail": 3}
{"N": 4, "decoder": 0, "fibre": 0, "kind": "state", "m": 3, "next": [0, 0, 0, 1], "period": 3, "recurrent_predicate": false, "state": [1, 2, 1, 0], "tail": 3}
{"N": 4, "decoder": 3, "fibre": 3, "kind": "state", "m": 3, "next": [1, 0, 1, 1], "period": 3, "recurrent_predicate": false, "state": [1, 2, 1, 1], "tail": 2}
{"N": 4, "decoder": 1, "fibre": 1, "kind": "state", "m": 3, "next": [0, 1, 0, 1], "period": 3, "recurrent_predicate": true, "state": [1, 2, 1, 2], "tail": 0}
{"N": 4, "decoder": 0, "fibre": 0, "kind": "state", "m": 3, "next": [2, 1, 1, 1], "period": 3, "recurrent_predicate": false, "state": [1, 2, 2, 0], "tail": 3}
{"N": 4, "decoder": 1, "fibre": 1, "kind": "state", "m": 3, "next": [0, 1, 1, 0], "period": 3, "recurrent_predicate": true, "state": [1, 2, 2, 1], "tail": 0}
{"N": 4, "decoder": 1, "fibre": 1, "kind": "state", "m": 3, "next": [2, 2, 2, 2], "period": 3, "recurrent_predicate": false, "state": [1, 2, 2, 2], "tail": 1}
{"N": 4, "decoder": 1, "fibre": 1, "kind": "state", "m": 3, "next": [0, 0, 0, 0], "period": 3, "recurrent_predicate": false, "state": [2, 0, 0, 0], "tail": 1}
{"N": 4, "decoder": 0, "fibre": 0, "kind": "state", "m": 3, "next": [0, 2, 2, 2], "period": 3, "recurrent_predicate": false, "state": [2, 0, 0, 1], "tail": 3}
{"N": 4, "decoder": 1, "fibre": 1, "kind": "state", "m": 3, "next": [1, 2, 2, 1], "period": 3, "recurrent_predicate": true, "state": [2, 0, 0, 2], "tail": 0}
{"N": 4, "decoder": 0, "fibre": 0, "kind": "state", "m": 3, "next": [0, 2, 2, 2], "period": 3, "recurrent_predicate": false, "state": [2, 0, 1, 0], "tail": 3}
{"N": 4, "decoder": 0, "fibre": 0, "kind": "state", "m": 3, "next": [0, 1, 0, 0], "period": 3, "recurrent_predicate": false, "state": [2, 0, 1, 1], "tail": 3}
{"N": 4, "decoder": 0, "fibre": 0, "kind": "state", "m": 3, "next": [1, 1, 2, 1], "period": 3, "recurrent_predicate": false, "state": [2, 0, 1, 2], "tail": 3}
{"N": 4, "decoder": 1, "fibre": 1, "kind": "state", "m": 3, "next": [1, 2, 1, 2], "period": 3, "recurrent_predicate": true, "state": [2, 0, 2, 0], "tail": 0}
{"N": 4, "decoder": 0, "fibre": 0, "kind": "state", "m": 3, "next": [1, 1, 1, 2], "period": 3, "recurrent_predicate": false, "state": [2, 0, 2, 1], "tail": 3}
{"N": 4, "decoder": 3, "fibre": 3, "kind": "state", "m": 3, "next": [2, 1, 2, 2], "period": 3, "recurrent_predicate": false, "state": [2, 0, 2, 2], "tail": 2}
{"N": 4, "decoder": 0, "fibre": 0, "kind": "state", "m": 3, "next": [0, 2, 2, 2], "period": 3, "recurrent_predicate": false, "state": [2, 1, 0, 0], "tail": 3}
{"N": 4, "decoder": 0, "fibre": 0, "kind": "state", "m": 3, "next": [0, 0, 1, 0], "period": 3, "recurrent_predicate": false, "state": [2, 1, 0, 1], "tail": 3}
{"N": 4, "decoder": 0, "fibre": 0, "kind": "state", "m": 3, "next": [1, 2, 1, 1], "period": 3, "recurrent_predicate": false, "state": [2, 1, 0, 2], "tail": 3}
{"N": 4, "decoder": 0, "fibre": 0, "kind": "state", "m": 3, "next": [0, 0, 0, 1], "period": 3, "recurrent_predicate": false, "state": [2, 1, 1, 0], "tail": 3}
{"N": 4, "decoder": 3, "fibre": 3, "kind": "state", "m": 3, "next": [0, 1, 1, 1], "period": 3, "recurrent_predicate": false, "state": [2, 1, 1, 1], "tail": 2}
{"N": 4, "decoder": 1, "fibre": 1, "kind": "state", "m": 3, "next": [1, 0, 0, 1], "period": 3, "recurrent_predicate": true, "state": [2, 1, 1, 2], "tail": 0}
{"N": 4, "decoder": 0, "fibre": 0, "kind": "state", "m": 3, "next": [1, 2, 1, 1], "period": 3, "recurrent_predicate": false, "state": [2, 1, 2, 0], "tail": 3}
{"N": 4, "decoder": 1, "fibre": 1, "kind": "state", "m": 3, "next": [1, 0, 1, 0], "period": 3, "recurrent_predicate": true, "state": [2, 1, 2, 1], "tail": 0}
{"N": 4, "decoder": 1, "fibre": 1, "kind": "state", "m": 3, "next": [2, 2, 2, 2], "period": 3, "recurrent_predicate": false, "state": [2, 1, 2, 2], "tail": 1}
{"N": 4, "decoder": 1, "fibre": 1, "kind": "state", "m": 3, "next": [1, 1, 2, 2], "period": 3, "recurrent_predicate": true, "state": [2, 2, 0, 0], "tail": 0}
{"N": 4, "decoder": 0, "fibre": 0, "kind": "state", "m": 3, "next": [1, 1, 1, 2], "period": 3, "recurrent_predicate": false, "state": [2, 2, 0, 1], "tail": 3}
{"N": 4, "decoder": 3, "fibre": 3, "kind": "state", "m": 3, "next": [2, 2, 1, 2], "period": 3, "recurrent_predicate": false, "state": [2, 2, 0, 2], "tail": 2}
{"N": 4, "decoder": 0, "fibre": 0, "kind": "state", "m": 3, "next": [1, 1, 2, 1], "period": 3, "recurrent_predicate": false, "state": [2, 2, 1, 0], "tail": 3}
{"N": 4, "decoder": 1, "fibre": 1, "kind": "state", "m": 3, "next": [1, 1, 0, 0], "period": 3, "recurrent_predicate": true, "state": [2, 2, 1, 1], "tail": 0}
{"N": 4, "decoder": 1, "fibre": 1, "kind": "state", "m": 3, "next": [2, 2, 2, 2], "period": 3, "recurrent_predicate": false, "state": [2, 2, 1, 2], "tail": 1}
{"N": 4, "decoder": 3, "fibre": 3, "kind": "state", "m": 3, "next": [2, 2, 2, 1], "period": 3, "recurrent_predicate": false, "state": [2, 2, 2, 0], "tail": 2}
{"N": 4, "decoder": 1, "fibre": 1, "kind": "state", "m": 3, "next": [2, 2, 2, 2], "period": 3, "recurrent_predicate": false, "state": [2, 2, 2, 1], "tail": 1}
{"N": 4, "decoder": 5, "fibre": 5, "kind": "state", "m": 3, "next": [0, 0, 0, 0], "period": 3, "recurrent_predicate": true, "state": [2, 2, 2, 2], "tail": 0}
{"N": 5, "decoder": 11, "fibre": 11, "kind": "state", "m": 3, "next": [2, 2, 2, 2, 2], "period": 3, "recurrent_predicate": true, "state": [0, 0, 0, 0, 0], "tail": 0}
{"N": 5, "decoder": 1, "fibre": 1, "kind": "state", "m": 3, "next": [1, 1, 1, 1, 2], "period": 3, "recurrent_predicate": true, "state": [0, 0, 0, 0, 1], "tail": 0}
{"N": 5, "decoder": 5, "fibre": 5, "kind": "state", "m": 3, "next": [1, 1, 1, 1, 0], "period": 3, "recurrent_predicate": true, "state": [0, 0, 0, 0, 2], "tail": 0}
{"N": 5, "decoder": 1, "fibre": 1, "kind": "state", "m": 3, "next": [1, 1, 1, 2, 1], "period": 3, "recurrent_predicate": true, "state": [0, 0, 0, 1, 0], "tail": 0}
{"N": 5, "decoder": 1, "fibre": 1, "kind": "state", "m": 3, "next": [0, 0, 0, 0, 0], "period": 3, "recurrent_predicate": false, "state": [0, 0, 0, 1, 1], "tail": 1}
{"N": 5, "decoder": 0, "fibre": 0, "kind": "state", "m": 3, "next": [0, 0, 0, 2, 0], "period": 3, "recurrent_predicate": false, "state": [0, 0, 0, 1, 2], "tail": 1}
{"N": 5, "decoder": 5, "fibre": 5, "kind": "state", "m": 3, "next": [1, 1, 1, 0, 1], "period": 3, "recurrent_predicate": true, "state": [0, 0, 0, 2, 0], "tail": 0}
{"N": 5, "decoder": 0, "fibre": 0, "kind": "state", "m": 3, "next": [0, 0, 0, 0, 2], "period": 3, "recurrent_predicate": false, "state": [0, 0, 0, 2, 1], "tail": 1}
{"N": 5, "decoder": 3, "fibre": 3, "kind": "state", "m": 3, "next": [0, 0, 0, 1, 1], "period": 3, "recurrent_predicate": false, "state": [0, 0, 0, 2, 2], "tail": 2}
{"N": 5, "decoder": 1, "fibre": 1, "kind": "state", "m": 3, "next": [1, 1, 2, 1, 1], "period": 3, "recurrent_predicate": true, "state": [0, 0, 1, 0, 0], "tail": 0}
{"N": 5, "decoder": 1, "fibre": 1, "kind": "state", "m": 3, "next": [0, 0, 0, 0, 0], "period": 3, "recurrent_predicate": false, "state": [0, 0, 1, 0, 1], "tail": 1}
{"N": 5, "decoder": 0, "fibre": 0, "kind": "state", "m": 3, "next": [0, 0, 2, 0, 0], "period": 3, "recurrent_predicate": false, "state": [0, 0, 1, 0, 2], "tail": 1}
{"N": 5, "decoder": 1, "fibre": 1, "kind": "state", "m": 3, "next": [0, 0, 0, 0, 0], "period": 3, "recurrent_predicate": false, "state": [0, 0, 1, 1, 0], "tail": 1}
{"N": 5, "decoder": 3, "fibre": 3, "kind": "state", "m": 3, "next": [2, 2, 1, 1, 1], "period": 3, "recurrent_predicate": false, "state": [0, 0, 1, 1, 1], "tail": 2}
{"N": 5, "decoder": 0, "fibre": 0, "kind": "state", "m": 3, "next": [2, 2, 0, 0, 0], "period": 3, "recurrent_predicate": false, "state": [0, 0, 1, 1, 2], "tail": 3}
{"N": 5, "decoder": 0, "fibre": 0, "kind": "state", "m": 3, "next": [0, 0, 2, 0, 0], "period": 3, "recurrent_predicate": false, "state": [0, 0, 1, 2, 0], "tail": 1}
{"N": 5, "decoder": 0, "fibre": 0, "kind": "state", "m": 3, "next": [2, 2, 0, 0, 0], "period": 3, "recurrent_predicate": false, "state": [0, 0, 1, 2, 1], "tail": 3}
{"N": 5, "decoder": 0, "fibre": 0, "kind": "state", "m": 3, "next": [2, 2, 2, 1, 1], "period": 3, "recurrent_predicate": false, "state": [0, 0, 1, 2, 2], "tail": 3}
{"N": 5, "decoder": 5, "fibre": 5, "kind": "state", "m": 3, "next": [1, 1, 0, 1, 1], "period": 3, "recurrent_predicate": true, "state": [0, 0, 2, 0, 0], "tail": 0}
{"N": 5, "decoder": 0, "fibre": 0, "kind": "state", "m": 3, "next": [0, 0, 0, 0, 2], "period": 3, "recurrent_predicate": false, "state": [0, 0, 2, 0, 1], "tail": 1}
{"N": 5, "decoder": 3, "fibre": 3, "kind": "state", "m": 3, "next": [0, 0, 1, 0, 1], "period": 3, "recurrent_predicate": false, "state": [0, 0, 2, 0, 2], "tail": 2}
{"N": 5, "decoder": 0, "fibre": 0, "kind": "state", "m": 3, "next": [0, 0, 0, 2, 0], "period": 3, "recurrent_predicate": false, "state": [0, 0, 2, 1, 0], "tail": 1}
{"N": 5, "decoder": 0, "fibre": 0, "kind": "state", "m": 3, "next": [2, 2, 0, 0, 0], "period": 3, "recurrent_predicate": false, "state": [0, 0, 2, 1, 1], "tail": 3}
{"N": 5, "decoder": 0, "fibre": 0, "kind": "state", "m": 3, "next": [2, 2, 1, 2, 1], "period": 3, "recurrent_predicate": false, "state": [0, 0, 2, 1, 2], "tail": 3}
{"N": 5, "decoder": 3, "fibre": 3, "kind": "state", "m": 3, "next": [0, 0, 1, 1, 0], "period": 3, "recurrent_predicate": false, "state": [0, 0, 2, 2, 0], "tail": 2}
{"N": 5, "decoder": 0, "fibre": 0, "kind": "state", "m": 3, "next": [2, 2, 1, 1, 2], "period": 3, "recurrent_predicate": false, "state": [0, 0, 2, 2, 1], "tail": 3}
{"N": 5, "decoder": 1, "fibre": 1, "kind": "state", "m": 3, "next": [2, 2, 2, 2, 2], "period": 3, "recurrent_predicate": false, "state": [0, 0, 2, 2, 2], "tail": 1}
{"N": 5, "decoder": 1, "fibre": 1, "kind": "state", "m": 3, "next": [1, 2, 1, 1, 1], "period": 3, "recurrent_predicate": true, "state": [0, 1, 0, 0, 0], "tail": 0}
{"N": 5, "decoder": 1, "fibre": 1, "kind": "state", "m": 3, "next": [0, 0, 0, 0, 0], "period": 3, "recurrent_predicate": false, "state": [0, 1, 0, 0, 1], "tail": 1}
{"N": 5, "decoder": 0, "fibre": 0, "kind": "state", "m": 3, "next": [0, 2, 0, 0, 0], "period": 3, "recurrent_predicate": false, "state": [0, 1, 0, 0, 2], "tail": 1}
{"N": 5, "decoder": 1, "fibre": 1, "kind": "state", "m": 3, "next": [0, 0, 0, 0, 0], "period": 3, "recurrent_predicate": false, "state": [0, 1, 0, 1, 0], "tail": 1}
{"N": 5, "decoder": 3, "fibre": 3, "kind": "state", "m": 3, "next": [2, 1, 2, 1, 1], "period": 3, "recurrent_predicate": false, "state": [0, 1, 0, 1, 1], "tail": 2}
{"N": 5, "decoder": 0, "fibre": 0, "kind": "state", "m": 3, "next": [2, 0, 2, 0, 0], "period": 3, "recurrent_predicate": false, "state": [0, 1, 0, 1, 2], "tail": 3}
{"N": 5, "decoder": 0, "fibre": 0, "kind": "state", "m": 3, "next": [0, 2, 0, 0, 0], "period": 3, "recurrent_predicate": false, "state": [0, 1, 0, 2, 0], "tail": 1}
{"N": 5, "decoder": 0, "fibre": 0, "kind": "state", "m": 3, "next": [2, 0, 2, 0, 0], "period": 3, "recurrent_predicate": false, "state": [0, 1, 0, 2, 1], "tail": 3}
{"N": 5, "decoder": 0, "fibre": 0, "kind": "state", "m": 3, "next": [2, 2, 2, 1, 1], "period": 3, "recurrent_predicate": false, "state": [0, 1, 0, 2, 2], "tail": 3}
{"N": 5, "decoder": 1, "fibre": 1, "kind": "state", "m": 3, "next": [0, 0, 0, 0, 0], "period": 3, "recurrent_predicate": false, "state": [0, 1, 1, 0, 0], "tail": 1}
{"N": 5, "decoder": 3, "fibre": 3, "kind": "state", "m": 3, "next": [2, 1, 1, 2, 1], "period": 3, "recurrent_predicate": false, "state": [0, 1, 1, 0, 1], "tail": 2}
{"N": 5, "decoder": 0, "fibre": 0, "kind": "state", "m": 3, "next": [2, 0, 0, 2, 0], "period": 3, "recurrent_predicate": false, "state": [0, 1, 1, 0, 2], "tail": 3}
{"N": 5, "decoder": 3, "fibre": 3, "kind": "state", "m": 3, "next": [2, 1, 1, 1, 2], "period": 3, "recurrent_predicate": false, "state": [0, 1, 1, 1, 0], "tail": 2}
{"N": 5, "decoder": 5, "fibre": 5, "kind": "state", "m": 3, "next": [1, 2, 2, 2, 2], "period": 3, "recurrent_predicate": true, "state": [0, 1, 1, 1, 1], "tail": 0}
{"N": 5, "decoder": 0, "fibre": 0, "kind": "state", "m": 3, "next": [1, 1, 1, 1, 0], "period": 3, "recurrent_predicate": false, "state": [0, 1, 1, 1, 2], "tail": 1}
{"N": 5, "decoder": 0, "fibre": 0, "kind": "state", "m": 3, "next": [2, 0, 0, 0, 2], "period": 3, "recurrent_predicate": false, "state": [0, 1, 1, 2, 0], "tail": 3}
{"N": 5, "decoder": 0, "fibre": 0, "kind": "state", "m": 3, "next": [1, 1, 1, 0, 1], "period": 3, "recurrent_predicate": false, "state": [0, 1, 1, 2, 1], "tail": 1}
{"N": 5, "decoder": 0, "fibre": 0, "kind": "state", "m": 3, "next": [1, 0, 0, 1, 1], "period": 3, "recurrent_predicate": false, "state": [0, 1, 1, 2, 2], "tail": 3}
{"N": 5, "decoder": 0, "fibre": 0, "kind": "state", "m": 3, "next": [0, 2, 0, 0, 0], "period": 3, "recurrent_predicate": false, "state": [0, 1, 2, 0, 0], "tail": 1}
{"N": 5, "decoder": 0, "fibre": 0, "kind": "state", "m": 3, "next": [2, 0, 0, 2, 0], "period": 3, "recurrent_predicate": false, "state": [0, 1, 2, 0, 1], "tail": 3}
{"N": 5, "decoder": 0, "fibre": 0, "kind": "state", "m": 3, "next": [2, 2, 1, 2, 1], "period": 3, "recurrent_predicate": false, "state": [0, 1, 2, 0, 2], "tail": 3}
{"N": 5, "decoder": 0, "fibre": 0, "kind": "state", "m": 3, "next": [2, 0, 0, 0, 2], "period": 3, "recurrent_predicate": false, "state": [0, 1, 2, 1, 0], "tail": 3}
{"N": 5, "decoder": 0, "fibre": 0, "kind": "state", "m": 3, "next": [1, 1, 0, 1, 1], "period": 3, "recurrent_predicate": false, "state": [0, 1, 2, 1, 1], "tail": 1}
{"N": 5, "decoder": 0, "fibre": 0, "kind": "state", "m": 3, "next": [1, 0, 1, 0, 1], "period": 3, "recurrent_predicate": false, "state": [0, 1, 2, 1, 2], "tail": 3}
{"N": 5, "decoder": 0, "fibre": 0, "kind": "state", "m": 3, "next": [2, 2, 1, 1, 2], "period": 3, "recurrent_predicate": false, "state": [0, 1, 2, 2, 0], "tail": 3}
{"N": 5, "decoder": 0, "fibre": 0, "kind": "state", "m": 3, "next": [1, 0, 1, 1, 0], "period": 3, "recurrent_predicate": false, "state": [0, 1, 2, 2, 1], "tail": 3}
{"N": 5, "decoder": 0, "fibre": 0, "kind": "state", "m": 3, "next": [1, 2, 2, 2, 2], "period": 3, "recurrent_predicate": false, "state": [0, 1, 2, 2, 2], "tail": 1}
{"N": 5, "decoder": 5, "fibre": 5, "kind": "state", "m": 3, "next": [1, 0, 1, 1, 1], "period": 3, "recurrent_predicate": true, "state": [0, 2, 0, 0, 0], "tail": 0}
{"N": 5, "decoder": 0, "fibre": 0, "kind": "state", "m": 3, "next": [0, 0, 0, 0, 2], "period": 3, "recurrent_predicate": false, "state": [0, 2, 0, 0, 1], "tail": 1}
{"N": 5, "decoder": 3, "fibre": 3, "kind": "state", "m": 3, "next": [0, 1, 0, 0, 1], "period": 3, "recurrent_predicate": false, "state": [0, 2, 0, 0, 2], "tail": 2}
{"N": 5, "decoder": 0, "fibre": 0, "kind": "state", "m": 3, "next": [0, 0, 0, 2, 0], "period": 3, "recurrent_predicate": false, "state": [0, 2, 0, 1, 0], "tail": 1}
{"N": 5, "decoder": 0, "fibre": 0, "kind": "state", "m": 3, "next": [2, 0, 2, 0, 0], "period": 3, "recurrent_predicate": false, "state": [0, 2, 0, 1, 1], "tail": 3}
{"N": 5, "decoder": 0, "fibre": 0, "kind": "state", "m": 3, "next": [2, 1, 2, 2, 1], "period": 3, "recurrent_predicate": false, "state": [0, 2, 0, 1, 2], "tail": 3}
{"N": 5, "decoder": 3, "fibre": 3, "kind": "state", "m": 3, "next": [0, 1, 0, 1, 0], "period": 3, "recurrent_predicate": false, "state": [0, 2, 0, 2, 0], "tail": 2}
{"N": 5, "decoder": 0, "fibre": 0, "kind": "state", "m": 3, "next": [2, 1, 2, 1, 2], "period": 3, "recurrent_predicate": false, "state": [0, 2, 0, 2, 1], "tail": 3}
{"N": 5, "decoder": 1, "fibre": 1, "kind": "state", "m": 3, "next": [2, 2, 2, 2, 2], "period": 3, "recurrent_predicate": false, "state": [0, 2, 0, 2, 2], "tail": 1}
{"N": 5, "decoder": 0, "fibre": 0, "kind": "state", "m": 3, "next": [0, 0, 2, 0, 0], "period": 3, "recurrent_predicate": false, "state": [0, 2, 1, 0, 0], "tail": 1}
{"N": 5, "decoder": 0, "fibre": 0, "kind": "state", "m": 3, "next": [2, 0, 0, 2, 0], "period": 3, "recurrent_predicate": false, "state": [0, 2, 1, 0, 1], "tail": 3}
{"N": 5, "decoder": 0, "fibre": 0, "kind": "state", "m": 3, "next": [2, 1, 2, 2, 1], "period": 3, "recurrent_predicate": false, "state": [0, 2, 1, 0, 2], "tail": 3}
{"N": 5, "decoder": 0, "fibre": 0, "kind": "state", "m": 3, "next": [2, 0, 0, 0, 2], "period": 3, "recurrent_predicate": false, "state": [0, 2, 1, 1, 0], "tail": 3}
{"N": 5, "decoder": 0, "fibre": 0, "kind": "state", "m": 3, "next": [1, 0, 1, 1, 1], "period": 3, "recurrent_predicate": false, "state": [0, 2, 1, 1, 1], "tail": 1}
{"N": 5, "decoder": 0, "fibre": 0, "kind": "state", "m": 3, "next": [1, 1, 0, 0, 1], "period": 3, "recurrent_predicate": false, "state": [0, 2, 1, 1, 2], "tail": 3}
{"N": 5, "decoder": 0, "fibre": 0, "kind": "state", "m": 3, "next": [2, 1, 2, 1, 2], "period": 3, "recurrent_predicate": false, "state": [0, 2, 1, 2, 0], "tail": 3}
{"N": 5, "decoder": 0, "fibre": 0, "kind": "state", "m": 3, "next": [1, 1, 0, 1, 0], "period": 3, "recurrent_predicate": false, "state": [0, 2, 1, 2, 1], "tail": 3}
{"N": 5, "decoder": 0, "fibre": 0, "kind": "state", "m": 3, "next": [1, 2, 2, 2, 2], "period": 3, "recurrent_predicate": false, "state": [0, 2, 1, 2, 2], "tail": 1}
{"N": 5, "decoder": 3, "fibre": 3, "kind": "state", "m": 3, "next": [0, 1, 1, 0, 0], "period": 3, "recurrent_predicate": false, "state": [0, 2, 2, 0, 0], "tail": 2}
{"N": 5, "decoder": 0, "fibre": 0, "kind": "state", "m": 3, "next": [2, 1, 1, 2, 2], "period": 3, "recurrent_predicate": false, "state": [0, 2, 2, 0, 1], "tail": 3}
{"N": 5, "decoder": 1, "fibre": 1, "kind": "state", "m": 3, "next": [2, 2, 2, 2, 2], "period": 3, "recurrent_predicate": false, "state": [0, 2, 2, 0, 2], "tail": 1}
{"N": 5, "decoder": 0, "fibre": 0, "kind": "state", "m": 3, "next": [2, 1, 1, 2, 2], "period": 3, "recurrent_predicate": false, "state": [0, 2, 2, 1, 0], "tail": 3}
{"N": 5, "decoder": 0, "fibre": 0, "kind": "state", "m": 3, "next": [1, 1, 1, 0, 0], "period": 3, "recurrent_predicate": false, "state": [0, 2, 2, 1, 1], "tail": 3}
{"N": 5, "decoder": 0, "fibre": 0, "kind": "state", "m": 3, "next": [1, 2, 2, 2, 2], "period": 3, "recurrent_predicate": false, "state": [0, 2, 2, 1, 2], "tail": 1}
{"N": 5, "decoder": 1, "fibre": 1, "kind": "state", "m": 3, "next": [2, 2, 2, 2, 2], "period": 3, "recurrent_predicate": false, "state": [0, 2, 2, 2, 0], "tail": 1}
{"N": 5, "decoder": 0, "fibre": 0, "kind": "state", "m": 3, "next": [1, 2, 2, 2, 2], "period": 3, "recurrent_predicate": false, "state": [0, 2, 2, 2, 1], "tail": 1}
{"N": 5, "decoder": 1, "fibre": 1, "kind": "state", "m": 3, "next": [1, 0, 0, 0, 0], "period": 3, "recurrent_predicate": true, "state": [0, 2, 2, 2, 2], "tail": 0}
{"N": 5, "decoder": 1, "fibre": 1, "kind": "state", "m": 3, "next": [2, 1, 1, 1, 1], "period": 3, "recurrent_predicate": true, "state": [1, 0, 0, 0, 0], "tail": 0}
{"N": 5, "decoder": 1, "fibre": 1, "kind": "state", "m": 3, "next": [0, 0, 0, 0, 0], "period": 3, "recurrent_predicate": false, "state": [1, 0, 0, 0, 1], "tail": 1}
{"N": 5, "decoder": 0, "fibre": 0, "kind": "state", "m": 3, "next": [2, 0, 0, 0, 0], "period": 3, "recurrent_predicate": false, "state": [1, 0, 0, 0, 2], "tail": 1}
{"N": 5, "decoder": 1, "fibre": 1, "kind": "state", "m": 3, "next": [0, 0, 0, 0, 0], "period": 3, "recurrent_predicate": false, "state": [1, 0, 0, 1, 0], "tail": 1}
{"N": 5, "decoder": 3, "fibre": 3, "kind": "state", "m": 3, "next": [1, 2, 2, 1, 1], "period": 3, "recurrent_predicate": false, "state": [1, 0, 0, 1, 1], "tail": 2}
{"N": 5, "decoder": 0, "fibre": 0, "kind": "state", "m": 3, "next": [0, 2, 2, 0, 0], "period": 3, "recurrent_predicate": false, "state": [1, 0, 0, 1, 2], "tail": 3}
{"N": 5, "decoder": 0, "fibre": 0, "kind": "state", "m": 3, "next": [2, 0, 0, 0, 0], "period": 3, "recurrent_predicate": false, "state": [1, 0, 0, 2, 0], "tail": 1}
{"N": 5, "decoder": 0, "fibre": 0, "kind": "state", "m": 3, "next": [0, 2, 2, 0, 0], "period": 3, "recurrent_predicate": false, "state": [1, 0, 0, 2, 1], "tail": 3}
{"N": 5, "decoder": 0, "fibre": 0, "kind": "state", "m": 3, "next": [2, 2, 2, 1, 1], "period": 3, "recurrent_predicate": false, "state": [1, 0, 0, 2, 2], "tail": 3}
{"N": 5, "decoder": 1, "fibre": 1, "kind": "state", "m": 3, "next": [0, 0, 0, 0, 0], "period": 3, "recurrent_predicate": false, "state": [1, 0, 1, 0, 0], "tail": 1}
{"N": 5, "decoder": 3, "fibre": 3, "kind": "state", "m": 3, "next": [1, 2, 1, 2, 1], "period": 3, "recurrent_predicate": false, "state": [1, 0, 1, 0, 1], "tail": 2}
{"N": 5, "decoder": 0, "fibre": 0, "kind": "state", "m": 3, "next": [0, 2, 0, 2, 0], "period": 3, "recurrent_predicate": false, "state": [1, 0, 1, 0, 2], "tail": 3}
{"N": 5, "decoder": 3, "fibre": 3, "kind": "state", "m": 3, "next": [1, 2, 1, 1, 2], "period": 3, "recurrent_predicate": false, "state": [1, 0, 1, 1, 0], "tail": 2}
{"N": 5, "decoder": 5, "fibre": 5, "kind": "state", "m": 3, "next": [2, 1, 2, 2, 2], "period": 3, "recurrent_predicate": true, "state": [1, 0, 1, 1, 1], "tail": 0}
{"N": 5, "decoder": 0, "fibre": 0, "kind": "state", "m": 3, "next": [1, 1, 1, 1, 0], "period": 3, "recurrent_predicate": false, "state": [1, 0, 1, 1, 2], "tail": 1}
{"N": 5, "decoder": 0, "fibre": 0, "kind": "state", "m": 3, "next": [0, 2, 0, 0, 2], "period": 3, "recurrent_predicate": false, "state": [1, 0, 1, 2, 0], "tail": 3}
{"N": 5, "decoder": 0, "fibre": 0, "kind": "state", "m": 3, "next": [1, 1, 1, 0, 1], "period": 3, "recurrent_predicate": false, "state": [1, 0, 1, 2, 1], "tail": 1}
{"N": 5, "decoder": 0, "fibre": 0, "kind": "state", "m": 3, "next": [0, 1, 0, 1, 1], "period": 3, "recurrent_predicate": false, "state": [1, 0, 1, 2, 2], "tail": 3}
{"N": 5, "decoder": 0, "fibre": 0, "kind": "state", "m": 3, "next": [2, 0, 0, 0, 0], "period": 3, "recurrent_predicate": false, "state": [1, 0, 2, 0, 0], "tail": 1}
{"N": 5, "decoder": 0, "fibre": 0, "kind": "state", "m": 3, "next": [0, 2, 0, 2, 0], "period": 3, "recurrent_predicate": false, "state": [1, 0, 2, 0, 1], "tail": 3}
{"N": 5, "decoder": 0, "fibre": 0, "kind": "state", "m": 3, "next": [2, 2, 1, 2, 1], "period": 3, "recurrent_predicate": false, "state": [1, 0, 2, 0, 2], "tail": 3}
{"N": 5, "decoder": 0, "fibre": 0, "kind": "state", "m": 3, "next": [0, 2, 0, 0, 2], "period": 3, "recurrent_predicate": false, "state": [1, 0, 2, 1, 0], "tail": 3}
{"N": 5, "decoder": 0, "fibre": 0, "kind": "state", "m": 3, "next": [1, 1, 0, 1, 1], "period": 3, "recurrent_predicate": false, "state": [1, 0, 2, 1, 1], "tail": 1}
{"N": 5, "decoder": 0, "fibre": 0, "kind": "state", "m": 3, "next": [0, 1, 1, 0, 1], "period": 3, "recurrent_predicate": false, "state": [1, 0, 2, 1, 2], "tail": 3}
{"N": 5, "decoder": 0, "fibre": 0, "kind": "state", "m": 3, "next": [2, 2, 1, 1, 2], "period": 3, "recurrent_predicate": false, "state": [1, 0, 2, 2, 0], "tail": 3}
{"N": 5, "decoder": 0, "fibre": 0, "kind": "state", "m": 3, "next": [0, 1, 1, 1, 0], "period": 3, "recurrent_predicate": false, "state": [1, 0, 2, 2, 1], "tail": 3}
{"N": 5, "decoder": 0, "fibre": 0, "kind": "state", "m": 3, "next": [2, 1, 2, 2, 2], "period": 3, "recurrent_predicate": false, "state": [1, 0, 2, 2, 2], "tail": 1}
{"N": 5, "decoder": 1, "fibre": 1, "kind": "state", "m": 3, "next": [0, 0, 0, 0, 0], "period": 3, "recurrent_predicate": false, "state": [1, 1, 0, 0, 0], "tail": 1}
{"N": 5, "decoder": 3, "fibre": 3, "kind": "state", "m": 3, "next": [1, 1, 2, 2, 1], "period": 3, "recurrent_predicate": false, "state": [1, 1, 0, 0, 1], "tail": 2}
{"N": 5, "decoder": 0, "fibre": 0, "kind": "state", "m": 3, "next": [0, 0, 2, 2, 0], "period": 3, "recurrent_predicate": false, "state": [1, 1, 0, 0, 2], "tail": 3}
{"N": 5, "decoder": 3, "fibre": 3, "kind": "state", "m": 3, "next": [1, 1, 2, 1, 2], "period": 3, "recurrent_predicate": false, "state": [1, 1, 0, 1, 0], "tail": 2}
{"N": 5, "decoder": 5, "fibre": 5, "kind": "state", "m": 3, "next": [2, 2, 1, 2, 2], "period": 3, "recurrent_predicate": true, "state": [1, 1, 0, 1, 1], "tail": 0}
{"N": 5, "decoder": 0, "fibre": 0, "kind": "state", "m": 3, "next": [1, 1, 1, 1, 0], "period": 3, "recurrent_predicate": false, "state": [1, 1, 0, 1, 2], "tail": 1}
{"N": 5, "decoder": 0, "fibre": 0, "kind": "state", "m": 3, "next": [0, 0, 2, 0, 2], "period": 3, "recurrent_predicate": false, "state": [1, 1, 0, 2, 0], "tail": 3}
{"N": 5, "decoder": 0, "fibre": 0, "kind": "state", "m": 3, "next": [1, 1, 1, 0, 1], "period": 3, "recurrent_predicate": false, "state": [1, 1, 0, 2, 1], "tail": 1}
{"N": 5, "decoder": 0, "fibre": 0, "kind": "state", "m": 3, "next": [0, 0, 1, 1, 1], "period": 3, "recurrent_predicate": false, "state": [1, 1, 0, 2, 2], "tail": 3}
{"N": 5, "decoder": 3, "fibre": 3, "kind": "state", "m": 3, "next": [1, 1, 1, 2, 2], "period": 3, "recurrent_predicate": false, "state": [1, 1, 1, 0, 0], "tail": 2}
{"N": 5, "decoder": 5, "fibre": 5, "kind": "state", "m": 3, "next": [2, 2, 2, 1, 2], "period": 3, "recurrent_predicate": true, "state": [1, 1, 1, 0, 1], "tail": 0}
{"N": 5, "decoder": 0, "fibre": 0, "kind": "state", "m": 3, "next": [1, 1, 1, 1, 0], "period": 3, "recurrent_predicate": false, "state": [1, 1, 1, 0, 2], "tail": 1}
{"N": 5, "decoder": 5, "fibre": 5, "kind": "state", "m": 3, "next": [2, 2, 2, 2, 1], "period": 3, "recurrent_predicate": true, "state": [1, 1, 1, 1, 0], "tail": 0}
{"N": 5, "decoder": 11, "fibre": 11, "kind": "state", "m": 3, "next": [0, 0, 0, 0, 0], "period": 3, "recurrent_predicate": true, "state": [1, 1, 1, 1, 1], "tail": 0}
{"N": 5, "decoder": 1, "fibre": 1, "kind": "state", "m": 3, "next": [2, 2, 2, 2, 0], "period": 3, "recurrent_predicate": true, "state": [1, 1, 1, 1, 2], "tail": 0}
{"N": 5, "decoder": 0, "fibre": 0, "kind": "state", "m": 3, "next": [1, 1, 1, 0, 1], "period": 3, "recurrent_predicate": false, "state": [1, 1, 1, 2, 0], "tail": 1}
{"N": 5, "decoder": 1, "fibre": 1, "kind": "state", "m": 3, "next": [2, 2, 2, 0, 2], "period": 3, "recurrent_predicate": true, "state": [1, 1, 1, 2, 1], "tail": 0}
{"N": 5, "decoder": 1, "fibre": 1, "kind": "state", "m": 3, "next": [1, 1, 1, 1, 1], "period": 3, "recurrent_predicate": false, "state": [1, 1, 1, 2, 2], "tail": 1}
{"N": 5, "decoder": 0, "fibre": 0, "kind": "state", "m": 3, "next": [0, 0, 0, 2, 2], "period": 3, "recurrent_predicate": false, "state": [1, 1, 2, 0, 0], "tail": 3}
{"N": 5, "decoder": 0, "fibre": 0, "kind": "state", "m": 3, "next": [1, 1, 0, 1, 1], "period": 3, "recurrent_predicate": false, "state": [1, 1, 2, 0, 1], "tail": 1}
{"N": 5, "decoder": 0, "fibre": 0, "kind": "state", "m": 3, "next": [0, 0, 1, 1, 1], "period": 3, "recurrent_predicate": false, "state": [1, 1, 2, 0, 2], "tail": 3}
{"N": 5, "decoder": 0, "fibre": 0, "kind": "state", "m": 3, "next": [1, 1, 0, 1, 1], "period": 3, "recurrent_predicate": false, "state": [1, 1, 2, 1, 0], "tail": 1}
{"N": 5, "decoder": 1, "fibre": 1, "kind": "state", "m": 3, "next": [2, 2, 0, 2, 2], "period": 3, "recurrent_predicate": true, "state": [1, 1, 2, 1, 1], "tail": 0}
{"N": 5, "decoder": 1, "fibre": 1, "kind": "state", "m": 3, "next": [1, 1, 1, 1, 1], "period": 3, "recurrent_predicate": false, "state": [1, 1, 2, 1, 2], "tail": 1}
{"N": 5, "decoder": 0, "fibre": 0, "kind": "state", "m": 3, "next": [0, 0, 1, 1, 1], "period": 3, "recurrent_predicate": false, "state": [1, 1, 2, 2, 0], "tail": 3}
{"N": 5, "decoder": 1, "fibre": 1, "kind": "state", "m": 3, "next": [1, 1, 1, 1, 1], "period": 3, "recurrent_predicate": false, "state": [1, 1, 2, 2, 1], "tail": 1}
{"N": 5, "decoder": 3, "fibre": 3, "kind": "state", "m": 3, "next": [0, 0, 2, 2, 2], "period": 3, "recurrent_predicate": false, "state": [1, 1, 2, 2, 2], "tail": 2}
{"N": 5, "decoder": 0, "fibre": 0, "kind": "state", "m": 3, "next": [2, 0, 0, 0, 0], "period": 3, "recurrent_predicate": false, "state": [1, 2, 0, 0, 0], "tail": 1}
{"N": 5, "decoder": 0, "fibre": 0, "kind": "state", "m": 3, "next": [0, 0, 2, 2, 0], "period": 3, "recurrent_predicate": false, "state": [1, 2, 0, 0, 1], "tail": 3}
{"N": 5, "decoder": 0, "fibre": 0, "kind": "state", "m": 3, "next": [2, 1, 2, 2, 1], "period": 3, "recurrent_predicate": false, "state": [1, 2, 0, 0, 2], "tail": 3}
{"N": 5, "decoder": 0, "fibre": 0, "kind": "state", "m": 3, "next": [0, 0, 2, 0, 2], "period": 3, "recurrent_predicate": false, "state": [1, 2, 0, 1, 0], "tail": 3}
{"N": 5, "decoder": 0, "fibre": 0, "kind": "state", "m": 3, "next": [1, 0, 1, 1, 1], "period": 3, "recurrent_predicate": false, "state": [1, 2, 0, 1, 1], "tail": 1}
{"N": 5, "decoder": 0, "fibre": 0, "kind": "state", "m": 3, "next": [0, 1, 1, 0, 1], "period": 3, "recurrent_predicate": false, "state": [1, 2, 0, 1, 2], "tail": 3}
{"N": 5, "decoder": 0, "fibre": 0, "kind": "state", "m": 3, "next": [2, 1, 2, 1, 2], "period": 3, "recurrent_predicate": false, "state": [1, 2, 0, 2, 0], "tail": 3}
{"N": 5, "decoder": 0, "fibre": 0, "kind": "state", "m": 3, "next": [0, 1, 1, 1, 0], "period": 3, "recurrent_predicate": false, "state": [1, 2, 0, 2, 1], "tail": 3}
{"N": 5, "decoder": 0, "fibre": 0, "kind": "state", "m": 3, "next": [2, 2, 1, 2, 2], "period": 3, "recurrent_predicate": false, "state": [1, 2, 0, 2, 2], "tail": 1}
{"N": 5, "decoder": 0, "fibre": 0, "kind": "state", "m": 3, "next": [0, 0, 0, 2, 2], "period": 3, "recurrent_predicate": false, "state": [1, 2, 1, 0, 0], "tail": 3}
{"N": 5, "decoder": 0, "fibre": 0, "kind": "state", "m": 3, "next": [1, 0, 1, 1, 1], "period": 3, "recurrent_predicate": false, "state": [1, 2, 1, 0, 1], "tail": 1}
{"N": 5, "decoder": 0, "fibre": 0, "kind": "state", "m": 3, "next": [0, 1, 0, 1, 1], "period": 3, "recurrent_predicate": false, "state": [1, 2, 1, 0, 2], "tail": 3}
{"N": 5, "decoder": 0, "fibre": 0, "kind": "state", "m": 3, "next": [1, 0, 1, 1, 1], "period": 3, "recurrent_predicate": false, "state": [1, 2, 1, 1, 0], "tail": 1}
{"N": 5, "decoder": 1, "fibre": 1, "kind": "state", "m": 3, "next": [2, 0, 2, 2, 2], "period": 3, "recurrent_predicate": true, "state": [1, 2, 1, 1, 1], "tail": 0}
{"N": 5, "decoder": 1, "fibre": 1, "kind": "state", "m": 3, "next": [1, 1, 1, 1, 1], "period": 3, "recurrent_predicate": false, "state": [1, 2, 1, 1, 2], "tail": 1}
{"N": 5, "decoder": 0, "fibre": 0, "kind": "state", "m": 3, "next": [0, 1, 0, 1, 1], "period": 3, "recurrent_predicate": false, "state": [1, 2, 1, 2, 0], "tail": 3}
{"N": 5, "decoder": 1, "fibre": 1, "kind": "state", "m": 3, "next": [1, 1, 1, 1, 1], "period": 3, "recurrent_predicate": false, "state": [1, 2, 1, 2, 1], "tail": 1}
{"N": 5, "decoder": 3, "fibre": 3, "kind": "state", "m": 3, "next": [0, 2, 0, 2, 2], "period": 3, "recurrent_predicate": false, "state": [1, 2, 1, 2, 2], "tail": 2}
{"N": 5, "decoder": 0, "fibre": 0, "kind": "state", "m": 3, "next": [2, 1, 1, 2, 2], "period": 3, "recurrent_predicate": false, "state": [1, 2, 2, 0, 0], "tail": 3}
{"N": 5, "decoder": 0, "fibre": 0, "kind": "state", "m": 3, "next": [0, 1, 1, 1, 0], "period": 3, "recurrent_predicate": false, "state": [1, 2, 2, 0, 1], "tail": 3}
{"N": 5, "decoder": 0, "fibre": 0, "kind": "state", "m": 3, "next": [2, 2, 2, 1, 2], "period": 3, "recurrent_predicate": false, "state": [1, 2, 2, 0, 2], "tail": 1}
{"N": 5, "decoder": 0, "fibre": 0, "kind": "state", "m": 3, "next": [0, 1, 1, 0, 1], "period": 3, "recurrent_predicate": false, "state": [1, 2, 2, 1, 0], "tail": 3}
{"N": 5, "decoder": 1, "fibre": 1, "kind": "state", "m": 3, "next": [1, 1, 1, 1, 1], "period": 3, "recurrent_predicate": false, "state": [1, 2, 2, 1, 1], "tail": 1}
{"N": 5, "decoder": 3, "fibre": 3, "kind": "state", "m": 3, "next": [0, 2, 2, 0, 2], "period": 3, "recurrent_predicate": false, "state": [1, 2, 2, 1, 2], "tail": 2}
{"N": 5, "decoder": 0, "fibre": 0, "kind": "state", "m": 3, "next": [2, 2, 2, 2, 1], "period": 3, "recurrent_predicate": false, "state": [1, 2, 2, 2, 0], "tail": 1}
{"N": 5, "decoder": 3, "fibre": 3, "kind": "state", "m": 3, "next": [0, 2, 2, 2, 0], "period": 3, "recurrent_predicate": false, "state": [1, 2, 2, 2, 1], "tail": 2}
{"N": 5, "decoder": 5, "fibre": 5, "kind": "state", "m": 3, "next": [2, 0, 0, 0, 0], "period": 3, "recurrent_predicate": true, "state": [1, 2, 2, 2, 2], "tail": 0}
{"N": 5, "decoder": 5, "fibre": 5, "kind": "state", "m": 3, "next": [0, 1, 1, 1, 1], "period": 3, "recurrent_predicate": true, "state": [2, 0, 0, 0, 0], "tail": 0}
{"N": 5, "decoder": 0, "fibre": 0, "kind": "state", "m": 3, "next": [0, 0, 0, 0, 2], "period": 3, "recurrent_predicate": false, "state": [2, 0, 0, 0, 1], "tail": 1}
{"N": 5, "decoder": 3, "fibre": 3, "kind": "state", "m": 3, "next": [1, 0, 0, 0, 1], "period": 3, "recurrent_predicate": false, "state": [2, 0, 0, 0, 2], "tail": 2}
{"N": 5, "decoder": 0, "fibre": 0, "kind": "state", "m": 3, "next": [0, 0, 0, 2, 0], "period": 3, "recurrent_predicate": false, "state": [2, 0, 0, 1, 0], "tail": 1}
{"N": 5, "decoder": 0, "fibre": 0, "kind": "state", "m": 3, "next": [0, 2, 2, 0, 0], "period": 3, "recurrent_predicate": false, "state": [2, 0, 0, 1, 1], "tail": 3}
{"N": 5, "decoder": 0, "fibre": 0, "kind": "state", "m": 3, "next": [1, 2, 2, 2, 1], "period": 3, "recurrent_predicate": false, "state": [2, 0, 0, 1, 2], "tail": 3}
{"N": 5, "decoder": 3, "fibre": 3, "kind": "state", "m": 3, "next": [1, 0, 0, 1, 0], "period": 3, "recurrent_predicate": false, "state": [2, 0, 0, 2, 0], "tail": 2}
{"N": 5, "decoder": 0, "fibre": 0, "kind": "state", "m": 3, "next": [1, 2, 2, 1, 2], "period": 3, "recurrent_predicate": false, "state": [2, 0, 0, 2, 1], "tail": 3}
{"N": 5, "decoder": 1, "fibre": 1, "kind": "state", "m": 3, "next": [2, 2, 2, 2, 2], "period": 3, "recurrent_predicate": false, "state": [2, 0, 0, 2, 2], "tail": 1}
{"N": 5, "decoder": 0, "fibre": 0, "kind": "state", "m": 3, "next": [0, 0, 2, 0, 0], "period": 3, "recurrent_predicate": false, "state": [2, 0, 1, 0, 0], "tail": 1}
{"N": 5, "decoder": 0, "fibre": 0, "kind": "state", "m": 3, "next": [0, 2, 0, 2, 0], "period": 3, "recurrent_predicate": false, "state": [2, 0, 1, 0, 1], "tail": 3}
{"N": 5, "decoder": 0, "fibre": 0, "kind": "state", "m": 3, "next": [1, 2, 2, 2, 1], "period": 3, "recurrent_predicate": false, "state": [2, 0, 1, 0, 2], "tail": 3}
{"N": 5, "decoder": 0, "fibre": 0, "kind": "state", "m": 3, "next": [0, 2, 0, 0, 2], "period": 3, "recurrent_predicate": false, "state": [2, 0, 1, 1, 0], "tail": 3}
{"N": 5, "decoder": 0, "fibre": 0, "kind": "state", "m": 3, "next": [0, 1, 1, 1, 1], "period": 3, "recurrent_predicate": false, "state": [2, 0, 1, 1, 1], "tail": 1}
{"N": 5, "decoder": 0, "fibre": 0, "kind": "state", "m": 3, "next": [1, 1, 0, 0, 1], "period": 3, "recurrent_predicate": false, "state": [2, 0, 1, 1, 2], "tail": 3}
{"N": 5, "decoder": 0, "fibre": 0, "kind": "state", "m": 3, "next": [1, 2, 2, 1, 2], "period": 3, "recurrent_predicate": false, "state": [2, 0, 1, 2, 0], "tail": 3}
{"N": 5, "decoder": 0, "fibre": 0, "kind": "state", "m": 3, "next": [1, 1, 0, 1, 0], "period": 3, "recurrent_predicate": false, "state": [2, 0, 1, 2, 1], "tail": 3}
{"N": 5, "decoder": 0, "fibre": 0, "kind": "state", "m": 3, "next": [2, 1, 2, 2, 2], "period": 3, "recurrent_predicate": false, "state": [2, 0, 1, 2, 2], "tail": 1}
{"N": 5, "decoder": 3, "fibre": 3, "kind": "state", "m": 3, "next": [1, 0, 1, 0, 0], "period": 3, "recurrent_predicate": false, "state": [2, 0, 2, 0, 0], "tail": 2}
{"N": 5, "decoder": 0, "fibre": 0, "kind": "state", "m": 3, "next": [1, 2, 1, 2, 2], "period": 3, "recurrent_predicate": false, "state": [2, 0, 2, 0, 1], "tail": 3}
{"N": 5, "decoder": 1, "fibre": 1, "kind": "state", "m": 3, "next": [2, 2, 2, 2, 2], "period": 3, "recurrent_predicate": false, "state": [2, 0, 2, 0, 2], "tail": 1}
{"N": 5, "decoder": 0, "fibre": 0, "kind": "state", "m": 3, "next": [1, 2, 1, 2, 2], "period": 3, "recurrent_predicate": false, "state": [2, 0, 2, 1, 0], "tail": 3}
{"N": 5, "decoder": 0, "fibre": 0, "kind": "state", "m": 3, "next": [1, 1, 1, 0, 0], "period": 3, "recurrent_predicate": false, "state": [2, 0, 2, 1, 1], "tail": 3}
{"N": 5, "decoder": 0, "fibre": 0, "kind": "state", "m": 3, "next": [2, 1, 2, 2, 2], "period": 3, "recurrent_predicate": false, "state": [2, 0, 2, 1, 2], "tail": 1}
{"N": 5, "decoder": 1, "fibre": 1, "kind": "state", "m": 3, "next": [2, 2, 2, 2, 2], "period": 3, "recurrent_predicate": false, "state": [2, 0, 2, 2, 0], "tail": 1}
{"N": 5, "decoder": 0, "fibre": 0, "kind": "state", "m": 3, "next": [2, 1, 2, 2, 2], "period": 3, "recurrent_predicate": false, "state": [2, 0, 2, 2, 1], "tail": 1}
{"N": 5, "decoder": 1, "fibre": 1, "kind": "state", "m": 3, "next": [0, 1, 0, 0, 0], "period": 3, "recurrent_predicate": true, "state": [2, 0, 2, 2, 2], "tail": 0}
{"N": 5, "decoder": 0, "fibre": 0, "kind": "state", "m": 3, "next": [0, 2, 0, 0, 0], "period": 3, "recurrent_predicate": false, "state": [2, 1, 0, 0, 0], "tail": 1}
{"N": 5, "decoder": 0, "fibre": 0, "kind": "state", "m": 3, "next": [0, 0, 2, 2, 0], "period": 3, "recurrent_predicate": false, "state": [2, 1, 0, 0, 1], "tail": 3}
{"N": 5, "decoder": 0, "fibre": 0, "kind": "state", "m": 3, "next": [1, 2, 2, 2, 1], "period": 3, "recurrent_predicate": false, "state": [2, 1, 0, 0, 2], "tail": 3}
{"N": 5, "decoder": 0, "fibre": 0, "kind": "state", "m": 3, "next": [0, 0, 2, 0, 2], "period": 3, "recurrent_predicate": false, "state": [2, 1, 0, 1, 0], "tail": 3}
{"N": 5, "decoder": 0, "fibre": 0, "kind": "state", "m": 3, "next": [0, 1, 1, 1, 1], "period": 3, "recurrent_predicate": false, "state": [2, 1, 0, 1, 1], "tail": 1}
{"N": 5, "decoder": 0, "fibre": 0, "kind": "state", "m": 3, "next": [1, 0, 1, 0, 1], "period": 3, "recurrent_predicate": false, "state": [2, 1, 0, 1, 2], "tail": 3}
{"N": 5, "decoder": 0, "fibre": 0, "kind": "state", "m": 3, "next": [1, 2, 2, 1, 2], "period": 3, "recurrent_predicate": false, "state": [2, 1, 0, 2, 0], "tail": 3}
{"N": 5, "decoder": 0, "fibre": 0, "kind": "state", "m": 3, "next": [1, 0, 1, 1, 0], "period": 3, "recurrent_predicate": false, "state": [2, 1, 0, 2, 1], "tail": 3}
{"N": 5, "decoder": 0, "fibre": 0, "kind": "state", "m": 3, "next": [2, 2, 1, 2, 2], "period": 3, "recurrent_predicate": false, "state": [2, 1, 0, 2, 2], "tail": 1}
{"N": 5, "decoder": 0, "fibre": 0, "kind": "state", "m": 3, "next": [0, 0, 0, 2, 2], "period": 3, "recurrent_predicate": false, "state": [2, 1, 1, 0, 0], "tail": 3}
{"N": 5, "decoder": 0, "fibre": 0, "kind": "state", "m": 3, "next": [0, 1, 1, 1, 1], "period": 3, "recurrent_predicate": false, "state": [2, 1, 1, 0, 1], "tail": 1}
{"N": 5, "decoder": 0, "fibre": 0, "kind": "state", "m": 3, "next": [1, 0, 0, 1, 1], "period": 3, "recurrent_predicate": false, "state": [2, 1, 1, 0, 2], "tail": 3}
{"N": 5, "decoder": 0, "fibre": 0, "kind": "state", "m": 3, "next": [0, 1, 1, 1, 1], "period": 3, "recurrent_predicate": false, "state": [2, 1, 1, 1, 0], "tail": 1}
{"N": 5, "decoder": 1, "fibre": 1, "kind": "state", "m": 3, "next": [0, 2, 2, 2, 2], "period": 3, "recurrent_predicate": true, "state": [2, 1, 1, 1, 1], "tail": 0}
{"N": 5, "decoder": 1, "fibre": 1, "kind": "state", "m": 3, "next": [1, 1, 1, 1, 1], "period": 3, "recurrent_predicate": false, "state": [2, 1, 1, 1, 2], "tail": 1}
{"N": 5, "decoder": 0, "fibre": 0, "kind": "state", "m": 3, "next": [1, 0, 0, 1, 1], "period": 3, "recurrent_predicate": false, "state": [2, 1, 1, 2, 0], "tail": 3}
{"N": 5, "decoder": 1, "fibre": 1, "kind": "state", "m": 3, "next": [1, 1, 1, 1, 1], "period": 3, "recurrent_predicate": false, "state": [2, 1, 1, 2, 1], "tail": 1}
{"N": 5, "decoder": 3, "fibre": 3, "kind": "state", "m": 3, "next": [2, 0, 0, 2, 2], "period": 3, "recurrent_predicate": false, "state": [2, 1, 1, 2, 2], "tail": 2}
{"N": 5, "decoder": 0, "fibre": 0, "kind": "state", "m": 3, "next": [1, 2, 1, 2, 2], "period": 3, "recurrent_predicate": false, "state": [2, 1, 2, 0, 0], "tail": 3}
{"N": 5, "decoder": 0, "fibre": 0, "kind": "state", "m": 3, "next": [1, 0, 1, 1, 0], "period": 3, "recurrent_predicate": false, "state": [2, 1, 2, 0, 1], "tail": 3}
{"N": 5, "decoder": 0, "fibre": 0, "kind": "state", "m": 3, "next": [2, 2, 2, 1, 2], "period": 3, "recurrent_predicate": false, "state": [2, 1, 2, 0, 2], "tail": 1}
{"N": 5, "decoder": 0, "fibre": 0, "kind": "state", "m": 3, "next": [1, 0, 1, 0, 1], "period": 3, "recurrent_predicate": false, "state": [2, 1, 2, 1, 0], "tail": 3}
{"N": 5, "decoder": 1, "fibre": 1, "kind": "state", "m": 3, "next": [1, 1, 1, 1, 1], "period": 3, "recurrent_predicate": false, "state": [2, 1, 2, 1, 1], "tail": 1}
{"N": 5, "decoder": 3, "fibre": 3, "kind": "state", "m": 3, "next": [2, 0, 2, 0, 2], "period": 3, "recurrent_predicate": false, "state": [2, 1, 2, 1, 2], "tail": 2}
{"N": 5, "decoder": 0, "fibre": 0, "kind": "state", "m": 3, "next": [2, 2, 2, 2, 1], "period": 3, "recurrent_predicate": false, "state": [2, 1, 2, 2, 0], "tail": 1}
{"N": 5, "decoder": 3, "fibre": 3, "kind": "state", "m": 3, "next": [2, 0, 2, 2, 0], "period": 3, "recurrent_predicate": false, "state": [2, 1, 2, 2, 1], "tail": 2}
{"N": 5, "decoder": 5, "fibre": 5, "kind": "state", "m": 3, "next": [0, 2, 0, 0, 0], "period": 3, "recurrent_predicate": true, "state": [2, 1, 2, 2, 2], "tail": 0}
{"N": 5, "decoder": 3, "fibre": 3, "kind": "state", "m": 3, "next": [1, 1, 0, 0, 0], "period": 3, "recurrent_predicate": false, "state": [2, 2, 0, 0, 0], "tail": 2}
{"N": 5, "decoder": 0, "fibre": 0, "kind": "state", "m": 3, "next": [1, 1, 2, 2, 2], "period": 3, "recurrent_predicate": false, "state": [2, 2, 0, 0, 1], "tail": 3}
{"N": 5, "decoder": 1, "fibre": 1, "kind": "state", "m": 3, "next": [2, 2, 2, 2, 2], "period": 3, "recurrent_predicate": false, "state": [2, 2, 0, 0, 2], "tail": 1}
{"N": 5, "decoder": 0, "fibre": 0, "kind": "state", "m": 3, "next": [1, 1, 2, 2, 2], "period": 3, "recurrent_predicate": false, "state": [2, 2, 0, 1, 0], "tail": 3}
{"N": 5, "decoder": 0, "fibre": 0, "kind": "state", "m": 3, "next": [1, 1, 1, 0, 0], "period": 3, "recurrent_predicate": false, "state": [2, 2, 0, 1, 1], "tail": 3}
{"N": 5, "decoder": 0, "fibre": 0, "kind": "state", "m": 3, "next": [2, 2, 1, 2, 2], "period": 3, "recurrent_predicate": false, "state": [2, 2, 0, 1, 2], "tail": 1}
{"N": 5, "decoder": 1, "fibre": 1, "kind": "state", "m": 3, "next": [2, 2, 2, 2, 2], "period": 3, "recurrent_predicate": false, "state": [2, 2, 0, 2, 0], "tail": 1}
{"N": 5, "decoder": 0, "fibre": 0, "kind": "state", "m": 3, "next": [2, 2, 1, 2, 2], "period": 3, "recurrent_predicate": false, "state": [2, 2, 0, 2, 1], "tail": 1}
{"N": 5, "decoder": 1, "fibre": 1, "kind": "state", "m": 3, "next": [0, 0, 1, 0, 0], "period": 3, "recurrent_predicate": true, "state": [2, 2, 0, 2, 2], "tail": 0}
{"N": 5, "decoder": 0, "fibre": 0, "kind": "state", "m": 3, "next": [1, 1, 2, 2, 2], "period": 3, "recurrent_predicate": false, "state": [2, 2, 1, 0, 0], "tail": 3}
{"N": 5, "decoder": 0, "fibre": 0, "kind": "state", "m": 3, "next": [1, 1, 0, 1, 0], "period": 3, "recurrent_predicate": false, "state": [2, 2, 1, 0, 1], "tail": 3}
{"N": 5, "decoder": 0, "fibre": 0, "kind": "state", "m": 3, "next": [2, 2, 2, 1, 2], "period": 3, "recurrent_predicate": false, "state": [2, 2, 1, 0, 2], "tail": 1}
{"N": 5, "decoder": 0, "fibre": 0, "kind": "state", "m": 3, "next": [1, 1, 0, 0, 1], "period": 3, "recurrent_predicate": false, "state": [2, 2, 1, 1, 0], "tail": 3}
{"N": 5, "decoder": 1, "fibre": 1, "kind": "state", "m": 3, "next": [1, 1, 1, 1, 1], "period": 3, "recurrent_predicate": false, "state": [2, 2, 1, 1, 1], "tail": 1}
{"N": 5, "decoder": 3, "fibre": 3, "kind": "state", "m": 3, "next": [2, 2, 0, 0, 2], "period": 3, "recurrent_predicate": false, "state": [2, 2, 1, 1, 2], "tail": 2}
{"N": 5, "decoder": 0, "fibre": 0, "kind": "state", "m": 3, "next": [2, 2, 2, 2, 1], "period": 3, "recurrent_predicate": false, "state": [2, 2, 1, 2, 0], "tail": 1}
{"N": 5, "decoder": 3, "fibre": 3, "kind": "state", "m": 3, "next": [2, 2, 0, 2, 0], "period": 3, "recurrent_predicate": false, "state": [2, 2, 1, 2, 1], "tail": 2}
{"N": 5, "decoder": 5, "fibre": 5, "kind": "state", "m": 3, "next": [0, 0, 2, 0, 0], "period": 3, "recurrent_predicate": true, "state": [2, 2, 1, 2, 2], "tail": 0}
{"N": 5, "decoder": 1, "fibre": 1, "kind": "state", "m": 3, "next": [2, 2, 2, 2, 2], "period": 3, "recurrent_predicate": false, "state": [2, 2, 2, 0, 0], "tail": 1}
{"N": 5, "decoder": 0, "fibre": 0, "kind": "state", "m": 3, "next": [2, 2, 2, 1, 2], "period": 3, "recurrent_predicate": false, "state": [2, 2, 2, 0, 1], "tail": 1}
{"N": 5, "decoder": 1, "fibre": 1, "kind": "state", "m": 3, "next": [0, 0, 0, 1, 0], "period": 3, "recurrent_predicate": true, "state": [2, 2, 2, 0, 2], "tail": 0}
{"N": 5, "decoder": 0, "fibre": 0, "kind": "state", "m": 3, "next": [2, 2, 2, 2, 1], "period": 3, "recurrent_predicate": false, "state": [2, 2, 2, 1, 0], "tail": 1}
{"N": 5, "decoder": 3, "fibre": 3, "kind": "state", "m": 3, "next": [2, 2, 2, 0, 0], "period": 3, "recurrent_predicate": false, "state": [2, 2, 2, 1, 1], "tail": 2}
{"N": 5, "decoder": 5, "fibre": 5, "kind": "state", "m": 3, "next": [0, 0, 0, 2, 0], "period": 3, "recurrent_predicate": true, "state": [2, 2, 2, 1, 2], "tail": 0}
{"N": 5, "decoder": 1, "fibre": 1, "kind": "state", "m": 3, "next": [0, 0, 0, 0, 1], "period": 3, "recurrent_predicate": true, "state": [2, 2, 2, 2, 0], "tail": 0}
{"N": 5, "decoder": 5, "fibre": 5, "kind": "state", "m": 3, "next": [0, 0, 0, 0, 2], "period": 3, "recurrent_predicate": true, "state": [2, 2, 2, 2, 1], "tail": 0}
{"N": 5, "decoder": 11, "fibre": 11, "kind": "state", "m": 3, "next": [1, 1, 1, 1, 1], "period": 3, "recurrent_predicate": true, "state": [2, 2, 2, 2, 2], "tail": 0}
{"N": 0, "decoder": 1, "fibre": 1, "kind": "state", "m": 4, "next": [], "period": 1, "recurrent_predicate": true, "state": [], "tail": 0}
{"N": 1, "decoder": 1, "fibre": 1, "kind": "state", "m": 4, "next": [1], "period": 4, "recurrent_predicate": true, "state": [0], "tail": 0}
{"N": 1, "decoder": 1, "fibre": 1, "kind": "state", "m": 4, "next": [2], "period": 4, "recurrent_predicate": true, "state": [1], "tail": 0}
{"N": 1, "decoder": 1, "fibre": 1, "kind": "state", "m": 4, "next": [3], "period": 4, "recurrent_predicate": true, "state": [2], "tail": 0}
{"N": 1, "decoder": 1, "fibre": 1, "kind": "state", "m": 4, "next": [0], "period": 4, "recurrent_predicate": true, "state": [3], "tail": 0}
{"N": 2, "decoder": 1, "fibre": 1, "kind": "state", "m": 4, "next": [2, 2], "period": 2, "recurrent_predicate": true, "state": [0, 0], "tail": 0}
{"N": 2, "decoder": 1, "fibre": 1, "kind": "state", "m": 4, "next": [1, 2], "period": 4, "recurrent_predicate": true, "state": [0, 1], "tail": 0}
{"N": 2, "decoder": 1, "fibre": 1, "kind": "state", "m": 4, "next": [1, 3], "period": 4, "recurrent_predicate": true, "state": [0, 2], "tail": 0}
{"N": 2, "decoder": 1, "fibre": 1, "kind": "state", "m": 4, "next": [1, 0], "period": 4, "recurrent_predicate": true, "state": [0, 3], "tail": 0}
{"N": 2, "decoder": 1, "fibre": 1, "kind": "state", "m": 4, "next": [2, 1], "period": 4, "recurrent_predicate": true, "state": [1, 0], "tail": 0}
{"N": 2, "decoder": 1, "fibre": 1, "kind": "state", "m": 4, "next": [3, 3], "period": 2, "recurrent_predicate": true, "state": [1, 1], "tail": 0}
{"N": 2, "decoder": 1, "fibre": 1, "kind": "state", "m": 4, "next": [2, 3], "period": 4, "recurrent_predicate": true, "state": [1, 2], "tail": 0}
{"N": 2, "decoder": 1, "fibre": 1, "kind": "state", "m": 4, "next": [2, 0], "period": 4, "recurrent_predicate": true, "state": [1, 3], "tail": 0}
{"N": 2, "decoder": 1, "fibre": 1, "kind": "state", "m": 4, "next": [3, 1], "period": 4, "recurrent_predicate": true, "state": [2, 0], "tail": 0}
{"N": 2, "decoder": 1, "fibre": 1, "kind": "state", "m": 4, "next": [3, 2], "period": 4, "recurrent_predicate": true, "state": [2, 1], "tail": 0}
{"N": 2, "decoder": 1, "fibre": 1, "kind": "state", "m": 4, "next": [0, 0], "period": 2, "recurrent_predicate": true, "state": [2, 2], "tail": 0}
{"N": 2, "decoder": 1, "fibre": 1, "kind": "state", "m": 4, "next": [3, 0], "period": 4, "recurrent_predicate": true, "state": [2, 3], "tail": 0}
{"N": 2, "decoder": 1, "fibre": 1, "kind": "state", "m": 4, "next": [0, 1], "period": 4, "recurrent_predicate": true, "state": [3, 0], "tail": 0}
{"N": 2, "decoder": 1, "fibre": 1, "kind": "state", "m": 4, "next": [0, 2], "period": 4, "recurrent_predicate": true, "state": [3, 1], "tail": 0}
{"N": 2, "decoder": 1, "fibre": 1, "kind": "state", "m": 4, "next": [0, 3], "period": 4, "recurrent_predicate": true, "state": [3, 2], "tail": 0}
{"N": 2, "decoder": 1, "fibre": 1, "kind": "state", "m": 4, "next": [1, 1], "period": 2, "recurrent_predicate": true, "state": [3, 3], "tail": 0}
{"N": 3, "decoder": 4, "fibre": 4, "kind": "state", "m": 4, "next": [3, 3, 3], "period": 4, "recurrent_predicate": true, "state": [0, 0, 0], "tail": 0}
{"N": 3, "decoder": 1, "fibre": 1, "kind": "state", "m": 4, "next": [2, 2, 2], "period": 4, "recurrent_predicate": false, "state": [0, 0, 1], "tail": 1}
{"N": 3, "decoder": 1, "fibre": 1, "kind": "state", "m": 4, "next": [2, 2, 3], "period": 4, "recurrent_predicate": false, "state": [0, 0, 2], "tail": 2}
{"N": 3, "decoder": 0, "fibre": 0, "kind": "state", "m": 4, "next": [2, 2, 0], "period": 4, "recurrent_predicate": false, "state": [0, 0, 3], "tail": 3}
{"N": 3, "decoder": 1, "fibre": 1, "kind": "state", "m": 4, "next": [2, 2, 2], "period": 4, "recurrent_predicate": false, "state": [0, 1, 0], "tail": 1}
{"N": 3, "decoder": 0, "fibre": 0, "kind": "state", "m": 4, "next": [1, 3, 3], "period": 4, "recurrent_predicate": false, "state": [0, 1, 1], "tail": 3}
{"N": 3, "decoder": 1, "fibre": 1, "kind": "state", "m": 4, "next": [1, 2, 3], "period": 4, "recurrent_predicate": true, "state": [0, 1, 2], "tail": 0}
{"N": 3, "decoder": 1, "fibre": 1, "kind": "state", "m": 4, "next": [1, 2, 0], "period": 4, "recurrent_predicate": true, "state": [0, 1, 3], "tail": 0}
{"N": 3, "decoder": 1, "fibre": 1, "kind": "state", "m": 4, "next": [2, 3, 2], "period": 4, "recurrent_predicate": false, "state": [0, 2, 0], "tail": 2}
{"N": 3, "decoder": 1, "fibre": 1, "kind": "state", "m": 4, "next": [1, 3, 2], "period": 4, "recurrent_predicate": true, "state": [0, 2, 1], "tail": 0}
{"N": 3, "decoder": 1, "fibre": 1, "kind": "state", "m": 4, "next": [1, 0, 0], "period": 4, "recurrent_predicate": false, "state": [0, 2, 2], "tail": 2}
{"N": 3, "decoder": 1, "fibre": 1, "kind": "state", "m": 4, "next": [1, 3, 0], "period": 4, "recurrent_predicate": true, "state": [0, 2, 3], "tail": 0}
{"N": 3, "decoder": 0, "fibre": 0, "kind": "state", "m": 4, "next": [2, 0, 2], "period": 4, "recurrent_predicate": false, "state": [0, 3, 0], "tail": 3}
{"N": 3, "decoder": 1, "fibre": 1, "kind": "state", "m": 4, "next": [1, 0, 2], "period": 4, "recurrent_predicate": true, "state": [0, 3, 1], "tail": 0}
{"N": 3, "decoder": 1, "fibre": 1, "kind": "state", "m": 4, "next": [1, 0, 3], "period": 4, "recurrent_predicate": true, "state": [0, 3, 2], "tail": 0}
{"N": 3, "decoder": 1, "fibre": 1, "kind": "state", "m": 4, "next": [1, 1, 1], "period": 4, "recurrent_predicate": false, "state": [0, 3, 3], "tail": 1}
{"N": 3, "decoder": 1, "fibre": 1, "kind": "state", "m": 4, "next": [2, 2, 2], "period": 4, "recurrent_predicate": false, "state": [1, 0, 0], "tail": 1}
{"N": 3, "decoder": 0, "fibre": 0, "kind": "state", "m": 4, "next": [3, 1, 3], "period": 4, "recurrent_predicate": false, "state": [1, 0, 1], "tail": 3}
{"N": 3, "decoder": 1, "fibre": 1, "kind": "state", "m": 4, "next": [2, 1, 3], "period": 4, "recurrent_predicate": true, "state": [1, 0, 2], "tail": 0}
{"N": 3, "decoder": 1, "fibre": 1, "kind": "state", "m": 4, "next": [2, 1, 0], "period": 4, "recurrent_predicate": true, "state": [1, 0, 3], "tail": 0}
{"N": 3, "decoder": 0, "fibre": 0, "kind": "state", "m": 4, "next": [3, 3, 1], "period": 4, "recurrent_predicate": false, "state": [1, 1, 0], "tail": 3}
{"N": 3, "decoder": 4, "fibre": 4, "kind": "state", "m": 4, "next": [0, 0, 0], "period": 4, "recurrent_predicate": true, "state": [1, 1, 1], "tail": 0}
{"N": 3, "decoder": 1, "fibre": 1, "kind": "state", "m": 4, "next": [3, 3, 3], "period": 4, "recurrent_predicate": false, "state": [1, 1, 2], "tail": 1}
{"N": 3, "decoder": 1, "fibre": 1, "kind": "state", "m": 4, "next": [3, 3, 0], "period": 4, "recurrent_predicate": false, "state": [1, 1, 3], "tail": 2}
{"N": 3, "decoder": 1, "fibre": 1, "kind": "state", "m": 4, "next": [2, 3, 1], "period": 4, "recurrent_predicate": true, "state": [1, 2, 0], "tail": 0}
{"N": 3, "decoder": 1, "fibre": 1, "kind": "state", "m": 4, "next": [3, 3, 3], "period": 4, "recurrent_predicate": false, "state": [1, 2, 1], "tail": 1}
{"N": 3, "decoder": 0, "fibre": 0, "kind": "state", "m": 4, "next": [2, 0, 0], "period": 4, "recurrent_predicate": false, "state": [1, 2, 2], "tail": 3}
{"N": 3, "decoder": 1, "fibre": 1, "kind": "state", "m": 4, "next": [2, 3, 0], "period": 4, "recurrent_predicate": true, "state": [1, 2, 3], "tail": 0}
{"N": 3, "decoder": 1, "fibre": 1, "kind": "state", "m": 4, "next": [2, 0, 1], "period": 4, "recurrent_predicate": true, "state": [1, 3, 0], "tail": 0}
{"N": 3, "decoder": 1, "fibre": 1, "kind": "state", "m": 4, "next": [3, 0, 3], "period": 4, "recurrent_predicate": false, "state": [1, 3, 1], "tail": 2}
{"N": 3, "decoder": 1, "fibre": 1, "kind": "state", "m": 4, "next": [2, 0, 3], "period": 4, "recurrent_predicate": true, "state": [1, 3, 2], "tail": 0}
{"N": 3, "decoder": 1, "fibre": 1, "kind": "state", "m": 4, "next": [2, 1, 1], "period": 4, "recurrent_predicate": false, "state": [1, 3, 3], "tail": 2}
{"N": 3, "decoder": 1, "fibre": 1, "kind": "state", "m": 4, "next": [3, 2, 2], "period": 4, "recurrent_predicate": false, "state": [2, 0, 0], "tail": 2}
{"N": 3, "decoder": 1, "fibre": 1, "kind": "state", "m": 4, "next": [3, 1, 2], "period": 4, "recurrent_predicate": true, "state": [2, 0, 1], "tail": 0}
{"N": 3, "decoder": 1, "fibre": 1, "kind": "state", "m": 4, "next": [0, 1, 0], "period": 4, "recurrent_predicate": false, "state": [2, 0, 2], "tail": 2}
{"N": 3, "decoder": 1, "fibre": 1, "kind": "state", "m": 4, "next": [3, 1, 0], "period": 4, "recurrent_predicate": true, "state": [2, 0, 3], "tail": 0}
{"N": 3, "decoder": 1, "fibre": 1, "kind": "state", "m": 4, "next": [3, 2, 1], "period": 4, "recurrent_predicate": true, "state": [2, 1, 0], "tail": 0}
{"N": 3, "decoder": 1, "fibre": 1, "kind": "state", "m": 4, "next": [3, 3, 3], "period": 4, "recurrent_predicate": false, "state": [2, 1, 1], "tail": 1}
{"N": 3, "decoder": 0, "fibre": 0, "kind": "state", "m": 4, "next": [0, 2, 0], "period": 4, "recurrent_predicate": false, "state": [2, 1, 2], "tail": 3}
{"N": 3, "decoder": 1, "fibre": 1, "kind": "state", "m": 4, "next": [3, 2, 0], "period": 4, "recurrent_predicate": true, "state": [2, 1, 3], "tail": 0}
{"N": 3, "decoder": 1, "fibre": 1, "kind": "state", "m": 4, "next": [0, 0, 1], "period": 4, "recurrent_predicate": false, "state": [2, 2, 0], "tail": 2}
{"N": 3, "decoder": 0, "fibre": 0, "kind": "state", "m": 4, "next": [0, 0, 2], "period": 4, "recurrent_predicate": false, "state": [2, 2, 1], "tail": 3}
{"N": 3, "decoder": 4, "fibre": 4, "kind": "state", "m": 4, "next": [1, 1, 1], "period": 4, "recurrent_predicate": true, "state": [2, 2, 2], "tail": 0}
{"N": 3, "decoder": 1, "fibre": 1, "kind": "state", "m": 4, "next": [0, 0, 0], "period": 4, "recurrent_predicate": false, "state": [2, 2, 3], "tail": 1}
{"N": 3, "decoder": 1, "fibre": 1, "kind": "state", "m": 4, "next": [3, 0, 1], "period": 4, "recurrent_predicate": true, "state": [2, 3, 0], "tail": 0}
{"N": 3, "decoder": 1, "fibre": 1, "kind": "state", "m": 4, "next": [3, 0, 2], "period": 4, "recurrent_predicate": true, "state": [2, 3, 1], "tail": 0}
{"N": 3, "decoder": 1, "fibre": 1, "kind": "state", "m": 4, "next": [0, 0, 0], "period": 4, "recurrent_predicate": false, "state": [2, 3, 2], "tail": 1}
{"N": 3, "decoder": 0, "fibre": 0, "kind": "state", "m": 4, "next": [3, 1, 1], "period": 4, "recurrent_predicate": false, "state": [2, 3, 3], "tail": 3}
{"N": 3, "decoder": 0, "fibre": 0, "kind": "state", "m": 4, "next": [0, 2, 2], "period": 4, "recurrent_predicate": false, "state": [3, 0, 0], "tail": 3}
{"N": 3, "decoder": 1, "fibre": 1, "kind": "state", "m": 4, "next": [0, 1, 2], "period": 4, "recurrent_predicate": true, "state": [3, 0, 1], "tail": 0}
{"N": 3, "decoder": 1, "fibre": 1, "kind": "state", "m": 4, "next": [0, 1, 3], "period": 4, "recurrent_predicate": true, "state": [3, 0, 2], "tail": 0}
{"N": 3, "decoder": 1, "fibre": 1, "kind": "state", "m": 4, "next": [1, 1, 1], "period": 4, "recurrent_predicate": false, "state": [3, 0, 3], "tail": 1}
{"N": 3, "decoder": 1, "fibre": 1, "kind": "state", "m": 4, "next": [0, 2, 1], "period": 4, "recurrent_predicate": true, "state": [3, 1, 0], "tail": 0}
{"N": 3, "decoder": 1, "fibre": 1, "kind": "state", "m": 4, "next": [0, 3, 3], "period": 4, "recurrent_predicate": false, "state": [3, 1, 1], "tail": 2}
{"N": 3, "decoder": 1, "fibre": 1, "kind": "state", "m": 4, "next": [0, 2, 3], "period": 4, "recurrent_predicate": true, "state": [3, 1, 2], "tail": 0}
{"N": 3, "decoder": 1, "fibre": 1, "kind": "state", "m": 4, "next": [1, 2, 1], "period": 4, "recurrent_predicate": false, "state": [3, 1, 3], "tail": 2}
{"N": 3, "decoder": 1, "fibre": 1, "kind": "state", "m": 4, "next": [0, 3, 1], "period": 4, "recurrent_predicate": true, "state": [3, 2, 0], "tail": 0}
{"N": 3, "decoder": 1, "fibre": 1, "kind": "state", "m": 4, "next": [0, 3, 2], "period": 4, "recurrent_predicate": true, "state": [3, 2, 1], "tail": 0}
{"N": 3, "decoder": 1, "fibre": 1, "kind": "state", "m": 4, "next": [0, 0, 0], "period": 4, "recurrent_predicate": false, "state": [3, 2, 2], "tail": 1}
{"N": 3, "decoder": 0, "fibre": 0, "kind": "state", "m": 4, "next": [1, 3, 1], "period": 4, "recurrent_predicate": false, "state": [3, 2, 3], "tail": 3}
{"N": 3, "decoder": 1, "fibre": 1, "kind": "state", "m": 4, "next": [1, 1, 1], "period": 4, "recurrent_predicate": false, "state": [3, 3, 0], "tail": 1}
{"N": 3, "decoder": 1, "fibre": 1, "kind": "state", "m": 4, "next": [1, 1, 2], "period": 4, "recurrent_predicate": false, "state": [3, 3, 1], "tail": 2}
{"N": 3, "decoder": 0, "fibre": 0, "kind": "state", "m": 4, "next": [1, 1, 3], "period": 4, "recurrent_predicate": false, "state": [3, 3, 2], "tail": 3}
{"N": 3, "decoder": 4, "fibre": 4, "kind": "state", "m": 4, "next": [2, 2, 2], "period": 4, "recurrent_predicate": true, "state": [3, 3, 3], "tail": 0}
{"N": 4, "decoder": 5, "fibre": 5, "kind": "state", "m": 4, "next": [0, 0, 0, 0], "period": 1, "recurrent_predicate": true, "state": [0, 0, 0, 0], "tail": 0}
{"N": 4, "decoder": 4, "fibre": 4, "kind": "state", "m": 4, "next": [3, 3, 3, 2], "period": 4, "recurrent_predicate": true, "state": [0, 0, 0, 1], "tail": 0}
{"N": 4, "decoder": 3, "fibre": 3, "kind": "state", "m": 4, "next": [3, 3, 3, 3], "period": 1, "recurrent_predicate": false, "state": [0, 0, 0, 2], "tail": 1}
{"N": 4, "decoder": 1, "fibre": 1, "kind": "state", "m": 4, "next": [3, 3, 3, 0], "period": 4, "recurrent_predicate": true, "state": [0, 0, 0, 3], "tail": 0}
{"N": 4, "decoder": 4, "fibre": 4, "kind": "state", "m": 4, "next": [3, 3, 2, 3], "period": 4, "recurrent_predicate": true, "state": [0, 0, 1, 0], "tail": 0}
{"N": 4, "decoder": 1, "fibre": 1, "kind": "state", "m": 4, "next": [2, 2, 3, 3], "period": 2, "recurrent_predicate": true, "state": [0, 0, 1, 1], "tail": 0}
{"N": 4, "decoder": 1, "fibre": 1, "kind": "state", "m": 4, "next": [2, 2, 2, 3], "period": 4, "recurrent_predicate": false, "state": [0, 0, 1, 2], "tail": 1}
{"N": 4, "decoder": 0, "fibre": 0, "kind": "state", "m": 4, "next": [2, 2, 2, 0], "period": 1, "recurrent_predicate": false, "state": [0, 0, 1, 3], "tail": 2}
{"N": 4, "decoder": 3, "fibre": 3, "kind": "state", "m": 4, "next": [3, 3, 3, 3], "period": 1, "recurrent_predicate": false, "state": [0, 0, 2, 0], "tail": 1}
{"N": 4, "decoder": 1, "fibre": 1, "kind": "state", "m": 4, "next": [2, 2, 3, 2], "period": 4, "recurrent_predicate": false, "state": [0, 0, 2, 1], "tail": 1}
{"N": 4, "decoder": 1, "fibre": 1, "kind": "state", "m": 4, "next": [2, 2, 0, 0], "period": 2, "recurrent_predicate": true, "state": [0, 0, 2, 2], "tail": 0}
{"N": 4, "decoder": 0, "fibre": 0, "kind": "state", "m": 4, "next": [2, 2, 3, 0], "period": 4, "recurrent_predicate": false, "state": [0, 0, 2, 3], "tail": 2}
{"N": 4, "decoder": 1, "fibre": 1, "kind": "state", "m": 4, "next": [3, 3, 0, 3], "period": 4, "recurrent_predicate": true, "state": [0, 0, 3, 0], "tail": 0}
{"N": 4, "decoder": 0, "fibre": 0, "kind": "state", "m": 4, "next": [2, 2, 0, 2], "period": 1, "recurrent_predicate": false, "state": [0, 0, 3, 1], "tail": 2}
{"N": 4, "decoder": 0, "fibre": 0, "kind": "state", "m": 4, "next": [2, 2, 0, 3], "period": 4, "recurrent_predicate": false, "state": [0, 0, 3, 2], "tail": 2}
{"N": 4, "decoder": 1, "fibre": 1, "kind": "state", "m": 4, "next": [2, 2, 1, 1], "period": 2, "recurrent_predicate": true, "state": [0, 0, 3, 3], "tail": 0}
{"N": 4, "decoder": 4, "fibre": 4, "kind": "state", "m": 4, "next": [3, 2, 3, 3], "period": 4, "recurrent_predicate": true, "state": [0, 1, 0, 0], "tail": 0}
{"N": 4, "decoder": 1, "fibre": 1, "kind": "state", "m": 4, "next": [2, 3, 2, 3], "period": 2, "recurrent_predicate": true, "state": [0, 1, 0, 1], "tail": 0}
{"N": 4, "decoder": 1, "fibre": 1, "kind": "state", "m": 4, "next": [2, 2, 2, 3], "period": 4, "recurrent_predicate": false, "state": [0, 1, 0, 2], "tail": 1}
{"N": 4, "decoder": 0, "fibre": 0, "kind": "state", "m": 4, "next": [2, 2, 2, 0], "period": 1, "recurrent_predicate": false, "state": [0, 1, 0, 3], "tail": 2}
{"N": 4, "decoder": 1, "fibre": 1, "kind": "state", "m": 4, "next": [2, 3, 3, 2], "period": 2, "recurrent_predicate": true, "state": [0, 1, 1, 0], "tail": 0}
{"N": 4, "decoder": 1, "fibre": 1, "kind": "state", "m": 4, "next": [1, 0, 0, 0], "period": 4, "recurrent_predicate": true, "state": [0, 1, 1, 1], "tail": 0}
{"N": 4, "decoder": 0, "fibre": 0, "kind": "state", "m": 4, "next": [1, 3, 3, 3], "period": 1, "recurrent_predicate": false, "state": [0, 1, 1, 2], "tail": 2}
{"N": 4, "decoder": 0, "fibre": 0, "kind": "state", "m": 4, "next": [1, 3, 3, 0], "period": 4, "recurrent_predicate": false, "state": [0, 1, 1, 3], "tail": 2}
{"N": 4, "decoder": 1, "fibre": 1, "kind": "state", "m": 4, "next": [2, 2, 3, 2], "period": 4, "recurrent_predicate": false, "state": [0, 1, 2, 0], "tail": 1}
{"N": 4, "decoder": 0, "fibre": 0, "kind": "state", "m": 4, "next": [1, 3, 3, 3], "period": 1, "recurrent_predicate": false, "state": [0, 1, 2, 1], "tail": 2}
{"N": 4, "decoder": 0, "fibre": 0, "kind": "state", "m": 4, "next": [1, 2, 0, 0], "period": 4, "recurrent_predicate": false, "state": [0, 1, 2, 2], "tail": 2}
{"N": 4, "decoder": 1, "fibre": 1, "kind": "state", "m": 4, "next": [1, 2, 3, 0], "period": 4, "recurrent_predicate": true, "state": [0, 1, 2, 3], "tail": 0}
{"N": 4, "decoder": 0, "fibre": 0, "kind": "state", "m": 4, "next": [2, 2, 0, 2], "period": 1, "recurrent_predicate": false, "state": [0, 1, 3, 0], "tail": 2}
{"N": 4, "decoder": 0, "fibre": 0, "kind": "state", "m": 4, "next": [1, 3, 0, 3], "period": 4, "recurrent_predicate": false, "state": [0, 1, 3, 1], "tail": 2}
{"N": 4, "decoder": 1, "fibre": 1, "kind": "state", "m": 4, "next": [1, 2, 0, 3], "period": 4, "recurrent_predicate": true, "state": [0, 1, 3, 2], "tail": 0}
{"N": 4, "decoder": 1, "fibre": 1, "kind": "state", "m": 4, "next": [1, 2, 1, 1], "period": 4, "recurrent_predicate": false, "state": [0, 1, 3, 3], "tail": 1}
{"N": 4, "decoder": 3, "fibre": 3, "kind": "state", "m": 4, "next": [3, 3, 3, 3], "period": 1, "recurrent_predicate": false, "state": [0, 2, 0, 0], "tail": 1}
{"N": 4, "decoder": 1, "fibre": 1, "kind": "state", "m": 4, "next": [2, 3, 2, 2], "period": 4, "recurrent_predicate": false, "state": [0, 2, 0, 1], "tail": 1}
{"N": 4, "decoder": 1, "fibre": 1, "kind": "state", "m": 4, "next": [2, 0, 2, 0], "period": 2, "recurrent_predicate": true, "state": [0, 2, 0, 2], "tail": 0}
{"N": 4, "decoder": 0, "fibre": 0, "kind": "state", "m": 4, "next": [2, 3, 2, 0], "period": 4, "recurrent_predicate": false, "state": [0, 2, 0, 3], "tail": 2}
{"N": 4, "decoder": 1, "fibre": 1, "kind": "state", "m": 4, "next": [2, 3, 2, 2], "period": 4, "recurrent_predicate": false, "state": [0, 2, 1, 0], "tail": 1}
{"N": 4, "decoder": 0, "fibre": 0, "kind": "state", "m": 4, "next": [1, 3, 3, 3], "period": 1, "recurrent_predicate": false, "state": [0, 2, 1, 1], "tail": 2}
{"N": 4, "decoder": 0, "fibre": 0, "kind": "state", "m": 4, "next": [1, 0, 2, 0], "period": 4, "recurrent_predicate": false, "state": [0, 2, 1, 2], "tail": 2}
{"N": 4, "decoder": 1, "fibre": 1, "kind": "state", "m": 4, "next": [1, 3, 2, 0], "period": 4, "recurrent_predicate": true, "state": [0, 2, 1, 3], "tail": 0}
{"N": 4, "decoder": 1, "fibre": 1, "kind": "state", "m": 4, "next": [2, 0, 0, 2], "period": 2, "recurrent_predicate": true, "state": [0, 2, 2, 0], "tail": 0}
{"N": 4, "decoder": 0, "fibre": 0, "kind": "state", "m": 4, "next": [1, 0, 0, 2], "period": 4, "recurrent_predicate": false, "state": [0, 2, 2, 1], "tail": 2}
{"N": 4, "decoder": 3, "fibre": 3, "kind": "state", "m": 4, "next": [1, 1, 1, 1], "period": 1, "recurrent_predicate": false, "state": [0, 2, 2, 2], "tail": 1}
{"N": 4, "decoder": 1, "fibre": 1, "kind": "state", "m": 4, "next": [1, 0, 0, 0], "period": 4, "recurrent_predicate": false, "state": [0, 2, 2, 3], "tail": 1}
{"N": 4, "decoder": 0, "fibre": 0, "kind": "state", "m": 4, "next": [2, 3, 0, 2], "period": 4, "recurrent_predicate": false, "state": [0, 2, 3, 0], "tail": 2}
{"N": 4, "decoder": 1, "fibre": 1, "kind": "state", "m": 4, "next": [1, 3, 0, 2], "period": 4, "recurrent_predicate": true, "state": [0, 2, 3, 1], "tail": 0}
{"N": 4, "decoder": 1, "fibre": 1, "kind": "state", "m": 4, "next": [1, 0, 0, 0], "period": 4, "recurrent_predicate": false, "state": [0, 2, 3, 2], "tail": 1}
{"N": 4, "decoder": 0, "fibre": 0, "kind": "state", "m": 4, "next": [1, 3, 1, 1], "period": 1, "recurrent_predicate": false, "state": [0, 2, 3, 3], "tail": 2}
{"N": 4, "decoder": 1, "fibre": 1, "kind": "state", "m": 4, "next": [3, 0, 3, 3], "period": 4, "recurrent_predicate": true, "state": [0, 3, 0, 0], "tail": 0}
{"N": 4, "decoder": 0, "fibre": 0, "kind": "state", "m": 4, "next": [2, 0, 2, 2], "period": 1, "recurrent_predicate": false, "state": [0, 3, 0, 1], "tail": 2}
{"N": 4, "decoder": 0, "fibre": 0, "kind": "state", "m": 4, "next": [2, 0, 2, 3], "period": 4, "recurrent_predicate": false, "state": [0, 3, 0, 2], "tail": 2}
{"N": 4, "decoder": 1, "fibre": 1, "kind": "state", "m": 4, "next": [2, 1, 2, 1], "period": 2, "recurrent_predicate": true, "state": [0, 3, 0, 3], "tail": 0}
{"N": 4, "decoder": 0, "fibre": 0, "kind": "state", "m": 4, "next": [2, 0, 2, 2], "period": 1, "recurrent_predicate": false, "state": [0, 3, 1, 0], "tail": 2}
{"N": 4, "decoder": 0, "fibre": 0, "kind": "state", "m": 4, "next": [1, 0, 3, 3], "period": 4, "recurrent_predicate": false, "state": [0, 3, 1, 1], "tail": 2}
{"N": 4, "decoder": 1, "fibre": 1, "kind": "state", "m": 4, "next": [1, 0, 2, 3], "period": 4, "recurrent_predicate": true, "state": [0, 3, 1, 2], "tail": 0}
{"N": 4, "decoder": 1, "fibre": 1, "kind": "state", "m": 4, "next": [1, 1, 2, 1], "period": 4, "recurrent_predicate": false, "state": [0, 3, 1, 3], "tail": 1}
{"N": 4, "decoder": 0, "fibre": 0, "kind": "state", "m": 4, "next": [2, 0, 3, 2], "period": 4, "recurrent_predicate": false, "state": [0, 3, 2, 0], "tail": 2}
{"N": 4, "decoder": 1, "fibre": 1, "kind": "state", "m": 4, "next": [1, 0, 3, 2], "period": 4, "recurrent_predicate": true, "state": [0, 3, 2, 1], "tail": 0}
{"N": 4, "decoder": 1, "fibre": 1, "kind": "state", "m": 4, "next": [1, 0, 0, 0], "period": 4, "recurrent_predicate": false, "state": [0, 3, 2, 2], "tail": 1}
{"N": 4, "decoder": 0, "fibre": 0, "kind": "state", "m": 4, "next": [1, 1, 3, 1], "period": 1, "recurrent_predicate": false, "state": [0, 3, 2, 3], "tail": 2}
{"N": 4, "decoder": 1, "fibre": 1, "kind": "state", "m": 4, "next": [2, 1, 1, 2], "period": 2, "recurrent_predicate": true, "state": [0, 3, 3, 0], "tail": 0}
{"N": 4, "decoder": 1, "fibre": 1, "kind": "state", "m": 4, "next": [1, 1, 1, 2], "period": 4, "recurrent_predicate": false, "state": [0, 3, 3, 1], "tail": 1}
{"N": 4, "decoder": 0, "fibre": 0, "kind": "state", "m": 4, "next": [1, 1, 1, 3], "period": 1, "recurrent_predicate": false, "state": [0, 3, 3, 2], "tail": 2}
{"N": 4, "decoder": 4, "fibre": 4, "kind": "state", "m": 4, "next": [1, 2, 2, 2], "period": 4, "recurrent_predicate": true, "state": [0, 3, 3, 3], "tail": 0}
{"N": 4, "decoder": 4, "fibre": 4, "kind": "state", "m": 4, "next": [2, 3, 3, 3], "period": 4, "recurrent_predicate": true, "state": [1, 0, 0, 0], "tail": 0}
{"N": 4, "decoder": 1, "fibre": 1, "kind": "state", "m": 4, "next": [3, 2, 2, 3], "period": 2, "recurrent_predicate": true, "state": [1, 0, 0, 1], "tail": 0}
{"N": 4, "decoder": 1, "fibre": 1, "kind": "state", "m": 4, "next": [2, 2, 2, 3], "period": 4, "recurrent_predicate": false, "state": [1, 0, 0, 2], "tail": 1}
{"N": 4, "decoder": 0, "fibre": 0, "kind": "state", "m": 4, "next": [2, 2, 2, 0], "period": 1, "recurrent_predicate": false, "state": [1, 0, 0, 3], "tail": 2}
{"N": 4, "decoder": 1, "fibre": 1, "kind": "state", "m": 4, "next": [3, 2, 3, 2], "period": 2, "recurrent_predicate": true, "state": [1, 0, 1, 0], "tail": 0}
{"N": 4, "decoder": 1, "fibre": 1, "kind": "state", "m": 4, "next": [0, 1, 0, 0], "period": 4, "recurrent_predicate": true, "state": [1, 0, 1, 1], "tail": 0}
{"N": 4, "decoder": 0, "fibre": 0, "kind": "state", "m": 4, "next": [3, 1, 3, 3], "period": 1, "recurrent_predicate": false, "state": [1, 0, 1, 2], "tail": 2}
{"N": 4, "decoder": 0, "fibre": 0, "kind": "state", "m": 4, "next": [3, 1, 3, 0], "period": 4, "recurrent_predicate": false, "state": [1, 0, 1, 3], "tail": 2}
{"N": 4, "decoder": 1, "fibre": 1, "kind": "state", "m": 4, "next": [2, 2, 3, 2], "period": 4, "recurrent_predicate": false, "state": [1, 0, 2, 0], "tail": 1}
{"N": 4, "decoder": 0, "fibre": 0, "kind": "state", "m": 4, "next": [3, 1, 3, 3], "period": 1, "recurrent_predicate": false, "state": [1, 0, 2, 1], "tail": 2}
{"N": 4, "decoder": 0, "fibre": 0, "kind": "state", "m": 4, "next": [2, 1, 0, 0], "period": 4, "recurrent_predicate": false, "state": [1, 0, 2, 2], "tail": 2}
{"N": 4, "decoder": 1, "fibre": 1, "kind": "state", "m": 4, "next": [2, 1, 3, 0], "period": 4, "recurrent_predicate": true, "state": [1, 0, 2, 3], "tail": 0}
{"N": 4, "decoder": 0, "fibre": 0, "kind": "state", "m": 4, "next": [2, 2, 0, 2], "period": 1, "recurrent_predicate": false, "state": [1, 0, 3, 0], "tail": 2}
{"N": 4, "decoder": 0, "fibre": 0, "kind": "state", "m": 4, "next": [3, 1, 0, 3], "period": 4, "recurrent_predicate": false, "state": [1, 0, 3, 1], "tail": 2}
{"N": 4, "decoder": 1, "fibre": 1, "kind": "state", "m": 4, "next": [2, 1, 0, 3], "period": 4, "recurrent_predicate": true, "state": [1, 0, 3, 2], "tail": 0}
{"N": 4, "decoder": 1, "fibre": 1, "kind": "state", "m": 4, "next": [2, 1, 1, 1], "period": 4, "recurrent_predicate": false, "state": [1, 0, 3, 3], "tail": 1}
{"N": 4, "decoder": 1, "fibre": 1, "kind": "state", "m": 4, "next": [3, 3, 2, 2], "period": 2, "recurrent_predicate": true, "state": [1, 1, 0, 0], "tail": 0}
{"N": 4, "decoder": 1, "fibre": 1, "kind": "state", "m": 4, "next": [0, 0, 1, 0], "period": 4, "recurrent_predicate": true, "state": [1, 1, 0, 1], "tail": 0}
{"N": 4, "decoder": 0, "fibre": 0, "kind": "state", "m": 4, "next": [3, 3, 1, 3], "period": 1, "recurrent_predicate": false, "state": [1, 1, 0, 2], "tail": 2}
{"N": 4, "decoder": 0, "fibre": 0, "kind": "state", "m": 4, "next": [3, 3, 1, 0], "period": 4, "recurrent_predicate": false, "state": [1, 1, 0, 3], "tail": 2}
{"N": 4, "decoder": 1, "fibre": 1, "kind": "state", "m": 4, "next": [0, 0, 0, 1], "period": 4, "recurrent_predicate": true, "state": [1, 1, 1, 0], "tail": 0}
{"N": 4, "decoder": 5, "fibre": 5, "kind": "state", "m": 4, "next": [1, 1, 1, 1], "period": 1, "recurrent_predicate": true, "state": [1, 1, 1, 1], "tail": 0}
{"N": 4, "decoder": 4, "fibre": 4, "kind": "state", "m": 4, "next": [0, 0, 0, 3], "period": 4, "recurrent_predicate": true, "state": [1, 1, 1, 2], "tail": 0}
{"N": 4, "decoder": 3, "fibre": 3, "kind": "state", "m": 4, "next": [0, 0, 0, 0], "period": 1, "recurrent_predicate": false, "state": [1, 1, 1, 3], "tail": 1}
{"N": 4, "decoder": 0, "fibre": 0, "kind": "state", "m": 4, "next": [3, 3, 3, 1], "period": 1, "recurrent_predicate": false, "state": [1, 1, 2, 0], "tail": 2}
{"N": 4, "decoder": 4, "fibre": 4, "kind": "state", "m": 4, "next": [0, 0, 3, 0], "period": 4, "recurrent_predicate": true, "state": [1, 1, 2, 1], "tail": 0}
{"N": 4, "decoder": 1, "fibre": 1, "kind": "state", "m": 4, "next": [3, 3, 0, 0], "period": 2, "recurrent_predicate": true, "state": [1, 1, 2, 2], "tail": 0}
{"N": 4, "decoder": 1, "fibre": 1, "kind": "state", "m": 4, "next": [3, 3, 3, 0], "period": 4, "recurrent_predicate": false, "state": [1, 1, 2, 3], "tail": 1}
{"N": 4, "decoder": 0, "fibre": 0, "kind": "state", "m": 4, "next": [3, 3, 0, 1], "period": 4, "recurrent_predicate": false, "state": [1, 1, 3, 0], "tail": 2}
{"N": 4, "decoder": 3, "fibre": 3, "kind": "state", "m": 4, "next": [0, 0, 0, 0], "period": 1, "recurrent_predicate": false, "state": [1, 1, 3, 1], "tail": 1}
{"N": 4, "decoder": 1, "fibre": 1, "kind": "state", "m": 4, "next": [3, 3, 0, 3], "period": 4, "recurrent_predicate": false, "state": [1, 1, 3, 2], "tail": 1}
{"N": 4, "decoder": 1, "fibre": 1, "kind": "state", "m": 4, "next": [3, 3, 1, 1], "period": 2, "recurrent_predicate": true, "state": [1, 1, 3, 3], "tail": 0}
{"N": 4, "decoder": 1, "fibre": 1, "kind": "state", "m": 4, "next": [2, 3, 2, 2], "period": 4, "recurrent_predicate": false, "state": [1, 2, 0, 0], "tail": 1}
{"N": 4, "decoder": 0, "fibre": 0, "kind": "state", "m": 4, "next": [3, 3, 1, 3], "period": 1, "recurrent_predicate": false, "state": [1, 2, 0, 1], "tail": 2}
{"N": 4, "decoder": 0, "fibre": 0, "kind": "state", "m": 4, "next": [2, 0, 1, 0], "period": 4, "recurrent_predicate": false, "state": [1, 2, 0, 2], "tail": 2}
{"N": 4, "decoder": 1, "fibre": 1, "kind": "state", "m": 4, "next": [2, 3, 1, 0], "period": 4, "recurrent_predicate": true, "state": [1, 2, 0, 3], "tail": 0}
{"N": 4, "decoder": 0, "fibre": 0, "kind": "state", "m": 4, "next": [3, 3, 3, 1], "period": 1, "recurrent_predicate": false, "state": [1, 2, 1, 0], "tail": 2}
{"N": 4, "decoder": 4, "fibre": 4, "kind": "state", "m": 4, "next": [0, 3, 0, 0], "period": 4, "recurrent_predicate": true, "state": [1, 2, 1, 1], "tail": 0}
{"N": 4, "decoder": 1, "fibre": 1, "kind": "state", "m": 4, "next": [3, 0, 3, 0], "period": 2, "recurrent_predicate": true, "state": [1, 2, 1, 2], "tail": 0}
{"N": 4, "decoder": 1, "fibre": 1, "kind": "state", "m": 4, "next": [3, 3, 3, 0], "period": 4, "recurrent_predicate": false, "state": [1, 2, 1, 3], "tail": 1}
{"N": 4, "decoder": 0, "fibre": 0, "kind": "state", "m": 4, "next": [2, 0, 0, 1], "period": 4, "recurrent_predicate": false, "state": [1, 2, 2, 0], "tail": 2}
{"N": 4, "decoder": 1, "fibre": 1, "kind": "state", "m": 4, "next": [3, 0, 0, 3], "period": 2, "recurrent_predicate": true, "state": [1, 2, 2, 1], "tail": 0}
{"N": 4, "decoder": 1, "fibre": 1, "kind": "state", "m": 4, "next": [2, 1, 1, 1], "period": 4, "recurrent_predicate": true, "state": [1, 2, 2, 2], "tail": 0}
{"N": 4, "decoder": 0, "fibre": 0, "kind": "state", "m": 4, "next": [2, 0, 0, 0], "period": 1, "recurrent_predicate": false, "state": [1, 2, 2, 3], "tail": 2}
{"N": 4, "decoder": 1, "fibre": 1, "kind": "state", "m": 4, "next": [2, 3, 0, 1], "period": 4, "recurrent_predicate": true, "state": [1, 2, 3, 0], "tail": 0}
{"N": 4, "decoder": 1, "fibre": 1, "kind": "state", "m": 4, "next": [3, 3, 0, 3], "period": 4, "recurrent_predicate": false, "state": [1, 2, 3, 1], "tail": 1}
{"N": 4, "decoder": 0, "fibre": 0, "kind": "state", "m": 4, "next": [2, 0, 0, 0], "period": 1, "recurrent_predicate": false, "state": [1, 2, 3, 2], "tail": 2}
{"N": 4, "decoder": 0, "fibre": 0, "kind": "state", "m": 4, "next": [2, 3, 1, 1], "period": 4, "recurrent_predicate": false, "state": [1, 2, 3, 3], "tail": 2}
{"N": 4, "decoder": 0, "fibre": 0, "kind": "state", "m": 4, "next": [2, 0, 2, 2], "period": 1, "recurrent_predicate": false, "state": [1, 3, 0, 0], "tail": 2}
{"N": 4, "decoder": 0, "fibre": 0, "kind": "state", "m": 4, "next": [3, 0, 1, 3], "period": 4, "recurrent_predicate": false, "state": [1, 3, 0, 1], "tail": 2}
{"N": 4, "decoder": 1, "fibre": 1, "kind": "state", "m": 4, "next": [2, 0, 1, 3], "period": 4, "recurrent_predicate": true, "state": [1, 3, 0, 2], "tail": 0}
{"N": 4, "decoder": 1, "fibre": 1, "kind": "state", "m": 4, "next": [2, 1, 1, 1], "period": 4, "recurrent_predicate": false, "state": [1, 3, 0, 3], "tail": 1}
{"N": 4, "decoder": 0, "fibre": 0, "kind": "state", "m": 4, "next": [3, 0, 3, 1], "period": 4, "recurrent_predicate": false, "state": [1, 3, 1, 0], "tail": 2}
{"N": 4, "decoder": 3, "fibre": 3, "kind": "state", "m": 4, "next": [0, 0, 0, 0], "period": 1, "recurrent_predicate": false, "state": [1, 3, 1, 1], "tail": 1}
{"N": 4, "decoder": 1, "fibre": 1, "kind": "state", "m": 4, "next": [3, 0, 3, 3], "period": 4, "recurrent_predicate": false, "state": [1, 3, 1, 2], "tail": 1}
{"N": 4, "decoder": 1, "fibre": 1, "kind": "state", "m": 4, "next": [3, 1, 3, 1], "period": 2, "recurrent_predicate": true, "state": [1, 3, 1, 3], "tail": 0}
{"N": 4, "decoder": 1, "fibre": 1, "kind": "state", "m": 4, "next": [2, 0, 3, 1], "period": 4, "recurrent_predicate": true, "state": [1, 3, 2, 0], "tail": 0}
{"N": 4, "decoder": 1, "fibre": 1, "kind": "state", "m": 4, "next": [3, 0, 3, 3], "period": 4, "recurrent_predicate": false, "state": [1, 3, 2, 1], "tail": 1}
{"N": 4, "decoder": 0, "fibre": 0, "kind": "state", "m": 4, "next": [2, 0, 0, 0], "period": 1, "recurrent_predicate": false, "state": [1, 3, 2, 2], "tail": 2}
{"N": 4, "decoder": 0, "fibre": 0, "kind": "state", "m": 4, "next": [2, 1, 3, 1], "period": 4, "recurrent_predicate": false, "state": [1, 3, 2, 3], "tail": 2}
{"N": 4, "decoder": 1, "fibre": 1, "kind": "state", "m": 4, "next": [2, 1, 1, 1], "period": 4, "recurrent_predicate": false, "state": [1, 3, 3, 0], "tail": 1}
{"N": 4, "decoder": 1, "fibre": 1, "kind": "state", "m": 4, "next": [3, 1, 1, 3], "period": 2, "recurrent_predicate": true, "state": [1, 3, 3, 1], "tail": 0}
{"N": 4, "decoder": 0, "fibre": 0, "kind": "state", "m": 4, "next": [2, 1, 1, 3], "period": 4, "recurrent_predicate": false, "state": [1, 3, 3, 2], "tail": 2}
{"N": 4, "decoder": 3, "fibre": 3, "kind": "state", "m": 4, "next": [2, 2, 2, 2], "period": 1, "recurrent_predicate": false, "state": [1, 3, 3, 3], "tail": 1}
{"N": 4, "decoder": 3, "fibre": 3, "kind": "state", "m": 4, "next": [3, 3, 3, 3], "period": 1, "recurrent_predicate": false, "state": [2, 0, 0, 0], "tail": 1}
{"N": 4, "decoder": 1, "fibre": 1, "kind": "state", "m": 4, "next": [3, 2, 2, 2], "period": 4, "recurrent_predicate": false, "state": [2, 0, 0, 1], "tail": 1}
{"N": 4, "decoder": 1, "fibre": 1, "kind": "state", "m": 4, "next": [0, 2, 2, 0], "period": 2, "recurrent_predicate": true, "state": [2, 0, 0, 2], "tail": 0}
{"N": 4, "decoder": 0, "fibre": 0, "kind": "state", "m": 4, "next": [3, 2, 2, 0], "period": 4, "recurrent_predicate": false, "state": [2, 0, 0, 3], "tail": 2}
{"N": 4, "decoder": 1, "fibre": 1, "kind": "state", "m": 4, "next": [3, 2, 2, 2], "period": 4, "recurrent_predicate": false, "state": [2, 0, 1, 0], "tail": 1}
{"N": 4, "decoder": 0, "fibre": 0, "kind": "state", "m": 4, "next": [3, 1, 3, 3], "period": 1, "recurrent_predicate": false, "state": [2, 0, 1, 1], "tail": 2}
{"N": 4, "decoder": 0, "fibre": 0, "kind": "state", "m": 4, "next": [0, 1, 2, 0], "period": 4, "recurrent_predicate": false, "state": [2, 0, 1, 2], "tail": 2}
{"N": 4, "decoder": 1, "fibre": 1, "kind": "state", "m": 4, "next": [3, 1, 2, 0], "period": 4, "recurrent_predicate": true, "state": [2, 0, 1, 3], "tail": 0}
{"N": 4, "decoder": 1, "fibre": 1, "kind": "state", "m": 4, "next": [0, 2, 0, 2], "period": 2, "recurrent_predicate": true, "state": [2, 0, 2, 0], "tail": 0}
{"N": 4, "decoder": 0, "fibre": 0, "kind": "state", "m": 4, "next": [0, 1, 0, 2], "period": 4, "recurrent_predicate": false, "state": [2, 0, 2, 1], "tail": 2}
{"N": 4, "decoder": 3, "fibre": 3, "kind": "state", "m": 4, "next": [1, 1, 1, 1], "period": 1, "recurrent_predicate": false, "state": [2, 0, 2, 2], "tail": 1}
{"N": 4, "decoder": 1, "fibre": 1, "kind": "state", "m": 4, "next": [0, 1, 0, 0], "period": 4, "recurrent_predicate": false, "state": [2, 0, 2, 3], "tail": 1}
{"N": 4, "decoder": 0, "fibre": 0, "kind": "state", "m": 4, "next": [3, 2, 0, 2], "period": 4, "recurrent_predicate": false, "state": [2, 0, 3, 0], "tail": 2}
{"N": 4, "decoder": 1, "fibre": 1, "kind": "state", "m": 4, "next": [3, 1, 0, 2], "period": 4, "recurrent_predicate": true, "state": [2, 0, 3, 1], "tail": 0}
{"N": 4, "decoder": 1, "fibre": 1, "kind": "state", "m": 4, "next": [0, 1, 0, 0], "period": 4, "recurrent_predicate": false, "state": [2, 0, 3, 2], "tail": 1}
{"N": 4, "decoder": 0, "fibre": 0, "kind": "state", "m": 4, "next": [3, 1, 1, 1], "period": 1, "recurrent_predicate": false, "state": [2, 0, 3, 3], "tail": 2}
{"N": 4, "decoder": 1, "fibre": 1, "kind": "state", "m": 4, "next": [3, 2, 2, 2], "period": 4, "recurrent_predicate": false, "state": [2, 1, 0, 0], "tail": 1}
{"N": 4, "decoder": 0, "fibre": 0, "kind": "state", "m": 4, "next": [3, 3, 1, 3], "period": 1, "recurrent_predicate": false, "state": [2, 1, 0, 1], "tail": 2}
{"N": 4, "decoder": 0, "fibre": 0, "kind": "state", "m": 4, "next": [0, 2, 1, 0], "period": 4, "recurrent_predicate": false, "state": [2, 1, 0, 2], "tail": 2}
{"N": 4, "decoder": 1, "fibre": 1, "kind": "state", "m": 4, "next": [3, 2, 1, 0], "period": 4, "recurrent_predicate": true, "state": [2, 1, 0, 3], "tail": 0}
{"N": 4, "decoder": 0, "fibre": 0, "kind": "state", "m": 4, "next": [3, 3, 3, 1], "period": 1, "recurrent_predicate": false, "state": [2, 1, 1, 0], "tail": 2}
{"N": 4, "decoder": 4, "fibre": 4, "kind": "state", "m": 4, "next": [3, 0, 0, 0], "period": 4, "recurrent_predicate": true, "state": [2, 1, 1, 1], "tail": 0}
{"N": 4, "decoder": 1, "fibre": 1, "kind": "state", "m": 4, "next": [0, 3, 3, 0], "period": 2, "recurrent_predicate": true, "state": [2, 1, 1, 2], "tail": 0}
{"N": 4, "decoder": 1, "fibre": 1, "kind": "state", "m": 4, "next": [3, 3, 3, 0], "period": 4, "recurrent_predicate": false, "state": [2, 1, 1, 3], "tail": 1}
{"N": 4, "decoder": 0, "fibre": 0, "kind": "state", "m": 4, "next": [0, 2, 0, 1], "period": 4, "recurrent_predicate": false, "state": [2, 1, 2, 0], "tail": 2}
{"N": 4, "decoder": 1, "fibre": 1, "kind": "state", "m": 4, "next": [0, 3, 0, 3], "period": 2, "recurrent_predicate": true, "state": [2, 1, 2, 1], "tail": 0}
{"N": 4, "decoder": 1, "fibre": 1, "kind": "state", "m": 4, "next": [1, 2, 1, 1], "period": 4, "recurrent_predicate": true, "state": [2, 1, 2, 2], "tail": 0}
{"N": 4, "decoder": 0, "fibre": 0, "kind": "state", "m": 4, "next": [0, 2, 0, 0], "period": 1, "recurrent_predicate": false, "state": [2, 1, 2, 3], "tail": 2}
{"N": 4, "decoder": 1, "fibre": 1, "kind": "state", "m": 4, "next": [3, 2, 0, 1], "period": 4, "recurrent_predicate": true, "state": [2, 1, 3, 0], "tail": 0}
{"N": 4, "decoder": 1, "fibre": 1, "kind": "state", "m": 4, "next": [3, 3, 0, 3], "period": 4, "recurrent_predicate": false, "state": [2, 1, 3, 1], "tail": 1}
{"N": 4, "decoder": 0, "fibre": 0, "kind": "state", "m": 4, "next": [0, 2, 0, 0], "period": 1, "recurrent_predicate": false, "state": [2, 1, 3, 2], "tail": 2}
{"N": 4, "decoder": 0, "fibre": 0, "kind": "state", "m": 4, "next": [3, 2, 1, 1], "period": 4, "recurrent_predicate": false, "state": [2, 1, 3, 3], "tail": 2}
{"N": 4, "decoder": 1, "fibre": 1, "kind": "state", "m": 4, "next": [0, 0, 2, 2], "period": 2, "recurrent_predicate": true, "state": [2, 2, 0, 0], "tail": 0}
{"N": 4, "decoder": 0, "fibre": 0, "kind": "state", "m": 4, "next": [0, 0, 1, 2], "period": 4, "recurrent_predicate": false, "state": [2, 2, 0, 1], "tail": 2}
{"N": 4, "decoder": 3, "fibre": 3, "kind": "state", "m": 4, "next": [1, 1, 1, 1], "period": 1, "recurrent_predicate": false, "state": [2, 2, 0, 2], "tail": 1}
{"N": 4, "decoder": 1, "fibre": 1, "kind": "state", "m": 4, "next": [0, 0, 1, 0], "period": 4, "recurrent_predicate": false, "state": [2, 2, 0, 3], "tail": 1}
{"N": 4, "decoder": 0, "fibre": 0, "kind": "state", "m": 4, "next": [0, 0, 2, 1], "period": 4, "recurrent_predicate": false, "state": [2, 2, 1, 0], "tail": 2}
{"N": 4, "decoder": 1, "fibre": 1, "kind": "state", "m": 4, "next": [0, 0, 3, 3], "period": 2, "recurrent_predicate": true, "state": [2, 2, 1, 1], "tail": 0}
{"N": 4, "decoder": 1, "fibre": 1, "kind": "state", "m": 4, "next": [1, 1, 2, 1], "period": 4, "recurrent_predicate": true, "state": [2, 2, 1, 2], "tail": 0}
{"N": 4, "decoder": 0, "fibre": 0, "kind": "state", "m": 4, "next": [0, 0, 2, 0], "period": 1, "recurrent_predicate": false, "state": [2, 2, 1, 3], "tail": 2}
{"N": 4, "decoder": 3, "fibre": 3, "kind": "state", "m": 4, "next": [1, 1, 1, 1], "period": 1, "recurrent_predicate": false, "state": [2, 2, 2, 0], "tail": 1}
{"N": 4, "decoder": 1, "fibre": 1, "kind": "state", "m": 4, "next": [1, 1, 1, 2], "period": 4, "recurrent_predicate": true, "state": [2, 2, 2, 1], "tail": 0}
{"N": 4, "decoder": 5, "fibre": 5, "kind": "state", "m": 4, "next": [2, 2, 2, 2], "period": 1, "recurrent_predicate": true, "state": [2, 2, 2, 2], "tail": 0}
{"N": 4, "decoder": 4, "fibre": 4, "kind": "state", "m": 4, "next": [1, 1, 1, 0], "period": 4, "recurrent_predicate": true, "state": [2, 2, 2, 3], "tail": 0}
{"N": 4, "decoder": 1, "fibre": 1, "kind": "state", "m": 4, "next": [0, 0, 0, 1], "period": 4, "recurrent_predicate": false, "state": [2, 2, 3, 0], "tail": 1}
{"N": 4, "decoder": 0, "fibre": 0, "kind": "state", "m": 4, "next": [0, 0, 0, 2], "period": 1, "recurrent_predicate": false, "state": [2, 2, 3, 1], "tail": 2}
{"N": 4, "decoder": 4, "fibre": 4, "kind": "state", "m": 4, "next": [1, 1, 0, 1], "period": 4, "recurrent_predicate": true, "state": [2, 2, 3, 2], "tail": 0}
{"N": 4, "decoder": 1, "fibre": 1, "kind": "state", "m": 4, "next": [0, 0, 1, 1], "period": 2, "recurrent_predicate": true, "state": [2, 2, 3, 3], "tail": 0}
{"N": 4, "decoder": 0, "fibre": 0, "kind": "state", "m": 4, "next": [3, 0, 2, 2], "period": 4, "recurrent_predicate": false, "state": [2, 3, 0, 0], "tail": 2}
{"N": 4, "decoder": 1, "fibre": 1, "kind": "state", "m": 4, "next": [3, 0, 1, 2], "period": 4, "recurrent_predicate": true, "state": [2, 3, 0, 1], "tail": 0}
{"N": 4, "decoder": 1, "fibre": 1, "kind": "state", "m": 4, "next": [0, 0, 1, 0], "period": 4, "recurrent_predicate": false, "state": [2, 3, 0, 2], "tail": 1}
{"N": 4, "decoder": 0, "fibre": 0, "kind": "state", "m": 4, "next": [3, 1, 1, 1], "period": 1, "recurrent_predicate": false, "state": [2, 3, 0, 3], "tail": 2}
{"N": 4, "decoder": 1, "fibre": 1, "kind": "state", "m": 4, "next": [3, 0, 2, 1], "period": 4, "recurrent_predicate": true, "state": [2, 3, 1, 0], "tail": 0}
{"N": 4, "decoder": 1, "fibre": 1, "kind": "state", "m": 4, "next": [3, 0, 3, 3], "period": 4, "recurrent_predicate": false, "state": [2, 3, 1, 1], "tail": 1}
{"N": 4, "decoder": 0, "fibre": 0, "kind": "state", "m": 4, "next": [0, 0, 2, 0], "period": 1, "recurrent_predicate": false, "state": [2, 3, 1, 2], "tail": 2}
{"N": 4, "decoder": 0, "fibre": 0, "kind": "state", "m": 4, "next": [3, 1, 2, 1], "period": 4, "recurrent_predicate": false, "state": [2, 3, 1, 3], "tail": 2}
{"N": 4, "decoder": 1, "fibre": 1, "kind": "state", "m": 4, "next": [0, 0, 0, 1], "period": 4, "recurrent_predicate": false, "state": [2, 3, 2, 0], "tail": 1}
{"N": 4, "decoder": 0, "fibre": 0, "kind": "state", "m": 4, "next": [0, 0, 0, 2], "period": 1, "recurrent_predicate": false, "state": [2, 3, 2, 1], "tail": 2}
{"N": 4, "decoder": 4, "fibre": 4, "kind": "state", "m": 4, "next": [1, 0, 1, 1], "period": 4, "recurrent_predicate": true, "state": [2, 3, 2, 2], "tail": 0}
{"N": 4, "decoder": 1, "fibre": 1, "kind": "state", "m": 4, "next": [0, 1, 0, 1], "period": 2, "recurrent_predicate": true, "state": [2, 3, 2, 3], "tail": 0}
{"N": 4, "decoder": 0, "fibre": 0, "kind": "state", "m": 4, "next": [3, 1, 1, 1], "period": 1, "recurrent_predicate": false, "state": [2, 3, 3, 0], "tail": 2}
{"N": 4, "decoder": 0, "fibre": 0, "kind": "state", "m": 4, "next": [3, 1, 1, 2], "period": 4, "recurrent_predicate": false, "state": [2, 3, 3, 1], "tail": 2}
{"N": 4, "decoder": 1, "fibre": 1, "kind": "state", "m": 4, "next": [0, 1, 1, 0], "period": 2, "recurrent_predicate": true, "state": [2, 3, 3, 2], "tail": 0}
{"N": 4, "decoder": 1, "fibre": 1, "kind": "state", "m": 4, "next": [3, 2, 2, 2], "period": 4, "recurrent_predicate": true, "state": [2, 3, 3, 3], "tail": 0}
{"N": 4, "decoder": 1, "fibre": 1, "kind": "state", "m": 4, "next": [0, 3, 3, 3], "period": 4, "recurrent_predicate": true, "state": [3, 0, 0, 0], "tail": 0}
{"N": 4, "decoder": 0, "fibre": 0, "kind": "state", "m": 4, "next": [0, 2, 2, 2], "period": 1, "recurrent_predicate": false, "state": [3, 0, 0, 1], "tail": 2}
{"N": 4, "decoder": 0, "fibre": 0, "kind": "state", "m": 4, "next": [0, 2, 2, 3], "period": 4, "recurrent_predicate": false, "state": [3, 0, 0, 2], "tail": 2}
{"N": 4, "decoder": 1, "fibre": 1, "kind": "state", "m": 4, "next": [1, 2, 2, 1], "period": 2, "recurrent_predicate": true, "state": [3, 0, 0, 3], "tail": 0}
{"N": 4, "decoder": 0, "fibre": 0, "kind": "state", "m": 4, "next": [0, 2, 2, 2], "period": 1, "recurrent_predicate": false, "state": [3, 0, 1, 0], "tail": 2}
{"N": 4, "decoder": 0, "fibre": 0, "kind": "state", "m": 4, "next": [0, 1, 3, 3], "period": 4, "recurrent_predicate": false, "state": [3, 0, 1, 1], "tail": 2}
{"N": 4, "decoder": 1, "fibre": 1, "kind": "state", "m": 4, "next": [0, 1, 2, 3], "period": 4, "recurrent_predicate": true, "state": [3, 0, 1, 2], "tail": 0}
{"N": 4, "decoder": 1, "fibre": 1, "kind": "state", "m": 4, "next": [1, 1, 2, 1], "period": 4, "recurrent_predicate": false, "state": [3, 0, 1, 3], "tail": 1}
{"N": 4, "decoder": 0, "fibre": 0, "kind": "state", "m": 4, "next": [0, 2, 3, 2], "period": 4, "recurrent_predicate": false, "state": [3, 0, 2, 0], "tail": 2}
{"N": 4, "decoder": 1, "fibre": 1, "kind": "state", "m": 4, "next": [0, 1, 3, 2], "period": 4, "recurrent_predicate": true, "state": [3, 0, 2, 1], "tail": 0}
{"N": 4, "decoder": 1, "fibre": 1, "kind": "state", "m": 4, "next": [0, 1, 0, 0], "period": 4, "recurrent_predicate": false, "state": [3, 0, 2, 2], "tail": 1}
{"N": 4, "decoder": 0, "fibre": 0, "kind": "state", "m": 4, "next": [1, 1, 3, 1], "period": 1, "recurrent_predicate": false, "state": [3, 0, 2, 3], "tail": 2}
{"N": 4, "decoder": 1, "fibre": 1, "kind": "state", "m": 4, "next": [1, 2, 1, 2], "period": 2, "recurrent_predicate": true, "state": [3, 0, 3, 0], "tail": 0}
{"N": 4, "decoder": 1, "fibre": 1, "kind": "state", "m": 4, "next": [1, 1, 1, 2], "period": 4, "recurrent_predicate": false, "state": [3, 0, 3, 1], "tail": 1}
{"N": 4, "decoder": 0, "fibre": 0, "kind": "state", "m": 4, "next": [1, 1, 1, 3], "period": 1, "recurrent_predicate": false, "state": [3, 0, 3, 2], "tail": 2}
{"N": 4, "decoder": 4, "fibre": 4, "kind": "state", "m": 4, "next": [2, 1, 2, 2], "period": 4, "recurrent_predicate": true, "state": [3, 0, 3, 3], "tail": 0}
{"N": 4, "decoder": 0, "fibre": 0, "kind": "state", "m": 4, "next": [0, 2, 2, 2], "period": 1, "recurrent_predicate": false, "state": [3, 1, 0, 0], "tail": 2}
{"N": 4, "decoder": 0, "fibre": 0, "kind": "state", "m": 4, "next": [0, 3, 1, 3], "period": 4, "recurrent_predicate": false, "state": [3, 1, 0, 1], "tail": 2}
{"N": 4, "decoder": 1, "fibre": 1, "kind": "state", "m": 4, "next": [0, 2, 1, 3], "period": 4, "recurrent_predicate": true, "state": [3, 1, 0, 2], "tail": 0}
{"N": 4, "decoder": 1, "fibre": 1, "kind": "state", "m": 4, "next": [1, 2, 1, 1], "period": 4, "recurrent_predicate": false, "state": [3, 1, 0, 3], "tail": 1}
{"N": 4, "decoder": 0, "fibre": 0, "kind": "state", "m": 4, "next": [0, 3, 3, 1], "period": 4, "recurrent_predicate": false, "state": [3, 1, 1, 0], "tail": 2}
{"N": 4, "decoder": 3, "fibre": 3, "kind": "state", "m": 4, "next": [0, 0, 0, 0], "period": 1, "recurrent_predicate": false, "state": [3, 1, 1, 1], "tail": 1}
{"N": 4, "decoder": 1, "fibre": 1, "kind": "state", "m": 4, "next": [0, 3, 3, 3], "period": 4, "recurrent_predicate": false, "state": [3, 1, 1, 2], "tail": 1}
{"N": 4, "decoder": 1, "fibre": 1, "kind": "state", "m": 4, "next": [1, 3, 3, 1], "period": 2, "recurrent_predicate": true, "state": [3, 1, 1, 3], "tail": 0}
{"N": 4, "decoder": 1, "fibre": 1, "kind": "state", "m": 4, "next": [0, 2, 3, 1], "period": 4, "recurrent_predicate": true, "state": [3, 1, 2, 0], "tail": 0}
{"N": 4, "decoder": 1, "fibre": 1, "kind": "state", "m": 4, "next": [0, 3, 3, 3], "period": 4, "recurrent_predicate": false, "state": [3, 1, 2, 1], "tail": 1}
{"N": 4, "decoder": 0, "fibre": 0, "kind": "state", "m": 4, "next": [0, 2, 0, 0], "period": 1, "recurrent_predicate": false, "state": [3, 1, 2, 2], "tail": 2}
{"N": 4, "decoder": 0, "fibre": 0, "kind": "state", "m": 4, "next": [1, 2, 3, 1], "period": 4, "recurrent_predicate": false, "state": [3, 1, 2, 3], "tail": 2}
{"N": 4, "decoder": 1, "fibre": 1, "kind": "state", "m": 4, "next": [1, 2, 1, 1], "period": 4, "recurrent_predicate": false, "state": [3, 1, 3, 0], "tail": 1}
{"N": 4, "decoder": 1, "fibre": 1, "kind": "state", "m": 4, "next": [1, 3, 1, 3], "period": 2, "recurrent_predicate": true, "state": [3, 1, 3, 1], "tail": 0}
{"N": 4, "decoder": 0, "fibre": 0, "kind": "state", "m": 4, "next": [1, 2, 1, 3], "period": 4, "recurrent_predicate": false, "state": [3, 1, 3, 2], "tail": 2}
{"N": 4, "decoder": 3, "fibre": 3, "kind": "state", "m": 4, "next": [2, 2, 2, 2], "period": 1, "recurrent_predicate": false, "state": [3, 1, 3, 3], "tail": 1}
{"N": 4, "decoder": 0, "fibre": 0, "kind": "state", "m": 4, "next": [0, 3, 2, 2], "period": 4, "recurrent_predicate": false, "state": [3, 2, 0, 0], "tail": 2}
{"N": 4, "decoder": 1, "fibre": 1, "kind": "state", "m": 4, "next": [0, 3, 1, 2], "period": 4, "recurrent_predicate": true, "state": [3, 2, 0, 1], "tail": 0}
{"N": 4, "decoder": 1, "fibre": 1, "kind": "state", "m": 4, "next": [0, 0, 1, 0], "period": 4, "recurrent_predicate": false, "state": [3, 2, 0, 2], "tail": 1}
{"N": 4, "decoder": 0, "fibre": 0, "kind": "state", "m": 4, "next": [1, 3, 1, 1], "period": 1, "recurrent_predicate": false, "state": [3, 2, 0, 3], "tail": 2}
{"N": 4, "decoder": 1, "fibre": 1, "kind": "state", "m": 4, "next": [0, 3, 2, 1], "period": 4, "recurrent_predicate": true, "state": [3, 2, 1, 0], "tail": 0}
{"N": 4, "decoder": 1, "fibre": 1, "kind": "state", "m": 4, "next": [0, 3, 3, 3], "period": 4, "recurrent_predicate": false, "state": [3, 2, 1, 1], "tail": 1}
{"N": 4, "decoder": 0, "fibre": 0, "kind": "state", "m": 4, "next": [0, 0, 2, 0], "period": 1, "recurrent_predicate": false, "state": [3, 2, 1, 2], "tail": 2}
{"N": 4, "decoder": 0, "fibre": 0, "kind": "state", "m": 4, "next": [1, 3, 2, 1], "period": 4, "recurrent_predicate": false, "state": [3, 2, 1, 3], "tail": 2}
{"N": 4, "decoder": 1, "fibre": 1, "kind": "state", "m": 4, "next": [0, 0, 0, 1], "period": 4, "recurrent_predicate": false, "state": [3, 2, 2, 0], "tail": 1}
{"N": 4, "decoder": 0, "fibre": 0, "kind": "state", "m": 4, "next": [0, 0, 0, 2], "period": 1, "recurrent_predicate": false, "state": [3, 2, 2, 1], "tail": 2}
{"N": 4, "decoder": 4, "fibre": 4, "kind": "state", "m": 4, "next": [0, 1, 1, 1], "period": 4, "recurrent_predicate": true, "state": [3, 2, 2, 2], "tail": 0}
{"N": 4, "decoder": 1, "fibre": 1, "kind": "state", "m": 4, "next": [1, 0, 0, 1], "period": 2, "recurrent_predicate": true, "state": [3, 2, 2, 3], "tail": 0}
{"N": 4, "decoder": 0, "fibre": 0, "kind": "state", "m": 4, "next": [1, 3, 1, 1], "period": 1, "recurrent_predicate": false, "state": [3, 2, 3, 0], "tail": 2}
{"N": 4, "decoder": 0, "fibre": 0, "kind": "state", "m": 4, "next": [1, 3, 1, 2], "period": 4, "recurrent_predicate": false, "state": [3, 2, 3, 1], "tail": 2}
{"N": 4, "decoder": 1, "fibre": 1, "kind": "state", "m": 4, "next": [1, 0, 1, 0], "period": 2, "recurrent_predicate": true, "state": [3, 2, 3, 2], "tail": 0}
{"N": 4, "decoder": 1, "fibre": 1, "kind": "state", "m": 4, "next": [2, 3, 2, 2], "period": 4, "recurrent_predicate": true, "state": [3, 2, 3, 3], "tail": 0}
{"N": 4, "decoder": 1, "fibre": 1, "kind": "state", "m": 4, "next": [1, 1, 2, 2], "period": 2, "recurrent_predicate": true, "state": [3, 3, 0, 0], "tail": 0}
{"N": 4, "decoder": 1, "fibre": 1, "kind": "state", "m": 4, "next": [1, 1, 1, 2], "period": 4, "recurrent_predicate": false, "state": [3, 3, 0, 1], "tail": 1}
{"N": 4, "decoder": 0, "fibre": 0, "kind": "state", "m": 4, "next": [1, 1, 1, 3], "period": 1, "recurrent_predicate": false, "state": [3, 3, 0, 2], "tail": 2}
{"N": 4, "decoder": 4, "fibre": 4, "kind": "state", "m": 4, "next": [2, 2, 1, 2], "period": 4, "recurrent_predicate": true, "state": [3, 3, 0, 3], "tail": 0}
{"N": 4, "decoder": 1, "fibre": 1, "kind": "state", "m": 4, "next": [1, 1, 2, 1], "period": 4, "recurrent_predicate": false, "state": [3, 3, 1, 0], "tail": 1}
{"N": 4, "decoder": 1, "fibre": 1, "kind": "state", "m": 4, "next": [1, 1, 3, 3], "period": 2, "recurrent_predicate": true, "state": [3, 3, 1, 1], "tail": 0}
{"N": 4, "decoder": 0, "fibre": 0, "kind": "state", "m": 4, "next": [1, 1, 2, 3], "period": 4, "recurrent_predicate": false, "state": [3, 3, 1, 2], "tail": 2}
{"N": 4, "decoder": 3, "fibre": 3, "kind": "state", "m": 4, "next": [2, 2, 2, 2], "period": 1, "recurrent_predicate": false, "state": [3, 3, 1, 3], "tail": 1}
{"N": 4, "decoder": 0, "fibre": 0, "kind": "state", "m": 4, "next": [1, 1, 3, 1], "period": 1, "recurrent_predicate": false, "state": [3, 3, 2, 0], "tail": 2}
{"N": 4, "decoder": 0, "fibre": 0, "kind": "state", "m": 4, "next": [1, 1, 3, 2], "period": 4, "recurrent_predicate": false, "state": [3, 3, 2, 1], "tail": 2}
{"N": 4, "decoder": 1, "fibre": 1, "kind": "state", "m": 4, "next": [1, 1, 0, 0], "period": 2, "recurrent_predicate": true, "state": [3, 3, 2, 2], "tail": 0}
{"N": 4, "decoder": 1, "fibre": 1, "kind": "state", "m": 4, "next": [2, 2, 3, 2], "period": 4, "recurrent_predicate": true, "state": [3, 3, 2, 3], "tail": 0}
{"N": 4, "decoder": 4, "fibre": 4, "kind": "state", "m": 4, "next": [2, 2, 2, 1], "period": 4, "recurrent_predicate": true, "state": [3, 3, 3, 0], "tail": 0}
{"N": 4, "decoder": 3, "fibre": 3, "kind": "state", "m": 4, "next": [2, 2, 2, 2], "period": 1, "recurrent_predicate": false, "state": [3, 3, 3, 1], "tail": 1}
{"N": 4, "decoder": 1, "fibre": 1, "kind": "state", "m": 4, "next": [2, 2, 2, 3], "period": 4, "recurrent_predicate": true, "state": [3, 3, 3, 2], "tail": 0}
{"N": 4, "decoder": 5, "fibre": 5, "kind": "state", "m": 4, "next": [3, 3, 3, 3], "period": 1, "recurrent_predicate": true, "state": [3, 3, 3, 3], "tail": 0}
{"N": 5, "decoder": 16, "fibre": 16, "kind": "state", "m": 4, "next": [1, 1, 1, 1, 1], "period": 4, "recurrent_predicate": true, "state": [0, 0, 0, 0, 0], "tail": 0}
{"N": 5, "decoder": 4, "fibre": 4, "kind": "state", "m": 4, "next": [0, 0, 0, 0, 2], "period": 4, "recurrent_predicate": false, "state": [0, 0, 0, 0, 1], "tail": 3}
{"N": 5, "decoder": 1, "fibre": 1, "kind": "state", "m": 4, "next": [0, 0, 0, 0, 3], "period": 4, "recurrent_predicate": false, "state": [0, 0, 0, 0, 2], "tail": 2}
{"N": 5, "decoder": 5, "fibre": 5, "kind": "state", "m": 4, "next": [0, 0, 0, 0, 0], "period": 4, "recurrent_predicate": false, "state": [0, 0, 0, 0, 3], "tail": 1}
{"N": 5, "decoder": 4, "fibre": 4, "kind": "state", "m": 4, "next": [0, 0, 0, 2, 0], "period": 4, "recurrent_predicate": false, "state": [0, 0, 0, 1, 0], "tail": 3}
{"N": 5, "decoder": 1, "fibre": 1, "kind": "state", "m": 4, "next": [3, 3, 3, 3, 3], "period": 4, "recurrent_predicate": false, "state": [0, 0, 0, 1, 1], "tail": 1}
{"N": 5, "decoder": 3, "fibre": 3, "kind": "state", "m": 4, "next": [3, 3, 3, 2, 3], "period": 4, "recurrent_predicate": false, "state": [0, 0, 0, 1, 2], "tail": 2}
{"N": 5, "decoder": 1, "fibre": 1, "kind": "state", "m": 4, "next": [3, 3, 3, 2, 0], "period": 4, "recurrent_predicate": true, "state": [0, 0, 0, 1, 3], "tail": 0}
{"N": 5, "decoder": 1, "fibre": 1, "kind": "state", "m": 4, "next": [0, 0, 0, 3, 0], "period": 4, "recurrent_predicate": false, "state": [0, 0, 0, 2, 0], "tail": 2}
{"N": 5, "decoder": 3, "fibre": 3, "kind": "state", "m": 4, "next": [3, 3, 3, 3, 2], "period": 4, "recurrent_predicate": false, "state": [0, 0, 0, 2, 1], "tail": 2}
{"N": 5, "decoder": 4, "fibre": 4, "kind": "state", "m": 4, "next": [3, 3, 3, 0, 0], "period": 4, "recurrent_predicate": false, "state": [0, 0, 0, 2, 2], "tail": 2}
{"N": 5, "decoder": 0, "fibre": 0, "kind": "state", "m": 4, "next": [3, 3, 3, 3, 0], "period": 4, "recurrent_predicate": false, "state": [0, 0, 0, 2, 3], "tail": 4}
{"N": 5, "decoder": 5, "fibre": 5, "kind": "state", "m": 4, "next": [0, 0, 0, 0, 0], "period": 4, "recurrent_predicate": false, "state": [0, 0, 0, 3, 0], "tail": 1}
{"N": 5, "decoder": 1, "fibre": 1, "kind": "state", "m": 4, "next": [3, 3, 3, 0, 2], "period": 4, "recurrent_predicate": true, "state": [0, 0, 0, 3, 1], "tail": 0}
{"N": 5, "decoder": 0, "fibre": 0, "kind": "state", "m": 4, "next": [3, 3, 3, 0, 3], "period": 4, "recurrent_predicate": false, "state": [0, 0, 0, 3, 2], "tail": 4}
{"N": 5, "decoder": 3, "fibre": 3, "kind": "state", "m": 4, "next": [3, 3, 3, 1, 1], "period": 4, "recurrent_predicate": false, "state": [0, 0, 0, 3, 3], "tail": 3}
{"N": 5, "decoder": 4, "fibre": 4, "kind": "state", "m": 4, "next": [0, 0, 2, 0, 0], "period": 4, "recurrent_predicate": false, "state": [0, 0, 1, 0, 0], "tail": 3}
{"N": 5, "decoder": 1, "fibre": 1, "kind": "state", "m": 4, "next": [3, 3, 3, 3, 3], "period": 4, "recurrent_predicate": false, "state": [0, 0, 1, 0, 1], "tail": 1}
{"N": 5, "decoder": 3, "fibre": 3, "kind": "state", "m": 4, "next": [3, 3, 2, 3, 3], "period": 4, "recurrent_predicate": false, "state": [0, 0, 1, 0, 2], "tail": 2}
{"N": 5, "decoder": 1, "fibre": 1, "kind": "state", "m": 4, "next": [3, 3, 2, 3, 0], "period": 4, "recurrent_predicate": true, "state": [0, 0, 1, 0, 3], "tail": 0}
{"N": 5, "decoder": 1, "fibre": 1, "kind": "state", "m": 4, "next": [3, 3, 3, 3, 3], "period": 4, "recurrent_predicate": false, "state": [0, 0, 1, 1, 0], "tail": 1}
{"N": 5, "decoder": 3, "fibre": 3, "kind": "state", "m": 4, "next": [2, 2, 0, 0, 0], "period": 4, "recurrent_predicate": false, "state": [0, 0, 1, 1, 1], "tail": 3}
{"N": 5, "decoder": 1, "fibre": 1, "kind": "state", "m": 4, "next": [2, 2, 3, 3, 3], "period": 4, "recurrent_predicate": false, "state": [0, 0, 1, 1, 2], "tail": 4}
{"N": 5, "decoder": 0, "fibre": 0, "kind": "state", "m": 4, "next": [2, 2, 3, 3, 0], "period": 4, "recurrent_predicate": false, "state": [0, 0, 1, 1, 3], "tail": 5}
{"N": 5, "decoder": 3, "fibre": 3, "kind": "state", "m": 4, "next": [3, 3, 2, 3, 3], "period": 4, "recurrent_predicate": false, "state": [0, 0, 1, 2, 0], "tail": 2}
{"N": 5, "decoder": 1, "fibre": 1, "kind": "state", "m": 4, "next": [2, 2, 3, 3, 3], "period": 4, "recurrent_predicate": false, "state": [0, 0, 1, 2, 1], "tail": 4}
{"N": 5, "decoder": 0, "fibre": 0, "kind": "state", "m": 4, "next": [2, 2, 2, 0, 0], "period": 4, "recurrent_predicate": false, "state": [0, 0, 1, 2, 2], "tail": 3}
{"N": 5, "decoder": 0, "fibre": 0, "kind": "state", "m": 4, "next": [2, 2, 2, 3, 0], "period": 4, "recurrent_predicate": false, "state": [0, 0, 1, 2, 3], "tail": 3}
{"N": 5, "decoder": 1, "fibre": 1, "kind": "state", "m": 4, "next": [3, 3, 2, 0, 3], "period": 4, "recurrent_predicate": true, "state": [0, 0, 1, 3, 0], "tail": 0}
{"N": 5, "decoder": 0, "fibre": 0, "kind": "state", "m": 4, "next": [2, 2, 3, 0, 3], "period": 4, "recurrent_predicate": false, "state": [0, 0, 1, 3, 1], "tail": 5}
{"N": 5, "decoder": 0, "fibre": 0, "kind": "state", "m": 4, "next": [2, 2, 2, 0, 3], "period": 4, "recurrent_predicate": false, "state": [0, 0, 1, 3, 2], "tail": 3}
{"N": 5, "decoder": 1, "fibre": 1, "kind": "state", "m": 4, "next": [2, 2, 2, 1, 1], "period": 4, "recurrent_predicate": false, "state": [0, 0, 1, 3, 3], "tail": 4}
{"N": 5, "decoder": 1, "fibre": 1, "kind": "state", "m": 4, "next": [0, 0, 3, 0, 0], "period": 4, "recurrent_predicate": false, "state": [0, 0, 2, 0, 0], "tail": 2}
{"N": 5, "decoder": 3, "fibre": 3, "kind": "state", "m": 4, "next": [3, 3, 3, 3, 2], "period": 4, "recurrent_predicate": false, "state": [0, 0, 2, 0, 1], "tail": 2}
{"N": 5, "decoder": 4, "fibre": 4, "kind": "state", "m": 4, "next": [3, 3, 0, 3, 0], "period": 4, "recurrent_predicate": false, "state": [0, 0, 2, 0, 2], "tail": 2}
{"N": 5, "decoder": 0, "fibre": 0, "kind": "state", "m": 4, "next": [3, 3, 3, 3, 0], "period": 4, "recurrent_predicate": false, "state": [0, 0, 2, 0, 3], "tail": 4}
{"N": 5, "decoder": 3, "fibre": 3, "kind": "state", "m": 4, "next": [3, 3, 3, 2, 3], "period": 4, "recurrent_predicate": false, "state": [0, 0, 2, 1, 0], "tail": 2}
{"N": 5, "decoder": 1, "fibre": 1, "kind": "state", "m": 4, "next": [2, 2, 3, 3, 3], "period": 4, "recurrent_predicate": false, "state": [0, 0, 2, 1, 1], "tail": 4}
{"N": 5, "decoder": 0, "fibre": 0, "kind": "state", "m": 4, "next": [2, 2, 0, 2, 0], "period": 4, "recurrent_predicate": false, "state": [0, 0, 2, 1, 2], "tail": 3}
{"N": 5, "decoder": 0, "fibre": 0, "kind": "state", "m": 4, "next": [2, 2, 3, 2, 0], "period": 4, "recurrent_predicate": false, "state": [0, 0, 2, 1, 3], "tail": 3}
{"N": 5, "decoder": 4, "fibre": 4, "kind": "state", "m": 4, "next": [3, 3, 0, 0, 3], "period": 4, "recurrent_predicate": false, "state": [0, 0, 2, 2, 0], "tail": 2}
{"N": 5, "decoder": 0, "fibre": 0, "kind": "state", "m": 4, "next": [2, 2, 0, 0, 2], "period": 4, "recurrent_predicate": false, "state": [0, 0, 2, 2, 1], "tail": 3}
{"N": 5, "decoder": 4, "fibre": 4, "kind": "state", "m": 4, "next": [2, 2, 1, 1, 1], "period": 4, "recurrent_predicate": false, "state": [0, 0, 2, 2, 2], "tail": 2}
{"N": 5, "decoder": 0, "fibre": 0, "kind": "state", "m": 4, "next": [2, 2, 0, 0, 0], "period": 4, "recurrent_predicate": false, "state": [0, 0, 2, 2, 3], "tail": 3}
{"N": 5, "decoder": 0, "fibre": 0, "kind": "state", "m": 4, "next": [3, 3, 3, 0, 3], "period": 4, "recurrent_predicate": false, "state": [0, 0, 2, 3, 0], "tail": 4}
{"N": 5, "decoder": 0, "fibre": 0, "kind": "state", "m": 4, "next": [2, 2, 3, 0, 2], "period": 4, "recurrent_predicate": false, "state": [0, 0, 2, 3, 1], "tail": 3}
{"N": 5, "decoder": 0, "fibre": 0, "kind": "state", "m": 4, "next": [2, 2, 0, 0, 0], "period": 4, "recurrent_predicate": false, "state": [0, 0, 2, 3, 2], "tail": 3}
{"N": 5, "decoder": 0, "fibre": 0, "kind": "state", "m": 4, "next": [2, 2, 3, 1, 1], "period": 4, "recurrent_predicate": false, "state": [0, 0, 2, 3, 3], "tail": 5}
{"N": 5, "decoder": 5, "fibre": 5, "kind": "state", "m": 4, "next": [0, 0, 0, 0, 0], "period": 4, "recurrent_predicate": false, "state": [0, 0, 3, 0, 0], "tail": 1}
{"N": 5, "decoder": 1, "fibre": 1, "kind": "state", "m": 4, "next": [3, 3, 0, 3, 2], "period": 4, "recurrent_predicate": true, "state": [0, 0, 3, 0, 1], "tail": 0}
{"N": 5, "decoder": 0, "fibre": 0, "kind": "state", "m": 4, "next": [3, 3, 0, 3, 3], "period": 4, "recurrent_predicate": false, "state": [0, 0, 3, 0, 2], "tail": 4}
{"N": 5, "decoder": 3, "fibre": 3, "kind": "state", "m": 4, "next": [3, 3, 1, 3, 1], "period": 4, "recurrent_predicate": false, "state": [0, 0, 3, 0, 3], "tail": 3}
{"N": 5, "decoder": 1, "fibre": 1, "kind": "state", "m": 4, "next": [3, 3, 0, 2, 3], "period": 4, "recurrent_predicate": true, "state": [0, 0, 3, 1, 0], "tail": 0}
{"N": 5, "decoder": 0, "fibre": 0, "kind": "state", "m": 4, "next": [2, 2, 0, 3, 3], "period": 4, "recurrent_predicate": false, "state": [0, 0, 3, 1, 1], "tail": 5}
{"N": 5, "decoder": 0, "fibre": 0, "kind": "state", "m": 4, "next": [2, 2, 0, 2, 3], "period": 4, "recurrent_predicate": false, "state": [0, 0, 3, 1, 2], "tail": 3}
{"N": 5, "decoder": 1, "fibre": 1, "kind": "state", "m": 4, "next": [2, 2, 1, 2, 1], "period": 4, "recurrent_predicate": false, "state": [0, 0, 3, 1, 3], "tail": 4}
{"N": 5, "decoder": 0, "fibre": 0, "kind": "state", "m": 4, "next": [3, 3, 0, 3, 3], "period": 4, "recurrent_predicate": false, "state": [0, 0, 3, 2, 0], "tail": 4}
{"N": 5, "decoder": 0, "fibre": 0, "kind": "state", "m": 4, "next": [2, 2, 0, 3, 2], "period": 4, "recurrent_predicate": false, "state": [0, 0, 3, 2, 1], "tail": 3}
{"N": 5, "decoder": 0, "fibre": 0, "kind": "state", "m": 4, "next": [2, 2, 0, 0, 0], "period": 4, "recurrent_predicate": false, "state": [0, 0, 3, 2, 2], "tail": 3}
{"N": 5, "decoder": 0, "fibre": 0, "kind": "state", "m": 4, "next": [2, 2, 1, 3, 1], "period": 4, "recurrent_predicate": false, "state": [0, 0, 3, 2, 3], "tail": 5}
{"N": 5, "decoder": 3, "fibre": 3, "kind": "state", "m": 4, "next": [3, 3, 1, 1, 3], "period": 4, "recurrent_predicate": false, "state": [0, 0, 3, 3, 0], "tail": 3}
{"N": 5, "decoder": 1, "fibre": 1, "kind": "state", "m": 4, "next": [2, 2, 1, 1, 2], "period": 4, "recurrent_predicate": false, "state": [0, 0, 3, 3, 1], "tail": 4}
{"N": 5, "decoder": 0, "fibre": 0, "kind": "state", "m": 4, "next": [2, 2, 1, 1, 3], "period": 4, "recurrent_predicate": false, "state": [0, 0, 3, 3, 2], "tail": 5}
{"N": 5, "decoder": 1, "fibre": 1, "kind": "state", "m": 4, "next": [2, 2, 2, 2, 2], "period": 4, "recurrent_predicate": false, "state": [0, 0, 3, 3, 3], "tail": 1}
{"N": 5, "decoder": 4, "fibre": 4, "kind": "state", "m": 4, "next": [0, 2, 0, 0, 0], "period": 4, "recurrent_predicate": false, "state": [0, 1, 0, 0, 0], "tail": 3}
{"N": 5, "decoder": 1, "fibre": 1, "kind": "state", "m": 4, "next": [3, 3, 3, 3, 3], "period": 4, "recurrent_predicate": false, "state": [0, 1, 0, 0, 1], "tail": 1}
{"N": 5, "decoder": 3, "fibre": 3, "kind": "state", "m": 4, "next": [3, 2, 3, 3, 3], "period": 4, "recurrent_predicate": false, "state": [0, 1, 0, 0, 2], "tail": 2}
{"N": 5, "decoder": 1, "fibre": 1, "kind": "state", "m": 4, "next": [3, 2, 3, 3, 0], "period": 4, "recurrent_predicate": true, "state": [0, 1, 0, 0, 3], "tail": 0}
{"N": 5, "decoder": 1, "fibre": 1, "kind": "state", "m": 4, "next": [3, 3, 3, 3, 3], "period": 4, "recurrent_predicate": false, "state": [0, 1, 0, 1, 0], "tail": 1}
{"N": 5, "decoder": 3, "fibre": 3, "kind": "state", "m": 4, "next": [2, 0, 2, 0, 0], "period": 4, "recurrent_predicate": false, "state": [0, 1, 0, 1, 1], "tail": 3}
{"N": 5, "decoder": 1, "fibre": 1, "kind": "state", "m": 4, "next": [2, 3, 2, 3, 3], "period": 4, "recurrent_predicate": false, "state": [0, 1, 0, 1, 2], "tail": 4}
{"N": 5, "decoder": 0, "fibre": 0, "kind": "state", "m": 4, "next": [2, 3, 2, 3, 0], "period": 4, "recurrent_predicate": false, "state": [0, 1, 0, 1, 3], "tail": 5}
{"N": 5, "decoder": 3, "fibre": 3, "kind": "state", "m": 4, "next": [3, 2, 3, 3, 3], "period": 4, "recurrent_predicate": false, "state": [0, 1, 0, 2, 0], "tail": 2}
{"N": 5, "decoder": 1, "fibre": 1, "kind": "state", "m": 4, "next": [2, 3, 2, 3, 3], "period": 4, "recurrent_predicate": false, "state": [0, 1, 0, 2, 1], "tail": 4}
{"N": 5, "decoder": 0, "fibre": 0, "kind": "state", "m": 4, "next": [2, 2, 2, 0, 0], "period": 4, "recurrent_predicate": false, "state": [0, 1, 0, 2, 2], "tail": 3}
{"N": 5, "decoder": 0, "fibre": 0, "kind": "state", "m": 4, "next": [2, 2, 2, 3, 0], "period": 4, "recurrent_predicate": false, "state": [0, 1, 0, 2, 3], "tail": 3}
{"N": 5, "decoder": 1, "fibre": 1, "kind": "state", "m": 4, "next": [3, 2, 3, 0, 3], "period": 4, "recurrent_predicate": true, "state": [0, 1, 0, 3, 0], "tail": 0}
{"N": 5, "decoder": 0, "fibre": 0, "kind": "state", "m": 4, "next": [2, 3, 2, 0, 3], "period": 4, "recurrent_predicate": false, "state": [0, 1, 0, 3, 1], "tail": 5}
{"N": 5, "decoder": 0, "fibre": 0, "kind": "state", "m": 4, "next": [2, 2, 2, 0, 3], "period": 4, "recurrent_predicate": false, "state": [0, 1, 0, 3, 2], "tail": 3}
{"N": 5, "decoder": 1, "fibre": 1, "kind": "state", "m": 4, "next": [2, 2, 2, 1, 1], "period": 4, "recurrent_predicate": false, "state": [0, 1, 0, 3, 3], "tail": 4}
{"N": 5, "decoder": 1, "fibre": 1, "kind": "state", "m": 4, "next": [3, 3, 3, 3, 3], "period": 4, "recurrent_predicate": false, "state": [0, 1, 1, 0, 0], "tail": 1}
{"N": 5, "decoder": 3, "fibre": 3, "kind": "state", "m": 4, "next": [2, 0, 0, 2, 0], "period": 4, "recurrent_predicate": false, "state": [0, 1, 1, 0, 1], "tail": 3}
{"N": 5, "decoder": 1, "fibre": 1, "kind": "state", "m": 4, "next": [2, 3, 3, 2, 3], "period": 4, "recurrent_predicate": false, "state": [0, 1, 1, 0, 2], "tail": 4}
{"N": 5, "decoder": 0, "fibre": 0, "kind": "state", "m": 4, "next": [2, 3, 3, 2, 0], "period": 4, "recurrent_predicate": false, "state": [0, 1, 1, 0, 3], "tail": 5}
{"N": 5, "decoder": 3, "fibre": 3, "kind": "state", "m": 4, "next": [2, 0, 0, 0, 2], "period": 4, "recurrent_predicate": false, "state": [0, 1, 1, 1, 0], "tail": 3}
{"N": 5, "decoder": 5, "fibre": 5, "kind": "state", "m": 4, "next": [1, 1, 1, 1, 1], "period": 4, "recurrent_predicate": false, "state": [0, 1, 1, 1, 1], "tail": 1}
{"N": 5, "decoder": 1, "fibre": 1, "kind": "state", "m": 4, "next": [1, 0, 0, 0, 3], "period": 4, "recurrent_predicate": true, "state": [0, 1, 1, 1, 2], "tail": 0}
{"N": 5, "decoder": 0, "fibre": 0, "kind": "state", "m": 4, "next": [1, 0, 0, 0, 0], "period": 4, "recurrent_predicate": false, "state": [0, 1, 1, 1, 3], "tail": 4}
{"N": 5, "decoder": 1, "fibre": 1, "kind": "state", "m": 4, "next": [2, 3, 3, 3, 2], "period": 4, "recurrent_predicate": false, "state": [0, 1, 1, 2, 0], "tail": 4}
{"N": 5, "decoder": 1, "fibre": 1, "kind": "state", "m": 4, "next": [1, 0, 0, 3, 0], "period": 4, "recurrent_predicate": true, "state": [0, 1, 1, 2, 1], "tail": 0}
{"N": 5, "decoder": 0, "fibre": 0, "kind": "state", "m": 4, "next": [1, 3, 3, 0, 0], "period": 4, "recurrent_predicate": false, "state": [0, 1, 1, 2, 2], "tail": 5}
{"N": 5, "decoder": 0, "fibre": 0, "kind": "state", "m": 4, "next": [1, 3, 3, 3, 0], "period": 4, "recurrent_predicate": false, "state": [0, 1, 1, 2, 3], "tail": 3}
{"N": 5, "decoder": 0, "fibre": 0, "kind": "state", "m": 4, "next": [2, 3, 3, 0, 2], "period": 4, "recurrent_predicate": false, "state": [0, 1, 1, 3, 0], "tail": 5}
{"N": 5, "decoder": 0, "fibre": 0, "kind": "state", "m": 4, "next": [1, 0, 0, 0, 0], "period": 4, "recurrent_predicate": false, "state": [0, 1, 1, 3, 1], "tail": 4}
{"N": 5, "decoder": 0, "fibre": 0, "kind": "state", "m": 4, "next": [1, 3, 3, 0, 3], "period": 4, "recurrent_predicate": false, "state": [0, 1, 1, 3, 2], "tail": 3}
{"N": 5, "decoder": 0, "fibre": 0, "kind": "state", "m": 4, "next": [1, 3, 3, 1, 1], "period": 4, "recurrent_predicate": false, "state": [0, 1, 1, 3, 3], "tail": 3}
{"N": 5, "decoder": 3, "fibre": 3, "kind": "state", "m": 4, "next": [3, 2, 3, 3, 3], "period": 4, "recurrent_predicate": false, "state": [0, 1, 2, 0, 0], "tail": 2}
{"N": 5, "decoder": 1, "fibre": 1, "kind": "state", "m": 4, "next": [2, 3, 3, 2, 3], "period": 4, "recurrent_predicate": false, "state": [0, 1, 2, 0, 1], "tail": 4}
{"N": 5, "decoder": 0, "fibre": 0, "kind": "state", "m": 4, "next": [2, 2, 0, 2, 0], "period": 4, "recurrent_predicate": false, "state": [0, 1, 2, 0, 2], "tail": 3}
{"N": 5, "decoder": 0, "fibre": 0, "kind": "state", "m": 4, "next": [2, 2, 3, 2, 0], "period": 4, "recurrent_predicate": false, "state": [0, 1, 2, 0, 3], "tail": 3}
{"N": 5, "decoder": 1, "fibre": 1, "kind": "state", "m": 4, "next": [2, 3, 3, 3, 2], "period": 4, "recurrent_predicate": false, "state": [0, 1, 2, 1, 0], "tail": 4}
{"N": 5, "decoder": 1, "fibre": 1, "kind": "state", "m": 4, "next": [1, 0, 3, 0, 0], "period": 4, "recurrent_predicate": true, "state": [0, 1, 2, 1, 1], "tail": 0}
{"N": 5, "decoder": 0, "fibre": 0, "kind": "state", "m": 4, "next": [1, 3, 0, 3, 0], "period": 4, "recurrent_predicate": false, "state": [0, 1, 2, 1, 2], "tail": 5}
{"N": 5, "decoder": 0, "fibre": 0, "kind": "state", "m": 4, "next": [1, 3, 3, 3, 0], "period": 4, "recurrent_predicate": false, "state": [0, 1, 2, 1, 3], "tail": 3}
{"N": 5, "decoder": 0, "fibre": 0, "kind": "state", "m": 4, "next": [2, 2, 0, 0, 2], "period": 4, "recurrent_predicate": false, "state": [0, 1, 2, 2, 0], "tail": 3}
{"N": 5, "decoder": 0, "fibre": 0, "kind": "state", "m": 4, "next": [1, 3, 0, 0, 3], "period": 4, "recurrent_predicate": false, "state": [0, 1, 2, 2, 1], "tail": 5}
{"N": 5, "decoder": 0, "fibre": 0, "kind": "state", "m": 4, "next": [1, 2, 1, 1, 1], "period": 4, "recurrent_predicate": false, "state": [0, 1, 2, 2, 2], "tail": 4}
{"N": 5, "decoder": 0, "fibre": 0, "kind": "state", "m": 4, "next": [1, 2, 0, 0, 0], "period": 4, "recurrent_predicate": false, "state": [0, 1, 2, 2, 3], "tail": 3}
{"N": 5, "decoder": 0, "fibre": 0, "kind": "state", "m": 4, "next": [2, 2, 3, 0, 2], "period": 4, "recurrent_predicate": false, "state": [0, 1, 2, 3, 0], "tail": 3}
{"N": 5, "decoder": 0, "fibre": 0, "kind": "state", "m": 4, "next": [1, 3, 3, 0, 3], "period": 4, "recurrent_predicate": false, "state": [0, 1, 2, 3, 1], "tail": 3}
{"N": 5, "decoder": 0, "fibre": 0, "kind": "state", "m": 4, "next": [1, 2, 0, 0, 0], "period": 4, "recurrent_predicate": false, "state": [0, 1, 2, 3, 2], "tail": 3}
{"N": 5, "decoder": 0, "fibre": 0, "kind": "state", "m": 4, "next": [1, 2, 3, 1, 1], "period": 4, "recurrent_predicate": false, "state": [0, 1, 2, 3, 3], "tail": 3}
{"N": 5, "decoder": 1, "fibre": 1, "kind": "state", "m": 4, "next": [3, 2, 0, 3, 3], "period": 4, "recurrent_predicate": true, "state": [0, 1, 3, 0, 0], "tail": 0}
{"N": 5, "decoder": 0, "fibre": 0, "kind": "state", "m": 4, "next": [2, 3, 0, 2, 3], "period": 4, "recurrent_predicate": false, "state": [0, 1, 3, 0, 1], "tail": 5}
{"N": 5, "decoder": 0, "fibre": 0, "kind": "state", "m": 4, "next": [2, 2, 0, 2, 3], "period": 4, "recurrent_predicate": false, "state": [0, 1, 3, 0, 2], "tail": 3}
{"N": 5, "decoder": 1, "fibre": 1, "kind": "state", "m": 4, "next": [2, 2, 1, 2, 1], "period": 4, "recurrent_predicate": false, "state": [0, 1, 3, 0, 3], "tail": 4}
{"N": 5, "decoder": 0, "fibre": 0, "kind": "state", "m": 4, "next": [2, 3, 0, 3, 2], "period": 4, "recurrent_predicate": false, "state": [0, 1, 3, 1, 0], "tail": 5}
{"N": 5, "decoder": 0, "fibre": 0, "kind": "state", "m": 4, "next": [1, 0, 0, 0, 0], "period": 4, "recurrent_predicate": false, "state": [0, 1, 3, 1, 1], "tail": 4}
{"N": 5, "decoder": 0, "fibre": 0, "kind": "state", "m": 4, "next": [1, 3, 0, 3, 3], "period": 4, "recurrent_predicate": false, "state": [0, 1, 3, 1, 2], "tail": 3}
{"N": 5, "decoder": 0, "fibre": 0, "kind": "state", "m": 4, "next": [1, 3, 1, 3, 1], "period": 4, "recurrent_predicate": false, "state": [0, 1, 3, 1, 3], "tail": 3}
{"N": 5, "decoder": 0, "fibre": 0, "kind": "state", "m": 4, "next": [2, 2, 0, 3, 2], "period": 4, "recurrent_predicate": false, "state": [0, 1, 3, 2, 0], "tail": 3}
{"N": 5, "decoder": 0, "fibre": 0, "kind": "state", "m": 4, "next": [1, 3, 0, 3, 3], "period": 4, "recurrent_predicate": false, "state": [0, 1, 3, 2, 1], "tail": 3}
{"N": 5, "decoder": 0, "fibre": 0, "kind": "state", "m": 4, "next": [1, 2, 0, 0, 0], "period": 4, "recurrent_predicate": false, "state": [0, 1, 3, 2, 2], "tail": 3}
{"N": 5, "decoder": 0, "fibre": 0, "kind": "state", "m": 4, "next": [1, 2, 1, 3, 1], "period": 4, "recurrent_predicate": false, "state": [0, 1, 3, 2, 3], "tail": 3}
{"N": 5, "decoder": 1, "fibre": 1, "kind": "state", "m": 4, "next": [2, 2, 1, 1, 2], "period": 4, "recurrent_predicate": false, "state": [0, 1, 3, 3, 0], "tail": 4}
{"N": 5, "decoder": 0, "fibre": 0, "kind": "state", "m": 4, "next": [1, 3, 1, 1, 3], "period": 4, "recurrent_predicate": false, "state": [0, 1, 3, 3, 1], "tail": 3}
{"N": 5, "decoder": 0, "fibre": 0, "kind": "state", "m": 4, "next": [1, 2, 1, 1, 3], "period": 4, "recurrent_predicate": false, "state": [0, 1, 3, 3, 2], "tail": 3}
{"N": 5, "decoder": 3, "fibre": 3, "kind": "state", "m": 4, "next": [1, 2, 2, 2, 2], "period": 4, "recurrent_predicate": false, "state": [0, 1, 3, 3, 3], "tail": 2}
{"N": 5, "decoder": 1, "fibre": 1, "kind": "state", "m": 4, "next": [0, 3, 0, 0, 0], "period": 4, "recurrent_predicate": false, "state": [0, 2, 0, 0, 0], "tail": 2}
{"N": 5, "decoder": 3, "fibre": 3, "kind": "state", "m": 4, "next": [3, 3, 3, 3, 2], "period": 4, "recurrent_predicate": false, "state": [0, 2, 0, 0, 1], "tail": 2}
{"N": 5, "decoder": 4, "fibre": 4, "kind": "state", "m": 4, "next": [3, 0, 3, 3, 0], "period": 4, "recurrent_predicate": false, "state": [0, 2, 0, 0, 2], "tail": 2}
{"N": 5, "decoder": 0, "fibre": 0, "kind": "state", "m": 4, "next": [3, 3, 3, 3, 0], "period": 4, "recurrent_predicate": false, "state": [0, 2, 0, 0, 3], "tail": 4}
{"N": 5, "decoder": 3, "fibre": 3, "kind": "state", "m": 4, "next": [3, 3, 3, 2, 3], "period": 4, "recurrent_predicate": false, "state": [0, 2, 0, 1, 0], "tail": 2}
{"N": 5, "decoder": 1, "fibre": 1, "kind": "state", "m": 4, "next": [2, 3, 2, 3, 3], "period": 4, "recurrent_predicate": false, "state": [0, 2, 0, 1, 1], "tail": 4}
{"N": 5, "decoder": 0, "fibre": 0, "kind": "state", "m": 4, "next": [2, 0, 2, 2, 0], "period": 4, "recurrent_predicate": false, "state": [0, 2, 0, 1, 2], "tail": 3}
{"N": 5, "decoder": 0, "fibre": 0, "kind": "state", "m": 4, "next": [2, 3, 2, 2, 0], "period": 4, "recurrent_predicate": false, "state": [0, 2, 0, 1, 3], "tail": 3}
{"N": 5, "decoder": 4, "fibre": 4, "kind": "state", "m": 4, "next": [3, 0, 3, 0, 3], "period": 4, "recurrent_predicate": false, "state": [0, 2, 0, 2, 0], "tail": 2}
{"N": 5, "decoder": 0, "fibre": 0, "kind": "state", "m": 4, "next": [2, 0, 2, 0, 2], "period": 4, "recurrent_predicate": false, "state": [0, 2, 0, 2, 1], "tail": 3}
{"N": 5, "decoder": 4, "fibre": 4, "kind": "state", "m": 4, "next": [2, 1, 2, 1, 1], "period": 4, "recurrent_predicate": false, "state": [0, 2, 0, 2, 2], "tail": 2}
{"N": 5, "decoder": 0, "fibre": 0, "kind": "state", "m": 4, "next": [2, 0, 2, 0, 0], "period": 4, "recurrent_predicate": false, "state": [0, 2, 0, 2, 3], "tail": 3}
{"N": 5, "decoder": 0, "fibre": 0, "kind": "state", "m": 4, "next": [3, 3, 3, 0, 3], "period": 4, "recurrent_predicate": false, "state": [0, 2, 0, 3, 0], "tail": 4}
{"N": 5, "decoder": 0, "fibre": 0, "kind": "state", "m": 4, "next": [2, 3, 2, 0, 2], "period": 4, "recurrent_predicate": false, "state": [0, 2, 0, 3, 1], "tail": 3}
{"N": 5, "decoder": 0, "fibre": 0, "kind": "state", "m": 4, "next": [2, 0, 2, 0, 0], "period": 4, "recurrent_predicate": false, "state": [0, 2, 0, 3, 2], "tail": 3}
{"N": 5, "decoder": 0, "fibre": 0, "kind": "state", "m": 4, "next": [2, 3, 2, 1, 1], "period": 4, "recurrent_predicate": false, "state": [0, 2, 0, 3, 3], "tail": 5}
{"N": 5, "decoder": 3, "fibre": 3, "kind": "state", "m": 4, "next": [3, 3, 2, 3, 3], "period": 4, "recurrent_predicate": false, "state": [0, 2, 1, 0, 0], "tail": 2}
{"N": 5, "decoder": 1, "fibre": 1, "kind": "state", "m": 4, "next": [2, 3, 3, 2, 3], "period": 4, "recurrent_predicate": false, "state": [0, 2, 1, 0, 1], "tail": 4}
{"N": 5, "decoder": 0, "fibre": 0, "kind": "state", "m": 4, "next": [2, 0, 2, 2, 0], "period": 4, "recurrent_predicate": false, "state": [0, 2, 1, 0, 2], "tail": 3}
{"N": 5, "decoder": 0, "fibre": 0, "kind": "state", "m": 4, "next": [2, 3, 2, 2, 0], "period": 4, "recurrent_predicate": false, "state": [0, 2, 1, 0, 3], "tail": 3}
{"N": 5, "decoder": 1, "fibre": 1, "kind": "state", "m": 4, "next": [2, 3, 3, 3, 2], "period": 4, "recurrent_predicate": false, "state": [0, 2, 1, 1, 0], "tail": 4}
{"N": 5, "decoder": 1, "fibre": 1, "kind": "state", "m": 4, "next": [1, 3, 0, 0, 0], "period": 4, "recurrent_predicate": true, "state": [0, 2, 1, 1, 1], "tail": 0}
{"N": 5, "decoder": 0, "fibre": 0, "kind": "state", "m": 4, "next": [1, 0, 3, 3, 0], "period": 4, "recurrent_predicate": false, "state": [0, 2, 1, 1, 2], "tail": 5}
{"N": 5, "decoder": 0, "fibre": 0, "kind": "state", "m": 4, "next": [1, 3, 3, 3, 0], "period": 4, "recurrent_predicate": false, "state": [0, 2, 1, 1, 3], "tail": 3}
{"N": 5, "decoder": 0, "fibre": 0, "kind": "state", "m": 4, "next": [2, 0, 2, 0, 2], "period": 4, "recurrent_predicate": false, "state": [0, 2, 1, 2, 0], "tail": 3}
{"N": 5, "decoder": 0, "fibre": 0, "kind": "state", "m": 4, "next": [1, 0, 3, 0, 3], "period": 4, "recurrent_predicate": false, "state": [0, 2, 1, 2, 1], "tail": 5}
{"N": 5, "decoder": 0, "fibre": 0, "kind": "state", "m": 4, "next": [1, 1, 2, 1, 1], "period": 4, "recurrent_predicate": false, "state": [0, 2, 1, 2, 2], "tail": 4}
{"N": 5, "decoder": 0, "fibre": 0, "kind": "state", "m": 4, "next": [1, 0, 2, 0, 0], "period": 4, "recurrent_predicate": false, "state": [0, 2, 1, 2, 3], "tail": 3}
{"N": 5, "decoder": 0, "fibre": 0, "kind": "state", "m": 4, "next": [2, 3, 2, 0, 2], "period": 4, "recurrent_predicate": false, "state": [0, 2, 1, 3, 0], "tail": 3}
{"N": 5, "decoder": 0, "fibre": 0, "kind": "state", "m": 4, "next": [1, 3, 3, 0, 3], "period": 4, "recurrent_predicate": false, "state": [0, 2, 1, 3, 1], "tail": 3}
{"N": 5, "decoder": 0, "fibre": 0, "kind": "state", "m": 4, "next": [1, 0, 2, 0, 0], "period": 4, "recurrent_predicate": false, "state": [0, 2, 1, 3, 2], "tail": 3}
{"N": 5, "decoder": 0, "fibre": 0, "kind": "state", "m": 4, "next": [1, 3, 2, 1, 1], "period": 4, "recurrent_predicate": false, "state": [0, 2, 1, 3, 3], "tail": 3}
{"N": 5, "decoder": 4, "fibre": 4, "kind": "state", "m": 4, "next": [3, 0, 0, 3, 3], "period": 4, "recurrent_predicate": false, "state": [0, 2, 2, 0, 0], "tail": 2}
{"N": 5, "decoder": 0, "fibre": 0, "kind": "state", "m": 4, "next": [2, 0, 0, 2, 2], "period": 4, "recurrent_predicate": false, "state": [0, 2, 2, 0, 1], "tail": 3}
{"N": 5, "decoder": 4, "fibre": 4, "kind": "state", "m": 4, "next": [2, 1, 1, 2, 1], "period": 4, "recurrent_predicate": false, "state": [0, 2, 2, 0, 2], "tail": 2}
{"N": 5, "decoder": 0, "fibre": 0, "kind": "state", "m": 4, "next": [2, 0, 0, 2, 0], "period": 4, "recurrent_predicate": false, "state": [0, 2, 2, 0, 3], "tail": 3}
{"N": 5, "decoder": 0, "fibre": 0, "kind": "state", "m": 4, "next": [2, 0, 0, 2, 2], "period": 4, "recurrent_predicate": false, "state": [0, 2, 2, 1, 0], "tail": 3}
{"N": 5, "decoder": 0, "fibre": 0, "kind": "state", "m": 4, "next": [1, 0, 0, 3, 3], "period": 4, "recurrent_predicate": false, "state": [0, 2, 2, 1, 1], "tail": 5}
{"N": 5, "decoder": 0, "fibre": 0, "kind": "state", "m": 4, "next": [1, 1, 1, 2, 1], "period": 4, "recurrent_predicate": false, "state": [0, 2, 2, 1, 2], "tail": 4}
{"N": 5, "decoder": 0, "fibre": 0, "kind": "state", "m": 4, "next": [1, 0, 0, 2, 0], "period": 4, "recurrent_predicate": false, "state": [0, 2, 2, 1, 3], "tail": 3}
{"N": 5, "decoder": 4, "fibre": 4, "kind": "state", "m": 4, "next": [2, 1, 1, 1, 2], "period": 4, "recurrent_predicate": false, "state": [0, 2, 2, 2, 0], "tail": 2}
{"N": 5, "decoder": 0, "fibre": 0, "kind": "state", "m": 4, "next": [1, 1, 1, 1, 2], "period": 4, "recurrent_predicate": false, "state": [0, 2, 2, 2, 1], "tail": 4}
{"N": 5, "decoder": 1, "fibre": 1, "kind": "state", "m": 4, "next": [1, 2, 2, 2, 2], "period": 4, "recurrent_predicate": false, "state": [0, 2, 2, 2, 2], "tail": 2}
{"N": 5, "decoder": 3, "fibre": 3, "kind": "state", "m": 4, "next": [1, 1, 1, 1, 0], "period": 4, "recurrent_predicate": false, "state": [0, 2, 2, 2, 3], "tail": 2}
{"N": 5, "decoder": 0, "fibre": 0, "kind": "state", "m": 4, "next": [2, 0, 0, 0, 2], "period": 4, "recurrent_predicate": false, "state": [0, 2, 2, 3, 0], "tail": 3}
{"N": 5, "decoder": 0, "fibre": 0, "kind": "state", "m": 4, "next": [1, 0, 0, 0, 2], "period": 4, "recurrent_predicate": false, "state": [0, 2, 2, 3, 1], "tail": 3}
{"N": 5, "decoder": 3, "fibre": 3, "kind": "state", "m": 4, "next": [1, 1, 1, 0, 1], "period": 4, "recurrent_predicate": false, "state": [0, 2, 2, 3, 2], "tail": 2}
{"N": 5, "decoder": 1, "fibre": 1, "kind": "state", "m": 4, "next": [1, 0, 0, 1, 1], "period": 4, "recurrent_predicate": false, "state": [0, 2, 2, 3, 3], "tail": 4}
{"N": 5, "decoder": 0, "fibre": 0, "kind": "state", "m": 4, "next": [3, 3, 0, 3, 3], "period": 4, "recurrent_predicate": false, "state": [0, 2, 3, 0, 0], "tail": 4}
{"N": 5, "decoder": 0, "fibre": 0, "kind": "state", "m": 4, "next": [2, 3, 0, 2, 2], "period": 4, "recurrent_predicate": false, "state": [0, 2, 3, 0, 1], "tail": 3}
{"N": 5, "decoder": 0, "fibre": 0, "kind": "state", "m": 4, "next": [2, 0, 0, 2, 0], "period": 4, "recurrent_predicate": false, "state": [0, 2, 3, 0, 2], "tail": 3}
{"N": 5, "decoder": 0, "fibre": 0, "kind": "state", "m": 4, "next": [2, 3, 1, 2, 1], "period": 4, "recurrent_predicate": false, "state": [0, 2, 3, 0, 3], "tail": 5}
{"N": 5, "decoder": 0, "fibre": 0, "kind": "state", "m": 4, "next": [2, 3, 0, 2, 2], "period": 4, "recurrent_predicate": false, "state": [0, 2, 3, 1, 0], "tail": 3}
{"N": 5, "decoder": 0, "fibre": 0, "kind": "state", "m": 4, "next": [1, 3, 0, 3, 3], "period": 4, "recurrent_predicate": false, "state": [0, 2, 3, 1, 1], "tail": 3}
{"N": 5, "decoder": 0, "fibre": 0, "kind": "state", "m": 4, "next": [1, 0, 0, 2, 0], "period": 4, "recurrent_predicate": false, "state": [0, 2, 3, 1, 2], "tail": 3}
{"N": 5, "decoder": 0, "fibre": 0, "kind": "state", "m": 4, "next": [1, 3, 1, 2, 1], "period": 4, "recurrent_predicate": false, "state": [0, 2, 3, 1, 3], "tail": 3}
{"N": 5, "decoder": 0, "fibre": 0, "kind": "state", "m": 4, "next": [2, 0, 0, 0, 2], "period": 4, "recurrent_predicate": false, "state": [0, 2, 3, 2, 0], "tail": 3}
{"N": 5, "decoder": 0, "fibre": 0, "kind": "state", "m": 4, "next": [1, 0, 0, 0, 2], "period": 4, "recurrent_predicate": false, "state": [0, 2, 3, 2, 1], "tail": 3}
{"N": 5, "decoder": 3, "fibre": 3, "kind": "state", "m": 4, "next": [1, 1, 0, 1, 1], "period": 4, "recurrent_predicate": false, "state": [0, 2, 3, 2, 2], "tail": 2}
{"N": 5, "decoder": 1, "fibre": 1, "kind": "state", "m": 4, "next": [1, 0, 1, 0, 1], "period": 4, "recurrent_predicate": false, "state": [0, 2, 3, 2, 3], "tail": 4}
{"N": 5, "decoder": 0, "fibre": 0, "kind": "state", "m": 4, "next": [2, 3, 1, 1, 2], "period": 4, "recurrent_predicate": false, "state": [0, 2, 3, 3, 0], "tail": 5}
{"N": 5, "decoder": 0, "fibre": 0, "kind": "state", "m": 4, "next": [1, 3, 1, 1, 2], "period": 4, "recurrent_predicate": false, "state": [0, 2, 3, 3, 1], "tail": 3}
{"N": 5, "decoder": 1, "fibre": 1, "kind": "state", "m": 4, "next": [1, 0, 1, 1, 0], "period": 4, "recurrent_predicate": false, "state": [0, 2, 3, 3, 2], "tail": 4}
{"N": 5, "decoder": 1, "fibre": 1, "kind": "state", "m": 4, "next": [1, 3, 2, 2, 2], "period": 4, "recurrent_predicate": true, "state": [0, 2, 3, 3, 3], "tail": 0}
{"N": 5, "decoder": 5, "fibre": 5, "kind": "state", "m": 4, "next": [0, 0, 0, 0, 0], "period": 4, "recurrent_predicate": false, "state": [0, 3, 0, 0, 0], "tail": 1}
{"N": 5, "decoder": 1, "fibre": 1, "kind": "state", "m": 4, "next": [3, 0, 3, 3, 2], "period": 4, "recurrent_predicate": true, "state": [0, 3, 0, 0, 1], "tail": 0}
{"N": 5, "decoder": 0, "fibre": 0, "kind": "state", "m": 4, "next": [3, 0, 3, 3, 3], "period": 4, "recurrent_predicate": false, "state": [0, 3, 0, 0, 2], "tail": 4}
{"N": 5, "decoder": 3, "fibre": 3, "kind": "state", "m": 4, "next": [3, 1, 3, 3, 1], "period": 4, "recurrent_predicate": false, "state": [0, 3, 0, 0, 3], "tail": 3}
{"N": 5, "decoder": 1, "fibre": 1, "kind": "state", "m": 4, "next": [3, 0, 3, 2, 3], "period": 4, "recurrent_predicate": true, "state": [0, 3, 0, 1, 0], "tail": 0}
{"N": 5, "decoder": 0, "fibre": 0, "kind": "state", "m": 4, "next": [2, 0, 2, 3, 3], "period": 4, "recurrent_predicate": false, "state": [0, 3, 0, 1, 1], "tail": 5}
{"N": 5, "decoder": 0, "fibre": 0, "kind": "state", "m": 4, "next": [2, 0, 2, 2, 3], "period": 4, "recurrent_predicate": false, "state": [0, 3, 0, 1, 2], "tail": 3}
{"N": 5, "decoder": 1, "fibre": 1, "kind": "state", "m": 4, "next": [2, 1, 2, 2, 1], "period": 4, "recurrent_predicate": false, "state": [0, 3, 0, 1, 3], "tail": 4}
{"N": 5, "decoder": 0, "fibre": 0, "kind": "state", "m": 4, "next": [3, 0, 3, 3, 3], "period": 4, "recurrent_predicate": false, "state": [0, 3, 0, 2, 0], "tail": 4}
{"N": 5, "decoder": 0, "fibre": 0, "kind": "state", "m": 4, "next": [2, 0, 2, 3, 2], "period": 4, "recurrent_predicate": false, "state": [0, 3, 0, 2, 1], "tail": 3}
{"N": 5, "decoder": 0, "fibre": 0, "kind": "state", "m": 4, "next": [2, 0, 2, 0, 0], "period": 4, "recurrent_predicate": false, "state": [0, 3, 0, 2, 2], "tail": 3}
{"N": 5, "decoder": 0, "fibre": 0, "kind": "state", "m": 4, "next": [2, 1, 2, 3, 1], "period": 4, "recurrent_predicate": false, "state": [0, 3, 0, 2, 3], "tail": 5}
{"N": 5, "decoder": 3, "fibre": 3, "kind": "state", "m": 4, "next": [3, 1, 3, 1, 3], "period": 4, "recurrent_predicate": false, "state": [0, 3, 0, 3, 0], "tail": 3}
{"N": 5, "decoder": 1, "fibre": 1, "kind": "state", "m": 4, "next": [2, 1, 2, 1, 2], "period": 4, "recurrent_predicate": false, "state": [0, 3, 0, 3, 1], "tail": 4}
{"N": 5, "decoder": 0, "fibre": 0, "kind": "state", "m": 4, "next": [2, 1, 2, 1, 3], "period": 4, "recurrent_predicate": false, "state": [0, 3, 0, 3, 2], "tail": 5}
{"N": 5, "decoder": 1, "fibre": 1, "kind": "state", "m": 4, "next": [2, 2, 2, 2, 2], "period": 4, "recurrent_predicate": false, "state": [0, 3, 0, 3, 3], "tail": 1}
{"N": 5, "decoder": 1, "fibre": 1, "kind": "state", "m": 4, "next": [3, 0, 2, 3, 3], "period": 4, "recurrent_predicate": true, "state": [0, 3, 1, 0, 0], "tail": 0}
{"N": 5, "decoder": 0, "fibre": 0, "kind": "state", "m": 4, "next": [2, 0, 3, 2, 3], "period": 4, "recurrent_predicate": false, "state": [0, 3, 1, 0, 1], "tail": 5}
{"N": 5, "decoder": 0, "fibre": 0, "kind": "state", "m": 4, "next": [2, 0, 2, 2, 3], "period": 4, "recurrent_predicate": false, "state": [0, 3, 1, 0, 2], "tail": 3}
{"N": 5, "decoder": 1, "fibre": 1, "kind": "state", "m": 4, "next": [2, 1, 2, 2, 1], "period": 4, "recurrent_predicate": false, "state": [0, 3, 1, 0, 3], "tail": 4}
{"N": 5, "decoder": 0, "fibre": 0, "kind": "state", "m": 4, "next": [2, 0, 3, 3, 2], "period": 4, "recurrent_predicate": false, "state": [0, 3, 1, 1, 0], "tail": 5}
{"N": 5, "decoder": 0, "fibre": 0, "kind": "state", "m": 4, "next": [1, 0, 0, 0, 0], "period": 4, "recurrent_predicate": false, "state": [0, 3, 1, 1, 1], "tail": 4}
{"N": 5, "decoder": 0, "fibre": 0, "kind": "state", "m": 4, "next": [1, 0, 3, 3, 3], "period": 4, "recurrent_predicate": false, "state": [0, 3, 1, 1, 2], "tail": 3}
{"N": 5, "decoder": 0, "fibre": 0, "kind": "state", "m": 4, "next": [1, 1, 3, 3, 1], "period": 4, "recurrent_predicate": false, "state": [0, 3, 1, 1, 3], "tail": 3}
{"N": 5, "decoder": 0, "fibre": 0, "kind": "state", "m": 4, "next": [2, 0, 2, 3, 2], "period": 4, "recurrent_predicate": false, "state": [0, 3, 1, 2, 0], "tail": 3}
{"N": 5, "decoder": 0, "fibre": 0, "kind": "state", "m": 4, "next": [1, 0, 3, 3, 3], "period": 4, "recurrent_predicate": false, "state": [0, 3, 1, 2, 1], "tail": 3}
{"N": 5, "decoder": 0, "fibre": 0, "kind": "state", "m": 4, "next": [1, 0, 2, 0, 0], "period": 4, "recurrent_predicate": false, "state": [0, 3, 1, 2, 2], "tail": 3}
{"N": 5, "decoder": 0, "fibre": 0, "kind": "state", "m": 4, "next": [1, 1, 2, 3, 1], "period": 4, "recurrent_predicate": false, "state": [0, 3, 1, 2, 3], "tail": 3}
{"N": 5, "decoder": 1, "fibre": 1, "kind": "state", "m": 4, "next": [2, 1, 2, 1, 2], "period": 4, "recurrent_predicate": false, "state": [0, 3, 1, 3, 0], "tail": 4}
{"N": 5, "decoder": 0, "fibre": 0, "kind": "state", "m": 4, "next": [1, 1, 3, 1, 3], "period": 4, "recurrent_predicate": false, "state": [0, 3, 1, 3, 1], "tail": 3}
{"N": 5, "decoder": 0, "fibre": 0, "kind": "state", "m": 4, "next": [1, 1, 2, 1, 3], "period": 4, "recurrent_predicate": false, "state": [0, 3, 1, 3, 2], "tail": 3}
{"N": 5, "decoder": 3, "fibre": 3, "kind": "state", "m": 4, "next": [1, 2, 2, 2, 2], "period": 4, "recurrent_predicate": false, "state": [0, 3, 1, 3, 3], "tail": 2}
{"N": 5, "decoder": 0, "fibre": 0, "kind": "state", "m": 4, "next": [3, 0, 3, 3, 3], "period": 4, "recurrent_predicate": false, "state": [0, 3, 2, 0, 0], "tail": 4}
{"N": 5, "decoder": 0, "fibre": 0, "kind": "state", "m": 4, "next": [2, 0, 3, 2, 2], "period": 4, "recurrent_predicate": false, "state": [0, 3, 2, 0, 1], "tail": 3}
{"N": 5, "decoder": 0, "fibre": 0, "kind": "state", "m": 4, "next": [2, 0, 0, 2, 0], "period": 4, "recurrent_predicate": false, "state": [0, 3, 2, 0, 2], "tail": 3}
{"N": 5, "decoder": 0, "fibre": 0, "kind": "state", "m": 4, "next": [2, 1, 3, 2, 1], "period": 4, "recurrent_predicate": false, "state": [0, 3, 2, 0, 3], "tail": 5}
{"N": 5, "decoder": 0, "fibre": 0, "kind": "state", "m": 4, "next": [2, 0, 3, 2, 2], "period": 4, "recurrent_predicate": false, "state": [0, 3, 2, 1, 0], "tail": 3}
{"N": 5, "decoder": 0, "fibre": 0, "kind": "state", "m": 4, "next": [1, 0, 3, 3, 3], "period": 4, "recurrent_predicate": false, "state": [0, 3, 2, 1, 1], "tail": 3}
{"N": 5, "decoder": 0, "fibre": 0, "kind": "state", "m": 4, "next": [1, 0, 0, 2, 0], "period": 4, "recurrent_predicate": false, "state": [0, 3, 2, 1, 2], "tail": 3}
{"N": 5, "decoder": 0, "fibre": 0, "kind": "state", "m": 4, "next": [1, 1, 3, 2, 1], "period": 4, "recurrent_predicate": false, "state": [0, 3, 2, 1, 3], "tail": 3}
{"N": 5, "decoder": 0, "fibre": 0, "kind": "state", "m": 4, "next": [2, 0, 0, 0, 2], "period": 4, "recurrent_predicate": false, "state": [0, 3, 2, 2, 0], "tail": 3}
{"N": 5, "decoder": 0, "fibre": 0, "kind": "state", "m": 4, "next": [1, 0, 0, 0, 2], "period": 4, "recurrent_predicate": false, "state": [0, 3, 2, 2, 1], "tail": 3}
{"N": 5, "decoder": 3, "fibre": 3, "kind": "state", "m": 4, "next": [1, 0, 1, 1, 1], "period": 4, "recurrent_predicate": false, "state": [0, 3, 2, 2, 2], "tail": 2}
{"N": 5, "decoder": 1, "fibre": 1, "kind": "state", "m": 4, "next": [1, 1, 0, 0, 1], "period": 4, "recurrent_predicate": false, "state": [0, 3, 2, 2, 3], "tail": 4}
{"N": 5, "decoder": 0, "fibre": 0, "kind": "state", "m": 4, "next": [2, 1, 3, 1, 2], "period": 4, "recurrent_predicate": false, "state": [0, 3, 2, 3, 0], "tail": 5}
{"N": 5, "decoder": 0, "fibre": 0, "kind": "state", "m": 4, "next": [1, 1, 3, 1, 2], "period": 4, "recurrent_predicate": false, "state": [0, 3, 2, 3, 1], "tail": 3}
{"N": 5, "decoder": 1, "fibre": 1, "kind": "state", "m": 4, "next": [1, 1, 0, 1, 0], "period": 4, "recurrent_predicate": false, "state": [0, 3, 2, 3, 2], "tail": 4}
{"N": 5, "decoder": 1, "fibre": 1, "kind": "state", "m": 4, "next": [1, 2, 3, 2, 2], "period": 4, "recurrent_predicate": true, "state": [0, 3, 2, 3, 3], "tail": 0}
{"N": 5, "decoder": 3, "fibre": 3, "kind": "state", "m": 4, "next": [3, 1, 1, 3, 3], "period": 4, "recurrent_predicate": false, "state": [0, 3, 3, 0, 0], "tail": 3}
{"N": 5, "decoder": 1, "fibre": 1, "kind": "state", "m": 4, "next": [2, 1, 1, 2, 2], "period": 4, "recurrent_predicate": false, "state": [0, 3, 3, 0, 1], "tail": 4}
{"N": 5, "decoder": 0, "fibre": 0, "kind": "state", "m": 4, "next": [2, 1, 1, 2, 3], "period": 4, "recurrent_predicate": false, "state": [0, 3, 3, 0, 2], "tail": 5}
{"N": 5, "decoder": 1, "fibre": 1, "kind": "state", "m": 4, "next": [2, 2, 2, 2, 2], "period": 4, "recurrent_predicate": false, "state": [0, 3, 3, 0, 3], "tail": 1}
{"N": 5, "decoder": 1, "fibre": 1, "kind": "state", "m": 4, "next": [2, 1, 1, 2, 2], "period": 4, "recurrent_predicate": false, "state": [0, 3, 3, 1, 0], "tail": 4}
{"N": 5, "decoder": 0, "fibre": 0, "kind": "state", "m": 4, "next": [1, 1, 1, 3, 3], "period": 4, "recurrent_predicate": false, "state": [0, 3, 3, 1, 1], "tail": 3}
{"N": 5, "decoder": 0, "fibre": 0, "kind": "state", "m": 4, "next": [1, 1, 1, 2, 3], "period": 4, "recurrent_predicate": false, "state": [0, 3, 3, 1, 2], "tail": 3}
{"N": 5, "decoder": 3, "fibre": 3, "kind": "state", "m": 4, "next": [1, 2, 2, 2, 2], "period": 4, "recurrent_predicate": false, "state": [0, 3, 3, 1, 3], "tail": 2}
{"N": 5, "decoder": 0, "fibre": 0, "kind": "state", "m": 4, "next": [2, 1, 1, 3, 2], "period": 4, "recurrent_predicate": false, "state": [0, 3, 3, 2, 0], "tail": 5}
{"N": 5, "decoder": 0, "fibre": 0, "kind": "state", "m": 4, "next": [1, 1, 1, 3, 2], "period": 4, "recurrent_predicate": false, "state": [0, 3, 3, 2, 1], "tail": 3}
{"N": 5, "decoder": 1, "fibre": 1, "kind": "state", "m": 4, "next": [1, 1, 1, 0, 0], "period": 4, "recurrent_predicate": false, "state": [0, 3, 3, 2, 2], "tail": 4}
{"N": 5, "decoder": 1, "fibre": 1, "kind": "state", "m": 4, "next": [1, 2, 2, 3, 2], "period": 4, "recurrent_predicate": true, "state": [0, 3, 3, 2, 3], "tail": 0}
{"N": 5, "decoder": 1, "fibre": 1, "kind": "state", "m": 4, "next": [2, 2, 2, 2, 2], "period": 4, "recurrent_predicate": false, "state": [0, 3, 3, 3, 0], "tail": 1}
{"N": 5, "decoder": 3, "fibre": 3, "kind": "state", "m": 4, "next": [1, 2, 2, 2, 2], "period": 4, "recurrent_predicate": false, "state": [0, 3, 3, 3, 1], "tail": 2}
{"N": 5, "decoder": 1, "fibre": 1, "kind": "state", "m": 4, "next": [1, 2, 2, 2, 3], "period": 4, "recurrent_predicate": true, "state": [0, 3, 3, 3, 2], "tail": 0}
{"N": 5, "decoder": 4, "fibre": 4, "kind": "state", "m": 4, "next": [1, 3, 3, 3, 3], "period": 4, "recurrent_predicate": false, "state": [0, 3, 3, 3, 3], "tail": 3}
{"N": 5, "decoder": 4, "fibre": 4, "kind": "state", "m": 4, "next": [2, 0, 0, 0, 0], "period": 4, "recurrent_predicate": false, "state": [1, 0, 0, 0, 0], "tail": 3}
{"N": 5, "decoder": 1, "fibre": 1, "kind": "state", "m": 4, "next": [3, 3, 3, 3, 3], "period": 4, "recurrent_predicate": false, "state": [1, 0, 0, 0, 1], "tail": 1}
{"N": 5, "decoder": 3, "fibre": 3, "kind": "state", "m": 4, "next": [2, 3, 3, 3, 3], "period": 4, "recurrent_predicate": false, "state": [1, 0, 0, 0, 2], "tail": 2}
{"N": 5, "decoder": 1, "fibre": 1, "kind": "state", "m": 4, "next": [2, 3, 3, 3, 0], "period": 4, "recurrent_predicate": true, "state": [1, 0, 0, 0, 3], "tail": 0}
{"N": 5, "decoder": 1, "fibre": 1, "kind": "state", "m": 4, "next": [3, 3, 3, 3, 3], "period": 4, "recurrent_predicate": false, "state": [1, 0, 0, 1, 0], "tail": 1}
{"N": 5, "decoder": 3, "fibre": 3, "kind": "state", "m": 4, "next": [0, 2, 2, 0, 0], "period": 4, "recurrent_predicate": false, "state": [1, 0, 0, 1, 1], "tail": 3}
{"N": 5, "decoder": 1, "fibre": 1, "kind": "state", "m": 4, "next": [3, 2, 2, 3, 3], "period": 4, "recurrent_predicate": false, "state": [1, 0, 0, 1, 2], "tail": 4}
{"N": 5, "decoder": 0, "fibre": 0, "kind": "state", "m": 4, "next": [3, 2, 2, 3, 0], "period": 4, "recurrent_predicate": false, "state": [1, 0, 0, 1, 3], "tail": 5}
{"N": 5, "decoder": 3, "fibre": 3, "kind": "state", "m": 4, "next": [2, 3, 3, 3, 3], "period": 4, "recurrent_predicate": false, "state": [1, 0, 0, 2, 0], "tail": 2}
{"N": 5, "decoder": 1, "fibre": 1, "kind": "state", "m": 4, "next": [3, 2, 2, 3, 3], "period": 4, "recurrent_predicate": false, "state": [1, 0, 0, 2, 1], "tail": 4}
{"N": 5, "decoder": 0, "fibre": 0, "kind": "state", "m": 4, "next": [2, 2, 2, 0, 0], "period": 4, "recurrent_predicate": false, "state": [1, 0, 0, 2, 2], "tail": 3}
{"N": 5, "decoder": 0, "fibre": 0, "kind": "state", "m": 4, "next": [2, 2, 2, 3, 0], "period": 4, "recurrent_predicate": false, "state": [1, 0, 0, 2, 3], "tail": 3}
{"N": 5, "decoder": 1, "fibre": 1, "kind": "state", "m": 4, "next": [2, 3, 3, 0, 3], "period": 4, "recurrent_predicate": true, "state": [1, 0, 0, 3, 0], "tail": 0}
{"N": 5, "decoder": 0, "fibre": 0, "kind": "state", "m": 4, "next": [3, 2, 2, 0, 3], "period": 4, "recurrent_predicate": false, "state": [1, 0, 0, 3, 1], "tail": 5}
{"N": 5, "decoder": 0, "fibre": 0, "kind": "state", "m": 4, "next": [2, 2, 2, 0, 3], "period": 4, "recurrent_predicate": false, "state": [1, 0, 0, 3, 2], "tail": 3}
{"N": 5, "decoder": 1, "fibre": 1, "kind": "state", "m": 4, "next": [2, 2, 2, 1, 1], "period": 4, "recurrent_predicate": false, "state": [1, 0, 0, 3, 3], "tail": 4}
{"N": 5, "decoder": 1, "fibre": 1, "kind": "state", "m": 4, "next": [3, 3, 3, 3, 3], "period": 4, "recurrent_predicate": false, "state": [1, 0, 1, 0, 0], "tail": 1}
{"N": 5, "decoder": 3, "fibre": 3, "kind": "state", "m": 4, "next": [0, 2, 0, 2, 0], "period": 4, "recurrent_predicate": false, "state": [1, 0, 1, 0, 1], "tail": 3}
{"N": 5, "decoder": 1, "fibre": 1, "kind": "state", "m": 4, "next": [3, 2, 3, 2, 3], "period": 4, "recurrent_predicate": false, "state": [1, 0, 1, 0, 2], "tail": 4}
{"N": 5, "decoder": 0, "fibre": 0, "kind": "state", "m": 4, "next": [3, 2, 3, 2, 0], "period": 4, "recurrent_predicate": false, "state": [1, 0, 1, 0, 3], "tail": 5}
{"N": 5, "decoder": 3, "fibre": 3, "kind": "state", "m": 4, "next": [0, 2, 0, 0, 2], "period": 4, "recurrent_predicate": false, "state": [1, 0, 1, 1, 0], "tail": 3}
{"N": 5, "decoder": 5, "fibre": 5, "kind": "state", "m": 4, "next": [1, 1, 1, 1, 1], "period": 4, "recurrent_predicate": false, "state": [1, 0, 1, 1, 1], "tail": 1}
{"N": 5, "decoder": 1, "fibre": 1, "kind": "state", "m": 4, "next": [0, 1, 0, 0, 3], "period": 4, "recurrent_predicate": true, "state": [1, 0, 1, 1, 2], "tail": 0}
{"N": 5, "decoder": 0, "fibre": 0, "kind": "state", "m": 4, "next": [0, 1, 0, 0, 0], "period": 4, "recurrent_predicate": false, "state": [1, 0, 1, 1, 3], "tail": 4}
{"N": 5, "decoder": 1, "fibre": 1, "kind": "state", "m": 4, "next": [3, 2, 3, 3, 2], "period": 4, "recurrent_predicate": false, "state": [1, 0, 1, 2, 0], "tail": 4}
{"N": 5, "decoder": 1, "fibre": 1, "kind": "state", "m": 4, "next": [0, 1, 0, 3, 0], "period": 4, "recurrent_predicate": true, "state": [1, 0, 1, 2, 1], "tail": 0}
{"N": 5, "decoder": 0, "fibre": 0, "kind": "state", "m": 4, "next": [3, 1, 3, 0, 0], "period": 4, "recurrent_predicate": false, "state": [1, 0, 1, 2, 2], "tail": 5}
{"N": 5, "decoder": 0, "fibre": 0, "kind": "state", "m": 4, "next": [3, 1, 3, 3, 0], "period": 4, "recurrent_predicate": false, "state": [1, 0, 1, 2, 3], "tail": 3}
{"N": 5, "decoder": 0, "fibre": 0, "kind": "state", "m": 4, "next": [3, 2, 3, 0, 2], "period": 4, "recurrent_predicate": false, "state": [1, 0, 1, 3, 0], "tail": 5}
{"N": 5, "decoder": 0, "fibre": 0, "kind": "state", "m": 4, "next": [0, 1, 0, 0, 0], "period": 4, "recurrent_predicate": false, "state": [1, 0, 1, 3, 1], "tail": 4}
{"N": 5, "decoder": 0, "fibre": 0, "kind": "state", "m": 4, "next": [3, 1, 3, 0, 3], "period": 4, "recurrent_predicate": false, "state": [1, 0, 1, 3, 2], "tail": 3}
{"N": 5, "decoder": 0, "fibre": 0, "kind": "state", "m": 4, "next": [3, 1, 3, 1, 1], "period": 4, "recurrent_predicate": false, "state": [1, 0, 1, 3, 3], "tail": 3}
{"N": 5, "decoder": 3, "fibre": 3, "kind": "state", "m": 4, "next": [2, 3, 3, 3, 3], "period": 4, "recurrent_predicate": false, "state": [1, 0, 2, 0, 0], "tail": 2}
{"N": 5, "decoder": 1, "fibre": 1, "kind": "state", "m": 4, "next": [3, 2, 3, 2, 3], "period": 4, "recurrent_predicate": false, "state": [1, 0, 2, 0, 1], "tail": 4}
{"N": 5, "decoder": 0, "fibre": 0, "kind": "state", "m": 4, "next": [2, 2, 0, 2, 0], "period": 4, "recurrent_predicate": false, "state": [1, 0, 2, 0, 2], "tail": 3}
{"N": 5, "decoder": 0, "fibre": 0, "kind": "state", "m": 4, "next": [2, 2, 3, 2, 0], "period": 4, "recurrent_predicate": false, "state": [1, 0, 2, 0, 3], "tail": 3}
{"N": 5, "decoder": 1, "fibre": 1, "kind": "state", "m": 4, "next": [3, 2, 3, 3, 2], "period": 4, "recurrent_predicate": false, "state": [1, 0, 2, 1, 0], "tail": 4}
{"N": 5, "decoder": 1, "fibre": 1, "kind": "state", "m": 4, "next": [0, 1, 3, 0, 0], "period": 4, "recurrent_predicate": true, "state": [1, 0, 2, 1, 1], "tail": 0}
{"N": 5, "decoder": 0, "fibre": 0, "kind": "state", "m": 4, "next": [3, 1, 0, 3, 0], "period": 4, "recurrent_predicate": false, "state": [1, 0, 2, 1, 2], "tail": 5}
{"N": 5, "decoder": 0, "fibre": 0, "kind": "state", "m": 4, "next": [3, 1, 3, 3, 0], "period": 4, "recurrent_predicate": false, "state": [1, 0, 2, 1, 3], "tail": 3}
{"N": 5, "decoder": 0, "fibre": 0, "kind": "state", "m": 4, "next": [2, 2, 0, 0, 2], "period": 4, "recurrent_predicate": false, "state": [1, 0, 2, 2, 0], "tail": 3}
{"N": 5, "decoder": 0, "fibre": 0, "kind": "state", "m": 4, "next": [3, 1, 0, 0, 3], "period": 4, "recurrent_predicate": false, "state": [1, 0, 2, 2, 1], "tail": 5}
{"N": 5, "decoder": 0, "fibre": 0, "kind": "state", "m": 4, "next": [2, 1, 1, 1, 1], "period": 4, "recurrent_predicate": false, "state": [1, 0, 2, 2, 2], "tail": 4}
{"N": 5, "decoder": 0, "fibre": 0, "kind": "state", "m": 4, "next": [2, 1, 0, 0, 0], "period": 4, "recurrent_predicate": false, "state": [1, 0, 2, 2, 3], "tail": 3}
{"N": 5, "decoder": 0, "fibre": 0, "kind": "state", "m": 4, "next": [2, 2, 3, 0, 2], "period": 4, "recurrent_predicate": false, "state": [1, 0, 2, 3, 0], "tail": 3}
{"N": 5, "decoder": 0, "fibre": 0, "kind": "state", "m": 4, "next": [3, 1, 3, 0, 3], "period": 4, "recurrent_predicate": false, "state": [1, 0, 2, 3, 1], "tail": 3}
{"N": 5, "decoder": 0, "fibre": 0, "kind": "state", "m": 4, "next": [2, 1, 0, 0, 0], "period": 4, "recurrent_predicate": false, "state": [1, 0, 2, 3, 2], "tail": 3}
{"N": 5, "decoder": 0, "fibre": 0, "kind": "state", "m": 4, "next": [2, 1, 3, 1, 1], "period": 4, "recurrent_predicate": false, "state": [1, 0, 2, 3, 3], "tail": 3}
{"N": 5, "decoder": 1, "fibre": 1, "kind": "state", "m": 4, "next": [2, 3, 0, 3, 3], "period": 4, "recurrent_predicate": true, "state": [1, 0, 3, 0, 0], "tail": 0}
{"N": 5, "decoder": 0, "fibre": 0, "kind": "state", "m": 4, "next": [3, 2, 0, 2, 3], "period": 4, "recurrent_predicate": false, "state": [1, 0, 3, 0, 1], "tail": 5}
{"N": 5, "decoder": 0, "fibre": 0, "kind": "state", "m": 4, "next": [2, 2, 0, 2, 3], "period": 4, "recurrent_predicate": false, "state": [1, 0, 3, 0, 2], "tail": 3}
{"N": 5, "decoder": 1, "fibre": 1, "kind": "state", "m": 4, "next": [2, 2, 1, 2, 1], "period": 4, "recurrent_predicate": false, "state": [1, 0, 3, 0, 3], "tail": 4}
{"N": 5, "decoder": 0, "fibre": 0, "kind": "state", "m": 4, "next": [3, 2, 0, 3, 2], "period": 4, "recurrent_predicate": false, "state": [1, 0, 3, 1, 0], "tail": 5}
{"N": 5, "decoder": 0, "fibre": 0, "kind": "state", "m": 4, "next": [0, 1, 0, 0, 0], "period": 4, "recurrent_predicate": false, "state": [1, 0, 3, 1, 1], "tail": 4}
{"N": 5, "decoder": 0, "fibre": 0, "kind": "state", "m": 4, "next": [3, 1, 0, 3, 3], "period": 4, "recurrent_predicate": false, "state": [1, 0, 3, 1, 2], "tail": 3}
{"N": 5, "decoder": 0, "fibre": 0, "kind": "state", "m": 4, "next": [3, 1, 1, 3, 1], "period": 4, "recurrent_predicate": false, "state": [1, 0, 3, 1, 3], "tail": 3}
{"N": 5, "decoder": 0, "fibre": 0, "kind": "state", "m": 4, "next": [2, 2, 0, 3, 2], "period": 4, "recurrent_predicate": false, "state": [1, 0, 3, 2, 0], "tail": 3}
{"N": 5, "decoder": 0, "fibre": 0, "kind": "state", "m": 4, "next": [3, 1, 0, 3, 3], "period": 4, "recurrent_predicate": false, "state": [1, 0, 3, 2, 1], "tail": 3}
{"N": 5, "decoder": 0, "fibre": 0, "kind": "state", "m": 4, "next": [2, 1, 0, 0, 0], "period": 4, "recurrent_predicate": false, "state": [1, 0, 3, 2, 2], "tail": 3}
{"N": 5, "decoder": 0, "fibre": 0, "kind": "state", "m": 4, "next": [2, 1, 1, 3, 1], "period": 4, "recurrent_predicate": false, "state": [1, 0, 3, 2, 3], "tail": 3}
{"N": 5, "decoder": 1, "fibre": 1, "kind": "state", "m": 4, "next": [2, 2, 1, 1, 2], "period": 4, "recurrent_predicate": false, "state": [1, 0, 3, 3, 0], "tail": 4}
{"N": 5, "decoder": 0, "fibre": 0, "kind": "state", "m": 4, "next": [3, 1, 1, 1, 3], "period": 4, "recurrent_predicate": false, "state": [1, 0, 3, 3, 1], "tail": 3}
{"N": 5, "decoder": 0, "fibre": 0, "kind": "state", "m": 4, "next": [2, 1, 1, 1, 3], "period": 4, "recurrent_predicate": false, "state": [1, 0, 3, 3, 2], "tail": 3}
{"N": 5, "decoder": 3, "fibre": 3, "kind": "state", "m": 4, "next": [2, 1, 2, 2, 2], "period": 4, "recurrent_predicate": false, "state": [1, 0, 3, 3, 3], "tail": 2}
{"N": 5, "decoder": 1, "fibre": 1, "kind": "state", "m": 4, "next": [3, 3, 3, 3, 3], "period": 4, "recurrent_predicate": false, "state": [1, 1, 0, 0, 0], "tail": 1}
{"N": 5, "decoder": 3, "fibre": 3, "kind": "state", "m": 4, "next": [0, 0, 2, 2, 0], "period": 4, "recurrent_predicate": false, "state": [1, 1, 0, 0, 1], "tail": 3}
{"N": 5, "decoder": 1, "fibre": 1, "kind": "state", "m": 4, "next": [3, 3, 2, 2, 3], "period": 4, "recurrent_predicate": false, "state": [1, 1, 0, 0, 2], "tail": 4}
{"N": 5, "decoder": 0, "fibre": 0, "kind": "state", "m": 4, "next": [3, 3, 2, 2, 0], "period": 4, "recurrent_predicate": false, "state": [1, 1, 0, 0, 3], "tail": 5}
{"N": 5, "decoder": 3, "fibre": 3, "kind": "state", "m": 4, "next": [0, 0, 2, 0, 2], "period": 4, "recurrent_predicate": false, "state": [1, 1, 0, 1, 0], "tail": 3}
{"N": 5, "decoder": 5, "fibre": 5, "kind": "state", "m": 4, "next": [1, 1, 1, 1, 1], "period": 4, "recurrent_predicate": false, "state": [1, 1, 0, 1, 1], "tail": 1}
{"N": 5, "decoder": 1, "fibre": 1, "kind": "state", "m": 4, "next": [0, 0, 1, 0, 3], "period": 4, "recurrent_predicate": true, "state": [1, 1, 0, 1, 2], "tail": 0}
{"N": 5, "decoder": 0, "fibre": 0, "kind": "state", "m": 4, "next": [0, 0, 1, 0, 0], "period": 4, "recurrent_predicate": false, "state": [1, 1, 0, 1, 3], "tail": 4}
{"N": 5, "decoder": 1, "fibre": 1, "kind": "state", "m": 4, "next": [3, 3, 2, 3, 2], "period": 4, "recurrent_predicate": false, "state": [1, 1, 0, 2, 0], "tail": 4}
{"N": 5, "decoder": 1, "fibre": 1, "kind": "state", "m": 4, "next": [0, 0, 1, 3, 0], "period": 4, "recurrent_predicate": true, "state": [1, 1, 0, 2, 1], "tail": 0}
{"N": 5, "decoder": 0, "fibre": 0, "kind": "state", "m": 4, "next": [3, 3, 1, 0, 0], "period": 4, "recurrent_predicate": false, "state": [1, 1, 0, 2, 2], "tail": 5}
{"N": 5, "decoder": 0, "fibre": 0, "kind": "state", "m": 4, "next": [3, 3, 1, 3, 0], "period": 4, "recurrent_predicate": false, "state": [1, 1, 0, 2, 3], "tail": 3}
{"N": 5, "decoder": 0, "fibre": 0, "kind": "state", "m": 4, "next": [3, 3, 2, 0, 2], "period": 4, "recurrent_predicate": false, "state": [1, 1, 0, 3, 0], "tail": 5}
{"N": 5, "decoder": 0, "fibre": 0, "kind": "state", "m": 4, "next": [0, 0, 1, 0, 0], "period": 4, "recurrent_predicate": false, "state": [1, 1, 0, 3, 1], "tail": 4}
{"N": 5, "decoder": 0, "fibre": 0, "kind": "state", "m": 4, "next": [3, 3, 1, 0, 3], "period": 4, "recurrent_predicate": false, "state": [1, 1, 0, 3, 2], "tail": 3}
{"N": 5, "decoder": 0, "fibre": 0, "kind": "state", "m": 4, "next": [3, 3, 1, 1, 1], "period": 4, "recurrent_predicate": false, "state": [1, 1, 0, 3, 3], "tail": 3}
{"N": 5, "decoder": 3, "fibre": 3, "kind": "state", "m": 4, "next": [0, 0, 0, 2, 2], "period": 4, "recurrent_predicate": false, "state": [1, 1, 1, 0, 0], "tail": 3}
{"N": 5, "decoder": 5, "fibre": 5, "kind": "state", "m": 4, "next": [1, 1, 1, 1, 1], "period": 4, "recurrent_predicate": false, "state": [1, 1, 1, 0, 1], "tail": 1}
{"N": 5, "decoder": 1, "fibre": 1, "kind": "state", "m": 4, "next": [0, 0, 0, 1, 3], "period": 4, "recurrent_predicate": true, "state": [1, 1, 1, 0, 2], "tail": 0}
{"N": 5, "decoder": 0, "fibre": 0, "kind": "state", "m": 4, "next": [0, 0, 0, 1, 0], "period": 4, "recurrent_predicate": false, "state": [1, 1, 1, 0, 3], "tail": 4}
{"N": 5, "decoder": 5, "fibre": 5, "kind": "state", "m": 4, "next": [1, 1, 1, 1, 1], "period": 4, "recurrent_predicate": false, "state": [1, 1, 1, 1, 0], "tail": 1}
{"N": 5, "decoder": 16, "fibre": 16, "kind": "state", "m": 4, "next": [2, 2, 2, 2, 2], "period": 4, "recurrent_predicate": true, "state": [1, 1, 1, 1, 1], "tail": 0}
{"N": 5, "decoder": 4, "fibre": 4, "kind": "state", "m": 4, "next": [1, 1, 1, 1, 3], "period": 4, "recurrent_predicate": false, "state": [1, 1, 1, 1, 2], "tail": 3}
{"N": 5, "decoder": 1, "fibre": 1, "kind": "state", "m": 4, "next": [1, 1, 1, 1, 0], "period": 4, "recurrent_predicate": false, "state": [1, 1, 1, 1, 3], "tail": 2}
{"N": 5, "decoder": 1, "fibre": 1, "kind": "state", "m": 4, "next": [0, 0, 0, 3, 1], "period": 4, "recurrent_predicate": true, "state": [1, 1, 1, 2, 0], "tail": 0}
{"N": 5, "decoder": 4, "fibre": 4, "kind": "state", "m": 4, "next": [1, 1, 1, 3, 1], "period": 4, "recurrent_predicate": false, "state": [1, 1, 1, 2, 1], "tail": 3}
{"N": 5, "decoder": 1, "fibre": 1, "kind": "state", "m": 4, "next": [0, 0, 0, 0, 0], "period": 4, "recurrent_predicate": false, "state": [1, 1, 1, 2, 2], "tail": 1}
{"N": 5, "decoder": 3, "fibre": 3, "kind": "state", "m": 4, "next": [0, 0, 0, 3, 0], "period": 4, "recurrent_predicate": false, "state": [1, 1, 1, 2, 3], "tail": 2}
{"N": 5, "decoder": 0, "fibre": 0, "kind": "state", "m": 4, "next": [0, 0, 0, 0, 1], "period": 4, "recurrent_predicate": false, "state": [1, 1, 1, 3, 0], "tail": 4}
{"N": 5, "decoder": 1, "fibre": 1, "kind": "state", "m": 4, "next": [1, 1, 1, 0, 1], "period": 4, "recurrent_predicate": false, "state": [1, 1, 1, 3, 1], "tail": 2}
{"N": 5, "decoder": 3, "fibre": 3, "kind": "state", "m": 4, "next": [0, 0, 0, 0, 3], "period": 4, "recurrent_predicate": false, "state": [1, 1, 1, 3, 2], "tail": 2}
{"N": 5, "decoder": 4, "fibre": 4, "kind": "state", "m": 4, "next": [0, 0, 0, 1, 1], "period": 4, "recurrent_predicate": false, "state": [1, 1, 1, 3, 3], "tail": 2}
{"N": 5, "decoder": 1, "fibre": 1, "kind": "state", "m": 4, "next": [3, 3, 3, 2, 2], "period": 4, "recurrent_predicate": false, "state": [1, 1, 2, 0, 0], "tail": 4}
{"N": 5, "decoder": 1, "fibre": 1, "kind": "state", "m": 4, "next": [0, 0, 3, 1, 0], "period": 4, "recurrent_predicate": true, "state": [1, 1, 2, 0, 1], "tail": 0}
{"N": 5, "decoder": 0, "fibre": 0, "kind": "state", "m": 4, "next": [3, 3, 0, 1, 0], "period": 4, "recurrent_predicate": false, "state": [1, 1, 2, 0, 2], "tail": 5}
{"N": 5, "decoder": 0, "fibre": 0, "kind": "state", "m": 4, "next": [3, 3, 3, 1, 0], "period": 4, "recurrent_predicate": false, "state": [1, 1, 2, 0, 3], "tail": 3}
{"N": 5, "decoder": 1, "fibre": 1, "kind": "state", "m": 4, "next": [0, 0, 3, 0, 1], "period": 4, "recurrent_predicate": true, "state": [1, 1, 2, 1, 0], "tail": 0}
{"N": 5, "decoder": 4, "fibre": 4, "kind": "state", "m": 4, "next": [1, 1, 3, 1, 1], "period": 4, "recurrent_predicate": false, "state": [1, 1, 2, 1, 1], "tail": 3}
{"N": 5, "decoder": 1, "fibre": 1, "kind": "state", "m": 4, "next": [0, 0, 0, 0, 0], "period": 4, "recurrent_predicate": false, "state": [1, 1, 2, 1, 2], "tail": 1}
{"N": 5, "decoder": 3, "fibre": 3, "kind": "state", "m": 4, "next": [0, 0, 3, 0, 0], "period": 4, "recurrent_predicate": false, "state": [1, 1, 2, 1, 3], "tail": 2}
{"N": 5, "decoder": 0, "fibre": 0, "kind": "state", "m": 4, "next": [3, 3, 0, 0, 1], "period": 4, "recurrent_predicate": false, "state": [1, 1, 2, 2, 0], "tail": 5}
{"N": 5, "decoder": 1, "fibre": 1, "kind": "state", "m": 4, "next": [0, 0, 0, 0, 0], "period": 4, "recurrent_predicate": false, "state": [1, 1, 2, 2, 1], "tail": 1}
{"N": 5, "decoder": 3, "fibre": 3, "kind": "state", "m": 4, "next": [3, 3, 1, 1, 1], "period": 4, "recurrent_predicate": false, "state": [1, 1, 2, 2, 2], "tail": 3}
{"N": 5, "decoder": 1, "fibre": 1, "kind": "state", "m": 4, "next": [3, 3, 0, 0, 0], "period": 4, "recurrent_predicate": false, "state": [1, 1, 2, 2, 3], "tail": 4}
{"N": 5, "decoder": 0, "fibre": 0, "kind": "state", "m": 4, "next": [3, 3, 3, 0, 1], "period": 4, "recurrent_predicate": false, "state": [1, 1, 2, 3, 0], "tail": 3}
{"N": 5, "decoder": 3, "fibre": 3, "kind": "state", "m": 4, "next": [0, 0, 3, 0, 0], "period": 4, "recurrent_predicate": false, "state": [1, 1, 2, 3, 1], "tail": 2}
{"N": 5, "decoder": 1, "fibre": 1, "kind": "state", "m": 4, "next": [3, 3, 0, 0, 0], "period": 4, "recurrent_predicate": false, "state": [1, 1, 2, 3, 2], "tail": 4}
{"N": 5, "decoder": 0, "fibre": 0, "kind": "state", "m": 4, "next": [3, 3, 3, 1, 1], "period": 4, "recurrent_predicate": false, "state": [1, 1, 2, 3, 3], "tail": 3}
{"N": 5, "decoder": 0, "fibre": 0, "kind": "state", "m": 4, "next": [3, 3, 0, 2, 2], "period": 4, "recurrent_predicate": false, "state": [1, 1, 3, 0, 0], "tail": 5}
{"N": 5, "decoder": 0, "fibre": 0, "kind": "state", "m": 4, "next": [0, 0, 0, 1, 0], "period": 4, "recurrent_predicate": false, "state": [1, 1, 3, 0, 1], "tail": 4}
{"N": 5, "decoder": 0, "fibre": 0, "kind": "state", "m": 4, "next": [3, 3, 0, 1, 3], "period": 4, "recurrent_predicate": false, "state": [1, 1, 3, 0, 2], "tail": 3}
{"N": 5, "decoder": 0, "fibre": 0, "kind": "state", "m": 4, "next": [3, 3, 1, 1, 1], "period": 4, "recurrent_predicate": false, "state": [1, 1, 3, 0, 3], "tail": 3}
{"N": 5, "decoder": 0, "fibre": 0, "kind": "state", "m": 4, "next": [0, 0, 0, 0, 1], "period": 4, "recurrent_predicate": false, "state": [1, 1, 3, 1, 0], "tail": 4}
{"N": 5, "decoder": 1, "fibre": 1, "kind": "state", "m": 4, "next": [1, 1, 0, 1, 1], "period": 4, "recurrent_predicate": false, "state": [1, 1, 3, 1, 1], "tail": 2}
{"N": 5, "decoder": 3, "fibre": 3, "kind": "state", "m": 4, "next": [0, 0, 0, 0, 3], "period": 4, "recurrent_predicate": false, "state": [1, 1, 3, 1, 2], "tail": 2}
{"N": 5, "decoder": 4, "fibre": 4, "kind": "state", "m": 4, "next": [0, 0, 1, 0, 1], "period": 4, "recurrent_predicate": false, "state": [1, 1, 3, 1, 3], "tail": 2}
{"N": 5, "decoder": 0, "fibre": 0, "kind": "state", "m": 4, "next": [3, 3, 0, 3, 1], "period": 4, "recurrent_predicate": false, "state": [1, 1, 3, 2, 0], "tail": 3}
{"N": 5, "decoder": 3, "fibre": 3, "kind": "state", "m": 4, "next": [0, 0, 0, 3, 0], "period": 4, "recurrent_predicate": false, "state": [1, 1, 3, 2, 1], "tail": 2}
{"N": 5, "decoder": 1, "fibre": 1, "kind": "state", "m": 4, "next": [3, 3, 0, 0, 0], "period": 4, "recurrent_predicate": false, "state": [1, 1, 3, 2, 2], "tail": 4}
{"N": 5, "decoder": 0, "fibre": 0, "kind": "state", "m": 4, "next": [3, 3, 1, 3, 1], "period": 4, "recurrent_predicate": false, "state": [1, 1, 3, 2, 3], "tail": 3}
{"N": 5, "decoder": 0, "fibre": 0, "kind": "state", "m": 4, "next": [3, 3, 1, 1, 1], "period": 4, "recurrent_predicate": false, "state": [1, 1, 3, 3, 0], "tail": 3}
{"N": 5, "decoder": 4, "fibre": 4, "kind": "state", "m": 4, "next": [0, 0, 1, 1, 0], "period": 4, "recurrent_predicate": false, "state": [1, 1, 3, 3, 1], "tail": 2}
{"N": 5, "decoder": 0, "fibre": 0, "kind": "state", "m": 4, "next": [3, 3, 1, 1, 3], "period": 4, "recurrent_predicate": false, "state": [1, 1, 3, 3, 2], "tail": 3}
{"N": 5, "decoder": 4, "fibre": 4, "kind": "state", "m": 4, "next": [3, 3, 2, 2, 2], "period": 4, "recurrent_predicate": false, "state": [1, 1, 3, 3, 3], "tail": 2}
{"N": 5, "decoder": 3, "fibre": 3, "kind": "state", "m": 4, "next": [2, 3, 3, 3, 3], "period": 4, "recurrent_predicate": false, "state": [1, 2, 0, 0, 0], "tail": 2}
{"N": 5, "decoder": 1, "fibre": 1, "kind": "state", "m": 4, "next": [3, 3, 2, 2, 3], "period": 4, "recurrent_predicate": false, "state": [1, 2, 0, 0, 1], "tail": 4}
{"N": 5, "decoder": 0, "fibre": 0, "kind": "state", "m": 4, "next": [2, 0, 2, 2, 0], "period": 4, "recurrent_predicate": false, "state": [1, 2, 0, 0, 2], "tail": 3}
{"N": 5, "decoder": 0, "fibre": 0, "kind": "state", "m": 4, "next": [2, 3, 2, 2, 0], "period": 4, "recurrent_predicate": false, "state": [1, 2, 0, 0, 3], "tail": 3}
{"N": 5, "decoder": 1, "fibre": 1, "kind": "state", "m": 4, "next": [3, 3, 2, 3, 2], "period": 4, "recurrent_predicate": false, "state": [1, 2, 0, 1, 0], "tail": 4}
{"N": 5, "decoder": 1, "fibre": 1, "kind": "state", "m": 4, "next": [0, 3, 1, 0, 0], "period": 4, "recurrent_predicate": true, "state": [1, 2, 0, 1, 1], "tail": 0}
{"N": 5, "decoder": 0, "fibre": 0, "kind": "state", "m": 4, "next": [3, 0, 1, 3, 0], "period": 4, "recurrent_predicate": false, "state": [1, 2, 0, 1, 2], "tail": 5}
{"N": 5, "decoder": 0, "fibre": 0, "kind": "state", "m": 4, "next": [3, 3, 1, 3, 0], "period": 4, "recurrent_predicate": false, "state": [1, 2, 0, 1, 3], "tail": 3}
{"N": 5, "decoder": 0, "fibre": 0, "kind": "state", "m": 4, "next": [2, 0, 2, 0, 2], "period": 4, "recurrent_predicate": false, "state": [1, 2, 0, 2, 0], "tail": 3}
{"N": 5, "decoder": 0, "fibre": 0, "kind": "state", "m": 4, "next": [3, 0, 1, 0, 3], "period": 4, "recurrent_predicate": false, "state": [1, 2, 0, 2, 1], "tail": 5}
{"N": 5, "decoder": 0, "fibre": 0, "kind": "state", "m": 4, "next": [2, 1, 1, 1, 1], "period": 4, "recurrent_predicate": false, "state": [1, 2, 0, 2, 2], "tail": 4}
{"N": 5, "decoder": 0, "fibre": 0, "kind": "state", "m": 4, "next": [2, 0, 1, 0, 0], "period": 4, "recurrent_predicate": false, "state": [1, 2, 0, 2, 3], "tail": 3}
{"N": 5, "decoder": 0, "fibre": 0, "kind": "state", "m": 4, "next": [2, 3, 2, 0, 2], "period": 4, "recurrent_predicate": false, "state": [1, 2, 0, 3, 0], "tail": 3}
{"N": 5, "decoder": 0, "fibre": 0, "kind": "state", "m": 4, "next": [3, 3, 1, 0, 3], "period": 4, "recurrent_predicate": false, "state": [1, 2, 0, 3, 1], "tail": 3}
{"N": 5, "decoder": 0, "fibre": 0, "kind": "state", "m": 4, "next": [2, 0, 1, 0, 0], "period": 4, "recurrent_predicate": false, "state": [1, 2, 0, 3, 2], "tail": 3}
{"N": 5, "decoder": 0, "fibre": 0, "kind": "state", "m": 4, "next": [2, 3, 1, 1, 1], "period": 4, "recurrent_predicate": false, "state": [1, 2, 0, 3, 3], "tail": 3}
{"N": 5, "decoder": 1, "fibre": 1, "kind": "state", "m": 4, "next": [3, 3, 3, 2, 2], "period": 4, "recurrent_predicate": false, "state": [1, 2, 1, 0, 0], "tail": 4}
{"N": 5, "decoder": 1, "fibre": 1, "kind": "state", "m": 4, "next": [0, 3, 0, 1, 0], "period": 4, "recurrent_predicate": true, "state": [1, 2, 1, 0, 1], "tail": 0}
{"N": 5, "decoder": 0, "fibre": 0, "kind": "state", "m": 4, "next": [3, 0, 3, 1, 0], "period": 4, "recurrent_predicate": false, "state": [1, 2, 1, 0, 2], "tail": 5}
{"N": 5, "decoder": 0, "fibre": 0, "kind": "state", "m": 4, "next": [3, 3, 3, 1, 0], "period": 4, "recurrent_predicate": false, "state": [1, 2, 1, 0, 3], "tail": 3}
{"N": 5, "decoder": 1, "fibre": 1, "kind": "state", "m": 4, "next": [0, 3, 0, 0, 1], "period": 4, "recurrent_predicate": true, "state": [1, 2, 1, 1, 0], "tail": 0}
{"N": 5, "decoder": 4, "fibre": 4, "kind": "state", "m": 4, "next": [1, 3, 1, 1, 1], "period": 4, "recurrent_predicate": false, "state": [1, 2, 1, 1, 1], "tail": 3}
{"N": 5, "decoder": 1, "fibre": 1, "kind": "state", "m": 4, "next": [0, 0, 0, 0, 0], "period": 4, "recurrent_predicate": false, "state": [1, 2, 1, 1, 2], "tail": 1}
{"N": 5, "decoder": 3, "fibre": 3, "kind": "state", "m": 4, "next": [0, 3, 0, 0, 0], "period": 4, "recurrent_predicate": false, "state": [1, 2, 1, 1, 3], "tail": 2}
{"N": 5, "decoder": 0, "fibre": 0, "kind": "state", "m": 4, "next": [3, 0, 3, 0, 1], "period": 4, "recurrent_predicate": false, "state": [1, 2, 1, 2, 0], "tail": 5}
{"N": 5, "decoder": 1, "fibre": 1, "kind": "state", "m": 4, "next": [0, 0, 0, 0, 0], "period": 4, "recurrent_predicate": false, "state": [1, 2, 1, 2, 1], "tail": 1}
{"N": 5, "decoder": 3, "fibre": 3, "kind": "state", "m": 4, "next": [3, 1, 3, 1, 1], "period": 4, "recurrent_predicate": false, "state": [1, 2, 1, 2, 2], "tail": 3}
{"N": 5, "decoder": 1, "fibre": 1, "kind": "state", "m": 4, "next": [3, 0, 3, 0, 0], "period": 4, "recurrent_predicate": false, "state": [1, 2, 1, 2, 3], "tail": 4}
{"N": 5, "decoder": 0, "fibre": 0, "kind": "state", "m": 4, "next": [3, 3, 3, 0, 1], "period": 4, "recurrent_predicate": false, "state": [1, 2, 1, 3, 0], "tail": 3}
{"N": 5, "decoder": 3, "fibre": 3, "kind": "state", "m": 4, "next": [0, 3, 0, 0, 0], "period": 4, "recurrent_predicate": false, "state": [1, 2, 1, 3, 1], "tail": 2}
{"N": 5, "decoder": 1, "fibre": 1, "kind": "state", "m": 4, "next": [3, 0, 3, 0, 0], "period": 4, "recurrent_predicate": false, "state": [1, 2, 1, 3, 2], "tail": 4}
{"N": 5, "decoder": 0, "fibre": 0, "kind": "state", "m": 4, "next": [3, 3, 3, 1, 1], "period": 4, "recurrent_predicate": false, "state": [1, 2, 1, 3, 3], "tail": 3}
{"N": 5, "decoder": 0, "fibre": 0, "kind": "state", "m": 4, "next": [2, 0, 0, 2, 2], "period": 4, "recurrent_predicate": false, "state": [1, 2, 2, 0, 0], "tail": 3}
{"N": 5, "decoder": 0, "fibre": 0, "kind": "state", "m": 4, "next": [3, 0, 0, 1, 3], "period": 4, "recurrent_predicate": false, "state": [1, 2, 2, 0, 1], "tail": 5}
{"N": 5, "decoder": 0, "fibre": 0, "kind": "state", "m": 4, "next": [2, 1, 1, 1, 1], "period": 4, "recurrent_predicate": false, "state": [1, 2, 2, 0, 2], "tail": 4}
{"N": 5, "decoder": 0, "fibre": 0, "kind": "state", "m": 4, "next": [2, 0, 0, 1, 0], "period": 4, "recurrent_predicate": false, "state": [1, 2, 2, 0, 3], "tail": 3}
{"N": 5, "decoder": 0, "fibre": 0, "kind": "state", "m": 4, "next": [3, 0, 0, 3, 1], "period": 4, "recurrent_predicate": false, "state": [1, 2, 2, 1, 0], "tail": 5}
{"N": 5, "decoder": 1, "fibre": 1, "kind": "state", "m": 4, "next": [0, 0, 0, 0, 0], "period": 4, "recurrent_predicate": false, "state": [1, 2, 2, 1, 1], "tail": 1}
{"N": 5, "decoder": 3, "fibre": 3, "kind": "state", "m": 4, "next": [3, 1, 1, 3, 1], "period": 4, "recurrent_predicate": false, "state": [1, 2, 2, 1, 2], "tail": 3}
{"N": 5, "decoder": 1, "fibre": 1, "kind": "state", "m": 4, "next": [3, 0, 0, 3, 0], "period": 4, "recurrent_predicate": false, "state": [1, 2, 2, 1, 3], "tail": 4}
{"N": 5, "decoder": 0, "fibre": 0, "kind": "state", "m": 4, "next": [2, 1, 1, 1, 1], "period": 4, "recurrent_predicate": false, "state": [1, 2, 2, 2, 0], "tail": 4}
{"N": 5, "decoder": 3, "fibre": 3, "kind": "state", "m": 4, "next": [3, 1, 1, 1, 3], "period": 4, "recurrent_predicate": false, "state": [1, 2, 2, 2, 1], "tail": 3}
{"N": 5, "decoder": 5, "fibre": 5, "kind": "state", "m": 4, "next": [2, 2, 2, 2, 2], "period": 4, "recurrent_predicate": false, "state": [1, 2, 2, 2, 2], "tail": 1}
{"N": 5, "decoder": 1, "fibre": 1, "kind": "state", "m": 4, "next": [2, 1, 1, 1, 0], "period": 4, "recurrent_predicate": true, "state": [1, 2, 2, 2, 3], "tail": 0}
{"N": 5, "decoder": 0, "fibre": 0, "kind": "state", "m": 4, "next": [2, 0, 0, 0, 1], "period": 4, "recurrent_predicate": false, "state": [1, 2, 2, 3, 0], "tail": 3}
{"N": 5, "decoder": 1, "fibre": 1, "kind": "state", "m": 4, "next": [3, 0, 0, 0, 3], "period": 4, "recurrent_predicate": false, "state": [1, 2, 2, 3, 1], "tail": 4}
{"N": 5, "decoder": 1, "fibre": 1, "kind": "state", "m": 4, "next": [2, 1, 1, 0, 1], "period": 4, "recurrent_predicate": true, "state": [1, 2, 2, 3, 2], "tail": 0}
{"N": 5, "decoder": 0, "fibre": 0, "kind": "state", "m": 4, "next": [2, 0, 0, 1, 1], "period": 4, "recurrent_predicate": false, "state": [1, 2, 2, 3, 3], "tail": 5}
{"N": 5, "decoder": 0, "fibre": 0, "kind": "state", "m": 4, "next": [2, 3, 0, 2, 2], "period": 4, "recurrent_predicate": false, "state": [1, 2, 3, 0, 0], "tail": 3}
{"N": 5, "decoder": 0, "fibre": 0, "kind": "state", "m": 4, "next": [3, 3, 0, 1, 3], "period": 4, "recurrent_predicate": false, "state": [1, 2, 3, 0, 1], "tail": 3}
{"N": 5, "decoder": 0, "fibre": 0, "kind": "state", "m": 4, "next": [2, 0, 0, 1, 0], "period": 4, "recurrent_predicate": false, "state": [1, 2, 3, 0, 2], "tail": 3}
{"N": 5, "decoder": 0, "fibre": 0, "kind": "state", "m": 4, "next": [2, 3, 1, 1, 1], "period": 4, "recurrent_predicate": false, "state": [1, 2, 3, 0, 3], "tail": 3}
{"N": 5, "decoder": 0, "fibre": 0, "kind": "state", "m": 4, "next": [3, 3, 0, 3, 1], "period": 4, "recurrent_predicate": false, "state": [1, 2, 3, 1, 0], "tail": 3}
{"N": 5, "decoder": 3, "fibre": 3, "kind": "state", "m": 4, "next": [0, 3, 0, 0, 0], "period": 4, "recurrent_predicate": false, "state": [1, 2, 3, 1, 1], "tail": 2}
{"N": 5, "decoder": 1, "fibre": 1, "kind": "state", "m": 4, "next": [3, 0, 0, 3, 0], "period": 4, "recurrent_predicate": false, "state": [1, 2, 3, 1, 2], "tail": 4}
{"N": 5, "decoder": 0, "fibre": 0, "kind": "state", "m": 4, "next": [3, 3, 1, 3, 1], "period": 4, "recurrent_predicate": false, "state": [1, 2, 3, 1, 3], "tail": 3}
{"N": 5, "decoder": 0, "fibre": 0, "kind": "state", "m": 4, "next": [2, 0, 0, 0, 1], "period": 4, "recurrent_predicate": false, "state": [1, 2, 3, 2, 0], "tail": 3}
{"N": 5, "decoder": 1, "fibre": 1, "kind": "state", "m": 4, "next": [3, 0, 0, 0, 3], "period": 4, "recurrent_predicate": false, "state": [1, 2, 3, 2, 1], "tail": 4}
{"N": 5, "decoder": 1, "fibre": 1, "kind": "state", "m": 4, "next": [2, 1, 0, 1, 1], "period": 4, "recurrent_predicate": true, "state": [1, 2, 3, 2, 2], "tail": 0}
{"N": 5, "decoder": 0, "fibre": 0, "kind": "state", "m": 4, "next": [2, 0, 1, 0, 1], "period": 4, "recurrent_predicate": false, "state": [1, 2, 3, 2, 3], "tail": 5}
{"N": 5, "decoder": 0, "fibre": 0, "kind": "state", "m": 4, "next": [2, 3, 1, 1, 1], "period": 4, "recurrent_predicate": false, "state": [1, 2, 3, 3, 0], "tail": 3}
{"N": 5, "decoder": 0, "fibre": 0, "kind": "state", "m": 4, "next": [3, 3, 1, 1, 3], "period": 4, "recurrent_predicate": false, "state": [1, 2, 3, 3, 1], "tail": 3}
{"N": 5, "decoder": 0, "fibre": 0, "kind": "state", "m": 4, "next": [2, 0, 1, 1, 0], "period": 4, "recurrent_predicate": false, "state": [1, 2, 3, 3, 2], "tail": 5}
{"N": 5, "decoder": 0, "fibre": 0, "kind": "state", "m": 4, "next": [2, 3, 2, 2, 2], "period": 4, "recurrent_predicate": false, "state": [1, 2, 3, 3, 3], "tail": 4}
{"N": 5, "decoder": 1, "fibre": 1, "kind": "state", "m": 4, "next": [2, 0, 3, 3, 3], "period": 4, "recurrent_predicate": true, "state": [1, 3, 0, 0, 0], "tail": 0}
{"N": 5, "decoder": 0, "fibre": 0, "kind": "state", "m": 4, "next": [3, 0, 2, 2, 3], "period": 4, "recurrent_predicate": false, "state": [1, 3, 0, 0, 1], "tail": 5}
{"N": 5, "decoder": 0, "fibre": 0, "kind": "state", "m": 4, "next": [2, 0, 2, 2, 3], "period": 4, "recurrent_predicate": false, "state": [1, 3, 0, 0, 2], "tail": 3}
{"N": 5, "decoder": 1, "fibre": 1, "kind": "state", "m": 4, "next": [2, 1, 2, 2, 1], "period": 4, "recurrent_predicate": false, "state": [1, 3, 0, 0, 3], "tail": 4}
{"N": 5, "decoder": 0, "fibre": 0, "kind": "state", "m": 4, "next": [3, 0, 2, 3, 2], "period": 4, "recurrent_predicate": false, "state": [1, 3, 0, 1, 0], "tail": 5}
{"N": 5, "decoder": 0, "fibre": 0, "kind": "state", "m": 4, "next": [0, 0, 1, 0, 0], "period": 4, "recurrent_predicate": false, "state": [1, 3, 0, 1, 1], "tail": 4}
{"N": 5, "decoder": 0, "fibre": 0, "kind": "state", "m": 4, "next": [3, 0, 1, 3, 3], "period": 4, "recurrent_predicate": false, "state": [1, 3, 0, 1, 2], "tail": 3}
{"N": 5, "decoder": 0, "fibre": 0, "kind": "state", "m": 4, "next": [3, 1, 1, 3, 1], "period": 4, "recurrent_predicate": false, "state": [1, 3, 0, 1, 3], "tail": 3}
{"N": 5, "decoder": 0, "fibre": 0, "kind": "state", "m": 4, "next": [2, 0, 2, 3, 2], "period": 4, "recurrent_predicate": false, "state": [1, 3, 0, 2, 0], "tail": 3}
{"N": 5, "decoder": 0, "fibre": 0, "kind": "state", "m": 4, "next": [3, 0, 1, 3, 3], "period": 4, "recurrent_predicate": false, "state": [1, 3, 0, 2, 1], "tail": 3}
{"N": 5, "decoder": 0, "fibre": 0, "kind": "state", "m": 4, "next": [2, 0, 1, 0, 0], "period": 4, "recurrent_predicate": false, "state": [1, 3, 0, 2, 2], "tail": 3}
{"N": 5, "decoder": 0, "fibre": 0, "kind": "state", "m": 4, "next": [2, 1, 1, 3, 1], "period": 4, "recurrent_predicate": false, "state": [1, 3, 0, 2, 3], "tail": 3}
{"N": 5, "decoder": 1, "fibre": 1, "kind": "state", "m": 4, "next": [2, 1, 2, 1, 2], "period": 4, "recurrent_predicate": false, "state": [1, 3, 0, 3, 0], "tail": 4}
{"N": 5, "decoder": 0, "fibre": 0, "kind": "state", "m": 4, "next": [3, 1, 1, 1, 3], "period": 4, "recurrent_predicate": false, "state": [1, 3, 0, 3, 1], "tail": 3}
{"N": 5, "decoder": 0, "fibre": 0, "kind": "state", "m": 4, "next": [2, 1, 1, 1, 3], "period": 4, "recurrent_predicate": false, "state": [1, 3, 0, 3, 2], "tail": 3}
{"N": 5, "decoder": 3, "fibre": 3, "kind": "state", "m": 4, "next": [2, 2, 1, 2, 2], "period": 4, "recurrent_predicate": false, "state": [1, 3, 0, 3, 3], "tail": 2}
{"N": 5, "decoder": 0, "fibre": 0, "kind": "state", "m": 4, "next": [3, 0, 3, 2, 2], "period": 4, "recurrent_predicate": false, "state": [1, 3, 1, 0, 0], "tail": 5}
{"N": 5, "decoder": 0, "fibre": 0, "kind": "state", "m": 4, "next": [0, 0, 0, 1, 0], "period": 4, "recurrent_predicate": false, "state": [1, 3, 1, 0, 1], "tail": 4}
{"N": 5, "decoder": 0, "fibre": 0, "kind": "state", "m": 4, "next": [3, 0, 3, 1, 3], "period": 4, "recurrent_predicate": false, "state": [1, 3, 1, 0, 2], "tail": 3}
{"N": 5, "decoder": 0, "fibre": 0, "kind": "state", "m": 4, "next": [3, 1, 3, 1, 1], "period": 4, "recurrent_predicate": false, "state": [1, 3, 1, 0, 3], "tail": 3}
{"N": 5, "decoder": 0, "fibre": 0, "kind": "state", "m": 4, "next": [0, 0, 0, 0, 1], "period": 4, "recurrent_predicate": false, "state": [1, 3, 1, 1, 0], "tail": 4}
{"N": 5, "decoder": 1, "fibre": 1, "kind": "state", "m": 4, "next": [1, 0, 1, 1, 1], "period": 4, "recurrent_predicate": false, "state": [1, 3, 1, 1, 1], "tail": 2}
{"N": 5, "decoder": 3, "fibre": 3, "kind": "state", "m": 4, "next": [0, 0, 0, 0, 3], "period": 4, "recurrent_predicate": false, "state": [1, 3, 1, 1, 2], "tail": 2}
{"N": 5, "decoder": 4, "fibre": 4, "kind": "state", "m": 4, "next": [0, 1, 0, 0, 1], "period": 4, "recurrent_predicate": false, "state": [1, 3, 1, 1, 3], "tail": 2}
{"N": 5, "decoder": 0, "fibre": 0, "kind": "state", "m": 4, "next": [3, 0, 3, 3, 1], "period": 4, "recurrent_predicate": false, "state": [1, 3, 1, 2, 0], "tail": 3}
{"N": 5, "decoder": 3, "fibre": 3, "kind": "state", "m": 4, "next": [0, 0, 0, 3, 0], "period": 4, "recurrent_predicate": false, "state": [1, 3, 1, 2, 1], "tail": 2}
{"N": 5, "decoder": 1, "fibre": 1, "kind": "state", "m": 4, "next": [3, 0, 3, 0, 0], "period": 4, "recurrent_predicate": false, "state": [1, 3, 1, 2, 2], "tail": 4}
{"N": 5, "decoder": 0, "fibre": 0, "kind": "state", "m": 4, "next": [3, 1, 3, 3, 1], "period": 4, "recurrent_predicate": false, "state": [1, 3, 1, 2, 3], "tail": 3}
{"N": 5, "decoder": 0, "fibre": 0, "kind": "state", "m": 4, "next": [3, 1, 3, 1, 1], "period": 4, "recurrent_predicate": false, "state": [1, 3, 1, 3, 0], "tail": 3}
{"N": 5, "decoder": 4, "fibre": 4, "kind": "state", "m": 4, "next": [0, 1, 0, 1, 0], "period": 4, "recurrent_predicate": false, "state": [1, 3, 1, 3, 1], "tail": 2}
{"N": 5, "decoder": 0, "fibre": 0, "kind": "state", "m": 4, "next": [3, 1, 3, 1, 3], "period": 4, "recurrent_predicate": false, "state": [1, 3, 1, 3, 2], "tail": 3}
{"N": 5, "decoder": 4, "fibre": 4, "kind": "state", "m": 4, "next": [3, 2, 3, 2, 2], "period": 4, "recurrent_predicate": false, "state": [1, 3, 1, 3, 3], "tail": 2}
{"N": 5, "decoder": 0, "fibre": 0, "kind": "state", "m": 4, "next": [2, 0, 3, 2, 2], "period": 4, "recurrent_predicate": false, "state": [1, 3, 2, 0, 0], "tail": 3}
{"N": 5, "decoder": 0, "fibre": 0, "kind": "state", "m": 4, "next": [3, 0, 3, 1, 3], "period": 4, "recurrent_predicate": false, "state": [1, 3, 2, 0, 1], "tail": 3}
{"N": 5, "decoder": 0, "fibre": 0, "kind": "state", "m": 4, "next": [2, 0, 0, 1, 0], "period": 4, "recurrent_predicate": false, "state": [1, 3, 2, 0, 2], "tail": 3}
{"N": 5, "decoder": 0, "fibre": 0, "kind": "state", "m": 4, "next": [2, 1, 3, 1, 1], "period": 4, "recurrent_predicate": false, "state": [1, 3, 2, 0, 3], "tail": 3}
{"N": 5, "decoder": 0, "fibre": 0, "kind": "state", "m": 4, "next": [3, 0, 3, 3, 1], "period": 4, "recurrent_predicate": false, "state": [1, 3, 2, 1, 0], "tail": 3}
{"N": 5, "decoder": 3, "fibre": 3, "kind": "state", "m": 4, "next": [0, 0, 3, 0, 0], "period": 4, "recurrent_predicate": false, "state": [1, 3, 2, 1, 1], "tail": 2}
{"N": 5, "decoder": 1, "fibre": 1, "kind": "state", "m": 4, "next": [3, 0, 0, 3, 0], "period": 4, "recurrent_predicate": false, "state": [1, 3, 2, 1, 2], "tail": 4}
{"N": 5, "decoder": 0, "fibre": 0, "kind": "state", "m": 4, "next": [3, 1, 3, 3, 1], "period": 4, "recurrent_predicate": false, "state": [1, 3, 2, 1, 3], "tail": 3}
{"N": 5, "decoder": 0, "fibre": 0, "kind": "state", "m": 4, "next": [2, 0, 0, 0, 1], "period": 4, "recurrent_predicate": false, "state": [1, 3, 2, 2, 0], "tail": 3}
{"N": 5, "decoder": 1, "fibre": 1, "kind": "state", "m": 4, "next": [3, 0, 0, 0, 3], "period": 4, "recurrent_predicate": false, "state": [1, 3, 2, 2, 1], "tail": 4}
{"N": 5, "decoder": 1, "fibre": 1, "kind": "state", "m": 4, "next": [2, 0, 1, 1, 1], "period": 4, "recurrent_predicate": true, "state": [1, 3, 2, 2, 2], "tail": 0}
{"N": 5, "decoder": 0, "fibre": 0, "kind": "state", "m": 4, "next": [2, 1, 0, 0, 1], "period": 4, "recurrent_predicate": false, "state": [1, 3, 2, 2, 3], "tail": 5}
{"N": 5, "decoder": 0, "fibre": 0, "kind": "state", "m": 4, "next": [2, 1, 3, 1, 1], "period": 4, "recurrent_predicate": false, "state": [1, 3, 2, 3, 0], "tail": 3}
{"N": 5, "decoder": 0, "fibre": 0, "kind": "state", "m": 4, "next": [3, 1, 3, 1, 3], "period": 4, "recurrent_predicate": false, "state": [1, 3, 2, 3, 1], "tail": 3}
{"N": 5, "decoder": 0, "fibre": 0, "kind": "state", "m": 4, "next": [2, 1, 0, 1, 0], "period": 4, "recurrent_predicate": false, "state": [1, 3, 2, 3, 2], "tail": 5}
{"N": 5, "decoder": 0, "fibre": 0, "kind": "state", "m": 4, "next": [2, 2, 3, 2, 2], "period": 4, "recurrent_predicate": false, "state": [1, 3, 2, 3, 3], "tail": 4}
{"N": 5, "decoder": 1, "fibre": 1, "kind": "state", "m": 4, "next": [2, 1, 1, 2, 2], "period": 4, "recurrent_predicate": false, "state": [1, 3, 3, 0, 0], "tail": 4}
{"N": 5, "decoder": 0, "fibre": 0, "kind": "state", "m": 4, "next": [3, 1, 1, 1, 3], "period": 4, "recurrent_predicate": false, "state": [1, 3, 3, 0, 1], "tail": 3}
{"N": 5, "decoder": 0, "fibre": 0, "kind": "state", "m": 4, "next": [2, 1, 1, 1, 3], "period": 4, "recurrent_predicate": false, "state": [1, 3, 3, 0, 2], "tail": 3}
{"N": 5, "decoder": 3, "fibre": 3, "kind": "state", "m": 4, "next": [2, 2, 2, 1, 2], "period": 4, "recurrent_predicate": false, "state": [1, 3, 3, 0, 3], "tail": 2}
{"N": 5, "decoder": 0, "fibre": 0, "kind": "state", "m": 4, "next": [3, 1, 1, 3, 1], "period": 4, "recurrent_predicate": false, "state": [1, 3, 3, 1, 0], "tail": 3}
{"N": 5, "decoder": 4, "fibre": 4, "kind": "state", "m": 4, "next": [0, 1, 1, 0, 0], "period": 4, "recurrent_predicate": false, "state": [1, 3, 3, 1, 1], "tail": 2}
{"N": 5, "decoder": 0, "fibre": 0, "kind": "state", "m": 4, "next": [3, 1, 1, 3, 3], "period": 4, "recurrent_predicate": false, "state": [1, 3, 3, 1, 2], "tail": 3}
{"N": 5, "decoder": 4, "fibre": 4, "kind": "state", "m": 4, "next": [3, 2, 2, 3, 2], "period": 4, "recurrent_predicate": false, "state": [1, 3, 3, 1, 3], "tail": 2}
{"N": 5, "decoder": 0, "fibre": 0, "kind": "state", "m": 4, "next": [2, 1, 1, 3, 1], "period": 4, "recurrent_predicate": false, "state": [1, 3, 3, 2, 0], "tail": 3}
{"N": 5, "decoder": 0, "fibre": 0, "kind": "state", "m": 4, "next": [3, 1, 1, 3, 3], "period": 4, "recurrent_predicate": false, "state": [1, 3, 3, 2, 1], "tail": 3}
{"N": 5, "decoder": 0, "fibre": 0, "kind": "state", "m": 4, "next": [2, 1, 1, 0, 0], "period": 4, "recurrent_predicate": false, "state": [1, 3, 3, 2, 2], "tail": 5}
{"N": 5, "decoder": 0, "fibre": 0, "kind": "state", "m": 4, "next": [2, 2, 2, 3, 2], "period": 4, "recurrent_predicate": false, "state": [1, 3, 3, 2, 3], "tail": 4}
{"N": 5, "decoder": 3, "fibre": 3, "kind": "state", "m": 4, "next": [2, 2, 2, 2, 1], "period": 4, "recurrent_predicate": false, "state": [1, 3, 3, 3, 0], "tail": 2}
{"N": 5, "decoder": 4, "fibre": 4, "kind": "state", "m": 4, "next": [3, 2, 2, 2, 3], "period": 4, "recurrent_predicate": false, "state": [1, 3, 3, 3, 1], "tail": 2}
{"N": 5, "decoder": 0, "fibre": 0, "kind": "state", "m": 4, "next": [2, 2, 2, 2, 3], "period": 4, "recurrent_predicate": false, "state": [1, 3, 3, 3, 2], "tail": 4}
{"N": 5, "decoder": 1, "fibre": 1, "kind": "state", "m": 4, "next": [2, 3, 3, 3, 3], "period": 4, "recurrent_predicate": false, "state": [1, 3, 3, 3, 3], "tail": 2}
{"N": 5, "decoder": 1, "fibre": 1, "kind": "state", "m": 4, "next": [3, 0, 0, 0, 0], "period": 4, "recurrent_predicate": false, "state": [2, 0, 0, 0, 0], "tail": 2}
{"N": 5, "decoder": 3, "fibre": 3, "kind": "state", "m": 4, "next": [3, 3, 3, 3, 2], "period": 4, "recurrent_predicate": false, "state": [2, 0, 0, 0, 1], "tail": 2}
{"N": 5, "decoder": 4, "fibre": 4, "kind": "state", "m": 4, "next": [0, 3, 3, 3, 0], "period": 4, "recurrent_predicate": false, "state": [2, 0, 0, 0, 2], "tail": 2}
{"N": 5, "decoder": 0, "fibre": 0, "kind": "state", "m": 4, "next": [3, 3, 3, 3, 0], "period": 4, "recurrent_predicate": false, "state": [2, 0, 0, 0, 3], "tail": 4}
{"N": 5, "decoder": 3, "fibre": 3, "kind": "state", "m": 4, "next": [3, 3, 3, 2, 3], "period": 4, "recurrent_predicate": false, "state": [2, 0, 0, 1, 0], "tail": 2}
{"N": 5, "decoder": 1, "fibre": 1, "kind": "state", "m": 4, "next": [3, 2, 2, 3, 3], "period": 4, "recurrent_predicate": false, "state": [2, 0, 0, 1, 1], "tail": 4}
{"N": 5, "decoder": 0, "fibre": 0, "kind": "state", "m": 4, "next": [0, 2, 2, 2, 0], "period": 4, "recurrent_predicate": false, "state": [2, 0, 0, 1, 2], "tail": 3}
{"N": 5, "decoder": 0, "fibre": 0, "kind": "state", "m": 4, "next": [3, 2, 2, 2, 0], "period": 4, "recurrent_predicate": false, "state": [2, 0, 0, 1, 3], "tail": 3}
{"N": 5, "decoder": 4, "fibre": 4, "kind": "state", "m": 4, "next": [0, 3, 3, 0, 3], "period": 4, "recurrent_predicate": false, "state": [2, 0, 0, 2, 0], "tail": 2}
{"N": 5, "decoder": 0, "fibre": 0, "kind": "state", "m": 4, "next": [0, 2, 2, 0, 2], "period": 4, "recurrent_predicate": false, "state": [2, 0, 0, 2, 1], "tail": 3}
{"N": 5, "decoder": 4, "fibre": 4, "kind": "state", "m": 4, "next": [1, 2, 2, 1, 1], "period": 4, "recurrent_predicate": false, "state": [2, 0, 0, 2, 2], "tail": 2}
{"N": 5, "decoder": 0, "fibre": 0, "kind": "state", "m": 4, "next": [0, 2, 2, 0, 0], "period": 4, "recurrent_predicate": false, "state": [2, 0, 0, 2, 3], "tail": 3}
{"N": 5, "decoder": 0, "fibre": 0, "kind": "state", "m": 4, "next": [3, 3, 3, 0, 3], "period": 4, "recurrent_predicate": false, "state": [2, 0, 0, 3, 0], "tail": 4}
{"N": 5, "decoder": 0, "fibre": 0, "kind": "state", "m": 4, "next": [3, 2, 2, 0, 2], "period": 4, "recurrent_predicate": false, "state": [2, 0, 0, 3, 1], "tail": 3}
{"N": 5, "decoder": 0, "fibre": 0, "kind": "state", "m": 4, "next": [0, 2, 2, 0, 0], "period": 4, "recurrent_predicate": false, "state": [2, 0, 0, 3, 2], "tail": 3}
{"N": 5, "decoder": 0, "fibre": 0, "kind": "state", "m": 4, "next": [3, 2, 2, 1, 1], "period": 4, "recurrent_predicate": false, "state": [2, 0, 0, 3, 3], "tail": 5}
{"N": 5, "decoder": 3, "fibre": 3, "kind": "state", "m": 4, "next": [3, 3, 2, 3, 3], "period": 4, "recurrent_predicate": false, "state": [2, 0, 1, 0, 0], "tail": 2}
{"N": 5, "decoder": 1, "fibre": 1, "kind": "state", "m": 4, "next": [3, 2, 3, 2, 3], "period": 4, "recurrent_predicate": false, "state": [2, 0, 1, 0, 1], "tail": 4}
{"N": 5, "decoder": 0, "fibre": 0, "kind": "state", "m": 4, "next": [0, 2, 2, 2, 0], "period": 4, "recurrent_predicate": false, "state": [2, 0, 1, 0, 2], "tail": 3}
{"N": 5, "decoder": 0, "fibre": 0, "kind": "state", "m": 4, "next": [3, 2, 2, 2, 0], "period": 4, "recurrent_predicate": false, "state": [2, 0, 1, 0, 3], "tail": 3}
{"N": 5, "decoder": 1, "fibre": 1, "kind": "state", "m": 4, "next": [3, 2, 3, 3, 2], "period": 4, "recurrent_predicate": false, "state": [2, 0, 1, 1, 0], "tail": 4}
{"N": 5, "decoder": 1, "fibre": 1, "kind": "state", "m": 4, "next": [3, 1, 0, 0, 0], "period": 4, "recurrent_predicate": true, "state": [2, 0, 1, 1, 1], "tail": 0}
{"N": 5, "decoder": 0, "fibre": 0, "kind": "state", "m": 4, "next": [0, 1, 3, 3, 0], "period": 4, "recurrent_predicate": false, "state": [2, 0, 1, 1, 2], "tail": 5}
{"N": 5, "decoder": 0, "fibre": 0, "kind": "state", "m": 4, "next": [3, 1, 3, 3, 0], "period": 4, "recurrent_predicate": false, "state": [2, 0, 1, 1, 3], "tail": 3}
{"N": 5, "decoder": 0, "fibre": 0, "kind": "state", "m": 4, "next": [0, 2, 2, 0, 2], "period": 4, "recurrent_predicate": false, "state": [2, 0, 1, 2, 0], "tail": 3}
{"N": 5, "decoder": 0, "fibre": 0, "kind": "state", "m": 4, "next": [0, 1, 3, 0, 3], "period": 4, "recurrent_predicate": false, "state": [2, 0, 1, 2, 1], "tail": 5}
{"N": 5, "decoder": 0, "fibre": 0, "kind": "state", "m": 4, "next": [1, 1, 2, 1, 1], "period": 4, "recurrent_predicate": false, "state": [2, 0, 1, 2, 2], "tail": 4}
{"N": 5, "decoder": 0, "fibre": 0, "kind": "state", "m": 4, "next": [0, 1, 2, 0, 0], "period": 4, "recurrent_predicate": false, "state": [2, 0, 1, 2, 3], "tail": 3}
{"N": 5, "decoder": 0, "fibre": 0, "kind": "state", "m": 4, "next": [3, 2, 2, 0, 2], "period": 4, "recurrent_predicate": false, "state": [2, 0, 1, 3, 0], "tail": 3}
{"N": 5, "decoder": 0, "fibre": 0, "kind": "state", "m": 4, "next": [3, 1, 3, 0, 3], "period": 4, "recurrent_predicate": false, "state": [2, 0, 1, 3, 1], "tail": 3}
{"N": 5, "decoder": 0, "fibre": 0, "kind": "state", "m": 4, "next": [0, 1, 2, 0, 0], "period": 4, "recurrent_predicate": false, "state": [2, 0, 1, 3, 2], "tail": 3}
{"N": 5, "decoder": 0, "fibre": 0, "kind": "state", "m": 4, "next": [3, 1, 2, 1, 1], "period": 4, "recurrent_predicate": false, "state": [2, 0, 1, 3, 3], "tail": 3}
{"N": 5, "decoder": 4, "fibre": 4, "kind": "state", "m": 4, "next": [0, 3, 0, 3, 3], "period": 4, "recurrent_predicate": false, "state": [2, 0, 2, 0, 0], "tail": 2}
{"N": 5, "decoder": 0, "fibre": 0, "kind": "state", "m": 4, "next": [0, 2, 0, 2, 2], "period": 4, "recurrent_predicate": false, "state": [2, 0, 2, 0, 1], "tail": 3}
{"N": 5, "decoder": 4, "fibre": 4, "kind": "state", "m": 4, "next": [1, 2, 1, 2, 1], "period": 4, "recurrent_predicate": false, "state": [2, 0, 2, 0, 2], "tail": 2}
{"N": 5, "decoder": 0, "fibre": 0, "kind": "state", "m": 4, "next": [0, 2, 0, 2, 0], "period": 4, "recurrent_predicate": false, "state": [2, 0, 2, 0, 3], "tail": 3}
{"N": 5, "decoder": 0, "fibre": 0, "kind": "state", "m": 4, "next": [0, 2, 0, 2, 2], "period": 4, "recurrent_predicate": false, "state": [2, 0, 2, 1, 0], "tail": 3}
{"N": 5, "decoder": 0, "fibre": 0, "kind": "state", "m": 4, "next": [0, 1, 0, 3, 3], "period": 4, "recurrent_predicate": false, "state": [2, 0, 2, 1, 1], "tail": 5}
{"N": 5, "decoder": 0, "fibre": 0, "kind": "state", "m": 4, "next": [1, 1, 1, 2, 1], "period": 4, "recurrent_predicate": false, "state": [2, 0, 2, 1, 2], "tail": 4}
{"N": 5, "decoder": 0, "fibre": 0, "kind": "state", "m": 4, "next": [0, 1, 0, 2, 0], "period": 4, "recurrent_predicate": false, "state": [2, 0, 2, 1, 3], "tail": 3}
{"N": 5, "decoder": 4, "fibre": 4, "kind": "state", "m": 4, "next": [1, 2, 1, 1, 2], "period": 4, "recurrent_predicate": false, "state": [2, 0, 2, 2, 0], "tail": 2}
{"N": 5, "decoder": 0, "fibre": 0, "kind": "state", "m": 4, "next": [1, 1, 1, 1, 2], "period": 4, "recurrent_predicate": false, "state": [2, 0, 2, 2, 1], "tail": 4}
{"N": 5, "decoder": 1, "fibre": 1, "kind": "state", "m": 4, "next": [2, 1, 2, 2, 2], "period": 4, "recurrent_predicate": false, "state": [2, 0, 2, 2, 2], "tail": 2}
{"N": 5, "decoder": 3, "fibre": 3, "kind": "state", "m": 4, "next": [1, 1, 1, 1, 0], "period": 4, "recurrent_predicate": false, "state": [2, 0, 2, 2, 3], "tail": 2}
{"N": 5, "decoder": 0, "fibre": 0, "kind": "state", "m": 4, "next": [0, 2, 0, 0, 2], "period": 4, "recurrent_predicate": false, "state": [2, 0, 2, 3, 0], "tail": 3}
{"N": 5, "decoder": 0, "fibre": 0, "kind": "state", "m": 4, "next": [0, 1, 0, 0, 2], "period": 4, "recurrent_predicate": false, "state": [2, 0, 2, 3, 1], "tail": 3}
{"N": 5, "decoder": 3, "fibre": 3, "kind": "state", "m": 4, "next": [1, 1, 1, 0, 1], "period": 4, "recurrent_predicate": false, "state": [2, 0, 2, 3, 2], "tail": 2}
{"N": 5, "decoder": 1, "fibre": 1, "kind": "state", "m": 4, "next": [0, 1, 0, 1, 1], "period": 4, "recurrent_predicate": false, "state": [2, 0, 2, 3, 3], "tail": 4}
{"N": 5, "decoder": 0, "fibre": 0, "kind": "state", "m": 4, "next": [3, 3, 0, 3, 3], "period": 4, "recurrent_predicate": false, "state": [2, 0, 3, 0, 0], "tail": 4}
{"N": 5, "decoder": 0, "fibre": 0, "kind": "state", "m": 4, "next": [3, 2, 0, 2, 2], "period": 4, "recurrent_predicate": false, "state": [2, 0, 3, 0, 1], "tail": 3}
{"N": 5, "decoder": 0, "fibre": 0, "kind": "state", "m": 4, "next": [0, 2, 0, 2, 0], "period": 4, "recurrent_predicate": false, "state": [2, 0, 3, 0, 2], "tail": 3}
{"N": 5, "decoder": 0, "fibre": 0, "kind": "state", "m": 4, "next": [3, 2, 1, 2, 1], "period": 4, "recurrent_predicate": false, "state": [2, 0, 3, 0, 3], "tail": 5}
{"N": 5, "decoder": 0, "fibre": 0, "kind": "state", "m": 4, "next": [3, 2, 0, 2, 2], "period": 4, "recurrent_predicate": false, "state": [2, 0, 3, 1, 0], "tail": 3}
{"N": 5, "decoder": 0, "fibre": 0, "kind": "state", "m": 4, "next": [3, 1, 0, 3, 3], "period": 4, "recurrent_predicate": false, "state": [2, 0, 3, 1, 1], "tail": 3}
{"N": 5, "decoder": 0, "fibre": 0, "kind": "state", "m": 4, "next": [0, 1, 0, 2, 0], "period": 4, "recurrent_predicate": false, "state": [2, 0, 3, 1, 2], "tail": 3}
{"N": 5, "decoder": 0, "fibre": 0, "kind": "state", "m": 4, "next": [3, 1, 1, 2, 1], "period": 4, "recurrent_predicate": false, "state": [2, 0, 3, 1, 3], "tail": 3}
{"N": 5, "decoder": 0, "fibre": 0, "kind": "state", "m": 4, "next": [0, 2, 0, 0, 2], "period": 4, "recurrent_predicate": false, "state": [2, 0, 3, 2, 0], "tail": 3}
{"N": 5, "decoder": 0, "fibre": 0, "kind": "state", "m": 4, "next": [0, 1, 0, 0, 2], "period": 4, "recurrent_predicate": false, "state": [2, 0, 3, 2, 1], "tail": 3}
{"N": 5, "decoder": 3, "fibre": 3, "kind": "state", "m": 4, "next": [1, 1, 0, 1, 1], "period": 4, "recurrent_predicate": false, "state": [2, 0, 3, 2, 2], "tail": 2}
{"N": 5, "decoder": 1, "fibre": 1, "kind": "state", "m": 4, "next": [0, 1, 1, 0, 1], "period": 4, "recurrent_predicate": false, "state": [2, 0, 3, 2, 3], "tail": 4}
{"N": 5, "decoder": 0, "fibre": 0, "kind": "state", "m": 4, "next": [3, 2, 1, 1, 2], "period": 4, "recurrent_predicate": false, "state": [2, 0, 3, 3, 0], "tail": 5}
{"N": 5, "decoder": 0, "fibre": 0, "kind": "state", "m": 4, "next": [3, 1, 1, 1, 2], "period": 4, "recurrent_predicate": false, "state": [2, 0, 3, 3, 1], "tail": 3}
{"N": 5, "decoder": 1, "fibre": 1, "kind": "state", "m": 4, "next": [0, 1, 1, 1, 0], "period": 4, "recurrent_predicate": false, "state": [2, 0, 3, 3, 2], "tail": 4}
{"N": 5, "decoder": 1, "fibre": 1, "kind": "state", "m": 4, "next": [3, 1, 2, 2, 2], "period": 4, "recurrent_predicate": true, "state": [2, 0, 3, 3, 3], "tail": 0}
{"N": 5, "decoder": 3, "fibre": 3, "kind": "state", "m": 4, "next": [3, 2, 3, 3, 3], "period": 4, "recurrent_predicate": false, "state": [2, 1, 0, 0, 0], "tail": 2}
{"N": 5, "decoder": 1, "fibre": 1, "kind": "state", "m": 4, "next": [3, 3, 2, 2, 3], "period": 4, "recurrent_predicate": false, "state": [2, 1, 0, 0, 1], "tail": 4}
{"N": 5, "decoder": 0, "fibre": 0, "kind": "state", "m": 4, "next": [0, 2, 2, 2, 0], "period": 4, "recurrent_predicate": false, "state": [2, 1, 0, 0, 2], "tail": 3}
{"N": 5, "decoder": 0, "fibre": 0, "kind": "state", "m": 4, "next": [3, 2, 2, 2, 0], "period": 4, "recurrent_predicate": false, "state": [2, 1, 0, 0, 3], "tail": 3}
{"N": 5, "decoder": 1, "fibre": 1, "kind": "state", "m": 4, "next": [3, 3, 2, 3, 2], "period": 4, "recurrent_predicate": false, "state": [2, 1, 0, 1, 0], "tail": 4}
{"N": 5, "decoder": 1, "fibre": 1, "kind": "state", "m": 4, "next": [3, 0, 1, 0, 0], "period": 4, "recurrent_predicate": true, "state": [2, 1, 0, 1, 1], "tail": 0}
{"N": 5, "decoder": 0, "fibre": 0, "kind": "state", "m": 4, "next": [0, 3, 1, 3, 0], "period": 4, "recurrent_predicate": false, "state": [2, 1, 0, 1, 2], "tail": 5}
{"N": 5, "decoder": 0, "fibre": 0, "kind": "state", "m": 4, "next": [3, 3, 1, 3, 0], "period": 4, "recurrent_predicate": false, "state": [2, 1, 0, 1, 3], "tail": 3}
{"N": 5, "decoder": 0, "fibre": 0, "kind": "state", "m": 4, "next": [0, 2, 2, 0, 2], "period": 4, "recurrent_predicate": false, "state": [2, 1, 0, 2, 0], "tail": 3}
{"N": 5, "decoder": 0, "fibre": 0, "kind": "state", "m": 4, "next": [0, 3, 1, 0, 3], "period": 4, "recurrent_predicate": false, "state": [2, 1, 0, 2, 1], "tail": 5}
{"N": 5, "decoder": 0, "fibre": 0, "kind": "state", "m": 4, "next": [1, 2, 1, 1, 1], "period": 4, "recurrent_predicate": false, "state": [2, 1, 0, 2, 2], "tail": 4}
{"N": 5, "decoder": 0, "fibre": 0, "kind": "state", "m": 4, "next": [0, 2, 1, 0, 0], "period": 4, "recurrent_predicate": false, "state": [2, 1, 0, 2, 3], "tail": 3}
{"N": 5, "decoder": 0, "fibre": 0, "kind": "state", "m": 4, "next": [3, 2, 2, 0, 2], "period": 4, "recurrent_predicate": false, "state": [2, 1, 0, 3, 0], "tail": 3}
{"N": 5, "decoder": 0, "fibre": 0, "kind": "state", "m": 4, "next": [3, 3, 1, 0, 3], "period": 4, "recurrent_predicate": false, "state": [2, 1, 0, 3, 1], "tail": 3}
{"N": 5, "decoder": 0, "fibre": 0, "kind": "state", "m": 4, "next": [0, 2, 1, 0, 0], "period": 4, "recurrent_predicate": false, "state": [2, 1, 0, 3, 2], "tail": 3}
{"N": 5, "decoder": 0, "fibre": 0, "kind": "state", "m": 4, "next": [3, 2, 1, 1, 1], "period": 4, "recurrent_predicate": false, "state": [2, 1, 0, 3, 3], "tail": 3}
{"N": 5, "decoder": 1, "fibre": 1, "kind": "state", "m": 4, "next": [3, 3, 3, 2, 2], "period": 4, "recurrent_predicate": false, "state": [2, 1, 1, 0, 0], "tail": 4}
{"N": 5, "decoder": 1, "fibre": 1, "kind": "state", "m": 4, "next": [3, 0, 0, 1, 0], "period": 4, "recurrent_predicate": true, "state": [2, 1, 1, 0, 1], "tail": 0}
{"N": 5, "decoder": 0, "fibre": 0, "kind": "state", "m": 4, "next": [0, 3, 3, 1, 0], "period": 4, "recurrent_predicate": false, "state": [2, 1, 1, 0, 2], "tail": 5}
{"N": 5, "decoder": 0, "fibre": 0, "kind": "state", "m": 4, "next": [3, 3, 3, 1, 0], "period": 4, "recurrent_predicate": false, "state": [2, 1, 1, 0, 3], "tail": 3}
{"N": 5, "decoder": 1, "fibre": 1, "kind": "state", "m": 4, "next": [3, 0, 0, 0, 1], "period": 4, "recurrent_predicate": true, "state": [2, 1, 1, 1, 0], "tail": 0}
{"N": 5, "decoder": 4, "fibre": 4, "kind": "state", "m": 4, "next": [3, 1, 1, 1, 1], "period": 4, "recurrent_predicate": false, "state": [2, 1, 1, 1, 1], "tail": 3}
{"N": 5, "decoder": 1, "fibre": 1, "kind": "state", "m": 4, "next": [0, 0, 0, 0, 0], "period": 4, "recurrent_predicate": false, "state": [2, 1, 1, 1, 2], "tail": 1}
{"N": 5, "decoder": 3, "fibre": 3, "kind": "state", "m": 4, "next": [3, 0, 0, 0, 0], "period": 4, "recurrent_predicate": false, "state": [2, 1, 1, 1, 3], "tail": 2}
{"N": 5, "decoder": 0, "fibre": 0, "kind": "state", "m": 4, "next": [0, 3, 3, 0, 1], "period": 4, "recurrent_predicate": false, "state": [2, 1, 1, 2, 0], "tail": 5}
{"N": 5, "decoder": 1, "fibre": 1, "kind": "state", "m": 4, "next": [0, 0, 0, 0, 0], "period": 4, "recurrent_predicate": false, "state": [2, 1, 1, 2, 1], "tail": 1}
{"N": 5, "decoder": 3, "fibre": 3, "kind": "state", "m": 4, "next": [1, 3, 3, 1, 1], "period": 4, "recurrent_predicate": false, "state": [2, 1, 1, 2, 2], "tail": 3}
{"N": 5, "decoder": 1, "fibre": 1, "kind": "state", "m": 4, "next": [0, 3, 3, 0, 0], "period": 4, "recurrent_predicate": false, "state": [2, 1, 1, 2, 3], "tail": 4}
{"N": 5, "decoder": 0, "fibre": 0, "kind": "state", "m": 4, "next": [3, 3, 3, 0, 1], "period": 4, "recurrent_predicate": false, "state": [2, 1, 1, 3, 0], "tail": 3}
{"N": 5, "decoder": 3, "fibre": 3, "kind": "state", "m": 4, "next": [3, 0, 0, 0, 0], "period": 4, "recurrent_predicate": false, "state": [2, 1, 1, 3, 1], "tail": 2}
{"N": 5, "decoder": 1, "fibre": 1, "kind": "state", "m": 4, "next": [0, 3, 3, 0, 0], "period": 4, "recurrent_predicate": false, "state": [2, 1, 1, 3, 2], "tail": 4}
{"N": 5, "decoder": 0, "fibre": 0, "kind": "state", "m": 4, "next": [3, 3, 3, 1, 1], "period": 4, "recurrent_predicate": false, "state": [2, 1, 1, 3, 3], "tail": 3}
{"N": 5, "decoder": 0, "fibre": 0, "kind": "state", "m": 4, "next": [0, 2, 0, 2, 2], "period": 4, "recurrent_predicate": false, "state": [2, 1, 2, 0, 0], "tail": 3}
{"N": 5, "decoder": 0, "fibre": 0, "kind": "state", "m": 4, "next": [0, 3, 0, 1, 3], "period": 4, "recurrent_predicate": false, "state": [2, 1, 2, 0, 1], "tail": 5}
{"N": 5, "decoder": 0, "fibre": 0, "kind": "state", "m": 4, "next": [1, 2, 1, 1, 1], "period": 4, "recurrent_predicate": false, "state": [2, 1, 2, 0, 2], "tail": 4}
{"N": 5, "decoder": 0, "fibre": 0, "kind": "state", "m": 4, "next": [0, 2, 0, 1, 0], "period": 4, "recurrent_predicate": false, "state": [2, 1, 2, 0, 3], "tail": 3}
{"N": 5, "decoder": 0, "fibre": 0, "kind": "state", "m": 4, "next": [0, 3, 0, 3, 1], "period": 4, "recurrent_predicate": false, "state": [2, 1, 2, 1, 0], "tail": 5}
{"N": 5, "decoder": 1, "fibre": 1, "kind": "state", "m": 4, "next": [0, 0, 0, 0, 0], "period": 4, "recurrent_predicate": false, "state": [2, 1, 2, 1, 1], "tail": 1}
{"N": 5, "decoder": 3, "fibre": 3, "kind": "state", "m": 4, "next": [1, 3, 1, 3, 1], "period": 4, "recurrent_predicate": false, "state": [2, 1, 2, 1, 2], "tail": 3}
{"N": 5, "decoder": 1, "fibre": 1, "kind": "state", "m": 4, "next": [0, 3, 0, 3, 0], "period": 4, "recurrent_predicate": false, "state": [2, 1, 2, 1, 3], "tail": 4}
{"N": 5, "decoder": 0, "fibre": 0, "kind": "state", "m": 4, "next": [1, 2, 1, 1, 1], "period": 4, "recurrent_predicate": false, "state": [2, 1, 2, 2, 0], "tail": 4}
{"N": 5, "decoder": 3, "fibre": 3, "kind": "state", "m": 4, "next": [1, 3, 1, 1, 3], "period": 4, "recurrent_predicate": false, "state": [2, 1, 2, 2, 1], "tail": 3}
{"N": 5, "decoder": 5, "fibre": 5, "kind": "state", "m": 4, "next": [2, 2, 2, 2, 2], "period": 4, "recurrent_predicate": false, "state": [2, 1, 2, 2, 2], "tail": 1}
{"N": 5, "decoder": 1, "fibre": 1, "kind": "state", "m": 4, "next": [1, 2, 1, 1, 0], "period": 4, "recurrent_predicate": true, "state": [2, 1, 2, 2, 3], "tail": 0}
{"N": 5, "decoder": 0, "fibre": 0, "kind": "state", "m": 4, "next": [0, 2, 0, 0, 1], "period": 4, "recurrent_predicate": false, "state": [2, 1, 2, 3, 0], "tail": 3}
{"N": 5, "decoder": 1, "fibre": 1, "kind": "state", "m": 4, "next": [0, 3, 0, 0, 3], "period": 4, "recurrent_predicate": false, "state": [2, 1, 2, 3, 1], "tail": 4}
{"N": 5, "decoder": 1, "fibre": 1, "kind": "state", "m": 4, "next": [1, 2, 1, 0, 1], "period": 4, "recurrent_predicate": true, "state": [2, 1, 2, 3, 2], "tail": 0}
{"N": 5, "decoder": 0, "fibre": 0, "kind": "state", "m": 4, "next": [0, 2, 0, 1, 1], "period": 4, "recurrent_predicate": false, "state": [2, 1, 2, 3, 3], "tail": 5}
{"N": 5, "decoder": 0, "fibre": 0, "kind": "state", "m": 4, "next": [3, 2, 0, 2, 2], "period": 4, "recurrent_predicate": false, "state": [2, 1, 3, 0, 0], "tail": 3}
{"N": 5, "decoder": 0, "fibre": 0, "kind": "state", "m": 4, "next": [3, 3, 0, 1, 3], "period": 4, "recurrent_predicate": false, "state": [2, 1, 3, 0, 1], "tail": 3}
{"N": 5, "decoder": 0, "fibre": 0, "kind": "state", "m": 4, "next": [0, 2, 0, 1, 0], "period": 4, "recurrent_predicate": false, "state": [2, 1, 3, 0, 2], "tail": 3}
{"N": 5, "decoder": 0, "fibre": 0, "kind": "state", "m": 4, "next": [3, 2, 1, 1, 1], "period": 4, "recurrent_predicate": false, "state": [2, 1, 3, 0, 3], "tail": 3}
{"N": 5, "decoder": 0, "fibre": 0, "kind": "state", "m": 4, "next": [3, 3, 0, 3, 1], "period": 4, "recurrent_predicate": false, "state": [2, 1, 3, 1, 0], "tail": 3}
{"N": 5, "decoder": 3, "fibre": 3, "kind": "state", "m": 4, "next": [3, 0, 0, 0, 0], "period": 4, "recurrent_predicate": false, "state": [2, 1, 3, 1, 1], "tail": 2}
{"N": 5, "decoder": 1, "fibre": 1, "kind": "state", "m": 4, "next": [0, 3, 0, 3, 0], "period": 4, "recurrent_predicate": false, "state": [2, 1, 3, 1, 2], "tail": 4}
{"N": 5, "decoder": 0, "fibre": 0, "kind": "state", "m": 4, "next": [3, 3, 1, 3, 1], "period": 4, "recurrent_predicate": false, "state": [2, 1, 3, 1, 3], "tail": 3}
{"N": 5, "decoder": 0, "fibre": 0, "kind": "state", "m": 4, "next": [0, 2, 0, 0, 1], "period": 4, "recurrent_predicate": false, "state": [2, 1, 3, 2, 0], "tail": 3}
{"N": 5, "decoder": 1, "fibre": 1, "kind": "state", "m": 4, "next": [0, 3, 0, 0, 3], "period": 4, "recurrent_predicate": false, "state": [2, 1, 3, 2, 1], "tail": 4}
{"N": 5, "decoder": 1, "fibre": 1, "kind": "state", "m": 4, "next": [1, 2, 0, 1, 1], "period": 4, "recurrent_predicate": true, "state": [2, 1, 3, 2, 2], "tail": 0}
{"N": 5, "decoder": 0, "fibre": 0, "kind": "state", "m": 4, "next": [0, 2, 1, 0, 1], "period": 4, "recurrent_predicate": false, "state": [2, 1, 3, 2, 3], "tail": 5}
{"N": 5, "decoder": 0, "fibre": 0, "kind": "state", "m": 4, "next": [3, 2, 1, 1, 1], "period": 4, "recurrent_predicate": false, "state": [2, 1, 3, 3, 0], "tail": 3}
{"N": 5, "decoder": 0, "fibre": 0, "kind": "state", "m": 4, "next": [3, 3, 1, 1, 3], "period": 4, "recurrent_predicate": false, "state": [2, 1, 3, 3, 1], "tail": 3}
{"N": 5, "decoder": 0, "fibre": 0, "kind": "state", "m": 4, "next": [0, 2, 1, 1, 0], "period": 4, "recurrent_predicate": false, "state": [2, 1, 3, 3, 2], "tail": 5}
{"N": 5, "decoder": 0, "fibre": 0, "kind": "state", "m": 4, "next": [3, 2, 2, 2, 2], "period": 4, "recurrent_predicate": false, "state": [2, 1, 3, 3, 3], "tail": 4}
{"N": 5, "decoder": 4, "fibre": 4, "kind": "state", "m": 4, "next": [0, 0, 3, 3, 3], "period": 4, "recurrent_predicate": false, "state": [2, 2, 0, 0, 0], "tail": 2}
{"N": 5, "decoder": 0, "fibre": 0, "kind": "state", "m": 4, "next": [0, 0, 2, 2, 2], "period": 4, "recurrent_predicate": false, "state": [2, 2, 0, 0, 1], "tail": 3}
{"N": 5, "decoder": 4, "fibre": 4, "kind": "state", "m": 4, "next": [1, 1, 2, 2, 1], "period": 4, "recurrent_predicate": false, "state": [2, 2, 0, 0, 2], "tail": 2}
{"N": 5, "decoder": 0, "fibre": 0, "kind": "state", "m": 4, "next": [0, 0, 2, 2, 0], "period": 4, "recurrent_predicate": false, "state": [2, 2, 0, 0, 3], "tail": 3}
{"N": 5, "decoder": 0, "fibre": 0, "kind": "state", "m": 4, "next": [0, 0, 2, 2, 2], "period": 4, "recurrent_predicate": false, "state": [2, 2, 0, 1, 0], "tail": 3}
{"N": 5, "decoder": 0, "fibre": 0, "kind": "state", "m": 4, "next": [0, 0, 1, 3, 3], "period": 4, "recurrent_predicate": false, "state": [2, 2, 0, 1, 1], "tail": 5}
{"N": 5, "decoder": 0, "fibre": 0, "kind": "state", "m": 4, "next": [1, 1, 1, 2, 1], "period": 4, "recurrent_predicate": false, "state": [2, 2, 0, 1, 2], "tail": 4}
{"N": 5, "decoder": 0, "fibre": 0, "kind": "state", "m": 4, "next": [0, 0, 1, 2, 0], "period": 4, "recurrent_predicate": false, "state": [2, 2, 0, 1, 3], "tail": 3}
{"N": 5, "decoder": 4, "fibre": 4, "kind": "state", "m": 4, "next": [1, 1, 2, 1, 2], "period": 4, "recurrent_predicate": false, "state": [2, 2, 0, 2, 0], "tail": 2}
{"N": 5, "decoder": 0, "fibre": 0, "kind": "state", "m": 4, "next": [1, 1, 1, 1, 2], "period": 4, "recurrent_predicate": false, "state": [2, 2, 0, 2, 1], "tail": 4}
{"N": 5, "decoder": 1, "fibre": 1, "kind": "state", "m": 4, "next": [2, 2, 1, 2, 2], "period": 4, "recurrent_predicate": false, "state": [2, 2, 0, 2, 2], "tail": 2}
{"N": 5, "decoder": 3, "fibre": 3, "kind": "state", "m": 4, "next": [1, 1, 1, 1, 0], "period": 4, "recurrent_predicate": false, "state": [2, 2, 0, 2, 3], "tail": 2}
{"N": 5, "decoder": 0, "fibre": 0, "kind": "state", "m": 4, "next": [0, 0, 2, 0, 2], "period": 4, "recurrent_predicate": false, "state": [2, 2, 0, 3, 0], "tail": 3}
{"N": 5, "decoder": 0, "fibre": 0, "kind": "state", "m": 4, "next": [0, 0, 1, 0, 2], "period": 4, "recurrent_predicate": false, "state": [2, 2, 0, 3, 1], "tail": 3}
{"N": 5, "decoder": 3, "fibre": 3, "kind": "state", "m": 4, "next": [1, 1, 1, 0, 1], "period": 4, "recurrent_predicate": false, "state": [2, 2, 0, 3, 2], "tail": 2}
{"N": 5, "decoder": 1, "fibre": 1, "kind": "state", "m": 4, "next": [0, 0, 1, 1, 1], "period": 4, "recurrent_predicate": false, "state": [2, 2, 0, 3, 3], "tail": 4}
{"N": 5, "decoder": 0, "fibre": 0, "kind": "state", "m": 4, "next": [0, 0, 2, 2, 2], "period": 4, "recurrent_predicate": false, "state": [2, 2, 1, 0, 0], "tail": 3}
{"N": 5, "decoder": 0, "fibre": 0, "kind": "state", "m": 4, "next": [0, 0, 3, 1, 3], "period": 4, "recurrent_predicate": false, "state": [2, 2, 1, 0, 1], "tail": 5}
{"N": 5, "decoder": 0, "fibre": 0, "kind": "state", "m": 4, "next": [1, 1, 2, 1, 1], "period": 4, "recurrent_predicate": false, "state": [2, 2, 1, 0, 2], "tail": 4}
{"N": 5, "decoder": 0, "fibre": 0, "kind": "state", "m": 4, "next": [0, 0, 2, 1, 0], "period": 4, "recurrent_predicate": false, "state": [2, 2, 1, 0, 3], "tail": 3}
{"N": 5, "decoder": 0, "fibre": 0, "kind": "state", "m": 4, "next": [0, 0, 3, 3, 1], "period": 4, "recurrent_predicate": false, "state": [2, 2, 1, 1, 0], "tail": 5}
{"N": 5, "decoder": 1, "fibre": 1, "kind": "state", "m": 4, "next": [0, 0, 0, 0, 0], "period": 4, "recurrent_predicate": false, "state": [2, 2, 1, 1, 1], "tail": 1}
{"N": 5, "decoder": 3, "fibre": 3, "kind": "state", "m": 4, "next": [1, 1, 3, 3, 1], "period": 4, "recurrent_predicate": false, "state": [2, 2, 1, 1, 2], "tail": 3}
{"N": 5, "decoder": 1, "fibre": 1, "kind": "state", "m": 4, "next": [0, 0, 3, 3, 0], "period": 4, "recurrent_predicate": false, "state": [2, 2, 1, 1, 3], "tail": 4}
{"N": 5, "decoder": 0, "fibre": 0, "kind": "state", "m": 4, "next": [1, 1, 2, 1, 1], "period": 4, "recurrent_predicate": false, "state": [2, 2, 1, 2, 0], "tail": 4}
{"N": 5, "decoder": 3, "fibre": 3, "kind": "state", "m": 4, "next": [1, 1, 3, 1, 3], "period": 4, "recurrent_predicate": false, "state": [2, 2, 1, 2, 1], "tail": 3}
{"N": 5, "decoder": 5, "fibre": 5, "kind": "state", "m": 4, "next": [2, 2, 2, 2, 2], "period": 4, "recurrent_predicate": false, "state": [2, 2, 1, 2, 2], "tail": 1}
{"N": 5, "decoder": 1, "fibre": 1, "kind": "state", "m": 4, "next": [1, 1, 2, 1, 0], "period": 4, "recurrent_predicate": true, "state": [2, 2, 1, 2, 3], "tail": 0}
{"N": 5, "decoder": 0, "fibre": 0, "kind": "state", "m": 4, "next": [0, 0, 2, 0, 1], "period": 4, "recurrent_predicate": false, "state": [2, 2, 1, 3, 0], "tail": 3}
{"N": 5, "decoder": 1, "fibre": 1, "kind": "state", "m": 4, "next": [0, 0, 3, 0, 3], "period": 4, "recurrent_predicate": false, "state": [2, 2, 1, 3, 1], "tail": 4}
{"N": 5, "decoder": 1, "fibre": 1, "kind": "state", "m": 4, "next": [1, 1, 2, 0, 1], "period": 4, "recurrent_predicate": true, "state": [2, 2, 1, 3, 2], "tail": 0}
{"N": 5, "decoder": 0, "fibre": 0, "kind": "state", "m": 4, "next": [0, 0, 2, 1, 1], "period": 4, "recurrent_predicate": false, "state": [2, 2, 1, 3, 3], "tail": 5}
{"N": 5, "decoder": 4, "fibre": 4, "kind": "state", "m": 4, "next": [1, 1, 1, 2, 2], "period": 4, "recurrent_predicate": false, "state": [2, 2, 2, 0, 0], "tail": 2}
{"N": 5, "decoder": 0, "fibre": 0, "kind": "state", "m": 4, "next": [1, 1, 1, 1, 2], "period": 4, "recurrent_predicate": false, "state": [2, 2, 2, 0, 1], "tail": 4}
{"N": 5, "decoder": 1, "fibre": 1, "kind": "state", "m": 4, "next": [2, 2, 2, 1, 2], "period": 4, "recurrent_predicate": false, "state": [2, 2, 2, 0, 2], "tail": 2}
{"N": 5, "decoder": 3, "fibre": 3, "kind": "state", "m": 4, "next": [1, 1, 1, 1, 0], "period": 4, "recurrent_predicate": false, "state": [2, 2, 2, 0, 3], "tail": 2}
{"N": 5, "decoder": 0, "fibre": 0, "kind": "state", "m": 4, "next": [1, 1, 1, 2, 1], "period": 4, "recurrent_predicate": false, "state": [2, 2, 2, 1, 0], "tail": 4}
{"N": 5, "decoder": 3, "fibre": 3, "kind": "state", "m": 4, "next": [1, 1, 1, 3, 3], "period": 4, "recurrent_predicate": false, "state": [2, 2, 2, 1, 1], "tail": 3}
{"N": 5, "decoder": 5, "fibre": 5, "kind": "state", "m": 4, "next": [2, 2, 2, 2, 2], "period": 4, "recurrent_predicate": false, "state": [2, 2, 2, 1, 2], "tail": 1}
{"N": 5, "decoder": 1, "fibre": 1, "kind": "state", "m": 4, "next": [1, 1, 1, 2, 0], "period": 4, "recurrent_predicate": true, "state": [2, 2, 2, 1, 3], "tail": 0}
{"N": 5, "decoder": 1, "fibre": 1, "kind": "state", "m": 4, "next": [2, 2, 2, 2, 1], "period": 4, "recurrent_predicate": false, "state": [2, 2, 2, 2, 0], "tail": 2}
{"N": 5, "decoder": 5, "fibre": 5, "kind": "state", "m": 4, "next": [2, 2, 2, 2, 2], "period": 4, "recurrent_predicate": false, "state": [2, 2, 2, 2, 1], "tail": 1}
{"N": 5, "decoder": 16, "fibre": 16, "kind": "state", "m": 4, "next": [3, 3, 3, 3, 3], "period": 4, "recurrent_predicate": true, "state": [2, 2, 2, 2, 2], "tail": 0}
{"N": 5, "decoder": 4, "fibre": 4, "kind": "state", "m": 4, "next": [2, 2, 2, 2, 0], "period": 4, "recurrent_predicate": false, "state": [2, 2, 2, 2, 3], "tail": 3}
{"N": 5, "decoder": 3, "fibre": 3, "kind": "state", "m": 4, "next": [1, 1, 1, 0, 1], "period": 4, "recurrent_predicate": false, "state": [2, 2, 2, 3, 0], "tail": 2}
{"N": 5, "decoder": 1, "fibre": 1, "kind": "state", "m": 4, "next": [1, 1, 1, 0, 2], "period": 4, "recurrent_predicate": true, "state": [2, 2, 2, 3, 1], "tail": 0}
{"N": 5, "decoder": 4, "fibre": 4, "kind": "state", "m": 4, "next": [2, 2, 2, 0, 2], "period": 4, "recurrent_predicate": false, "state": [2, 2, 2, 3, 2], "tail": 3}
{"N": 5, "decoder": 1, "fibre": 1, "kind": "state", "m": 4, "next": [1, 1, 1, 1, 1], "period": 4, "recurrent_predicate": false, "state": [2, 2, 2, 3, 3], "tail": 1}
{"N": 5, "decoder": 0, "fibre": 0, "kind": "state", "m": 4, "next": [0, 0, 0, 2, 2], "period": 4, "recurrent_predicate": false, "state": [2, 2, 3, 0, 0], "tail": 3}
{"N": 5, "decoder": 0, "fibre": 0, "kind": "state", "m": 4, "next": [0, 0, 0, 1, 2], "period": 4, "recurrent_predicate": false, "state": [2, 2, 3, 0, 1], "tail": 3}
{"N": 5, "decoder": 3, "fibre": 3, "kind": "state", "m": 4, "next": [1, 1, 0, 1, 1], "period": 4, "recurrent_predicate": false, "state": [2, 2, 3, 0, 2], "tail": 2}
{"N": 5, "decoder": 1, "fibre": 1, "kind": "state", "m": 4, "next": [0, 0, 1, 1, 1], "period": 4, "recurrent_predicate": false, "state": [2, 2, 3, 0, 3], "tail": 4}
{"N": 5, "decoder": 0, "fibre": 0, "kind": "state", "m": 4, "next": [0, 0, 0, 2, 1], "period": 4, "recurrent_predicate": false, "state": [2, 2, 3, 1, 0], "tail": 3}
{"N": 5, "decoder": 1, "fibre": 1, "kind": "state", "m": 4, "next": [0, 0, 0, 3, 3], "period": 4, "recurrent_predicate": false, "state": [2, 2, 3, 1, 1], "tail": 4}
{"N": 5, "decoder": 1, "fibre": 1, "kind": "state", "m": 4, "next": [1, 1, 0, 2, 1], "period": 4, "recurrent_predicate": true, "state": [2, 2, 3, 1, 2], "tail": 0}
{"N": 5, "decoder": 0, "fibre": 0, "kind": "state", "m": 4, "next": [0, 0, 1, 2, 1], "period": 4, "recurrent_predicate": false, "state": [2, 2, 3, 1, 3], "tail": 5}
{"N": 5, "decoder": 3, "fibre": 3, "kind": "state", "m": 4, "next": [1, 1, 0, 1, 1], "period": 4, "recurrent_predicate": false, "state": [2, 2, 3, 2, 0], "tail": 2}
{"N": 5, "decoder": 1, "fibre": 1, "kind": "state", "m": 4, "next": [1, 1, 0, 1, 2], "period": 4, "recurrent_predicate": true, "state": [2, 2, 3, 2, 1], "tail": 0}
{"N": 5, "decoder": 4, "fibre": 4, "kind": "state", "m": 4, "next": [2, 2, 0, 2, 2], "period": 4, "recurrent_predicate": false, "state": [2, 2, 3, 2, 2], "tail": 3}
{"N": 5, "decoder": 1, "fibre": 1, "kind": "state", "m": 4, "next": [1, 1, 1, 1, 1], "period": 4, "recurrent_predicate": false, "state": [2, 2, 3, 2, 3], "tail": 1}
{"N": 5, "decoder": 1, "fibre": 1, "kind": "state", "m": 4, "next": [0, 0, 1, 1, 1], "period": 4, "recurrent_predicate": false, "state": [2, 2, 3, 3, 0], "tail": 4}
{"N": 5, "decoder": 0, "fibre": 0, "kind": "state", "m": 4, "next": [0, 0, 1, 1, 2], "period": 4, "recurrent_predicate": false, "state": [2, 2, 3, 3, 1], "tail": 5}
{"N": 5, "decoder": 1, "fibre": 1, "kind": "state", "m": 4, "next": [1, 1, 1, 1, 1], "period": 4, "recurrent_predicate": false, "state": [2, 2, 3, 3, 2], "tail": 1}
{"N": 5, "decoder": 3, "fibre": 3, "kind": "state", "m": 4, "next": [0, 0, 2, 2, 2], "period": 4, "recurrent_predicate": false, "state": [2, 2, 3, 3, 3], "tail": 3}
{"N": 5, "decoder": 0, "fibre": 0, "kind": "state", "m": 4, "next": [3, 0, 3, 3, 3], "period": 4, "recurrent_predicate": false, "state": [2, 3, 0, 0, 0], "tail": 4}
{"N": 5, "decoder": 0, "fibre": 0, "kind": "state", "m": 4, "next": [3, 0, 2, 2, 2], "period": 4, "recurrent_predicate": false, "state": [2, 3, 0, 0, 1], "tail": 3}
{"N": 5, "decoder": 0, "fibre": 0, "kind": "state", "m": 4, "next": [0, 0, 2, 2, 0], "period": 4, "recurrent_predicate": false, "state": [2, 3, 0, 0, 2], "tail": 3}
{"N": 5, "decoder": 0, "fibre": 0, "kind": "state", "m": 4, "next": [3, 1, 2, 2, 1], "period": 4, "recurrent_predicate": false, "state": [2, 3, 0, 0, 3], "tail": 5}
{"N": 5, "decoder": 0, "fibre": 0, "kind": "state", "m": 4, "next": [3, 0, 2, 2, 2], "period": 4, "recurrent_predicate": false, "state": [2, 3, 0, 1, 0], "tail": 3}
{"N": 5, "decoder": 0, "fibre": 0, "kind": "state", "m": 4, "next": [3, 0, 1, 3, 3], "period": 4, "recurrent_predicate": false, "state": [2, 3, 0, 1, 1], "tail": 3}
{"N": 5, "decoder": 0, "fibre": 0, "kind": "state", "m": 4, "next": [0, 0, 1, 2, 0], "period": 4, "recurrent_predicate": false, "state": [2, 3, 0, 1, 2], "tail": 3}
{"N": 5, "decoder": 0, "fibre": 0, "kind": "state", "m": 4, "next": [3, 1, 1, 2, 1], "period": 4, "recurrent_predicate": false, "state": [2, 3, 0, 1, 3], "tail": 3}
{"N": 5, "decoder": 0, "fibre": 0, "kind": "state", "m": 4, "next": [0, 0, 2, 0, 2], "period": 4, "recurrent_predicate": false, "state": [2, 3, 0, 2, 0], "tail": 3}
{"N": 5, "decoder": 0, "fibre": 0, "kind": "state", "m": 4, "next": [0, 0, 1, 0, 2], "period": 4, "recurrent_predicate": false, "state": [2, 3, 0, 2, 1], "tail": 3}
{"N": 5, "decoder": 3, "fibre": 3, "kind": "state", "m": 4, "next": [1, 0, 1, 1, 1], "period": 4, "recurrent_predicate": false, "state": [2, 3, 0, 2, 2], "tail": 2}
{"N": 5, "decoder": 1, "fibre": 1, "kind": "state", "m": 4, "next": [0, 1, 1, 0, 1], "period": 4, "recurrent_predicate": false, "state": [2, 3, 0, 2, 3], "tail": 4}
{"N": 5, "decoder": 0, "fibre": 0, "kind": "state", "m": 4, "next": [3, 1, 2, 1, 2], "period": 4, "recurrent_predicate": false, "state": [2, 3, 0, 3, 0], "tail": 5}
{"N": 5, "decoder": 0, "fibre": 0, "kind": "state", "m": 4, "next": [3, 1, 1, 1, 2], "period": 4, "recurrent_predicate": false, "state": [2, 3, 0, 3, 1], "tail": 3}
{"N": 5, "decoder": 1, "fibre": 1, "kind": "state", "m": 4, "next": [0, 1, 1, 1, 0], "period": 4, "recurrent_predicate": false, "state": [2, 3, 0, 3, 2], "tail": 4}
{"N": 5, "decoder": 1, "fibre": 1, "kind": "state", "m": 4, "next": [3, 2, 1, 2, 2], "period": 4, "recurrent_predicate": true, "state": [2, 3, 0, 3, 3], "tail": 0}
{"N": 5, "decoder": 0, "fibre": 0, "kind": "state", "m": 4, "next": [3, 0, 2, 2, 2], "period": 4, "recurrent_predicate": false, "state": [2, 3, 1, 0, 0], "tail": 3}
{"N": 5, "decoder": 0, "fibre": 0, "kind": "state", "m": 4, "next": [3, 0, 3, 1, 3], "period": 4, "recurrent_predicate": false, "state": [2, 3, 1, 0, 1], "tail": 3}
{"N": 5, "decoder": 0, "fibre": 0, "kind": "state", "m": 4, "next": [0, 0, 2, 1, 0], "period": 4, "recurrent_predicate": false, "state": [2, 3, 1, 0, 2], "tail": 3}
{"N": 5, "decoder": 0, "fibre": 0, "kind": "state", "m": 4, "next": [3, 1, 2, 1, 1], "period": 4, "recurrent_predicate": false, "state": [2, 3, 1, 0, 3], "tail": 3}
{"N": 5, "decoder": 0, "fibre": 0, "kind": "state", "m": 4, "next": [3, 0, 3, 3, 1], "period": 4, "recurrent_predicate": false, "state": [2, 3, 1, 1, 0], "tail": 3}
{"N": 5, "decoder": 3, "fibre": 3, "kind": "state", "m": 4, "next": [3, 0, 0, 0, 0], "period": 4, "recurrent_predicate": false, "state": [2, 3, 1, 1, 1], "tail": 2}
{"N": 5, "decoder": 1, "fibre": 1, "kind": "state", "m": 4, "next": [0, 0, 3, 3, 0], "period": 4, "recurrent_predicate": false, "state": [2, 3, 1, 1, 2], "tail": 4}
{"N": 5, "decoder": 0, "fibre": 0, "kind": "state", "m": 4, "next": [3, 1, 3, 3, 1], "period": 4, "recurrent_predicate": false, "state": [2, 3, 1, 1, 3], "tail": 3}
{"N": 5, "decoder": 0, "fibre": 0, "kind": "state", "m": 4, "next": [0, 0, 2, 0, 1], "period": 4, "recurrent_predicate": false, "state": [2, 3, 1, 2, 0], "tail": 3}
{"N": 5, "decoder": 1, "fibre": 1, "kind": "state", "m": 4, "next": [0, 0, 3, 0, 3], "period": 4, "recurrent_predicate": false, "state": [2, 3, 1, 2, 1], "tail": 4}
{"N": 5, "decoder": 1, "fibre": 1, "kind": "state", "m": 4, "next": [1, 0, 2, 1, 1], "period": 4, "recurrent_predicate": true, "state": [2, 3, 1, 2, 2], "tail": 0}
{"N": 5, "decoder": 0, "fibre": 0, "kind": "state", "m": 4, "next": [0, 1, 2, 0, 1], "period": 4, "recurrent_predicate": false, "state": [2, 3, 1, 2, 3], "tail": 5}
{"N": 5, "decoder": 0, "fibre": 0, "kind": "state", "m": 4, "next": [3, 1, 2, 1, 1], "period": 4, "recurrent_predicate": false, "state": [2, 3, 1, 3, 0], "tail": 3}
{"N": 5, "decoder": 0, "fibre": 0, "kind": "state", "m": 4, "next": [3, 1, 3, 1, 3], "period": 4, "recurrent_predicate": false, "state": [2, 3, 1, 3, 1], "tail": 3}
{"N": 5, "decoder": 0, "fibre": 0, "kind": "state", "m": 4, "next": [0, 1, 2, 1, 0], "period": 4, "recurrent_predicate": false, "state": [2, 3, 1, 3, 2], "tail": 5}
{"N": 5, "decoder": 0, "fibre": 0, "kind": "state", "m": 4, "next": [3, 2, 2, 2, 2], "period": 4, "recurrent_predicate": false, "state": [2, 3, 1, 3, 3], "tail": 4}
{"N": 5, "decoder": 0, "fibre": 0, "kind": "state", "m": 4, "next": [0, 0, 0, 2, 2], "period": 4, "recurrent_predicate": false, "state": [2, 3, 2, 0, 0], "tail": 3}
{"N": 5, "decoder": 0, "fibre": 0, "kind": "state", "m": 4, "next": [0, 0, 0, 1, 2], "period": 4, "recurrent_predicate": false, "state": [2, 3, 2, 0, 1], "tail": 3}
{"N": 5, "decoder": 3, "fibre": 3, "kind": "state", "m": 4, "next": [1, 0, 1, 1, 1], "period": 4, "recurrent_predicate": false, "state": [2, 3, 2, 0, 2], "tail": 2}
{"N": 5, "decoder": 1, "fibre": 1, "kind": "state", "m": 4, "next": [0, 1, 0, 1, 1], "period": 4, "recurrent_predicate": false, "state": [2, 3, 2, 0, 3], "tail": 4}
{"N": 5, "decoder": 0, "fibre": 0, "kind": "state", "m": 4, "next": [0, 0, 0, 2, 1], "period": 4, "recurrent_predicate": false, "state": [2, 3, 2, 1, 0], "tail": 3}
{"N": 5, "decoder": 1, "fibre": 1, "kind": "state", "m": 4, "next": [0, 0, 0, 3, 3], "period": 4, "recurrent_predicate": false, "state": [2, 3, 2, 1, 1], "tail": 4}
{"N": 5, "decoder": 1, "fibre": 1, "kind": "state", "m": 4, "next": [1, 0, 1, 2, 1], "period": 4, "recurrent_predicate": true, "state": [2, 3, 2, 1, 2], "tail": 0}
{"N": 5, "decoder": 0, "fibre": 0, "kind": "state", "m": 4, "next": [0, 1, 0, 2, 1], "period": 4, "recurrent_predicate": false, "state": [2, 3, 2, 1, 3], "tail": 5}
{"N": 5, "decoder": 3, "fibre": 3, "kind": "state", "m": 4, "next": [1, 0, 1, 1, 1], "period": 4, "recurrent_predicate": false, "state": [2, 3, 2, 2, 0], "tail": 2}
{"N": 5, "decoder": 1, "fibre": 1, "kind": "state", "m": 4, "next": [1, 0, 1, 1, 2], "period": 4, "recurrent_predicate": true, "state": [2, 3, 2, 2, 1], "tail": 0}
{"N": 5, "decoder": 4, "fibre": 4, "kind": "state", "m": 4, "next": [2, 0, 2, 2, 2], "period": 4, "recurrent_predicate": false, "state": [2, 3, 2, 2, 2], "tail": 3}
{"N": 5, "decoder": 1, "fibre": 1, "kind": "state", "m": 4, "next": [1, 1, 1, 1, 1], "period": 4, "recurrent_predicate": false, "state": [2, 3, 2, 2, 3], "tail": 1}
{"N": 5, "decoder": 1, "fibre": 1, "kind": "state", "m": 4, "next": [0, 1, 0, 1, 1], "period": 4, "recurrent_predicate": false, "state": [2, 3, 2, 3, 0], "tail": 4}
{"N": 5, "decoder": 0, "fibre": 0, "kind": "state", "m": 4, "next": [0, 1, 0, 1, 2], "period": 4, "recurrent_predicate": false, "state": [2, 3, 2, 3, 1], "tail": 5}
{"N": 5, "decoder": 1, "fibre": 1, "kind": "state", "m": 4, "next": [1, 1, 1, 1, 1], "period": 4, "recurrent_predicate": false, "state": [2, 3, 2, 3, 2], "tail": 1}
{"N": 5, "decoder": 3, "fibre": 3, "kind": "state", "m": 4, "next": [0, 2, 0, 2, 2], "period": 4, "recurrent_predicate": false, "state": [2, 3, 2, 3, 3], "tail": 3}
{"N": 5, "decoder": 0, "fibre": 0, "kind": "state", "m": 4, "next": [3, 1, 1, 2, 2], "period": 4, "recurrent_predicate": false, "state": [2, 3, 3, 0, 0], "tail": 5}
{"N": 5, "decoder": 0, "fibre": 0, "kind": "state", "m": 4, "next": [3, 1, 1, 1, 2], "period": 4, "recurrent_predicate": false, "state": [2, 3, 3, 0, 1], "tail": 3}
{"N": 5, "decoder": 1, "fibre": 1, "kind": "state", "m": 4, "next": [0, 1, 1, 1, 0], "period": 4, "recurrent_predicate": false, "state": [2, 3, 3, 0, 2], "tail": 4}
{"N": 5, "decoder": 1, "fibre": 1, "kind": "state", "m": 4, "next": [3, 2, 2, 1, 2], "period": 4, "recurrent_predicate": true, "state": [2, 3, 3, 0, 3], "tail": 0}
{"N": 5, "decoder": 0, "fibre": 0, "kind": "state", "m": 4, "next": [3, 1, 1, 2, 1], "period": 4, "recurrent_predicate": false, "state": [2, 3, 3, 1, 0], "tail": 3}
{"N": 5, "decoder": 0, "fibre": 0, "kind": "state", "m": 4, "next": [3, 1, 1, 3, 3], "period": 4, "recurrent_predicate": false, "state": [2, 3, 3, 1, 1], "tail": 3}
{"N": 5, "decoder": 0, "fibre": 0, "kind": "state", "m": 4, "next": [0, 1, 1, 2, 0], "period": 4, "recurrent_predicate": false, "state": [2, 3, 3, 1, 2], "tail": 5}
{"N": 5, "decoder": 0, "fibre": 0, "kind": "state", "m": 4, "next": [3, 2, 2, 2, 2], "period": 4, "recurrent_predicate": false, "state": [2, 3, 3, 1, 3], "tail": 4}
{"N": 5, "decoder": 1, "fibre": 1, "kind": "state", "m": 4, "next": [0, 1, 1, 0, 1], "period": 4, "recurrent_predicate": false, "state": [2, 3, 3, 2, 0], "tail": 4}
{"N": 5, "decoder": 0, "fibre": 0, "kind": "state", "m": 4, "next": [0, 1, 1, 0, 2], "period": 4, "recurrent_predicate": false, "state": [2, 3, 3, 2, 1], "tail": 5}
{"N": 5, "decoder": 1, "fibre": 1, "kind": "state", "m": 4, "next": [1, 1, 1, 1, 1], "period": 4, "recurrent_predicate": false, "state": [2, 3, 3, 2, 2], "tail": 1}
{"N": 5, "decoder": 3, "fibre": 3, "kind": "state", "m": 4, "next": [0, 2, 2, 0, 2], "period": 4, "recurrent_predicate": false, "state": [2, 3, 3, 2, 3], "tail": 3}
{"N": 5, "decoder": 1, "fibre": 1, "kind": "state", "m": 4, "next": [3, 2, 2, 2, 1], "period": 4, "recurrent_predicate": true, "state": [2, 3, 3, 3, 0], "tail": 0}
{"N": 5, "decoder": 0, "fibre": 0, "kind": "state", "m": 4, "next": [3, 2, 2, 2, 2], "period": 4, "recurrent_predicate": false, "state": [2, 3, 3, 3, 1], "tail": 4}
{"N": 5, "decoder": 3, "fibre": 3, "kind": "state", "m": 4, "next": [0, 2, 2, 2, 0], "period": 4, "recurrent_predicate": false, "state": [2, 3, 3, 3, 2], "tail": 3}
{"N": 5, "decoder": 5, "fibre": 5, "kind": "state", "m": 4, "next": [3, 3, 3, 3, 3], "period": 4, "recurrent_predicate": false, "state": [2, 3, 3, 3, 3], "tail": 1}
{"N": 5, "decoder": 5, "fibre": 5, "kind": "state", "m": 4, "next": [0, 0, 0, 0, 0], "period": 4, "recurrent_predicate": false, "state": [3, 0, 0, 0, 0], "tail": 1}
{"N": 5, "decoder": 1, "fibre": 1, "kind": "state", "m": 4, "next": [0, 3, 3, 3, 2], "period": 4, "recurrent_predicate": true, "state": [3, 0, 0, 0, 1], "tail": 0}
{"N": 5, "decoder": 0, "fibre": 0, "kind": "state", "m": 4, "next": [0, 3, 3, 3, 3], "period": 4, "recurrent_predicate": false, "state": [3, 0, 0, 0, 2], "tail": 4}
{"N": 5, "decoder": 3, "fibre": 3, "kind": "state", "m": 4, "next": [1, 3, 3, 3, 1], "period": 4, "recurrent_predicate": false, "state": [3, 0, 0, 0, 3], "tail": 3}
{"N": 5, "decoder": 1, "fibre": 1, "kind": "state", "m": 4, "next": [0, 3, 3, 2, 3], "period": 4, "recurrent_predicate": true, "state": [3, 0, 0, 1, 0], "tail": 0}
{"N": 5, "decoder": 0, "fibre": 0, "kind": "state", "m": 4, "next": [0, 2, 2, 3, 3], "period": 4, "recurrent_predicate": false, "state": [3, 0, 0, 1, 1], "tail": 5}
{"N": 5, "decoder": 0, "fibre": 0, "kind": "state", "m": 4, "next": [0, 2, 2, 2, 3], "period": 4, "recurrent_predicate": false, "state": [3, 0, 0, 1, 2], "tail": 3}
{"N": 5, "decoder": 1, "fibre": 1, "kind": "state", "m": 4, "next": [1, 2, 2, 2, 1], "period": 4, "recurrent_predicate": false, "state": [3, 0, 0, 1, 3], "tail": 4}
{"N": 5, "decoder": 0, "fibre": 0, "kind": "state", "m": 4, "next": [0, 3, 3, 3, 3], "period": 4, "recurrent_predicate": false, "state": [3, 0, 0, 2, 0], "tail": 4}
{"N": 5, "decoder": 0, "fibre": 0, "kind": "state", "m": 4, "next": [0, 2, 2, 3, 2], "period": 4, "recurrent_predicate": false, "state": [3, 0, 0, 2, 1], "tail": 3}
{"N": 5, "decoder": 0, "fibre": 0, "kind": "state", "m": 4, "next": [0, 2, 2, 0, 0], "period": 4, "recurrent_predicate": false, "state": [3, 0, 0, 2, 2], "tail": 3}
{"N": 5, "decoder": 0, "fibre": 0, "kind": "state", "m": 4, "next": [1, 2, 2, 3, 1], "period": 4, "recurrent_predicate": false, "state": [3, 0, 0, 2, 3], "tail": 5}
{"N": 5, "decoder": 3, "fibre": 3, "kind": "state", "m": 4, "next": [1, 3, 3, 1, 3], "period": 4, "recurrent_predicate": false, "state": [3, 0, 0, 3, 0], "tail": 3}
{"N": 5, "decoder": 1, "fibre": 1, "kind": "state", "m": 4, "next": [1, 2, 2, 1, 2], "period": 4, "recurrent_predicate": false, "state": [3, 0, 0, 3, 1], "tail": 4}
{"N": 5, "decoder": 0, "fibre": 0, "kind": "state", "m": 4, "next": [1, 2, 2, 1, 3], "period": 4, "recurrent_predicate": false, "state": [3, 0, 0, 3, 2], "tail": 5}
{"N": 5, "decoder": 1, "fibre": 1, "kind": "state", "m": 4, "next": [2, 2, 2, 2, 2], "period": 4, "recurrent_predicate": false, "state": [3, 0, 0, 3, 3], "tail": 1}
{"N": 5, "decoder": 1, "fibre": 1, "kind": "state", "m": 4, "next": [0, 3, 2, 3, 3], "period": 4, "recurrent_predicate": true, "state": [3, 0, 1, 0, 0], "tail": 0}
{"N": 5, "decoder": 0, "fibre": 0, "kind": "state", "m": 4, "next": [0, 2, 3, 2, 3], "period": 4, "recurrent_predicate": false, "state": [3, 0, 1, 0, 1], "tail": 5}
{"N": 5, "decoder": 0, "fibre": 0, "kind": "state", "m": 4, "next": [0, 2, 2, 2, 3], "period": 4, "recurrent_predicate": false, "state": [3, 0, 1, 0, 2], "tail": 3}
{"N": 5, "decoder": 1, "fibre": 1, "kind": "state", "m": 4, "next": [1, 2, 2, 2, 1], "period": 4, "recurrent_predicate": false, "state": [3, 0, 1, 0, 3], "tail": 4}
{"N": 5, "decoder": 0, "fibre": 0, "kind": "state", "m": 4, "next": [0, 2, 3, 3, 2], "period": 4, "recurrent_predicate": false, "state": [3, 0, 1, 1, 0], "tail": 5}
{"N": 5, "decoder": 0, "fibre": 0, "kind": "state", "m": 4, "next": [0, 1, 0, 0, 0], "period": 4, "recurrent_predicate": false, "state": [3, 0, 1, 1, 1], "tail": 4}
{"N": 5, "decoder": 0, "fibre": 0, "kind": "state", "m": 4, "next": [0, 1, 3, 3, 3], "period": 4, "recurrent_predicate": false, "state": [3, 0, 1, 1, 2], "tail": 3}
{"N": 5, "decoder": 0, "fibre": 0, "kind": "state", "m": 4, "next": [1, 1, 3, 3, 1], "period": 4, "recurrent_predicate": false, "state": [3, 0, 1, 1, 3], "tail": 3}
{"N": 5, "decoder": 0, "fibre": 0, "kind": "state", "m": 4, "next": [0, 2, 2, 3, 2], "period": 4, "recurrent_predicate": false, "state": [3, 0, 1, 2, 0], "tail": 3}
{"N": 5, "decoder": 0, "fibre": 0, "kind": "state", "m": 4, "next": [0, 1, 3, 3, 3], "period": 4, "recurrent_predicate": false, "state": [3, 0, 1, 2, 1], "tail": 3}
{"N": 5, "decoder": 0, "fibre": 0, "kind": "state", "m": 4, "next": [0, 1, 2, 0, 0], "period": 4, "recurrent_predicate": false, "state": [3, 0, 1, 2, 2], "tail": 3}
{"N": 5, "decoder": 0, "fibre": 0, "kind": "state", "m": 4, "next": [1, 1, 2, 3, 1], "period": 4, "recurrent_predicate": false, "state": [3, 0, 1, 2, 3], "tail": 3}
{"N": 5, "decoder": 1, "fibre": 1, "kind": "state", "m": 4, "next": [1, 2, 2, 1, 2], "period": 4, "recurrent_predicate": false, "state": [3, 0, 1, 3, 0], "tail": 4}
{"N": 5, "decoder": 0, "fibre": 0, "kind": "state", "m": 4, "next": [1, 1, 3, 1, 3], "period": 4, "recurrent_predicate": false, "state": [3, 0, 1, 3, 1], "tail": 3}
{"N": 5, "decoder": 0, "fibre": 0, "kind": "state", "m": 4, "next": [1, 1, 2, 1, 3], "period": 4, "recurrent_predicate": false, "state": [3, 0, 1, 3, 2], "tail": 3}
{"N": 5, "decoder": 3, "fibre": 3, "kind": "state", "m": 4, "next": [2, 1, 2, 2, 2], "period": 4, "recurrent_predicate": false, "state": [3, 0, 1, 3, 3], "tail": 2}
{"N": 5, "decoder": 0, "fibre": 0, "kind": "state", "m": 4, "next": [0, 3, 3, 3, 3], "period": 4, "recurrent_predicate": false, "state": [3, 0, 2, 0, 0], "tail": 4}
{"N": 5, "decoder": 0, "fibre": 0, "kind": "state", "m": 4, "next": [0, 2, 3, 2, 2], "period": 4, "recurrent_predicate": false, "state": [3, 0, 2, 0, 1], "tail": 3}
{"N": 5, "decoder": 0, "fibre": 0, "kind": "state", "m": 4, "next": [0, 2, 0, 2, 0], "period": 4, "recurrent_predicate": false, "state": [3, 0, 2, 0, 2], "tail": 3}
{"N": 5, "decoder": 0, "fibre": 0, "kind": "state", "m": 4, "next": [1, 2, 3, 2, 1], "period": 4, "recurrent_predicate": false, "state": [3, 0, 2, 0, 3], "tail": 5}
{"N": 5, "decoder": 0, "fibre": 0, "kind": "state", "m": 4, "next": [0, 2, 3, 2, 2], "period": 4, "recurrent_predicate": false, "state": [3, 0, 2, 1, 0], "tail": 3}
{"N": 5, "decoder": 0, "fibre": 0, "kind": "state", "m": 4, "next": [0, 1, 3, 3, 3], "period": 4, "recurrent_predicate": false, "state": [3, 0, 2, 1, 1], "tail": 3}
{"N": 5, "decoder": 0, "fibre": 0, "kind": "state", "m": 4, "next": [0, 1, 0, 2, 0], "period": 4, "recurrent_predicate": false, "state": [3, 0, 2, 1, 2], "tail": 3}
{"N": 5, "decoder": 0, "fibre": 0, "kind": "state", "m": 4, "next": [1, 1, 3, 2, 1], "period": 4, "recurrent_predicate": false, "state": [3, 0, 2, 1, 3], "tail": 3}
{"N": 5, "decoder": 0, "fibre": 0, "kind": "state", "m": 4, "next": [0, 2, 0, 0, 2], "period": 4, "recurrent_predicate": false, "state": [3, 0, 2, 2, 0], "tail": 3}
{"N": 5, "decoder": 0, "fibre": 0, "kind": "state", "m": 4, "next": [0, 1, 0, 0, 2], "period": 4, "recurrent_predicate": false, "state": [3, 0, 2, 2, 1], "tail": 3}
{"N": 5, "decoder": 3, "fibre": 3, "kind": "state", "m": 4, "next": [0, 1, 1, 1, 1], "period": 4, "recurrent_predicate": false, "state": [3, 0, 2, 2, 2], "tail": 2}
{"N": 5, "decoder": 1, "fibre": 1, "kind": "state", "m": 4, "next": [1, 1, 0, 0, 1], "period": 4, "recurrent_predicate": false, "state": [3, 0, 2, 2, 3], "tail": 4}
{"N": 5, "decoder": 0, "fibre": 0, "kind": "state", "m": 4, "next": [1, 2, 3, 1, 2], "period": 4, "recurrent_predicate": false, "state": [3, 0, 2, 3, 0], "tail": 5}
{"N": 5, "decoder": 0, "fibre": 0, "kind": "state", "m": 4, "next": [1, 1, 3, 1, 2], "period": 4, "recurrent_predicate": false, "state": [3, 0, 2, 3, 1], "tail": 3}
{"N": 5, "decoder": 1, "fibre": 1, "kind": "state", "m": 4, "next": [1, 1, 0, 1, 0], "period": 4, "recurrent_predicate": false, "state": [3, 0, 2, 3, 2], "tail": 4}
{"N": 5, "decoder": 1, "fibre": 1, "kind": "state", "m": 4, "next": [2, 1, 3, 2, 2], "period": 4, "recurrent_predicate": true, "state": [3, 0, 2, 3, 3], "tail": 0}
{"N": 5, "decoder": 3, "fibre": 3, "kind": "state", "m": 4, "next": [1, 3, 1, 3, 3], "period": 4, "recurrent_predicate": false, "state": [3, 0, 3, 0, 0], "tail": 3}
{"N": 5, "decoder": 1, "fibre": 1, "kind": "state", "m": 4, "next": [1, 2, 1, 2, 2], "period": 4, "recurrent_predicate": false, "state": [3, 0, 3, 0, 1], "tail": 4}
{"N": 5, "decoder": 0, "fibre": 0, "kind": "state", "m": 4, "next": [1, 2, 1, 2, 3], "period": 4, "recurrent_predicate": false, "state": [3, 0, 3, 0, 2], "tail": 5}
{"N": 5, "decoder": 1, "fibre": 1, "kind": "state", "m": 4, "next": [2, 2, 2, 2, 2], "period": 4, "recurrent_predicate": false, "state": [3, 0, 3, 0, 3], "tail": 1}
{"N": 5, "decoder": 1, "fibre": 1, "kind": "state", "m": 4, "next": [1, 2, 1, 2, 2], "period": 4, "recurrent_predicate": false, "state": [3, 0, 3, 1, 0], "tail": 4}
{"N": 5, "decoder": 0, "fibre": 0, "kind": "state", "m": 4, "next": [1, 1, 1, 3, 3], "period": 4, "recurrent_predicate": false, "state": [3, 0, 3, 1, 1], "tail": 3}
{"N": 5, "decoder": 0, "fibre": 0, "kind": "state", "m": 4, "next": [1, 1, 1, 2, 3], "period": 4, "recurrent_predicate": false, "state": [3, 0, 3, 1, 2], "tail": 3}
{"N": 5, "decoder": 3, "fibre": 3, "kind": "state", "m": 4, "next": [2, 1, 2, 2, 2], "period": 4, "recurrent_predicate": false, "state": [3, 0, 3, 1, 3], "tail": 2}
{"N": 5, "decoder": 0, "fibre": 0, "kind": "state", "m": 4, "next": [1, 2, 1, 3, 2], "period": 4, "recurrent_predicate": false, "state": [3, 0, 3, 2, 0], "tail": 5}
{"N": 5, "decoder": 0, "fibre": 0, "kind": "state", "m": 4, "next": [1, 1, 1, 3, 2], "period": 4, "recurrent_predicate": false, "state": [3, 0, 3, 2, 1], "tail": 3}
{"N": 5, "decoder": 1, "fibre": 1, "kind": "state", "m": 4, "next": [1, 1, 1, 0, 0], "period": 4, "recurrent_predicate": false, "state": [3, 0, 3, 2, 2], "tail": 4}
{"N": 5, "decoder": 1, "fibre": 1, "kind": "state", "m": 4, "next": [2, 1, 2, 3, 2], "period": 4, "recurrent_predicate": true, "state": [3, 0, 3, 2, 3], "tail": 0}
{"N": 5, "decoder": 1, "fibre": 1, "kind": "state", "m": 4, "next": [2, 2, 2, 2, 2], "period": 4, "recurrent_predicate": false, "state": [3, 0, 3, 3, 0], "tail": 1}
{"N": 5, "decoder": 3, "fibre": 3, "kind": "state", "m": 4, "next": [2, 1, 2, 2, 2], "period": 4, "recurrent_predicate": false, "state": [3, 0, 3, 3, 1], "tail": 2}
{"N": 5, "decoder": 1, "fibre": 1, "kind": "state", "m": 4, "next": [2, 1, 2, 2, 3], "period": 4, "recurrent_predicate": true, "state": [3, 0, 3, 3, 2], "tail": 0}
{"N": 5, "decoder": 4, "fibre": 4, "kind": "state", "m": 4, "next": [3, 1, 3, 3, 3], "period": 4, "recurrent_predicate": false, "state": [3, 0, 3, 3, 3], "tail": 3}
{"N": 5, "decoder": 1, "fibre": 1, "kind": "state", "m": 4, "next": [0, 2, 3, 3, 3], "period": 4, "recurrent_predicate": true, "state": [3, 1, 0, 0, 0], "tail": 0}
{"N": 5, "decoder": 0, "fibre": 0, "kind": "state", "m": 4, "next": [0, 3, 2, 2, 3], "period": 4, "recurrent_predicate": false, "state": [3, 1, 0, 0, 1], "tail": 5}
{"N": 5, "decoder": 0, "fibre": 0, "kind": "state", "m": 4, "next": [0, 2, 2, 2, 3], "period": 4, "recurrent_predicate": false, "state": [3, 1, 0, 0, 2], "tail": 3}
{"N": 5, "decoder": 1, "fibre": 1, "kind": "state", "m": 4, "next": [1, 2, 2, 2, 1], "period": 4, "recurrent_predicate": false, "state": [3, 1, 0, 0, 3], "tail": 4}
{"N": 5, "decoder": 0, "fibre": 0, "kind": "state", "m": 4, "next": [0, 3, 2, 3, 2], "period": 4, "recurrent_predicate": false, "state": [3, 1, 0, 1, 0], "tail": 5}
{"N": 5, "decoder": 0, "fibre": 0, "kind": "state", "m": 4, "next": [0, 0, 1, 0, 0], "period": 4, "recurrent_predicate": false, "state": [3, 1, 0, 1, 1], "tail": 4}
{"N": 5, "decoder": 0, "fibre": 0, "kind": "state", "m": 4, "next": [0, 3, 1, 3, 3], "period": 4, "recurrent_predicate": false, "state": [3, 1, 0, 1, 2], "tail": 3}
{"N": 5, "decoder": 0, "fibre": 0, "kind": "state", "m": 4, "next": [1, 3, 1, 3, 1], "period": 4, "recurrent_predicate": false, "state": [3, 1, 0, 1, 3], "tail": 3}
{"N": 5, "decoder": 0, "fibre": 0, "kind": "state", "m": 4, "next": [0, 2, 2, 3, 2], "period": 4, "recurrent_predicate": false, "state": [3, 1, 0, 2, 0], "tail": 3}
{"N": 5, "decoder": 0, "fibre": 0, "kind": "state", "m": 4, "next": [0, 3, 1, 3, 3], "period": 4, "recurrent_predicate": false, "state": [3, 1, 0, 2, 1], "tail": 3}
{"N": 5, "decoder": 0, "fibre": 0, "kind": "state", "m": 4, "next": [0, 2, 1, 0, 0], "period": 4, "recurrent_predicate": false, "state": [3, 1, 0, 2, 2], "tail": 3}
{"N": 5, "decoder": 0, "fibre": 0, "kind": "state", "m": 4, "next": [1, 2, 1, 3, 1], "period": 4, "recurrent_predicate": false, "state": [3, 1, 0, 2, 3], "tail": 3}
{"N": 5, "decoder": 1, "fibre": 1, "kind": "state", "m": 4, "next": [1, 2, 2, 1, 2], "period": 4, "recurrent_predicate": false, "state": [3, 1, 0, 3, 0], "tail": 4}
{"N": 5, "decoder": 0, "fibre": 0, "kind": "state", "m": 4, "next": [1, 3, 1, 1, 3], "period": 4, "recurrent_predicate": false, "state": [3, 1, 0, 3, 1], "tail": 3}
{"N": 5, "decoder": 0, "fibre": 0, "kind": "state", "m": 4, "next": [1, 2, 1, 1, 3], "period": 4, "recurrent_predicate": false, "state": [3, 1, 0, 3, 2], "tail": 3}
{"N": 5, "decoder": 3, "fibre": 3, "kind": "state", "m": 4, "next": [2, 2, 1, 2, 2], "period": 4, "recurrent_predicate": false, "state": [3, 1, 0, 3, 3], "tail": 2}
{"N": 5, "decoder": 0, "fibre": 0, "kind": "state", "m": 4, "next": [0, 3, 3, 2, 2], "period": 4, "recurrent_predicate": false, "state": [3, 1, 1, 0, 0], "tail": 5}
{"N": 5, "decoder": 0, "fibre": 0, "kind": "state", "m": 4, "next": [0, 0, 0, 1, 0], "period": 4, "recurrent_predicate": false, "state": [3, 1, 1, 0, 1], "tail": 4}
{"N": 5, "decoder": 0, "fibre": 0, "kind": "state", "m": 4, "next": [0, 3, 3, 1, 3], "period": 4, "recurrent_predicate": false, "state": [3, 1, 1, 0, 2], "tail": 3}
{"N": 5, "decoder": 0, "fibre": 0, "kind": "state", "m": 4, "next": [1, 3, 3, 1, 1], "period": 4, "recurrent_predicate": false, "state": [3, 1, 1, 0, 3], "tail": 3}
{"N": 5, "decoder": 0, "fibre": 0, "kind": "state", "m": 4, "next": [0, 0, 0, 0, 1], "period": 4, "recurrent_predicate": false, "state": [3, 1, 1, 1, 0], "tail": 4}
{"N": 5, "decoder": 1, "fibre": 1, "kind": "state", "m": 4, "next": [0, 1, 1, 1, 1], "period": 4, "recurrent_predicate": false, "state": [3, 1, 1, 1, 1], "tail": 2}
{"N": 5, "decoder": 3, "fibre": 3, "kind": "state", "m": 4, "next": [0, 0, 0, 0, 3], "period": 4, "recurrent_predicate": false, "state": [3, 1, 1, 1, 2], "tail": 2}
{"N": 5, "decoder": 4, "fibre": 4, "kind": "state", "m": 4, "next": [1, 0, 0, 0, 1], "period": 4, "recurrent_predicate": false, "state": [3, 1, 1, 1, 3], "tail": 2}
{"N": 5, "decoder": 0, "fibre": 0, "kind": "state", "m": 4, "next": [0, 3, 3, 3, 1], "period": 4, "recurrent_predicate": false, "state": [3, 1, 1, 2, 0], "tail": 3}
{"N": 5, "decoder": 3, "fibre": 3, "kind": "state", "m": 4, "next": [0, 0, 0, 3, 0], "period": 4, "recurrent_predicate": false, "state": [3, 1, 1, 2, 1], "tail": 2}
{"N": 5, "decoder": 1, "fibre": 1, "kind": "state", "m": 4, "next": [0, 3, 3, 0, 0], "period": 4, "recurrent_predicate": false, "state": [3, 1, 1, 2, 2], "tail": 4}
{"N": 5, "decoder": 0, "fibre": 0, "kind": "state", "m": 4, "next": [1, 3, 3, 3, 1], "period": 4, "recurrent_predicate": false, "state": [3, 1, 1, 2, 3], "tail": 3}
{"N": 5, "decoder": 0, "fibre": 0, "kind": "state", "m": 4, "next": [1, 3, 3, 1, 1], "period": 4, "recurrent_predicate": false, "state": [3, 1, 1, 3, 0], "tail": 3}
{"N": 5, "decoder": 4, "fibre": 4, "kind": "state", "m": 4, "next": [1, 0, 0, 1, 0], "period": 4, "recurrent_predicate": false, "state": [3, 1, 1, 3, 1], "tail": 2}
{"N": 5, "decoder": 0, "fibre": 0, "kind": "state", "m": 4, "next": [1, 3, 3, 1, 3], "period": 4, "recurrent_predicate": false, "state": [3, 1, 1, 3, 2], "tail": 3}
{"N": 5, "decoder": 4, "fibre": 4, "kind": "state", "m": 4, "next": [2, 3, 3, 2, 2], "period": 4, "recurrent_predicate": false, "state": [3, 1, 1, 3, 3], "tail": 2}
{"N": 5, "decoder": 0, "fibre": 0, "kind": "state", "m": 4, "next": [0, 2, 3, 2, 2], "period": 4, "recurrent_predicate": false, "state": [3, 1, 2, 0, 0], "tail": 3}
{"N": 5, "decoder": 0, "fibre": 0, "kind": "state", "m": 4, "next": [0, 3, 3, 1, 3], "period": 4, "recurrent_predicate": false, "state": [3, 1, 2, 0, 1], "tail": 3}
{"N": 5, "decoder": 0, "fibre": 0, "kind": "state", "m": 4, "next": [0, 2, 0, 1, 0], "period": 4, "recurrent_predicate": false, "state": [3, 1, 2, 0, 2], "tail": 3}
{"N": 5, "decoder": 0, "fibre": 0, "kind": "state", "m": 4, "next": [1, 2, 3, 1, 1], "period": 4, "recurrent_predicate": false, "state": [3, 1, 2, 0, 3], "tail": 3}
{"N": 5, "decoder": 0, "fibre": 0, "kind": "state", "m": 4, "next": [0, 3, 3, 3, 1], "period": 4, "recurrent_predicate": false, "state": [3, 1, 2, 1, 0], "tail": 3}
{"N": 5, "decoder": 3, "fibre": 3, "kind": "state", "m": 4, "next": [0, 0, 3, 0, 0], "period": 4, "recurrent_predicate": false, "state": [3, 1, 2, 1, 1], "tail": 2}
{"N": 5, "decoder": 1, "fibre": 1, "kind": "state", "m": 4, "next": [0, 3, 0, 3, 0], "period": 4, "recurrent_predicate": false, "state": [3, 1, 2, 1, 2], "tail": 4}
{"N": 5, "decoder": 0, "fibre": 0, "kind": "state", "m": 4, "next": [1, 3, 3, 3, 1], "period": 4, "recurrent_predicate": false, "state": [3, 1, 2, 1, 3], "tail": 3}
{"N": 5, "decoder": 0, "fibre": 0, "kind": "state", "m": 4, "next": [0, 2, 0, 0, 1], "period": 4, "recurrent_predicate": false, "state": [3, 1, 2, 2, 0], "tail": 3}
{"N": 5, "decoder": 1, "fibre": 1, "kind": "state", "m": 4, "next": [0, 3, 0, 0, 3], "period": 4, "recurrent_predicate": false, "state": [3, 1, 2, 2, 1], "tail": 4}
{"N": 5, "decoder": 1, "fibre": 1, "kind": "state", "m": 4, "next": [0, 2, 1, 1, 1], "period": 4, "recurrent_predicate": true, "state": [3, 1, 2, 2, 2], "tail": 0}
{"N": 5, "decoder": 0, "fibre": 0, "kind": "state", "m": 4, "next": [1, 2, 0, 0, 1], "period": 4, "recurrent_predicate": false, "state": [3, 1, 2, 2, 3], "tail": 5}
{"N": 5, "decoder": 0, "fibre": 0, "kind": "state", "m": 4, "next": [1, 2, 3, 1, 1], "period": 4, "recurrent_predicate": false, "state": [3, 1, 2, 3, 0], "tail": 3}
{"N": 5, "decoder": 0, "fibre": 0, "kind": "state", "m": 4, "next": [1, 3, 3, 1, 3], "period": 4, "recurrent_predicate": false, "state": [3, 1, 2, 3, 1], "tail": 3}
{"N": 5, "decoder": 0, "fibre": 0, "kind": "state", "m": 4, "next": [1, 2, 0, 1, 0], "period": 4, "recurrent_predicate": false, "state": [3, 1, 2, 3, 2], "tail": 5}
{"N": 5, "decoder": 0, "fibre": 0, "kind": "state", "m": 4, "next": [2, 2, 3, 2, 2], "period": 4, "recurrent_predicate": false, "state": [3, 1, 2, 3, 3], "tail": 4}
{"N": 5, "decoder": 1, "fibre": 1, "kind": "state", "m": 4, "next": [1, 2, 1, 2, 2], "period": 4, "recurrent_predicate": false, "state": [3, 1, 3, 0, 0], "tail": 4}
{"N": 5, "decoder": 0, "fibre": 0, "kind": "state", "m": 4, "next": [1, 3, 1, 1, 3], "period": 4, "recurrent_predicate": false, "state": [3, 1, 3, 0, 1], "tail": 3}
{"N": 5, "decoder": 0, "fibre": 0, "kind": "state", "m": 4, "next": [1, 2, 1, 1, 3], "period": 4, "recurrent_predicate": false, "state": [3, 1, 3, 0, 2], "tail": 3}
{"N": 5, "decoder": 3, "fibre": 3, "kind": "state", "m": 4, "next": [2, 2, 2, 1, 2], "period": 4, "recurrent_predicate": false, "state": [3, 1, 3, 0, 3], "tail": 2}
{"N": 5, "decoder": 0, "fibre": 0, "kind": "state", "m": 4, "next": [1, 3, 1, 3, 1], "period": 4, "recurrent_predicate": false, "state": [3, 1, 3, 1, 0], "tail": 3}
{"N": 5, "decoder": 4, "fibre": 4, "kind": "state", "m": 4, "next": [1, 0, 1, 0, 0], "period": 4, "recurrent_predicate": false, "state": [3, 1, 3, 1, 1], "tail": 2}
{"N": 5, "decoder": 0, "fibre": 0, "kind": "state", "m": 4, "next": [1, 3, 1, 3, 3], "period": 4, "recurrent_predicate": false, "state": [3, 1, 3, 1, 2], "tail": 3}
{"N": 5, "decoder": 4, "fibre": 4, "kind": "state", "m": 4, "next": [2, 3, 2, 3, 2], "period": 4, "recurrent_predicate": false, "state": [3, 1, 3, 1, 3], "tail": 2}
{"N": 5, "decoder": 0, "fibre": 0, "kind": "state", "m": 4, "next": [1, 2, 1, 3, 1], "period": 4, "recurrent_predicate": false, "state": [3, 1, 3, 2, 0], "tail": 3}
{"N": 5, "decoder": 0, "fibre": 0, "kind": "state", "m": 4, "next": [1, 3, 1, 3, 3], "period": 4, "recurrent_predicate": false, "state": [3, 1, 3, 2, 1], "tail": 3}
{"N": 5, "decoder": 0, "fibre": 0, "kind": "state", "m": 4, "next": [1, 2, 1, 0, 0], "period": 4, "recurrent_predicate": false, "state": [3, 1, 3, 2, 2], "tail": 5}
{"N": 5, "decoder": 0, "fibre": 0, "kind": "state", "m": 4, "next": [2, 2, 2, 3, 2], "period": 4, "recurrent_predicate": false, "state": [3, 1, 3, 2, 3], "tail": 4}
{"N": 5, "decoder": 3, "fibre": 3, "kind": "state", "m": 4, "next": [2, 2, 2, 2, 1], "period": 4, "recurrent_predicate": false, "state": [3, 1, 3, 3, 0], "tail": 2}
{"N": 5, "decoder": 4, "fibre": 4, "kind": "state", "m": 4, "next": [2, 3, 2, 2, 3], "period": 4, "recurrent_predicate": false, "state": [3, 1, 3, 3, 1], "tail": 2}
{"N": 5, "decoder": 0, "fibre": 0, "kind": "state", "m": 4, "next": [2, 2, 2, 2, 3], "period": 4, "recurrent_predicate": false, "state": [3, 1, 3, 3, 2], "tail": 4}
{"N": 5, "decoder": 1, "fibre": 1, "kind": "state", "m": 4, "next": [3, 2, 3, 3, 3], "period": 4, "recurrent_predicate": false, "state": [3, 1, 3, 3, 3], "tail": 2}
{"N": 5, "decoder": 0, "fibre": 0, "kind": "state", "m": 4, "next": [0, 3, 3, 3, 3], "period": 4, "recurrent_predicate": false, "state": [3, 2, 0, 0, 0], "tail": 4}
{"N": 5, "decoder": 0, "fibre": 0, "kind": "state", "m": 4, "next": [0, 3, 2, 2, 2], "period": 4, "recurrent_predicate": false, "state": [3, 2, 0, 0, 1], "tail": 3}
{"N": 5, "decoder": 0, "fibre": 0, "kind": "state", "m": 4, "next": [0, 0, 2, 2, 0], "period": 4, "recurrent_predicate": false, "state": [3, 2, 0, 0, 2], "tail": 3}
{"N": 5, "decoder": 0, "fibre": 0, "kind": "state", "m": 4, "next": [1, 3, 2, 2, 1], "period": 4, "recurrent_predicate": false, "state": [3, 2, 0, 0, 3], "tail": 5}
{"N": 5, "decoder": 0, "fibre": 0, "kind": "state", "m": 4, "next": [0, 3, 2, 2, 2], "period": 4, "recurrent_predicate": false, "state": [3, 2, 0, 1, 0], "tail": 3}
{"N": 5, "decoder": 0, "fibre": 0, "kind": "state", "m": 4, "next": [0, 3, 1, 3, 3], "period": 4, "recurrent_predicate": false, "state": [3, 2, 0, 1, 1], "tail": 3}
{"N": 5, "decoder": 0, "fibre": 0, "kind": "state", "m": 4, "next": [0, 0, 1, 2, 0], "period": 4, "recurrent_predicate": false, "state": [3, 2, 0, 1, 2], "tail": 3}
{"N": 5, "decoder": 0, "fibre": 0, "kind": "state", "m": 4, "next": [1, 3, 1, 2, 1], "period": 4, "recurrent_predicate": false, "state": [3, 2, 0, 1, 3], "tail": 3}
{"N": 5, "decoder": 0, "fibre": 0, "kind": "state", "m": 4, "next": [0, 0, 2, 0, 2], "period": 4, "recurrent_predicate": false, "state": [3, 2, 0, 2, 0], "tail": 3}
{"N": 5, "decoder": 0, "fibre": 0, "kind": "state", "m": 4, "next": [0, 0, 1, 0, 2], "period": 4, "recurrent_predicate": false, "state": [3, 2, 0, 2, 1], "tail": 3}
{"N": 5, "decoder": 3, "fibre": 3, "kind": "state", "m": 4, "next": [0, 1, 1, 1, 1], "period": 4, "recurrent_predicate": false, "state": [3, 2, 0, 2, 2], "tail": 2}
{"N": 5, "decoder": 1, "fibre": 1, "kind": "state", "m": 4, "next": [1, 0, 1, 0, 1], "period": 4, "recurrent_predicate": false, "state": [3, 2, 0, 2, 3], "tail": 4}
{"N": 5, "decoder": 0, "fibre": 0, "kind": "state", "m": 4, "next": [1, 3, 2, 1, 2], "period": 4, "recurrent_predicate": false, "state": [3, 2, 0, 3, 0], "tail": 5}
{"N": 5, "decoder": 0, "fibre": 0, "kind": "state", "m": 4, "next": [1, 3, 1, 1, 2], "period": 4, "recurrent_predicate": false, "state": [3, 2, 0, 3, 1], "tail": 3}
{"N": 5, "decoder": 1, "fibre": 1, "kind": "state", "m": 4, "next": [1, 0, 1, 1, 0], "period": 4, "recurrent_predicate": false, "state": [3, 2, 0, 3, 2], "tail": 4}
{"N": 5, "decoder": 1, "fibre": 1, "kind": "state", "m": 4, "next": [2, 3, 1, 2, 2], "period": 4, "recurrent_predicate": true, "state": [3, 2, 0, 3, 3], "tail": 0}
{"N": 5, "decoder": 0, "fibre": 0, "kind": "state", "m": 4, "next": [0, 3, 2, 2, 2], "period": 4, "recurrent_predicate": false, "state": [3, 2, 1, 0, 0], "tail": 3}
{"N": 5, "decoder": 0, "fibre": 0, "kind": "state", "m": 4, "next": [0, 3, 3, 1, 3], "period": 4, "recurrent_predicate": false, "state": [3, 2, 1, 0, 1], "tail": 3}
{"N": 5, "decoder": 0, "fibre": 0, "kind": "state", "m": 4, "next": [0, 0, 2, 1, 0], "period": 4, "recurrent_predicate": false, "state": [3, 2, 1, 0, 2], "tail": 3}
{"N": 5, "decoder": 0, "fibre": 0, "kind": "state", "m": 4, "next": [1, 3, 2, 1, 1], "period": 4, "recurrent_predicate": false, "state": [3, 2, 1, 0, 3], "tail": 3}
{"N": 5, "decoder": 0, "fibre": 0, "kind": "state", "m": 4, "next": [0, 3, 3, 3, 1], "period": 4, "recurrent_predicate": false, "state": [3, 2, 1, 1, 0], "tail": 3}
{"N": 5, "decoder": 3, "fibre": 3, "kind": "state", "m": 4, "next": [0, 3, 0, 0, 0], "period": 4, "recurrent_predicate": false, "state": [3, 2, 1, 1, 1], "tail": 2}
{"N": 5, "decoder": 1, "fibre": 1, "kind": "state", "m": 4, "next": [0, 0, 3, 3, 0], "period": 4, "recurrent_predicate": false, "state": [3, 2, 1, 1, 2], "tail": 4}
{"N": 5, "decoder": 0, "fibre": 0, "kind": "state", "m": 4, "next": [1, 3, 3, 3, 1], "period": 4, "recurrent_predicate": false, "state": [3, 2, 1, 1, 3], "tail": 3}
{"N": 5, "decoder": 0, "fibre": 0, "kind": "state", "m": 4, "next": [0, 0, 2, 0, 1], "period": 4, "recurrent_predicate": false, "state": [3, 2, 1, 2, 0], "tail": 3}
{"N": 5, "decoder": 1, "fibre": 1, "kind": "state", "m": 4, "next": [0, 0, 3, 0, 3], "period": 4, "recurrent_predicate": false, "state": [3, 2, 1, 2, 1], "tail": 4}
{"N": 5, "decoder": 1, "fibre": 1, "kind": "state", "m": 4, "next": [0, 1, 2, 1, 1], "period": 4, "recurrent_predicate": true, "state": [3, 2, 1, 2, 2], "tail": 0}
{"N": 5, "decoder": 0, "fibre": 0, "kind": "state", "m": 4, "next": [1, 0, 2, 0, 1], "period": 4, "recurrent_predicate": false, "state": [3, 2, 1, 2, 3], "tail": 5}
{"N": 5, "decoder": 0, "fibre": 0, "kind": "state", "m": 4, "next": [1, 3, 2, 1, 1], "period": 4, "recurrent_predicate": false, "state": [3, 2, 1, 3, 0], "tail": 3}
{"N": 5, "decoder": 0, "fibre": 0, "kind": "state", "m": 4, "next": [1, 3, 3, 1, 3], "period": 4, "recurrent_predicate": false, "state": [3, 2, 1, 3, 1], "tail": 3}
{"N": 5, "decoder": 0, "fibre": 0, "kind": "state", "m": 4, "next": [1, 0, 2, 1, 0], "period": 4, "recurrent_predicate": false, "state": [3, 2, 1, 3, 2], "tail": 5}
{"N": 5, "decoder": 0, "fibre": 0, "kind": "state", "m": 4, "next": [2, 3, 2, 2, 2], "period": 4, "recurrent_predicate": false, "state": [3, 2, 1, 3, 3], "tail": 4}
{"N": 5, "decoder": 0, "fibre": 0, "kind": "state", "m": 4, "next": [0, 0, 0, 2, 2], "period": 4, "recurrent_predicate": false, "state": [3, 2, 2, 0, 0], "tail": 3}
{"N": 5, "decoder": 0, "fibre": 0, "kind": "state", "m": 4, "next": [0, 0, 0, 1, 2], "period": 4, "recurrent_predicate": false, "state": [3, 2, 2, 0, 1], "tail": 3}
{"N": 5, "decoder": 3, "fibre": 3, "kind": "state", "m": 4, "next": [0, 1, 1, 1, 1], "period": 4, "recurrent_predicate": false, "state": [3, 2, 2, 0, 2], "tail": 2}
{"N": 5, "decoder": 1, "fibre": 1, "kind": "state", "m": 4, "next": [1, 0, 0, 1, 1], "period": 4, "recurrent_predicate": false, "state": [3, 2, 2, 0, 3], "tail": 4}
{"N": 5, "decoder": 0, "fibre": 0, "kind": "state", "m": 4, "next": [0, 0, 0, 2, 1], "period": 4, "recurrent_predicate": false, "state": [3, 2, 2, 1, 0], "tail": 3}
{"N": 5, "decoder": 1, "fibre": 1, "kind": "state", "m": 4, "next": [0, 0, 0, 3, 3], "period": 4, "recurrent_predicate": false, "state": [3, 2, 2, 1, 1], "tail": 4}
{"N": 5, "decoder": 1, "fibre": 1, "kind": "state", "m": 4, "next": [0, 1, 1, 2, 1], "period": 4, "recurrent_predicate": true, "state": [3, 2, 2, 1, 2], "tail": 0}
{"N": 5, "decoder": 0, "fibre": 0, "kind": "state", "m": 4, "next": [1, 0, 0, 2, 1], "period": 4, "recurrent_predicate": false, "state": [3, 2, 2, 1, 3], "tail": 5}
{"N": 5, "decoder": 3, "fibre": 3, "kind": "state", "m": 4, "next": [0, 1, 1, 1, 1], "period": 4, "recurrent_predicate": false, "state": [3, 2, 2, 2, 0], "tail": 2}
{"N": 5, "decoder": 1, "fibre": 1, "kind": "state", "m": 4, "next": [0, 1, 1, 1, 2], "period": 4, "recurrent_predicate": true, "state": [3, 2, 2, 2, 1], "tail": 0}
{"N": 5, "decoder": 4, "fibre": 4, "kind": "state", "m": 4, "next": [0, 2, 2, 2, 2], "period": 4, "recurrent_predicate": false, "state": [3, 2, 2, 2, 2], "tail": 3}
{"N": 5, "decoder": 1, "fibre": 1, "kind": "state", "m": 4, "next": [1, 1, 1, 1, 1], "period": 4, "recurrent_predicate": false, "state": [3, 2, 2, 2, 3], "tail": 1}
{"N": 5, "decoder": 1, "fibre": 1, "kind": "state", "m": 4, "next": [1, 0, 0, 1, 1], "period": 4, "recurrent_predicate": false, "state": [3, 2, 2, 3, 0], "tail": 4}
{"N": 5, "decoder": 0, "fibre": 0, "kind": "state", "m": 4, "next": [1, 0, 0, 1, 2], "period": 4, "recurrent_predicate": false, "state": [3, 2, 2, 3, 1], "tail": 5}
{"N": 5, "decoder": 1, "fibre": 1, "kind": "state", "m": 4, "next": [1, 1, 1, 1, 1], "period": 4, "recurrent_predicate": false, "state": [3, 2, 2, 3, 2], "tail": 1}
{"N": 5, "decoder": 3, "fibre": 3, "kind": "state", "m": 4, "next": [2, 0, 0, 2, 2], "period": 4, "recurrent_predicate": false, "state": [3, 2, 2, 3, 3], "tail": 3}
{"N": 5, "decoder": 0, "fibre": 0, "kind": "state", "m": 4, "next": [1, 3, 1, 2, 2], "period": 4, "recurrent_predicate": false, "state": [3, 2, 3, 0, 0], "tail": 5}
{"N": 5, "decoder": 0, "fibre": 0, "kind": "state", "m": 4, "next": [1, 3, 1, 1, 2], "period": 4, "recurrent_predicate": false, "state": [3, 2, 3, 0, 1], "tail": 3}
{"N": 5, "decoder": 1, "fibre": 1, "kind": "state", "m": 4, "next": [1, 0, 1, 1, 0], "period": 4, "recurrent_predicate": false, "state": [3, 2, 3, 0, 2], "tail": 4}
{"N": 5, "decoder": 1, "fibre": 1, "kind": "state", "m": 4, "next": [2, 3, 2, 1, 2], "period": 4, "recurrent_predicate": true, "state": [3, 2, 3, 0, 3], "tail": 0}
{"N": 5, "decoder": 0, "fibre": 0, "kind": "state", "m": 4, "next": [1, 3, 1, 2, 1], "period": 4, "recurrent_predicate": false, "state": [3, 2, 3, 1, 0], "tail": 3}
{"N": 5, "decoder": 0, "fibre": 0, "kind": "state", "m": 4, "next": [1, 3, 1, 3, 3], "period": 4, "recurrent_predicate": false, "state": [3, 2, 3, 1, 1], "tail": 3}
{"N": 5, "decoder": 0, "fibre": 0, "kind": "state", "m": 4, "next": [1, 0, 1, 2, 0], "period": 4, "recurrent_predicate": false, "state": [3, 2, 3, 1, 2], "tail": 5}
{"N": 5, "decoder": 0, "fibre": 0, "kind": "state", "m": 4, "next": [2, 3, 2, 2, 2], "period": 4, "recurrent_predicate": false, "state": [3, 2, 3, 1, 3], "tail": 4}
{"N": 5, "decoder": 1, "fibre": 1, "kind": "state", "m": 4, "next": [1, 0, 1, 0, 1], "period": 4, "recurrent_predicate": false, "state": [3, 2, 3, 2, 0], "tail": 4}
{"N": 5, "decoder": 0, "fibre": 0, "kind": "state", "m": 4, "next": [1, 0, 1, 0, 2], "period": 4, "recurrent_predicate": false, "state": [3, 2, 3, 2, 1], "tail": 5}
{"N": 5, "decoder": 1, "fibre": 1, "kind": "state", "m": 4, "next": [1, 1, 1, 1, 1], "period": 4, "recurrent_predicate": false, "state": [3, 2, 3, 2, 2], "tail": 1}
{"N": 5, "decoder": 3, "fibre": 3, "kind": "state", "m": 4, "next": [2, 0, 2, 0, 2], "period": 4, "recurrent_predicate": false, "state": [3, 2, 3, 2, 3], "tail": 3}
{"N": 5, "decoder": 1, "fibre": 1, "kind": "state", "m": 4, "next": [2, 3, 2, 2, 1], "period": 4, "recurrent_predicate": true, "state": [3, 2, 3, 3, 0], "tail": 0}
{"N": 5, "decoder": 0, "fibre": 0, "kind": "state", "m": 4, "next": [2, 3, 2, 2, 2], "period": 4, "recurrent_predicate": false, "state": [3, 2, 3, 3, 1], "tail": 4}
{"N": 5, "decoder": 3, "fibre": 3, "kind": "state", "m": 4, "next": [2, 0, 2, 2, 0], "period": 4, "recurrent_predicate": false, "state": [3, 2, 3, 3, 2], "tail": 3}
{"N": 5, "decoder": 5, "fibre": 5, "kind": "state", "m": 4, "next": [3, 3, 3, 3, 3], "period": 4, "recurrent_predicate": false, "state": [3, 2, 3, 3, 3], "tail": 1}
{"N": 5, "decoder": 3, "fibre": 3, "kind": "state", "m": 4, "next": [1, 1, 3, 3, 3], "period": 4, "recurrent_predicate": false, "state": [3, 3, 0, 0, 0], "tail": 3}
{"N": 5, "decoder": 1, "fibre": 1, "kind": "state", "m": 4, "next": [1, 1, 2, 2, 2], "period": 4, "recurrent_predicate": false, "state": [3, 3, 0, 0, 1], "tail": 4}
{"N": 5, "decoder": 0, "fibre": 0, "kind": "state", "m": 4, "next": [1, 1, 2, 2, 3], "period": 4, "recurrent_predicate": false, "state": [3, 3, 0, 0, 2], "tail": 5}
{"N": 5, "decoder": 1, "fibre": 1, "kind": "state", "m": 4, "next": [2, 2, 2, 2, 2], "period": 4, "recurrent_predicate": false, "state": [3, 3, 0, 0, 3], "tail": 1}
{"N": 5, "decoder": 1, "fibre": 1, "kind": "state", "m": 4, "next": [1, 1, 2, 2, 2], "period": 4, "recurrent_predicate": false, "state": [3, 3, 0, 1, 0], "tail": 4}
{"N": 5, "decoder": 0, "fibre": 0, "kind": "state", "m": 4, "next": [1, 1, 1, 3, 3], "period": 4, "recurrent_predicate": false, "state": [3, 3, 0, 1, 1], "tail": 3}
{"N": 5, "decoder": 0, "fibre": 0, "kind": "state", "m": 4, "next": [1, 1, 1, 2, 3], "period": 4, "recurrent_predicate": false, "state": [3, 3, 0, 1, 2], "tail": 3}
{"N": 5, "decoder": 3, "fibre": 3, "kind": "state", "m": 4, "next": [2, 2, 1, 2, 2], "period": 4, "recurrent_predicate": false, "state": [3, 3, 0, 1, 3], "tail": 2}
{"N": 5, "decoder": 0, "fibre": 0, "kind": "state", "m": 4, "next": [1, 1, 2, 3, 2], "period": 4, "recurrent_predicate": false, "state": [3, 3, 0, 2, 0], "tail": 5}
{"N": 5, "decoder": 0, "fibre": 0, "kind": "state", "m": 4, "next": [1, 1, 1, 3, 2], "period": 4, "recurrent_predicate": false, "state": [3, 3, 0, 2, 1], "tail": 3}
{"N": 5, "decoder": 1, "fibre": 1, "kind": "state", "m": 4, "next": [1, 1, 1, 0, 0], "period": 4, "recurrent_predicate": false, "state": [3, 3, 0, 2, 2], "tail": 4}
{"N": 5, "decoder": 1, "fibre": 1, "kind": "state", "m": 4, "next": [2, 2, 1, 3, 2], "period": 4, "recurrent_predicate": true, "state": [3, 3, 0, 2, 3], "tail": 0}
{"N": 5, "decoder": 1, "fibre": 1, "kind": "state", "m": 4, "next": [2, 2, 2, 2, 2], "period": 4, "recurrent_predicate": false, "state": [3, 3, 0, 3, 0], "tail": 1}
{"N": 5, "decoder": 3, "fibre": 3, "kind": "state", "m": 4, "next": [2, 2, 1, 2, 2], "period": 4, "recurrent_predicate": false, "state": [3, 3, 0, 3, 1], "tail": 2}
{"N": 5, "decoder": 1, "fibre": 1, "kind": "state", "m": 4, "next": [2, 2, 1, 2, 3], "period": 4, "recurrent_predicate": true, "state": [3, 3, 0, 3, 2], "tail": 0}
{"N": 5, "decoder": 4, "fibre": 4, "kind": "state", "m": 4, "next": [3, 3, 1, 3, 3], "period": 4, "recurrent_predicate": false, "state": [3, 3, 0, 3, 3], "tail": 3}
{"N": 5, "decoder": 1, "fibre": 1, "kind": "state", "m": 4, "next": [1, 1, 2, 2, 2], "period": 4, "recurrent_predicate": false, "state": [3, 3, 1, 0, 0], "tail": 4}
{"N": 5, "decoder": 0, "fibre": 0, "kind": "state", "m": 4, "next": [1, 1, 3, 1, 3], "period": 4, "recurrent_predicate": false, "state": [3, 3, 1, 0, 1], "tail": 3}
{"N": 5, "decoder": 0, "fibre": 0, "kind": "state", "m": 4, "next": [1, 1, 2, 1, 3], "period": 4, "recurrent_predicate": false, "state": [3, 3, 1, 0, 2], "tail": 3}
{"N": 5, "decoder": 3, "fibre": 3, "kind": "state", "m": 4, "next": [2, 2, 2, 1, 2], "period": 4, "recurrent_predicate": false, "state": [3, 3, 1, 0, 3], "tail": 2}
{"N": 5, "decoder": 0, "fibre": 0, "kind": "state", "m": 4, "next": [1, 1, 3, 3, 1], "period": 4, "recurrent_predicate": false, "state": [3, 3, 1, 1, 0], "tail": 3}
{"N": 5, "decoder": 4, "fibre": 4, "kind": "state", "m": 4, "next": [1, 1, 0, 0, 0], "period": 4, "recurrent_predicate": false, "state": [3, 3, 1, 1, 1], "tail": 2}
{"N": 5, "decoder": 0, "fibre": 0, "kind": "state", "m": 4, "next": [1, 1, 3, 3, 3], "period": 4, "recurrent_predicate": false, "state": [3, 3, 1, 1, 2], "tail": 3}
{"N": 5, "decoder": 4, "fibre": 4, "kind": "state", "m": 4, "next": [2, 2, 3, 3, 2], "period": 4, "recurrent_predicate": false, "state": [3, 3, 1, 1, 3], "tail": 2}
{"N": 5, "decoder": 0, "fibre": 0, "kind": "state", "m": 4, "next": [1, 1, 2, 3, 1], "period": 4, "recurrent_predicate": false, "state": [3, 3, 1, 2, 0], "tail": 3}
{"N": 5, "decoder": 0, "fibre": 0, "kind": "state", "m": 4, "next": [1, 1, 3, 3, 3], "period": 4, "recurrent_predicate": false, "state": [3, 3, 1, 2, 1], "tail": 3}
{"N": 5, "decoder": 0, "fibre": 0, "kind": "state", "m": 4, "next": [1, 1, 2, 0, 0], "period": 4, "recurrent_predicate": false, "state": [3, 3, 1, 2, 2], "tail": 5}
{"N": 5, "decoder": 0, "fibre": 0, "kind": "state", "m": 4, "next": [2, 2, 2, 3, 2], "period": 4, "recurrent_predicate": false, "state": [3, 3, 1, 2, 3], "tail": 4}
{"N": 5, "decoder": 3, "fibre": 3, "kind": "state", "m": 4, "next": [2, 2, 2, 2, 1], "period": 4, "recurrent_predicate": false, "state": [3, 3, 1, 3, 0], "tail": 2}
{"N": 5, "decoder": 4, "fibre": 4, "kind": "state", "m": 4, "next": [2, 2, 3, 2, 3], "period": 4, "recurrent_predicate": false, "state": [3, 3, 1, 3, 1], "tail": 2}
{"N": 5, "decoder": 0, "fibre": 0, "kind": "state", "m": 4, "next": [2, 2, 2, 2, 3], "period": 4, "recurrent_predicate": false, "state": [3, 3, 1, 3, 2], "tail": 4}
{"N": 5, "decoder": 1, "fibre": 1, "kind": "state", "m": 4, "next": [3, 3, 2, 3, 3], "period": 4, "recurrent_predicate": false, "state": [3, 3, 1, 3, 3], "tail": 2}
{"N": 5, "decoder": 0, "fibre": 0, "kind": "state", "m": 4, "next": [1, 1, 3, 2, 2], "period": 4, "recurrent_predicate": false, "state": [3, 3, 2, 0, 0], "tail": 5}
{"N": 5, "decoder": 0, "fibre": 0, "kind": "state", "m": 4, "next": [1, 1, 3, 1, 2], "period": 4, "recurrent_predicate": false, "state": [3, 3, 2, 0, 1], "tail": 3}
{"N": 5, "decoder": 1, "fibre": 1, "kind": "state", "m": 4, "next": [1, 1, 0, 1, 0], "period": 4, "recurrent_predicate": false, "state": [3, 3, 2, 0, 2], "tail": 4}
{"N": 5, "decoder": 1, "fibre": 1, "kind": "state", "m": 4, "next": [2, 2, 3, 1, 2], "period": 4, "recurrent_predicate": true, "state": [3, 3, 2, 0, 3], "tail": 0}
{"N": 5, "decoder": 0, "fibre": 0, "kind": "state", "m": 4, "next": [1, 1, 3, 2, 1], "period": 4, "recurrent_predicate": false, "state": [3, 3, 2, 1, 0], "tail": 3}
{"N": 5, "decoder": 0, "fibre": 0, "kind": "state", "m": 4, "next": [1, 1, 3, 3, 3], "period": 4, "recurrent_predicate": false, "state": [3, 3, 2, 1, 1], "tail": 3}
{"N": 5, "decoder": 0, "fibre": 0, "kind": "state", "m": 4, "next": [1, 1, 0, 2, 0], "period": 4, "recurrent_predicate": false, "state": [3, 3, 2, 1, 2], "tail": 5}
{"N": 5, "decoder": 0, "fibre": 0, "kind": "state", "m": 4, "next": [2, 2, 3, 2, 2], "period": 4, "recurrent_predicate": false, "state": [3, 3, 2, 1, 3], "tail": 4}
{"N": 5, "decoder": 1, "fibre": 1, "kind": "state", "m": 4, "next": [1, 1, 0, 0, 1], "period": 4, "recurrent_predicate": false, "state": [3, 3, 2, 2, 0], "tail": 4}
{"N": 5, "decoder": 0, "fibre": 0, "kind": "state", "m": 4, "next": [1, 1, 0, 0, 2], "period": 4, "recurrent_predicate": false, "state": [3, 3, 2, 2, 1], "tail": 5}
{"N": 5, "decoder": 1, "fibre": 1, "kind": "state", "m": 4, "next": [1, 1, 1, 1, 1], "period": 4, "recurrent_predicate": false, "state": [3, 3, 2, 2, 2], "tail": 1}
{"N": 5, "decoder": 3, "fibre": 3, "kind": "state", "m": 4, "next": [2, 2, 0, 0, 2], "period": 4, "recurrent_predicate": false, "state": [3, 3, 2, 2, 3], "tail": 3}
{"N": 5, "decoder": 1, "fibre": 1, "kind": "state", "m": 4, "next": [2, 2, 3, 2, 1], "period": 4, "recurrent_predicate": true, "state": [3, 3, 2, 3, 0], "tail": 0}
{"N": 5, "decoder": 0, "fibre": 0, "kind": "state", "m": 4, "next": [2, 2, 3, 2, 2], "period": 4, "recurrent_predicate": false, "state": [3, 3, 2, 3, 1], "tail": 4}
{"N": 5, "decoder": 3, "fibre": 3, "kind": "state", "m": 4, "next": [2, 2, 0, 2, 0], "period": 4, "recurrent_predicate": false, "state": [3, 3, 2, 3, 2], "tail": 3}
{"N": 5, "decoder": 5, "fibre": 5, "kind": "state", "m": 4, "next": [3, 3, 3, 3, 3], "period": 4, "recurrent_predicate": false, "state": [3, 3, 2, 3, 3], "tail": 1}
{"N": 5, "decoder": 1, "fibre": 1, "kind": "state", "m": 4, "next": [2, 2, 2, 2, 2], "period": 4, "recurrent_predicate": false, "state": [3, 3, 3, 0, 0], "tail": 1}
{"N": 5, "decoder": 3, "fibre": 3, "kind": "state", "m": 4, "next": [2, 2, 2, 1, 2], "period": 4, "recurrent_predicate": false, "state": [3, 3, 3, 0, 1], "tail": 2}
{"N": 5, "decoder": 1, "fibre": 1, "kind": "state", "m": 4, "next": [2, 2, 2, 1, 3], "period": 4, "recurrent_predicate": true, "state": [3, 3, 3, 0, 2], "tail": 0}
{"N": 5, "decoder": 4, "fibre": 4, "kind": "state", "m": 4, "next": [3, 3, 3, 1, 3], "period": 4, "recurrent_predicate": false, "state": [3, 3, 3, 0, 3], "tail": 3}
{"N": 5, "decoder": 3, "fibre": 3, "kind": "state", "m": 4, "next": [2, 2, 2, 2, 1], "period": 4, "recurrent_predicate": false, "state": [3, 3, 3, 1, 0], "tail": 2}
{"N": 5, "decoder": 4, "fibre": 4, "kind": "state", "m": 4, "next": [2, 2, 2, 3, 3], "period": 4, "recurrent_predicate": false, "state": [3, 3, 3, 1, 1], "tail": 2}
{"N": 5, "decoder": 0, "fibre": 0, "kind": "state", "m": 4, "next": [2, 2, 2, 2, 3], "period": 4, "recurrent_predicate": false, "state": [3, 3, 3, 1, 2], "tail": 4}
{"N": 5, "decoder": 1, "fibre": 1, "kind": "state", "m": 4, "next": [3, 3, 3, 2, 3], "period": 4, "recurrent_predicate": false, "state": [3, 3, 3, 1, 3], "tail": 2}
{"N": 5, "decoder": 1, "fibre": 1, "kind": "state", "m": 4, "next": [2, 2, 2, 3, 1], "period": 4, "recurrent_predicate": true, "state": [3, 3, 3, 2, 0], "tail": 0}
{"N": 5, "decoder": 0, "fibre": 0, "kind": "state", "m": 4, "next": [2, 2, 2, 3, 2], "period": 4, "recurrent_predicate": false, "state": [3, 3, 3, 2, 1], "tail": 4}
{"N": 5, "decoder": 3, "fibre": 3, "kind": "state", "m": 4, "next": [2, 2, 2, 0, 0], "period": 4, "recurrent_predicate": false, "state": [3, 3, 3, 2, 2], "tail": 3}
{"N": 5, "decoder": 5, "fibre": 5, "kind": "state", "m": 4, "next": [3, 3, 3, 3, 3], "period": 4, "recurrent_predicate": false, "state": [3, 3, 3, 2, 3], "tail": 1}
{"N": 5, "decoder": 4, "fibre": 4, "kind": "state", "m": 4, "next": [3, 3, 3, 3, 1], "period": 4, "recurrent_predicate": false, "state": [3, 3, 3, 3, 0], "tail": 3}
{"N": 5, "decoder": 1, "fibre": 1, "kind": "state", "m": 4, "next": [3, 3, 3, 3, 2], "period": 4, "recurrent_predicate": false, "state": [3, 3, 3, 3, 1], "tail": 2}
{"N": 5, "decoder": 5, "fibre": 5, "kind": "state", "m": 4, "next": [3, 3, 3, 3, 3], "period": 4, "recurrent_predicate": false, "state": [3, 3, 3, 3, 2], "tail": 1}
{"N": 5, "decoder": 16, "fibre": 16, "kind": "state", "m": 4, "next": [0, 0, 0, 0, 0], "period": 4, "recurrent_predicate": true, "state": [3, 3, 3, 3, 3], "tail": 0}
{"N": 0, "decoder": 1, "fibre": 1, "kind": "state", "m": 5, "next": [], "period": 1, "recurrent_predicate": true, "state": [], "tail": 0}
{"N": 1, "decoder": 1, "fibre": 1, "kind": "state", "m": 5, "next": [1], "period": 5, "recurrent_predicate": true, "state": [0], "tail": 0}
{"N": 1, "decoder": 1, "fibre": 1, "kind": "state", "m": 5, "next": [2], "period": 5, "recurrent_predicate": true, "state": [1], "tail": 0}
{"N": 1, "decoder": 1, "fibre": 1, "kind": "state", "m": 5, "next": [3], "period": 5, "recurrent_predicate": true, "state": [2], "tail": 0}
{"N": 1, "decoder": 1, "fibre": 1, "kind": "state", "m": 5, "next": [4], "period": 5, "recurrent_predicate": true, "state": [3], "tail": 0}
{"N": 1, "decoder": 1, "fibre": 1, "kind": "state", "m": 5, "next": [0], "period": 5, "recurrent_predicate": true, "state": [4], "tail": 0}
{"N": 2, "decoder": 1, "fibre": 1, "kind": "state", "m": 5, "next": [2, 2], "period": 5, "recurrent_predicate": true, "state": [0, 0], "tail": 0}
{"N": 2, "decoder": 1, "fibre": 1, "kind": "state", "m": 5, "next": [1, 2], "period": 5, "recurrent_predicate": true, "state": [0, 1], "tail": 0}
{"N": 2, "decoder": 1, "fibre": 1, "kind": "state", "m": 5, "next": [1, 3], "period": 5, "recurrent_predicate": true, "state": [0, 2], "tail": 0}
{"N": 2, "decoder": 1, "fibre": 1, "kind": "state", "m": 5, "next": [1, 4], "period": 5, "recurrent_predicate": true, "state": [0, 3], "tail": 0}
{"N": 2, "decoder": 1, "fibre": 1, "kind": "state", "m": 5, "next": [1, 0], "period": 5, "recurrent_predicate": true, "state": [0, 4], "tail": 0}
{"N": 2, "decoder": 1, "fibre": 1, "kind": "state", "m": 5, "next": [2, 1], "period": 5, "recurrent_predicate": true, "state": [1, 0], "tail": 0}
{"N": 2, "decoder": 1, "fibre": 1, "kind": "state", "m": 5, "next": [3, 3], "period": 5, "recurrent_predicate": true, "state": [1, 1], "tail": 0}
{"N": 2, "decoder": 1, "fibre": 1, "kind": "state", "m": 5, "next": [2, 3], "period": 5, "recurrent_predicate": true, "state": [1, 2], "tail": 0}
{"N": 2, "decoder": 1, "fibre": 1, "kind": "state", "m": 5, "next": [2, 4], "period": 5, "recurrent_predicate": true, "state": [1, 3], "tail": 0}
{"N": 2, "decoder": 1, "fibre": 1, "kind": "state", "m": 5, "next": [2, 0], "period": 5, "recurrent_predicate": true, "state": [1, 4], "tail": 0}
{"N": 2, "decoder": 1, "fibre": 1, "kind": "state", "m": 5, "next": [3, 1], "period": 5, "recurrent_predicate": true, "state": [2, 0], "tail": 0}
{"N": 2, "decoder": 1, "fibre": 1, "kind": "state", "m": 5, "next": [3, 2], "period": 5, "recurrent_predicate": true, "state": [2, 1], "tail": 0}
{"N": 2, "decoder": 1, "fibre": 1, "kind": "state", "m": 5, "next": [4, 4], "period": 5, "recurrent_predicate": true, "state": [2, 2], "tail": 0}
{"N": 2, "decoder": 1, "fibre": 1, "kind": "state", "m": 5, "next": [3, 4], "period": 5, "recurrent_predicate": true, "state": [2, 3], "tail": 0}
{"N": 2, "decoder": 1, "fibre": 1, "kind": "state", "m": 5, "next": [3, 0], "period": 5, "recurrent_predicate": true, "state": [2, 4], "tail": 0}
{"N": 2, "decoder": 1, "fibre": 1, "kind": "state", "m": 5, "next": [4, 1], "period": 5, "recurrent_predicate": true, "state": [3, 0], "tail": 0}
{"N": 2, "decoder": 1, "fibre": 1, "kind": "state", "m": 5, "next": [4, 2], "period": 5, "recurrent_predicate": true, "state": [3, 1], "tail": 0}
{"N": 2, "decoder": 1, "fibre": 1, "kind": "state", "m": 5, "next": [4, 3], "period": 5, "recurrent_predicate": true, "state": [3, 2], "tail": 0}
{"N": 2, "decoder": 1, "fibre": 1, "kind": "state", "m": 5, "next": [0, 0], "period": 5, "recurrent_predicate": true, "state": [3, 3], "tail": 0}
{"N": 2, "decoder": 1, "fibre": 1, "kind": "state", "m": 5, "next": [4, 0], "period": 5, "recurrent_predicate": true, "state": [3, 4], "tail": 0}
{"N": 2, "decoder": 1, "fibre": 1, "kind": "state", "m": 5, "next": [0, 1], "period": 5, "recurrent_predicate": true, "state": [4, 0], "tail": 0}
{"N": 2, "decoder": 1, "fibre": 1, "kind": "state", "m": 5, "next": [0, 2], "period": 5, "recurrent_predicate": true, "state": [4, 1], "tail": 0}
{"N": 2, "decoder": 1, "fibre": 1, "kind": "state", "m": 5, "next": [0, 3], "period": 5, "recurrent_predicate": true, "state": [4, 2], "tail": 0}
{"N": 2, "decoder": 1, "fibre": 1, "kind": "state", "m": 5, "next": [0, 4], "period": 5, "recurrent_predicate": true, "state": [4, 3], "tail": 0}
{"N": 2, "decoder": 1, "fibre": 1, "kind": "state", "m": 5, "next": [1, 1], "period": 5, "recurrent_predicate": true, "state": [4, 4], "tail": 0}
{"N": 3, "decoder": 4, "fibre": 4, "kind": "state", "m": 5, "next": [3, 3, 3], "period": 5, "recurrent_predicate": true, "state": [0, 0, 0], "tail": 0}
{"N": 3, "decoder": 1, "fibre": 1, "kind": "state", "m": 5, "next": [2, 2, 2], "period": 5, "recurrent_predicate": false, "state": [0, 0, 1], "tail": 1}
{"N": 3, "decoder": 1, "fibre": 1, "kind": "state", "m": 5, "next": [2, 2, 3], "period": 5, "recurrent_predicate": false, "state": [0, 0, 2], "tail": 2}
{"N": 3, "decoder": 1, "fibre": 1, "kind": "state", "m": 5, "next": [2, 2, 4], "period": 5, "recurrent_predicate": false, "state": [0, 0, 3], "tail": 3}
{"N": 3, "decoder": 0, "fibre": 0, "kind": "state", "m": 5, "next": [2, 2, 0], "period": 5, "recurrent_predicate": false, "state": [0, 0, 4], "tail": 4}
{"N": 3, "decoder": 1, "fibre": 1, "kind": "state", "m": 5, "next": [2, 2, 2], "period": 5, "recurrent_predicate": false, "state": [0, 1, 0], "tail": 1}
{"N": 3, "decoder": 0, "fibre": 0, "kind": "state", "m": 5, "next": [1, 3, 3], "period": 5, "recurrent_predicate": false, "state": [0, 1, 1], "tail": 4}
{"N": 3, "decoder": 1, "fibre": 1, "kind": "state", "m": 5, "next": [1, 2, 3], "period": 5, "recurrent_predicate": true, "state": [0, 1, 2], "tail": 0}
{"N": 3, "decoder": 1, "fibre": 1, "kind": "state", "m": 5, "next": [1, 2, 4], "period": 5, "recurrent_predicate": true, "state": [0, 1, 3], "tail": 0}
{"N": 3, "decoder": 1, "fibre": 1, "kind": "state", "m": 5, "next": [1, 2, 0], "period": 5, "recurrent_predicate": true, "state": [0, 1, 4], "tail": 0}
{"N": 3, "decoder": 1, "fibre": 1, "kind": "state", "m": 5, "next": [2, 3, 2], "period": 5, "recurrent_predicate": false, "state": [0, 2, 0], "tail": 2}
{"N": 3, "decoder": 1, "fibre": 1, "kind": "state", "m": 5, "next": [1, 3, 2], "period": 5, "recurrent_predicate": true, "state": [0, 2, 1], "tail": 0}
{"N": 3, "decoder": 1, "fibre": 1, "kind": "state", "m": 5, "next": [1, 4, 4], "period": 5, "recurrent_predicate": false, "state": [0, 2, 2], "tail": 3}
{"N": 3, "decoder": 1, "fibre": 1, "kind": "state", "m": 5, "next": [1, 3, 4], "period": 5, "recurrent_predicate": true, "state": [0, 2, 3], "tail": 0}
{"N": 3, "decoder": 1, "fibre": 1, "kind": "state", "m": 5, "next": [1, 3, 0], "period": 5, "recurrent_predicate": true, "state": [0, 2, 4], "tail": 0}
{"N": 3, "decoder": 1, "fibre": 1, "kind": "state", "m": 5, "next": [2, 4, 2], "period": 5, "recurrent_predicate": false, "state": [0, 3, 0], "tail": 3}
{"N": 3, "decoder": 1, "fibre": 1, "kind": "state", "m": 5, "next": [1, 4, 2], "period": 5, "recurrent_predicate": true, "state": [0, 3, 1], "tail": 0}
{"N": 3, "decoder": 1, "fibre": 1, "kind": "state", "m": 5, "next": [1, 4, 3], "period": 5, "recurrent_predicate": true, "state": [0, 3, 2], "tail": 0}
{"N": 3, "decoder": 1, "fibre": 1, "kind": "state", "m": 5, "next": [1, 0, 0], "period": 5, "recurrent_predicate": false, "state": [0, 3, 3], "tail": 2}
{"N": 3, "decoder": 1, "fibre": 1, "kind": "state", "m": 5, "next": [1, 4, 0], "period": 5, "recurrent_predicate": true, "state": [0, 3, 4], "tail": 0}
{"N": 3, "decoder": 0, "fibre": 0, "kind": "state", "m": 5, "next": [2, 0, 2], "period": 5, "recurrent_predicate": false, "state": [0, 4, 0], "tail": 4}
{"N": 3, "decoder": 1, "fibre": 1, "kind": "state", "m": 5, "next": [1, 0, 2], "period": 5, "recurrent_predicate": true, "state": [0, 4, 1], "tail": 0}
{"N": 3, "decoder": 1, "fibre": 1, "kind": "state", "m": 5, "next": [1, 0, 3], "period": 5, "recurrent_predicate": true, "state": [0, 4, 2], "tail": 0}
{"N": 3, "decoder": 1, "fibre": 1, "kind": "state", "m": 5, "next": [1, 0, 4], "period": 5, "recurrent_predicate": true, "state": [0, 4, 3], "tail": 0}
{"N": 3, "decoder": 1, "fibre": 1, "kind": "state", "m": 5, "next": [1, 1, 1], "period": 5, "recurrent_predicate": false, "state": [0, 4, 4], "tail": 1}
{"N": 3, "decoder": 1, "fibre": 1, "kind": "state", "m": 5, "next": [2, 2, 2], "period": 5, "recurrent_predicate": false, "state": [1, 0, 0], "tail": 1}
{"N": 3, "decoder": 0, "fibre": 0, "kind": "state", "m": 5, "next": [3, 1, 3], "period": 5, "recurrent_predicate": false, "state": [1, 0, 1], "tail": 4}
{"N": 3, "decoder": 1, "fibre": 1, "kind": "state", "m": 5, "next": [2, 1, 3], "period": 5, "recurrent_predicate": true, "state": [1, 0, 2], "tail": 0}
{"N": 3, "decoder": 1, "fibre": 1, "kind": "state", "m": 5, "next": [2, 1, 4], "period": 5, "recurrent_predicate": true, "state": [1, 0, 3], "tail": 0}
{"N": 3, "decoder": 1, "fibre": 1, "kind": "state", "m": 5, "next": [2, 1, 0], "period": 5, "recurrent_predicate": true, "state": [1, 0, 4], "tail": 0}
{"N": 3, "decoder": 0, "fibre": 0, "kind": "state", "m": 5, "next": [3, 3, 1], "period": 5, "recurrent_predicate": false, "state": [1, 1, 0], "tail": 4}
{"N": 3, "decoder": 4, "fibre": 4, "kind": "state", "m": 5, "next": [4, 4, 4], "period": 5, "recurrent_predicate": true, "state": [1, 1, 1], "tail": 0}
{"N": 3, "decoder": 1, "fibre": 1, "kind": "state", "m": 5, "next": [3, 3, 3], "period": 5, "recurrent_predicate": false, "state": [1, 1, 2], "tail": 1}
{"N": 3, "decoder": 1, "fibre": 1, "kind": "state", "m": 5, "next": [3, 3, 4], "period": 5, "recurrent_predicate": false, "state": [1, 1, 3], "tail": 2}
{"N": 3, "decoder": 1, "fibre": 1, "kind": "state", "m": 5, "next": [3, 3, 0], "period": 5, "recurrent_predicate": false, "state": [1, 1, 4], "tail": 3}
{"N": 3, "decoder": 1, "fibre": 1, "kind": "state", "m": 5, "next": [2, 3, 1], "period": 5, "recurrent_predicate": true, "state": [1, 2, 0], "tail": 0}
{"N": 3, "decoder": 1, "fibre": 1, "kind": "state", "m": 5, "next": [3, 3, 3], "period": 5, "recurrent_predicate": false, "state": [1, 2, 1], "tail": 1}
{"N": 3, "decoder": 0, "fibre": 0, "kind": "state", "m": 5, "next": [2, 4, 4], "period": 5, "recurrent_predicate": false, "state": [1, 2, 2], "tail": 4}
{"N": 3, "decoder": 1, "fibre": 1, "kind": "state", "m": 5, "next": [2, 3, 4], "period": 5, "recurrent_predicate": true, "state": [1, 2, 3], "tail": 0}
{"N": 3, "decoder": 1, "fibre": 1, "kind": "state", "m": 5, "next": [2, 3, 0], "period": 5, "recurrent_predicate": true, "state": [1, 2, 4], "tail": 0}
{"N": 3, "decoder": 1, "fibre": 1, "kind": "state", "m": 5, "next": [2, 4, 1], "period": 5, "recurrent_predicate": true, "state": [1, 3, 0], "tail": 0}
{"N": 3, "decoder": 1, "fibre": 1, "kind": "state", "m": 5, "next": [3, 4, 3], "period": 5, "recurrent_predicate": false, "state": [1, 3, 1], "tail": 2}
{"N": 3, "decoder": 1, "fibre": 1, "kind": "state", "m": 5, "next": [2, 4, 3], "period": 5, "recurrent_predicate": true, "state": [1, 3, 2], "tail": 0}
{"N": 3, "decoder": 1, "fibre": 1, "kind": "state", "m": 5, "next": [2, 0, 0], "period": 5, "recurrent_predicate": false, "state": [1, 3, 3], "tail": 3}
{"N": 3, "decoder": 1, "fibre": 1, "kind": "state", "m": 5, "next": [2, 4, 0], "period": 5, "recurrent_predicate": true, "state": [1, 3, 4], "tail": 0}
{"N": 3, "decoder": 1, "fibre": 1, "kind": "state", "m": 5, "next": [2, 0, 1], "period": 5, "recurrent_predicate": true, "state": [1, 4, 0], "tail": 0}
{"N": 3, "decoder": 1, "fibre": 1, "kind": "state", "m": 5, "next": [3, 0, 3], "period": 5, "recurrent_predicate": false, "state": [1, 4, 1], "tail": 3}
{"N": 3, "decoder": 1, "fibre": 1, "kind": "state", "m": 5, "next": [2, 0, 3], "period": 5, "recurrent_predicate": true, "state": [1, 4, 2], "tail": 0}
{"N": 3, "decoder": 1, "fibre": 1, "kind": "state", "m": 5, "next": [2, 0, 4], "period": 5, "recurrent_predicate": true, "state": [1, 4, 3], "tail": 0}
{"N": 3, "decoder": 1, "fibre": 1, "kind": "state", "m": 5, "next": [2, 1, 1], "period": 5, "recurrent_predicate": false, "state": [1, 4, 4], "tail": 2}
{"N": 3, "decoder": 1, "fibre": 1, "kind": "state", "m": 5, "next": [3, 2, 2], "period": 5, "recurrent_predicate": false, "state": [2, 0, 0], "tail": 2}
{"N": 3, "decoder": 1, "fibre": 1, "kind": "state", "m": 5, "next": [3, 1, 2], "period": 5, "recurrent_predicate": true, "state": [2, 0, 1], "tail": 0}
{"N": 3, "decoder": 1, "fibre": 1, "kind": "state", "m": 5, "next": [4, 1, 4], "period": 5, "recurrent_predicate": false, "state": [2, 0, 2], "tail": 3}
{"N": 3, "decoder": 1, "fibre": 1, "kind": "state", "m": 5, "next": [3, 1, 4], "period": 5, "recurrent_predicate": true, "state": [2, 0, 3], "tail": 0}
{"N": 3, "decoder": 1, "fibre": 1, "kind": "state", "m": 5, "next": [3, 1, 0], "period": 5, "recurrent_predicate": true, "state": [2, 0, 4], "tail": 0}
{"N": 3, "decoder": 1, "fibre": 1, "kind": "state", "m": 5, "next": [3, 2, 1], "period": 5, "recurrent_predicate": true, "state": [2, 1, 0], "tail": 0}
{"N": 3, "decoder": 1, "fibre": 1, "kind": "state", "m": 5, "next": [3, 3, 3], "period": 5, "recurrent_predicate": false, "state": [2, 1, 1], "tail": 1}
{"N": 3, "decoder": 0, "fibre": 0, "kind": "state", "m": 5, "next": [4, 2, 4], "period": 5, "recurrent_predicate": false, "state": [2, 1, 2], "tail": 4}
{"N": 3, "decoder": 1, "fibre": 1, "kind": "state", "m": 5, "next": [3, 2, 4], "period": 5, "recurrent_predicate": true, "state": [2, 1, 3], "tail": 0}
{"N": 3, "decoder": 1, "fibre": 1, "kind": "state", "m": 5, "next": [3, 2, 0], "period": 5, "recurrent_predicate": true, "state": [2, 1, 4], "tail": 0}
{"N": 3, "decoder": 1, "fibre": 1, "kind": "state", "m": 5, "next": [4, 4, 1], "period": 5, "recurrent_predicate": false, "state": [2, 2, 0], "tail": 3}
{"N": 3, "decoder": 0, "fibre": 0, "kind": "state", "m": 5, "next": [4, 4, 2], "period": 5, "recurrent_predicate": false, "state": [2, 2, 1], "tail": 4}
{"N": 3, "decoder": 4, "fibre": 4, "kind": "state", "m": 5, "next": [0, 0, 0], "period": 5, "recurrent_predicate": true, "state": [2, 2, 2], "tail": 0}
{"N": 3, "decoder": 1, "fibre": 1, "kind": "state", "m": 5, "next": [4, 4, 4], "period": 5, "recurrent_predicate": false, "state": [2, 2, 3], "tail": 1}
{"N": 3, "decoder": 1, "fibre": 1, "kind": "state", "m": 5, "next": [4, 4, 0], "period": 5, "recurrent_predicate": false, "state": [2, 2, 4], "tail": 2}
{"N": 3, "decoder": 1, "fibre": 1, "kind": "state", "m": 5, "next": [3, 4, 1], "period": 5, "recurrent_predicate": true, "state": [2, 3, 0], "tail": 0}
{"N": 3, "decoder": 1, "fibre": 1, "kind": "state", "m": 5, "next": [3, 4, 2], "period": 5, "recurrent_predicate": true, "state": [2, 3, 1], "tail": 0}
{"N": 3, "decoder": 1, "fibre": 1, "kind": "state", "m": 5, "next": [4, 4, 4], "period": 5, "recurrent_predicate": false, "state": [2, 3, 2], "tail": 1}
{"N": 3, "decoder": 0, "fibre": 0, "kind": "state", "m": 5, "next": [3, 0, 0], "period": 5, "recurrent_predicate": false, "state": [2, 3, 3], "tail": 4}
{"N": 3, "decoder": 1, "fibre": 1, "kind": "state", "m": 5, "next": [3, 4, 0], "period": 5, "recurrent_predicate": true, "state": [2, 3, 4], "tail": 0}
{"N": 3, "decoder": 1, "fibre": 1, "kind": "state", "m": 5, "next": [3, 0, 1], "period": 5, "recurrent_predicate": true, "state": [2, 4, 0], "tail": 0}
{"N": 3, "decoder": 1, "fibre": 1, "kind": "state", "m": 5, "next": [3, 0, 2], "period": 5, "recurrent_predicate": true, "state": [2, 4, 1], "tail": 0}
{"N": 3, "decoder": 1, "fibre": 1, "kind": "state", "m": 5, "next": [4, 0, 4], "period": 5, "recurrent_predicate": false, "state": [2, 4, 2], "tail": 2}
{"N": 3, "decoder": 1, "fibre": 1, "kind": "state", "m": 5, "next": [3, 0, 4], "period": 5, "recurrent_predicate": true, "state": [2, 4, 3], "tail": 0}
{"N": 3, "decoder": 1, "fibre": 1, "kind": "state", "m": 5, "next": [3, 1, 1], "period": 5, "recurrent_predicate": false, "state": [2, 4, 4], "tail": 3}
{"N": 3, "decoder": 1, "fibre": 1, "kind": "state", "m": 5, "next": [4, 2, 2], "period": 5, "recurrent_predicate": false, "state": [3, 0, 0], "tail": 3}
{"N": 3, "decoder": 1, "fibre": 1, "kind": "state", "m": 5, "next": [4, 1, 2], "period": 5, "recurrent_predicate": true, "state": [3, 0, 1], "tail": 0}
{"N": 3, "decoder": 1, "fibre": 1, "kind": "state", "m": 5, "next": [4, 1, 3], "period": 5, "recurrent_predicate": true, "state": [3, 0, 2], "tail": 0}
{"N": 3, "decoder": 1, "fibre": 1, "kind": "state", "m": 5, "next": [0, 1, 0], "period": 5, "recurrent_predicate": false, "state": [3, 0, 3], "tail": 2}
{"N": 3, "decoder": 1, "fibre": 1, "kind": "state", "m": 5, "next": [4, 1, 0], "period": 5, "recurrent_predicate": true, "state": [3, 0, 4], "tail": 0}
{"N": 3, "decoder": 1, "fibre": 1, "kind": "state", "m": 5, "next": [4, 2, 1], "period": 5, "recurrent_predicate": true, "state": [3, 1, 0], "tail": 0}
{"N": 3, "decoder": 1, "fibre": 1, "kind": "state", "m": 5, "next": [4, 3, 3], "period": 5, "recurrent_predicate": false, "state": [3, 1, 1], "tail": 2}
{"N": 3, "decoder": 1, "fibre": 1, "kind": "state", "m": 5, "next": [4, 2, 3], "period": 5, "recurrent_predicate": true, "state": [3, 1, 2], "tail": 0}
{"N": 3, "decoder": 1, "fibre": 1, "kind": "state", "m": 5, "next": [0, 2, 0], "period": 5, "recurrent_predicate": false, "state": [3, 1, 3], "tail": 3}
{"N": 3, "decoder": 1, "fibre": 1, "kind": "state", "m": 5, "next": [4, 2, 0], "period": 5, "recurrent_predicate": true, "state": [3, 1, 4], "tail": 0}
{"N": 3, "decoder": 1, "fibre": 1, "kind": "state", "m": 5, "next": [4, 3, 1], "period": 5, "recurrent_predicate": true, "state": [3, 2, 0], "tail": 0}
{"N": 3, "decoder": 1, "fibre": 1, "kind": "state", "m": 5, "next": [4, 3, 2], "period": 5, "recurrent_predicate": true, "state": [3, 2, 1], "tail": 0}
{"N": 3, "decoder": 1, "fibre": 1, "kind": "state", "m": 5, "next": [4, 4, 4], "period": 5, "recurrent_predicate": false, "state": [3, 2, 2], "tail": 1}
{"N": 3, "decoder": 0, "fibre": 0, "kind": "state", "m": 5, "next": [0, 3, 0], "period": 5, "recurrent_predicate": false, "state": [3, 2, 3], "tail": 4}
{"N": 3, "decoder": 1, "fibre": 1, "kind": "state", "m": 5, "next": [4, 3, 0], "period": 5, "recurrent_predicate": true, "state": [3, 2, 4], "tail": 0}
{"N": 3, "decoder": 1, "fibre": 1, "kind": "state", "m": 5, "next": [0, 0, 1], "period": 5, "recurrent_predicate": false, "state": [3, 3, 0], "tail": 2}
{"N": 3, "decoder": 1, "fibre": 1, "kind": "state", "m": 5, "next": [0, 0, 2], "period": 5, "recurrent_predicate": false, "state": [3, 3, 1], "tail": 3}
{"N": 3, "decoder": 0, "fibre": 0, "kind": "state", "m": 5, "next": [0, 0, 3], "period": 5, "recurrent_predicate": false, "state": [3, 3, 2], "tail": 4}
{"N": 3, "decoder": 4, "fibre": 4, "kind": "state", "m": 5, "next": [1, 1, 1], "period": 5, "recurrent_predicate": true, "state": [3, 3, 3], "tail": 0}
{"N": 3, "decoder": 1, "fibre": 1, "kind": "state", "m": 5, "next": [0, 0, 0], "period": 5, "recurrent_predicate": false, "state": [3, 3, 4], "tail": 1}
{"N": 3, "decoder": 1, "fibre": 1, "kind": "state", "m": 5, "next": [4, 0, 1], "period": 5, "recurrent_predicate": true, "state": [3, 4, 0], "tail": 0}
{"N": 3, "decoder": 1, "fibre": 1, "kind": "state", "m": 5, "next": [4, 0, 2], "period": 5, "recurrent_predicate": true, "state": [3, 4, 1], "tail": 0}
{"N": 3, "decoder": 1, "fibre": 1, "kind": "state", "m": 5, "next": [4, 0, 3], "period": 5, "recurrent_predicate": true, "state": [3, 4, 2], "tail": 0}
{"N": 3, "decoder": 1, "fibre": 1, "kind": "state", "m": 5, "next": [0, 0, 0], "period": 5, "recurrent_predicate": false, "state": [3, 4, 3], "tail": 1}
{"N": 3, "decoder": 0, "fibre": 0, "kind": "state", "m": 5, "next": [4, 1, 1], "period": 5, "recurrent_predicate": false, "state": [3, 4, 4], "tail": 4}
{"N": 3, "decoder": 0, "fibre": 0, "kind": "state", "m": 5, "next": [0, 2, 2], "period": 5, "recurrent_predicate": false, "state": [4, 0, 0], "tail": 4}
{"N": 3, "decoder": 1, "fibre": 1, "kind": "state", "m": 5, "next": [0, 1, 2], "period": 5, "recurrent_predicate": true, "state": [4, 0, 1], "tail": 0}
{"N": 3, "decoder": 1, "fibre": 1, "kind": "state", "m": 5, "next": [0, 1, 3], "period": 5, "recurrent_predicate": true, "state": [4, 0, 2], "tail": 0}
{"N": 3, "decoder": 1, "fibre": 1, "kind": "state", "m": 5, "next": [0, 1, 4], "period": 5, "recurrent_predicate": true, "state": [4, 0, 3], "tail": 0}
{"N": 3, "decoder": 1, "fibre": 1, "kind": "state", "m": 5, "next": [1, 1, 1], "period": 5, "recurrent_predicate": false, "state": [4, 0, 4], "tail": 1}
{"N": 3, "decoder": 1, "fibre": 1, "kind": "state", "m": 5, "next": [0, 2, 1], "period": 5, "recurrent_predicate": true, "state": [4, 1, 0], "tail": 0}
{"N": 3, "decoder": 1, "fibre": 1, "kind": "state", "m": 5, "next": [0, 3, 3], "period": 5, "recurrent_predicate": false, "state": [4, 1, 1], "tail": 3}
{"N": 3, "decoder": 1, "fibre": 1, "kind": "state", "m": 5, "next": [0, 2, 3], "period": 5, "recurrent_predicate": true, "state": [4, 1, 2], "tail": 0}
{"N": 3, "decoder": 1, "fibre": 1, "kind": "state", "m": 5, "next": [0, 2, 4], "period": 5, "recurrent_predicate": true, "state": [4, 1, 3], "tail": 0}
{"N": 3, "decoder": 1, "fibre": 1, "kind": "state", "m": 5, "next": [1, 2, 1], "period": 5, "recurrent_predicate": false, "state": [4, 1, 4], "tail": 2}
{"N": 3, "decoder": 1, "fibre": 1, "kind": "state", "m": 5, "next": [0, 3, 1], "period": 5, "recurrent_predicate": true, "state": [4, 2, 0], "tail": 0}
{"N": 3, "decoder": 1, "fibre": 1, "kind": "state", "m": 5, "next": [0, 3, 2], "period": 5, "recurrent_predicate": true, "state": [4, 2, 1], "tail": 0}
{"N": 3, "decoder": 1, "fibre": 1, "kind": "state", "m": 5, "next": [0, 4, 4], "period": 5, "recurrent_predicate": false, "state": [4, 2, 2], "tail": 2}
{"N": 3, "decoder": 1, "fibre": 1, "kind": "state", "m": 5, "next": [0, 3, 4], "period": 5, "recurrent_predicate": true, "state": [4, 2, 3], "tail": 0}
{"N": 3, "decoder": 1, "fibre": 1, "kind": "state", "m": 5, "next": [1, 3, 1], "period": 5, "recurrent_predicate": false, "state": [4, 2, 4], "tail": 3}
{"N": 3, "decoder": 1, "fibre": 1, "kind": "state", "m": 5, "next": [0, 4, 1], "period": 5, "recurrent_predicate": true, "state": [4, 3, 0], "tail": 0}
{"N": 3, "decoder": 1, "fibre": 1, "kind": "state", "m": 5, "next": [0, 4, 2], "period": 5, "recurrent_predicate": true, "state": [4, 3, 1], "tail": 0}
{"N": 3, "decoder": 1, "fibre": 1, "kind": "state", "m": 5, "next": [0, 4, 3], "period": 5, "recurrent_predicate": true, "state": [4, 3, 2], "tail": 0}
{"N": 3, "decoder": 1, "fibre": 1, "kind": "state", "m": 5, "next": [0, 0, 0], "period": 5, "recurrent_predicate": false, "state": [4, 3, 3], "tail": 1}
{"N": 3, "decoder": 0, "fibre": 0, "kind": "state", "m": 5, "next": [1, 4, 1], "period": 5, "recurrent_predicate": false, "state": [4, 3, 4], "tail": 4}
{"N": 3, "decoder": 1, "fibre": 1, "kind": "state", "m": 5, "next": [1, 1, 1], "period": 5, "recurrent_predicate": false, "state": [4, 4, 0], "tail": 1}
{"N": 3, "decoder": 1, "fibre": 1, "kind": "state", "m": 5, "next": [1, 1, 2], "period": 5, "recurrent_predicate": false, "state": [4, 4, 1], "tail": 2}
{"N": 3, "decoder": 1, "fibre": 1, "kind": "state", "m": 5, "next": [1, 1, 3], "period": 5, "recurrent_predicate": false, "state": [4, 4, 2], "tail": 3}
{"N": 3, "decoder": 0, "fibre": 0, "kind": "state", "m": 5, "next": [1, 1, 4], "period": 5, "recurrent_predicate": false, "state": [4, 4, 3], "tail": 4}
{"N": 3, "decoder": 4, "fibre": 4, "kind": "state", "m": 5, "next": [2, 2, 2], "period": 5, "recurrent_predicate": true, "state": [4, 4, 4], "tail": 0}
{"N": 4, "decoder": 5, "fibre": 5, "kind": "state", "m": 5, "next": [4, 4, 4, 4], "period": 5, "recurrent_predicate": true, "state": [0, 0, 0, 0], "tail": 0}
{"N": 4, "decoder": 4, "fibre": 4, "kind": "state", "m": 5, "next": [3, 3, 3, 2], "period": 5, "recurrent_predicate": false, "state": [0, 0, 0, 1], "tail": 3}
{"N": 4, "decoder": 4, "fibre": 4, "kind": "state", "m": 5, "next": [3, 3, 3, 3], "period": 5, "recurrent_predicate": false, "state": [0, 0, 0, 2], "tail": 1}
{"N": 4, "decoder": 3, "fibre": 3, "kind": "state", "m": 5, "next": [3, 3, 3, 4], "period": 5, "recurrent_predicate": false, "state": [0, 0, 0, 3], "tail": 4}
{"N": 4, "decoder": 1, "fibre": 1, "kind": "state", "m": 5, "next": [3, 3, 3, 0], "period": 5, "recurrent_predicate": false, "state": [0, 0, 0, 4], "tail": 2}
{"N": 4, "decoder": 4, "fibre": 4, "kind": "state", "m": 5, "next": [3, 3, 2, 3], "period": 5, "recurrent_predicate": false, "state": [0, 0, 1, 0], "tail": 3}
{"N": 4, "decoder": 1, "fibre": 1, "kind": "state", "m": 5, "next": [2, 2, 3, 3], "period": 5, "recurrent_predicate": true, "state": [0, 0, 1, 1], "tail": 0}
{"N": 4, "decoder": 1, "fibre": 1, "kind": "state", "m": 5, "next": [2, 2, 2, 3], "period": 5, "recurrent_predicate": false, "state": [0, 0, 1, 2], "tail": 4}
{"N": 4, "decoder": 1, "fibre": 1, "kind": "state", "m": 5, "next": [2, 2, 2, 4], "period": 5, "recurrent_predicate": false, "state": [0, 0, 1, 3], "tail": 2}
{"N": 4, "decoder": 0, "fibre": 0, "kind": "state", "m": 5, "next": [2, 2, 2, 0], "period": 5, "recurrent_predicate": false, "state": [0, 0, 1, 4], "tail": 5}
{"N": 4, "decoder": 4, "fibre": 4, "kind": "state", "m": 5, "next": [3, 3, 3, 3], "period": 5, "recurrent_predicate": false, "state": [0, 0, 2, 0], "tail": 1}
{"N": 4, "decoder": 1, "fibre": 1, "kind": "state", "m": 5, "next": [2, 2, 3, 2], "period": 5, "recurrent_predicate": false, "state": [0, 0, 2, 1], "tail": 4}
{"N": 4, "decoder": 1, "fibre": 1, "kind": "state", "m": 5, "next": [2, 2, 4, 4], "period": 5, "recurrent_predicate": true, "state": [0, 0, 2, 2], "tail": 0}
{"N": 4, "decoder": 1, "fibre": 1, "kind": "state", "m": 5, "next": [2, 2, 3, 4], "period": 5, "recurrent_predicate": false, "state": [0, 0, 2, 3], "tail": 5}
{"N": 4, "decoder": 0, "fibre": 0, "kind": "state", "m": 5, "next": [2, 2, 3, 0], "period": 5, "recurrent_predicate": false, "state": [0, 0, 2, 4], "tail": 3}
{"N": 4, "decoder": 3, "fibre": 3, "kind": "state", "m": 5, "next": [3, 3, 4, 3], "period": 5, "recurrent_predicate": false, "state": [0, 0, 3, 0], "tail": 4}
{"N": 4, "decoder": 1, "fibre": 1, "kind": "state", "m": 5, "next": [2, 2, 4, 2], "period": 5, "recurrent_predicate": false, "state": [0, 0, 3, 1], "tail": 2}
{"N": 4, "decoder": 1, "fibre": 1, "kind": "state", "m": 5, "next": [2, 2, 4, 3], "period": 5, "recurrent_predicate": false, "state": [0, 0, 3, 2], "tail": 5}
{"N": 4, "decoder": 1, "fibre": 1, "kind": "state", "m": 5, "next": [2, 2, 0, 0], "period": 5, "recurrent_predicate": true, "state": [0, 0, 3, 3], "tail": 0}
{"N": 4, "decoder": 0, "fibre": 0, "kind": "state", "m": 5, "next": [2, 2, 4, 0], "period": 5, "recurrent_predicate": false, "state": [0, 0, 3, 4], "tail": 6}
{"N": 4, "decoder": 1, "fibre": 1, "kind": "state", "m": 5, "next": [3, 3, 0, 3], "period": 5, "recurrent_predicate": false, "state": [0, 0, 4, 0], "tail": 2}
{"N": 4, "decoder": 0, "fibre": 0, "kind": "state", "m": 5, "next": [2, 2, 0, 2], "period": 5, "recurrent_predicate": false, "state": [0, 0, 4, 1], "tail": 5}
{"N": 4, "decoder": 0, "fibre": 0, "kind": "state", "m": 5, "next": [2, 2, 0, 3], "period": 5, "recurrent_predicate": false, "state": [0, 0, 4, 2], "tail": 3}
{"N": 4, "decoder": 0, "fibre": 0, "kind": "state", "m": 5, "next": [2, 2, 0, 4], "period": 5, "recurrent_predicate": false, "state": [0, 0, 4, 3], "tail": 6}
{"N": 4, "decoder": 1, "fibre": 1, "kind": "state", "m": 5, "next": [2, 2, 1, 1], "period": 5, "recurrent_predicate": true, "state": [0, 0, 4, 4], "tail": 0}
{"N": 4, "decoder": 4, "fibre": 4, "kind": "state", "m": 5, "next": [3, 2, 3, 3], "period": 5, "recurrent_predicate": false, "state": [0, 1, 0, 0], "tail": 3}
{"N": 4, "decoder": 1, "fibre": 1, "kind": "state", "m": 5, "next": [2, 3, 2, 3], "period": 5, "recurrent_predicate": true, "state": [0, 1, 0, 1], "tail": 0}
{"N": 4, "decoder": 1, "fibre": 1, "kind": "state", "m": 5, "next": [2, 2, 2, 3], "period": 5, "recurrent_predicate": false, "state": [0, 1, 0, 2], "tail": 4}
{"N": 4, "decoder": 1, "fibre": 1, "kind": "state", "m": 5, "next": [2, 2, 2, 4], "period": 5, "recurrent_predicate": false, "state": [0, 1, 0, 3], "tail": 2}
{"N": 4, "decoder": 0, "fibre": 0, "kind": "state", "m": 5, "next": [2, 2, 2, 0], "period": 5, "recurrent_predicate": false, "state": [0, 1, 0, 4], "tail": 5}
{"N": 4, "decoder": 1, "fibre": 1, "kind": "state", "m": 5, "next": [2, 3, 3, 2], "period": 5, "recurrent_predicate": true, "state": [0, 1, 1, 0], "tail": 0}
{"N": 4, "decoder": 1, "fibre": 1, "kind": "state", "m": 5, "next": [1, 4, 4, 4], "period": 5, "recurrent_predicate": false, "state": [0, 1, 1, 1], "tail": 2}
{"N": 4, "decoder": 0, "fibre": 0, "kind": "state", "m": 5, "next": [1, 3, 3, 3], "period": 5, "recurrent_predicate": false, "state": [0, 1, 1, 2], "tail": 5}
{"N": 4, "decoder": 0, "fibre": 0, "kind": "state", "m": 5, "next": [1, 3, 3, 4], "period": 5, "recurrent_predicate": false, "state": [0, 1, 1, 3], "tail": 3}
{"N": 4, "decoder": 0, "fibre": 0, "kind": "state", "m": 5, "next": [1, 3, 3, 0], "period": 5, "recurrent_predicate": false, "state": [0, 1, 1, 4], "tail": 6}
{"N": 4, "decoder": 1, "fibre": 1, "kind": "state", "m": 5, "next": [2, 2, 3, 2], "period": 5, "recurrent_predicate": false, "state": [0, 1, 2, 0], "tail": 4}
{"N": 4, "decoder": 0, "fibre": 0, "kind": "state", "m": 5, "next": [1, 3, 3, 3], "period": 5, "recurrent_predicate": false, "state": [0, 1, 2, 1], "tail": 5}
{"N": 4, "decoder": 0, "fibre": 0, "kind": "state", "m": 5, "next": [1, 2, 4, 4], "period": 5, "recurrent_predicate": false, "state": [0, 1, 2, 2], "tail": 6}
{"N": 4, "decoder": 1, "fibre": 1, "kind": "state", "m": 5, "next": [1, 2, 3, 4], "period": 5, "recurrent_predicate": true, "state": [0, 1, 2, 3], "tail": 0}
{"N": 4, "decoder": 1, "fibre": 1, "kind": "state", "m": 5, "next": [1, 2, 3, 0], "period": 5, "recurrent_predicate": true, "state": [0, 1, 2, 4], "tail": 0}
{"N": 4, "decoder": 1, "fibre": 1, "kind": "state", "m": 5, "next": [2, 2, 4, 2], "period": 5, "recurrent_predicate": false, "state": [0, 1, 3, 0], "tail": 2}
{"N": 4, "decoder": 0, "fibre": 0, "kind": "state", "m": 5, "next": [1, 3, 4, 3], "period": 5, "recurrent_predicate": false, "state": [0, 1, 3, 1], "tail": 3}
{"N": 4, "decoder": 1, "fibre": 1, "kind": "state", "m": 5, "next": [1, 2, 4, 3], "period": 5, "recurrent_predicate": true, "state": [0, 1, 3, 2], "tail": 0}
{"N": 4, "decoder": 1, "fibre": 1, "kind": "state", "m": 5, "next": [1, 2, 0, 0], "period": 5, "recurrent_predicate": false, "state": [0, 1, 3, 3], "tail": 5}
{"N": 4, "decoder": 1, "fibre": 1, "kind": "state", "m": 5, "next": [1, 2, 4, 0], "period": 5, "recurrent_predicate": true, "state": [0, 1, 3, 4], "tail": 0}
{"N": 4, "decoder": 0, "fibre": 0, "kind": "state", "m": 5, "next": [2, 2, 0, 2], "period": 5, "recurrent_predicate": false, "state": [0, 1, 4, 0], "tail": 5}
{"N": 4, "decoder": 0, "fibre": 0, "kind": "state", "m": 5, "next": [1, 3, 0, 3], "period": 5, "recurrent_predicate": false, "state": [0, 1, 4, 1], "tail": 6}
{"N": 4, "decoder": 1, "fibre": 1, "kind": "state", "m": 5, "next": [1, 2, 0, 3], "period": 5, "recurrent_predicate": true, "state": [0, 1, 4, 2], "tail": 0}
{"N": 4, "decoder": 1, "fibre": 1, "kind": "state", "m": 5, "next": [1, 2, 0, 4], "period": 5, "recurrent_predicate": true, "state": [0, 1, 4, 3], "tail": 0}
{"N": 4, "decoder": 1, "fibre": 1, "kind": "state", "m": 5, "next": [1, 2, 1, 1], "period": 5, "recurrent_predicate": false, "state": [0, 1, 4, 4], "tail": 4}
{"N": 4, "decoder": 4, "fibre": 4, "kind": "state", "m": 5, "next": [3, 3, 3, 3], "period": 5, "recurrent_predicate": false, "state": [0, 2, 0, 0], "tail": 1}
{"N": 4, "decoder": 1, "fibre": 1, "kind": "state", "m": 5, "next": [2, 3, 2, 2], "period": 5, "recurrent_predicate": false, "state": [0, 2, 0, 1], "tail": 4}
{"N": 4, "decoder": 1, "fibre": 1, "kind": "state", "m": 5, "next": [2, 4, 2, 4], "period": 5, "recurrent_predicate": true, "state": [0, 2, 0, 2], "tail": 0}
{"N": 4, "decoder": 1, "fibre": 1, "kind": "state", "m": 5, "next": [2, 3, 2, 4], "period": 5, "recurrent_predicate": false, "state": [0, 2, 0, 3], "tail": 5}
{"N": 4, "decoder": 0, "fibre": 0, "kind": "state", "m": 5, "next": [2, 3, 2, 0], "period": 5, "recurrent_predicate": false, "state": [0, 2, 0, 4], "tail": 3}
{"N": 4, "decoder": 1, "fibre": 1, "kind": "state", "m": 5, "next": [2, 3, 2, 2], "period": 5, "recurrent_predicate": false, "state": [0, 2, 1, 0], "tail": 4}
{"N": 4, "decoder": 0, "fibre": 0, "kind": "state", "m": 5, "next": [1, 3, 3, 3], "period": 5, "recurrent_predicate": false, "state": [0, 2, 1, 1], "tail": 5}
{"N": 4, "decoder": 0, "fibre": 0, "kind": "state", "m": 5, "next": [1, 4, 2, 4], "period": 5, "recurrent_predicate": false, "state": [0, 2, 1, 2], "tail": 6}
{"N": 4, "decoder": 1, "fibre": 1, "kind": "state", "m": 5, "next": [1, 3, 2, 4], "period": 5, "recurrent_predicate": true, "state": [0, 2, 1, 3], "tail": 0}
{"N": 4, "decoder": 1, "fibre": 1, "kind": "state", "m": 5, "next": [1, 3, 2, 0], "period": 5, "recurrent_predicate": true, "state": [0, 2, 1, 4], "tail": 0}
{"N": 4, "decoder": 1, "fibre": 1, "kind": "state", "m": 5, "next": [2, 4, 4, 2], "period": 5, "recurrent_predicate": true, "state": [0, 2, 2, 0], "tail": 0}
{"N": 4, "decoder": 0, "fibre": 0, "kind": "state", "m": 5, "next": [1, 4, 4, 2], "period": 5, "recurrent_predicate": false, "state": [0, 2, 2, 1], "tail": 6}
{"N": 4, "decoder": 3, "fibre": 3, "kind": "state", "m": 5, "next": [1, 0, 0, 0], "period": 5, "recurrent_predicate": false, "state": [0, 2, 2, 2], "tail": 4}
{"N": 4, "decoder": 1, "fibre": 1, "kind": "state", "m": 5, "next": [1, 4, 4, 4], "period": 5, "recurrent_predicate": false, "state": [0, 2, 2, 3], "tail": 2}
{"N": 4, "decoder": 1, "fibre": 1, "kind": "state", "m": 5, "next": [1, 4, 4, 0], "period": 5, "recurrent_predicate": false, "state": [0, 2, 2, 4], "tail": 5}
{"N": 4, "decoder": 1, "fibre": 1, "kind": "state", "m": 5, "next": [2, 3, 4, 2], "period": 5, "recurrent_predicate": false, "state": [0, 2, 3, 0], "tail": 5}
{"N": 4, "decoder": 1, "fibre": 1, "kind": "state", "m": 5, "next": [1, 3, 4, 2], "period": 5, "recurrent_predicate": true, "state": [0, 2, 3, 1], "tail": 0}
{"N": 4, "decoder": 1, "fibre": 1, "kind": "state", "m": 5, "next": [1, 4, 4, 4], "period": 5, "recurrent_predicate": false, "state": [0, 2, 3, 2], "tail": 2}
{"N": 4, "decoder": 0, "fibre": 0, "kind": "state", "m": 5, "next": [1, 3, 0, 0], "period": 5, "recurrent_predicate": false, "state": [0, 2, 3, 3], "tail": 3}
{"N": 4, "decoder": 1, "fibre": 1, "kind": "state", "m": 5, "next": [1, 3, 4, 0], "period": 5, "recurrent_predicate": true, "state": [0, 2, 3, 4], "tail": 0}
{"N": 4, "decoder": 0, "fibre": 0, "kind": "state", "m": 5, "next": [2, 3, 0, 2], "period": 5, "recurrent_predicate": false, "state": [0, 2, 4, 0], "tail": 3}
{"N": 4, "decoder": 1, "fibre": 1, "kind": "state", "m": 5, "next": [1, 3, 0, 2], "period": 5, "recurrent_predicate": true, "state": [0, 2, 4, 1], "tail": 0}
{"N": 4, "decoder": 1, "fibre": 1, "kind": "state", "m": 5, "next": [1, 4, 0, 4], "period": 5, "recurrent_predicate": false, "state": [0, 2, 4, 2], "tail": 5}
{"N": 4, "decoder": 1, "fibre": 1, "kind": "state", "m": 5, "next": [1, 3, 0, 4], "period": 5, "recurrent_predicate": true, "state": [0, 2, 4, 3], "tail": 0}
{"N": 4, "decoder": 1, "fibre": 1, "kind": "state", "m": 5, "next": [1, 3, 1, 1], "period": 5, "recurrent_predicate": false, "state": [0, 2, 4, 4], "tail": 2}
{"N": 4, "decoder": 3, "fibre": 3, "kind": "state", "m": 5, "next": [3, 4, 3, 3], "period": 5, "recurrent_predicate": false, "state": [0, 3, 0, 0], "tail": 4}
{"N": 4, "decoder": 1, "fibre": 1, "kind": "state", "m": 5, "next": [2, 4, 2, 2], "period": 5, "recurrent_predicate": false, "state": [0, 3, 0, 1], "tail": 2}
{"N": 4, "decoder": 1, "fibre": 1, "kind": "state", "m": 5, "next": [2, 4, 2, 3], "period": 5, "recurrent_predicate": false, "state": [0, 3, 0, 2], "tail": 5}
{"N": 4, "decoder": 1, "fibre": 1, "kind": "state", "m": 5, "next": [2, 0, 2, 0], "period": 5, "recurrent_predicate": true, "state": [0, 3, 0, 3], "tail": 0}
{"N": 4, "decoder": 0, "fibre": 0, "kind": "state", "m": 5, "next": [2, 4, 2, 0], "period": 5, "recurrent_predicate": false, "state": [0, 3, 0, 4], "tail": 6}
{"N": 4, "decoder": 1, "fibre": 1, "kind": "state", "m": 5, "next": [2, 4, 2, 2], "period": 5, "recurrent_predicate": false, "state": [0, 3, 1, 0], "tail": 2}
{"N": 4, "decoder": 0, "fibre": 0, "kind": "state", "m": 5, "next": [1, 4, 3, 3], "period": 5, "recurrent_predicate": false, "state": [0, 3, 1, 1], "tail": 3}
{"N": 4, "decoder": 1, "fibre": 1, "kind": "state", "m": 5, "next": [1, 4, 2, 3], "period": 5, "recurrent_predicate": true, "state": [0, 3, 1, 2], "tail": 0}
{"N": 4, "decoder": 1, "fibre": 1, "kind": "state", "m": 5, "next": [1, 0, 2, 0], "period": 5, "recurrent_predicate": false, "state": [0, 3, 1, 3], "tail": 5}
{"N": 4, "decoder": 1, "fibre": 1, "kind": "state", "m": 5, "next": [1, 4, 2, 0], "period": 5, "recurrent_predicate": true, "state": [0, 3, 1, 4], "tail": 0}
{"N": 4, "decoder": 1, "fibre": 1, "kind": "state", "m": 5, "next": [2, 4, 3, 2], "period": 5, "recurrent_predicate": false, "state": [0, 3, 2, 0], "tail": 5}
{"N": 4, "decoder": 1, "fibre": 1, "kind": "state", "m": 5, "next": [1, 4, 3, 2], "period": 5, "recurrent_predicate": true, "state": [0, 3, 2, 1], "tail": 0}
{"N": 4, "decoder": 1, "fibre": 1, "kind": "state", "m": 5, "next": [1, 4, 4, 4], "period": 5, "recurrent_predicate": false, "state": [0, 3, 2, 2], "tail": 2}
{"N": 4, "decoder": 0, "fibre": 0, "kind": "state", "m": 5, "next": [1, 0, 3, 0], "period": 5, "recurrent_predicate": false, "state": [0, 3, 2, 3], "tail": 3}
{"N": 4, "decoder": 1, "fibre": 1, "kind": "state", "m": 5, "next": [1, 4, 3, 0], "period": 5, "recurrent_predicate": true, "state": [0, 3, 2, 4], "tail": 0}
{"N": 4, "decoder": 1, "fibre": 1, "kind": "state", "m": 5, "next": [2, 0, 0, 2], "period": 5, "recurrent_predicate": true, "state": [0, 3, 3, 0], "tail": 0}
{"N": 4, "decoder": 1, "fibre": 1, "kind": "state", "m": 5, "next": [1, 0, 0, 2], "period": 5, "recurrent_predicate": false, "state": [0, 3, 3, 1], "tail": 5}
{"N": 4, "decoder": 0, "fibre": 0, "kind": "state", "m": 5, "next": [1, 0, 0, 3], "period": 5, "recurrent_predicate": false, "state": [0, 3, 3, 2], "tail": 3}
{"N": 4, "decoder": 4, "fibre": 4, "kind": "state", "m": 5, "next": [1, 1, 1, 1], "period": 5, "recurrent_predicate": false, "state": [0, 3, 3, 3], "tail": 1}
{"N": 4, "decoder": 1, "fibre": 1, "kind": "state", "m": 5, "next": [1, 0, 0, 0], "period": 5, "recurrent_predicate": false, "state": [0, 3, 3, 4], "tail": 4}
{"N": 4, "decoder": 0, "fibre": 0, "kind": "state", "m": 5, "next": [2, 4, 0, 2], "period": 5, "recurrent_predicate": false, "state": [0, 3, 4, 0], "tail": 6}
{"N": 4, "decoder": 1, "fibre": 1, "kind": "state", "m": 5, "next": [1, 4, 0, 2], "period": 5, "recurrent_predicate": true, "state": [0, 3, 4, 1], "tail": 0}
{"N": 4, "decoder": 1, "fibre": 1, "kind": "state", "m": 5, "next": [1, 4, 0, 3], "period": 5, "recurrent_predicate": true, "state": [0, 3, 4, 2], "tail": 0}
{"N": 4, "decoder": 1, "fibre": 1, "kind": "state", "m": 5, "next": [1, 0, 0, 0], "period": 5, "recurrent_predicate": false, "state": [0, 3, 4, 3], "tail": 4}
{"N": 4, "decoder": 0, "fibre": 0, "kind": "state", "m": 5, "next": [1, 4, 1, 1], "period": 5, "recurrent_predicate": false, "state": [0, 3, 4, 4], "tail": 5}
{"N": 4, "decoder": 1, "fibre": 1, "kind": "state", "m": 5, "next": [3, 0, 3, 3], "period": 5, "recurrent_predicate": false, "state": [0, 4, 0, 0], "tail": 2}
{"N": 4, "decoder": 0, "fibre": 0, "kind": "state", "m": 5, "next": [2, 0, 2, 2], "period": 5, "recurrent_predicate": false, "state": [0, 4, 0, 1], "tail": 5}
{"N": 4, "decoder": 0, "fibre": 0, "kind": "state", "m": 5, "next": [2, 0, 2, 3], "period": 5, "recurrent_predicate": false, "state": [0, 4, 0, 2], "tail": 3}
{"N": 4, "decoder": 0, "fibre": 0, "kind": "state", "m": 5, "next": [2, 0, 2, 4], "period": 5, "recurrent_predicate": false, "state": [0, 4, 0, 3], "tail": 6}
{"N": 4, "decoder": 1, "fibre": 1, "kind": "state", "m": 5, "next": [2, 1, 2, 1], "period": 5, "recurrent_predicate": true, "state": [0, 4, 0, 4], "tail": 0}
{"N": 4, "decoder": 0, "fibre": 0, "kind": "state", "m": 5, "next": [2, 0, 2, 2], "period": 5, "recurrent_predicate": false, "state": [0, 4, 1, 0], "tail": 5}
{"N": 4, "decoder": 0, "fibre": 0, "kind": "state", "m": 5, "next": [1, 0, 3, 3], "period": 5, "recurrent_predicate": false, "state": [0, 4, 1, 1], "tail": 6}
{"N": 4, "decoder": 1, "fibre": 1, "kind": "state", "m": 5, "next": [1, 0, 2, 3], "period": 5, "recurrent_predicate": true, "state": [0, 4, 1, 2], "tail": 0}
{"N": 4, "decoder": 1, "fibre": 1, "kind": "state", "m": 5, "next": [1, 0, 2, 4], "period": 5, "recurrent_predicate": true, "state": [0, 4, 1, 3], "tail": 0}
{"N": 4, "decoder": 1, "fibre": 1, "kind": "state", "m": 5, "next": [1, 1, 2, 1], "period": 5, "recurrent_predicate": false, "state": [0, 4, 1, 4], "tail": 4}
{"N": 4, "decoder": 0, "fibre": 0, "kind": "state", "m": 5, "next": [2, 0, 3, 2], "period": 5, "recurrent_predicate": false, "state": [0, 4, 2, 0], "tail": 3}
{"N": 4, "decoder": 1, "fibre": 1, "kind": "state", "m": 5, "next": [1, 0, 3, 2], "period": 5, "recurrent_predicate": true, "state": [0, 4, 2, 1], "tail": 0}
{"N": 4, "decoder": 1, "fibre": 1, "kind": "state", "m": 5, "next": [1, 0, 4, 4], "period": 5, "recurrent_predicate": false, "state": [0, 4, 2, 2], "tail": 5}
{"N": 4, "decoder": 1, "fibre": 1, "kind": "state", "m": 5, "next": [1, 0, 3, 4], "period": 5, "recurrent_predicate": true, "state": [0, 4, 2, 3], "tail": 0}
{"N": 4, "decoder": 1, "fibre": 1, "kind": "state", "m": 5, "next": [1, 1, 3, 1], "period": 5, "recurrent_predicate": false, "state": [0, 4, 2, 4], "tail": 2}
{"N": 4, "decoder": 0, "fibre": 0, "kind": "state", "m": 5, "next": [2, 0, 4, 2], "period": 5, "recurrent_predicate": false, "state": [0, 4, 3, 0], "tail": 6}
{"N": 4, "decoder": 1, "fibre": 1, "kind": "state", "m": 5, "next": [1, 0, 4, 2], "period": 5, "recurrent_predicate": true, "state": [0, 4, 3, 1], "tail": 0}
{"N": 4, "decoder": 1, "fibre": 1, "kind": "state", "m": 5, "next": [1, 0, 4, 3], "period": 5, "recurrent_predicate": true, "state": [0, 4, 3, 2], "tail": 0}
{"N": 4, "decoder": 1, "fibre": 1, "kind": "state", "m": 5, "next": [1, 0, 0, 0], "period": 5, "recurrent_predicate": false, "state": [0, 4, 3, 3], "tail": 4}
{"N": 4, "decoder": 0, "fibre": 0, "kind": "state", "m": 5, "next": [1, 1, 4, 1], "period": 5, "recurrent_predicate": false, "state": [0, 4, 3, 4], "tail": 5}
{"N": 4, "decoder": 1, "fibre": 1, "kind": "state", "m": 5, "next": [2, 1, 1, 2], "period": 5, "recurrent_predicate": true, "state": [0, 4, 4, 0], "tail": 0}
{"N": 4, "decoder": 1, "fibre": 1, "kind": "state", "m": 5, "next": [1, 1, 1, 2], "period": 5, "recurrent_predicate": false, "state": [0, 4, 4, 1], "tail": 4}
{"N": 4, "decoder": 1, "fibre": 1, "kind": "state", "m": 5, "next": [1, 1, 1, 3], "period": 5, "recurrent_predicate": false, "state": [0, 4, 4, 2], "tail": 2}
{"N": 4, "decoder": 0, "fibre": 0, "kind": "state", "m": 5, "next": [1, 1, 1, 4], "period": 5, "recurrent_predicate": false, "state": [0, 4, 4, 3], "tail": 5}
{"N": 4, "decoder": 4, "fibre": 4, "kind": "state", "m": 5, "next": [1, 2, 2, 2], "period": 5, "recurrent_predicate": false, "state": [0, 4, 4, 4], "tail": 3}
{"N": 4, "decoder": 4, "fibre": 4, "kind": "state", "m": 5, "next": [2, 3, 3, 3], "period": 5, "recurrent_predicate": false, "state": [1, 0, 0, 0], "tail": 3}
{"N": 4, "decoder": 1, "fibre": 1, "kind": "state", "m": 5, "next": [3, 2, 2, 3], "period": 5, "recurrent_predicate": true, "state": [1, 0, 0, 1], "tail": 0}
{"N": 4, "decoder": 1, "fibre": 1, "kind": "state", "m": 5, "next": [2, 2, 2, 3], "period": 5, "recurrent_predicate": false, "state": [1, 0, 0, 2], "tail": 4}
{"N": 4, "decoder": 1, "fibre": 1, "kind": "state", "m": 5, "next": [2, 2, 2, 4], "period": 5, "recurrent_predicate": false, "state": [1, 0, 0, 3], "tail": 2}
{"N": 4, "decoder": 0, "fibre": 0, "kind": "state", "m": 5, "next": [2, 2, 2, 0], "period": 5, "recurrent_predicate": false, "state": [1, 0, 0, 4], "tail": 5}
{"N": 4, "decoder": 1, "fibre": 1, "kind": "state", "m": 5, "next": [3, 2, 3, 2], "period": 5, "recurrent_predicate": true, "state": [1, 0, 1, 0], "tail": 0}
{"N": 4, "decoder": 1, "fibre": 1, "kind": "state", "m": 5, "next": [4, 1, 4, 4], "period": 5, "recurrent_predicate": false, "state": [1, 0, 1, 1], "tail": 2}
{"N": 4, "decoder": 0, "fibre": 0, "kind": "state", "m": 5, "next": [3, 1, 3, 3], "period": 5, "recurrent_predicate": false, "state": [1, 0, 1, 2], "tail": 5}
{"N": 4, "decoder": 0, "fibre": 0, "kind": "state", "m": 5, "next": [3, 1, 3, 4], "period": 5, "recurrent_predicate": false, "state": [1, 0, 1, 3], "tail": 3}
{"N": 4, "decoder": 0, "fibre": 0, "kind": "state", "m": 5, "next": [3, 1, 3, 0], "period": 5, "recurrent_predicate": false, "state": [1, 0, 1, 4], "tail": 6}
{"N": 4, "decoder": 1, "fibre": 1, "kind": "state", "m": 5, "next": [2, 2, 3, 2], "period": 5, "recurrent_predicate": false, "state": [1, 0, 2, 0], "tail": 4}
{"N": 4, "decoder": 0, "fibre": 0, "kind": "state", "m": 5, "next": [3, 1, 3, 3], "period": 5, "recurrent_predicate": false, "state": [1, 0, 2, 1], "tail": 5}
{"N": 4, "decoder": 0, "fibre": 0, "kind": "state", "m": 5, "next": [2, 1, 4, 4], "period": 5, "recurrent_predicate": false, "state": [1, 0, 2, 2], "tail": 6}
{"N": 4, "decoder": 1, "fibre": 1, "kind": "state", "m": 5, "next": [2, 1, 3, 4], "period": 5, "recurrent_predicate": true, "state": [1, 0, 2, 3], "tail": 0}
{"N": 4, "decoder": 1, "fibre": 1, "kind": "state", "m": 5, "next": [2, 1, 3, 0], "period": 5, "recurrent_predicate": true, "state": [1, 0, 2, 4], "tail": 0}
{"N": 4, "decoder": 1, "fibre": 1, "kind": "state", "m": 5, "next": [2, 2, 4, 2], "period": 5, "recurrent_predicate": false, "state": [1, 0, 3, 0], "tail": 2}
{"N": 4, "decoder": 0, "fibre": 0, "kind": "state", "m": 5, "next": [3, 1, 4, 3], "period": 5, "recurrent_predicate": false, "state": [1, 0, 3, 1], "tail": 3}
{"N": 4, "decoder": 1, "fibre": 1, "kind": "state", "m": 5, "next": [2, 1, 4, 3], "period": 5, "recurrent_predicate": true, "state": [1, 0, 3, 2], "tail": 0}
{"N": 4, "decoder": 1, "fibre": 1, "kind": "state", "m": 5, "next": [2, 1, 0, 0], "period": 5, "recurrent_predicate": false, "state": [1, 0, 3, 3], "tail": 5}
{"N": 4, "decoder": 1, "fibre": 1, "kind": "state", "m": 5, "next": [2, 1, 4, 0], "period": 5, "recurrent_predicate": true, "state": [1, 0, 3, 4], "tail": 0}
{"N": 4, "decoder": 0, "fibre": 0, "kind": "state", "m": 5, "next": [2, 2, 0, 2], "period": 5, "recurrent_predicate": false, "state": [1, 0, 4, 0], "tail": 5}
{"N": 4, "decoder": 0, "fibre": 0, "kind": "state", "m": 5, "next": [3, 1, 0, 3], "period": 5, "recurrent_predicate": false, "state": [1, 0, 4, 1], "tail": 6}
{"N": 4, "decoder": 1, "fibre": 1, "kind": "state", "m": 5, "next": [2, 1, 0, 3], "period": 5, "recurrent_predicate": true, "state": [1, 0, 4, 2], "tail": 0}
{"N": 4, "decoder": 1, "fibre": 1, "kind": "state", "m": 5, "next": [2, 1, 0, 4], "period": 5, "recurrent_predicate": true, "state": [1, 0, 4, 3], "tail": 0}
{"N": 4, "decoder": 1, "fibre": 1, "kind": "state", "m": 5, "next": [2, 1, 1, 1], "period": 5, "recurrent_predicate": false, "state": [1, 0, 4, 4], "tail": 4}
{"N": 4, "decoder": 1, "fibre": 1, "kind": "state", "m": 5, "next": [3, 3, 2, 2], "period": 5, "recurrent_predicate": true, "state": [1, 1, 0, 0], "tail": 0}
{"N": 4, "decoder": 1, "fibre": 1, "kind": "state", "m": 5, "next": [4, 4, 1, 4], "period": 5, "recurrent_predicate": false, "state": [1, 1, 0, 1], "tail": 2}
{"N": 4, "decoder": 0, "fibre": 0, "kind": "state", "m": 5, "next": [3, 3, 1, 3], "period": 5, "recurrent_predicate": false, "state": [1, 1, 0, 2], "tail": 5}
{"N": 4, "decoder": 0, "fibre": 0, "kind": "state", "m": 5, "next": [3, 3, 1, 4], "period": 5, "recurrent_predicate": false, "state": [1, 1, 0, 3], "tail": 3}
{"N": 4, "decoder": 0, "fibre": 0, "kind": "state", "m": 5, "next": [3, 3, 1, 0], "period": 5, "recurrent_predicate": false, "state": [1, 1, 0, 4], "tail": 6}
{"N": 4, "decoder": 1, "fibre": 1, "kind": "state", "m": 5, "next": [4, 4, 4, 1], "period": 5, "recurrent_predicate": false, "state": [1, 1, 1, 0], "tail": 2}
{"N": 4, "decoder": 5, "fibre": 5, "kind": "state", "m": 5, "next": [0, 0, 0, 0], "period": 5, "recurrent_predicate": true, "state": [1, 1, 1, 1], "tail": 0}
{"N": 4, "decoder": 4, "fibre": 4, "kind": "state", "m": 5, "next": [4, 4, 4, 3], "period": 5, "recurrent_predicate": false, "state": [1, 1, 1, 2], "tail": 3}
{"N": 4, "decoder": 4, "fibre": 4, "kind": "state", "m": 5, "next": [4, 4, 4, 4], "period": 5, "recurrent_predicate": false, "state": [1, 1, 1, 3], "tail": 1}
{"N": 4, "decoder": 3, "fibre": 3, "kind": "state", "m": 5, "next": [4, 4, 4, 0], "period": 5, "recurrent_predicate": false, "state": [1, 1, 1, 4], "tail": 4}
{"N": 4, "decoder": 0, "fibre": 0, "kind": "state", "m": 5, "next": [3, 3, 3, 1], "period": 5, "recurrent_predicate": false, "state": [1, 1, 2, 0], "tail": 5}
{"N": 4, "decoder": 4, "fibre": 4, "kind": "state", "m": 5, "next": [4, 4, 3, 4], "period": 5, "recurrent_predicate": false, "state": [1, 1, 2, 1], "tail": 3}
{"N": 4, "decoder": 1, "fibre": 1, "kind": "state", "m": 5, "next": [3, 3, 4, 4], "period": 5, "recurrent_predicate": true, "state": [1, 1, 2, 2], "tail": 0}
{"N": 4, "decoder": 1, "fibre": 1, "kind": "state", "m": 5, "next": [3, 3, 3, 4], "period": 5, "recurrent_predicate": false, "state": [1, 1, 2, 3], "tail": 4}
{"N": 4, "decoder": 1, "fibre": 1, "kind": "state", "m": 5, "next": [3, 3, 3, 0], "period": 5, "recurrent_predicate": false, "state": [1, 1, 2, 4], "tail": 2}
{"N": 4, "decoder": 0, "fibre": 0, "kind": "state", "m": 5, "next": [3, 3, 4, 1], "period": 5, "recurrent_predicate": false, "state": [1, 1, 3, 0], "tail": 3}
{"N": 4, "decoder": 4, "fibre": 4, "kind": "state", "m": 5, "next": [4, 4, 4, 4], "period": 5, "recurrent_predicate": false, "state": [1, 1, 3, 1], "tail": 1}
{"N": 4, "decoder": 1, "fibre": 1, "kind": "state", "m": 5, "next": [3, 3, 4, 3], "period": 5, "recurrent_predicate": false, "state": [1, 1, 3, 2], "tail": 4}
{"N": 4, "decoder": 1, "fibre": 1, "kind": "state", "m": 5, "next": [3, 3, 0, 0], "period": 5, "recurrent_predicate": true, "state": [1, 1, 3, 3], "tail": 0}
{"N": 4, "decoder": 1, "fibre": 1, "kind": "state", "m": 5, "next": [3, 3, 4, 0], "period": 5, "recurrent_predicate": false, "state": [1, 1, 3, 4], "tail": 5}
{"N": 4, "decoder": 0, "fibre": 0, "kind": "state", "m": 5, "next": [3, 3, 0, 1], "period": 5, "recurrent_predicate": false, "state": [1, 1, 4, 0], "tail": 6}
{"N": 4, "decoder": 3, "fibre": 3, "kind": "state", "m": 5, "next": [4, 4, 0, 4], "period": 5, "recurrent_predicate": false, "state": [1, 1, 4, 1], "tail": 4}
{"N": 4, "decoder": 1, "fibre": 1, "kind": "state", "m": 5, "next": [3, 3, 0, 3], "period": 5, "recurrent_predicate": false, "state": [1, 1, 4, 2], "tail": 2}
{"N": 4, "decoder": 1, "fibre": 1, "kind": "state", "m": 5, "next": [3, 3, 0, 4], "period": 5, "recurrent_predicate": false, "state": [1, 1, 4, 3], "tail": 5}
{"N": 4, "decoder": 1, "fibre": 1, "kind": "state", "m": 5, "next": [3, 3, 1, 1], "period": 5, "recurrent_predicate": true, "state": [1, 1, 4, 4], "tail": 0}
{"N": 4, "decoder": 1, "fibre": 1, "kind": "state", "m": 5, "next": [2, 3, 2, 2], "period": 5, "recurrent_predicate": false, "state": [1, 2, 0, 0], "tail": 4}
{"N": 4, "decoder": 0, "fibre": 0, "kind": "state", "m": 5, "next": [3, 3, 1, 3], "period": 5, "recurrent_predicate": false, "state": [1, 2, 0, 1], "tail": 5}
{"N": 4, "decoder": 0, "fibre": 0, "kind": "state", "m": 5, "next": [2, 4, 1, 4], "period": 5, "recurrent_predicate": false, "state": [1, 2, 0, 2], "tail": 6}
{"N": 4, "decoder": 1, "fibre": 1, "kind": "state", "m": 5, "next": [2, 3, 1, 4], "period": 5, "recurrent_predicate": true, "state": [1, 2, 0, 3], "tail": 0}
{"N": 4, "decoder": 1, "fibre": 1, "kind": "state", "m": 5, "next": [2, 3, 1, 0], "period": 5, "recurrent_predicate": true, "state": [1, 2, 0, 4], "tail": 0}
{"N": 4, "decoder": 0, "fibre": 0, "kind": "state", "m": 5, "next": [3, 3, 3, 1], "period": 5, "recurrent_predicate": false, "state": [1, 2, 1, 0], "tail": 5}
{"N": 4, "decoder": 4, "fibre": 4, "kind": "state", "m": 5, "next": [4, 3, 4, 4], "period": 5, "recurrent_predicate": false, "state": [1, 2, 1, 1], "tail": 3}
{"N": 4, "decoder": 1, "fibre": 1, "kind": "state", "m": 5, "next": [3, 4, 3, 4], "period": 5, "recurrent_predicate": true, "state": [1, 2, 1, 2], "tail": 0}
{"N": 4, "decoder": 1, "fibre": 1, "kind": "state", "m": 5, "next": [3, 3, 3, 4], "period": 5, "recurrent_predicate": false, "state": [1, 2, 1, 3], "tail": 4}
{"N": 4, "decoder": 1, "fibre": 1, "kind": "state", "m": 5, "next": [3, 3, 3, 0], "period": 5, "recurrent_predicate": false, "state": [1, 2, 1, 4], "tail": 2}
{"N": 4, "decoder": 0, "fibre": 0, "kind": "state", "m": 5, "next": [2, 4, 4, 1], "period": 5, "recurrent_predicate": false, "state": [1, 2, 2, 0], "tail": 6}
{"N": 4, "decoder": 1, "fibre": 1, "kind": "state", "m": 5, "next": [3, 4, 4, 3], "period": 5, "recurrent_predicate": true, "state": [1, 2, 2, 1], "tail": 0}
{"N": 4, "decoder": 1, "fibre": 1, "kind": "state", "m": 5, "next": [2, 0, 0, 0], "period": 5, "recurrent_predicate": false, "state": [1, 2, 2, 2], "tail": 2}
{"N": 4, "decoder": 0, "fibre": 0, "kind": "state", "m": 5, "next": [2, 4, 4, 4], "period": 5, "recurrent_predicate": false, "state": [1, 2, 2, 3], "tail": 5}
{"N": 4, "decoder": 0, "fibre": 0, "kind": "state", "m": 5, "next": [2, 4, 4, 0], "period": 5, "recurrent_predicate": false, "state": [1, 2, 2, 4], "tail": 3}
{"N": 4, "decoder": 1, "fibre": 1, "kind": "state", "m": 5, "next": [2, 3, 4, 1], "period": 5, "recurrent_predicate": true, "state": [1, 2, 3, 0], "tail": 0}
{"N": 4, "decoder": 1, "fibre": 1, "kind": "state", "m": 5, "next": [3, 3, 4, 3], "period": 5, "recurrent_predicate": false, "state": [1, 2, 3, 1], "tail": 4}
{"N": 4, "decoder": 0, "fibre": 0, "kind": "state", "m": 5, "next": [2, 4, 4, 4], "period": 5, "recurrent_predicate": false, "state": [1, 2, 3, 2], "tail": 5}
{"N": 4, "decoder": 0, "fibre": 0, "kind": "state", "m": 5, "next": [2, 3, 0, 0], "period": 5, "recurrent_predicate": false, "state": [1, 2, 3, 3], "tail": 6}
{"N": 4, "decoder": 1, "fibre": 1, "kind": "state", "m": 5, "next": [2, 3, 4, 0], "period": 5, "recurrent_predicate": true, "state": [1, 2, 3, 4], "tail": 0}
{"N": 4, "decoder": 1, "fibre": 1, "kind": "state", "m": 5, "next": [2, 3, 0, 1], "period": 5, "recurrent_predicate": true, "state": [1, 2, 4, 0], "tail": 0}
{"N": 4, "decoder": 1, "fibre": 1, "kind": "state", "m": 5, "next": [3, 3, 0, 3], "period": 5, "recurrent_predicate": false, "state": [1, 2, 4, 1], "tail": 2}
{"N": 4, "decoder": 0, "fibre": 0, "kind": "state", "m": 5, "next": [2, 4, 0, 4], "period": 5, "recurrent_predicate": false, "state": [1, 2, 4, 2], "tail": 3}
{"N": 4, "decoder": 1, "fibre": 1, "kind": "state", "m": 5, "next": [2, 3, 0, 4], "period": 5, "recurrent_predicate": true, "state": [1, 2, 4, 3], "tail": 0}
{"N": 4, "decoder": 1, "fibre": 1, "kind": "state", "m": 5, "next": [2, 3, 1, 1], "period": 5, "recurrent_predicate": false, "state": [1, 2, 4, 4], "tail": 5}
{"N": 4, "decoder": 1, "fibre": 1, "kind": "state", "m": 5, "next": [2, 4, 2, 2], "period": 5, "recurrent_predicate": false, "state": [1, 3, 0, 0], "tail": 2}
{"N": 4, "decoder": 0, "fibre": 0, "kind": "state", "m": 5, "next": [3, 4, 1, 3], "period": 5, "recurrent_predicate": false, "state": [1, 3, 0, 1], "tail": 3}
{"N": 4, "decoder": 1, "fibre": 1, "kind": "state", "m": 5, "next": [2, 4, 1, 3], "period": 5, "recurrent_predicate": true, "state": [1, 3, 0, 2], "tail": 0}
{"N": 4, "decoder": 1, "fibre": 1, "kind": "state", "m": 5, "next": [2, 0, 1, 0], "period": 5, "recurrent_predicate": false, "state": [1, 3, 0, 3], "tail": 5}
{"N": 4, "decoder": 1, "fibre": 1, "kind": "state", "m": 5, "next": [2, 4, 1, 0], "period": 5, "recurrent_predicate": true, "state": [1, 3, 0, 4], "tail": 0}
{"N": 4, "decoder": 0, "fibre": 0, "kind": "state", "m": 5, "next": [3, 4, 3, 1], "period": 5, "recurrent_predicate": false, "state": [1, 3, 1, 0], "tail": 3}
{"N": 4, "decoder": 4, "fibre": 4, "kind": "state", "m": 5, "next": [4, 4, 4, 4], "period": 5, "recurrent_predicate": false, "state": [1, 3, 1, 1], "tail": 1}
{"N": 4, "decoder": 1, "fibre": 1, "kind": "state", "m": 5, "next": [3, 4, 3, 3], "period": 5, "recurrent_predicate": false, "state": [1, 3, 1, 2], "tail": 4}
{"N": 4, "decoder": 1, "fibre": 1, "kind": "state", "m": 5, "next": [3, 0, 3, 0], "period": 5, "recurrent_predicate": true, "state": [1, 3, 1, 3], "tail": 0}
{"N": 4, "decoder": 1, "fibre": 1, "kind": "state", "m": 5, "next": [3, 4, 3, 0], "period": 5, "recurrent_predicate": false, "state": [1, 3, 1, 4], "tail": 5}
{"N": 4, "decoder": 1, "fibre": 1, "kind": "state", "m": 5, "next": [2, 4, 3, 1], "period": 5, "recurrent_predicate": true, "state": [1, 3, 2, 0], "tail": 0}
{"N": 4, "decoder": 1, "fibre": 1, "kind": "state", "m": 5, "next": [3, 4, 3, 3], "period": 5, "recurrent_predicate": false, "state": [1, 3, 2, 1], "tail": 4}
{"N": 4, "decoder": 0, "fibre": 0, "kind": "state", "m": 5, "next": [2, 4, 4, 4], "period": 5, "recurrent_predicate": false, "state": [1, 3, 2, 2], "tail": 5}
{"N": 4, "decoder": 0, "fibre": 0, "kind": "state", "m": 5, "next": [2, 0, 3, 0], "period": 5, "recurrent_predicate": false, "state": [1, 3, 2, 3], "tail": 6}
{"N": 4, "decoder": 1, "fibre": 1, "kind": "state", "m": 5, "next": [2, 4, 3, 0], "period": 5, "recurrent_predicate": true, "state": [1, 3, 2, 4], "tail": 0}
{"N": 4, "decoder": 1, "fibre": 1, "kind": "state", "m": 5, "next": [2, 0, 0, 1], "period": 5, "recurrent_predicate": false, "state": [1, 3, 3, 0], "tail": 5}
{"N": 4, "decoder": 1, "fibre": 1, "kind": "state", "m": 5, "next": [3, 0, 0, 3], "period": 5, "recurrent_predicate": true, "state": [1, 3, 3, 1], "tail": 0}
{"N": 4, "decoder": 0, "fibre": 0, "kind": "state", "m": 5, "next": [2, 0, 0, 3], "period": 5, "recurrent_predicate": false, "state": [1, 3, 3, 2], "tail": 6}
{"N": 4, "decoder": 3, "fibre": 3, "kind": "state", "m": 5, "next": [2, 1, 1, 1], "period": 5, "recurrent_predicate": false, "state": [1, 3, 3, 3], "tail": 4}
{"N": 4, "decoder": 1, "fibre": 1, "kind": "state", "m": 5, "next": [2, 0, 0, 0], "period": 5, "recurrent_predicate": false, "state": [1, 3, 3, 4], "tail": 2}
{"N": 4, "decoder": 1, "fibre": 1, "kind": "state", "m": 5, "next": [2, 4, 0, 1], "period": 5, "recurrent_predicate": true, "state": [1, 3, 4, 0], "tail": 0}
{"N": 4, "decoder": 1, "fibre": 1, "kind": "state", "m": 5, "next": [3, 4, 0, 3], "period": 5, "recurrent_predicate": false, "state": [1, 3, 4, 1], "tail": 5}
{"N": 4, "decoder": 1, "fibre": 1, "kind": "state", "m": 5, "next": [2, 4, 0, 3], "period": 5, "recurrent_predicate": true, "state": [1, 3, 4, 2], "tail": 0}
{"N": 4, "decoder": 1, "fibre": 1, "kind": "state", "m": 5, "next": [2, 0, 0, 0], "period": 5, "recurrent_predicate": false, "state": [1, 3, 4, 3], "tail": 2}
{"N": 4, "decoder": 0, "fibre": 0, "kind": "state", "m": 5, "next": [2, 4, 1, 1], "period": 5, "recurrent_predicate": false, "state": [1, 3, 4, 4], "tail": 3}
{"N": 4, "decoder": 0, "fibre": 0, "kind": "state", "m": 5, "next": [2, 0, 2, 2], "period": 5, "recurrent_predicate": false, "state": [1, 4, 0, 0], "tail": 5}
{"N": 4, "decoder": 0, "fibre": 0, "kind": "state", "m": 5, "next": [3, 0, 1, 3], "period": 5, "recurrent_predicate": false, "state": [1, 4, 0, 1], "tail": 6}
{"N": 4, "decoder": 1, "fibre": 1, "kind": "state", "m": 5, "next": [2, 0, 1, 3], "period": 5, "recurrent_predicate": true, "state": [1, 4, 0, 2], "tail": 0}
{"N": 4, "decoder": 1, "fibre": 1, "kind": "state", "m": 5, "next": [2, 0, 1, 4], "period": 5, "recurrent_predicate": true, "state": [1, 4, 0, 3], "tail": 0}
{"N": 4, "decoder": 1, "fibre": 1, "kind": "state", "m": 5, "next": [2, 1, 1, 1], "period": 5, "recurrent_predicate": false, "state": [1, 4, 0, 4], "tail": 4}
{"N": 4, "decoder": 0, "fibre": 0, "kind": "state", "m": 5, "next": [3, 0, 3, 1], "period": 5, "recurrent_predicate": false, "state": [1, 4, 1, 0], "tail": 6}
{"N": 4, "decoder": 3, "fibre": 3, "kind": "state", "m": 5, "next": [4, 0, 4, 4], "period": 5, "recurrent_predicate": false, "state": [1, 4, 1, 1], "tail": 4}
{"N": 4, "decoder": 1, "fibre": 1, "kind": "state", "m": 5, "next": [3, 0, 3, 3], "period": 5, "recurrent_predicate": false, "state": [1, 4, 1, 2], "tail": 2}
{"N": 4, "decoder": 1, "fibre": 1, "kind": "state", "m": 5, "next": [3, 0, 3, 4], "period": 5, "recurrent_predicate": false, "state": [1, 4, 1, 3], "tail": 5}
{"N": 4, "decoder": 1, "fibre": 1, "kind": "state", "m": 5, "next": [3, 1, 3, 1], "period": 5, "recurrent_predicate": true, "state": [1, 4, 1, 4], "tail": 0}
{"N": 4, "decoder": 1, "fibre": 1, "kind": "state", "m": 5, "next": [2, 0, 3, 1], "period": 5, "recurrent_predicate": true, "state": [1, 4, 2, 0], "tail": 0}
{"N": 4, "decoder": 1, "fibre": 1, "kind": "state", "m": 5, "next": [3, 0, 3, 3], "period": 5, "recurrent_predicate": false, "state": [1, 4, 2, 1], "tail": 2}
{"N": 4, "decoder": 0, "fibre": 0, "kind": "state", "m": 5, "next": [2, 0, 4, 4], "period": 5, "recurrent_predicate": false, "state": [1, 4, 2, 2], "tail": 3}
{"N": 4, "decoder": 1, "fibre": 1, "kind": "state", "m": 5, "next": [2, 0, 3, 4], "period": 5, "recurrent_predicate": true, "state": [1, 4, 2, 3], "tail": 0}
{"N": 4, "decoder": 1, "fibre": 1, "kind": "state", "m": 5, "next": [2, 1, 3, 1], "period": 5, "recurrent_predicate": false, "state": [1, 4, 2, 4], "tail": 5}
{"N": 4, "decoder": 1, "fibre": 1, "kind": "state", "m": 5, "next": [2, 0, 4, 1], "period": 5, "recurrent_predicate": true, "state": [1, 4, 3, 0], "tail": 0}
{"N": 4, "decoder": 1, "fibre": 1, "kind": "state", "m": 5, "next": [3, 0, 4, 3], "period": 5, "recurrent_predicate": false, "state": [1, 4, 3, 1], "tail": 5}
{"N": 4, "decoder": 1, "fibre": 1, "kind": "state", "m": 5, "next": [2, 0, 4, 3], "period": 5, "recurrent_predicate": true, "state": [1, 4, 3, 2], "tail": 0}
{"N": 4, "decoder": 1, "fibre": 1, "kind": "state", "m": 5, "next": [2, 0, 0, 0], "period": 5, "recurrent_predicate": false, "state": [1, 4, 3, 3], "tail": 2}
{"N": 4, "decoder": 0, "fibre": 0, "kind": "state", "m": 5, "next": [2, 1, 4, 1], "period": 5, "recurrent_predicate": false, "state": [1, 4, 3, 4], "tail": 3}
{"N": 4, "decoder": 1, "fibre": 1, "kind": "state", "m": 5, "next": [2, 1, 1, 1], "period": 5, "recurrent_predicate": false, "state": [1, 4, 4, 0], "tail": 4}
{"N": 4, "decoder": 1, "fibre": 1, "kind": "state", "m": 5, "next": [3, 1, 1, 3], "period": 5, "recurrent_predicate": true, "state": [1, 4, 4, 1], "tail": 0}
{"N": 4, "decoder": 1, "fibre": 1, "kind": "state", "m": 5, "next": [2, 1, 1, 3], "period": 5, "recurrent_predicate": false, "state": [1, 4, 4, 2], "tail": 5}
{"N": 4, "decoder": 0, "fibre": 0, "kind": "state", "m": 5, "next": [2, 1, 1, 4], "period": 5, "recurrent_predicate": false, "state": [1, 4, 4, 3], "tail": 3}
{"N": 4, "decoder": 4, "fibre": 4, "kind": "state", "m": 5, "next": [2, 2, 2, 2], "period": 5, "recurrent_predicate": false, "state": [1, 4, 4, 4], "tail": 1}
{"N": 4, "decoder": 4, "fibre": 4, "kind": "state", "m": 5, "next": [3, 3, 3, 3], "period": 5, "recurrent_predicate": false, "state": [2, 0, 0, 0], "tail": 1}
{"N": 4, "decoder": 1, "fibre": 1, "kind": "state", "m": 5, "next": [3, 2, 2, 2], "period": 5, "recurrent_predicate": false, "state": [2, 0, 0, 1], "tail": 4}
{"N": 4, "decoder": 1, "fibre": 1, "kind": "state", "m": 5, "next": [4, 2, 2, 4], "period": 5, "recurrent_predicate": true, "state": [2, 0, 0, 2], "tail": 0}
{"N": 4, "decoder": 1, "fibre": 1, "kind": "state", "m": 5, "next": [3, 2, 2, 4], "period": 5, "recurrent_predicate": false, "state": [2, 0, 0, 3], "tail": 5}
{"N": 4, "decoder": 0, "fibre": 0, "kind": "state", "m": 5, "next": [3, 2, 2, 0], "period": 5, "recurrent_predicate": false, "state": [2, 0, 0, 4], "tail": 3}
{"N": 4, "decoder": 1, "fibre": 1, "kind": "state", "m": 5, "next": [3, 2, 2, 2], "period": 5, "recurrent_predicate": false, "state": [2, 0, 1, 0], "tail": 4}
{"N": 4, "decoder": 0, "fibre": 0, "kind": "state", "m": 5, "next": [3, 1, 3, 3], "period": 5, "recurrent_predicate": false, "state": [2, 0, 1, 1], "tail": 5}
{"N": 4, "decoder": 0, "fibre": 0, "kind": "state", "m": 5, "next": [4, 1, 2, 4], "period": 5, "recurrent_predicate": false, "state": [2, 0, 1, 2], "tail": 6}
{"N": 4, "decoder": 1, "fibre": 1, "kind": "state", "m": 5, "next": [3, 1, 2, 4], "period": 5, "recurrent_predicate": true, "state": [2, 0, 1, 3], "tail": 0}
{"N": 4, "decoder": 1, "fibre": 1, "kind": "state", "m": 5, "next": [3, 1, 2, 0], "period": 5, "recurrent_predicate": true, "state": [2, 0, 1, 4], "tail": 0}
{"N": 4, "decoder": 1, "fibre": 1, "kind": "state", "m": 5, "next": [4, 2, 4, 2], "period": 5, "recurrent_predicate": true, "state": [2, 0, 2, 0], "tail": 0}
{"N": 4, "decoder": 0, "fibre": 0, "kind": "state", "m": 5, "next": [4, 1, 4, 2], "period": 5, "recurrent_predicate": false, "state": [2, 0, 2, 1], "tail": 6}
{"N": 4, "decoder": 3, "fibre": 3, "kind": "state", "m": 5, "next": [0, 1, 0, 0], "period": 5, "recurrent_predicate": false, "state": [2, 0, 2, 2], "tail": 4}
{"N": 4, "decoder": 1, "fibre": 1, "kind": "state", "m": 5, "next": [4, 1, 4, 4], "period": 5, "recurrent_predicate": false, "state": [2, 0, 2, 3], "tail": 2}
{"N": 4, "decoder": 1, "fibre": 1, "kind": "state", "m": 5, "next": [4, 1, 4, 0], "period": 5, "recurrent_predicate": false, "state": [2, 0, 2, 4], "tail": 5}
{"N": 4, "decoder": 1, "fibre": 1, "kind": "state", "m": 5, "next": [3, 2, 4, 2], "period": 5, "recurrent_predicate": false, "state": [2, 0, 3, 0], "tail": 5}
{"N": 4, "decoder": 1, "fibre": 1, "kind": "state", "m": 5, "next": [3, 1, 4, 2], "period": 5, "recurrent_predicate": true, "state": [2, 0, 3, 1], "tail": 0}
{"N": 4, "decoder": 1, "fibre": 1, "kind": "state", "m": 5, "next": [4, 1, 4, 4], "period": 5, "recurrent_predicate": false, "state": [2, 0, 3, 2], "tail": 2}
{"N": 4, "decoder": 0, "fibre": 0, "kind": "state", "m": 5, "next": [3, 1, 0, 0], "period": 5, "recurrent_predicate": false, "state": [2, 0, 3, 3], "tail": 3}
{"N": 4, "decoder": 1, "fibre": 1, "kind": "state", "m": 5, "next": [3, 1, 4, 0], "period": 5, "recurrent_predicate": true, "state": [2, 0, 3, 4], "tail": 0}
{"N": 4, "decoder": 0, "fibre": 0, "kind": "state", "m": 5, "next": [3, 2, 0, 2], "period": 5, "recurrent_predicate": false, "state": [2, 0, 4, 0], "tail": 3}
{"N": 4, "decoder": 1, "fibre": 1, "kind": "state", "m": 5, "next": [3, 1, 0, 2], "period": 5, "recurrent_predicate": true, "state": [2, 0, 4, 1], "tail": 0}
{"N": 4, "decoder": 1, "fibre": 1, "kind": "state", "m": 5, "next": [4, 1, 0, 4], "period": 5, "recurrent_predicate": false, "state": [2, 0, 4, 2], "tail": 5}
{"N": 4, "decoder": 1, "fibre": 1, "kind": "state", "m": 5, "next": [3, 1, 0, 4], "period": 5, "recurrent_predicate": true, "state": [2, 0, 4, 3], "tail": 0}
{"N": 4, "decoder": 1, "fibre": 1, "kind": "state", "m": 5, "next": [3, 1, 1, 1], "period": 5, "recurrent_predicate": false, "state": [2, 0, 4, 4], "tail": 2}
{"N": 4, "decoder": 1, "fibre": 1, "kind": "state", "m": 5, "next": [3, 2, 2, 2], "period": 5, "recurrent_predicate": false, "state": [2, 1, 0, 0], "tail": 4}
{"N": 4, "decoder": 0, "fibre": 0, "kind": "state", "m": 5, "next": [3, 3, 1, 3], "period": 5, "recurrent_predicate": false, "state": [2, 1, 0, 1], "tail": 5}
{"N": 4, "decoder": 0, "fibre": 0, "kind": "state", "m": 5, "next": [4, 2, 1, 4], "period": 5, "recurrent_predicate": false, "state": [2, 1, 0, 2], "tail": 6}
{"N": 4, "decoder": 1, "fibre": 1, "kind": "state", "m": 5, "next": [3, 2, 1, 4], "period": 5, "recurrent_predicate": true, "state": [2, 1, 0, 3], "tail": 0}
{"N": 4, "decoder": 1, "fibre": 1, "kind": "state", "m": 5, "next": [3, 2, 1, 0], "period": 5, "recurrent_predicate": true, "state": [2, 1, 0, 4], "tail": 0}
{"N": 4, "decoder": 0, "fibre": 0, "kind": "state", "m": 5, "next": [3, 3, 3, 1], "period": 5, "recurrent_predicate": false, "state": [2, 1, 1, 0], "tail": 5}
{"N": 4, "decoder": 4, "fibre": 4, "kind": "state", "m": 5, "next": [3, 4, 4, 4], "period": 5, "recurrent_predicate": false, "state": [2, 1, 1, 1], "tail": 3}
{"N": 4, "decoder": 1, "fibre": 1, "kind": "state", "m": 5, "next": [4, 3, 3, 4], "period": 5, "recurrent_predicate": true, "state": [2, 1, 1, 2], "tail": 0}
{"N": 4, "decoder": 1, "fibre": 1, "kind": "state", "m": 5, "next": [3, 3, 3, 4], "period": 5, "recurrent_predicate": false, "state": [2, 1, 1, 3], "tail": 4}
{"N": 4, "decoder": 1, "fibre": 1, "kind": "state", "m": 5, "next": [3, 3, 3, 0], "period": 5, "recurrent_predicate": false, "state": [2, 1, 1, 4], "tail": 2}
{"N": 4, "decoder": 0, "fibre": 0, "kind": "state", "m": 5, "next": [4, 2, 4, 1], "period": 5, "recurrent_predicate": false, "state": [2, 1, 2, 0], "tail": 6}
{"N": 4, "decoder": 1, "fibre": 1, "kind": "state", "m": 5, "next": [4, 3, 4, 3], "period": 5, "recurrent_predicate": true, "state": [2, 1, 2, 1], "tail": 0}
{"N": 4, "decoder": 1, "fibre": 1, "kind": "state", "m": 5, "next": [0, 2, 0, 0], "period": 5, "recurrent_predicate": false, "state": [2, 1, 2, 2], "tail": 2}
{"N": 4, "decoder": 0, "fibre": 0, "kind": "state", "m": 5, "next": [4, 2, 4, 4], "period": 5, "recurrent_predicate": false, "state": [2, 1, 2, 3], "tail": 5}
{"N": 4, "decoder": 0, "fibre": 0, "kind": "state", "m": 5, "next": [4, 2, 4, 0], "period": 5, "recurrent_predicate": false, "state": [2, 1, 2, 4], "tail": 3}
{"N": 4, "decoder": 1, "fibre": 1, "kind": "state", "m": 5, "next": [3, 2, 4, 1], "period": 5, "recurrent_predicate": true, "state": [2, 1, 3, 0], "tail": 0}
{"N": 4, "decoder": 1, "fibre": 1, "kind": "state", "m": 5, "next": [3, 3, 4, 3], "period": 5, "recurrent_predicate": false, "state": [2, 1, 3, 1], "tail": 4}
{"N": 4, "decoder": 0, "fibre": 0, "kind": "state", "m": 5, "next": [4, 2, 4, 4], "period": 5, "recurrent_predicate": false, "state": [2, 1, 3, 2], "tail": 5}
{"N": 4, "decoder": 0, "fibre": 0, "kind": "state", "m": 5, "next": [3, 2, 0, 0], "period": 5, "recurrent_predicate": false, "state": [2, 1, 3, 3], "tail": 6}
{"N": 4, "decoder": 1, "fibre": 1, "kind": "state", "m": 5, "next": [3, 2, 4, 0], "period": 5, "recurrent_predicate": true, "state": [2, 1, 3, 4], "tail": 0}
{"N": 4, "decoder": 1, "fibre": 1, "kind": "state", "m": 5, "next": [3, 2, 0, 1], "period": 5, "recurrent_predicate": true, "state": [2, 1, 4, 0], "tail": 0}
{"N": 4, "decoder": 1, "fibre": 1, "kind": "state", "m": 5, "next": [3, 3, 0, 3], "period": 5, "recurrent_predicate": false, "state": [2, 1, 4, 1], "tail": 2}
{"N": 4, "decoder": 0, "fibre": 0, "kind": "state", "m": 5, "next": [4, 2, 0, 4], "period": 5, "recurrent_predicate": false, "state": [2, 1, 4, 2], "tail": 3}
{"N": 4, "decoder": 1, "fibre": 1, "kind": "state", "m": 5, "next": [3, 2, 0, 4], "period": 5, "recurrent_predicate": true, "state": [2, 1, 4, 3], "tail": 0}
{"N": 4, "decoder": 1, "fibre": 1, "kind": "state", "m": 5, "next": [3, 2, 1, 1], "period": 5, "recurrent_predicate": false, "state": [2, 1, 4, 4], "tail": 5}
{"N": 4, "decoder": 1, "fibre": 1, "kind": "state", "m": 5, "next": [4, 4, 2, 2], "period": 5, "recurrent_predicate": true, "state": [2, 2, 0, 0], "tail": 0}
{"N": 4, "decoder": 0, "fibre": 0, "kind": "state", "m": 5, "next": [4, 4, 1, 2], "period": 5, "recurrent_predicate": false, "state": [2, 2, 0, 1], "tail": 6}
{"N": 4, "decoder": 3, "fibre": 3, "kind": "state", "m": 5, "next": [0, 0, 1, 0], "period": 5, "recurrent_predicate": false, "state": [2, 2, 0, 2], "tail": 4}
{"N": 4, "decoder": 1, "fibre": 1, "kind": "state", "m": 5, "next": [4, 4, 1, 4], "period": 5, "recurrent_predicate": false, "state": [2, 2, 0, 3], "tail": 2}
{"N": 4, "decoder": 1, "fibre": 1, "kind": "state", "m": 5, "next": [4, 4, 1, 0], "period": 5, "recurrent_predicate": false, "state": [2, 2, 0, 4], "tail": 5}
{"N": 4, "decoder": 0, "fibre": 0, "kind": "state", "m": 5, "next": [4, 4, 2, 1], "period": 5, "recurrent_predicate": false, "state": [2, 2, 1, 0], "tail": 6}
{"N": 4, "decoder": 1, "fibre": 1, "kind": "state", "m": 5, "next": [4, 4, 3, 3], "period": 5, "recurrent_predicate": true, "state": [2, 2, 1, 1], "tail": 0}
{"N": 4, "decoder": 1, "fibre": 1, "kind": "state", "m": 5, "next": [0, 0, 2, 0], "period": 5, "recurrent_predicate": false, "state": [2, 2, 1, 2], "tail": 2}
{"N": 4, "decoder": 0, "fibre": 0, "kind": "state", "m": 5, "next": [4, 4, 2, 4], "period": 5, "recurrent_predicate": false, "state": [2, 2, 1, 3], "tail": 5}
{"N": 4, "decoder": 0, "fibre": 0, "kind": "state", "m": 5, "next": [4, 4, 2, 0], "period": 5, "recurrent_predicate": false, "state": [2, 2, 1, 4], "tail": 3}
{"N": 4, "decoder": 3, "fibre": 3, "kind": "state", "m": 5, "next": [0, 0, 0, 1], "period": 5, "recurrent_predicate": false, "state": [2, 2, 2, 0], "tail": 4}
{"N": 4, "decoder": 1, "fibre": 1, "kind": "state", "m": 5, "next": [0, 0, 0, 2], "period": 5, "recurrent_predicate": false, "state": [2, 2, 2, 1], "tail": 2}
{"N": 4, "decoder": 5, "fibre": 5, "kind": "state", "m": 5, "next": [1, 1, 1, 1], "period": 5, "recurrent_predicate": true, "state": [2, 2, 2, 2], "tail": 0}
{"N": 4, "decoder": 4, "fibre": 4, "kind": "state", "m": 5, "next": [0, 0, 0, 4], "period": 5, "recurrent_predicate": false, "state": [2, 2, 2, 3], "tail": 3}
{"N": 4, "decoder": 4, "fibre": 4, "kind": "state", "m": 5, "next": [0, 0, 0, 0], "period": 5, "recurrent_predicate": false, "state": [2, 2, 2, 4], "tail": 1}
{"N": 4, "decoder": 1, "fibre": 1, "kind": "state", "m": 5, "next": [4, 4, 4, 1], "period": 5, "recurrent_predicate": false, "state": [2, 2, 3, 0], "tail": 2}
{"N": 4, "decoder": 0, "fibre": 0, "kind": "state", "m": 5, "next": [4, 4, 4, 2], "period": 5, "recurrent_predicate": false, "state": [2, 2, 3, 1], "tail": 5}
{"N": 4, "decoder": 4, "fibre": 4, "kind": "state", "m": 5, "next": [0, 0, 4, 0], "period": 5, "recurrent_predicate": false, "state": [2, 2, 3, 2], "tail": 3}
{"N": 4, "decoder": 1, "fibre": 1, "kind": "state", "m": 5, "next": [4, 4, 0, 0], "period": 5, "recurrent_predicate": true, "state": [2, 2, 3, 3], "tail": 0}
{"N": 4, "decoder": 1, "fibre": 1, "kind": "state", "m": 5, "next": [4, 4, 4, 0], "period": 5, "recurrent_predicate": false, "state": [2, 2, 3, 4], "tail": 4}
{"N": 4, "decoder": 1, "fibre": 1, "kind": "state", "m": 5, "next": [4, 4, 0, 1], "period": 5, "recurrent_predicate": false, "state": [2, 2, 4, 0], "tail": 5}
{"N": 4, "decoder": 0, "fibre": 0, "kind": "state", "m": 5, "next": [4, 4, 0, 2], "period": 5, "recurrent_predicate": false, "state": [2, 2, 4, 1], "tail": 3}
{"N": 4, "decoder": 4, "fibre": 4, "kind": "state", "m": 5, "next": [0, 0, 0, 0], "period": 5, "recurrent_predicate": false, "state": [2, 2, 4, 2], "tail": 1}
{"N": 4, "decoder": 1, "fibre": 1, "kind": "state", "m": 5, "next": [4, 4, 0, 4], "period": 5, "recurrent_predicate": false, "state": [2, 2, 4, 3], "tail": 4}
{"N": 4, "decoder": 1, "fibre": 1, "kind": "state", "m": 5, "next": [4, 4, 1, 1], "period": 5, "recurrent_predicate": true, "state": [2, 2, 4, 4], "tail": 0}
{"N": 4, "decoder": 1, "fibre": 1, "kind": "state", "m": 5, "next": [3, 4, 2, 2], "period": 5, "recurrent_predicate": false, "state": [2, 3, 0, 0], "tail": 5}
{"N": 4, "decoder": 1, "fibre": 1, "kind": "state", "m": 5, "next": [3, 4, 1, 2], "period": 5, "recurrent_predicate": true, "state": [2, 3, 0, 1], "tail": 0}
{"N": 4, "decoder": 1, "fibre": 1, "kind": "state", "m": 5, "next": [4, 4, 1, 4], "period": 5, "recurrent_predicate": false, "state": [2, 3, 0, 2], "tail": 2}
{"N": 4, "decoder": 0, "fibre": 0, "kind": "state", "m": 5, "next": [3, 0, 1, 0], "period": 5, "recurrent_predicate": false, "state": [2, 3, 0, 3], "tail": 3}
{"N": 4, "decoder": 1, "fibre": 1, "kind": "state", "m": 5, "next": [3, 4, 1, 0], "period": 5, "recurrent_predicate": true, "state": [2, 3, 0, 4], "tail": 0}
{"N": 4, "decoder": 1, "fibre": 1, "kind": "state", "m": 5, "next": [3, 4, 2, 1], "period": 5, "recurrent_predicate": true, "state": [2, 3, 1, 0], "tail": 0}
{"N": 4, "decoder": 1, "fibre": 1, "kind": "state", "m": 5, "next": [3, 4, 3, 3], "period": 5, "recurrent_predicate": false, "state": [2, 3, 1, 1], "tail": 4}
{"N": 4, "decoder": 0, "fibre": 0, "kind": "state", "m": 5, "next": [4, 4, 2, 4], "period": 5, "recurrent_predicate": false, "state": [2, 3, 1, 2], "tail": 5}
{"N": 4, "decoder": 0, "fibre": 0, "kind": "state", "m": 5, "next": [3, 0, 2, 0], "period": 5, "recurrent_predicate": false, "state": [2, 3, 1, 3], "tail": 6}
{"N": 4, "decoder": 1, "fibre": 1, "kind": "state", "m": 5, "next": [3, 4, 2, 0], "period": 5, "recurrent_predicate": true, "state": [2, 3, 1, 4], "tail": 0}
{"N": 4, "decoder": 1, "fibre": 1, "kind": "state", "m": 5, "next": [4, 4, 4, 1], "period": 5, "recurrent_predicate": false, "state": [2, 3, 2, 0], "tail": 2}
{"N": 4, "decoder": 0, "fibre": 0, "kind": "state", "m": 5, "next": [4, 4, 4, 2], "period": 5, "recurrent_predicate": false, "state": [2, 3, 2, 1], "tail": 5}
{"N": 4, "decoder": 4, "fibre": 4, "kind": "state", "m": 5, "next": [0, 4, 0, 0], "period": 5, "recurrent_predicate": false, "state": [2, 3, 2, 2], "tail": 3}
{"N": 4, "decoder": 1, "fibre": 1, "kind": "state", "m": 5, "next": [4, 0, 4, 0], "period": 5, "recurrent_predicate": true, "state": [2, 3, 2, 3], "tail": 0}
{"N": 4, "decoder": 1, "fibre": 1, "kind": "state", "m": 5, "next": [4, 4, 4, 0], "period": 5, "recurrent_predicate": false, "state": [2, 3, 2, 4], "tail": 4}
{"N": 4, "decoder": 0, "fibre": 0, "kind": "state", "m": 5, "next": [3, 0, 0, 1], "period": 5, "recurrent_predicate": false, "state": [2, 3, 3, 0], "tail": 3}
{"N": 4, "decoder": 0, "fibre": 0, "kind": "state", "m": 5, "next": [3, 0, 0, 2], "period": 5, "recurrent_predicate": false, "state": [2, 3, 3, 1], "tail": 6}
{"N": 4, "decoder": 1, "fibre": 1, "kind": "state", "m": 5, "next": [4, 0, 0, 4], "period": 5, "recurrent_predicate": true, "state": [2, 3, 3, 2], "tail": 0}
{"N": 4, "decoder": 1, "fibre": 1, "kind": "state", "m": 5, "next": [3, 1, 1, 1], "period": 5, "recurrent_predicate": false, "state": [2, 3, 3, 3], "tail": 2}
{"N": 4, "decoder": 0, "fibre": 0, "kind": "state", "m": 5, "next": [3, 0, 0, 0], "period": 5, "recurrent_predicate": false, "state": [2, 3, 3, 4], "tail": 5}
{"N": 4, "decoder": 1, "fibre": 1, "kind": "state", "m": 5, "next": [3, 4, 0, 1], "period": 5, "recurrent_predicate": true, "state": [2, 3, 4, 0], "tail": 0}
{"N": 4, "decoder": 1, "fibre": 1, "kind": "state", "m": 5, "next": [3, 4, 0, 2], "period": 5, "recurrent_predicate": true, "state": [2, 3, 4, 1], "tail": 0}
{"N": 4, "decoder": 1, "fibre": 1, "kind": "state", "m": 5, "next": [4, 4, 0, 4], "period": 5, "recurrent_predicate": false, "state": [2, 3, 4, 2], "tail": 4}
{"N": 4, "decoder": 0, "fibre": 0, "kind": "state", "m": 5, "next": [3, 0, 0, 0], "period": 5, "recurrent_predicate": false, "state": [2, 3, 4, 3], "tail": 5}
{"N": 4, "decoder": 0, "fibre": 0, "kind": "state", "m": 5, "next": [3, 4, 1, 1], "period": 5, "recurrent_predicate": false, "state": [2, 3, 4, 4], "tail": 6}
{"N": 4, "decoder": 0, "fibre": 0, "kind": "state", "m": 5, "next": [3, 0, 2, 2], "period": 5, "recurrent_predicate": false, "state": [2, 4, 0, 0], "tail": 3}
{"N": 4, "decoder": 1, "fibre": 1, "kind": "state", "m": 5, "next": [3, 0, 1, 2], "period": 5, "recurrent_predicate": true, "state": [2, 4, 0, 1], "tail": 0}
{"N": 4, "decoder": 1, "fibre": 1, "kind": "state", "m": 5, "next": [4, 0, 1, 4], "period": 5, "recurrent_predicate": false, "state": [2, 4, 0, 2], "tail": 5}
{"N": 4, "decoder": 1, "fibre": 1, "kind": "state", "m": 5, "next": [3, 0, 1, 4], "period": 5, "recurrent_predicate": true, "state": [2, 4, 0, 3], "tail": 0}
{"N": 4, "decoder": 1, "fibre": 1, "kind": "state", "m": 5, "next": [3, 1, 1, 1], "period": 5, "recurrent_predicate": false, "state": [2, 4, 0, 4], "tail": 2}
{"N": 4, "decoder": 1, "fibre": 1, "kind": "state", "m": 5, "next": [3, 0, 2, 1], "period": 5, "recurrent_predicate": true, "state": [2, 4, 1, 0], "tail": 0}
{"N": 4, "decoder": 1, "fibre": 1, "kind": "state", "m": 5, "next": [3, 0, 3, 3], "period": 5, "recurrent_predicate": false, "state": [2, 4, 1, 1], "tail": 2}
{"N": 4, "decoder": 0, "fibre": 0, "kind": "state", "m": 5, "next": [4, 0, 2, 4], "period": 5, "recurrent_predicate": false, "state": [2, 4, 1, 2], "tail": 3}
{"N": 4, "decoder": 1, "fibre": 1, "kind": "state", "m": 5, "next": [3, 0, 2, 4], "period": 5, "recurrent_predicate": true, "state": [2, 4, 1, 3], "tail": 0}
{"N": 4, "decoder": 1, "fibre": 1, "kind": "state", "m": 5, "next": [3, 1, 2, 1], "period": 5, "recurrent_predicate": false, "state": [2, 4, 1, 4], "tail": 5}
{"N": 4, "decoder": 1, "fibre": 1, "kind": "state", "m": 5, "next": [4, 0, 4, 1], "period": 5, "recurrent_predicate": false, "state": [2, 4, 2, 0], "tail": 5}
{"N": 4, "decoder": 0, "fibre": 0, "kind": "state", "m": 5, "next": [4, 0, 4, 2], "period": 5, "recurrent_predicate": false, "state": [2, 4, 2, 1], "tail": 3}
{"N": 4, "decoder": 4, "fibre": 4, "kind": "state", "m": 5, "next": [0, 0, 0, 0], "period": 5, "recurrent_predicate": false, "state": [2, 4, 2, 2], "tail": 1}
{"N": 4, "decoder": 1, "fibre": 1, "kind": "state", "m": 5, "next": [4, 0, 4, 4], "period": 5, "recurrent_predicate": false, "state": [2, 4, 2, 3], "tail": 4}
{"N": 4, "decoder": 1, "fibre": 1, "kind": "state", "m": 5, "next": [4, 1, 4, 1], "period": 5, "recurrent_predicate": true, "state": [2, 4, 2, 4], "tail": 0}
{"N": 4, "decoder": 1, "fibre": 1, "kind": "state", "m": 5, "next": [3, 0, 4, 1], "period": 5, "recurrent_predicate": true, "state": [2, 4, 3, 0], "tail": 0}
{"N": 4, "decoder": 1, "fibre": 1, "kind": "state", "m": 5, "next": [3, 0, 4, 2], "period": 5, "recurrent_predicate": true, "state": [2, 4, 3, 1], "tail": 0}
{"N": 4, "decoder": 1, "fibre": 1, "kind": "state", "m": 5, "next": [4, 0, 4, 4], "period": 5, "recurrent_predicate": false, "state": [2, 4, 3, 2], "tail": 4}
{"N": 4, "decoder": 0, "fibre": 0, "kind": "state", "m": 5, "next": [3, 0, 0, 0], "period": 5, "recurrent_predicate": false, "state": [2, 4, 3, 3], "tail": 5}
{"N": 4, "decoder": 0, "fibre": 0, "kind": "state", "m": 5, "next": [3, 1, 4, 1], "period": 5, "recurrent_predicate": false, "state": [2, 4, 3, 4], "tail": 6}
{"N": 4, "decoder": 1, "fibre": 1, "kind": "state", "m": 5, "next": [3, 1, 1, 1], "period": 5, "recurrent_predicate": false, "state": [2, 4, 4, 0], "tail": 2}
{"N": 4, "decoder": 1, "fibre": 1, "kind": "state", "m": 5, "next": [3, 1, 1, 2], "period": 5, "recurrent_predicate": false, "state": [2, 4, 4, 1], "tail": 5}
{"N": 4, "decoder": 1, "fibre": 1, "kind": "state", "m": 5, "next": [4, 1, 1, 4], "period": 5, "recurrent_predicate": true, "state": [2, 4, 4, 2], "tail": 0}
{"N": 4, "decoder": 0, "fibre": 0, "kind": "state", "m": 5, "next": [3, 1, 1, 4], "period": 5, "recurrent_predicate": false, "state": [2, 4, 4, 3], "tail": 6}
{"N": 4, "decoder": 3, "fibre": 3, "kind": "state", "m": 5, "next": [3, 2, 2, 2], "period": 5, "recurrent_predicate": false, "state": [2, 4, 4, 4], "tail": 4}
{"N": 4, "decoder": 3, "fibre": 3, "kind": "state", "m": 5, "next": [4, 3, 3, 3], "period": 5, "recurrent_predicate": false, "state": [3, 0, 0, 0], "tail": 4}
{"N": 4, "decoder": 1, "fibre": 1, "kind": "state", "m": 5, "next": [4, 2, 2, 2], "period": 5, "recurrent_predicate": false, "state": [3, 0, 0, 1], "tail": 2}
{"N": 4, "decoder": 1, "fibre": 1, "kind": "state", "m": 5, "next": [4, 2, 2, 3], "period": 5, "recurrent_predicate": false, "state": [3, 0, 0, 2], "tail": 5}
{"N": 4, "decoder": 1, "fibre": 1, "kind": "state", "m": 5, "next": [0, 2, 2, 0], "period": 5, "recurrent_predicate": true, "state": [3, 0, 0, 3], "tail": 0}
{"N": 4, "decoder": 0, "fibre": 0, "kind": "state", "m": 5, "next": [4, 2, 2, 0], "period": 5, "recurrent_predicate": false, "state": [3, 0, 0, 4], "tail": 6}
{"N": 4, "decoder": 1, "fibre": 1, "kind": "state", "m": 5, "next": [4, 2, 2, 2], "period": 5, "recurrent_predicate": false, "state": [3, 0, 1, 0], "tail": 2}
{"N": 4, "decoder": 0, "fibre": 0, "kind": "state", "m": 5, "next": [4, 1, 3, 3], "period": 5, "recurrent_predicate": false, "state": [3, 0, 1, 1], "tail": 3}
{"N": 4, "decoder": 1, "fibre": 1, "kind": "state", "m": 5, "next": [4, 1, 2, 3], "period": 5, "recurrent_predicate": true, "state": [3, 0, 1, 2], "tail": 0}
{"N": 4, "decoder": 1, "fibre": 1, "kind": "state", "m": 5, "next": [0, 1, 2, 0], "period": 5, "recurrent_predicate": false, "state": [3, 0, 1, 3], "tail": 5}
{"N": 4, "decoder": 1, "fibre": 1, "kind": "state", "m": 5, "next": [4, 1, 2, 0], "period": 5, "recurrent_predicate": true, "state": [3, 0, 1, 4], "tail": 0}
{"N": 4, "decoder": 1, "fibre": 1, "kind": "state", "m": 5, "next": [4, 2, 3, 2], "period": 5, "recurrent_predicate": false, "state": [3, 0, 2, 0], "tail": 5}
{"N": 4, "decoder": 1, "fibre": 1, "kind": "state", "m": 5, "next": [4, 1, 3, 2], "period": 5, "recurrent_predicate": true, "state": [3, 0, 2, 1], "tail": 0}
{"N": 4, "decoder": 1, "fibre": 1, "kind": "state", "m": 5, "next": [4, 1, 4, 4], "period": 5, "recurrent_predicate": false, "state": [3, 0, 2, 2], "tail": 2}
{"N": 4, "decoder": 0, "fibre": 0, "kind": "state", "m": 5, "next": [0, 1, 3, 0], "period": 5, "recurrent_predicate": false, "state": [3, 0, 2, 3], "tail": 3}
{"N": 4, "decoder": 1, "fibre": 1, "kind": "state", "m": 5, "next": [4, 1, 3, 0], "period": 5, "recurrent_predicate": true, "state": [3, 0, 2, 4], "tail": 0}
{"N": 4, "decoder": 1, "fibre": 1, "kind": "state", "m": 5, "next": [0, 2, 0, 2], "period": 5, "recurrent_predicate": true, "state": [3, 0, 3, 0], "tail": 0}
{"N": 4, "decoder": 1, "fibre": 1, "kind": "state", "m": 5, "next": [0, 1, 0, 2], "period": 5, "recurrent_predicate": false, "state": [3, 0, 3, 1], "tail": 5}
{"N": 4, "decoder": 0, "fibre": 0, "kind": "state", "m": 5, "next": [0, 1, 0, 3], "period": 5, "recurrent_predicate": false, "state": [3, 0, 3, 2], "tail": 3}
{"N": 4, "decoder": 4, "fibre": 4, "kind": "state", "m": 5, "next": [1, 1, 1, 1], "period": 5, "recurrent_predicate": false, "state": [3, 0, 3, 3], "tail": 1}
{"N": 4, "decoder": 1, "fibre": 1, "kind": "state", "m": 5, "next": [0, 1, 0, 0], "period": 5, "recurrent_predicate": false, "state": [3, 0, 3, 4], "tail": 4}
{"N": 4, "decoder": 0, "fibre": 0, "kind": "state", "m": 5, "next": [4, 2, 0, 2], "period": 5, "recurrent_predicate": false, "state": [3, 0, 4, 0], "tail": 6}
{"N": 4, "decoder": 1, "fibre": 1, "kind": "state", "m": 5, "next": [4, 1, 0, 2], "period": 5, "recurrent_predicate": true, "state": [3, 0, 4, 1], "tail": 0}
{"N": 4, "decoder": 1, "fibre": 1, "kind": "state", "m": 5, "next": [4, 1, 0, 3], "period": 5, "recurrent_predicate": true, "state": [3, 0, 4, 2], "tail": 0}
{"N": 4, "decoder": 1, "fibre": 1, "kind": "state", "m": 5, "next": [0, 1, 0, 0], "period": 5, "recurrent_predicate": false, "state": [3, 0, 4, 3], "tail": 4}
{"N": 4, "decoder": 0, "fibre": 0, "kind": "state", "m": 5, "next": [4, 1, 1, 1], "period": 5, "recurrent_predicate": false, "state": [3, 0, 4, 4], "tail": 5}
{"N": 4, "decoder": 1, "fibre": 1, "kind": "state", "m": 5, "next": [4, 2, 2, 2], "period": 5, "recurrent_predicate": false, "state": [3, 1, 0, 0], "tail": 2}
{"N": 4, "decoder": 0, "fibre": 0, "kind": "state", "m": 5, "next": [4, 3, 1, 3], "period": 5, "recurrent_predicate": false, "state": [3, 1, 0, 1], "tail": 3}
{"N": 4, "decoder": 1, "fibre": 1, "kind": "state", "m": 5, "next": [4, 2, 1, 3], "period": 5, "recurrent_predicate": true, "state": [3, 1, 0, 2], "tail": 0}
{"N": 4, "decoder": 1, "fibre": 1, "kind": "state", "m": 5, "next": [0, 2, 1, 0], "period": 5, "recurrent_predicate": false, "state": [3, 1, 0, 3], "tail": 5}
{"N": 4, "decoder": 1, "fibre": 1, "kind": "state", "m": 5, "next": [4, 2, 1, 0], "period": 5, "recurrent_predicate": true, "state": [3, 1, 0, 4], "tail": 0}
{"N": 4, "decoder": 0, "fibre": 0, "kind": "state", "m": 5, "next": [4, 3, 3, 1], "period": 5, "recurrent_predicate": false, "state": [3, 1, 1, 0], "tail": 3}
{"N": 4, "decoder": 4, "fibre": 4, "kind": "state", "m": 5, "next": [4, 4, 4, 4], "period": 5, "recurrent_predicate": false, "state": [3, 1, 1, 1], "tail": 1}
{"N": 4, "decoder": 1, "fibre": 1, "kind": "state", "m": 5, "next": [4, 3, 3, 3], "period": 5, "recurrent_predicate": false, "state": [3, 1, 1, 2], "tail": 4}
{"N": 4, "decoder": 1, "fibre": 1, "kind": "state", "m": 5, "next": [0, 3, 3, 0], "period": 5, "recurrent_predicate": true, "state": [3, 1, 1, 3], "tail": 0}
{"N": 4, "decoder": 1, "fibre": 1, "kind": "state", "m": 5, "next": [4, 3, 3, 0], "period": 5, "recurrent_predicate": false, "state": [3, 1, 1, 4], "tail": 5}
{"N": 4, "decoder": 1, "fibre": 1, "kind": "state", "m": 5, "next": [4, 2, 3, 1], "period": 5, "recurrent_predicate": true, "state": [3, 1, 2, 0], "tail": 0}
{"N": 4, "decoder": 1, "fibre": 1, "kind": "state", "m": 5, "next": [4, 3, 3, 3], "period": 5, "recurrent_predicate": false, "state": [3, 1, 2, 1], "tail": 4}
{"N": 4, "decoder": 0, "fibre": 0, "kind": "state", "m": 5, "next": [4, 2, 4, 4], "period": 5, "recurrent_predicate": false, "state": [3, 1, 2, 2], "tail": 5}
{"N": 4, "decoder": 0, "fibre": 0, "kind": "state", "m": 5, "next": [0, 2, 3, 0], "period": 5, "recurrent_predicate": false, "state": [3, 1, 2, 3], "tail": 6}
{"N": 4, "decoder": 1, "fibre": 1, "kind": "state", "m": 5, "next": [4, 2, 3, 0], "period": 5, "recurrent_predicate": true, "state": [3, 1, 2, 4], "tail": 0}
{"N": 4, "decoder": 1, "fibre": 1, "kind": "state", "m": 5, "next": [0, 2, 0, 1], "period": 5, "recurrent_predicate": false, "state": [3, 1, 3, 0], "tail": 5}
{"N": 4, "decoder": 1, "fibre": 1, "kind": "state", "m": 5, "next": [0, 3, 0, 3], "period": 5, "recurrent_predicate": true, "state": [3, 1, 3, 1], "tail": 0}
{"N": 4, "decoder": 0, "fibre": 0, "kind": "state", "m": 5, "next": [0, 2, 0, 3], "period": 5, "recurrent_predicate": false, "state": [3, 1, 3, 2], "tail": 6}
{"N": 4, "decoder": 3, "fibre": 3, "kind": "state", "m": 5, "next": [1, 2, 1, 1], "period": 5, "recurrent_predicate": false, "state": [3, 1, 3, 3], "tail": 4}
{"N": 4, "decoder": 1, "fibre": 1, "kind": "state", "m": 5, "next": [0, 2, 0, 0], "period": 5, "recurrent_predicate": false, "state": [3, 1, 3, 4], "tail": 2}
{"N": 4, "decoder": 1, "fibre": 1, "kind": "state", "m": 5, "next": [4, 2, 0, 1], "period": 5, "recurrent_predicate": true, "state": [3, 1, 4, 0], "tail": 0}
{"N": 4, "decoder": 1, "fibre": 1, "kind": "state", "m": 5, "next": [4, 3, 0, 3], "period": 5, "recurrent_predicate": false, "state": [3, 1, 4, 1], "tail": 5}
{"N": 4, "decoder": 1, "fibre": 1, "kind": "state", "m": 5, "next": [4, 2, 0, 3], "period": 5, "recurrent_predicate": true, "state": [3, 1, 4, 2], "tail": 0}
{"N": 4, "decoder": 1, "fibre": 1, "kind": "state", "m": 5, "next": [0, 2, 0, 0], "period": 5, "recurrent_predicate": false, "state": [3, 1, 4, 3], "tail": 2}
{"N": 4, "decoder": 0, "fibre": 0, "kind": "state", "m": 5, "next": [4, 2, 1, 1], "period": 5, "recurrent_predicate": false, "state": [3, 1, 4, 4], "tail": 3}
{"N": 4, "decoder": 1, "fibre": 1, "kind": "state", "m": 5, "next": [4, 3, 2, 2], "period": 5, "recurrent_predicate": false, "state": [3, 2, 0, 0], "tail": 5}
{"N": 4, "decoder": 1, "fibre": 1, "kind": "state", "m": 5, "next": [4, 3, 1, 2], "period": 5, "recurrent_predicate": true, "state": [3, 2, 0, 1], "tail": 0}
{"N": 4, "decoder": 1, "fibre": 1, "kind": "state", "m": 5, "next": [4, 4, 1, 4], "period": 5, "recurrent_predicate": false, "state": [3, 2, 0, 2], "tail": 2}
{"N": 4, "decoder": 0, "fibre": 0, "kind": "state", "m": 5, "next": [0, 3, 1, 0], "period": 5, "recurrent_predicate": false, "state": [3, 2, 0, 3], "tail": 3}
{"N": 4, "decoder": 1, "fibre": 1, "kind": "state", "m": 5, "next": [4, 3, 1, 0], "period": 5, "recurrent_predicate": true, "state": [3, 2, 0, 4], "tail": 0}
{"N": 4, "decoder": 1, "fibre": 1, "kind": "state", "m": 5, "next": [4, 3, 2, 1], "period": 5, "recurrent_predicate": true, "state": [3, 2, 1, 0], "tail": 0}
{"N": 4, "decoder": 1, "fibre": 1, "kind": "state", "m": 5, "next": [4, 3, 3, 3], "period": 5, "recurrent_predicate": false, "state": [3, 2, 1, 1], "tail": 4}
{"N": 4, "decoder": 0, "fibre": 0, "kind": "state", "m": 5, "next": [4, 4, 2, 4], "period": 5, "recurrent_predicate": false, "state": [3, 2, 1, 2], "tail": 5}
{"N": 4, "decoder": 0, "fibre": 0, "kind": "state", "m": 5, "next": [0, 3, 2, 0], "period": 5, "recurrent_predicate": false, "state": [3, 2, 1, 3], "tail": 6}
{"N": 4, "decoder": 1, "fibre": 1, "kind": "state", "m": 5, "next": [4, 3, 2, 0], "period": 5, "recurrent_predicate": true, "state": [3, 2, 1, 4], "tail": 0}
{"N": 4, "decoder": 1, "fibre": 1, "kind": "state", "m": 5, "next": [4, 4, 4, 1], "period": 5, "recurrent_predicate": false, "state": [3, 2, 2, 0], "tail": 2}
{"N": 4, "decoder": 0, "fibre": 0, "kind": "state", "m": 5, "next": [4, 4, 4, 2], "period": 5, "recurrent_predicate": false, "state": [3, 2, 2, 1], "tail": 5}
{"N": 4, "decoder": 4, "fibre": 4, "kind": "state", "m": 5, "next": [4, 0, 0, 0], "period": 5, "recurrent_predicate": false, "state": [3, 2, 2, 2], "tail": 3}
{"N": 4, "decoder": 1, "fibre": 1, "kind": "state", "m": 5, "next": [0, 4, 4, 0], "period": 5, "recurrent_predicate": true, "state": [3, 2, 2, 3], "tail": 0}
{"N": 4, "decoder": 1, "fibre": 1, "kind": "state", "m": 5, "next": [4, 4, 4, 0], "period": 5, "recurrent_predicate": false, "state": [3, 2, 2, 4], "tail": 4}
{"N": 4, "decoder": 0, "fibre": 0, "kind": "state", "m": 5, "next": [0, 3, 0, 1], "period": 5, "recurrent_predicate": false, "state": [3, 2, 3, 0], "tail": 3}
{"N": 4, "decoder": 0, "fibre": 0, "kind": "state", "m": 5, "next": [0, 3, 0, 2], "period": 5, "recurrent_predicate": false, "state": [3, 2, 3, 1], "tail": 6}
{"N": 4, "decoder": 1, "fibre": 1, "kind": "state", "m": 5, "next": [0, 4, 0, 4], "period": 5, "recurrent_predicate": true, "state": [3, 2, 3, 2], "tail": 0}
{"N": 4, "decoder": 1, "fibre": 1, "kind": "state", "m": 5, "next": [1, 3, 1, 1], "period": 5, "recurrent_predicate": false, "state": [3, 2, 3, 3], "tail": 2}
{"N": 4, "decoder": 0, "fibre": 0, "kind": "state", "m": 5, "next": [0, 3, 0, 0], "period": 5, "recurrent_predicate": false, "state": [3, 2, 3, 4], "tail": 5}
{"N": 4, "decoder": 1, "fibre": 1, "kind": "state", "m": 5, "next": [4, 3, 0, 1], "period": 5, "recurrent_predicate": true, "state": [3, 2, 4, 0], "tail": 0}
{"N": 4, "decoder": 1, "fibre": 1, "kind": "state", "m": 5, "next": [4, 3, 0, 2], "period": 5, "recurrent_predicate": true, "state": [3, 2, 4, 1], "tail": 0}
{"N": 4, "decoder": 1, "fibre": 1, "kind": "state", "m": 5, "next": [4, 4, 0, 4], "period": 5, "recurrent_predicate": false, "state": [3, 2, 4, 2], "tail": 4}
{"N": 4, "decoder": 0, "fibre": 0, "kind": "state", "m": 5, "next": [0, 3, 0, 0], "period": 5, "recurrent_predicate": false, "state": [3, 2, 4, 3], "tail": 5}
{"N": 4, "decoder": 0, "fibre": 0, "kind": "state", "m": 5, "next": [4, 3, 1, 1], "period": 5, "recurrent_predicate": false, "state": [3, 2, 4, 4], "tail": 6}
{"N": 4, "decoder": 1, "fibre": 1, "kind": "state", "m": 5, "next": [0, 0, 2, 2], "period": 5, "recurrent_predicate": true, "state": [3, 3, 0, 0], "tail": 0}
{"N": 4, "decoder": 1, "fibre": 1, "kind": "state", "m": 5, "next": [0, 0, 1, 2], "period": 5, "recurrent_predicate": false, "state": [3, 3, 0, 1], "tail": 5}
{"N": 4, "decoder": 0, "fibre": 0, "kind": "state", "m": 5, "next": [0, 0, 1, 3], "period": 5, "recurrent_predicate": false, "state": [3, 3, 0, 2], "tail": 3}
{"N": 4, "decoder": 4, "fibre": 4, "kind": "state", "m": 5, "next": [1, 1, 1, 1], "period": 5, "recurrent_predicate": false, "state": [3, 3, 0, 3], "tail": 1}
{"N": 4, "decoder": 1, "fibre": 1, "kind": "state", "m": 5, "next": [0, 0, 1, 0], "period": 5, "recurrent_predicate": false, "state": [3, 3, 0, 4], "tail": 4}
{"N": 4, "decoder": 1, "fibre": 1, "kind": "state", "m": 5, "next": [0, 0, 2, 1], "period": 5, "recurrent_predicate": false, "state": [3, 3, 1, 0], "tail": 5}
{"N": 4, "decoder": 1, "fibre": 1, "kind": "state", "m": 5, "next": [0, 0, 3, 3], "period": 5, "recurrent_predicate": true, "state": [3, 3, 1, 1], "tail": 0}
{"N": 4, "decoder": 0, "fibre": 0, "kind": "state", "m": 5, "next": [0, 0, 2, 3], "period": 5, "recurrent_predicate": false, "state": [3, 3, 1, 2], "tail": 6}
{"N": 4, "decoder": 3, "fibre": 3, "kind": "state", "m": 5, "next": [1, 1, 2, 1], "period": 5, "recurrent_predicate": false, "state": [3, 3, 1, 3], "tail": 4}
{"N": 4, "decoder": 1, "fibre": 1, "kind": "state", "m": 5, "next": [0, 0, 2, 0], "period": 5, "recurrent_predicate": false, "state": [3, 3, 1, 4], "tail": 2}
{"N": 4, "decoder": 0, "fibre": 0, "kind": "state", "m": 5, "next": [0, 0, 3, 1], "period": 5, "recurrent_predicate": false, "state": [3, 3, 2, 0], "tail": 3}
{"N": 4, "decoder": 0, "fibre": 0, "kind": "state", "m": 5, "next": [0, 0, 3, 2], "period": 5, "recurrent_predicate": false, "state": [3, 3, 2, 1], "tail": 6}
{"N": 4, "decoder": 1, "fibre": 1, "kind": "state", "m": 5, "next": [0, 0, 4, 4], "period": 5, "recurrent_predicate": true, "state": [3, 3, 2, 2], "tail": 0}
{"N": 4, "decoder": 1, "fibre": 1, "kind": "state", "m": 5, "next": [1, 1, 3, 1], "period": 5, "recurrent_predicate": false, "state": [3, 3, 2, 3], "tail": 2}
{"N": 4, "decoder": 0, "fibre": 0, "kind": "state", "m": 5, "next": [0, 0, 3, 0], "period": 5, "recurrent_predicate": false, "state": [3, 3, 2, 4], "tail": 5}
{"N": 4, "decoder": 4, "fibre": 4, "kind": "state", "m": 5, "next": [1, 1, 1, 1], "period": 5, "recurrent_predicate": false, "state": [3, 3, 3, 0], "tail": 1}
{"N": 4, "decoder": 3, "fibre": 3, "kind": "state", "m": 5, "next": [1, 1, 1, 2], "period": 5, "recurrent_predicate": false, "state": [3, 3, 3, 1], "tail": 4}
{"N": 4, "decoder": 1, "fibre": 1, "kind": "state", "m": 5, "next": [1, 1, 1, 3], "period": 5, "recurrent_predicate": false, "state": [3, 3, 3, 2], "tail": 2}
{"N": 4, "decoder": 5, "fibre": 5, "kind": "state", "m": 5, "next": [2, 2, 2, 2], "period": 5, "recurrent_predicate": true, "state": [3, 3, 3, 3], "tail": 0}
{"N": 4, "decoder": 4, "fibre": 4, "kind": "state", "m": 5, "next": [1, 1, 1, 0], "period": 5, "recurrent_predicate": false, "state": [3, 3, 3, 4], "tail": 3}
{"N": 4, "decoder": 1, "fibre": 1, "kind": "state", "m": 5, "next": [0, 0, 0, 1], "period": 5, "recurrent_predicate": false, "state": [3, 3, 4, 0], "tail": 4}
{"N": 4, "decoder": 1, "fibre": 1, "kind": "state", "m": 5, "next": [0, 0, 0, 2], "period": 5, "recurrent_predicate": false, "state": [3, 3, 4, 1], "tail": 2}
{"N": 4, "decoder": 0, "fibre": 0, "kind": "state", "m": 5, "next": [0, 0, 0, 3], "period": 5, "recurrent_predicate": false, "state": [3, 3, 4, 2], "tail": 5}
{"N": 4, "decoder": 4, "fibre": 4, "kind": "state", "m": 5, "next": [1, 1, 0, 1], "period": 5, "recurrent_predicate": false, "state": [3, 3, 4, 3], "tail": 3}
{"N": 4, "decoder": 1, "fibre": 1, "kind": "state", "m": 5, "next": [0, 0, 1, 1], "period": 5, "recurrent_predicate": true, "state": [3, 3, 4, 4], "tail": 0}
{"N": 4, "decoder": 0, "fibre": 0, "kind": "state", "m": 5, "next": [4, 0, 2, 2], "period": 5, "recurrent_predicate": false, "state": [3, 4, 0, 0], "tail": 6}
{"N": 4, "decoder": 1, "fibre": 1, "kind": "state", "m": 5, "next": [4, 0, 1, 2], "period": 5, "recurrent_predicate": true, "state": [3, 4, 0, 1], "tail": 0}
{"N": 4, "decoder": 1, "fibre": 1, "kind": "state", "m": 5, "next": [4, 0, 1, 3], "period": 5, "recurrent_predicate": true, "state": [3, 4, 0, 2], "tail": 0}
{"N": 4, "decoder": 1, "fibre": 1, "kind": "state", "m": 5, "next": [0, 0, 1, 0], "period": 5, "recurrent_predicate": false, "state": [3, 4, 0, 3], "tail": 4}
{"N": 4, "decoder": 0, "fibre": 0, "kind": "state", "m": 5, "next": [4, 1, 1, 1], "period": 5, "recurrent_predicate": false, "state": [3, 4, 0, 4], "tail": 5}
{"N": 4, "decoder": 1, "fibre": 1, "kind": "state", "m": 5, "next": [4, 0, 2, 1], "period": 5, "recurrent_predicate": true, "state": [3, 4, 1, 0], "tail": 0}
{"N": 4, "decoder": 1, "fibre": 1, "kind": "state", "m": 5, "next": [4, 0, 3, 3], "period": 5, "recurrent_predicate": false, "state": [3, 4, 1, 1], "tail": 5}
{"N": 4, "decoder": 1, "fibre": 1, "kind": "state", "m": 5, "next": [4, 0, 2, 3], "period": 5, "recurrent_predicate": true, "state": [3, 4, 1, 2], "tail": 0}
{"N": 4, "decoder": 1, "fibre": 1, "kind": "state", "m": 5, "next": [0, 0, 2, 0], "period": 5, "recurrent_predicate": false, "state": [3, 4, 1, 3], "tail": 2}
{"N": 4, "decoder": 0, "fibre": 0, "kind": "state", "m": 5, "next": [4, 1, 2, 1], "period": 5, "recurrent_predicate": false, "state": [3, 4, 1, 4], "tail": 3}
{"N": 4, "decoder": 1, "fibre": 1, "kind": "state", "m": 5, "next": [4, 0, 3, 1], "period": 5, "recurrent_predicate": true, "state": [3, 4, 2, 0], "tail": 0}
{"N": 4, "decoder": 1, "fibre": 1, "kind": "state", "m": 5, "next": [4, 0, 3, 2], "period": 5, "recurrent_predicate": true, "state": [3, 4, 2, 1], "tail": 0}
{"N": 4, "decoder": 1, "fibre": 1, "kind": "state", "m": 5, "next": [4, 0, 4, 4], "period": 5, "recurrent_predicate": false, "state": [3, 4, 2, 2], "tail": 4}
{"N": 4, "decoder": 0, "fibre": 0, "kind": "state", "m": 5, "next": [0, 0, 3, 0], "period": 5, "recurrent_predicate": false, "state": [3, 4, 2, 3], "tail": 5}
{"N": 4, "decoder": 0, "fibre": 0, "kind": "state", "m": 5, "next": [4, 1, 3, 1], "period": 5, "recurrent_predicate": false, "state": [3, 4, 2, 4], "tail": 6}
{"N": 4, "decoder": 1, "fibre": 1, "kind": "state", "m": 5, "next": [0, 0, 0, 1], "period": 5, "recurrent_predicate": false, "state": [3, 4, 3, 0], "tail": 4}
{"N": 4, "decoder": 1, "fibre": 1, "kind": "state", "m": 5, "next": [0, 0, 0, 2], "period": 5, "recurrent_predicate": false, "state": [3, 4, 3, 1], "tail": 2}
{"N": 4, "decoder": 0, "fibre": 0, "kind": "state", "m": 5, "next": [0, 0, 0, 3], "period": 5, "recurrent_predicate": false, "state": [3, 4, 3, 2], "tail": 5}
{"N": 4, "decoder": 4, "fibre": 4, "kind": "state", "m": 5, "next": [1, 0, 1, 1], "period": 5, "recurrent_predicate": false, "state": [3, 4, 3, 3], "tail": 3}
{"N": 4, "decoder": 1, "fibre": 1, "kind": "state", "m": 5, "next": [0, 1, 0, 1], "period": 5, "recurrent_predicate": true, "state": [3, 4, 3, 4], "tail": 0}
{"N": 4, "decoder": 0, "fibre": 0, "kind": "state", "m": 5, "next": [4, 1, 1, 1], "period": 5, "recurrent_predicate": false, "state": [3, 4, 4, 0], "tail": 5}
{"N": 4, "decoder": 0, "fibre": 0, "kind": "state", "m": 5, "next": [4, 1, 1, 2], "period": 5, "recurrent_predicate": false, "state": [3, 4, 4, 1], "tail": 3}
{"N": 4, "decoder": 0, "fibre": 0, "kind": "state", "m": 5, "next": [4, 1, 1, 3], "period": 5, "recurrent_predicate": false, "state": [3, 4, 4, 2], "tail": 6}
{"N": 4, "decoder": 1, "fibre": 1, "kind": "state", "m": 5, "next": [0, 1, 1, 0], "period": 5, "recurrent_predicate": true, "state": [3, 4, 4, 3], "tail": 0}
{"N": 4, "decoder": 1, "fibre": 1, "kind": "state", "m": 5, "next": [4, 2, 2, 2], "period": 5, "recurrent_predicate": false, "state": [3, 4, 4, 4], "tail": 2}
{"N": 4, "decoder": 1, "fibre": 1, "kind": "state", "m": 5, "next": [0, 3, 3, 3], "period": 5, "recurrent_predicate": false, "state": [4, 0, 0, 0], "tail": 2}
{"N": 4, "decoder": 0, "fibre": 0, "kind": "state", "m": 5, "next": [0, 2, 2, 2], "period": 5, "recurrent_predicate": false, "state": [4, 0, 0, 1], "tail": 5}
{"N": 4, "decoder": 0, "fibre": 0, "kind": "state", "m": 5, "next": [0, 2, 2, 3], "period": 5, "recurrent_predicate": false, "state": [4, 0, 0, 2], "tail": 3}
{"N": 4, "decoder": 0, "fibre": 0, "kind": "state", "m": 5, "next": [0, 2, 2, 4], "period": 5, "recurrent_predicate": false, "state": [4, 0, 0, 3], "tail": 6}
{"N": 4, "decoder": 1, "fibre": 1, "kind": "state", "m": 5, "next": [1, 2, 2, 1], "period": 5, "recurrent_predicate": true, "state": [4, 0, 0, 4], "tail": 0}
{"N": 4, "decoder": 0, "fibre": 0, "kind": "state", "m": 5, "next": [0, 2, 2, 2], "period": 5, "recurrent_predicate": false, "state": [4, 0, 1, 0], "tail": 5}
{"N": 4, "decoder": 0, "fibre": 0, "kind": "state", "m": 5, "next": [0, 1, 3, 3], "period": 5, "recurrent_predicate": false, "state": [4, 0, 1, 1], "tail": 6}
{"N": 4, "decoder": 1, "fibre": 1, "kind": "state", "m": 5, "next": [0, 1, 2, 3], "period": 5, "recurrent_predicate": true, "state": [4, 0, 1, 2], "tail": 0}
{"N": 4, "decoder": 1, "fibre": 1, "kind": "state", "m": 5, "next": [0, 1, 2, 4], "period": 5, "recurrent_predicate": true, "state": [4, 0, 1, 3], "tail": 0}
{"N": 4, "decoder": 1, "fibre": 1, "kind": "state", "m": 5, "next": [1, 1, 2, 1], "period": 5, "recurrent_predicate": false, "state": [4, 0, 1, 4], "tail": 4}
{"N": 4, "decoder": 0, "fibre": 0, "kind": "state", "m": 5, "next": [0, 2, 3, 2], "period": 5, "recurrent_predicate": false, "state": [4, 0, 2, 0], "tail": 3}
{"N": 4, "decoder": 1, "fibre": 1, "kind": "state", "m": 5, "next": [0, 1, 3, 2], "period": 5, "recurrent_predicate": true, "state": [4, 0, 2, 1], "tail": 0}
{"N": 4, "decoder": 1, "fibre": 1, "kind": "state", "m": 5, "next": [0, 1, 4, 4], "period": 5, "recurrent_predicate": false, "state": [4, 0, 2, 2], "tail": 5}
{"N": 4, "decoder": 1, "fibre": 1, "kind": "state", "m": 5, "next": [0, 1, 3, 4], "period": 5, "recurrent_predicate": true, "state": [4, 0, 2, 3], "tail": 0}
{"N": 4, "decoder": 1, "fibre": 1, "kind": "state", "m": 5, "next": [1, 1, 3, 1], "period": 5, "recurrent_predicate": false, "state": [4, 0, 2, 4], "tail": 2}
{"N": 4, "decoder": 0, "fibre": 0, "kind": "state", "m": 5, "next": [0, 2, 4, 2], "period": 5, "recurrent_predicate": false, "state": [4, 0, 3, 0], "tail": 6}
{"N": 4, "decoder": 1, "fibre": 1, "kind": "state", "m": 5, "next": [0, 1, 4, 2], "period": 5, "recurrent_predicate": true, "state": [4, 0, 3, 1], "tail": 0}
{"N": 4, "decoder": 1, "fibre": 1, "kind": "state", "m": 5, "next": [0, 1, 4, 3], "period": 5, "recurrent_predicate": true, "state": [4, 0, 3, 2], "tail": 0}
{"N": 4, "decoder": 1, "fibre": 1, "kind": "state", "m": 5, "next": [0, 1, 0, 0], "period": 5, "recurrent_predicate": false, "state": [4, 0, 3, 3], "tail": 4}
{"N": 4, "decoder": 0, "fibre": 0, "kind": "state", "m": 5, "next": [1, 1, 4, 1], "period": 5, "recurrent_predicate": false, "state": [4, 0, 3, 4], "tail": 5}
{"N": 4, "decoder": 1, "fibre": 1, "kind": "state", "m": 5, "next": [1, 2, 1, 2], "period": 5, "recurrent_predicate": true, "state": [4, 0, 4, 0], "tail": 0}
{"N": 4, "decoder": 1, "fibre": 1, "kind": "state", "m": 5, "next": [1, 1, 1, 2], "period": 5, "recurrent_predicate": false, "state": [4, 0, 4, 1], "tail": 4}
{"N": 4, "decoder": 1, "fibre": 1, "kind": "state", "m": 5, "next": [1, 1, 1, 3], "period": 5, "recurrent_predicate": false, "state": [4, 0, 4, 2], "tail": 2}
{"N": 4, "decoder": 0, "fibre": 0, "kind": "state", "m": 5, "next": [1, 1, 1, 4], "period": 5, "recurrent_predicate": false, "state": [4, 0, 4, 3], "tail": 5}
{"N": 4, "decoder": 4, "fibre": 4, "kind": "state", "m": 5, "next": [2, 1, 2, 2], "period": 5, "recurrent_predicate": false, "state": [4, 0, 4, 4], "tail": 3}
{"N": 4, "decoder": 0, "fibre": 0, "kind": "state", "m": 5, "next": [0, 2, 2, 2], "period": 5, "recurrent_predicate": false, "state": [4, 1, 0, 0], "tail": 5}
{"N": 4, "decoder": 0, "fibre": 0, "kind": "state", "m": 5, "next": [0, 3, 1, 3], "period": 5, "recurrent_predicate": false, "state": [4, 1, 0, 1], "tail": 6}
{"N": 4, "decoder": 1, "fibre": 1, "kind": "state", "m": 5, "next": [0, 2, 1, 3], "period": 5, "recurrent_predicate": true, "state": [4, 1, 0, 2], "tail": 0}
{"N": 4, "decoder": 1, "fibre": 1, "kind": "state", "m": 5, "next": [0, 2, 1, 4], "period": 5, "recurrent_predicate": true, "state": [4, 1, 0, 3], "tail": 0}
{"N": 4, "decoder": 1, "fibre": 1, "kind": "state", "m": 5, "next": [1, 2, 1, 1], "period": 5, "recurrent_predicate": false, "state": [4, 1, 0, 4], "tail": 4}
{"N": 4, "decoder": 0, "fibre": 0, "kind": "state", "m": 5, "next": [0, 3, 3, 1], "period": 5, "recurrent_predicate": false, "state": [4, 1, 1, 0], "tail": 6}
{"N": 4, "decoder": 3, "fibre": 3, "kind": "state", "m": 5, "next": [0, 4, 4, 4], "period": 5, "recurrent_predicate": false, "state": [4, 1, 1, 1], "tail": 4}
{"N": 4, "decoder": 1, "fibre": 1, "kind": "state", "m": 5, "next": [0, 3, 3, 3], "period": 5, "recurrent_predicate": false, "state": [4, 1, 1, 2], "tail": 2}
{"N": 4, "decoder": 1, "fibre": 1, "kind": "state", "m": 5, "next": [0, 3, 3, 4], "period": 5, "recurrent_predicate": false, "state": [4, 1, 1, 3], "tail": 5}
{"N": 4, "decoder": 1, "fibre": 1, "kind": "state", "m": 5, "next": [1, 3, 3, 1], "period": 5, "recurrent_predicate": true, "state": [4, 1, 1, 4], "tail": 0}
{"N": 4, "decoder": 1, "fibre": 1, "kind": "state", "m": 5, "next": [0, 2, 3, 1], "period": 5, "recurrent_predicate": true, "state": [4, 1, 2, 0], "tail": 0}
{"N": 4, "decoder": 1, "fibre": 1, "kind": "state", "m": 5, "next": [0, 3, 3, 3], "period": 5, "recurrent_predicate": false, "state": [4, 1, 2, 1], "tail": 2}
{"N": 4, "decoder": 0, "fibre": 0, "kind": "state", "m": 5, "next": [0, 2, 4, 4], "period": 5, "recurrent_predicate": false, "state": [4, 1, 2, 2], "tail": 3}
{"N": 4, "decoder": 1, "fibre": 1, "kind": "state", "m": 5, "next": [0, 2, 3, 4], "period": 5, "recurrent_predicate": true, "state": [4, 1, 2, 3], "tail": 0}
{"N": 4, "decoder": 1, "fibre": 1, "kind": "state", "m": 5, "next": [1, 2, 3, 1], "period": 5, "recurrent_predicate": false, "state": [4, 1, 2, 4], "tail": 5}
{"N": 4, "decoder": 1, "fibre": 1, "kind": "state", "m": 5, "next": [0, 2, 4, 1], "period": 5, "recurrent_predicate": true, "state": [4, 1, 3, 0], "tail": 0}
{"N": 4, "decoder": 1, "fibre": 1, "kind": "state", "m": 5, "next": [0, 3, 4, 3], "period": 5, "recurrent_predicate": false, "state": [4, 1, 3, 1], "tail": 5}
{"N": 4, "decoder": 1, "fibre": 1, "kind": "state", "m": 5, "next": [0, 2, 4, 3], "period": 5, "recurrent_predicate": true, "state": [4, 1, 3, 2], "tail": 0}
{"N": 4, "decoder": 1, "fibre": 1, "kind": "state", "m": 5, "next": [0, 2, 0, 0], "period": 5, "recurrent_predicate": false, "state": [4, 1, 3, 3], "tail": 2}
{"N": 4, "decoder": 0, "fibre": 0, "kind": "state", "m": 5, "next": [1, 2, 4, 1], "period": 5, "recurrent_predicate": false, "state": [4, 1, 3, 4], "tail": 3}
{"N": 4, "decoder": 1, "fibre": 1, "kind": "state", "m": 5, "next": [1, 2, 1, 1], "period": 5, "recurrent_predicate": false, "state": [4, 1, 4, 0], "tail": 4}
{"N": 4, "decoder": 1, "fibre": 1, "kind": "state", "m": 5, "next": [1, 3, 1, 3], "period": 5, "recurrent_predicate": true, "state": [4, 1, 4, 1], "tail": 0}
{"N": 4, "decoder": 1, "fibre": 1, "kind": "state", "m": 5, "next": [1, 2, 1, 3], "period": 5, "recurrent_predicate": false, "state": [4, 1, 4, 2], "tail": 5}
{"N": 4, "decoder": 0, "fibre": 0, "kind": "state", "m": 5, "next": [1, 2, 1, 4], "period": 5, "recurrent_predicate": false, "state": [4, 1, 4, 3], "tail": 3}
{"N": 4, "decoder": 4, "fibre": 4, "kind": "state", "m": 5, "next": [2, 2, 2, 2], "period": 5, "recurrent_predicate": false, "state": [4, 1, 4, 4], "tail": 1}
{"N": 4, "decoder": 0, "fibre": 0, "kind": "state", "m": 5, "next": [0, 3, 2, 2], "period": 5, "recurrent_predicate": false, "state": [4, 2, 0, 0], "tail": 3}
{"N": 4, "decoder": 1, "fibre": 1, "kind": "state", "m": 5, "next": [0, 3, 1, 2], "period": 5, "recurrent_predicate": true, "state": [4, 2, 0, 1], "tail": 0}
{"N": 4, "decoder": 1, "fibre": 1, "kind": "state", "m": 5, "next": [0, 4, 1, 4], "period": 5, "recurrent_predicate": false, "state": [4, 2, 0, 2], "tail": 5}
{"N": 4, "decoder": 1, "fibre": 1, "kind": "state", "m": 5, "next": [0, 3, 1, 4], "period": 5, "recurrent_predicate": true, "state": [4, 2, 0, 3], "tail": 0}
{"N": 4, "decoder": 1, "fibre": 1, "kind": "state", "m": 5, "next": [1, 3, 1, 1], "period": 5, "recurrent_predicate": false, "state": [4, 2, 0, 4], "tail": 2}
{"N": 4, "decoder": 1, "fibre": 1, "kind": "state", "m": 5, "next": [0, 3, 2, 1], "period": 5, "recurrent_predicate": true, "state": [4, 2, 1, 0], "tail": 0}
{"N": 4, "decoder": 1, "fibre": 1, "kind": "state", "m": 5, "next": [0, 3, 3, 3], "period": 5, "recurrent_predicate": false, "state": [4, 2, 1, 1], "tail": 2}
{"N": 4, "decoder": 0, "fibre": 0, "kind": "state", "m": 5, "next": [0, 4, 2, 4], "period": 5, "recurrent_predicate": false, "state": [4, 2, 1, 2], "tail": 3}
{"N": 4, "decoder": 1, "fibre": 1, "kind": "state", "m": 5, "next": [0, 3, 2, 4], "period": 5, "recurrent_predicate": true, "state": [4, 2, 1, 3], "tail": 0}
{"N": 4, "decoder": 1, "fibre": 1, "kind": "state", "m": 5, "next": [1, 3, 2, 1], "period": 5, "recurrent_predicate": false, "state": [4, 2, 1, 4], "tail": 5}
{"N": 4, "decoder": 1, "fibre": 1, "kind": "state", "m": 5, "next": [0, 4, 4, 1], "period": 5, "recurrent_predicate": false, "state": [4, 2, 2, 0], "tail": 5}
{"N": 4, "decoder": 0, "fibre": 0, "kind": "state", "m": 5, "next": [0, 4, 4, 2], "period": 5, "recurrent_predicate": false, "state": [4, 2, 2, 1], "tail": 3}
{"N": 4, "decoder": 4, "fibre": 4, "kind": "state", "m": 5, "next": [0, 0, 0, 0], "period": 5, "recurrent_predicate": false, "state": [4, 2, 2, 2], "tail": 1}
{"N": 4, "decoder": 1, "fibre": 1, "kind": "state", "m": 5, "next": [0, 4, 4, 4], "period": 5, "recurrent_predicate": false, "state": [4, 2, 2, 3], "tail": 4}
{"N": 4, "decoder": 1, "fibre": 1, "kind": "state", "m": 5, "next": [1, 4, 4, 1], "period": 5, "recurrent_predicate": true, "state": [4, 2, 2, 4], "tail": 0}
{"N": 4, "decoder": 1, "fibre": 1, "kind": "state", "m": 5, "next": [0, 3, 4, 1], "period": 5, "recurrent_predicate": true, "state": [4, 2, 3, 0], "tail": 0}
{"N": 4, "decoder": 1, "fibre": 1, "kind": "state", "m": 5, "next": [0, 3, 4, 2], "period": 5, "recurrent_predicate": true, "state": [4, 2, 3, 1], "tail": 0}
{"N": 4, "decoder": 1, "fibre": 1, "kind": "state", "m": 5, "next": [0, 4, 4, 4], "period": 5, "recurrent_predicate": false, "state": [4, 2, 3, 2], "tail": 4}
{"N": 4, "decoder": 0, "fibre": 0, "kind": "state", "m": 5, "next": [0, 3, 0, 0], "period": 5, "recurrent_predicate": false, "state": [4, 2, 3, 3], "tail": 5}
{"N": 4, "decoder": 0, "fibre": 0, "kind": "state", "m": 5, "next": [1, 3, 4, 1], "period": 5, "recurrent_predicate": false, "state": [4, 2, 3, 4], "tail": 6}
{"N": 4, "decoder": 1, "fibre": 1, "kind": "state", "m": 5, "next": [1, 3, 1, 1], "period": 5, "recurrent_predicate": false, "state": [4, 2, 4, 0], "tail": 2}
{"N": 4, "decoder": 1, "fibre": 1, "kind": "state", "m": 5, "next": [1, 3, 1, 2], "period": 5, "recurrent_predicate": false, "state": [4, 2, 4, 1], "tail": 5}
{"N": 4, "decoder": 1, "fibre": 1, "kind": "state", "m": 5, "next": [1, 4, 1, 4], "period": 5, "recurrent_predicate": true, "state": [4, 2, 4, 2], "tail": 0}
{"N": 4, "decoder": 0, "fibre": 0, "kind": "state", "m": 5, "next": [1, 3, 1, 4], "period": 5, "recurrent_predicate": false, "state": [4, 2, 4, 3], "tail": 6}
{"N": 4, "decoder": 3, "fibre": 3, "kind": "state", "m": 5, "next": [2, 3, 2, 2], "period": 5, "recurrent_predicate": false, "state": [4, 2, 4, 4], "tail": 4}
{"N": 4, "decoder": 0, "fibre": 0, "kind": "state", "m": 5, "next": [0, 4, 2, 2], "period": 5, "recurrent_predicate": false, "state": [4, 3, 0, 0], "tail": 6}
{"N": 4, "decoder": 1, "fibre": 1, "kind": "state", "m": 5, "next": [0, 4, 1, 2], "period": 5, "recurrent_predicate": true, "state": [4, 3, 0, 1], "tail": 0}
{"N": 4, "decoder": 1, "fibre": 1, "kind": "state", "m": 5, "next": [0, 4, 1, 3], "period": 5, "recurrent_predicate": true, "state": [4, 3, 0, 2], "tail": 0}
{"N": 4, "decoder": 1, "fibre": 1, "kind": "state", "m": 5, "next": [0, 0, 1, 0], "period": 5, "recurrent_predicate": false, "state": [4, 3, 0, 3], "tail": 4}
{"N": 4, "decoder": 0, "fibre": 0, "kind": "state", "m": 5, "next": [1, 4, 1, 1], "period": 5, "recurrent_predicate": false, "state": [4, 3, 0, 4], "tail": 5}
{"N": 4, "decoder": 1, "fibre": 1, "kind": "state", "m": 5, "next": [0, 4, 2, 1], "period": 5, "recurrent_predicate": true, "state": [4, 3, 1, 0], "tail": 0}
{"N": 4, "decoder": 1, "fibre": 1, "kind": "state", "m": 5, "next": [0, 4, 3, 3], "period": 5, "recurrent_predicate": false, "state": [4, 3, 1, 1], "tail": 5}
{"N": 4, "decoder": 1, "fibre": 1, "kind": "state", "m": 5, "next": [0, 4, 2, 3], "period": 5, "recurrent_predicate": true, "state": [4, 3, 1, 2], "tail": 0}
{"N": 4, "decoder": 1, "fibre": 1, "kind": "state", "m": 5, "next": [0, 0, 2, 0], "period": 5, "recurrent_predicate": false, "state": [4, 3, 1, 3], "tail": 2}
{"N": 4, "decoder": 0, "fibre": 0, "kind": "state", "m": 5, "next": [1, 4, 2, 1], "period": 5, "recurrent_predicate": false, "state": [4, 3, 1, 4], "tail": 3}
{"N": 4, "decoder": 1, "fibre": 1, "kind": "state", "m": 5, "next": [0, 4, 3, 1], "period": 5, "recurrent_predicate": true, "state": [4, 3, 2, 0], "tail": 0}
{"N": 4, "decoder": 1, "fibre": 1, "kind": "state", "m": 5, "next": [0, 4, 3, 2], "period": 5, "recurrent_predicate": true, "state": [4, 3, 2, 1], "tail": 0}
{"N": 4, "decoder": 1, "fibre": 1, "kind": "state", "m": 5, "next": [0, 4, 4, 4], "period": 5, "recurrent_predicate": false, "state": [4, 3, 2, 2], "tail": 4}
{"N": 4, "decoder": 0, "fibre": 0, "kind": "state", "m": 5, "next": [0, 0, 3, 0], "period": 5, "recurrent_predicate": false, "state": [4, 3, 2, 3], "tail": 5}
{"N": 4, "decoder": 0, "fibre": 0, "kind": "state", "m": 5, "next": [1, 4, 3, 1], "period": 5, "recurrent_predicate": false, "state": [4, 3, 2, 4], "tail": 6}
{"N": 4, "decoder": 1, "fibre": 1, "kind": "state", "m": 5, "next": [0, 0, 0, 1], "period": 5, "recurrent_predicate": false, "state": [4, 3, 3, 0], "tail": 4}
{"N": 4, "decoder": 1, "fibre": 1, "kind": "state", "m": 5, "next": [0, 0, 0, 2], "period": 5, "recurrent_predicate": false, "state": [4, 3, 3, 1], "tail": 2}
{"N": 4, "decoder": 0, "fibre": 0, "kind": "state", "m": 5, "next": [0, 0, 0, 3], "period": 5, "recurrent_predicate": false, "state": [4, 3, 3, 2], "tail": 5}
{"N": 4, "decoder": 4, "fibre": 4, "kind": "state", "m": 5, "next": [0, 1, 1, 1], "period": 5, "recurrent_predicate": false, "state": [4, 3, 3, 3], "tail": 3}
{"N": 4, "decoder": 1, "fibre": 1, "kind": "state", "m": 5, "next": [1, 0, 0, 1], "period": 5, "recurrent_predicate": true, "state": [4, 3, 3, 4], "tail": 0}
{"N": 4, "decoder": 0, "fibre": 0, "kind": "state", "m": 5, "next": [1, 4, 1, 1], "period": 5, "recurrent_predicate": false, "state": [4, 3, 4, 0], "tail": 5}
{"N": 4, "decoder": 0, "fibre": 0, "kind": "state", "m": 5, "next": [1, 4, 1, 2], "period": 5, "recurrent_predicate": false, "state": [4, 3, 4, 1], "tail": 3}
{"N": 4, "decoder": 0, "fibre": 0, "kind": "state", "m": 5, "next": [1, 4, 1, 3], "period": 5, "recurrent_predicate": false, "state": [4, 3, 4, 2], "tail": 6}
{"N": 4, "decoder": 1, "fibre": 1, "kind": "state", "m": 5, "next": [1, 0, 1, 0], "period": 5, "recurrent_predicate": true, "state": [4, 3, 4, 3], "tail": 0}
{"N": 4, "decoder": 1, "fibre": 1, "kind": "state", "m": 5, "next": [2, 4, 2, 2], "period": 5, "recurrent_predicate": false, "state": [4, 3, 4, 4], "tail": 2}
{"N": 4, "decoder": 1, "fibre": 1, "kind": "state", "m": 5, "next": [1, 1, 2, 2], "period": 5, "recurrent_predicate": true, "state": [4, 4, 0, 0], "tail": 0}
{"N": 4, "decoder": 1, "fibre": 1, "kind": "state", "m": 5, "next": [1, 1, 1, 2], "period": 5, "recurrent_predicate": false, "state": [4, 4, 0, 1], "tail": 4}
{"N": 4, "decoder": 1, "fibre": 1, "kind": "state", "m": 5, "next": [1, 1, 1, 3], "period": 5, "recurrent_predicate": false, "state": [4, 4, 0, 2], "tail": 2}
{"N": 4, "decoder": 0, "fibre": 0, "kind": "state", "m": 5, "next": [1, 1, 1, 4], "period": 5, "recurrent_predicate": false, "state": [4, 4, 0, 3], "tail": 5}
{"N": 4, "decoder": 4, "fibre": 4, "kind": "state", "m": 5, "next": [2, 2, 1, 2], "period": 5, "recurrent_predicate": false, "state": [4, 4, 0, 4], "tail": 3}
{"N": 4, "decoder": 1, "fibre": 1, "kind": "state", "m": 5, "next": [1, 1, 2, 1], "period": 5, "recurrent_predicate": false, "state": [4, 4, 1, 0], "tail": 4}
{"N": 4, "decoder": 1, "fibre": 1, "kind": "state", "m": 5, "next": [1, 1, 3, 3], "period": 5, "recurrent_predicate": true, "state": [4, 4, 1, 1], "tail": 0}
{"N": 4, "decoder": 1, "fibre": 1, "kind": "state", "m": 5, "next": [1, 1, 2, 3], "period": 5, "recurrent_predicate": false, "state": [4, 4, 1, 2], "tail": 5}
{"N": 4, "decoder": 0, "fibre": 0, "kind": "state", "m": 5, "next": [1, 1, 2, 4], "period": 5, "recurrent_predicate": false, "state": [4, 4, 1, 3], "tail": 3}
{"N": 4, "decoder": 4, "fibre": 4, "kind": "state", "m": 5, "next": [2, 2, 2, 2], "period": 5, "recurrent_predicate": false, "state": [4, 4, 1, 4], "tail": 1}
{"N": 4, "decoder": 1, "fibre": 1, "kind": "state", "m": 5, "next": [1, 1, 3, 1], "period": 5, "recurrent_predicate": false, "state": [4, 4, 2, 0], "tail": 2}
{"N": 4, "decoder": 1, "fibre": 1, "kind": "state", "m": 5, "next": [1, 1, 3, 2], "period": 5, "recurrent_predicate": false, "state": [4, 4, 2, 1], "tail": 5}
{"N": 4, "decoder": 1, "fibre": 1, "kind": "state", "m": 5, "next": [1, 1, 4, 4], "period": 5, "recurrent_predicate": true, "state": [4, 4, 2, 2], "tail": 0}
{"N": 4, "decoder": 0, "fibre": 0, "kind": "state", "m": 5, "next": [1, 1, 3, 4], "period": 5, "recurrent_predicate": false, "state": [4, 4, 2, 3], "tail": 6}
{"N": 4, "decoder": 3, "fibre": 3, "kind": "state", "m": 5, "next": [2, 2, 3, 2], "period": 5, "recurrent_predicate": false, "state": [4, 4, 2, 4], "tail": 4}
{"N": 4, "decoder": 0, "fibre": 0, "kind": "state", "m": 5, "next": [1, 1, 4, 1], "period": 5, "recurrent_predicate": false, "state": [4, 4, 3, 0], "tail": 5}
{"N": 4, "decoder": 0, "fibre": 0, "kind": "state", "m": 5, "next": [1, 1, 4, 2], "period": 5, "recurrent_predicate": false, "state": [4, 4, 3, 1], "tail": 3}
{"N": 4, "decoder": 0, "fibre": 0, "kind": "state", "m": 5, "next": [1, 1, 4, 3], "period": 5, "recurrent_predicate": false, "state": [4, 4, 3, 2], "tail": 6}
{"N": 4, "decoder": 1, "fibre": 1, "kind": "state", "m": 5, "next": [1, 1, 0, 0], "period": 5, "recurrent_predicate": true, "state": [4, 4, 3, 3], "tail": 0}
{"N": 4, "decoder": 1, "fibre": 1, "kind": "state", "m": 5, "next": [2, 2, 4, 2], "period": 5, "recurrent_predicate": false, "state": [4, 4, 3, 4], "tail": 2}
{"N": 4, "decoder": 4, "fibre": 4, "kind": "state", "m": 5, "next": [2, 2, 2, 1], "period": 5, "recurrent_predicate": false, "state": [4, 4, 4, 0], "tail": 3}
{"N": 4, "decoder": 4, "fibre": 4, "kind": "state", "m": 5, "next": [2, 2, 2, 2], "period": 5, "recurrent_predicate": false, "state": [4, 4, 4, 1], "tail": 1}
{"N": 4, "decoder": 3, "fibre": 3, "kind": "state", "m": 5, "next": [2, 2, 2, 3], "period": 5, "recurrent_predicate": false, "state": [4, 4, 4, 2], "tail": 4}
{"N": 4, "decoder": 1, "fibre": 1, "kind": "state", "m": 5, "next": [2, 2, 2, 4], "period": 5, "recurrent_predicate": false, "state": [4, 4, 4, 3], "tail": 2}
{"N": 4, "decoder": 5, "fibre": 5, "kind": "state", "m": 5, "next": [3, 3, 3, 3], "period": 5, "recurrent_predicate": true, "state": [4, 4, 4, 4], "tail": 0}
{"N": 5, "decoder": 16, "fibre": 16, "kind": "state", "m": 5, "next": [0, 0, 0, 0, 0], "period": 1, "recurrent_predicate": true, "state": [0, 0, 0, 0, 0], "tail": 0}
{"N": 5, "decoder": 5, "fibre": 5, "kind": "state", "m": 5, "next": [4, 4, 4, 4, 2], "period": 1, "recurrent_predicate": false, "state": [0, 0, 0, 0, 1], "tail": 2}
{"N": 5, "decoder": 4, "fibre": 4, "kind": "state", "m": 5, "next": [4, 4, 4, 4, 3], "period": 1, "recurrent_predicate": false, "state": [0, 0, 0, 0, 2], "tail": 4}
{"N": 5, "decoder": 1, "fibre": 1, "kind": "state", "m": 5, "next": [4, 4, 4, 4, 4], "period": 1, "recurrent_predicate": false, "state": [0, 0, 0, 0, 3], "tail": 1}
{"N": 5, "decoder": 5, "fibre": 5, "kind": "state", "m": 5, "next": [4, 4, 4, 4, 0], "period": 1, "recurrent_predicate": false, "state": [0, 0, 0, 0, 4], "tail": 3}
{"N": 5, "decoder": 5, "fibre": 5, "kind": "state", "m": 5, "next": [4, 4, 4, 2, 4], "period": 1, "recurrent_predicate": false, "state": [0, 0, 0, 1, 0], "tail": 2}
{"N": 5, "decoder": 1, "fibre": 1, "kind": "state", "m": 5, "next": [3, 3, 3, 3, 3], "period": 1, "recurrent_predicate": false, "state": [0, 0, 0, 1, 1], "tail": 1}
{"N": 5, "decoder": 4, "fibre": 4, "kind": "state", "m": 5, "next": [3, 3, 3, 2, 3], "period": 1, "recurrent_predicate": false, "state": [0, 0, 0, 1, 2], "tail": 4}
{"N": 5, "decoder": 3, "fibre": 3, "kind": "state", "m": 5, "next": [3, 3, 3, 2, 4], "period": 1, "recurrent_predicate": false, "state": [0, 0, 0, 1, 3], "tail": 7}
{"N": 5, "decoder": 1, "fibre": 1, "kind": "state", "m": 5, "next": [3, 3, 3, 2, 0], "period": 1, "recurrent_predicate": false, "state": [0, 0, 0, 1, 4], "tail": 6}
{"N": 5, "decoder": 4, "fibre": 4, "kind": "state", "m": 5, "next": [4, 4, 4, 3, 4], "period": 1, "recurrent_predicate": false, "state": [0, 0, 0, 2, 0], "tail": 4}
{"N": 5, "decoder": 4, "fibre": 4, "kind": "state", "m": 5, "next": [3, 3, 3, 3, 2], "period": 1, "recurrent_predicate": false, "state": [0, 0, 0, 2, 1], "tail": 4}
{"N": 5, "decoder": 4, "fibre": 4, "kind": "state", "m": 5, "next": [3, 3, 3, 4, 4], "period": 1, "recurrent_predicate": false, "state": [0, 0, 0, 2, 2], "tail": 2}
{"N": 5, "decoder": 3, "fibre": 3, "kind": "state", "m": 5, "next": [3, 3, 3, 3, 4], "period": 1, "recurrent_predicate": false, "state": [0, 0, 0, 2, 3], "tail": 3}
{"N": 5, "decoder": 1, "fibre": 1, "kind": "state", "m": 5, "next": [3, 3, 3, 3, 0], "period": 1, "recurrent_predicate": false, "state": [0, 0, 0, 2, 4], "tail": 5}
{"N": 5, "decoder": 1, "fibre": 1, "kind": "state", "m": 5, "next": [4, 4, 4, 4, 4], "period": 1, "recurrent_predicate": false, "state": [0, 0, 0, 3, 0], "tail": 1}
{"N": 5, "decoder": 3, "fibre": 3, "kind": "state", "m": 5, "next": [3, 3, 3, 4, 2], "period": 1, "recurrent_predicate": false, "state": [0, 0, 0, 3, 1], "tail": 7}
{"N": 5, "decoder": 3, "fibre": 3, "kind": "state", "m": 5, "next": [3, 3, 3, 4, 3], "period": 1, "recurrent_predicate": false, "state": [0, 0, 0, 3, 2], "tail": 3}
{"N": 5, "decoder": 4, "fibre": 4, "kind": "state", "m": 5, "next": [3, 3, 3, 0, 0], "period": 1, "recurrent_predicate": false, "state": [0, 0, 0, 3, 3], "tail": 3}
{"N": 5, "decoder": 0, "fibre": 0, "kind": "state", "m": 5, "next": [3, 3, 3, 4, 0], "period": 1, "recurrent_predicate": false, "state": [0, 0, 0, 3, 4], "tail": 5}
{"N": 5, "decoder": 5, "fibre": 5, "kind": "state", "m": 5, "next": [4, 4, 4, 0, 4], "period": 1, "recurrent_predicate": false, "state": [0, 0, 0, 4, 0], "tail": 3}
{"N": 5, "decoder": 1, "fibre": 1, "kind": "state", "m": 5, "next": [3, 3, 3, 0, 2], "period": 1, "recurrent_predicate": false, "state": [0, 0, 0, 4, 1], "tail": 6}
{"N": 5, "decoder": 1, "fibre": 1, "kind": "state", "m": 5, "next": [3, 3, 3, 0, 3], "period": 1, "recurrent_predicate": false, "state": [0, 0, 0, 4, 2], "tail": 5}
{"N": 5, "decoder": 0, "fibre": 0, "kind": "state", "m": 5, "next": [3, 3, 3, 0, 4], "period": 1, "recurrent_predicate": false, "state": [0, 0, 0, 4, 3], "tail": 5}
{"N": 5, "decoder": 3, "fibre": 3, "kind": "state", "m": 5, "next": [3, 3, 3, 1, 1], "period": 1, "recurrent_predicate": false, "state": [0, 0, 0, 4, 4], "tail": 4}
{"N": 5, "decoder": 5, "fibre": 5, "kind": "state", "m": 5, "next": [4, 4, 2, 4, 4], "period": 1, "recurrent_predicate": false, "state": [0, 0, 1, 0, 0], "tail": 2}
{"N": 5, "decoder": 1, "fibre": 1, "kind": "state", "m": 5, "next": [3, 3, 3, 3, 3], "period": 1, "recurrent_predicate": false, "state": [0, 0, 1, 0, 1], "tail": 1}
{"N": 5, "decoder": 4, "fibre": 4, "kind": "state", "m": 5, "next": [3, 3, 2, 3, 3], "period": 1, "recurrent_predicate": false, "state": [0, 0, 1, 0, 2], "tail": 4}
{"N": 5, "decoder": 3, "fibre": 3, "kind": "state", "m": 5, "next": [3, 3, 2, 3, 4], "period": 1, "recurrent_predicate": false, "state": [0, 0, 1, 0, 3], "tail": 7}
{"N": 5, "decoder": 1, "fibre": 1, "kind": "state", "m": 5, "next": [3, 3, 2, 3, 0], "period": 1, "recurrent_predicate": false, "state": [0, 0, 1, 0, 4], "tail": 6}
{"N": 5, "decoder": 1, "fibre": 1, "kind": "state", "m": 5, "next": [3, 3, 3, 3, 3], "period": 1, "recurrent_predicate": false, "state": [0, 0, 1, 1, 0], "tail": 1}
{"N": 5, "decoder": 3, "fibre": 3, "kind": "state", "m": 5, "next": [2, 2, 4, 4, 4], "period": 1, "recurrent_predicate": false, "state": [0, 0, 1, 1, 1], "tail": 4}
{"N": 5, "decoder": 1, "fibre": 1, "kind": "state", "m": 5, "next": [2, 2, 3, 3, 3], "period": 1, "recurrent_predicate": false, "state": [0, 0, 1, 1, 2], "tail": 5}
{"N": 5, "decoder": 1, "fibre": 1, "kind": "state", "m": 5, "next": [2, 2, 3, 3, 4], "period": 1, "recurrent_predicate": false, "state": [0, 0, 1, 1, 3], "tail": 6}
{"N": 5, "decoder": 0, "fibre": 0, "kind": "state", "m": 5, "next": [2, 2, 3, 3, 0], "period": 1, "recurrent_predicate": false, "state": [0, 0, 1, 1, 4], "tail": 7}
{"N": 5, "decoder": 4, "fibre": 4, "kind": "state", "m": 5, "next": [3, 3, 2, 3, 3], "period": 1, "recurrent_predicate": false, "state": [0, 0, 1, 2, 0], "tail": 4}
{"N": 5, "decoder": 1, "fibre": 1, "kind": "state", "m": 5, "next": [2, 2, 3, 3, 3], "period": 1, "recurrent_predicate": false, "state": [0, 0, 1, 2, 1], "tail": 5}
{"N": 5, "decoder": 0, "fibre": 0, "kind": "state", "m": 5, "next": [2, 2, 2, 4, 4], "period": 1, "recurrent_predicate": false, "state": [0, 0, 1, 2, 2], "tail": 3}
{"N": 5, "decoder": 1, "fibre": 1, "kind": "state", "m": 5, "next": [2, 2, 2, 3, 4], "period": 1, "recurrent_predicate": false, "state": [0, 0, 1, 2, 3], "tail": 5}
{"N": 5, "decoder": 0, "fibre": 0, "kind": "state", "m": 5, "next": [2, 2, 2, 3, 0], "period": 1, "recurrent_predicate": false, "state": [0, 0, 1, 2, 4], "tail": 8}
{"N": 5, "decoder": 3, "fibre": 3, "kind": "state", "m": 5, "next": [3, 3, 2, 4, 3], "period": 1, "recurrent_predicate": false, "state": [0, 0, 1, 3, 0], "tail": 7}
{"N": 5, "decoder": 1, "fibre": 1, "kind": "state", "m": 5, "next": [2, 2, 3, 4, 3], "period": 1, "recurrent_predicate": false, "state": [0, 0, 1, 3, 1], "tail": 6}
{"N": 5, "decoder": 1, "fibre": 1, "kind": "state", "m": 5, "next": [2, 2, 2, 4, 3], "period": 1, "recurrent_predicate": false, "state": [0, 0, 1, 3, 2], "tail": 5}
{"N": 5, "decoder": 1, "fibre": 1, "kind": "state", "m": 5, "next": [2, 2, 2, 0, 0], "period": 1, "recurrent_predicate": false, "state": [0, 0, 1, 3, 3], "tail": 4}
{"N": 5, "decoder": 0, "fibre": 0, "kind": "state", "m": 5, "next": [2, 2, 2, 4, 0], "period": 1, "recurrent_predicate": false, "state": [0, 0, 1, 3, 4], "tail": 4}
{"N": 5, "decoder": 1, "fibre": 1, "kind": "state", "m": 5, "next": [3, 3, 2, 0, 3], "period": 1, "recurrent_predicate": false, "state": [0, 0, 1, 4, 0], "tail": 6}
{"N": 5, "decoder": 0, "fibre": 0, "kind": "state", "m": 5, "next": [2, 2, 3, 0, 3], "period": 1, "recurrent_predicate": false, "state": [0, 0, 1, 4, 1], "tail": 7}
{"N": 5, "decoder": 0, "fibre": 0, "kind": "state", "m": 5, "next": [2, 2, 2, 0, 3], "period": 1, "recurrent_predicate": false, "state": [0, 0, 1, 4, 2], "tail": 8}
{"N": 5, "decoder": 0, "fibre": 0, "kind": "state", "m": 5, "next": [2, 2, 2, 0, 4], "period": 1, "recurrent_predicate": false, "state": [0, 0, 1, 4, 3], "tail": 4}
{"N": 5, "decoder": 1, "fibre": 1, "kind": "state", "m": 5, "next": [2, 2, 2, 1, 1], "period": 1, "recurrent_predicate": false, "state": [0, 0, 1, 4, 4], "tail": 5}
{"N": 5, "decoder": 4, "fibre": 4, "kind": "state", "m": 5, "next": [4, 4, 3, 4, 4], "period": 1, "recurrent_predicate": false, "state": [0, 0, 2, 0, 0], "tail": 4}
{"N": 5, "decoder": 4, "fibre": 4, "kind": "state", "m": 5, "next": [3, 3, 3, 3, 2], "period": 1, "recurrent_predicate": false, "state": [0, 0, 2, 0, 1], "tail": 4}
{"N": 5, "decoder": 4, "fibre": 4, "kind": "state", "m": 5, "next": [3, 3, 4, 3, 4], "period": 1, "recurrent_predicate": false, "state": [0, 0, 2, 0, 2], "tail": 2}
{"N": 5, "decoder": 3, "fibre": 3, "kind": "state", "m": 5, "next": [3, 3, 3, 3, 4], "period": 1, "recurrent_predicate": false, "state": [0, 0, 2, 0, 3], "tail": 3}
{"N": 5, "decoder": 1, "fibre": 1, "kind": "state", "m": 5, "next": [3, 3, 3, 3, 0], "period": 1, "recurrent_predicate": false, "state": [0, 0, 2, 0, 4], "tail": 5}
{"N": 5, "decoder": 4, "fibre": 4, "kind": "state", "m": 5, "next": [3, 3, 3, 2, 3], "period": 1, "recurrent_predicate": false, "state": [0, 0, 2, 1, 0], "tail": 4}
{"N": 5, "decoder": 1, "fibre": 1, "kind": "state", "m": 5, "next": [2, 2, 3, 3, 3], "period": 1, "recurrent_predicate": false, "state": [0, 0, 2, 1, 1], "tail": 5}
{"N": 5, "decoder": 0, "fibre": 0, "kind": "state", "m": 5, "next": [2, 2, 4, 2, 4], "period": 1, "recurrent_predicate": false, "state": [0, 0, 2, 1, 2], "tail": 3}
{"N": 5, "decoder": 1, "fibre": 1, "kind": "state", "m": 5, "next": [2, 2, 3, 2, 4], "period": 1, "recurrent_predicate": false, "state": [0, 0, 2, 1, 3], "tail": 5}
{"N": 5, "decoder": 0, "fibre": 0, "kind": "state", "m": 5, "next": [2, 2, 3, 2, 0], "period": 1, "recurrent_predicate": false, "state": [0, 0, 2, 1, 4], "tail": 8}
{"N": 5, "decoder": 4, "fibre": 4, "kind": "state", "m": 5, "next": [3, 3, 4, 4, 3], "period": 1, "recurrent_predicate": false, "state": [0, 0, 2, 2, 0], "tail": 2}
{"N": 5, "decoder": 0, "fibre": 0, "kind": "state", "m": 5, "next": [2, 2, 4, 4, 2], "period": 1, "recurrent_predicate": false, "state": [0, 0, 2, 2, 1], "tail": 3}
{"N": 5, "decoder": 4, "fibre": 4, "kind": "state", "m": 5, "next": [2, 2, 0, 0, 0], "period": 1, "recurrent_predicate": false, "state": [0, 0, 2, 2, 2], "tail": 3}
{"N": 5, "decoder": 1, "fibre": 1, "kind": "state", "m": 5, "next": [2, 2, 4, 4, 4], "period": 1, "recurrent_predicate": false, "state": [0, 0, 2, 2, 3], "tail": 4}
{"N": 5, "decoder": 0, "fibre": 0, "kind": "state", "m": 5, "next": [2, 2, 4, 4, 0], "period": 1, "recurrent_predicate": false, "state": [0, 0, 2, 2, 4], "tail": 5}
{"N": 5, "decoder": 3, "fibre": 3, "kind": "state", "m": 5, "next": [3, 3, 3, 4, 3], "period": 1, "recurrent_predicate": false, "state": [0, 0, 2, 3, 0], "tail": 3}
{"N": 5, "decoder": 1, "fibre": 1, "kind": "state", "m": 5, "next": [2, 2, 3, 4, 2], "period": 1, "recurrent_predicate": false, "state": [0, 0, 2, 3, 1], "tail": 5}
{"N": 5, "decoder": 1, "fibre": 1, "kind": "state", "m": 5, "next": [2, 2, 4, 4, 4], "period": 1, "recurrent_predicate": false, "state": [0, 0, 2, 3, 2], "tail": 4}
{"N": 5, "decoder": 0, "fibre": 0, "kind": "state", "m": 5, "next": [2, 2, 3, 0, 0], "period": 1, "recurrent_predicate": false, "state": [0, 0, 2, 3, 3], "tail": 5}
{"N": 5, "decoder": 0, "fibre": 0, "kind": "state", "m": 5, "next": [2, 2, 3, 4, 0], "period": 1, "recurrent_predicate": false, "state": [0, 0, 2, 3, 4], "tail": 6}
{"N": 5, "decoder": 1, "fibre": 1, "kind": "state", "m": 5, "next": [3, 3, 3, 0, 3], "period": 1, "recurrent_predicate": false, "state": [0, 0, 2, 4, 0], "tail": 5}
{"N": 5, "decoder": 0, "fibre": 0, "kind": "state", "m": 5, "next": [2, 2, 3, 0, 2], "period": 1, "recurrent_predicate": false, "state": [0, 0, 2, 4, 1], "tail": 8}
{"N": 5, "decoder": 0, "fibre": 0, "kind": "state", "m": 5, "next": [2, 2, 4, 0, 4], "period": 1, "recurrent_predicate": false, "state": [0, 0, 2, 4, 2], "tail": 5}
{"N": 5, "decoder": 0, "fibre": 0, "kind": "state", "m": 5, "next": [2, 2, 3, 0, 4], "period": 1, "recurrent_predicate": false, "state": [0, 0, 2, 4, 3], "tail": 6}
{"N": 5, "decoder": 1, "fibre": 1, "kind": "state", "m": 5, "next": [2, 2, 3, 1, 1], "period": 1, "recurrent_predicate": false, "state": [0, 0, 2, 4, 4], "tail": 6}
{"N": 5, "decoder": 1, "fibre": 1, "kind": "state", "m": 5, "next": [4, 4, 4, 4, 4], "period": 1, "recurrent_predicate": false, "state": [0, 0, 3, 0, 0], "tail": 1}
{"N": 5, "decoder": 3, "fibre": 3, "kind": "state", "m": 5, "next": [3, 3, 4, 3, 2], "period": 1, "recurrent_predicate": false, "state": [0, 0, 3, 0, 1], "tail": 7}
{"N": 5, "decoder": 3, "fibre": 3, "kind": "state", "m": 5, "next": [3, 3, 4, 3, 3], "period": 1, "recurrent_predicate": false, "state": [0, 0, 3, 0, 2], "tail": 3}
{"N": 5, "decoder": 4, "fibre": 4, "kind": "state", "m": 5, "next": [3, 3, 0, 3, 0], "period": 1, "recurrent_predicate": false, "state": [0, 0, 3, 0, 3], "tail": 3}
{"N": 5, "decoder": 0, "fibre": 0, "kind": "state", "m": 5, "next": [3, 3, 4, 3, 0], "period": 1, "recurrent_predicate": false, "state": [0, 0, 3, 0, 4], "tail": 5}
{"N": 5, "decoder": 3, "fibre": 3, "kind": "state", "m": 5, "next": [3, 3, 4, 2, 3], "period": 1, "recurrent_predicate": false, "state": [0, 0, 3, 1, 0], "tail": 7}
{"N": 5, "decoder": 1, "fibre": 1, "kind": "state", "m": 5, "next": [2, 2, 4, 3, 3], "period": 1, "recurrent_predicate": false, "state": [0, 0, 3, 1, 1], "tail": 6}
{"N": 5, "decoder": 1, "fibre": 1, "kind": "state", "m": 5, "next": [2, 2, 4, 2, 3], "period": 1, "recurrent_predicate": false, "state": [0, 0, 3, 1, 2], "tail": 5}
{"N": 5, "decoder": 1, "fibre": 1, "kind": "state", "m": 5, "next": [2, 2, 0, 2, 0], "period": 1, "recurrent_predicate": false, "state": [0, 0, 3, 1, 3], "tail": 4}
{"N": 5, "decoder": 0, "fibre": 0, "kind": "state", "m": 5, "next": [2, 2, 4, 2, 0], "period": 1, "recurrent_predicate": false, "state": [0, 0, 3, 1, 4], "tail": 4}
{"N": 5, "decoder": 3, "fibre": 3, "kind": "state", "m": 5, "next": [3, 3, 4, 3, 3], "period": 1, "recurrent_predicate": false, "state": [0, 0, 3, 2, 0], "tail": 3}
{"N": 5, "decoder": 1, "fibre": 1, "kind": "state", "m": 5, "next": [2, 2, 4, 3, 2], "period": 1, "recurrent_predicate": false, "state": [0, 0, 3, 2, 1], "tail": 5}
{"N": 5, "decoder": 1, "fibre": 1, "kind": "state", "m": 5, "next": [2, 2, 4, 4, 4], "period": 1, "recurrent_predicate": false, "state": [0, 0, 3, 2, 2], "tail": 4}
{"N": 5, "decoder": 0, "fibre": 0, "kind": "state", "m": 5, "next": [2, 2, 0, 3, 0], "period": 1, "recurrent_predicate": false, "state": [0, 0, 3, 2, 3], "tail": 5}
{"N": 5, "decoder": 0, "fibre": 0, "kind": "state", "m": 5, "next": [2, 2, 4, 3, 0], "period": 1, "recurrent_predicate": false, "state": [0, 0, 3, 2, 4], "tail": 6}
{"N": 5, "decoder": 4, "fibre": 4, "kind": "state", "m": 5, "next": [3, 3, 0, 0, 3], "period": 1, "recurrent_predicate": false, "state": [0, 0, 3, 3, 0], "tail": 3}
{"N": 5, "decoder": 1, "fibre": 1, "kind": "state", "m": 5, "next": [2, 2, 0, 0, 2], "period": 1, "recurrent_predicate": false, "state": [0, 0, 3, 3, 1], "tail": 4}
{"N": 5, "decoder": 0, "fibre": 0, "kind": "state", "m": 5, "next": [2, 2, 0, 0, 3], "period": 1, "recurrent_predicate": false, "state": [0, 0, 3, 3, 2], "tail": 5}
{"N": 5, "decoder": 4, "fibre": 4, "kind": "state", "m": 5, "next": [2, 2, 1, 1, 1], "period": 1, "recurrent_predicate": false, "state": [0, 0, 3, 3, 3], "tail": 2}
{"N": 5, "decoder": 0, "fibre": 0, "kind": "state", "m": 5, "next": [2, 2, 0, 0, 0], "period": 1, "recurrent_predicate": false, "state": [0, 0, 3, 3, 4], "tail": 3}
{"N": 5, "decoder": 0, "fibre": 0, "kind": "state", "m": 5, "next": [3, 3, 4, 0, 3], "period": 1, "recurrent_predicate": false, "state": [0, 0, 3, 4, 0], "tail": 5}
{"N": 5, "decoder": 0, "fibre": 0, "kind": "state", "m": 5, "next": [2, 2, 4, 0, 2], "period": 1, "recurrent_predicate": false, "state": [0, 0, 3, 4, 1], "tail": 4}
{"N": 5, "decoder": 0, "fibre": 0, "kind": "state", "m": 5, "next": [2, 2, 4, 0, 3], "period": 1, "recurrent_predicate": false, "state": [0, 0, 3, 4, 2], "tail": 6}
{"N": 5, "decoder": 0, "fibre": 0, "kind": "state", "m": 5, "next": [2, 2, 0, 0, 0], "period": 1, "recurrent_predicate": false, "state": [0, 0, 3, 4, 3], "tail": 3}
{"N": 5, "decoder": 0, "fibre": 0, "kind": "state", "m": 5, "next": [2, 2, 4, 1, 1], "period": 1, "recurrent_predicate": false, "state": [0, 0, 3, 4, 4], "tail": 7}
{"N": 5, "decoder": 5, "fibre": 5, "kind": "state", "m": 5, "next": [4, 4, 0, 4, 4], "period": 1, "recurrent_predicate": false, "state": [0, 0, 4, 0, 0], "tail": 3}
{"N": 5, "decoder": 1, "fibre": 1, "kind": "state", "m": 5, "next": [3, 3, 0, 3, 2], "period": 1, "recurrent_predicate": false, "state": [0, 0, 4, 0, 1], "tail": 6}
{"N": 5, "decoder": 1, "fibre": 1, "kind": "state", "m": 5, "next": [3, 3, 0, 3, 3], "period": 1, "recurrent_predicate": false, "state": [0, 0, 4, 0, 2], "tail": 5}
{"N": 5, "decoder": 0, "fibre": 0, "kind": "state", "m": 5, "next": [3, 3, 0, 3, 4], "period": 1, "recurrent_predicate": false, "state": [0, 0, 4, 0, 3], "tail": 5}
{"N": 5, "decoder": 3, "fibre": 3, "kind": "state", "m": 5, "next": [3, 3, 1, 3, 1], "period": 1, "recurrent_predicate": false, "state": [0, 0, 4, 0, 4], "tail": 4}
{"N": 5, "decoder": 1, "fibre": 1, "kind": "state", "m": 5, "next": [3, 3, 0, 2, 3], "period": 1, "recurrent_predicate": false, "state": [0, 0, 4, 1, 0], "tail": 6}
{"N": 5, "decoder": 0, "fibre": 0, "kind": "state", "m": 5, "next": [2, 2, 0, 3, 3], "period": 1, "recurrent_predicate": false, "state": [0, 0, 4, 1, 1], "tail": 7}
{"N": 5, "decoder": 0, "fibre": 0, "kind": "state", "m": 5, "next": [2, 2, 0, 2, 3], "period": 1, "recurrent_predicate": false, "state": [0, 0, 4, 1, 2], "tail": 8}
{"N": 5, "decoder": 0, "fibre": 0, "kind": "state", "m": 5, "next": [2, 2, 0, 2, 4], "period": 1, "recurrent_predicate": false, "state": [0, 0, 4, 1, 3], "tail": 4}
{"N": 5, "decoder": 1, "fibre": 1, "kind": "state", "m": 5, "next": [2, 2, 1, 2, 1], "period": 1, "recurrent_predicate": false, "state": [0, 0, 4, 1, 4], "tail": 5}
{"N": 5, "decoder": 1, "fibre": 1, "kind": "state", "m": 5, "next": [3, 3, 0, 3, 3], "period": 1, "recurrent_predicate": false, "state": [0, 0, 4, 2, 0], "tail": 5}
{"N": 5, "decoder": 0, "fibre": 0, "kind": "state", "m": 5, "next": [2, 2, 0, 3, 2], "period": 1, "recurrent_predicate": false, "state": [0, 0, 4, 2, 1], "tail": 8}
{"N": 5, "decoder": 0, "fibre": 0, "kind": "state", "m": 5, "next": [2, 2, 0, 4, 4], "period": 1, "recurrent_predicate": false, "state": [0, 0, 4, 2, 2], "tail": 5}
{"N": 5, "decoder": 0, "fibre": 0, "kind": "state", "m": 5, "next": [2, 2, 0, 3, 4], "period": 1, "recurrent_predicate": false, "state": [0, 0, 4, 2, 3], "tail": 6}
{"N": 5, "decoder": 1, "fibre": 1, "kind": "state", "m": 5, "next": [2, 2, 1, 3, 1], "period": 1, "recurrent_predicate": false, "state": [0, 0, 4, 2, 4], "tail": 6}
{"N": 5, "decoder": 0, "fibre": 0, "kind": "state", "m": 5, "next": [3, 3, 0, 4, 3], "period": 1, "recurrent_predicate": false, "state": [0, 0, 4, 3, 0], "tail": 5}
{"N": 5, "decoder": 0, "fibre": 0, "kind": "state", "m": 5, "next": [2, 2, 0, 4, 2], "period": 1, "recurrent_predicate": false, "state": [0, 0, 4, 3, 1], "tail": 4}
{"N": 5, "decoder": 0, "fibre": 0, "kind": "state", "m": 5, "next": [2, 2, 0, 4, 3], "period": 1, "recurrent_predicate": false, "state": [0, 0, 4, 3, 2], "tail": 6}
{"N": 5, "decoder": 0, "fibre": 0, "kind": "state", "m": 5, "next": [2, 2, 0, 0, 0], "period": 1, "recurrent_predicate": false, "state": [0, 0, 4, 3, 3], "tail": 3}
{"N": 5, "decoder": 0, "fibre": 0, "kind": "state", "m": 5, "next": [2, 2, 1, 4, 1], "period": 1, "recurrent_predicate": false, "state": [0, 0, 4, 3, 4], "tail": 7}
{"N": 5, "decoder": 3, "fibre": 3, "kind": "state", "m": 5, "next": [3, 3, 1, 1, 3], "period": 1, "recurrent_predicate": false, "state": [0, 0, 4, 4, 0], "tail": 4}
{"N": 5, "decoder": 1, "fibre": 1, "kind": "state", "m": 5, "next": [2, 2, 1, 1, 2], "period": 1, "recurrent_predicate": false, "state": [0, 0, 4, 4, 1], "tail": 5}
{"N": 5, "decoder": 1, "fibre": 1, "kind": "state", "m": 5, "next": [2, 2, 1, 1, 3], "period": 1, "recurrent_predicate": false, "state": [0, 0, 4, 4, 2], "tail": 6}
{"N": 5, "decoder": 0, "fibre": 0, "kind": "state", "m": 5, "next": [2, 2, 1, 1, 4], "period": 1, "recurrent_predicate": false, "state": [0, 0, 4, 4, 3], "tail": 7}
{"N": 5, "decoder": 1, "fibre": 1, "kind": "state", "m": 5, "next": [2, 2, 2, 2, 2], "period": 1, "recurrent_predicate": false, "state": [0, 0, 4, 4, 4], "tail": 1}
{"N": 5, "decoder": 5, "fibre": 5, "kind": "state", "m": 5, "next": [4, 2, 4, 4, 4], "period": 1, "recurrent_predicate": false, "state": [0, 1, 0, 0, 0], "tail": 2}
{"N": 5, "decoder": 1, "fibre": 1, "kind": "state", "m": 5, "next": [3, 3, 3, 3, 3], "period": 1, "recurrent_predicate": false, "state": [0, 1, 0, 0, 1], "tail": 1}
{"N": 5, "decoder": 4, "fibre": 4, "kind": "state", "m": 5, "next": [3, 2, 3, 3, 3], "period": 1, "recurrent_predicate": false, "state": [0, 1, 0, 0, 2], "tail": 4}
{"N": 5, "decoder": 3, "fibre": 3, "kind": "state", "m": 5, "next": [3, 2, 3, 3, 4], "period": 1, "recurrent_predicate": false, "state": [0, 1, 0, 0, 3], "tail": 7}
{"N": 5, "decoder": 1, "fibre": 1, "kind": "state", "m": 5, "next": [3, 2, 3, 3, 0], "period": 1, "recurrent_predicate": false, "state": [0, 1, 0, 0, 4], "tail": 6}
{"N": 5, "decoder": 1, "fibre": 1, "kind": "state", "m": 5, "next": [3, 3, 3, 3, 3], "period": 1, "recurrent_predicate": false, "state": [0, 1, 0, 1, 0], "tail": 1}
{"N": 5, "decoder": 3, "fibre": 3, "kind": "state", "m": 5, "next": [2, 4, 2, 4, 4], "period": 1, "recurrent_predicate": false, "state": [0, 1, 0, 1, 1], "tail": 4}
{"N": 5, "decoder": 1, "fibre": 1, "kind": "state", "m": 5, "next": [2, 3, 2, 3, 3], "period": 1, "recurrent_predicate": false, "state": [0, 1, 0, 1, 2], "tail": 5}
{"N": 5, "decoder": 1, "fibre": 1, "kind": "state", "m": 5, "next": [2, 3, 2, 3, 4], "period": 1, "recurrent_predicate": false, "state": [0, 1, 0, 1, 3], "tail": 6}
{"N": 5, "decoder": 0, "fibre": 0, "kind": "state", "m": 5, "next": [2, 3, 2, 3, 0], "period": 1, "recurrent_predicate": false, "state": [0, 1, 0, 1, 4], "tail": 7}
{"N": 5, "decoder": 4, "fibre": 4, "kind": "state", "m": 5, "next": [3, 2, 3, 3, 3], "period": 1, "recurrent_predicate": false, "state": [0, 1, 0, 2, 0], "tail": 4}
{"N": 5, "decoder": 1, "fibre": 1, "kind": "state", "m": 5, "next": [2, 3, 2, 3, 3], "period": 1, "recurrent_predicate": false, "state": [0, 1, 0, 2, 1], "tail": 5}
{"N": 5, "decoder": 0, "fibre": 0, "kind": "state", "m": 5, "next": [2, 2, 2, 4, 4], "period": 1, "recurrent_predicate": false, "state": [0, 1, 0, 2, 2], "tail": 3}
{"N": 5, "decoder": 1, "fibre": 1, "kind": "state", "m": 5, "next": [2, 2, 2, 3, 4], "period": 1, "recurrent_predicate": false, "state": [0, 1, 0, 2, 3], "tail": 5}
{"N": 5, "decoder": 0, "fibre": 0, "kind": "state", "m": 5, "next": [2, 2, 2, 3, 0], "period": 1, "recurrent_predicate": false, "state": [0, 1, 0, 2, 4], "tail": 8}
{"N": 5, "decoder": 3, "fibre": 3, "kind": "state", "m": 5, "next": [3, 2, 3, 4, 3], "period": 1, "recurrent_predicate": false, "state": [0, 1, 0, 3, 0], "tail": 7}
{"N": 5, "decoder": 1, "fibre": 1, "kind": "state", "m": 5, "next": [2, 3, 2, 4, 3], "period": 1, "recurrent_predicate": false, "state": [0, 1, 0, 3, 1], "tail": 6}
{"N": 5, "decoder": 1, "fibre": 1, "kind": "state", "m": 5, "next": [2, 2, 2, 4, 3], "period": 1, "recurrent_predicate": false, "state": [0, 1, 0, 3, 2], "tail": 5}
{"N": 5, "decoder": 1, "fibre": 1, "kind": "state", "m": 5, "next": [2, 2, 2, 0, 0], "period": 1, "recurrent_predicate": false, "state": [0, 1, 0, 3, 3], "tail": 4}
{"N": 5, "decoder": 0, "fibre": 0, "kind": "state", "m": 5, "next": [2, 2, 2, 4, 0], "period": 1, "recurrent_predicate": false, "state": [0, 1, 0, 3, 4], "tail": 4}
{"N": 5, "decoder": 1, "fibre": 1, "kind": "state", "m": 5, "next": [3, 2, 3, 0, 3], "period": 1, "recurrent_predicate": false, "state": [0, 1, 0, 4, 0], "tail": 6}
{"N": 5, "decoder": 0, "fibre": 0, "kind": "state", "m": 5, "next": [2, 3, 2, 0, 3], "period": 1, "recurrent_predicate": false, "state": [0, 1, 0, 4, 1], "tail": 7}
{"N": 5, "decoder": 0, "fibre": 0, "kind": "state", "m": 5, "next": [2, 2, 2, 0, 3], "period": 1, "recurrent_predicate": false, "state": [0, 1, 0, 4, 2], "tail": 8}
{"N": 5, "decoder": 0, "fibre": 0, "kind": "state", "m": 5, "next": [2, 2, 2, 0, 4], "period": 1, "recurrent_predicate": false, "state": [0, 1, 0, 4, 3], "tail": 4}
{"N": 5, "decoder": 1, "fibre": 1, "kind": "state", "m": 5, "next": [2, 2, 2, 1, 1], "period": 1, "recurrent_predicate": false, "state": [0, 1, 0, 4, 4], "tail": 5}
{"N": 5, "decoder": 1, "fibre": 1, "kind": "state", "m": 5, "next": [3, 3, 3, 3, 3], "period": 1, "recurrent_predicate": false, "state": [0, 1, 1, 0, 0], "tail": 1}
{"N": 5, "decoder": 3, "fibre": 3, "kind": "state", "m": 5, "next": [2, 4, 4, 2, 4], "period": 1, "recurrent_predicate": false, "state": [0, 1, 1, 0, 1], "tail": 4}
{"N": 5, "decoder": 1, "fibre": 1, "kind": "state", "m": 5, "next": [2, 3, 3, 2, 3], "period": 1, "recurrent_predicate": false, "state": [0, 1, 1, 0, 2], "tail": 5}
{"N": 5, "decoder": 1, "fibre": 1, "kind": "state", "m": 5, "next": [2, 3, 3, 2, 4], "period": 1, "recurrent_predicate": false, "state": [0, 1, 1, 0, 3], "tail": 6}
{"N": 5, "decoder": 0, "fibre": 0, "kind": "state", "m": 5, "next": [2, 3, 3, 2, 0], "period": 1, "recurrent_predicate": false, "state": [0, 1, 1, 0, 4], "tail": 7}
{"N": 5, "decoder": 3, "fibre": 3, "kind": "state", "m": 5, "next": [2, 4, 4, 4, 2], "period": 1, "recurrent_predicate": false, "state": [0, 1, 1, 1, 0], "tail": 4}
{"N": 5, "decoder": 5, "fibre": 5, "kind": "state", "m": 5, "next": [1, 0, 0, 0, 0], "period": 1, "recurrent_predicate": false, "state": [0, 1, 1, 1, 1], "tail": 3}
{"N": 5, "decoder": 1, "fibre": 1, "kind": "state", "m": 5, "next": [1, 4, 4, 4, 3], "period": 1, "recurrent_predicate": false, "state": [0, 1, 1, 1, 2], "tail": 6}
{"N": 5, "decoder": 1, "fibre": 1, "kind": "state", "m": 5, "next": [1, 4, 4, 4, 4], "period": 1, "recurrent_predicate": false, "state": [0, 1, 1, 1, 3], "tail": 5}
{"N": 5, "decoder": 0, "fibre": 0, "kind": "state", "m": 5, "next": [1, 4, 4, 4, 0], "period": 1, "recurrent_predicate": false, "state": [0, 1, 1, 1, 4], "tail": 5}
{"N": 5, "decoder": 1, "fibre": 1, "kind": "state", "m": 5, "next": [2, 3, 3, 3, 2], "period": 1, "recurrent_predicate": false, "state": [0, 1, 1, 2, 0], "tail": 5}
{"N": 5, "decoder": 1, "fibre": 1, "kind": "state", "m": 5, "next": [1, 4, 4, 3, 4], "period": 1, "recurrent_predicate": false, "state": [0, 1, 1, 2, 1], "tail": 6}
{"N": 5, "decoder": 0, "fibre": 0, "kind": "state", "m": 5, "next": [1, 3, 3, 4, 4], "period": 1, "recurrent_predicate": false, "state": [0, 1, 1, 2, 2], "tail": 7}
{"N": 5, "decoder": 0, "fibre": 0, "kind": "state", "m": 5, "next": [1, 3, 3, 3, 4], "period": 1, "recurrent_predicate": false, "state": [0, 1, 1, 2, 3], "tail": 8}
{"N": 5, "decoder": 0, "fibre": 0, "kind": "state", "m": 5, "next": [1, 3, 3, 3, 0], "period": 1, "recurrent_predicate": false, "state": [0, 1, 1, 2, 4], "tail": 4}
{"N": 5, "decoder": 1, "fibre": 1, "kind": "state", "m": 5, "next": [2, 3, 3, 4, 2], "period": 1, "recurrent_predicate": false, "state": [0, 1, 1, 3, 0], "tail": 6}
{"N": 5, "decoder": 1, "fibre": 1, "kind": "state", "m": 5, "next": [1, 4, 4, 4, 4], "period": 1, "recurrent_predicate": false, "state": [0, 1, 1, 3, 1], "tail": 5}
{"N": 5, "decoder": 0, "fibre": 0, "kind": "state", "m": 5, "next": [1, 3, 3, 4, 3], "period": 1, "recurrent_predicate": false, "state": [0, 1, 1, 3, 2], "tail": 8}
{"N": 5, "decoder": 0, "fibre": 0, "kind": "state", "m": 5, "next": [1, 3, 3, 0, 0], "period": 1, "recurrent_predicate": false, "state": [0, 1, 1, 3, 3], "tail": 5}
{"N": 5, "decoder": 0, "fibre": 0, "kind": "state", "m": 5, "next": [1, 3, 3, 4, 0], "period": 1, "recurrent_predicate": false, "state": [0, 1, 1, 3, 4], "tail": 6}
{"N": 5, "decoder": 0, "fibre": 0, "kind": "state", "m": 5, "next": [2, 3, 3, 0, 2], "period": 1, "recurrent_predicate": false, "state": [0, 1, 1, 4, 0], "tail": 7}
{"N": 5, "decoder": 0, "fibre": 0, "kind": "state", "m": 5, "next": [1, 4, 4, 0, 4], "period": 1, "recurrent_predicate": false, "state": [0, 1, 1, 4, 1], "tail": 5}
{"N": 5, "decoder": 0, "fibre": 0, "kind": "state", "m": 5, "next": [1, 3, 3, 0, 3], "period": 1, "recurrent_predicate": false, "state": [0, 1, 1, 4, 2], "tail": 4}
{"N": 5, "decoder": 0, "fibre": 0, "kind": "state", "m": 5, "next": [1, 3, 3, 0, 4], "period": 1, "recurrent_predicate": false, "state": [0, 1, 1, 4, 3], "tail": 6}
{"N": 5, "decoder": 0, "fibre": 0, "kind": "state", "m": 5, "next": [1, 3, 3, 1, 1], "period": 1, "recurrent_predicate": false, "state": [0, 1, 1, 4, 4], "tail": 3}
{"N": 5, "decoder": 4, "fibre": 4, "kind": "state", "m": 5, "next": [3, 2, 3, 3, 3], "period": 1, "recurrent_predicate": false, "state": [0, 1, 2, 0, 0], "tail": 4}
{"N": 5, "decoder": 1, "fibre": 1, "kind": "state", "m": 5, "next": [2, 3, 3, 2, 3], "period": 1, "recurrent_predicate": false, "state": [0, 1, 2, 0, 1], "tail": 5}
{"N": 5, "decoder": 0, "fibre": 0, "kind": "state", "m": 5, "next": [2, 2, 4, 2, 4], "period": 1, "recurrent_predicate": false, "state": [0, 1, 2, 0, 2], "tail": 3}
{"N": 5, "decoder": 1, "fibre": 1, "kind": "state", "m": 5, "next": [2, 2, 3, 2, 4], "period": 1, "recurrent_predicate": false, "state": [0, 1, 2, 0, 3], "tail": 5}
{"N": 5, "decoder": 0, "fibre": 0, "kind": "state", "m": 5, "next": [2, 2, 3, 2, 0], "period": 1, "recurrent_predicate": false, "state": [0, 1, 2, 0, 4], "tail": 8}
{"N": 5, "decoder": 1, "fibre": 1, "kind": "state", "m": 5, "next": [2, 3, 3, 3, 2], "period": 1, "recurrent_predicate": false, "state": [0, 1, 2, 1, 0], "tail": 5}
{"N": 5, "decoder": 1, "fibre": 1, "kind": "state", "m": 5, "next": [1, 4, 3, 4, 4], "period": 1, "recurrent_predicate": false, "state": [0, 1, 2, 1, 1], "tail": 6}
{"N": 5, "decoder": 0, "fibre": 0, "kind": "state", "m": 5, "next": [1, 3, 4, 3, 4], "period": 1, "recurrent_predicate": false, "state": [0, 1, 2, 1, 2], "tail": 7}
{"N": 5, "decoder": 0, "fibre": 0, "kind": "state", "m": 5, "next": [1, 3, 3, 3, 4], "period": 1, "recurrent_predicate": false, "state": [0, 1, 2, 1, 3], "tail": 8}
{"N": 5, "decoder": 0, "fibre": 0, "kind": "state", "m": 5, "next": [1, 3, 3, 3, 0], "period": 1, "recurrent_predicate": false, "state": [0, 1, 2, 1, 4], "tail": 4}
{"N": 5, "decoder": 0, "fibre": 0, "kind": "state", "m": 5, "next": [2, 2, 4, 4, 2], "period": 1, "recurrent_predicate": false, "state": [0, 1, 2, 2, 0], "tail": 3}
{"N": 5, "decoder": 0, "fibre": 0, "kind": "state", "m": 5, "next": [1, 3, 4, 4, 3], "period": 1, "recurrent_predicate": false, "state": [0, 1, 2, 2, 1], "tail": 7}
{"N": 5, "decoder": 0, "fibre": 0, "kind": "state", "m": 5, "next": [1, 2, 0, 0, 0], "period": 1, "recurrent_predicate": false, "state": [0, 1, 2, 2, 2], "tail": 5}
{"N": 5, "decoder": 0, "fibre": 0, "kind": "state", "m": 5, "next": [1, 2, 4, 4, 4], "period": 1, "recurrent_predicate": false, "state": [0, 1, 2, 2, 3], "tail": 4}
{"N": 5, "decoder": 0, "fibre": 0, "kind": "state", "m": 5, "next": [1, 2, 4, 4, 0], "period": 1, "recurrent_predicate": false, "state": [0, 1, 2, 2, 4], "tail": 6}
{"N": 5, "decoder": 1, "fibre": 1, "kind": "state", "m": 5, "next": [2, 2, 3, 4, 2], "period": 1, "recurrent_predicate": false, "state": [0, 1, 2, 3, 0], "tail": 5}
{"N": 5, "decoder": 0, "fibre": 0, "kind": "state", "m": 5, "next": [1, 3, 3, 4, 3], "period": 1, "recurrent_predicate": false, "state": [0, 1, 2, 3, 1], "tail": 8}
{"N": 5, "decoder": 0, "fibre": 0, "kind": "state", "m": 5, "next": [1, 2, 4, 4, 4], "period": 1, "recurrent_predicate": false, "state": [0, 1, 2, 3, 2], "tail": 4}
{"N": 5, "decoder": 0, "fibre": 0, "kind": "state", "m": 5, "next": [1, 2, 3, 0, 0], "period": 1, "recurrent_predicate": false, "state": [0, 1, 2, 3, 3], "tail": 6}
{"N": 5, "decoder": 1, "fibre": 1, "kind": "state", "m": 5, "next": [1, 2, 3, 4, 0], "period": 5, "recurrent_predicate": true, "state": [0, 1, 2, 3, 4], "tail": 0}
{"N": 5, "decoder": 0, "fibre": 0, "kind": "state", "m": 5, "next": [2, 2, 3, 0, 2], "period": 1, "recurrent_predicate": false, "state": [0, 1, 2, 4, 0], "tail": 8}
{"N": 5, "decoder": 0, "fibre": 0, "kind": "state", "m": 5, "next": [1, 3, 3, 0, 3], "period": 1, "recurrent_predicate": false, "state": [0, 1, 2, 4, 1], "tail": 4}
{"N": 5, "decoder": 0, "fibre": 0, "kind": "state", "m": 5, "next": [1, 2, 4, 0, 4], "period": 1, "recurrent_predicate": false, "state": [0, 1, 2, 4, 2], "tail": 6}
{"N": 5, "decoder": 1, "fibre": 1, "kind": "state", "m": 5, "next": [1, 2, 3, 0, 4], "period": 5, "recurrent_predicate": true, "state": [0, 1, 2, 4, 3], "tail": 0}
{"N": 5, "decoder": 1, "fibre": 1, "kind": "state", "m": 5, "next": [1, 2, 3, 1, 1], "period": 1, "recurrent_predicate": false, "state": [0, 1, 2, 4, 4], "tail": 5}
{"N": 5, "decoder": 3, "fibre": 3, "kind": "state", "m": 5, "next": [3, 2, 4, 3, 3], "period": 1, "recurrent_predicate": false, "state": [0, 1, 3, 0, 0], "tail": 7}
{"N": 5, "decoder": 1, "fibre": 1, "kind": "state", "m": 5, "next": [2, 3, 4, 2, 3], "period": 1, "recurrent_predicate": false, "state": [0, 1, 3, 0, 1], "tail": 6}
{"N": 5, "decoder": 1, "fibre": 1, "kind": "state", "m": 5, "next": [2, 2, 4, 2, 3], "period": 1, "recurrent_predicate": false, "state": [0, 1, 3, 0, 2], "tail": 5}
{"N": 5, "decoder": 1, "fibre": 1, "kind": "state", "m": 5, "next": [2, 2, 0, 2, 0], "period": 1, "recurrent_predicate": false, "state": [0, 1, 3, 0, 3], "tail": 4}
{"N": 5, "decoder": 0, "fibre": 0, "kind": "state", "m": 5, "next": [2, 2, 4, 2, 0], "period": 1, "recurrent_predicate": false, "state": [0, 1, 3, 0, 4], "tail": 4}
{"N": 5, "decoder": 1, "fibre": 1, "kind": "state", "m": 5, "next": [2, 3, 4, 3, 2], "period": 1, "recurrent_predicate": false, "state": [0, 1, 3, 1, 0], "tail": 6}
{"N": 5, "decoder": 1, "fibre": 1, "kind": "state", "m": 5, "next": [1, 4, 4, 4, 4], "period": 1, "recurrent_predicate": false, "state": [0, 1, 3, 1, 1], "tail": 5}
{"N": 5, "decoder": 0, "fibre": 0, "kind": "state", "m": 5, "next": [1, 3, 4, 3, 3], "period": 1, "recurrent_predicate": false, "state": [0, 1, 3, 1, 2], "tail": 8}
{"N": 5, "decoder": 0, "fibre": 0, "kind": "state", "m": 5, "next": [1, 3, 0, 3, 0], "period": 1, "recurrent_predicate": false, "state": [0, 1, 3, 1, 3], "tail": 5}
{"N": 5, "decoder": 0, "fibre": 0, "kind": "state", "m": 5, "next": [1, 3, 4, 3, 0], "period": 1, "recurrent_predicate": false, "state": [0, 1, 3, 1, 4], "tail": 6}
{"N": 5, "decoder": 1, "fibre": 1, "kind": "state", "m": 5, "next": [2, 2, 4, 3, 2], "period": 1, "recurrent_predicate": false, "state": [0, 1, 3, 2, 0], "tail": 5}
{"N": 5, "decoder": 0, "fibre": 0, "kind": "state", "m": 5, "next": [1, 3, 4, 3, 3], "period": 1, "recurrent_predicate": false, "state": [0, 1, 3, 2, 1], "tail": 8}
{"N": 5, "decoder": 0, "fibre": 0, "kind": "state", "m": 5, "next": [1, 2, 4, 4, 4], "period": 1, "recurrent_predicate": false, "state": [0, 1, 3, 2, 2], "tail": 4}
{"N": 5, "decoder": 0, "fibre": 0, "kind": "state", "m": 5, "next": [1, 2, 0, 3, 0], "period": 1, "recurrent_predicate": false, "state": [0, 1, 3, 2, 3], "tail": 6}
{"N": 5, "decoder": 1, "fibre": 1, "kind": "state", "m": 5, "next": [1, 2, 4, 3, 0], "period": 5, "recurrent_predicate": true, "state": [0, 1, 3, 2, 4], "tail": 0}
{"N": 5, "decoder": 1, "fibre": 1, "kind": "state", "m": 5, "next": [2, 2, 0, 0, 2], "period": 1, "recurrent_predicate": false, "state": [0, 1, 3, 3, 0], "tail": 4}
{"N": 5, "decoder": 0, "fibre": 0, "kind": "state", "m": 5, "next": [1, 3, 0, 0, 3], "period": 1, "recurrent_predicate": false, "state": [0, 1, 3, 3, 1], "tail": 5}
{"N": 5, "decoder": 0, "fibre": 0, "kind": "state", "m": 5, "next": [1, 2, 0, 0, 3], "period": 1, "recurrent_predicate": false, "state": [0, 1, 3, 3, 2], "tail": 6}
{"N": 5, "decoder": 3, "fibre": 3, "kind": "state", "m": 5, "next": [1, 2, 1, 1, 1], "period": 1, "recurrent_predicate": false, "state": [0, 1, 3, 3, 3], "tail": 3}
{"N": 5, "decoder": 1, "fibre": 1, "kind": "state", "m": 5, "next": [1, 2, 0, 0, 0], "period": 1, "recurrent_predicate": false, "state": [0, 1, 3, 3, 4], "tail": 5}
{"N": 5, "decoder": 0, "fibre": 0, "kind": "state", "m": 5, "next": [2, 2, 4, 0, 2], "period": 1, "recurrent_predicate": false, "state": [0, 1, 3, 4, 0], "tail": 4}
{"N": 5, "decoder": 0, "fibre": 0, "kind": "state", "m": 5, "next": [1, 3, 4, 0, 3], "period": 1, "recurrent_predicate": false, "state": [0, 1, 3, 4, 1], "tail": 6}
{"N": 5, "decoder": 1, "fibre": 1, "kind": "state", "m": 5, "next": [1, 2, 4, 0, 3], "period": 5, "recurrent_predicate": true, "state": [0, 1, 3, 4, 2], "tail": 0}
{"N": 5, "decoder": 1, "fibre": 1, "kind": "state", "m": 5, "next": [1, 2, 0, 0, 0], "period": 1, "recurrent_predicate": false, "state": [0, 1, 3, 4, 3], "tail": 5}
{"N": 5, "decoder": 0, "fibre": 0, "kind": "state", "m": 5, "next": [1, 2, 4, 1, 1], "period": 1, "recurrent_predicate": false, "state": [0, 1, 3, 4, 4], "tail": 8}
{"N": 5, "decoder": 1, "fibre": 1, "kind": "state", "m": 5, "next": [3, 2, 0, 3, 3], "period": 1, "recurrent_predicate": false, "state": [0, 1, 4, 0, 0], "tail": 6}
{"N": 5, "decoder": 0, "fibre": 0, "kind": "state", "m": 5, "next": [2, 3, 0, 2, 3], "period": 1, "recurrent_predicate": false, "state": [0, 1, 4, 0, 1], "tail": 7}
{"N": 5, "decoder": 0, "fibre": 0, "kind": "state", "m": 5, "next": [2, 2, 0, 2, 3], "period": 1, "recurrent_predicate": false, "state": [0, 1, 4, 0, 2], "tail": 8}
{"N": 5, "decoder": 0, "fibre": 0, "kind": "state", "m": 5, "next": [2, 2, 0, 2, 4], "period": 1, "recurrent_predicate": false, "state": [0, 1, 4, 0, 3], "tail": 4}
{"N": 5, "decoder": 1, "fibre": 1, "kind": "state", "m": 5, "next": [2, 2, 1, 2, 1], "period": 1, "recurrent_predicate": false, "state": [0, 1, 4, 0, 4], "tail": 5}
{"N": 5, "decoder": 0, "fibre": 0, "kind": "state", "m": 5, "next": [2, 3, 0, 3, 2], "period": 1, "recurrent_predicate": false, "state": [0, 1, 4, 1, 0], "tail": 7}
{"N": 5, "decoder": 0, "fibre": 0, "kind": "state", "m": 5, "next": [1, 4, 0, 4, 4], "period": 1, "recurrent_predicate": false, "state": [0, 1, 4, 1, 1], "tail": 5}
{"N": 5, "decoder": 0, "fibre": 0, "kind": "state", "m": 5, "next": [1, 3, 0, 3, 3], "period": 1, "recurrent_predicate": false, "state": [0, 1, 4, 1, 2], "tail": 4}
{"N": 5, "decoder": 0, "fibre": 0, "kind": "state", "m": 5, "next": [1, 3, 0, 3, 4], "period": 1, "recurrent_predicate": false, "state": [0, 1, 4, 1, 3], "tail": 6}
{"N": 5, "decoder": 0, "fibre": 0, "kind": "state", "m": 5, "next": [1, 3, 1, 3, 1], "period": 1, "recurrent_predicate": false, "state": [0, 1, 4, 1, 4], "tail": 3}
{"N": 5, "decoder": 0, "fibre": 0, "kind": "state", "m": 5, "next": [2, 2, 0, 3, 2], "period": 1, "recurrent_predicate": false, "state": [0, 1, 4, 2, 0], "tail": 8}
{"N": 5, "decoder": 0, "fibre": 0, "kind": "state", "m": 5, "next": [1, 3, 0, 3, 3], "period": 1, "recurrent_predicate": false, "state": [0, 1, 4, 2, 1], "tail": 4}
{"N": 5, "decoder": 0, "fibre": 0, "kind": "state", "m": 5, "next": [1, 2, 0, 4, 4], "period": 1, "recurrent_predicate": false, "state": [0, 1, 4, 2, 2], "tail": 6}
{"N": 5, "decoder": 1, "fibre": 1, "kind": "state", "m": 5, "next": [1, 2, 0, 3, 4], "period": 5, "recurrent_predicate": true, "state": [0, 1, 4, 2, 3], "tail": 0}
{"N": 5, "decoder": 1, "fibre": 1, "kind": "state", "m": 5, "next": [1, 2, 1, 3, 1], "period": 1, "recurrent_predicate": false, "state": [0, 1, 4, 2, 4], "tail": 5}
{"N": 5, "decoder": 0, "fibre": 0, "kind": "state", "m": 5, "next": [2, 2, 0, 4, 2], "period": 1, "recurrent_predicate": false, "state": [0, 1, 4, 3, 0], "tail": 4}
{"N": 5, "decoder": 0, "fibre": 0, "kind": "state", "m": 5, "next": [1, 3, 0, 4, 3], "period": 1, "recurrent_predicate": false, "state": [0, 1, 4, 3, 1], "tail": 6}
{"N": 5, "decoder": 1, "fibre": 1, "kind": "state", "m": 5, "next": [1, 2, 0, 4, 3], "period": 5, "recurrent_predicate": true, "state": [0, 1, 4, 3, 2], "tail": 0}
{"N": 5, "decoder": 1, "fibre": 1, "kind": "state", "m": 5, "next": [1, 2, 0, 0, 0], "period": 1, "recurrent_predicate": false, "state": [0, 1, 4, 3, 3], "tail": 5}
{"N": 5, "decoder": 0, "fibre": 0, "kind": "state", "m": 5, "next": [1, 2, 1, 4, 1], "period": 1, "recurrent_predicate": false, "state": [0, 1, 4, 3, 4], "tail": 8}
{"N": 5, "decoder": 1, "fibre": 1, "kind": "state", "m": 5, "next": [2, 2, 1, 1, 2], "period": 1, "recurrent_predicate": false, "state": [0, 1, 4, 4, 0], "tail": 5}
{"N": 5, "decoder": 0, "fibre": 0, "kind": "state", "m": 5, "next": [1, 3, 1, 1, 3], "period": 1, "recurrent_predicate": false, "state": [0, 1, 4, 4, 1], "tail": 3}
{"N": 5, "decoder": 1, "fibre": 1, "kind": "state", "m": 5, "next": [1, 2, 1, 1, 3], "period": 1, "recurrent_predicate": false, "state": [0, 1, 4, 4, 2], "tail": 5}
{"N": 5, "decoder": 0, "fibre": 0, "kind": "state", "m": 5, "next": [1, 2, 1, 1, 4], "period": 1, "recurrent_predicate": false, "state": [0, 1, 4, 4, 3], "tail": 8}
{"N": 5, "decoder": 4, "fibre": 4, "kind": "state", "m": 5, "next": [1, 2, 2, 2, 2], "period": 1, "recurrent_predicate": false, "state": [0, 1, 4, 4, 4], "tail": 4}
{"N": 5, "decoder": 4, "fibre": 4, "kind": "state", "m": 5, "next": [4, 3, 4, 4, 4], "period": 1, "recurrent_predicate": false, "state": [0, 2, 0, 0, 0], "tail": 4}
{"N": 5, "decoder": 4, "fibre": 4, "kind": "state", "m": 5, "next": [3, 3, 3, 3, 2], "period": 1, "recurrent_predicate": false, "state": [0, 2, 0, 0, 1], "tail": 4}
{"N": 5, "decoder": 4, "fibre": 4, "kind": "state", "m": 5, "next": [3, 4, 3, 3, 4], "period": 1, "recurrent_predicate": false, "state": [0, 2, 0, 0, 2], "tail": 2}
{"N": 5, "decoder": 3, "fibre": 3, "kind": "state", "m": 5, "next": [3, 3, 3, 3, 4], "period": 1, "recurrent_predicate": false, "state": [0, 2, 0, 0, 3], "tail": 3}
{"N": 5, "decoder": 1, "fibre": 1, "kind": "state", "m": 5, "next": [3, 3, 3, 3, 0], "period": 1, "recurrent_predicate": false, "state": [0, 2, 0, 0, 4], "tail": 5}
{"N": 5, "decoder": 4, "fibre": 4, "kind": "state", "m": 5, "next": [3, 3, 3, 2, 3], "period": 1, "recurrent_predicate": false, "state": [0, 2, 0, 1, 0], "tail": 4}
{"N": 5, "decoder": 1, "fibre": 1, "kind": "state", "m": 5, "next": [2, 3, 2, 3, 3], "period": 1, "recurrent_predicate": false, "state": [0, 2, 0, 1, 1], "tail": 5}
{"N": 5, "decoder": 0, "fibre": 0, "kind": "state", "m": 5, "next": [2, 4, 2, 2, 4], "period": 1, "recurrent_predicate": false, "state": [0, 2, 0, 1, 2], "tail": 3}
{"N": 5, "decoder": 1, "fibre": 1, "kind": "state", "m": 5, "next": [2, 3, 2, 2, 4], "period": 1, "recurrent_predicate": false, "state": [0, 2, 0, 1, 3], "tail": 5}
{"N": 5, "decoder": 0, "fibre": 0, "kind": "state", "m": 5, "next": [2, 3, 2, 2, 0], "period": 1, "recurrent_predicate": false, "state": [0, 2, 0, 1, 4], "tail": 8}
{"N": 5, "decoder": 4, "fibre": 4, "kind": "state", "m": 5, "next": [3, 4, 3, 4, 3], "period": 1, "recurrent_predicate": false, "state": [0, 2, 0, 2, 0], "tail": 2}
{"N": 5, "decoder": 0, "fibre": 0, "kind": "state", "m": 5, "next": [2, 4, 2, 4, 2], "period": 1, "recurrent_predicate": false, "state": [0, 2, 0, 2, 1], "tail": 3}
{"N": 5, "decoder": 4, "fibre": 4, "kind": "state", "m": 5, "next": [2, 0, 2, 0, 0], "period": 1, "recurrent_predicate": false, "state": [0, 2, 0, 2, 2], "tail": 3}
{"N": 5, "decoder": 1, "fibre": 1, "kind": "state", "m": 5, "next": [2, 4, 2, 4, 4], "period": 1, "recurrent_predicate": false, "state": [0, 2, 0, 2, 3], "tail": 4}
{"N": 5, "decoder": 0, "fibre": 0, "kind": "state", "m": 5, "next": [2, 4, 2, 4, 0], "period": 1, "recurrent_predicate": false, "state": [0, 2, 0, 2, 4], "tail": 5}
{"N": 5, "decoder": 3, "fibre": 3, "kind": "state", "m": 5, "next": [3, 3, 3, 4, 3], "period": 1, "recurrent_predicate": false, "state": [0, 2, 0, 3, 0], "tail": 3}
{"N": 5, "decoder": 1, "fibre": 1, "kind": "state", "m": 5, "next": [2, 3, 2, 4, 2], "period": 1, "recurrent_predicate": false, "state": [0, 2, 0, 3, 1], "tail": 5}
{"N": 5, "decoder": 1, "fibre": 1, "kind": "state", "m": 5, "next": [2, 4, 2, 4, 4], "period": 1, "recurrent_predicate": false, "state": [0, 2, 0, 3, 2], "tail": 4}
{"N": 5, "decoder": 0, "fibre": 0, "kind": "state", "m": 5, "next": [2, 3, 2, 0, 0], "period": 1, "recurrent_predicate": false, "state": [0, 2, 0, 3, 3], "tail": 5}
{"N": 5, "decoder": 0, "fibre": 0, "kind": "state", "m": 5, "next": [2, 3, 2, 4, 0], "period": 1, "recurrent_predicate": false, "state": [0, 2, 0, 3, 4], "tail": 6}
{"N": 5, "decoder": 1, "fibre": 1, "kind": "state", "m": 5, "next": [3, 3, 3, 0, 3], "period": 1, "recurrent_predicate": false, "state": [0, 2, 0, 4, 0], "tail": 5}
{"N": 5, "decoder": 0, "fibre": 0, "kind": "state", "m": 5, "next": [2, 3, 2, 0, 2], "period": 1, "recurrent_predicate": false, "state": [0, 2, 0, 4, 1], "tail": 8}
{"N": 5, "decoder": 0, "fibre": 0, "kind": "state", "m": 5, "next": [2, 4, 2, 0, 4], "period": 1, "recurrent_predicate": false, "state": [0, 2, 0, 4, 2], "tail": 5}
{"N": 5, "decoder": 0, "fibre": 0, "kind": "state", "m": 5, "next": [2, 3, 2, 0, 4], "period": 1, "recurrent_predicate": false, "state": [0, 2, 0, 4, 3], "tail": 6}
{"N": 5, "decoder": 1, "fibre": 1, "kind": "state", "m": 5, "next": [2, 3, 2, 1, 1], "period": 1, "recurrent_predicate": false, "state": [0, 2, 0, 4, 4], "tail": 6}
{"N": 5, "decoder": 4, "fibre": 4, "kind": "state", "m": 5, "next": [3, 3, 2, 3, 3], "period": 1, "recurrent_predicate": false, "state": [0, 2, 1, 0, 0], "tail": 4}
{"N": 5, "decoder": 1, "fibre": 1, "kind": "state", "m": 5, "next": [2, 3, 3, 2, 3], "period": 1, "recurrent_predicate": false, "state": [0, 2, 1, 0, 1], "tail": 5}
{"N": 5, "decoder": 0, "fibre": 0, "kind": "state", "m": 5, "next": [2, 4, 2, 2, 4], "period": 1, "recurrent_predicate": false, "state": [0, 2, 1, 0, 2], "tail": 3}
{"N": 5, "decoder": 1, "fibre": 1, "kind": "state", "m": 5, "next": [2, 3, 2, 2, 4], "period": 1, "recurrent_predicate": false, "state": [0, 2, 1, 0, 3], "tail": 5}
{"N": 5, "decoder": 0, "fibre": 0, "kind": "state", "m": 5, "next": [2, 3, 2, 2, 0], "period": 1, "recurrent_predicate": false, "state": [0, 2, 1, 0, 4], "tail": 8}
{"N": 5, "decoder": 1, "fibre": 1, "kind": "state", "m": 5, "next": [2, 3, 3, 3, 2], "period": 1, "recurrent_predicate": false, "state": [0, 2, 1, 1, 0], "tail": 5}
{"N": 5, "decoder": 1, "fibre": 1, "kind": "state", "m": 5, "next": [1, 3, 4, 4, 4], "period": 1, "recurrent_predicate": false, "state": [0, 2, 1, 1, 1], "tail": 6}
{"N": 5, "decoder": 0, "fibre": 0, "kind": "state", "m": 5, "next": [1, 4, 3, 3, 4], "period": 1, "recurrent_predicate": false, "state": [0, 2, 1, 1, 2], "tail": 7}
{"N": 5, "decoder": 0, "fibre": 0, "kind": "state", "m": 5, "next": [1, 3, 3, 3, 4], "period": 1, "recurrent_predicate": false, "state": [0, 2, 1, 1, 3], "tail": 8}
{"N": 5, "decoder": 0, "fibre": 0, "kind": "state", "m": 5, "next": [1, 3, 3, 3, 0], "period": 1, "recurrent_predicate": false, "state": [0, 2, 1, 1, 4], "tail": 4}
{"N": 5, "decoder": 0, "fibre": 0, "kind": "state", "m": 5, "next": [2, 4, 2, 4, 2], "period": 1, "recurrent_predicate": false, "state": [0, 2, 1, 2, 0], "tail": 3}
{"N": 5, "decoder": 0, "fibre": 0, "kind": "state", "m": 5, "next": [1, 4, 3, 4, 3], "period": 1, "recurrent_predicate": false, "state": [0, 2, 1, 2, 1], "tail": 7}
{"N": 5, "decoder": 0, "fibre": 0, "kind": "state", "m": 5, "next": [1, 0, 2, 0, 0], "period": 1, "recurrent_predicate": false, "state": [0, 2, 1, 2, 2], "tail": 5}
{"N": 5, "decoder": 0, "fibre": 0, "kind": "state", "m": 5, "next": [1, 4, 2, 4, 4], "period": 1, "recurrent_predicate": false, "state": [0, 2, 1, 2, 3], "tail": 4}
{"N": 5, "decoder": 0, "fibre": 0, "kind": "state", "m": 5, "next": [1, 4, 2, 4, 0], "period": 1, "recurrent_predicate": false, "state": [0, 2, 1, 2, 4], "tail": 6}
{"N": 5, "decoder": 1, "fibre": 1, "kind": "state", "m": 5, "next": [2, 3, 2, 4, 2], "period": 1, "recurrent_predicate": false, "state": [0, 2, 1, 3, 0], "tail": 5}
{"N": 5, "decoder": 0, "fibre": 0, "kind": "state", "m": 5, "next": [1, 3, 3, 4, 3], "period": 1, "recurrent_predicate": false, "state": [0, 2, 1, 3, 1], "tail": 8}
{"N": 5, "decoder": 0, "fibre": 0, "kind": "state", "m": 5, "next": [1, 4, 2, 4, 4], "period": 1, "recurrent_predicate": false, "state": [0, 2, 1, 3, 2], "tail": 4}
{"N": 5, "decoder": 0, "fibre": 0, "kind": "state", "m": 5, "next": [1, 3, 2, 0, 0], "period": 1, "recurrent_predicate": false, "state": [0, 2, 1, 3, 3], "tail": 6}
{"N": 5, "decoder": 1, "fibre": 1, "kind": "state", "m": 5, "next": [1, 3, 2, 4, 0], "period": 5, "recurrent_predicate": true, "state": [0, 2, 1, 3, 4], "tail": 0}
{"N": 5, "decoder": 0, "fibre": 0, "kind": "state", "m": 5, "next": [2, 3, 2, 0, 2], "period": 1, "recurrent_predicate": false, "state": [0, 2, 1, 4, 0], "tail": 8}
{"N": 5, "decoder": 0, "fibre": 0, "kind": "state", "m": 5, "next": [1, 3, 3, 0, 3], "period": 1, "recurrent_predicate": false, "state": [0, 2, 1, 4, 1], "tail": 4}
{"N": 5, "decoder": 0, "fibre": 0, "kind": "state", "m": 5, "next": [1, 4, 2, 0, 4], "period": 1, "recurrent_predicate": false, "state": [0, 2, 1, 4, 2], "tail": 6}
{"N": 5, "decoder": 1, "fibre": 1, "kind": "state", "m": 5, "next": [1, 3, 2, 0, 4], "period": 5, "recurrent_predicate": true, "state": [0, 2, 1, 4, 3], "tail": 0}
{"N": 5, "decoder": 1, "fibre": 1, "kind": "state", "m": 5, "next": [1, 3, 2, 1, 1], "period": 1, "recurrent_predicate": false, "state": [0, 2, 1, 4, 4], "tail": 5}
{"N": 5, "decoder": 4, "fibre": 4, "kind": "state", "m": 5, "next": [3, 4, 4, 3, 3], "period": 1, "recurrent_predicate": false, "state": [0, 2, 2, 0, 0], "tail": 2}
{"N": 5, "decoder": 0, "fibre": 0, "kind": "state", "m": 5, "next": [2, 4, 4, 2, 2], "period": 1, "recurrent_predicate": false, "state": [0, 2, 2, 0, 1], "tail": 3}
{"N": 5, "decoder": 4, "fibre": 4, "kind": "state", "m": 5, "next": [2, 0, 0, 2, 0], "period": 1, "recurrent_predicate": false, "state": [0, 2, 2, 0, 2], "tail": 3}
{"N": 5, "decoder": 1, "fibre": 1, "kind": "state", "m": 5, "next": [2, 4, 4, 2, 4], "period": 1, "recurrent_predicate": false, "state": [0, 2, 2, 0, 3], "tail": 4}
{"N": 5, "decoder": 0, "fibre": 0, "kind": "state", "m": 5, "next": [2, 4, 4, 2, 0], "period": 1, "recurrent_predicate": false, "state": [0, 2, 2, 0, 4], "tail": 5}
{"N": 5, "decoder": 0, "fibre": 0, "kind": "state", "m": 5, "next": [2, 4, 4, 2, 2], "period": 1, "recurrent_predicate": false, "state": [0, 2, 2, 1, 0], "tail": 3}
{"N": 5, "decoder": 0, "fibre": 0, "kind": "state", "m": 5, "next": [1, 4, 4, 3, 3], "period": 1, "recurrent_predicate": false, "state": [0, 2, 2, 1, 1], "tail": 7}
{"N": 5, "decoder": 0, "fibre": 0, "kind": "state", "m": 5, "next": [1, 0, 0, 2, 0], "period": 1, "recurrent_predicate": false, "state": [0, 2, 2, 1, 2], "tail": 5}
{"N": 5, "decoder": 0, "fibre": 0, "kind": "state", "m": 5, "next": [1, 4, 4, 2, 4], "period": 1, "recurrent_predicate": false, "state": [0, 2, 2, 1, 3], "tail": 4}
{"N": 5, "decoder": 0, "fibre": 0, "kind": "state", "m": 5, "next": [1, 4, 4, 2, 0], "period": 1, "recurrent_predicate": false, "state": [0, 2, 2, 1, 4], "tail": 6}
{"N": 5, "decoder": 4, "fibre": 4, "kind": "state", "m": 5, "next": [2, 0, 0, 0, 2], "period": 1, "recurrent_predicate": false, "state": [0, 2, 2, 2, 0], "tail": 3}
{"N": 5, "decoder": 0, "fibre": 0, "kind": "state", "m": 5, "next": [1, 0, 0, 0, 2], "period": 1, "recurrent_predicate": false, "state": [0, 2, 2, 2, 1], "tail": 5}
{"N": 5, "decoder": 1, "fibre": 1, "kind": "state", "m": 5, "next": [1, 1, 1, 1, 1], "period": 1, "recurrent_predicate": false, "state": [0, 2, 2, 2, 2], "tail": 1}
{"N": 5, "decoder": 3, "fibre": 3, "kind": "state", "m": 5, "next": [1, 0, 0, 0, 4], "period": 1, "recurrent_predicate": false, "state": [0, 2, 2, 2, 3], "tail": 7}
{"N": 5, "decoder": 3, "fibre": 3, "kind": "state", "m": 5, "next": [1, 0, 0, 0, 0], "period": 1, "recurrent_predicate": false, "state": [0, 2, 2, 2, 4], "tail": 3}
{"N": 5, "decoder": 1, "fibre": 1, "kind": "state", "m": 5, "next": [2, 4, 4, 4, 2], "period": 1, "recurrent_predicate": false, "state": [0, 2, 2, 3, 0], "tail": 4}
{"N": 5, "decoder": 0, "fibre": 0, "kind": "state", "m": 5, "next": [1, 4, 4, 4, 2], "period": 1, "recurrent_predicate": false, "state": [0, 2, 2, 3, 1], "tail": 4}
{"N": 5, "decoder": 3, "fibre": 3, "kind": "state", "m": 5, "next": [1, 0, 0, 4, 0], "period": 1, "recurrent_predicate": false, "state": [0, 2, 2, 3, 2], "tail": 7}
{"N": 5, "decoder": 1, "fibre": 1, "kind": "state", "m": 5, "next": [1, 4, 4, 0, 0], "period": 1, "recurrent_predicate": false, "state": [0, 2, 2, 3, 3], "tail": 6}
{"N": 5, "decoder": 1, "fibre": 1, "kind": "state", "m": 5, "next": [1, 4, 4, 4, 0], "period": 1, "recurrent_predicate": false, "state": [0, 2, 2, 3, 4], "tail": 5}
{"N": 5, "decoder": 0, "fibre": 0, "kind": "state", "m": 5, "next": [2, 4, 4, 0, 2], "period": 1, "recurrent_predicate": false, "state": [0, 2, 2, 4, 0], "tail": 5}
{"N": 5, "decoder": 0, "fibre": 0, "kind": "state", "m": 5, "next": [1, 4, 4, 0, 2], "period": 1, "recurrent_predicate": false, "state": [0, 2, 2, 4, 1], "tail": 6}
{"N": 5, "decoder": 3, "fibre": 3, "kind": "state", "m": 5, "next": [1, 0, 0, 0, 0], "period": 1, "recurrent_predicate": false, "state": [0, 2, 2, 4, 2], "tail": 3}
{"N": 5, "decoder": 1, "fibre": 1, "kind": "state", "m": 5, "next": [1, 4, 4, 0, 4], "period": 1, "recurrent_predicate": false, "state": [0, 2, 2, 4, 3], "tail": 5}
{"N": 5, "decoder": 1, "fibre": 1, "kind": "state", "m": 5, "next": [1, 4, 4, 1, 1], "period": 1, "recurrent_predicate": false, "state": [0, 2, 2, 4, 4], "tail": 4}
{"N": 5, "decoder": 3, "fibre": 3, "kind": "state", "m": 5, "next": [3, 3, 4, 3, 3], "period": 1, "recurrent_predicate": false, "state": [0, 2, 3, 0, 0], "tail": 3}
{"N": 5, "decoder": 1, "fibre": 1, "kind": "state", "m": 5, "next": [2, 3, 4, 2, 2], "period": 1, "recurrent_predicate": false, "state": [0, 2, 3, 0, 1], "tail": 5}
{"N": 5, "decoder": 1, "fibre": 1, "kind": "state", "m": 5, "next": [2, 4, 4, 2, 4], "period": 1, "recurrent_predicate": false, "state": [0, 2, 3, 0, 2], "tail": 4}
{"N": 5, "decoder": 0, "fibre": 0, "kind": "state", "m": 5, "next": [2, 3, 0, 2, 0], "period": 1, "recurrent_predicate": false, "state": [0, 2, 3, 0, 3], "tail": 5}
{"N": 5, "decoder": 0, "fibre": 0, "kind": "state", "m": 5, "next": [2, 3, 4, 2, 0], "period": 1, "recurrent_predicate": false, "state": [0, 2, 3, 0, 4], "tail": 6}
{"N": 5, "decoder": 1, "fibre": 1, "kind": "state", "m": 5, "next": [2, 3, 4, 2, 2], "period": 1, "recurrent_predicate": false, "state": [0, 2, 3, 1, 0], "tail": 5}
{"N": 5, "decoder": 0, "fibre": 0, "kind": "state", "m": 5, "next": [1, 3, 4, 3, 3], "period": 1, "recurrent_predicate": false, "state": [0, 2, 3, 1, 1], "tail": 8}
{"N": 5, "decoder": 0, "fibre": 0, "kind": "state", "m": 5, "next": [1, 4, 4, 2, 4], "period": 1, "recurrent_predicate": false, "state": [0, 2, 3, 1, 2], "tail": 4}
{"N": 5, "decoder": 0, "fibre": 0, "kind": "state", "m": 5, "next": [1, 3, 0, 2, 0], "period": 1, "recurrent_predicate": false, "state": [0, 2, 3, 1, 3], "tail": 6}
{"N": 5, "decoder": 1, "fibre": 1, "kind": "state", "m": 5, "next": [1, 3, 4, 2, 0], "period": 5, "recurrent_predicate": true, "state": [0, 2, 3, 1, 4], "tail": 0}
{"N": 5, "decoder": 1, "fibre": 1, "kind": "state", "m": 5, "next": [2, 4, 4, 4, 2], "period": 1, "recurrent_predicate": false, "state": [0, 2, 3, 2, 0], "tail": 4}
{"N": 5, "decoder": 0, "fibre": 0, "kind": "state", "m": 5, "next": [1, 4, 4, 4, 2], "period": 1, "recurrent_predicate": false, "state": [0, 2, 3, 2, 1], "tail": 4}
{"N": 5, "decoder": 3, "fibre": 3, "kind": "state", "m": 5, "next": [1, 0, 4, 0, 0], "period": 1, "recurrent_predicate": false, "state": [0, 2, 3, 2, 2], "tail": 7}
{"N": 5, "decoder": 1, "fibre": 1, "kind": "state", "m": 5, "next": [1, 4, 0, 4, 0], "period": 1, "recurrent_predicate": false, "state": [0, 2, 3, 2, 3], "tail": 6}
{"N": 5, "decoder": 1, "fibre": 1, "kind": "state", "m": 5, "next": [1, 4, 4, 4, 0], "period": 1, "recurrent_predicate": false, "state": [0, 2, 3, 2, 4], "tail": 5}
{"N": 5, "decoder": 0, "fibre": 0, "kind": "state", "m": 5, "next": [2, 3, 0, 0, 2], "period": 1, "recurrent_predicate": false, "state": [0, 2, 3, 3, 0], "tail": 5}
{"N": 5, "decoder": 0, "fibre": 0, "kind": "state", "m": 5, "next": [1, 3, 0, 0, 2], "period": 1, "recurrent_predicate": false, "state": [0, 2, 3, 3, 1], "tail": 6}
{"N": 5, "decoder": 1, "fibre": 1, "kind": "state", "m": 5, "next": [1, 4, 0, 0, 4], "period": 1, "recurrent_predicate": false, "state": [0, 2, 3, 3, 2], "tail": 6}
{"N": 5, "decoder": 1, "fibre": 1, "kind": "state", "m": 5, "next": [1, 3, 1, 1, 1], "period": 1, "recurrent_predicate": false, "state": [0, 2, 3, 3, 3], "tail": 5}
{"N": 5, "decoder": 0, "fibre": 0, "kind": "state", "m": 5, "next": [1, 3, 0, 0, 0], "period": 1, "recurrent_predicate": false, "state": [0, 2, 3, 3, 4], "tail": 8}
{"N": 5, "decoder": 0, "fibre": 0, "kind": "state", "m": 5, "next": [2, 3, 4, 0, 2], "period": 1, "recurrent_predicate": false, "state": [0, 2, 3, 4, 0], "tail": 6}
{"N": 5, "decoder": 1, "fibre": 1, "kind": "state", "m": 5, "next": [1, 3, 4, 0, 2], "period": 5, "recurrent_predicate": true, "state": [0, 2, 3, 4, 1], "tail": 0}
{"N": 5, "decoder": 1, "fibre": 1, "kind": "state", "m": 5, "next": [1, 4, 4, 0, 4], "period": 1, "recurrent_predicate": false, "state": [0, 2, 3, 4, 2], "tail": 5}
{"N": 5, "decoder": 0, "fibre": 0, "kind": "state", "m": 5, "next": [1, 3, 0, 0, 0], "period": 1, "recurrent_predicate": false, "state": [0, 2, 3, 4, 3], "tail": 8}
{"N": 5, "decoder": 0, "fibre": 0, "kind": "state", "m": 5, "next": [1, 3, 4, 1, 1], "period": 1, "recurrent_predicate": false, "state": [0, 2, 3, 4, 4], "tail": 4}
{"N": 5, "decoder": 1, "fibre": 1, "kind": "state", "m": 5, "next": [3, 3, 0, 3, 3], "period": 1, "recurrent_predicate": false, "state": [0, 2, 4, 0, 0], "tail": 5}
{"N": 5, "decoder": 0, "fibre": 0, "kind": "state", "m": 5, "next": [2, 3, 0, 2, 2], "period": 1, "recurrent_predicate": false, "state": [0, 2, 4, 0, 1], "tail": 8}
{"N": 5, "decoder": 0, "fibre": 0, "kind": "state", "m": 5, "next": [2, 4, 0, 2, 4], "period": 1, "recurrent_predicate": false, "state": [0, 2, 4, 0, 2], "tail": 5}
{"N": 5, "decoder": 0, "fibre": 0, "kind": "state", "m": 5, "next": [2, 3, 0, 2, 4], "period": 1, "recurrent_predicate": false, "state": [0, 2, 4, 0, 3], "tail": 6}
{"N": 5, "decoder": 1, "fibre": 1, "kind": "state", "m": 5, "next": [2, 3, 1, 2, 1], "period": 1, "recurrent_predicate": false, "state": [0, 2, 4, 0, 4], "tail": 6}
{"N": 5, "decoder": 0, "fibre": 0, "kind": "state", "m": 5, "next": [2, 3, 0, 2, 2], "period": 1, "recurrent_predicate": false, "state": [0, 2, 4, 1, 0], "tail": 8}
{"N": 5, "decoder": 0, "fibre": 0, "kind": "state", "m": 5, "next": [1, 3, 0, 3, 3], "period": 1, "recurrent_predicate": false, "state": [0, 2, 4, 1, 1], "tail": 4}
{"N": 5, "decoder": 0, "fibre": 0, "kind": "state", "m": 5, "next": [1, 4, 0, 2, 4], "period": 1, "recurrent_predicate": false, "state": [0, 2, 4, 1, 2], "tail": 6}
{"N": 5, "decoder": 1, "fibre": 1, "kind": "state", "m": 5, "next": [1, 3, 0, 2, 4], "period": 5, "recurrent_predicate": true, "state": [0, 2, 4, 1, 3], "tail": 0}
{"N": 5, "decoder": 1, "fibre": 1, "kind": "state", "m": 5, "next": [1, 3, 1, 2, 1], "period": 1, "recurrent_predicate": false, "state": [0, 2, 4, 1, 4], "tail": 5}
{"N": 5, "decoder": 0, "fibre": 0, "kind": "state", "m": 5, "next": [2, 4, 0, 4, 2], "period": 1, "recurrent_predicate": false, "state": [0, 2, 4, 2, 0], "tail": 5}
{"N": 5, "decoder": 0, "fibre": 0, "kind": "state", "m": 5, "next": [1, 4, 0, 4, 2], "period": 1, "recurrent_predicate": false, "state": [0, 2, 4, 2, 1], "tail": 6}
{"N": 5, "decoder": 3, "fibre": 3, "kind": "state", "m": 5, "next": [1, 0, 0, 0, 0], "period": 1, "recurrent_predicate": false, "state": [0, 2, 4, 2, 2], "tail": 3}
{"N": 5, "decoder": 1, "fibre": 1, "kind": "state", "m": 5, "next": [1, 4, 0, 4, 4], "period": 1, "recurrent_predicate": false, "state": [0, 2, 4, 2, 3], "tail": 5}
{"N": 5, "decoder": 1, "fibre": 1, "kind": "state", "m": 5, "next": [1, 4, 1, 4, 1], "period": 1, "recurrent_predicate": false, "state": [0, 2, 4, 2, 4], "tail": 4}
{"N": 5, "decoder": 0, "fibre": 0, "kind": "state", "m": 5, "next": [2, 3, 0, 4, 2], "period": 1, "recurrent_predicate": false, "state": [0, 2, 4, 3, 0], "tail": 6}
{"N": 5, "decoder": 1, "fibre": 1, "kind": "state", "m": 5, "next": [1, 3, 0, 4, 2], "period": 5, "recurrent_predicate": true, "state": [0, 2, 4, 3, 1], "tail": 0}
{"N": 5, "decoder": 1, "fibre": 1, "kind": "state", "m": 5, "next": [1, 4, 0, 4, 4], "period": 1, "recurrent_predicate": false, "state": [0, 2, 4, 3, 2], "tail": 5}
{"N": 5, "decoder": 0, "fibre": 0, "kind": "state", "m": 5, "next": [1, 3, 0, 0, 0], "period": 1, "recurrent_predicate": false, "state": [0, 2, 4, 3, 3], "tail": 8}
{"N": 5, "decoder": 0, "fibre": 0, "kind": "state", "m": 5, "next": [1, 3, 1, 4, 1], "period": 1, "recurrent_predicate": false, "state": [0, 2, 4, 3, 4], "tail": 4}
{"N": 5, "decoder": 1, "fibre": 1, "kind": "state", "m": 5, "next": [2, 3, 1, 1, 2], "period": 1, "recurrent_predicate": false, "state": [0, 2, 4, 4, 0], "tail": 6}
{"N": 5, "decoder": 1, "fibre": 1, "kind": "state", "m": 5, "next": [1, 3, 1, 1, 2], "period": 1, "recurrent_predicate": false, "state": [0, 2, 4, 4, 1], "tail": 5}
{"N": 5, "decoder": 1, "fibre": 1, "kind": "state", "m": 5, "next": [1, 4, 1, 1, 4], "period": 1, "recurrent_predicate": false, "state": [0, 2, 4, 4, 2], "tail": 4}
{"N": 5, "decoder": 0, "fibre": 0, "kind": "state", "m": 5, "next": [1, 3, 1, 1, 4], "period": 1, "recurrent_predicate": false, "state": [0, 2, 4, 4, 3], "tail": 4}
{"N": 5, "decoder": 3, "fibre": 3, "kind": "state", "m": 5, "next": [1, 3, 2, 2, 2], "period": 1, "recurrent_predicate": false, "state": [0, 2, 4, 4, 4], "tail": 7}
{"N": 5, "decoder": 1, "fibre": 1, "kind": "state", "m": 5, "next": [4, 4, 4, 4, 4], "period": 1, "recurrent_predicate": false, "state": [0, 3, 0, 0, 0], "tail": 1}
{"N": 5, "decoder": 3, "fibre": 3, "kind": "state", "m": 5, "next": [3, 4, 3, 3, 2], "period": 1, "recurrent_predicate": false, "state": [0, 3, 0, 0, 1], "tail": 7}
{"N": 5, "decoder": 3, "fibre": 3, "kind": "state", "m": 5, "next": [3, 4, 3, 3, 3], "period": 1, "recurrent_predicate": false, "state": [0, 3, 0, 0, 2], "tail": 3}
{"N": 5, "decoder": 4, "fibre": 4, "kind": "state", "m": 5, "next": [3, 0, 3, 3, 0], "period": 1, "recurrent_predicate": false, "state": [0, 3, 0, 0, 3], "tail": 3}
{"N": 5, "decoder": 0, "fibre": 0, "kind": "state", "m": 5, "next": [3, 4, 3, 3, 0], "period": 1, "recurrent_predicate": false, "state": [0, 3, 0, 0, 4], "tail": 5}
{"N": 5, "decoder": 3, "fibre": 3, "kind": "state", "m": 5, "next": [3, 4, 3, 2, 3], "period": 1, "recurrent_predicate": false, "state": [0, 3, 0, 1, 0], "tail": 7}
{"N": 5, "decoder": 1, "fibre": 1, "kind": "state", "m": 5, "next": [2, 4, 2, 3, 3], "period": 1, "recurrent_predicate": false, "state": [0, 3, 0, 1, 1], "tail": 6}
{"N": 5, "decoder": 1, "fibre": 1, "kind": "state", "m": 5, "next": [2, 4, 2, 2, 3], "period": 1, "recurrent_predicate": false, "state": [0, 3, 0, 1, 2], "tail": 5}
{"N": 5, "decoder": 1, "fibre": 1, "kind": "state", "m": 5, "next": [2, 0, 2, 2, 0], "period": 1, "recurrent_predicate": false, "state": [0, 3, 0, 1, 3], "tail": 4}
{"N": 5, "decoder": 0, "fibre": 0, "kind": "state", "m": 5, "next": [2, 4, 2, 2, 0], "period": 1, "recurrent_predicate": false, "state": [0, 3, 0, 1, 4], "tail": 4}
{"N": 5, "decoder": 3, "fibre": 3, "kind": "state", "m": 5, "next": [3, 4, 3, 3, 3], "period": 1, "recurrent_predicate": false, "state": [0, 3, 0, 2, 0], "tail": 3}
{"N": 5, "decoder": 1, "fibre": 1, "kind": "state", "m": 5, "next": [2, 4, 2, 3, 2], "period": 1, "recurrent_predicate": false, "state": [0, 3, 0, 2, 1], "tail": 5}
{"N": 5, "decoder": 1, "fibre": 1, "kind": "state", "m": 5, "next": [2, 4, 2, 4, 4], "period": 1, "recurrent_predicate": false, "state": [0, 3, 0, 2, 2], "tail": 4}
{"N": 5, "decoder": 0, "fibre": 0, "kind": "state", "m": 5, "next": [2, 0, 2, 3, 0], "period": 1, "recurrent_predicate": false, "state": [0, 3, 0, 2, 3], "tail": 5}
{"N": 5, "decoder": 0, "fibre": 0, "kind": "state", "m": 5, "next": [2, 4, 2, 3, 0], "period": 1, "recurrent_predicate": false, "state": [0, 3, 0, 2, 4], "tail": 6}
{"N": 5, "decoder": 4, "fibre": 4, "kind": "state", "m": 5, "next": [3, 0, 3, 0, 3], "period": 1, "recurrent_predicate": false, "state": [0, 3, 0, 3, 0], "tail": 3}
{"N": 5, "decoder": 1, "fibre": 1, "kind": "state", "m": 5, "next": [2, 0, 2, 0, 2], "period": 1, "recurrent_predicate": false, "state": [0, 3, 0, 3, 1], "tail": 4}
{"N": 5, "decoder": 0, "fibre": 0, "kind": "state", "m": 5, "next": [2, 0, 2, 0, 3], "period": 1, "recurrent_predicate": false, "state": [0, 3, 0, 3, 2], "tail": 5}
{"N": 5, "decoder": 4, "fibre": 4, "kind": "state", "m": 5, "next": [2, 1, 2, 1, 1], "period": 1, "recurrent_predicate": false, "state": [0, 3, 0, 3, 3], "tail": 2}
{"N": 5, "decoder": 0, "fibre": 0, "kind": "state", "m": 5, "next": [2, 0, 2, 0, 0], "period": 1, "recurrent_predicate": false, "state": [0, 3, 0, 3, 4], "tail": 3}
{"N": 5, "decoder": 0, "fibre": 0, "kind": "state", "m": 5, "next": [3, 4, 3, 0, 3], "period": 1, "recurrent_predicate": false, "state": [0, 3, 0, 4, 0], "tail": 5}
{"N": 5, "decoder": 0, "fibre": 0, "kind": "state", "m": 5, "next": [2, 4, 2, 0, 2], "period": 1, "recurrent_predicate": false, "state": [0, 3, 0, 4, 1], "tail": 4}
{"N": 5, "decoder": 0, "fibre": 0, "kind": "state", "m": 5, "next": [2, 4, 2, 0, 3], "period": 1, "recurrent_predicate": false, "state": [0, 3, 0, 4, 2], "tail": 6}
{"N": 5, "decoder": 0, "fibre": 0, "kind": "state", "m": 5, "next": [2, 0, 2, 0, 0], "period": 1, "recurrent_predicate": false, "state": [0, 3, 0, 4, 3], "tail": 3}
{"N": 5, "decoder": 0, "fibre": 0, "kind": "state", "m": 5, "next": [2, 4, 2, 1, 1], "period": 1, "recurrent_predicate": false, "state": [0, 3, 0, 4, 4], "tail": 7}
{"N": 5, "decoder": 3, "fibre": 3, "kind": "state", "m": 5, "next": [3, 4, 2, 3, 3], "period": 1, "recurrent_predicate": false, "state": [0, 3, 1, 0, 0], "tail": 7}
{"N": 5, "decoder": 1, "fibre": 1, "kind": "state", "m": 5, "next": [2, 4, 3, 2, 3], "period": 1, "recurrent_predicate": false, "state": [0, 3, 1, 0, 1], "tail": 6}
{"N": 5, "decoder": 1, "fibre": 1, "kind": "state", "m": 5, "next": [2, 4, 2, 2, 3], "period": 1, "recurrent_predicate": false, "state": [0, 3, 1, 0, 2], "tail": 5}
{"N": 5, "decoder": 1, "fibre": 1, "kind": "state", "m": 5, "next": [2, 0, 2, 2, 0], "period": 1, "recurrent_predicate": false, "state": [0, 3, 1, 0, 3], "tail": 4}
{"N": 5, "decoder": 0, "fibre": 0, "kind": "state", "m": 5, "next": [2, 4, 2, 2, 0], "period": 1, "recurrent_predicate": false, "state": [0, 3, 1, 0, 4], "tail": 4}
{"N": 5, "decoder": 1, "fibre": 1, "kind": "state", "m": 5, "next": [2, 4, 3, 3, 2], "period": 1, "recurrent_predicate": false, "state": [0, 3, 1, 1, 0], "tail": 6}
{"N": 5, "decoder": 1, "fibre": 1, "kind": "state", "m": 5, "next": [1, 4, 4, 4, 4], "period": 1, "recurrent_predicate": false, "state": [0, 3, 1, 1, 1], "tail": 5}
{"N": 5, "decoder": 0, "fibre": 0, "kind": "state", "m": 5, "next": [1, 4, 3, 3, 3], "period": 1, "recurrent_predicate": false, "state": [0, 3, 1, 1, 2], "tail": 8}
{"N": 5, "decoder": 0, "fibre": 0, "kind": "state", "m": 5, "next": [1, 0, 3, 3, 0], "period": 1, "recurrent_predicate": false, "state": [0, 3, 1, 1, 3], "tail": 5}
{"N": 5, "decoder": 0, "fibre": 0, "kind": "state", "m": 5, "next": [1, 4, 3, 3, 0], "period": 1, "recurrent_predicate": false, "state": [0, 3, 1, 1, 4], "tail": 6}
{"N": 5, "decoder": 1, "fibre": 1, "kind": "state", "m": 5, "next": [2, 4, 2, 3, 2], "period": 1, "recurrent_predicate": false, "state": [0, 3, 1, 2, 0], "tail": 5}
{"N": 5, "decoder": 0, "fibre": 0, "kind": "state", "m": 5, "next": [1, 4, 3, 3, 3], "period": 1, "recurrent_predicate": false, "state": [0, 3, 1, 2, 1], "tail": 8}
{"N": 5, "decoder": 0, "fibre": 0, "kind": "state", "m": 5, "next": [1, 4, 2, 4, 4], "period": 1, "recurrent_predicate": false, "state": [0, 3, 1, 2, 2], "tail": 4}
{"N": 5, "decoder": 0, "fibre": 0, "kind": "state", "m": 5, "next": [1, 0, 2, 3, 0], "period": 1, "recurrent_predicate": false, "state": [0, 3, 1, 2, 3], "tail": 6}
{"N": 5, "decoder": 1, "fibre": 1, "kind": "state", "m": 5, "next": [1, 4, 2, 3, 0], "period": 5, "recurrent_predicate": true, "state": [0, 3, 1, 2, 4], "tail": 0}
{"N": 5, "decoder": 1, "fibre": 1, "kind": "state", "m": 5, "next": [2, 0, 2, 0, 2], "period": 1, "recurrent_predicate": false, "state": [0, 3, 1, 3, 0], "tail": 4}
{"N": 5, "decoder": 0, "fibre": 0, "kind": "state", "m": 5, "next": [1, 0, 3, 0, 3], "period": 1, "recurrent_predicate": false, "state": [0, 3, 1, 3, 1], "tail": 5}
{"N": 5, "decoder": 0, "fibre": 0, "kind": "state", "m": 5, "next": [1, 0, 2, 0, 3], "period": 1, "recurrent_predicate": false, "state": [0, 3, 1, 3, 2], "tail": 6}
{"N": 5, "decoder": 3, "fibre": 3, "kind": "state", "m": 5, "next": [1, 1, 2, 1, 1], "period": 1, "recurrent_predicate": false, "state": [0, 3, 1, 3, 3], "tail": 3}
{"N": 5, "decoder": 1, "fibre": 1, "kind": "state", "m": 5, "next": [1, 0, 2, 0, 0], "period": 1, "recurrent_predicate": false, "state": [0, 3, 1, 3, 4], "tail": 5}
{"N": 5, "decoder": 0, "fibre": 0, "kind": "state", "m": 5, "next": [2, 4, 2, 0, 2], "period": 1, "recurrent_predicate": false, "state": [0, 3, 1, 4, 0], "tail": 4}
{"N": 5, "decoder": 0, "fibre": 0, "kind": "state", "m": 5, "next": [1, 4, 3, 0, 3], "period": 1, "recurrent_predicate": false, "state": [0, 3, 1, 4, 1], "tail": 6}
{"N": 5, "decoder": 1, "fibre": 1, "kind": "state", "m": 5, "next": [1, 4, 2, 0, 3], "period": 5, "recurrent_predicate": true, "state": [0, 3, 1, 4, 2], "tail": 0}
{"N": 5, "decoder": 1, "fibre": 1, "kind": "state", "m": 5, "next": [1, 0, 2, 0, 0], "period": 1, "recurrent_predicate": false, "state": [0, 3, 1, 4, 3], "tail": 5}
{"N": 5, "decoder": 0, "fibre": 0, "kind": "state", "m": 5, "next": [1, 4, 2, 1, 1], "period": 1, "recurrent_predicate": false, "state": [0, 3, 1, 4, 4], "tail": 8}
{"N": 5, "decoder": 3, "fibre": 3, "kind": "state", "m": 5, "next": [3, 4, 3, 3, 3], "period": 1, "recurrent_predicate": false, "state": [0, 3, 2, 0, 0], "tail": 3}
{"N": 5, "decoder": 1, "fibre": 1, "kind": "state", "m": 5, "next": [2, 4, 3, 2, 2], "period": 1, "recurrent_predicate": false, "state": [0, 3, 2, 0, 1], "tail": 5}
{"N": 5, "decoder": 1, "fibre": 1, "kind": "state", "m": 5, "next": [2, 4, 4, 2, 4], "period": 1, "recurrent_predicate": false, "state": [0, 3, 2, 0, 2], "tail": 4}
{"N": 5, "decoder": 0, "fibre": 0, "kind": "state", "m": 5, "next": [2, 0, 3, 2, 0], "period": 1, "recurrent_predicate": false, "state": [0, 3, 2, 0, 3], "tail": 5}
{"N": 5, "decoder": 0, "fibre": 0, "kind": "state", "m": 5, "next": [2, 4, 3, 2, 0], "period": 1, "recurrent_predicate": false, "state": [0, 3, 2, 0, 4], "tail": 6}
{"N": 5, "decoder": 1, "fibre": 1, "kind": "state", "m": 5, "next": [2, 4, 3, 2, 2], "period": 1, "recurrent_predicate": false, "state": [0, 3, 2, 1, 0], "tail": 5}
{"N": 5, "decoder": 0, "fibre": 0, "kind": "state", "m": 5, "next": [1, 4, 3, 3, 3], "period": 1, "recurrent_predicate": false, "state": [0, 3, 2, 1, 1], "tail": 8}
{"N": 5, "decoder": 0, "fibre": 0, "kind": "state", "m": 5, "next": [1, 4, 4, 2, 4], "period": 1, "recurrent_predicate": false, "state": [0, 3, 2, 1, 2], "tail": 4}
{"N": 5, "decoder": 0, "fibre": 0, "kind": "state", "m": 5, "next": [1, 0, 3, 2, 0], "period": 1, "recurrent_predicate": false, "state": [0, 3, 2, 1, 3], "tail": 6}
{"N": 5, "decoder": 1, "fibre": 1, "kind": "state", "m": 5, "next": [1, 4, 3, 2, 0], "period": 5, "recurrent_predicate": true, "state": [0, 3, 2, 1, 4], "tail": 0}
{"N": 5, "decoder": 1, "fibre": 1, "kind": "state", "m": 5, "next": [2, 4, 4, 4, 2], "period": 1, "recurrent_predicate": false, "state": [0, 3, 2, 2, 0], "tail": 4}
{"N": 5, "decoder": 0, "fibre": 0, "kind": "state", "m": 5, "next": [1, 4, 4, 4, 2], "period": 1, "recurrent_predicate": false, "state": [0, 3, 2, 2, 1], "tail": 4}
{"N": 5, "decoder": 3, "fibre": 3, "kind": "state", "m": 5, "next": [1, 4, 0, 0, 0], "period": 1, "recurrent_predicate": false, "state": [0, 3, 2, 2, 2], "tail": 7}
{"N": 5, "decoder": 1, "fibre": 1, "kind": "state", "m": 5, "next": [1, 0, 4, 4, 0], "period": 1, "recurrent_predicate": false, "state": [0, 3, 2, 2, 3], "tail": 6}
{"N": 5, "decoder": 1, "fibre": 1, "kind": "state", "m": 5, "next": [1, 4, 4, 4, 0], "period": 1, "recurrent_predicate": false, "state": [0, 3, 2, 2, 4], "tail": 5}
{"N": 5, "decoder": 0, "fibre": 0, "kind": "state", "m": 5, "next": [2, 0, 3, 0, 2], "period": 1, "recurrent_predicate": false, "state": [0, 3, 2, 3, 0], "tail": 5}
{"N": 5, "decoder": 0, "fibre": 0, "kind": "state", "m": 5, "next": [1, 0, 3, 0, 2], "period": 1, "recurrent_predicate": false, "state": [0, 3, 2, 3, 1], "tail": 6}
{"N": 5, "decoder": 1, "fibre": 1, "kind": "state", "m": 5, "next": [1, 0, 4, 0, 4], "period": 1, "recurrent_predicate": false, "state": [0, 3, 2, 3, 2], "tail": 6}
{"N": 5, "decoder": 1, "fibre": 1, "kind": "state", "m": 5, "next": [1, 1, 3, 1, 1], "period": 1, "recurrent_predicate": false, "state": [0, 3, 2, 3, 3], "tail": 5}
{"N": 5, "decoder": 0, "fibre": 0, "kind": "state", "m": 5, "next": [1, 0, 3, 0, 0], "period": 1, "recurrent_predicate": false, "state": [0, 3, 2, 3, 4], "tail": 8}
{"N": 5, "decoder": 0, "fibre": 0, "kind": "state", "m": 5, "next": [2, 4, 3, 0, 2], "period": 1, "recurrent_predicate": false, "state": [0, 3, 2, 4, 0], "tail": 6}
{"N": 5, "decoder": 1, "fibre": 1, "kind": "state", "m": 5, "next": [1, 4, 3, 0, 2], "period": 5, "recurrent_predicate": true, "state": [0, 3, 2, 4, 1], "tail": 0}
{"N": 5, "decoder": 1, "fibre": 1, "kind": "state", "m": 5, "next": [1, 4, 4, 0, 4], "period": 1, "recurrent_predicate": false, "state": [0, 3, 2, 4, 2], "tail": 5}
{"N": 5, "decoder": 0, "fibre": 0, "kind": "state", "m": 5, "next": [1, 0, 3, 0, 0], "period": 1, "recurrent_predicate": false, "state": [0, 3, 2, 4, 3], "tail": 8}
{"N": 5, "decoder": 0, "fibre": 0, "kind": "state", "m": 5, "next": [1, 4, 3, 1, 1], "period": 1, "recurrent_predicate": false, "state": [0, 3, 2, 4, 4], "tail": 4}
{"N": 5, "decoder": 4, "fibre": 4, "kind": "state", "m": 5, "next": [3, 0, 0, 3, 3], "period": 1, "recurrent_predicate": false, "state": [0, 3, 3, 0, 0], "tail": 3}
{"N": 5, "decoder": 1, "fibre": 1, "kind": "state", "m": 5, "next": [2, 0, 0, 2, 2], "period": 1, "recurrent_predicate": false, "state": [0, 3, 3, 0, 1], "tail": 4}
{"N": 5, "decoder": 0, "fibre": 0, "kind": "state", "m": 5, "next": [2, 0, 0, 2, 3], "period": 1, "recurrent_predicate": false, "state": [0, 3, 3, 0, 2], "tail": 5}
{"N": 5, "decoder": 4, "fibre": 4, "kind": "state", "m": 5, "next": [2, 1, 1, 2, 1], "period": 1, "recurrent_predicate": false, "state": [0, 3, 3, 0, 3], "tail": 2}
{"N": 5, "decoder": 0, "fibre": 0, "kind": "state", "m": 5, "next": [2, 0, 0, 2, 0], "period": 1, "recurrent_predicate": false, "state": [0, 3, 3, 0, 4], "tail": 3}
{"N": 5, "decoder": 1, "fibre": 1, "kind": "state", "m": 5, "next": [2, 0, 0, 2, 2], "period": 1, "recurrent_predicate": false, "state": [0, 3, 3, 1, 0], "tail": 4}
{"N": 5, "decoder": 0, "fibre": 0, "kind": "state", "m": 5, "next": [1, 0, 0, 3, 3], "period": 1, "recurrent_predicate": false, "state": [0, 3, 3, 1, 1], "tail": 5}
{"N": 5, "decoder": 0, "fibre": 0, "kind": "state", "m": 5, "next": [1, 0, 0, 2, 3], "period": 1, "recurrent_predicate": false, "state": [0, 3, 3, 1, 2], "tail": 6}
{"N": 5, "decoder": 3, "fibre": 3, "kind": "state", "m": 5, "next": [1, 1, 1, 2, 1], "period": 1, "recurrent_predicate": false, "state": [0, 3, 3, 1, 3], "tail": 3}
{"N": 5, "decoder": 1, "fibre": 1, "kind": "state", "m": 5, "next": [1, 0, 0, 2, 0], "period": 1, "recurrent_predicate": false, "state": [0, 3, 3, 1, 4], "tail": 5}
{"N": 5, "decoder": 0, "fibre": 0, "kind": "state", "m": 5, "next": [2, 0, 0, 3, 2], "period": 1, "recurrent_predicate": false, "state": [0, 3, 3, 2, 0], "tail": 5}
{"N": 5, "decoder": 0, "fibre": 0, "kind": "state", "m": 5, "next": [1, 0, 0, 3, 2], "period": 1, "recurrent_predicate": false, "state": [0, 3, 3, 2, 1], "tail": 6}
{"N": 5, "decoder": 1, "fibre": 1, "kind": "state", "m": 5, "next": [1, 0, 0, 4, 4], "period": 1, "recurrent_predicate": false, "state": [0, 3, 3, 2, 2], "tail": 6}
{"N": 5, "decoder": 1, "fibre": 1, "kind": "state", "m": 5, "next": [1, 1, 1, 3, 1], "period": 1, "recurrent_predicate": false, "state": [0, 3, 3, 2, 3], "tail": 5}
{"N": 5, "decoder": 0, "fibre": 0, "kind": "state", "m": 5, "next": [1, 0, 0, 3, 0], "period": 1, "recurrent_predicate": false, "state": [0, 3, 3, 2, 4], "tail": 8}
{"N": 5, "decoder": 4, "fibre": 4, "kind": "state", "m": 5, "next": [2, 1, 1, 1, 2], "period": 1, "recurrent_predicate": false, "state": [0, 3, 3, 3, 0], "tail": 2}
{"N": 5, "decoder": 3, "fibre": 3, "kind": "state", "m": 5, "next": [1, 1, 1, 1, 2], "period": 1, "recurrent_predicate": false, "state": [0, 3, 3, 3, 1], "tail": 3}
{"N": 5, "decoder": 1, "fibre": 1, "kind": "state", "m": 5, "next": [1, 1, 1, 1, 3], "period": 1, "recurrent_predicate": false, "state": [0, 3, 3, 3, 2], "tail": 5}
{"N": 5, "decoder": 4, "fibre": 4, "kind": "state", "m": 5, "next": [1, 2, 2, 2, 2], "period": 1, "recurrent_predicate": false, "state": [0, 3, 3, 3, 3], "tail": 4}
{"N": 5, "decoder": 4, "fibre": 4, "kind": "state", "m": 5, "next": [1, 1, 1, 1, 0], "period": 1, "recurrent_predicate": false, "state": [0, 3, 3, 3, 4], "tail": 4}
{"N": 5, "decoder": 0, "fibre": 0, "kind": "state", "m": 5, "next": [2, 0, 0, 0, 2], "period": 1, "recurrent_predicate": false, "state": [0, 3, 3, 4, 0], "tail": 3}
{"N": 5, "decoder": 1, "fibre": 1, "kind": "state", "m": 5, "next": [1, 0, 0, 0, 2], "period": 1, "recurrent_predicate": false, "state": [0, 3, 3, 4, 1], "tail": 5}
{"N": 5, "decoder": 0, "fibre": 0, "kind": "state", "m": 5, "next": [1, 0, 0, 0, 3], "period": 1, "recurrent_predicate": false, "state": [0, 3, 3, 4, 2], "tail": 8}
{"N": 5, "decoder": 4, "fibre": 4, "kind": "state", "m": 5, "next": [1, 1, 1, 0, 1], "period": 1, "recurrent_predicate": false, "state": [0, 3, 3, 4, 3], "tail": 4}
{"N": 5, "decoder": 1, "fibre": 1, "kind": "state", "m": 5, "next": [1, 0, 0, 1, 1], "period": 1, "recurrent_predicate": false, "state": [0, 3, 3, 4, 4], "tail": 5}
{"N": 5, "decoder": 0, "fibre": 0, "kind": "state", "m": 5, "next": [3, 4, 0, 3, 3], "period": 1, "recurrent_predicate": false, "state": [0, 3, 4, 0, 0], "tail": 5}
{"N": 5, "decoder": 0, "fibre": 0, "kind": "state", "m": 5, "next": [2, 4, 0, 2, 2], "period": 1, "recurrent_predicate": false, "state": [0, 3, 4, 0, 1], "tail": 4}
{"N": 5, "decoder": 0, "fibre": 0, "kind": "state", "m": 5, "next": [2, 4, 0, 2, 3], "period": 1, "recurrent_predicate": false, "state": [0, 3, 4, 0, 2], "tail": 6}
{"N": 5, "decoder": 0, "fibre": 0, "kind": "state", "m": 5, "next": [2, 0, 0, 2, 0], "period": 1, "recurrent_predicate": false, "state": [0, 3, 4, 0, 3], "tail": 3}
{"N": 5, "decoder": 0, "fibre": 0, "kind": "state", "m": 5, "next": [2, 4, 1, 2, 1], "period": 1, "recurrent_predicate": false, "state": [0, 3, 4, 0, 4], "tail": 7}
{"N": 5, "decoder": 0, "fibre": 0, "kind": "state", "m": 5, "next": [2, 4, 0, 2, 2], "period": 1, "recurrent_predicate": false, "state": [0, 3, 4, 1, 0], "tail": 4}
{"N": 5, "decoder": 0, "fibre": 0, "kind": "state", "m": 5, "next": [1, 4, 0, 3, 3], "period": 1, "recurrent_predicate": false, "state": [0, 3, 4, 1, 1], "tail": 6}
{"N": 5, "decoder": 1, "fibre": 1, "kind": "state", "m": 5, "next": [1, 4, 0, 2, 3], "period": 5, "recurrent_predicate": true, "state": [0, 3, 4, 1, 2], "tail": 0}
{"N": 5, "decoder": 1, "fibre": 1, "kind": "state", "m": 5, "next": [1, 0, 0, 2, 0], "period": 1, "recurrent_predicate": false, "state": [0, 3, 4, 1, 3], "tail": 5}
{"N": 5, "decoder": 0, "fibre": 0, "kind": "state", "m": 5, "next": [1, 4, 1, 2, 1], "period": 1, "recurrent_predicate": false, "state": [0, 3, 4, 1, 4], "tail": 8}
{"N": 5, "decoder": 0, "fibre": 0, "kind": "state", "m": 5, "next": [2, 4, 0, 3, 2], "period": 1, "recurrent_predicate": false, "state": [0, 3, 4, 2, 0], "tail": 6}
{"N": 5, "decoder": 1, "fibre": 1, "kind": "state", "m": 5, "next": [1, 4, 0, 3, 2], "period": 5, "recurrent_predicate": true, "state": [0, 3, 4, 2, 1], "tail": 0}
{"N": 5, "decoder": 1, "fibre": 1, "kind": "state", "m": 5, "next": [1, 4, 0, 4, 4], "period": 1, "recurrent_predicate": false, "state": [0, 3, 4, 2, 2], "tail": 5}
{"N": 5, "decoder": 0, "fibre": 0, "kind": "state", "m": 5, "next": [1, 0, 0, 3, 0], "period": 1, "recurrent_predicate": false, "state": [0, 3, 4, 2, 3], "tail": 8}
{"N": 5, "decoder": 0, "fibre": 0, "kind": "state", "m": 5, "next": [1, 4, 1, 3, 1], "period": 1, "recurrent_predicate": false, "state": [0, 3, 4, 2, 4], "tail": 4}
{"N": 5, "decoder": 0, "fibre": 0, "kind": "state", "m": 5, "next": [2, 0, 0, 0, 2], "period": 1, "recurrent_predicate": false, "state": [0, 3, 4, 3, 0], "tail": 3}
{"N": 5, "decoder": 1, "fibre": 1, "kind": "state", "m": 5, "next": [1, 0, 0, 0, 2], "period": 1, "recurrent_predicate": false, "state": [0, 3, 4, 3, 1], "tail": 5}
{"N": 5, "decoder": 0, "fibre": 0, "kind": "state", "m": 5, "next": [1, 0, 0, 0, 3], "period": 1, "recurrent_predicate": false, "state": [0, 3, 4, 3, 2], "tail": 8}
{"N": 5, "decoder": 4, "fibre": 4, "kind": "state", "m": 5, "next": [1, 1, 0, 1, 1], "period": 1, "recurrent_predicate": false, "state": [0, 3, 4, 3, 3], "tail": 4}
{"N": 5, "decoder": 1, "fibre": 1, "kind": "state", "m": 5, "next": [1, 0, 1, 0, 1], "period": 1, "recurrent_predicate": false, "state": [0, 3, 4, 3, 4], "tail": 5}
{"N": 5, "decoder": 0, "fibre": 0, "kind": "state", "m": 5, "next": [2, 4, 1, 1, 2], "period": 1, "recurrent_predicate": false, "state": [0, 3, 4, 4, 0], "tail": 7}
{"N": 5, "decoder": 0, "fibre": 0, "kind": "state", "m": 5, "next": [1, 4, 1, 1, 2], "period": 1, "recurrent_predicate": false, "state": [0, 3, 4, 4, 1], "tail": 8}
{"N": 5, "decoder": 0, "fibre": 0, "kind": "state", "m": 5, "next": [1, 4, 1, 1, 3], "period": 1, "recurrent_predicate": false, "state": [0, 3, 4, 4, 2], "tail": 4}
{"N": 5, "decoder": 1, "fibre": 1, "kind": "state", "m": 5, "next": [1, 0, 1, 1, 0], "period": 1, "recurrent_predicate": false, "state": [0, 3, 4, 4, 3], "tail": 5}
{"N": 5, "decoder": 1, "fibre": 1, "kind": "state", "m": 5, "next": [1, 4, 2, 2, 2], "period": 1, "recurrent_predicate": false, "state": [0, 3, 4, 4, 4], "tail": 6}
{"N": 5, "decoder": 5, "fibre": 5, "kind": "state", "m": 5, "next": [4, 0, 4, 4, 4], "period": 1, "recurrent_predicate": false, "state": [0, 4, 0, 0, 0], "tail": 3}
{"N": 5, "decoder": 1, "fibre": 1, "kind": "state", "m": 5, "next": [3, 0, 3, 3, 2], "period": 1, "recurrent_predicate": false, "state": [0, 4, 0, 0, 1], "tail": 6}
{"N": 5, "decoder": 1, "fibre": 1, "kind": "state", "m": 5, "next": [3, 0, 3, 3, 3], "period": 1, "recurrent_predicate": false, "state": [0, 4, 0, 0, 2], "tail": 5}
{"N": 5, "decoder": 0, "fibre": 0, "kind": "state", "m": 5, "next": [3, 0, 3, 3, 4], "period": 1, "recurrent_predicate": false, "state": [0, 4, 0, 0, 3], "tail": 5}
{"N": 5, "decoder": 3, "fibre": 3, "kind": "state", "m": 5, "next": [3, 1, 3, 3, 1], "period": 1, "recurrent_predicate": false, "state": [0, 4, 0, 0, 4], "tail": 4}
{"N": 5, "decoder": 1, "fibre": 1, "kind": "state", "m": 5, "next": [3, 0, 3, 2, 3], "period": 1, "recurrent_predicate": false, "state": [0, 4, 0, 1, 0], "tail": 6}
{"N": 5, "decoder": 0, "fibre": 0, "kind": "state", "m": 5, "next": [2, 0, 2, 3, 3], "period": 1, "recurrent_predicate": false, "state": [0, 4, 0, 1, 1], "tail": 7}
{"N": 5, "decoder": 0, "fibre": 0, "kind": "state", "m": 5, "next": [2, 0, 2, 2, 3], "period": 1, "recurrent_predicate": false, "state": [0, 4, 0, 1, 2], "tail": 8}
{"N": 5, "decoder": 0, "fibre": 0, "kind": "state", "m": 5, "next": [2, 0, 2, 2, 4], "period": 1, "recurrent_predicate": false, "state": [0, 4, 0, 1, 3], "tail": 4}
{"N": 5, "decoder": 1, "fibre": 1, "kind": "state", "m": 5, "next": [2, 1, 2, 2, 1], "period": 1, "recurrent_predicate": false, "state": [0, 4, 0, 1, 4], "tail": 5}
{"N": 5, "decoder": 1, "fibre": 1, "kind": "state", "m": 5, "next": [3, 0, 3, 3, 3], "period": 1, "recurrent_predicate": false, "state": [0, 4, 0, 2, 0], "tail": 5}
{"N": 5, "decoder": 0, "fibre": 0, "kind": "state", "m": 5, "next": [2, 0, 2, 3, 2], "period": 1, "recurrent_predicate": false, "state": [0, 4, 0, 2, 1], "tail": 8}
{"N": 5, "decoder": 0, "fibre": 0, "kind": "state", "m": 5, "next": [2, 0, 2, 4, 4], "period": 1, "recurrent_predicate": false, "state": [0, 4, 0, 2, 2], "tail": 5}
{"N": 5, "decoder": 0, "fibre": 0, "kind": "state", "m": 5, "next": [2, 0, 2, 3, 4], "period": 1, "recurrent_predicate": false, "state": [0, 4, 0, 2, 3], "tail": 6}
{"N": 5, "decoder": 1, "fibre": 1, "kind": "state", "m": 5, "next": [2, 1, 2, 3, 1], "period": 1, "recurrent_predicate": false, "state": [0, 4, 0, 2, 4], "tail": 6}
{"N": 5, "decoder": 0, "fibre": 0, "kind": "state", "m": 5, "next": [3, 0, 3, 4, 3], "period": 1, "recurrent_predicate": false, "state": [0, 4, 0, 3, 0], "tail": 5}
{"N": 5, "decoder": 0, "fibre": 0, "kind": "state", "m": 5, "next": [2, 0, 2, 4, 2], "period": 1, "recurrent_predicate": false, "state": [0, 4, 0, 3, 1], "tail": 4}
{"N": 5, "decoder": 0, "fibre": 0, "kind": "state", "m": 5, "next": [2, 0, 2, 4, 3], "period": 1, "recurrent_predicate": false, "state": [0, 4, 0, 3, 2], "tail": 6}
{"N": 5, "decoder": 0, "fibre": 0, "kind": "state", "m": 5, "next": [2, 0, 2, 0, 0], "period": 1, "recurrent_predicate": false, "state": [0, 4, 0, 3, 3], "tail": 3}
{"N": 5, "decoder": 0, "fibre": 0, "kind": "state", "m": 5, "next": [2, 1, 2, 4, 1], "period": 1, "recurrent_predicate": false, "state": [0, 4, 0, 3, 4], "tail": 7}
{"N": 5, "decoder": 3, "fibre": 3, "kind": "state", "m": 5, "next": [3, 1, 3, 1, 3], "period": 1, "recurrent_predicate": false, "state": [0, 4, 0, 4, 0], "tail": 4}
{"N": 5, "decoder": 1, "fibre": 1, "kind": "state", "m": 5, "next": [2, 1, 2, 1, 2], "period": 1, "recurrent_predicate": false, "state": [0, 4, 0, 4, 1], "tail": 5}
{"N": 5, "decoder": 1, "fibre": 1, "kind": "state", "m": 5, "next": [2, 1, 2, 1, 3], "period": 1, "recurrent_predicate": false, "state": [0, 4, 0, 4, 2], "tail": 6}
{"N": 5, "decoder": 0, "fibre": 0, "kind": "state", "m": 5, "next": [2, 1, 2, 1, 4], "period": 1, "recurrent_predicate": false, "state": [0, 4, 0, 4, 3], "tail": 7}
{"N": 5, "decoder": 1, "fibre": 1, "kind": "state", "m": 5, "next": [2, 2, 2, 2, 2], "period": 1, "recurrent_predicate": false, "state": [0, 4, 0, 4, 4], "tail": 1}
{"N": 5, "decoder": 1, "fibre": 1, "kind": "state", "m": 5, "next": [3, 0, 2, 3, 3], "period": 1, "recurrent_predicate": false, "state": [0, 4, 1, 0, 0], "tail": 6}
{"N": 5, "decoder": 0, "fibre": 0, "kind": "state", "m": 5, "next": [2, 0, 3, 2, 3], "period": 1, "recurrent_predicate": false, "state": [0, 4, 1, 0, 1], "tail": 7}
{"N": 5, "decoder": 0, "fibre": 0, "kind": "state", "m": 5, "next": [2, 0, 2, 2, 3], "period": 1, "recurrent_predicate": false, "state": [0, 4, 1, 0, 2], "tail": 8}
{"N": 5, "decoder": 0, "fibre": 0, "kind": "state", "m": 5, "next": [2, 0, 2, 2, 4], "period": 1, "recurrent_predicate": false, "state": [0, 4, 1, 0, 3], "tail": 4}
{"N": 5, "decoder": 1, "fibre": 1, "kind": "state", "m": 5, "next": [2, 1, 2, 2, 1], "period": 1, "recurrent_predicate": false, "state": [0, 4, 1, 0, 4], "tail": 5}
{"N": 5, "decoder": 0, "fibre": 0, "kind": "state", "m": 5, "next": [2, 0, 3, 3, 2], "period": 1, "recurrent_predicate": false, "state": [0, 4, 1, 1, 0], "tail": 7}
{"N": 5, "decoder": 0, "fibre": 0, "kind": "state", "m": 5, "next": [1, 0, 4, 4, 4], "period": 1, "recurrent_predicate": false, "state": [0, 4, 1, 1, 1], "tail": 5}
{"N": 5, "decoder": 0, "fibre": 0, "kind": "state", "m": 5, "next": [1, 0, 3, 3, 3], "period": 1, "recurrent_predicate": false, "state": [0, 4, 1, 1, 2], "tail": 4}
{"N": 5, "decoder": 0, "fibre": 0, "kind": "state", "m": 5, "next": [1, 0, 3, 3, 4], "period": 1, "recurrent_predicate": false, "state": [0, 4, 1, 1, 3], "tail": 6}
{"N": 5, "decoder": 0, "fibre": 0, "kind": "state", "m": 5, "next": [1, 1, 3, 3, 1], "period": 1, "recurrent_predicate": false, "state": [0, 4, 1, 1, 4], "tail": 3}
{"N": 5, "decoder": 0, "fibre": 0, "kind": "state", "m": 5, "next": [2, 0, 2, 3, 2], "period": 1, "recurrent_predicate": false, "state": [0, 4, 1, 2, 0], "tail": 8}
{"N": 5, "decoder": 0, "fibre": 0, "kind": "state", "m": 5, "next": [1, 0, 3, 3, 3], "period": 1, "recurrent_predicate": false, "state": [0, 4, 1, 2, 1], "tail": 4}
{"N": 5, "decoder": 0, "fibre": 0, "kind": "state", "m": 5, "next": [1, 0, 2, 4, 4], "period": 1, "recurrent_predicate": false, "state": [0, 4, 1, 2, 2], "tail": 6}
{"N": 5, "decoder": 1, "fibre": 1, "kind": "state", "m": 5, "next": [1, 0, 2, 3, 4], "period": 5, "recurrent_predicate": true, "state": [0, 4, 1, 2, 3], "tail": 0}
{"N": 5, "decoder": 1, "fibre": 1, "kind": "state", "m": 5, "next": [1, 1, 2, 3, 1], "period": 1, "recurrent_predicate": false, "state": [0, 4, 1, 2, 4], "tail": 5}
{"N": 5, "decoder": 0, "fibre": 0, "kind": "state", "m": 5, "next": [2, 0, 2, 4, 2], "period": 1, "recurrent_predicate": false, "state": [0, 4, 1, 3, 0], "tail": 4}
{"N": 5, "decoder": 0, "fibre": 0, "kind": "state", "m": 5, "next": [1, 0, 3, 4, 3], "period": 1, "recurrent_predicate": false, "state": [0, 4, 1, 3, 1], "tail": 6}
{"N": 5, "decoder": 1, "fibre": 1, "kind": "state", "m": 5, "next": [1, 0, 2, 4, 3], "period": 5, "recurrent_predicate": true, "state": [0, 4, 1, 3, 2], "tail": 0}
{"N": 5, "decoder": 1, "fibre": 1, "kind": "state", "m": 5, "next": [1, 0, 2, 0, 0], "period": 1, "recurrent_predicate": false, "state": [0, 4, 1, 3, 3], "tail": 5}
{"N": 5, "decoder": 0, "fibre": 0, "kind": "state", "m": 5, "next": [1, 1, 2, 4, 1], "period": 1, "recurrent_predicate": false, "state": [0, 4, 1, 3, 4], "tail": 8}
{"N": 5, "decoder": 1, "fibre": 1, "kind": "state", "m": 5, "next": [2, 1, 2, 1, 2], "period": 1, "recurrent_predicate": false, "state": [0, 4, 1, 4, 0], "tail": 5}
{"N": 5, "decoder": 0, "fibre": 0, "kind": "state", "m": 5, "next": [1, 1, 3, 1, 3], "period": 1, "recurrent_predicate": false, "state": [0, 4, 1, 4, 1], "tail": 3}
{"N": 5, "decoder": 1, "fibre": 1, "kind": "state", "m": 5, "next": [1, 1, 2, 1, 3], "period": 1, "recurrent_predicate": false, "state": [0, 4, 1, 4, 2], "tail": 5}
{"N": 5, "decoder": 0, "fibre": 0, "kind": "state", "m": 5, "next": [1, 1, 2, 1, 4], "period": 1, "recurrent_predicate": false, "state": [0, 4, 1, 4, 3], "tail": 8}
{"N": 5, "decoder": 4, "fibre": 4, "kind": "state", "m": 5, "next": [1, 2, 2, 2, 2], "period": 1, "recurrent_predicate": false, "state": [0, 4, 1, 4, 4], "tail": 4}
{"N": 5, "decoder": 1, "fibre": 1, "kind": "state", "m": 5, "next": [3, 0, 3, 3, 3], "period": 1, "recurrent_predicate": false, "state": [0, 4, 2, 0, 0], "tail": 5}
{"N": 5, "decoder": 0, "fibre": 0, "kind": "state", "m": 5, "next": [2, 0, 3, 2, 2], "period": 1, "recurrent_predicate": false, "state": [0, 4, 2, 0, 1], "tail": 8}
{"N": 5, "decoder": 0, "fibre": 0, "kind": "state", "m": 5, "next": [2, 0, 4, 2, 4], "period": 1, "recurrent_predicate": false, "state": [0, 4, 2, 0, 2], "tail": 5}
{"N": 5, "decoder": 0, "fibre": 0, "kind": "state", "m": 5, "next": [2, 0, 3, 2, 4], "period": 1, "recurrent_predicate": false, "state": [0, 4, 2, 0, 3], "tail": 6}
{"N": 5, "decoder": 1, "fibre": 1, "kind": "state", "m": 5, "next": [2, 1, 3, 2, 1], "period": 1, "recurrent_predicate": false, "state": [0, 4, 2, 0, 4], "tail": 6}
{"N": 5, "decoder": 0, "fibre": 0, "kind": "state", "m": 5, "next": [2, 0, 3, 2, 2], "period": 1, "recurrent_predicate": false, "state": [0, 4, 2, 1, 0], "tail": 8}
{"N": 5, "decoder": 0, "fibre": 0, "kind": "state", "m": 5, "next": [1, 0, 3, 3, 3], "period": 1, "recurrent_predicate": false, "state": [0, 4, 2, 1, 1], "tail": 4}
{"N": 5, "decoder": 0, "fibre": 0, "kind": "state", "m": 5, "next": [1, 0, 4, 2, 4], "period": 1, "recurrent_predicate": false, "state": [0, 4, 2, 1, 2], "tail": 6}
{"N": 5, "decoder": 1, "fibre": 1, "kind": "state", "m": 5, "next": [1, 0, 3, 2, 4], "period": 5, "recurrent_predicate": true, "state": [0, 4, 2, 1, 3], "tail": 0}
{"N": 5, "decoder": 1, "fibre": 1, "kind": "state", "m": 5, "next": [1, 1, 3, 2, 1], "period": 1, "recurrent_predicate": false, "state": [0, 4, 2, 1, 4], "tail": 5}
{"N": 5, "decoder": 0, "fibre": 0, "kind": "state", "m": 5, "next": [2, 0, 4, 4, 2], "period": 1, "recurrent_predicate": false, "state": [0, 4, 2, 2, 0], "tail": 5}
{"N": 5, "decoder": 0, "fibre": 0, "kind": "state", "m": 5, "next": [1, 0, 4, 4, 2], "period": 1, "recurrent_predicate": false, "state": [0, 4, 2, 2, 1], "tail": 6}
{"N": 5, "decoder": 3, "fibre": 3, "kind": "state", "m": 5, "next": [1, 0, 0, 0, 0], "period": 1, "recurrent_predicate": false, "state": [0, 4, 2, 2, 2], "tail": 3}
{"N": 5, "decoder": 1, "fibre": 1, "kind": "state", "m": 5, "next": [1, 0, 4, 4, 4], "period": 1, "recurrent_predicate": false, "state": [0, 4, 2, 2, 3], "tail": 5}
{"N": 5, "decoder": 1, "fibre": 1, "kind": "state", "m": 5, "next": [1, 1, 4, 4, 1], "period": 1, "recurrent_predicate": false, "state": [0, 4, 2, 2, 4], "tail": 4}
{"N": 5, "decoder": 0, "fibre": 0, "kind": "state", "m": 5, "next": [2, 0, 3, 4, 2], "period": 1, "recurrent_predicate": false, "state": [0, 4, 2, 3, 0], "tail": 6}
{"N": 5, "decoder": 1, "fibre": 1, "kind": "state", "m": 5, "next": [1, 0, 3, 4, 2], "period": 5, "recurrent_predicate": true, "state": [0, 4, 2, 3, 1], "tail": 0}
{"N": 5, "decoder": 1, "fibre": 1, "kind": "state", "m": 5, "next": [1, 0, 4, 4, 4], "period": 1, "recurrent_predicate": false, "state": [0, 4, 2, 3, 2], "tail": 5}
{"N": 5, "decoder": 0, "fibre": 0, "kind": "state", "m": 5, "next": [1, 0, 3, 0, 0], "period": 1, "recurrent_predicate": false, "state": [0, 4, 2, 3, 3], "tail": 8}
{"N": 5, "decoder": 0, "fibre": 0, "kind": "state", "m": 5, "next": [1, 1, 3, 4, 1], "period": 1, "recurrent_predicate": false, "state": [0, 4, 2, 3, 4], "tail": 4}
{"N": 5, "decoder": 1, "fibre": 1, "kind": "state", "m": 5, "next": [2, 1, 3, 1, 2], "period": 1, "recurrent_predicate": false, "state": [0, 4, 2, 4, 0], "tail": 6}
{"N": 5, "decoder": 1, "fibre": 1, "kind": "state", "m": 5, "next": [1, 1, 3, 1, 2], "period": 1, "recurrent_predicate": false, "state": [0, 4, 2, 4, 1], "tail": 5}
{"N": 5, "decoder": 1, "fibre": 1, "kind": "state", "m": 5, "next": [1, 1, 4, 1, 4], "period": 1, "recurrent_predicate": false, "state": [0, 4, 2, 4, 2], "tail": 4}
{"N": 5, "decoder": 0, "fibre": 0, "kind": "state", "m": 5, "next": [1, 1, 3, 1, 4], "period": 1, "recurrent_predicate": false, "state": [0, 4, 2, 4, 3], "tail": 4}
{"N": 5, "decoder": 3, "fibre": 3, "kind": "state", "m": 5, "next": [1, 2, 3, 2, 2], "period": 1, "recurrent_predicate": false, "state": [0, 4, 2, 4, 4], "tail": 7}
{"N": 5, "decoder": 0, "fibre": 0, "kind": "state", "m": 5, "next": [3, 0, 4, 3, 3], "period": 1, "recurrent_predicate": false, "state": [0, 4, 3, 0, 0], "tail": 5}
{"N": 5, "decoder": 0, "fibre": 0, "kind": "state", "m": 5, "next": [2, 0, 4, 2, 2], "period": 1, "recurrent_predicate": false, "state": [0, 4, 3, 0, 1], "tail": 4}
{"N": 5, "decoder": 0, "fibre": 0, "kind": "state", "m": 5, "next": [2, 0, 4, 2, 3], "period": 1, "recurrent_predicate": false, "state": [0, 4, 3, 0, 2], "tail": 6}
{"N": 5, "decoder": 0, "fibre": 0, "kind": "state", "m": 5, "next": [2, 0, 0, 2, 0], "period": 1, "recurrent_predicate": false, "state": [0, 4, 3, 0, 3], "tail": 3}
{"N": 5, "decoder": 0, "fibre": 0, "kind": "state", "m": 5, "next": [2, 1, 4, 2, 1], "period": 1, "recurrent_predicate": false, "state": [0, 4, 3, 0, 4], "tail": 7}
{"N": 5, "decoder": 0, "fibre": 0, "kind": "state", "m": 5, "next": [2, 0, 4, 2, 2], "period": 1, "recurrent_predicate": false, "state": [0, 4, 3, 1, 0], "tail": 4}
{"N": 5, "decoder": 0, "fibre": 0, "kind": "state", "m": 5, "next": [1, 0, 4, 3, 3], "period": 1, "recurrent_predicate": false, "state": [0, 4, 3, 1, 1], "tail": 6}
{"N": 5, "decoder": 1, "fibre": 1, "kind": "state", "m": 5, "next": [1, 0, 4, 2, 3], "period": 5, "recurrent_predicate": true, "state": [0, 4, 3, 1, 2], "tail": 0}
{"N": 5, "decoder": 1, "fibre": 1, "kind": "state", "m": 5, "next": [1, 0, 0, 2, 0], "period": 1, "recurrent_predicate": false, "state": [0, 4, 3, 1, 3], "tail": 5}
{"N": 5, "decoder": 0, "fibre": 0, "kind": "state", "m": 5, "next": [1, 1, 4, 2, 1], "period": 1, "recurrent_predicate": false, "state": [0, 4, 3, 1, 4], "tail": 8}
{"N": 5, "decoder": 0, "fibre": 0, "kind": "state", "m": 5, "next": [2, 0, 4, 3, 2], "period": 1, "recurrent_predicate": false, "state": [0, 4, 3, 2, 0], "tail": 6}
{"N": 5, "decoder": 1, "fibre": 1, "kind": "state", "m": 5, "next": [1, 0, 4, 3, 2], "period": 5, "recurrent_predicate": true, "state": [0, 4, 3, 2, 1], "tail": 0}
{"N": 5, "decoder": 1, "fibre": 1, "kind": "state", "m": 5, "next": [1, 0, 4, 4, 4], "period": 1, "recurrent_predicate": false, "state": [0, 4, 3, 2, 2], "tail": 5}
{"N": 5, "decoder": 0, "fibre": 0, "kind": "state", "m": 5, "next": [1, 0, 0, 3, 0], "period": 1, "recurrent_predicate": false, "state": [0, 4, 3, 2, 3], "tail": 8}
{"N": 5, "decoder": 0, "fibre": 0, "kind": "state", "m": 5, "next": [1, 1, 4, 3, 1], "period": 1, "recurrent_predicate": false, "state": [0, 4, 3, 2, 4], "tail": 4}
{"N": 5, "decoder": 0, "fibre": 0, "kind": "state", "m": 5, "next": [2, 0, 0, 0, 2], "period": 1, "recurrent_predicate": false, "state": [0, 4, 3, 3, 0], "tail": 3}
{"N": 5, "decoder": 1, "fibre": 1, "kind": "state", "m": 5, "next": [1, 0, 0, 0, 2], "period": 1, "recurrent_predicate": false, "state": [0, 4, 3, 3, 1], "tail": 5}
{"N": 5, "decoder": 0, "fibre": 0, "kind": "state", "m": 5, "next": [1, 0, 0, 0, 3], "period": 1, "recurrent_predicate": false, "state": [0, 4, 3, 3, 2], "tail": 8}
{"N": 5, "decoder": 4, "fibre": 4, "kind": "state", "m": 5, "next": [1, 0, 1, 1, 1], "period": 1, "recurrent_predicate": false, "state": [0, 4, 3, 3, 3], "tail": 4}
{"N": 5, "decoder": 1, "fibre": 1, "kind": "state", "m": 5, "next": [1, 1, 0, 0, 1], "period": 1, "recurrent_predicate": false, "state": [0, 4, 3, 3, 4], "tail": 5}
{"N": 5, "decoder": 0, "fibre": 0, "kind": "state", "m": 5, "next": [2, 1, 4, 1, 2], "period": 1, "recurrent_predicate": false, "state": [0, 4, 3, 4, 0], "tail": 7}
{"N": 5, "decoder": 0, "fibre": 0, "kind": "state", "m": 5, "next": [1, 1, 4, 1, 2], "period": 1, "recurrent_predicate": false, "state": [0, 4, 3, 4, 1], "tail": 8}
{"N": 5, "decoder": 0, "fibre": 0, "kind": "state", "m": 5, "next": [1, 1, 4, 1, 3], "period": 1, "recurrent_predicate": false, "state": [0, 4, 3, 4, 2], "tail": 4}
{"N": 5, "decoder": 1, "fibre": 1, "kind": "state", "m": 5, "next": [1, 1, 0, 1, 0], "period": 1, "recurrent_predicate": false, "state": [0, 4, 3, 4, 3], "tail": 5}
{"N": 5, "decoder": 1, "fibre": 1, "kind": "state", "m": 5, "next": [1, 2, 4, 2, 2], "period": 1, "recurrent_predicate": false, "state": [0, 4, 3, 4, 4], "tail": 6}
{"N": 5, "decoder": 3, "fibre": 3, "kind": "state", "m": 5, "next": [3, 1, 1, 3, 3], "period": 1, "recurrent_predicate": false, "state": [0, 4, 4, 0, 0], "tail": 4}
{"N": 5, "decoder": 1, "fibre": 1, "kind": "state", "m": 5, "next": [2, 1, 1, 2, 2], "period": 1, "recurrent_predicate": false, "state": [0, 4, 4, 0, 1], "tail": 5}
{"N": 5, "decoder": 1, "fibre": 1, "kind": "state", "m": 5, "next": [2, 1, 1, 2, 3], "period": 1, "recurrent_predicate": false, "state": [0, 4, 4, 0, 2], "tail": 6}
{"N": 5, "decoder": 0, "fibre": 0, "kind": "state", "m": 5, "next": [2, 1, 1, 2, 4], "period": 1, "recurrent_predicate": false, "state": [0, 4, 4, 0, 3], "tail": 7}
{"N": 5, "decoder": 1, "fibre": 1, "kind": "state", "m": 5, "next": [2, 2, 2, 2, 2], "period": 1, "recurrent_predicate": false, "state": [0, 4, 4, 0, 4], "tail": 1}
{"N": 5, "decoder": 1, "fibre": 1, "kind": "state", "m": 5, "next": [2, 1, 1, 2, 2], "period": 1, "recurrent_predicate": false, "state": [0, 4, 4, 1, 0], "tail": 5}
{"N": 5, "decoder": 0, "fibre": 0, "kind": "state", "m": 5, "next": [1, 1, 1, 3, 3], "period": 1, "recurrent_predicate": false, "state": [0, 4, 4, 1, 1], "tail": 3}
{"N": 5, "decoder": 1, "fibre": 1, "kind": "state", "m": 5, "next": [1, 1, 1, 2, 3], "period": 1, "recurrent_predicate": false, "state": [0, 4, 4, 1, 2], "tail": 5}
{"N": 5, "decoder": 0, "fibre": 0, "kind": "state", "m": 5, "next": [1, 1, 1, 2, 4], "period": 1, "recurrent_predicate": false, "state": [0, 4, 4, 1, 3], "tail": 8}
{"N": 5, "decoder": 4, "fibre": 4, "kind": "state", "m": 5, "next": [1, 2, 2, 2, 2], "period": 1, "recurrent_predicate": false, "state": [0, 4, 4, 1, 4], "tail": 4}
{"N": 5, "decoder": 1, "fibre": 1, "kind": "state", "m": 5, "next": [2, 1, 1, 3, 2], "period": 1, "recurrent_predicate": false, "state": [0, 4, 4, 2, 0], "tail": 6}
{"N": 5, "decoder": 1, "fibre": 1, "kind": "state", "m": 5, "next": [1, 1, 1, 3, 2], "period": 1, "recurrent_predicate": false, "state": [0, 4, 4, 2, 1], "tail": 5}
{"N": 5, "decoder": 1, "fibre": 1, "kind": "state", "m": 5, "next": [1, 1, 1, 4, 4], "period": 1, "recurrent_predicate": false, "state": [0, 4, 4, 2, 2], "tail": 4}
{"N": 5, "decoder": 0, "fibre": 0, "kind": "state", "m": 5, "next": [1, 1, 1, 3, 4], "period": 1, "recurrent_predicate": false, "state": [0, 4, 4, 2, 3], "tail": 4}
{"N": 5, "decoder": 3, "fibre": 3, "kind": "state", "m": 5, "next": [1, 2, 2, 3, 2], "period": 1, "recurrent_predicate": false, "state": [0, 4, 4, 2, 4], "tail": 7}
{"N": 5, "decoder": 0, "fibre": 0, "kind": "state", "m": 5, "next": [2, 1, 1, 4, 2], "period": 1, "recurrent_predicate": false, "state": [0, 4, 4, 3, 0], "tail": 7}
{"N": 5, "decoder": 0, "fibre": 0, "kind": "state", "m": 5, "next": [1, 1, 1, 4, 2], "period": 1, "recurrent_predicate": false, "state": [0, 4, 4, 3, 1], "tail": 8}
{"N": 5, "decoder": 0, "fibre": 0, "kind": "state", "m": 5, "next": [1, 1, 1, 4, 3], "period": 1, "recurrent_predicate": false, "state": [0, 4, 4, 3, 2], "tail": 4}
{"N": 5, "decoder": 1, "fibre": 1, "kind": "state", "m": 5, "next": [1, 1, 1, 0, 0], "period": 1, "recurrent_predicate": false, "state": [0, 4, 4, 3, 3], "tail": 5}
{"N": 5, "decoder": 1, "fibre": 1, "kind": "state", "m": 5, "next": [1, 2, 2, 4, 2], "period": 1, "recurrent_predicate": false, "state": [0, 4, 4, 3, 4], "tail": 6}
{"N": 5, "decoder": 1, "fibre": 1, "kind": "state", "m": 5, "next": [2, 2, 2, 2, 2], "period": 1, "recurrent_predicate": false, "state": [0, 4, 4, 4, 0], "tail": 1}
{"N": 5, "decoder": 4, "fibre": 4, "kind": "state", "m": 5, "next": [1, 2, 2, 2, 2], "period": 1, "recurrent_predicate": false, "state": [0, 4, 4, 4, 1], "tail": 4}
{"N": 5, "decoder": 3, "fibre": 3, "kind": "state", "m": 5, "next": [1, 2, 2, 2, 3], "period": 1, "recurrent_predicate": false, "state": [0, 4, 4, 4, 2], "tail": 7}
{"N": 5, "decoder": 1, "fibre": 1, "kind": "state", "m": 5, "next": [1, 2, 2, 2, 4], "period": 1, "recurrent_predicate": false, "state": [0, 4, 4, 4, 3], "tail": 6}
{"N": 5, "decoder": 5, "fibre": 5, "kind": "state", "m": 5, "next": [1, 3, 3, 3, 3], "period": 1, "recurrent_predicate": false, "state": [0, 4, 4, 4, 4], "tail": 2}
{"N": 5, "decoder": 5, "fibre": 5, "kind": "state", "m": 5, "next": [2, 4, 4, 4, 4], "period": 1, "recurrent_predicate": false, "state": [1, 0, 0, 0, 0], "tail": 2}
{"N": 5, "decoder": 1, "fibre": 1, "kind": "state", "m": 5, "next": [3, 3, 3, 3, 3], "period": 1, "recurrent_predicate": false, "state": [1, 0, 0, 0, 1], "tail": 1}
{"N": 5, "decoder": 4, "fibre": 4, "kind": "state", "m": 5, "next": [2, 3, 3, 3, 3], "period": 1, "recurrent_predicate": false, "state": [1, 0, 0, 0, 2], "tail": 4}
{"N": 5, "decoder": 3, "fibre": 3, "kind": "state", "m": 5, "next": [2, 3, 3, 3, 4], "period": 1, "recurrent_predicate": false, "state": [1, 0, 0, 0, 3], "tail": 7}
{"N": 5, "decoder": 1, "fibre": 1, "kind": "state", "m": 5, "next": [2, 3, 3, 3, 0], "period": 1, "recurrent_predicate": false, "state": [1, 0, 0, 0, 4], "tail": 6}
{"N": 5, "decoder": 1, "fibre": 1, "kind": "state", "m": 5, "next": [3, 3, 3, 3, 3], "period": 1, "recurrent_predicate": false, "state": [1, 0, 0, 1, 0], "tail": 1}
{"N": 5, "decoder": 3, "fibre": 3, "kind": "state", "m": 5, "next": [4, 2, 2, 4, 4], "period": 1, "recurrent_predicate": false, "state": [1, 0, 0, 1, 1], "tail": 4}
{"N": 5, "decoder": 1, "fibre": 1, "kind": "state", "m": 5, "next": [3, 2, 2, 3, 3], "period": 1, "recurrent_predicate": false, "state": [1, 0, 0, 1, 2], "tail": 5}
{"N": 5, "decoder": 1, "fibre": 1, "kind": "state", "m": 5, "next": [3, 2, 2, 3, 4], "period": 1, "recurrent_predicate": false, "state": [1, 0, 0, 1, 3], "tail": 6}
{"N": 5, "decoder": 0, "fibre": 0, "kind": "state", "m": 5, "next": [3, 2, 2, 3, 0], "period": 1, "recurrent_predicate": false, "state": [1, 0, 0, 1, 4], "tail": 7}
{"N": 5, "decoder": 4, "fibre": 4, "kind": "state", "m": 5, "next": [2, 3, 3, 3, 3], "period": 1, "recurrent_predicate": false, "state": [1, 0, 0, 2, 0], "tail": 4}
{"N": 5, "decoder": 1, "fibre": 1, "kind": "state", "m": 5, "next": [3, 2, 2, 3, 3], "period": 1, "recurrent_predicate": false, "state": [1, 0, 0, 2, 1], "tail": 5}
{"N": 5, "decoder": 0, "fibre": 0, "kind": "state", "m": 5, "next": [2, 2, 2, 4, 4], "period": 1, "recurrent_predicate": false, "state": [1, 0, 0, 2, 2], "tail": 3}
{"N": 5, "decoder": 1, "fibre": 1, "kind": "state", "m": 5, "next": [2, 2, 2, 3, 4], "period": 1, "recurrent_predicate": false, "state": [1, 0, 0, 2, 3], "tail": 5}
{"N": 5, "decoder": 0, "fibre": 0, "kind": "state", "m": 5, "next": [2, 2, 2, 3, 0], "period": 1, "recurrent_predicate": false, "state": [1, 0, 0, 2, 4], "tail": 8}
{"N": 5, "decoder": 3, "fibre": 3, "kind": "state", "m": 5, "next": [2, 3, 3, 4, 3], "period": 1, "recurrent_predicate": false, "state": [1, 0, 0, 3, 0], "tail": 7}
{"N": 5, "decoder": 1, "fibre": 1, "kind": "state", "m": 5, "next": [3, 2, 2, 4, 3], "period": 1, "recurrent_predicate": false, "state": [1, 0, 0, 3, 1], "tail": 6}
{"N": 5, "decoder": 1, "fibre": 1, "kind": "state", "m": 5, "next": [2, 2, 2, 4, 3], "period": 1, "recurrent_predicate": false, "state": [1, 0, 0, 3, 2], "tail": 5}
{"N": 5, "decoder": 1, "fibre": 1, "kind": "state", "m": 5, "next": [2, 2, 2, 0, 0], "period": 1, "recurrent_predicate": false, "state": [1, 0, 0, 3, 3], "tail": 4}
{"N": 5, "decoder": 0, "fibre": 0, "kind": "state", "m": 5, "next": [2, 2, 2, 4, 0], "period": 1, "recurrent_predicate": false, "state": [1, 0, 0, 3, 4], "tail": 4}
{"N": 5, "decoder": 1, "fibre": 1, "kind": "state", "m": 5, "next": [2, 3, 3, 0, 3], "period": 1, "recurrent_predicate": false, "state": [1, 0, 0, 4, 0], "tail": 6}
{"N": 5, "decoder": 0, "fibre": 0, "kind": "state", "m": 5, "next": [3, 2, 2, 0, 3], "period": 1, "recurrent_predicate": false, "state": [1, 0, 0, 4, 1], "tail": 7}
{"N": 5, "decoder": 0, "fibre": 0, "kind": "state", "m": 5, "next": [2, 2, 2, 0, 3], "period": 1, "recurrent_predicate": false, "state": [1, 0, 0, 4, 2], "tail": 8}
{"N": 5, "decoder": 0, "fibre": 0, "kind": "state", "m": 5, "next": [2, 2, 2, 0, 4], "period": 1, "recurrent_predicate": false, "state": [1, 0, 0, 4, 3], "tail": 4}
{"N": 5, "decoder": 1, "fibre": 1, "kind": "state", "m": 5, "next": [2, 2, 2, 1, 1], "period": 1, "recurrent_predicate": false, "state": [1, 0, 0, 4, 4], "tail": 5}
{"N": 5, "decoder": 1, "fibre": 1, "kind": "state", "m": 5, "next": [3, 3, 3, 3, 3], "period": 1, "recurrent_predicate": false, "state": [1, 0, 1, 0, 0], "tail": 1}
{"N": 5, "decoder": 3, "fibre": 3, "kind": "state", "m": 5, "next": [4, 2, 4, 2, 4], "period": 1, "recurrent_predicate": false, "state": [1, 0, 1, 0, 1], "tail": 4}
{"N": 5, "decoder": 1, "fibre": 1, "kind": "state", "m": 5, "next": [3, 2, 3, 2, 3], "period": 1, "recurrent_predicate": false, "state": [1, 0, 1, 0, 2], "tail": 5}
{"N": 5, "decoder": 1, "fibre": 1, "kind": "state", "m": 5, "next": [3, 2, 3, 2, 4], "period": 1, "recurrent_predicate": false, "state": [1, 0, 1, 0, 3], "tail": 6}
{"N": 5, "decoder": 0, "fibre": 0, "kind": "state", "m": 5, "next": [3, 2, 3, 2, 0], "period": 1, "recurrent_predicate": false, "state": [1, 0, 1, 0, 4], "tail": 7}
{"N": 5, "decoder": 3, "fibre": 3, "kind": "state", "m": 5, "next": [4, 2, 4, 4, 2], "period": 1, "recurrent_predicate": false, "state": [1, 0, 1, 1, 0], "tail": 4}
{"N": 5, "decoder": 5, "fibre": 5, "kind": "state", "m": 5, "next": [0, 1, 0, 0, 0], "period": 1, "recurrent_predicate": false, "state": [1, 0, 1, 1, 1], "tail": 3}
{"N": 5, "decoder": 1, "fibre": 1, "kind": "state", "m": 5, "next": [4, 1, 4, 4, 3], "period": 1, "recurrent_predicate": false, "state": [1, 0, 1, 1, 2], "tail": 6}
{"N": 5, "decoder": 1, "fibre": 1, "kind": "state", "m": 5, "next": [4, 1, 4, 4, 4], "period": 1, "recurrent_predicate": false, "state": [1, 0, 1, 1, 3], "tail": 5}
{"N": 5, "decoder": 0, "fibre": 0, "kind": "state", "m": 5, "next": [4, 1, 4, 4, 0], "period": 1, "recurrent_predicate": false, "state": [1, 0, 1, 1, 4], "tail": 5}
{"N": 5, "decoder": 1, "fibre": 1, "kind": "state", "m": 5, "next": [3, 2, 3, 3, 2], "period": 1, "recurrent_predicate": false, "state": [1, 0, 1, 2, 0], "tail": 5}
{"N": 5, "decoder": 1, "fibre": 1, "kind": "state", "m": 5, "next": [4, 1, 4, 3, 4], "period": 1, "recurrent_predicate": false, "state": [1, 0, 1, 2, 1], "tail": 6}
{"N": 5, "decoder": 0, "fibre": 0, "kind": "state", "m": 5, "next": [3, 1, 3, 4, 4], "period": 1, "recurrent_predicate": false, "state": [1, 0, 1, 2, 2], "tail": 7}
{"N": 5, "decoder": 0, "fibre": 0, "kind": "state", "m": 5, "next": [3, 1, 3, 3, 4], "period": 1, "recurrent_predicate": false, "state": [1, 0, 1, 2, 3], "tail": 8}
{"N": 5, "decoder": 0, "fibre": 0, "kind": "state", "m": 5, "next": [3, 1, 3, 3, 0], "period": 1, "recurrent_predicate": false, "state": [1, 0, 1, 2, 4], "tail": 4}
{"N": 5, "decoder": 1, "fibre": 1, "kind": "state", "m": 5, "next": [3, 2, 3, 4, 2], "period": 1, "recurrent_predicate": false, "state": [1, 0, 1, 3, 0], "tail": 6}
{"N": 5, "decoder": 1, "fibre": 1, "kind": "state", "m": 5, "next": [4, 1, 4, 4, 4], "period": 1, "recurrent_predicate": false, "state": [1, 0, 1, 3, 1], "tail": 5}
{"N": 5, "decoder": 0, "fibre": 0, "kind": "state", "m": 5, "next": [3, 1, 3, 4, 3], "period": 1, "recurrent_predicate": false, "state": [1, 0, 1, 3, 2], "tail": 8}
{"N": 5, "decoder": 0, "fibre": 0, "kind": "state", "m": 5, "next": [3, 1, 3, 0, 0], "period": 1, "recurrent_predicate": false, "state": [1, 0, 1, 3, 3], "tail": 5}
{"N": 5, "decoder": 0, "fibre": 0, "kind": "state", "m": 5, "next": [3, 1, 3, 4, 0], "period": 1, "recurrent_predicate": false, "state": [1, 0, 1, 3, 4], "tail": 6}
{"N": 5, "decoder": 0, "fibre": 0, "kind": "state", "m": 5, "next": [3, 2, 3, 0, 2], "period": 1, "recurrent_predicate": false, "state": [1, 0, 1, 4, 0], "tail": 7}
{"N": 5, "decoder": 0, "fibre": 0, "kind": "state", "m": 5, "next": [4, 1, 4, 0, 4], "period": 1, "recurrent_predicate": false, "state": [1, 0, 1, 4, 1], "tail": 5}
{"N": 5, "decoder": 0, "fibre": 0, "kind": "state", "m": 5, "next": [3, 1, 3, 0, 3], "period": 1, "recurrent_predicate": false, "state": [1, 0, 1, 4, 2], "tail": 4}
{"N": 5, "decoder": 0, "fibre": 0, "kind": "state", "m": 5, "next": [3, 1, 3, 0, 4], "period": 1, "recurrent_predicate": false, "state": [1, 0, 1, 4, 3], "tail": 6}
{"N": 5, "decoder": 0, "fibre": 0, "kind": "state", "m": 5, "next": [3, 1, 3, 1, 1], "period": 1, "recurrent_predicate": false, "state": [1, 0, 1, 4, 4], "tail": 3}
{"N": 5, "decoder": 4, "fibre": 4, "kind": "state", "m": 5, "next": [2, 3, 3, 3, 3], "period": 1, "recurrent_predicate": false, "state": [1, 0, 2, 0, 0], "tail": 4}
{"N": 5, "decoder": 1, "fibre": 1, "kind": "state", "m": 5, "next": [3, 2, 3, 2, 3], "period": 1, "recurrent_predicate": false, "state": [1, 0, 2, 0, 1], "tail": 5}
{"N": 5, "decoder": 0, "fibre": 0, "kind": "state", "m": 5, "next": [2, 2, 4, 2, 4], "period": 1, "recurrent_predicate": false, "state": [1, 0, 2, 0, 2], "tail": 3}
{"N": 5, "decoder": 1, "fibre": 1, "kind": "state", "m": 5, "next": [2, 2, 3, 2, 4], "period": 1, "recurrent_predicate": false, "state": [1, 0, 2, 0, 3], "tail": 5}
{"N": 5, "decoder": 0, "fibre": 0, "kind": "state", "m": 5, "next": [2, 2, 3, 2, 0], "period": 1, "recurrent_predicate": false, "state": [1, 0, 2, 0, 4], "tail": 8}
{"N": 5, "decoder": 1, "fibre": 1, "kind": "state", "m": 5, "next": [3, 2, 3, 3, 2], "period": 1, "recurrent_predicate": false, "state": [1, 0, 2, 1, 0], "tail": 5}
{"N": 5, "decoder": 1, "fibre": 1, "kind": "state", "m": 5, "next": [4, 1, 3, 4, 4], "period": 1, "recurrent_predicate": false, "state": [1, 0, 2, 1, 1], "tail": 6}
{"N": 5, "decoder": 0, "fibre": 0, "kind": "state", "m": 5, "next": [3, 1, 4, 3, 4], "period": 1, "recurrent_predicate": false, "state": [1, 0, 2, 1, 2], "tail": 7}
{"N": 5, "decoder": 0, "fibre": 0, "kind": "state", "m": 5, "next": [3, 1, 3, 3, 4], "period": 1, "recurrent_predicate": false, "state": [1, 0, 2, 1, 3], "tail": 8}
{"N": 5, "decoder": 0, "fibre": 0, "kind": "state", "m": 5, "next": [3, 1, 3, 3, 0], "period": 1, "recurrent_predicate": false, "state": [1, 0, 2, 1, 4], "tail": 4}
{"N": 5, "decoder": 0, "fibre": 0, "kind": "state", "m": 5, "next": [2, 2, 4, 4, 2], "period": 1, "recurrent_predicate": false, "state": [1, 0, 2, 2, 0], "tail": 3}
{"N": 5, "decoder": 0, "fibre": 0, "kind": "state", "m": 5, "next": [3, 1, 4, 4, 3], "period": 1, "recurrent_predicate": false, "state": [1, 0, 2, 2, 1], "tail": 7}
{"N": 5, "decoder": 0, "fibre": 0, "kind": "state", "m": 5, "next": [2, 1, 0, 0, 0], "period": 1, "recurrent_predicate": false, "state": [1, 0, 2, 2, 2], "tail": 5}
{"N": 5, "decoder": 0, "fibre": 0, "kind": "state", "m": 5, "next": [2, 1, 4, 4, 4], "period": 1, "recurrent_predicate": false, "state": [1, 0, 2, 2, 3], "tail": 4}
{"N": 5, "decoder": 0, "fibre": 0, "kind": "state", "m": 5, "next": [2, 1, 4, 4, 0], "period": 1, "recurrent_predicate": false, "state": [1, 0, 2, 2, 4], "tail": 6}
{"N": 5, "decoder": 1, "fibre": 1, "kind": "state", "m": 5, "next": [2, 2, 3, 4, 2], "period": 1, "recurrent_predicate": false, "state": [1, 0, 2, 3, 0], "tail": 5}
{"N": 5, "decoder": 0, "fibre": 0, "kind": "state", "m": 5, "next": [3, 1, 3, 4, 3], "period": 1, "recurrent_predicate": false, "state": [1, 0, 2, 3, 1], "tail": 8}
{"N": 5, "decoder": 0, "fibre": 0, "kind": "state", "m": 5, "next": [2, 1, 4, 4, 4], "period": 1, "recurrent_predicate": false, "state": [1, 0, 2, 3, 2], "tail": 4}
{"N": 5, "decoder": 0, "fibre": 0, "kind": "state", "m": 5, "next": [2, 1, 3, 0, 0], "period": 1, "recurrent_predicate": false, "state": [1, 0, 2, 3, 3], "tail": 6}
{"N": 5, "decoder": 1, "fibre": 1, "kind": "state", "m": 5, "next": [2, 1, 3, 4, 0], "period": 5, "recurrent_predicate": true, "state": [1, 0, 2, 3, 4], "tail": 0}
{"N": 5, "decoder": 0, "fibre": 0, "kind": "state", "m": 5, "next": [2, 2, 3, 0, 2], "period": 1, "recurrent_predicate": false, "state": [1, 0, 2, 4, 0], "tail": 8}
{"N": 5, "decoder": 0, "fibre": 0, "kind": "state", "m": 5, "next": [3, 1, 3, 0, 3], "period": 1, "recurrent_predicate": false, "state": [1, 0, 2, 4, 1], "tail": 4}
{"N": 5, "decoder": 0, "fibre": 0, "kind": "state", "m": 5, "next": [2, 1, 4, 0, 4], "period": 1, "recurrent_predicate": false, "state": [1, 0, 2, 4, 2], "tail": 6}
{"N": 5, "decoder": 1, "fibre": 1, "kind": "state", "m": 5, "next": [2, 1, 3, 0, 4], "period": 5, "recurrent_predicate": true, "state": [1, 0, 2, 4, 3], "tail": 0}
{"N": 5, "decoder": 1, "fibre": 1, "kind": "state", "m": 5, "next": [2, 1, 3, 1, 1], "period": 1, "recurrent_predicate": false, "state": [1, 0, 2, 4, 4], "tail": 5}
{"N": 5, "decoder": 3, "fibre": 3, "kind": "state", "m": 5, "next": [2, 3, 4, 3, 3], "period": 1, "recurrent_predicate": false, "state": [1, 0, 3, 0, 0], "tail": 7}
{"N": 5, "decoder": 1, "fibre": 1, "kind": "state", "m": 5, "next": [3, 2, 4, 2, 3], "period": 1, "recurrent_predicate": false, "state": [1, 0, 3, 0, 1], "tail": 6}
{"N": 5, "decoder": 1, "fibre": 1, "kind": "state", "m": 5, "next": [2, 2, 4, 2, 3], "period": 1, "recurrent_predicate": false, "state": [1, 0, 3, 0, 2], "tail": 5}
{"N": 5, "decoder": 1, "fibre": 1, "kind": "state", "m": 5, "next": [2, 2, 0, 2, 0], "period": 1, "recurrent_predicate": false, "state": [1, 0, 3, 0, 3], "tail": 4}
{"N": 5, "decoder": 0, "fibre": 0, "kind": "state", "m": 5, "next": [2, 2, 4, 2, 0], "period": 1, "recurrent_predicate": false, "state": [1, 0, 3, 0, 4], "tail": 4}
{"N": 5, "decoder": 1, "fibre": 1, "kind": "state", "m": 5, "next": [3, 2, 4, 3, 2], "period": 1, "recurrent_predicate": false, "state": [1, 0, 3, 1, 0], "tail": 6}
{"N": 5, "decoder": 1, "fibre": 1, "kind": "state", "m": 5, "next": [4, 1, 4, 4, 4], "period": 1, "recurrent_predicate": false, "state": [1, 0, 3, 1, 1], "tail": 5}
{"N": 5, "decoder": 0, "fibre": 0, "kind": "state", "m": 5, "next": [3, 1, 4, 3, 3], "period": 1, "recurrent_predicate": false, "state": [1, 0, 3, 1, 2], "tail": 8}
{"N": 5, "decoder": 0, "fibre": 0, "kind": "state", "m": 5, "next": [3, 1, 0, 3, 0], "period": 1, "recurrent_predicate": false, "state": [1, 0, 3, 1, 3], "tail": 5}
{"N": 5, "decoder": 0, "fibre": 0, "kind": "state", "m": 5, "next": [3, 1, 4, 3, 0], "period": 1, "recurrent_predicate": false, "state": [1, 0, 3, 1, 4], "tail": 6}
{"N": 5, "decoder": 1, "fibre": 1, "kind": "state", "m": 5, "next": [2, 2, 4, 3, 2], "period": 1, "recurrent_predicate": false, "state": [1, 0, 3, 2, 0], "tail": 5}
{"N": 5, "decoder": 0, "fibre": 0, "kind": "state", "m": 5, "next": [3, 1, 4, 3, 3], "period": 1, "recurrent_predicate": false, "state": [1, 0, 3, 2, 1], "tail": 8}
{"N": 5, "decoder": 0, "fibre": 0, "kind": "state", "m": 5, "next": [2, 1, 4, 4, 4], "period": 1, "recurrent_predicate": false, "state": [1, 0, 3, 2, 2], "tail": 4}
{"N": 5, "decoder": 0, "fibre": 0, "kind": "state", "m": 5, "next": [2, 1, 0, 3, 0], "period": 1, "recurrent_predicate": false, "state": [1, 0, 3, 2, 3], "tail": 6}
{"N": 5, "decoder": 1, "fibre": 1, "kind": "state", "m": 5, "next": [2, 1, 4, 3, 0], "period": 5, "recurrent_predicate": true, "state": [1, 0, 3, 2, 4], "tail": 0}
{"N": 5, "decoder": 1, "fibre": 1, "kind": "state", "m": 5, "next": [2, 2, 0, 0, 2], "period": 1, "recurrent_predicate": false, "state": [1, 0, 3, 3, 0], "tail": 4}
{"N": 5, "decoder": 0, "fibre": 0, "kind": "state", "m": 5, "next": [3, 1, 0, 0, 3], "period": 1, "recurrent_predicate": false, "state": [1, 0, 3, 3, 1], "tail": 5}
{"N": 5, "decoder": 0, "fibre": 0, "kind": "state", "m": 5, "next": [2, 1, 0, 0, 3], "period": 1, "recurrent_predicate": false, "state": [1, 0, 3, 3, 2], "tail": 6}
{"N": 5, "decoder": 3, "fibre": 3, "kind": "state", "m": 5, "next": [2, 1, 1, 1, 1], "period": 1, "recurrent_predicate": false, "state": [1, 0, 3, 3, 3], "tail": 3}
{"N": 5, "decoder": 1, "fibre": 1, "kind": "state", "m": 5, "next": [2, 1, 0, 0, 0], "period": 1, "recurrent_predicate": false, "state": [1, 0, 3, 3, 4], "tail": 5}
{"N": 5, "decoder": 0, "fibre": 0, "kind": "state", "m": 5, "next": [2, 2, 4, 0, 2], "period": 1, "recurrent_predicate": false, "state": [1, 0, 3, 4, 0], "tail": 4}
{"N": 5, "decoder": 0, "fibre": 0, "kind": "state", "m": 5, "next": [3, 1, 4, 0, 3], "period": 1, "recurrent_predicate": false, "state": [1, 0, 3, 4, 1], "tail": 6}
{"N": 5, "decoder": 1, "fibre": 1, "kind": "state", "m": 5, "next": [2, 1, 4, 0, 3], "period": 5, "recurrent_predicate": true, "state": [1, 0, 3, 4, 2], "tail": 0}
{"N": 5, "decoder": 1, "fibre": 1, "kind": "state", "m": 5, "next": [2, 1, 0, 0, 0], "period": 1, "recurrent_predicate": false, "state": [1, 0, 3, 4, 3], "tail": 5}
{"N": 5, "decoder": 0, "fibre": 0, "kind": "state", "m": 5, "next": [2, 1, 4, 1, 1], "period": 1, "recurrent_predicate": false, "state": [1, 0, 3, 4, 4], "tail": 8}
{"N": 5, "decoder": 1, "fibre": 1, "kind": "state", "m": 5, "next": [2, 3, 0, 3, 3], "period": 1, "recurrent_predicate": false, "state": [1, 0, 4, 0, 0], "tail": 6}
{"N": 5, "decoder": 0, "fibre": 0, "kind": "state", "m": 5, "next": [3, 2, 0, 2, 3], "period": 1, "recurrent_predicate": false, "state": [1, 0, 4, 0, 1], "tail": 7}
{"N": 5, "decoder": 0, "fibre": 0, "kind": "state", "m": 5, "next": [2, 2, 0, 2, 3], "period": 1, "recurrent_predicate": false, "state": [1, 0, 4, 0, 2], "tail": 8}
{"N": 5, "decoder": 0, "fibre": 0, "kind": "state", "m": 5, "next": [2, 2, 0, 2, 4], "period": 1, "recurrent_predicate": false, "state": [1, 0, 4, 0, 3], "tail": 4}
{"N": 5, "decoder": 1, "fibre": 1, "kind": "state", "m": 5, "next": [2, 2, 1, 2, 1], "period": 1, "recurrent_predicate": false, "state": [1, 0, 4, 0, 4], "tail": 5}
{"N": 5, "decoder": 0, "fibre": 0, "kind": "state", "m": 5, "next": [3, 2, 0, 3, 2], "period": 1, "recurrent_predicate": false, "state": [1, 0, 4, 1, 0], "tail": 7}
{"N": 5, "decoder": 0, "fibre": 0, "kind": "state", "m": 5, "next": [4, 1, 0, 4, 4], "period": 1, "recurrent_predicate": false, "state": [1, 0, 4, 1, 1], "tail": 5}
{"N": 5, "decoder": 0, "fibre": 0, "kind": "state", "m": 5, "next": [3, 1, 0, 3, 3], "period": 1, "recurrent_predicate": false, "state": [1, 0, 4, 1, 2], "tail": 4}
{"N": 5, "decoder": 0, "fibre": 0, "kind": "state", "m": 5, "next": [3, 1, 0, 3, 4], "period": 1, "recurrent_predicate": false, "state": [1, 0, 4, 1, 3], "tail": 6}
{"N": 5, "decoder": 0, "fibre": 0, "kind": "state", "m": 5, "next": [3, 1, 1, 3, 1], "period": 1, "recurrent_predicate": false, "state": [1, 0, 4, 1, 4], "tail": 3}
{"N": 5, "decoder": 0, "fibre": 0, "kind": "state", "m": 5, "next": [2, 2, 0, 3, 2], "period": 1, "recurrent_predicate": false, "state": [1, 0, 4, 2, 0], "tail": 8}
{"N": 5, "decoder": 0, "fibre": 0, "kind": "state", "m": 5, "next": [3, 1, 0, 3, 3], "period": 1, "recurrent_predicate": false, "state": [1, 0, 4, 2, 1], "tail": 4}
{"N": 5, "decoder": 0, "fibre": 0, "kind": "state", "m": 5, "next": [2, 1, 0, 4, 4], "period": 1, "recurrent_predicate": false, "state": [1, 0, 4, 2, 2], "tail": 6}
{"N": 5, "decoder": 1, "fibre": 1, "kind": "state", "m": 5, "next": [2, 1, 0, 3, 4], "period": 5, "recurrent_predicate": true, "state": [1, 0, 4, 2, 3], "tail": 0}
{"N": 5, "decoder": 1, "fibre": 1, "kind": "state", "m": 5, "next": [2, 1, 1, 3, 1], "period": 1, "recurrent_predicate": false, "state": [1, 0, 4, 2, 4], "tail": 5}
{"N": 5, "decoder": 0, "fibre": 0, "kind": "state", "m": 5, "next": [2, 2, 0, 4, 2], "period": 1, "recurrent_predicate": false, "state": [1, 0, 4, 3, 0], "tail": 4}
{"N": 5, "decoder": 0, "fibre": 0, "kind": "state", "m": 5, "next": [3, 1, 0, 4, 3], "period": 1, "recurrent_predicate": false, "state": [1, 0, 4, 3, 1], "tail": 6}
{"N": 5, "decoder": 1, "fibre": 1, "kind": "state", "m": 5, "next": [2, 1, 0, 4, 3], "period": 5, "recurrent_predicate": true, "state": [1, 0, 4, 3, 2], "tail": 0}
{"N": 5, "decoder": 1, "fibre": 1, "kind": "state", "m": 5, "next": [2, 1, 0, 0, 0], "period": 1, "recurrent_predicate": false, "state": [1, 0, 4, 3, 3], "tail": 5}
{"N": 5, "decoder": 0, "fibre": 0, "kind": "state", "m": 5, "next": [2, 1, 1, 4, 1], "period": 1, "recurrent_predicate": false, "state": [1, 0, 4, 3, 4], "tail": 8}
{"N": 5, "decoder": 1, "fibre": 1, "kind": "state", "m": 5, "next": [2, 2, 1, 1, 2], "period": 1, "recurrent_predicate": false, "state": [1, 0, 4, 4, 0], "tail": 5}
{"N": 5, "decoder": 0, "fibre": 0, "kind": "state", "m": 5, "next": [3, 1, 1, 1, 3], "period": 1, "recurrent_predicate": false, "state": [1, 0, 4, 4, 1], "tail": 3}
{"N": 5, "decoder": 1, "fibre": 1, "kind": "state", "m": 5, "next": [2, 1, 1, 1, 3], "period": 1, "recurrent_predicate": false, "state": [1, 0, 4, 4, 2], "tail": 5}
{"N": 5, "decoder": 0, "fibre": 0, "kind": "state", "m": 5, "next": [2, 1, 1, 1, 4], "period": 1, "recurrent_predicate": false, "state": [1, 0, 4, 4, 3], "tail": 8}
{"N": 5, "decoder": 4, "fibre": 4, "kind": "state", "m": 5, "next": [2, 1, 2, 2, 2], "period": 1, "recurrent_predicate": false, "state": [1, 0, 4, 4, 4], "tail": 4}
{"N": 5, "decoder": 1, "fibre": 1, "kind": "state", "m": 5, "next": [3, 3, 3, 3, 3], "period": 1, "recurrent_predicate": false, "state": [1, 1, 0, 0, 0], "tail": 1}
{"N": 5, "decoder": 3, "fibre": 3, "kind": "state", "m": 5, "next": [4, 4, 2, 2, 4], "period": 1, "recurrent_predicate": false, "state": [1, 1, 0, 0, 1], "tail": 4}
{"N": 5, "decoder": 1, "fibre": 1, "kind": "state", "m": 5, "next": [3, 3, 2, 2, 3], "period": 1, "recurrent_predicate": false, "state": [1, 1, 0, 0, 2], "tail": 5}
{"N": 5, "decoder": 1, "fibre": 1, "kind": "state", "m": 5, "next": [3, 3, 2, 2, 4], "period": 1, "recurrent_predicate": false, "state": [1, 1, 0, 0, 3], "tail": 6}
{"N": 5, "decoder": 0, "fibre": 0, "kind": "state", "m": 5, "next": [3, 3, 2, 2, 0], "period": 1, "recurrent_predicate": false, "state": [1, 1, 0, 0, 4], "tail": 7}
{"N": 5, "decoder": 3, "fibre": 3, "kind": "state", "m": 5, "next": [4, 4, 2, 4, 2], "period": 1, "recurrent_predicate": false, "state": [1, 1, 0, 1, 0], "tail": 4}
{"N": 5, "decoder": 5, "fibre": 5, "kind": "state", "m": 5, "next": [0, 0, 1, 0, 0], "period": 1, "recurrent_predicate": false, "state": [1, 1, 0, 1, 1], "tail": 3}
{"N": 5, "decoder": 1, "fibre": 1, "kind": "state", "m": 5, "next": [4, 4, 1, 4, 3], "period": 1, "recurrent_predicate": false, "state": [1, 1, 0, 1, 2], "tail": 6}
{"N": 5, "decoder": 1, "fibre": 1, "kind": "state", "m": 5, "next": [4, 4, 1, 4, 4], "period": 1, "recurrent_predicate": false, "state": [1, 1, 0, 1, 3], "tail": 5}
{"N": 5, "decoder": 0, "fibre": 0, "kind": "state", "m": 5, "next": [4, 4, 1, 4, 0], "period": 1, "recurrent_predicate": false, "state": [1, 1, 0, 1, 4], "tail": 5}
{"N": 5, "decoder": 1, "fibre": 1, "kind": "state", "m": 5, "next": [3, 3, 2, 3, 2], "period": 1, "recurrent_predicate": false, "state": [1, 1, 0, 2, 0], "tail": 5}
{"N": 5, "decoder": 1, "fibre": 1, "kind": "state", "m": 5, "next": [4, 4, 1, 3, 4], "period": 1, "recurrent_predicate": false, "state": [1, 1, 0, 2, 1], "tail": 6}
{"N": 5, "decoder": 0, "fibre": 0, "kind": "state", "m": 5, "next": [3, 3, 1, 4, 4], "period": 1, "recurrent_predicate": false, "state": [1, 1, 0, 2, 2], "tail": 7}
{"N": 5, "decoder": 0, "fibre": 0, "kind": "state", "m": 5, "next": [3, 3, 1, 3, 4], "period": 1, "recurrent_predicate": false, "state": [1, 1, 0, 2, 3], "tail": 8}
{"N": 5, "decoder": 0, "fibre": 0, "kind": "state", "m": 5, "next": [3, 3, 1, 3, 0], "period": 1, "recurrent_predicate": false, "state": [1, 1, 0, 2, 4], "tail": 4}
{"N": 5, "decoder": 1, "fibre": 1, "kind": "state", "m": 5, "next": [3, 3, 2, 4, 2], "period": 1, "recurrent_predicate": false, "state": [1, 1, 0, 3, 0], "tail": 6}
{"N": 5, "decoder": 1, "fibre": 1, "kind": "state", "m": 5, "next": [4, 4, 1, 4, 4], "period": 1, "recurrent_predicate": false, "state": [1, 1, 0, 3, 1], "tail": 5}
{"N": 5, "decoder": 0, "fibre": 0, "kind": "state", "m": 5, "next": [3, 3, 1, 4, 3], "period": 1, "recurrent_predicate": false, "state": [1, 1, 0, 3, 2], "tail": 8}
{"N": 5, "decoder": 0, "fibre": 0, "kind": "state", "m": 5, "next": [3, 3, 1, 0, 0], "period": 1, "recurrent_predicate": false, "state": [1, 1, 0, 3, 3], "tail": 5}
{"N": 5, "decoder": 0, "fibre": 0, "kind": "state", "m": 5, "next": [3, 3, 1, 4, 0], "period": 1, "recurrent_predicate": false, "state": [1, 1, 0, 3, 4], "tail": 6}
{"N": 5, "decoder": 0, "fibre": 0, "kind": "state", "m": 5, "next": [3, 3, 2, 0, 2], "period": 1, "recurrent_predicate": false, "state": [1, 1, 0, 4, 0], "tail": 7}
{"N": 5, "decoder": 0, "fibre": 0, "kind": "state", "m": 5, "next": [4, 4, 1, 0, 4], "period": 1, "recurrent_predicate": false, "state": [1, 1, 0, 4, 1], "tail": 5}
{"N": 5, "decoder": 0, "fibre": 0, "kind": "state", "m": 5, "next": [3, 3, 1, 0, 3], "period": 1, "recurrent_predicate": false, "state": [1, 1, 0, 4, 2], "tail": 4}
{"N": 5, "decoder": 0, "fibre": 0, "kind": "state", "m": 5, "next": [3, 3, 1, 0, 4], "period": 1, "recurrent_predicate": false, "state": [1, 1, 0, 4, 3], "tail": 6}
{"N": 5, "decoder": 0, "fibre": 0, "kind": "state", "m": 5, "next": [3, 3, 1, 1, 1], "period": 1, "recurrent_predicate": false, "state": [1, 1, 0, 4, 4], "tail": 3}
{"N": 5, "decoder": 3, "fibre": 3, "kind": "state", "m": 5, "next": [4, 4, 4, 2, 2], "period": 1, "recurrent_predicate": false, "state": [1, 1, 1, 0, 0], "tail": 4}
{"N": 5, "decoder": 5, "fibre": 5, "kind": "state", "m": 5, "next": [0, 0, 0, 1, 0], "period": 1, "recurrent_predicate": false, "state": [1, 1, 1, 0, 1], "tail": 3}
{"N": 5, "decoder": 1, "fibre": 1, "kind": "state", "m": 5, "next": [4, 4, 4, 1, 3], "period": 1, "recurrent_predicate": false, "state": [1, 1, 1, 0, 2], "tail": 6}
{"N": 5, "decoder": 1, "fibre": 1, "kind": "state", "m": 5, "next": [4, 4, 4, 1, 4], "period": 1, "recurrent_predicate": false, "state": [1, 1, 1, 0, 3], "tail": 5}
{"N": 5, "decoder": 0, "fibre": 0, "kind": "state", "m": 5, "next": [4, 4, 4, 1, 0], "period": 1, "recurrent_predicate": false, "state": [1, 1, 1, 0, 4], "tail": 5}
{"N": 5, "decoder": 5, "fibre": 5, "kind": "state", "m": 5, "next": [0, 0, 0, 0, 1], "period": 1, "recurrent_predicate": false, "state": [1, 1, 1, 1, 0], "tail": 3}
{"N": 5, "decoder": 16, "fibre": 16, "kind": "state", "m": 5, "next": [1, 1, 1, 1, 1], "period": 1, "recurrent_predicate": true, "state": [1, 1, 1, 1, 1], "tail": 0}
{"N": 5, "decoder": 5, "fibre": 5, "kind": "state", "m": 5, "next": [0, 0, 0, 0, 3], "period": 1, "recurrent_predicate": false, "state": [1, 1, 1, 1, 2], "tail": 2}
{"N": 5, "decoder": 4, "fibre": 4, "kind": "state", "m": 5, "next": [0, 0, 0, 0, 4], "period": 1, "recurrent_predicate": false, "state": [1, 1, 1, 1, 3], "tail": 4}
{"N": 5, "decoder": 1, "fibre": 1, "kind": "state", "m": 5, "next": [0, 0, 0, 0, 0], "period": 1, "recurrent_predicate": false, "state": [1, 1, 1, 1, 4], "tail": 1}
{"N": 5, "decoder": 1, "fibre": 1, "kind": "state", "m": 5, "next": [4, 4, 4, 3, 1], "period": 1, "recurrent_predicate": false, "state": [1, 1, 1, 2, 0], "tail": 6}
{"N": 5, "decoder": 5, "fibre": 5, "kind": "state", "m": 5, "next": [0, 0, 0, 3, 0], "period": 1, "recurrent_predicate": false, "state": [1, 1, 1, 2, 1], "tail": 2}
{"N": 5, "decoder": 1, "fibre": 1, "kind": "state", "m": 5, "next": [4, 4, 4, 4, 4], "period": 1, "recurrent_predicate": false, "state": [1, 1, 1, 2, 2], "tail": 1}
{"N": 5, "decoder": 4, "fibre": 4, "kind": "state", "m": 5, "next": [4, 4, 4, 3, 4], "period": 1, "recurrent_predicate": false, "state": [1, 1, 1, 2, 3], "tail": 4}
{"N": 5, "decoder": 3, "fibre": 3, "kind": "state", "m": 5, "next": [4, 4, 4, 3, 0], "period": 1, "recurrent_predicate": false, "state": [1, 1, 1, 2, 4], "tail": 7}
{"N": 5, "decoder": 1, "fibre": 1, "kind": "state", "m": 5, "next": [4, 4, 4, 4, 1], "period": 1, "recurrent_predicate": false, "state": [1, 1, 1, 3, 0], "tail": 5}
{"N": 5, "decoder": 4, "fibre": 4, "kind": "state", "m": 5, "next": [0, 0, 0, 4, 0], "period": 1, "recurrent_predicate": false, "state": [1, 1, 1, 3, 1], "tail": 4}
{"N": 5, "decoder": 4, "fibre": 4, "kind": "state", "m": 5, "next": [4, 4, 4, 4, 3], "period": 1, "recurrent_predicate": false, "state": [1, 1, 1, 3, 2], "tail": 4}
{"N": 5, "decoder": 4, "fibre": 4, "kind": "state", "m": 5, "next": [4, 4, 4, 0, 0], "period": 1, "recurrent_predicate": false, "state": [1, 1, 1, 3, 3], "tail": 2}
{"N": 5, "decoder": 3, "fibre": 3, "kind": "state", "m": 5, "next": [4, 4, 4, 4, 0], "period": 1, "recurrent_predicate": false, "state": [1, 1, 1, 3, 4], "tail": 3}
{"N": 5, "decoder": 0, "fibre": 0, "kind": "state", "m": 5, "next": [4, 4, 4, 0, 1], "period": 1, "recurrent_predicate": false, "state": [1, 1, 1, 4, 0], "tail": 5}
{"N": 5, "decoder": 1, "fibre": 1, "kind": "state", "m": 5, "next": [0, 0, 0, 0, 0], "period": 1, "recurrent_predicate": false, "state": [1, 1, 1, 4, 1], "tail": 1}
{"N": 5, "decoder": 3, "fibre": 3, "kind": "state", "m": 5, "next": [4, 4, 4, 0, 3], "period": 1, "recurrent_predicate": false, "state": [1, 1, 1, 4, 2], "tail": 7}
{"N": 5, "decoder": 3, "fibre": 3, "kind": "state", "m": 5, "next": [4, 4, 4, 0, 4], "period": 1, "recurrent_predicate": false, "state": [1, 1, 1, 4, 3], "tail": 3}
{"N": 5, "decoder": 4, "fibre": 4, "kind": "state", "m": 5, "next": [4, 4, 4, 1, 1], "period": 1, "recurrent_predicate": false, "state": [1, 1, 1, 4, 4], "tail": 3}
{"N": 5, "decoder": 1, "fibre": 1, "kind": "state", "m": 5, "next": [3, 3, 3, 2, 2], "period": 1, "recurrent_predicate": false, "state": [1, 1, 2, 0, 0], "tail": 5}
{"N": 5, "decoder": 1, "fibre": 1, "kind": "state", "m": 5, "next": [4, 4, 3, 1, 4], "period": 1, "recurrent_predicate": false, "state": [1, 1, 2, 0, 1], "tail": 6}
{"N": 5, "decoder": 0, "fibre": 0, "kind": "state", "m": 5, "next": [3, 3, 4, 1, 4], "period": 1, "recurrent_predicate": false, "state": [1, 1, 2, 0, 2], "tail": 7}
{"N": 5, "decoder": 0, "fibre": 0, "kind": "state", "m": 5, "next": [3, 3, 3, 1, 4], "period": 1, "recurrent_predicate": false, "state": [1, 1, 2, 0, 3], "tail": 8}
{"N": 5, "decoder": 0, "fibre": 0, "kind": "state", "m": 5, "next": [3, 3, 3, 1, 0], "period": 1, "recurrent_predicate": false, "state": [1, 1, 2, 0, 4], "tail": 4}
{"N": 5, "decoder": 1, "fibre": 1, "kind": "state", "m": 5, "next": [4, 4, 3, 4, 1], "period": 1, "recurrent_predicate": false, "state": [1, 1, 2, 1, 0], "tail": 6}
{"N": 5, "decoder": 5, "fibre": 5, "kind": "state", "m": 5, "next": [0, 0, 3, 0, 0], "period": 1, "recurrent_predicate": false, "state": [1, 1, 2, 1, 1], "tail": 2}
{"N": 5, "decoder": 1, "fibre": 1, "kind": "state", "m": 5, "next": [4, 4, 4, 4, 4], "period": 1, "recurrent_predicate": false, "state": [1, 1, 2, 1, 2], "tail": 1}
{"N": 5, "decoder": 4, "fibre": 4, "kind": "state", "m": 5, "next": [4, 4, 3, 4, 4], "period": 1, "recurrent_predicate": false, "state": [1, 1, 2, 1, 3], "tail": 4}
{"N": 5, "decoder": 3, "fibre": 3, "kind": "state", "m": 5, "next": [4, 4, 3, 4, 0], "period": 1, "recurrent_predicate": false, "state": [1, 1, 2, 1, 4], "tail": 7}
{"N": 5, "decoder": 0, "fibre": 0, "kind": "state", "m": 5, "next": [3, 3, 4, 4, 1], "period": 1, "recurrent_predicate": false, "state": [1, 1, 2, 2, 0], "tail": 7}
{"N": 5, "decoder": 1, "fibre": 1, "kind": "state", "m": 5, "next": [4, 4, 4, 4, 4], "period": 1, "recurrent_predicate": false, "state": [1, 1, 2, 2, 1], "tail": 1}
{"N": 5, "decoder": 3, "fibre": 3, "kind": "state", "m": 5, "next": [3, 3, 0, 0, 0], "period": 1, "recurrent_predicate": false, "state": [1, 1, 2, 2, 2], "tail": 4}
{"N": 5, "decoder": 1, "fibre": 1, "kind": "state", "m": 5, "next": [3, 3, 4, 4, 4], "period": 1, "recurrent_predicate": false, "state": [1, 1, 2, 2, 3], "tail": 5}
{"N": 5, "decoder": 1, "fibre": 1, "kind": "state", "m": 5, "next": [3, 3, 4, 4, 0], "period": 1, "recurrent_predicate": false, "state": [1, 1, 2, 2, 4], "tail": 6}
{"N": 5, "decoder": 0, "fibre": 0, "kind": "state", "m": 5, "next": [3, 3, 3, 4, 1], "period": 1, "recurrent_predicate": false, "state": [1, 1, 2, 3, 0], "tail": 8}
{"N": 5, "decoder": 4, "fibre": 4, "kind": "state", "m": 5, "next": [4, 4, 3, 4, 4], "period": 1, "recurrent_predicate": false, "state": [1, 1, 2, 3, 1], "tail": 4}
{"N": 5, "decoder": 1, "fibre": 1, "kind": "state", "m": 5, "next": [3, 3, 4, 4, 4], "period": 1, "recurrent_predicate": false, "state": [1, 1, 2, 3, 2], "tail": 5}
{"N": 5, "decoder": 0, "fibre": 0, "kind": "state", "m": 5, "next": [3, 3, 3, 0, 0], "period": 1, "recurrent_predicate": false, "state": [1, 1, 2, 3, 3], "tail": 3}
{"N": 5, "decoder": 1, "fibre": 1, "kind": "state", "m": 5, "next": [3, 3, 3, 4, 0], "period": 1, "recurrent_predicate": false, "state": [1, 1, 2, 3, 4], "tail": 5}
{"N": 5, "decoder": 0, "fibre": 0, "kind": "state", "m": 5, "next": [3, 3, 3, 0, 1], "period": 1, "recurrent_predicate": false, "state": [1, 1, 2, 4, 0], "tail": 4}
{"N": 5, "decoder": 3, "fibre": 3, "kind": "state", "m": 5, "next": [4, 4, 3, 0, 4], "period": 1, "recurrent_predicate": false, "state": [1, 1, 2, 4, 1], "tail": 7}
{"N": 5, "decoder": 1, "fibre": 1, "kind": "state", "m": 5, "next": [3, 3, 4, 0, 4], "period": 1, "recurrent_predicate": false, "state": [1, 1, 2, 4, 2], "tail": 6}
{"N": 5, "decoder": 1, "fibre": 1, "kind": "state", "m": 5, "next": [3, 3, 3, 0, 4], "period": 1, "recurrent_predicate": false, "state": [1, 1, 2, 4, 3], "tail": 5}
{"N": 5, "decoder": 1, "fibre": 1, "kind": "state", "m": 5, "next": [3, 3, 3, 1, 1], "period": 1, "recurrent_predicate": false, "state": [1, 1, 2, 4, 4], "tail": 4}
{"N": 5, "decoder": 1, "fibre": 1, "kind": "state", "m": 5, "next": [3, 3, 4, 2, 2], "period": 1, "recurrent_predicate": false, "state": [1, 1, 3, 0, 0], "tail": 6}
{"N": 5, "decoder": 1, "fibre": 1, "kind": "state", "m": 5, "next": [4, 4, 4, 1, 4], "period": 1, "recurrent_predicate": false, "state": [1, 1, 3, 0, 1], "tail": 5}
{"N": 5, "decoder": 0, "fibre": 0, "kind": "state", "m": 5, "next": [3, 3, 4, 1, 3], "period": 1, "recurrent_predicate": false, "state": [1, 1, 3, 0, 2], "tail": 8}
{"N": 5, "decoder": 0, "fibre": 0, "kind": "state", "m": 5, "next": [3, 3, 0, 1, 0], "period": 1, "recurrent_predicate": false, "state": [1, 1, 3, 0, 3], "tail": 5}
{"N": 5, "decoder": 0, "fibre": 0, "kind": "state", "m": 5, "next": [3, 3, 4, 1, 0], "period": 1, "recurrent_predicate": false, "state": [1, 1, 3, 0, 4], "tail": 6}
{"N": 5, "decoder": 1, "fibre": 1, "kind": "state", "m": 5, "next": [4, 4, 4, 4, 1], "period": 1, "recurrent_predicate": false, "state": [1, 1, 3, 1, 0], "tail": 5}
{"N": 5, "decoder": 4, "fibre": 4, "kind": "state", "m": 5, "next": [0, 0, 4, 0, 0], "period": 1, "recurrent_predicate": false, "state": [1, 1, 3, 1, 1], "tail": 4}
{"N": 5, "decoder": 4, "fibre": 4, "kind": "state", "m": 5, "next": [4, 4, 4, 4, 3], "period": 1, "recurrent_predicate": false, "state": [1, 1, 3, 1, 2], "tail": 4}
{"N": 5, "decoder": 4, "fibre": 4, "kind": "state", "m": 5, "next": [4, 4, 0, 4, 0], "period": 1, "recurrent_predicate": false, "state": [1, 1, 3, 1, 3], "tail": 2}
{"N": 5, "decoder": 3, "fibre": 3, "kind": "state", "m": 5, "next": [4, 4, 4, 4, 0], "period": 1, "recurrent_predicate": false, "state": [1, 1, 3, 1, 4], "tail": 3}
{"N": 5, "decoder": 0, "fibre": 0, "kind": "state", "m": 5, "next": [3, 3, 4, 3, 1], "period": 1, "recurrent_predicate": false, "state": [1, 1, 3, 2, 0], "tail": 8}
{"N": 5, "decoder": 4, "fibre": 4, "kind": "state", "m": 5, "next": [4, 4, 4, 3, 4], "period": 1, "recurrent_predicate": false, "state": [1, 1, 3, 2, 1], "tail": 4}
{"N": 5, "decoder": 1, "fibre": 1, "kind": "state", "m": 5, "next": [3, 3, 4, 4, 4], "period": 1, "recurrent_predicate": false, "state": [1, 1, 3, 2, 2], "tail": 5}
{"N": 5, "decoder": 0, "fibre": 0, "kind": "state", "m": 5, "next": [3, 3, 0, 3, 0], "period": 1, "recurrent_predicate": false, "state": [1, 1, 3, 2, 3], "tail": 3}
{"N": 5, "decoder": 1, "fibre": 1, "kind": "state", "m": 5, "next": [3, 3, 4, 3, 0], "period": 1, "recurrent_predicate": false, "state": [1, 1, 3, 2, 4], "tail": 5}
{"N": 5, "decoder": 0, "fibre": 0, "kind": "state", "m": 5, "next": [3, 3, 0, 0, 1], "period": 1, "recurrent_predicate": false, "state": [1, 1, 3, 3, 0], "tail": 5}
{"N": 5, "decoder": 4, "fibre": 4, "kind": "state", "m": 5, "next": [4, 4, 0, 0, 4], "period": 1, "recurrent_predicate": false, "state": [1, 1, 3, 3, 1], "tail": 2}
{"N": 5, "decoder": 0, "fibre": 0, "kind": "state", "m": 5, "next": [3, 3, 0, 0, 3], "period": 1, "recurrent_predicate": false, "state": [1, 1, 3, 3, 2], "tail": 3}
{"N": 5, "decoder": 4, "fibre": 4, "kind": "state", "m": 5, "next": [3, 3, 1, 1, 1], "period": 1, "recurrent_predicate": false, "state": [1, 1, 3, 3, 3], "tail": 3}
{"N": 5, "decoder": 1, "fibre": 1, "kind": "state", "m": 5, "next": [3, 3, 0, 0, 0], "period": 1, "recurrent_predicate": false, "state": [1, 1, 3, 3, 4], "tail": 4}
{"N": 5, "decoder": 0, "fibre": 0, "kind": "state", "m": 5, "next": [3, 3, 4, 0, 1], "period": 1, "recurrent_predicate": false, "state": [1, 1, 3, 4, 0], "tail": 6}
{"N": 5, "decoder": 3, "fibre": 3, "kind": "state", "m": 5, "next": [4, 4, 4, 0, 4], "period": 1, "recurrent_predicate": false, "state": [1, 1, 3, 4, 1], "tail": 3}
{"N": 5, "decoder": 1, "fibre": 1, "kind": "state", "m": 5, "next": [3, 3, 4, 0, 3], "period": 1, "recurrent_predicate": false, "state": [1, 1, 3, 4, 2], "tail": 5}
{"N": 5, "decoder": 1, "fibre": 1, "kind": "state", "m": 5, "next": [3, 3, 0, 0, 0], "period": 1, "recurrent_predicate": false, "state": [1, 1, 3, 4, 3], "tail": 4}
{"N": 5, "decoder": 0, "fibre": 0, "kind": "state", "m": 5, "next": [3, 3, 4, 1, 1], "period": 1, "recurrent_predicate": false, "state": [1, 1, 3, 4, 4], "tail": 5}
{"N": 5, "decoder": 0, "fibre": 0, "kind": "state", "m": 5, "next": [3, 3, 0, 2, 2], "period": 1, "recurrent_predicate": false, "state": [1, 1, 4, 0, 0], "tail": 7}
{"N": 5, "decoder": 0, "fibre": 0, "kind": "state", "m": 5, "next": [4, 4, 0, 1, 4], "period": 1, "recurrent_predicate": false, "state": [1, 1, 4, 0, 1], "tail": 5}
{"N": 5, "decoder": 0, "fibre": 0, "kind": "state", "m": 5, "next": [3, 3, 0, 1, 3], "period": 1, "recurrent_predicate": false, "state": [1, 1, 4, 0, 2], "tail": 4}
{"N": 5, "decoder": 0, "fibre": 0, "kind": "state", "m": 5, "next": [3, 3, 0, 1, 4], "period": 1, "recurrent_predicate": false, "state": [1, 1, 4, 0, 3], "tail": 6}
{"N": 5, "decoder": 0, "fibre": 0, "kind": "state", "m": 5, "next": [3, 3, 1, 1, 1], "period": 1, "recurrent_predicate": false, "state": [1, 1, 4, 0, 4], "tail": 3}
{"N": 5, "decoder": 0, "fibre": 0, "kind": "state", "m": 5, "next": [4, 4, 0, 4, 1], "period": 1, "recurrent_predicate": false, "state": [1, 1, 4, 1, 0], "tail": 5}
{"N": 5, "decoder": 1, "fibre": 1, "kind": "state", "m": 5, "next": [0, 0, 0, 0, 0], "period": 1, "recurrent_predicate": false, "state": [1, 1, 4, 1, 1], "tail": 1}
{"N": 5, "decoder": 3, "fibre": 3, "kind": "state", "m": 5, "next": [4, 4, 0, 4, 3], "period": 1, "recurrent_predicate": false, "state": [1, 1, 4, 1, 2], "tail": 7}
{"N": 5, "decoder": 3, "fibre": 3, "kind": "state", "m": 5, "next": [4, 4, 0, 4, 4], "period": 1, "recurrent_predicate": false, "state": [1, 1, 4, 1, 3], "tail": 3}
{"N": 5, "decoder": 4, "fibre": 4, "kind": "state", "m": 5, "next": [4, 4, 1, 4, 1], "period": 1, "recurrent_predicate": false, "state": [1, 1, 4, 1, 4], "tail": 3}
{"N": 5, "decoder": 0, "fibre": 0, "kind": "state", "m": 5, "next": [3, 3, 0, 3, 1], "period": 1, "recurrent_predicate": false, "state": [1, 1, 4, 2, 0], "tail": 4}
{"N": 5, "decoder": 3, "fibre": 3, "kind": "state", "m": 5, "next": [4, 4, 0, 3, 4], "period": 1, "recurrent_predicate": false, "state": [1, 1, 4, 2, 1], "tail": 7}
{"N": 5, "decoder": 1, "fibre": 1, "kind": "state", "m": 5, "next": [3, 3, 0, 4, 4], "period": 1, "recurrent_predicate": false, "state": [1, 1, 4, 2, 2], "tail": 6}
{"N": 5, "decoder": 1, "fibre": 1, "kind": "state", "m": 5, "next": [3, 3, 0, 3, 4], "period": 1, "recurrent_predicate": false, "state": [1, 1, 4, 2, 3], "tail": 5}
{"N": 5, "decoder": 1, "fibre": 1, "kind": "state", "m": 5, "next": [3, 3, 1, 3, 1], "period": 1, "recurrent_predicate": false, "state": [1, 1, 4, 2, 4], "tail": 4}
{"N": 5, "decoder": 0, "fibre": 0, "kind": "state", "m": 5, "next": [3, 3, 0, 4, 1], "period": 1, "recurrent_predicate": false, "state": [1, 1, 4, 3, 0], "tail": 6}
{"N": 5, "decoder": 3, "fibre": 3, "kind": "state", "m": 5, "next": [4, 4, 0, 4, 4], "period": 1, "recurrent_predicate": false, "state": [1, 1, 4, 3, 1], "tail": 3}
{"N": 5, "decoder": 1, "fibre": 1, "kind": "state", "m": 5, "next": [3, 3, 0, 4, 3], "period": 1, "recurrent_predicate": false, "state": [1, 1, 4, 3, 2], "tail": 5}
{"N": 5, "decoder": 1, "fibre": 1, "kind": "state", "m": 5, "next": [3, 3, 0, 0, 0], "period": 1, "recurrent_predicate": false, "state": [1, 1, 4, 3, 3], "tail": 4}
{"N": 5, "decoder": 0, "fibre": 0, "kind": "state", "m": 5, "next": [3, 3, 1, 4, 1], "period": 1, "recurrent_predicate": false, "state": [1, 1, 4, 3, 4], "tail": 5}
{"N": 5, "decoder": 0, "fibre": 0, "kind": "state", "m": 5, "next": [3, 3, 1, 1, 1], "period": 1, "recurrent_predicate": false, "state": [1, 1, 4, 4, 0], "tail": 3}
{"N": 5, "decoder": 4, "fibre": 4, "kind": "state", "m": 5, "next": [4, 4, 1, 1, 4], "period": 1, "recurrent_predicate": false, "state": [1, 1, 4, 4, 1], "tail": 3}
{"N": 5, "decoder": 1, "fibre": 1, "kind": "state", "m": 5, "next": [3, 3, 1, 1, 3], "period": 1, "recurrent_predicate": false, "state": [1, 1, 4, 4, 2], "tail": 4}
{"N": 5, "decoder": 0, "fibre": 0, "kind": "state", "m": 5, "next": [3, 3, 1, 1, 4], "period": 1, "recurrent_predicate": false, "state": [1, 1, 4, 4, 3], "tail": 5}
{"N": 5, "decoder": 4, "fibre": 4, "kind": "state", "m": 5, "next": [3, 3, 2, 2, 2], "period": 1, "recurrent_predicate": false, "state": [1, 1, 4, 4, 4], "tail": 2}
{"N": 5, "decoder": 4, "fibre": 4, "kind": "state", "m": 5, "next": [2, 3, 3, 3, 3], "period": 1, "recurrent_predicate": false, "state": [1, 2, 0, 0, 0], "tail": 4}
{"N": 5, "decoder": 1, "fibre": 1, "kind": "state", "m": 5, "next": [3, 3, 2, 2, 3], "period": 1, "recurrent_predicate": false, "state": [1, 2, 0, 0, 1], "tail": 5}
{"N": 5, "decoder": 0, "fibre": 0, "kind": "state", "m": 5, "next": [2, 4, 2, 2, 4], "period": 1, "recurrent_predicate": false, "state": [1, 2, 0, 0, 2], "tail": 3}
{"N": 5, "decoder": 1, "fibre": 1, "kind": "state", "m": 5, "next": [2, 3, 2, 2, 4], "period": 1, "recurrent_predicate": false, "state": [1, 2, 0, 0, 3], "tail": 5}
{"N": 5, "decoder": 0, "fibre": 0, "kind": "state", "m": 5, "next": [2, 3, 2, 2, 0], "period": 1, "recurrent_predicate": false, "state": [1, 2, 0, 0, 4], "tail": 8}
{"N": 5, "decoder": 1, "fibre": 1, "kind": "state", "m": 5, "next": [3, 3, 2, 3, 2], "period": 1, "recurrent_predicate": false, "state": [1, 2, 0, 1, 0], "tail": 5}
{"N": 5, "decoder": 1, "fibre": 1, "kind": "state", "m": 5, "next": [4, 3, 1, 4, 4], "period": 1, "recurrent_predicate": false, "state": [1, 2, 0, 1, 1], "tail": 6}
{"N": 5, "decoder": 0, "fibre": 0, "kind": "state", "m": 5, "next": [3, 4, 1, 3, 4], "period": 1, "recurrent_predicate": false, "state": [1, 2, 0, 1, 2], "tail": 7}
{"N": 5, "decoder": 0, "fibre": 0, "kind": "state", "m": 5, "next": [3, 3, 1, 3, 4], "period": 1, "recurrent_predicate": false, "state": [1, 2, 0, 1, 3], "tail": 8}
{"N": 5, "decoder": 0, "fibre": 0, "kind": "state", "m": 5, "next": [3, 3, 1, 3, 0], "period": 1, "recurrent_predicate": false, "state": [1, 2, 0, 1, 4], "tail": 4}
{"N": 5, "decoder": 0, "fibre": 0, "kind": "state", "m": 5, "next": [2, 4, 2, 4, 2], "period": 1, "recurrent_predicate": false, "state": [1, 2, 0, 2, 0], "tail": 3}
{"N": 5, "decoder": 0, "fibre": 0, "kind": "state", "m": 5, "next": [3, 4, 1, 4, 3], "period": 1, "recurrent_predicate": false, "state": [1, 2, 0, 2, 1], "tail": 7}
{"N": 5, "decoder": 0, "fibre": 0, "kind": "state", "m": 5, "next": [2, 0, 1, 0, 0], "period": 1, "recurrent_predicate": false, "state": [1, 2, 0, 2, 2], "tail": 5}
{"N": 5, "decoder": 0, "fibre": 0, "kind": "state", "m": 5, "next": [2, 4, 1, 4, 4], "period": 1, "recurrent_predicate": false, "state": [1, 2, 0, 2, 3], "tail": 4}
{"N": 5, "decoder": 0, "fibre": 0, "kind": "state", "m": 5, "next": [2, 4, 1, 4, 0], "period": 1, "recurrent_predicate": false, "state": [1, 2, 0, 2, 4], "tail": 6}
{"N": 5, "decoder": 1, "fibre": 1, "kind": "state", "m": 5, "next": [2, 3, 2, 4, 2], "period": 1, "recurrent_predicate": false, "state": [1, 2, 0, 3, 0], "tail": 5}
{"N": 5, "decoder": 0, "fibre": 0, "kind": "state", "m": 5, "next": [3, 3, 1, 4, 3], "period": 1, "recurrent_predicate": false, "state": [1, 2, 0, 3, 1], "tail": 8}
{"N": 5, "decoder": 0, "fibre": 0, "kind": "state", "m": 5, "next": [2, 4, 1, 4, 4], "period": 1, "recurrent_predicate": false, "state": [1, 2, 0, 3, 2], "tail": 4}
{"N": 5, "decoder": 0, "fibre": 0, "kind": "state", "m": 5, "next": [2, 3, 1, 0, 0], "period": 1, "recurrent_predicate": false, "state": [1, 2, 0, 3, 3], "tail": 6}
{"N": 5, "decoder": 1, "fibre": 1, "kind": "state", "m": 5, "next": [2, 3, 1, 4, 0], "period": 5, "recurrent_predicate": true, "state": [1, 2, 0, 3, 4], "tail": 0}
{"N": 5, "decoder": 0, "fibre": 0, "kind": "state", "m": 5, "next": [2, 3, 2, 0, 2], "period": 1, "recurrent_predicate": false, "state": [1, 2, 0, 4, 0], "tail": 8}
{"N": 5, "decoder": 0, "fibre": 0, "kind": "state", "m": 5, "next": [3, 3, 1, 0, 3], "period": 1, "recurrent_predicate": false, "state": [1, 2, 0, 4, 1], "tail": 4}
{"N": 5, "decoder": 0, "fibre": 0, "kind": "state", "m": 5, "next": [2, 4, 1, 0, 4], "period": 1, "recurrent_predicate": false, "state": [1, 2, 0, 4, 2], "tail": 6}
{"N": 5, "decoder": 1, "fibre": 1, "kind": "state", "m": 5, "next": [2, 3, 1, 0, 4], "period": 5, "recurrent_predicate": true, "state": [1, 2, 0, 4, 3], "tail": 0}
{"N": 5, "decoder": 1, "fibre": 1, "kind": "state", "m": 5, "next": [2, 3, 1, 1, 1], "period": 1, "recurrent_predicate": false, "state": [1, 2, 0, 4, 4], "tail": 5}
{"N": 5, "decoder": 1, "fibre": 1, "kind": "state", "m": 5, "next": [3, 3, 3, 2, 2], "period": 1, "recurrent_predicate": false, "state": [1, 2, 1, 0, 0], "tail": 5}
{"N": 5, "decoder": 1, "fibre": 1, "kind": "state", "m": 5, "next": [4, 3, 4, 1, 4], "period": 1, "recurrent_predicate": false, "state": [1, 2, 1, 0, 1], "tail": 6}
{"N": 5, "decoder": 0, "fibre": 0, "kind": "state", "m": 5, "next": [3, 4, 3, 1, 4], "period": 1, "recurrent_predicate": false, "state": [1, 2, 1, 0, 2], "tail": 7}
{"N": 5, "decoder": 0, "fibre": 0, "kind": "state", "m": 5, "next": [3, 3, 3, 1, 4], "period": 1, "recurrent_predicate": false, "state": [1, 2, 1, 0, 3], "tail": 8}
{"N": 5, "decoder": 0, "fibre": 0, "kind": "state", "m": 5, "next": [3, 3, 3, 1, 0], "period": 1, "recurrent_predicate": false, "state": [1, 2, 1, 0, 4], "tail": 4}
{"N": 5, "decoder": 1, "fibre": 1, "kind": "state", "m": 5, "next": [4, 3, 4, 4, 1], "period": 1, "recurrent_predicate": false, "state": [1, 2, 1, 1, 0], "tail": 6}
{"N": 5, "decoder": 5, "fibre": 5, "kind": "state", "m": 5, "next": [0, 3, 0, 0, 0], "period": 1, "recurrent_predicate": false, "state": [1, 2, 1, 1, 1], "tail": 2}
{"N": 5, "decoder": 1, "fibre": 1, "kind": "state", "m": 5, "next": [4, 4, 4, 4, 4], "period": 1, "recurrent_predicate": false, "state": [1, 2, 1, 1, 2], "tail": 1}
{"N": 5, "decoder": 4, "fibre": 4, "kind": "state", "m": 5, "next": [4, 3, 4, 4, 4], "period": 1, "recurrent_predicate": false, "state": [1, 2, 1, 1, 3], "tail": 4}
{"N": 5, "decoder": 3, "fibre": 3, "kind": "state", "m": 5, "next": [4, 3, 4, 4, 0], "period": 1, "recurrent_predicate": false, "state": [1, 2, 1, 1, 4], "tail": 7}
{"N": 5, "decoder": 0, "fibre": 0, "kind": "state", "m": 5, "next": [3, 4, 3, 4, 1], "period": 1, "recurrent_predicate": false, "state": [1, 2, 1, 2, 0], "tail": 7}
{"N": 5, "decoder": 1, "fibre": 1, "kind": "state", "m": 5, "next": [4, 4, 4, 4, 4], "period": 1, "recurrent_predicate": false, "state": [1, 2, 1, 2, 1], "tail": 1}
{"N": 5, "decoder": 3, "fibre": 3, "kind": "state", "m": 5, "next": [3, 0, 3, 0, 0], "period": 1, "recurrent_predicate": false, "state": [1, 2, 1, 2, 2], "tail": 4}
{"N": 5, "decoder": 1, "fibre": 1, "kind": "state", "m": 5, "next": [3, 4, 3, 4, 4], "period": 1, "recurrent_predicate": false, "state": [1, 2, 1, 2, 3], "tail": 5}
{"N": 5, "decoder": 1, "fibre": 1, "kind": "state", "m": 5, "next": [3, 4, 3, 4, 0], "period": 1, "recurrent_predicate": false, "state": [1, 2, 1, 2, 4], "tail": 6}
{"N": 5, "decoder": 0, "fibre": 0, "kind": "state", "m": 5, "next": [3, 3, 3, 4, 1], "period": 1, "recurrent_predicate": false, "state": [1, 2, 1, 3, 0], "tail": 8}
{"N": 5, "decoder": 4, "fibre": 4, "kind": "state", "m": 5, "next": [4, 3, 4, 4, 4], "period": 1, "recurrent_predicate": false, "state": [1, 2, 1, 3, 1], "tail": 4}
{"N": 5, "decoder": 1, "fibre": 1, "kind": "state", "m": 5, "next": [3, 4, 3, 4, 4], "period": 1, "recurrent_predicate": false, "state": [1, 2, 1, 3, 2], "tail": 5}
{"N": 5, "decoder": 0, "fibre": 0, "kind": "state", "m": 5, "next": [3, 3, 3, 0, 0], "period": 1, "recurrent_predicate": false, "state": [1, 2, 1, 3, 3], "tail": 3}
{"N": 5, "decoder": 1, "fibre": 1, "kind": "state", "m": 5, "next": [3, 3, 3, 4, 0], "period": 1, "recurrent_predicate": false, "state": [1, 2, 1, 3, 4], "tail": 5}
{"N": 5, "decoder": 0, "fibre": 0, "kind": "state", "m": 5, "next": [3, 3, 3, 0, 1], "period": 1, "recurrent_predicate": false, "state": [1, 2, 1, 4, 0], "tail": 4}
{"N": 5, "decoder": 3, "fibre": 3, "kind": "state", "m": 5, "next": [4, 3, 4, 0, 4], "period": 1, "recurrent_predicate": false, "state": [1, 2, 1, 4, 1], "tail": 7}
{"N": 5, "decoder": 1, "fibre": 1, "kind": "state", "m": 5, "next": [3, 4, 3, 0, 4], "period": 1, "recurrent_predicate": false, "state": [1, 2, 1, 4, 2], "tail": 6}
{"N": 5, "decoder": 1, "fibre": 1, "kind": "state", "m": 5, "next": [3, 3, 3, 0, 4], "period": 1, "recurrent_predicate": false, "state": [1, 2, 1, 4, 3], "tail": 5}
{"N": 5, "decoder": 1, "fibre": 1, "kind": "state", "m": 5, "next": [3, 3, 3, 1, 1], "period": 1, "recurrent_predicate": false, "state": [1, 2, 1, 4, 4], "tail": 4}
{"N": 5, "decoder": 0, "fibre": 0, "kind": "state", "m": 5, "next": [2, 4, 4, 2, 2], "period": 1, "recurrent_predicate": false, "state": [1, 2, 2, 0, 0], "tail": 3}
{"N": 5, "decoder": 0, "fibre": 0, "kind": "state", "m": 5, "next": [3, 4, 4, 1, 3], "period": 1, "recurrent_predicate": false, "state": [1, 2, 2, 0, 1], "tail": 7}
{"N": 5, "decoder": 0, "fibre": 0, "kind": "state", "m": 5, "next": [2, 0, 0, 1, 0], "period": 1, "recurrent_predicate": false, "state": [1, 2, 2, 0, 2], "tail": 5}
{"N": 5, "decoder": 0, "fibre": 0, "kind": "state", "m": 5, "next": [2, 4, 4, 1, 4], "period": 1, "recurrent_predicate": false, "state": [1, 2, 2, 0, 3], "tail": 4}
{"N": 5, "decoder": 0, "fibre": 0, "kind": "state", "m": 5, "next": [2, 4, 4, 1, 0], "period": 1, "recurrent_predicate": false, "state": [1, 2, 2, 0, 4], "tail": 6}
{"N": 5, "decoder": 0, "fibre": 0, "kind": "state", "m": 5, "next": [3, 4, 4, 3, 1], "period": 1, "recurrent_predicate": false, "state": [1, 2, 2, 1, 0], "tail": 7}
{"N": 5, "decoder": 1, "fibre": 1, "kind": "state", "m": 5, "next": [4, 4, 4, 4, 4], "period": 1, "recurrent_predicate": false, "state": [1, 2, 2, 1, 1], "tail": 1}
{"N": 5, "decoder": 3, "fibre": 3, "kind": "state", "m": 5, "next": [3, 0, 0, 3, 0], "period": 1, "recurrent_predicate": false, "state": [1, 2, 2, 1, 2], "tail": 4}
{"N": 5, "decoder": 1, "fibre": 1, "kind": "state", "m": 5, "next": [3, 4, 4, 3, 4], "period": 1, "recurrent_predicate": false, "state": [1, 2, 2, 1, 3], "tail": 5}
{"N": 5, "decoder": 1, "fibre": 1, "kind": "state", "m": 5, "next": [3, 4, 4, 3, 0], "period": 1, "recurrent_predicate": false, "state": [1, 2, 2, 1, 4], "tail": 6}
{"N": 5, "decoder": 0, "fibre": 0, "kind": "state", "m": 5, "next": [2, 0, 0, 0, 1], "period": 1, "recurrent_predicate": false, "state": [1, 2, 2, 2, 0], "tail": 5}
{"N": 5, "decoder": 3, "fibre": 3, "kind": "state", "m": 5, "next": [3, 0, 0, 0, 3], "period": 1, "recurrent_predicate": false, "state": [1, 2, 2, 2, 1], "tail": 4}
{"N": 5, "decoder": 5, "fibre": 5, "kind": "state", "m": 5, "next": [2, 1, 1, 1, 1], "period": 1, "recurrent_predicate": false, "state": [1, 2, 2, 2, 2], "tail": 3}
{"N": 5, "decoder": 1, "fibre": 1, "kind": "state", "m": 5, "next": [2, 0, 0, 0, 4], "period": 1, "recurrent_predicate": false, "state": [1, 2, 2, 2, 3], "tail": 6}
{"N": 5, "decoder": 1, "fibre": 1, "kind": "state", "m": 5, "next": [2, 0, 0, 0, 0], "period": 1, "recurrent_predicate": false, "state": [1, 2, 2, 2, 4], "tail": 5}
{"N": 5, "decoder": 0, "fibre": 0, "kind": "state", "m": 5, "next": [2, 4, 4, 4, 1], "period": 1, "recurrent_predicate": false, "state": [1, 2, 2, 3, 0], "tail": 4}
{"N": 5, "decoder": 1, "fibre": 1, "kind": "state", "m": 5, "next": [3, 4, 4, 4, 3], "period": 1, "recurrent_predicate": false, "state": [1, 2, 2, 3, 1], "tail": 5}
{"N": 5, "decoder": 1, "fibre": 1, "kind": "state", "m": 5, "next": [2, 0, 0, 4, 0], "period": 1, "recurrent_predicate": false, "state": [1, 2, 2, 3, 2], "tail": 6}
{"N": 5, "decoder": 0, "fibre": 0, "kind": "state", "m": 5, "next": [2, 4, 4, 0, 0], "period": 1, "recurrent_predicate": false, "state": [1, 2, 2, 3, 3], "tail": 7}
{"N": 5, "decoder": 0, "fibre": 0, "kind": "state", "m": 5, "next": [2, 4, 4, 4, 0], "period": 1, "recurrent_predicate": false, "state": [1, 2, 2, 3, 4], "tail": 8}
{"N": 5, "decoder": 0, "fibre": 0, "kind": "state", "m": 5, "next": [2, 4, 4, 0, 1], "period": 1, "recurrent_predicate": false, "state": [1, 2, 2, 4, 0], "tail": 6}
{"N": 5, "decoder": 1, "fibre": 1, "kind": "state", "m": 5, "next": [3, 4, 4, 0, 3], "period": 1, "recurrent_predicate": false, "state": [1, 2, 2, 4, 1], "tail": 6}
{"N": 5, "decoder": 1, "fibre": 1, "kind": "state", "m": 5, "next": [2, 0, 0, 0, 0], "period": 1, "recurrent_predicate": false, "state": [1, 2, 2, 4, 2], "tail": 5}
{"N": 5, "decoder": 0, "fibre": 0, "kind": "state", "m": 5, "next": [2, 4, 4, 0, 4], "period": 1, "recurrent_predicate": false, "state": [1, 2, 2, 4, 3], "tail": 8}
{"N": 5, "decoder": 0, "fibre": 0, "kind": "state", "m": 5, "next": [2, 4, 4, 1, 1], "period": 1, "recurrent_predicate": false, "state": [1, 2, 2, 4, 4], "tail": 5}
{"N": 5, "decoder": 1, "fibre": 1, "kind": "state", "m": 5, "next": [2, 3, 4, 2, 2], "period": 1, "recurrent_predicate": false, "state": [1, 2, 3, 0, 0], "tail": 5}
{"N": 5, "decoder": 0, "fibre": 0, "kind": "state", "m": 5, "next": [3, 3, 4, 1, 3], "period": 1, "recurrent_predicate": false, "state": [1, 2, 3, 0, 1], "tail": 8}
{"N": 5, "decoder": 0, "fibre": 0, "kind": "state", "m": 5, "next": [2, 4, 4, 1, 4], "period": 1, "recurrent_predicate": false, "state": [1, 2, 3, 0, 2], "tail": 4}
{"N": 5, "decoder": 0, "fibre": 0, "kind": "state", "m": 5, "next": [2, 3, 0, 1, 0], "period": 1, "recurrent_predicate": false, "state": [1, 2, 3, 0, 3], "tail": 6}
{"N": 5, "decoder": 1, "fibre": 1, "kind": "state", "m": 5, "next": [2, 3, 4, 1, 0], "period": 5, "recurrent_predicate": true, "state": [1, 2, 3, 0, 4], "tail": 0}
{"N": 5, "decoder": 0, "fibre": 0, "kind": "state", "m": 5, "next": [3, 3, 4, 3, 1], "period": 1, "recurrent_predicate": false, "state": [1, 2, 3, 1, 0], "tail": 8}
{"N": 5, "decoder": 4, "fibre": 4, "kind": "state", "m": 5, "next": [4, 3, 4, 4, 4], "period": 1, "recurrent_predicate": false, "state": [1, 2, 3, 1, 1], "tail": 4}
{"N": 5, "decoder": 1, "fibre": 1, "kind": "state", "m": 5, "next": [3, 4, 4, 3, 4], "period": 1, "recurrent_predicate": false, "state": [1, 2, 3, 1, 2], "tail": 5}
{"N": 5, "decoder": 0, "fibre": 0, "kind": "state", "m": 5, "next": [3, 3, 0, 3, 0], "period": 1, "recurrent_predicate": false, "state": [1, 2, 3, 1, 3], "tail": 3}
{"N": 5, "decoder": 1, "fibre": 1, "kind": "state", "m": 5, "next": [3, 3, 4, 3, 0], "period": 1, "recurrent_predicate": false, "state": [1, 2, 3, 1, 4], "tail": 5}
{"N": 5, "decoder": 0, "fibre": 0, "kind": "state", "m": 5, "next": [2, 4, 4, 4, 1], "period": 1, "recurrent_predicate": false, "state": [1, 2, 3, 2, 0], "tail": 4}
{"N": 5, "decoder": 1, "fibre": 1, "kind": "state", "m": 5, "next": [3, 4, 4, 4, 3], "period": 1, "recurrent_predicate": false, "state": [1, 2, 3, 2, 1], "tail": 5}
{"N": 5, "decoder": 1, "fibre": 1, "kind": "state", "m": 5, "next": [2, 0, 4, 0, 0], "period": 1, "recurrent_predicate": false, "state": [1, 2, 3, 2, 2], "tail": 6}
{"N": 5, "decoder": 0, "fibre": 0, "kind": "state", "m": 5, "next": [2, 4, 0, 4, 0], "period": 1, "recurrent_predicate": false, "state": [1, 2, 3, 2, 3], "tail": 7}
{"N": 5, "decoder": 0, "fibre": 0, "kind": "state", "m": 5, "next": [2, 4, 4, 4, 0], "period": 1, "recurrent_predicate": false, "state": [1, 2, 3, 2, 4], "tail": 8}
{"N": 5, "decoder": 0, "fibre": 0, "kind": "state", "m": 5, "next": [2, 3, 0, 0, 1], "period": 1, "recurrent_predicate": false, "state": [1, 2, 3, 3, 0], "tail": 6}
{"N": 5, "decoder": 0, "fibre": 0, "kind": "state", "m": 5, "next": [3, 3, 0, 0, 3], "period": 1, "recurrent_predicate": false, "state": [1, 2, 3, 3, 1], "tail": 3}
{"N": 5, "decoder": 0, "fibre": 0, "kind": "state", "m": 5, "next": [2, 4, 0, 0, 4], "period": 1, "recurrent_predicate": false, "state": [1, 2, 3, 3, 2], "tail": 7}
{"N": 5, "decoder": 0, "fibre": 0, "kind": "state", "m": 5, "next": [2, 3, 1, 1, 1], "period": 1, "recurrent_predicate": false, "state": [1, 2, 3, 3, 3], "tail": 5}
{"N": 5, "decoder": 0, "fibre": 0, "kind": "state", "m": 5, "next": [2, 3, 0, 0, 0], "period": 1, "recurrent_predicate": false, "state": [1, 2, 3, 3, 4], "tail": 4}
{"N": 5, "decoder": 1, "fibre": 1, "kind": "state", "m": 5, "next": [2, 3, 4, 0, 1], "period": 5, "recurrent_predicate": true, "state": [1, 2, 3, 4, 0], "tail": 0}
{"N": 5, "decoder": 1, "fibre": 1, "kind": "state", "m": 5, "next": [3, 3, 4, 0, 3], "period": 1, "recurrent_predicate": false, "state": [1, 2, 3, 4, 1], "tail": 5}
{"N": 5, "decoder": 0, "fibre": 0, "kind": "state", "m": 5, "next": [2, 4, 4, 0, 4], "period": 1, "recurrent_predicate": false, "state": [1, 2, 3, 4, 2], "tail": 8}
{"N": 5, "decoder": 0, "fibre": 0, "kind": "state", "m": 5, "next": [2, 3, 0, 0, 0], "period": 1, "recurrent_predicate": false, "state": [1, 2, 3, 4, 3], "tail": 4}
{"N": 5, "decoder": 0, "fibre": 0, "kind": "state", "m": 5, "next": [2, 3, 4, 1, 1], "period": 1, "recurrent_predicate": false, "state": [1, 2, 3, 4, 4], "tail": 6}
{"N": 5, "decoder": 0, "fibre": 0, "kind": "state", "m": 5, "next": [2, 3, 0, 2, 2], "period": 1, "recurrent_predicate": false, "state": [1, 2, 4, 0, 0], "tail": 8}
{"N": 5, "decoder": 0, "fibre": 0, "kind": "state", "m": 5, "next": [3, 3, 0, 1, 3], "period": 1, "recurrent_predicate": false, "state": [1, 2, 4, 0, 1], "tail": 4}
{"N": 5, "decoder": 0, "fibre": 0, "kind": "state", "m": 5, "next": [2, 4, 0, 1, 4], "period": 1, "recurrent_predicate": false, "state": [1, 2, 4, 0, 2], "tail": 6}
{"N": 5, "decoder": 1, "fibre": 1, "kind": "state", "m": 5, "next": [2, 3, 0, 1, 4], "period": 5, "recurrent_predicate": true, "state": [1, 2, 4, 0, 3], "tail": 0}
{"N": 5, "decoder": 1, "fibre": 1, "kind": "state", "m": 5, "next": [2, 3, 1, 1, 1], "period": 1, "recurrent_predicate": false, "state": [1, 2, 4, 0, 4], "tail": 5}
{"N": 5, "decoder": 0, "fibre": 0, "kind": "state", "m": 5, "next": [3, 3, 0, 3, 1], "period": 1, "recurrent_predicate": false, "state": [1, 2, 4, 1, 0], "tail": 4}
{"N": 5, "decoder": 3, "fibre": 3, "kind": "state", "m": 5, "next": [4, 3, 0, 4, 4], "period": 1, "recurrent_predicate": false, "state": [1, 2, 4, 1, 1], "tail": 7}
{"N": 5, "decoder": 1, "fibre": 1, "kind": "state", "m": 5, "next": [3, 4, 0, 3, 4], "period": 1, "recurrent_predicate": false, "state": [1, 2, 4, 1, 2], "tail": 6}
{"N": 5, "decoder": 1, "fibre": 1, "kind": "state", "m": 5, "next": [3, 3, 0, 3, 4], "period": 1, "recurrent_predicate": false, "state": [1, 2, 4, 1, 3], "tail": 5}
{"N": 5, "decoder": 1, "fibre": 1, "kind": "state", "m": 5, "next": [3, 3, 1, 3, 1], "period": 1, "recurrent_predicate": false, "state": [1, 2, 4, 1, 4], "tail": 4}
{"N": 5, "decoder": 0, "fibre": 0, "kind": "state", "m": 5, "next": [2, 4, 0, 4, 1], "period": 1, "recurrent_predicate": false, "state": [1, 2, 4, 2, 0], "tail": 6}
{"N": 5, "decoder": 1, "fibre": 1, "kind": "state", "m": 5, "next": [3, 4, 0, 4, 3], "period": 1, "recurrent_predicate": false, "state": [1, 2, 4, 2, 1], "tail": 6}
{"N": 5, "decoder": 1, "fibre": 1, "kind": "state", "m": 5, "next": [2, 0, 0, 0, 0], "period": 1, "recurrent_predicate": false, "state": [1, 2, 4, 2, 2], "tail": 5}
{"N": 5, "decoder": 0, "fibre": 0, "kind": "state", "m": 5, "next": [2, 4, 0, 4, 4], "period": 1, "recurrent_predicate": false, "state": [1, 2, 4, 2, 3], "tail": 8}
{"N": 5, "decoder": 0, "fibre": 0, "kind": "state", "m": 5, "next": [2, 4, 1, 4, 1], "period": 1, "recurrent_predicate": false, "state": [1, 2, 4, 2, 4], "tail": 5}
{"N": 5, "decoder": 1, "fibre": 1, "kind": "state", "m": 5, "next": [2, 3, 0, 4, 1], "period": 5, "recurrent_predicate": true, "state": [1, 2, 4, 3, 0], "tail": 0}
{"N": 5, "decoder": 1, "fibre": 1, "kind": "state", "m": 5, "next": [3, 3, 0, 4, 3], "period": 1, "recurrent_predicate": false, "state": [1, 2, 4, 3, 1], "tail": 5}
{"N": 5, "decoder": 0, "fibre": 0, "kind": "state", "m": 5, "next": [2, 4, 0, 4, 4], "period": 1, "recurrent_predicate": false, "state": [1, 2, 4, 3, 2], "tail": 8}
{"N": 5, "decoder": 0, "fibre": 0, "kind": "state", "m": 5, "next": [2, 3, 0, 0, 0], "period": 1, "recurrent_predicate": false, "state": [1, 2, 4, 3, 3], "tail": 4}
{"N": 5, "decoder": 0, "fibre": 0, "kind": "state", "m": 5, "next": [2, 3, 1, 4, 1], "period": 1, "recurrent_predicate": false, "state": [1, 2, 4, 3, 4], "tail": 6}
{"N": 5, "decoder": 1, "fibre": 1, "kind": "state", "m": 5, "next": [2, 3, 1, 1, 1], "period": 1, "recurrent_predicate": false, "state": [1, 2, 4, 4, 0], "tail": 5}
{"N": 5, "decoder": 1, "fibre": 1, "kind": "state", "m": 5, "next": [3, 3, 1, 1, 3], "period": 1, "recurrent_predicate": false, "state": [1, 2, 4, 4, 1], "tail": 4}
{"N": 5, "decoder": 0, "fibre": 0, "kind": "state", "m": 5, "next": [2, 4, 1, 1, 4], "period": 1, "recurrent_predicate": false, "state": [1, 2, 4, 4, 2], "tail": 5}
{"N": 5, "decoder": 0, "fibre": 0, "kind": "state", "m": 5, "next": [2, 3, 1, 1, 4], "period": 1, "recurrent_predicate": false, "state": [1, 2, 4, 4, 3], "tail": 6}
{"N": 5, "decoder": 3, "fibre": 3, "kind": "state", "m": 5, "next": [2, 3, 2, 2, 2], "period": 1, "recurrent_predicate": false, "state": [1, 2, 4, 4, 4], "tail": 3}
{"N": 5, "decoder": 3, "fibre": 3, "kind": "state", "m": 5, "next": [2, 4, 3, 3, 3], "period": 1, "recurrent_predicate": false, "state": [1, 3, 0, 0, 0], "tail": 7}
{"N": 5, "decoder": 1, "fibre": 1, "kind": "state", "m": 5, "next": [3, 4, 2, 2, 3], "period": 1, "recurrent_predicate": false, "state": [1, 3, 0, 0, 1], "tail": 6}
{"N": 5, "decoder": 1, "fibre": 1, "kind": "state", "m": 5, "next": [2, 4, 2, 2, 3], "period": 1, "recurrent_predicate": false, "state": [1, 3, 0, 0, 2], "tail": 5}
{"N": 5, "decoder": 1, "fibre": 1, "kind": "state", "m": 5, "next": [2, 0, 2, 2, 0], "period": 1, "recurrent_predicate": false, "state": [1, 3, 0, 0, 3], "tail": 4}
{"N": 5, "decoder": 0, "fibre": 0, "kind": "state", "m": 5, "next": [2, 4, 2, 2, 0], "period": 1, "recurrent_predicate": false, "state": [1, 3, 0, 0, 4], "tail": 4}
{"N": 5, "decoder": 1, "fibre": 1, "kind": "state", "m": 5, "next": [3, 4, 2, 3, 2], "period": 1, "recurrent_predicate": false, "state": [1, 3, 0, 1, 0], "tail": 6}
{"N": 5, "decoder": 1, "fibre": 1, "kind": "state", "m": 5, "next": [4, 4, 1, 4, 4], "period": 1, "recurrent_predicate": false, "state": [1, 3, 0, 1, 1], "tail": 5}
{"N": 5, "decoder": 0, "fibre": 0, "kind": "state", "m": 5, "next": [3, 4, 1, 3, 3], "period": 1, "recurrent_predicate": false, "state": [1, 3, 0, 1, 2], "tail": 8}
{"N": 5, "decoder": 0, "fibre": 0, "kind": "state", "m": 5, "next": [3, 0, 1, 3, 0], "period": 1, "recurrent_predicate": false, "state": [1, 3, 0, 1, 3], "tail": 5}
{"N": 5, "decoder": 0, "fibre": 0, "kind": "state", "m": 5, "next": [3, 4, 1, 3, 0], "period": 1, "recurrent_predicate": false, "state": [1, 3, 0, 1, 4], "tail": 6}
{"N": 5, "decoder": 1, "fibre": 1, "kind": "state", "m": 5, "next": [2, 4, 2, 3, 2], "period": 1, "recurrent_predicate": false, "state": [1, 3, 0, 2, 0], "tail": 5}
{"N": 5, "decoder": 0, "fibre": 0, "kind": "state", "m": 5, "next": [3, 4, 1, 3, 3], "period": 1, "recurrent_predicate": false, "state": [1, 3, 0, 2, 1], "tail": 8}
{"N": 5, "decoder": 0, "fibre": 0, "kind": "state", "m": 5, "next": [2, 4, 1, 4, 4], "period": 1, "recurrent_predicate": false, "state": [1, 3, 0, 2, 2], "tail": 4}
{"N": 5, "decoder": 0, "fibre": 0, "kind": "state", "m": 5, "next": [2, 0, 1, 3, 0], "period": 1, "recurrent_predicate": false, "state": [1, 3, 0, 2, 3], "tail": 6}
{"N": 5, "decoder": 1, "fibre": 1, "kind": "state", "m": 5, "next": [2, 4, 1, 3, 0], "period": 5, "recurrent_predicate": true, "state": [1, 3, 0, 2, 4], "tail": 0}
{"N": 5, "decoder": 1, "fibre": 1, "kind": "state", "m": 5, "next": [2, 0, 2, 0, 2], "period": 1, "recurrent_predicate": false, "state": [1, 3, 0, 3, 0], "tail": 4}
{"N": 5, "decoder": 0, "fibre": 0, "kind": "state", "m": 5, "next": [3, 0, 1, 0, 3], "period": 1, "recurrent_predicate": false, "state": [1, 3, 0, 3, 1], "tail": 5}
{"N": 5, "decoder": 0, "fibre": 0, "kind": "state", "m": 5, "next": [2, 0, 1, 0, 3], "period": 1, "recurrent_predicate": false, "state": [1, 3, 0, 3, 2], "tail": 6}
{"N": 5, "decoder": 3, "fibre": 3, "kind": "state", "m": 5, "next": [2, 1, 1, 1, 1], "period": 1, "recurrent_predicate": false, "state": [1, 3, 0, 3, 3], "tail": 3}
{"N": 5, "decoder": 1, "fibre": 1, "kind": "state", "m": 5, "next": [2, 0, 1, 0, 0], "period": 1, "recurrent_predicate": false, "state": [1, 3, 0, 3, 4], "tail": 5}
{"N": 5, "decoder": 0, "fibre": 0, "kind": "state", "m": 5, "next": [2, 4, 2, 0, 2], "period": 1, "recurrent_predicate": false, "state": [1, 3, 0, 4, 0], "tail": 4}
{"N": 5, "decoder": 0, "fibre": 0, "kind": "state", "m": 5, "next": [3, 4, 1, 0, 3], "period": 1, "recurrent_predicate": false, "state": [1, 3, 0, 4, 1], "tail": 6}
{"N": 5, "decoder": 1, "fibre": 1, "kind": "state", "m": 5, "next": [2, 4, 1, 0, 3], "period": 5, "recurrent_predicate": true, "state": [1, 3, 0, 4, 2], "tail": 0}
{"N": 5, "decoder": 1, "fibre": 1, "kind": "state", "m": 5, "next": [2, 0, 1, 0, 0], "period": 1, "recurrent_predicate": false, "state": [1, 3, 0, 4, 3], "tail": 5}
{"N": 5, "decoder": 0, "fibre": 0, "kind": "state", "m": 5, "next": [2, 4, 1, 1, 1], "period": 1, "recurrent_predicate": false, "state": [1, 3, 0, 4, 4], "tail": 8}
{"N": 5, "decoder": 1, "fibre": 1, "kind": "state", "m": 5, "next": [3, 4, 3, 2, 2], "period": 1, "recurrent_predicate": false, "state": [1, 3, 1, 0, 0], "tail": 6}
{"N": 5, "decoder": 1, "fibre": 1, "kind": "state", "m": 5, "next": [4, 4, 4, 1, 4], "period": 1, "recurrent_predicate": false, "state": [1, 3, 1, 0, 1], "tail": 5}
{"N": 5, "decoder": 0, "fibre": 0, "kind": "state", "m": 5, "next": [3, 4, 3, 1, 3], "period": 1, "recurrent_predicate": false, "state": [1, 3, 1, 0, 2], "tail": 8}
{"N": 5, "decoder": 0, "fibre": 0, "kind": "state", "m": 5, "next": [3, 0, 3, 1, 0], "period": 1, "recurrent_predicate": false, "state": [1, 3, 1, 0, 3], "tail": 5}
{"N": 5, "decoder": 0, "fibre": 0, "kind": "state", "m": 5, "next": [3, 4, 3, 1, 0], "period": 1, "recurrent_predicate": false, "state": [1, 3, 1, 0, 4], "tail": 6}
{"N": 5, "decoder": 1, "fibre": 1, "kind": "state", "m": 5, "next": [4, 4, 4, 4, 1], "period": 1, "recurrent_predicate": false, "state": [1, 3, 1, 1, 0], "tail": 5}
{"N": 5, "decoder": 4, "fibre": 4, "kind": "state", "m": 5, "next": [0, 4, 0, 0, 0], "period": 1, "recurrent_predicate": false, "state": [1, 3, 1, 1, 1], "tail": 4}
{"N": 5, "decoder": 4, "fibre": 4, "kind": "state", "m": 5, "next": [4, 4, 4, 4, 3], "period": 1, "recurrent_predicate": false, "state": [1, 3, 1, 1, 2], "tail": 4}
{"N": 5, "decoder": 4, "fibre": 4, "kind": "state", "m": 5, "next": [4, 0, 4, 4, 0], "period": 1, "recurrent_predicate": false, "state": [1, 3, 1, 1, 3], "tail": 2}
{"N": 5, "decoder": 3, "fibre": 3, "kind": "state", "m": 5, "next": [4, 4, 4, 4, 0], "period": 1, "recurrent_predicate": false, "state": [1, 3, 1, 1, 4], "tail": 3}
{"N": 5, "decoder": 0, "fibre": 0, "kind": "state", "m": 5, "next": [3, 4, 3, 3, 1], "period": 1, "recurrent_predicate": false, "state": [1, 3, 1, 2, 0], "tail": 8}
{"N": 5, "decoder": 4, "fibre": 4, "kind": "state", "m": 5, "next": [4, 4, 4, 3, 4], "period": 1, "recurrent_predicate": false, "state": [1, 3, 1, 2, 1], "tail": 4}
{"N": 5, "decoder": 1, "fibre": 1, "kind": "state", "m": 5, "next": [3, 4, 3, 4, 4], "period": 1, "recurrent_predicate": false, "state": [1, 3, 1, 2, 2], "tail": 5}
{"N": 5, "decoder": 0, "fibre": 0, "kind": "state", "m": 5, "next": [3, 0, 3, 3, 0], "period": 1, "recurrent_predicate": false, "state": [1, 3, 1, 2, 3], "tail": 3}
{"N": 5, "decoder": 1, "fibre": 1, "kind": "state", "m": 5, "next": [3, 4, 3, 3, 0], "period": 1, "recurrent_predicate": false, "state": [1, 3, 1, 2, 4], "tail": 5}
{"N": 5, "decoder": 0, "fibre": 0, "kind": "state", "m": 5, "next": [3, 0, 3, 0, 1], "period": 1, "recurrent_predicate": false, "state": [1, 3, 1, 3, 0], "tail": 5}
{"N": 5, "decoder": 4, "fibre": 4, "kind": "state", "m": 5, "next": [4, 0, 4, 0, 4], "period": 1, "recurrent_predicate": false, "state": [1, 3, 1, 3, 1], "tail": 2}
{"N": 5, "decoder": 0, "fibre": 0, "kind": "state", "m": 5, "next": [3, 0, 3, 0, 3], "period": 1, "recurrent_predicate": false, "state": [1, 3, 1, 3, 2], "tail": 3}
{"N": 5, "decoder": 4, "fibre": 4, "kind": "state", "m": 5, "next": [3, 1, 3, 1, 1], "period": 1, "recurrent_predicate": false, "state": [1, 3, 1, 3, 3], "tail": 3}
{"N": 5, "decoder": 1, "fibre": 1, "kind": "state", "m": 5, "next": [3, 0, 3, 0, 0], "period": 1, "recurrent_predicate": false, "state": [1, 3, 1, 3, 4], "tail": 4}
{"N": 5, "decoder": 0, "fibre": 0, "kind": "state", "m": 5, "next": [3, 4, 3, 0, 1], "period": 1, "recurrent_predicate": false, "state": [1, 3, 1, 4, 0], "tail": 6}
{"N": 5, "decoder": 3, "fibre": 3, "kind": "state", "m": 5, "next": [4, 4, 4, 0, 4], "period": 1, "recurrent_predicate": false, "state": [1, 3, 1, 4, 1], "tail": 3}
{"N": 5, "decoder": 1, "fibre": 1, "kind": "state", "m": 5, "next": [3, 4, 3, 0, 3], "period": 1, "recurrent_predicate": false, "state": [1, 3, 1, 4, 2], "tail": 5}
{"N": 5, "decoder": 1, "fibre": 1, "kind": "state", "m": 5, "next": [3, 0, 3, 0, 0], "period": 1, "recurrent_predicate": false, "state": [1, 3, 1, 4, 3], "tail": 4}
{"N": 5, "decoder": 0, "fibre": 0, "kind": "state", "m": 5, "next": [3, 4, 3, 1, 1], "period": 1, "recurrent_predicate": false, "state": [1, 3, 1, 4, 4], "tail": 5}
{"N": 5, "decoder": 1, "fibre": 1, "kind": "state", "m": 5, "next": [2, 4, 3, 2, 2], "period": 1, "recurrent_predicate": false, "state": [1, 3, 2, 0, 0], "tail": 5}
{"N": 5, "decoder": 0, "fibre": 0, "kind": "state", "m": 5, "next": [3, 4, 3, 1, 3], "period": 1, "recurrent_predicate": false, "state": [1, 3, 2, 0, 1], "tail": 8}
{"N": 5, "decoder": 0, "fibre": 0, "kind": "state", "m": 5, "next": [2, 4, 4, 1, 4], "period": 1, "recurrent_predicate": false, "state": [1, 3, 2, 0, 2], "tail": 4}
{"N": 5, "decoder": 0, "fibre": 0, "kind": "state", "m": 5, "next": [2, 0, 3, 1, 0], "period": 1, "recurrent_predicate": false, "state": [1, 3, 2, 0, 3], "tail": 6}
{"N": 5, "decoder": 1, "fibre": 1, "kind": "state", "m": 5, "next": [2, 4, 3, 1, 0], "period": 5, "recurrent_predicate": true, "state": [1, 3, 2, 0, 4], "tail": 0}
{"N": 5, "decoder": 0, "fibre": 0, "kind": "state", "m": 5, "next": [3, 4, 3, 3, 1], "period": 1, "recurrent_predicate": false, "state": [1, 3, 2, 1, 0], "tail": 8}
{"N": 5, "decoder": 4, "fibre": 4, "kind": "state", "m": 5, "next": [4, 4, 3, 4, 4], "period": 1, "recurrent_predicate": false, "state": [1, 3, 2, 1, 1], "tail": 4}
{"N": 5, "decoder": 1, "fibre": 1, "kind": "state", "m": 5, "next": [3, 4, 4, 3, 4], "period": 1, "recurrent_predicate": false, "state": [1, 3, 2, 1, 2], "tail": 5}
{"N": 5, "decoder": 0, "fibre": 0, "kind": "state", "m": 5, "next": [3, 0, 3, 3, 0], "period": 1, "recurrent_predicate": false, "state": [1, 3, 2, 1, 3], "tail": 3}
{"N": 5, "decoder": 1, "fibre": 1, "kind": "state", "m": 5, "next": [3, 4, 3, 3, 0], "period": 1, "recurrent_predicate": false, "state": [1, 3, 2, 1, 4], "tail": 5}
{"N": 5, "decoder": 0, "fibre": 0, "kind": "state", "m": 5, "next": [2, 4, 4, 4, 1], "period": 1, "recurrent_predicate": false, "state": [1, 3, 2, 2, 0], "tail": 4}
{"N": 5, "decoder": 1, "fibre": 1, "kind": "state", "m": 5, "next": [3, 4, 4, 4, 3], "period": 1, "recurrent_predicate": false, "state": [1, 3, 2, 2, 1], "tail": 5}
{"N": 5, "decoder": 1, "fibre": 1, "kind": "state", "m": 5, "next": [2, 4, 0, 0, 0], "period": 1, "recurrent_predicate": false, "state": [1, 3, 2, 2, 2], "tail": 6}
{"N": 5, "decoder": 0, "fibre": 0, "kind": "state", "m": 5, "next": [2, 0, 4, 4, 0], "period": 1, "recurrent_predicate": false, "state": [1, 3, 2, 2, 3], "tail": 7}
{"N": 5, "decoder": 0, "fibre": 0, "kind": "state", "m": 5, "next": [2, 4, 4, 4, 0], "period": 1, "recurrent_predicate": false, "state": [1, 3, 2, 2, 4], "tail": 8}
{"N": 5, "decoder": 0, "fibre": 0, "kind": "state", "m": 5, "next": [2, 0, 3, 0, 1], "period": 1, "recurrent_predicate": false, "state": [1, 3, 2, 3, 0], "tail": 6}
{"N": 5, "decoder": 0, "fibre": 0, "kind": "state", "m": 5, "next": [3, 0, 3, 0, 3], "period": 1, "recurrent_predicate": false, "state": [1, 3, 2, 3, 1], "tail": 3}
{"N": 5, "decoder": 0, "fibre": 0, "kind": "state", "m": 5, "next": [2, 0, 4, 0, 4], "period": 1, "recurrent_predicate": false, "state": [1, 3, 2, 3, 2], "tail": 7}
{"N": 5, "decoder": 0, "fibre": 0, "kind": "state", "m": 5, "next": [2, 1, 3, 1, 1], "period": 1, "recurrent_predicate": false, "state": [1, 3, 2, 3, 3], "tail": 5}
{"N": 5, "decoder": 0, "fibre": 0, "kind": "state", "m": 5, "next": [2, 0, 3, 0, 0], "period": 1, "recurrent_predicate": false, "state": [1, 3, 2, 3, 4], "tail": 4}
{"N": 5, "decoder": 1, "fibre": 1, "kind": "state", "m": 5, "next": [2, 4, 3, 0, 1], "period": 5, "recurrent_predicate": true, "state": [1, 3, 2, 4, 0], "tail": 0}
{"N": 5, "decoder": 1, "fibre": 1, "kind": "state", "m": 5, "next": [3, 4, 3, 0, 3], "period": 1, "recurrent_predicate": false, "state": [1, 3, 2, 4, 1], "tail": 5}
{"N": 5, "decoder": 0, "fibre": 0, "kind": "state", "m": 5, "next": [2, 4, 4, 0, 4], "period": 1, "recurrent_predicate": false, "state": [1, 3, 2, 4, 2], "tail": 8}
{"N": 5, "decoder": 0, "fibre": 0, "kind": "state", "m": 5, "next": [2, 0, 3, 0, 0], "period": 1, "recurrent_predicate": false, "state": [1, 3, 2, 4, 3], "tail": 4}
{"N": 5, "decoder": 0, "fibre": 0, "kind": "state", "m": 5, "next": [2, 4, 3, 1, 1], "period": 1, "recurrent_predicate": false, "state": [1, 3, 2, 4, 4], "tail": 6}
{"N": 5, "decoder": 1, "fibre": 1, "kind": "state", "m": 5, "next": [2, 0, 0, 2, 2], "period": 1, "recurrent_predicate": false, "state": [1, 3, 3, 0, 0], "tail": 4}
{"N": 5, "decoder": 0, "fibre": 0, "kind": "state", "m": 5, "next": [3, 0, 0, 1, 3], "period": 1, "recurrent_predicate": false, "state": [1, 3, 3, 0, 1], "tail": 5}
{"N": 5, "decoder": 0, "fibre": 0, "kind": "state", "m": 5, "next": [2, 0, 0, 1, 3], "period": 1, "recurrent_predicate": false, "state": [1, 3, 3, 0, 2], "tail": 6}
{"N": 5, "decoder": 3, "fibre": 3, "kind": "state", "m": 5, "next": [2, 1, 1, 1, 1], "period": 1, "recurrent_predicate": false, "state": [1, 3, 3, 0, 3], "tail": 3}
{"N": 5, "decoder": 1, "fibre": 1, "kind": "state", "m": 5, "next": [2, 0, 0, 1, 0], "period": 1, "recurrent_predicate": false, "state": [1, 3, 3, 0, 4], "tail": 5}
{"N": 5, "decoder": 0, "fibre": 0, "kind": "state", "m": 5, "next": [3, 0, 0, 3, 1], "period": 1, "recurrent_predicate": false, "state": [1, 3, 3, 1, 0], "tail": 5}
{"N": 5, "decoder": 4, "fibre": 4, "kind": "state", "m": 5, "next": [4, 0, 0, 4, 4], "period": 1, "recurrent_predicate": false, "state": [1, 3, 3, 1, 1], "tail": 2}
{"N": 5, "decoder": 0, "fibre": 0, "kind": "state", "m": 5, "next": [3, 0, 0, 3, 3], "period": 1, "recurrent_predicate": false, "state": [1, 3, 3, 1, 2], "tail": 3}
{"N": 5, "decoder": 4, "fibre": 4, "kind": "state", "m": 5, "next": [3, 1, 1, 3, 1], "period": 1, "recurrent_predicate": false, "state": [1, 3, 3, 1, 3], "tail": 3}
{"N": 5, "decoder": 1, "fibre": 1, "kind": "state", "m": 5, "next": [3, 0, 0, 3, 0], "period": 1, "recurrent_predicate": false, "state": [1, 3, 3, 1, 4], "tail": 4}
{"N": 5, "decoder": 0, "fibre": 0, "kind": "state", "m": 5, "next": [2, 0, 0, 3, 1], "period": 1, "recurrent_predicate": false, "state": [1, 3, 3, 2, 0], "tail": 6}
{"N": 5, "decoder": 0, "fibre": 0, "kind": "state", "m": 5, "next": [3, 0, 0, 3, 3], "period": 1, "recurrent_predicate": false, "state": [1, 3, 3, 2, 1], "tail": 3}
{"N": 5, "decoder": 0, "fibre": 0, "kind": "state", "m": 5, "next": [2, 0, 0, 4, 4], "period": 1, "recurrent_predicate": false, "state": [1, 3, 3, 2, 2], "tail": 7}
{"N": 5, "decoder": 0, "fibre": 0, "kind": "state", "m": 5, "next": [2, 1, 1, 3, 1], "period": 1, "recurrent_predicate": false, "state": [1, 3, 3, 2, 3], "tail": 5}
{"N": 5, "decoder": 0, "fibre": 0, "kind": "state", "m": 5, "next": [2, 0, 0, 3, 0], "period": 1, "recurrent_predicate": false, "state": [1, 3, 3, 2, 4], "tail": 4}
{"N": 5, "decoder": 3, "fibre": 3, "kind": "state", "m": 5, "next": [2, 1, 1, 1, 1], "period": 1, "recurrent_predicate": false, "state": [1, 3, 3, 3, 0], "tail": 3}
{"N": 5, "decoder": 4, "fibre": 4, "kind": "state", "m": 5, "next": [3, 1, 1, 1, 3], "period": 1, "recurrent_predicate": false, "state": [1, 3, 3, 3, 1], "tail": 3}
{"N": 5, "decoder": 0, "fibre": 0, "kind": "state", "m": 5, "next": [2, 1, 1, 1, 3], "period": 1, "recurrent_predicate": false, "state": [1, 3, 3, 3, 2], "tail": 5}
{"N": 5, "decoder": 1, "fibre": 1, "kind": "state", "m": 5, "next": [2, 2, 2, 2, 2], "period": 1, "recurrent_predicate": false, "state": [1, 3, 3, 3, 3], "tail": 1}
{"N": 5, "decoder": 3, "fibre": 3, "kind": "state", "m": 5, "next": [2, 1, 1, 1, 0], "period": 1, "recurrent_predicate": false, "state": [1, 3, 3, 3, 4], "tail": 7}
{"N": 5, "decoder": 1, "fibre": 1, "kind": "state", "m": 5, "next": [2, 0, 0, 0, 1], "period": 1, "recurrent_predicate": false, "state": [1, 3, 3, 4, 0], "tail": 5}
{"N": 5, "decoder": 1, "fibre": 1, "kind": "state", "m": 5, "next": [3, 0, 0, 0, 3], "period": 1, "recurrent_predicate": false, "state": [1, 3, 3, 4, 1], "tail": 4}
{"N": 5, "decoder": 0, "fibre": 0, "kind": "state", "m": 5, "next": [2, 0, 0, 0, 3], "period": 1, "recurrent_predicate": false, "state": [1, 3, 3, 4, 2], "tail": 4}
{"N": 5, "decoder": 3, "fibre": 3, "kind": "state", "m": 5, "next": [2, 1, 1, 0, 1], "period": 1, "recurrent_predicate": false, "state": [1, 3, 3, 4, 3], "tail": 7}
{"N": 5, "decoder": 1, "fibre": 1, "kind": "state", "m": 5, "next": [2, 0, 0, 1, 1], "period": 1, "recurrent_predicate": false, "state": [1, 3, 3, 4, 4], "tail": 6}
{"N": 5, "decoder": 0, "fibre": 0, "kind": "state", "m": 5, "next": [2, 4, 0, 2, 2], "period": 1, "recurrent_predicate": false, "state": [1, 3, 4, 0, 0], "tail": 4}
{"N": 5, "decoder": 0, "fibre": 0, "kind": "state", "m": 5, "next": [3, 4, 0, 1, 3], "period": 1, "recurrent_predicate": false, "state": [1, 3, 4, 0, 1], "tail": 6}
{"N": 5, "decoder": 1, "fibre": 1, "kind": "state", "m": 5, "next": [2, 4, 0, 1, 3], "period": 5, "recurrent_predicate": true, "state": [1, 3, 4, 0, 2], "tail": 0}
{"N": 5, "decoder": 1, "fibre": 1, "kind": "state", "m": 5, "next": [2, 0, 0, 1, 0], "period": 1, "recurrent_predicate": false, "state": [1, 3, 4, 0, 3], "tail": 5}
{"N": 5, "decoder": 0, "fibre": 0, "kind": "state", "m": 5, "next": [2, 4, 1, 1, 1], "period": 1, "recurrent_predicate": false, "state": [1, 3, 4, 0, 4], "tail": 8}
{"N": 5, "decoder": 0, "fibre": 0, "kind": "state", "m": 5, "next": [3, 4, 0, 3, 1], "period": 1, "recurrent_predicate": false, "state": [1, 3, 4, 1, 0], "tail": 6}
{"N": 5, "decoder": 3, "fibre": 3, "kind": "state", "m": 5, "next": [4, 4, 0, 4, 4], "period": 1, "recurrent_predicate": false, "state": [1, 3, 4, 1, 1], "tail": 3}
{"N": 5, "decoder": 1, "fibre": 1, "kind": "state", "m": 5, "next": [3, 4, 0, 3, 3], "period": 1, "recurrent_predicate": false, "state": [1, 3, 4, 1, 2], "tail": 5}
{"N": 5, "decoder": 1, "fibre": 1, "kind": "state", "m": 5, "next": [3, 0, 0, 3, 0], "period": 1, "recurrent_predicate": false, "state": [1, 3, 4, 1, 3], "tail": 4}
{"N": 5, "decoder": 0, "fibre": 0, "kind": "state", "m": 5, "next": [3, 4, 1, 3, 1], "period": 1, "recurrent_predicate": false, "state": [1, 3, 4, 1, 4], "tail": 5}
{"N": 5, "decoder": 1, "fibre": 1, "kind": "state", "m": 5, "next": [2, 4, 0, 3, 1], "period": 5, "recurrent_predicate": true, "state": [1, 3, 4, 2, 0], "tail": 0}
{"N": 5, "decoder": 1, "fibre": 1, "kind": "state", "m": 5, "next": [3, 4, 0, 3, 3], "period": 1, "recurrent_predicate": false, "state": [1, 3, 4, 2, 1], "tail": 5}
{"N": 5, "decoder": 0, "fibre": 0, "kind": "state", "m": 5, "next": [2, 4, 0, 4, 4], "period": 1, "recurrent_predicate": false, "state": [1, 3, 4, 2, 2], "tail": 8}
{"N": 5, "decoder": 0, "fibre": 0, "kind": "state", "m": 5, "next": [2, 0, 0, 3, 0], "period": 1, "recurrent_predicate": false, "state": [1, 3, 4, 2, 3], "tail": 4}
{"N": 5, "decoder": 0, "fibre": 0, "kind": "state", "m": 5, "next": [2, 4, 1, 3, 1], "period": 1, "recurrent_predicate": false, "state": [1, 3, 4, 2, 4], "tail": 6}
{"N": 5, "decoder": 1, "fibre": 1, "kind": "state", "m": 5, "next": [2, 0, 0, 0, 1], "period": 1, "recurrent_predicate": false, "state": [1, 3, 4, 3, 0], "tail": 5}
{"N": 5, "decoder": 1, "fibre": 1, "kind": "state", "m": 5, "next": [3, 0, 0, 0, 3], "period": 1, "recurrent_predicate": false, "state": [1, 3, 4, 3, 1], "tail": 4}
{"N": 5, "decoder": 0, "fibre": 0, "kind": "state", "m": 5, "next": [2, 0, 0, 0, 3], "period": 1, "recurrent_predicate": false, "state": [1, 3, 4, 3, 2], "tail": 4}
{"N": 5, "decoder": 3, "fibre": 3, "kind": "state", "m": 5, "next": [2, 1, 0, 1, 1], "period": 1, "recurrent_predicate": false, "state": [1, 3, 4, 3, 3], "tail": 7}
{"N": 5, "decoder": 1, "fibre": 1, "kind": "state", "m": 5, "next": [2, 0, 1, 0, 1], "period": 1, "recurrent_predicate": false, "state": [1, 3, 4, 3, 4], "tail": 6}
{"N": 5, "decoder": 0, "fibre": 0, "kind": "state", "m": 5, "next": [2, 4, 1, 1, 1], "period": 1, "recurrent_predicate": false, "state": [1, 3, 4, 4, 0], "tail": 8}
{"N": 5, "decoder": 0, "fibre": 0, "kind": "state", "m": 5, "next": [3, 4, 1, 1, 3], "period": 1, "recurrent_predicate": false, "state": [1, 3, 4, 4, 1], "tail": 5}
{"N": 5, "decoder": 0, "fibre": 0, "kind": "state", "m": 5, "next": [2, 4, 1, 1, 3], "period": 1, "recurrent_predicate": false, "state": [1, 3, 4, 4, 2], "tail": 6}
{"N": 5, "decoder": 1, "fibre": 1, "kind": "state", "m": 5, "next": [2, 0, 1, 1, 0], "period": 1, "recurrent_predicate": false, "state": [1, 3, 4, 4, 3], "tail": 6}
{"N": 5, "decoder": 1, "fibre": 1, "kind": "state", "m": 5, "next": [2, 4, 2, 2, 2], "period": 1, "recurrent_predicate": false, "state": [1, 3, 4, 4, 4], "tail": 5}
{"N": 5, "decoder": 1, "fibre": 1, "kind": "state", "m": 5, "next": [2, 0, 3, 3, 3], "period": 1, "recurrent_predicate": false, "state": [1, 4, 0, 0, 0], "tail": 6}
{"N": 5, "decoder": 0, "fibre": 0, "kind": "state", "m": 5, "next": [3, 0, 2, 2, 3], "period": 1, "recurrent_predicate": false, "state": [1, 4, 0, 0, 1], "tail": 7}
{"N": 5, "decoder": 0, "fibre": 0, "kind": "state", "m": 5, "next": [2, 0, 2, 2, 3], "period": 1, "recurrent_predicate": false, "state": [1, 4, 0, 0, 2], "tail": 8}
{"N": 5, "decoder": 0, "fibre": 0, "kind": "state", "m": 5, "next": [2, 0, 2, 2, 4], "period": 1, "recurrent_predicate": false, "state": [1, 4, 0, 0, 3], "tail": 4}
{"N": 5, "decoder": 1, "fibre": 1, "kind": "state", "m": 5, "next": [2, 1, 2, 2, 1], "period": 1, "recurrent_predicate": false, "state": [1, 4, 0, 0, 4], "tail": 5}
{"N": 5, "decoder": 0, "fibre": 0, "kind": "state", "m": 5, "next": [3, 0, 2, 3, 2], "period": 1, "recurrent_predicate": false, "state": [1, 4, 0, 1, 0], "tail": 7}
{"N": 5, "decoder": 0, "fibre": 0, "kind": "state", "m": 5, "next": [4, 0, 1, 4, 4], "period": 1, "recurrent_predicate": false, "state": [1, 4, 0, 1, 1], "tail": 5}
{"N": 5, "decoder": 0, "fibre": 0, "kind": "state", "m": 5, "next": [3, 0, 1, 3, 3], "period": 1, "recurrent_predicate": false, "state": [1, 4, 0, 1, 2], "tail": 4}
{"N": 5, "decoder": 0, "fibre": 0, "kind": "state", "m": 5, "next": [3, 0, 1, 3, 4], "period": 1, "recurrent_predicate": false, "state": [1, 4, 0, 1, 3], "tail": 6}
{"N": 5, "decoder": 0, "fibre": 0, "kind": "state", "m": 5, "next": [3, 1, 1, 3, 1], "period": 1, "recurrent_predicate": false, "state": [1, 4, 0, 1, 4], "tail": 3}
{"N": 5, "decoder": 0, "fibre": 0, "kind": "state", "m": 5, "next": [2, 0, 2, 3, 2], "period": 1, "recurrent_predicate": false, "state": [1, 4, 0, 2, 0], "tail": 8}
{"N": 5, "decoder": 0, "fibre": 0, "kind": "state", "m": 5, "next": [3, 0, 1, 3, 3], "period": 1, "recurrent_predicate": false, "state": [1, 4, 0, 2, 1], "tail": 4}
{"N": 5, "decoder": 0, "fibre": 0, "kind": "state", "m": 5, "next": [2, 0, 1, 4, 4], "period": 1, "recurrent_predicate": false, "state": [1, 4, 0, 2, 2], "tail": 6}
{"N": 5, "decoder": 1, "fibre": 1, "kind": "state", "m": 5, "next": [2, 0, 1, 3, 4], "period": 5, "recurrent_predicate": true, "state": [1, 4, 0, 2, 3], "tail": 0}
{"N": 5, "decoder": 1, "fibre": 1, "kind": "state", "m": 5, "next": [2, 1, 1, 3, 1], "period": 1, "recurrent_predicate": false, "state": [1, 4, 0, 2, 4], "tail": 5}
{"N": 5, "decoder": 0, "fibre": 0, "kind": "state", "m": 5, "next": [2, 0, 2, 4, 2], "period": 1, "recurrent_predicate": false, "state": [1, 4, 0, 3, 0], "tail": 4}
{"N": 5, "decoder": 0, "fibre": 0, "kind": "state", "m": 5, "next": [3, 0, 1, 4, 3], "period": 1, "recurrent_predicate": false, "state": [1, 4, 0, 3, 1], "tail": 6}
{"N": 5, "decoder": 1, "fibre": 1, "kind": "state", "m": 5, "next": [2, 0, 1, 4, 3], "period": 5, "recurrent_predicate": true, "state": [1, 4, 0, 3, 2], "tail": 0}
{"N": 5, "decoder": 1, "fibre": 1, "kind": "state", "m": 5, "next": [2, 0, 1, 0, 0], "period": 1, "recurrent_predicate": false, "state": [1, 4, 0, 3, 3], "tail": 5}
{"N": 5, "decoder": 0, "fibre": 0, "kind": "state", "m": 5, "next": [2, 1, 1, 4, 1], "period": 1, "recurrent_predicate": false, "state": [1, 4, 0, 3, 4], "tail": 8}
{"N": 5, "decoder": 1, "fibre": 1, "kind": "state", "m": 5, "next": [2, 1, 2, 1, 2], "period": 1, "recurrent_predicate": false, "state": [1, 4, 0, 4, 0], "tail": 5}
{"N": 5, "decoder": 0, "fibre": 0, "kind": "state", "m": 5, "next": [3, 1, 1, 1, 3], "period": 1, "recurrent_predicate": false, "state": [1, 4, 0, 4, 1], "tail": 3}
{"N": 5, "decoder": 1, "fibre": 1, "kind": "state", "m": 5, "next": [2, 1, 1, 1, 3], "period": 1, "recurrent_predicate": false, "state": [1, 4, 0, 4, 2], "tail": 5}
{"N": 5, "decoder": 0, "fibre": 0, "kind": "state", "m": 5, "next": [2, 1, 1, 1, 4], "period": 1, "recurrent_predicate": false, "state": [1, 4, 0, 4, 3], "tail": 8}
{"N": 5, "decoder": 4, "fibre": 4, "kind": "state", "m": 5, "next": [2, 2, 1, 2, 2], "period": 1, "recurrent_predicate": false, "state": [1, 4, 0, 4, 4], "tail": 4}
{"N": 5, "decoder": 0, "fibre": 0, "kind": "state", "m": 5, "next": [3, 0, 3, 2, 2], "period": 1, "recurrent_predicate": false, "state": [1, 4, 1, 0, 0], "tail": 7}
{"N": 5, "decoder": 0, "fibre": 0, "kind": "state", "m": 5, "next": [4, 0, 4, 1, 4], "period": 1, "recurrent_predicate": false, "state": [1, 4, 1, 0, 1], "tail": 5}
{"N": 5, "decoder": 0, "fibre": 0, "kind": "state", "m": 5, "next": [3, 0, 3, 1, 3], "period": 1, "recurrent_predicate": false, "state": [1, 4, 1, 0, 2], "tail": 4}
{"N": 5, "decoder": 0, "fibre": 0, "kind": "state", "m": 5, "next": [3, 0, 3, 1, 4], "period": 1, "recurrent_predicate": false, "state": [1, 4, 1, 0, 3], "tail": 6}
{"N": 5, "decoder": 0, "fibre": 0, "kind": "state", "m": 5, "next": [3, 1, 3, 1, 1], "period": 1, "recurrent_predicate": false, "state": [1, 4, 1, 0, 4], "tail": 3}
{"N": 5, "decoder": 0, "fibre": 0, "kind": "state", "m": 5, "next": [4, 0, 4, 4, 1], "period": 1, "recurrent_predicate": false, "state": [1, 4, 1, 1, 0], "tail": 5}
{"N": 5, "decoder": 1, "fibre": 1, "kind": "state", "m": 5, "next": [0, 0, 0, 0, 0], "period": 1, "recurrent_predicate": false, "state": [1, 4, 1, 1, 1], "tail": 1}
{"N": 5, "decoder": 3, "fibre": 3, "kind": "state", "m": 5, "next": [4, 0, 4, 4, 3], "period": 1, "recurrent_predicate": false, "state": [1, 4, 1, 1, 2], "tail": 7}
{"N": 5, "decoder": 3, "fibre": 3, "kind": "state", "m": 5, "next": [4, 0, 4, 4, 4], "period": 1, "recurrent_predicate": false, "state": [1, 4, 1, 1, 3], "tail": 3}
{"N": 5, "decoder": 4, "fibre": 4, "kind": "state", "m": 5, "next": [4, 1, 4, 4, 1], "period": 1, "recurrent_predicate": false, "state": [1, 4, 1, 1, 4], "tail": 3}
{"N": 5, "decoder": 0, "fibre": 0, "kind": "state", "m": 5, "next": [3, 0, 3, 3, 1], "period": 1, "recurrent_predicate": false, "state": [1, 4, 1, 2, 0], "tail": 4}
{"N": 5, "decoder": 3, "fibre": 3, "kind": "state", "m": 5, "next": [4, 0, 4, 3, 4], "period": 1, "recurrent_predicate": false, "state": [1, 4, 1, 2, 1], "tail": 7}
{"N": 5, "decoder": 1, "fibre": 1, "kind": "state", "m": 5, "next": [3, 0, 3, 4, 4], "period": 1, "recurrent_predicate": false, "state": [1, 4, 1, 2, 2], "tail": 6}
{"N": 5, "decoder": 1, "fibre": 1, "kind": "state", "m": 5, "next": [3, 0, 3, 3, 4], "period": 1, "recurrent_predicate": false, "state": [1, 4, 1, 2, 3], "tail": 5}
{"N": 5, "decoder": 1, "fibre": 1, "kind": "state", "m": 5, "next": [3, 1, 3, 3, 1], "period": 1, "recurrent_predicate": false, "state": [1, 4, 1, 2, 4], "tail": 4}
{"N": 5, "decoder": 0, "fibre": 0, "kind": "state", "m": 5, "next": [3, 0, 3, 4, 1], "period": 1, "recurrent_predicate": false, "state": [1, 4, 1, 3, 0], "tail": 6}
{"N": 5, "decoder": 3, "fibre": 3, "kind": "state", "m": 5, "next": [4, 0, 4, 4, 4], "period": 1, "recurrent_predicate": false, "state": [1, 4, 1, 3, 1], "tail": 3}
{"N": 5, "decoder": 1, "fibre": 1, "kind": "state", "m": 5, "next": [3, 0, 3, 4, 3], "period": 1, "recurrent_predicate": false, "state": [1, 4, 1, 3, 2], "tail": 5}
{"N": 5, "decoder": 1, "fibre": 1, "kind": "state", "m": 5, "next": [3, 0, 3, 0, 0], "period": 1, "recurrent_predicate": false, "state": [1, 4, 1, 3, 3], "tail": 4}
{"N": 5, "decoder": 0, "fibre": 0, "kind": "state", "m": 5, "next": [3, 1, 3, 4, 1], "period": 1, "recurrent_predicate": false, "state": [1, 4, 1, 3, 4], "tail": 5}
{"N": 5, "decoder": 0, "fibre": 0, "kind": "state", "m": 5, "next": [3, 1, 3, 1, 1], "period": 1, "recurrent_predicate": false, "state": [1, 4, 1, 4, 0], "tail": 3}
{"N": 5, "decoder": 4, "fibre": 4, "kind": "state", "m": 5, "next": [4, 1, 4, 1, 4], "period": 1, "recurrent_predicate": false, "state": [1, 4, 1, 4, 1], "tail": 3}
{"N": 5, "decoder": 1, "fibre": 1, "kind": "state", "m": 5, "next": [3, 1, 3, 1, 3], "period": 1, "recurrent_predicate": false, "state": [1, 4, 1, 4, 2], "tail": 4}
{"N": 5, "decoder": 0, "fibre": 0, "kind": "state", "m": 5, "next": [3, 1, 3, 1, 4], "period": 1, "recurrent_predicate": false, "state": [1, 4, 1, 4, 3], "tail": 5}
{"N": 5, "decoder": 4, "fibre": 4, "kind": "state", "m": 5, "next": [3, 2, 3, 2, 2], "period": 1, "recurrent_predicate": false, "state": [1, 4, 1, 4, 4], "tail": 2}
{"N": 5, "decoder": 0, "fibre": 0, "kind": "state", "m": 5, "next": [2, 0, 3, 2, 2], "period": 1, "recurrent_predicate": false, "state": [1, 4, 2, 0, 0], "tail": 8}
{"N": 5, "decoder": 0, "fibre": 0, "kind": "state", "m": 5, "next": [3, 0, 3, 1, 3], "period": 1, "recurrent_predicate": false, "state": [1, 4, 2, 0, 1], "tail": 4}
{"N": 5, "decoder": 0, "fibre": 0, "kind": "state", "m": 5, "next": [2, 0, 4, 1, 4], "period": 1, "recurrent_predicate": false, "state": [1, 4, 2, 0, 2], "tail": 6}
{"N": 5, "decoder": 1, "fibre": 1, "kind": "state", "m": 5, "next": [2, 0, 3, 1, 4], "period": 5, "recurrent_predicate": true, "state": [1, 4, 2, 0, 3], "tail": 0}
{"N": 5, "decoder": 1, "fibre": 1, "kind": "state", "m": 5, "next": [2, 1, 3, 1, 1], "period": 1, "recurrent_predicate": false, "state": [1, 4, 2, 0, 4], "tail": 5}
{"N": 5, "decoder": 0, "fibre": 0, "kind": "state", "m": 5, "next": [3, 0, 3, 3, 1], "period": 1, "recurrent_predicate": false, "state": [1, 4, 2, 1, 0], "tail": 4}
{"N": 5, "decoder": 3, "fibre": 3, "kind": "state", "m": 5, "next": [4, 0, 3, 4, 4], "period": 1, "recurrent_predicate": false, "state": [1, 4, 2, 1, 1], "tail": 7}
{"N": 5, "decoder": 1, "fibre": 1, "kind": "state", "m": 5, "next": [3, 0, 4, 3, 4], "period": 1, "recurrent_predicate": false, "state": [1, 4, 2, 1, 2], "tail": 6}
{"N": 5, "decoder": 1, "fibre": 1, "kind": "state", "m": 5, "next": [3, 0, 3, 3, 4], "period": 1, "recurrent_predicate": false, "state": [1, 4, 2, 1, 3], "tail": 5}
{"N": 5, "decoder": 1, "fibre": 1, "kind": "state", "m": 5, "next": [3, 1, 3, 3, 1], "period": 1, "recurrent_predicate": false, "state": [1, 4, 2, 1, 4], "tail": 4}
{"N": 5, "decoder": 0, "fibre": 0, "kind": "state", "m": 5, "next": [2, 0, 4, 4, 1], "period": 1, "recurrent_predicate": false, "state": [1, 4, 2, 2, 0], "tail": 6}
{"N": 5, "decoder": 1, "fibre": 1, "kind": "state", "m": 5, "next": [3, 0, 4, 4, 3], "period": 1, "recurrent_predicate": false, "state": [1, 4, 2, 2, 1], "tail": 6}
{"N": 5, "decoder": 1, "fibre": 1, "kind": "state", "m": 5, "next": [2, 0, 0, 0, 0], "period": 1, "recurrent_predicate": false, "state": [1, 4, 2, 2, 2], "tail": 5}
{"N": 5, "decoder": 0, "fibre": 0, "kind": "state", "m": 5, "next": [2, 0, 4, 4, 4], "period": 1, "recurrent_predicate": false, "state": [1, 4, 2, 2, 3], "tail": 8}
{"N": 5, "decoder": 0, "fibre": 0, "kind": "state", "m": 5, "next": [2, 1, 4, 4, 1], "period": 1, "recurrent_predicate": false, "state": [1, 4, 2, 2, 4], "tail": 5}
{"N": 5, "decoder": 1, "fibre": 1, "kind": "state", "m": 5, "next": [2, 0, 3, 4, 1], "period": 5, "recurrent_predicate": true, "state": [1, 4, 2, 3, 0], "tail": 0}
{"N": 5, "decoder": 1, "fibre": 1, "kind": "state", "m": 5, "next": [3, 0, 3, 4, 3], "period": 1, "recurrent_predicate": false, "state": [1, 4, 2, 3, 1], "tail": 5}
{"N": 5, "decoder": 0, "fibre": 0, "kind": "state", "m": 5, "next": [2, 0, 4, 4, 4], "period": 1, "recurrent_predicate": false, "state": [1, 4, 2, 3, 2], "tail": 8}
{"N": 5, "decoder": 0, "fibre": 0, "kind": "state", "m": 5, "next": [2, 0, 3, 0, 0], "period": 1, "recurrent_predicate": false, "state": [1, 4, 2, 3, 3], "tail": 4}
{"N": 5, "decoder": 0, "fibre": 0, "kind": "state", "m": 5, "next": [2, 1, 3, 4, 1], "period": 1, "recurrent_predicate": false, "state": [1, 4, 2, 3, 4], "tail": 6}
{"N": 5, "decoder": 1, "fibre": 1, "kind": "state", "m": 5, "next": [2, 1, 3, 1, 1], "period": 1, "recurrent_predicate": false, "state": [1, 4, 2, 4, 0], "tail": 5}
{"N": 5, "decoder": 1, "fibre": 1, "kind": "state", "m": 5, "next": [3, 1, 3, 1, 3], "period": 1, "recurrent_predicate": false, "state": [1, 4, 2, 4, 1], "tail": 4}
{"N": 5, "decoder": 0, "fibre": 0, "kind": "state", "m": 5, "next": [2, 1, 4, 1, 4], "period": 1, "recurrent_predicate": false, "state": [1, 4, 2, 4, 2], "tail": 5}
{"N": 5, "decoder": 0, "fibre": 0, "kind": "state", "m": 5, "next": [2, 1, 3, 1, 4], "period": 1, "recurrent_predicate": false, "state": [1, 4, 2, 4, 3], "tail": 6}
{"N": 5, "decoder": 3, "fibre": 3, "kind": "state", "m": 5, "next": [2, 2, 3, 2, 2], "period": 1, "recurrent_predicate": false, "state": [1, 4, 2, 4, 4], "tail": 3}
{"N": 5, "decoder": 0, "fibre": 0, "kind": "state", "m": 5, "next": [2, 0, 4, 2, 2], "period": 1, "recurrent_predicate": false, "state": [1, 4, 3, 0, 0], "tail": 4}
{"N": 5, "decoder": 0, "fibre": 0, "kind": "state", "m": 5, "next": [3, 0, 4, 1, 3], "period": 1, "recurrent_predicate": false, "state": [1, 4, 3, 0, 1], "tail": 6}
{"N": 5, "decoder": 1, "fibre": 1, "kind": "state", "m": 5, "next": [2, 0, 4, 1, 3], "period": 5, "recurrent_predicate": true, "state": [1, 4, 3, 0, 2], "tail": 0}
{"N": 5, "decoder": 1, "fibre": 1, "kind": "state", "m": 5, "next": [2, 0, 0, 1, 0], "period": 1, "recurrent_predicate": false, "state": [1, 4, 3, 0, 3], "tail": 5}
{"N": 5, "decoder": 0, "fibre": 0, "kind": "state", "m": 5, "next": [2, 1, 4, 1, 1], "period": 1, "recurrent_predicate": false, "state": [1, 4, 3, 0, 4], "tail": 8}
{"N": 5, "decoder": 0, "fibre": 0, "kind": "state", "m": 5, "next": [3, 0, 4, 3, 1], "period": 1, "recurrent_predicate": false, "state": [1, 4, 3, 1, 0], "tail": 6}
{"N": 5, "decoder": 3, "fibre": 3, "kind": "state", "m": 5, "next": [4, 0, 4, 4, 4], "period": 1, "recurrent_predicate": false, "state": [1, 4, 3, 1, 1], "tail": 3}
{"N": 5, "decoder": 1, "fibre": 1, "kind": "state", "m": 5, "next": [3, 0, 4, 3, 3], "period": 1, "recurrent_predicate": false, "state": [1, 4, 3, 1, 2], "tail": 5}
{"N": 5, "decoder": 1, "fibre": 1, "kind": "state", "m": 5, "next": [3, 0, 0, 3, 0], "period": 1, "recurrent_predicate": false, "state": [1, 4, 3, 1, 3], "tail": 4}
{"N": 5, "decoder": 0, "fibre": 0, "kind": "state", "m": 5, "next": [3, 1, 4, 3, 1], "period": 1, "recurrent_predicate": false, "state": [1, 4, 3, 1, 4], "tail": 5}
{"N": 5, "decoder": 1, "fibre": 1, "kind": "state", "m": 5, "next": [2, 0, 4, 3, 1], "period": 5, "recurrent_predicate": true, "state": [1, 4, 3, 2, 0], "tail": 0}
{"N": 5, "decoder": 1, "fibre": 1, "kind": "state", "m": 5, "next": [3, 0, 4, 3, 3], "period": 1, "recurrent_predicate": false, "state": [1, 4, 3, 2, 1], "tail": 5}
{"N": 5, "decoder": 0, "fibre": 0, "kind": "state", "m": 5, "next": [2, 0, 4, 4, 4], "period": 1, "recurrent_predicate": false, "state": [1, 4, 3, 2, 2], "tail": 8}
{"N": 5, "decoder": 0, "fibre": 0, "kind": "state", "m": 5, "next": [2, 0, 0, 3, 0], "period": 1, "recurrent_predicate": false, "state": [1, 4, 3, 2, 3], "tail": 4}
{"N": 5, "decoder": 0, "fibre": 0, "kind": "state", "m": 5, "next": [2, 1, 4, 3, 1], "period": 1, "recurrent_predicate": false, "state": [1, 4, 3, 2, 4], "tail": 6}
{"N": 5, "decoder": 1, "fibre": 1, "kind": "state", "m": 5, "next": [2, 0, 0, 0, 1], "period": 1, "recurrent_predicate": false, "state": [1, 4, 3, 3, 0], "tail": 5}
{"N": 5, "decoder": 1, "fibre": 1, "kind": "state", "m": 5, "next": [3, 0, 0, 0, 3], "period": 1, "recurrent_predicate": false, "state": [1, 4, 3, 3, 1], "tail": 4}
{"N": 5, "decoder": 0, "fibre": 0, "kind": "state", "m": 5, "next": [2, 0, 0, 0, 3], "period": 1, "recurrent_predicate": false, "state": [1, 4, 3, 3, 2], "tail": 4}
{"N": 5, "decoder": 3, "fibre": 3, "kind": "state", "m": 5, "next": [2, 0, 1, 1, 1], "period": 1, "recurrent_predicate": false, "state": [1, 4, 3, 3, 3], "tail": 7}
{"N": 5, "decoder": 1, "fibre": 1, "kind": "state", "m": 5, "next": [2, 1, 0, 0, 1], "period": 1, "recurrent_predicate": false, "state": [1, 4, 3, 3, 4], "tail": 6}
{"N": 5, "decoder": 0, "fibre": 0, "kind": "state", "m": 5, "next": [2, 1, 4, 1, 1], "period": 1, "recurrent_predicate": false, "state": [1, 4, 3, 4, 0], "tail": 8}
{"N": 5, "decoder": 0, "fibre": 0, "kind": "state", "m": 5, "next": [3, 1, 4, 1, 3], "period": 1, "recurrent_predicate": false, "state": [1, 4, 3, 4, 1], "tail": 5}
{"N": 5, "decoder": 0, "fibre": 0, "kind": "state", "m": 5, "next": [2, 1, 4, 1, 3], "period": 1, "recurrent_predicate": false, "state": [1, 4, 3, 4, 2], "tail": 6}
{"N": 5, "decoder": 1, "fibre": 1, "kind": "state", "m": 5, "next": [2, 1, 0, 1, 0], "period": 1, "recurrent_predicate": false, "state": [1, 4, 3, 4, 3], "tail": 6}
{"N": 5, "decoder": 1, "fibre": 1, "kind": "state", "m": 5, "next": [2, 2, 4, 2, 2], "period": 1, "recurrent_predicate": false, "state": [1, 4, 3, 4, 4], "tail": 5}
{"N": 5, "decoder": 1, "fibre": 1, "kind": "state", "m": 5, "next": [2, 1, 1, 2, 2], "period": 1, "recurrent_predicate": false, "state": [1, 4, 4, 0, 0], "tail": 5}
{"N": 5, "decoder": 0, "fibre": 0, "kind": "state", "m": 5, "next": [3, 1, 1, 1, 3], "period": 1, "recurrent_predicate": false, "state": [1, 4, 4, 0, 1], "tail": 3}
{"N": 5, "decoder": 1, "fibre": 1, "kind": "state", "m": 5, "next": [2, 1, 1, 1, 3], "period": 1, "recurrent_predicate": false, "state": [1, 4, 4, 0, 2], "tail": 5}
{"N": 5, "decoder": 0, "fibre": 0, "kind": "state", "m": 5, "next": [2, 1, 1, 1, 4], "period": 1, "recurrent_predicate": false, "state": [1, 4, 4, 0, 3], "tail": 8}
{"N": 5, "decoder": 4, "fibre": 4, "kind": "state", "m": 5, "next": [2, 2, 2, 1, 2], "period": 1, "recurrent_predicate": false, "state": [1, 4, 4, 0, 4], "tail": 4}
{"N": 5, "decoder": 0, "fibre": 0, "kind": "state", "m": 5, "next": [3, 1, 1, 3, 1], "period": 1, "recurrent_predicate": false, "state": [1, 4, 4, 1, 0], "tail": 3}
{"N": 5, "decoder": 4, "fibre": 4, "kind": "state", "m": 5, "next": [4, 1, 1, 4, 4], "period": 1, "recurrent_predicate": false, "state": [1, 4, 4, 1, 1], "tail": 3}
{"N": 5, "decoder": 1, "fibre": 1, "kind": "state", "m": 5, "next": [3, 1, 1, 3, 3], "period": 1, "recurrent_predicate": false, "state": [1, 4, 4, 1, 2], "tail": 4}
{"N": 5, "decoder": 0, "fibre": 0, "kind": "state", "m": 5, "next": [3, 1, 1, 3, 4], "period": 1, "recurrent_predicate": false, "state": [1, 4, 4, 1, 3], "tail": 5}
{"N": 5, "decoder": 4, "fibre": 4, "kind": "state", "m": 5, "next": [3, 2, 2, 3, 2], "period": 1, "recurrent_predicate": false, "state": [1, 4, 4, 1, 4], "tail": 2}
{"N": 5, "decoder": 1, "fibre": 1, "kind": "state", "m": 5, "next": [2, 1, 1, 3, 1], "period": 1, "recurrent_predicate": false, "state": [1, 4, 4, 2, 0], "tail": 5}
{"N": 5, "decoder": 1, "fibre": 1, "kind": "state", "m": 5, "next": [3, 1, 1, 3, 3], "period": 1, "recurrent_predicate": false, "state": [1, 4, 4, 2, 1], "tail": 4}
{"N": 5, "decoder": 0, "fibre": 0, "kind": "state", "m": 5, "next": [2, 1, 1, 4, 4], "period": 1, "recurrent_predicate": false, "state": [1, 4, 4, 2, 2], "tail": 5}
{"N": 5, "decoder": 0, "fibre": 0, "kind": "state", "m": 5, "next": [2, 1, 1, 3, 4], "period": 1, "recurrent_predicate": false, "state": [1, 4, 4, 2, 3], "tail": 6}
{"N": 5, "decoder": 3, "fibre": 3, "kind": "state", "m": 5, "next": [2, 2, 2, 3, 2], "period": 1, "recurrent_predicate": false, "state": [1, 4, 4, 2, 4], "tail": 3}
{"N": 5, "decoder": 0, "fibre": 0, "kind": "state", "m": 5, "next": [2, 1, 1, 4, 1], "period": 1, "recurrent_predicate": false, "state": [1, 4, 4, 3, 0], "tail": 8}
{"N": 5, "decoder": 0, "fibre": 0, "kind": "state", "m": 5, "next": [3, 1, 1, 4, 3], "period": 1, "recurrent_predicate": false, "state": [1, 4, 4, 3, 1], "tail": 5}
{"N": 5, "decoder": 0, "fibre": 0, "kind": "state", "m": 5, "next": [2, 1, 1, 4, 3], "period": 1, "recurrent_predicate": false, "state": [1, 4, 4, 3, 2], "tail": 6}
{"N": 5, "decoder": 1, "fibre": 1, "kind": "state", "m": 5, "next": [2, 1, 1, 0, 0], "period": 1, "recurrent_predicate": false, "state": [1, 4, 4, 3, 3], "tail": 6}
{"N": 5, "decoder": 1, "fibre": 1, "kind": "state", "m": 5, "next": [2, 2, 2, 4, 2], "period": 1, "recurrent_predicate": false, "state": [1, 4, 4, 3, 4], "tail": 5}
{"N": 5, "decoder": 4, "fibre": 4, "kind": "state", "m": 5, "next": [2, 2, 2, 2, 1], "period": 1, "recurrent_predicate": false, "state": [1, 4, 4, 4, 0], "tail": 4}
{"N": 5, "decoder": 4, "fibre": 4, "kind": "state", "m": 5, "next": [3, 2, 2, 2, 3], "period": 1, "recurrent_predicate": false, "state": [1, 4, 4, 4, 1], "tail": 2}
{"N": 5, "decoder": 3, "fibre": 3, "kind": "state", "m": 5, "next": [2, 2, 2, 2, 3], "period": 1, "recurrent_predicate": false, "state": [1, 4, 4, 4, 2], "tail": 3}
{"N": 5, "decoder": 1, "fibre": 1, "kind": "state", "m": 5, "next": [2, 2, 2, 2, 4], "period": 1, "recurrent_predicate": false, "state": [1, 4, 4, 4, 3], "tail": 5}
{"N": 5, "decoder": 4, "fibre": 4, "kind": "state", "m": 5, "next": [2, 3, 3, 3, 3], "period": 1, "recurrent_predicate": false, "state": [1, 4, 4, 4, 4], "tail": 4}
{"N": 5, "decoder": 4, "fibre": 4, "kind": "state", "m": 5, "next": [3, 4, 4, 4, 4], "period": 1, "recurrent_predicate": false, "state": [2, 0, 0, 0, 0], "tail": 4}
{"N": 5, "decoder": 4, "fibre": 4, "kind": "state", "m": 5, "next": [3, 3, 3, 3, 2], "period": 1, "recurrent_predicate": false, "state": [2, 0, 0, 0, 1], "tail": 4}
{"N": 5, "decoder": 4, "fibre": 4, "kind": "state", "m": 5, "next": [4, 3, 3, 3, 4], "period": 1, "recurrent_predicate": false, "state": [2, 0, 0, 0, 2], "tail": 2}
{"N": 5, "decoder": 3, "fibre": 3, "kind": "state", "m": 5, "next": [3, 3, 3, 3, 4], "period": 1, "recurrent_predicate": false, "state": [2, 0, 0, 0, 3], "tail": 3}
{"N": 5, "decoder": 1, "fibre": 1, "kind": "state", "m": 5, "next": [3, 3, 3, 3, 0], "period": 1, "recurrent_predicate": false, "state": [2, 0, 0, 0, 4], "tail": 5}
{"N": 5, "decoder": 4, "fibre": 4, "kind": "state", "m": 5, "next": [3, 3, 3, 2, 3], "period": 1, "recurrent_predicate": false, "state": [2, 0, 0, 1, 0], "tail": 4}
{"N": 5, "decoder": 1, "fibre": 1, "kind": "state", "m": 5, "next": [3, 2, 2, 3, 3], "period": 1, "recurrent_predicate": false, "state": [2, 0, 0, 1, 1], "tail": 5}
{"N": 5, "decoder": 0, "fibre": 0, "kind": "state", "m": 5, "next": [4, 2, 2, 2, 4], "period": 1, "recurrent_predicate": false, "state": [2, 0, 0, 1, 2], "tail": 3}
{"N": 5, "decoder": 1, "fibre": 1, "kind": "state", "m": 5, "next": [3, 2, 2, 2, 4], "period": 1, "recurrent_predicate": false, "state": [2, 0, 0, 1, 3], "tail": 5}
{"N": 5, "decoder": 0, "fibre": 0, "kind": "state", "m": 5, "next": [3, 2, 2, 2, 0], "period": 1, "recurrent_predicate": false, "state": [2, 0, 0, 1, 4], "tail": 8}
{"N": 5, "decoder": 4, "fibre": 4, "kind": "state", "m": 5, "next": [4, 3, 3, 4, 3], "period": 1, "recurrent_predicate": false, "state": [2, 0, 0, 2, 0], "tail": 2}
{"N": 5, "decoder": 0, "fibre": 0, "kind": "state", "m": 5, "next": [4, 2, 2, 4, 2], "period": 1, "recurrent_predicate": false, "state": [2, 0, 0, 2, 1], "tail": 3}
{"N": 5, "decoder": 4, "fibre": 4, "kind": "state", "m": 5, "next": [0, 2, 2, 0, 0], "period": 1, "recurrent_predicate": false, "state": [2, 0, 0, 2, 2], "tail": 3}
{"N": 5, "decoder": 1, "fibre": 1, "kind": "state", "m": 5, "next": [4, 2, 2, 4, 4], "period": 1, "recurrent_predicate": false, "state": [2, 0, 0, 2, 3], "tail": 4}
{"N": 5, "decoder": 0, "fibre": 0, "kind": "state", "m": 5, "next": [4, 2, 2, 4, 0], "period": 1, "recurrent_predicate": false, "state": [2, 0, 0, 2, 4], "tail": 5}
{"N": 5, "decoder": 3, "fibre": 3, "kind": "state", "m": 5, "next": [3, 3, 3, 4, 3], "period": 1, "recurrent_predicate": false, "state": [2, 0, 0, 3, 0], "tail": 3}
{"N": 5, "decoder": 1, "fibre": 1, "kind": "state", "m": 5, "next": [3, 2, 2, 4, 2], "period": 1, "recurrent_predicate": false, "state": [2, 0, 0, 3, 1], "tail": 5}
{"N": 5, "decoder": 1, "fibre": 1, "kind": "state", "m": 5, "next": [4, 2, 2, 4, 4], "period": 1, "recurrent_predicate": false, "state": [2, 0, 0, 3, 2], "tail": 4}
{"N": 5, "decoder": 0, "fibre": 0, "kind": "state", "m": 5, "next": [3, 2, 2, 0, 0], "period": 1, "recurrent_predicate": false, "state": [2, 0, 0, 3, 3], "tail": 5}
{"N": 5, "decoder": 0, "fibre": 0, "kind": "state", "m": 5, "next": [3, 2, 2, 4, 0], "period": 1, "recurrent_predicate": false, "state": [2, 0, 0, 3, 4], "tail": 6}
{"N": 5, "decoder": 1, "fibre": 1, "kind": "state", "m": 5, "next": [3, 3, 3, 0, 3], "period": 1, "recurrent_predicate": false, "state": [2, 0, 0, 4, 0], "tail": 5}
{"N": 5, "decoder": 0, "fibre": 0, "kind": "state", "m": 5, "next": [3, 2, 2, 0, 2], "period": 1, "recurrent_predicate": false, "state": [2, 0, 0, 4, 1], "tail": 8}
{"N": 5, "decoder": 0, "fibre": 0, "kind": "state", "m": 5, "next": [4, 2, 2, 0, 4], "period": 1, "recurrent_predicate": false, "state": [2, 0, 0, 4, 2], "tail": 5}
{"N": 5, "decoder": 0, "fibre": 0, "kind": "state", "m": 5, "next": [3, 2, 2, 0, 4], "period": 1, "recurrent_predicate": false, "state": [2, 0, 0, 4, 3], "tail": 6}
{"N": 5, "decoder": 1, "fibre": 1, "kind": "state", "m": 5, "next": [3, 2, 2, 1, 1], "period": 1, "recurrent_predicate": false, "state": [2, 0, 0, 4, 4], "tail": 6}
{"N": 5, "decoder": 4, "fibre": 4, "kind": "state", "m": 5, "next": [3, 3, 2, 3, 3], "period": 1, "recurrent_predicate": false, "state": [2, 0, 1, 0, 0], "tail": 4}
{"N": 5, "decoder": 1, "fibre": 1, "kind": "state", "m": 5, "next": [3, 2, 3, 2, 3], "period": 1, "recurrent_predicate": false, "state": [2, 0, 1, 0, 1], "tail": 5}
{"N": 5, "decoder": 0, "fibre": 0, "kind": "state", "m": 5, "next": [4, 2, 2, 2, 4], "period": 1, "recurrent_predicate": false, "state": [2, 0, 1, 0, 2], "tail": 3}
{"N": 5, "decoder": 1, "fibre": 1, "kind": "state", "m": 5, "next": [3, 2, 2, 2, 4], "period": 1, "recurrent_predicate": false, "state": [2, 0, 1, 0, 3], "tail": 5}
{"N": 5, "decoder": 0, "fibre": 0, "kind": "state", "m": 5, "next": [3, 2, 2, 2, 0], "period": 1, "recurrent_predicate": false, "state": [2, 0, 1, 0, 4], "tail": 8}
{"N": 5, "decoder": 1, "fibre": 1, "kind": "state", "m": 5, "next": [3, 2, 3, 3, 2], "period": 1, "recurrent_predicate": false, "state": [2, 0, 1, 1, 0], "tail": 5}
{"N": 5, "decoder": 1, "fibre": 1, "kind": "state", "m": 5, "next": [3, 1, 4, 4, 4], "period": 1, "recurrent_predicate": false, "state": [2, 0, 1, 1, 1], "tail": 6}
{"N": 5, "decoder": 0, "fibre": 0, "kind": "state", "m": 5, "next": [4, 1, 3, 3, 4], "period": 1, "recurrent_predicate": false, "state": [2, 0, 1, 1, 2], "tail": 7}
{"N": 5, "decoder": 0, "fibre": 0, "kind": "state", "m": 5, "next": [3, 1, 3, 3, 4], "period": 1, "recurrent_predicate": false, "state": [2, 0, 1, 1, 3], "tail": 8}
{"N": 5, "decoder": 0, "fibre": 0, "kind": "state", "m": 5, "next": [3, 1, 3, 3, 0], "period": 1, "recurrent_predicate": false, "state": [2, 0, 1, 1, 4], "tail": 4}
{"N": 5, "decoder": 0, "fibre": 0, "kind": "state", "m": 5, "next": [4, 2, 2, 4, 2], "period": 1, "recurrent_predicate": false, "state": [2, 0, 1, 2, 0], "tail": 3}
{"N": 5, "decoder": 0, "fibre": 0, "kind": "state", "m": 5, "next": [4, 1, 3, 4, 3], "period": 1, "recurrent_predicate": false, "state": [2, 0, 1, 2, 1], "tail": 7}
{"N": 5, "decoder": 0, "fibre": 0, "kind": "state", "m": 5, "next": [0, 1, 2, 0, 0], "period": 1, "recurrent_predicate": false, "state": [2, 0, 1, 2, 2], "tail": 5}
{"N": 5, "decoder": 0, "fibre": 0, "kind": "state", "m": 5, "next": [4, 1, 2, 4, 4], "period": 1, "recurrent_predicate": false, "state": [2, 0, 1, 2, 3], "tail": 4}
{"N": 5, "decoder": 0, "fibre": 0, "kind": "state", "m": 5, "next": [4, 1, 2, 4, 0], "period": 1, "recurrent_predicate": false, "state": [2, 0, 1, 2, 4], "tail": 6}
{"N": 5, "decoder": 1, "fibre": 1, "kind": "state", "m": 5, "next": [3, 2, 2, 4, 2], "period": 1, "recurrent_predicate": false, "state": [2, 0, 1, 3, 0], "tail": 5}
{"N": 5, "decoder": 0, "fibre": 0, "kind": "state", "m": 5, "next": [3, 1, 3, 4, 3], "period": 1, "recurrent_predicate": false, "state": [2, 0, 1, 3, 1], "tail": 8}
{"N": 5, "decoder": 0, "fibre": 0, "kind": "state", "m": 5, "next": [4, 1, 2, 4, 4], "period": 1, "recurrent_predicate": false, "state": [2, 0, 1, 3, 2], "tail": 4}
{"N": 5, "decoder": 0, "fibre": 0, "kind": "state", "m": 5, "next": [3, 1, 2, 0, 0], "period": 1, "recurrent_predicate": false, "state": [2, 0, 1, 3, 3], "tail": 6}
{"N": 5, "decoder": 1, "fibre": 1, "kind": "state", "m": 5, "next": [3, 1, 2, 4, 0], "period": 5, "recurrent_predicate": true, "state": [2, 0, 1, 3, 4], "tail": 0}
{"N": 5, "decoder": 0, "fibre": 0, "kind": "state", "m": 5, "next": [3, 2, 2, 0, 2], "period": 1, "recurrent_predicate": false, "state": [2, 0, 1, 4, 0], "tail": 8}
{"N": 5, "decoder": 0, "fibre": 0, "kind": "state", "m": 5, "next": [3, 1, 3, 0, 3], "period": 1, "recurrent_predicate": false, "state": [2, 0, 1, 4, 1], "tail": 4}
{"N": 5, "decoder": 0, "fibre": 0, "kind": "state", "m": 5, "next": [4, 1, 2, 0, 4], "period": 1, "recurrent_predicate": false, "state": [2, 0, 1, 4, 2], "tail": 6}
{"N": 5, "decoder": 1, "fibre": 1, "kind": "state", "m": 5, "next": [3, 1, 2, 0, 4], "period": 5, "recurrent_predicate": true, "state": [2, 0, 1, 4, 3], "tail": 0}
{"N": 5, "decoder": 1, "fibre": 1, "kind": "state", "m": 5, "next": [3, 1, 2, 1, 1], "period": 1, "recurrent_predicate": false, "state": [2, 0, 1, 4, 4], "tail": 5}
{"N": 5, "decoder": 4, "fibre": 4, "kind": "state", "m": 5, "next": [4, 3, 4, 3, 3], "period": 1, "recurrent_predicate": false, "state": [2, 0, 2, 0, 0], "tail": 2}
{"N": 5, "decoder": 0, "fibre": 0, "kind": "state", "m": 5, "next": [4, 2, 4, 2, 2], "period": 1, "recurrent_predicate": false, "state": [2, 0, 2, 0, 1], "tail": 3}
{"N": 5, "decoder": 4, "fibre": 4, "kind": "state", "m": 5, "next": [0, 2, 0, 2, 0], "period": 1, "recurrent_predicate": false, "state": [2, 0, 2, 0, 2], "tail": 3}
{"N": 5, "decoder": 1, "fibre": 1, "kind": "state", "m": 5, "next": [4, 2, 4, 2, 4], "period": 1, "recurrent_predicate": false, "state": [2, 0, 2, 0, 3], "tail": 4}
{"N": 5, "decoder": 0, "fibre": 0, "kind": "state", "m": 5, "next": [4, 2, 4, 2, 0], "period": 1, "recurrent_predicate": false, "state": [2, 0, 2, 0, 4], "tail": 5}
{"N": 5, "decoder": 0, "fibre": 0, "kind": "state", "m": 5, "next": [4, 2, 4, 2, 2], "period": 1, "recurrent_predicate": false, "state": [2, 0, 2, 1, 0], "tail": 3}
{"N": 5, "decoder": 0, "fibre": 0, "kind": "state", "m": 5, "next": [4, 1, 4, 3, 3], "period": 1, "recurrent_predicate": false, "state": [2, 0, 2, 1, 1], "tail": 7}
{"N": 5, "decoder": 0, "fibre": 0, "kind": "state", "m": 5, "next": [0, 1, 0, 2, 0], "period": 1, "recurrent_predicate": false, "state": [2, 0, 2, 1, 2], "tail": 5}
{"N": 5, "decoder": 0, "fibre": 0, "kind": "state", "m": 5, "next": [4, 1, 4, 2, 4], "period": 1, "recurrent_predicate": false, "state": [2, 0, 2, 1, 3], "tail": 4}
{"N": 5, "decoder": 0, "fibre": 0, "kind": "state", "m": 5, "next": [4, 1, 4, 2, 0], "period": 1, "recurrent_predicate": false, "state": [2, 0, 2, 1, 4], "tail": 6}
{"N": 5, "decoder": 4, "fibre": 4, "kind": "state", "m": 5, "next": [0, 2, 0, 0, 2], "period": 1, "recurrent_predicate": false, "state": [2, 0, 2, 2, 0], "tail": 3}
{"N": 5, "decoder": 0, "fibre": 0, "kind": "state", "m": 5, "next": [0, 1, 0, 0, 2], "period": 1, "recurrent_predicate": false, "state": [2, 0, 2, 2, 1], "tail": 5}
{"N": 5, "decoder": 1, "fibre": 1, "kind": "state", "m": 5, "next": [1, 1, 1, 1, 1], "period": 1, "recurrent_predicate": false, "state": [2, 0, 2, 2, 2], "tail": 1}
{"N": 5, "decoder": 3, "fibre": 3, "kind": "state", "m": 5, "next": [0, 1, 0, 0, 4], "period": 1, "recurrent_predicate": false, "state": [2, 0, 2, 2, 3], "tail": 7}
{"N": 5, "decoder": 3, "fibre": 3, "kind": "state", "m": 5, "next": [0, 1, 0, 0, 0], "period": 1, "recurrent_predicate": false, "state": [2, 0, 2, 2, 4], "tail": 3}
{"N": 5, "decoder": 1, "fibre": 1, "kind": "state", "m": 5, "next": [4, 2, 4, 4, 2], "period": 1, "recurrent_predicate": false, "state": [2, 0, 2, 3, 0], "tail": 4}
{"N": 5, "decoder": 0, "fibre": 0, "kind": "state", "m": 5, "next": [4, 1, 4, 4, 2], "period": 1, "recurrent_predicate": false, "state": [2, 0, 2, 3, 1], "tail": 4}
{"N": 5, "decoder": 3, "fibre": 3, "kind": "state", "m": 5, "next": [0, 1, 0, 4, 0], "period": 1, "recurrent_predicate": false, "state": [2, 0, 2, 3, 2], "tail": 7}
{"N": 5, "decoder": 1, "fibre": 1, "kind": "state", "m": 5, "next": [4, 1, 4, 0, 0], "period": 1, "recurrent_predicate": false, "state": [2, 0, 2, 3, 3], "tail": 6}
{"N": 5, "decoder": 1, "fibre": 1, "kind": "state", "m": 5, "next": [4, 1, 4, 4, 0], "period": 1, "recurrent_predicate": false, "state": [2, 0, 2, 3, 4], "tail": 5}
{"N": 5, "decoder": 0, "fibre": 0, "kind": "state", "m": 5, "next": [4, 2, 4, 0, 2], "period": 1, "recurrent_predicate": false, "state": [2, 0, 2, 4, 0], "tail": 5}
{"N": 5, "decoder": 0, "fibre": 0, "kind": "state", "m": 5, "next": [4, 1, 4, 0, 2], "period": 1, "recurrent_predicate": false, "state": [2, 0, 2, 4, 1], "tail": 6}
{"N": 5, "decoder": 3, "fibre": 3, "kind": "state", "m": 5, "next": [0, 1, 0, 0, 0], "period": 1, "recurrent_predicate": false, "state": [2, 0, 2, 4, 2], "tail": 3}
{"N": 5, "decoder": 1, "fibre": 1, "kind": "state", "m": 5, "next": [4, 1, 4, 0, 4], "period": 1, "recurrent_predicate": false, "state": [2, 0, 2, 4, 3], "tail": 5}
{"N": 5, "decoder": 1, "fibre": 1, "kind": "state", "m": 5, "next": [4, 1, 4, 1, 1], "period": 1, "recurrent_predicate": false, "state": [2, 0, 2, 4, 4], "tail": 4}
{"N": 5, "decoder": 3, "fibre": 3, "kind": "state", "m": 5, "next": [3, 3, 4, 3, 3], "period": 1, "recurrent_predicate": false, "state": [2, 0, 3, 0, 0], "tail": 3}
{"N": 5, "decoder": 1, "fibre": 1, "kind": "state", "m": 5, "next": [3, 2, 4, 2, 2], "period": 1, "recurrent_predicate": false, "state": [2, 0, 3, 0, 1], "tail": 5}
{"N": 5, "decoder": 1, "fibre": 1, "kind": "state", "m": 5, "next": [4, 2, 4, 2, 4], "period": 1, "recurrent_predicate": false, "state": [2, 0, 3, 0, 2], "tail": 4}
{"N": 5, "decoder": 0, "fibre": 0, "kind": "state", "m": 5, "next": [3, 2, 0, 2, 0], "period": 1, "recurrent_predicate": false, "state": [2, 0, 3, 0, 3], "tail": 5}
{"N": 5, "decoder": 0, "fibre": 0, "kind": "state", "m": 5, "next": [3, 2, 4, 2, 0], "period": 1, "recurrent_predicate": false, "state": [2, 0, 3, 0, 4], "tail": 6}
{"N": 5, "decoder": 1, "fibre": 1, "kind": "state", "m": 5, "next": [3, 2, 4, 2, 2], "period": 1, "recurrent_predicate": false, "state": [2, 0, 3, 1, 0], "tail": 5}
{"N": 5, "decoder": 0, "fibre": 0, "kind": "state", "m": 5, "next": [3, 1, 4, 3, 3], "period": 1, "recurrent_predicate": false, "state": [2, 0, 3, 1, 1], "tail": 8}
{"N": 5, "decoder": 0, "fibre": 0, "kind": "state", "m": 5, "next": [4, 1, 4, 2, 4], "period": 1, "recurrent_predicate": false, "state": [2, 0, 3, 1, 2], "tail": 4}
{"N": 5, "decoder": 0, "fibre": 0, "kind": "state", "m": 5, "next": [3, 1, 0, 2, 0], "period": 1, "recurrent_predicate": false, "state": [2, 0, 3, 1, 3], "tail": 6}
{"N": 5, "decoder": 1, "fibre": 1, "kind": "state", "m": 5, "next": [3, 1, 4, 2, 0], "period": 5, "recurrent_predicate": true, "state": [2, 0, 3, 1, 4], "tail": 0}
{"N": 5, "decoder": 1, "fibre": 1, "kind": "state", "m": 5, "next": [4, 2, 4, 4, 2], "period": 1, "recurrent_predicate": false, "state": [2, 0, 3, 2, 0], "tail": 4}
{"N": 5, "decoder": 0, "fibre": 0, "kind": "state", "m": 5, "next": [4, 1, 4, 4, 2], "period": 1, "recurrent_predicate": false, "state": [2, 0, 3, 2, 1], "tail": 4}
{"N": 5, "decoder": 3, "fibre": 3, "kind": "state", "m": 5, "next": [0, 1, 4, 0, 0], "period": 1, "recurrent_predicate": false, "state": [2, 0, 3, 2, 2], "tail": 7}
{"N": 5, "decoder": 1, "fibre": 1, "kind": "state", "m": 5, "next": [4, 1, 0, 4, 0], "period": 1, "recurrent_predicate": false, "state": [2, 0, 3, 2, 3], "tail": 6}
{"N": 5, "decoder": 1, "fibre": 1, "kind": "state", "m": 5, "next": [4, 1, 4, 4, 0], "period": 1, "recurrent_predicate": false, "state": [2, 0, 3, 2, 4], "tail": 5}
{"N": 5, "decoder": 0, "fibre": 0, "kind": "state", "m": 5, "next": [3, 2, 0, 0, 2], "period": 1, "recurrent_predicate": false, "state": [2, 0, 3, 3, 0], "tail": 5}
{"N": 5, "decoder": 0, "fibre": 0, "kind": "state", "m": 5, "next": [3, 1, 0, 0, 2], "period": 1, "recurrent_predicate": false, "state": [2, 0, 3, 3, 1], "tail": 6}
{"N": 5, "decoder": 1, "fibre": 1, "kind": "state", "m": 5, "next": [4, 1, 0, 0, 4], "period": 1, "recurrent_predicate": false, "state": [2, 0, 3, 3, 2], "tail": 6}
{"N": 5, "decoder": 1, "fibre": 1, "kind": "state", "m": 5, "next": [3, 1, 1, 1, 1], "period": 1, "recurrent_predicate": false, "state": [2, 0, 3, 3, 3], "tail": 5}
{"N": 5, "decoder": 0, "fibre": 0, "kind": "state", "m": 5, "next": [3, 1, 0, 0, 0], "period": 1, "recurrent_predicate": false, "state": [2, 0, 3, 3, 4], "tail": 8}
{"N": 5, "decoder": 0, "fibre": 0, "kind": "state", "m": 5, "next": [3, 2, 4, 0, 2], "period": 1, "recurrent_predicate": false, "state": [2, 0, 3, 4, 0], "tail": 6}
{"N": 5, "decoder": 1, "fibre": 1, "kind": "state", "m": 5, "next": [3, 1, 4, 0, 2], "period": 5, "recurrent_predicate": true, "state": [2, 0, 3, 4, 1], "tail": 0}
{"N": 5, "decoder": 1, "fibre": 1, "kind": "state", "m": 5, "next": [4, 1, 4, 0, 4], "period": 1, "recurrent_predicate": false, "state": [2, 0, 3, 4, 2], "tail": 5}
{"N": 5, "decoder": 0, "fibre": 0, "kind": "state", "m": 5, "next": [3, 1, 0, 0, 0], "period": 1, "recurrent_predicate": false, "state": [2, 0, 3, 4, 3], "tail": 8}
{"N": 5, "decoder": 0, "fibre": 0, "kind": "state", "m": 5, "next": [3, 1, 4, 1, 1], "period": 1, "recurrent_predicate": false, "state": [2, 0, 3, 4, 4], "tail": 4}
{"N": 5, "decoder": 1, "fibre": 1, "kind": "state", "m": 5, "next": [3, 3, 0, 3, 3], "period": 1, "recurrent_predicate": false, "state": [2, 0, 4, 0, 0], "tail": 5}
{"N": 5, "decoder": 0, "fibre": 0, "kind": "state", "m": 5, "next": [3, 2, 0, 2, 2], "period": 1, "recurrent_predicate": false, "state": [2, 0, 4, 0, 1], "tail": 8}
{"N": 5, "decoder": 0, "fibre": 0, "kind": "state", "m": 5, "next": [4, 2, 0, 2, 4], "period": 1, "recurrent_predicate": false, "state": [2, 0, 4, 0, 2], "tail": 5}
{"N": 5, "decoder": 0, "fibre": 0, "kind": "state", "m": 5, "next": [3, 2, 0, 2, 4], "period": 1, "recurrent_predicate": false, "state": [2, 0, 4, 0, 3], "tail": 6}
{"N": 5, "decoder": 1, "fibre": 1, "kind": "state", "m": 5, "next": [3, 2, 1, 2, 1], "period": 1, "recurrent_predicate": false, "state": [2, 0, 4, 0, 4], "tail": 6}
{"N": 5, "decoder": 0, "fibre": 0, "kind": "state", "m": 5, "next": [3, 2, 0, 2, 2], "period": 1, "recurrent_predicate": false, "state": [2, 0, 4, 1, 0], "tail": 8}
{"N": 5, "decoder": 0, "fibre": 0, "kind": "state", "m": 5, "next": [3, 1, 0, 3, 3], "period": 1, "recurrent_predicate": false, "state": [2, 0, 4, 1, 1], "tail": 4}
{"N": 5, "decoder": 0, "fibre": 0, "kind": "state", "m": 5, "next": [4, 1, 0, 2, 4], "period": 1, "recurrent_predicate": false, "state": [2, 0, 4, 1, 2], "tail": 6}
{"N": 5, "decoder": 1, "fibre": 1, "kind": "state", "m": 5, "next": [3, 1, 0, 2, 4], "period": 5, "recurrent_predicate": true, "state": [2, 0, 4, 1, 3], "tail": 0}
{"N": 5, "decoder": 1, "fibre": 1, "kind": "state", "m": 5, "next": [3, 1, 1, 2, 1], "period": 1, "recurrent_predicate": false, "state": [2, 0, 4, 1, 4], "tail": 5}
{"N": 5, "decoder": 0, "fibre": 0, "kind": "state", "m": 5, "next": [4, 2, 0, 4, 2], "period": 1, "recurrent_predicate": false, "state": [2, 0, 4, 2, 0], "tail": 5}
{"N": 5, "decoder": 0, "fibre": 0, "kind": "state", "m": 5, "next": [4, 1, 0, 4, 2], "period": 1, "recurrent_predicate": false, "state": [2, 0, 4, 2, 1], "tail": 6}
{"N": 5, "decoder": 3, "fibre": 3, "kind": "state", "m": 5, "next": [0, 1, 0, 0, 0], "period": 1, "recurrent_predicate": false, "state": [2, 0, 4, 2, 2], "tail": 3}
{"N": 5, "decoder": 1, "fibre": 1, "kind": "state", "m": 5, "next": [4, 1, 0, 4, 4], "period": 1, "recurrent_predicate": false, "state": [2, 0, 4, 2, 3], "tail": 5}
{"N": 5, "decoder": 1, "fibre": 1, "kind": "state", "m": 5, "next": [4, 1, 1, 4, 1], "period": 1, "recurrent_predicate": false, "state": [2, 0, 4, 2, 4], "tail": 4}
{"N": 5, "decoder": 0, "fibre": 0, "kind": "state", "m": 5, "next": [3, 2, 0, 4, 2], "period": 1, "recurrent_predicate": false, "state": [2, 0, 4, 3, 0], "tail": 6}
{"N": 5, "decoder": 1, "fibre": 1, "kind": "state", "m": 5, "next": [3, 1, 0, 4, 2], "period": 5, "recurrent_predicate": true, "state": [2, 0, 4, 3, 1], "tail": 0}
{"N": 5, "decoder": 1, "fibre": 1, "kind": "state", "m": 5, "next": [4, 1, 0, 4, 4], "period": 1, "recurrent_predicate": false, "state": [2, 0, 4, 3, 2], "tail": 5}
{"N": 5, "decoder": 0, "fibre": 0, "kind": "state", "m": 5, "next": [3, 1, 0, 0, 0], "period": 1, "recurrent_predicate": false, "state": [2, 0, 4, 3, 3], "tail": 8}
{"N": 5, "decoder": 0, "fibre": 0, "kind": "state", "m": 5, "next": [3, 1, 1, 4, 1], "period": 1, "recurrent_predicate": false, "state": [2, 0, 4, 3, 4], "tail": 4}
{"N": 5, "decoder": 1, "fibre": 1, "kind": "state", "m": 5, "next": [3, 2, 1, 1, 2], "period": 1, "recurrent_predicate": false, "state": [2, 0, 4, 4, 0], "tail": 6}
{"N": 5, "decoder": 1, "fibre": 1, "kind": "state", "m": 5, "next": [3, 1, 1, 1, 2], "period": 1, "recurrent_predicate": false, "state": [2, 0, 4, 4, 1], "tail": 5}
{"N": 5, "decoder": 1, "fibre": 1, "kind": "state", "m": 5, "next": [4, 1, 1, 1, 4], "period": 1, "recurrent_predicate": false, "state": [2, 0, 4, 4, 2], "tail": 4}
{"N": 5, "decoder": 0, "fibre": 0, "kind": "state", "m": 5, "next": [3, 1, 1, 1, 4], "period": 1, "recurrent_predicate": false, "state": [2, 0, 4, 4, 3], "tail": 4}
{"N": 5, "decoder": 3, "fibre": 3, "kind": "state", "m": 5, "next": [3, 1, 2, 2, 2], "period": 1, "recurrent_predicate": false, "state": [2, 0, 4, 4, 4], "tail": 7}
{"N": 5, "decoder": 4, "fibre": 4, "kind": "state", "m": 5, "next": [3, 2, 3, 3, 3], "period": 1, "recurrent_predicate": false, "state": [2, 1, 0, 0, 0], "tail": 4}
{"N": 5, "decoder": 1, "fibre": 1, "kind": "state", "m": 5, "next": [3, 3, 2, 2, 3], "period": 1, "recurrent_predicate": false, "state": [2, 1, 0, 0, 1], "tail": 5}
{"N": 5, "decoder": 0, "fibre": 0, "kind": "state", "m": 5, "next": [4, 2, 2, 2, 4], "period": 1, "recurrent_predicate": false, "state": [2, 1, 0, 0, 2], "tail": 3}
{"N": 5, "decoder": 1, "fibre": 1, "kind": "state", "m": 5, "next": [3, 2, 2, 2, 4], "period": 1, "recurrent_predicate": false, "state": [2, 1, 0, 0, 3], "tail": 5}
{"N": 5, "decoder": 0, "fibre": 0, "kind": "state", "m": 5, "next": [3, 2, 2, 2, 0], "period": 1, "recurrent_predicate": false, "state": [2, 1, 0, 0, 4], "tail": 8}
{"N": 5, "decoder": 1, "fibre": 1, "kind": "state", "m": 5, "next": [3, 3, 2, 3, 2], "period": 1, "recurrent_predicate": false, "state": [2, 1, 0, 1, 0], "tail": 5}
{"N": 5, "decoder": 1, "fibre": 1, "kind": "state", "m": 5, "next": [3, 4, 1, 4, 4], "period": 1, "recurrent_predicate": false, "state": [2, 1, 0, 1, 1], "tail": 6}
{"N": 5, "decoder": 0, "fibre": 0, "kind": "state", "m": 5, "next": [4, 3, 1, 3, 4], "period": 1, "recurrent_predicate": false, "state": [2, 1, 0, 1, 2], "tail": 7}
{"N": 5, "decoder": 0, "fibre": 0, "kind": "state", "m": 5, "next": [3, 3, 1, 3, 4], "period": 1, "recurrent_predicate": false, "state": [2, 1, 0, 1, 3], "tail": 8}
{"N": 5, "decoder": 0, "fibre": 0, "kind": "state", "m": 5, "next": [3, 3, 1, 3, 0], "period": 1, "recurrent_predicate": false, "state": [2, 1, 0, 1, 4], "tail": 4}
{"N": 5, "decoder": 0, "fibre": 0, "kind": "state", "m": 5, "next": [4, 2, 2, 4, 2], "period": 1, "recurrent_predicate": false, "state": [2, 1, 0, 2, 0], "tail": 3}
{"N": 5, "decoder": 0, "fibre": 0, "kind": "state", "m": 5, "next": [4, 3, 1, 4, 3], "period": 1, "recurrent_predicate": false, "state": [2, 1, 0, 2, 1], "tail": 7}
{"N": 5, "decoder": 0, "fibre": 0, "kind": "state", "m": 5, "next": [0, 2, 1, 0, 0], "period": 1, "recurrent_predicate": false, "state": [2, 1, 0, 2, 2], "tail": 5}
{"N": 5, "decoder": 0, "fibre": 0, "kind": "state", "m": 5, "next": [4, 2, 1, 4, 4], "period": 1, "recurrent_predicate": false, "state": [2, 1, 0, 2, 3], "tail": 4}
{"N": 5, "decoder": 0, "fibre": 0, "kind": "state", "m": 5, "next": [4, 2, 1, 4, 0], "period": 1, "recurrent_predicate": false, "state": [2, 1, 0, 2, 4], "tail": 6}
{"N": 5, "decoder": 1, "fibre": 1, "kind": "state", "m": 5, "next": [3, 2, 2, 4, 2], "period": 1, "recurrent_predicate": false, "state": [2, 1, 0, 3, 0], "tail": 5}
{"N": 5, "decoder": 0, "fibre": 0, "kind": "state", "m": 5, "next": [3, 3, 1, 4, 3], "period": 1, "recurrent_predicate": false, "state": [2, 1, 0, 3, 1], "tail": 8}
{"N": 5, "decoder": 0, "fibre": 0, "kind": "state", "m": 5, "next": [4, 2, 1, 4, 4], "period": 1, "recurrent_predicate": false, "state": [2, 1, 0, 3, 2], "tail": 4}
{"N": 5, "decoder": 0, "fibre": 0, "kind": "state", "m": 5, "next": [3, 2, 1, 0, 0], "period": 1, "recurrent_predicate": false, "state": [2, 1, 0, 3, 3], "tail": 6}
{"N": 5, "decoder": 1, "fibre": 1, "kind": "state", "m": 5, "next": [3, 2, 1, 4, 0], "period": 5, "recurrent_predicate": true, "state": [2, 1, 0, 3, 4], "tail": 0}
{"N": 5, "decoder": 0, "fibre": 0, "kind": "state", "m": 5, "next": [3, 2, 2, 0, 2], "period": 1, "recurrent_predicate": false, "state": [2, 1, 0, 4, 0], "tail": 8}
{"N": 5, "decoder": 0, "fibre": 0, "kind": "state", "m": 5, "next": [3, 3, 1, 0, 3], "period": 1, "recurrent_predicate": false, "state": [2, 1, 0, 4, 1], "tail": 4}
{"N": 5, "decoder": 0, "fibre": 0, "kind": "state", "m": 5, "next": [4, 2, 1, 0, 4], "period": 1, "recurrent_predicate": false, "state": [2, 1, 0, 4, 2], "tail": 6}
{"N": 5, "decoder": 1, "fibre": 1, "kind": "state", "m": 5, "next": [3, 2, 1, 0, 4], "period": 5, "recurrent_predicate": true, "state": [2, 1, 0, 4, 3], "tail": 0}
{"N": 5, "decoder": 1, "fibre": 1, "kind": "state", "m": 5, "next": [3, 2, 1, 1, 1], "period": 1, "recurrent_predicate": false, "state": [2, 1, 0, 4, 4], "tail": 5}
{"N": 5, "decoder": 1, "fibre": 1, "kind": "state", "m": 5, "next": [3, 3, 3, 2, 2], "period": 1, "recurrent_predicate": false, "state": [2, 1, 1, 0, 0], "tail": 5}
{"N": 5, "decoder": 1, "fibre": 1, "kind": "state", "m": 5, "next": [3, 4, 4, 1, 4], "period": 1, "recurrent_predicate": false, "state": [2, 1, 1, 0, 1], "tail": 6}
{"N": 5, "decoder": 0, "fibre": 0, "kind": "state", "m": 5, "next": [4, 3, 3, 1, 4], "period": 1, "recurrent_predicate": false, "state": [2, 1, 1, 0, 2], "tail": 7}
{"N": 5, "decoder": 0, "fibre": 0, "kind": "state", "m": 5, "next": [3, 3, 3, 1, 4], "period": 1, "recurrent_predicate": false, "state": [2, 1, 1, 0, 3], "tail": 8}
{"N": 5, "decoder": 0, "fibre": 0, "kind": "state", "m": 5, "next": [3, 3, 3, 1, 0], "period": 1, "recurrent_predicate": false, "state": [2, 1, 1, 0, 4], "tail": 4}
{"N": 5, "decoder": 1, "fibre": 1, "kind": "state", "m": 5, "next": [3, 4, 4, 4, 1], "period": 1, "recurrent_predicate": false, "state": [2, 1, 1, 1, 0], "tail": 6}
{"N": 5, "decoder": 5, "fibre": 5, "kind": "state", "m": 5, "next": [3, 0, 0, 0, 0], "period": 1, "recurrent_predicate": false, "state": [2, 1, 1, 1, 1], "tail": 2}
{"N": 5, "decoder": 1, "fibre": 1, "kind": "state", "m": 5, "next": [4, 4, 4, 4, 4], "period": 1, "recurrent_predicate": false, "state": [2, 1, 1, 1, 2], "tail": 1}
{"N": 5, "decoder": 4, "fibre": 4, "kind": "state", "m": 5, "next": [3, 4, 4, 4, 4], "period": 1, "recurrent_predicate": false, "state": [2, 1, 1, 1, 3], "tail": 4}
{"N": 5, "decoder": 3, "fibre": 3, "kind": "state", "m": 5, "next": [3, 4, 4, 4, 0], "period": 1, "recurrent_predicate": false, "state": [2, 1, 1, 1, 4], "tail": 7}
{"N": 5, "decoder": 0, "fibre": 0, "kind": "state", "m": 5, "next": [4, 3, 3, 4, 1], "period": 1, "recurrent_predicate": false, "state": [2, 1, 1, 2, 0], "tail": 7}
{"N": 5, "decoder": 1, "fibre": 1, "kind": "state", "m": 5, "next": [4, 4, 4, 4, 4], "period": 1, "recurrent_predicate": false, "state": [2, 1, 1, 2, 1], "tail": 1}
{"N": 5, "decoder": 3, "fibre": 3, "kind": "state", "m": 5, "next": [0, 3, 3, 0, 0], "period": 1, "recurrent_predicate": false, "state": [2, 1, 1, 2, 2], "tail": 4}
{"N": 5, "decoder": 1, "fibre": 1, "kind": "state", "m": 5, "next": [4, 3, 3, 4, 4], "period": 1, "recurrent_predicate": false, "state": [2, 1, 1, 2, 3], "tail": 5}
{"N": 5, "decoder": 1, "fibre": 1, "kind": "state", "m": 5, "next": [4, 3, 3, 4, 0], "period": 1, "recurrent_predicate": false, "state": [2, 1, 1, 2, 4], "tail": 6}
{"N": 5, "decoder": 0, "fibre": 0, "kind": "state", "m": 5, "next": [3, 3, 3, 4, 1], "period": 1, "recurrent_predicate": false, "state": [2, 1, 1, 3, 0], "tail": 8}
{"N": 5, "decoder": 4, "fibre": 4, "kind": "state", "m": 5, "next": [3, 4, 4, 4, 4], "period": 1, "recurrent_predicate": false, "state": [2, 1, 1, 3, 1], "tail": 4}
{"N": 5, "decoder": 1, "fibre": 1, "kind": "state", "m": 5, "next": [4, 3, 3, 4, 4], "period": 1, "recurrent_predicate": false, "state": [2, 1, 1, 3, 2], "tail": 5}
{"N": 5, "decoder": 0, "fibre": 0, "kind": "state", "m": 5, "next": [3, 3, 3, 0, 0], "period": 1, "recurrent_predicate": false, "state": [2, 1, 1, 3, 3], "tail": 3}
{"N": 5, "decoder": 1, "fibre": 1, "kind": "state", "m": 5, "next": [3, 3, 3, 4, 0], "period": 1, "recurrent_predicate": false, "state": [2, 1, 1, 3, 4], "tail": 5}
{"N": 5, "decoder": 0, "fibre": 0, "kind": "state", "m": 5, "next": [3, 3, 3, 0, 1], "period": 1, "recurrent_predicate": false, "state": [2, 1, 1, 4, 0], "tail": 4}
{"N": 5, "decoder": 3, "fibre": 3, "kind": "state", "m": 5, "next": [3, 4, 4, 0, 4], "period": 1, "recurrent_predicate": false, "state": [2, 1, 1, 4, 1], "tail": 7}
{"N": 5, "decoder": 1, "fibre": 1, "kind": "state", "m": 5, "next": [4, 3, 3, 0, 4], "period": 1, "recurrent_predicate": false, "state": [2, 1, 1, 4, 2], "tail": 6}
{"N": 5, "decoder": 1, "fibre": 1, "kind": "state", "m": 5, "next": [3, 3, 3, 0, 4], "period": 1, "recurrent_predicate": false, "state": [2, 1, 1, 4, 3], "tail": 5}
{"N": 5, "decoder": 1, "fibre": 1, "kind": "state", "m": 5, "next": [3, 3, 3, 1, 1], "period": 1, "recurrent_predicate": false, "state": [2, 1, 1, 4, 4], "tail": 4}
{"N": 5, "decoder": 0, "fibre": 0, "kind": "state", "m": 5, "next": [4, 2, 4, 2, 2], "period": 1, "recurrent_predicate": false, "state": [2, 1, 2, 0, 0], "tail": 3}
{"N": 5, "decoder": 0, "fibre": 0, "kind": "state", "m": 5, "next": [4, 3, 4, 1, 3], "period": 1, "recurrent_predicate": false, "state": [2, 1, 2, 0, 1], "tail": 7}
{"N": 5, "decoder": 0, "fibre": 0, "kind": "state", "m": 5, "next": [0, 2, 0, 1, 0], "period": 1, "recurrent_predicate": false, "state": [2, 1, 2, 0, 2], "tail": 5}
{"N": 5, "decoder": 0, "fibre": 0, "kind": "state", "m": 5, "next": [4, 2, 4, 1, 4], "period": 1, "recurrent_predicate": false, "state": [2, 1, 2, 0, 3], "tail": 4}
{"N": 5, "decoder": 0, "fibre": 0, "kind": "state", "m": 5, "next": [4, 2, 4, 1, 0], "period": 1, "recurrent_predicate": false, "state": [2, 1, 2, 0, 4], "tail": 6}
{"N": 5, "decoder": 0, "fibre": 0, "kind": "state", "m": 5, "next": [4, 3, 4, 3, 1], "period": 1, "recurrent_predicate": false, "state": [2, 1, 2, 1, 0], "tail": 7}
{"N": 5, "decoder": 1, "fibre": 1, "kind": "state", "m": 5, "next": [4, 4, 4, 4, 4], "period": 1, "recurrent_predicate": false, "state": [2, 1, 2, 1, 1], "tail": 1}
{"N": 5, "decoder": 3, "fibre": 3, "kind": "state", "m": 5, "next": [0, 3, 0, 3, 0], "period": 1, "recurrent_predicate": false, "state": [2, 1, 2, 1, 2], "tail": 4}
{"N": 5, "decoder": 1, "fibre": 1, "kind": "state", "m": 5, "next": [4, 3, 4, 3, 4], "period": 1, "recurrent_predicate": false, "state": [2, 1, 2, 1, 3], "tail": 5}
{"N": 5, "decoder": 1, "fibre": 1, "kind": "state", "m": 5, "next": [4, 3, 4, 3, 0], "period": 1, "recurrent_predicate": false, "state": [2, 1, 2, 1, 4], "tail": 6}
{"N": 5, "decoder": 0, "fibre": 0, "kind": "state", "m": 5, "next": [0, 2, 0, 0, 1], "period": 1, "recurrent_predicate": false, "state": [2, 1, 2, 2, 0], "tail": 5}
{"N": 5, "decoder": 3, "fibre": 3, "kind": "state", "m": 5, "next": [0, 3, 0, 0, 3], "period": 1, "recurrent_predicate": false, "state": [2, 1, 2, 2, 1], "tail": 4}
{"N": 5, "decoder": 5, "fibre": 5, "kind": "state", "m": 5, "next": [1, 2, 1, 1, 1], "period": 1, "recurrent_predicate": false, "state": [2, 1, 2, 2, 2], "tail": 3}
{"N": 5, "decoder": 1, "fibre": 1, "kind": "state", "m": 5, "next": [0, 2, 0, 0, 4], "period": 1, "recurrent_predicate": false, "state": [2, 1, 2, 2, 3], "tail": 6}
{"N": 5, "decoder": 1, "fibre": 1, "kind": "state", "m": 5, "next": [0, 2, 0, 0, 0], "period": 1, "recurrent_predicate": false, "state": [2, 1, 2, 2, 4], "tail": 5}
{"N": 5, "decoder": 0, "fibre": 0, "kind": "state", "m": 5, "next": [4, 2, 4, 4, 1], "period": 1, "recurrent_predicate": false, "state": [2, 1, 2, 3, 0], "tail": 4}
{"N": 5, "decoder": 1, "fibre": 1, "kind": "state", "m": 5, "next": [4, 3, 4, 4, 3], "period": 1, "recurrent_predicate": false, "state": [2, 1, 2, 3, 1], "tail": 5}
{"N": 5, "decoder": 1, "fibre": 1, "kind": "state", "m": 5, "next": [0, 2, 0, 4, 0], "period": 1, "recurrent_predicate": false, "state": [2, 1, 2, 3, 2], "tail": 6}
{"N": 5, "decoder": 0, "fibre": 0, "kind": "state", "m": 5, "next": [4, 2, 4, 0, 0], "period": 1, "recurrent_predicate": false, "state": [2, 1, 2, 3, 3], "tail": 7}
{"N": 5, "decoder": 0, "fibre": 0, "kind": "state", "m": 5, "next": [4, 2, 4, 4, 0], "period": 1, "recurrent_predicate": false, "state": [2, 1, 2, 3, 4], "tail": 8}
{"N": 5, "decoder": 0, "fibre": 0, "kind": "state", "m": 5, "next": [4, 2, 4, 0, 1], "period": 1, "recurrent_predicate": false, "state": [2, 1, 2, 4, 0], "tail": 6}
{"N": 5, "decoder": 1, "fibre": 1, "kind": "state", "m": 5, "next": [4, 3, 4, 0, 3], "period": 1, "recurrent_predicate": false, "state": [2, 1, 2, 4, 1], "tail": 6}
{"N": 5, "decoder": 1, "fibre": 1, "kind": "state", "m": 5, "next": [0, 2, 0, 0, 0], "period": 1, "recurrent_predicate": false, "state": [2, 1, 2, 4, 2], "tail": 5}
{"N": 5, "decoder": 0, "fibre": 0, "kind": "state", "m": 5, "next": [4, 2, 4, 0, 4], "period": 1, "recurrent_predicate": false, "state": [2, 1, 2, 4, 3], "tail": 8}
{"N": 5, "decoder": 0, "fibre": 0, "kind": "state", "m": 5, "next": [4, 2, 4, 1, 1], "period": 1, "recurrent_predicate": false, "state": [2, 1, 2, 4, 4], "tail": 5}
{"N": 5, "decoder": 1, "fibre": 1, "kind": "state", "m": 5, "next": [3, 2, 4, 2, 2], "period": 1, "recurrent_predicate": false, "state": [2, 1, 3, 0, 0], "tail": 5}
{"N": 5, "decoder": 0, "fibre": 0, "kind": "state", "m": 5, "next": [3, 3, 4, 1, 3], "period": 1, "recurrent_predicate": false, "state": [2, 1, 3, 0, 1], "tail": 8}
{"N": 5, "decoder": 0, "fibre": 0, "kind": "state", "m": 5, "next": [4, 2, 4, 1, 4], "period": 1, "recurrent_predicate": false, "state": [2, 1, 3, 0, 2], "tail": 4}
{"N": 5, "decoder": 0, "fibre": 0, "kind": "state", "m": 5, "next": [3, 2, 0, 1, 0], "period": 1, "recurrent_predicate": false, "state": [2, 1, 3, 0, 3], "tail": 6}
{"N": 5, "decoder": 1, "fibre": 1, "kind": "state", "m": 5, "next": [3, 2, 4, 1, 0], "period": 5, "recurrent_predicate": true, "state": [2, 1, 3, 0, 4], "tail": 0}
{"N": 5, "decoder": 0, "fibre": 0, "kind": "state", "m": 5, "next": [3, 3, 4, 3, 1], "period": 1, "recurrent_predicate": false, "state": [2, 1, 3, 1, 0], "tail": 8}
{"N": 5, "decoder": 4, "fibre": 4, "kind": "state", "m": 5, "next": [3, 4, 4, 4, 4], "period": 1, "recurrent_predicate": false, "state": [2, 1, 3, 1, 1], "tail": 4}
{"N": 5, "decoder": 1, "fibre": 1, "kind": "state", "m": 5, "next": [4, 3, 4, 3, 4], "period": 1, "recurrent_predicate": false, "state": [2, 1, 3, 1, 2], "tail": 5}
{"N": 5, "decoder": 0, "fibre": 0, "kind": "state", "m": 5, "next": [3, 3, 0, 3, 0], "period": 1, "recurrent_predicate": false, "state": [2, 1, 3, 1, 3], "tail": 3}
{"N": 5, "decoder": 1, "fibre": 1, "kind": "state", "m": 5, "next": [3, 3, 4, 3, 0], "period": 1, "recurrent_predicate": false, "state": [2, 1, 3, 1, 4], "tail": 5}
{"N": 5, "decoder": 0, "fibre": 0, "kind": "state", "m": 5, "next": [4, 2, 4, 4, 1], "period": 1, "recurrent_predicate": false, "state": [2, 1, 3, 2, 0], "tail": 4}
{"N": 5, "decoder": 1, "fibre": 1, "kind": "state", "m": 5, "next": [4, 3, 4, 4, 3], "period": 1, "recurrent_predicate": false, "state": [2, 1, 3, 2, 1], "tail": 5}
{"N": 5, "decoder": 1, "fibre": 1, "kind": "state", "m": 5, "next": [0, 2, 4, 0, 0], "period": 1, "recurrent_predicate": false, "state": [2, 1, 3, 2, 2], "tail": 6}
{"N": 5, "decoder": 0, "fibre": 0, "kind": "state", "m": 5, "next": [4, 2, 0, 4, 0], "period": 1, "recurrent_predicate": false, "state": [2, 1, 3, 2, 3], "tail": 7}
{"N": 5, "decoder": 0, "fibre": 0, "kind": "state", "m": 5, "next": [4, 2, 4, 4, 0], "period": 1, "recurrent_predicate": false, "state": [2, 1, 3, 2, 4], "tail": 8}
{"N": 5, "decoder": 0, "fibre": 0, "kind": "state", "m": 5, "next": [3, 2, 0, 0, 1], "period": 1, "recurrent_predicate": false, "state": [2, 1, 3, 3, 0], "tail": 6}
{"N": 5, "decoder": 0, "fibre": 0, "kind": "state", "m": 5, "next": [3, 3, 0, 0, 3], "period": 1, "recurrent_predicate": false, "state": [2, 1, 3, 3, 1], "tail": 3}
{"N": 5, "decoder": 0, "fibre": 0, "kind": "state", "m": 5, "next": [4, 2, 0, 0, 4], "period": 1, "recurrent_predicate": false, "state": [2, 1, 3, 3, 2], "tail": 7}
{"N": 5, "decoder": 0, "fibre": 0, "kind": "state", "m": 5, "next": [3, 2, 1, 1, 1], "period": 1, "recurrent_predicate": false, "state": [2, 1, 3, 3, 3], "tail": 5}
{"N": 5, "decoder": 0, "fibre": 0, "kind": "state", "m": 5, "next": [3, 2, 0, 0, 0], "period": 1, "recurrent_predicate": false, "state": [2, 1, 3, 3, 4], "tail": 4}
{"N": 5, "decoder": 1, "fibre": 1, "kind": "state", "m": 5, "next": [3, 2, 4, 0, 1], "period": 5, "recurrent_predicate": true, "state": [2, 1, 3, 4, 0], "tail": 0}
{"N": 5, "decoder": 1, "fibre": 1, "kind": "state", "m": 5, "next": [3, 3, 4, 0, 3], "period": 1, "recurrent_predicate": false, "state": [2, 1, 3, 4, 1], "tail": 5}
{"N": 5, "decoder": 0, "fibre": 0, "kind": "state", "m": 5, "next": [4, 2, 4, 0, 4], "period": 1, "recurrent_predicate": false, "state": [2, 1, 3, 4, 2], "tail": 8}
{"N": 5, "decoder": 0, "fibre": 0, "kind": "state", "m": 5, "next": [3, 2, 0, 0, 0], "period": 1, "recurrent_predicate": false, "state": [2, 1, 3, 4, 3], "tail": 4}
{"N": 5, "decoder": 0, "fibre": 0, "kind": "state", "m": 5, "next": [3, 2, 4, 1, 1], "period": 1, "recurrent_predicate": false, "state": [2, 1, 3, 4, 4], "tail": 6}
{"N": 5, "decoder": 0, "fibre": 0, "kind": "state", "m": 5, "next": [3, 2, 0, 2, 2], "period": 1, "recurrent_predicate": false, "state": [2, 1, 4, 0, 0], "tail": 8}
{"N": 5, "decoder": 0, "fibre": 0, "kind": "state", "m": 5, "next": [3, 3, 0, 1, 3], "period": 1, "recurrent_predicate": false, "state": [2, 1, 4, 0, 1], "tail": 4}
{"N": 5, "decoder": 0, "fibre": 0, "kind": "state", "m": 5, "next": [4, 2, 0, 1, 4], "period": 1, "recurrent_predicate": false, "state": [2, 1, 4, 0, 2], "tail": 6}
{"N": 5, "decoder": 1, "fibre": 1, "kind": "state", "m": 5, "next": [3, 2, 0, 1, 4], "period": 5, "recurrent_predicate": true, "state": [2, 1, 4, 0, 3], "tail": 0}
{"N": 5, "decoder": 1, "fibre": 1, "kind": "state", "m": 5, "next": [3, 2, 1, 1, 1], "period": 1, "recurrent_predicate": false, "state": [2, 1, 4, 0, 4], "tail": 5}
{"N": 5, "decoder": 0, "fibre": 0, "kind": "state", "m": 5, "next": [3, 3, 0, 3, 1], "period": 1, "recurrent_predicate": false, "state": [2, 1, 4, 1, 0], "tail": 4}
{"N": 5, "decoder": 3, "fibre": 3, "kind": "state", "m": 5, "next": [3, 4, 0, 4, 4], "period": 1, "recurrent_predicate": false, "state": [2, 1, 4, 1, 1], "tail": 7}
{"N": 5, "decoder": 1, "fibre": 1, "kind": "state", "m": 5, "next": [4, 3, 0, 3, 4], "period": 1, "recurrent_predicate": false, "state": [2, 1, 4, 1, 2], "tail": 6}
{"N": 5, "decoder": 1, "fibre": 1, "kind": "state", "m": 5, "next": [3, 3, 0, 3, 4], "period": 1, "recurrent_predicate": false, "state": [2, 1, 4, 1, 3], "tail": 5}
{"N": 5, "decoder": 1, "fibre": 1, "kind": "state", "m": 5, "next": [3, 3, 1, 3, 1], "period": 1, "recurrent_predicate": false, "state": [2, 1, 4, 1, 4], "tail": 4}
{"N": 5, "decoder": 0, "fibre": 0, "kind": "state", "m": 5, "next": [4, 2, 0, 4, 1], "period": 1, "recurrent_predicate": false, "state": [2, 1, 4, 2, 0], "tail": 6}
{"N": 5, "decoder": 1, "fibre": 1, "kind": "state", "m": 5, "next": [4, 3, 0, 4, 3], "period": 1, "recurrent_predicate": false, "state": [2, 1, 4, 2, 1], "tail": 6}
{"N": 5, "decoder": 1, "fibre": 1, "kind": "state", "m": 5, "next": [0, 2, 0, 0, 0], "period": 1, "recurrent_predicate": false, "state": [2, 1, 4, 2, 2], "tail": 5}
{"N": 5, "decoder": 0, "fibre": 0, "kind": "state", "m": 5, "next": [4, 2, 0, 4, 4], "period": 1, "recurrent_predicate": false, "state": [2, 1, 4, 2, 3], "tail": 8}
{"N": 5, "decoder": 0, "fibre": 0, "kind": "state", "m": 5, "next": [4, 2, 1, 4, 1], "period": 1, "recurrent_predicate": false, "state": [2, 1, 4, 2, 4], "tail": 5}
{"N": 5, "decoder": 1, "fibre": 1, "kind": "state", "m": 5, "next": [3, 2, 0, 4, 1], "period": 5, "recurrent_predicate": true, "state": [2, 1, 4, 3, 0], "tail": 0}
{"N": 5, "decoder": 1, "fibre": 1, "kind": "state", "m": 5, "next": [3, 3, 0, 4, 3], "period": 1, "recurrent_predicate": false, "state": [2, 1, 4, 3, 1], "tail": 5}
{"N": 5, "decoder": 0, "fibre": 0, "kind": "state", "m": 5, "next": [4, 2, 0, 4, 4], "period": 1, "recurrent_predicate": false, "state": [2, 1, 4, 3, 2], "tail": 8}
{"N": 5, "decoder": 0, "fibre": 0, "kind": "state", "m": 5, "next": [3, 2, 0, 0, 0], "period": 1, "recurrent_predicate": false, "state": [2, 1, 4, 3, 3], "tail": 4}
{"N": 5, "decoder": 0, "fibre": 0, "kind": "state", "m": 5, "next": [3, 2, 1, 4, 1], "period": 1, "recurrent_predicate": false, "state": [2, 1, 4, 3, 4], "tail": 6}
{"N": 5, "decoder": 1, "fibre": 1, "kind": "state", "m": 5, "next": [3, 2, 1, 1, 1], "period": 1, "recurrent_predicate": false, "state": [2, 1, 4, 4, 0], "tail": 5}
{"N": 5, "decoder": 1, "fibre": 1, "kind": "state", "m": 5, "next": [3, 3, 1, 1, 3], "period": 1, "recurrent_predicate": false, "state": [2, 1, 4, 4, 1], "tail": 4}
{"N": 5, "decoder": 0, "fibre": 0, "kind": "state", "m": 5, "next": [4, 2, 1, 1, 4], "period": 1, "recurrent_predicate": false, "state": [2, 1, 4, 4, 2], "tail": 5}
{"N": 5, "decoder": 0, "fibre": 0, "kind": "state", "m": 5, "next": [3, 2, 1, 1, 4], "period": 1, "recurrent_predicate": false, "state": [2, 1, 4, 4, 3], "tail": 6}
{"N": 5, "decoder": 3, "fibre": 3, "kind": "state", "m": 5, "next": [3, 2, 2, 2, 2], "period": 1, "recurrent_predicate": false, "state": [2, 1, 4, 4, 4], "tail": 3}
{"N": 5, "decoder": 4, "fibre": 4, "kind": "state", "m": 5, "next": [4, 4, 3, 3, 3], "period": 1, "recurrent_predicate": false, "state": [2, 2, 0, 0, 0], "tail": 2}
{"N": 5, "decoder": 0, "fibre": 0, "kind": "state", "m": 5, "next": [4, 4, 2, 2, 2], "period": 1, "recurrent_predicate": false, "state": [2, 2, 0, 0, 1], "tail": 3}
{"N": 5, "decoder": 4, "fibre": 4, "kind": "state", "m": 5, "next": [0, 0, 2, 2, 0], "period": 1, "recurrent_predicate": false, "state": [2, 2, 0, 0, 2], "tail": 3}
{"N": 5, "decoder": 1, "fibre": 1, "kind": "state", "m": 5, "next": [4, 4, 2, 2, 4], "period": 1, "recurrent_predicate": false, "state": [2, 2, 0, 0, 3], "tail": 4}
{"N": 5, "decoder": 0, "fibre": 0, "kind": "state", "m": 5, "next": [4, 4, 2, 2, 0], "period": 1, "recurrent_predicate": false, "state": [2, 2, 0, 0, 4], "tail": 5}
{"N": 5, "decoder": 0, "fibre": 0, "kind": "state", "m": 5, "next": [4, 4, 2, 2, 2], "period": 1, "recurrent_predicate": false, "state": [2, 2, 0, 1, 0], "tail": 3}
{"N": 5, "decoder": 0, "fibre": 0, "kind": "state", "m": 5, "next": [4, 4, 1, 3, 3], "period": 1, "recurrent_predicate": false, "state": [2, 2, 0, 1, 1], "tail": 7}
{"N": 5, "decoder": 0, "fibre": 0, "kind": "state", "m": 5, "next": [0, 0, 1, 2, 0], "period": 1, "recurrent_predicate": false, "state": [2, 2, 0, 1, 2], "tail": 5}
{"N": 5, "decoder": 0, "fibre": 0, "kind": "state", "m": 5, "next": [4, 4, 1, 2, 4], "period": 1, "recurrent_predicate": false, "state": [2, 2, 0, 1, 3], "tail": 4}
{"N": 5, "decoder": 0, "fibre": 0, "kind": "state", "m": 5, "next": [4, 4, 1, 2, 0], "period": 1, "recurrent_predicate": false, "state": [2, 2, 0, 1, 4], "tail": 6}
{"N": 5, "decoder": 4, "fibre": 4, "kind": "state", "m": 5, "next": [0, 0, 2, 0, 2], "period": 1, "recurrent_predicate": false, "state": [2, 2, 0, 2, 0], "tail": 3}
{"N": 5, "decoder": 0, "fibre": 0, "kind": "state", "m": 5, "next": [0, 0, 1, 0, 2], "period": 1, "recurrent_predicate": false, "state": [2, 2, 0, 2, 1], "tail": 5}
{"N": 5, "decoder": 1, "fibre": 1, "kind": "state", "m": 5, "next": [1, 1, 1, 1, 1], "period": 1, "recurrent_predicate": false, "state": [2, 2, 0, 2, 2], "tail": 1}
{"N": 5, "decoder": 3, "fibre": 3, "kind": "state", "m": 5, "next": [0, 0, 1, 0, 4], "period": 1, "recurrent_predicate": false, "state": [2, 2, 0, 2, 3], "tail": 7}
{"N": 5, "decoder": 3, "fibre": 3, "kind": "state", "m": 5, "next": [0, 0, 1, 0, 0], "period": 1, "recurrent_predicate": false, "state": [2, 2, 0, 2, 4], "tail": 3}
{"N": 5, "decoder": 1, "fibre": 1, "kind": "state", "m": 5, "next": [4, 4, 2, 4, 2], "period": 1, "recurrent_predicate": false, "state": [2, 2, 0, 3, 0], "tail": 4}
{"N": 5, "decoder": 0, "fibre": 0, "kind": "state", "m": 5, "next": [4, 4, 1, 4, 2], "period": 1, "recurrent_predicate": false, "state": [2, 2, 0, 3, 1], "tail": 4}
{"N": 5, "decoder": 3, "fibre": 3, "kind": "state", "m": 5, "next": [0, 0, 1, 4, 0], "period": 1, "recurrent_predicate": false, "state": [2, 2, 0, 3, 2], "tail": 7}
{"N": 5, "decoder": 1, "fibre": 1, "kind": "state", "m": 5, "next": [4, 4, 1, 0, 0], "period": 1, "recurrent_predicate": false, "state": [2, 2, 0, 3, 3], "tail": 6}
{"N": 5, "decoder": 1, "fibre": 1, "kind": "state", "m": 5, "next": [4, 4, 1, 4, 0], "period": 1, "recurrent_predicate": false, "state": [2, 2, 0, 3, 4], "tail": 5}
{"N": 5, "decoder": 0, "fibre": 0, "kind": "state", "m": 5, "next": [4, 4, 2, 0, 2], "period": 1, "recurrent_predicate": false, "state": [2, 2, 0, 4, 0], "tail": 5}
{"N": 5, "decoder": 0, "fibre": 0, "kind": "state", "m": 5, "next": [4, 4, 1, 0, 2], "period": 1, "recurrent_predicate": false, "state": [2, 2, 0, 4, 1], "tail": 6}
{"N": 5, "decoder": 3, "fibre": 3, "kind": "state", "m": 5, "next": [0, 0, 1, 0, 0], "period": 1, "recurrent_predicate": false, "state": [2, 2, 0, 4, 2], "tail": 3}
{"N": 5, "decoder": 1, "fibre": 1, "kind": "state", "m": 5, "next": [4, 4, 1, 0, 4], "period": 1, "recurrent_predicate": false, "state": [2, 2, 0, 4, 3], "tail": 5}
{"N": 5, "decoder": 1, "fibre": 1, "kind": "state", "m": 5, "next": [4, 4, 1, 1, 1], "period": 1, "recurrent_predicate": false, "state": [2, 2, 0, 4, 4], "tail": 4}
{"N": 5, "decoder": 0, "fibre": 0, "kind": "state", "m": 5, "next": [4, 4, 2, 2, 2], "period": 1, "recurrent_predicate": false, "state": [2, 2, 1, 0, 0], "tail": 3}
{"N": 5, "decoder": 0, "fibre": 0, "kind": "state", "m": 5, "next": [4, 4, 3, 1, 3], "period": 1, "recurrent_predicate": false, "state": [2, 2, 1, 0, 1], "tail": 7}
{"N": 5, "decoder": 0, "fibre": 0, "kind": "state", "m": 5, "next": [0, 0, 2, 1, 0], "period": 1, "recurrent_predicate": false, "state": [2, 2, 1, 0, 2], "tail": 5}
{"N": 5, "decoder": 0, "fibre": 0, "kind": "state", "m": 5, "next": [4, 4, 2, 1, 4], "period": 1, "recurrent_predicate": false, "state": [2, 2, 1, 0, 3], "tail": 4}
{"N": 5, "decoder": 0, "fibre": 0, "kind": "state", "m": 5, "next": [4, 4, 2, 1, 0], "period": 1, "recurrent_predicate": false, "state": [2, 2, 1, 0, 4], "tail": 6}
{"N": 5, "decoder": 0, "fibre": 0, "kind": "state", "m": 5, "next": [4, 4, 3, 3, 1], "period": 1, "recurrent_predicate": false, "state": [2, 2, 1, 1, 0], "tail": 7}
{"N": 5, "decoder": 1, "fibre": 1, "kind": "state", "m": 5, "next": [4, 4, 4, 4, 4], "period": 1, "recurrent_predicate": false, "state": [2, 2, 1, 1, 1], "tail": 1}
{"N": 5, "decoder": 3, "fibre": 3, "kind": "state", "m": 5, "next": [0, 0, 3, 3, 0], "period": 1, "recurrent_predicate": false, "state": [2, 2, 1, 1, 2], "tail": 4}
{"N": 5, "decoder": 1, "fibre": 1, "kind": "state", "m": 5, "next": [4, 4, 3, 3, 4], "period": 1, "recurrent_predicate": false, "state": [2, 2, 1, 1, 3], "tail": 5}
{"N": 5, "decoder": 1, "fibre": 1, "kind": "state", "m": 5, "next": [4, 4, 3, 3, 0], "period": 1, "recurrent_predicate": false, "state": [2, 2, 1, 1, 4], "tail": 6}
{"N": 5, "decoder": 0, "fibre": 0, "kind": "state", "m": 5, "next": [0, 0, 2, 0, 1], "period": 1, "recurrent_predicate": false, "state": [2, 2, 1, 2, 0], "tail": 5}
{"N": 5, "decoder": 3, "fibre": 3, "kind": "state", "m": 5, "next": [0, 0, 3, 0, 3], "period": 1, "recurrent_predicate": false, "state": [2, 2, 1, 2, 1], "tail": 4}
{"N": 5, "decoder": 5, "fibre": 5, "kind": "state", "m": 5, "next": [1, 1, 2, 1, 1], "period": 1, "recurrent_predicate": false, "state": [2, 2, 1, 2, 2], "tail": 3}
{"N": 5, "decoder": 1, "fibre": 1, "kind": "state", "m": 5, "next": [0, 0, 2, 0, 4], "period": 1, "recurrent_predicate": false, "state": [2, 2, 1, 2, 3], "tail": 6}
{"N": 5, "decoder": 1, "fibre": 1, "kind": "state", "m": 5, "next": [0, 0, 2, 0, 0], "period": 1, "recurrent_predicate": false, "state": [2, 2, 1, 2, 4], "tail": 5}
{"N": 5, "decoder": 0, "fibre": 0, "kind": "state", "m": 5, "next": [4, 4, 2, 4, 1], "period": 1, "recurrent_predicate": false, "state": [2, 2, 1, 3, 0], "tail": 4}
{"N": 5, "decoder": 1, "fibre": 1, "kind": "state", "m": 5, "next": [4, 4, 3, 4, 3], "period": 1, "recurrent_predicate": false, "state": [2, 2, 1, 3, 1], "tail": 5}
{"N": 5, "decoder": 1, "fibre": 1, "kind": "state", "m": 5, "next": [0, 0, 2, 4, 0], "period": 1, "recurrent_predicate": false, "state": [2, 2, 1, 3, 2], "tail": 6}
{"N": 5, "decoder": 0, "fibre": 0, "kind": "state", "m": 5, "next": [4, 4, 2, 0, 0], "period": 1, "recurrent_predicate": false, "state": [2, 2, 1, 3, 3], "tail": 7}
{"N": 5, "decoder": 0, "fibre": 0, "kind": "state", "m": 5, "next": [4, 4, 2, 4, 0], "period": 1, "recurrent_predicate": false, "state": [2, 2, 1, 3, 4], "tail": 8}
{"N": 5, "decoder": 0, "fibre": 0, "kind": "state", "m": 5, "next": [4, 4, 2, 0, 1], "period": 1, "recurrent_predicate": false, "state": [2, 2, 1, 4, 0], "tail": 6}
{"N": 5, "decoder": 1, "fibre": 1, "kind": "state", "m": 5, "next": [4, 4, 3, 0, 3], "period": 1, "recurrent_predicate": false, "state": [2, 2, 1, 4, 1], "tail": 6}
{"N": 5, "decoder": 1, "fibre": 1, "kind": "state", "m": 5, "next": [0, 0, 2, 0, 0], "period": 1, "recurrent_predicate": false, "state": [2, 2, 1, 4, 2], "tail": 5}
{"N": 5, "decoder": 0, "fibre": 0, "kind": "state", "m": 5, "next": [4, 4, 2, 0, 4], "period": 1, "recurrent_predicate": false, "state": [2, 2, 1, 4, 3], "tail": 8}
{"N": 5, "decoder": 0, "fibre": 0, "kind": "state", "m": 5, "next": [4, 4, 2, 1, 1], "period": 1, "recurrent_predicate": false, "state": [2, 2, 1, 4, 4], "tail": 5}
{"N": 5, "decoder": 4, "fibre": 4, "kind": "state", "m": 5, "next": [0, 0, 0, 2, 2], "period": 1, "recurrent_predicate": false, "state": [2, 2, 2, 0, 0], "tail": 3}
{"N": 5, "decoder": 0, "fibre": 0, "kind": "state", "m": 5, "next": [0, 0, 0, 1, 2], "period": 1, "recurrent_predicate": false, "state": [2, 2, 2, 0, 1], "tail": 5}
{"N": 5, "decoder": 1, "fibre": 1, "kind": "state", "m": 5, "next": [1, 1, 1, 1, 1], "period": 1, "recurrent_predicate": false, "state": [2, 2, 2, 0, 2], "tail": 1}
{"N": 5, "decoder": 3, "fibre": 3, "kind": "state", "m": 5, "next": [0, 0, 0, 1, 4], "period": 1, "recurrent_predicate": false, "state": [2, 2, 2, 0, 3], "tail": 7}
{"N": 5, "decoder": 3, "fibre": 3, "kind": "state", "m": 5, "next": [0, 0, 0, 1, 0], "period": 1, "recurrent_predicate": false, "state": [2, 2, 2, 0, 4], "tail": 3}
{"N": 5, "decoder": 0, "fibre": 0, "kind": "state", "m": 5, "next": [0, 0, 0, 2, 1], "period": 1, "recurrent_predicate": false, "state": [2, 2, 2, 1, 0], "tail": 5}
{"N": 5, "decoder": 3, "fibre": 3, "kind": "state", "m": 5, "next": [0, 0, 0, 3, 3], "period": 1, "recurrent_predicate": false, "state": [2, 2, 2, 1, 1], "tail": 4}
{"N": 5, "decoder": 5, "fibre": 5, "kind": "state", "m": 5, "next": [1, 1, 1, 2, 1], "period": 1, "recurrent_predicate": false, "state": [2, 2, 2, 1, 2], "tail": 3}
{"N": 5, "decoder": 1, "fibre": 1, "kind": "state", "m": 5, "next": [0, 0, 0, 2, 4], "period": 1, "recurrent_predicate": false, "state": [2, 2, 2, 1, 3], "tail": 6}
{"N": 5, "decoder": 1, "fibre": 1, "kind": "state", "m": 5, "next": [0, 0, 0, 2, 0], "period": 1, "recurrent_predicate": false, "state": [2, 2, 2, 1, 4], "tail": 5}
{"N": 5, "decoder": 1, "fibre": 1, "kind": "state", "m": 5, "next": [1, 1, 1, 1, 1], "period": 1, "recurrent_predicate": false, "state": [2, 2, 2, 2, 0], "tail": 1}
{"N": 5, "decoder": 5, "fibre": 5, "kind": "state", "m": 5, "next": [1, 1, 1, 1, 2], "period": 1, "recurrent_predicate": false, "state": [2, 2, 2, 2, 1], "tail": 3}
{"N": 5, "decoder": 16, "fibre": 16, "kind": "state", "m": 5, "next": [2, 2, 2, 2, 2], "period": 1, "recurrent_predicate": true, "state": [2, 2, 2, 2, 2], "tail": 0}
{"N": 5, "decoder": 5, "fibre": 5, "kind": "state", "m": 5, "next": [1, 1, 1, 1, 4], "period": 1, "recurrent_predicate": false, "state": [2, 2, 2, 2, 3], "tail": 2}
{"N": 5, "decoder": 4, "fibre": 4, "kind": "state", "m": 5, "next": [1, 1, 1, 1, 0], "period": 1, "recurrent_predicate": false, "state": [2, 2, 2, 2, 4], "tail": 4}
{"N": 5, "decoder": 3, "fibre": 3, "kind": "state", "m": 5, "next": [0, 0, 0, 4, 1], "period": 1, "recurrent_predicate": false, "state": [2, 2, 2, 3, 0], "tail": 7}
{"N": 5, "decoder": 1, "fibre": 1, "kind": "state", "m": 5, "next": [0, 0, 0, 4, 2], "period": 1, "recurrent_predicate": false, "state": [2, 2, 2, 3, 1], "tail": 6}
{"N": 5, "decoder": 5, "fibre": 5, "kind": "state", "m": 5, "next": [1, 1, 1, 4, 1], "period": 1, "recurrent_predicate": false, "state": [2, 2, 2, 3, 2], "tail": 2}
{"N": 5, "decoder": 1, "fibre": 1, "kind": "state", "m": 5, "next": [0, 0, 0, 0, 0], "period": 1, "recurrent_predicate": false, "state": [2, 2, 2, 3, 3], "tail": 1}
{"N": 5, "decoder": 4, "fibre": 4, "kind": "state", "m": 5, "next": [0, 0, 0, 4, 0], "period": 1, "recurrent_predicate": false, "state": [2, 2, 2, 3, 4], "tail": 4}
{"N": 5, "decoder": 3, "fibre": 3, "kind": "state", "m": 5, "next": [0, 0, 0, 0, 1], "period": 1, "recurrent_predicate": false, "state": [2, 2, 2, 4, 0], "tail": 3}
{"N": 5, "decoder": 1, "fibre": 1, "kind": "state", "m": 5, "next": [0, 0, 0, 0, 2], "period": 1, "recurrent_predicate": false, "state": [2, 2, 2, 4, 1], "tail": 5}
{"N": 5, "decoder": 4, "fibre": 4, "kind": "state", "m": 5, "next": [1, 1, 1, 0, 1], "period": 1, "recurrent_predicate": false, "state": [2, 2, 2, 4, 2], "tail": 4}
{"N": 5, "decoder": 4, "fibre": 4, "kind": "state", "m": 5, "next": [0, 0, 0, 0, 4], "period": 1, "recurrent_predicate": false, "state": [2, 2, 2, 4, 3], "tail": 4}
{"N": 5, "decoder": 4, "fibre": 4, "kind": "state", "m": 5, "next": [0, 0, 0, 1, 1], "period": 1, "recurrent_predicate": false, "state": [2, 2, 2, 4, 4], "tail": 2}
{"N": 5, "decoder": 1, "fibre": 1, "kind": "state", "m": 5, "next": [4, 4, 4, 2, 2], "period": 1, "recurrent_predicate": false, "state": [2, 2, 3, 0, 0], "tail": 4}
{"N": 5, "decoder": 0, "fibre": 0, "kind": "state", "m": 5, "next": [4, 4, 4, 1, 2], "period": 1, "recurrent_predicate": false, "state": [2, 2, 3, 0, 1], "tail": 4}
{"N": 5, "decoder": 3, "fibre": 3, "kind": "state", "m": 5, "next": [0, 0, 4, 1, 0], "period": 1, "recurrent_predicate": false, "state": [2, 2, 3, 0, 2], "tail": 7}
{"N": 5, "decoder": 1, "fibre": 1, "kind": "state", "m": 5, "next": [4, 4, 0, 1, 0], "period": 1, "recurrent_predicate": false, "state": [2, 2, 3, 0, 3], "tail": 6}
{"N": 5, "decoder": 1, "fibre": 1, "kind": "state", "m": 5, "next": [4, 4, 4, 1, 0], "period": 1, "recurrent_predicate": false, "state": [2, 2, 3, 0, 4], "tail": 5}
{"N": 5, "decoder": 0, "fibre": 0, "kind": "state", "m": 5, "next": [4, 4, 4, 2, 1], "period": 1, "recurrent_predicate": false, "state": [2, 2, 3, 1, 0], "tail": 4}
{"N": 5, "decoder": 1, "fibre": 1, "kind": "state", "m": 5, "next": [4, 4, 4, 3, 3], "period": 1, "recurrent_predicate": false, "state": [2, 2, 3, 1, 1], "tail": 5}
{"N": 5, "decoder": 1, "fibre": 1, "kind": "state", "m": 5, "next": [0, 0, 4, 2, 0], "period": 1, "recurrent_predicate": false, "state": [2, 2, 3, 1, 2], "tail": 6}
{"N": 5, "decoder": 0, "fibre": 0, "kind": "state", "m": 5, "next": [4, 4, 0, 2, 0], "period": 1, "recurrent_predicate": false, "state": [2, 2, 3, 1, 3], "tail": 7}
{"N": 5, "decoder": 0, "fibre": 0, "kind": "state", "m": 5, "next": [4, 4, 4, 2, 0], "period": 1, "recurrent_predicate": false, "state": [2, 2, 3, 1, 4], "tail": 8}
{"N": 5, "decoder": 3, "fibre": 3, "kind": "state", "m": 5, "next": [0, 0, 4, 0, 1], "period": 1, "recurrent_predicate": false, "state": [2, 2, 3, 2, 0], "tail": 7}
{"N": 5, "decoder": 1, "fibre": 1, "kind": "state", "m": 5, "next": [0, 0, 4, 0, 2], "period": 1, "recurrent_predicate": false, "state": [2, 2, 3, 2, 1], "tail": 6}
{"N": 5, "decoder": 5, "fibre": 5, "kind": "state", "m": 5, "next": [1, 1, 4, 1, 1], "period": 1, "recurrent_predicate": false, "state": [2, 2, 3, 2, 2], "tail": 2}
{"N": 5, "decoder": 1, "fibre": 1, "kind": "state", "m": 5, "next": [0, 0, 0, 0, 0], "period": 1, "recurrent_predicate": false, "state": [2, 2, 3, 2, 3], "tail": 1}
{"N": 5, "decoder": 4, "fibre": 4, "kind": "state", "m": 5, "next": [0, 0, 4, 0, 0], "period": 1, "recurrent_predicate": false, "state": [2, 2, 3, 2, 4], "tail": 4}
{"N": 5, "decoder": 1, "fibre": 1, "kind": "state", "m": 5, "next": [4, 4, 0, 0, 1], "period": 1, "recurrent_predicate": false, "state": [2, 2, 3, 3, 0], "tail": 6}
{"N": 5, "decoder": 0, "fibre": 0, "kind": "state", "m": 5, "next": [4, 4, 0, 0, 2], "period": 1, "recurrent_predicate": false, "state": [2, 2, 3, 3, 1], "tail": 7}
{"N": 5, "decoder": 1, "fibre": 1, "kind": "state", "m": 5, "next": [0, 0, 0, 0, 0], "period": 1, "recurrent_predicate": false, "state": [2, 2, 3, 3, 2], "tail": 1}
{"N": 5, "decoder": 3, "fibre": 3, "kind": "state", "m": 5, "next": [4, 4, 1, 1, 1], "period": 1, "recurrent_predicate": false, "state": [2, 2, 3, 3, 3], "tail": 4}
{"N": 5, "decoder": 1, "fibre": 1, "kind": "state", "m": 5, "next": [4, 4, 0, 0, 0], "period": 1, "recurrent_predicate": false, "state": [2, 2, 3, 3, 4], "tail": 5}
{"N": 5, "decoder": 1, "fibre": 1, "kind": "state", "m": 5, "next": [4, 4, 4, 0, 1], "period": 1, "recurrent_predicate": false, "state": [2, 2, 3, 4, 0], "tail": 5}
{"N": 5, "decoder": 0, "fibre": 0, "kind": "state", "m": 5, "next": [4, 4, 4, 0, 2], "period": 1, "recurrent_predicate": false, "state": [2, 2, 3, 4, 1], "tail": 8}
{"N": 5, "decoder": 4, "fibre": 4, "kind": "state", "m": 5, "next": [0, 0, 4, 0, 0], "period": 1, "recurrent_predicate": false, "state": [2, 2, 3, 4, 2], "tail": 4}
{"N": 5, "decoder": 1, "fibre": 1, "kind": "state", "m": 5, "next": [4, 4, 0, 0, 0], "period": 1, "recurrent_predicate": false, "state": [2, 2, 3, 4, 3], "tail": 5}
{"N": 5, "decoder": 0, "fibre": 0, "kind": "state", "m": 5, "next": [4, 4, 4, 1, 1], "period": 1, "recurrent_predicate": false, "state": [2, 2, 3, 4, 4], "tail": 3}
{"N": 5, "decoder": 0, "fibre": 0, "kind": "state", "m": 5, "next": [4, 4, 0, 2, 2], "period": 1, "recurrent_predicate": false, "state": [2, 2, 4, 0, 0], "tail": 5}
{"N": 5, "decoder": 0, "fibre": 0, "kind": "state", "m": 5, "next": [4, 4, 0, 1, 2], "period": 1, "recurrent_predicate": false, "state": [2, 2, 4, 0, 1], "tail": 6}
{"N": 5, "decoder": 3, "fibre": 3, "kind": "state", "m": 5, "next": [0, 0, 0, 1, 0], "period": 1, "recurrent_predicate": false, "state": [2, 2, 4, 0, 2], "tail": 3}
{"N": 5, "decoder": 1, "fibre": 1, "kind": "state", "m": 5, "next": [4, 4, 0, 1, 4], "period": 1, "recurrent_predicate": false, "state": [2, 2, 4, 0, 3], "tail": 5}
{"N": 5, "decoder": 1, "fibre": 1, "kind": "state", "m": 5, "next": [4, 4, 1, 1, 1], "period": 1, "recurrent_predicate": false, "state": [2, 2, 4, 0, 4], "tail": 4}
{"N": 5, "decoder": 0, "fibre": 0, "kind": "state", "m": 5, "next": [4, 4, 0, 2, 1], "period": 1, "recurrent_predicate": false, "state": [2, 2, 4, 1, 0], "tail": 6}
{"N": 5, "decoder": 1, "fibre": 1, "kind": "state", "m": 5, "next": [4, 4, 0, 3, 3], "period": 1, "recurrent_predicate": false, "state": [2, 2, 4, 1, 1], "tail": 6}
{"N": 5, "decoder": 1, "fibre": 1, "kind": "state", "m": 5, "next": [0, 0, 0, 2, 0], "period": 1, "recurrent_predicate": false, "state": [2, 2, 4, 1, 2], "tail": 5}
{"N": 5, "decoder": 0, "fibre": 0, "kind": "state", "m": 5, "next": [4, 4, 0, 2, 4], "period": 1, "recurrent_predicate": false, "state": [2, 2, 4, 1, 3], "tail": 8}
{"N": 5, "decoder": 0, "fibre": 0, "kind": "state", "m": 5, "next": [4, 4, 1, 2, 1], "period": 1, "recurrent_predicate": false, "state": [2, 2, 4, 1, 4], "tail": 5}
{"N": 5, "decoder": 3, "fibre": 3, "kind": "state", "m": 5, "next": [0, 0, 0, 0, 1], "period": 1, "recurrent_predicate": false, "state": [2, 2, 4, 2, 0], "tail": 3}
{"N": 5, "decoder": 1, "fibre": 1, "kind": "state", "m": 5, "next": [0, 0, 0, 0, 2], "period": 1, "recurrent_predicate": false, "state": [2, 2, 4, 2, 1], "tail": 5}
{"N": 5, "decoder": 4, "fibre": 4, "kind": "state", "m": 5, "next": [1, 1, 0, 1, 1], "period": 1, "recurrent_predicate": false, "state": [2, 2, 4, 2, 2], "tail": 4}
{"N": 5, "decoder": 4, "fibre": 4, "kind": "state", "m": 5, "next": [0, 0, 0, 0, 4], "period": 1, "recurrent_predicate": false, "state": [2, 2, 4, 2, 3], "tail": 4}
{"N": 5, "decoder": 4, "fibre": 4, "kind": "state", "m": 5, "next": [0, 0, 1, 0, 1], "period": 1, "recurrent_predicate": false, "state": [2, 2, 4, 2, 4], "tail": 2}
{"N": 5, "decoder": 1, "fibre": 1, "kind": "state", "m": 5, "next": [4, 4, 0, 4, 1], "period": 1, "recurrent_predicate": false, "state": [2, 2, 4, 3, 0], "tail": 5}
{"N": 5, "decoder": 0, "fibre": 0, "kind": "state", "m": 5, "next": [4, 4, 0, 4, 2], "period": 1, "recurrent_predicate": false, "state": [2, 2, 4, 3, 1], "tail": 8}
{"N": 5, "decoder": 4, "fibre": 4, "kind": "state", "m": 5, "next": [0, 0, 0, 4, 0], "period": 1, "recurrent_predicate": false, "state": [2, 2, 4, 3, 2], "tail": 4}
{"N": 5, "decoder": 1, "fibre": 1, "kind": "state", "m": 5, "next": [4, 4, 0, 0, 0], "period": 1, "recurrent_predicate": false, "state": [2, 2, 4, 3, 3], "tail": 5}
{"N": 5, "decoder": 0, "fibre": 0, "kind": "state", "m": 5, "next": [4, 4, 1, 4, 1], "period": 1, "recurrent_predicate": false, "state": [2, 2, 4, 3, 4], "tail": 3}
{"N": 5, "decoder": 1, "fibre": 1, "kind": "state", "m": 5, "next": [4, 4, 1, 1, 1], "period": 1, "recurrent_predicate": false, "state": [2, 2, 4, 4, 0], "tail": 4}
{"N": 5, "decoder": 0, "fibre": 0, "kind": "state", "m": 5, "next": [4, 4, 1, 1, 2], "period": 1, "recurrent_predicate": false, "state": [2, 2, 4, 4, 1], "tail": 5}
{"N": 5, "decoder": 4, "fibre": 4, "kind": "state", "m": 5, "next": [0, 0, 1, 1, 0], "period": 1, "recurrent_predicate": false, "state": [2, 2, 4, 4, 2], "tail": 2}
{"N": 5, "decoder": 0, "fibre": 0, "kind": "state", "m": 5, "next": [4, 4, 1, 1, 4], "period": 1, "recurrent_predicate": false, "state": [2, 2, 4, 4, 3], "tail": 3}
{"N": 5, "decoder": 4, "fibre": 4, "kind": "state", "m": 5, "next": [4, 4, 2, 2, 2], "period": 1, "recurrent_predicate": false, "state": [2, 2, 4, 4, 4], "tail": 3}
{"N": 5, "decoder": 3, "fibre": 3, "kind": "state", "m": 5, "next": [3, 4, 3, 3, 3], "period": 1, "recurrent_predicate": false, "state": [2, 3, 0, 0, 0], "tail": 3}
{"N": 5, "decoder": 1, "fibre": 1, "kind": "state", "m": 5, "next": [3, 4, 2, 2, 2], "period": 1, "recurrent_predicate": false, "state": [2, 3, 0, 0, 1], "tail": 5}
{"N": 5, "decoder": 1, "fibre": 1, "kind": "state", "m": 5, "next": [4, 4, 2, 2, 4], "period": 1, "recurrent_predicate": false, "state": [2, 3, 0, 0, 2], "tail": 4}
{"N": 5, "decoder": 0, "fibre": 0, "kind": "state", "m": 5, "next": [3, 0, 2, 2, 0], "period": 1, "recurrent_predicate": false, "state": [2, 3, 0, 0, 3], "tail": 5}
{"N": 5, "decoder": 0, "fibre": 0, "kind": "state", "m": 5, "next": [3, 4, 2, 2, 0], "period": 1, "recurrent_predicate": false, "state": [2, 3, 0, 0, 4], "tail": 6}
{"N": 5, "decoder": 1, "fibre": 1, "kind": "state", "m": 5, "next": [3, 4, 2, 2, 2], "period": 1, "recurrent_predicate": false, "state": [2, 3, 0, 1, 0], "tail": 5}
{"N": 5, "decoder": 0, "fibre": 0, "kind": "state", "m": 5, "next": [3, 4, 1, 3, 3], "period": 1, "recurrent_predicate": false, "state": [2, 3, 0, 1, 1], "tail": 8}
{"N": 5, "decoder": 0, "fibre": 0, "kind": "state", "m": 5, "next": [4, 4, 1, 2, 4], "period": 1, "recurrent_predicate": false, "state": [2, 3, 0, 1, 2], "tail": 4}
{"N": 5, "decoder": 0, "fibre": 0, "kind": "state", "m": 5, "next": [3, 0, 1, 2, 0], "period": 1, "recurrent_predicate": false, "state": [2, 3, 0, 1, 3], "tail": 6}
{"N": 5, "decoder": 1, "fibre": 1, "kind": "state", "m": 5, "next": [3, 4, 1, 2, 0], "period": 5, "recurrent_predicate": true, "state": [2, 3, 0, 1, 4], "tail": 0}
{"N": 5, "decoder": 1, "fibre": 1, "kind": "state", "m": 5, "next": [4, 4, 2, 4, 2], "period": 1, "recurrent_predicate": false, "state": [2, 3, 0, 2, 0], "tail": 4}
{"N": 5, "decoder": 0, "fibre": 0, "kind": "state", "m": 5, "next": [4, 4, 1, 4, 2], "period": 1, "recurrent_predicate": false, "state": [2, 3, 0, 2, 1], "tail": 4}
{"N": 5, "decoder": 3, "fibre": 3, "kind": "state", "m": 5, "next": [0, 4, 1, 0, 0], "period": 1, "recurrent_predicate": false, "state": [2, 3, 0, 2, 2], "tail": 7}
{"N": 5, "decoder": 1, "fibre": 1, "kind": "state", "m": 5, "next": [4, 0, 1, 4, 0], "period": 1, "recurrent_predicate": false, "state": [2, 3, 0, 2, 3], "tail": 6}
{"N": 5, "decoder": 1, "fibre": 1, "kind": "state", "m": 5, "next": [4, 4, 1, 4, 0], "period": 1, "recurrent_predicate": false, "state": [2, 3, 0, 2, 4], "tail": 5}
{"N": 5, "decoder": 0, "fibre": 0, "kind": "state", "m": 5, "next": [3, 0, 2, 0, 2], "period": 1, "recurrent_predicate": false, "state": [2, 3, 0, 3, 0], "tail": 5}
{"N": 5, "decoder": 0, "fibre": 0, "kind": "state", "m": 5, "next": [3, 0, 1, 0, 2], "period": 1, "recurrent_predicate": false, "state": [2, 3, 0, 3, 1], "tail": 6}
{"N": 5, "decoder": 1, "fibre": 1, "kind": "state", "m": 5, "next": [4, 0, 1, 0, 4], "period": 1, "recurrent_predicate": false, "state": [2, 3, 0, 3, 2], "tail": 6}
{"N": 5, "decoder": 1, "fibre": 1, "kind": "state", "m": 5, "next": [3, 1, 1, 1, 1], "period": 1, "recurrent_predicate": false, "state": [2, 3, 0, 3, 3], "tail": 5}
{"N": 5, "decoder": 0, "fibre": 0, "kind": "state", "m": 5, "next": [3, 0, 1, 0, 0], "period": 1, "recurrent_predicate": false, "state": [2, 3, 0, 3, 4], "tail": 8}
{"N": 5, "decoder": 0, "fibre": 0, "kind": "state", "m": 5, "next": [3, 4, 2, 0, 2], "period": 1, "recurrent_predicate": false, "state": [2, 3, 0, 4, 0], "tail": 6}
{"N": 5, "decoder": 1, "fibre": 1, "kind": "state", "m": 5, "next": [3, 4, 1, 0, 2], "period": 5, "recurrent_predicate": true, "state": [2, 3, 0, 4, 1], "tail": 0}
{"N": 5, "decoder": 1, "fibre": 1, "kind": "state", "m": 5, "next": [4, 4, 1, 0, 4], "period": 1, "recurrent_predicate": false, "state": [2, 3, 0, 4, 2], "tail": 5}
{"N": 5, "decoder": 0, "fibre": 0, "kind": "state", "m": 5, "next": [3, 0, 1, 0, 0], "period": 1, "recurrent_predicate": false, "state": [2, 3, 0, 4, 3], "tail": 8}
{"N": 5, "decoder": 0, "fibre": 0, "kind": "state", "m": 5, "next": [3, 4, 1, 1, 1], "period": 1, "recurrent_predicate": false, "state": [2, 3, 0, 4, 4], "tail": 4}
{"N": 5, "decoder": 1, "fibre": 1, "kind": "state", "m": 5, "next": [3, 4, 2, 2, 2], "period": 1, "recurrent_predicate": false, "state": [2, 3, 1, 0, 0], "tail": 5}
{"N": 5, "decoder": 0, "fibre": 0, "kind": "state", "m": 5, "next": [3, 4, 3, 1, 3], "period": 1, "recurrent_predicate": false, "state": [2, 3, 1, 0, 1], "tail": 8}
{"N": 5, "decoder": 0, "fibre": 0, "kind": "state", "m": 5, "next": [4, 4, 2, 1, 4], "period": 1, "recurrent_predicate": false, "state": [2, 3, 1, 0, 2], "tail": 4}
{"N": 5, "decoder": 0, "fibre": 0, "kind": "state", "m": 5, "next": [3, 0, 2, 1, 0], "period": 1, "recurrent_predicate": false, "state": [2, 3, 1, 0, 3], "tail": 6}
{"N": 5, "decoder": 1, "fibre": 1, "kind": "state", "m": 5, "next": [3, 4, 2, 1, 0], "period": 5, "recurrent_predicate": true, "state": [2, 3, 1, 0, 4], "tail": 0}
{"N": 5, "decoder": 0, "fibre": 0, "kind": "state", "m": 5, "next": [3, 4, 3, 3, 1], "period": 1, "recurrent_predicate": false, "state": [2, 3, 1, 1, 0], "tail": 8}
{"N": 5, "decoder": 4, "fibre": 4, "kind": "state", "m": 5, "next": [3, 4, 4, 4, 4], "period": 1, "recurrent_predicate": false, "state": [2, 3, 1, 1, 1], "tail": 4}
{"N": 5, "decoder": 1, "fibre": 1, "kind": "state", "m": 5, "next": [4, 4, 3, 3, 4], "period": 1, "recurrent_predicate": false, "state": [2, 3, 1, 1, 2], "tail": 5}
{"N": 5, "decoder": 0, "fibre": 0, "kind": "state", "m": 5, "next": [3, 0, 3, 3, 0], "period": 1, "recurrent_predicate": false, "state": [2, 3, 1, 1, 3], "tail": 3}
{"N": 5, "decoder": 1, "fibre": 1, "kind": "state", "m": 5, "next": [3, 4, 3, 3, 0], "period": 1, "recurrent_predicate": false, "state": [2, 3, 1, 1, 4], "tail": 5}
{"N": 5, "decoder": 0, "fibre": 0, "kind": "state", "m": 5, "next": [4, 4, 2, 4, 1], "period": 1, "recurrent_predicate": false, "state": [2, 3, 1, 2, 0], "tail": 4}
{"N": 5, "decoder": 1, "fibre": 1, "kind": "state", "m": 5, "next": [4, 4, 3, 4, 3], "period": 1, "recurrent_predicate": false, "state": [2, 3, 1, 2, 1], "tail": 5}
{"N": 5, "decoder": 1, "fibre": 1, "kind": "state", "m": 5, "next": [0, 4, 2, 0, 0], "period": 1, "recurrent_predicate": false, "state": [2, 3, 1, 2, 2], "tail": 6}
{"N": 5, "decoder": 0, "fibre": 0, "kind": "state", "m": 5, "next": [4, 0, 2, 4, 0], "period": 1, "recurrent_predicate": false, "state": [2, 3, 1, 2, 3], "tail": 7}
{"N": 5, "decoder": 0, "fibre": 0, "kind": "state", "m": 5, "next": [4, 4, 2, 4, 0], "period": 1, "recurrent_predicate": false, "state": [2, 3, 1, 2, 4], "tail": 8}
{"N": 5, "decoder": 0, "fibre": 0, "kind": "state", "m": 5, "next": [3, 0, 2, 0, 1], "period": 1, "recurrent_predicate": false, "state": [2, 3, 1, 3, 0], "tail": 6}
{"N": 5, "decoder": 0, "fibre": 0, "kind": "state", "m": 5, "next": [3, 0, 3, 0, 3], "period": 1, "recurrent_predicate": false, "state": [2, 3, 1, 3, 1], "tail": 3}
{"N": 5, "decoder": 0, "fibre": 0, "kind": "state", "m": 5, "next": [4, 0, 2, 0, 4], "period": 1, "recurrent_predicate": false, "state": [2, 3, 1, 3, 2], "tail": 7}
{"N": 5, "decoder": 0, "fibre": 0, "kind": "state", "m": 5, "next": [3, 1, 2, 1, 1], "period": 1, "recurrent_predicate": false, "state": [2, 3, 1, 3, 3], "tail": 5}
{"N": 5, "decoder": 0, "fibre": 0, "kind": "state", "m": 5, "next": [3, 0, 2, 0, 0], "period": 1, "recurrent_predicate": false, "state": [2, 3, 1, 3, 4], "tail": 4}
{"N": 5, "decoder": 1, "fibre": 1, "kind": "state", "m": 5, "next": [3, 4, 2, 0, 1], "period": 5, "recurrent_predicate": true, "state": [2, 3, 1, 4, 0], "tail": 0}
{"N": 5, "decoder": 1, "fibre": 1, "kind": "state", "m": 5, "next": [3, 4, 3, 0, 3], "period": 1, "recurrent_predicate": false, "state": [2, 3, 1, 4, 1], "tail": 5}
{"N": 5, "decoder": 0, "fibre": 0, "kind": "state", "m": 5, "next": [4, 4, 2, 0, 4], "period": 1, "recurrent_predicate": false, "state": [2, 3, 1, 4, 2], "tail": 8}
{"N": 5, "decoder": 0, "fibre": 0, "kind": "state", "m": 5, "next": [3, 0, 2, 0, 0], "period": 1, "recurrent_predicate": false, "state": [2, 3, 1, 4, 3], "tail": 4}
{"N": 5, "decoder": 0, "fibre": 0, "kind": "state", "m": 5, "next": [3, 4, 2, 1, 1], "period": 1, "recurrent_predicate": false, "state": [2, 3, 1, 4, 4], "tail": 6}
{"N": 5, "decoder": 1, "fibre": 1, "kind": "state", "m": 5, "next": [4, 4, 4, 2, 2], "period": 1, "recurrent_predicate": false, "state": [2, 3, 2, 0, 0], "tail": 4}
{"N": 5, "decoder": 0, "fibre": 0, "kind": "state", "m": 5, "next": [4, 4, 4, 1, 2], "period": 1, "recurrent_predicate": false, "state": [2, 3, 2, 0, 1], "tail": 4}
{"N": 5, "decoder": 3, "fibre": 3, "kind": "state", "m": 5, "next": [0, 4, 0, 1, 0], "period": 1, "recurrent_predicate": false, "state": [2, 3, 2, 0, 2], "tail": 7}
{"N": 5, "decoder": 1, "fibre": 1, "kind": "state", "m": 5, "next": [4, 0, 4, 1, 0], "period": 1, "recurrent_predicate": false, "state": [2, 3, 2, 0, 3], "tail": 6}
{"N": 5, "decoder": 1, "fibre": 1, "kind": "state", "m": 5, "next": [4, 4, 4, 1, 0], "period": 1, "recurrent_predicate": false, "state": [2, 3, 2, 0, 4], "tail": 5}
{"N": 5, "decoder": 0, "fibre": 0, "kind": "state", "m": 5, "next": [4, 4, 4, 2, 1], "period": 1, "recurrent_predicate": false, "state": [2, 3, 2, 1, 0], "tail": 4}
{"N": 5, "decoder": 1, "fibre": 1, "kind": "state", "m": 5, "next": [4, 4, 4, 3, 3], "period": 1, "recurrent_predicate": false, "state": [2, 3, 2, 1, 1], "tail": 5}
{"N": 5, "decoder": 1, "fibre": 1, "kind": "state", "m": 5, "next": [0, 4, 0, 2, 0], "period": 1, "recurrent_predicate": false, "state": [2, 3, 2, 1, 2], "tail": 6}
{"N": 5, "decoder": 0, "fibre": 0, "kind": "state", "m": 5, "next": [4, 0, 4, 2, 0], "period": 1, "recurrent_predicate": false, "state": [2, 3, 2, 1, 3], "tail": 7}
{"N": 5, "decoder": 0, "fibre": 0, "kind": "state", "m": 5, "next": [4, 4, 4, 2, 0], "period": 1, "recurrent_predicate": false, "state": [2, 3, 2, 1, 4], "tail": 8}
{"N": 5, "decoder": 3, "fibre": 3, "kind": "state", "m": 5, "next": [0, 4, 0, 0, 1], "period": 1, "recurrent_predicate": false, "state": [2, 3, 2, 2, 0], "tail": 7}
{"N": 5, "decoder": 1, "fibre": 1, "kind": "state", "m": 5, "next": [0, 4, 0, 0, 2], "period": 1, "recurrent_predicate": false, "state": [2, 3, 2, 2, 1], "tail": 6}
{"N": 5, "decoder": 5, "fibre": 5, "kind": "state", "m": 5, "next": [1, 4, 1, 1, 1], "period": 1, "recurrent_predicate": false, "state": [2, 3, 2, 2, 2], "tail": 2}
{"N": 5, "decoder": 1, "fibre": 1, "kind": "state", "m": 5, "next": [0, 0, 0, 0, 0], "period": 1, "recurrent_predicate": false, "state": [2, 3, 2, 2, 3], "tail": 1}
{"N": 5, "decoder": 4, "fibre": 4, "kind": "state", "m": 5, "next": [0, 4, 0, 0, 0], "period": 1, "recurrent_predicate": false, "state": [2, 3, 2, 2, 4], "tail": 4}
{"N": 5, "decoder": 1, "fibre": 1, "kind": "state", "m": 5, "next": [4, 0, 4, 0, 1], "period": 1, "recurrent_predicate": false, "state": [2, 3, 2, 3, 0], "tail": 6}
{"N": 5, "decoder": 0, "fibre": 0, "kind": "state", "m": 5, "next": [4, 0, 4, 0, 2], "period": 1, "recurrent_predicate": false, "state": [2, 3, 2, 3, 1], "tail": 7}
{"N": 5, "decoder": 1, "fibre": 1, "kind": "state", "m": 5, "next": [0, 0, 0, 0, 0], "period": 1, "recurrent_predicate": false, "state": [2, 3, 2, 3, 2], "tail": 1}
{"N": 5, "decoder": 3, "fibre": 3, "kind": "state", "m": 5, "next": [4, 1, 4, 1, 1], "period": 1, "recurrent_predicate": false, "state": [2, 3, 2, 3, 3], "tail": 4}
{"N": 5, "decoder": 1, "fibre": 1, "kind": "state", "m": 5, "next": [4, 0, 4, 0, 0], "period": 1, "recurrent_predicate": false, "state": [2, 3, 2, 3, 4], "tail": 5}
{"N": 5, "decoder": 1, "fibre": 1, "kind": "state", "m": 5, "next": [4, 4, 4, 0, 1], "period": 1, "recurrent_predicate": false, "state": [2, 3, 2, 4, 0], "tail": 5}
{"N": 5, "decoder": 0, "fibre": 0, "kind": "state", "m": 5, "next": [4, 4, 4, 0, 2], "period": 1, "recurrent_predicate": false, "state": [2, 3, 2, 4, 1], "tail": 8}
{"N": 5, "decoder": 4, "fibre": 4, "kind": "state", "m": 5, "next": [0, 4, 0, 0, 0], "period": 1, "recurrent_predicate": false, "state": [2, 3, 2, 4, 2], "tail": 4}
{"N": 5, "decoder": 1, "fibre": 1, "kind": "state", "m": 5, "next": [4, 0, 4, 0, 0], "period": 1, "recurrent_predicate": false, "state": [2, 3, 2, 4, 3], "tail": 5}
{"N": 5, "decoder": 0, "fibre": 0, "kind": "state", "m": 5, "next": [4, 4, 4, 1, 1], "period": 1, "recurrent_predicate": false, "state": [2, 3, 2, 4, 4], "tail": 3}
{"N": 5, "decoder": 0, "fibre": 0, "kind": "state", "m": 5, "next": [3, 0, 0, 2, 2], "period": 1, "recurrent_predicate": false, "state": [2, 3, 3, 0, 0], "tail": 5}
{"N": 5, "decoder": 0, "fibre": 0, "kind": "state", "m": 5, "next": [3, 0, 0, 1, 2], "period": 1, "recurrent_predicate": false, "state": [2, 3, 3, 0, 1], "tail": 6}
{"N": 5, "decoder": 1, "fibre": 1, "kind": "state", "m": 5, "next": [4, 0, 0, 1, 4], "period": 1, "recurrent_predicate": false, "state": [2, 3, 3, 0, 2], "tail": 6}
{"N": 5, "decoder": 1, "fibre": 1, "kind": "state", "m": 5, "next": [3, 1, 1, 1, 1], "period": 1, "recurrent_predicate": false, "state": [2, 3, 3, 0, 3], "tail": 5}
{"N": 5, "decoder": 0, "fibre": 0, "kind": "state", "m": 5, "next": [3, 0, 0, 1, 0], "period": 1, "recurrent_predicate": false, "state": [2, 3, 3, 0, 4], "tail": 8}
{"N": 5, "decoder": 0, "fibre": 0, "kind": "state", "m": 5, "next": [3, 0, 0, 2, 1], "period": 1, "recurrent_predicate": false, "state": [2, 3, 3, 1, 0], "tail": 6}
{"N": 5, "decoder": 0, "fibre": 0, "kind": "state", "m": 5, "next": [3, 0, 0, 3, 3], "period": 1, "recurrent_predicate": false, "state": [2, 3, 3, 1, 1], "tail": 3}
{"N": 5, "decoder": 0, "fibre": 0, "kind": "state", "m": 5, "next": [4, 0, 0, 2, 4], "period": 1, "recurrent_predicate": false, "state": [2, 3, 3, 1, 2], "tail": 7}
{"N": 5, "decoder": 0, "fibre": 0, "kind": "state", "m": 5, "next": [3, 1, 1, 2, 1], "period": 1, "recurrent_predicate": false, "state": [2, 3, 3, 1, 3], "tail": 5}
{"N": 5, "decoder": 0, "fibre": 0, "kind": "state", "m": 5, "next": [3, 0, 0, 2, 0], "period": 1, "recurrent_predicate": false, "state": [2, 3, 3, 1, 4], "tail": 4}
{"N": 5, "decoder": 1, "fibre": 1, "kind": "state", "m": 5, "next": [4, 0, 0, 4, 1], "period": 1, "recurrent_predicate": false, "state": [2, 3, 3, 2, 0], "tail": 6}
{"N": 5, "decoder": 0, "fibre": 0, "kind": "state", "m": 5, "next": [4, 0, 0, 4, 2], "period": 1, "recurrent_predicate": false, "state": [2, 3, 3, 2, 1], "tail": 7}
{"N": 5, "decoder": 1, "fibre": 1, "kind": "state", "m": 5, "next": [0, 0, 0, 0, 0], "period": 1, "recurrent_predicate": false, "state": [2, 3, 3, 2, 2], "tail": 1}
{"N": 5, "decoder": 3, "fibre": 3, "kind": "state", "m": 5, "next": [4, 1, 1, 4, 1], "period": 1, "recurrent_predicate": false, "state": [2, 3, 3, 2, 3], "tail": 4}
{"N": 5, "decoder": 1, "fibre": 1, "kind": "state", "m": 5, "next": [4, 0, 0, 4, 0], "period": 1, "recurrent_predicate": false, "state": [2, 3, 3, 2, 4], "tail": 5}
{"N": 5, "decoder": 1, "fibre": 1, "kind": "state", "m": 5, "next": [3, 1, 1, 1, 1], "period": 1, "recurrent_predicate": false, "state": [2, 3, 3, 3, 0], "tail": 5}
{"N": 5, "decoder": 0, "fibre": 0, "kind": "state", "m": 5, "next": [3, 1, 1, 1, 2], "period": 1, "recurrent_predicate": false, "state": [2, 3, 3, 3, 1], "tail": 5}
{"N": 5, "decoder": 3, "fibre": 3, "kind": "state", "m": 5, "next": [4, 1, 1, 1, 4], "period": 1, "recurrent_predicate": false, "state": [2, 3, 3, 3, 2], "tail": 4}
{"N": 5, "decoder": 5, "fibre": 5, "kind": "state", "m": 5, "next": [3, 2, 2, 2, 2], "period": 1, "recurrent_predicate": false, "state": [2, 3, 3, 3, 3], "tail": 3}
{"N": 5, "decoder": 1, "fibre": 1, "kind": "state", "m": 5, "next": [3, 1, 1, 1, 0], "period": 1, "recurrent_predicate": false, "state": [2, 3, 3, 3, 4], "tail": 6}
{"N": 5, "decoder": 0, "fibre": 0, "kind": "state", "m": 5, "next": [3, 0, 0, 0, 1], "period": 1, "recurrent_predicate": false, "state": [2, 3, 3, 4, 0], "tail": 8}
{"N": 5, "decoder": 0, "fibre": 0, "kind": "state", "m": 5, "next": [3, 0, 0, 0, 2], "period": 1, "recurrent_predicate": false, "state": [2, 3, 3, 4, 1], "tail": 4}
{"N": 5, "decoder": 1, "fibre": 1, "kind": "state", "m": 5, "next": [4, 0, 0, 0, 4], "period": 1, "recurrent_predicate": false, "state": [2, 3, 3, 4, 2], "tail": 5}
{"N": 5, "decoder": 1, "fibre": 1, "kind": "state", "m": 5, "next": [3, 1, 1, 0, 1], "period": 1, "recurrent_predicate": false, "state": [2, 3, 3, 4, 3], "tail": 6}
{"N": 5, "decoder": 0, "fibre": 0, "kind": "state", "m": 5, "next": [3, 0, 0, 1, 1], "period": 1, "recurrent_predicate": false, "state": [2, 3, 3, 4, 4], "tail": 7}
{"N": 5, "decoder": 0, "fibre": 0, "kind": "state", "m": 5, "next": [3, 4, 0, 2, 2], "period": 1, "recurrent_predicate": false, "state": [2, 3, 4, 0, 0], "tail": 6}
{"N": 5, "decoder": 1, "fibre": 1, "kind": "state", "m": 5, "next": [3, 4, 0, 1, 2], "period": 5, "recurrent_predicate": true, "state": [2, 3, 4, 0, 1], "tail": 0}
{"N": 5, "decoder": 1, "fibre": 1, "kind": "state", "m": 5, "next": [4, 4, 0, 1, 4], "period": 1, "recurrent_predicate": false, "state": [2, 3, 4, 0, 2], "tail": 5}
{"N": 5, "decoder": 0, "fibre": 0, "kind": "state", "m": 5, "next": [3, 0, 0, 1, 0], "period": 1, "recurrent_predicate": false, "state": [2, 3, 4, 0, 3], "tail": 8}
{"N": 5, "decoder": 0, "fibre": 0, "kind": "state", "m": 5, "next": [3, 4, 1, 1, 1], "period": 1, "recurrent_predicate": false, "state": [2, 3, 4, 0, 4], "tail": 4}
{"N": 5, "decoder": 1, "fibre": 1, "kind": "state", "m": 5, "next": [3, 4, 0, 2, 1], "period": 5, "recurrent_predicate": true, "state": [2, 3, 4, 1, 0], "tail": 0}
{"N": 5, "decoder": 1, "fibre": 1, "kind": "state", "m": 5, "next": [3, 4, 0, 3, 3], "period": 1, "recurrent_predicate": false, "state": [2, 3, 4, 1, 1], "tail": 5}
{"N": 5, "decoder": 0, "fibre": 0, "kind": "state", "m": 5, "next": [4, 4, 0, 2, 4], "period": 1, "recurrent_predicate": false, "state": [2, 3, 4, 1, 2], "tail": 8}
{"N": 5, "decoder": 0, "fibre": 0, "kind": "state", "m": 5, "next": [3, 0, 0, 2, 0], "period": 1, "recurrent_predicate": false, "state": [2, 3, 4, 1, 3], "tail": 4}
{"N": 5, "decoder": 0, "fibre": 0, "kind": "state", "m": 5, "next": [3, 4, 1, 2, 1], "period": 1, "recurrent_predicate": false, "state": [2, 3, 4, 1, 4], "tail": 6}
{"N": 5, "decoder": 1, "fibre": 1, "kind": "state", "m": 5, "next": [4, 4, 0, 4, 1], "period": 1, "recurrent_predicate": false, "state": [2, 3, 4, 2, 0], "tail": 5}
{"N": 5, "decoder": 0, "fibre": 0, "kind": "state", "m": 5, "next": [4, 4, 0, 4, 2], "period": 1, "recurrent_predicate": false, "state": [2, 3, 4, 2, 1], "tail": 8}
{"N": 5, "decoder": 4, "fibre": 4, "kind": "state", "m": 5, "next": [0, 4, 0, 0, 0], "period": 1, "recurrent_predicate": false, "state": [2, 3, 4, 2, 2], "tail": 4}
{"N": 5, "decoder": 1, "fibre": 1, "kind": "state", "m": 5, "next": [4, 0, 0, 4, 0], "period": 1, "recurrent_predicate": false, "state": [2, 3, 4, 2, 3], "tail": 5}
{"N": 5, "decoder": 0, "fibre": 0, "kind": "state", "m": 5, "next": [4, 4, 1, 4, 1], "period": 1, "recurrent_predicate": false, "state": [2, 3, 4, 2, 4], "tail": 3}
{"N": 5, "decoder": 0, "fibre": 0, "kind": "state", "m": 5, "next": [3, 0, 0, 0, 1], "period": 1, "recurrent_predicate": false, "state": [2, 3, 4, 3, 0], "tail": 8}
{"N": 5, "decoder": 0, "fibre": 0, "kind": "state", "m": 5, "next": [3, 0, 0, 0, 2], "period": 1, "recurrent_predicate": false, "state": [2, 3, 4, 3, 1], "tail": 4}
{"N": 5, "decoder": 1, "fibre": 1, "kind": "state", "m": 5, "next": [4, 0, 0, 0, 4], "period": 1, "recurrent_predicate": false, "state": [2, 3, 4, 3, 2], "tail": 5}
{"N": 5, "decoder": 1, "fibre": 1, "kind": "state", "m": 5, "next": [3, 1, 0, 1, 1], "period": 1, "recurrent_predicate": false, "state": [2, 3, 4, 3, 3], "tail": 6}
{"N": 5, "decoder": 0, "fibre": 0, "kind": "state", "m": 5, "next": [3, 0, 1, 0, 1], "period": 1, "recurrent_predicate": false, "state": [2, 3, 4, 3, 4], "tail": 7}
{"N": 5, "decoder": 0, "fibre": 0, "kind": "state", "m": 5, "next": [3, 4, 1, 1, 1], "period": 1, "recurrent_predicate": false, "state": [2, 3, 4, 4, 0], "tail": 4}
{"N": 5, "decoder": 0, "fibre": 0, "kind": "state", "m": 5, "next": [3, 4, 1, 1, 2], "period": 1, "recurrent_predicate": false, "state": [2, 3, 4, 4, 1], "tail": 6}
{"N": 5, "decoder": 0, "fibre": 0, "kind": "state", "m": 5, "next": [4, 4, 1, 1, 4], "period": 1, "recurrent_predicate": false, "state": [2, 3, 4, 4, 2], "tail": 3}
{"N": 5, "decoder": 0, "fibre": 0, "kind": "state", "m": 5, "next": [3, 0, 1, 1, 0], "period": 1, "recurrent_predicate": false, "state": [2, 3, 4, 4, 3], "tail": 7}
{"N": 5, "decoder": 0, "fibre": 0, "kind": "state", "m": 5, "next": [3, 4, 2, 2, 2], "period": 1, "recurrent_predicate": false, "state": [2, 3, 4, 4, 4], "tail": 5}
{"N": 5, "decoder": 1, "fibre": 1, "kind": "state", "m": 5, "next": [3, 0, 3, 3, 3], "period": 1, "recurrent_predicate": false, "state": [2, 4, 0, 0, 0], "tail": 5}
{"N": 5, "decoder": 0, "fibre": 0, "kind": "state", "m": 5, "next": [3, 0, 2, 2, 2], "period": 1, "recurrent_predicate": false, "state": [2, 4, 0, 0, 1], "tail": 8}
{"N": 5, "decoder": 0, "fibre": 0, "kind": "state", "m": 5, "next": [4, 0, 2, 2, 4], "period": 1, "recurrent_predicate": false, "state": [2, 4, 0, 0, 2], "tail": 5}
{"N": 5, "decoder": 0, "fibre": 0, "kind": "state", "m": 5, "next": [3, 0, 2, 2, 4], "period": 1, "recurrent_predicate": false, "state": [2, 4, 0, 0, 3], "tail": 6}
{"N": 5, "decoder": 1, "fibre": 1, "kind": "state", "m": 5, "next": [3, 1, 2, 2, 1], "period": 1, "recurrent_predicate": false, "state": [2, 4, 0, 0, 4], "tail": 6}
{"N": 5, "decoder": 0, "fibre": 0, "kind": "state", "m": 5, "next": [3, 0, 2, 2, 2], "period": 1, "recurrent_predicate": false, "state": [2, 4, 0, 1, 0], "tail": 8}
{"N": 5, "decoder": 0, "fibre": 0, "kind": "state", "m": 5, "next": [3, 0, 1, 3, 3], "period": 1, "recurrent_predicate": false, "state": [2, 4, 0, 1, 1], "tail": 4}
{"N": 5, "decoder": 0, "fibre": 0, "kind": "state", "m": 5, "next": [4, 0, 1, 2, 4], "period": 1, "recurrent_predicate": false, "state": [2, 4, 0, 1, 2], "tail": 6}
{"N": 5, "decoder": 1, "fibre": 1, "kind": "state", "m": 5, "next": [3, 0, 1, 2, 4], "period": 5, "recurrent_predicate": true, "state": [2, 4, 0, 1, 3], "tail": 0}
{"N": 5, "decoder": 1, "fibre": 1, "kind": "state", "m": 5, "next": [3, 1, 1, 2, 1], "period": 1, "recurrent_predicate": false, "state": [2, 4, 0, 1, 4], "tail": 5}
{"N": 5, "decoder": 0, "fibre": 0, "kind": "state", "m": 5, "next": [4, 0, 2, 4, 2], "period": 1, "recurrent_predicate": false, "state": [2, 4, 0, 2, 0], "tail": 5}
{"N": 5, "decoder": 0, "fibre": 0, "kind": "state", "m": 5, "next": [4, 0, 1, 4, 2], "period": 1, "recurrent_predicate": false, "state": [2, 4, 0, 2, 1], "tail": 6}
{"N": 5, "decoder": 3, "fibre": 3, "kind": "state", "m": 5, "next": [0, 0, 1, 0, 0], "period": 1, "recurrent_predicate": false, "state": [2, 4, 0, 2, 2], "tail": 3}
{"N": 5, "decoder": 1, "fibre": 1, "kind": "state", "m": 5, "next": [4, 0, 1, 4, 4], "period": 1, "recurrent_predicate": false, "state": [2, 4, 0, 2, 3], "tail": 5}
{"N": 5, "decoder": 1, "fibre": 1, "kind": "state", "m": 5, "next": [4, 1, 1, 4, 1], "period": 1, "recurrent_predicate": false, "state": [2, 4, 0, 2, 4], "tail": 4}
{"N": 5, "decoder": 0, "fibre": 0, "kind": "state", "m": 5, "next": [3, 0, 2, 4, 2], "period": 1, "recurrent_predicate": false, "state": [2, 4, 0, 3, 0], "tail": 6}
{"N": 5, "decoder": 1, "fibre": 1, "kind": "state", "m": 5, "next": [3, 0, 1, 4, 2], "period": 5, "recurrent_predicate": true, "state": [2, 4, 0, 3, 1], "tail": 0}
{"N": 5, "decoder": 1, "fibre": 1, "kind": "state", "m": 5, "next": [4, 0, 1, 4, 4], "period": 1, "recurrent_predicate": false, "state": [2, 4, 0, 3, 2], "tail": 5}
{"N": 5, "decoder": 0, "fibre": 0, "kind": "state", "m": 5, "next": [3, 0, 1, 0, 0], "period": 1, "recurrent_predicate": false, "state": [2, 4, 0, 3, 3], "tail": 8}
{"N": 5, "decoder": 0, "fibre": 0, "kind": "state", "m": 5, "next": [3, 1, 1, 4, 1], "period": 1, "recurrent_predicate": false, "state": [2, 4, 0, 3, 4], "tail": 4}
{"N": 5, "decoder": 1, "fibre": 1, "kind": "state", "m": 5, "next": [3, 1, 2, 1, 2], "period": 1, "recurrent_predicate": false, "state": [2, 4, 0, 4, 0], "tail": 6}
{"N": 5, "decoder": 1, "fibre": 1, "kind": "state", "m": 5, "next": [3, 1, 1, 1, 2], "period": 1, "recurrent_predicate": false, "state": [2, 4, 0, 4, 1], "tail": 5}
{"N": 5, "decoder": 1, "fibre": 1, "kind": "state", "m": 5, "next": [4, 1, 1, 1, 4], "period": 1, "recurrent_predicate": false, "state": [2, 4, 0, 4, 2], "tail": 4}
{"N": 5, "decoder": 0, "fibre": 0, "kind": "state", "m": 5, "next": [3, 1, 1, 1, 4], "period": 1, "recurrent_predicate": false, "state": [2, 4, 0, 4, 3], "tail": 4}
{"N": 5, "decoder": 3, "fibre": 3, "kind": "state", "m": 5, "next": [3, 2, 1, 2, 2], "period": 1, "recurrent_predicate": false, "state": [2, 4, 0, 4, 4], "tail": 7}
{"N": 5, "decoder": 0, "fibre": 0, "kind": "state", "m": 5, "next": [3, 0, 2, 2, 2], "period": 1, "recurrent_predicate": false, "state": [2, 4, 1, 0, 0], "tail": 8}
{"N": 5, "decoder": 0, "fibre": 0, "kind": "state", "m": 5, "next": [3, 0, 3, 1, 3], "period": 1, "recurrent_predicate": false, "state": [2, 4, 1, 0, 1], "tail": 4}
{"N": 5, "decoder": 0, "fibre": 0, "kind": "state", "m": 5, "next": [4, 0, 2, 1, 4], "period": 1, "recurrent_predicate": false, "state": [2, 4, 1, 0, 2], "tail": 6}
{"N": 5, "decoder": 1, "fibre": 1, "kind": "state", "m": 5, "next": [3, 0, 2, 1, 4], "period": 5, "recurrent_predicate": true, "state": [2, 4, 1, 0, 3], "tail": 0}
{"N": 5, "decoder": 1, "fibre": 1, "kind": "state", "m": 5, "next": [3, 1, 2, 1, 1], "period": 1, "recurrent_predicate": false, "state": [2, 4, 1, 0, 4], "tail": 5}
{"N": 5, "decoder": 0, "fibre": 0, "kind": "state", "m": 5, "next": [3, 0, 3, 3, 1], "period": 1, "recurrent_predicate": false, "state": [2, 4, 1, 1, 0], "tail": 4}
{"N": 5, "decoder": 3, "fibre": 3, "kind": "state", "m": 5, "next": [3, 0, 4, 4, 4], "period": 1, "recurrent_predicate": false, "state": [2, 4, 1, 1, 1], "tail": 7}
{"N": 5, "decoder": 1, "fibre": 1, "kind": "state", "m": 5, "next": [4, 0, 3, 3, 4], "period": 1, "recurrent_predicate": false, "state": [2, 4, 1, 1, 2], "tail": 6}
{"N": 5, "decoder": 1, "fibre": 1, "kind": "state", "m": 5, "next": [3, 0, 3, 3, 4], "period": 1, "recurrent_predicate": false, "state": [2, 4, 1, 1, 3], "tail": 5}
{"N": 5, "decoder": 1, "fibre": 1, "kind": "state", "m": 5, "next": [3, 1, 3, 3, 1], "period": 1, "recurrent_predicate": false, "state": [2, 4, 1, 1, 4], "tail": 4}
{"N": 5, "decoder": 0, "fibre": 0, "kind": "state", "m": 5, "next": [4, 0, 2, 4, 1], "period": 1, "recurrent_predicate": false, "state": [2, 4, 1, 2, 0], "tail": 6}
{"N": 5, "decoder": 1, "fibre": 1, "kind": "state", "m": 5, "next": [4, 0, 3, 4, 3], "period": 1, "recurrent_predicate": false, "state": [2, 4, 1, 2, 1], "tail": 6}
{"N": 5, "decoder": 1, "fibre": 1, "kind": "state", "m": 5, "next": [0, 0, 2, 0, 0], "period": 1, "recurrent_predicate": false, "state": [2, 4, 1, 2, 2], "tail": 5}
{"N": 5, "decoder": 0, "fibre": 0, "kind": "state", "m": 5, "next": [4, 0, 2, 4, 4], "period": 1, "recurrent_predicate": false, "state": [2, 4, 1, 2, 3], "tail": 8}
{"N": 5, "decoder": 0, "fibre": 0, "kind": "state", "m": 5, "next": [4, 1, 2, 4, 1], "period": 1, "recurrent_predicate": false, "state": [2, 4, 1, 2, 4], "tail": 5}
{"N": 5, "decoder": 1, "fibre": 1, "kind": "state", "m": 5, "next": [3, 0, 2, 4, 1], "period": 5, "recurrent_predicate": true, "state": [2, 4, 1, 3, 0], "tail": 0}
{"N": 5, "decoder": 1, "fibre": 1, "kind": "state", "m": 5, "next": [3, 0, 3, 4, 3], "period": 1, "recurrent_predicate": false, "state": [2, 4, 1, 3, 1], "tail": 5}
{"N": 5, "decoder": 0, "fibre": 0, "kind": "state", "m": 5, "next": [4, 0, 2, 4, 4], "period": 1, "recurrent_predicate": false, "state": [2, 4, 1, 3, 2], "tail": 8}
{"N": 5, "decoder": 0, "fibre": 0, "kind": "state", "m": 5, "next": [3, 0, 2, 0, 0], "period": 1, "recurrent_predicate": false, "state": [2, 4, 1, 3, 3], "tail": 4}
{"N": 5, "decoder": 0, "fibre": 0, "kind": "state", "m": 5, "next": [3, 1, 2, 4, 1], "period": 1, "recurrent_predicate": false, "state": [2, 4, 1, 3, 4], "tail": 6}
{"N": 5, "decoder": 1, "fibre": 1, "kind": "state", "m": 5, "next": [3, 1, 2, 1, 1], "period": 1, "recurrent_predicate": false, "state": [2, 4, 1, 4, 0], "tail": 5}
{"N": 5, "decoder": 1, "fibre": 1, "kind": "state", "m": 5, "next": [3, 1, 3, 1, 3], "period": 1, "recurrent_predicate": false, "state": [2, 4, 1, 4, 1], "tail": 4}
{"N": 5, "decoder": 0, "fibre": 0, "kind": "state", "m": 5, "next": [4, 1, 2, 1, 4], "period": 1, "recurrent_predicate": false, "state": [2, 4, 1, 4, 2], "tail": 5}
{"N": 5, "decoder": 0, "fibre": 0, "kind": "state", "m": 5, "next": [3, 1, 2, 1, 4], "period": 1, "recurrent_predicate": false, "state": [2, 4, 1, 4, 3], "tail": 6}
{"N": 5, "decoder": 3, "fibre": 3, "kind": "state", "m": 5, "next": [3, 2, 2, 2, 2], "period": 1, "recurrent_predicate": false, "state": [2, 4, 1, 4, 4], "tail": 3}
{"N": 5, "decoder": 0, "fibre": 0, "kind": "state", "m": 5, "next": [4, 0, 4, 2, 2], "period": 1, "recurrent_predicate": false, "state": [2, 4, 2, 0, 0], "tail": 5}
{"N": 5, "decoder": 0, "fibre": 0, "kind": "state", "m": 5, "next": [4, 0, 4, 1, 2], "period": 1, "recurrent_predicate": false, "state": [2, 4, 2, 0, 1], "tail": 6}
{"N": 5, "decoder": 3, "fibre": 3, "kind": "state", "m": 5, "next": [0, 0, 0, 1, 0], "period": 1, "recurrent_predicate": false, "state": [2, 4, 2, 0, 2], "tail": 3}
{"N": 5, "decoder": 1, "fibre": 1, "kind": "state", "m": 5, "next": [4, 0, 4, 1, 4], "period": 1, "recurrent_predicate": false, "state": [2, 4, 2, 0, 3], "tail": 5}
{"N": 5, "decoder": 1, "fibre": 1, "kind": "state", "m": 5, "next": [4, 1, 4, 1, 1], "period": 1, "recurrent_predicate": false, "state": [2, 4, 2, 0, 4], "tail": 4}
{"N": 5, "decoder": 0, "fibre": 0, "kind": "state", "m": 5, "next": [4, 0, 4, 2, 1], "period": 1, "recurrent_predicate": false, "state": [2, 4, 2, 1, 0], "tail": 6}
{"N": 5, "decoder": 1, "fibre": 1, "kind": "state", "m": 5, "next": [4, 0, 4, 3, 3], "period": 1, "recurrent_predicate": false, "state": [2, 4, 2, 1, 1], "tail": 6}
{"N": 5, "decoder": 1, "fibre": 1, "kind": "state", "m": 5, "next": [0, 0, 0, 2, 0], "period": 1, "recurrent_predicate": false, "state": [2, 4, 2, 1, 2], "tail": 5}
{"N": 5, "decoder": 0, "fibre": 0, "kind": "state", "m": 5, "next": [4, 0, 4, 2, 4], "period": 1, "recurrent_predicate": false, "state": [2, 4, 2, 1, 3], "tail": 8}
{"N": 5, "decoder": 0, "fibre": 0, "kind": "state", "m": 5, "next": [4, 1, 4, 2, 1], "period": 1, "recurrent_predicate": false, "state": [2, 4, 2, 1, 4], "tail": 5}
{"N": 5, "decoder": 3, "fibre": 3, "kind": "state", "m": 5, "next": [0, 0, 0, 0, 1], "period": 1, "recurrent_predicate": false, "state": [2, 4, 2, 2, 0], "tail": 3}
{"N": 5, "decoder": 1, "fibre": 1, "kind": "state", "m": 5, "next": [0, 0, 0, 0, 2], "period": 1, "recurrent_predicate": false, "state": [2, 4, 2, 2, 1], "tail": 5}
{"N": 5, "decoder": 4, "fibre": 4, "kind": "state", "m": 5, "next": [1, 0, 1, 1, 1], "period": 1, "recurrent_predicate": false, "state": [2, 4, 2, 2, 2], "tail": 4}
{"N": 5, "decoder": 4, "fibre": 4, "kind": "state", "m": 5, "next": [0, 0, 0, 0, 4], "period": 1, "recurrent_predicate": false, "state": [2, 4, 2, 2, 3], "tail": 4}
{"N": 5, "decoder": 4, "fibre": 4, "kind": "state", "m": 5, "next": [0, 1, 0, 0, 1], "period": 1, "recurrent_predicate": false, "state": [2, 4, 2, 2, 4], "tail": 2}
{"N": 5, "decoder": 1, "fibre": 1, "kind": "state", "m": 5, "next": [4, 0, 4, 4, 1], "period": 1, "recurrent_predicate": false, "state": [2, 4, 2, 3, 0], "tail": 5}
{"N": 5, "decoder": 0, "fibre": 0, "kind": "state", "m": 5, "next": [4, 0, 4, 4, 2], "period": 1, "recurrent_predicate": false, "state": [2, 4, 2, 3, 1], "tail": 8}
{"N": 5, "decoder": 4, "fibre": 4, "kind": "state", "m": 5, "next": [0, 0, 0, 4, 0], "period": 1, "recurrent_predicate": false, "state": [2, 4, 2, 3, 2], "tail": 4}
{"N": 5, "decoder": 1, "fibre": 1, "kind": "state", "m": 5, "next": [4, 0, 4, 0, 0], "period": 1, "recurrent_predicate": false, "state": [2, 4, 2, 3, 3], "tail": 5}
{"N": 5, "decoder": 0, "fibre": 0, "kind": "state", "m": 5, "next": [4, 1, 4, 4, 1], "period": 1, "recurrent_predicate": false, "state": [2, 4, 2, 3, 4], "tail": 3}
{"N": 5, "decoder": 1, "fibre": 1, "kind": "state", "m": 5, "next": [4, 1, 4, 1, 1], "period": 1, "recurrent_predicate": false, "state": [2, 4, 2, 4, 0], "tail": 4}
{"N": 5, "decoder": 0, "fibre": 0, "kind": "state", "m": 5, "next": [4, 1, 4, 1, 2], "period": 1, "recurrent_predicate": false, "state": [2, 4, 2, 4, 1], "tail": 5}
{"N": 5, "decoder": 4, "fibre": 4, "kind": "state", "m": 5, "next": [0, 1, 0, 1, 0], "period": 1, "recurrent_predicate": false, "state": [2, 4, 2, 4, 2], "tail": 2}
{"N": 5, "decoder": 0, "fibre": 0, "kind": "state", "m": 5, "next": [4, 1, 4, 1, 4], "period": 1, "recurrent_predicate": false, "state": [2, 4, 2, 4, 3], "tail": 3}
{"N": 5, "decoder": 4, "fibre": 4, "kind": "state", "m": 5, "next": [4, 2, 4, 2, 2], "period": 1, "recurrent_predicate": false, "state": [2, 4, 2, 4, 4], "tail": 3}
{"N": 5, "decoder": 0, "fibre": 0, "kind": "state", "m": 5, "next": [3, 0, 4, 2, 2], "period": 1, "recurrent_predicate": false, "state": [2, 4, 3, 0, 0], "tail": 6}
{"N": 5, "decoder": 1, "fibre": 1, "kind": "state", "m": 5, "next": [3, 0, 4, 1, 2], "period": 5, "recurrent_predicate": true, "state": [2, 4, 3, 0, 1], "tail": 0}
{"N": 5, "decoder": 1, "fibre": 1, "kind": "state", "m": 5, "next": [4, 0, 4, 1, 4], "period": 1, "recurrent_predicate": false, "state": [2, 4, 3, 0, 2], "tail": 5}
{"N": 5, "decoder": 0, "fibre": 0, "kind": "state", "m": 5, "next": [3, 0, 0, 1, 0], "period": 1, "recurrent_predicate": false, "state": [2, 4, 3, 0, 3], "tail": 8}
{"N": 5, "decoder": 0, "fibre": 0, "kind": "state", "m": 5, "next": [3, 1, 4, 1, 1], "period": 1, "recurrent_predicate": false, "state": [2, 4, 3, 0, 4], "tail": 4}
{"N": 5, "decoder": 1, "fibre": 1, "kind": "state", "m": 5, "next": [3, 0, 4, 2, 1], "period": 5, "recurrent_predicate": true, "state": [2, 4, 3, 1, 0], "tail": 0}
{"N": 5, "decoder": 1, "fibre": 1, "kind": "state", "m": 5, "next": [3, 0, 4, 3, 3], "period": 1, "recurrent_predicate": false, "state": [2, 4, 3, 1, 1], "tail": 5}
{"N": 5, "decoder": 0, "fibre": 0, "kind": "state", "m": 5, "next": [4, 0, 4, 2, 4], "period": 1, "recurrent_predicate": false, "state": [2, 4, 3, 1, 2], "tail": 8}
{"N": 5, "decoder": 0, "fibre": 0, "kind": "state", "m": 5, "next": [3, 0, 0, 2, 0], "period": 1, "recurrent_predicate": false, "state": [2, 4, 3, 1, 3], "tail": 4}
{"N": 5, "decoder": 0, "fibre": 0, "kind": "state", "m": 5, "next": [3, 1, 4, 2, 1], "period": 1, "recurrent_predicate": false, "state": [2, 4, 3, 1, 4], "tail": 6}
{"N": 5, "decoder": 1, "fibre": 1, "kind": "state", "m": 5, "next": [4, 0, 4, 4, 1], "period": 1, "recurrent_predicate": false, "state": [2, 4, 3, 2, 0], "tail": 5}
{"N": 5, "decoder": 0, "fibre": 0, "kind": "state", "m": 5, "next": [4, 0, 4, 4, 2], "period": 1, "recurrent_predicate": false, "state": [2, 4, 3, 2, 1], "tail": 8}
{"N": 5, "decoder": 4, "fibre": 4, "kind": "state", "m": 5, "next": [0, 0, 4, 0, 0], "period": 1, "recurrent_predicate": false, "state": [2, 4, 3, 2, 2], "tail": 4}
{"N": 5, "decoder": 1, "fibre": 1, "kind": "state", "m": 5, "next": [4, 0, 0, 4, 0], "period": 1, "recurrent_predicate": false, "state": [2, 4, 3, 2, 3], "tail": 5}
{"N": 5, "decoder": 0, "fibre": 0, "kind": "state", "m": 5, "next": [4, 1, 4, 4, 1], "period": 1, "recurrent_predicate": false, "state": [2, 4, 3, 2, 4], "tail": 3}
{"N": 5, "decoder": 0, "fibre": 0, "kind": "state", "m": 5, "next": [3, 0, 0, 0, 1], "period": 1, "recurrent_predicate": false, "state": [2, 4, 3, 3, 0], "tail": 8}
{"N": 5, "decoder": 0, "fibre": 0, "kind": "state", "m": 5, "next": [3, 0, 0, 0, 2], "period": 1, "recurrent_predicate": false, "state": [2, 4, 3, 3, 1], "tail": 4}
{"N": 5, "decoder": 1, "fibre": 1, "kind": "state", "m": 5, "next": [4, 0, 0, 0, 4], "period": 1, "recurrent_predicate": false, "state": [2, 4, 3, 3, 2], "tail": 5}
{"N": 5, "decoder": 1, "fibre": 1, "kind": "state", "m": 5, "next": [3, 0, 1, 1, 1], "period": 1, "recurrent_predicate": false, "state": [2, 4, 3, 3, 3], "tail": 6}
{"N": 5, "decoder": 0, "fibre": 0, "kind": "state", "m": 5, "next": [3, 1, 0, 0, 1], "period": 1, "recurrent_predicate": false, "state": [2, 4, 3, 3, 4], "tail": 7}
{"N": 5, "decoder": 0, "fibre": 0, "kind": "state", "m": 5, "next": [3, 1, 4, 1, 1], "period": 1, "recurrent_predicate": false, "state": [2, 4, 3, 4, 0], "tail": 4}
{"N": 5, "decoder": 0, "fibre": 0, "kind": "state", "m": 5, "next": [3, 1, 4, 1, 2], "period": 1, "recurrent_predicate": false, "state": [2, 4, 3, 4, 1], "tail": 6}
{"N": 5, "decoder": 0, "fibre": 0, "kind": "state", "m": 5, "next": [4, 1, 4, 1, 4], "period": 1, "recurrent_predicate": false, "state": [2, 4, 3, 4, 2], "tail": 3}
{"N": 5, "decoder": 0, "fibre": 0, "kind": "state", "m": 5, "next": [3, 1, 0, 1, 0], "period": 1, "recurrent_predicate": false, "state": [2, 4, 3, 4, 3], "tail": 7}
{"N": 5, "decoder": 0, "fibre": 0, "kind": "state", "m": 5, "next": [3, 2, 4, 2, 2], "period": 1, "recurrent_predicate": false, "state": [2, 4, 3, 4, 4], "tail": 5}
{"N": 5, "decoder": 1, "fibre": 1, "kind": "state", "m": 5, "next": [3, 1, 1, 2, 2], "period": 1, "recurrent_predicate": false, "state": [2, 4, 4, 0, 0], "tail": 6}
{"N": 5, "decoder": 1, "fibre": 1, "kind": "state", "m": 5, "next": [3, 1, 1, 1, 2], "period": 1, "recurrent_predicate": false, "state": [2, 4, 4, 0, 1], "tail": 5}
{"N": 5, "decoder": 1, "fibre": 1, "kind": "state", "m": 5, "next": [4, 1, 1, 1, 4], "period": 1, "recurrent_predicate": false, "state": [2, 4, 4, 0, 2], "tail": 4}
{"N": 5, "decoder": 0, "fibre": 0, "kind": "state", "m": 5, "next": [3, 1, 1, 1, 4], "period": 1, "recurrent_predicate": false, "state": [2, 4, 4, 0, 3], "tail": 4}
{"N": 5, "decoder": 3, "fibre": 3, "kind": "state", "m": 5, "next": [3, 2, 2, 1, 2], "period": 1, "recurrent_predicate": false, "state": [2, 4, 4, 0, 4], "tail": 7}
{"N": 5, "decoder": 1, "fibre": 1, "kind": "state", "m": 5, "next": [3, 1, 1, 2, 1], "period": 1, "recurrent_predicate": false, "state": [2, 4, 4, 1, 0], "tail": 5}
{"N": 5, "decoder": 1, "fibre": 1, "kind": "state", "m": 5, "next": [3, 1, 1, 3, 3], "period": 1, "recurrent_predicate": false, "state": [2, 4, 4, 1, 1], "tail": 4}
{"N": 5, "decoder": 0, "fibre": 0, "kind": "state", "m": 5, "next": [4, 1, 1, 2, 4], "period": 1, "recurrent_predicate": false, "state": [2, 4, 4, 1, 2], "tail": 5}
{"N": 5, "decoder": 0, "fibre": 0, "kind": "state", "m": 5, "next": [3, 1, 1, 2, 4], "period": 1, "recurrent_predicate": false, "state": [2, 4, 4, 1, 3], "tail": 6}
{"N": 5, "decoder": 3, "fibre": 3, "kind": "state", "m": 5, "next": [3, 2, 2, 2, 2], "period": 1, "recurrent_predicate": false, "state": [2, 4, 4, 1, 4], "tail": 3}
{"N": 5, "decoder": 1, "fibre": 1, "kind": "state", "m": 5, "next": [4, 1, 1, 4, 1], "period": 1, "recurrent_predicate": false, "state": [2, 4, 4, 2, 0], "tail": 4}
{"N": 5, "decoder": 0, "fibre": 0, "kind": "state", "m": 5, "next": [4, 1, 1, 4, 2], "period": 1, "recurrent_predicate": false, "state": [2, 4, 4, 2, 1], "tail": 5}
{"N": 5, "decoder": 4, "fibre": 4, "kind": "state", "m": 5, "next": [0, 1, 1, 0, 0], "period": 1, "recurrent_predicate": false, "state": [2, 4, 4, 2, 2], "tail": 2}
{"N": 5, "decoder": 0, "fibre": 0, "kind": "state", "m": 5, "next": [4, 1, 1, 4, 4], "period": 1, "recurrent_predicate": false, "state": [2, 4, 4, 2, 3], "tail": 3}
{"N": 5, "decoder": 4, "fibre": 4, "kind": "state", "m": 5, "next": [4, 2, 2, 4, 2], "period": 1, "recurrent_predicate": false, "state": [2, 4, 4, 2, 4], "tail": 3}
{"N": 5, "decoder": 0, "fibre": 0, "kind": "state", "m": 5, "next": [3, 1, 1, 4, 1], "period": 1, "recurrent_predicate": false, "state": [2, 4, 4, 3, 0], "tail": 4}
{"N": 5, "decoder": 0, "fibre": 0, "kind": "state", "m": 5, "next": [3, 1, 1, 4, 2], "period": 1, "recurrent_predicate": false, "state": [2, 4, 4, 3, 1], "tail": 6}
{"N": 5, "decoder": 0, "fibre": 0, "kind": "state", "m": 5, "next": [4, 1, 1, 4, 4], "period": 1, "recurrent_predicate": false, "state": [2, 4, 4, 3, 2], "tail": 3}
{"N": 5, "decoder": 0, "fibre": 0, "kind": "state", "m": 5, "next": [3, 1, 1, 0, 0], "period": 1, "recurrent_predicate": false, "state": [2, 4, 4, 3, 3], "tail": 7}
{"N": 5, "decoder": 0, "fibre": 0, "kind": "state", "m": 5, "next": [3, 2, 2, 4, 2], "period": 1, "recurrent_predicate": false, "state": [2, 4, 4, 3, 4], "tail": 5}
{"N": 5, "decoder": 3, "fibre": 3, "kind": "state", "m": 5, "next": [3, 2, 2, 2, 1], "period": 1, "recurrent_predicate": false, "state": [2, 4, 4, 4, 0], "tail": 7}
{"N": 5, "decoder": 3, "fibre": 3, "kind": "state", "m": 5, "next": [3, 2, 2, 2, 2], "period": 1, "recurrent_predicate": false, "state": [2, 4, 4, 4, 1], "tail": 3}
{"N": 5, "decoder": 4, "fibre": 4, "kind": "state", "m": 5, "next": [4, 2, 2, 2, 4], "period": 1, "recurrent_predicate": false, "state": [2, 4, 4, 4, 2], "tail": 3}
{"N": 5, "decoder": 0, "fibre": 0, "kind": "state", "m": 5, "next": [3, 2, 2, 2, 4], "period": 1, "recurrent_predicate": false, "state": [2, 4, 4, 4, 3], "tail": 5}
{"N": 5, "decoder": 1, "fibre": 1, "kind": "state", "m": 5, "next": [3, 3, 3, 3, 3], "period": 1, "recurrent_predicate": false, "state": [2, 4, 4, 4, 4], "tail": 1}
{"N": 5, "decoder": 1, "fibre": 1, "kind": "state", "m": 5, "next": [4, 4, 4, 4, 4], "period": 1, "recurrent_predicate": false, "state": [3, 0, 0, 0, 0], "tail": 1}
{"N": 5, "decoder": 3, "fibre": 3, "kind": "state", "m": 5, "next": [4, 3, 3, 3, 2], "period": 1, "recurrent_predicate": false, "state": [3, 0, 0, 0, 1], "tail": 7}
{"N": 5, "decoder": 3, "fibre": 3, "kind": "state", "m": 5, "next": [4, 3, 3, 3, 3], "period": 1, "recurrent_predicate": false, "state": [3, 0, 0, 0, 2], "tail": 3}
{"N": 5, "decoder": 4, "fibre": 4, "kind": "state", "m": 5, "next": [0, 3, 3, 3, 0], "period": 1, "recurrent_predicate": false, "state": [3, 0, 0, 0, 3], "tail": 3}
{"N": 5, "decoder": 0, "fibre": 0, "kind": "state", "m": 5, "next": [4, 3, 3, 3, 0], "period": 1, "recurrent_predicate": false, "state": [3, 0, 0, 0, 4], "tail": 5}
{"N": 5, "decoder": 3, "fibre": 3, "kind": "state", "m": 5, "next": [4, 3, 3, 2, 3], "period": 1, "recurrent_predicate": false, "state": [3, 0, 0, 1, 0], "tail": 7}
{"N": 5, "decoder": 1, "fibre": 1, "kind": "state", "m": 5, "next": [4, 2, 2, 3, 3], "period": 1, "recurrent_predicate": false, "state": [3, 0, 0, 1, 1], "tail": 6}
{"N": 5, "decoder": 1, "fibre": 1, "kind": "state", "m": 5, "next": [4, 2, 2, 2, 3], "period": 1, "recurrent_predicate": false, "state": [3, 0, 0, 1, 2], "tail": 5}
{"N": 5, "decoder": 1, "fibre": 1, "kind": "state", "m": 5, "next": [0, 2, 2, 2, 0], "period": 1, "recurrent_predicate": false, "state": [3, 0, 0, 1, 3], "tail": 4}
{"N": 5, "decoder": 0, "fibre": 0, "kind": "state", "m": 5, "next": [4, 2, 2, 2, 0], "period": 1, "recurrent_predicate": false, "state": [3, 0, 0, 1, 4], "tail": 4}
{"N": 5, "decoder": 3, "fibre": 3, "kind": "state", "m": 5, "next": [4, 3, 3, 3, 3], "period": 1, "recurrent_predicate": false, "state": [3, 0, 0, 2, 0], "tail": 3}
{"N": 5, "decoder": 1, "fibre": 1, "kind": "state", "m": 5, "next": [4, 2, 2, 3, 2], "period": 1, "recurrent_predicate": false, "state": [3, 0, 0, 2, 1], "tail": 5}
{"N": 5, "decoder": 1, "fibre": 1, "kind": "state", "m": 5, "next": [4, 2, 2, 4, 4], "period": 1, "recurrent_predicate": false, "state": [3, 0, 0, 2, 2], "tail": 4}
{"N": 5, "decoder": 0, "fibre": 0, "kind": "state", "m": 5, "next": [0, 2, 2, 3, 0], "period": 1, "recurrent_predicate": false, "state": [3, 0, 0, 2, 3], "tail": 5}
{"N": 5, "decoder": 0, "fibre": 0, "kind": "state", "m": 5, "next": [4, 2, 2, 3, 0], "period": 1, "recurrent_predicate": false, "state": [3, 0, 0, 2, 4], "tail": 6}
{"N": 5, "decoder": 4, "fibre": 4, "kind": "state", "m": 5, "next": [0, 3, 3, 0, 3], "period": 1, "recurrent_predicate": false, "state": [3, 0, 0, 3, 0], "tail": 3}
{"N": 5, "decoder": 1, "fibre": 1, "kind": "state", "m": 5, "next": [0, 2, 2, 0, 2], "period": 1, "recurrent_predicate": false, "state": [3, 0, 0, 3, 1], "tail": 4}
{"N": 5, "decoder": 0, "fibre": 0, "kind": "state", "m": 5, "next": [0, 2, 2, 0, 3], "period": 1, "recurrent_predicate": false, "state": [3, 0, 0, 3, 2], "tail": 5}
{"N": 5, "decoder": 4, "fibre": 4, "kind": "state", "m": 5, "next": [1, 2, 2, 1, 1], "period": 1, "recurrent_predicate": false, "state": [3, 0, 0, 3, 3], "tail": 2}
{"N": 5, "decoder": 0, "fibre": 0, "kind": "state", "m": 5, "next": [0, 2, 2, 0, 0], "period": 1, "recurrent_predicate": false, "state": [3, 0, 0, 3, 4], "tail": 3}
{"N": 5, "decoder": 0, "fibre": 0, "kind": "state", "m": 5, "next": [4, 3, 3, 0, 3], "period": 1, "recurrent_predicate": false, "state": [3, 0, 0, 4, 0], "tail": 5}
{"N": 5, "decoder": 0, "fibre": 0, "kind": "state", "m": 5, "next": [4, 2, 2, 0, 2], "period": 1, "recurrent_predicate": false, "state": [3, 0, 0, 4, 1], "tail": 4}
{"N": 5, "decoder": 0, "fibre": 0, "kind": "state", "m": 5, "next": [4, 2, 2, 0, 3], "period": 1, "recurrent_predicate": false, "state": [3, 0, 0, 4, 2], "tail": 6}
{"N": 5, "decoder": 0, "fibre": 0, "kind": "state", "m": 5, "next": [0, 2, 2, 0, 0], "period": 1, "recurrent_predicate": false, "state": [3, 0, 0, 4, 3], "tail": 3}
{"N": 5, "decoder": 0, "fibre": 0, "kind": "state", "m": 5, "next": [4, 2, 2, 1, 1], "period": 1, "recurrent_predicate": false, "state": [3, 0, 0, 4, 4], "tail": 7}
{"N": 5, "decoder": 3, "fibre": 3, "kind": "state", "m": 5, "next": [4, 3, 2, 3, 3], "period": 1, "recurrent_predicate": false, "state": [3, 0, 1, 0, 0], "tail": 7}
{"N": 5, "decoder": 1, "fibre": 1, "kind": "state", "m": 5, "next": [4, 2, 3, 2, 3], "period": 1, "recurrent_predicate": false, "state": [3, 0, 1, 0, 1], "tail": 6}
{"N": 5, "decoder": 1, "fibre": 1, "kind": "state", "m": 5, "next": [4, 2, 2, 2, 3], "period": 1, "recurrent_predicate": false, "state": [3, 0, 1, 0, 2], "tail": 5}
{"N": 5, "decoder": 1, "fibre": 1, "kind": "state", "m": 5, "next": [0, 2, 2, 2, 0], "period": 1, "recurrent_predicate": false, "state": [3, 0, 1, 0, 3], "tail": 4}
{"N": 5, "decoder": 0, "fibre": 0, "kind": "state", "m": 5, "next": [4, 2, 2, 2, 0], "period": 1, "recurrent_predicate": false, "state": [3, 0, 1, 0, 4], "tail": 4}
{"N": 5, "decoder": 1, "fibre": 1, "kind": "state", "m": 5, "next": [4, 2, 3, 3, 2], "period": 1, "recurrent_predicate": false, "state": [3, 0, 1, 1, 0], "tail": 6}
{"N": 5, "decoder": 1, "fibre": 1, "kind": "state", "m": 5, "next": [4, 1, 4, 4, 4], "period": 1, "recurrent_predicate": false, "state": [3, 0, 1, 1, 1], "tail": 5}
{"N": 5, "decoder": 0, "fibre": 0, "kind": "state", "m": 5, "next": [4, 1, 3, 3, 3], "period": 1, "recurrent_predicate": false, "state": [3, 0, 1, 1, 2], "tail": 8}
{"N": 5, "decoder": 0, "fibre": 0, "kind": "state", "m": 5, "next": [0, 1, 3, 3, 0], "period": 1, "recurrent_predicate": false, "state": [3, 0, 1, 1, 3], "tail": 5}
{"N": 5, "decoder": 0, "fibre": 0, "kind": "state", "m": 5, "next": [4, 1, 3, 3, 0], "period": 1, "recurrent_predicate": false, "state": [3, 0, 1, 1, 4], "tail": 6}
{"N": 5, "decoder": 1, "fibre": 1, "kind": "state", "m": 5, "next": [4, 2, 2, 3, 2], "period": 1, "recurrent_predicate": false, "state": [3, 0, 1, 2, 0], "tail": 5}
{"N": 5, "decoder": 0, "fibre": 0, "kind": "state", "m": 5, "next": [4, 1, 3, 3, 3], "period": 1, "recurrent_predicate": false, "state": [3, 0, 1, 2, 1], "tail": 8}
{"N": 5, "decoder": 0, "fibre": 0, "kind": "state", "m": 5, "next": [4, 1, 2, 4, 4], "period": 1, "recurrent_predicate": false, "state": [3, 0, 1, 2, 2], "tail": 4}
{"N": 5, "decoder": 0, "fibre": 0, "kind": "state", "m": 5, "next": [0, 1, 2, 3, 0], "period": 1, "recurrent_predicate": false, "state": [3, 0, 1, 2, 3], "tail": 6}
{"N": 5, "decoder": 1, "fibre": 1, "kind": "state", "m": 5, "next": [4, 1, 2, 3, 0], "period": 5, "recurrent_predicate": true, "state": [3, 0, 1, 2, 4], "tail": 0}
{"N": 5, "decoder": 1, "fibre": 1, "kind": "state", "m": 5, "next": [0, 2, 2, 0, 2], "period": 1, "recurrent_predicate": false, "state": [3, 0, 1, 3, 0], "tail": 4}
{"N": 5, "decoder": 0, "fibre": 0, "kind": "state", "m": 5, "next": [0, 1, 3, 0, 3], "period": 1, "recurrent_predicate": false, "state": [3, 0, 1, 3, 1], "tail": 5}
{"N": 5, "decoder": 0, "fibre": 0, "kind": "state", "m": 5, "next": [0, 1, 2, 0, 3], "period": 1, "recurrent_predicate": false, "state": [3, 0, 1, 3, 2], "tail": 6}
{"N": 5, "decoder": 3, "fibre": 3, "kind": "state", "m": 5, "next": [1, 1, 2, 1, 1], "period": 1, "recurrent_predicate": false, "state": [3, 0, 1, 3, 3], "tail": 3}
{"N": 5, "decoder": 1, "fibre": 1, "kind": "state", "m": 5, "next": [0, 1, 2, 0, 0], "period": 1, "recurrent_predicate": false, "state": [3, 0, 1, 3, 4], "tail": 5}
{"N": 5, "decoder": 0, "fibre": 0, "kind": "state", "m": 5, "next": [4, 2, 2, 0, 2], "period": 1, "recurrent_predicate": false, "state": [3, 0, 1, 4, 0], "tail": 4}
{"N": 5, "decoder": 0, "fibre": 0, "kind": "state", "m": 5, "next": [4, 1, 3, 0, 3], "period": 1, "recurrent_predicate": false, "state": [3, 0, 1, 4, 1], "tail": 6}
{"N": 5, "decoder": 1, "fibre": 1, "kind": "state", "m": 5, "next": [4, 1, 2, 0, 3], "period": 5, "recurrent_predicate": true, "state": [3, 0, 1, 4, 2], "tail": 0}
{"N": 5, "decoder": 1, "fibre": 1, "kind": "state", "m": 5, "next": [0, 1, 2, 0, 0], "period": 1, "recurrent_predicate": false, "state": [3, 0, 1, 4, 3], "tail": 5}
{"N": 5, "decoder": 0, "fibre": 0, "kind": "state", "m": 5, "next": [4, 1, 2, 1, 1], "period": 1, "recurrent_predicate": false, "state": [3, 0, 1, 4, 4], "tail": 8}
{"N": 5, "decoder": 3, "fibre": 3, "kind": "state", "m": 5, "next": [4, 3, 3, 3, 3], "period": 1, "recurrent_predicate": false, "state": [3, 0, 2, 0, 0], "tail": 3}
{"N": 5, "decoder": 1, "fibre": 1, "kind": "state", "m": 5, "next": [4, 2, 3, 2, 2], "period": 1, "recurrent_predicate": false, "state": [3, 0, 2, 0, 1], "tail": 5}
{"N": 5, "decoder": 1, "fibre": 1, "kind": "state", "m": 5, "next": [4, 2, 4, 2, 4], "period": 1, "recurrent_predicate": false, "state": [3, 0, 2, 0, 2], "tail": 4}
{"N": 5, "decoder": 0, "fibre": 0, "kind": "state", "m": 5, "next": [0, 2, 3, 2, 0], "period": 1, "recurrent_predicate": false, "state": [3, 0, 2, 0, 3], "tail": 5}
{"N": 5, "decoder": 0, "fibre": 0, "kind": "state", "m": 5, "next": [4, 2, 3, 2, 0], "period": 1, "recurrent_predicate": false, "state": [3, 0, 2, 0, 4], "tail": 6}
{"N": 5, "decoder": 1, "fibre": 1, "kind": "state", "m": 5, "next": [4, 2, 3, 2, 2], "period": 1, "recurrent_predicate": false, "state": [3, 0, 2, 1, 0], "tail": 5}
{"N": 5, "decoder": 0, "fibre": 0, "kind": "state", "m": 5, "next": [4, 1, 3, 3, 3], "period": 1, "recurrent_predicate": false, "state": [3, 0, 2, 1, 1], "tail": 8}
{"N": 5, "decoder": 0, "fibre": 0, "kind": "state", "m": 5, "next": [4, 1, 4, 2, 4], "period": 1, "recurrent_predicate": false, "state": [3, 0, 2, 1, 2], "tail": 4}
{"N": 5, "decoder": 0, "fibre": 0, "kind": "state", "m": 5, "next": [0, 1, 3, 2, 0], "period": 1, "recurrent_predicate": false, "state": [3, 0, 2, 1, 3], "tail": 6}
{"N": 5, "decoder": 1, "fibre": 1, "kind": "state", "m": 5, "next": [4, 1, 3, 2, 0], "period": 5, "recurrent_predicate": true, "state": [3, 0, 2, 1, 4], "tail": 0}
{"N": 5, "decoder": 1, "fibre": 1, "kind": "state", "m": 5, "next": [4, 2, 4, 4, 2], "period": 1, "recurrent_predicate": false, "state": [3, 0, 2, 2, 0], "tail": 4}
{"N": 5, "decoder": 0, "fibre": 0, "kind": "state", "m": 5, "next": [4, 1, 4, 4, 2], "period": 1, "recurrent_predicate": false, "state": [3, 0, 2, 2, 1], "tail": 4}
{"N": 5, "decoder": 3, "fibre": 3, "kind": "state", "m": 5, "next": [4, 1, 0, 0, 0], "period": 1, "recurrent_predicate": false, "state": [3, 0, 2, 2, 2], "tail": 7}
{"N": 5, "decoder": 1, "fibre": 1, "kind": "state", "m": 5, "next": [0, 1, 4, 4, 0], "period": 1, "recurrent_predicate": false, "state": [3, 0, 2, 2, 3], "tail": 6}
{"N": 5, "decoder": 1, "fibre": 1, "kind": "state", "m": 5, "next": [4, 1, 4, 4, 0], "period": 1, "recurrent_predicate": false, "state": [3, 0, 2, 2, 4], "tail": 5}
{"N": 5, "decoder": 0, "fibre": 0, "kind": "state", "m": 5, "next": [0, 2, 3, 0, 2], "period": 1, "recurrent_predicate": false, "state": [3, 0, 2, 3, 0], "tail": 5}
{"N": 5, "decoder": 0, "fibre": 0, "kind": "state", "m": 5, "next": [0, 1, 3, 0, 2], "period": 1, "recurrent_predicate": false, "state": [3, 0, 2, 3, 1], "tail": 6}
{"N": 5, "decoder": 1, "fibre": 1, "kind": "state", "m": 5, "next": [0, 1, 4, 0, 4], "period": 1, "recurrent_predicate": false, "state": [3, 0, 2, 3, 2], "tail": 6}
{"N": 5, "decoder": 1, "fibre": 1, "kind": "state", "m": 5, "next": [1, 1, 3, 1, 1], "period": 1, "recurrent_predicate": false, "state": [3, 0, 2, 3, 3], "tail": 5}
{"N": 5, "decoder": 0, "fibre": 0, "kind": "state", "m": 5, "next": [0, 1, 3, 0, 0], "period": 1, "recurrent_predicate": false, "state": [3, 0, 2, 3, 4], "tail": 8}
{"N": 5, "decoder": 0, "fibre": 0, "kind": "state", "m": 5, "next": [4, 2, 3, 0, 2], "period": 1, "recurrent_predicate": false, "state": [3, 0, 2, 4, 0], "tail": 6}
{"N": 5, "decoder": 1, "fibre": 1, "kind": "state", "m": 5, "next": [4, 1, 3, 0, 2], "period": 5, "recurrent_predicate": true, "state": [3, 0, 2, 4, 1], "tail": 0}
{"N": 5, "decoder": 1, "fibre": 1, "kind": "state", "m": 5, "next": [4, 1, 4, 0, 4], "period": 1, "recurrent_predicate": false, "state": [3, 0, 2, 4, 2], "tail": 5}
{"N": 5, "decoder": 0, "fibre": 0, "kind": "state", "m": 5, "next": [0, 1, 3, 0, 0], "period": 1, "recurrent_predicate": false, "state": [3, 0, 2, 4, 3], "tail": 8}
{"N": 5, "decoder": 0, "fibre": 0, "kind": "state", "m": 5, "next": [4, 1, 3, 1, 1], "period": 1, "recurrent_predicate": false, "state": [3, 0, 2, 4, 4], "tail": 4}
{"N": 5, "decoder": 4, "fibre": 4, "kind": "state", "m": 5, "next": [0, 3, 0, 3, 3], "period": 1, "recurrent_predicate": false, "state": [3, 0, 3, 0, 0], "tail": 3}
{"N": 5, "decoder": 1, "fibre": 1, "kind": "state", "m": 5, "next": [0, 2, 0, 2, 2], "period": 1, "recurrent_predicate": false, "state": [3, 0, 3, 0, 1], "tail": 4}
{"N": 5, "decoder": 0, "fibre": 0, "kind": "state", "m": 5, "next": [0, 2, 0, 2, 3], "period": 1, "recurrent_predicate": false, "state": [3, 0, 3, 0, 2], "tail": 5}
{"N": 5, "decoder": 4, "fibre": 4, "kind": "state", "m": 5, "next": [1, 2, 1, 2, 1], "period": 1, "recurrent_predicate": false, "state": [3, 0, 3, 0, 3], "tail": 2}
{"N": 5, "decoder": 0, "fibre": 0, "kind": "state", "m": 5, "next": [0, 2, 0, 2, 0], "period": 1, "recurrent_predicate": false, "state": [3, 0, 3, 0, 4], "tail": 3}
{"N": 5, "decoder": 1, "fibre": 1, "kind": "state", "m": 5, "next": [0, 2, 0, 2, 2], "period": 1, "recurrent_predicate": false, "state": [3, 0, 3, 1, 0], "tail": 4}
{"N": 5, "decoder": 0, "fibre": 0, "kind": "state", "m": 5, "next": [0, 1, 0, 3, 3], "period": 1, "recurrent_predicate": false, "state": [3, 0, 3, 1, 1], "tail": 5}
{"N": 5, "decoder": 0, "fibre": 0, "kind": "state", "m": 5, "next": [0, 1, 0, 2, 3], "period": 1, "recurrent_predicate": false, "state": [3, 0, 3, 1, 2], "tail": 6}
{"N": 5, "decoder": 3, "fibre": 3, "kind": "state", "m": 5, "next": [1, 1, 1, 2, 1], "period": 1, "recurrent_predicate": false, "state": [3, 0, 3, 1, 3], "tail": 3}
{"N": 5, "decoder": 1, "fibre": 1, "kind": "state", "m": 5, "next": [0, 1, 0, 2, 0], "period": 1, "recurrent_predicate": false, "state": [3, 0, 3, 1, 4], "tail": 5}
{"N": 5, "decoder": 0, "fibre": 0, "kind": "state", "m": 5, "next": [0, 2, 0, 3, 2], "period": 1, "recurrent_predicate": false, "state": [3, 0, 3, 2, 0], "tail": 5}
{"N": 5, "decoder": 0, "fibre": 0, "kind": "state", "m": 5, "next": [0, 1, 0, 3, 2], "period": 1, "recurrent_predicate": false, "state": [3, 0, 3, 2, 1], "tail": 6}
{"N": 5, "decoder": 1, "fibre": 1, "kind": "state", "m": 5, "next": [0, 1, 0, 4, 4], "period": 1, "recurrent_predicate": false, "state": [3, 0, 3, 2, 2], "tail": 6}
{"N": 5, "decoder": 1, "fibre": 1, "kind": "state", "m": 5, "next": [1, 1, 1, 3, 1], "period": 1, "recurrent_predicate": false, "state": [3, 0, 3, 2, 3], "tail": 5}
{"N": 5, "decoder": 0, "fibre": 0, "kind": "state", "m": 5, "next": [0, 1, 0, 3, 0], "period": 1, "recurrent_predicate": false, "state": [3, 0, 3, 2, 4], "tail": 8}
{"N": 5, "decoder": 4, "fibre": 4, "kind": "state", "m": 5, "next": [1, 2, 1, 1, 2], "period": 1, "recurrent_predicate": false, "state": [3, 0, 3, 3, 0], "tail": 2}
{"N": 5, "decoder": 3, "fibre": 3, "kind": "state", "m": 5, "next": [1, 1, 1, 1, 2], "period": 1, "recurrent_predicate": false, "state": [3, 0, 3, 3, 1], "tail": 3}
{"N": 5, "decoder": 1, "fibre": 1, "kind": "state", "m": 5, "next": [1, 1, 1, 1, 3], "period": 1, "recurrent_predicate": false, "state": [3, 0, 3, 3, 2], "tail": 5}
{"N": 5, "decoder": 4, "fibre": 4, "kind": "state", "m": 5, "next": [2, 1, 2, 2, 2], "period": 1, "recurrent_predicate": false, "state": [3, 0, 3, 3, 3], "tail": 4}
{"N": 5, "decoder": 4, "fibre": 4, "kind": "state", "m": 5, "next": [1, 1, 1, 1, 0], "period": 1, "recurrent_predicate": false, "state": [3, 0, 3, 3, 4], "tail": 4}
{"N": 5, "decoder": 0, "fibre": 0, "kind": "state", "m": 5, "next": [0, 2, 0, 0, 2], "period": 1, "recurrent_predicate": false, "state": [3, 0, 3, 4, 0], "tail": 3}
{"N": 5, "decoder": 1, "fibre": 1, "kind": "state", "m": 5, "next": [0, 1, 0, 0, 2], "period": 1, "recurrent_predicate": false, "state": [3, 0, 3, 4, 1], "tail": 5}
{"N": 5, "decoder": 0, "fibre": 0, "kind": "state", "m": 5, "next": [0, 1, 0, 0, 3], "period": 1, "recurrent_predicate": false, "state": [3, 0, 3, 4, 2], "tail": 8}
{"N": 5, "decoder": 4, "fibre": 4, "kind": "state", "m": 5, "next": [1, 1, 1, 0, 1], "period": 1, "recurrent_predicate": false, "state": [3, 0, 3, 4, 3], "tail": 4}
{"N": 5, "decoder": 1, "fibre": 1, "kind": "state", "m": 5, "next": [0, 1, 0, 1, 1], "period": 1, "recurrent_predicate": false, "state": [3, 0, 3, 4, 4], "tail": 5}
{"N": 5, "decoder": 0, "fibre": 0, "kind": "state", "m": 5, "next": [4, 3, 0, 3, 3], "period": 1, "recurrent_predicate": false, "state": [3, 0, 4, 0, 0], "tail": 5}
{"N": 5, "decoder": 0, "fibre": 0, "kind": "state", "m": 5, "next": [4, 2, 0, 2, 2], "period": 1, "recurrent_predicate": false, "state": [3, 0, 4, 0, 1], "tail": 4}
{"N": 5, "decoder": 0, "fibre": 0, "kind": "state", "m": 5, "next": [4, 2, 0, 2, 3], "period": 1, "recurrent_predicate": false, "state": [3, 0, 4, 0, 2], "tail": 6}
{"N": 5, "decoder": 0, "fibre": 0, "kind": "state", "m": 5, "next": [0, 2, 0, 2, 0], "period": 1, "recurrent_predicate": false, "state": [3, 0, 4, 0, 3], "tail": 3}
{"N": 5, "decoder": 0, "fibre": 0, "kind": "state", "m": 5, "next": [4, 2, 1, 2, 1], "period": 1, "recurrent_predicate": false, "state": [3, 0, 4, 0, 4], "tail": 7}
{"N": 5, "decoder": 0, "fibre": 0, "kind": "state", "m": 5, "next": [4, 2, 0, 2, 2], "period": 1, "recurrent_predicate": false, "state": [3, 0, 4, 1, 0], "tail": 4}
{"N": 5, "decoder": 0, "fibre": 0, "kind": "state", "m": 5, "next": [4, 1, 0, 3, 3], "period": 1, "recurrent_predicate": false, "state": [3, 0, 4, 1, 1], "tail": 6}
{"N": 5, "decoder": 1, "fibre": 1, "kind": "state", "m": 5, "next": [4, 1, 0, 2, 3], "period": 5, "recurrent_predicate": true, "state": [3, 0, 4, 1, 2], "tail": 0}
{"N": 5, "decoder": 1, "fibre": 1, "kind": "state", "m": 5, "next": [0, 1, 0, 2, 0], "period": 1, "recurrent_predicate": false, "state": [3, 0, 4, 1, 3], "tail": 5}
{"N": 5, "decoder": 0, "fibre": 0, "kind": "state", "m": 5, "next": [4, 1, 1, 2, 1], "period": 1, "recurrent_predicate": false, "state": [3, 0, 4, 1, 4], "tail": 8}
{"N": 5, "decoder": 0, "fibre": 0, "kind": "state", "m": 5, "next": [4, 2, 0, 3, 2], "period": 1, "recurrent_predicate": false, "state": [3, 0, 4, 2, 0], "tail": 6}
{"N": 5, "decoder": 1, "fibre": 1, "kind": "state", "m": 5, "next": [4, 1, 0, 3, 2], "period": 5, "recurrent_predicate": true, "state": [3, 0, 4, 2, 1], "tail": 0}
{"N": 5, "decoder": 1, "fibre": 1, "kind": "state", "m": 5, "next": [4, 1, 0, 4, 4], "period": 1, "recurrent_predicate": false, "state": [3, 0, 4, 2, 2], "tail": 5}
{"N": 5, "decoder": 0, "fibre": 0, "kind": "state", "m": 5, "next": [0, 1, 0, 3, 0], "period": 1, "recurrent_predicate": false, "state": [3, 0, 4, 2, 3], "tail": 8}
{"N": 5, "decoder": 0, "fibre": 0, "kind": "state", "m": 5, "next": [4, 1, 1, 3, 1], "period": 1, "recurrent_predicate": false, "state": [3, 0, 4, 2, 4], "tail": 4}
{"N": 5, "decoder": 0, "fibre": 0, "kind": "state", "m": 5, "next": [0, 2, 0, 0, 2], "period": 1, "recurrent_predicate": false, "state": [3, 0, 4, 3, 0], "tail": 3}
{"N": 5, "decoder": 1, "fibre": 1, "kind": "state", "m": 5, "next": [0, 1, 0, 0, 2], "period": 1, "recurrent_predicate": false, "state": [3, 0, 4, 3, 1], "tail": 5}
{"N": 5, "decoder": 0, "fibre": 0, "kind": "state", "m": 5, "next": [0, 1, 0, 0, 3], "period": 1, "recurrent_predicate": false, "state": [3, 0, 4, 3, 2], "tail": 8}
{"N": 5, "decoder": 4, "fibre": 4, "kind": "state", "m": 5, "next": [1, 1, 0, 1, 1], "period": 1, "recurrent_predicate": false, "state": [3, 0, 4, 3, 3], "tail": 4}
{"N": 5, "decoder": 1, "fibre": 1, "kind": "state", "m": 5, "next": [0, 1, 1, 0, 1], "period": 1, "recurrent_predicate": false, "state": [3, 0, 4, 3, 4], "tail": 5}
{"N": 5, "decoder": 0, "fibre": 0, "kind": "state", "m": 5, "next": [4, 2, 1, 1, 2], "period": 1, "recurrent_predicate": false, "state": [3, 0, 4, 4, 0], "tail": 7}
{"N": 5, "decoder": 0, "fibre": 0, "kind": "state", "m": 5, "next": [4, 1, 1, 1, 2], "period": 1, "recurrent_predicate": false, "state": [3, 0, 4, 4, 1], "tail": 8}
{"N": 5, "decoder": 0, "fibre": 0, "kind": "state", "m": 5, "next": [4, 1, 1, 1, 3], "period": 1, "recurrent_predicate": false, "state": [3, 0, 4, 4, 2], "tail": 4}
{"N": 5, "decoder": 1, "fibre": 1, "kind": "state", "m": 5, "next": [0, 1, 1, 1, 0], "period": 1, "recurrent_predicate": false, "state": [3, 0, 4, 4, 3], "tail": 5}
{"N": 5, "decoder": 1, "fibre": 1, "kind": "state", "m": 5, "next": [4, 1, 2, 2, 2], "period": 1, "recurrent_predicate": false, "state": [3, 0, 4, 4, 4], "tail": 6}
{"N": 5, "decoder": 3, "fibre": 3, "kind": "state", "m": 5, "next": [4, 2, 3, 3, 3], "period": 1, "recurrent_predicate": false, "state": [3, 1, 0, 0, 0], "tail": 7}
{"N": 5, "decoder": 1, "fibre": 1, "kind": "state", "m": 5, "next": [4, 3, 2, 2, 3], "period": 1, "recurrent_predicate": false, "state": [3, 1, 0, 0, 1], "tail": 6}
{"N": 5, "decoder": 1, "fibre": 1, "kind": "state", "m": 5, "next": [4, 2, 2, 2, 3], "period": 1, "recurrent_predicate": false, "state": [3, 1, 0, 0, 2], "tail": 5}
{"N": 5, "decoder": 1, "fibre": 1, "kind": "state", "m": 5, "next": [0, 2, 2, 2, 0], "period": 1, "recurrent_predicate": false, "state": [3, 1, 0, 0, 3], "tail": 4}
{"N": 5, "decoder": 0, "fibre": 0, "kind": "state", "m": 5, "next": [4, 2, 2, 2, 0], "period": 1, "recurrent_predicate": false, "state": [3, 1, 0, 0, 4], "tail": 4}
{"N": 5, "decoder": 1, "fibre": 1, "kind": "state", "m": 5, "next": [4, 3, 2, 3, 2], "period": 1, "recurrent_predicate": false, "state": [3, 1, 0, 1, 0], "tail": 6}
{"N": 5, "decoder": 1, "fibre": 1, "kind": "state", "m": 5, "next": [4, 4, 1, 4, 4], "period": 1, "recurrent_predicate": false, "state": [3, 1, 0, 1, 1], "tail": 5}
{"N": 5, "decoder": 0, "fibre": 0, "kind": "state", "m": 5, "next": [4, 3, 1, 3, 3], "period": 1, "recurrent_predicate": false, "state": [3, 1, 0, 1, 2], "tail": 8}
{"N": 5, "decoder": 0, "fibre": 0, "kind": "state", "m": 5, "next": [0, 3, 1, 3, 0], "period": 1, "recurrent_predicate": false, "state": [3, 1, 0, 1, 3], "tail": 5}
{"N": 5, "decoder": 0, "fibre": 0, "kind": "state", "m": 5, "next": [4, 3, 1, 3, 0], "period": 1, "recurrent_predicate": false, "state": [3, 1, 0, 1, 4], "tail": 6}
{"N": 5, "decoder": 1, "fibre": 1, "kind": "state", "m": 5, "next": [4, 2, 2, 3, 2], "period": 1, "recurrent_predicate": false, "state": [3, 1, 0, 2, 0], "tail": 5}
{"N": 5, "decoder": 0, "fibre": 0, "kind": "state", "m": 5, "next": [4, 3, 1, 3, 3], "period": 1, "recurrent_predicate": false, "state": [3, 1, 0, 2, 1], "tail": 8}
{"N": 5, "decoder": 0, "fibre": 0, "kind": "state", "m": 5, "next": [4, 2, 1, 4, 4], "period": 1, "recurrent_predicate": false, "state": [3, 1, 0, 2, 2], "tail": 4}
{"N": 5, "decoder": 0, "fibre": 0, "kind": "state", "m": 5, "next": [0, 2, 1, 3, 0], "period": 1, "recurrent_predicate": false, "state": [3, 1, 0, 2, 3], "tail": 6}
{"N": 5, "decoder": 1, "fibre": 1, "kind": "state", "m": 5, "next": [4, 2, 1, 3, 0], "period": 5, "recurrent_predicate": true, "state": [3, 1, 0, 2, 4], "tail": 0}
{"N": 5, "decoder": 1, "fibre": 1, "kind": "state", "m": 5, "next": [0, 2, 2, 0, 2], "period": 1, "recurrent_predicate": false, "state": [3, 1, 0, 3, 0], "tail": 4}
{"N": 5, "decoder": 0, "fibre": 0, "kind": "state", "m": 5, "next": [0, 3, 1, 0, 3], "period": 1, "recurrent_predicate": false, "state": [3, 1, 0, 3, 1], "tail": 5}
{"N": 5, "decoder": 0, "fibre": 0, "kind": "state", "m": 5, "next": [0, 2, 1, 0, 3], "period": 1, "recurrent_predicate": false, "state": [3, 1, 0, 3, 2], "tail": 6}
{"N": 5, "decoder": 3, "fibre": 3, "kind": "state", "m": 5, "next": [1, 2, 1, 1, 1], "period": 1, "recurrent_predicate": false, "state": [3, 1, 0, 3, 3], "tail": 3}
{"N": 5, "decoder": 1, "fibre": 1, "kind": "state", "m": 5, "next": [0, 2, 1, 0, 0], "period": 1, "recurrent_predicate": false, "state": [3, 1, 0, 3, 4], "tail": 5}
{"N": 5, "decoder": 0, "fibre": 0, "kind": "state", "m": 5, "next": [4, 2, 2, 0, 2], "period": 1, "recurrent_predicate": false, "state": [3, 1, 0, 4, 0], "tail": 4}
{"N": 5, "decoder": 0, "fibre": 0, "kind": "state", "m": 5, "next": [4, 3, 1, 0, 3], "period": 1, "recurrent_predicate": false, "state": [3, 1, 0, 4, 1], "tail": 6}
{"N": 5, "decoder": 1, "fibre": 1, "kind": "state", "m": 5, "next": [4, 2, 1, 0, 3], "period": 5, "recurrent_predicate": true, "state": [3, 1, 0, 4, 2], "tail": 0}
{"N": 5, "decoder": 1, "fibre": 1, "kind": "state", "m": 5, "next": [0, 2, 1, 0, 0], "period": 1, "recurrent_predicate": false, "state": [3, 1, 0, 4, 3], "tail": 5}
{"N": 5, "decoder": 0, "fibre": 0, "kind": "state", "m": 5, "next": [4, 2, 1, 1, 1], "period": 1, "recurrent_predicate": false, "state": [3, 1, 0, 4, 4], "tail": 8}
{"N": 5, "decoder": 1, "fibre": 1, "kind": "state", "m": 5, "next": [4, 3, 3, 2, 2], "period": 1, "recurrent_predicate": false, "state": [3, 1, 1, 0, 0], "tail": 6}
{"N": 5, "decoder": 1, "fibre": 1, "kind": "state", "m": 5, "next": [4, 4, 4, 1, 4], "period": 1, "recurrent_predicate": false, "state": [3, 1, 1, 0, 1], "tail": 5}
{"N": 5, "decoder": 0, "fibre": 0, "kind": "state", "m": 5, "next": [4, 3, 3, 1, 3], "period": 1, "recurrent_predicate": false, "state": [3, 1, 1, 0, 2], "tail": 8}
{"N": 5, "decoder": 0, "fibre": 0, "kind": "state", "m": 5, "next": [0, 3, 3, 1, 0], "period": 1, "recurrent_predicate": false, "state": [3, 1, 1, 0, 3], "tail": 5}
{"N": 5, "decoder": 0, "fibre": 0, "kind": "state", "m": 5, "next": [4, 3, 3, 1, 0], "period": 1, "recurrent_predicate": false, "state": [3, 1, 1, 0, 4], "tail": 6}
{"N": 5, "decoder": 1, "fibre": 1, "kind": "state", "m": 5, "next": [4, 4, 4, 4, 1], "period": 1, "recurrent_predicate": false, "state": [3, 1, 1, 1, 0], "tail": 5}
{"N": 5, "decoder": 4, "fibre": 4, "kind": "state", "m": 5, "next": [4, 0, 0, 0, 0], "period": 1, "recurrent_predicate": false, "state": [3, 1, 1, 1, 1], "tail": 4}
{"N": 5, "decoder": 4, "fibre": 4, "kind": "state", "m": 5, "next": [4, 4, 4, 4, 3], "period": 1, "recurrent_predicate": false, "state": [3, 1, 1, 1, 2], "tail": 4}
{"N": 5, "decoder": 4, "fibre": 4, "kind": "state", "m": 5, "next": [0, 4, 4, 4, 0], "period": 1, "recurrent_predicate": false, "state": [3, 1, 1, 1, 3], "tail": 2}
{"N": 5, "decoder": 3, "fibre": 3, "kind": "state", "m": 5, "next": [4, 4, 4, 4, 0], "period": 1, "recurrent_predicate": false, "state": [3, 1, 1, 1, 4], "tail": 3}
{"N": 5, "decoder": 0, "fibre": 0, "kind": "state", "m": 5, "next": [4, 3, 3, 3, 1], "period": 1, "recurrent_predicate": false, "state": [3, 1, 1, 2, 0], "tail": 8}
{"N": 5, "decoder": 4, "fibre": 4, "kind": "state", "m": 5, "next": [4, 4, 4, 3, 4], "period": 1, "recurrent_predicate": false, "state": [3, 1, 1, 2, 1], "tail": 4}
{"N": 5, "decoder": 1, "fibre": 1, "kind": "state", "m": 5, "next": [4, 3, 3, 4, 4], "period": 1, "recurrent_predicate": false, "state": [3, 1, 1, 2, 2], "tail": 5}
{"N": 5, "decoder": 0, "fibre": 0, "kind": "state", "m": 5, "next": [0, 3, 3, 3, 0], "period": 1, "recurrent_predicate": false, "state": [3, 1, 1, 2, 3], "tail": 3}
{"N": 5, "decoder": 1, "fibre": 1, "kind": "state", "m": 5, "next": [4, 3, 3, 3, 0], "period": 1, "recurrent_predicate": false, "state": [3, 1, 1, 2, 4], "tail": 5}
{"N": 5, "decoder": 0, "fibre": 0, "kind": "state", "m": 5, "next": [0, 3, 3, 0, 1], "period": 1, "recurrent_predicate": false, "state": [3, 1, 1, 3, 0], "tail": 5}
{"N": 5, "decoder": 4, "fibre": 4, "kind": "state", "m": 5, "next": [0, 4, 4, 0, 4], "period": 1, "recurrent_predicate": false, "state": [3, 1, 1, 3, 1], "tail": 2}
{"N": 5, "decoder": 0, "fibre": 0, "kind": "state", "m": 5, "next": [0, 3, 3, 0, 3], "period": 1, "recurrent_predicate": false, "state": [3, 1, 1, 3, 2], "tail": 3}
{"N": 5, "decoder": 4, "fibre": 4, "kind": "state", "m": 5, "next": [1, 3, 3, 1, 1], "period": 1, "recurrent_predicate": false, "state": [3, 1, 1, 3, 3], "tail": 3}
{"N": 5, "decoder": 1, "fibre": 1, "kind": "state", "m": 5, "next": [0, 3, 3, 0, 0], "period": 1, "recurrent_predicate": false, "state": [3, 1, 1, 3, 4], "tail": 4}
{"N": 5, "decoder": 0, "fibre": 0, "kind": "state", "m": 5, "next": [4, 3, 3, 0, 1], "period": 1, "recurrent_predicate": false, "state": [3, 1, 1, 4, 0], "tail": 6}
{"N": 5, "decoder": 3, "fibre": 3, "kind": "state", "m": 5, "next": [4, 4, 4, 0, 4], "period": 1, "recurrent_predicate": false, "state": [3, 1, 1, 4, 1], "tail": 3}
{"N": 5, "decoder": 1, "fibre": 1, "kind": "state", "m": 5, "next": [4, 3, 3, 0, 3], "period": 1, "recurrent_predicate": false, "state": [3, 1, 1, 4, 2], "tail": 5}
{"N": 5, "decoder": 1, "fibre": 1, "kind": "state", "m": 5, "next": [0, 3, 3, 0, 0], "period": 1, "recurrent_predicate": false, "state": [3, 1, 1, 4, 3], "tail": 4}
{"N": 5, "decoder": 0, "fibre": 0, "kind": "state", "m": 5, "next": [4, 3, 3, 1, 1], "period": 1, "recurrent_predicate": false, "state": [3, 1, 1, 4, 4], "tail": 5}
{"N": 5, "decoder": 1, "fibre": 1, "kind": "state", "m": 5, "next": [4, 2, 3, 2, 2], "period": 1, "recurrent_predicate": false, "state": [3, 1, 2, 0, 0], "tail": 5}
{"N": 5, "decoder": 0, "fibre": 0, "kind": "state", "m": 5, "next": [4, 3, 3, 1, 3], "period": 1, "recurrent_predicate": false, "state": [3, 1, 2, 0, 1], "tail": 8}
{"N": 5, "decoder": 0, "fibre": 0, "kind": "state", "m": 5, "next": [4, 2, 4, 1, 4], "period": 1, "recurrent_predicate": false, "state": [3, 1, 2, 0, 2], "tail": 4}
{"N": 5, "decoder": 0, "fibre": 0, "kind": "state", "m": 5, "next": [0, 2, 3, 1, 0], "period": 1, "recurrent_predicate": false, "state": [3, 1, 2, 0, 3], "tail": 6}
{"N": 5, "decoder": 1, "fibre": 1, "kind": "state", "m": 5, "next": [4, 2, 3, 1, 0], "period": 5, "recurrent_predicate": true, "state": [3, 1, 2, 0, 4], "tail": 0}
{"N": 5, "decoder": 0, "fibre": 0, "kind": "state", "m": 5, "next": [4, 3, 3, 3, 1], "period": 1, "recurrent_predicate": false, "state": [3, 1, 2, 1, 0], "tail": 8}
{"N": 5, "decoder": 4, "fibre": 4, "kind": "state", "m": 5, "next": [4, 4, 3, 4, 4], "period": 1, "recurrent_predicate": false, "state": [3, 1, 2, 1, 1], "tail": 4}
{"N": 5, "decoder": 1, "fibre": 1, "kind": "state", "m": 5, "next": [4, 3, 4, 3, 4], "period": 1, "recurrent_predicate": false, "state": [3, 1, 2, 1, 2], "tail": 5}
{"N": 5, "decoder": 0, "fibre": 0, "kind": "state", "m": 5, "next": [0, 3, 3, 3, 0], "period": 1, "recurrent_predicate": false, "state": [3, 1, 2, 1, 3], "tail": 3}
{"N": 5, "decoder": 1, "fibre": 1, "kind": "state", "m": 5, "next": [4, 3, 3, 3, 0], "period": 1, "recurrent_predicate": false, "state": [3, 1, 2, 1, 4], "tail": 5}
{"N": 5, "decoder": 0, "fibre": 0, "kind": "state", "m": 5, "next": [4, 2, 4, 4, 1], "period": 1, "recurrent_predicate": false, "state": [3, 1, 2, 2, 0], "tail": 4}
{"N": 5, "decoder": 1, "fibre": 1, "kind": "state", "m": 5, "next": [4, 3, 4, 4, 3], "period": 1, "recurrent_predicate": false, "state": [3, 1, 2, 2, 1], "tail": 5}
{"N": 5, "decoder": 1, "fibre": 1, "kind": "state", "m": 5, "next": [4, 2, 0, 0, 0], "period": 1, "recurrent_predicate": false, "state": [3, 1, 2, 2, 2], "tail": 6}
{"N": 5, "decoder": 0, "fibre": 0, "kind": "state", "m": 5, "next": [0, 2, 4, 4, 0], "period": 1, "recurrent_predicate": false, "state": [3, 1, 2, 2, 3], "tail": 7}
{"N": 5, "decoder": 0, "fibre": 0, "kind": "state", "m": 5, "next": [4, 2, 4, 4, 0], "period": 1, "recurrent_predicate": false, "state": [3, 1, 2, 2, 4], "tail": 8}
{"N": 5, "decoder": 0, "fibre": 0, "kind": "state", "m": 5, "next": [0, 2, 3, 0, 1], "period": 1, "recurrent_predicate": false, "state": [3, 1, 2, 3, 0], "tail": 6}
{"N": 5, "decoder": 0, "fibre": 0, "kind": "state", "m": 5, "next": [0, 3, 3, 0, 3], "period": 1, "recurrent_predicate": false, "state": [3, 1, 2, 3, 1], "tail": 3}
{"N": 5, "decoder": 0, "fibre": 0, "kind": "state", "m": 5, "next": [0, 2, 4, 0, 4], "period": 1, "recurrent_predicate": false, "state": [3, 1, 2, 3, 2], "tail": 7}
{"N": 5, "decoder": 0, "fibre": 0, "kind": "state", "m": 5, "next": [1, 2, 3, 1, 1], "period": 1, "recurrent_predicate": false, "state": [3, 1, 2, 3, 3], "tail": 5}
{"N": 5, "decoder": 0, "fibre": 0, "kind": "state", "m": 5, "next": [0, 2, 3, 0, 0], "period": 1, "recurrent_predicate": false, "state": [3, 1, 2, 3, 4], "tail": 4}
{"N": 5, "decoder": 1, "fibre": 1, "kind": "state", "m": 5, "next": [4, 2, 3, 0, 1], "period": 5, "recurrent_predicate": true, "state": [3, 1, 2, 4, 0], "tail": 0}
{"N": 5, "decoder": 1, "fibre": 1, "kind": "state", "m": 5, "next": [4, 3, 3, 0, 3], "period": 1, "recurrent_predicate": false, "state": [3, 1, 2, 4, 1], "tail": 5}
{"N": 5, "decoder": 0, "fibre": 0, "kind": "state", "m": 5, "next": [4, 2, 4, 0, 4], "period": 1, "recurrent_predicate": false, "state": [3, 1, 2, 4, 2], "tail": 8}
{"N": 5, "decoder": 0, "fibre": 0, "kind": "state", "m": 5, "next": [0, 2, 3, 0, 0], "period": 1, "recurrent_predicate": false, "state": [3, 1, 2, 4, 3], "tail": 4}
{"N": 5, "decoder": 0, "fibre": 0, "kind": "state", "m": 5, "next": [4, 2, 3, 1, 1], "period": 1, "recurrent_predicate": false, "state": [3, 1, 2, 4, 4], "tail": 6}
{"N": 5, "decoder": 1, "fibre": 1, "kind": "state", "m": 5, "next": [0, 2, 0, 2, 2], "period": 1, "recurrent_predicate": false, "state": [3, 1, 3, 0, 0], "tail": 4}
{"N": 5, "decoder": 0, "fibre": 0, "kind": "state", "m": 5, "next": [0, 3, 0, 1, 3], "period": 1, "recurrent_predicate": false, "state": [3, 1, 3, 0, 1], "tail": 5}
{"N": 5, "decoder": 0, "fibre": 0, "kind": "state", "m": 5, "next": [0, 2, 0, 1, 3], "period": 1, "recurrent_predicate": false, "state": [3, 1, 3, 0, 2], "tail": 6}
{"N": 5, "decoder": 3, "fibre": 3, "kind": "state", "m": 5, "next": [1, 2, 1, 1, 1], "period": 1, "recurrent_predicate": false, "state": [3, 1, 3, 0, 3], "tail": 3}
{"N": 5, "decoder": 1, "fibre": 1, "kind": "state", "m": 5, "next": [0, 2, 0, 1, 0], "period": 1, "recurrent_predicate": false, "state": [3, 1, 3, 0, 4], "tail": 5}
{"N": 5, "decoder": 0, "fibre": 0, "kind": "state", "m": 5, "next": [0, 3, 0, 3, 1], "period": 1, "recurrent_predicate": false, "state": [3, 1, 3, 1, 0], "tail": 5}
{"N": 5, "decoder": 4, "fibre": 4, "kind": "state", "m": 5, "next": [0, 4, 0, 4, 4], "period": 1, "recurrent_predicate": false, "state": [3, 1, 3, 1, 1], "tail": 2}
{"N": 5, "decoder": 0, "fibre": 0, "kind": "state", "m": 5, "next": [0, 3, 0, 3, 3], "period": 1, "recurrent_predicate": false, "state": [3, 1, 3, 1, 2], "tail": 3}
{"N": 5, "decoder": 4, "fibre": 4, "kind": "state", "m": 5, "next": [1, 3, 1, 3, 1], "period": 1, "recurrent_predicate": false, "state": [3, 1, 3, 1, 3], "tail": 3}
{"N": 5, "decoder": 1, "fibre": 1, "kind": "state", "m": 5, "next": [0, 3, 0, 3, 0], "period": 1, "recurrent_predicate": false, "state": [3, 1, 3, 1, 4], "tail": 4}
{"N": 5, "decoder": 0, "fibre": 0, "kind": "state", "m": 5, "next": [0, 2, 0, 3, 1], "period": 1, "recurrent_predicate": false, "state": [3, 1, 3, 2, 0], "tail": 6}
{"N": 5, "decoder": 0, "fibre": 0, "kind": "state", "m": 5, "next": [0, 3, 0, 3, 3], "period": 1, "recurrent_predicate": false, "state": [3, 1, 3, 2, 1], "tail": 3}
{"N": 5, "decoder": 0, "fibre": 0, "kind": "state", "m": 5, "next": [0, 2, 0, 4, 4], "period": 1, "recurrent_predicate": false, "state": [3, 1, 3, 2, 2], "tail": 7}
{"N": 5, "decoder": 0, "fibre": 0, "kind": "state", "m": 5, "next": [1, 2, 1, 3, 1], "period": 1, "recurrent_predicate": false, "state": [3, 1, 3, 2, 3], "tail": 5}
{"N": 5, "decoder": 0, "fibre": 0, "kind": "state", "m": 5, "next": [0, 2, 0, 3, 0], "period": 1, "recurrent_predicate": false, "state": [3, 1, 3, 2, 4], "tail": 4}
{"N": 5, "decoder": 3, "fibre": 3, "kind": "state", "m": 5, "next": [1, 2, 1, 1, 1], "period": 1, "recurrent_predicate": false, "state": [3, 1, 3, 3, 0], "tail": 3}
{"N": 5, "decoder": 4, "fibre": 4, "kind": "state", "m": 5, "next": [1, 3, 1, 1, 3], "period": 1, "recurrent_predicate": false, "state": [3, 1, 3, 3, 1], "tail": 3}
{"N": 5, "decoder": 0, "fibre": 0, "kind": "state", "m": 5, "next": [1, 2, 1, 1, 3], "period": 1, "recurrent_predicate": false, "state": [3, 1, 3, 3, 2], "tail": 5}
{"N": 5, "decoder": 1, "fibre": 1, "kind": "state", "m": 5, "next": [2, 2, 2, 2, 2], "period": 1, "recurrent_predicate": false, "state": [3, 1, 3, 3, 3], "tail": 1}
{"N": 5, "decoder": 3, "fibre": 3, "kind": "state", "m": 5, "next": [1, 2, 1, 1, 0], "period": 1, "recurrent_predicate": false, "state": [3, 1, 3, 3, 4], "tail": 7}
{"N": 5, "decoder": 1, "fibre": 1, "kind": "state", "m": 5, "next": [0, 2, 0, 0, 1], "period": 1, "recurrent_predicate": false, "state": [3, 1, 3, 4, 0], "tail": 5}
{"N": 5, "decoder": 1, "fibre": 1, "kind": "state", "m": 5, "next": [0, 3, 0, 0, 3], "period": 1, "recurrent_predicate": false, "state": [3, 1, 3, 4, 1], "tail": 4}
{"N": 5, "decoder": 0, "fibre": 0, "kind": "state", "m": 5, "next": [0, 2, 0, 0, 3], "period": 1, "recurrent_predicate": false, "state": [3, 1, 3, 4, 2], "tail": 4}
{"N": 5, "decoder": 3, "fibre": 3, "kind": "state", "m": 5, "next": [1, 2, 1, 0, 1], "period": 1, "recurrent_predicate": false, "state": [3, 1, 3, 4, 3], "tail": 7}
{"N": 5, "decoder": 1, "fibre": 1, "kind": "state", "m": 5, "next": [0, 2, 0, 1, 1], "period": 1, "recurrent_predicate": false, "state": [3, 1, 3, 4, 4], "tail": 6}
{"N": 5, "decoder": 0, "fibre": 0, "kind": "state", "m": 5, "next": [4, 2, 0, 2, 2], "period": 1, "recurrent_predicate": false, "state": [3, 1, 4, 0, 0], "tail": 4}
{"N": 5, "decoder": 0, "fibre": 0, "kind": "state", "m": 5, "next": [4, 3, 0, 1, 3], "period": 1, "recurrent_predicate": false, "state": [3, 1, 4, 0, 1], "tail": 6}
{"N": 5, "decoder": 1, "fibre": 1, "kind": "state", "m": 5, "next": [4, 2, 0, 1, 3], "period": 5, "recurrent_predicate": true, "state": [3, 1, 4, 0, 2], "tail": 0}
{"N": 5, "decoder": 1, "fibre": 1, "kind": "state", "m": 5, "next": [0, 2, 0, 1, 0], "period": 1, "recurrent_predicate": false, "state": [3, 1, 4, 0, 3], "tail": 5}
{"N": 5, "decoder": 0, "fibre": 0, "kind": "state", "m": 5, "next": [4, 2, 1, 1, 1], "period": 1, "recurrent_predicate": false, "state": [3, 1, 4, 0, 4], "tail": 8}
{"N": 5, "decoder": 0, "fibre": 0, "kind": "state", "m": 5, "next": [4, 3, 0, 3, 1], "period": 1, "recurrent_predicate": false, "state": [3, 1, 4, 1, 0], "tail": 6}
{"N": 5, "decoder": 3, "fibre": 3, "kind": "state", "m": 5, "next": [4, 4, 0, 4, 4], "period": 1, "recurrent_predicate": false, "state": [3, 1, 4, 1, 1], "tail": 3}
{"N": 5, "decoder": 1, "fibre": 1, "kind": "state", "m": 5, "next": [4, 3, 0, 3, 3], "period": 1, "recurrent_predicate": false, "state": [3, 1, 4, 1, 2], "tail": 5}
{"N": 5, "decoder": 1, "fibre": 1, "kind": "state", "m": 5, "next": [0, 3, 0, 3, 0], "period": 1, "recurrent_predicate": false, "state": [3, 1, 4, 1, 3], "tail": 4}
{"N": 5, "decoder": 0, "fibre": 0, "kind": "state", "m": 5, "next": [4, 3, 1, 3, 1], "period": 1, "recurrent_predicate": false, "state": [3, 1, 4, 1, 4], "tail": 5}
{"N": 5, "decoder": 1, "fibre": 1, "kind": "state", "m": 5, "next": [4, 2, 0, 3, 1], "period": 5, "recurrent_predicate": true, "state": [3, 1, 4, 2, 0], "tail": 0}
{"N": 5, "decoder": 1, "fibre": 1, "kind": "state", "m": 5, "next": [4, 3, 0, 3, 3], "period": 1, "recurrent_predicate": false, "state": [3, 1, 4, 2, 1], "tail": 5}
{"N": 5, "decoder": 0, "fibre": 0, "kind": "state", "m": 5, "next": [4, 2, 0, 4, 4], "period": 1, "recurrent_predicate": false, "state": [3, 1, 4, 2, 2], "tail": 8}
{"N": 5, "decoder": 0, "fibre": 0, "kind": "state", "m": 5, "next": [0, 2, 0, 3, 0], "period": 1, "recurrent_predicate": false, "state": [3, 1, 4, 2, 3], "tail": 4}
{"N": 5, "decoder": 0, "fibre": 0, "kind": "state", "m": 5, "next": [4, 2, 1, 3, 1], "period": 1, "recurrent_predicate": false, "state": [3, 1, 4, 2, 4], "tail": 6}
{"N": 5, "decoder": 1, "fibre": 1, "kind": "state", "m": 5, "next": [0, 2, 0, 0, 1], "period": 1, "recurrent_predicate": false, "state": [3, 1, 4, 3, 0], "tail": 5}
{"N": 5, "decoder": 1, "fibre": 1, "kind": "state", "m": 5, "next": [0, 3, 0, 0, 3], "period": 1, "recurrent_predicate": false, "state": [3, 1, 4, 3, 1], "tail": 4}
{"N": 5, "decoder": 0, "fibre": 0, "kind": "state", "m": 5, "next": [0, 2, 0, 0, 3], "period": 1, "recurrent_predicate": false, "state": [3, 1, 4, 3, 2], "tail": 4}
{"N": 5, "decoder": 3, "fibre": 3, "kind": "state", "m": 5, "next": [1, 2, 0, 1, 1], "period": 1, "recurrent_predicate": false, "state": [3, 1, 4, 3, 3], "tail": 7}
{"N": 5, "decoder": 1, "fibre": 1, "kind": "state", "m": 5, "next": [0, 2, 1, 0, 1], "period": 1, "recurrent_predicate": false, "state": [3, 1, 4, 3, 4], "tail": 6}
{"N": 5, "decoder": 0, "fibre": 0, "kind": "state", "m": 5, "next": [4, 2, 1, 1, 1], "period": 1, "recurrent_predicate": false, "state": [3, 1, 4, 4, 0], "tail": 8}
{"N": 5, "decoder": 0, "fibre": 0, "kind": "state", "m": 5, "next": [4, 3, 1, 1, 3], "period": 1, "recurrent_predicate": false, "state": [3, 1, 4, 4, 1], "tail": 5}
{"N": 5, "decoder": 0, "fibre": 0, "kind": "state", "m": 5, "next": [4, 2, 1, 1, 3], "period": 1, "recurrent_predicate": false, "state": [3, 1, 4, 4, 2], "tail": 6}
{"N": 5, "decoder": 1, "fibre": 1, "kind": "state", "m": 5, "next": [0, 2, 1, 1, 0], "period": 1, "recurrent_predicate": false, "state": [3, 1, 4, 4, 3], "tail": 6}
{"N": 5, "decoder": 1, "fibre": 1, "kind": "state", "m": 5, "next": [4, 2, 2, 2, 2], "period": 1, "recurrent_predicate": false, "state": [3, 1, 4, 4, 4], "tail": 5}
{"N": 5, "decoder": 3, "fibre": 3, "kind": "state", "m": 5, "next": [4, 3, 3, 3, 3], "period": 1, "recurrent_predicate": false, "state": [3, 2, 0, 0, 0], "tail": 3}
{"N": 5, "decoder": 1, "fibre": 1, "kind": "state", "m": 5, "next": [4, 3, 2, 2, 2], "period": 1, "recurrent_predicate": false, "state": [3, 2, 0, 0, 1], "tail": 5}
{"N": 5, "decoder": 1, "fibre": 1, "kind": "state", "m": 5, "next": [4, 4, 2, 2, 4], "period": 1, "recurrent_predicate": false, "state": [3, 2, 0, 0, 2], "tail": 4}
{"N": 5, "decoder": 0, "fibre": 0, "kind": "state", "m": 5, "next": [0, 3, 2, 2, 0], "period": 1, "recurrent_predicate": false, "state": [3, 2, 0, 0, 3], "tail": 5}
{"N": 5, "decoder": 0, "fibre": 0, "kind": "state", "m": 5, "next": [4, 3, 2, 2, 0], "period": 1, "recurrent_predicate": false, "state": [3, 2, 0, 0, 4], "tail": 6}
{"N": 5, "decoder": 1, "fibre": 1, "kind": "state", "m": 5, "next": [4, 3, 2, 2, 2], "period": 1, "recurrent_predicate": false, "state": [3, 2, 0, 1, 0], "tail": 5}
{"N": 5, "decoder": 0, "fibre": 0, "kind": "state", "m": 5, "next": [4, 3, 1, 3, 3], "period": 1, "recurrent_predicate": false, "state": [3, 2, 0, 1, 1], "tail": 8}
{"N": 5, "decoder": 0, "fibre": 0, "kind": "state", "m": 5, "next": [4, 4, 1, 2, 4], "period": 1, "recurrent_predicate": false, "state": [3, 2, 0, 1, 2], "tail": 4}
{"N": 5, "decoder": 0, "fibre": 0, "kind": "state", "m": 5, "next": [0, 3, 1, 2, 0], "period": 1, "recurrent_predicate": false, "state": [3, 2, 0, 1, 3], "tail": 6}
{"N": 5, "decoder": 1, "fibre": 1, "kind": "state", "m": 5, "next": [4, 3, 1, 2, 0], "period": 5, "recurrent_predicate": true, "state": [3, 2, 0, 1, 4], "tail": 0}
{"N": 5, "decoder": 1, "fibre": 1, "kind": "state", "m": 5, "next": [4, 4, 2, 4, 2], "period": 1, "recurrent_predicate": false, "state": [3, 2, 0, 2, 0], "tail": 4}
{"N": 5, "decoder": 0, "fibre": 0, "kind": "state", "m": 5, "next": [4, 4, 1, 4, 2], "period": 1, "recurrent_predicate": false, "state": [3, 2, 0, 2, 1], "tail": 4}
{"N": 5, "decoder": 3, "fibre": 3, "kind": "state", "m": 5, "next": [4, 0, 1, 0, 0], "period": 1, "recurrent_predicate": false, "state": [3, 2, 0, 2, 2], "tail": 7}
{"N": 5, "decoder": 1, "fibre": 1, "kind": "state", "m": 5, "next": [0, 4, 1, 4, 0], "period": 1, "recurrent_predicate": false, "state": [3, 2, 0, 2, 3], "tail": 6}
{"N": 5, "decoder": 1, "fibre": 1, "kind": "state", "m": 5, "next": [4, 4, 1, 4, 0], "period": 1, "recurrent_predicate": false, "state": [3, 2, 0, 2, 4], "tail": 5}
{"N": 5, "decoder": 0, "fibre": 0, "kind": "state", "m": 5, "next": [0, 3, 2, 0, 2], "period": 1, "recurrent_predicate": false, "state": [3, 2, 0, 3, 0], "tail": 5}
{"N": 5, "decoder": 0, "fibre": 0, "kind": "state", "m": 5, "next": [0, 3, 1, 0, 2], "period": 1, "recurrent_predicate": false, "state": [3, 2, 0, 3, 1], "tail": 6}
{"N": 5, "decoder": 1, "fibre": 1, "kind": "state", "m": 5, "next": [0, 4, 1, 0, 4], "period": 1, "recurrent_predicate": false, "state": [3, 2, 0, 3, 2], "tail": 6}
{"N": 5, "decoder": 1, "fibre": 1, "kind": "state", "m": 5, "next": [1, 3, 1, 1, 1], "period": 1, "recurrent_predicate": false, "state": [3, 2, 0, 3, 3], "tail": 5}
{"N": 5, "decoder": 0, "fibre": 0, "kind": "state", "m": 5, "next": [0, 3, 1, 0, 0], "period": 1, "recurrent_predicate": false, "state": [3, 2, 0, 3, 4], "tail": 8}
{"N": 5, "decoder": 0, "fibre": 0, "kind": "state", "m": 5, "next": [4, 3, 2, 0, 2], "period": 1, "recurrent_predicate": false, "state": [3, 2, 0, 4, 0], "tail": 6}
{"N": 5, "decoder": 1, "fibre": 1, "kind": "state", "m": 5, "next": [4, 3, 1, 0, 2], "period": 5, "recurrent_predicate": true, "state": [3, 2, 0, 4, 1], "tail": 0}
{"N": 5, "decoder": 1, "fibre": 1, "kind": "state", "m": 5, "next": [4, 4, 1, 0, 4], "period": 1, "recurrent_predicate": false, "state": [3, 2, 0, 4, 2], "tail": 5}
{"N": 5, "decoder": 0, "fibre": 0, "kind": "state", "m": 5, "next": [0, 3, 1, 0, 0], "period": 1, "recurrent_predicate": false, "state": [3, 2, 0, 4, 3], "tail": 8}
{"N": 5, "decoder": 0, "fibre": 0, "kind": "state", "m": 5, "next": [4, 3, 1, 1, 1], "period": 1, "recurrent_predicate": false, "state": [3, 2, 0, 4, 4], "tail": 4}
{"N": 5, "decoder": 1, "fibre": 1, "kind": "state", "m": 5, "next": [4, 3, 2, 2, 2], "period": 1, "recurrent_predicate": false, "state": [3, 2, 1, 0, 0], "tail": 5}
{"N": 5, "decoder": 0, "fibre": 0, "kind": "state", "m": 5, "next": [4, 3, 3, 1, 3], "period": 1, "recurrent_predicate": false, "state": [3, 2, 1, 0, 1], "tail": 8}
{"N": 5, "decoder": 0, "fibre": 0, "kind": "state", "m": 5, "next": [4, 4, 2, 1, 4], "period": 1, "recurrent_predicate": false, "state": [3, 2, 1, 0, 2], "tail": 4}
{"N": 5, "decoder": 0, "fibre": 0, "kind": "state", "m": 5, "next": [0, 3, 2, 1, 0], "period": 1, "recurrent_predicate": false, "state": [3, 2, 1, 0, 3], "tail": 6}
{"N": 5, "decoder": 1, "fibre": 1, "kind": "state", "m": 5, "next": [4, 3, 2, 1, 0], "period": 5, "recurrent_predicate": true, "state": [3, 2, 1, 0, 4], "tail": 0}
{"N": 5, "decoder": 0, "fibre": 0, "kind": "state", "m": 5, "next": [4, 3, 3, 3, 1], "period": 1, "recurrent_predicate": false, "state": [3, 2, 1, 1, 0], "tail": 8}
{"N": 5, "decoder": 4, "fibre": 4, "kind": "state", "m": 5, "next": [4, 3, 4, 4, 4], "period": 1, "recurrent_predicate": false, "state": [3, 2, 1, 1, 1], "tail": 4}
{"N": 5, "decoder": 1, "fibre": 1, "kind": "state", "m": 5, "next": [4, 4, 3, 3, 4], "period": 1, "recurrent_predicate": false, "state": [3, 2, 1, 1, 2], "tail": 5}
{"N": 5, "decoder": 0, "fibre": 0, "kind": "state", "m": 5, "next": [0, 3, 3, 3, 0], "period": 1, "recurrent_predicate": false, "state": [3, 2, 1, 1, 3], "tail": 3}
{"N": 5, "decoder": 1, "fibre": 1, "kind": "state", "m": 5, "next": [4, 3, 3, 3, 0], "period": 1, "recurrent_predicate": false, "state": [3, 2, 1, 1, 4], "tail": 5}
{"N": 5, "decoder": 0, "fibre": 0, "kind": "state", "m": 5, "next": [4, 4, 2, 4, 1], "period": 1, "recurrent_predicate": false, "state": [3, 2, 1, 2, 0], "tail": 4}
{"N": 5, "decoder": 1, "fibre": 1, "kind": "state", "m": 5, "next": [4, 4, 3, 4, 3], "period": 1, "recurrent_predicate": false, "state": [3, 2, 1, 2, 1], "tail": 5}
{"N": 5, "decoder": 1, "fibre": 1, "kind": "state", "m": 5, "next": [4, 0, 2, 0, 0], "period": 1, "recurrent_predicate": false, "state": [3, 2, 1, 2, 2], "tail": 6}
{"N": 5, "decoder": 0, "fibre": 0, "kind": "state", "m": 5, "next": [0, 4, 2, 4, 0], "period": 1, "recurrent_predicate": false, "state": [3, 2, 1, 2, 3], "tail": 7}
{"N": 5, "decoder": 0, "fibre": 0, "kind": "state", "m": 5, "next": [4, 4, 2, 4, 0], "period": 1, "recurrent_predicate": false, "state": [3, 2, 1, 2, 4], "tail": 8}
{"N": 5, "decoder": 0, "fibre": 0, "kind": "state", "m": 5, "next": [0, 3, 2, 0, 1], "period": 1, "recurrent_predicate": false, "state": [3, 2, 1, 3, 0], "tail": 6}
{"N": 5, "decoder": 0, "fibre": 0, "kind": "state", "m": 5, "next": [0, 3, 3, 0, 3], "period": 1, "recurrent_predicate": false, "state": [3, 2, 1, 3, 1], "tail": 3}
{"N": 5, "decoder": 0, "fibre": 0, "kind": "state", "m": 5, "next": [0, 4, 2, 0, 4], "period": 1, "recurrent_predicate": false, "state": [3, 2, 1, 3, 2], "tail": 7}
{"N": 5, "decoder": 0, "fibre": 0, "kind": "state", "m": 5, "next": [1, 3, 2, 1, 1], "period": 1, "recurrent_predicate": false, "state": [3, 2, 1, 3, 3], "tail": 5}
{"N": 5, "decoder": 0, "fibre": 0, "kind": "state", "m": 5, "next": [0, 3, 2, 0, 0], "period": 1, "recurrent_predicate": false, "state": [3, 2, 1, 3, 4], "tail": 4}
{"N": 5, "decoder": 1, "fibre": 1, "kind": "state", "m": 5, "next": [4, 3, 2, 0, 1], "period": 5, "recurrent_predicate": true, "state": [3, 2, 1, 4, 0], "tail": 0}
{"N": 5, "decoder": 1, "fibre": 1, "kind": "state", "m": 5, "next": [4, 3, 3, 0, 3], "period": 1, "recurrent_predicate": false, "state": [3, 2, 1, 4, 1], "tail": 5}
{"N": 5, "decoder": 0, "fibre": 0, "kind": "state", "m": 5, "next": [4, 4, 2, 0, 4], "period": 1, "recurrent_predicate": false, "state": [3, 2, 1, 4, 2], "tail": 8}
{"N": 5, "decoder": 0, "fibre": 0, "kind": "state", "m": 5, "next": [0, 3, 2, 0, 0], "period": 1, "recurrent_predicate": false, "state": [3, 2, 1, 4, 3], "tail": 4}
{"N": 5, "decoder": 0, "fibre": 0, "kind": "state", "m": 5, "next": [4, 3, 2, 1, 1], "period": 1, "recurrent_predicate": false, "state": [3, 2, 1, 4, 4], "tail": 6}
{"N": 5, "decoder": 1, "fibre": 1, "kind": "state", "m": 5, "next": [4, 4, 4, 2, 2], "period": 1, "recurrent_predicate": false, "state": [3, 2, 2, 0, 0], "tail": 4}
{"N": 5, "decoder": 0, "fibre": 0, "kind": "state", "m": 5, "next": [4, 4, 4, 1, 2], "period": 1, "recurrent_predicate": false, "state": [3, 2, 2, 0, 1], "tail": 4}
{"N": 5, "decoder": 3, "fibre": 3, "kind": "state", "m": 5, "next": [4, 0, 0, 1, 0], "period": 1, "recurrent_predicate": false, "state": [3, 2, 2, 0, 2], "tail": 7}
{"N": 5, "decoder": 1, "fibre": 1, "kind": "state", "m": 5, "next": [0, 4, 4, 1, 0], "period": 1, "recurrent_predicate": false, "state": [3, 2, 2, 0, 3], "tail": 6}
{"N": 5, "decoder": 1, "fibre": 1, "kind": "state", "m": 5, "next": [4, 4, 4, 1, 0], "period": 1, "recurrent_predicate": false, "state": [3, 2, 2, 0, 4], "tail": 5}
{"N": 5, "decoder": 0, "fibre": 0, "kind": "state", "m": 5, "next": [4, 4, 4, 2, 1], "period": 1, "recurrent_predicate": false, "state": [3, 2, 2, 1, 0], "tail": 4}
{"N": 5, "decoder": 1, "fibre": 1, "kind": "state", "m": 5, "next": [4, 4, 4, 3, 3], "period": 1, "recurrent_predicate": false, "state": [3, 2, 2, 1, 1], "tail": 5}
{"N": 5, "decoder": 1, "fibre": 1, "kind": "state", "m": 5, "next": [4, 0, 0, 2, 0], "period": 1, "recurrent_predicate": false, "state": [3, 2, 2, 1, 2], "tail": 6}
{"N": 5, "decoder": 0, "fibre": 0, "kind": "state", "m": 5, "next": [0, 4, 4, 2, 0], "period": 1, "recurrent_predicate": false, "state": [3, 2, 2, 1, 3], "tail": 7}
{"N": 5, "decoder": 0, "fibre": 0, "kind": "state", "m": 5, "next": [4, 4, 4, 2, 0], "period": 1, "recurrent_predicate": false, "state": [3, 2, 2, 1, 4], "tail": 8}
{"N": 5, "decoder": 3, "fibre": 3, "kind": "state", "m": 5, "next": [4, 0, 0, 0, 1], "period": 1, "recurrent_predicate": false, "state": [3, 2, 2, 2, 0], "tail": 7}
{"N": 5, "decoder": 1, "fibre": 1, "kind": "state", "m": 5, "next": [4, 0, 0, 0, 2], "period": 1, "recurrent_predicate": false, "state": [3, 2, 2, 2, 1], "tail": 6}
{"N": 5, "decoder": 5, "fibre": 5, "kind": "state", "m": 5, "next": [4, 1, 1, 1, 1], "period": 1, "recurrent_predicate": false, "state": [3, 2, 2, 2, 2], "tail": 2}
{"N": 5, "decoder": 1, "fibre": 1, "kind": "state", "m": 5, "next": [0, 0, 0, 0, 0], "period": 1, "recurrent_predicate": false, "state": [3, 2, 2, 2, 3], "tail": 1}
{"N": 5, "decoder": 4, "fibre": 4, "kind": "state", "m": 5, "next": [4, 0, 0, 0, 0], "period": 1, "recurrent_predicate": false, "state": [3, 2, 2, 2, 4], "tail": 4}
{"N": 5, "decoder": 1, "fibre": 1, "kind": "state", "m": 5, "next": [0, 4, 4, 0, 1], "period": 1, "recurrent_predicate": false, "state": [3, 2, 2, 3, 0], "tail": 6}
{"N": 5, "decoder": 0, "fibre": 0, "kind": "state", "m": 5, "next": [0, 4, 4, 0, 2], "period": 1, "recurrent_predicate": false, "state": [3, 2, 2, 3, 1], "tail": 7}
{"N": 5, "decoder": 1, "fibre": 1, "kind": "state", "m": 5, "next": [0, 0, 0, 0, 0], "period": 1, "recurrent_predicate": false, "state": [3, 2, 2, 3, 2], "tail": 1}
{"N": 5, "decoder": 3, "fibre": 3, "kind": "state", "m": 5, "next": [1, 4, 4, 1, 1], "period": 1, "recurrent_predicate": false, "state": [3, 2, 2, 3, 3], "tail": 4}
{"N": 5, "decoder": 1, "fibre": 1, "kind": "state", "m": 5, "next": [0, 4, 4, 0, 0], "period": 1, "recurrent_predicate": false, "state": [3, 2, 2, 3, 4], "tail": 5}
{"N": 5, "decoder": 1, "fibre": 1, "kind": "state", "m": 5, "next": [4, 4, 4, 0, 1], "period": 1, "recurrent_predicate": false, "state": [3, 2, 2, 4, 0], "tail": 5}
{"N": 5, "decoder": 0, "fibre": 0, "kind": "state", "m": 5, "next": [4, 4, 4, 0, 2], "period": 1, "recurrent_predicate": false, "state": [3, 2, 2, 4, 1], "tail": 8}
{"N": 5, "decoder": 4, "fibre": 4, "kind": "state", "m": 5, "next": [4, 0, 0, 0, 0], "period": 1, "recurrent_predicate": false, "state": [3, 2, 2, 4, 2], "tail": 4}
{"N": 5, "decoder": 1, "fibre": 1, "kind": "state", "m": 5, "next": [0, 4, 4, 0, 0], "period": 1, "recurrent_predicate": false, "state": [3, 2, 2, 4, 3], "tail": 5}
{"N": 5, "decoder": 0, "fibre": 0, "kind": "state", "m": 5, "next": [4, 4, 4, 1, 1], "period": 1, "recurrent_predicate": false, "state": [3, 2, 2, 4, 4], "tail": 3}
{"N": 5, "decoder": 0, "fibre": 0, "kind": "state", "m": 5, "next": [0, 3, 0, 2, 2], "period": 1, "recurrent_predicate": false, "state": [3, 2, 3, 0, 0], "tail": 5}
{"N": 5, "decoder": 0, "fibre": 0, "kind": "state", "m": 5, "next": [0, 3, 0, 1, 2], "period": 1, "recurrent_predicate": false, "state": [3, 2, 3, 0, 1], "tail": 6}
{"N": 5, "decoder": 1, "fibre": 1, "kind": "state", "m": 5, "next": [0, 4, 0, 1, 4], "period": 1, "recurrent_predicate": false, "state": [3, 2, 3, 0, 2], "tail": 6}
{"N": 5, "decoder": 1, "fibre": 1, "kind": "state", "m": 5, "next": [1, 3, 1, 1, 1], "period": 1, "recurrent_predicate": false, "state": [3, 2, 3, 0, 3], "tail": 5}
{"N": 5, "decoder": 0, "fibre": 0, "kind": "state", "m": 5, "next": [0, 3, 0, 1, 0], "period": 1, "recurrent_predicate": false, "state": [3, 2, 3, 0, 4], "tail": 8}
{"N": 5, "decoder": 0, "fibre": 0, "kind": "state", "m": 5, "next": [0, 3, 0, 2, 1], "period": 1, "recurrent_predicate": false, "state": [3, 2, 3, 1, 0], "tail": 6}
{"N": 5, "decoder": 0, "fibre": 0, "kind": "state", "m": 5, "next": [0, 3, 0, 3, 3], "period": 1, "recurrent_predicate": false, "state": [3, 2, 3, 1, 1], "tail": 3}
{"N": 5, "decoder": 0, "fibre": 0, "kind": "state", "m": 5, "next": [0, 4, 0, 2, 4], "period": 1, "recurrent_predicate": false, "state": [3, 2, 3, 1, 2], "tail": 7}
{"N": 5, "decoder": 0, "fibre": 0, "kind": "state", "m": 5, "next": [1, 3, 1, 2, 1], "period": 1, "recurrent_predicate": false, "state": [3, 2, 3, 1, 3], "tail": 5}
{"N": 5, "decoder": 0, "fibre": 0, "kind": "state", "m": 5, "next": [0, 3, 0, 2, 0], "period": 1, "recurrent_predicate": false, "state": [3, 2, 3, 1, 4], "tail": 4}
{"N": 5, "decoder": 1, "fibre": 1, "kind": "state", "m": 5, "next": [0, 4, 0, 4, 1], "period": 1, "recurrent_predicate": false, "state": [3, 2, 3, 2, 0], "tail": 6}
{"N": 5, "decoder": 0, "fibre": 0, "kind": "state", "m": 5, "next": [0, 4, 0, 4, 2], "period": 1, "recurrent_predicate": false, "state": [3, 2, 3, 2, 1], "tail": 7}
{"N": 5, "decoder": 1, "fibre": 1, "kind": "state", "m": 5, "next": [0, 0, 0, 0, 0], "period": 1, "recurrent_predicate": false, "state": [3, 2, 3, 2, 2], "tail": 1}
{"N": 5, "decoder": 3, "fibre": 3, "kind": "state", "m": 5, "next": [1, 4, 1, 4, 1], "period": 1, "recurrent_predicate": false, "state": [3, 2, 3, 2, 3], "tail": 4}
{"N": 5, "decoder": 1, "fibre": 1, "kind": "state", "m": 5, "next": [0, 4, 0, 4, 0], "period": 1, "recurrent_predicate": false, "state": [3, 2, 3, 2, 4], "tail": 5}
{"N": 5, "decoder": 1, "fibre": 1, "kind": "state", "m": 5, "next": [1, 3, 1, 1, 1], "period": 1, "recurrent_predicate": false, "state": [3, 2, 3, 3, 0], "tail": 5}
{"N": 5, "decoder": 0, "fibre": 0, "kind": "state", "m": 5, "next": [1, 3, 1, 1, 2], "period": 1, "recurrent_predicate": false, "state": [3, 2, 3, 3, 1], "tail": 5}
{"N": 5, "decoder": 3, "fibre": 3, "kind": "state", "m": 5, "next": [1, 4, 1, 1, 4], "period": 1, "recurrent_predicate": false, "state": [3, 2, 3, 3, 2], "tail": 4}
{"N": 5, "decoder": 5, "fibre": 5, "kind": "state", "m": 5, "next": [2, 3, 2, 2, 2], "period": 1, "recurrent_predicate": false, "state": [3, 2, 3, 3, 3], "tail": 3}
{"N": 5, "decoder": 1, "fibre": 1, "kind": "state", "m": 5, "next": [1, 3, 1, 1, 0], "period": 1, "recurrent_predicate": false, "state": [3, 2, 3, 3, 4], "tail": 6}
{"N": 5, "decoder": 0, "fibre": 0, "kind": "state", "m": 5, "next": [0, 3, 0, 0, 1], "period": 1, "recurrent_predicate": false, "state": [3, 2, 3, 4, 0], "tail": 8}
{"N": 5, "decoder": 0, "fibre": 0, "kind": "state", "m": 5, "next": [0, 3, 0, 0, 2], "period": 1, "recurrent_predicate": false, "state": [3, 2, 3, 4, 1], "tail": 4}
{"N": 5, "decoder": 1, "fibre": 1, "kind": "state", "m": 5, "next": [0, 4, 0, 0, 4], "period": 1, "recurrent_predicate": false, "state": [3, 2, 3, 4, 2], "tail": 5}
{"N": 5, "decoder": 1, "fibre": 1, "kind": "state", "m": 5, "next": [1, 3, 1, 0, 1], "period": 1, "recurrent_predicate": false, "state": [3, 2, 3, 4, 3], "tail": 6}
{"N": 5, "decoder": 0, "fibre": 0, "kind": "state", "m": 5, "next": [0, 3, 0, 1, 1], "period": 1, "recurrent_predicate": false, "state": [3, 2, 3, 4, 4], "tail": 7}
{"N": 5, "decoder": 0, "fibre": 0, "kind": "state", "m": 5, "next": [4, 3, 0, 2, 2], "period": 1, "recurrent_predicate": false, "state": [3, 2, 4, 0, 0], "tail": 6}
{"N": 5, "decoder": 1, "fibre": 1, "kind": "state", "m": 5, "next": [4, 3, 0, 1, 2], "period": 5, "recurrent_predicate": true, "state": [3, 2, 4, 0, 1], "tail": 0}
{"N": 5, "decoder": 1, "fibre": 1, "kind": "state", "m": 5, "next": [4, 4, 0, 1, 4], "period": 1, "recurrent_predicate": false, "state": [3, 2, 4, 0, 2], "tail": 5}
{"N": 5, "decoder": 0, "fibre": 0, "kind": "state", "m": 5, "next": [0, 3, 0, 1, 0], "period": 1, "recurrent_predicate": false, "state": [3, 2, 4, 0, 3], "tail": 8}
{"N": 5, "decoder": 0, "fibre": 0, "kind": "state", "m": 5, "next": [4, 3, 1, 1, 1], "period": 1, "recurrent_predicate": false, "state": [3, 2, 4, 0, 4], "tail": 4}
{"N": 5, "decoder": 1, "fibre": 1, "kind": "state", "m": 5, "next": [4, 3, 0, 2, 1], "period": 5, "recurrent_predicate": true, "state": [3, 2, 4, 1, 0], "tail": 0}
{"N": 5, "decoder": 1, "fibre": 1, "kind": "state", "m": 5, "next": [4, 3, 0, 3, 3], "period": 1, "recurrent_predicate": false, "state": [3, 2, 4, 1, 1], "tail": 5}
{"N": 5, "decoder": 0, "fibre": 0, "kind": "state", "m": 5, "next": [4, 4, 0, 2, 4], "period": 1, "recurrent_predicate": false, "state": [3, 2, 4, 1, 2], "tail": 8}
{"N": 5, "decoder": 0, "fibre": 0, "kind": "state", "m": 5, "next": [0, 3, 0, 2, 0], "period": 1, "recurrent_predicate": false, "state": [3, 2, 4, 1, 3], "tail": 4}
{"N": 5, "decoder": 0, "fibre": 0, "kind": "state", "m": 5, "next": [4, 3, 1, 2, 1], "period": 1, "recurrent_predicate": false, "state": [3, 2, 4, 1, 4], "tail": 6}
{"N": 5, "decoder": 1, "fibre": 1, "kind": "state", "m": 5, "next": [4, 4, 0, 4, 1], "period": 1, "recurrent_predicate": false, "state": [3, 2, 4, 2, 0], "tail": 5}
{"N": 5, "decoder": 0, "fibre": 0, "kind": "state", "m": 5, "next": [4, 4, 0, 4, 2], "period": 1, "recurrent_predicate": false, "state": [3, 2, 4, 2, 1], "tail": 8}
{"N": 5, "decoder": 4, "fibre": 4, "kind": "state", "m": 5, "next": [4, 0, 0, 0, 0], "period": 1, "recurrent_predicate": false, "state": [3, 2, 4, 2, 2], "tail": 4}
{"N": 5, "decoder": 1, "fibre": 1, "kind": "state", "m": 5, "next": [0, 4, 0, 4, 0], "period": 1, "recurrent_predicate": false, "state": [3, 2, 4, 2, 3], "tail": 5}
{"N": 5, "decoder": 0, "fibre": 0, "kind": "state", "m": 5, "next": [4, 4, 1, 4, 1], "period": 1, "recurrent_predicate": false, "state": [3, 2, 4, 2, 4], "tail": 3}
{"N": 5, "decoder": 0, "fibre": 0, "kind": "state", "m": 5, "next": [0, 3, 0, 0, 1], "period": 1, "recurrent_predicate": false, "state": [3, 2, 4, 3, 0], "tail": 8}
{"N": 5, "decoder": 0, "fibre": 0, "kind": "state", "m": 5, "next": [0, 3, 0, 0, 2], "period": 1, "recurrent_predicate": false, "state": [3, 2, 4, 3, 1], "tail": 4}
{"N": 5, "decoder": 1, "fibre": 1, "kind": "state", "m": 5, "next": [0, 4, 0, 0, 4], "period": 1, "recurrent_predicate": false, "state": [3, 2, 4, 3, 2], "tail": 5}
{"N": 5, "decoder": 1, "fibre": 1, "kind": "state", "m": 5, "next": [1, 3, 0, 1, 1], "period": 1, "recurrent_predicate": false, "state": [3, 2, 4, 3, 3], "tail": 6}
{"N": 5, "decoder": 0, "fibre": 0, "kind": "state", "m": 5, "next": [0, 3, 1, 0, 1], "period": 1, "recurrent_predicate": false, "state": [3, 2, 4, 3, 4], "tail": 7}
{"N": 5, "decoder": 0, "fibre": 0, "kind": "state", "m": 5, "next": [4, 3, 1, 1, 1], "period": 1, "recurrent_predicate": false, "state": [3, 2, 4, 4, 0], "tail": 4}
{"N": 5, "decoder": 0, "fibre": 0, "kind": "state", "m": 5, "next": [4, 3, 1, 1, 2], "period": 1, "recurrent_predicate": false, "state": [3, 2, 4, 4, 1], "tail": 6}
{"N": 5, "decoder": 0, "fibre": 0, "kind": "state", "m": 5, "next": [4, 4, 1, 1, 4], "period": 1, "recurrent_predicate": false, "state": [3, 2, 4, 4, 2], "tail": 3}
{"N": 5, "decoder": 0, "fibre": 0, "kind": "state", "m": 5, "next": [0, 3, 1, 1, 0], "period": 1, "recurrent_predicate": false, "state": [3, 2, 4, 4, 3], "tail": 7}
{"N": 5, "decoder": 0, "fibre": 0, "kind": "state", "m": 5, "next": [4, 3, 2, 2, 2], "period": 1, "recurrent_predicate": false, "state": [3, 2, 4, 4, 4], "tail": 5}
{"N": 5, "decoder": 4, "fibre": 4, "kind": "state", "m": 5, "next": [0, 0, 3, 3, 3], "period": 1, "recurrent_predicate": false, "state": [3, 3, 0, 0, 0], "tail": 3}
{"N": 5, "decoder": 1, "fibre": 1, "kind": "state", "m": 5, "next": [0, 0, 2, 2, 2], "period": 1, "recurrent_predicate": false, "state": [3, 3, 0, 0, 1], "tail": 4}
{"N": 5, "decoder": 0, "fibre": 0, "kind": "state", "m": 5, "next": [0, 0, 2, 2, 3], "period": 1, "recurrent_predicate": false, "state": [3, 3, 0, 0, 2], "tail": 5}
{"N": 5, "decoder": 4, "fibre": 4, "kind": "state", "m": 5, "next": [1, 1, 2, 2, 1], "period": 1, "recurrent_predicate": false, "state": [3, 3, 0, 0, 3], "tail": 2}
{"N": 5, "decoder": 0, "fibre": 0, "kind": "state", "m": 5, "next": [0, 0, 2, 2, 0], "period": 1, "recurrent_predicate": false, "state": [3, 3, 0, 0, 4], "tail": 3}
{"N": 5, "decoder": 1, "fibre": 1, "kind": "state", "m": 5, "next": [0, 0, 2, 2, 2], "period": 1, "recurrent_predicate": false, "state": [3, 3, 0, 1, 0], "tail": 4}
{"N": 5, "decoder": 0, "fibre": 0, "kind": "state", "m": 5, "next": [0, 0, 1, 3, 3], "period": 1, "recurrent_predicate": false, "state": [3, 3, 0, 1, 1], "tail": 5}
{"N": 5, "decoder": 0, "fibre": 0, "kind": "state", "m": 5, "next": [0, 0, 1, 2, 3], "period": 1, "recurrent_predicate": false, "state": [3, 3, 0, 1, 2], "tail": 6}
{"N": 5, "decoder": 3, "fibre": 3, "kind": "state", "m": 5, "next": [1, 1, 1, 2, 1], "period": 1, "recurrent_predicate": false, "state": [3, 3, 0, 1, 3], "tail": 3}
{"N": 5, "decoder": 1, "fibre": 1, "kind": "state", "m": 5, "next": [0, 0, 1, 2, 0], "period": 1, "recurrent_predicate": false, "state": [3, 3, 0, 1, 4], "tail": 5}
{"N": 5, "decoder": 0, "fibre": 0, "kind": "state", "m": 5, "next": [0, 0, 2, 3, 2], "period": 1, "recurrent_predicate": false, "state": [3, 3, 0, 2, 0], "tail": 5}
{"N": 5, "decoder": 0, "fibre": 0, "kind": "state", "m": 5, "next": [0, 0, 1, 3, 2], "period": 1, "recurrent_predicate": false, "state": [3, 3, 0, 2, 1], "tail": 6}
{"N": 5, "decoder": 1, "fibre": 1, "kind": "state", "m": 5, "next": [0, 0, 1, 4, 4], "period": 1, "recurrent_predicate": false, "state": [3, 3, 0, 2, 2], "tail": 6}
{"N": 5, "decoder": 1, "fibre": 1, "kind": "state", "m": 5, "next": [1, 1, 1, 3, 1], "period": 1, "recurrent_predicate": false, "state": [3, 3, 0, 2, 3], "tail": 5}
{"N": 5, "decoder": 0, "fibre": 0, "kind": "state", "m": 5, "next": [0, 0, 1, 3, 0], "period": 1, "recurrent_predicate": false, "state": [3, 3, 0, 2, 4], "tail": 8}
{"N": 5, "decoder": 4, "fibre": 4, "kind": "state", "m": 5, "next": [1, 1, 2, 1, 2], "period": 1, "recurrent_predicate": false, "state": [3, 3, 0, 3, 0], "tail": 2}
{"N": 5, "decoder": 3, "fibre": 3, "kind": "state", "m": 5, "next": [1, 1, 1, 1, 2], "period": 1, "recurrent_predicate": false, "state": [3, 3, 0, 3, 1], "tail": 3}
{"N": 5, "decoder": 1, "fibre": 1, "kind": "state", "m": 5, "next": [1, 1, 1, 1, 3], "period": 1, "recurrent_predicate": false, "state": [3, 3, 0, 3, 2], "tail": 5}
{"N": 5, "decoder": 4, "fibre": 4, "kind": "state", "m": 5, "next": [2, 2, 1, 2, 2], "period": 1, "recurrent_predicate": false, "state": [3, 3, 0, 3, 3], "tail": 4}
{"N": 5, "decoder": 4, "fibre": 4, "kind": "state", "m": 5, "next": [1, 1, 1, 1, 0], "period": 1, "recurrent_predicate": false, "state": [3, 3, 0, 3, 4], "tail": 4}
{"N": 5, "decoder": 0, "fibre": 0, "kind": "state", "m": 5, "next": [0, 0, 2, 0, 2], "period": 1, "recurrent_predicate": false, "state": [3, 3, 0, 4, 0], "tail": 3}
{"N": 5, "decoder": 1, "fibre": 1, "kind": "state", "m": 5, "next": [0, 0, 1, 0, 2], "period": 1, "recurrent_predicate": false, "state": [3, 3, 0, 4, 1], "tail": 5}
{"N": 5, "decoder": 0, "fibre": 0, "kind": "state", "m": 5, "next": [0, 0, 1, 0, 3], "period": 1, "recurrent_predicate": false, "state": [3, 3, 0, 4, 2], "tail": 8}
{"N": 5, "decoder": 4, "fibre": 4, "kind": "state", "m": 5, "next": [1, 1, 1, 0, 1], "period": 1, "recurrent_predicate": false, "state": [3, 3, 0, 4, 3], "tail": 4}
{"N": 5, "decoder": 1, "fibre": 1, "kind": "state", "m": 5, "next": [0, 0, 1, 1, 1], "period": 1, "recurrent_predicate": false, "state": [3, 3, 0, 4, 4], "tail": 5}
{"N": 5, "decoder": 1, "fibre": 1, "kind": "state", "m": 5, "next": [0, 0, 2, 2, 2], "period": 1, "recurrent_predicate": false, "state": [3, 3, 1, 0, 0], "tail": 4}
{"N": 5, "decoder": 0, "fibre": 0, "kind": "state", "m": 5, "next": [0, 0, 3, 1, 3], "period": 1, "recurrent_predicate": false, "state": [3, 3, 1, 0, 1], "tail": 5}
{"N": 5, "decoder": 0, "fibre": 0, "kind": "state", "m": 5, "next": [0, 0, 2, 1, 3], "period": 1, "recurrent_predicate": false, "state": [3, 3, 1, 0, 2], "tail": 6}
{"N": 5, "decoder": 3, "fibre": 3, "kind": "state", "m": 5, "next": [1, 1, 2, 1, 1], "period": 1, "recurrent_predicate": false, "state": [3, 3, 1, 0, 3], "tail": 3}
{"N": 5, "decoder": 1, "fibre": 1, "kind": "state", "m": 5, "next": [0, 0, 2, 1, 0], "period": 1, "recurrent_predicate": false, "state": [3, 3, 1, 0, 4], "tail": 5}
{"N": 5, "decoder": 0, "fibre": 0, "kind": "state", "m": 5, "next": [0, 0, 3, 3, 1], "period": 1, "recurrent_predicate": false, "state": [3, 3, 1, 1, 0], "tail": 5}
{"N": 5, "decoder": 4, "fibre": 4, "kind": "state", "m": 5, "next": [0, 0, 4, 4, 4], "period": 1, "recurrent_predicate": false, "state": [3, 3, 1, 1, 1], "tail": 2}
{"N": 5, "decoder": 0, "fibre": 0, "kind": "state", "m": 5, "next": [0, 0, 3, 3, 3], "period": 1, "recurrent_predicate": false, "state": [3, 3, 1, 1, 2], "tail": 3}
{"N": 5, "decoder": 4, "fibre": 4, "kind": "state", "m": 5, "next": [1, 1, 3, 3, 1], "period": 1, "recurrent_predicate": false, "state": [3, 3, 1, 1, 3], "tail": 3}
{"N": 5, "decoder": 1, "fibre": 1, "kind": "state", "m": 5, "next": [0, 0, 3, 3, 0], "period": 1, "recurrent_predicate": false, "state": [3, 3, 1, 1, 4], "tail": 4}
{"N": 5, "decoder": 0, "fibre": 0, "kind": "state", "m": 5, "next": [0, 0, 2, 3, 1], "period": 1, "recurrent_predicate": false, "state": [3, 3, 1, 2, 0], "tail": 6}
{"N": 5, "decoder": 0, "fibre": 0, "kind": "state", "m": 5, "next": [0, 0, 3, 3, 3], "period": 1, "recurrent_predicate": false, "state": [3, 3, 1, 2, 1], "tail": 3}
{"N": 5, "decoder": 0, "fibre": 0, "kind": "state", "m": 5, "next": [0, 0, 2, 4, 4], "period": 1, "recurrent_predicate": false, "state": [3, 3, 1, 2, 2], "tail": 7}
{"N": 5, "decoder": 0, "fibre": 0, "kind": "state", "m": 5, "next": [1, 1, 2, 3, 1], "period": 1, "recurrent_predicate": false, "state": [3, 3, 1, 2, 3], "tail": 5}
{"N": 5, "decoder": 0, "fibre": 0, "kind": "state", "m": 5, "next": [0, 0, 2, 3, 0], "period": 1, "recurrent_predicate": false, "state": [3, 3, 1, 2, 4], "tail": 4}
{"N": 5, "decoder": 3, "fibre": 3, "kind": "state", "m": 5, "next": [1, 1, 2, 1, 1], "period": 1, "recurrent_predicate": false, "state": [3, 3, 1, 3, 0], "tail": 3}
{"N": 5, "decoder": 4, "fibre": 4, "kind": "state", "m": 5, "next": [1, 1, 3, 1, 3], "period": 1, "recurrent_predicate": false, "state": [3, 3, 1, 3, 1], "tail": 3}
{"N": 5, "decoder": 0, "fibre": 0, "kind": "state", "m": 5, "next": [1, 1, 2, 1, 3], "period": 1, "recurrent_predicate": false, "state": [3, 3, 1, 3, 2], "tail": 5}
{"N": 5, "decoder": 1, "fibre": 1, "kind": "state", "m": 5, "next": [2, 2, 2, 2, 2], "period": 1, "recurrent_predicate": false, "state": [3, 3, 1, 3, 3], "tail": 1}
{"N": 5, "decoder": 3, "fibre": 3, "kind": "state", "m": 5, "next": [1, 1, 2, 1, 0], "period": 1, "recurrent_predicate": false, "state": [3, 3, 1, 3, 4], "tail": 7}
{"N": 5, "decoder": 1, "fibre": 1, "kind": "state", "m": 5, "next": [0, 0, 2, 0, 1], "period": 1, "recurrent_predicate": false, "state": [3, 3, 1, 4, 0], "tail": 5}
{"N": 5, "decoder": 1, "fibre": 1, "kind": "state", "m": 5, "next": [0, 0, 3, 0, 3], "period": 1, "recurrent_predicate": false, "state": [3, 3, 1, 4, 1], "tail": 4}
{"N": 5, "decoder": 0, "fibre": 0, "kind": "state", "m": 5, "next": [0, 0, 2, 0, 3], "period": 1, "recurrent_predicate": false, "state": [3, 3, 1, 4, 2], "tail": 4}
{"N": 5, "decoder": 3, "fibre": 3, "kind": "state", "m": 5, "next": [1, 1, 2, 0, 1], "period": 1, "recurrent_predicate": false, "state": [3, 3, 1, 4, 3], "tail": 7}
{"N": 5, "decoder": 1, "fibre": 1, "kind": "state", "m": 5, "next": [0, 0, 2, 1, 1], "period": 1, "recurrent_predicate": false, "state": [3, 3, 1, 4, 4], "tail": 6}
{"N": 5, "decoder": 0, "fibre": 0, "kind": "state", "m": 5, "next": [0, 0, 3, 2, 2], "period": 1, "recurrent_predicate": false, "state": [3, 3, 2, 0, 0], "tail": 5}
{"N": 5, "decoder": 0, "fibre": 0, "kind": "state", "m": 5, "next": [0, 0, 3, 1, 2], "period": 1, "recurrent_predicate": false, "state": [3, 3, 2, 0, 1], "tail": 6}
{"N": 5, "decoder": 1, "fibre": 1, "kind": "state", "m": 5, "next": [0, 0, 4, 1, 4], "period": 1, "recurrent_predicate": false, "state": [3, 3, 2, 0, 2], "tail": 6}
{"N": 5, "decoder": 1, "fibre": 1, "kind": "state", "m": 5, "next": [1, 1, 3, 1, 1], "period": 1, "recurrent_predicate": false, "state": [3, 3, 2, 0, 3], "tail": 5}
{"N": 5, "decoder": 0, "fibre": 0, "kind": "state", "m": 5, "next": [0, 0, 3, 1, 0], "period": 1, "recurrent_predicate": false, "state": [3, 3, 2, 0, 4], "tail": 8}
{"N": 5, "decoder": 0, "fibre": 0, "kind": "state", "m": 5, "next": [0, 0, 3, 2, 1], "period": 1, "recurrent_predicate": false, "state": [3, 3, 2, 1, 0], "tail": 6}
{"N": 5, "decoder": 0, "fibre": 0, "kind": "state", "m": 5, "next": [0, 0, 3, 3, 3], "period": 1, "recurrent_predicate": false, "state": [3, 3, 2, 1, 1], "tail": 3}
{"N": 5, "decoder": 0, "fibre": 0, "kind": "state", "m": 5, "next": [0, 0, 4, 2, 4], "period": 1, "recurrent_predicate": false, "state": [3, 3, 2, 1, 2], "tail": 7}
{"N": 5, "decoder": 0, "fibre": 0, "kind": "state", "m": 5, "next": [1, 1, 3, 2, 1], "period": 1, "recurrent_predicate": false, "state": [3, 3, 2, 1, 3], "tail": 5}
{"N": 5, "decoder": 0, "fibre": 0, "kind": "state", "m": 5, "next": [0, 0, 3, 2, 0], "period": 1, "recurrent_predicate": false, "state": [3, 3, 2, 1, 4], "tail": 4}
{"N": 5, "decoder": 1, "fibre": 1, "kind": "state", "m": 5, "next": [0, 0, 4, 4, 1], "period": 1, "recurrent_predicate": false, "state": [3, 3, 2, 2, 0], "tail": 6}
{"N": 5, "decoder": 0, "fibre": 0, "kind": "state", "m": 5, "next": [0, 0, 4, 4, 2], "period": 1, "recurrent_predicate": false, "state": [3, 3, 2, 2, 1], "tail": 7}
{"N": 5, "decoder": 1, "fibre": 1, "kind": "state", "m": 5, "next": [0, 0, 0, 0, 0], "period": 1, "recurrent_predicate": false, "state": [3, 3, 2, 2, 2], "tail": 1}
{"N": 5, "decoder": 3, "fibre": 3, "kind": "state", "m": 5, "next": [1, 1, 4, 4, 1], "period": 1, "recurrent_predicate": false, "state": [3, 3, 2, 2, 3], "tail": 4}
{"N": 5, "decoder": 1, "fibre": 1, "kind": "state", "m": 5, "next": [0, 0, 4, 4, 0], "period": 1, "recurrent_predicate": false, "state": [3, 3, 2, 2, 4], "tail": 5}
{"N": 5, "decoder": 1, "fibre": 1, "kind": "state", "m": 5, "next": [1, 1, 3, 1, 1], "period": 1, "recurrent_predicate": false, "state": [3, 3, 2, 3, 0], "tail": 5}
{"N": 5, "decoder": 0, "fibre": 0, "kind": "state", "m": 5, "next": [1, 1, 3, 1, 2], "period": 1, "recurrent_predicate": false, "state": [3, 3, 2, 3, 1], "tail": 5}
{"N": 5, "decoder": 3, "fibre": 3, "kind": "state", "m": 5, "next": [1, 1, 4, 1, 4], "period": 1, "recurrent_predicate": false, "state": [3, 3, 2, 3, 2], "tail": 4}
{"N": 5, "decoder": 5, "fibre": 5, "kind": "state", "m": 5, "next": [2, 2, 3, 2, 2], "period": 1, "recurrent_predicate": false, "state": [3, 3, 2, 3, 3], "tail": 3}
{"N": 5, "decoder": 1, "fibre": 1, "kind": "state", "m": 5, "next": [1, 1, 3, 1, 0], "period": 1, "recurrent_predicate": false, "state": [3, 3, 2, 3, 4], "tail": 6}
{"N": 5, "decoder": 0, "fibre": 0, "kind": "state", "m": 5, "next": [0, 0, 3, 0, 1], "period": 1, "recurrent_predicate": false, "state": [3, 3, 2, 4, 0], "tail": 8}
{"N": 5, "decoder": 0, "fibre": 0, "kind": "state", "m": 5, "next": [0, 0, 3, 0, 2], "period": 1, "recurrent_predicate": false, "state": [3, 3, 2, 4, 1], "tail": 4}
{"N": 5, "decoder": 1, "fibre": 1, "kind": "state", "m": 5, "next": [0, 0, 4, 0, 4], "period": 1, "recurrent_predicate": false, "state": [3, 3, 2, 4, 2], "tail": 5}
{"N": 5, "decoder": 1, "fibre": 1, "kind": "state", "m": 5, "next": [1, 1, 3, 0, 1], "period": 1, "recurrent_predicate": false, "state": [3, 3, 2, 4, 3], "tail": 6}
{"N": 5, "decoder": 0, "fibre": 0, "kind": "state", "m": 5, "next": [0, 0, 3, 1, 1], "period": 1, "recurrent_predicate": false, "state": [3, 3, 2, 4, 4], "tail": 7}
{"N": 5, "decoder": 4, "fibre": 4, "kind": "state", "m": 5, "next": [1, 1, 1, 2, 2], "period": 1, "recurrent_predicate": false, "state": [3, 3, 3, 0, 0], "tail": 2}
{"N": 5, "decoder": 3, "fibre": 3, "kind": "state", "m": 5, "next": [1, 1, 1, 1, 2], "period": 1, "recurrent_predicate": false, "state": [3, 3, 3, 0, 1], "tail": 3}
{"N": 5, "decoder": 1, "fibre": 1, "kind": "state", "m": 5, "next": [1, 1, 1, 1, 3], "period": 1, "recurrent_predicate": false, "state": [3, 3, 3, 0, 2], "tail": 5}
{"N": 5, "decoder": 4, "fibre": 4, "kind": "state", "m": 5, "next": [2, 2, 2, 1, 2], "period": 1, "recurrent_predicate": false, "state": [3, 3, 3, 0, 3], "tail": 4}
{"N": 5, "decoder": 4, "fibre": 4, "kind": "state", "m": 5, "next": [1, 1, 1, 1, 0], "period": 1, "recurrent_predicate": false, "state": [3, 3, 3, 0, 4], "tail": 4}
{"N": 5, "decoder": 3, "fibre": 3, "kind": "state", "m": 5, "next": [1, 1, 1, 2, 1], "period": 1, "recurrent_predicate": false, "state": [3, 3, 3, 1, 0], "tail": 3}
{"N": 5, "decoder": 4, "fibre": 4, "kind": "state", "m": 5, "next": [1, 1, 1, 3, 3], "period": 1, "recurrent_predicate": false, "state": [3, 3, 3, 1, 1], "tail": 3}
{"N": 5, "decoder": 0, "fibre": 0, "kind": "state", "m": 5, "next": [1, 1, 1, 2, 3], "period": 1, "recurrent_predicate": false, "state": [3, 3, 3, 1, 2], "tail": 5}
{"N": 5, "decoder": 1, "fibre": 1, "kind": "state", "m": 5, "next": [2, 2, 2, 2, 2], "period": 1, "recurrent_predicate": false, "state": [3, 3, 3, 1, 3], "tail": 1}
{"N": 5, "decoder": 3, "fibre": 3, "kind": "state", "m": 5, "next": [1, 1, 1, 2, 0], "period": 1, "recurrent_predicate": false, "state": [3, 3, 3, 1, 4], "tail": 7}
{"N": 5, "decoder": 1, "fibre": 1, "kind": "state", "m": 5, "next": [1, 1, 1, 3, 1], "period": 1, "recurrent_predicate": false, "state": [3, 3, 3, 2, 0], "tail": 5}
{"N": 5, "decoder": 0, "fibre": 0, "kind": "state", "m": 5, "next": [1, 1, 1, 3, 2], "period": 1, "recurrent_predicate": false, "state": [3, 3, 3, 2, 1], "tail": 5}
{"N": 5, "decoder": 3, "fibre": 3, "kind": "state", "m": 5, "next": [1, 1, 1, 4, 4], "period": 1, "recurrent_predicate": false, "state": [3, 3, 3, 2, 2], "tail": 4}
{"N": 5, "decoder": 5, "fibre": 5, "kind": "state", "m": 5, "next": [2, 2, 2, 3, 2], "period": 1, "recurrent_predicate": false, "state": [3, 3, 3, 2, 3], "tail": 3}
{"N": 5, "decoder": 1, "fibre": 1, "kind": "state", "m": 5, "next": [1, 1, 1, 3, 0], "period": 1, "recurrent_predicate": false, "state": [3, 3, 3, 2, 4], "tail": 6}
{"N": 5, "decoder": 4, "fibre": 4, "kind": "state", "m": 5, "next": [2, 2, 2, 2, 1], "period": 1, "recurrent_predicate": false, "state": [3, 3, 3, 3, 0], "tail": 4}
{"N": 5, "decoder": 1, "fibre": 1, "kind": "state", "m": 5, "next": [2, 2, 2, 2, 2], "period": 1, "recurrent_predicate": false, "state": [3, 3, 3, 3, 1], "tail": 1}
{"N": 5, "decoder": 5, "fibre": 5, "kind": "state", "m": 5, "next": [2, 2, 2, 2, 3], "period": 1, "recurrent_predicate": false, "state": [3, 3, 3, 3, 2], "tail": 3}
{"N": 5, "decoder": 16, "fibre": 16, "kind": "state", "m": 5, "next": [3, 3, 3, 3, 3], "period": 1, "recurrent_predicate": true, "state": [3, 3, 3, 3, 3], "tail": 0}
{"N": 5, "decoder": 5, "fibre": 5, "kind": "state", "m": 5, "next": [2, 2, 2, 2, 0], "period": 1, "recurrent_predicate": false, "state": [3, 3, 3, 3, 4], "tail": 2}
{"N": 5, "decoder": 4, "fibre": 4, "kind": "state", "m": 5, "next": [1, 1, 1, 0, 1], "period": 1, "recurrent_predicate": false, "state": [3, 3, 3, 4, 0], "tail": 4}
{"N": 5, "decoder": 3, "fibre": 3, "kind": "state", "m": 5, "next": [1, 1, 1, 0, 2], "period": 1, "recurrent_predicate": false, "state": [3, 3, 3, 4, 1], "tail": 7}
{"N": 5, "decoder": 1, "fibre": 1, "kind": "state", "m": 5, "next": [1, 1, 1, 0, 3], "period": 1, "recurrent_predicate": false, "state": [3, 3, 3, 4, 2], "tail": 6}
{"N": 5, "decoder": 5, "fibre": 5, "kind": "state", "m": 5, "next": [2, 2, 2, 0, 2], "period": 1, "recurrent_predicate": false, "state": [3, 3, 3, 4, 3], "tail": 2}
{"N": 5, "decoder": 1, "fibre": 1, "kind": "state", "m": 5, "next": [1, 1, 1, 1, 1], "period": 1, "recurrent_predicate": false, "state": [3, 3, 3, 4, 4], "tail": 1}
{"N": 5, "decoder": 0, "fibre": 0, "kind": "state", "m": 5, "next": [0, 0, 0, 2, 2], "period": 1, "recurrent_predicate": false, "state": [3, 3, 4, 0, 0], "tail": 3}
{"N": 5, "decoder": 1, "fibre": 1, "kind": "state", "m": 5, "next": [0, 0, 0, 1, 2], "period": 1, "recurrent_predicate": false, "state": [3, 3, 4, 0, 1], "tail": 5}
{"N": 5, "decoder": 0, "fibre": 0, "kind": "state", "m": 5, "next": [0, 0, 0, 1, 3], "period": 1, "recurrent_predicate": false, "state": [3, 3, 4, 0, 2], "tail": 8}
{"N": 5, "decoder": 4, "fibre": 4, "kind": "state", "m": 5, "next": [1, 1, 0, 1, 1], "period": 1, "recurrent_predicate": false, "state": [3, 3, 4, 0, 3], "tail": 4}
{"N": 5, "decoder": 1, "fibre": 1, "kind": "state", "m": 5, "next": [0, 0, 1, 1, 1], "period": 1, "recurrent_predicate": false, "state": [3, 3, 4, 0, 4], "tail": 5}
{"N": 5, "decoder": 1, "fibre": 1, "kind": "state", "m": 5, "next": [0, 0, 0, 2, 1], "period": 1, "recurrent_predicate": false, "state": [3, 3, 4, 1, 0], "tail": 5}
{"N": 5, "decoder": 1, "fibre": 1, "kind": "state", "m": 5, "next": [0, 0, 0, 3, 3], "period": 1, "recurrent_predicate": false, "state": [3, 3, 4, 1, 1], "tail": 4}
{"N": 5, "decoder": 0, "fibre": 0, "kind": "state", "m": 5, "next": [0, 0, 0, 2, 3], "period": 1, "recurrent_predicate": false, "state": [3, 3, 4, 1, 2], "tail": 4}
{"N": 5, "decoder": 3, "fibre": 3, "kind": "state", "m": 5, "next": [1, 1, 0, 2, 1], "period": 1, "recurrent_predicate": false, "state": [3, 3, 4, 1, 3], "tail": 7}
{"N": 5, "decoder": 1, "fibre": 1, "kind": "state", "m": 5, "next": [0, 0, 1, 2, 1], "period": 1, "recurrent_predicate": false, "state": [3, 3, 4, 1, 4], "tail": 6}
{"N": 5, "decoder": 0, "fibre": 0, "kind": "state", "m": 5, "next": [0, 0, 0, 3, 1], "period": 1, "recurrent_predicate": false, "state": [3, 3, 4, 2, 0], "tail": 8}
{"N": 5, "decoder": 0, "fibre": 0, "kind": "state", "m": 5, "next": [0, 0, 0, 3, 2], "period": 1, "recurrent_predicate": false, "state": [3, 3, 4, 2, 1], "tail": 4}
{"N": 5, "decoder": 1, "fibre": 1, "kind": "state", "m": 5, "next": [0, 0, 0, 4, 4], "period": 1, "recurrent_predicate": false, "state": [3, 3, 4, 2, 2], "tail": 5}
{"N": 5, "decoder": 1, "fibre": 1, "kind": "state", "m": 5, "next": [1, 1, 0, 3, 1], "period": 1, "recurrent_predicate": false, "state": [3, 3, 4, 2, 3], "tail": 6}
{"N": 5, "decoder": 0, "fibre": 0, "kind": "state", "m": 5, "next": [0, 0, 1, 3, 1], "period": 1, "recurrent_predicate": false, "state": [3, 3, 4, 2, 4], "tail": 7}
{"N": 5, "decoder": 4, "fibre": 4, "kind": "state", "m": 5, "next": [1, 1, 0, 1, 1], "period": 1, "recurrent_predicate": false, "state": [3, 3, 4, 3, 0], "tail": 4}
{"N": 5, "decoder": 3, "fibre": 3, "kind": "state", "m": 5, "next": [1, 1, 0, 1, 2], "period": 1, "recurrent_predicate": false, "state": [3, 3, 4, 3, 1], "tail": 7}
{"N": 5, "decoder": 1, "fibre": 1, "kind": "state", "m": 5, "next": [1, 1, 0, 1, 3], "period": 1, "recurrent_predicate": false, "state": [3, 3, 4, 3, 2], "tail": 6}
{"N": 5, "decoder": 5, "fibre": 5, "kind": "state", "m": 5, "next": [2, 2, 0, 2, 2], "period": 1, "recurrent_predicate": false, "state": [3, 3, 4, 3, 3], "tail": 2}
{"N": 5, "decoder": 1, "fibre": 1, "kind": "state", "m": 5, "next": [1, 1, 1, 1, 1], "period": 1, "recurrent_predicate": false, "state": [3, 3, 4, 3, 4], "tail": 1}
{"N": 5, "decoder": 1, "fibre": 1, "kind": "state", "m": 5, "next": [0, 0, 1, 1, 1], "period": 1, "recurrent_predicate": false, "state": [3, 3, 4, 4, 0], "tail": 5}
{"N": 5, "decoder": 1, "fibre": 1, "kind": "state", "m": 5, "next": [0, 0, 1, 1, 2], "period": 1, "recurrent_predicate": false, "state": [3, 3, 4, 4, 1], "tail": 6}
{"N": 5, "decoder": 0, "fibre": 0, "kind": "state", "m": 5, "next": [0, 0, 1, 1, 3], "period": 1, "recurrent_predicate": false, "state": [3, 3, 4, 4, 2], "tail": 7}
{"N": 5, "decoder": 1, "fibre": 1, "kind": "state", "m": 5, "next": [1, 1, 1, 1, 1], "period": 1, "recurrent_predicate": false, "state": [3, 3, 4, 4, 3], "tail": 1}
{"N": 5, "decoder": 3, "fibre": 3, "kind": "state", "m": 5, "next": [0, 0, 2, 2, 2], "period": 1, "recurrent_predicate": false, "state": [3, 3, 4, 4, 4], "tail": 4}
{"N": 5, "decoder": 0, "fibre": 0, "kind": "state", "m": 5, "next": [4, 0, 3, 3, 3], "period": 1, "recurrent_predicate": false, "state": [3, 4, 0, 0, 0], "tail": 5}
{"N": 5, "decoder": 0, "fibre": 0, "kind": "state", "m": 5, "next": [4, 0, 2, 2, 2], "period": 1, "recurrent_predicate": false, "state": [3, 4, 0, 0, 1], "tail": 4}
{"N": 5, "decoder": 0, "fibre": 0, "kind": "state", "m": 5, "next": [4, 0, 2, 2, 3], "period": 1, "recurrent_predicate": false, "state": [3, 4, 0, 0, 2], "tail": 6}
{"N": 5, "decoder": 0, "fibre": 0, "kind": "state", "m": 5, "next": [0, 0, 2, 2, 0], "period": 1, "recurrent_predicate": false, "state": [3, 4, 0, 0, 3], "tail": 3}
{"N": 5, "decoder": 0, "fibre": 0, "kind": "state", "m": 5, "next": [4, 1, 2, 2, 1], "period": 1, "recurrent_predicate": false, "state": [3, 4, 0, 0, 4], "tail": 7}
{"N": 5, "decoder": 0, "fibre": 0, "kind": "state", "m": 5, "next": [4, 0, 2, 2, 2], "period": 1, "recurrent_predicate": false, "state": [3, 4, 0, 1, 0], "tail": 4}
{"N": 5, "decoder": 0, "fibre": 0, "kind": "state", "m": 5, "next": [4, 0, 1, 3, 3], "period": 1, "recurrent_predicate": false, "state": [3, 4, 0, 1, 1], "tail": 6}
{"N": 5, "decoder": 1, "fibre": 1, "kind": "state", "m": 5, "next": [4, 0, 1, 2, 3], "period": 5, "recurrent_predicate": true, "state": [3, 4, 0, 1, 2], "tail": 0}
{"N": 5, "decoder": 1, "fibre": 1, "kind": "state", "m": 5, "next": [0, 0, 1, 2, 0], "period": 1, "recurrent_predicate": false, "state": [3, 4, 0, 1, 3], "tail": 5}
{"N": 5, "decoder": 0, "fibre": 0, "kind": "state", "m": 5, "next": [4, 1, 1, 2, 1], "period": 1, "recurrent_predicate": false, "state": [3, 4, 0, 1, 4], "tail": 8}
{"N": 5, "decoder": 0, "fibre": 0, "kind": "state", "m": 5, "next": [4, 0, 2, 3, 2], "period": 1, "recurrent_predicate": false, "state": [3, 4, 0, 2, 0], "tail": 6}
{"N": 5, "decoder": 1, "fibre": 1, "kind": "state", "m": 5, "next": [4, 0, 1, 3, 2], "period": 5, "recurrent_predicate": true, "state": [3, 4, 0, 2, 1], "tail": 0}
{"N": 5, "decoder": 1, "fibre": 1, "kind": "state", "m": 5, "next": [4, 0, 1, 4, 4], "period": 1, "recurrent_predicate": false, "state": [3, 4, 0, 2, 2], "tail": 5}
{"N": 5, "decoder": 0, "fibre": 0, "kind": "state", "m": 5, "next": [0, 0, 1, 3, 0], "period": 1, "recurrent_predicate": false, "state": [3, 4, 0, 2, 3], "tail": 8}
{"N": 5, "decoder": 0, "fibre": 0, "kind": "state", "m": 5, "next": [4, 1, 1, 3, 1], "period": 1, "recurrent_predicate": false, "state": [3, 4, 0, 2, 4], "tail": 4}
{"N": 5, "decoder": 0, "fibre": 0, "kind": "state", "m": 5, "next": [0, 0, 2, 0, 2], "period": 1, "recurrent_predicate": false, "state": [3, 4, 0, 3, 0], "tail": 3}
{"N": 5, "decoder": 1, "fibre": 1, "kind": "state", "m": 5, "next": [0, 0, 1, 0, 2], "period": 1, "recurrent_predicate": false, "state": [3, 4, 0, 3, 1], "tail": 5}
{"N": 5, "decoder": 0, "fibre": 0, "kind": "state", "m": 5, "next": [0, 0, 1, 0, 3], "period": 1, "recurrent_predicate": false, "state": [3, 4, 0, 3, 2], "tail": 8}
{"N": 5, "decoder": 4, "fibre": 4, "kind": "state", "m": 5, "next": [1, 0, 1, 1, 1], "period": 1, "recurrent_predicate": false, "state": [3, 4, 0, 3, 3], "tail": 4}
{"N": 5, "decoder": 1, "fibre": 1, "kind": "state", "m": 5, "next": [0, 1, 1, 0, 1], "period": 1, "recurrent_predicate": false, "state": [3, 4, 0, 3, 4], "tail": 5}
{"N": 5, "decoder": 0, "fibre": 0, "kind": "state", "m": 5, "next": [4, 1, 2, 1, 2], "period": 1, "recurrent_predicate": false, "state": [3, 4, 0, 4, 0], "tail": 7}
{"N": 5, "decoder": 0, "fibre": 0, "kind": "state", "m": 5, "next": [4, 1, 1, 1, 2], "period": 1, "recurrent_predicate": false, "state": [3, 4, 0, 4, 1], "tail": 8}
{"N": 5, "decoder": 0, "fibre": 0, "kind": "state", "m": 5, "next": [4, 1, 1, 1, 3], "period": 1, "recurrent_predicate": false, "state": [3, 4, 0, 4, 2], "tail": 4}
{"N": 5, "decoder": 1, "fibre": 1, "kind": "state", "m": 5, "next": [0, 1, 1, 1, 0], "period": 1, "recurrent_predicate": false, "state": [3, 4, 0, 4, 3], "tail": 5}
{"N": 5, "decoder": 1, "fibre": 1, "kind": "state", "m": 5, "next": [4, 2, 1, 2, 2], "period": 1, "recurrent_predicate": false, "state": [3, 4, 0, 4, 4], "tail": 6}
{"N": 5, "decoder": 0, "fibre": 0, "kind": "state", "m": 5, "next": [4, 0, 2, 2, 2], "period": 1, "recurrent_predicate": false, "state": [3, 4, 1, 0, 0], "tail": 4}
{"N": 5, "decoder": 0, "fibre": 0, "kind": "state", "m": 5, "next": [4, 0, 3, 1, 3], "period": 1, "recurrent_predicate": false, "state": [3, 4, 1, 0, 1], "tail": 6}
{"N": 5, "decoder": 1, "fibre": 1, "kind": "state", "m": 5, "next": [4, 0, 2, 1, 3], "period": 5, "recurrent_predicate": true, "state": [3, 4, 1, 0, 2], "tail": 0}
{"N": 5, "decoder": 1, "fibre": 1, "kind": "state", "m": 5, "next": [0, 0, 2, 1, 0], "period": 1, "recurrent_predicate": false, "state": [3, 4, 1, 0, 3], "tail": 5}
{"N": 5, "decoder": 0, "fibre": 0, "kind": "state", "m": 5, "next": [4, 1, 2, 1, 1], "period": 1, "recurrent_predicate": false, "state": [3, 4, 1, 0, 4], "tail": 8}
{"N": 5, "decoder": 0, "fibre": 0, "kind": "state", "m": 5, "next": [4, 0, 3, 3, 1], "period": 1, "recurrent_predicate": false, "state": [3, 4, 1, 1, 0], "tail": 6}
{"N": 5, "decoder": 3, "fibre": 3, "kind": "state", "m": 5, "next": [4, 0, 4, 4, 4], "period": 1, "recurrent_predicate": false, "state": [3, 4, 1, 1, 1], "tail": 3}
{"N": 5, "decoder": 1, "fibre": 1, "kind": "state", "m": 5, "next": [4, 0, 3, 3, 3], "period": 1, "recurrent_predicate": false, "state": [3, 4, 1, 1, 2], "tail": 5}
{"N": 5, "decoder": 1, "fibre": 1, "kind": "state", "m": 5, "next": [0, 0, 3, 3, 0], "period": 1, "recurrent_predicate": false, "state": [3, 4, 1, 1, 3], "tail": 4}
{"N": 5, "decoder": 0, "fibre": 0, "kind": "state", "m": 5, "next": [4, 1, 3, 3, 1], "period": 1, "recurrent_predicate": false, "state": [3, 4, 1, 1, 4], "tail": 5}
{"N": 5, "decoder": 1, "fibre": 1, "kind": "state", "m": 5, "next": [4, 0, 2, 3, 1], "period": 5, "recurrent_predicate": true, "state": [3, 4, 1, 2, 0], "tail": 0}
{"N": 5, "decoder": 1, "fibre": 1, "kind": "state", "m": 5, "next": [4, 0, 3, 3, 3], "period": 1, "recurrent_predicate": false, "state": [3, 4, 1, 2, 1], "tail": 5}
{"N": 5, "decoder": 0, "fibre": 0, "kind": "state", "m": 5, "next": [4, 0, 2, 4, 4], "period": 1, "recurrent_predicate": false, "state": [3, 4, 1, 2, 2], "tail": 8}
{"N": 5, "decoder": 0, "fibre": 0, "kind": "state", "m": 5, "next": [0, 0, 2, 3, 0], "period": 1, "recurrent_predicate": false, "state": [3, 4, 1, 2, 3], "tail": 4}
{"N": 5, "decoder": 0, "fibre": 0, "kind": "state", "m": 5, "next": [4, 1, 2, 3, 1], "period": 1, "recurrent_predicate": false, "state": [3, 4, 1, 2, 4], "tail": 6}
{"N": 5, "decoder": 1, "fibre": 1, "kind": "state", "m": 5, "next": [0, 0, 2, 0, 1], "period": 1, "recurrent_predicate": false, "state": [3, 4, 1, 3, 0], "tail": 5}
{"N": 5, "decoder": 1, "fibre": 1, "kind": "state", "m": 5, "next": [0, 0, 3, 0, 3], "period": 1, "recurrent_predicate": false, "state": [3, 4, 1, 3, 1], "tail": 4}
{"N": 5, "decoder": 0, "fibre": 0, "kind": "state", "m": 5, "next": [0, 0, 2, 0, 3], "period": 1, "recurrent_predicate": false, "state": [3, 4, 1, 3, 2], "tail": 4}
{"N": 5, "decoder": 3, "fibre": 3, "kind": "state", "m": 5, "next": [1, 0, 2, 1, 1], "period": 1, "recurrent_predicate": false, "state": [3, 4, 1, 3, 3], "tail": 7}
{"N": 5, "decoder": 1, "fibre": 1, "kind": "state", "m": 5, "next": [0, 1, 2, 0, 1], "period": 1, "recurrent_predicate": false, "state": [3, 4, 1, 3, 4], "tail": 6}
{"N": 5, "decoder": 0, "fibre": 0, "kind": "state", "m": 5, "next": [4, 1, 2, 1, 1], "period": 1, "recurrent_predicate": false, "state": [3, 4, 1, 4, 0], "tail": 8}
{"N": 5, "decoder": 0, "fibre": 0, "kind": "state", "m": 5, "next": [4, 1, 3, 1, 3], "period": 1, "recurrent_predicate": false, "state": [3, 4, 1, 4, 1], "tail": 5}
{"N": 5, "decoder": 0, "fibre": 0, "kind": "state", "m": 5, "next": [4, 1, 2, 1, 3], "period": 1, "recurrent_predicate": false, "state": [3, 4, 1, 4, 2], "tail": 6}
{"N": 5, "decoder": 1, "fibre": 1, "kind": "state", "m": 5, "next": [0, 1, 2, 1, 0], "period": 1, "recurrent_predicate": false, "state": [3, 4, 1, 4, 3], "tail": 6}
{"N": 5, "decoder": 1, "fibre": 1, "kind": "state", "m": 5, "next": [4, 2, 2, 2, 2], "period": 1, "recurrent_predicate": false, "state": [3, 4, 1, 4, 4], "tail": 5}
{"N": 5, "decoder": 0, "fibre": 0, "kind": "state", "m": 5, "next": [4, 0, 3, 2, 2], "period": 1, "recurrent_predicate": false, "state": [3, 4, 2, 0, 0], "tail": 6}
{"N": 5, "decoder": 1, "fibre": 1, "kind": "state", "m": 5, "next": [4, 0, 3, 1, 2], "period": 5, "recurrent_predicate": true, "state": [3, 4, 2, 0, 1], "tail": 0}
{"N": 5, "decoder": 1, "fibre": 1, "kind": "state", "m": 5, "next": [4, 0, 4, 1, 4], "period": 1, "recurrent_predicate": false, "state": [3, 4, 2, 0, 2], "tail": 5}
{"N": 5, "decoder": 0, "fibre": 0, "kind": "state", "m": 5, "next": [0, 0, 3, 1, 0], "period": 1, "recurrent_predicate": false, "state": [3, 4, 2, 0, 3], "tail": 8}
{"N": 5, "decoder": 0, "fibre": 0, "kind": "state", "m": 5, "next": [4, 1, 3, 1, 1], "period": 1, "recurrent_predicate": false, "state": [3, 4, 2, 0, 4], "tail": 4}
{"N": 5, "decoder": 1, "fibre": 1, "kind": "state", "m": 5, "next": [4, 0, 3, 2, 1], "period": 5, "recurrent_predicate": true, "state": [3, 4, 2, 1, 0], "tail": 0}
{"N": 5, "decoder": 1, "fibre": 1, "kind": "state", "m": 5, "next": [4, 0, 3, 3, 3], "period": 1, "recurrent_predicate": false, "state": [3, 4, 2, 1, 1], "tail": 5}
{"N": 5, "decoder": 0, "fibre": 0, "kind": "state", "m": 5, "next": [4, 0, 4, 2, 4], "period": 1, "recurrent_predicate": false, "state": [3, 4, 2, 1, 2], "tail": 8}
{"N": 5, "decoder": 0, "fibre": 0, "kind": "state", "m": 5, "next": [0, 0, 3, 2, 0], "period": 1, "recurrent_predicate": false, "state": [3, 4, 2, 1, 3], "tail": 4}
{"N": 5, "decoder": 0, "fibre": 0, "kind": "state", "m": 5, "next": [4, 1, 3, 2, 1], "period": 1, "recurrent_predicate": false, "state": [3, 4, 2, 1, 4], "tail": 6}
{"N": 5, "decoder": 1, "fibre": 1, "kind": "state", "m": 5, "next": [4, 0, 4, 4, 1], "period": 1, "recurrent_predicate": false, "state": [3, 4, 2, 2, 0], "tail": 5}
{"N": 5, "decoder": 0, "fibre": 0, "kind": "state", "m": 5, "next": [4, 0, 4, 4, 2], "period": 1, "recurrent_predicate": false, "state": [3, 4, 2, 2, 1], "tail": 8}
{"N": 5, "decoder": 4, "fibre": 4, "kind": "state", "m": 5, "next": [4, 0, 0, 0, 0], "period": 1, "recurrent_predicate": false, "state": [3, 4, 2, 2, 2], "tail": 4}
{"N": 5, "decoder": 1, "fibre": 1, "kind": "state", "m": 5, "next": [0, 0, 4, 4, 0], "period": 1, "recurrent_predicate": false, "state": [3, 4, 2, 2, 3], "tail": 5}
{"N": 5, "decoder": 0, "fibre": 0, "kind": "state", "m": 5, "next": [4, 1, 4, 4, 1], "period": 1, "recurrent_predicate": false, "state": [3, 4, 2, 2, 4], "tail": 3}
{"N": 5, "decoder": 0, "fibre": 0, "kind": "state", "m": 5, "next": [0, 0, 3, 0, 1], "period": 1, "recurrent_predicate": false, "state": [3, 4, 2, 3, 0], "tail": 8}
{"N": 5, "decoder": 0, "fibre": 0, "kind": "state", "m": 5, "next": [0, 0, 3, 0, 2], "period": 1, "recurrent_predicate": false, "state": [3, 4, 2, 3, 1], "tail": 4}
{"N": 5, "decoder": 1, "fibre": 1, "kind": "state", "m": 5, "next": [0, 0, 4, 0, 4], "period": 1, "recurrent_predicate": false, "state": [3, 4, 2, 3, 2], "tail": 5}
{"N": 5, "decoder": 1, "fibre": 1, "kind": "state", "m": 5, "next": [1, 0, 3, 1, 1], "period": 1, "recurrent_predicate": false, "state": [3, 4, 2, 3, 3], "tail": 6}
{"N": 5, "decoder": 0, "fibre": 0, "kind": "state", "m": 5, "next": [0, 1, 3, 0, 1], "period": 1, "recurrent_predicate": false, "state": [3, 4, 2, 3, 4], "tail": 7}
{"N": 5, "decoder": 0, "fibre": 0, "kind": "state", "m": 5, "next": [4, 1, 3, 1, 1], "period": 1, "recurrent_predicate": false, "state": [3, 4, 2, 4, 0], "tail": 4}
{"N": 5, "decoder": 0, "fibre": 0, "kind": "state", "m": 5, "next": [4, 1, 3, 1, 2], "period": 1, "recurrent_predicate": false, "state": [3, 4, 2, 4, 1], "tail": 6}
{"N": 5, "decoder": 0, "fibre": 0, "kind": "state", "m": 5, "next": [4, 1, 4, 1, 4], "period": 1, "recurrent_predicate": false, "state": [3, 4, 2, 4, 2], "tail": 3}
{"N": 5, "decoder": 0, "fibre": 0, "kind": "state", "m": 5, "next": [0, 1, 3, 1, 0], "period": 1, "recurrent_predicate": false, "state": [3, 4, 2, 4, 3], "tail": 7}
{"N": 5, "decoder": 0, "fibre": 0, "kind": "state", "m": 5, "next": [4, 2, 3, 2, 2], "period": 1, "recurrent_predicate": false, "state": [3, 4, 2, 4, 4], "tail": 5}
{"N": 5, "decoder": 0, "fibre": 0, "kind": "state", "m": 5, "next": [0, 0, 0, 2, 2], "period": 1, "recurrent_predicate": false, "state": [3, 4, 3, 0, 0], "tail": 3}
{"N": 5, "decoder": 1, "fibre": 1, "kind": "state", "m": 5, "next": [0, 0, 0, 1, 2], "period": 1, "recurrent_predicate": false, "state": [3, 4, 3, 0, 1], "tail": 5}
{"N": 5, "decoder": 0, "fibre": 0, "kind": "state", "m": 5, "next": [0, 0, 0, 1, 3], "period": 1, "recurrent_predicate": false, "state": [3, 4, 3, 0, 2], "tail": 8}
{"N": 5, "decoder": 4, "fibre": 4, "kind": "state", "m": 5, "next": [1, 0, 1, 1, 1], "period": 1, "recurrent_predicate": false, "state": [3, 4, 3, 0, 3], "tail": 4}
{"N": 5, "decoder": 1, "fibre": 1, "kind": "state", "m": 5, "next": [0, 1, 0, 1, 1], "period": 1, "recurrent_predicate": false, "state": [3, 4, 3, 0, 4], "tail": 5}
{"N": 5, "decoder": 1, "fibre": 1, "kind": "state", "m": 5, "next": [0, 0, 0, 2, 1], "period": 1, "recurrent_predicate": false, "state": [3, 4, 3, 1, 0], "tail": 5}
{"N": 5, "decoder": 1, "fibre": 1, "kind": "state", "m": 5, "next": [0, 0, 0, 3, 3], "period": 1, "recurrent_predicate": false, "state": [3, 4, 3, 1, 1], "tail": 4}
{"N": 5, "decoder": 0, "fibre": 0, "kind": "state", "m": 5, "next": [0, 0, 0, 2, 3], "period": 1, "recurrent_predicate": false, "state": [3, 4, 3, 1, 2], "tail": 4}
{"N": 5, "decoder": 3, "fibre": 3, "kind": "state", "m": 5, "next": [1, 0, 1, 2, 1], "period": 1, "recurrent_predicate": false, "state": [3, 4, 3, 1, 3], "tail": 7}
{"N": 5, "decoder": 1, "fibre": 1, "kind": "state", "m": 5, "next": [0, 1, 0, 2, 1], "period": 1, "recurrent_predicate": false, "state": [3, 4, 3, 1, 4], "tail": 6}
{"N": 5, "decoder": 0, "fibre": 0, "kind": "state", "m": 5, "next": [0, 0, 0, 3, 1], "period": 1, "recurrent_predicate": false, "state": [3, 4, 3, 2, 0], "tail": 8}
{"N": 5, "decoder": 0, "fibre": 0, "kind": "state", "m": 5, "next": [0, 0, 0, 3, 2], "period": 1, "recurrent_predicate": false, "state": [3, 4, 3, 2, 1], "tail": 4}
{"N": 5, "decoder": 1, "fibre": 1, "kind": "state", "m": 5, "next": [0, 0, 0, 4, 4], "period": 1, "recurrent_predicate": false, "state": [3, 4, 3, 2, 2], "tail": 5}
{"N": 5, "decoder": 1, "fibre": 1, "kind": "state", "m": 5, "next": [1, 0, 1, 3, 1], "period": 1, "recurrent_predicate": false, "state": [3, 4, 3, 2, 3], "tail": 6}
{"N": 5, "decoder": 0, "fibre": 0, "kind": "state", "m": 5, "next": [0, 1, 0, 3, 1], "period": 1, "recurrent_predicate": false, "state": [3, 4, 3, 2, 4], "tail": 7}
{"N": 5, "decoder": 4, "fibre": 4, "kind": "state", "m": 5, "next": [1, 0, 1, 1, 1], "period": 1, "recurrent_predicate": false, "state": [3, 4, 3, 3, 0], "tail": 4}
{"N": 5, "decoder": 3, "fibre": 3, "kind": "state", "m": 5, "next": [1, 0, 1, 1, 2], "period": 1, "recurrent_predicate": false, "state": [3, 4, 3, 3, 1], "tail": 7}
{"N": 5, "decoder": 1, "fibre": 1, "kind": "state", "m": 5, "next": [1, 0, 1, 1, 3], "period": 1, "recurrent_predicate": false, "state": [3, 4, 3, 3, 2], "tail": 6}
{"N": 5, "decoder": 5, "fibre": 5, "kind": "state", "m": 5, "next": [2, 0, 2, 2, 2], "period": 1, "recurrent_predicate": false, "state": [3, 4, 3, 3, 3], "tail": 2}
{"N": 5, "decoder": 1, "fibre": 1, "kind": "state", "m": 5, "next": [1, 1, 1, 1, 1], "period": 1, "recurrent_predicate": false, "state": [3, 4, 3, 3, 4], "tail": 1}
{"N": 5, "decoder": 1, "fibre": 1, "kind": "state", "m": 5, "next": [0, 1, 0, 1, 1], "period": 1, "recurrent_predicate": false, "state": [3, 4, 3, 4, 0], "tail": 5}
{"N": 5, "decoder": 1, "fibre": 1, "kind": "state", "m": 5, "next": [0, 1, 0, 1, 2], "period": 1, "recurrent_predicate": false, "state": [3, 4, 3, 4, 1], "tail": 6}
{"N": 5, "decoder": 0, "fibre": 0, "kind": "state", "m": 5, "next": [0, 1, 0, 1, 3], "period": 1, "recurrent_predicate": false, "state": [3, 4, 3, 4, 2], "tail": 7}
{"N": 5, "decoder": 1, "fibre": 1, "kind": "state", "m": 5, "next": [1, 1, 1, 1, 1], "period": 1, "recurrent_predicate": false, "state": [3, 4, 3, 4, 3], "tail": 1}
{"N": 5, "decoder": 3, "fibre": 3, "kind": "state", "m": 5, "next": [0, 2, 0, 2, 2], "period": 1, "recurrent_predicate": false, "state": [3, 4, 3, 4, 4], "tail": 4}
{"N": 5, "decoder": 0, "fibre": 0, "kind": "state", "m": 5, "next": [4, 1, 1, 2, 2], "period": 1, "recurrent_predicate": false, "state": [3, 4, 4, 0, 0], "tail": 7}
{"N": 5, "decoder": 0, "fibre": 0, "kind": "state", "m": 5, "next": [4, 1, 1, 1, 2], "period": 1, "recurrent_predicate": false, "state": [3, 4, 4, 0, 1], "tail": 8}
{"N": 5, "decoder": 0, "fibre": 0, "kind": "state", "m": 5, "next": [4, 1, 1, 1, 3], "period": 1, "recurrent_predicate": false, "state": [3, 4, 4, 0, 2], "tail": 4}
{"N": 5, "decoder": 1, "fibre": 1, "kind": "state", "m": 5, "next": [0, 1, 1, 1, 0], "period": 1, "recurrent_predicate": false, "state": [3, 4, 4, 0, 3], "tail": 5}
{"N": 5, "decoder": 1, "fibre": 1, "kind": "state", "m": 5, "next": [4, 2, 2, 1, 2], "period": 1, "recurrent_predicate": false, "state": [3, 4, 4, 0, 4], "tail": 6}
{"N": 5, "decoder": 0, "fibre": 0, "kind": "state", "m": 5, "next": [4, 1, 1, 2, 1], "period": 1, "recurrent_predicate": false, "state": [3, 4, 4, 1, 0], "tail": 8}
{"N": 5, "decoder": 0, "fibre": 0, "kind": "state", "m": 5, "next": [4, 1, 1, 3, 3], "period": 1, "recurrent_predicate": false, "state": [3, 4, 4, 1, 1], "tail": 5}
{"N": 5, "decoder": 0, "fibre": 0, "kind": "state", "m": 5, "next": [4, 1, 1, 2, 3], "period": 1, "recurrent_predicate": false, "state": [3, 4, 4, 1, 2], "tail": 6}
{"N": 5, "decoder": 1, "fibre": 1, "kind": "state", "m": 5, "next": [0, 1, 1, 2, 0], "period": 1, "recurrent_predicate": false, "state": [3, 4, 4, 1, 3], "tail": 6}
{"N": 5, "decoder": 1, "fibre": 1, "kind": "state", "m": 5, "next": [4, 2, 2, 2, 2], "period": 1, "recurrent_predicate": false, "state": [3, 4, 4, 1, 4], "tail": 5}
{"N": 5, "decoder": 0, "fibre": 0, "kind": "state", "m": 5, "next": [4, 1, 1, 3, 1], "period": 1, "recurrent_predicate": false, "state": [3, 4, 4, 2, 0], "tail": 4}
{"N": 5, "decoder": 0, "fibre": 0, "kind": "state", "m": 5, "next": [4, 1, 1, 3, 2], "period": 1, "recurrent_predicate": false, "state": [3, 4, 4, 2, 1], "tail": 6}
{"N": 5, "decoder": 0, "fibre": 0, "kind": "state", "m": 5, "next": [4, 1, 1, 4, 4], "period": 1, "recurrent_predicate": false, "state": [3, 4, 4, 2, 2], "tail": 3}
{"N": 5, "decoder": 0, "fibre": 0, "kind": "state", "m": 5, "next": [0, 1, 1, 3, 0], "period": 1, "recurrent_predicate": false, "state": [3, 4, 4, 2, 3], "tail": 7}
{"N": 5, "decoder": 0, "fibre": 0, "kind": "state", "m": 5, "next": [4, 2, 2, 3, 2], "period": 1, "recurrent_predicate": false, "state": [3, 4, 4, 2, 4], "tail": 5}
{"N": 5, "decoder": 1, "fibre": 1, "kind": "state", "m": 5, "next": [0, 1, 1, 0, 1], "period": 1, "recurrent_predicate": false, "state": [3, 4, 4, 3, 0], "tail": 5}
{"N": 5, "decoder": 1, "fibre": 1, "kind": "state", "m": 5, "next": [0, 1, 1, 0, 2], "period": 1, "recurrent_predicate": false, "state": [3, 4, 4, 3, 1], "tail": 6}
{"N": 5, "decoder": 0, "fibre": 0, "kind": "state", "m": 5, "next": [0, 1, 1, 0, 3], "period": 1, "recurrent_predicate": false, "state": [3, 4, 4, 3, 2], "tail": 7}
{"N": 5, "decoder": 1, "fibre": 1, "kind": "state", "m": 5, "next": [1, 1, 1, 1, 1], "period": 1, "recurrent_predicate": false, "state": [3, 4, 4, 3, 3], "tail": 1}
{"N": 5, "decoder": 3, "fibre": 3, "kind": "state", "m": 5, "next": [0, 2, 2, 0, 2], "period": 1, "recurrent_predicate": false, "state": [3, 4, 4, 3, 4], "tail": 4}
{"N": 5, "decoder": 1, "fibre": 1, "kind": "state", "m": 5, "next": [4, 2, 2, 2, 1], "period": 1, "recurrent_predicate": false, "state": [3, 4, 4, 4, 0], "tail": 6}
{"N": 5, "decoder": 1, "fibre": 1, "kind": "state", "m": 5, "next": [4, 2, 2, 2, 2], "period": 1, "recurrent_predicate": false, "state": [3, 4, 4, 4, 1], "tail": 5}
{"N": 5, "decoder": 0, "fibre": 0, "kind": "state", "m": 5, "next": [4, 2, 2, 2, 3], "period": 1, "recurrent_predicate": false, "state": [3, 4, 4, 4, 2], "tail": 5}
{"N": 5, "decoder": 3, "fibre": 3, "kind": "state", "m": 5, "next": [0, 2, 2, 2, 0], "period": 1, "recurrent_predicate": false, "state": [3, 4, 4, 4, 3], "tail": 4}
{"N": 5, "decoder": 5, "fibre": 5, "kind": "state", "m": 5, "next": [4, 3, 3, 3, 3], "period": 1, "recurrent_predicate": false, "state": [3, 4, 4, 4, 4], "tail": 3}
{"N": 5, "decoder": 5, "fibre": 5, "kind": "state", "m": 5, "next": [0, 4, 4, 4, 4], "period": 1, "recurrent_predicate": false, "state": [4, 0, 0, 0, 0], "tail": 3}
{"N": 5, "decoder": 1, "fibre": 1, "kind": "state", "m": 5, "next": [0, 3, 3, 3, 2], "period": 1, "recurrent_predicate": false, "state": [4, 0, 0, 0, 1], "tail": 6}
{"N": 5, "decoder": 1, "fibre": 1, "kind": "state", "m": 5, "next": [0, 3, 3, 3, 3], "period": 1, "recurrent_predicate": false, "state": [4, 0, 0, 0, 2], "tail": 5}
{"N": 5, "decoder": 0, "fibre": 0, "kind": "state", "m": 5, "next": [0, 3, 3, 3, 4], "period": 1, "recurrent_predicate": false, "state": [4, 0, 0, 0, 3], "tail": 5}
{"N": 5, "decoder": 3, "fibre": 3, "kind": "state", "m": 5, "next": [1, 3, 3, 3, 1], "period": 1, "recurrent_predicate": false, "state": [4, 0, 0, 0, 4], "tail": 4}
{"N": 5, "decoder": 1, "fibre": 1, "kind": "state", "m": 5, "next": [0, 3, 3, 2, 3], "period": 1, "recurrent_predicate": false, "state": [4, 0, 0, 1, 0], "tail": 6}
{"N": 5, "decoder": 0, "fibre": 0, "kind": "state", "m": 5, "next": [0, 2, 2, 3, 3], "period": 1, "recurrent_predicate": false, "state": [4, 0, 0, 1, 1], "tail": 7}
{"N": 5, "decoder": 0, "fibre": 0, "kind": "state", "m": 5, "next": [0, 2, 2, 2, 3], "period": 1, "recurrent_predicate": false, "state": [4, 0, 0, 1, 2], "tail": 8}
{"N": 5, "decoder": 0, "fibre": 0, "kind": "state", "m": 5, "next": [0, 2, 2, 2, 4], "period": 1, "recurrent_predicate": false, "state": [4, 0, 0, 1, 3], "tail": 4}
{"N": 5, "decoder": 1, "fibre": 1, "kind": "state", "m": 5, "next": [1, 2, 2, 2, 1], "period": 1, "recurrent_predicate": false, "state": [4, 0, 0, 1, 4], "tail": 5}
{"N": 5, "decoder": 1, "fibre": 1, "kind": "state", "m": 5, "next": [0, 3, 3, 3, 3], "period": 1, "recurrent_predicate": false, "state": [4, 0, 0, 2, 0], "tail": 5}
{"N": 5, "decoder": 0, "fibre": 0, "kind": "state", "m": 5, "next": [0, 2, 2, 3, 2], "period": 1, "recurrent_predicate": false, "state": [4, 0, 0, 2, 1], "tail": 8}
{"N": 5, "decoder": 0, "fibre": 0, "kind": "state", "m": 5, "next": [0, 2, 2, 4, 4], "period": 1, "recurrent_predicate": false, "state": [4, 0, 0, 2, 2], "tail": 5}
{"N": 5, "decoder": 0, "fibre": 0, "kind": "state", "m": 5, "next": [0, 2, 2, 3, 4], "period": 1, "recurrent_predicate": false, "state": [4, 0, 0, 2, 3], "tail": 6}
{"N": 5, "decoder": 1, "fibre": 1, "kind": "state", "m": 5, "next": [1, 2, 2, 3, 1], "period": 1, "recurrent_predicate": false, "state": [4, 0, 0, 2, 4], "tail": 6}
{"N": 5, "decoder": 0, "fibre": 0, "kind": "state", "m": 5, "next": [0, 3, 3, 4, 3], "period": 1, "recurrent_predicate": false, "state": [4, 0, 0, 3, 0], "tail": 5}
{"N": 5, "decoder": 0, "fibre": 0, "kind": "state", "m": 5, "next": [0, 2, 2, 4, 2], "period": 1, "recurrent_predicate": false, "state": [4, 0, 0, 3, 1], "tail": 4}
{"N": 5, "decoder": 0, "fibre": 0, "kind": "state", "m": 5, "next": [0, 2, 2, 4, 3], "period": 1, "recurrent_predicate": false, "state": [4, 0, 0, 3, 2], "tail": 6}
{"N": 5, "decoder": 0, "fibre": 0, "kind": "state", "m": 5, "next": [0, 2, 2, 0, 0], "period": 1, "recurrent_predicate": false, "state": [4, 0, 0, 3, 3], "tail": 3}
{"N": 5, "decoder": 0, "fibre": 0, "kind": "state", "m": 5, "next": [1, 2, 2, 4, 1], "period": 1, "recurrent_predicate": false, "state": [4, 0, 0, 3, 4], "tail": 7}
{"N": 5, "decoder": 3, "fibre": 3, "kind": "state", "m": 5, "next": [1, 3, 3, 1, 3], "period": 1, "recurrent_predicate": false, "state": [4, 0, 0, 4, 0], "tail": 4}
{"N": 5, "decoder": 1, "fibre": 1, "kind": "state", "m": 5, "next": [1, 2, 2, 1, 2], "period": 1, "recurrent_predicate": false, "state": [4, 0, 0, 4, 1], "tail": 5}
{"N": 5, "decoder": 1, "fibre": 1, "kind": "state", "m": 5, "next": [1, 2, 2, 1, 3], "period": 1, "recurrent_predicate": false, "state": [4, 0, 0, 4, 2], "tail": 6}
{"N": 5, "decoder": 0, "fibre": 0, "kind": "state", "m": 5, "next": [1, 2, 2, 1, 4], "period": 1, "recurrent_predicate": false, "state": [4, 0, 0, 4, 3], "tail": 7}
{"N": 5, "decoder": 1, "fibre": 1, "kind": "state", "m": 5, "next": [2, 2, 2, 2, 2], "period": 1, "recurrent_predicate": false, "state": [4, 0, 0, 4, 4], "tail": 1}
{"N": 5, "decoder": 1, "fibre": 1, "kind": "state", "m": 5, "next": [0, 3, 2, 3, 3], "period": 1, "recurrent_predicate": false, "state": [4, 0, 1, 0, 0], "tail": 6}
{"N": 5, "decoder": 0, "fibre": 0, "kind": "state", "m": 5, "next": [0, 2, 3, 2, 3], "period": 1, "recurrent_predicate": false, "state": [4, 0, 1, 0, 1], "tail": 7}
{"N": 5, "decoder": 0, "fibre": 0, "kind": "state", "m": 5, "next": [0, 2, 2, 2, 3], "period": 1, "recurrent_predicate": false, "state": [4, 0, 1, 0, 2], "tail": 8}
{"N": 5, "decoder": 0, "fibre": 0, "kind": "state", "m": 5, "next": [0, 2, 2, 2, 4], "period": 1, "recurrent_predicate": false, "state": [4, 0, 1, 0, 3], "tail": 4}
{"N": 5, "decoder": 1, "fibre": 1, "kind": "state", "m": 5, "next": [1, 2, 2, 2, 1], "period": 1, "recurrent_predicate": false, "state": [4, 0, 1, 0, 4], "tail": 5}
{"N": 5, "decoder": 0, "fibre": 0, "kind": "state", "m": 5, "next": [0, 2, 3, 3, 2], "period": 1, "recurrent_predicate": false, "state": [4, 0, 1, 1, 0], "tail": 7}
{"N": 5, "decoder": 0, "fibre": 0, "kind": "state", "m": 5, "next": [0, 1, 4, 4, 4], "period": 1, "recurrent_predicate": false, "state": [4, 0, 1, 1, 1], "tail": 5}
{"N": 5, "decoder": 0, "fibre": 0, "kind": "state", "m": 5, "next": [0, 1, 3, 3, 3], "period": 1, "recurrent_predicate": false, "state": [4, 0, 1, 1, 2], "tail": 4}
{"N": 5, "decoder": 0, "fibre": 0, "kind": "state", "m": 5, "next": [0, 1, 3, 3, 4], "period": 1, "recurrent_predicate": false, "state": [4, 0, 1, 1, 3], "tail": 6}
{"N": 5, "decoder": 0, "fibre": 0, "kind": "state", "m": 5, "next": [1, 1, 3, 3, 1], "period": 1, "recurrent_predicate": false, "state": [4, 0, 1, 1, 4], "tail": 3}
{"N": 5, "decoder": 0, "fibre": 0, "kind": "state", "m": 5, "next": [0, 2, 2, 3, 2], "period": 1, "recurrent_predicate": false, "state": [4, 0, 1, 2, 0], "tail": 8}
{"N": 5, "decoder": 0, "fibre": 0, "kind": "state", "m": 5, "next": [0, 1, 3, 3, 3], "period": 1, "recurrent_predicate": false, "state": [4, 0, 1, 2, 1], "tail": 4}
{"N": 5, "decoder": 0, "fibre": 0, "kind": "state", "m": 5, "next": [0, 1, 2, 4, 4], "period": 1, "recurrent_predicate": false, "state": [4, 0, 1, 2, 2], "tail": 6}
{"N": 5, "decoder": 1, "fibre": 1, "kind": "state", "m": 5, "next": [0, 1, 2, 3, 4], "period": 5, "recurrent_predicate": true, "state": [4, 0, 1, 2, 3], "tail": 0}
{"N": 5, "decoder": 1, "fibre": 1, "kind": "state", "m": 5, "next": [1, 1, 2, 3, 1], "period": 1, "recurrent_predicate": false, "state": [4, 0, 1, 2, 4], "tail": 5}
{"N": 5, "decoder": 0, "fibre": 0, "kind": "state", "m": 5, "next": [0, 2, 2, 4, 2], "period": 1, "recurrent_predicate": false, "state": [4, 0, 1, 3, 0], "tail": 4}
{"N": 5, "decoder": 0, "fibre": 0, "kind": "state", "m": 5, "next": [0, 1, 3, 4, 3], "period": 1, "recurrent_predicate": false, "state": [4, 0, 1, 3, 1], "tail": 6}
{"N": 5, "decoder": 1, "fibre": 1, "kind": "state", "m": 5, "next": [0, 1, 2, 4, 3], "period": 5, "recurrent_predicate": true, "state": [4, 0, 1, 3, 2], "tail": 0}
{"N": 5, "decoder": 1, "fibre": 1, "kind": "state", "m": 5, "next": [0, 1, 2, 0, 0], "period": 1, "recurrent_predicate": false, "state": [4, 0, 1, 3, 3], "tail": 5}
{"N": 5, "decoder": 0, "fibre": 0, "kind": "state", "m": 5, "next": [1, 1, 2, 4, 1], "period": 1, "recurrent_predicate": false, "state": [4, 0, 1, 3, 4], "tail": 8}
{"N": 5, "decoder": 1, "fibre": 1, "kind": "state", "m": 5, "next": [1, 2, 2, 1, 2], "period": 1, "recurrent_predicate": false, "state": [4, 0, 1, 4, 0], "tail": 5}
{"N": 5, "decoder": 0, "fibre": 0, "kind": "state", "m": 5, "next": [1, 1, 3, 1, 3], "period": 1, "recurrent_predicate": false, "state": [4, 0, 1, 4, 1], "tail": 3}
{"N": 5, "decoder": 1, "fibre": 1, "kind": "state", "m": 5, "next": [1, 1, 2, 1, 3], "period": 1, "recurrent_predicate": false, "state": [4, 0, 1, 4, 2], "tail": 5}
{"N": 5, "decoder": 0, "fibre": 0, "kind": "state", "m": 5, "next": [1, 1, 2, 1, 4], "period": 1, "recurrent_predicate": false, "state": [4, 0, 1, 4, 3], "tail": 8}
{"N": 5, "decoder": 4, "fibre": 4, "kind": "state", "m": 5, "next": [2, 1, 2, 2, 2], "period": 1, "recurrent_predicate": false, "state": [4, 0, 1, 4, 4], "tail": 4}
{"N": 5, "decoder": 1, "fibre": 1, "kind": "state", "m": 5, "next": [0, 3, 3, 3, 3], "period": 1, "recurrent_predicate": false, "state": [4, 0, 2, 0, 0], "tail": 5}
{"N": 5, "decoder": 0, "fibre": 0, "kind": "state", "m": 5, "next": [0, 2, 3, 2, 2], "period": 1, "recurrent_predicate": false, "state": [4, 0, 2, 0, 1], "tail": 8}
{"N": 5, "decoder": 0, "fibre": 0, "kind": "state", "m": 5, "next": [0, 2, 4, 2, 4], "period": 1, "recurrent_predicate": false, "state": [4, 0, 2, 0, 2], "tail": 5}
{"N": 5, "decoder": 0, "fibre": 0, "kind": "state", "m": 5, "next": [0, 2, 3, 2, 4], "period": 1, "recurrent_predicate": false, "state": [4, 0, 2, 0, 3], "tail": 6}
{"N": 5, "decoder": 1, "fibre": 1, "kind": "state", "m": 5, "next": [1, 2, 3, 2, 1], "period": 1, "recurrent_predicate": false, "state": [4, 0, 2, 0, 4], "tail": 6}
{"N": 5, "decoder": 0, "fibre": 0, "kind": "state", "m": 5, "next": [0, 2, 3, 2, 2], "period": 1, "recurrent_predicate": false, "state": [4, 0, 2, 1, 0], "tail": 8}
{"N": 5, "decoder": 0, "fibre": 0, "kind": "state", "m": 5, "next": [0, 1, 3, 3, 3], "period": 1, "recurrent_predicate": false, "state": [4, 0, 2, 1, 1], "tail": 4}
{"N": 5, "decoder": 0, "fibre": 0, "kind": "state", "m": 5, "next": [0, 1, 4, 2, 4], "period": 1, "recurrent_predicate": false, "state": [4, 0, 2, 1, 2], "tail": 6}
{"N": 5, "decoder": 1, "fibre": 1, "kind": "state", "m": 5, "next": [0, 1, 3, 2, 4], "period": 5, "recurrent_predicate": true, "state": [4, 0, 2, 1, 3], "tail": 0}
{"N": 5, "decoder": 1, "fibre": 1, "kind": "state", "m": 5, "next": [1, 1, 3, 2, 1], "period": 1, "recurrent_predicate": false, "state": [4, 0, 2, 1, 4], "tail": 5}
{"N": 5, "decoder": 0, "fibre": 0, "kind": "state", "m": 5, "next": [0, 2, 4, 4, 2], "period": 1, "recurrent_predicate": false, "state": [4, 0, 2, 2, 0], "tail": 5}
{"N": 5, "decoder": 0, "fibre": 0, "kind": "state", "m": 5, "next": [0, 1, 4, 4, 2], "period": 1, "recurrent_predicate": false, "state": [4, 0, 2, 2, 1], "tail": 6}
{"N": 5, "decoder": 3, "fibre": 3, "kind": "state", "m": 5, "next": [0, 1, 0, 0, 0], "period": 1, "recurrent_predicate": false, "state": [4, 0, 2, 2, 2], "tail": 3}
{"N": 5, "decoder": 1, "fibre": 1, "kind": "state", "m": 5, "next": [0, 1, 4, 4, 4], "period": 1, "recurrent_predicate": false, "state": [4, 0, 2, 2, 3], "tail": 5}
{"N": 5, "decoder": 1, "fibre": 1, "kind": "state", "m": 5, "next": [1, 1, 4, 4, 1], "period": 1, "recurrent_predicate": false, "state": [4, 0, 2, 2, 4], "tail": 4}
{"N": 5, "decoder": 0, "fibre": 0, "kind": "state", "m": 5, "next": [0, 2, 3, 4, 2], "period": 1, "recurrent_predicate": false, "state": [4, 0, 2, 3, 0], "tail": 6}
{"N": 5, "decoder": 1, "fibre": 1, "kind": "state", "m": 5, "next": [0, 1, 3, 4, 2], "period": 5, "recurrent_predicate": true, "state": [4, 0, 2, 3, 1], "tail": 0}
{"N": 5, "decoder": 1, "fibre": 1, "kind": "state", "m": 5, "next": [0, 1, 4, 4, 4], "period": 1, "recurrent_predicate": false, "state": [4, 0, 2, 3, 2], "tail": 5}
{"N": 5, "decoder": 0, "fibre": 0, "kind": "state", "m": 5, "next": [0, 1, 3, 0, 0], "period": 1, "recurrent_predicate": false, "state": [4, 0, 2, 3, 3], "tail": 8}
{"N": 5, "decoder": 0, "fibre": 0, "kind": "state", "m": 5, "next": [1, 1, 3, 4, 1], "period": 1, "recurrent_predicate": false, "state": [4, 0, 2, 3, 4], "tail": 4}
{"N": 5, "decoder": 1, "fibre": 1, "kind": "state", "m": 5, "next": [1, 2, 3, 1, 2], "period": 1, "recurrent_predicate": false, "state": [4, 0, 2, 4, 0], "tail": 6}
{"N": 5, "decoder": 1, "fibre": 1, "kind": "state", "m": 5, "next": [1, 1, 3, 1, 2], "period": 1, "recurrent_predicate": false, "state": [4, 0, 2, 4, 1], "tail": 5}
{"N": 5, "decoder": 1, "fibre": 1, "kind": "state", "m": 5, "next": [1, 1, 4, 1, 4], "period": 1, "recurrent_predicate": false, "state": [4, 0, 2, 4, 2], "tail": 4}
{"N": 5, "decoder": 0, "fibre": 0, "kind": "state", "m": 5, "next": [1, 1, 3, 1, 4], "period": 1, "recurrent_predicate": false, "state": [4, 0, 2, 4, 3], "tail": 4}
{"N": 5, "decoder": 3, "fibre": 3, "kind": "state", "m": 5, "next": [2, 1, 3, 2, 2], "period": 1, "recurrent_predicate": false, "state": [4, 0, 2, 4, 4], "tail": 7}
{"N": 5, "decoder": 0, "fibre": 0, "kind": "state", "m": 5, "next": [0, 3, 4, 3, 3], "period": 1, "recurrent_predicate": false, "state": [4, 0, 3, 0, 0], "tail": 5}
{"N": 5, "decoder": 0, "fibre": 0, "kind": "state", "m": 5, "next": [0, 2, 4, 2, 2], "period": 1, "recurrent_predicate": false, "state": [4, 0, 3, 0, 1], "tail": 4}
{"N": 5, "decoder": 0, "fibre": 0, "kind": "state", "m": 5, "next": [0, 2, 4, 2, 3], "period": 1, "recurrent_predicate": false, "state": [4, 0, 3, 0, 2], "tail": 6}
{"N": 5, "decoder": 0, "fibre": 0, "kind": "state", "m": 5, "next": [0, 2, 0, 2, 0], "period": 1, "recurrent_predicate": false, "state": [4, 0, 3, 0, 3], "tail": 3}
{"N": 5, "decoder": 0, "fibre": 0, "kind": "state", "m": 5, "next": [1, 2, 4, 2, 1], "period": 1, "recurrent_predicate": false, "state": [4, 0, 3, 0, 4], "tail": 7}
{"N": 5, "decoder": 0, "fibre": 0, "kind": "state", "m": 5, "next": [0, 2, 4, 2, 2], "period": 1, "recurrent_predicate": false, "state": [4, 0, 3, 1, 0], "tail": 4}
{"N": 5, "decoder": 0, "fibre": 0, "kind": "state", "m": 5, "next": [0, 1, 4, 3, 3], "period": 1, "recurrent_predicate": false, "state": [4, 0, 3, 1, 1], "tail": 6}
{"N": 5, "decoder": 1, "fibre": 1, "kind": "state", "m": 5, "next": [0, 1, 4, 2, 3], "period": 5, "recurrent_predicate": true, "state": [4, 0, 3, 1, 2], "tail": 0}
{"N": 5, "decoder": 1, "fibre": 1, "kind": "state", "m": 5, "next": [0, 1, 0, 2, 0], "period": 1, "recurrent_predicate": false, "state": [4, 0, 3, 1, 3], "tail": 5}
{"N": 5, "decoder": 0, "fibre": 0, "kind": "state", "m": 5, "next": [1, 1, 4, 2, 1], "period": 1, "recurrent_predicate": false, "state": [4, 0, 3, 1, 4], "tail": 8}
{"N": 5, "decoder": 0, "fibre": 0, "kind": "state", "m": 5, "next": [0, 2, 4, 3, 2], "period": 1, "recurrent_predicate": false, "state": [4, 0, 3, 2, 0], "tail": 6}
{"N": 5, "decoder": 1, "fibre": 1, "kind": "state", "m": 5, "next": [0, 1, 4, 3, 2], "period": 5, "recurrent_predicate": true, "state": [4, 0, 3, 2, 1], "tail": 0}
{"N": 5, "decoder": 1, "fibre": 1, "kind": "state", "m": 5, "next": [0, 1, 4, 4, 4], "period": 1, "recurrent_predicate": false, "state": [4, 0, 3, 2, 2], "tail": 5}
{"N": 5, "decoder": 0, "fibre": 0, "kind": "state", "m": 5, "next": [0, 1, 0, 3, 0], "period": 1, "recurrent_predicate": false, "state": [4, 0, 3, 2, 3], "tail": 8}
{"N": 5, "decoder": 0, "fibre": 0, "kind": "state", "m": 5, "next": [1, 1, 4, 3, 1], "period": 1, "recurrent_predicate": false, "state": [4, 0, 3, 2, 4], "tail": 4}
{"N": 5, "decoder": 0, "fibre": 0, "kind": "state", "m": 5, "next": [0, 2, 0, 0, 2], "period": 1, "recurrent_predicate": false, "state": [4, 0, 3, 3, 0], "tail": 3}
{"N": 5, "decoder": 1, "fibre": 1, "kind": "state", "m": 5, "next": [0, 1, 0, 0, 2], "period": 1, "recurrent_predicate": false, "state": [4, 0, 3, 3, 1], "tail": 5}
{"N": 5, "decoder": 0, "fibre": 0, "kind": "state", "m": 5, "next": [0, 1, 0, 0, 3], "period": 1, "recurrent_predicate": false, "state": [4, 0, 3, 3, 2], "tail": 8}
{"N": 5, "decoder": 4, "fibre": 4, "kind": "state", "m": 5, "next": [0, 1, 1, 1, 1], "period": 1, "recurrent_predicate": false, "state": [4, 0, 3, 3, 3], "tail": 4}
{"N": 5, "decoder": 1, "fibre": 1, "kind": "state", "m": 5, "next": [1, 1, 0, 0, 1], "period": 1, "recurrent_predicate": false, "state": [4, 0, 3, 3, 4], "tail": 5}
{"N": 5, "decoder": 0, "fibre": 0, "kind": "state", "m": 5, "next": [1, 2, 4, 1, 2], "period": 1, "recurrent_predicate": false, "state": [4, 0, 3, 4, 0], "tail": 7}
{"N": 5, "decoder": 0, "fibre": 0, "kind": "state", "m": 5, "next": [1, 1, 4, 1, 2], "period": 1, "recurrent_predicate": false, "state": [4, 0, 3, 4, 1], "tail": 8}
{"N": 5, "decoder": 0, "fibre": 0, "kind": "state", "m": 5, "next": [1, 1, 4, 1, 3], "period": 1, "recurrent_predicate": false, "state": [4, 0, 3, 4, 2], "tail": 4}
{"N": 5, "decoder": 1, "fibre": 1, "kind": "state", "m": 5, "next": [1, 1, 0, 1, 0], "period": 1, "recurrent_predicate": false, "state": [4, 0, 3, 4, 3], "tail": 5}
{"N": 5, "decoder": 1, "fibre": 1, "kind": "state", "m": 5, "next": [2, 1, 4, 2, 2], "period": 1, "recurrent_predicate": false, "state": [4, 0, 3, 4, 4], "tail": 6}
{"N": 5, "decoder": 3, "fibre": 3, "kind": "state", "m": 5, "next": [1, 3, 1, 3, 3], "period": 1, "recurrent_predicate": false, "state": [4, 0, 4, 0, 0], "tail": 4}
{"N": 5, "decoder": 1, "fibre": 1, "kind": "state", "m": 5, "next": [1, 2, 1, 2, 2], "period": 1, "recurrent_predicate": false, "state": [4, 0, 4, 0, 1], "tail": 5}
{"N": 5, "decoder": 1, "fibre": 1, "kind": "state", "m": 5, "next": [1, 2, 1, 2, 3], "period": 1, "recurrent_predicate": false, "state": [4, 0, 4, 0, 2], "tail": 6}
{"N": 5, "decoder": 0, "fibre": 0, "kind": "state", "m": 5, "next": [1, 2, 1, 2, 4], "period": 1, "recurrent_predicate": false, "state": [4, 0, 4, 0, 3], "tail": 7}
{"N": 5, "decoder": 1, "fibre": 1, "kind": "state", "m": 5, "next": [2, 2, 2, 2, 2], "period": 1, "recurrent_predicate": false, "state": [4, 0, 4, 0, 4], "tail": 1}
{"N": 5, "decoder": 1, "fibre": 1, "kind": "state", "m": 5, "next": [1, 2, 1, 2, 2], "period": 1, "recurrent_predicate": false, "state": [4, 0, 4, 1, 0], "tail": 5}
{"N": 5, "decoder": 0, "fibre": 0, "kind": "state", "m": 5, "next": [1, 1, 1, 3, 3], "period": 1, "recurrent_predicate": false, "state": [4, 0, 4, 1, 1], "tail": 3}
{"N": 5, "decoder": 1, "fibre": 1, "kind": "state", "m": 5, "next": [1, 1, 1, 2, 3], "period": 1, "recurrent_predicate": false, "state": [4, 0, 4, 1, 2], "tail": 5}
{"N": 5, "decoder": 0, "fibre": 0, "kind": "state", "m": 5, "next": [1, 1, 1, 2, 4], "period": 1, "recurrent_predicate": false, "state": [4, 0, 4, 1, 3], "tail": 8}
{"N": 5, "decoder": 4, "fibre": 4, "kind": "state", "m": 5, "next": [2, 1, 2, 2, 2], "period": 1, "recurrent_predicate": false, "state": [4, 0, 4, 1, 4], "tail": 4}
{"N": 5, "decoder": 1, "fibre": 1, "kind": "state", "m": 5, "next": [1, 2, 1, 3, 2], "period": 1, "recurrent_predicate": false, "state": [4, 0, 4, 2, 0], "tail": 6}
{"N": 5, "decoder": 1, "fibre": 1, "kind": "state", "m": 5, "next": [1, 1, 1, 3, 2], "period": 1, "recurrent_predicate": false, "state": [4, 0, 4, 2, 1], "tail": 5}
{"N": 5, "decoder": 1, "fibre": 1, "kind": "state", "m": 5, "next": [1, 1, 1, 4, 4], "period": 1, "recurrent_predicate": false, "state": [4, 0, 4, 2, 2], "tail": 4}
{"N": 5, "decoder": 0, "fibre": 0, "kind": "state", "m": 5, "next": [1, 1, 1, 3, 4], "period": 1, "recurrent_predicate": false, "state": [4, 0, 4, 2, 3], "tail": 4}
{"N": 5, "decoder": 3, "fibre": 3, "kind": "state", "m": 5, "next": [2, 1, 2, 3, 2], "period": 1, "recurrent_predicate": false, "state": [4, 0, 4, 2, 4], "tail": 7}
{"N": 5, "decoder": 0, "fibre": 0, "kind": "state", "m": 5, "next": [1, 2, 1, 4, 2], "period": 1, "recurrent_predicate": false, "state": [4, 0, 4, 3, 0], "tail": 7}
{"N": 5, "decoder": 0, "fibre": 0, "kind": "state", "m": 5, "next": [1, 1, 1, 4, 2], "period": 1, "recurrent_predicate": false, "state": [4, 0, 4, 3, 1], "tail": 8}
{"N": 5, "decoder": 0, "fibre": 0, "kind": "state", "m": 5, "next": [1, 1, 1, 4, 3], "period": 1, "recurrent_predicate": false, "state": [4, 0, 4, 3, 2], "tail": 4}
{"N": 5, "decoder": 1, "fibre": 1, "kind": "state", "m": 5, "next": [1, 1, 1, 0, 0], "period": 1, "recurrent_predicate": false, "state": [4, 0, 4, 3, 3], "tail": 5}
{"N": 5, "decoder": 1, "fibre": 1, "kind": "state", "m": 5, "next": [2, 1, 2, 4, 2], "period": 1, "recurrent_predicate": false, "state": [4, 0, 4, 3, 4], "tail": 6}
{"N": 5, "decoder": 1, "fibre": 1, "kind": "state", "m": 5, "next": [2, 2, 2, 2, 2], "period": 1, "recurrent_predicate": false, "state": [4, 0, 4, 4, 0], "tail": 1}
{"N": 5, "decoder": 4, "fibre": 4, "kind": "state", "m": 5, "next": [2, 1, 2, 2, 2], "period": 1, "recurrent_predicate": false, "state": [4, 0, 4, 4, 1], "tail": 4}
{"N": 5, "decoder": 3, "fibre": 3, "kind": "state", "m": 5, "next": [2, 1, 2, 2, 3], "period": 1, "recurrent_predicate": false, "state": [4, 0, 4, 4, 2], "tail": 7}
{"N": 5, "decoder": 1, "fibre": 1, "kind": "state", "m": 5, "next": [2, 1, 2, 2, 4], "period": 1, "recurrent_predicate": false, "state": [4, 0, 4, 4, 3], "tail": 6}
{"N": 5, "decoder": 5, "fibre": 5, "kind": "state", "m": 5, "next": [3, 1, 3, 3, 3], "period": 1, "recurrent_predicate": false, "state": [4, 0, 4, 4, 4], "tail": 2}
{"N": 5, "decoder": 1, "fibre": 1, "kind": "state", "m": 5, "next": [0, 2, 3, 3, 3], "period": 1, "recurrent_predicate": false, "state": [4, 1, 0, 0, 0], "tail": 6}
{"N": 5, "decoder": 0, "fibre": 0, "kind": "state", "m": 5, "next": [0, 3, 2, 2, 3], "period": 1, "recurrent_predicate": false, "state": [4, 1, 0, 0, 1], "tail": 7}
{"N": 5, "decoder": 0, "fibre": 0, "kind": "state", "m": 5, "next": [0, 2, 2, 2, 3], "period": 1, "recurrent_predicate": false, "state": [4, 1, 0, 0, 2], "tail": 8}
{"N": 5, "decoder": 0, "fibre": 0, "kind": "state", "m": 5, "next": [0, 2, 2, 2, 4], "period": 1, "recurrent_predicate": false, "state": [4, 1, 0, 0, 3], "tail": 4}
{"N": 5, "decoder": 1, "fibre": 1, "kind": "state", "m": 5, "next": [1, 2, 2, 2, 1], "period": 1, "recurrent_predicate": false, "state": [4, 1, 0, 0, 4], "tail": 5}
{"N": 5, "decoder": 0, "fibre": 0, "kind": "state", "m": 5, "next": [0, 3, 2, 3, 2], "period": 1, "recurrent_predicate": false, "state": [4, 1, 0, 1, 0], "tail": 7}
{"N": 5, "decoder": 0, "fibre": 0, "kind": "state", "m": 5, "next": [0, 4, 1, 4, 4], "period": 1, "recurrent_predicate": false, "state": [4, 1, 0, 1, 1], "tail": 5}
{"N": 5, "decoder": 0, "fibre": 0, "kind": "state", "m": 5, "next": [0, 3, 1, 3, 3], "period": 1, "recurrent_predicate": false, "state": [4, 1, 0, 1, 2], "tail": 4}
{"N": 5, "decoder": 0, "fibre": 0, "kind": "state", "m": 5, "next": [0, 3, 1, 3, 4], "period": 1, "recurrent_predicate": false, "state": [4, 1, 0, 1, 3], "tail": 6}
{"N": 5, "decoder": 0, "fibre": 0, "kind": "state", "m": 5, "next": [1, 3, 1, 3, 1], "period": 1, "recurrent_predicate": false, "state": [4, 1, 0, 1, 4], "tail": 3}
{"N": 5, "decoder": 0, "fibre": 0, "kind": "state", "m": 5, "next": [0, 2, 2, 3, 2], "period": 1, "recurrent_predicate": false, "state": [4, 1, 0, 2, 0], "tail": 8}
{"N": 5, "decoder": 0, "fibre": 0, "kind": "state", "m": 5, "next": [0, 3, 1, 3, 3], "period": 1, "recurrent_predicate": false, "state": [4, 1, 0, 2, 1], "tail": 4}
{"N": 5, "decoder": 0, "fibre": 0, "kind": "state", "m": 5, "next": [0, 2, 1, 4, 4], "period": 1, "recurrent_predicate": false, "state": [4, 1, 0, 2, 2], "tail": 6}
{"N": 5, "decoder": 1, "fibre": 1, "kind": "state", "m": 5, "next": [0, 2, 1, 3, 4], "period": 5, "recurrent_predicate": true, "state": [4, 1, 0, 2, 3], "tail": 0}
{"N": 5, "decoder": 1, "fibre": 1, "kind": "state", "m": 5, "next": [1, 2, 1, 3, 1], "period": 1, "recurrent_predicate": false, "state": [4, 1, 0, 2, 4], "tail": 5}
{"N": 5, "decoder": 0, "fibre": 0, "kind": "state", "m": 5, "next": [0, 2, 2, 4, 2], "period": 1, "recurrent_predicate": false, "state": [4, 1, 0, 3, 0], "tail": 4}
{"N": 5, "decoder": 0, "fibre": 0, "kind": "state", "m": 5, "next": [0, 3, 1, 4, 3], "period": 1, "recurrent_predicate": false, "state": [4, 1, 0, 3, 1], "tail": 6}
{"N": 5, "decoder": 1, "fibre": 1, "kind": "state", "m": 5, "next": [0, 2, 1, 4, 3], "period": 5, "recurrent_predicate": true, "state": [4, 1, 0, 3, 2], "tail": 0}
{"N": 5, "decoder": 1, "fibre": 1, "kind": "state", "m": 5, "next": [0, 2, 1, 0, 0], "period": 1, "recurrent_predicate": false, "state": [4, 1, 0, 3, 3], "tail": 5}
{"N": 5, "decoder": 0, "fibre": 0, "kind": "state", "m": 5, "next": [1, 2, 1, 4, 1], "period": 1, "recurrent_predicate": false, "state": [4, 1, 0, 3, 4], "tail": 8}
{"N": 5, "decoder": 1, "fibre": 1, "kind": "state", "m": 5, "next": [1, 2, 2, 1, 2], "period": 1, "recurrent_predicate": false, "state": [4, 1, 0, 4, 0], "tail": 5}
{"N": 5, "decoder": 0, "fibre": 0, "kind": "state", "m": 5, "next": [1, 3, 1, 1, 3], "period": 1, "recurrent_predicate": false, "state": [4, 1, 0, 4, 1], "tail": 3}
{"N": 5, "decoder": 1, "fibre": 1, "kind": "state", "m": 5, "next": [1, 2, 1, 1, 3], "period": 1, "recurrent_predicate": false, "state": [4, 1, 0, 4, 2], "tail": 5}
{"N": 5, "decoder": 0, "fibre": 0, "kind": "state", "m": 5, "next": [1, 2, 1, 1, 4], "period": 1, "recurrent_predicate": false, "state": [4, 1, 0, 4, 3], "tail": 8}
{"N": 5, "decoder": 4, "fibre": 4, "kind": "state", "m": 5, "next": [2, 2, 1, 2, 2], "period": 1, "recurrent_predicate": false, "state": [4, 1, 0, 4, 4], "tail": 4}
{"N": 5, "decoder": 0, "fibre": 0, "kind": "state", "m": 5, "next": [0, 3, 3, 2, 2], "period": 1, "recurrent_predicate": false, "state": [4, 1, 1, 0, 0], "tail": 7}
{"N": 5, "decoder": 0, "fibre": 0, "kind": "state", "m": 5, "next": [0, 4, 4, 1, 4], "period": 1, "recurrent_predicate": false, "state": [4, 1, 1, 0, 1], "tail": 5}
{"N": 5, "decoder": 0, "fibre": 0, "kind": "state", "m": 5, "next": [0, 3, 3, 1, 3], "period": 1, "recurrent_predicate": false, "state": [4, 1, 1, 0, 2], "tail": 4}
{"N": 5, "decoder": 0, "fibre": 0, "kind": "state", "m": 5, "next": [0, 3, 3, 1, 4], "period": 1, "recurrent_predicate": false, "state": [4, 1, 1, 0, 3], "tail": 6}
{"N": 5, "decoder": 0, "fibre": 0, "kind": "state", "m": 5, "next": [1, 3, 3, 1, 1], "period": 1, "recurrent_predicate": false, "state": [4, 1, 1, 0, 4], "tail": 3}
{"N": 5, "decoder": 0, "fibre": 0, "kind": "state", "m": 5, "next": [0, 4, 4, 4, 1], "period": 1, "recurrent_predicate": false, "state": [4, 1, 1, 1, 0], "tail": 5}
{"N": 5, "decoder": 1, "fibre": 1, "kind": "state", "m": 5, "next": [0, 0, 0, 0, 0], "period": 1, "recurrent_predicate": false, "state": [4, 1, 1, 1, 1], "tail": 1}
{"N": 5, "decoder": 3, "fibre": 3, "kind": "state", "m": 5, "next": [0, 4, 4, 4, 3], "period": 1, "recurrent_predicate": false, "state": [4, 1, 1, 1, 2], "tail": 7}
{"N": 5, "decoder": 3, "fibre": 3, "kind": "state", "m": 5, "next": [0, 4, 4, 4, 4], "period": 1, "recurrent_predicate": false, "state": [4, 1, 1, 1, 3], "tail": 3}
{"N": 5, "decoder": 4, "fibre": 4, "kind": "state", "m": 5, "next": [1, 4, 4, 4, 1], "period": 1, "recurrent_predicate": false, "state": [4, 1, 1, 1, 4], "tail": 3}
{"N": 5, "decoder": 0, "fibre": 0, "kind": "state", "m": 5, "next": [0, 3, 3, 3, 1], "period": 1, "recurrent_predicate": false, "state": [4, 1, 1, 2, 0], "tail": 4}
{"N": 5, "decoder": 3, "fibre": 3, "kind": "state", "m": 5, "next": [0, 4, 4, 3, 4], "period": 1, "recurrent_predicate": false, "state": [4, 1, 1, 2, 1], "tail": 7}
{"N": 5, "decoder": 1, "fibre": 1, "kind": "state", "m": 5, "next": [0, 3, 3, 4, 4], "period": 1, "recurrent_predicate": false, "state": [4, 1, 1, 2, 2], "tail": 6}
{"N": 5, "decoder": 1, "fibre": 1, "kind": "state", "m": 5, "next": [0, 3, 3, 3, 4], "period": 1, "recurrent_predicate": false, "state": [4, 1, 1, 2, 3], "tail": 5}
{"N": 5, "decoder": 1, "fibre": 1, "kind": "state", "m": 5, "next": [1, 3, 3, 3, 1], "period": 1, "recurrent_predicate": false, "state": [4, 1, 1, 2, 4], "tail": 4}
{"N": 5, "decoder": 0, "fibre": 0, "kind": "state", "m": 5, "next": [0, 3, 3, 4, 1], "period": 1, "recurrent_predicate": false, "state": [4, 1, 1, 3, 0], "tail": 6}
{"N": 5, "decoder": 3, "fibre": 3, "kind": "state", "m": 5, "next": [0, 4, 4, 4, 4], "period": 1, "recurrent_predicate": false, "state": [4, 1, 1, 3, 1], "tail": 3}
{"N": 5, "decoder": 1, "fibre": 1, "kind": "state", "m": 5, "next": [0, 3, 3, 4, 3], "period": 1, "recurrent_predicate": false, "state": [4, 1, 1, 3, 2], "tail": 5}
{"N": 5, "decoder": 1, "fibre": 1, "kind": "state", "m": 5, "next": [0, 3, 3, 0, 0], "period": 1, "recurrent_predicate": false, "state": [4, 1, 1, 3, 3], "tail": 4}
{"N": 5, "decoder": 0, "fibre": 0, "kind": "state", "m": 5, "next": [1, 3, 3, 4, 1], "period": 1, "recurrent_predicate": false, "state": [4, 1, 1, 3, 4], "tail": 5}
{"N": 5, "decoder": 0, "fibre": 0, "kind": "state", "m": 5, "next": [1, 3, 3, 1, 1], "period": 1, "recurrent_predicate": false, "state": [4, 1, 1, 4, 0], "tail": 3}
{"N": 5, "decoder": 4, "fibre": 4, "kind": "state", "m": 5, "next": [1, 4, 4, 1, 4], "period": 1, "recurrent_predicate": false, "state": [4, 1, 1, 4, 1], "tail": 3}
{"N": 5, "decoder": 1, "fibre": 1, "kind": "state", "m": 5, "next": [1, 3, 3, 1, 3], "period": 1, "recurrent_predicate": false, "state": [4, 1, 1, 4, 2], "tail": 4}
{"N": 5, "decoder": 0, "fibre": 0, "kind": "state", "m": 5, "next": [1, 3, 3, 1, 4], "period": 1, "recurrent_predicate": false, "state": [4, 1, 1, 4, 3], "tail": 5}
{"N": 5, "decoder": 4, "fibre": 4, "kind": "state", "m": 5, "next": [2, 3, 3, 2, 2], "period": 1, "recurrent_predicate": false, "state": [4, 1, 1, 4, 4], "tail": 2}
{"N": 5, "decoder": 0, "fibre": 0, "kind": "state", "m": 5, "next": [0, 2, 3, 2, 2], "period": 1, "recurrent_predicate": false, "state": [4, 1, 2, 0, 0], "tail": 8}
{"N": 5, "decoder": 0, "fibre": 0, "kind": "state", "m": 5, "next": [0, 3, 3, 1, 3], "period": 1, "recurrent_predicate": false, "state": [4, 1, 2, 0, 1], "tail": 4}
{"N": 5, "decoder": 0, "fibre": 0, "kind": "state", "m": 5, "next": [0, 2, 4, 1, 4], "period": 1, "recurrent_predicate": false, "state": [4, 1, 2, 0, 2], "tail": 6}
{"N": 5, "decoder": 1, "fibre": 1, "kind": "state", "m": 5, "next": [0, 2, 3, 1, 4], "period": 5, "recurrent_predicate": true, "state": [4, 1, 2, 0, 3], "tail": 0}
{"N": 5, "decoder": 1, "fibre": 1, "kind": "state", "m": 5, "next": [1, 2, 3, 1, 1], "period": 1, "recurrent_predicate": false, "state": [4, 1, 2, 0, 4], "tail": 5}
{"N": 5, "decoder": 0, "fibre": 0, "kind": "state", "m": 5, "next": [0, 3, 3, 3, 1], "period": 1, "recurrent_predicate": false, "state": [4, 1, 2, 1, 0], "tail": 4}
{"N": 5, "decoder": 3, "fibre": 3, "kind": "state", "m": 5, "next": [0, 4, 3, 4, 4], "period": 1, "recurrent_predicate": false, "state": [4, 1, 2, 1, 1], "tail": 7}
{"N": 5, "decoder": 1, "fibre": 1, "kind": "state", "m": 5, "next": [0, 3, 4, 3, 4], "period": 1, "recurrent_predicate": false, "state": [4, 1, 2, 1, 2], "tail": 6}
{"N": 5, "decoder": 1, "fibre": 1, "kind": "state", "m": 5, "next": [0, 3, 3, 3, 4], "period": 1, "recurrent_predicate": false, "state": [4, 1, 2, 1, 3], "tail": 5}
{"N": 5, "decoder": 1, "fibre": 1, "kind": "state", "m": 5, "next": [1, 3, 3, 3, 1], "period": 1, "recurrent_predicate": false, "state": [4, 1, 2, 1, 4], "tail": 4}
{"N": 5, "decoder": 0, "fibre": 0, "kind": "state", "m": 5, "next": [0, 2, 4, 4, 1], "period": 1, "recurrent_predicate": false, "state": [4, 1, 2, 2, 0], "tail": 6}
{"N": 5, "decoder": 1, "fibre": 1, "kind": "state", "m": 5, "next": [0, 3, 4, 4, 3], "period": 1, "recurrent_predicate": false, "state": [4, 1, 2, 2, 1], "tail": 6}
{"N": 5, "decoder": 1, "fibre": 1, "kind": "state", "m": 5, "next": [0, 2, 0, 0, 0], "period": 1, "recurrent_predicate": false, "state": [4, 1, 2, 2, 2], "tail": 5}
{"N": 5, "decoder": 0, "fibre": 0, "kind": "state", "m": 5, "next": [0, 2, 4, 4, 4], "period": 1, "recurrent_predicate": false, "state": [4, 1, 2, 2, 3], "tail": 8}
{"N": 5, "decoder": 0, "fibre": 0, "kind": "state", "m": 5, "next": [1, 2, 4, 4, 1], "period": 1, "recurrent_predicate": false, "state": [4, 1, 2, 2, 4], "tail": 5}
{"N": 5, "decoder": 1, "fibre": 1, "kind": "state", "m": 5, "next": [0, 2, 3, 4, 1], "period": 5, "recurrent_predicate": true, "state": [4, 1, 2, 3, 0], "tail": 0}
{"N": 5, "decoder": 1, "fibre": 1, "kind": "state", "m": 5, "next": [0, 3, 3, 4, 3], "period": 1, "recurrent_predicate": false, "state": [4, 1, 2, 3, 1], "tail": 5}
{"N": 5, "decoder": 0, "fibre": 0, "kind": "state", "m": 5, "next": [0, 2, 4, 4, 4], "period": 1, "recurrent_predicate": false, "state": [4, 1, 2, 3, 2], "tail": 8}
{"N": 5, "decoder": 0, "fibre": 0, "kind": "state", "m": 5, "next": [0, 2, 3, 0, 0], "period": 1, "recurrent_predicate": false, "state": [4, 1, 2, 3, 3], "tail": 4}
{"N": 5, "decoder": 0, "fibre": 0, "kind": "state", "m": 5, "next": [1, 2, 3, 4, 1], "period": 1, "recurrent_predicate": false, "state": [4, 1, 2, 3, 4], "tail": 6}
{"N": 5, "decoder": 1, "fibre": 1, "kind": "state", "m": 5, "next": [1, 2, 3, 1, 1], "period": 1, "recurrent_predicate": false, "state": [4, 1, 2, 4, 0], "tail": 5}
{"N": 5, "decoder": 1, "fibre": 1, "kind": "state", "m": 5, "next": [1, 3, 3, 1, 3], "period": 1, "recurrent_predicate": false, "state": [4, 1, 2, 4, 1], "tail": 4}
{"N": 5, "decoder": 0, "fibre": 0, "kind": "state", "m": 5, "next": [1, 2, 4, 1, 4], "period": 1, "recurrent_predicate": false, "state": [4, 1, 2, 4, 2], "tail": 5}
{"N": 5, "decoder": 0, "fibre": 0, "kind": "state", "m": 5, "next": [1, 2, 3, 1, 4], "period": 1, "recurrent_predicate": false, "state": [4, 1, 2, 4, 3], "tail": 6}
{"N": 5, "decoder": 3, "fibre": 3, "kind": "state", "m": 5, "next": [2, 2, 3, 2, 2], "period": 1, "recurrent_predicate": false, "state": [4, 1, 2, 4, 4], "tail": 3}
{"N": 5, "decoder": 0, "fibre": 0, "kind": "state", "m": 5, "next": [0, 2, 4, 2, 2], "period": 1, "recurrent_predicate": false, "state": [4, 1, 3, 0, 0], "tail": 4}
{"N": 5, "decoder": 0, "fibre": 0, "kind": "state", "m": 5, "next": [0, 3, 4, 1, 3], "period": 1, "recurrent_predicate": false, "state": [4, 1, 3, 0, 1], "tail": 6}
{"N": 5, "decoder": 1, "fibre": 1, "kind": "state", "m": 5, "next": [0, 2, 4, 1, 3], "period": 5, "recurrent_predicate": true, "state": [4, 1, 3, 0, 2], "tail": 0}
{"N": 5, "decoder": 1, "fibre": 1, "kind": "state", "m": 5, "next": [0, 2, 0, 1, 0], "period": 1, "recurrent_predicate": false, "state": [4, 1, 3, 0, 3], "tail": 5}
{"N": 5, "decoder": 0, "fibre": 0, "kind": "state", "m": 5, "next": [1, 2, 4, 1, 1], "period": 1, "recurrent_predicate": false, "state": [4, 1, 3, 0, 4], "tail": 8}
{"N": 5, "decoder": 0, "fibre": 0, "kind": "state", "m": 5, "next": [0, 3, 4, 3, 1], "period": 1, "recurrent_predicate": false, "state": [4, 1, 3, 1, 0], "tail": 6}
{"N": 5, "decoder": 3, "fibre": 3, "kind": "state", "m": 5, "next": [0, 4, 4, 4, 4], "period": 1, "recurrent_predicate": false, "state": [4, 1, 3, 1, 1], "tail": 3}
{"N": 5, "decoder": 1, "fibre": 1, "kind": "state", "m": 5, "next": [0, 3, 4, 3, 3], "period": 1, "recurrent_predicate": false, "state": [4, 1, 3, 1, 2], "tail": 5}
{"N": 5, "decoder": 1, "fibre": 1, "kind": "state", "m": 5, "next": [0, 3, 0, 3, 0], "period": 1, "recurrent_predicate": false, "state": [4, 1, 3, 1, 3], "tail": 4}
{"N": 5, "decoder": 0, "fibre": 0, "kind": "state", "m": 5, "next": [1, 3, 4, 3, 1], "period": 1, "recurrent_predicate": false, "state": [4, 1, 3, 1, 4], "tail": 5}
{"N": 5, "decoder": 1, "fibre": 1, "kind": "state", "m": 5, "next": [0, 2, 4, 3, 1], "period": 5, "recurrent_predicate": true, "state": [4, 1, 3, 2, 0], "tail": 0}
{"N": 5, "decoder": 1, "fibre": 1, "kind": "state", "m": 5, "next": [0, 3, 4, 3, 3], "period": 1, "recurrent_predicate": false, "state": [4, 1, 3, 2, 1], "tail": 5}
{"N": 5, "decoder": 0, "fibre": 0, "kind": "state", "m": 5, "next": [0, 2, 4, 4, 4], "period": 1, "recurrent_predicate": false, "state": [4, 1, 3, 2, 2], "tail": 8}
{"N": 5, "decoder": 0, "fibre": 0, "kind": "state", "m": 5, "next": [0, 2, 0, 3, 0], "period": 1, "recurrent_predicate": false, "state": [4, 1, 3, 2, 3], "tail": 4}
{"N": 5, "decoder": 0, "fibre": 0, "kind": "state", "m": 5, "next": [1, 2, 4, 3, 1], "period": 1, "recurrent_predicate": false, "state": [4, 1, 3, 2, 4], "tail": 6}
{"N": 5, "decoder": 1, "fibre": 1, "kind": "state", "m": 5, "next": [0, 2, 0, 0, 1], "period": 1, "recurrent_predicate": false, "state": [4, 1, 3, 3, 0], "tail": 5}
{"N": 5, "decoder": 1, "fibre": 1, "kind": "state", "m": 5, "next": [0, 3, 0, 0, 3], "period": 1, "recurrent_predicate": false, "state": [4, 1, 3, 3, 1], "tail": 4}
{"N": 5, "decoder": 0, "fibre": 0, "kind": "state", "m": 5, "next": [0, 2, 0, 0, 3], "period": 1, "recurrent_predicate": false, "state": [4, 1, 3, 3, 2], "tail": 4}
{"N": 5, "decoder": 3, "fibre": 3, "kind": "state", "m": 5, "next": [0, 2, 1, 1, 1], "period": 1, "recurrent_predicate": false, "state": [4, 1, 3, 3, 3], "tail": 7}
{"N": 5, "decoder": 1, "fibre": 1, "kind": "state", "m": 5, "next": [1, 2, 0, 0, 1], "period": 1, "recurrent_predicate": false, "state": [4, 1, 3, 3, 4], "tail": 6}
{"N": 5, "decoder": 0, "fibre": 0, "kind": "state", "m": 5, "next": [1, 2, 4, 1, 1], "period": 1, "recurrent_predicate": false, "state": [4, 1, 3, 4, 0], "tail": 8}
{"N": 5, "decoder": 0, "fibre": 0, "kind": "state", "m": 5, "next": [1, 3, 4, 1, 3], "period": 1, "recurrent_predicate": false, "state": [4, 1, 3, 4, 1], "tail": 5}
{"N": 5, "decoder": 0, "fibre": 0, "kind": "state", "m": 5, "next": [1, 2, 4, 1, 3], "period": 1, "recurrent_predicate": false, "state": [4, 1, 3, 4, 2], "tail": 6}
{"N": 5, "decoder": 1, "fibre": 1, "kind": "state", "m": 5, "next": [1, 2, 0, 1, 0], "period": 1, "recurrent_predicate": false, "state": [4, 1, 3, 4, 3], "tail": 6}
{"N": 5, "decoder": 1, "fibre": 1, "kind": "state", "m": 5, "next": [2, 2, 4, 2, 2], "period": 1, "recurrent_predicate": false, "state": [4, 1, 3, 4, 4], "tail": 5}
{"N": 5, "decoder": 1, "fibre": 1, "kind": "state", "m": 5, "next": [1, 2, 1, 2, 2], "period": 1, "recurrent_predicate": false, "state": [4, 1, 4, 0, 0], "tail": 5}
{"N": 5, "decoder": 0, "fibre": 0, "kind": "state", "m": 5, "next": [1, 3, 1, 1, 3], "period": 1, "recurrent_predicate": false, "state": [4, 1, 4, 0, 1], "tail": 3}
{"N": 5, "decoder": 1, "fibre": 1, "kind": "state", "m": 5, "next": [1, 2, 1, 1, 3], "period": 1, "recurrent_predicate": false, "state": [4, 1, 4, 0, 2], "tail": 5}
{"N": 5, "decoder": 0, "fibre": 0, "kind": "state", "m": 5, "next": [1, 2, 1, 1, 4], "period": 1, "recurrent_predicate": false, "state": [4, 1, 4, 0, 3], "tail": 8}
{"N": 5, "decoder": 4, "fibre": 4, "kind": "state", "m": 5, "next": [2, 2, 2, 1, 2], "period": 1, "recurrent_predicate": false, "state": [4, 1, 4, 0, 4], "tail": 4}
{"N": 5, "decoder": 0, "fibre": 0, "kind": "state", "m": 5, "next": [1, 3, 1, 3, 1], "period": 1, "recurrent_predicate": false, "state": [4, 1, 4, 1, 0], "tail": 3}
{"N": 5, "decoder": 4, "fibre": 4, "kind": "state", "m": 5, "next": [1, 4, 1, 4, 4], "period": 1, "recurrent_predicate": false, "state": [4, 1, 4, 1, 1], "tail": 3}
{"N": 5, "decoder": 1, "fibre": 1, "kind": "state", "m": 5, "next": [1, 3, 1, 3, 3], "period": 1, "recurrent_predicate": false, "state": [4, 1, 4, 1, 2], "tail": 4}
{"N": 5, "decoder": 0, "fibre": 0, "kind": "state", "m": 5, "next": [1, 3, 1, 3, 4], "period": 1, "recurrent_predicate": false, "state": [4, 1, 4, 1, 3], "tail": 5}
{"N": 5, "decoder": 4, "fibre": 4, "kind": "state", "m": 5, "next": [2, 3, 2, 3, 2], "period": 1, "recurrent_predicate": false, "state": [4, 1, 4, 1, 4], "tail": 2}
{"N": 5, "decoder": 1, "fibre": 1, "kind": "state", "m": 5, "next": [1, 2, 1, 3, 1], "period": 1, "recurrent_predicate": false, "state": [4, 1, 4, 2, 0], "tail": 5}
{"N": 5, "decoder": 1, "fibre": 1, "kind": "state", "m": 5, "next": [1, 3, 1, 3, 3], "period": 1, "recurrent_predicate": false, "state": [4, 1, 4, 2, 1], "tail": 4}
{"N": 5, "decoder": 0, "fibre": 0, "kind": "state", "m": 5, "next": [1, 2, 1, 4, 4], "period": 1, "recurrent_predicate": false, "state": [4, 1, 4, 2, 2], "tail": 5}
{"N": 5, "decoder": 0, "fibre": 0, "kind": "state", "m": 5, "next": [1, 2, 1, 3, 4], "period": 1, "recurrent_predicate": false, "state": [4, 1, 4, 2, 3], "tail": 6}
{"N": 5, "decoder": 3, "fibre": 3, "kind": "state", "m": 5, "next": [2, 2, 2, 3, 2], "period": 1, "recurrent_predicate": false, "state": [4, 1, 4, 2, 4], "tail": 3}
{"N": 5, "decoder": 0, "fibre": 0, "kind": "state", "m": 5, "next": [1, 2, 1, 4, 1], "period": 1, "recurrent_predicate": false, "state": [4, 1, 4, 3, 0], "tail": 8}
{"N": 5, "decoder": 0, "fibre": 0, "kind": "state", "m": 5, "next": [1, 3, 1, 4, 3], "period": 1, "recurrent_predicate": false, "state": [4, 1, 4, 3, 1], "tail": 5}
{"N": 5, "decoder": 0, "fibre": 0, "kind": "state", "m": 5, "next": [1, 2, 1, 4, 3], "period": 1, "recurrent_predicate": false, "state": [4, 1, 4, 3, 2], "tail": 6}
{"N": 5, "decoder": 1, "fibre": 1, "kind": "state", "m": 5, "next": [1, 2, 1, 0, 0], "period": 1, "recurrent_predicate": false, "state": [4, 1, 4, 3, 3], "tail": 6}
{"N": 5, "decoder": 1, "fibre": 1, "kind": "state", "m": 5, "next": [2, 2, 2, 4, 2], "period": 1, "recurrent_predicate": false, "state": [4, 1, 4, 3, 4], "tail": 5}
{"N": 5, "decoder": 4, "fibre": 4, "kind": "state", "m": 5, "next": [2, 2, 2, 2, 1], "period": 1, "recurrent_predicate": false, "state": [4, 1, 4, 4, 0], "tail": 4}
{"N": 5, "decoder": 4, "fibre": 4, "kind": "state", "m": 5, "next": [2, 3, 2, 2, 3], "period": 1, "recurrent_predicate": false, "state": [4, 1, 4, 4, 1], "tail": 2}
{"N": 5, "decoder": 3, "fibre": 3, "kind": "state", "m": 5, "next": [2, 2, 2, 2, 3], "period": 1, "recurrent_predicate": false, "state": [4, 1, 4, 4, 2], "tail": 3}
{"N": 5, "decoder": 1, "fibre": 1, "kind": "state", "m": 5, "next": [2, 2, 2, 2, 4], "period": 1, "recurrent_predicate": false, "state": [4, 1, 4, 4, 3], "tail": 5}
{"N": 5, "decoder": 4, "fibre": 4, "kind": "state", "m": 5, "next": [3, 2, 3, 3, 3], "period": 1, "recurrent_predicate": false, "state": [4, 1, 4, 4, 4], "tail": 4}
{"N": 5, "decoder": 1, "fibre": 1, "kind": "state", "m": 5, "next": [0, 3, 3, 3, 3], "period": 1, "recurrent_predicate": false, "state": [4, 2, 0, 0, 0], "tail": 5}
{"N": 5, "decoder": 0, "fibre": 0, "kind": "state", "m": 5, "next": [0, 3, 2, 2, 2], "period": 1, "recurrent_predicate": false, "state": [4, 2, 0, 0, 1], "tail": 8}
{"N": 5, "decoder": 0, "fibre": 0, "kind": "state", "m": 5, "next": [0, 4, 2, 2, 4], "period": 1, "recurrent_predicate": false, "state": [4, 2, 0, 0, 2], "tail": 5}
{"N": 5, "decoder": 0, "fibre": 0, "kind": "state", "m": 5, "next": [0, 3, 2, 2, 4], "period": 1, "recurrent_predicate": false, "state": [4, 2, 0, 0, 3], "tail": 6}
{"N": 5, "decoder": 1, "fibre": 1, "kind": "state", "m": 5, "next": [1, 3, 2, 2, 1], "period": 1, "recurrent_predicate": false, "state": [4, 2, 0, 0, 4], "tail": 6}
{"N": 5, "decoder": 0, "fibre": 0, "kind": "state", "m": 5, "next": [0, 3, 2, 2, 2], "period": 1, "recurrent_predicate": false, "state": [4, 2, 0, 1, 0], "tail": 8}
{"N": 5, "decoder": 0, "fibre": 0, "kind": "state", "m": 5, "next": [0, 3, 1, 3, 3], "period": 1, "recurrent_predicate": false, "state": [4, 2, 0, 1, 1], "tail": 4}
{"N": 5, "decoder": 0, "fibre": 0, "kind": "state", "m": 5, "next": [0, 4, 1, 2, 4], "period": 1, "recurrent_predicate": false, "state": [4, 2, 0, 1, 2], "tail": 6}
{"N": 5, "decoder": 1, "fibre": 1, "kind": "state", "m": 5, "next": [0, 3, 1, 2, 4], "period": 5, "recurrent_predicate": true, "state": [4, 2, 0, 1, 3], "tail": 0}
{"N": 5, "decoder": 1, "fibre": 1, "kind": "state", "m": 5, "next": [1, 3, 1, 2, 1], "period": 1, "recurrent_predicate": false, "state": [4, 2, 0, 1, 4], "tail": 5}
{"N": 5, "decoder": 0, "fibre": 0, "kind": "state", "m": 5, "next": [0, 4, 2, 4, 2], "period": 1, "recurrent_predicate": false, "state": [4, 2, 0, 2, 0], "tail": 5}
{"N": 5, "decoder": 0, "fibre": 0, "kind": "state", "m": 5, "next": [0, 4, 1, 4, 2], "period": 1, "recurrent_predicate": false, "state": [4, 2, 0, 2, 1], "tail": 6}
{"N": 5, "decoder": 3, "fibre": 3, "kind": "state", "m": 5, "next": [0, 0, 1, 0, 0], "period": 1, "recurrent_predicate": false, "state": [4, 2, 0, 2, 2], "tail": 3}
{"N": 5, "decoder": 1, "fibre": 1, "kind": "state", "m": 5, "next": [0, 4, 1, 4, 4], "period": 1, "recurrent_predicate": false, "state": [4, 2, 0, 2, 3], "tail": 5}
{"N": 5, "decoder": 1, "fibre": 1, "kind": "state", "m": 5, "next": [1, 4, 1, 4, 1], "period": 1, "recurrent_predicate": false, "state": [4, 2, 0, 2, 4], "tail": 4}
{"N": 5, "decoder": 0, "fibre": 0, "kind": "state", "m": 5, "next": [0, 3, 2, 4, 2], "period": 1, "recurrent_predicate": false, "state": [4, 2, 0, 3, 0], "tail": 6}
{"N": 5, "decoder": 1, "fibre": 1, "kind": "state", "m": 5, "next": [0, 3, 1, 4, 2], "period": 5, "recurrent_predicate": true, "state": [4, 2, 0, 3, 1], "tail": 0}
{"N": 5, "decoder": 1, "fibre": 1, "kind": "state", "m": 5, "next": [0, 4, 1, 4, 4], "period": 1, "recurrent_predicate": false, "state": [4, 2, 0, 3, 2], "tail": 5}
{"N": 5, "decoder": 0, "fibre": 0, "kind": "state", "m": 5, "next": [0, 3, 1, 0, 0], "period": 1, "recurrent_predicate": false, "state": [4, 2, 0, 3, 3], "tail": 8}
{"N": 5, "decoder": 0, "fibre": 0, "kind": "state", "m": 5, "next": [1, 3, 1, 4, 1], "period": 1, "recurrent_predicate": false, "state": [4, 2, 0, 3, 4], "tail": 4}
{"N": 5, "decoder": 1, "fibre": 1, "kind": "state", "m": 5, "next": [1, 3, 2, 1, 2], "period": 1, "recurrent_predicate": false, "state": [4, 2, 0, 4, 0], "tail": 6}
{"N": 5, "decoder": 1, "fibre": 1, "kind": "state", "m": 5, "next": [1, 3, 1, 1, 2], "period": 1, "recurrent_predicate": false, "state": [4, 2, 0, 4, 1], "tail": 5}
{"N": 5, "decoder": 1, "fibre": 1, "kind": "state", "m": 5, "next": [1, 4, 1, 1, 4], "period": 1, "recurrent_predicate": false, "state": [4, 2, 0, 4, 2], "tail": 4}
{"N": 5, "decoder": 0, "fibre": 0, "kind": "state", "m": 5, "next": [1, 3, 1, 1, 4], "period": 1, "recurrent_predicate": false, "state": [4, 2, 0, 4, 3], "tail": 4}
{"N": 5, "decoder": 3, "fibre": 3, "kind": "state", "m": 5, "next": [2, 3, 1, 2, 2], "period": 1, "recurrent_predicate": false, "state": [4, 2, 0, 4, 4], "tail": 7}
{"N": 5, "decoder": 0, "fibre": 0, "kind": "state", "m": 5, "next": [0, 3, 2, 2, 2], "period": 1, "recurrent_predicate": false, "state": [4, 2, 1, 0, 0], "tail": 8}
{"N": 5, "decoder": 0, "fibre": 0, "kind": "state", "m": 5, "next": [0, 3, 3, 1, 3], "period": 1, "recurrent_predicate": false, "state": [4, 2, 1, 0, 1], "tail": 4}
{"N": 5, "decoder": 0, "fibre": 0, "kind": "state", "m": 5, "next": [0, 4, 2, 1, 4], "period": 1, "recurrent_predicate": false, "state": [4, 2, 1, 0, 2], "tail": 6}
{"N": 5, "decoder": 1, "fibre": 1, "kind": "state", "m": 5, "next": [0, 3, 2, 1, 4], "period": 5, "recurrent_predicate": true, "state": [4, 2, 1, 0, 3], "tail": 0}
{"N": 5, "decoder": 1, "fibre": 1, "kind": "state", "m": 5, "next": [1, 3, 2, 1, 1], "period": 1, "recurrent_predicate": false, "state": [4, 2, 1, 0, 4], "tail": 5}
{"N": 5, "decoder": 0, "fibre": 0, "kind": "state", "m": 5, "next": [0, 3, 3, 3, 1], "period": 1, "recurrent_predicate": false, "state": [4, 2, 1, 1, 0], "tail": 4}
{"N": 5, "decoder": 3, "fibre": 3, "kind": "state", "m": 5, "next": [0, 3, 4, 4, 4], "period": 1, "recurrent_predicate": false, "state": [4, 2, 1, 1, 1], "tail": 7}
{"N": 5, "decoder": 1, "fibre": 1, "kind": "state", "m": 5, "next": [0, 4, 3, 3, 4], "period": 1, "recurrent_predicate": false, "state": [4, 2, 1, 1, 2], "tail": 6}
{"N": 5, "decoder": 1, "fibre": 1, "kind": "state", "m": 5, "next": [0, 3, 3, 3, 4], "period": 1, "recurrent_predicate": false, "state": [4, 2, 1, 1, 3], "tail": 5}
{"N": 5, "decoder": 1, "fibre": 1, "kind": "state", "m": 5, "next": [1, 3, 3, 3, 1], "period": 1, "recurrent_predicate": false, "state": [4, 2, 1, 1, 4], "tail": 4}
{"N": 5, "decoder": 0, "fibre": 0, "kind": "state", "m": 5, "next": [0, 4, 2, 4, 1], "period": 1, "recurrent_predicate": false, "state": [4, 2, 1, 2, 0], "tail": 6}
{"N": 5, "decoder": 1, "fibre": 1, "kind": "state", "m": 5, "next": [0, 4, 3, 4, 3], "period": 1, "recurrent_predicate": false, "state": [4, 2, 1, 2, 1], "tail": 6}
{"N": 5, "decoder": 1, "fibre": 1, "kind": "state", "m": 5, "next": [0, 0, 2, 0, 0], "period": 1, "recurrent_predicate": false, "state": [4, 2, 1, 2, 2], "tail": 5}
{"N": 5, "decoder": 0, "fibre": 0, "kind": "state", "m": 5, "next": [0, 4, 2, 4, 4], "period": 1, "recurrent_predicate": false, "state": [4, 2, 1, 2, 3], "tail": 8}
{"N": 5, "decoder": 0, "fibre": 0, "kind": "state", "m": 5, "next": [1, 4, 2, 4, 1], "period": 1, "recurrent_predicate": false, "state": [4, 2, 1, 2, 4], "tail": 5}
{"N": 5, "decoder": 1, "fibre": 1, "kind": "state", "m": 5, "next": [0, 3, 2, 4, 1], "period": 5, "recurrent_predicate": true, "state": [4, 2, 1, 3, 0], "tail": 0}
{"N": 5, "decoder": 1, "fibre": 1, "kind": "state", "m": 5, "next": [0, 3, 3, 4, 3], "period": 1, "recurrent_predicate": false, "state": [4, 2, 1, 3, 1], "tail": 5}
{"N": 5, "decoder": 0, "fibre": 0, "kind": "state", "m": 5, "next": [0, 4, 2, 4, 4], "period": 1, "recurrent_predicate": false, "state": [4, 2, 1, 3, 2], "tail": 8}
{"N": 5, "decoder": 0, "fibre": 0, "kind": "state", "m": 5, "next": [0, 3, 2, 0, 0], "period": 1, "recurrent_predicate": false, "state": [4, 2, 1, 3, 3], "tail": 4}
{"N": 5, "decoder": 0, "fibre": 0, "kind": "state", "m": 5, "next": [1, 3, 2, 4, 1], "period": 1, "recurrent_predicate": false, "state": [4, 2, 1, 3, 4], "tail": 6}
{"N": 5, "decoder": 1, "fibre": 1, "kind": "state", "m": 5, "next": [1, 3, 2, 1, 1], "period": 1, "recurrent_predicate": false, "state": [4, 2, 1, 4, 0], "tail": 5}
{"N": 5, "decoder": 1, "fibre": 1, "kind": "state", "m": 5, "next": [1, 3, 3, 1, 3], "period": 1, "recurrent_predicate": false, "state": [4, 2, 1, 4, 1], "tail": 4}
{"N": 5, "decoder": 0, "fibre": 0, "kind": "state", "m": 5, "next": [1, 4, 2, 1, 4], "period": 1, "recurrent_predicate": false, "state": [4, 2, 1, 4, 2], "tail": 5}
{"N": 5, "decoder": 0, "fibre": 0, "kind": "state", "m": 5, "next": [1, 3, 2, 1, 4], "period": 1, "recurrent_predicate": false, "state": [4, 2, 1, 4, 3], "tail": 6}
{"N": 5, "decoder": 3, "fibre": 3, "kind": "state", "m": 5, "next": [2, 3, 2, 2, 2], "period": 1, "recurrent_predicate": false, "state": [4, 2, 1, 4, 4], "tail": 3}
{"N": 5, "decoder": 0, "fibre": 0, "kind": "state", "m": 5, "next": [0, 4, 4, 2, 2], "period": 1, "recurrent_predicate": false, "state": [4, 2, 2, 0, 0], "tail": 5}
{"N": 5, "decoder": 0, "fibre": 0, "kind": "state", "m": 5, "next": [0, 4, 4, 1, 2], "period": 1, "recurrent_predicate": false, "state": [4, 2, 2, 0, 1], "tail": 6}
{"N": 5, "decoder": 3, "fibre": 3, "kind": "state", "m": 5, "next": [0, 0, 0, 1, 0], "period": 1, "recurrent_predicate": false, "state": [4, 2, 2, 0, 2], "tail": 3}
{"N": 5, "decoder": 1, "fibre": 1, "kind": "state", "m": 5, "next": [0, 4, 4, 1, 4], "period": 1, "recurrent_predicate": false, "state": [4, 2, 2, 0, 3], "tail": 5}
{"N": 5, "decoder": 1, "fibre": 1, "kind": "state", "m": 5, "next": [1, 4, 4, 1, 1], "period": 1, "recurrent_predicate": false, "state": [4, 2, 2, 0, 4], "tail": 4}
{"N": 5, "decoder": 0, "fibre": 0, "kind": "state", "m": 5, "next": [0, 4, 4, 2, 1], "period": 1, "recurrent_predicate": false, "state": [4, 2, 2, 1, 0], "tail": 6}
{"N": 5, "decoder": 1, "fibre": 1, "kind": "state", "m": 5, "next": [0, 4, 4, 3, 3], "period": 1, "recurrent_predicate": false, "state": [4, 2, 2, 1, 1], "tail": 6}
{"N": 5, "decoder": 1, "fibre": 1, "kind": "state", "m": 5, "next": [0, 0, 0, 2, 0], "period": 1, "recurrent_predicate": false, "state": [4, 2, 2, 1, 2], "tail": 5}
{"N": 5, "decoder": 0, "fibre": 0, "kind": "state", "m": 5, "next": [0, 4, 4, 2, 4], "period": 1, "recurrent_predicate": false, "state": [4, 2, 2, 1, 3], "tail": 8}
{"N": 5, "decoder": 0, "fibre": 0, "kind": "state", "m": 5, "next": [1, 4, 4, 2, 1], "period": 1, "recurrent_predicate": false, "state": [4, 2, 2, 1, 4], "tail": 5}
{"N": 5, "decoder": 3, "fibre": 3, "kind": "state", "m": 5, "next": [0, 0, 0, 0, 1], "period": 1, "recurrent_predicate": false, "state": [4, 2, 2, 2, 0], "tail": 3}
{"N": 5, "decoder": 1, "fibre": 1, "kind": "state", "m": 5, "next": [0, 0, 0, 0, 2], "period": 1, "recurrent_predicate": false, "state": [4, 2, 2, 2, 1], "tail": 5}
{"N": 5, "decoder": 4, "fibre": 4, "kind": "state", "m": 5, "next": [0, 1, 1, 1, 1], "period": 1, "recurrent_predicate": false, "state": [4, 2, 2, 2, 2], "tail": 4}
{"N": 5, "decoder": 4, "fibre": 4, "kind": "state", "m": 5, "next": [0, 0, 0, 0, 4], "period": 1, "recurrent_predicate": false, "state": [4, 2, 2, 2, 3], "tail": 4}
{"N": 5, "decoder": 4, "fibre": 4, "kind": "state", "m": 5, "next": [1, 0, 0, 0, 1], "period": 1, "recurrent_predicate": false, "state": [4, 2, 2, 2, 4], "tail": 2}
{"N": 5, "decoder": 1, "fibre": 1, "kind": "state", "m": 5, "next": [0, 4, 4, 4, 1], "period": 1, "recurrent_predicate": false, "state": [4, 2, 2, 3, 0], "tail": 5}
{"N": 5, "decoder": 0, "fibre": 0, "kind": "state", "m": 5, "next": [0, 4, 4, 4, 2], "period": 1, "recurrent_predicate": false, "state": [4, 2, 2, 3, 1], "tail": 8}
{"N": 5, "decoder": 4, "fibre": 4, "kind": "state", "m": 5, "next": [0, 0, 0, 4, 0], "period": 1, "recurrent_predicate": false, "state": [4, 2, 2, 3, 2], "tail": 4}
{"N": 5, "decoder": 1, "fibre": 1, "kind": "state", "m": 5, "next": [0, 4, 4, 0, 0], "period": 1, "recurrent_predicate": false, "state": [4, 2, 2, 3, 3], "tail": 5}
{"N": 5, "decoder": 0, "fibre": 0, "kind": "state", "m": 5, "next": [1, 4, 4, 4, 1], "period": 1, "recurrent_predicate": false, "state": [4, 2, 2, 3, 4], "tail": 3}
{"N": 5, "decoder": 1, "fibre": 1, "kind": "state", "m": 5, "next": [1, 4, 4, 1, 1], "period": 1, "recurrent_predicate": false, "state": [4, 2, 2, 4, 0], "tail": 4}
{"N": 5, "decoder": 0, "fibre": 0, "kind": "state", "m": 5, "next": [1, 4, 4, 1, 2], "period": 1, "recurrent_predicate": false, "state": [4, 2, 2, 4, 1], "tail": 5}
{"N": 5, "decoder": 4, "fibre": 4, "kind": "state", "m": 5, "next": [1, 0, 0, 1, 0], "period": 1, "recurrent_predicate": false, "state": [4, 2, 2, 4, 2], "tail": 2}
{"N": 5, "decoder": 0, "fibre": 0, "kind": "state", "m": 5, "next": [1, 4, 4, 1, 4], "period": 1, "recurrent_predicate": false, "state": [4, 2, 2, 4, 3], "tail": 3}
{"N": 5, "decoder": 4, "fibre": 4, "kind": "state", "m": 5, "next": [2, 4, 4, 2, 2], "period": 1, "recurrent_predicate": false, "state": [4, 2, 2, 4, 4], "tail": 3}
{"N": 5, "decoder": 0, "fibre": 0, "kind": "state", "m": 5, "next": [0, 3, 4, 2, 2], "period": 1, "recurrent_predicate": false, "state": [4, 2, 3, 0, 0], "tail": 6}
{"N": 5, "decoder": 1, "fibre": 1, "kind": "state", "m": 5, "next": [0, 3, 4, 1, 2], "period": 5, "recurrent_predicate": true, "state": [4, 2, 3, 0, 1], "tail": 0}
{"N": 5, "decoder": 1, "fibre": 1, "kind": "state", "m": 5, "next": [0, 4, 4, 1, 4], "period": 1, "recurrent_predicate": false, "state": [4, 2, 3, 0, 2], "tail": 5}
{"N": 5, "decoder": 0, "fibre": 0, "kind": "state", "m": 5, "next": [0, 3, 0, 1, 0], "period": 1, "recurrent_predicate": false, "state": [4, 2, 3, 0, 3], "tail": 8}
{"N": 5, "decoder": 0, "fibre": 0, "kind": "state", "m": 5, "next": [1, 3, 4, 1, 1], "period": 1, "recurrent_predicate": false, "state": [4, 2, 3, 0, 4], "tail": 4}
{"N": 5, "decoder": 1, "fibre": 1, "kind": "state", "m": 5, "next": [0, 3, 4, 2, 1], "period": 5, "recurrent_predicate": true, "state": [4, 2, 3, 1, 0], "tail": 0}
{"N": 5, "decoder": 1, "fibre": 1, "kind": "state", "m": 5, "next": [0, 3, 4, 3, 3], "period": 1, "recurrent_predicate": false, "state": [4, 2, 3, 1, 1], "tail": 5}
{"N": 5, "decoder": 0, "fibre": 0, "kind": "state", "m": 5, "next": [0, 4, 4, 2, 4], "period": 1, "recurrent_predicate": false, "state": [4, 2, 3, 1, 2], "tail": 8}
{"N": 5, "decoder": 0, "fibre": 0, "kind": "state", "m": 5, "next": [0, 3, 0, 2, 0], "period": 1, "recurrent_predicate": false, "state": [4, 2, 3, 1, 3], "tail": 4}
{"N": 5, "decoder": 0, "fibre": 0, "kind": "state", "m": 5, "next": [1, 3, 4, 2, 1], "period": 1, "recurrent_predicate": false, "state": [4, 2, 3, 1, 4], "tail": 6}
{"N": 5, "decoder": 1, "fibre": 1, "kind": "state", "m": 5, "next": [0, 4, 4, 4, 1], "period": 1, "recurrent_predicate": false, "state": [4, 2, 3, 2, 0], "tail": 5}
{"N": 5, "decoder": 0, "fibre": 0, "kind": "state", "m": 5, "next": [0, 4, 4, 4, 2], "period": 1, "recurrent_predicate": false, "state": [4, 2, 3, 2, 1], "tail": 8}
{"N": 5, "decoder": 4, "fibre": 4, "kind": "state", "m": 5, "next": [0, 0, 4, 0, 0], "period": 1, "recurrent_predicate": false, "state": [4, 2, 3, 2, 2], "tail": 4}
{"N": 5, "decoder": 1, "fibre": 1, "kind": "state", "m": 5, "next": [0, 4, 0, 4, 0], "period": 1, "recurrent_predicate": false, "state": [4, 2, 3, 2, 3], "tail": 5}
{"N": 5, "decoder": 0, "fibre": 0, "kind": "state", "m": 5, "next": [1, 4, 4, 4, 1], "period": 1, "recurrent_predicate": false, "state": [4, 2, 3, 2, 4], "tail": 3}
{"N": 5, "decoder": 0, "fibre": 0, "kind": "state", "m": 5, "next": [0, 3, 0, 0, 1], "period": 1, "recurrent_predicate": false, "state": [4, 2, 3, 3, 0], "tail": 8}
{"N": 5, "decoder": 0, "fibre": 0, "kind": "state", "m": 5, "next": [0, 3, 0, 0, 2], "period": 1, "recurrent_predicate": false, "state": [4, 2, 3, 3, 1], "tail": 4}
{"N": 5, "decoder": 1, "fibre": 1, "kind": "state", "m": 5, "next": [0, 4, 0, 0, 4], "period": 1, "recurrent_predicate": false, "state": [4, 2, 3, 3, 2], "tail": 5}
{"N": 5, "decoder": 1, "fibre": 1, "kind": "state", "m": 5, "next": [0, 3, 1, 1, 1], "period": 1, "recurrent_predicate": false, "state": [4, 2, 3, 3, 3], "tail": 6}
{"N": 5, "decoder": 0, "fibre": 0, "kind": "state", "m": 5, "next": [1, 3, 0, 0, 1], "period": 1, "recurrent_predicate": false, "state": [4, 2, 3, 3, 4], "tail": 7}
{"N": 5, "decoder": 0, "fibre": 0, "kind": "state", "m": 5, "next": [1, 3, 4, 1, 1], "period": 1, "recurrent_predicate": false, "state": [4, 2, 3, 4, 0], "tail": 4}
{"N": 5, "decoder": 0, "fibre": 0, "kind": "state", "m": 5, "next": [1, 3, 4, 1, 2], "period": 1, "recurrent_predicate": false, "state": [4, 2, 3, 4, 1], "tail": 6}
{"N": 5, "decoder": 0, "fibre": 0, "kind": "state", "m": 5, "next": [1, 4, 4, 1, 4], "period": 1, "recurrent_predicate": false, "state": [4, 2, 3, 4, 2], "tail": 3}
{"N": 5, "decoder": 0, "fibre": 0, "kind": "state", "m": 5, "next": [1, 3, 0, 1, 0], "period": 1, "recurrent_predicate": false, "state": [4, 2, 3, 4, 3], "tail": 7}
{"N": 5, "decoder": 0, "fibre": 0, "kind": "state", "m": 5, "next": [2, 3, 4, 2, 2], "period": 1, "recurrent_predicate": false, "state": [4, 2, 3, 4, 4], "tail": 5}
{"N": 5, "decoder": 1, "fibre": 1, "kind": "state", "m": 5, "next": [1, 3, 1, 2, 2], "period": 1, "recurrent_predicate": false, "state": [4, 2, 4, 0, 0], "tail": 6}
{"N": 5, "decoder": 1, "fibre": 1, "kind": "state", "m": 5, "next": [1, 3, 1, 1, 2], "period": 1, "recurrent_predicate": false, "state": [4, 2, 4, 0, 1], "tail": 5}
{"N": 5, "decoder": 1, "fibre": 1, "kind": "state", "m": 5, "next": [1, 4, 1, 1, 4], "period": 1, "recurrent_predicate": false, "state": [4, 2, 4, 0, 2], "tail": 4}
{"N": 5, "decoder": 0, "fibre": 0, "kind": "state", "m": 5, "next": [1, 3, 1, 1, 4], "period": 1, "recurrent_predicate": false, "state": [4, 2, 4, 0, 3], "tail": 4}
{"N": 5, "decoder": 3, "fibre": 3, "kind": "state", "m": 5, "next": [2, 3, 2, 1, 2], "period": 1, "recurrent_predicate": false, "state": [4, 2, 4, 0, 4], "tail": 7}
{"N": 5, "decoder": 1, "fibre": 1, "kind": "state", "m": 5, "next": [1, 3, 1, 2, 1], "period": 1, "recurrent_predicate": false, "state": [4, 2, 4, 1, 0], "tail": 5}
{"N": 5, "decoder": 1, "fibre": 1, "kind": "state", "m": 5, "next": [1, 3, 1, 3, 3], "period": 1, "recurrent_predicate": false, "state": [4, 2, 4, 1, 1], "tail": 4}
{"N": 5, "decoder": 0, "fibre": 0, "kind": "state", "m": 5, "next": [1, 4, 1, 2, 4], "period": 1, "recurrent_predicate": false, "state": [4, 2, 4, 1, 2], "tail": 5}
{"N": 5, "decoder": 0, "fibre": 0, "kind": "state", "m": 5, "next": [1, 3, 1, 2, 4], "period": 1, "recurrent_predicate": false, "state": [4, 2, 4, 1, 3], "tail": 6}
{"N": 5, "decoder": 3, "fibre": 3, "kind": "state", "m": 5, "next": [2, 3, 2, 2, 2], "period": 1, "recurrent_predicate": false, "state": [4, 2, 4, 1, 4], "tail": 3}
{"N": 5, "decoder": 1, "fibre": 1, "kind": "state", "m": 5, "next": [1, 4, 1, 4, 1], "period": 1, "recurrent_predicate": false, "state": [4, 2, 4, 2, 0], "tail": 4}
{"N": 5, "decoder": 0, "fibre": 0, "kind": "state", "m": 5, "next": [1, 4, 1, 4, 2], "period": 1, "recurrent_predicate": false, "state": [4, 2, 4, 2, 1], "tail": 5}
{"N": 5, "decoder": 4, "fibre": 4, "kind": "state", "m": 5, "next": [1, 0, 1, 0, 0], "period": 1, "recurrent_predicate": false, "state": [4, 2, 4, 2, 2], "tail": 2}
{"N": 5, "decoder": 0, "fibre": 0, "kind": "state", "m": 5, "next": [1, 4, 1, 4, 4], "period": 1, "recurrent_predicate": false, "state": [4, 2, 4, 2, 3], "tail": 3}
{"N": 5, "decoder": 4, "fibre": 4, "kind": "state", "m": 5, "next": [2, 4, 2, 4, 2], "period": 1, "recurrent_predicate": false, "state": [4, 2, 4, 2, 4], "tail": 3}
{"N": 5, "decoder": 0, "fibre": 0, "kind": "state", "m": 5, "next": [1, 3, 1, 4, 1], "period": 1, "recurrent_predicate": false, "state": [4, 2, 4, 3, 0], "tail": 4}
{"N": 5, "decoder": 0, "fibre": 0, "kind": "state", "m": 5, "next": [1, 3, 1, 4, 2], "period": 1, "recurrent_predicate": false, "state": [4, 2, 4, 3, 1], "tail": 6}
{"N": 5, "decoder": 0, "fibre": 0, "kind": "state", "m": 5, "next": [1, 4, 1, 4, 4], "period": 1, "recurrent_predicate": false, "state": [4, 2, 4, 3, 2], "tail": 3}
{"N": 5, "decoder": 0, "fibre": 0, "kind": "state", "m": 5, "next": [1, 3, 1, 0, 0], "period": 1, "recurrent_predicate": false, "state": [4, 2, 4, 3, 3], "tail": 7}
{"N": 5, "decoder": 0, "fibre": 0, "kind": "state", "m": 5, "next": [2, 3, 2, 4, 2], "period": 1, "recurrent_predicate": false, "state": [4, 2, 4, 3, 4], "tail": 5}
{"N": 5, "decoder": 3, "fibre": 3, "kind": "state", "m": 5, "next": [2, 3, 2, 2, 1], "period": 1, "recurrent_predicate": false, "state": [4, 2, 4, 4, 0], "tail": 7}
{"N": 5, "decoder": 3, "fibre": 3, "kind": "state", "m": 5, "next": [2, 3, 2, 2, 2], "period": 1, "recurrent_predicate": false, "state": [4, 2, 4, 4, 1], "tail": 3}
{"N": 5, "decoder": 4, "fibre": 4, "kind": "state", "m": 5, "next": [2, 4, 2, 2, 4], "period": 1, "recurrent_predicate": false, "state": [4, 2, 4, 4, 2], "tail": 3}
{"N": 5, "decoder": 0, "fibre": 0, "kind": "state", "m": 5, "next": [2, 3, 2, 2, 4], "period": 1, "recurrent_predicate": false, "state": [4, 2, 4, 4, 3], "tail": 5}
{"N": 5, "decoder": 1, "fibre": 1, "kind": "state", "m": 5, "next": [3, 3, 3, 3, 3], "period": 1, "recurrent_predicate": false, "state": [4, 2, 4, 4, 4], "tail": 1}
{"N": 5, "decoder": 0, "fibre": 0, "kind": "state", "m": 5, "next": [0, 4, 3, 3, 3], "period": 1, "recurrent_predicate": false, "state": [4, 3, 0, 0, 0], "tail": 5}
{"N": 5, "decoder": 0, "fibre": 0, "kind": "state", "m": 5, "next": [0, 4, 2, 2, 2], "period": 1, "recurrent_predicate": false, "state": [4, 3, 0, 0, 1], "tail": 4}
{"N": 5, "decoder": 0, "fibre": 0, "kind": "state", "m": 5, "next": [0, 4, 2, 2, 3], "period": 1, "recurrent_predicate": false, "state": [4, 3, 0, 0, 2], "tail": 6}
{"N": 5, "decoder": 0, "fibre": 0, "kind": "state", "m": 5, "next": [0, 0, 2, 2, 0], "period": 1, "recurrent_predicate": false, "state": [4, 3, 0, 0, 3], "tail": 3}
{"N": 5, "decoder": 0, "fibre": 0, "kind": "state", "m": 5, "next": [1, 4, 2, 2, 1], "period": 1, "recurrent_predicate": false, "state": [4, 3, 0, 0, 4], "tail": 7}
{"N": 5, "decoder": 0, "fibre": 0, "kind": "state", "m": 5, "next": [0, 4, 2, 2, 2], "period": 1, "recurrent_predicate": false, "state": [4, 3, 0, 1, 0], "tail": 4}
{"N": 5, "decoder": 0, "fibre": 0, "kind": "state", "m": 5, "next": [0, 4, 1, 3, 3], "period": 1, "recurrent_predicate": false, "state": [4, 3, 0, 1, 1], "tail": 6}
{"N": 5, "decoder": 1, "fibre": 1, "kind": "state", "m": 5, "next": [0, 4, 1, 2, 3], "period": 5, "recurrent_predicate": true, "state": [4, 3, 0, 1, 2], "tail": 0}
{"N": 5, "decoder": 1, "fibre": 1, "kind": "state", "m": 5, "next": [0, 0, 1, 2, 0], "period": 1, "recurrent_predicate": false, "state": [4, 3, 0, 1, 3], "tail": 5}
{"N": 5, "decoder": 0, "fibre": 0, "kind": "state", "m": 5, "next": [1, 4, 1, 2, 1], "period": 1, "recurrent_predicate": false, "state": [4, 3, 0, 1, 4], "tail": 8}
{"N": 5, "decoder": 0, "fibre": 0, "kind": "state", "m": 5, "next": [0, 4, 2, 3, 2], "period": 1, "recurrent_predicate": false, "state": [4, 3, 0, 2, 0], "tail": 6}
{"N": 5, "decoder": 1, "fibre": 1, "kind": "state", "m": 5, "next": [0, 4, 1, 3, 2], "period": 5, "recurrent_predicate": true, "state": [4, 3, 0, 2, 1], "tail": 0}
{"N": 5, "decoder": 1, "fibre": 1, "kind": "state", "m": 5, "next": [0, 4, 1, 4, 4], "period": 1, "recurrent_predicate": false, "state": [4, 3, 0, 2, 2], "tail": 5}
{"N": 5, "decoder": 0, "fibre": 0, "kind": "state", "m": 5, "next": [0, 0, 1, 3, 0], "period": 1, "recurrent_predicate": false, "state": [4, 3, 0, 2, 3], "tail": 8}
{"N": 5, "decoder": 0, "fibre": 0, "kind": "state", "m": 5, "next": [1, 4, 1, 3, 1], "period": 1, "recurrent_predicate": false, "state": [4, 3, 0, 2, 4], "tail": 4}
{"N": 5, "decoder": 0, "fibre": 0, "kind": "state", "m": 5, "next": [0, 0, 2, 0, 2], "period": 1, "recurrent_predicate": false, "state": [4, 3, 0, 3, 0], "tail": 3}
{"N": 5, "decoder": 1, "fibre": 1, "kind": "state", "m": 5, "next": [0, 0, 1, 0, 2], "period": 1, "recurrent_predicate": false, "state": [4, 3, 0, 3, 1], "tail": 5}
{"N": 5, "decoder": 0, "fibre": 0, "kind": "state", "m": 5, "next": [0, 0, 1, 0, 3], "period": 1, "recurrent_predicate": false, "state": [4, 3, 0, 3, 2], "tail": 8}
{"N": 5, "decoder": 4, "fibre": 4, "kind": "state", "m": 5, "next": [0, 1, 1, 1, 1], "period": 1, "recurrent_predicate": false, "state": [4, 3, 0, 3, 3], "tail": 4}
{"N": 5, "decoder": 1, "fibre": 1, "kind": "state", "m": 5, "next": [1, 0, 1, 0, 1], "period": 1, "recurrent_predicate": false, "state": [4, 3, 0, 3, 4], "tail": 5}
{"N": 5, "decoder": 0, "fibre": 0, "kind": "state", "m": 5, "next": [1, 4, 2, 1, 2], "period": 1, "recurrent_predicate": false, "state": [4, 3, 0, 4, 0], "tail": 7}
{"N": 5, "decoder": 0, "fibre": 0, "kind": "state", "m": 5, "next": [1, 4, 1, 1, 2], "period": 1, "recurrent_predicate": false, "state": [4, 3, 0, 4, 1], "tail": 8}
{"N": 5, "decoder": 0, "fibre": 0, "kind": "state", "m": 5, "next": [1, 4, 1, 1, 3], "period": 1, "recurrent_predicate": false, "state": [4, 3, 0, 4, 2], "tail": 4}
{"N": 5, "decoder": 1, "fibre": 1, "kind": "state", "m": 5, "next": [1, 0, 1, 1, 0], "period": 1, "recurrent_predicate": false, "state": [4, 3, 0, 4, 3], "tail": 5}
{"N": 5, "decoder": 1, "fibre": 1, "kind": "state", "m": 5, "next": [2, 4, 1, 2, 2], "period": 1, "recurrent_predicate": false, "state": [4, 3, 0, 4, 4], "tail": 6}
{"N": 5, "decoder": 0, "fibre": 0, "kind": "state", "m": 5, "next": [0, 4, 2, 2, 2], "period": 1, "recurrent_predicate": false, "state": [4, 3, 1, 0, 0], "tail": 4}
{"N": 5, "decoder": 0, "fibre": 0, "kind": "state", "m": 5, "next": [0, 4, 3, 1, 3], "period": 1, "recurrent_predicate": false, "state": [4, 3, 1, 0, 1], "tail": 6}
{"N": 5, "decoder": 1, "fibre": 1, "kind": "state", "m": 5, "next": [0, 4, 2, 1, 3], "period": 5, "recurrent_predicate": true, "state": [4, 3, 1, 0, 2], "tail": 0}
{"N": 5, "decoder": 1, "fibre": 1, "kind": "state", "m": 5, "next": [0, 0, 2, 1, 0], "period": 1, "recurrent_predicate": false, "state": [4, 3, 1, 0, 3], "tail": 5}
{"N": 5, "decoder": 0, "fibre": 0, "kind": "state", "m": 5, "next": [1, 4, 2, 1, 1], "period": 1, "recurrent_predicate": false, "state": [4, 3, 1, 0, 4], "tail": 8}
{"N": 5, "decoder": 0, "fibre": 0, "kind": "state", "m": 5, "next": [0, 4, 3, 3, 1], "period": 1, "recurrent_predicate": false, "state": [4, 3, 1, 1, 0], "tail": 6}
{"N": 5, "decoder": 3, "fibre": 3, "kind": "state", "m": 5, "next": [0, 4, 4, 4, 4], "period": 1, "recurrent_predicate": false, "state": [4, 3, 1, 1, 1], "tail": 3}
{"N": 5, "decoder": 1, "fibre": 1, "kind": "state", "m": 5, "next": [0, 4, 3, 3, 3], "period": 1, "recurrent_predicate": false, "state": [4, 3, 1, 1, 2], "tail": 5}
{"N": 5, "decoder": 1, "fibre": 1, "kind": "state", "m": 5, "next": [0, 0, 3, 3, 0], "period": 1, "recurrent_predicate": false, "state": [4, 3, 1, 1, 3], "tail": 4}
{"N": 5, "decoder": 0, "fibre": 0, "kind": "state", "m": 5, "next": [1, 4, 3, 3, 1], "period": 1, "recurrent_predicate": false, "state": [4, 3, 1, 1, 4], "tail": 5}
{"N": 5, "decoder": 1, "fibre": 1, "kind": "state", "m": 5, "next": [0, 4, 2, 3, 1], "period": 5, "recurrent_predicate": true, "state": [4, 3, 1, 2, 0], "tail": 0}
{"N": 5, "decoder": 1, "fibre": 1, "kind": "state", "m": 5, "next": [0, 4, 3, 3, 3], "period": 1, "recurrent_predicate": false, "state": [4, 3, 1, 2, 1], "tail": 5}
{"N": 5, "decoder": 0, "fibre": 0, "kind": "state", "m": 5, "next": [0, 4, 2, 4, 4], "period": 1, "recurrent_predicate": false, "state": [4, 3, 1, 2, 2], "tail": 8}
{"N": 5, "decoder": 0, "fibre": 0, "kind": "state", "m": 5, "next": [0, 0, 2, 3, 0], "period": 1, "recurrent_predicate": false, "state": [4, 3, 1, 2, 3], "tail": 4}
{"N": 5, "decoder": 0, "fibre": 0, "kind": "state", "m": 5, "next": [1, 4, 2, 3, 1], "period": 1, "recurrent_predicate": false, "state": [4, 3, 1, 2, 4], "tail": 6}
{"N": 5, "decoder": 1, "fibre": 1, "kind": "state", "m": 5, "next": [0, 0, 2, 0, 1], "period": 1, "recurrent_predicate": false, "state": [4, 3, 1, 3, 0], "tail": 5}
{"N": 5, "decoder": 1, "fibre": 1, "kind": "state", "m": 5, "next": [0, 0, 3, 0, 3], "period": 1, "recurrent_predicate": false, "state": [4, 3, 1, 3, 1], "tail": 4}
{"N": 5, "decoder": 0, "fibre": 0, "kind": "state", "m": 5, "next": [0, 0, 2, 0, 3], "period": 1, "recurrent_predicate": false, "state": [4, 3, 1, 3, 2], "tail": 4}
{"N": 5, "decoder": 3, "fibre": 3, "kind": "state", "m": 5, "next": [0, 1, 2, 1, 1], "period": 1, "recurrent_predicate": false, "state": [4, 3, 1, 3, 3], "tail": 7}
{"N": 5, "decoder": 1, "fibre": 1, "kind": "state", "m": 5, "next": [1, 0, 2, 0, 1], "period": 1, "recurrent_predicate": false, "state": [4, 3, 1, 3, 4], "tail": 6}
{"N": 5, "decoder": 0, "fibre": 0, "kind": "state", "m": 5, "next": [1, 4, 2, 1, 1], "period": 1, "recurrent_predicate": false, "state": [4, 3, 1, 4, 0], "tail": 8}
{"N": 5, "decoder": 0, "fibre": 0, "kind": "state", "m": 5, "next": [1, 4, 3, 1, 3], "period": 1, "recurrent_predicate": false, "state": [4, 3, 1, 4, 1], "tail": 5}
{"N": 5, "decoder": 0, "fibre": 0, "kind": "state", "m": 5, "next": [1, 4, 2, 1, 3], "period": 1, "recurrent_predicate": false, "state": [4, 3, 1, 4, 2], "tail": 6}
{"N": 5, "decoder": 1, "fibre": 1, "kind": "state", "m": 5, "next": [1, 0, 2, 1, 0], "period": 1, "recurrent_predicate": false, "state": [4, 3, 1, 4, 3], "tail": 6}
{"N": 5, "decoder": 1, "fibre": 1, "kind": "state", "m": 5, "next": [2, 4, 2, 2, 2], "period": 1, "recurrent_predicate": false, "state": [4, 3, 1, 4, 4], "tail": 5}
{"N": 5, "decoder": 0, "fibre": 0, "kind": "state", "m": 5, "next": [0, 4, 3, 2, 2], "period": 1, "recurrent_predicate": false, "state": [4, 3, 2, 0, 0], "tail": 6}
{"N": 5, "decoder": 1, "fibre": 1, "kind": "state", "m": 5, "next": [0, 4, 3, 1, 2], "period": 5, "recurrent_predicate": true, "state": [4, 3, 2, 0, 1], "tail": 0}
{"N": 5, "decoder": 1, "fibre": 1, "kind": "state", "m": 5, "next": [0, 4, 4, 1, 4], "period": 1, "recurrent_predicate": false, "state": [4, 3, 2, 0, 2], "tail": 5}
{"N": 5, "decoder": 0, "fibre": 0, "kind": "state", "m": 5, "next": [0, 0, 3, 1, 0], "period": 1, "recurrent_predicate": false, "state": [4, 3, 2, 0, 3], "tail": 8}
{"N": 5, "decoder": 0, "fibre": 0, "kind": "state", "m": 5, "next": [1, 4, 3, 1, 1], "period": 1, "recurrent_predicate": false, "state": [4, 3, 2, 0, 4], "tail": 4}
{"N": 5, "decoder": 1, "fibre": 1, "kind": "state", "m": 5, "next": [0, 4, 3, 2, 1], "period": 5, "recurrent_predicate": true, "state": [4, 3, 2, 1, 0], "tail": 0}
{"N": 5, "decoder": 1, "fibre": 1, "kind": "state", "m": 5, "next": [0, 4, 3, 3, 3], "period": 1, "recurrent_predicate": false, "state": [4, 3, 2, 1, 1], "tail": 5}
{"N": 5, "decoder": 0, "fibre": 0, "kind": "state", "m": 5, "next": [0, 4, 4, 2, 4], "period": 1, "recurrent_predicate": false, "state": [4, 3, 2, 1, 2], "tail": 8}
{"N": 5, "decoder": 0, "fibre": 0, "kind": "state", "m": 5, "next": [0, 0, 3, 2, 0], "period": 1, "recurrent_predicate": false, "state": [4, 3, 2, 1, 3], "tail": 4}
{"N": 5, "decoder": 0, "fibre": 0, "kind": "state", "m": 5, "next": [1, 4, 3, 2, 1], "period": 1, "recurrent_predicate": false, "state": [4, 3, 2, 1, 4], "tail": 6}
{"N": 5, "decoder": 1, "fibre": 1, "kind": "state", "m": 5, "next": [0, 4, 4, 4, 1], "period": 1, "recurrent_predicate": false, "state": [4, 3, 2, 2, 0], "tail": 5}
{"N": 5, "decoder": 0, "fibre": 0, "kind": "state", "m": 5, "next": [0, 4, 4, 4, 2], "period": 1, "recurrent_predicate": false, "state": [4, 3, 2, 2, 1], "tail": 8}
{"N": 5, "decoder": 4, "fibre": 4, "kind": "state", "m": 5, "next": [0, 4, 0, 0, 0], "period": 1, "recurrent_predicate": false, "state": [4, 3, 2, 2, 2], "tail": 4}
{"N": 5, "decoder": 1, "fibre": 1, "kind": "state", "m": 5, "next": [0, 0, 4, 4, 0], "period": 1, "recurrent_predicate": false, "state": [4, 3, 2, 2, 3], "tail": 5}
{"N": 5, "decoder": 0, "fibre": 0, "kind": "state", "m": 5, "next": [1, 4, 4, 4, 1], "period": 1, "recurrent_predicate": false, "state": [4, 3, 2, 2, 4], "tail": 3}
{"N": 5, "decoder": 0, "fibre": 0, "kind": "state", "m": 5, "next": [0, 0, 3, 0, 1], "period": 1, "recurrent_predicate": false, "state": [4, 3, 2, 3, 0], "tail": 8}
{"N": 5, "decoder": 0, "fibre": 0, "kind": "state", "m": 5, "next": [0, 0, 3, 0, 2], "period": 1, "recurrent_predicate": false, "state": [4, 3, 2, 3, 1], "tail": 4}
{"N": 5, "decoder": 1, "fibre": 1, "kind": "state", "m": 5, "next": [0, 0, 4, 0, 4], "period": 1, "recurrent_predicate": false, "state": [4, 3, 2, 3, 2], "tail": 5}
{"N": 5, "decoder": 1, "fibre": 1, "kind": "state", "m": 5, "next": [0, 1, 3, 1, 1], "period": 1, "recurrent_predicate": false, "state": [4, 3, 2, 3, 3], "tail": 6}
{"N": 5, "decoder": 0, "fibre": 0, "kind": "state", "m": 5, "next": [1, 0, 3, 0, 1], "period": 1, "recurrent_predicate": false, "state": [4, 3, 2, 3, 4], "tail": 7}
{"N": 5, "decoder": 0, "fibre": 0, "kind": "state", "m": 5, "next": [1, 4, 3, 1, 1], "period": 1, "recurrent_predicate": false, "state": [4, 3, 2, 4, 0], "tail": 4}
{"N": 5, "decoder": 0, "fibre": 0, "kind": "state", "m": 5, "next": [1, 4, 3, 1, 2], "period": 1, "recurrent_predicate": false, "state": [4, 3, 2, 4, 1], "tail": 6}
{"N": 5, "decoder": 0, "fibre": 0, "kind": "state", "m": 5, "next": [1, 4, 4, 1, 4], "period": 1, "recurrent_predicate": false, "state": [4, 3, 2, 4, 2], "tail": 3}
{"N": 5, "decoder": 0, "fibre": 0, "kind": "state", "m": 5, "next": [1, 0, 3, 1, 0], "period": 1, "recurrent_predicate": false, "state": [4, 3, 2, 4, 3], "tail": 7}
{"N": 5, "decoder": 0, "fibre": 0, "kind": "state", "m": 5, "next": [2, 4, 3, 2, 2], "period": 1, "recurrent_predicate": false, "state": [4, 3, 2, 4, 4], "tail": 5}
{"N": 5, "decoder": 0, "fibre": 0, "kind": "state", "m": 5, "next": [0, 0, 0, 2, 2], "period": 1, "recurrent_predicate": false, "state": [4, 3, 3, 0, 0], "tail": 3}
{"N": 5, "decoder": 1, "fibre": 1, "kind": "state", "m": 5, "next": [0, 0, 0, 1, 2], "period": 1, "recurrent_predicate": false, "state": [4, 3, 3, 0, 1], "tail": 5}
{"N": 5, "decoder": 0, "fibre": 0, "kind": "state", "m": 5, "next": [0, 0, 0, 1, 3], "period": 1, "recurrent_predicate": false, "state": [4, 3, 3, 0, 2], "tail": 8}
{"N": 5, "decoder": 4, "fibre": 4, "kind": "state", "m": 5, "next": [0, 1, 1, 1, 1], "period": 1, "recurrent_predicate": false, "state": [4, 3, 3, 0, 3], "tail": 4}
{"N": 5, "decoder": 1, "fibre": 1, "kind": "state", "m": 5, "next": [1, 0, 0, 1, 1], "period": 1, "recurrent_predicate": false, "state": [4, 3, 3, 0, 4], "tail": 5}
{"N": 5, "decoder": 1, "fibre": 1, "kind": "state", "m": 5, "next": [0, 0, 0, 2, 1], "period": 1, "recurrent_predicate": false, "state": [4, 3, 3, 1, 0], "tail": 5}
{"N": 5, "decoder": 1, "fibre": 1, "kind": "state", "m": 5, "next": [0, 0, 0, 3, 3], "period": 1, "recurrent_predicate": false, "state": [4, 3, 3, 1, 1], "tail": 4}
{"N": 5, "decoder": 0, "fibre": 0, "kind": "state", "m": 5, "next": [0, 0, 0, 2, 3], "period": 1, "recurrent_predicate": false, "state": [4, 3, 3, 1, 2], "tail": 4}
{"N": 5, "decoder": 3, "fibre": 3, "kind": "state", "m": 5, "next": [0, 1, 1, 2, 1], "period": 1, "recurrent_predicate": false, "state": [4, 3, 3, 1, 3], "tail": 7}
{"N": 5, "decoder": 1, "fibre": 1, "kind": "state", "m": 5, "next": [1, 0, 0, 2, 1], "period": 1, "recurrent_predicate": false, "state": [4, 3, 3, 1, 4], "tail": 6}
{"N": 5, "decoder": 0, "fibre": 0, "kind": "state", "m": 5, "next": [0, 0, 0, 3, 1], "period": 1, "recurrent_predicate": false, "state": [4, 3, 3, 2, 0], "tail": 8}
{"N": 5, "decoder": 0, "fibre": 0, "kind": "state", "m": 5, "next": [0, 0, 0, 3, 2], "period": 1, "recurrent_predicate": false, "state": [4, 3, 3, 2, 1], "tail": 4}
{"N": 5, "decoder": 1, "fibre": 1, "kind": "state", "m": 5, "next": [0, 0, 0, 4, 4], "period": 1, "recurrent_predicate": false, "state": [4, 3, 3, 2, 2], "tail": 5}
{"N": 5, "decoder": 1, "fibre": 1, "kind": "state", "m": 5, "next": [0, 1, 1, 3, 1], "period": 1, "recurrent_predicate": false, "state": [4, 3, 3, 2, 3], "tail": 6}
{"N": 5, "decoder": 0, "fibre": 0, "kind": "state", "m": 5, "next": [1, 0, 0, 3, 1], "period": 1, "recurrent_predicate": false, "state": [4, 3, 3, 2, 4], "tail": 7}
{"N": 5, "decoder": 4, "fibre": 4, "kind": "state", "m": 5, "next": [0, 1, 1, 1, 1], "period": 1, "recurrent_predicate": false, "state": [4, 3, 3, 3, 0], "tail": 4}
{"N": 5, "decoder": 3, "fibre": 3, "kind": "state", "m": 5, "next": [0, 1, 1, 1, 2], "period": 1, "recurrent_predicate": false, "state": [4, 3, 3, 3, 1], "tail": 7}
{"N": 5, "decoder": 1, "fibre": 1, "kind": "state", "m": 5, "next": [0, 1, 1, 1, 3], "period": 1, "recurrent_predicate": false, "state": [4, 3, 3, 3, 2], "tail": 6}
{"N": 5, "decoder": 5, "fibre": 5, "kind": "state", "m": 5, "next": [0, 2, 2, 2, 2], "period": 1, "recurrent_predicate": false, "state": [4, 3, 3, 3, 3], "tail": 2}
{"N": 5, "decoder": 1, "fibre": 1, "kind": "state", "m": 5, "next": [1, 1, 1, 1, 1], "period": 1, "recurrent_predicate": false, "state": [4, 3, 3, 3, 4], "tail": 1}
{"N": 5, "decoder": 1, "fibre": 1, "kind": "state", "m": 5, "next": [1, 0, 0, 1, 1], "period": 1, "recurrent_predicate": false, "state": [4, 3, 3, 4, 0], "tail": 5}
{"N": 5, "decoder": 1, "fibre": 1, "kind": "state", "m": 5, "next": [1, 0, 0, 1, 2], "period": 1, "recurrent_predicate": false, "state": [4, 3, 3, 4, 1], "tail": 6}
{"N": 5, "decoder": 0, "fibre": 0, "kind": "state", "m": 5, "next": [1, 0, 0, 1, 3], "period": 1, "recurrent_predicate": false, "state": [4, 3, 3, 4, 2], "tail": 7}
{"N": 5, "decoder": 1, "fibre": 1, "kind": "state", "m": 5, "next": [1, 1, 1, 1, 1], "period": 1, "recurrent_predicate": false, "state": [4, 3, 3, 4, 3], "tail": 1}
{"N": 5, "decoder": 3, "fibre": 3, "kind": "state", "m": 5, "next": [2, 0, 0, 2, 2], "period": 1, "recurrent_predicate": false, "state": [4, 3, 3, 4, 4], "tail": 4}
{"N": 5, "decoder": 0, "fibre": 0, "kind": "state", "m": 5, "next": [1, 4, 1, 2, 2], "period": 1, "recurrent_predicate": false, "state": [4, 3, 4, 0, 0], "tail": 7}
{"N": 5, "decoder": 0, "fibre": 0, "kind": "state", "m": 5, "next": [1, 4, 1, 1, 2], "period": 1, "recurrent_predicate": false, "state": [4, 3, 4, 0, 1], "tail": 8}
{"N": 5, "decoder": 0, "fibre": 0, "kind": "state", "m": 5, "next": [1, 4, 1, 1, 3], "period": 1, "recurrent_predicate": false, "state": [4, 3, 4, 0, 2], "tail": 4}
{"N": 5, "decoder": 1, "fibre": 1, "kind": "state", "m": 5, "next": [1, 0, 1, 1, 0], "period": 1, "recurrent_predicate": false, "state": [4, 3, 4, 0, 3], "tail": 5}
{"N": 5, "decoder": 1, "fibre": 1, "kind": "state", "m": 5, "next": [2, 4, 2, 1, 2], "period": 1, "recurrent_predicate": false, "state": [4, 3, 4, 0, 4], "tail": 6}
{"N": 5, "decoder": 0, "fibre": 0, "kind": "state", "m": 5, "next": [1, 4, 1, 2, 1], "period": 1, "recurrent_predicate": false, "state": [4, 3, 4, 1, 0], "tail": 8}
{"N": 5, "decoder": 0, "fibre": 0, "kind": "state", "m": 5, "next": [1, 4, 1, 3, 3], "period": 1, "recurrent_predicate": false, "state": [4, 3, 4, 1, 1], "tail": 5}
{"N": 5, "decoder": 0, "fibre": 0, "kind": "state", "m": 5, "next": [1, 4, 1, 2, 3], "period": 1, "recurrent_predicate": false, "state": [4, 3, 4, 1, 2], "tail": 6}
{"N": 5, "decoder": 1, "fibre": 1, "kind": "state", "m": 5, "next": [1, 0, 1, 2, 0], "period": 1, "recurrent_predicate": false, "state": [4, 3, 4, 1, 3], "tail": 6}
{"N": 5, "decoder": 1, "fibre": 1, "kind": "state", "m": 5, "next": [2, 4, 2, 2, 2], "period": 1, "recurrent_predicate": false, "state": [4, 3, 4, 1, 4], "tail": 5}
{"N": 5, "decoder": 0, "fibre": 0, "kind": "state", "m": 5, "next": [1, 4, 1, 3, 1], "period": 1, "recurrent_predicate": false, "state": [4, 3, 4, 2, 0], "tail": 4}
{"N": 5, "decoder": 0, "fibre": 0, "kind": "state", "m": 5, "next": [1, 4, 1, 3, 2], "period": 1, "recurrent_predicate": false, "state": [4, 3, 4, 2, 1], "tail": 6}
{"N": 5, "decoder": 0, "fibre": 0, "kind": "state", "m": 5, "next": [1, 4, 1, 4, 4], "period": 1, "recurrent_predicate": false, "state": [4, 3, 4, 2, 2], "tail": 3}
{"N": 5, "decoder": 0, "fibre": 0, "kind": "state", "m": 5, "next": [1, 0, 1, 3, 0], "period": 1, "recurrent_predicate": false, "state": [4, 3, 4, 2, 3], "tail": 7}
{"N": 5, "decoder": 0, "fibre": 0, "kind": "state", "m": 5, "next": [2, 4, 2, 3, 2], "period": 1, "recurrent_predicate": false, "state": [4, 3, 4, 2, 4], "tail": 5}
{"N": 5, "decoder": 1, "fibre": 1, "kind": "state", "m": 5, "next": [1, 0, 1, 0, 1], "period": 1, "recurrent_predicate": false, "state": [4, 3, 4, 3, 0], "tail": 5}
{"N": 5, "decoder": 1, "fibre": 1, "kind": "state", "m": 5, "next": [1, 0, 1, 0, 2], "period": 1, "recurrent_predicate": false, "state": [4, 3, 4, 3, 1], "tail": 6}
{"N": 5, "decoder": 0, "fibre": 0, "kind": "state", "m": 5, "next": [1, 0, 1, 0, 3], "period": 1, "recurrent_predicate": false, "state": [4, 3, 4, 3, 2], "tail": 7}
{"N": 5, "decoder": 1, "fibre": 1, "kind": "state", "m": 5, "next": [1, 1, 1, 1, 1], "period": 1, "recurrent_predicate": false, "state": [4, 3, 4, 3, 3], "tail": 1}
{"N": 5, "decoder": 3, "fibre": 3, "kind": "state", "m": 5, "next": [2, 0, 2, 0, 2], "period": 1, "recurrent_predicate": false, "state": [4, 3, 4, 3, 4], "tail": 4}
{"N": 5, "decoder": 1, "fibre": 1, "kind": "state", "m": 5, "next": [2, 4, 2, 2, 1], "period": 1, "recurrent_predicate": false, "state": [4, 3, 4, 4, 0], "tail": 6}
{"N": 5, "decoder": 1, "fibre": 1, "kind": "state", "m": 5, "next": [2, 4, 2, 2, 2], "period": 1, "recurrent_predicate": false, "state": [4, 3, 4, 4, 1], "tail": 5}
{"N": 5, "decoder": 0, "fibre": 0, "kind": "state", "m": 5, "next": [2, 4, 2, 2, 3], "period": 1, "recurrent_predicate": false, "state": [4, 3, 4, 4, 2], "tail": 5}
{"N": 5, "decoder": 3, "fibre": 3, "kind": "state", "m": 5, "next": [2, 0, 2, 2, 0], "period": 1, "recurrent_predicate": false, "state": [4, 3, 4, 4, 3], "tail": 4}
{"N": 5, "decoder": 5, "fibre": 5, "kind": "state", "m": 5, "next": [3, 4, 3, 3, 3], "period": 1, "recurrent_predicate": false, "state": [4, 3, 4, 4, 4], "tail": 3}
{"N": 5, "decoder": 3, "fibre": 3, "kind": "state", "m": 5, "next": [1, 1, 3, 3, 3], "period": 1, "recurrent_predicate": false, "state": [4, 4, 0, 0, 0], "tail": 4}
{"N": 5, "decoder": 1, "fibre": 1, "kind": "state", "m": 5, "next": [1, 1, 2, 2, 2], "period": 1, "recurrent_predicate": false, "state": [4, 4, 0, 0, 1], "tail": 5}
{"N": 5, "decoder": 1, "fibre": 1, "kind": "state", "m": 5, "next": [1, 1, 2, 2, 3], "period": 1, "recurrent_predicate": false, "state": [4, 4, 0, 0, 2], "tail": 6}
{"N": 5, "decoder": 0, "fibre": 0, "kind": "state", "m": 5, "next": [1, 1, 2, 2, 4], "period": 1, "recurrent_predicate": false, "state": [4, 4, 0, 0, 3], "tail": 7}
{"N": 5, "decoder": 1, "fibre": 1, "kind": "state", "m": 5, "next": [2, 2, 2, 2, 2], "period": 1, "recurrent_predicate": false, "state": [4, 4, 0, 0, 4], "tail": 1}
{"N": 5, "decoder": 1, "fibre": 1, "kind": "state", "m": 5, "next": [1, 1, 2, 2, 2], "period": 1, "recurrent_predicate": false, "state": [4, 4, 0, 1, 0], "tail": 5}
{"N": 5, "decoder": 0, "fibre": 0, "kind": "state", "m": 5, "next": [1, 1, 1, 3, 3], "period": 1, "recurrent_predicate": false, "state": [4, 4, 0, 1, 1], "tail": 3}
{"N": 5, "decoder": 1, "fibre": 1, "kind": "state", "m": 5, "next": [1, 1, 1, 2, 3], "period": 1, "recurrent_predicate": false, "state": [4, 4, 0, 1, 2], "tail": 5}
{"N": 5, "decoder": 0, "fibre": 0, "kind": "state", "m": 5, "next": [1, 1, 1, 2, 4], "period": 1, "recurrent_predicate": false, "state": [4, 4, 0, 1, 3], "tail": 8}
{"N": 5, "decoder": 4, "fibre": 4, "kind": "state", "m": 5, "next": [2, 2, 1, 2, 2], "period": 1, "recurrent_predicate": false, "state": [4, 4, 0, 1, 4], "tail": 4}
{"N": 5, "decoder": 1, "fibre": 1, "kind": "state", "m": 5, "next": [1, 1, 2, 3, 2], "period": 1, "recurrent_predicate": false, "state": [4, 4, 0, 2, 0], "tail": 6}
{"N": 5, "decoder": 1, "fibre": 1, "kind": "state", "m": 5, "next": [1, 1, 1, 3, 2], "period": 1, "recurrent_predicate": false, "state": [4, 4, 0, 2, 1], "tail": 5}
{"N": 5, "decoder": 1, "fibre": 1, "kind": "state", "m": 5, "next": [1, 1, 1, 4, 4], "period": 1, "recurrent_predicate": false, "state": [4, 4, 0, 2, 2], "tail": 4}
{"N": 5, "decoder": 0, "fibre": 0, "kind": "state", "m": 5, "next": [1, 1, 1, 3, 4], "period": 1, "recurrent_predicate": false, "state": [4, 4, 0, 2, 3], "tail": 4}
{"N": 5, "decoder": 3, "fibre": 3, "kind": "state", "m": 5, "next": [2, 2, 1, 3, 2], "period": 1, "recurrent_predicate": false, "state": [4, 4, 0, 2, 4], "tail": 7}
{"N": 5, "decoder": 0, "fibre": 0, "kind": "state", "m": 5, "next": [1, 1, 2, 4, 2], "period": 1, "recurrent_predicate": false, "state": [4, 4, 0, 3, 0], "tail": 7}
{"N": 5, "decoder": 0, "fibre": 0, "kind": "state", "m": 5, "next": [1, 1, 1, 4, 2], "period": 1, "recurrent_predicate": false, "state": [4, 4, 0, 3, 1], "tail": 8}
{"N": 5, "decoder": 0, "fibre": 0, "kind": "state", "m": 5, "next": [1, 1, 1, 4, 3], "period": 1, "recurrent_predicate": false, "state": [4, 4, 0, 3, 2], "tail": 4}
{"N": 5, "decoder": 1, "fibre": 1, "kind": "state", "m": 5, "next": [1, 1, 1, 0, 0], "period": 1, "recurrent_predicate": false, "state": [4, 4, 0, 3, 3], "tail": 5}
{"N": 5, "decoder": 1, "fibre": 1, "kind": "state", "m": 5, "next": [2, 2, 1, 4, 2], "period": 1, "recurrent_predicate": false, "state": [4, 4, 0, 3, 4], "tail": 6}
{"N": 5, "decoder": 1, "fibre": 1, "kind": "state", "m": 5, "next": [2, 2, 2, 2, 2], "period": 1, "recurrent_predicate": false, "state": [4, 4, 0, 4, 0], "tail": 1}
{"N": 5, "decoder": 4, "fibre": 4, "kind": "state", "m": 5, "next": [2, 2, 1, 2, 2], "period": 1, "recurrent_predicate": false, "state": [4, 4, 0, 4, 1], "tail": 4}
{"N": 5, "decoder": 3, "fibre": 3, "kind": "state", "m": 5, "next": [2, 2, 1, 2, 3], "period": 1, "recurrent_predicate": false, "state": [4, 4, 0, 4, 2], "tail": 7}
{"N": 5, "decoder": 1, "fibre": 1, "kind": "state", "m": 5, "next": [2, 2, 1, 2, 4], "period": 1, "recurrent_predicate": false, "state": [4, 4, 0, 4, 3], "tail": 6}
{"N": 5, "decoder": 5, "fibre": 5, "kind": "state", "m": 5, "next": [3, 3, 1, 3, 3], "period": 1, "recurrent_predicate": false, "state": [4, 4, 0, 4, 4], "tail": 2}
{"N": 5, "decoder": 1, "fibre": 1, "kind": "state", "m": 5, "next": [1, 1, 2, 2, 2], "period": 1, "recurrent_predicate": false, "state": [4, 4, 1, 0, 0], "tail": 5}
{"N": 5, "decoder": 0, "fibre": 0, "kind": "state", "m": 5, "next": [1, 1, 3, 1, 3], "period": 1, "recurrent_predicate": false, "state": [4, 4, 1, 0, 1], "tail": 3}
{"N": 5, "decoder": 1, "fibre": 1, "kind": "state", "m": 5, "next": [1, 1, 2, 1, 3], "period": 1, "recurrent_predicate": false, "state": [4, 4, 1, 0, 2], "tail": 5}
{"N": 5, "decoder": 0, "fibre": 0, "kind": "state", "m": 5, "next": [1, 1, 2, 1, 4], "period": 1, "recurrent_predicate": false, "state": [4, 4, 1, 0, 3], "tail": 8}
{"N": 5, "decoder": 4, "fibre": 4, "kind": "state", "m": 5, "next": [2, 2, 2, 1, 2], "period": 1, "recurrent_predicate": false, "state": [4, 4, 1, 0, 4], "tail": 4}
{"N": 5, "decoder": 0, "fibre": 0, "kind": "state", "m": 5, "next": [1, 1, 3, 3, 1], "period": 1, "recurrent_predicate": false, "state": [4, 4, 1, 1, 0], "tail": 3}
{"N": 5, "decoder": 4, "fibre": 4, "kind": "state", "m": 5, "next": [1, 1, 4, 4, 4], "period": 1, "recurrent_predicate": false, "state": [4, 4, 1, 1, 1], "tail": 3}
{"N": 5, "decoder": 1, "fibre": 1, "kind": "state", "m": 5, "next": [1, 1, 3, 3, 3], "period": 1, "recurrent_predicate": false, "state": [4, 4, 1, 1, 2], "tail": 4}
{"N": 5, "decoder": 0, "fibre": 0, "kind": "state", "m": 5, "next": [1, 1, 3, 3, 4], "period": 1, "recurrent_predicate": false, "state": [4, 4, 1, 1, 3], "tail": 5}
{"N": 5, "decoder": 4, "fibre": 4, "kind": "state", "m": 5, "next": [2, 2, 3, 3, 2], "period": 1, "recurrent_predicate": false, "state": [4, 4, 1, 1, 4], "tail": 2}
{"N": 5, "decoder": 1, "fibre": 1, "kind": "state", "m": 5, "next": [1, 1, 2, 3, 1], "period": 1, "recurrent_predicate": false, "state": [4, 4, 1, 2, 0], "tail": 5}
{"N": 5, "decoder": 1, "fibre": 1, "kind": "state", "m": 5, "next": [1, 1, 3, 3, 3], "period": 1, "recurrent_predicate": false, "state": [4, 4, 1, 2, 1], "tail": 4}
{"N": 5, "decoder": 0, "fibre": 0, "kind": "state", "m": 5, "next": [1, 1, 2, 4, 4], "period": 1, "recurrent_predicate": false, "state": [4, 4, 1, 2, 2], "tail": 5}
{"N": 5, "decoder": 0, "fibre": 0, "kind": "state", "m": 5, "next": [1, 1, 2, 3, 4], "period": 1, "recurrent_predicate": false, "state": [4, 4, 1, 2, 3], "tail": 6}
{"N": 5, "decoder": 3, "fibre": 3, "kind": "state", "m": 5, "next": [2, 2, 2, 3, 2], "period": 1, "recurrent_predicate": false, "state": [4, 4, 1, 2, 4], "tail": 3}
{"N": 5, "decoder": 0, "fibre": 0, "kind": "state", "m": 5, "next": [1, 1, 2, 4, 1], "period": 1, "recurrent_predicate": false, "state": [4, 4, 1, 3, 0], "tail": 8}
{"N": 5, "decoder": 0, "fibre": 0, "kind": "state", "m": 5, "next": [1, 1, 3, 4, 3], "period": 1, "recurrent_predicate": false, "state": [4, 4, 1, 3, 1], "tail": 5}
{"N": 5, "decoder": 0, "fibre": 0, "kind": "state", "m": 5, "next": [1, 1, 2, 4, 3], "period": 1, "recurrent_predicate": false, "state": [4, 4, 1, 3, 2], "tail": 6}
{"N": 5, "decoder": 1, "fibre": 1, "kind": "state", "m": 5, "next": [1, 1, 2, 0, 0], "period": 1, "recurrent_predicate": false, "state": [4, 4, 1, 3, 3], "tail": 6}
{"N": 5, "decoder": 1, "fibre": 1, "kind": "state", "m": 5, "next": [2, 2, 2, 4, 2], "period": 1, "recurrent_predicate": false, "state": [4, 4, 1, 3, 4], "tail": 5}
{"N": 5, "decoder": 4, "fibre": 4, "kind": "state", "m": 5, "next": [2, 2, 2, 2, 1], "period": 1, "recurrent_predicate": false, "state": [4, 4, 1, 4, 0], "tail": 4}
{"N": 5, "decoder": 4, "fibre": 4, "kind": "state", "m": 5, "next": [2, 2, 3, 2, 3], "period": 1, "recurrent_predicate": false, "state": [4, 4, 1, 4, 1], "tail": 2}
{"N": 5, "decoder": 3, "fibre": 3, "kind": "state", "m": 5, "next": [2, 2, 2, 2, 3], "period": 1, "recurrent_predicate": false, "state": [4, 4, 1, 4, 2], "tail": 3}
{"N": 5, "decoder": 1, "fibre": 1, "kind": "state", "m": 5, "next": [2, 2, 2, 2, 4], "period": 1, "recurrent_predicate": false, "state": [4, 4, 1, 4, 3], "tail": 5}
{"N": 5, "decoder": 4, "fibre": 4, "kind": "state", "m": 5, "next": [3, 3, 2, 3, 3], "period": 1, "recurrent_predicate": false, "state": [4, 4, 1, 4, 4], "tail": 4}
{"N": 5, "decoder": 1, "fibre": 1, "kind": "state", "m": 5, "next": [1, 1, 3, 2, 2], "period": 1, "recurrent_predicate": false, "state": [4, 4, 2, 0, 0], "tail": 6}
{"N": 5, "decoder": 1, "fibre": 1, "kind": "state", "m": 5, "next": [1, 1, 3, 1, 2], "period": 1, "recurrent_predicate": false, "state": [4, 4, 2, 0, 1], "tail": 5}
{"N": 5, "decoder": 1, "fibre": 1, "kind": "state", "m": 5, "next": [1, 1, 4, 1, 4], "period": 1, "recurrent_predicate": false, "state": [4, 4, 2, 0, 2], "tail": 4}
{"N": 5, "decoder": 0, "fibre": 0, "kind": "state", "m": 5, "next": [1, 1, 3, 1, 4], "period": 1, "recurrent_predicate": false, "state": [4, 4, 2, 0, 3], "tail": 4}
{"N": 5, "decoder": 3, "fibre": 3, "kind": "state", "m": 5, "next": [2, 2, 3, 1, 2], "period": 1, "recurrent_predicate": false, "state": [4, 4, 2, 0, 4], "tail": 7}
{"N": 5, "decoder": 1, "fibre": 1, "kind": "state", "m": 5, "next": [1, 1, 3, 2, 1], "period": 1, "recurrent_predicate": false, "state": [4, 4, 2, 1, 0], "tail": 5}
{"N": 5, "decoder": 1, "fibre": 1, "kind": "state", "m": 5, "next": [1, 1, 3, 3, 3], "period": 1, "recurrent_predicate": false, "state": [4, 4, 2, 1, 1], "tail": 4}
{"N": 5, "decoder": 0, "fibre": 0, "kind": "state", "m": 5, "next": [1, 1, 4, 2, 4], "period": 1, "recurrent_predicate": false, "state": [4, 4, 2, 1, 2], "tail": 5}
{"N": 5, "decoder": 0, "fibre": 0, "kind": "state", "m": 5, "next": [1, 1, 3, 2, 4], "period": 1, "recurrent_predicate": false, "state": [4, 4, 2, 1, 3], "tail": 6}
{"N": 5, "decoder": 3, "fibre": 3, "kind": "state", "m": 5, "next": [2, 2, 3, 2, 2], "period": 1, "recurrent_predicate": false, "state": [4, 4, 2, 1, 4], "tail": 3}
{"N": 5, "decoder": 1, "fibre": 1, "kind": "state", "m": 5, "next": [1, 1, 4, 4, 1], "period": 1, "recurrent_predicate": false, "state": [4, 4, 2, 2, 0], "tail": 4}
{"N": 5, "decoder": 0, "fibre": 0, "kind": "state", "m": 5, "next": [1, 1, 4, 4, 2], "period": 1, "recurrent_predicate": false, "state": [4, 4, 2, 2, 1], "tail": 5}
{"N": 5, "decoder": 4, "fibre": 4, "kind": "state", "m": 5, "next": [1, 1, 0, 0, 0], "period": 1, "recurrent_predicate": false, "state": [4, 4, 2, 2, 2], "tail": 2}
{"N": 5, "decoder": 0, "fibre": 0, "kind": "state", "m": 5, "next": [1, 1, 4, 4, 4], "period": 1, "recurrent_predicate": false, "state": [4, 4, 2, 2, 3], "tail": 3}
{"N": 5, "decoder": 4, "fibre": 4, "kind": "state", "m": 5, "next": [2, 2, 4, 4, 2], "period": 1, "recurrent_predicate": false, "state": [4, 4, 2, 2, 4], "tail": 3}
{"N": 5, "decoder": 0, "fibre": 0, "kind": "state", "m": 5, "next": [1, 1, 3, 4, 1], "period": 1, "recurrent_predicate": false, "state": [4, 4, 2, 3, 0], "tail": 4}
{"N": 5, "decoder": 0, "fibre": 0, "kind": "state", "m": 5, "next": [1, 1, 3, 4, 2], "period": 1, "recurrent_predicate": false, "state": [4, 4, 2, 3, 1], "tail": 6}
{"N": 5, "decoder": 0, "fibre": 0, "kind": "state", "m": 5, "next": [1, 1, 4, 4, 4], "period": 1, "recurrent_predicate": false, "state": [4, 4, 2, 3, 2], "tail": 3}
{"N": 5, "decoder": 0, "fibre": 0, "kind": "state", "m": 5, "next": [1, 1, 3, 0, 0], "period": 1, "recurrent_predicate": false, "state": [4, 4, 2, 3, 3], "tail": 7}
{"N": 5, "decoder": 0, "fibre": 0, "kind": "state", "m": 5, "next": [2, 2, 3, 4, 2], "period": 1, "recurrent_predicate": false, "state": [4, 4, 2, 3, 4], "tail": 5}
{"N": 5, "decoder": 3, "fibre": 3, "kind": "state", "m": 5, "next": [2, 2, 3, 2, 1], "period": 1, "recurrent_predicate": false, "state": [4, 4, 2, 4, 0], "tail": 7}
{"N": 5, "decoder": 3, "fibre": 3, "kind": "state", "m": 5, "next": [2, 2, 3, 2, 2], "period": 1, "recurrent_predicate": false, "state": [4, 4, 2, 4, 1], "tail": 3}
{"N": 5, "decoder": 4, "fibre": 4, "kind": "state", "m": 5, "next": [2, 2, 4, 2, 4], "period": 1, "recurrent_predicate": false, "state": [4, 4, 2, 4, 2], "tail": 3}
{"N": 5, "decoder": 0, "fibre": 0, "kind": "state", "m": 5, "next": [2, 2, 3, 2, 4], "period": 1, "recurrent_predicate": false, "state": [4, 4, 2, 4, 3], "tail": 5}
{"N": 5, "decoder": 1, "fibre": 1, "kind": "state", "m": 5, "next": [3, 3, 3, 3, 3], "period": 1, "recurrent_predicate": false, "state": [4, 4, 2, 4, 4], "tail": 1}
{"N": 5, "decoder": 0, "fibre": 0, "kind": "state", "m": 5, "next": [1, 1, 4, 2, 2], "period": 1, "recurrent_predicate": false, "state": [4, 4, 3, 0, 0], "tail": 7}
{"N": 5, "decoder": 0, "fibre": 0, "kind": "state", "m": 5, "next": [1, 1, 4, 1, 2], "period": 1, "recurrent_predicate": false, "state": [4, 4, 3, 0, 1], "tail": 8}
{"N": 5, "decoder": 0, "fibre": 0, "kind": "state", "m": 5, "next": [1, 1, 4, 1, 3], "period": 1, "recurrent_predicate": false, "state": [4, 4, 3, 0, 2], "tail": 4}
{"N": 5, "decoder": 1, "fibre": 1, "kind": "state", "m": 5, "next": [1, 1, 0, 1, 0], "period": 1, "recurrent_predicate": false, "state": [4, 4, 3, 0, 3], "tail": 5}
{"N": 5, "decoder": 1, "fibre": 1, "kind": "state", "m": 5, "next": [2, 2, 4, 1, 2], "period": 1, "recurrent_predicate": false, "state": [4, 4, 3, 0, 4], "tail": 6}
{"N": 5, "decoder": 0, "fibre": 0, "kind": "state", "m": 5, "next": [1, 1, 4, 2, 1], "period": 1, "recurrent_predicate": false, "state": [4, 4, 3, 1, 0], "tail": 8}
{"N": 5, "decoder": 0, "fibre": 0, "kind": "state", "m": 5, "next": [1, 1, 4, 3, 3], "period": 1, "recurrent_predicate": false, "state": [4, 4, 3, 1, 1], "tail": 5}
{"N": 5, "decoder": 0, "fibre": 0, "kind": "state", "m": 5, "next": [1, 1, 4, 2, 3], "period": 1, "recurrent_predicate": false, "state": [4, 4, 3, 1, 2], "tail": 6}
{"N": 5, "decoder": 1, "fibre": 1, "kind": "state", "m": 5, "next": [1, 1, 0, 2, 0], "period": 1, "recurrent_predicate": false, "state": [4, 4, 3, 1, 3], "tail": 6}
{"N": 5, "decoder": 1, "fibre": 1, "kind": "state", "m": 5, "next": [2, 2, 4, 2, 2], "period": 1, "recurrent_predicate": false, "state": [4, 4, 3, 1, 4], "tail": 5}
{"N": 5, "decoder": 0, "fibre": 0, "kind": "state", "m": 5, "next": [1, 1, 4, 3, 1], "period": 1, "recurrent_predicate": false, "state": [4, 4, 3, 2, 0], "tail": 4}
{"N": 5, "decoder": 0, "fibre": 0, "kind": "state", "m": 5, "next": [1, 1, 4, 3, 2], "period": 1, "recurrent_predicate": false, "state": [4, 4, 3, 2, 1], "tail": 6}
{"N": 5, "decoder": 0, "fibre": 0, "kind": "state", "m": 5, "next": [1, 1, 4, 4, 4], "period": 1, "recurrent_predicate": false, "state": [4, 4, 3, 2, 2], "tail": 3}
{"N": 5, "decoder": 0, "fibre": 0, "kind": "state", "m": 5, "next": [1, 1, 0, 3, 0], "period": 1, "recurrent_predicate": false, "state": [4, 4, 3, 2, 3], "tail": 7}
{"N": 5, "decoder": 0, "fibre": 0, "kind": "state", "m": 5, "next": [2, 2, 4, 3, 2], "period": 1, "recurrent_predicate": false, "state": [4, 4, 3, 2, 4], "tail": 5}
{"N": 5, "decoder": 1, "fibre": 1, "kind": "state", "m": 5, "next": [1, 1, 0, 0, 1], "period": 1, "recurrent_predicate": false, "state": [4, 4, 3, 3, 0], "tail": 5}
{"N": 5, "decoder": 1, "fibre": 1, "kind": "state", "m": 5, "next": [1, 1, 0, 0, 2], "period": 1, "recurrent_predicate": false, "state": [4, 4, 3, 3, 1], "tail": 6}
{"N": 5, "decoder": 0, "fibre": 0, "kind": "state", "m": 5, "next": [1, 1, 0, 0, 3], "period": 1, "recurrent_predicate": false, "state": [4, 4, 3, 3, 2], "tail": 7}
{"N": 5, "decoder": 1, "fibre": 1, "kind": "state", "m": 5, "next": [1, 1, 1, 1, 1], "period": 1, "recurrent_predicate": false, "state": [4, 4, 3, 3, 3], "tail": 1}
{"N": 5, "decoder": 3, "fibre": 3, "kind": "state", "m": 5, "next": [2, 2, 0, 0, 2], "period": 1, "recurrent_predicate": false, "state": [4, 4, 3, 3, 4], "tail": 4}
{"N": 5, "decoder": 1, "fibre": 1, "kind": "state", "m": 5, "next": [2, 2, 4, 2, 1], "period": 1, "recurrent_predicate": false, "state": [4, 4, 3, 4, 0], "tail": 6}
{"N": 5, "decoder": 1, "fibre": 1, "kind": "state", "m": 5, "next": [2, 2, 4, 2, 2], "period": 1, "recurrent_predicate": false, "state": [4, 4, 3, 4, 1], "tail": 5}
{"N": 5, "decoder": 0, "fibre": 0, "kind": "state", "m": 5, "next": [2, 2, 4, 2, 3], "period": 1, "recurrent_predicate": false, "state": [4, 4, 3, 4, 2], "tail": 5}
{"N": 5, "decoder": 3, "fibre": 3, "kind": "state", "m": 5, "next": [2, 2, 0, 2, 0], "period": 1, "recurrent_predicate": false, "state": [4, 4, 3, 4, 3], "tail": 4}
{"N": 5, "decoder": 5, "fibre": 5, "kind": "state", "m": 5, "next": [3, 3, 4, 3, 3], "period": 1, "recurrent_predicate": false, "state": [4, 4, 3, 4, 4], "tail": 3}
{"N": 5, "decoder": 1, "fibre": 1, "kind": "state", "m": 5, "next": [2, 2, 2, 2, 2], "period": 1, "recurrent_predicate": false, "state": [4, 4, 4, 0, 0], "tail": 1}
{"N": 5, "decoder": 4, "fibre": 4, "kind": "state", "m": 5, "next": [2, 2, 2, 1, 2], "period": 1, "recurrent_predicate": false, "state": [4, 4, 4, 0, 1], "tail": 4}
{"N": 5, "decoder": 3, "fibre": 3, "kind": "state", "m": 5, "next": [2, 2, 2, 1, 3], "period": 1, "recurrent_predicate": false, "state": [4, 4, 4, 0, 2], "tail": 7}
{"N": 5, "decoder": 1, "fibre": 1, "kind": "state", "m": 5, "next": [2, 2, 2, 1, 4], "period": 1, "recurrent_predicate": false, "state": [4, 4, 4, 0, 3], "tail": 6}
{"N": 5, "decoder": 5, "fibre": 5, "kind": "state", "m": 5, "next": [3, 3, 3, 1, 3], "period": 1, "recurrent_predicate": false, "state": [4, 4, 4, 0, 4], "tail": 2}
{"N": 5, "decoder": 4, "fibre": 4, "kind": "state", "m": 5, "next": [2, 2, 2, 2, 1], "period": 1, "recurrent_predicate": false, "state": [4, 4, 4, 1, 0], "tail": 4}
{"N": 5, "decoder": 4, "fibre": 4, "kind": "state", "m": 5, "next": [2, 2, 2, 3, 3], "period": 1, "recurrent_predicate": false, "state": [4, 4, 4, 1, 1], "tail": 2}
{"N": 5, "decoder": 3, "fibre": 3, "kind": "state", "m": 5, "next": [2, 2, 2, 2, 3], "period": 1, "recurrent_predicate": false, "state": [4, 4, 4, 1, 2], "tail": 3}
{"N": 5, "decoder": 1, "fibre": 1, "kind": "state", "m": 5, "next": [2, 2, 2, 2, 4], "period": 1, "recurrent_predicate": false, "state": [4, 4, 4, 1, 3], "tail": 5}
{"N": 5, "decoder": 4, "fibre": 4, "kind": "state", "m": 5, "next": [3, 3, 3, 2, 3], "period": 1, "recurrent_predicate": false, "state": [4, 4, 4, 1, 4], "tail": 4}
{"N": 5, "decoder": 3, "fibre": 3, "kind": "state", "m": 5, "next": [2, 2, 2, 3, 1], "period": 1, "recurrent_predicate": false, "state": [4, 4, 4, 2, 0], "tail": 7}
{"N": 5, "decoder": 3, "fibre": 3, "kind": "state", "m": 5, "next": [2, 2, 2, 3, 2], "period": 1, "recurrent_predicate": false, "state": [4, 4, 4, 2, 1], "tail": 3}
{"N": 5, "decoder": 4, "fibre": 4, "kind": "state", "m": 5, "next": [2, 2, 2, 4, 4], "period": 1, "recurrent_predicate": false, "state": [4, 4, 4, 2, 2], "tail": 3}
{"N": 5, "decoder": 0, "fibre": 0, "kind": "state", "m": 5, "next": [2, 2, 2, 3, 4], "period": 1, "recurrent_predicate": false, "state": [4, 4, 4, 2, 3], "tail": 5}
{"N": 5, "decoder": 1, "fibre": 1, "kind": "state", "m": 5, "next": [3, 3, 3, 3, 3], "period": 1, "recurrent_predicate": false, "state": [4, 4, 4, 2, 4], "tail": 1}
{"N": 5, "decoder": 1, "fibre": 1, "kind": "state", "m": 5, "next": [2, 2, 2, 4, 1], "period": 1, "recurrent_predicate": false, "state": [4, 4, 4, 3, 0], "tail": 6}
{"N": 5, "decoder": 1, "fibre": 1, "kind": "state", "m": 5, "next": [2, 2, 2, 4, 2], "period": 1, "recurrent_predicate": false, "state": [4, 4, 4, 3, 1], "tail": 5}
{"N": 5, "decoder": 0, "fibre": 0, "kind": "state", "m": 5, "next": [2, 2, 2, 4, 3], "period": 1, "recurrent_predicate": false, "state": [4, 4, 4, 3, 2], "tail": 5}
{"N": 5, "decoder": 3, "fibre": 3, "kind": "state", "m": 5, "next": [2, 2, 2, 0, 0], "period": 1, "recurrent_predicate": false, "state": [4, 4, 4, 3, 3], "tail": 4}
{"N": 5, "decoder": 5, "fibre": 5, "kind": "state", "m": 5, "next": [3, 3, 3, 4, 3], "period": 1, "recurrent_predicate": false, "state": [4, 4, 4, 3, 4], "tail": 3}
{"N": 5, "decoder": 5, "fibre": 5, "kind": "state", "m": 5, "next": [3, 3, 3, 3, 1], "period": 1, "recurrent_predicate": false, "state": [4, 4, 4, 4, 0], "tail": 2}
{"N": 5, "decoder": 4, "fibre": 4, "kind": "state", "m": 5, "next": [3, 3, 3, 3, 2], "period": 1, "recurrent_predicate": false, "state": [4, 4, 4, 4, 1], "tail": 4}
{"N": 5, "decoder": 1, "fibre": 1, "kind": "state", "m": 5, "next": [3, 3, 3, 3, 3], "period": 1, "recurrent_predicate": false, "state": [4, 4, 4, 4, 2], "tail": 1}
{"N": 5, "decoder": 5, "fibre": 5, "kind": "state", "m": 5, "next": [3, 3, 3, 3, 4], "period": 1, "recurrent_predicate": false, "state": [4, 4, 4, 4, 3], "tail": 3}
{"N": 5, "decoder": 16, "fibre": 16, "kind": "state", "m": 5, "next": [4, 4, 4, 4, 4], "period": 1, "recurrent_predicate": true, "state": [4, 4, 4, 4, 4], "tail": 0}
{"boxes": [{"N": 0, "constant_fibre": 1, "m": 1, "max_height": 0, "maximizers": [[]], "maximum_fibre": 1, "recurrent": 1, "recurrent_periods": [1], "states": 1}, {"N": 1, "constant_fibre": 1, "m": 1, "max_height": 0, "maximizers": [[0]], "maximum_fibre": 1, "recurrent": 1, "recurrent_periods": [1], "states": 1}, {"N": 2, "constant_fibre": 1, "m": 1, "max_height": 0, "maximizers": [[0, 0]], "maximum_fibre": 1, "recurrent": 1, "recurrent_periods": [1], "states": 1}, {"N": 3, "constant_fibre": 1, "m": 1, "max_height": 0, "maximizers": [[0, 0, 0]], "maximum_fibre": 1, "recurrent": 1, "recurrent_periods": [1], "states": 1}, {"N": 4, "constant_fibre": 1, "m": 1, "max_height": 0, "maximizers": [[0, 0, 0, 0]], "maximum_fibre": 1, "recurrent": 1, "recurrent_periods": [1], "states": 1}, {"N": 5, "constant_fibre": 1, "m": 1, "max_height": 0, "maximizers": [[0, 0, 0, 0, 0]], "maximum_fibre": 1, "recurrent": 1, "recurrent_periods": [1], "states": 1}, {"N": 0, "constant_fibre": 1, "m": 2, "max_height": 0, "maximizers": [[]], "maximum_fibre": 1, "recurrent": 1, "recurrent_periods": [1], "states": 1}, {"N": 1, "constant_fibre": 1, "m": 2, "max_height": 0, "maximizers": [[0], [1]], "maximum_fibre": 1, "recurrent": 2, "recurrent_periods": [2], "states": 2}, {"N": 2, "constant_fibre": 1, "m": 2, "max_height": 0, "maximizers": [[0, 0], [0, 1], [1, 0], [1, 1]], "maximum_fibre": 1, "recurrent": 4, "recurrent_periods": [1, 2], "states": 4}, {"N": 3, "constant_fibre": 4, "m": 2, "max_height": 1, "maximizers": [[0, 0, 0], [1, 1, 1]], "maximum_fibre": 4, "recurrent": 2, "recurrent_periods": [2], "states": 8}, {"N": 4, "constant_fibre": 1, "m": 2, "max_height": 0, "maximizers": [[0, 0, 0, 0], [0, 0, 0, 1], [0, 0, 1, 0], [0, 0, 1, 1], [0, 1, 0, 0], [0, 1, 0, 1], [0, 1, 1, 0], [0, 1, 1, 1], [1, 0, 0, 0], [1, 0, 0, 1], [1, 0, 1, 0], [1, 0, 1, 1], [1, 1, 0, 0], [1, 1, 0, 1], [1, 1, 1, 0], [1, 1, 1, 1]], "maximum_fibre": 1, "recurrent": 16, "recurrent_periods": [1, 2], "states": 16}, {"N": 5, "constant_fibre": 16, "m": 2, "max_height": 1, "maximizers": [[0, 0, 0, 0, 0], [1, 1, 1, 1, 1]], "maximum_fibre": 16, "recurrent": 2, "recurrent_periods": [2], "states": 32}, {"N": 0, "constant_fibre": 1, "m": 3, "max_height": 0, "maximizers": [[]], "maximum_fibre": 1, "recurrent": 1, "recurrent_periods": [1], "states": 1}, {"N": 1, "constant_fibre": 1, "m": 3, "max_height": 0, "maximizers": [[0], [1], [2]], "maximum_fibre": 1, "recurrent": 3, "recurrent_periods": [3], "states": 3}, {"N": 2, "constant_fibre": 1, "m": 3, "max_height": 0, "maximizers": [[0, 0], [0, 1], [0, 2], [1, 0], [1, 1], [1, 2], [2, 0], [2, 1], [2, 2]], "maximum_fibre": 1, "recurrent": 9, "recurrent_periods": [3], "states": 9}, {"N": 3, "constant_fibre": 4, "m": 3, "max_height": 2, "maximizers": [[0, 0, 0], [1, 1, 1], [2, 2, 2]], "maximum_fibre": 4, "recurrent": 9, "recurrent_periods": [1, 3], "states": 27}, {"N": 4, "constant_fibre": 5, "m": 3, "max_height": 3, "maximizers": [[0, 0, 0, 0], [1, 1, 1, 1], [2, 2, 2, 2]], "maximum_fibre": 5, "recurrent": 21, "recurrent_periods": [3], "states": 81}, {"N": 5, "constant_fibre": 11, "m": 3, "max_height": 3, "maximizers": [[0, 0, 0, 0, 0], [1, 1, 1, 1, 1], [2, 2, 2, 2, 2]], "maximum_fibre": 11, "recurrent": 33, "recurrent_periods": [3], "states": 243}, {"N": 0, "constant_fibre": 1, "m": 4, "max_height": 0, "maximizers": [[]], "maximum_fibre": 1, "recurrent": 1, "recurrent_periods": [1], "states": 1}, {"N": 1, "constant_fibre": 1, "m": 4, "max_height": 0, "maximizers": [[0], [1], [2], [3]], "maximum_fibre": 1, "recurrent": 4, "recurrent_periods": [4], "states": 4}, {"N": 2, "constant_fibre": 1, "m": 4, "max_height": 0, "maximizers": [[0, 0], [0, 1], [0, 2], [0, 3], [1, 0], [1, 1], [1, 2], [1, 3], [2, 0], [2, 1], [2, 2], [2, 3], [3, 0], [3, 1], [3, 2], [3, 3]], "maximum_fibre": 1, "recurrent": 16, "recurrent_periods": [2, 4], "states": 16}, {"N": 3, "constant_fibre": 4, "m": 4, "max_height": 3, "maximizers": [[0, 0, 0], [1, 1, 1], [2, 2, 2], [3, 3, 3]], "maximum_fibre": 4, "recurrent": 28, "recurrent_periods": [4], "states": 64}, {"N": 4, "constant_fibre": 5, "m": 4, "max_height": 2, "maximizers": [[0, 0, 0, 0], [1, 1, 1, 1], [2, 2, 2, 2], [3, 3, 3, 3]], "maximum_fibre": 5, "recurrent": 96, "recurrent_periods": [1, 2, 4], "states": 256}, {"N": 5, "constant_fibre": 16, "m": 4, "max_height": 5, "maximizers": [[0, 0, 0, 0, 0], [1, 1, 1, 1, 1], [2, 2, 2, 2, 2], [3, 3, 3, 3, 3]], "maximum_fibre": 16, "recurrent": 84, "recurrent_periods": [4], "states": 1024}, {"N": 0, "constant_fibre": 1, "m": 5, "max_height": 0, "maximizers": [[]], "maximum_fibre": 1, "recurrent": 1, "recurrent_periods": [1], "states": 1}, {"N": 1, "constant_fibre": 1, "m": 5, "max_height": 0, "maximizers": [[0], [1], [2], [3], [4]], "maximum_fibre": 1, "recurrent": 5, "recurrent_periods": [5], "states": 5}, {"N": 2, "constant_fibre": 1, "m": 5, "max_height": 0, "maximizers": [[0, 0], [0, 1], [0, 2], [0, 3], [0, 4], [1, 0], [1, 1], [1, 2], [1, 3], [1, 4], [2, 0], [2, 1], [2, 2], [2, 3], [2, 4], [3, 0], [3, 1], [3, 2], [3, 3], [3, 4], [4, 0], [4, 1], [4, 2], [4, 3], [4, 4]], "maximum_fibre": 1, "recurrent": 25, "recurrent_periods": [5], "states": 25}, {"N": 3, "constant_fibre": 4, "m": 5, "max_height": 4, "maximizers": [[0, 0, 0], [1, 1, 1], [2, 2, 2], [3, 3, 3], [4, 4, 4]], "maximum_fibre": 4, "recurrent": 65, "recurrent_periods": [5], "states": 125}, {"N": 4, "constant_fibre": 5, "m": 5, "max_height": 6, "maximizers": [[0, 0, 0, 0], [1, 1, 1, 1], [2, 2, 2, 2], [3, 3, 3, 3], [4, 4, 4, 4]], "maximum_fibre": 5, "recurrent": 185, "recurrent_periods": [5], "states": 625}, {"N": 5, "constant_fibre": 16, "m": 5, "max_height": 8, "maximizers": [[0, 0, 0, 0, 0], [1, 1, 1, 1, 1], [2, 2, 2, 2, 2], [3, 3, 3, 3, 3], [4, 4, 4, 4, 4]], "maximum_fibre": 16, "recurrent": 125, "recurrent_periods": [1, 5], "states": 3125}], "constant_max_counterexamples": [], "constant_max_proved_all_parameters": false, "deductive_assertions": 17919, "kind": "summary", "scientific_executions_in_this_lane": 1, "state_count": 5704, "status": "FINITE_CHECKS_ONLY"}
