{
  "all_consumed_input_count": 1212,
  "all_consumed_inputs_rechecked": {
    "/etc/texmf/web2c/texmf.cnf": {
      "bytes": 475,
      "sha256": "3443c7e22fbb4585732473f7e95d3cbf3e8657100f9117e711e2af5b0db85a40"
    },
    "/root/miniconda3/bin/python3.12": {
      "bytes": 30626264,
      "sha256": "9a3d9e94d2be60d9a2a91d08f62292a152e28175fb4ee1d871aa5850fbb7a101"
    },
    "/usr/bin/bibtex.original": {
      "bytes": 117128,
      "sha256": "c9ecb71856a3e6a597fceaaa22d624efe9ba46506c90a6609149abf9f22ad18f"
    },
    "/usr/bin/pdftex": {
      "bytes": 1802504,
      "sha256": "01a7ab54ebf2fd89865aa0743ae9eaeec37ba4be75ca7cd254631cba6fb76cf9"
    },
    "/usr/bin/pdftoppm": {
      "bytes": 35240,
      "sha256": "f09bac4b4bc5e08ef9d44620fb5a4f1dd61574a8ed9fe49f48575d45e6966165"
    },
    "/usr/share/texlive/texmf-dist/bibtex/bst/natbib/plainnat.bst": {
      "bytes": 26816,
      "sha256": "21eefa76f1c967f5074776fcef096c0f8f2b9e42347e84b62e1dbb121dcae486"
    },
    "/usr/share/texlive/texmf-dist/fonts/map/fontname/texfonts.map": {
      "bytes": 3524,
      "sha256": "d9693993efdc7d0b9ab3df777589995d43e24eeae95f12b6a230a19caadeaa42"
    },
    "/usr/share/texlive/texmf-dist/fonts/tfm/jknappen/ec/ecrm1000.tfm": {
      "bytes": 3584,
      "sha256": "6538d396bf70b360a36c6af2ba424f1f25ecb1700fda4a22462a3044e1bce5b4"
    },
    "/usr/share/texlive/texmf-dist/fonts/tfm/public/amsfonts/symbols/msam10.tfm": {
      "bytes": 916,
      "sha256": "3b54bde5cb0e0bd071eea7bc702ed3a1a284f786779ef8e75b06eba4104bb9f2"
    },
    "/usr/share/texlive/texmf-dist/fonts/tfm/public/amsfonts/symbols/msam5.tfm": {
      "bytes": 924,
      "sha256": "c800d1dfd533040219fcc06d52e0e00c2a20fb9b0039fe9f58ccec53fd003a9f"
    },
    "/usr/share/texlive/texmf-dist/fonts/tfm/public/amsfonts/symbols/msam7.tfm": {
      "bytes": 928,
      "sha256": "719d100c110fa1cfae9ad0b63e6c21753f4980f925fa516c1a04961e206f69d5"
    },
    "/usr/share/texlive/texmf-dist/fonts/tfm/public/amsfonts/symbols/msbm10.tfm": {
      "bytes": 908,
      "sha256": "d9f5f519ec718e9dbccb8527c1f5d3b4a008dfb946377f97f71611b385d3d010"
    },
    "/usr/share/texlive/texmf-dist/fonts/tfm/public/amsfonts/symbols/msbm5.tfm": {
      "bytes": 940,
      "sha256": "9e0909a297a3097e50960158d324006ddd5302db665400fa1fdf966df14e1a17"
    },
    "/usr/share/texlive/texmf-dist/fonts/tfm/public/amsfonts/symbols/msbm7.tfm": {
      "bytes": 940,
      "sha256": "361b5530a4b410c6274e9330c11e993843c62e394323aeaa6e0aee61e8042444"
    },
    "/usr/share/texlive/texmf-dist/fonts/type1/public/amsfonts/symbols/msam10.pfb": {
      "bytes": 31764,
      "sha256": "f2e3b470b988a46272125e917531690d3c4d03ac7238f112b07337f972a537fa"
    },
    "/usr/share/texlive/texmf-dist/tex/context/base/mkii/supp-pdf.mkii": {
      "bytes": 71627,
      "sha256": "5dd3675b88c7b61d3703e6bf35ed75623acc6b163dff7b1477b485cee8ad71cb"
    },
    "/usr/share/texlive/texmf-dist/tex/generic/atbegshi/atbegshi.sty": {
      "bytes": 24708,
      "sha256": "a73003b4bb2dc8a814533ddbd31600e6626827799c2a465d03ef42e7a33fa71b"
    },
    "/usr/share/texlive/texmf-dist/tex/generic/bigintcalc/bigintcalc.sty": {
      "bytes": 40635,
      "sha256": "050f2ad3a3671a1f4f9bcf97784836301bc751507e7ada546632379406aea103"
    },
    "/usr/share/texlive/texmf-dist/tex/generic/bitset/bitset.sty": {
      "bytes": 33961,
      "sha256": "af5c7196c69dc9d28225189169b60c9b9039125bc1756c04d54886f0a3e1891e"
    },
    "/usr/share/texlive/texmf-dist/tex/generic/etexcmds/etexcmds.sty": {
      "bytes": 7734,
      "sha256": "a7db2834e02bd11be0e62a3be15e3dc293ba1be9196f19b29b9d98bfdbeb7514"
    },
    "/usr/share/texlive/texmf-dist/tex/generic/gettitlestring/gettitlestring.sty": {
      "bytes": 8371,
      "sha256": "26ab10fd43fd5a90f98bcbed3a99978808da8878eb73835db4e0346371aee41e"
    },
    "/usr/share/texlive/texmf-dist/tex/generic/iftex/iftex.sty": {
      "bytes": 6501,
      "sha256": "3ef84c3b0794f630fef909af51b9d72f2a1fafce921803a73909a2caab7d323b"
    },
    "/usr/share/texlive/texmf-dist/tex/generic/iftex/ifvtex.sty": {
      "bytes": 1057,
      "sha256": "1138730b9ad7d9f664b4760a4ea0ae0945afd21c006b76b67e623e863bbf3756"
    },
    "/usr/share/texlive/texmf-dist/tex/generic/infwarerr/infwarerr.sty": {
      "bytes": 8356,
      "sha256": "8c3e23b8bb7d940ff26cb0cf96e0151f540acf55020dc3c1aa8bcdb2eb66305c"
    },
    "/usr/share/texlive/texmf-dist/tex/generic/intcalc/intcalc.sty": {
      "bytes": 31769,
      "sha256": "1343ba1b10b245bfd199c22947249af1d756808690c7811c90f07fe0a3772080"
    },
    "/usr/share/texlive/texmf-dist/tex/generic/kvdefinekeys/kvdefinekeys.sty": {
      "bytes": 5412,
      "sha256": "c42f0c2628dc5fbd95b535cf8cd3cc964347653c099d38c0d416f896d84e8240"
    },
    "/usr/share/texlive/texmf-dist/tex/generic/kvsetkeys/kvsetkeys.sty": {
      "bytes": 13807,
      "sha256": "00c8665544687fea57c27a6be454f832c5190e710545102ef0507238bad1365e"
    },
    "/usr/share/texlive/texmf-dist/tex/generic/ltxcmds/ltxcmds.sty": {
      "bytes": 17859,
      "sha256": "72a45b7f07d85a66605bbec6c0f783527995722e15c3bc5963b3048b9831bbc0"
    },
    "/usr/share/texlive/texmf-dist/tex/generic/pdfescape/pdfescape.sty": {
      "bytes": 19007,
      "sha256": "b3f0e56366c11b85dae521f9a48a6fd415dec1ce8c83152fde813a9f64445b49"
    },
    "/usr/share/texlive/texmf-dist/tex/generic/pdftexcmds/pdftexcmds.sty": {
      "bytes": 20089,
      "sha256": "2df7e0bd148c99d8097352b8ac9948dccf91d61ba360dcf43f82206933b6045b"
    },
    "/usr/share/texlive/texmf-dist/tex/generic/uniquecounter/uniquecounter.sty": {
      "bytes": 7008,
      "sha256": "9d11c81501953d689787ff14c073d2f1eda5874068db9e882b8dbbf9a9d863b0"
    },
    "/usr/share/texlive/texmf-dist/tex/latex/amscls/amsart.cls": {
      "bytes": 61881,
      "sha256": "c8bf939ae935d62d4ced49e4e8f9f4f5ff3dd4a4bc8e0abd4991f5737caee4f7"
    },
    "/usr/share/texlive/texmf-dist/tex/latex/amsfonts/amsfonts.sty": {
      "bytes": 5949,
      "sha256": "dab8b0e621267acfd89736cf97bdcc02647c545c0719c4997be8a7d1bf98f9c3"
    },
    "/usr/share/texlive/texmf-dist/tex/latex/amsfonts/amssymb.sty": {
      "bytes": 13829,
      "sha256": "70838b061b56569dd3ed9f339b1bdd1c78ba185de49f27ceae331c97f48b5986"
    },
    "/usr/share/texlive/texmf-dist/tex/latex/amsfonts/umsa.fd": {
      "bytes": 961,
      "sha256": "48355e960333be747dd7b4500e76fde7c3ef0b1fa9c74ec0f1438af0d3a661a4"
    },
    "/usr/share/texlive/texmf-dist/tex/latex/amsfonts/umsb.fd": {
      "bytes": 961,
      "sha256": "e20f21f6ed631cbe3a627d5da5fef82367732a7d51207f8df5ee7e9c77ee342e"
    },
    "/usr/share/texlive/texmf-dist/tex/latex/amsmath/amsbsy.sty": {
      "bytes": 2222,
      "sha256": "7f25c33d4010066ff2eed0286f62854867698b06d10ebad93b1b1ab96d12f936"
    },
    "/usr/share/texlive/texmf-dist/tex/latex/amsmath/amsgen.sty": {
      "bytes": 4173,
      "sha256": "d90cfa74087e9f8678fb81bde57f809f0d4043f2674cb23b73a85958ec4a0fb6"
    },
    "/usr/share/texlive/texmf-dist/tex/latex/amsmath/amsmath.sty": {
      "bytes": 87648,
      "sha256": "027b292408d989f370f160c9b5f5b89641f69cd19027b0342beb022dd74d7c83"
    },
    "/usr/share/texlive/texmf-dist/tex/latex/amsmath/amsopn.sty": {
      "bytes": 4128,
      "sha256": "18c28b99321d0f4576cb42e2793d2654828b273700224cd9ee27047f803e99f5"
    },
    "/usr/share/texlive/texmf-dist/tex/latex/amsmath/amstext.sty": {
      "bytes": 2444,
      "sha256": "49426425d82407dc702c77236fdeb4b82568ebb9566b8dd849bcfbf9eb9644de"
    },
    "/usr/share/texlive/texmf-dist/tex/latex/atveryend/atveryend.sty": {
      "bytes": 19336,
      "sha256": "a62143db8b3bf1e52082c32e3feb7450bc90c000c6c48a38fa51cf96a6075eae"
    },
    "/usr/share/texlive/texmf-dist/tex/latex/auxhook/auxhook.sty": {
      "bytes": 3935,
      "sha256": "1d9f36f4e9674bef594a47cac7d5781e9f7e0c7c8edf9f72769f4dc6f10d1b5f"
    },
    "/usr/share/texlive/texmf-dist/tex/latex/base/atbegshi-ltx.sty": {
      "bytes": 3034,
      "sha256": "815582a920087c3a3c7dbf4d357b22db05e087f87b7fdcadf606d9f1fe750cb4"
    },
    "/usr/share/texlive/texmf-dist/tex/latex/base/atveryend-ltx.sty": {
      "bytes": 2462,
      "sha256": "5cf523f1f8f87a365b9b2d16d79e62e0363a833dfdfa889e99f5251064661e83"
    },
    "/usr/share/texlive/texmf-dist/tex/latex/base/fontenc.sty": {
      "bytes": 4946,
      "sha256": "d088c75e16c3c9f6b979a59571b96e5dd9e487a720bc74591580878388b82918"
    },
    "/usr/share/texlive/texmf-dist/tex/latex/booktabs/booktabs.sty": {
      "bytes": 6078,
      "sha256": "3fe694a5406f84847143e56ba1841385364277cfe7694a9f4bc0072ca8656abc"
    },
    "/usr/share/texlive/texmf-dist/tex/latex/epstopdf-pkg/epstopdf-base.sty": {
      "bytes": 13886,
      "sha256": "3d2226e3d68b4255061baa496cc9cbc107816a7d364720c1bd8c83dccb047b64"
    },
    "/usr/share/texlive/texmf-dist/tex/latex/etoolbox/etoolbox.sty": {
      "bytes": 46845,
      "sha256": "b10381f0017ae75bd03dc9175b35ad56b93fdd24f2a47dd4aa9c6987ef35ccdb"
    },
    "/usr/share/texlive/texmf-dist/tex/latex/geometry/geometry.sty": {
      "bytes": 41601,
      "sha256": "d5d36ad74051ad36288242b51438e2d9a5db2bd6c063b9b5704d0931fbc9f439"
    },
    "/usr/share/texlive/texmf-dist/tex/latex/graphics-cfg/color.cfg": {
      "bytes": 1213,
      "sha256": "a3529ccdadc8248b4c5d7c34ceea53bdc1509b54f18a192ad51b924bd297d8df"
    },
    "/usr/share/texlive/texmf-dist/tex/latex/graphics-cfg/graphics.cfg": {
      "bytes": 1224,
      "sha256": "feb91e48789a21e4acced98e952c77a2e2cf4a77e01bf147b59fa56a1b3f2008"
    },
    "/usr/share/texlive/texmf-dist/tex/latex/graphics-def/pdftex.def": {
      "bytes": 19103,
      "sha256": "62c3a2892e6acc3d94b1e8a50ecc2a11a16565ddee3f68006a84822eb5b93a5d"
    },
    "/usr/share/texlive/texmf-dist/tex/latex/graphics/color.sty": {
      "bytes": 7197,
      "sha256": "2b4ecc9d1ba83a5179742f31dcdf8513518febd33d6077e41ba6de4263c9e6bd"
    },
    "/usr/share/texlive/texmf-dist/tex/latex/graphics/graphics.sty": {
      "bytes": 18399,
      "sha256": "63cb7c6ae98653209d8f77ee842849676930fd694bc45a771309e0486c1cd9b5"
    },
    "/usr/share/texlive/texmf-dist/tex/latex/graphics/graphicx.sty": {
      "bytes": 7996,
      "sha256": "da1e0ad80baeea2859059307358257c506069c91bdd29fde9e12ee957cc5db44"
    },
    "/usr/share/texlive/texmf-dist/tex/latex/graphics/keyval.sty": {
      "bytes": 2671,
      "sha256": "cdac603619a4c129511ef8a3abfbb4d2068b1bb67626cb30568baa0ceb26aea2"
    },
    "/usr/share/texlive/texmf-dist/tex/latex/graphics/trig.sty": {
      "bytes": 4009,
      "sha256": "4af1b021af86649d926eb025a92fa4a3603f0d65893ccdb6fb756b5a16810a51"
    },
    "/usr/share/texlive/texmf-dist/tex/latex/hycolor/hycolor.sty": {
      "bytes": 17914,
      "sha256": "8acaa03eda19a8158780356701e905e354e1dc47dc736e6e26fc860c12a15e14"
    },
    "/usr/share/texlive/texmf-dist/tex/latex/hyperref/hpdftex.def": {
      "bytes": 49890,
      "sha256": "3c08230c780a081f903eaf264d73fe4f7e048c9e120d9f68ec9a22a9fca75a94"
    },
    "/usr/share/texlive/texmf-dist/tex/latex/hyperref/hyperref-langpatches.def": {
      "bytes": 1777,
      "sha256": "5c06584486c1e879456058641d489fb39c844819f7da76cd6edd0200156f3519"
    },
    "/usr/share/texlive/texmf-dist/tex/latex/hyperref/hyperref.sty": {
      "bytes": 230915,
      "sha256": "77e7c2421a06900f158416e090665069dd724a6e0c605cd2a1838c7d3b7944d2"
    },
    "/usr/share/texlive/texmf-dist/tex/latex/hyperref/nameref.sty": {
      "bytes": 13242,
      "sha256": "4a728ad40dd3708c44cb418f4a19bf0ba4f32fdbfa35ee3a5ad205352d5497b6"
    },
    "/usr/share/texlive/texmf-dist/tex/latex/hyperref/pd1enc.def": {
      "bytes": 14132,
      "sha256": "f58f928db18cb7549787c074bbc7fd6a15ec005a4081e22435c8097ab79d662a"
    },
    "/usr/share/texlive/texmf-dist/tex/latex/hyperref/puenc.def": {
      "bytes": 117004,
      "sha256": "2f61dd99e83b8c04ede33d738564aa335c82132b1f0dcf276b98435d7931d28e"
    },
    "/usr/share/texlive/texmf-dist/tex/latex/kvoptions/kvoptions.sty": {
      "bytes": 22521,
      "sha256": "28be410832fdddeb9c853ceb14d49845de1c62316acfe4406f8b5b60f2e13e62"
    },
    "/usr/share/texlive/texmf-dist/tex/latex/l3backend/l3backend-pdftex.def": {
      "bytes": 29921,
      "sha256": "9617358386bec1691faec14fd624634525f105505a5f9573c47bd4f617ddcb5d"
    },
    "/usr/share/texlive/texmf-dist/tex/latex/latexconfig/epstopdf-sys.cfg": {
      "bytes": 678,
      "sha256": "10db2171b6e267720299c10b9e84f92c5cf069941dbfe3760e198304e49d5324"
    },
    "/usr/share/texlive/texmf-dist/tex/latex/letltxmacro/letltxmacro.sty": {
      "bytes": 5766,
      "sha256": "3a5e77870557530b7bef361a2d5af7346121807e335dcc291cb6fb6a773b569a"
    },
    "/usr/share/texlive/texmf-dist/tex/latex/mathtools/mathtools.sty": {
      "bytes": 59397,
      "sha256": "e6bb70c66ffccc39e0ce8786d3dfca962a473339008a5a51ffae09075b74f5a7"
    },
    "/usr/share/texlive/texmf-dist/tex/latex/mathtools/mhsetup.sty": {
      "bytes": 5582,
      "sha256": "c3ae1e23f43029fbfc271e3b1440a692e1cd924d1810430b99e4f2aa5b9ccf09"
    },
    "/usr/share/texlive/texmf-dist/tex/latex/microtype/microtype-pdftex.def": {
      "bytes": 48111,
      "sha256": "fa3832daa966cdddbc19f8a974c9a73be57f7e50ec8ffc9ef1c2a514116b5bfe"
    },
    "/usr/share/texlive/texmf-dist/tex/latex/microtype/microtype.cfg": {
      "bytes": 26645,
      "sha256": "7874c99976a0d0872bc8317d6608d9f16b3f166f6ed2fa68e44448bd5895b959"
    },
    "/usr/share/texlive/texmf-dist/tex/latex/microtype/microtype.sty": {
      "bytes": 88856,
      "sha256": "a23ca4bacbb60ff7b5aa1052e2a3281cebfcd06ea2e615ad14d12c1786204b4d"
    },
    "/usr/share/texlive/texmf-dist/tex/latex/microtype/mt-cmr.cfg": {
      "bytes": 22905,
      "sha256": "2feb08c0d6c37a9ecaa17d728c04128aece366e4eb4012982e047bf18b8df4e3"
    },
    "/usr/share/texlive/texmf-dist/tex/latex/microtype/mt-msa.cfg": {
      "bytes": 5928,
      "sha256": "54db5efa582a99e180af6c8cf6f4e8f7f975d1b666e648b05fa726ba968a8cab"
    },
    "/usr/share/texlive/texmf-dist/tex/latex/microtype/mt-msb.cfg": {
      "bytes": 5593,
      "sha256": "ab63481847d5b299b8e3f076cb476f531fc6f9662946e8ad048c3ea0520bb259"
    },
    "/usr/share/texlive/texmf-dist/tex/latex/natbib/natbib.sty": {
      "bytes": 45458,
      "sha256": "d2709be806dc7d5f54daa9a16022ba1451b1322954751b98e38cfad0cc107450"
    },
    "/usr/share/texlive/texmf-dist/tex/latex/refcount/refcount.sty": {
      "bytes": 9878,
      "sha256": "1bd5d42025520bef74f8808af99cf3f3be7d2e3774b9931bf85c11ba81bb6cab"
    },
    "/usr/share/texlive/texmf-dist/tex/latex/rerunfilecheck/rerunfilecheck.sty": {
      "bytes": 9715,
      "sha256": "c206a966a49fe47d1c59723d116dac95994468272cda392a56cf7379519c460f"
    },
    "/usr/share/texlive/texmf-dist/tex/latex/tools/calc.sty": {
      "bytes": 10214,
      "sha256": "57beb2c684bafae5e22ed8ebf3873d279c68038200b1d47703f88d87cd2ea6d2"
    },
    "/usr/share/texlive/texmf-dist/tex/latex/url/url.sty": {
      "bytes": 12796,
      "sha256": "2373f56849ac606473e77053e5c1d14c92aba312b3f684e02a130eaf36f2de47"
    },
    "/usr/share/texlive/texmf-dist/tex/latex/xcolor/xcolor.sty": {
      "bytes": 56029,
      "sha256": "121f45cee5e0a32583909763f95b1aae2c8f0d0a086def03fd958ebdad5e5c02"
    },
    "/usr/share/texlive/texmf-dist/web2c/texmf.cnf": {
      "bytes": 39432,
      "sha256": "ced214c26baca02d79428fd1e7f3acf59e8d60436e28bc269c3fde93e1f70bab"
    },
    "/usr/share/texmf/fonts/enc/dvips/lm/lm-ec.enc": {
      "bytes": 2375,
      "sha256": "7f9932c402d22a937b853406cfdf4166b80260e3ff21a03fe9a4c05105a2918c"
    },
    "/usr/share/texmf/fonts/enc/dvips/lm/lm-mathex.enc": {
      "bytes": 3486,
      "sha256": "7ecd3eb53329d24551d4e125c741037a4bf94872bf545492b6fb4c7d21f381c4"
    },
    "/usr/share/texmf/fonts/enc/dvips/lm/lm-mathit.enc": {
      "bytes": 2405,
      "sha256": "0d7b9e82ad6274470876761c22573c28db1f1b32d647b688230b3a366f0e373b"
    },
    "/usr/share/texmf/fonts/enc/dvips/lm/lm-mathsy.enc": {
      "bytes": 2840,
      "sha256": "a2980b38288ef4024b8a3e170c19c9d4e2ee8b7dde97a59e8148291ffd3443db"
    },
    "/usr/share/texmf/fonts/enc/dvips/lm/lm-rm.enc": {
      "bytes": 2327,
      "sha256": "8bf8f9bd48d49aa3f3c597716908854e4d9207b009c109e6d9c5887feb856844"
    },
    "/usr/share/texmf/fonts/tfm/public/lm/ec-lmbx10.tfm": {
      "bytes": 12076,
      "sha256": "0895c940bd2e763b70dcab18ebf27fd3f93c2490f43b2a8c028fc7fc24b2e855"
    },
    "/usr/share/texmf/fonts/tfm/public/lm/ec-lmcsc10.tfm": {
      "bytes": 11276,
      "sha256": "0918c1e4cc3cbe056794ec14697f38e266aab7475d48ea182912360c287b9e05"
    },
    "/usr/share/texmf/fonts/tfm/public/lm/ec-lmr10.tfm": {
      "bytes": 12056,
      "sha256": "cd13479f463b9a575d053dd7bf0884daa46bfdeffe4b7f537c193861652ac9e5"
    },
    "/usr/share/texmf/fonts/tfm/public/lm/ec-lmr5.tfm": {
      "bytes": 12020,
      "sha256": "4f75f4f48232bcc51274bdfc7c04a44324f028345517d7f07c21dfde4ca9b804"
    },
    "/usr/share/texmf/fonts/tfm/public/lm/ec-lmr7.tfm": {
      "bytes": 12064,
      "sha256": "8cbbca3361fad7a70510d9e506bed78c1288065c1d83adce828df8c31afeedaf"
    },
    "/usr/share/texmf/fonts/tfm/public/lm/ec-lmr8.tfm": {
      "bytes": 12064,
      "sha256": "9c60dbef6aea9e108bd6512f10bd2855331b31ffa49bfb6161bf4ee9ac570584"
    },
    "/usr/share/texmf/fonts/tfm/public/lm/ec-lmr9.tfm": {
      "bytes": 12084,
      "sha256": "9e5b21c43423010fb28b078b34f2c10e5c5f4f871ec51fb84dca9caf05fae31f"
    },
    "/usr/share/texmf/fonts/tfm/public/lm/ec-lmri10.tfm": {
      "bytes": 17148,
      "sha256": "372f968b4eeb47bf6a6c941c8793bce118d1800f12e194a351c7493ecc158f2a"
    },
    "/usr/share/texmf/fonts/tfm/public/lm/ec-lmri7.tfm": {
      "bytes": 17168,
      "sha256": "e7807ea6471b5fc7a14544fd6f72bb82fbb14230d79196f68509a3589e62a678"
    },
    "/usr/share/texmf/fonts/tfm/public/lm/ec-lmri8.tfm": {
      "bytes": 17152,
      "sha256": "1440665458738428540918b90c7a3556d6ed3118ff2e0237bd739c60f6edb889"
    },
    "/usr/share/texmf/fonts/tfm/public/lm/ec-lmtt10.tfm": {
      "bytes": 1372,
      "sha256": "d1d413f1d0d07f65ff7bc3ebc09a3c104087e20eccd10ccb384da5c4f175c485"
    },
    "/usr/share/texmf/fonts/tfm/public/lm/lmex10.tfm": {
      "bytes": 992,
      "sha256": "9547b25fd525782610200d794a82de33037887422751fcc29c5768cfa650e626"
    },
    "/usr/share/texmf/fonts/tfm/public/lm/lmmi10.tfm": {
      "bytes": 1528,
      "sha256": "d9fce8963e8cb075bf31a5715a8f4a54688f7026b3a06e882ff2eb9c0d110320"
    },
    "/usr/share/texmf/fonts/tfm/public/lm/lmmi5.tfm": {
      "bytes": 1508,
      "sha256": "7bc98c12006eb1d784ce276f5dc008e0d631ee6bc659efadec24801c00d2a462"
    },
    "/usr/share/texmf/fonts/tfm/public/lm/lmmi6.tfm": {
      "bytes": 1512,
      "sha256": "e7305bead3f6b2c8313e1234cb52376219d4283227c23295fe2f654e3ba3b551"
    },
    "/usr/share/texmf/fonts/tfm/public/lm/lmmi7.tfm": {
      "bytes": 1528,
      "sha256": "8548d4d19fc2b3671a5e11526f9013df8828b5b9b0f8277dc0ae7148bd1d33f5"
    },
    "/usr/share/texmf/fonts/tfm/public/lm/lmmi8.tfm": {
      "bytes": 1520,
      "sha256": "8d8514f9b0d11e443d9a3cdc059622b06797c1dbcb3cee994f6ac3329c462a82"
    },
    "/usr/share/texmf/fonts/tfm/public/lm/lmmi9.tfm": {
      "bytes": 1524,
      "sha256": "270036d0f099a1bd4aea0e2bb0c58dfef4b456d029b853bd8c02473aaf578a13"
    },
    "/usr/share/texmf/fonts/tfm/public/lm/lmsy10.tfm": {
      "bytes": 1308,
      "sha256": "11f429b2c08f944627faa5942277297d7f8fef40edae2bae46cb238b838400ba"
    },
    "/usr/share/texmf/fonts/tfm/public/lm/lmsy5.tfm": {
      "bytes": 1296,
      "sha256": "cac282b076edc89a2bbc8cdd1bd899117cd1af05612bca2b203e8b5ebe715431"
    },
    "/usr/share/texmf/fonts/tfm/public/lm/lmsy6.tfm": {
      "bytes": 1300,
      "sha256": "8548e4b09655eb2b166bf95df4be4f2a7ae54d5df2069bc04ef233bfd941167b"
    },
    "/usr/share/texmf/fonts/tfm/public/lm/lmsy7.tfm": {
      "bytes": 1304,
      "sha256": "3e92767469b4df54c985a533b8064789df60f21ab69d381dbf01bb608e3fbff8"
    },
    "/usr/share/texmf/fonts/tfm/public/lm/lmsy8.tfm": {
      "bytes": 1304,
      "sha256": "b6b96268d56481a5bc7cbb34b140ca1fa5017d2767acc4e11a94b30eabd114f7"
    },
    "/usr/share/texmf/fonts/tfm/public/lm/lmsy9.tfm": {
      "bytes": 1300,
      "sha256": "05daea5b4dd62b9ff70d99531e077ff11f56a5c26dfa6d6c6cfb643f42b9dc4a"
    },
    "/usr/share/texmf/fonts/tfm/public/lm/rm-lmbx10.tfm": {
      "bytes": 11880,
      "sha256": "2b9ed6698b37f0276ba76fd4f1bb60f4378eac10121ebc9913eddec542ecb0a4"
    },
    "/usr/share/texmf/fonts/tfm/public/lm/rm-lmbx5.tfm": {
      "bytes": 11828,
      "sha256": "e65de5802087559eee7b694b6a777a976d5ee566632d92be8248155d2286bac0"
    },
    "/usr/share/texmf/fonts/tfm/public/lm/rm-lmbx6.tfm": {
      "bytes": 11852,
      "sha256": "f41386043b050899f4fb2dfd6d4de00df98f656c35df84c860818422b7c10db4"
    },
    "/usr/share/texmf/fonts/tfm/public/lm/rm-lmbx7.tfm": {
      "bytes": 11864,
      "sha256": "71db3d61d53ffab4e17d138ae43017bec4212cde1dd7a1875350b34be415fd0e"
    },
    "/usr/share/texmf/fonts/tfm/public/lm/rm-lmbx9.tfm": {
      "bytes": 11872,
      "sha256": "fd9dba8921732f2bdf960ced96d941511392631268a5e3f96a6fe9123bb92baf"
    },
    "/usr/share/texmf/fonts/tfm/public/lm/rm-lmr10.tfm": {
      "bytes": 11868,
      "sha256": "50dc8240a67003c1ec5bcd55f703c87189aeab0d199c42b4dc3e141a02488998"
    },
    "/usr/share/texmf/fonts/tfm/public/lm/rm-lmr5.tfm": {
      "bytes": 11804,
      "sha256": "420a4fc1563b171e5a791bb71211d85e6bf62fd2f2ed2a7f34f742049d6e5071"
    },
    "/usr/share/texmf/fonts/tfm/public/lm/rm-lmr6.tfm": {
      "bytes": 11836,
      "sha256": "eb0bfdf8db3ae1409639fac9c88f84923872500d882d9ff8dc37aff445c723fe"
    },
    "/usr/share/texmf/fonts/tfm/public/lm/rm-lmr7.tfm": {
      "bytes": 11852,
      "sha256": "373a4f72b5a088f9caee2cfd75adb2b25116e0cba3ad2bfa99b5f8a7e902a482"
    },
    "/usr/share/texmf/fonts/tfm/public/lm/rm-lmr8.tfm": {
      "bytes": 11864,
      "sha256": "80bcbfd844d2310ac1d3bead45aee25e91b1a4a0a60ff1771959b9a1e90ec1a2"
    },
    "/usr/share/texmf/fonts/tfm/public/lm/rm-lmr9.tfm": {
      "bytes": 11884,
      "sha256": "ef6f318763d0052fc82dde4d73071a894ab6dfaa06890800ddd9b4a65657c0df"
    },
    "/usr/share/texmf/fonts/tfm/public/lm/rm-lmss10.tfm": {
      "bytes": 10976,
      "sha256": "fa1bbbfbd9c0cf29a03d63c4fd8c7f4b63f3fb35be2396ea16cfde00052f0c7c"
    },
    "/usr/share/texmf/fonts/tfm/public/lm/rm-lmss8.tfm": {
      "bytes": 10976,
      "sha256": "4753d3939ef7e9858b39f1d255c45dc6eb9eeb7e8c06d885e3ec43597fab4513"
    },
    "/usr/share/texmf/fonts/type1/public/lm/lmbx10.pfb": {
      "bytes": 121021,
      "sha256": "4acd67f9ece59a12e073aa863dbb1d5cea194f7f7b88ecce4659184d8275aa42"
    },
    "/usr/share/texmf/fonts/type1/public/lm/lmcsc10.pfb": {
      "bytes": 116427,
      "sha256": "cd00eadf0b9cd4641146a2ef8ff218861e4dc80c7eeb749871dc1f639ded1928"
    },
    "/usr/share/texmf/fonts/type1/public/lm/lmex10.pfb": {
      "bytes": 23055,
      "sha256": "8e12eda1d29f55271bcef9a5022b42c8c10f8e65060dd6a8880556aa5484c052"
    },
    "/usr/share/texmf/fonts/type1/public/lm/lmmi10.pfb": {
      "bytes": 30388,
      "sha256": "c24662506b402f3e0033cc75eb746eb490a1b7477e6b3ef52053f5025ec0fc57"
    },
    "/usr/share/texmf/fonts/type1/public/lm/lmmi5.pfb": {
      "bytes": 31443,
      "sha256": "b1f4adc7d712c838c9de8f13182e587eea9fd1ad2b3652c39e5d8d23022ad228"
    },
    "/usr/share/texmf/fonts/type1/public/lm/lmmi6.pfb": {
      "bytes": 31113,
      "sha256": "84b90db59b216d7f25f89a45c7565d7cccccc6c32961fe972b1a53558fa2035e"
    },
    "/usr/share/texmf/fonts/type1/public/lm/lmmi7.pfb": {
      "bytes": 30789,
      "sha256": "7c646a6a841c2e99909f7d5673d778fc104e43efad281ea0b5687636c544c639"
    },
    "/usr/share/texmf/fonts/type1/public/lm/lmmi8.pfb": {
      "bytes": 30635,
      "sha256": "ec3aa1701ea2dbbd9ea2b7316ffe81726a3a2ecb31442fbaf719800f2625e68d"
    },
    "/usr/share/texmf/fonts/type1/public/lm/lmmi9.pfb": {
      "bytes": 30698,
      "sha256": "53c9f27e27bd9b6409a6b330eb2906a7c1ba098d26dd1012cb93da0548129d9f"
    },
    "/usr/share/texmf/fonts/type1/public/lm/lmr10.pfb": {
      "bytes": 119235,
      "sha256": "84eb01245abb17c0530ca3909427256d73df8bed2d7243b9f2717ca08c010ac8"
    },
    "/usr/share/texmf/fonts/type1/public/lm/lmr5.pfb": {
      "bytes": 120387,
      "sha256": "584815958b6e66cf4ec2b590f93bd853117f862f4f0fa8b06f4ee6eb6035e845"
    },
    "/usr/share/texmf/fonts/type1/public/lm/lmr6.pfb": {
      "bytes": 123394,
      "sha256": "0169c3fcc2685ba53356a09c1b96c8f71c250ba5177da7b23e7a819e583ccf88"
    },
    "/usr/share/texmf/fonts/type1/public/lm/lmr7.pfb": {
      "bytes": 121145,
      "sha256": "cf94a1a79a32c446f11e585164463234a515721d509d2f2cfb0ab61f6f744ddc"
    },
    "/usr/share/texmf/fonts/type1/public/lm/lmr8.pfb": {
      "bytes": 122174,
      "sha256": "4a117a1dd9cf4f8b7eea4587eaa4f612be7ca329cb1d8255a2c6bb20febbfa69"
    },
    "/usr/share/texmf/fonts/type1/public/lm/lmr9.pfb": {
      "bytes": 121065,
      "sha256": "0a28c017128947f0b23cef511dac5499bdd73b7c8f218f605b632aa9f3e2e2d4"
    },
    "/usr/share/texmf/fonts/type1/public/lm/lmri10.pfb": {
      "bytes": 112593,
      "sha256": "1239c71330ac8f0584e22f4d6abd0f016421fc73c545b15512ccf80b263f5c66"
    },
    "/usr/share/texmf/fonts/type1/public/lm/lmri8.pfb": {
      "bytes": 109952,
      "sha256": "77e9972e38fc26a42f00a55b396b4afd1d88676ff2bd4f5a45de64ec54292ea5"
    },
    "/usr/share/texmf/fonts/type1/public/lm/lmss8.pfb": {
      "bytes": 94400,
      "sha256": "48f972b0c6b2d320c5590da1c549dccf6751ba039d2d114e0134a2684539d6c0"
    },
    "/usr/share/texmf/fonts/type1/public/lm/lmsy10.pfb": {
      "bytes": 27863,
      "sha256": "9969fd5ae5281ad40cdf6d8caf50084636a43ed7b7647e0e9e1195e859cec7cc"
    },
    "/usr/share/texmf/fonts/type1/public/lm/lmsy5.pfb": {
      "bytes": 28210,
      "sha256": "bab25ed3e0f79c2781052d4725d26c584d1be19b8e7ad0d8b8b10fa0d89e49c6"
    },
    "/usr/share/texmf/fonts/type1/public/lm/lmsy6.pfb": {
      "bytes": 28109,
      "sha256": "882b12a92a65c7b5929a782ef99c9b2fca2235b70c8a3f772950a8e343259f82"
    },
    "/usr/share/texmf/fonts/type1/public/lm/lmsy7.pfb": {
      "bytes": 27941,
      "sha256": "c434f5fb70bc41978ac63c673556a2d913211f297947aa1f0d18b93da25ebe4b"
    },
    "/usr/share/texmf/fonts/type1/public/lm/lmsy8.pfb": {
      "bytes": 27802,
      "sha256": "e23c98a5dadbaf4f156082cfcfa7b3366f849ee86b0410db53a9c6fe4e67920b"
    },
    "/usr/share/texmf/fonts/type1/public/lm/lmsy9.pfb": {
      "bytes": 27835,
      "sha256": "5c6f4237fa54ed19a92d8efc919993f21da7b990b7f2c58df98b80e61844affb"
    },
    "/usr/share/texmf/fonts/type1/public/lm/lmtt10.pfb": {
      "bytes": 113227,
      "sha256": "4b266a3e09581283d72e31df9f240811c77e02f8debf720744cc4614f7493616"
    },
    "/usr/share/texmf/tex/latex/lm/lmodern.sty": {
      "bytes": 1606,
      "sha256": "e1cdd137ae86b4e860f0b0bcfc4c1a90cae3ff1f9c651cb21bd86c15bb83b916"
    },
    "/usr/share/texmf/tex/latex/lm/omllmm.fd": {
      "bytes": 888,
      "sha256": "337c71b9927dc7aa1d408fed8aa5fac106d81ba22523cd86ab833579da7f5789"
    },
    "/usr/share/texmf/tex/latex/lm/omslmsy.fd": {
      "bytes": 805,
      "sha256": "0ed6c71ca08b1dfe16617ceeb5edc06f00704fd545fe0017406ed943c57f4080"
    },
    "/usr/share/texmf/tex/latex/lm/omxlmex.fd": {
      "bytes": 566,
      "sha256": "7e4062e5811c7f60b26bba06df02871989100ea848ea381b8a17f6e5c2ccb741"
    },
    "/usr/share/texmf/tex/latex/lm/ot1lmr.fd": {
      "bytes": 1880,
      "sha256": "4e83c944e093586d510eb4eeab51a88b73cb6a82700db290851c36fd73f66fa4"
    },
    "/usr/share/texmf/tex/latex/lm/ot1lmss.fd": {
      "bytes": 1655,
      "sha256": "34e57c7c6957e000c524e7b09414801fd9e9a78febf78b206fe799f5ab8ce20f"
    },
    "/usr/share/texmf/tex/latex/lm/t1lmr.fd": {
      "bytes": 1865,
      "sha256": "54f78bd9a0a0ea15f67a34ecb4aa9c18475dc891fcf5da32d4611613386d6a33"
    },
    "/usr/share/texmf/tex/latex/lm/t1lmtt.fd": {
      "bytes": 2681,
      "sha256": "ed94775a6bab5267b1e471e54d209a08737a2756021338301eaa6e343728f043"
    },
    "/var/lib/texmf/fonts/map/pdftex/updmap/pdftex_dl14.map": {
      "bytes": 4036811,
      "sha256": "2f86753648117f81aa8da58263637c85bf05a5c0a6963a19f8f9a4ef24b7c947"
    },
    "/var/lib/texmf/web2c/pdftex/pdflatex.fmt": {
      "bytes": 1405648,
      "sha256": "8cd47b53d2ee61298d47097042f014f1cefbd742f6dcbff008c838fa1688d5e2"
    },
    "docs/papers197_201_sequence/HOSTILE_REVIEW_PROTOCOL.md": {
      "bytes": 1458,
      "sha256": "60c1031ce5cfa5de988791e00c2d58496d82595c6f11183868de6fadb33314ed"
    },
    "docs/papers197_201_sequence/scouting/word_poset_lane/TCSD_EXACT_GAP_PROOF.md": {
      "bytes": 5074,
      "sha256": "b7d72803db3638e6f8389a582cbf5b8562a4e8f411b2e8609e611929bea19180"
    },
    "docs/papers197_201_sequence/scouting/word_poset_lane/TCSD_THEOREM_CONTRACT.md": {
      "bytes": 9289,
      "sha256": "f9e9343986a4602d8cd607ae1265a7457f2a5b8538dc6cbd5adf5919f39d34e0"
    },
    "docs/papers204_208_sequence/ARTIFACT_CONTRACT.md": {
      "bytes": 4142,
      "sha256": "de1e46fe57ef42199232fa1ec1a18a25c0188fcb34aa02fb721ad2d576f52b73"
    },
    "docs/papers204_208_sequence/P207_A_RESPONSE.md": {
      "bytes": 2169,
      "sha256": "009f0d86c90658b4f278480dc8e9e1be8996212851c9626f1ce9a6625783c140"
    },
    "docs/papers204_208_sequence/P207_B_RESPONSE.md": {
      "bytes": 2629,
      "sha256": "d1e3f7b0ede25f375269ebedaa84c12558f7055322dfe905379974e05dbd3244"
    },
    "docs/papers204_208_sequence/P207_B_RESPONSE_SUPPLEMENT.md": {
      "bytes": 2516,
      "sha256": "a3e3c2a36388291240f12055d44a2a4c281b3ee94800b76fa20e87124c874294"
    },
    "docs/papers204_208_sequence/qa/P207_B_INITIAL_ARTIFACT_AUDIT.md": {
      "bytes": 13035,
      "sha256": "a3c526e52635877a2de042bd40e1e0ce9e299588204af4495b35d5f00a13bef2"
    },
    "docs/papers204_208_sequence/qa/P207_B_ROOT_DELTA_PINS.actual.json": {
      "bytes": 47344,
      "sha256": "dce13f66665cdc9c81d6e08bb59d4972995f2a9a36db31ceb6727efac65c9b94"
    },
    "docs/papers204_208_sequence/qa/audit_p207.py": {
      "bytes": 72341,
      "sha256": "9adceca8055ce8d716e1567db36103c2c0c1af99c6ce476b15daf93b8ce08257"
    },
    "docs/papers204_208_sequence/qa/cold_build.sh": {
      "bytes": 1909,
      "sha256": "f514664a5e0f35a52704db084dd9ba0487630a10d5d2355c4d7c7e4bbf5bf62d"
    },
    "docs/papers204_208_sequence/qa/p207_b_artifact_audit/PACKAGING_CORRECTION.actual.json": {
      "bytes": 1028,
      "sha256": "efe12cdebc6143cadd4161eebd682d7fac89940a6559223eacd15b42a5c07c8c"
    },
    "docs/papers204_208_sequence/qa/p207_b_artifact_audit/PACKAGING_SUPPLEMENT.md": {
      "bytes": 3240,
      "sha256": "3fb61863d61ac3cbcaac20eefa9dd58ecd6bd503e0b811c087dd70ed8c5be3fb"
    },
    "docs/papers204_208_sequence/qa/p207_b_artifact_audit/SHA256SUMS": {
      "bytes": 627,
      "sha256": "5e7044c175c5a429a1c8c0e01081975ef0107999852a2b57c2e674d685581b32"
    },
    "docs/papers204_208_sequence/qa/p207_b_artifact_audit/SUPPLEMENT_PINS.sha256": {
      "bytes": 284,
      "sha256": "abb1308f855b59b9a6c5e29a18ca26f1b992b17fecf985208e037d793cef1eaf"
    },
    "docs/papers204_208_sequence/qa/p207_b_artifact_audit/attempt_01.actual.json": {
      "bytes": 1204,
      "sha256": "b246e8b4a9cb85c02ec452cf2d70f99e6daa34e28fc1a6710956664426f8a0d0"
    },
    "docs/papers204_208_sequence/qa/p207_b_artifact_audit/attempt_02.actual.json": {
      "bytes": 968,
      "sha256": "356bb9573f1e756bb73deb30402a07479c0eadb6a8dde7541f68416a63e2ecd0"
    },
    "docs/papers204_208_sequence/qa/p207_b_artifact_audit/attempt_03.actual.json": {
      "bytes": 446,
      "sha256": "98663bde70632dc4c7bcd079a0fd589f64b209349ac3c5a2425c49da3ac8daef"
    },
    "docs/papers204_208_sequence/qa/p207_b_artifact_audit/attempt_03.stdout.exact.json": {
      "bytes": 147133,
      "sha256": "5f5487bad8a7c11c73b6a6adb251f90bfa365be42ec91d4b6152ed965b334afd"
    },
    "docs/papers204_208_sequence/qa/p207_b_artifact_audit/attempt_03.stdout.json": {
      "bytes": 147134,
      "sha256": "457e3da885163d5888a95aa165f34e53580a687c63ada34d43f2568cb4ec46aa"
    },
    "docs/papers204_208_sequence/qa/p207_b_artifact_audit/check_initial.attempt_01.py": {
      "bytes": 21730,
      "sha256": "abc1b943d4762357c278923c2c6e91fe3d4f2873265013096d9494abb0cd2544"
    },
    "docs/papers204_208_sequence/qa/p207_b_artifact_audit/check_initial.attempt_02.py": {
      "bytes": 23224,
      "sha256": "1e88e5b319678e24dd882e3bc21a97542410d607287fea57ecdd8fc33d04488c"
    },
    "docs/papers204_208_sequence/qa/p207_b_artifact_audit/check_initial.py": {
      "bytes": 24270,
      "sha256": "eb126293327d4b07d76b111bee852dc5496a0409eabe0234a119dcf2e5b27f08"
    },
    "docs/papers204_208_sequence/qa/p207_terminal_artifact_audit/initial_02/RECEIPT.json": {
      "bytes": 2171,
      "sha256": "a01116c6dc1dadc8a8c500d34d2995361ccbd91bdba6c7d34288579c67625cf9"
    },
    "docs/papers204_208_sequence/qa/p207_terminal_artifact_audit/initial_02/SHA256SUMS": {
      "bytes": 327,
      "sha256": "32f89df81fe111f46bafb9484e36d4afc177540f3eabed6112244f6d6d86105f"
    },
    "docs/papers204_208_sequence/qa/p207_terminal_artifact_audit/initial_02/executed_source_snapshot.py": {
      "bytes": 72341,
      "sha256": "9adceca8055ce8d716e1567db36103c2c0c1af99c6ce476b15daf93b8ce08257"
    },
    "docs/papers204_208_sequence/qa/p207_terminal_artifact_audit/initial_02/run.stderr": {
      "bytes": 0,
      "sha256": "e3b0c44298fc1c149afbf4c8996fb92427ae41e4649b934ca495991b7852b855"
    },
    "docs/papers204_208_sequence/qa/p207_terminal_artifact_audit/initial_02/run.stdout": {
      "bytes": 404195,
      "sha256": "23d09ddd34e522bf82feea6e69b86384b1bb5c9a2e29d5122047b3899ae5b104"
    },
    "docs/papers204_208_sequence/qa/p207_terminal_artifact_audit/lifecycle_01/RECEIPT.json": {
      "bytes": 2171,
      "sha256": "8630ac97ab4fefc03c13d2fccc26896f3efbc8437793783e4f715fb49ff737a2"
    },
    "docs/papers204_208_sequence/qa/p207_terminal_artifact_audit/lifecycle_01/SHA256SUMS": {
      "bytes": 327,
      "sha256": "0f338a30ef8490c3eb32234010b3277eba477d534ac275963df37e0d295b0351"
    },
    "docs/papers204_208_sequence/qa/p207_terminal_artifact_audit/lifecycle_01/executed_source_snapshot.py": {
      "bytes": 72341,
      "sha256": "9adceca8055ce8d716e1567db36103c2c0c1af99c6ce476b15daf93b8ce08257"
    },
    "docs/papers204_208_sequence/qa/p207_terminal_artifact_audit/lifecycle_01/run.stderr": {
      "bytes": 0,
      "sha256": "e3b0c44298fc1c149afbf4c8996fb92427ae41e4649b934ca495991b7852b855"
    },
    "docs/papers204_208_sequence/qa/p207_terminal_artifact_audit/lifecycle_01/run.stdout": {
      "bytes": 404448,
      "sha256": "644fd2bb2a2b630d6dc360d66812bd5756b78e9f000bca0b4b708a813932ee51"
    },
    "docs/papers204_208_sequence/qa/p207_terminal_artifact_audit/lifecycle_before/PAPER_SHA256SUMS": {
      "bytes": 76344,
      "sha256": "36ca84152edb74adbf971b5bf90daa50619f7c0ac853078ba494472c3b93c807"
    },
    "docs/papers204_208_sequence/qa/p207_terminal_artifact_audit/lifecycle_before/PAPER_STATUS.md": {
      "bytes": 5322,
      "sha256": "d9ecf124b5730176858619eb00a2ef711a00f5bdc9f8a2f6585d69b240bc0483"
    },
    "docs/papers204_208_sequence/qa/p207_terminal_artifact_audit/lifecycle_before/SHA256SUMS": {
      "bytes": 165,
      "sha256": "cd97b6c7231eb009132982f1d3f6a9fdfde55b35ee99921bb48e7b4a0e293456"
    },
    "docs/papers204_208_sequence/qa/p207_terminal_artifact_audit/record_attempt.py": {
      "bytes": 3357,
      "sha256": "58830ce632ef9c5cf79e3afe52e639d231914f658045077bdebcece99b2b2841"
    },
    "docs/papers204_208_sequence/qa/p207_terminal_artifact_audit/record_lifecycle_delta.py": {
      "bytes": 13428,
      "sha256": "9dbcac4773a9dc4e41b59eb18378090d57a604890a1096577e0536c973e25c4e"
    },
    "docs/papers204_208_sequence/qa/replay_p207_author.py": {
      "bytes": 4214,
      "sha256": "ec5185900b250799ecacd4c27c2f042e1e37bd9f41d164d47008bb3582041df4"
    },
    "docs/papers204_208_sequence/qa/replay_p207_review.py": {
      "bytes": 7864,
      "sha256": "aa6eb9cccb7d0e9a4fc3ef662def02c506a7b7ce8dd9a4bf63d79ea76b9e462d"
    },
    "docs/papers204_208_sequence/qa/root_replays/p207_a/CANONICAL.json": {
      "bytes": 37971,
      "sha256": "d4c1f4264d628f38c83d85e0532d036056fad89695ab399e25c9d19e6d09243e"
    },
    "docs/papers204_208_sequence/qa/root_replays/p207_a/INPUT_PINS.sha256.stderr": {
      "bytes": 0,
      "sha256": "e3b0c44298fc1c149afbf4c8996fb92427ae41e4649b934ca495991b7852b855"
    },
    "docs/papers204_208_sequence/qa/root_replays/p207_a/INPUT_PINS.sha256.stdout": {
      "bytes": 12408,
      "sha256": "609d0085ee8b026b1c751f0d70d98530d74737eeba9446d5e57a58af8f5d284a"
    },
    "docs/papers204_208_sequence/qa/root_replays/p207_a/RECEIPT.json": {
      "bytes": 42712,
      "sha256": "cf2207321274159265a43e3e7d556fa7942b43e1827bf624d3d8d7608854ce30"
    },
    "docs/papers204_208_sequence/qa/root_replays/p207_a/SHA256SUMS.stderr": {
      "bytes": 0,
      "sha256": "e3b0c44298fc1c149afbf4c8996fb92427ae41e4649b934ca495991b7852b855"
    },
    "docs/papers204_208_sequence/qa/root_replays/p207_a/SHA256SUMS.stdout": {
      "bytes": 4384,
      "sha256": "8aa0f610aa5a6d33609a10705d0074225a5b7b6d8f355945ec50cf827d63a940"
    },
    "docs/papers204_208_sequence/qa/root_replays/p207_a/harness_input.py": {
      "bytes": 4529,
      "sha256": "514126afd55e772123763c858cf29dc7a6d8fdd6cf681dbe50ed9b21383d983f"
    },
    "docs/papers204_208_sequence/qa/root_replays/p207_a/pair.cmp.stderr": {
      "bytes": 0,
      "sha256": "e3b0c44298fc1c149afbf4c8996fb92427ae41e4649b934ca495991b7852b855"
    },
    "docs/papers204_208_sequence/qa/root_replays/p207_a/pair.cmp.stdout": {
      "bytes": 0,
      "sha256": "e3b0c44298fc1c149afbf4c8996fb92427ae41e4649b934ca495991b7852b855"
    },
    "docs/papers204_208_sequence/qa/root_replays/p207_a/python_link_dependencies.stderr": {
      "bytes": 0,
      "sha256": "e3b0c44298fc1c149afbf4c8996fb92427ae41e4649b934ca495991b7852b855"
    },
    "docs/papers204_208_sequence/qa/root_replays/p207_a/python_link_dependencies.stdout": {
      "bytes": 463,
      "sha256": "f63f78e6daf8aa2db4237501c52aa72054075ebc71cddd113ba7d92611c6f8c0"
    },
    "docs/papers204_208_sequence/qa/root_replays/p207_a/python_version.stderr": {
      "bytes": 0,
      "sha256": "e3b0c44298fc1c149afbf4c8996fb92427ae41e4649b934ca495991b7852b855"
    },
    "docs/papers204_208_sequence/qa/root_replays/p207_a/python_version.stdout": {
      "bytes": 14,
      "sha256": "5b3e43dc38ca01e3f5a7854ba50d4330864b0c1e0f646650b2c78cf072acc366"
    },
    "docs/papers204_208_sequence/qa/root_replays/p207_a/run1.cmp.stderr": {
      "bytes": 0,
      "sha256": "e3b0c44298fc1c149afbf4c8996fb92427ae41e4649b934ca495991b7852b855"
    },
    "docs/papers204_208_sequence/qa/root_replays/p207_a/run1.cmp.stdout": {
      "bytes": 0,
      "sha256": "e3b0c44298fc1c149afbf4c8996fb92427ae41e4649b934ca495991b7852b855"
    },
    "docs/papers204_208_sequence/qa/root_replays/p207_a/run1.stderr": {
      "bytes": 0,
      "sha256": "e3b0c44298fc1c149afbf4c8996fb92427ae41e4649b934ca495991b7852b855"
    },
    "docs/papers204_208_sequence/qa/root_replays/p207_a/run1.stdout": {
      "bytes": 37971,
      "sha256": "d4c1f4264d628f38c83d85e0532d036056fad89695ab399e25c9d19e6d09243e"
    },
    "docs/papers204_208_sequence/qa/root_replays/p207_a/run2.cmp.stderr": {
      "bytes": 0,
      "sha256": "e3b0c44298fc1c149afbf4c8996fb92427ae41e4649b934ca495991b7852b855"
    },
    "docs/papers204_208_sequence/qa/root_replays/p207_a/run2.cmp.stdout": {
      "bytes": 0,
      "sha256": "e3b0c44298fc1c149afbf4c8996fb92427ae41e4649b934ca495991b7852b855"
    },
    "docs/papers204_208_sequence/qa/root_replays/p207_a/run2.stderr": {
      "bytes": 0,
      "sha256": "e3b0c44298fc1c149afbf4c8996fb92427ae41e4649b934ca495991b7852b855"
    },
    "docs/papers204_208_sequence/qa/root_replays/p207_a/run2.stdout": {
      "bytes": 37971,
      "sha256": "d4c1f4264d628f38c83d85e0532d036056fad89695ab399e25c9d19e6d09243e"
    },
    "docs/papers204_208_sequence/qa/root_replays/p207_a/verify.py": {
      "bytes": 17565,
      "sha256": "2b0e0d9c0bde25c7f9e5dc132b15d58f8ab20f6760c6898ba6abf12e330b5ee2"
    },
    "docs/papers204_208_sequence/qa/root_replays/p207_a_controlled/CANONICAL.json": {
      "bytes": 37971,
      "sha256": "d4c1f4264d628f38c83d85e0532d036056fad89695ab399e25c9d19e6d09243e"
    },
    "docs/papers204_208_sequence/qa/root_replays/p207_a_controlled/CONTEXT_SOURCE_PINS.sha256.after.stderr": {
      "bytes": 0,
      "sha256": "e3b0c44298fc1c149afbf4c8996fb92427ae41e4649b934ca495991b7852b855"
    },
    "docs/papers204_208_sequence/qa/root_replays/p207_a_controlled/CONTEXT_SOURCE_PINS.sha256.after.stdout": {
      "bytes": 815,
      "sha256": "2a7b0ac8ddb2f6acb5ea8f7364946ba4a9b946394d1bd569bd322488fd3c8a27"
    },
    "docs/papers204_208_sequence/qa/root_replays/p207_a_controlled/CONTEXT_SOURCE_PINS.sha256.before.stderr": {
      "bytes": 0,
      "sha256": "e3b0c44298fc1c149afbf4c8996fb92427ae41e4649b934ca495991b7852b855"
    },
    "docs/papers204_208_sequence/qa/root_replays/p207_a_controlled/CONTEXT_SOURCE_PINS.sha256.before.stdout": {
      "bytes": 815,
      "sha256": "2a7b0ac8ddb2f6acb5ea8f7364946ba4a9b946394d1bd569bd322488fd3c8a27"
    },
    "docs/papers204_208_sequence/qa/root_replays/p207_a_controlled/INPUT_PINS.sha256.after.stderr": {
      "bytes": 0,
      "sha256": "e3b0c44298fc1c149afbf4c8996fb92427ae41e4649b934ca495991b7852b855"
    },
    "docs/papers204_208_sequence/qa/root_replays/p207_a_controlled/INPUT_PINS.sha256.after.stdout": {
      "bytes": 12408,
      "sha256": "609d0085ee8b026b1c751f0d70d98530d74737eeba9446d5e57a58af8f5d284a"
    },
    "docs/papers204_208_sequence/qa/root_replays/p207_a_controlled/INPUT_PINS.sha256.before.stderr": {
      "bytes": 0,
      "sha256": "e3b0c44298fc1c149afbf4c8996fb92427ae41e4649b934ca495991b7852b855"
    },
    "docs/papers204_208_sequence/qa/root_replays/p207_a_controlled/INPUT_PINS.sha256.before.stdout": {
      "bytes": 12408,
      "sha256": "609d0085ee8b026b1c751f0d70d98530d74737eeba9446d5e57a58af8f5d284a"
    },
    "docs/papers204_208_sequence/qa/root_replays/p207_a_controlled/RECEIPT.json": {
      "bytes": 46089,
      "sha256": "ec44f534b50dfdcf1c2a10a696ce51a6322d171468f6bf37a5ce059d5ceaafaf"
    },
    "docs/papers204_208_sequence/qa/root_replays/p207_a_controlled/RECEIPT.md": {
      "bytes": 3508,
      "sha256": "11e05ea924210695d9936edc6525a95051b9ef96d0198a4b2613fe91b147318d"
    },
    "docs/papers204_208_sequence/qa/root_replays/p207_a_controlled/SHA256SUMS.after.stderr": {
      "bytes": 0,
      "sha256": "e3b0c44298fc1c149afbf4c8996fb92427ae41e4649b934ca495991b7852b855"
    },
    "docs/papers204_208_sequence/qa/root_replays/p207_a_controlled/SHA256SUMS.after.stdout": {
      "bytes": 4384,
      "sha256": "8aa0f610aa5a6d33609a10705d0074225a5b7b6d8f355945ec50cf827d63a940"
    },
    "docs/papers204_208_sequence/qa/root_replays/p207_a_controlled/SHA256SUMS.before.stderr": {
      "bytes": 0,
      "sha256": "e3b0c44298fc1c149afbf4c8996fb92427ae41e4649b934ca495991b7852b855"
    },
    "docs/papers204_208_sequence/qa/root_replays/p207_a_controlled/SHA256SUMS.before.stdout": {
      "bytes": 4384,
      "sha256": "8aa0f610aa5a6d33609a10705d0074225a5b7b6d8f355945ec50cf827d63a940"
    },
    "docs/papers204_208_sequence/qa/root_replays/p207_a_controlled/harness_input.py": {
      "bytes": 7837,
      "sha256": "26679467ce3a39d460c3799406194b82ab78c806ec2902662f7f7399c626b075"
    },
    "docs/papers204_208_sequence/qa/root_replays/p207_a_controlled/pair.cmp.stderr": {
      "bytes": 0,
      "sha256": "e3b0c44298fc1c149afbf4c8996fb92427ae41e4649b934ca495991b7852b855"
    },
    "docs/papers204_208_sequence/qa/root_replays/p207_a_controlled/pair.cmp.stdout": {
      "bytes": 0,
      "sha256": "e3b0c44298fc1c149afbf4c8996fb92427ae41e4649b934ca495991b7852b855"
    },
    "docs/papers204_208_sequence/qa/root_replays/p207_a_controlled/python_link_dependencies.stderr": {
      "bytes": 0,
      "sha256": "e3b0c44298fc1c149afbf4c8996fb92427ae41e4649b934ca495991b7852b855"
    },
    "docs/papers204_208_sequence/qa/root_replays/p207_a_controlled/python_link_dependencies.stdout": {
      "bytes": 463,
      "sha256": "f27e75e24612f579874447e780554aa35be0735af7e2056dda3340a96f058a3d"
    },
    "docs/papers204_208_sequence/qa/root_replays/p207_a_controlled/python_runtime_flags.stderr": {
      "bytes": 0,
      "sha256": "e3b0c44298fc1c149afbf4c8996fb92427ae41e4649b934ca495991b7852b855"
    },
    "docs/papers204_208_sequence/qa/root_replays/p207_a_controlled/python_runtime_flags.stdout": {
      "bytes": 90,
      "sha256": "51be393569d62ff5b5d9e747f093bd9cd4f2359de157258a481919e2e307ea64"
    },
    "docs/papers204_208_sequence/qa/root_replays/p207_a_controlled/python_version.stderr": {
      "bytes": 0,
      "sha256": "e3b0c44298fc1c149afbf4c8996fb92427ae41e4649b934ca495991b7852b855"
    },
    "docs/papers204_208_sequence/qa/root_replays/p207_a_controlled/python_version.stdout": {
      "bytes": 14,
      "sha256": "5b3e43dc38ca01e3f5a7854ba50d4330864b0c1e0f646650b2c78cf072acc366"
    },
    "docs/papers204_208_sequence/qa/root_replays/p207_a_controlled/run1.cmp.stderr": {
      "bytes": 0,
      "sha256": "e3b0c44298fc1c149afbf4c8996fb92427ae41e4649b934ca495991b7852b855"
    },
    "docs/papers204_208_sequence/qa/root_replays/p207_a_controlled/run1.cmp.stdout": {
      "bytes": 0,
      "sha256": "e3b0c44298fc1c149afbf4c8996fb92427ae41e4649b934ca495991b7852b855"
    },
    "docs/papers204_208_sequence/qa/root_replays/p207_a_controlled/run1.stderr": {
      "bytes": 0,
      "sha256": "e3b0c44298fc1c149afbf4c8996fb92427ae41e4649b934ca495991b7852b855"
    },
    "docs/papers204_208_sequence/qa/root_replays/p207_a_controlled/run1.stdout": {
      "bytes": 37971,
      "sha256": "d4c1f4264d628f38c83d85e0532d036056fad89695ab399e25c9d19e6d09243e"
    },
    "docs/papers204_208_sequence/qa/root_replays/p207_a_controlled/run2.cmp.stderr": {
      "bytes": 0,
      "sha256": "e3b0c44298fc1c149afbf4c8996fb92427ae41e4649b934ca495991b7852b855"
    },
    "docs/papers204_208_sequence/qa/root_replays/p207_a_controlled/run2.cmp.stdout": {
      "bytes": 0,
      "sha256": "e3b0c44298fc1c149afbf4c8996fb92427ae41e4649b934ca495991b7852b855"
    },
    "docs/papers204_208_sequence/qa/root_replays/p207_a_controlled/run2.stderr": {
      "bytes": 0,
      "sha256": "e3b0c44298fc1c149afbf4c8996fb92427ae41e4649b934ca495991b7852b855"
    },
    "docs/papers204_208_sequence/qa/root_replays/p207_a_controlled/run2.stdout": {
      "bytes": 37971,
      "sha256": "d4c1f4264d628f38c83d85e0532d036056fad89695ab399e25c9d19e6d09243e"
    },
    "docs/papers204_208_sequence/qa/root_replays/p207_a_controlled/verify.py": {
      "bytes": 17565,
      "sha256": "2b0e0d9c0bde25c7f9e5dc132b15d58f8ab20f6760c6898ba6abf12e330b5ee2"
    },
    "docs/papers204_208_sequence/qa/root_replays/p207_author/CANONICAL.json": {
      "bytes": 288808,
      "sha256": "306d4e7dea07ad10234f06c69912561425792ed61fadeff3b165b09d1a106992"
    },
    "docs/papers204_208_sequence/qa/root_replays/p207_author/RECEIPT.json": {
      "bytes": 37260,
      "sha256": "2af58c48d6742c67e7634cea31687dd70aa0a71f8d8c2609e099cf14cbbeab2c"
    },
    "docs/papers204_208_sequence/qa/root_replays/p207_author/RECEIPT.md": {
      "bytes": 2177,
      "sha256": "1c6f41af6a6f26d9c57fcf20a912852092de2bb0e00152ddd96406ef084ccba3"
    },
    "docs/papers204_208_sequence/qa/root_replays/p207_author/owned_seal.stderr": {
      "bytes": 0,
      "sha256": "e3b0c44298fc1c149afbf4c8996fb92427ae41e4649b934ca495991b7852b855"
    },
    "docs/papers204_208_sequence/qa/root_replays/p207_author/owned_seal.stdout": {
      "bytes": 6203,
      "sha256": "a8d9e4a2841bcc7cc30292563ea176e91d380bd2f36abd6fae592fa1eaa03250"
    },
    "docs/papers204_208_sequence/qa/root_replays/p207_author/pair.cmp.stderr": {
      "bytes": 0,
      "sha256": "e3b0c44298fc1c149afbf4c8996fb92427ae41e4649b934ca495991b7852b855"
    },
    "docs/papers204_208_sequence/qa/root_replays/p207_author/pair.cmp.stdout": {
      "bytes": 0,
      "sha256": "e3b0c44298fc1c149afbf4c8996fb92427ae41e4649b934ca495991b7852b855"
    },
    "docs/papers204_208_sequence/qa/root_replays/p207_author/python_version.stderr": {
      "bytes": 0,
      "sha256": "e3b0c44298fc1c149afbf4c8996fb92427ae41e4649b934ca495991b7852b855"
    },
    "docs/papers204_208_sequence/qa/root_replays/p207_author/python_version.stdout": {
      "bytes": 14,
      "sha256": "5b3e43dc38ca01e3f5a7854ba50d4330864b0c1e0f646650b2c78cf072acc366"
    },
    "docs/papers204_208_sequence/qa/root_replays/p207_author/run1.cmp.stderr": {
      "bytes": 0,
      "sha256": "e3b0c44298fc1c149afbf4c8996fb92427ae41e4649b934ca495991b7852b855"
    },
    "docs/papers204_208_sequence/qa/root_replays/p207_author/run1.cmp.stdout": {
      "bytes": 0,
      "sha256": "e3b0c44298fc1c149afbf4c8996fb92427ae41e4649b934ca495991b7852b855"
    },
    "docs/papers204_208_sequence/qa/root_replays/p207_author/run1.stderr": {
      "bytes": 0,
      "sha256": "e3b0c44298fc1c149afbf4c8996fb92427ae41e4649b934ca495991b7852b855"
    },
    "docs/papers204_208_sequence/qa/root_replays/p207_author/run1.stdout": {
      "bytes": 288808,
      "sha256": "306d4e7dea07ad10234f06c69912561425792ed61fadeff3b165b09d1a106992"
    },
    "docs/papers204_208_sequence/qa/root_replays/p207_author/run2.cmp.stderr": {
      "bytes": 0,
      "sha256": "e3b0c44298fc1c149afbf4c8996fb92427ae41e4649b934ca495991b7852b855"
    },
    "docs/papers204_208_sequence/qa/root_replays/p207_author/run2.cmp.stdout": {
      "bytes": 0,
      "sha256": "e3b0c44298fc1c149afbf4c8996fb92427ae41e4649b934ca495991b7852b855"
    },
    "docs/papers204_208_sequence/qa/root_replays/p207_author/run2.stderr": {
      "bytes": 0,
      "sha256": "e3b0c44298fc1c149afbf4c8996fb92427ae41e4649b934ca495991b7852b855"
    },
    "docs/papers204_208_sequence/qa/root_replays/p207_author/run2.stdout": {
      "bytes": 288808,
      "sha256": "306d4e7dea07ad10234f06c69912561425792ed61fadeff3b165b09d1a106992"
    },
    "docs/papers204_208_sequence/qa/root_replays/p207_author/verify.py": {
      "bytes": 31813,
      "sha256": "5018b0fe6d6a032e0eadeb7cd53a6de47c789193580fa1707312b592cd4a3c93"
    },
    "docs/papers204_208_sequence/qa/root_replays/p207_b_controlled/CANONICAL.json": {
      "bytes": 1558382,
      "sha256": "b7206f01180dcbe5eca24dbaec67cc96ae5dc80f86004455d382e7723c786fda"
    },
    "docs/papers204_208_sequence/qa/root_replays/p207_b_controlled/CONTEXT_PINS.sha256.after.stderr": {
      "bytes": 0,
      "sha256": "e3b0c44298fc1c149afbf4c8996fb92427ae41e4649b934ca495991b7852b855"
    },
    "docs/papers204_208_sequence/qa/root_replays/p207_b_controlled/CONTEXT_PINS.sha256.after.stdout": {
      "bytes": 11442,
      "sha256": "57be0e429fccd6022ab75a846422eb7cfd0ecf7f747f540d5ea043c760c6202d"
    },
    "docs/papers204_208_sequence/qa/root_replays/p207_b_controlled/CONTEXT_PINS.sha256.before.stderr": {
      "bytes": 0,
      "sha256": "e3b0c44298fc1c149afbf4c8996fb92427ae41e4649b934ca495991b7852b855"
    },
    "docs/papers204_208_sequence/qa/root_replays/p207_b_controlled/CONTEXT_PINS.sha256.before.stdout": {
      "bytes": 11442,
      "sha256": "57be0e429fccd6022ab75a846422eb7cfd0ecf7f747f540d5ea043c760c6202d"
    },
    "docs/papers204_208_sequence/qa/root_replays/p207_b_controlled/INPUT_PINS.sha256.after.stderr": {
      "bytes": 0,
      "sha256": "e3b0c44298fc1c149afbf4c8996fb92427ae41e4649b934ca495991b7852b855"
    },
    "docs/papers204_208_sequence/qa/root_replays/p207_b_controlled/INPUT_PINS.sha256.after.stdout": {
      "bytes": 12408,
      "sha256": "29e0634f8c74bc6574b59b91b7b7ab33fbe536a71a7fe499b71a58ae6a12d169"
    },
    "docs/papers204_208_sequence/qa/root_replays/p207_b_controlled/INPUT_PINS.sha256.before.stderr": {
      "bytes": 0,
      "sha256": "e3b0c44298fc1c149afbf4c8996fb92427ae41e4649b934ca495991b7852b855"
    },
    "docs/papers204_208_sequence/qa/root_replays/p207_b_controlled/INPUT_PINS.sha256.before.stdout": {
      "bytes": 12408,
      "sha256": "29e0634f8c74bc6574b59b91b7b7ab33fbe536a71a7fe499b71a58ae6a12d169"
    },
    "docs/papers204_208_sequence/qa/root_replays/p207_b_controlled/RECEIPT.json": {
      "bytes": 45961,
      "sha256": "5ab338794132e2c19ab38e851cef92f0063ae202d84f454a5932bf3e023fb94c"
    },
    "docs/papers204_208_sequence/qa/root_replays/p207_b_controlled/RECEIPT.md": {
      "bytes": 2265,
      "sha256": "92fee91f080e890b3f5345d71f72c6039abd75c91534f7466a6f3294d6b92c65"
    },
    "docs/papers204_208_sequence/qa/root_replays/p207_b_controlled/SHA256SUMS.after.stderr": {
      "bytes": 0,
      "sha256": "e3b0c44298fc1c149afbf4c8996fb92427ae41e4649b934ca495991b7852b855"
    },
    "docs/papers204_208_sequence/qa/root_replays/p207_b_controlled/SHA256SUMS.after.stdout": {
      "bytes": 4313,
      "sha256": "7b7854b3a1e3e1931a1e9acdca99edfccb6cab9a8f46baba47081e58a6db88c0"
    },
    "docs/papers204_208_sequence/qa/root_replays/p207_b_controlled/SHA256SUMS.before.stderr": {
      "bytes": 0,
      "sha256": "e3b0c44298fc1c149afbf4c8996fb92427ae41e4649b934ca495991b7852b855"
    },
    "docs/papers204_208_sequence/qa/root_replays/p207_b_controlled/SHA256SUMS.before.stdout": {
      "bytes": 4313,
      "sha256": "7b7854b3a1e3e1931a1e9acdca99edfccb6cab9a8f46baba47081e58a6db88c0"
    },
    "docs/papers204_208_sequence/qa/root_replays/p207_b_controlled/harness_input.py": {
      "bytes": 7864,
      "sha256": "aa6eb9cccb7d0e9a4fc3ef662def02c506a7b7ce8dd9a4bf63d79ea76b9e462d"
    },
    "docs/papers204_208_sequence/qa/root_replays/p207_b_controlled/pair.cmp.stderr": {
      "bytes": 0,
      "sha256": "e3b0c44298fc1c149afbf4c8996fb92427ae41e4649b934ca495991b7852b855"
    },
    "docs/papers204_208_sequence/qa/root_replays/p207_b_controlled/pair.cmp.stdout": {
      "bytes": 0,
      "sha256": "e3b0c44298fc1c149afbf4c8996fb92427ae41e4649b934ca495991b7852b855"
    },
    "docs/papers204_208_sequence/qa/root_replays/p207_b_controlled/python_link_dependencies.stderr": {
      "bytes": 0,
      "sha256": "e3b0c44298fc1c149afbf4c8996fb92427ae41e4649b934ca495991b7852b855"
    },
    "docs/papers204_208_sequence/qa/root_replays/p207_b_controlled/python_link_dependencies.stdout": {
      "bytes": 463,
      "sha256": "034e55a11d76222d52f9a122db9bbc5720c56a27a62066c468b3c849ec8e5539"
    },
    "docs/papers204_208_sequence/qa/root_replays/p207_b_controlled/python_runtime_flags.stderr": {
      "bytes": 0,
      "sha256": "e3b0c44298fc1c149afbf4c8996fb92427ae41e4649b934ca495991b7852b855"
    },
    "docs/papers204_208_sequence/qa/root_replays/p207_b_controlled/python_runtime_flags.stdout": {
      "bytes": 90,
      "sha256": "51be393569d62ff5b5d9e747f093bd9cd4f2359de157258a481919e2e307ea64"
    },
    "docs/papers204_208_sequence/qa/root_replays/p207_b_controlled/python_version.stderr": {
      "bytes": 0,
      "sha256": "e3b0c44298fc1c149afbf4c8996fb92427ae41e4649b934ca495991b7852b855"
    },
    "docs/papers204_208_sequence/qa/root_replays/p207_b_controlled/python_version.stdout": {
      "bytes": 14,
      "sha256": "5b3e43dc38ca01e3f5a7854ba50d4330864b0c1e0f646650b2c78cf072acc366"
    },
    "docs/papers204_208_sequence/qa/root_replays/p207_b_controlled/run1.cmp.stderr": {
      "bytes": 0,
      "sha256": "e3b0c44298fc1c149afbf4c8996fb92427ae41e4649b934ca495991b7852b855"
    },
    "docs/papers204_208_sequence/qa/root_replays/p207_b_controlled/run1.cmp.stdout": {
      "bytes": 0,
      "sha256": "e3b0c44298fc1c149afbf4c8996fb92427ae41e4649b934ca495991b7852b855"
    },
    "docs/papers204_208_sequence/qa/root_replays/p207_b_controlled/run1.stderr": {
      "bytes": 0,
      "sha256": "e3b0c44298fc1c149afbf4c8996fb92427ae41e4649b934ca495991b7852b855"
    },
    "docs/papers204_208_sequence/qa/root_replays/p207_b_controlled/run1.stdout": {
      "bytes": 1558382,
      "sha256": "b7206f01180dcbe5eca24dbaec67cc96ae5dc80f86004455d382e7723c786fda"
    },
    "docs/papers204_208_sequence/qa/root_replays/p207_b_controlled/run2.cmp.stderr": {
      "bytes": 0,
      "sha256": "e3b0c44298fc1c149afbf4c8996fb92427ae41e4649b934ca495991b7852b855"
    },
    "docs/papers204_208_sequence/qa/root_replays/p207_b_controlled/run2.cmp.stdout": {
      "bytes": 0,
      "sha256": "e3b0c44298fc1c149afbf4c8996fb92427ae41e4649b934ca495991b7852b855"
    },
    "docs/papers204_208_sequence/qa/root_replays/p207_b_controlled/run2.stderr": {
      "bytes": 0,
      "sha256": "e3b0c44298fc1c149afbf4c8996fb92427ae41e4649b934ca495991b7852b855"
    },
    "docs/papers204_208_sequence/qa/root_replays/p207_b_controlled/run2.stdout": {
      "bytes": 1558382,
      "sha256": "b7206f01180dcbe5eca24dbaec67cc96ae5dc80f86004455d382e7723c786fda"
    },
    "docs/papers204_208_sequence/qa/root_replays/p207_b_controlled/verify.py": {
      "bytes": 19015,
      "sha256": "8c364da4c9bdaa206910f95357cf813f544454fbceb021f89b8e79d09906c44a"
    },
    "docs/papers204_208_sequence/qa/run_p207_terminal_builds.py": {
      "bytes": 6455,
      "sha256": "851fdb55cb3a78af4b606622fefd17850879363f21c5c4960b71a75a66266f5e"
    },
    "docs/papers204_208_sequence/reviews/p207_a/AFTER_FROZEN_PINS.sha256": {
      "bytes": 18980,
      "sha256": "272971bf814b500c3f70672eddf593cdfa4cc433a716662a0e4cf3f0b2305717"
    },
    "docs/papers204_208_sequence/reviews/p207_a/AFTER_LIVE_PINS.sha256": {
      "bytes": 17379,
      "sha256": "bf0a0465813561515650e2b1f0d9619e582d890a9bdea9a7b92dac605960e7a5"
    },
    "docs/papers204_208_sequence/reviews/p207_a/AUTHOR_ARTIFACT_AUDIT.json": {
      "bytes": 23160,
      "sha256": "c635c4e52eb4eb8e7054c199b973d52484da6ff3908eea39646bf61507344701"
    },
    "docs/papers204_208_sequence/reviews/p207_a/BUILD_EXECUTION.json": {
      "bytes": 1627,
      "sha256": "b0310bf568039a5a6982f40fb4baee3c76ceb142b9009c7d264fdecabb682a10"
    },
    "docs/papers204_208_sequence/reviews/p207_a/BUILD_REPORT.md": {
      "bytes": 4784,
      "sha256": "3a960a4fad7f53778dc5af4ddef6318404b34861b350ff4ae692a1001186b3de"
    },
    "docs/papers204_208_sequence/reviews/p207_a/CANONICAL.json": {
      "bytes": 37971,
      "sha256": "d4c1f4264d628f38c83d85e0532d036056fad89695ab399e25c9d19e6d09243e"
    },
    "docs/papers204_208_sequence/reviews/p207_a/CONTEXT_SOURCE_PINS.sha256": {
      "bytes": 1435,
      "sha256": "303478a43953f9702541411fbdd9fbfa4b732b88cf355ef5237840b94b3e2bd9"
    },
    "docs/papers204_208_sequence/reviews/p207_a/DELTA.md": {
      "bytes": 5543,
      "sha256": "bfd5413ee71a6a51c7cbcf14f9d99c0bea31e7632d2efb0ba43fddaec3ff6fa8"
    },
    "docs/papers204_208_sequence/reviews/p207_a/DELTA_RESPONSE_AND_REPLAY_PINS.sha256": {
      "bytes": 5097,
      "sha256": "01f022313ddb4bc83c7eb8d8dc967361b10db01ed08776a383939a07095827c8"
    },
    "docs/papers204_208_sequence/reviews/p207_a/FINAL_INPUT_CHECK.json": {
      "bytes": 13705,
      "sha256": "49f1f08762c6addc121f630dd5743ca8a00f19828636fa043ed4aff6449ce539"
    },
    "docs/papers204_208_sequence/reviews/p207_a/FINDINGS.initial.json": {
      "bytes": 1667,
      "sha256": "7350d346aaebdc1a006c4ab6acc45dd9624700ec7027bc0a32e06797bb1cf4c0"
    },
    "docs/papers204_208_sequence/reviews/p207_a/FINDINGS.json": {
      "bytes": 1642,
      "sha256": "17c55db2a3c267924a60738992283c4b7c0e379ee12c3325927bf4f96a8baae9"
    },
    "docs/papers204_208_sequence/reviews/p207_a/INPUT_PINS.sha256": {
      "bytes": 18980,
      "sha256": "272971bf814b500c3f70672eddf593cdfa4cc433a716662a0e4cf3f0b2305717"
    },
    "docs/papers204_208_sequence/reviews/p207_a/REPLAY_LOG.md": {
      "bytes": 6908,
      "sha256": "2447b368a9f3c68b9b3dd3468ec295b559032a1b05bc64190d44f7123eb73f8f"
    },
    "docs/papers204_208_sequence/reviews/p207_a/REPORT.md": {
      "bytes": 6141,
      "sha256": "44f51f9496626320f5fb25cd1457c6505397bb8186af7bfd759f03bc884bc222"
    },
    "docs/papers204_208_sequence/reviews/p207_a/SHA256SUMS": {
      "bytes": 13130,
      "sha256": "e76bd37687e00a2a641832f0b1c8bb2c00d8889432b6c9f5da5c338fc8532aa3"
    },
    "docs/papers204_208_sequence/reviews/p207_a/SHA256SUMS.initial": {
      "bytes": 11700,
      "sha256": "434f9d595fcd3a8a47fff00028c05a72cd7d450c4690fa87067836ea1cafe791"
    },
    "docs/papers204_208_sequence/reviews/p207_a/SOURCE_AND_PROOF.md": {
      "bytes": 15319,
      "sha256": "461859ab9721ea424b5882f96e4cc08fda663c21fbd1e86d8b02155c9482eb07"
    },
    "docs/papers204_208_sequence/reviews/p207_a/audit_artifacts.py": {
      "bytes": 10849,
      "sha256": "8e622a9aaccfdf626a4a812f0996fd1653f9853a6e8598d20542e04965d1ab47"
    },
    "docs/papers204_208_sequence/reviews/p207_a/cold_build_01/BIBTEX_ENGINE.txt": {
      "bytes": 383,
      "sha256": "622b6e09c4ef724829b6a0fda40776b10aa28deea4be1a788aa92ea1b3d27d90"
    },
    "docs/papers204_208_sequence/reviews/p207_a/cold_build_01/BUILD_ENVIRONMENT.txt": {
      "bytes": 65,
      "sha256": "bf74ae54b000a9ec1d584e987362d640f59f27a5f5f09bc46eb6f82cef7e17af"
    },
    "docs/papers204_208_sequence/reviews/p207_a/cold_build_01/DIAGNOSTICS.txt": {
      "bytes": 0,
      "sha256": "e3b0c44298fc1c149afbf4c8996fb92427ae41e4649b934ca495991b7852b855"
    },
    "docs/papers204_208_sequence/reviews/p207_a/cold_build_01/ENGINE.txt": {
      "bytes": 555,
      "sha256": "5ed4d12bfc8b37387ea53ec9537396e987ec3dd557bcc1a766c2e515bd6b15b0"
    },
    "docs/papers204_208_sequence/reviews/p207_a/cold_build_01/FONTS.txt": {
      "bytes": 3102,
      "sha256": "0ed6c4a6c5bef30c618886e3e29ee3f78e41259ec468d109c9e30488b2d89c83"
    },
    "docs/papers204_208_sequence/reviews/p207_a/cold_build_01/PDF.sha256": {
      "bytes": 75,
      "sha256": "9411b3191ada2f7c7f66b41a575c3ba624d6c644299247d048b91f8389241e9e"
    },
    "docs/papers204_208_sequence/reviews/p207_a/cold_build_01/PDFINFO.txt": {
      "bytes": 422,
      "sha256": "e751c246e4567ea1ca2b548bf1190048c3b043d3f93a1162879c36c6d08eb2ff"
    },
    "docs/papers204_208_sequence/reviews/p207_a/cold_build_01/SOURCE_INPUTS.sha256": {
      "bytes": 779,
      "sha256": "5ca3a7a1067a924224854bc27ea99b3c2029f465181613e3c76bd00eaba8b2a2"
    },
    "docs/papers204_208_sequence/reviews/p207_a/cold_build_01/bibtex.stdout": {
      "bytes": 158,
      "sha256": "7b0a0a8d2f1749b44546479273ee9d474d9656cc2a276630ff83cc8a72044dc9"
    },
    "docs/papers204_208_sequence/reviews/p207_a/cold_build_01/main.aux": {
      "bytes": 3719,
      "sha256": "d9b843c15658f80a2f86fa3e20328bd6f07498cb6972194b093de82e408f199a"
    },
    "docs/papers204_208_sequence/reviews/p207_a/cold_build_01/main.bbl": {
      "bytes": 1363,
      "sha256": "553c03c15c5b6f1cf89bd04e578749676640d9d65ce4057b9df7326ad9160faf"
    },
    "docs/papers204_208_sequence/reviews/p207_a/cold_build_01/main.blg": {
      "bytes": 895,
      "sha256": "356f7900108865c62f26cc00e79abf60251eecd80f8d5e7a77b72da3e8cf494f"
    },
    "docs/papers204_208_sequence/reviews/p207_a/cold_build_01/main.fls": {
      "bytes": 54347,
      "sha256": "452739b929ec31cfaed017b1ef62669cc7cf3c92abc289c1c13c385b9573f8b3"
    },
    "docs/papers204_208_sequence/reviews/p207_a/cold_build_01/main.log": {
      "bytes": 27674,
      "sha256": "3c5692b859e83f0c4ec1c9e95ff9fe5612b7b918796e2a7e043a9a8f645c8b6a"
    },
    "docs/papers204_208_sequence/reviews/p207_a/cold_build_01/main.out": {
      "bytes": 2174,
      "sha256": "073e7b0e6acd0b11618a58b5e928e31f4c2b0152b1517ede86e7a52ec693b283"
    },
    "docs/papers204_208_sequence/reviews/p207_a/cold_build_01/main.pdf": {
      "bytes": 407557,
      "sha256": "5e74fa6a334f1cbc23837632b364729d97111b231e1ef8c3fd6a40a8dbc78759"
    },
    "docs/papers204_208_sequence/reviews/p207_a/cold_build_01/main.tex": {
      "bytes": 1118,
      "sha256": "60f96c5fc8834582e4cafb37c2d7b20860dc8689f212024b054a3d92c1076a5b"
    },
    "docs/papers204_208_sequence/reviews/p207_a/cold_build_01/main.txt": {
      "bytes": 25207,
      "sha256": "c94476159f74f5078aecdfd11be7db9ace9b420cff4e44686cc091058729b8c4"
    },
    "docs/papers204_208_sequence/reviews/p207_a/cold_build_01/math_commands.tex": {
      "bytes": 358,
      "sha256": "4a546018d25d8ada1bd789d16832812990d9050d4d361b69e22694e66a3e989e"
    },
    "docs/papers204_208_sequence/reviews/p207_a/cold_build_01/pass1.stdout": {
      "bytes": 9356,
      "sha256": "0f34577aa37278fbc269c2348ef23afa822f3901e64fbd2957401c45db9f99ed"
    },
    "docs/papers204_208_sequence/reviews/p207_a/cold_build_01/pass2.stdout": {
      "bytes": 8034,
      "sha256": "7702b776231c160690a810cd9a994f77f19fe171b0c728fccdc250e3869b21df"
    },
    "docs/papers204_208_sequence/reviews/p207_a/cold_build_01/pass3.stdout": {
      "bytes": 7218,
      "sha256": "cf24f072824a6943f6f1028c8a2aed1f10c49a37ba09fe88b41f6f2239fe793e"
    },
    "docs/papers204_208_sequence/reviews/p207_a/cold_build_01/references.bib": {
      "bytes": 1113,
      "sha256": "7904fcbb5fca3ad1851188ab896f3834d6787634960314e81e6ba7fda1195c85"
    },
    "docs/papers204_208_sequence/reviews/p207_a/cold_build_01/sections/00_abstract.tex": {
      "bytes": 1167,
      "sha256": "d2f62c638b133b0e5997ada83f2aaf03c20bd028d459dc511ee671dca6adacae"
    },
    "docs/papers204_208_sequence/reviews/p207_a/cold_build_01/sections/01_setup.tex": {
      "bytes": 2347,
      "sha256": "5845491bf1257d69a528199f3d74d3dd4a2b7e91cd040badd9901be5facba837"
    },
    "docs/papers204_208_sequence/reviews/p207_a/cold_build_01/sections/02_temporal.tex": {
      "bytes": 6507,
      "sha256": "bd079f1d6d73f57f5f9fc633ecc06f0e0db55200314fd39fcae5efddef277a11"
    },
    "docs/papers204_208_sequence/reviews/p207_a/cold_build_01/sections/03_core_seed.tex": {
      "bytes": 4272,
      "sha256": "78b58fb448f068041bbc35256581858dc2bde0570d09f479495d6706e125d160"
    },
    "docs/papers204_208_sequence/reviews/p207_a/cold_build_01/sections/04_fibres.tex": {
      "bytes": 10829,
      "sha256": "7e40bd08ddc20634ed092ba7b9975ebfff6ec8809d3f76f2b291971c562b95c5"
    },
    "docs/papers204_208_sequence/reviews/p207_a/cold_build_01/sections/05_scope.tex": {
      "bytes": 1725,
      "sha256": "9a094dcd1759a631657fdf6c076241b98bd1175e5ec82fcf4664517d79f3ede3"
    },
    "docs/papers204_208_sequence/reviews/p207_a/delta_checks/context_after.json": {
      "bytes": 1132,
      "sha256": "0a3d56325e75a74c22eb4145822dd23131cf2f936ac7fcc2da90da0630cf32f7"
    },
    "docs/papers204_208_sequence/reviews/p207_a/delta_checks/context_before.json": {
      "bytes": 1132,
      "sha256": "14c9d46313708c281619e0a2f68767b5ce37e1bc4d83d9d05e2007d3d2628c16"
    },
    "docs/papers204_208_sequence/reviews/p207_a/delta_checks/frozen_after.json": {
      "bytes": 19411,
      "sha256": "418f69549651f5e59d6363f92b823b6545345c504e4d34bf313b660cc910d8df"
    },
    "docs/papers204_208_sequence/reviews/p207_a/delta_checks/frozen_before.json": {
      "bytes": 12814,
      "sha256": "029d3fcd30672e8e28f34976cc614f2a6e548e28c60b57bfd6c6e82bd7a5f008"
    },
    "docs/papers204_208_sequence/reviews/p207_a/delta_checks/initial_package.json": {
      "bytes": 4803,
      "sha256": "addd47ed05113f26bb3d262b76dcb7e807bcafc0118f0dbb18a23a49637b669e"
    },
    "docs/papers204_208_sequence/reviews/p207_a/delta_checks/live_after.json": {
      "bytes": 17927,
      "sha256": "7e2e4f36e3992301837fcca8f9fc03702c7ccb2775838d334c14ee8d7136b902"
    },
    "docs/papers204_208_sequence/reviews/p207_a/delta_checks/live_cmp.json": {
      "bytes": 8489,
      "sha256": "f1e21d75422580cc0099cb8d5e326f61681f6d29e29bd2c3f9e706af013f53aa"
    },
    "docs/papers204_208_sequence/reviews/p207_a/delta_checks/response_replay_pin_check.json": {
      "bytes": 3150,
      "sha256": "7feed665ba1373ea00ece58ed10876fb620969f0cf899bba6467e23e05bffd59"
    },
    "docs/papers204_208_sequence/reviews/p207_a/delta_checks/root_controlled_receipt.json": {
      "bytes": 2909,
      "sha256": "38357352e74f553ecc4bf45571fc2a586619206e411c0b23dbcc4d6275293e05"
    },
    "docs/papers204_208_sequence/reviews/p207_a/execution/initial/CANONICAL.input.json": {
      "bytes": 37971,
      "sha256": "d4c1f4264d628f38c83d85e0532d036056fad89695ab399e25c9d19e6d09243e"
    },
    "docs/papers204_208_sequence/reviews/p207_a/execution/initial/INPUT_PINS.after.sha256": {
      "bytes": 19352,
      "sha256": "cd14b678aeb48aa3db3a7200260108d49166b3d7c78381695f82349d7b83ea85"
    },
    "docs/papers204_208_sequence/reviews/p207_a/execution/initial/INPUT_PINS.before.sha256": {
      "bytes": 19352,
      "sha256": "cd14b678aeb48aa3db3a7200260108d49166b3d7c78381695f82349d7b83ea85"
    },
    "docs/papers204_208_sequence/reviews/p207_a/execution/initial/MANIFEST.sha256": {
      "bytes": 1342,
      "sha256": "ffcb80068afdb7f87b485d7db93fafb7f73afc5be3a764ef283a634a041e5dc1"
    },
    "docs/papers204_208_sequence/reviews/p207_a/execution/initial/RECEIPT.json": {
      "bytes": 5780,
      "sha256": "93667aa2c4e94a6534ecf5334620aa67313ee2f526a5a98e9cb7cad4490898e7"
    },
    "docs/papers204_208_sequence/reviews/p207_a/execution/initial/live_canonical.cmp.stderr": {
      "bytes": 0,
      "sha256": "e3b0c44298fc1c149afbf4c8996fb92427ae41e4649b934ca495991b7852b855"
    },
    "docs/papers204_208_sequence/reviews/p207_a/execution/initial/live_canonical.cmp.stdout": {
      "bytes": 0,
      "sha256": "e3b0c44298fc1c149afbf4c8996fb92427ae41e4649b934ca495991b7852b855"
    },
    "docs/papers204_208_sequence/reviews/p207_a/execution/initial/python_link_dependencies.stderr": {
      "bytes": 0,
      "sha256": "e3b0c44298fc1c149afbf4c8996fb92427ae41e4649b934ca495991b7852b855"
    },
    "docs/papers204_208_sequence/reviews/p207_a/execution/initial/python_link_dependencies.stdout": {
      "bytes": 463,
      "sha256": "937a266d13cba826eb827a415633f2d89629ea4e22ec73039e76dfeeb8e73bde"
    },
    "docs/papers204_208_sequence/reviews/p207_a/execution/initial/python_version.stderr": {
      "bytes": 0,
      "sha256": "e3b0c44298fc1c149afbf4c8996fb92427ae41e4649b934ca495991b7852b855"
    },
    "docs/papers204_208_sequence/reviews/p207_a/execution/initial/python_version.stdout": {
      "bytes": 14,
      "sha256": "5b3e43dc38ca01e3f5a7854ba50d4330864b0c1e0f646650b2c78cf072acc366"
    },
    "docs/papers204_208_sequence/reviews/p207_a/execution/initial/run0/canonical.cmp.stderr": {
      "bytes": 0,
      "sha256": "e3b0c44298fc1c149afbf4c8996fb92427ae41e4649b934ca495991b7852b855"
    },
    "docs/papers204_208_sequence/reviews/p207_a/execution/initial/run0/canonical.cmp.stdout": {
      "bytes": 0,
      "sha256": "e3b0c44298fc1c149afbf4c8996fb92427ae41e4649b934ca495991b7852b855"
    },
    "docs/papers204_208_sequence/reviews/p207_a/execution/initial/run0/producer.stderr": {
      "bytes": 0,
      "sha256": "e3b0c44298fc1c149afbf4c8996fb92427ae41e4649b934ca495991b7852b855"
    },
    "docs/papers204_208_sequence/reviews/p207_a/execution/initial/run0/producer.stdout": {
      "bytes": 37971,
      "sha256": "d4c1f4264d628f38c83d85e0532d036056fad89695ab399e25c9d19e6d09243e"
    },
    "docs/papers204_208_sequence/reviews/p207_a/execution/initial/run0/verify.py": {
      "bytes": 17565,
      "sha256": "2b0e0d9c0bde25c7f9e5dc132b15d58f8ab20f6760c6898ba6abf12e330b5ee2"
    },
    "docs/papers204_208_sequence/reviews/p207_a/execution/pair_01/CANONICAL.input.json": {
      "bytes": 37971,
      "sha256": "d4c1f4264d628f38c83d85e0532d036056fad89695ab399e25c9d19e6d09243e"
    },
    "docs/papers204_208_sequence/reviews/p207_a/execution/pair_01/INPUT_PINS.after.sha256": {
      "bytes": 19352,
      "sha256": "cd14b678aeb48aa3db3a7200260108d49166b3d7c78381695f82349d7b83ea85"
    },
    "docs/papers204_208_sequence/reviews/p207_a/execution/pair_01/INPUT_PINS.before.sha256": {
      "bytes": 19352,
      "sha256": "cd14b678aeb48aa3db3a7200260108d49166b3d7c78381695f82349d7b83ea85"
    },
    "docs/papers204_208_sequence/reviews/p207_a/execution/pair_01/MANIFEST.sha256": {
      "bytes": 1945,
      "sha256": "00f23f819d9d0747abbd11a7ea93f339d157c532fef1b06f30a43c1ce400ce34"
    },
    "docs/papers204_208_sequence/reviews/p207_a/execution/pair_01/RECEIPT.json": {
      "bytes": 9007,
      "sha256": "c9938bcd813b4c3619dfd9a20ceaa9840a41f584f78ba1dc4d914ca1c84177fb"
    },
    "docs/papers204_208_sequence/reviews/p207_a/execution/pair_01/live_canonical.cmp.stderr": {
      "bytes": 0,
      "sha256": "e3b0c44298fc1c149afbf4c8996fb92427ae41e4649b934ca495991b7852b855"
    },
    "docs/papers204_208_sequence/reviews/p207_a/execution/pair_01/live_canonical.cmp.stdout": {
      "bytes": 0,
      "sha256": "e3b0c44298fc1c149afbf4c8996fb92427ae41e4649b934ca495991b7852b855"
    },
    "docs/papers204_208_sequence/reviews/p207_a/execution/pair_01/pair.cmp.stderr": {
      "bytes": 0,
      "sha256": "e3b0c44298fc1c149afbf4c8996fb92427ae41e4649b934ca495991b7852b855"
    },
    "docs/papers204_208_sequence/reviews/p207_a/execution/pair_01/pair.cmp.stdout": {
      "bytes": 0,
      "sha256": "e3b0c44298fc1c149afbf4c8996fb92427ae41e4649b934ca495991b7852b855"
    },
    "docs/papers204_208_sequence/reviews/p207_a/execution/pair_01/python_link_dependencies.stderr": {
      "bytes": 0,
      "sha256": "e3b0c44298fc1c149afbf4c8996fb92427ae41e4649b934ca495991b7852b855"
    },
    "docs/papers204_208_sequence/reviews/p207_a/execution/pair_01/python_link_dependencies.stdout": {
      "bytes": 463,
      "sha256": "5ef7e844d8d9ace7804a0fe37a0a46c200d97e6b30e05c013e3cb4b9a53d94e9"
    },
    "docs/papers204_208_sequence/reviews/p207_a/execution/pair_01/python_version.stderr": {
      "bytes": 0,
      "sha256": "e3b0c44298fc1c149afbf4c8996fb92427ae41e4649b934ca495991b7852b855"
    },
    "docs/papers204_208_sequence/reviews/p207_a/execution/pair_01/python_version.stdout": {
      "bytes": 14,
      "sha256": "5b3e43dc38ca01e3f5a7854ba50d4330864b0c1e0f646650b2c78cf072acc366"
    },
    "docs/papers204_208_sequence/reviews/p207_a/execution/pair_01/run1/canonical.cmp.stderr": {
      "bytes": 0,
      "sha256": "e3b0c44298fc1c149afbf4c8996fb92427ae41e4649b934ca495991b7852b855"
    },
    "docs/papers204_208_sequence/reviews/p207_a/execution/pair_01/run1/canonical.cmp.stdout": {
      "bytes": 0,
      "sha256": "e3b0c44298fc1c149afbf4c8996fb92427ae41e4649b934ca495991b7852b855"
    },
    "docs/papers204_208_sequence/reviews/p207_a/execution/pair_01/run1/producer.stderr": {
      "bytes": 0,
      "sha256": "e3b0c44298fc1c149afbf4c8996fb92427ae41e4649b934ca495991b7852b855"
    },
    "docs/papers204_208_sequence/reviews/p207_a/execution/pair_01/run1/producer.stdout": {
      "bytes": 37971,
      "sha256": "d4c1f4264d628f38c83d85e0532d036056fad89695ab399e25c9d19e6d09243e"
    },
    "docs/papers204_208_sequence/reviews/p207_a/execution/pair_01/run1/verify.py": {
      "bytes": 17565,
      "sha256": "2b0e0d9c0bde25c7f9e5dc132b15d58f8ab20f6760c6898ba6abf12e330b5ee2"
    },
    "docs/papers204_208_sequence/reviews/p207_a/execution/pair_01/run2/canonical.cmp.stderr": {
      "bytes": 0,
      "sha256": "e3b0c44298fc1c149afbf4c8996fb92427ae41e4649b934ca495991b7852b855"
    },
    "docs/papers204_208_sequence/reviews/p207_a/execution/pair_01/run2/canonical.cmp.stdout": {
      "bytes": 0,
      "sha256": "e3b0c44298fc1c149afbf4c8996fb92427ae41e4649b934ca495991b7852b855"
    },
    "docs/papers204_208_sequence/reviews/p207_a/execution/pair_01/run2/producer.stderr": {
      "bytes": 0,
      "sha256": "e3b0c44298fc1c149afbf4c8996fb92427ae41e4649b934ca495991b7852b855"
    },
    "docs/papers204_208_sequence/reviews/p207_a/execution/pair_01/run2/producer.stdout": {
      "bytes": 37971,
      "sha256": "d4c1f4264d628f38c83d85e0532d036056fad89695ab399e25c9d19e6d09243e"
    },
    "docs/papers204_208_sequence/reviews/p207_a/execution/pair_01/run2/verify.py": {
      "bytes": 17565,
      "sha256": "2b0e0d9c0bde25c7f9e5dc132b15d58f8ab20f6760c6898ba6abf12e330b5ee2"
    },
    "docs/papers204_208_sequence/reviews/p207_a/execution/pair_02/CANONICAL.input.json": {
      "bytes": 37971,
      "sha256": "d4c1f4264d628f38c83d85e0532d036056fad89695ab399e25c9d19e6d09243e"
    },
    "docs/papers204_208_sequence/reviews/p207_a/execution/pair_02/INPUT_PINS.after.sha256": {
      "bytes": 19352,
      "sha256": "cd14b678aeb48aa3db3a7200260108d49166b3d7c78381695f82349d7b83ea85"
    },
    "docs/papers204_208_sequence/reviews/p207_a/execution/pair_02/INPUT_PINS.before.sha256": {
      "bytes": 19352,
      "sha256": "cd14b678aeb48aa3db3a7200260108d49166b3d7c78381695f82349d7b83ea85"
    },
    "docs/papers204_208_sequence/reviews/p207_a/execution/pair_02/MANIFEST.sha256": {
      "bytes": 1945,
      "sha256": "a4f7f77e520c5f3a078367637647fd9c0166f3e2e7fecc4dad2d91c664804856"
    },
    "docs/papers204_208_sequence/reviews/p207_a/execution/pair_02/RECEIPT.json": {
      "bytes": 9008,
      "sha256": "d26e32327e4e2079c2a6ad98cc6b944881f6570645957e3681f7ca3dd9f13181"
    },
    "docs/papers204_208_sequence/reviews/p207_a/execution/pair_02/live_canonical.cmp.stderr": {
      "bytes": 0,
      "sha256": "e3b0c44298fc1c149afbf4c8996fb92427ae41e4649b934ca495991b7852b855"
    },
    "docs/papers204_208_sequence/reviews/p207_a/execution/pair_02/live_canonical.cmp.stdout": {
      "bytes": 0,
      "sha256": "e3b0c44298fc1c149afbf4c8996fb92427ae41e4649b934ca495991b7852b855"
    },
    "docs/papers204_208_sequence/reviews/p207_a/execution/pair_02/pair.cmp.stderr": {
      "bytes": 0,
      "sha256": "e3b0c44298fc1c149afbf4c8996fb92427ae41e4649b934ca495991b7852b855"
    },
    "docs/papers204_208_sequence/reviews/p207_a/execution/pair_02/pair.cmp.stdout": {
      "bytes": 0,
      "sha256": "e3b0c44298fc1c149afbf4c8996fb92427ae41e4649b934ca495991b7852b855"
    },
    "docs/papers204_208_sequence/reviews/p207_a/execution/pair_02/python_link_dependencies.stderr": {
      "bytes": 0,
      "sha256": "e3b0c44298fc1c149afbf4c8996fb92427ae41e4649b934ca495991b7852b855"
    },
    "docs/papers204_208_sequence/reviews/p207_a/execution/pair_02/python_link_dependencies.stdout": {
      "bytes": 463,
      "sha256": "0031c8adfdea2e3249990bb200e8eb02fef28e4fab548cf8a00845ef32f7b732"
    },
    "docs/papers204_208_sequence/reviews/p207_a/execution/pair_02/python_version.stderr": {
      "bytes": 0,
      "sha256": "e3b0c44298fc1c149afbf4c8996fb92427ae41e4649b934ca495991b7852b855"
    },
    "docs/papers204_208_sequence/reviews/p207_a/execution/pair_02/python_version.stdout": {
      "bytes": 14,
      "sha256": "5b3e43dc38ca01e3f5a7854ba50d4330864b0c1e0f646650b2c78cf072acc366"
    },
    "docs/papers204_208_sequence/reviews/p207_a/execution/pair_02/run1/canonical.cmp.stderr": {
      "bytes": 0,
      "sha256": "e3b0c44298fc1c149afbf4c8996fb92427ae41e4649b934ca495991b7852b855"
    },
    "docs/papers204_208_sequence/reviews/p207_a/execution/pair_02/run1/canonical.cmp.stdout": {
      "bytes": 0,
      "sha256": "e3b0c44298fc1c149afbf4c8996fb92427ae41e4649b934ca495991b7852b855"
    },
    "docs/papers204_208_sequence/reviews/p207_a/execution/pair_02/run1/producer.stderr": {
      "bytes": 0,
      "sha256": "e3b0c44298fc1c149afbf4c8996fb92427ae41e4649b934ca495991b7852b855"
    },
    "docs/papers204_208_sequence/reviews/p207_a/execution/pair_02/run1/producer.stdout": {
      "bytes": 37971,
      "sha256": "d4c1f4264d628f38c83d85e0532d036056fad89695ab399e25c9d19e6d09243e"
    },
    "docs/papers204_208_sequence/reviews/p207_a/execution/pair_02/run1/verify.py": {
      "bytes": 17565,
      "sha256": "2b0e0d9c0bde25c7f9e5dc132b15d58f8ab20f6760c6898ba6abf12e330b5ee2"
    },
    "docs/papers204_208_sequence/reviews/p207_a/execution/pair_02/run2/canonical.cmp.stderr": {
      "bytes": 0,
      "sha256": "e3b0c44298fc1c149afbf4c8996fb92427ae41e4649b934ca495991b7852b855"
    },
    "docs/papers204_208_sequence/reviews/p207_a/execution/pair_02/run2/canonical.cmp.stdout": {
      "bytes": 0,
      "sha256": "e3b0c44298fc1c149afbf4c8996fb92427ae41e4649b934ca495991b7852b855"
    },
    "docs/papers204_208_sequence/reviews/p207_a/execution/pair_02/run2/producer.stderr": {
      "bytes": 0,
      "sha256": "e3b0c44298fc1c149afbf4c8996fb92427ae41e4649b934ca495991b7852b855"
    },
    "docs/papers204_208_sequence/reviews/p207_a/execution/pair_02/run2/producer.stdout": {
      "bytes": 37971,
      "sha256": "d4c1f4264d628f38c83d85e0532d036056fad89695ab399e25c9d19e6d09243e"
    },
    "docs/papers204_208_sequence/reviews/p207_a/execution/pair_02/run2/verify.py": {
      "bytes": 17565,
      "sha256": "2b0e0d9c0bde25c7f9e5dc132b15d58f8ab20f6760c6898ba6abf12e330b5ee2"
    },
    "docs/papers204_208_sequence/reviews/p207_a/intake/FREEZE_PIN_CHECK.json": {
      "bytes": 13127,
      "sha256": "f5041ca8a8d25091627f93b4b767dd136506d51ab6cb7342aac2db8b0ba42ea6"
    },
    "docs/papers204_208_sequence/reviews/p207_a/page_views/page-1.png": {
      "bytes": 255355,
      "sha256": "ae0bc555f8857f08f53d4246d55ca0a48da25f409159df55a5fe2ddebc028410"
    },
    "docs/papers204_208_sequence/reviews/p207_a/page_views/page-2.png": {
      "bytes": 312313,
      "sha256": "2e3869358de479de69e13f83fd7c73c6306fd4045a37f0d2c3fe4e7e431869ff"
    },
    "docs/papers204_208_sequence/reviews/p207_a/page_views/page-3.png": {
      "bytes": 238117,
      "sha256": "b998823379bbba47d70aef9da25ecb3abd8703627a692a6dda4445b22717e9e9"
    },
    "docs/papers204_208_sequence/reviews/p207_a/page_views/page-4.png": {
      "bytes": 254190,
      "sha256": "769d9d58dab1430bf8d39359285dce4416e0e0824ebee54940c135f83cf622df"
    },
    "docs/papers204_208_sequence/reviews/p207_a/page_views/page-5.png": {
      "bytes": 252243,
      "sha256": "a539f2796c5d5c5ac4072ca9fcedd7e5a2c81d400df5f2d2f9a4ae72fe628ff7"
    },
    "docs/papers204_208_sequence/reviews/p207_a/page_views/page-6.png": {
      "bytes": 343404,
      "sha256": "c383a5807d6ed22fd9fa12580cfbede229b296646ab4c5d7ea60b63bad23da4d"
    },
    "docs/papers204_208_sequence/reviews/p207_a/page_views/page-7.png": {
      "bytes": 67531,
      "sha256": "4497cef8cab1e0f2ec938cb8fb8a58a7c9d4cc187e19e7ad25b86cd372514b14"
    },
    "docs/papers204_208_sequence/reviews/p207_a/record_review.py": {
      "bytes": 7791,
      "sha256": "f4f1d808f2248232a30d2cd2e75ff83444186693ed319c2523dcc13ae7720fb9"
    },
    "docs/papers204_208_sequence/reviews/p207_a/sources/SEARCH_PROTOCOL.json": {
      "bytes": 2603,
      "sha256": "65cf48715161a2c5c549cd882a13b077654a96eaba59701b2f5c3e7e07b944a7"
    },
    "docs/papers204_208_sequence/reviews/p207_a/sources/fibre_queries.json": {
      "bytes": 29776,
      "sha256": "ffc473bc3145b31f7e600d1ca6660cbf729b69188593fc0f975d897cd79f292c"
    },
    "docs/papers204_208_sequence/reviews/p207_a/sources/primary_open.json": {
      "bytes": 30356,
      "sha256": "d7685ac2f76401ca77f0ccfed9552b783a8035ca28f78293a8bd0c69407c84a8"
    },
    "docs/papers204_208_sequence/reviews/p207_a/sources/rank_queries.json": {
      "bytes": 31844,
      "sha256": "6367f256b36f7f7be5822822372e1036ce0ed51d8d16fd80076ea079824259f2"
    },
    "docs/papers204_208_sequence/reviews/p207_a/sources/threshold_queries.json": {
      "bytes": 30131,
      "sha256": "1c01abf38b6d933a786b5818631869f60000ae38cb5ab52e2ea15f6c8021eb16"
    },
    "docs/papers204_208_sequence/reviews/p207_a/verify.py": {
      "bytes": 17565,
      "sha256": "2b0e0d9c0bde25c7f9e5dc132b15d58f8ab20f6760c6898ba6abf12e330b5ee2"
    },
    "docs/papers204_208_sequence/reviews/p207_b/ARTIFACT_AUDIT.json": {
      "bytes": 196381,
      "sha256": "fceef2dd896087d563fed7a043a096138e1380e814ee3232b4ba110abedba6d6"
    },
    "docs/papers204_208_sequence/reviews/p207_b/AUDIT_EXECUTION.json": {
      "bytes": 677,
      "sha256": "ba11a503d91abf675e1f68d0ec3a88efa22d9b978f509200c9654477cd47d4d9"
    },
    "docs/papers204_208_sequence/reviews/p207_b/BUILD_EXECUTION.json": {
      "bytes": 1158,
      "sha256": "80f37da358003990ba2d89e7944f33d85747bd70ac517154c3942d96b66e5dbb"
    },
    "docs/papers204_208_sequence/reviews/p207_b/BUILD_REPORT.initial.md": {
      "bytes": 4590,
      "sha256": "720bdff977f12339909dc02b7f2a60a51c1b52a2e7991349975e7e38cb50d7e0"
    },
    "docs/papers204_208_sequence/reviews/p207_b/BUILD_REPORT.md": {
      "bytes": 5466,
      "sha256": "378c974ae2e42db9e565cba36a484e67c9387ead80bc53a52d76f5cdd5903327"
    },
    "docs/papers204_208_sequence/reviews/p207_b/CANONICAL.json": {
      "bytes": 1558382,
      "sha256": "b7206f01180dcbe5eca24dbaec67cc96ae5dc80f86004455d382e7723c786fda"
    },
    "docs/papers204_208_sequence/reviews/p207_b/CONTEXT_PINS.after.sha256": {
      "bytes": 20370,
      "sha256": "c9cb9b931aacb620855c39ebd49ced5775431bd72f4549790da7a0279d85054a"
    },
    "docs/papers204_208_sequence/reviews/p207_b/CONTEXT_PINS.sha256": {
      "bytes": 20370,
      "sha256": "c9cb9b931aacb620855c39ebd49ced5775431bd72f4549790da7a0279d85054a"
    },
    "docs/papers204_208_sequence/reviews/p207_b/DELTA.md": {
      "bytes": 9429,
      "sha256": "903a31733d991baf53667157250cfb4cef7232bf772814caa3414c85dc5b6ca1"
    },
    "docs/papers204_208_sequence/reviews/p207_b/DELTA_AUDIT.actual.json": {
      "bytes": 1064,
      "sha256": "707e292d2ed73f7320e4b49979b70f32532fe3bd7614b8c12270c82a60bb23fe"
    },
    "docs/papers204_208_sequence/reviews/p207_b/DELTA_AUDIT.attempt_01.actual.json": {
      "bytes": 989,
      "sha256": "0bc8e26daa0aa232e5cf0a7a97900cb0dd30e9a3fafcf32e4fffa490098b444f"
    },
    "docs/papers204_208_sequence/reviews/p207_b/DELTA_AUDIT.json": {
      "bytes": 396230,
      "sha256": "9afd66c12a4e02db1b2c6e2d0f0e2a0c393d936a7f2202fba66e146f09f2a749"
    },
    "docs/papers204_208_sequence/reviews/p207_b/DELTA_INTAKE_CHECKS.json": {
      "bytes": 29770,
      "sha256": "bcdaceb3cc7a1684bf095bc0539bb4d71398fa0511bcfef6db374578adda4c0d"
    },
    "docs/papers204_208_sequence/reviews/p207_b/FINAL_DELTA_CHECK.json": {
      "bytes": 50729,
      "sha256": "f617bb29bd977863f6e7e19e41978a5ef6e2fe3fe1cb670a0aeca4fbf1993e37"
    },
    "docs/papers204_208_sequence/reviews/p207_b/FINAL_INPUT_CHECK.json": {
      "bytes": 27354,
      "sha256": "502c11ec7dc659af4814331dfdcd1dd52b1f97bb07136d78717f12838ea95703"
    },
    "docs/papers204_208_sequence/reviews/p207_b/FINDINGS.delta_open.json": {
      "bytes": 1444,
      "sha256": "7aa474f6fa85970d68bbca149ab72c4984d9649df080107211715f6500ca69ff"
    },
    "docs/papers204_208_sequence/reviews/p207_b/FINDINGS.initial.json": {
      "bytes": 1734,
      "sha256": "c307ecf5cd740651dc6c65d8567ad63e8ce402d57243c49d2c1d590fd8830387"
    },
    "docs/papers204_208_sequence/reviews/p207_b/FINDINGS.json": {
      "bytes": 3803,
      "sha256": "bb52bfc9b2f3b5469da37de6ddb60206c54eb6b987046b3696af218c6738ba4f"
    },
    "docs/papers204_208_sequence/reviews/p207_b/INPUT_PINS.after.sha256": {
      "bytes": 18980,
      "sha256": "1692a0b964f36a705dfcd067326d18d778994665d5e5864fe0ce00f94e8e50b5"
    },
    "docs/papers204_208_sequence/reviews/p207_b/INPUT_PINS.sha256": {
      "bytes": 18980,
      "sha256": "1692a0b964f36a705dfcd067326d18d778994665d5e5864fe0ce00f94e8e50b5"
    },
    "docs/papers204_208_sequence/reviews/p207_b/LIVE_SCIENTIFIC_PINS.after.sha256": {
      "bytes": 17379,
      "sha256": "bf0a0465813561515650e2b1f0d9619e582d890a9bdea9a7b92dac605960e7a5"
    },
    "docs/papers204_208_sequence/reviews/p207_b/PAGE_VIEW_PINS.sha256": {
      "bytes": 917,
      "sha256": "2856dfddbf0e5d5070c981626822147417d9c2ab498ab80dd21409bc9da65e89"
    },
    "docs/papers204_208_sequence/reviews/p207_b/REPLAY_LOG.md": {
      "bytes": 7115,
      "sha256": "e4948ec867bcc135ecb39315fdb354e0a7c3d1bf6e0454e8fbfbba99fc1e866a"
    },
    "docs/papers204_208_sequence/reviews/p207_b/REPORT.initial.md": {
      "bytes": 8451,
      "sha256": "c57bf15a1c7e58bcc77e2c7643af8fe1cc586309253547152e02a7e2cb3c0b87"
    },
    "docs/papers204_208_sequence/reviews/p207_b/REPORT.md": {
      "bytes": 8451,
      "sha256": "c57bf15a1c7e58bcc77e2c7643af8fe1cc586309253547152e02a7e2cb3c0b87"
    },
    "docs/papers204_208_sequence/reviews/p207_b/RESPONSE_AND_ROOT_REPLAY_PINS.after.sha256": {
      "bytes": 7155,
      "sha256": "1c9c71be5e1cdeb306cd45220278986a0b615451231fb532b5b0b8a6ef3f603f"
    },
    "docs/papers204_208_sequence/reviews/p207_b/RESPONSE_AND_ROOT_REPLAY_PINS.before_packaging.sha256": {
      "bytes": 6570,
      "sha256": "3c854451ce61014dc6dbc6f47af42f87b4f3b1ac394db062a4035523057cd207"
    },
    "docs/papers204_208_sequence/reviews/p207_b/SHA256SUMS": {
      "bytes": 13501,
      "sha256": "8274a5062034ce86e60bd6f81d8814019ef83e412efc4c48154392f74e4a484d"
    },
    "docs/papers204_208_sequence/reviews/p207_b/SHA256SUMS.initial": {
      "bytes": 11629,
      "sha256": "6f103d933c8135563b00734d8850ce36bf2fc47aa504d669e01cf6c99ef29074"
    },
    "docs/papers204_208_sequence/reviews/p207_b/SOURCE_ACCESS_LOG.md": {
      "bytes": 6128,
      "sha256": "56f3c0fffa27e019592da3dc32ab7a7b000127d1ee0a6a3d98d5e7b7dbca00b3"
    },
    "docs/papers204_208_sequence/reviews/p207_b/SOURCE_AND_PROOF.md": {
      "bytes": 26733,
      "sha256": "4df85ac68377a454035a7a8c5e63d1c4b928385fea8d43538be630357dbea55d"
    },
    "docs/papers204_208_sequence/reviews/p207_b/SUPPLEMENTAL_READ_PINS.after.sha256": {
      "bytes": 951,
      "sha256": "081cbb64be62ded861f2552415082187b06f255be1983b8312480d11b25a08a0"
    },
    "docs/papers204_208_sequence/reviews/p207_b/SUPPLEMENTAL_READ_PINS.sha256": {
      "bytes": 951,
      "sha256": "081cbb64be62ded861f2552415082187b06f255be1983b8312480d11b25a08a0"
    },
    "docs/papers204_208_sequence/reviews/p207_b/audit_artifacts.py": {
      "bytes": 17778,
      "sha256": "bf3bfe6729d925edea0aa51eb071ab6a0e01ae5ddfc6720c9e551b2f2005cfc9"
    },
    "docs/papers204_208_sequence/reviews/p207_b/check_delta_artifacts.attempt_01.py": {
      "bytes": 18359,
      "sha256": "16efd471a7902d832342a494f7edfe56770ba9733b4811445ee8c5d6f29b216d"
    },
    "docs/papers204_208_sequence/reviews/p207_b/check_delta_artifacts.initial.py": {
      "bytes": 11515,
      "sha256": "7c53fb7e1f857bf4fc599a67cbce7c206eea1f905b42edb7f3a261592381a1a7"
    },
    "docs/papers204_208_sequence/reviews/p207_b/check_delta_artifacts.py": {
      "bytes": 20591,
      "sha256": "de159383f789ef6b01e38e82b121688b7cbaa8416b766aee49e661c1f36974c5"
    },
    "docs/papers204_208_sequence/reviews/p207_b/cold_build_01/BIBTEX_ENGINE.txt": {
      "bytes": 383,
      "sha256": "622b6e09c4ef724829b6a0fda40776b10aa28deea4be1a788aa92ea1b3d27d90"
    },
    "docs/papers204_208_sequence/reviews/p207_b/cold_build_01/BUILD_ENVIRONMENT.txt": {
      "bytes": 65,
      "sha256": "bf74ae54b000a9ec1d584e987362d640f59f27a5f5f09bc46eb6f82cef7e17af"
    },
    "docs/papers204_208_sequence/reviews/p207_b/cold_build_01/DIAGNOSTICS.txt": {
      "bytes": 0,
      "sha256": "e3b0c44298fc1c149afbf4c8996fb92427ae41e4649b934ca495991b7852b855"
    },
    "docs/papers204_208_sequence/reviews/p207_b/cold_build_01/ENGINE.txt": {
      "bytes": 555,
      "sha256": "5ed4d12bfc8b37387ea53ec9537396e987ec3dd557bcc1a766c2e515bd6b15b0"
    },
    "docs/papers204_208_sequence/reviews/p207_b/cold_build_01/FONTS.txt": {
      "bytes": 3102,
      "sha256": "0ed6c4a6c5bef30c618886e3e29ee3f78e41259ec468d109c9e30488b2d89c83"
    },
    "docs/papers204_208_sequence/reviews/p207_b/cold_build_01/PDF.sha256": {
      "bytes": 75,
      "sha256": "9411b3191ada2f7c7f66b41a575c3ba624d6c644299247d048b91f8389241e9e"
    },
    "docs/papers204_208_sequence/reviews/p207_b/cold_build_01/PDFINFO.txt": {
      "bytes": 422,
      "sha256": "e751c246e4567ea1ca2b548bf1190048c3b043d3f93a1162879c36c6d08eb2ff"
    },
    "docs/papers204_208_sequence/reviews/p207_b/cold_build_01/SOURCE_INPUTS.sha256": {
      "bytes": 779,
      "sha256": "5ca3a7a1067a924224854bc27ea99b3c2029f465181613e3c76bd00eaba8b2a2"
    },
    "docs/papers204_208_sequence/reviews/p207_b/cold_build_01/bibtex.stdout": {
      "bytes": 158,
      "sha256": "7b0a0a8d2f1749b44546479273ee9d474d9656cc2a276630ff83cc8a72044dc9"
    },
    "docs/papers204_208_sequence/reviews/p207_b/cold_build_01/main.aux": {
      "bytes": 3719,
      "sha256": "d9b843c15658f80a2f86fa3e20328bd6f07498cb6972194b093de82e408f199a"
    },
    "docs/papers204_208_sequence/reviews/p207_b/cold_build_01/main.bbl": {
      "bytes": 1363,
      "sha256": "553c03c15c5b6f1cf89bd04e578749676640d9d65ce4057b9df7326ad9160faf"
    },
    "docs/papers204_208_sequence/reviews/p207_b/cold_build_01/main.blg": {
      "bytes": 895,
      "sha256": "356f7900108865c62f26cc00e79abf60251eecd80f8d5e7a77b72da3e8cf494f"
    },
    "docs/papers204_208_sequence/reviews/p207_b/cold_build_01/main.fls": {
      "bytes": 54347,
      "sha256": "d04370ba4d926bb4c5f32fc0415b389b0ed66af2915b1c3513f5dc54123205f7"
    },
    "docs/papers204_208_sequence/reviews/p207_b/cold_build_01/main.log": {
      "bytes": 27674,
      "sha256": "3c5692b859e83f0c4ec1c9e95ff9fe5612b7b918796e2a7e043a9a8f645c8b6a"
    },
    "docs/papers204_208_sequence/reviews/p207_b/cold_build_01/main.out": {
      "bytes": 2174,
      "sha256": "073e7b0e6acd0b11618a58b5e928e31f4c2b0152b1517ede86e7a52ec693b283"
    },
    "docs/papers204_208_sequence/reviews/p207_b/cold_build_01/main.pdf": {
      "bytes": 407557,
      "sha256": "5e74fa6a334f1cbc23837632b364729d97111b231e1ef8c3fd6a40a8dbc78759"
    },
    "docs/papers204_208_sequence/reviews/p207_b/cold_build_01/main.tex": {
      "bytes": 1118,
      "sha256": "60f96c5fc8834582e4cafb37c2d7b20860dc8689f212024b054a3d92c1076a5b"
    },
    "docs/papers204_208_sequence/reviews/p207_b/cold_build_01/main.txt": {
      "bytes": 25207,
      "sha256": "c94476159f74f5078aecdfd11be7db9ace9b420cff4e44686cc091058729b8c4"
    },
    "docs/papers204_208_sequence/reviews/p207_b/cold_build_01/math_commands.tex": {
      "bytes": 358,
      "sha256": "4a546018d25d8ada1bd789d16832812990d9050d4d361b69e22694e66a3e989e"
    },
    "docs/papers204_208_sequence/reviews/p207_b/cold_build_01/pass1.stdout": {
      "bytes": 9356,
      "sha256": "0f34577aa37278fbc269c2348ef23afa822f3901e64fbd2957401c45db9f99ed"
    },
    "docs/papers204_208_sequence/reviews/p207_b/cold_build_01/pass2.stdout": {
      "bytes": 8034,
      "sha256": "7702b776231c160690a810cd9a994f77f19fe171b0c728fccdc250e3869b21df"
    },
    "docs/papers204_208_sequence/reviews/p207_b/cold_build_01/pass3.stdout": {
      "bytes": 7218,
      "sha256": "cf24f072824a6943f6f1028c8a2aed1f10c49a37ba09fe88b41f6f2239fe793e"
    },
    "docs/papers204_208_sequence/reviews/p207_b/cold_build_01/references.bib": {
      "bytes": 1113,
      "sha256": "7904fcbb5fca3ad1851188ab896f3834d6787634960314e81e6ba7fda1195c85"
    },
    "docs/papers204_208_sequence/reviews/p207_b/cold_build_01/sections/00_abstract.tex": {
      "bytes": 1167,
      "sha256": "d2f62c638b133b0e5997ada83f2aaf03c20bd028d459dc511ee671dca6adacae"
    },
    "docs/papers204_208_sequence/reviews/p207_b/cold_build_01/sections/01_setup.tex": {
      "bytes": 2347,
      "sha256": "5845491bf1257d69a528199f3d74d3dd4a2b7e91cd040badd9901be5facba837"
    },
    "docs/papers204_208_sequence/reviews/p207_b/cold_build_01/sections/02_temporal.tex": {
      "bytes": 6507,
      "sha256": "bd079f1d6d73f57f5f9fc633ecc06f0e0db55200314fd39fcae5efddef277a11"
    },
    "docs/papers204_208_sequence/reviews/p207_b/cold_build_01/sections/03_core_seed.tex": {
      "bytes": 4272,
      "sha256": "78b58fb448f068041bbc35256581858dc2bde0570d09f479495d6706e125d160"
    },
    "docs/papers204_208_sequence/reviews/p207_b/cold_build_01/sections/04_fibres.tex": {
      "bytes": 10829,
      "sha256": "7e40bd08ddc20634ed092ba7b9975ebfff6ec8809d3f76f2b291971c562b95c5"
    },
    "docs/papers204_208_sequence/reviews/p207_b/cold_build_01/sections/05_scope.tex": {
      "bytes": 1725,
      "sha256": "9a094dcd1759a631657fdf6c076241b98bd1175e5ec82fcf4664517d79f3ede3"
    },
    "docs/papers204_208_sequence/reviews/p207_b/executions/initial_01/CANONICAL.input.json": {
      "bytes": 1558382,
      "sha256": "b7206f01180dcbe5eca24dbaec67cc96ae5dc80f86004455d382e7723c786fda"
    },
    "docs/papers204_208_sequence/reviews/p207_b/executions/initial_01/INPUTS.after.sha256": {
      "bytes": 39851,
      "sha256": "e71d3940b6d8de03e0153e1362b2fcd3606f19ed994d2560eea121b7488e18e7"
    },
    "docs/papers204_208_sequence/reviews/p207_b/executions/initial_01/INPUTS.before.sha256": {
      "bytes": 39851,
      "sha256": "e71d3940b6d8de03e0153e1362b2fcd3606f19ed994d2560eea121b7488e18e7"
    },
    "docs/papers204_208_sequence/reviews/p207_b/executions/initial_01/MANIFEST.sha256": {
      "bytes": 1301,
      "sha256": "0b74a86cc207509be4fca633c5929794b4d035be244ea90d36d430247b26f183"
    },
    "docs/papers204_208_sequence/reviews/p207_b/executions/initial_01/RECEIPT.json": {
      "bytes": 4422,
      "sha256": "1c15207b26d7387ff16bf528cb68edcd5e3e3602fee1f5baa77902bcc24e640c"
    },
    "docs/papers204_208_sequence/reviews/p207_b/executions/initial_01/canonical_live.cmp.stderr": {
      "bytes": 0,
      "sha256": "e3b0c44298fc1c149afbf4c8996fb92427ae41e4649b934ca495991b7852b855"
    },
    "docs/papers204_208_sequence/reviews/p207_b/executions/initial_01/canonical_live.cmp.stdout": {
      "bytes": 0,
      "sha256": "e3b0c44298fc1c149afbf4c8996fb92427ae41e4649b934ca495991b7852b855"
    },
    "docs/papers204_208_sequence/reviews/p207_b/executions/initial_01/input_pins.cmp.stderr": {
      "bytes": 0,
      "sha256": "e3b0c44298fc1c149afbf4c8996fb92427ae41e4649b934ca495991b7852b855"
    },
    "docs/papers204_208_sequence/reviews/p207_b/executions/initial_01/input_pins.cmp.stdout": {
      "bytes": 0,
      "sha256": "e3b0c44298fc1c149afbf4c8996fb92427ae41e4649b934ca495991b7852b855"
    },
    "docs/papers204_208_sequence/reviews/p207_b/executions/initial_01/run1.canonical.cmp.stderr": {
      "bytes": 0,
      "sha256": "e3b0c44298fc1c149afbf4c8996fb92427ae41e4649b934ca495991b7852b855"
    },
    "docs/papers204_208_sequence/reviews/p207_b/executions/initial_01/run1.canonical.cmp.stdout": {
      "bytes": 0,
      "sha256": "e3b0c44298fc1c149afbf4c8996fb92427ae41e4649b934ca495991b7852b855"
    },
    "docs/papers204_208_sequence/reviews/p207_b/executions/initial_01/run1.stderr": {
      "bytes": 0,
      "sha256": "e3b0c44298fc1c149afbf4c8996fb92427ae41e4649b934ca495991b7852b855"
    },
    "docs/papers204_208_sequence/reviews/p207_b/executions/initial_01/run1.stdout": {
      "bytes": 1558382,
      "sha256": "b7206f01180dcbe5eca24dbaec67cc96ae5dc80f86004455d382e7723c786fda"
    },
    "docs/papers204_208_sequence/reviews/p207_b/executions/initial_01/run1_source/verify.py": {
      "bytes": 19015,
      "sha256": "8c364da4c9bdaa206910f95357cf813f544454fbceb021f89b8e79d09906c44a"
    },
    "docs/papers204_208_sequence/reviews/p207_b/executions/initial_01/runtime_probe.stderr": {
      "bytes": 0,
      "sha256": "e3b0c44298fc1c149afbf4c8996fb92427ae41e4649b934ca495991b7852b855"
    },
    "docs/papers204_208_sequence/reviews/p207_b/executions/initial_01/runtime_probe.stdout": {
      "bytes": 216,
      "sha256": "1ef214445edb8350143bea341b92e786d358c669ea666b8fdd029bfb2a354814"
    },
    "docs/papers204_208_sequence/reviews/p207_b/executions/pair_01/CANONICAL.input.json": {
      "bytes": 1558382,
      "sha256": "b7206f01180dcbe5eca24dbaec67cc96ae5dc80f86004455d382e7723c786fda"
    },
    "docs/papers204_208_sequence/reviews/p207_b/executions/pair_01/INPUTS.after.sha256": {
      "bytes": 39975,
      "sha256": "4a2641c54090b59de109c8924616b67d2af379677d2421a8088b2d4f6ab9c90a"
    },
    "docs/papers204_208_sequence/reviews/p207_b/executions/pair_01/INPUTS.before.sha256": {
      "bytes": 39975,
      "sha256": "4a2641c54090b59de109c8924616b67d2af379677d2421a8088b2d4f6ab9c90a"
    },
    "docs/papers204_208_sequence/reviews/p207_b/executions/pair_01/MANIFEST.sha256": {
      "bytes": 1893,
      "sha256": "3aab6c849e7fb71b1bb9392b32ae61f3fd178ecbf2ae59cc755c7bf5c928b625"
    },
    "docs/papers204_208_sequence/reviews/p207_b/executions/pair_01/RECEIPT.json": {
      "bytes": 6552,
      "sha256": "ee57520a0252365ff59f4567f52ba90cb91b0d32a5bc5012017c0cd85d956772"
    },
    "docs/papers204_208_sequence/reviews/p207_b/executions/pair_01/canonical_live.cmp.stderr": {
      "bytes": 0,
      "sha256": "e3b0c44298fc1c149afbf4c8996fb92427ae41e4649b934ca495991b7852b855"
    },
    "docs/papers204_208_sequence/reviews/p207_b/executions/pair_01/canonical_live.cmp.stdout": {
      "bytes": 0,
      "sha256": "e3b0c44298fc1c149afbf4c8996fb92427ae41e4649b934ca495991b7852b855"
    },
    "docs/papers204_208_sequence/reviews/p207_b/executions/pair_01/input_pins.cmp.stderr": {
      "bytes": 0,
      "sha256": "e3b0c44298fc1c149afbf4c8996fb92427ae41e4649b934ca495991b7852b855"
    },
    "docs/papers204_208_sequence/reviews/p207_b/executions/pair_01/input_pins.cmp.stdout": {
      "bytes": 0,
      "sha256": "e3b0c44298fc1c149afbf4c8996fb92427ae41e4649b934ca495991b7852b855"
    },
    "docs/papers204_208_sequence/reviews/p207_b/executions/pair_01/pair.cmp.stderr": {
      "bytes": 0,
      "sha256": "e3b0c44298fc1c149afbf4c8996fb92427ae41e4649b934ca495991b7852b855"
    },
    "docs/papers204_208_sequence/reviews/p207_b/executions/pair_01/pair.cmp.stdout": {
      "bytes": 0,
      "sha256": "e3b0c44298fc1c149afbf4c8996fb92427ae41e4649b934ca495991b7852b855"
    },
    "docs/papers204_208_sequence/reviews/p207_b/executions/pair_01/run1.canonical.cmp.stderr": {
      "bytes": 0,
      "sha256": "e3b0c44298fc1c149afbf4c8996fb92427ae41e4649b934ca495991b7852b855"
    },
    "docs/papers204_208_sequence/reviews/p207_b/executions/pair_01/run1.canonical.cmp.stdout": {
      "bytes": 0,
      "sha256": "e3b0c44298fc1c149afbf4c8996fb92427ae41e4649b934ca495991b7852b855"
    },
    "docs/papers204_208_sequence/reviews/p207_b/executions/pair_01/run1.stderr": {
      "bytes": 0,
      "sha256": "e3b0c44298fc1c149afbf4c8996fb92427ae41e4649b934ca495991b7852b855"
    },
    "docs/papers204_208_sequence/reviews/p207_b/executions/pair_01/run1.stdout": {
      "bytes": 1558382,
      "sha256": "b7206f01180dcbe5eca24dbaec67cc96ae5dc80f86004455d382e7723c786fda"
    },
    "docs/papers204_208_sequence/reviews/p207_b/executions/pair_01/run1_source/verify.py": {
      "bytes": 19015,
      "sha256": "8c364da4c9bdaa206910f95357cf813f544454fbceb021f89b8e79d09906c44a"
    },
    "docs/papers204_208_sequence/reviews/p207_b/executions/pair_01/run2.canonical.cmp.stderr": {
      "bytes": 0,
      "sha256": "e3b0c44298fc1c149afbf4c8996fb92427ae41e4649b934ca495991b7852b855"
    },
    "docs/papers204_208_sequence/reviews/p207_b/executions/pair_01/run2.canonical.cmp.stdout": {
      "bytes": 0,
      "sha256": "e3b0c44298fc1c149afbf4c8996fb92427ae41e4649b934ca495991b7852b855"
    },
    "docs/papers204_208_sequence/reviews/p207_b/executions/pair_01/run2.stderr": {
      "bytes": 0,
      "sha256": "e3b0c44298fc1c149afbf4c8996fb92427ae41e4649b934ca495991b7852b855"
    },
    "docs/papers204_208_sequence/reviews/p207_b/executions/pair_01/run2.stdout": {
      "bytes": 1558382,
      "sha256": "b7206f01180dcbe5eca24dbaec67cc96ae5dc80f86004455d382e7723c786fda"
    },
    "docs/papers204_208_sequence/reviews/p207_b/executions/pair_01/run2_source/verify.py": {
      "bytes": 19015,
      "sha256": "8c364da4c9bdaa206910f95357cf813f544454fbceb021f89b8e79d09906c44a"
    },
    "docs/papers204_208_sequence/reviews/p207_b/executions/pair_01/runtime_probe.stderr": {
      "bytes": 0,
      "sha256": "e3b0c44298fc1c149afbf4c8996fb92427ae41e4649b934ca495991b7852b855"
    },
    "docs/papers204_208_sequence/reviews/p207_b/executions/pair_01/runtime_probe.stdout": {
      "bytes": 216,
      "sha256": "1ef214445edb8350143bea341b92e786d358c669ea666b8fdd029bfb2a354814"
    },
    "docs/papers204_208_sequence/reviews/p207_b/executions/pair_02/CANONICAL.input.json": {
      "bytes": 1558382,
      "sha256": "b7206f01180dcbe5eca24dbaec67cc96ae5dc80f86004455d382e7723c786fda"
    },
    "docs/papers204_208_sequence/reviews/p207_b/executions/pair_02/INPUTS.after.sha256": {
      "bytes": 39975,
      "sha256": "4a2641c54090b59de109c8924616b67d2af379677d2421a8088b2d4f6ab9c90a"
    },
    "docs/papers204_208_sequence/reviews/p207_b/executions/pair_02/INPUTS.before.sha256": {
      "bytes": 39975,
      "sha256": "4a2641c54090b59de109c8924616b67d2af379677d2421a8088b2d4f6ab9c90a"
    },
    "docs/papers204_208_sequence/reviews/p207_b/executions/pair_02/MANIFEST.sha256": {
      "bytes": 1893,
      "sha256": "46e63331425819ac105389932cc27c3aebfa48bc11545ed4bbea3663497f9854"
    },
    "docs/papers204_208_sequence/reviews/p207_b/executions/pair_02/RECEIPT.json": {
      "bytes": 6552,
      "sha256": "7cff934f5a9ffb2e52197bb2c6b9716dd36877f6aa4d76c14509ce11adb51c32"
    },
    "docs/papers204_208_sequence/reviews/p207_b/executions/pair_02/canonical_live.cmp.stderr": {
      "bytes": 0,
      "sha256": "e3b0c44298fc1c149afbf4c8996fb92427ae41e4649b934ca495991b7852b855"
    },
    "docs/papers204_208_sequence/reviews/p207_b/executions/pair_02/canonical_live.cmp.stdout": {
      "bytes": 0,
      "sha256": "e3b0c44298fc1c149afbf4c8996fb92427ae41e4649b934ca495991b7852b855"
    },
    "docs/papers204_208_sequence/reviews/p207_b/executions/pair_02/input_pins.cmp.stderr": {
      "bytes": 0,
      "sha256": "e3b0c44298fc1c149afbf4c8996fb92427ae41e4649b934ca495991b7852b855"
    },
    "docs/papers204_208_sequence/reviews/p207_b/executions/pair_02/input_pins.cmp.stdout": {
      "bytes": 0,
      "sha256": "e3b0c44298fc1c149afbf4c8996fb92427ae41e4649b934ca495991b7852b855"
    },
    "docs/papers204_208_sequence/reviews/p207_b/executions/pair_02/pair.cmp.stderr": {
      "bytes": 0,
      "sha256": "e3b0c44298fc1c149afbf4c8996fb92427ae41e4649b934ca495991b7852b855"
    },
    "docs/papers204_208_sequence/reviews/p207_b/executions/pair_02/pair.cmp.stdout": {
      "bytes": 0,
      "sha256": "e3b0c44298fc1c149afbf4c8996fb92427ae41e4649b934ca495991b7852b855"
    },
    "docs/papers204_208_sequence/reviews/p207_b/executions/pair_02/run1.canonical.cmp.stderr": {
      "bytes": 0,
      "sha256": "e3b0c44298fc1c149afbf4c8996fb92427ae41e4649b934ca495991b7852b855"
    },
    "docs/papers204_208_sequence/reviews/p207_b/executions/pair_02/run1.canonical.cmp.stdout": {
      "bytes": 0,
      "sha256": "e3b0c44298fc1c149afbf4c8996fb92427ae41e4649b934ca495991b7852b855"
    },
    "docs/papers204_208_sequence/reviews/p207_b/executions/pair_02/run1.stderr": {
      "bytes": 0,
      "sha256": "e3b0c44298fc1c149afbf4c8996fb92427ae41e4649b934ca495991b7852b855"
    },
    "docs/papers204_208_sequence/reviews/p207_b/executions/pair_02/run1.stdout": {
      "bytes": 1558382,
      "sha256": "b7206f01180dcbe5eca24dbaec67cc96ae5dc80f86004455d382e7723c786fda"
    },
    "docs/papers204_208_sequence/reviews/p207_b/executions/pair_02/run1_source/verify.py": {
      "bytes": 19015,
      "sha256": "8c364da4c9bdaa206910f95357cf813f544454fbceb021f89b8e79d09906c44a"
    },
    "docs/papers204_208_sequence/reviews/p207_b/executions/pair_02/run2.canonical.cmp.stderr": {
      "bytes": 0,
      "sha256": "e3b0c44298fc1c149afbf4c8996fb92427ae41e4649b934ca495991b7852b855"
    },
    "docs/papers204_208_sequence/reviews/p207_b/executions/pair_02/run2.canonical.cmp.stdout": {
      "bytes": 0,
      "sha256": "e3b0c44298fc1c149afbf4c8996fb92427ae41e4649b934ca495991b7852b855"
    },
    "docs/papers204_208_sequence/reviews/p207_b/executions/pair_02/run2.stderr": {
      "bytes": 0,
      "sha256": "e3b0c44298fc1c149afbf4c8996fb92427ae41e4649b934ca495991b7852b855"
    },
    "docs/papers204_208_sequence/reviews/p207_b/executions/pair_02/run2.stdout": {
      "bytes": 1558382,
      "sha256": "b7206f01180dcbe5eca24dbaec67cc96ae5dc80f86004455d382e7723c786fda"
    },
    "docs/papers204_208_sequence/reviews/p207_b/executions/pair_02/run2_source/verify.py": {
      "bytes": 19015,
      "sha256": "8c364da4c9bdaa206910f95357cf813f544454fbceb021f89b8e79d09906c44a"
    },
    "docs/papers204_208_sequence/reviews/p207_b/executions/pair_02/runtime_probe.stderr": {
      "bytes": 0,
      "sha256": "e3b0c44298fc1c149afbf4c8996fb92427ae41e4649b934ca495991b7852b855"
    },
    "docs/papers204_208_sequence/reviews/p207_b/executions/pair_02/runtime_probe.stdout": {
      "bytes": 216,
      "sha256": "1ef214445edb8350143bea341b92e786d358c669ea666b8fdd029bfb2a354814"
    },
    "docs/papers204_208_sequence/reviews/p207_b/intake/FREEZE_PIN_CHECK.json": {
      "bytes": 20524,
      "sha256": "22eaeba0d0116e8e3bf140f560375cbba09ab2f671ee037204d766f82c890746"
    },
    "docs/papers204_208_sequence/reviews/p207_b/intake/REVIEW_SCOPE.md": {
      "bytes": 4900,
      "sha256": "214e3a5c0be2018820c2f21ec26b2b9d1b8b0c72192939dcf2055deeb7a214ef"
    },
    "docs/papers204_208_sequence/reviews/p207_b/page_views/page-1.png": {
      "bytes": 255355,
      "sha256": "ae0bc555f8857f08f53d4246d55ca0a48da25f409159df55a5fe2ddebc028410"
    },
    "docs/papers204_208_sequence/reviews/p207_b/page_views/page-2.png": {
      "bytes": 312313,
      "sha256": "2e3869358de479de69e13f83fd7c73c6306fd4045a37f0d2c3fe4e7e431869ff"
    },
    "docs/papers204_208_sequence/reviews/p207_b/page_views/page-3.png": {
      "bytes": 238117,
      "sha256": "b998823379bbba47d70aef9da25ecb3abd8703627a692a6dda4445b22717e9e9"
    },
    "docs/papers204_208_sequence/reviews/p207_b/page_views/page-4.png": {
      "bytes": 254190,
      "sha256": "769d9d58dab1430bf8d39359285dce4416e0e0824ebee54940c135f83cf622df"
    },
    "docs/papers204_208_sequence/reviews/p207_b/page_views/page-5.png": {
      "bytes": 252243,
      "sha256": "a539f2796c5d5c5ac4072ca9fcedd7e5a2c81d400df5f2d2f9a4ae72fe628ff7"
    },
    "docs/papers204_208_sequence/reviews/p207_b/page_views/page-6.png": {
      "bytes": 343404,
      "sha256": "c383a5807d6ed22fd9fa12580cfbede229b296646ab4c5d7ea60b63bad23da4d"
    },
    "docs/papers204_208_sequence/reviews/p207_b/page_views/page-7.png": {
      "bytes": 67531,
      "sha256": "4497cef8cab1e0f2ec938cb8fb8a58a7c9d4cc187e19e7ad25b86cd372514b14"
    },
    "docs/papers204_208_sequence/reviews/p207_b/record_review.py": {
      "bytes": 7027,
      "sha256": "ecdde52fe5530d1d5ad856748ea251dce62254c9b12bc3e57d853b7d3e77d4a8"
    },
    "docs/papers204_208_sequence/reviews/p207_b/verify.py": {
      "bytes": 19015,
      "sha256": "8c364da4c9bdaa206910f95357cf813f544454fbceb021f89b8e79d09906c44a"
    },
    "docs/papers204_208_sequence/scouting/word_local/LNR_EXTRA_COLLISION_NOTE.md": {
      "bytes": 2117,
      "sha256": "1956447e3b158679bb40dc9afdda62898bda82ff500264bb8da9f6b31365d02b"
    },
    "docs/papers204_208_sequence/scouting/word_local/LNR_GATE/sources/ZabihWoodfill1994.pdf": {
      "bytes": 359069,
      "sha256": "f6f29272b42fd02554ef2d0ebd9a2709b49aefda48e9a3de863faa6d0a8ccc88"
    },
    "docs/papers204_208_sequence/scouting/word_local/LNR_INVERSE_WORK/PROOF_PACKAGE.md": {
      "bytes": 15175,
      "sha256": "52067ae33f9564dff9daf9f763a442c39ab5911a9de8902c567eff3e13e6dc36"
    },
    "docs/papers204_208_sequence/scouting/word_local/LNR_INVERSE_WORK/SOURCE_BOUNDARY.md": {
      "bytes": 9651,
      "sha256": "cd61962db785d3515c0f3acb666f9a3217245809451a30697a74eb9f9a7692ff"
    },
    "docs/papers204_208_sequence/scouting/word_local/LNR_INVERSE_WORK/Tro22-Matrix-Analysis-LN.pdf": {
      "bytes": 2914350,
      "sha256": "d8e9da8b7a6f4b3d3d5845cc1f7ebafb6d5f2224c9b48244fb7371d6557aadf8"
    },
    "docs/papers204_208_sequence/scouting/word_local/LNR_INVERSE_WORK/Tro22-Matrix-Analysis-LN.txt": {
      "bytes": 1238780,
      "sha256": "7fb410a1626ce59be1b4c01c39d0d0708ab73a34910f23ec645edc4ff8f55fa2"
    },
    "docs/papers204_208_sequence/scouting/word_local/LNR_INVERSE_WORK/verify_inverse.py": {
      "bytes": 10989,
      "sha256": "fdf51545aad549c3c0c59816da2a573e92384143698060e047ae8295923c271c"
    },
    "docs/papers204_208_sequence/scouting/word_local/UGR_GATE/CANDIDATE_GATE.md": {
      "bytes": 10681,
      "sha256": "5fb6c549b7bc332c95157d15de4675ae3fa8a3d00f6dd881c0162511e2e93185"
    },
    "docs/papers204_208_sequence/scouting/word_local/UGR_GATE/CANONICAL.jsonl": {
      "bytes": 6184,
      "sha256": "6beafa58167d74b9db85ca8001b8a54043ad6ffbe493901a6046ead5485e2cb5"
    },
    "docs/papers204_208_sequence/scouting/word_local/UGR_GATE/EXECUTION_RECEIPT.md": {
      "bytes": 5096,
      "sha256": "88d232d3e5293adcb47a2cbedee6688c63e18b1acc138cc029d531fd96fc07d7"
    },
    "docs/papers204_208_sequence/scouting/word_local/UGR_GATE/SOURCE_AUDIT.md": {
      "bytes": 11116,
      "sha256": "3a71f3ce641573c94c1b9638d1253bafd9575863a03e4a3d63b0ef902307b511"
    },
    "docs/papers204_208_sequence/scouting/word_local/UGR_GATE/verify_gate.cpp": {
      "bytes": 12925,
      "sha256": "dda534f27a47161b4d38e2294c00876a080088ac36d6fd55169ce6c11c91aa1c"
    },
    "docs/papers204_208_sequence/scouting/word_local/UGR_PROOF_WORK/PROOF_PACKAGE.md": {
      "bytes": 19376,
      "sha256": "9f18a822cf8345b82650bcf3d8480e811053cb7621cb95d71da7205e186bc3ad"
    },
    "docs/papers204_208_sequence/scouting/word_local/UGR_PROOF_WORK/verify_ugr.py": {
      "bytes": 12415,
      "sha256": "ca6bc9d408d09fbb1e3700432077c3843b68811c8c6dbf60de69d679f81a062a"
    },
    "papers/112-tournament-score-upset-reversal/main.tex": {
      "bytes": 24431,
      "sha256": "ef4ac3d6efcc2dba4c40c39e0261b1c12d75906f6d035633cad01a52b40d301c"
    },
    "papers/186-rank-compression-support/main.tex": {
      "bytes": 11428,
      "sha256": "e7f407c5200e2e308885d61bd1328c8e3d20f57e50f219ab5ad104609cee0394"
    },
    "papers/207-upper-neighbor-rank-dynamics/AUTHOR_EXECUTION.md": {
      "bytes": 10529,
      "sha256": "59cae7dd4c0d23c4976d9ca20d0f78e4fe2ba7e6543b3458e4eb6954c11059f4"
    },
    "papers/207-upper-neighbor-rank-dynamics/AUTHOR_REPLAY.md": {
      "bytes": 1528,
      "sha256": "46b0f63522c9dbfa0cb91f53a9f9c32292055bf4d089e760def634ebbbc1f684"
    },
    "papers/207-upper-neighbor-rank-dynamics/CANONICAL.json": {
      "bytes": 288808,
      "sha256": "306d4e7dea07ad10234f06c69912561425792ed61fadeff3b165b09d1a106992"
    },
    "papers/207-upper-neighbor-rank-dynamics/CLAIMS_EVIDENCE.md": {
      "bytes": 1791,
      "sha256": "460b0b2e0c28cc12bb3238f3c6798df33ae6c1b2443f8a274cb013315004ca70"
    },
    "papers/207-upper-neighbor-rank-dynamics/INTEGRITY_REVIEW.md": {
      "bytes": 3042,
      "sha256": "2a387ad7b33f6a6c7cce8ade976ade685fdd1f985609b997f90f4002c7ed632b"
    },
    "papers/207-upper-neighbor-rank-dynamics/NARRATIVE_REPORT.md": {
      "bytes": 1347,
      "sha256": "bd6eb6c8e2329785f5e025cf0c34273715985ebc5a861283133d5e7547146cb8"
    },
    "papers/207-upper-neighbor-rank-dynamics/PAPER_PLAN.md": {
      "bytes": 4342,
      "sha256": "a15088af7279732d2dada9c3ba4942a47a1950079c14d52592706e16f2709639"
    },
    "papers/207-upper-neighbor-rank-dynamics/PAPER_STATUS.md": {
      "bytes": 5939,
      "sha256": "8cfb15f5c520bfa3601b41a464dfa02bf35e17ca7e60fd437f8e1a0502b8d578"
    },
    "papers/207-upper-neighbor-rank-dynamics/PROOF_PACKAGE.md": {
      "bytes": 2794,
      "sha256": "f237dfc71fa1992cb2f5c4c158eb4a539bea83dd8a463ec785627c4c05ed1c53"
    },
    "papers/207-upper-neighbor-rank-dynamics/README.md": {
      "bytes": 1060,
      "sha256": "ec59f30b77215c9d6113ce9532bcf9a4c61c31e0d8ed1042196eb79271da2085"
    },
    "papers/207-upper-neighbor-rank-dynamics/ROUND0_BUILD_REPORT.md": {
      "bytes": 3579,
      "sha256": "10c9ae4a9a3a5e705b8ad5dc5a9e16e595013269259fdb1a70d1df2b5998e235"
    },
    "papers/207-upper-neighbor-rank-dynamics/SHA256SUMS": {
      "bytes": 76344,
      "sha256": "1d52015974faf842c50e9fc0a5ca481d4973af0c26b3c19c4b540ca5c6016a95"
    },
    "papers/207-upper-neighbor-rank-dynamics/SOURCE_AUDIT.md": {
      "bytes": 3922,
      "sha256": "3e600ba599935d2fc33624e98dfe84122437dae94cecc99e54a473981ea2c070"
    },
    "papers/207-upper-neighbor-rank-dynamics/author_replay/OWNED_MANIFEST.sha256": {
      "bytes": 11473,
      "sha256": "0e41a415dafb8fdabb4285625cdc31abfd925ea557606a966a6a61c967ff6cb9"
    },
    "papers/207-upper-neighbor-rank-dynamics/author_replay/export_pair.py": {
      "bytes": 3130,
      "sha256": "4dd58fe04afbd634669392e96027ab02e0560d82ca8d9f4b0899d169c77c267d"
    },
    "papers/207-upper-neighbor-rank-dynamics/author_replay/export_pair_01/MANIFEST.sha256": {
      "bytes": 811,
      "sha256": "dc279f3c6e161f43585b30e7066b1e2a5c161cf695d4d2298462ffe94f261df3"
    },
    "papers/207-upper-neighbor-rank-dynamics/author_replay/export_pair_01/RECEIPT.json": {
      "bytes": 2865,
      "sha256": "1c29af88101a2c33f2d973df9ab3149cab207894b447eb11058b634bbe6d13a1"
    },
    "papers/207-upper-neighbor-rank-dynamics/author_replay/export_pair_01/run1.canonical.cmp.stderr": {
      "bytes": 0,
      "sha256": "e3b0c44298fc1c149afbf4c8996fb92427ae41e4649b934ca495991b7852b855"
    },
    "papers/207-upper-neighbor-rank-dynamics/author_replay/export_pair_01/run1.canonical.cmp.stdout": {
      "bytes": 0,
      "sha256": "e3b0c44298fc1c149afbf4c8996fb92427ae41e4649b934ca495991b7852b855"
    },
    "papers/207-upper-neighbor-rank-dynamics/author_replay/export_pair_01/run1.original.cmp.stderr": {
      "bytes": 0,
      "sha256": "e3b0c44298fc1c149afbf4c8996fb92427ae41e4649b934ca495991b7852b855"
    },
    "papers/207-upper-neighbor-rank-dynamics/author_replay/export_pair_01/run1.original.cmp.stdout": {
      "bytes": 0,
      "sha256": "e3b0c44298fc1c149afbf4c8996fb92427ae41e4649b934ca495991b7852b855"
    },
    "papers/207-upper-neighbor-rank-dynamics/author_replay/export_pair_01/run2.canonical.cmp.stderr": {
      "bytes": 0,
      "sha256": "e3b0c44298fc1c149afbf4c8996fb92427ae41e4649b934ca495991b7852b855"
    },
    "papers/207-upper-neighbor-rank-dynamics/author_replay/export_pair_01/run2.canonical.cmp.stdout": {
      "bytes": 0,
      "sha256": "e3b0c44298fc1c149afbf4c8996fb92427ae41e4649b934ca495991b7852b855"
    },
    "papers/207-upper-neighbor-rank-dynamics/author_replay/export_pair_01/run2.original.cmp.stderr": {
      "bytes": 0,
      "sha256": "e3b0c44298fc1c149afbf4c8996fb92427ae41e4649b934ca495991b7852b855"
    },
    "papers/207-upper-neighbor-rank-dynamics/author_replay/export_pair_01/run2.original.cmp.stdout": {
      "bytes": 0,
      "sha256": "e3b0c44298fc1c149afbf4c8996fb92427ae41e4649b934ca495991b7852b855"
    },
    "papers/207-upper-neighbor-rank-dynamics/author_replay/initial_01/CANONICAL.input.json": {
      "bytes": 288808,
      "sha256": "306d4e7dea07ad10234f06c69912561425792ed61fadeff3b165b09d1a106992"
    },
    "papers/207-upper-neighbor-rank-dynamics/author_replay/initial_01/INPUT_PINS.after.sha256": {
      "bytes": 2353,
      "sha256": "4ae723ec96a7bd8a16bcbd8de44b0795a7e77496f36610c605208d7bb2ca0548"
    },
    "papers/207-upper-neighbor-rank-dynamics/author_replay/initial_01/INPUT_PINS.before.sha256": {
      "bytes": 2353,
      "sha256": "4ae723ec96a7bd8a16bcbd8de44b0795a7e77496f36610c605208d7bb2ca0548"
    },
    "papers/207-upper-neighbor-rank-dynamics/author_replay/initial_01/MANIFEST.sha256": {
      "bytes": 3714,
      "sha256": "84eb9a7a671dcba2ff5b1cb053a10fed4b5d7aab89629020410addb381356bd4"
    },
    "papers/207-upper-neighbor-rank-dynamics/author_replay/initial_01/RECEIPT.json": {
      "bytes": 5034,
      "sha256": "5ce7ab72963a0e997482e915bc732329561aabfcaf63187797bdf9bb5af255f1"
    },
    "papers/207-upper-neighbor-rank-dynamics/author_replay/initial_01/canonical_live.cmp.stderr": {
      "bytes": 0,
      "sha256": "e3b0c44298fc1c149afbf4c8996fb92427ae41e4649b934ca495991b7852b855"
    },
    "papers/207-upper-neighbor-rank-dynamics/author_replay/initial_01/canonical_live.cmp.stdout": {
      "bytes": 0,
      "sha256": "e3b0c44298fc1c149afbf4c8996fb92427ae41e4649b934ca495991b7852b855"
    },
    "papers/207-upper-neighbor-rank-dynamics/author_replay/initial_01/python_version.stderr": {
      "bytes": 0,
      "sha256": "e3b0c44298fc1c149afbf4c8996fb92427ae41e4649b934ca495991b7852b855"
    },
    "papers/207-upper-neighbor-rank-dynamics/author_replay/initial_01/python_version.stdout": {
      "bytes": 14,
      "sha256": "5b3e43dc38ca01e3f5a7854ba50d4330864b0c1e0f646650b2c78cf072acc366"
    },
    "papers/207-upper-neighbor-rank-dynamics/author_replay/initial_01/run0.canonical.cmp.stderr": {
      "bytes": 0,
      "sha256": "e3b0c44298fc1c149afbf4c8996fb92427ae41e4649b934ca495991b7852b855"
    },
    "papers/207-upper-neighbor-rank-dynamics/author_replay/initial_01/run0.canonical.cmp.stdout": {
      "bytes": 0,
      "sha256": "e3b0c44298fc1c149afbf4c8996fb92427ae41e4649b934ca495991b7852b855"
    },
    "papers/207-upper-neighbor-rank-dynamics/author_replay/initial_01/run0.stderr": {
      "bytes": 0,
      "sha256": "e3b0c44298fc1c149afbf4c8996fb92427ae41e4649b934ca495991b7852b855"
    },
    "papers/207-upper-neighbor-rank-dynamics/author_replay/initial_01/run0.stdout": {
      "bytes": 288808,
      "sha256": "306d4e7dea07ad10234f06c69912561425792ed61fadeff3b165b09d1a106992"
    },
    "papers/207-upper-neighbor-rank-dynamics/author_replay/initial_01/source_inputs/docs/papers204_208_sequence/ARTIFACT_CONTRACT.md": {
      "bytes": 4142,
      "sha256": "de1e46fe57ef42199232fa1ec1a18a25c0188fcb34aa02fb721ad2d576f52b73"
    },
    "papers/207-upper-neighbor-rank-dynamics/author_replay/initial_01/source_inputs/docs/papers204_208_sequence/FINAL_THEOREM_CONTRACTS.md": {
      "bytes": 12810,
      "sha256": "6bd11325d89e5055166a9aa059143dd3204d629892d050e40833bc82c47ff0ce"
    },
    "papers/207-upper-neighbor-rank-dynamics/author_replay/initial_01/source_inputs/docs/papers204_208_sequence/scouting/word_local/LNR_INVERSE_WORK/CANONICAL.json": {
      "bytes": 31904,
      "sha256": "3299035544028faccc6ad082bcffe2df1aaa8b4f9ff19671639236806e7b21da"
    },
    "papers/207-upper-neighbor-rank-dynamics/author_replay/initial_01/source_inputs/docs/papers204_208_sequence/scouting/word_local/LNR_INVERSE_WORK/MANIFEST.sha256": {
      "bytes": 1680,
      "sha256": "d42c1c7bb790cbf2c9211c76663bf8f96e70ff7c938d79df9445874afea8db4a"
    },
    "papers/207-upper-neighbor-rank-dynamics/author_replay/initial_01/source_inputs/docs/papers204_208_sequence/scouting/word_local/LNR_INVERSE_WORK/PROOF_PACKAGE.md": {
      "bytes": 15175,
      "sha256": "52067ae33f9564dff9daf9f763a442c39ab5911a9de8902c567eff3e13e6dc36"
    },
    "papers/207-upper-neighbor-rank-dynamics/author_replay/initial_01/source_inputs/docs/papers204_208_sequence/scouting/word_local/LNR_INVERSE_WORK/SOURCE_BOUNDARY.md": {
      "bytes": 9651,
      "sha256": "cd61962db785d3515c0f3acb666f9a3217245809451a30697a74eb9f9a7692ff"
    },
    "papers/207-upper-neighbor-rank-dynamics/author_replay/initial_01/source_inputs/docs/papers204_208_sequence/scouting/word_local/LNR_INVERSE_WORK/verify_inverse.py": {
      "bytes": 10989,
      "sha256": "fdf51545aad549c3c0c59816da2a573e92384143698060e047ae8295923c271c"
    },
    "papers/207-upper-neighbor-rank-dynamics/author_replay/initial_01/source_inputs/docs/papers204_208_sequence/scouting/word_local/UGR_GATE/CANDIDATE_GATE.md": {
      "bytes": 10681,
      "sha256": "5fb6c549b7bc332c95157d15de4675ae3fa8a3d00f6dd881c0162511e2e93185"
    },
    "papers/207-upper-neighbor-rank-dynamics/author_replay/initial_01/source_inputs/docs/papers204_208_sequence/scouting/word_local/UGR_GATE/INPUT_PINS.sha256": {
      "bytes": 2801,
      "sha256": "196cce555e05ee380be9f1cc12b818a1c2bb98809249f503eb065fca65488d92"
    },
    "papers/207-upper-neighbor-rank-dynamics/author_replay/initial_01/source_inputs/docs/papers204_208_sequence/scouting/word_local/UGR_GATE/MANIFEST.sha256": {
      "bytes": 4267,
      "sha256": "28d325cbb074f10f92a43ae409b5d4ac6e605ab85859fdfca103a3f835bfc276"
    },
    "papers/207-upper-neighbor-rank-dynamics/author_replay/initial_01/source_inputs/docs/papers204_208_sequence/scouting/word_local/UGR_GATE/SOURCE_AUDIT.md": {
      "bytes": 11116,
      "sha256": "3a71f3ce641573c94c1b9638d1253bafd9575863a03e4a3d63b0ef902307b511"
    },
    "papers/207-upper-neighbor-rank-dynamics/author_replay/initial_01/source_inputs/docs/papers204_208_sequence/scouting/word_local/UGR_PROOF_WORK/CANONICAL.json": {
      "bytes": 224755,
      "sha256": "0d0944d63f300b79877b816b1c289ae91984b92f2b3082aa115d62d085baa9d9"
    },
    "papers/207-upper-neighbor-rank-dynamics/author_replay/initial_01/source_inputs/docs/papers204_208_sequence/scouting/word_local/UGR_PROOF_WORK/MANIFEST.sha256": {
      "bytes": 2290,
      "sha256": "1ccad5d919b32e78671fabe4c137237ebc6b5d0e4df7a57e16d25f7964fc6b31"
    },
    "papers/207-upper-neighbor-rank-dynamics/author_replay/initial_01/source_inputs/docs/papers204_208_sequence/scouting/word_local/UGR_PROOF_WORK/PROOF_PACKAGE.md": {
      "bytes": 19376,
      "sha256": "9f18a822cf8345b82650bcf3d8480e811053cb7621cb95d71da7205e186bc3ad"
    },
    "papers/207-upper-neighbor-rank-dynamics/author_replay/initial_01/source_inputs/docs/papers204_208_sequence/scouting/word_local/UGR_PROOF_WORK/verify_ugr.py": {
      "bytes": 12415,
      "sha256": "ca6bc9d408d09fbb1e3700432077c3843b68811c8c6dbf60de69d679f81a062a"
    },
    "papers/207-upper-neighbor-rank-dynamics/author_replay/initial_01/source_inputs/papers/207-upper-neighbor-rank-dynamics/record_author.py": {
      "bytes": 11210,
      "sha256": "6f84d70eebb562d63678623c362ea16b9ce7a284ddc04d2953252ad044e2c1e7"
    },
    "papers/207-upper-neighbor-rank-dynamics/author_replay/initial_01/source_inputs/papers/207-upper-neighbor-rank-dynamics/verify.py": {
      "bytes": 31813,
      "sha256": "5018b0fe6d6a032e0eadeb7cd53a6de47c789193580fa1707312b592cd4a3c93"
    },
    "papers/207-upper-neighbor-rank-dynamics/author_replay/initial_01/verify.py": {
      "bytes": 31813,
      "sha256": "5018b0fe6d6a032e0eadeb7cd53a6de47c789193580fa1707312b592cd4a3c93"
    },
    "papers/207-upper-neighbor-rank-dynamics/author_replay/pair_01/CANONICAL.input.json": {
      "bytes": 288808,
      "sha256": "306d4e7dea07ad10234f06c69912561425792ed61fadeff3b165b09d1a106992"
    },
    "papers/207-upper-neighbor-rank-dynamics/author_replay/pair_01/INPUT_PINS.after.sha256": {
      "bytes": 2353,
      "sha256": "4ae723ec96a7bd8a16bcbd8de44b0795a7e77496f36610c605208d7bb2ca0548"
    },
    "papers/207-upper-neighbor-rank-dynamics/author_replay/pair_01/INPUT_PINS.before.sha256": {
      "bytes": 2353,
      "sha256": "4ae723ec96a7bd8a16bcbd8de44b0795a7e77496f36610c605208d7bb2ca0548"
    },
    "papers/207-upper-neighbor-rank-dynamics/author_replay/pair_01/MANIFEST.sha256": {
      "bytes": 4218,
      "sha256": "aee7e94cd823161fe98daf0559fc5983e49f5cc691dde79e48b206985a5beeb1"
    },
    "papers/207-upper-neighbor-rank-dynamics/author_replay/pair_01/RECEIPT.json": {
      "bytes": 8000,
      "sha256": "350eaf8a2bdeef983e9e7e346397edff6e6506f42fa54f25f4204d8f8b5b8db4"
    },
    "papers/207-upper-neighbor-rank-dynamics/author_replay/pair_01/canonical_live.cmp.stderr": {
      "bytes": 0,
      "sha256": "e3b0c44298fc1c149afbf4c8996fb92427ae41e4649b934ca495991b7852b855"
    },
    "papers/207-upper-neighbor-rank-dynamics/author_replay/pair_01/canonical_live.cmp.stdout": {
      "bytes": 0,
      "sha256": "e3b0c44298fc1c149afbf4c8996fb92427ae41e4649b934ca495991b7852b855"
    },
    "papers/207-upper-neighbor-rank-dynamics/author_replay/pair_01/pair.cmp.stderr": {
      "bytes": 0,
      "sha256": "e3b0c44298fc1c149afbf4c8996fb92427ae41e4649b934ca495991b7852b855"
    },
    "papers/207-upper-neighbor-rank-dynamics/author_replay/pair_01/pair.cmp.stdout": {
      "bytes": 0,
      "sha256": "e3b0c44298fc1c149afbf4c8996fb92427ae41e4649b934ca495991b7852b855"
    },
    "papers/207-upper-neighbor-rank-dynamics/author_replay/pair_01/python_version.stderr": {
      "bytes": 0,
      "sha256": "e3b0c44298fc1c149afbf4c8996fb92427ae41e4649b934ca495991b7852b855"
    },
    "papers/207-upper-neighbor-rank-dynamics/author_replay/pair_01/python_version.stdout": {
      "bytes": 14,
      "sha256": "5b3e43dc38ca01e3f5a7854ba50d4330864b0c1e0f646650b2c78cf072acc366"
    },
    "papers/207-upper-neighbor-rank-dynamics/author_replay/pair_01/run1.canonical.cmp.stderr": {
      "bytes": 0,
      "sha256": "e3b0c44298fc1c149afbf4c8996fb92427ae41e4649b934ca495991b7852b855"
    },
    "papers/207-upper-neighbor-rank-dynamics/author_replay/pair_01/run1.canonical.cmp.stdout": {
      "bytes": 0,
      "sha256": "e3b0c44298fc1c149afbf4c8996fb92427ae41e4649b934ca495991b7852b855"
    },
    "papers/207-upper-neighbor-rank-dynamics/author_replay/pair_01/run1.stderr": {
      "bytes": 0,
      "sha256": "e3b0c44298fc1c149afbf4c8996fb92427ae41e4649b934ca495991b7852b855"
    },
    "papers/207-upper-neighbor-rank-dynamics/author_replay/pair_01/run1.stdout": {
      "bytes": 288808,
      "sha256": "306d4e7dea07ad10234f06c69912561425792ed61fadeff3b165b09d1a106992"
    },
    "papers/207-upper-neighbor-rank-dynamics/author_replay/pair_01/run2.canonical.cmp.stderr": {
      "bytes": 0,
      "sha256": "e3b0c44298fc1c149afbf4c8996fb92427ae41e4649b934ca495991b7852b855"
    },
    "papers/207-upper-neighbor-rank-dynamics/author_replay/pair_01/run2.canonical.cmp.stdout": {
      "bytes": 0,
      "sha256": "e3b0c44298fc1c149afbf4c8996fb92427ae41e4649b934ca495991b7852b855"
    },
    "papers/207-upper-neighbor-rank-dynamics/author_replay/pair_01/run2.stderr": {
      "bytes": 0,
      "sha256": "e3b0c44298fc1c149afbf4c8996fb92427ae41e4649b934ca495991b7852b855"
    },
    "papers/207-upper-neighbor-rank-dynamics/author_replay/pair_01/run2.stdout": {
      "bytes": 288808,
      "sha256": "306d4e7dea07ad10234f06c69912561425792ed61fadeff3b165b09d1a106992"
    },
    "papers/207-upper-neighbor-rank-dynamics/author_replay/pair_01/source_inputs/docs/papers204_208_sequence/ARTIFACT_CONTRACT.md": {
      "bytes": 4142,
      "sha256": "de1e46fe57ef42199232fa1ec1a18a25c0188fcb34aa02fb721ad2d576f52b73"
    },
    "papers/207-upper-neighbor-rank-dynamics/author_replay/pair_01/source_inputs/docs/papers204_208_sequence/FINAL_THEOREM_CONTRACTS.md": {
      "bytes": 12810,
      "sha256": "6bd11325d89e5055166a9aa059143dd3204d629892d050e40833bc82c47ff0ce"
    },
    "papers/207-upper-neighbor-rank-dynamics/author_replay/pair_01/source_inputs/docs/papers204_208_sequence/scouting/word_local/LNR_INVERSE_WORK/CANONICAL.json": {
      "bytes": 31904,
      "sha256": "3299035544028faccc6ad082bcffe2df1aaa8b4f9ff19671639236806e7b21da"
    },
    "papers/207-upper-neighbor-rank-dynamics/author_replay/pair_01/source_inputs/docs/papers204_208_sequence/scouting/word_local/LNR_INVERSE_WORK/MANIFEST.sha256": {
      "bytes": 1680,
      "sha256": "d42c1c7bb790cbf2c9211c76663bf8f96e70ff7c938d79df9445874afea8db4a"
    },
    "papers/207-upper-neighbor-rank-dynamics/author_replay/pair_01/source_inputs/docs/papers204_208_sequence/scouting/word_local/LNR_INVERSE_WORK/PROOF_PACKAGE.md": {
      "bytes": 15175,
      "sha256": "52067ae33f9564dff9daf9f763a442c39ab5911a9de8902c567eff3e13e6dc36"
    },
    "papers/207-upper-neighbor-rank-dynamics/author_replay/pair_01/source_inputs/docs/papers204_208_sequence/scouting/word_local/LNR_INVERSE_WORK/SOURCE_BOUNDARY.md": {
      "bytes": 9651,
      "sha256": "cd61962db785d3515c0f3acb666f9a3217245809451a30697a74eb9f9a7692ff"
    },
    "papers/207-upper-neighbor-rank-dynamics/author_replay/pair_01/source_inputs/docs/papers204_208_sequence/scouting/word_local/LNR_INVERSE_WORK/verify_inverse.py": {
      "bytes": 10989,
      "sha256": "fdf51545aad549c3c0c59816da2a573e92384143698060e047ae8295923c271c"
    },
    "papers/207-upper-neighbor-rank-dynamics/author_replay/pair_01/source_inputs/docs/papers204_208_sequence/scouting/word_local/UGR_GATE/CANDIDATE_GATE.md": {
      "bytes": 10681,
      "sha256": "5fb6c549b7bc332c95157d15de4675ae3fa8a3d00f6dd881c0162511e2e93185"
    },
    "papers/207-upper-neighbor-rank-dynamics/author_replay/pair_01/source_inputs/docs/papers204_208_sequence/scouting/word_local/UGR_GATE/INPUT_PINS.sha256": {
      "bytes": 2801,
      "sha256": "196cce555e05ee380be9f1cc12b818a1c2bb98809249f503eb065fca65488d92"
    },
    "papers/207-upper-neighbor-rank-dynamics/author_replay/pair_01/source_inputs/docs/papers204_208_sequence/scouting/word_local/UGR_GATE/MANIFEST.sha256": {
      "bytes": 4267,
      "sha256": "28d325cbb074f10f92a43ae409b5d4ac6e605ab85859fdfca103a3f835bfc276"
    },
    "papers/207-upper-neighbor-rank-dynamics/author_replay/pair_01/source_inputs/docs/papers204_208_sequence/scouting/word_local/UGR_GATE/SOURCE_AUDIT.md": {
      "bytes": 11116,
      "sha256": "3a71f3ce641573c94c1b9638d1253bafd9575863a03e4a3d63b0ef902307b511"
    },
    "papers/207-upper-neighbor-rank-dynamics/author_replay/pair_01/source_inputs/docs/papers204_208_sequence/scouting/word_local/UGR_PROOF_WORK/CANONICAL.json": {
      "bytes": 224755,
      "sha256": "0d0944d63f300b79877b816b1c289ae91984b92f2b3082aa115d62d085baa9d9"
    },
    "papers/207-upper-neighbor-rank-dynamics/author_replay/pair_01/source_inputs/docs/papers204_208_sequence/scouting/word_local/UGR_PROOF_WORK/MANIFEST.sha256": {
      "bytes": 2290,
      "sha256": "1ccad5d919b32e78671fabe4c137237ebc6b5d0e4df7a57e16d25f7964fc6b31"
    },
    "papers/207-upper-neighbor-rank-dynamics/author_replay/pair_01/source_inputs/docs/papers204_208_sequence/scouting/word_local/UGR_PROOF_WORK/PROOF_PACKAGE.md": {
      "bytes": 19376,
      "sha256": "9f18a822cf8345b82650bcf3d8480e811053cb7621cb95d71da7205e186bc3ad"
    },
    "papers/207-upper-neighbor-rank-dynamics/author_replay/pair_01/source_inputs/docs/papers204_208_sequence/scouting/word_local/UGR_PROOF_WORK/verify_ugr.py": {
      "bytes": 12415,
      "sha256": "ca6bc9d408d09fbb1e3700432077c3843b68811c8c6dbf60de69d679f81a062a"
    },
    "papers/207-upper-neighbor-rank-dynamics/author_replay/pair_01/source_inputs/papers/207-upper-neighbor-rank-dynamics/record_author.py": {
      "bytes": 11210,
      "sha256": "6f84d70eebb562d63678623c362ea16b9ce7a284ddc04d2953252ad044e2c1e7"
    },
    "papers/207-upper-neighbor-rank-dynamics/author_replay/pair_01/source_inputs/papers/207-upper-neighbor-rank-dynamics/verify.py": {
      "bytes": 31813,
      "sha256": "5018b0fe6d6a032e0eadeb7cd53a6de47c789193580fa1707312b592cd4a3c93"
    },
    "papers/207-upper-neighbor-rank-dynamics/author_replay/pair_01/verify.py": {
      "bytes": 31813,
      "sha256": "5018b0fe6d6a032e0eadeb7cd53a6de47c789193580fa1707312b592cd4a3c93"
    },
    "papers/207-upper-neighbor-rank-dynamics/author_replay/run1.stdout": {
      "bytes": 288808,
      "sha256": "306d4e7dea07ad10234f06c69912561425792ed61fadeff3b165b09d1a106992"
    },
    "papers/207-upper-neighbor-rank-dynamics/author_replay/run2.stdout": {
      "bytes": 288808,
      "sha256": "306d4e7dea07ad10234f06c69912561425792ed61fadeff3b165b09d1a106992"
    },
    "papers/207-upper-neighbor-rank-dynamics/build_round0_02/BIBTEX_ENGINE.txt": {
      "bytes": 383,
      "sha256": "622b6e09c4ef724829b6a0fda40776b10aa28deea4be1a788aa92ea1b3d27d90"
    },
    "papers/207-upper-neighbor-rank-dynamics/build_round0_02/BUILD_ENVIRONMENT.txt": {
      "bytes": 65,
      "sha256": "bf74ae54b000a9ec1d584e987362d640f59f27a5f5f09bc46eb6f82cef7e17af"
    },
    "papers/207-upper-neighbor-rank-dynamics/build_round0_02/DIAGNOSTICS.txt": {
      "bytes": 123,
      "sha256": "dc9d9fde5b826c635bcf208021378b466c60cf484858f669aec59fb2a3fd6383"
    },
    "papers/207-upper-neighbor-rank-dynamics/build_round0_02/ENGINE.txt": {
      "bytes": 555,
      "sha256": "5ed4d12bfc8b37387ea53ec9537396e987ec3dd557bcc1a766c2e515bd6b15b0"
    },
    "papers/207-upper-neighbor-rank-dynamics/build_round0_02/FONTS.txt": {
      "bytes": 3102,
      "sha256": "bc0e274ad2c408b1fb1f104ef3766cedfd9ad4352af51d727749a6db89acb496"
    },
    "papers/207-upper-neighbor-rank-dynamics/build_round0_02/PDF.sha256": {
      "bytes": 75,
      "sha256": "fd740514bcacaa6c73e9ce4be1e7dbb95238b87569a85de5226eedcb0cfd6fb9"
    },
    "papers/207-upper-neighbor-rank-dynamics/build_round0_02/PDFINFO.txt": {
      "bytes": 422,
      "sha256": "5149cc5eab49c2ac0989f60e36db68c8c1717922018628b26d6353ab2a4d02ed"
    },
    "papers/207-upper-neighbor-rank-dynamics/build_round0_02/SOURCE_INPUTS.sha256": {
      "bytes": 779,
      "sha256": "cf71f28b50ceb442f3e327183d189dc7ffd149247142b2c94f3a6439f48d0987"
    },
    "papers/207-upper-neighbor-rank-dynamics/build_round0_02/bibtex.stdout": {
      "bytes": 158,
      "sha256": "7b0a0a8d2f1749b44546479273ee9d474d9656cc2a276630ff83cc8a72044dc9"
    },
    "papers/207-upper-neighbor-rank-dynamics/build_round0_02/main.aux": {
      "bytes": 3719,
      "sha256": "8e7382ebe81c7b7a42d766512521326d6d6742db6797f3b1ac2e11474b7770a9"
    },
    "papers/207-upper-neighbor-rank-dynamics/build_round0_02/main.bbl": {
      "bytes": 1363,
      "sha256": "553c03c15c5b6f1cf89bd04e578749676640d9d65ce4057b9df7326ad9160faf"
    },
    "papers/207-upper-neighbor-rank-dynamics/build_round0_02/main.blg": {
      "bytes": 895,
      "sha256": "356f7900108865c62f26cc00e79abf60251eecd80f8d5e7a77b72da3e8cf494f"
    },
    "papers/207-upper-neighbor-rank-dynamics/build_round0_02/main.fls": {
      "bytes": 54344,
      "sha256": "f4092989dbf5a067f7d9bb940c59bc46bc2489bace5dd5b2a04ab392602aae6c"
    },
    "papers/207-upper-neighbor-rank-dynamics/build_round0_02/main.log": {
      "bytes": 27819,
      "sha256": "a1a3d46575e6d4f060324fd627942523f29937cf10ebd9162b16322a40bbb0d0"
    },
    "papers/207-upper-neighbor-rank-dynamics/build_round0_02/main.out": {
      "bytes": 2174,
      "sha256": "073e7b0e6acd0b11618a58b5e928e31f4c2b0152b1517ede86e7a52ec693b283"
    },
    "papers/207-upper-neighbor-rank-dynamics/build_round0_02/main.pdf": {
      "bytes": 407461,
      "sha256": "62273e3a7cdc753c70bc1bea44fdd60f57ec2dbe119c1c511d30183081b83adf"
    },
    "papers/207-upper-neighbor-rank-dynamics/build_round0_02/main.tex": {
      "bytes": 1118,
      "sha256": "60f96c5fc8834582e4cafb37c2d7b20860dc8689f212024b054a3d92c1076a5b"
    },
    "papers/207-upper-neighbor-rank-dynamics/build_round0_02/main.txt": {
      "bytes": 25207,
      "sha256": "94f41e8cb1a5103f158020bb472a90703250ddef6f4158f60cf8c9db090eec48"
    },
    "papers/207-upper-neighbor-rank-dynamics/build_round0_02/math_commands.tex": {
      "bytes": 358,
      "sha256": "4a546018d25d8ada1bd789d16832812990d9050d4d361b69e22694e66a3e989e"
    },
    "papers/207-upper-neighbor-rank-dynamics/build_round0_02/pass1.stdout": {
      "bytes": 9491,
      "sha256": "bb2d18b4e2306acb9b3614975ca4a4c8dfe7980fc49f48c3ceba88a761734020"
    },
    "papers/207-upper-neighbor-rank-dynamics/build_round0_02/pass2.stdout": {
      "bytes": 8169,
      "sha256": "afd44075cfb37092c47e3dfb726f5fe7f6c5347af0d438e32087f9926454ca32"
    },
    "papers/207-upper-neighbor-rank-dynamics/build_round0_02/pass3.stdout": {
      "bytes": 7353,
      "sha256": "84c7e1f1807b36bfeada50fba44ec3951f040bd91f26a159ebce46189df125ed"
    },
    "papers/207-upper-neighbor-rank-dynamics/build_round0_02/references.bib": {
      "bytes": 1113,
      "sha256": "7904fcbb5fca3ad1851188ab896f3834d6787634960314e81e6ba7fda1195c85"
    },
    "papers/207-upper-neighbor-rank-dynamics/build_round0_02/sections/00_abstract.tex": {
      "bytes": 1167,
      "sha256": "d2f62c638b133b0e5997ada83f2aaf03c20bd028d459dc511ee671dca6adacae"
    },
    "papers/207-upper-neighbor-rank-dynamics/build_round0_02/sections/01_setup.tex": {
      "bytes": 2347,
      "sha256": "5845491bf1257d69a528199f3d74d3dd4a2b7e91cd040badd9901be5facba837"
    },
    "papers/207-upper-neighbor-rank-dynamics/build_round0_02/sections/02_temporal.tex": {
      "bytes": 6507,
      "sha256": "bd079f1d6d73f57f5f9fc633ecc06f0e0db55200314fd39fcae5efddef277a11"
    },
    "papers/207-upper-neighbor-rank-dynamics/build_round0_02/sections/03_core_seed.tex": {
      "bytes": 4272,
      "sha256": "78b58fb448f068041bbc35256581858dc2bde0570d09f479495d6706e125d160"
    },
    "papers/207-upper-neighbor-rank-dynamics/build_round0_02/sections/04_fibres.tex": {
      "bytes": 10832,
      "sha256": "2fb54beedd220cf097414d36a8f986f616fb4cc13b74878b2d7422a271991e62"
    },
    "papers/207-upper-neighbor-rank-dynamics/build_round0_02/sections/05_scope.tex": {
      "bytes": 1725,
      "sha256": "9a094dcd1759a631657fdf6c076241b98bd1175e5ec82fcf4664517d79f3ede3"
    },
    "papers/207-upper-neighbor-rank-dynamics/build_round0_03/BIBTEX_ENGINE.txt": {
      "bytes": 383,
      "sha256": "622b6e09c4ef724829b6a0fda40776b10aa28deea4be1a788aa92ea1b3d27d90"
    },
    "papers/207-upper-neighbor-rank-dynamics/build_round0_03/BUILD_ENVIRONMENT.txt": {
      "bytes": 65,
      "sha256": "bf74ae54b000a9ec1d584e987362d640f59f27a5f5f09bc46eb6f82cef7e17af"
    },
    "papers/207-upper-neighbor-rank-dynamics/build_round0_03/DIAGNOSTICS.txt": {
      "bytes": 0,
      "sha256": "e3b0c44298fc1c149afbf4c8996fb92427ae41e4649b934ca495991b7852b855"
    },
    "papers/207-upper-neighbor-rank-dynamics/build_round0_03/ENGINE.txt": {
      "bytes": 555,
      "sha256": "5ed4d12bfc8b37387ea53ec9537396e987ec3dd557bcc1a766c2e515bd6b15b0"
    },
    "papers/207-upper-neighbor-rank-dynamics/build_round0_03/FONTS.txt": {
      "bytes": 3102,
      "sha256": "0ed6c4a6c5bef30c618886e3e29ee3f78e41259ec468d109c9e30488b2d89c83"
    },
    "papers/207-upper-neighbor-rank-dynamics/build_round0_03/PDF.sha256": {
      "bytes": 75,
      "sha256": "9411b3191ada2f7c7f66b41a575c3ba624d6c644299247d048b91f8389241e9e"
    },
    "papers/207-upper-neighbor-rank-dynamics/build_round0_03/PDFINFO.txt": {
      "bytes": 422,
      "sha256": "e751c246e4567ea1ca2b548bf1190048c3b043d3f93a1162879c36c6d08eb2ff"
    },
    "papers/207-upper-neighbor-rank-dynamics/build_round0_03/SOURCE_INPUTS.sha256": {
      "bytes": 779,
      "sha256": "5ca3a7a1067a924224854bc27ea99b3c2029f465181613e3c76bd00eaba8b2a2"
    },
    "papers/207-upper-neighbor-rank-dynamics/build_round0_03/bibtex.stdout": {
      "bytes": 158,
      "sha256": "7b0a0a8d2f1749b44546479273ee9d474d9656cc2a276630ff83cc8a72044dc9"
    },
    "papers/207-upper-neighbor-rank-dynamics/build_round0_03/main.aux": {
      "bytes": 3719,
      "sha256": "d9b843c15658f80a2f86fa3e20328bd6f07498cb6972194b093de82e408f199a"
    },
    "papers/207-upper-neighbor-rank-dynamics/build_round0_03/main.bbl": {
      "bytes": 1363,
      "sha256": "553c03c15c5b6f1cf89bd04e578749676640d9d65ce4057b9df7326ad9160faf"
    },
    "papers/207-upper-neighbor-rank-dynamics/build_round0_03/main.blg": {
      "bytes": 895,
      "sha256": "356f7900108865c62f26cc00e79abf60251eecd80f8d5e7a77b72da3e8cf494f"
    },
    "papers/207-upper-neighbor-rank-dynamics/build_round0_03/main.fls": {
      "bytes": 54344,
      "sha256": "12e1350b2f855619f18f1684106759795fab29d6e09f048b2082a9f287218079"
    },
    "papers/207-upper-neighbor-rank-dynamics/build_round0_03/main.log": {
      "bytes": 27674,
      "sha256": "3c5692b859e83f0c4ec1c9e95ff9fe5612b7b918796e2a7e043a9a8f645c8b6a"
    },
    "papers/207-upper-neighbor-rank-dynamics/build_round0_03/main.out": {
      "bytes": 2174,
      "sha256": "073e7b0e6acd0b11618a58b5e928e31f4c2b0152b1517ede86e7a52ec693b283"
    },
    "papers/207-upper-neighbor-rank-dynamics/build_round0_03/main.pdf": {
      "bytes": 407557,
      "sha256": "5e74fa6a334f1cbc23837632b364729d97111b231e1ef8c3fd6a40a8dbc78759"
    },
    "papers/207-upper-neighbor-rank-dynamics/build_round0_03/main.tex": {
      "bytes": 1118,
      "sha256": "60f96c5fc8834582e4cafb37c2d7b20860dc8689f212024b054a3d92c1076a5b"
    },
    "papers/207-upper-neighbor-rank-dynamics/build_round0_03/main.txt": {
      "bytes": 25207,
      "sha256": "c94476159f74f5078aecdfd11be7db9ace9b420cff4e44686cc091058729b8c4"
    },
    "papers/207-upper-neighbor-rank-dynamics/build_round0_03/math_commands.tex": {
      "bytes": 358,
      "sha256": "4a546018d25d8ada1bd789d16832812990d9050d4d361b69e22694e66a3e989e"
    },
    "papers/207-upper-neighbor-rank-dynamics/build_round0_03/pass1.stdout": {
      "bytes": 9356,
      "sha256": "0f34577aa37278fbc269c2348ef23afa822f3901e64fbd2957401c45db9f99ed"
    },
    "papers/207-upper-neighbor-rank-dynamics/build_round0_03/pass2.stdout": {
      "bytes": 8034,
      "sha256": "7702b776231c160690a810cd9a994f77f19fe171b0c728fccdc250e3869b21df"
    },
    "papers/207-upper-neighbor-rank-dynamics/build_round0_03/pass3.stdout": {
      "bytes": 7218,
      "sha256": "cf24f072824a6943f6f1028c8a2aed1f10c49a37ba09fe88b41f6f2239fe793e"
    },
    "papers/207-upper-neighbor-rank-dynamics/build_round0_03/references.bib": {
      "bytes": 1113,
      "sha256": "7904fcbb5fca3ad1851188ab896f3834d6787634960314e81e6ba7fda1195c85"
    },
    "papers/207-upper-neighbor-rank-dynamics/build_round0_03/sections/00_abstract.tex": {
      "bytes": 1167,
      "sha256": "d2f62c638b133b0e5997ada83f2aaf03c20bd028d459dc511ee671dca6adacae"
    },
    "papers/207-upper-neighbor-rank-dynamics/build_round0_03/sections/01_setup.tex": {
      "bytes": 2347,
      "sha256": "5845491bf1257d69a528199f3d74d3dd4a2b7e91cd040badd9901be5facba837"
    },
    "papers/207-upper-neighbor-rank-dynamics/build_round0_03/sections/02_temporal.tex": {
      "bytes": 6507,
      "sha256": "bd079f1d6d73f57f5f9fc633ecc06f0e0db55200314fd39fcae5efddef277a11"
    },
    "papers/207-upper-neighbor-rank-dynamics/build_round0_03/sections/03_core_seed.tex": {
      "bytes": 4272,
      "sha256": "78b58fb448f068041bbc35256581858dc2bde0570d09f479495d6706e125d160"
    },
    "papers/207-upper-neighbor-rank-dynamics/build_round0_03/sections/04_fibres.tex": {
      "bytes": 10829,
      "sha256": "7e40bd08ddc20634ed092ba7b9975ebfff6ec8809d3f76f2b291971c562b95c5"
    },
    "papers/207-upper-neighbor-rank-dynamics/build_round0_03/sections/05_scope.tex": {
      "bytes": 1725,
      "sha256": "9a094dcd1759a631657fdf6c076241b98bd1175e5ec82fcf4664517d79f3ede3"
    },
    "papers/207-upper-neighbor-rank-dynamics/build_round0_04/BIBTEX_ENGINE.txt": {
      "bytes": 383,
      "sha256": "622b6e09c4ef724829b6a0fda40776b10aa28deea4be1a788aa92ea1b3d27d90"
    },
    "papers/207-upper-neighbor-rank-dynamics/build_round0_04/BUILD_ENVIRONMENT.txt": {
      "bytes": 65,
      "sha256": "bf74ae54b000a9ec1d584e987362d640f59f27a5f5f09bc46eb6f82cef7e17af"
    },
    "papers/207-upper-neighbor-rank-dynamics/build_round0_04/DIAGNOSTICS.txt": {
      "bytes": 0,
      "sha256": "e3b0c44298fc1c149afbf4c8996fb92427ae41e4649b934ca495991b7852b855"
    },
    "papers/207-upper-neighbor-rank-dynamics/build_round0_04/ENGINE.txt": {
      "bytes": 555,
      "sha256": "5ed4d12bfc8b37387ea53ec9537396e987ec3dd557bcc1a766c2e515bd6b15b0"
    },
    "papers/207-upper-neighbor-rank-dynamics/build_round0_04/FONTS.txt": {
      "bytes": 3102,
      "sha256": "0ed6c4a6c5bef30c618886e3e29ee3f78e41259ec468d109c9e30488b2d89c83"
    },
    "papers/207-upper-neighbor-rank-dynamics/build_round0_04/PDF.sha256": {
      "bytes": 75,
      "sha256": "9411b3191ada2f7c7f66b41a575c3ba624d6c644299247d048b91f8389241e9e"
    },
    "papers/207-upper-neighbor-rank-dynamics/build_round0_04/PDFINFO.txt": {
      "bytes": 422,
      "sha256": "e751c246e4567ea1ca2b548bf1190048c3b043d3f93a1162879c36c6d08eb2ff"
    },
    "papers/207-upper-neighbor-rank-dynamics/build_round0_04/SOURCE_INPUTS.sha256": {
      "bytes": 779,
      "sha256": "5ca3a7a1067a924224854bc27ea99b3c2029f465181613e3c76bd00eaba8b2a2"
    },
    "papers/207-upper-neighbor-rank-dynamics/build_round0_04/bibtex.stdout": {
      "bytes": 158,
      "sha256": "7b0a0a8d2f1749b44546479273ee9d474d9656cc2a276630ff83cc8a72044dc9"
    },
    "papers/207-upper-neighbor-rank-dynamics/build_round0_04/main.aux": {
      "bytes": 3719,
      "sha256": "d9b843c15658f80a2f86fa3e20328bd6f07498cb6972194b093de82e408f199a"
    },
    "papers/207-upper-neighbor-rank-dynamics/build_round0_04/main.bbl": {
      "bytes": 1363,
      "sha256": "553c03c15c5b6f1cf89bd04e578749676640d9d65ce4057b9df7326ad9160faf"
    },
    "papers/207-upper-neighbor-rank-dynamics/build_round0_04/main.blg": {
      "bytes": 895,
      "sha256": "356f7900108865c62f26cc00e79abf60251eecd80f8d5e7a77b72da3e8cf494f"
    },
    "papers/207-upper-neighbor-rank-dynamics/build_round0_04/main.fls": {
      "bytes": 54344,
      "sha256": "1d739dc163a17838b3a76c9524ab28b8f15c3f78304e1f44fe3690dd18966065"
    },
    "papers/207-upper-neighbor-rank-dynamics/build_round0_04/main.log": {
      "bytes": 27674,
      "sha256": "3c5692b859e83f0c4ec1c9e95ff9fe5612b7b918796e2a7e043a9a8f645c8b6a"
    },
    "papers/207-upper-neighbor-rank-dynamics/build_round0_04/main.out": {
      "bytes": 2174,
      "sha256": "073e7b0e6acd0b11618a58b5e928e31f4c2b0152b1517ede86e7a52ec693b283"
    },
    "papers/207-upper-neighbor-rank-dynamics/build_round0_04/main.pdf": {
      "bytes": 407557,
      "sha256": "5e74fa6a334f1cbc23837632b364729d97111b231e1ef8c3fd6a40a8dbc78759"
    },
    "papers/207-upper-neighbor-rank-dynamics/build_round0_04/main.tex": {
      "bytes": 1118,
      "sha256": "60f96c5fc8834582e4cafb37c2d7b20860dc8689f212024b054a3d92c1076a5b"
    },
    "papers/207-upper-neighbor-rank-dynamics/build_round0_04/main.txt": {
      "bytes": 25207,
      "sha256": "c94476159f74f5078aecdfd11be7db9ace9b420cff4e44686cc091058729b8c4"
    },
    "papers/207-upper-neighbor-rank-dynamics/build_round0_04/math_commands.tex": {
      "bytes": 358,
      "sha256": "4a546018d25d8ada1bd789d16832812990d9050d4d361b69e22694e66a3e989e"
    },
    "papers/207-upper-neighbor-rank-dynamics/build_round0_04/pass1.stdout": {
      "bytes": 9356,
      "sha256": "0f34577aa37278fbc269c2348ef23afa822f3901e64fbd2957401c45db9f99ed"
    },
    "papers/207-upper-neighbor-rank-dynamics/build_round0_04/pass2.stdout": {
      "bytes": 8034,
      "sha256": "7702b776231c160690a810cd9a994f77f19fe171b0c728fccdc250e3869b21df"
    },
    "papers/207-upper-neighbor-rank-dynamics/build_round0_04/pass3.stdout": {
      "bytes": 7218,
      "sha256": "cf24f072824a6943f6f1028c8a2aed1f10c49a37ba09fe88b41f6f2239fe793e"
    },
    "papers/207-upper-neighbor-rank-dynamics/build_round0_04/references.bib": {
      "bytes": 1113,
      "sha256": "7904fcbb5fca3ad1851188ab896f3834d6787634960314e81e6ba7fda1195c85"
    },
    "papers/207-upper-neighbor-rank-dynamics/build_round0_04/sections/00_abstract.tex": {
      "bytes": 1167,
      "sha256": "d2f62c638b133b0e5997ada83f2aaf03c20bd028d459dc511ee671dca6adacae"
    },
    "papers/207-upper-neighbor-rank-dynamics/build_round0_04/sections/01_setup.tex": {
      "bytes": 2347,
      "sha256": "5845491bf1257d69a528199f3d74d3dd4a2b7e91cd040badd9901be5facba837"
    },
    "papers/207-upper-neighbor-rank-dynamics/build_round0_04/sections/02_temporal.tex": {
      "bytes": 6507,
      "sha256": "bd079f1d6d73f57f5f9fc633ecc06f0e0db55200314fd39fcae5efddef277a11"
    },
    "papers/207-upper-neighbor-rank-dynamics/build_round0_04/sections/03_core_seed.tex": {
      "bytes": 4272,
      "sha256": "78b58fb448f068041bbc35256581858dc2bde0570d09f479495d6706e125d160"
    },
    "papers/207-upper-neighbor-rank-dynamics/build_round0_04/sections/04_fibres.tex": {
      "bytes": 10829,
      "sha256": "7e40bd08ddc20634ed092ba7b9975ebfff6ec8809d3f76f2b291971c562b95c5"
    },
    "papers/207-upper-neighbor-rank-dynamics/build_round0_04/sections/05_scope.tex": {
      "bytes": 1725,
      "sha256": "9a094dcd1759a631657fdf6c076241b98bd1175e5ec82fcf4664517d79f3ede3"
    },
    "papers/207-upper-neighbor-rank-dynamics/failed_build_round0_01/BIBTEX_ENGINE.txt": {
      "bytes": 383,
      "sha256": "622b6e09c4ef724829b6a0fda40776b10aa28deea4be1a788aa92ea1b3d27d90"
    },
    "papers/207-upper-neighbor-rank-dynamics/failed_build_round0_01/BUILD_ENVIRONMENT.txt": {
      "bytes": 65,
      "sha256": "bf74ae54b000a9ec1d584e987362d640f59f27a5f5f09bc46eb6f82cef7e17af"
    },
    "papers/207-upper-neighbor-rank-dynamics/failed_build_round0_01/ENGINE.txt": {
      "bytes": 555,
      "sha256": "5ed4d12bfc8b37387ea53ec9537396e987ec3dd557bcc1a766c2e515bd6b15b0"
    },
    "papers/207-upper-neighbor-rank-dynamics/failed_build_round0_01/SOURCE_INPUTS.sha256": {
      "bytes": 779,
      "sha256": "3029e30cce6bc1606a58f3b64091469b8173813806e4c703c3f480d998e7efc2"
    },
    "papers/207-upper-neighbor-rank-dynamics/failed_build_round0_01/main.fls": {
      "bytes": 37532,
      "sha256": "f0018da12f0cfc927455d09036543e25bf9041224bbf3d42d0e70f24175352d4"
    },
    "papers/207-upper-neighbor-rank-dynamics/failed_build_round0_01/main.log": {
      "bytes": 16911,
      "sha256": "e7b3028c425ab409771f2a71a53a71f724abbca15b6b5413e874adfcedb8fa0b"
    },
    "papers/207-upper-neighbor-rank-dynamics/failed_build_round0_01/main.tex": {
      "bytes": 1118,
      "sha256": "60f96c5fc8834582e4cafb37c2d7b20860dc8689f212024b054a3d92c1076a5b"
    },
    "papers/207-upper-neighbor-rank-dynamics/failed_build_round0_01/math_commands.tex": {
      "bytes": 356,
      "sha256": "26dc7b0c873694f5567a4915d8797731147095f66bc7cb4ac0ece5404d0c9fec"
    },
    "papers/207-upper-neighbor-rank-dynamics/failed_build_round0_01/pass1.stdout": {
      "bytes": 3873,
      "sha256": "8fb0d62fd38dfee4c026218d0d78508009d286be5acf7a9cbf5e6869a9898390"
    },
    "papers/207-upper-neighbor-rank-dynamics/failed_build_round0_01/references.bib": {
      "bytes": 1113,
      "sha256": "7904fcbb5fca3ad1851188ab896f3834d6787634960314e81e6ba7fda1195c85"
    },
    "papers/207-upper-neighbor-rank-dynamics/failed_build_round0_01/sections/00_abstract.tex": {
      "bytes": 1167,
      "sha256": "d2f62c638b133b0e5997ada83f2aaf03c20bd028d459dc511ee671dca6adacae"
    },
    "papers/207-upper-neighbor-rank-dynamics/failed_build_round0_01/sections/01_setup.tex": {
      "bytes": 2347,
      "sha256": "5845491bf1257d69a528199f3d74d3dd4a2b7e91cd040badd9901be5facba837"
    },
    "papers/207-upper-neighbor-rank-dynamics/failed_build_round0_01/sections/02_temporal.tex": {
      "bytes": 6507,
      "sha256": "bd079f1d6d73f57f5f9fc633ecc06f0e0db55200314fd39fcae5efddef277a11"
    },
    "papers/207-upper-neighbor-rank-dynamics/failed_build_round0_01/sections/03_core_seed.tex": {
      "bytes": 4272,
      "sha256": "78b58fb448f068041bbc35256581858dc2bde0570d09f479495d6706e125d160"
    },
    "papers/207-upper-neighbor-rank-dynamics/failed_build_round0_01/sections/04_fibres.tex": {
      "bytes": 10832,
      "sha256": "2fb54beedd220cf097414d36a8f986f616fb4cc13b74878b2d7422a271991e62"
    },
    "papers/207-upper-neighbor-rank-dynamics/failed_build_round0_01/sections/05_scope.tex": {
      "bytes": 1725,
      "sha256": "9a094dcd1759a631657fdf6c076241b98bd1175e5ec82fcf4664517d79f3ede3"
    },
    "papers/207-upper-neighbor-rank-dynamics/frozen_round0/AUTHOR_EXECUTION.md": {
      "bytes": 10529,
      "sha256": "59cae7dd4c0d23c4976d9ca20d0f78e4fe2ba7e6543b3458e4eb6954c11059f4"
    },
    "papers/207-upper-neighbor-rank-dynamics/frozen_round0/AUTHOR_REPLAY.md": {
      "bytes": 1528,
      "sha256": "46b0f63522c9dbfa0cb91f53a9f9c32292055bf4d089e760def634ebbbc1f684"
    },
    "papers/207-upper-neighbor-rank-dynamics/frozen_round0/CANONICAL.json": {
      "bytes": 288808,
      "sha256": "306d4e7dea07ad10234f06c69912561425792ed61fadeff3b165b09d1a106992"
    },
    "papers/207-upper-neighbor-rank-dynamics/frozen_round0/CLAIMS_EVIDENCE.md": {
      "bytes": 1791,
      "sha256": "460b0b2e0c28cc12bb3238f3c6798df33ae6c1b2443f8a274cb013315004ca70"
    },
    "papers/207-upper-neighbor-rank-dynamics/frozen_round0/INTEGRITY_REVIEW.md": {
      "bytes": 3042,
      "sha256": "2a387ad7b33f6a6c7cce8ade976ade685fdd1f985609b997f90f4002c7ed632b"
    },
    "papers/207-upper-neighbor-rank-dynamics/frozen_round0/NARRATIVE_REPORT.md": {
      "bytes": 1347,
      "sha256": "bd6eb6c8e2329785f5e025cf0c34273715985ebc5a861283133d5e7547146cb8"
    },
    "papers/207-upper-neighbor-rank-dynamics/frozen_round0/PAPER_PLAN.md": {
      "bytes": 4342,
      "sha256": "a15088af7279732d2dada9c3ba4942a47a1950079c14d52592706e16f2709639"
    },
    "papers/207-upper-neighbor-rank-dynamics/frozen_round0/PROOF_PACKAGE.md": {
      "bytes": 2794,
      "sha256": "f237dfc71fa1992cb2f5c4c158eb4a539bea83dd8a463ec785627c4c05ed1c53"
    },
    "papers/207-upper-neighbor-rank-dynamics/frozen_round0/README.md": {
      "bytes": 1060,
      "sha256": "ec59f30b77215c9d6113ce9532bcf9a4c61c31e0d8ed1042196eb79271da2085"
    },
    "papers/207-upper-neighbor-rank-dynamics/frozen_round0/ROUND0_BUILD_REPORT.md": {
      "bytes": 3579,
      "sha256": "10c9ae4a9a3a5e705b8ad5dc5a9e16e595013269259fdb1a70d1df2b5998e235"
    },
    "papers/207-upper-neighbor-rank-dynamics/frozen_round0/SHA256SUMS": {
      "bytes": 13179,
      "sha256": "8d134689f8c07f9bcac65b4576a5bfca2e073ece6281f9d893148f12adb43f5d"
    },
    "papers/207-upper-neighbor-rank-dynamics/frozen_round0/SOURCE_AUDIT.md": {
      "bytes": 3922,
      "sha256": "3e600ba599935d2fc33624e98dfe84122437dae94cecc99e54a473981ea2c070"
    },
    "papers/207-upper-neighbor-rank-dynamics/frozen_round0/author_replay/OWNED_MANIFEST.sha256": {
      "bytes": 11473,
      "sha256": "0e41a415dafb8fdabb4285625cdc31abfd925ea557606a966a6a61c967ff6cb9"
    },
    "papers/207-upper-neighbor-rank-dynamics/frozen_round0/author_replay/export_pair.py": {
      "bytes": 3130,
      "sha256": "4dd58fe04afbd634669392e96027ab02e0560d82ca8d9f4b0899d169c77c267d"
    },
    "papers/207-upper-neighbor-rank-dynamics/frozen_round0/author_replay/export_pair_01/MANIFEST.sha256": {
      "bytes": 811,
      "sha256": "dc279f3c6e161f43585b30e7066b1e2a5c161cf695d4d2298462ffe94f261df3"
    },
    "papers/207-upper-neighbor-rank-dynamics/frozen_round0/author_replay/export_pair_01/RECEIPT.json": {
      "bytes": 2865,
      "sha256": "1c29af88101a2c33f2d973df9ab3149cab207894b447eb11058b634bbe6d13a1"
    },
    "papers/207-upper-neighbor-rank-dynamics/frozen_round0/author_replay/export_pair_01/run1.canonical.cmp.stderr": {
      "bytes": 0,
      "sha256": "e3b0c44298fc1c149afbf4c8996fb92427ae41e4649b934ca495991b7852b855"
    },
    "papers/207-upper-neighbor-rank-dynamics/frozen_round0/author_replay/export_pair_01/run1.canonical.cmp.stdout": {
      "bytes": 0,
      "sha256": "e3b0c44298fc1c149afbf4c8996fb92427ae41e4649b934ca495991b7852b855"
    },
    "papers/207-upper-neighbor-rank-dynamics/frozen_round0/author_replay/export_pair_01/run1.original.cmp.stderr": {
      "bytes": 0,
      "sha256": "e3b0c44298fc1c149afbf4c8996fb92427ae41e4649b934ca495991b7852b855"
    },
    "papers/207-upper-neighbor-rank-dynamics/frozen_round0/author_replay/export_pair_01/run1.original.cmp.stdout": {
      "bytes": 0,
      "sha256": "e3b0c44298fc1c149afbf4c8996fb92427ae41e4649b934ca495991b7852b855"
    },
    "papers/207-upper-neighbor-rank-dynamics/frozen_round0/author_replay/export_pair_01/run2.canonical.cmp.stderr": {
      "bytes": 0,
      "sha256": "e3b0c44298fc1c149afbf4c8996fb92427ae41e4649b934ca495991b7852b855"
    },
    "papers/207-upper-neighbor-rank-dynamics/frozen_round0/author_replay/export_pair_01/run2.canonical.cmp.stdout": {
      "bytes": 0,
      "sha256": "e3b0c44298fc1c149afbf4c8996fb92427ae41e4649b934ca495991b7852b855"
    },
    "papers/207-upper-neighbor-rank-dynamics/frozen_round0/author_replay/export_pair_01/run2.original.cmp.stderr": {
      "bytes": 0,
      "sha256": "e3b0c44298fc1c149afbf4c8996fb92427ae41e4649b934ca495991b7852b855"
    },
    "papers/207-upper-neighbor-rank-dynamics/frozen_round0/author_replay/export_pair_01/run2.original.cmp.stdout": {
      "bytes": 0,
      "sha256": "e3b0c44298fc1c149afbf4c8996fb92427ae41e4649b934ca495991b7852b855"
    },
    "papers/207-upper-neighbor-rank-dynamics/frozen_round0/author_replay/initial_01/CANONICAL.input.json": {
      "bytes": 288808,
      "sha256": "306d4e7dea07ad10234f06c69912561425792ed61fadeff3b165b09d1a106992"
    },
    "papers/207-upper-neighbor-rank-dynamics/frozen_round0/author_replay/initial_01/INPUT_PINS.after.sha256": {
      "bytes": 2353,
      "sha256": "4ae723ec96a7bd8a16bcbd8de44b0795a7e77496f36610c605208d7bb2ca0548"
    },
    "papers/207-upper-neighbor-rank-dynamics/frozen_round0/author_replay/initial_01/INPUT_PINS.before.sha256": {
      "bytes": 2353,
      "sha256": "4ae723ec96a7bd8a16bcbd8de44b0795a7e77496f36610c605208d7bb2ca0548"
    },
    "papers/207-upper-neighbor-rank-dynamics/frozen_round0/author_replay/initial_01/MANIFEST.sha256": {
      "bytes": 3714,
      "sha256": "84eb9a7a671dcba2ff5b1cb053a10fed4b5d7aab89629020410addb381356bd4"
    },
    "papers/207-upper-neighbor-rank-dynamics/frozen_round0/author_replay/initial_01/RECEIPT.json": {
      "bytes": 5034,
      "sha256": "5ce7ab72963a0e997482e915bc732329561aabfcaf63187797bdf9bb5af255f1"
    },
    "papers/207-upper-neighbor-rank-dynamics/frozen_round0/author_replay/initial_01/canonical_live.cmp.stderr": {
      "bytes": 0,
      "sha256": "e3b0c44298fc1c149afbf4c8996fb92427ae41e4649b934ca495991b7852b855"
    },
    "papers/207-upper-neighbor-rank-dynamics/frozen_round0/author_replay/initial_01/canonical_live.cmp.stdout": {
      "bytes": 0,
      "sha256": "e3b0c44298fc1c149afbf4c8996fb92427ae41e4649b934ca495991b7852b855"
    },
    "papers/207-upper-neighbor-rank-dynamics/frozen_round0/author_replay/initial_01/python_version.stderr": {
      "bytes": 0,
      "sha256": "e3b0c44298fc1c149afbf4c8996fb92427ae41e4649b934ca495991b7852b855"
    },
    "papers/207-upper-neighbor-rank-dynamics/frozen_round0/author_replay/initial_01/python_version.stdout": {
      "bytes": 14,
      "sha256": "5b3e43dc38ca01e3f5a7854ba50d4330864b0c1e0f646650b2c78cf072acc366"
    },
    "papers/207-upper-neighbor-rank-dynamics/frozen_round0/author_replay/initial_01/run0.canonical.cmp.stderr": {
      "bytes": 0,
      "sha256": "e3b0c44298fc1c149afbf4c8996fb92427ae41e4649b934ca495991b7852b855"
    },
    "papers/207-upper-neighbor-rank-dynamics/frozen_round0/author_replay/initial_01/run0.canonical.cmp.stdout": {
      "bytes": 0,
      "sha256": "e3b0c44298fc1c149afbf4c8996fb92427ae41e4649b934ca495991b7852b855"
    },
    "papers/207-upper-neighbor-rank-dynamics/frozen_round0/author_replay/initial_01/run0.stderr": {
      "bytes": 0,
      "sha256": "e3b0c44298fc1c149afbf4c8996fb92427ae41e4649b934ca495991b7852b855"
    },
    "papers/207-upper-neighbor-rank-dynamics/frozen_round0/author_replay/initial_01/run0.stdout": {
      "bytes": 288808,
      "sha256": "306d4e7dea07ad10234f06c69912561425792ed61fadeff3b165b09d1a106992"
    },
    "papers/207-upper-neighbor-rank-dynamics/frozen_round0/author_replay/initial_01/source_inputs/docs/papers204_208_sequence/ARTIFACT_CONTRACT.md": {
      "bytes": 4142,
      "sha256": "de1e46fe57ef42199232fa1ec1a18a25c0188fcb34aa02fb721ad2d576f52b73"
    },
    "papers/207-upper-neighbor-rank-dynamics/frozen_round0/author_replay/initial_01/source_inputs/docs/papers204_208_sequence/FINAL_THEOREM_CONTRACTS.md": {
      "bytes": 12810,
      "sha256": "6bd11325d89e5055166a9aa059143dd3204d629892d050e40833bc82c47ff0ce"
    },
    "papers/207-upper-neighbor-rank-dynamics/frozen_round0/author_replay/initial_01/source_inputs/docs/papers204_208_sequence/scouting/word_local/LNR_INVERSE_WORK/CANONICAL.json": {
      "bytes": 31904,
      "sha256": "3299035544028faccc6ad082bcffe2df1aaa8b4f9ff19671639236806e7b21da"
    },
    "papers/207-upper-neighbor-rank-dynamics/frozen_round0/author_replay/initial_01/source_inputs/docs/papers204_208_sequence/scouting/word_local/LNR_INVERSE_WORK/MANIFEST.sha256": {
      "bytes": 1680,
      "sha256": "d42c1c7bb790cbf2c9211c76663bf8f96e70ff7c938d79df9445874afea8db4a"
    },
    "papers/207-upper-neighbor-rank-dynamics/frozen_round0/author_replay/initial_01/source_inputs/docs/papers204_208_sequence/scouting/word_local/LNR_INVERSE_WORK/PROOF_PACKAGE.md": {
      "bytes": 15175,
      "sha256": "52067ae33f9564dff9daf9f763a442c39ab5911a9de8902c567eff3e13e6dc36"
    },
    "papers/207-upper-neighbor-rank-dynamics/frozen_round0/author_replay/initial_01/source_inputs/docs/papers204_208_sequence/scouting/word_local/LNR_INVERSE_WORK/SOURCE_BOUNDARY.md": {
      "bytes": 9651,
      "sha256": "cd61962db785d3515c0f3acb666f9a3217245809451a30697a74eb9f9a7692ff"
    },
    "papers/207-upper-neighbor-rank-dynamics/frozen_round0/author_replay/initial_01/source_inputs/docs/papers204_208_sequence/scouting/word_local/LNR_INVERSE_WORK/verify_inverse.py": {
      "bytes": 10989,
      "sha256": "fdf51545aad549c3c0c59816da2a573e92384143698060e047ae8295923c271c"
    },
    "papers/207-upper-neighbor-rank-dynamics/frozen_round0/author_replay/initial_01/source_inputs/docs/papers204_208_sequence/scouting/word_local/UGR_GATE/CANDIDATE_GATE.md": {
      "bytes": 10681,
      "sha256": "5fb6c549b7bc332c95157d15de4675ae3fa8a3d00f6dd881c0162511e2e93185"
    },
    "papers/207-upper-neighbor-rank-dynamics/frozen_round0/author_replay/initial_01/source_inputs/docs/papers204_208_sequence/scouting/word_local/UGR_GATE/INPUT_PINS.sha256": {
      "bytes": 2801,
      "sha256": "196cce555e05ee380be9f1cc12b818a1c2bb98809249f503eb065fca65488d92"
    },
    "papers/207-upper-neighbor-rank-dynamics/frozen_round0/author_replay/initial_01/source_inputs/docs/papers204_208_sequence/scouting/word_local/UGR_GATE/MANIFEST.sha256": {
      "bytes": 4267,
      "sha256": "28d325cbb074f10f92a43ae409b5d4ac6e605ab85859fdfca103a3f835bfc276"
    },
    "papers/207-upper-neighbor-rank-dynamics/frozen_round0/author_replay/initial_01/source_inputs/docs/papers204_208_sequence/scouting/word_local/UGR_GATE/SOURCE_AUDIT.md": {
      "bytes": 11116,
      "sha256": "3a71f3ce641573c94c1b9638d1253bafd9575863a03e4a3d63b0ef902307b511"
    },
    "papers/207-upper-neighbor-rank-dynamics/frozen_round0/author_replay/initial_01/source_inputs/docs/papers204_208_sequence/scouting/word_local/UGR_PROOF_WORK/CANONICAL.json": {
      "bytes": 224755,
      "sha256": "0d0944d63f300b79877b816b1c289ae91984b92f2b3082aa115d62d085baa9d9"
    },
    "papers/207-upper-neighbor-rank-dynamics/frozen_round0/author_replay/initial_01/source_inputs/docs/papers204_208_sequence/scouting/word_local/UGR_PROOF_WORK/MANIFEST.sha256": {
      "bytes": 2290,
      "sha256": "1ccad5d919b32e78671fabe4c137237ebc6b5d0e4df7a57e16d25f7964fc6b31"
    },
    "papers/207-upper-neighbor-rank-dynamics/frozen_round0/author_replay/initial_01/source_inputs/docs/papers204_208_sequence/scouting/word_local/UGR_PROOF_WORK/PROOF_PACKAGE.md": {
      "bytes": 19376,
      "sha256": "9f18a822cf8345b82650bcf3d8480e811053cb7621cb95d71da7205e186bc3ad"
    },
    "papers/207-upper-neighbor-rank-dynamics/frozen_round0/author_replay/initial_01/source_inputs/docs/papers204_208_sequence/scouting/word_local/UGR_PROOF_WORK/verify_ugr.py": {
      "bytes": 12415,
      "sha256": "ca6bc9d408d09fbb1e3700432077c3843b68811c8c6dbf60de69d679f81a062a"
    },
    "papers/207-upper-neighbor-rank-dynamics/frozen_round0/author_replay/initial_01/source_inputs/papers/207-upper-neighbor-rank-dynamics/record_author.py": {
      "bytes": 11210,
      "sha256": "6f84d70eebb562d63678623c362ea16b9ce7a284ddc04d2953252ad044e2c1e7"
    },
    "papers/207-upper-neighbor-rank-dynamics/frozen_round0/author_replay/initial_01/source_inputs/papers/207-upper-neighbor-rank-dynamics/verify.py": {
      "bytes": 31813,
      "sha256": "5018b0fe6d6a032e0eadeb7cd53a6de47c789193580fa1707312b592cd4a3c93"
    },
    "papers/207-upper-neighbor-rank-dynamics/frozen_round0/author_replay/initial_01/verify.py": {
      "bytes": 31813,
      "sha256": "5018b0fe6d6a032e0eadeb7cd53a6de47c789193580fa1707312b592cd4a3c93"
    },
    "papers/207-upper-neighbor-rank-dynamics/frozen_round0/author_replay/pair_01/CANONICAL.input.json": {
      "bytes": 288808,
      "sha256": "306d4e7dea07ad10234f06c69912561425792ed61fadeff3b165b09d1a106992"
    },
    "papers/207-upper-neighbor-rank-dynamics/frozen_round0/author_replay/pair_01/INPUT_PINS.after.sha256": {
      "bytes": 2353,
      "sha256": "4ae723ec96a7bd8a16bcbd8de44b0795a7e77496f36610c605208d7bb2ca0548"
    },
    "papers/207-upper-neighbor-rank-dynamics/frozen_round0/author_replay/pair_01/INPUT_PINS.before.sha256": {
      "bytes": 2353,
      "sha256": "4ae723ec96a7bd8a16bcbd8de44b0795a7e77496f36610c605208d7bb2ca0548"
    },
    "papers/207-upper-neighbor-rank-dynamics/frozen_round0/author_replay/pair_01/MANIFEST.sha256": {
      "bytes": 4218,
      "sha256": "aee7e94cd823161fe98daf0559fc5983e49f5cc691dde79e48b206985a5beeb1"
    },
    "papers/207-upper-neighbor-rank-dynamics/frozen_round0/author_replay/pair_01/RECEIPT.json": {
      "bytes": 8000,
      "sha256": "350eaf8a2bdeef983e9e7e346397edff6e6506f42fa54f25f4204d8f8b5b8db4"
    },
    "papers/207-upper-neighbor-rank-dynamics/frozen_round0/author_replay/pair_01/canonical_live.cmp.stderr": {
      "bytes": 0,
      "sha256": "e3b0c44298fc1c149afbf4c8996fb92427ae41e4649b934ca495991b7852b855"
    },
    "papers/207-upper-neighbor-rank-dynamics/frozen_round0/author_replay/pair_01/canonical_live.cmp.stdout": {
      "bytes": 0,
      "sha256": "e3b0c44298fc1c149afbf4c8996fb92427ae41e4649b934ca495991b7852b855"
    },
    "papers/207-upper-neighbor-rank-dynamics/frozen_round0/author_replay/pair_01/pair.cmp.stderr": {
      "bytes": 0,
      "sha256": "e3b0c44298fc1c149afbf4c8996fb92427ae41e4649b934ca495991b7852b855"
    },
    "papers/207-upper-neighbor-rank-dynamics/frozen_round0/author_replay/pair_01/pair.cmp.stdout": {
      "bytes": 0,
      "sha256": "e3b0c44298fc1c149afbf4c8996fb92427ae41e4649b934ca495991b7852b855"
    },
    "papers/207-upper-neighbor-rank-dynamics/frozen_round0/author_replay/pair_01/python_version.stderr": {
      "bytes": 0,
      "sha256": "e3b0c44298fc1c149afbf4c8996fb92427ae41e4649b934ca495991b7852b855"
    },
    "papers/207-upper-neighbor-rank-dynamics/frozen_round0/author_replay/pair_01/python_version.stdout": {
      "bytes": 14,
      "sha256": "5b3e43dc38ca01e3f5a7854ba50d4330864b0c1e0f646650b2c78cf072acc366"
    },
    "papers/207-upper-neighbor-rank-dynamics/frozen_round0/author_replay/pair_01/run1.canonical.cmp.stderr": {
      "bytes": 0,
      "sha256": "e3b0c44298fc1c149afbf4c8996fb92427ae41e4649b934ca495991b7852b855"
    },
    "papers/207-upper-neighbor-rank-dynamics/frozen_round0/author_replay/pair_01/run1.canonical.cmp.stdout": {
      "bytes": 0,
      "sha256": "e3b0c44298fc1c149afbf4c8996fb92427ae41e4649b934ca495991b7852b855"
    },
    "papers/207-upper-neighbor-rank-dynamics/frozen_round0/author_replay/pair_01/run1.stderr": {
      "bytes": 0,
      "sha256": "e3b0c44298fc1c149afbf4c8996fb92427ae41e4649b934ca495991b7852b855"
    },
    "papers/207-upper-neighbor-rank-dynamics/frozen_round0/author_replay/pair_01/run1.stdout": {
      "bytes": 288808,
      "sha256": "306d4e7dea07ad10234f06c69912561425792ed61fadeff3b165b09d1a106992"
    },
    "papers/207-upper-neighbor-rank-dynamics/frozen_round0/author_replay/pair_01/run2.canonical.cmp.stderr": {
      "bytes": 0,
      "sha256": "e3b0c44298fc1c149afbf4c8996fb92427ae41e4649b934ca495991b7852b855"
    },
    "papers/207-upper-neighbor-rank-dynamics/frozen_round0/author_replay/pair_01/run2.canonical.cmp.stdout": {
      "bytes": 0,
      "sha256": "e3b0c44298fc1c149afbf4c8996fb92427ae41e4649b934ca495991b7852b855"
    },
    "papers/207-upper-neighbor-rank-dynamics/frozen_round0/author_replay/pair_01/run2.stderr": {
      "bytes": 0,
      "sha256": "e3b0c44298fc1c149afbf4c8996fb92427ae41e4649b934ca495991b7852b855"
    },
    "papers/207-upper-neighbor-rank-dynamics/frozen_round0/author_replay/pair_01/run2.stdout": {
      "bytes": 288808,
      "sha256": "306d4e7dea07ad10234f06c69912561425792ed61fadeff3b165b09d1a106992"
    },
    "papers/207-upper-neighbor-rank-dynamics/frozen_round0/author_replay/pair_01/source_inputs/docs/papers204_208_sequence/ARTIFACT_CONTRACT.md": {
      "bytes": 4142,
      "sha256": "de1e46fe57ef42199232fa1ec1a18a25c0188fcb34aa02fb721ad2d576f52b73"
    },
    "papers/207-upper-neighbor-rank-dynamics/frozen_round0/author_replay/pair_01/source_inputs/docs/papers204_208_sequence/FINAL_THEOREM_CONTRACTS.md": {
      "bytes": 12810,
      "sha256": "6bd11325d89e5055166a9aa059143dd3204d629892d050e40833bc82c47ff0ce"
    },
    "papers/207-upper-neighbor-rank-dynamics/frozen_round0/author_replay/pair_01/source_inputs/docs/papers204_208_sequence/scouting/word_local/LNR_INVERSE_WORK/CANONICAL.json": {
      "bytes": 31904,
      "sha256": "3299035544028faccc6ad082bcffe2df1aaa8b4f9ff19671639236806e7b21da"
    },
    "papers/207-upper-neighbor-rank-dynamics/frozen_round0/author_replay/pair_01/source_inputs/docs/papers204_208_sequence/scouting/word_local/LNR_INVERSE_WORK/MANIFEST.sha256": {
      "bytes": 1680,
      "sha256": "d42c1c7bb790cbf2c9211c76663bf8f96e70ff7c938d79df9445874afea8db4a"
    },
    "papers/207-upper-neighbor-rank-dynamics/frozen_round0/author_replay/pair_01/source_inputs/docs/papers204_208_sequence/scouting/word_local/LNR_INVERSE_WORK/PROOF_PACKAGE.md": {
      "bytes": 15175,
      "sha256": "52067ae33f9564dff9daf9f763a442c39ab5911a9de8902c567eff3e13e6dc36"
    },
    "papers/207-upper-neighbor-rank-dynamics/frozen_round0/author_replay/pair_01/source_inputs/docs/papers204_208_sequence/scouting/word_local/LNR_INVERSE_WORK/SOURCE_BOUNDARY.md": {
      "bytes": 9651,
      "sha256": "cd61962db785d3515c0f3acb666f9a3217245809451a30697a74eb9f9a7692ff"
    },
    "papers/207-upper-neighbor-rank-dynamics/frozen_round0/author_replay/pair_01/source_inputs/docs/papers204_208_sequence/scouting/word_local/LNR_INVERSE_WORK/verify_inverse.py": {
      "bytes": 10989,
      "sha256": "fdf51545aad549c3c0c59816da2a573e92384143698060e047ae8295923c271c"
    },
    "papers/207-upper-neighbor-rank-dynamics/frozen_round0/author_replay/pair_01/source_inputs/docs/papers204_208_sequence/scouting/word_local/UGR_GATE/CANDIDATE_GATE.md": {
      "bytes": 10681,
      "sha256": "5fb6c549b7bc332c95157d15de4675ae3fa8a3d00f6dd881c0162511e2e93185"
    },
    "papers/207-upper-neighbor-rank-dynamics/frozen_round0/author_replay/pair_01/source_inputs/docs/papers204_208_sequence/scouting/word_local/UGR_GATE/INPUT_PINS.sha256": {
      "bytes": 2801,
      "sha256": "196cce555e05ee380be9f1cc12b818a1c2bb98809249f503eb065fca65488d92"
    },
    "papers/207-upper-neighbor-rank-dynamics/frozen_round0/author_replay/pair_01/source_inputs/docs/papers204_208_sequence/scouting/word_local/UGR_GATE/MANIFEST.sha256": {
      "bytes": 4267,
      "sha256": "28d325cbb074f10f92a43ae409b5d4ac6e605ab85859fdfca103a3f835bfc276"
    },
    "papers/207-upper-neighbor-rank-dynamics/frozen_round0/author_replay/pair_01/source_inputs/docs/papers204_208_sequence/scouting/word_local/UGR_GATE/SOURCE_AUDIT.md": {
      "bytes": 11116,
      "sha256": "3a71f3ce641573c94c1b9638d1253bafd9575863a03e4a3d63b0ef902307b511"
    },
    "papers/207-upper-neighbor-rank-dynamics/frozen_round0/author_replay/pair_01/source_inputs/docs/papers204_208_sequence/scouting/word_local/UGR_PROOF_WORK/CANONICAL.json": {
      "bytes": 224755,
      "sha256": "0d0944d63f300b79877b816b1c289ae91984b92f2b3082aa115d62d085baa9d9"
    },
    "papers/207-upper-neighbor-rank-dynamics/frozen_round0/author_replay/pair_01/source_inputs/docs/papers204_208_sequence/scouting/word_local/UGR_PROOF_WORK/MANIFEST.sha256": {
      "bytes": 2290,
      "sha256": "1ccad5d919b32e78671fabe4c137237ebc6b5d0e4df7a57e16d25f7964fc6b31"
    },
    "papers/207-upper-neighbor-rank-dynamics/frozen_round0/author_replay/pair_01/source_inputs/docs/papers204_208_sequence/scouting/word_local/UGR_PROOF_WORK/PROOF_PACKAGE.md": {
      "bytes": 19376,
      "sha256": "9f18a822cf8345b82650bcf3d8480e811053cb7621cb95d71da7205e186bc3ad"
    },
    "papers/207-upper-neighbor-rank-dynamics/frozen_round0/author_replay/pair_01/source_inputs/docs/papers204_208_sequence/scouting/word_local/UGR_PROOF_WORK/verify_ugr.py": {
      "bytes": 12415,
      "sha256": "ca6bc9d408d09fbb1e3700432077c3843b68811c8c6dbf60de69d679f81a062a"
    },
    "papers/207-upper-neighbor-rank-dynamics/frozen_round0/author_replay/pair_01/source_inputs/papers/207-upper-neighbor-rank-dynamics/record_author.py": {
      "bytes": 11210,
      "sha256": "6f84d70eebb562d63678623c362ea16b9ce7a284ddc04d2953252ad044e2c1e7"
    },
    "papers/207-upper-neighbor-rank-dynamics/frozen_round0/author_replay/pair_01/source_inputs/papers/207-upper-neighbor-rank-dynamics/verify.py": {
      "bytes": 31813,
      "sha256": "5018b0fe6d6a032e0eadeb7cd53a6de47c789193580fa1707312b592cd4a3c93"
    },
    "papers/207-upper-neighbor-rank-dynamics/frozen_round0/author_replay/pair_01/verify.py": {
      "bytes": 31813,
      "sha256": "5018b0fe6d6a032e0eadeb7cd53a6de47c789193580fa1707312b592cd4a3c93"
    },
    "papers/207-upper-neighbor-rank-dynamics/frozen_round0/author_replay/run1.stdout": {
      "bytes": 288808,
      "sha256": "306d4e7dea07ad10234f06c69912561425792ed61fadeff3b165b09d1a106992"
    },
    "papers/207-upper-neighbor-rank-dynamics/frozen_round0/author_replay/run2.stdout": {
      "bytes": 288808,
      "sha256": "306d4e7dea07ad10234f06c69912561425792ed61fadeff3b165b09d1a106992"
    },
    "papers/207-upper-neighbor-rank-dynamics/frozen_round0/main.pdf": {
      "bytes": 407557,
      "sha256": "5e74fa6a334f1cbc23837632b364729d97111b231e1ef8c3fd6a40a8dbc78759"
    },
    "papers/207-upper-neighbor-rank-dynamics/frozen_round0/main.tex": {
      "bytes": 1118,
      "sha256": "60f96c5fc8834582e4cafb37c2d7b20860dc8689f212024b054a3d92c1076a5b"
    },
    "papers/207-upper-neighbor-rank-dynamics/frozen_round0/math_commands.tex": {
      "bytes": 358,
      "sha256": "4a546018d25d8ada1bd789d16832812990d9050d4d361b69e22694e66a3e989e"
    },
    "papers/207-upper-neighbor-rank-dynamics/frozen_round0/record_author.py": {
      "bytes": 11210,
      "sha256": "6f84d70eebb562d63678623c362ea16b9ce7a284ddc04d2953252ad044e2c1e7"
    },
    "papers/207-upper-neighbor-rank-dynamics/frozen_round0/references.bib": {
      "bytes": 1113,
      "sha256": "7904fcbb5fca3ad1851188ab896f3834d6787634960314e81e6ba7fda1195c85"
    },
    "papers/207-upper-neighbor-rank-dynamics/frozen_round0/sections/00_abstract.tex": {
      "bytes": 1167,
      "sha256": "d2f62c638b133b0e5997ada83f2aaf03c20bd028d459dc511ee671dca6adacae"
    },
    "papers/207-upper-neighbor-rank-dynamics/frozen_round0/sections/01_setup.tex": {
      "bytes": 2347,
      "sha256": "5845491bf1257d69a528199f3d74d3dd4a2b7e91cd040badd9901be5facba837"
    },
    "papers/207-upper-neighbor-rank-dynamics/frozen_round0/sections/02_temporal.tex": {
      "bytes": 6507,
      "sha256": "bd079f1d6d73f57f5f9fc633ecc06f0e0db55200314fd39fcae5efddef277a11"
    },
    "papers/207-upper-neighbor-rank-dynamics/frozen_round0/sections/03_core_seed.tex": {
      "bytes": 4272,
      "sha256": "78b58fb448f068041bbc35256581858dc2bde0570d09f479495d6706e125d160"
    },
    "papers/207-upper-neighbor-rank-dynamics/frozen_round0/sections/04_fibres.tex": {
      "bytes": 10829,
      "sha256": "7e40bd08ddc20634ed092ba7b9975ebfff6ec8809d3f76f2b291971c562b95c5"
    },
    "papers/207-upper-neighbor-rank-dynamics/frozen_round0/sections/05_scope.tex": {
      "bytes": 1725,
      "sha256": "9a094dcd1759a631657fdf6c076241b98bd1175e5ec82fcf4664517d79f3ede3"
    },
    "papers/207-upper-neighbor-rank-dynamics/frozen_round0/verify.py": {
      "bytes": 31813,
      "sha256": "5018b0fe6d6a032e0eadeb7cd53a6de47c789193580fa1707312b592cd4a3c93"
    },
    "papers/207-upper-neighbor-rank-dynamics/frozen_round1/AUTHOR_EXECUTION.md": {
      "bytes": 10529,
      "sha256": "59cae7dd4c0d23c4976d9ca20d0f78e4fe2ba7e6543b3458e4eb6954c11059f4"
    },
    "papers/207-upper-neighbor-rank-dynamics/frozen_round1/AUTHOR_REPLAY.md": {
      "bytes": 1528,
      "sha256": "46b0f63522c9dbfa0cb91f53a9f9c32292055bf4d089e760def634ebbbc1f684"
    },
    "papers/207-upper-neighbor-rank-dynamics/frozen_round1/CANONICAL.json": {
      "bytes": 288808,
      "sha256": "306d4e7dea07ad10234f06c69912561425792ed61fadeff3b165b09d1a106992"
    },
    "papers/207-upper-neighbor-rank-dynamics/frozen_round1/CLAIMS_EVIDENCE.md": {
      "bytes": 1791,
      "sha256": "460b0b2e0c28cc12bb3238f3c6798df33ae6c1b2443f8a274cb013315004ca70"
    },
    "papers/207-upper-neighbor-rank-dynamics/frozen_round1/INTEGRITY_REVIEW.md": {
      "bytes": 3042,
      "sha256": "2a387ad7b33f6a6c7cce8ade976ade685fdd1f985609b997f90f4002c7ed632b"
    },
    "papers/207-upper-neighbor-rank-dynamics/frozen_round1/NARRATIVE_REPORT.md": {
      "bytes": 1347,
      "sha256": "bd6eb6c8e2329785f5e025cf0c34273715985ebc5a861283133d5e7547146cb8"
    },
    "papers/207-upper-neighbor-rank-dynamics/frozen_round1/PAPER_PLAN.md": {
      "bytes": 4342,
      "sha256": "a15088af7279732d2dada9c3ba4942a47a1950079c14d52592706e16f2709639"
    },
    "papers/207-upper-neighbor-rank-dynamics/frozen_round1/PROOF_PACKAGE.md": {
      "bytes": 2794,
      "sha256": "f237dfc71fa1992cb2f5c4c158eb4a539bea83dd8a463ec785627c4c05ed1c53"
    },
    "papers/207-upper-neighbor-rank-dynamics/frozen_round1/README.md": {
      "bytes": 1060,
      "sha256": "ec59f30b77215c9d6113ce9532bcf9a4c61c31e0d8ed1042196eb79271da2085"
    },
    "papers/207-upper-neighbor-rank-dynamics/frozen_round1/ROUND0_BUILD_REPORT.md": {
      "bytes": 3579,
      "sha256": "10c9ae4a9a3a5e705b8ad5dc5a9e16e595013269259fdb1a70d1df2b5998e235"
    },
    "papers/207-upper-neighbor-rank-dynamics/frozen_round1/SHA256SUMS": {
      "bytes": 13179,
      "sha256": "8d134689f8c07f9bcac65b4576a5bfca2e073ece6281f9d893148f12adb43f5d"
    },
    "papers/207-upper-neighbor-rank-dynamics/frozen_round1/SOURCE_AUDIT.md": {
      "bytes": 3922,
      "sha256": "3e600ba599935d2fc33624e98dfe84122437dae94cecc99e54a473981ea2c070"
    },
    "papers/207-upper-neighbor-rank-dynamics/frozen_round1/author_replay/OWNED_MANIFEST.sha256": {
      "bytes": 11473,
      "sha256": "0e41a415dafb8fdabb4285625cdc31abfd925ea557606a966a6a61c967ff6cb9"
    },
    "papers/207-upper-neighbor-rank-dynamics/frozen_round1/author_replay/export_pair.py": {
      "bytes": 3130,
      "sha256": "4dd58fe04afbd634669392e96027ab02e0560d82ca8d9f4b0899d169c77c267d"
    },
    "papers/207-upper-neighbor-rank-dynamics/frozen_round1/author_replay/export_pair_01/MANIFEST.sha256": {
      "bytes": 811,
      "sha256": "dc279f3c6e161f43585b30e7066b1e2a5c161cf695d4d2298462ffe94f261df3"
    },
    "papers/207-upper-neighbor-rank-dynamics/frozen_round1/author_replay/export_pair_01/RECEIPT.json": {
      "bytes": 2865,
      "sha256": "1c29af88101a2c33f2d973df9ab3149cab207894b447eb11058b634bbe6d13a1"
    },
    "papers/207-upper-neighbor-rank-dynamics/frozen_round1/author_replay/export_pair_01/run1.canonical.cmp.stderr": {
      "bytes": 0,
      "sha256": "e3b0c44298fc1c149afbf4c8996fb92427ae41e4649b934ca495991b7852b855"
    },
    "papers/207-upper-neighbor-rank-dynamics/frozen_round1/author_replay/export_pair_01/run1.canonical.cmp.stdout": {
      "bytes": 0,
      "sha256": "e3b0c44298fc1c149afbf4c8996fb92427ae41e4649b934ca495991b7852b855"
    },
    "papers/207-upper-neighbor-rank-dynamics/frozen_round1/author_replay/export_pair_01/run1.original.cmp.stderr": {
      "bytes": 0,
      "sha256": "e3b0c44298fc1c149afbf4c8996fb92427ae41e4649b934ca495991b7852b855"
    },
    "papers/207-upper-neighbor-rank-dynamics/frozen_round1/author_replay/export_pair_01/run1.original.cmp.stdout": {
      "bytes": 0,
      "sha256": "e3b0c44298fc1c149afbf4c8996fb92427ae41e4649b934ca495991b7852b855"
    },
    "papers/207-upper-neighbor-rank-dynamics/frozen_round1/author_replay/export_pair_01/run2.canonical.cmp.stderr": {
      "bytes": 0,
      "sha256": "e3b0c44298fc1c149afbf4c8996fb92427ae41e4649b934ca495991b7852b855"
    },
    "papers/207-upper-neighbor-rank-dynamics/frozen_round1/author_replay/export_pair_01/run2.canonical.cmp.stdout": {
      "bytes": 0,
      "sha256": "e3b0c44298fc1c149afbf4c8996fb92427ae41e4649b934ca495991b7852b855"
    },
    "papers/207-upper-neighbor-rank-dynamics/frozen_round1/author_replay/export_pair_01/run2.original.cmp.stderr": {
      "bytes": 0,
      "sha256": "e3b0c44298fc1c149afbf4c8996fb92427ae41e4649b934ca495991b7852b855"
    },
    "papers/207-upper-neighbor-rank-dynamics/frozen_round1/author_replay/export_pair_01/run2.original.cmp.stdout": {
      "bytes": 0,
      "sha256": "e3b0c44298fc1c149afbf4c8996fb92427ae41e4649b934ca495991b7852b855"
    },
    "papers/207-upper-neighbor-rank-dynamics/frozen_round1/author_replay/initial_01/CANONICAL.input.json": {
      "bytes": 288808,
      "sha256": "306d4e7dea07ad10234f06c69912561425792ed61fadeff3b165b09d1a106992"
    },
    "papers/207-upper-neighbor-rank-dynamics/frozen_round1/author_replay/initial_01/INPUT_PINS.after.sha256": {
      "bytes": 2353,
      "sha256": "4ae723ec96a7bd8a16bcbd8de44b0795a7e77496f36610c605208d7bb2ca0548"
    },
    "papers/207-upper-neighbor-rank-dynamics/frozen_round1/author_replay/initial_01/INPUT_PINS.before.sha256": {
      "bytes": 2353,
      "sha256": "4ae723ec96a7bd8a16bcbd8de44b0795a7e77496f36610c605208d7bb2ca0548"
    },
    "papers/207-upper-neighbor-rank-dynamics/frozen_round1/author_replay/initial_01/MANIFEST.sha256": {
      "bytes": 3714,
      "sha256": "84eb9a7a671dcba2ff5b1cb053a10fed4b5d7aab89629020410addb381356bd4"
    },
    "papers/207-upper-neighbor-rank-dynamics/frozen_round1/author_replay/initial_01/RECEIPT.json": {
      "bytes": 5034,
      "sha256": "5ce7ab72963a0e997482e915bc732329561aabfcaf63187797bdf9bb5af255f1"
    },
    "papers/207-upper-neighbor-rank-dynamics/frozen_round1/author_replay/initial_01/canonical_live.cmp.stderr": {
      "bytes": 0,
      "sha256": "e3b0c44298fc1c149afbf4c8996fb92427ae41e4649b934ca495991b7852b855"
    },
    "papers/207-upper-neighbor-rank-dynamics/frozen_round1/author_replay/initial_01/canonical_live.cmp.stdout": {
      "bytes": 0,
      "sha256": "e3b0c44298fc1c149afbf4c8996fb92427ae41e4649b934ca495991b7852b855"
    },
    "papers/207-upper-neighbor-rank-dynamics/frozen_round1/author_replay/initial_01/python_version.stderr": {
      "bytes": 0,
      "sha256": "e3b0c44298fc1c149afbf4c8996fb92427ae41e4649b934ca495991b7852b855"
    },
    "papers/207-upper-neighbor-rank-dynamics/frozen_round1/author_replay/initial_01/python_version.stdout": {
      "bytes": 14,
      "sha256": "5b3e43dc38ca01e3f5a7854ba50d4330864b0c1e0f646650b2c78cf072acc366"
    },
    "papers/207-upper-neighbor-rank-dynamics/frozen_round1/author_replay/initial_01/run0.canonical.cmp.stderr": {
      "bytes": 0,
      "sha256": "e3b0c44298fc1c149afbf4c8996fb92427ae41e4649b934ca495991b7852b855"
    },
    "papers/207-upper-neighbor-rank-dynamics/frozen_round1/author_replay/initial_01/run0.canonical.cmp.stdout": {
      "bytes": 0,
      "sha256": "e3b0c44298fc1c149afbf4c8996fb92427ae41e4649b934ca495991b7852b855"
    },
    "papers/207-upper-neighbor-rank-dynamics/frozen_round1/author_replay/initial_01/run0.stderr": {
      "bytes": 0,
      "sha256": "e3b0c44298fc1c149afbf4c8996fb92427ae41e4649b934ca495991b7852b855"
    },
    "papers/207-upper-neighbor-rank-dynamics/frozen_round1/author_replay/initial_01/run0.stdout": {
      "bytes": 288808,
      "sha256": "306d4e7dea07ad10234f06c69912561425792ed61fadeff3b165b09d1a106992"
    },
    "papers/207-upper-neighbor-rank-dynamics/frozen_round1/author_replay/initial_01/source_inputs/docs/papers204_208_sequence/ARTIFACT_CONTRACT.md": {
      "bytes": 4142,
      "sha256": "de1e46fe57ef42199232fa1ec1a18a25c0188fcb34aa02fb721ad2d576f52b73"
    },
    "papers/207-upper-neighbor-rank-dynamics/frozen_round1/author_replay/initial_01/source_inputs/docs/papers204_208_sequence/FINAL_THEOREM_CONTRACTS.md": {
      "bytes": 12810,
      "sha256": "6bd11325d89e5055166a9aa059143dd3204d629892d050e40833bc82c47ff0ce"
    },
    "papers/207-upper-neighbor-rank-dynamics/frozen_round1/author_replay/initial_01/source_inputs/docs/papers204_208_sequence/scouting/word_local/LNR_INVERSE_WORK/CANONICAL.json": {
      "bytes": 31904,
      "sha256": "3299035544028faccc6ad082bcffe2df1aaa8b4f9ff19671639236806e7b21da"
    },
    "papers/207-upper-neighbor-rank-dynamics/frozen_round1/author_replay/initial_01/source_inputs/docs/papers204_208_sequence/scouting/word_local/LNR_INVERSE_WORK/MANIFEST.sha256": {
      "bytes": 1680,
      "sha256": "d42c1c7bb790cbf2c9211c76663bf8f96e70ff7c938d79df9445874afea8db4a"
    },
    "papers/207-upper-neighbor-rank-dynamics/frozen_round1/author_replay/initial_01/source_inputs/docs/papers204_208_sequence/scouting/word_local/LNR_INVERSE_WORK/PROOF_PACKAGE.md": {
      "bytes": 15175,
      "sha256": "52067ae33f9564dff9daf9f763a442c39ab5911a9de8902c567eff3e13e6dc36"
    },
    "papers/207-upper-neighbor-rank-dynamics/frozen_round1/author_replay/initial_01/source_inputs/docs/papers204_208_sequence/scouting/word_local/LNR_INVERSE_WORK/SOURCE_BOUNDARY.md": {
      "bytes": 9651,
      "sha256": "cd61962db785d3515c0f3acb666f9a3217245809451a30697a74eb9f9a7692ff"
    },
    "papers/207-upper-neighbor-rank-dynamics/frozen_round1/author_replay/initial_01/source_inputs/docs/papers204_208_sequence/scouting/word_local/LNR_INVERSE_WORK/verify_inverse.py": {
      "bytes": 10989,
      "sha256": "fdf51545aad549c3c0c59816da2a573e92384143698060e047ae8295923c271c"
    },
    "papers/207-upper-neighbor-rank-dynamics/frozen_round1/author_replay/initial_01/source_inputs/docs/papers204_208_sequence/scouting/word_local/UGR_GATE/CANDIDATE_GATE.md": {
      "bytes": 10681,
      "sha256": "5fb6c549b7bc332c95157d15de4675ae3fa8a3d00f6dd881c0162511e2e93185"
    },
    "papers/207-upper-neighbor-rank-dynamics/frozen_round1/author_replay/initial_01/source_inputs/docs/papers204_208_sequence/scouting/word_local/UGR_GATE/INPUT_PINS.sha256": {
      "bytes": 2801,
      "sha256": "196cce555e05ee380be9f1cc12b818a1c2bb98809249f503eb065fca65488d92"
    },
    "papers/207-upper-neighbor-rank-dynamics/frozen_round1/author_replay/initial_01/source_inputs/docs/papers204_208_sequence/scouting/word_local/UGR_GATE/MANIFEST.sha256": {
      "bytes": 4267,
      "sha256": "28d325cbb074f10f92a43ae409b5d4ac6e605ab85859fdfca103a3f835bfc276"
    },
    "papers/207-upper-neighbor-rank-dynamics/frozen_round1/author_replay/initial_01/source_inputs/docs/papers204_208_sequence/scouting/word_local/UGR_GATE/SOURCE_AUDIT.md": {
      "bytes": 11116,
      "sha256": "3a71f3ce641573c94c1b9638d1253bafd9575863a03e4a3d63b0ef902307b511"
    },
    "papers/207-upper-neighbor-rank-dynamics/frozen_round1/author_replay/initial_01/source_inputs/docs/papers204_208_sequence/scouting/word_local/UGR_PROOF_WORK/CANONICAL.json": {
      "bytes": 224755,
      "sha256": "0d0944d63f300b79877b816b1c289ae91984b92f2b3082aa115d62d085baa9d9"
    },
    "papers/207-upper-neighbor-rank-dynamics/frozen_round1/author_replay/initial_01/source_inputs/docs/papers204_208_sequence/scouting/word_local/UGR_PROOF_WORK/MANIFEST.sha256": {
      "bytes": 2290,
      "sha256": "1ccad5d919b32e78671fabe4c137237ebc6b5d0e4df7a57e16d25f7964fc6b31"
    },
    "papers/207-upper-neighbor-rank-dynamics/frozen_round1/author_replay/initial_01/source_inputs/docs/papers204_208_sequence/scouting/word_local/UGR_PROOF_WORK/PROOF_PACKAGE.md": {
      "bytes": 19376,
      "sha256": "9f18a822cf8345b82650bcf3d8480e811053cb7621cb95d71da7205e186bc3ad"
    },
    "papers/207-upper-neighbor-rank-dynamics/frozen_round1/author_replay/initial_01/source_inputs/docs/papers204_208_sequence/scouting/word_local/UGR_PROOF_WORK/verify_ugr.py": {
      "bytes": 12415,
      "sha256": "ca6bc9d408d09fbb1e3700432077c3843b68811c8c6dbf60de69d679f81a062a"
    },
    "papers/207-upper-neighbor-rank-dynamics/frozen_round1/author_replay/initial_01/source_inputs/papers/207-upper-neighbor-rank-dynamics/record_author.py": {
      "bytes": 11210,
      "sha256": "6f84d70eebb562d63678623c362ea16b9ce7a284ddc04d2953252ad044e2c1e7"
    },
    "papers/207-upper-neighbor-rank-dynamics/frozen_round1/author_replay/initial_01/source_inputs/papers/207-upper-neighbor-rank-dynamics/verify.py": {
      "bytes": 31813,
      "sha256": "5018b0fe6d6a032e0eadeb7cd53a6de47c789193580fa1707312b592cd4a3c93"
    },
    "papers/207-upper-neighbor-rank-dynamics/frozen_round1/author_replay/initial_01/verify.py": {
      "bytes": 31813,
      "sha256": "5018b0fe6d6a032e0eadeb7cd53a6de47c789193580fa1707312b592cd4a3c93"
    },
    "papers/207-upper-neighbor-rank-dynamics/frozen_round1/author_replay/pair_01/CANONICAL.input.json": {
      "bytes": 288808,
      "sha256": "306d4e7dea07ad10234f06c69912561425792ed61fadeff3b165b09d1a106992"
    },
    "papers/207-upper-neighbor-rank-dynamics/frozen_round1/author_replay/pair_01/INPUT_PINS.after.sha256": {
      "bytes": 2353,
      "sha256": "4ae723ec96a7bd8a16bcbd8de44b0795a7e77496f36610c605208d7bb2ca0548"
    },
    "papers/207-upper-neighbor-rank-dynamics/frozen_round1/author_replay/pair_01/INPUT_PINS.before.sha256": {
      "bytes": 2353,
      "sha256": "4ae723ec96a7bd8a16bcbd8de44b0795a7e77496f36610c605208d7bb2ca0548"
    },
    "papers/207-upper-neighbor-rank-dynamics/frozen_round1/author_replay/pair_01/MANIFEST.sha256": {
      "bytes": 4218,
      "sha256": "aee7e94cd823161fe98daf0559fc5983e49f5cc691dde79e48b206985a5beeb1"
    },
    "papers/207-upper-neighbor-rank-dynamics/frozen_round1/author_replay/pair_01/RECEIPT.json": {
      "bytes": 8000,
      "sha256": "350eaf8a2bdeef983e9e7e346397edff6e6506f42fa54f25f4204d8f8b5b8db4"
    },
    "papers/207-upper-neighbor-rank-dynamics/frozen_round1/author_replay/pair_01/canonical_live.cmp.stderr": {
      "bytes": 0,
      "sha256": "e3b0c44298fc1c149afbf4c8996fb92427ae41e4649b934ca495991b7852b855"
    },
    "papers/207-upper-neighbor-rank-dynamics/frozen_round1/author_replay/pair_01/canonical_live.cmp.stdout": {
      "bytes": 0,
      "sha256": "e3b0c44298fc1c149afbf4c8996fb92427ae41e4649b934ca495991b7852b855"
    },
    "papers/207-upper-neighbor-rank-dynamics/frozen_round1/author_replay/pair_01/pair.cmp.stderr": {
      "bytes": 0,
      "sha256": "e3b0c44298fc1c149afbf4c8996fb92427ae41e4649b934ca495991b7852b855"
    },
    "papers/207-upper-neighbor-rank-dynamics/frozen_round1/author_replay/pair_01/pair.cmp.stdout": {
      "bytes": 0,
      "sha256": "e3b0c44298fc1c149afbf4c8996fb92427ae41e4649b934ca495991b7852b855"
    },
    "papers/207-upper-neighbor-rank-dynamics/frozen_round1/author_replay/pair_01/python_version.stderr": {
      "bytes": 0,
      "sha256": "e3b0c44298fc1c149afbf4c8996fb92427ae41e4649b934ca495991b7852b855"
    },
    "papers/207-upper-neighbor-rank-dynamics/frozen_round1/author_replay/pair_01/python_version.stdout": {
      "bytes": 14,
      "sha256": "5b3e43dc38ca01e3f5a7854ba50d4330864b0c1e0f646650b2c78cf072acc366"
    },
    "papers/207-upper-neighbor-rank-dynamics/frozen_round1/author_replay/pair_01/run1.canonical.cmp.stderr": {
      "bytes": 0,
      "sha256": "e3b0c44298fc1c149afbf4c8996fb92427ae41e4649b934ca495991b7852b855"
    },
    "papers/207-upper-neighbor-rank-dynamics/frozen_round1/author_replay/pair_01/run1.canonical.cmp.stdout": {
      "bytes": 0,
      "sha256": "e3b0c44298fc1c149afbf4c8996fb92427ae41e4649b934ca495991b7852b855"
    },
    "papers/207-upper-neighbor-rank-dynamics/frozen_round1/author_replay/pair_01/run1.stderr": {
      "bytes": 0,
      "sha256": "e3b0c44298fc1c149afbf4c8996fb92427ae41e4649b934ca495991b7852b855"
    },
    "papers/207-upper-neighbor-rank-dynamics/frozen_round1/author_replay/pair_01/run1.stdout": {
      "bytes": 288808,
      "sha256": "306d4e7dea07ad10234f06c69912561425792ed61fadeff3b165b09d1a106992"
    },
    "papers/207-upper-neighbor-rank-dynamics/frozen_round1/author_replay/pair_01/run2.canonical.cmp.stderr": {
      "bytes": 0,
      "sha256": "e3b0c44298fc1c149afbf4c8996fb92427ae41e4649b934ca495991b7852b855"
    },
    "papers/207-upper-neighbor-rank-dynamics/frozen_round1/author_replay/pair_01/run2.canonical.cmp.stdout": {
      "bytes": 0,
      "sha256": "e3b0c44298fc1c149afbf4c8996fb92427ae41e4649b934ca495991b7852b855"
    },
    "papers/207-upper-neighbor-rank-dynamics/frozen_round1/author_replay/pair_01/run2.stderr": {
      "bytes": 0,
      "sha256": "e3b0c44298fc1c149afbf4c8996fb92427ae41e4649b934ca495991b7852b855"
    },
    "papers/207-upper-neighbor-rank-dynamics/frozen_round1/author_replay/pair_01/run2.stdout": {
      "bytes": 288808,
      "sha256": "306d4e7dea07ad10234f06c69912561425792ed61fadeff3b165b09d1a106992"
    },
    "papers/207-upper-neighbor-rank-dynamics/frozen_round1/author_replay/pair_01/source_inputs/docs/papers204_208_sequence/ARTIFACT_CONTRACT.md": {
      "bytes": 4142,
      "sha256": "de1e46fe57ef42199232fa1ec1a18a25c0188fcb34aa02fb721ad2d576f52b73"
    },
    "papers/207-upper-neighbor-rank-dynamics/frozen_round1/author_replay/pair_01/source_inputs/docs/papers204_208_sequence/FINAL_THEOREM_CONTRACTS.md": {
      "bytes": 12810,
      "sha256": "6bd11325d89e5055166a9aa059143dd3204d629892d050e40833bc82c47ff0ce"
    },
    "papers/207-upper-neighbor-rank-dynamics/frozen_round1/author_replay/pair_01/source_inputs/docs/papers204_208_sequence/scouting/word_local/LNR_INVERSE_WORK/CANONICAL.json": {
      "bytes": 31904,
      "sha256": "3299035544028faccc6ad082bcffe2df1aaa8b4f9ff19671639236806e7b21da"
    },
    "papers/207-upper-neighbor-rank-dynamics/frozen_round1/author_replay/pair_01/source_inputs/docs/papers204_208_sequence/scouting/word_local/LNR_INVERSE_WORK/MANIFEST.sha256": {
      "bytes": 1680,
      "sha256": "d42c1c7bb790cbf2c9211c76663bf8f96e70ff7c938d79df9445874afea8db4a"
    },
    "papers/207-upper-neighbor-rank-dynamics/frozen_round1/author_replay/pair_01/source_inputs/docs/papers204_208_sequence/scouting/word_local/LNR_INVERSE_WORK/PROOF_PACKAGE.md": {
      "bytes": 15175,
      "sha256": "52067ae33f9564dff9daf9f763a442c39ab5911a9de8902c567eff3e13e6dc36"
    },
    "papers/207-upper-neighbor-rank-dynamics/frozen_round1/author_replay/pair_01/source_inputs/docs/papers204_208_sequence/scouting/word_local/LNR_INVERSE_WORK/SOURCE_BOUNDARY.md": {
      "bytes": 9651,
      "sha256": "cd61962db785d3515c0f3acb666f9a3217245809451a30697a74eb9f9a7692ff"
    },
    "papers/207-upper-neighbor-rank-dynamics/frozen_round1/author_replay/pair_01/source_inputs/docs/papers204_208_sequence/scouting/word_local/LNR_INVERSE_WORK/verify_inverse.py": {
      "bytes": 10989,
      "sha256": "fdf51545aad549c3c0c59816da2a573e92384143698060e047ae8295923c271c"
    },
    "papers/207-upper-neighbor-rank-dynamics/frozen_round1/author_replay/pair_01/source_inputs/docs/papers204_208_sequence/scouting/word_local/UGR_GATE/CANDIDATE_GATE.md": {
      "bytes": 10681,
      "sha256": "5fb6c549b7bc332c95157d15de4675ae3fa8a3d00f6dd881c0162511e2e93185"
    },
    "papers/207-upper-neighbor-rank-dynamics/frozen_round1/author_replay/pair_01/source_inputs/docs/papers204_208_sequence/scouting/word_local/UGR_GATE/INPUT_PINS.sha256": {
      "bytes": 2801,
      "sha256": "196cce555e05ee380be9f1cc12b818a1c2bb98809249f503eb065fca65488d92"
    },
    "papers/207-upper-neighbor-rank-dynamics/frozen_round1/author_replay/pair_01/source_inputs/docs/papers204_208_sequence/scouting/word_local/UGR_GATE/MANIFEST.sha256": {
      "bytes": 4267,
      "sha256": "28d325cbb074f10f92a43ae409b5d4ac6e605ab85859fdfca103a3f835bfc276"
    },
    "papers/207-upper-neighbor-rank-dynamics/frozen_round1/author_replay/pair_01/source_inputs/docs/papers204_208_sequence/scouting/word_local/UGR_GATE/SOURCE_AUDIT.md": {
      "bytes": 11116,
      "sha256": "3a71f3ce641573c94c1b9638d1253bafd9575863a03e4a3d63b0ef902307b511"
    },
    "papers/207-upper-neighbor-rank-dynamics/frozen_round1/author_replay/pair_01/source_inputs/docs/papers204_208_sequence/scouting/word_local/UGR_PROOF_WORK/CANONICAL.json": {
      "bytes": 224755,
      "sha256": "0d0944d63f300b79877b816b1c289ae91984b92f2b3082aa115d62d085baa9d9"
    },
    "papers/207-upper-neighbor-rank-dynamics/frozen_round1/author_replay/pair_01/source_inputs/docs/papers204_208_sequence/scouting/word_local/UGR_PROOF_WORK/MANIFEST.sha256": {
      "bytes": 2290,
      "sha256": "1ccad5d919b32e78671fabe4c137237ebc6b5d0e4df7a57e16d25f7964fc6b31"
    },
    "papers/207-upper-neighbor-rank-dynamics/frozen_round1/author_replay/pair_01/source_inputs/docs/papers204_208_sequence/scouting/word_local/UGR_PROOF_WORK/PROOF_PACKAGE.md": {
      "bytes": 19376,
      "sha256": "9f18a822cf8345b82650bcf3d8480e811053cb7621cb95d71da7205e186bc3ad"
    },
    "papers/207-upper-neighbor-rank-dynamics/frozen_round1/author_replay/pair_01/source_inputs/docs/papers204_208_sequence/scouting/word_local/UGR_PROOF_WORK/verify_ugr.py": {
      "bytes": 12415,
      "sha256": "ca6bc9d408d09fbb1e3700432077c3843b68811c8c6dbf60de69d679f81a062a"
    },
    "papers/207-upper-neighbor-rank-dynamics/frozen_round1/author_replay/pair_01/source_inputs/papers/207-upper-neighbor-rank-dynamics/record_author.py": {
      "bytes": 11210,
      "sha256": "6f84d70eebb562d63678623c362ea16b9ce7a284ddc04d2953252ad044e2c1e7"
    },
    "papers/207-upper-neighbor-rank-dynamics/frozen_round1/author_replay/pair_01/source_inputs/papers/207-upper-neighbor-rank-dynamics/verify.py": {
      "bytes": 31813,
      "sha256": "5018b0fe6d6a032e0eadeb7cd53a6de47c789193580fa1707312b592cd4a3c93"
    },
    "papers/207-upper-neighbor-rank-dynamics/frozen_round1/author_replay/pair_01/verify.py": {
      "bytes": 31813,
      "sha256": "5018b0fe6d6a032e0eadeb7cd53a6de47c789193580fa1707312b592cd4a3c93"
    },
    "papers/207-upper-neighbor-rank-dynamics/frozen_round1/author_replay/run1.stdout": {
      "bytes": 288808,
      "sha256": "306d4e7dea07ad10234f06c69912561425792ed61fadeff3b165b09d1a106992"
    },
    "papers/207-upper-neighbor-rank-dynamics/frozen_round1/author_replay/run2.stdout": {
      "bytes": 288808,
      "sha256": "306d4e7dea07ad10234f06c69912561425792ed61fadeff3b165b09d1a106992"
    },
    "papers/207-upper-neighbor-rank-dynamics/frozen_round1/main.pdf": {
      "bytes": 407557,
      "sha256": "5e74fa6a334f1cbc23837632b364729d97111b231e1ef8c3fd6a40a8dbc78759"
    },
    "papers/207-upper-neighbor-rank-dynamics/frozen_round1/main.tex": {
      "bytes": 1118,
      "sha256": "60f96c5fc8834582e4cafb37c2d7b20860dc8689f212024b054a3d92c1076a5b"
    },
    "papers/207-upper-neighbor-rank-dynamics/frozen_round1/math_commands.tex": {
      "bytes": 358,
      "sha256": "4a546018d25d8ada1bd789d16832812990d9050d4d361b69e22694e66a3e989e"
    },
    "papers/207-upper-neighbor-rank-dynamics/frozen_round1/record_author.py": {
      "bytes": 11210,
      "sha256": "6f84d70eebb562d63678623c362ea16b9ce7a284ddc04d2953252ad044e2c1e7"
    },
    "papers/207-upper-neighbor-rank-dynamics/frozen_round1/references.bib": {
      "bytes": 1113,
      "sha256": "7904fcbb5fca3ad1851188ab896f3834d6787634960314e81e6ba7fda1195c85"
    },
    "papers/207-upper-neighbor-rank-dynamics/frozen_round1/sections/00_abstract.tex": {
      "bytes": 1167,
      "sha256": "d2f62c638b133b0e5997ada83f2aaf03c20bd028d459dc511ee671dca6adacae"
    },
    "papers/207-upper-neighbor-rank-dynamics/frozen_round1/sections/01_setup.tex": {
      "bytes": 2347,
      "sha256": "5845491bf1257d69a528199f3d74d3dd4a2b7e91cd040badd9901be5facba837"
    },
    "papers/207-upper-neighbor-rank-dynamics/frozen_round1/sections/02_temporal.tex": {
      "bytes": 6507,
      "sha256": "bd079f1d6d73f57f5f9fc633ecc06f0e0db55200314fd39fcae5efddef277a11"
    },
    "papers/207-upper-neighbor-rank-dynamics/frozen_round1/sections/03_core_seed.tex": {
      "bytes": 4272,
      "sha256": "78b58fb448f068041bbc35256581858dc2bde0570d09f479495d6706e125d160"
    },
    "papers/207-upper-neighbor-rank-dynamics/frozen_round1/sections/04_fibres.tex": {
      "bytes": 10829,
      "sha256": "7e40bd08ddc20634ed092ba7b9975ebfff6ec8809d3f76f2b291971c562b95c5"
    },
    "papers/207-upper-neighbor-rank-dynamics/frozen_round1/sections/05_scope.tex": {
      "bytes": 1725,
      "sha256": "9a094dcd1759a631657fdf6c076241b98bd1175e5ec82fcf4664517d79f3ede3"
    },
    "papers/207-upper-neighbor-rank-dynamics/frozen_round1/verify.py": {
      "bytes": 31813,
      "sha256": "5018b0fe6d6a032e0eadeb7cd53a6de47c789193580fa1707312b592cd4a3c93"
    },
    "papers/207-upper-neighbor-rank-dynamics/frozen_round2/AUTHOR_EXECUTION.md": {
      "bytes": 10529,
      "sha256": "59cae7dd4c0d23c4976d9ca20d0f78e4fe2ba7e6543b3458e4eb6954c11059f4"
    },
    "papers/207-upper-neighbor-rank-dynamics/frozen_round2/AUTHOR_REPLAY.md": {
      "bytes": 1528,
      "sha256": "46b0f63522c9dbfa0cb91f53a9f9c32292055bf4d089e760def634ebbbc1f684"
    },
    "papers/207-upper-neighbor-rank-dynamics/frozen_round2/CANONICAL.json": {
      "bytes": 288808,
      "sha256": "306d4e7dea07ad10234f06c69912561425792ed61fadeff3b165b09d1a106992"
    },
    "papers/207-upper-neighbor-rank-dynamics/frozen_round2/CLAIMS_EVIDENCE.md": {
      "bytes": 1791,
      "sha256": "460b0b2e0c28cc12bb3238f3c6798df33ae6c1b2443f8a274cb013315004ca70"
    },
    "papers/207-upper-neighbor-rank-dynamics/frozen_round2/INTEGRITY_REVIEW.md": {
      "bytes": 3042,
      "sha256": "2a387ad7b33f6a6c7cce8ade976ade685fdd1f985609b997f90f4002c7ed632b"
    },
    "papers/207-upper-neighbor-rank-dynamics/frozen_round2/NARRATIVE_REPORT.md": {
      "bytes": 1347,
      "sha256": "bd6eb6c8e2329785f5e025cf0c34273715985ebc5a861283133d5e7547146cb8"
    },
    "papers/207-upper-neighbor-rank-dynamics/frozen_round2/PAPER_PLAN.md": {
      "bytes": 4342,
      "sha256": "a15088af7279732d2dada9c3ba4942a47a1950079c14d52592706e16f2709639"
    },
    "papers/207-upper-neighbor-rank-dynamics/frozen_round2/PROOF_PACKAGE.md": {
      "bytes": 2794,
      "sha256": "f237dfc71fa1992cb2f5c4c158eb4a539bea83dd8a463ec785627c4c05ed1c53"
    },
    "papers/207-upper-neighbor-rank-dynamics/frozen_round2/README.md": {
      "bytes": 1060,
      "sha256": "ec59f30b77215c9d6113ce9532bcf9a4c61c31e0d8ed1042196eb79271da2085"
    },
    "papers/207-upper-neighbor-rank-dynamics/frozen_round2/ROUND0_BUILD_REPORT.md": {
      "bytes": 3579,
      "sha256": "10c9ae4a9a3a5e705b8ad5dc5a9e16e595013269259fdb1a70d1df2b5998e235"
    },
    "papers/207-upper-neighbor-rank-dynamics/frozen_round2/SHA256SUMS": {
      "bytes": 13179,
      "sha256": "8d134689f8c07f9bcac65b4576a5bfca2e073ece6281f9d893148f12adb43f5d"
    },
    "papers/207-upper-neighbor-rank-dynamics/frozen_round2/SOURCE_AUDIT.md": {
      "bytes": 3922,
      "sha256": "3e600ba599935d2fc33624e98dfe84122437dae94cecc99e54a473981ea2c070"
    },
    "papers/207-upper-neighbor-rank-dynamics/frozen_round2/author_replay/OWNED_MANIFEST.sha256": {
      "bytes": 11473,
      "sha256": "0e41a415dafb8fdabb4285625cdc31abfd925ea557606a966a6a61c967ff6cb9"
    },
    "papers/207-upper-neighbor-rank-dynamics/frozen_round2/author_replay/export_pair.py": {
      "bytes": 3130,
      "sha256": "4dd58fe04afbd634669392e96027ab02e0560d82ca8d9f4b0899d169c77c267d"
    },
    "papers/207-upper-neighbor-rank-dynamics/frozen_round2/author_replay/export_pair_01/MANIFEST.sha256": {
      "bytes": 811,
      "sha256": "dc279f3c6e161f43585b30e7066b1e2a5c161cf695d4d2298462ffe94f261df3"
    },
    "papers/207-upper-neighbor-rank-dynamics/frozen_round2/author_replay/export_pair_01/RECEIPT.json": {
      "bytes": 2865,
      "sha256": "1c29af88101a2c33f2d973df9ab3149cab207894b447eb11058b634bbe6d13a1"
    },
    "papers/207-upper-neighbor-rank-dynamics/frozen_round2/author_replay/export_pair_01/run1.canonical.cmp.stderr": {
      "bytes": 0,
      "sha256": "e3b0c44298fc1c149afbf4c8996fb92427ae41e4649b934ca495991b7852b855"
    },
    "papers/207-upper-neighbor-rank-dynamics/frozen_round2/author_replay/export_pair_01/run1.canonical.cmp.stdout": {
      "bytes": 0,
      "sha256": "e3b0c44298fc1c149afbf4c8996fb92427ae41e4649b934ca495991b7852b855"
    },
    "papers/207-upper-neighbor-rank-dynamics/frozen_round2/author_replay/export_pair_01/run1.original.cmp.stderr": {
      "bytes": 0,
      "sha256": "e3b0c44298fc1c149afbf4c8996fb92427ae41e4649b934ca495991b7852b855"
    },
    "papers/207-upper-neighbor-rank-dynamics/frozen_round2/author_replay/export_pair_01/run1.original.cmp.stdout": {
      "bytes": 0,
      "sha256": "e3b0c44298fc1c149afbf4c8996fb92427ae41e4649b934ca495991b7852b855"
    },
    "papers/207-upper-neighbor-rank-dynamics/frozen_round2/author_replay/export_pair_01/run2.canonical.cmp.stderr": {
      "bytes": 0,
      "sha256": "e3b0c44298fc1c149afbf4c8996fb92427ae41e4649b934ca495991b7852b855"
    },
    "papers/207-upper-neighbor-rank-dynamics/frozen_round2/author_replay/export_pair_01/run2.canonical.cmp.stdout": {
      "bytes": 0,
      "sha256": "e3b0c44298fc1c149afbf4c8996fb92427ae41e4649b934ca495991b7852b855"
    },
    "papers/207-upper-neighbor-rank-dynamics/frozen_round2/author_replay/export_pair_01/run2.original.cmp.stderr": {
      "bytes": 0,
      "sha256": "e3b0c44298fc1c149afbf4c8996fb92427ae41e4649b934ca495991b7852b855"
    },
    "papers/207-upper-neighbor-rank-dynamics/frozen_round2/author_replay/export_pair_01/run2.original.cmp.stdout": {
      "bytes": 0,
      "sha256": "e3b0c44298fc1c149afbf4c8996fb92427ae41e4649b934ca495991b7852b855"
    },
    "papers/207-upper-neighbor-rank-dynamics/frozen_round2/author_replay/initial_01/CANONICAL.input.json": {
      "bytes": 288808,
      "sha256": "306d4e7dea07ad10234f06c69912561425792ed61fadeff3b165b09d1a106992"
    },
    "papers/207-upper-neighbor-rank-dynamics/frozen_round2/author_replay/initial_01/INPUT_PINS.after.sha256": {
      "bytes": 2353,
      "sha256": "4ae723ec96a7bd8a16bcbd8de44b0795a7e77496f36610c605208d7bb2ca0548"
    },
    "papers/207-upper-neighbor-rank-dynamics/frozen_round2/author_replay/initial_01/INPUT_PINS.before.sha256": {
      "bytes": 2353,
      "sha256": "4ae723ec96a7bd8a16bcbd8de44b0795a7e77496f36610c605208d7bb2ca0548"
    },
    "papers/207-upper-neighbor-rank-dynamics/frozen_round2/author_replay/initial_01/MANIFEST.sha256": {
      "bytes": 3714,
      "sha256": "84eb9a7a671dcba2ff5b1cb053a10fed4b5d7aab89629020410addb381356bd4"
    },
    "papers/207-upper-neighbor-rank-dynamics/frozen_round2/author_replay/initial_01/RECEIPT.json": {
      "bytes": 5034,
      "sha256": "5ce7ab72963a0e997482e915bc732329561aabfcaf63187797bdf9bb5af255f1"
    },
    "papers/207-upper-neighbor-rank-dynamics/frozen_round2/author_replay/initial_01/canonical_live.cmp.stderr": {
      "bytes": 0,
      "sha256": "e3b0c44298fc1c149afbf4c8996fb92427ae41e4649b934ca495991b7852b855"
    },
    "papers/207-upper-neighbor-rank-dynamics/frozen_round2/author_replay/initial_01/canonical_live.cmp.stdout": {
      "bytes": 0,
      "sha256": "e3b0c44298fc1c149afbf4c8996fb92427ae41e4649b934ca495991b7852b855"
    },
    "papers/207-upper-neighbor-rank-dynamics/frozen_round2/author_replay/initial_01/python_version.stderr": {
      "bytes": 0,
      "sha256": "e3b0c44298fc1c149afbf4c8996fb92427ae41e4649b934ca495991b7852b855"
    },
    "papers/207-upper-neighbor-rank-dynamics/frozen_round2/author_replay/initial_01/python_version.stdout": {
      "bytes": 14,
      "sha256": "5b3e43dc38ca01e3f5a7854ba50d4330864b0c1e0f646650b2c78cf072acc366"
    },
    "papers/207-upper-neighbor-rank-dynamics/frozen_round2/author_replay/initial_01/run0.canonical.cmp.stderr": {
      "bytes": 0,
      "sha256": "e3b0c44298fc1c149afbf4c8996fb92427ae41e4649b934ca495991b7852b855"
    },
    "papers/207-upper-neighbor-rank-dynamics/frozen_round2/author_replay/initial_01/run0.canonical.cmp.stdout": {
      "bytes": 0,
      "sha256": "e3b0c44298fc1c149afbf4c8996fb92427ae41e4649b934ca495991b7852b855"
    },
    "papers/207-upper-neighbor-rank-dynamics/frozen_round2/author_replay/initial_01/run0.stderr": {
      "bytes": 0,
      "sha256": "e3b0c44298fc1c149afbf4c8996fb92427ae41e4649b934ca495991b7852b855"
    },
    "papers/207-upper-neighbor-rank-dynamics/frozen_round2/author_replay/initial_01/run0.stdout": {
      "bytes": 288808,
      "sha256": "306d4e7dea07ad10234f06c69912561425792ed61fadeff3b165b09d1a106992"
    },
    "papers/207-upper-neighbor-rank-dynamics/frozen_round2/author_replay/initial_01/source_inputs/docs/papers204_208_sequence/ARTIFACT_CONTRACT.md": {
      "bytes": 4142,
      "sha256": "de1e46fe57ef42199232fa1ec1a18a25c0188fcb34aa02fb721ad2d576f52b73"
    },
    "papers/207-upper-neighbor-rank-dynamics/frozen_round2/author_replay/initial_01/source_inputs/docs/papers204_208_sequence/FINAL_THEOREM_CONTRACTS.md": {
      "bytes": 12810,
      "sha256": "6bd11325d89e5055166a9aa059143dd3204d629892d050e40833bc82c47ff0ce"
    },
    "papers/207-upper-neighbor-rank-dynamics/frozen_round2/author_replay/initial_01/source_inputs/docs/papers204_208_sequence/scouting/word_local/LNR_INVERSE_WORK/CANONICAL.json": {
      "bytes": 31904,
      "sha256": "3299035544028faccc6ad082bcffe2df1aaa8b4f9ff19671639236806e7b21da"
    },
    "papers/207-upper-neighbor-rank-dynamics/frozen_round2/author_replay/initial_01/source_inputs/docs/papers204_208_sequence/scouting/word_local/LNR_INVERSE_WORK/MANIFEST.sha256": {
      "bytes": 1680,
      "sha256": "d42c1c7bb790cbf2c9211c76663bf8f96e70ff7c938d79df9445874afea8db4a"
    },
    "papers/207-upper-neighbor-rank-dynamics/frozen_round2/author_replay/initial_01/source_inputs/docs/papers204_208_sequence/scouting/word_local/LNR_INVERSE_WORK/PROOF_PACKAGE.md": {
      "bytes": 15175,
      "sha256": "52067ae33f9564dff9daf9f763a442c39ab5911a9de8902c567eff3e13e6dc36"
    },
    "papers/207-upper-neighbor-rank-dynamics/frozen_round2/author_replay/initial_01/source_inputs/docs/papers204_208_sequence/scouting/word_local/LNR_INVERSE_WORK/SOURCE_BOUNDARY.md": {
      "bytes": 9651,
      "sha256": "cd61962db785d3515c0f3acb666f9a3217245809451a30697a74eb9f9a7692ff"
    },
    "papers/207-upper-neighbor-rank-dynamics/frozen_round2/author_replay/initial_01/source_inputs/docs/papers204_208_sequence/scouting/word_local/LNR_INVERSE_WORK/verify_inverse.py": {
      "bytes": 10989,
      "sha256": "fdf51545aad549c3c0c59816da2a573e92384143698060e047ae8295923c271c"
    },
    "papers/207-upper-neighbor-rank-dynamics/frozen_round2/author_replay/initial_01/source_inputs/docs/papers204_208_sequence/scouting/word_local/UGR_GATE/CANDIDATE_GATE.md": {
      "bytes": 10681,
      "sha256": "5fb6c549b7bc332c95157d15de4675ae3fa8a3d00f6dd881c0162511e2e93185"
    },
    "papers/207-upper-neighbor-rank-dynamics/frozen_round2/author_replay/initial_01/source_inputs/docs/papers204_208_sequence/scouting/word_local/UGR_GATE/INPUT_PINS.sha256": {
      "bytes": 2801,
      "sha256": "196cce555e05ee380be9f1cc12b818a1c2bb98809249f503eb065fca65488d92"
    },
    "papers/207-upper-neighbor-rank-dynamics/frozen_round2/author_replay/initial_01/source_inputs/docs/papers204_208_sequence/scouting/word_local/UGR_GATE/MANIFEST.sha256": {
      "bytes": 4267,
      "sha256": "28d325cbb074f10f92a43ae409b5d4ac6e605ab85859fdfca103a3f835bfc276"
    },
    "papers/207-upper-neighbor-rank-dynamics/frozen_round2/author_replay/initial_01/source_inputs/docs/papers204_208_sequence/scouting/word_local/UGR_GATE/SOURCE_AUDIT.md": {
      "bytes": 11116,
      "sha256": "3a71f3ce641573c94c1b9638d1253bafd9575863a03e4a3d63b0ef902307b511"
    },
    "papers/207-upper-neighbor-rank-dynamics/frozen_round2/author_replay/initial_01/source_inputs/docs/papers204_208_sequence/scouting/word_local/UGR_PROOF_WORK/CANONICAL.json": {
      "bytes": 224755,
      "sha256": "0d0944d63f300b79877b816b1c289ae91984b92f2b3082aa115d62d085baa9d9"
    },
    "papers/207-upper-neighbor-rank-dynamics/frozen_round2/author_replay/initial_01/source_inputs/docs/papers204_208_sequence/scouting/word_local/UGR_PROOF_WORK/MANIFEST.sha256": {
      "bytes": 2290,
      "sha256": "1ccad5d919b32e78671fabe4c137237ebc6b5d0e4df7a57e16d25f7964fc6b31"
    },
    "papers/207-upper-neighbor-rank-dynamics/frozen_round2/author_replay/initial_01/source_inputs/docs/papers204_208_sequence/scouting/word_local/UGR_PROOF_WORK/PROOF_PACKAGE.md": {
      "bytes": 19376,
      "sha256": "9f18a822cf8345b82650bcf3d8480e811053cb7621cb95d71da7205e186bc3ad"
    },
    "papers/207-upper-neighbor-rank-dynamics/frozen_round2/author_replay/initial_01/source_inputs/docs/papers204_208_sequence/scouting/word_local/UGR_PROOF_WORK/verify_ugr.py": {
      "bytes": 12415,
      "sha256": "ca6bc9d408d09fbb1e3700432077c3843b68811c8c6dbf60de69d679f81a062a"
    },
    "papers/207-upper-neighbor-rank-dynamics/frozen_round2/author_replay/initial_01/source_inputs/papers/207-upper-neighbor-rank-dynamics/record_author.py": {
      "bytes": 11210,
      "sha256": "6f84d70eebb562d63678623c362ea16b9ce7a284ddc04d2953252ad044e2c1e7"
    },
    "papers/207-upper-neighbor-rank-dynamics/frozen_round2/author_replay/initial_01/source_inputs/papers/207-upper-neighbor-rank-dynamics/verify.py": {
      "bytes": 31813,
      "sha256": "5018b0fe6d6a032e0eadeb7cd53a6de47c789193580fa1707312b592cd4a3c93"
    },
    "papers/207-upper-neighbor-rank-dynamics/frozen_round2/author_replay/initial_01/verify.py": {
      "bytes": 31813,
      "sha256": "5018b0fe6d6a032e0eadeb7cd53a6de47c789193580fa1707312b592cd4a3c93"
    },
    "papers/207-upper-neighbor-rank-dynamics/frozen_round2/author_replay/pair_01/CANONICAL.input.json": {
      "bytes": 288808,
      "sha256": "306d4e7dea07ad10234f06c69912561425792ed61fadeff3b165b09d1a106992"
    },
    "papers/207-upper-neighbor-rank-dynamics/frozen_round2/author_replay/pair_01/INPUT_PINS.after.sha256": {
      "bytes": 2353,
      "sha256": "4ae723ec96a7bd8a16bcbd8de44b0795a7e77496f36610c605208d7bb2ca0548"
    },
    "papers/207-upper-neighbor-rank-dynamics/frozen_round2/author_replay/pair_01/INPUT_PINS.before.sha256": {
      "bytes": 2353,
      "sha256": "4ae723ec96a7bd8a16bcbd8de44b0795a7e77496f36610c605208d7bb2ca0548"
    },
    "papers/207-upper-neighbor-rank-dynamics/frozen_round2/author_replay/pair_01/MANIFEST.sha256": {
      "bytes": 4218,
      "sha256": "aee7e94cd823161fe98daf0559fc5983e49f5cc691dde79e48b206985a5beeb1"
    },
    "papers/207-upper-neighbor-rank-dynamics/frozen_round2/author_replay/pair_01/RECEIPT.json": {
      "bytes": 8000,
      "sha256": "350eaf8a2bdeef983e9e7e346397edff6e6506f42fa54f25f4204d8f8b5b8db4"
    },
    "papers/207-upper-neighbor-rank-dynamics/frozen_round2/author_replay/pair_01/canonical_live.cmp.stderr": {
      "bytes": 0,
      "sha256": "e3b0c44298fc1c149afbf4c8996fb92427ae41e4649b934ca495991b7852b855"
    },
    "papers/207-upper-neighbor-rank-dynamics/frozen_round2/author_replay/pair_01/canonical_live.cmp.stdout": {
      "bytes": 0,
      "sha256": "e3b0c44298fc1c149afbf4c8996fb92427ae41e4649b934ca495991b7852b855"
    },
    "papers/207-upper-neighbor-rank-dynamics/frozen_round2/author_replay/pair_01/pair.cmp.stderr": {
      "bytes": 0,
      "sha256": "e3b0c44298fc1c149afbf4c8996fb92427ae41e4649b934ca495991b7852b855"
    },
    "papers/207-upper-neighbor-rank-dynamics/frozen_round2/author_replay/pair_01/pair.cmp.stdout": {
      "bytes": 0,
      "sha256": "e3b0c44298fc1c149afbf4c8996fb92427ae41e4649b934ca495991b7852b855"
    },
    "papers/207-upper-neighbor-rank-dynamics/frozen_round2/author_replay/pair_01/python_version.stderr": {
      "bytes": 0,
      "sha256": "e3b0c44298fc1c149afbf4c8996fb92427ae41e4649b934ca495991b7852b855"
    },
    "papers/207-upper-neighbor-rank-dynamics/frozen_round2/author_replay/pair_01/python_version.stdout": {
      "bytes": 14,
      "sha256": "5b3e43dc38ca01e3f5a7854ba50d4330864b0c1e0f646650b2c78cf072acc366"
    },
    "papers/207-upper-neighbor-rank-dynamics/frozen_round2/author_replay/pair_01/run1.canonical.cmp.stderr": {
      "bytes": 0,
      "sha256": "e3b0c44298fc1c149afbf4c8996fb92427ae41e4649b934ca495991b7852b855"
    },
    "papers/207-upper-neighbor-rank-dynamics/frozen_round2/author_replay/pair_01/run1.canonical.cmp.stdout": {
      "bytes": 0,
      "sha256": "e3b0c44298fc1c149afbf4c8996fb92427ae41e4649b934ca495991b7852b855"
    },
    "papers/207-upper-neighbor-rank-dynamics/frozen_round2/author_replay/pair_01/run1.stderr": {
      "bytes": 0,
      "sha256": "e3b0c44298fc1c149afbf4c8996fb92427ae41e4649b934ca495991b7852b855"
    },
    "papers/207-upper-neighbor-rank-dynamics/frozen_round2/author_replay/pair_01/run1.stdout": {
      "bytes": 288808,
      "sha256": "306d4e7dea07ad10234f06c69912561425792ed61fadeff3b165b09d1a106992"
    },
    "papers/207-upper-neighbor-rank-dynamics/frozen_round2/author_replay/pair_01/run2.canonical.cmp.stderr": {
      "bytes": 0,
      "sha256": "e3b0c44298fc1c149afbf4c8996fb92427ae41e4649b934ca495991b7852b855"
    },
    "papers/207-upper-neighbor-rank-dynamics/frozen_round2/author_replay/pair_01/run2.canonical.cmp.stdout": {
      "bytes": 0,
      "sha256": "e3b0c44298fc1c149afbf4c8996fb92427ae41e4649b934ca495991b7852b855"
    },
    "papers/207-upper-neighbor-rank-dynamics/frozen_round2/author_replay/pair_01/run2.stderr": {
      "bytes": 0,
      "sha256": "e3b0c44298fc1c149afbf4c8996fb92427ae41e4649b934ca495991b7852b855"
    },
    "papers/207-upper-neighbor-rank-dynamics/frozen_round2/author_replay/pair_01/run2.stdout": {
      "bytes": 288808,
      "sha256": "306d4e7dea07ad10234f06c69912561425792ed61fadeff3b165b09d1a106992"
    },
    "papers/207-upper-neighbor-rank-dynamics/frozen_round2/author_replay/pair_01/source_inputs/docs/papers204_208_sequence/ARTIFACT_CONTRACT.md": {
      "bytes": 4142,
      "sha256": "de1e46fe57ef42199232fa1ec1a18a25c0188fcb34aa02fb721ad2d576f52b73"
    },
    "papers/207-upper-neighbor-rank-dynamics/frozen_round2/author_replay/pair_01/source_inputs/docs/papers204_208_sequence/FINAL_THEOREM_CONTRACTS.md": {
      "bytes": 12810,
      "sha256": "6bd11325d89e5055166a9aa059143dd3204d629892d050e40833bc82c47ff0ce"
    },
    "papers/207-upper-neighbor-rank-dynamics/frozen_round2/author_replay/pair_01/source_inputs/docs/papers204_208_sequence/scouting/word_local/LNR_INVERSE_WORK/CANONICAL.json": {
      "bytes": 31904,
      "sha256": "3299035544028faccc6ad082bcffe2df1aaa8b4f9ff19671639236806e7b21da"
    },
    "papers/207-upper-neighbor-rank-dynamics/frozen_round2/author_replay/pair_01/source_inputs/docs/papers204_208_sequence/scouting/word_local/LNR_INVERSE_WORK/MANIFEST.sha256": {
      "bytes": 1680,
      "sha256": "d42c1c7bb790cbf2c9211c76663bf8f96e70ff7c938d79df9445874afea8db4a"
    },
    "papers/207-upper-neighbor-rank-dynamics/frozen_round2/author_replay/pair_01/source_inputs/docs/papers204_208_sequence/scouting/word_local/LNR_INVERSE_WORK/PROOF_PACKAGE.md": {
      "bytes": 15175,
      "sha256": "52067ae33f9564dff9daf9f763a442c39ab5911a9de8902c567eff3e13e6dc36"
    },
    "papers/207-upper-neighbor-rank-dynamics/frozen_round2/author_replay/pair_01/source_inputs/docs/papers204_208_sequence/scouting/word_local/LNR_INVERSE_WORK/SOURCE_BOUNDARY.md": {
      "bytes": 9651,
      "sha256": "cd61962db785d3515c0f3acb666f9a3217245809451a30697a74eb9f9a7692ff"
    },
    "papers/207-upper-neighbor-rank-dynamics/frozen_round2/author_replay/pair_01/source_inputs/docs/papers204_208_sequence/scouting/word_local/LNR_INVERSE_WORK/verify_inverse.py": {
      "bytes": 10989,
      "sha256": "fdf51545aad549c3c0c59816da2a573e92384143698060e047ae8295923c271c"
    },
    "papers/207-upper-neighbor-rank-dynamics/frozen_round2/author_replay/pair_01/source_inputs/docs/papers204_208_sequence/scouting/word_local/UGR_GATE/CANDIDATE_GATE.md": {
      "bytes": 10681,
      "sha256": "5fb6c549b7bc332c95157d15de4675ae3fa8a3d00f6dd881c0162511e2e93185"
    },
    "papers/207-upper-neighbor-rank-dynamics/frozen_round2/author_replay/pair_01/source_inputs/docs/papers204_208_sequence/scouting/word_local/UGR_GATE/INPUT_PINS.sha256": {
      "bytes": 2801,
      "sha256": "196cce555e05ee380be9f1cc12b818a1c2bb98809249f503eb065fca65488d92"
    },
    "papers/207-upper-neighbor-rank-dynamics/frozen_round2/author_replay/pair_01/source_inputs/docs/papers204_208_sequence/scouting/word_local/UGR_GATE/MANIFEST.sha256": {
      "bytes": 4267,
      "sha256": "28d325cbb074f10f92a43ae409b5d4ac6e605ab85859fdfca103a3f835bfc276"
    },
    "papers/207-upper-neighbor-rank-dynamics/frozen_round2/author_replay/pair_01/source_inputs/docs/papers204_208_sequence/scouting/word_local/UGR_GATE/SOURCE_AUDIT.md": {
      "bytes": 11116,
      "sha256": "3a71f3ce641573c94c1b9638d1253bafd9575863a03e4a3d63b0ef902307b511"
    },
    "papers/207-upper-neighbor-rank-dynamics/frozen_round2/author_replay/pair_01/source_inputs/docs/papers204_208_sequence/scouting/word_local/UGR_PROOF_WORK/CANONICAL.json": {
      "bytes": 224755,
      "sha256": "0d0944d63f300b79877b816b1c289ae91984b92f2b3082aa115d62d085baa9d9"
    },
    "papers/207-upper-neighbor-rank-dynamics/frozen_round2/author_replay/pair_01/source_inputs/docs/papers204_208_sequence/scouting/word_local/UGR_PROOF_WORK/MANIFEST.sha256": {
      "bytes": 2290,
      "sha256": "1ccad5d919b32e78671fabe4c137237ebc6b5d0e4df7a57e16d25f7964fc6b31"
    },
    "papers/207-upper-neighbor-rank-dynamics/frozen_round2/author_replay/pair_01/source_inputs/docs/papers204_208_sequence/scouting/word_local/UGR_PROOF_WORK/PROOF_PACKAGE.md": {
      "bytes": 19376,
      "sha256": "9f18a822cf8345b82650bcf3d8480e811053cb7621cb95d71da7205e186bc3ad"
    },
    "papers/207-upper-neighbor-rank-dynamics/frozen_round2/author_replay/pair_01/source_inputs/docs/papers204_208_sequence/scouting/word_local/UGR_PROOF_WORK/verify_ugr.py": {
      "bytes": 12415,
      "sha256": "ca6bc9d408d09fbb1e3700432077c3843b68811c8c6dbf60de69d679f81a062a"
    },
    "papers/207-upper-neighbor-rank-dynamics/frozen_round2/author_replay/pair_01/source_inputs/papers/207-upper-neighbor-rank-dynamics/record_author.py": {
      "bytes": 11210,
      "sha256": "6f84d70eebb562d63678623c362ea16b9ce7a284ddc04d2953252ad044e2c1e7"
    },
    "papers/207-upper-neighbor-rank-dynamics/frozen_round2/author_replay/pair_01/source_inputs/papers/207-upper-neighbor-rank-dynamics/verify.py": {
      "bytes": 31813,
      "sha256": "5018b0fe6d6a032e0eadeb7cd53a6de47c789193580fa1707312b592cd4a3c93"
    },
    "papers/207-upper-neighbor-rank-dynamics/frozen_round2/author_replay/pair_01/verify.py": {
      "bytes": 31813,
      "sha256": "5018b0fe6d6a032e0eadeb7cd53a6de47c789193580fa1707312b592cd4a3c93"
    },
    "papers/207-upper-neighbor-rank-dynamics/frozen_round2/author_replay/run1.stdout": {
      "bytes": 288808,
      "sha256": "306d4e7dea07ad10234f06c69912561425792ed61fadeff3b165b09d1a106992"
    },
    "papers/207-upper-neighbor-rank-dynamics/frozen_round2/author_replay/run2.stdout": {
      "bytes": 288808,
      "sha256": "306d4e7dea07ad10234f06c69912561425792ed61fadeff3b165b09d1a106992"
    },
    "papers/207-upper-neighbor-rank-dynamics/frozen_round2/main.pdf": {
      "bytes": 407557,
      "sha256": "5e74fa6a334f1cbc23837632b364729d97111b231e1ef8c3fd6a40a8dbc78759"
    },
    "papers/207-upper-neighbor-rank-dynamics/frozen_round2/main.tex": {
      "bytes": 1118,
      "sha256": "60f96c5fc8834582e4cafb37c2d7b20860dc8689f212024b054a3d92c1076a5b"
    },
    "papers/207-upper-neighbor-rank-dynamics/frozen_round2/math_commands.tex": {
      "bytes": 358,
      "sha256": "4a546018d25d8ada1bd789d16832812990d9050d4d361b69e22694e66a3e989e"
    },
    "papers/207-upper-neighbor-rank-dynamics/frozen_round2/record_author.py": {
      "bytes": 11210,
      "sha256": "6f84d70eebb562d63678623c362ea16b9ce7a284ddc04d2953252ad044e2c1e7"
    },
    "papers/207-upper-neighbor-rank-dynamics/frozen_round2/references.bib": {
      "bytes": 1113,
      "sha256": "7904fcbb5fca3ad1851188ab896f3834d6787634960314e81e6ba7fda1195c85"
    },
    "papers/207-upper-neighbor-rank-dynamics/frozen_round2/sections/00_abstract.tex": {
      "bytes": 1167,
      "sha256": "d2f62c638b133b0e5997ada83f2aaf03c20bd028d459dc511ee671dca6adacae"
    },
    "papers/207-upper-neighbor-rank-dynamics/frozen_round2/sections/01_setup.tex": {
      "bytes": 2347,
      "sha256": "5845491bf1257d69a528199f3d74d3dd4a2b7e91cd040badd9901be5facba837"
    },
    "papers/207-upper-neighbor-rank-dynamics/frozen_round2/sections/02_temporal.tex": {
      "bytes": 6507,
      "sha256": "bd079f1d6d73f57f5f9fc633ecc06f0e0db55200314fd39fcae5efddef277a11"
    },
    "papers/207-upper-neighbor-rank-dynamics/frozen_round2/sections/03_core_seed.tex": {
      "bytes": 4272,
      "sha256": "78b58fb448f068041bbc35256581858dc2bde0570d09f479495d6706e125d160"
    },
    "papers/207-upper-neighbor-rank-dynamics/frozen_round2/sections/04_fibres.tex": {
      "bytes": 10829,
      "sha256": "7e40bd08ddc20634ed092ba7b9975ebfff6ec8809d3f76f2b291971c562b95c5"
    },
    "papers/207-upper-neighbor-rank-dynamics/frozen_round2/sections/05_scope.tex": {
      "bytes": 1725,
      "sha256": "9a094dcd1759a631657fdf6c076241b98bd1175e5ec82fcf4664517d79f3ede3"
    },
    "papers/207-upper-neighbor-rank-dynamics/frozen_round2/verify.py": {
      "bytes": 31813,
      "sha256": "5018b0fe6d6a032e0eadeb7cd53a6de47c789193580fa1707312b592cd4a3c93"
    },
    "papers/207-upper-neighbor-rank-dynamics/main.pdf": {
      "bytes": 407557,
      "sha256": "5e74fa6a334f1cbc23837632b364729d97111b231e1ef8c3fd6a40a8dbc78759"
    },
    "papers/207-upper-neighbor-rank-dynamics/main.tex": {
      "bytes": 1118,
      "sha256": "60f96c5fc8834582e4cafb37c2d7b20860dc8689f212024b054a3d92c1076a5b"
    },
    "papers/207-upper-neighbor-rank-dynamics/math_commands.tex": {
      "bytes": 358,
      "sha256": "4a546018d25d8ada1bd789d16832812990d9050d4d361b69e22694e66a3e989e"
    },
    "papers/207-upper-neighbor-rank-dynamics/qa_final/BUILD_EXECUTION.json": {
      "bytes": 119062,
      "sha256": "4e043f58045c38649b97b9948627e6e9ed669da2d4d5808e20dabcd43d09fe2d"
    },
    "papers/207-upper-neighbor-rank-dynamics/qa_final/PAGE_VIEWS.json": {
      "bytes": 3656,
      "sha256": "e3e209eb58bbfcfa4679f140690effadd627a3cbd1e5b45e1a94a13ac51589b3"
    },
    "papers/207-upper-neighbor-rank-dynamics/qa_final/POSTBUILD_RUNTIME_STYLE.json": {
      "bytes": 2732,
      "sha256": "3235a027df2749ea11be8da6fafb7e7f6583821721058927d5fe0487a182a813"
    },
    "papers/207-upper-neighbor-rank-dynamics/qa_final/SHA256SUMS": {
      "bytes": 7297,
      "sha256": "9b0d44f66efa929bac31bd54fef562d856646fa605fea4d8e72f9d119c99c09e"
    },
    "papers/207-upper-neighbor-rank-dynamics/qa_final/TERMINAL_BUILD_REPORT.md": {
      "bytes": 4364,
      "sha256": "21cf71cdfb1ff6f8779b1a6abee0cea510f12b8a24f33759d039201235da256a"
    },
    "papers/207-upper-neighbor-rank-dynamics/qa_final/cold_build_1.stderr": {
      "bytes": 0,
      "sha256": "e3b0c44298fc1c149afbf4c8996fb92427ae41e4649b934ca495991b7852b855"
    },
    "papers/207-upper-neighbor-rank-dynamics/qa_final/cold_build_1.stdout": {
      "bytes": 296,
      "sha256": "aa95dc1c35fd215ef18a589d61551c9c50fb407795a772a13429fa344a06679d"
    },
    "papers/207-upper-neighbor-rank-dynamics/qa_final/cold_build_1/BIBTEX_ENGINE.txt": {
      "bytes": 383,
      "sha256": "622b6e09c4ef724829b6a0fda40776b10aa28deea4be1a788aa92ea1b3d27d90"
    },
    "papers/207-upper-neighbor-rank-dynamics/qa_final/cold_build_1/BUILD_ENVIRONMENT.txt": {
      "bytes": 65,
      "sha256": "bf74ae54b000a9ec1d584e987362d640f59f27a5f5f09bc46eb6f82cef7e17af"
    },
    "papers/207-upper-neighbor-rank-dynamics/qa_final/cold_build_1/DIAGNOSTICS.txt": {
      "bytes": 0,
      "sha256": "e3b0c44298fc1c149afbf4c8996fb92427ae41e4649b934ca495991b7852b855"
    },
    "papers/207-upper-neighbor-rank-dynamics/qa_final/cold_build_1/ENGINE.txt": {
      "bytes": 555,
      "sha256": "5ed4d12bfc8b37387ea53ec9537396e987ec3dd557bcc1a766c2e515bd6b15b0"
    },
    "papers/207-upper-neighbor-rank-dynamics/qa_final/cold_build_1/FONTS.txt": {
      "bytes": 3102,
      "sha256": "0ed6c4a6c5bef30c618886e3e29ee3f78e41259ec468d109c9e30488b2d89c83"
    },
    "papers/207-upper-neighbor-rank-dynamics/qa_final/cold_build_1/PDF.sha256": {
      "bytes": 75,
      "sha256": "9411b3191ada2f7c7f66b41a575c3ba624d6c644299247d048b91f8389241e9e"
    },
    "papers/207-upper-neighbor-rank-dynamics/qa_final/cold_build_1/PDFINFO.txt": {
      "bytes": 422,
      "sha256": "e751c246e4567ea1ca2b548bf1190048c3b043d3f93a1162879c36c6d08eb2ff"
    },
    "papers/207-upper-neighbor-rank-dynamics/qa_final/cold_build_1/SOURCE_INPUTS.sha256": {
      "bytes": 779,
      "sha256": "5ca3a7a1067a924224854bc27ea99b3c2029f465181613e3c76bd00eaba8b2a2"
    },
    "papers/207-upper-neighbor-rank-dynamics/qa_final/cold_build_1/bibtex.stdout": {
      "bytes": 158,
      "sha256": "7b0a0a8d2f1749b44546479273ee9d474d9656cc2a276630ff83cc8a72044dc9"
    },
    "papers/207-upper-neighbor-rank-dynamics/qa_final/cold_build_1/main.aux": {
      "bytes": 3719,
      "sha256": "d9b843c15658f80a2f86fa3e20328bd6f07498cb6972194b093de82e408f199a"
    },
    "papers/207-upper-neighbor-rank-dynamics/qa_final/cold_build_1/main.bbl": {
      "bytes": 1363,
      "sha256": "553c03c15c5b6f1cf89bd04e578749676640d9d65ce4057b9df7326ad9160faf"
    },
    "papers/207-upper-neighbor-rank-dynamics/qa_final/cold_build_1/main.blg": {
      "bytes": 895,
      "sha256": "356f7900108865c62f26cc00e79abf60251eecd80f8d5e7a77b72da3e8cf494f"
    },
    "papers/207-upper-neighbor-rank-dynamics/qa_final/cold_build_1/main.fls": {
      "bytes": 54353,
      "sha256": "8116c4e569869746b1243e33ec38ab8523f2dad60f88bfe1eee9f7c2b41c0035"
    },
    "papers/207-upper-neighbor-rank-dynamics/qa_final/cold_build_1/main.log": {
      "bytes": 27674,
      "sha256": "3c5692b859e83f0c4ec1c9e95ff9fe5612b7b918796e2a7e043a9a8f645c8b6a"
    },
    "papers/207-upper-neighbor-rank-dynamics/qa_final/cold_build_1/main.out": {
      "bytes": 2174,
      "sha256": "073e7b0e6acd0b11618a58b5e928e31f4c2b0152b1517ede86e7a52ec693b283"
    },
    "papers/207-upper-neighbor-rank-dynamics/qa_final/cold_build_1/main.pdf": {
      "bytes": 407557,
      "sha256": "5e74fa6a334f1cbc23837632b364729d97111b231e1ef8c3fd6a40a8dbc78759"
    },
    "papers/207-upper-neighbor-rank-dynamics/qa_final/cold_build_1/main.tex": {
      "bytes": 1118,
      "sha256": "60f96c5fc8834582e4cafb37c2d7b20860dc8689f212024b054a3d92c1076a5b"
    },
    "papers/207-upper-neighbor-rank-dynamics/qa_final/cold_build_1/main.txt": {
      "bytes": 25207,
      "sha256": "c94476159f74f5078aecdfd11be7db9ace9b420cff4e44686cc091058729b8c4"
    },
    "papers/207-upper-neighbor-rank-dynamics/qa_final/cold_build_1/math_commands.tex": {
      "bytes": 358,
      "sha256": "4a546018d25d8ada1bd789d16832812990d9050d4d361b69e22694e66a3e989e"
    },
    "papers/207-upper-neighbor-rank-dynamics/qa_final/cold_build_1/pass1.stdout": {
      "bytes": 9356,
      "sha256": "0f34577aa37278fbc269c2348ef23afa822f3901e64fbd2957401c45db9f99ed"
    },
    "papers/207-upper-neighbor-rank-dynamics/qa_final/cold_build_1/pass2.stdout": {
      "bytes": 8034,
      "sha256": "7702b776231c160690a810cd9a994f77f19fe171b0c728fccdc250e3869b21df"
    },
    "papers/207-upper-neighbor-rank-dynamics/qa_final/cold_build_1/pass3.stdout": {
      "bytes": 7218,
      "sha256": "cf24f072824a6943f6f1028c8a2aed1f10c49a37ba09fe88b41f6f2239fe793e"
    },
    "papers/207-upper-neighbor-rank-dynamics/qa_final/cold_build_1/references.bib": {
      "bytes": 1113,
      "sha256": "7904fcbb5fca3ad1851188ab896f3834d6787634960314e81e6ba7fda1195c85"
    },
    "papers/207-upper-neighbor-rank-dynamics/qa_final/cold_build_1/sections/00_abstract.tex": {
      "bytes": 1167,
      "sha256": "d2f62c638b133b0e5997ada83f2aaf03c20bd028d459dc511ee671dca6adacae"
    },
    "papers/207-upper-neighbor-rank-dynamics/qa_final/cold_build_1/sections/01_setup.tex": {
      "bytes": 2347,
      "sha256": "5845491bf1257d69a528199f3d74d3dd4a2b7e91cd040badd9901be5facba837"
    },
    "papers/207-upper-neighbor-rank-dynamics/qa_final/cold_build_1/sections/02_temporal.tex": {
      "bytes": 6507,
      "sha256": "bd079f1d6d73f57f5f9fc633ecc06f0e0db55200314fd39fcae5efddef277a11"
    },
    "papers/207-upper-neighbor-rank-dynamics/qa_final/cold_build_1/sections/03_core_seed.tex": {
      "bytes": 4272,
      "sha256": "78b58fb448f068041bbc35256581858dc2bde0570d09f479495d6706e125d160"
    },
    "papers/207-upper-neighbor-rank-dynamics/qa_final/cold_build_1/sections/04_fibres.tex": {
      "bytes": 10829,
      "sha256": "7e40bd08ddc20634ed092ba7b9975ebfff6ec8809d3f76f2b291971c562b95c5"
    },
    "papers/207-upper-neighbor-rank-dynamics/qa_final/cold_build_1/sections/05_scope.tex": {
      "bytes": 1725,
      "sha256": "9a094dcd1759a631657fdf6c076241b98bd1175e5ec82fcf4664517d79f3ede3"
    },
    "papers/207-upper-neighbor-rank-dynamics/qa_final/cold_build_2.stderr": {
      "bytes": 0,
      "sha256": "e3b0c44298fc1c149afbf4c8996fb92427ae41e4649b934ca495991b7852b855"
    },
    "papers/207-upper-neighbor-rank-dynamics/qa_final/cold_build_2.stdout": {
      "bytes": 296,
      "sha256": "8195e132b6ee574d029072d294da0208dacb5a2e46e2ff3569e08c84efa14ed2"
    },
    "papers/207-upper-neighbor-rank-dynamics/qa_final/cold_build_2/BIBTEX_ENGINE.txt": {
      "bytes": 383,
      "sha256": "622b6e09c4ef724829b6a0fda40776b10aa28deea4be1a788aa92ea1b3d27d90"
    },
    "papers/207-upper-neighbor-rank-dynamics/qa_final/cold_build_2/BUILD_ENVIRONMENT.txt": {
      "bytes": 65,
      "sha256": "bf74ae54b000a9ec1d584e987362d640f59f27a5f5f09bc46eb6f82cef7e17af"
    },
    "papers/207-upper-neighbor-rank-dynamics/qa_final/cold_build_2/DIAGNOSTICS.txt": {
      "bytes": 0,
      "sha256": "e3b0c44298fc1c149afbf4c8996fb92427ae41e4649b934ca495991b7852b855"
    },
    "papers/207-upper-neighbor-rank-dynamics/qa_final/cold_build_2/ENGINE.txt": {
      "bytes": 555,
      "sha256": "5ed4d12bfc8b37387ea53ec9537396e987ec3dd557bcc1a766c2e515bd6b15b0"
    },
    "papers/207-upper-neighbor-rank-dynamics/qa_final/cold_build_2/FONTS.txt": {
      "bytes": 3102,
      "sha256": "0ed6c4a6c5bef30c618886e3e29ee3f78e41259ec468d109c9e30488b2d89c83"
    },
    "papers/207-upper-neighbor-rank-dynamics/qa_final/cold_build_2/PDF.sha256": {
      "bytes": 75,
      "sha256": "9411b3191ada2f7c7f66b41a575c3ba624d6c644299247d048b91f8389241e9e"
    },
    "papers/207-upper-neighbor-rank-dynamics/qa_final/cold_build_2/PDFINFO.txt": {
      "bytes": 422,
      "sha256": "e751c246e4567ea1ca2b548bf1190048c3b043d3f93a1162879c36c6d08eb2ff"
    },
    "papers/207-upper-neighbor-rank-dynamics/qa_final/cold_build_2/SOURCE_INPUTS.sha256": {
      "bytes": 779,
      "sha256": "5ca3a7a1067a924224854bc27ea99b3c2029f465181613e3c76bd00eaba8b2a2"
    },
    "papers/207-upper-neighbor-rank-dynamics/qa_final/cold_build_2/bibtex.stdout": {
      "bytes": 158,
      "sha256": "7b0a0a8d2f1749b44546479273ee9d474d9656cc2a276630ff83cc8a72044dc9"
    },
    "papers/207-upper-neighbor-rank-dynamics/qa_final/cold_build_2/main.aux": {
      "bytes": 3719,
      "sha256": "d9b843c15658f80a2f86fa3e20328bd6f07498cb6972194b093de82e408f199a"
    },
    "papers/207-upper-neighbor-rank-dynamics/qa_final/cold_build_2/main.bbl": {
      "bytes": 1363,
      "sha256": "553c03c15c5b6f1cf89bd04e578749676640d9d65ce4057b9df7326ad9160faf"
    },
    "papers/207-upper-neighbor-rank-dynamics/qa_final/cold_build_2/main.blg": {
      "bytes": 895,
      "sha256": "356f7900108865c62f26cc00e79abf60251eecd80f8d5e7a77b72da3e8cf494f"
    },
    "papers/207-upper-neighbor-rank-dynamics/qa_final/cold_build_2/main.fls": {
      "bytes": 54353,
      "sha256": "a243b818288127d4ca04484123883a3f6a6f08a6faa16c7fb110c045f561bb56"
    },
    "papers/207-upper-neighbor-rank-dynamics/qa_final/cold_build_2/main.log": {
      "bytes": 27674,
      "sha256": "3c5692b859e83f0c4ec1c9e95ff9fe5612b7b918796e2a7e043a9a8f645c8b6a"
    },
    "papers/207-upper-neighbor-rank-dynamics/qa_final/cold_build_2/main.out": {
      "bytes": 2174,
      "sha256": "073e7b0e6acd0b11618a58b5e928e31f4c2b0152b1517ede86e7a52ec693b283"
    },
    "papers/207-upper-neighbor-rank-dynamics/qa_final/cold_build_2/main.pdf": {
      "bytes": 407557,
      "sha256": "5e74fa6a334f1cbc23837632b364729d97111b231e1ef8c3fd6a40a8dbc78759"
    },
    "papers/207-upper-neighbor-rank-dynamics/qa_final/cold_build_2/main.tex": {
      "bytes": 1118,
      "sha256": "60f96c5fc8834582e4cafb37c2d7b20860dc8689f212024b054a3d92c1076a5b"
    },
    "papers/207-upper-neighbor-rank-dynamics/qa_final/cold_build_2/main.txt": {
      "bytes": 25207,
      "sha256": "c94476159f74f5078aecdfd11be7db9ace9b420cff4e44686cc091058729b8c4"
    },
    "papers/207-upper-neighbor-rank-dynamics/qa_final/cold_build_2/math_commands.tex": {
      "bytes": 358,
      "sha256": "4a546018d25d8ada1bd789d16832812990d9050d4d361b69e22694e66a3e989e"
    },
    "papers/207-upper-neighbor-rank-dynamics/qa_final/cold_build_2/pass1.stdout": {
      "bytes": 9356,
      "sha256": "0f34577aa37278fbc269c2348ef23afa822f3901e64fbd2957401c45db9f99ed"
    },
    "papers/207-upper-neighbor-rank-dynamics/qa_final/cold_build_2/pass2.stdout": {
      "bytes": 8034,
      "sha256": "7702b776231c160690a810cd9a994f77f19fe171b0c728fccdc250e3869b21df"
    },
    "papers/207-upper-neighbor-rank-dynamics/qa_final/cold_build_2/pass3.stdout": {
      "bytes": 7218,
      "sha256": "cf24f072824a6943f6f1028c8a2aed1f10c49a37ba09fe88b41f6f2239fe793e"
    },
    "papers/207-upper-neighbor-rank-dynamics/qa_final/cold_build_2/references.bib": {
      "bytes": 1113,
      "sha256": "7904fcbb5fca3ad1851188ab896f3834d6787634960314e81e6ba7fda1195c85"
    },
    "papers/207-upper-neighbor-rank-dynamics/qa_final/cold_build_2/sections/00_abstract.tex": {
      "bytes": 1167,
      "sha256": "d2f62c638b133b0e5997ada83f2aaf03c20bd028d459dc511ee671dca6adacae"
    },
    "papers/207-upper-neighbor-rank-dynamics/qa_final/cold_build_2/sections/01_setup.tex": {
      "bytes": 2347,
      "sha256": "5845491bf1257d69a528199f3d74d3dd4a2b7e91cd040badd9901be5facba837"
    },
    "papers/207-upper-neighbor-rank-dynamics/qa_final/cold_build_2/sections/02_temporal.tex": {
      "bytes": 6507,
      "sha256": "bd079f1d6d73f57f5f9fc633ecc06f0e0db55200314fd39fcae5efddef277a11"
    },
    "papers/207-upper-neighbor-rank-dynamics/qa_final/cold_build_2/sections/03_core_seed.tex": {
      "bytes": 4272,
      "sha256": "78b58fb448f068041bbc35256581858dc2bde0570d09f479495d6706e125d160"
    },
    "papers/207-upper-neighbor-rank-dynamics/qa_final/cold_build_2/sections/04_fibres.tex": {
      "bytes": 10829,
      "sha256": "7e40bd08ddc20634ed092ba7b9975ebfff6ec8809d3f76f2b291971c562b95c5"
    },
    "papers/207-upper-neighbor-rank-dynamics/qa_final/cold_build_2/sections/05_scope.tex": {
      "bytes": 1725,
      "sha256": "9a094dcd1759a631657fdf6c076241b98bd1175e5ec82fcf4664517d79f3ede3"
    },
    "papers/207-upper-neighbor-rank-dynamics/qa_final/page_views/page-1.png": {
      "bytes": 255355,
      "sha256": "ae0bc555f8857f08f53d4246d55ca0a48da25f409159df55a5fe2ddebc028410"
    },
    "papers/207-upper-neighbor-rank-dynamics/qa_final/page_views/page-2.png": {
      "bytes": 312313,
      "sha256": "2e3869358de479de69e13f83fd7c73c6306fd4045a37f0d2c3fe4e7e431869ff"
    },
    "papers/207-upper-neighbor-rank-dynamics/qa_final/page_views/page-3.png": {
      "bytes": 238117,
      "sha256": "b998823379bbba47d70aef9da25ecb3abd8703627a692a6dda4445b22717e9e9"
    },
    "papers/207-upper-neighbor-rank-dynamics/qa_final/page_views/page-4.png": {
      "bytes": 254190,
      "sha256": "769d9d58dab1430bf8d39359285dce4416e0e0824ebee54940c135f83cf622df"
    },
    "papers/207-upper-neighbor-rank-dynamics/qa_final/page_views/page-5.png": {
      "bytes": 252243,
      "sha256": "a539f2796c5d5c5ac4072ca9fcedd7e5a2c81d400df5f2d2f9a4ae72fe628ff7"
    },
    "papers/207-upper-neighbor-rank-dynamics/qa_final/page_views/page-6.png": {
      "bytes": 343404,
      "sha256": "c383a5807d6ed22fd9fa12580cfbede229b296646ab4c5d7ea60b63bad23da4d"
    },
    "papers/207-upper-neighbor-rank-dynamics/qa_final/page_views/page-7.png": {
      "bytes": 67531,
      "sha256": "4497cef8cab1e0f2ec938cb8fb8a58a7c9d4cc187e19e7ad25b86cd372514b14"
    },
    "papers/207-upper-neighbor-rank-dynamics/qa_final/pair_pdf_cmp.stderr": {
      "bytes": 0,
      "sha256": "e3b0c44298fc1c149afbf4c8996fb92427ae41e4649b934ca495991b7852b855"
    },
    "papers/207-upper-neighbor-rank-dynamics/qa_final/pair_pdf_cmp.stdout": {
      "bytes": 0,
      "sha256": "e3b0c44298fc1c149afbf4c8996fb92427ae41e4649b934ca495991b7852b855"
    },
    "papers/207-upper-neighbor-rank-dynamics/qa_final/round2_pins_after.stderr": {
      "bytes": 0,
      "sha256": "e3b0c44298fc1c149afbf4c8996fb92427ae41e4649b934ca495991b7852b855"
    },
    "papers/207-upper-neighbor-rank-dynamics/qa_final/round2_pins_after.stdout": {
      "bytes": 6669,
      "sha256": "d8840b1bd35331b8b49d7ec83387da4744ecbe8bcb0f0cf1e167d5e8c7155812"
    },
    "papers/207-upper-neighbor-rank-dynamics/qa_final/round2_pins_before.stderr": {
      "bytes": 0,
      "sha256": "e3b0c44298fc1c149afbf4c8996fb92427ae41e4649b934ca495991b7852b855"
    },
    "papers/207-upper-neighbor-rank-dynamics/qa_final/round2_pins_before.stdout": {
      "bytes": 6669,
      "sha256": "d8840b1bd35331b8b49d7ec83387da4744ecbe8bcb0f0cf1e167d5e8c7155812"
    },
    "papers/207-upper-neighbor-rank-dynamics/record_author.py": {
      "bytes": 11210,
      "sha256": "6f84d70eebb562d63678623c362ea16b9ce7a284ddc04d2953252ad044e2c1e7"
    },
    "papers/207-upper-neighbor-rank-dynamics/references.bib": {
      "bytes": 1113,
      "sha256": "7904fcbb5fca3ad1851188ab896f3834d6787634960314e81e6ba7fda1195c85"
    },
    "papers/207-upper-neighbor-rank-dynamics/sections/00_abstract.tex": {
      "bytes": 1167,
      "sha256": "d2f62c638b133b0e5997ada83f2aaf03c20bd028d459dc511ee671dca6adacae"
    },
    "papers/207-upper-neighbor-rank-dynamics/sections/01_setup.tex": {
      "bytes": 2347,
      "sha256": "5845491bf1257d69a528199f3d74d3dd4a2b7e91cd040badd9901be5facba837"
    },
    "papers/207-upper-neighbor-rank-dynamics/sections/02_temporal.tex": {
      "bytes": 6507,
      "sha256": "bd079f1d6d73f57f5f9fc633ecc06f0e0db55200314fd39fcae5efddef277a11"
    },
    "papers/207-upper-neighbor-rank-dynamics/sections/03_core_seed.tex": {
      "bytes": 4272,
      "sha256": "78b58fb448f068041bbc35256581858dc2bde0570d09f479495d6706e125d160"
    },
    "papers/207-upper-neighbor-rank-dynamics/sections/04_fibres.tex": {
      "bytes": 10829,
      "sha256": "7e40bd08ddc20634ed092ba7b9975ebfff6ec8809d3f76f2b291971c562b95c5"
    },
    "papers/207-upper-neighbor-rank-dynamics/sections/05_scope.tex": {
      "bytes": 1725,
      "sha256": "9a094dcd1759a631657fdf6c076241b98bd1175e5ec82fcf4664517d79f3ede3"
    },
    "papers/207-upper-neighbor-rank-dynamics/verify.py": {
      "bytes": 31813,
      "sha256": "5018b0fe6d6a032e0eadeb7cd53a6de47c789193580fa1707312b592cd4a3c93"
    },
    "papers/207-upper-neighbor-rank-dynamics/views_round0/page-1.png": {
      "bytes": 255355,
      "sha256": "ae0bc555f8857f08f53d4246d55ca0a48da25f409159df55a5fe2ddebc028410"
    },
    "papers/207-upper-neighbor-rank-dynamics/views_round0/page-2.png": {
      "bytes": 312313,
      "sha256": "2e3869358de479de69e13f83fd7c73c6306fd4045a37f0d2c3fe4e7e431869ff"
    },
    "papers/207-upper-neighbor-rank-dynamics/views_round0/page-3.png": {
      "bytes": 238117,
      "sha256": "b998823379bbba47d70aef9da25ecb3abd8703627a692a6dda4445b22717e9e9"
    },
    "papers/207-upper-neighbor-rank-dynamics/views_round0/page-4.png": {
      "bytes": 254190,
      "sha256": "769d9d58dab1430bf8d39359285dce4416e0e0824ebee54940c135f83cf622df"
    },
    "papers/207-upper-neighbor-rank-dynamics/views_round0/page-5.png": {
      "bytes": 252243,
      "sha256": "a539f2796c5d5c5ac4072ca9fcedd7e5a2c81d400df5f2d2f9a4ae72fe628ff7"
    },
    "papers/207-upper-neighbor-rank-dynamics/views_round0/page-6.png": {
      "bytes": 343404,
      "sha256": "c383a5807d6ed22fd9fa12580cfbede229b296646ab4c5d7ea60b63bad23da4d"
    },
    "papers/207-upper-neighbor-rank-dynamics/views_round0/page-7.png": {
      "bytes": 67531,
      "sha256": "4497cef8cab1e0f2ec938cb8fb8a58a7c9d4cc187e19e7ad25b86cd372514b14"
    }
  },
  "checks": 19026,
  "current_inputs_rechecked_without_lifecycle_aliases": 1197,
  "ended_utc": "2026-09-06T10:03:44.962048+00:00",
  "exact_added_link": {
    "document": "papers/207-upper-neighbor-rank-dynamics/PAPER_STATUS.md",
    "semantic_origin": "papers/207-upper-neighbor-rank-dynamics/PAPER_STATUS.md",
    "target": "../../docs/papers204_208_sequence/P207_FINAL_QA.md"
  },
  "exact_changed_inputs": {
    "papers/207-upper-neighbor-rank-dynamics/PAPER_STATUS.md": {
      "after": {
        "bytes": 5939,
        "sha256": "8cfb15f5c520bfa3601b41a464dfa02bf35e17ca7e60fd437f8e1a0502b8d578"
      },
      "before": {
        "bytes": 5322,
        "sha256": "d9ecf124b5730176858619eb00a2ef711a00f5bdc9f8a2f6585d69b240bc0483"
      }
    },
    "papers/207-upper-neighbor-rank-dynamics/SHA256SUMS": {
      "after": {
        "bytes": 76344,
        "sha256": "1d52015974faf842c50e9fc0a5ca481d4973af0c26b3c19c4b540ca5c6016a95"
      },
      "before": {
        "bytes": 76344,
        "sha256": "36ca84152edb74adbf971b5bf90daa50619f7c0ac853078ba494472c3b93c807"
      }
    }
  },
  "exact_changed_manifest_payloads": {
    "PAPER_STATUS.md": {
      "after": "8cfb15f5c520bfa3601b41a464dfa02bf35e17ca7e60fd437f8e1a0502b8d578",
      "before": "d9ecf124b5730176858619eb00a2ef711a00f5bdc9f8a2f6585d69b240bc0483"
    }
  },
  "explicit_historical_lifecycle_aliases": {
    "papers/207-upper-neighbor-rank-dynamics/PAPER_STATUS.md": {
      "preserved_path": "docs/papers204_208_sequence/qa/p207_terminal_artifact_audit/lifecycle_before/PAPER_STATUS.md",
      "verified_original_bytes": {
        "bytes": 5322,
        "sha256": "d9ecf124b5730176858619eb00a2ef711a00f5bdc9f8a2f6585d69b240bc0483"
      }
    },
    "papers/207-upper-neighbor-rank-dynamics/SHA256SUMS": {
      "preserved_path": "docs/papers204_208_sequence/qa/p207_terminal_artifact_audit/lifecycle_before/PAPER_SHA256SUMS",
      "verified_original_bytes": {
        "bytes": 76344,
        "sha256": "36ca84152edb74adbf971b5bf90daa50619f7c0ac853078ba494472c3b93c807"
      }
    }
  },
  "external_status": "HOLD_EXTERNAL",
  "fresh_builds": 0,
  "fresh_mathematical_executions": 0,
  "fresh_page_views": 0,
  "historical_alias_note": "Only the two named before-status snapshots replace those historical keys; the original result map is never edited.",
  "historical_inputs_rechecked_with_explicit_aliases": 1197,
  "new_actual_artifact_checks": 84417,
  "old_actual_artifact_checks": 84416,
  "ordered_paper_manifest_entries": 614,
  "same_current_page_attestations": true,
  "same_input_keyset_count": 1197,
  "scope": "Lifecycle-only supplement to two immutable actual terminal outputs; not a third review or a five-paper batch gate.",
  "started_utc": "2026-09-06T10:03:43.411514+00:00",
  "status": "PASS_P207_LIFECYCLE_ONLY_DELTA"
}
