docs/papers147_151_sequence/scouting/root_replacement/SCOUT.md:129:proof engine transfers between them.  P144 works on primitive Dyck
docs/papers147_151_sequence/scouting/root_replacement/SCOUT.md:130:components with a leftmost reassociation and likewise has neither the same
docs/papers152_156_sequence/scouting/ftc/OWNER_LOG.md:9:known triangular family receive zero credit.
docs/papers152_156_sequence/scouting/ftc/OWNER_LOG.md:21:- `"x+1" "xy" triangular polynomial map finite field functional graph`
docs/papers152_156_sequence/scouting/ftc/OWNER_LOG.md:37:Triangular-family and citation-chain queries:
docs/papers152_156_sequence/scouting/ftc/OWNER_LOG.md:39:- `triangular polynomial dynamical systems over finite fields functional graph`
docs/papers152_156_sequence/scouting/ftc/OWNER_LOG.md:40:- `site:arxiv.org triangular polynomial maps finite fields dynamics orbit`
docs/papers152_156_sequence/scouting/ftc/OWNER_LOG.md:41:- `site:arxiv.org triangular polynomial dynamical system finite field pseudorandom`
docs/papers152_156_sequence/scouting/ftc/OWNER_LOG.md:42:- `triangular maps finite fields iteration polynomial systems Shparlinski Ostafe`
docs/papers152_156_sequence/scouting/ftc/OWNER_LOG.md:44:- `site:arxiv.org/abs/0908.4519 Ostafe Shparlinski multivariate triangular polynomials`
docs/papers152_156_sequence/scouting/ftc/OWNER_LOG.md:45:- `site:arxiv.org/abs/1106.5800 Maubach triangular polynomial maps characteristic p`
docs/papers152_156_sequence/scouting/ftc/OWNER_LOG.md:46:- `site:arxiv.org/abs/1307.6469 Maubach invariants conjugacy triangular polynomial maps`
docs/papers152_156_sequence/scouting/ftc/OWNER_LOG.md:47:- `site:arxiv.org "triangular polynomial systems" finite fields iteration noninvertible`
docs/papers152_156_sequence/scouting/ftc/OWNER_LOG.md:50:- `"Pseudorandom vector sequences of maximal period generated by triangular polynomial dynamical systems"`
docs/papers152_156_sequence/scouting/ftc/OWNER_LOG.md:51:- `"triangular polynomial dynamical systems" "functional graph"`
docs/papers152_156_sequence/scouting/ftc/OWNER_LOG.md:52:- `"triangular polynomial systems" finite field "functional graph"`
docs/papers152_156_sequence/scouting/ftc/OWNER_LOG.md:53:- `"noninvertible triangular" polynomial dynamical system finite field`
docs/papers152_156_sequence/scouting/ftc/OWNER_LOG.md:80:**Credit rule:** the triangular family, the literal specialization, polynomial
docs/papers152_156_sequence/scouting/ftc/OWNER_LOG.md:95:Section 2 uses the same triangular template
docs/papers152_156_sequence/scouting/ftc/OWNER_LOG.md:105:### O3. Maubach (2011/2013): triangular automorphism/permutation owner
docs/papers152_156_sequence/scouting/ftc/OWNER_LOG.md:108:[*Triangular polynomial maps in characteristic p*](https://arxiv.org/abs/1106.5800),
docs/papers152_156_sequence/scouting/ftc/OWNER_LOG.md:110:[*Invariants and conjugacy classes of triangular polynomial maps*](https://arxiv.org/abs/1307.6469).
docs/papers152_156_sequence/scouting/ftc/OWNER_LOG.md:113:triangular polynomial automorphisms, triangular permutation groups, maximal
docs/papers152_156_sequence/scouting/ftc/OWNER_LOG.md:119:**Credit rule:** all generic triangular-map and finite-characteristic
docs/papers152_156_sequence/scouting/ftc/OWNER_LOG.md:123:### O4. Ostafe (2012): maximal-period triangular systems
docs/papers152_156_sequence/scouting/ftc/OWNER_LOG.md:126:triangular polynomial dynamical systems*, Designs, Codes and Cryptography 63
docs/papers152_156_sequence/scouting/ftc/OWNER_LOG.md:130:This citation-chain branch concerns conditions for maximal-period triangular
docs/papers152_156_sequence/scouting/ftc/OWNER_LOG.md:135:**Credit rule:** maximal-period triangular classification is zero-credit
docs/papers152_156_sequence/scouting/ftc/OWNER_LOG.md:155:triangular maps.  They were excluded by carrier and theorem mismatch.  This is
docs/papers152_156_sequence/scouting/ftc/OWNER_LOG.md:178:- owner-compressed: construction, triangular family, factorial iterate
docs/papers122_126_sequence/scouting/algebraic/SCOUT.md:65:| C13 | On the strictly upper-triangular radical (J_n(\mathbb F_q)), (T(A)=ANA), with (N) the regular shift. | Radical degree obeys (r\mapsto2r+1), giving logarithmic nilpotence depth; the (q=2,n\le6) bound is sharp. | **KILL:** disguised power/sandwich filtration, too close to occupied radical and power mechanisms. |
docs/papers122_126_sequence/scouting/algebraic/SCOUT.md:96:- C13: every strictly upper-triangular binary matrix for (2\le n\le6).
docs/papers157_161_sequence/scouting/stochastic/SCOUT.md:88:| `PSD` | Carrier: induced subposets of a fixed DAG.  Uniformly delete a current source and record the deletion order. | A five-point DAG has 10 extensions with probability multiplicities `{1/12:4,1/24:4,1/4:2}`. | Fixed clock `n`; path probability is the product of reciprocal active-source counts. | Complete endpoint history support is the set of linear extensions. | Permanent generic hook/linear-extension exclusion; close in proof engine to P144's reassociation histories. | **`KILL_LINEAR_EXTENSIONS`** |
docs/papers157_161_sequence/scouting/algebraic/SCOUT.md:190:- **P1--P156 collision:** direct Heisenberg/unitriangular/Engel overlap with P70, P111, P119, and P137.
docs/papers162_166_sequence/scouting/open_fresh_p166_round6/OWNER_SEARCH_LOG.md:27:Dyck paths lower all highest peaks simultaneously dynamics
docs/papers162_166_sequence/scouting/open_fresh_p166_round6/OWNER_SEARCH_LOG.md:28:Dyck path peak lowering maximum height operation
docs/papers162_166_sequence/scouting/open_fresh_p166_round6/OWNER_SEARCH_LOG.md:29:Dyck path peak down move bounded-height preimages
docs/papers162_166_sequence/scouting/open_fresh_p166_round6/OWNER_SEARCH_LOG.md:30:parallel highest peaks Dyck path
docs/papers162_166_sequence/scouting/open_fresh_p166_round6/OWNER_SEARCH_LOG.md:35:- T. Mansour, [*Counting peaks at height k in a Dyck path*](https://arxiv.org/abs/math/0203222),
docs/papers162_166_sequence/scouting/open_fresh_p166_round6/OWNER_SEARCH_LOG.md:37:- A. Bacher, [*Generalized Dyck paths of bounded height*](https://arxiv.org/abs/1303.2724),
docs/papers162_166_sequence/scouting/open_fresh_p166_round6/OWNER_SEARCH_LOG.md:42:  is representative background for Dyck height coordinates.
docs/papers162_166_sequence/scouting/open_fresh_p166_round6/OWNER_SEARCH_LOG.md:48:- P144, `papers/144-leftmost-dyck-reassociation/`, occupies a literal Dyck
docs/papers162_166_sequence/scouting/open_fresh_p166_round6/OWNER_SEARCH_LOG.md:51:  `DAE`, coordinatewise Dyck-height truncation, and `MHE`, Motzkin-height
docs/papers162_166_sequence/scouting/open_fresh_p166_round6/OWNER_SEARCH_LOG.md:204:| `MPS` | bounded non-hit | height peaks; bounded Dyck paths | P144, killed DAE/MHE, P160 | mathematically passes | **KILL** |
docs/papers162_166_sequence/scouting/replacement_arithmetic_hybrid/OWNER_SEARCH_LOG.md:61:| `AH05` | Tamari rotation is definition-level owner material | P144 literal reassociation | `KILL_DIRECT_TAMARI_INTERNAL` |
docs/papers162_166_sequence/scouting/replacement_arithmetic_hybrid/OWNER_SEARCH_LOG.md:70:| `AH14` | no search needed after scalar-power reduction | P115/P125/P153 | `KILL_TRIANGULAR_POWER_REDUCTION` |
docs/papers162_166_sequence/scouting/open_fresh_p166/SCOUT.md:12:## 1. UTAS: upper-triangular Artin--Schreier dynamics
docs/papers162_166_sequence/scouting/open_fresh_p166/SCOUT.md:14:Let `B_n` be the algebra of upper triangular `n x n` matrices over `F_2`, and
docs/papers162_166_sequence/scouting/open_fresh_p166/SCOUT.md:15:let `J_n` be its strictly upper triangular radical.  The literal update is
docs/papers162_166_sequence/scouting/open_fresh_p166/SCOUT.md:87:- at `Y=0`, every triangular idempotent is allowed, so
docs/papers162_166_sequence/scouting/open_fresh_p166/SCOUT.md:98:hard part to idempotents in an arbitrary triangular centralizer.  The exhaustive
docs/papers162_166_sequence/scouting/open_fresh_p166/SCOUT.md:111:The fixed points are precisely the square-zero strictly triangular matrices,
docs/papers162_166_sequence/scouting/open_fresh_p166/SCOUT.md:112:a separately studied enumeration.  Triangular idempotents are also directly
docs/papers162_166_sequence/scouting/open_fresh_p166/SCOUT.md:345:- all `33,866` binary upper triangular matrices through order five, all core
docs/papers162_166_sequence/scouting/open_fresh_p166_round8/SCOUT.md:124:target: the map is a triangular bijection and every target fibre is one.
docs/papers167_171_sequence/scouting/algebra_arithmetic/SCOUT_AND_KILL_LEDGER.md:14:P142 valuation--GCD tents, P153 triangular factorial collapse, P154 subgroup
docs/papers162_166_sequence/scouting/root_hamming_weight_translation/DERIVATION_PACKAGE.md:242:For `n>=3`, put masses `j` at residue `n-j` for `1<=j<=r`.  If the triangular
docs/papers112_116_sequence/scouting/STOCHASTIC_SCOUT.md:88:- no positive unitriangular scattered-subword ladder after P111;
docs/papers112_116_sequence/scouting/STOCHASTIC_SCOUT.md:279:- **P111 firewall:** no upper-unitriangular coordinate counts an ordered
docs/papers172_176_sequence/scouting/algebra_arithmetic/SCOUT_AND_KILL_LEDGER.md:40:| `A15` | strict upper-triangular matrices over `F_2`; `A -> A^2` | unique absorber and sharp logarithmic nilpotence clock; `n=5` gives height 3 | matrix-root fibres already become rank/Jordan counting | `KILL_GENERIC_MATRIX_POWER`: a matrix-power/Jordan specialization of the P102 power engine and an earlier permanent kill |
docs/papers172_176_sequence/scouting/algebra_arithmetic/SCOUT_AND_KILL_LEDGER.md:42:| `A17` | all subspaces of the Lie algebra of strict `4x4` upper-triangular binary matrices; `U -> U+[U,U]` | 2,825 states, 369 Lie-subalgebra fixed states, sharp pilot height 2 | maximum one-step fibre is 761, but no stable all-rank atlas emerges | `KILL_INTERNAL_P97`: binary-operation subspace closure is the same closure engine as subspace/Schur squaring, without an independent fibre theorem |
docs/papers122_126_sequence/scouting/combinatorial/SCOUT.md:37:| **C05** | Dyck paths of semilength $n$. In the unique first-return factorization $P=UADB$, swap $A,B$ when the elevation-area parity of $P$ is odd; otherwise fix $P$. | $n\ge1$. Even $n$ gives an idempotent half-census; odd $n$ gives an involution. | Deutsch (1999) directly owns the underlying swap $UADB\mapsto UBDA$; the area-parity gate is thin. | **2.0, KILL_DIRECT.** No residual beyond conditioning an owned involution. |
docs/papers122_126_sequence/scouting/combinatorial/SCOUT.md:46:| **C14** | Triangulations of a convex $n$-gon with cyclic labels. Scan internal diagonals by lexicographic endpoint pair; flip the first diagonal whose two opposite quadrilateral vertices have different label parity; fix if none exists. | $n\ge4$. Back-flips and lexicographic interference can create short cycles. | Associahedron/flip graph and Tamari/Cambrian orientations are nearest owners; the rule is label-dependent. | **5.0, RESERVE_LOW.** Kill if it is a relabelled standard Tamari walk, or if there is no infinite-family clock. |
docs/papers122_126_sequence/scouting/combinatorial/SCOUT.md:52:### C01: parity-guided root rotation
docs/papers122_126_sequence/scouting/combinatorial/SCOUT.md:162:| pilot_parity_root_rotation.py | all plane full binary trees, $0\le n\le12$ | closure, size, period, sharp depth, fixed/recurrent criteria and OGF, fibre at most 2 | **1,743,138** | pilot_parity_root_rotation.out |
docs/papers122_126_sequence/scouting/combinatorial/SCOUT.md:195:- Searches for “subtree parity root rotation,” “even left subtree rotate,”
docs/papers122_126_sequence/scouting/combinatorial/SCOUT.md:247:  [“An involution on Dyck paths and its consequences”](https://www.sciencedirect.com/science/article/pii/S0012365X98003707),
docs/papers122_126_sequence/scouting/combinatorial/SCOUT.md:271:1. **C01 parity-guided root rotation:** highest score and cleanest firewall.
docs/papers122_126_sequence/scouting/combinatorial/SCOUT.md:283:- **C14:** literal Tamari/Cambrian comparison before computation.
docs/papers172_176_sequence/scouting/fresh_nonlinear_algebra/COLLISION_FIREWALL.md:21:| P111/P119 | Heisenberg windows and fixed-regular unitriangular commutator dynamics |
docs/papers172_176_sequence/scouting/fresh_nonlinear_algebra/COLLISION_FIREWALL.md:48:| proof | centralizer/orbit--stabilizer plus triangular differences | independent scalar equations ((d_i-d_j)a_{ij}=y_{ij}) plus graph support |
docs/papers172_176_sequence/scouting/fresh_nonlinear_algebra/COLLISION_FIREWALL.md:135:| M07 | triangular commutator recombination without P119's uniform filtration theorem | kill |
docs/papers177_181_sequence/scouting/algebra_lane/COLLISION_FIREWALL.md:31:| P172/P173 | generic finite-map triangular spectra, absorption recursions, labelled fibres, and Jordan deductions |
docs/papers117_121_sequence/scouting/STOCHASTIC_PHASE2B_SCOUT.md:39:| 4 | B04 | uniform Tamari-cover climb between the combs | exact classical chain-length interval; weighted edge atoms | **KILL** |
docs/papers117_121_sequence/scouting/STOCHASTIC_PHASE2B_SCOUT.md:158:  extract coefficients by triangular algebra. The reduced-word/tableau route
docs/papers117_121_sequence/scouting/STOCHASTIC_PHASE2B_SCOUT.md:252:  triangular hierarchy
docs/papers117_121_sequence/scouting/STOCHASTIC_PHASE2B_SCOUT.md:370:### B04. Uniform Tamari-cover climb — KILL
docs/papers117_121_sequence/scouting/STOCHASTIC_PHASE2B_SCOUT.md:384:  study stochastic Tamari-lattice absorption under the different Ungarian
docs/papers117_121_sequence/scouting/STOCHASTIC_PHASE2B_SCOUT.md:387:- **Two materially distinct routes.** Tamari tableaux/rotation posets; or a
docs/papers117_121_sequence/scouting/STOCHASTIC_PHASE2B_SCOUT.md:460:- **Phase and update.** Start from one bounded triangular face. At step `m`,
docs/papers117_121_sequence/scouting/STOCHASTIC_PHASE2B_SCOUT.md:478:- **Two materially distinct routes.** A triangular Pólya-urn martingale; or
docs/papers117_121_sequence/scouting/STOCHASTIC_PHASE2B_SCOUT.md:596:| B04 | Nelson maximal Tamari chains; Defant--Li stochastic Tamari chain | chain support/tableaux and lattice absorption are owner-dense |
docs/papers197_201_sequence/scouting/geometry_reopen_20260905/SCOUT_AND_DISPOSITION.md:20:| Flip opposite the least-labelled ear in a convex triangulation | P117–P121 Q09, COMBINATORIAL_PHASE2C_SCOUT §Q09 | Already reserved; excluded, not a new pilot |
docs/papers197_201_sequence/scouting/geometry_reopen_20260905/SCOUT_AND_DISPOSITION.md:23:| Cyclic secant/intersection polygon update | P162–P166 F04, open_fresh_p166 IDEA_LEDGER | Pentagram direct-owner kill already present; no sink, finite-field specialization, or selector wrapper permitted |
docs/papers132_136_sequence/scouting/algebraic/SCOUT.md:16:| 1 | `A02` | A squarefree divisor map becomes a triangular Boolean network on the Pratt divisibility DAG.  The proposed all-prime-set package has no fixed points, only two-cycles, `2^s` recurrent states from `s` source phases, a Pratt-height transient bound, and an every-target inclusion--exclusion fibre formula. | **CONDITIONAL PROOF SPIKE.**  This is the only lane candidate whose literal map was not located in the bounded owner search.  Kill it if the arithmetic lift is judged cosmetic after the Boolean reduction. |
docs/papers132_136_sequence/scouting/algebraic/SCOUT.md:97:| `L01` | Subspaces of `F_2^d`, `d=3,4`; `U -> A(U^perp)` for the fixed upper-unitriangular Jordan block `A`. | 83 states; **336** assertions.  The square is `U -> AA^(-T)U`; maximum periods 8 and 10 and no fixed points. | **RESERVE OWNER HEAVY.**  Twisted polarities/asymmetry own the reduction and no all-`d` census emerged. |
docs/papers132_136_sequence/scouting/algebraic/SCOUT.md:185:The proof route is therefore arithmetic support factorization -> triangular
docs/papers132_136_sequence/scouting/algebraic/SCOUT.md:303:`"triangular Boolean network" periodic points`.  No result stated the literal
docs/papers132_136_sequence/scouting/algebraic/SCOUT.md:380:  triangular Pratt network with source-controlled two-cycles.
docs/papers132_136_sequence/scouting/algebraic/SCOUT.md:402:   triangular Boolean network.  It deserves one proof/value spike because
docs/papers197_201_sequence/scouting/final_seat_tree_lane_20260905/SOURCE_OWNER_AUDIT.md:30:| P162–166 `replacement_nonlinear_algebra/SCOUT.md`, NL01/SCW | The exact two-variable commutator formula on Heisenberg groups and the killed class-two bilinear package. | General upper-unitriangular groups are not conjugate to one Heisenberg carrier. Increasing the group class without new nontransferring results is only a proposed family extension, which this desk gate rejects. |
docs/papers197_201_sequence/scouting/final_seat_tree_lane_20260905/SOURCE_OWNER_AUDIT.md:72:- `Engel words Fibonacci commutators unitriangular groups dynamical system`
docs/papers107_111_sequence/scouting/ALGEBRAIC_SCOUT.md:20:| P62--P76 | random substitutions, rank-one XOR, beta shifts, two-dimensional and free-group SFTs, plaquette/hom/flat/Heisenberg shifts, zip and higher-rank graphs, Jordan substitutions, Dyck/Motzkin, Coxeter and IET systems |
docs/papers162_166_sequence/scouting/open_fresh_p166_round6/IDEA_LEDGER.md:35:| `MPS` | Dyck paths; simultaneously change every `UD` peak at the current global maximum height to `DU` | all paths through semilength 9; exact height-parity cap for every iterate, depth `height-1`, sharp height `n-1`; every-target `t`-fibre factors into bounded-height Dyck counts | strongest raw theorem, but it is the same Dyck/height-truncation/clock/target-inverse proof silhouette already rejected for `DAE/MHE`, with P144 occupying the carrier and P160 the truncation atlas | **KILL_INTERNAL_DAE_P144_P160** |
docs/papers147_151_sequence/scouting/combinatorial/SCOUT.md:8:cubing, leftmost Dyck reassociation, partition split/join/shift, or a
docs/papers204_208_sequence/qa/p208_round0_input_inspection/historical_workspace_origins/docs/papers204_208_sequence/scouting/order_geometry_tenth_desk/OFS_RECURSION_AND_FIBRES.md:23:The carrier is every triangulation of the convex polygon with cyclic
docs/papers204_208_sequence/qa/p208_round0_input_inspection/historical_workspace_origins/docs/papers204_208_sequence/scouting/order_geometry_tenth_desk/OFS_RECURSION_AND_FIBRES.md:26:in the current triangulation. New diagonals are not scheduled. The presence
docs/papers204_208_sequence/qa/p208_round0_input_inspection/historical_workspace_origins/docs/papers204_208_sequence/scouting/order_geometry_tenth_desk/OFS_RECURSION_AND_FIBRES.md:30:Dependencies are: rooted-tree triangulation encoding; the first active
docs/papers204_208_sequence/qa/p208_round0_input_inspection/historical_workspace_origins/docs/papers204_208_sequence/scouting/order_geometry_tenth_desk/OFS_RECURSION_AND_FIBRES.md:42:right subpolygons as children; a leaf $e$ is a boundary interval. Thus
docs/papers204_208_sequence/qa/p208_round0_input_inspection/historical_workspace_origins/docs/papers204_208_sequence/scouting/order_geometry_tenth_desk/OFS_RECURSION_AND_FIBRES.md:43:a triangulation has $n-1$ leaves and $m=n-2$ internal nodes. The isolated
docs/papers204_208_sequence/qa/p208_round0_input_inspection/historical_workspace_origins/docs/papers204_208_sequence/scouting/order_geometry_tenth_desk/OFS_RECURSION_AND_FIBRES.md:44:leaf is an auxiliary empty interval case, not an additional polygon
docs/papers204_208_sequence/qa/p208_round0_input_inspection/historical_workspace_origins/docs/papers204_208_sequence/scouting/order_geometry_tenth_desk/OFS_RECURSION_AND_FIBRES.md:92:The cell bounded by $(1,a_2)$ has encoded triangulation $(B_1,B_2)$
docs/papers204_208_sequence/qa/p208_round0_input_inspection/historical_workspace_origins/docs/papers204_208_sequence/scouting/order_geometry_tenth_desk/OFS_RECURSION_AND_FIBRES.md:242:and equality forces $l=1$ and $R=L_m$. This is the unique polygon
docs/papers204_208_sequence/qa/p208_round0_input_inspection/historical_workspace_origins/docs/papers204_208_sequence/scouting/order_geometry_tenth_desk/OFS_RECURSION_AND_FIBRES.md:244:one; at $m=2$ both quadrilateral triangulations have fibre one. These
docs/papers162_166_sequence/scouting/open_fresh_p167/IDEA_LEDGER.md:35:- triangulation or tiling flip chains, Glauber chains, Temperley--Lieb local
docs/papers162_166_sequence/scouting/open_fresh_p167/IDEA_LEDGER.md:51:contract.  Generating another polygon action, matching switching chain,
docs/papers197_201_sequence/scouting/word_poset_lane/BREADTH_AND_KILL_LEDGER.md:79:| Motzkin summit flattening `U H^r D -> H^(r+2)` in parallel | Historical Dyck/Motzkin coordinate-erosion and parallel-peak exclusion beside P144/P160. | `KILL_INTERNAL_EROSION` |
docs/papers204_208_sequence/scouting/algebra_third/PROOF_AND_ADAPTER_NOTES.md:86:does not hold for all symmetric groups. The fixed regular unitriangular
docs/papers204_208_sequence/scouting/algebra_third/PROOF_AND_ADAPTER_NOTES.md:109:ordinary triangular coefficient recursion and receives no mechanism credit.
docs/papers152_156_sequence/scouting/combinatorial/SCOUT.md:20:| 3 | `TFE` | flip the lexicographically first root-frontier diagonal toward a fixed polygon vertex | tail equals missing root diagonals; Catalan-triangle layers | `KILL_DIRECT_FAN_FLIP/P144` |
docs/papers152_156_sequence/scouting/combinatorial/SCOUT.md:21:| 4 | `DSE` | erase the outer `U,D` shell of every primitive Dyck excursion | tail equals height | `KILL_TREE_ROOT_PEEL/P144/P148` |
docs/papers152_156_sequence/scouting/combinatorial/SCOUT.md:25:| 8 | `LDL` | flip the lexicographically first illegal Delaunay edge | absorbing Delaunay triangulation | `KILL_LAWSON_ALGORITHM` |
docs/papers152_156_sequence/scouting/combinatorial/SCOUT.md:29:| 12 | `PLA` | replace a lattice polygon by the hull of its interior lattice points | rectangle clock `ceil(min(a,b)/2)` | `KILL_ONION/ADJUNCTION_OWNER` |
docs/papers152_156_sequence/scouting/combinatorial/SCOUT.md:218:consecutive slopes.  Triangular lower bounds on total ascent and descent rule
docs/papers152_156_sequence/scouting/combinatorial/SCOUT.md:257:tree/triangulation dictionary it is a directed reassociation neighbour of
docs/papers152_156_sequence/scouting/combinatorial/SCOUT.md:260:### `DSE` — Dyck shell erasure
docs/papers152_156_sequence/scouting/combinatorial/SCOUT.md:301:`(0,0),(4,0),(5,3),(0,2)` has two triangulations: diagonal `02` feeds the legal
docs/papers152_156_sequence/scouting/combinatorial/SCOUT.md:327:### `PLA` — lattice-polygon adjunction
docs/papers152_156_sequence/scouting/combinatorial/SCOUT.md:329:Replace a lattice polygon by the convex hull of its interior lattice points,
docs/papers147_151_sequence/scouting/combinatorial_replacement/OWNER_AUDIT.md:85:  leftmost Dyck reassociation; **ARC** consolidates equal adjacent composition
docs/papers204_208_sequence/qa/p208_round0_input_inspection/historical_workspace_origins/docs/papers204_208_sequence/scouting/OFS_ROOT_INSPECTION.md:43:Tamari Pops; it does not exclude larger-carrier reset lifts or all conceivable
docs/papers204_208_sequence/qa/p208_round0_input_inspection/historical_workspace_origins/docs/papers204_208_sequence/scouting/OFS_ROOT_INSPECTION.md:56:| [Hong (2022 preprint)](https://arxiv.org/pdf/2201.10030) | Theorems 1.1/1.2, Definition 2.2 and the Dyck/Tamari definitions. Meet-of-lower-covers and the Motzkin image precedent are deducted; root did not read the entire image-enumeration proof. |
docs/papers204_208_sequence/qa/p208_round0_input_inspection/historical_workspace_origins/docs/papers204_208_sequence/scouting/OFS_ROOT_INSPECTION.md:58:| [Pallo (2006)](https://acta.bibl.u-szeged.hu/12796/1/Pallo_2006_ActaCybernetica.pdf) | Introduction, tree/triangulation and weight dictionaries, the leftmost-left-rotation selector and permanent maximum-weight step, selected later path/join contexts. Fan-building and prefix-fixing primitives are deducted; no full distance-paper read is claimed. |
docs/papers204_208_sequence/qa/p208_round0_input_inspection/historical_workspace_origins/docs/papers204_208_sequence/scouting/OFS_ROOT_INSPECTION.md:60:| [Bose–Lubiw–Pathak–Verdonschot (2016 v2)](https://arxiv.org/html/1310.1166) | Root first read only the abstract, then actually read sections 1/2 and section 3 through Lemma 1, Theorem 1, canonical-fan sorting and their proofs, with subsequent lower-bound context. Section 1 explicitly transfers the removed edge's label to the inserted edge, supporting the exact lift above. Root does not claim to have read the whole sorting-model or later polygon sections. |
docs/papers204_208_sequence/qa/p208_round0_input_inspection/historical_workspace_origins/docs/papers204_208_sequence/scouting/OFS_ROOT_INSPECTION.md:64:Tamari Pop and recent rotation-dynamics searches had no applicable new full
docs/papers204_208_sequence/qa/p208_round0_input_inspection/historical_workspace_origins/docs/papers204_208_sequence/scouting/OFS_ROOT_INSPECTION.md:104:convex polygons n>=3, the exact original-snapshot lexicographic sweep,
docs/papers152_156_sequence/scouting/stochastic_replacement3/SCOUT.md:47:  finite-field Schur pivoting, or compatible polygon insertion.
docs/papers204_208_sequence/scouting/finite_structures_eighth/INTAKE.md:79:inversion and a generic triangular Boolean reset/flip mechanism must
docs/papers204_208_sequence/scouting/algebra/CS_GATE/AUTHOR_RESPONSE.md:13:`alpha=z+by+cx`. Check whether the displayed triangular change of
docs/papers157_161_sequence/scouting/replacement_probabilistic_geometric/SCOUT.md:19:| `PBL` | A rooted boundary arc with an ordered set of surviving vertices; choose uniformly a nonempty proper contiguous block and delete it, stopping at one vertex. | At size 7, `E T=2798/945`; endpoint survival `12844/42525`. | The clock PGF is `2z/D_n product_(r=2)^(n-1)(1+z(r+1)/D_r)`, `D_r=(r-1)(r+2)/2`; a labelled terminal-survivor law is the second axis. | Explicit generic-random-deletion exclusion; P146 polygon deletion is nearest. | `KILL_GENERIC_DELETION_P146` |
docs/papers157_161_sequence/scouting/replacement_probabilistic_geometric/SCOUT.md:20:| `RTF` | Triangulations of a convex `n`-gon with marked vertex 0; uniformly flip a diagonal when the replacement diagonal is incident with 0. | For `n=8`, depth layers are `1,5,14,28,42,42`; maximum checked history count 8. | The clock is exactly `n-3-d_0(T)` and layers are a Catalan ballot triangle; reduction histories are the second axis. | The fan-flip argument is classical, and its tree/hook proof transfers from P146. | `KILL_TREE_HOOK_P146` |
docs/papers157_161_sequence/scouting/replacement_probabilistic_geometric/SCOUT.md:21:| `LDL` | Triangulations of a fixed convex point set; uniformly flip a currently illegal edge to its locally Delaunay diagonal. | Generic convex hexagon: 14 states, one sink, maximum mean `103/24`. | A random-legalization clock law and path census would be required; the pilot yielded only instance-specific recurrences. | Lawson's flip algorithm is the literal owner. | `KILL_DIRECT_LAWSON` |
docs/papers157_161_sequence/scouting/replacement_probabilistic_geometric/SCOUT.md:42:is exactly the triangulation/tree/hook interface already charged to P146.
docs/papers117_121_sequence/scouting/ROOT_SCOUT.md:15:- **Phase/update:** a strict upper-triangular matrix \(A\in M_n(\mathbb F_2)\),
docs/papers117_121_sequence/scouting/ROOT_SCOUT.md:151:- **Two routes:** induction on height and triangular dependency matrices.
docs/papers107_111_sequence/scouting/STOCHASTIC_SCOUT.md:20:   on Heisenberg/unitriangular groups are mature.  A paper would therefore
docs/papers107_111_sequence/scouting/STOCHASTIC_SCOUT.md:31:be selected together because S8 is the next unitriangular/scattered-subword
docs/papers107_111_sequence/scouting/STOCHASTIC_SCOUT.md:71:**Phase space and update.**  Work in the positive integer unitriangular
docs/papers107_111_sequence/scouting/STOCHASTIC_SCOUT.md:140:   The first term satisfies a triangular-array Lindeberg CLT; the second is
docs/papers107_111_sequence/scouting/STOCHASTIC_SCOUT.md:193:  unitriangular groups, including coordinate limit theory
docs/papers107_111_sequence/scouting/STOCHASTIC_SCOUT.md:304:   transition matrix is triangular in weak-order/inversion order.
docs/papers107_111_sequence/scouting/STOCHASTIC_SCOUT.md:327:triangular diagonal; separately recurse on weak-order covers and compare
docs/papers107_111_sequence/scouting/STOCHASTIC_SCOUT.md:365:all polynomial moments from a triangular generator, the displayed exact
docs/papers107_111_sequence/scouting/STOCHASTIC_SCOUT.md:514:**Owner/collision.**  General unitriangular random walks are occupied by
docs/papers107_111_sequence/scouting/STOCHASTIC_SCOUT.md:625:strong law, triangular-array CLT, strong-Markov independence argument, or
docs/papers117_121_sequence/scouting/COMBINATORIAL_PHASE2C_SCOUT.md:40:| 5 | Q09 | flip the diagonal opposite the least-labelled ear | triangulations of a labelled convex polygon | the quadrilateral is a 2-cycle, so there is no monotone ear clock | **6.0** | **RESERVE, UNSPIKED** |
docs/papers117_121_sequence/scouting/COMBINATORIAL_PHASE2C_SCOUT.md:512:  Dyck excursions are standard.  More importantly, this is another
docs/papers117_121_sequence/scouting/COMBINATORIAL_PHASE2C_SCOUT.md:547:## Q09. Least-ear flip on convex triangulations
docs/papers117_121_sequence/scouting/COMBINATORIAL_PHASE2C_SCOUT.md:549:- **Phase space:** triangulations of a convex polygon with cyclic vertex
docs/papers117_121_sequence/scouting/COMBINATORIAL_PHASE2C_SCOUT.md:551:- **Update:** for `n=3` fix the unique triangulation.  Otherwise choose the
docs/papers117_121_sequence/scouting/COMBINATORIAL_PHASE2C_SCOUT.md:554:- **Early anomaly:** the two quadrilateral triangulations form a 2-cycle.
docs/papers117_121_sequence/scouting/COMBINATORIAL_PHASE2C_SCOUT.md:556:  deletion or a monotone Tamari normalization.
docs/papers117_121_sequence/scouting/COMBINATORIAL_PHASE2C_SCOUT.md:558:  compatible flips, and deterministic triangulation walks are a dense owner
docs/papers117_121_sequence/scouting/COMBINATORIAL_PHASE2C_SCOUT.md:621:  ordered-tree involution`, plane-tree/Dyck involutions, and 2025--2026
docs/papers162_166_sequence/scouting/open_fresh_p166/IDEA_LEDGER.md:15:- P97 sumset/subspace product growth; P99/P125 triangular linear or quadratic
docs/papers162_166_sequence/scouting/open_fresh_p166/IDEA_LEDGER.md:18:- P115 Cartier/Frobenius-linear coordinate deletion; P119 unitriangular word
docs/papers162_166_sequence/scouting/open_fresh_p166/IDEA_LEDGER.md:45:| `M04` | `A -> A + A^2` on binary upper triangular matrices | nonuniform fibres and a double-log period anomaly; promoted | `DEEP_1` |
docs/papers162_166_sequence/scouting/open_fresh_p166/IDEA_LEDGER.md:57:| `F04` | cyclic secant/intersection update on projective polygons | pentagram-map literature; fibres generically singleton | `DESK_KILL_DIRECT_DYNAMICS` |
docs/papers162_166_sequence/scouting/open_fresh_p166/IDEA_LEDGER.md:73:| `UTAS` | upper triangular `F_2` matrices, `1<=n<=5` | 32,768 | 1,024 | 1,024 | 1 | core periods `1,2,4` at `n=5`; 16 distinct first-fibre sizes |
docs/papers127_131_sequence/scouting/root/SCOUT.md:28:| X13 | Dyck paths; reverse primitive-return factors | free-monoid involution | kill: theorem-thin after factorization subtraction |
docs/papers127_131_sequence/scouting/root/SCOUT.md:29:| X14 | Dyck paths; rotate primitive-return factors | exact block-count cycle lengths | kill: free cyclic rotation only |
docs/papers107_111_sequence/scouting/COMBINATORIAL_SCOUT.md:454:with the natural order triangulates immediately, whereas nested fill
docs/papers204_208_sequence/scouting/finite_systems_eleventh/PROOF_AND_DISPOSITION.md:145:triangular with diagonal $f(\alpha)$. Multiplicities are preserved.
docs/papers127_131_sequence/scouting/stochastic/SCOUT.md:12:integer rewrites, chip configurations, permutations, Boolean lattices, Dyck
docs/papers127_131_sequence/scouting/stochastic/SCOUT.md:65:| `S20` | Dyck words; choose a peak `()` uniformly and delete it. | Every Dyck word of semilength 0--10; 23,714 states. | 274,677 | `KILL_SCHEDULE_ONLY`: lifetime is deterministically the semilength; only classical deletion histories remain. |
docs/papers127_131_sequence/scouting/stochastic/SCOUT.md:215:For adjacent starts, a ballot/reflection evaluation of the triangular
docs/papers172_176_sequence/scouting/fresh_nonlinear_algebra/CONTROL_RESULTS.md:58:triggers, Gram defects, mixed matrix words, triangular commutators, companion
docs/papers204_208_sequence/scouting/order_geometry_tenth/ofs_theorem_execution_02/DESK_DECLARATION.md:50:Every triangulation of a convex polygon with cyclic labels
docs/papers204_208_sequence/scouting/order_geometry_tenth/ofs_theorem_execution_02/DESK_DECLARATION.md:53:original triangulation, visit this recorded list once; when a recorded
docs/papers204_208_sequence/scouting/order_geometry_tenth/ofs_theorem_execution_02/DESK_DECLARATION.md:58:Fixed complete boxes if not desk-excluded: every triangulation for
docs/papers204_208_sequence/scouting/order_geometry_tenth/ofs_theorem_execution_02/DESK_DECLARATION.md:61:recorded sweep equal classical polygon rotation/promotion/pop-stack under
docs/papers204_208_sequence/scouting/order_geometry_tenth/ofs_theorem_execution_02/DESK_DECLARATION.md:71:triangulation rotation. Local theorem claims require original reads, not
docs/papers172_176_sequence/scouting/root_matching_internal/SCOUT.md:64:`(Q^t)_(a,0)` and the usual finite triangular recursion.  Polynomial-times-
docs/papers172_176_sequence/scouting/root_matching_internal/SCOUT.md:83:enumeration, matching association schemes, and generic triangular Markov-chain
docs/papers152_156_sequence/scouting/combinatorial/OWNER_AUDIT.md:118:| `TFE` | polygon flips to a fixed fan; fan eccentricity | Sleator–Tarjan–Thurston, *Rotation Distance, Triangulations, and Hyperbolic Geometry*, <https://doi.org/10.1090/S0894-0347-1988-0928904-4>; Lionel Pournin, *Eccentricities in the flip-graphs of convex polygons*, <https://doi.org/10.1002/jgt.22443> | diagonal-flip/binary-tree equivalence and fan-distance interface are owned; scheduler residual also collides with P144 — `KILL` |
docs/papers152_156_sequence/scouting/combinatorial/OWNER_AUDIT.md:119:| `DSE` | remove outer shells of Dyck excursions; tree height pruning | closest internal owners P114, P144, and P148; the Dyck/tree dictionary is classical and already portfolio-owned | tail=height transfers directly from simultaneous root deletion — `KILL` |
docs/papers152_156_sequence/scouting/combinatorial/OWNER_AUDIT.md:123:| `LDL` | lex illegal-edge flips to Delaunay | Jean-François Dufourd and Yves Bertot, *Formal study of plane Delaunay triangulation*, <https://arxiv.org/abs/1007.3350> | repeated illegal-edge flip algorithm, correctness, and termination are direct — `KILL` |
docs/papers204_208_sequence/scouting/order_geometry_tenth_desk/OFS_TEMPORAL_CHECK.md:12:is **PROVABLE AS STATED**: the declared labelled polygon OFS has one
docs/papers162_166_sequence/scouting/root_traceless_determinant_shear_independent/COLLISION_FIREWALL.md:61:| P119, regular Engel unitriangular dynamics | group/matrix commutator structure and exact periods | no literal duplicate; not needed for the kill |
docs/papers122_126_sequence/scouting/stochastic/SCOUT.md:7:本轮先按现有 collision map、firewall 与 kill ledger 做了字面碰撞筛查。主动避开了 P1--P121 已使用的 Yule、队列、随机等待包装、普通随机游走、`BA->AB, AA->A`、竞争 `CB/BA` 重写、区间随机像、Rees sandwich motif、0-Hecke 排序、Tamari/Ferrers matching、Karger cycle contraction、Rémy、Apollonian、递归树、urn、greedy dimer、已有算术 affine/Euclid/Stern--Brocot 等载体。尤其不把“给旧过程加独立等待时间”算作新动力学。
docs/papers122_126_sequence/scouting/stochastic/SCOUT.md:30:| P03 | **Dyck peak deletion**：Dyck 词中均匀选相邻 `UD` 并删除，直到空词。 | 删除历史数与高度过程 | KILL_DIRECT_CLASSICAL_RISK；标准树/括号递归邻域太近 |
docs/papers162_166_sequence/scouting/open_fresh_p166/OWNER_SEARCH_LOG.md:16:Artin-Schreier map triangular matrix algebra finite field
docs/papers162_166_sequence/scouting/open_fresh_p166/OWNER_SEARCH_LOG.md:17:upper triangular idempotent matrices finite field enumeration
docs/papers162_166_sequence/scouting/open_fresh_p166/OWNER_SEARCH_LOG.md:18:square-zero upper triangular matrices finite field
docs/papers162_166_sequence/scouting/open_fresh_p166/OWNER_SEARCH_LOG.md:41:   of Solutions of `X^2=0` in Triangular Matrices over a Finite Field*,
docs/papers162_166_sequence/scouting/open_fresh_p166/OWNER_SEARCH_LOG.md:44:   triangular matrices.  These are exactly the UTAS fixed points.
docs/papers162_166_sequence/scouting/open_fresh_p166/OWNER_SEARCH_LOG.md:45:2. Xin Hou, *Idempotents in triangular matrix rings*, *Linear and Multilinear
docs/papers162_166_sequence/scouting/open_fresh_p166/OWNER_SEARCH_LOG.md:48:   The publisher record says that it describes triangular idempotents and,
docs/papers162_166_sequence/scouting/open_fresh_p166/OWNER_SEARCH_LOG.md:55:  calculus, triangular idempotent enumeration, and square-zero fixed census;
docs/papers162_166_sequence/scouting/open_fresh_p166/OWNER_SEARCH_LOG.md:57:  fibre to idempotents in its triangular centralizer;
docs/papers162_166_sequence/scouting/open_fresh_p166/OWNER_SEARCH_LOG.md:62:collapse), P103 (matrix polynomial/adjugate strata), P119 (upper-unitriangular
docs/papers162_166_sequence/scouting/open_fresh_p166/OWNER_SEARCH_LOG.md:158:| UTAS | square-zero and idempotent triangular matrices | P102/P103/P119 neighbourhood | kill |
docs/papers157_161_sequence/scouting/replacement_probabilistic_geometric/OWNER_SEARCH_LOG.md:15:triangulation flip increase marked vertex degree fan
docs/papers157_161_sequence/scouting/replacement_probabilistic_geometric/OWNER_SEARCH_LOG.md:35:  polygon triangulation to a fan by flips that increase the marked vertex's
docs/papers157_161_sequence/scouting/replacement_probabilistic_geometric/OWNER_SEARCH_LOG.md:37:  [*Multitriangulations, pseudotriangulations and some problems of realization
docs/papers157_161_sequence/scouting/replacement_probabilistic_geometric/OWNER_SEARCH_LOG.md:39:  P146 additionally occupies triangulation deletion and tree-hook histories.
docs/papers157_161_sequence/scouting/replacement_probabilistic_geometric/OWNER_SEARCH_LOG.md:41:  [*Transforming triangulations*](https://doi.org/10.1016/0012-365X(72)90093-3),
docs/papers204_208_sequence/scouting/order_geometry_tenth/ofs_theorem_execution_01/OFS_PROOF_PACKAGE.md:11:On all triangulations of the convex polygon with labelled vertices
docs/papers204_208_sequence/scouting/order_geometry_tenth/ofs_theorem_execution_01/OFS_PROOF_PACKAGE.md:14:triangulation. Call the resulting self-map $F_n$ (OFS).
docs/papers204_208_sequence/scouting/order_geometry_tenth/ofs_theorem_execution_01/OFS_PROOF_PACKAGE.md:16:For $n=3$ the only triangulation is fixed. For every $n\ge4$ there is one
docs/papers204_208_sequence/scouting/order_geometry_tenth/ofs_theorem_execution_01/OFS_PROOF_PACKAGE.md:29:remain open. The full finite carrier includes every triangulation and
docs/papers204_208_sequence/scouting/order_geometry_tenth/ofs_theorem_execution_01/OFS_PROOF_PACKAGE.md:37:Root the usual triangulation dual decomposition at boundary edge
docs/papers204_208_sequence/scouting/order_geometry_tenth/ofs_theorem_execution_01/OFS_PROOF_PACKAGE.md:38:$(0,n-1)$: the two children encode the subpolygons on either side of the
docs/papers204_208_sequence/scouting/order_geometry_tenth/ofs_theorem_execution_01/OFS_PROOF_PACKAGE.md:41:express recursion; it is not an extra polygon state.
docs/papers204_208_sequence/scouting/order_geometry_tenth/ofs_theorem_execution_01/OFS_PROOF_PACKAGE.md:54:The operation $F$ denotes the same literal polygon map in this dictionary,
docs/papers204_208_sequence/scouting/order_geometry_tenth/ofs_theorem_execution_01/OFS_PROOF_PACKAGE.md:60:   smaller independent polygons. This proves the recursive dictionary.
docs/papers204_208_sequence/scouting/order_geometry_tenth/ofs_theorem_execution_01/OFS_PROOF_PACKAGE.md:105:subpolygons encode the branches $B_j$ of $\operatorname{LS}(T)$.
docs/papers204_208_sequence/scouting/order_geometry_tenth/ofs_theorem_execution_01/OFS_PROOF_PACKAGE.md:220:Thus, for every polygon target $Y$,
docs/papers204_208_sequence/scouting/order_geometry_tenth/ofs_theorem_execution_01/OFS_PROOF_PACKAGE.md:247:$R=\operatorname{LC}_m$. Its triangulation is precisely the fan at
docs/papers204_208_sequence/scouting/order_geometry_tenth/ofs_theorem_execution_01/OFS_PROOF_PACKAGE.md:280:the literal image under the standard Dyck-word bijection. That earlier
docs/papers162_166_sequence/scouting/open_fresh_p165/SCOUT.md:235:| P137 rank-feedback `p`-group splitting | resource budget and a sharp clock | P137 has additive marker sizes and a triangular clock with a unique partition witness; SDS has multiplicative distance growth, geometric support layers, a logarithmic clock, many witnesses, and targetwise code extensions |
docs/papers204_208_sequence/scouting/order_geometry_tenth/tree_execution_02/OFS_FOLLOWUP_DECLARATION.md:4:new checker. Use only the original complete n=3,...,10 triangulations.
docs/papers172_176_sequence/scouting/stochastic_matrix/S01_THEOREM_PACKAGE.md:86:lower triangular because the set can only shrink.  Its diagonal entry at any
docs/papers172_176_sequence/scouting/stochastic_matrix/S01_THEOREM_PACKAGE.md:138:and the latter is equivalently the unique triangular solution
docs/papers172_176_sequence/scouting/stochastic_matrix/S01_THEOREM_PACKAGE.md:168:3. generic triangular-chain absorption algebra and generic finite-matrix
docs/papers152_156_sequence/scouting/stochastic_replacement2/OWNER_SEARCH_LOG.md:36:  convex polygon triangulation random diagonal flip Markov chain
docs/papers152_156_sequence/scouting/stochastic_replacement2/OWNER_SEARCH_LOG.md:38:  Molloy Reed Steiger triangulation walk
docs/papers152_156_sequence/scouting/stochastic_replacement2/OWNER_SEARCH_LOG.md:46:  random Apollonian network choose triangular face add vertex
docs/papers152_156_sequence/scouting/stochastic_replacement2/OWNER_SEARCH_LOG.md:77:  random compatible diagonal insertion convex polygon
docs/papers152_156_sequence/scouting/stochastic_replacement2/OWNER_SEARCH_LOG.md:78:  sequential random noncrossing chord insertion triangulation distribution
docs/papers152_156_sequence/scouting/stochastic_replacement2/OWNER_SEARCH_LOG.md:98:   [*On the mixing rate of the triangulation walk*](https://doi.org/10.1090/DIMACS/043/11),
docs/papers152_156_sequence/scouting/stochastic_replacement2/OWNER_SEARCH_LOG.md:101:   describe the chain on triangulations of a convex polygon that chooses one of
docs/papers152_156_sequence/scouting/stochastic_replacement2/OWNER_SEARCH_LOG.md:105:   [*Improved mixing for the convex polygon triangulation flip walk*](https://arxiv.org/abs/2207.09972),
docs/papers152_156_sequence/scouting/stochastic_replacement2/OWNER_SEARCH_LOG.md:130:introduce the rule that repeatedly chooses a triangular face and inserts a new
docs/papers152_156_sequence/scouting/stochastic_replacement2/OWNER_SEARCH_LOG.md:235:2. The ATF sources above own the convex-polygon triangulation carrier with a
docs/papers152_156_sequence/scouting/stochastic_replacement2/OWNER_SEARCH_LOG.md:237:3. Internally, P146 already occupies a convex-polygon triangulation endpoint
docs/papers152_156_sequence/scouting/stochastic_replacement2/OWNER_SEARCH_LOG.md:244:**Zero credit:** Catalan triangulation enumeration, static uniform dissection
docs/papers152_156_sequence/scouting/stochastic_replacement2/OWNER_SEARCH_LOG.md:245:laws, noncrossing/tree encodings, and the occupied internal polygon carrier.
docs/papers127_131_sequence/scouting/combinatorial/SCOUT.md:14:Engel/unitriangular reduction, odd-fringe tree mirroring, parity root rotation,
docs/papers127_131_sequence/scouting/combinatorial/SCOUT.md:41:| **PO2** | For $I\in J([2]\times[m])$, delete all maxima when $|\max I|$ is odd; otherwise add all minimal elements of the complement. | $1\le m\le7$, 119 states; last $I/F=24/0$; tail 6, period 2. | 1,227 | **RESERVE**, with the all-size contract in Section 4.  Both branches are lattice Pop and dual-Pop, so the residual is only the parity scheduler and its triangular-coordinate census. |
docs/papers127_131_sequence/scouting/combinatorial/SCOUT.md:259:branches.  The second draws the triangular coordinate grid: the functional
docs/papers127_131_sequence/scouting/combinatorial/SCOUT.md:265:2,667,125 triangular states and **8,003,445 assertions**.  Boundary pressure is
docs/papers127_131_sequence/scouting/combinatorial/SCOUT.md:301:Pop/dual-Pop owner, or a policy ruling that a solved triangular coordinate
docs/papers162_166_sequence/scouting/open_fresh_p166_round8/OWNER_SEARCH_LOG.md:67:triangular inversion makes every fibre a singleton, while the exact-one
papers/07-entropy-oriented-chiral-shift/sections/2_related_work.tex:1:\section{Cyclic languages, triangular realizations, and symbolic determinants}
papers/07-entropy-oriented-chiral-shift/sections/2_related_work.tex:33:identity.  This is why the successful finite mechanism below is triangular
docs/papers162_166_sequence/scouting/replacement_nonlinear_algebra/SCOUT.md:114:| `NL01`–`NL06`, `NL21` | P70 weighted Heisenberg nullities; P111 Heisenberg area; P119 regular Engel unitriangular dynamics; P135 centralizer partitions; P137 rank-feedback `p`-groups | The new windows centralize in one step or have a finite-linear quotient with a bilinear cocycle.  They add no owner-thin axis after commutator fibres are subtracted. |
docs/papers162_166_sequence/scouting/random_coloring_refinement/SCOUT.md:184:mean independently from the one-step triangular recurrence and obtains (5.3)
docs/papers204_208_sequence/scouting/word_local/MNC_GATE/SOURCE_AND_PROOF.md:181:the sources without a root/rotation factor. Its trace recurrence is
docs/papers157_161_sequence/scouting/replacement_geometry_mechanism/SCOUT.md:329:| `BST` | finite geometry overlaps P67/P81/P153 | no prior pairwise Steiner-triangle update | P153 is shallow but has a `p`-cycle with depth `p`, unlike fixed/3-cycle plus depth one | block incidence fibres are not P153's triangular-polynomial fibres | projective-line equation `a+b+c=0`, not polynomial-triangular conjugacy; survives |
docs/papers162_166_sequence/scouting/arithmetic_algebra/SCOUT.md:29:| `AA07/COX` | a type-`A_n` Coxeter element on positive roots, killed on first negative root | triangular depth shells and sink fibre `n+1` | literal Coxeter/reflection-functor action | `KILL_DIRECT_OWNER` |
docs/papers162_166_sequence/scouting/arithmetic_algebra/SCOUT.md:36:The forbidden QNC, Frobenius-linear, generic power-map, and triangular
docs/papers162_166_sequence/scouting/arithmetic_algebra/SCOUT.md:61:nilpotent subspace Fibonacci, transpose commutators, or triangular-factorial
docs/papers152_156_sequence/scouting/stochastic/SCOUT.md:49:- No vertex/edge deletion, forest peeling, greedy MIS, matching, polygon-ear
docs/papers204_208_sequence/qa/p208_round0_input_inspection/historical_workspace_origins/docs/papers204_208_sequence/scouting/order_geometry_tenth/OFS_PROOF_PACKAGE.md:11:On all triangulations of the convex polygon with labelled vertices
docs/papers204_208_sequence/qa/p208_round0_input_inspection/historical_workspace_origins/docs/papers204_208_sequence/scouting/order_geometry_tenth/OFS_PROOF_PACKAGE.md:14:triangulation. Call the resulting self-map $F_n$ (OFS).
docs/papers204_208_sequence/qa/p208_round0_input_inspection/historical_workspace_origins/docs/papers204_208_sequence/scouting/order_geometry_tenth/OFS_PROOF_PACKAGE.md:16:For $n=3$ the only triangulation is fixed. For every $n\ge4$ there is one
docs/papers204_208_sequence/qa/p208_round0_input_inspection/historical_workspace_origins/docs/papers204_208_sequence/scouting/order_geometry_tenth/OFS_PROOF_PACKAGE.md:29:remain open. The full finite carrier includes every triangulation and
docs/papers204_208_sequence/qa/p208_round0_input_inspection/historical_workspace_origins/docs/papers204_208_sequence/scouting/order_geometry_tenth/OFS_PROOF_PACKAGE.md:37:Root the usual triangulation dual decomposition at boundary edge
docs/papers204_208_sequence/qa/p208_round0_input_inspection/historical_workspace_origins/docs/papers204_208_sequence/scouting/order_geometry_tenth/OFS_PROOF_PACKAGE.md:38:$(0,n-1)$: the two children encode the subpolygons on either side of the
docs/papers204_208_sequence/qa/p208_round0_input_inspection/historical_workspace_origins/docs/papers204_208_sequence/scouting/order_geometry_tenth/OFS_PROOF_PACKAGE.md:41:express recursion; it is not an extra polygon state.
docs/papers204_208_sequence/qa/p208_round0_input_inspection/historical_workspace_origins/docs/papers204_208_sequence/scouting/order_geometry_tenth/OFS_PROOF_PACKAGE.md:54:The operation $F$ denotes the same literal polygon map in this dictionary,
docs/papers204_208_sequence/qa/p208_round0_input_inspection/historical_workspace_origins/docs/papers204_208_sequence/scouting/order_geometry_tenth/OFS_PROOF_PACKAGE.md:60:   smaller independent polygons. This proves the recursive dictionary.
docs/papers204_208_sequence/qa/p208_round0_input_inspection/historical_workspace_origins/docs/papers204_208_sequence/scouting/order_geometry_tenth/OFS_PROOF_PACKAGE.md:105:subpolygons encode the branches $B_j$ of $\operatorname{LS}(T)$.
docs/papers204_208_sequence/qa/p208_round0_input_inspection/historical_workspace_origins/docs/papers204_208_sequence/scouting/order_geometry_tenth/OFS_PROOF_PACKAGE.md:220:Thus, for every polygon target $Y$,
docs/papers204_208_sequence/qa/p208_round0_input_inspection/historical_workspace_origins/docs/papers204_208_sequence/scouting/order_geometry_tenth/OFS_PROOF_PACKAGE.md:247:$R=\operatorname{LC}_m$. Its triangulation is precisely the fan at
docs/papers204_208_sequence/qa/p208_round0_input_inspection/historical_workspace_origins/docs/papers204_208_sequence/scouting/order_geometry_tenth/OFS_PROOF_PACKAGE.md:280:the literal image under the standard Dyck-word bijection. That earlier
papers/100-least-valuation-digit-erasure/main.tex:142:map triangular in digit coordinates; subtracting the highest nonzero place
papers/100-least-valuation-digit-erasure/main.tex:295:Joint regimes in which $p$ varies with $r$ require a triangular-array
docs/papers197_201_sequence/scouting/word_poset_lane/TCSD_THEOREM_CONTRACT.md:189:Thus `M_-` is strict lower triangular, `M_0=I`, and `M_+` is strict upper
docs/papers197_201_sequence/scouting/word_poset_lane/TCSD_THEOREM_CONTRACT.md:190:triangular.  For every labelled target `y=y_0...y_(n-1)`, including targets
docs/papers162_166_sequence/scouting/open_fresh_p165/OWNER_SEARCH_LOG.md:97:| P137 | sharp resource-budget clock plus target inverse | strongest silhouette risk; P137's permanent additive marker parts yield a triangular clock and partition fibres, whereas SDS's multiplicative distance yields dyadic layers and target code extensions.  Generic resource summation is zero credit, but the core recursion and target invariants differ |
docs/papers142_146_sequence/scouting/stochastic/SCOUT.md:56:| `PE1` | In a labelled convex polygon choose any current vertex uniformly, delete that ear, and record the new neighbour diagonal; stop at a triangle. | Every one of the 68,185 complete deletion sequences for orders 3 through 9; 625 terminal triangulations; every final-face refinement. 5,984 assertions. | Fixed clock, complete endpoint/history law by the weak dual tree, and a sharp least endpoint mass. **`FINALIST_INTERNAL/HOLD_EXTERNAL`.** |
docs/papers142_146_sequence/scouting/stochastic/SCOUT.md:67:polygon ear deletion, root-retaining tree fragmentation, two-ended workload
docs/papers142_146_sequence/scouting/stochastic/SCOUT.md:214:## 4. Finalist `PE1`: uniform ear deletion of a convex polygon
docs/papers142_146_sequence/scouting/stochastic/SCOUT.md:221:current neighbours.  The remaining polygon is again convex.  The process
docs/papers142_146_sequence/scouting/stochastic/SCOUT.md:223:triangulation `T`.
docs/papers142_146_sequence/scouting/stochastic/SCOUT.md:238:many-to-one history law onto triangulations.
docs/papers142_146_sequence/scouting/stochastic/SCOUT.md:242:Let `D_T` be the weak dual tree of `T`: its `N=n-2` vertices are the triangular
docs/papers142_146_sequence/scouting/stochastic/SCOUT.md:267:triangulations and every possible final face against (PE1.3).
docs/papers142_146_sequence/scouting/stochastic/SCOUT.md:269:The exact profiles `n : number of triangulations / min H / max H` are
docs/papers142_146_sequence/scouting/stochastic/SCOUT.md:309:[*Parallelized ear clipping for the triangulation and constrained Delaunay
docs/papers142_146_sequence/scouting/stochastic/SCOUT.md:310:triangulation of polygons*](https://doi.org/10.1016/j.comgeo.2018.01.004)
docs/papers142_146_sequence/scouting/stochastic/SCOUT.md:312:[*A bijection between triangulations and 312-avoiding
docs/papers142_146_sequence/scouting/stochastic/SCOUT.md:314:the convex-polygon/triangulation setting.  Convex-polygon triangulations,
docs/papers142_146_sequence/scouting/stochastic/SCOUT.md:318:The bounded primary search used `random ear clipping triangulation
docs/papers142_146_sequence/scouting/stochastic/SCOUT.md:319:distribution`, `ear removal sequences dual tree`, and `triangulation shelling
docs/papers142_146_sequence/scouting/stochastic/SCOUT.md:328:still clear: the evolving carrier is a shrinking convex polygon, any current
docs/papers142_146_sequence/scouting/stochastic/SCOUT.md:329:vertex is selected uniformly, the endpoint is a random triangulation rather
docs/papers142_146_sequence/scouting/stochastic/SCOUT.md:332:fibres, not triangulation shellings.  There is no majority, greedy MIS,
docs/papers142_146_sequence/scouting/stochastic/SCOUT.md:446:| `PE1` | rooted-forest leaf peeling; chord-matching retraction/fibres | Polygon vertices, recorded triangulation diagonals, and endpoint probabilities differ literally. Dual-tree hook machinery is a serious shared proof engine and receives zero generic credit. **Finalist/HOLD.** |
docs/papers142_146_sequence/scouting/stochastic/SCOUT.md:459:with deterministic clock, random triangulation endpoints, and dual-tree
docs/papers142_146_sequence/scouting/stochastic/SCOUT.md:468:| 2 | `PE1` | fixed clock, every-triangulation and final-face hook law, sharp path-dual minimum | **`FINALIST_INTERNAL/HOLD_EXTERNAL`; ear clipping and generic tree hooks zero-credit** |
docs/papers204_208_sequence/scouting/OFS_GATE/CANDIDATE_GATE.md:9:The original scope is every triangulation of a labelled convex n-gon;
docs/papers204_208_sequence/scouting/OFS_GATE/CANDIDATE_GATE.md:25:one-leaf tree used in recursion is not an additional polygon system.
docs/papers204_208_sequence/scouting/OFS_GATE/CANDIDATE_GATE.md:34:A full same-carrier composition containing Tamari Pop-up or Pop-down is
docs/papers204_208_sequence/scouting/OFS_GATE/CANDIDATE_GATE.md:58:checker was independently written using a flip-graph BFS of polygon edge
docs/papers204_208_sequence/scouting/OFS_GATE/CANDIDATE_GATE.md:95:complete Tamari Pop maps. SHA-256:
docs/papers204_208_sequence/scouting/OFS_GATE/CANDIDATE_GATE.md:99:| n | states | F image | maximum entrance | maximum fibre | Tamari Pop rank |
docs/papers204_208_sequence/scouting/OFS_GATE/CANDIDATE_GATE.md:125:original-scope polygon. At all n<=10 it tests same-size K closure,
docs/papers204_208_sequence/scouting/OFS_GATE/CANDIDATE_GATE.md:143:  an auxiliary KG implementation attempted a polygon larger than n=10.
docs/papers204_208_sequence/scouting/OFS_GATE/CANDIDATE_GATE.md:144:  The guard ran before any such sweep; no enlarged polygon calculation
docs/papers117_121_sequence/scouting/ALGEBRAIC_PHASE2B_SCOUT.md:219:**System.** Let $U_n(\mathbb F_q)$ be upper unitriangular, let
docs/papers117_121_sequence/scouting/ALGEBRAIC_PHASE2B_SCOUT.md:421:- B2B-04: “Engel map unitriangular group fixed element functional graph,”
docs/papers162_166_sequence/scouting/open_fresh_p166_round3/SCOUT.md:190:is one root rotation.  At eleven internal nodes the maximum fibre is three,
docs/papers162_166_sequence/scouting/open_fresh_p166_round3/SCOUT.md:195:The move is a Tamari cover and the heavy-child condition is a standard
docs/papers162_166_sequence/scouting/open_fresh_p166_round3/SCOUT.md:197:Tamari/comb scheduler together with a sharp clock and target-local inverse
papers/111-positive-heisenberg-word-area-cocycle/main.tex:93:Heisenberg and higher unitriangular groups have a broad coordinate-level
papers/111-positive-heisenberg-word-area-cocycle/main.tex:347:condition is therefore eventually vacuous, and the triangular-array
papers/111-positive-heisenberg-word-area-cocycle/main.tex:529:unitriangular random-walk limit theory is subtracted against
papers/07-entropy-oriented-chiral-shift/sections/0_abstract.tex:22:crossings.  Nevertheless the triangular coupling changes singular values
docs/papers204_208_sequence/scouting/algebra/CS_GATE/CANDIDATE_GATE.md:26:an author of the incoming CS notes. The triangular coordinate reduction
docs/papers204_208_sequence/scouting/algebra/CS_GATE/CANDIDATE_GATE.md:213:triangular bijection and endpoint formula on all zero-trace input states.
docs/papers167_171_sequence/scouting/rps_reentry_gate/OWNER_COLLISION_AUDIT.md:157:| P146, uniform ear deletion | monotone random deletion | polygon/triangulation endpoint hooks; no powerset meet kernel or permutation cycle mark |
docs/papers162_166_sequence/scouting/open_fresh_p166_round7/SCOUT.md:76:Let `U_n(F_2)` be the unitriangular incidence algebra of the chain `[n]`.  For
docs/papers162_166_sequence/scouting/open_fresh_p166_round7/SCOUT.md:89:There is a genuine triangular temporal observation.  For interval length
docs/papers162_166_sequence/scouting/open_fresh_p166_round7/SCOUT.md:207:quadratic congruences, binary unitriangular inverses, full transformation
docs/papers162_166_sequence/scouting/open_fresh_p166_round3/IDEA_LEDGER.md:34:| `RHR` | plane full binary trees; rotate the root toward a child heavier by at least two internal nodes | only periods 1 and 2; at most three one-step predecessors; max tail `floor((n-1)/2)` | explicit every-target predecessor list and sharp tail | **`KILL_INTERNAL_P144_ROTATION`**; the carrier, atomic Tamari rotation, deterministic scheduler, clock and local inverse silhouette are already occupied |
docs/papers152_156_sequence/scouting/stochastic_replacement2/SCOUT.md:31:   program is currently available; its polygon carrier also collides with the
docs/papers152_156_sequence/scouting/stochastic_replacement2/SCOUT.md:52:- ATF and RNC keep a polygon and modify/add diagonals; neither deletes graph
docs/papers152_156_sequence/scouting/stochastic_replacement2/SCOUT.md:54:  occupied internal polygon carrier.
docs/papers152_156_sequence/scouting/stochastic_replacement2/SCOUT.md:69:| ATF | choose a triangulation diagonal uniformly and flip it | Catalan state counts through the octagon; uniform stationary; hexagon two-step return `1/3` | regular reversible chain only | direct triangulation-flip-walk literature | **KILL_DIRECT** |
docs/papers152_156_sequence/scouting/stochastic_replacement2/SCOUT.md:71:| RAN | choose an active triangular face uniformly and subdivide it into three | ordered ternary states `1,3,12,55,273,1428`; exact hook probability | hook distribution plus pilot area range | literal Random Apollonian Network owner | **KILL_DIRECT** |
docs/papers152_156_sequence/scouting/stochastic_replacement2/SCOUT.md:77:| RNC | add a uniformly chosen compatible polygon diagonal | every triangulation through heptagon; first nonuniformity at hexagon | exact finite path-sum only | static noncrossing owners; internal P146 carrier | **KILL_THIN_INTERNAL** |
docs/papers152_156_sequence/scouting/stochastic_replacement2/SCOUT.md:80:## 1. ATF — associahedron triangulation-flip walk
docs/papers152_156_sequence/scouting/stochastic_replacement2/SCOUT.md:84:Fix a labelled convex `n`-gon, `n>=4`.  A state is a triangulation `T`.  Choose
docs/papers152_156_sequence/scouting/stochastic_replacement2/SCOUT.md:89:The verifier constructs all triangulations literally and obtains
docs/papers152_156_sequence/scouting/stochastic_replacement2/SCOUT.md:143:Start with one active triangular face.  At each step choose an active face
docs/papers152_156_sequence/scouting/stochastic_replacement2/SCOUT.md:348:diagonals, and add it.  After `n-3` steps the endpoint is a triangulation.
docs/papers152_156_sequence/scouting/stochastic_replacement2/SCOUT.md:350:For a triangulation `T`, the exact endpoint law is the finite path sum
docs/papers152_156_sequence/scouting/stochastic_replacement2/SCOUT.md:372:promising, but no sufficient triangulation statistic, transform, inverse
docs/papers152_156_sequence/scouting/stochastic_replacement2/SCOUT.md:375:convex-polygon/triangulation carrier is occupied internally by P146.  A bounded
docs/papers204_208_sequence/scouting/finite_algebra_ninth/SOURCE_AND_COLLISION.md:52:| Hendrik Lenstra, *Construction of the ring of Witt vectors*. [Author lecture notes](https://math.berkeley.edu/~hwl/papers/witt.pdf), dated 4 March 2002, based on John Voight's notes; [publisher record](https://link.springer.com/article/10.1007/s40879-018-0294-1). | Author PDF p.1 date/attribution; p.2 truncated unit-series setup; pp.6–7 definition of $tu'/u$, ghost homomorphism proposition, Euler-product bijection Lemma 5 and final ghost-component formula. This directly owns ELD's static primitive. The finite-field image/fibre and triangular height deductions are exposed consequences, not an independent static contribution. No full individual-cycle theorem is attributed to Lenstra. |
docs/papers162_166_sequence/scouting/plane_partition_layer_stripping/OWNER_SEARCH_LOG.md:90:| P144 leftmost Dyck reassociation | exact iterate/clock plus target-resolved histories | Same package shape, but P144 has a nontrivial reassociation and unique inverse construction. `L` is strictly thinner. |
docs/papers167_171_sequence/scouting/mip_hostile_gate/INTERNAL_COLLISION_AUDIT.md:53:| P137--P146 | rank feedback, palindromic XOR, Lyndon starts, stochastic majority/MIS, Boolean row inclusion, Dyck merging, orientation push, triangulation deletion | P143 is the nearest relation/retraction neighbor and is separated below |
docs/papers167_171_sequence/scouting/mip_hostile_gate/INTERNAL_COLLISION_AUDIT.md:54:| P147--P156 | run consolidation, tree contraction, peak extraction, Lyness, first passage, triangular books, finite-plane maps, normalizers, permutation extraction | P154--P156 share graph signatures or block extrema only; no literal/conjugate map |
docs/papers162_166_sequence/scouting/open_fresh_p166_round7/IDEA_LEDGER.md:18:| `IHI` | binary unitriangular chain incidence algebra, `U -> U circ U^{-1}` | monotone interval deletion, no cycles, stabilization by `n-2`; small-box maximum tails `0,0,1,2,3,4` | fixed/image/fibre counts branch as `1,2,7,41,393,6082` and maximum first fibres reach `164`; no closed target atlas | `A circ A^{-1}` and incidence inversion are established; generic pruning and P103/P127 pressure | `KILL_NO_SECOND_AXIS` |
docs/papers162_166_sequence/scouting/open_fresh_p166_round7/IDEA_LEDGER.md:29:2. `IHI` has the best genuinely unusual small-box anomaly.  Its triangular
docs/papers204_208_sequence/scouting/finite_structures_eighth/DESK_CHECKPOINT.md:23:2. DTD: upper-triangular relations on `[n]`, `R -> R^2 \ R` for Boolean
docs/papers204_208_sequence/scouting/finite_systems_eighteenth/SOURCE_AND_HISTORY.md:23:rank/count, polygon flip, and local-priority families were not explored.
docs/papers167_171_sequence/scouting/algebra_arithmetic/COLLISION_FIREWALL.md:18:| P125 quadratic shear | Nonlinear polynomial behavior over finite fields | Inversion is rational and the update consumes an entire projective subspace.  No triangular-coordinate clock or coefficient shear is used. |
docs/papers162_166_sequence/scouting/open_fresh_p165/IDEA_LEDGER.md:21:- Dyck/Motzkin coordinate erosion, parallel peak contraction, and path
docs/papers172_176_sequence/scouting/algebra_arithmetic/OWNER_SEARCH_LOG.md:132:complete functional tree.  Replacing the regular unitriangular element by a
docs/papers162_166_sequence/scouting/word_combinatorial/OWNER_SEARCH_LOG.md:70:"Dyck path" "area sequence" subtract 1 positive entries
docs/papers162_166_sequence/scouting/word_combinatorial/OWNER_SEARCH_LOG.md:71:"Dyck path" "area sequence" decrement
docs/papers162_166_sequence/scouting/word_combinatorial/OWNER_SEARCH_LOG.md:72:Dyck path height truncation remove bottom layer
docs/papers162_166_sequence/scouting/word_combinatorial/OWNER_SEARCH_LOG.md:73:Dyck paths erosion height profile dynamics
docs/papers162_166_sequence/scouting/word_combinatorial/OWNER_SEARCH_LOG.md:92:- Static area-sequence encoding, Catalan enumeration, and all ordinary Dyck
docs/papers162_166_sequence/scouting/word_combinatorial/OWNER_SEARCH_LOG.md:94:- P144 owns the portfolio's Dyck/Catalan target interfaces.  Its dynamics is
docs/papers162_166_sequence/scouting/word_combinatorial/OWNER_SEARCH_LOG.md:95:  leftmost reassociation and its inverse is a primitive-target suffix lift,
docs/papers162_166_sequence/scouting/word_combinatorial/OWNER_SEARCH_LOG.md:109:| `VVT` | cycle-lemma/Vervaat-transform literature returned for rotation after a global minimum | literal bridge-to-Dyck normalization is classical; only an idempotent normalizer remained |
docs/papers162_166_sequence/scouting/word_combinatorial/OWNER_SEARCH_LOG.md:128:| `DAE/MHE` | P160 RCS; P144 Dyck carrier | adjacency-constrained transfer replaces a product, but temporal truncation and the clock/image/fibre silhouette are already occupied |
docs/papers162_166_sequence/scouting/open_fresh_p166_round3/OWNER_SEARCH_LOG.md:22:- `root heavy binary tree rotation`, `weight balanced tree root rotation`,
docs/papers162_166_sequence/scouting/open_fresh_p166_round3/OWNER_SEARCH_LOG.md:23:  `Tamari deterministic rotation dynamics`;
docs/papers162_166_sequence/scouting/open_fresh_p166_round3/OWNER_SEARCH_LOG.md:111:## 5. `RHR`: weight-directed root rotation
docs/papers162_166_sequence/scouting/open_fresh_p166_round3/OWNER_SEARCH_LOG.md:115:- Huang and Tamari,
docs/papers162_166_sequence/scouting/open_fresh_p166_round3/OWNER_SEARCH_LOG.md:117:  own the associativity/Tamari rotation setting.
docs/papers162_166_sequence/scouting/open_fresh_p166_round3/OWNER_SEARCH_LOG.md:120:  Triangulations*](https://acta.bibl.u-szeged.hu/12796/), studies
docs/papers162_166_sequence/scouting/open_fresh_p166_round3/OWNER_SEARCH_LOG.md:136:has exactly the portfolio conjunction of a deterministic Tamari scheduler,
docs/papers162_166_sequence/scouting/open_fresh_p166_round3/OWNER_SEARCH_LOG.md:237:| `RHR` | no | Tamari/weight rotations + P144 | kill |
docs/papers162_166_sequence/scouting/open_fresh_p166_round8/IDEA_LEDGER.md:36:| `QTF` | ordered DAGs; toggle an arrow iff it has exactly one two-arrow factorization | triangular-by-span bijection; periods through `n=6` are powers up to `8` | all fibres are singleton and no all-`n` cycle formula closed; the exact-one two-walk engine is the killed `UWS` neighbourhood | `KILL_NO_SECOND_AXIS_UWS` |
docs/papers172_176_sequence/scouting/combinatorial_crossdomain/OWNER_SEARCH_LOG.md:29:13. `Dyck word canonical matching mark matched letters iteration`
docs/papers172_176_sequence/scouting/combinatorial_crossdomain/OWNER_SEARCH_LOG.md:39:`breadth`, `level-order`, `Dyck`, `parenthesis`, `matching support`, `LZ78`,
docs/papers172_176_sequence/scouting/combinatorial_crossdomain/OWNER_SEARCH_LOG.md:51:| Dyck/parenthesis normal forms | The ordinary Dyck-language stack grammar and matching decomposition; internally P74's exact exposed-stack/polycyclic normal forms. | Reduction to unmatched closes followed by unmatched opens, with matched Dyck blocks and Catalan counts. | The whole image/fibre theorem of `W01_BMS` is owner-subtracted even though the output support mask is a different literal object. |
docs/papers172_176_sequence/scouting/combinatorial_crossdomain/OWNER_SEARCH_LOG.md:72:`BMS_DERIVATION.md` is entirely the classical residual/Dyck factorisation,
docs/papers204_208_sequence/scouting/finite_systems_twelfth/SOURCE_AND_COLLISION.md:57:No OFS/triangulation/flip proof content was read or used.
docs/papers172_176_sequence/scouting/fresh_geometry_automata/OWNER_SEARCH_LOG.md:26:cells, and matching/Dyck signatures.
docs/papers172_176_sequence/scouting/combinatorial_crossdomain/COLLISION_FIREWALL.md:26:| `W01_BMS` | P74 Dyck/Motzkin exposed-stack normal forms; P90 Rule-184 traffic; P93 push--pop cocycles; P144 Dyck reassociation; earlier parallel cancellation and box-ball kills. | The image and fibre theorem is exactly a residual `0^a1^b` plus Dyck-block factorisation.  The new first-run potential is nonsharp. **Kill current / owner-amber control.** |
docs/papers142_146_sequence/scouting/combinatorial/SCOUT.md:22:rooted labelled trees, Dyck paths and Catalan area sequences, ordered set
docs/papers142_146_sequence/scouting/combinatorial/SCOUT.md:30:- **D01, leftmost Dyck reassociation:** one owner-thin reserve.  It has a
docs/papers142_146_sequence/scouting/combinatorial/SCOUT.md:33:  classical Tamari cover, so only the deterministic iteration/fibre
docs/papers142_146_sequence/scouting/combinatorial/SCOUT.md:58:| **D01** | Dyck paths.  If the prime decomposition is `C_1 C_2...C_k`, `C_1=U A D`, `k>=2`, replace the first two factors by `U A C_2 D`; leave the remaining factors in place. | `1<=n<=11`; 82,499 paths; periods `1`; max tail `10`; last `I/F=41,990/16,796`.  Exact depth, all layers, unique deepest source, and every-target depth fibres pass. | **7.2/10, OWNER-THIN RESERVE.**  The move is the leftmost ground-level Tamari rotation and all prime-component counts are zero credit.  A bounded search found no direct owner of the repeated leftmost scheduler plus pointwise depth-fibre polynomial; that non-hit is not novelty. |
docs/papers142_146_sequence/scouting/combinatorial/SCOUT.md:75:## 3. Strongest residual: D01 leftmost Dyck reassociation
docs/papers142_146_sequence/scouting/combinatorial/SCOUT.md:79:Write the unique prime decomposition of a Dyck path of semilength `n` as
docs/papers142_146_sequence/scouting/combinatorial/SCOUT.md:92:next prime component.  This is one Tamari cover, always selected at the
docs/papers142_146_sequence/scouting/combinatorial/SCOUT.md:95:The verifier exhausts all **82,499** Dyck paths through semilength eleven.
docs/papers142_146_sequence/scouting/combinatorial/SCOUT.md:114:The recurrent set is exactly the prime Dyck paths, all fixed, and therefore
docs/papers142_146_sequence/scouting/combinatorial/SCOUT.md:123:The number of Dyck paths of semilength `n` with exactly `k` prime factors is
docs/papers142_146_sequence/scouting/combinatorial/SCOUT.md:136:Dyck paths or by Lagrange inversion.  Both are owner background.
docs/papers142_146_sequence/scouting/combinatorial/SCOUT.md:173:- Huang and Tamari's primary paper owns right reassociation and the Tamari
docs/papers142_146_sequence/scouting/combinatorial/SCOUT.md:175:- The standard Dyck-path cover is explicitly the swap of a down-step with the
docs/papers142_146_sequence/scouting/combinatorial/SCOUT.md:176:  following excursion in the primary `m`-Tamari literature; see
docs/papers142_146_sequence/scouting/combinatorial/SCOUT.md:180:  [*On the Prime Decomposition of Dyck Words*](https://combinatorialpress.com/jcmcc-articles/volume-040/on-the-prime-decomposition-of-dyck-words/).
docs/papers142_146_sequence/scouting/combinatorial/SCOUT.md:182:Searches for `leftmost ground Tamari rotation iteration`, `merge first two
docs/papers142_146_sequence/scouting/combinatorial/SCOUT.md:183:primitive Dyck components dynamics`, `Dyck path terminal fibres leftmost
docs/papers142_146_sequence/scouting/combinatorial/SCOUT.md:188:unique clock, and the every-terminal depth-fibre polynomial.  The Tamari move,
docs/papers142_146_sequence/scouting/combinatorial/SCOUT.md:362:| D01 | P126 composition refinement; P90 traffic only at the word-rewrite level; classical Tamari lattice | No literal P1--P141 identity was proved.  D01 uses one leftmost prime-component rotation, linear component clock, primitive recurrent set, and terminal geometric fibres.  Atomic rotation and all Catalan/return enumeration are zero credit; retain only as owner-thin reserve. |
docs/papers142_146_sequence/scouting/combinatorial/SCOUT.md:413:   hostile Tamari-owner/value gate.  Require that gate to judge the repeated
docs/papers204_208_sequence/scouting/order_geometry_tenth/DESK_DECLARATION.md:50:Every triangulation of a convex polygon with cyclic labels
docs/papers204_208_sequence/scouting/order_geometry_tenth/DESK_DECLARATION.md:53:original triangulation, visit this recorded list once; when a recorded
docs/papers204_208_sequence/scouting/order_geometry_tenth/DESK_DECLARATION.md:58:Fixed complete boxes if not desk-excluded: every triangulation for
docs/papers204_208_sequence/scouting/order_geometry_tenth/DESK_DECLARATION.md:61:recorded sweep equal classical polygon rotation/promotion/pop-stack under
docs/papers204_208_sequence/scouting/order_geometry_tenth/DESK_DECLARATION.md:71:triangulation rotation. Local theorem claims require original reads, not
docs/papers204_208_sequence/scouting/graph_geometry_third/SOURCE_AND_COLLISION.md:35:| `algebra/CS_GATE/CANDIDATE_GATE.md` | Its full triangular endpoint-coordinate bijection reduces the alleged new rank-jump fibre to $(r,w)\mapsto rw$ with free coordinates. PED's classical scalar-similarity neighborhood cannot earn a new temporal engine merely by reducing modulo a prime. No unproved full PED conjugacy is asserted. |
docs/papers172_176_sequence/scouting/fresh_geometry_automata/SCOUT_AND_KILL_LEDGER.md:16:| `D08_MQP` | Perfect matchings on `[2m]`.  Preserve the opener/closer word and pair the `i`th opener with the `i`th closer. | All matchings through `m=6` (10,395); a retraction onto `Cat_m` queue/non-nesting matchings. | The target fibre is the product of the open height at each closer, with maximum `m!`. | **`KILL_DYCK_NORMAL_FORM`.** This is the classical matching-to-Dyck-signature projection/Hermite-history choice product, and its normal-form engine is adjacent to occupied P74. |
docs/papers162_166_sequence/scouting/open_fresh_p166_round7/OWNER_SEARCH_LOG.md:78:unitriangular matrix Hadamard product with inverse dynamics
docs/papers162_166_sequence/scouting/open_fresh_p166_round7/OWNER_SEARCH_LOG.md:92:all-parameter target atlas, and the remaining temporal proof is triangular
docs/papers197_201_sequence/scouting/graph_matching_lane/README.md:21:target-indexed triangular fibre atlas.  The generic augmenting-path clock,
docs/papers204_208_sequence/scouting/order_geometry_tenth/ofs_theorem_execution_01/OFS_THEOREM_CHECK_DECLARATION.md:8:Use exactly the original complete polygon carriers $n=3,\ldots,10$.
docs/papers204_208_sequence/scouting/order_geometry_tenth/ofs_theorem_execution_01/OFS_THEOREM_CHECK_DECLARATION.md:11:construct their polygon edges, perform the declared snapshot flips by
docs/papers204_208_sequence/scouting/order_geometry_tenth/ofs_theorem_execution_01/OFS_THEOREM_CHECK_DECLARATION.md:27:evaluate an additional larger polygon map.
docs/papers204_208_sequence/scouting/order_geometry_tenth/ofs_theorem_execution_01/DESK_DECLARATION.md:50:Every triangulation of a convex polygon with cyclic labels
docs/papers204_208_sequence/scouting/order_geometry_tenth/ofs_theorem_execution_01/DESK_DECLARATION.md:53:original triangulation, visit this recorded list once; when a recorded
docs/papers204_208_sequence/scouting/order_geometry_tenth/ofs_theorem_execution_01/DESK_DECLARATION.md:58:Fixed complete boxes if not desk-excluded: every triangulation for
docs/papers204_208_sequence/scouting/order_geometry_tenth/ofs_theorem_execution_01/DESK_DECLARATION.md:61:recorded sweep equal classical polygon rotation/promotion/pop-stack under
docs/papers204_208_sequence/scouting/order_geometry_tenth/ofs_theorem_execution_01/DESK_DECLARATION.md:71:triangulation rotation. Local theorem claims require original reads, not
docs/papers172_176_sequence/scouting/stochastic_matrix/G05_THEOREM_PACKAGE.md:137:3. generic triangular-chain absorption and Jordan linear algebra;
docs/papers204_208_sequence/scouting/order_geometry_tenth/tree_execution_02/DESK_DECLARATION.md:50:Every triangulation of a convex polygon with cyclic labels
docs/papers204_208_sequence/scouting/order_geometry_tenth/tree_execution_02/DESK_DECLARATION.md:53:original triangulation, visit this recorded list once; when a recorded
docs/papers204_208_sequence/scouting/order_geometry_tenth/tree_execution_02/DESK_DECLARATION.md:58:Fixed complete boxes if not desk-excluded: every triangulation for
docs/papers204_208_sequence/scouting/order_geometry_tenth/tree_execution_02/DESK_DECLARATION.md:61:recorded sweep equal classical polygon rotation/promotion/pop-stack under
docs/papers204_208_sequence/scouting/order_geometry_tenth/tree_execution_02/DESK_DECLARATION.md:71:triangulation rotation. Local theorem claims require original reads, not
papers/152-triad-dynamics-triangular-books/main.tex:27:\title[Triad dynamics on triangular books]{Joint Absorption and Spine-Flip Laws for Local Triad Dynamics on Triangular Books}
papers/152-triad-dynamics-triangular-books/main.tex:35:triangular book $B(3,r)=K_{1,1,r}$ and count active imbalanced-triad update
papers/152-triad-dynamics-triangular-books/main.tex:366:triangular-book edge-deletion process removes edges; here every edge remains
docs/papers172_176_sequence/scouting/combinatorial_crossdomain/BMS_DERIVATION.md:9:Dyck reduction already occupied internally and the surviving temporal bound
docs/papers172_176_sequence/scouting/combinatorial_crossdomain/BMS_DERIVATION.md:57:matched Dyck words.  Consequently every maximal consecutive block of matched
docs/papers172_176_sequence/scouting/combinatorial_crossdomain/BMS_DERIVATION.md:61:choose any Dyck word of semilength `m_i`.  At the `z` zero positions of `y`,
docs/papers172_176_sequence/scouting/combinatorial_crossdomain/BMS_DERIVATION.md:64:Dyck blocks match internally, and no residual position matches, so the support
docs/papers172_176_sequence/scouting/combinatorial_crossdomain/BMS_DERIVATION.md:69:`Cat_(m_i)` Dyck words.  This proves (2.1), including the empty target and
docs/papers172_176_sequence/scouting/combinatorial_crossdomain/BMS_DERIVATION.md:131:- Ordinary stack matching, the residual normal form `0^a1^b`, Dyck blocks,
docs/papers172_176_sequence/scouting/combinatorial_crossdomain/BMS_DERIVATION.md:133:  exposed-stack/polycyclic normal-form engine for Dyck and Motzkin systems.
docs/papers172_176_sequence/scouting/combinatorial_crossdomain/BMS_DERIVATION.md:141:- P144 occupies Dyck reassociation and its Catalan target fibres.  Again the
docs/papers162_166_sequence/scouting/root_random_permutation_sieve/SCOUT.md:172:solves the triangular absorption recurrences for (5)--(7).  Through `n=5`, it
docs/papers204_208_sequence/scouting/order_geometry_tenth_desk/OFS_RECURSION_AND_FIBRES.md:23:The carrier is every triangulation of the convex polygon with cyclic
docs/papers204_208_sequence/scouting/order_geometry_tenth_desk/OFS_RECURSION_AND_FIBRES.md:26:in the current triangulation. New diagonals are not scheduled. The presence
docs/papers204_208_sequence/scouting/order_geometry_tenth_desk/OFS_RECURSION_AND_FIBRES.md:30:Dependencies are: rooted-tree triangulation encoding; the first active
docs/papers204_208_sequence/scouting/order_geometry_tenth_desk/OFS_RECURSION_AND_FIBRES.md:42:right subpolygons as children; a leaf $e$ is a boundary interval. Thus
docs/papers204_208_sequence/scouting/order_geometry_tenth_desk/OFS_RECURSION_AND_FIBRES.md:43:a triangulation has $n-1$ leaves and $m=n-2$ internal nodes. The isolated
docs/papers204_208_sequence/scouting/order_geometry_tenth_desk/OFS_RECURSION_AND_FIBRES.md:44:leaf is an auxiliary empty interval case, not an additional polygon
docs/papers204_208_sequence/scouting/order_geometry_tenth_desk/OFS_RECURSION_AND_FIBRES.md:92:The cell bounded by $(1,a_2)$ has encoded triangulation $(B_1,B_2)$
docs/papers204_208_sequence/scouting/order_geometry_tenth_desk/OFS_RECURSION_AND_FIBRES.md:242:and equality forces $l=1$ and $R=L_m$. This is the unique polygon
docs/papers204_208_sequence/scouting/order_geometry_tenth_desk/OFS_RECURSION_AND_FIBRES.md:244:one; at $m=2$ both quadrilateral triangulations have fibre one. These
docs/papers204_208_sequence/scouting/TENTH_ROOT_INSPECTION.md:32:2,055 states for the originally declared polygons n=3,...,10, with all
papers/172-fresh-map-self-image-erosion/main.tex:52:and generic triangular-chain algebra are treated as background.  The literal
papers/172-fresh-map-self-image-erosion/main.tex:207:go to subsets, $P$ is lower triangular.  A self-loop at an $a$-set requires
papers/172-fresh-map-self-image-erosion/main.tex:272:\cite{Charalambides1984,ONeill2023,FitzsimmonsPitman1999}; and triangular
papers/172-fresh-map-self-image-erosion/main.tex:283:triangular spectra, Jordan recursion, and absorption.  All of that proof
docs/papers197_201_sequence/scouting/final_seat_tree_lane_20260905/LEDGER.md:13:| SCW desk lead | On pairs of upper-unitriangular group elements, $F(x,y)=(y,x^{-1}y^{-1}xy)$. | P162–166 `replacement_nonlinear_algebra/SCOUT.md`, `NL01/SCW`, already killed this literal on Heisenberg groups as `KILL_WORD_MAP_OWNER_THIN`. Merely enlarging nilpotency class does not authorize revival. **`DESK_REJECT_OLD_LITERAL_FAMILY`**, no new pilot. |
docs/papers162_166_sequence/scouting/word_combinatorial/SCOUT.md:15:The two strongest raw signals were `DAE` (Dyck area-sequence erosion) and
docs/papers162_166_sequence/scouting/word_combinatorial/SCOUT.md:27:  occupied truncation engine.  Its Dyck carrier also forces subtraction of
docs/papers162_166_sequence/scouting/word_combinatorial/SCOUT.md:28:  P144's Catalan/Dyck interfaces.
docs/papers162_166_sequence/scouting/word_combinatorial/SCOUT.md:49:primitive-Dyck cutting, and tree-suppression candidates were not re-entered.
docs/papers162_166_sequence/scouting/word_combinatorial/SCOUT.md:58:| `DAE` | Dyck area sequence `a=(0,a_2,...,a_n)` with `a_{i+1}<=a_i+1`; set `a_i -> (a_i-1)_+` | at `n=9`, images `4862,1430,429,132,42,14,5,2,1`; sharp height `8` | `a_i(t)=(a_i-t)_+`; clock `max a_i`; time-`t` image `(UD)^t D_{n-t}` of size `C_{n-t}`; every-target area-GF by a finite transfer matrix | exact P160 truncation/clock/fibre silhouette; P144 owns Dyck/Catalan interfaces | **`KILL_P160_PROOF_ENGINE`** |
docs/papers162_166_sequence/scouting/word_combinatorial/SCOUT.md:82:Let `A_n` be the area sequences of Dyck paths of semilength `n`:
docs/papers162_166_sequence/scouting/word_combinatorial/SCOUT.md:100:(UD)^t D,  where D is any Dyck path of semilength n-t.
docs/papers162_166_sequence/scouting/word_combinatorial/SCOUT.md:190:exhausts all permutations in `S_8` for both Lehmer maps, all 4,862 Dyck area
docs/papers197_201_sequence/scouting/graph_matching_lane/PRIMARY_SOURCE_SUPPLEMENT_20260905.md:10:complete prefix-interval inverse, including the unique triangular maximum.
docs/papers177_181_sequence/scouting/root_crossdomain/RSI_THEOREM_PACKAGE.md:12:1. In any refinement-compatible ordering the transition matrix is triangular
docs/papers197_201_sequence/scouting/second_replacement_20260905/INTAKE.md:51:least-parity triangulation flips. These desk exclusions are not counted as
docs/papers172_176_sequence/scouting/combinatorial_crossdomain/IDEA_LEDGER.md:36:| `W01_BMS` | Binary words.  Interpret 1/0 as open/close parentheses, perform canonical stack matching, and mark exactly matched positions by 1. | Every word through length 16 independently; unique zero attractor, strict first-run potential, Fibonacci image, and an every-target Catalan-product fibre formula; observed maximum tails `1,2,3,3,4,5,5,5,6,7,7,8,8,8,9,9`. | **KILL_CURRENT / OWNER-AMBER CONTROL.** The static theorem is the Dyck normal-form engine occupied by P74, with P90/box-ball and P93 stack proximity; no sharp all-length maximum clock remains after subtraction. |
docs/papers197_201_sequence/scouting/fifth_fresh_20260905/period_feedback_reentry/SOURCE_OWNER_AND_COLLISION.md:35:| Stephan Wagner, *Enumeration of highly balanced trees*, Ars Combinatoria 114 (2014), 15–32. [Author PDF](https://math.sun.ac.za/swagner/balanced.pdf), [author publication list](https://math.sun.ac.za/swagner/pub.html) | Section 4 content read through browser PDF extraction, including the displayed triangular recurrence and sequence; repeat browser opens timed out. The exact section was reproduced by a direct PDF-indexed search excerpt using `site.math.sun.ac.za/swagner/balanced.pdf "231" "26796"`. No saved complete PDF or full-paper-read claim is required. Author-list indexed text separately confirms title, year, volume and pages. The PDF's internal pagination is not asserted to equal journal pagination. | The sequence $2,3,6,21,231,26796,\ldots$ already enumerates a balanced-tree class and is identified there with A007501. Therefore neither this sequence nor its double-exponential recurrence is a contribution of the feedback note. Grade: direct author mathematical source excerpt for sequence ownership. |
docs/papers197_201_sequence/scouting/fifth_fresh_20260905/period_feedback_reentry/SOURCE_OWNER_AND_COLLISION.md:67:- `"endofunction" "triangular" iteration`
docs/papers197_201_sequence/scouting/fifth_fresh_20260905/period_feedback_reentry/SOURCE_OWNER_AND_COLLISION.md:71:- `"period" "endofunctions" "triangular"`
docs/papers197_201_sequence/scouting/fifth_fresh_20260905/period_feedback_reentry/SOURCE_OWNER_AND_COLLISION.md:128:and the sharp triangular clock/equality analysis is insufficient residual.
docs/papers204_208_sequence/qa/p208_round0_input_inspection_v2/historical_workspace_origins/docs/papers204_208_sequence/scouting/order_geometry_tenth_desk/OFS_TEMPORAL_CHECK.md:12:is **PROVABLE AS STATED**: the declared labelled polygon OFS has one
docs/papers197_201_sequence/scouting/graph_matching_lane/CMM_THEOREM_CONTRACT.md:164:  + every-target triangular interval atlas.
papers/19-stationary-semiring-sieve-shift/sections/7_pruning_no_go.tex:41:those coefficients.  The block-triangular form then gives equality of the
docs/papers172_176_sequence/scouting/stochastic_matrix/OWNER_SEARCH_LOG.md:56:`k!S(a,k)`.  Generic lower-triangular spectral and absorption calculations are
papers/07-entropy-oriented-chiral-shift/main.tex:70:in a determinant-invisible triangular radical: no completed divisor,
docs/papers204_208_sequence/scouting/finite_systems_twelfth/SCOUT_REPORT.md:12:No OFS/triangulation/flip proof content or P207 B input was changed or used.
docs/papers197_201_sequence/scouting/graph_matching_lane/BREADTH_AND_KILL_LEDGER.md:11:| 1 | `CMM` | For odd `n=2m+1`, take a matching of the labelled cycle.  If it has at least three monomers, let `a` be the least-labelled monomer and `b` the next monomer clockwise; flip the unique alternating arc from `a` to `b`.  If it has one monomer `a`, flip the first two clockwise edges, moving the monomer to `a+2`.  These cases exhaust the carrier. | Exhaustive odd `n=3..21`.  At `n=21`: 24,476 states, image 9,351, one 21-cycle, maximum tail 10, unique maximum fibre 56. | Exact deficiency clock and all depth layers; one recurrent `n`-cycle; every-target triangular fibre; Lucas image; unique fibre maximum. | **`PROVISIONAL_AMBER_HOSTILE_GATE`**, the sole recommendation.  Not sorting, closure, equal-size coagulation, or a graph power; P90/GCM/AP1 proof-transfer risk remains serious. |
docs/papers197_201_sequence/scouting/graph_matching_lane/BREADTH_AND_KILL_LEDGER.md:13:| 3 | `LAP` | On a matching of the path `P_n`, take its two least unmatched vertices and flip their unique alternating interval; if fewer than two vertices are unmatched, hold. | All states through `n=18`; at `n=18`: 4,181 states, image 1,597, one fixed perfect matching, maximum tail 9, unique maximum fibre 46. | Tail `floor(n/2)-|M|`; binomial matching layers; exact first-monomer triangular fibres and Fibonacci image. | **`KILL_BEHIND_CMM_AP1_GCM`**.  It is the fixed-core precursor of `CMM`, and the remaining clock is the classical augmenting-path deficiency clock. |
docs/papers197_201_sequence/scouting/graph_matching_lane/BREADTH_AND_KILL_LEDGER.md:64:contiguous interval of those dimers.  This yields a triangular number, not a
papers/197-ternary-cyclic-sign-difference/main.tex:273:skeleton gives a strictly triangular product with zero trace. Also
papers/07-entropy-oriented-chiral-shift/sections/1_introduction.tex:52:For SD-C09 this coupling lies in the triangular radical: it changes singular
docs/papers204_208_sequence/scouting/finite_algebra_ninth/PROOF_AND_ADAPTER_NOTES.md:25:   coordinates -> ghost image/fibres -> triangular permutation on image.
docs/papers204_208_sequence/scouting/finite_algebra_ninth/PROOF_AND_ADAPTER_NOTES.md:78:At each free index this equation is triangular with invertible diagonal
docs/papers204_208_sequence/qa/p208_round0_input_inspection_v2/historical_workspace_origins/docs/papers204_208_sequence/scouting/order_geometry_tenth/OFS_PROOF_PACKAGE.md:11:On all triangulations of the convex polygon with labelled vertices
docs/papers204_208_sequence/qa/p208_round0_input_inspection_v2/historical_workspace_origins/docs/papers204_208_sequence/scouting/order_geometry_tenth/OFS_PROOF_PACKAGE.md:14:triangulation. Call the resulting self-map $F_n$ (OFS).
docs/papers204_208_sequence/qa/p208_round0_input_inspection_v2/historical_workspace_origins/docs/papers204_208_sequence/scouting/order_geometry_tenth/OFS_PROOF_PACKAGE.md:16:For $n=3$ the only triangulation is fixed. For every $n\ge4$ there is one
docs/papers204_208_sequence/qa/p208_round0_input_inspection_v2/historical_workspace_origins/docs/papers204_208_sequence/scouting/order_geometry_tenth/OFS_PROOF_PACKAGE.md:29:remain open. The full finite carrier includes every triangulation and
docs/papers204_208_sequence/qa/p208_round0_input_inspection_v2/historical_workspace_origins/docs/papers204_208_sequence/scouting/order_geometry_tenth/OFS_PROOF_PACKAGE.md:37:Root the usual triangulation dual decomposition at boundary edge
docs/papers204_208_sequence/qa/p208_round0_input_inspection_v2/historical_workspace_origins/docs/papers204_208_sequence/scouting/order_geometry_tenth/OFS_PROOF_PACKAGE.md:38:$(0,n-1)$: the two children encode the subpolygons on either side of the
docs/papers204_208_sequence/qa/p208_round0_input_inspection_v2/historical_workspace_origins/docs/papers204_208_sequence/scouting/order_geometry_tenth/OFS_PROOF_PACKAGE.md:41:express recursion; it is not an extra polygon state.
docs/papers204_208_sequence/qa/p208_round0_input_inspection_v2/historical_workspace_origins/docs/papers204_208_sequence/scouting/order_geometry_tenth/OFS_PROOF_PACKAGE.md:54:The operation $F$ denotes the same literal polygon map in this dictionary,
docs/papers204_208_sequence/qa/p208_round0_input_inspection_v2/historical_workspace_origins/docs/papers204_208_sequence/scouting/order_geometry_tenth/OFS_PROOF_PACKAGE.md:60:   smaller independent polygons. This proves the recursive dictionary.
docs/papers204_208_sequence/qa/p208_round0_input_inspection_v2/historical_workspace_origins/docs/papers204_208_sequence/scouting/order_geometry_tenth/OFS_PROOF_PACKAGE.md:105:subpolygons encode the branches $B_j$ of $\operatorname{LS}(T)$.
docs/papers204_208_sequence/qa/p208_round0_input_inspection_v2/historical_workspace_origins/docs/papers204_208_sequence/scouting/order_geometry_tenth/OFS_PROOF_PACKAGE.md:220:Thus, for every polygon target $Y$,
docs/papers204_208_sequence/qa/p208_round0_input_inspection_v2/historical_workspace_origins/docs/papers204_208_sequence/scouting/order_geometry_tenth/OFS_PROOF_PACKAGE.md:247:$R=\operatorname{LC}_m$. Its triangulation is precisely the fan at
docs/papers204_208_sequence/qa/p208_round0_input_inspection_v2/historical_workspace_origins/docs/papers204_208_sequence/scouting/order_geometry_tenth/OFS_PROOF_PACKAGE.md:280:the literal image under the standard Dyck-word bijection. That earlier
papers/108-capped-fibonacci-dynamics/main.tex:220:The one-step image is the upper triangular half-square
papers/108-capped-fibonacci-dynamics/main.tex:244:diagonal are precisely the states with no preimage, and summing a triangular
papers/108-capped-fibonacci-dynamics/main.tex:269:triangular image with explicit fibres.  The source and release boundary
docs/papers204_208_sequence/scouting/order_geometry_tenth/SOURCE_AND_COLLISION_NOTES.md:69:[*Statistics on Dyck paths*, JIS 9 (2006), Article 06.1.5](https://cs.uwaterloo.ca/journals/JIS/VOL9/Mansour/mansour86.pdf):
papers/201-eventual-period-feedback/round0_frozen/main.tex:40:a unique largest fibre at zero of size $(n+1)^{n-1}$. The triangular
papers/201-eventual-period-feedback/round0_frozen/main.tex:73:Wagner explicitly gives the triangular recurrence in the enumeration of
papers/201-eventual-period-feedback/round0_frozen/main.tex:390:this internal draft. The known triangular sequence and classical
docs/papers204_208_sequence/scouting/order_geometry_tenth/tree_execution_01/OFS_FOLLOWUP_DECLARATION.md:4:new checker. Use only the original complete n=3,...,10 triangulations.
docs/papers204_208_sequence/scouting/finite_systems_fifteenth/desk/HISTORICAL_COLLISION_DESK.md:48:| USS | Old P04 truncated reversion; current ninth ELD | `NO_LITERAL_HIT` for f(x f(x)). Formal composition/reversion and coefficient-triangular inversion are occupied primitives. Neither old operator equals USS, and no conjugacy, finite period law or cycle theorem is supplied here. |
docs/papers204_208_sequence/scouting/finite_systems_fifteenth/desk/HISTORICAL_COLLISION_DESK.md:49:| WCF | Old P04; AA08/FCG continued-fraction quotient shift; ninth ELD triangular primitive | `NO_LITERAL_HIT` for 1/(1+x f(x)). Continued-fraction, reciprocal and triangular/reset language are comparison obligations, not an exact old reset located by this desk. AA08 deletes a quotient; it does not state this fixed-coefficient prepend/truncate update. No transferred sharp clock or fibre theorem is claimed. |
docs/papers204_208_sequence/scouting/finite_systems_fifteenth/desk/HISTORICAL_COLLISION_DESK.md:126:and a classical ghost-coordinate image/fibre adapter. Its triangular
docs/papers172_176_sequence/scouting/fresh_geometry_automata/COLLISION_FIREWALL.md:32:| `D08_MQP` | P74 Dyck normal form; P90/P93 stack and path controls. | Opener/closer support is a Dyck signature and the height product is the standard matching decoration.  No independent clock. |
docs/papers204_208_sequence/qa/p208_round0_input_inspection_v2/historical_workspace_origins/docs/papers204_208_sequence/scouting/OFS_GATE/SOURCE_AND_PROOF.md:4:original-diagonal lexicographic sweep on **all** labelled convex-polygon
docs/papers204_208_sequence/qa/p208_round0_input_inspection_v2/historical_workspace_origins/docs/papers204_208_sequence/scouting/OFS_GATE/SOURCE_AND_PROOF.md:5:triangulations, not a modified scheduler or a restricted family.
docs/papers204_208_sequence/qa/p208_round0_input_inspection_v2/historical_workspace_origins/docs/papers204_208_sequence/scouting/OFS_GATE/SOURCE_AND_PROOF.md:18:endpoint pairs. Flip each in that order in the current triangulation. An
docs/papers204_208_sequence/qa/p208_round0_input_inspection_v2/historical_workspace_origins/docs/papers204_208_sequence/scouting/OFS_GATE/SOURCE_AND_PROOF.md:28:vertices. The auxiliary leaf is not an additional polygon carrier. Write
docs/papers204_208_sequence/qa/p208_round0_input_inspection_v2/historical_workspace_origins/docs/papers204_208_sequence/scouting/OFS_GATE/SOURCE_AND_PROOF.md:61:nonleaf left comb. The checking program separately reconstructs the polygon
docs/papers204_208_sequence/qa/p208_round0_input_inspection_v2/historical_workspace_origins/docs/papers204_208_sequence/scouting/OFS_GATE/SOURCE_AND_PROOF.md:72:F(c)=c and G(e)=c, rather than at an invented nonpolygon state.
docs/papers204_208_sequence/qa/p208_round0_input_inspection_v2/historical_workspace_origins/docs/papers204_208_sequence/scouting/OFS_GATE/SOURCE_AND_PROOF.md:212:  meet-of-lower-covers map; its chain specialization is Tamari. Its local
docs/papers204_208_sequence/qa/p208_round0_input_inspection_v2/historical_workspace_origins/docs/papers204_208_sequence/scouting/OFS_GATE/SOURCE_AND_PROOF.md:215:* [Hong, Tamari Pop (2022)](https://arxiv.org/pdf/2201.10030): read the
docs/papers204_208_sequence/qa/p208_round0_input_inspection_v2/historical_workspace_origins/docs/papers204_208_sequence/scouting/OFS_GATE/SOURCE_AND_PROOF.md:233:  inputs map to the identity, so simply identifying triangulations with
docs/papers204_208_sequence/qa/p208_round0_input_inspection_v2/historical_workspace_origins/docs/papers204_208_sequence/scouting/OFS_GATE/SOURCE_AND_PROOF.md:237:  read sections 1--3's dictionaries, uniquely selected leftmost rotation,
docs/papers204_208_sequence/qa/p208_round0_input_inspection_v2/historical_workspace_origins/docs/papers204_208_sequence/scouting/OFS_GATE/SOURCE_AND_PROOF.md:250:* [Mansour, Statistics on Dyck paths (2006)](https://cs.uwaterloo.ca/journals/JIS/VOL9/Mansour/mansour86.pdf):
docs/papers204_208_sequence/qa/p208_round0_input_inspection_v2/historical_workspace_origins/docs/papers204_208_sequence/scouting/OFS_GATE/SOURCE_AND_PROOF.md:323:of which seed and G blocks are admissible and which **labelled polygon
docs/papers204_208_sequence/qa/p208_round0_input_inspection_v2/historical_workspace_origins/docs/papers204_208_sequence/scouting/OFS_GATE/SOURCE_AND_PROOF.md:335:| P144, `papers/144-leftmost-dyck-reassociation/main.tex` | Its primitive-factor iterate and terminal source proof give one source at each feasible depth by lifting a suffix of root children. Graft/lift, Catalan coding, factor clocks and deterministic leftmost scheduling receive zero credit. That endpoint map is not OFS's one-step map: the old inverse moves one terminal suffix, whereas OFS requires a recursively chosen seed and later blocks at many decorated cells. A shared contour dictionary alone does not transport those source sets or the alternating phase. |
docs/papers204_208_sequence/qa/p208_round0_input_inspection_v2/historical_workspace_origins/docs/papers204_208_sequence/scouting/OFS_GATE/SOURCE_AND_PROOF.md:337:| Q09 least-ear, C14 parity-selected diagonal, TFE rooted-fan frontier, LDL illegal Delaunay, PTR polygon rotation | Their original selector definitions were read in the pinned scout files. Local ear selection, a fan-building sweep, greedy improvements and rotations are owned primitives. Iterating a local selector with a dynamically refreshed order is not the fixed original list; the exact label-reset lift above explicitly accounts for the composition that does exist. No separate credit is awarded to having selected another order. |
docs/papers204_208_sequence/qa/p208_round0_input_inspection_v2/historical_workspace_origins/docs/papers204_208_sequence/scouting/OFS_GATE/SOURCE_AND_PROOF.md:338:| P139 factor-start feedback | Selected original static suffix-record/factorization and leading-prefix proof sections were read. The owned factorization dictionary and prefix-amplification strategy are deducted. They are not a literal inverse or K transport for the triangulation sweep. No claim of rereading its entire paper. |
docs/papers204_208_sequence/qa/p208_round0_input_inspection_v2/historical_workspace_origins/docs/papers204_208_sequence/scouting/OFS_GATE/SOURCE_AND_PROOF.md:344:cube abbreviation. The old comb-parity root-rotation report was also
papers/121-random-product-plus-one-coalescence/main.tex:126:      triangular identity is retained only as the mechanical interface from
papers/121-random-product-plus-one-coalescence/main.tex:586:exact transform, while the triangular Riccati system lets the two low-order
docs/papers197_201_sequence/scouting/replacement_stirling_lane/COLLISION_FIREWALL.md:15:| P122 control, parity-guided binary-tree root rotation | plane trees, root surgery, periodic endpoints and fibres | P122 acts on full binary Catalan trees by one parity-selected associativity rotation and has periods `1/2`.  FOSP acts on increasing arbitrary-degree plane trees by delete/splice/relabel/insert and has exact period `n`.  Root-rotation terminology and Catalan tree methods are zero credit. |
docs/papers204_208_sequence/scouting/OFS_ROOT_INSPECTION.md:43:Tamari Pops; it does not exclude larger-carrier reset lifts or all conceivable
docs/papers204_208_sequence/scouting/OFS_ROOT_INSPECTION.md:56:| [Hong (2022 preprint)](https://arxiv.org/pdf/2201.10030) | Theorems 1.1/1.2, Definition 2.2 and the Dyck/Tamari definitions. Meet-of-lower-covers and the Motzkin image precedent are deducted; root did not read the entire image-enumeration proof. |
docs/papers204_208_sequence/scouting/OFS_ROOT_INSPECTION.md:58:| [Pallo (2006)](https://acta.bibl.u-szeged.hu/12796/1/Pallo_2006_ActaCybernetica.pdf) | Introduction, tree/triangulation and weight dictionaries, the leftmost-left-rotation selector and permanent maximum-weight step, selected later path/join contexts. Fan-building and prefix-fixing primitives are deducted; no full distance-paper read is claimed. |
docs/papers204_208_sequence/scouting/OFS_ROOT_INSPECTION.md:60:| [Bose–Lubiw–Pathak–Verdonschot (2016 v2)](https://arxiv.org/html/1310.1166) | Root first read only the abstract, then actually read sections 1/2 and section 3 through Lemma 1, Theorem 1, canonical-fan sorting and their proofs, with subsequent lower-bound context. Section 1 explicitly transfers the removed edge's label to the inserted edge, supporting the exact lift above. Root does not claim to have read the whole sorting-model or later polygon sections. |
docs/papers204_208_sequence/scouting/OFS_ROOT_INSPECTION.md:64:Tamari Pop and recent rotation-dynamics searches had no applicable new full
docs/papers204_208_sequence/scouting/OFS_ROOT_INSPECTION.md:104:convex polygons n>=3, the exact original-snapshot lexicographic sweep,
docs/papers204_208_sequence/scouting/finite_systems_fifteenth/SOURCE_AND_COLLISION.md:15:| S. A. Jennings, *Substitution Groups of Formal Power Series*, Canadian Journal of Mathematics 6 (1954), 325–340, DOI 10.4153/CJM-1954-031-9. [Official publisher record](https://www.cambridge.org/core/product/identifier/S0008414X00023750/type/journal_article). | Official indexed metadata/extract and indexed PDF excerpt were returned by search, including the coefficient-inversion topic. No direct complete PDF body read is claimed. The publisher's online date is not the original 1954 publication year. This supports only a formal-substitution background obligation; USS's short triangular proof below is the author's, not an attributed Jennings theorem. |
docs/papers204_208_sequence/scouting/finite_systems_fifteenth/SOURCE_AND_COLLISION.md:45:14. `"formal power series" "substitution" "unitriangular" composition`
docs/papers204_208_sequence/scouting/finite_systems_fifteenth/SOURCE_AND_COLLISION.md:71:USS/WCF face P04's compositional reversion, ELD's triangular inversion,
docs/papers204_208_sequence/scouting/finite_systems_fifteenth/SOURCE_AND_COLLISION.md:88:erosion. USS is a triangular bijection with singleton fibres. WCF is an
docs/papers162_166_sequence/scouting/open_fresh_p166_round6/SCOUT.md:28:For a Dyck word `w` of semilength `n`, let `H(w)` be its maximum height.  If
docs/papers162_166_sequence/scouting/open_fresh_p166_round6/SCOUT.md:31:overlap, so the update is unambiguous and remains Dyck.
docs/papers162_166_sequence/scouting/open_fresh_p166_round6/SCOUT.md:60:`A_s(r)` for the number of Dyck paths of semilength `s` and height at most
docs/papers162_166_sequence/scouting/open_fresh_p166_round6/SCOUT.md:77:Dyck replacement the difference is zero.  The proof expands each displayed
docs/papers162_166_sequence/scouting/open_fresh_p166_round6/SCOUT.md:84:independence gate.  P144 already occupies a Dyck-path clock plus exact
docs/papers197_201_sequence/scouting/fifth_fresh_20260905/period_feedback_reentry/THEOREM_CONTRACT_AND_PROOF.md:1:# Eventual-period feedback: sharp triangular thresholds and inverse atlas
docs/papers197_201_sequence/scouting/fifth_fresh_20260905/period_feedback_reentry/THEOREM_CONTRACT_AND_PROOF.md:120:This numerical sequence and its triangular recurrence are established
docs/papers197_201_sequence/scouting/fifth_fresh_20260905/period_feedback_reentry/THEOREM_CONTRACT_AND_PROOF.md:292:The primary temporal residual is the iterated triangular minimum-rank
docs/papers197_201_sequence/scouting/fifth_fresh_20260905/period_feedback_reentry/THEOREM_CONTRACT_AND_PROOF.md:319:even if every theorem remains correct. The known triangular sequence,
docs/papers172_176_sequence/scouting/fresh_nonlinear_algebra/SCOUT_AND_KILL_LEDGER.md:33:| `M07/TLC` | (M_n(\mathbb F_q)); (A\mapsto[U(A),L(A)]) | At (n=2), square-zero with image size (q); at ((n,q)=(3,2)), height 3 and 33 images. | **`KILL_COMMUTATOR_RECOMBINATION_P119`**.  The (n=2) theorem is mechanical and the first larger case has no uniform filtration/fibre law; triangular commutator structure is already subtracted by P119 and prior killed commutator scouts. |
papers/137-rank-feedback-p-group-splitting/main.tex:42:$p$-Groups: A Sharp Triangular Clock and Exact Target Fibres}
papers/137-rank-feedback-p-group-splitting/main.tex:46:\keywords{finite abelian p-group, integer partition, rank feedback, finite dynamics, triangular number, fibre formula}
papers/137-rank-feedback-p-group-splitting/main.tex:383:pointwise marker budget, unique sharp triangular clock, and all-target
docs/papers197_201_sequence/scouting/graph_matching_lane/COLLISION_FIREWALL.md:65:- every target has the explicit triangular fibre in (3.1).
docs/papers197_201_sequence/scouting/graph_matching_lane/COLLISION_FIREWALL.md:87:- `CMM`'s one-step inverse is a target-prefix interval choice with triangular
docs/papers197_201_sequence/scouting/graph_matching_lane/COLLISION_FIREWALL.md:112:| inverse | regular-expression parser; Padovan maximum | `T_floor(u/2)+core-indicator`; unique triangular maximum |
docs/papers197_201_sequence/scouting/graph_matching_lane/COLLISION_FIREWALL.md:125:2. the unique `n`-cycle and target-triangular inverse are treated as one
docs/papers204_208_sequence/scouting/order_geometry_tenth/tree_execution_01/INTAKE.md:21:| OFS | Convex labelled polygon triangulations. Snapshot all original internal diagonals in lexicographic endpoint order; visit each once and flip it in the current triangulation if still present. Never append newly created diagonals to the list. | n=3,...,10; every triangulation |
docs/papers204_208_sequence/scouting/order_geometry_tenth/tree_execution_01/INTAKE.md:27:triangulation carriers were fixed first to favor nonword geometry. Old
docs/papers204_208_sequence/scouting/order_geometry_tenth/tree_execution_01/INTAKE.md:43:  mapping to {13,14}; it is not conjugate to bijective polygon rotation or
docs/papers204_208_sequence/scouting/order_geometry_tenth/OFS_THEOREM_CHECK_DECLARATION.md:8:Use exactly the original complete polygon carriers $n=3,\ldots,10$.
docs/papers204_208_sequence/scouting/order_geometry_tenth/OFS_THEOREM_CHECK_DECLARATION.md:11:construct their polygon edges, perform the declared snapshot flips by
docs/papers204_208_sequence/scouting/order_geometry_tenth/OFS_THEOREM_CHECK_DECLARATION.md:27:evaluate an additional larger polygon map.
docs/papers172_176_sequence/scouting/stochastic_matrix/COLLISION_FIREWALL.md:55:“triangular spectrum” receive no separation credit.  The retained discriminator
papers/26-pure-power-selector-atom-collapse/figures/character_visibility_layers.tex:20:  \textbf{Radical layer:} upper-triangular extensions may connect color blocks};
docs/papers204_208_sequence/scouting/finite_structures_eighth/SCOUT_REPORT.md:47:| DP3 | Coarse all-size period divisor 2^(n−2), entry bound 2^(n−2)−1, proved by generic triangular reset/flip argument and fully deducted | Path-specific residual temporal advance and separately evaluated fibre structure | NO_PROMOTION |
docs/papers204_208_sequence/scouting/word_local/CPRM_PROOF_BOUNDARY.md:125:triangular, hence nilpotent. The full adjacency is $B+e_1\mathbf1^T$.
docs/papers204_208_sequence/scouting/set_partition_sixth/INTAKE.md:14:| UPC | A DAG whose edges respect the fixed natural order on $[n]$ maps to pairs joined by exactly one positive-length directed path | All upper-triangular Boolean relations for $n=0,\ldots,6$ |
docs/papers204_208_sequence/scouting/set_partition_sixth/INTAKE.md:63:The unique-incidence operators must face generic triangular Boolean
papers/26-pure-power-selector-atom-collapse/sections/5_character_rigidity.tex:103:Choose strictly upper-triangular matrices \(N_i\) in a basis compatible with
papers/26-pure-power-selector-atom-collapse/sections/5_character_rigidity.tex:105:triangular with diagonal equal to that of \(P_w\).  Hence
papers/26-pure-power-selector-atom-collapse/sections/5_character_rigidity.tex:123:An implementation can look connected through its upper-triangular blocks,
docs/papers197_201_sequence/scouting/monochromatic_triangle_20260905/SOURCE_OWNER.md:42:| P152 `main.tex`, definition and source-boundary table | Established stochastic imbalanced-triad dynamics on a triangular book; choose one active sign-product-negative page and flip one random edge. MCT complements three edges deterministically, tests equality rather than sign product, and uses all pairs on the full labelled carrier. P152's reflected count quotient and Chebyshev inverse do not provide the MCT no-return or Johnson-family fibre. |
docs/papers197_201_sequence/scouting/monochromatic_triangle_20260905/SOURCE_OWNER.md:82:### Keyword false positive: colourful triangulations
docs/papers197_201_sequence/scouting/monochromatic_triangle_20260905/SOURCE_OWNER.md:85:triangulations*,
docs/papers197_201_sequence/scouting/monochromatic_triangle_20260905/SOURCE_OWNER.md:87:Read its abstract and version record. Vertices of a convex polygon carry
docs/papers197_201_sequence/scouting/monochromatic_triangle_20260905/SOURCE_OWNER.md:89:triangulation remains colourful. It is not MCT's edge colouring of every
docs/papers197_201_sequence/scouting/monochromatic_triangle_20260905/SOURCE_OWNER.md:115:geometric triangulation flips, or irrelevant keyword matches. Search
papers/07-entropy-oriented-chiral-shift/sections/A_proofs_scope.tex:41:$P_NL_sP_N$ is triangular and
papers/153-factorial-collapse-finite-plane/main.tex:49:\keywords{finite-field dynamics, functional graph, triangular polynomial map,
papers/153-factorial-collapse-finite-plane/main.tex:59:After exchanging coordinates this is a known specialization of a triangular
papers/153-factorial-collapse-finite-plane/main.tex:77:\citet{KonyaginEtAl2016}.  Triangular polynomial systems over finite fields
papers/153-factorial-collapse-finite-plane/main.tex:88:as a triangular family member, its generic degree-growth framework, and the
papers/153-factorial-collapse-finite-plane/main.tex:382:Triangular-family sources
papers/153-factorial-collapse-finite-plane/main.tex:404:forms, triangular-system terminology, factorial cocycles, and functional
papers/27-mobius-incidence-atom-compiler/sections/0_abstract.tex:11:theorem. Every finite complete lift is unitriangularly conjugate to the
docs/papers162_166_sequence/scouting/replacement_arithmetic_hybrid/SCOUT.md:69:| `AH05/ATR` | Full binary bracketings of the fixed leaf word `(2,3,5,7,11)`.  Perform the first preorder rotation `((A,B),C)->(A,(B,C))` for which `prod(A)+prod(B)+prod(C)=0 mod 5`. | `14/6/6/1`, `C=1:6`, `B=0:8,2:4,3:2`. | Tamari rank forces termination. | The temporal engine is literally a gated Tamari rotation and is shallower than P144. **`KILL_DIRECT_TAMARI_INTERNAL`.** |
docs/papers162_166_sequence/scouting/replacement_arithmetic_hybrid/SCOUT.md:78:| `AH14/TPC` | `F_3^3`, with `T(x,y,z)=(x,xy,xyz)`. | `27/15/7/1`, `C=1:7,2:2,4:1`, largest fibre 9. | The first coordinate freezes a triangular multiplicative action. | After freezing `x`, later dynamics are scalar power/action data.  This is explicitly below the generic monomial/triangular threshold. **`KILL_TRIANGULAR_POWER_REDUCTION`.** |
docs/papers162_166_sequence/scouting/replacement_arithmetic_hybrid/SCOUT.md:158:| `AH05`--`AH06` | P144 Dyck/Tamari reassociation and the current adaptive-action lane | `AH05` is literally a gated Tamari rotation; `AH06` is an invariant-frozen involution. |
docs/papers162_166_sequence/scouting/replacement_arithmetic_hybrid/SCOUT.md:160:| `AH13`--`AH14` | P100 erasure/normalization, P115 finite-linear components, P153 finite-plane polynomial collapse | One-step normalization or a triangular scalar-action reduction is not a new system package. |
papers/35-affine-semigroup-object-firewall/sections/6_quotient_boundary.tex:25:\item the affine relation polygon can lose vertex simplicity at small
papers/35-affine-semigroup-object-firewall/sections/6_quotient_boundary.tex:27:\item if $q>r$, the relation polygon based at $(0,1)$ is vertex-simple, but
papers/36-affine-cayley-chain-cancellation-no-go/sections/1_introduction.tex:32:positive contribution from the relation polygon.  The quotient ledger is
papers/32-projective-residue-recurrence-obstruction/figures/route_trilemma.tex:6:  flood/.style={regular polygon,regular polygon sides=6,draw=warningamber,
papers/32-projective-residue-recurrence-obstruction/figures/route_trilemma.tex:11:  stop/.style={regular polygon,regular polygon sides=8,draw=stopred,
docs/papers204_208_sequence/qa/p208_round0_input_inspection_v2/historical_workspace_origins/docs/papers204_208_sequence/scouting/order_geometry_tenth_desk/OFS_RECURSION_AND_FIBRES.md:23:The carrier is every triangulation of the convex polygon with cyclic
docs/papers204_208_sequence/qa/p208_round0_input_inspection_v2/historical_workspace_origins/docs/papers204_208_sequence/scouting/order_geometry_tenth_desk/OFS_RECURSION_AND_FIBRES.md:26:in the current triangulation. New diagonals are not scheduled. The presence
docs/papers204_208_sequence/qa/p208_round0_input_inspection_v2/historical_workspace_origins/docs/papers204_208_sequence/scouting/order_geometry_tenth_desk/OFS_RECURSION_AND_FIBRES.md:30:Dependencies are: rooted-tree triangulation encoding; the first active
docs/papers204_208_sequence/qa/p208_round0_input_inspection_v2/historical_workspace_origins/docs/papers204_208_sequence/scouting/order_geometry_tenth_desk/OFS_RECURSION_AND_FIBRES.md:42:right subpolygons as children; a leaf $e$ is a boundary interval. Thus
docs/papers204_208_sequence/qa/p208_round0_input_inspection_v2/historical_workspace_origins/docs/papers204_208_sequence/scouting/order_geometry_tenth_desk/OFS_RECURSION_AND_FIBRES.md:43:a triangulation has $n-1$ leaves and $m=n-2$ internal nodes. The isolated
docs/papers204_208_sequence/qa/p208_round0_input_inspection_v2/historical_workspace_origins/docs/papers204_208_sequence/scouting/order_geometry_tenth_desk/OFS_RECURSION_AND_FIBRES.md:44:leaf is an auxiliary empty interval case, not an additional polygon
docs/papers204_208_sequence/qa/p208_round0_input_inspection_v2/historical_workspace_origins/docs/papers204_208_sequence/scouting/order_geometry_tenth_desk/OFS_RECURSION_AND_FIBRES.md:92:The cell bounded by $(1,a_2)$ has encoded triangulation $(B_1,B_2)$
docs/papers204_208_sequence/qa/p208_round0_input_inspection_v2/historical_workspace_origins/docs/papers204_208_sequence/scouting/order_geometry_tenth_desk/OFS_RECURSION_AND_FIBRES.md:242:and equality forces $l=1$ and $R=L_m$. This is the unique polygon
docs/papers204_208_sequence/qa/p208_round0_input_inspection_v2/historical_workspace_origins/docs/papers204_208_sequence/scouting/order_geometry_tenth_desk/OFS_RECURSION_AND_FIBRES.md:244:one; at $m=2$ both quadrilateral triangulations have fibre one. These
docs/papers204_208_sequence/qa/p208_round0_input_inspection/historical_workspace_origins/docs/papers204_208_sequence/scouting/OFS_GATE/SOURCE_AND_PROOF.md:4:original-diagonal lexicographic sweep on **all** labelled convex-polygon
docs/papers204_208_sequence/qa/p208_round0_input_inspection/historical_workspace_origins/docs/papers204_208_sequence/scouting/OFS_GATE/SOURCE_AND_PROOF.md:5:triangulations, not a modified scheduler or a restricted family.
docs/papers204_208_sequence/qa/p208_round0_input_inspection/historical_workspace_origins/docs/papers204_208_sequence/scouting/OFS_GATE/SOURCE_AND_PROOF.md:18:endpoint pairs. Flip each in that order in the current triangulation. An
docs/papers204_208_sequence/qa/p208_round0_input_inspection/historical_workspace_origins/docs/papers204_208_sequence/scouting/OFS_GATE/SOURCE_AND_PROOF.md:28:vertices. The auxiliary leaf is not an additional polygon carrier. Write
docs/papers204_208_sequence/qa/p208_round0_input_inspection/historical_workspace_origins/docs/papers204_208_sequence/scouting/OFS_GATE/SOURCE_AND_PROOF.md:61:nonleaf left comb. The checking program separately reconstructs the polygon
docs/papers204_208_sequence/qa/p208_round0_input_inspection/historical_workspace_origins/docs/papers204_208_sequence/scouting/OFS_GATE/SOURCE_AND_PROOF.md:72:F(c)=c and G(e)=c, rather than at an invented nonpolygon state.
docs/papers204_208_sequence/qa/p208_round0_input_inspection/historical_workspace_origins/docs/papers204_208_sequence/scouting/OFS_GATE/SOURCE_AND_PROOF.md:212:  meet-of-lower-covers map; its chain specialization is Tamari. Its local
docs/papers204_208_sequence/qa/p208_round0_input_inspection/historical_workspace_origins/docs/papers204_208_sequence/scouting/OFS_GATE/SOURCE_AND_PROOF.md:215:* [Hong, Tamari Pop (2022)](https://arxiv.org/pdf/2201.10030): read the
docs/papers204_208_sequence/qa/p208_round0_input_inspection/historical_workspace_origins/docs/papers204_208_sequence/scouting/OFS_GATE/SOURCE_AND_PROOF.md:233:  inputs map to the identity, so simply identifying triangulations with
docs/papers204_208_sequence/qa/p208_round0_input_inspection/historical_workspace_origins/docs/papers204_208_sequence/scouting/OFS_GATE/SOURCE_AND_PROOF.md:237:  read sections 1--3's dictionaries, uniquely selected leftmost rotation,
docs/papers204_208_sequence/qa/p208_round0_input_inspection/historical_workspace_origins/docs/papers204_208_sequence/scouting/OFS_GATE/SOURCE_AND_PROOF.md:250:* [Mansour, Statistics on Dyck paths (2006)](https://cs.uwaterloo.ca/journals/JIS/VOL9/Mansour/mansour86.pdf):
docs/papers204_208_sequence/qa/p208_round0_input_inspection/historical_workspace_origins/docs/papers204_208_sequence/scouting/OFS_GATE/SOURCE_AND_PROOF.md:323:of which seed and G blocks are admissible and which **labelled polygon
docs/papers204_208_sequence/qa/p208_round0_input_inspection/historical_workspace_origins/docs/papers204_208_sequence/scouting/OFS_GATE/SOURCE_AND_PROOF.md:335:| P144, `papers/144-leftmost-dyck-reassociation/main.tex` | Its primitive-factor iterate and terminal source proof give one source at each feasible depth by lifting a suffix of root children. Graft/lift, Catalan coding, factor clocks and deterministic leftmost scheduling receive zero credit. That endpoint map is not OFS's one-step map: the old inverse moves one terminal suffix, whereas OFS requires a recursively chosen seed and later blocks at many decorated cells. A shared contour dictionary alone does not transport those source sets or the alternating phase. |
docs/papers204_208_sequence/qa/p208_round0_input_inspection/historical_workspace_origins/docs/papers204_208_sequence/scouting/OFS_GATE/SOURCE_AND_PROOF.md:337:| Q09 least-ear, C14 parity-selected diagonal, TFE rooted-fan frontier, LDL illegal Delaunay, PTR polygon rotation | Their original selector definitions were read in the pinned scout files. Local ear selection, a fan-building sweep, greedy improvements and rotations are owned primitives. Iterating a local selector with a dynamically refreshed order is not the fixed original list; the exact label-reset lift above explicitly accounts for the composition that does exist. No separate credit is awarded to having selected another order. |
docs/papers204_208_sequence/qa/p208_round0_input_inspection/historical_workspace_origins/docs/papers204_208_sequence/scouting/OFS_GATE/SOURCE_AND_PROOF.md:338:| P139 factor-start feedback | Selected original static suffix-record/factorization and leading-prefix proof sections were read. The owned factorization dictionary and prefix-amplification strategy are deducted. They are not a literal inverse or K transport for the triangulation sweep. No claim of rereading its entire paper. |
docs/papers204_208_sequence/qa/p208_round0_input_inspection/historical_workspace_origins/docs/papers204_208_sequence/scouting/OFS_GATE/SOURCE_AND_PROOF.md:344:cube abbreviation. The old comb-parity root-rotation report was also
docs/papers162_166_sequence/scouting/root_nullity_feedback_jordan_power/COLLISION_GATE.md:13:| **P137, rank-feedback p-group splitting** | **same partition carrier; current number of parts is the feedback statistic; a deterministic block split; monotone absorption; cyclic sharp witness; exact recurrent/fixed census; every-target one-step coefficient formula and image iff** | P137 splits a large part into two by subtraction and has a triangular clock; the candidate splits a part into residue chains by powering and has a Sylvester clock | **fatal architecture collision** |
papers/119-regular-engel-unitriangular-dynamics/main.tex:43:\title[Regular Engel dynamics]{Regular Engel Dynamics on Unitriangular
papers/119-regular-engel-unitriangular-dynamics/main.tex:48:\keywords{unitriangular group, Engel commutator, finite dynamical system,
papers/119-regular-engel-unitriangular-dynamics/main.tex:55:$J=I+N$ in the unitriangular group $U_n(\F_q)$.  We determine the finite
papers/119-regular-engel-unitriangular-dynamics/main.tex:81:entry: the regular unitriangular shift.  Nilpotence already says that every
papers/119-regular-engel-unitriangular-dynamics/main.tex:102:The lower-central filtration of a unitriangular group, the centralizer of a
papers/119-regular-engel-unitriangular-dynamics/main.tex:117:      separate triangular superdiagonal count; and
papers/119-regular-engel-unitriangular-dynamics/main.tex:145:Thus $U_n(q)$ is the group of upper triangular matrices with diagonal
papers/119-regular-engel-unitriangular-dynamics/main.tex:156:For $1\le k\le n$, let $\mathfrak n_k$ be the strictly upper triangular
papers/119-regular-engel-unitriangular-dynamics/main.tex:241:be upper triangular, and the displayed recurrence makes each
papers/119-regular-engel-unitriangular-dynamics/main.tex:268:\label{sec:triangular}
papers/119-regular-engel-unitriangular-dynamics/main.tex:275:\begin{proposition}[Triangular count of every fibre]
papers/119-regular-engel-unitriangular-dynamics/main.tex:276:\label{prop:triangular}
papers/119-regular-engel-unitriangular-dynamics/main.tex:287: \label{eq:triangular-equation}
papers/119-regular-engel-unitriangular-dynamics/main.tex:294:On superdiagonal $r+1$, the left side of \eqref{eq:triangular-equation} is
papers/119-regular-engel-unitriangular-dynamics/main.tex:307:It remains to verify that these difference equations are triangular in
papers/119-regular-engel-unitriangular-dynamics/main.tex:554:coset; the triangular route explains each of its $n-k$ free coordinates.
docs/papers204_208_sequence/scouting/FIFTEENTH_ROOT_INSPECTION.md:41:USS's coefficient-triangular bijection and singleton fibres, and WCF's
docs/papers204_208_sequence/scouting/finite_systems_thirteenth/desk/HISTORY.md:11:No OFS or triangulation evidence was opened. Older matching rewiring is
docs/papers204_208_sequence/scouting/finite_systems_thirteenth/desk/HISTORY.md:257:matching. For triangular B=I+D, every cofactor matching is precisely a
papers/35-affine-semigroup-object-firewall/sections/4_affine_trichotomy.tex:77:\input{figures/affine_polygon}
papers/35-affine-semigroup-object-firewall/sections/4_affine_trichotomy.tex:81:\label{fig:polygon}
papers/07-entropy-oriented-chiral-shift/sections/6_finite_model_experiment.tex:47:  \item exact lower-triangular power traces through the frozen power cutoff;
papers/07-entropy-oriented-chiral-shift/sections/6_finite_model_experiment.tex:89:triangular: they preserve \emph{all} power traces and the full determinant,
papers/36-affine-cayley-chain-cancellation-no-go/sections/B_scope_declarations.tex:12:formal reverse/Hashimoto shift & unit edge & path ledger & primitive affine relation polygons \\
docs/papers197_201_sequence/scouting/fifth_fresh_20260905/README.md:17:bounded verifier. Its source memo explicitly credits the known triangular
docs/papers162_166_sequence/scouting/stochastic_spatial/SCOUT.md:48:  triangulation/tiling flips, generic matroid-basis moves;
docs/papers204_208_sequence/scouting/order_geometry_tenth/OFS_FOLLOWUP_DECLARATION.md:4:new checker. Use only the original complete n=3,...,10 triangulations.
docs/papers204_208_sequence/scouting/finite_systems_twelfth/INTAKE.md:4:entire write scope. P207 B is sealed; OFS, triangulations and flip-family
docs/papers204_208_sequence/scouting/finite_systems_twelfth/INTAKE.md:66:  the full system transient. No generic triangular/Fitting/normalizer or
docs/papers197_201_sequence/scouting/graph_matching_lane/CMM_OUTLINE_AND_EVIDENCE_20260905.md:14:forced dimer prefix, giving a triangular fibre formula with a unique maximum.
docs/papers197_201_sequence/scouting/graph_matching_lane/CMM_OUTLINE_AND_EVIDENCE_20260905.md:41:triangular interval atlas. It explicitly assigns no standalone credit to
docs/papers197_201_sequence/scouting/graph_matching_lane/CMM_OUTLINE_AND_EVIDENCE_20260905.md:56:| The maximum fibre is uniquely at monomer $n-1$, of size $1+\binom{m+1}{2}$ | The triangular term is increasing and only $u=2m$ yields prefix length $m$ | Unique maximum in every exact box | §4 corollary; sharp target classification |
docs/papers197_201_sequence/scouting/graph_matching_lane/CMM_OUTLINE_AND_EVIDENCE_20260905.md:71:single $n$-cycle, exact deficiency tail, and the displayed triangular fibre
papers/25-holomorphic-lefschetz-code-collapse/sections/A_proof_details.tex:4:\subsection{Triangular affine pullback}
papers/25-holomorphic-lefschetz-code-collapse/sections/A_proof_details.tex:11:Thus the finite monomial matrix is upper triangular by degree and has
papers/25-holomorphic-lefschetz-code-collapse/sections/A_proof_details.tex:45:zero-form matrix is block upper triangular with the scalar \(w\) on \(C\)
docs/papers204_208_sequence/scouting/order_geometry_tenth/tree_execution_01/DESK_DECLARATION.md:50:Every triangulation of a convex polygon with cyclic labels
docs/papers204_208_sequence/scouting/order_geometry_tenth/tree_execution_01/DESK_DECLARATION.md:53:original triangulation, visit this recorded list once; when a recorded
docs/papers204_208_sequence/scouting/order_geometry_tenth/tree_execution_01/DESK_DECLARATION.md:58:Fixed complete boxes if not desk-excluded: every triangulation for
docs/papers204_208_sequence/scouting/order_geometry_tenth/tree_execution_01/DESK_DECLARATION.md:61:recorded sweep equal classical polygon rotation/promotion/pop-stack under
docs/papers204_208_sequence/scouting/order_geometry_tenth/tree_execution_01/DESK_DECLARATION.md:71:triangulation rotation. Local theorem claims require original reads, not
docs/papers204_208_sequence/scouting/order_geometry_tenth/ofs_theorem_execution_02/OFS_PROOF_PACKAGE.md:11:On all triangulations of the convex polygon with labelled vertices
docs/papers204_208_sequence/scouting/order_geometry_tenth/ofs_theorem_execution_02/OFS_PROOF_PACKAGE.md:14:triangulation. Call the resulting self-map $F_n$ (OFS).
docs/papers204_208_sequence/scouting/order_geometry_tenth/ofs_theorem_execution_02/OFS_PROOF_PACKAGE.md:16:For $n=3$ the only triangulation is fixed. For every $n\ge4$ there is one
docs/papers204_208_sequence/scouting/order_geometry_tenth/ofs_theorem_execution_02/OFS_PROOF_PACKAGE.md:29:remain open. The full finite carrier includes every triangulation and
docs/papers204_208_sequence/scouting/order_geometry_tenth/ofs_theorem_execution_02/OFS_PROOF_PACKAGE.md:37:Root the usual triangulation dual decomposition at boundary edge
docs/papers204_208_sequence/scouting/order_geometry_tenth/ofs_theorem_execution_02/OFS_PROOF_PACKAGE.md:38:$(0,n-1)$: the two children encode the subpolygons on either side of the
docs/papers204_208_sequence/scouting/order_geometry_tenth/ofs_theorem_execution_02/OFS_PROOF_PACKAGE.md:41:express recursion; it is not an extra polygon state.
docs/papers204_208_sequence/scouting/order_geometry_tenth/ofs_theorem_execution_02/OFS_PROOF_PACKAGE.md:54:The operation $F$ denotes the same literal polygon map in this dictionary,
docs/papers204_208_sequence/scouting/order_geometry_tenth/ofs_theorem_execution_02/OFS_PROOF_PACKAGE.md:60:   smaller independent polygons. This proves the recursive dictionary.
docs/papers204_208_sequence/scouting/order_geometry_tenth/ofs_theorem_execution_02/OFS_PROOF_PACKAGE.md:105:subpolygons encode the branches $B_j$ of $\operatorname{LS}(T)$.
docs/papers204_208_sequence/scouting/order_geometry_tenth/ofs_theorem_execution_02/OFS_PROOF_PACKAGE.md:220:Thus, for every polygon target $Y$,
docs/papers204_208_sequence/scouting/order_geometry_tenth/ofs_theorem_execution_02/OFS_PROOF_PACKAGE.md:247:$R=\operatorname{LC}_m$. Its triangulation is precisely the fan at
docs/papers204_208_sequence/scouting/order_geometry_tenth/ofs_theorem_execution_02/OFS_PROOF_PACKAGE.md:280:the literal image under the standard Dyck-word bijection. That earlier
papers/27-mobius-incidence-atom-compiler/main.tex:76:unitriangular conjugacy and countable bounded similarity show that ordinary
docs/papers197_201_sequence/scouting/root_least_source_path/THEOREM_CONTRACT.md:129:orientations; its triangular subset-sum clock and target-resolved inverse atlas
docs/papers204_208_sequence/scouting/graph_algebra_fifth/INTAKE.md:32:- Pentagram/diagonal-intersection polygon updates are an explicit old
docs/papers204_208_sequence/scouting/order_geometry_tenth_desk/REPORT.md:15:| OFS | Protected-cell all-size recursion; complete recursive fibre decoder; unique maximum fan fibre $2^{n-4}$ for $n\ge5$; unique two-cycle for $n\ge4$; sharp height $n-2$ for $n\ge5$, with both small polygon bases explicit. | These are author deductions, not admission. The affected author pair is now actually inspected; full source/value and a noncontributor candidate gate remain open. |
docs/papers197_201_sequence/scouting/word_poset_lane/TCSD_EXACT_GAP_PROOF.md:48:of one sign gives the trace of a strictly triangular power, hence zero.
papers/57-uniform-cylinder-minorization-ca/builds/round0/figures/mechanism_scope_table.tex:24:      & Translated corners form a triangular bijection in functional order
papers/57-uniform-cylinder-minorization-ca/builds/round0/figures/mechanism_scope_table.tex:32:      & No triangular pivot follows from the hypothesis
papers/179-random-singleton-isolation/main.tex:130:$\pi$ or is strictly finer, so $P$ is triangular.  Exactly the $s(\pi)$
papers/57-uniform-cylinder-minorization-ca/builds/round1/figures/mechanism_scope_table.tex:24:      & Translated corners form a triangular bijection in functional order
papers/57-uniform-cylinder-minorization-ca/builds/round1/figures/mechanism_scope_table.tex:32:      & No triangular pivot follows from the hypothesis
papers/48-all-radix-carry-free-schatten/paper/sections/a_digit_details.tex:37:Finally, column reversal changes \(C_b\) into a triangular matrix with
papers/57-uniform-cylinder-minorization-ca/builds/round2/figures/mechanism_scope_table.tex:24:      & Translated corners form a triangular bijection in functional order
papers/57-uniform-cylinder-minorization-ca/builds/round2/figures/mechanism_scope_table.tex:32:      & No triangular pivot follows from the hypothesis
papers/27-mobius-incidence-atom-compiler/sections/1_introduction.tex:105:path is the simultaneous no-go: finite unitriangular conjugacy and countable
papers/32-projective-residue-recurrence-obstruction/figures/cusp_diamond.tex:6:  composite/.style={regular polygon,regular polygon sides=6,draw=warningamber,
papers/146-uniform-ear-deletion-triangulations/main.tex:24:\title[Uniform ear deletion]{Uniform Ear Deletion of a Convex Polygon:\\
papers/146-uniform-ear-deletion-triangulations/main.tex:25:Exact Triangulation Masses and a Sharp Path-Dual Minimum}
papers/146-uniform-ear-deletion-triangulations/main.tex:35:are equiprobable, their triangulation endpoints need not be; nonuniformity
papers/146-uniform-ear-deletion-triangulations/main.tex:36:first occurs at $n=6$.  For a triangulation
papers/146-uniform-ear-deletion-triangulations/main.tex:37:$T$ and one of its triangular faces $r$, root the weak dual at $r$ and let
papers/146-uniform-ear-deletion-triangulations/main.tex:48:clipping, triangulation enumeration, weak duals, and tree hook formulas are
papers/146-uniform-ear-deletion-triangulations/main.tex:56:Let $P_n$ be a convex polygon whose vertices have distinct labels.  If its
papers/146-uniform-ear-deletion-triangulations/main.tex:60:triangulation $T$.  Ear clipping is classical in polygon triangulation
papers/146-uniform-ear-deletion-triangulations/main.tex:61:algorithms~\cite{EderHeldPalfrader2018}, and convex-polygon ear deletion also
papers/146-uniform-ear-deletion-triangulations/main.tex:62:appears in bijections for triangulations~\cite{Regev2013}.  Here the object of
papers/146-uniform-ear-deletion-triangulations/main.tex:66:For a triangulation $T$, its weak dual $D_T$ has one vertex for each triangular
papers/146-uniform-ear-deletion-triangulations/main.tex:81:\item For every triangulation $T$ and face $r$, exactly $H(T,r)$ histories
papers/146-uniform-ear-deletion-triangulations/main.tex:91:probability is $6\,2^{n-3}/n!$, attained exactly by path-dual triangulations.
papers/146-uniform-ear-deletion-triangulations/main.tex:111:polygon together with the already cut-off ear triangles triangulates the
papers/146-uniform-ear-deletion-triangulations/main.tex:112:original polygon.  Thus the next neighbour chord is new and noncrossing.
papers/146-uniform-ear-deletion-triangulations/main.tex:114:triangulation.
papers/146-uniform-ear-deletion-triangulations/main.tex:116:Fix now an endpoint triangulation $T$ and a proposed final face $r$.  Removing
papers/146-uniform-ear-deletion-triangulations/main.tex:128:Given a history, label each deleted vertex by the triangular face cut off at
papers/146-uniform-ear-deletion-triangulations/main.tex:133:ancestor-closed subtree containing $r$ and triangulate the current convex
papers/146-uniform-ear-deletion-triangulations/main.tex:134:polygon.  When a dual vertex $v$ is scheduled, all its children have gone
papers/146-uniform-ear-deletion-triangulations/main.tex:137:Deleting those tips reconstructs a unique polygon history and records
papers/146-uniform-ear-deletion-triangulations/main.tex:207:history through $n=9$.  For each endpoint it reconstructs all triangular
papers/146-uniform-ear-deletion-triangulations/main.tex:220:triangulations.}
papers/146-uniform-ear-deletion-triangulations/main.tex:224:$n$ & histories & triangulations & $H_{\min}$ & $H_{\max}$ & path dual \\
papers/146-uniform-ear-deletion-triangulations/main.tex:237:The claims are deliberately bounded.  The polygon is convex, selection is
papers/187-cyclic-divisor-quotient/main.tex:240:the upper-triangular all-ones matrix
papers/57-uniform-cylinder-minorization-ca/figures/mechanism_scope_table.tex:24:      & Translated corners form a triangular bijection in functional order
papers/57-uniform-cylinder-minorization-ca/figures/mechanism_scope_table.tex:32:      & No triangular pivot follows from the hypothesis
papers/57-uniform-cylinder-minorization-ca/builds/round0/sections/6_conclusion.tex:6:uniquely exposed permutive corner provides them through a finite triangular
docs/papers182_186_sequence/scouting/algebra_lane/OWNER_SEARCH_LOG.md:21:2. L. Hong, [“The Pop-stack-sorting Operator on Tamari
docs/papers204_208_sequence/scouting/order_geometry_tenth/ofs_theorem_execution_01/INTAKE.md:21:| OFS | Convex labelled polygon triangulations. Snapshot all original internal diagonals in lexicographic endpoint order; visit each once and flip it in the current triangulation if still present. Never append newly created diagonals to the list. | n=3,...,10; every triangulation |
docs/papers204_208_sequence/scouting/order_geometry_tenth/ofs_theorem_execution_01/INTAKE.md:27:triangulation carriers were fixed first to favor nonword geometry. Old
docs/papers204_208_sequence/scouting/order_geometry_tenth/ofs_theorem_execution_01/INTAKE.md:43:  mapping to {13,14}; it is not conjugate to bijective polygon rotation or
docs/papers204_208_sequence/qa/p208_round0_input_inspection_v2/historical_workspace_origins/docs/papers204_208_sequence/scouting/OFS_ROOT_INSPECTION.md:43:Tamari Pops; it does not exclude larger-carrier reset lifts or all conceivable
docs/papers204_208_sequence/qa/p208_round0_input_inspection_v2/historical_workspace_origins/docs/papers204_208_sequence/scouting/OFS_ROOT_INSPECTION.md:56:| [Hong (2022 preprint)](https://arxiv.org/pdf/2201.10030) | Theorems 1.1/1.2, Definition 2.2 and the Dyck/Tamari definitions. Meet-of-lower-covers and the Motzkin image precedent are deducted; root did not read the entire image-enumeration proof. |
docs/papers204_208_sequence/qa/p208_round0_input_inspection_v2/historical_workspace_origins/docs/papers204_208_sequence/scouting/OFS_ROOT_INSPECTION.md:58:| [Pallo (2006)](https://acta.bibl.u-szeged.hu/12796/1/Pallo_2006_ActaCybernetica.pdf) | Introduction, tree/triangulation and weight dictionaries, the leftmost-left-rotation selector and permanent maximum-weight step, selected later path/join contexts. Fan-building and prefix-fixing primitives are deducted; no full distance-paper read is claimed. |
docs/papers204_208_sequence/qa/p208_round0_input_inspection_v2/historical_workspace_origins/docs/papers204_208_sequence/scouting/OFS_ROOT_INSPECTION.md:60:| [Bose–Lubiw–Pathak–Verdonschot (2016 v2)](https://arxiv.org/html/1310.1166) | Root first read only the abstract, then actually read sections 1/2 and section 3 through Lemma 1, Theorem 1, canonical-fan sorting and their proofs, with subsequent lower-bound context. Section 1 explicitly transfers the removed edge's label to the inserted edge, supporting the exact lift above. Root does not claim to have read the whole sorting-model or later polygon sections. |
docs/papers204_208_sequence/qa/p208_round0_input_inspection_v2/historical_workspace_origins/docs/papers204_208_sequence/scouting/OFS_ROOT_INSPECTION.md:64:Tamari Pop and recent rotation-dynamics searches had no applicable new full
docs/papers204_208_sequence/qa/p208_round0_input_inspection_v2/historical_workspace_origins/docs/papers204_208_sequence/scouting/OFS_ROOT_INSPECTION.md:104:convex polygons n>=3, the exact original-snapshot lexicographic sweep,
papers/57-uniform-cylinder-minorization-ca/builds/round1/sections/6_conclusion.tex:6:uniquely exposed permutive corner provides them through a finite triangular
papers/57-uniform-cylinder-minorization-ca/builds/round2/sections/6_conclusion.tex:6:uniquely exposed permutive corner provides them through a finite triangular
papers/57-uniform-cylinder-minorization-ca/sections/6_conclusion.tex:6:uniquely exposed permutive corner provides them through a finite triangular
docs/papers204_208_sequence/scouting/order_geometry_tenth/tree_execution_02/INTAKE.md:21:| OFS | Convex labelled polygon triangulations. Snapshot all original internal diagonals in lexicographic endpoint order; visit each once and flip it in the current triangulation if still present. Never append newly created diagonals to the list. | n=3,...,10; every triangulation |
docs/papers204_208_sequence/scouting/order_geometry_tenth/tree_execution_02/INTAKE.md:27:triangulation carriers were fixed first to favor nonword geometry. Old
docs/papers204_208_sequence/scouting/order_geometry_tenth/tree_execution_02/INTAKE.md:43:  mapping to {13,14}; it is not conjugate to bijective polygon rotation or
papers/178-state-selected-finite-differences/main.tex:145:$0,1,\ldots,p-1$ is lower triangular with diagonal one, so
papers/07-entropy-oriented-chiral-shift/sections/7_route_outcome.tex:51:masses all retain the all-order triangular determinant mechanism; all 24
docs/papers204_208_sequence/scouting/algebra/SOURCE_AND_COLLISION_NOTES.md:74:| P119, `papers/119-regular-engel-unitriangular-dynamics/main.tex`, introduction and centralizer-fibre discussion | Group update X->X^{-1}J^{-1}XJ with fixed regular J | Fixed-element commutator, centralizer-coset fibres and nilpotent descent receive zero credit. CS varies both additive matrix entries and has periodic nonzero-trace strata; this is a literal difference, not by itself a value certificate. |
papers/35-affine-semigroup-object-firewall/sections/5_operator_ownership.tex:44:an operator trace theorem.  Finite height cutoffs are upper triangular and
papers/64-lacunary-beta-entropy-approximants/sections/1_introduction.tex:23:\Cref{sec:setup} separates the finite greedy expansion from its periodic ceiling.  \Cref{sec:certificates} proves the finite certificates, \cref{sec:asymptotics} proves the sharp asymptotic, and \cref{sec:schedules} records the exact scope of schedule control.  \Cref{sec:computation} gives a fully reproducible triangular-position control.
papers/36-affine-cayley-chain-cancellation-no-go/sections/0_abstract.tex:5:polygon is exact but total: the resulting Cayley complex is contractible, so
papers/36-affine-cayley-chain-cancellation-no-go/sections/0_abstract.tex:13:affine relation polygon contributes
docs/papers204_208_sequence/scouting/algebra_third/SOURCE_AND_COLLISION_NOTES.md:31:- Read P119 `papers/119-regular-engel-unitriangular-dynamics/main.tex`
docs/papers204_208_sequence/scouting/algebra_third/SOURCE_AND_COLLISION_NOTES.md:33:  Its map is fixed-J on unitriangular matrices, unlike EG and ND. The
docs/papers204_208_sequence/scouting/algebra_third/SOURCE_AND_COLLISION_NOTES.md:48:  triangular recursion, EG's centralizer fibres, and ND's linear/power
docs/papers197_201_sequence/scouting/geometry_reopen_20260905/SOURCE_SCOPE.md:7:projective-polygon escape route is directly owned, not a fresh carrier.
docs/papers197_201_sequence/scouting/geometry_reopen_20260905/SOURCE_SCOPE.md:9:- [Anton Izosimov, The pentagram map, Poncelet polygons, and commuting
docs/papers197_201_sequence/scouting/geometry_reopen_20260905/SOURCE_SCOPE.md:22:  recasting degenerate polygons plus a sink as an unowned construction.
docs/papers197_201_sequence/scouting/geometry_reopen_20260905/SOURCE_SCOPE.md:32:pentagram map finite fields projective polygons
docs/papers204_208_sequence/scouting/finite_structures_eighth/SOURCES.md:47:  lemma gives permutation triangularization. This supports the static
docs/papers204_208_sequence/scouting/word_local/ZA_PROOF_WORK/PROOF_ATTEMPT_REPORT.md:101:`probe_triangular.py` tested the weaker nonexpansion/scalar-monotonicity route
docs/papers204_208_sequence/scouting/word_local/ZA_PROOF_WORK/PROOF_ATTEMPT_REPORT.md:128:| `probe_triangular.py` | `TRIANGULAR_PROBE.json` | Weaker route, subsequently falsified at length 12 |
docs/papers204_208_sequence/scouting/finite_systems_fifteenth/SCOUT_REPORT.md:22:| USS, f -> f(xf(x)) | Coefficient-triangular bijection, zero tails, singleton fibres. No pilot or new credit. |
papers/27-mobius-incidence-atom-compiler/sections/9_conclusion.tex:13:unitriangularly conjugate to coordinate projectors. In the countable weighted
papers/57-uniform-cylinder-minorization-ca/builds/round0/sections/4_exposed_corner.tex:51:\begin{lemma}[Triangular pivots on arbitrary shapes]\label{lem:corner-pivots}
papers/07-entropy-oriented-chiral-shift/sections/4_entropy_coupling.tex:36:triangular matrix is the corresponding power of its diagonal.  This proves
papers/07-entropy-oriented-chiral-shift/sections/4_entropy_coupling.tex:61:The strictly lower-triangular part of $L_s$ is a nonsemisimple radical.  On
papers/57-uniform-cylinder-minorization-ca/builds/round1/sections/4_exposed_corner.tex:51:\begin{lemma}[Triangular pivots on arbitrary shapes]\label{lem:corner-pivots}
docs/papers204_208_sequence/qa/p208_round0_input_inspection/historical_workspace_origins/docs/papers204_208_sequence/scouting/order_geometry_tenth_desk/OFS_TEMPORAL_CHECK.md:12:is **PROVABLE AS STATED**: the declared labelled polygon OFS has one
papers/159-parallel-odd-vertex-pruning/main.tex:88:strictly upper triangular; its zero diagonal does not encode fixed
papers/57-uniform-cylinder-minorization-ca/builds/round2/sections/4_exposed_corner.tex:51:\begin{lemma}[Triangular pivots on arbitrary shapes]\label{lem:corner-pivots}
papers/57-uniform-cylinder-minorization-ca/sections/4_exposed_corner.tex:51:\begin{lemma}[Triangular pivots on arbitrary shapes]\label{lem:corner-pivots}
papers/26-pure-power-selector-atom-collapse/sections/1_introduction.tex:33:may contain noncommuting upper-triangular extensions, and an even/odd
papers/27-mobius-incidence-atom-compiler/figures/oblique_similarity_firewall.tex:18:  unitriangular change\\
papers/57-uniform-cylinder-minorization-ca/builds/round0/sections/5_sharpness_scope_controls.tex:71:\subsection{Surjectivity is not the triangular hypothesis}
papers/57-uniform-cylinder-minorization-ca/builds/round0/sections/5_sharpness_scope_controls.tex:129:triangular arguments.  The dependent-law checks verify finite analogues of
papers/35-affine-semigroup-object-firewall/sections/1_introduction.tex:31:Nonbacktracking removes only the immediate reversals, not the relation polygon
papers/35-affine-semigroup-object-firewall/sections/1_introduction.tex:46:exhibiting the new cycle $U_q^q$ and small-modulus polygon degeneration.
papers/57-uniform-cylinder-minorization-ca/builds/round1/sections/5_sharpness_scope_controls.tex:71:\subsection{Surjectivity is not the triangular hypothesis}
papers/57-uniform-cylinder-minorization-ca/builds/round1/sections/5_sharpness_scope_controls.tex:135:triangular arguments.  The dependent-law checks verify finite analogues of
papers/57-uniform-cylinder-minorization-ca/builds/round2/sections/5_sharpness_scope_controls.tex:71:\subsection{Surjectivity is not the triangular hypothesis}
papers/57-uniform-cylinder-minorization-ca/builds/round2/sections/5_sharpness_scope_controls.tex:135:triangular arguments.  The dependent-law checks verify finite analogues of
docs/papers204_208_sequence/scouting/OFS_GATE/SOURCE_AND_PROOF.md:4:original-diagonal lexicographic sweep on **all** labelled convex-polygon
docs/papers204_208_sequence/scouting/OFS_GATE/SOURCE_AND_PROOF.md:5:triangulations, not a modified scheduler or a restricted family.
docs/papers204_208_sequence/scouting/OFS_GATE/SOURCE_AND_PROOF.md:18:endpoint pairs. Flip each in that order in the current triangulation. An
docs/papers204_208_sequence/scouting/OFS_GATE/SOURCE_AND_PROOF.md:28:vertices. The auxiliary leaf is not an additional polygon carrier. Write
docs/papers204_208_sequence/scouting/OFS_GATE/SOURCE_AND_PROOF.md:61:nonleaf left comb. The checking program separately reconstructs the polygon
docs/papers204_208_sequence/scouting/OFS_GATE/SOURCE_AND_PROOF.md:72:F(c)=c and G(e)=c, rather than at an invented nonpolygon state.
docs/papers204_208_sequence/scouting/OFS_GATE/SOURCE_AND_PROOF.md:212:  meet-of-lower-covers map; its chain specialization is Tamari. Its local
docs/papers204_208_sequence/scouting/OFS_GATE/SOURCE_AND_PROOF.md:215:* [Hong, Tamari Pop (2022)](https://arxiv.org/pdf/2201.10030): read the
docs/papers204_208_sequence/scouting/OFS_GATE/SOURCE_AND_PROOF.md:233:  inputs map to the identity, so simply identifying triangulations with
docs/papers204_208_sequence/scouting/OFS_GATE/SOURCE_AND_PROOF.md:237:  read sections 1--3's dictionaries, uniquely selected leftmost rotation,
docs/papers204_208_sequence/scouting/OFS_GATE/SOURCE_AND_PROOF.md:250:* [Mansour, Statistics on Dyck paths (2006)](https://cs.uwaterloo.ca/journals/JIS/VOL9/Mansour/mansour86.pdf):
docs/papers204_208_sequence/scouting/OFS_GATE/SOURCE_AND_PROOF.md:323:of which seed and G blocks are admissible and which **labelled polygon
docs/papers204_208_sequence/scouting/OFS_GATE/SOURCE_AND_PROOF.md:335:| P144, `papers/144-leftmost-dyck-reassociation/main.tex` | Its primitive-factor iterate and terminal source proof give one source at each feasible depth by lifting a suffix of root children. Graft/lift, Catalan coding, factor clocks and deterministic leftmost scheduling receive zero credit. That endpoint map is not OFS's one-step map: the old inverse moves one terminal suffix, whereas OFS requires a recursively chosen seed and later blocks at many decorated cells. A shared contour dictionary alone does not transport those source sets or the alternating phase. |
docs/papers204_208_sequence/scouting/OFS_GATE/SOURCE_AND_PROOF.md:337:| Q09 least-ear, C14 parity-selected diagonal, TFE rooted-fan frontier, LDL illegal Delaunay, PTR polygon rotation | Their original selector definitions were read in the pinned scout files. Local ear selection, a fan-building sweep, greedy improvements and rotations are owned primitives. Iterating a local selector with a dynamically refreshed order is not the fixed original list; the exact label-reset lift above explicitly accounts for the composition that does exist. No separate credit is awarded to having selected another order. |
docs/papers204_208_sequence/scouting/OFS_GATE/SOURCE_AND_PROOF.md:338:| P139 factor-start feedback | Selected original static suffix-record/factorization and leading-prefix proof sections were read. The owned factorization dictionary and prefix-amplification strategy are deducted. They are not a literal inverse or K transport for the triangulation sweep. No claim of rereading its entire paper. |
docs/papers204_208_sequence/scouting/OFS_GATE/SOURCE_AND_PROOF.md:344:cube abbreviation. The old comb-parity root-rotation report was also
papers/74-dyck-motzkin-context-complexity/main.tex:31:\title[Context complexity of Dyck--Motzkin shifts]{Exact Follower, Predecessor, and Extender Complexity of Dyck--Motzkin Shifts}
papers/74-dyck-motzkin-context-complexity/main.tex:35:\keywords{Dyck shift, Motzkin shift, follower set, extender set, context entropy, polycyclic monoid}
papers/74-dyck-motzkin-context-complexity/main.tex:41:predecessor, and extender-set sequences of the Dyck shift and of every
papers/74-dyck-motzkin-context-complexity/main.tex:47:The Dyck extender count is
papers/74-dyck-motzkin-context-complexity/main.tex:62:Dyck shifts are canonical nonsofic coded systems: their local alphabet is
papers/74-dyck-motzkin-context-complexity/main.tex:74:\citet{French2016}, and the coloured-stack presentation of Dyck past classes
papers/74-dyck-motzkin-context-complexity/main.tex:77:frameworks to exact word-length-indexed sequences for the Dyck--Motzkin
papers/74-dyck-motzkin-context-complexity/main.tex:84:The distinction between the Dyck and Motzkin extender sequences is a parity
papers/74-dyck-motzkin-context-complexity/main.tex:85:effect.  Dyck reduction removes letters in pairs, while even one neutral
papers/74-dyck-motzkin-context-complexity/main.tex:89:\section{Dyck--Motzkin languages and contexts}
papers/74-dyck-motzkin-context-complexity/main.tex:105:\eqref{eq:polycyclic} is nonzero.  Here $N=0$ is the Dyck shift and $N\geq1$
papers/74-dyck-motzkin-context-complexity/main.tex:220:For the Dyck shift $X_{M,0}$,
papers/74-dyck-motzkin-context-complexity/main.tex:221:\begin{equation}\label{eq:dyck-extender}
papers/74-dyck-motzkin-context-complexity/main.tex:236:In a Dyck word, every reduction deletes two letters.  Hence $r\leq n$ and
papers/74-dyck-motzkin-context-complexity/main.tex:239:\eqref{eq:dyck-extender}.  When a neutral symbol is available, append
papers/74-dyck-motzkin-context-complexity/main.tex:263:Consequently every Dyck--Motzkin system in this range has the strict gap
papers/74-dyck-motzkin-context-complexity/main.tex:270:The sums in \eqref{eq:fp}, \eqref{eq:dyck-extender}, and
papers/74-dyck-motzkin-context-complexity/main.tex:273:entropy formula belongs to the established Dyck--Motzkin word-count theory
papers/74-dyck-motzkin-context-complexity/main.tex:310:Dyck stack presentation, nor new zeta, periodic-point, or topological-entropy
papers/57-uniform-cylinder-minorization-ca/sections/5_sharpness_scope_controls.tex:71:\subsection{Surjectivity is not the triangular hypothesis}
papers/57-uniform-cylinder-minorization-ca/sections/5_sharpness_scope_controls.tex:135:triangular arguments.  The dependent-law checks verify finite analogues of
papers/31-wilson-semiring-verifier-trichotomy/sections/A_proof_details.tex:81:block-triangular $\Ts$ proves \cref{prop:transient-pruning} without assuming
papers/67-multiplicative-plaquette-matroid-complexity/sections/4_prefixes.tex:46:\begin{lemma}[Triangular prefix pivots]\label{lem:prefix-pivots}
docs/papers204_208_sequence/scouting/order_geometry_tenth/OFS_PROOF_PACKAGE.md:11:On all triangulations of the convex polygon with labelled vertices
docs/papers204_208_sequence/scouting/order_geometry_tenth/OFS_PROOF_PACKAGE.md:14:triangulation. Call the resulting self-map $F_n$ (OFS).
docs/papers204_208_sequence/scouting/order_geometry_tenth/OFS_PROOF_PACKAGE.md:16:For $n=3$ the only triangulation is fixed. For every $n\ge4$ there is one
docs/papers204_208_sequence/scouting/order_geometry_tenth/OFS_PROOF_PACKAGE.md:29:remain open. The full finite carrier includes every triangulation and
docs/papers204_208_sequence/scouting/order_geometry_tenth/OFS_PROOF_PACKAGE.md:37:Root the usual triangulation dual decomposition at boundary edge
docs/papers204_208_sequence/scouting/order_geometry_tenth/OFS_PROOF_PACKAGE.md:38:$(0,n-1)$: the two children encode the subpolygons on either side of the
docs/papers204_208_sequence/scouting/order_geometry_tenth/OFS_PROOF_PACKAGE.md:41:express recursion; it is not an extra polygon state.
docs/papers204_208_sequence/scouting/order_geometry_tenth/OFS_PROOF_PACKAGE.md:54:The operation $F$ denotes the same literal polygon map in this dictionary,
docs/papers204_208_sequence/scouting/order_geometry_tenth/OFS_PROOF_PACKAGE.md:60:   smaller independent polygons. This proves the recursive dictionary.
docs/papers204_208_sequence/scouting/order_geometry_tenth/OFS_PROOF_PACKAGE.md:105:subpolygons encode the branches $B_j$ of $\operatorname{LS}(T)$.
docs/papers204_208_sequence/scouting/order_geometry_tenth/OFS_PROOF_PACKAGE.md:220:Thus, for every polygon target $Y$,
docs/papers204_208_sequence/scouting/order_geometry_tenth/OFS_PROOF_PACKAGE.md:247:$R=\operatorname{LC}_m$. Its triangulation is precisely the fan at
docs/papers204_208_sequence/scouting/order_geometry_tenth/OFS_PROOF_PACKAGE.md:280:the literal image under the standard Dyck-word bijection. That earlier
docs/papers204_208_sequence/scouting/order_geometry_tenth/ofs_theorem_execution_02/OFS_THEOREM_CHECK_DECLARATION.md:8:Use exactly the original complete polygon carriers $n=3,\ldots,10$.
docs/papers204_208_sequence/scouting/order_geometry_tenth/ofs_theorem_execution_02/OFS_THEOREM_CHECK_DECLARATION.md:11:construct their polygon edges, perform the declared snapshot flips by
docs/papers204_208_sequence/scouting/order_geometry_tenth/ofs_theorem_execution_02/OFS_THEOREM_CHECK_DECLARATION.md:27:evaluate an additional larger polygon map.
papers/36-affine-cayley-chain-cancellation-no-go/sections/5_fill_and_clock.tex:64:Conversely, leaving cells unfilled retains the relation polygon but does not
docs/papers204_208_sequence/scouting/finite_structures_eighth/PROOF_BOUNDARIES.md:113:$B=I+D$ with $D$ strictly upper triangular. This is exactly the static
docs/papers204_208_sequence/scouting/finite_structures_eighth/PROOF_BOUNDARIES.md:114:triangularization in Izhakian–Rhodes, Lemma 3.2, and receives zero credit.
docs/papers204_208_sequence/scouting/finite_structures_eighth/PROOF_BOUNDARIES.md:142:## 4. DP3: generic triangular reset/flip theorem is deducted
docs/papers204_208_sequence/scouting/finite_structures_eighth/PROOF_BOUNDARIES.md:169:This proof is a generic triangular Boolean-cascade argument. It is
papers/36-affine-cayley-chain-cancellation-no-go/main.tex:72:Hashimoto operator still sees the relation polygon, and the scalar chain
papers/36-affine-cayley-chain-cancellation-no-go/sections/A_proof_details.tex:4:\subsection{Primitivity of the relation polygon}
papers/36-affine-cayley-chain-cancellation-no-go/sections/A_proof_details.tex:31:On the based polygon, the oriented-edge origins are
docs/papers204_208_sequence/scouting/order_geometry_tenth_desk/SOURCE_BOUNDARY.md:30:`triangulation "flip" "lexicographic" dynamical system`,
docs/papers204_208_sequence/scouting/order_geometry_tenth_desk/SOURCE_BOUNDARY.md:32:`triangulations "flip every" diagonal order`. They returned general
docs/papers204_208_sequence/scouting/order_geometry_tenth_desk/SOURCE_BOUNDARY.md:45:   of centroaffine polygons: geometrical aspects*, Ann. Inst. Fourier
docs/papers204_208_sequence/scouting/order_geometry_tenth_desk/SOURCE_BOUNDARY.md:95:2. Mansour, *Statistics on Dyck paths*, Journal of Integer Sequences 9
docs/papers204_208_sequence/scouting/order_geometry_tenth_desk/SOURCE_BOUNDARY.md:100:   UUDU-avoiding Dyck paths by
docs/papers204_208_sequence/scouting/order_geometry_tenth_desk/SOURCE_BOUNDARY.md:144:| `docs/papers157_161_sequence/phase1/combinatorial_gate/REPLACEMENT_SCOUT.md`, PTR | Polygon rotation. | Bijectivity contradicts the explicit OFS pentagon collision. |
docs/papers204_208_sequence/scouting/order_geometry_tenth_desk/SOURCE_BOUNDARY.md:145:| `papers/144-leftmost-dyck-reassociation/main.tex` | Setup, theorem statements, and closed primitive-factor orbit proof: one leftmost ground-return graft, primitive core, depth one less than initial primitive count. | Parenthesization/Tamari encoding and graft bookkeeping are deducted. P144's fixed core cannot supply OFS's alternating factor or whole sweep by name alone. |
docs/papers204_208_sequence/scouting/order_geometry_tenth_desk/SOURCE_BOUNDARY.md:177:height $n-2$ for $n\ge5$, with both smaller polygon bases treated
docs/papers204_208_sequence/scouting/order_geometry_tenth_desk/SOURCE_BOUNDARY.md:191:- Adin and Roichman, *Triangle-Free Triangulations, Hyperplane
docs/papers204_208_sequence/scouting/order_geometry_tenth_desk/SOURCE_BOUNDARY.md:198:  length $n(n-3)/2$ and concerns all possible polygon diagonals, not
docs/papers204_208_sequence/scouting/finite_systems_fifteenth/INTAKE.md:26:| USS | For any prime $p$ and $m\ge0$, units $f=1+\sum_{i=1}^m a_i x^i$ in $\mathbf F_p[x]/(x^{m+1})$. Set $T(f)=f(xf(x))$ modulo $x^{m+1}$. | Desk kill: triangular coefficient bijection with singleton fibres. No pilot. |
docs/papers204_208_sequence/scouting/finite_systems_fifteenth/INTAKE.md:116:The resulting finite triangular permutation action is already a complete
papers/129-rootward-active-pile-coalescence/sections/3_interfaces.tex:23:This triangular recursion uniquely defines nonnegative rational values.
papers/201-eventual-period-feedback/main.tex:40:a unique largest fibre at zero of size $(n+1)^{n-1}$. The triangular
papers/201-eventual-period-feedback/main.tex:73:Wagner explicitly gives the triangular recurrence in the enumeration of
papers/201-eventual-period-feedback/main.tex:390:this internal draft. The known triangular sequence and classical
papers/48-all-radix-carry-free-schatten/paper/sections/03_digit_operator.tex:115:triangular with unit diagonal, so
papers/14-tensor-bar-mobius-selector/sections/A_proofs_scope.tex:8:matrix $R_S$ is strictly upper triangular and therefore nilpotent.  Its zeta
docs/papers204_208_sequence/scouting/order_geometry_tenth/INTAKE.md:21:| OFS | Convex labelled polygon triangulations. Snapshot all original internal diagonals in lexicographic endpoint order; visit each once and flip it in the current triangulation if still present. Never append newly created diagonals to the list. | n=3,...,10; every triangulation |
docs/papers204_208_sequence/scouting/order_geometry_tenth/INTAKE.md:27:triangulation carriers were fixed first to favor nonword geometry. Old
docs/papers204_208_sequence/scouting/order_geometry_tenth/INTAKE.md:43:  mapping to {13,14}; it is not conjugate to bijective polygon rotation or
papers/57-uniform-cylinder-minorization-ca/builds/round0/sections/0_abstract.tex:16:under iteration and translated corner pivots form a triangular bijection on
papers/57-uniform-cylinder-minorization-ca/builds/round0/sections/0_abstract.tex:21:triangular hypothesis.
papers/144-leftmost-dyck-reassociation/main.tex:34:\newcommand{\Dyck}{\mathcal D}
papers/144-leftmost-dyck-reassociation/main.tex:41:\title[Leftmost Dyck reassociation]{Leftmost Reassociation of Dyck
papers/144-leftmost-dyck-reassociation/main.tex:46:\keywords{Dyck path, primitive component, Tamari cover, finite dynamics,
papers/144-leftmost-dyck-reassociation/main.tex:52:Let a nonempty Dyck path have primitive factorisation
papers/144-leftmost-dyck-reassociation/main.tex:69:comb/Tamari covers, deterministic leftmost-rotation precedents, and the
papers/144-leftmost-dyck-reassociation/main.tex:81:fixes a particularly rigid selector on Dyck paths.  At every nonfixed state,
papers/144-leftmost-dyck-reassociation/main.tex:82:we perform the reassociation at the leftmost return to ground level.  The
papers/144-leftmost-dyck-reassociation/main.tex:83:selected down-step crosses the next primitive Dyck component, and no other
papers/144-leftmost-dyck-reassociation/main.tex:86:The atomic reassociation belongs to the Tamari setting.  Associativity orders
papers/144-leftmost-dyck-reassociation/main.tex:87:and their lattice property go back to Huang and Tamari
papers/144-leftmost-dyck-reassociation/main.tex:88:\cite{HuangTamari1972Associativity}; path formulations of Tamari-type covers
papers/144-leftmost-dyck-reassociation/main.tex:89:also appear in the $m$-Tamari literature
papers/144-leftmost-dyck-reassociation/main.tex:91:of Dyck words and enumeration by the number of primitive components are
papers/144-leftmost-dyck-reassociation/main.tex:104:Separately, Chapoton identifies the comb-order covers on Dyck paths as exactly
papers/144-leftmost-dyck-reassociation/main.tex:105:the Tamari covers whose moved subpath lies at height zero
papers/144-leftmost-dyck-reassociation/main.tex:106:\cite[\S1.2, p.~438]{Chapoton2020DyckOrder}, tracing the comb order to Pallo's
papers/144-leftmost-dyck-reassociation/main.tex:136:\section{Dyck factors and the literal map}\label{sec:setup}
papers/144-leftmost-dyck-reassociation/main.tex:138:A \emph{Dyck path of semilength $n$} is a word in $U,D$ with $n$ occurrences
papers/144-leftmost-dyck-reassociation/main.tex:140:$D$'s.  Let $\Dyck_n$ denote the set of such paths.  A nonempty Dyck path is
papers/144-leftmost-dyck-reassociation/main.tex:146:into primitive Dyck paths.  We write $\fac(P)=k$.
papers/144-leftmost-dyck-reassociation/main.tex:149:$A$ a possibly empty Dyck path.  Define
papers/144-leftmost-dyck-reassociation/main.tex:158:$AC_2$ is a Dyck path, so $UAC_2D$ is primitive.  Thus
papers/144-leftmost-dyck-reassociation/main.tex:159:\eqref{eq:literal-map} lies in $\Dyck_n$ and is well defined.
papers/144-leftmost-dyck-reassociation/main.tex:162:bijection between Dyck paths and rooted ordered plane trees
papers/144-leftmost-dyck-reassociation/main.tex:204: \bigl|\{P\in\Dyck_n:\tau(P)=k-1\}\bigr|
papers/144-leftmost-dyck-reassociation/main.tex:249:is primitive: after its initial $U$, the Dyck word
papers/144-leftmost-dyck-reassociation/main.tex:280:bijection from primitive paths in $\Dyck_n$ to $\Dyck_{n-1}$, giving
papers/144-leftmost-dyck-reassociation/main.tex:305:$UAD$ with $A$ an arbitrary Dyck path, so the semilength generating function
papers/144-leftmost-dyck-reassociation/main.tex:312:For $1\leq k\leq n$, the number of paths in $\Dyck_n$ with exactly $k$
papers/144-leftmost-dyck-reassociation/main.tex:345: \sum_{P\in\Dyck_n}u^{\tau(P)}
papers/144-leftmost-dyck-reassociation/main.tex:350: \sum_{n\geq1}\sum_{P\in\Dyck_n}u^{\tau(P)}z^n
papers/144-leftmost-dyck-reassociation/main.tex:366:Let $T=UQD\in\Dyck_n$ be primitive, and let
papers/144-leftmost-dyck-reassociation/main.tex:382:is primitive because its interior is a Dyck path.  The suffix
papers/144-leftmost-dyck-reassociation/main.tex:401:Because $A$ is a Dyck path, the boundary immediately after $A$ is a return of
papers/144-leftmost-dyck-reassociation/main.tex:447:counterexample pressure.  It generates every Dyck path of semilength at most
papers/144-leftmost-dyck-reassociation/main.tex:484:The ownership subtraction is now explicit.  Huang--Tamari and the
papers/144-leftmost-dyck-reassociation/main.tex:485:$m$-Tamari path literature own the lattice and atomic cover background
papers/144-leftmost-dyck-reassociation/main.tex:486:\cite{HuangTamari1972Associativity,BousquetMelouFusyPrevilleRatelle2012Intervals}.
papers/144-leftmost-dyck-reassociation/main.tex:487:Pallo's right-arm rotations and Chapoton's Dyck-path comparison own the comb
papers/144-leftmost-dyck-reassociation/main.tex:489:\cite{Pallo2003RightArm,Chapoton2020DyckOrder}.  Pallo's later leftmost
papers/144-leftmost-dyck-reassociation/main.tex:491:leftmost-rotation scheduler, a rooted rotation tree, a grading, and a distance
papers/57-uniform-cylinder-minorization-ca/builds/round0/sections/1_introduction.tex:75:pivot map into a triangular bijection, including when $S$ is disconnected or
papers/57-uniform-cylinder-minorization-ca/builds/round0/sections/1_introduction.tex:113:arbitrary-shape triangular solve.  \Cref{sec:scope} proves sharpness, records
papers/36-affine-cayley-chain-cancellation-no-go/sections/6_prequotient_operator.tex:24:Follow the relation polygon based at $(0,0)$:
papers/57-uniform-cylinder-minorization-ca/builds/round1/sections/0_abstract.tex:16:under iteration and translated corner pivots form a triangular bijection on
papers/57-uniform-cylinder-minorization-ca/builds/round1/sections/0_abstract.tex:21:triangular hypothesis.
docs/papers204_208_sequence/scouting/order_geometry_tenth/ofs_theorem_execution_02/INTAKE.md:21:| OFS | Convex labelled polygon triangulations. Snapshot all original internal diagonals in lexicographic endpoint order; visit each once and flip it in the current triangulation if still present. Never append newly created diagonals to the list. | n=3,...,10; every triangulation |
docs/papers204_208_sequence/scouting/order_geometry_tenth/ofs_theorem_execution_02/INTAKE.md:27:triangulation carriers were fixed first to favor nonword geometry. Old
docs/papers204_208_sequence/scouting/order_geometry_tenth/ofs_theorem_execution_02/INTAKE.md:43:  mapping to {13,14}; it is not conjugate to bijective polygon rotation or
papers/57-uniform-cylinder-minorization-ca/builds/round2/sections/0_abstract.tex:16:under iteration and translated corner pivots form a triangular bijection on
papers/57-uniform-cylinder-minorization-ca/builds/round2/sections/0_abstract.tex:21:triangular hypothesis.
papers/57-uniform-cylinder-minorization-ca/builds/round1/sections/1_introduction.tex:76:pivot map into a triangular bijection, including when $S$ is disconnected or
papers/57-uniform-cylinder-minorization-ca/builds/round1/sections/1_introduction.tex:120:arbitrary-shape triangular solve.  \Cref{sec:scope} proves sharpness, records
papers/57-uniform-cylinder-minorization-ca/sections/0_abstract.tex:16:under iteration and translated corner pivots form a triangular bijection on
papers/57-uniform-cylinder-minorization-ca/sections/0_abstract.tex:21:triangular hypothesis.
papers/57-uniform-cylinder-minorization-ca/builds/round2/sections/1_introduction.tex:76:pivot map into a triangular bijection, including when $S$ is disconnected or
papers/57-uniform-cylinder-minorization-ca/builds/round2/sections/1_introduction.tex:118:arbitrary-shape triangular solve.  \Cref{sec:scope} proves sharpness, records
papers/64-lacunary-beta-entropy-approximants/sections/6_computation.tex:1:\section{An exact-arithmetic triangular control}
papers/64-lacunary-beta-entropy-approximants/sections/6_computation.tex:28:\caption{Triangular-position control.  Here $A_j=\beta^{-n_{j+1}}/(\beta D_\beta)$.  The two slack columns report the relative distances from $L_j$ to the lower and upper analytic bounds in \eqref{eq:certificate}.  The analytic values are evaluated at high precision only after a separate exact rational root enclosure.  Unrounded data and exact rational log-ratio endpoints are stored in the accompanying JSON file.}
papers/64-lacunary-beta-entropy-approximants/sections/6_computation.tex:29:\label{tab:triangular}
papers/64-lacunary-beta-entropy-approximants/sections/6_computation.tex:32:The ratio $L_j/A_j$ in \cref{tab:triangular} approaches one, as predicted by \cref{thm:asymptotic}.  The shrinking positive slacks separately confirm both inequalities in \eqref{eq:certificate}; the test is not a regression fit.  Re-running the script overwrites the table and the captured output deterministically.
papers/64-lacunary-beta-entropy-approximants/sections/6_computation.tex:39:The frozen standard output is \texttt{checks/triangular\_gap\_check.out}.  The script asserts strict gap growth, every exact rational root enclosure, every analytic two-sided inequality, and containment of the decimal diagnostics in the rational intervals.
papers/57-uniform-cylinder-minorization-ca/sections/1_introduction.tex:76:pivot map into a triangular bijection, including when $S$ is disconnected or
papers/57-uniform-cylinder-minorization-ca/sections/1_introduction.tex:118:arbitrary-shape triangular solve.  \Cref{sec:scope} proves sharpness, records
docs/papers204_208_sequence/scouting/order_geometry_tenth_desk/PROOF_AND_ADAPTER.md:21:temporal classification, or an all-polygon OFS recurrence/fibre theorem,
docs/papers204_208_sequence/scouting/order_geometry_tenth_desk/PROOF_AND_ADAPTER.md:27:is introduced. Triangulations have the declared cyclic vertex labels.
docs/papers204_208_sequence/scouting/order_geometry_tenth_desk/PROOF_AND_ADAPTER.md:300:triangulation. Thus a visited original diagonal cannot reappear.
docs/papers204_208_sequence/scouting/order_geometry_tenth_desk/PROOF_AND_ADAPTER.md:312:On a quadrilateral the two triangulations are exchanged. On a pentagon
docs/papers204_208_sequence/scouting/order_geometry_tenth_desk/PROOF_AND_ADAPTER.md:314:triangulations and their literal sweeps are:
docs/papers204_208_sequence/scouting/order_geometry_tenth_desk/PROOF_AND_ADAPTER.md:327:conjugate to polygon rotation or to any bijective promotion action.
docs/papers204_208_sequence/scouting/order_geometry_tenth_desk/PROOF_AND_ADAPTER.md:349:an old diagonal $d$, an admissible current triangulation must contain
docs/papers204_208_sequence/scouting/order_geometry_tenth_desk/PROOF_AND_ADAPTER.md:351:$d$ restores the immediately preceding triangulation. Require the
docs/papers204_208_sequence/scouting/order_geometry_tenth_desk/PROOF_AND_ADAPTER.md:378:belonged to the original triangulation. In particular $(1,n-1)$ is
docs/papers204_208_sequence/scouting/order_geometry_tenth_desk/PROOF_AND_ADAPTER.md:400:at polygon edge $(0,n-1)$. Its accompanying possible image class is
docs/papers204_208_sequence/scouting/order_geometry_tenth_desk/PROOF_AND_ADAPTER.md:450:with the actual main-scout OFS image count $57$ at polygon size eight.
papers/26-pure-power-selector-atom-collapse/sections/A_proof_details.tex:30:strictly upper-triangular blocks along any composition series and therefore
papers/26-pure-power-selector-atom-collapse/sections/A_proof_details.tex:48:Every product is upper triangular, and its diagonal is the product of the
papers/175-diagonal-feedback-commutator/main.tex:76:\cite{Baddeley1994,LarsenLu2021}.  Fixed-element triangular Engel equations
papers/175-diagonal-feedback-commutator/main.tex:78:unitriangular commutator system catalogued as P119 in the accompanying
papers/31-wilson-semiring-verifier-trichotomy/sections/7_transient_controls.tex:42:Block triangularity gives
papers/36-affine-cayley-chain-cancellation-no-go/sections/4_main_theorem.tex:34:Set $S_r=r(r+1)/2+2r+5$.  Then the relation polygon gives
papers/132-prefix-majority-dynamics/main.tex:50:simultaneous triangular threshold map, and give an exact target-wise atlas of
papers/132-prefix-majority-dynamics/main.tex:73:weak sign of every prefix sum.  The dependence is triangular but the input
papers/132-prefix-majority-dynamics/main.tex:182:Thus $C_m$ counts Dyck excursions of semilength $m$ and $M_m$ counts
papers/132-prefix-majority-dynamics/main.tex:209:a crossing step together with a Dyck excursion and consequently has odd
papers/25-holomorphic-lefschetz-code-collapse/sections/4_scalar_tensor_rigidity.tex:34:The translation \(a\) affects the upper-triangular part of a monomial
papers/27-mobius-incidence-atom-compiler/sections/4_similarity_no_go.tex:49:Because \(\zeta-\delta\in J_N\), this is exactly a unitriangular change of
papers/27-mobius-incidence-atom-compiler/sections/4_similarity_no_go.tex:76:\caption{At finite cutoff the incidence compiler is a unitriangular change of
papers/35-affine-semigroup-object-firewall/sections/8_exact_audit.tex:39:and the extra translation cycle, including the $(2,2)$ polygon degeneration.
papers/26-pure-power-selector-atom-collapse/sections/9_exact_audit.tex:21:Upper-triangular radical words & 15,029 & literal splitting countercontrol \\
papers/26-pure-power-selector-atom-collapse/sections/9_exact_audit.tex:41:deterministic noncommuting upper-triangular extensions yet retain every word
papers/182-cyclic-subspace-lattice-comparator/main.tex:72:as the meet-of-covers pop map on Tamari lattices \cite{Hong2022}; meet--join
papers/36-affine-cayley-chain-cancellation-no-go/sections/2_literature_boundary.tex:40:trace coefficient to the affine relation polygon.  Components are established
papers/07-entropy-oriented-chiral-shift/sections/3_source_and_rigidity.tex:65:permutation of the vertices, every strictly triangular $N_0$ satisfies
papers/07-entropy-oriented-chiral-shift/sections/3_source_and_rigidity.tex:91:strictly triangular.  The converse follows from triangularity.  Finally,
papers/173-random-quotient-leakage-erosion/main.tex:54:incidence, and generic triangular-chain algebra are treated as background;
papers/173-random-quotient-leakage-erosion/main.tex:203:matrix is lower triangular because \eqref{eq:update} only decreases the
papers/173-random-quotient-leakage-erosion/main.tex:276:algebra; and triangular spectra, Jordan recursions, and hitting-time
papers/173-random-quotient-leakage-erosion/main.tex:289:labelled recovery, triangular/Jordan tactics, and absorption formulas.
papers/19-stationary-semiring-sieve-shift/sections/A_proof_details.tex:38:makes each coefficient zero, hence $\Tr Q_s^r=0$.  No triangular-basis
