('state', 1, 0, (), 0, 0, 1, 1, True, 1, ())
('summary', 1, 1, 1, 1, 0, [1], 1, (0,))
('state', 2, 0, ((1, 2),), 0, 0, 1, 1, True, 1, ())
('summary', 2, 1, 1, 1, 0, [1], 1, (0,))
('state', 3, 0, ((1, 2), (1, 3)), 2, 1, 2, 0, False, 0, (0, 0))
('state', 3, 1, ((1, 2), (2, 3)), 2, 0, 2, 1, True, 1, (1, 0))
('state', 3, 2, ((1, 3), (2, 3)), 1, 0, 2, 2, True, 2, (1, 1))
('summary', 3, 3, 2, 2, 1, [2], 2, (2,))
('state', 4, 0, ((1, 2), (1, 3), (1, 4)), 8, 1, 2, 0, False, 0, (0, 0))
('state', 4, 1, ((1, 2), (1, 3), (2, 4)), 7, 1, 2, 0, False, 0, (0, 0))
('state', 4, 2, ((1, 2), (1, 3), (3, 4)), 12, 1, 2, 0, False, 0, (0, 0))
('state', 4, 3, ((1, 2), (1, 4), (2, 3)), 4, 2, 2, 0, False, 0, (0, 0))
('state', 4, 4, ((1, 2), (1, 4), (3, 4)), 14, 1, 2, 1, False, 1, (0, 1))
('state', 4, 5, ((1, 2), (2, 3), (2, 4)), 10, 1, 2, 0, False, 0, (0, 0))
('state', 4, 6, ((1, 2), (2, 3), (3, 4)), 14, 0, 2, 2, True, 2, (2, 0))
('state', 4, 7, ((1, 2), (2, 4), (3, 4)), 12, 0, 2, 3, True, 3, (2, 1))
('state', 4, 8, ((1, 3), (1, 4), (2, 3)), 9, 0, 2, 2, True, 2, (2, 0))
('state', 4, 9, ((1, 3), (1, 4), (2, 4)), 8, 0, 2, 1, True, 1, (1, 0))
('state', 4, 10, ((1, 3), (2, 3), (2, 4)), 13, 0, 2, 2, True, 2, (2, 0))
('state', 4, 11, ((1, 3), (2, 3), (3, 4)), 6, 1, 2, 0, False, 0, (0, 0))
('state', 4, 12, ((1, 3), (2, 4), (3, 4)), 7, 0, 2, 2, True, 2, (1, 1))
('state', 4, 13, ((1, 4), (2, 3), (2, 4)), 10, 0, 2, 1, True, 1, (1, 0))
('state', 4, 14, ((1, 4), (2, 3), (3, 4)), 6, 0, 2, 2, True, 2, (1, 1))
('state', 4, 15, ((1, 4), (2, 4), (3, 4)), 7, 1, 2, 0, False, 0, (0, 0))
('summary', 4, 16, 9, 8, 2, [2], 3, (7,))
('state', 5, 0, ((1, 2), (1, 3), (1, 4), (1, 5)), 50, 1, 2, 0, False, 0, (0, 0))
('state', 5, 1, ((1, 2), (1, 3), (1, 4), (2, 5)), 22, 1, 2, 0, False, 0, (0, 0))
('state', 5, 2, ((1, 2), (1, 3), (1, 4), (3, 5)), 59, 1, 2, 0, False, 0, (0, 0))
('state', 5, 3, ((1, 2), (1, 3), (1, 4), (4, 5)), 60, 1, 2, 0, False, 0, (0, 0))
('state', 5, 4, ((1, 2), (1, 3), (1, 5), (2, 4)), 29, 1, 2, 0, False, 0, (0, 0))
('state', 5, 5, ((1, 2), (1, 3), (1, 5), (3, 4)), 65, 1, 2, 0, False, 0, (0, 0))
('state', 5, 6, ((1, 2), (1, 3), (1, 5), (4, 5)), 66, 1, 2, 0, False, 0, (0, 0))
('state', 5, 7, ((1, 2), (1, 3), (2, 4), (2, 5)), 42, 2, 2, 0, False, 0, (0, 0))
('state', 5, 8, ((1, 2), (1, 3), (2, 4), (3, 5)), 14, 2, 2, 0, False, 0, (0, 0))
('state', 5, 9, ((1, 2), (1, 3), (2, 4), (4, 5)), 46, 1, 2, 0, False, 0, (0, 0))
('state', 5, 10, ((1, 2), (1, 3), (2, 5), (3, 4)), 11, 2, 2, 0, False, 0, (0, 0))
('state', 5, 11, ((1, 2), (1, 3), (2, 5), (4, 5)), 48, 1, 2, 1, False, 1, (0, 1))
('state', 5, 12, ((1, 2), (1, 3), (3, 4), (3, 5)), 79, 2, 2, 0, False, 0, (0, 0))
('state', 5, 13, ((1, 2), (1, 3), (3, 4), (4, 5)), 83, 1, 2, 0, False, 0, (0, 0))
('state', 5, 14, ((1, 2), (1, 3), (3, 5), (4, 5)), 81, 1, 2, 1, False, 1, (0, 1))
('state', 5, 15, ((1, 2), (1, 4), (1, 5), (2, 3)), 16, 2, 2, 0, False, 0, (0, 0))
('state', 5, 16, ((1, 2), (1, 4), (1, 5), (3, 4)), 87, 1, 2, 1, False, 1, (0, 1))
('state', 5, 17, ((1, 2), (1, 4), (1, 5), (3, 5)), 88, 1, 2, 0, False, 0, (0, 0))
('state', 5, 18, ((1, 2), (1, 4), (2, 3), (2, 5)), 21, 1, 2, 0, False, 0, (0, 0))
('state', 5, 19, ((1, 2), (1, 4), (2, 3), (3, 5)), 41, 1, 2, 0, False, 0, (0, 0))
('state', 5, 20, ((1, 2), (1, 4), (2, 3), (4, 5)), 25, 2, 2, 0, False, 0, (0, 0))
('state', 5, 21, ((1, 2), (1, 4), (2, 5), (3, 4)), 22, 0, 2, 2, True, 2, (2, 0))
('state', 5, 22, ((1, 2), (1, 4), (2, 5), (3, 5)), 21, 0, 2, 2, True, 2, (2, 0))
('state', 5, 23, ((1, 2), (1, 4), (3, 4), (3, 5)), 106, 1, 2, 0, False, 0, (0, 0))
('state', 5, 24, ((1, 2), (1, 4), (3, 4), (4, 5)), 99, 2, 2, 0, False, 0, (0, 0))
('state', 5, 25, ((1, 2), (1, 4), (3, 5), (4, 5)), 100, 1, 2, 1, False, 1, (0, 1))
('state', 5, 26, ((1, 2), (1, 5), (2, 3), (2, 4)), 30, 1, 2, 0, False, 0, (0, 0))
('state', 5, 27, ((1, 2), (1, 5), (2, 3), (3, 4)), 28, 3, 2, 0, False, 0, (0, 0))
('state', 5, 28, ((1, 2), (1, 5), (2, 3), (4, 5)), 32, 2, 2, 1, False, 1, (0, 1))
('state', 5, 29, ((1, 2), (1, 5), (2, 4), (3, 4)), 30, 0, 2, 2, True, 2, (2, 0))
('state', 5, 30, ((1, 2), (1, 5), (2, 4), (3, 5)), 29, 0, 2, 2, True, 2, (2, 0))
('state', 5, 31, ((1, 2), (1, 5), (3, 4), (3, 5)), 119, 1, 2, 0, False, 0, (0, 0))
('state', 5, 32, ((1, 2), (1, 5), (3, 4), (4, 5)), 115, 1, 2, 1, False, 1, (0, 1))
('state', 5, 33, ((1, 2), (1, 5), (3, 5), (4, 5)), 116, 2, 2, 0, False, 0, (0, 0))
('state', 5, 34, ((1, 2), (2, 3), (2, 4), (2, 5)), 69, 1, 2, 0, False, 0, (0, 0))
('state', 5, 35, ((1, 2), (2, 3), (2, 4), (3, 5)), 110, 1, 2, 0, False, 0, (0, 0))
('state', 5, 36, ((1, 2), (2, 3), (2, 4), (4, 5)), 111, 1, 2, 0, False, 0, (0, 0))
('state', 5, 37, ((1, 2), (2, 3), (2, 5), (3, 4)), 96, 1, 2, 0, False, 0, (0, 0))
('state', 5, 38, ((1, 2), (2, 3), (2, 5), (4, 5)), 97, 1, 2, 0, False, 0, (0, 0))
('state', 5, 39, ((1, 2), (2, 3), (3, 4), (3, 5)), 98, 0, 2, 3, True, 3, (3, 0))
('state', 5, 40, ((1, 2), (2, 3), (3, 4), (4, 5)), 115, 0, 2, 2, True, 2, (2, 0))
('state', 5, 41, ((1, 2), (2, 3), (3, 5), (4, 5)), 100, 0, 2, 3, True, 3, (2, 1))
('state', 5, 42, ((1, 2), (2, 4), (2, 5), (3, 4)), 77, 1, 2, 1, False, 1, (0, 1))
('state', 5, 43, ((1, 2), (2, 4), (2, 5), (3, 5)), 78, 1, 2, 0, False, 0, (0, 0))
('state', 5, 44, ((1, 2), (2, 4), (3, 4), (3, 5)), 119, 0, 2, 2, True, 2, (2, 0))
('state', 5, 45, ((1, 2), (2, 4), (3, 4), (4, 5)), 80, 0, 2, 3, True, 3, (3, 0))
('state', 5, 46, ((1, 2), (2, 4), (3, 5), (4, 5)), 81, 0, 2, 3, True, 3, (2, 1))
('state', 5, 47, ((1, 2), (2, 5), (3, 4), (3, 5)), 106, 0, 2, 2, True, 2, (2, 0))
('state', 5, 48, ((1, 2), (2, 5), (3, 4), (4, 5)), 83, 0, 2, 3, True, 3, (2, 1))
('state', 5, 49, ((1, 2), (2, 5), (3, 5), (4, 5)), 84, 0, 2, 3, True, 3, (3, 0))
('state', 5, 50, ((1, 3), (1, 4), (1, 5), (2, 3)), 51, 0, 2, 3, True, 3, (3, 0))
('state', 5, 51, ((1, 3), (1, 4), (1, 5), (2, 4)), 50, 0, 2, 1, True, 1, (1, 0))
('state', 5, 52, ((1, 3), (1, 4), (1, 5), (2, 5)), 50, 1, 2, 0, False, 0, (0, 0))
('state', 5, 53, ((1, 3), (1, 4), (2, 3), (2, 5)), 73, 1, 2, 0, False, 0, (0, 0))
('state', 5, 54, ((1, 3), (1, 4), (2, 3), (3, 5)), 57, 1, 2, 0, False, 0, (0, 0))
('state', 5, 55, ((1, 3), (1, 4), (2, 3), (4, 5)), 60, 0, 2, 2, True, 2, (2, 0))
('state', 5, 56, ((1, 3), (1, 4), (2, 4), (2, 5)), 102, 1, 2, 0, False, 0, (0, 0))
('state', 5, 57, ((1, 3), (1, 4), (2, 4), (3, 5)), 59, 0, 2, 2, True, 2, (2, 0))
('state', 5, 58, ((1, 3), (1, 4), (2, 4), (4, 5)), 55, 1, 2, 0, False, 0, (0, 0))
('state', 5, 59, ((1, 3), (1, 4), (2, 5), (3, 5)), 57, 0, 2, 2, True, 2, (2, 0))
('state', 5, 60, ((1, 3), (1, 4), (2, 5), (4, 5)), 55, 0, 2, 2, True, 2, (2, 0))
('state', 5, 61, ((1, 3), (1, 5), (2, 3), (2, 4)), 63, 1, 2, 0, False, 0, (0, 0))
('state', 5, 62, ((1, 3), (1, 5), (2, 3), (3, 4)), 67, 1, 2, 0, False, 0, (0, 0))
('state', 5, 63, ((1, 3), (1, 5), (2, 3), (4, 5)), 66, 0, 2, 3, True, 3, (2, 1))
('state', 5, 64, ((1, 3), (1, 5), (2, 4), (2, 5)), 117, 1, 2, 0, False, 0, (0, 0))
('state', 5, 65, ((1, 3), (1, 5), (2, 4), (3, 4)), 67, 0, 2, 2, True, 2, (2, 0))
('state', 5, 66, ((1, 3), (1, 5), (2, 4), (4, 5)), 63, 0, 2, 2, True, 2, (2, 0))
('state', 5, 67, ((1, 3), (1, 5), (2, 5), (3, 4)), 65, 0, 2, 2, True, 2, (2, 0))
('state', 5, 68, ((1, 3), (1, 5), (2, 5), (4, 5)), 63, 1, 2, 0, False, 0, (0, 0))
('state', 5, 69, ((1, 3), (2, 3), (2, 4), (2, 5)), 93, 0, 2, 3, True, 3, (3, 0))
('state', 5, 70, ((1, 3), (2, 3), (2, 4), (3, 5)), 94, 1, 2, 0, False, 0, (0, 0))
('state', 5, 71, ((1, 3), (2, 3), (2, 4), (4, 5)), 111, 0, 2, 2, True, 2, (2, 0))
('state', 5, 72, ((1, 3), (2, 3), (2, 5), (3, 4)), 112, 1, 2, 0, False, 0, (0, 0))
('state', 5, 73, ((1, 3), (2, 3), (2, 5), (4, 5)), 97, 0, 2, 3, True, 3, (2, 1))
('state', 5, 74, ((1, 3), (2, 3), (3, 4), (3, 5)), 39, 1, 2, 0, False, 0, (0, 0))
('state', 5, 75, ((1, 3), (2, 3), (3, 4), (4, 5)), 115, 1, 2, 0, False, 0, (0, 0))
('state', 5, 76, ((1, 3), (2, 3), (3, 5), (4, 5)), 100, 1, 2, 0, False, 0, (0, 0))
('state', 5, 77, ((1, 3), (2, 4), (2, 5), (3, 4)), 117, 0, 2, 2, True, 2, (2, 0))
('state', 5, 78, ((1, 3), (2, 4), (2, 5), (3, 5)), 102, 0, 2, 2, True, 2, (2, 0))
('state', 5, 79, ((1, 3), (2, 4), (3, 4), (3, 5)), 44, 1, 2, 1, False, 1, (0, 1))
('state', 5, 80, ((1, 3), (2, 4), (3, 4), (4, 5)), 45, 0, 2, 1, True, 1, (1, 0))
('state', 5, 81, ((1, 3), (2, 4), (3, 5), (4, 5)), 46, 0, 2, 3, True, 3, (2, 1))
('state', 5, 82, ((1, 3), (2, 5), (3, 4), (3, 5)), 47, 1, 2, 0, False, 0, (0, 0))
('state', 5, 83, ((1, 3), (2, 5), (3, 4), (4, 5)), 48, 0, 2, 3, True, 3, (2, 1))
('state', 5, 84, ((1, 3), (2, 5), (3, 5), (4, 5)), 49, 0, 2, 1, True, 1, (1, 0))
('state', 5, 85, ((1, 4), (1, 5), (2, 3), (2, 4)), 90, 1, 2, 0, False, 0, (0, 0))
('state', 5, 86, ((1, 4), (1, 5), (2, 3), (2, 5)), 91, 1, 2, 0, False, 0, (0, 0))
('state', 5, 87, ((1, 4), (1, 5), (2, 3), (3, 4)), 91, 0, 2, 2, True, 2, (2, 0))
('state', 5, 88, ((1, 4), (1, 5), (2, 3), (3, 5)), 90, 0, 2, 2, True, 2, (2, 0))
('state', 5, 89, ((1, 4), (1, 5), (2, 4), (3, 4)), 91, 1, 2, 0, False, 0, (0, 0))
('state', 5, 90, ((1, 4), (1, 5), (2, 4), (3, 5)), 88, 0, 2, 3, True, 3, (2, 1))
('state', 5, 91, ((1, 4), (1, 5), (2, 5), (3, 4)), 87, 0, 2, 3, True, 3, (2, 1))
('state', 5, 92, ((1, 4), (1, 5), (2, 5), (3, 5)), 90, 1, 2, 0, False, 0, (0, 0))
('state', 5, 93, ((1, 4), (2, 3), (2, 4), (2, 5)), 69, 0, 2, 1, True, 1, (1, 0))
('state', 5, 94, ((1, 4), (2, 3), (2, 4), (3, 5)), 110, 0, 2, 2, True, 2, (2, 0))
('state', 5, 95, ((1, 4), (2, 3), (2, 4), (4, 5)), 71, 1, 2, 0, False, 0, (0, 0))
('state', 5, 96, ((1, 4), (2, 3), (2, 5), (3, 4)), 112, 0, 2, 2, True, 2, (2, 0))
('state', 5, 97, ((1, 4), (2, 3), (2, 5), (4, 5)), 73, 0, 2, 2, True, 2, (2, 0))
('state', 5, 98, ((1, 4), (2, 3), (3, 4), (3, 5)), 39, 0, 2, 1, True, 1, (1, 0))
('state', 5, 99, ((1, 4), (2, 3), (3, 4), (4, 5)), 40, 1, 2, 1, False, 1, (0, 1))
('state', 5, 100, ((1, 4), (2, 3), (3, 5), (4, 5)), 41, 0, 2, 3, True, 3, (2, 1))
('state', 5, 101, ((1, 4), (2, 4), (2, 5), (3, 4)), 117, 1, 2, 0, False, 0, (0, 0))
('state', 5, 102, ((1, 4), (2, 4), (2, 5), (3, 5)), 78, 0, 2, 3, True, 3, (2, 1))
('state', 5, 103, ((1, 4), (2, 4), (3, 4), (3, 5)), 119, 1, 2, 0, False, 0, (0, 0))
('state', 5, 104, ((1, 4), (2, 4), (3, 4), (4, 5)), 45, 1, 2, 0, False, 0, (0, 0))
('state', 5, 105, ((1, 4), (2, 4), (3, 5), (4, 5)), 81, 1, 2, 0, False, 0, (0, 0))
('state', 5, 106, ((1, 4), (2, 5), (3, 4), (3, 5)), 47, 0, 2, 3, True, 3, (2, 1))
('state', 5, 107, ((1, 4), (2, 5), (3, 4), (4, 5)), 48, 1, 2, 0, False, 0, (0, 0))
('state', 5, 108, ((1, 4), (2, 5), (3, 5), (4, 5)), 49, 1, 2, 0, False, 0, (0, 0))
('state', 5, 109, ((1, 5), (2, 3), (2, 4), (2, 5)), 69, 1, 2, 0, False, 0, (0, 0))
('state', 5, 110, ((1, 5), (2, 3), (2, 4), (3, 5)), 94, 0, 2, 2, True, 2, (2, 0))
('state', 5, 111, ((1, 5), (2, 3), (2, 4), (4, 5)), 71, 0, 2, 2, True, 2, (2, 0))
('state', 5, 112, ((1, 5), (2, 3), (2, 5), (3, 4)), 96, 0, 2, 2, True, 2, (2, 0))
('state', 5, 113, ((1, 5), (2, 3), (2, 5), (4, 5)), 73, 1, 2, 0, False, 0, (0, 0))
('state', 5, 114, ((1, 5), (2, 3), (3, 4), (3, 5)), 39, 1, 2, 0, False, 0, (0, 0))
('state', 5, 115, ((1, 5), (2, 3), (3, 4), (4, 5)), 40, 0, 2, 3, True, 3, (2, 1))
('state', 5, 116, ((1, 5), (2, 3), (3, 5), (4, 5)), 41, 1, 2, 1, False, 1, (0, 1))
('state', 5, 117, ((1, 5), (2, 4), (2, 5), (3, 4)), 77, 0, 2, 3, True, 3, (2, 1))
('state', 5, 118, ((1, 5), (2, 4), (2, 5), (3, 5)), 102, 1, 2, 0, False, 0, (0, 0))
('state', 5, 119, ((1, 5), (2, 4), (3, 4), (3, 5)), 44, 0, 2, 3, True, 3, (2, 1))
('state', 5, 120, ((1, 5), (2, 4), (3, 4), (4, 5)), 45, 1, 2, 0, False, 0, (0, 0))
('state', 5, 121, ((1, 5), (2, 4), (3, 5), (4, 5)), 46, 1, 2, 0, False, 0, (0, 0))
('state', 5, 122, ((1, 5), (2, 5), (3, 4), (3, 5)), 106, 1, 2, 0, False, 0, (0, 0))
('state', 5, 123, ((1, 5), (2, 5), (3, 4), (4, 5)), 83, 1, 2, 0, False, 0, (0, 0))
('state', 5, 124, ((1, 5), (2, 5), (3, 5), (4, 5)), 49, 1, 2, 0, False, 0, (0, 0))
('summary', 5, 125, 60, 50, 3, [2], 3, (39, 41, 45, 46, 48, 49, 50, 63, 69, 73, 81, 83, 90, 91, 100, 102, 106, 115, 117, 119))
('state', 6, 0, ((1, 2), (1, 3), (1, 4), (1, 5), (1, 6)), 432, 1, 2, 0, False, 0, (0, 0))
('state', 6, 1, ((1, 2), (1, 3), (1, 4), (1, 5), (2, 6)), 118, 1, 2, 0, False, 0, (0, 0))
('state', 6, 2, ((1, 2), (1, 3), (1, 4), (1, 5), (3, 6)), 448, 1, 2, 0, False, 0, (0, 0))
('state', 6, 3, ((1, 2), (1, 3), (1, 4), (1, 5), (4, 6)), 449, 1, 2, 0, False, 0, (0, 0))
('state', 6, 4, ((1, 2), (1, 3), (1, 4), (1, 5), (5, 6)), 450, 1, 2, 0, False, 0, (0, 0))
('state', 6, 5, ((1, 2), (1, 3), (1, 4), (1, 6), (2, 5)), 132, 1, 2, 0, False, 0, (0, 0))
('state', 6, 6, ((1, 2), (1, 3), (1, 4), (1, 6), (3, 5)), 460, 1, 2, 0, False, 0, (0, 0))
('state', 6, 7, ((1, 2), (1, 3), (1, 4), (1, 6), (4, 5)), 461, 1, 2, 0, False, 0, (0, 0))
('state', 6, 8, ((1, 2), (1, 3), (1, 4), (1, 6), (5, 6)), 462, 1, 2, 0, False, 0, (0, 0))
('state', 6, 9, ((1, 2), (1, 3), (1, 4), (2, 5), (2, 6)), 158, 1, 2, 0, False, 0, (0, 0))
('state', 6, 10, ((1, 2), (1, 3), (1, 4), (2, 5), (3, 6)), 79, 1, 2, 0, False, 0, (0, 0))
('state', 6, 11, ((1, 2), (1, 3), (1, 4), (2, 5), (4, 6)), 164, 1, 2, 0, False, 0, (0, 0))
('state', 6, 12, ((1, 2), (1, 3), (1, 4), (2, 5), (5, 6)), 167, 1, 2, 0, False, 0, (0, 0))
('state', 6, 13, ((1, 2), (1, 3), (1, 4), (2, 6), (3, 5)), 87, 1, 2, 0, False, 0, (0, 0))
('state', 6, 14, ((1, 2), (1, 3), (1, 4), (2, 6), (4, 5)), 172, 1, 2, 0, False, 0, (0, 0))
('state', 6, 15, ((1, 2), (1, 3), (1, 4), (2, 6), (5, 6)), 173, 1, 2, 0, False, 0, (0, 0))
('state', 6, 16, ((1, 2), (1, 3), (1, 4), (3, 5), (3, 6)), 500, 1, 2, 0, False, 0, (0, 0))
('state', 6, 17, ((1, 2), (1, 3), (1, 4), (3, 5), (4, 6)), 501, 1, 2, 0, False, 0, (0, 0))
('state', 6, 18, ((1, 2), (1, 3), (1, 4), (3, 5), (5, 6)), 510, 1, 2, 0, False, 0, (0, 0))
('state', 6, 19, ((1, 2), (1, 3), (1, 4), (3, 6), (4, 5)), 503, 1, 2, 0, False, 0, (0, 0))
('state', 6, 20, ((1, 2), (1, 3), (1, 4), (3, 6), (5, 6)), 504, 1, 2, 0, False, 0, (0, 0))
('state', 6, 21, ((1, 2), (1, 3), (1, 4), (4, 5), (4, 6)), 505, 1, 2, 0, False, 0, (0, 0))
('state', 6, 22, ((1, 2), (1, 3), (1, 4), (4, 5), (5, 6)), 514, 1, 2, 0, False, 0, (0, 0))
('state', 6, 23, ((1, 2), (1, 3), (1, 4), (4, 6), (5, 6)), 507, 1, 2, 0, False, 0, (0, 0))
('state', 6, 24, ((1, 2), (1, 3), (1, 5), (1, 6), (2, 4)), 196, 1, 2, 0, False, 0, (0, 0))
('state', 6, 25, ((1, 2), (1, 3), (1, 5), (1, 6), (3, 4)), 522, 1, 2, 0, False, 0, (0, 0))
('state', 6, 26, ((1, 2), (1, 3), (1, 5), (1, 6), (4, 5)), 523, 1, 2, 0, False, 0, (0, 0))
('state', 6, 27, ((1, 2), (1, 3), (1, 5), (1, 6), (4, 6)), 524, 1, 2, 0, False, 0, (0, 0))
('state', 6, 28, ((1, 2), (1, 3), (1, 5), (2, 4), (2, 6)), 222, 1, 2, 0, False, 0, (0, 0))
('state', 6, 29, ((1, 2), (1, 3), (1, 5), (2, 4), (3, 6)), 39, 2, 2, 0, False, 0, (0, 0))
('state', 6, 30, ((1, 2), (1, 3), (1, 5), (2, 4), (4, 6)), 231, 1, 2, 0, False, 0, (0, 0))
('state', 6, 31, ((1, 2), (1, 3), (1, 5), (2, 4), (5, 6)), 227, 1, 2, 0, False, 0, (0, 0))
('state', 6, 32, ((1, 2), (1, 3), (1, 5), (2, 6), (3, 4)), 34, 2, 2, 0, False, 0, (0, 0))
('state', 6, 33, ((1, 2), (1, 3), (1, 5), (2, 6), (4, 5)), 235, 1, 2, 0, False, 0, (0, 0))
('state', 6, 34, ((1, 2), (1, 3), (1, 5), (2, 6), (4, 6)), 236, 1, 2, 1, False, 1, (0, 1))
('state', 6, 35, ((1, 2), (1, 3), (1, 5), (3, 4), (3, 6)), 554, 1, 2, 0, False, 0, (0, 0))
('state', 6, 36, ((1, 2), (1, 3), (1, 5), (3, 4), (4, 6)), 574, 1, 2, 0, False, 0, (0, 0))
('state', 6, 37, ((1, 2), (1, 3), (1, 5), (3, 4), (5, 6)), 556, 1, 2, 0, False, 0, (0, 0))
('state', 6, 38, ((1, 2), (1, 3), (1, 5), (3, 6), (4, 5)), 557, 1, 2, 0, False, 0, (0, 0))
('state', 6, 39, ((1, 2), (1, 3), (1, 5), (3, 6), (4, 6)), 558, 1, 2, 1, False, 1, (0, 1))
('state', 6, 40, ((1, 2), (1, 3), (1, 5), (4, 5), (4, 6)), 578, 1, 2, 0, False, 0, (0, 0))
('state', 6, 41, ((1, 2), (1, 3), (1, 5), (4, 5), (5, 6)), 560, 1, 2, 0, False, 0, (0, 0))
('state', 6, 42, ((1, 2), (1, 3), (1, 5), (4, 6), (5, 6)), 561, 1, 2, 0, False, 0, (0, 0))
('state', 6, 43, ((1, 2), (1, 3), (1, 6), (2, 4), (2, 5)), 272, 1, 2, 0, False, 0, (0, 0))
('state', 6, 44, ((1, 2), (1, 3), (1, 6), (2, 4), (3, 5)), 53, 2, 2, 0, False, 0, (0, 0))
('state', 6, 45, ((1, 2), (1, 3), (1, 6), (2, 4), (4, 5)), 279, 1, 2, 0, False, 0, (0, 0))
('state', 6, 46, ((1, 2), (1, 3), (1, 6), (2, 4), (5, 6)), 277, 1, 2, 0, False, 0, (0, 0))
('state', 6, 47, ((1, 2), (1, 3), (1, 6), (2, 5), (3, 4)), 48, 2, 2, 0, False, 0, (0, 0))
('state', 6, 48, ((1, 2), (1, 3), (1, 6), (2, 5), (4, 5)), 285, 1, 2, 1, False, 1, (0, 1))
('state', 6, 49, ((1, 2), (1, 3), (1, 6), (2, 5), (4, 6)), 286, 1, 2, 0, False, 0, (0, 0))
('state', 6, 50, ((1, 2), (1, 3), (1, 6), (3, 4), (3, 5)), 604, 1, 2, 0, False, 0, (0, 0))
('state', 6, 51, ((1, 2), (1, 3), (1, 6), (3, 4), (4, 5)), 616, 1, 2, 0, False, 0, (0, 0))
('state', 6, 52, ((1, 2), (1, 3), (1, 6), (3, 4), (5, 6)), 606, 1, 2, 0, False, 0, (0, 0))
('state', 6, 53, ((1, 2), (1, 3), (1, 6), (3, 5), (4, 5)), 607, 1, 2, 1, False, 1, (0, 1))
('state', 6, 54, ((1, 2), (1, 3), (1, 6), (3, 5), (4, 6)), 608, 1, 2, 0, False, 0, (0, 0))
('state', 6, 55, ((1, 2), (1, 3), (1, 6), (4, 5), (4, 6)), 620, 1, 2, 0, False, 0, (0, 0))
('state', 6, 56, ((1, 2), (1, 3), (1, 6), (4, 5), (5, 6)), 610, 1, 2, 0, False, 0, (0, 0))
('state', 6, 57, ((1, 2), (1, 3), (1, 6), (4, 6), (5, 6)), 611, 1, 2, 0, False, 0, (0, 0))
('state', 6, 58, ((1, 2), (1, 3), (2, 4), (2, 5), (2, 6)), 357, 2, 2, 0, False, 0, (0, 0))
('state', 6, 59, ((1, 2), (1, 3), (2, 4), (2, 5), (3, 6)), 80, 1, 2, 0, False, 0, (0, 0))
('state', 6, 60, ((1, 2), (1, 3), (2, 4), (2, 5), (4, 6)), 366, 2, 2, 0, False, 0, (0, 0))
('state', 6, 61, ((1, 2), (1, 3), (2, 4), (2, 5), (5, 6)), 367, 2, 2, 0, False, 0, (0, 0))
('state', 6, 62, ((1, 2), (1, 3), (2, 4), (2, 6), (3, 5)), 87, 1, 2, 0, False, 0, (0, 0))
('state', 6, 63, ((1, 2), (1, 3), (2, 4), (2, 6), (4, 5)), 372, 2, 2, 0, False, 0, (0, 0))
('state', 6, 64, ((1, 2), (1, 3), (2, 4), (2, 6), (5, 6)), 373, 2, 2, 0, False, 0, (0, 0))
('state', 6, 65, ((1, 2), (1, 3), (2, 4), (3, 5), (3, 6)), 100, 3, 2, 0, False, 0, (0, 0))
('state', 6, 66, ((1, 2), (1, 3), (2, 4), (3, 5), (4, 6)), 72, 2, 2, 0, False, 0, (0, 0))
('state', 6, 67, ((1, 2), (1, 3), (2, 4), (3, 5), (5, 6)), 104, 2, 2, 0, False, 0, (0, 0))
('state', 6, 68, ((1, 2), (1, 3), (2, 4), (3, 6), (4, 5)), 69, 3, 2, 0, False, 0, (0, 0))
('state', 6, 69, ((1, 2), (1, 3), (2, 4), (3, 6), (5, 6)), 106, 2, 2, 1, False, 1, (0, 1))
('state', 6, 70, ((1, 2), (1, 3), (2, 4), (4, 5), (4, 6)), 386, 1, 2, 0, False, 0, (0, 0))
('state', 6, 71, ((1, 2), (1, 3), (2, 4), (4, 5), (5, 6)), 390, 1, 2, 0, False, 0, (0, 0))
('state', 6, 72, ((1, 2), (1, 3), (2, 4), (4, 6), (5, 6)), 388, 1, 2, 1, False, 1, (0, 1))
('state', 6, 73, ((1, 2), (1, 3), (2, 5), (2, 6), (3, 4)), 74, 3, 2, 0, False, 0, (0, 0))
('state', 6, 74, ((1, 2), (1, 3), (2, 5), (2, 6), (4, 5)), 394, 2, 2, 1, False, 1, (0, 1))
('state', 6, 75, ((1, 2), (1, 3), (2, 5), (2, 6), (4, 6)), 395, 2, 2, 0, False, 0, (0, 0))
('state', 6, 76, ((1, 2), (1, 3), (2, 5), (3, 4), (3, 6)), 79, 1, 2, 0, False, 0, (0, 0))
('state', 6, 77, ((1, 2), (1, 3), (2, 5), (3, 4), (4, 6)), 99, 2, 2, 0, False, 0, (0, 0))
('state', 6, 78, ((1, 2), (1, 3), (2, 5), (3, 4), (5, 6)), 83, 2, 2, 0, False, 0, (0, 0))
('state', 6, 79, ((1, 2), (1, 3), (2, 5), (3, 6), (4, 5)), 80, 0, 2, 3, True, 3, (3, 0))
('state', 6, 80, ((1, 2), (1, 3), (2, 5), (3, 6), (4, 6)), 79, 0, 2, 2, True, 2, (2, 0))
('state', 6, 81, ((1, 2), (1, 3), (2, 5), (4, 5), (4, 6)), 413, 1, 2, 0, False, 0, (0, 0))
('state', 6, 82, ((1, 2), (1, 3), (2, 5), (4, 5), (5, 6)), 406, 1, 2, 0, False, 0, (0, 0))
('state', 6, 83, ((1, 2), (1, 3), (2, 5), (4, 6), (5, 6)), 407, 1, 2, 1, False, 1, (0, 1))
('state', 6, 84, ((1, 2), (1, 3), (2, 6), (3, 4), (3, 5)), 88, 1, 2, 0, False, 0, (0, 0))
('state', 6, 85, ((1, 2), (1, 3), (2, 6), (3, 4), (4, 5)), 86, 3, 2, 0, False, 0, (0, 0))
('state', 6, 86, ((1, 2), (1, 3), (2, 6), (3, 4), (5, 6)), 90, 2, 2, 1, False, 1, (0, 1))
('state', 6, 87, ((1, 2), (1, 3), (2, 6), (3, 5), (4, 5)), 88, 0, 2, 3, True, 3, (3, 0))
('state', 6, 88, ((1, 2), (1, 3), (2, 6), (3, 5), (4, 6)), 87, 0, 2, 2, True, 2, (2, 0))
('state', 6, 89, ((1, 2), (1, 3), (2, 6), (4, 5), (4, 6)), 426, 1, 2, 0, False, 0, (0, 0))
('state', 6, 90, ((1, 2), (1, 3), (2, 6), (4, 5), (5, 6)), 422, 1, 2, 1, False, 1, (0, 1))
('state', 6, 91, ((1, 2), (1, 3), (2, 6), (4, 6), (5, 6)), 423, 1, 2, 0, False, 0, (0, 0))
('state', 6, 92, ((1, 2), (1, 3), (3, 4), (3, 5), (3, 6)), 700, 2, 2, 0, False, 0, (0, 0))
('state', 6, 93, ((1, 2), (1, 3), (3, 4), (3, 5), (4, 6)), 741, 2, 2, 0, False, 0, (0, 0))
('state', 6, 94, ((1, 2), (1, 3), (3, 4), (3, 5), (5, 6)), 742, 2, 2, 0, False, 0, (0, 0))
('state', 6, 95, ((1, 2), (1, 3), (3, 4), (3, 6), (4, 5)), 727, 2, 2, 0, False, 0, (0, 0))
('state', 6, 96, ((1, 2), (1, 3), (3, 4), (3, 6), (5, 6)), 728, 2, 2, 0, False, 0, (0, 0))
('state', 6, 97, ((1, 2), (1, 3), (3, 4), (4, 5), (4, 6)), 729, 1, 2, 0, False, 0, (0, 0))
('state', 6, 98, ((1, 2), (1, 3), (3, 4), (4, 5), (5, 6)), 746, 1, 2, 0, False, 0, (0, 0))
('state', 6, 99, ((1, 2), (1, 3), (3, 4), (4, 6), (5, 6)), 731, 1, 2, 1, False, 1, (0, 1))
('state', 6, 100, ((1, 2), (1, 3), (3, 5), (3, 6), (4, 5)), 708, 2, 2, 1, False, 1, (0, 1))
('state', 6, 101, ((1, 2), (1, 3), (3, 5), (3, 6), (4, 6)), 709, 2, 2, 0, False, 0, (0, 0))
('state', 6, 102, ((1, 2), (1, 3), (3, 5), (4, 5), (4, 6)), 750, 1, 2, 0, False, 0, (0, 0))
('state', 6, 103, ((1, 2), (1, 3), (3, 5), (4, 5), (5, 6)), 711, 1, 2, 0, False, 0, (0, 0))
('state', 6, 104, ((1, 2), (1, 3), (3, 5), (4, 6), (5, 6)), 712, 1, 2, 1, False, 1, (0, 1))
('state', 6, 105, ((1, 2), (1, 3), (3, 6), (4, 5), (4, 6)), 737, 1, 2, 0, False, 0, (0, 0))
('state', 6, 106, ((1, 2), (1, 3), (3, 6), (4, 5), (5, 6)), 714, 1, 2, 1, False, 1, (0, 1))
('state', 6, 107, ((1, 2), (1, 3), (3, 6), (4, 6), (5, 6)), 715, 1, 2, 0, False, 0, (0, 0))
('state', 6, 108, ((1, 2), (1, 4), (1, 5), (1, 6), (2, 3)), 109, 2, 2, 0, False, 0, (0, 0))
('state', 6, 109, ((1, 2), (1, 4), (1, 5), (1, 6), (3, 4)), 759, 1, 2, 1, False, 1, (0, 1))
('state', 6, 110, ((1, 2), (1, 4), (1, 5), (1, 6), (3, 5)), 760, 1, 2, 0, False, 0, (0, 0))
('state', 6, 111, ((1, 2), (1, 4), (1, 5), (1, 6), (3, 6)), 761, 1, 2, 0, False, 0, (0, 0))
('state', 6, 112, ((1, 2), (1, 4), (1, 5), (2, 3), (2, 6)), 116, 1, 2, 0, False, 0, (0, 0))
('state', 6, 113, ((1, 2), (1, 4), (1, 5), (2, 3), (3, 6)), 218, 1, 2, 0, False, 0, (0, 0))
('state', 6, 114, ((1, 2), (1, 4), (1, 5), (2, 3), (4, 6)), 125, 2, 2, 0, False, 0, (0, 0))
('state', 6, 115, ((1, 2), (1, 4), (1, 5), (2, 3), (5, 6)), 126, 2, 2, 0, False, 0, (0, 0))
('state', 6, 116, ((1, 2), (1, 4), (1, 5), (2, 6), (3, 4)), 118, 0, 2, 2, True, 2, (2, 0))
('state', 6, 117, ((1, 2), (1, 4), (1, 5), (2, 6), (3, 5)), 118, 1, 2, 0, False, 0, (0, 0))
('state', 6, 118, ((1, 2), (1, 4), (1, 5), (2, 6), (3, 6)), 116, 0, 2, 3, True, 3, (3, 0))
('state', 6, 119, ((1, 2), (1, 4), (1, 5), (3, 4), (3, 6)), 813, 1, 2, 0, False, 0, (0, 0))
('state', 6, 120, ((1, 2), (1, 4), (1, 5), (3, 4), (4, 6)), 784, 1, 2, 0, False, 0, (0, 0))
('state', 6, 121, ((1, 2), (1, 4), (1, 5), (3, 4), (5, 6)), 785, 1, 2, 0, False, 0, (0, 0))
('state', 6, 122, ((1, 2), (1, 4), (1, 5), (3, 5), (3, 6)), 816, 1, 2, 0, False, 0, (0, 0))
('state', 6, 123, ((1, 2), (1, 4), (1, 5), (3, 5), (4, 6)), 787, 1, 2, 0, False, 0, (0, 0))
('state', 6, 124, ((1, 2), (1, 4), (1, 5), (3, 5), (5, 6)), 788, 1, 2, 0, False, 0, (0, 0))
('state', 6, 125, ((1, 2), (1, 4), (1, 5), (3, 6), (4, 6)), 789, 1, 2, 1, False, 1, (0, 1))
('state', 6, 126, ((1, 2), (1, 4), (1, 5), (3, 6), (5, 6)), 790, 1, 2, 1, False, 1, (0, 1))
('state', 6, 127, ((1, 2), (1, 4), (1, 6), (2, 3), (2, 5)), 131, 1, 2, 0, False, 0, (0, 0))
('state', 6, 128, ((1, 2), (1, 4), (1, 6), (2, 3), (3, 5)), 267, 1, 2, 0, False, 0, (0, 0))
('state', 6, 129, ((1, 2), (1, 4), (1, 6), (2, 3), (4, 5)), 138, 2, 2, 0, False, 0, (0, 0))
('state', 6, 130, ((1, 2), (1, 4), (1, 6), (2, 3), (5, 6)), 139, 2, 2, 0, False, 0, (0, 0))
('state', 6, 131, ((1, 2), (1, 4), (1, 6), (2, 5), (3, 4)), 132, 0, 2, 2, True, 2, (2, 0))
('state', 6, 132, ((1, 2), (1, 4), (1, 6), (2, 5), (3, 5)), 131, 0, 2, 3, True, 3, (3, 0))
('state', 6, 133, ((1, 2), (1, 4), (1, 6), (2, 5), (3, 6)), 132, 1, 2, 0, False, 0, (0, 0))
('state', 6, 134, ((1, 2), (1, 4), (1, 6), (3, 4), (3, 5)), 855, 1, 2, 0, False, 0, (0, 0))
('state', 6, 135, ((1, 2), (1, 4), (1, 6), (3, 4), (4, 5)), 834, 1, 2, 0, False, 0, (0, 0))
('state', 6, 136, ((1, 2), (1, 4), (1, 6), (3, 4), (5, 6)), 835, 1, 2, 0, False, 0, (0, 0))
('state', 6, 137, ((1, 2), (1, 4), (1, 6), (3, 5), (3, 6)), 858, 1, 2, 0, False, 0, (0, 0))
('state', 6, 138, ((1, 2), (1, 4), (1, 6), (3, 5), (4, 5)), 837, 1, 2, 1, False, 1, (0, 1))
('state', 6, 139, ((1, 2), (1, 4), (1, 6), (3, 5), (5, 6)), 838, 1, 2, 1, False, 1, (0, 1))
('state', 6, 140, ((1, 2), (1, 4), (1, 6), (3, 6), (4, 5)), 839, 1, 2, 0, False, 0, (0, 0))
('state', 6, 141, ((1, 2), (1, 4), (1, 6), (3, 6), (5, 6)), 840, 1, 2, 0, False, 0, (0, 0))
('state', 6, 142, ((1, 2), (1, 4), (2, 3), (2, 5), (2, 6)), 157, 1, 2, 0, False, 0, (0, 0))
('state', 6, 143, ((1, 2), (1, 4), (2, 3), (2, 5), (3, 6)), 329, 2, 2, 0, False, 0, (0, 0))
('state', 6, 144, ((1, 2), (1, 4), (2, 3), (2, 5), (4, 6)), 166, 1, 2, 0, False, 0, (0, 0))
('state', 6, 145, ((1, 2), (1, 4), (2, 3), (2, 5), (5, 6)), 162, 1, 2, 0, False, 0, (0, 0))
('state', 6, 146, ((1, 2), (1, 4), (2, 3), (2, 6), (3, 5)), 336, 2, 2, 0, False, 0, (0, 0))
('state', 6, 147, ((1, 2), (1, 4), (2, 3), (2, 6), (4, 5)), 172, 1, 2, 0, False, 0, (0, 0))
('state', 6, 148, ((1, 2), (1, 4), (2, 3), (2, 6), (5, 6)), 170, 1, 2, 0, False, 0, (0, 0))
('state', 6, 149, ((1, 2), (1, 4), (2, 3), (3, 5), (3, 6)), 349, 1, 2, 0, False, 0, (0, 0))
('state', 6, 150, ((1, 2), (1, 4), (2, 3), (3, 5), (4, 6)), 156, 3, 2, 0, False, 0, (0, 0))
('state', 6, 151, ((1, 2), (1, 4), (2, 3), (3, 5), (5, 6)), 353, 1, 2, 0, False, 0, (0, 0))
('state', 6, 152, ((1, 2), (1, 4), (2, 3), (3, 6), (4, 5)), 153, 2, 2, 0, False, 0, (0, 0))
('state', 6, 153, ((1, 2), (1, 4), (2, 3), (3, 6), (5, 6)), 355, 1, 2, 1, False, 1, (0, 1))
('state', 6, 154, ((1, 2), (1, 4), (2, 3), (4, 5), (4, 6)), 186, 3, 2, 0, False, 0, (0, 0))
('state', 6, 155, ((1, 2), (1, 4), (2, 3), (4, 5), (5, 6)), 190, 2, 2, 0, False, 0, (0, 0))
('state', 6, 156, ((1, 2), (1, 4), (2, 3), (4, 6), (5, 6)), 188, 2, 2, 1, False, 1, (0, 1))
('state', 6, 157, ((1, 2), (1, 4), (2, 5), (2, 6), (3, 4)), 158, 0, 2, 3, True, 3, (3, 0))
('state', 6, 158, ((1, 2), (1, 4), (2, 5), (2, 6), (3, 5)), 157, 0, 2, 2, True, 2, (2, 0))
('state', 6, 159, ((1, 2), (1, 4), (2, 5), (2, 6), (3, 6)), 157, 1, 2, 0, False, 0, (0, 0))
('state', 6, 160, ((1, 2), (1, 4), (2, 5), (3, 4), (3, 6)), 180, 2, 2, 0, False, 0, (0, 0))
('state', 6, 161, ((1, 2), (1, 4), (2, 5), (3, 4), (4, 6)), 164, 1, 2, 0, False, 0, (0, 0))
('state', 6, 162, ((1, 2), (1, 4), (2, 5), (3, 4), (5, 6)), 167, 0, 2, 3, True, 3, (3, 0))
('state', 6, 163, ((1, 2), (1, 4), (2, 5), (3, 5), (3, 6)), 409, 1, 2, 0, False, 0, (0, 0))
('state', 6, 164, ((1, 2), (1, 4), (2, 5), (3, 5), (4, 6)), 166, 0, 2, 3, True, 3, (3, 0))
('state', 6, 165, ((1, 2), (1, 4), (2, 5), (3, 5), (5, 6)), 162, 1, 2, 0, False, 0, (0, 0))
('state', 6, 166, ((1, 2), (1, 4), (2, 5), (3, 6), (4, 6)), 164, 0, 2, 2, True, 2, (2, 0))
('state', 6, 167, ((1, 2), (1, 4), (2, 5), (3, 6), (5, 6)), 162, 0, 2, 2, True, 2, (2, 0))
('state', 6, 168, ((1, 2), (1, 4), (2, 6), (3, 4), (3, 5)), 170, 1, 2, 0, False, 0, (0, 0))
('state', 6, 169, ((1, 2), (1, 4), (2, 6), (3, 4), (4, 5)), 174, 1, 2, 0, False, 0, (0, 0))
('state', 6, 170, ((1, 2), (1, 4), (2, 6), (3, 4), (5, 6)), 173, 0, 2, 4, True, 4, (3, 1))
('state', 6, 171, ((1, 2), (1, 4), (2, 6), (3, 5), (3, 6)), 424, 1, 2, 0, False, 0, (0, 0))
('state', 6, 172, ((1, 2), (1, 4), (2, 6), (3, 5), (4, 5)), 174, 0, 2, 3, True, 3, (3, 0))
('state', 6, 173, ((1, 2), (1, 4), (2, 6), (3, 5), (5, 6)), 170, 0, 2, 2, True, 2, (2, 0))
('state', 6, 174, ((1, 2), (1, 4), (2, 6), (3, 6), (4, 5)), 172, 0, 2, 2, True, 2, (2, 0))
('state', 6, 175, ((1, 2), (1, 4), (2, 6), (3, 6), (5, 6)), 170, 1, 2, 0, False, 0, (0, 0))
('state', 6, 176, ((1, 2), (1, 4), (3, 4), (3, 5), (3, 6)), 964, 1, 2, 0, False, 0, (0, 0))
('state', 6, 177, ((1, 2), (1, 4), (3, 4), (3, 5), (4, 6)), 965, 2, 2, 0, False, 0, (0, 0))
('state', 6, 178, ((1, 2), (1, 4), (3, 4), (3, 5), (5, 6)), 982, 1, 2, 0, False, 0, (0, 0))
('state', 6, 179, ((1, 2), (1, 4), (3, 4), (3, 6), (4, 5)), 983, 2, 2, 0, False, 0, (0, 0))
('state', 6, 180, ((1, 2), (1, 4), (3, 4), (3, 6), (5, 6)), 968, 1, 2, 1, False, 1, (0, 1))
('state', 6, 181, ((1, 2), (1, 4), (3, 4), (4, 5), (4, 6)), 910, 2, 2, 0, False, 0, (0, 0))
('state', 6, 182, ((1, 2), (1, 4), (3, 4), (4, 5), (5, 6)), 986, 2, 2, 0, False, 0, (0, 0))
('state', 6, 183, ((1, 2), (1, 4), (3, 4), (4, 6), (5, 6)), 971, 2, 2, 0, False, 0, (0, 0))
('state', 6, 184, ((1, 2), (1, 4), (3, 5), (3, 6), (4, 5)), 988, 1, 2, 0, False, 0, (0, 0))
('state', 6, 185, ((1, 2), (1, 4), (3, 5), (3, 6), (4, 6)), 973, 1, 2, 0, False, 0, (0, 0))
('state', 6, 186, ((1, 2), (1, 4), (3, 5), (4, 5), (4, 6)), 915, 2, 2, 1, False, 1, (0, 1))
('state', 6, 187, ((1, 2), (1, 4), (3, 5), (4, 5), (5, 6)), 916, 1, 2, 0, False, 0, (0, 0))
('state', 6, 188, ((1, 2), (1, 4), (3, 5), (4, 6), (5, 6)), 917, 1, 2, 1, False, 1, (0, 1))
('state', 6, 189, ((1, 2), (1, 4), (3, 6), (4, 5), (4, 6)), 918, 2, 2, 0, False, 0, (0, 0))
('state', 6, 190, ((1, 2), (1, 4), (3, 6), (4, 5), (5, 6)), 919, 1, 2, 1, False, 1, (0, 1))
('state', 6, 191, ((1, 2), (1, 4), (3, 6), (4, 6), (5, 6)), 920, 1, 2, 0, False, 0, (0, 0))
('state', 6, 192, ((1, 2), (1, 5), (1, 6), (2, 3), (2, 4)), 197, 1, 2, 0, False, 0, (0, 0))
('state', 6, 193, ((1, 2), (1, 5), (1, 6), (2, 3), (3, 4)), 194, 3, 2, 0, False, 0, (0, 0))
('state', 6, 194, ((1, 2), (1, 5), (1, 6), (2, 3), (4, 5)), 201, 2, 2, 1, False, 1, (0, 1))
('state', 6, 195, ((1, 2), (1, 5), (1, 6), (2, 3), (4, 6)), 202, 2, 2, 0, False, 0, (0, 0))
('state', 6, 196, ((1, 2), (1, 5), (1, 6), (2, 4), (3, 4)), 197, 0, 2, 3, True, 3, (3, 0))
('state', 6, 197, ((1, 2), (1, 5), (1, 6), (2, 4), (3, 5)), 196, 0, 2, 2, True, 2, (2, 0))
('state', 6, 198, ((1, 2), (1, 5), (1, 6), (2, 4), (3, 6)), 196, 1, 2, 0, False, 0, (0, 0))
('state', 6, 199, ((1, 2), (1, 5), (1, 6), (3, 4), (3, 5)), 1022, 1, 2, 0, False, 0, (0, 0))
('state', 6, 200, ((1, 2), (1, 5), (1, 6), (3, 4), (3, 6)), 1023, 1, 2, 0, False, 0, (0, 0))
('state', 6, 201, ((1, 2), (1, 5), (1, 6), (3, 4), (4, 5)), 1010, 1, 2, 1, False, 1, (0, 1))
('state', 6, 202, ((1, 2), (1, 5), (1, 6), (3, 4), (4, 6)), 1011, 1, 2, 1, False, 1, (0, 1))
('state', 6, 203, ((1, 2), (1, 5), (1, 6), (3, 5), (4, 5)), 1012, 1, 2, 0, False, 0, (0, 0))
('state', 6, 204, ((1, 2), (1, 5), (1, 6), (3, 5), (4, 6)), 1013, 1, 2, 0, False, 0, (0, 0))
('state', 6, 205, ((1, 2), (1, 5), (1, 6), (3, 6), (4, 5)), 1014, 1, 2, 0, False, 0, (0, 0))
('state', 6, 206, ((1, 2), (1, 5), (1, 6), (3, 6), (4, 6)), 1015, 1, 2, 0, False, 0, (0, 0))
('state', 6, 207, ((1, 2), (1, 5), (2, 3), (2, 4), (2, 6)), 223, 1, 2, 0, False, 0, (0, 0))
('state', 6, 208, ((1, 2), (1, 5), (2, 3), (2, 4), (3, 6)), 217, 1, 2, 0, False, 0, (0, 0))
('state', 6, 209, ((1, 2), (1, 5), (2, 3), (2, 4), (4, 6)), 229, 1, 2, 0, False, 0, (0, 0))
('state', 6, 210, ((1, 2), (1, 5), (2, 3), (2, 4), (5, 6)), 232, 1, 2, 0, False, 0, (0, 0))
('state', 6, 211, ((1, 2), (1, 5), (2, 3), (2, 6), (3, 4)), 212, 2, 2, 0, False, 0, (0, 0))
('state', 6, 212, ((1, 2), (1, 5), (2, 3), (2, 6), (4, 5)), 235, 1, 2, 1, False, 1, (0, 1))
('state', 6, 213, ((1, 2), (1, 5), (2, 3), (2, 6), (4, 6)), 236, 1, 2, 0, False, 0, (0, 0))
('state', 6, 214, ((1, 2), (1, 5), (2, 3), (3, 4), (3, 6)), 217, 1, 2, 0, False, 0, (0, 0))
('state', 6, 215, ((1, 2), (1, 5), (2, 3), (3, 4), (4, 6)), 348, 1, 2, 0, False, 0, (0, 0))
('state', 6, 216, ((1, 2), (1, 5), (2, 3), (3, 4), (5, 6)), 221, 3, 2, 0, False, 0, (0, 0))
('state', 6, 217, ((1, 2), (1, 5), (2, 3), (3, 6), (4, 5)), 218, 0, 2, 3, True, 3, (3, 0))
('state', 6, 218, ((1, 2), (1, 5), (2, 3), (3, 6), (4, 6)), 217, 0, 2, 2, True, 2, (2, 0))
('state', 6, 219, ((1, 2), (1, 5), (2, 3), (4, 5), (4, 6)), 254, 2, 2, 0, False, 0, (0, 0))
('state', 6, 220, ((1, 2), (1, 5), (2, 3), (4, 5), (5, 6)), 247, 3, 2, 0, False, 0, (0, 0))
('state', 6, 221, ((1, 2), (1, 5), (2, 3), (4, 6), (5, 6)), 248, 2, 2, 1, False, 1, (0, 1))
('state', 6, 222, ((1, 2), (1, 5), (2, 4), (2, 6), (3, 4)), 223, 0, 2, 2, True, 2, (2, 0))
('state', 6, 223, ((1, 2), (1, 5), (2, 4), (2, 6), (3, 5)), 222, 0, 2, 3, True, 3, (3, 0))
('state', 6, 224, ((1, 2), (1, 5), (2, 4), (2, 6), (3, 6)), 223, 1, 2, 0, False, 0, (0, 0))
('state', 6, 225, ((1, 2), (1, 5), (2, 4), (3, 4), (3, 6)), 380, 1, 2, 0, False, 0, (0, 0))
('state', 6, 226, ((1, 2), (1, 5), (2, 4), (3, 4), (4, 6)), 229, 1, 2, 0, False, 0, (0, 0))
('state', 6, 227, ((1, 2), (1, 5), (2, 4), (3, 4), (5, 6)), 232, 0, 2, 3, True, 3, (3, 0))
('state', 6, 228, ((1, 2), (1, 5), (2, 4), (3, 5), (3, 6)), 250, 2, 2, 0, False, 0, (0, 0))
('state', 6, 229, ((1, 2), (1, 5), (2, 4), (3, 5), (4, 6)), 231, 0, 2, 3, True, 3, (3, 0))
('state', 6, 230, ((1, 2), (1, 5), (2, 4), (3, 5), (5, 6)), 227, 1, 2, 0, False, 0, (0, 0))
('state', 6, 231, ((1, 2), (1, 5), (2, 4), (3, 6), (4, 6)), 229, 0, 2, 2, True, 2, (2, 0))
('state', 6, 232, ((1, 2), (1, 5), (2, 4), (3, 6), (5, 6)), 227, 0, 2, 2, True, 2, (2, 0))
('state', 6, 233, ((1, 2), (1, 5), (2, 6), (3, 4), (3, 5)), 238, 1, 2, 0, False, 0, (0, 0))
('state', 6, 234, ((1, 2), (1, 5), (2, 6), (3, 4), (3, 6)), 239, 1, 2, 0, False, 0, (0, 0))
('state', 6, 235, ((1, 2), (1, 5), (2, 6), (3, 4), (4, 5)), 239, 0, 2, 3, True, 3, (3, 0))
('state', 6, 236, ((1, 2), (1, 5), (2, 6), (3, 4), (4, 6)), 238, 0, 2, 3, True, 3, (3, 0))
('state', 6, 237, ((1, 2), (1, 5), (2, 6), (3, 5), (4, 5)), 239, 1, 2, 0, False, 0, (0, 0))
('state', 6, 238, ((1, 2), (1, 5), (2, 6), (3, 5), (4, 6)), 236, 0, 2, 3, True, 3, (2, 1))
('state', 6, 239, ((1, 2), (1, 5), (2, 6), (3, 6), (4, 5)), 235, 0, 2, 3, True, 3, (2, 1))
('state', 6, 240, ((1, 2), (1, 5), (2, 6), (3, 6), (4, 6)), 238, 1, 2, 0, False, 0, (0, 0))
('state', 6, 241, ((1, 2), (1, 5), (3, 4), (3, 5), (3, 6)), 1115, 1, 2, 0, False, 0, (0, 0))
('state', 6, 242, ((1, 2), (1, 5), (3, 4), (3, 5), (4, 6)), 1156, 1, 2, 0, False, 0, (0, 0))
('state', 6, 243, ((1, 2), (1, 5), (3, 4), (3, 5), (5, 6)), 1117, 2, 2, 0, False, 0, (0, 0))
('state', 6, 244, ((1, 2), (1, 5), (3, 4), (3, 6), (4, 5)), 1158, 1, 2, 0, False, 0, (0, 0))
('state', 6, 245, ((1, 2), (1, 5), (3, 4), (3, 6), (5, 6)), 1119, 1, 2, 0, False, 0, (0, 0))
('state', 6, 246, ((1, 2), (1, 5), (3, 4), (4, 5), (4, 6)), 1085, 1, 2, 0, False, 0, (0, 0))
('state', 6, 247, ((1, 2), (1, 5), (3, 4), (4, 5), (5, 6)), 1086, 2, 2, 1, False, 1, (0, 1))
('state', 6, 248, ((1, 2), (1, 5), (3, 4), (4, 6), (5, 6)), 1087, 1, 2, 1, False, 1, (0, 1))
('state', 6, 249, ((1, 2), (1, 5), (3, 5), (3, 6), (4, 5)), 1163, 2, 2, 0, False, 0, (0, 0))
('state', 6, 250, ((1, 2), (1, 5), (3, 5), (3, 6), (4, 6)), 1124, 1, 2, 1, False, 1, (0, 1))
('state', 6, 251, ((1, 2), (1, 5), (3, 5), (4, 5), (4, 6)), 1165, 2, 2, 0, False, 0, (0, 0))
('state', 6, 252, ((1, 2), (1, 5), (3, 5), (4, 5), (5, 6)), 1091, 2, 2, 0, False, 0, (0, 0))
('state', 6, 253, ((1, 2), (1, 5), (3, 5), (4, 6), (5, 6)), 1127, 2, 2, 0, False, 0, (0, 0))
('state', 6, 254, ((1, 2), (1, 5), (3, 6), (4, 5), (4, 6)), 1093, 1, 2, 1, False, 1, (0, 1))
('state', 6, 255, ((1, 2), (1, 5), (3, 6), (4, 5), (5, 6)), 1094, 2, 2, 0, False, 0, (0, 0))
('state', 6, 256, ((1, 2), (1, 5), (3, 6), (4, 6), (5, 6)), 1095, 2, 2, 0, False, 0, (0, 0))
('state', 6, 257, ((1, 2), (1, 6), (2, 3), (2, 4), (2, 5)), 274, 1, 2, 0, False, 0, (0, 0))
('state', 6, 258, ((1, 2), (1, 6), (2, 3), (2, 4), (3, 5)), 267, 1, 2, 0, False, 0, (0, 0))
('state', 6, 259, ((1, 2), (1, 6), (2, 3), (2, 4), (4, 5)), 279, 1, 2, 0, False, 0, (0, 0))
('state', 6, 260, ((1, 2), (1, 6), (2, 3), (2, 4), (5, 6)), 280, 1, 2, 0, False, 0, (0, 0))
('state', 6, 261, ((1, 2), (1, 6), (2, 3), (2, 5), (3, 4)), 263, 2, 2, 0, False, 0, (0, 0))
('state', 6, 262, ((1, 2), (1, 6), (2, 3), (2, 5), (4, 5)), 285, 1, 2, 0, False, 0, (0, 0))
('state', 6, 263, ((1, 2), (1, 6), (2, 3), (2, 5), (4, 6)), 286, 1, 2, 1, False, 1, (0, 1))
('state', 6, 264, ((1, 2), (1, 6), (2, 3), (3, 4), (3, 5)), 268, 1, 2, 0, False, 0, (0, 0))
('state', 6, 265, ((1, 2), (1, 6), (2, 3), (3, 4), (4, 5)), 266, 4, 2, 0, False, 0, (0, 0))
('state', 6, 266, ((1, 2), (1, 6), (2, 3), (3, 4), (5, 6)), 270, 3, 2, 1, False, 1, (0, 1))
('state', 6, 267, ((1, 2), (1, 6), (2, 3), (3, 5), (4, 5)), 268, 0, 2, 3, True, 3, (3, 0))
('state', 6, 268, ((1, 2), (1, 6), (2, 3), (3, 5), (4, 6)), 267, 0, 2, 2, True, 2, (2, 0))
('state', 6, 269, ((1, 2), (1, 6), (2, 3), (4, 5), (4, 6)), 301, 2, 2, 0, False, 0, (0, 0))
('state', 6, 270, ((1, 2), (1, 6), (2, 3), (4, 5), (5, 6)), 297, 2, 2, 1, False, 1, (0, 1))
('state', 6, 271, ((1, 2), (1, 6), (2, 3), (4, 6), (5, 6)), 298, 3, 2, 0, False, 0, (0, 0))
('state', 6, 272, ((1, 2), (1, 6), (2, 4), (2, 5), (3, 4)), 274, 0, 2, 2, True, 2, (2, 0))
('state', 6, 273, ((1, 2), (1, 6), (2, 4), (2, 5), (3, 5)), 274, 1, 2, 0, False, 0, (0, 0))
('state', 6, 274, ((1, 2), (1, 6), (2, 4), (2, 5), (3, 6)), 272, 0, 2, 3, True, 3, (3, 0))
('state', 6, 275, ((1, 2), (1, 6), (2, 4), (3, 4), (3, 5)), 277, 1, 2, 0, False, 0, (0, 0))
('state', 6, 276, ((1, 2), (1, 6), (2, 4), (3, 4), (4, 5)), 281, 1, 2, 0, False, 0, (0, 0))
('state', 6, 277, ((1, 2), (1, 6), (2, 4), (3, 4), (5, 6)), 280, 0, 2, 4, True, 4, (3, 1))
('state', 6, 278, ((1, 2), (1, 6), (2, 4), (3, 5), (3, 6)), 299, 2, 2, 0, False, 0, (0, 0))
('state', 6, 279, ((1, 2), (1, 6), (2, 4), (3, 5), (4, 5)), 281, 0, 2, 3, True, 3, (3, 0))
('state', 6, 280, ((1, 2), (1, 6), (2, 4), (3, 5), (5, 6)), 277, 0, 2, 2, True, 2, (2, 0))
('state', 6, 281, ((1, 2), (1, 6), (2, 4), (3, 6), (4, 5)), 279, 0, 2, 2, True, 2, (2, 0))
('state', 6, 282, ((1, 2), (1, 6), (2, 4), (3, 6), (5, 6)), 277, 1, 2, 0, False, 0, (0, 0))
('state', 6, 283, ((1, 2), (1, 6), (2, 5), (3, 4), (3, 5)), 288, 1, 2, 0, False, 0, (0, 0))
('state', 6, 284, ((1, 2), (1, 6), (2, 5), (3, 4), (3, 6)), 289, 1, 2, 0, False, 0, (0, 0))
('state', 6, 285, ((1, 2), (1, 6), (2, 5), (3, 4), (4, 5)), 289, 0, 2, 3, True, 3, (3, 0))
('state', 6, 286, ((1, 2), (1, 6), (2, 5), (3, 4), (4, 6)), 288, 0, 2, 3, True, 3, (3, 0))
('state', 6, 287, ((1, 2), (1, 6), (2, 5), (3, 5), (4, 5)), 289, 1, 2, 0, False, 0, (0, 0))
('state', 6, 288, ((1, 2), (1, 6), (2, 5), (3, 5), (4, 6)), 286, 0, 2, 3, True, 3, (2, 1))
('state', 6, 289, ((1, 2), (1, 6), (2, 5), (3, 6), (4, 5)), 285, 0, 2, 3, True, 3, (2, 1))
('state', 6, 290, ((1, 2), (1, 6), (2, 5), (3, 6), (4, 6)), 288, 1, 2, 0, False, 0, (0, 0))
('state', 6, 291, ((1, 2), (1, 6), (3, 4), (3, 5), (3, 6)), 1240, 2, 2, 0, False, 0, (0, 0))
('state', 6, 292, ((1, 2), (1, 6), (3, 4), (3, 5), (4, 6)), 1265, 1, 2, 0, False, 0, (0, 0))
('state', 6, 293, ((1, 2), (1, 6), (3, 4), (3, 5), (5, 6)), 1242, 1, 2, 0, False, 0, (0, 0))
('state', 6, 294, ((1, 2), (1, 6), (3, 4), (3, 6), (4, 5)), 1267, 1, 2, 0, False, 0, (0, 0))
('state', 6, 295, ((1, 2), (1, 6), (3, 4), (3, 6), (5, 6)), 1244, 2, 2, 0, False, 0, (0, 0))
('state', 6, 296, ((1, 2), (1, 6), (3, 4), (4, 5), (4, 6)), 1210, 2, 2, 0, False, 0, (0, 0))
('state', 6, 297, ((1, 2), (1, 6), (3, 4), (4, 5), (5, 6)), 1211, 1, 2, 1, False, 1, (0, 1))
('state', 6, 298, ((1, 2), (1, 6), (3, 4), (4, 6), (5, 6)), 1212, 2, 2, 1, False, 1, (0, 1))
('state', 6, 299, ((1, 2), (1, 6), (3, 5), (3, 6), (4, 5)), 1248, 1, 2, 1, False, 1, (0, 1))
('state', 6, 300, ((1, 2), (1, 6), (3, 5), (3, 6), (4, 6)), 1273, 2, 2, 0, False, 0, (0, 0))
('state', 6, 301, ((1, 2), (1, 6), (3, 5), (4, 5), (4, 6)), 1215, 1, 2, 1, False, 1, (0, 1))
('state', 6, 302, ((1, 2), (1, 6), (3, 5), (4, 5), (5, 6)), 1216, 2, 2, 0, False, 0, (0, 0))
('state', 6, 303, ((1, 2), (1, 6), (3, 5), (4, 6), (5, 6)), 1217, 2, 2, 0, False, 0, (0, 0))
('state', 6, 304, ((1, 2), (1, 6), (3, 6), (4, 5), (4, 6)), 1277, 2, 2, 0, False, 0, (0, 0))
('state', 6, 305, ((1, 2), (1, 6), (3, 6), (4, 5), (5, 6)), 1254, 2, 2, 0, False, 0, (0, 0))
('state', 6, 306, ((1, 2), (1, 6), (3, 6), (4, 6), (5, 6)), 1220, 2, 2, 0, False, 0, (0, 0))
('state', 6, 307, ((1, 2), (2, 3), (2, 4), (2, 5), (2, 6)), 631, 1, 2, 0, False, 0, (0, 0))
('state', 6, 308, ((1, 2), (2, 3), (2, 4), (2, 5), (3, 6)), 1172, 1, 2, 0, False, 0, (0, 0))
('state', 6, 309, ((1, 2), (2, 3), (2, 4), (2, 5), (4, 6)), 1173, 1, 2, 0, False, 0, (0, 0))
('state', 6, 310, ((1, 2), (2, 3), (2, 4), (2, 5), (5, 6)), 1174, 1, 2, 0, False, 0, (0, 0))
('state', 6, 311, ((1, 2), (2, 3), (2, 4), (2, 6), (3, 5)), 1050, 1, 2, 0, False, 0, (0, 0))
('state', 6, 312, ((1, 2), (2, 3), (2, 4), (2, 6), (4, 5)), 1051, 1, 2, 0, False, 0, (0, 0))
('state', 6, 313, ((1, 2), (2, 3), (2, 4), (2, 6), (5, 6)), 1052, 1, 2, 0, False, 0, (0, 0))
('state', 6, 314, ((1, 2), (2, 3), (2, 4), (3, 5), (3, 6)), 1053, 1, 2, 0, False, 0, (0, 0))
('state', 6, 315, ((1, 2), (2, 3), (2, 4), (3, 5), (4, 6)), 1054, 1, 2, 0, False, 0, (0, 0))
('state', 6, 316, ((1, 2), (2, 3), (2, 4), (3, 5), (5, 6)), 1180, 1, 2, 0, False, 0, (0, 0))
('state', 6, 317, ((1, 2), (2, 3), (2, 4), (3, 6), (4, 5)), 1056, 1, 2, 0, False, 0, (0, 0))
('state', 6, 318, ((1, 2), (2, 3), (2, 4), (3, 6), (5, 6)), 1057, 1, 2, 0, False, 0, (0, 0))
('state', 6, 319, ((1, 2), (2, 3), (2, 4), (4, 5), (4, 6)), 1058, 1, 2, 0, False, 0, (0, 0))
('state', 6, 320, ((1, 2), (2, 3), (2, 4), (4, 5), (5, 6)), 1184, 1, 2, 0, False, 0, (0, 0))
('state', 6, 321, ((1, 2), (2, 3), (2, 4), (4, 6), (5, 6)), 1060, 1, 2, 0, False, 0, (0, 0))
('state', 6, 322, ((1, 2), (2, 3), (2, 5), (2, 6), (3, 4)), 886, 1, 2, 0, False, 0, (0, 0))
('state', 6, 323, ((1, 2), (2, 3), (2, 5), (2, 6), (4, 5)), 887, 1, 2, 0, False, 0, (0, 0))
('state', 6, 324, ((1, 2), (2, 3), (2, 5), (2, 6), (4, 6)), 888, 1, 2, 0, False, 0, (0, 0))
('state', 6, 325, ((1, 2), (2, 3), (2, 5), (3, 4), (3, 6)), 889, 1, 2, 0, False, 0, (0, 0))
('state', 6, 326, ((1, 2), (2, 3), (2, 5), (3, 4), (4, 6)), 1190, 1, 2, 0, False, 0, (0, 0))
('state', 6, 327, ((1, 2), (2, 3), (2, 5), (3, 4), (5, 6)), 891, 1, 2, 0, False, 0, (0, 0))
('state', 6, 328, ((1, 2), (2, 3), (2, 5), (3, 6), (4, 5)), 892, 1, 2, 0, False, 0, (0, 0))
('state', 6, 329, ((1, 2), (2, 3), (2, 5), (3, 6), (4, 6)), 893, 1, 2, 1, False, 1, (0, 1))
('state', 6, 330, ((1, 2), (2, 3), (2, 5), (4, 5), (4, 6)), 1194, 1, 2, 0, False, 0, (0, 0))
('state', 6, 331, ((1, 2), (2, 3), (2, 5), (4, 5), (5, 6)), 895, 1, 2, 0, False, 0, (0, 0))
('state', 6, 332, ((1, 2), (2, 3), (2, 5), (4, 6), (5, 6)), 896, 1, 2, 0, False, 0, (0, 0))
('state', 6, 333, ((1, 2), (2, 3), (2, 6), (3, 4), (3, 5)), 897, 1, 2, 0, False, 0, (0, 0))
('state', 6, 334, ((1, 2), (2, 3), (2, 6), (3, 4), (4, 5)), 1073, 1, 2, 0, False, 0, (0, 0))
('state', 6, 335, ((1, 2), (2, 3), (2, 6), (3, 4), (5, 6)), 899, 1, 2, 0, False, 0, (0, 0))
('state', 6, 336, ((1, 2), (2, 3), (2, 6), (3, 5), (4, 5)), 900, 1, 2, 1, False, 1, (0, 1))
('state', 6, 337, ((1, 2), (2, 3), (2, 6), (3, 5), (4, 6)), 901, 1, 2, 0, False, 0, (0, 0))
('state', 6, 338, ((1, 2), (2, 3), (2, 6), (4, 5), (4, 6)), 1077, 1, 2, 0, False, 0, (0, 0))
('state', 6, 339, ((1, 2), (2, 3), (2, 6), (4, 5), (5, 6)), 903, 1, 2, 0, False, 0, (0, 0))
('state', 6, 340, ((1, 2), (2, 3), (2, 6), (4, 6), (5, 6)), 904, 1, 2, 0, False, 0, (0, 0))
('state', 6, 341, ((1, 2), (2, 3), (3, 4), (3, 5), (3, 6)), 905, 0, 2, 4, True, 4, (4, 0))
('state', 6, 342, ((1, 2), (2, 3), (3, 4), (3, 5), (4, 6)), 1206, 0, 2, 2, True, 2, (2, 0))
('state', 6, 343, ((1, 2), (2, 3), (3, 4), (3, 5), (5, 6)), 1207, 0, 2, 2, True, 2, (2, 0))
('state', 6, 344, ((1, 2), (2, 3), (3, 4), (3, 6), (4, 5)), 1083, 0, 2, 2, True, 2, (2, 0))
('state', 6, 345, ((1, 2), (2, 3), (3, 4), (3, 6), (5, 6)), 1084, 0, 2, 2, True, 2, (2, 0))
('state', 6, 346, ((1, 2), (2, 3), (3, 4), (4, 5), (4, 6)), 1085, 0, 2, 3, True, 3, (3, 0))
('state', 6, 347, ((1, 2), (2, 3), (3, 4), (4, 5), (5, 6)), 1211, 0, 2, 3, True, 3, (3, 0))
('state', 6, 348, ((1, 2), (2, 3), (3, 4), (4, 6), (5, 6)), 1087, 0, 2, 4, True, 4, (3, 1))
('state', 6, 349, ((1, 2), (2, 3), (3, 5), (3, 6), (4, 5)), 913, 0, 2, 3, True, 3, (2, 1))
('state', 6, 350, ((1, 2), (2, 3), (3, 5), (3, 6), (4, 6)), 914, 0, 2, 2, True, 2, (2, 0))
('state', 6, 351, ((1, 2), (2, 3), (3, 5), (4, 5), (4, 6)), 1215, 0, 2, 3, True, 3, (3, 0))
('state', 6, 352, ((1, 2), (2, 3), (3, 5), (4, 5), (5, 6)), 916, 0, 2, 3, True, 3, (3, 0))
('state', 6, 353, ((1, 2), (2, 3), (3, 5), (4, 6), (5, 6)), 917, 0, 2, 4, True, 4, (3, 1))
('state', 6, 354, ((1, 2), (2, 3), (3, 6), (4, 5), (4, 6)), 1093, 0, 2, 3, True, 3, (3, 0))
('state', 6, 355, ((1, 2), (2, 3), (3, 6), (4, 5), (5, 6)), 919, 0, 2, 4, True, 4, (3, 1))
('state', 6, 356, ((1, 2), (2, 3), (3, 6), (4, 6), (5, 6)), 920, 0, 2, 3, True, 3, (3, 0))
('state', 6, 357, ((1, 2), (2, 4), (2, 5), (2, 6), (3, 4)), 681, 1, 2, 1, False, 1, (0, 1))
('state', 6, 358, ((1, 2), (2, 4), (2, 5), (2, 6), (3, 5)), 682, 1, 2, 0, False, 0, (0, 0))
('state', 6, 359, ((1, 2), (2, 4), (2, 5), (2, 6), (3, 6)), 683, 1, 2, 0, False, 0, (0, 0))
('state', 6, 360, ((1, 2), (2, 4), (2, 5), (3, 4), (3, 6)), 1224, 1, 2, 0, False, 0, (0, 0))
('state', 6, 361, ((1, 2), (2, 4), (2, 5), (3, 4), (4, 6)), 685, 1, 2, 0, False, 0, (0, 0))
('state', 6, 362, ((1, 2), (2, 4), (2, 5), (3, 4), (5, 6)), 686, 1, 2, 0, False, 0, (0, 0))
('state', 6, 363, ((1, 2), (2, 4), (2, 5), (3, 5), (3, 6)), 1227, 1, 2, 0, False, 0, (0, 0))
('state', 6, 364, ((1, 2), (2, 4), (2, 5), (3, 5), (4, 6)), 688, 1, 2, 0, False, 0, (0, 0))
('state', 6, 365, ((1, 2), (2, 4), (2, 5), (3, 5), (5, 6)), 689, 1, 2, 0, False, 0, (0, 0))
('state', 6, 366, ((1, 2), (2, 4), (2, 5), (3, 6), (4, 6)), 690, 1, 2, 1, False, 1, (0, 1))
('state', 6, 367, ((1, 2), (2, 4), (2, 5), (3, 6), (5, 6)), 691, 1, 2, 1, False, 1, (0, 1))
('state', 6, 368, ((1, 2), (2, 4), (2, 6), (3, 4), (3, 5)), 1107, 1, 2, 0, False, 0, (0, 0))
('state', 6, 369, ((1, 2), (2, 4), (2, 6), (3, 4), (4, 5)), 693, 1, 2, 0, False, 0, (0, 0))
('state', 6, 370, ((1, 2), (2, 4), (2, 6), (3, 4), (5, 6)), 694, 1, 2, 0, False, 0, (0, 0))
('state', 6, 371, ((1, 2), (2, 4), (2, 6), (3, 5), (3, 6)), 1110, 1, 2, 0, False, 0, (0, 0))
('state', 6, 372, ((1, 2), (2, 4), (2, 6), (3, 5), (4, 5)), 696, 1, 2, 1, False, 1, (0, 1))
('state', 6, 373, ((1, 2), (2, 4), (2, 6), (3, 5), (5, 6)), 697, 1, 2, 1, False, 1, (0, 1))
('state', 6, 374, ((1, 2), (2, 4), (2, 6), (3, 6), (4, 5)), 698, 1, 2, 0, False, 0, (0, 0))
('state', 6, 375, ((1, 2), (2, 4), (2, 6), (3, 6), (5, 6)), 699, 1, 2, 0, False, 0, (0, 0))
('state', 6, 376, ((1, 2), (2, 4), (3, 4), (3, 5), (3, 6)), 1115, 0, 2, 3, True, 3, (3, 0))
('state', 6, 377, ((1, 2), (2, 4), (3, 4), (3, 5), (4, 6)), 1116, 0, 2, 2, True, 2, (2, 0))
('state', 6, 378, ((1, 2), (2, 4), (3, 4), (3, 5), (5, 6)), 1242, 0, 2, 3, True, 3, (3, 0))
('state', 6, 379, ((1, 2), (2, 4), (3, 4), (3, 6), (4, 5)), 1243, 0, 2, 2, True, 2, (2, 0))
('state', 6, 380, ((1, 2), (2, 4), (3, 4), (3, 6), (5, 6)), 1119, 0, 2, 4, True, 4, (3, 1))
('state', 6, 381, ((1, 2), (2, 4), (3, 4), (4, 5), (4, 6)), 705, 0, 2, 4, True, 4, (4, 0))
('state', 6, 382, ((1, 2), (2, 4), (3, 4), (4, 5), (5, 6)), 1246, 0, 2, 2, True, 2, (2, 0))
('state', 6, 383, ((1, 2), (2, 4), (3, 4), (4, 6), (5, 6)), 1122, 0, 2, 2, True, 2, (2, 0))
('state', 6, 384, ((1, 2), (2, 4), (3, 5), (3, 6), (4, 5)), 1248, 0, 2, 3, True, 3, (3, 0))
('state', 6, 385, ((1, 2), (2, 4), (3, 5), (3, 6), (4, 6)), 1124, 0, 2, 3, True, 3, (3, 0))
('state', 6, 386, ((1, 2), (2, 4), (3, 5), (4, 5), (4, 6)), 710, 0, 2, 3, True, 3, (2, 1))
('state', 6, 387, ((1, 2), (2, 4), (3, 5), (4, 5), (5, 6)), 711, 0, 2, 3, True, 3, (3, 0))
('state', 6, 388, ((1, 2), (2, 4), (3, 5), (4, 6), (5, 6)), 712, 0, 2, 4, True, 4, (3, 1))
('state', 6, 389, ((1, 2), (2, 4), (3, 6), (4, 5), (4, 6)), 713, 0, 2, 2, True, 2, (2, 0))
('state', 6, 390, ((1, 2), (2, 4), (3, 6), (4, 5), (5, 6)), 714, 0, 2, 4, True, 4, (3, 1))
('state', 6, 391, ((1, 2), (2, 4), (3, 6), (4, 6), (5, 6)), 715, 0, 2, 3, True, 3, (3, 0))
('state', 6, 392, ((1, 2), (2, 5), (2, 6), (3, 4), (3, 5)), 956, 1, 2, 0, False, 0, (0, 0))
('state', 6, 393, ((1, 2), (2, 5), (2, 6), (3, 4), (3, 6)), 957, 1, 2, 0, False, 0, (0, 0))
('state', 6, 394, ((1, 2), (2, 5), (2, 6), (3, 4), (4, 5)), 718, 1, 2, 1, False, 1, (0, 1))
('state', 6, 395, ((1, 2), (2, 5), (2, 6), (3, 4), (4, 6)), 719, 1, 2, 1, False, 1, (0, 1))
('state', 6, 396, ((1, 2), (2, 5), (2, 6), (3, 5), (4, 5)), 720, 1, 2, 0, False, 0, (0, 0))
('state', 6, 397, ((1, 2), (2, 5), (2, 6), (3, 5), (4, 6)), 721, 1, 2, 0, False, 0, (0, 0))
('state', 6, 398, ((1, 2), (2, 5), (2, 6), (3, 6), (4, 5)), 722, 1, 2, 0, False, 0, (0, 0))
('state', 6, 399, ((1, 2), (2, 5), (2, 6), (3, 6), (4, 6)), 723, 1, 2, 0, False, 0, (0, 0))
('state', 6, 400, ((1, 2), (2, 5), (3, 4), (3, 5), (3, 6)), 964, 0, 2, 3, True, 3, (3, 0))
('state', 6, 401, ((1, 2), (2, 5), (3, 4), (3, 5), (4, 6)), 1265, 0, 2, 3, True, 3, (3, 0))
('state', 6, 402, ((1, 2), (2, 5), (3, 4), (3, 5), (5, 6)), 966, 0, 2, 2, True, 2, (2, 0))
('state', 6, 403, ((1, 2), (2, 5), (3, 4), (3, 6), (4, 5)), 1267, 0, 2, 3, True, 3, (3, 0))
('state', 6, 404, ((1, 2), (2, 5), (3, 4), (3, 6), (5, 6)), 968, 0, 2, 3, True, 3, (3, 0))
('state', 6, 405, ((1, 2), (2, 5), (3, 4), (4, 5), (4, 6)), 729, 0, 2, 3, True, 3, (3, 0))
('state', 6, 406, ((1, 2), (2, 5), (3, 4), (4, 5), (5, 6)), 730, 0, 2, 3, True, 3, (2, 1))
('state', 6, 407, ((1, 2), (2, 5), (3, 4), (4, 6), (5, 6)), 731, 0, 2, 4, True, 4, (3, 1))
('state', 6, 408, ((1, 2), (2, 5), (3, 5), (3, 6), (4, 5)), 1272, 0, 2, 2, True, 2, (2, 0))
('state', 6, 409, ((1, 2), (2, 5), (3, 5), (3, 6), (4, 6)), 973, 0, 2, 4, True, 4, (3, 1))
('state', 6, 410, ((1, 2), (2, 5), (3, 5), (4, 5), (4, 6)), 1274, 0, 2, 2, True, 2, (2, 0))
('state', 6, 411, ((1, 2), (2, 5), (3, 5), (4, 5), (5, 6)), 735, 0, 2, 4, True, 4, (4, 0))
('state', 6, 412, ((1, 2), (2, 5), (3, 5), (4, 6), (5, 6)), 976, 0, 2, 2, True, 2, (2, 0))
('state', 6, 413, ((1, 2), (2, 5), (3, 6), (4, 5), (4, 6)), 737, 0, 2, 4, True, 4, (3, 1))
('state', 6, 414, ((1, 2), (2, 5), (3, 6), (4, 5), (5, 6)), 738, 0, 2, 2, True, 2, (2, 0))
('state', 6, 415, ((1, 2), (2, 5), (3, 6), (4, 6), (5, 6)), 739, 0, 2, 3, True, 3, (3, 0))
('state', 6, 416, ((1, 2), (2, 6), (3, 4), (3, 5), (3, 6)), 980, 0, 2, 3, True, 3, (3, 0))
('state', 6, 417, ((1, 2), (2, 6), (3, 4), (3, 5), (4, 6)), 1156, 0, 2, 3, True, 3, (3, 0))
('state', 6, 418, ((1, 2), (2, 6), (3, 4), (3, 5), (5, 6)), 982, 0, 2, 3, True, 3, (3, 0))
('state', 6, 419, ((1, 2), (2, 6), (3, 4), (3, 6), (4, 5)), 1158, 0, 2, 3, True, 3, (3, 0))
('state', 6, 420, ((1, 2), (2, 6), (3, 4), (3, 6), (5, 6)), 984, 0, 2, 2, True, 2, (2, 0))
('state', 6, 421, ((1, 2), (2, 6), (3, 4), (4, 5), (4, 6)), 745, 0, 2, 3, True, 3, (3, 0))
('state', 6, 422, ((1, 2), (2, 6), (3, 4), (4, 5), (5, 6)), 746, 0, 2, 4, True, 4, (3, 1))
('state', 6, 423, ((1, 2), (2, 6), (3, 4), (4, 6), (5, 6)), 747, 0, 2, 3, True, 3, (2, 1))
('state', 6, 424, ((1, 2), (2, 6), (3, 5), (3, 6), (4, 5)), 988, 0, 2, 4, True, 4, (3, 1))
('state', 6, 425, ((1, 2), (2, 6), (3, 5), (3, 6), (4, 6)), 1164, 0, 2, 2, True, 2, (2, 0))
('state', 6, 426, ((1, 2), (2, 6), (3, 5), (4, 5), (4, 6)), 750, 0, 2, 4, True, 4, (3, 1))
('state', 6, 427, ((1, 2), (2, 6), (3, 5), (4, 5), (5, 6)), 751, 0, 2, 3, True, 3, (3, 0))
('state', 6, 428, ((1, 2), (2, 6), (3, 5), (4, 6), (5, 6)), 752, 0, 2, 2, True, 2, (2, 0))
('state', 6, 429, ((1, 2), (2, 6), (3, 6), (4, 5), (4, 6)), 1168, 0, 2, 2, True, 2, (2, 0))
('state', 6, 430, ((1, 2), (2, 6), (3, 6), (4, 5), (5, 6)), 994, 0, 2, 2, True, 2, (2, 0))
('state', 6, 431, ((1, 2), (2, 6), (3, 6), (4, 6), (5, 6)), 755, 0, 2, 4, True, 4, (4, 0))
('state', 6, 432, ((1, 3), (1, 4), (1, 5), (1, 6), (2, 3)), 433, 0, 2, 4, True, 4, (4, 0))
('state', 6, 433, ((1, 3), (1, 4), (1, 5), (1, 6), (2, 4)), 432, 0, 2, 1, True, 1, (1, 0))
('state', 6, 434, ((1, 3), (1, 4), (1, 5), (1, 6), (2, 5)), 432, 1, 2, 0, False, 0, (0, 0))
('state', 6, 435, ((1, 3), (1, 4), (1, 5), (1, 6), (2, 6)), 432, 1, 2, 0, False, 0, (0, 0))
('state', 6, 436, ((1, 3), (1, 4), (1, 5), (2, 3), (2, 6)), 537, 1, 2, 0, False, 0, (0, 0))
('state', 6, 437, ((1, 3), (1, 4), (1, 5), (2, 3), (3, 6)), 441, 1, 2, 0, False, 0, (0, 0))
('state', 6, 438, ((1, 3), (1, 4), (1, 5), (2, 3), (4, 6)), 449, 0, 2, 2, True, 2, (2, 0))
('state', 6, 439, ((1, 3), (1, 4), (1, 5), (2, 3), (5, 6)), 450, 0, 2, 2, True, 2, (2, 0))
('state', 6, 440, ((1, 3), (1, 4), (1, 5), (2, 4), (2, 6)), 793, 1, 2, 0, False, 0, (0, 0))
('state', 6, 441, ((1, 3), (1, 4), (1, 5), (2, 4), (3, 6)), 448, 0, 2, 2, True, 2, (2, 0))
('state', 6, 442, ((1, 3), (1, 4), (1, 5), (2, 4), (4, 6)), 438, 1, 2, 0, False, 0, (0, 0))
('state', 6, 443, ((1, 3), (1, 4), (1, 5), (2, 4), (5, 6)), 450, 1, 2, 0, False, 0, (0, 0))
('state', 6, 444, ((1, 3), (1, 4), (1, 5), (2, 5), (2, 6)), 804, 1, 2, 0, False, 0, (0, 0))
('state', 6, 445, ((1, 3), (1, 4), (1, 5), (2, 5), (3, 6)), 448, 1, 2, 0, False, 0, (0, 0))
('state', 6, 446, ((1, 3), (1, 4), (1, 5), (2, 5), (4, 6)), 449, 1, 2, 0, False, 0, (0, 0))
('state', 6, 447, ((1, 3), (1, 4), (1, 5), (2, 5), (5, 6)), 439, 1, 2, 0, False, 0, (0, 0))
('state', 6, 448, ((1, 3), (1, 4), (1, 5), (2, 6), (3, 6)), 441, 0, 2, 3, True, 3, (3, 0))
('state', 6, 449, ((1, 3), (1, 4), (1, 5), (2, 6), (4, 6)), 438, 0, 2, 3, True, 3, (3, 0))
('state', 6, 450, ((1, 3), (1, 4), (1, 5), (2, 6), (5, 6)), 439, 0, 2, 3, True, 3, (3, 0))
('state', 6, 451, ((1, 3), (1, 4), (1, 6), (2, 3), (2, 5)), 586, 1, 2, 0, False, 0, (0, 0))
('state', 6, 452, ((1, 3), (1, 4), (1, 6), (2, 3), (3, 5)), 456, 1, 2, 0, False, 0, (0, 0))
('state', 6, 453, ((1, 3), (1, 4), (1, 6), (2, 3), (4, 5)), 461, 0, 2, 2, True, 2, (2, 0))
('state', 6, 454, ((1, 3), (1, 4), (1, 6), (2, 3), (5, 6)), 462, 0, 2, 2, True, 2, (2, 0))
('state', 6, 455, ((1, 3), (1, 4), (1, 6), (2, 4), (2, 5)), 842, 1, 2, 0, False, 0, (0, 0))
('state', 6, 456, ((1, 3), (1, 4), (1, 6), (2, 4), (3, 5)), 460, 0, 2, 2, True, 2, (2, 0))
('state', 6, 457, ((1, 3), (1, 4), (1, 6), (2, 4), (4, 5)), 453, 1, 2, 0, False, 0, (0, 0))
('state', 6, 458, ((1, 3), (1, 4), (1, 6), (2, 4), (5, 6)), 462, 1, 2, 0, False, 0, (0, 0))
('state', 6, 459, ((1, 3), (1, 4), (1, 6), (2, 5), (2, 6)), 853, 1, 2, 0, False, 0, (0, 0))
('state', 6, 460, ((1, 3), (1, 4), (1, 6), (2, 5), (3, 5)), 456, 0, 2, 3, True, 3, (3, 0))
('state', 6, 461, ((1, 3), (1, 4), (1, 6), (2, 5), (4, 5)), 453, 0, 2, 3, True, 3, (3, 0))
('state', 6, 462, ((1, 3), (1, 4), (1, 6), (2, 5), (5, 6)), 454, 0, 2, 3, True, 3, (3, 0))
('state', 6, 463, ((1, 3), (1, 4), (1, 6), (2, 6), (3, 5)), 460, 1, 2, 0, False, 0, (0, 0))
('state', 6, 464, ((1, 3), (1, 4), (1, 6), (2, 6), (4, 5)), 461, 1, 2, 0, False, 0, (0, 0))
('state', 6, 465, ((1, 3), (1, 4), (1, 6), (2, 6), (5, 6)), 454, 1, 2, 0, False, 0, (0, 0))
('state', 6, 466, ((1, 3), (1, 4), (2, 3), (2, 5), (2, 6)), 647, 1, 2, 0, False, 0, (0, 0))
('state', 6, 467, ((1, 3), (1, 4), (2, 3), (2, 5), (3, 6)), 652, 2, 2, 0, False, 0, (0, 0))
('state', 6, 468, ((1, 3), (1, 4), (2, 3), (2, 5), (4, 6)), 480, 1, 2, 0, False, 0, (0, 0))
('state', 6, 469, ((1, 3), (1, 4), (2, 3), (2, 5), (5, 6)), 656, 1, 2, 0, False, 0, (0, 0))
('state', 6, 470, ((1, 3), (1, 4), (2, 3), (2, 6), (3, 5)), 661, 2, 2, 0, False, 0, (0, 0))
('state', 6, 471, ((1, 3), (1, 4), (2, 3), (2, 6), (4, 5)), 472, 2, 2, 0, False, 0, (0, 0))
('state', 6, 472, ((1, 3), (1, 4), (2, 3), (2, 6), (5, 6)), 663, 1, 2, 1, False, 1, (0, 1))
('state', 6, 473, ((1, 3), (1, 4), (2, 3), (3, 5), (3, 6)), 488, 1, 2, 0, False, 0, (0, 0))
('state', 6, 474, ((1, 3), (1, 4), (2, 3), (3, 5), (4, 6)), 509, 1, 2, 0, False, 0, (0, 0))
('state', 6, 475, ((1, 3), (1, 4), (2, 3), (3, 5), (5, 6)), 490, 1, 2, 0, False, 0, (0, 0))
('state', 6, 476, ((1, 3), (1, 4), (2, 3), (3, 6), (4, 5)), 503, 1, 2, 0, False, 0, (0, 0))
('state', 6, 477, ((1, 3), (1, 4), (2, 3), (3, 6), (5, 6)), 492, 1, 2, 0, False, 0, (0, 0))
('state', 6, 478, ((1, 3), (1, 4), (2, 3), (4, 5), (4, 6)), 505, 0, 2, 3, True, 3, (3, 0))
('state', 6, 479, ((1, 3), (1, 4), (2, 3), (4, 5), (5, 6)), 514, 0, 2, 3, True, 3, (3, 0))
('state', 6, 480, ((1, 3), (1, 4), (2, 3), (4, 6), (5, 6)), 507, 0, 2, 4, True, 4, (3, 1))
('state', 6, 481, ((1, 3), (1, 4), (2, 4), (2, 5), (2, 6)), 922, 1, 2, 0, False, 0, (0, 0))
('state', 6, 482, ((1, 3), (1, 4), (2, 4), (2, 5), (3, 6)), 492, 1, 2, 0, False, 0, (0, 0))
('state', 6, 483, ((1, 3), (1, 4), (2, 4), (2, 5), (4, 6)), 928, 2, 2, 0, False, 0, (0, 0))
('state', 6, 484, ((1, 3), (1, 4), (2, 4), (2, 5), (5, 6)), 931, 1, 2, 0, False, 0, (0, 0))
('state', 6, 485, ((1, 3), (1, 4), (2, 4), (2, 6), (3, 5)), 487, 2, 2, 0, False, 0, (0, 0))
('state', 6, 486, ((1, 3), (1, 4), (2, 4), (2, 6), (4, 5)), 938, 2, 2, 0, False, 0, (0, 0))
('state', 6, 487, ((1, 3), (1, 4), (2, 4), (2, 6), (5, 6)), 937, 1, 2, 1, False, 1, (0, 1))
('state', 6, 488, ((1, 3), (1, 4), (2, 4), (3, 5), (3, 6)), 500, 0, 2, 3, True, 3, (3, 0))
('state', 6, 489, ((1, 3), (1, 4), (2, 4), (3, 5), (4, 6)), 501, 1, 2, 0, False, 0, (0, 0))
('state', 6, 490, ((1, 3), (1, 4), (2, 4), (3, 5), (5, 6)), 510, 0, 2, 3, True, 3, (3, 0))
('state', 6, 491, ((1, 3), (1, 4), (2, 4), (3, 6), (4, 5)), 511, 1, 2, 0, False, 0, (0, 0))
('state', 6, 492, ((1, 3), (1, 4), (2, 4), (3, 6), (5, 6)), 504, 0, 2, 4, True, 4, (3, 1))
('state', 6, 493, ((1, 3), (1, 4), (2, 4), (4, 5), (4, 6)), 478, 1, 2, 0, False, 0, (0, 0))
('state', 6, 494, ((1, 3), (1, 4), (2, 4), (4, 5), (5, 6)), 479, 1, 2, 0, False, 0, (0, 0))
('state', 6, 495, ((1, 3), (1, 4), (2, 4), (4, 6), (5, 6)), 480, 1, 2, 0, False, 0, (0, 0))
('state', 6, 496, ((1, 3), (1, 4), (2, 5), (2, 6), (3, 5)), 721, 1, 2, 0, False, 0, (0, 0))
('state', 6, 497, ((1, 3), (1, 4), (2, 5), (2, 6), (3, 6)), 722, 1, 2, 0, False, 0, (0, 0))
('state', 6, 498, ((1, 3), (1, 4), (2, 5), (2, 6), (4, 5)), 962, 1, 2, 0, False, 0, (0, 0))
('state', 6, 499, ((1, 3), (1, 4), (2, 5), (2, 6), (4, 6)), 961, 1, 2, 0, False, 0, (0, 0))
('state', 6, 500, ((1, 3), (1, 4), (2, 5), (3, 5), (3, 6)), 488, 0, 2, 2, True, 2, (2, 0))
('state', 6, 501, ((1, 3), (1, 4), (2, 5), (3, 5), (4, 6)), 509, 0, 2, 3, True, 3, (3, 0))
('state', 6, 502, ((1, 3), (1, 4), (2, 5), (3, 5), (5, 6)), 490, 1, 2, 0, False, 0, (0, 0))
('state', 6, 503, ((1, 3), (1, 4), (2, 5), (3, 6), (4, 5)), 511, 0, 2, 3, True, 3, (3, 0))
('state', 6, 504, ((1, 3), (1, 4), (2, 5), (3, 6), (5, 6)), 492, 0, 2, 2, True, 2, (2, 0))
('state', 6, 505, ((1, 3), (1, 4), (2, 5), (4, 5), (4, 6)), 478, 0, 2, 2, True, 2, (2, 0))
('state', 6, 506, ((1, 3), (1, 4), (2, 5), (4, 5), (5, 6)), 479, 1, 2, 0, False, 0, (0, 0))
('state', 6, 507, ((1, 3), (1, 4), (2, 5), (4, 6), (5, 6)), 480, 0, 2, 2, True, 2, (2, 0))
('state', 6, 508, ((1, 3), (1, 4), (2, 6), (3, 5), (3, 6)), 488, 1, 2, 0, False, 0, (0, 0))
('state', 6, 509, ((1, 3), (1, 4), (2, 6), (3, 5), (4, 6)), 501, 0, 2, 2, True, 2, (2, 0))
('state', 6, 510, ((1, 3), (1, 4), (2, 6), (3, 5), (5, 6)), 490, 0, 2, 2, True, 2, (2, 0))
('state', 6, 511, ((1, 3), (1, 4), (2, 6), (3, 6), (4, 5)), 503, 0, 2, 2, True, 2, (2, 0))
('state', 6, 512, ((1, 3), (1, 4), (2, 6), (3, 6), (5, 6)), 492, 1, 2, 0, False, 0, (0, 0))
('state', 6, 513, ((1, 3), (1, 4), (2, 6), (4, 5), (4, 6)), 478, 1, 2, 0, False, 0, (0, 0))
('state', 6, 514, ((1, 3), (1, 4), (2, 6), (4, 5), (5, 6)), 479, 0, 2, 2, True, 2, (2, 0))
('state', 6, 515, ((1, 3), (1, 4), (2, 6), (4, 6), (5, 6)), 480, 1, 2, 0, False, 0, (0, 0))
('state', 6, 516, ((1, 3), (1, 5), (1, 6), (2, 3), (2, 4)), 518, 1, 2, 0, False, 0, (0, 0))
('state', 6, 517, ((1, 3), (1, 5), (1, 6), (2, 3), (3, 4)), 525, 1, 2, 0, False, 0, (0, 0))
('state', 6, 518, ((1, 3), (1, 5), (1, 6), (2, 3), (4, 5)), 523, 0, 2, 3, True, 3, (2, 1))
('state', 6, 519, ((1, 3), (1, 5), (1, 6), (2, 3), (4, 6)), 524, 0, 2, 2, True, 2, (2, 0))
('state', 6, 520, ((1, 3), (1, 5), (1, 6), (2, 4), (2, 5)), 1016, 1, 2, 0, False, 0, (0, 0))
('state', 6, 521, ((1, 3), (1, 5), (1, 6), (2, 4), (2, 6)), 1019, 1, 2, 0, False, 0, (0, 0))
('state', 6, 522, ((1, 3), (1, 5), (1, 6), (2, 4), (3, 4)), 525, 0, 2, 3, True, 3, (3, 0))
('state', 6, 523, ((1, 3), (1, 5), (1, 6), (2, 4), (4, 5)), 518, 0, 2, 3, True, 3, (3, 0))
('state', 6, 524, ((1, 3), (1, 5), (1, 6), (2, 4), (4, 6)), 519, 0, 2, 3, True, 3, (3, 0))
('state', 6, 525, ((1, 3), (1, 5), (1, 6), (2, 5), (3, 4)), 522, 0, 2, 2, True, 2, (2, 0))
('state', 6, 526, ((1, 3), (1, 5), (1, 6), (2, 5), (4, 5)), 518, 1, 2, 0, False, 0, (0, 0))
('state', 6, 527, ((1, 3), (1, 5), (1, 6), (2, 5), (4, 6)), 524, 1, 2, 0, False, 0, (0, 0))
('state', 6, 528, ((1, 3), (1, 5), (1, 6), (2, 6), (3, 4)), 522, 1, 2, 0, False, 0, (0, 0))
('state', 6, 529, ((1, 3), (1, 5), (1, 6), (2, 6), (4, 5)), 523, 1, 2, 0, False, 0, (0, 0))
('state', 6, 530, ((1, 3), (1, 5), (1, 6), (2, 6), (4, 6)), 519, 1, 2, 0, False, 0, (0, 0))
('state', 6, 531, ((1, 3), (1, 5), (2, 3), (2, 4), (2, 6)), 536, 1, 2, 0, False, 0, (0, 0))
('state', 6, 532, ((1, 3), (1, 5), (2, 3), (2, 4), (3, 6)), 541, 2, 2, 0, False, 0, (0, 0))
('state', 6, 533, ((1, 3), (1, 5), (2, 3), (2, 4), (4, 6)), 645, 1, 2, 0, False, 0, (0, 0))
('state', 6, 534, ((1, 3), (1, 5), (2, 3), (2, 4), (5, 6)), 545, 1, 2, 0, False, 0, (0, 0))
('state', 6, 535, ((1, 3), (1, 5), (2, 3), (2, 6), (3, 4)), 536, 1, 2, 0, False, 0, (0, 0))
('state', 6, 536, ((1, 3), (1, 5), (2, 3), (2, 6), (4, 5)), 537, 0, 2, 3, True, 3, (3, 0))
('state', 6, 537, ((1, 3), (1, 5), (2, 3), (2, 6), (4, 6)), 536, 0, 2, 2, True, 2, (2, 0))
('state', 6, 538, ((1, 3), (1, 5), (2, 3), (3, 4), (3, 6)), 565, 1, 2, 0, False, 0, (0, 0))
('state', 6, 539, ((1, 3), (1, 5), (2, 3), (3, 4), (4, 6)), 566, 1, 2, 0, False, 0, (0, 0))
('state', 6, 540, ((1, 3), (1, 5), (2, 3), (3, 4), (5, 6)), 575, 1, 2, 0, False, 0, (0, 0))
('state', 6, 541, ((1, 3), (1, 5), (2, 3), (3, 6), (4, 5)), 557, 1, 2, 1, False, 1, (0, 1))
('state', 6, 542, ((1, 3), (1, 5), (2, 3), (3, 6), (4, 6)), 558, 1, 2, 0, False, 0, (0, 0))
('state', 6, 543, ((1, 3), (1, 5), (2, 3), (4, 5), (4, 6)), 578, 0, 2, 3, True, 3, (3, 0))
('state', 6, 544, ((1, 3), (1, 5), (2, 3), (4, 5), (5, 6)), 560, 0, 2, 3, True, 3, (3, 0))
('state', 6, 545, ((1, 3), (1, 5), (2, 3), (4, 6), (5, 6)), 561, 0, 2, 4, True, 4, (3, 1))
('state', 6, 546, ((1, 3), (1, 5), (2, 4), (2, 5), (2, 6)), 1096, 1, 2, 0, False, 0, (0, 0))
('state', 6, 547, ((1, 3), (1, 5), (2, 4), (2, 5), (3, 6)), 569, 1, 2, 0, False, 0, (0, 0))
('state', 6, 548, ((1, 3), (1, 5), (2, 4), (2, 5), (4, 6)), 1105, 1, 2, 0, False, 0, (0, 0))
('state', 6, 549, ((1, 3), (1, 5), (2, 4), (2, 5), (5, 6)), 1101, 2, 2, 0, False, 0, (0, 0))
('state', 6, 550, ((1, 3), (1, 5), (2, 4), (2, 6), (3, 4)), 694, 1, 2, 0, False, 0, (0, 0))
('state', 6, 551, ((1, 3), (1, 5), (2, 4), (2, 6), (3, 6)), 576, 1, 2, 0, False, 0, (0, 0))
('state', 6, 552, ((1, 3), (1, 5), (2, 4), (2, 6), (4, 5)), 1113, 1, 2, 0, False, 0, (0, 0))
('state', 6, 553, ((1, 3), (1, 5), (2, 4), (2, 6), (5, 6)), 1109, 1, 2, 0, False, 0, (0, 0))
('state', 6, 554, ((1, 3), (1, 5), (2, 4), (3, 4), (3, 6)), 565, 0, 2, 2, True, 2, (2, 0))
('state', 6, 555, ((1, 3), (1, 5), (2, 4), (3, 4), (4, 6)), 566, 1, 2, 0, False, 0, (0, 0))
('state', 6, 556, ((1, 3), (1, 5), (2, 4), (3, 4), (5, 6)), 575, 0, 2, 3, True, 3, (3, 0))
('state', 6, 557, ((1, 3), (1, 5), (2, 4), (3, 6), (4, 5)), 576, 0, 2, 3, True, 3, (3, 0))
('state', 6, 558, ((1, 3), (1, 5), (2, 4), (3, 6), (4, 6)), 569, 0, 2, 3, True, 3, (3, 0))
('state', 6, 559, ((1, 3), (1, 5), (2, 4), (4, 5), (4, 6)), 543, 1, 2, 0, False, 0, (0, 0))
('state', 6, 560, ((1, 3), (1, 5), (2, 4), (4, 5), (5, 6)), 544, 0, 2, 2, True, 2, (2, 0))
('state', 6, 561, ((1, 3), (1, 5), (2, 4), (4, 6), (5, 6)), 545, 0, 2, 2, True, 2, (2, 0))
('state', 6, 562, ((1, 3), (1, 5), (2, 5), (2, 6), (3, 4)), 564, 2, 2, 0, False, 0, (0, 0))
('state', 6, 563, ((1, 3), (1, 5), (2, 5), (2, 6), (4, 5)), 1137, 2, 2, 0, False, 0, (0, 0))
('state', 6, 564, ((1, 3), (1, 5), (2, 5), (2, 6), (4, 6)), 1134, 1, 2, 1, False, 1, (0, 1))
('state', 6, 565, ((1, 3), (1, 5), (2, 5), (3, 4), (3, 6)), 554, 0, 2, 3, True, 3, (3, 0))
('state', 6, 566, ((1, 3), (1, 5), (2, 5), (3, 4), (4, 6)), 574, 0, 2, 3, True, 3, (3, 0))
('state', 6, 567, ((1, 3), (1, 5), (2, 5), (3, 4), (5, 6)), 556, 1, 2, 0, False, 0, (0, 0))
('state', 6, 568, ((1, 3), (1, 5), (2, 5), (3, 6), (4, 5)), 576, 1, 2, 0, False, 0, (0, 0))
('state', 6, 569, ((1, 3), (1, 5), (2, 5), (3, 6), (4, 6)), 558, 0, 2, 3, True, 3, (2, 1))
('state', 6, 570, ((1, 3), (1, 5), (2, 5), (4, 5), (4, 6)), 543, 1, 2, 0, False, 0, (0, 0))
('state', 6, 571, ((1, 3), (1, 5), (2, 5), (4, 5), (5, 6)), 544, 1, 2, 0, False, 0, (0, 0))
('state', 6, 572, ((1, 3), (1, 5), (2, 5), (4, 6), (5, 6)), 545, 1, 2, 0, False, 0, (0, 0))
('state', 6, 573, ((1, 3), (1, 5), (2, 6), (3, 4), (3, 6)), 565, 1, 2, 0, False, 0, (0, 0))
('state', 6, 574, ((1, 3), (1, 5), (2, 6), (3, 4), (4, 6)), 566, 0, 2, 2, True, 2, (2, 0))
('state', 6, 575, ((1, 3), (1, 5), (2, 6), (3, 4), (5, 6)), 556, 0, 2, 2, True, 2, (2, 0))
('state', 6, 576, ((1, 3), (1, 5), (2, 6), (3, 6), (4, 5)), 557, 0, 2, 3, True, 3, (2, 1))
('state', 6, 577, ((1, 3), (1, 5), (2, 6), (3, 6), (4, 6)), 569, 1, 2, 0, False, 0, (0, 0))
('state', 6, 578, ((1, 3), (1, 5), (2, 6), (4, 5), (4, 6)), 543, 0, 2, 2, True, 2, (2, 0))
('state', 6, 579, ((1, 3), (1, 5), (2, 6), (4, 5), (5, 6)), 544, 1, 2, 0, False, 0, (0, 0))
('state', 6, 580, ((1, 3), (1, 5), (2, 6), (4, 6), (5, 6)), 545, 1, 2, 0, False, 0, (0, 0))
('state', 6, 581, ((1, 3), (1, 6), (2, 3), (2, 4), (2, 5)), 587, 1, 2, 0, False, 0, (0, 0))
('state', 6, 582, ((1, 3), (1, 6), (2, 3), (2, 4), (3, 5)), 592, 2, 2, 0, False, 0, (0, 0))
('state', 6, 583, ((1, 3), (1, 6), (2, 3), (2, 4), (4, 5)), 584, 2, 2, 0, False, 0, (0, 0))
('state', 6, 584, ((1, 3), (1, 6), (2, 3), (2, 4), (5, 6)), 594, 1, 2, 1, False, 1, (0, 1))
('state', 6, 585, ((1, 3), (1, 6), (2, 3), (2, 5), (3, 4)), 586, 1, 2, 0, False, 0, (0, 0))
('state', 6, 586, ((1, 3), (1, 6), (2, 3), (2, 5), (4, 5)), 587, 0, 2, 3, True, 3, (3, 0))
('state', 6, 587, ((1, 3), (1, 6), (2, 3), (2, 5), (4, 6)), 586, 0, 2, 2, True, 2, (2, 0))
('state', 6, 588, ((1, 3), (1, 6), (2, 3), (3, 4), (3, 5)), 623, 1, 2, 0, False, 0, (0, 0))
('state', 6, 589, ((1, 3), (1, 6), (2, 3), (3, 4), (4, 5)), 616, 1, 2, 0, False, 0, (0, 0))
('state', 6, 590, ((1, 3), (1, 6), (2, 3), (3, 4), (5, 6)), 617, 1, 2, 0, False, 0, (0, 0))
('state', 6, 591, ((1, 3), (1, 6), (2, 3), (3, 5), (4, 5)), 607, 1, 2, 0, False, 0, (0, 0))
('state', 6, 592, ((1, 3), (1, 6), (2, 3), (3, 5), (4, 6)), 608, 1, 2, 1, False, 1, (0, 1))
('state', 6, 593, ((1, 3), (1, 6), (2, 3), (4, 5), (4, 6)), 620, 0, 2, 3, True, 3, (3, 0))
('state', 6, 594, ((1, 3), (1, 6), (2, 3), (4, 5), (5, 6)), 610, 0, 2, 4, True, 4, (3, 1))
('state', 6, 595, ((1, 3), (1, 6), (2, 3), (4, 6), (5, 6)), 611, 0, 2, 3, True, 3, (3, 0))
('state', 6, 596, ((1, 3), (1, 6), (2, 4), (2, 5), (2, 6)), 1221, 2, 2, 0, False, 0, (0, 0))
('state', 6, 597, ((1, 3), (1, 6), (2, 4), (2, 5), (3, 4)), 606, 1, 2, 0, False, 0, (0, 0))
('state', 6, 598, ((1, 3), (1, 6), (2, 4), (2, 5), (3, 5)), 619, 1, 2, 0, False, 0, (0, 0))
('state', 6, 599, ((1, 3), (1, 6), (2, 4), (2, 5), (4, 6)), 1228, 1, 2, 0, False, 0, (0, 0))
('state', 6, 600, ((1, 3), (1, 6), (2, 4), (2, 5), (5, 6)), 1226, 1, 2, 0, False, 0, (0, 0))
('state', 6, 601, ((1, 3), (1, 6), (2, 4), (2, 6), (3, 5)), 626, 1, 2, 0, False, 0, (0, 0))
('state', 6, 602, ((1, 3), (1, 6), (2, 4), (2, 6), (4, 5)), 1236, 1, 2, 0, False, 0, (0, 0))
('state', 6, 603, ((1, 3), (1, 6), (2, 4), (2, 6), (5, 6)), 1234, 2, 2, 0, False, 0, (0, 0))
('state', 6, 604, ((1, 3), (1, 6), (2, 4), (3, 4), (3, 5)), 623, 0, 2, 2, True, 2, (2, 0))
('state', 6, 605, ((1, 3), (1, 6), (2, 4), (3, 4), (4, 5)), 624, 1, 2, 0, False, 0, (0, 0))
('state', 6, 606, ((1, 3), (1, 6), (2, 4), (3, 4), (5, 6)), 617, 0, 2, 4, True, 4, (3, 1))
('state', 6, 607, ((1, 3), (1, 6), (2, 4), (3, 5), (4, 5)), 626, 0, 2, 3, True, 3, (3, 0))
('state', 6, 608, ((1, 3), (1, 6), (2, 4), (3, 5), (4, 6)), 619, 0, 2, 3, True, 3, (3, 0))
('state', 6, 609, ((1, 3), (1, 6), (2, 4), (4, 5), (4, 6)), 593, 1, 2, 0, False, 0, (0, 0))
('state', 6, 610, ((1, 3), (1, 6), (2, 4), (4, 5), (5, 6)), 594, 0, 2, 2, True, 2, (2, 0))
('state', 6, 611, ((1, 3), (1, 6), (2, 4), (4, 6), (5, 6)), 595, 0, 2, 2, True, 2, (2, 0))
('state', 6, 612, ((1, 3), (1, 6), (2, 5), (2, 6), (3, 4)), 613, 2, 2, 0, False, 0, (0, 0))
('state', 6, 613, ((1, 3), (1, 6), (2, 5), (2, 6), (4, 5)), 1258, 1, 2, 1, False, 1, (0, 1))
('state', 6, 614, ((1, 3), (1, 6), (2, 5), (2, 6), (4, 6)), 1261, 2, 2, 0, False, 0, (0, 0))
('state', 6, 615, ((1, 3), (1, 6), (2, 5), (3, 4), (3, 5)), 623, 1, 2, 0, False, 0, (0, 0))
('state', 6, 616, ((1, 3), (1, 6), (2, 5), (3, 4), (4, 5)), 624, 0, 2, 3, True, 3, (3, 0))
('state', 6, 617, ((1, 3), (1, 6), (2, 5), (3, 4), (5, 6)), 606, 0, 2, 2, True, 2, (2, 0))
('state', 6, 618, ((1, 3), (1, 6), (2, 5), (3, 5), (4, 5)), 626, 1, 2, 0, False, 0, (0, 0))
('state', 6, 619, ((1, 3), (1, 6), (2, 5), (3, 5), (4, 6)), 608, 0, 2, 3, True, 3, (2, 1))
('state', 6, 620, ((1, 3), (1, 6), (2, 5), (4, 5), (4, 6)), 593, 0, 2, 2, True, 2, (2, 0))
('state', 6, 621, ((1, 3), (1, 6), (2, 5), (4, 5), (5, 6)), 594, 1, 2, 0, False, 0, (0, 0))
('state', 6, 622, ((1, 3), (1, 6), (2, 5), (4, 6), (5, 6)), 595, 1, 2, 0, False, 0, (0, 0))
('state', 6, 623, ((1, 3), (1, 6), (2, 6), (3, 4), (3, 5)), 604, 0, 2, 3, True, 3, (3, 0))
('state', 6, 624, ((1, 3), (1, 6), (2, 6), (3, 4), (4, 5)), 616, 0, 2, 2, True, 2, (2, 0))
('state', 6, 625, ((1, 3), (1, 6), (2, 6), (3, 4), (5, 6)), 606, 1, 2, 0, False, 0, (0, 0))
('state', 6, 626, ((1, 3), (1, 6), (2, 6), (3, 5), (4, 5)), 607, 0, 2, 3, True, 3, (2, 1))
('state', 6, 627, ((1, 3), (1, 6), (2, 6), (3, 5), (4, 6)), 619, 1, 2, 0, False, 0, (0, 0))
('state', 6, 628, ((1, 3), (1, 6), (2, 6), (4, 5), (4, 6)), 593, 1, 2, 0, False, 0, (0, 0))
('state', 6, 629, ((1, 3), (1, 6), (2, 6), (4, 5), (5, 6)), 594, 1, 2, 0, False, 0, (0, 0))
('state', 6, 630, ((1, 3), (1, 6), (2, 6), (4, 6), (5, 6)), 595, 1, 2, 0, False, 0, (0, 0))
('state', 6, 631, ((1, 3), (2, 3), (2, 4), (2, 5), (2, 6)), 871, 0, 2, 4, True, 4, (4, 0))
('state', 6, 632, ((1, 3), (2, 3), (2, 4), (2, 5), (3, 6)), 872, 1, 2, 0, False, 0, (0, 0))
('state', 6, 633, ((1, 3), (2, 3), (2, 4), (2, 5), (4, 6)), 1173, 0, 2, 2, True, 2, (2, 0))
('state', 6, 634, ((1, 3), (2, 3), (2, 4), (2, 5), (5, 6)), 1174, 0, 2, 2, True, 2, (2, 0))
('state', 6, 635, ((1, 3), (2, 3), (2, 4), (2, 6), (3, 5)), 875, 1, 2, 0, False, 0, (0, 0))
('state', 6, 636, ((1, 3), (2, 3), (2, 4), (2, 6), (4, 5)), 1051, 0, 2, 2, True, 2, (2, 0))
('state', 6, 637, ((1, 3), (2, 3), (2, 4), (2, 6), (5, 6)), 1052, 0, 2, 2, True, 2, (2, 0))
('state', 6, 638, ((1, 3), (2, 3), (2, 4), (3, 5), (3, 6)), 878, 1, 2, 0, False, 0, (0, 0))
('state', 6, 639, ((1, 3), (2, 3), (2, 4), (3, 5), (4, 6)), 1179, 1, 2, 0, False, 0, (0, 0))
('state', 6, 640, ((1, 3), (2, 3), (2, 4), (3, 5), (5, 6)), 880, 1, 2, 0, False, 0, (0, 0))
('state', 6, 641, ((1, 3), (2, 3), (2, 4), (3, 6), (4, 5)), 1056, 1, 2, 0, False, 0, (0, 0))
('state', 6, 642, ((1, 3), (2, 3), (2, 4), (3, 6), (5, 6)), 882, 1, 2, 0, False, 0, (0, 0))
('state', 6, 643, ((1, 3), (2, 3), (2, 4), (4, 5), (4, 6)), 1058, 0, 2, 3, True, 3, (3, 0))
('state', 6, 644, ((1, 3), (2, 3), (2, 4), (4, 5), (5, 6)), 1184, 0, 2, 3, True, 3, (3, 0))
('state', 6, 645, ((1, 3), (2, 3), (2, 4), (4, 6), (5, 6)), 1060, 0, 2, 4, True, 4, (3, 1))
('state', 6, 646, ((1, 3), (2, 3), (2, 5), (2, 6), (3, 4)), 1061, 1, 2, 0, False, 0, (0, 0))
('state', 6, 647, ((1, 3), (2, 3), (2, 5), (2, 6), (4, 5)), 887, 0, 2, 3, True, 3, (2, 1))
('state', 6, 648, ((1, 3), (2, 3), (2, 5), (2, 6), (4, 6)), 888, 0, 2, 2, True, 2, (2, 0))
('state', 6, 649, ((1, 3), (2, 3), (2, 5), (3, 4), (3, 6)), 1064, 1, 2, 0, False, 0, (0, 0))
('state', 6, 650, ((1, 3), (2, 3), (2, 5), (3, 4), (4, 6)), 1065, 1, 2, 0, False, 0, (0, 0))
('state', 6, 651, ((1, 3), (2, 3), (2, 5), (3, 4), (5, 6)), 1191, 1, 2, 0, False, 0, (0, 0))
('state', 6, 652, ((1, 3), (2, 3), (2, 5), (3, 6), (4, 5)), 892, 1, 2, 1, False, 1, (0, 1))
('state', 6, 653, ((1, 3), (2, 3), (2, 5), (3, 6), (4, 6)), 893, 1, 2, 0, False, 0, (0, 0))
('state', 6, 654, ((1, 3), (2, 3), (2, 5), (4, 5), (4, 6)), 1194, 0, 2, 3, True, 3, (3, 0))
('state', 6, 655, ((1, 3), (2, 3), (2, 5), (4, 5), (5, 6)), 895, 0, 2, 3, True, 3, (3, 0))
('state', 6, 656, ((1, 3), (2, 3), (2, 5), (4, 6), (5, 6)), 896, 0, 2, 4, True, 4, (3, 1))
('state', 6, 657, ((1, 3), (2, 3), (2, 6), (3, 4), (3, 5)), 1197, 1, 2, 0, False, 0, (0, 0))
('state', 6, 658, ((1, 3), (2, 3), (2, 6), (3, 4), (4, 5)), 1073, 1, 2, 0, False, 0, (0, 0))
('state', 6, 659, ((1, 3), (2, 3), (2, 6), (3, 4), (5, 6)), 1074, 1, 2, 0, False, 0, (0, 0))
('state', 6, 660, ((1, 3), (2, 3), (2, 6), (3, 5), (4, 5)), 900, 1, 2, 0, False, 0, (0, 0))
('state', 6, 661, ((1, 3), (2, 3), (2, 6), (3, 5), (4, 6)), 901, 1, 2, 1, False, 1, (0, 1))
('state', 6, 662, ((1, 3), (2, 3), (2, 6), (4, 5), (4, 6)), 1077, 0, 2, 3, True, 3, (3, 0))
('state', 6, 663, ((1, 3), (2, 3), (2, 6), (4, 5), (5, 6)), 903, 0, 2, 4, True, 4, (3, 1))
('state', 6, 664, ((1, 3), (2, 3), (2, 6), (4, 6), (5, 6)), 904, 0, 2, 3, True, 3, (3, 0))
('state', 6, 665, ((1, 3), (2, 3), (3, 4), (3, 5), (3, 6)), 341, 1, 2, 0, False, 0, (0, 0))
('state', 6, 666, ((1, 3), (2, 3), (3, 4), (3, 5), (4, 6)), 1206, 1, 2, 0, False, 0, (0, 0))
('state', 6, 667, ((1, 3), (2, 3), (3, 4), (3, 5), (5, 6)), 1207, 1, 2, 0, False, 0, (0, 0))
('state', 6, 668, ((1, 3), (2, 3), (3, 4), (3, 6), (4, 5)), 1083, 1, 2, 0, False, 0, (0, 0))
('state', 6, 669, ((1, 3), (2, 3), (3, 4), (3, 6), (5, 6)), 1084, 1, 2, 0, False, 0, (0, 0))
('state', 6, 670, ((1, 3), (2, 3), (3, 4), (4, 5), (4, 6)), 1085, 1, 2, 0, False, 0, (0, 0))
('state', 6, 671, ((1, 3), (2, 3), (3, 4), (4, 5), (5, 6)), 1211, 1, 2, 0, False, 0, (0, 0))
('state', 6, 672, ((1, 3), (2, 3), (3, 4), (4, 6), (5, 6)), 1087, 1, 2, 0, False, 0, (0, 0))
('state', 6, 673, ((1, 3), (2, 3), (3, 5), (3, 6), (4, 5)), 913, 1, 2, 0, False, 0, (0, 0))
('state', 6, 674, ((1, 3), (2, 3), (3, 5), (3, 6), (4, 6)), 914, 1, 2, 0, False, 0, (0, 0))
('state', 6, 675, ((1, 3), (2, 3), (3, 5), (4, 5), (4, 6)), 1215, 1, 2, 0, False, 0, (0, 0))
('state', 6, 676, ((1, 3), (2, 3), (3, 5), (4, 5), (5, 6)), 916, 1, 2, 0, False, 0, (0, 0))
('state', 6, 677, ((1, 3), (2, 3), (3, 5), (4, 6), (5, 6)), 917, 1, 2, 0, False, 0, (0, 0))
('state', 6, 678, ((1, 3), (2, 3), (3, 6), (4, 5), (4, 6)), 1093, 1, 2, 0, False, 0, (0, 0))
('state', 6, 679, ((1, 3), (2, 3), (3, 6), (4, 5), (5, 6)), 919, 1, 2, 0, False, 0, (0, 0))
('state', 6, 680, ((1, 3), (2, 3), (3, 6), (4, 6), (5, 6)), 920, 1, 2, 0, False, 0, (0, 0))
('state', 6, 681, ((1, 3), (2, 4), (2, 5), (2, 6), (3, 4)), 1096, 0, 2, 3, True, 3, (3, 0))
('state', 6, 682, ((1, 3), (2, 4), (2, 5), (2, 6), (3, 5)), 922, 0, 2, 3, True, 3, (3, 0))
('state', 6, 683, ((1, 3), (2, 4), (2, 5), (2, 6), (3, 6)), 923, 0, 2, 3, True, 3, (3, 0))
('state', 6, 684, ((1, 3), (2, 4), (2, 5), (3, 4), (3, 6)), 1099, 1, 2, 0, False, 0, (0, 0))
('state', 6, 685, ((1, 3), (2, 4), (2, 5), (3, 4), (4, 6)), 1100, 0, 2, 2, True, 2, (2, 0))
('state', 6, 686, ((1, 3), (2, 4), (2, 5), (3, 4), (5, 6)), 1226, 0, 2, 3, True, 3, (3, 0))
('state', 6, 687, ((1, 3), (2, 4), (2, 5), (3, 5), (3, 6)), 927, 1, 2, 0, False, 0, (0, 0))
('state', 6, 688, ((1, 3), (2, 4), (2, 5), (3, 5), (4, 6)), 1228, 0, 2, 3, True, 3, (3, 0))
('state', 6, 689, ((1, 3), (2, 4), (2, 5), (3, 5), (5, 6)), 929, 0, 2, 2, True, 2, (2, 0))
('state', 6, 690, ((1, 3), (2, 4), (2, 5), (3, 6), (4, 6)), 1105, 0, 2, 3, True, 3, (3, 0))
('state', 6, 691, ((1, 3), (2, 4), (2, 5), (3, 6), (5, 6)), 931, 0, 2, 3, True, 3, (3, 0))
('state', 6, 692, ((1, 3), (2, 4), (2, 6), (3, 4), (3, 5)), 1232, 1, 2, 0, False, 0, (0, 0))
('state', 6, 693, ((1, 3), (2, 4), (2, 6), (3, 4), (4, 5)), 1233, 0, 2, 2, True, 2, (2, 0))
('state', 6, 694, ((1, 3), (2, 4), (2, 6), (3, 4), (5, 6)), 1109, 0, 2, 4, True, 4, (3, 1))
('state', 6, 695, ((1, 3), (2, 4), (2, 6), (3, 5), (3, 6)), 935, 1, 2, 0, False, 0, (0, 0))
('state', 6, 696, ((1, 3), (2, 4), (2, 6), (3, 5), (4, 5)), 1236, 0, 2, 3, True, 3, (3, 0))
('state', 6, 697, ((1, 3), (2, 4), (2, 6), (3, 5), (5, 6)), 937, 0, 2, 3, True, 3, (3, 0))
('state', 6, 698, ((1, 3), (2, 4), (2, 6), (3, 6), (4, 5)), 1113, 0, 2, 3, True, 3, (3, 0))
('state', 6, 699, ((1, 3), (2, 4), (2, 6), (3, 6), (5, 6)), 939, 0, 2, 2, True, 2, (2, 0))
('state', 6, 700, ((1, 3), (2, 4), (3, 4), (3, 5), (3, 6)), 376, 1, 2, 1, False, 1, (0, 1))
('state', 6, 701, ((1, 3), (2, 4), (3, 4), (3, 5), (4, 6)), 377, 1, 2, 0, False, 0, (0, 0))
('state', 6, 702, ((1, 3), (2, 4), (3, 4), (3, 5), (5, 6)), 378, 1, 2, 0, False, 0, (0, 0))
('state', 6, 703, ((1, 3), (2, 4), (3, 4), (3, 6), (4, 5)), 379, 1, 2, 0, False, 0, (0, 0))
('state', 6, 704, ((1, 3), (2, 4), (3, 4), (3, 6), (5, 6)), 380, 1, 2, 0, False, 0, (0, 0))
('state', 6, 705, ((1, 3), (2, 4), (3, 4), (4, 5), (4, 6)), 381, 0, 2, 1, True, 1, (1, 0))
('state', 6, 706, ((1, 3), (2, 4), (3, 4), (4, 5), (5, 6)), 1246, 1, 2, 0, False, 0, (0, 0))
('state', 6, 707, ((1, 3), (2, 4), (3, 4), (4, 6), (5, 6)), 1122, 1, 2, 0, False, 0, (0, 0))
('state', 6, 708, ((1, 3), (2, 4), (3, 5), (3, 6), (4, 5)), 384, 1, 2, 1, False, 1, (0, 1))
('state', 6, 709, ((1, 3), (2, 4), (3, 5), (3, 6), (4, 6)), 385, 1, 2, 1, False, 1, (0, 1))
('state', 6, 710, ((1, 3), (2, 4), (3, 5), (4, 5), (4, 6)), 386, 0, 2, 3, True, 3, (3, 0))
('state', 6, 711, ((1, 3), (2, 4), (3, 5), (4, 5), (5, 6)), 387, 0, 2, 3, True, 3, (2, 1))
('state', 6, 712, ((1, 3), (2, 4), (3, 5), (4, 6), (5, 6)), 388, 0, 2, 3, True, 3, (2, 1))
('state', 6, 713, ((1, 3), (2, 4), (3, 6), (4, 5), (4, 6)), 389, 0, 2, 3, True, 3, (3, 0))
('state', 6, 714, ((1, 3), (2, 4), (3, 6), (4, 5), (5, 6)), 390, 0, 2, 3, True, 3, (2, 1))
('state', 6, 715, ((1, 3), (2, 4), (3, 6), (4, 6), (5, 6)), 391, 0, 2, 3, True, 3, (2, 1))
('state', 6, 716, ((1, 3), (2, 5), (2, 6), (3, 4), (3, 5)), 1256, 1, 2, 0, False, 0, (0, 0))
('state', 6, 717, ((1, 3), (2, 5), (2, 6), (3, 4), (3, 6)), 1132, 1, 2, 0, False, 0, (0, 0))
('state', 6, 718, ((1, 3), (2, 5), (2, 6), (3, 4), (4, 5)), 1258, 0, 2, 3, True, 3, (3, 0))
('state', 6, 719, ((1, 3), (2, 5), (2, 6), (3, 4), (4, 6)), 1134, 0, 2, 3, True, 3, (3, 0))
('state', 6, 720, ((1, 3), (2, 5), (2, 6), (3, 5), (4, 5)), 1260, 0, 2, 2, True, 2, (2, 0))
('state', 6, 721, ((1, 3), (2, 5), (2, 6), (3, 5), (4, 6)), 961, 0, 2, 4, True, 4, (3, 1))
('state', 6, 722, ((1, 3), (2, 5), (2, 6), (3, 6), (4, 5)), 962, 0, 2, 4, True, 4, (3, 1))
('state', 6, 723, ((1, 3), (2, 5), (2, 6), (3, 6), (4, 6)), 1138, 0, 2, 2, True, 2, (2, 0))
('state', 6, 724, ((1, 3), (2, 5), (3, 4), (3, 5), (3, 6)), 400, 1, 2, 0, False, 0, (0, 0))
('state', 6, 725, ((1, 3), (2, 5), (3, 4), (3, 5), (4, 6)), 401, 1, 2, 0, False, 0, (0, 0))
('state', 6, 726, ((1, 3), (2, 5), (3, 4), (3, 5), (5, 6)), 402, 1, 2, 0, False, 0, (0, 0))
('state', 6, 727, ((1, 3), (2, 5), (3, 4), (3, 6), (4, 5)), 403, 1, 2, 1, False, 1, (0, 1))
('state', 6, 728, ((1, 3), (2, 5), (3, 4), (3, 6), (5, 6)), 404, 1, 2, 1, False, 1, (0, 1))
('state', 6, 729, ((1, 3), (2, 5), (3, 4), (4, 5), (4, 6)), 405, 0, 2, 3, True, 3, (2, 1))
('state', 6, 730, ((1, 3), (2, 5), (3, 4), (4, 5), (5, 6)), 406, 0, 2, 3, True, 3, (3, 0))
('state', 6, 731, ((1, 3), (2, 5), (3, 4), (4, 6), (5, 6)), 407, 0, 2, 3, True, 3, (2, 1))
('state', 6, 732, ((1, 3), (2, 5), (3, 5), (3, 6), (4, 5)), 408, 1, 2, 0, False, 0, (0, 0))
('state', 6, 733, ((1, 3), (2, 5), (3, 5), (3, 6), (4, 6)), 409, 1, 2, 0, False, 0, (0, 0))
('state', 6, 734, ((1, 3), (2, 5), (3, 5), (4, 5), (4, 6)), 1274, 1, 2, 0, False, 0, (0, 0))
('state', 6, 735, ((1, 3), (2, 5), (3, 5), (4, 5), (5, 6)), 411, 0, 2, 1, True, 1, (1, 0))
('state', 6, 736, ((1, 3), (2, 5), (3, 5), (4, 6), (5, 6)), 976, 1, 2, 0, False, 0, (0, 0))
('state', 6, 737, ((1, 3), (2, 5), (3, 6), (4, 5), (4, 6)), 413, 0, 2, 3, True, 3, (2, 1))
('state', 6, 738, ((1, 3), (2, 5), (3, 6), (4, 5), (5, 6)), 414, 0, 2, 3, True, 3, (3, 0))
('state', 6, 739, ((1, 3), (2, 5), (3, 6), (4, 6), (5, 6)), 415, 0, 2, 2, True, 2, (2, 0))
('state', 6, 740, ((1, 3), (2, 6), (3, 4), (3, 5), (3, 6)), 416, 1, 2, 0, False, 0, (0, 0))
('state', 6, 741, ((1, 3), (2, 6), (3, 4), (3, 5), (4, 6)), 417, 1, 2, 1, False, 1, (0, 1))
('state', 6, 742, ((1, 3), (2, 6), (3, 4), (3, 5), (5, 6)), 418, 1, 2, 1, False, 1, (0, 1))
('state', 6, 743, ((1, 3), (2, 6), (3, 4), (3, 6), (4, 5)), 419, 1, 2, 0, False, 0, (0, 0))
('state', 6, 744, ((1, 3), (2, 6), (3, 4), (3, 6), (5, 6)), 420, 1, 2, 0, False, 0, (0, 0))
('state', 6, 745, ((1, 3), (2, 6), (3, 4), (4, 5), (4, 6)), 421, 0, 2, 2, True, 2, (2, 0))
('state', 6, 746, ((1, 3), (2, 6), (3, 4), (4, 5), (5, 6)), 422, 0, 2, 3, True, 3, (2, 1))
('state', 6, 747, ((1, 3), (2, 6), (3, 4), (4, 6), (5, 6)), 423, 0, 2, 3, True, 3, (3, 0))
('state', 6, 748, ((1, 3), (2, 6), (3, 5), (3, 6), (4, 5)), 424, 1, 2, 0, False, 0, (0, 0))
('state', 6, 749, ((1, 3), (2, 6), (3, 5), (3, 6), (4, 6)), 425, 1, 2, 0, False, 0, (0, 0))
('state', 6, 750, ((1, 3), (2, 6), (3, 5), (4, 5), (4, 6)), 426, 0, 2, 3, True, 3, (2, 1))
('state', 6, 751, ((1, 3), (2, 6), (3, 5), (4, 5), (5, 6)), 427, 0, 2, 2, True, 2, (2, 0))
('state', 6, 752, ((1, 3), (2, 6), (3, 5), (4, 6), (5, 6)), 428, 0, 2, 3, True, 3, (3, 0))
('state', 6, 753, ((1, 3), (2, 6), (3, 6), (4, 5), (4, 6)), 1168, 1, 2, 0, False, 0, (0, 0))
('state', 6, 754, ((1, 3), (2, 6), (3, 6), (4, 5), (5, 6)), 994, 1, 2, 0, False, 0, (0, 0))
('state', 6, 755, ((1, 3), (2, 6), (3, 6), (4, 6), (5, 6)), 431, 0, 2, 1, True, 1, (1, 0))
('state', 6, 756, ((1, 4), (1, 5), (1, 6), (2, 3), (2, 4)), 763, 1, 2, 0, False, 0, (0, 0))
('state', 6, 757, ((1, 4), (1, 5), (1, 6), (2, 3), (2, 5)), 765, 1, 2, 0, False, 0, (0, 0))
('state', 6, 758, ((1, 4), (1, 5), (1, 6), (2, 3), (2, 6)), 768, 2, 2, 0, False, 0, (0, 0))
('state', 6, 759, ((1, 4), (1, 5), (1, 6), (2, 3), (3, 4)), 765, 0, 2, 3, True, 3, (3, 0))
('state', 6, 760, ((1, 4), (1, 5), (1, 6), (2, 3), (3, 5)), 763, 0, 2, 3, True, 3, (3, 0))
('state', 6, 761, ((1, 4), (1, 5), (1, 6), (2, 3), (3, 6)), 764, 0, 2, 3, True, 3, (3, 0))
('state', 6, 762, ((1, 4), (1, 5), (1, 6), (2, 4), (3, 4)), 765, 1, 2, 0, False, 0, (0, 0))
('state', 6, 763, ((1, 4), (1, 5), (1, 6), (2, 4), (3, 5)), 760, 0, 2, 3, True, 3, (2, 1))
('state', 6, 764, ((1, 4), (1, 5), (1, 6), (2, 4), (3, 6)), 761, 0, 2, 2, True, 2, (2, 0))
('state', 6, 765, ((1, 4), (1, 5), (1, 6), (2, 5), (3, 4)), 759, 0, 2, 3, True, 3, (2, 1))
('state', 6, 766, ((1, 4), (1, 5), (1, 6), (2, 5), (3, 5)), 763, 1, 2, 0, False, 0, (0, 0))
('state', 6, 767, ((1, 4), (1, 5), (1, 6), (2, 5), (3, 6)), 761, 1, 2, 0, False, 0, (0, 0))
('state', 6, 768, ((1, 4), (1, 5), (1, 6), (2, 6), (3, 4)), 759, 1, 2, 1, False, 1, (0, 1))
('state', 6, 769, ((1, 4), (1, 5), (1, 6), (2, 6), (3, 5)), 760, 1, 2, 0, False, 0, (0, 0))
('state', 6, 770, ((1, 4), (1, 5), (1, 6), (2, 6), (3, 6)), 764, 1, 2, 0, False, 0, (0, 0))
('state', 6, 771, ((1, 4), (1, 5), (2, 3), (2, 4), (2, 6)), 792, 1, 2, 0, False, 0, (0, 0))
('state', 6, 772, ((1, 4), (1, 5), (2, 3), (2, 4), (3, 6)), 882, 1, 2, 0, False, 0, (0, 0))
('state', 6, 773, ((1, 4), (1, 5), (2, 3), (2, 4), (4, 6)), 798, 2, 2, 0, False, 0, (0, 0))
('state', 6, 774, ((1, 4), (1, 5), (2, 3), (2, 4), (5, 6)), 801, 1, 2, 0, False, 0, (0, 0))
('state', 6, 775, ((1, 4), (1, 5), (2, 3), (2, 5), (2, 6)), 802, 1, 2, 0, False, 0, (0, 0))
('state', 6, 776, ((1, 4), (1, 5), (2, 3), (2, 5), (3, 6)), 1068, 1, 2, 0, False, 0, (0, 0))
('state', 6, 777, ((1, 4), (1, 5), (2, 3), (2, 5), (4, 6)), 811, 1, 2, 0, False, 0, (0, 0))
('state', 6, 778, ((1, 4), (1, 5), (2, 3), (2, 5), (5, 6)), 807, 2, 2, 0, False, 0, (0, 0))
('state', 6, 779, ((1, 4), (1, 5), (2, 3), (2, 6), (3, 4)), 899, 1, 2, 0, False, 0, (0, 0))
('state', 6, 780, ((1, 4), (1, 5), (2, 3), (2, 6), (3, 5)), 1076, 1, 2, 0, False, 0, (0, 0))
('state', 6, 781, ((1, 4), (1, 5), (2, 3), (2, 6), (4, 6)), 817, 1, 2, 0, False, 0, (0, 0))
('state', 6, 782, ((1, 4), (1, 5), (2, 3), (2, 6), (5, 6)), 815, 1, 2, 0, False, 0, (0, 0))
('state', 6, 783, ((1, 4), (1, 5), (2, 3), (3, 4), (3, 6)), 805, 1, 2, 0, False, 0, (0, 0))
('state', 6, 784, ((1, 4), (1, 5), (2, 3), (3, 4), (4, 6)), 806, 0, 2, 2, True, 2, (2, 0))
('state', 6, 785, ((1, 4), (1, 5), (2, 3), (3, 4), (5, 6)), 815, 0, 2, 3, True, 3, (3, 0))
('state', 6, 786, ((1, 4), (1, 5), (2, 3), (3, 5), (3, 6)), 797, 1, 2, 0, False, 0, (0, 0))
('state', 6, 787, ((1, 4), (1, 5), (2, 3), (3, 5), (4, 6)), 817, 0, 2, 3, True, 3, (3, 0))
('state', 6, 788, ((1, 4), (1, 5), (2, 3), (3, 5), (5, 6)), 799, 0, 2, 2, True, 2, (2, 0))
('state', 6, 789, ((1, 4), (1, 5), (2, 3), (3, 6), (4, 6)), 811, 0, 2, 3, True, 3, (3, 0))
('state', 6, 790, ((1, 4), (1, 5), (2, 3), (3, 6), (5, 6)), 801, 0, 2, 3, True, 3, (3, 0))
('state', 6, 791, ((1, 4), (1, 5), (2, 4), (2, 6), (3, 4)), 792, 1, 2, 0, False, 0, (0, 0))
('state', 6, 792, ((1, 4), (1, 5), (2, 4), (2, 6), (3, 5)), 793, 0, 2, 3, True, 3, (3, 0))
('state', 6, 793, ((1, 4), (1, 5), (2, 4), (2, 6), (3, 6)), 792, 0, 2, 2, True, 2, (2, 0))
('state', 6, 794, ((1, 4), (1, 5), (2, 4), (3, 4), (3, 6)), 805, 1, 2, 0, False, 0, (0, 0))
('state', 6, 795, ((1, 4), (1, 5), (2, 4), (3, 4), (4, 6)), 806, 1, 2, 0, False, 0, (0, 0))
('state', 6, 796, ((1, 4), (1, 5), (2, 4), (3, 4), (5, 6)), 815, 1, 2, 0, False, 0, (0, 0))
('state', 6, 797, ((1, 4), (1, 5), (2, 4), (3, 5), (3, 6)), 816, 0, 2, 3, True, 3, (3, 0))
('state', 6, 798, ((1, 4), (1, 5), (2, 4), (3, 5), (4, 6)), 787, 1, 2, 1, False, 1, (0, 1))
('state', 6, 799, ((1, 4), (1, 5), (2, 4), (3, 5), (5, 6)), 788, 0, 2, 3, True, 3, (3, 0))
('state', 6, 800, ((1, 4), (1, 5), (2, 4), (3, 6), (4, 6)), 789, 1, 2, 0, False, 0, (0, 0))
('state', 6, 801, ((1, 4), (1, 5), (2, 4), (3, 6), (5, 6)), 790, 0, 2, 3, True, 3, (2, 1))
('state', 6, 802, ((1, 4), (1, 5), (2, 5), (2, 6), (3, 4)), 804, 0, 2, 3, True, 3, (3, 0))
('state', 6, 803, ((1, 4), (1, 5), (2, 5), (2, 6), (3, 5)), 802, 1, 2, 0, False, 0, (0, 0))
('state', 6, 804, ((1, 4), (1, 5), (2, 5), (2, 6), (3, 6)), 802, 0, 2, 2, True, 2, (2, 0))
('state', 6, 805, ((1, 4), (1, 5), (2, 5), (3, 4), (3, 6)), 813, 0, 2, 3, True, 3, (3, 0))
('state', 6, 806, ((1, 4), (1, 5), (2, 5), (3, 4), (4, 6)), 784, 0, 2, 3, True, 3, (3, 0))
('state', 6, 807, ((1, 4), (1, 5), (2, 5), (3, 4), (5, 6)), 785, 1, 2, 1, False, 1, (0, 1))
('state', 6, 808, ((1, 4), (1, 5), (2, 5), (3, 5), (3, 6)), 797, 1, 2, 0, False, 0, (0, 0))
('state', 6, 809, ((1, 4), (1, 5), (2, 5), (3, 5), (4, 6)), 817, 1, 2, 0, False, 0, (0, 0))
('state', 6, 810, ((1, 4), (1, 5), (2, 5), (3, 5), (5, 6)), 799, 1, 2, 0, False, 0, (0, 0))
('state', 6, 811, ((1, 4), (1, 5), (2, 5), (3, 6), (4, 6)), 789, 0, 2, 3, True, 3, (2, 1))
('state', 6, 812, ((1, 4), (1, 5), (2, 5), (3, 6), (5, 6)), 790, 1, 2, 0, False, 0, (0, 0))
('state', 6, 813, ((1, 4), (1, 5), (2, 6), (3, 4), (3, 6)), 805, 0, 2, 2, True, 2, (2, 0))
('state', 6, 814, ((1, 4), (1, 5), (2, 6), (3, 4), (4, 6)), 806, 1, 2, 0, False, 0, (0, 0))
('state', 6, 815, ((1, 4), (1, 5), (2, 6), (3, 4), (5, 6)), 785, 0, 2, 3, True, 3, (2, 1))
('state', 6, 816, ((1, 4), (1, 5), (2, 6), (3, 5), (3, 6)), 797, 0, 2, 2, True, 2, (2, 0))
('state', 6, 817, ((1, 4), (1, 5), (2, 6), (3, 5), (4, 6)), 787, 0, 2, 3, True, 3, (2, 1))
('state', 6, 818, ((1, 4), (1, 5), (2, 6), (3, 5), (5, 6)), 799, 1, 2, 0, False, 0, (0, 0))
('state', 6, 819, ((1, 4), (1, 5), (2, 6), (3, 6), (4, 6)), 811, 1, 2, 0, False, 0, (0, 0))
('state', 6, 820, ((1, 4), (1, 5), (2, 6), (3, 6), (5, 6)), 801, 1, 2, 0, False, 0, (0, 0))
('state', 6, 821, ((1, 4), (1, 6), (2, 3), (2, 4), (2, 5)), 843, 1, 2, 0, False, 0, (0, 0))
('state', 6, 822, ((1, 4), (1, 6), (2, 3), (2, 4), (3, 5)), 824, 2, 2, 0, False, 0, (0, 0))
('state', 6, 823, ((1, 4), (1, 6), (2, 3), (2, 4), (4, 5)), 850, 2, 2, 0, False, 0, (0, 0))
('state', 6, 824, ((1, 4), (1, 6), (2, 3), (2, 4), (5, 6)), 849, 1, 2, 1, False, 1, (0, 1))
('state', 6, 825, ((1, 4), (1, 6), (2, 3), (2, 5), (2, 6)), 852, 1, 2, 0, False, 0, (0, 0))
('state', 6, 826, ((1, 4), (1, 6), (2, 3), (2, 5), (3, 4)), 835, 1, 2, 0, False, 0, (0, 0))
('state', 6, 827, ((1, 4), (1, 6), (2, 3), (2, 5), (3, 6)), 1192, 1, 2, 0, False, 0, (0, 0))
('state', 6, 828, ((1, 4), (1, 6), (2, 3), (2, 5), (4, 5)), 861, 1, 2, 0, False, 0, (0, 0))
('state', 6, 829, ((1, 4), (1, 6), (2, 3), (2, 5), (5, 6)), 857, 1, 2, 0, False, 0, (0, 0))
('state', 6, 830, ((1, 4), (1, 6), (2, 3), (2, 6), (3, 5)), 1200, 1, 2, 0, False, 0, (0, 0))
('state', 6, 831, ((1, 4), (1, 6), (2, 3), (2, 6), (4, 5)), 867, 1, 2, 0, False, 0, (0, 0))
('state', 6, 832, ((1, 4), (1, 6), (2, 3), (2, 6), (5, 6)), 865, 2, 2, 0, False, 0, (0, 0))
('state', 6, 833, ((1, 4), (1, 6), (2, 3), (3, 4), (3, 5)), 863, 1, 2, 0, False, 0, (0, 0))
('state', 6, 834, ((1, 4), (1, 6), (2, 3), (3, 4), (4, 5)), 864, 0, 2, 2, True, 2, (2, 0))
('state', 6, 835, ((1, 4), (1, 6), (2, 3), (3, 4), (5, 6)), 857, 0, 2, 4, True, 4, (3, 1))
('state', 6, 836, ((1, 4), (1, 6), (2, 3), (3, 5), (3, 6)), 847, 1, 2, 0, False, 0, (0, 0))
('state', 6, 837, ((1, 4), (1, 6), (2, 3), (3, 5), (4, 5)), 867, 0, 2, 3, True, 3, (3, 0))
('state', 6, 838, ((1, 4), (1, 6), (2, 3), (3, 5), (5, 6)), 849, 0, 2, 3, True, 3, (3, 0))
('state', 6, 839, ((1, 4), (1, 6), (2, 3), (3, 6), (4, 5)), 861, 0, 2, 3, True, 3, (3, 0))
('state', 6, 840, ((1, 4), (1, 6), (2, 3), (3, 6), (5, 6)), 851, 0, 2, 2, True, 2, (2, 0))
('state', 6, 841, ((1, 4), (1, 6), (2, 4), (2, 5), (3, 4)), 842, 1, 2, 0, False, 0, (0, 0))
('state', 6, 842, ((1, 4), (1, 6), (2, 4), (2, 5), (3, 5)), 843, 0, 2, 3, True, 3, (3, 0))
('state', 6, 843, ((1, 4), (1, 6), (2, 4), (2, 5), (3, 6)), 842, 0, 2, 2, True, 2, (2, 0))
('state', 6, 844, ((1, 4), (1, 6), (2, 4), (3, 4), (3, 5)), 855, 1, 2, 0, False, 0, (0, 0))
('state', 6, 845, ((1, 4), (1, 6), (2, 4), (3, 4), (4, 5)), 864, 1, 2, 0, False, 0, (0, 0))
('state', 6, 846, ((1, 4), (1, 6), (2, 4), (3, 4), (5, 6)), 857, 1, 2, 0, False, 0, (0, 0))
('state', 6, 847, ((1, 4), (1, 6), (2, 4), (3, 5), (3, 6)), 858, 0, 2, 3, True, 3, (3, 0))
('state', 6, 848, ((1, 4), (1, 6), (2, 4), (3, 5), (4, 5)), 837, 1, 2, 0, False, 0, (0, 0))
('state', 6, 849, ((1, 4), (1, 6), (2, 4), (3, 5), (5, 6)), 838, 0, 2, 3, True, 3, (2, 1))
('state', 6, 850, ((1, 4), (1, 6), (2, 4), (3, 6), (4, 5)), 839, 1, 2, 1, False, 1, (0, 1))
('state', 6, 851, ((1, 4), (1, 6), (2, 4), (3, 6), (5, 6)), 840, 0, 2, 3, True, 3, (3, 0))
('state', 6, 852, ((1, 4), (1, 6), (2, 5), (2, 6), (3, 4)), 853, 0, 2, 3, True, 3, (3, 0))
('state', 6, 853, ((1, 4), (1, 6), (2, 5), (2, 6), (3, 5)), 852, 0, 2, 2, True, 2, (2, 0))
('state', 6, 854, ((1, 4), (1, 6), (2, 5), (2, 6), (3, 6)), 852, 1, 2, 0, False, 0, (0, 0))
('state', 6, 855, ((1, 4), (1, 6), (2, 5), (3, 4), (3, 5)), 863, 0, 2, 3, True, 3, (3, 0))
('state', 6, 856, ((1, 4), (1, 6), (2, 5), (3, 4), (4, 5)), 864, 1, 2, 0, False, 0, (0, 0))
('state', 6, 857, ((1, 4), (1, 6), (2, 5), (3, 4), (5, 6)), 835, 0, 2, 3, True, 3, (2, 1))
('state', 6, 858, ((1, 4), (1, 6), (2, 5), (3, 5), (3, 6)), 847, 0, 2, 2, True, 2, (2, 0))
('state', 6, 859, ((1, 4), (1, 6), (2, 5), (3, 5), (4, 5)), 867, 1, 2, 0, False, 0, (0, 0))
('state', 6, 860, ((1, 4), (1, 6), (2, 5), (3, 5), (5, 6)), 849, 1, 2, 0, False, 0, (0, 0))
('state', 6, 861, ((1, 4), (1, 6), (2, 5), (3, 6), (4, 5)), 839, 0, 2, 3, True, 3, (2, 1))
('state', 6, 862, ((1, 4), (1, 6), (2, 5), (3, 6), (5, 6)), 851, 1, 2, 0, False, 0, (0, 0))
('state', 6, 863, ((1, 4), (1, 6), (2, 6), (3, 4), (3, 5)), 855, 0, 2, 2, True, 2, (2, 0))
('state', 6, 864, ((1, 4), (1, 6), (2, 6), (3, 4), (4, 5)), 834, 0, 2, 3, True, 3, (3, 0))
('state', 6, 865, ((1, 4), (1, 6), (2, 6), (3, 4), (5, 6)), 835, 1, 2, 1, False, 1, (0, 1))
('state', 6, 866, ((1, 4), (1, 6), (2, 6), (3, 5), (3, 6)), 847, 1, 2, 0, False, 0, (0, 0))
('state', 6, 867, ((1, 4), (1, 6), (2, 6), (3, 5), (4, 5)), 837, 0, 2, 3, True, 3, (2, 1))
('state', 6, 868, ((1, 4), (1, 6), (2, 6), (3, 5), (5, 6)), 838, 1, 2, 0, False, 0, (0, 0))
('state', 6, 869, ((1, 4), (1, 6), (2, 6), (3, 6), (4, 5)), 861, 1, 2, 0, False, 0, (0, 0))
('state', 6, 870, ((1, 4), (1, 6), (2, 6), (3, 6), (5, 6)), 851, 1, 2, 0, False, 0, (0, 0))
('state', 6, 871, ((1, 4), (2, 3), (2, 4), (2, 5), (2, 6)), 631, 0, 2, 1, True, 1, (1, 0))
('state', 6, 872, ((1, 4), (2, 3), (2, 4), (2, 5), (3, 6)), 1172, 0, 2, 2, True, 2, (2, 0))
('state', 6, 873, ((1, 4), (2, 3), (2, 4), (2, 5), (4, 6)), 633, 1, 2, 0, False, 0, (0, 0))
('state', 6, 874, ((1, 4), (2, 3), (2, 4), (2, 5), (5, 6)), 1174, 1, 2, 0, False, 0, (0, 0))
('state', 6, 875, ((1, 4), (2, 3), (2, 4), (2, 6), (3, 5)), 1050, 0, 2, 2, True, 2, (2, 0))
('state', 6, 876, ((1, 4), (2, 3), (2, 4), (2, 6), (4, 5)), 636, 1, 2, 0, False, 0, (0, 0))
('state', 6, 877, ((1, 4), (2, 3), (2, 4), (2, 6), (5, 6)), 1052, 1, 2, 0, False, 0, (0, 0))
('state', 6, 878, ((1, 4), (2, 3), (2, 4), (3, 5), (3, 6)), 1053, 0, 2, 3, True, 3, (3, 0))
('state', 6, 879, ((1, 4), (2, 3), (2, 4), (3, 5), (4, 6)), 1054, 1, 2, 0, False, 0, (0, 0))
('state', 6, 880, ((1, 4), (2, 3), (2, 4), (3, 5), (5, 6)), 1180, 0, 2, 3, True, 3, (3, 0))
('state', 6, 881, ((1, 4), (2, 3), (2, 4), (3, 6), (4, 5)), 1181, 1, 2, 0, False, 0, (0, 0))
('state', 6, 882, ((1, 4), (2, 3), (2, 4), (3, 6), (5, 6)), 1057, 0, 2, 4, True, 4, (3, 1))
('state', 6, 883, ((1, 4), (2, 3), (2, 4), (4, 5), (4, 6)), 643, 1, 2, 0, False, 0, (0, 0))
('state', 6, 884, ((1, 4), (2, 3), (2, 4), (4, 5), (5, 6)), 644, 1, 2, 0, False, 0, (0, 0))
('state', 6, 885, ((1, 4), (2, 3), (2, 4), (4, 6), (5, 6)), 645, 1, 2, 0, False, 0, (0, 0))
('state', 6, 886, ((1, 4), (2, 3), (2, 5), (2, 6), (3, 4)), 1061, 0, 2, 3, True, 3, (3, 0))
('state', 6, 887, ((1, 4), (2, 3), (2, 5), (2, 6), (4, 5)), 647, 0, 2, 3, True, 3, (3, 0))
('state', 6, 888, ((1, 4), (2, 3), (2, 5), (2, 6), (4, 6)), 648, 0, 2, 3, True, 3, (3, 0))
('state', 6, 889, ((1, 4), (2, 3), (2, 5), (3, 4), (3, 6)), 1064, 0, 2, 2, True, 2, (2, 0))
('state', 6, 890, ((1, 4), (2, 3), (2, 5), (3, 4), (4, 6)), 1065, 1, 2, 0, False, 0, (0, 0))
('state', 6, 891, ((1, 4), (2, 3), (2, 5), (3, 4), (5, 6)), 1191, 0, 2, 3, True, 3, (3, 0))
('state', 6, 892, ((1, 4), (2, 3), (2, 5), (3, 6), (4, 5)), 1192, 0, 2, 3, True, 3, (3, 0))
('state', 6, 893, ((1, 4), (2, 3), (2, 5), (3, 6), (4, 6)), 1068, 0, 2, 3, True, 3, (3, 0))
('state', 6, 894, ((1, 4), (2, 3), (2, 5), (4, 5), (4, 6)), 654, 1, 2, 0, False, 0, (0, 0))
('state', 6, 895, ((1, 4), (2, 3), (2, 5), (4, 5), (5, 6)), 655, 0, 2, 2, True, 2, (2, 0))
('state', 6, 896, ((1, 4), (2, 3), (2, 5), (4, 6), (5, 6)), 656, 0, 2, 2, True, 2, (2, 0))
('state', 6, 897, ((1, 4), (2, 3), (2, 6), (3, 4), (3, 5)), 1197, 0, 2, 2, True, 2, (2, 0))
('state', 6, 898, ((1, 4), (2, 3), (2, 6), (3, 4), (4, 5)), 1198, 1, 2, 0, False, 0, (0, 0))
('state', 6, 899, ((1, 4), (2, 3), (2, 6), (3, 4), (5, 6)), 1074, 0, 2, 4, True, 4, (3, 1))
('state', 6, 900, ((1, 4), (2, 3), (2, 6), (3, 5), (4, 5)), 1200, 0, 2, 3, True, 3, (3, 0))
('state', 6, 901, ((1, 4), (2, 3), (2, 6), (3, 5), (4, 6)), 1076, 0, 2, 3, True, 3, (3, 0))
('state', 6, 902, ((1, 4), (2, 3), (2, 6), (4, 5), (4, 6)), 662, 1, 2, 0, False, 0, (0, 0))
('state', 6, 903, ((1, 4), (2, 3), (2, 6), (4, 5), (5, 6)), 663, 0, 2, 2, True, 2, (2, 0))
('state', 6, 904, ((1, 4), (2, 3), (2, 6), (4, 6), (5, 6)), 664, 0, 2, 2, True, 2, (2, 0))
('state', 6, 905, ((1, 4), (2, 3), (3, 4), (3, 5), (3, 6)), 341, 0, 2, 1, True, 1, (1, 0))
('state', 6, 906, ((1, 4), (2, 3), (3, 4), (3, 5), (4, 6)), 342, 1, 2, 0, False, 0, (0, 0))
('state', 6, 907, ((1, 4), (2, 3), (3, 4), (3, 5), (5, 6)), 1207, 1, 2, 0, False, 0, (0, 0))
('state', 6, 908, ((1, 4), (2, 3), (3, 4), (3, 6), (4, 5)), 344, 1, 2, 0, False, 0, (0, 0))
('state', 6, 909, ((1, 4), (2, 3), (3, 4), (3, 6), (5, 6)), 1084, 1, 2, 0, False, 0, (0, 0))
('state', 6, 910, ((1, 4), (2, 3), (3, 4), (4, 5), (4, 6)), 346, 1, 2, 1, False, 1, (0, 1))
('state', 6, 911, ((1, 4), (2, 3), (3, 4), (4, 5), (5, 6)), 347, 1, 2, 0, False, 0, (0, 0))
('state', 6, 912, ((1, 4), (2, 3), (3, 4), (4, 6), (5, 6)), 348, 1, 2, 0, False, 0, (0, 0))
('state', 6, 913, ((1, 4), (2, 3), (3, 5), (3, 6), (4, 5)), 349, 0, 2, 3, True, 3, (3, 0))
('state', 6, 914, ((1, 4), (2, 3), (3, 5), (3, 6), (4, 6)), 350, 0, 2, 3, True, 3, (3, 0))
('state', 6, 915, ((1, 4), (2, 3), (3, 5), (4, 5), (4, 6)), 351, 1, 2, 1, False, 1, (0, 1))
('state', 6, 916, ((1, 4), (2, 3), (3, 5), (4, 5), (5, 6)), 352, 0, 2, 3, True, 3, (2, 1))
('state', 6, 917, ((1, 4), (2, 3), (3, 5), (4, 6), (5, 6)), 353, 0, 2, 3, True, 3, (2, 1))
('state', 6, 918, ((1, 4), (2, 3), (3, 6), (4, 5), (4, 6)), 354, 1, 2, 1, False, 1, (0, 1))
('state', 6, 919, ((1, 4), (2, 3), (3, 6), (4, 5), (5, 6)), 355, 0, 2, 3, True, 3, (2, 1))
('state', 6, 920, ((1, 4), (2, 3), (3, 6), (4, 6), (5, 6)), 356, 0, 2, 3, True, 3, (2, 1))
('state', 6, 921, ((1, 4), (2, 4), (2, 5), (2, 6), (3, 4)), 1096, 1, 2, 0, False, 0, (0, 0))
('state', 6, 922, ((1, 4), (2, 4), (2, 5), (2, 6), (3, 5)), 682, 0, 2, 3, True, 3, (2, 1))
('state', 6, 923, ((1, 4), (2, 4), (2, 5), (2, 6), (3, 6)), 683, 0, 2, 2, True, 2, (2, 0))
('state', 6, 924, ((1, 4), (2, 4), (2, 5), (3, 4), (3, 6)), 1099, 1, 2, 0, False, 0, (0, 0))
('state', 6, 925, ((1, 4), (2, 4), (2, 5), (3, 4), (4, 6)), 1100, 1, 2, 0, False, 0, (0, 0))
('state', 6, 926, ((1, 4), (2, 4), (2, 5), (3, 4), (5, 6)), 1226, 1, 2, 0, False, 0, (0, 0))
('state', 6, 927, ((1, 4), (2, 4), (2, 5), (3, 5), (3, 6)), 1227, 0, 2, 3, True, 3, (3, 0))
('state', 6, 928, ((1, 4), (2, 4), (2, 5), (3, 5), (4, 6)), 688, 1, 2, 1, False, 1, (0, 1))
('state', 6, 929, ((1, 4), (2, 4), (2, 5), (3, 5), (5, 6)), 689, 0, 2, 3, True, 3, (3, 0))
('state', 6, 930, ((1, 4), (2, 4), (2, 5), (3, 6), (4, 6)), 690, 1, 2, 0, False, 0, (0, 0))
('state', 6, 931, ((1, 4), (2, 4), (2, 5), (3, 6), (5, 6)), 691, 0, 2, 3, True, 3, (2, 1))
('state', 6, 932, ((1, 4), (2, 4), (2, 6), (3, 4), (3, 5)), 1107, 1, 2, 0, False, 0, (0, 0))
('state', 6, 933, ((1, 4), (2, 4), (2, 6), (3, 4), (4, 5)), 1233, 1, 2, 0, False, 0, (0, 0))
('state', 6, 934, ((1, 4), (2, 4), (2, 6), (3, 4), (5, 6)), 1109, 1, 2, 0, False, 0, (0, 0))
('state', 6, 935, ((1, 4), (2, 4), (2, 6), (3, 5), (3, 6)), 1110, 0, 2, 3, True, 3, (3, 0))
('state', 6, 936, ((1, 4), (2, 4), (2, 6), (3, 5), (4, 5)), 696, 1, 2, 0, False, 0, (0, 0))
('state', 6, 937, ((1, 4), (2, 4), (2, 6), (3, 5), (5, 6)), 697, 0, 2, 3, True, 3, (2, 1))
('state', 6, 938, ((1, 4), (2, 4), (2, 6), (3, 6), (4, 5)), 698, 1, 2, 1, False, 1, (0, 1))
('state', 6, 939, ((1, 4), (2, 4), (2, 6), (3, 6), (5, 6)), 699, 0, 2, 3, True, 3, (3, 0))
('state', 6, 940, ((1, 4), (2, 4), (3, 4), (3, 5), (3, 6)), 1115, 1, 2, 0, False, 0, (0, 0))
('state', 6, 941, ((1, 4), (2, 4), (3, 4), (3, 5), (4, 6)), 1116, 1, 2, 0, False, 0, (0, 0))
('state', 6, 942, ((1, 4), (2, 4), (3, 4), (3, 5), (5, 6)), 1242, 1, 2, 0, False, 0, (0, 0))
('state', 6, 943, ((1, 4), (2, 4), (3, 4), (3, 6), (4, 5)), 1243, 1, 2, 0, False, 0, (0, 0))
('state', 6, 944, ((1, 4), (2, 4), (3, 4), (3, 6), (5, 6)), 1119, 1, 2, 0, False, 0, (0, 0))
('state', 6, 945, ((1, 4), (2, 4), (3, 4), (4, 5), (4, 6)), 381, 1, 2, 0, False, 0, (0, 0))
('state', 6, 946, ((1, 4), (2, 4), (3, 4), (4, 5), (5, 6)), 1246, 1, 2, 0, False, 0, (0, 0))
('state', 6, 947, ((1, 4), (2, 4), (3, 4), (4, 6), (5, 6)), 1122, 1, 2, 0, False, 0, (0, 0))
('state', 6, 948, ((1, 4), (2, 4), (3, 5), (3, 6), (4, 5)), 1248, 1, 2, 0, False, 0, (0, 0))
('state', 6, 949, ((1, 4), (2, 4), (3, 5), (3, 6), (4, 6)), 1124, 1, 2, 0, False, 0, (0, 0))
('state', 6, 950, ((1, 4), (2, 4), (3, 5), (4, 5), (4, 6)), 710, 1, 2, 0, False, 0, (0, 0))
('state', 6, 951, ((1, 4), (2, 4), (3, 5), (4, 5), (5, 6)), 711, 1, 2, 0, False, 0, (0, 0))
('state', 6, 952, ((1, 4), (2, 4), (3, 5), (4, 6), (5, 6)), 712, 1, 2, 0, False, 0, (0, 0))
('state', 6, 953, ((1, 4), (2, 4), (3, 6), (4, 5), (4, 6)), 713, 1, 2, 0, False, 0, (0, 0))
('state', 6, 954, ((1, 4), (2, 4), (3, 6), (4, 5), (5, 6)), 714, 1, 2, 0, False, 0, (0, 0))
('state', 6, 955, ((1, 4), (2, 4), (3, 6), (4, 6), (5, 6)), 715, 1, 2, 0, False, 0, (0, 0))
('state', 6, 956, ((1, 4), (2, 5), (2, 6), (3, 4), (3, 5)), 1256, 0, 2, 3, True, 3, (3, 0))
('state', 6, 957, ((1, 4), (2, 5), (2, 6), (3, 4), (3, 6)), 1132, 0, 2, 3, True, 3, (3, 0))
('state', 6, 958, ((1, 4), (2, 5), (2, 6), (3, 4), (4, 5)), 1258, 1, 2, 0, False, 0, (0, 0))
('state', 6, 959, ((1, 4), (2, 5), (2, 6), (3, 4), (4, 6)), 1134, 1, 2, 0, False, 0, (0, 0))
('state', 6, 960, ((1, 4), (2, 5), (2, 6), (3, 5), (4, 5)), 1260, 1, 2, 0, False, 0, (0, 0))
('state', 6, 961, ((1, 4), (2, 5), (2, 6), (3, 5), (4, 6)), 721, 0, 2, 3, True, 3, (2, 1))
('state', 6, 962, ((1, 4), (2, 5), (2, 6), (3, 6), (4, 5)), 722, 0, 2, 3, True, 3, (2, 1))
('state', 6, 963, ((1, 4), (2, 5), (2, 6), (3, 6), (4, 6)), 1138, 1, 2, 0, False, 0, (0, 0))
('state', 6, 964, ((1, 4), (2, 5), (3, 4), (3, 5), (3, 6)), 400, 0, 2, 3, True, 3, (2, 1))
('state', 6, 965, ((1, 4), (2, 5), (3, 4), (3, 5), (4, 6)), 401, 1, 2, 1, False, 1, (0, 1))
('state', 6, 966, ((1, 4), (2, 5), (3, 4), (3, 5), (5, 6)), 402, 0, 2, 3, True, 3, (3, 0))
('state', 6, 967, ((1, 4), (2, 5), (3, 4), (3, 6), (4, 5)), 403, 1, 2, 0, False, 0, (0, 0))
('state', 6, 968, ((1, 4), (2, 5), (3, 4), (3, 6), (5, 6)), 404, 0, 2, 3, True, 3, (2, 1))
('state', 6, 969, ((1, 4), (2, 5), (3, 4), (4, 5), (4, 6)), 405, 1, 2, 0, False, 0, (0, 0))
('state', 6, 970, ((1, 4), (2, 5), (3, 4), (4, 5), (5, 6)), 406, 1, 2, 0, False, 0, (0, 0))
('state', 6, 971, ((1, 4), (2, 5), (3, 4), (4, 6), (5, 6)), 407, 1, 2, 1, False, 1, (0, 1))
('state', 6, 972, ((1, 4), (2, 5), (3, 5), (3, 6), (4, 5)), 1272, 1, 2, 0, False, 0, (0, 0))
('state', 6, 973, ((1, 4), (2, 5), (3, 5), (3, 6), (4, 6)), 409, 0, 2, 3, True, 3, (2, 1))
('state', 6, 974, ((1, 4), (2, 5), (3, 5), (4, 5), (4, 6)), 410, 1, 2, 0, False, 0, (0, 0))
('state', 6, 975, ((1, 4), (2, 5), (3, 5), (4, 5), (5, 6)), 411, 1, 2, 0, False, 0, (0, 0))
('state', 6, 976, ((1, 4), (2, 5), (3, 5), (4, 6), (5, 6)), 412, 0, 2, 3, True, 3, (3, 0))
('state', 6, 977, ((1, 4), (2, 5), (3, 6), (4, 5), (4, 6)), 413, 1, 2, 0, False, 0, (0, 0))
('state', 6, 978, ((1, 4), (2, 5), (3, 6), (4, 5), (5, 6)), 738, 1, 2, 0, False, 0, (0, 0))
('state', 6, 979, ((1, 4), (2, 5), (3, 6), (4, 6), (5, 6)), 415, 1, 2, 0, False, 0, (0, 0))
('state', 6, 980, ((1, 4), (2, 6), (3, 4), (3, 5), (3, 6)), 416, 0, 2, 2, True, 2, (2, 0))
('state', 6, 981, ((1, 4), (2, 6), (3, 4), (3, 5), (4, 6)), 417, 1, 2, 0, False, 0, (0, 0))
('state', 6, 982, ((1, 4), (2, 6), (3, 4), (3, 5), (5, 6)), 418, 0, 2, 3, True, 3, (2, 1))
('state', 6, 983, ((1, 4), (2, 6), (3, 4), (3, 6), (4, 5)), 419, 1, 2, 1, False, 1, (0, 1))
('state', 6, 984, ((1, 4), (2, 6), (3, 4), (3, 6), (5, 6)), 420, 0, 2, 3, True, 3, (3, 0))
('state', 6, 985, ((1, 4), (2, 6), (3, 4), (4, 5), (4, 6)), 421, 1, 2, 0, False, 0, (0, 0))
('state', 6, 986, ((1, 4), (2, 6), (3, 4), (4, 5), (5, 6)), 422, 1, 2, 1, False, 1, (0, 1))
('state', 6, 987, ((1, 4), (2, 6), (3, 4), (4, 6), (5, 6)), 423, 1, 2, 0, False, 0, (0, 0))
('state', 6, 988, ((1, 4), (2, 6), (3, 5), (3, 6), (4, 5)), 424, 0, 2, 3, True, 3, (2, 1))
('state', 6, 989, ((1, 4), (2, 6), (3, 5), (3, 6), (4, 6)), 1164, 1, 2, 0, False, 0, (0, 0))
('state', 6, 990, ((1, 4), (2, 6), (3, 5), (4, 5), (4, 6)), 426, 1, 2, 0, False, 0, (0, 0))
('state', 6, 991, ((1, 4), (2, 6), (3, 5), (4, 5), (5, 6)), 427, 1, 2, 0, False, 0, (0, 0))
('state', 6, 992, ((1, 4), (2, 6), (3, 5), (4, 6), (5, 6)), 752, 1, 2, 0, False, 0, (0, 0))
('state', 6, 993, ((1, 4), (2, 6), (3, 6), (4, 5), (4, 6)), 429, 1, 2, 0, False, 0, (0, 0))
('state', 6, 994, ((1, 4), (2, 6), (3, 6), (4, 5), (5, 6)), 430, 0, 2, 3, True, 3, (3, 0))
('state', 6, 995, ((1, 4), (2, 6), (3, 6), (4, 6), (5, 6)), 431, 1, 2, 0, False, 0, (0, 0))
('state', 6, 996, ((1, 5), (1, 6), (2, 3), (2, 4), (2, 5)), 1018, 1, 2, 0, False, 0, (0, 0))
('state', 6, 997, ((1, 5), (1, 6), (2, 3), (2, 4), (2, 6)), 1020, 1, 2, 0, False, 0, (0, 0))
('state', 6, 998, ((1, 5), (1, 6), (2, 3), (2, 4), (3, 5)), 1013, 1, 2, 0, False, 0, (0, 0))
('state', 6, 999, ((1, 5), (1, 6), (2, 3), (2, 4), (3, 6)), 1014, 1, 2, 0, False, 0, (0, 0))
('state', 6, 1000, ((1, 5), (1, 6), (2, 3), (2, 4), (4, 5)), 1028, 1, 2, 0, False, 0, (0, 0))
('state', 6, 1001, ((1, 5), (1, 6), (2, 3), (2, 4), (4, 6)), 1027, 1, 2, 0, False, 0, (0, 0))
('state', 6, 1002, ((1, 5), (1, 6), (2, 3), (2, 5), (3, 4)), 1004, 2, 2, 0, False, 0, (0, 0))
('state', 6, 1003, ((1, 5), (1, 6), (2, 3), (2, 5), (4, 5)), 1036, 2, 2, 0, False, 0, (0, 0))
('state', 6, 1004, ((1, 5), (1, 6), (2, 3), (2, 5), (4, 6)), 1033, 1, 2, 1, False, 1, (0, 1))
('state', 6, 1005, ((1, 5), (1, 6), (2, 3), (2, 6), (3, 4)), 1006, 2, 2, 0, False, 0, (0, 0))
('state', 6, 1006, ((1, 5), (1, 6), (2, 3), (2, 6), (4, 5)), 1040, 1, 2, 1, False, 1, (0, 1))
('state', 6, 1007, ((1, 5), (1, 6), (2, 3), (2, 6), (4, 6)), 1043, 2, 2, 0, False, 0, (0, 0))
('state', 6, 1008, ((1, 5), (1, 6), (2, 3), (3, 4), (3, 5)), 1038, 1, 2, 0, False, 0, (0, 0))
('state', 6, 1009, ((1, 5), (1, 6), (2, 3), (3, 4), (3, 6)), 1031, 1, 2, 0, False, 0, (0, 0))
('state', 6, 1010, ((1, 5), (1, 6), (2, 3), (3, 4), (4, 5)), 1040, 0, 2, 3, True, 3, (3, 0))
('state', 6, 1011, ((1, 5), (1, 6), (2, 3), (3, 4), (4, 6)), 1033, 0, 2, 3, True, 3, (3, 0))
('state', 6, 1012, ((1, 5), (1, 6), (2, 3), (3, 5), (4, 5)), 1042, 0, 2, 2, True, 2, (2, 0))
('state', 6, 1013, ((1, 5), (1, 6), (2, 3), (3, 5), (4, 6)), 1027, 0, 2, 4, True, 4, (3, 1))
('state', 6, 1014, ((1, 5), (1, 6), (2, 3), (3, 6), (4, 5)), 1028, 0, 2, 4, True, 4, (3, 1))
('state', 6, 1015, ((1, 5), (1, 6), (2, 3), (3, 6), (4, 6)), 1037, 0, 2, 2, True, 2, (2, 0))
('state', 6, 1016, ((1, 5), (1, 6), (2, 4), (2, 5), (3, 4)), 1018, 0, 2, 3, True, 3, (3, 0))
('state', 6, 1017, ((1, 5), (1, 6), (2, 4), (2, 5), (3, 5)), 1016, 1, 2, 0, False, 0, (0, 0))
('state', 6, 1018, ((1, 5), (1, 6), (2, 4), (2, 5), (3, 6)), 1016, 0, 2, 2, True, 2, (2, 0))
('state', 6, 1019, ((1, 5), (1, 6), (2, 4), (2, 6), (3, 4)), 1020, 0, 2, 3, True, 3, (3, 0))
('state', 6, 1020, ((1, 5), (1, 6), (2, 4), (2, 6), (3, 5)), 1019, 0, 2, 2, True, 2, (2, 0))
('state', 6, 1021, ((1, 5), (1, 6), (2, 4), (2, 6), (3, 6)), 1019, 1, 2, 0, False, 0, (0, 0))
('state', 6, 1022, ((1, 5), (1, 6), (2, 4), (3, 4), (3, 5)), 1038, 0, 2, 3, True, 3, (3, 0))
('state', 6, 1023, ((1, 5), (1, 6), (2, 4), (3, 4), (3, 6)), 1031, 0, 2, 3, True, 3, (3, 0))
('state', 6, 1024, ((1, 5), (1, 6), (2, 4), (3, 4), (4, 5)), 1040, 1, 2, 0, False, 0, (0, 0))
('state', 6, 1025, ((1, 5), (1, 6), (2, 4), (3, 4), (4, 6)), 1033, 1, 2, 0, False, 0, (0, 0))
('state', 6, 1026, ((1, 5), (1, 6), (2, 4), (3, 5), (4, 5)), 1042, 1, 2, 0, False, 0, (0, 0))
('state', 6, 1027, ((1, 5), (1, 6), (2, 4), (3, 5), (4, 6)), 1013, 0, 2, 3, True, 3, (2, 1))
('state', 6, 1028, ((1, 5), (1, 6), (2, 4), (3, 6), (4, 5)), 1014, 0, 2, 3, True, 3, (2, 1))
('state', 6, 1029, ((1, 5), (1, 6), (2, 4), (3, 6), (4, 6)), 1037, 1, 2, 0, False, 0, (0, 0))
('state', 6, 1030, ((1, 5), (1, 6), (2, 5), (3, 4), (3, 5)), 1022, 1, 2, 0, False, 0, (0, 0))
('state', 6, 1031, ((1, 5), (1, 6), (2, 5), (3, 4), (3, 6)), 1023, 0, 2, 2, True, 2, (2, 0))
('state', 6, 1032, ((1, 5), (1, 6), (2, 5), (3, 4), (4, 5)), 1010, 1, 2, 0, False, 0, (0, 0))
('state', 6, 1033, ((1, 5), (1, 6), (2, 5), (3, 4), (4, 6)), 1011, 0, 2, 3, True, 3, (2, 1))
('state', 6, 1034, ((1, 5), (1, 6), (2, 5), (3, 5), (4, 5)), 1042, 1, 2, 0, False, 0, (0, 0))
('state', 6, 1035, ((1, 5), (1, 6), (2, 5), (3, 5), (4, 6)), 1027, 1, 2, 0, False, 0, (0, 0))
('state', 6, 1036, ((1, 5), (1, 6), (2, 5), (3, 6), (4, 5)), 1014, 1, 2, 1, False, 1, (0, 1))
('state', 6, 1037, ((1, 5), (1, 6), (2, 5), (3, 6), (4, 6)), 1015, 0, 2, 3, True, 3, (3, 0))
('state', 6, 1038, ((1, 5), (1, 6), (2, 6), (3, 4), (3, 5)), 1022, 0, 2, 2, True, 2, (2, 0))
('state', 6, 1039, ((1, 5), (1, 6), (2, 6), (3, 4), (3, 6)), 1023, 1, 2, 0, False, 0, (0, 0))
('state', 6, 1040, ((1, 5), (1, 6), (2, 6), (3, 4), (4, 5)), 1010, 0, 2, 3, True, 3, (2, 1))
('state', 6, 1041, ((1, 5), (1, 6), (2, 6), (3, 4), (4, 6)), 1011, 1, 2, 0, False, 0, (0, 0))
('state', 6, 1042, ((1, 5), (1, 6), (2, 6), (3, 5), (4, 5)), 1012, 0, 2, 3, True, 3, (3, 0))
('state', 6, 1043, ((1, 5), (1, 6), (2, 6), (3, 5), (4, 6)), 1013, 1, 2, 1, False, 1, (0, 1))
('state', 6, 1044, ((1, 5), (1, 6), (2, 6), (3, 6), (4, 5)), 1028, 1, 2, 0, False, 0, (0, 0))
('state', 6, 1045, ((1, 5), (1, 6), (2, 6), (3, 6), (4, 6)), 1037, 1, 2, 0, False, 0, (0, 0))
('state', 6, 1046, ((1, 5), (2, 3), (2, 4), (2, 5), (2, 6)), 631, 1, 2, 0, False, 0, (0, 0))
('state', 6, 1047, ((1, 5), (2, 3), (2, 4), (2, 5), (3, 6)), 1172, 1, 2, 0, False, 0, (0, 0))
('state', 6, 1048, ((1, 5), (2, 3), (2, 4), (2, 5), (4, 6)), 1173, 1, 2, 0, False, 0, (0, 0))
('state', 6, 1049, ((1, 5), (2, 3), (2, 4), (2, 5), (5, 6)), 634, 1, 2, 0, False, 0, (0, 0))
('state', 6, 1050, ((1, 5), (2, 3), (2, 4), (2, 6), (3, 5)), 875, 0, 2, 3, True, 3, (3, 0))
('state', 6, 1051, ((1, 5), (2, 3), (2, 4), (2, 6), (4, 5)), 636, 0, 2, 3, True, 3, (3, 0))
('state', 6, 1052, ((1, 5), (2, 3), (2, 4), (2, 6), (5, 6)), 637, 0, 2, 3, True, 3, (3, 0))
('state', 6, 1053, ((1, 5), (2, 3), (2, 4), (3, 5), (3, 6)), 878, 0, 2, 2, True, 2, (2, 0))
('state', 6, 1054, ((1, 5), (2, 3), (2, 4), (3, 5), (4, 6)), 1179, 0, 2, 3, True, 3, (3, 0))
('state', 6, 1055, ((1, 5), (2, 3), (2, 4), (3, 5), (5, 6)), 880, 1, 2, 0, False, 0, (0, 0))
('state', 6, 1056, ((1, 5), (2, 3), (2, 4), (3, 6), (4, 5)), 1181, 0, 2, 3, True, 3, (3, 0))
('state', 6, 1057, ((1, 5), (2, 3), (2, 4), (3, 6), (5, 6)), 882, 0, 2, 2, True, 2, (2, 0))
('state', 6, 1058, ((1, 5), (2, 3), (2, 4), (4, 5), (4, 6)), 643, 0, 2, 2, True, 2, (2, 0))
('state', 6, 1059, ((1, 5), (2, 3), (2, 4), (4, 5), (5, 6)), 644, 1, 2, 0, False, 0, (0, 0))
('state', 6, 1060, ((1, 5), (2, 3), (2, 4), (4, 6), (5, 6)), 645, 0, 2, 2, True, 2, (2, 0))
('state', 6, 1061, ((1, 5), (2, 3), (2, 5), (2, 6), (3, 4)), 886, 0, 2, 2, True, 2, (2, 0))
('state', 6, 1062, ((1, 5), (2, 3), (2, 5), (2, 6), (4, 5)), 647, 1, 2, 0, False, 0, (0, 0))
('state', 6, 1063, ((1, 5), (2, 3), (2, 5), (2, 6), (4, 6)), 888, 1, 2, 0, False, 0, (0, 0))
('state', 6, 1064, ((1, 5), (2, 3), (2, 5), (3, 4), (3, 6)), 889, 0, 2, 3, True, 3, (3, 0))
('state', 6, 1065, ((1, 5), (2, 3), (2, 5), (3, 4), (4, 6)), 1190, 0, 2, 3, True, 3, (3, 0))
('state', 6, 1066, ((1, 5), (2, 3), (2, 5), (3, 4), (5, 6)), 891, 1, 2, 0, False, 0, (0, 0))
('state', 6, 1067, ((1, 5), (2, 3), (2, 5), (3, 6), (4, 5)), 1192, 1, 2, 0, False, 0, (0, 0))
('state', 6, 1068, ((1, 5), (2, 3), (2, 5), (3, 6), (4, 6)), 893, 0, 2, 3, True, 3, (2, 1))
('state', 6, 1069, ((1, 5), (2, 3), (2, 5), (4, 5), (4, 6)), 654, 1, 2, 0, False, 0, (0, 0))
('state', 6, 1070, ((1, 5), (2, 3), (2, 5), (4, 5), (5, 6)), 655, 1, 2, 0, False, 0, (0, 0))
('state', 6, 1071, ((1, 5), (2, 3), (2, 5), (4, 6), (5, 6)), 656, 1, 2, 0, False, 0, (0, 0))
('state', 6, 1072, ((1, 5), (2, 3), (2, 6), (3, 4), (3, 5)), 1197, 1, 2, 0, False, 0, (0, 0))
('state', 6, 1073, ((1, 5), (2, 3), (2, 6), (3, 4), (4, 5)), 1198, 0, 2, 3, True, 3, (3, 0))
('state', 6, 1074, ((1, 5), (2, 3), (2, 6), (3, 4), (5, 6)), 899, 0, 2, 2, True, 2, (2, 0))
('state', 6, 1075, ((1, 5), (2, 3), (2, 6), (3, 5), (4, 5)), 1200, 1, 2, 0, False, 0, (0, 0))
('state', 6, 1076, ((1, 5), (2, 3), (2, 6), (3, 5), (4, 6)), 901, 0, 2, 3, True, 3, (2, 1))
('state', 6, 1077, ((1, 5), (2, 3), (2, 6), (4, 5), (4, 6)), 662, 0, 2, 2, True, 2, (2, 0))
('state', 6, 1078, ((1, 5), (2, 3), (2, 6), (4, 5), (5, 6)), 663, 1, 2, 0, False, 0, (0, 0))
('state', 6, 1079, ((1, 5), (2, 3), (2, 6), (4, 6), (5, 6)), 664, 1, 2, 0, False, 0, (0, 0))
('state', 6, 1080, ((1, 5), (2, 3), (3, 4), (3, 5), (3, 6)), 341, 1, 2, 0, False, 0, (0, 0))
('state', 6, 1081, ((1, 5), (2, 3), (3, 4), (3, 5), (4, 6)), 1206, 1, 2, 0, False, 0, (0, 0))
('state', 6, 1082, ((1, 5), (2, 3), (3, 4), (3, 5), (5, 6)), 343, 1, 2, 0, False, 0, (0, 0))
('state', 6, 1083, ((1, 5), (2, 3), (3, 4), (3, 6), (4, 5)), 344, 0, 2, 3, True, 3, (3, 0))
('state', 6, 1084, ((1, 5), (2, 3), (3, 4), (3, 6), (5, 6)), 345, 0, 2, 3, True, 3, (3, 0))
('state', 6, 1085, ((1, 5), (2, 3), (3, 4), (4, 5), (4, 6)), 346, 0, 2, 3, True, 3, (2, 1))
('state', 6, 1086, ((1, 5), (2, 3), (3, 4), (4, 5), (5, 6)), 347, 1, 2, 1, False, 1, (0, 1))
('state', 6, 1087, ((1, 5), (2, 3), (3, 4), (4, 6), (5, 6)), 348, 0, 2, 3, True, 3, (2, 1))
('state', 6, 1088, ((1, 5), (2, 3), (3, 5), (3, 6), (4, 5)), 349, 1, 2, 0, False, 0, (0, 0))
('state', 6, 1089, ((1, 5), (2, 3), (3, 5), (3, 6), (4, 6)), 914, 1, 2, 0, False, 0, (0, 0))
('state', 6, 1090, ((1, 5), (2, 3), (3, 5), (4, 5), (4, 6)), 351, 1, 2, 0, False, 0, (0, 0))
('state', 6, 1091, ((1, 5), (2, 3), (3, 5), (4, 5), (5, 6)), 352, 1, 2, 1, False, 1, (0, 1))
('state', 6, 1092, ((1, 5), (2, 3), (3, 5), (4, 6), (5, 6)), 353, 1, 2, 0, False, 0, (0, 0))
('state', 6, 1093, ((1, 5), (2, 3), (3, 6), (4, 5), (4, 6)), 354, 0, 2, 3, True, 3, (2, 1))
('state', 6, 1094, ((1, 5), (2, 3), (3, 6), (4, 5), (5, 6)), 355, 1, 2, 1, False, 1, (0, 1))
('state', 6, 1095, ((1, 5), (2, 3), (3, 6), (4, 6), (5, 6)), 356, 1, 2, 1, False, 1, (0, 1))
('state', 6, 1096, ((1, 5), (2, 4), (2, 5), (2, 6), (3, 4)), 681, 0, 2, 3, True, 3, (2, 1))
('state', 6, 1097, ((1, 5), (2, 4), (2, 5), (2, 6), (3, 5)), 922, 1, 2, 0, False, 0, (0, 0))
('state', 6, 1098, ((1, 5), (2, 4), (2, 5), (2, 6), (3, 6)), 683, 1, 2, 0, False, 0, (0, 0))
('state', 6, 1099, ((1, 5), (2, 4), (2, 5), (3, 4), (3, 6)), 1224, 0, 2, 3, True, 3, (3, 0))
('state', 6, 1100, ((1, 5), (2, 4), (2, 5), (3, 4), (4, 6)), 685, 0, 2, 3, True, 3, (3, 0))
('state', 6, 1101, ((1, 5), (2, 4), (2, 5), (3, 4), (5, 6)), 686, 1, 2, 1, False, 1, (0, 1))
('state', 6, 1102, ((1, 5), (2, 4), (2, 5), (3, 5), (3, 6)), 927, 1, 2, 0, False, 0, (0, 0))
('state', 6, 1103, ((1, 5), (2, 4), (2, 5), (3, 5), (4, 6)), 1228, 1, 2, 0, False, 0, (0, 0))
('state', 6, 1104, ((1, 5), (2, 4), (2, 5), (3, 5), (5, 6)), 929, 1, 2, 0, False, 0, (0, 0))
('state', 6, 1105, ((1, 5), (2, 4), (2, 5), (3, 6), (4, 6)), 690, 0, 2, 3, True, 3, (2, 1))
('state', 6, 1106, ((1, 5), (2, 4), (2, 5), (3, 6), (5, 6)), 691, 1, 2, 0, False, 0, (0, 0))
('state', 6, 1107, ((1, 5), (2, 4), (2, 6), (3, 4), (3, 5)), 1232, 0, 2, 3, True, 3, (3, 0))
('state', 6, 1108, ((1, 5), (2, 4), (2, 6), (3, 4), (4, 5)), 1233, 1, 2, 0, False, 0, (0, 0))
('state', 6, 1109, ((1, 5), (2, 4), (2, 6), (3, 4), (5, 6)), 694, 0, 2, 3, True, 3, (2, 1))
('state', 6, 1110, ((1, 5), (2, 4), (2, 6), (3, 5), (3, 6)), 935, 0, 2, 2, True, 2, (2, 0))
('state', 6, 1111, ((1, 5), (2, 4), (2, 6), (3, 5), (4, 5)), 1236, 1, 2, 0, False, 0, (0, 0))
('state', 6, 1112, ((1, 5), (2, 4), (2, 6), (3, 5), (5, 6)), 937, 1, 2, 0, False, 0, (0, 0))
('state', 6, 1113, ((1, 5), (2, 4), (2, 6), (3, 6), (4, 5)), 698, 0, 2, 3, True, 3, (2, 1))
('state', 6, 1114, ((1, 5), (2, 4), (2, 6), (3, 6), (5, 6)), 939, 1, 2, 0, False, 0, (0, 0))
('state', 6, 1115, ((1, 5), (2, 4), (3, 4), (3, 5), (3, 6)), 376, 0, 2, 3, True, 3, (2, 1))
('state', 6, 1116, ((1, 5), (2, 4), (3, 4), (3, 5), (4, 6)), 377, 0, 2, 3, True, 3, (3, 0))
('state', 6, 1117, ((1, 5), (2, 4), (3, 4), (3, 5), (5, 6)), 378, 1, 2, 1, False, 1, (0, 1))
('state', 6, 1118, ((1, 5), (2, 4), (3, 4), (3, 6), (4, 5)), 1243, 1, 2, 0, False, 0, (0, 0))
('state', 6, 1119, ((1, 5), (2, 4), (3, 4), (3, 6), (5, 6)), 380, 0, 2, 3, True, 3, (2, 1))
('state', 6, 1120, ((1, 5), (2, 4), (3, 4), (4, 5), (4, 6)), 381, 1, 2, 0, False, 0, (0, 0))
('state', 6, 1121, ((1, 5), (2, 4), (3, 4), (4, 5), (5, 6)), 382, 1, 2, 0, False, 0, (0, 0))
('state', 6, 1122, ((1, 5), (2, 4), (3, 4), (4, 6), (5, 6)), 383, 0, 2, 3, True, 3, (3, 0))
('state', 6, 1123, ((1, 5), (2, 4), (3, 5), (3, 6), (4, 5)), 384, 1, 2, 0, False, 0, (0, 0))
('state', 6, 1124, ((1, 5), (2, 4), (3, 5), (3, 6), (4, 6)), 385, 0, 2, 3, True, 3, (2, 1))
('state', 6, 1125, ((1, 5), (2, 4), (3, 5), (4, 5), (4, 6)), 386, 1, 2, 0, False, 0, (0, 0))
('state', 6, 1126, ((1, 5), (2, 4), (3, 5), (4, 5), (5, 6)), 387, 1, 2, 0, False, 0, (0, 0))
('state', 6, 1127, ((1, 5), (2, 4), (3, 5), (4, 6), (5, 6)), 388, 1, 2, 1, False, 1, (0, 1))
('state', 6, 1128, ((1, 5), (2, 4), (3, 6), (4, 5), (4, 6)), 713, 1, 2, 0, False, 0, (0, 0))
('state', 6, 1129, ((1, 5), (2, 4), (3, 6), (4, 5), (5, 6)), 390, 1, 2, 0, False, 0, (0, 0))
('state', 6, 1130, ((1, 5), (2, 4), (3, 6), (4, 6), (5, 6)), 391, 1, 2, 0, False, 0, (0, 0))
('state', 6, 1131, ((1, 5), (2, 5), (2, 6), (3, 4), (3, 5)), 956, 1, 2, 0, False, 0, (0, 0))
('state', 6, 1132, ((1, 5), (2, 5), (2, 6), (3, 4), (3, 6)), 957, 0, 2, 2, True, 2, (2, 0))
('state', 6, 1133, ((1, 5), (2, 5), (2, 6), (3, 4), (4, 5)), 718, 1, 2, 0, False, 0, (0, 0))
('state', 6, 1134, ((1, 5), (2, 5), (2, 6), (3, 4), (4, 6)), 719, 0, 2, 3, True, 3, (2, 1))
('state', 6, 1135, ((1, 5), (2, 5), (2, 6), (3, 5), (4, 5)), 1260, 1, 2, 0, False, 0, (0, 0))
('state', 6, 1136, ((1, 5), (2, 5), (2, 6), (3, 5), (4, 6)), 961, 1, 2, 0, False, 0, (0, 0))
('state', 6, 1137, ((1, 5), (2, 5), (2, 6), (3, 6), (4, 5)), 722, 1, 2, 1, False, 1, (0, 1))
('state', 6, 1138, ((1, 5), (2, 5), (2, 6), (3, 6), (4, 6)), 723, 0, 2, 3, True, 3, (3, 0))
('state', 6, 1139, ((1, 5), (2, 5), (3, 4), (3, 5), (3, 6)), 964, 1, 2, 0, False, 0, (0, 0))
('state', 6, 1140, ((1, 5), (2, 5), (3, 4), (3, 5), (4, 6)), 1265, 1, 2, 0, False, 0, (0, 0))
('state', 6, 1141, ((1, 5), (2, 5), (3, 4), (3, 5), (5, 6)), 966, 1, 2, 0, False, 0, (0, 0))
('state', 6, 1142, ((1, 5), (2, 5), (3, 4), (3, 6), (4, 5)), 1267, 1, 2, 0, False, 0, (0, 0))
('state', 6, 1143, ((1, 5), (2, 5), (3, 4), (3, 6), (5, 6)), 968, 1, 2, 0, False, 0, (0, 0))
('state', 6, 1144, ((1, 5), (2, 5), (3, 4), (4, 5), (4, 6)), 729, 1, 2, 0, False, 0, (0, 0))
('state', 6, 1145, ((1, 5), (2, 5), (3, 4), (4, 5), (5, 6)), 730, 1, 2, 0, False, 0, (0, 0))
('state', 6, 1146, ((1, 5), (2, 5), (3, 4), (4, 6), (5, 6)), 731, 1, 2, 0, False, 0, (0, 0))
('state', 6, 1147, ((1, 5), (2, 5), (3, 5), (3, 6), (4, 5)), 1272, 1, 2, 0, False, 0, (0, 0))
('state', 6, 1148, ((1, 5), (2, 5), (3, 5), (3, 6), (4, 6)), 973, 1, 2, 0, False, 0, (0, 0))
('state', 6, 1149, ((1, 5), (2, 5), (3, 5), (4, 5), (4, 6)), 1274, 1, 2, 0, False, 0, (0, 0))
('state', 6, 1150, ((1, 5), (2, 5), (3, 5), (4, 5), (5, 6)), 411, 1, 2, 0, False, 0, (0, 0))
('state', 6, 1151, ((1, 5), (2, 5), (3, 5), (4, 6), (5, 6)), 976, 1, 2, 0, False, 0, (0, 0))
('state', 6, 1152, ((1, 5), (2, 5), (3, 6), (4, 5), (4, 6)), 737, 1, 2, 0, False, 0, (0, 0))
('state', 6, 1153, ((1, 5), (2, 5), (3, 6), (4, 5), (5, 6)), 738, 1, 2, 0, False, 0, (0, 0))
('state', 6, 1154, ((1, 5), (2, 5), (3, 6), (4, 6), (5, 6)), 739, 1, 2, 0, False, 0, (0, 0))
('state', 6, 1155, ((1, 5), (2, 6), (3, 4), (3, 5), (3, 6)), 416, 1, 2, 0, False, 0, (0, 0))
('state', 6, 1156, ((1, 5), (2, 6), (3, 4), (3, 5), (4, 6)), 417, 0, 2, 3, True, 3, (2, 1))
('state', 6, 1157, ((1, 5), (2, 6), (3, 4), (3, 5), (5, 6)), 418, 1, 2, 0, False, 0, (0, 0))
('state', 6, 1158, ((1, 5), (2, 6), (3, 4), (3, 6), (4, 5)), 419, 0, 2, 3, True, 3, (2, 1))
('state', 6, 1159, ((1, 5), (2, 6), (3, 4), (3, 6), (5, 6)), 984, 1, 2, 0, False, 0, (0, 0))
('state', 6, 1160, ((1, 5), (2, 6), (3, 4), (4, 5), (4, 6)), 421, 1, 2, 0, False, 0, (0, 0))
('state', 6, 1161, ((1, 5), (2, 6), (3, 4), (4, 5), (5, 6)), 422, 1, 2, 0, False, 0, (0, 0))
('state', 6, 1162, ((1, 5), (2, 6), (3, 4), (4, 6), (5, 6)), 747, 1, 2, 0, False, 0, (0, 0))
('state', 6, 1163, ((1, 5), (2, 6), (3, 5), (3, 6), (4, 5)), 424, 1, 2, 1, False, 1, (0, 1))
('state', 6, 1164, ((1, 5), (2, 6), (3, 5), (3, 6), (4, 6)), 425, 0, 2, 3, True, 3, (3, 0))
('state', 6, 1165, ((1, 5), (2, 6), (3, 5), (4, 5), (4, 6)), 426, 1, 2, 1, False, 1, (0, 1))
('state', 6, 1166, ((1, 5), (2, 6), (3, 5), (4, 5), (5, 6)), 427, 1, 2, 0, False, 0, (0, 0))
('state', 6, 1167, ((1, 5), (2, 6), (3, 5), (4, 6), (5, 6)), 428, 1, 2, 0, False, 0, (0, 0))
('state', 6, 1168, ((1, 5), (2, 6), (3, 6), (4, 5), (4, 6)), 429, 0, 2, 3, True, 3, (3, 0))
('state', 6, 1169, ((1, 5), (2, 6), (3, 6), (4, 5), (5, 6)), 430, 1, 2, 0, False, 0, (0, 0))
('state', 6, 1170, ((1, 5), (2, 6), (3, 6), (4, 6), (5, 6)), 431, 1, 2, 0, False, 0, (0, 0))
('state', 6, 1171, ((1, 6), (2, 3), (2, 4), (2, 5), (2, 6)), 631, 1, 2, 0, False, 0, (0, 0))
('state', 6, 1172, ((1, 6), (2, 3), (2, 4), (2, 5), (3, 6)), 872, 0, 2, 3, True, 3, (3, 0))
('state', 6, 1173, ((1, 6), (2, 3), (2, 4), (2, 5), (4, 6)), 633, 0, 2, 3, True, 3, (3, 0))
('state', 6, 1174, ((1, 6), (2, 3), (2, 4), (2, 5), (5, 6)), 634, 0, 2, 3, True, 3, (3, 0))
('state', 6, 1175, ((1, 6), (2, 3), (2, 4), (2, 6), (3, 5)), 1050, 1, 2, 0, False, 0, (0, 0))
('state', 6, 1176, ((1, 6), (2, 3), (2, 4), (2, 6), (4, 5)), 1051, 1, 2, 0, False, 0, (0, 0))
('state', 6, 1177, ((1, 6), (2, 3), (2, 4), (2, 6), (5, 6)), 637, 1, 2, 0, False, 0, (0, 0))
('state', 6, 1178, ((1, 6), (2, 3), (2, 4), (3, 5), (3, 6)), 878, 1, 2, 0, False, 0, (0, 0))
('state', 6, 1179, ((1, 6), (2, 3), (2, 4), (3, 5), (4, 6)), 1054, 0, 2, 2, True, 2, (2, 0))
('state', 6, 1180, ((1, 6), (2, 3), (2, 4), (3, 5), (5, 6)), 880, 0, 2, 2, True, 2, (2, 0))
('state', 6, 1181, ((1, 6), (2, 3), (2, 4), (3, 6), (4, 5)), 1056, 0, 2, 2, True, 2, (2, 0))
('state', 6, 1182, ((1, 6), (2, 3), (2, 4), (3, 6), (5, 6)), 882, 1, 2, 0, False, 0, (0, 0))
('state', 6, 1183, ((1, 6), (2, 3), (2, 4), (4, 5), (4, 6)), 643, 1, 2, 0, False, 0, (0, 0))
('state', 6, 1184, ((1, 6), (2, 3), (2, 4), (4, 5), (5, 6)), 644, 0, 2, 2, True, 2, (2, 0))
('state', 6, 1185, ((1, 6), (2, 3), (2, 4), (4, 6), (5, 6)), 645, 1, 2, 0, False, 0, (0, 0))
('state', 6, 1186, ((1, 6), (2, 3), (2, 5), (2, 6), (3, 4)), 886, 1, 2, 0, False, 0, (0, 0))
('state', 6, 1187, ((1, 6), (2, 3), (2, 5), (2, 6), (4, 5)), 887, 1, 2, 0, False, 0, (0, 0))
('state', 6, 1188, ((1, 6), (2, 3), (2, 5), (2, 6), (4, 6)), 648, 1, 2, 0, False, 0, (0, 0))
('state', 6, 1189, ((1, 6), (2, 3), (2, 5), (3, 4), (3, 6)), 1064, 1, 2, 0, False, 0, (0, 0))
('state', 6, 1190, ((1, 6), (2, 3), (2, 5), (3, 4), (4, 6)), 1065, 0, 2, 2, True, 2, (2, 0))
('state', 6, 1191, ((1, 6), (2, 3), (2, 5), (3, 4), (5, 6)), 891, 0, 2, 2, True, 2, (2, 0))
('state', 6, 1192, ((1, 6), (2, 3), (2, 5), (3, 6), (4, 5)), 892, 0, 2, 3, True, 3, (2, 1))
('state', 6, 1193, ((1, 6), (2, 3), (2, 5), (3, 6), (4, 6)), 1068, 1, 2, 0, False, 0, (0, 0))
('state', 6, 1194, ((1, 6), (2, 3), (2, 5), (4, 5), (4, 6)), 654, 0, 2, 2, True, 2, (2, 0))
('state', 6, 1195, ((1, 6), (2, 3), (2, 5), (4, 5), (5, 6)), 655, 1, 2, 0, False, 0, (0, 0))
('state', 6, 1196, ((1, 6), (2, 3), (2, 5), (4, 6), (5, 6)), 656, 1, 2, 0, False, 0, (0, 0))
('state', 6, 1197, ((1, 6), (2, 3), (2, 6), (3, 4), (3, 5)), 897, 0, 2, 3, True, 3, (3, 0))
('state', 6, 1198, ((1, 6), (2, 3), (2, 6), (3, 4), (4, 5)), 1073, 0, 2, 2, True, 2, (2, 0))
('state', 6, 1199, ((1, 6), (2, 3), (2, 6), (3, 4), (5, 6)), 899, 1, 2, 0, False, 0, (0, 0))
('state', 6, 1200, ((1, 6), (2, 3), (2, 6), (3, 5), (4, 5)), 900, 0, 2, 3, True, 3, (2, 1))
('state', 6, 1201, ((1, 6), (2, 3), (2, 6), (3, 5), (4, 6)), 1076, 1, 2, 0, False, 0, (0, 0))
('state', 6, 1202, ((1, 6), (2, 3), (2, 6), (4, 5), (4, 6)), 662, 1, 2, 0, False, 0, (0, 0))
('state', 6, 1203, ((1, 6), (2, 3), (2, 6), (4, 5), (5, 6)), 663, 1, 2, 0, False, 0, (0, 0))
('state', 6, 1204, ((1, 6), (2, 3), (2, 6), (4, 6), (5, 6)), 664, 1, 2, 0, False, 0, (0, 0))
('state', 6, 1205, ((1, 6), (2, 3), (3, 4), (3, 5), (3, 6)), 341, 1, 2, 0, False, 0, (0, 0))
('state', 6, 1206, ((1, 6), (2, 3), (3, 4), (3, 5), (4, 6)), 342, 0, 2, 3, True, 3, (3, 0))
('state', 6, 1207, ((1, 6), (2, 3), (3, 4), (3, 5), (5, 6)), 343, 0, 2, 3, True, 3, (3, 0))
('state', 6, 1208, ((1, 6), (2, 3), (3, 4), (3, 6), (4, 5)), 1083, 1, 2, 0, False, 0, (0, 0))
('state', 6, 1209, ((1, 6), (2, 3), (3, 4), (3, 6), (5, 6)), 345, 1, 2, 0, False, 0, (0, 0))
('state', 6, 1210, ((1, 6), (2, 3), (3, 4), (4, 5), (4, 6)), 346, 1, 2, 1, False, 1, (0, 1))
('state', 6, 1211, ((1, 6), (2, 3), (3, 4), (4, 5), (5, 6)), 347, 0, 2, 3, True, 3, (2, 1))
('state', 6, 1212, ((1, 6), (2, 3), (3, 4), (4, 6), (5, 6)), 348, 1, 2, 1, False, 1, (0, 1))
('state', 6, 1213, ((1, 6), (2, 3), (3, 5), (3, 6), (4, 5)), 913, 1, 2, 0, False, 0, (0, 0))
('state', 6, 1214, ((1, 6), (2, 3), (3, 5), (3, 6), (4, 6)), 350, 1, 2, 0, False, 0, (0, 0))
('state', 6, 1215, ((1, 6), (2, 3), (3, 5), (4, 5), (4, 6)), 351, 0, 2, 3, True, 3, (2, 1))
('state', 6, 1216, ((1, 6), (2, 3), (3, 5), (4, 5), (5, 6)), 352, 1, 2, 1, False, 1, (0, 1))
('state', 6, 1217, ((1, 6), (2, 3), (3, 5), (4, 6), (5, 6)), 353, 1, 2, 1, False, 1, (0, 1))
('state', 6, 1218, ((1, 6), (2, 3), (3, 6), (4, 5), (4, 6)), 354, 1, 2, 0, False, 0, (0, 0))
('state', 6, 1219, ((1, 6), (2, 3), (3, 6), (4, 5), (5, 6)), 355, 1, 2, 0, False, 0, (0, 0))
('state', 6, 1220, ((1, 6), (2, 3), (3, 6), (4, 6), (5, 6)), 356, 1, 2, 1, False, 1, (0, 1))
('state', 6, 1221, ((1, 6), (2, 4), (2, 5), (2, 6), (3, 4)), 681, 1, 2, 1, False, 1, (0, 1))
('state', 6, 1222, ((1, 6), (2, 4), (2, 5), (2, 6), (3, 5)), 682, 1, 2, 0, False, 0, (0, 0))
('state', 6, 1223, ((1, 6), (2, 4), (2, 5), (2, 6), (3, 6)), 923, 1, 2, 0, False, 0, (0, 0))
('state', 6, 1224, ((1, 6), (2, 4), (2, 5), (3, 4), (3, 6)), 1099, 0, 2, 2, True, 2, (2, 0))
('state', 6, 1225, ((1, 6), (2, 4), (2, 5), (3, 4), (4, 6)), 1100, 1, 2, 0, False, 0, (0, 0))
('state', 6, 1226, ((1, 6), (2, 4), (2, 5), (3, 4), (5, 6)), 686, 0, 2, 3, True, 3, (2, 1))
('state', 6, 1227, ((1, 6), (2, 4), (2, 5), (3, 5), (3, 6)), 927, 0, 2, 2, True, 2, (2, 0))
('state', 6, 1228, ((1, 6), (2, 4), (2, 5), (3, 5), (4, 6)), 688, 0, 2, 3, True, 3, (2, 1))
('state', 6, 1229, ((1, 6), (2, 4), (2, 5), (3, 5), (5, 6)), 929, 1, 2, 0, False, 0, (0, 0))
('state', 6, 1230, ((1, 6), (2, 4), (2, 5), (3, 6), (4, 6)), 1105, 1, 2, 0, False, 0, (0, 0))
('state', 6, 1231, ((1, 6), (2, 4), (2, 5), (3, 6), (5, 6)), 931, 1, 2, 0, False, 0, (0, 0))
('state', 6, 1232, ((1, 6), (2, 4), (2, 6), (3, 4), (3, 5)), 1107, 0, 2, 2, True, 2, (2, 0))
('state', 6, 1233, ((1, 6), (2, 4), (2, 6), (3, 4), (4, 5)), 693, 0, 2, 3, True, 3, (3, 0))
('state', 6, 1234, ((1, 6), (2, 4), (2, 6), (3, 4), (5, 6)), 694, 1, 2, 1, False, 1, (0, 1))
('state', 6, 1235, ((1, 6), (2, 4), (2, 6), (3, 5), (3, 6)), 935, 1, 2, 0, False, 0, (0, 0))
('state', 6, 1236, ((1, 6), (2, 4), (2, 6), (3, 5), (4, 5)), 696, 0, 2, 3, True, 3, (2, 1))
('state', 6, 1237, ((1, 6), (2, 4), (2, 6), (3, 5), (5, 6)), 697, 1, 2, 0, False, 0, (0, 0))
('state', 6, 1238, ((1, 6), (2, 4), (2, 6), (3, 6), (4, 5)), 1113, 1, 2, 0, False, 0, (0, 0))
('state', 6, 1239, ((1, 6), (2, 4), (2, 6), (3, 6), (5, 6)), 939, 1, 2, 0, False, 0, (0, 0))
('state', 6, 1240, ((1, 6), (2, 4), (3, 4), (3, 5), (3, 6)), 376, 1, 2, 1, False, 1, (0, 1))
('state', 6, 1241, ((1, 6), (2, 4), (3, 4), (3, 5), (4, 6)), 1116, 1, 2, 0, False, 0, (0, 0))
('state', 6, 1242, ((1, 6), (2, 4), (3, 4), (3, 5), (5, 6)), 378, 0, 2, 3, True, 3, (2, 1))
('state', 6, 1243, ((1, 6), (2, 4), (3, 4), (3, 6), (4, 5)), 379, 0, 2, 3, True, 3, (3, 0))
('state', 6, 1244, ((1, 6), (2, 4), (3, 4), (3, 6), (5, 6)), 380, 1, 2, 1, False, 1, (0, 1))
('state', 6, 1245, ((1, 6), (2, 4), (3, 4), (4, 5), (4, 6)), 381, 1, 2, 0, False, 0, (0, 0))
('state', 6, 1246, ((1, 6), (2, 4), (3, 4), (4, 5), (5, 6)), 382, 0, 2, 3, True, 3, (3, 0))
('state', 6, 1247, ((1, 6), (2, 4), (3, 4), (4, 6), (5, 6)), 383, 1, 2, 0, False, 0, (0, 0))
('state', 6, 1248, ((1, 6), (2, 4), (3, 5), (3, 6), (4, 5)), 384, 0, 2, 3, True, 3, (2, 1))
('state', 6, 1249, ((1, 6), (2, 4), (3, 5), (3, 6), (4, 6)), 385, 1, 2, 0, False, 0, (0, 0))
('state', 6, 1250, ((1, 6), (2, 4), (3, 5), (4, 5), (4, 6)), 710, 1, 2, 0, False, 0, (0, 0))
('state', 6, 1251, ((1, 6), (2, 4), (3, 5), (4, 5), (5, 6)), 387, 1, 2, 0, False, 0, (0, 0))
('state', 6, 1252, ((1, 6), (2, 4), (3, 5), (4, 6), (5, 6)), 388, 1, 2, 0, False, 0, (0, 0))
('state', 6, 1253, ((1, 6), (2, 4), (3, 6), (4, 5), (4, 6)), 389, 1, 2, 0, False, 0, (0, 0))
('state', 6, 1254, ((1, 6), (2, 4), (3, 6), (4, 5), (5, 6)), 390, 1, 2, 1, False, 1, (0, 1))
('state', 6, 1255, ((1, 6), (2, 4), (3, 6), (4, 6), (5, 6)), 391, 1, 2, 0, False, 0, (0, 0))
('state', 6, 1256, ((1, 6), (2, 5), (2, 6), (3, 4), (3, 5)), 956, 0, 2, 2, True, 2, (2, 0))
('state', 6, 1257, ((1, 6), (2, 5), (2, 6), (3, 4), (3, 6)), 957, 1, 2, 0, False, 0, (0, 0))
('state', 6, 1258, ((1, 6), (2, 5), (2, 6), (3, 4), (4, 5)), 718, 0, 2, 3, True, 3, (2, 1))
('state', 6, 1259, ((1, 6), (2, 5), (2, 6), (3, 4), (4, 6)), 719, 1, 2, 0, False, 0, (0, 0))
('state', 6, 1260, ((1, 6), (2, 5), (2, 6), (3, 5), (4, 5)), 720, 0, 2, 3, True, 3, (3, 0))
('state', 6, 1261, ((1, 6), (2, 5), (2, 6), (3, 5), (4, 6)), 721, 1, 2, 1, False, 1, (0, 1))
('state', 6, 1262, ((1, 6), (2, 5), (2, 6), (3, 6), (4, 5)), 962, 1, 2, 0, False, 0, (0, 0))
('state', 6, 1263, ((1, 6), (2, 5), (2, 6), (3, 6), (4, 6)), 1138, 1, 2, 0, False, 0, (0, 0))
('state', 6, 1264, ((1, 6), (2, 5), (3, 4), (3, 5), (3, 6)), 400, 1, 2, 0, False, 0, (0, 0))
('state', 6, 1265, ((1, 6), (2, 5), (3, 4), (3, 5), (4, 6)), 401, 0, 2, 3, True, 3, (2, 1))
('state', 6, 1266, ((1, 6), (2, 5), (3, 4), (3, 5), (5, 6)), 966, 1, 2, 0, False, 0, (0, 0))
('state', 6, 1267, ((1, 6), (2, 5), (3, 4), (3, 6), (4, 5)), 403, 0, 2, 3, True, 3, (2, 1))
('state', 6, 1268, ((1, 6), (2, 5), (3, 4), (3, 6), (5, 6)), 404, 1, 2, 0, False, 0, (0, 0))
('state', 6, 1269, ((1, 6), (2, 5), (3, 4), (4, 5), (4, 6)), 405, 1, 2, 0, False, 0, (0, 0))
('state', 6, 1270, ((1, 6), (2, 5), (3, 4), (4, 5), (5, 6)), 730, 1, 2, 0, False, 0, (0, 0))
('state', 6, 1271, ((1, 6), (2, 5), (3, 4), (4, 6), (5, 6)), 407, 1, 2, 0, False, 0, (0, 0))
('state', 6, 1272, ((1, 6), (2, 5), (3, 5), (3, 6), (4, 5)), 408, 0, 2, 3, True, 3, (3, 0))
('state', 6, 1273, ((1, 6), (2, 5), (3, 5), (3, 6), (4, 6)), 409, 1, 2, 1, False, 1, (0, 1))
('state', 6, 1274, ((1, 6), (2, 5), (3, 5), (4, 5), (4, 6)), 410, 0, 2, 3, True, 3, (3, 0))
('state', 6, 1275, ((1, 6), (2, 5), (3, 5), (4, 5), (5, 6)), 411, 1, 2, 0, False, 0, (0, 0))
('state', 6, 1276, ((1, 6), (2, 5), (3, 5), (4, 6), (5, 6)), 412, 1, 2, 0, False, 0, (0, 0))
('state', 6, 1277, ((1, 6), (2, 5), (3, 6), (4, 5), (4, 6)), 413, 1, 2, 1, False, 1, (0, 1))
('state', 6, 1278, ((1, 6), (2, 5), (3, 6), (4, 5), (5, 6)), 414, 1, 2, 0, False, 0, (0, 0))
('state', 6, 1279, ((1, 6), (2, 5), (3, 6), (4, 6), (5, 6)), 415, 1, 2, 0, False, 0, (0, 0))
('state', 6, 1280, ((1, 6), (2, 6), (3, 4), (3, 5), (3, 6)), 980, 1, 2, 0, False, 0, (0, 0))
('state', 6, 1281, ((1, 6), (2, 6), (3, 4), (3, 5), (4, 6)), 1156, 1, 2, 0, False, 0, (0, 0))
('state', 6, 1282, ((1, 6), (2, 6), (3, 4), (3, 5), (5, 6)), 982, 1, 2, 0, False, 0, (0, 0))
('state', 6, 1283, ((1, 6), (2, 6), (3, 4), (3, 6), (4, 5)), 1158, 1, 2, 0, False, 0, (0, 0))
('state', 6, 1284, ((1, 6), (2, 6), (3, 4), (3, 6), (5, 6)), 984, 1, 2, 0, False, 0, (0, 0))
('state', 6, 1285, ((1, 6), (2, 6), (3, 4), (4, 5), (4, 6)), 745, 1, 2, 0, False, 0, (0, 0))
('state', 6, 1286, ((1, 6), (2, 6), (3, 4), (4, 5), (5, 6)), 746, 1, 2, 0, False, 0, (0, 0))
('state', 6, 1287, ((1, 6), (2, 6), (3, 4), (4, 6), (5, 6)), 747, 1, 2, 0, False, 0, (0, 0))
('state', 6, 1288, ((1, 6), (2, 6), (3, 5), (3, 6), (4, 5)), 988, 1, 2, 0, False, 0, (0, 0))
('state', 6, 1289, ((1, 6), (2, 6), (3, 5), (3, 6), (4, 6)), 1164, 1, 2, 0, False, 0, (0, 0))
('state', 6, 1290, ((1, 6), (2, 6), (3, 5), (4, 5), (4, 6)), 750, 1, 2, 0, False, 0, (0, 0))
('state', 6, 1291, ((1, 6), (2, 6), (3, 5), (4, 5), (5, 6)), 751, 1, 2, 0, False, 0, (0, 0))
('state', 6, 1292, ((1, 6), (2, 6), (3, 5), (4, 6), (5, 6)), 752, 1, 2, 0, False, 0, (0, 0))
('state', 6, 1293, ((1, 6), (2, 6), (3, 6), (4, 5), (4, 6)), 1168, 1, 2, 0, False, 0, (0, 0))
('state', 6, 1294, ((1, 6), (2, 6), (3, 6), (4, 5), (5, 6)), 994, 1, 2, 0, False, 0, (0, 0))
('state', 6, 1295, ((1, 6), (2, 6), (3, 6), (4, 6), (5, 6)), 431, 1, 2, 0, False, 0, (0, 0))
('summary', 6, 1296, 540, 432, 4, [2], 4, (170, 277, 341, 348, 353, 355, 380, 381, 388, 390, 407, 409, 411, 413, 422, 424, 426, 431, 432, 480, 492, 545, 594, 606, 631, 645, 656, 663, 694, 721, 722, 835, 882, 899, 1013, 1014))
('PASS', 'author_tiny_pressure_only', 7222)
