control_type,control_id,N,s,z,E,degree,d0_residual,magnitude_min,magnitude_max,magnitude_range
inventory,primes,2,(1.25+0j),0.15,0.002832715277032613,2,0.0,0.8987837900645664,0.9038902523640641,0.005106462299497627
inventory,primes,2,(1.25+0j),0.35,0.01788496769138703,2,0.0,0.7633397939009762,0.7911416441982416,0.02780185029726545
inventory,primes,2,(1.25+0j),0.6,0.06442464059634638,2,0.0,0.5932488261523617,0.6749522229443253,0.08170339679196359
inventory,primes,2,(1.5+0j),0.15,0.0018234758893001532,2,0.0,0.9179534851628142,0.9213073329187202,0.003353847755906081
inventory,primes,2,(1.5+0j),0.35,0.0111717336209512,2,0.0,0.8081039322594573,0.826363770041613,0.018259837782155675
inventory,primes,2,(1.5+0j),0.6,0.03850058673548791,2,0.0,0.6700620271866932,0.7237235912811916,0.053661564094498404
inventory,primes,2,(2+0j),0.15,0.0007750018343238682,2,0.0,0.9457248263888889,0.9471918402777777,0.001467013888888813
inventory,primes,2,(2+0j),0.35,0.00455356278758765,2,0.0,0.8730203510802469,0.8810074266975308,0.007987075617283956
inventory,primes,2,(2+0j),0.6,0.014793417366946778,2,0.0,0.7815972222222223,0.8050694444444444,0.023472222222222117
inventory,primes,2,(1.5+0.75j),0.15,0.0017543610826772206,2,0.0,0.9341987049018472,0.9374823035813802,0.003283598679532984
inventory,primes,2,(1.5+0.75j),0.35,0.010455560892994775,2,0.0,0.8459844117896859,0.8638618110407614,0.017877399251075565
inventory,primes,2,(1.5+0.75j),0.6,0.034503557624203186,2,0.0,0.7350681641693297,0.7876058084405004,0.05253764427117069
inventory,composites,2,(1.25+0j),0.15,0.000471172345136239,2,0.0,0.9574821297735588,0.9583848333035209,0.0009027035299620234
inventory,composites,2,(1.25+0j),0.35,0.0027208387104860937,2,0.0,0.9007051835691826,0.9056199027878651,0.004914719218682473
inventory,composites,2,(1.25+0j),0.6,0.008629880771048124,2,0.0,0.829595059184768,0.844038315664161,0.01444325647939304
inventory,composites,2,(1.5+0j),0.15,0.00021582361673672888,2,0.0,0.9710255436398141,0.9714447746093025,0.00041923096948837113
inventory,composites,2,(1.5+0j),0.35,0.001222568282131505,2,0.0,0.932336160186178,0.9346186399089474,0.002282479722769404
inventory,composites,2,(1.5+0j),0.6,0.0037801034342159036,2,0.0,0.8838831853761865,0.8905908808879989,0.006707695511812384
inventory,composites,2,(2+0j),0.15,4.647167262823982e-05,2,0.0,0.9864515516493055,0.986543240017361,9.168836805550917e-05
inventory,composites,2,(2+0j),0.35,0.0002576833899172575,2,0.0,0.9683658552758488,0.968865047501929,0.0004991922260801918
inventory,composites,2,(2+0j),0.6,0.0007750018343238682,2,0.0,0.9457248263888889,0.9471918402777777,0.001467013888888813
inventory,composites,2,(1.5+0.75j),0.15,0.0002076317926359009,2,0.0,0.9882044369644315,0.9886148875029744,0.0004104505385429391
inventory,composites,2,(1.5+0.75j),0.35,0.0011476465162501572,2,0.0,0.972473019962186,0.9747076936891885,0.0022346737270024786
inventory,composites,2,(1.5+0.75j),0.6,0.003434379508645805,2,0.0,0.952814708549955,0.9593818397012888,0.006567131151333783
inventory,shuffled_primes,2,(1.25+0j),0.15,6.420853487897309e-07,2,0.0,0.9983983634504653,0.9983996455652114,1.2821147461483662e-06
inventory,shuffled_primes,2,(1.25+0j),0.35,3.5032847709086563e-06,2,0.0,0.9962618668729076,0.9962688472754141,6.980402506462369e-06
inventory,shuffled_primes,2,(1.25+0j),0.6,1.0322985840118532e-05,2,0.0,0.9935896692574601,0.9936101830933973,2.0513835937263636e-05
inventory,shuffled_primes,2,(1.5+0j),0.15,8.942232266560987e-08,2,0.0,0.9994020531975205,0.9994022319352422,1.7873772173437885e-07
inventory,shuffled_primes,2,(1.5+0j),0.35,4.872434498289034e-07,2,0.0,0.998604621858123,0.9986055949857191,9.731275960600527e-07
inventory,shuffled_primes,2,(1.5+0j),0.6,1.4333288759703581e-06,2,0.0,0.9976075611794437,0.9976104209829915,2.8598035477500616e-06
inventory,shuffled_primes,2,(2+0j),0.15,1.855046598600402e-09,2,0.0,0.9999138617578989,0.9999138654676725,3.709773599425148e-09
inventory,shuffled_primes,2,(2+0j),0.35,1.0100858303679584e-08,2,0.0,0.9997990062626089,0.9997990264602653,2.0197656436238276e-08
inventory,shuffled_primes,2,(2+0j),0.6,2.9688417852785272e-08,2,0.0,0.9996554296519967,0.9996554890083748,5.935637803489158e-08
inventory,shuffled_primes,2,(1.5+0.75j),0.15,8.060465749496254e-08,2,0.0,1.000554222284725,1.0005543835832111,1.6129848612322917e-07
inventory,shuffled_primes,2,(1.5+0.75j),0.35,4.3852360489325356e-07,2,0.0,1.0012930586741158,1.0012939368545293,8.781804134994076e-07
inventory,shuffled_primes,2,(1.5+0.75j),0.6,1.2875340378045602e-06,2,0.0,1.0022164004865357,1.0022189812606757,2.580774139948616e-06
inventory,random_increasing,2,(1.25+0j),0.15,1.142751852579425e-05,2,0.0,0.9932601230756635,0.9932828243319973,2.270125633385689e-05
inventory,random_increasing,2,(1.25+0j),0.35,6.278165229927406e-05,2,0.0,0.9842682125916699,0.9843918083205984,0.000123595728928505
inventory,random_increasing,2,(1.25+0j),0.6,0.00018661099328812453,2,0.0,0.9730196331895524,0.973382853290893,0.0003632201013406
inventory,random_increasing,2,(1.5+0j),0.15,2.588845862883104e-06,2,0.0,0.9967866484077793,0.9967918094751224,5.161067343051329e-06
inventory,random_increasing,2,(1.5+0j),0.35,1.4155532918940968e-05,2,0.0,0.9925004881717897,0.9925285873162127,2.809914442303274e-05
inventory,random_increasing,2,(1.5+0j),0.6,4.182467426959267e-05,2,0.0,0.9871400694808633,0.9872226465583517,8.257707748837717e-05
inventory,random_increasing,2,(2+0j),0.15,1.3775244452181147e-07,2,0.0,0.9992579288982757,0.9992582041987585,2.7530048285484554e-07
inventory,random_increasing,2,(2+0j),0.35,7.507285230668245e-07,2,0.0,0.9982683570517874,0.9982698559099712,1.4988581837904746e-06
inventory,random_increasing,2,(2+0j),0.6,2.2089570341619283e-06,2,0.0,0.997031161279801,0.9970355660875249,4.404807723901172e-06
inventory,random_increasing,2,(1.5+0.75j),0.15,2.4531757600338998e-06,2,0.0,1.0018754586871685,1.0018803742104723,4.915523303727909e-06
inventory,random_increasing,2,(1.5+0.75j),0.35,1.3322757267894872e-05,2,0.0,1.0043778763026174,1.0044046388160843,2.6762513466893623e-05
inventory,random_increasing,2,(1.5+0.75j),0.6,3.9029919812238896e-05,2,0.0,1.0075087848315225,1.0075874334290793,7.864859755679632e-05
inventory,primes,3,(1.25+0j),0.15,0.0037264876376221162,2,0.0,0.8799627734885783,0.8865456452728481,0.00658287178426975
inventory,primes,3,(1.25+0j),0.35,0.023165682818128086,2,0.0,0.723694214841259,0.7580191158883328,0.034324901047073864
inventory,primes,3,(1.25+0j),0.6,0.08170851739998475,2,0.0,0.5355610870996479,0.6308683032357187,0.09530721613607085
inventory,primes,3,(1.5+0j),0.15,0.0022900043572808824,2,0.0,0.9052145691309248,0.9093699756451166,0.004155406514191773
inventory,primes,3,(1.5+0j),0.35,0.013865387709977757,2,0.0,0.7806738454071863,0.8026269244426608,0.0219530790354745
inventory,primes,3,(1.5+0j),0.6,0.04704443151855912,2,0.0,0.6284681142849847,0.6905191188479615,0.06205100456297674
inventory,primes,3,(2+0j),0.15,0.0009064117628214071,2,0.0,0.9399268496527777,0.9416323170138889,0.0017054673611112126
inventory,primes,3,(2+0j),0.35,0.005291498251454946,2,0.0,0.860159947029321,0.8693114418595679,0.009151494830246909
inventory,primes,3,(2+0j),0.6,0.017049467327914774,2,0.0,0.7610920444444443,0.7874946222222222,0.02640257777777788
inventory,primes,3,(1.5+0.75j),0.15,0.002130799012227003,2,0.0,0.9294630145662784,0.9334324697724224,0.003969455206144001
inventory,primes,3,(1.5+0.75j),0.35,0.012596146906189088,2,0.0,0.8351184906976954,0.8564254227907032,0.021306932093007824
inventory,primes,3,(1.5+0.75j),0.6,0.04116425612767459,2,0.0,0.7169957229751552,0.7785590871615874,0.06156336418643216
inventory,composites,3,(1.25+0j),0.15,0.0006601708472214187,2,0.0,0.946628307489953,0.9478790059881589,0.0012506984982059155
inventory,composites,3,(1.25+0j),0.35,0.0037886466038974426,2,0.0,0.8763350077381644,0.8830005082659897,0.00666550052782533
inventory,composites,3,(1.25+0j),0.6,0.011919940398746675,2,0.0,0.7899686480288642,0.809028599922201,0.019059951893336757
inventory,composites,3,(1.5+0j),0.15,0.0002878890994640614,2,0.0,0.964518964349042,0.9650744732661288,0.0005555089170867777
inventory,composites,3,(1.5+0j),0.35,0.0016239659133161478,2,0.0,0.9175459211321308,0.9205308952279563,0.0029849740958254323
inventory,composites,3,(1.5+0j),0.6,0.004994266197900088,2,0.0,0.8593970078358469,0.8680242092297733,0.008627201393926365
inventory,composites,3,(2+0j),0.15,5.713738801548481e-05,2,0.0,0.9841290587849088,0.9842415263387891,0.00011246755388039098
inventory,composites,3,(2+0j),0.35,0.00031626154378265896,2,0.0,0.9630136750951226,0.9636229961830893,0.000609321087966741
inventory,composites,3,(2+0j),0.6,0.0009490492242256664,2,0.0,0.9366954718695746,0.938475101047092,0.0017796291775173945
inventory,composites,3,(1.5+0.75j),0.15,0.0002698873452393272,2,0.0,0.9880911509085537,0.9886246397502775,0.0005334888417237726
inventory,composites,3,(1.5+0.75j),0.35,0.0014894946844152047,2,0.0,0.9720878616001613,0.9749880066597324,0.0029001450595711464
inventory,composites,3,(1.5+0.75j),0.6,0.004449549606126986,2,0.0,0.9518956384210373,0.9604045126582164,0.008508874237179054
inventory,shuffled_primes,3,(1.25+0j),0.15,6.634246531199143e-07,2,0.0,0.9983453849051876,0.9983467095599478,1.324654760104238e-06
inventory,shuffled_primes,3,(1.25+0j),0.35,3.619510703237683e-06,2,0.0,0.9961384486228395,0.9961456597164935,7.211093653980427e-06
inventory,shuffled_primes,3,(1.25+0j),0.6,1.0664714205777466e-05,2,0.0,0.9933785210779426,0.9933997094999619,2.1188422019369213e-05
inventory,shuffled_primes,3,(1.5+0j),0.15,9.089481701445753e-08,2,0.0,0.9993912356985756,0.999391417377559,1.8167898341303612e-07
inventory,shuffled_primes,3,(1.5+0j),0.35,4.952611839527304e-07,2,0.0,0.9985793965917645,0.9985803857074828,9.891157182195798e-07
inventory,shuffled_primes,3,(1.5+0j),0.6,1.4568942111568642e-06,2,0.0,0.9975643512456331,0.9975672579413251,2.9066956919177045e-06
inventory,shuffled_primes,3,(2+0j),0.15,1.862506114413633e-09,2,0.0,0.9999134112427364,0.999913414967426,3.724689667805592e-09
inventory,shuffled_primes,3,(2+0j),0.35,1.014147151890298e-08,2,0.0,0.9997979551581068,0.999797975436952,2.0278845269672274e-08
inventory,shuffled_primes,3,(2+0j),0.6,2.9807772061687733e-08,2,0.0,0.999653627967612,0.9996536875625088,5.959489679518981e-08
inventory,shuffled_primes,3,(1.5+0.75j),0.15,7.991517308131587e-08,2,0.0,1.000553617033196,1.0005537769510502,1.5991785429214644e-07
inventory,shuffled_primes,3,(1.5+0.75j),0.35,4.347715070191142e-07,2,0.0,1.0012916477070386,1.001292518367634,8.706605953978652e-07
inventory,shuffled_primes,3,(1.5+0.75j),0.6,1.276513928353254e-06,2,0.0,1.0022139844469662,1.0022165431108483,2.558663882101797e-06
inventory,random_increasing,3,(1.25+0j),0.15,1.7210234999540802e-05,2,0.0,0.9909412270728921,0.9909753363226976,3.4109249805514e-05
inventory,random_increasing,3,(1.25+0j),0.35,9.449271413143163e-05,2,0.0,0.9788886438648056,0.9790736570367847,0.00018501317197916478
inventory,random_increasing,3,(1.25+0j),0.6,0.00028064905863663385,2,0.0,0.9638648546861975,0.964406022092562,0.0005411674063644512
inventory,random_increasing,3,(1.5+0j),0.15,3.7120625933315204e-06,2,0.0,0.9957763783052216,0.9957837711011546,7.392795932981144e-06
inventory,random_increasing,3,(1.5+0j),0.35,2.02914778999918e-05,2,0.0,0.9901498505186676,0.9901900345416798,4.018402301220192e-05
inventory,random_increasing,3,(1.5+0j),0.6,5.9933198933696376e-05,2,0.0,0.9831247239453477,0.9832425746278298,0.0001178506824821568
inventory,random_increasing,3,(2+0j),0.15,1.813369086295869e-07,2,0.0,0.9990667008017583,0.999067063137158,3.623353996839995e-07
inventory,random_increasing,3,(2+0j),0.35,9.882088834558173e-07,2,0.0,0.9978224645717737,0.9978244366877698,1.97211599606284e-06
inventory,random_increasing,3,(2+0j),0.6,2.9075471661848737e-06,2,0.0,0.996267431243181,0.9962732246491186,5.793405937648544e-06
inventory,random_increasing,3,(1.5+0.75j),0.15,3.4485944925929127e-06,2,0.0,1.0026867333787999,1.002693649052893,6.915674093166402e-06
inventory,random_increasing,3,(1.5+0.75j),0.35,1.8733907565265404e-05,2,0.0,1.0062730417186523,1.0063107448675133,3.770314886097914e-05
inventory,random_increasing,3,(1.5+0.75j),0.6,5.490131349796287e-05,2,0.0,1.0107623168045725,1.0108733072226634,0.00011099041809092824
inventory,primes,4,(1.25+0j),0.15,0.004012065708669629,4,0.0,0.868121906019595,0.8751158847820986,0.006993978762503517
inventory,primes,4,(1.25+0j),0.35,0.024793114378561742,4,0.0,0.7003005651251284,0.7359075769385246,0.035607011813396205
inventory,primes,4,(1.25+0j),0.6,0.08678048882622422,4,0.0,0.5047177679830109,0.6006063244835339,0.09588855650052297
inventory,primes,4,(1.5+0j),0.15,0.0024082667701520273,4,0.0,0.8977767847979843,0.9021113947386208,0.004334609940636502
inventory,primes,4,(1.5+0j),0.35,0.014528370839938845,4,0.0,0.7654113185115891,0.787979384619461,0.022568066107871987
inventory,primes,4,(1.5+0j),0.6,0.049066706555152044,4,0.0,0.6068669125524413,0.6694885154673123,0.06262160291487096
inventory,primes,4,(2+0j),0.15,0.0009271255218364148,4,0.0,0.9370301101911819,0.938769211588068,0.0017391013968861557
inventory,primes,4,(2+0j),0.35,0.005405655574197876,4,0.0,0.8539183829292643,0.863200531492583,0.00928214856331877
inventory,primes,4,(2+0j),0.6,0.017390138671352726,4,0.0,0.751515855395437,0.7781162343782683,0.026600378982831296
inventory,primes,4,(1.5+0.75j),0.15,0.002174928851525071,4,0.0,0.9286155771632858,0.9326637259134157,0.004048148750129932
inventory,primes,4,(1.5+0.75j),0.35,0.012856290500142312,4,0.0,0.8332957937836911,0.855000804351994,0.021705010568302874
inventory,primes,4,(1.5+0.75j),0.6,0.042017115362323484,4,0.0,0.7141796693702978,0.7768245907745611,0.06264492140426337
inventory,composites,4,(1.25+0j),0.15,0.0007703086878502192,4,0.0,0.93741609646832,0.9388614092535128,0.001445312785192776
inventory,composites,4,(1.25+0j),0.35,0.004405428227392312,4,0.0,0.8561301491497645,0.8637067539245912,0.00757660477482669
inventory,composites,4,(1.25+0j),0.6,0.013798604990249362,4,0.0,0.7581310327899867,0.7793457084358822,0.02121467564589552
inventory,composites,4,(1.5+0j),0.15,0.000325462148041527,4,0.0,0.9591244844754009,0.9597490051578986,0.0006245206824977423
inventory,composites,4,(1.5+0j),0.35,0.0018319157986986614,4,0.0,0.9054634014478719,0.9087869544606934,0.0033235530128215007
inventory,composites,4,(1.5+0j),0.6,0.005618173333132394,4,0.0,0.8397743884976174,0.8492636738823904,0.009489285384773005
inventory,composites,4,(2+0j),0.15,6.155667914574053e-05,4,0.0,0.9823022564197995,0.9824231983942054,0.00012094197440593035
inventory,composites,4,(2+0j),0.35,0.0003404575858158968,4,0.0,0.9588293030991684,0.9594824068686048,0.0006531037694363917
inventory,composites,4,(2+0j),0.6,0.001020658325564792,4,0.0,0.9296903962329509,0.9315901275875619,0.0018997313546109673
inventory,composites,4,(1.5+0.75j),0.15,0.0002979391408194184,4,0.0,0.9885015053039768,0.9890907063376289,0.0005892010336520093
inventory,composites,4,(1.5+0.75j),0.35,0.0016439027390378802,4,0.0,0.9729895692704049,0.9761937789316619,0.003204209661257007
inventory,composites,4,(1.5+0.75j),0.6,0.004909594420011679,4,0.0,0.9533197190070847,0.9627265550320696,0.009406836024984933
inventory,shuffled_primes,4,(1.25+0j),0.15,6.657519152139793e-07,4,0.0,0.9983020178927025,0.9983033471365481,1.329243845660244e-06
inventory,shuffled_primes,4,(1.25+0j),0.35,3.632182982584981e-06,4,0.0,0.996037475403379,0.9960447110103963,7.235607017319623e-06
inventory,shuffled_primes,4,(1.25+0j),0.6,1.0701961179660391e-05,4,0.0,0.99320588830123,0.9932271470304601,2.12587292300892e-05
inventory,shuffled_primes,4,(1.5+0j),0.15,9.098830801039029e-08,4,0.0,0.9993827253262527,0.9993829071905557,1.8186430295052958e-07
inventory,shuffled_primes,4,(1.5+0j),0.35,4.95770203610724e-07,4,0.0,0.9985595548968356,0.9985605450094741,9.901126385436498e-07
inventory,shuffled_primes,4,(1.5+0j),0.6,1.4583901538768464e-06,4,0.0,0.9975303708648927,0.9975332804460783,2.9095811855395226e-06
inventory,shuffled_primes,4,(2+0j),0.15,1.8626573664272675e-09,4,0.0,0.9999130839951019,0.9999130877200929,3.724990982334475e-09
inventory,shuffled_primes,4,(2+0j),0.35,1.0142295002942358e-08,4,0.0,0.9997971916679901,0.9997972119484665,2.0280476409340054e-08
inventory,shuffled_primes,4,(2+0j),0.6,2.981019209955296e-08,4,0.0,0.9996523193153435,0.9996523789150007,5.95996572094748e-08
inventory,shuffled_primes,4,(1.5+0.75j),0.15,7.984066659702579e-08,4,0.0,1.0005521264581418,1.000552286227018,1.5976887612900725e-07
inventory,shuffled_primes,4,(1.5+0.75j),0.35,4.3436579792228086e-07,4,0.0,1.0012881674741618,1.0012890373213097,8.698471478663095e-07
inventory,shuffled_primes,4,(1.5+0.75j),0.6,1.2753214105684322e-06,4,0.0,1.002208013569291,1.0022105698340258,2.5562647347765477e-06
inventory,random_increasing,4,(1.25+0j),0.15,4.8073398652948176e-05,4,0.0,0.9848356783211452,0.9849303716697155,9.469334857037381e-05
inventory,random_increasing,4,(1.25+0j),0.35,0.0002662250020611802,4,0.0,0.9646242027513133,0.9651379536847667,0.0005137509334534052
inventory,random_increasing,4,(1.25+0j),0.6,0.0007994646467586851,4,0.0,0.9393734584213355,0.9408766518954829,0.0015031934741474018
inventory,random_increasing,4,(1.5+0j),0.15,1.4855489795068455e-05,4,0.0,0.9917719897639962,0.9918014567190881,2.9466955091983493e-05
inventory,random_increasing,4,(1.5+0j),0.35,8.168065189801927e-05,4,0.0,0.9807907210701233,0.9809509574092691,0.0001602363391457473
inventory,random_increasing,4,(1.5+0j),0.6,0.0002430434679933086,4,0.0,0.9670472866055687,0.9675174699328485,0.00047018332727977175
inventory,random_increasing,4,(2+0j),0.15,1.5932271121517796e-06,4,0.0,0.9973987139936588,0.9974018921640678,3.178170409068315e-06
inventory,random_increasing,4,(2+0j),0.35,8.70319537351427e-06,4,0.0,0.9939273133031287,0.9939446141408906,1.730083776196878e-05
inventory,random_increasing,4,(2+0j),0.6,2.5683875083733914e-05,4,0.0,0.9895832126040411,0.9896340465728894,5.0833968848307265e-05
inventory,random_increasing,4,(1.5+0.75j),0.15,1.2570914283665627e-05,4,0.0,1.0013725633648243,1.001397739883779,2.5176518954728166e-05
inventory,random_increasing,4,(1.5+0.75j),0.35,6.8392651878427e-05,4,0.0,1.0032341234986728,1.0033713582175277,0.0001372347188548506
inventory,random_increasing,4,(1.5+0.75j),0.6,0.00020078885828141166,4,0.0,1.0056120639655166,1.0060159691549238,0.0004039051894071388
inventory,primes,8,(1.25+0j),0.15,0.004211748087699825,8,0.0,0.8492706702053597,0.8564547442267233,0.007184074021363562
inventory,primes,8,(1.25+0j),0.35,0.025904995838612572,8,0.0,0.6647671916191883,0.7001226252462464,0.035355433627058064
inventory,primes,8,(1.25+0j),0.6,0.09014397027123831,8,0.0,0.4607394611587163,0.5519721302300302,0.09123266907131394
inventory,primes,8,(1.5+0j),0.15,0.0024705516543093824,8,0.0,0.8876510695831142,0.892047906206025,0.004396836622910794
inventory,primes,8,(1.5+0j),0.35,0.014872007387234142,8,0.0,0.7452305444660505,0.7677310382570592,0.022500493791008713
inventory,primes,8,(1.5+0j),0.6,0.05009372616227836,8,0.0,0.5793731144890049,0.6404717730166938,0.06109865852768892
inventory,primes,8,(2+0j),0.15,0.0009336174810623967,8,0.0,0.9341581534655711,0.9359040762150789,0.0017459227495078
inventory,primes,8,(2+0j),0.35,0.005441170863111165,8,0.0,0.8478030761078333,0.8570796275540059,0.009276551446172565
inventory,primes,8,(2+0j),0.6,0.01749514169821396,8,0.0,0.7422736186210417,0.7687082784035333,0.0264346597824916
inventory,primes,8,(1.5+0.75j),0.15,0.0021536241997801666,8,0.0,0.9325913872438786,0.9366169591948256,0.004025571950946993
inventory,primes,8,(1.5+0.75j),0.35,0.012752755762611999,8,0.0,0.8417236748741191,0.8634692871030911,0.021745612228971978
inventory,primes,8,(1.5+0.75j),0.6,0.041767994568923716,8,0.0,0.7267234919213394,0.7900749206728253,0.0633514287514858
inventory,composites,8,(1.25+0j),0.15,0.000978100279302183,8,0.0,0.913297021038477,0.9150853619620407,0.0017883409235637249
inventory,composites,8,(1.25+0j),0.35,0.005560163211121785,8,0.0,0.8048516534699868,0.813851845556318,0.009000192086331182
inventory,composites,8,(1.25+0j),0.6,0.017281412672712857,8,0.0,0.6805303815607269,0.7044634267659624,0.023933045205235537
inventory,composites,8,(1.5+0j),0.15,0.0003878330770876731,8,0.0,0.9458990806208069,0.9466330671655819,0.0007339865447750782
inventory,composites,8,(1.5+0j),0.35,0.0021754025516502852,8,0.0,0.8763551851941355,0.8801763448726619,0.0038211596785264756
inventory,composites,8,(1.5+0j),0.6,0.006642271949894687,8,0.0,0.7935462403717992,0.8041585409619982,0.01061230059019902
inventory,composites,8,(2+0j),0.15,6.73251113045788e-05,8,0.0,0.9783989052840635,0.978530655784502,0.0001317505004385655
inventory,composites,8,(2+0j),0.35,0.00037197850937036806,8,0.0,0.9499390379523321,0.9506460147348935,0.0007069767825613749
inventory,composites,8,(2+0j),0.6,0.001113716553775561,8,0.0,0.9149129891319123,0.9169531684819869,0.0020401793500746113
inventory,composites,8,(1.5+0.75j),0.15,0.0003321339111965581,8,0.0,0.9925135240939764,0.9931730377957722,0.0006595137017957331
inventory,composites,8,(1.5+0.75j),0.35,0.001833912961213754,8,0.0,0.9821843801803095,0.9857934770604222,0.0036090968801126833
inventory,composites,8,(1.5+0.75j),0.6,0.005482454426446059,8,0.0,0.9687104129543187,0.9793906001109393,0.010680187156620558
inventory,shuffled_primes,8,(1.25+0j),0.15,7.916261460189606e-07,8,0.0,0.9975425847165392,0.9975441640793731,1.5793628338478527e-06
inventory,shuffled_primes,8,(1.25+0j),0.35,4.3178606964008324e-06,8,0.0,0.9942697178877488,0.994278304161096,8.586273347210849e-06
inventory,shuffled_primes,8,(1.25+0j),0.6,1.2718346876864844e-05,8,0.0,0.9901845615931978,0.9902097489349914,2.5187341793575513e-05
inventory,shuffled_primes,8,(1.5+0j),0.15,1.0035354018158827e-07,8,0.0,0.999176966581408,0.9991771671233197,2.0054191174345704e-07
inventory,shuffled_primes,8,(1.5+0j),0.35,5.467662833448751e-07,8,0.0,0.9980798620039746,0.9980809534374047,1.0914334300782258e-06
inventory,shuffled_primes,8,(1.5+0j),0.6,1.6082840866395103e-06,8,0.0,0.9967089207043885,0.996712126691737,3.2059873484868717e-06
inventory,shuffled_primes,8,(2+0j),0.15,1.9179720111936127e-09,8,0.0,0.9998976949574183,0.99989769879297,3.835551654063352e-09
inventory,shuffled_primes,8,(2+0j),0.35,1.0443456159869031e-08,8,0.0,0.9997612881359319,0.9997613090178585,2.088192663229904e-08
inventory,shuffled_primes,8,(2+0j),0.6,3.069525052790735e-08,8,0.0,0.999590779451935,0.9995908408173158,6.13653807768344e-08
inventory,shuffled_primes,8,(1.5+0.75j),0.15,7.765620505057685e-08,8,0.0,1.0006961278471547,1.0006962832666466,1.554194919428653e-07
inventory,shuffled_primes,8,(1.5+0.75j),0.35,4.224872374440232e-07,8,0.0,1.0016244522874003,1.001625298629895,8.463424947535714e-07
inventory,shuffled_primes,8,(1.5+0.75j),0.6,1.2404666239270688e-06,8,0.0,1.0027851051616299,1.0027875929955756,2.487833945741258e-06
inventory,random_increasing,8,(1.25+0j),0.15,1.9357948462921488e-05,8,0.0,0.9885368427313674,0.98857511556276,3.827283139257176e-05
inventory,random_increasing,8,(1.25+0j),0.35,0.00010629038649389785,8,0.0,0.9733392135892449,0.9735461487866359,0.00020693519739101163
inventory,random_increasing,8,(1.25+0j),0.6,0.0003157167346528095,8,0.0,0.9544814050172414,0.9550842868560807,0.0006028818388392754
inventory,random_increasing,8,(1.5+0j),0.15,4.202561155128153e-06,8,0.0,0.994926907817174,0.994935270334668,8.362517494031607e-06
inventory,random_increasing,8,(1.5+0j),0.35,2.2981258552173536e-05,8,0.0,0.9881753280255653,0.9882207480947908,4.542006922547692e-05
inventory,random_increasing,8,(1.5+0j),0.6,6.790979708347483e-05,8,0.0,0.9797560387947345,0.9798891178996446,0.00013307910491011654
inventory,random_increasing,8,(2+0j),0.15,2.2886991046501847e-07,8,0.0,0.9989154107188402,0.9989158679623061,4.5724346597886267e-07
inventory,random_increasing,8,(2+0j),0.35,1.2475146727558956e-06,8,0.0,0.9974694510386389,0.9974719397572952,2.4887186562683183e-06
inventory,random_increasing,8,(2+0j),0.6,3.6714868162989738e-06,8,0.0,0.9956622579646394,0.9956695691131893,7.311148549904445e-06
inventory,random_increasing,8,(1.5+0.75j),0.15,3.3808331513492194e-06,8,0.0,1.0031739126945207,1.003180695793699,6.783099178342411e-06
inventory,random_increasing,8,(1.5+0.75j),0.35,1.8372845255561805e-05,8,0.0,1.0074185727809517,1.0074555917505739,3.7018969622160114e-05
inventory,random_increasing,8,(1.5+0.75j),0.6,5.3868599014854076e-05,8,0.0,1.0127449254827976,1.012854040014275,0.00010911453147732786
inventory,primes,16,(1.25+0j),0.15,0.004245413995069073,16,0.0,0.837443139853389,0.8445840288659063,0.007140889012517304
inventory,primes,16,(1.25+0j),0.35,0.026089510912575876,16,0.0,0.6432698306590163,0.6777319774187915,0.034462146759775214
inventory,primes,16,(1.25+0j),0.6,0.09069103255544786,16,0.0,0.4353530817676173,0.5221295181026645,0.08677643633504722
inventory,primes,16,(1.5+0j),0.15,0.002476971247592009,16,0.0,0.8824978023070702,0.8868804997974522,0.004382697490382004
inventory,primes,16,(1.5+0j),0.35,0.014907066657411004,16,0.0,0.7351541218364152,0.7574034871258722,0.02224936528945709
inventory,primes,16,(1.5+0j),0.6,0.05019716738737497,16,0.0,0.5659747283927419,0.625789875288117,0.05981514689537515
inventory,primes,16,(2+0j),0.15,0.0009338650979783976,16,0.0,0.9332062051094294,0.9349508117058061,0.0017446065963766522
inventory,primes,16,(2+0j),0.35,0.005442519935223395,16,0.0,0.8457876882118736,0.8550444945733622,0.009256806361488623
inventory,primes,16,(2+0j),0.6,0.017499109780530035,16,0.0,0.7392496437898294,0.7655826861987453,0.026333042408915874
inventory,primes,16,(1.5+0.75j),0.15,0.002148005449267069,16,0.0,0.9372272319686138,0.9412622362003328,0.004035004231718986
inventory,primes,16,(1.5+0.75j),0.35,0.012721776131986155,16,0.0,0.8515319700606097,0.8734768580619146,0.021944888001304896
inventory,primes,16,(1.5+0.75j),0.6,0.04167574225226169,16,0.0,0.7413256694953647,0.8058013468754607,0.06447567738009596
inventory,composites,16,(1.25+0j),0.15,0.0010819462102449003,16,0.0,0.8889879806753558,0.8909137379719279,0.0019257572965720726
inventory,composites,16,(1.25+0j),0.35,0.0061313988293580975,16,0.0,0.7553904278617807,0.7647106785062714,0.009320250644490713
inventory,composites,16,(1.25+0j),0.6,0.018982125994664055,16,0.0,0.6097858874370108,0.6333815720307465,0.023595684593735733
inventory,composites,16,(1.5+0j),0.15,0.00041158234971671193,16,0.0,0.9340192536949952,0.9347884219196108,0.0007691682246155906
inventory,composites,16,(1.5+0j),0.35,0.0023053589044249893,16,0.0,0.850796900155438,0.8547287441833814,0.003931844027943443
inventory,composites,16,(1.5+0j),0.6,0.0070266139528049,16,0.0,0.7541113461758273,0.7647839201237214,0.010672573947894115
inventory,composites,16,(2+0j),0.15,6.859990751338704e-05,16,0.0,0.9756650920822517,0.9757989623358122,0.00013387025356048632
inventory,composites,16,(2+0j),0.35,0.000378927722658322,16,0.0,0.9437518793787649,0.9444673779875801,0.000715498608815146
inventory,composites,16,(2+0j),0.6,0.0011341706048398287,16,0.0,0.9047102885031783,0.9067648099484634,0.0020545214452851734
inventory,composites,16,(1.5+0.75j),0.15,0.0003298100026154665,16,0.0,1.000481896859368,1.0011420424840884,0.0006601456247203874
inventory,composites,16,(1.5+0.75j),0.35,0.0018237460995659753,16,0.0,1.000694732759312,1.0043513684367371,0.003656635677425024
inventory,composites,16,(1.5+0.75j),0.6,0.005461994709816172,16,0.0,1.000236833816453,1.0112233386805451,0.01098650486409225
inventory,shuffled_primes,16,(1.25+0j),0.15,1.028431103217044e-06,16,0.0,0.9963073019574211,0.9963093512263641,2.0492689429829625e-06
inventory,shuffled_primes,16,(1.25+0j),0.35,5.607878225074865e-06,16,0.0,0.9913980321126993,0.9914091514539284,1.1119341229104407e-05
inventory,shuffled_primes,16,(1.25+0j),0.6,1.651216273033646e-05,16,0.0,0.985284425517432,0.9853169644082567,3.253889082466266e-05
inventory,shuffled_primes,16,(1.5+0j),0.15,1.186157355344971e-07,16,0.0,0.9988452183161565,0.9988454552737052,2.369575486937947e-07
inventory,shuffled_primes,16,(1.5+0j),0.35,6.462108094035442e-07,16,0.0,0.9973067094616915,0.9973079984032763,1.2889415847983088e-06
inventory,shuffled_primes,16,(1.5+0j),0.6,1.9005917618175864e-06,16,0.0,0.9953855012513696,0.9953892849015279,3.783650158295515e-06
inventory,shuffled_primes,16,(2+0j),0.15,2.038004560464448e-09,16,0.0,0.9998727386243903,0.9998727426998807,4.075490389610081e-09
inventory,shuffled_primes,16,(2+0j),0.35,1.1096976905329115e-08,16,0.0,0.9997030649544983,0.9997030871418623,2.2187363946102323e-08
inventory,shuffled_primes,16,(2+0j),0.6,3.2615838758640844e-08,16,0.0,0.999490985988507,0.9994910511869828,6.519847572938886e-08
inventory,shuffled_primes,16,(1.5+0.75j),0.15,7.803677618211603e-08,16,0.0,1.000917394795035,1.0009175510116837,1.5621664872789154e-07
inventory,shuffled_primes,16,(1.5+0.75j),0.35,4.245910291893881e-07,16,0.0,1.0021412817437947,1.00214213274363,8.509998352668191e-07
inventory,shuffled_primes,16,(1.5+0.75j),0.6,1.2467658293051566e-06,16,0.0,1.0036722558903446,1.0036747585774024,2.5026870578148674e-06
inventory,random_increasing,16,(1.25+0j),0.15,5.452054849369807e-06,16,0.0,0.9915320381900261,0.991542850023087,1.0811833060841991e-05
inventory,random_increasing,16,(1.25+0j),0.35,2.977282118804109e-05,16,0.0,0.9803223077603057,0.9803806834198504,5.8375659544696035e-05
inventory,random_increasing,16,(1.25+0j),0.6,8.782633130515671e-05,16,0.0,0.9664394364263932,0.9666092089967891,0.00016977257039596516
inventory,random_increasing,16,(1.5+0j),0.15,7.647645903334005e-07,16,0.0,0.9970222558445844,0.9970237808203847,1.5249758003044178e-06
inventory,random_increasing,16,(1.5+0j),0.35,4.169414464156786e-06,16,0.0,0.9930610607779341,0.9930693417787623,8.281000828169738e-06
inventory,random_increasing,16,(1.5+0j),0.6,1.2273962710971234e-05,16,0.0,0.9881242180160316,0.9881484747133681,2.4256697336522137e-05
inventory,random_increasing,16,(2+0j),0.15,1.858745272734657e-08,16,0.0,0.999598753605139,0.9995987907651287,3.715998975195589e-08
inventory,random_increasing,16,(2+0j),0.35,1.012269979213548e-07,16,0.0,0.9990638786316917,0.9990640808961864,2.0226449470861496e-07
inventory,random_increasing,16,(2+0j),0.6,2.97588711067837e-07,16,0.0,0.9983954781079974,0.9983960723306212,5.942226237731774e-07
inventory,random_increasing,16,(1.5+0.75j),0.15,5.373635277802272e-07,16,0.0,1.0025926636288682,1.0025937411382,1.0775093317594298e-06
inventory,random_increasing,16,(1.5+0.75j),0.35,2.9229826898551975e-06,16,0.0,1.0060574672425433,1.0060633485885184,5.881345975122798e-06
inventory,random_increasing,16,(1.5+0.75j),0.6,8.580219288879931e-06,16,0.0,1.0104012185596645,1.0104185573814435,1.7338821779011582e-05
inventory,primes,32,(1.25+0j),0.15,0.004251667620611782,32,0.0,0.8297892768434824,0.8368753681898707,0.007086091346388379
inventory,primes,32,(1.25+0j),0.35,0.026123625374237312,32,0.0,0.6296172432435264,0.6633932330088296,0.03377598976530316
inventory,primes,32,(1.25+0j),0.6,0.09079158516385807,32,0.0,0.4196079876639715,0.5033471956568644,0.08373920799289286
inventory,primes,32,(1.5+0j),0.15,0.002477700588619086,32,0.0,0.8798123803947875,0.8841830311710754,0.004370650776287954
inventory,primes,32,(1.5+0j),0.35,0.01491104027906271,32,0.0,0.7299424961838882,0.752040108696573,0.022097612512684828
inventory,primes,32,(1.5+0j),0.6,0.0502088563256891,32,0.0,0.5591099922963784,0.618214088749245,0.05910409645286663
inventory,primes,32,(2+0j),0.15,0.0009338754182963819,32,0.0,0.9328891720445974,0.9346332052466938,0.0017440332020963734
inventory,primes,32,(2+0j),0.35,0.00544257612873019,32,0.0,0.845117353116139,0.8543669189490569,0.009249565832917916
inventory,primes,32,(2+0j),0.6,0.017499274940272324,32,0.0,0.7382454592838782,0.7645429838646051,0.026297524580726872
inventory,primes,32,(1.5+0.75j),0.15,0.002148148709929787,32,0.0,0.9400040601507519,0.9440512887158063,0.0040472285650544615
inventory,primes,32,(1.5+0.75j),0.35,0.012722350532671234,32,0.0,0.8574293930084345,0.879527272760004,0.022097879751569516
inventory,primes,32,(1.5+0.75j),0.6,0.04167656066922534,32,0.0,0.7501474841902804,0.815391755687405,0.06524427149712453
inventory,composites,32,(1.25+0j),0.15,0.0011328817311120364,32,0.0,0.8651265416508946,0.8670889361802123,0.001962394529317679
inventory,composites,32,(1.25+0j),0.35,0.006410138467612494,32,0.0,0.7087581532168267,0.7179031407020328,0.00914498748520609
inventory,composites,32,(1.25+0j),0.6,0.019806612897640845,32,0.0,0.5464071033703953,0.5684869096807698,0.022079806310374428
inventory,composites,32,(1.5+0j),0.15,0.00042040976383885854,32,0.0,0.9236667420216467,0.9244437056657651,0.0007769636441183891
inventory,composites,32,(1.5+0j),0.35,0.002353524613482555,32,0.0,0.8289221938502846,0.8328331709002252,0.003910977049940589
inventory,composites,32,(1.5+0j),0.6,0.007168551710994701,32,0.0,0.7211165024020351,0.7315297481197617,0.010413245717726616
inventory,composites,32,(2+0j),0.15,6.887163279637666e-05,32,0.0,0.9738275481182851,0.9739616955437486,0.00013414742546347114
inventory,composites,32,(2+0j),0.35,0.00038040772279445626,32,0.0,0.9396085671367419,0.9403237078778405,0.0007151407410985744
inventory,composites,32,(2+0j),0.6,0.0011385222247375483,32,0.0,0.8979096041435977,0.8999565143051322,0.0020469101615345764
inventory,composites,32,(1.5+0.75j),0.15,0.000323173382755173,32,0.0,1.0103723278244654,1.0110255891583222,0.0006532613338567916
inventory,composites,32,(1.5+0.75j),0.35,0.0017883322051183807,32,0.0,1.0239432311818752,1.027612080841416,0.0036688496595407294
inventory,composites,32,(1.5+0.75j),0.6,0.005360704288343306,32,0.0,1.040430554225283,1.051645411366882,0.011214857141599088
inventory,shuffled_primes,32,(1.25+0j),0.15,3.320666861638715e-05,32,0.0,0.9836016350972058,0.983666961533565,6.532643635925872e-05
inventory,shuffled_primes,32,(1.25+0j),0.35,0.0001824615109259062,32,0.0,0.9619562163718323,0.9623073204027943,0.0003511040309620572
inventory,shuffled_primes,32,(1.25+0j),0.6,0.000542485674888698,32,0.0,0.9352506247865048,0.9362658956542443,0.0010152708677395594
inventory,shuffled_primes,32,(1.5+0j),0.15,9.186361894212407e-06,32,0.0,0.992897726441576,0.9929159688448354,1.8242403259316475e-05
inventory,shuffled_primes,32,(1.5+0j),0.35,5.027756158583232e-05,32,0.0,0.9834500579532749,0.983548953867215,9.889591394007802e-05
inventory,shuffled_primes,32,(1.5+0j),0.6,0.00014873230848225775,32,0.0,0.9716760839964956,0.9719651662461012,0.0002890822496055545
inventory,shuffled_primes,32,(2+0j),0.15,7.863866873682838e-07,32,0.0,0.9983819289819906,0.9983834992117411,1.570229750447183e-06
inventory,shuffled_primes,32,(2+0j),0.35,4.288417961577e-06,32,0.0,0.9962236887160424,0.9962322331998056,8.544483763195387e-06
inventory,shuffled_primes,32,(2+0j),0.6,1.2628431676961675e-05,32,0.0,0.9935245878130202,0.9935496814446666,2.50936316463779e-05
inventory,shuffled_primes,32,(1.5+0.75j),0.15,8.238774531333951e-06,32,0.0,1.0033841316954226,1.0034006651423546,1.653344693197667e-05
inventory,shuffled_primes,32,(1.5+0.75j),0.35,4.480845114007028e-05,32,0.0,1.0079108981085456,1.008001226566335,9.032845778933485e-05
inventory,shuffled_primes,32,(1.5+0.75j),0.6,0.00013150414951275453,32,0.0,1.0135926907141612,1.0138593090636994,0.0002666183495381169
inventory,random_increasing,32,(1.25+0j),0.15,2.4407929964219698e-05,32,0.0,0.9850358134702601,0.9850839000142464,4.8086543986247676e-05
inventory,random_increasing,32,(1.25+0j),0.35,0.00013429199629188596,32,0.0,0.9652770919959903,0.9655363847919853,0.0002592927959950142
inventory,random_increasing,32,(1.25+0j),0.6,0.00039992442302802164,32,0.0,0.9408876603409213,0.9416405293341357,0.0007528689932143617
inventory,random_increasing,32,(1.5+0j),0.15,5.839123579986188e-06,32,0.0,0.993709409181342,0.9937210140331897,1.160485184770188e-05
inventory,random_increasing,32,(1.5+0j),0.35,3.197088387131679e-05,32,0.0,0.9853434920076853,0.9854064986267739,6.300661908853478e-05
inventory,random_increasing,32,(1.5+0j),0.6,9.462436361491577e-05,32,0.0,0.9749206917558133,0.9751052117159245,0.00018451996011115135
inventory,random_increasing,32,(2+0j),0.15,3.874946014765784e-07,32,0.0,0.9986291832251383,0.9986299571522729,7.739271346007826e-07
inventory,random_increasing,32,(2+0j),0.35,2.113023354972435e-06,32,0.0,0.9968014041971526,0.9968056167353484,4.212538195824678e-06
inventory,random_increasing,32,(2+0j),0.6,6.221974995152903e-06,32,0.0,0.9945166435838713,0.9945290193762504,1.237579237911568e-05
inventory,random_increasing,32,(1.5+0.75j),0.15,4.879670410009794e-06,32,0.0,1.0031001792833816,1.0031099689057028,9.789622321232372e-06
inventory,random_increasing,32,(1.5+0.75j),0.35,2.651207377845446e-05,32,0.0,1.0072496158863395,1.0073030252446167,5.3409358277134444e-05
inventory,random_increasing,32,(1.5+0.75j),0.6,7.770932397712734e-05,32,0.0,1.012461929780831,1.0126192971846186,0.0001573674037875783
inventory,primes,64,(1.25+0j),0.15,0.004253009674138016,64,0.0,0.8247068077710358,0.8317517292286074,0.007044921457571629
inventory,primes,64,(1.25+0j),0.35,0.026130937082670114,64,0.0,0.6206518226475458,0.6539564224099125,0.03330459976236666
inventory,primes,64,(1.25+0j),0.6,0.09081310194096721,64,0.0,0.4094118580800117,0.4911373934290916,0.08172553534907989
inventory,primes,64,(1.5+0j),0.15,0.002477800698536734,64,0.0,0.8783716207185555,0.882735290962873,0.004363670244317497
inventory,primes,64,(1.5+0j),0.35,0.014911585426004044,64,0.0,0.7271560877937692,0.7491701639285283,0.022014076134759142
inventory,primes,64,(1.5+0j),0.6,0.050210458935621205,64,0.0,0.5554556518953829,0.6141754125483906,0.05871976065300766
inventory,primes,64,(2+0j),0.15,0.0009338759970599143,64,0.0,0.9327791478622646,0.9345229764562538,0.0017438285939892495
inventory,primes,64,(2+0j),0.35,0.00544257927982585,64,0.0,0.844884800126519,0.8541318261168951,0.009247025990376079
inventory,primes,64,(2+0j),0.6,0.01749928420086667,64,0.0,0.7378972411130895,0.7641823757399651,0.02628513462687554
inventory,primes,64,(1.5+0.75j),0.15,0.002148243104422167,64,0.0,0.9410424466400247,0.9450943244435479,0.0040518778035232295
inventory,primes,64,(1.5+0.75j),0.35,0.012722863080617866,64,0.0,0.8596408233909726,0.8817966005477966,0.02215577715682404
inventory,primes,64,(1.5+0.75j),0.6,0.04167805306226819,64,0.0,0.7534667506887748,0.8190021605828958,0.06553540989412099
inventory,composites,64,(1.25+0j),0.15,0.0011547407637931858,64,0.0,0.8433645986311107,0.8453145845392747,0.0019499859081639759
inventory,composites,64,(1.25+0j),0.35,0.006529432936484366,64,0.0,0.6677861103598385,0.6765638421806265,0.008777731820788004
inventory,composites,64,(1.25+0j),0.6,0.020158266956211056,64,0.0,0.4932747953429891,0.5135686091464383,0.02029381380344919
inventory,composites,64,(1.5+0j),0.15,0.0004232015935741356,64,0.0,0.9154091369838759,0.9161842701990286,0.0007751332151526569
inventory,composites,64,(1.5+0j),0.35,0.0023687378810211012,64,0.0,0.8117233003116052,0.8155779452528179,0.0038546449412126815
inventory,composites,64,(1.5+0j),0.6,0.00721330939680707,64,0.0,0.6956383793128635,0.7057468812153467,0.010108501902483136
inventory,composites,64,(2+0j),0.15,6.891827457395037e-05,64,0.0,0.9727336627790578,0.9728677502713626,0.00013408749230481298
inventory,composites,64,(2+0j),0.35,0.00038066169205008257,64,0.0,0.9371474986199608,0.9378612426053172,0.0007137439853563965
inventory,composites,64,(2+0j),0.6,0.001139268696218048,64,0.0,0.8938812247885248,0.8959202892542086,0.002039064465683804
inventory,composites,64,(1.5+0.75j),0.15,0.0003205509613885058,64,0.0,1.0193994375961808,1.0200531824224368,0.0006537448262560197
inventory,composites,64,(1.5+0.75j),0.35,0.0017739906985850087,64,0.0,1.0454210467206642,1.0491367396457312,0.0037156929250670157
inventory,composites,64,(1.5+0.75j),0.6,0.00531834969180146,64,0.0,1.0781320102742122,1.0896609929381205,0.011528982663908227
inventory,shuffled_primes,64,(1.25+0j),0.15,0.0010036882463017641,64,0.0,0.9191323633709679,0.920979261397357,0.0018468980263890433
inventory,shuffled_primes,64,(1.25+0j),0.35,0.005728736304379057,64,0.0,0.8159764351673015,0.8253792666811611,0.009402831513859677
inventory,shuffled_primes,64,(1.25+0j),0.6,0.01792763228749546,64,0.0,0.6947288637931519,0.7200916338836121,0.025362770090460174
inventory,shuffled_primes,64,(1.5+0j),0.15,0.0005322082123568059,64,0.0,0.9484198623612495,0.9494299135498231,0.0010100511885735575
inventory,shuffled_primes,64,(1.5+0j),0.35,0.0030040201527086765,64,0.0,0.8807016780010841,0.8860089042876449,0.005307226286560773
inventory,shuffled_primes,64,(1.5+0j),0.6,0.00925546442174649,64,0.0,0.7979076379867286,0.8128154215899525,0.014907783603223868
inventory,shuffled_primes,64,(2+0j),0.15,0.0001602449397408956,62,0.0,0.9754192884058144,0.9757319505176396,0.00031266211182523485
inventory,shuffled_primes,64,(2+0j),0.35,0.0008910456047293567,64,0.0,0.9426153495479267,0.9442966740682873,0.0016813245203606275
inventory,shuffled_primes,64,(2+0j),0.6,0.0026904687265344074,64,0.0,0.9015875552579646,0.9064520254464778,0.004864470188513215
inventory,shuffled_primes,64,(1.5+0.75j),0.15,0.0004899736289871745,64,0.0,0.9809198519186516,0.9818815634413508,0.0009617115226991935
inventory,shuffled_primes,64,(1.5+0.75j),0.35,0.0027346818328134142,64,0.0,0.9549115191394687,0.9601485666882982,0.0052370475488294765
inventory,shuffled_primes,64,(1.5+0.75j),0.6,0.008288045439802301,64,0.0,0.9215745697424423,0.9369780227980243,0.015403453055581995
inventory,random_increasing,64,(1.25+0j),0.15,5.7334948891018996e-06,64,0.0,0.989965352324634,0.9899767043122963,1.1351987662333585e-05
inventory,random_increasing,64,(1.25+0j),0.35,3.1342399736005404e-05,64,0.0,0.9767076044440058,0.9767688310833132,6.122663930741012e-05
inventory,random_increasing,64,(1.25+0j),0.6,9.257790752812523e-05,64,0.0,0.9603294979510923,0.9605073250046186,0.00017782705352620276
inventory,random_increasing,64,(1.5+0j),0.15,9.182950409436978e-07,64,0.0,0.9967278029894416,0.99672963357152,1.8305820783659499e-06
inventory,random_increasing,64,(1.5+0j),0.35,5.009295845676259e-06,64,0.0,0.9923754218938533,0.9923853641478134,9.942253960115721e-06
inventory,random_increasing,64,(1.5+0j),0.6,1.4756936918312087e-05,64,0.0,0.986951866172357,0.9869809953750753,2.9129202718358727e-05
inventory,random_increasing,64,(2+0j),0.15,2.955216966608057e-08,54,0.0,0.9995562659658427,0.9995563250439571,5.907811440053479e-08
inventory,random_increasing,64,(2+0j),0.35,1.6096135006335905e-07,58,0.0,0.9989647043698945,0.9989650259593613,3.215894668340269e-07
inventory,random_increasing,64,(2+0j),0.6,4.732726814132316e-07,60,0.0,0.9982253870345393,0.9982263319005976,9.448660582833668e-07
inventory,random_increasing,64,(1.5+0.75j),0.15,6.846369639155661e-07,64,0.0,1.0021264653716664,1.0021278375551235,1.3721834570823432e-06
inventory,random_increasing,64,(1.5+0.75j),0.35,3.7219958995635727e-06,64,0.0,1.0049663626127994,1.0049738436005675,7.480987768149205e-06
inventory,random_increasing,64,(1.5+0.75j),0.6,1.0918042363763692e-05,64,0.0,1.008523645699665,1.0085456681302,2.20224305351735e-05
inventory,primes,128,(1.25+0j),0.15,0.004253323704526208,94,0.0,0.8212093295268768,0.8282248945297421,0.007015565002865376
inventory,primes,128,(1.25+0j),0.35,0.026132647264409996,102,0.0,0.6145267008322538,0.6475048369514586,0.03297813611920475
inventory,primes,128,(1.25+0j),0.6,0.09081813205497141,110,0.0,0.40250859304390885,0.48286097440908404,0.0803523813651752
inventory,primes,128,(1.5+0j),0.15,0.002477815929345968,82,0.0,0.8775668324164759,0.8819265314106762,0.004359698994200301
inventory,primes,128,(1.5+0j),0.35,0.014911668354370924,90,0.0,0.7256024249849365,0.7475695891933788,0.021967164208442247
inventory,primes,128,(1.5+0j),0.6,0.05021070268692068,94,0.0,0.5534226021751478,0.6119277381096215,0.058505135934473707
inventory,primes,128,(2+0j),0.15,0.0009338760342366218,68,0.0,0.9327389433079146,0.9344826968090586,0.0017437535011439742
inventory,primes,128,(2+0j),0.35,0.005442579482233045,72,0.0,0.8447998314276521,0.854045927805299,0.00924609637764684
inventory,primes,128,(2+0j),0.6,0.017499284795701644,76,0.0,0.7377700297544002,0.7640506338087482,0.026280604054347956
inventory,primes,128,(1.5+0.75j),0.15,0.0021482472886605454,82,0.0,0.9411410065998903,0.9451933167130601,0.004052310113169755
inventory,primes,128,(1.5+0.75j),0.35,0.012722890015058386,90,0.0,0.8598509215275374,0.8820121611668952,0.022161239639357788
inventory,primes,128,(1.5+0.75j),0.6,0.04167814920161194,94,0.0,0.7537824570332902,0.819345484263412,0.06556302723012186
inventory,composites,128,(1.25+0j),0.15,0.0011637161975016723,108,0.0,0.8240309171415681,0.8259510270669814,0.0019201099254133602
inventory,composites,128,(1.25+0j),0.35,0.006578352482132645,120,0.0,0.6325840587712975,0.6409617836889604,0.008377724917662865
inventory,composites,128,(1.25+0j),0.6,0.020302237792878448,126,0.0,0.4495018438941671,0.46812955609436685,0.018627712200199764
inventory,composites,128,(1.5+0j),0.15,0.0004240383340159177,96,0.0,0.909033252287072,0.9098045091876498,0.000771256900577777
inventory,composites,128,(1.5+0j),0.35,0.002373295022922204,106,0.0,0.7985894253129612,0.8023890143466742,0.0037995890337130245
inventory,composites,128,(1.5+0j),0.6,0.007226707637324296,112,0.0,0.6764491156971592,0.68629716333564,0.009848047638480795
inventory,composites,128,(2+0j),0.15,6.892572708144595e-05,78,0.0,0.9721120262008651,0.9722460424943653,0.00013401629350018318
inventory,composites,128,(2+0j),0.35,0.0003807022682152273,86,0.0,0.9357506403655084,0.9364633964812427,0.0007127561157342921
inventory,composites,128,(2+0j),0.6,0.001139387945624199,90,0.0,0.8915983154272422,0.8936323853968484,0.0020340699696062003
inventory,composites,128,(1.5+0.75j),0.15,0.00032024389721770465,96,0.0,1.0257667991679387,1.026423990154928,0.0006571909869892423
inventory,composites,128,(1.5+0.75j),0.35,0.0017722225915272525,106,0.0,1.060721191374174,1.0644874746351176,0.003766283260943526
inventory,composites,128,(1.5+0.75j),0.6,0.005312794017807522,112,0.0,1.105323509137265,1.117130876750746,0.01180736761348089
inventory,shuffled_primes,128,(1.25+0j),0.15,0.0032800890009776523,100,0.0,0.822012815350294,0.8274230961995367,0.005410280849242666
inventory,shuffled_primes,128,(1.25+0j),0.35,0.019283844108877738,108,0.0,0.6188684451926322,0.6432036562725459,0.024335211079913766
inventory,shuffled_primes,128,(1.25+0j),0.6,0.06310614261056322,116,0.0,0.41490062683359885,0.4707328603435249,0.055832233509926055
inventory,shuffled_primes,128,(1.5+0j),0.15,0.0020654419384476073,88,0.0,0.8779300993837106,0.8815642292068501,0.003634129823139487
inventory,shuffled_primes,128,(1.5+0j),0.35,0.012008454327930079,96,0.0,0.7277539570926668,0.7454442193194282,0.0176902622267614
inventory,shuffled_primes,128,(1.5+0j),0.6,0.03861703140485428,102,0.0,0.5602780840063954,0.6052737399792953,0.044995655972899895
inventory,shuffled_primes,128,(2+0j),0.15,0.0008963634592331884,74,0.0,0.9327740610433974,0.9344477702434155,0.0016737092000180809
inventory,shuffled_primes,128,(2+0j),0.35,0.005116930527547906,80,0.0,0.8450792107053678,0.8537720783632933,0.00869286765792543
inventory,shuffled_primes,128,(2+0j),0.6,0.016016721623143316,84,0.0,0.7389064703408658,0.7629605002185061,0.02405402987764038
inventory,shuffled_primes,128,(1.5+0.75j),0.15,0.0018474246281228318,88,0.0,0.9414252795735928,0.9449101377979591,0.003484858224366283
inventory,shuffled_primes,128,(1.5+0.75j),0.35,0.010665873136693598,96,0.0,0.8616587409856444,0.8802369982620416,0.01857825727639717
inventory,shuffled_primes,128,(1.5+0.75j),0.6,0.03385269740287218,102,0.0,0.7600775596032392,0.8133304155813184,0.05325285597807916
inventory,random_increasing,128,(1.25+0j),0.15,9.982665159861337e-06,78,0.0,0.9873131029421317,0.987332815171141,1.9712229009316573e-05
inventory,random_increasing,128,(1.25+0j),0.35,5.460699858522152e-05,86,0.0,0.9705915110413434,0.9706975190085982,0.00010600796725479533
inventory,random_increasing,128,(1.25+0j),0.6,0.00016143068420395088,90,0.0,0.9499985430692711,0.9503053104189526,0.00030676734968149155
inventory,random_increasing,128,(1.5+0j),0.15,1.6913406468049298e-06,68,0.0,0.9957327535364354,0.9957361217886912,3.368252255775417e-06
inventory,random_increasing,128,(1.5+0j),0.35,9.228579876395976e-06,74,0.0,0.9900612224131567,0.9900794962999456,1.8273886788877647e-05
inventory,random_increasing,128,(1.5+0j),0.6,2.71951518618769e-05,76,0.0,0.9830008856523973,0.9830543528231701,5.346717077281404e-05
inventory,random_increasing,128,(2+0j),0.15,5.6232940794067016e-08,54,0.0,0.999371463311224,0.9993715757064229,1.123951989256966e-07
inventory,random_increasing,128,(2+0j),0.35,3.063019228966442e-07,58,0.0,0.998533648707688,0.9985342604134287,6.117057407273307e-07
inventory,random_increasing,128,(2+0j),0.6,9.006850434699992e-07,60,0.0,0.9974867570710417,0.9974885539154665,1.7968444248062099e-06
inventory,random_increasing,128,(1.5+0.75j),0.15,1.4007142598101175e-06,68,0.0,1.0027003325764308,1.0027031415526497,2.8089762189598133e-06
inventory,random_increasing,128,(1.5+0.75j),0.35,7.615240381094516e-06,72,0.0,1.0063073138311218,1.0063226402682535,1.5326437131646387e-05
inventory,random_increasing,128,(1.5+0.75j),0.6,2.23395817709988e-05,76,0.0,1.0108265401927818,1.0108717035315715,4.516333878967771e-05
positive_charge,15000,2,(1.25+0j),0.15,0.002832715277032613,5,0.0,0.8987837900645664,0.9038902523640641,0.005106462299497627
positive_charge,15001,2,(1.25+0j),0.15,0.002832715277032613,6,0.0,0.8987837900645664,0.9038902523640641,0.005106462299497627
positive_charge,15002,2,(1.25+0j),0.15,0.002832715277032613,6,0.0,0.8987837900645664,0.9038902523640641,0.005106462299497627
positive_charge,15003,2,(1.25+0j),0.15,0.002832715277032613,4,0.0,0.8987837900645664,0.9038902523640641,0.005106462299497627
positive_charge,15004,2,(1.25+0j),0.15,0.002832715277032613,4,0.0,0.8987837900645664,0.9038902523640641,0.005106462299497627
positive_charge,15005,2,(1.25+0j),0.15,0.002832715277032613,5,0.0,0.8987837900645664,0.9038902523640641,0.005106462299497627
positive_charge,15006,2,(1.25+0j),0.15,0.002832715277032613,5,0.0,0.8987837900645664,0.9038902523640641,0.005106462299497627
positive_charge,15007,2,(1.25+0j),0.15,0.002832715277032613,4,0.0,0.8987837900645664,0.9038902523640641,0.005106462299497627
positive_charge,15008,2,(1.25+0j),0.15,0.002832715277032613,3,0.0,0.8987837900645664,0.9038902523640641,0.005106462299497627
positive_charge,15009,2,(1.25+0j),0.15,0.002832715277032613,4,0.0,0.8987837900645664,0.9038902523640641,0.005106462299497627
positive_charge,15010,2,(1.25+0j),0.15,0.002832715277032613,3,0.0,0.8987837900645664,0.9038902523640641,0.005106462299497627
positive_charge,15011,2,(1.25+0j),0.15,0.002832715277032613,5,0.0,0.8987837900645664,0.9038902523640641,0.005106462299497627
positive_charge,15012,2,(1.25+0j),0.15,0.002832715277032613,4,0.0,0.8987837900645664,0.9038902523640641,0.005106462299497627
positive_charge,15013,2,(1.25+0j),0.15,0.002832715277032613,6,0.0,0.8987837900645664,0.9038902523640641,0.005106462299497627
positive_charge,15014,2,(1.25+0j),0.15,0.002832715277032613,3,0.0,0.8987837900645664,0.9038902523640641,0.005106462299497627
positive_charge,15015,2,(1.25+0j),0.15,0.002832715277032613,4,0.0,0.8987837900645664,0.9038902523640641,0.005106462299497627
positive_charge,15016,2,(1.25+0j),0.15,0.002832715277032613,6,0.0,0.8987837900645664,0.9038902523640641,0.005106462299497627
positive_charge,15017,2,(1.25+0j),0.15,0.002832715277032613,5,0.0,0.8987837900645664,0.9038902523640641,0.005106462299497627
positive_charge,15018,2,(1.25+0j),0.15,0.002832715277032613,3,0.0,0.8987837900645664,0.9038902523640641,0.005106462299497627
positive_charge,15019,2,(1.25+0j),0.15,0.002832715277032613,4,0.0,0.8987837900645664,0.9038902523640641,0.005106462299497627
positive_charge,15020,2,(1.25+0j),0.15,0.002832715277032613,3,0.0,0.8987837900645664,0.9038902523640641,0.005106462299497627
positive_charge,15021,2,(1.25+0j),0.15,0.002832715277032613,4,0.0,0.8987837900645664,0.9038902523640641,0.005106462299497627
positive_charge,15022,2,(1.25+0j),0.15,0.002832715277032613,4,0.0,0.8987837900645664,0.9038902523640641,0.005106462299497627
positive_charge,15023,2,(1.25+0j),0.15,0.002832715277032613,2,0.0,0.8987837900645664,0.9038902523640641,0.005106462299497627
positive_charge,15024,2,(1.25+0j),0.15,0.002832715277032613,4,0.0,0.8987837900645664,0.9038902523640641,0.005106462299497627
positive_charge,15025,2,(1.25+0j),0.15,0.002832715277032613,6,0.0,0.8987837900645664,0.9038902523640641,0.005106462299497627
positive_charge,15026,2,(1.25+0j),0.15,0.002832715277032613,3,0.0,0.8987837900645664,0.9038902523640641,0.005106462299497627
positive_charge,15027,2,(1.25+0j),0.15,0.002832715277032613,5,0.0,0.8987837900645664,0.9038902523640641,0.005106462299497627
positive_charge,15028,2,(1.25+0j),0.15,0.002832715277032613,6,0.0,0.8987837900645664,0.9038902523640641,0.005106462299497627
positive_charge,15029,2,(1.25+0j),0.15,0.002832715277032613,3,0.0,0.8987837900645664,0.9038902523640641,0.005106462299497627
positive_charge,15030,2,(1.25+0j),0.15,0.002832715277032613,4,0.0,0.8987837900645664,0.9038902523640641,0.005106462299497627
positive_charge,15031,2,(1.25+0j),0.15,0.002832715277032613,3,0.0,0.8987837900645664,0.9038902523640641,0.005106462299497627
positive_charge,15000,2,(1.25+0j),0.35,0.01788496769138703,5,0.0,0.7633397939009762,0.7911416441982416,0.02780185029726545
positive_charge,15001,2,(1.25+0j),0.35,0.01788496769138703,6,0.0,0.7633397939009762,0.7911416441982416,0.02780185029726545
positive_charge,15002,2,(1.25+0j),0.35,0.01788496769138703,6,0.0,0.7633397939009762,0.7911416441982416,0.02780185029726545
positive_charge,15003,2,(1.25+0j),0.35,0.01788496769138703,4,0.0,0.7633397939009762,0.7911416441982416,0.02780185029726545
positive_charge,15004,2,(1.25+0j),0.35,0.01788496769138703,4,0.0,0.7633397939009762,0.7911416441982416,0.02780185029726545
positive_charge,15005,2,(1.25+0j),0.35,0.01788496769138703,5,0.0,0.7633397939009762,0.7911416441982416,0.02780185029726545
positive_charge,15006,2,(1.25+0j),0.35,0.01788496769138703,5,0.0,0.7633397939009762,0.7911416441982416,0.02780185029726545
positive_charge,15007,2,(1.25+0j),0.35,0.01788496769138703,4,0.0,0.7633397939009762,0.7911416441982416,0.02780185029726545
positive_charge,15008,2,(1.25+0j),0.35,0.01788496769138703,3,0.0,0.7633397939009762,0.7911416441982416,0.02780185029726545
positive_charge,15009,2,(1.25+0j),0.35,0.01788496769138703,4,0.0,0.7633397939009762,0.7911416441982416,0.02780185029726545
positive_charge,15010,2,(1.25+0j),0.35,0.01788496769138703,3,0.0,0.7633397939009762,0.7911416441982416,0.02780185029726545
positive_charge,15011,2,(1.25+0j),0.35,0.01788496769138703,5,0.0,0.7633397939009762,0.7911416441982416,0.02780185029726545
positive_charge,15012,2,(1.25+0j),0.35,0.01788496769138703,4,0.0,0.7633397939009762,0.7911416441982416,0.02780185029726545
positive_charge,15013,2,(1.25+0j),0.35,0.01788496769138703,6,0.0,0.7633397939009762,0.7911416441982416,0.02780185029726545
positive_charge,15014,2,(1.25+0j),0.35,0.01788496769138703,3,0.0,0.7633397939009762,0.7911416441982416,0.02780185029726545
positive_charge,15015,2,(1.25+0j),0.35,0.01788496769138703,4,0.0,0.7633397939009762,0.7911416441982416,0.02780185029726545
positive_charge,15016,2,(1.25+0j),0.35,0.01788496769138703,6,0.0,0.7633397939009762,0.7911416441982416,0.02780185029726545
positive_charge,15017,2,(1.25+0j),0.35,0.01788496769138703,5,0.0,0.7633397939009762,0.7911416441982416,0.02780185029726545
positive_charge,15018,2,(1.25+0j),0.35,0.01788496769138703,3,0.0,0.7633397939009762,0.7911416441982416,0.02780185029726545
positive_charge,15019,2,(1.25+0j),0.35,0.01788496769138703,4,0.0,0.7633397939009762,0.7911416441982416,0.02780185029726545
positive_charge,15020,2,(1.25+0j),0.35,0.01788496769138703,3,0.0,0.7633397939009762,0.7911416441982416,0.02780185029726545
positive_charge,15021,2,(1.25+0j),0.35,0.01788496769138703,4,0.0,0.7633397939009762,0.7911416441982416,0.02780185029726545
positive_charge,15022,2,(1.25+0j),0.35,0.01788496769138703,4,0.0,0.7633397939009762,0.7911416441982416,0.02780185029726545
positive_charge,15023,2,(1.25+0j),0.35,0.01788496769138703,2,0.0,0.7633397939009762,0.7911416441982416,0.02780185029726545
positive_charge,15024,2,(1.25+0j),0.35,0.01788496769138703,4,0.0,0.7633397939009762,0.7911416441982416,0.02780185029726545
positive_charge,15025,2,(1.25+0j),0.35,0.01788496769138703,6,0.0,0.7633397939009762,0.7911416441982416,0.02780185029726545
positive_charge,15026,2,(1.25+0j),0.35,0.01788496769138703,3,0.0,0.7633397939009762,0.7911416441982416,0.02780185029726545
positive_charge,15027,2,(1.25+0j),0.35,0.01788496769138703,5,0.0,0.7633397939009762,0.7911416441982416,0.02780185029726545
positive_charge,15028,2,(1.25+0j),0.35,0.01788496769138703,6,0.0,0.7633397939009762,0.7911416441982416,0.02780185029726545
positive_charge,15029,2,(1.25+0j),0.35,0.01788496769138703,3,0.0,0.7633397939009762,0.7911416441982416,0.02780185029726545
positive_charge,15030,2,(1.25+0j),0.35,0.01788496769138703,4,0.0,0.7633397939009762,0.7911416441982416,0.02780185029726545
positive_charge,15031,2,(1.25+0j),0.35,0.01788496769138703,3,0.0,0.7633397939009762,0.7911416441982416,0.02780185029726545
positive_charge,15000,2,(1.25+0j),0.6,0.06442464059634638,5,0.0,0.5932488261523617,0.6749522229443253,0.08170339679196359
positive_charge,15001,2,(1.25+0j),0.6,0.06442464059634638,6,0.0,0.5932488261523617,0.6749522229443253,0.08170339679196359
positive_charge,15002,2,(1.25+0j),0.6,0.06442464059634638,6,0.0,0.5932488261523617,0.6749522229443253,0.08170339679196359
positive_charge,15003,2,(1.25+0j),0.6,0.06442464059634638,4,0.0,0.5932488261523617,0.6749522229443253,0.08170339679196359
positive_charge,15004,2,(1.25+0j),0.6,0.06442464059634638,4,0.0,0.5932488261523617,0.6749522229443253,0.08170339679196359
positive_charge,15005,2,(1.25+0j),0.6,0.06442464059634638,5,0.0,0.5932488261523617,0.6749522229443253,0.08170339679196359
positive_charge,15006,2,(1.25+0j),0.6,0.06442464059634638,5,0.0,0.5932488261523617,0.6749522229443253,0.08170339679196359
positive_charge,15007,2,(1.25+0j),0.6,0.06442464059634638,4,0.0,0.5932488261523617,0.6749522229443253,0.08170339679196359
positive_charge,15008,2,(1.25+0j),0.6,0.06442464059634638,3,0.0,0.5932488261523617,0.6749522229443253,0.08170339679196359
positive_charge,15009,2,(1.25+0j),0.6,0.06442464059634638,4,0.0,0.5932488261523617,0.6749522229443253,0.08170339679196359
positive_charge,15010,2,(1.25+0j),0.6,0.06442464059634638,3,0.0,0.5932488261523617,0.6749522229443253,0.08170339679196359
positive_charge,15011,2,(1.25+0j),0.6,0.06442464059634638,5,0.0,0.5932488261523617,0.6749522229443253,0.08170339679196359
positive_charge,15012,2,(1.25+0j),0.6,0.06442464059634638,4,0.0,0.5932488261523617,0.6749522229443253,0.08170339679196359
positive_charge,15013,2,(1.25+0j),0.6,0.06442464059634638,6,0.0,0.5932488261523617,0.6749522229443253,0.08170339679196359
positive_charge,15014,2,(1.25+0j),0.6,0.06442464059634638,3,0.0,0.5932488261523617,0.6749522229443253,0.08170339679196359
positive_charge,15015,2,(1.25+0j),0.6,0.06442464059634638,4,0.0,0.5932488261523617,0.6749522229443253,0.08170339679196359
positive_charge,15016,2,(1.25+0j),0.6,0.06442464059634638,6,0.0,0.5932488261523617,0.6749522229443253,0.08170339679196359
positive_charge,15017,2,(1.25+0j),0.6,0.06442464059634638,5,0.0,0.5932488261523617,0.6749522229443253,0.08170339679196359
positive_charge,15018,2,(1.25+0j),0.6,0.06442464059634638,3,0.0,0.5932488261523617,0.6749522229443253,0.08170339679196359
positive_charge,15019,2,(1.25+0j),0.6,0.06442464059634638,4,0.0,0.5932488261523617,0.6749522229443253,0.08170339679196359
positive_charge,15020,2,(1.25+0j),0.6,0.06442464059634638,3,0.0,0.5932488261523617,0.6749522229443253,0.08170339679196359
positive_charge,15021,2,(1.25+0j),0.6,0.06442464059634638,4,0.0,0.5932488261523617,0.6749522229443253,0.08170339679196359
positive_charge,15022,2,(1.25+0j),0.6,0.06442464059634638,4,0.0,0.5932488261523617,0.6749522229443253,0.08170339679196359
positive_charge,15023,2,(1.25+0j),0.6,0.06442464059634638,2,0.0,0.5932488261523617,0.6749522229443253,0.08170339679196359
positive_charge,15024,2,(1.25+0j),0.6,0.06442464059634638,4,0.0,0.5932488261523617,0.6749522229443253,0.08170339679196359
positive_charge,15025,2,(1.25+0j),0.6,0.06442464059634638,6,0.0,0.5932488261523617,0.6749522229443253,0.08170339679196359
positive_charge,15026,2,(1.25+0j),0.6,0.06442464059634638,3,0.0,0.5932488261523617,0.6749522229443253,0.08170339679196359
positive_charge,15027,2,(1.25+0j),0.6,0.06442464059634638,5,0.0,0.5932488261523617,0.6749522229443253,0.08170339679196359
positive_charge,15028,2,(1.25+0j),0.6,0.06442464059634638,6,0.0,0.5932488261523617,0.6749522229443253,0.08170339679196359
positive_charge,15029,2,(1.25+0j),0.6,0.06442464059634638,3,0.0,0.5932488261523617,0.6749522229443253,0.08170339679196359
positive_charge,15030,2,(1.25+0j),0.6,0.06442464059634638,4,0.0,0.5932488261523617,0.6749522229443253,0.08170339679196359
positive_charge,15031,2,(1.25+0j),0.6,0.06442464059634638,3,0.0,0.5932488261523617,0.6749522229443253,0.08170339679196359
positive_charge,15000,2,(1.5+0j),0.15,0.0018234758893001532,5,0.0,0.9179534851628142,0.9213073329187202,0.003353847755906081
positive_charge,15001,2,(1.5+0j),0.15,0.0018234758893001532,6,0.0,0.9179534851628142,0.9213073329187202,0.003353847755906081
positive_charge,15002,2,(1.5+0j),0.15,0.0018234758893001532,6,0.0,0.9179534851628142,0.9213073329187202,0.003353847755906081
positive_charge,15003,2,(1.5+0j),0.15,0.0018234758893001532,4,0.0,0.9179534851628142,0.9213073329187202,0.003353847755906081
positive_charge,15004,2,(1.5+0j),0.15,0.0018234758893001532,4,0.0,0.9179534851628142,0.9213073329187202,0.003353847755906081
positive_charge,15005,2,(1.5+0j),0.15,0.0018234758893001532,5,0.0,0.9179534851628142,0.9213073329187202,0.003353847755906081
positive_charge,15006,2,(1.5+0j),0.15,0.0018234758893001532,5,0.0,0.9179534851628142,0.9213073329187202,0.003353847755906081
positive_charge,15007,2,(1.5+0j),0.15,0.0018234758893001532,4,0.0,0.9179534851628142,0.9213073329187202,0.003353847755906081
positive_charge,15008,2,(1.5+0j),0.15,0.0018234758893001532,3,0.0,0.9179534851628142,0.9213073329187202,0.003353847755906081
positive_charge,15009,2,(1.5+0j),0.15,0.0018234758893001532,4,0.0,0.9179534851628142,0.9213073329187202,0.003353847755906081
positive_charge,15010,2,(1.5+0j),0.15,0.0018234758893001532,3,0.0,0.9179534851628142,0.9213073329187202,0.003353847755906081
positive_charge,15011,2,(1.5+0j),0.15,0.0018234758893001532,5,0.0,0.9179534851628142,0.9213073329187202,0.003353847755906081
positive_charge,15012,2,(1.5+0j),0.15,0.0018234758893001532,4,0.0,0.9179534851628142,0.9213073329187202,0.003353847755906081
positive_charge,15013,2,(1.5+0j),0.15,0.0018234758893001532,6,0.0,0.9179534851628142,0.9213073329187202,0.003353847755906081
positive_charge,15014,2,(1.5+0j),0.15,0.0018234758893001532,3,0.0,0.9179534851628142,0.9213073329187202,0.003353847755906081
positive_charge,15015,2,(1.5+0j),0.15,0.0018234758893001532,4,0.0,0.9179534851628142,0.9213073329187202,0.003353847755906081
positive_charge,15016,2,(1.5+0j),0.15,0.0018234758893001532,6,0.0,0.9179534851628142,0.9213073329187202,0.003353847755906081
positive_charge,15017,2,(1.5+0j),0.15,0.0018234758893001532,5,0.0,0.9179534851628142,0.9213073329187202,0.003353847755906081
positive_charge,15018,2,(1.5+0j),0.15,0.0018234758893001532,3,0.0,0.9179534851628142,0.9213073329187202,0.003353847755906081
positive_charge,15019,2,(1.5+0j),0.15,0.0018234758893001532,4,0.0,0.9179534851628142,0.9213073329187202,0.003353847755906081
positive_charge,15020,2,(1.5+0j),0.15,0.0018234758893001532,3,0.0,0.9179534851628142,0.9213073329187202,0.003353847755906081
positive_charge,15021,2,(1.5+0j),0.15,0.0018234758893001532,4,0.0,0.9179534851628142,0.9213073329187202,0.003353847755906081
positive_charge,15022,2,(1.5+0j),0.15,0.0018234758893001532,4,0.0,0.9179534851628142,0.9213073329187202,0.003353847755906081
positive_charge,15023,2,(1.5+0j),0.15,0.0018234758893001532,2,0.0,0.9179534851628142,0.9213073329187202,0.003353847755906081
positive_charge,15024,2,(1.5+0j),0.15,0.0018234758893001532,4,0.0,0.9179534851628142,0.9213073329187202,0.003353847755906081
positive_charge,15025,2,(1.5+0j),0.15,0.0018234758893001532,6,0.0,0.9179534851628142,0.9213073329187202,0.003353847755906081
positive_charge,15026,2,(1.5+0j),0.15,0.0018234758893001532,3,0.0,0.9179534851628142,0.9213073329187202,0.003353847755906081
positive_charge,15027,2,(1.5+0j),0.15,0.0018234758893001532,5,0.0,0.9179534851628142,0.9213073329187202,0.003353847755906081
positive_charge,15028,2,(1.5+0j),0.15,0.0018234758893001532,6,0.0,0.9179534851628142,0.9213073329187202,0.003353847755906081
positive_charge,15029,2,(1.5+0j),0.15,0.0018234758893001532,3,0.0,0.9179534851628142,0.9213073329187202,0.003353847755906081
positive_charge,15030,2,(1.5+0j),0.15,0.0018234758893001532,4,0.0,0.9179534851628142,0.9213073329187202,0.003353847755906081
positive_charge,15031,2,(1.5+0j),0.15,0.0018234758893001532,3,0.0,0.9179534851628142,0.9213073329187202,0.003353847755906081
positive_charge,15000,2,(1.5+0j),0.35,0.0111717336209512,5,0.0,0.8081039322594573,0.826363770041613,0.018259837782155675
positive_charge,15001,2,(1.5+0j),0.35,0.0111717336209512,6,0.0,0.8081039322594573,0.826363770041613,0.018259837782155675
positive_charge,15002,2,(1.5+0j),0.35,0.0111717336209512,6,0.0,0.8081039322594573,0.826363770041613,0.018259837782155675
positive_charge,15003,2,(1.5+0j),0.35,0.0111717336209512,4,0.0,0.8081039322594573,0.826363770041613,0.018259837782155675
positive_charge,15004,2,(1.5+0j),0.35,0.0111717336209512,4,0.0,0.8081039322594573,0.826363770041613,0.018259837782155675
positive_charge,15005,2,(1.5+0j),0.35,0.0111717336209512,5,0.0,0.8081039322594573,0.826363770041613,0.018259837782155675
positive_charge,15006,2,(1.5+0j),0.35,0.0111717336209512,5,0.0,0.8081039322594573,0.826363770041613,0.018259837782155675
positive_charge,15007,2,(1.5+0j),0.35,0.0111717336209512,4,0.0,0.8081039322594573,0.826363770041613,0.018259837782155675
positive_charge,15008,2,(1.5+0j),0.35,0.0111717336209512,3,0.0,0.8081039322594573,0.826363770041613,0.018259837782155675
positive_charge,15009,2,(1.5+0j),0.35,0.0111717336209512,4,0.0,0.8081039322594573,0.826363770041613,0.018259837782155675
positive_charge,15010,2,(1.5+0j),0.35,0.0111717336209512,3,0.0,0.8081039322594573,0.826363770041613,0.018259837782155675
positive_charge,15011,2,(1.5+0j),0.35,0.0111717336209512,5,0.0,0.8081039322594573,0.826363770041613,0.018259837782155675
positive_charge,15012,2,(1.5+0j),0.35,0.0111717336209512,4,0.0,0.8081039322594573,0.826363770041613,0.018259837782155675
positive_charge,15013,2,(1.5+0j),0.35,0.0111717336209512,6,0.0,0.8081039322594573,0.826363770041613,0.018259837782155675
positive_charge,15014,2,(1.5+0j),0.35,0.0111717336209512,3,0.0,0.8081039322594573,0.826363770041613,0.018259837782155675
positive_charge,15015,2,(1.5+0j),0.35,0.0111717336209512,4,0.0,0.8081039322594573,0.826363770041613,0.018259837782155675
positive_charge,15016,2,(1.5+0j),0.35,0.0111717336209512,6,0.0,0.8081039322594573,0.826363770041613,0.018259837782155675
positive_charge,15017,2,(1.5+0j),0.35,0.0111717336209512,5,0.0,0.8081039322594573,0.826363770041613,0.018259837782155675
positive_charge,15018,2,(1.5+0j),0.35,0.0111717336209512,3,0.0,0.8081039322594573,0.826363770041613,0.018259837782155675
positive_charge,15019,2,(1.5+0j),0.35,0.0111717336209512,4,0.0,0.8081039322594573,0.826363770041613,0.018259837782155675
positive_charge,15020,2,(1.5+0j),0.35,0.0111717336209512,3,0.0,0.8081039322594573,0.826363770041613,0.018259837782155675
positive_charge,15021,2,(1.5+0j),0.35,0.0111717336209512,4,0.0,0.8081039322594573,0.826363770041613,0.018259837782155675
positive_charge,15022,2,(1.5+0j),0.35,0.0111717336209512,4,0.0,0.8081039322594573,0.826363770041613,0.018259837782155675
positive_charge,15023,2,(1.5+0j),0.35,0.0111717336209512,2,0.0,0.8081039322594573,0.826363770041613,0.018259837782155675
positive_charge,15024,2,(1.5+0j),0.35,0.0111717336209512,4,0.0,0.8081039322594573,0.826363770041613,0.018259837782155675
positive_charge,15025,2,(1.5+0j),0.35,0.0111717336209512,6,0.0,0.8081039322594573,0.826363770041613,0.018259837782155675
positive_charge,15026,2,(1.5+0j),0.35,0.0111717336209512,3,0.0,0.8081039322594573,0.826363770041613,0.018259837782155675
positive_charge,15027,2,(1.5+0j),0.35,0.0111717336209512,5,0.0,0.8081039322594573,0.826363770041613,0.018259837782155675
positive_charge,15028,2,(1.5+0j),0.35,0.0111717336209512,6,0.0,0.8081039322594573,0.826363770041613,0.018259837782155675
positive_charge,15029,2,(1.5+0j),0.35,0.0111717336209512,3,0.0,0.8081039322594573,0.826363770041613,0.018259837782155675
positive_charge,15030,2,(1.5+0j),0.35,0.0111717336209512,4,0.0,0.8081039322594573,0.826363770041613,0.018259837782155675
positive_charge,15031,2,(1.5+0j),0.35,0.0111717336209512,3,0.0,0.8081039322594573,0.826363770041613,0.018259837782155675
positive_charge,15000,2,(1.5+0j),0.6,0.03850058673548791,5,0.0,0.6700620271866932,0.7237235912811916,0.053661564094498404
positive_charge,15001,2,(1.5+0j),0.6,0.03850058673548791,6,0.0,0.6700620271866932,0.7237235912811916,0.053661564094498404
positive_charge,15002,2,(1.5+0j),0.6,0.03850058673548791,6,0.0,0.6700620271866932,0.7237235912811916,0.053661564094498404
positive_charge,15003,2,(1.5+0j),0.6,0.03850058673548791,4,0.0,0.6700620271866932,0.7237235912811916,0.053661564094498404
positive_charge,15004,2,(1.5+0j),0.6,0.03850058673548791,4,0.0,0.6700620271866932,0.7237235912811916,0.053661564094498404
positive_charge,15005,2,(1.5+0j),0.6,0.03850058673548791,5,0.0,0.6700620271866932,0.7237235912811916,0.053661564094498404
positive_charge,15006,2,(1.5+0j),0.6,0.03850058673548791,5,0.0,0.6700620271866932,0.7237235912811916,0.053661564094498404
positive_charge,15007,2,(1.5+0j),0.6,0.03850058673548791,4,0.0,0.6700620271866932,0.7237235912811916,0.053661564094498404
positive_charge,15008,2,(1.5+0j),0.6,0.03850058673548791,3,0.0,0.6700620271866932,0.7237235912811916,0.053661564094498404
positive_charge,15009,2,(1.5+0j),0.6,0.03850058673548791,4,0.0,0.6700620271866932,0.7237235912811916,0.053661564094498404
positive_charge,15010,2,(1.5+0j),0.6,0.03850058673548791,3,0.0,0.6700620271866932,0.7237235912811916,0.053661564094498404
positive_charge,15011,2,(1.5+0j),0.6,0.03850058673548791,5,0.0,0.6700620271866932,0.7237235912811916,0.053661564094498404
positive_charge,15012,2,(1.5+0j),0.6,0.03850058673548791,4,0.0,0.6700620271866932,0.7237235912811916,0.053661564094498404
positive_charge,15013,2,(1.5+0j),0.6,0.03850058673548791,6,0.0,0.6700620271866932,0.7237235912811916,0.053661564094498404
positive_charge,15014,2,(1.5+0j),0.6,0.03850058673548791,3,0.0,0.6700620271866932,0.7237235912811916,0.053661564094498404
positive_charge,15015,2,(1.5+0j),0.6,0.03850058673548791,4,0.0,0.6700620271866932,0.7237235912811916,0.053661564094498404
positive_charge,15016,2,(1.5+0j),0.6,0.03850058673548791,6,0.0,0.6700620271866932,0.7237235912811916,0.053661564094498404
positive_charge,15017,2,(1.5+0j),0.6,0.03850058673548791,5,0.0,0.6700620271866932,0.7237235912811916,0.053661564094498404
positive_charge,15018,2,(1.5+0j),0.6,0.03850058673548791,3,0.0,0.6700620271866932,0.7237235912811916,0.053661564094498404
positive_charge,15019,2,(1.5+0j),0.6,0.03850058673548791,4,0.0,0.6700620271866932,0.7237235912811916,0.053661564094498404
positive_charge,15020,2,(1.5+0j),0.6,0.03850058673548791,3,0.0,0.6700620271866932,0.7237235912811916,0.053661564094498404
positive_charge,15021,2,(1.5+0j),0.6,0.03850058673548791,4,0.0,0.6700620271866932,0.7237235912811916,0.053661564094498404
positive_charge,15022,2,(1.5+0j),0.6,0.03850058673548791,4,0.0,0.6700620271866932,0.7237235912811916,0.053661564094498404
positive_charge,15023,2,(1.5+0j),0.6,0.03850058673548791,2,0.0,0.6700620271866932,0.7237235912811916,0.053661564094498404
positive_charge,15024,2,(1.5+0j),0.6,0.03850058673548791,4,0.0,0.6700620271866932,0.7237235912811916,0.053661564094498404
positive_charge,15025,2,(1.5+0j),0.6,0.03850058673548791,6,0.0,0.6700620271866932,0.7237235912811916,0.053661564094498404
positive_charge,15026,2,(1.5+0j),0.6,0.03850058673548791,3,0.0,0.6700620271866932,0.7237235912811916,0.053661564094498404
positive_charge,15027,2,(1.5+0j),0.6,0.03850058673548791,5,0.0,0.6700620271866932,0.7237235912811916,0.053661564094498404
positive_charge,15028,2,(1.5+0j),0.6,0.03850058673548791,6,0.0,0.6700620271866932,0.7237235912811916,0.053661564094498404
positive_charge,15029,2,(1.5+0j),0.6,0.03850058673548791,3,0.0,0.6700620271866932,0.7237235912811916,0.053661564094498404
positive_charge,15030,2,(1.5+0j),0.6,0.03850058673548791,4,0.0,0.6700620271866932,0.7237235912811916,0.053661564094498404
positive_charge,15031,2,(1.5+0j),0.6,0.03850058673548791,3,0.0,0.6700620271866932,0.7237235912811916,0.053661564094498404
positive_charge,15000,2,(2+0j),0.15,0.0007750018343238682,5,0.0,0.9457248263888889,0.9471918402777777,0.001467013888888813
positive_charge,15001,2,(2+0j),0.15,0.0007750018343238682,6,0.0,0.9457248263888889,0.9471918402777777,0.001467013888888813
positive_charge,15002,2,(2+0j),0.15,0.0007750018343238682,6,0.0,0.9457248263888889,0.9471918402777777,0.001467013888888813
positive_charge,15003,2,(2+0j),0.15,0.0007750018343238682,4,0.0,0.9457248263888889,0.9471918402777777,0.001467013888888813
positive_charge,15004,2,(2+0j),0.15,0.0007750018343238682,4,0.0,0.9457248263888889,0.9471918402777777,0.001467013888888813
positive_charge,15005,2,(2+0j),0.15,0.0007750018343238682,5,0.0,0.9457248263888889,0.9471918402777777,0.001467013888888813
positive_charge,15006,2,(2+0j),0.15,0.0007750018343238682,5,0.0,0.9457248263888889,0.9471918402777777,0.001467013888888813
positive_charge,15007,2,(2+0j),0.15,0.0007750018343238682,4,0.0,0.9457248263888889,0.9471918402777777,0.001467013888888813
positive_charge,15008,2,(2+0j),0.15,0.0007750018343238682,3,0.0,0.9457248263888889,0.9471918402777777,0.001467013888888813
positive_charge,15009,2,(2+0j),0.15,0.0007750018343238682,4,0.0,0.9457248263888889,0.9471918402777777,0.001467013888888813
positive_charge,15010,2,(2+0j),0.15,0.0007750018343238682,3,0.0,0.9457248263888889,0.9471918402777777,0.001467013888888813
positive_charge,15011,2,(2+0j),0.15,0.0007750018343238682,5,0.0,0.9457248263888889,0.9471918402777777,0.001467013888888813
positive_charge,15012,2,(2+0j),0.15,0.0007750018343238682,4,0.0,0.9457248263888889,0.9471918402777777,0.001467013888888813
positive_charge,15013,2,(2+0j),0.15,0.0007750018343238682,6,0.0,0.9457248263888889,0.9471918402777777,0.001467013888888813
positive_charge,15014,2,(2+0j),0.15,0.0007750018343238682,3,0.0,0.9457248263888889,0.9471918402777777,0.001467013888888813
positive_charge,15015,2,(2+0j),0.15,0.0007750018343238682,4,0.0,0.9457248263888889,0.9471918402777777,0.001467013888888813
positive_charge,15016,2,(2+0j),0.15,0.0007750018343238682,6,0.0,0.9457248263888889,0.9471918402777777,0.001467013888888813
positive_charge,15017,2,(2+0j),0.15,0.0007750018343238682,5,0.0,0.9457248263888889,0.9471918402777777,0.001467013888888813
positive_charge,15018,2,(2+0j),0.15,0.0007750018343238682,3,0.0,0.9457248263888889,0.9471918402777777,0.001467013888888813
positive_charge,15019,2,(2+0j),0.15,0.0007750018343238682,4,0.0,0.9457248263888889,0.9471918402777777,0.001467013888888813
positive_charge,15020,2,(2+0j),0.15,0.0007750018343238682,3,0.0,0.9457248263888889,0.9471918402777777,0.001467013888888813
positive_charge,15021,2,(2+0j),0.15,0.0007750018343238682,4,0.0,0.9457248263888889,0.9471918402777777,0.001467013888888813
positive_charge,15022,2,(2+0j),0.15,0.0007750018343238682,4,0.0,0.9457248263888889,0.9471918402777777,0.001467013888888813
positive_charge,15023,2,(2+0j),0.15,0.0007750018343238682,2,0.0,0.9457248263888889,0.9471918402777777,0.001467013888888813
positive_charge,15024,2,(2+0j),0.15,0.0007750018343238682,4,0.0,0.9457248263888889,0.9471918402777777,0.001467013888888813
positive_charge,15025,2,(2+0j),0.15,0.0007750018343238682,6,0.0,0.9457248263888889,0.9471918402777777,0.001467013888888813
positive_charge,15026,2,(2+0j),0.15,0.0007750018343238682,3,0.0,0.9457248263888889,0.9471918402777777,0.001467013888888813
positive_charge,15027,2,(2+0j),0.15,0.0007750018343238682,5,0.0,0.9457248263888889,0.9471918402777777,0.001467013888888813
positive_charge,15028,2,(2+0j),0.15,0.0007750018343238682,6,0.0,0.9457248263888889,0.9471918402777777,0.001467013888888813
positive_charge,15029,2,(2+0j),0.15,0.0007750018343238682,3,0.0,0.9457248263888889,0.9471918402777777,0.001467013888888813
positive_charge,15030,2,(2+0j),0.15,0.0007750018343238682,4,0.0,0.9457248263888889,0.9471918402777777,0.001467013888888813
positive_charge,15031,2,(2+0j),0.15,0.0007750018343238682,3,0.0,0.9457248263888889,0.9471918402777777,0.001467013888888813
positive_charge,15000,2,(2+0j),0.35,0.00455356278758765,5,0.0,0.8730203510802469,0.8810074266975308,0.007987075617283956
positive_charge,15001,2,(2+0j),0.35,0.00455356278758765,6,0.0,0.8730203510802469,0.8810074266975308,0.007987075617283956
positive_charge,15002,2,(2+0j),0.35,0.00455356278758765,6,0.0,0.8730203510802469,0.8810074266975308,0.007987075617283956
positive_charge,15003,2,(2+0j),0.35,0.00455356278758765,4,0.0,0.8730203510802469,0.8810074266975308,0.007987075617283956
positive_charge,15004,2,(2+0j),0.35,0.00455356278758765,4,0.0,0.8730203510802469,0.8810074266975308,0.007987075617283956
positive_charge,15005,2,(2+0j),0.35,0.00455356278758765,5,0.0,0.8730203510802469,0.8810074266975308,0.007987075617283956
positive_charge,15006,2,(2+0j),0.35,0.00455356278758765,5,0.0,0.8730203510802469,0.8810074266975308,0.007987075617283956
positive_charge,15007,2,(2+0j),0.35,0.00455356278758765,4,0.0,0.8730203510802469,0.8810074266975308,0.007987075617283956
positive_charge,15008,2,(2+0j),0.35,0.00455356278758765,3,0.0,0.8730203510802469,0.8810074266975308,0.007987075617283956
positive_charge,15009,2,(2+0j),0.35,0.00455356278758765,4,0.0,0.8730203510802469,0.8810074266975308,0.007987075617283956
positive_charge,15010,2,(2+0j),0.35,0.00455356278758765,3,0.0,0.8730203510802469,0.8810074266975308,0.007987075617283956
positive_charge,15011,2,(2+0j),0.35,0.00455356278758765,5,0.0,0.8730203510802469,0.8810074266975308,0.007987075617283956
positive_charge,15012,2,(2+0j),0.35,0.00455356278758765,4,0.0,0.8730203510802469,0.8810074266975308,0.007987075617283956
positive_charge,15013,2,(2+0j),0.35,0.00455356278758765,6,0.0,0.8730203510802469,0.8810074266975308,0.007987075617283956
positive_charge,15014,2,(2+0j),0.35,0.00455356278758765,3,0.0,0.8730203510802469,0.8810074266975308,0.007987075617283956
positive_charge,15015,2,(2+0j),0.35,0.00455356278758765,4,0.0,0.8730203510802469,0.8810074266975308,0.007987075617283956
positive_charge,15016,2,(2+0j),0.35,0.00455356278758765,6,0.0,0.8730203510802469,0.8810074266975308,0.007987075617283956
positive_charge,15017,2,(2+0j),0.35,0.00455356278758765,5,0.0,0.8730203510802469,0.8810074266975308,0.007987075617283956
positive_charge,15018,2,(2+0j),0.35,0.00455356278758765,3,0.0,0.8730203510802469,0.8810074266975308,0.007987075617283956
positive_charge,15019,2,(2+0j),0.35,0.00455356278758765,4,0.0,0.8730203510802469,0.8810074266975308,0.007987075617283956
positive_charge,15020,2,(2+0j),0.35,0.00455356278758765,3,0.0,0.8730203510802469,0.8810074266975308,0.007987075617283956
positive_charge,15021,2,(2+0j),0.35,0.00455356278758765,4,0.0,0.8730203510802469,0.8810074266975308,0.007987075617283956
positive_charge,15022,2,(2+0j),0.35,0.00455356278758765,4,0.0,0.8730203510802469,0.8810074266975308,0.007987075617283956
positive_charge,15023,2,(2+0j),0.35,0.00455356278758765,2,0.0,0.8730203510802469,0.8810074266975308,0.007987075617283956
positive_charge,15024,2,(2+0j),0.35,0.00455356278758765,4,0.0,0.8730203510802469,0.8810074266975308,0.007987075617283956
positive_charge,15025,2,(2+0j),0.35,0.00455356278758765,6,0.0,0.8730203510802469,0.8810074266975308,0.007987075617283956
positive_charge,15026,2,(2+0j),0.35,0.00455356278758765,3,0.0,0.8730203510802469,0.8810074266975308,0.007987075617283956
positive_charge,15027,2,(2+0j),0.35,0.00455356278758765,5,0.0,0.8730203510802469,0.8810074266975308,0.007987075617283956
positive_charge,15028,2,(2+0j),0.35,0.00455356278758765,6,0.0,0.8730203510802469,0.8810074266975308,0.007987075617283956
positive_charge,15029,2,(2+0j),0.35,0.00455356278758765,3,0.0,0.8730203510802469,0.8810074266975308,0.007987075617283956
positive_charge,15030,2,(2+0j),0.35,0.00455356278758765,4,0.0,0.8730203510802469,0.8810074266975308,0.007987075617283956
positive_charge,15031,2,(2+0j),0.35,0.00455356278758765,3,0.0,0.8730203510802469,0.8810074266975308,0.007987075617283956
positive_charge,15000,2,(2+0j),0.6,0.014793417366946778,5,0.0,0.7815972222222223,0.8050694444444444,0.023472222222222117
positive_charge,15001,2,(2+0j),0.6,0.014793417366946778,6,0.0,0.7815972222222223,0.8050694444444444,0.023472222222222117
positive_charge,15002,2,(2+0j),0.6,0.014793417366946778,6,0.0,0.7815972222222223,0.8050694444444444,0.023472222222222117
positive_charge,15003,2,(2+0j),0.6,0.014793417366946778,4,0.0,0.7815972222222223,0.8050694444444444,0.023472222222222117
positive_charge,15004,2,(2+0j),0.6,0.014793417366946778,4,0.0,0.7815972222222223,0.8050694444444444,0.023472222222222117
positive_charge,15005,2,(2+0j),0.6,0.014793417366946778,5,0.0,0.7815972222222223,0.8050694444444444,0.023472222222222117
positive_charge,15006,2,(2+0j),0.6,0.014793417366946778,5,0.0,0.7815972222222223,0.8050694444444444,0.023472222222222117
positive_charge,15007,2,(2+0j),0.6,0.014793417366946778,4,0.0,0.7815972222222223,0.8050694444444444,0.023472222222222117
positive_charge,15008,2,(2+0j),0.6,0.014793417366946778,3,0.0,0.7815972222222223,0.8050694444444444,0.023472222222222117
positive_charge,15009,2,(2+0j),0.6,0.014793417366946778,4,0.0,0.7815972222222223,0.8050694444444444,0.023472222222222117
positive_charge,15010,2,(2+0j),0.6,0.014793417366946778,3,0.0,0.7815972222222223,0.8050694444444444,0.023472222222222117
positive_charge,15011,2,(2+0j),0.6,0.014793417366946778,5,0.0,0.7815972222222223,0.8050694444444444,0.023472222222222117
positive_charge,15012,2,(2+0j),0.6,0.014793417366946778,4,0.0,0.7815972222222223,0.8050694444444444,0.023472222222222117
positive_charge,15013,2,(2+0j),0.6,0.014793417366946778,6,0.0,0.7815972222222223,0.8050694444444444,0.023472222222222117
positive_charge,15014,2,(2+0j),0.6,0.014793417366946778,3,0.0,0.7815972222222223,0.8050694444444444,0.023472222222222117
positive_charge,15015,2,(2+0j),0.6,0.014793417366946778,4,0.0,0.7815972222222223,0.8050694444444444,0.023472222222222117
positive_charge,15016,2,(2+0j),0.6,0.014793417366946778,6,0.0,0.7815972222222223,0.8050694444444444,0.023472222222222117
positive_charge,15017,2,(2+0j),0.6,0.014793417366946778,5,0.0,0.7815972222222223,0.8050694444444444,0.023472222222222117
positive_charge,15018,2,(2+0j),0.6,0.014793417366946778,3,0.0,0.7815972222222223,0.8050694444444444,0.023472222222222117
positive_charge,15019,2,(2+0j),0.6,0.014793417366946778,4,0.0,0.7815972222222223,0.8050694444444444,0.023472222222222117
positive_charge,15020,2,(2+0j),0.6,0.014793417366946778,3,0.0,0.7815972222222223,0.8050694444444444,0.023472222222222117
positive_charge,15021,2,(2+0j),0.6,0.014793417366946778,4,0.0,0.7815972222222223,0.8050694444444444,0.023472222222222117
positive_charge,15022,2,(2+0j),0.6,0.014793417366946778,4,0.0,0.7815972222222223,0.8050694444444444,0.023472222222222117
positive_charge,15023,2,(2+0j),0.6,0.014793417366946778,2,0.0,0.7815972222222223,0.8050694444444444,0.023472222222222117
positive_charge,15024,2,(2+0j),0.6,0.014793417366946778,4,0.0,0.7815972222222223,0.8050694444444444,0.023472222222222117
positive_charge,15025,2,(2+0j),0.6,0.014793417366946778,6,0.0,0.7815972222222223,0.8050694444444444,0.023472222222222117
positive_charge,15026,2,(2+0j),0.6,0.014793417366946778,3,0.0,0.7815972222222223,0.8050694444444444,0.023472222222222117
positive_charge,15027,2,(2+0j),0.6,0.014793417366946778,5,0.0,0.7815972222222223,0.8050694444444444,0.023472222222222117
positive_charge,15028,2,(2+0j),0.6,0.014793417366946778,6,0.0,0.7815972222222223,0.8050694444444444,0.023472222222222117
positive_charge,15029,2,(2+0j),0.6,0.014793417366946778,3,0.0,0.7815972222222223,0.8050694444444444,0.023472222222222117
positive_charge,15030,2,(2+0j),0.6,0.014793417366946778,4,0.0,0.7815972222222223,0.8050694444444444,0.023472222222222117
positive_charge,15031,2,(2+0j),0.6,0.014793417366946778,3,0.0,0.7815972222222223,0.8050694444444444,0.023472222222222117
positive_charge,15000,2,(1.5+0.75j),0.15,0.0017543610826772206,5,0.0,0.9341987049018472,0.9374823035813802,0.003283598679532984
positive_charge,15001,2,(1.5+0.75j),0.15,0.0017543610826772206,6,0.0,0.9341987049018472,0.9374823035813802,0.003283598679532984
positive_charge,15002,2,(1.5+0.75j),0.15,0.0017543610826772206,6,0.0,0.9341987049018472,0.9374823035813802,0.003283598679532984
positive_charge,15003,2,(1.5+0.75j),0.15,0.0017543610826772206,4,0.0,0.9341987049018472,0.9374823035813802,0.003283598679532984
positive_charge,15004,2,(1.5+0.75j),0.15,0.0017543610826772206,4,0.0,0.9341987049018472,0.9374823035813802,0.003283598679532984
positive_charge,15005,2,(1.5+0.75j),0.15,0.0017543610826772206,5,0.0,0.9341987049018472,0.9374823035813802,0.003283598679532984
positive_charge,15006,2,(1.5+0.75j),0.15,0.0017543610826772206,5,0.0,0.9341987049018472,0.9374823035813802,0.003283598679532984
positive_charge,15007,2,(1.5+0.75j),0.15,0.0017543610826772206,4,0.0,0.9341987049018472,0.9374823035813802,0.003283598679532984
positive_charge,15008,2,(1.5+0.75j),0.15,0.0017543610826772206,3,0.0,0.9341987049018472,0.9374823035813802,0.003283598679532984
positive_charge,15009,2,(1.5+0.75j),0.15,0.0017543610826772206,4,0.0,0.9341987049018472,0.9374823035813802,0.003283598679532984
positive_charge,15010,2,(1.5+0.75j),0.15,0.0017543610826772206,3,0.0,0.9341987049018472,0.9374823035813802,0.003283598679532984
positive_charge,15011,2,(1.5+0.75j),0.15,0.0017543610826772206,5,0.0,0.9341987049018472,0.9374823035813802,0.003283598679532984
positive_charge,15012,2,(1.5+0.75j),0.15,0.0017543610826772206,4,0.0,0.9341987049018472,0.9374823035813802,0.003283598679532984
positive_charge,15013,2,(1.5+0.75j),0.15,0.0017543610826772206,6,0.0,0.9341987049018472,0.9374823035813802,0.003283598679532984
positive_charge,15014,2,(1.5+0.75j),0.15,0.0017543610826772206,3,0.0,0.9341987049018472,0.9374823035813802,0.003283598679532984
positive_charge,15015,2,(1.5+0.75j),0.15,0.0017543610826772206,4,0.0,0.9341987049018472,0.9374823035813802,0.003283598679532984
positive_charge,15016,2,(1.5+0.75j),0.15,0.0017543610826772206,6,0.0,0.9341987049018472,0.9374823035813802,0.003283598679532984
positive_charge,15017,2,(1.5+0.75j),0.15,0.0017543610826772206,5,0.0,0.9341987049018472,0.9374823035813802,0.003283598679532984
positive_charge,15018,2,(1.5+0.75j),0.15,0.0017543610826772206,3,0.0,0.9341987049018472,0.9374823035813802,0.003283598679532984
positive_charge,15019,2,(1.5+0.75j),0.15,0.0017543610826772206,4,0.0,0.9341987049018472,0.9374823035813802,0.003283598679532984
positive_charge,15020,2,(1.5+0.75j),0.15,0.0017543610826772206,3,0.0,0.9341987049018472,0.9374823035813802,0.003283598679532984
positive_charge,15021,2,(1.5+0.75j),0.15,0.0017543610826772206,4,0.0,0.9341987049018472,0.9374823035813802,0.003283598679532984
positive_charge,15022,2,(1.5+0.75j),0.15,0.0017543610826772206,4,0.0,0.9341987049018472,0.9374823035813802,0.003283598679532984
positive_charge,15023,2,(1.5+0.75j),0.15,0.0017543610826772206,2,0.0,0.9341987049018472,0.9374823035813802,0.003283598679532984
positive_charge,15024,2,(1.5+0.75j),0.15,0.0017543610826772206,4,0.0,0.9341987049018472,0.9374823035813802,0.003283598679532984
positive_charge,15025,2,(1.5+0.75j),0.15,0.0017543610826772206,6,0.0,0.9341987049018472,0.9374823035813802,0.003283598679532984
positive_charge,15026,2,(1.5+0.75j),0.15,0.0017543610826772206,3,0.0,0.9341987049018472,0.9374823035813802,0.003283598679532984
positive_charge,15027,2,(1.5+0.75j),0.15,0.0017543610826772206,5,0.0,0.9341987049018472,0.9374823035813802,0.003283598679532984
positive_charge,15028,2,(1.5+0.75j),0.15,0.0017543610826772206,6,0.0,0.9341987049018472,0.9374823035813802,0.003283598679532984
positive_charge,15029,2,(1.5+0.75j),0.15,0.0017543610826772206,3,0.0,0.9341987049018472,0.9374823035813802,0.003283598679532984
positive_charge,15030,2,(1.5+0.75j),0.15,0.0017543610826772206,4,0.0,0.9341987049018472,0.9374823035813802,0.003283598679532984
positive_charge,15031,2,(1.5+0.75j),0.15,0.0017543610826772206,3,0.0,0.9341987049018472,0.9374823035813802,0.003283598679532984
positive_charge,15000,2,(1.5+0.75j),0.35,0.010455560892994775,5,0.0,0.8459844117896859,0.8638618110407614,0.017877399251075565
positive_charge,15001,2,(1.5+0.75j),0.35,0.010455560892994775,6,0.0,0.8459844117896859,0.8638618110407614,0.017877399251075565
positive_charge,15002,2,(1.5+0.75j),0.35,0.010455560892994775,6,0.0,0.8459844117896859,0.8638618110407614,0.017877399251075565
positive_charge,15003,2,(1.5+0.75j),0.35,0.010455560892994775,4,0.0,0.8459844117896859,0.8638618110407614,0.017877399251075565
positive_charge,15004,2,(1.5+0.75j),0.35,0.010455560892994775,4,0.0,0.8459844117896859,0.8638618110407614,0.017877399251075565
positive_charge,15005,2,(1.5+0.75j),0.35,0.010455560892994775,5,0.0,0.8459844117896859,0.8638618110407614,0.017877399251075565
positive_charge,15006,2,(1.5+0.75j),0.35,0.010455560892994775,5,0.0,0.8459844117896859,0.8638618110407614,0.017877399251075565
positive_charge,15007,2,(1.5+0.75j),0.35,0.010455560892994775,4,0.0,0.8459844117896859,0.8638618110407614,0.017877399251075565
positive_charge,15008,2,(1.5+0.75j),0.35,0.010455560892994775,3,0.0,0.8459844117896859,0.8638618110407614,0.017877399251075565
positive_charge,15009,2,(1.5+0.75j),0.35,0.010455560892994775,4,0.0,0.8459844117896859,0.8638618110407614,0.017877399251075565
positive_charge,15010,2,(1.5+0.75j),0.35,0.010455560892994775,3,0.0,0.8459844117896859,0.8638618110407614,0.017877399251075565
positive_charge,15011,2,(1.5+0.75j),0.35,0.010455560892994775,5,0.0,0.8459844117896859,0.8638618110407614,0.017877399251075565
positive_charge,15012,2,(1.5+0.75j),0.35,0.010455560892994775,4,0.0,0.8459844117896859,0.8638618110407614,0.017877399251075565
positive_charge,15013,2,(1.5+0.75j),0.35,0.010455560892994775,6,0.0,0.8459844117896859,0.8638618110407614,0.017877399251075565
positive_charge,15014,2,(1.5+0.75j),0.35,0.010455560892994775,3,0.0,0.8459844117896859,0.8638618110407614,0.017877399251075565
positive_charge,15015,2,(1.5+0.75j),0.35,0.010455560892994775,4,0.0,0.8459844117896859,0.8638618110407614,0.017877399251075565
positive_charge,15016,2,(1.5+0.75j),0.35,0.010455560892994775,6,0.0,0.8459844117896859,0.8638618110407614,0.017877399251075565
positive_charge,15017,2,(1.5+0.75j),0.35,0.010455560892994775,5,0.0,0.8459844117896859,0.8638618110407614,0.017877399251075565
positive_charge,15018,2,(1.5+0.75j),0.35,0.010455560892994775,3,0.0,0.8459844117896859,0.8638618110407614,0.017877399251075565
positive_charge,15019,2,(1.5+0.75j),0.35,0.010455560892994775,4,0.0,0.8459844117896859,0.8638618110407614,0.017877399251075565
positive_charge,15020,2,(1.5+0.75j),0.35,0.010455560892994775,3,0.0,0.8459844117896859,0.8638618110407614,0.017877399251075565
positive_charge,15021,2,(1.5+0.75j),0.35,0.010455560892994775,4,0.0,0.8459844117896859,0.8638618110407614,0.017877399251075565
positive_charge,15022,2,(1.5+0.75j),0.35,0.010455560892994775,4,0.0,0.8459844117896859,0.8638618110407614,0.017877399251075565
positive_charge,15023,2,(1.5+0.75j),0.35,0.010455560892994775,2,0.0,0.8459844117896859,0.8638618110407614,0.017877399251075565
positive_charge,15024,2,(1.5+0.75j),0.35,0.010455560892994775,4,0.0,0.8459844117896859,0.8638618110407614,0.017877399251075565
positive_charge,15025,2,(1.5+0.75j),0.35,0.010455560892994775,6,0.0,0.8459844117896859,0.8638618110407614,0.017877399251075565
positive_charge,15026,2,(1.5+0.75j),0.35,0.010455560892994775,3,0.0,0.8459844117896859,0.8638618110407614,0.017877399251075565
positive_charge,15027,2,(1.5+0.75j),0.35,0.010455560892994775,5,0.0,0.8459844117896859,0.8638618110407614,0.017877399251075565
positive_charge,15028,2,(1.5+0.75j),0.35,0.010455560892994775,6,0.0,0.8459844117896859,0.8638618110407614,0.017877399251075565
positive_charge,15029,2,(1.5+0.75j),0.35,0.010455560892994775,3,0.0,0.8459844117896859,0.8638618110407614,0.017877399251075565
positive_charge,15030,2,(1.5+0.75j),0.35,0.010455560892994775,4,0.0,0.8459844117896859,0.8638618110407614,0.017877399251075565
positive_charge,15031,2,(1.5+0.75j),0.35,0.010455560892994775,3,0.0,0.8459844117896859,0.8638618110407614,0.017877399251075565
positive_charge,15000,2,(1.5+0.75j),0.6,0.034503557624203186,5,0.0,0.7350681641693297,0.7876058084405004,0.05253764427117069
positive_charge,15001,2,(1.5+0.75j),0.6,0.034503557624203186,6,0.0,0.7350681641693297,0.7876058084405004,0.05253764427117069
positive_charge,15002,2,(1.5+0.75j),0.6,0.034503557624203186,6,0.0,0.7350681641693297,0.7876058084405004,0.05253764427117069
positive_charge,15003,2,(1.5+0.75j),0.6,0.034503557624203186,4,0.0,0.7350681641693297,0.7876058084405004,0.05253764427117069
positive_charge,15004,2,(1.5+0.75j),0.6,0.034503557624203186,4,0.0,0.7350681641693297,0.7876058084405004,0.05253764427117069
positive_charge,15005,2,(1.5+0.75j),0.6,0.034503557624203186,5,0.0,0.7350681641693297,0.7876058084405004,0.05253764427117069
positive_charge,15006,2,(1.5+0.75j),0.6,0.034503557624203186,5,0.0,0.7350681641693297,0.7876058084405004,0.05253764427117069
positive_charge,15007,2,(1.5+0.75j),0.6,0.034503557624203186,4,0.0,0.7350681641693297,0.7876058084405004,0.05253764427117069
positive_charge,15008,2,(1.5+0.75j),0.6,0.034503557624203186,3,0.0,0.7350681641693297,0.7876058084405004,0.05253764427117069
positive_charge,15009,2,(1.5+0.75j),0.6,0.034503557624203186,4,0.0,0.7350681641693297,0.7876058084405004,0.05253764427117069
positive_charge,15010,2,(1.5+0.75j),0.6,0.034503557624203186,3,0.0,0.7350681641693297,0.7876058084405004,0.05253764427117069
positive_charge,15011,2,(1.5+0.75j),0.6,0.034503557624203186,5,0.0,0.7350681641693297,0.7876058084405004,0.05253764427117069
positive_charge,15012,2,(1.5+0.75j),0.6,0.034503557624203186,4,0.0,0.7350681641693297,0.7876058084405004,0.05253764427117069
positive_charge,15013,2,(1.5+0.75j),0.6,0.034503557624203186,6,0.0,0.7350681641693297,0.7876058084405004,0.05253764427117069
positive_charge,15014,2,(1.5+0.75j),0.6,0.034503557624203186,3,0.0,0.7350681641693297,0.7876058084405004,0.05253764427117069
positive_charge,15015,2,(1.5+0.75j),0.6,0.034503557624203186,4,0.0,0.7350681641693297,0.7876058084405004,0.05253764427117069
positive_charge,15016,2,(1.5+0.75j),0.6,0.034503557624203186,6,0.0,0.7350681641693297,0.7876058084405004,0.05253764427117069
positive_charge,15017,2,(1.5+0.75j),0.6,0.034503557624203186,5,0.0,0.7350681641693297,0.7876058084405004,0.05253764427117069
positive_charge,15018,2,(1.5+0.75j),0.6,0.034503557624203186,3,0.0,0.7350681641693297,0.7876058084405004,0.05253764427117069
positive_charge,15019,2,(1.5+0.75j),0.6,0.034503557624203186,4,0.0,0.7350681641693297,0.7876058084405004,0.05253764427117069
positive_charge,15020,2,(1.5+0.75j),0.6,0.034503557624203186,3,0.0,0.7350681641693297,0.7876058084405004,0.05253764427117069
positive_charge,15021,2,(1.5+0.75j),0.6,0.034503557624203186,4,0.0,0.7350681641693297,0.7876058084405004,0.05253764427117069
positive_charge,15022,2,(1.5+0.75j),0.6,0.034503557624203186,4,0.0,0.7350681641693297,0.7876058084405004,0.05253764427117069
positive_charge,15023,2,(1.5+0.75j),0.6,0.034503557624203186,2,0.0,0.7350681641693297,0.7876058084405004,0.05253764427117069
positive_charge,15024,2,(1.5+0.75j),0.6,0.034503557624203186,4,0.0,0.7350681641693297,0.7876058084405004,0.05253764427117069
positive_charge,15025,2,(1.5+0.75j),0.6,0.034503557624203186,6,0.0,0.7350681641693297,0.7876058084405004,0.05253764427117069
positive_charge,15026,2,(1.5+0.75j),0.6,0.034503557624203186,3,0.0,0.7350681641693297,0.7876058084405004,0.05253764427117069
positive_charge,15027,2,(1.5+0.75j),0.6,0.034503557624203186,5,0.0,0.7350681641693297,0.7876058084405004,0.05253764427117069
positive_charge,15028,2,(1.5+0.75j),0.6,0.034503557624203186,6,0.0,0.7350681641693297,0.7876058084405004,0.05253764427117069
positive_charge,15029,2,(1.5+0.75j),0.6,0.034503557624203186,3,0.0,0.7350681641693297,0.7876058084405004,0.05253764427117069
positive_charge,15030,2,(1.5+0.75j),0.6,0.034503557624203186,4,0.0,0.7350681641693297,0.7876058084405004,0.05253764427117069
positive_charge,15031,2,(1.5+0.75j),0.6,0.034503557624203186,3,0.0,0.7350681641693297,0.7876058084405004,0.05253764427117069
positive_charge,15000,3,(1.25+0j),0.15,0.002970371167596347,6,0.0,0.8799627734885782,0.8857874343027167,0.00582466081413846
positive_charge,15001,3,(1.25+0j),0.15,0.002970371167596347,6,0.0,0.8799627734885782,0.8864578086660772,0.006495035177498942
positive_charge,15002,3,(1.25+0j),0.15,0.0037264876376221162,5,0.0,0.8799627734885783,0.8865456452728481,0.00658287178426975
positive_charge,15003,3,(1.25+0j),0.15,0.002970371167596347,5,0.0,0.8799627734885783,0.8865456452728481,0.00658287178426975
positive_charge,15004,3,(1.25+0j),0.15,0.002970371167596347,5,0.0,0.8799627734885782,0.8863852606673087,0.006422487178730507
positive_charge,15005,3,(1.25+0j),0.15,0.002970371167596347,4,0.0,0.8799627734885782,0.8863454815813745,0.006382708092796285
positive_charge,15006,3,(1.25+0j),0.15,0.002970371167596347,5,0.0,0.8799627734885782,0.8863852606673087,0.006422487178730507
positive_charge,15007,3,(1.25+0j),0.15,0.002970371167596347,6,0.0,0.8799627734885782,0.8860043970468052,0.006041623558227016
positive_charge,15008,3,(1.25+0j),0.15,0.002970371167596347,4,0.0,0.8799627734885782,0.8862758364031738,0.006313062914595546
positive_charge,15009,3,(1.25+0j),0.15,0.002970371167596347,6,0.0,0.8799627734885782,0.8857874343027167,0.00582466081413846
positive_charge,15010,3,(1.25+0j),0.15,0.0037264876376221162,4,0.0,0.8799627734885783,0.8865456452728481,0.00658287178426975
positive_charge,15011,3,(1.25+0j),0.15,0.002970371167596347,6,0.0,0.8799627734885782,0.8864578086660772,0.006495035177498942
positive_charge,15012,3,(1.25+0j),0.15,0.002970371167596347,4,0.0,0.8799627734885782,0.8862758364031738,0.006313062914595546
positive_charge,15013,3,(1.25+0j),0.15,0.002970371167596347,6,0.0,0.8799627734885782,0.886439686639153,0.006476913150574748
positive_charge,15014,3,(1.25+0j),0.15,0.002970371167596347,4,0.0,0.8799627734885782,0.8862758364031738,0.006313062914595546
positive_charge,15015,3,(1.25+0j),0.15,0.002970371167596347,5,0.0,0.8799627734885782,0.8864182146254483,0.0064554411368701325
positive_charge,15016,3,(1.25+0j),0.15,0.002970371167596347,5,0.0,0.8799627734885782,0.8863852606673087,0.006422487178730507
positive_charge,15017,3,(1.25+0j),0.15,0.0037264876376221162,4,0.0,0.8799627734885783,0.8865456452728481,0.00658287178426975
positive_charge,15018,3,(1.25+0j),0.15,0.002970371167596347,4,0.0,0.8799627734885782,0.8863454815813745,0.006382708092796285
positive_charge,15019,3,(1.25+0j),0.15,0.002970371167596347,5,0.0,0.8799627734885783,0.8865456452728481,0.00658287178426975
positive_charge,15020,3,(1.25+0j),0.15,0.0037264876376221162,3,0.0,0.8799627734885783,0.8865456452728481,0.00658287178426975
positive_charge,15021,3,(1.25+0j),0.15,0.002970371167596347,6,0.0,0.8799627734885782,0.8850351975982691,0.005072424109690887
positive_charge,15022,3,(1.25+0j),0.15,0.0037264876376221162,4,0.0,0.8799627734885783,0.8865456452728481,0.00658287178426975
positive_charge,15023,3,(1.25+0j),0.15,0.002970371167596347,4,0.0,0.8799627734885782,0.8850351808500172,0.005072407361438991
positive_charge,15024,3,(1.25+0j),0.15,0.002970371167596347,5,0.0,0.8799627734885783,0.8865456452728481,0.00658287178426975
positive_charge,15025,3,(1.25+0j),0.15,0.002970371167596347,6,0.0,0.8799627734885782,0.8861896674696184,0.006226893981040149
positive_charge,15026,3,(1.25+0j),0.15,0.002970371167596347,5,0.0,0.8799627734885782,0.886401517767331,0.006438744278752795
positive_charge,15027,3,(1.25+0j),0.15,0.0037264876376221162,5,0.0,0.8799627734885783,0.8865456452728481,0.00658287178426975
positive_charge,15028,3,(1.25+0j),0.15,0.0037264876376221162,5,0.0,0.8799627734885783,0.8865456452728481,0.00658287178426975
positive_charge,15029,3,(1.25+0j),0.15,0.002970371167596347,4,0.0,0.8799627734885782,0.8857873102111289,0.005824536722550677
positive_charge,15030,3,(1.25+0j),0.15,0.002970371167596347,5,0.0,0.8799627734885782,0.886401517767331,0.006438744278752795
positive_charge,15031,3,(1.25+0j),0.15,0.0037264876376221162,3,0.0,0.8799627734885783,0.8865456452728481,0.00658287178426975
positive_charge,15000,3,(1.25+0j),0.35,0.01864827127569067,6,0.0,0.723694214841259,0.7542537926841607,0.030559577842901753
positive_charge,15001,3,(1.25+0j),0.35,0.01864827127569067,6,0.0,0.723694214841259,0.7575797866862013,0.03388557184494234
positive_charge,15002,3,(1.25+0j),0.35,0.023165682818128086,5,0.0,0.723694214841259,0.7580191158883328,0.034324901047073864
positive_charge,15003,3,(1.25+0j),0.35,0.01864827127569067,5,0.0,0.723694214841259,0.7580191158883328,0.034324901047073864
positive_charge,15004,3,(1.25+0j),0.35,0.01864827127569067,5,0.0,0.723694214841259,0.7572081327073045,0.03351391786604552
positive_charge,15005,3,(1.25+0j),0.35,0.01864827127569067,4,0.0,0.723694214841259,0.7570180564585575,0.03332384161729851
positive_charge,15006,3,(1.25+0j),0.35,0.01864827127569067,5,0.0,0.723694214841259,0.7572081327073045,0.03351391786604552
positive_charge,15007,3,(1.25+0j),0.35,0.01864827127569067,6,0.0,0.723694214841259,0.7552739703083776,0.031579755467118664
positive_charge,15008,3,(1.25+0j),0.35,0.01864827127569067,4,0.0,0.723694214841259,0.7566525317615094,0.03295831692025042
positive_charge,15009,3,(1.25+0j),0.35,0.01864827127569067,6,0.0,0.723694214841259,0.7542537926841607,0.030559577842901753
positive_charge,15010,3,(1.25+0j),0.35,0.023165682818128086,4,0.0,0.723694214841259,0.7580191158883328,0.034324901047073864
positive_charge,15011,3,(1.25+0j),0.35,0.01864827127569067,6,0.0,0.723694214841259,0.7575797866862013,0.03388557184494234
positive_charge,15012,3,(1.25+0j),0.35,0.01864827127569067,4,0.0,0.723694214841259,0.7566525317615094,0.03295831692025042
positive_charge,15013,3,(1.25+0j),0.35,0.01864827127569067,6,0.0,0.723694214841259,0.7574825416625934,0.03378832682133448
positive_charge,15014,3,(1.25+0j),0.35,0.01864827127569067,4,0.0,0.723694214841259,0.7566525317615094,0.03295831692025042
positive_charge,15015,3,(1.25+0j),0.35,0.01864827127569067,5,0.0,0.723694214841259,0.7573819806722635,0.033687765831004524
positive_charge,15016,3,(1.25+0j),0.35,0.01864827127569067,5,0.0,0.723694214841259,0.7572081327073045,0.03351391786604552
positive_charge,15017,3,(1.25+0j),0.35,0.023165682818128086,4,0.0,0.723694214841259,0.7580191158883328,0.034324901047073864
positive_charge,15018,3,(1.25+0j),0.35,0.01864827127569067,4,0.0,0.723694214841259,0.7570180564585575,0.03332384161729851
positive_charge,15019,3,(1.25+0j),0.35,0.01864827127569067,5,0.0,0.723694214841259,0.7580191158883328,0.034324901047073864
positive_charge,15020,3,(1.25+0j),0.35,0.023165682818128086,3,0.0,0.723694214841259,0.7580191158883328,0.034324901047073864
positive_charge,15021,3,(1.25+0j),0.35,0.01864827127569067,6,0.0,0.723694214841259,0.7503868951624911,0.026692680321232176
positive_charge,15022,3,(1.25+0j),0.35,0.023165682818128086,4,0.0,0.723694214841259,0.7580191158883328,0.034324901047073864
positive_charge,15023,3,(1.25+0j),0.35,0.01864827127569067,4,0.0,0.723694214841259,0.750386846029544,0.02669263118828502
positive_charge,15024,3,(1.25+0j),0.35,0.01864827127569067,5,0.0,0.723694214841259,0.7580191158883328,0.034324901047073864
positive_charge,15025,3,(1.25+0j),0.35,0.01864827127569067,6,0.0,0.723694214841259,0.7562428237371142,0.0325486088958552
positive_charge,15026,3,(1.25+0j),0.35,0.01864827127569067,5,0.0,0.723694214841259,0.7573038448169147,0.03360962997565575
positive_charge,15027,3,(1.25+0j),0.35,0.023165682818128086,5,0.0,0.723694214841259,0.7580191158883328,0.034324901047073864
positive_charge,15028,3,(1.25+0j),0.35,0.023165682818128086,5,0.0,0.723694214841259,0.7580191158883328,0.034324901047073864
positive_charge,15029,3,(1.25+0j),0.35,0.01864827127569067,4,0.0,0.723694214841259,0.7542537926841607,0.030559577842901753
positive_charge,15030,3,(1.25+0j),0.35,0.01864827127569067,5,0.0,0.723694214841259,0.7573038448169147,0.03360962997565575
positive_charge,15031,3,(1.25+0j),0.35,0.023165682818128086,3,0.0,0.723694214841259,0.7580191158883328,0.034324901047073864
positive_charge,15000,3,(1.25+0j),0.6,0.06670282387824185,6,0.0,0.5355610870996479,0.6211476627941153,0.08558657569446737
positive_charge,15001,3,(1.25+0j),0.6,0.06670282387824185,6,0.0,0.5355610870996479,0.6297198810353216,0.09415879393567372
positive_charge,15002,3,(1.25+0j),0.6,0.08170851739998475,5,0.0,0.5355610870996479,0.6308683032357187,0.09530721613607085
positive_charge,15003,3,(1.25+0j),0.6,0.06670282387824185,5,0.0,0.5355610870996479,0.6308683032357187,0.09530721613607085
positive_charge,15004,3,(1.25+0j),0.6,0.06670282387824185,5,0.0,0.5355610870996479,0.6287187365553715,0.09315764945572358
positive_charge,15005,3,(1.25+0j),0.6,0.06670282387824185,4,0.0,0.5355610870996479,0.6282609503260447,0.09269986322639678
positive_charge,15006,3,(1.25+0j),0.6,0.06670282387824185,5,0.0,0.5355610870996479,0.6287187365553715,0.09315764945572358
positive_charge,15007,3,(1.25+0j),0.6,0.06670282387824185,6,0.0,0.5355610870996479,0.6235779515462146,0.08801686444656676
positive_charge,15008,3,(1.25+0j),0.6,0.06670282387824185,4,0.0,0.5355610870996479,0.6272442970289837,0.09168320992933576
positive_charge,15009,3,(1.25+0j),0.6,0.06670282387824185,6,0.0,0.5355610870996479,0.6211476627941153,0.08558657569446737
positive_charge,15010,3,(1.25+0j),0.6,0.08170851739998475,4,0.0,0.5355610870996479,0.6308683032357187,0.09530721613607085
positive_charge,15011,3,(1.25+0j),0.6,0.06670282387824185,6,0.0,0.5355610870996479,0.6297198810353216,0.09415879393567372
positive_charge,15012,3,(1.25+0j),0.6,0.06670282387824185,4,0.0,0.5355610870996479,0.6272442970289837,0.09168320992933576
positive_charge,15013,3,(1.25+0j),0.6,0.06670282387824185,6,0.0,0.5355610870996479,0.6294503812818306,0.09388929418218273
positive_charge,15014,3,(1.25+0j),0.6,0.06670282387824185,4,0.0,0.5355610870996479,0.6272442970289837,0.09168320992933576
positive_charge,15015,3,(1.25+0j),0.6,0.06670282387824185,5,0.0,0.5355610870996479,0.629206102665375,0.09364501556572713
positive_charge,15016,3,(1.25+0j),0.6,0.06670282387824185,5,0.0,0.5355610870996479,0.6287187365553715,0.09315764945572358
positive_charge,15017,3,(1.25+0j),0.6,0.08170851739998475,4,0.0,0.5355610870996479,0.6308683032357187,0.09530721613607085
positive_charge,15018,3,(1.25+0j),0.6,0.06670282387824185,4,0.0,0.5355610870996479,0.6282609503260447,0.09269986322639678
positive_charge,15019,3,(1.25+0j),0.6,0.06670282387824185,5,0.0,0.5355610870996479,0.6308683032357187,0.09530721613607085
positive_charge,15020,3,(1.25+0j),0.6,0.08170851739998475,3,0.0,0.5355610870996479,0.6308683032357187,0.09530721613607085
positive_charge,15021,3,(1.25+0j),0.6,0.06670282387824185,6,0.0,0.5355610870996479,0.6108444936722559,0.07528340657260801
positive_charge,15022,3,(1.25+0j),0.6,0.08170851739998475,4,0.0,0.5355610870996479,0.6308683032357187,0.09530721613607085
positive_charge,15023,3,(1.25+0j),0.6,0.06670282387824185,4,0.0,0.5355610870996479,0.6108444642204519,0.07528337712080402
positive_charge,15024,3,(1.25+0j),0.6,0.06670282387824185,5,0.0,0.5355610870996479,0.6308683032357187,0.09530721613607085
positive_charge,15025,3,(1.25+0j),0.6,0.06670282387824185,6,0.0,0.5355610870996479,0.6262586394014376,0.09069755230178966
positive_charge,15026,3,(1.25+0j),0.6,0.06670282387824185,5,0.0,0.5355610870996479,0.6290225549864343,0.09346146788678644
positive_charge,15027,3,(1.25+0j),0.6,0.08170851739998475,5,0.0,0.5355610870996479,0.6308683032357187,0.09530721613607085
positive_charge,15028,3,(1.25+0j),0.6,0.08170851739998475,5,0.0,0.5355610870996479,0.6308683032357187,0.09530721613607085
positive_charge,15029,3,(1.25+0j),0.6,0.06670282387824185,4,0.0,0.5355610870996479,0.6211476627941153,0.08558657569446737
positive_charge,15030,3,(1.25+0j),0.6,0.06670282387824185,5,0.0,0.5355610870996479,0.6290225549864343,0.09346146788678644
positive_charge,15031,3,(1.25+0j),0.6,0.08170851739998475,3,0.0,0.5355610870996479,0.6308683032357187,0.09530721613607085
positive_charge,15000,3,(1.5+0j),0.15,0.0018822096403683173,6,0.0,0.9052145691309248,0.9089602382341041,0.0037456691031793055
positive_charge,15001,3,(1.5+0j),0.15,0.0018822096403683173,6,0.0,0.9052145691309248,0.9093213701396617,0.004106801008736949
positive_charge,15002,3,(1.5+0j),0.15,0.0022900043572808824,5,0.0,0.9052145691309248,0.9093699756451166,0.004155406514191773
positive_charge,15003,3,(1.5+0j),0.15,0.0018822096403683173,5,0.0,0.9052145691309248,0.9093699756451166,0.004155406514191773
positive_charge,15004,3,(1.5+0j),0.15,0.0018822096403683173,5,0.0,0.9052145691309248,0.9092785539748959,0.00406398484397108
positive_charge,15005,3,(1.5+0j),0.15,0.0018822096403683173,4,0.0,0.9052145691309248,0.9092598027359257,0.004045233605000864
positive_charge,15006,3,(1.5+0j),0.15,0.0018822096403683173,5,0.0,0.9052145691309248,0.9092785539748959,0.00406398484397108
positive_charge,15007,3,(1.5+0j),0.15,0.0018822096403683173,6,0.0,0.9052145691309248,0.9090586394394347,0.0038440703085098615
positive_charge,15008,3,(1.5+0j),0.15,0.0018822096403683173,4,0.0,0.9052145691309248,0.9092155624875156,0.004000993356590765
positive_charge,15009,3,(1.5+0j),0.15,0.0018822096403683173,6,0.0,0.9052145691309248,0.9089602382341041,0.0037456691031793055
positive_charge,15010,3,(1.5+0j),0.15,0.0022900043572808824,4,0.0,0.9052145691309248,0.9093699756451166,0.004155406514191773
positive_charge,15011,3,(1.5+0j),0.15,0.0018822096403683173,6,0.0,0.9052145691309248,0.9093213701396617,0.004106801008736949
positive_charge,15012,3,(1.5+0j),0.15,0.0018822096403683173,4,0.0,0.9052145691309248,0.9092155624875156,0.004000993356590765
positive_charge,15013,3,(1.5+0j),0.15,0.0018822096403683173,6,0.0,0.9052145691309248,0.9093097295382262,0.004095160407301401
positive_charge,15014,3,(1.5+0j),0.15,0.0018822096403683173,4,0.0,0.9052145691309248,0.9092155624875156,0.004000993356590765
positive_charge,15015,3,(1.5+0j),0.15,0.0018822096403683173,5,0.0,0.9052145691309248,0.9092996755607934,0.00408510642986859
positive_charge,15016,3,(1.5+0j),0.15,0.0018822096403683173,5,0.0,0.9052145691309248,0.9092785539748959,0.00406398484397108
positive_charge,15017,3,(1.5+0j),0.15,0.0022900043572808824,4,0.0,0.9052145691309248,0.9093699756451166,0.004155406514191773
positive_charge,15018,3,(1.5+0j),0.15,0.0018822096403683173,4,0.0,0.9052145691309248,0.9092598027359257,0.004045233605000864
positive_charge,15019,3,(1.5+0j),0.15,0.0018822096403683173,5,0.0,0.9052145691309248,0.9093699756451166,0.004155406514191773
positive_charge,15020,3,(1.5+0j),0.15,0.0022900043572808824,3,0.0,0.9052145691309248,0.9093699756451166,0.004155406514191773
positive_charge,15021,3,(1.5+0j),0.15,0.0018822096403683173,6,0.0,0.9052145691309248,0.9085238793412738,0.00330931021034897
positive_charge,15022,3,(1.5+0j),0.15,0.0022900043572808824,4,0.0,0.9052145691309248,0.9093699756451166,0.004155406514191773
positive_charge,15023,3,(1.5+0j),0.15,0.0018822096403683173,4,0.0,0.9052145691309248,0.9085238786003865,0.0033093094694617298
positive_charge,15024,3,(1.5+0j),0.15,0.0018822096403683173,5,0.0,0.9052145691309248,0.9093699756451166,0.004155406514191773
positive_charge,15025,3,(1.5+0j),0.15,0.0018822096403683173,6,0.0,0.9052145691309248,0.9091753821863846,0.003960813055459811
positive_charge,15026,3,(1.5+0j),0.15,0.0018822096403683173,5,0.0,0.9052145691309248,0.9092919701888578,0.004077401057932972
positive_charge,15027,3,(1.5+0j),0.15,0.0022900043572808824,5,0.0,0.9052145691309248,0.9093699756451166,0.004155406514191773
positive_charge,15028,3,(1.5+0j),0.15,0.0022900043572808824,5,0.0,0.9052145691309248,0.9093699756451166,0.004155406514191773
positive_charge,15029,3,(1.5+0j),0.15,0.0018822096403683173,4,0.0,0.9052145691309248,0.9089602382341041,0.0037456691031793055
positive_charge,15030,3,(1.5+0j),0.15,0.0018822096403683173,5,0.0,0.9052145691309248,0.9092919701888578,0.004077401057932972
positive_charge,15031,3,(1.5+0j),0.15,0.0022900043572808824,3,0.0,0.9052145691309248,0.9093699756451166,0.004155406514191773
positive_charge,15000,3,(1.5+0j),0.35,0.011491884286261366,6,0.0,0.7806738454071864,0.8005594257540967,0.019885580346910237
positive_charge,15001,3,(1.5+0j),0.35,0.011491884286261366,6,0.0,0.7806738454071864,0.8023796025708338,0.02170575716364742
positive_charge,15002,3,(1.5+0j),0.35,0.013865387709977757,5,0.0,0.7806738454071863,0.8026269244426608,0.0219530790354745
positive_charge,15003,3,(1.5+0j),0.35,0.011491884286261366,5,0.0,0.7806738454071863,0.8026269244426608,0.0219530790354745
positive_charge,15004,3,(1.5+0j),0.35,0.011491884286261366,5,0.0,0.7806738454071864,0.8021589258887155,0.021485080481529084
positive_charge,15005,3,(1.5+0j),0.35,0.011491884286261366,4,0.0,0.7806738454071864,0.8020680901105754,0.02139424470338902
positive_charge,15006,3,(1.5+0j),0.35,0.011491884286261366,5,0.0,0.7806738454071864,0.8021589258887155,0.021485080481529084
positive_charge,15007,3,(1.5+0j),0.35,0.011491884286261366,6,0.0,0.7806738454071864,0.8010306665052889,0.02035682109810244
positive_charge,15008,3,(1.5+0j),0.35,0.011491884286261366,4,0.0,0.7806738454071864,0.8018358415165001,0.021161996109313685
positive_charge,15009,3,(1.5+0j),0.35,0.011491884286261366,6,0.0,0.7806738454071864,0.8005594257540967,0.019885580346910237
positive_charge,15010,3,(1.5+0j),0.35,0.013865387709977757,4,0.0,0.7806738454071863,0.8026269244426608,0.0219530790354745
positive_charge,15011,3,(1.5+0j),0.35,0.011491884286261366,6,0.0,0.7806738454071864,0.8023796025708338,0.02170575716364742
positive_charge,15012,3,(1.5+0j),0.35,0.011491884286261366,4,0.0,0.7806738454071864,0.8018358415165001,0.021161996109313685
positive_charge,15013,3,(1.5+0j),0.35,0.011491884286261366,6,0.0,0.7806738454071864,0.802318807819072,0.021644962411885627
positive_charge,15014,3,(1.5+0j),0.35,0.011491884286261366,4,0.0,0.7806738454071864,0.8018358415165001,0.021161996109313685
positive_charge,15015,3,(1.5+0j),0.35,0.011491884286261366,5,0.0,0.7806738454071864,0.8022696621212713,0.021595816714084837
positive_charge,15016,3,(1.5+0j),0.35,0.011491884286261366,5,0.0,0.7806738454071864,0.8021589258887155,0.021485080481529084
positive_charge,15017,3,(1.5+0j),0.35,0.013865387709977757,4,0.0,0.7806738454071863,0.8026269244426608,0.0219530790354745
positive_charge,15018,3,(1.5+0j),0.35,0.011491884286261366,4,0.0,0.7806738454071864,0.8020680901105754,0.02139424470338902
positive_charge,15019,3,(1.5+0j),0.35,0.011491884286261366,5,0.0,0.7806738454071863,0.8026269244426608,0.0219530790354745
positive_charge,15020,3,(1.5+0j),0.35,0.013865387709977757,3,0.0,0.7806738454071863,0.8026269244426608,0.0219530790354745
positive_charge,15021,3,(1.5+0j),0.35,0.011491884286261366,6,0.0,0.7806738454071864,0.7983620598497958,0.017688214442609373
positive_charge,15022,3,(1.5+0j),0.35,0.013865387709977757,4,0.0,0.7806738454071863,0.8026269244426608,0.0219530790354745
positive_charge,15023,3,(1.5+0j),0.35,0.011491884286261366,4,0.0,0.7806738454071864,0.7983620598497958,0.017688214442609373
positive_charge,15024,3,(1.5+0j),0.35,0.011491884286261366,5,0.0,0.7806738454071863,0.8026269244426608,0.0219530790354745
positive_charge,15025,3,(1.5+0j),0.35,0.011491884286261366,6,0.0,0.7806738454071864,0.8016420969382251,0.02096825153103865
positive_charge,15026,3,(1.5+0j),0.35,0.011491884286261366,5,0.0,0.7806738454071864,0.8022329674059059,0.021559121998719455
positive_charge,15027,3,(1.5+0j),0.35,0.013865387709977757,5,0.0,0.7806738454071863,0.8026269244426608,0.0219530790354745
positive_charge,15028,3,(1.5+0j),0.35,0.013865387709977757,5,0.0,0.7806738454071863,0.8026269244426608,0.0219530790354745
positive_charge,15029,3,(1.5+0j),0.35,0.011491884286261366,4,0.0,0.7806738454071864,0.8005594257540967,0.019885580346910237
positive_charge,15030,3,(1.5+0j),0.35,0.011491884286261366,5,0.0,0.7806738454071864,0.8022329674059059,0.021559121998719455
positive_charge,15031,3,(1.5+0j),0.35,0.013865387709977757,3,0.0,0.7806738454071863,0.8026269244426608,0.0219530790354745
positive_charge,15000,3,(1.5+0j),0.6,0.039437196435016024,6,0.0,0.6284681142849847,0.6850466387541703,0.05657852446918554
positive_charge,15001,3,(1.5+0j),0.6,0.039437196435016024,6,0.0,0.6284681142849847,0.6898558763691421,0.061387762084157416
positive_charge,15002,3,(1.5+0j),0.6,0.04704443151855912,5,0.0,0.6284681142849847,0.6905191188479615,0.06205100456297674
positive_charge,15003,3,(1.5+0j),0.6,0.039437196435016024,5,0.0,0.6284681142849847,0.6905191188479615,0.06205100456297674
positive_charge,15004,3,(1.5+0j),0.6,0.039437196435016024,5,0.0,0.6284681142849847,0.6892561396500797,0.06078802536509498
positive_charge,15005,3,(1.5+0j),0.6,0.039437196435016024,4,0.0,0.6284681142849847,0.6890298514657489,0.060561737180764186
positive_charge,15006,3,(1.5+0j),0.6,0.039437196435016024,5,0.0,0.6284681142849847,0.6892561396500797,0.06078802536509498
positive_charge,15007,3,(1.5+0j),0.6,0.039437196435016024,6,0.0,0.6284681142849847,0.6862043375588184,0.05773622327383365
positive_charge,15008,3,(1.5+0j),0.6,0.039437196435016024,4,0.0,0.6284681142849847,0.6883837733682493,0.05991565908326457
positive_charge,15009,3,(1.5+0j),0.6,0.039437196435016024,6,0.0,0.6284681142849847,0.6850466387541703,0.05657852446918554
positive_charge,15010,3,(1.5+0j),0.6,0.04704443151855912,4,0.0,0.6284681142849847,0.6905191188479615,0.06205100456297674
positive_charge,15011,3,(1.5+0j),0.6,0.039437196435016024,6,0.0,0.6284681142849847,0.6898558763691421,0.061387762084157416
positive_charge,15012,3,(1.5+0j),0.6,0.039437196435016024,4,0.0,0.6284681142849847,0.6883837733682493,0.05991565908326457
positive_charge,15013,3,(1.5+0j),0.6,0.039437196435016024,6,0.0,0.6284681142849847,0.6896870553121627,0.06121894102717795
positive_charge,15014,3,(1.5+0j),0.6,0.039437196435016024,4,0.0,0.6284681142849847,0.6883837733682493,0.05991565908326457
positive_charge,15015,3,(1.5+0j),0.6,0.039437196435016024,5,0.0,0.6284681142849847,0.689564906117518,0.06109679183253325
positive_charge,15016,3,(1.5+0j),0.6,0.039437196435016024,5,0.0,0.6284681142849847,0.6892561396500797,0.06078802536509498
positive_charge,15017,3,(1.5+0j),0.6,0.04704443151855912,4,0.0,0.6284681142849847,0.6905191188479615,0.06205100456297674
positive_charge,15018,3,(1.5+0j),0.6,0.039437196435016024,4,0.0,0.6284681142849847,0.6890298514657489,0.060561737180764186
positive_charge,15019,3,(1.5+0j),0.6,0.039437196435016024,5,0.0,0.6284681142849847,0.6905191188479615,0.06205100456297674
positive_charge,15020,3,(1.5+0j),0.6,0.04704443151855912,3,0.0,0.6284681142849847,0.6905191188479615,0.06205100456297674
positive_charge,15021,3,(1.5+0j),0.6,0.039437196435016024,6,0.0,0.6284681142849847,0.679249896657221,0.050781782372236295
positive_charge,15022,3,(1.5+0j),0.6,0.04704443151855912,4,0.0,0.6284681142849847,0.6905191188479615,0.06205100456297674
positive_charge,15023,3,(1.5+0j),0.6,0.039437196435016024,4,0.0,0.6284681142849847,0.679249896657221,0.050781782372236295
positive_charge,15024,3,(1.5+0j),0.6,0.039437196435016024,5,0.0,0.6284681142849847,0.6905191188479615,0.06205100456297674
positive_charge,15025,3,(1.5+0j),0.6,0.039437196435016024,6,0.0,0.6284681142849847,0.6878990014688784,0.059430887183893666
positive_charge,15026,3,(1.5+0j),0.6,0.039437196435016024,5,0.0,0.6284681142849847,0.6894779442523097,0.06100982996732496
positive_charge,15027,3,(1.5+0j),0.6,0.04704443151855912,5,0.0,0.6284681142849847,0.6905191188479615,0.06205100456297674
positive_charge,15028,3,(1.5+0j),0.6,0.04704443151855912,5,0.0,0.6284681142849847,0.6905191188479615,0.06205100456297674
positive_charge,15029,3,(1.5+0j),0.6,0.039437196435016024,4,0.0,0.6284681142849847,0.6850459130675742,0.056577798782589506
positive_charge,15030,3,(1.5+0j),0.6,0.039437196435016024,5,0.0,0.6284681142849847,0.6894779442523097,0.06100982996732496
positive_charge,15031,3,(1.5+0j),0.6,0.04704443151855912,3,0.0,0.6284681142849847,0.6905191188479615,0.06205100456297674
positive_charge,15000,3,(2+0j),0.15,0.0007860638730491872,6,0.0,0.9399268496527778,0.9415113110745603,0.0015844614217824793
positive_charge,15001,3,(2+0j),0.15,0.0007860638730491872,6,0.0,0.9399268496527778,0.9416174014088553,0.001690551756077463
positive_charge,15002,3,(2+0j),0.15,0.0009064117628214071,5,0.0,0.9399268496527777,0.9416323170138889,0.0017054673611112126
positive_charge,15003,3,(2+0j),0.15,0.0007860638730491872,5,0.0,0.9399268496527777,0.9416323170138889,0.0017054673611112126
positive_charge,15004,3,(2+0j),0.15,0.0007860638730491872,5,0.0,0.9399268496527778,0.9416029549300795,0.001676105277301665
positive_charge,15005,3,(2+0j),0.15,0.0007860638730491872,4,0.0,0.9399268496527778,0.941598823971569,0.0016719743187911806
positive_charge,15006,3,(2+0j),0.15,0.0007860638730491872,5,0.0,0.9399268496527778,0.9416029549300795,0.001676105277301665
positive_charge,15007,3,(2+0j),0.15,0.0007860638730491872,6,0.0,0.9399268496527778,0.941531333898672,0.001604484245894211
positive_charge,15008,3,(2+0j),0.15,0.0007860638730491872,4,0.0,0.9399268496527778,0.9415824542779272,0.001655604625149354
positive_charge,15009,3,(2+0j),0.15,0.0007860638730491872,6,0.0,0.9399268496527778,0.9415113110745603,0.0015844614217824793
positive_charge,15010,3,(2+0j),0.15,0.0009064117628214071,4,0.0,0.9399268496527777,0.9416323170138889,0.0017054673611112126
positive_charge,15011,3,(2+0j),0.15,0.0007860638730491872,6,0.0,0.9399268496527778,0.9416174014088553,0.001690551756077463
positive_charge,15012,3,(2+0j),0.15,0.0007860638730491872,4,0.0,0.9399268496527778,0.9415824542779272,0.001655604625149354
positive_charge,15013,3,(2+0j),0.15,0.0007860638730491872,6,0.0,0.9399268496527778,0.9416130329726305,0.0016861833198527076
positive_charge,15014,3,(2+0j),0.15,0.0007860638730491872,4,0.0,0.9399268496527778,0.9415824542779272,0.001655604625149354
positive_charge,15015,3,(2+0j),0.15,0.0007860638730491872,5,0.0,0.9399268496527778,0.9416108183007307,0.0016839686479528382
positive_charge,15016,3,(2+0j),0.15,0.0007860638730491872,5,0.0,0.9399268496527778,0.9416029549300795,0.001676105277301665
positive_charge,15017,3,(2+0j),0.15,0.0009064117628214071,4,0.0,0.9399268496527777,0.9416323170138889,0.0017054673611112126
positive_charge,15018,3,(2+0j),0.15,0.0007860638730491872,4,0.0,0.9399268496527778,0.941598823971569,0.0016719743187911806
positive_charge,15019,3,(2+0j),0.15,0.0007860638730491872,5,0.0,0.9399268496527777,0.9416323170138889,0.0017054673611112126
positive_charge,15020,3,(2+0j),0.15,0.0009064117628214071,3,0.0,0.9399268496527777,0.9416323170138889,0.0017054673611112126
positive_charge,15021,3,(2+0j),0.15,0.0007860638730491872,6,0.0,0.9399268496527778,0.9413850614583333,0.0014582118055554982
positive_charge,15022,3,(2+0j),0.15,0.0009064117628214071,4,0.0,0.9399268496527777,0.9416323170138889,0.0017054673611112126
positive_charge,15023,3,(2+0j),0.15,0.0007860638730491872,4,0.0,0.9399268496527778,0.9413850614583333,0.0014582118055554982
positive_charge,15024,3,(2+0j),0.15,0.0007860638730491872,5,0.0,0.9399268496527777,0.9416323170138889,0.0017054673611112126
positive_charge,15025,3,(2+0j),0.15,0.0007860638730491872,6,0.0,0.9399268496527778,0.9415738628263793,0.001647013173601497
positive_charge,15026,3,(2+0j),0.15,0.0007860638730491872,5,0.0,0.9399268496527778,0.9416092724207341,0.0016824227679562709
positive_charge,15027,3,(2+0j),0.15,0.0009064117628214071,5,0.0,0.9399268496527777,0.9416323170138889,0.0017054673611112126
positive_charge,15028,3,(2+0j),0.15,0.0009064117628214071,5,0.0,0.9399268496527777,0.9416323170138889,0.0017054673611112126
positive_charge,15029,3,(2+0j),0.15,0.0007860638730491872,4,0.0,0.9399268496527778,0.9415112666825978,0.001584417029819929
positive_charge,15030,3,(2+0j),0.15,0.0007860638730491872,5,0.0,0.9399268496527778,0.9416092724207341,0.0016824227679562709
positive_charge,15031,3,(2+0j),0.15,0.0009064117628214071,3,0.0,0.9399268496527777,0.9416323170138889,0.0017054673611112126
positive_charge,15000,3,(2+0j),0.35,0.0046129689798801,6,0.0,0.860159947029321,0.8686862545809174,0.008526307551596446
positive_charge,15001,3,(2+0j),0.35,0.0046129689798801,6,0.0,0.860159947029321,0.8692341262993359,0.00907417927001497
positive_charge,15002,3,(2+0j),0.35,0.005291498251454946,5,0.0,0.860159947029321,0.8693114418595679,0.009151494830246909
positive_charge,15003,3,(2+0j),0.35,0.0046129689798801,5,0.0,0.860159947029321,0.8693114418595679,0.009151494830246909
positive_charge,15004,3,(2+0j),0.35,0.0046129689798801,5,0.0,0.860159947029321,0.8691585811364072,0.008998634107086234
positive_charge,15005,3,(2+0j),0.35,0.0046129689798801,4,0.0,0.860159947029321,0.8691380998129937,0.008978152783672755
positive_charge,15006,3,(2+0j),0.35,0.0046129689798801,5,0.0,0.860159947029321,0.8691585811364072,0.008998634107086234
positive_charge,15007,3,(2+0j),0.35,0.0046129689798801,6,0.0,0.860159947029321,0.8687852721707591,0.0086253251414381
positive_charge,15008,3,(2+0j),0.35,0.0046129689798801,4,0.0,0.860159947029321,0.8690518684656867,0.008891921436365746
positive_charge,15009,3,(2+0j),0.35,0.0046129689798801,6,0.0,0.860159947029321,0.8686862545809174,0.008526307551596446
positive_charge,15010,3,(2+0j),0.35,0.005291498251454946,4,0.0,0.860159947029321,0.8693114418595679,0.009151494830246909
positive_charge,15011,3,(2+0j),0.35,0.0046129689798801,6,0.0,0.860159947029321,0.8692341262993359,0.00907417927001497
positive_charge,15012,3,(2+0j),0.35,0.0046129689798801,4,0.0,0.860159947029321,0.8690518684656867,0.008891921436365746
positive_charge,15013,3,(2+0j),0.35,0.0046129689798801,6,0.0,0.860159947029321,0.869210963135371,0.00905101610605008
positive_charge,15014,3,(2+0j),0.35,0.0046129689798801,4,0.0,0.860159947029321,0.8690518684656867,0.008891921436365746
positive_charge,15015,3,(2+0j),0.35,0.0046129689798801,5,0.0,0.860159947029321,0.8691999199104967,0.00903997288117575
positive_charge,15016,3,(2+0j),0.35,0.0046129689798801,5,0.0,0.860159947029321,0.8691585811364072,0.008998634107086234
positive_charge,15017,3,(2+0j),0.35,0.005291498251454946,4,0.0,0.860159947029321,0.8693114418595679,0.009151494830246909
positive_charge,15018,3,(2+0j),0.35,0.0046129689798801,4,0.0,0.860159947029321,0.8691380998129937,0.008978152783672755
positive_charge,15019,3,(2+0j),0.35,0.0046129689798801,5,0.0,0.860159947029321,0.8693114418595679,0.009151494830246909
positive_charge,15020,3,(2+0j),0.35,0.005291498251454946,3,0.0,0.860159947029321,0.8693114418595679,0.009151494830246909
positive_charge,15021,3,(2+0j),0.35,0.0046129689798801,6,0.0,0.860159947029321,0.8680352035879629,0.007875256558641963
positive_charge,15022,3,(2+0j),0.35,0.005291498251454946,4,0.0,0.860159947029321,0.8693114418595679,0.009151494830246909
positive_charge,15023,3,(2+0j),0.35,0.0046129689798801,4,0.0,0.860159947029321,0.8680352035879629,0.007875256558641963
positive_charge,15024,3,(2+0j),0.35,0.0046129689798801,5,0.0,0.860159947029321,0.8693114418595679,0.009151494830246909
positive_charge,15025,3,(2+0j),0.35,0.0046129689798801,6,0.0,0.860159947029321,0.8690088939983686,0.008848946969047589
positive_charge,15026,3,(2+0j),0.35,0.0046129689798801,5,0.0,0.860159947029321,0.8691923995191477,0.009032452489826759
positive_charge,15027,3,(2+0j),0.35,0.005291498251454946,5,0.0,0.860159947029321,0.8693114418595679,0.009151494830246909
positive_charge,15028,3,(2+0j),0.35,0.005291498251454946,5,0.0,0.860159947029321,0.8693114418595679,0.009151494830246909
positive_charge,15029,3,(2+0j),0.35,0.0046129689798801,4,0.0,0.860159947029321,0.8686862106546613,0.008526263625340369
positive_charge,15030,3,(2+0j),0.35,0.0046129689798801,5,0.0,0.860159947029321,0.8691923995191477,0.009032452489826759
positive_charge,15031,3,(2+0j),0.35,0.005291498251454946,3,0.0,0.860159947029321,0.8693114418595679,0.009151494830246909
positive_charge,15000,3,(2+0j),0.6,0.0149644565159937,6,0.0,0.7610920444444444,0.7857815568320946,0.02468951238765016
positive_charge,15001,3,(2+0j),0.6,0.0149644565159937,6,0.0,0.7610920444444444,0.7872817026535219,0.026189658209077482
positive_charge,15002,3,(2+0j),0.6,0.017049467327914774,5,0.0,0.7610920444444443,0.7874946222222222,0.02640257777777788
positive_charge,15003,3,(2+0j),0.6,0.0149644565159937,5,0.0,0.7610920444444443,0.7874946222222222,0.02640257777777788
positive_charge,15004,3,(2+0j),0.6,0.0149644565159937,5,0.0,0.7610920444444444,0.7870711592441596,0.025979114799715153
positive_charge,15005,3,(2+0j),0.6,0.0149644565159937,4,0.0,0.7610920444444444,0.7870183075953556,0.025926263150911177
positive_charge,15006,3,(2+0j),0.6,0.0149644565159937,5,0.0,0.7610920444444444,0.7870711592441596,0.025979114799715153
positive_charge,15007,3,(2+0j),0.6,0.0149644565159937,6,0.0,0.7610920444444444,0.7860381937685993,0.024946149324154843
positive_charge,15008,3,(2+0j),0.6,0.0149644565159937,4,0.0,0.7610920444444444,0.7867756069719395,0.02568356252749504
positive_charge,15009,3,(2+0j),0.6,0.0149644565159937,6,0.0,0.7610920444444444,0.7857815568320946,0.02468951238765016
positive_charge,15010,3,(2+0j),0.6,0.017049467327914774,4,0.0,0.7610920444444443,0.7874946222222222,0.02640257777777788
positive_charge,15011,3,(2+0j),0.6,0.0149644565159937,6,0.0,0.7610920444444444,0.7872817026535219,0.026189658209077482
positive_charge,15012,3,(2+0j),0.6,0.0149644565159937,4,0.0,0.7610920444444444,0.7867756069719395,0.02568356252749504
positive_charge,15013,3,(2+0j),0.6,0.0149644565159937,6,0.0,0.7610920444444444,0.7872159540961613,0.026123909651716848
positive_charge,15014,3,(2+0j),0.6,0.0149644565159937,4,0.0,0.7610920444444444,0.7867756069719395,0.02568356252749504
positive_charge,15015,3,(2+0j),0.6,0.0149644565159937,5,0.0,0.7610920444444444,0.78718718413244,0.026095139687995594
positive_charge,15016,3,(2+0j),0.6,0.0149644565159937,5,0.0,0.7610920444444444,0.7870711592441596,0.025979114799715153
positive_charge,15017,3,(2+0j),0.6,0.017049467327914774,4,0.0,0.7610920444444443,0.7874946222222222,0.02640257777777788
positive_charge,15018,3,(2+0j),0.6,0.0149644565159937,4,0.0,0.7610920444444444,0.7870183075953556,0.025926263150911177
positive_charge,15019,3,(2+0j),0.6,0.0149644565159937,5,0.0,0.7610920444444443,0.7874946222222222,0.02640257777777788
positive_charge,15020,3,(2+0j),0.6,0.017049467327914774,3,0.0,0.7610920444444443,0.7874946222222222,0.02640257777777788
positive_charge,15021,3,(2+0j),0.6,0.0149644565159937,6,0.0,0.7610920444444444,0.7840009333333333,0.022908888888888868
positive_charge,15022,3,(2+0j),0.6,0.017049467327914774,4,0.0,0.7610920444444443,0.7874946222222222,0.02640257777777788
positive_charge,15023,3,(2+0j),0.6,0.0149644565159937,4,0.0,0.7610920444444444,0.7840009333333333,0.022908888888888868
positive_charge,15024,3,(2+0j),0.6,0.0149644565159937,5,0.0,0.7610920444444443,0.7874946222222222,0.02640257777777788
positive_charge,15025,3,(2+0j),0.6,0.0149644565159937,6,0.0,0.7610920444444444,0.786663185369412,0.025571140924967595
positive_charge,15026,3,(2+0j),0.6,0.0149644565159937,5,0.0,0.7610920444444444,0.7871684263720131,0.02607638192756867
positive_charge,15027,3,(2+0j),0.6,0.017049467327914774,5,0.0,0.7610920444444443,0.7874946222222222,0.02640257777777788
positive_charge,15028,3,(2+0j),0.6,0.017049467327914774,5,0.0,0.7610920444444443,0.7874946222222222,0.02640257777777788
positive_charge,15029,3,(2+0j),0.6,0.0149644565159937,4,0.0,0.7610920444444444,0.7857815568320946,0.02468951238765016
positive_charge,15030,3,(2+0j),0.6,0.0149644565159937,5,0.0,0.7610920444444444,0.7871684263720131,0.02607638192756867
positive_charge,15031,3,(2+0j),0.6,0.017049467327914774,3,0.0,0.7610920444444443,0.7874946222222222,0.02640257777777788
positive_charge,15000,3,(1.5+0.75j),0.15,0.0018095713143626367,6,0.0,0.9296804924078037,0.9334778085848875,0.003797316177083787
positive_charge,15001,3,(1.5+0.75j),0.15,0.0018095713143626367,6,0.0,0.9294082466826945,0.9334774674828777,0.0040692208001832375
positive_charge,15002,3,(1.5+0.75j),0.15,0.002130799012227003,5,0.0,0.9294630145662784,0.9334324697724224,0.003969455206144001
positive_charge,15003,3,(1.5+0.75j),0.15,0.0018095713143626367,5,0.0,0.9294031293511638,0.9334923570381041,0.004089227686940311
positive_charge,15004,3,(1.5+0.75j),0.15,0.0018095713143626367,5,0.0,0.9294133897427683,0.9334596316614334,0.004046241918665094
positive_charge,15005,3,(1.5+0.75j),0.15,0.0018095713143626367,4,0.0,0.9294693670209916,0.9334902958454421,0.004020928824450487
positive_charge,15006,3,(1.5+0.75j),0.15,0.0018095713143626367,5,0.0,0.9294133897427683,0.9334596316614334,0.004046241918665094
positive_charge,15007,3,(1.5+0.75j),0.15,0.0018095713143626367,6,0.0,0.9294006313317645,0.9332008072385678,0.0038001759068032603
positive_charge,15008,3,(1.5+0.75j),0.15,0.0018095713143626367,4,0.0,0.9294054496033626,0.9333918035691986,0.00398635396583602
positive_charge,15009,3,(1.5+0.75j),0.15,0.0018095713143626367,6,0.0,0.9296804924078037,0.9334778085848875,0.003797316177083787
positive_charge,15010,3,(1.5+0.75j),0.15,0.002130799012227003,4,0.0,0.9294630145662784,0.9334324697724224,0.003969455206144001
positive_charge,15011,3,(1.5+0.75j),0.15,0.0018095713143626367,6,0.0,0.9294082466826945,0.9334774674828777,0.0040692208001832375
positive_charge,15012,3,(1.5+0.75j),0.15,0.0018095713143626367,4,0.0,0.9294054496033626,0.9333918035691986,0.00398635396583602
positive_charge,15013,3,(1.5+0.75j),0.15,0.0018095713143626367,6,0.0,0.9294200748122736,0.9334841733294976,0.004064098517224002
positive_charge,15014,3,(1.5+0.75j),0.15,0.0018095713143626367,4,0.0,0.9294054496033626,0.9333918035691986,0.00398635396583602
positive_charge,15015,3,(1.5+0.75j),0.15,0.0018095713143626367,5,0.0,0.929425463897561,0.9334834323913125,0.004057968493751507
positive_charge,15016,3,(1.5+0.75j),0.15,0.0018095713143626367,5,0.0,0.9294133897427683,0.9334596316614334,0.004046241918665094
positive_charge,15017,3,(1.5+0.75j),0.15,0.002130799012227003,4,0.0,0.9294630145662784,0.9334324697724224,0.003969455206144001
positive_charge,15018,3,(1.5+0.75j),0.15,0.0018095713143626367,4,0.0,0.9294693670209916,0.9334902958454421,0.004020928824450487
positive_charge,15019,3,(1.5+0.75j),0.15,0.0018095713143626367,5,0.0,0.9294031293511638,0.9334923570381041,0.004089227686940311
positive_charge,15020,3,(1.5+0.75j),0.15,0.002130799012227003,3,0.0,0.9294630145662784,0.9334324697724224,0.003969455206144001
positive_charge,15021,3,(1.5+0.75j),0.15,0.0018095713143626367,6,0.0,0.9294479210903492,0.9329280045562462,0.0034800834658970103
positive_charge,15022,3,(1.5+0.75j),0.15,0.002130799012227003,4,0.0,0.9294630145662784,0.9334324697724224,0.003969455206144001
positive_charge,15023,3,(1.5+0.75j),0.15,0.0018095713143626367,4,0.0,0.9294479325891958,0.9329280045562462,0.0034800719670504687
positive_charge,15024,3,(1.5+0.75j),0.15,0.0018095713143626367,5,0.0,0.9294079852075382,0.9334875028588955,0.004079517651357278
positive_charge,15025,3,(1.5+0.75j),0.15,0.0018095713143626367,6,0.0,0.9295878780074561,0.9334949910792469,0.003907113071790813
positive_charge,15026,3,(1.5+0.75j),0.15,0.0018095713143626367,5,0.0,0.9294047845899397,0.9334494924759851,0.0040447078860453844
positive_charge,15027,3,(1.5+0.75j),0.15,0.002130799012227003,5,0.0,0.9294630145662784,0.9334324697724224,0.003969455206144001
positive_charge,15028,3,(1.5+0.75j),0.15,0.002130799012227003,5,0.0,0.9294630145662784,0.9334324697724224,0.003969455206144001
positive_charge,15029,3,(1.5+0.75j),0.15,0.0018095713143626367,4,0.0,0.9296804924078037,0.9334777565701143,0.003797264162310632
positive_charge,15030,3,(1.5+0.75j),0.15,0.0018095713143626367,5,0.0,0.9294047845899397,0.9334494924759851,0.0040447078860453844
positive_charge,15031,3,(1.5+0.75j),0.15,0.002130799012227003,3,0.0,0.9294630145662784,0.9334324697724224,0.003969455206144001
positive_charge,15000,3,(1.5+0.75j),0.35,0.010748792535373678,6,0.0,0.83627586235177,0.8566424472014446,0.020366584849674574
positive_charge,15001,3,(1.5+0.75j),0.35,0.010748792535373678,6,0.0,0.8348651117808246,0.8566407399501067,0.021775628169282135
positive_charge,15002,3,(1.5+0.75j),0.35,0.012596146906189088,5,0.0,0.8351184906976954,0.8564254227907032,0.021306932093007824
positive_charge,15003,3,(1.5+0.75j),0.35,0.010748792535373678,5,0.0,0.8348317776746242,0.8567121507905342,0.021880373115909957
positive_charge,15004,3,(1.5+0.75j),0.35,0.010748792535373678,5,0.0,0.8348693575914435,0.8565082066822016,0.021638849090758083
positive_charge,15005,3,(1.5+0.75j),0.35,0.010748792535373678,4,0.0,0.8351810947977307,0.8567016455036275,0.021520550705896757
positive_charge,15006,3,(1.5+0.75j),0.35,0.010748792535373678,5,0.0,0.8348693575914435,0.8565082066822016,0.021638849090758083
positive_charge,15007,3,(1.5+0.75j),0.35,0.010748792535373678,6,0.0,0.8348256011839389,0.8553049175849131,0.020479316400974223
positive_charge,15008,3,(1.5+0.75j),0.35,0.010748792535373678,4,0.0,0.834834467863956,0.8561284946972383,0.021294026833282298
positive_charge,15009,3,(1.5+0.75j),0.35,0.010748792535373678,6,0.0,0.83627586235177,0.8566424472014446,0.020366584849674574
positive_charge,15010,3,(1.5+0.75j),0.35,0.012596146906189088,4,0.0,0.8351192268116856,0.8564247049898105,0.021305478178124893
positive_charge,15011,3,(1.5+0.75j),0.35,0.010748792535373678,6,0.0,0.8348651117808246,0.8566407399501067,0.021775628169282135
positive_charge,15012,3,(1.5+0.75j),0.35,0.010748792535373678,4,0.0,0.834834467863956,0.8561284946972383,0.021294026833282298
positive_charge,15013,3,(1.5+0.75j),0.35,0.010748792535373678,6,0.0,0.8349011087007604,0.8566505781654069,0.02174946946464651
positive_charge,15014,3,(1.5+0.75j),0.35,0.010748792535373678,4,0.0,0.834834467863956,0.8561284946972383,0.021294026833282298
positive_charge,15015,3,(1.5+0.75j),0.35,0.010748792535373678,5,0.0,0.8349544562301182,0.856669476175304,0.021715019945185765
positive_charge,15016,3,(1.5+0.75j),0.35,0.010748792535373678,5,0.0,0.8348693575914435,0.8565082066822016,0.021638849090758083
positive_charge,15017,3,(1.5+0.75j),0.35,0.012596146906189088,4,0.0,0.8351192268116856,0.8564247049898105,0.021305478178124893
positive_charge,15018,3,(1.5+0.75j),0.35,0.010748792535373678,4,0.0,0.8351810947977307,0.8567016455036275,0.021520550705896757
positive_charge,15019,3,(1.5+0.75j),0.35,0.010748792535373678,5,0.0,0.8348317776746242,0.8567121507905342,0.021880373115909957
positive_charge,15020,3,(1.5+0.75j),0.35,0.012596146906189088,3,0.0,0.8351184906976954,0.8564254227907032,0.021306932093007824
positive_charge,15021,3,(1.5+0.75j),0.35,0.010748792535373678,6,0.0,0.8351436017477971,0.853967565055852,0.018823963308054914
positive_charge,15022,3,(1.5+0.75j),0.35,0.012596146906189088,4,0.0,0.8351192268116856,0.8564247049898105,0.021305478178124893
positive_charge,15023,3,(1.5+0.75j),0.35,0.010748792535373678,4,0.0,0.8351436242302117,0.853967565055852,0.018823940825640317
positive_charge,15024,3,(1.5+0.75j),0.35,0.010748792535373678,5,0.0,0.8348850161517972,0.8566589520926687,0.021773935940871514
positive_charge,15025,3,(1.5+0.75j),0.35,0.010748792535373678,6,0.0,0.8357819347069866,0.8567238925614851,0.020941957854498483
positive_charge,15026,3,(1.5+0.75j),0.35,0.010748792535373678,5,0.0,0.8348479028454775,0.8565092215522633,0.02166131870678578
positive_charge,15027,3,(1.5+0.75j),0.35,0.012596146906189088,5,0.0,0.8351184906976954,0.8564254227907032,0.021306932093007824
positive_charge,15028,3,(1.5+0.75j),0.35,0.012596146906189088,5,0.0,0.8351184906976954,0.8564254227907032,0.021306932093007824
positive_charge,15029,3,(1.5+0.75j),0.35,0.010748792535373678,4,0.0,0.8362762331265217,0.8566422921332567,0.02036605900673505
positive_charge,15030,3,(1.5+0.75j),0.35,0.010748792535373678,5,0.0,0.8348479028454775,0.8565092215522633,0.02166131870678578
positive_charge,15031,3,(1.5+0.75j),0.35,0.012596146906189088,3,0.0,0.8351184906976954,0.8564254227907032,0.021306932093007824
positive_charge,15000,3,(1.5+0.75j),0.6,0.03533515481855771,6,0.0,0.7202887715097811,0.7790738939732368,0.058785122463455686
positive_charge,15001,3,(1.5+0.75j),0.6,0.03533515481855771,6,0.0,0.7164249561545429,0.7790830609120977,0.06265810475755473
positive_charge,15002,3,(1.5+0.75j),0.6,0.04116425612767459,5,0.0,0.7169957229751552,0.7785590871615874,0.06156336418643216
positive_charge,15003,3,(1.5+0.75j),0.6,0.03533515481855771,5,0.0,0.7163092598352259,0.7792455522702586,0.06293629243503274
positive_charge,15004,3,(1.5+0.75j),0.6,0.03533515481855771,5,0.0,0.7163559638283473,0.7785364379331254,0.062180474104778116
positive_charge,15005,3,(1.5+0.75j),0.6,0.03533515481855771,4,0.0,0.7173034574723375,0.7792261513590725,0.06192269388673499
positive_charge,15006,3,(1.5+0.75j),0.6,0.03533515481855771,5,0.0,0.7163559638283473,0.7785364379331254,0.062180474104778116
positive_charge,15007,3,(1.5+0.75j),0.6,0.03533515481855771,6,0.0,0.7163405693685525,0.7757838677277663,0.0594432983592138
positive_charge,15008,3,(1.5+0.75j),0.6,0.03533515481855771,4,0.0,0.7162872426600078,0.7773760010526931,0.06108875839268535
positive_charge,15009,3,(1.5+0.75j),0.6,0.03533515481855771,6,0.0,0.7202887715097811,0.7790738939732368,0.058785122463455686
positive_charge,15010,3,(1.5+0.75j),0.6,0.04116425612767459,4,0.0,0.7169957229751552,0.7785590871615874,0.06156336418643216
positive_charge,15011,3,(1.5+0.75j),0.6,0.03533515481855771,6,0.0,0.7164249561545429,0.7790830609120977,0.06265810475755473
positive_charge,15012,3,(1.5+0.75j),0.6,0.03533515481855771,4,0.0,0.7162872426600078,0.7773760010526931,0.06108875839268535
positive_charge,15013,3,(1.5+0.75j),0.6,0.03533515481855771,6,0.0,0.7164291099088632,0.778991622507582,0.06256251259871881
positive_charge,15014,3,(1.5+0.75j),0.6,0.03533515481855771,4,0.0,0.7162872426600078,0.7773760010526931,0.06108875839268535
positive_charge,15015,3,(1.5+0.75j),0.6,0.03533515481855771,5,0.0,0.7166806002380693,0.7791501522501051,0.062469552012035745
positive_charge,15016,3,(1.5+0.75j),0.6,0.03533515481855771,5,0.0,0.7163559638283473,0.7785364379331254,0.062180474104778116
positive_charge,15017,3,(1.5+0.75j),0.6,0.04116425612767459,4,0.0,0.7169957229751552,0.7785590871615874,0.06156336418643216
positive_charge,15018,3,(1.5+0.75j),0.6,0.03533515481855771,4,0.0,0.7173034574723375,0.7792261513590725,0.06192269388673499
positive_charge,15019,3,(1.5+0.75j),0.6,0.03533515481855771,5,0.0,0.7163092598352259,0.7792455522702586,0.06293629243503274
positive_charge,15020,3,(1.5+0.75j),0.6,0.04116425612767459,3,0.0,0.7169957229751552,0.7785590871615874,0.06156336418643216
positive_charge,15021,3,(1.5+0.75j),0.6,0.03533515481855771,6,0.0,0.717533144173795,0.7724078941568556,0.05487474998306063
positive_charge,15022,3,(1.5+0.75j),0.6,0.04116425612767459,4,0.0,0.7169957229751552,0.7785590871615874,0.06156336418643216
positive_charge,15023,3,(1.5+0.75j),0.6,0.03533515481855771,4,0.0,0.717533144173795,0.7724078941568556,0.05487474998306063
positive_charge,15024,3,(1.5+0.75j),0.6,0.03533515481855771,5,0.0,0.7165941934062761,0.7789616613209542,0.062367467914678176
positive_charge,15025,3,(1.5+0.75j),0.6,0.03533515481855771,6,0.0,0.7189161660248893,0.7792754525423589,0.06035928651746958
positive_charge,15026,3,(1.5+0.75j),0.6,0.03533515481855771,5,0.0,0.7163731793519074,0.7787454702654291,0.0623722909135217
positive_charge,15027,3,(1.5+0.75j),0.6,0.04116425612767459,5,0.0,0.7169957229751552,0.7785590871615874,0.06156336418643216
positive_charge,15028,3,(1.5+0.75j),0.6,0.04116425612767459,5,0.0,0.7169957229751552,0.7785590871615874,0.06156336418643216
positive_charge,15029,3,(1.5+0.75j),0.6,0.03533515481855771,4,0.0,0.7202904634818982,0.7790738939732368,0.058783430491338606
positive_charge,15030,3,(1.5+0.75j),0.6,0.03533515481855771,5,0.0,0.7163731793519074,0.7787454702654291,0.0623722909135217
positive_charge,15031,3,(1.5+0.75j),0.6,0.04116425612767459,3,0.0,0.7169957229751552,0.7785590871615874,0.06156336418643216
positive_charge,15000,4,(1.25+0j),0.15,0.0030684106217042854,9,0.0,0.868121906019595,0.8749263805169287,0.006804474497333679
positive_charge,15001,4,(1.25+0j),0.15,0.0030684106217042854,11,0.0,0.8681219060195949,0.8749901861282723,0.006868280108677349
positive_charge,15002,4,(1.25+0j),0.15,0.0029840677465144236,9,0.0,0.868121906019595,0.8749455222154101,0.006823616195815063
positive_charge,15003,4,(1.25+0j),0.15,0.0030684106217042854,8,0.0,0.868121906019595,0.8751158847820986,0.006993978762503517
positive_charge,15004,4,(1.25+0j),0.15,0.0030684106217042854,9,0.0,0.8681219060195949,0.8733886591551273,0.005266753135532376
positive_charge,15005,4,(1.25+0j),0.15,0.0029840677465144236,6,0.0,0.8681219060195952,0.8746901488420065,0.006568242822411308
positive_charge,15006,4,(1.25+0j),0.15,0.0030684106217042854,9,0.0,0.868121906019595,0.8741410989843598,0.006019192964764719
positive_charge,15007,4,(1.25+0j),0.15,0.0029840677465144236,9,0.0,0.8681219060195952,0.8745728203862132,0.0064509143666180435
positive_charge,15008,4,(1.25+0j),0.15,0.0030684106217042854,8,0.0,0.868121906019595,0.8751158847820986,0.006993978762503517
positive_charge,15009,4,(1.25+0j),0.15,0.0032438530458422355,10,0.0,0.868121906019595,0.8749884794014914,0.006866573381896335
positive_charge,15010,4,(1.25+0j),0.15,0.0032438530458422355,10,0.0,0.868121906019595,0.8749730776994792,0.006851171679884138
positive_charge,15011,4,(1.25+0j),0.15,0.0032438530458422355,12,0.0,0.868121906019595,0.8750279909846685,0.0069060849650735
positive_charge,15012,4,(1.25+0j),0.15,0.0029840677465144236,6,0.0,0.868121906019595,0.8748736517317568,0.00675174571216175
positive_charge,15013,4,(1.25+0j),0.15,0.0029840677465144236,10,0.0,0.868121906019595,0.874923010497444,0.006801104477848985
positive_charge,15014,4,(1.25+0j),0.15,0.003737414287425257,7,0.0,0.868121906019595,0.8750030368400032,0.006881130820408199
positive_charge,15015,4,(1.25+0j),0.15,0.0029840677465144236,9,0.0,0.8681219060195952,0.8745391887754332,0.006417282755838083
positive_charge,15016,4,(1.25+0j),0.15,0.003737414287425257,9,0.0,0.868121906019595,0.8750699225268372,0.006948016507242194
positive_charge,15017,4,(1.25+0j),0.15,0.0032438530458422355,6,0.0,0.868121906019595,0.8751158847820986,0.006993978762503517
positive_charge,15018,4,(1.25+0j),0.15,0.0029840677465144236,9,0.0,0.868121906019595,0.8748204768863039,0.006698570866708886
positive_charge,15019,4,(1.25+0j),0.15,0.0032438530458422355,10,0.0,0.868121906019595,0.8749730776994792,0.006851171679884138
positive_charge,15020,4,(1.25+0j),0.15,0.0030684106217042854,7,0.0,0.868121906019595,0.874769933815296,0.00664802779570095
positive_charge,15021,4,(1.25+0j),0.15,0.0032438530458422355,8,0.0,0.868121906019595,0.8745632779719096,0.006441371952314534
positive_charge,15022,4,(1.25+0j),0.15,0.0029840677465144236,10,0.0,0.868121906019595,0.8746166446308428,0.006494738611247719
positive_charge,15023,4,(1.25+0j),0.15,0.0030684106217042854,7,0.0,0.868121906019595,0.8748660933731305,0.006744187353535436
positive_charge,15024,4,(1.25+0j),0.15,0.003737414287425257,7,0.0,0.868121906019595,0.8750685215867845,0.006946615567189451
positive_charge,15025,4,(1.25+0j),0.15,0.0030684106217042854,9,0.0,0.868121906019595,0.8749263805169287,0.006804474497333679
positive_charge,15026,4,(1.25+0j),0.15,0.0029840677465144236,9,0.0,0.8681219060195949,0.8742878088832733,0.006165902863678352
positive_charge,15027,4,(1.25+0j),0.15,0.0029840677465144236,10,0.0,0.8681219060195952,0.8748000313698533,0.006678125350258135
positive_charge,15028,4,(1.25+0j),0.15,0.0032438530458422355,10,0.0,0.868121906019595,0.8749884794014914,0.006866573381896335
positive_charge,15029,4,(1.25+0j),0.15,0.0030684106217042854,7,0.0,0.8681219060195949,0.8747989517432819,0.006677045723686992
positive_charge,15030,4,(1.25+0j),0.15,0.0029840677465144236,7,0.0,0.8681219060195952,0.8743168321465913,0.006194926126996125
positive_charge,15031,4,(1.25+0j),0.15,0.0029840677465144236,5,0.0,0.8681219060195952,0.8735955227245542,0.00547361670495905
positive_charge,15000,4,(1.25+0j),0.35,0.019172771607106315,9,0.0,0.7003005651251284,0.7349652354708152,0.034664670345686766
positive_charge,15001,4,(1.25+0j),0.35,0.019172771607106315,11,0.0,0.7003005651251285,0.7352830459922828,0.034982480867154275
positive_charge,15002,4,(1.25+0j),0.35,0.018719170564453824,9,0.0,0.7003005651251285,0.7350775728373298,0.03477700771220127
positive_charge,15003,4,(1.25+0j),0.35,0.019172771607106315,8,0.0,0.7003005651251284,0.7359075769385246,0.035607011813396205
positive_charge,15004,4,(1.25+0j),0.35,0.019172771607106315,9,0.0,0.7003005651251285,0.7272347395802016,0.026934174455073068
positive_charge,15005,4,(1.25+0j),0.35,0.018719170564453824,6,0.0,0.7003005651251284,0.7338473980752394,0.03354683295011096
positive_charge,15006,4,(1.25+0j),0.35,0.019172771607106315,9,0.0,0.7003005651251284,0.7311756928564439,0.03087512773131551
positive_charge,15007,4,(1.25+0j),0.35,0.018719170564453824,9,0.0,0.7003005651251284,0.7331967271705269,0.03289616204539847
positive_charge,15008,4,(1.25+0j),0.35,0.019172771607106315,8,0.0,0.7003005651251284,0.7359075769385246,0.035607011813396205
positive_charge,15009,4,(1.25+0j),0.35,0.020214347806766664,10,0.0,0.7003005651251284,0.735282313540491,0.03498174841536261
positive_charge,15010,4,(1.25+0j),0.35,0.020214347806766664,10,0.0,0.7003005651251284,0.7352113025868389,0.03491073746171047
positive_charge,15011,4,(1.25+0j),0.35,0.020214347806766664,12,0.0,0.7003005651251284,0.7354756745968007,0.03517510947167235
positive_charge,15012,4,(1.25+0j),0.35,0.018719170564453824,6,0.0,0.7003005651251285,0.7347527332000594,0.0344521680749309
positive_charge,15013,4,(1.25+0j),0.35,0.018719170564453824,10,0.0,0.7003005651251285,0.7349727843930447,0.03467221926791619
positive_charge,15014,4,(1.25+0j),0.35,0.02322279452347369,7,0.0,0.7003005651251285,0.7353668605298012,0.035066295404672654
positive_charge,15015,4,(1.25+0j),0.35,0.018719170564453824,9,0.0,0.7003005651251284,0.7331102218535555,0.03280965672842706
positive_charge,15016,4,(1.25+0j),0.35,0.02322279452347369,9,0.0,0.7003005651251285,0.7356880881888908,0.03538752306376225
positive_charge,15017,4,(1.25+0j),0.35,0.020214347806766664,6,0.0,0.7003005651251284,0.7359075769385246,0.035607011813396205
positive_charge,15018,4,(1.25+0j),0.35,0.018719170564453824,9,0.0,0.7003005651251284,0.7344767493461034,0.034176184220975014
positive_charge,15019,4,(1.25+0j),0.35,0.020214347806766664,10,0.0,0.7003005651251284,0.7352113025868389,0.03491073746171047
positive_charge,15020,4,(1.25+0j),0.35,0.019172771607106315,7,0.0,0.7003005651251284,0.7341520813787523,0.033851516253623926
positive_charge,15021,4,(1.25+0j),0.35,0.020214347806766664,8,0.0,0.7003005651251284,0.7331628177396047,0.032862252614476284
positive_charge,15022,4,(1.25+0j),0.35,0.018719170564453824,10,0.0,0.7003005651251285,0.7335285376222672,0.033227972497138714
positive_charge,15023,4,(1.25+0j),0.35,0.019172771607106315,7,0.0,0.7003005651251284,0.7346852953637697,0.0343847302386413
positive_charge,15024,4,(1.25+0j),0.35,0.02322279452347369,7,0.0,0.7003005651251285,0.7356821140315007,0.03538154890637224
positive_charge,15025,4,(1.25+0j),0.35,0.019172771607106315,9,0.0,0.7003005651251284,0.7349652354708152,0.034664670345686766
positive_charge,15026,4,(1.25+0j),0.35,0.018719170564453824,9,0.0,0.7003005651251285,0.7319007739216901,0.03160020879656156
positive_charge,15027,4,(1.25+0j),0.35,0.018719170564453824,10,0.0,0.7003005651251284,0.7343542689790379,0.03405370385390949
positive_charge,15028,4,(1.25+0j),0.35,0.020214347806766664,10,0.0,0.7003005651251284,0.735282313540491,0.03498174841536261
positive_charge,15029,4,(1.25+0j),0.35,0.019172771607106315,7,0.0,0.7003005651251285,0.7343311158042671,0.03403055067913863
positive_charge,15030,4,(1.25+0j),0.35,0.018719170564453824,7,0.0,0.7003005651251284,0.7320111695585098,0.03171060443338136
positive_charge,15031,4,(1.25+0j),0.35,0.018719170564453824,5,0.0,0.7003005651251284,0.7283071821984162,0.028006617073287776
positive_charge,15000,4,(1.25+0j),0.6,0.06819382313090146,9,0.0,0.5047177679830109,0.5981691293360245,0.09345136135301357
positive_charge,15001,4,(1.25+0j),0.6,0.06819382313090146,11,0.0,0.5047177679830109,0.5989912686847214,0.09427350070171048
positive_charge,15002,4,(1.25+0j),0.6,0.06689612929844482,9,0.0,0.5047177679830109,0.5984932895546317,0.09377552157162072
positive_charge,15003,4,(1.25+0j),0.6,0.06819382313090146,8,0.0,0.5047177679830109,0.6006063244835339,0.09588855650052297
positive_charge,15004,4,(1.25+0j),0.6,0.06819382313090146,9,0.0,0.5047177679830109,0.5779214051091027,0.07320363712609179
positive_charge,15005,4,(1.25+0j),0.6,0.06689612929844482,6,0.0,0.5047177679830109,0.5954073481393768,0.09068958015636586
positive_charge,15006,4,(1.25+0j),0.6,0.06819382313090146,9,0.0,0.5047177679830109,0.588691352711319,0.08397358472830807
positive_charge,15007,4,(1.25+0j),0.6,0.06689612929844482,9,0.0,0.5047177679830109,0.5935516590753543,0.08883389109234341
positive_charge,15008,4,(1.25+0j),0.6,0.06819382313090146,8,0.0,0.5047177679830109,0.6006063244835339,0.09588855650052297
positive_charge,15009,4,(1.25+0j),0.6,0.07161377479544102,10,0.0,0.5047177679830109,0.5990097817101637,0.09429201372715279
positive_charge,15010,4,(1.25+0j),0.6,0.07161377479544102,10,0.0,0.5047177679830109,0.598851775039751,0.09413400705674002
positive_charge,15011,4,(1.25+0j),0.6,0.07161377479544102,12,0.0,0.5047177679830109,0.5995012313376984,0.09478346335468746
positive_charge,15012,4,(1.25+0j),0.6,0.06689612929844482,6,0.0,0.5047177679830109,0.5977132396396688,0.09299547165665789
positive_charge,15013,4,(1.25+0j),0.6,0.06689612929844482,10,0.0,0.5047177679830109,0.5982424715215624,0.09352470353855147
positive_charge,15014,4,(1.25+0j),0.6,0.08186639858627047,7,0.0,0.5047177679830109,0.5992484857665414,0.0945307177835305
positive_charge,15015,4,(1.25+0j),0.6,0.06689612929844482,9,0.0,0.5047177679830109,0.5935431315652874,0.08882536358227644
positive_charge,15016,4,(1.25+0j),0.6,0.08186639858627047,9,0.0,0.5047177679830109,0.6000571915382565,0.0953394235552456
positive_charge,15017,4,(1.25+0j),0.6,0.07161377479544102,6,0.0,0.5047177679830109,0.6006063244835339,0.09588855650052297
positive_charge,15018,4,(1.25+0j),0.6,0.06689612929844482,9,0.0,0.5047177679830109,0.5970022786923603,0.0922845107093494
positive_charge,15019,4,(1.25+0j),0.6,0.07161377479544102,10,0.0,0.5047177679830109,0.598851775039751,0.09413400705674002
positive_charge,15020,4,(1.25+0j),0.6,0.06819382313090146,7,0.0,0.5047177679830109,0.5959484563637575,0.09123068838074655
positive_charge,15021,4,(1.25+0j),0.6,0.07161377479544102,8,0.0,0.5047177679830109,0.5934975304453942,0.08877976246238328
positive_charge,15022,4,(1.25+0j),0.6,0.06689612929844482,10,0.0,0.5047177679830109,0.5946416490333116,0.08992388105030069
positive_charge,15023,4,(1.25+0j),0.6,0.06819382313090146,7,0.0,0.5047177679830109,0.5974958279999972,0.0927780600169863
positive_charge,15024,4,(1.25+0j),0.6,0.08186639858627047,7,0.0,0.5047177679830109,0.6000426386635842,0.09532487068057327
positive_charge,15025,4,(1.25+0j),0.6,0.06819382313090146,9,0.0,0.5047177679830109,0.5981691293360245,0.09345136135301357
positive_charge,15026,4,(1.25+0j),0.6,0.06689612929844482,9,0.0,0.5047177679830109,0.5904719644834331,0.08575419650042215
positive_charge,15027,4,(1.25+0j),0.6,0.06689612929844482,10,0.0,0.5047177679830109,0.596615168749834,0.09189740076682307
positive_charge,15028,4,(1.25+0j),0.6,0.07161377479544102,10,0.0,0.5047177679830109,0.5990097817101637,0.09429201372715279
positive_charge,15029,4,(1.25+0j),0.6,0.06819382313090146,7,0.0,0.5047177679830109,0.5965149063092406,0.09179713832622971
positive_charge,15030,4,(1.25+0j),0.6,0.06689612929844482,7,0.0,0.5047177679830109,0.5907723744674699,0.08605460648445895
positive_charge,15031,4,(1.25+0j),0.6,0.06689612929844482,5,0.0,0.5047177679830109,0.5808638179735541,0.0761460499905432
positive_charge,15000,4,(1.5+0j),0.15,0.0019149529311182428,9,0.0,0.8977767847979843,0.9020049784577543,0.004228193659770008
positive_charge,15001,4,(1.5+0j),0.15,0.0019149529311182428,11,0.0,0.8977767847979843,0.902041117739034,0.004264332941049664
positive_charge,15002,4,(1.5+0j),0.15,0.0018859213061032506,9,0.0,0.8977767847979843,0.9020245426951061,0.00424775789712184
positive_charge,15003,4,(1.5+0j),0.15,0.0019149529311182428,8,0.0,0.8977767847979843,0.9021113947386208,0.004334609940636502
positive_charge,15004,4,(1.5+0j),0.15,0.0019149529311182428,9,0.0,0.8977767847979843,0.9011100288277125,0.003333244029728233
positive_charge,15005,4,(1.5+0j),0.15,0.0018859213061032506,6,0.0,0.8977767847979843,0.9019028331876263,0.004126048389642034
positive_charge,15006,4,(1.5+0j),0.15,0.0019149529311182428,9,0.0,0.8977767847979843,0.9016061028619893,0.003829318064004994
positive_charge,15007,4,(1.5+0j),0.15,0.0018859213061032506,9,0.0,0.8977767847979843,0.9017962767930934,0.004019491995109092
positive_charge,15008,4,(1.5+0j),0.15,0.0019149529311182428,8,0.0,0.8977767847979843,0.9021113947386208,0.004334609940636502
positive_charge,15009,4,(1.5+0j),0.15,0.0019969968589270046,10,0.0,0.8977767847979843,0.9020410104579764,0.004264225659992071
positive_charge,15010,4,(1.5+0j),0.15,0.0019969968589270046,10,0.0,0.8977767847979843,0.9020337759833515,0.004256991185367265
positive_charge,15011,4,(1.5+0j),0.15,0.0019969968589270046,12,0.0,0.8977767847979843,0.9020626665286154,0.004285881730631158
positive_charge,15012,4,(1.5+0j),0.15,0.0018859213061032506,6,0.0,0.8977767847979843,0.9020070692627901,0.004230284464805778
positive_charge,15013,4,(1.5+0j),0.15,0.0018859213061032506,10,0.0,0.8977767847979843,0.9020162756001879,0.004239490802203649
positive_charge,15014,4,(1.5+0j),0.15,0.0022930560391940242,7,0.0,0.8977767847979843,0.9020615334965528,0.004284748698568541
positive_charge,15015,4,(1.5+0j),0.15,0.0018859213061032506,9,0.0,0.8977767847979843,0.9018200614861221,0.0040432766881378646
positive_charge,15016,4,(1.5+0j),0.15,0.0022930560391940242,9,0.0,0.8977767847979843,0.9020915981600024,0.004314813362018111
positive_charge,15017,4,(1.5+0j),0.15,0.0019969968589270046,6,0.0,0.8977767847979843,0.9021113947386208,0.004334609940636502
positive_charge,15018,4,(1.5+0j),0.15,0.0018859213061032506,9,0.0,0.8977767847979843,0.9019614251055307,0.0041846403075463945
positive_charge,15019,4,(1.5+0j),0.15,0.0019969968589270046,10,0.0,0.8977767847979843,0.9020337759833515,0.004256991185367265
positive_charge,15020,4,(1.5+0j),0.15,0.0019149529311182428,7,0.0,0.8977767847979843,0.9018991100058694,0.004122325207885136
positive_charge,15021,4,(1.5+0j),0.15,0.0019969968589270046,8,0.0,0.8977767847979843,0.901796683857136,0.004019899059151677
positive_charge,15022,4,(1.5+0j),0.15,0.0018859213061032506,10,0.0,0.8977767847979843,0.9018981475395356,0.004121362741551282
positive_charge,15023,4,(1.5+0j),0.15,0.0019149529311182428,7,0.0,0.8977767847979843,0.9019782176329102,0.004201432834925911
positive_charge,15024,4,(1.5+0j),0.15,0.0022930560391940242,7,0.0,0.8977767847979843,0.9020911482773991,0.004314363479414829
positive_charge,15025,4,(1.5+0j),0.15,0.0019149529311182428,9,0.0,0.8977767847979843,0.9020049784577543,0.004228193659770008
positive_charge,15026,4,(1.5+0j),0.15,0.0018859213061032506,9,0.0,0.8977767847979843,0.9017105658577093,0.003933781059724972
positive_charge,15027,4,(1.5+0j),0.15,0.0018859213061032506,10,0.0,0.8977767847979843,0.9019468386298958,0.004170053831911491
positive_charge,15028,4,(1.5+0j),0.15,0.0019969968589270046,10,0.0,0.8977767847979843,0.9020410104579764,0.004264225659992071
positive_charge,15029,4,(1.5+0j),0.15,0.0019149529311182428,7,0.0,0.8977767847979843,0.9019324798112017,0.004155695013217442
positive_charge,15030,4,(1.5+0j),0.15,0.0018859213061032506,7,0.0,0.8977767847979843,0.901681340428245,0.0039045556302607087
positive_charge,15031,4,(1.5+0j),0.15,0.0018859213061032506,5,0.0,0.8977767847979843,0.9012309272650498,0.0034541424670655463
positive_charge,15000,4,(1.5+0j),0.35,0.011665105558945484,9,0.0,0.7654113185115892,0.7874414902572914,0.02203017174570221
positive_charge,15001,4,(1.5+0j),0.35,0.011665105558945484,11,0.0,0.7654113185115891,0.7876236514960737,0.022212332984484662
positive_charge,15002,4,(1.5+0j),0.35,0.01151099489334024,9,0.0,0.7654113185115891,0.7875461466151443,0.02213482810355527
positive_charge,15003,4,(1.5+0j),0.35,0.011665105558945484,8,0.0,0.7654113185115891,0.787979384619461,0.022568066107871987
positive_charge,15004,4,(1.5+0j),0.35,0.011665105558945484,9,0.0,0.7654113185115891,0.7829114963995031,0.017500177887914026
positive_charge,15005,4,(1.5+0j),0.35,0.01151099489334024,6,0.0,0.7654113185115891,0.786945394870449,0.021534076358859955
positive_charge,15006,4,(1.5+0j),0.35,0.011665105558945484,9,0.0,0.7654113185115892,0.7854668311846149,0.020055512673025744
positive_charge,15007,4,(1.5+0j),0.35,0.01151099489334024,9,0.0,0.7654113185115891,0.7863795153920514,0.020968196880462364
positive_charge,15008,4,(1.5+0j),0.35,0.011665105558945484,8,0.0,0.7654113185115891,0.787979384619461,0.022568066107871987
positive_charge,15009,4,(1.5+0j),0.35,0.012137392763553804,10,0.0,0.7654113185115891,0.7876255916401765,0.02221427312858748
positive_charge,15010,4,(1.5+0j),0.35,0.012137392763553804,10,0.0,0.7654113185115891,0.7875919796209855,0.022180661109396427
positive_charge,15011,4,(1.5+0j),0.35,0.012137392763553804,12,0.0,0.7654113185115891,0.7877341454303021,0.022322826918713012
positive_charge,15012,4,(1.5+0j),0.35,0.01151099489334024,6,0.0,0.7654113185115891,0.7874697401304473,0.022058421618858293
positive_charge,15013,4,(1.5+0j),0.35,0.01151099489334024,10,0.0,0.7654113185115891,0.7875059259688829,0.022094607457293858
positive_charge,15014,4,(1.5+0j),0.35,0.013881231045324707,7,0.0,0.7654113185115891,0.7877352422607572,0.02232392374916814
positive_charge,15015,4,(1.5+0j),0.35,0.01151099489334024,9,0.0,0.7654113185115891,0.7865310763357445,0.021119757824155427
positive_charge,15016,4,(1.5+0j),0.35,0.013881231045324707,9,0.0,0.7654113185115891,0.7878826463080125,0.022471327796423468
positive_charge,15017,4,(1.5+0j),0.35,0.012137392763553804,6,0.0,0.7654113185115891,0.787979384619461,0.022568066107871987
positive_charge,15018,4,(1.5+0j),0.35,0.01151099489334024,9,0.0,0.7654113185115892,0.7872343443125223,0.021823025800933094
positive_charge,15019,4,(1.5+0j),0.35,0.012137392763553804,10,0.0,0.7654113185115891,0.7875919796209855,0.022180661109396427
positive_charge,15020,4,(1.5+0j),0.35,0.011665105558945484,7,0.0,0.7654113185115892,0.7868841459110435,0.02147282739945433
positive_charge,15021,4,(1.5+0j),0.35,0.012137392763553804,8,0.0,0.7654113185115891,0.7863863699431645,0.02097505143157541
positive_charge,15022,4,(1.5+0j),0.35,0.01151099489334024,10,0.0,0.7654113185115891,0.7869380180138618,0.021526699502272706
positive_charge,15023,4,(1.5+0j),0.35,0.011665105558945484,7,0.0,0.7654113185115892,0.7873131367303094,0.02190181821872028
positive_charge,15024,4,(1.5+0j),0.35,0.013881231045324707,7,0.0,0.7654113185115891,0.7878805469337115,0.0224692284221224
positive_charge,15025,4,(1.5+0j),0.35,0.011665105558945484,9,0.0,0.7654113185115892,0.7874414902572914,0.02203017174570221
positive_charge,15026,4,(1.5+0j),0.35,0.01151099489334024,9,0.0,0.7654113185115891,0.7859953584394168,0.020584039927827757
positive_charge,15027,4,(1.5+0j),0.35,0.01151099489334024,10,0.0,0.7654113185115891,0.787152993537458,0.02174167502586899
positive_charge,15028,4,(1.5+0j),0.35,0.012137392763553804,10,0.0,0.7654113185115891,0.7876255916401765,0.02221427312858748
positive_charge,15029,4,(1.5+0j),0.35,0.011665105558945484,7,0.0,0.7654113185115891,0.787073075979609,0.021661757468019904
positive_charge,15030,4,(1.5+0j),0.35,0.01151099489334024,7,0.0,0.7654113185115891,0.7858343795502081,0.020423061038619017
positive_charge,15031,4,(1.5+0j),0.35,0.01151099489334024,5,0.0,0.7654113185115891,0.7835333681167465,0.018122049605157398
positive_charge,15000,4,(1.5+0j),0.6,0.039924213496588846,9,0.0,0.6068669125524413,0.6680555579661894,0.06118864541374813
positive_charge,15001,4,(1.5+0j),0.6,0.039924213496588846,11,0.0,0.6068669125524413,0.6685424214536893,0.061675508901247955
positive_charge,15002,4,(1.5+0j),0.6,0.03948908546385268,9,0.0,0.6068669125524413,0.6683508397803303,0.06148392722788898
positive_charge,15003,4,(1.5+0j),0.6,0.039924213496588846,8,0.0,0.6068669125524413,0.6694885154673123,0.06262160291487096
positive_charge,15004,4,(1.5+0j),0.6,0.039924213496588846,9,0.0,0.6068669125524413,0.6560719899720981,0.04920507741965685
positive_charge,15005,4,(1.5+0j),0.6,0.03948908546385268,6,0.0,0.6068669125524413,0.6667954644567823,0.05992855190434099
positive_charge,15006,4,(1.5+0j),0.6,0.039924213496588846,9,0.0,0.6068669125524413,0.6629466385441237,0.05607972599168243
positive_charge,15007,4,(1.5+0j),0.6,0.03948908546385268,9,0.0,0.6068669125524413,0.6652162436971765,0.05834933114473517
positive_charge,15008,4,(1.5+0j),0.6,0.039924213496588846,8,0.0,0.6068669125524413,0.6694885154673123,0.06262160291487096
positive_charge,15009,4,(1.5+0j),0.6,0.04141377386050801,10,0.0,0.6068669125524412,0.6685603311891702,0.06169341863672906
positive_charge,15010,4,(1.5+0j),0.6,0.04141377386050801,10,0.0,0.6068669125524412,0.6684798861566322,0.061612973604191046
positive_charge,15011,4,(1.5+0j),0.6,0.04141377386050801,12,0.0,0.6068669125524412,0.6688427890571308,0.06197587650468961
positive_charge,15012,4,(1.5+0j),0.6,0.03948908546385268,6,0.0,0.6068669125524413,0.6681768578032894,0.0613099452508481
positive_charge,15013,4,(1.5+0j),0.6,0.03948908546385268,10,0.0,0.6068669125524413,0.6682558858704335,0.0613889733179922
positive_charge,15014,4,(1.5+0j),0.6,0.04708793842399367,7,0.0,0.6068669125524413,0.6688588590448507,0.061991946492409356
positive_charge,15015,4,(1.5+0j),0.6,0.03948908546385268,9,0.0,0.6068669125524413,0.6657138428364237,0.05884693028398236
positive_charge,15016,4,(1.5+0j),0.6,0.04708793842399367,9,0.0,0.6068669125524413,0.6692395277469426,0.062372615194501324
positive_charge,15017,4,(1.5+0j),0.6,0.04141377386050801,6,0.0,0.6068669125524413,0.6694885154673123,0.06262160291487096
positive_charge,15018,4,(1.5+0j),0.6,0.03948908546385268,9,0.0,0.6068669125524413,0.6675487526293031,0.06068184007686184
positive_charge,15019,4,(1.5+0j),0.6,0.04141377386050801,10,0.0,0.6068669125524412,0.6684798861566322,0.061612973604191046
positive_charge,15020,4,(1.5+0j),0.6,0.039924213496588846,7,0.0,0.6068669125524413,0.6665050107143263,0.059638098161885034
positive_charge,15021,4,(1.5+0j),0.6,0.04141377386050801,8,0.0,0.6068669125524412,0.6652507680341653,0.05838385548172409
positive_charge,15022,4,(1.5+0j),0.6,0.03948908546385268,10,0.0,0.6068669125524413,0.6668082888243536,0.05994137627191232
positive_charge,15023,4,(1.5+0j),0.6,0.039924213496588846,7,0.0,0.6068669125524413,0.6677403801988419,0.06087346764640056
positive_charge,15024,4,(1.5+0j),0.6,0.04708793842399367,7,0.0,0.6068669125524413,0.6692343888184515,0.06236747626601025
positive_charge,15025,4,(1.5+0j),0.6,0.039924213496588846,9,0.0,0.6068669125524413,0.6680555579661894,0.06118864541374813
positive_charge,15026,4,(1.5+0j),0.6,0.03948908546385268,9,0.0,0.6068669125524413,0.6643278355541132,0.05746092300167194
positive_charge,15027,4,(1.5+0j),0.6,0.03948908546385268,10,0.0,0.6068669125524413,0.6673070054592144,0.0604400929067731
positive_charge,15028,4,(1.5+0j),0.6,0.04141377386050801,10,0.0,0.6068669125524412,0.6685603311891702,0.06169341863672906
positive_charge,15029,4,(1.5+0j),0.6,0.039924213496588846,7,0.0,0.6068669125524413,0.6670751091298885,0.06020819657744725
positive_charge,15030,4,(1.5+0j),0.6,0.03948908546385268,7,0.0,0.6068669125524413,0.6638883122889919,0.057021399736550626
positive_charge,15031,4,(1.5+0j),0.6,0.03948908546385268,5,0.0,0.6068669125524413,0.6577447714107504,0.05087785885830909
positive_charge,15000,4,(2+0j),0.15,0.0007897907695859683,9,0.0,0.9370301101911819,0.938736316079091,0.0017062058879091513
positive_charge,15001,4,(2+0j),0.15,0.0007897907695859683,11,0.0,0.9370301101911819,0.9387475776431622,0.0017174674519803146
positive_charge,15002,4,(2+0j),0.15,0.0007863367424822322,9,0.0,0.9370301101911819,0.9387452932672748,0.0017151830760929743
positive_charge,15003,4,(2+0j),0.15,0.0007897907695859683,8,0.0,0.9370301101911819,0.938769211588068,0.0017391013968861557
positive_charge,15004,4,(2+0j),0.15,0.0007897907695859683,9,0.0,0.9370301101911819,0.9384838279704636,0.0014537177792817157
positive_charge,15005,4,(2+0j),0.15,0.0007863367424822322,6,0.0,0.9370301101911819,0.938717301067937,0.0016871908767551735
positive_charge,15006,4,(2+0j),0.15,0.0007897907695859683,9,0.0,0.9370301101911819,0.9386300254142225,0.0015999152230405933
positive_charge,15007,4,(2+0j),0.15,0.0007863367424822322,9,0.0,0.9370301101911819,0.9386663537793423,0.001636243588160391
positive_charge,15008,4,(2+0j),0.15,0.0007897907695859683,8,0.0,0.9370301101911819,0.938769211588068,0.0017391013968861557
positive_charge,15009,4,(2+0j),0.15,0.0008064935677529575,10,0.0,0.9370301101911819,0.9387477167107353,0.0017176065195534385
positive_charge,15010,4,(2+0j),0.15,0.0008064935677529575,10,0.0,0.9370301101911819,0.9387462243009872,0.0017161141098053223
positive_charge,15011,4,(2+0j),0.15,0.0008064935677529575,12,0.0,0.9370301101911819,0.9387543049557148,0.0017241947645328937
positive_charge,15012,4,(2+0j),0.15,0.0007863367424822322,6,0.0,0.9370301101911819,0.9387499889330664,0.0017198787418845063
positive_charge,15013,4,(2+0j),0.15,0.0007863367424822322,10,0.0,0.9370301101911819,0.9387453019520594,0.0017151917608775324
positive_charge,15014,4,(2+0j),0.15,0.0009066484124761319,7,0.0,0.9370301101911819,0.9387597711698945,0.0017296609787126327
positive_charge,15015,4,(2+0j),0.15,0.0007863367424822322,9,0.0,0.9370301101911819,0.93869245017339,0.0016623399822081053
positive_charge,15016,4,(2+0j),0.15,0.0009066484124761319,9,0.0,0.9370301101911819,0.9387655211255208,0.0017354109343389323
positive_charge,15017,4,(2+0j),0.15,0.0008064935677529575,6,0.0,0.9370301101911819,0.938769211588068,0.0017391013968861557
positive_charge,15018,4,(2+0j),0.15,0.0007863367424822322,9,0.0,0.9370301101911819,0.9387288224179905,0.0016987122268086186
positive_charge,15019,4,(2+0j),0.15,0.0008064935677529575,10,0.0,0.9370301101911819,0.9387462243009872,0.0017161141098053223
positive_charge,15020,4,(2+0j),0.15,0.0007897907695859683,7,0.0,0.9370301101911819,0.9386921339969587,0.0016620238057768466
positive_charge,15021,4,(2+0j),0.15,0.0008064935677529575,8,0.0,0.9370301101911819,0.9386679539336028,0.0016378437424209302
positive_charge,15022,4,(2+0j),0.15,0.0007863367424822322,10,0.0,0.9370301101911819,0.9387303266212573,0.0017002164300754519
positive_charge,15023,4,(2+0j),0.15,0.0007897907695859683,7,0.0,0.9370301101911819,0.938731068348273,0.001700958157091148
positive_charge,15024,4,(2+0j),0.15,0.0009066484124761319,7,0.0,0.9370301101911819,0.9387655104761445,0.0017354002849626626
positive_charge,15025,4,(2+0j),0.15,0.0007897907695859683,9,0.0,0.9370301101911819,0.938736316079091,0.0017062058879091513
positive_charge,15026,4,(2+0j),0.15,0.0007863367424822322,9,0.0,0.9370301101911819,0.9386724254499529,0.00164231525877101
positive_charge,15027,4,(2+0j),0.15,0.0007863367424822322,10,0.0,0.9370301101911819,0.9387245447055017,0.0016944345143198314
positive_charge,15028,4,(2+0j),0.15,0.0008064935677529575,10,0.0,0.9370301101911819,0.9387477167107353,0.0017176065195534385
positive_charge,15029,4,(2+0j),0.15,0.0007897907695859683,7,0.0,0.9370301101911819,0.9387134542097275,0.0016833440185456405
positive_charge,15030,4,(2+0j),0.15,0.0007863367424822322,7,0.0,0.9370301101911819,0.9386437923895046,0.0016136821983226968
positive_charge,15031,4,(2+0j),0.15,0.0007863367424822322,5,0.0,0.9370301101911819,0.938505059041367,0.001474948850185176
positive_charge,15000,4,(2+0j),0.35,0.004632601472727558,9,0.0,0.8539183829292643,0.8630298610235732,0.0091114780943089
positive_charge,15001,4,(2+0j),0.35,0.004632601472727558,11,0.0,0.8539183829292643,0.8630885846998647,0.009170201770600461
positive_charge,15002,4,(2+0j),0.35,0.004614381320196761,9,0.0,0.8539183829292643,0.8630774307565234,0.009159047827259181
positive_charge,15003,4,(2+0j),0.35,0.004632601472727558,8,0.0,0.8539183829292643,0.863200531492583,0.00928214856331877
positive_charge,15004,4,(2+0j),0.35,0.004632601472727558,9,0.0,0.8539183829292643,0.8617364950588939,0.007818112129629684
positive_charge,15005,4,(2+0j),0.35,0.004614381320196761,6,0.0,0.8539183829292643,0.8629343103374641,0.009015927408199897
positive_charge,15006,4,(2+0j),0.35,0.004632601472727558,9,0.0,0.8539183829292643,0.8624857201512137,0.008567337221949467
positive_charge,15007,4,(2+0j),0.35,0.004614381320196761,9,0.0,0.8539183829292643,0.86266685536384,0.008748472434575771
positive_charge,15008,4,(2+0j),0.35,0.004632601472727558,8,0.0,0.8539183829292643,0.863200531492583,0.00928214856331877
positive_charge,15009,4,(2+0j),0.35,0.004725691464125133,10,0.0,0.8539183829292643,0.8630894886019985,0.00917110567273427
positive_charge,15010,4,(2+0j),0.35,0.004725691464125133,10,0.0,0.8539183829292644,0.8630822709044025,0.009163887975138119
positive_charge,15011,4,(2+0j),0.35,0.004725691464125133,12,0.0,0.8539183829292643,0.8631235800645026,0.009205197135238374
positive_charge,15012,4,(2+0j),0.35,0.004614381320196761,6,0.0,0.8539183829292643,0.863103168903448,0.009184785974183707
positive_charge,15013,4,(2+0j),0.35,0.004614381320196761,10,0.0,0.8539183829292643,0.8630780167732642,0.009159633843999981
positive_charge,15014,4,(2+0j),0.35,0.005292729532480901,7,0.0,0.8539183829292643,0.8631526241145373,0.009234241185273051
positive_charge,15015,4,(2+0j),0.35,0.004614381320196761,9,0.0,0.8539183829292643,0.8628065842274106,0.008888201298146381
positive_charge,15016,4,(2+0j),0.35,0.005292729532480901,9,0.0,0.8539183829292643,0.8631818068379131,0.009263423908648871
positive_charge,15017,4,(2+0j),0.35,0.004725691464125133,6,0.0,0.8539183829292643,0.863200531492583,0.00928214856331877
positive_charge,15018,4,(2+0j),0.35,0.004614381320196761,9,0.0,0.8539183829292643,0.862993204033031,0.009074821103766784
positive_charge,15019,4,(2+0j),0.35,0.004725691464125133,10,0.0,0.8539183829292644,0.8630822709044025,0.009163887975138119
positive_charge,15020,4,(2+0j),0.35,0.004632601472727558,7,0.0,0.8539183829292643,0.8627956582882669,0.008877275359002623
positive_charge,15021,4,(2+0j),0.35,0.004725691464125133,8,0.0,0.8539183829292643,0.8626757025901798,0.00875731966091553
positive_charge,15022,4,(2+0j),0.35,0.004614381320196761,10,0.0,0.8539183829292643,0.8630036173428446,0.009085234413580334
positive_charge,15023,4,(2+0j),0.35,0.004632601472727558,7,0.0,0.8539183829292643,0.8630040107865778,0.009085627857313594
positive_charge,15024,4,(2+0j),0.35,0.005292729532480901,7,0.0,0.8539183829292643,0.8631817862525643,0.009263403323300001
positive_charge,15025,4,(2+0j),0.35,0.004632601472727558,9,0.0,0.8539183829292643,0.8630298610235732,0.0091114780943089
positive_charge,15026,4,(2+0j),0.35,0.004614381320196761,9,0.0,0.8539183829292643,0.8627051364250088,0.008786753495744537
positive_charge,15027,4,(2+0j),0.35,0.004614381320196761,10,0.0,0.8539183829292643,0.8629702696879296,0.009051886758665306
positive_charge,15028,4,(2+0j),0.35,0.004725691464125133,10,0.0,0.8539183829292643,0.8630894886019985,0.00917110567273427
positive_charge,15029,4,(2+0j),0.35,0.004632601472727558,7,0.0,0.8539183829292643,0.862911606375649,0.008993223446384757
positive_charge,15030,4,(2+0j),0.35,0.004614381320196761,7,0.0,0.8539183829292643,0.8625554119466746,0.00863702901741037
positive_charge,15031,4,(2+0j),0.35,0.004614381320196761,5,0.0,0.8539183829292643,0.8618428325989538,0.007924449669689526
positive_charge,15000,4,(2+0j),0.6,0.015019593221233132,9,0.0,0.7515158553954371,0.7776470841593399,0.026131228763902836
positive_charge,15001,4,(2+0j),0.6,0.015019593221233132,11,0.0,0.7515158553954371,0.777808339983681,0.02629248458824396
positive_charge,15002,4,(2+0j),0.6,0.014968334599552298,9,0.0,0.7515158553954371,0.7777798987557154,0.026264043360278322
positive_charge,15003,4,(2+0j),0.6,0.015019593221233132,8,0.0,0.751515855395437,0.7781162343782683,0.026600378982831296
positive_charge,15004,4,(2+0j),0.6,0.015019593221233132,9,0.0,0.7515158553954371,0.7741365184561988,0.022620663060761714
positive_charge,15005,4,(2+0j),0.6,0.014968334599552298,6,0.0,0.7515158553954371,0.7773918262137217,0.025875970818284633
positive_charge,15006,4,(2+0j),0.6,0.015019593221233132,9,0.0,0.7515158553954371,0.7761710940684601,0.024655238673022994
positive_charge,15007,4,(2+0j),0.6,0.014968334599552298,9,0.0,0.7515158553954371,0.7766442862270656,0.025128430831628523
positive_charge,15008,4,(2+0j),0.6,0.015019593221233132,8,0.0,0.751515855395437,0.7781162343782683,0.026600378982831296
positive_charge,15009,4,(2+0j),0.6,0.015301320394500363,10,0.0,0.7515158553954371,0.7778116831237936,0.02629582772835648
positive_charge,15010,4,(2+0j),0.6,0.015301320394500363,10,0.0,0.7515158553954371,0.7777938384313633,0.02627798303592621
positive_charge,15011,4,(2+0j),0.6,0.015301320394500363,12,0.0,0.7515158553954371,0.7779054009158739,0.02638954552043682
positive_charge,15012,4,(2+0j),0.6,0.014968334599552298,6,0.0,0.7515158553954371,0.7778547263581624,0.026338870962725358
positive_charge,15013,4,(2+0j),0.6,0.014968334599552298,10,0.0,0.7515158553954371,0.7777832278430645,0.026267372447627446
positive_charge,15014,4,(2+0j),0.6,0.017052871254739522,7,0.0,0.7515158553954371,0.7779872688980799,0.026471413502642815
positive_charge,15015,4,(2+0j),0.6,0.014968334599552298,9,0.0,0.7515158553954371,0.7770440805623049,0.025528225166867813
positive_charge,15016,4,(2+0j),0.6,0.017052871254739522,9,0.0,0.7515158553954371,0.7780658392965738,0.02654998390113672
positive_charge,15017,4,(2+0j),0.6,0.015301320394500363,6,0.0,0.751515855395437,0.7781162343782683,0.026600378982831296
positive_charge,15018,4,(2+0j),0.6,0.014968334599552298,9,0.0,0.7515158553954371,0.7775520238304161,0.026036168434979023
positive_charge,15019,4,(2+0j),0.6,0.015301320394500363,10,0.0,0.7515158553954371,0.7777938384313633,0.02627798303592621
positive_charge,15020,4,(2+0j),0.6,0.015019593221233132,7,0.0,0.7515158553954371,0.7769832401464144,0.025467384750977318
positive_charge,15021,4,(2+0j),0.6,0.015301320394500363,8,0.0,0.7515158553954371,0.776671005038116,0.025155149642678953
positive_charge,15022,4,(2+0j),0.6,0.014968334599552298,10,0.0,0.7515158553954371,0.7775874274811421,0.026071572085704986
positive_charge,15023,4,(2+0j),0.6,0.015019593221233132,7,0.0,0.7515158553954371,0.7775788896050336,0.026063034209596547
positive_charge,15024,4,(2+0j),0.6,0.017052871254739522,7,0.0,0.7515158553954371,0.7780658905367926,0.026550035141355566
positive_charge,15025,4,(2+0j),0.6,0.015019593221233132,9,0.0,0.7515158553954371,0.7776470841593399,0.026131228763902836
positive_charge,15026,4,(2+0j),0.6,0.014968334599552298,9,0.0,0.7515158553954371,0.7767713673750055,0.025255511979568435
positive_charge,15027,4,(2+0j),0.6,0.014968334599552298,10,0.0,0.7515158553954371,0.7774852993764901,0.025969443981053053
positive_charge,15028,4,(2+0j),0.6,0.015301320394500363,10,0.0,0.7515158553954371,0.7778116831237936,0.02629582772835648
positive_charge,15029,4,(2+0j),0.6,0.015019593221233132,7,0.0,0.7515158553954371,0.7773204695379526,0.02580461414251556
positive_charge,15030,4,(2+0j),0.6,0.014968334599552298,7,0.0,0.7515158553954371,0.7763573995900968,0.02484154419465967
positive_charge,15031,4,(2+0j),0.6,0.014968334599552298,5,0.0,0.7515158553954371,0.7744190167847913,0.02290316138935422
positive_charge,15000,4,(1.5+0.75j),0.15,0.0018345125289740655,9,0.0,0.9285395877539762,0.9327505986005726,0.004211010846596475
positive_charge,15001,4,(1.5+0.75j),0.15,0.0018345125289740655,11,0.0,0.9285508890687957,0.9327685678735191,0.004217678804723457
positive_charge,15002,4,(1.5+0.75j),0.15,0.0018131994757299207,9,0.0,0.9286065698398868,0.9326182431327111,0.004011673292824369
positive_charge,15003,4,(1.5+0.75j),0.15,0.0018345125289740655,8,0.0,0.9285080499273651,0.9327713567077833,0.004263306780418197
positive_charge,15004,4,(1.5+0.75j),0.15,0.0018345125289740655,9,0.0,0.9285409468840525,0.9320740259358962,0.003533079051843635
positive_charge,15005,4,(1.5+0.75j),0.15,0.0018131994757299207,6,0.0,0.9286157713048364,0.9327792625297034,0.004163491224867033
positive_charge,15006,4,(1.5+0.75j),0.15,0.0018345125289740655,9,0.0,0.928908936542617,0.9327655819023216,0.003856645359704647
positive_charge,15007,4,(1.5+0.75j),0.15,0.0018131994757299207,9,0.0,0.9285349257726343,0.9324565298089244,0.0039216040362900495
positive_charge,15008,4,(1.5+0.75j),0.15,0.0018345125289740655,8,0.0,0.9285080499273651,0.9327713567077833,0.004263306780418197
positive_charge,15009,4,(1.5+0.75j),0.15,0.0018403302802152525,10,0.0,0.9285965291029823,0.9327072272369085,0.004110698133926172
positive_charge,15010,4,(1.5+0.75j),0.15,0.0018403302802152525,10,0.0,0.9285675815859568,0.9326643721049955,0.004096790519038773
positive_charge,15011,4,(1.5+0.75j),0.15,0.0018403302802152525,12,0.0,0.9285765691724763,0.9327025293012438,0.004125960128767425
positive_charge,15012,4,(1.5+0.75j),0.15,0.0018131994757299207,6,0.0,0.9288111888707296,0.9325468199535193,0.0037356310827897365
positive_charge,15013,4,(1.5+0.75j),0.15,0.0018131994757299207,10,0.0,0.9285004833308286,0.9327518920640693,0.0042514087332407025
positive_charge,15014,4,(1.5+0.75j),0.15,0.002133881071552656,7,0.0,0.9285748171854633,0.9327244172054242,0.004149600019960897
positive_charge,15015,4,(1.5+0.75j),0.15,0.0018131994757299207,9,0.0,0.9287324175983758,0.932783329141551,0.004050911543175273
positive_charge,15016,4,(1.5+0.75j),0.15,0.002133881071552656,9,0.0,0.9285527219899633,0.932721177059563,0.00416845506959973
positive_charge,15017,4,(1.5+0.75j),0.15,0.0018403302802152525,6,0.0,0.9285797186950808,0.932699451457956,0.004119732762875139
positive_charge,15018,4,(1.5+0.75j),0.15,0.0018131994757299207,9,0.0,0.9286726129583672,0.9326662095487566,0.003993596590389337
positive_charge,15019,4,(1.5+0.75j),0.15,0.0018403302802152525,10,0.0,0.9285675815859568,0.9326643721049955,0.004096790519038773
positive_charge,15020,4,(1.5+0.75j),0.15,0.0018345125289740655,7,0.0,0.9286291041147827,0.9327593851566802,0.004130281041897499
positive_charge,15021,4,(1.5+0.75j),0.15,0.0018403302802152525,8,0.0,0.9285667523039572,0.9324517959281782,0.0038850436242209296
positive_charge,15022,4,(1.5+0.75j),0.15,0.0018131994757299207,10,0.0,0.9287434383203824,0.9326930019647655,0.003949563644383036
positive_charge,15023,4,(1.5+0.75j),0.15,0.0018345125289740655,7,0.0,0.9285575999169574,0.9327523546402049,0.004194754723247485
positive_charge,15024,4,(1.5+0.75j),0.15,0.002133881071552656,7,0.0,0.9285609394048814,0.9327278951606697,0.004166955755788293
positive_charge,15025,4,(1.5+0.75j),0.15,0.0018345125289740655,9,0.0,0.9285395877539762,0.9327505986005726,0.004211010846596475
positive_charge,15026,4,(1.5+0.75j),0.15,0.0018131994757299207,9,0.0,0.9286785378158247,0.9325781657422886,0.003899627926463922
positive_charge,15027,4,(1.5+0.75j),0.15,0.0018131994757299207,10,0.0,0.9285158261435363,0.9327313950096028,0.004215568866066444
positive_charge,15028,4,(1.5+0.75j),0.15,0.0018403302802152525,10,0.0,0.9285965291029823,0.9327072272369085,0.004110698133926172
positive_charge,15029,4,(1.5+0.75j),0.15,0.0018345125289740655,7,0.0,0.9285249979058184,0.9326883013537204,0.004163303447901945
positive_charge,15030,4,(1.5+0.75j),0.15,0.0018131994757299207,7,0.0,0.9288706315589808,0.9327363609534577,0.0038657293944769355
positive_charge,15031,4,(1.5+0.75j),0.15,0.0018131994757299207,5,0.0,0.9285749679108405,0.9321379265802678,0.003562958669427352
positive_charge,15000,4,(1.5+0.75j),0.35,0.010879654488896726,9,0.0,0.83291377141575,0.8553760289775073,0.02246225756175735
positive_charge,15001,4,(1.5+0.75j),0.35,0.010879654488896726,11,0.0,0.8329685132970857,0.8554878474373463,0.02251933414026064
positive_charge,15002,4,(1.5+0.75j),0.35,0.010767162120220938,9,0.0,0.8332504896582604,0.8547790102794243,0.021528520621163838
positive_charge,15003,4,(1.5+0.75j),0.35,0.010879654488896726,8,0.0,0.832786211826222,0.8555133620827822,0.022727150256560136
positive_charge,15004,4,(1.5+0.75j),0.35,0.010879654488896726,9,0.0,0.8330297418202148,0.8521228889432003,0.019093147122985488
positive_charge,15005,4,(1.5+0.75j),0.35,0.010767162120220938,6,0.0,0.8333478546860386,0.8555514412889949,0.022203586602956293
positive_charge,15006,4,(1.5+0.75j),0.35,0.010879654488896726,9,0.0,0.8348392494025962,0.8554869417981726,0.0206476923955764
positive_charge,15007,4,(1.5+0.75j),0.35,0.010767162120220938,9,0.0,0.8329091897378377,0.8538070128644657,0.020897823126628023
positive_charge,15008,4,(1.5+0.75j),0.35,0.010879654488896726,8,0.0,0.832786211826222,0.8555133620827822,0.022727150256560136
positive_charge,15009,4,(1.5+0.75j),0.35,0.010941788146167305,10,0.0,0.8332168995952088,0.8552096514287117,0.02199275183350291
positive_charge,15010,4,(1.5+0.75j),0.35,0.010941788146167305,10,0.0,0.8330703139191606,0.8550096727544895,0.021939358835328826
positive_charge,15011,4,(1.5+0.75j),0.35,0.010941788146167305,12,0.0,0.8331134957055429,0.8551866825382047,0.022073186832661795
positive_charge,15012,4,(1.5+0.75j),0.35,0.010767162120220938,6,0.0,0.8345776882893899,0.8540925023458411,0.01951481405645117
positive_charge,15013,4,(1.5+0.75j),0.35,0.010767162120220938,10,0.0,0.8327623074086896,0.8554216671936429,0.02265935978495326
positive_charge,15014,4,(1.5+0.75j),0.35,0.012611826038956955,7,0.0,0.833093254811055,0.8552796979647342,0.022186443153679236
positive_charge,15015,4,(1.5+0.75j),0.35,0.010767162120220938,9,0.0,0.8339404891200647,0.8555710954114913,0.021630606291426657
positive_charge,15016,4,(1.5+0.75j),0.35,0.012611826038956955,9,0.0,0.8329980778699134,0.8552681372017936,0.0222700593318802
positive_charge,15017,4,(1.5+0.75j),0.35,0.010941788146167305,6,0.0,0.8331570005513965,0.8551356063202151,0.021978605768818604
positive_charge,15018,4,(1.5+0.75j),0.35,0.010767162120220938,9,0.0,0.8336058775400829,0.855012811334877,0.021406933794794192
positive_charge,15019,4,(1.5+0.75j),0.35,0.010941788146167305,10,0.0,0.8330703139191606,0.8550096727544895,0.021939358835328826
positive_charge,15020,4,(1.5+0.75j),0.35,0.010879654488896726,7,0.0,0.833581625645928,0.8554891809094676,0.021907555263539602
positive_charge,15021,4,(1.5+0.75j),0.35,0.010941788146167305,8,0.0,0.833070224381903,0.8539735399925362,0.02090331561063319
positive_charge,15022,4,(1.5+0.75j),0.35,0.010767162120220938,10,0.0,0.833945340294059,0.8551442513785374,0.021198911084478467
positive_charge,15023,4,(1.5+0.75j),0.35,0.010879654488896726,7,0.0,0.8330534341893001,0.8554247178326477,0.022371283643347617
positive_charge,15024,4,(1.5+0.75j),0.35,0.012611826038956955,7,0.0,0.8330398458959255,0.8553063434317993,0.02226649753587384
positive_charge,15025,4,(1.5+0.75j),0.35,0.010879654488896726,9,0.0,0.83291377141575,0.8553760289775073,0.02246225756175735
positive_charge,15026,4,(1.5+0.75j),0.35,0.010767162120220938,9,0.0,0.8336548111799938,0.8545430107554717,0.020888199575477828
positive_charge,15027,4,(1.5+0.75j),0.35,0.010767162120220938,10,0.0,0.8327999802355693,0.8552443385830295,0.02244435834746017
positive_charge,15028,4,(1.5+0.75j),0.35,0.010941788146167305,10,0.0,0.8332168995952088,0.8552096514287117,0.02199275183350291
positive_charge,15029,4,(1.5+0.75j),0.35,0.010879654488896726,7,0.0,0.8328460754424838,0.8550176400998785,0.02217156465739467
positive_charge,15030,4,(1.5+0.75j),0.35,0.010767162120220938,7,0.0,0.8346424606604607,0.8553493760123836,0.020706915351922928
positive_charge,15031,4,(1.5+0.75j),0.35,0.010767162120220938,5,0.0,0.8331885094051433,0.8524354502287783,0.019246940823634984
positive_charge,15000,4,(1.5+0.75j),0.6,0.03570109544877158,9,0.0,0.7131926061328185,0.7775428433453606,0.06435023721254207
positive_charge,15001,4,(1.5+0.75j),0.6,0.03570109544877158,11,0.0,0.7133240591234026,0.77793039550218,0.06460633637877744
positive_charge,15002,4,(1.5+0.75j),0.6,0.03538428995445067,9,0.0,0.7140692001694364,0.7762838892527534,0.062214689083316954
positive_charge,15003,4,(1.5+0.75j),0.6,0.03570109544877158,8,0.0,0.7129606461239737,0.7780701635573006,0.06510951743332694
positive_charge,15004,4,(1.5+0.75j),0.6,0.03570109544877158,9,0.0,0.7139950966206478,0.7695994003626666,0.05560430374201886
positive_charge,15005,4,(1.5+0.75j),0.6,0.03538428995445067,6,0.0,0.7145413423315737,0.7781670956312763,0.06362575329970255
positive_charge,15006,4,(1.5+0.75j),0.6,0.03570109544877158,9,0.0,0.71850199142907,0.7780014865831898,0.059499495154119786
positive_charge,15007,4,(1.5+0.75j),0.6,0.03538428995445067,9,0.0,0.713271137304499,0.7738625648741889,0.06059142756968994
positive_charge,15008,4,(1.5+0.75j),0.6,0.03570109544877158,8,0.0,0.7129606461239737,0.7780701635573006,0.06510951743332694
positive_charge,15009,4,(1.5+0.75j),0.6,0.03601381576861561,10,0.0,0.7140551568364022,0.777331652739438,0.06327649590303586
positive_charge,15010,4,(1.5+0.75j),0.6,0.03601381576861561,10,0.0,0.7136541545869087,0.7768370745305084,0.0631829199435997
positive_charge,15011,4,(1.5+0.75j),0.6,0.03601381576861561,12,0.0,0.7137729092344868,0.7772775286715037,0.06350461943701691
positive_charge,15012,4,(1.5+0.75j),0.6,0.03538428995445067,6,0.0,0.7188852295686186,0.7730516969405736,0.054166467371955074
positive_charge,15013,4,(1.5+0.75j),0.6,0.03538428995445067,10,0.0,0.7129622328772356,0.7778497530406325,0.06488752016339694
positive_charge,15014,4,(1.5+0.75j),0.6,0.04120644114788356,7,0.0,0.7136616429791514,0.7774593543963692,0.0637977114172178
positive_charge,15015,4,(1.5+0.75j),0.6,0.03538428995445067,9,0.0,0.7161342162590622,0.7782125783037673,0.06207836204470518
positive_charge,15016,4,(1.5+0.75j),0.6,0.04120644114788356,9,0.0,0.713468409443114,0.7774500730163513,0.06398166357323731
positive_charge,15017,4,(1.5+0.75j),0.6,0.03601381576861561,6,0.0,0.7140189376684657,0.7769534159893108,0.06293447832084509
positive_charge,15018,4,(1.5+0.75j),0.6,0.03538428995445067,9,0.0,0.7150869951070175,0.7768352505087436,0.061748255401726126
positive_charge,15019,4,(1.5+0.75j),0.6,0.03601381576861561,10,0.0,0.7136541545869087,0.7768370745305084,0.0631829199435997
positive_charge,15020,4,(1.5+0.75j),0.6,0.03570109544877158,7,0.0,0.7159282554048152,0.778069506006077,0.062141250601261855
positive_charge,15021,4,(1.5+0.75j),0.6,0.03601381576861561,8,0.0,0.7136921381668291,0.7742789235458082,0.0605867853789791
positive_charge,15022,4,(1.5+0.75j),0.6,0.03538428995445067,10,0.0,0.7159393416230732,0.7771683546648187,0.06122901304174555
positive_charge,15023,4,(1.5+0.75j),0.6,0.03570109544877158,7,0.0,0.7137572244255201,0.7778576884205661,0.06410046399504599
positive_charge,15024,4,(1.5+0.75j),0.6,0.04120644114788356,7,0.0,0.7135802567509244,0.7775767157340414,0.06399645898311701
positive_charge,15025,4,(1.5+0.75j),0.6,0.03570109544877158,9,0.0,0.7131926061328185,0.7775428433453606,0.06435023721254207
positive_charge,15026,4,(1.5+0.75j),0.6,0.03538428995445067,9,0.0,0.7153606325709315,0.7755009828133727,0.06014035024244113
positive_charge,15027,4,(1.5+0.75j),0.6,0.03538428995445067,10,0.0,0.7129174276442558,0.7770614657982065,0.06414403815395064
positive_charge,15028,4,(1.5+0.75j),0.6,0.03601381576861561,10,0.0,0.7140551568364022,0.777331652739438,0.06327649590303586
positive_charge,15029,4,(1.5+0.75j),0.6,0.03570109544877158,7,0.0,0.7130428572620384,0.7764149128838619,0.06337205562182346
positive_charge,15030,4,(1.5+0.75j),0.6,0.03538428995445067,7,0.0,0.7179686088820527,0.7776673047162154,0.05969869583416265
positive_charge,15031,4,(1.5+0.75j),0.6,0.03538428995445067,5,0.0,0.7143540588638378,0.7703982615683731,0.05604420270453525
positive_charge,15000,8,(1.25+0j),0.15,0.003145102968497311,18,0.0,0.8492706702053597,0.8562422744410241,0.0069716042356643415
positive_charge,15001,8,(1.25+0j),0.15,0.003744395533618178,21,0.0,0.8492706702053596,0.8561756126390079,0.0069049424336482534
positive_charge,15002,8,(1.25+0j),0.15,0.0033799580436021485,20,0.0,0.8492706702053597,0.8563163091338879,0.007045638928528164
positive_charge,15003,8,(1.25+0j),0.15,0.0030954099654817904,15,0.0,0.8492706702053597,0.8557491101751518,0.006478439969792027
positive_charge,15004,8,(1.25+0j),0.15,0.0030731764555241956,16,0.0,0.8492706702053597,0.8561363223645025,0.00686565215914281
positive_charge,15005,8,(1.25+0j),0.15,0.002997008011154865,15,0.0,0.8492706702053597,0.8560146092581721,0.006743939052812342
positive_charge,15006,8,(1.25+0j),0.15,0.002987425823138427,14,0.0,0.8492706702053597,0.8559020169738508,0.0066313467684910865
positive_charge,15007,8,(1.25+0j),0.15,0.0032711906314646278,18,0.0,0.8492706702053597,0.8562010148450985,0.006930344639738739
positive_charge,15008,8,(1.25+0j),0.15,0.0029919681081401295,15,0.0,0.8492706702053598,0.8558918521288089,0.006621181923449071
positive_charge,15009,8,(1.25+0j),0.15,0.0033540369138619396,17,0.0,0.8492706702053598,0.85632789101308,0.007057220807720199
positive_charge,15010,8,(1.25+0j),0.15,0.0030171783663174834,17,0.0,0.8492706702053598,0.8558747259706223,0.006604055765262462
positive_charge,15011,8,(1.25+0j),0.15,0.0030445773078076792,20,0.0,0.8492706702053598,0.8558587849062872,0.00658811470092735
positive_charge,15012,8,(1.25+0j),0.15,0.0030014738051231376,18,0.0,0.8492706702053597,0.8547595362524466,0.005488866047086871
positive_charge,15013,8,(1.25+0j),0.15,0.0034010678684068905,14,0.0,0.8492706702053597,0.8562735841532306,0.007002913947870892
positive_charge,15014,8,(1.25+0j),0.15,0.0030487578515326764,12,0.0,0.8492706702053598,0.8548179552899545,0.0055472850845946775
positive_charge,15015,8,(1.25+0j),0.15,0.003012183732186127,19,0.0,0.8492706702053597,0.8560199453940426,0.006749275188682846
positive_charge,15016,8,(1.25+0j),0.15,0.0030283772856807434,15,0.0,0.8492706702053597,0.8559934440454353,0.00672277384007558
positive_charge,15017,8,(1.25+0j),0.15,0.003013720131355792,14,0.0,0.8492706702053598,0.8560952093887394,0.006824539183379552
positive_charge,15018,8,(1.25+0j),0.15,0.0037508382437794726,17,0.0,0.8492706702053598,0.856228470263225,0.006957800057865171
positive_charge,15019,8,(1.25+0j),0.15,0.0037868682457992547,18,0.0,0.8492706702053597,0.8563344622131737,0.007063792007813929
positive_charge,15020,8,(1.25+0j),0.15,0.0031008485395079294,14,0.0,0.8492706702053598,0.8556815892165804,0.006410919011220595
positive_charge,15021,8,(1.25+0j),0.15,0.003812863930144151,16,0.0,0.8492706702053597,0.8562857431952101,0.007015072989850379
positive_charge,15022,8,(1.25+0j),0.15,0.0030924868409212066,16,0.0,0.8492706702053597,0.8558109292181121,0.0065402590127523474
positive_charge,15023,8,(1.25+0j),0.15,0.004014241176410176,13,0.0,0.8492706702053597,0.856229903461102,0.006959233255742214
positive_charge,15024,8,(1.25+0j),0.15,0.0030218781840629224,20,0.0,0.8492706702053597,0.856141218140031,0.006870547934671234
positive_charge,15025,8,(1.25+0j),0.15,0.0029875213863925698,16,0.0,0.8492706702053597,0.8558828435529925,0.006612173347632755
positive_charge,15026,8,(1.25+0j),0.15,0.0033460896688944737,15,0.0,0.8492706702053596,0.8556295182409225,0.0063588480355628585
positive_charge,15027,8,(1.25+0j),0.15,0.003119907476710725,17,0.0,0.8492706702053597,0.8559192321980592,0.0066485619926994755
positive_charge,15028,8,(1.25+0j),0.15,0.003015052206303754,16,0.0,0.8492706702053597,0.856127694151256,0.006857023945896268
positive_charge,15029,8,(1.25+0j),0.15,0.0030772486469648657,19,0.0,0.8492706702053597,0.8561556634324506,0.0068849932270909076
positive_charge,15030,8,(1.25+0j),0.15,0.00307887384428429,15,0.0,0.8492706702053597,0.8561413314339367,0.006870661228576935
positive_charge,15031,8,(1.25+0j),0.15,0.0030819700536107606,14,0.0,0.8492706702053597,0.8546803576424881,0.00540968743712833
positive_charge,15000,8,(1.25+0j),0.35,0.019597910081060127,18,0.0,0.6647671916191883,0.6991199586561132,0.034352767036924914
positive_charge,15001,8,(1.25+0j),0.35,0.02325801929284364,21,0.0,0.6647671916191883,0.6988270076404265,0.0340598160212382
positive_charge,15002,8,(1.25+0j),0.35,0.020975409644690874,20,0.0,0.6647671916191882,0.6994656239182775,0.03469843229908931
positive_charge,15003,8,(1.25+0j),0.35,0.019340028577723732,15,0.0,0.6647671916191883,0.6968564980482174,0.032089306429029074
positive_charge,15004,8,(1.25+0j),0.35,0.019191232478169097,16,0.0,0.6647671916191883,0.6986747836011955,0.03390759198200721
positive_charge,15005,8,(1.25+0j),0.35,0.018784639967654088,15,0.0,0.6647671916191883,0.6980729999203705,0.03330580830118224
positive_charge,15006,8,(1.25+0j),0.35,0.018735588654929806,14,0.0,0.6647671916191883,0.6975572372602056,0.032790045641017285
positive_charge,15007,8,(1.25+0j),0.35,0.020361285821717735,18,0.0,0.6647671916191883,0.6989160469536893,0.03414885533450096
positive_charge,15008,8,(1.25+0j),0.35,0.018758675071201162,15,0.0,0.6647671916191882,0.6975055613919209,0.0327383697727327
positive_charge,15009,8,(1.25+0j),0.35,0.020831430711134913,17,0.0,0.6647671916191883,0.6995489202039963,0.03478172858480799
positive_charge,15010,8,(1.25+0j),0.35,0.01889627353056154,17,0.0,0.6647671916191883,0.6973845197812338,0.032617328162045545
positive_charge,15011,8,(1.25+0j),0.35,0.019045905467390503,20,0.0,0.6647671916191883,0.6973516482260677,0.032584456606879364
positive_charge,15012,8,(1.25+0j),0.35,0.018808213452993956,18,0.0,0.6647671916191883,0.6919179856314187,0.027150794012230417
positive_charge,15013,8,(1.25+0j),0.35,0.021092853045581172,14,0.0,0.6647671916191883,0.6992584592639318,0.03449126764474353
positive_charge,15014,8,(1.25+0j),0.35,0.019074570837388928,12,0.0,0.6647671916191882,0.6922914188052157,0.02752422718602754
positive_charge,15015,8,(1.25+0j),0.35,0.018869816657060105,19,0.0,0.6647671916191883,0.6981007234793801,0.033333531860191834
positive_charge,15016,8,(1.25+0j),0.35,0.018951192927063338,15,0.0,0.6647671916191882,0.6979611610695807,0.033193969450392546
positive_charge,15017,8,(1.25+0j),0.35,0.018870076158031032,14,0.0,0.6647671916191882,0.6984396796651631,0.03367248804597489
positive_charge,15018,8,(1.25+0j),0.35,0.023291230790314945,17,0.0,0.6647671916191884,0.6990781277153779,0.034310936096189515
positive_charge,15019,8,(1.25+0j),0.35,0.023495667414067296,18,0.0,0.6647671916191883,0.6995696664370851,0.03480247481789678
positive_charge,15020,8,(1.25+0j),0.35,0.01936418642907325,14,0.0,0.6647671916191883,0.6964687194331435,0.03170152781395519
positive_charge,15021,8,(1.25+0j),0.35,0.023639920676921923,16,0.0,0.6647671916191882,0.699346578760581,0.03457938714139286
positive_charge,15022,8,(1.25+0j),0.35,0.01932600706336214,16,0.0,0.6647671916191883,0.6971610150702373,0.03239382345104902
positive_charge,15023,8,(1.25+0j),0.35,0.024803469863284258,13,0.0,0.6647671916191882,0.6990974985209216,0.03433030690173344
positive_charge,15024,8,(1.25+0j),0.35,0.0189172637419707,20,0.0,0.6647671916191883,0.6986541469345012,0.03388695531531294
positive_charge,15025,8,(1.25+0j),0.35,0.018733251439766955,16,0.0,0.6647671916191882,0.6974431861672391,0.032675994548050924
positive_charge,15026,8,(1.25+0j),0.35,0.020772278194510035,15,0.0,0.6647671916191883,0.6962273282473048,0.03146013662811653
positive_charge,15027,8,(1.25+0j),0.35,0.019474898964141136,17,0.0,0.6647671916191883,0.6976492969744034,0.032882105355215074
positive_charge,15028,8,(1.25+0j),0.35,0.018888415094135597,16,0.0,0.6647671916191883,0.6985951584388593,0.03382796681967104
positive_charge,15029,8,(1.25+0j),0.35,0.01921787802939782,19,0.0,0.6647671916191883,0.6987258982249538,0.0339587066057655
positive_charge,15030,8,(1.25+0j),0.35,0.019225244612607013,15,0.0,0.6647671916191882,0.6986969273002721,0.03392973568108393
positive_charge,15031,8,(1.25+0j),0.35,0.01924226103692165,14,0.0,0.6647671916191883,0.691463401921707,0.026696210302518675
positive_charge,15000,8,(1.25+0j),0.6,0.06947145747392548,18,0.0,0.4607394611587162,0.5495182623846641,0.08877880122594783
positive_charge,15001,8,(1.25+0j),0.6,0.08195955889897602,21,0.0,0.4607394611587163,0.548843674333426,0.08810421317470968
positive_charge,15002,8,(1.25+0j),0.6,0.07392839360958196,20,0.0,0.4607394611587163,0.5503652306380667,0.08962576947935047
positive_charge,15003,8,(1.25+0j),0.6,0.06876998992302832,15,0.0,0.4607394611587162,0.5441086797631072,0.08336921860439095
positive_charge,15004,8,(1.25+0j),0.6,0.06819622509596578,16,0.0,0.4607394611587163,0.5485320978937478,0.08779263673503152
positive_charge,15005,8,(1.25+0j),0.6,0.06706846934763176,15,0.0,0.4607394611587163,0.5470190225051649,0.0862795613464486
positive_charge,15006,8,(1.25+0j),0.6,0.06693701746404741,14,0.0,0.4607394611587162,0.5457797588346026,0.08504029767588639
positive_charge,15007,8,(1.25+0j),0.6,0.07203760936576115,18,0.0,0.4607394611587163,0.5489899751031564,0.08825051394444011
positive_charge,15008,8,(1.25+0j),0.6,0.06699527361611789,15,0.0,0.4607394611587162,0.5456636931229405,0.08492423196422427
positive_charge,15009,8,(1.25+0j),0.6,0.07349422547430283,17,0.0,0.4607394611587163,0.5506168204643616,0.08987735930564528
positive_charge,15010,8,(1.25+0j),0.6,0.0674029633920284,17,0.0,0.4607394611587162,0.5453145603534594,0.08457509919474315
positive_charge,15011,8,(1.25+0j),0.6,0.0678455314431523,20,0.0,0.4607394611587163,0.545304645346805,0.08456518418808873
positive_charge,15012,8,(1.25+0j),0.6,0.06713060131781493,18,0.0,0.46073946115871633,0.5314365272593384,0.0706970661006221
positive_charge,15013,8,(1.25+0j),0.6,0.07428284663503941,14,0.0,0.4607394611587162,0.5498308086949174,0.08909134753620118
positive_charge,15014,8,(1.25+0j),0.6,0.06794268274126249,12,0.0,0.46073946115871617,0.5326312970044503,0.07189183584573416
positive_charge,15015,8,(1.25+0j),0.6,0.06732890348490561,19,0.0,0.46073946115871617,0.5471113587462119,0.0863718975874957
positive_charge,15016,8,(1.25+0j),0.6,0.0675371075944368,15,0.0,0.46073946115871617,0.546687127289001,0.08594766613028487
positive_charge,15017,8,(1.25+0j),0.6,0.06729856793552197,14,0.0,0.4607394611587162,0.5478839503748831,0.08714448921616691
positive_charge,15018,8,(1.25+0j),0.6,0.08204977294428852,17,0.0,0.4607394611587162,0.5494665769017528,0.0887271157430366
positive_charge,15019,8,(1.25+0j),0.6,0.08268211729141546,18,0.0,0.4607394611587162,0.5506450414521545,0.08990558029343831
positive_charge,15020,8,(1.25+0j),0.6,0.06879161896571459,14,0.0,0.4607394611587163,0.542963374238191,0.08222391307947469
positive_charge,15021,8,(1.25+0j),0.6,0.08311628073494944,16,0.0,0.4607394611587162,0.5501097014996638,0.08937024034094754
positive_charge,15022,8,(1.25+0j),0.6,0.06873882457464199,16,0.0,0.4607394611587163,0.5448610070853912,0.08412154592667492
positive_charge,15023,8,(1.25+0j),0.6,0.08680274102051423,13,0.0,0.4607394611587162,0.5495288652025512,0.08878940404383495
positive_charge,15024,8,(1.25+0j),0.6,0.06744440011271774,20,0.0,0.4607394611587163,0.5484038144119457,0.08766435325322947
positive_charge,15025,8,(1.25+0j),0.6,0.06690592881813573,16,0.0,0.4607394611587163,0.5454692540372751,0.08472979287855881
positive_charge,15026,8,(1.25+0j),0.6,0.07324220076089578,15,0.0,0.4607394611587163,0.5425020624286455,0.08176260126992924
positive_charge,15027,8,(1.25+0j),0.6,0.06917411207041908,17,0.0,0.4607394611587163,0.5460059772589684,0.0852665161002521
positive_charge,15028,8,(1.25+0j),0.6,0.06739580093224648,16,0.0,0.4607394611587163,0.5482594495804661,0.08751998842174985
positive_charge,15029,8,(1.25+0j),0.6,0.06831408968007152,19,0.0,0.4607394611587163,0.5485912207034042,0.08785175954468788
positive_charge,15030,8,(1.25+0j),0.6,0.06832694949032787,15,0.0,0.46073946115871617,0.5485827569731958,0.08784329581447964
positive_charge,15031,8,(1.25+0j),0.6,0.06838015375973247,14,0.0,0.4607394611587162,0.5300857575351117,0.06934629637639544
positive_charge,15000,8,(1.5+0j),0.15,0.0019361647143372387,18,0.0,0.8876510695831142,0.8919429345066404,0.0042918649235261785
positive_charge,15001,8,(1.5+0j),0.15,0.0022943093246242286,21,0.0,0.8876510695831142,0.8919286972732124,0.004277627690098207
positive_charge,15002,8,(1.5+0j),0.15,0.002041627966667702,20,0.0,0.8876510695831143,0.8919743198849427,0.004323250301828341
positive_charge,15003,8,(1.5+0j),0.15,0.0019238051985007102,15,0.0,0.8876510695831142,0.89174560908315,0.004094539500035799
positive_charge,15004,8,(1.5+0j),0.15,0.001915728704473048,16,0.0,0.8876510695831142,0.891943192225905,0.004292122642790774
positive_charge,15005,8,(1.5+0j),0.15,0.0018883191844110856,15,0.0,0.8876510695831142,0.8918553324765857,0.004204262893471422
positive_charge,15006,8,(1.5+0j),0.15,0.001886457769401947,14,0.0,0.8876510695831143,0.8918099028428429,0.004158833259728545
positive_charge,15007,8,(1.5+0j),0.15,0.002003144930701988,18,0.0,0.8876510695831142,0.8919222493581674,0.004271179775053202
positive_charge,15008,8,(1.5+0j),0.15,0.0018873801520006167,15,0.0,0.8876510695831142,0.8917927664473211,0.004141696864206845
positive_charge,15009,8,(1.5+0j),0.15,0.0020347140365907196,17,0.0,0.8876510695831143,0.8920110998036965,0.004360030220582178
positive_charge,15010,8,(1.5+0j),0.15,0.0018936114157282384,17,0.0,0.8876510695831143,0.8917569505319165,0.004105880948802154
positive_charge,15011,8,(1.5+0j),0.15,0.0019005220005258586,20,0.0,0.8876510695831142,0.8917752441004714,0.004124174517357138
positive_charge,15012,8,(1.5+0j),0.15,0.0018898293106426945,18,0.0,0.8876510695831142,0.8911065706891531,0.003455501106038872
positive_charge,15013,8,(1.5+0j),0.15,0.0020484631834793193,14,0.0,0.8876510695831142,0.8919511972933044,0.004300127710190171
positive_charge,15014,8,(1.5+0j),0.15,0.00190355362217896,12,0.0,0.8876510695831142,0.8911462732494225,0.0034952036663082886
positive_charge,15015,8,(1.5+0j),0.15,0.0018921852930842585,19,0.0,0.8876510695831142,0.891848857048705,0.004197787465590741
positive_charge,15016,8,(1.5+0j),0.15,0.0018976070215142662,15,0.0,0.8876510695831143,0.8918314690811414,0.004180399498027065
positive_charge,15017,8,(1.5+0j),0.15,0.0018919600830731283,14,0.0,0.8876510695831143,0.8918824859597438,0.004231416376629493
positive_charge,15018,8,(1.5+0j),0.15,0.0022958756712511425,17,0.0,0.8876510695831143,0.8919603345846621,0.004309265001547713
positive_charge,15019,8,(1.5+0j),0.15,0.0023070257748598047,18,0.0,0.8876510695831142,0.8920014438506249,0.004350374267510615
positive_charge,15020,8,(1.5+0j),0.15,0.0019251446147975956,14,0.0,0.8876510695831143,0.8916692282128813,0.004018158629766955
positive_charge,15021,8,(1.5+0j),0.15,0.0023139710969652515,16,0.0,0.8876510695831142,0.8919823477788188,0.004331278195704558
positive_charge,15022,8,(1.5+0j),0.15,0.0019233175817178205,16,0.0,0.8876510695831142,0.8917932591518866,0.004142189568772325
positive_charge,15023,8,(1.5+0j),0.15,0.0024086505584012597,13,0.0,0.8876510695831143,0.8919697294852323,0.004318659902117994
positive_charge,15024,8,(1.5+0j),0.15,0.0018961489953088044,20,0.0,0.8876510695831142,0.8919004220095189,0.004249352426404673
positive_charge,15025,8,(1.5+0j),0.15,0.0018864752235846825,16,0.0,0.8876510695831142,0.8917779804342081,0.004126910851093846
positive_charge,15026,8,(1.5+0j),0.15,0.00202611015178177,15,0.0,0.8876510695831143,0.8916126981575236,0.003961628574409293
positive_charge,15027,8,(1.5+0j),0.15,0.0019299777482332185,17,0.0,0.8876510695831142,0.8918242613141439,0.004173191731029702
positive_charge,15028,8,(1.5+0j),0.15,0.0018936548560180952,16,0.0,0.8876510695831142,0.8918964657158197,0.00424539613270547
positive_charge,15029,8,(1.5+0j),0.15,0.0019165850279536023,19,0.0,0.8876510695831142,0.8919139390267994,0.004262869443685147
positive_charge,15030,8,(1.5+0j),0.15,0.0019168464855687088,15,0.0,0.8876510695831143,0.8919437890214692,0.004292719438354853
positive_charge,15031,8,(1.5+0j),0.15,0.0019176531420865767,14,0.0,0.8876510695831143,0.8910217169866244,0.0033706474035100076
positive_charge,15000,8,(1.5+0j),0.35,0.011781670457236137,18,0.0,0.7452305444660504,0.7672157494705074,0.021985205004456998
positive_charge,15001,8,(1.5+0j),0.35,0.013887581780907368,21,0.0,0.7452305444660505,0.7671563272159049,0.02192578274985435
positive_charge,15002,8,(1.5+0j),0.35,0.012384396823529856,20,0.0,0.7452305444660505,0.7673689353326248,0.02213839086657432
positive_charge,15003,8,(1.5+0j),0.35,0.011720490135995281,15,0.0,0.7452305444660504,0.7662721988002722,0.021041654334221782
positive_charge,15004,8,(1.5+0j),0.35,0.011668163395240615,16,0.0,0.7452305444660505,0.7672339543311014,0.022003409865050894
positive_charge,15005,8,(1.5+0j),0.35,0.01152317744061433,15,0.0,0.7452305444660505,0.7667972242394807,0.021566679773430186
positive_charge,15006,8,(1.5+0j),0.35,0.011513656582516818,14,0.0,0.7452305444660505,0.7665800412956272,0.021349496829576653
positive_charge,15007,8,(1.5+0j),0.35,0.012170362601066608,18,0.0,0.7452305444660505,0.767110332327658,0.02187978786160749
positive_charge,15008,8,(1.5+0j),0.35,0.011518348754629917,15,0.0,0.7452305444660505,0.7664932704158807,0.02126272594983014
positive_charge,15009,8,(1.5+0j),0.35,0.012346350180685417,17,0.0,0.7452305444660504,0.7675570714817269,0.0223265270156765
positive_charge,15010,8,(1.5+0j),0.35,0.011551988416336655,17,0.0,0.7452305444660505,0.7663360145486664,0.021105470082615874
positive_charge,15011,8,(1.5+0j),0.35,0.011589618571012828,20,0.0,0.7452305444660505,0.7664107189207144,0.021180174454663914
positive_charge,15012,8,(1.5+0j),0.35,0.011531072628430552,18,0.0,0.7452305444660505,0.763129850508661,0.017899306042610474
positive_charge,15013,8,(1.5+0j),0.35,0.012421988334190615,14,0.0,0.7452305444660505,0.7672510320483229,0.022020487582272374
positive_charge,15014,8,(1.5+0j),0.35,0.011607477752727923,12,0.0,0.7452305444660505,0.7632693355275199,0.018038791061469328
positive_charge,15015,8,(1.5+0j),0.35,0.011544519712149242,19,0.0,0.7452305444660505,0.7667652323535424,0.02153468788749191
positive_charge,15016,8,(1.5+0j),0.35,0.011571960368771833,15,0.0,0.7452305444660504,0.7666760071021038,0.021445462636053403
positive_charge,15017,8,(1.5+0j),0.35,0.01154177208535384,14,0.0,0.7452305444660504,0.7669261879715137,0.02169564350546327
positive_charge,15018,8,(1.5+0j),0.35,0.013895624967037369,17,0.0,0.7452305444660506,0.7673105062391492,0.022079961773098566
positive_charge,15019,8,(1.5+0j),0.35,0.013957825080464857,18,0.0,0.7452305444660505,0.7675080114910762,0.022277467025025643
positive_charge,15020,8,(1.5+0j),0.35,0.011726404159112214,14,0.0,0.7452305444660504,0.7658646607317289,0.02063411626567846
positive_charge,15021,8,(1.5+0j),0.35,0.013996006488074383,16,0.0,0.7452305444660504,0.7674174932917335,0.02218694882568306
positive_charge,15022,8,(1.5+0j),0.35,0.011718120758146105,16,0.0,0.7452305444660505,0.7665100254951935,0.02127948102914301
positive_charge,15023,8,(1.5+0j),0.35,0.014530223705420084,13,0.0,0.7452305444660504,0.7673592773887005,0.022128732922650052
positive_charge,15024,8,(1.5+0j),0.35,0.011564367740245466,20,0.0,0.7452305444660506,0.7670114309142957,0.02178088644824505
positive_charge,15025,8,(1.5+0j),0.35,0.0115132531492048,16,0.0,0.7452305444660505,0.7664114637150298,0.021180919248979246
positive_charge,15026,8,(1.5+0j),0.35,0.01229501587441162,15,0.0,0.7452305444660505,0.7655962886382719,0.020365744172221367
positive_charge,15027,8,(1.5+0j),0.35,0.01175398578091347,17,0.0,0.7452305444660505,0.7666563804946223,0.021425836028571732
positive_charge,15028,8,(1.5+0j),0.35,0.011553154213978317,16,0.0,0.7452305444660506,0.766994318094479,0.021763773628428407
positive_charge,15029,8,(1.5+0j),0.35,0.011673453480003338,19,0.0,0.7452305444660505,0.7670780527268396,0.021847508260789072
positive_charge,15030,8,(1.5+0j),0.35,0.011674663207176576,15,0.0,0.7452305444660505,0.7672367055357712,0.022006161069720642
positive_charge,15031,8,(1.5+0j),0.35,0.011678966029931556,14,0.0,0.7452305444660504,0.7626078533303148,0.017377308864264362
positive_charge,15000,8,(1.5+0j),0.6,0.040270691769206446,18,0.0,0.5793731144890047,0.6391492341482957,0.05977611965929097
positive_charge,15001,8,(1.5+0j),0.6,0.04710485227235079,21,0.0,0.5793731144890049,0.6390182658872564,0.05964515139825155
positive_charge,15002,8,(1.5+0j),0.6,0.0421548514980419,20,0.0,0.5793731144890049,0.6395407331032307,0.060167618614225815
positive_charge,15003,8,(1.5+0j),0.6,0.04011599877065037,15,0.0,0.5793731144890049,0.6367840987126059,0.057410984223601025
positive_charge,15004,8,(1.5+0j),0.6,0.0399255035585994,16,0.0,0.5793731144890049,0.6392338266231251,0.05986071213412025
positive_charge,15005,8,(1.5+0j),0.6,0.03952152286663977,15,0.0,0.579373114489005,0.6380978470347831,0.05872473254577815
positive_charge,15006,8,(1.5+0j),0.6,0.039495916818912936,14,0.0,0.5793731144890049,0.6375582000547731,0.05818508556576829
positive_charge,15007,8,(1.5+0j),0.6,0.041508683691888794,18,0.0,0.5793731144890049,0.6388651920727779,0.05949207758377306
positive_charge,15008,8,(1.5+0j),0.6,0.039508035728376675,15,0.0,0.5793731144890049,0.6373320369306408,0.05795892244163592
positive_charge,15009,8,(1.5+0j),0.6,0.042041523815991785,17,0.0,0.5793731144890049,0.6400406977938347,0.0606675833048298
positive_charge,15010,8,(1.5+0j),0.6,0.03960607045040148,17,0.0,0.5793731144890049,0.6369604004206442,0.05758728593163931
positive_charge,15011,8,(1.5+0j),0.6,0.03971686109382521,20,0.0,0.5793731144890049,0.6371288667680862,0.05775575227908136
positive_charge,15012,8,(1.5+0j),0.6,0.039542909325406696,18,0.0,0.5793731144890049,0.6287491586913141,0.04937604420230923
positive_charge,15013,8,(1.5+0j),0.6,0.042266689558286254,14,0.0,0.5793731144890047,0.6392250322001124,0.05985191771110765
positive_charge,15014,8,(1.5+0j),0.6,0.03977313658472656,12,0.0,0.5793731144890047,0.6289499393329644,0.049576824843959644
positive_charge,15015,8,(1.5+0j),0.6,0.03958535585220989,19,0.0,0.5793731144890049,0.6380237110884088,0.05865059659940397
positive_charge,15016,8,(1.5+0j),0.6,0.03965742343741192,15,0.0,0.5793731144890047,0.6377711608968737,0.05839804640786894
positive_charge,15017,8,(1.5+0j),0.6,0.039571589588773354,14,0.0,0.579373114489005,0.6384189915432318,0.059045877054226814
positive_charge,15018,8,(1.5+0j),0.6,0.047126633964614334,17,0.0,0.5793731144890049,0.6394127422459301,0.060039627756925285
positive_charge,15019,8,(1.5+0j),0.6,0.04731504041148546,18,0.0,0.5793731144890049,0.6399103510279037,0.060537236538898864
positive_charge,15020,8,(1.5+0j),0.6,0.0401226186084286,14,0.0,0.5793731144890049,0.6356359568574226,0.05626284236841772
positive_charge,15021,8,(1.5+0j),0.6,0.0474286132602178,16,0.0,0.5793731144890047,0.6396845921531202,0.06031147766411549
positive_charge,15022,8,(1.5+0j),0.6,0.04011044490325515,16,0.0,0.5793731144890049,0.6373990680517085,0.05802595356270368
positive_charge,15023,8,(1.5+0j),0.6,0.049070922471547936,13,0.0,0.5793731144890047,0.6395440349850599,0.0601709204960551
positive_charge,15024,8,(1.5+0j),0.6,0.03963655989832406,20,0.0,0.5793731144890049,0.6386338636550696,0.05926074916606472
positive_charge,15025,8,(1.5+0j),0.6,0.039490802393259375,16,0.0,0.5793731144890047,0.6371018721683082,0.05772875767930341
positive_charge,15026,8,(1.5+0j),0.6,0.04187099427222688,15,0.0,0.5793731144890047,0.6350096037031903,0.055636489214185514
positive_charge,15027,8,(1.5+0j),0.6,0.04021429899146562,17,0.0,0.5793731144890049,0.637760679071373,0.05838756458236816
positive_charge,15028,8,(1.5+0j),0.6,0.03961320511777404,16,0.0,0.5793731144890049,0.6385917386892302,0.05921862420022539
positive_charge,15029,8,(1.5+0j),0.6,0.03994665939890098,19,0.0,0.5793731144890047,0.6388099275382706,0.059436813049265846
positive_charge,15030,8,(1.5+0j),0.6,0.03994903320550263,15,0.0,0.5793731144890049,0.639240419143106,0.05986730465410117
positive_charge,15031,8,(1.5+0j),0.6,0.03996165730761582,14,0.0,0.5793731144890049,0.627126156914291,0.04775304242528611
positive_charge,15000,8,(2+0j),0.15,0.0007914450266910527,18,0.0,0.9341581534655711,0.9358768586199194,0.0017187051543483545
positive_charge,15001,8,(2+0j),0.15,0.0009066908550032361,21,0.0,0.9341581534655712,0.9358828582911993,0.0017247048256281428
positive_charge,15002,8,(2+0j),0.15,0.0008116012313191104,20,0.0,0.9341581534655712,0.9358823337470548,0.0017241802814835783
positive_charge,15003,8,(2+0j),0.15,0.0007909587236957159,15,0.0,0.9341581534655712,0.9358433502889688,0.0016851968233976278
positive_charge,15004,8,(2+0j),0.15,0.0007898127947106515,16,0.0,0.9341581534655712,0.9358923883492727,0.001734234883701502
positive_charge,15005,8,(2+0j),0.15,0.0007864207593571051,15,0.0,0.9341581534655712,0.935863325280769,0.0017051718151978035
positive_charge,15006,8,(2+0j),0.15,0.0007863526219015671,14,0.0,0.9341581534655711,0.9358568264998938,0.0016986730343226952
positive_charge,15007,8,(2+0j),0.15,0.000806810721131372,18,0.0,0.9341581534655712,0.9358702385574081,0.0017120850918369568
positive_charge,15008,8,(2+0j),0.15,0.0007863886020892517,15,0.0,0.9341581534655711,0.9358467037151452,0.00168855024957415
positive_charge,15009,8,(2+0j),0.15,0.000811113306252806,17,0.0,0.9341581534655712,0.9359010269937795,0.001742873528208344
positive_charge,15010,8,(2+0j),0.15,0.0007867591301533066,17,0.0,0.9341581534655711,0.9358556898327849,0.0016975363672138144
positive_charge,15011,8,(2+0j),0.15,0.0007872136011557168,20,0.0,0.9341581534655713,0.9358437516502591,0.001685598184687831
positive_charge,15012,8,(2+0j),0.15,0.0007865437154188987,18,0.0,0.9341581534655713,0.9356461816289064,0.0014880281633351533
positive_charge,15013,8,(2+0j),0.15,0.0008122752953432165,14,0.0,0.9341581534655711,0.9358744000130061,0.001716246547435074
positive_charge,15014,8,(2+0j),0.15,0.0007876961338586142,12,0.0,0.9341581534655711,0.9356378026410573,0.001479649175486264
positive_charge,15015,8,(2+0j),0.15,0.0007866562673010181,19,0.0,0.9341581534655712,0.9358578810502907,0.0016997275847194793
positive_charge,15016,8,(2+0j),0.15,0.0007872131402056434,15,0.0,0.9341581534655711,0.9358529346194807,0.0016947811539096413
positive_charge,15017,8,(2+0j),0.15,0.0007866004614102008,14,0.0,0.9341581534655711,0.9358664956137575,0.0017083421481863814
positive_charge,15018,8,(2+0j),0.15,0.0009067814040133509,17,0.0,0.9341581534655712,0.9358905865070154,0.0017324330414442146
positive_charge,15019,8,(2+0j),0.15,0.0009077988473082864,18,0.0,0.9341581534655712,0.9358967254555853,0.0017385719900141483
positive_charge,15020,8,(2+0j),0.15,0.0007910316138637984,14,0.0,0.9341581534655711,0.9358025082835801,0.001644354818009064
positive_charge,15021,8,(2+0j),0.15,0.0009082889210417893,16,0.0,0.9341581534655712,0.9358939926106274,0.0017358391450562616
positive_charge,15022,8,(2+0j),0.15,0.0007909451059406791,16,0.0,0.9341581534655712,0.935861851950575,0.0017036984850038461
positive_charge,15023,8,(2+0j),0.15,0.0009271385311345175,13,0.0,0.9341581534655712,0.9358944924057815,0.0017363389402103024
positive_charge,15024,8,(2+0j),0.15,0.0007871405670321053,20,0.0,0.9341581534655712,0.9358689007212841,0.0017107472557129633
positive_charge,15025,8,(2+0j),0.15,0.0007863528365271709,16,0.0,0.9341581534655711,0.9358359729820053,0.001677819516434198
positive_charge,15026,8,(2+0j),0.15,0.0008088685317586006,15,0.0,0.9341581534655712,0.9357794696953398,0.0016213162297685768
positive_charge,15027,8,(2+0j),0.15,0.0007913321205798363,17,0.0,0.9341581534655711,0.9358643829812489,0.0017062295156777818
positive_charge,15028,8,(2+0j),0.15,0.0007868477885534467,16,0.0,0.9341581534655712,0.9358691419506474,0.0017109884850762258
positive_charge,15029,8,(2+0j),0.15,0.0007898475142953308,19,0.0,0.9341581534655711,0.9358735479673107,0.001715394501739631
positive_charge,15030,8,(2+0j),0.15,0.0007898541097455221,15,0.0,0.9341581534655712,0.9358923338453158,0.0017341803797445987
positive_charge,15031,8,(2+0j),0.15,0.0007899021034576164,14,0.0,0.9341581534655712,0.9356130824567563,0.001454928991185156
positive_charge,15000,8,(2+0j),0.35,0.004641630405618136,18,0.0,0.8478030761078333,0.8569402869254966,0.009137210817663277
positive_charge,15001,8,(2+0j),0.35,0.00529294790328785,21,0.0,0.8478030761078333,0.8569724429137269,0.00916936680589353
positive_charge,15002,8,(2+0j),0.35,0.004753671482601959,20,0.0,0.8478030761078333,0.8569678063715239,0.00916473026369058
positive_charge,15003,8,(2+0j),0.35,0.004639701037801922,15,0.0,0.8478030761078332,0.8567716859038398,0.008968609796006555
positive_charge,15004,8,(2+0j),0.35,0.004632690990301822,16,0.0,0.8478030761078333,0.8570210714438313,0.009217995335997986
positive_charge,15005,8,(2+0j),0.35,0.004614814719782873,15,0.0,0.8478030761078332,0.8568721910402827,0.00906911493244944
positive_charge,15006,8,(2+0j),0.35,0.0046144622319115,14,0.0,0.8478030761078333,0.8568400430615879,0.009036966953754555
positive_charge,15007,8,(2+0j),0.35,0.004727396527445476,18,0.0,0.8478030761078333,0.8569056014313958,0.009102525323562483
positive_charge,15008,8,(2+0j),0.35,0.00461464777168061,15,0.0,0.8478030761078332,0.8567874360092012,0.008984359901367922
positive_charge,15009,8,(2+0j),0.35,0.0047510067784615,17,0.0,0.8478030761078333,0.8570643859871264,0.009261309879293078
positive_charge,15010,8,(2+0j),0.35,0.00461663636785258,17,0.0,0.8478030761078333,0.8568358962556263,0.009032820147792942
positive_charge,15011,8,(2+0j),0.35,0.00461911312912931,20,0.0,0.8478030761078333,0.8567729016602779,0.008969825552444521
positive_charge,15012,8,(2+0j),0.35,0.004615457996634962,18,0.0,0.8478030761078332,0.8557607080278833,0.007957631920050057
positive_charge,15013,8,(2+0j),0.35,0.004757348208350611,14,0.0,0.8478030761078333,0.8569264568665085,0.009123380758675137
positive_charge,15014,8,(2+0j),0.35,0.004621794686542439,12,0.0,0.8478030761078331,0.8557160190023261,0.007912942894492958
positive_charge,15015,8,(2+0j),0.35,0.004616098024353217,19,0.0,0.8478030761078332,0.8568440664903741,0.009040990382540914
positive_charge,15016,8,(2+0j),0.35,0.004618969778791943,15,0.0,0.8478030761078333,0.8568182076440671,0.00901513153623379
positive_charge,15017,8,(2+0j),0.35,0.004615742470996622,14,0.0,0.8478030761078333,0.856888077840231,0.00908500173239768
positive_charge,15018,8,(2+0j),0.35,0.005293416239449196,17,0.0,0.8478030761078332,0.8570116475361773,0.009208571428344081
positive_charge,15019,8,(2+0j),0.35,0.005299005553883694,18,0.0,0.8478030761078333,0.8570425531682612,0.009239477060427825
positive_charge,15020,8,(2+0j),0.35,0.004640021751160702,14,0.0,0.8478030761078332,0.8565553589211218,0.008752282813288548
positive_charge,15021,8,(2+0j),0.35,0.0053016804120021264,16,0.0,0.8478030761078332,0.8570289034500086,0.009225827342175363
positive_charge,15022,8,(2+0j),0.35,0.004639632920716067,16,0.0,0.8478030761078333,0.8568668349238028,0.009063758815969436
positive_charge,15023,8,(2+0j),0.35,0.005405720399927262,13,0.0,0.8478030761078333,0.857031583226527,0.009228507118693607
positive_charge,15024,8,(2+0j),0.35,0.004618590149509567,20,0.0,0.8478030761078333,0.8569001314529888,0.00909705534515548
positive_charge,15025,8,(2+0j),0.35,0.004614447298835386,16,0.0,0.8478030761078332,0.8567312083448133,0.00892813223698008
positive_charge,15026,8,(2+0j),0.35,0.004738486580921063,15,0.0,0.8478030761078331,0.8564417351946191,0.00863865908678596
positive_charge,15027,8,(2+0j),0.35,0.004641708379954635,17,0.0,0.8478030761078332,0.8568794843486964,0.009076408240863199
positive_charge,15028,8,(2+0j),0.35,0.004617164204269364,16,0.0,0.8478030761078332,0.8569015110736428,0.009098434965809532
positive_charge,15029,8,(2+0j),0.35,0.004632895388412921,19,0.0,0.8478030761078332,0.8569236981440141,0.009120622036180914
positive_charge,15030,8,(2+0j),0.35,0.004632927198301021,15,0.0,0.8478030761078332,0.857020797894056,0.009217721786222821
positive_charge,15031,8,(2+0j),0.35,0.004633179669254252,14,0.0,0.8478030761078332,0.8555935024435556,0.007790426335722356
positive_charge,15000,8,(2+0j),0.6,0.015046207716613476,18,0.0,0.7422736186210417,0.7683301091071703,0.02605649048612857
positive_charge,15001,8,(2+0j),0.6,0.017053466511884132,21,0.0,0.7422736186210417,0.7684213631658334,0.02614774454479174
positive_charge,15002,8,(2+0j),0.6,0.015384181645049658,20,0.0,0.7422736186210417,0.7684035926594439,0.026129974038402226
positive_charge,15003,8,(2+0j),0.6,0.015043299180341663,15,0.0,0.7422736186210417,0.7678813560599884,0.02560773743894673
positive_charge,15004,8,(2+0j),0.6,0.015019660705923156,16,0.0,0.7422736186210418,0.7685530191872867,0.026279400566244893
positive_charge,15005,8,(2+0j),0.6,0.01496951893633112,15,0.0,0.7422736186210417,0.7681487211185234,0.025875102497481706
positive_charge,15006,8,(2+0j),0.6,0.01496855190106954,14,0.0,0.7422736186210417,0.7680646506177943,0.02579103199675259
positive_charge,15007,8,(2+0j),0.6,0.01530624977929538,18,0.0,0.7422736186210417,0.7682331354845449,0.025959516863503174
positive_charge,15008,8,(2+0j),0.6,0.014969050441026885,15,0.0,0.7422736186210416,0.7679201933882169,0.025646574767175356
positive_charge,15009,8,(2+0j),0.6,0.015376320582411774,17,0.0,0.7422736186210417,0.7686679789372386,0.026394360316196908
positive_charge,15010,8,(2+0j),0.6,0.014974793219796088,17,0.0,0.7422736186210418,0.7680579903143608,0.02578437169331904
positive_charge,15011,8,(2+0j),0.6,0.014982085784284553,20,0.0,0.7422736186210417,0.7678825598475472,0.025608941226505477
positive_charge,15012,8,(2+0j),0.6,0.014971300875569237,18,0.0,0.7422736186210417,0.7651384328157798,0.02286481419473807
positive_charge,15013,8,(2+0j),0.6,0.015395010593496164,14,0.0,0.7422736186210417,0.7682884439178167,0.026014825296775013
positive_charge,15014,8,(2+0j),0.6,0.0149901407162655,12,0.0,0.7422736186210417,0.7650120554805099,0.022738436859468192
positive_charge,15015,8,(2+0j),0.6,0.014973293765217704,19,0.0,0.7422736186210417,0.7680721617991376,0.025798543178095934
positive_charge,15016,8,(2+0j),0.6,0.014981121390357063,15,0.0,0.7422736186210416,0.7680000220236217,0.025726403402580145
positive_charge,15017,8,(2+0j),0.6,0.014972059621315108,14,0.0,0.7422736186210417,0.768190849245736,0.02591723062469431
positive_charge,15018,8,(2+0j),0.6,0.017054751594939646,17,0.0,0.7422736186210417,0.7685268207233494,0.02625320210230775
positive_charge,15019,8,(2+0j),0.6,0.017071361540444686,18,0.0,0.7422736186210417,0.768609213998837,0.026335595377795284
positive_charge,15020,8,(2+0j),0.6,0.01504371452518595,14,0.0,0.7422736186210417,0.767269875931914,0.024996257310872294
positive_charge,15021,8,(2+0j),0.6,0.017079246905188646,16,0.0,0.7422736186210418,0.7685731553428005,0.026299536721758665
positive_charge,15022,8,(2+0j),0.6,0.015043126990404396,16,0.0,0.7422736186210418,0.7681402452168872,0.025866626595845377
positive_charge,15023,8,(2+0j),0.6,0.01739029996412973,13,0.0,0.7422736186210418,0.7685807955170251,0.026307176895983275
positive_charge,15024,8,(2+0j),0.6,0.014980065037724994,20,0.0,0.7422736186210416,0.7682228142402847,0.025949195619243137
positive_charge,15025,8,(2+0j),0.6,0.014968389235186551,16,0.0,0.7422736186210417,0.7677639602572185,0.025490341636176805
positive_charge,15026,8,(2+0j),0.6,0.015338343188058138,15,0.0,0.7422736186210417,0.7669795533668378,0.024705934745796077
positive_charge,15027,8,(2+0j),0.6,0.015049110028677579,17,0.0,0.7422736186210417,0.7681736770286463,0.025900058407604565
positive_charge,15028,8,(2+0j),0.6,0.014976514999993062,16,0.0,0.7422736186210417,0.768226782480455,0.025953163859413264
positive_charge,15029,8,(2+0j),0.6,0.015020400991358877,19,0.0,0.7422736186210417,0.7682861226098653,0.0260125039888236
positive_charge,15030,8,(2+0j),0.6,0.015020472950303175,15,0.0,0.7422736186210418,0.7685522922229532,0.026278673601911384
positive_charge,15031,8,(2+0j),0.6,0.01502118766353808,14,0.0,0.7422736186210417,0.7646907594479027,0.02241714082686097
positive_charge,15000,8,(1.5+0.75j),0.15,0.0018186055743691716,18,0.0,0.9324588912894507,0.9367122656082523,0.004253374318801573
positive_charge,15001,8,(1.5+0.75j),0.15,0.002134694037138502,21,0.0,0.932514188341153,0.9366892261122679,0.004175037771114942
positive_charge,15002,8,(1.5+0.75j),0.15,0.0018262943313432443,20,0.0,0.9325813431082568,0.936655002180963,0.004073659072706182
positive_charge,15003,8,(1.5+0.75j),0.15,0.0018042549260124617,15,0.0,0.9326749802394378,0.9366837560550955,0.004008775815657617
positive_charge,15004,8,(1.5+0.75j),0.15,0.0018352365153269559,16,0.0,0.932689047271311,0.9365331168508759,0.003844069579564957
positive_charge,15005,8,(1.5+0.75j),0.15,0.0018134062059556816,15,0.0,0.9324571445092891,0.9367594583148835,0.0043023138055944266
positive_charge,15006,8,(1.5+0.75j),0.15,0.0018137167632830103,14,0.0,0.932545821707917,0.936758730180524,0.004212908472607024
positive_charge,15007,8,(1.5+0.75j),0.15,0.0018364169393171928,18,0.0,0.9325171268803062,0.9366805463717528,0.004163419491446607
positive_charge,15008,8,(1.5+0.75j),0.15,0.001812971280267477,15,0.0,0.9325912132828813,0.9367007516082442,0.0041095383253628714
positive_charge,15009,8,(1.5+0.75j),0.15,0.0018323100205315526,17,0.0,0.9325254026888119,0.9366639365871099,0.004138533898297991
positive_charge,15010,8,(1.5+0.75j),0.15,0.001809275498385593,17,0.0,0.9325880282196534,0.9366872700515255,0.004099241831872158
positive_charge,15011,8,(1.5+0.75j),0.15,0.0018062941303544735,20,0.0,0.9325941030576202,0.9365442464150716,0.003950143357451363
positive_charge,15012,8,(1.5+0.75j),0.15,0.0018130181740515804,18,0.0,0.9325346498680258,0.9361973929374144,0.00366274306938863
positive_charge,15013,8,(1.5+0.75j),0.15,0.0018232266912271574,14,0.0,0.9325484809884723,0.9366206283866383,0.004072147398165971
positive_charge,15014,8,(1.5+0.75j),0.15,0.0018003866379730242,12,0.0,0.9325006615269489,0.9362027952557919,0.0037021337288429823
positive_charge,15015,8,(1.5+0.75j),0.15,0.0018092605059861786,19,0.0,0.9326157416903516,0.9365902350155456,0.003974493325194062
positive_charge,15016,8,(1.5+0.75j),0.15,0.001815821880828084,15,0.0,0.9326141333034841,0.9365685770384437,0.003954443734959567
positive_charge,15017,8,(1.5+0.75j),0.15,0.0018153874471216749,14,0.0,0.9324429814873708,0.9367466938210667,0.004303712333695864
positive_charge,15018,8,(1.5+0.75j),0.15,0.0021360927648708256,17,0.0,0.932517486653453,0.9367469062426199,0.004229419589166894
positive_charge,15019,8,(1.5+0.75j),0.15,0.002125468005044908,18,0.0,0.9325639784456161,0.9366674121058061,0.004103433660189948
positive_charge,15020,8,(1.5+0.75j),0.15,0.001802195782900092,14,0.0,0.9326634747239613,0.9366929491709273,0.004029474446965997
positive_charge,15021,8,(1.5+0.75j),0.15,0.0021195176777064214,16,0.0,0.9325388744502336,0.9366875057212255,0.004148631270991854
positive_charge,15022,8,(1.5+0.75j),0.15,0.0018041240826755457,16,0.0,0.9326599805289449,0.9367442062390322,0.004084225710087264
positive_charge,15023,8,(1.5+0.75j),0.15,0.002175326339704519,13,0.0,0.9325178231947991,0.9366155366457433,0.004097713450944118
positive_charge,15024,8,(1.5+0.75j),0.15,0.0018166629124920554,20,0.0,0.9324765995311173,0.9367256648361937,0.004249065305076405
positive_charge,15025,8,(1.5+0.75j),0.15,0.0018137215258044125,16,0.0,0.932622438306257,0.9367433153129096,0.004120877006652535
positive_charge,15026,8,(1.5+0.75j),0.15,0.0018285972919925043,15,0.0,0.9328241297338278,0.9366755937515754,0.003851464017747608
positive_charge,15027,8,(1.5+0.75j),0.15,0.0017993719051803908,17,0.0,0.9324657472113046,0.9365282202556877,0.004062473044383119
positive_charge,15028,8,(1.5+0.75j),0.15,0.001807708324027107,16,0.0,0.9326272534702322,0.9366083929179398,0.003981139447707616
positive_charge,15029,8,(1.5+0.75j),0.15,0.0018342082793681154,19,0.0,0.932468773904542,0.9367223238830537,0.004253549978511684
positive_charge,15030,8,(1.5+0.75j),0.15,0.001834431898185775,15,0.0,0.9324627746081828,0.9367401406924598,0.004277366084276979
positive_charge,15031,8,(1.5+0.75j),0.15,0.0018342025368247052,14,0.0,0.9324862585236275,0.9360618291932216,0.0035755706695940193
positive_charge,15000,8,(1.5+0.75j),0.35,0.010797146235522434,18,0.0,0.8411066003607808,0.863928030691499,0.022821430330718262
positive_charge,15001,8,(1.5+0.75j),0.35,0.012615973314180646,21,0.0,0.8413386443806705,0.8637826712125225,0.022444026831851982
positive_charge,15002,8,(1.5+0.75j),0.35,0.010875890759799143,20,0.0,0.8416892800027254,0.8636529771951744,0.02196369719244906
positive_charge,15003,8,(1.5+0.75j),0.35,0.010728340540063486,15,0.0,0.8421727422699675,0.8637939971248442,0.021621254854876648
positive_charge,15004,8,(1.5+0.75j),0.35,0.010883863818881333,16,0.0,0.8425469429942946,0.8627012623908318,0.020154319396537224
positive_charge,15005,8,(1.5+0.75j),0.35,0.010768301062454005,15,0.0,0.8411134159167247,0.8641548949205651,0.02304147900384035
positive_charge,15006,8,(1.5+0.75j),0.35,0.010769740985139288,14,0.0,0.8415394459094381,0.8641522504348742,0.022612804525436125
positive_charge,15007,8,(1.5+0.75j),0.35,0.010921014761786835,18,0.0,0.8413474776670232,0.8637271546015384,0.022379676934515147
positive_charge,15008,8,(1.5+0.75j),0.35,0.010765995263957657,15,0.0,0.8418055499862775,0.8638622694758369,0.02205671948955934
positive_charge,15009,8,(1.5+0.75j),0.35,0.010907514960896656,17,0.0,0.8414053608541313,0.8636988712827757,0.02229351042864436
positive_charge,15010,8,(1.5+0.75j),0.35,0.010746591559766356,17,0.0,0.8417656165614885,0.8638078635029715,0.022042246941482935
positive_charge,15011,8,(1.5+0.75j),0.35,0.010729654967612988,20,0.0,0.8417676637186188,0.8631063090953414,0.021338645376722587
positive_charge,15012,8,(1.5+0.75j),0.35,0.010766823889194319,18,0.0,0.8415967497766293,0.8613884438944189,0.019791694117789582
positive_charge,15013,8,(1.5+0.75j),0.35,0.010861162559495215,14,0.0,0.8415066005474651,0.8634390262454578,0.021932425697992697
positive_charge,15014,8,(1.5+0.75j),0.35,0.010700594199986377,12,0.0,0.8413983257564613,0.8614140015102836,0.020015675753822237
positive_charge,15015,8,(1.5+0.75j),0.35,0.01074618998690351,19,0.0,0.8418719013416275,0.8633329122865332,0.021461010944905712
positive_charge,15016,8,(1.5+0.75j),0.35,0.010782253423379478,15,0.0,0.8418446394160061,0.8632309647555162,0.021386325339510126
positive_charge,15017,8,(1.5+0.75j),0.35,0.01077852053766518,14,0.0,0.8410414990914374,0.8640943247429205,0.023052825651483033
positive_charge,15018,8,(1.5+0.75j),0.35,0.01262307870693961,17,0.0,0.8413512881948214,0.8640861709246128,0.022734882729791406
positive_charge,15019,8,(1.5+0.75j),0.35,0.012568923163814267,18,0.0,0.8415995154162713,0.8637038278663376,0.022104312450066277
positive_charge,15020,8,(1.5+0.75j),0.35,0.01071868667192123,14,0.0,0.8422804521724307,0.8638177458715448,0.021537293699114057
positive_charge,15021,8,(1.5+0.75j),0.35,0.012537741227502418,16,0.0,0.8414954710891134,0.8637855614435134,0.022290090354399994
positive_charge,15022,8,(1.5+0.75j),0.35,0.010727631800353674,16,0.0,0.8420920339154092,0.8640808534637952,0.02198881954838594
positive_charge,15023,8,(1.5+0.75j),0.35,0.012858226403791822,13,0.0,0.8413719364204164,0.863452416307237,0.022080479886820603
positive_charge,15024,8,(1.5+0.75j),0.35,0.01078630318528919,20,0.0,0.841205079807644,0.8639908292775829,0.022785749469938832
positive_charge,15025,8,(1.5+0.75j),0.35,0.010770082949624086,16,0.0,0.8419426478613219,0.8640804335601711,0.022137785698849166
positive_charge,15026,8,(1.5+0.75j),0.35,0.010882473331438339,15,0.0,0.842965645835303,0.8637552870782006,0.020789641242897616
positive_charge,15027,8,(1.5+0.75j),0.35,0.010702907831873361,17,0.0,0.8411472008158102,0.8629558607490975,0.02180865993328729
positive_charge,15028,8,(1.5+0.75j),0.35,0.01073800845981971,16,0.0,0.8419092368830523,0.8634243777789409,0.021515140895888574
positive_charge,15029,8,(1.5+0.75j),0.35,0.010878192817719737,19,0.0,0.8411598132727702,0.863975843209056,0.02281602993628573
positive_charge,15030,8,(1.5+0.75j),0.35,0.010879314772984755,15,0.0,0.84112555980097,0.8640634182167938,0.022937858415823742
positive_charge,15031,8,(1.5+0.75j),0.35,0.010878336628750577,14,0.0,0.8412998321301034,0.8607337927961217,0.019433960666018324
positive_charge,15000,8,(1.5+0.75j),0.6,0.035477469336753595,18,0.0,0.7253064511125554,0.791209118437441,0.06590266732488559
positive_charge,15001,8,(1.5+0.75j),0.6,0.04121764552534133,21,0.0,0.725735756621268,0.7907097177678227,0.06497396114655474
positive_charge,15002,8,(1.5+0.75j),0.6,0.03586663413734983,20,0.0,0.7267153458937391,0.790520182463489,0.06380483656974989
positive_charge,15003,8,(1.5+0.75j),0.6,0.0353135171750447,15,0.0,0.7280187283860607,0.7908773965017324,0.06285866811567165
positive_charge,15004,8,(1.5+0.75j),0.6,0.03571684605389018,16,0.0,0.7304079892009411,0.7865442474420472,0.05613625824110613
positive_charge,15005,8,(1.5+0.75j),0.6,0.03538768528852288,15,0.0,0.7253906548959207,0.7917774310055382,0.06638677610961752
positive_charge,15006,8,(1.5+0.75j),0.6,0.03539106546835472,14,0.0,0.7264296672149803,0.7917720718755354,0.06534240466055519
positive_charge,15007,8,(1.5+0.75j),0.6,0.03595524902012398,18,0.0,0.7257416766458702,0.7904731680765582,0.06473149143068802
positive_charge,15008,8,(1.5+0.75j),0.6,0.03538103969166071,15,0.0,0.7272760761585355,0.7909996033229556,0.06372352716442009
positive_charge,15009,8,(1.5+0.75j),0.6,0.035954254622654426,17,0.0,0.7259517795823107,0.7906392553345564,0.06468747575224565
positive_charge,15010,8,(1.5+0.75j),0.6,0.03532721074172832,17,0.0,0.7270622516186124,0.7908946770079343,0.06383242538932188
positive_charge,15011,8,(1.5+0.75j),0.6,0.035276411660332865,20,0.0,0.7269668444000243,0.7891001214532531,0.0621332770532288
positive_charge,15012,8,(1.5+0.75j),0.6,0.03538581717015471,18,0.0,0.7268905488409753,0.7847323156580998,0.057841766817124496
positive_charge,15013,8,(1.5+0.75j),0.6,0.03583179416597914,14,0.0,0.7261608297954776,0.7897574918768134,0.06359666208133585
positive_charge,15014,8,(1.5+0.75j),0.6,0.03520432261461995,12,0.0,0.7264843302314783,0.7847836537080758,0.0582993234765975
positive_charge,15015,8,(1.5+0.75j),0.6,0.035324964976214894,19,0.0,0.7272180464018017,0.7896874305915914,0.062469384189789756
positive_charge,15016,8,(1.5+0.75j),0.6,0.03543124000950737,15,0.0,0.7270768923433352,0.7894799087899553,0.06240301644662016
positive_charge,15017,8,(1.5+0.75j),0.6,0.0354157435866214,14,0.0,0.7251927242133448,0.7916258670891082,0.0664331428757634
positive_charge,15018,8,(1.5+0.75j),0.6,0.041236735192931265,17,0.0,0.7257512982824306,0.7915698766096425,0.06581857832721194
positive_charge,15019,8,(1.5+0.75j),0.6,0.04109318227610743,18,0.0,0.7264022906251688,0.7906128102585375,0.06421051963336866
positive_charge,15020,8,(1.5+0.75j),0.6,0.035293396941493166,14,0.0,0.7290787863960545,0.7907810685397446,0.06170228214369011
positive_charge,15021,8,(1.5+0.75j),0.6,0.04100707501452187,16,0.0,0.726257498669684,0.7907563482729449,0.06449884960326091
positive_charge,15022,8,(1.5+0.75j),0.6,0.03531140782689843,16,0.0,0.7277927203785365,0.7915751314184726,0.0637824110399361
positive_charge,15023,8,(1.5+0.75j),0.6,0.04202189801982439,13,0.0,0.7258772592395549,0.7899952528220755,0.06411799358252057
positive_charge,15024,8,(1.5+0.75j),0.6,0.03544124547007679,20,0.0,0.7256001194210401,0.791357196422422,0.06575707700138189
positive_charge,15025,8,(1.5+0.75j),0.6,0.03539442800333167,16,0.0,0.7275839005125627,0.7915939869945036,0.06401008648194084
positive_charge,15026,8,(1.5+0.75j),0.6,0.035860829996898005,15,0.0,0.7302686423370343,0.7907784521967134,0.06050980985967913
positive_charge,15027,8,(1.5+0.75j),0.6,0.03524329042993147,17,0.0,0.7254887190130404,0.7883874444351797,0.06289872542213937
positive_charge,15028,8,(1.5+0.75j),0.6,0.035302666234266714,16,0.0,0.7272358921296946,0.7899721384381755,0.06273624630848085
positive_charge,15029,8,(1.5+0.75j),0.6,0.035697505664715565,19,0.0,0.7254633158760501,0.7913267787823066,0.06586346290625655
positive_charge,15030,8,(1.5+0.75j),0.6,0.03570051581352669,15,0.0,0.7253459683856179,0.7915405858832159,0.06619461749759792
positive_charge,15031,8,(1.5+0.75j),0.6,0.035698522446828224,14,0.0,0.7261189308857557,0.7831164531197711,0.05699752223401533
positive_charge,15000,16,(1.25+0j),0.15,0.0030052587319462664,34,0.0,0.837443139853389,0.844236813299283,0.0067936734458939885
positive_charge,15001,16,(1.25+0j),0.15,0.0030307668821170034,34,0.0,0.837443139853389,0.8443643800763977,0.006921240223008662
positive_charge,15002,16,(1.25+0j),0.15,0.003748964802238099,34,0.0,0.8374431398533889,0.8443339981019975,0.006890858248608578
positive_charge,15003,16,(1.25+0j),0.15,0.0031086466781636295,29,0.0,0.8374431398533889,0.8439138542350834,0.006470714381694442
positive_charge,15004,16,(1.25+0j),0.15,0.0032828737382402736,36,0.0,0.837443139853389,0.8443704689162906,0.0069273290629016104
positive_charge,15005,16,(1.25+0j),0.15,0.003077791497351241,33,0.0,0.8374431398533889,0.8439406320466646,0.006497492193275667
positive_charge,15006,16,(1.25+0j),0.15,0.0032953329150710556,30,0.0,0.837443139853389,0.8442583388824587,0.006815199029069685
positive_charge,15007,16,(1.25+0j),0.15,0.003026524073865954,39,0.0,0.837443139853389,0.8437640889933735,0.006320949139984489
positive_charge,15008,16,(1.25+0j),0.15,0.003304118173804149,35,0.0,0.837443139853389,0.8437963575575016,0.006353217704112568
positive_charge,15009,16,(1.25+0j),0.15,0.0037742297983598253,34,0.0,0.8374431398533891,0.844465250696659,0.007022110843269869
positive_charge,15010,16,(1.25+0j),0.15,0.003257721163791592,35,0.0,0.837443139853389,0.8442178538221435,0.006774713968754509
positive_charge,15011,16,(1.25+0j),0.15,0.0032038473836502965,35,0.0,0.8374431398533889,0.8441122267181365,0.006669086864747542
positive_charge,15012,16,(1.25+0j),0.15,0.0031897261053744582,32,0.0,0.8374431398533889,0.8442086055061676,0.0067654656527786905
positive_charge,15013,16,(1.25+0j),0.15,0.0031383136543237256,30,0.0,0.8374431398533889,0.8443442293325789,0.006901089479189992
positive_charge,15014,16,(1.25+0j),0.15,0.0030361199347039426,29,0.0,0.837443139853389,0.8434158844059269,0.005972744552537823
positive_charge,15015,16,(1.25+0j),0.15,0.003377067728469673,37,0.0,0.8374431398533889,0.8443356768463999,0.006892536993010956
positive_charge,15016,16,(1.25+0j),0.15,0.003743782958533976,33,0.0,0.837443139853389,0.8443166387623199,0.006873498908930853
positive_charge,15017,16,(1.25+0j),0.15,0.0029972041944017953,33,0.0,0.837443139853389,0.844184812651988,0.006741672798598941
positive_charge,15018,16,(1.25+0j),0.15,0.003092554537938557,32,0.0,0.8374431398533891,0.8443407802551501,0.006897640401760996
positive_charge,15019,16,(1.25+0j),0.15,0.0030064975514150698,35,0.0,0.8374431398533889,0.8441124199320462,0.0066692800786573025
positive_charge,15020,16,(1.25+0j),0.15,0.0037590683831351776,34,0.0,0.837443139853389,0.8443737871865488,0.006930647333159734
positive_charge,15021,16,(1.25+0j),0.15,0.003120811880396634,34,0.0,0.8374431398533889,0.8443916297453363,0.006948489891947407
positive_charge,15022,16,(1.25+0j),0.15,0.0032037538834435012,34,0.0,0.837443139853389,0.8435833160203665,0.006140176166977485
positive_charge,15023,16,(1.25+0j),0.15,0.003105938603695675,32,0.0,0.837443139853389,0.8441394130556703,0.006696273202281278
positive_charge,15024,16,(1.25+0j),0.15,0.0031520673488818745,38,0.0,0.837443139853389,0.8440472182535993,0.006604078400210267
positive_charge,15025,16,(1.25+0j),0.15,0.003000412053690769,31,0.0,0.837443139853389,0.8440222821271173,0.0065791422737282446
positive_charge,15026,16,(1.25+0j),0.15,0.003016778097352514,34,0.0,0.8374431398533889,0.8442163255702414,0.006773185716852481
positive_charge,15027,16,(1.25+0j),0.15,0.003257251648914848,32,0.0,0.8374431398533889,0.8443880545373772,0.006944914683988279
positive_charge,15028,16,(1.25+0j),0.15,0.0030191664677671876,32,0.0,0.837443139853389,0.8443105305781937,0.0068673907248046895
positive_charge,15029,16,(1.25+0j),0.15,0.0032756297341905503,35,0.0,0.8374431398533889,0.8437698755981645,0.006326735744775602
positive_charge,15030,16,(1.25+0j),0.15,0.0030141078970803924,30,0.0,0.8374431398533889,0.84416118601904,0.0067180461656510815
positive_charge,15031,16,(1.25+0j),0.15,0.0030564255230815626,33,0.0,0.837443139853389,0.8439957412950415,0.006552601441652484
positive_charge,15000,16,(1.25+0j),0.35,0.018828776019258572,34,0.0,0.6432698306590162,0.6761516860840963,0.03288185542508004
positive_charge,15001,16,(1.25+0j),0.35,0.018964768613770097,34,0.0,0.6432698306590163,0.6767238740450863,0.03345404338606994
positive_charge,15002,16,(1.25+0j),0.35,0.02328208998304262,34,0.0,0.6432698306590163,0.6766058356448464,0.033336004985830114
positive_charge,15003,16,(1.25+0j),0.35,0.0194147754272283,29,0.0,0.6432698306590164,0.6746855149909792,0.031415684331962734
positive_charge,15004,16,(1.25+0j),0.35,0.02041981752288254,36,0.0,0.6432698306590164,0.6767383517207022,0.03346852106168574
positive_charge,15005,16,(1.25+0j),0.35,0.019218256397539078,33,0.0,0.6432698306590163,0.6747731549485991,0.0315033242895828
positive_charge,15006,16,(1.25+0j),0.35,0.020491443511176613,30,0.0,0.6432698306590163,0.676239366960286,0.03296953630126964
positive_charge,15007,16,(1.25+0j),0.35,0.018947681877292972,39,0.0,0.6432698306590162,0.6739251580452577,0.030655327386241438
positive_charge,15008,16,(1.25+0j),0.35,0.0205466796184258,35,0.0,0.6432698306590164,0.6740866876137928,0.030816856954776317
positive_charge,15009,16,(1.25+0j),0.35,0.023422364869413057,34,0.0,0.6432698306590163,0.6771961393645667,0.033926308705550356
positive_charge,15010,16,(1.25+0j),0.35,0.020286748888333095,35,0.0,0.6432698306590163,0.6760614918852269,0.03279166122621058
positive_charge,15011,16,(1.25+0j),0.35,0.019924324937986026,35,0.0,0.6432698306590164,0.6755445931923924,0.03227476253337591
positive_charge,15012,16,(1.25+0j),0.35,0.01984935762827188,32,0.0,0.6432698306590162,0.6759710576615162,0.0327012270025
positive_charge,15013,16,(1.25+0j),0.35,0.019546655337700905,30,0.0,0.6432698306590163,0.6766120639380356,0.03334223327901931
positive_charge,15014,16,(1.25+0j),0.35,0.01899424462828131,29,0.0,0.6432698306590164,0.6723744988936268,0.02910466823461033
positive_charge,15015,16,(1.25+0j),0.35,0.02095935680171552,37,0.0,0.6432698306590163,0.6766033715684142,0.033333540909397885
positive_charge,15016,16,(1.25+0j),0.35,0.023254725865402386,33,0.0,0.6432698306590162,0.6765287547242018,0.0332589240651856
positive_charge,15017,16,(1.25+0j),0.35,0.018786676599627846,33,0.0,0.6432698306590162,0.6759154431444832,0.032645612485466935
positive_charge,15018,16,(1.25+0j),0.35,0.01929738657131674,32,0.0,0.6432698306590163,0.6766127474596174,0.033342916800601086
positive_charge,15019,16,(1.25+0j),0.35,0.018832724588508674,35,0.0,0.6432698306590163,0.6756091895199404,0.032339358860924095
positive_charge,15020,16,(1.25+0j),0.35,0.023333287720495286,34,0.0,0.6432698306590163,0.6767793913260052,0.03350956066698885
positive_charge,15021,16,(1.25+0j),0.35,0.019448785253523813,34,0.0,0.6432698306590163,0.6768802760959263,0.03361044543690994
positive_charge,15022,16,(1.25+0j),0.35,0.019930729065378405,34,0.0,0.6432698306590163,0.6731096405016164,0.02983980984260004
positive_charge,15023,16,(1.25+0j),0.35,0.019371994927204778,32,0.0,0.6432698306590163,0.6756476923769714,0.03237786171795509
positive_charge,15024,16,(1.25+0j),0.35,0.019657473592891453,38,0.0,0.6432698306590162,0.6752810219225901,0.03201119126357388
positive_charge,15025,16,(1.25+0j),0.35,0.018800126450532795,31,0.0,0.6432698306590163,0.6751483153690558,0.03187848471003951
positive_charge,15026,16,(1.25+0j),0.35,0.018892426486473816,34,0.0,0.6432698306590163,0.6760597896195144,0.03278995896049808
positive_charge,15027,16,(1.25+0j),0.35,0.020229212850566787,32,0.0,0.6432698306590162,0.6768090894182581,0.03353925875924191
positive_charge,15028,16,(1.25+0j),0.35,0.0189006895733999,32,0.0,0.6432698306590163,0.6764804406882343,0.03321061002921799
positive_charge,15029,16,(1.25+0j),0.35,0.02038836306002173,35,0.0,0.6432698306590164,0.6739660913914197,0.03069626073240328
positive_charge,15030,16,(1.25+0j),0.35,0.01887503979354492,30,0.0,0.6432698306590163,0.6757981001344937,0.03252826947547738
positive_charge,15031,16,(1.25+0j),0.35,0.019115666869660715,33,0.0,0.6432698306590163,0.674996804583903,0.03172697392488666
positive_charge,15000,16,(1.25+0j),0.6,0.0671934607813322,34,0.0,0.4353530817676172,0.5184035362943529,0.08305045452673565
positive_charge,15001,16,(1.25+0j),0.6,0.06758374311024525,34,0.0,0.4353530817676172,0.5197332328477724,0.08438015108015517
positive_charge,15002,16,(1.25+0j),0.6,0.08202715933254946,34,0.0,0.4353530817676172,0.5194965752401257,0.08414349347250849
positive_charge,15003,16,(1.25+0j),0.6,0.06900525908852775,29,0.0,0.4353530817676173,0.5149672423255747,0.07961416055795739
positive_charge,15004,16,(1.25+0j),0.6,0.07218796236866527,36,0.0,0.43535308176761733,0.5197388272285556,0.08438574546093824
positive_charge,15005,16,(1.25+0j),0.6,0.06829326697313785,33,0.0,0.4353530817676172,0.5151227777787137,0.07976969601109651
positive_charge,15006,16,(1.25+0j),0.6,0.07241325035062808,30,0.0,0.4353530817676172,0.5186074131882753,0.08325433142065808
positive_charge,15007,16,(1.25+0j),0.6,0.06755598026782984,39,0.0,0.43535308176761733,0.512980998896537,0.0776279171289197
positive_charge,15008,16,(1.25+0j),0.6,0.07260701977556948,35,0.0,0.4353530817676173,0.5134993844731515,0.07814630270553419
positive_charge,15009,16,(1.25+0j),0.6,0.08244970999348285,34,0.0,0.4353530817676173,0.520873196195838,0.08552011442822077
positive_charge,15010,16,(1.25+0j),0.6,0.07181346634270831,35,0.0,0.43535308176761733,0.5182023364094639,0.08284925464184656
positive_charge,15011,16,(1.25+0j),0.6,0.07045506676580301,35,0.0,0.43535308176761733,0.5169080291493898,0.08155494738177249
positive_charge,15012,16,(1.25+0j),0.6,0.0702427172190049,32,0.0,0.4353530817676173,0.5178593823667716,0.08250630059915437
positive_charge,15013,16,(1.25+0j),0.6,0.06926143819652072,30,0.0,0.4353530817676173,0.5194314258010465,0.08407834403342923
positive_charge,15014,16,(1.25+0j),0.6,0.06766752852103562,29,0.0,0.4353530817676173,0.5094511650316663,0.07409808326404904
positive_charge,15015,16,(1.25+0j),0.6,0.07388035980793706,37,0.0,0.4353530817676173,0.5194914530975837,0.08413837132996643
positive_charge,15016,16,(1.25+0j),0.6,0.08195005172115563,33,0.0,0.43535308176761733,0.5193188218990414,0.0839657401314241
positive_charge,15017,16,(1.25+0j),0.6,0.06707763417273505,33,0.0,0.4353530817676172,0.5178474849207142,0.08249440315309697
positive_charge,15018,16,(1.25+0j),0.6,0.06853197278571115,32,0.0,0.4353530817676172,0.5194697421318091,0.08411666036419185
positive_charge,15019,16,(1.25+0j),0.6,0.06719016953728338,35,0.0,0.4353530817676173,0.5171709554153157,0.08181787364769838
positive_charge,15020,16,(1.25+0j),0.6,0.08216309621635465,34,0.0,0.4353530817676174,0.5198992063253681,0.08454612455775073
positive_charge,15021,16,(1.25+0j),0.6,0.06896353706991537,34,0.0,0.43535308176761733,0.5201705795860844,0.08481749781846704
positive_charge,15022,16,(1.25+0j),0.6,0.07049936672406888,34,0.0,0.4353530817676173,0.5111720011425327,0.07581891937491542
positive_charge,15023,16,(1.25+0j),0.6,0.06875778050029173,32,0.0,0.4353530817676173,0.517075616686453,0.08172253491883569
positive_charge,15024,16,(1.25+0j),0.6,0.06974395169115431,38,0.0,0.4353530817676173,0.5163597498462249,0.08100666807860762
positive_charge,15025,16,(1.25+0j),0.6,0.06708974417768615,31,0.0,0.4353530817676173,0.515996807726291,0.0806437259586737
positive_charge,15026,16,(1.25+0j),0.6,0.0673843961531543,34,0.0,0.4353530817676173,0.5181891403074793,0.08283605853986203
positive_charge,15027,16,(1.25+0j),0.6,0.07140673720253982,32,0.0,0.4353530817676173,0.5198847783967854,0.0845316966291681
positive_charge,15028,16,(1.25+0j),0.6,0.06739182568598438,32,0.0,0.4353530817676173,0.5191632710939872,0.08381018932636991
positive_charge,15029,16,(1.25+0j),0.6,0.07212901596346734,35,0.0,0.4353530817676173,0.5132043233644575,0.07785124159684026
positive_charge,15030,16,(1.25+0j),0.6,0.0673222678745765,30,0.0,0.4353530817676172,0.5175602694270868,0.08220718765946955
positive_charge,15031,16,(1.25+0j),0.6,0.06806618442224156,33,0.0,0.4353530817676174,0.5155476175307708,0.08019453576315344
positive_charge,15000,16,(1.5+0j),0.15,0.0018903742809323143,34,0.0,0.8824978023070702,0.8867313701971726,0.00423356789010243
positive_charge,15001,16,(1.5+0j),0.15,0.001895880335031011,34,0.0,0.8824978023070702,0.8867788898874746,0.0042810875804043524
positive_charge,15002,16,(1.5+0j),0.15,0.0022950324340471825,34,0.0,0.8824978023070703,0.8867842430874169,0.004286440780346568
positive_charge,15003,16,(1.5+0j),0.15,0.0019268504788020043,29,0.0,0.8824978023070701,0.8865902279373564,0.004092425630286334
positive_charge,15004,16,(1.5+0j),0.15,0.002005044836283142,36,0.0,0.8824978023070702,0.8867716987774359,0.00427389647036569
positive_charge,15005,16,(1.5+0j),0.15,0.0019164928000827953,33,0.0,0.8824978023070703,0.8865769043902522,0.004079102083181851
positive_charge,15006,16,(1.5+0j),0.15,0.002008388502055439,30,0.0,0.8824978023070702,0.8867272411997265,0.0042294388926562565
positive_charge,15007,16,(1.5+0j),0.15,0.0018956977280722963,39,0.0,0.8824978023070703,0.8864841283458778,0.003986326038807442
positive_charge,15008,16,(1.5+0j),0.15,0.002012774227066048,35,0.0,0.8824978023070702,0.8864610032821914,0.0039632009751211505
positive_charge,15009,16,(1.5+0j),0.15,0.0023018073875134748,34,0.0,0.8824978023070702,0.8868348781349418,0.004337075827871573
positive_charge,15010,16,(1.5+0j),0.15,0.0019994729708925,35,0.0,0.8824978023070702,0.8867155879266395,0.004217785619569314
positive_charge,15011,16,(1.5+0j),0.15,0.001957873380171762,35,0.0,0.8824978023070702,0.8866371781868512,0.004139375879780971
positive_charge,15012,16,(1.5+0j),0.15,0.001955340077779077,32,0.0,0.8824978023070702,0.8866865688407695,0.004188766533699262
positive_charge,15013,16,(1.5+0j),0.15,0.0019321004263668086,30,0.0,0.8824978023070701,0.8867593410558398,0.0042615387487696665
positive_charge,15014,16,(1.5+0j),0.15,0.0018974212888481163,29,0.0,0.8824978023070702,0.8863270852532711,0.003829282946200885
positive_charge,15015,16,(1.5+0j),0.15,0.002039796137829076,37,0.0,0.8824978023070702,0.8867744440504083,0.004276641743338083
positive_charge,15016,16,(1.5+0j),0.15,0.0022940585239448323,33,0.0,0.8824978023070703,0.8867790542390204,0.004281251931950059
positive_charge,15017,16,(1.5+0j),0.15,0.001888144037321684,33,0.0,0.8824978023070702,0.8867094827069698,0.004211680399899609
positive_charge,15018,16,(1.5+0j),0.15,0.0019200019429671301,32,0.0,0.8824978023070702,0.8867680489694476,0.004270246662377408
positive_charge,15019,16,(1.5+0j),0.15,0.0018902961922025582,35,0.0,0.8824978023070702,0.8867046077172414,0.004206805410171155
positive_charge,15020,16,(1.5+0j),0.15,0.0022972342422621127,34,0.0,0.8824978023070703,0.8868000837591457,0.0043022814520753405
positive_charge,15021,16,(1.5+0j),0.15,0.0019284008436461185,34,0.0,0.8824978023070703,0.8868289452504966,0.004331142943426292
positive_charge,15022,16,(1.5+0j),0.15,0.0019592253887551875,34,0.0,0.8824978023070702,0.8863685363201985,0.0038707340131283186
positive_charge,15023,16,(1.5+0j),0.15,0.0019228726590608766,32,0.0,0.8824978023070702,0.8866552047108415,0.004157402403771271
positive_charge,15024,16,(1.5+0j),0.15,0.0019393338914374624,38,0.0,0.8824978023070701,0.8866574113264337,0.00415960901936363
positive_charge,15025,16,(1.5+0j),0.15,0.0018887055700770165,31,0.0,0.8824978023070701,0.8866132638342569,0.004115461527186781
positive_charge,15026,16,(1.5+0j),0.15,0.0018922702381083524,34,0.0,0.8824978023070702,0.8867232955969024,0.004225493289832238
positive_charge,15027,16,(1.5+0j),0.15,0.0019735355586798587,32,0.0,0.8824978023070703,0.886772978873881,0.004275176566810646
positive_charge,15028,16,(1.5+0j),0.15,0.0018930675012908793,32,0.0,0.8824978023070702,0.8867599091562293,0.004262106849159064
positive_charge,15029,16,(1.5+0j),0.15,0.002004803380378303,35,0.0,0.8824978023070701,0.8864539845532856,0.003956182246215523
positive_charge,15030,16,(1.5+0j),0.15,0.0018918634367999297,30,0.0,0.8824978023070702,0.8866935553219507,0.00419575301488051
positive_charge,15031,16,(1.5+0j),0.15,0.0019043861014785815,33,0.0,0.8824978023070703,0.8865878223857455,0.004090020078675205
positive_charge,15000,16,(1.5+0j),0.35,0.011534053638112104,34,0.0,0.7351541218364152,0.7566863043456004,0.021532182509185205
positive_charge,15001,16,(1.5+0j),0.35,0.011563381684232541,34,0.0,0.7351541218364152,0.7569108932847994,0.021756771448384282
positive_charge,15002,16,(1.5+0j),0.35,0.013891399465794492,34,0.0,0.7351541218364152,0.7569461172467495,0.021791995410334386
positive_charge,15003,16,(1.5+0j),0.35,0.01173739719006429,29,0.0,0.735154121836415,0.7560124841940011,0.02085836235758609
positive_charge,15004,16,(1.5+0j),0.35,0.01217957255825672,36,0.0,0.735154121836415,0.7568703071365469,0.021716185300131863
positive_charge,15005,16,(1.5+0j),0.35,0.011672566841224934,33,0.0,0.735154121836415,0.7559340610409184,0.020779939204503384
positive_charge,15006,16,(1.5+0j),0.35,0.01219835986814824,30,0.0,0.735154121836415,0.7566616613472296,0.021507539510814522
positive_charge,15007,16,(1.5+0j),0.35,0.011563713126495153,39,0.0,0.735154121836415,0.755476305179941,0.02032218334352598
positive_charge,15008,16,(1.5+0j),0.35,0.012223972308169892,35,0.0,0.7351541218364152,0.7553613742613358,0.020207252424920608
positive_charge,15009,16,(1.5+0j),0.35,0.01392866403902839,34,0.0,0.7351541218364152,0.7571861397896525,0.022032017953237393
positive_charge,15010,16,(1.5+0j),0.35,0.012150317924747524,35,0.0,0.735154121836415,0.7566074282625065,0.021453306426091445
positive_charge,15011,16,(1.5+0j),0.35,0.011901568638664987,35,0.0,0.735154121836415,0.7562178945233506,0.0210637726869356
positive_charge,15012,16,(1.5+0j),0.35,0.01188819005750552,32,0.0,0.735154121836415,0.7564480351662961,0.021293913329881065
positive_charge,15013,16,(1.5+0j),0.35,0.01175590637018857,30,0.0,0.7351541218364152,0.7568088975121552,0.021654775675740034
positive_charge,15014,16,(1.5+0j),0.35,0.011571630453327595,29,0.0,0.7351541218364152,0.7547258060481737,0.01957168421175859
positive_charge,15015,16,(1.5+0j),0.35,0.012374438180466182,37,0.0,0.7351541218364152,0.75689241506633,0.02173829322991483
positive_charge,15016,16,(1.5+0j),0.35,0.013886290241378382,33,0.0,0.735154121836415,0.7569219341709466,0.02176781233453151
positive_charge,15017,16,(1.5+0j),0.35,0.011522467287357705,33,0.0,0.735154121836415,0.7565809831062843,0.021426861269869257
positive_charge,15018,16,(1.5+0j),0.35,0.01169116170463702,32,0.0,0.7351541218364152,0.7568573444381214,0.021703222601706207
positive_charge,15019,16,(1.5+0j),0.35,0.011533261206912044,35,0.0,0.735154121836415,0.7565679533548542,0.02141383151843912
positive_charge,15020,16,(1.5+0j),0.35,0.013902580131007881,34,0.0,0.7351541218364152,0.7570199663182497,0.021865844481834595
positive_charge,15021,16,(1.5+0j),0.35,0.011735497435054386,34,0.0,0.735154121836415,0.7571620174519549,0.02200789561553984
positive_charge,15022,16,(1.5+0j),0.35,0.011910469473071861,34,0.0,0.7351541218364152,0.7549164679805282,0.019762346144113097
positive_charge,15023,16,(1.5+0j),0.35,0.011706986340578507,32,0.0,0.735154121836415,0.7562955865800309,0.02114146474361589
positive_charge,15024,16,(1.5+0j),0.35,0.011806328263405825,38,0.0,0.735154121836415,0.7563399978171397,0.021185875980724633
positive_charge,15025,16,(1.5+0j),0.35,0.01152482477208862,31,0.0,0.735154121836415,0.7561069492569434,0.020952827420528397
positive_charge,15026,16,(1.5+0j),0.35,0.011544643634570521,34,0.0,0.7351541218364152,0.7566483022711313,0.02149418043471618
positive_charge,15027,16,(1.5+0j),0.35,0.011989273949170725,32,0.0,0.7351541218364152,0.7568728864297669,0.021718764593351758
positive_charge,15028,16,(1.5+0j),0.35,0.011547940327243314,32,0.0,0.7351541218364152,0.7568211820604349,0.021667060224019763
positive_charge,15029,16,(1.5+0j),0.35,0.012180034549484992,35,0.0,0.7351541218364152,0.755327269904595,0.020173148068179825
positive_charge,15030,16,(1.5+0j),0.35,0.01154181855778936,30,0.0,0.7351541218364152,0.756503479115124,0.02134935727870879
positive_charge,15031,16,(1.5+0j),0.35,0.011611857130535882,33,0.0,0.7351541218364153,0.7559738542415284,0.020819732405113145
positive_charge,15000,16,(1.5+0j),0.6,0.03955209065517434,34,0.0,0.5659747283927417,0.6239869694403628,0.05801224104762115
positive_charge,15001,16,(1.5+0j),0.6,0.03963606121250576,34,0.0,0.5659747283927418,0.6245396520084389,0.058564923615697095
positive_charge,15002,16,(1.5+0j),0.6,0.047115619439962,34,0.0,0.5659747283927419,0.6246535730326092,0.05867884463986728
positive_charge,15003,16,(1.5+0j),0.6,0.04016765122568124,29,0.0,0.5659747283927419,0.6223049331082737,0.05633020471553185
positive_charge,15004,16,(1.5+0j),0.6,0.041531189866938684,36,0.0,0.5659747283927418,0.6244244278527237,0.05844969945998191
positive_charge,15005,16,(1.5+0j),0.6,0.03994070660171313,33,0.0,0.5659747283927418,0.6220755051739972,0.05610077678125547
positive_charge,15006,16,(1.5+0j),0.6,0.04158863138751667,30,0.0,0.5659747283927418,0.6239184141622512,0.05794368576950948
positive_charge,15007,16,(1.5+0j),0.6,0.0396419386044482,39,0.0,0.565974728392742,0.6208830444459376,0.05490831605319557
positive_charge,15008,16,(1.5+0j),0.6,0.041670794205187316,35,0.0,0.5659747283927419,0.6206214269798953,0.05464669858715343
positive_charge,15009,16,(1.5+0j),0.6,0.04722654413530885,34,0.0,0.5659747283927419,0.6252483208601388,0.05927359246739694
positive_charge,15010,16,(1.5+0j),0.6,0.04144955147723145,35,0.0,0.5659747283927419,0.6237870815557831,0.05781235316304123
positive_charge,15011,16,(1.5+0j),0.6,0.0406293132405398,35,0.0,0.5659747283927419,0.6227751141009182,0.05680038570817636
positive_charge,15012,16,(1.5+0j),0.6,0.04059161927529298,32,0.0,0.5659747283927419,0.6233260160001922,0.05735128760745034
positive_charge,15013,16,(1.5+0j),0.6,0.040180604240815744,30,0.0,0.5659747283927419,0.6242603723624051,0.05828564396966318
positive_charge,15014,16,(1.5+0j),0.6,0.03965932601725222,29,0.0,0.5659747283927419,0.6190220573538889,0.053047328961147056
positive_charge,15015,16,(1.5+0j),0.6,0.04212568887524565,37,0.0,0.5659747283927419,0.6245074751184756,0.05853274672573372
positive_charge,15016,16,(1.5+0j),0.6,0.0471013364682248,33,0.0,0.5659747283927418,0.6245942170332481,0.05861948864050637
positive_charge,15017,16,(1.5+0j),0.6,0.03952031026479084,33,0.0,0.5659747283927418,0.623720568110598,0.057745839717856184
positive_charge,15018,16,(1.5+0j),0.6,0.03999517691900067,32,0.0,0.5659747283927418,0.6244055871004411,0.058430858707699374
positive_charge,15019,16,(1.5+0j),0.6,0.039547868849205386,35,0.0,0.5659747283927418,0.6237117898211417,0.05773706142839996
positive_charge,15020,16,(1.5+0j),0.6,0.04714543762612824,34,0.0,0.5659747283927418,0.6248325552884226,0.058857826895680865
positive_charge,15021,16,(1.5+0j),0.6,0.04011960038212463,34,0.0,0.5659747283927418,0.6251982842088671,0.05922355581612537
positive_charge,15022,16,(1.5+0j),0.6,0.040661213102722686,34,0.0,0.5659747283927419,0.6195025888689704,0.053527860476228484
positive_charge,15023,16,(1.5+0j),0.6,0.04004240542860726,32,0.0,0.5659747283927418,0.6229373974337276,0.05696266904098579
positive_charge,15024,16,(1.5+0j),0.6,0.04037395983404001,38,0.0,0.5659747283927419,0.6231334055695168,0.05715867717677492
positive_charge,15025,16,(1.5+0j),0.6,0.03952269364111113,31,0.0,0.5659747283927418,0.6225086647504717,0.056533936357729964
positive_charge,15026,16,(1.5+0j),0.6,0.03958428706021748,34,0.0,0.5659747283927418,0.6238928516592697,0.0579181232665279
positive_charge,15027,16,(1.5+0j),0.6,0.040896333385703885,32,0.0,0.5659747283927418,0.6244182134196755,0.05844348502693375
positive_charge,15028,16,(1.5+0j),0.6,0.039590204972929026,32,0.0,0.5659747283927419,0.6243178313940702,0.05834310300132828
positive_charge,15029,16,(1.5+0j),0.6,0.04153960929409545,35,0.0,0.5659747283927419,0.6205335673060317,0.05455883891328983
positive_charge,15030,16,(1.5+0j),0.6,0.03957364774480246,30,0.0,0.5659747283927419,0.623522664843541,0.05754793645079914
positive_charge,15031,16,(1.5+0j),0.6,0.039786142401322715,33,0.0,0.5659747283927419,0.6221330440774031,0.05615831568466123
positive_charge,15000,16,(2+0j),0.15,0.0007865558130882217,34,0.0,0.9332062051094294,0.9349185565364176,0.0017123514269882234
positive_charge,15001,16,(2+0j),0.15,0.0007868177409371754,34,0.0,0.9332062051094293,0.9349254949490637,0.0017192898396344303
positive_charge,15002,16,(2+0j),0.15,0.0009067103819157525,34,0.0,0.9332062051094294,0.9349360007714012,0.0017297956619717336
positive_charge,15003,16,(2+0j),0.15,0.0007911207894564369,29,0.0,0.9332062051094294,0.9348912055245711,0.0016850004151416353
positive_charge,15004,16,(2+0j),0.15,0.0008068608902619396,36,0.0,0.9332062051094293,0.9349195460762908,0.0017133409668614874
positive_charge,15005,16,(2+0j),0.15,0.0007898351415290662,33,0.0,0.9332062051094294,0.9348760450582037,0.0016698399487742321
positive_charge,15006,16,(2+0j),0.15,0.000807070236294533,30,0.0,0.9332062051094293,0.9349122192365045,0.0017060141270751616
positive_charge,15007,16,(2+0j),0.15,0.0007869153379489627,39,0.0,0.9332062051094293,0.9348570580094994,0.0016508529000700545
positive_charge,15008,16,(2+0j),0.15,0.0008076996580542814,35,0.0,0.9332062051094294,0.9348286829760315,0.001622477866602079
positive_charge,15009,16,(2+0j),0.15,0.0009071928415547543,34,0.0,0.9332062051094294,0.934943538145301,0.0017373330358715355
positive_charge,15010,16,(2+0j),0.15,0.000806574941198288,35,0.0,0.9332062051094294,0.9349112884726785,0.001705083363249038
positive_charge,15011,16,(2+0j),0.15,0.00079465236551814,35,0.0,0.9332062051094295,0.9348833914106398,0.0016771863012102761
positive_charge,15012,16,(2+0j),0.15,0.0007945720133113182,32,0.0,0.9332062051094294,0.9348940707965262,0.001687865687096779
positive_charge,15013,16,(2+0j),0.15,0.0007909173008626676,30,0.0,0.9332062051094295,0.9349164831133302,0.001710278003900667
positive_charge,15014,16,(2+0j),0.15,0.0007869232819931449,29,0.0,0.9332062051094295,0.9348132072171512,0.001607002107721689
positive_charge,15015,16,(2+0j),0.15,0.0008113741189849557,37,0.0,0.9332062051094293,0.9349256679746687,0.001719462865239385
positive_charge,15016,16,(2+0j),0.15,0.0009066756663528403,33,0.0,0.9332062051094294,0.9349355493900412,0.0017293442806117776
positive_charge,15017,16,(2+0j),0.15,0.0007864048509679737,33,0.0,0.9332062051094293,0.9349144552410507,0.0017082501316213472
positive_charge,15018,16,(2+0j),0.15,0.0007900331753901013,32,0.0,0.9332062051094294,0.9349231292525294,0.0017169241430999849
positive_charge,15019,16,(2+0j),0.15,0.0007865193951729137,35,0.0,0.9332062051094295,0.9349242089224836,0.001718003813054092
positive_charge,15020,16,(2+0j),0.15,0.0009068213098818524,34,0.0,0.9332062051094294,0.9349381860696974,0.0017319809602679426
positive_charge,15021,16,(2+0j),0.15,0.0007907551283761843,34,0.0,0.9332062051094293,0.9349470176534976,0.0017408125440683264
positive_charge,15022,16,(2+0j),0.15,0.0007948746931257632,34,0.0,0.9332062051094294,0.9348111912419063,0.0016049861324768377
positive_charge,15023,16,(2+0j),0.15,0.000790165737831904,32,0.0,0.9332062051094294,0.9348889745992958,0.0016827694898663426
positive_charge,15024,16,(2+0j),0.15,0.0007921858251336779,38,0.0,0.9332062051094293,0.9349113908838217,0.0017051857743923815
positive_charge,15025,16,(2+0j),0.15,0.0007864238553398087,31,0.0,0.9332062051094295,0.9348828833950453,0.0016766782856157958
positive_charge,15026,16,(2+0j),0.15,0.000786595040712438,34,0.0,0.9332062051094293,0.9349176562889101,0.001711451179480794
positive_charge,15027,16,(2+0j),0.15,0.0007959374596140922,32,0.0,0.9332062051094293,0.9349178751213566,0.001711670011927291
positive_charge,15028,16,(2+0j),0.15,0.000786647585410088,32,0.0,0.9332062051094294,0.9349241259104687,0.0017179208010392744
positive_charge,15029,16,(2+0j),0.15,0.0008070047733511957,35,0.0,0.9332062051094293,0.9348281051514414,0.0016219000420121255
positive_charge,15030,16,(2+0j),0.15,0.0007865985262898318,30,0.0,0.9332062051094294,0.9349106243506236,0.0017044192411941328
positive_charge,15031,16,(2+0j),0.15,0.000787670946731569,33,0.0,0.9332062051094294,0.934874711611875,0.0016685065024455437
positive_charge,15000,16,(2+0j),0.35,0.00461552470038287,34,0.0,0.8457876882118737,0.8548803844126793,0.009092696200805661
positive_charge,15001,16,(2+0j),0.35,0.004616930180346041,34,0.0,0.8457876882118736,0.8549150791736837,0.009127390961810145
positive_charge,15002,16,(2+0j),0.35,0.005293051455529402,34,0.0,0.8457876882118737,0.854970002949915,0.00918231473804132
positive_charge,15003,16,(2+0j),0.35,0.004640584387073015,29,0.0,0.8457876882118737,0.8547425634036029,0.008954875191729217
positive_charge,15004,16,(2+0j),0.35,0.004727619161134657,36,0.0,0.8457876882118737,0.8548835794444494,0.009095891232575704
positive_charge,15005,16,(2+0j),0.35,0.004632816760782539,33,0.0,0.8457876882118736,0.8546630159791031,0.008875327767229546
positive_charge,15006,16,(2+0j),0.35,0.004728772820344173,30,0.0,0.8457876882118737,0.8548472962566317,0.009059608044758027
positive_charge,15007,16,(2+0j),0.35,0.004617516393457395,39,0.0,0.8457876882118737,0.8545655688408185,0.0087778806289448
positive_charge,15008,16,(2+0j),0.35,0.00473227647761153,35,0.0,0.8457876882118737,0.8544198871378892,0.008632198926015522
positive_charge,15009,16,(2+0j),0.35,0.005295685791047461,34,0.0,0.8457876882118736,0.8550078550799947,0.009220166868121105
positive_charge,15010,16,(2+0j),0.35,0.004726118701468372,35,0.0,0.8457876882118736,0.8548426509039255,0.009054962692051971
positive_charge,15011,16,(2+0j),0.35,0.004659191735377191,35,0.0,0.8457876882118737,0.8546997725249776,0.008912084313103974
positive_charge,15012,16,(2+0j),0.35,0.004658766662240032,32,0.0,0.8457876882118737,0.8547522127211573,0.008964524509283645
positive_charge,15013,16,(2+0j),0.35,0.0046385403070753,30,0.0,0.8457876882118737,0.8548676072207709,0.009079919008897264
positive_charge,15014,16,(2+0j),0.35,0.0046174867431636275,29,0.0,0.8457876882118737,0.8543413906800039,0.008553702468130253
positive_charge,15015,16,(2+0j),0.35,0.0047524378228901085,37,0.0,0.8457876882118737,0.854916123406411,0.009128435194537321
positive_charge,15016,16,(2+0j),0.35,0.0052928694713778885,33,0.0,0.8457876882118737,0.8549677491291744,0.009180060917300725
positive_charge,15017,16,(2+0j),0.35,0.004614736660339975,33,0.0,0.8457876882118737,0.8548595288828774,0.00907184067100375
positive_charge,15018,16,(2+0j),0.35,0.0046338636498934,32,0.0,0.8457876882118738,0.854903028316687,0.009115340104813185
positive_charge,15019,16,(2+0j),0.35,0.004615323953490893,35,0.0,0.8457876882118736,0.854910638991197,0.009122950779323458
positive_charge,15020,16,(2+0j),0.35,0.00529362272616901,34,0.0,0.8457876882118736,0.854980923795678,0.009193235583804471
positive_charge,15021,16,(2+0j),0.35,0.00463765446238477,34,0.0,0.8457876882118737,0.8550255613736485,0.009237873161774823
positive_charge,15022,16,(2+0j),0.35,0.004660464806877851,34,0.0,0.8457876882118737,0.8543314512655308,0.008543763053657116
positive_charge,15023,16,(2+0j),0.35,0.0046345879960636195,32,0.0,0.8457876882118736,0.8547262491718768,0.008938560960003228
positive_charge,15024,16,(2+0j),0.35,0.004646407159657142,38,0.0,0.8457876882118737,0.8548459864167021,0.009058298204828397
positive_charge,15025,16,(2+0j),0.35,0.004614818393796613,31,0.0,0.8457876882118736,0.854697429044048,0.00890974083217444
positive_charge,15026,16,(2+0j),0.35,0.004615758509630498,34,0.0,0.8457876882118736,0.8548758879703959,0.009088199758522375
positive_charge,15027,16,(2+0j),0.35,0.004666262348123231,32,0.0,0.8457876882118736,0.8548745639694928,0.00908687575761924
positive_charge,15028,16,(2+0j),0.35,0.004616001458817359,32,0.0,0.8457876882118737,0.854908464118527,0.009120775906653278
positive_charge,15029,16,(2+0j),0.35,0.004728477162612259,35,0.0,0.8457876882118737,0.8544170094636455,0.008629321251771849
positive_charge,15030,16,(2+0j),0.35,0.00461574869390769,30,0.0,0.8457876882118737,0.8548401580027436,0.009052469790869933
positive_charge,15031,16,(2+0j),0.35,0.004621652584096628,33,0.0,0.8457876882118736,0.8546543191614866,0.008866630949613041
positive_charge,15000,16,(2+0j),0.6,0.014971507680330181,34,0.0,0.7392496437898295,0.7651405436824247,0.025890899892595187
positive_charge,15001,16,(2+0j),0.6,0.01497556716769894,34,0.0,0.7392496437898295,0.7652319997746225,0.025982355984793037
positive_charge,15002,16,(2+0j),0.6,0.017053760649218565,34,0.0,0.7392496437898295,0.7653843226637945,0.026134678873965034
positive_charge,15003,16,(2+0j),0.6,0.015045914682655719,29,0.0,0.7392496437898295,0.764773051837446,0.025523408047616547
positive_charge,15004,16,(2+0j),0.6,0.015306712215509737,36,0.0,0.7392496437898295,0.7651430863367047,0.0258934425468752
positive_charge,15005,16,(2+0j),0.6,0.015020071494118648,33,0.0,0.7392496437898295,0.7645519767488642,0.025302332959034723
positive_charge,15006,16,(2+0j),0.6,0.015310154434010481,30,0.0,0.7392496437898295,0.7650490084175348,0.025799364627705268
positive_charge,15007,16,(2+0j),0.6,0.01497749041582448,39,0.0,0.7392496437898294,0.7642863720179954,0.02503672822816605
positive_charge,15008,16,(2+0j),0.6,0.015320740533246788,35,0.0,0.7392496437898296,0.7638921505149296,0.024642506725100044
positive_charge,15009,16,(2+0j),0.6,0.017061530380883667,34,0.0,0.7392496437898295,0.7654849362991984,0.026235292509368957
positive_charge,15010,16,(2+0j),0.6,0.015302516479529554,35,0.0,0.7392496437898296,0.7650367516479505,0.025787107858120883
positive_charge,15011,16,(2+0j),0.6,0.015098178572843455,35,0.0,0.7392496437898296,0.7646492325982347,0.025399588808405094
positive_charge,15012,16,(2+0j),0.6,0.015096975934789269,32,0.0,0.7392496437898295,0.7647836981538967,0.025534054364067194
positive_charge,15013,16,(2+0j),0.6,0.015036307401449551,30,0.0,0.7392496437898295,0.7650997182901849,0.02585007450035537
positive_charge,15014,16,(2+0j),0.6,0.014977129709536895,29,0.0,0.7392496437898294,0.7636792926552967,0.02442964886546728
positive_charge,15015,16,(2+0j),0.6,0.015380567483851512,37,0.0,0.7392496437898295,0.7652358607022539,0.02598621691242442
positive_charge,15016,16,(2+0j),0.6,0.017053251715599092,33,0.0,0.7392496437898295,0.7653783718234026,0.026128728033573134
positive_charge,15017,16,(2+0j),0.6,0.014969320949902805,33,0.0,0.7392496437898294,0.7650839721337562,0.02583432834392685
positive_charge,15018,16,(2+0j),0.6,0.015023086267180755,32,0.0,0.7392496437898295,0.7651995793274831,0.025949935537653568
positive_charge,15019,16,(2+0j),0.6,0.014970899445882742,35,0.0,0.7392496437898294,0.7652260592943335,0.025976415504504136
positive_charge,15020,16,(2+0j),0.6,0.017055318948700736,34,0.0,0.7392496437898295,0.765413188546805,0.026163544756975465
positive_charge,15021,16,(2+0j),0.6,0.015033693225800488,34,0.0,0.7392496437898295,0.7655327293965737,0.026283085606744194
positive_charge,15022,16,(2+0j),0.6,0.015102151904540494,34,0.0,0.7392496437898295,0.7636550825368673,0.024405438747037822
positive_charge,15023,16,(2+0j),0.6,0.015025224554542948,32,0.0,0.7392496437898295,0.7647141339898268,0.025464490199997303
positive_charge,15024,16,(2+0j),0.6,0.015063116661757815,38,0.0,0.7392496437898296,0.7650533252290398,0.02580368143921019
positive_charge,15025,16,(2+0j),0.6,0.01496942343707575,31,0.0,0.7392496437898294,0.7646435947108152,0.02539395092098584
positive_charge,15026,16,(2+0j),0.6,0.014972271501601634,34,0.0,0.7392496437898295,0.7651286683152329,0.02587902452540336
positive_charge,15027,16,(2+0j),0.6,0.015119232165577166,32,0.0,0.7392496437898295,0.7651189409174658,0.025869297127636304
positive_charge,15028,16,(2+0j),0.6,0.014972829397065545,32,0.0,0.7392496437898295,0.7652162436424943,0.025966599852664807
positive_charge,15029,16,(2+0j),0.6,0.015309516004348437,35,0.0,0.7392496437898295,0.7638845807282508,0.024634936938421337
positive_charge,15030,16,(2+0j),0.6,0.014972134923498946,30,0.0,0.7392496437898295,0.7650322892881468,0.025782645498317325
positive_charge,15031,16,(2+0j),0.6,0.014989719484076482,33,0.0,0.7392496437898295,0.7645216434637077,0.025271999673878165
positive_charge,15000,16,(1.5+0.75j),0.15,0.0018126928648063785,34,0.0,0.9372623689058006,0.9413054712646236,0.004043102358822992
positive_charge,15001,16,(1.5+0.75j),0.15,0.0018113669104242941,34,0.0,0.9372294539048679,0.9412336996487815,0.004004245743913559
positive_charge,15002,16,(1.5+0.75j),0.15,0.002134395762210843,34,0.0,0.9371095319011337,0.9413430286600674,0.004233496758933697
positive_charge,15003,16,(1.5+0.75j),0.15,0.0018004064768602109,29,0.0,0.9372916949052643,0.9413270695960471,0.004035374690782745
positive_charge,15004,16,(1.5+0.75j),0.15,0.001837327983009828,36,0.0,0.9371910427938354,0.9412550194619049,0.004063976668069569
positive_charge,15005,16,(1.5+0.75j),0.15,0.001834380505029343,33,0.0,0.9372402394915841,0.9414208056212945,0.004180566129710406
positive_charge,15006,16,(1.5+0.75j),0.15,0.00183365958302993,30,0.0,0.9372411722685943,0.9412902135829662,0.004049041314371893
positive_charge,15007,16,(1.5+0.75j),0.15,0.001805920477445414,39,0.0,0.9370694668064788,0.9411373768308451,0.004067910024366239
positive_charge,15008,16,(1.5+0.75j),0.15,0.0018303619429061203,35,0.0,0.9374303403469593,0.9413428213547247,0.003912481007765423
positive_charge,15009,16,(1.5+0.75j),0.15,0.002128423120075352,34,0.0,0.937182038506014,0.9413166125094741,0.0041345740034600675
positive_charge,15010,16,(1.5+0.75j),0.15,0.0018391482416689252,35,0.0,0.9372317305757931,0.9412945610976288,0.0040628305218356475
positive_charge,15011,16,(1.5+0.75j),0.15,0.001822906635707077,35,0.0,0.9372704388528786,0.9413819241139952,0.004111485261116599
positive_charge,15012,16,(1.5+0.75j),0.15,0.001824570590245989,32,0.0,0.9371322527902868,0.9413056435167096,0.004173390726422865
positive_charge,15013,16,(1.5+0.75j),0.15,0.0018353205041113834,30,0.0,0.9371443449757804,0.94137969825313,0.004235353277349585
positive_charge,15014,16,(1.5+0.75j),0.15,0.0018100803134451153,29,0.0,0.9370661900636514,0.9409833956773067,0.003917205613655272
positive_charge,15015,16,(1.5+0.75j),0.15,0.0018274198398154178,37,0.0,0.9371455776143868,0.9412607722629874,0.004115194648600662
positive_charge,15016,16,(1.5+0.75j),0.15,0.0021343253450310956,33,0.0,0.937108697993981,0.9413456991418472,0.004237001147866182
positive_charge,15017,16,(1.5+0.75j),0.15,0.0018135600963630435,33,0.0,0.9372636338851544,0.9412652400222743,0.004001606137119862
positive_charge,15018,16,(1.5+0.75j),0.15,0.0018342149271509452,32,0.0,0.937076701704035,0.9413613258389316,0.0042846241348966085
positive_charge,15019,16,(1.5+0.75j),0.15,0.001815080645197152,35,0.0,0.9371176425603486,0.9412782230203255,0.004160580459976915
positive_charge,15020,16,(1.5+0.75j),0.15,0.002136538317092022,34,0.0,0.937157721838573,0.9413986311265862,0.004240909288013128
positive_charge,15021,16,(1.5+0.75j),0.15,0.0018385158722108532,34,0.0,0.9370911238943761,0.9414233241881474,0.004332200293771349
positive_charge,15022,16,(1.5+0.75j),0.15,0.0018178931175784226,34,0.0,0.9374972699455338,0.9413807319474375,0.0038834620019037036
positive_charge,15023,16,(1.5+0.75j),0.15,0.0018319314809399352,32,0.0,0.9371000693563531,0.9413463495805496,0.004246280224196486
positive_charge,15024,16,(1.5+0.75j),0.15,0.0017917727207022224,38,0.0,0.9372616731212818,0.9413404768145263,0.004078803693244426
positive_charge,15025,16,(1.5+0.75j),0.15,0.0018118294031369002,31,0.0,0.9372583313165898,0.9413871252640981,0.0041287939475083135
positive_charge,15026,16,(1.5+0.75j),0.15,0.0018095878470299094,34,0.0,0.9372614533251311,0.9413128342794396,0.004051380954308459
positive_charge,15027,16,(1.5+0.75j),0.15,0.001807865988510804,32,0.0,0.9371516130166727,0.9413451983340996,0.004193585317426862
positive_charge,15028,16,(1.5+0.75j),0.15,0.00181407328217138,32,0.0,0.9370425590169351,0.9413761046377497,0.004333545620814561
positive_charge,15029,16,(1.5+0.75j),0.15,0.0018345981478627576,35,0.0,0.9374050378551911,0.9412992700381329,0.003894232182941715
positive_charge,15030,16,(1.5+0.75j),0.15,0.0018119347433368605,30,0.0,0.9370960459613827,0.9414010684434797,0.004305022482096965
positive_charge,15031,16,(1.5+0.75j),0.15,0.0017998597488129737,33,0.0,0.9371295063805658,0.9411880681456064,0.0040585617650406025
positive_charge,15000,16,(1.5+0.75j),0.35,0.010765005412420692,34,0.0,0.8517331465651925,0.8736884899830043,0.0219553434178118
positive_charge,15001,16,(1.5+0.75j),0.35,0.01075676526743803,34,0.0,0.8515457378102157,0.8733364415739349,0.021790703763719166
positive_charge,15002,16,(1.5+0.75j),0.35,0.012614321462522879,34,0.0,0.8509729506679734,0.873869165112034,0.022896214444060647
positive_charge,15003,16,(1.5+0.75j),0.35,0.010707973414382442,29,0.0,0.85188604491576,0.873794158574206,0.021908113658445916
positive_charge,15004,16,(1.5+0.75j),0.35,0.010926801194065772,36,0.0,0.8513477949755724,0.8733868753295242,0.022039080353951745
positive_charge,15005,16,(1.5+0.75j),0.35,0.010879187521340193,33,0.0,0.8516755601198873,0.8742418453326464,0.022566285212759052
positive_charge,15006,16,(1.5+0.75j),0.35,0.010906530909946774,30,0.0,0.8516461274869395,0.8736090487573144,0.021962921270374913
positive_charge,15007,16,(1.5+0.75j),0.35,0.010729069596864971,39,0.0,0.8507595667373294,0.8726824680401889,0.021922901302859454
positive_charge,15008,16,(1.5+0.75j),0.35,0.010889768442205754,35,0.0,0.8526266440298179,0.8738632752159342,0.021236631186116295
positive_charge,15009,16,(1.5+0.75j),0.35,0.012583094651588368,34,0.0,0.8513487084969446,0.8737335137254179,0.022384805228473303
positive_charge,15010,16,(1.5+0.75j),0.35,0.010935553918935585,35,0.0,0.8516045363943222,0.8736285380084605,0.02202400161413831
positive_charge,15011,16,(1.5+0.75j),0.35,0.010827298364230575,35,0.0,0.851814793363925,0.8740584355668125,0.022243642202887548
positive_charge,15012,16,(1.5+0.75j),0.35,0.010836076921223558,32,0.0,0.8510524906377188,0.8735896806894698,0.022537190051751033
positive_charge,15013,16,(1.5+0.75j),0.35,0.010882911853306077,30,0.0,0.8511126867169094,0.8740043711403445,0.022891684423435033
positive_charge,15014,16,(1.5+0.75j),0.35,0.010750422565203036,29,0.0,0.8507964170361335,0.8719588889007123,0.021162471864578758
positive_charge,15015,16,(1.5+0.75j),0.35,0.010880501617867385,37,0.0,0.8511375099856228,0.8734776355218816,0.02234012553625886
positive_charge,15016,16,(1.5+0.75j),0.35,0.012614093482632772,33,0.0,0.8509692302498068,0.8738820565375275,0.022912826287720733
positive_charge,15017,16,(1.5+0.75j),0.35,0.010768589535118134,33,0.0,0.8517239952930061,0.8734889708002495,0.021764975507243323
positive_charge,15018,16,(1.5+0.75j),0.35,0.010878697365928286,32,0.0,0.8508250745841609,0.8739568636331134,0.023131789048952522
positive_charge,15019,16,(1.5+0.75j),0.35,0.010776310964624657,35,0.0,0.8510195095300406,0.8735628853715435,0.0225433758415029
positive_charge,15020,16,(1.5+0.75j),0.35,0.012625320618580077,34,0.0,0.8511782399459815,0.8741375387640141,0.022959298818032603
positive_charge,15021,16,(1.5+0.75j),0.35,0.010900841875316617,34,0.0,0.8508842304829426,0.8742414857477178,0.023357255264775167
positive_charge,15022,16,(1.5+0.75j),0.35,0.010800405995070919,34,0.0,0.8529796422974852,0.8740522919833409,0.02107264968585565
positive_charge,15023,16,(1.5+0.75j),0.35,0.010865812956874263,32,0.0,0.8508909511783046,0.8737750583580347,0.022884107179730107
positive_charge,15024,16,(1.5+0.75j),0.35,0.010663710437955172,38,0.0,0.8517395786219356,0.8738574593184038,0.02211788069646814
positive_charge,15025,16,(1.5+0.75j),0.35,0.010760573143085475,31,0.0,0.8517506917432647,0.8740853890829389,0.022334697339674192
positive_charge,15026,16,(1.5+0.75j),0.35,0.01074774211064142,34,0.0,0.8517300855982771,0.8737243849725871,0.021994299374309967
positive_charge,15027,16,(1.5+0.75j),0.35,0.010747600039497273,32,0.0,0.851147396552195,0.873836928168049,0.022689531615854075
positive_charge,15028,16,(1.5+0.75j),0.35,0.01077119120467309,32,0.0,0.8506541593581527,0.8740294130138963,0.023375253655743555
positive_charge,15029,16,(1.5+0.75j),0.35,0.010911402196018776,35,0.0,0.8525135427636785,0.873656021205317,0.021142478441638524
positive_charge,15030,16,(1.5+0.75j),0.35,0.010761019851481533,30,0.0,0.8509304663142458,0.8741498268135317,0.023219360499285857
positive_charge,15031,16,(1.5+0.75j),0.35,0.010697524795504764,33,0.0,0.8510510393203962,0.8729334589535727,0.021882419633176498
positive_charge,15000,16,(1.5+0.75j),0.6,0.035380021908313394,34,0.0,0.7419606810249335,0.8063293661906579,0.06436868516572436
positive_charge,15001,16,(1.5+0.75j),0.6,0.035352836005628795,34,0.0,0.741373440706824,0.8054545134566615,0.06408107274983754
positive_charge,15002,16,(1.5+0.75j),0.6,0.04121263326192219,34,0.0,0.7399868384160244,0.806794074482481,0.06680723606645655
positive_charge,15003,16,(1.5+0.75j),0.6,0.03525566811857042,29,0.0,0.7423732338477681,0.8065911875137941,0.064217953666026
positive_charge,15004,16,(1.5+0.75j),0.6,0.03597449161173166,36,0.0,0.740844351994353,0.8053018429976617,0.06445749100330878
positive_charge,15005,16,(1.5+0.75j),0.6,0.035701825083953656,33,0.0,0.7420541607739876,0.8077024338555693,0.06564827308158172
positive_charge,15006,16,(1.5+0.75j),0.6,0.03591447306566263,30,0.0,0.7418188807455419,0.8061011773754131,0.06428229662987117
positive_charge,15007,16,(1.5+0.75j),0.6,0.03527935011644496,39,0.0,0.7394214282642299,0.8030053059217528,0.06358387765752294
positive_charge,15008,16,(1.5+0.75j),0.6,0.03587171987913973,35,0.0,0.7444926647457826,0.8067265424660489,0.06223387772026634
positive_charge,15009,16,(1.5+0.75j),0.6,0.041126665471584126,34,0.0,0.741003406226724,0.8064057142065668,0.06540230797984281
positive_charge,15010,16,(1.5+0.75j),0.6,0.03599627436451272,35,0.0,0.7417305168478366,0.8061455580987316,0.06441504125089492
positive_charge,15011,16,(1.5+0.75j),0.6,0.03559356762614989,35,0.0,0.742367268534753,0.8072500952988816,0.0648828267641286
positive_charge,15012,16,(1.5+0.75j),0.6,0.03561842671556815,32,0.0,0.7400842843751005,0.8056354637112552,0.06555117933615462
positive_charge,15013,16,(1.5+0.75j),0.6,0.03570661209947474,30,0.0,0.7402312532153915,0.8069119328250733,0.06668067960968183
positive_charge,15014,16,(1.5+0.75j),0.6,0.0353366930368401,29,0.0,0.7397515413267881,0.8012674312769715,0.06151588995018342
positive_charge,15015,16,(1.5+0.75j),0.6,0.035874077892241736,37,0.0,0.7403642279861461,0.8058022893549834,0.06543806136883734
positive_charge,15016,16,(1.5+0.75j),0.6,0.041212569899633504,33,0.0,0.7399819581989718,0.8068273652413753,0.06684540704240349
positive_charge,15017,16,(1.5+0.75j),0.6,0.03538647280739759,33,0.0,0.7418698292607421,0.8058489929079602,0.06397916364721812
positive_charge,15018,16,(1.5+0.75j),0.6,0.03570059377307979,32,0.0,0.7396831245903267,0.8069979395910774,0.06731481500075065
positive_charge,15019,16,(1.5+0.75j),0.6,0.035407504002380595,35,0.0,0.7401635161197273,0.806024600716872,0.06586108459714468
positive_charge,15020,16,(1.5+0.75j),0.6,0.041242627187268864,34,0.0,0.7403895934415681,0.8074545835985157,0.06706499015694767
positive_charge,15021,16,(1.5+0.75j),0.6,0.035761026905081664,34,0.0,0.7398349323064756,0.8075920313712807,0.06775709906480509
positive_charge,15022,16,(1.5+0.75j),0.6,0.035517372837762635,34,0.0,0.745485768502051,0.8072315119706347,0.06174574346858375
positive_charge,15023,16,(1.5+0.75j),0.6,0.03566133188832084,32,0.0,0.7396664871554414,0.8060549443175649,0.0663884571621235
positive_charge,15024,16,(1.5+0.75j),0.6,0.035137975087850416,38,0.0,0.7420068123292849,0.80673865208047,0.06473183975118513
positive_charge,15025,16,(1.5+0.75j),0.6,0.035369342124981114,31,0.0,0.7421901081155188,0.8073276443750531,0.06513753625953433
positive_charge,15026,16,(1.5+0.75j),0.6,0.03532843909664977,34,0.0,0.7419614075048172,0.806421257622682,0.06445985011786481
positive_charge,15027,16,(1.5+0.75j),0.6,0.03537095552735168,32,0.0,0.7403161362376874,0.806487123874291,0.06617098763660356
positive_charge,15028,16,(1.5+0.75j),0.6,0.03539365067947365,32,0.0,0.7392320237105531,0.8071905457884371,0.067958522077884
positive_charge,15029,16,(1.5+0.75j),0.6,0.03592874498386486,35,0.0,0.744251056741992,0.8062250415303848,0.06197398478839278
positive_charge,15030,16,(1.5+0.75j),0.6,0.03536872227076311,30,0.0,0.7399931915378565,0.8074864014757691,0.06749320993791263
positive_charge,15031,16,(1.5+0.75j),0.6,0.0351937100577931,33,0.0,0.7401329712612421,0.8036341532024042,0.06350118194116205
positive_charge,15000,32,(1.25+0j),0.15,0.0032524548920945906,71,0.0,0.8297892768434824,0.8360283565714252,0.006239079727942798
positive_charge,15001,32,(1.25+0j),0.15,0.003937154877571152,66,0.0,0.8297892768434824,0.8366429407547086,0.006853663911226215
positive_charge,15002,32,(1.25+0j),0.15,0.0037548321382647526,75,0.0,0.8297892768434824,0.836765601226325,0.00697632438284268
positive_charge,15003,32,(1.25+0j),0.15,0.0033603246819159894,61,0.0,0.8297892768434825,0.8366422194399901,0.006852942596507594
positive_charge,15004,32,(1.25+0j),0.15,0.0031775584743576582,66,0.0,0.8297892768434825,0.8351644602466631,0.005375183403180661
positive_charge,15005,32,(1.25+0j),0.15,0.002998050745469862,66,0.0,0.8297892768434824,0.8364173511102528,0.006628074266770478
positive_charge,15006,32,(1.25+0j),0.15,0.0030315682827308475,58,0.0,0.8297892768434824,0.8360765047339284,0.006287227890446001
positive_charge,15007,32,(1.25+0j),0.15,0.0030159404903575054,72,0.0,0.8297892768434825,0.8353623496592402,0.005573072815757696
positive_charge,15008,32,(1.25+0j),0.15,0.003114820648966835,70,0.0,0.8297892768434824,0.8364798706956988,0.0066905938522164865
positive_charge,15009,32,(1.25+0j),0.15,0.0030082052125332184,72,0.0,0.8297892768434825,0.8361191349365452,0.006329858093062746
positive_charge,15010,32,(1.25+0j),0.15,0.0032659815445018818,68,0.0,0.8297892768434825,0.8362676200734129,0.006478343229930461
positive_charge,15011,32,(1.25+0j),0.15,0.0032905282808055464,69,0.0,0.8297892768434825,0.8366076242772726,0.006818347433790173
positive_charge,15012,32,(1.25+0j),0.15,0.003364326974735545,69,0.0,0.8297892768434825,0.8365272702383033,0.00673799339482084
positive_charge,15013,32,(1.25+0j),0.15,0.0033444643182956456,67,0.0,0.8297892768434826,0.8367190264542068,0.006929749610724234
positive_charge,15014,32,(1.25+0j),0.15,0.0031354569768571117,61,0.0,0.8297892768434825,0.8364458289814121,0.0066565521379295944
positive_charge,15015,32,(1.25+0j),0.15,0.003071078896943996,74,0.0,0.8297892768434825,0.8361867279778998,0.006397451134417365
positive_charge,15016,32,(1.25+0j),0.15,0.0031255696909937335,65,0.0,0.8297892768434825,0.8365812838351387,0.006792006991656274
positive_charge,15017,32,(1.25+0j),0.15,0.0030540060891437256,68,0.0,0.8297892768434824,0.8362870642576709,0.006497787414188494
positive_charge,15018,32,(1.25+0j),0.15,0.0031100080879009426,66,0.0,0.8297892768434824,0.8365302768342171,0.006740999990734742
positive_charge,15019,32,(1.25+0j),0.15,0.0031233145210068716,69,0.0,0.8297892768434825,0.8358636099857325,0.006074333142250032
positive_charge,15020,32,(1.25+0j),0.15,0.003185546514809795,68,0.0,0.8297892768434825,0.836701372295561,0.006912095452078493
positive_charge,15021,32,(1.25+0j),0.15,0.003097801967713202,68,0.0,0.8297892768434825,0.8365516529153856,0.006762376071903109
positive_charge,15022,32,(1.25+0j),0.15,0.003110657471726695,70,0.0,0.8297892768434825,0.8361887045132218,0.006399427669739333
positive_charge,15023,32,(1.25+0j),0.15,0.0032897150575546727,68,0.0,0.8297892768434825,0.8364455220596735,0.006656245216191015
positive_charge,15024,32,(1.25+0j),0.15,0.003017468393249083,77,0.0,0.8297892768434822,0.8362903422967184,0.006501065453236143
positive_charge,15025,32,(1.25+0j),0.15,0.0037541154544238424,67,0.0,0.8297892768434824,0.8366341346232355,0.006844857779753188
positive_charge,15026,32,(1.25+0j),0.15,0.0039149738333430694,68,0.0,0.8297892768434825,0.8367040984563827,0.006914821612900246
positive_charge,15027,32,(1.25+0j),0.15,0.0031301397278374735,67,0.0,0.8297892768434825,0.8363270529353268,0.006537776091844361
positive_charge,15028,32,(1.25+0j),0.15,0.003034014949293306,62,0.0,0.8297892768434825,0.8364924909429381,0.006703214099455623
positive_charge,15029,32,(1.25+0j),0.15,0.0032620161421536517,69,0.0,0.8297892768434824,0.8364936633332656,0.006704386489783221
positive_charge,15030,32,(1.25+0j),0.15,0.0032881040958359165,66,0.0,0.8297892768434826,0.8365518672421854,0.006762590398702861
positive_charge,15031,32,(1.25+0j),0.15,0.0030730363511018315,66,0.0,0.8297892768434825,0.8365763274991699,0.00678705065568741
positive_charge,15000,32,(1.25+0j),0.35,0.020258125556988162,71,0.0,0.6296172432435264,0.6595353083299501,0.029918065086423695
positive_charge,15001,32,(1.25+0j),0.35,0.024334922403120164,66,0.0,0.6296172432435265,0.6623475337693102,0.03273029052578369
positive_charge,15002,32,(1.25+0j),0.35,0.023314379923488227,75,0.0,0.6296172432435264,0.6629061642474319,0.03328892100390546
positive_charge,15003,32,(1.25+0j),0.35,0.02084928808847989,61,0.0,0.6296172432435264,0.6623234998799147,0.032706256636388265
positive_charge,15004,32,(1.25+0j),0.35,0.019783835843879584,66,0.0,0.6296172432435265,0.6553305062400426,0.025713262996516106
positive_charge,15005,32,(1.25+0j),0.35,0.01879039593442048,66,0.0,0.6296172432435264,0.6613367259446771,0.03171948270115066
positive_charge,15006,32,(1.25+0j),0.35,0.01896649671228204,58,0.0,0.6296172432435264,0.6597720714735013,0.03015482822997484
positive_charge,15007,32,(1.25+0j),0.35,0.018885609827731457,72,0.0,0.6296172432435264,0.6562713205681249,0.026654077324598457
positive_charge,15008,32,(1.25+0j),0.35,0.01942730465410828,70,0.0,0.6296172432435265,0.6616199799458247,0.03200273670229814
positive_charge,15009,32,(1.25+0j),0.35,0.018845427353296744,72,0.0,0.6296172432435265,0.6600117048996661,0.03039446165613957
positive_charge,15010,32,(1.25+0j),0.35,0.02033394058808461,68,0.0,0.6296172432435265,0.6606501183820441,0.0310328751385176
positive_charge,15011,32,(1.25+0j),0.35,0.020468410038141347,69,0.0,0.6296172432435264,0.6621653117438537,0.03254806850032732
positive_charge,15012,32,(1.25+0j),0.35,0.020885674862896535,69,0.0,0.6296172432435265,0.6617872078198064,0.03216996457627985
positive_charge,15013,32,(1.25+0j),0.35,0.020760592458161982,67,0.0,0.6296172432435264,0.6626753769181346,0.03305813367460819
positive_charge,15014,32,(1.25+0j),0.35,0.019541474971390374,61,0.0,0.6296172432435265,0.661404306242634,0.031787062999107496
positive_charge,15015,32,(1.25+0j),0.35,0.019191360003067107,74,0.0,0.6296172432435265,0.6603171072595019,0.030699864015975353
positive_charge,15016,32,(1.25+0j),0.35,0.019502476007882467,65,0.0,0.6296172432435265,0.6620562323624347,0.03243898911890819
positive_charge,15017,32,(1.25+0j),0.35,0.019099733964168746,68,0.0,0.6296172432435265,0.6606893482222502,0.031072104978723702
positive_charge,15018,32,(1.25+0j),0.35,0.01942170825155086,66,0.0,0.6296172432435265,0.6618315763891665,0.03221433314563993
positive_charge,15019,32,(1.25+0j),0.35,0.01946828311284471,69,0.0,0.6296172432435265,0.6587734854161551,0.029156242172628577
positive_charge,15020,32,(1.25+0j),0.35,0.01982958680610224,68,0.0,0.6296172432435264,0.6626324147599413,0.033015171516414865
positive_charge,15021,32,(1.25+0j),0.35,0.019327800196489584,68,0.0,0.6296172432435265,0.661967584958876,0.03235034171534945
positive_charge,15022,32,(1.25+0j),0.35,0.01942825052039527,70,0.0,0.6296172432435265,0.6603142664790489,0.03069702323552237
positive_charge,15023,32,(1.25+0j),0.35,0.020463614987651677,68,0.0,0.6296172432435264,0.6614157382959395,0.031798495052413056
positive_charge,15024,32,(1.25+0j),0.35,0.018898978774856974,77,0.0,0.6296172432435264,0.6607196665125008,0.03110242326897439
positive_charge,15025,32,(1.25+0j),0.35,0.02330834707511464,67,0.0,0.6296172432435264,0.6623219068712305,0.03270466362770408
positive_charge,15026,32,(1.25+0j),0.35,0.02421132639260252,68,0.0,0.6296172432435265,0.6626295393951364,0.03301229615160983
positive_charge,15027,32,(1.25+0j),0.35,0.01953093669988124,67,0.0,0.6296172432435265,0.6608613362992029,0.031244093055676325
positive_charge,15028,32,(1.25+0j),0.35,0.018987340693462258,62,0.0,0.6296172432435264,0.6616635958048411,0.03204635256131472
positive_charge,15029,32,(1.25+0j),0.35,0.020309122481348814,69,0.0,0.6296172432435264,0.6616906447088957,0.0320734014653693
positive_charge,15030,32,(1.25+0j),0.35,0.020447586571558676,66,0.0,0.6296172432435265,0.6619480181452156,0.03233077490168912
positive_charge,15031,32,(1.25+0j),0.35,0.019203373800608138,66,0.0,0.6296172432435265,0.6620325439311978,0.03241530068767129
positive_charge,15000,32,(1.25+0j),0.6,0.07172870973623045,71,0.0,0.4196079876639715,0.4943671457551175,0.07475915809114597
positive_charge,15001,32,(1.25+0j),0.6,0.08522924061721018,66,0.0,0.4196079876639715,0.500915194048871,0.08130720638489947
positive_charge,15002,32,(1.25+0j),0.6,0.08212359938227203,75,0.0,0.41960798766397145,0.5022294361320047,0.08262144846803321
positive_charge,15003,32,(1.25+0j),0.6,0.07347767533538398,61,0.0,0.4196079876639715,0.5008262286777337,0.08121824101376224
positive_charge,15004,32,(1.25+0j),0.6,0.07003936010553423,66,0.0,0.4196079876639715,0.483824546626411,0.0642165589624395
positive_charge,15005,32,(1.25+0j),0.6,0.0670851147419843,66,0.0,0.4196079876639715,0.4985762326378026,0.07896824497383109
positive_charge,15006,32,(1.25+0j),0.6,0.0675707597087645,58,0.0,0.4196079876639715,0.4949029219931267,0.07529493432915518
positive_charge,15007,32,(1.25+0j),0.6,0.06735583312303857,72,0.0,0.4196079876639715,0.4861525116468435,0.06654452398287197
positive_charge,15008,32,(1.25+0j),0.6,0.06894121422923973,70,0.0,0.41960798766397145,0.4992493980941241,0.07964141043015266
positive_charge,15009,32,(1.25+0j),0.6,0.06723191707373675,72,0.0,0.41960798766397156,0.49553834214788595,0.07593035448391439
positive_charge,15010,32,(1.25+0j),0.6,0.0719585660931208,68,0.0,0.41960798766397145,0.49698941337821767,0.07738142571424622
positive_charge,15011,32,(1.25+0j),0.6,0.0723595577585257,69,0.0,0.4196079876639715,0.5004380374768711,0.0808300498128996
positive_charge,15012,32,(1.25+0j),0.6,0.07364577474606285,69,0.0,0.4196079876639715,0.4995245112884305,0.079916523624459
positive_charge,15013,32,(1.25+0j),0.6,0.07320773297837084,67,0.0,0.4196079876639715,0.5016575949626515,0.08204960729868
positive_charge,15014,32,(1.25+0j),0.6,0.06929050512774289,61,0.0,0.4196079876639715,0.4985973580837897,0.07898937041981818
positive_charge,15015,32,(1.25+0j),0.6,0.06826289282791956,74,0.0,0.4196079876639715,0.49622229706158566,0.07661430939761416
positive_charge,15016,32,(1.25+0j),0.6,0.06924579654172203,65,0.0,0.41960798766397145,0.500212812406188,0.08060482474221653
positive_charge,15017,32,(1.25+0j),0.6,0.06800864644385367,68,0.0,0.4196079876639715,0.49693426813430996,0.07732628047033846
positive_charge,15018,32,(1.25+0j),0.6,0.06902581565841268,66,0.0,0.4196079876639715,0.4997221869756066,0.0801141993116351
positive_charge,15019,32,(1.25+0j),0.6,0.06904064251821491,69,0.0,0.4196079876639715,0.49255174602547913,0.07294375836150763
positive_charge,15020,32,(1.25+0j),0.6,0.0701954709216808,68,0.0,0.41960798766397156,0.5016239428959108,0.08201595523193927
positive_charge,15021,32,(1.25+0j),0.6,0.06862886822434426,68,0.0,0.41960798766397145,0.5000920765840745,0.08048408892010306
positive_charge,15022,32,(1.25+0j),0.6,0.0690565802672622,70,0.0,0.41960798766397156,0.4962246526038628,0.07661666493989122
positive_charge,15023,32,(1.25+0j),0.6,0.07234434216934474,68,0.0,0.4196079876639715,0.49864782793760243,0.07903984027363092
positive_charge,15024,32,(1.25+0j),0.6,0.06741395792549501,77,0.0,0.41960798766397145,0.49710727284640366,0.07749928518243221
positive_charge,15025,32,(1.25+0j),0.6,0.08209731927960133,67,0.0,0.41960798766397156,0.5008857600425788,0.08127777237860723
positive_charge,15026,32,(1.25+0j),0.6,0.08485505558850215,68,0.0,0.41960798766397156,0.5015860551350096,0.08197806747103809
positive_charge,15027,32,(1.25+0j),0.6,0.0693441048222727,67,0.0,0.41960798766397156,0.49731737843870105,0.07770939077472949
positive_charge,15028,32,(1.25+0j),0.6,0.06766748636543093,62,0.0,0.4196079876639715,0.49931933313346544,0.07971134546949393
positive_charge,15029,32,(1.25+0j),0.6,0.07187636489087275,69,0.0,0.4196079876639715,0.49944478026783484,0.07983679260386334
positive_charge,15030,32,(1.25+0j),0.6,0.07225418000926495,66,0.0,0.4196079876639715,0.5000243086575181,0.08041632099354662
positive_charge,15031,32,(1.25+0j),0.6,0.06831807794223121,66,0.0,0.4196079876639715,0.5001528796170941,0.08054489195312259
positive_charge,15000,32,(1.5+0j),0.15,0.0019983505264199505,71,0.0,0.8798123803947876,0.8837518242272918,0.003939443832504219
positive_charge,15001,32,(1.5+0j),0.15,0.00235470309177126,66,0.0,0.8798123803947876,0.884081714895077,0.0042693345002894345
positive_charge,15002,32,(1.5+0j),0.15,0.0022958149669112305,75,0.0,0.8798123803947875,0.8841436380637635,0.0043312576689760185
positive_charge,15003,32,(1.5+0j),0.15,0.0020270977533800643,61,0.0,0.8798123803947875,0.8840622042840646,0.004249823889277082
positive_charge,15004,32,(1.5+0j),0.15,0.001952105043553681,66,0.0,0.8798123803947876,0.8831872357955279,0.0033748554007403397
positive_charge,15005,32,(1.5+0j),0.15,0.0018880860389522663,66,0.0,0.8798123803947875,0.8839903966198702,0.004178016225082737
positive_charge,15006,32,(1.5+0j),0.15,0.0018980163471130186,58,0.0,0.8798123803947874,0.8838061346567514,0.003993754261964022
positive_charge,15007,32,(1.5+0j),0.15,0.0018922548365866861,72,0.0,0.8798123803947875,0.8833021432945618,0.003489762899774318
positive_charge,15008,32,(1.5+0j),0.15,0.0019263753015048809,70,0.0,0.8798123803947874,0.8840192413072665,0.004206860912479127
positive_charge,15009,32,(1.5+0j),0.15,0.001890422808079576,72,0.0,0.8798123803947876,0.8838714935796883,0.004059113184900709
positive_charge,15010,32,(1.5+0j),0.15,0.002001672727909461,68,0.0,0.8798123803947875,0.8839058055554058,0.00409342516061828
positive_charge,15011,32,(1.5+0j),0.15,0.0020073355520915086,69,0.0,0.8798123803947876,0.8840545239650961,0.004242143570308499
positive_charge,15012,32,(1.5+0j),0.15,0.0020366925819858056,69,0.0,0.8798123803947876,0.8840066983958249,0.0041943180010373116
positive_charge,15013,32,(1.5+0j),0.15,0.0020237385353261213,67,0.0,0.8798123803947876,0.884104317753933,0.004291937359145348
positive_charge,15014,32,(1.5+0j),0.15,0.0019317852940670276,61,0.0,0.8798123803947874,0.8839619669278264,0.004149586533038985
positive_charge,15015,32,(1.5+0j),0.15,0.0019082605681829546,74,0.0,0.8798123803947875,0.883901797817031,0.0040894174222435575
positive_charge,15016,32,(1.5+0j),0.15,0.0019298535486245104,65,0.0,0.8798123803947876,0.8840422620608561,0.0042298816660685246
positive_charge,15017,32,(1.5+0j),0.15,0.0019036805684268688,68,0.0,0.8798123803947875,0.8838900655984093,0.004077685203621839
positive_charge,15018,32,(1.5+0j),0.15,0.001926421339065077,66,0.0,0.8798123803947876,0.8840194591238214,0.0042070787290338085
positive_charge,15019,32,(1.5+0j),0.15,0.001927932212490977,69,0.0,0.8798123803947876,0.8836611704108551,0.003848790016067527
positive_charge,15020,32,(1.5+0j),0.15,0.0019536517479909056,68,0.0,0.8798123803947874,0.884136624801089,0.004324244406301636
positive_charge,15021,32,(1.5+0j),0.15,0.001920411059909348,68,0.0,0.8798123803947876,0.8840785491398874,0.004266168745099774
positive_charge,15022,32,(1.5+0j),0.15,0.0019268670678981772,70,0.0,0.8798123803947876,0.8838876206427688,0.004075240247981227
positive_charge,15023,32,(1.5+0j),0.15,0.0020072709793792455,68,0.0,0.8798123803947876,0.8839725274759009,0.004160147081113341
positive_charge,15024,32,(1.5+0j),0.15,0.0018924797914678883,77,0.0,0.8798123803947876,0.8838786907630097,0.004066310368222137
positive_charge,15025,32,(1.5+0j),0.15,0.0022961582644953084,67,0.0,0.8798123803947875,0.8840931860974339,0.00428080570264644
positive_charge,15026,32,(1.5+0j),0.15,0.0023483833249379796,68,0.0,0.8798123803947876,0.8841180465705181,0.0043056661757304715
positive_charge,15027,32,(1.5+0j),0.15,0.0019312646121482182,67,0.0,0.8798123803947875,0.8839032242128194,0.004090843818031931
positive_charge,15028,32,(1.5+0j),0.15,0.00189645629372143,62,0.0,0.8798123803947876,0.8840109405515503,0.004198560156762676
positive_charge,15029,32,(1.5+0j),0.15,0.002000026380407082,69,0.0,0.8798123803947874,0.8840300515471965,0.004217671152409119
positive_charge,15030,32,(1.5+0j),0.15,0.0020082249650903903,66,0.0,0.8798123803947875,0.8840553464430132,0.004242966048225716
positive_charge,15031,32,(1.5+0j),0.15,0.0019076862399669916,66,0.0,0.8798123803947876,0.8840373375563764,0.0042249571615887715
positive_charge,15000,32,(1.5+0j),0.35,0.012144316310114117,71,0.0,0.7299424961838881,0.7499518588173772,0.02000936263348918
positive_charge,15001,32,(1.5+0j),0.35,0.014221391124950388,66,0.0,0.729942496183888,0.7515572686323427,0.021614772448454778
positive_charge,15002,32,(1.5+0j),0.35,0.013895755584826091,75,0.0,0.7299424961838881,0.7518544070431238,0.021911910859235717
positive_charge,15003,32,(1.5+0j),0.35,0.01230017015613168,61,0.0,0.7299424961838881,0.7514524384928478,0.02150994230895975
positive_charge,15004,32,(1.5+0j),0.35,0.011871027716686043,66,0.0,0.729942496183888,0.7471387897233392,0.01719629353945129
positive_charge,15005,32,(1.5+0j),0.35,0.011522075401440002,66,0.0,0.7299424961838881,0.7511194982939293,0.021177002110041254
positive_charge,15006,32,(1.5+0j),0.35,0.01157395225262432,58,0.0,0.7299424961838881,0.7502265349272755,0.020284038743387467
positive_charge,15007,32,(1.5+0j),0.35,0.011544079296170422,72,0.0,0.7299424961838881,0.7477103268479123,0.01776783066402421
positive_charge,15008,32,(1.5+0j),0.35,0.011727517351327163,70,0.0,0.7299424961838881,0.7512567550555012,0.02131425887161309
positive_charge,15009,32,(1.5+0j),0.35,0.011534667804215575,72,0.0,0.7299424961838882,0.7505576331191515,0.02061513693526329
positive_charge,15010,32,(1.5+0j),0.35,0.012162698181134374,68,0.0,0.729942496183888,0.7507061559573469,0.020763659773458953
positive_charge,15011,32,(1.5+0j),0.35,0.012193543886983764,69,0.0,0.7299424961838882,0.7514137152402257,0.02147121905633753
positive_charge,15012,32,(1.5+0j),0.35,0.012356716814265057,69,0.0,0.7299424961838881,0.751176235647531,0.02123373946364293
positive_charge,15013,32,(1.5+0j),0.35,0.012281558953734307,67,0.0,0.7299424961838881,0.751656966614705,0.02171447043081698
positive_charge,15014,32,(1.5+0j),0.35,0.011757311050499847,61,0.0,0.729942496183888,0.7509576667227006,0.021015170538812633
positive_charge,15015,32,(1.5+0j),0.35,0.011631861204888917,74,0.0,0.7299424961838881,0.7507070312344398,0.020764535050551758
positive_charge,15016,32,(1.5+0j),0.35,0.01175270833083403,65,0.0,0.7299424961838881,0.7513606405417336,0.021418144357845503
positive_charge,15017,32,(1.5+0j),0.35,0.011607490595392116,68,0.0,0.7299424961838881,0.7506140712192598,0.02067157503537176
positive_charge,15018,32,(1.5+0j),0.35,0.011735024494878583,66,0.0,0.7299424961838881,0.7512524847562543,0.021309988572366212
positive_charge,15019,32,(1.5+0j),0.35,0.011734798275807104,69,0.0,0.7299424961838878,0.7495163863365301,0.019573890152642215
positive_charge,15020,32,(1.5+0j),0.35,0.01187977243720806,68,0.0,0.729942496183888,0.7518236037565583,0.021881107572670366
positive_charge,15021,32,(1.5+0j),0.35,0.011693872974857439,68,0.0,0.7299424961838881,0.7515500908152861,0.021607594631398053
positive_charge,15022,32,(1.5+0j),0.35,0.011738003350146619,70,0.0,0.7299424961838882,0.7506308960269111,0.020688399843022953
positive_charge,15023,32,(1.5+0j),0.35,0.012193168659111296,68,0.0,0.7299424961838882,0.7510134315592255,0.02107093537533733
positive_charge,15024,32,(1.5+0j),0.35,0.01154634373870596,77,0.0,0.729942496183888,0.7505647825006965,0.020622286316808514
positive_charge,15025,32,(1.5+0j),0.35,0.01389713066605724,67,0.0,0.7299424961838881,0.751614787528328,0.02167229134443993
positive_charge,15026,32,(1.5+0j),0.35,0.014186598009636111,68,0.0,0.7299424961838881,0.7517319937571298,0.02178949757324178
positive_charge,15027,32,(1.5+0j),0.35,0.011761137089677739,67,0.0,0.7299424961838881,0.7506745766456951,0.02073208046180708
positive_charge,15028,32,(1.5+0j),0.35,0.011567406501826274,62,0.0,0.7299424961838881,0.7512137512544335,0.021271255070545392
positive_charge,15029,32,(1.5+0j),0.35,0.01215323719318795,69,0.0,0.7299424961838881,0.7513106971448892,0.021368200961001116
positive_charge,15030,32,(1.5+0j),0.35,0.012196368952531442,66,0.0,0.7299424961838881,0.7514291660639686,0.021486669880080522
positive_charge,15031,32,(1.5+0j),0.35,0.011629166310095302,66,0.0,0.7299424961838882,0.75133558885052,0.021393092666631808
positive_charge,15000,32,(1.5+0j),0.6,0.0414322609225763,71,0.0,0.5591099922963786,0.6129553171662531,0.05384532486987448
positive_charge,15001,32,(1.5+0j),0.6,0.04810463821447692,66,0.0,0.5591099922963786,0.6170100138682847,0.0579000215719061
positive_charge,15002,32,(1.5+0j),0.6,0.047128797938383704,75,0.0,0.5591099922963784,0.6177563277589965,0.058646335462618104
positive_charge,15003,32,(1.5+0j),0.6,0.04188710097763217,61,0.0,0.5591099922963784,0.616723154203741,0.05761316190736265
positive_charge,15004,32,(1.5+0j),0.6,0.040540776929601625,66,0.0,0.5591099922963784,0.6056698059316602,0.04655981363528183
positive_charge,15005,32,(1.5+0j),0.6,0.0395188699398166,66,0.0,0.5591099922963785,0.6159132743007943,0.05680328200441587
positive_charge,15006,32,(1.5+0j),0.6,0.03966205822227149,58,0.0,0.5591099922963783,0.6136600969352386,0.05455010463886034
positive_charge,15007,32,(1.5+0j),0.6,0.03958080896950982,72,0.0,0.5591099922963785,0.6071506599515549,0.04804066765517645
positive_charge,15008,32,(1.5+0j),0.6,0.040107513376987085,70,0.0,0.5591099922963785,0.6162601508274179,0.05715015853103944
positive_charge,15009,32,(1.5+0j),0.6,0.03955320979243328,72,0.0,0.5591099922963785,0.6145298617434679,0.05541986944708943
positive_charge,15010,32,(1.5+0j),0.6,0.041487147227626815,68,0.0,0.5591099922963785,0.6148690523162945,0.05575906001991604
positive_charge,15011,32,(1.5+0j),0.6,0.04157820857211991,69,0.0,0.5591099922963784,0.6166198536883831,0.05750986139200476
positive_charge,15012,32,(1.5+0j),0.6,0.042070339040676016,69,0.0,0.5591099922963784,0.6160042496698509,0.056894257373472534
positive_charge,15013,32,(1.5+0j),0.6,0.041831169821747366,67,0.0,0.5591099922963785,0.6172400953835926,0.05813010308721411
positive_charge,15014,32,(1.5+0j),0.6,0.04019718802044021,61,0.0,0.5591099922963784,0.6154415770427761,0.05633158474639777
positive_charge,15015,32,(1.5+0j),0.6,0.03983922556430493,74,0.0,0.5591099922963785,0.6149062501452186,0.055796257848840125
positive_charge,15016,32,(1.5+0j),0.6,0.04020866992255135,65,0.0,0.5591099922963784,0.616501284417549,0.05739129212117067
positive_charge,15017,32,(1.5+0j),0.6,0.039771307760335044,68,0.0,0.5591099922963785,0.6145831980784664,0.05547320578208792
positive_charge,15018,32,(1.5+0j),0.6,0.04016076552735159,66,0.0,0.5591099922963785,0.6162380952514981,0.05712810295511961
positive_charge,15019,32,(1.5+0j),0.6,0.04012428881841731,69,0.0,0.5591099922963785,0.6118615013354634,0.052751509039084876
positive_charge,15020,32,(1.5+0j),0.6,0.040569788200657424,68,0.0,0.5591099922963785,0.6176862558445069,0.05857626354812839
positive_charge,15021,32,(1.5+0j),0.6,0.040005064576338574,68,0.0,0.5591099922963785,0.6170120300210962,0.05790203772471769
positive_charge,15022,32,(1.5+0j),0.6,0.040171594369740576,70,0.0,0.5591099922963784,0.6147031466448899,0.05559315434851153
positive_charge,15023,32,(1.5+0j),0.6,0.04157703888235925,68,0.0,0.5591099922963785,0.615594812086594,0.05648481979021547
positive_charge,15024,32,(1.5+0j),0.6,0.03959128513747114,77,0.0,0.5591099922963784,0.6144923254336001,0.05538233313722174
positive_charge,15025,32,(1.5+0j),0.6,0.047130936251539884,67,0.0,0.5591099922963784,0.617163587933101,0.05805359563672263
positive_charge,15026,32,(1.5+0j),0.6,0.0480009352680568,68,0.0,0.5591099922963784,0.6174501204729765,0.05834012817659817
positive_charge,15027,32,(1.5+0j),0.6,0.04023640482296204,67,0.0,0.5591099922963786,0.6147279361547731,0.05561794385839447
positive_charge,15028,32,(1.5+0j),0.6,0.03965109988167535,62,0.0,0.5591099922963785,0.6161400923080925,0.05703010001171405
positive_charge,15029,32,(1.5+0j),0.6,0.04145787809000532,69,0.0,0.5591099922963784,0.6164020351598369,0.05729204286345857
positive_charge,15030,32,(1.5+0j),0.6,0.04157687702537172,66,0.0,0.5591099922963786,0.6166903265845736,0.05758033428819498
positive_charge,15031,32,(1.5+0j),0.6,0.03983511265388282,66,0.0,0.5591099922963785,0.6164329131661226,0.05732292086974411
positive_charge,15000,32,(2+0j),0.15,0.0008065323410965536,71,0.0,0.9328891720445975,0.9345108697341066,0.0016216976895090385
positive_charge,15001,32,(2+0j),0.15,0.0009130614799069515,66,0.0,0.9328891720445975,0.9346141794595746,0.0017250074149770533
positive_charge,15002,32,(2+0j),0.15,0.0009067225241256514,75,0.0,0.9328891720445975,0.9346277412625374,0.0017385692179399115
positive_charge,15003,32,(2+0j),0.15,0.0008087037125565458,61,0.0,0.9328891720445975,0.9345984781869242,0.001709306142326672
positive_charge,15004,32,(2+0j),0.15,0.0007943743734147225,66,0.0,0.9328891720445976,0.9343475753217101,0.0014584032771124411
positive_charge,15005,32,(2+0j),0.15,0.0007863945677962413,66,0.0,0.9328891720445975,0.9345950949203179,0.001705922875720356
positive_charge,15006,32,(2+0j),0.15,0.0007872207813076855,58,0.0,0.9328891720445975,0.9345431546940683,0.0016539826494708088
positive_charge,15007,32,(2+0j),0.15,0.000786621042939227,72,0.0,0.9328891720445975,0.9343708013094565,0.0014816292648589524
positive_charge,15008,32,(2+0j),0.15,0.0007905139530083448,70,0.0,0.9328891720445975,0.9345990883264191,0.0017099162818215996
positive_charge,15009,32,(2+0j),0.15,0.0007865139583226863,72,0.0,0.9328891720445975,0.9345740608194654,0.001684888774867832
positive_charge,15010,32,(2+0j),0.15,0.0008067300984232826,68,0.0,0.9328891720445974,0.9345651795367863,0.0016760074921888801
positive_charge,15011,32,(2+0j),0.15,0.0008070837986664266,69,0.0,0.9328891720445974,0.934599272146504,0.001710100101906531
positive_charge,15012,32,(2+0j),0.15,0.0008111980809996043,69,0.0,0.9328891720445974,0.9345815832258514,0.001692411181253961
positive_charge,15013,32,(2+0j),0.15,0.0008085531749372143,67,0.0,0.9328891720445974,0.9346108611834293,0.0017216891388318611
positive_charge,15014,32,(2+0j),0.15,0.0007910270877099511,61,0.0,0.9328891720445975,0.9345717453120127,0.001682573267415166
positive_charge,15015,32,(2+0j),0.15,0.0007879159641902885,74,0.0,0.9328891720445974,0.9345855941960503,0.0016964221514528255
positive_charge,15016,32,(2+0j),0.15,0.0007912398610695128,65,0.0,0.9328891720445974,0.9345988667420757,0.0017096946974782812
positive_charge,15017,32,(2+0j),0.15,0.0007876307595209643,68,0.0,0.9328891720445974,0.9345570628270989,0.0016678907825015132
positive_charge,15018,32,(2+0j),0.15,0.0007910506246213001,66,0.0,0.9328891720445974,0.9345918560351865,0.0017026839905890379
positive_charge,15019,32,(2+0j),0.15,0.0007905663783576698,69,0.0,0.9328891720445975,0.9344915997531587,0.001602427708561116
positive_charge,15020,32,(2+0j),0.15,0.0007944296582016713,68,0.0,0.9328891720445974,0.9346297497993997,0.0017405777548022972
positive_charge,15021,32,(2+0j),0.15,0.0007899939349957792,68,0.0,0.9328891720445973,0.9346217019642522,0.0017325299196548904
positive_charge,15022,32,(2+0j),0.15,0.0007910992904957974,70,0.0,0.9328891720445974,0.9345731636849308,0.0016839916403333932
positive_charge,15023,32,(2+0j),0.15,0.0008070849813983538,68,0.0,0.9328891720445974,0.934576439740704,0.001687267696106609
positive_charge,15024,32,(2+0j),0.15,0.0007866268429595594,77,0.0,0.9328891720445974,0.9345824600966645,0.0016932880520670324
positive_charge,15025,32,(2+0j),0.15,0.0009067807117133215,67,0.0,0.9328891720445974,0.9346197460951492,0.0017305740505517697
positive_charge,15026,32,(2+0j),0.15,0.0009125882982726365,68,0.0,0.9328891720445975,0.9346227294847754,0.0017335574401778908
positive_charge,15027,32,(2+0j),0.15,0.0007913238098360133,67,0.0,0.9328891720445975,0.9345586221316179,0.0016694500870203521
positive_charge,15028,32,(2+0j),0.15,0.000786843332107297,62,0.0,0.9328891720445975,0.9345950433333947,0.0017058712887971783
positive_charge,15029,32,(2+0j),0.15,0.000806587276706921,69,0.0,0.9328891720445973,0.9346021615991754,0.0017129895545781038
positive_charge,15030,32,(2+0j),0.15,0.0008073290836247309,66,0.0,0.9328891720445975,0.9346061360089072,0.001716963964309648
positive_charge,15031,32,(2+0j),0.15,0.0007878184315916395,66,0.0,0.9328891720445974,0.9345952750795767,0.0017061030349793116
positive_charge,15000,32,(2+0j),0.35,0.004725892185223188,71,0.0,0.8451173531161389,0.8537415951385733,0.008624242022434392
positive_charge,15001,32,(2+0j),0.35,0.005327815335288059,66,0.0,0.8451173531161389,0.8542710828112189,0.009153729695079993
positive_charge,15002,32,(2+0j),0.35,0.0052931219254889915,75,0.0,0.845117353116139,0.8543394418633459,0.009222088747206869
positive_charge,15003,32,(2+0j),0.35,0.004737579818794303,61,0.0,0.845117353116139,0.8541891531053305,0.009071799989191498
positive_charge,15004,32,(2+0j),0.35,0.0046577215486263545,66,0.0,0.8451173531161389,0.8529103666371572,0.007793013521018355
positive_charge,15005,32,(2+0j),0.35,0.004614681139400929,66,0.0,0.845117353116139,0.8541737852742355,0.009056432158096483
positive_charge,15006,32,(2+0j),0.35,0.004619008007756088,58,0.0,0.8451173531161389,0.8539085351054151,0.008791181989276198
positive_charge,15007,32,(2+0j),0.35,0.0046158751842347075,72,0.0,0.8451173531161389,0.8530264301131024,0.007909076996963527
positive_charge,15008,32,(2+0j),0.35,0.004636541056388919,70,0.0,0.8451173531161391,0.8541936165640921,0.009076263447952981
positive_charge,15009,32,(2+0j),0.35,0.004615322590948859,72,0.0,0.8451173531161388,0.8540676628639932,0.00895030974785438
positive_charge,15010,32,(2+0j),0.35,0.004726974634617939,68,0.0,0.8451173531161389,0.8540196868761682,0.008902333760029357
positive_charge,15011,32,(2+0j),0.35,0.004728897707969004,69,0.0,0.8451173531161389,0.8541927398765311,0.009075386760392212
positive_charge,15012,32,(2+0j),0.35,0.004751450803811936,69,0.0,0.845117353116139,0.8541011854946434,0.00898383237850442
positive_charge,15013,32,(2+0j),0.35,0.004736753651415488,67,0.0,0.845117353116139,0.8542522946438064,0.009134941527667362
positive_charge,15014,32,(2+0j),0.35,0.004639347382665587,61,0.0,0.8451173531161389,0.8540507019077272,0.008933348791588358
positive_charge,15015,32,(2+0j),0.35,0.004622931853175677,74,0.0,0.8451173531161388,0.854127497856805,0.009010144740666193
positive_charge,15016,32,(2+0j),0.35,0.004641186586888246,65,0.0,0.8451173531161389,0.8541919383375456,0.009074585221406695
positive_charge,15017,32,(2+0j),0.35,0.00462141445512485,68,0.0,0.8451173531161389,0.853976713952887,0.008859360836748098
positive_charge,15018,32,(2+0j),0.35,0.004640206641976237,66,0.0,0.8451173531161389,0.8541560401498711,0.009038687033732229
positive_charge,15019,32,(2+0j),0.35,0.004636774401344814,69,0.0,0.845117353116139,0.8536442745896271,0.008526921473488103
positive_charge,15020,32,(2+0j),0.35,0.004658032136841759,68,0.0,0.8451173531161388,0.8543496818072712,0.009232328691132441
positive_charge,15021,32,(2+0j),0.35,0.00463367746245856,68,0.0,0.845117353116139,0.8543093909734606,0.009192037857321589
positive_charge,15022,32,(2+0j),0.35,0.004640486780170643,70,0.0,0.845117353116139,0.8540629553804983,0.008945602264359254
positive_charge,15023,32,(2+0j),0.35,0.004728904237925747,68,0.0,0.8451173531161389,0.8540750527070194,0.008957699590880552
positive_charge,15024,32,(2+0j),0.35,0.004615951808470363,77,0.0,0.8451173531161389,0.854111864249143,0.00899451113300409
positive_charge,15025,32,(2+0j),0.35,0.005293413634110823,67,0.0,0.845117353116139,0.8542992401470496,0.009181887030910607
positive_charge,15026,32,(2+0j),0.35,0.005325232200479215,68,0.0,0.8451173531161389,0.8543141338085628,0.009196780692423911
positive_charge,15027,32,(2+0j),0.35,0.004641678390839479,67,0.0,0.8451173531161389,0.8539845310098746,0.0088671778937357
positive_charge,15028,32,(2+0j),0.35,0.004617098297329777,62,0.0,0.845117353116139,0.8541728198124244,0.00905546669628543
positive_charge,15029,32,(2+0j),0.35,0.004726185254100381,69,0.0,0.8451173531161389,0.8542090839853645,0.009091730869225656
positive_charge,15030,32,(2+0j),0.35,0.004730080495591194,66,0.0,0.845117353116139,0.8542289916020072,0.009111638485868157
positive_charge,15031,32,(2+0j),0.35,0.004622425600706108,66,0.0,0.845117353116139,0.8541729346216,0.009055581505461041
positive_charge,15000,32,(2+0j),0.6,0.015301870177700254,71,0.0,0.7382454592838783,0.762851638482605,0.024606179198726652
positive_charge,15001,32,(2+0j),0.6,0.0171566115357475,66,0.0,0.7382454592838783,0.7642873444416358,0.026041885157757516
positive_charge,15002,32,(2+0j),0.6,0.017053983902066836,75,0.0,0.7382454592838782,0.7644698275296141,0.02622436824573593
positive_charge,15003,32,(2+0j),0.6,0.015335699187222529,61,0.0,0.7382454592838781,0.7640610499662225,0.025815590682344403
positive_charge,15004,32,(2+0j),0.6,0.015093957485090575,66,0.0,0.7382454592838782,0.7606129637803972,0.02236750449651903
positive_charge,15005,32,(2+0j),0.6,0.014969159307742822,66,0.0,0.7382454592838782,0.7640248002725646,0.025779340988686394
positive_charge,15006,32,(2+0j),0.6,0.014981217461028274,58,0.0,0.7382454592838783,0.7633074410054703,0.02506198172159202
positive_charge,15007,32,(2+0j),0.6,0.014972521422580045,72,0.0,0.7382454592838782,0.7609203262112625,0.022674866927384296
positive_charge,15008,32,(2+0j),0.6,0.015031161877296289,70,0.0,0.7382454592838784,0.7640772340927349,0.025831774808856456
positive_charge,15009,32,(2+0j),0.6,0.014970950405069664,72,0.0,0.7382454592838781,0.7637418985035654,0.02549643921968736
positive_charge,15010,32,(2+0j),0.6,0.015305066239816877,68,0.0,0.7382454592838781,0.763605135370378,0.025359676086499916
positive_charge,15011,32,(2+0j),0.6,0.015310715391909627,69,0.0,0.7382454592838782,0.7640685649386619,0.02582310565478374
positive_charge,15012,32,(2+0j),0.6,0.015377558863148738,69,0.0,0.7382454592838783,0.7638169684125256,0.025571509128647252
positive_charge,15013,32,(2+0j),0.6,0.0153332467292746,67,0.0,0.7382454592838783,0.7642312741587397,0.0259858148748614
positive_charge,15014,32,(2+0j),0.6,0.015039471171197407,61,0.0,0.7382454592838782,0.763680575573304,0.025435116289425852
positive_charge,15015,32,(2+0j),0.6,0.014993227649996967,74,0.0,0.7382454592838782,0.7639055463917654,0.025660087107887253
positive_charge,15016,32,(2+0j),0.6,0.015047511854362755,65,0.0,0.7382454592838782,0.7640705893329413,0.02582513004906306
positive_charge,15017,32,(2+0j),0.6,0.014988947564217344,68,0.0,0.7382454592838782,0.7634822903806806,0.025236831096802415
positive_charge,15018,32,(2+0j),0.6,0.015044823513773814,66,0.0,0.7382454592838783,0.7639736714488538,0.02572821216497545
positive_charge,15019,32,(2+0j),0.6,0.015031652541117204,69,0.0,0.7382454592838783,0.7625911244331085,0.0243456651492302
positive_charge,15020,32,(2+0j),0.6,0.015094968255482148,68,0.0,0.7382454592838782,0.7644975231754255,0.026252063891547328
positive_charge,15021,32,(2+0j),0.6,0.01502264284669307,68,0.0,0.7382454592838782,0.7643907925839833,0.026145333300105156
positive_charge,15022,32,(2+0j),0.6,0.01504570258408176,70,0.0,0.7382454592838783,0.7637284637394895,0.025483004455611247
positive_charge,15023,32,(2+0j),0.6,0.015310735051361572,68,0.0,0.7382454592838782,0.7637477972862883,0.025502338002410085
positive_charge,15024,32,(2+0j),0.6,0.014972911185250272,77,0.0,0.7382454592838783,0.7638643262422491,0.02561886695837079
positive_charge,15025,32,(2+0j),0.6,0.01705474819644486,67,0.0,0.7382454592838782,0.764362816922693,0.026117357638814842
positive_charge,15026,32,(2+0j),0.6,0.017148994672471506,68,0.0,0.7382454592838783,0.7644021276157777,0.026156668331899446
positive_charge,15027,32,(2+0j),0.6,0.015049089189356688,67,0.0,0.7382454592838783,0.7635022819413371,0.025256822657458766
positive_charge,15028,32,(2+0j),0.6,0.014976166019597089,62,0.0,0.7382454592838783,0.7640200330869821,0.025774573803103773
positive_charge,15029,32,(2+0j),0.6,0.015302710821602918,69,0.0,0.7382454592838782,0.7641183697278277,0.02587291044394946
positive_charge,15030,32,(2+0j),0.6,0.015313582516922518,66,0.0,0.7382454592838783,0.7641711290880115,0.025925669804133245
positive_charge,15031,32,(2+0j),0.6,0.014991891794460846,66,0.0,0.7382454592838783,0.764017006213017,0.025771546929138744
positive_charge,15000,32,(1.5+0.75j),0.15,0.0018403106764493477,71,0.0,0.9401507633704547,0.9441322849069056,0.003981521536450927
positive_charge,15001,32,(1.5+0.75j),0.15,0.0021110042805253513,66,0.0,0.9399403040730416,0.9440690371603847,0.004128733087343073
positive_charge,15002,32,(1.5+0.75j),0.15,0.002133686090893735,75,0.0,0.9398814723159324,0.9441787544155178,0.004297282099585353
positive_charge,15003,32,(1.5+0.75j),0.15,0.0018286821588361995,61,0.0,0.9399912923914194,0.9441147236339217,0.004123431242502251
positive_charge,15004,32,(1.5+0.75j),0.15,0.0018246969544966883,66,0.0,0.9399045005687744,0.9435064713983584,0.0036019708295840225
positive_charge,15005,32,(1.5+0.75j),0.15,0.0018126318416600271,66,0.0,0.939874165684203,0.9441922633301442,0.004318097645941155
positive_charge,15006,32,(1.5+0.75j),0.15,0.001815682508555269,58,0.0,0.9401378309976218,0.9442144869428113,0.004076655945189467
positive_charge,15007,32,(1.5+0.75j),0.15,0.0018116759330997559,72,0.0,0.9399528235208459,0.943585337286509,0.0036325137656630924
positive_charge,15008,32,(1.5+0.75j),0.15,0.0018249042699744918,70,0.0,0.9399239885909232,0.9441192651133304,0.004195276522407254
positive_charge,15009,32,(1.5+0.75j),0.15,0.0018106417637288933,72,0.0,0.9399274522146214,0.9441053234411709,0.0041778712265495566
positive_charge,15010,32,(1.5+0.75j),0.15,0.0018371508848088077,68,0.0,0.9400866755216403,0.9440751168490362,0.003988441327395953
positive_charge,15011,32,(1.5+0.75j),0.15,0.0018334325363766478,69,0.0,0.9399293394344462,0.9441188991502308,0.004189559715784608
positive_charge,15012,32,(1.5+0.75j),0.15,0.001831424480899259,69,0.0,0.939943210578229,0.9440046952583306,0.00406148468010159
positive_charge,15013,32,(1.5+0.75j),0.15,0.0018318633036363485,67,0.0,0.9399488735294348,0.9441061713429343,0.004157297813499494
positive_charge,15014,32,(1.5+0.75j),0.15,0.0018230626262929891,61,0.0,0.9398821195928639,0.9441174304806301,0.004235310887766186
positive_charge,15015,32,(1.5+0.75j),0.15,0.0018008952627275557,74,0.0,0.9401291098563398,0.9441084436608487,0.003979333804508878
positive_charge,15016,32,(1.5+0.75j),0.15,0.0018012627141034416,65,0.0,0.9399061192170365,0.9441549439604044,0.004248824743367963
positive_charge,15017,32,(1.5+0.75j),0.15,0.0018013041932320544,68,0.0,0.9399018161537704,0.9439823256925309,0.004080509538760491
positive_charge,15018,32,(1.5+0.75j),0.15,0.0018016850142509643,66,0.0,0.9400502259867723,0.9440477110674207,0.003997485080648344
positive_charge,15019,32,(1.5+0.75j),0.15,0.0018273099540254455,69,0.0,0.9402586109834534,0.94419934455787,0.0039407335744165994
positive_charge,15020,32,(1.5+0.75j),0.15,0.001823828486889128,68,0.0,0.939897770140561,0.9441841674027719,0.004286397262210917
positive_charge,15021,32,(1.5+0.75j),0.15,0.0018325069474129409,68,0.0,0.93984585118342,0.9441509028131104,0.004305051629690415
positive_charge,15022,32,(1.5+0.75j),0.15,0.0018001633338847324,70,0.0,0.9400593759110538,0.9441122606025922,0.0040528846915384165
positive_charge,15023,32,(1.5+0.75j),0.15,0.0018333079479117295,68,0.0,0.9399160990018905,0.9440322206253478,0.004116121623457203
positive_charge,15024,32,(1.5+0.75j),0.15,0.0018090733813743677,77,0.0,0.9399870521108514,0.9441186931813383,0.004131641070486913
positive_charge,15025,32,(1.5+0.75j),0.15,0.0021358502785322688,67,0.0,0.9398711307973593,0.9441324729763139,0.004261342178954575
positive_charge,15026,32,(1.5+0.75j),0.15,0.0021164358433225353,68,0.0,0.9399535939108513,0.9441183917255734,0.004164797814722121
positive_charge,15027,32,(1.5+0.75j),0.15,0.0017977107763955463,67,0.0,0.9398782693722255,0.9440170563611902,0.004138786988964638
positive_charge,15028,32,(1.5+0.75j),0.15,0.0018086728624134066,62,0.0,0.93986321393618,0.9441825674025809,0.004319353466400888
positive_charge,15029,32,(1.5+0.75j),0.15,0.001839806944475312,69,0.0,0.9398831064572385,0.9440644667907581,0.004181360333519568
positive_charge,15030,32,(1.5+0.75j),0.15,0.0018424505108032782,66,0.0,0.9399322035619797,0.9440915284871104,0.004159324925130714
positive_charge,15031,32,(1.5+0.75j),0.15,0.0018019293937816766,66,0.0,0.9400121113703153,0.9440083865157379,0.0039962751454226675
positive_charge,15000,32,(1.5+0.75j),0.35,0.010941607166227368,71,0.0,0.8582599479104773,0.8799241594366399,0.021664211526162602
positive_charge,15001,32,(1.5+0.75j),0.35,0.01250011270390595,66,0.0,0.8571132375338884,0.8795675001960122,0.022454262662123803
positive_charge,15002,32,(1.5+0.75j),0.35,0.012610215867539546,75,0.0,0.8568343122632901,0.8801455268580151,0.02331121459472496
positive_charge,15003,32,(1.5+0.75j),0.35,0.010881360666010354,61,0.0,0.8573931145972247,0.8798384758763499,0.02244536127912522
positive_charge,15004,32,(1.5+0.75j),0.35,0.0108362244106223,66,0.0,0.8570415281004029,0.8768206225689559,0.01977909446855297
positive_charge,15005,32,(1.5+0.75j),0.35,0.010764191006788264,66,0.0,0.856826822510954,0.8802142677049585,0.023387445194004486
positive_charge,15006,32,(1.5+0.75j),0.35,0.010781534718922637,58,0.0,0.85817226271959,0.8803205146019687,0.022148251882378678
positive_charge,15007,32,(1.5+0.75j),0.35,0.010759369053214245,72,0.0,0.8572631277085634,0.8771814616634405,0.019918333954877077
positive_charge,15008,32,(1.5+0.75j),0.35,0.010828373387255346,70,0.0,0.8570785693346806,0.8798592459310661,0.022780676596385496
positive_charge,15009,32,(1.5+0.75j),0.35,0.010753030391442906,72,0.0,0.8571081044960169,0.8797946199878512,0.022686515491834314
positive_charge,15010,32,(1.5+0.75j),0.35,0.010924332561790732,68,0.0,0.8578929198949032,0.8796180213090906,0.021725101414187376
positive_charge,15011,32,(1.5+0.75j),0.35,0.010905022766808138,69,0.0,0.8570473223025101,0.8798073499672708,0.022760027664760707
positive_charge,15012,32,(1.5+0.75j),0.35,0.01090322047876228,69,0.0,0.857119991429078,0.8791999238027729,0.022079932373694877
positive_charge,15013,32,(1.5+0.75j),0.35,0.010899261394978352,67,0.0,0.8571698414120941,0.8797970538426894,0.02262721243059529
positive_charge,15014,32,(1.5+0.75j),0.35,0.010819901528759222,61,0.0,0.856813646443678,0.8797337432453841,0.022920096801706147
positive_charge,15015,32,(1.5+0.75j),0.35,0.010702959879563843,74,0.0,0.8580883578831543,0.8798126105185792,0.02172425263542488
positive_charge,15016,32,(1.5+0.75j),0.35,0.010713216971521507,65,0.0,0.856977104106263,0.8800321926877875,0.023055088581524497
positive_charge,15017,32,(1.5+0.75j),0.35,0.010706096431523827,68,0.0,0.8569212929599886,0.8790114467664214,0.022090153806432755
positive_charge,15018,32,(1.5+0.75j),0.35,0.010714142651650254,66,0.0,0.8576875951289489,0.8795062056178764,0.021818610488927526
positive_charge,15019,32,(1.5+0.75j),0.35,0.010841785077540191,69,0.0,0.8588160743668098,0.8802422448396636,0.02142617047285378
positive_charge,15020,32,(1.5+0.75j),0.35,0.010831192513028779,68,0.0,0.8569326223013769,0.8801513091927055,0.023218686891328555
positive_charge,15021,32,(1.5+0.75j),0.35,0.010868610347890703,68,0.0,0.8566699706023873,0.8799666225731554,0.023296651970768134
positive_charge,15022,32,(1.5+0.75j),0.35,0.010705686049149623,70,0.0,0.8577395994859068,0.8798264286018854,0.02208682911597859
positive_charge,15023,32,(1.5+0.75j),0.35,0.010904338440356686,68,0.0,0.8569841779115277,0.879315883937341,0.022331706025813247
positive_charge,15024,32,(1.5+0.75j),0.35,0.010744350118674854,77,0.0,0.857407624009793,0.8798551252516316,0.022447501241838586
positive_charge,15025,32,(1.5+0.75j),0.35,0.012621808262290805,67,0.0,0.8567931719204793,0.879918665660524,0.02312549374004469
positive_charge,15026,32,(1.5+0.75j),0.35,0.012528362121984661,68,0.0,0.8571731688906368,0.8798402868093884,0.022667117918751645
positive_charge,15027,32,(1.5+0.75j),0.35,0.01069342051009006,67,0.0,0.8568001604629376,0.8791929320095822,0.02239277154664454
positive_charge,15028,32,(1.5+0.75j),0.35,0.010741527564039342,62,0.0,0.8567817428571887,0.880164730718135,0.02338298786094628
positive_charge,15029,32,(1.5+0.75j),0.35,0.010938691123080015,69,0.0,0.856848845558746,0.8795996583124277,0.022750812753681737
positive_charge,15030,32,(1.5+0.75j),0.35,0.010953262846436424,66,0.0,0.8570934120173305,0.8797305571785089,0.02263714516117843
positive_charge,15031,32,(1.5+0.75j),0.35,0.010707268240173966,66,0.0,0.8574751732030347,0.8793146229931047,0.02183944979007002
positive_charge,15000,32,(1.5+0.75j),0.6,0.036013000158355436,71,0.0,0.752694378996467,0.8163775152152078,0.06368313621874089
positive_charge,15001,32,(1.5+0.75j),0.6,0.040934507715604515,66,0.0,0.7493443637760433,0.8152929525359263,0.06594858875988296
positive_charge,15002,32,(1.5+0.75j),0.6,0.041199640596391925,75,0.0,0.7486771285946832,0.8169420103315173,0.0682648817368341
positive_charge,15003,32,(1.5+0.75j),0.6,0.03584951782598094,61,0.0,0.7501935933195415,0.8161698925768267,0.06597629925728521
positive_charge,15004,32,(1.5+0.75j),0.6,0.03561847417267302,66,0.0,0.7496809535929568,0.8084573720779015,0.05877641848494464
positive_charge,15005,32,(1.5+0.75j),0.6,0.035375963165336144,66,0.0,0.7487858603141514,0.8171204392006538,0.0683345788865024
positive_charge,15006,32,(1.5+0.75j),0.6,0.03542910018223886,58,0.0,0.7524223969951982,0.8173779063658927,0.0649555093706945
positive_charge,15007,32,(1.5+0.75j),0.6,0.03536312034332134,72,0.0,0.7501642067893389,0.809231572579253,0.05906736578991412
positive_charge,15008,32,(1.5+0.75j),0.6,0.03555619100311199,70,0.0,0.749424813910494,0.8162033339387279,0.06677852002823392
positive_charge,15009,32,(1.5+0.75j),0.6,0.03534352048570457,72,0.0,0.7495646931402897,0.8160565155026557,0.06649182236236595
positive_charge,15010,32,(1.5+0.75j),0.6,0.03596239862107534,68,0.0,0.7515588699918263,0.8155031826718618,0.06394431268003553
positive_charge,15011,32,(1.5+0.75j),0.6,0.035909809896243,69,0.0,0.7491387574333878,0.8158476797908566,0.06670892235746884
positive_charge,15012,32,(1.5+0.75j),0.6,0.03594344030921959,69,0.0,0.7493434591679106,0.8141017715792569,0.06475831241134633
positive_charge,15013,32,(1.5+0.75j),0.6,0.03590398112173313,67,0.0,0.7495609655167003,0.8160697640799223,0.066508798563222
positive_charge,15014,32,(1.5+0.75j),0.6,0.03553760749088526,61,0.0,0.7485503591090517,0.8153882442899921,0.06683788518094047
positive_charge,15015,32,(1.5+0.75j),0.6,0.035210187378197776,74,0.0,0.752018650767088,0.8161163290929904,0.06409767832590241
positive_charge,15016,32,(1.5+0.75j),0.6,0.03527264086943138,65,0.0,0.7491466910092195,0.816657351411662,0.06751066040244247
positive_charge,15017,32,(1.5+0.75j),0.6,0.0352210548782774,68,0.0,0.7488692963238066,0.8132960306904533,0.0644267343666467
positive_charge,15018,32,(1.5+0.75j),0.6,0.035270809105828686,66,0.0,0.7509282685511007,0.8153065929176337,0.06437832436653301
positive_charge,15019,32,(1.5+0.75j),0.6,0.03559613362454548,69,0.0,0.7541972891916611,0.8171556903727517,0.06295840118109064
positive_charge,15020,32,(1.5+0.75j),0.6,0.03560108177079865,68,0.0,0.7490547755755876,0.8168081631185403,0.06775338754295268
positive_charge,15021,32,(1.5+0.75j),0.6,0.035668249684307436,68,0.0,0.7483708183333891,0.8162504486701733,0.06787963033678412
positive_charge,15022,32,(1.5+0.75j),0.6,0.035245560508917764,70,0.0,0.7510891154346663,0.8161366506811795,0.06504753524651319
positive_charge,15023,32,(1.5+0.75j),0.6,0.035907805392269954,68,0.0,0.7489934636239188,0.8143202638527337,0.06532680022881487
positive_charge,15024,32,(1.5+0.75j),0.6,0.03531655669108926,77,0.0,0.7503506311038527,0.816193358943196,0.0658427278393433
positive_charge,15025,32,(1.5+0.75j),0.6,0.0412331209924607,67,0.0,0.748602325417286,0.8163749724336675,0.06777264701638153
positive_charge,15026,32,(1.5+0.75j),0.6,0.04101155631892833,68,0.0,0.7494737626020519,0.8161158774403183,0.06664211483826643
positive_charge,15027,32,(1.5+0.75j),0.6,0.035213719521309715,67,0.0,0.7485413864143275,0.8138101317358347,0.06526874532150717
positive_charge,15028,32,(1.5+0.75j),0.6,0.035306274710166834,62,0.0,0.7487090345917512,0.8169888393084059,0.06827980471665474
positive_charge,15029,32,(1.5+0.75j),0.6,0.036003821858181,69,0.0,0.7487429898415339,0.8155792999450024,0.06683631010346858
positive_charge,15030,32,(1.5+0.75j),0.6,0.036047215833897354,66,0.0,0.7493711557011267,0.8159078020670947,0.06653664636596801
positive_charge,15031,32,(1.5+0.75j),0.6,0.03521663922934199,66,0.0,0.750297510850411,0.8148641891189027,0.06456667826849172
positive_charge,15000,64,(1.25+0j),0.15,0.0031468162772938196,138,0.0,0.8247068077710358,0.8315410280214677,0.006834220250431899
positive_charge,15001,64,(1.25+0j),0.15,0.0031365819399787123,138,0.0,0.8247068077710358,0.83122397697826,0.006517169207224227
positive_charge,15002,64,(1.25+0j),0.15,0.003027338229486129,138,0.0,0.8247068077710358,0.8310349817443791,0.006328173973343287
positive_charge,15003,64,(1.25+0j),0.15,0.0031519709282470513,123,0.0,0.8247068077710358,0.8316749663959269,0.006968158624891085
positive_charge,15004,64,(1.25+0j),0.15,0.003241254116378758,133,0.0,0.8247068077710358,0.831554076168749,0.006847268397713213
positive_charge,15005,64,(1.25+0j),0.15,0.004024813117531849,133,0.0,0.8247068077710358,0.8316662790562599,0.006959471285224117
positive_charge,15006,64,(1.25+0j),0.15,0.0030047919294200255,121,0.0,0.8247068077710358,0.8312512836165226,0.006544475845486786
positive_charge,15007,64,(1.25+0j),0.15,0.0031033125834498574,136,0.0,0.8247068077710357,0.8314971114814216,0.006790303710385914
positive_charge,15008,64,(1.25+0j),0.15,0.0030985255904464833,142,0.0,0.8247068077710358,0.8314317359887553,0.006724928217719528
positive_charge,15009,64,(1.25+0j),0.15,0.00304897072882785,133,0.0,0.8247068077710357,0.8307298554230672,0.0060230476520315435
positive_charge,15010,64,(1.25+0j),0.15,0.0032685285921184313,135,0.0,0.8247068077710357,0.8313662993911434,0.006659491620107705
positive_charge,15011,64,(1.25+0j),0.15,0.0037616316306836642,141,0.0,0.8247068077710359,0.8316496620912152,0.00694285432017927
positive_charge,15012,64,(1.25+0j),0.15,0.00306323119661443,126,0.0,0.8247068077710359,0.8300963638840514,0.005389556113015503
positive_charge,15013,64,(1.25+0j),0.15,0.003304939336867096,136,0.0,0.8247068077710358,0.8315850523797309,0.006878244608695128
positive_charge,15014,64,(1.25+0j),0.15,0.0030459729115102667,129,0.0,0.8247068077710358,0.8300734378686465,0.005366630097610736
positive_charge,15015,64,(1.25+0j),0.15,0.003070135743485896,147,0.0,0.8247068077710357,0.8310500826679678,0.006343274896932094
positive_charge,15016,64,(1.25+0j),0.15,0.0030896078578235885,133,0.0,0.8247068077710359,0.8314672313964745,0.006760423625438605
positive_charge,15017,64,(1.25+0j),0.15,0.003318125000903274,134,0.0,0.8247068077710358,0.8315882730915133,0.006881465320477509
positive_charge,15018,64,(1.25+0j),0.15,0.0032912068534578973,130,0.0,0.8247068077710358,0.8313736079475688,0.006666800176532983
positive_charge,15019,64,(1.25+0j),0.15,0.003762968316912293,141,0.0,0.8247068077710358,0.8316288067988027,0.006921999027766912
positive_charge,15020,64,(1.25+0j),0.15,0.0031950157463561547,128,0.0,0.8247068077710358,0.8300060053209831,0.005299197549947343
positive_charge,15021,64,(1.25+0j),0.15,0.0033041742410232205,144,0.0,0.8247068077710357,0.8315210476822608,0.006814239911225095
positive_charge,15022,64,(1.25+0j),0.15,0.003181077918791523,134,0.0,0.8247068077710358,0.8312627403740558,0.006555932603020009
positive_charge,15023,64,(1.25+0j),0.15,0.0030989773223942117,133,0.0,0.8247068077710357,0.8312995592501253,0.006592751479089665
positive_charge,15024,64,(1.25+0j),0.15,0.0037753653747423428,138,0.0,0.8247068077710357,0.8315204437353301,0.006813635964294407
positive_charge,15025,64,(1.25+0j),0.15,0.0032977352705873086,129,0.0,0.8247068077710358,0.8313048354897297,0.0065980277186938885
positive_charge,15026,64,(1.25+0j),0.15,0.003255309205476862,137,0.0,0.8247068077710357,0.8313608175552575,0.006654009784221815
positive_charge,15027,64,(1.25+0j),0.15,0.003096590151712242,125,0.0,0.8247068077710357,0.831499440154417,0.006792632383381347
positive_charge,15028,64,(1.25+0j),0.15,0.0032771586437931296,139,0.0,0.8247068077710357,0.8311916967669839,0.006484888995948235
positive_charge,15029,64,(1.25+0j),0.15,0.003296267237699608,134,0.0,0.8247068077710358,0.8312841972181403,0.006577389447104509
positive_charge,15030,64,(1.25+0j),0.15,0.003041264119193862,134,0.0,0.8247068077710358,0.8312951933436997,0.006588385572663946
positive_charge,15031,64,(1.25+0j),0.15,0.004101049616798804,128,0.0,0.8247068077710359,0.8316824492668895,0.006975641495853613
positive_charge,15000,64,(1.25+0j),0.35,0.01960329907310785,138,0.0,0.6206518226475457,0.6530111598922097,0.032359337244664
positive_charge,15001,64,(1.25+0j),0.35,0.01954996785884083,138,0.0,0.6206518226475457,0.651564358086358,0.03091253543881234
positive_charge,15002,64,(1.25+0j),0.35,0.01894415928300255,138,0.0,0.6206518226475458,0.6506781436884137,0.030026321040867887
positive_charge,15003,64,(1.25+0j),0.35,0.019610200273002715,123,0.0,0.6206518226475457,0.6536245587468283,0.03297273609928264
positive_charge,15004,64,(1.25+0j),0.35,0.020134161289453695,133,0.0,0.6206518226475457,0.6530431135276084,0.03239129088006265
positive_charge,15005,64,(1.25+0j),0.35,0.024861286359139274,133,0.0,0.6206518226475457,0.6535845058922755,0.032932683244729755
positive_charge,15006,64,(1.25+0j),0.35,0.018829835513905505,121,0.0,0.6206518226475457,0.6517202155181012,0.031068392870555517
positive_charge,15007,64,(1.25+0j),0.35,0.01935044882883275,136,0.0,0.6206518226475457,0.6528428370574567,0.03219101440991101
positive_charge,15008,64,(1.25+0j),0.35,0.01933470397658414,142,0.0,0.6206518226475457,0.6525171393221431,0.031865316674597355
positive_charge,15009,64,(1.25+0j),0.35,0.01907738802786831,133,0.0,0.6206518226475458,0.6493422385577237,0.028690415910177847
positive_charge,15010,64,(1.25+0j),0.35,0.02034751963908424,135,0.0,0.6206518226475458,0.6522468153729852,0.03159499272543942
positive_charge,15011,64,(1.25+0j),0.35,0.02334921138511631,141,0.0,0.6206518226475457,0.6535070489758704,0.032855226328324716
positive_charge,15012,64,(1.25+0j),0.35,0.01914147613209465,126,0.0,0.6206518226475457,0.6462301060917253,0.02557828344417956
positive_charge,15013,64,(1.25+0j),0.35,0.02054548605372041,136,0.0,0.6206518226475457,0.6532021274848224,0.03255030483727672
positive_charge,15014,64,(1.25+0j),0.35,0.019046451614663618,129,0.0,0.6206518226475456,0.6462190535909182,0.025567230943372654
positive_charge,15015,64,(1.25+0j),0.35,0.019184170282289362,147,0.0,0.6206518226475456,0.6508501187678006,0.03019829612025504
positive_charge,15016,64,(1.25+0j),0.35,0.01928854855752947,133,0.0,0.6206518226475458,0.6526663594021693,0.03201453675462351
positive_charge,15017,64,(1.25+0j),0.35,0.02060960388784604,134,0.0,0.6206518226475458,0.6532138350448286,0.032562012397282736
positive_charge,15018,64,(1.25+0j),0.35,0.020466834107319865,130,0.0,0.6206518226475457,0.6522262721212364,0.0315744494736907
positive_charge,15019,64,(1.25+0j),0.35,0.0233567834715319,141,0.0,0.6206518226475458,0.6534133290750616,0.03276150642751574
positive_charge,15020,64,(1.25+0j),0.35,0.01987639109776795,128,0.0,0.6206518226475457,0.645824053474309,0.025172230826763342
positive_charge,15021,64,(1.25+0j),0.35,0.02053810803025311,144,0.0,0.6206518226475458,0.6529006999113247,0.0322488772637789
positive_charge,15022,64,(1.25+0j),0.35,0.01980403503118801,134,0.0,0.6206518226475457,0.6517397064334814,0.031087883785935744
positive_charge,15023,64,(1.25+0j),0.35,0.019340970583858186,133,0.0,0.6206518226475457,0.6518972803318162,0.03124545768427045
positive_charge,15024,64,(1.25+0j),0.35,0.023429656949870193,138,0.0,0.6206518226475458,0.652938054849708,0.0322862322021622
positive_charge,15025,64,(1.25+0j),0.35,0.020497648708425718,129,0.0,0.6206518226475457,0.6519336103981429,0.0312817877505972
positive_charge,15026,64,(1.25+0j),0.35,0.02027312602761158,137,0.0,0.6206518226475457,0.652227381810295,0.031575559162749345
positive_charge,15027,64,(1.25+0j),0.35,0.019317556441922012,125,0.0,0.6206518226475457,0.652818675267659,0.03216685262011332
positive_charge,15028,64,(1.25+0j),0.35,0.020395346094570117,139,0.0,0.6206518226475458,0.6513664400198896,0.030714617372343822
positive_charge,15029,64,(1.25+0j),0.35,0.020495361439943172,134,0.0,0.6206518226475457,0.6518503147545698,0.03119849210702408
positive_charge,15030,64,(1.25+0j),0.35,0.019017492985937655,134,0.0,0.6206518226475456,0.651885057750544,0.031233235102998358
positive_charge,15031,64,(1.25+0j),0.35,0.025283043004364892,128,0.0,0.6206518226475457,0.6536533436284026,0.03300152098085685
positive_charge,15000,64,(1.25+0j),0.6,0.06947137332512117,138,0.0,0.4094118580800116,0.48895714579169075,0.07954528771167912
positive_charge,15001,64,(1.25+0j),0.6,0.06932466248195439,138,0.0,0.4094118580800116,0.485590898754213,0.07617904067420139
positive_charge,15002,64,(1.25+0j),0.6,0.06751412614340761,138,0.0,0.40941185808001174,0.48342266381963755,0.07401080573962582
positive_charge,15003,64,(1.25+0j),0.6,0.06940385411064158,123,0.0,0.40941185808001174,0.49039606512854433,0.0809842070485326
positive_charge,15004,64,(1.25+0j),0.6,0.07109542640962024,133,0.0,0.4094118580800117,0.48897441458397023,0.07956255650395855
positive_charge,15005,64,(1.25+0j),0.6,0.08697632992788314,133,0.0,0.40941185808001174,0.49030079255247894,0.0808889344724672
positive_charge,15006,64,(1.25+0j),0.6,0.0672104125945162,121,0.0,0.4094118580800117,0.48598838395171,0.07657652587169833
positive_charge,15007,64,(1.25+0j),0.6,0.06864672444311741,136,0.0,0.4094118580800116,0.4886171988842534,0.0792053408042418
positive_charge,15008,64,(1.25+0j),0.6,0.06866209660940034,142,0.0,0.40941185808001174,0.48782369812435833,0.07841184004434659
positive_charge,15009,64,(1.25+0j),0.6,0.0679664092160863,133,0.0,0.4094118580800116,0.4805062592580226,0.07109440117801097
positive_charge,15010,64,(1.25+0j),0.6,0.0719955987711749,135,0.0,0.4094118580800117,0.48723713852639017,0.07782528044637849
positive_charge,15011,64,(1.25+0j),0.6,0.08221716228494624,141,0.0,0.40941185808001174,0.4901171508242966,0.08070529274428484
positive_charge,15012,64,(1.25+0j),0.6,0.0680930922846817,126,0.0,0.4094118580800116,0.4726656888212417,0.06325383074123009
positive_charge,15013,64,(1.25+0j),0.6,0.07257945456808731,136,0.0,0.4094118580800116,0.48939313952161523,0.0799812814416036
positive_charge,15014,64,(1.25+0j),0.6,0.06781145296963839,129,0.0,0.40941185808001174,0.4728764026895449,0.06346454460953316
positive_charge,15015,64,(1.25+0j),0.6,0.068232055779272,147,0.0,0.40941185808001174,0.4840223483392962,0.07461049025928446
positive_charge,15016,64,(1.25+0j),0.6,0.06854270360618815,133,0.0,0.40941185808001174,0.4881167596915243,0.07870490161151256
positive_charge,15017,64,(1.25+0j),0.6,0.07273357153811869,134,0.0,0.4094118580800117,0.4894061300392941,0.07999427195928244
positive_charge,15018,64,(1.25+0j),0.6,0.07233098537074405,130,0.0,0.40941185808001174,0.48706020352895607,0.07764834544894433
positive_charge,15019,64,(1.25+0j),0.6,0.08224062696690684,141,0.0,0.40941185808001174,0.48989937190187316,0.08048751382186142
positive_charge,15020,64,(1.25+0j),0.6,0.07029944682388956,128,0.0,0.4094118580800117,0.471712476252882,0.0623006181728703
positive_charge,15021,64,(1.25+0j),0.6,0.0725444743514085,144,0.0,0.4094118580800117,0.48864466853935656,0.07923281045934488
positive_charge,15022,64,(1.25+0j),0.6,0.07011758346683533,134,0.0,0.4094118580800116,0.48598919423699594,0.07657733615698431
positive_charge,15023,64,(1.25+0j),0.6,0.0687022293660849,133,0.0,0.4094118580800117,0.48629870608645953,0.07688684800644785
positive_charge,15024,64,(1.25+0j),0.6,0.08247528692523935,138,0.0,0.4094118580800117,0.48881930553566727,0.07940744745565559
positive_charge,15025,64,(1.25+0j),0.6,0.07240093207828503,129,0.0,0.4094118580800117,0.4864447961759572,0.07703293809594552
positive_charge,15026,64,(1.25+0j),0.6,0.07177216249447783,137,0.0,0.4094118580800117,0.48720980492166766,0.07779794684165597
positive_charge,15027,64,(1.25+0j),0.6,0.0685845699566241,125,0.0,0.4094118580800117,0.4885013212489386,0.0790894631689269
positive_charge,15028,64,(1.25+0j),0.6,0.07214415694236956,139,0.0,0.4094118580800117,0.4849821243734304,0.07557026629341873
positive_charge,15029,64,(1.25+0j),0.6,0.07241788455996159,134,0.0,0.4094118580800116,0.486284074401231,0.07687221632121938
positive_charge,15030,64,(1.25+0j),0.6,0.06771351418662024,134,0.0,0.4094118580800117,0.48632363000789036,0.07691177192787868
positive_charge,15031,64,(1.25+0j),0.6,0.08824126019229622,128,0.0,0.40941185808001174,0.49045278357472255,0.08104092549471081
positive_charge,15000,64,(1.5+0j),0.15,0.0019352631044956413,138,0.0,0.8783716207185556,0.882642259684333,0.004270638965777396
positive_charge,15001,64,(1.5+0j),0.15,0.0019329881151204777,138,0.0,0.8783716207185557,0.8824686380238589,0.004097017305303208
positive_charge,15002,64,(1.5+0j),0.15,0.0018946525682859946,138,0.0,0.8783716207185555,0.8823552216091674,0.003983600890611894
positive_charge,15003,64,(1.5+0j),0.15,0.0019345704489359553,123,0.0,0.8783716207185556,0.8827172374691837,0.004345616750628167
positive_charge,15004,64,(1.5+0j),0.15,0.0019674198244545773,133,0.0,0.8783716207185556,0.8826268706223442,0.0042552499037886715
positive_charge,15005,64,(1.5+0j),0.15,0.002410296073256648,133,0.0,0.8783716207185556,0.8827101873061115,0.0043385665875559365
positive_charge,15006,64,(1.5+0j),0.15,0.001889714617948374,121,0.0,0.8783716207185555,0.8825104770527803,0.0041388563342248386
positive_charge,15007,64,(1.5+0j),0.15,0.0019218041383649593,136,0.0,0.8783716207185556,0.8826503632619456,0.004278742543390002
positive_charge,15008,64,(1.5+0j),0.15,0.001920789641867609,142,0.0,0.8783716207185557,0.8825804971915439,0.004208876472988177
positive_charge,15009,64,(1.5+0j),0.15,0.0019027169402830886,133,0.0,0.8783716207185555,0.8822061636760935,0.003834542957538045
positive_charge,15010,64,(1.5+0j),0.15,0.0020017799085549374,135,0.0,0.8783716207185555,0.8825805549066631,0.004208934188107638
positive_charge,15011,64,(1.5+0j),0.15,0.0022976617236651338,141,0.0,0.8783716207185556,0.8827000543842245,0.004328433665668929
positive_charge,15012,64,(1.5+0j),0.15,0.0019055058876652226,126,0.0,0.8783716207185556,0.8817900324089157,0.003418411690360168
positive_charge,15013,64,(1.5+0j),0.15,0.0020109014940707156,136,0.0,0.8783716207185556,0.8826526241764007,0.004281003457845101
positive_charge,15014,64,(1.5+0j),0.15,0.0019006037694702736,129,0.0,0.8783716207185555,0.8818110139562033,0.0034393932376478586
positive_charge,15015,64,(1.5+0j),0.15,0.0019078828011146664,147,0.0,0.8783716207185556,0.8824510549041732,0.004079434185617625
positive_charge,15016,64,(1.5+0j),0.15,0.0019117547511438185,133,0.0,0.8783716207185556,0.8825943835109561,0.004222762792400525
positive_charge,15017,64,(1.5+0j),0.15,0.002015038084851541,134,0.0,0.8783716207185555,0.8826543930808064,0.004282772362250942
positive_charge,15018,64,(1.5+0j),0.15,0.0020087401013739394,130,0.0,0.8783716207185556,0.8825463594295392,0.0041747387109836165
positive_charge,15019,64,(1.5+0j),0.15,0.0022976111166485283,141,0.0,0.8783716207185556,0.8826885266006834,0.004316905882127853
positive_charge,15020,64,(1.5+0j),0.15,0.0019555616530894165,128,0.0,0.8783716207185555,0.8817327310621357,0.0033611103435802203
positive_charge,15021,64,(1.5+0j),0.15,0.002009330695686464,144,0.0,0.8783716207185556,0.8826167971222626,0.004245176403707029
positive_charge,15022,64,(1.5+0j),0.15,0.0019527547898079728,134,0.0,0.8783716207185556,0.8824864258458174,0.004114805127261811
positive_charge,15023,64,(1.5+0j),0.15,0.001915567585630919,133,0.0,0.8783716207185555,0.8825052923209296,0.0041336716023741005
positive_charge,15024,64,(1.5+0j),0.15,0.002301879678749343,138,0.0,0.8783716207185556,0.8826499935658282,0.004278372847272616
positive_charge,15025,64,(1.5+0j),0.15,0.0020106600020915275,129,0.0,0.8783716207185555,0.8825127098801447,0.004141089161589284
positive_charge,15026,64,(1.5+0j),0.15,0.001998661925033325,137,0.0,0.8783716207185557,0.8825797386771298,0.00420811795857412
positive_charge,15027,64,(1.5+0j),0.15,0.0019199741234667846,125,0.0,0.8783716207185556,0.8826191588340481,0.0042475381154925
positive_charge,15028,64,(1.5+0j),0.15,0.0020036201637149043,139,0.0,0.8783716207185555,0.8824170273778607,0.004045406659305195
positive_charge,15029,64,(1.5+0j),0.15,0.0020105354938179435,134,0.0,0.8783716207185555,0.8825092994735547,0.004137678754999263
positive_charge,15030,64,(1.5+0j),0.15,0.0019000682257428992,134,0.0,0.8783716207185556,0.8825052702421945,0.004133649523638927
positive_charge,15031,64,(1.5+0j),0.15,0.002430468677072866,128,0.0,0.8783716207185556,0.8827134240105765,0.00434180329202094
positive_charge,15000,64,(1.5+0j),0.35,0.01177601254976848,138,0.0,0.7271560877937691,0.7487225321833016,0.02156644438953259
positive_charge,15001,64,(1.5+0j),0.35,0.011764237453480398,138,0.0,0.7271560877937691,0.7478826508989426,0.020726563105173512
positive_charge,15002,64,(1.5+0j),0.35,0.011556250613663492,138,0.0,0.7271560877937691,0.7473182538944791,0.02016216610071009
positive_charge,15003,64,(1.5+0j),0.35,0.011767293422444978,123,0.0,0.727156087793769,0.7490862765862799,0.021930188792510963
positive_charge,15004,64,(1.5+0j),0.35,0.011954385764826636,133,0.0,0.7271560877937692,0.7486388054586953,0.021482717664926154
positive_charge,15005,64,(1.5+0j),0.35,0.014539206497626597,133,0.0,0.7271560877937691,0.7490530043494179,0.02189691655564885
positive_charge,15006,64,(1.5+0j),0.35,0.011531363225378406,121,0.0,0.7271560877937692,0.7480966305722824,0.020940542778513205
positive_charge,15007,64,(1.5+0j),0.35,0.011700066636125587,136,0.0,0.7271560877937691,0.7487723868772287,0.021616299083459634
positive_charge,15008,64,(1.5+0j),0.35,0.011696567507459973,142,0.0,0.7271560877937692,0.7484239666546949,0.021267878860925737
positive_charge,15009,64,(1.5+0j),0.35,0.011603214487962513,133,0.0,0.7271560877937691,0.7466222642898401,0.019466176496071075
positive_charge,15010,64,(1.5+0j),0.35,0.012163217872833228,135,0.0,0.7271560877937691,0.7484332907100401,0.021277202916271
positive_charge,15011,64,(1.5+0j),0.35,0.013905189853622133,141,0.0,0.7271560877937691,0.7490039113937697,0.021847823600000593
positive_charge,15012,64,(1.5+0j),0.35,0.011615120634809536,126,0.0,0.7271560877937691,0.7445339032735029,0.017377815479733827
positive_charge,15013,64,(1.5+0j),0.35,0.012212443597288469,136,0.0,0.7271560877937691,0.7487707278020619,0.02161464000829283
positive_charge,15014,64,(1.5+0j),0.35,0.011588330218365878,129,0.0,0.7271560877937691,0.7446519827633491,0.01749589496958004
positive_charge,15015,64,(1.5+0j),0.35,0.011629588190096239,147,0.0,0.7271560877937691,0.7478261415254596,0.020670053731690508
positive_charge,15016,64,(1.5+0j),0.35,0.011649231561040477,133,0.0,0.7271560877937692,0.7484883104117961,0.02133222261802692
positive_charge,15017,64,(1.5+0j),0.35,0.012232661092827566,134,0.0,0.7271560877937692,0.7487777209525666,0.021621633158797393
positive_charge,15018,64,(1.5+0j),0.35,0.01219949337205539,130,0.0,0.7271560877937692,0.748247712698404,0.021091624904634787
positive_charge,15019,64,(1.5+0j),0.35,0.013905013830738649,141,0.0,0.7271560877937692,0.7489490459807231,0.021792958186953926
positive_charge,15020,64,(1.5+0j),0.35,0.011889276453289287,128,0.0,0.7271560877937691,0.7442500532009285,0.01709396540715946
positive_charge,15021,64,(1.5+0j),0.35,0.012203192804483832,144,0.0,0.727156087793769,0.7485917679349406,0.021435680141171698
positive_charge,15022,64,(1.5+0j),0.35,0.011874758577005165,134,0.0,0.7271560877937692,0.7479663596835079,0.02081027188973872
positive_charge,15023,64,(1.5+0j),0.35,0.011670488372071897,133,0.0,0.727156087793769,0.7480539344675545,0.02089784667378558
positive_charge,15024,64,(1.5+0j),0.35,0.013929278413783249,138,0.0,0.7271560877937691,0.748767998342139,0.021611910548369972
positive_charge,15025,64,(1.5+0j),0.35,0.012208897918568598,129,0.0,0.7271560877937691,0.748094092894282,0.020938005100512913
positive_charge,15026,64,(1.5+0j),0.35,0.01214594412353443,137,0.0,0.7271560877937691,0.7484304263523609,0.021274338558591843
positive_charge,15027,64,(1.5+0j),0.35,0.011690919649041134,125,0.0,0.7271560877937691,0.7486103344493665,0.021454246655597475
positive_charge,15028,64,(1.5+0j),0.35,0.01217336156154229,139,0.0,0.7271560877937692,0.7476075642581629,0.020451476464393714
positive_charge,15029,64,(1.5+0j),0.35,0.012209387591091591,134,0.0,0.7271560877937692,0.7480791455967242,0.020923057802955003
positive_charge,15030,64,(1.5+0j),0.35,0.011584652278696624,134,0.0,0.7271560877937692,0.7480563858090039,0.02090029801523474
positive_charge,15031,64,(1.5+0j),0.35,0.01464998963697974,128,0.0,0.7271560877937691,0.7490676606961274,0.021911572902358345
positive_charge,15000,64,(1.5+0j),0.6,0.040251171421738285,138,0.0,0.5554556518953829,0.6130554088149665,0.05759975691958352
positive_charge,15001,64,(1.5+0j),0.6,0.04021897140693085,138,0.0,0.555455651895383,0.6109344353042515,0.05547878340886847
positive_charge,15002,64,(1.5+0j),0.6,0.03961323314132241,138,0.0,0.555455651895383,0.6094601574202491,0.05400450552486602
positive_charge,15003,64,(1.5+0j),0.6,0.04020602485207648,123,0.0,0.5554556518953829,0.6139719061076506,0.05851625421226769
positive_charge,15004,64,(1.5+0j),0.6,0.04078766762349372,133,0.0,0.5554556518953829,0.6128124110974175,0.057356759202034535
positive_charge,15005,64,(1.5+0j),0.6,0.049097767904245845,133,0.0,0.555455651895383,0.6138897454304508,0.05843409353506779
positive_charge,15006,64,(1.5+0j),0.6,0.03954761139872637,121,0.0,0.555455651895383,0.6114980721332289,0.05604242023784589
positive_charge,15007,64,(1.5+0j),0.6,0.04001509257683546,136,0.0,0.555455651895383,0.6132013336041239,0.05774568170874084
positive_charge,15008,64,(1.5+0j),0.6,0.040015503764516167,142,0.0,0.5554556518953829,0.6123039621191213,0.056848310223738374
positive_charge,15009,64,(1.5+0j),0.6,0.03976292231772446,133,0.0,0.555455651895383,0.6077983551132345,0.052342703217851505
positive_charge,15010,64,(1.5+0j),0.6,0.04148818922698685,135,0.0,0.555455651895383,0.6123459894559674,0.05689033756058437
positive_charge,15011,64,(1.5+0j),0.6,0.047154145721784786,141,0.0,0.555455651895383,0.6137655275497192,0.05830987565433621
positive_charge,15012,64,(1.5+0j),0.6,0.039784281998912076,126,0.0,0.555455651895383,0.6023620406428605,0.046906388747477434
positive_charge,15013,64,(1.5+0j),0.6,0.04163161067134852,136,0.0,0.555455651895383,0.6131699280147705,0.05771427611938751
positive_charge,15014,64,(1.5+0j),0.6,0.03970539737904532,129,0.0,0.5554556518953829,0.6026854104484684,0.04722975855308542
positive_charge,15015,64,(1.5+0j),0.6,0.039831573415227924,147,0.0,0.555455651895383,0.6108505362148858,0.05539488431950279
positive_charge,15016,64,(1.5+0j),0.6,0.039885273509290074,133,0.0,0.555455651895383,0.6124491410997499,0.056993489204366865
positive_charge,15017,64,(1.5+0j),0.6,0.041681548747944976,134,0.0,0.555455651895383,0.6131816564967578,0.05772600460137478
positive_charge,15018,64,(1.5+0j),0.6,0.041588623238195926,130,0.0,0.5554556518953832,0.6118223090788606,0.05636665718347744
positive_charge,15019,64,(1.5+0j),0.6,0.04715400702625557,141,0.0,0.555455651895383,0.6136289470377814,0.05817329514239833
positive_charge,15020,64,(1.5+0j),0.6,0.04059203646637501,128,0.0,0.5554556518953829,0.601623037915552,0.04616738602016912
positive_charge,15021,64,(1.5+0j),0.6,0.04160167910357663,144,0.0,0.555455651895383,0.6127033112420102,0.05724765934662712
positive_charge,15022,64,(1.5+0j),0.6,0.0405547488853795,134,0.0,0.5554556518953829,0.611141080032671,0.05568542813728805
positive_charge,15023,64,(1.5+0j),0.6,0.039949644782983795,133,0.0,0.5554556518953832,0.6113428638255756,0.055887211930192415
positive_charge,15024,64,(1.5+0j),0.6,0.04722917532136634,138,0.0,0.5554556518953829,0.6131838929585167,0.05772824106313379
positive_charge,15025,64,(1.5+0j),0.6,0.04161202870849302,129,0.0,0.555455651895383,0.6114653212694221,0.05600966937403906
positive_charge,15026,64,(1.5+0j),0.6,0.041436933844809204,137,0.0,0.5554556518953832,0.6123434377118818,0.05688778581649867
positive_charge,15027,64,(1.5+0j),0.6,0.039994190722573555,125,0.0,0.5554556518953829,0.6127653498059229,0.05730969791053997
positive_charge,15028,64,(1.5+0j),0.6,0.0415191096154484,139,0.0,0.5554556518953829,0.6101677151181992,0.0547120632228163
positive_charge,15029,64,(1.5+0j),0.6,0.04161809316693873,134,0.0,0.555455651895383,0.611433975647304,0.05597832375192091
positive_charge,15030,64,(1.5+0j),0.6,0.039691606953902184,134,0.0,0.555455651895383,0.611365206778765,0.05590955488338201
positive_charge,15031,64,(1.5+0j),0.6,0.0494269048032051,128,0.0,0.5554556518953832,0.6139245238225728,0.058468871927189636
positive_charge,15000,64,(2+0j),0.15,0.0007912592710398814,138,0.0,0.9327791478622646,0.9345016628882846,0.001722515026020055
positive_charge,15001,64,(2+0j),0.15,0.0007911562177537493,138,0.0,0.9327791478622647,0.9344520298882562,0.0016728820259914734
positive_charge,15002,64,(2+0j),0.15,0.0007867361697589121,138,0.0,0.9327791478622646,0.9344116817510283,0.0016325338887637209
positive_charge,15003,64,(2+0j),0.15,0.0007910214604660401,123,0.0,0.9327791478622646,0.9345218719373124,0.0017427240750478301
positive_charge,15004,64,(2+0j),0.15,0.0007952792728382748,133,0.0,0.9327791478622646,0.934489917120077,0.001710769257812439
positive_charge,15005,64,(2+0j),0.15,0.0009271830248393278,133,0.0,0.9327791478622646,0.9345206530349357,0.0017415051726711317
positive_charge,15006,64,(2+0j),0.15,0.0007864878900374734,121,0.0,0.9327791478622646,0.9344746445588838,0.0016954966966192808
positive_charge,15007,64,(2+0j),0.15,0.0007900866851845618,136,0.0,0.9327791478622647,0.9345130996585082,0.0017339517962434714
positive_charge,15008,64,(2+0j),0.15,0.0007900532702840257,142,0.0,0.9327791478622647,0.9344826520154171,0.0017035041531524575
positive_charge,15009,64,(2+0j),0.15,0.000787604619012598,133,0.0,0.9327791478622647,0.9343799287898539,0.001600780927589196
positive_charge,15010,64,(2+0j),0.15,0.0008066923164857785,135,0.0,0.9327791478622647,0.9344917125130004,0.0017125646507357706
positive_charge,15011,64,(2+0j),0.15,0.0009068364356670807,141,0.0,0.9327791478622646,0.9345179293405015,0.001738781478236917
positive_charge,15012,64,(2+0j),0.15,0.000787698185877444,126,0.0,0.9327791478622647,0.9342492838115968,0.0014701359493320965
positive_charge,15013,64,(2+0j),0.15,0.0008072919333329674,136,0.0,0.9327791478622646,0.9345001604694704,0.0017210126072058074
positive_charge,15014,64,(2+0j),0.15,0.000787316995013337,129,0.0,0.9327791478622646,0.9342519837079019,0.001472835845637288
positive_charge,15015,64,(2+0j),0.15,0.0007878982827129576,147,0.0,0.9327791478622647,0.9344752222291335,0.001696074366868805
positive_charge,15016,64,(2+0j),0.15,0.0007880334287410625,133,0.0,0.9327791478622647,0.9344855749351794,0.0017064270729146847
positive_charge,15017,64,(2+0j),0.15,0.0008076872903173505,134,0.0,0.9327791478622647,0.9345004450011226,0.0017212971388579357
positive_charge,15018,64,(2+0j),0.15,0.0008073454559719828,130,0.0,0.9327791478622646,0.9344695668703319,0.0016904190080673231
positive_charge,15019,64,(2+0j),0.15,0.0009068209371663113,141,0.0,0.9327791478622647,0.9345156277873935,0.0017364799251288199
positive_charge,15020,64,(2+0j),0.15,0.0007945126429733652,128,0.0,0.9327791478622645,0.9342364845487628,0.0014573366864983894
positive_charge,15021,64,(2+0j),0.15,0.000807047250195505,144,0.0,0.9327791478622646,0.9344898035717083,0.0017106557094437314
positive_charge,15022,64,(2+0j),0.15,0.0007944009097634652,134,0.0,0.9327791478622647,0.9344550408627814,0.0016758930005167372
positive_charge,15023,64,(2+0j),0.15,0.0007885230982394178,133,0.0,0.9327791478622647,0.9344602527934219,0.0016811049311572512
positive_charge,15024,64,(2+0j),0.15,0.0009071892043382962,138,0.0,0.9327791478622646,0.9345100794199326,0.001730931557668014
positive_charge,15025,64,(2+0j),0.15,0.0008074826093024037,129,0.0,0.9327791478622647,0.9344616759494296,0.0016825280871649584
positive_charge,15026,64,(2+0j),0.15,0.000806533846177801,137,0.0,0.9327791478622646,0.9344917648082716,0.001712616946006995
positive_charge,15027,64,(2+0j),0.15,0.0007899681069735447,125,0.0,0.9327791478622646,0.9344948593329303,0.0017157114706657373
positive_charge,15028,64,(2+0j),0.15,0.0008067958990631245,139,0.0,0.9327791478622648,0.9344211159673609,0.0016419681050960921
positive_charge,15029,64,(2+0j),0.15,0.0008074882518476682,134,0.0,0.9327791478622647,0.9344616002399698,0.0016824523777051459
positive_charge,15030,64,(2+0j),0.15,0.0007873364625393668,134,0.0,0.9327791478622647,0.9344597476802022,0.0016805998179375559
positive_charge,15031,64,(2+0j),0.15,0.0009286665047794721,128,0.0,0.9327791478622647,0.9345205087483319,0.0017413608860672447
positive_charge,15000,64,(2+0j),0.35,0.004640594905817829,138,0.0,0.844884800126519,0.8540232449249746,0.009138444798455603
positive_charge,15001,64,(2+0j),0.35,0.004640058339981816,138,0.0,0.8448848001265191,0.8537696700253194,0.00888486989880033
positive_charge,15002,64,(2+0j),0.35,0.004616461911995164,138,0.0,0.8448848001265191,0.8535599215462443,0.008675121419725151
positive_charge,15003,64,(2+0j),0.35,0.004639035462959127,123,0.0,0.844884800126519,0.8541263208691847,0.00924152074266571
positive_charge,15004,64,(2+0j),0.35,0.004662620181776855,133,0.0,0.844884800126519,0.8539613892372017,0.009076589110682654
positive_charge,15005,64,(2+0j),0.35,0.005405963067719544,133,0.0,0.844884800126519,0.8541202188319225,0.009235418705403453
positive_charge,15006,64,(2+0j),0.35,0.004615198438469405,121,0.0,0.8448848001265189,0.8538865012310419,0.00900170110452303
positive_charge,15007,64,(2+0j),0.35,0.0046341296561827425,136,0.0,0.8448848001265191,0.8540824241635859,0.00919762403706681
positive_charge,15008,64,(2+0j),0.35,0.004634023650106434,142,0.0,0.8448848001265191,0.8539256863800306,0.009040886253511515
positive_charge,15009,64,(2+0j),0.35,0.004621304255366282,133,0.0,0.8448848001265191,0.8534025168570948,0.008517716730575664
positive_charge,15010,64,(2+0j),0.35,0.004726766856933886,135,0.0,0.844884800126519,0.8539729212324686,0.009088121105949587
positive_charge,15011,64,(2+0j),0.35,0.005293710554609857,141,0.0,0.8448848001265191,0.8541064629895866,0.00922166286306747
positive_charge,15012,64,(2+0j),0.35,0.00462161945938294,126,0.0,0.844884800126519,0.8527348186621934,0.007850018535674352
positive_charge,15013,64,(2+0j),0.35,0.004729997193777912,136,0.0,0.8448848001265189,0.8540148591256501,0.009130058999131219
positive_charge,15014,64,(2+0j),0.35,0.004619543649904097,129,0.0,0.8448848001265191,0.8527467547151958,0.007861954588676667
positive_charge,15015,64,(2+0j),0.35,0.004622833097893073,147,0.0,0.844884800126519,0.8538917300906194,0.009006929964100352
positive_charge,15016,64,(2+0j),0.35,0.004623422202018333,133,0.0,0.8448848001265191,0.8539400863137117,0.009055286187192535
positive_charge,15017,64,(2+0j),0.35,0.004731978846458771,134,0.0,0.844884800126519,0.8540162855654209,0.009131485438901854
positive_charge,15018,64,(2+0j),0.35,0.004730176038097741,130,0.0,0.844884800126519,0.8538570038074639,0.008972203680944868
positive_charge,15019,64,(2+0j),0.35,0.005293630758941468,141,0.0,0.844884800126519,0.8540948395759858,0.009210039449466745
positive_charge,15020,64,(2+0j),0.35,0.004658452257606255,128,0.0,0.844884800126519,0.8526712093809078,0.007786409254388782
positive_charge,15021,64,(2+0j),0.35,0.00472863840364785,144,0.0,0.844884800126519,0.8539614665557911,0.009076666429272073
positive_charge,15022,64,(2+0j),0.35,0.004657874059265838,134,0.0,0.844884800126519,0.853784747720191,0.008899947593671964
positive_charge,15023,64,(2+0j),0.35,0.004626117754730173,133,0.0,0.844884800126519,0.8538101989048241,0.008925398778305116
positive_charge,15024,64,(2+0j),0.35,0.00529567277410266,138,0.0,0.844884800126519,0.8540670225980802,0.009182222471561197
positive_charge,15025,64,(2+0j),0.35,0.00473087559223647,129,0.0,0.844884800126519,0.8538181556965223,0.008933355570003298
positive_charge,15026,64,(2+0j),0.35,0.004725900131024322,137,0.0,0.8448848001265191,0.8539731794356371,0.009088379309117989
positive_charge,15027,64,(2+0j),0.35,0.004633522881113336,125,0.0,0.844884800126519,0.853988278493145,0.00910347836662595
positive_charge,15028,64,(2+0j),0.35,0.004727334241316347,139,0.0,0.844884800126519,0.8536069412348295,0.008722141108310488
positive_charge,15029,64,(2+0j),0.35,0.004730955321826283,134,0.0,0.844884800126519,0.8538178159862554,0.008933015859736382
positive_charge,15030,64,(2+0j),0.35,0.00461961230790342,134,0.0,0.844884800126519,0.8538084850312762,0.008923684904757145
positive_charge,15031,64,(2+0j),0.35,0.005414060696854665,128,0.0,0.844884800126519,0.854119465162978,0.009234665036458978
positive_charge,15000,64,(2+0j),0.6,0.015043074519506741,138,0.0,0.7378972411130894,0.7638893789225484,0.02599213780945897
positive_charge,15001,64,(2+0j),0.6,0.015041589743992594,138,0.0,0.7378972411130894,0.7632035159753454,0.025306274862256006
positive_charge,15002,64,(2+0j),0.6,0.014974098294293527,138,0.0,0.7378972411130894,0.7626239959712802,0.024726754858190758
positive_charge,15003,64,(2+0j),0.6,0.01503749261161952,123,0.0,0.7378972411130894,0.7641678711076517,0.02627062999456231
positive_charge,15004,64,(2+0j),0.6,0.015108309781277298,133,0.0,0.7378972411130895,0.7637174301795002,0.025820189066410704
positive_charge,15005,64,(2+0j),0.6,0.017391021984629728,133,0.0,0.7378972411130895,0.7641517083906207,0.026254467277531224
positive_charge,15006,64,(2+0j),0.6,0.014970711486231953,121,0.0,0.7378972411130895,0.7635227920891942,0.02562555097610464
positive_charge,15007,64,(2+0j),0.6,0.015023701638798778,136,0.0,0.7378972411130894,0.7640516570193441,0.02615441590625467
positive_charge,15008,64,(2+0j),0.6,0.015023747185159145,142,0.0,0.7378972411130896,0.7636252019385055,0.02572796082541584
positive_charge,15009,64,(2+0j),0.6,0.01498875252817165,133,0.0,0.7378972411130895,0.7622155880263429,0.024318346913253408
positive_charge,15010,64,(2+0j),0.6,0.015304442412859153,135,0.0,0.7378972411130894,0.7637550377202813,0.025857796607191896
positive_charge,15011,64,(2+0j),0.6,0.01705559706006696,141,0.0,0.7378972411130896,0.7641149092192602,0.026217668106170544
positive_charge,15012,64,(2+0j),0.6,0.01498893279574361,126,0.0,0.7378972411130895,0.7604103081735303,0.02251306706044076
positive_charge,15013,64,(2+0j),0.6,0.015313817913271499,136,0.0,0.7378972411130894,0.7638655533872937,0.025968312274204264
positive_charge,15014,64,(2+0j),0.6,0.014982835385314874,129,0.0,0.7378972411130894,0.7604374523705372,0.022540211257447762
positive_charge,15015,64,(2+0j),0.6,0.014992926612527132,147,0.0,0.7378972411130895,0.7635432902687237,0.025646049155634176
positive_charge,15016,64,(2+0j),0.6,0.014994153029051044,133,0.0,0.7378972411130895,0.7636617779758543,0.02576453686276481
positive_charge,15017,64,(2+0j),0.6,0.015318987855801542,134,0.0,0.7378972411130896,0.763868314334129,0.02597107322103942
positive_charge,15018,64,(2+0j),0.6,0.015313911082717258,130,0.0,0.7378972411130894,0.7634324872479896,0.025535246134900214
positive_charge,15019,64,(2+0j),0.6,0.017055379407284167,141,0.0,0.7378972411130895,0.7640838090213555,0.026186567908266012
positive_charge,15020,64,(2+0j),0.6,0.01509602089192057,128,0.0,0.7378972411130895,0.7602424757355875,0.022345234622497934
positive_charge,15021,64,(2+0j),0.6,0.015309724580986452,144,0.0,0.7378972411130895,0.7637181232931918,0.025820882180102256
positive_charge,15022,64,(2+0j),0.6,0.015094499948040754,134,0.0,0.7378972411130895,0.7632434478029531,0.025346206689863537
positive_charge,15023,64,(2+0j),0.6,0.01500218492726482,133,0.0,0.7378972411130895,0.7633083195114448,0.025411078398355325
positive_charge,15024,64,(2+0j),0.6,0.017061517095700234,138,0.0,0.7378972411130895,0.7640100113843385,0.02611277027124903
positive_charge,15025,64,(2+0j),0.6,0.015315787883820714,129,0.0,0.7378972411130895,0.7633323545161048,0.025435113403015297
positive_charge,15026,64,(2+0j),0.6,0.015301894331071477,137,0.0,0.7378972411130894,0.7637557106838601,0.025858469570770648
positive_charge,15027,64,(2+0j),0.6,0.015022136439636588,125,0.0,0.7378972411130894,0.7637940802568732,0.025896839143783823
positive_charge,15028,64,(2+0j),0.6,0.015306136023714133,139,0.0,0.7378972411130896,0.7627483259679916,0.02485108485490195
positive_charge,15029,64,(2+0j),0.6,0.015316207544443676,134,0.0,0.7378972411130895,0.7633326143338611,0.025435373220771607
positive_charge,15030,64,(2+0j),0.6,0.014982894753157224,134,0.0,0.7378972411130895,0.7633067852731691,0.025409544160079567
positive_charge,15031,64,(2+0j),0.6,0.017414896240177936,128,0.0,0.7378972411130894,0.7641496125591767,0.026252371446087275
positive_charge,15000,64,(1.5+0.75j),0.15,0.0018203222119229704,138,0.0,0.9408984892235394,0.9451859103494995,0.004287421125960145
positive_charge,15001,64,(1.5+0.75j),0.15,0.0018210592720774006,138,0.0,0.9410694709445885,0.9452222798601734,0.0041528089155848935
positive_charge,15002,64,(1.5+0.75j),0.15,0.0018135937243022925,138,0.0,0.9409631484429437,0.9449665733290615,0.004003424886117823
positive_charge,15003,64,(1.5+0.75j),0.15,0.0018379227258322455,123,0.0,0.9408929327486097,0.9452305547020641,0.004337621953454329
positive_charge,15004,64,(1.5+0.75j),0.15,0.0018144470175861873,133,0.0,0.9409636712122321,0.945186718533938,0.004223047321705864
positive_charge,15005,64,(1.5+0.75j),0.15,0.002174664112301575,133,0.0,0.940972566255269,0.9451685458007855,0.004195979545516426
positive_charge,15006,64,(1.5+0.75j),0.15,0.0018111333054633965,121,0.0,0.9410475705581766,0.9452058233063001,0.0041582527481235365
positive_charge,15007,64,(1.5+0.75j),0.15,0.001833200693882786,136,0.0,0.9411255379838808,0.9450064620553181,0.003880924071437364
positive_charge,15008,64,(1.5+0.75j),0.15,0.001831241303629371,142,0.0,0.9410101078828012,0.9451626579181964,0.004152550035395275
positive_charge,15009,64,(1.5+0.75j),0.15,0.0018016984699518132,133,0.0,0.9411905270629297,0.9450788943579351,0.0038883672950054127
positive_charge,15010,64,(1.5+0.75j),0.15,0.0018370640626918526,135,0.0,0.940991419437509,0.9451049034176686,0.004113483980159649
positive_charge,15011,64,(1.5+0.75j),0.15,0.002135612790369118,141,0.0,0.9409159786513401,0.9452050123982214,0.004289033746881277
positive_charge,15012,64,(1.5+0.75j),0.15,0.0018085721388154644,126,0.0,0.940954542317531,0.9445408407289545,0.0035862984114235497
positive_charge,15013,64,(1.5+0.75j),0.15,0.0018314175060438738,136,0.0,0.9410378757223181,0.9451284654169725,0.004090589694654367
positive_charge,15014,64,(1.5+0.75j),0.15,0.001812744455128972,129,0.0,0.9409329500738537,0.9446504577907526,0.003717507716898938
positive_charge,15015,64,(1.5+0.75j),0.15,0.0018012943032114836,147,0.0,0.9411662873056271,0.9451472535555033,0.0039809662498762055
positive_charge,15016,64,(1.5+0.75j),0.15,0.001805364106989989,133,0.0,0.941022231785157,0.9450345228894621,0.004012291104305121
positive_charge,15017,64,(1.5+0.75j),0.15,0.0018395813201136143,134,0.0,0.9409748093833848,0.9451532916000945,0.004178482216709689
positive_charge,15018,64,(1.5+0.75j),0.15,0.0018419172655899962,130,0.0,0.9409627040440027,0.9450950570371068,0.004132352993104105
positive_charge,15019,64,(1.5+0.75j),0.15,0.0021353484441012354,141,0.0,0.9409413843313669,0.9452000721968062,0.00425868786543937
positive_charge,15020,64,(1.5+0.75j),0.15,0.0018228598644488472,128,0.0,0.9409521213970031,0.944541338529789,0.003589217132785927
positive_charge,15021,64,(1.5+0.75j),0.15,0.0018336520330995711,144,0.0,0.940971378064956,0.9451514960895004,0.0041801180245444325
positive_charge,15022,64,(1.5+0.75j),0.15,0.0018241092439372569,134,0.0,0.9410855074172266,0.9452192309303018,0.0041337235130751715
positive_charge,15023,64,(1.5+0.75j),0.15,0.0018023369001657348,133,0.0,0.9410280195186328,0.9449877272400606,0.003959707721427841
positive_charge,15024,64,(1.5+0.75j),0.15,0.002127884487185313,138,0.0,0.9410067338904095,0.9451227608047317,0.004116026914322224
positive_charge,15025,64,(1.5+0.75j),0.15,0.0018424944584394696,129,0.0,0.9411189495400211,0.9451828515320372,0.004063901992016117
positive_charge,15026,64,(1.5+0.75j),0.15,0.0018406424259406,137,0.0,0.9409214276894957,0.945103596577522,0.00418216888802625
positive_charge,15027,64,(1.5+0.75j),0.15,0.0018330415843466413,125,0.0,0.9408780296848822,0.9452004259743891,0.0043223962895069246
positive_charge,15028,64,(1.5+0.75j),0.15,0.0018357826628577951,139,0.0,0.9409567121138835,0.944919245488791,0.003962533374907484
positive_charge,15029,64,(1.5+0.75j),0.15,0.0018398464099548813,134,0.0,0.9411490887374082,0.9451616760715023,0.004012587334094042
positive_charge,15030,64,(1.5+0.75j),0.15,0.0018156642019880962,134,0.0,0.9410493251827429,0.9452028544232208,0.00415352924047796
positive_charge,15031,64,(1.5+0.75j),0.15,0.002159729367619102,128,0.0,0.9410037035482319,0.9451424713570702,0.004138767808838262
positive_charge,15000,64,(1.5+0.75j),0.35,0.01080596906621215,138,0.0,0.8589498791160168,0.8822429557385016,0.02329307662248481
positive_charge,15001,64,(1.5+0.75j),0.35,0.01080932193155178,138,0.0,0.8598516036719686,0.8824198442571567,0.022568240585188137
positive_charge,15002,64,(1.5+0.75j),0.35,0.010769285576980423,138,0.0,0.8592930530647611,0.8809373789745631,0.02164432590980203
positive_charge,15003,64,(1.5+0.75j),0.35,0.010898746802403688,123,0.0,0.8589166376698508,0.8824617925062384,0.023545154836387527
positive_charge,15004,64,(1.5+0.75j),0.35,0.010781881695869008,133,0.0,0.8592369508652922,0.8822086920499225,0.0229717411846303
positive_charge,15005,64,(1.5+0.75j),0.35,0.012854344349404176,133,0.0,0.859300893631576,0.882159449418576,0.022858555787000023
positive_charge,15006,64,(1.5+0.75j),0.35,0.010755404785364792,121,0.0,0.8597122177873324,0.8823383570021742,0.0226261392148418
positive_charge,15007,64,(1.5+0.75j),0.35,0.010873567119428445,136,0.0,0.8603979103046289,0.8810050883466646,0.020607178042035712
positive_charge,15008,64,(1.5+0.75j),0.35,0.010861482733127821,142,0.0,0.8595391107253381,0.8821243233955925,0.022585212670254484
positive_charge,15009,64,(1.5+0.75j),0.35,0.010707032015410097,133,0.0,0.8604826544284913,0.8817076584707657,0.021225004042274453
positive_charge,15010,64,(1.5+0.75j),0.35,0.010923541632399308,135,0.0,0.8594138422758135,0.8817807019299062,0.022366859654092686
positive_charge,15011,64,(1.5+0.75j),0.35,0.012620109237927139,141,0.0,0.8590390578133693,0.8823478306181262,0.02330877280475685
positive_charge,15012,64,(1.5+0.75j),0.35,0.010743941186717117,126,0.0,0.8592896363997469,0.8790378428911378,0.019748206491390974
positive_charge,15013,64,(1.5+0.75j),0.35,0.010894899359792376,136,0.0,0.8596341352011874,0.8819642216090168,0.022330086407829408
positive_charge,15014,64,(1.5+0.75j),0.35,0.01076519246730147,129,0.0,0.8592156707041821,0.8795692093064056,0.020353538602223442
positive_charge,15015,64,(1.5+0.75j),0.35,0.010705401128136529,147,0.0,0.8602952098907973,0.882061540102303,0.021766330211505647
positive_charge,15016,64,(1.5+0.75j),0.35,0.010725893437145143,133,0.0,0.8595401292330058,0.8814324638243713,0.021892334591365525
positive_charge,15017,64,(1.5+0.75j),0.35,0.010938905725094596,134,0.0,0.8593194444758014,0.8820871580492056,0.022767713573404125
positive_charge,15018,64,(1.5+0.75j),0.35,0.010950259413380984,130,0.0,0.859234458006628,0.8817006661978035,0.022466208191175507
positive_charge,15019,64,(1.5+0.75j),0.35,0.01261869660513466,141,0.0,0.8591813167848656,0.8823157808140416,0.02313446402917596
positive_charge,15020,64,(1.5+0.75j),0.35,0.010826531193621418,128,0.0,0.8592886902749699,0.8790476112702504,0.019758920995280538
positive_charge,15021,64,(1.5+0.75j),0.35,0.010906254113178995,144,0.0,0.8592763505173361,0.8820276629387762,0.02275131242144013
positive_charge,15022,64,(1.5+0.75j),0.35,0.010833230274985521,134,0.0,0.8599223070659775,0.8824037933212141,0.022481486255236605
positive_charge,15023,64,(1.5+0.75j),0.35,0.010711899409559252,133,0.0,0.8595739602430977,0.8812672047067159,0.0216932444636182
positive_charge,15024,64,(1.5+0.75j),0.35,0.012579967053748932,138,0.0,0.8594919749970554,0.881927507988606,0.022435532991550544
positive_charge,15025,64,(1.5+0.75j),0.35,0.010954806138703671,129,0.0,0.8600712409197616,0.8822316059226112,0.02216036500284957
positive_charge,15026,64,(1.5+0.75j),0.35,0.0109432172515002,137,0.0,0.859061875248001,0.8818487251246973,0.022786849876696214
positive_charge,15027,64,(1.5+0.75j),0.35,0.010872538298450954,125,0.0,0.8588585909335055,0.8823153747170961,0.023456783783590618
positive_charge,15028,64,(1.5+0.75j),0.35,0.010916703576324807,139,0.0,0.8592488869716013,0.8809189434235634,0.021670056451962072
positive_charge,15029,64,(1.5+0.75j),0.35,0.010939603969151779,134,0.0,0.8602282660757049,0.8821219607591583,0.02189369468345337
positive_charge,15030,64,(1.5+0.75j),0.35,0.010781717123518823,134,0.0,0.8597370736218691,0.8823277823077821,0.022590708685912952
positive_charge,15031,64,(1.5+0.75j),0.35,0.012776452033674697,128,0.0,0.859463003364713,0.8820364825247113,0.0225734791599983
positive_charge,15000,64,(1.5+0.75j),0.6,0.03550066598155834,138,0.0,0.7518042988490232,0.8201280043126864,0.06832370546366318
positive_charge,15001,64,(1.5+0.75j),0.6,0.035508228881342606,138,0.0,0.7543602231482898,0.8205596135042114,0.0661993903559216
positive_charge,15002,64,(1.5+0.75j),0.6,0.03539031027149585,138,0.0,0.7528001446679838,0.8168138727743932,0.06401372810640937
positive_charge,15003,64,(1.5+0.75j),0.6,0.035758633924050896,123,0.0,0.7516890849017412,0.8206712089156295,0.06898212401388826
positive_charge,15004,64,(1.5+0.75j),0.6,0.03546402367338506,133,0.0,0.7523964597490217,0.8198376656116467,0.06744120586262503
positive_charge,15005,64,(1.5+0.75j),0.6,0.04200954120635993,133,0.0,0.7526194191313219,0.8199284708729568,0.06730905174163493
positive_charge,15006,64,(1.5+0.75j),0.6,0.03534807353566735,121,0.0,0.7538470539112099,0.8203556884760117,0.06650863456480183
positive_charge,15007,64,(1.5+0.75j),0.6,0.03568876198905224,136,0.0,0.7570432659827236,0.8153590029544926,0.05831573697176895
positive_charge,15008,64,(1.5+0.75j),0.6,0.03564693690659152,142,0.0,0.7534587963529363,0.8197934908465766,0.06633469449364027
positive_charge,15009,64,(1.5+0.75j),0.6,0.03521949975790122,133,0.0,0.7560207151250915,0.8186901400985052,0.06266942497341366
positive_charge,15010,64,(1.5+0.75j),0.6,0.035959080468153215,135,0.0,0.7529934327758935,0.8189150146213918,0.06592158184549834
positive_charge,15011,64,(1.5+0.75j),0.6,0.0412266759346618,141,0.0,0.7520326664048469,0.8204442049647974,0.06841153855995052
positive_charge,15012,64,(1.5+0.75j),0.6,0.03532426644329181,126,0.0,0.7530066853134606,0.8118919787942621,0.058885293480801515
positive_charge,15013,64,(1.5+0.75j),0.6,0.03588312904263879,136,0.0,0.7535339544591501,0.8194154624849256,0.06588150802577553
positive_charge,15014,64,(1.5+0.75j),0.6,0.03538050320212486,129,0.0,0.7529677338911135,0.813185675363217,0.060217941472103464
positive_charge,15015,64,(1.5+0.75j),0.6,0.03521827349847044,147,0.0,0.7553318099664967,0.8196750125751553,0.06434320260865856
positive_charge,15016,64,(1.5+0.75j),0.6,0.03526916097657601,133,0.0,0.7532158268409435,0.818077973970811,0.06486214712986749
positive_charge,15017,64,(1.5+0.75j),0.6,0.03600938249220262,134,0.0,0.7527223797074298,0.8197362445974876,0.06701386489005778
positive_charge,15018,64,(1.5+0.75j),0.6,0.036037818983214766,130,0.0,0.7524042981724558,0.8183032289442268,0.065898930771771
positive_charge,15019,64,(1.5+0.75j),0.6,0.041222523288831706,141,0.0,0.7524579305766751,0.8203249523110396,0.06786702173436454
positive_charge,15020,64,(1.5+0.75j),0.6,0.03559105084873009,128,0.0,0.7530547276821482,0.8119554161168634,0.05890068843471519
positive_charge,15021,64,(1.5+0.75j),0.6,0.035912427569978686,144,0.0,0.7525009482682143,0.8193457903882081,0.06684484211999375
positive_charge,15022,64,(1.5+0.75j),0.6,0.03560894997361064,134,0.0,0.7545050888281737,0.8205120194700072,0.0660069306418335
positive_charge,15023,64,(1.5+0.75j),0.6,0.0352384125367432,133,0.0,0.7533311052742354,0.8176523969889429,0.06432129171470746
positive_charge,15024,64,(1.5+0.75j),0.6,0.0411167816629227,138,0.0,0.7531909788450306,0.8193017866102698,0.06611080776523914
positive_charge,15025,64,(1.5+0.75j),0.6,0.036056105655756863,129,0.0,0.7548245846900333,0.8200990205705693,0.06527443588053594
positive_charge,15026,64,(1.5+0.75j),0.6,0.03601704308102822,137,0.0,0.7520747756943497,0.8191341278555287,0.06705935216117909
positive_charge,15027,64,(1.5+0.75j),0.6,0.035683371564949426,125,0.0,0.7516092731479006,0.8203132944855772,0.06870402133767661
positive_charge,15028,64,(1.5+0.75j),0.6,0.03593948404112349,139,0.0,0.7526248555655046,0.8167292444039136,0.06410438883840897
positive_charge,15029,64,(1.5+0.75j),0.6,0.036009199788537935,134,0.0,0.7552509648112132,0.8197938341675806,0.06454286935636733
positive_charge,15030,64,(1.5+0.75j),0.6,0.035430769967424565,134,0.0,0.7540112874910687,0.8203463771589469,0.06633508966787816
positive_charge,15031,64,(1.5+0.75j),0.6,0.041795971081809706,128,0.0,0.7530675603983575,0.8196327009845138,0.06656514058615626
positive_charge,15000,128,(1.25+0j),0.15,0.0030922398317266638,227,0.0,0.8212093295268768,0.8273049877848843,0.006095658258007508
positive_charge,15001,128,(1.25+0j),0.15,0.004085746624439721,225,0.0,0.8212093295268768,0.8281330809404502,0.006923751413573487
positive_charge,15002,128,(1.25+0j),0.15,0.003928567940500107,221,0.0,0.8212093295268766,0.8281485614385192,0.006939231911642585
positive_charge,15003,128,(1.25+0j),0.15,0.003151327698014315,211,0.0,0.8212093295268768,0.8276935181612578,0.0064841886343810495
positive_charge,15004,128,(1.25+0j),0.15,0.0031318141768147687,220,0.0,0.8212093295268768,0.8274778453912762,0.006268515864399471
positive_charge,15005,128,(1.25+0j),0.15,0.0030431880045390875,211,0.0,0.8212093295268769,0.827884069886397,0.006674740359520093
positive_charge,15006,128,(1.25+0j),0.15,0.0031469405125566395,209,0.0,0.8212093295268768,0.8279399773194953,0.00673064779261856
positive_charge,15007,128,(1.25+0j),0.15,0.0031029815934770547,224,0.0,0.8212093295268768,0.8265481384872397,0.005338808960362984
positive_charge,15008,128,(1.25+0j),0.15,0.003005306128655083,228,0.0,0.8212093295268769,0.8274306852600246,0.006221355733147749
positive_charge,15009,128,(1.25+0j),0.15,0.003370406007780905,219,0.0,0.8212093295268768,0.8280704348961123,0.006861105369235565
positive_charge,15010,128,(1.25+0j),0.15,0.003304023066585842,220,0.0,0.8212093295268766,0.8278847999116213,0.006675470384744697
positive_charge,15011,128,(1.25+0j),0.15,0.0032881055392591087,224,0.0,0.8212093295268769,0.8280651410101149,0.006855811483237995
positive_charge,15012,128,(1.25+0j),0.15,0.0033177984023156585,213,0.0,0.8212093295268766,0.8276206975504454,0.0064113680235687864
positive_charge,15013,128,(1.25+0j),0.15,0.004126578901580719,224,0.0,0.8212093295268768,0.8281588057259522,0.006949476199075488
positive_charge,15014,128,(1.25+0j),0.15,0.0030500336621526554,212,0.0,0.8212093295268768,0.8274209655739507,0.006211636047073976
positive_charge,15015,128,(1.25+0j),0.15,0.002995652371133372,232,0.0,0.8212093295268766,0.8277755909059364,0.006566261379059801
positive_charge,15016,128,(1.25+0j),0.15,0.0030099678995107746,222,0.0,0.8212093295268768,0.8278429194421227,0.006633589915245985
positive_charge,15017,128,(1.25+0j),0.15,0.0031139566993462786,223,0.0,0.8212093295268769,0.8279505571538016,0.006741227626924751
positive_charge,15018,128,(1.25+0j),0.15,0.003127675533989569,219,0.0,0.8212093295268768,0.8279189349154228,0.006709605388546036
positive_charge,15019,128,(1.25+0j),0.15,0.00337666649342065,227,0.0,0.8212093295268768,0.8280542754432674,0.006844945916390621
positive_charge,15020,128,(1.25+0j),0.15,0.0030332273962683553,216,0.0,0.8212093295268769,0.8274238989468495,0.006214569419972671
positive_charge,15021,128,(1.25+0j),0.15,0.0029986462337222687,227,0.0,0.8212093295268768,0.8276710783545935,0.006461748827716773
positive_charge,15022,128,(1.25+0j),0.15,0.003076016804926154,226,0.0,0.8212093295268768,0.8279236428625693,0.006714313335692501
positive_charge,15023,128,(1.25+0j),0.15,0.0030641688665699763,215,0.0,0.8212093295268766,0.8277322495661895,0.006522920039312874
positive_charge,15024,128,(1.25+0j),0.15,0.003857612600148798,227,0.0,0.8212093295268768,0.8279232680302551,0.006713938503378314
positive_charge,15025,128,(1.25+0j),0.15,0.003025073924536071,219,0.0,0.8212093295268769,0.8279614734257511,0.006752143898874241
positive_charge,15026,128,(1.25+0j),0.15,0.0038590158463063734,225,0.0,0.8212093295268768,0.8276624629290605,0.006453133402183786
positive_charge,15027,128,(1.25+0j),0.15,0.003058159570210091,211,0.0,0.8212093295268766,0.8274677671359328,0.0062584376090562
positive_charge,15028,128,(1.25+0j),0.15,0.0038093657494994875,227,0.0,0.8212093295268768,0.8281176872190675,0.006908357692190781
positive_charge,15029,128,(1.25+0j),0.15,0.0032893428964144425,224,0.0,0.8212093295268769,0.8279280240034003,0.006718694476523401
positive_charge,15030,128,(1.25+0j),0.15,0.0031115769364021364,228,0.0,0.8212093295268768,0.8279636505093825,0.006754320982505724
positive_charge,15031,128,(1.25+0j),0.15,0.003955346458993029,213,0.0,0.8212093295268768,0.8281543053672816,0.006944975840404877
positive_charge,15000,128,(1.25+0j),0.35,0.019302949311039645,243,0.0,0.6145267008322537,0.6433601971534819,0.028833496321228225
positive_charge,15001,128,(1.25+0j),0.35,0.025199453074909214,241,0.0,0.6145267008322538,0.6471060342951417,0.03257933346288788
positive_charge,15002,128,(1.25+0j),0.35,0.02428530919817697,239,0.0,0.6145267008322538,0.6471666247358299,0.03263992390357606
positive_charge,15003,128,(1.25+0j),0.35,0.019653230721356364,226,0.0,0.6145267008322538,0.6450975185300557,0.0305708176978019
positive_charge,15004,128,(1.25+0j),0.35,0.019536707526237453,236,0.0,0.6145267008322538,0.644135906844935,0.029609206012681244
positive_charge,15005,128,(1.25+0j),0.35,0.019028829091029154,226,0.0,0.6145267008322538,0.6459800211426635,0.031453320310409705
positive_charge,15006,128,(1.25+0j),0.35,0.019623782286213243,224,0.0,0.6145267008322538,0.6462262043271347,0.03169950349488093
positive_charge,15007,128,(1.25+0j),0.35,0.01935848240033413,239,0.0,0.6145267008322538,0.639669535563341,0.02514283473108725
positive_charge,15008,128,(1.25+0j),0.35,0.018830218445509694,245,0.0,0.6145267008322538,0.643930708002539,0.02940400717028524
positive_charge,15009,128,(1.25+0j),0.35,0.020919558145450733,235,0.0,0.6145267008322538,0.6468089639572465,0.032282263124992716
positive_charge,15010,128,(1.25+0j),0.35,0.020543489560237507,237,0.0,0.6145267008322538,0.645988994295905,0.03146229346365115
positive_charge,15011,128,(1.25+0j),0.35,0.020453684793157165,240,0.0,0.6145267008322539,0.6467900126307008,0.03226331179844688
positive_charge,15012,128,(1.25+0j),0.35,0.020617470007562703,229,0.0,0.6145267008322538,0.644740869904993,0.030214169072739216
positive_charge,15013,128,(1.25+0j),0.35,0.02543312617887047,241,0.0,0.6145267008322538,0.6472198872769401,0.03269318644468633
positive_charge,15014,128,(1.25+0j),0.35,0.019062290149360745,228,0.0,0.6145267008322538,0.6438800230157745,0.029353322183520714
positive_charge,15015,128,(1.25+0j),0.35,0.018776564345954667,249,0.0,0.6145267008322538,0.6455367980824388,0.031010097250184998
positive_charge,15016,128,(1.25+0j),0.35,0.0188529079449504,239,0.0,0.6145267008322538,0.6458056802543825,0.03127897942212865
positive_charge,15017,128,(1.25+0j),0.35,0.0194156345421758,240,0.0,0.6145267008322537,0.6463133404084309,0.03178663957617722
positive_charge,15018,128,(1.25+0j),0.35,0.01951983674287929,235,0.0,0.6145267008322537,0.6461353556456007,0.03160865481334696
positive_charge,15019,128,(1.25+0j),0.35,0.020955938620758327,243,0.0,0.6145267008322538,0.6467691181732892,0.03224241734103539
positive_charge,15020,128,(1.25+0j),0.35,0.018978941248653798,233,0.0,0.6145267008322538,0.643987272698428,0.029460571866174234
positive_charge,15021,128,(1.25+0j),0.35,0.018792120731332018,244,0.0,0.6145267008322538,0.6450818282635212,0.030555127431267426
positive_charge,15022,128,(1.25+0j),0.35,0.019209879677634312,243,0.0,0.6145267008322539,0.6461524734076717,0.031625772575417765
positive_charge,15023,128,(1.25+0j),0.35,0.01914776218477929,231,0.0,0.6145267008322538,0.6452799082093631,0.030753207377109293
positive_charge,15024,128,(1.25+0j),0.35,0.023893826570028892,243,0.0,0.6145267008322538,0.6461774927920748,0.03165079195982101
positive_charge,15025,128,(1.25+0j),0.35,0.018930264898434152,236,0.0,0.6145267008322538,0.6463301472074268,0.03180344637517296
positive_charge,15026,128,(1.25+0j),0.35,0.02390005741568718,241,0.0,0.6145267008322539,0.6450260742352484,0.030499373402994467
positive_charge,15027,128,(1.25+0j),0.35,0.019111870039415044,226,0.0,0.6145267008322538,0.6440849201323482,0.02955821930009439
positive_charge,15028,128,(1.25+0j),0.35,0.02361489205965026,244,0.0,0.6145267008322538,0.6470325180256417,0.032505817193387854
positive_charge,15029,128,(1.25+0j),0.35,0.02045486503640454,239,0.0,0.6145267008322538,0.6461781863976019,0.031651485565348136
positive_charge,15030,128,(1.25+0j),0.35,0.019401649210531214,245,0.0,0.6145267008322538,0.6463368629708925,0.03181016213863874
positive_charge,15031,128,(1.25+0j),0.35,0.024434933989345747,230,0.0,0.6145267008322539,0.6471926632607938,0.03266596242853992
positive_charge,15000,128,(1.25+0j),0.6,0.06857151403991296,254,0.0,0.4025085930439088,0.473340577916524,0.07083198487261522
positive_charge,15001,128,(1.25+0j),0.6,0.08799440363028821,252,0.0,0.4025085930439089,0.4819662913588017,0.0794576983148928
positive_charge,15002,128,(1.25+0j),0.6,0.08507279888596544,251,0.0,0.4025085930439089,0.4820893275215391,0.0795807344776302
positive_charge,15003,128,(1.25+0j),0.6,0.06972945230749654,236,0.0,0.4025085930439089,0.4773080974045771,0.07479950436066818
positive_charge,15004,128,(1.25+0j),0.6,0.06934334102856753,247,0.0,0.4025085930439089,0.47504174336780985,0.07253315032390095
positive_charge,15005,128,(1.25+0j),0.6,0.06775257882118495,237,0.0,0.40250859304390885,0.47936325757132986,0.07685466452742101
positive_charge,15006,128,(1.25+0j),0.6,0.06962175802630645,234,0.0,0.40250859304390885,0.47991373084111444,0.07740513779720559
positive_charge,15007,128,(1.25+0j),0.6,0.06872619368407736,249,0.0,0.4025085930439088,0.4640990345109118,0.06159044146700299
positive_charge,15008,128,(1.25+0j),0.6,0.06720454925097044,257,0.0,0.4025085930439089,0.4746425874884819,0.07213399444457302
positive_charge,15009,128,(1.25+0j),0.6,0.07374864170711565,246,0.0,0.4025085930439089,0.4812543984010761,0.07874580535716719
positive_charge,15010,128,(1.25+0j),0.6,0.07258593366976533,248,0.0,0.4025085930439089,0.4794031989721477,0.07689460592823882
positive_charge,15011,128,(1.25+0j),0.6,0.07230938692597128,252,0.0,0.4025085930439088,0.4812193232772032,0.07871073023329439
positive_charge,15012,128,(1.25+0j),0.6,0.07279836487175023,240,0.0,0.4025085930439089,0.4763734674867739,0.07386487444286499
positive_charge,15013,128,(1.25+0j),0.6,0.08872579046616978,252,0.0,0.40250859304390896,0.4822270226813183,0.07971842963740933
positive_charge,15014,128,(1.25+0j),0.6,0.06779818034289138,238,0.0,0.4025085930439089,0.4744279100379661,0.07191931699405718
positive_charge,15015,128,(1.25+0j),0.6,0.06704014136783941,261,0.0,0.40250859304390885,0.4784107709826075,0.07590217793869863
positive_charge,15016,128,(1.25+0j),0.6,0.06725935367573682,251,0.0,0.40250859304390885,0.4789698415563149,0.07646124851240604
positive_charge,15017,128,(1.25+0j),0.6,0.06888571574366745,251,0.0,0.40250859304390896,0.4801877753886922,0.07767918234478322
positive_charge,15018,128,(1.25+0j),0.6,0.06932163134282893,246,0.0,0.4025085930439089,0.4797148762518624,0.07720628320795347
positive_charge,15019,128,(1.25+0j),0.6,0.07385944791880032,255,0.0,0.40250859304390885,0.4812233664246184,0.07871477338070954
positive_charge,15020,128,(1.25+0j),0.6,0.0676281674289086,243,0.0,0.4025085930439089,0.47488418058353626,0.07237558753962736
positive_charge,15021,128,(1.25+0j),0.6,0.06706730259267324,256,0.0,0.4025085930439089,0.4773889778572067,0.07488038481329778
positive_charge,15022,128,(1.25+0j),0.6,0.06829308713917298,253,0.0,0.40250859304390896,0.47974960553582774,0.07724101249191878
positive_charge,15023,128,(1.25+0j),0.6,0.06811963346523102,242,0.0,0.4025085930439089,0.4776831353058341,0.07517454226192521
positive_charge,15024,128,(1.25+0j),0.6,0.08390124709046287,255,0.0,0.4025085930439089,0.47984649431042803,0.07733790126651913
positive_charge,15025,128,(1.25+0j),0.6,0.0674667761932431,247,0.0,0.4025085930439089,0.4801655482451665,0.0776569552012576
positive_charge,15026,128,(1.25+0j),0.6,0.0839117296209385,252,0.0,0.4025085930439089,0.47721984739866036,0.07471125435475146
positive_charge,15027,128,(1.25+0j),0.6,0.06800226948831381,235,0.0,0.4025085930439089,0.47491355172235517,0.07240495867844626
positive_charge,15028,128,(1.25+0j),0.6,0.08301968099844194,255,0.0,0.40250859304390885,0.4817891272875636,0.07928053424365478
positive_charge,15029,128,(1.25+0j),0.6,0.07228778972832935,250,0.0,0.40250859304390896,0.4798228463085736,0.07731425326466462
positive_charge,15030,128,(1.25+0j),0.6,0.06884022901497805,257,0.0,0.40250859304390896,0.4801775177972786,0.07766892475336962
positive_charge,15031,128,(1.25+0j),0.6,0.08552706217385146,239,0.0,0.4025085930439089,0.48214931121553906,0.07964071817163015
positive_charge,15000,128,(1.5+0j),0.15,0.0019145482691290481,204,0.0,0.877566832416476,0.881446809746862,0.0038799773303859197
positive_charge,15001,128,(1.5+0j),0.15,0.0024273511851697054,204,0.0,0.877566832416476,0.8819043159951689,0.004337483578692902
positive_charge,15002,128,(1.5+0j),0.15,0.0023508344567780316,199,0.0,0.877566832416476,0.8818947295153459,0.004327897098869826
positive_charge,15003,128,(1.5+0j),0.15,0.0019390674788222135,191,0.0,0.877566832416476,0.8816938835797659,0.004127051163289819
positive_charge,15004,128,(1.5+0j),0.15,0.0019312101891442715,199,0.0,0.877566832416476,0.8815625854348277,0.003995753018351644
positive_charge,15005,128,(1.5+0j),0.15,0.0018997484176073293,190,0.0,0.877566832416476,0.8817693537441358,0.004202521327659747
positive_charge,15006,128,(1.5+0j),0.15,0.0019358693266348858,188,0.0,0.8775668324164762,0.8817879255533071,0.0042210931368309446
positive_charge,15007,128,(1.5+0j),0.15,0.0019219360804664045,203,0.0,0.877566832416476,0.8809244318579178,0.003357599441441761
positive_charge,15008,128,(1.5+0j),0.15,0.0018895265541293551,204,0.0,0.877566832416476,0.881605398891758,0.004038566475282002
positive_charge,15009,128,(1.5+0j),0.15,0.002037799801411864,198,0.0,0.8775668324164759,0.8818493540048734,0.004282521588397481
positive_charge,15010,128,(1.5+0j),0.15,0.0020103412735039926,198,0.0,0.8775668324164759,0.8817675708188424,0.004200738402366455
positive_charge,15011,128,(1.5+0j),0.15,0.0020078403110101776,201,0.0,0.8775668324164759,0.8818559408598645,0.0042891084433885895
positive_charge,15012,128,(1.5+0j),0.15,0.002013852372142859,191,0.0,0.8775668324164758,0.881593275869648,0.004026443453172157
positive_charge,15013,128,(1.5+0j),0.15,0.0024467291263662702,201,0.0,0.877566832416476,0.8819090555845139,0.004342223168037895
positive_charge,15014,128,(1.5+0j),0.15,0.001902257124322444,190,0.0,0.877566832416476,0.8815381243065942,0.003971291890118134
positive_charge,15015,128,(1.5+0j),0.15,0.0018876073039630096,209,0.0,0.877566832416476,0.8817575879952405,0.004190755578764471
positive_charge,15016,128,(1.5+0j),0.15,0.0018909638298040409,199,0.0,0.8775668324164762,0.8817561887805871,0.0041893563641109965
positive_charge,15017,128,(1.5+0j),0.15,0.0019245462422742537,202,0.0,0.877566832416476,0.8818375816113759,0.004270749194899892
positive_charge,15018,128,(1.5+0j),0.15,0.0019314628420152933,198,0.0,0.877566832416476,0.881781858274459,0.004215025857982946
positive_charge,15019,128,(1.5+0j),0.15,0.0020395274291139308,205,0.0,0.8775668324164762,0.8818810030639553,0.0043141706474791874
positive_charge,15020,128,(1.5+0j),0.15,0.0018954611474041032,195,0.0,0.8775668324164759,0.8816107486296895,0.004043916213213539
positive_charge,15021,128,(1.5+0j),0.15,0.0018883934369650823,204,0.0,0.877566832416476,0.8817210685883872,0.00415423617191113
positive_charge,15022,128,(1.5+0j),0.15,0.0019084918636728925,202,0.0,0.877566832416476,0.8817819334538717,0.004215101037395641
positive_charge,15023,128,(1.5+0j),0.15,0.0019052321037019186,194,0.0,0.877566832416476,0.8816834528037987,0.004116620387322634
positive_charge,15024,128,(1.5+0j),0.15,0.002332452616465593,205,0.0,0.877566832416476,0.8818043925248975,0.004237560108421468
positive_charge,15025,128,(1.5+0j),0.15,0.0018945021862649192,198,0.0,0.877566832416476,0.8818091557559634,0.004242323339487375
positive_charge,15026,128,(1.5+0j),0.15,0.002332813145105382,202,0.0,0.8775668324164762,0.8816945440463922,0.004127711629916098
positive_charge,15027,128,(1.5+0j),0.15,0.001904107560259999,190,0.0,0.877566832416476,0.8815566631317839,0.003989830715307896
positive_charge,15028,128,(1.5+0j),0.15,0.0023099322056368134,203,0.0,0.8775668324164759,0.8818839052325483,0.004317072816072409
positive_charge,15029,128,(1.5+0j),0.15,0.002008564862480075,201,0.0,0.877566832416476,0.881788204446524,0.00422137203004791
positive_charge,15030,128,(1.5+0j),0.15,0.001923300743681295,205,0.0,0.8775668324164762,0.8818080078372558,0.004241175420779619
positive_charge,15031,128,(1.5+0j),0.15,0.0023587044027775315,192,0.0,0.877566832416476,0.8818966031567095,0.004329770740233441
positive_charge,15000,128,(1.5+0j),0.35,0.011664889184343202,219,0.0,0.7256024249849365,0.7452546566003997,0.019652231615463145
positive_charge,15001,128,(1.5+0j),0.35,0.014633005306956387,217,0.0,0.7256024249849365,0.7474665171524298,0.0218640921674933
positive_charge,15002,128,(1.5+0j),0.35,0.014199876298253268,213,0.0,0.7256024249849365,0.7474185772998847,0.021816152314948156
positive_charge,15003,128,(1.5+0j),0.35,0.011805026384603888,203,0.0,0.7256024249849365,0.7464697499259841,0.020867324941047594
positive_charge,15004,128,(1.5+0j),0.35,0.01176020021189222,212,0.0,0.7256024249849365,0.7458141349140651,0.020211709929128574
positive_charge,15005,128,(1.5+0j),0.35,0.011583179393563594,203,0.0,0.7256024249849367,0.7468160200504117,0.021213595065475044
positive_charge,15006,128,(1.5+0j),0.35,0.011786309311995249,201,0.0,0.7256024249849367,0.7469025268608068,0.02130010187587017
positive_charge,15007,128,(1.5+0j),0.35,0.011702684649654044,216,0.0,0.7256024249849367,0.7426324120078297,0.017029987022893045
positive_charge,15008,128,(1.5+0j),0.35,0.011529917705980315,219,0.0,0.7256024249849365,0.7460557127036062,0.02045328771866961
positive_charge,15009,128,(1.5+0j),0.35,0.0123628683634274,212,0.0,0.7256024249849365,0.747196057917492,0.02159363293255545
positive_charge,15010,128,(1.5+0j),0.35,0.012210115843906409,212,0.0,0.7256024249849365,0.7468068207909536,0.021204395806017073
positive_charge,15011,128,(1.5+0j),0.35,0.01219585031394693,215,0.0,0.7256024249849367,0.7472297922910928,0.02162736730615611
positive_charge,15012,128,(1.5+0j),0.35,0.012228796293923008,205,0.0,0.7256024249849367,0.7459390103065218,0.02033658532158511
positive_charge,15013,128,(1.5+0j),0.35,0.014741153646990161,216,0.0,0.7256024249849365,0.7474882521777206,0.02188582719278409
positive_charge,15014,128,(1.5+0j),0.35,0.011595835156538068,204,0.0,0.7256024249849365,0.7456849624186125,0.02008253743367594
positive_charge,15015,128,(1.5+0j),0.35,0.01151941732903721,223,0.0,0.7256024249849367,0.7467738405681428,0.02117141558320612
positive_charge,15016,128,(1.5+0j),0.35,0.01153706076856268,214,0.0,0.7256024249849365,0.7467558923642124,0.021153467379275814
positive_charge,15017,128,(1.5+0j),0.35,0.011716123506475207,215,0.0,0.7256024249849367,0.7471537091867508,0.02155128420181418
positive_charge,15018,128,(1.5+0j),0.35,0.011762811784967029,211,0.0,0.7256024249849367,0.7468742936804252,0.021271868695488583
positive_charge,15019,128,(1.5+0j),0.35,0.012372798538293815,219,0.0,0.7256024249849367,0.7473578966375083,0.021755471652571634
positive_charge,15020,128,(1.5+0j),0.35,0.01156127016597746,208,0.0,0.7256024249849365,0.7460804449182464,0.020478019933309888
positive_charge,15021,128,(1.5+0j),0.35,0.011523518490208124,218,0.0,0.7256024249849365,0.7466027588156922,0.021000333830755613
positive_charge,15022,128,(1.5+0j),0.35,0.011630867787582655,218,0.0,0.7256024249849365,0.7468746004650014,0.02127217548006488
positive_charge,15023,128,(1.5+0j),0.35,0.011613652266909675,207,0.0,0.7256024249849367,0.7463931183540043,0.020790693369067692
positive_charge,15024,128,(1.5+0j),0.35,0.014099108715396226,219,0.0,0.7256024249849367,0.7469924672435921,0.021390042258655484
positive_charge,15025,128,(1.5+0j),0.35,0.011555163516922115,211,0.0,0.7256024249849365,0.747006714278993,0.021404289294056467
positive_charge,15026,128,(1.5+0j),0.35,0.0141008507680052,216,0.0,0.7256024249849367,0.7464726442265575,0.020870219241620802
positive_charge,15027,128,(1.5+0j),0.35,0.011606880344791057,203,0.0,0.7256024249849367,0.7457841717587623,0.02018174677382567
positive_charge,15028,128,(1.5+0j),0.35,0.013972809481777652,218,0.0,0.7256024249849367,0.7473679515661179,0.02176552658118125
positive_charge,15029,128,(1.5+0j),0.35,0.01219810537325931,216,0.0,0.7256024249849365,0.7469029577365289,0.021300532751592383
positive_charge,15030,128,(1.5+0j),0.35,0.01170911481670042,220,0.0,0.7256024249849367,0.7469994080861215,0.021396983101184874
positive_charge,15031,128,(1.5+0j),0.35,0.014243283620896415,205,0.0,0.7256024249849367,0.7474272874873954,0.02182486250245874
positive_charge,15000,128,(1.5+0j),0.6,0.039930955772557335,228,0.0,0.5534226021751478,0.6061212585925567,0.052698656417408896
positive_charge,15001,128,(1.5+0j),0.6,0.049376937441451704,227,0.0,0.5534226021751479,0.6116781586357084,0.058255556460560465
positive_charge,15002,128,(1.5+0j),0.6,0.04803974025885728,224,0.0,0.5534226021751479,0.611552934012605,0.05813033183745708
positive_charge,15003,128,(1.5+0j),0.6,0.04037059007486649,212,0.0,0.5534226021751478,0.609208753237551,0.055786151062403144
positive_charge,15004,128,(1.5+0j),0.6,0.04023063080128679,222,0.0,0.5534226021751479,0.6075023195698356,0.05407971739468764
positive_charge,15005,128,(1.5+0j),0.6,0.039688607737980656,211,0.0,0.5534226021751478,0.6100410730651166,0.05661847088996874
positive_charge,15006,128,(1.5+0j),0.6,0.04031065650195958,210,0.0,0.5534226021751479,0.610253902929098,0.05683130075395004
positive_charge,15007,128,(1.5+0j),0.6,0.04003263266007561,225,0.0,0.5534226021751478,0.5993162788732719,0.04589367669812405
positive_charge,15008,128,(1.5+0j),0.6,0.03954200838445741,229,0.0,0.5534226021751478,0.608196469722545,0.054773867547397215
positive_charge,15009,128,(1.5+0j),0.6,0.04208890675550283,220,0.0,0.5534226021751478,0.6109876023601315,0.05756500018498367
positive_charge,15010,128,(1.5+0j),0.6,0.041627638361766625,221,0.0,0.5534226021751478,0.6100234542703314,0.05660085209518362
positive_charge,15011,128,(1.5+0j),0.6,0.04158316061252784,225,0.0,0.5534226021751479,0.6110734680317504,0.05765086585660251
positive_charge,15012,128,(1.5+0j),0.6,0.04168073608403165,214,0.0,0.5534226021751479,0.6077667929381413,0.05434419076299335
positive_charge,15013,128,(1.5+0j),0.6,0.04970484115264142,225,0.0,0.5534226021751479,0.6117301151008282,0.05830751292568026
positive_charge,15014,128,(1.5+0j),0.6,0.039715208306049514,213,0.0,0.5534226021751479,0.607137352269182,0.053714750094034036
positive_charge,15015,128,(1.5+0j),0.6,0.039510723578522436,234,0.0,0.5534226021751478,0.609968413868001,0.05654581169285322
positive_charge,15016,128,(1.5+0j),0.6,0.03956024211653559,224,0.0,0.5534226021751478,0.6098965491799622,0.05647394700481434
positive_charge,15017,128,(1.5+0j),0.6,0.04006933276128916,225,0.0,0.5534226021751479,0.610911561658492,0.05748895948334409
positive_charge,15018,128,(1.5+0j),0.6,0.04024370306364803,220,0.0,0.5534226021751479,0.6101861980376034,0.056763595862455496
positive_charge,15019,128,(1.5+0j),0.6,0.042119422312509314,228,0.0,0.5534226021751479,0.6114138111474182,0.05799120897227028
positive_charge,15020,128,(1.5+0j),0.6,0.039630513066740265,218,0.0,0.5534226021751478,0.6082559751984744,0.05483337302332658
positive_charge,15021,128,(1.5+0j),0.6,0.03951976554165018,229,0.0,0.5534226021751478,0.6095497554904046,0.05612715331525675
positive_charge,15022,128,(1.5+0j),0.6,0.039829003792732826,227,0.0,0.5534226021751479,0.6101834046449217,0.056760802469773775
positive_charge,15023,128,(1.5+0j),0.6,0.03978043612228592,216,0.0,0.5534226021751478,0.6089503460271,0.05552774385195214
positive_charge,15024,128,(1.5+0j),0.6,0.04774088563022022,229,0.0,0.5534226021751479,0.6105021286850547,0.057079526509906775
positive_charge,15025,128,(1.5+0j),0.6,0.03960895948608307,220,0.0,0.5534226021751478,0.6105172428717969,0.057094640696649046
positive_charge,15026,128,(1.5+0j),0.6,0.047744860597573456,226,0.0,0.5534226021751478,0.6092152627025053,0.05579266052735743
positive_charge,15027,128,(1.5+0j),0.6,0.03975811783559105,212,0.0,0.5534226021751478,0.6074229941193056,0.05400039194415773
positive_charge,15028,128,(1.5+0j),0.6,0.04735588228179566,228,0.0,0.5534226021751479,0.611429310912127,0.05800670873697911
positive_charge,15029,128,(1.5+0j),0.6,0.041582795549528255,224,0.0,0.5534226021751479,0.6102568696098823,0.05683426743473441
positive_charge,15030,128,(1.5+0j),0.6,0.040047839232422604,230,0.0,0.5534226021751478,0.6104950063636571,0.05707240418850923
positive_charge,15031,128,(1.5+0j),0.6,0.048169392077868495,216,0.0,0.5534226021751479,0.6115740715468978,0.058151469371749864
positive_charge,15000,128,(2+0j),0.15,0.0007885148971387645,170,0.0,0.9327389433079145,0.9343493807409959,0.0016104374330814242
positive_charge,15001,128,(2+0j),0.15,0.0009285279321125355,172,0.0,0.9327389433079145,0.9344813762443647,0.0017424329364501556
positive_charge,15002,128,(2+0j),0.15,0.0009126740253090315,166,0.0,0.9327389433079146,0.9344769850898773,0.0017380417819626848
positive_charge,15003,128,(2+0j),0.15,0.0007921792213435994,160,0.0,0.9327389433079146,0.934442527199571,0.0017035838916563684
positive_charge,15004,128,(2+0j),0.15,0.0007913064771210739,167,0.0,0.9327389433079146,0.9343942122762581,0.0016552689683434485
positive_charge,15005,128,(2+0j),0.15,0.0007872634898663907,158,0.0,0.9327389433079145,0.9344465538532881,0.0017076105453736057
positive_charge,15006,128,(2+0j),0.15,0.0007916905985223792,158,0.0,0.9327389433079146,0.9344484971843737,0.0017095538764591023
positive_charge,15007,128,(2+0j),0.15,0.0007901096254900769,170,0.0,0.9327389433079146,0.9341973144424601,0.0014583711345454997
positive_charge,15008,128,(2+0j),0.15,0.0007864559713125032,170,0.0,0.9327389433079146,0.9344318909543888,0.0016929476464742077
positive_charge,15009,128,(2+0j),0.15,0.0008112374919781862,167,0.0,0.9327389433079146,0.9344607580779971,0.001721814770082486
positive_charge,15010,128,(2+0j),0.15,0.0008072325037993647,165,0.0,0.9327389433079146,0.9344434952821087,0.0017045519741940574
positive_charge,15011,128,(2+0j),0.15,0.0008071862525228881,167,0.0,0.9327389433079145,0.9344654037187282,0.0017264604108137016
positive_charge,15012,128,(2+0j),0.15,0.0008074616276871649,159,0.0,0.9327389433079145,0.934379215102942,0.0016402717950274592
positive_charge,15013,128,(2+0j),0.15,0.0009317840149893225,167,0.0,0.9327389433079147,0.9344813899049407,0.0017424465970259373
positive_charge,15014,128,(2+0j),0.15,0.0007874491504945983,158,0.0,0.9327389433079146,0.9343797409804403,0.0016407976725256734
positive_charge,15015,128,(2+0j),0.15,0.0007863787334165864,173,0.0,0.9327389433079145,0.9344568326014343,0.001717889293519792
positive_charge,15016,128,(2+0j),0.15,0.0007865666347474928,167,0.0,0.9327389433079146,0.9344464774643582,0.0017075341564435353
positive_charge,15017,128,(2+0j),0.15,0.0007902660759317732,169,0.0,0.9327389433079145,0.9344726801832834,0.0017337368753689297
positive_charge,15018,128,(2+0j),0.15,0.0007914564740152736,164,0.0,0.9327389433079145,0.9344479856817809,0.0017090423738663763
positive_charge,15019,128,(2+0j),0.15,0.00081135830874361,172,0.0,0.9327389433079146,0.9344792948663269,0.0017403515584122342
positive_charge,15020,128,(2+0j),0.15,0.0007867271387278005,162,0.0,0.9327389433079145,0.934432122765009,0.0016931794570944625
positive_charge,15021,128,(2+0j),0.15,0.0007864184867623576,168,0.0,0.9327389433079145,0.9344523336911145,0.001713390383199953
positive_charge,15022,128,(2+0j),0.15,0.0007878700975471934,168,0.0,0.9327389433079145,0.9344477153410539,0.0017087720331393497
positive_charge,15023,128,(2+0j),0.15,0.0007875882076772689,163,0.0,0.9327389433079145,0.9344187085229128,0.0016797652149982412
positive_charge,15024,128,(2+0j),0.15,0.0009113348845129586,171,0.0,0.9327389433079146,0.9344619414493758,0.0017229981414611517
positive_charge,15025,128,(2+0j),0.15,0.0007867555479838269,166,0.0,0.9327389433079145,0.9344563239251723,0.001717380617257791
positive_charge,15026,128,(2+0j),0.15,0.0009113487749649221,167,0.0,0.9327389433079145,0.9344423065373797,0.0017033632294651824
positive_charge,15027,128,(2+0j),0.15,0.0007875614534158181,161,0.0,0.9327389433079146,0.934392979832749,0.0016540365248344235
positive_charge,15028,128,(2+0j),0.15,0.0009076323803039212,169,0.0,0.9327389433079145,0.9344756183485177,0.0017366750406031528
positive_charge,15029,128,(2+0j),0.15,0.0008073559287876301,169,0.0,0.9327389433079146,0.9344466613192282,0.0017077180113135304
positive_charge,15030,128,(2+0j),0.15,0.0007901402226135868,171,0.0,0.9327389433079147,0.9344544826699774,0.0017155393620627013
positive_charge,15031,128,(2+0j),0.15,0.0009132774857916823,159,0.0,0.9327389433079145,0.9344771447118386,0.0017382014039241112
positive_charge,15000,128,(2+0j),0.35,0.004626077331043698,180,0.0,0.8447998314276521,0.8533651924604742,0.008565361032822016
positive_charge,15001,128,(2+0j),0.35,0.005413306463679519,181,0.0,0.8447998314276521,0.8540393468643337,0.009239515436681556
positive_charge,15002,128,(2+0j),0.35,0.00532569617450006,176,0.0,0.844799831427652,0.8540171257195329,0.009217294291880895
positive_charge,15003,128,(2+0j),0.35,0.004646383763849295,170,0.0,0.844799831427652,0.8538438204758861,0.009043989048234113
positive_charge,15004,128,(2+0j),0.35,0.00464155645252659,177,0.0,0.844799831427652,0.8535942170176934,0.00879438559004142
positive_charge,15005,128,(2+0j),0.35,0.004619235071424056,168,0.0,0.8447998314276521,0.8538619744135895,0.009062142985937327
positive_charge,15006,128,(2+0j),0.35,0.004643665541739,168,0.0,0.844799831427652,0.8538716773072808,0.009071845879628726
positive_charge,15007,128,(2+0j),0.35,0.004634326114311719,180,0.0,0.844799831427652,0.8525909435800011,0.007791112152349067
positive_charge,15008,128,(2+0j),0.35,0.004615013394924446,180,0.0,0.8447998314276521,0.8537906261662156,0.008990794738563457
positive_charge,15009,128,(2+0j),0.35,0.0047516692582997705,176,0.0,0.8447998314276521,0.8539333602464048,0.009133528818752623
positive_charge,15010,128,(2+0j),0.35,0.004729710703336455,174,0.0,0.8447998314276521,0.8538458240298255,0.009045992602173314
positive_charge,15011,128,(2+0j),0.35,0.004729425663800468,177,0.0,0.8447998314276521,0.8539575204570111,0.009157689029358984
positive_charge,15012,128,(2+0j),0.35,0.004730927180999589,169,0.0,0.8447998314276522,0.8535133978491418,0.008713566421489571
positive_charge,15013,128,(2+0j),0.35,0.0054311641637975975,177,0.0,0.8447998314276522,0.8540393915307186,0.009239560103066369
positive_charge,15014,128,(2+0j),0.35,0.004620185533178936,168,0.0,0.8447998314276522,0.8535152903711155,0.008715458943463261
positive_charge,15015,128,(2+0j),0.35,0.004614595449436145,184,0.0,0.8447998314276522,0.853915981336586,0.009116149908933724
positive_charge,15016,128,(2+0j),0.35,0.004615580085930712,176,0.0,0.844799831427652,0.8538622280809187,0.009062396653266691
positive_charge,15017,128,(2+0j),0.35,0.004635135341861448,179,0.0,0.8447998314276521,0.8539958328978936,0.009196001470241466
positive_charge,15018,128,(2+0j),0.35,0.004642425560155397,174,0.0,0.8447998314276521,0.853869125488034,0.009069294060381816
positive_charge,15019,128,(2+0j),0.35,0.004752347757450061,182,0.0,0.8447998314276521,0.8540289608272376,0.009229129399585423
positive_charge,15020,128,(2+0j),0.35,0.00461644603101346,172,0.0,0.8447998314276522,0.8537917802755907,0.008991948847938414
positive_charge,15021,128,(2+0j),0.35,0.0046148021656878795,179,0.0,0.8447998314276521,0.8538934611775542,0.009093629749902021
positive_charge,15022,128,(2+0j),0.35,0.004622522309575906,178,0.0,0.8447998314276521,0.8538677693783508,0.009067937950698712
positive_charge,15023,128,(2+0j),0.35,0.00462101364996518,172,0.0,0.8447998314276521,0.853718010933637,0.008918179505984836
positive_charge,15024,128,(2+0j),0.35,0.0053183906493469955,181,0.0,0.8447998314276521,0.8539415307269068,0.00914169929925468
positive_charge,15025,128,(2+0j),0.35,0.004616556655049709,175,0.0,0.8447998314276522,0.8539115877329042,0.009111756305251961
positive_charge,15026,128,(2+0j),0.35,0.005318461028574242,178,0.0,0.8447998314276521,0.853842712173575,0.009042880745922854
positive_charge,15027,128,(2+0j),0.35,0.004620839327126202,170,0.0,0.8447998314276521,0.8535878528131657,0.0087880213855136
positive_charge,15028,128,(2+0j),0.35,0.005298060809461165,179,0.0,0.8447998314276521,0.8540102898646822,0.009210458437030056
positive_charge,15029,128,(2+0j),0.35,0.0047302146883862,179,0.0,0.8447998314276521,0.8538616745765548,0.009061843148902682
positive_charge,15030,128,(2+0j),0.35,0.0046344435968265285,181,0.0,0.8447998314276521,0.8539019075184207,0.009102076090768518
positive_charge,15031,128,(2+0j),0.35,0.005328992777473039,169,0.0,0.844799831427652,0.8540179213990071,0.009218089971355092
positive_charge,15000,128,(2+0j),0.6,0.015002023971606448,187,0.0,0.7377700297544003,0.7622110582809809,0.024441028526580588
positive_charge,15001,128,(2+0j),0.6,0.017412680426026547,189,0.0,0.7377700297544002,0.7640332988178199,0.026263269063419692
positive_charge,15002,128,(2+0j),0.6,0.0171503482961079,183,0.0,0.7377700297544001,0.7639737096000982,0.026203679845698158
positive_charge,15003,128,(2+0j),0.6,0.015063093292217115,175,0.0,0.7377700297544001,0.7635122394229494,0.025742209668549343
positive_charge,15004,128,(2+0j),0.6,0.01504861746916686,183,0.0,0.7377700297544003,0.7628277321353533,0.02505770238095295
positive_charge,15005,128,(2+0j),0.6,0.014981866514771918,175,0.0,0.7377700297544002,0.7635546829213646,0.025784653166964433
positive_charge,15006,128,(2+0j),0.6,0.015054889856827737,174,0.0,0.7377700297544002,0.7635802926011118,0.025810262846711618
positive_charge,15007,128,(2+0j),0.6,0.015024615645762594,186,0.0,0.7377700297544002,0.7601258869518847,0.022355857197484452
positive_charge,15008,128,(2+0j),0.6,0.014970128807188347,187,0.0,0.7377700297544001,0.7633715121586115,0.02560148240421145
positive_charge,15009,128,(2+0j),0.6,0.015378215522101144,183,0.0,0.7377700297544002,0.7637446589762208,0.02597462922182059
positive_charge,15010,128,(2+0j),0.6,0.015313116399770118,181,0.0,0.7377700297544002,0.7635097516799396,0.025739721925539416
positive_charge,15011,128,(2+0j),0.6,0.015312152998075637,184,0.0,0.7377700297544003,0.7638111589951587,0.02604112924075841
positive_charge,15012,128,(2+0j),0.6,0.015316573424185846,176,0.0,0.7377700297544001,0.7625964945739522,0.024826464819552085
positive_charge,15013,128,(2+0j),0.6,0.017465643741790948,184,0.0,0.7377700297544001,0.7640333424080569,0.02626331265365678
positive_charge,15014,128,(2+0j),0.6,0.014984165988301176,174,0.0,0.7377700297544002,0.7625983278313091,0.024828298076908895
positive_charge,15015,128,(2+0j),0.6,0.014968907407647869,191,0.0,0.7377700297544002,0.7637050435298399,0.02593501377543972
positive_charge,15016,128,(2+0j),0.6,0.014971658381839538,183,0.0,0.7377700297544001,0.7635574660015642,0.025787436247164064
positive_charge,15017,128,(2+0j),0.6,0.015026836808185956,187,0.0,0.7377700297544002,0.7639181026683667,0.02614807291396648
positive_charge,15018,128,(2+0j),0.6,0.015051378695233628,181,0.0,0.7377700297544002,0.7635735631309671,0.025803533376566934
positive_charge,15019,128,(2+0j),0.6,0.015380272869693502,189,0.0,0.7377700297544002,0.7640058963951156,0.026235866640715422
positive_charge,15020,128,(2+0j),0.6,0.01497417887405212,179,0.0,0.7377700297544003,0.7633745477510883,0.025604517996687948
positive_charge,15021,128,(2+0j),0.6,0.014969415107081404,186,0.0,0.7377700297544002,0.763645405425758,0.02587537567135778
positive_charge,15022,128,(2+0j),0.6,0.014991468545795552,186,0.0,0.7377700297544001,0.763569966358946,0.025799936604545937
positive_charge,15023,128,(2+0j),0.6,0.014987132384039805,179,0.0,0.7377700297544002,0.76315967267865,0.025389642924249833
positive_charge,15024,128,(2+0j),0.6,0.017128822909740594,188,0.0,0.7377700297544002,0.7637726385749896,0.026002608820589357
positive_charge,15025,128,(2+0j),0.6,0.014974335795376733,182,0.0,0.7377700297544002,0.763688965502156,0.025918935747755834
positive_charge,15026,128,(2+0j),0.6,0.017129003847907543,184,0.0,0.7377700297544002,0.7635092930294325,0.025739263275032287
positive_charge,15027,128,(2+0j),0.6,0.014986513990532978,176,0.0,0.7377700297544002,0.7628106073946795,0.025040577640279338
positive_charge,15028,128,(2+0j),0.6,0.017068443057000268,186,0.0,0.7377700297544002,0.7639556261981644,0.02618559644376417
positive_charge,15029,128,(2+0j),0.6,0.015313955090659716,186,0.0,0.7377700297544002,0.763551730170784,0.025781700416383835
positive_charge,15030,128,(2+0j),0.6,0.015024779413870272,188,0.0,0.7377700297544001,0.7636611301742008,0.025891100419800694
positive_charge,15031,128,(2+0j),0.6,0.017160077064385628,176,0.0,0.7377700297544002,0.7639758061496558,0.026205776395255564
positive_charge,15000,128,(1.5+0.75j),0.15,0.001802120469230018,204,0.0,0.9413153261828395,0.9453030905544137,0.003987764371574221
positive_charge,15001,128,(1.5+0.75j),0.15,0.0021624422459862952,203,0.0,0.9410984362529853,0.945242736241893,0.004144299988907751
positive_charge,15002,128,(1.5+0.75j),0.15,0.002114853771674704,199,0.0,0.9410868570611316,0.9452677133191402,0.0041808562580085695
positive_charge,15003,128,(1.5+0.75j),0.15,0.001791559874381457,191,0.0,0.941173530577329,0.9452717924627967,0.004098261885467691
positive_charge,15004,128,(1.5+0.75j),0.15,0.0017993272376963295,199,0.0,0.9410096574602489,0.9450232502544512,0.004013592794202325
positive_charge,15005,128,(1.5+0.75j),0.15,0.0018148357439119161,190,0.0,0.9410031443656159,0.9453170639720938,0.004313919606477867
positive_charge,15006,128,(1.5+0.75j),0.15,0.0017948070893982321,188,0.0,0.9410508198886198,0.9452949195834571,0.0042440996948373
positive_charge,15007,128,(1.5+0.75j),0.15,0.0018294647581175011,203,0.0,0.9410138151733964,0.9446607803713395,0.003646965197943053
positive_charge,15008,128,(1.5+0.75j),0.15,0.0018122144727943038,204,0.0,0.9411931207982158,0.9453285359123126,0.004135415114096763
positive_charge,15009,128,(1.5+0.75j),0.15,0.001830300971388318,197,0.0,0.9411205439542439,0.9452338330674115,0.004113289113167551
positive_charge,15010,128,(1.5+0.75j),0.15,0.0018299454685159916,198,0.0,0.941152799537298,0.9452256580868498,0.00407285854955175
positive_charge,15011,128,(1.5+0.75j),0.15,0.001833914425435519,201,0.0,0.9410468520334372,0.9452528546395015,0.004206002606064296
positive_charge,15012,128,(1.5+0.75j),0.15,0.00182907920653213,190,0.0,0.9410587898436973,0.944994942008107,0.003936152164409679
positive_charge,15013,128,(1.5+0.75j),0.15,0.0021709656850770246,201,0.0,0.9411043177787698,0.9452279707564061,0.004123652977636283
positive_charge,15014,128,(1.5+0.75j),0.15,0.0018116697519757598,190,0.0,0.9411702876130436,0.9452924338658214,0.004122146252777847
positive_charge,15015,128,(1.5+0.75j),0.15,0.0018138337640156495,208,0.0,0.9411531688843134,0.9452510020517378,0.004097833167424403
positive_charge,15016,128,(1.5+0.75j),0.15,0.0018125640081617879,199,0.0,0.9410201025679288,0.9453202056940678,0.004300103126139043
positive_charge,15017,128,(1.5+0.75j),0.15,0.0018305884090948318,202,0.0,0.9410175659862761,0.9453265666762735,0.0043090006899974
positive_charge,15018,128,(1.5+0.75j),0.15,0.0017974656796931965,197,0.0,0.9410418448558031,0.9452984522402188,0.004256607384415689
positive_charge,15019,128,(1.5+0.75j),0.15,0.001827924993559181,205,0.0,0.941077990996508,0.9452493339838676,0.00417134298735955
positive_charge,15020,128,(1.5+0.75j),0.15,0.0018120025419702014,195,0.0,0.941044041222319,0.9451767856107699,0.004132744388450904
positive_charge,15021,128,(1.5+0.75j),0.15,0.0018123649134196955,203,0.0,0.9413166439173997,0.9450886154230452,0.003771971505645566
positive_charge,15022,128,(1.5+0.75j),0.15,0.0018084223516661834,202,0.0,0.9410170319368952,0.9453079192498504,0.004290887312955127
positive_charge,15023,128,(1.5+0.75j),0.15,0.001808697988737386,193,0.0,0.9411167251786617,0.9450815858889096,0.0039648607102478195
positive_charge,15024,128,(1.5+0.75j),0.15,0.0021275605083176936,205,0.0,0.941122582272574,0.945268354607173,0.004145772334599007
positive_charge,15025,128,(1.5+0.75j),0.15,0.001813986591391503,198,0.0,0.9409663833664138,0.945304284150715,0.004337900784301185
positive_charge,15026,128,(1.5+0.75j),0.15,0.0021274295738449894,202,0.0,0.9410457380263137,0.9450811319270339,0.004035393900720163
positive_charge,15027,128,(1.5+0.75j),0.15,0.0018122493103204433,190,0.0,0.9409948277940876,0.9450675871515388,0.004072759357451217
positive_charge,15028,128,(1.5+0.75j),0.15,0.0021229401966586553,203,0.0,0.9410576958414762,0.9452895258663181,0.004231830024841843
positive_charge,15029,128,(1.5+0.75j),0.15,0.0018429543134350918,201,0.0,0.9411090903729584,0.9452543032695598,0.0041452128966014135
positive_charge,15030,128,(1.5+0.75j),0.15,0.0018323024129772176,205,0.0,0.9409762529370014,0.9453009247886999,0.004324671851698492
positive_charge,15031,128,(1.5+0.75j),0.15,0.0021074779374561942,192,0.0,0.9411001372588519,0.9452595354653984,0.0041593982065465385
positive_charge,15000,128,(1.5+0.75j),0.35,0.01071086086855735,219,0.0,0.860835118850702,0.882548941550276,0.021713822699574004
positive_charge,15001,128,(1.5+0.75j),0.35,0.012791198914530531,217,0.0,0.8596474216958215,0.8822554269680195,0.022608005272197973
positive_charge,15002,128,(1.5+0.75j),0.35,0.012519510146571981,213,0.0,0.8596098134427077,0.8823776889464353,0.022767875503727608
positive_charge,15003,128,(1.5+0.75j),0.35,0.010662317768926378,203,0.0,0.8600529511663831,0.8823972116353637,0.022344260468980526
positive_charge,15004,128,(1.5+0.75j),0.35,0.01070255531422901,212,0.0,0.8592078373445495,0.8810075322912576,0.02179969494670808
positive_charge,15005,128,(1.5+0.75j),0.35,0.010776984728349846,203,0.0,0.8592061182562817,0.8826163777920373,0.023410259535755595
positive_charge,15006,128,(1.5+0.75j),0.35,0.010678764548336932,201,0.0,0.859437061891847,0.882507240266375,0.02307017837452796
positive_charge,15007,128,(1.5+0.75j),0.35,0.010852245592412789,216,0.0,0.8593404405124421,0.8793615533478278,0.020021112835385768
positive_charge,15008,128,(1.5+0.75j),0.35,0.010761522983276657,219,0.0,0.8601592829009378,0.8826717059774853,0.02251242307654755
positive_charge,15009,128,(1.5+0.75j),0.35,0.010896823507324817,211,0.0,0.8597635739841298,0.8822110514914434,0.022447477507313573
positive_charge,15010,128,(1.5+0.75j),0.35,0.0108861239944021,211,0.0,0.8599572435236361,0.8821663688161578,0.022209125292521725
positive_charge,15011,128,(1.5+0.75j),0.35,0.010908607759604672,215,0.0,0.8593945209844598,0.8823065397889623,0.022912018804502554
positive_charge,15012,128,(1.5+0.75j),0.35,0.010882066866359936,205,0.0,0.8594633160895554,0.8810300584719931,0.02156674238243772
positive_charge,15013,128,(1.5+0.75j),0.35,0.012842498246978577,215,0.0,0.8596701960133569,0.882184571628405,0.0225143756150481
positive_charge,15014,128,(1.5+0.75j),0.35,0.010760200047633511,204,0.0,0.8602012456853013,0.8824915775693104,0.022290331884009085
positive_charge,15015,128,(1.5+0.75j),0.35,0.010770350951240909,223,0.0,0.8599402355018317,0.8822992566813692,0.022359021179537475
positive_charge,15016,128,(1.5+0.75j),0.35,0.01076441120354554,213,0.0,0.8592864513836773,0.8826317250106545,0.023345273626977137
positive_charge,15017,128,(1.5+0.75j),0.35,0.010858756794427332,215,0.0,0.8592645818181904,0.8826308041876975,0.023366222369507028
positive_charge,15018,128,(1.5+0.75j),0.35,0.010692384759153567,211,0.0,0.8593956256176043,0.8825240399670964,0.023128414349492088
positive_charge,15019,128,(1.5+0.75j),0.35,0.010883312749668502,218,0.0,0.8595418646146252,0.8822887464301642,0.022746881815538966
positive_charge,15020,128,(1.5+0.75j),0.35,0.010759244278150447,208,0.0,0.8593935425416253,0.8818159482278344,0.022422405686209124
positive_charge,15021,128,(1.5+0.75j),0.35,0.0107624616945292,218,0.0,0.8610484881724535,0.8811186529781794,0.020070164805725876
positive_charge,15022,128,(1.5+0.75j),0.35,0.01074341639814517,218,0.0,0.8592723568420576,0.8825710810807513,0.023298724238693724
positive_charge,15023,128,(1.5+0.75j),0.35,0.010743478164788925,207,0.0,0.8597327749380166,0.881455224729078,0.021722449791061416
positive_charge,15024,128,(1.5+0.75j),0.35,0.012585746670539445,219,0.0,0.8597845138092572,0.8823738805992128,0.0225893667899556
positive_charge,15025,128,(1.5+0.75j),0.35,0.010771954027025334,211,0.0,0.8590161118082571,0.8825534250369759,0.02353731322871877
positive_charge,15026,128,(1.5+0.75j),0.35,0.012585127271881597,216,0.0,0.8594001230013911,0.8814322579892847,0.02203213498789358
positive_charge,15027,128,(1.5+0.75j),0.35,0.010763219381127849,203,0.0,0.8591321018597152,0.8812309431738525,0.022098841314137307
positive_charge,15028,128,(1.5+0.75j),0.35,0.012553089576048266,218,0.0,0.8594796703845393,0.8824830169680196,0.023003346583480244
positive_charge,15029,128,(1.5+0.75j),0.35,0.010956725699254297,216,0.0,0.8597276987480376,0.882307327016112,0.02257962826807447
positive_charge,15030,128,(1.5+0.75j),0.35,0.010867725562557173,220,0.0,0.8590679215788158,0.8825383792530865,0.023470457674270695
positive_charge,15031,128,(1.5+0.75j),0.35,0.012481288898662473,205,0.0,0.8596769248777434,0.8823340514669817,0.022657126589238352
positive_charge,15000,128,(1.5+0.75j),0.6,0.035237382503657266,228,0.0,0.756789773382572,0.8206895275665165,0.06389975418394445
positive_charge,15001,128,(1.5+0.75j),0.6,0.041838981598915866,226,0.0,0.7532919776260699,0.8199735521438198,0.06668157451774992
positive_charge,15002,128,(1.5+0.75j),0.6,0.04098471675349854,223,0.0,0.753277666855923,0.8202805766615091,0.0670029098055861
positive_charge,15003,128,(1.5+0.75j),0.6,0.03513330390266318,212,0.0,0.7544673136815324,0.8203048740077411,0.06583756032620869
positive_charge,15004,128,(1.5+0.75j),0.6,0.035241429234305205,222,0.0,0.7522033093541778,0.8160543520738882,0.06385104271971043
positive_charge,15005,128,(1.5+0.75j),0.6,0.03541595961033398,212,0.0,0.7523082365263981,0.8208691782816965,0.06856094175529837
positive_charge,15006,128,(1.5+0.75j),0.6,0.035175390614062746,210,0.0,0.7528807963224878,0.8205859068381057,0.0677051105156179
positive_charge,15007,128,(1.5+0.75j),0.6,0.0356216991010001,225,0.0,0.753062376935525,0.8125357328974527,0.05947335596192771
positive_charge,15008,128,(1.5+0.75j),0.6,0.035366772664329214,229,0.0,0.7547817285508786,0.820996071597189,0.06621434304631046
positive_charge,15009,128,(1.5+0.75j),0.6,0.035923701005131016,220,0.0,0.7536364159549013,0.8198390639300298,0.06620264797512854
positive_charge,15010,128,(1.5+0.75j),0.6,0.03585492186577496,221,0.0,0.7542676718800039,0.8197036453313347,0.06543597345133079
positive_charge,15011,128,(1.5+0.75j),0.6,0.03592379273048219,225,0.0,0.7526779890403708,0.8200879746743621,0.06740998563399137
positive_charge,15012,128,(1.5+0.75j),0.6,0.03584537418689493,214,0.0,0.7529000515714704,0.8168491444660901,0.0639490928946197
positive_charge,15013,128,(1.5+0.75j),0.6,0.042010923477493946,225,0.0,0.7533219669599214,0.8197978677229378,0.06647590076301646
positive_charge,15014,128,(1.5+0.75j),0.6,0.03537186232770515,213,0.0,0.7556596190892009,0.8204477196683001,0.06478810057909923
positive_charge,15015,128,(1.5+0.75j),0.6,0.03539261945185561,233,0.0,0.7541563724167559,0.8200679446184463,0.06591157220169042
positive_charge,15016,128,(1.5+0.75j),0.6,0.03537861765316448,223,0.0,0.7524942956263945,0.8209049089429776,0.06841061331658316
positive_charge,15017,128,(1.5+0.75j),0.6,0.035641797658592426,225,0.0,0.7524463478619124,0.8207163358690482,0.0682699880071358
positive_charge,15018,128,(1.5+0.75j),0.6,0.0352124243933368,220,0.0,0.7527865609571014,0.8206272151262604,0.06784065416915896
positive_charge,15019,128,(1.5+0.75j),0.6,0.03588272624479907,228,0.0,0.7530168185917715,0.8200354231501132,0.06701860455834174
positive_charge,15020,128,(1.5+0.75j),0.6,0.03535623045657071,218,0.0,0.752760391353657,0.8183006238910867,0.06554023253742969
positive_charge,15021,128,(1.5+0.75j),0.6,0.035371535409844,228,0.0,0.75837312641978,0.8153840230440987,0.057010896624318685
positive_charge,15022,128,(1.5+0.75j),0.6,0.03532350551222932,227,0.0,0.7524709293379018,0.8207505833386164,0.06827965400071456
positive_charge,15023,128,(1.5+0.75j),0.6,0.03531807163859698,216,0.0,0.7535077419057368,0.8179149694343472,0.06440722752861039
positive_charge,15024,128,(1.5+0.75j),0.6,0.04116605148112178,228,0.0,0.7537139572786202,0.8202519056270532,0.06653794834843296
positive_charge,15025,128,(1.5+0.75j),0.6,0.03540006105525664,220,0.0,0.751780215421866,0.820715107958781,0.06893489253691498
positive_charge,15026,128,(1.5+0.75j),0.6,0.04116489381105426,226,0.0,0.7527308757952837,0.8177533315534864,0.06502245575820265
positive_charge,15027,128,(1.5+0.75j),0.6,0.03537729220066199,212,0.0,0.7520024496734637,0.8166500557094254,0.06464760603596165
positive_charge,15028,128,(1.5+0.75j),0.6,0.04103879527116606,228,0.0,0.7529996017214702,0.8205371665420386,0.06753756482056839
positive_charge,15029,128,(1.5+0.75j),0.6,0.03605963791658552,224,0.0,0.7536365790171389,0.8200712728250263,0.06643469380788747
positive_charge,15030,128,(1.5+0.75j),0.6,0.03566620366666437,230,0.0,0.7519267840749232,0.8206760200877921,0.06874923601286886
positive_charge,15031,128,(1.5+0.75j),0.6,0.040880995418369856,215,0.0,0.7533450362297169,0.8201523098232283,0.06680727359351135
