rule,inventory,control_id,N,mode,coefficient_exact_zero,coefficient_sign,coefficient_sha256,numerator_digits,denominator_digits,first_degree,active_edge_count,neutral_euler_safe
constant,tensor_primes,primary,16,2,False,-1,d71fc363bca5186d5bd75a0a9e3c5bbe6d41b13bddc313aa8f79758a122b500f,69,72,2,15,True
factor_depth_sum,tensor_primes,primary,16,2,False,-1,d71fc363bca5186d5bd75a0a9e3c5bbe6d41b13bddc313aa8f79758a122b500f,69,72,2,15,True
indecomposable_pair,tensor_primes,primary,16,2,False,-1,d71fc363bca5186d5bd75a0a9e3c5bbe6d41b13bddc313aa8f79758a122b500f,69,72,2,15,True
factor_depth_equal,tensor_primes,primary,16,2,False,-1,d71fc363bca5186d5bd75a0a9e3c5bbe6d41b13bddc313aa8f79758a122b500f,69,72,2,15,True
distinct_depth_equal,tensor_primes,primary,16,2,False,-1,d71fc363bca5186d5bd75a0a9e3c5bbe6d41b13bddc313aa8f79758a122b500f,69,72,2,15,True
tensor_coprime,tensor_primes,primary,16,2,False,-1,d71fc363bca5186d5bd75a0a9e3c5bbe6d41b13bddc313aa8f79758a122b500f,69,72,2,15,True
v2_equal,tensor_primes,primary,16,2,False,-1,30e8e89596c4cf11fc46c178615bf5eecc9da239a48a609155f54319984854b1,69,72,2,14,True
v2_parity_equal,tensor_primes,primary,16,2,False,-1,30e8e89596c4cf11fc46c178615bf5eecc9da239a48a609155f54319984854b1,69,72,2,14,True
entropy_increasing,tensor_primes,primary,16,2,False,-1,d71fc363bca5186d5bd75a0a9e3c5bbe6d41b13bddc313aa8f79758a122b500f,69,72,2,15,True
entropy_bin_equal,tensor_primes,primary,16,2,False,-1,8335f9124d5823ed4302fd145cad70f0f5fef253cd22b7d37e67d1f50cb7d042,72,74,2,11,True
ordered_consecutive_tensor_atoms,tensor_primes,primary,16,2,False,-1,d71fc363bca5186d5bd75a0a9e3c5bbe6d41b13bddc313aa8f79758a122b500f,69,72,2,15,True
consecutive_run_2,tensor_primes,primary,16,2,False,-1,30e8e89596c4cf11fc46c178615bf5eecc9da239a48a609155f54319984854b1,69,72,2,14,True
consecutive_run_3,tensor_primes,primary,16,2,False,-1,ffef54a1eee6325eb71ef50b34b9daa459229348259917a9996f3f774e017d4e,67,71,2,13,True
consecutive_run_4,tensor_primes,primary,16,2,False,-1,20af966a810a7b7144ee2742365e9764a4737dc89c3e3ff2608f2a496b3d0443,65,70,2,12,True
consecutive_run_5,tensor_primes,primary,16,2,False,-1,f8bdd94645fbcd6c9ee7184550b2a8d8cb82a04edaef2f029659de1999d21a91,64,69,2,11,True
consecutive_run_6,tensor_primes,primary,16,2,False,-1,af8061b5ebb755d771e03e5fedd7cb04b07877eeeadf30e9ad11ba2d5d4381ee,62,68,2,10,True
consecutive_run_7,tensor_primes,primary,16,2,False,-1,c14322c064004d96c63df925e1e67a7d8708dad5f6db3188d5b6c049492b3d5d,61,67,2,9,True
consecutive_run_8,tensor_primes,primary,16,2,False,-1,c19b7694318fc0876b100b66518b279211de68f8b992b2bd948b8f11ad67308b,59,65,2,8,True
constant,composites,deterministic,16,2,False,-1,ecf312f5c9e561b2a37cf1e55c88462b5c5c6cf9eb52d021eb0673f234d57691,48,51,2,15,True
factor_depth_sum,composites,deterministic,16,2,True,0,a93875fe509ac2fae0e0939d3ec71c4d978244c7398dd7185ca68c393426a5a6,1,1,4,0,True
indecomposable_pair,composites,deterministic,16,2,True,0,a93875fe509ac2fae0e0939d3ec71c4d978244c7398dd7185ca68c393426a5a6,1,1,3,0,True
factor_depth_equal,composites,deterministic,16,2,False,-1,a3a81ec3f66dfaf07f287eeeb45e45368987431010c802d7f6e75f297438ca21,45,49,2,6,True
distinct_depth_equal,composites,deterministic,16,2,False,-1,21983d8062eca62306969a04e8824b02606f5d0d92d1dfd1b73660a97ca7dda2,43,47,2,8,True
tensor_coprime,composites,deterministic,16,2,False,-1,f617e50e5128ef4c903276ab9ae120de3db9231ddbe26dc5e4c60604b60e3893,47,51,2,8,True
v2_equal,composites,deterministic,16,2,True,0,a93875fe509ac2fae0e0939d3ec71c4d978244c7398dd7185ca68c393426a5a6,1,1,3,0,True
v2_parity_equal,composites,deterministic,16,2,False,-1,7d8f490677d9a40de16089248cfd87117f5192e0018b513389cdcd0343ab7532,43,47,2,4,True
entropy_increasing,composites,deterministic,16,2,False,-1,ecf312f5c9e561b2a37cf1e55c88462b5c5c6cf9eb52d021eb0673f234d57691,48,51,2,15,True
entropy_bin_equal,composites,deterministic,16,2,False,-1,1d895eef1227cbcca12823e70ec2c22f43b20956cd7054e414b02f59fa6ce06c,46,50,2,13,True
ordered_consecutive_tensor_atoms,composites,deterministic,16,2,True,0,a93875fe509ac2fae0e0939d3ec71c4d978244c7398dd7185ca68c393426a5a6,1,1,3,0,True
consecutive_run_2,composites,deterministic,16,2,True,0,a93875fe509ac2fae0e0939d3ec71c4d978244c7398dd7185ca68c393426a5a6,1,1,3,0,True
consecutive_run_3,composites,deterministic,16,2,True,0,a93875fe509ac2fae0e0939d3ec71c4d978244c7398dd7185ca68c393426a5a6,1,1,3,0,True
consecutive_run_4,composites,deterministic,16,2,True,0,a93875fe509ac2fae0e0939d3ec71c4d978244c7398dd7185ca68c393426a5a6,1,1,3,0,True
consecutive_run_5,composites,deterministic,16,2,True,0,a93875fe509ac2fae0e0939d3ec71c4d978244c7398dd7185ca68c393426a5a6,1,1,3,0,True
consecutive_run_6,composites,deterministic,16,2,True,0,a93875fe509ac2fae0e0939d3ec71c4d978244c7398dd7185ca68c393426a5a6,1,1,3,0,True
consecutive_run_7,composites,deterministic,16,2,True,0,a93875fe509ac2fae0e0939d3ec71c4d978244c7398dd7185ca68c393426a5a6,1,1,3,0,True
consecutive_run_8,composites,deterministic,16,2,True,0,a93875fe509ac2fae0e0939d3ec71c4d978244c7398dd7185ca68c393426a5a6,1,1,3,0,True
constant,shuffled_primes,14000,16,2,False,-1,d6e52b3e68774a5c23af4111d71961701bb1a7ee5ddd4b11b386a8fd0dbf27a7,73,75,2,15,True
factor_depth_sum,shuffled_primes,14000,16,2,False,-1,d6e52b3e68774a5c23af4111d71961701bb1a7ee5ddd4b11b386a8fd0dbf27a7,73,75,2,15,True
indecomposable_pair,shuffled_primes,14000,16,2,False,-1,d6e52b3e68774a5c23af4111d71961701bb1a7ee5ddd4b11b386a8fd0dbf27a7,73,75,2,15,True
factor_depth_equal,shuffled_primes,14000,16,2,False,-1,d6e52b3e68774a5c23af4111d71961701bb1a7ee5ddd4b11b386a8fd0dbf27a7,73,75,2,15,True
distinct_depth_equal,shuffled_primes,14000,16,2,False,-1,d6e52b3e68774a5c23af4111d71961701bb1a7ee5ddd4b11b386a8fd0dbf27a7,73,75,2,15,True
tensor_coprime,shuffled_primes,14000,16,2,False,-1,d6e52b3e68774a5c23af4111d71961701bb1a7ee5ddd4b11b386a8fd0dbf27a7,73,75,2,15,True
v2_equal,shuffled_primes,14000,16,2,False,-1,25f1136434e1317dc1b9f107e75b97b6d5289338c1285bbabc9d6263f566e72d,72,75,2,13,True
v2_parity_equal,shuffled_primes,14000,16,2,False,-1,25f1136434e1317dc1b9f107e75b97b6d5289338c1285bbabc9d6263f566e72d,72,75,2,13,True
entropy_increasing,shuffled_primes,14000,16,2,False,-1,a42848a936355f0c6cb4fd0fa5ca54af82855a038a1941f933ba8260d77205e0,64,67,2,8,True
entropy_bin_equal,shuffled_primes,14000,16,2,False,-1,257cc809febc1c09b67ffcbc1b30f9d9d9637d3ccd36e79d062be2097910fb2f,59,63,2,5,True
ordered_consecutive_tensor_atoms,shuffled_primes,14000,16,2,False,-1,72e924c9ffca18a742b850d87789dba969a88a3f0c308b1bf2056dbd6e8fb3f0,35,39,2,1,True
consecutive_run_2,shuffled_primes,14000,16,2,True,0,a93875fe509ac2fae0e0939d3ec71c4d978244c7398dd7185ca68c393426a5a6,1,1,3,0,True
consecutive_run_3,shuffled_primes,14000,16,2,True,0,a93875fe509ac2fae0e0939d3ec71c4d978244c7398dd7185ca68c393426a5a6,1,1,3,0,True
consecutive_run_4,shuffled_primes,14000,16,2,True,0,a93875fe509ac2fae0e0939d3ec71c4d978244c7398dd7185ca68c393426a5a6,1,1,3,0,True
consecutive_run_5,shuffled_primes,14000,16,2,True,0,a93875fe509ac2fae0e0939d3ec71c4d978244c7398dd7185ca68c393426a5a6,1,1,3,0,True
consecutive_run_6,shuffled_primes,14000,16,2,True,0,a93875fe509ac2fae0e0939d3ec71c4d978244c7398dd7185ca68c393426a5a6,1,1,3,0,True
consecutive_run_7,shuffled_primes,14000,16,2,True,0,a93875fe509ac2fae0e0939d3ec71c4d978244c7398dd7185ca68c393426a5a6,1,1,3,0,True
consecutive_run_8,shuffled_primes,14000,16,2,True,0,a93875fe509ac2fae0e0939d3ec71c4d978244c7398dd7185ca68c393426a5a6,1,1,3,0,True
constant,shuffled_primes,14001,16,2,False,-1,77e66e4e092cf0c3b9b296107f43a8ef87094e92c2f603ce65b763ac4d479a02,72,74,2,15,True
factor_depth_sum,shuffled_primes,14001,16,2,False,-1,77e66e4e092cf0c3b9b296107f43a8ef87094e92c2f603ce65b763ac4d479a02,72,74,2,15,True
indecomposable_pair,shuffled_primes,14001,16,2,False,-1,77e66e4e092cf0c3b9b296107f43a8ef87094e92c2f603ce65b763ac4d479a02,72,74,2,15,True
factor_depth_equal,shuffled_primes,14001,16,2,False,-1,77e66e4e092cf0c3b9b296107f43a8ef87094e92c2f603ce65b763ac4d479a02,72,74,2,15,True
distinct_depth_equal,shuffled_primes,14001,16,2,False,-1,77e66e4e092cf0c3b9b296107f43a8ef87094e92c2f603ce65b763ac4d479a02,72,74,2,15,True
tensor_coprime,shuffled_primes,14001,16,2,False,-1,77e66e4e092cf0c3b9b296107f43a8ef87094e92c2f603ce65b763ac4d479a02,72,74,2,15,True
v2_equal,shuffled_primes,14001,16,2,False,-1,70aa85f1caf8927d38f105858d62b131929b521a7b0b4218460ab17c2f596e1e,70,73,2,13,True
v2_parity_equal,shuffled_primes,14001,16,2,False,-1,70aa85f1caf8927d38f105858d62b131929b521a7b0b4218460ab17c2f596e1e,70,73,2,13,True
entropy_increasing,shuffled_primes,14001,16,2,False,-1,b356afdcc6aafa8cabc74ea6039d1f6e65c2ed18b078e7d0b64935488c75e17c,70,72,2,9,True
entropy_bin_equal,shuffled_primes,14001,16,2,False,-1,27e01002ffa72c2b11cdf2339315fdf36bbcb3a384fba876441066fadeb1c9c3,52,59,2,4,True
ordered_consecutive_tensor_atoms,shuffled_primes,14001,16,2,False,-1,4e085937a548870f3efd0eaa067ce57b6661b9eb130cb513cb4c475a1b19c4a3,41,49,2,2,True
consecutive_run_2,shuffled_primes,14001,16,2,True,0,a93875fe509ac2fae0e0939d3ec71c4d978244c7398dd7185ca68c393426a5a6,1,1,3,0,True
consecutive_run_3,shuffled_primes,14001,16,2,True,0,a93875fe509ac2fae0e0939d3ec71c4d978244c7398dd7185ca68c393426a5a6,1,1,3,0,True
consecutive_run_4,shuffled_primes,14001,16,2,True,0,a93875fe509ac2fae0e0939d3ec71c4d978244c7398dd7185ca68c393426a5a6,1,1,3,0,True
consecutive_run_5,shuffled_primes,14001,16,2,True,0,a93875fe509ac2fae0e0939d3ec71c4d978244c7398dd7185ca68c393426a5a6,1,1,3,0,True
consecutive_run_6,shuffled_primes,14001,16,2,True,0,a93875fe509ac2fae0e0939d3ec71c4d978244c7398dd7185ca68c393426a5a6,1,1,3,0,True
consecutive_run_7,shuffled_primes,14001,16,2,True,0,a93875fe509ac2fae0e0939d3ec71c4d978244c7398dd7185ca68c393426a5a6,1,1,3,0,True
consecutive_run_8,shuffled_primes,14001,16,2,True,0,a93875fe509ac2fae0e0939d3ec71c4d978244c7398dd7185ca68c393426a5a6,1,1,3,0,True
constant,shuffled_primes,14002,16,2,False,-1,67ecf01a3ebe33a2c50f8f639ef2bf78b31c161f7593ab394a36b4f9e3bac2da,69,71,2,15,True
factor_depth_sum,shuffled_primes,14002,16,2,False,-1,67ecf01a3ebe33a2c50f8f639ef2bf78b31c161f7593ab394a36b4f9e3bac2da,69,71,2,15,True
indecomposable_pair,shuffled_primes,14002,16,2,False,-1,67ecf01a3ebe33a2c50f8f639ef2bf78b31c161f7593ab394a36b4f9e3bac2da,69,71,2,15,True
factor_depth_equal,shuffled_primes,14002,16,2,False,-1,67ecf01a3ebe33a2c50f8f639ef2bf78b31c161f7593ab394a36b4f9e3bac2da,69,71,2,15,True
distinct_depth_equal,shuffled_primes,14002,16,2,False,-1,67ecf01a3ebe33a2c50f8f639ef2bf78b31c161f7593ab394a36b4f9e3bac2da,69,71,2,15,True
tensor_coprime,shuffled_primes,14002,16,2,False,-1,67ecf01a3ebe33a2c50f8f639ef2bf78b31c161f7593ab394a36b4f9e3bac2da,69,71,2,15,True
v2_equal,shuffled_primes,14002,16,2,False,-1,dfb3f6f7406f93f39a71075dca669edb33e66456eac51f899be6a8ea10e78ec0,68,71,2,13,True
v2_parity_equal,shuffled_primes,14002,16,2,False,-1,dfb3f6f7406f93f39a71075dca669edb33e66456eac51f899be6a8ea10e78ec0,68,71,2,13,True
entropy_increasing,shuffled_primes,14002,16,2,False,-1,a1751006e8d5d507c2302035110b6801f2ea9a33f5ee1d7e12af6cc610c321ec,63,66,2,8,True
entropy_bin_equal,shuffled_primes,14002,16,2,False,-1,f4afb054e58d93a5c459a3a81fbe32d740780ec7e287493c1e8545f09e79c108,58,64,2,5,True
ordered_consecutive_tensor_atoms,shuffled_primes,14002,16,2,False,-1,9cdbaff6c30f7c04a3b9c1a8934a355c39d71b35e295217db9e7b0f184d3acb5,35,42,2,1,True
consecutive_run_2,shuffled_primes,14002,16,2,True,0,a93875fe509ac2fae0e0939d3ec71c4d978244c7398dd7185ca68c393426a5a6,1,1,3,0,True
consecutive_run_3,shuffled_primes,14002,16,2,True,0,a93875fe509ac2fae0e0939d3ec71c4d978244c7398dd7185ca68c393426a5a6,1,1,3,0,True
consecutive_run_4,shuffled_primes,14002,16,2,True,0,a93875fe509ac2fae0e0939d3ec71c4d978244c7398dd7185ca68c393426a5a6,1,1,3,0,True
consecutive_run_5,shuffled_primes,14002,16,2,True,0,a93875fe509ac2fae0e0939d3ec71c4d978244c7398dd7185ca68c393426a5a6,1,1,3,0,True
consecutive_run_6,shuffled_primes,14002,16,2,True,0,a93875fe509ac2fae0e0939d3ec71c4d978244c7398dd7185ca68c393426a5a6,1,1,3,0,True
consecutive_run_7,shuffled_primes,14002,16,2,True,0,a93875fe509ac2fae0e0939d3ec71c4d978244c7398dd7185ca68c393426a5a6,1,1,3,0,True
consecutive_run_8,shuffled_primes,14002,16,2,True,0,a93875fe509ac2fae0e0939d3ec71c4d978244c7398dd7185ca68c393426a5a6,1,1,3,0,True
constant,shuffled_primes,14003,16,2,False,-1,6e1c08e0efd0a4e4b9dc11dd1d90e56844fe8bf5eeffc6f5ad90f02a29c8a518,68,71,2,15,True
factor_depth_sum,shuffled_primes,14003,16,2,False,-1,6e1c08e0efd0a4e4b9dc11dd1d90e56844fe8bf5eeffc6f5ad90f02a29c8a518,68,71,2,15,True
indecomposable_pair,shuffled_primes,14003,16,2,False,-1,6e1c08e0efd0a4e4b9dc11dd1d90e56844fe8bf5eeffc6f5ad90f02a29c8a518,68,71,2,15,True
factor_depth_equal,shuffled_primes,14003,16,2,False,-1,6e1c08e0efd0a4e4b9dc11dd1d90e56844fe8bf5eeffc6f5ad90f02a29c8a518,68,71,2,15,True
distinct_depth_equal,shuffled_primes,14003,16,2,False,-1,6e1c08e0efd0a4e4b9dc11dd1d90e56844fe8bf5eeffc6f5ad90f02a29c8a518,68,71,2,15,True
tensor_coprime,shuffled_primes,14003,16,2,False,-1,6e1c08e0efd0a4e4b9dc11dd1d90e56844fe8bf5eeffc6f5ad90f02a29c8a518,68,71,2,15,True
v2_equal,shuffled_primes,14003,16,2,False,-1,2d1890ae6f859e2925c5cbac05554edf72f51ef122a3fbbe84f6e83ae0e131d0,67,71,2,14,True
v2_parity_equal,shuffled_primes,14003,16,2,False,-1,2d1890ae6f859e2925c5cbac05554edf72f51ef122a3fbbe84f6e83ae0e131d0,67,71,2,14,True
entropy_increasing,shuffled_primes,14003,16,2,False,-1,799b24c23a4bdab5b27f0cbd834ba8b66d700b512b01f863b607375e9b3f3b93,60,63,2,6,True
entropy_bin_equal,shuffled_primes,14003,16,2,False,-1,f3970be3bcb921582725470f0b12a51cccc30e8b9a2a4ccf9c79e59005a3e530,63,66,2,7,True
ordered_consecutive_tensor_atoms,shuffled_primes,14003,16,2,False,-1,2fa711262c17f567cef1bf037f04f08746cacc8321ef2f42e8ade8e4f54a0fb2,36,39,2,1,True
consecutive_run_2,shuffled_primes,14003,16,2,True,0,a93875fe509ac2fae0e0939d3ec71c4d978244c7398dd7185ca68c393426a5a6,1,1,3,0,True
consecutive_run_3,shuffled_primes,14003,16,2,True,0,a93875fe509ac2fae0e0939d3ec71c4d978244c7398dd7185ca68c393426a5a6,1,1,3,0,True
consecutive_run_4,shuffled_primes,14003,16,2,True,0,a93875fe509ac2fae0e0939d3ec71c4d978244c7398dd7185ca68c393426a5a6,1,1,3,0,True
consecutive_run_5,shuffled_primes,14003,16,2,True,0,a93875fe509ac2fae0e0939d3ec71c4d978244c7398dd7185ca68c393426a5a6,1,1,3,0,True
consecutive_run_6,shuffled_primes,14003,16,2,True,0,a93875fe509ac2fae0e0939d3ec71c4d978244c7398dd7185ca68c393426a5a6,1,1,3,0,True
consecutive_run_7,shuffled_primes,14003,16,2,True,0,a93875fe509ac2fae0e0939d3ec71c4d978244c7398dd7185ca68c393426a5a6,1,1,3,0,True
consecutive_run_8,shuffled_primes,14003,16,2,True,0,a93875fe509ac2fae0e0939d3ec71c4d978244c7398dd7185ca68c393426a5a6,1,1,3,0,True
constant,shuffled_primes,14004,16,2,False,-1,73ffb8eb84f958a617cf5b8a9d188be0db8a50c06055133e2f4e27124ee4af66,69,71,2,15,True
factor_depth_sum,shuffled_primes,14004,16,2,False,-1,73ffb8eb84f958a617cf5b8a9d188be0db8a50c06055133e2f4e27124ee4af66,69,71,2,15,True
indecomposable_pair,shuffled_primes,14004,16,2,False,-1,73ffb8eb84f958a617cf5b8a9d188be0db8a50c06055133e2f4e27124ee4af66,69,71,2,15,True
factor_depth_equal,shuffled_primes,14004,16,2,False,-1,73ffb8eb84f958a617cf5b8a9d188be0db8a50c06055133e2f4e27124ee4af66,69,71,2,15,True
distinct_depth_equal,shuffled_primes,14004,16,2,False,-1,73ffb8eb84f958a617cf5b8a9d188be0db8a50c06055133e2f4e27124ee4af66,69,71,2,15,True
tensor_coprime,shuffled_primes,14004,16,2,False,-1,73ffb8eb84f958a617cf5b8a9d188be0db8a50c06055133e2f4e27124ee4af66,69,71,2,15,True
v2_equal,shuffled_primes,14004,16,2,False,-1,909f81ca0ea5dbf471d0f4b29dff4e22343f341e123145bb53831cc5c4b4cba2,68,71,2,13,True
v2_parity_equal,shuffled_primes,14004,16,2,False,-1,909f81ca0ea5dbf471d0f4b29dff4e22343f341e123145bb53831cc5c4b4cba2,68,71,2,13,True
entropy_increasing,shuffled_primes,14004,16,2,False,-1,1ca3329274283e7a8c198cf1bd59850ae63f14b00e77c0578ccf3461835b1639,52,54,2,5,True
entropy_bin_equal,shuffled_primes,14004,16,2,False,-1,210860e314dff82ebcfe85ad0bf49112a8c8448212f092ffaa2fb2cc1702610b,46,53,2,3,True
ordered_consecutive_tensor_atoms,shuffled_primes,14004,16,2,False,-1,78350f8f6058dba6ebc8e5a0eb49e8977cb6301fcf71ed669ffa3e0b73b35491,31,35,2,1,True
consecutive_run_2,shuffled_primes,14004,16,2,True,0,a93875fe509ac2fae0e0939d3ec71c4d978244c7398dd7185ca68c393426a5a6,1,1,3,0,True
consecutive_run_3,shuffled_primes,14004,16,2,True,0,a93875fe509ac2fae0e0939d3ec71c4d978244c7398dd7185ca68c393426a5a6,1,1,3,0,True
consecutive_run_4,shuffled_primes,14004,16,2,True,0,a93875fe509ac2fae0e0939d3ec71c4d978244c7398dd7185ca68c393426a5a6,1,1,3,0,True
consecutive_run_5,shuffled_primes,14004,16,2,True,0,a93875fe509ac2fae0e0939d3ec71c4d978244c7398dd7185ca68c393426a5a6,1,1,3,0,True
consecutive_run_6,shuffled_primes,14004,16,2,True,0,a93875fe509ac2fae0e0939d3ec71c4d978244c7398dd7185ca68c393426a5a6,1,1,3,0,True
consecutive_run_7,shuffled_primes,14004,16,2,True,0,a93875fe509ac2fae0e0939d3ec71c4d978244c7398dd7185ca68c393426a5a6,1,1,3,0,True
consecutive_run_8,shuffled_primes,14004,16,2,True,0,a93875fe509ac2fae0e0939d3ec71c4d978244c7398dd7185ca68c393426a5a6,1,1,3,0,True
constant,shuffled_primes,14005,16,2,False,-1,37565778d862d03ad4d7a0586f728b117186848aec36b2ac6e57605748197a7f,72,74,2,15,True
factor_depth_sum,shuffled_primes,14005,16,2,False,-1,37565778d862d03ad4d7a0586f728b117186848aec36b2ac6e57605748197a7f,72,74,2,15,True
indecomposable_pair,shuffled_primes,14005,16,2,False,-1,37565778d862d03ad4d7a0586f728b117186848aec36b2ac6e57605748197a7f,72,74,2,15,True
factor_depth_equal,shuffled_primes,14005,16,2,False,-1,37565778d862d03ad4d7a0586f728b117186848aec36b2ac6e57605748197a7f,72,74,2,15,True
distinct_depth_equal,shuffled_primes,14005,16,2,False,-1,37565778d862d03ad4d7a0586f728b117186848aec36b2ac6e57605748197a7f,72,74,2,15,True
tensor_coprime,shuffled_primes,14005,16,2,False,-1,37565778d862d03ad4d7a0586f728b117186848aec36b2ac6e57605748197a7f,72,74,2,15,True
v2_equal,shuffled_primes,14005,16,2,False,-1,057769e06ce37ad3fe3d6fc57e9d5934e39c8f31fa334e5b8246eef1cc3016e3,71,74,2,13,True
v2_parity_equal,shuffled_primes,14005,16,2,False,-1,057769e06ce37ad3fe3d6fc57e9d5934e39c8f31fa334e5b8246eef1cc3016e3,71,74,2,13,True
entropy_increasing,shuffled_primes,14005,16,2,False,-1,153ccb4ec8566b85ce3d6550f1fcace46d6867af6ba8c6fa7d72b72b9850896c,55,58,2,4,True
entropy_bin_equal,shuffled_primes,14005,16,2,False,-1,b9077b2072343366dbf299c79c23d70e04cfbd1b589492fd011b71d8089d5c65,55,58,2,5,True
ordered_consecutive_tensor_atoms,shuffled_primes,14005,16,2,True,0,a93875fe509ac2fae0e0939d3ec71c4d978244c7398dd7185ca68c393426a5a6,1,1,3,0,True
consecutive_run_2,shuffled_primes,14005,16,2,True,0,a93875fe509ac2fae0e0939d3ec71c4d978244c7398dd7185ca68c393426a5a6,1,1,3,0,True
consecutive_run_3,shuffled_primes,14005,16,2,True,0,a93875fe509ac2fae0e0939d3ec71c4d978244c7398dd7185ca68c393426a5a6,1,1,3,0,True
consecutive_run_4,shuffled_primes,14005,16,2,True,0,a93875fe509ac2fae0e0939d3ec71c4d978244c7398dd7185ca68c393426a5a6,1,1,3,0,True
consecutive_run_5,shuffled_primes,14005,16,2,True,0,a93875fe509ac2fae0e0939d3ec71c4d978244c7398dd7185ca68c393426a5a6,1,1,3,0,True
consecutive_run_6,shuffled_primes,14005,16,2,True,0,a93875fe509ac2fae0e0939d3ec71c4d978244c7398dd7185ca68c393426a5a6,1,1,3,0,True
consecutive_run_7,shuffled_primes,14005,16,2,True,0,a93875fe509ac2fae0e0939d3ec71c4d978244c7398dd7185ca68c393426a5a6,1,1,3,0,True
consecutive_run_8,shuffled_primes,14005,16,2,True,0,a93875fe509ac2fae0e0939d3ec71c4d978244c7398dd7185ca68c393426a5a6,1,1,3,0,True
constant,shuffled_primes,14006,16,2,False,-1,aa8cef8a36a1d178635a258ddc99cc549afdcbed05a3c6818b0122c980ff07c6,71,73,2,15,True
factor_depth_sum,shuffled_primes,14006,16,2,False,-1,aa8cef8a36a1d178635a258ddc99cc549afdcbed05a3c6818b0122c980ff07c6,71,73,2,15,True
indecomposable_pair,shuffled_primes,14006,16,2,False,-1,aa8cef8a36a1d178635a258ddc99cc549afdcbed05a3c6818b0122c980ff07c6,71,73,2,15,True
factor_depth_equal,shuffled_primes,14006,16,2,False,-1,aa8cef8a36a1d178635a258ddc99cc549afdcbed05a3c6818b0122c980ff07c6,71,73,2,15,True
distinct_depth_equal,shuffled_primes,14006,16,2,False,-1,aa8cef8a36a1d178635a258ddc99cc549afdcbed05a3c6818b0122c980ff07c6,71,73,2,15,True
tensor_coprime,shuffled_primes,14006,16,2,False,-1,aa8cef8a36a1d178635a258ddc99cc549afdcbed05a3c6818b0122c980ff07c6,71,73,2,15,True
v2_equal,shuffled_primes,14006,16,2,False,-1,34cf554b9589b973aea814b58a9cb3a8b3041dc35db2b465f55913b09a1679ed,69,73,2,13,True
v2_parity_equal,shuffled_primes,14006,16,2,False,-1,34cf554b9589b973aea814b58a9cb3a8b3041dc35db2b465f55913b09a1679ed,69,73,2,13,True
entropy_increasing,shuffled_primes,14006,16,2,False,-1,25f93183183533ed0c945b5c61b41c6215dda554804a61dcbab1e1227565c337,54,57,2,6,True
entropy_bin_equal,shuffled_primes,14006,16,2,False,-1,3097cb2c934f95c5c7ec2d8a5f1dee40cdc62097aadd3e60bd317abcf82bfedf,63,65,2,6,True
ordered_consecutive_tensor_atoms,shuffled_primes,14006,16,2,False,-1,ba7614b024825b5beb2ef3b9e929ad6efe4ad8292048e9e3d8878986a76d5f04,40,43,2,2,True
consecutive_run_2,shuffled_primes,14006,16,2,True,0,a93875fe509ac2fae0e0939d3ec71c4d978244c7398dd7185ca68c393426a5a6,1,1,3,0,True
consecutive_run_3,shuffled_primes,14006,16,2,True,0,a93875fe509ac2fae0e0939d3ec71c4d978244c7398dd7185ca68c393426a5a6,1,1,3,0,True
consecutive_run_4,shuffled_primes,14006,16,2,True,0,a93875fe509ac2fae0e0939d3ec71c4d978244c7398dd7185ca68c393426a5a6,1,1,3,0,True
consecutive_run_5,shuffled_primes,14006,16,2,True,0,a93875fe509ac2fae0e0939d3ec71c4d978244c7398dd7185ca68c393426a5a6,1,1,3,0,True
consecutive_run_6,shuffled_primes,14006,16,2,True,0,a93875fe509ac2fae0e0939d3ec71c4d978244c7398dd7185ca68c393426a5a6,1,1,3,0,True
consecutive_run_7,shuffled_primes,14006,16,2,True,0,a93875fe509ac2fae0e0939d3ec71c4d978244c7398dd7185ca68c393426a5a6,1,1,3,0,True
consecutive_run_8,shuffled_primes,14006,16,2,True,0,a93875fe509ac2fae0e0939d3ec71c4d978244c7398dd7185ca68c393426a5a6,1,1,3,0,True
constant,shuffled_primes,14007,16,2,False,-1,42ae8b1f5ddc555d315b181c8f4d26a70ab12757a2dbe86de15f4a0c31dc9ac2,71,73,2,15,True
factor_depth_sum,shuffled_primes,14007,16,2,False,-1,42ae8b1f5ddc555d315b181c8f4d26a70ab12757a2dbe86de15f4a0c31dc9ac2,71,73,2,15,True
indecomposable_pair,shuffled_primes,14007,16,2,False,-1,42ae8b1f5ddc555d315b181c8f4d26a70ab12757a2dbe86de15f4a0c31dc9ac2,71,73,2,15,True
factor_depth_equal,shuffled_primes,14007,16,2,False,-1,42ae8b1f5ddc555d315b181c8f4d26a70ab12757a2dbe86de15f4a0c31dc9ac2,71,73,2,15,True
distinct_depth_equal,shuffled_primes,14007,16,2,False,-1,42ae8b1f5ddc555d315b181c8f4d26a70ab12757a2dbe86de15f4a0c31dc9ac2,71,73,2,15,True
tensor_coprime,shuffled_primes,14007,16,2,False,-1,42ae8b1f5ddc555d315b181c8f4d26a70ab12757a2dbe86de15f4a0c31dc9ac2,71,73,2,15,True
v2_equal,shuffled_primes,14007,16,2,False,-1,94a94a26f2d0a9abb94d69814b9a20a089c94efb302a33fd0bce606052078109,70,73,2,13,True
v2_parity_equal,shuffled_primes,14007,16,2,False,-1,94a94a26f2d0a9abb94d69814b9a20a089c94efb302a33fd0bce606052078109,70,73,2,13,True
entropy_increasing,shuffled_primes,14007,16,2,False,-1,ae42c489d4ed746bcb555280d34ad0232e7dae608a050964e4a544d68324c964,66,69,2,9,True
entropy_bin_equal,shuffled_primes,14007,16,2,False,-1,eee61cceb155f409c95ad3faaf5fed8b71787ff7fc133bffdba54b383a411e53,42,48,2,2,True
ordered_consecutive_tensor_atoms,shuffled_primes,14007,16,2,True,0,a93875fe509ac2fae0e0939d3ec71c4d978244c7398dd7185ca68c393426a5a6,1,1,3,0,True
consecutive_run_2,shuffled_primes,14007,16,2,True,0,a93875fe509ac2fae0e0939d3ec71c4d978244c7398dd7185ca68c393426a5a6,1,1,3,0,True
consecutive_run_3,shuffled_primes,14007,16,2,True,0,a93875fe509ac2fae0e0939d3ec71c4d978244c7398dd7185ca68c393426a5a6,1,1,3,0,True
consecutive_run_4,shuffled_primes,14007,16,2,True,0,a93875fe509ac2fae0e0939d3ec71c4d978244c7398dd7185ca68c393426a5a6,1,1,3,0,True
consecutive_run_5,shuffled_primes,14007,16,2,True,0,a93875fe509ac2fae0e0939d3ec71c4d978244c7398dd7185ca68c393426a5a6,1,1,3,0,True
consecutive_run_6,shuffled_primes,14007,16,2,True,0,a93875fe509ac2fae0e0939d3ec71c4d978244c7398dd7185ca68c393426a5a6,1,1,3,0,True
consecutive_run_7,shuffled_primes,14007,16,2,True,0,a93875fe509ac2fae0e0939d3ec71c4d978244c7398dd7185ca68c393426a5a6,1,1,3,0,True
consecutive_run_8,shuffled_primes,14007,16,2,True,0,a93875fe509ac2fae0e0939d3ec71c4d978244c7398dd7185ca68c393426a5a6,1,1,3,0,True
constant,shuffled_primes,14008,16,2,False,-1,b2e72746ccaf349ea815ea9f6049e379a4f606bddeffec338ac24f014fce855e,67,69,2,15,True
factor_depth_sum,shuffled_primes,14008,16,2,False,-1,b2e72746ccaf349ea815ea9f6049e379a4f606bddeffec338ac24f014fce855e,67,69,2,15,True
indecomposable_pair,shuffled_primes,14008,16,2,False,-1,b2e72746ccaf349ea815ea9f6049e379a4f606bddeffec338ac24f014fce855e,67,69,2,15,True
factor_depth_equal,shuffled_primes,14008,16,2,False,-1,b2e72746ccaf349ea815ea9f6049e379a4f606bddeffec338ac24f014fce855e,67,69,2,15,True
distinct_depth_equal,shuffled_primes,14008,16,2,False,-1,b2e72746ccaf349ea815ea9f6049e379a4f606bddeffec338ac24f014fce855e,67,69,2,15,True
tensor_coprime,shuffled_primes,14008,16,2,False,-1,b2e72746ccaf349ea815ea9f6049e379a4f606bddeffec338ac24f014fce855e,67,69,2,15,True
v2_equal,shuffled_primes,14008,16,2,False,-1,28575cb76d3f5d76899a1a8c1ce1156caab5178d8357d59b5a006bcdbb547c36,66,69,2,14,True
v2_parity_equal,shuffled_primes,14008,16,2,False,-1,28575cb76d3f5d76899a1a8c1ce1156caab5178d8357d59b5a006bcdbb547c36,66,69,2,14,True
entropy_increasing,shuffled_primes,14008,16,2,False,-1,de1aaa324eaac70b0953bb9878e2c959b3fa4539e55486c0989e28b249c6bde1,69,73,2,8,True
entropy_bin_equal,shuffled_primes,14008,16,2,False,-1,5c5324606139dd0f8d6275e212aebff92a4723688e610afeda823a4adb61e024,35,42,2,1,True
ordered_consecutive_tensor_atoms,shuffled_primes,14008,16,2,True,0,a93875fe509ac2fae0e0939d3ec71c4d978244c7398dd7185ca68c393426a5a6,1,1,3,0,True
consecutive_run_2,shuffled_primes,14008,16,2,True,0,a93875fe509ac2fae0e0939d3ec71c4d978244c7398dd7185ca68c393426a5a6,1,1,3,0,True
consecutive_run_3,shuffled_primes,14008,16,2,True,0,a93875fe509ac2fae0e0939d3ec71c4d978244c7398dd7185ca68c393426a5a6,1,1,3,0,True
consecutive_run_4,shuffled_primes,14008,16,2,True,0,a93875fe509ac2fae0e0939d3ec71c4d978244c7398dd7185ca68c393426a5a6,1,1,3,0,True
consecutive_run_5,shuffled_primes,14008,16,2,True,0,a93875fe509ac2fae0e0939d3ec71c4d978244c7398dd7185ca68c393426a5a6,1,1,3,0,True
consecutive_run_6,shuffled_primes,14008,16,2,True,0,a93875fe509ac2fae0e0939d3ec71c4d978244c7398dd7185ca68c393426a5a6,1,1,3,0,True
consecutive_run_7,shuffled_primes,14008,16,2,True,0,a93875fe509ac2fae0e0939d3ec71c4d978244c7398dd7185ca68c393426a5a6,1,1,3,0,True
consecutive_run_8,shuffled_primes,14008,16,2,True,0,a93875fe509ac2fae0e0939d3ec71c4d978244c7398dd7185ca68c393426a5a6,1,1,3,0,True
constant,shuffled_primes,14009,16,2,False,-1,d12caaa0376a63c49b7ae7678a86bd11932eebbbb59dff30a87a5ca4d4c50243,70,72,2,15,True
factor_depth_sum,shuffled_primes,14009,16,2,False,-1,d12caaa0376a63c49b7ae7678a86bd11932eebbbb59dff30a87a5ca4d4c50243,70,72,2,15,True
indecomposable_pair,shuffled_primes,14009,16,2,False,-1,d12caaa0376a63c49b7ae7678a86bd11932eebbbb59dff30a87a5ca4d4c50243,70,72,2,15,True
factor_depth_equal,shuffled_primes,14009,16,2,False,-1,d12caaa0376a63c49b7ae7678a86bd11932eebbbb59dff30a87a5ca4d4c50243,70,72,2,15,True
distinct_depth_equal,shuffled_primes,14009,16,2,False,-1,d12caaa0376a63c49b7ae7678a86bd11932eebbbb59dff30a87a5ca4d4c50243,70,72,2,15,True
tensor_coprime,shuffled_primes,14009,16,2,False,-1,d12caaa0376a63c49b7ae7678a86bd11932eebbbb59dff30a87a5ca4d4c50243,70,72,2,15,True
v2_equal,shuffled_primes,14009,16,2,False,-1,04f5b9a1ad3caf42744b3deaa01874f715a0bc48dfd6816069557f4df0d41271,69,72,2,13,True
v2_parity_equal,shuffled_primes,14009,16,2,False,-1,04f5b9a1ad3caf42744b3deaa01874f715a0bc48dfd6816069557f4df0d41271,69,72,2,13,True
entropy_increasing,shuffled_primes,14009,16,2,False,-1,dd00306a13a5f96935dbb2d6283eb3f96f6dbad8f8eeb98e2219f579528d4df8,55,58,2,6,True
entropy_bin_equal,shuffled_primes,14009,16,2,False,-1,e5cded69c7bcd8c1fc7c535a787e2bd01e481fde7452528839a4cf1304dd3113,61,65,2,5,True
ordered_consecutive_tensor_atoms,shuffled_primes,14009,16,2,False,-1,f44b863fab2f084ec5eba88b0e6ec8a5b8b682255a92010e8f5f7ea2b3411b98,35,43,2,1,True
consecutive_run_2,shuffled_primes,14009,16,2,True,0,a93875fe509ac2fae0e0939d3ec71c4d978244c7398dd7185ca68c393426a5a6,1,1,3,0,True
consecutive_run_3,shuffled_primes,14009,16,2,True,0,a93875fe509ac2fae0e0939d3ec71c4d978244c7398dd7185ca68c393426a5a6,1,1,3,0,True
consecutive_run_4,shuffled_primes,14009,16,2,True,0,a93875fe509ac2fae0e0939d3ec71c4d978244c7398dd7185ca68c393426a5a6,1,1,3,0,True
consecutive_run_5,shuffled_primes,14009,16,2,True,0,a93875fe509ac2fae0e0939d3ec71c4d978244c7398dd7185ca68c393426a5a6,1,1,3,0,True
consecutive_run_6,shuffled_primes,14009,16,2,True,0,a93875fe509ac2fae0e0939d3ec71c4d978244c7398dd7185ca68c393426a5a6,1,1,3,0,True
consecutive_run_7,shuffled_primes,14009,16,2,True,0,a93875fe509ac2fae0e0939d3ec71c4d978244c7398dd7185ca68c393426a5a6,1,1,3,0,True
consecutive_run_8,shuffled_primes,14009,16,2,True,0,a93875fe509ac2fae0e0939d3ec71c4d978244c7398dd7185ca68c393426a5a6,1,1,3,0,True
constant,shuffled_primes,14010,16,2,False,-1,4a780f79f04ffb7716ff3974bd89e108aa9794c9497fab80672878a668bc136e,73,76,2,15,True
factor_depth_sum,shuffled_primes,14010,16,2,False,-1,4a780f79f04ffb7716ff3974bd89e108aa9794c9497fab80672878a668bc136e,73,76,2,15,True
indecomposable_pair,shuffled_primes,14010,16,2,False,-1,4a780f79f04ffb7716ff3974bd89e108aa9794c9497fab80672878a668bc136e,73,76,2,15,True
factor_depth_equal,shuffled_primes,14010,16,2,False,-1,4a780f79f04ffb7716ff3974bd89e108aa9794c9497fab80672878a668bc136e,73,76,2,15,True
distinct_depth_equal,shuffled_primes,14010,16,2,False,-1,4a780f79f04ffb7716ff3974bd89e108aa9794c9497fab80672878a668bc136e,73,76,2,15,True
tensor_coprime,shuffled_primes,14010,16,2,False,-1,4a780f79f04ffb7716ff3974bd89e108aa9794c9497fab80672878a668bc136e,73,76,2,15,True
v2_equal,shuffled_primes,14010,16,2,False,-1,7118e4fd9688720d498f7b3c691a36cc4cad813b65c43f43c10f3d179776eb2c,72,76,2,13,True
v2_parity_equal,shuffled_primes,14010,16,2,False,-1,7118e4fd9688720d498f7b3c691a36cc4cad813b65c43f43c10f3d179776eb2c,72,76,2,13,True
entropy_increasing,shuffled_primes,14010,16,2,False,-1,abcd74ab02f8977454ba096c5bad3645afcb269968da878c524fedf991dd0f3f,67,70,2,9,True
entropy_bin_equal,shuffled_primes,14010,16,2,False,-1,eb06cb9e7e666f6af35d7a8a109ad8740efabd665750f8ec743c095184446b8c,44,50,2,3,True
ordered_consecutive_tensor_atoms,shuffled_primes,14010,16,2,False,-1,e49f83a59186f55521fabaa4520c7c2c4e34488a055e4ce5e0c148a7db0ea438,41,47,2,2,True
consecutive_run_2,shuffled_primes,14010,16,2,True,0,a93875fe509ac2fae0e0939d3ec71c4d978244c7398dd7185ca68c393426a5a6,1,1,3,0,True
consecutive_run_3,shuffled_primes,14010,16,2,True,0,a93875fe509ac2fae0e0939d3ec71c4d978244c7398dd7185ca68c393426a5a6,1,1,3,0,True
consecutive_run_4,shuffled_primes,14010,16,2,True,0,a93875fe509ac2fae0e0939d3ec71c4d978244c7398dd7185ca68c393426a5a6,1,1,3,0,True
consecutive_run_5,shuffled_primes,14010,16,2,True,0,a93875fe509ac2fae0e0939d3ec71c4d978244c7398dd7185ca68c393426a5a6,1,1,3,0,True
consecutive_run_6,shuffled_primes,14010,16,2,True,0,a93875fe509ac2fae0e0939d3ec71c4d978244c7398dd7185ca68c393426a5a6,1,1,3,0,True
consecutive_run_7,shuffled_primes,14010,16,2,True,0,a93875fe509ac2fae0e0939d3ec71c4d978244c7398dd7185ca68c393426a5a6,1,1,3,0,True
consecutive_run_8,shuffled_primes,14010,16,2,True,0,a93875fe509ac2fae0e0939d3ec71c4d978244c7398dd7185ca68c393426a5a6,1,1,3,0,True
constant,shuffled_primes,14011,16,2,False,-1,2d17ea1628396b361456a9125c8e1b8e1b6eb92814acbff1b8582291b310cf63,73,75,2,15,True
factor_depth_sum,shuffled_primes,14011,16,2,False,-1,2d17ea1628396b361456a9125c8e1b8e1b6eb92814acbff1b8582291b310cf63,73,75,2,15,True
indecomposable_pair,shuffled_primes,14011,16,2,False,-1,2d17ea1628396b361456a9125c8e1b8e1b6eb92814acbff1b8582291b310cf63,73,75,2,15,True
factor_depth_equal,shuffled_primes,14011,16,2,False,-1,2d17ea1628396b361456a9125c8e1b8e1b6eb92814acbff1b8582291b310cf63,73,75,2,15,True
distinct_depth_equal,shuffled_primes,14011,16,2,False,-1,2d17ea1628396b361456a9125c8e1b8e1b6eb92814acbff1b8582291b310cf63,73,75,2,15,True
tensor_coprime,shuffled_primes,14011,16,2,False,-1,2d17ea1628396b361456a9125c8e1b8e1b6eb92814acbff1b8582291b310cf63,73,75,2,15,True
v2_equal,shuffled_primes,14011,16,2,False,-1,f102dbdecd62e16474358651bcbdba688f090930da13d6832d29cd98883502de,72,75,2,13,True
v2_parity_equal,shuffled_primes,14011,16,2,False,-1,f102dbdecd62e16474358651bcbdba688f090930da13d6832d29cd98883502de,72,75,2,13,True
entropy_increasing,shuffled_primes,14011,16,2,False,-1,c8909ca170d295c5327b1fb100875c8cd563fa2af0b9081924e6fbf3e50df15d,63,66,2,7,True
entropy_bin_equal,shuffled_primes,14011,16,2,False,-1,7e2b3a1466835b7fa95ad2ae92c826dce6a9619cc684c6e9152482c5bb768331,44,52,2,2,True
ordered_consecutive_tensor_atoms,shuffled_primes,14011,16,2,False,-1,c8f577e1fd2069aea092610a992a44335adc31710170c01348c74775460375d0,37,44,2,1,True
consecutive_run_2,shuffled_primes,14011,16,2,True,0,a93875fe509ac2fae0e0939d3ec71c4d978244c7398dd7185ca68c393426a5a6,1,1,3,0,True
consecutive_run_3,shuffled_primes,14011,16,2,True,0,a93875fe509ac2fae0e0939d3ec71c4d978244c7398dd7185ca68c393426a5a6,1,1,3,0,True
consecutive_run_4,shuffled_primes,14011,16,2,True,0,a93875fe509ac2fae0e0939d3ec71c4d978244c7398dd7185ca68c393426a5a6,1,1,3,0,True
consecutive_run_5,shuffled_primes,14011,16,2,True,0,a93875fe509ac2fae0e0939d3ec71c4d978244c7398dd7185ca68c393426a5a6,1,1,3,0,True
consecutive_run_6,shuffled_primes,14011,16,2,True,0,a93875fe509ac2fae0e0939d3ec71c4d978244c7398dd7185ca68c393426a5a6,1,1,3,0,True
consecutive_run_7,shuffled_primes,14011,16,2,True,0,a93875fe509ac2fae0e0939d3ec71c4d978244c7398dd7185ca68c393426a5a6,1,1,3,0,True
consecutive_run_8,shuffled_primes,14011,16,2,True,0,a93875fe509ac2fae0e0939d3ec71c4d978244c7398dd7185ca68c393426a5a6,1,1,3,0,True
constant,shuffled_primes,14012,16,2,False,-1,68249b15b8a0787f8995b83715986e2207be92d2787c1442867e46c3761adf5c,75,77,2,15,True
factor_depth_sum,shuffled_primes,14012,16,2,False,-1,68249b15b8a0787f8995b83715986e2207be92d2787c1442867e46c3761adf5c,75,77,2,15,True
indecomposable_pair,shuffled_primes,14012,16,2,False,-1,68249b15b8a0787f8995b83715986e2207be92d2787c1442867e46c3761adf5c,75,77,2,15,True
factor_depth_equal,shuffled_primes,14012,16,2,False,-1,68249b15b8a0787f8995b83715986e2207be92d2787c1442867e46c3761adf5c,75,77,2,15,True
distinct_depth_equal,shuffled_primes,14012,16,2,False,-1,68249b15b8a0787f8995b83715986e2207be92d2787c1442867e46c3761adf5c,75,77,2,15,True
tensor_coprime,shuffled_primes,14012,16,2,False,-1,68249b15b8a0787f8995b83715986e2207be92d2787c1442867e46c3761adf5c,75,77,2,15,True
v2_equal,shuffled_primes,14012,16,2,False,-1,a1f25bad26fbd2cfd3af2ac10d9d875bb555e1918fc6af66d2c5430603353a69,74,77,2,13,True
v2_parity_equal,shuffled_primes,14012,16,2,False,-1,a1f25bad26fbd2cfd3af2ac10d9d875bb555e1918fc6af66d2c5430603353a69,74,77,2,13,True
entropy_increasing,shuffled_primes,14012,16,2,False,-1,7eb0204d8a410d64b484feea0849c5972e9abbfbbdfd0ec9a33e866728e13e17,69,72,2,8,True
entropy_bin_equal,shuffled_primes,14012,16,2,False,-1,8d4bb802cbc4d561df8874fe8befedfa5cd291b18e8b1625586cfcf0fd8c9d6d,51,56,2,4,True
ordered_consecutive_tensor_atoms,shuffled_primes,14012,16,2,False,-1,21bb87bd4289c5564515671e9bf43a9e87990c7f52bc70764a73584f4276f4fe,44,49,2,2,True
consecutive_run_2,shuffled_primes,14012,16,2,True,0,a93875fe509ac2fae0e0939d3ec71c4d978244c7398dd7185ca68c393426a5a6,1,1,3,0,True
consecutive_run_3,shuffled_primes,14012,16,2,True,0,a93875fe509ac2fae0e0939d3ec71c4d978244c7398dd7185ca68c393426a5a6,1,1,3,0,True
consecutive_run_4,shuffled_primes,14012,16,2,True,0,a93875fe509ac2fae0e0939d3ec71c4d978244c7398dd7185ca68c393426a5a6,1,1,3,0,True
consecutive_run_5,shuffled_primes,14012,16,2,True,0,a93875fe509ac2fae0e0939d3ec71c4d978244c7398dd7185ca68c393426a5a6,1,1,3,0,True
consecutive_run_6,shuffled_primes,14012,16,2,True,0,a93875fe509ac2fae0e0939d3ec71c4d978244c7398dd7185ca68c393426a5a6,1,1,3,0,True
consecutive_run_7,shuffled_primes,14012,16,2,True,0,a93875fe509ac2fae0e0939d3ec71c4d978244c7398dd7185ca68c393426a5a6,1,1,3,0,True
consecutive_run_8,shuffled_primes,14012,16,2,True,0,a93875fe509ac2fae0e0939d3ec71c4d978244c7398dd7185ca68c393426a5a6,1,1,3,0,True
constant,shuffled_primes,14013,16,2,False,-1,66411be4c9b548ae032bf581a4288213259a05671ac09d5c30efffce8fed34af,72,74,2,15,True
factor_depth_sum,shuffled_primes,14013,16,2,False,-1,66411be4c9b548ae032bf581a4288213259a05671ac09d5c30efffce8fed34af,72,74,2,15,True
indecomposable_pair,shuffled_primes,14013,16,2,False,-1,66411be4c9b548ae032bf581a4288213259a05671ac09d5c30efffce8fed34af,72,74,2,15,True
factor_depth_equal,shuffled_primes,14013,16,2,False,-1,66411be4c9b548ae032bf581a4288213259a05671ac09d5c30efffce8fed34af,72,74,2,15,True
distinct_depth_equal,shuffled_primes,14013,16,2,False,-1,66411be4c9b548ae032bf581a4288213259a05671ac09d5c30efffce8fed34af,72,74,2,15,True
tensor_coprime,shuffled_primes,14013,16,2,False,-1,66411be4c9b548ae032bf581a4288213259a05671ac09d5c30efffce8fed34af,72,74,2,15,True
v2_equal,shuffled_primes,14013,16,2,False,-1,75b5180bafcdad0b121e84e8ed6dcd1d10bb6fd6f20a7b9ac20dd760e7687889,70,73,2,13,True
v2_parity_equal,shuffled_primes,14013,16,2,False,-1,75b5180bafcdad0b121e84e8ed6dcd1d10bb6fd6f20a7b9ac20dd760e7687889,70,73,2,13,True
entropy_increasing,shuffled_primes,14013,16,2,False,-1,b19b2f086a8276c2d13658fddd3b9e3c712c9814e14363f33ac254110a3c13cf,66,69,2,8,True
entropy_bin_equal,shuffled_primes,14013,16,2,False,-1,02170944f99e68c93a9a9b370835c8f94f0501cd3939710239f2d4ea668367df,42,48,2,2,True
ordered_consecutive_tensor_atoms,shuffled_primes,14013,16,2,False,-1,e01890fec09d699960ca2b96de0b226899bdac8d8a068ee6ccdf9b2a29bcaf17,35,41,2,1,True
consecutive_run_2,shuffled_primes,14013,16,2,True,0,a93875fe509ac2fae0e0939d3ec71c4d978244c7398dd7185ca68c393426a5a6,1,1,3,0,True
consecutive_run_3,shuffled_primes,14013,16,2,True,0,a93875fe509ac2fae0e0939d3ec71c4d978244c7398dd7185ca68c393426a5a6,1,1,3,0,True
consecutive_run_4,shuffled_primes,14013,16,2,True,0,a93875fe509ac2fae0e0939d3ec71c4d978244c7398dd7185ca68c393426a5a6,1,1,3,0,True
consecutive_run_5,shuffled_primes,14013,16,2,True,0,a93875fe509ac2fae0e0939d3ec71c4d978244c7398dd7185ca68c393426a5a6,1,1,3,0,True
consecutive_run_6,shuffled_primes,14013,16,2,True,0,a93875fe509ac2fae0e0939d3ec71c4d978244c7398dd7185ca68c393426a5a6,1,1,3,0,True
consecutive_run_7,shuffled_primes,14013,16,2,True,0,a93875fe509ac2fae0e0939d3ec71c4d978244c7398dd7185ca68c393426a5a6,1,1,3,0,True
consecutive_run_8,shuffled_primes,14013,16,2,True,0,a93875fe509ac2fae0e0939d3ec71c4d978244c7398dd7185ca68c393426a5a6,1,1,3,0,True
constant,shuffled_primes,14014,16,2,False,-1,01dafc66b76a75544688e41f0de53116b7c9e9981820e1f6f9dcbb6b73d83af1,71,74,2,15,True
factor_depth_sum,shuffled_primes,14014,16,2,False,-1,01dafc66b76a75544688e41f0de53116b7c9e9981820e1f6f9dcbb6b73d83af1,71,74,2,15,True
indecomposable_pair,shuffled_primes,14014,16,2,False,-1,01dafc66b76a75544688e41f0de53116b7c9e9981820e1f6f9dcbb6b73d83af1,71,74,2,15,True
factor_depth_equal,shuffled_primes,14014,16,2,False,-1,01dafc66b76a75544688e41f0de53116b7c9e9981820e1f6f9dcbb6b73d83af1,71,74,2,15,True
distinct_depth_equal,shuffled_primes,14014,16,2,False,-1,01dafc66b76a75544688e41f0de53116b7c9e9981820e1f6f9dcbb6b73d83af1,71,74,2,15,True
tensor_coprime,shuffled_primes,14014,16,2,False,-1,01dafc66b76a75544688e41f0de53116b7c9e9981820e1f6f9dcbb6b73d83af1,71,74,2,15,True
v2_equal,shuffled_primes,14014,16,2,False,-1,46a9a9bc9c990b519f631bda1572c8ad3fe97005508804eea1f5e82df7c5aeef,70,74,2,13,True
v2_parity_equal,shuffled_primes,14014,16,2,False,-1,46a9a9bc9c990b519f631bda1572c8ad3fe97005508804eea1f5e82df7c5aeef,70,74,2,13,True
entropy_increasing,shuffled_primes,14014,16,2,False,-1,95ff335856b1cd0d3a7071d894abdbd5016cc4037486e25870cd1dd38cbb344d,58,61,2,6,True
entropy_bin_equal,shuffled_primes,14014,16,2,False,-1,ec1637fe2a058ba4127e8b529649fdf5c18a635c93fa660736153251e6b70a81,59,62,2,5,True
ordered_consecutive_tensor_atoms,shuffled_primes,14014,16,2,True,0,a93875fe509ac2fae0e0939d3ec71c4d978244c7398dd7185ca68c393426a5a6,1,1,3,0,True
consecutive_run_2,shuffled_primes,14014,16,2,True,0,a93875fe509ac2fae0e0939d3ec71c4d978244c7398dd7185ca68c393426a5a6,1,1,3,0,True
consecutive_run_3,shuffled_primes,14014,16,2,True,0,a93875fe509ac2fae0e0939d3ec71c4d978244c7398dd7185ca68c393426a5a6,1,1,3,0,True
consecutive_run_4,shuffled_primes,14014,16,2,True,0,a93875fe509ac2fae0e0939d3ec71c4d978244c7398dd7185ca68c393426a5a6,1,1,3,0,True
consecutive_run_5,shuffled_primes,14014,16,2,True,0,a93875fe509ac2fae0e0939d3ec71c4d978244c7398dd7185ca68c393426a5a6,1,1,3,0,True
consecutive_run_6,shuffled_primes,14014,16,2,True,0,a93875fe509ac2fae0e0939d3ec71c4d978244c7398dd7185ca68c393426a5a6,1,1,3,0,True
consecutive_run_7,shuffled_primes,14014,16,2,True,0,a93875fe509ac2fae0e0939d3ec71c4d978244c7398dd7185ca68c393426a5a6,1,1,3,0,True
consecutive_run_8,shuffled_primes,14014,16,2,True,0,a93875fe509ac2fae0e0939d3ec71c4d978244c7398dd7185ca68c393426a5a6,1,1,3,0,True
constant,shuffled_primes,14015,16,2,False,-1,f6c366381911ae5f9019b9503666645d0529aed77985397026c8ffa40f838f6b,69,72,2,15,True
factor_depth_sum,shuffled_primes,14015,16,2,False,-1,f6c366381911ae5f9019b9503666645d0529aed77985397026c8ffa40f838f6b,69,72,2,15,True
indecomposable_pair,shuffled_primes,14015,16,2,False,-1,f6c366381911ae5f9019b9503666645d0529aed77985397026c8ffa40f838f6b,69,72,2,15,True
factor_depth_equal,shuffled_primes,14015,16,2,False,-1,f6c366381911ae5f9019b9503666645d0529aed77985397026c8ffa40f838f6b,69,72,2,15,True
distinct_depth_equal,shuffled_primes,14015,16,2,False,-1,f6c366381911ae5f9019b9503666645d0529aed77985397026c8ffa40f838f6b,69,72,2,15,True
tensor_coprime,shuffled_primes,14015,16,2,False,-1,f6c366381911ae5f9019b9503666645d0529aed77985397026c8ffa40f838f6b,69,72,2,15,True
v2_equal,shuffled_primes,14015,16,2,False,-1,823dfae0013503d55f57929462f7065cbf6001995e230e35557ea325de92abe8,69,72,2,14,True
v2_parity_equal,shuffled_primes,14015,16,2,False,-1,823dfae0013503d55f57929462f7065cbf6001995e230e35557ea325de92abe8,69,72,2,14,True
entropy_increasing,shuffled_primes,14015,16,2,False,-1,a3d8975834d5bfdb1ec5ac7605d8b22e3fb8d1a97bc79ec931673208ed4ce601,63,66,2,7,True
entropy_bin_equal,shuffled_primes,14015,16,2,False,-1,1b2ce17fda9b6f00d07c46eb5361b954d02631b6252f70d24b3001a22ad03625,43,49,2,2,True
ordered_consecutive_tensor_atoms,shuffled_primes,14015,16,2,False,-1,cad4ec40b327ec7a26d151ab5bb399a2abf6af478eb86b276ff19b2100751140,43,49,2,2,True
consecutive_run_2,shuffled_primes,14015,16,2,True,0,a93875fe509ac2fae0e0939d3ec71c4d978244c7398dd7185ca68c393426a5a6,1,1,3,0,True
consecutive_run_3,shuffled_primes,14015,16,2,True,0,a93875fe509ac2fae0e0939d3ec71c4d978244c7398dd7185ca68c393426a5a6,1,1,3,0,True
consecutive_run_4,shuffled_primes,14015,16,2,True,0,a93875fe509ac2fae0e0939d3ec71c4d978244c7398dd7185ca68c393426a5a6,1,1,3,0,True
consecutive_run_5,shuffled_primes,14015,16,2,True,0,a93875fe509ac2fae0e0939d3ec71c4d978244c7398dd7185ca68c393426a5a6,1,1,3,0,True
consecutive_run_6,shuffled_primes,14015,16,2,True,0,a93875fe509ac2fae0e0939d3ec71c4d978244c7398dd7185ca68c393426a5a6,1,1,3,0,True
consecutive_run_7,shuffled_primes,14015,16,2,True,0,a93875fe509ac2fae0e0939d3ec71c4d978244c7398dd7185ca68c393426a5a6,1,1,3,0,True
consecutive_run_8,shuffled_primes,14015,16,2,True,0,a93875fe509ac2fae0e0939d3ec71c4d978244c7398dd7185ca68c393426a5a6,1,1,3,0,True
constant,random_increasing,14100,16,2,False,-1,b9e156840a5e139f9909bcd1e2d24bbfee16314de032f221c5670904ea6386d2,96,102,2,15,True
factor_depth_sum,random_increasing,14100,16,2,True,0,a93875fe509ac2fae0e0939d3ec71c4d978244c7398dd7185ca68c393426a5a6,1,1,3,0,True
indecomposable_pair,random_increasing,14100,16,2,True,0,a93875fe509ac2fae0e0939d3ec71c4d978244c7398dd7185ca68c393426a5a6,1,1,3,0,True
factor_depth_equal,random_increasing,14100,16,2,False,-1,12d9bd33a400d6084600ee802e52afcfe8290bf98e22225e0c03987aff0e2fce,86,93,2,8,True
distinct_depth_equal,random_increasing,14100,16,2,False,-1,f8bb136dd3c0252cc5d52122bb204d4c49ab7065dd30461fc84dae28d1c0c149,91,97,2,12,True
tensor_coprime,random_increasing,14100,16,2,False,-1,7bb0cf78a2c780efb712b3304035e645b4cd99b7557ae7b6c9663608e6fe4437,95,102,2,10,True
v2_equal,random_increasing,14100,16,2,False,-1,041a7bbfc08b8586e9463b242575102c19232e71a83996c92604f33b999b1f20,69,78,2,3,True
v2_parity_equal,random_increasing,14100,16,2,False,-1,2cec458b6a48002e0f7965c47ad4a3c47ec1c9aa8d9889b9f10cdf1f4c21e4d7,79,85,2,6,True
entropy_increasing,random_increasing,14100,16,2,False,-1,b9e156840a5e139f9909bcd1e2d24bbfee16314de032f221c5670904ea6386d2,96,102,2,15,True
entropy_bin_equal,random_increasing,14100,16,2,False,-1,6c9f477ca99ab01cb08ea8260b440511b3fcc970443545d17b11b2ed37db3b61,92,99,2,12,True
ordered_consecutive_tensor_atoms,random_increasing,14100,16,2,True,0,a93875fe509ac2fae0e0939d3ec71c4d978244c7398dd7185ca68c393426a5a6,1,1,3,0,True
consecutive_run_2,random_increasing,14100,16,2,True,0,a93875fe509ac2fae0e0939d3ec71c4d978244c7398dd7185ca68c393426a5a6,1,1,3,0,True
consecutive_run_3,random_increasing,14100,16,2,True,0,a93875fe509ac2fae0e0939d3ec71c4d978244c7398dd7185ca68c393426a5a6,1,1,3,0,True
consecutive_run_4,random_increasing,14100,16,2,True,0,a93875fe509ac2fae0e0939d3ec71c4d978244c7398dd7185ca68c393426a5a6,1,1,3,0,True
consecutive_run_5,random_increasing,14100,16,2,True,0,a93875fe509ac2fae0e0939d3ec71c4d978244c7398dd7185ca68c393426a5a6,1,1,3,0,True
consecutive_run_6,random_increasing,14100,16,2,True,0,a93875fe509ac2fae0e0939d3ec71c4d978244c7398dd7185ca68c393426a5a6,1,1,3,0,True
consecutive_run_7,random_increasing,14100,16,2,True,0,a93875fe509ac2fae0e0939d3ec71c4d978244c7398dd7185ca68c393426a5a6,1,1,3,0,True
consecutive_run_8,random_increasing,14100,16,2,True,0,a93875fe509ac2fae0e0939d3ec71c4d978244c7398dd7185ca68c393426a5a6,1,1,3,0,True
constant,random_increasing,14101,16,2,False,-1,988dca9371a95a0b3ee67fc994c79e5654adeb256ebe91b9dd5eefb0257d4ca7,98,103,2,15,True
factor_depth_sum,random_increasing,14101,16,2,True,0,a93875fe509ac2fae0e0939d3ec71c4d978244c7398dd7185ca68c393426a5a6,1,1,4,0,True
indecomposable_pair,random_increasing,14101,16,2,True,0,a93875fe509ac2fae0e0939d3ec71c4d978244c7398dd7185ca68c393426a5a6,1,1,3,0,True
factor_depth_equal,random_increasing,14101,16,2,False,-1,28bd0bb495c88c2e2f12edf7300d7f4bcafd08f35c9c0a08afa124d312f59aca,75,84,2,3,True
distinct_depth_equal,random_increasing,14101,16,2,False,-1,28bd0bb495c88c2e2f12edf7300d7f4bcafd08f35c9c0a08afa124d312f59aca,75,84,2,3,True
tensor_coprime,random_increasing,14101,16,2,False,-1,71dc3c9ce24f34cfbc17df43a41e5aa5ad124a61bd8e62e25ac9cff5cd18487f,87,96,2,7,True
v2_equal,random_increasing,14101,16,2,False,-1,66af3af39e7eb32133d235aba16c24c60394480e957aef80bee0b74152d36aa2,68,76,2,2,True
v2_parity_equal,random_increasing,14101,16,2,False,-1,a53791d9db16c36acadd57230888591aa74dce23b31389b7c787711e31a53bab,81,89,2,5,True
entropy_increasing,random_increasing,14101,16,2,False,-1,988dca9371a95a0b3ee67fc994c79e5654adeb256ebe91b9dd5eefb0257d4ca7,98,103,2,15,True
entropy_bin_equal,random_increasing,14101,16,2,False,-1,9d1a660ce15f13bd72e442b672600b3cac5b44337c6859d5a2f4516e65f2c184,92,100,2,11,True
ordered_consecutive_tensor_atoms,random_increasing,14101,16,2,True,0,a93875fe509ac2fae0e0939d3ec71c4d978244c7398dd7185ca68c393426a5a6,1,1,3,0,True
consecutive_run_2,random_increasing,14101,16,2,True,0,a93875fe509ac2fae0e0939d3ec71c4d978244c7398dd7185ca68c393426a5a6,1,1,3,0,True
consecutive_run_3,random_increasing,14101,16,2,True,0,a93875fe509ac2fae0e0939d3ec71c4d978244c7398dd7185ca68c393426a5a6,1,1,3,0,True
consecutive_run_4,random_increasing,14101,16,2,True,0,a93875fe509ac2fae0e0939d3ec71c4d978244c7398dd7185ca68c393426a5a6,1,1,3,0,True
consecutive_run_5,random_increasing,14101,16,2,True,0,a93875fe509ac2fae0e0939d3ec71c4d978244c7398dd7185ca68c393426a5a6,1,1,3,0,True
consecutive_run_6,random_increasing,14101,16,2,True,0,a93875fe509ac2fae0e0939d3ec71c4d978244c7398dd7185ca68c393426a5a6,1,1,3,0,True
consecutive_run_7,random_increasing,14101,16,2,True,0,a93875fe509ac2fae0e0939d3ec71c4d978244c7398dd7185ca68c393426a5a6,1,1,3,0,True
consecutive_run_8,random_increasing,14101,16,2,True,0,a93875fe509ac2fae0e0939d3ec71c4d978244c7398dd7185ca68c393426a5a6,1,1,3,0,True
constant,random_increasing,14102,16,2,False,-1,697f4968cd636190ea0b282c76b3b1a0bf8e22d0d24db03516ec44b5fa1b88da,96,102,2,15,True
factor_depth_sum,random_increasing,14102,16,2,False,-1,4e1e477117dee54bffec8e8e8b29940755b963d624b9c64a4dc8373cda41f88a,59,67,2,1,True
indecomposable_pair,random_increasing,14102,16,2,False,-1,4e1e477117dee54bffec8e8e8b29940755b963d624b9c64a4dc8373cda41f88a,59,67,2,1,True
factor_depth_equal,random_increasing,14102,16,2,False,-1,37cd36ae42e3b8d8abb36864b7bb77498c81932c12c743f93d9d13bffc74e340,79,85,2,4,True
distinct_depth_equal,random_increasing,14102,16,2,False,-1,33cd5a3f6655e982a551f0fa907fefc9a7145241ba99ae67b215e048744b7d7e,91,97,2,6,True
tensor_coprime,random_increasing,14102,16,2,False,-1,49ac6efddfb8401e9113fc6be40f8bfc6ec3645e3fe5f6490f2f4a565f725467,91,98,2,9,True
v2_equal,random_increasing,14102,16,2,False,-1,086455219a24b316776ce6af84393a19be424d01096059d96ec3dd6c113101e9,84,90,2,7,True
v2_parity_equal,random_increasing,14102,16,2,False,-1,f1a12c1c45d044e89de17af21705f7358150e0b2759eea5d3fed92d3ac212b8a,94,101,2,10,True
entropy_increasing,random_increasing,14102,16,2,False,-1,697f4968cd636190ea0b282c76b3b1a0bf8e22d0d24db03516ec44b5fa1b88da,96,102,2,15,True
entropy_bin_equal,random_increasing,14102,16,2,False,-1,7d1206a0c556eca1e43941acb6414ef04846b1186ce4acf5b8897dffa6412904,96,102,2,11,True
ordered_consecutive_tensor_atoms,random_increasing,14102,16,2,True,0,a93875fe509ac2fae0e0939d3ec71c4d978244c7398dd7185ca68c393426a5a6,1,1,3,0,True
consecutive_run_2,random_increasing,14102,16,2,True,0,a93875fe509ac2fae0e0939d3ec71c4d978244c7398dd7185ca68c393426a5a6,1,1,3,0,True
consecutive_run_3,random_increasing,14102,16,2,True,0,a93875fe509ac2fae0e0939d3ec71c4d978244c7398dd7185ca68c393426a5a6,1,1,3,0,True
consecutive_run_4,random_increasing,14102,16,2,True,0,a93875fe509ac2fae0e0939d3ec71c4d978244c7398dd7185ca68c393426a5a6,1,1,3,0,True
consecutive_run_5,random_increasing,14102,16,2,True,0,a93875fe509ac2fae0e0939d3ec71c4d978244c7398dd7185ca68c393426a5a6,1,1,3,0,True
consecutive_run_6,random_increasing,14102,16,2,True,0,a93875fe509ac2fae0e0939d3ec71c4d978244c7398dd7185ca68c393426a5a6,1,1,3,0,True
consecutive_run_7,random_increasing,14102,16,2,True,0,a93875fe509ac2fae0e0939d3ec71c4d978244c7398dd7185ca68c393426a5a6,1,1,3,0,True
consecutive_run_8,random_increasing,14102,16,2,True,0,a93875fe509ac2fae0e0939d3ec71c4d978244c7398dd7185ca68c393426a5a6,1,1,3,0,True
constant,random_increasing,14103,16,2,False,-1,661f4419faaa4a2a49d1d75bb384b82badf618018b465fde3e8964df0d66a23c,99,106,2,15,True
factor_depth_sum,random_increasing,14103,16,2,True,0,a93875fe509ac2fae0e0939d3ec71c4d978244c7398dd7185ca68c393426a5a6,1,1,3,0,True
indecomposable_pair,random_increasing,14103,16,2,True,0,a93875fe509ac2fae0e0939d3ec71c4d978244c7398dd7185ca68c393426a5a6,1,1,3,0,True
factor_depth_equal,random_increasing,14103,16,2,False,-1,9fa4f2d84fc35d6ca1c35a9d31cc2632a1e44961acfa8c4881a4201829f2c350,64,72,2,1,True
distinct_depth_equal,random_increasing,14103,16,2,False,-1,95980ffdcd6d6127c13abaa10fba620570005e190cb4e4861198be97213d6bf6,81,88,2,5,True
tensor_coprime,random_increasing,14103,16,2,False,-1,18dd33c1fde6079a38294f98d68c9fb2d3703131a7e99ffc0265c5a620a8da0e,99,107,2,11,True
v2_equal,random_increasing,14103,16,2,False,-1,a16309cbded8fb01bc4e7a53024fc07854a1ecd59cc2268aa24b42677117ea55,78,85,2,3,True
v2_parity_equal,random_increasing,14103,16,2,False,-1,ce9092957980be2ef15da3fed4e47d56c6792350308266f9c0cc93dab3fcb6e7,93,101,2,9,True
entropy_increasing,random_increasing,14103,16,2,False,-1,661f4419faaa4a2a49d1d75bb384b82badf618018b465fde3e8964df0d66a23c,99,106,2,15,True
entropy_bin_equal,random_increasing,14103,16,2,False,-1,0fb4b79cae0cd553f7594fa26519ff2f067c16eda0ecb723a0dcc58b9665c8c7,99,107,2,13,True
ordered_consecutive_tensor_atoms,random_increasing,14103,16,2,True,0,a93875fe509ac2fae0e0939d3ec71c4d978244c7398dd7185ca68c393426a5a6,1,1,3,0,True
consecutive_run_2,random_increasing,14103,16,2,True,0,a93875fe509ac2fae0e0939d3ec71c4d978244c7398dd7185ca68c393426a5a6,1,1,3,0,True
consecutive_run_3,random_increasing,14103,16,2,True,0,a93875fe509ac2fae0e0939d3ec71c4d978244c7398dd7185ca68c393426a5a6,1,1,3,0,True
consecutive_run_4,random_increasing,14103,16,2,True,0,a93875fe509ac2fae0e0939d3ec71c4d978244c7398dd7185ca68c393426a5a6,1,1,3,0,True
consecutive_run_5,random_increasing,14103,16,2,True,0,a93875fe509ac2fae0e0939d3ec71c4d978244c7398dd7185ca68c393426a5a6,1,1,3,0,True
consecutive_run_6,random_increasing,14103,16,2,True,0,a93875fe509ac2fae0e0939d3ec71c4d978244c7398dd7185ca68c393426a5a6,1,1,3,0,True
consecutive_run_7,random_increasing,14103,16,2,True,0,a93875fe509ac2fae0e0939d3ec71c4d978244c7398dd7185ca68c393426a5a6,1,1,3,0,True
consecutive_run_8,random_increasing,14103,16,2,True,0,a93875fe509ac2fae0e0939d3ec71c4d978244c7398dd7185ca68c393426a5a6,1,1,3,0,True
constant,random_increasing,14104,16,2,False,-1,6b75930fcf6e56bf0aba2362f08c093fc12cc4fce84b72992948565fda120eda,99,106,2,15,True
factor_depth_sum,random_increasing,14104,16,2,False,-1,c4072a03a04916b0103aacfaa0ad3e69f92ea0939a170da98c671831afc6db2e,58,68,2,1,True
indecomposable_pair,random_increasing,14104,16,2,False,-1,c4072a03a04916b0103aacfaa0ad3e69f92ea0939a170da98c671831afc6db2e,58,68,2,1,True
factor_depth_equal,random_increasing,14104,16,2,False,-1,1f26d5d19c568dbcf2e80d5af70ff27c926ea006cc1cd402404a0d756b15dda5,73,82,2,2,True
distinct_depth_equal,random_increasing,14104,16,2,False,-1,6e326b4b1a57977048df9ddd8344f934af9baa8241b5e6076f0e846194355cb3,94,101,2,8,True
tensor_coprime,random_increasing,14104,16,2,False,-1,2921c8d3cc86d3bee18f27c061ae217b92e2a44d4dca3d33c425b9c4c3d8dd78,97,104,2,9,True
v2_equal,random_increasing,14104,16,2,False,-1,0f2d3abc13b23a4ee0de4377772668cfb5f71b347c231a4a68fa159ea9519d42,74,84,2,3,True
v2_parity_equal,random_increasing,14104,16,2,False,-1,df704dc5b9f0de28840f7db59a88ad249f5b6327d32887ab4c980346a311f89e,92,98,2,9,True
entropy_increasing,random_increasing,14104,16,2,False,-1,6b75930fcf6e56bf0aba2362f08c093fc12cc4fce84b72992948565fda120eda,99,106,2,15,True
entropy_bin_equal,random_increasing,14104,16,2,False,-1,f005894afcd68a1af2a873d53eebfee15c6ed2dc2599a4ee8e3fa97a5268e228,94,102,2,12,True
ordered_consecutive_tensor_atoms,random_increasing,14104,16,2,True,0,a93875fe509ac2fae0e0939d3ec71c4d978244c7398dd7185ca68c393426a5a6,1,1,3,0,True
consecutive_run_2,random_increasing,14104,16,2,True,0,a93875fe509ac2fae0e0939d3ec71c4d978244c7398dd7185ca68c393426a5a6,1,1,3,0,True
consecutive_run_3,random_increasing,14104,16,2,True,0,a93875fe509ac2fae0e0939d3ec71c4d978244c7398dd7185ca68c393426a5a6,1,1,3,0,True
consecutive_run_4,random_increasing,14104,16,2,True,0,a93875fe509ac2fae0e0939d3ec71c4d978244c7398dd7185ca68c393426a5a6,1,1,3,0,True
consecutive_run_5,random_increasing,14104,16,2,True,0,a93875fe509ac2fae0e0939d3ec71c4d978244c7398dd7185ca68c393426a5a6,1,1,3,0,True
consecutive_run_6,random_increasing,14104,16,2,True,0,a93875fe509ac2fae0e0939d3ec71c4d978244c7398dd7185ca68c393426a5a6,1,1,3,0,True
consecutive_run_7,random_increasing,14104,16,2,True,0,a93875fe509ac2fae0e0939d3ec71c4d978244c7398dd7185ca68c393426a5a6,1,1,3,0,True
consecutive_run_8,random_increasing,14104,16,2,True,0,a93875fe509ac2fae0e0939d3ec71c4d978244c7398dd7185ca68c393426a5a6,1,1,3,0,True
constant,random_increasing,14105,16,2,False,-1,a7944aabdc041b59dadaea765de6ccca6b7a72f0c65e378f3605eeddc4f9b37d,93,100,2,15,True
factor_depth_sum,random_increasing,14105,16,2,True,0,a93875fe509ac2fae0e0939d3ec71c4d978244c7398dd7185ca68c393426a5a6,1,1,4,0,True
indecomposable_pair,random_increasing,14105,16,2,True,0,a93875fe509ac2fae0e0939d3ec71c4d978244c7398dd7185ca68c393426a5a6,1,1,3,0,True
factor_depth_equal,random_increasing,14105,16,2,False,-1,9e9cc921deba0be44aa23024c8211cee83ef631699c3839bed12e93ca43062f1,73,82,2,2,True
distinct_depth_equal,random_increasing,14105,16,2,False,-1,8f76db9937474c837ccbe844c9204b2b9a3fa74cb23c1e7e7f451d06f536e426,76,84,2,5,True
tensor_coprime,random_increasing,14105,16,2,False,-1,090b69c49e22a8af89fbf78f27689b1db6d5ca9e79c4ee9b2e95099c49ed6fea,86,94,2,7,True
v2_equal,random_increasing,14105,16,2,False,-1,4686dd43c6505d3832407939f471a651bc83f3a1692d47d35cfdd51a4d05d878,65,73,2,2,True
v2_parity_equal,random_increasing,14105,16,2,False,-1,040c90d4c7f0c48cda471939527ad622bcc67f77e98f572180df78d982fe70ae,81,88,2,6,True
entropy_increasing,random_increasing,14105,16,2,False,-1,a7944aabdc041b59dadaea765de6ccca6b7a72f0c65e378f3605eeddc4f9b37d,93,100,2,15,True
entropy_bin_equal,random_increasing,14105,16,2,False,-1,6f5b6cc05b6a7b049ae497581a609ed104a14d52975cde99a937b3fe03302418,96,103,2,12,True
ordered_consecutive_tensor_atoms,random_increasing,14105,16,2,True,0,a93875fe509ac2fae0e0939d3ec71c4d978244c7398dd7185ca68c393426a5a6,1,1,3,0,True
consecutive_run_2,random_increasing,14105,16,2,True,0,a93875fe509ac2fae0e0939d3ec71c4d978244c7398dd7185ca68c393426a5a6,1,1,3,0,True
consecutive_run_3,random_increasing,14105,16,2,True,0,a93875fe509ac2fae0e0939d3ec71c4d978244c7398dd7185ca68c393426a5a6,1,1,3,0,True
consecutive_run_4,random_increasing,14105,16,2,True,0,a93875fe509ac2fae0e0939d3ec71c4d978244c7398dd7185ca68c393426a5a6,1,1,3,0,True
consecutive_run_5,random_increasing,14105,16,2,True,0,a93875fe509ac2fae0e0939d3ec71c4d978244c7398dd7185ca68c393426a5a6,1,1,3,0,True
consecutive_run_6,random_increasing,14105,16,2,True,0,a93875fe509ac2fae0e0939d3ec71c4d978244c7398dd7185ca68c393426a5a6,1,1,3,0,True
consecutive_run_7,random_increasing,14105,16,2,True,0,a93875fe509ac2fae0e0939d3ec71c4d978244c7398dd7185ca68c393426a5a6,1,1,3,0,True
consecutive_run_8,random_increasing,14105,16,2,True,0,a93875fe509ac2fae0e0939d3ec71c4d978244c7398dd7185ca68c393426a5a6,1,1,3,0,True
constant,random_increasing,14106,16,2,False,-1,f8c1454b611136a74089f1d89b141f4a9b2ad2b6267c85666bd896c7462a02ea,90,95,2,15,True
factor_depth_sum,random_increasing,14106,16,2,False,-1,60c8d2dfd1e0cab6d26be840d14bf1976af01a9ccd71eb370fbb21a9b496d705,55,64,2,1,True
indecomposable_pair,random_increasing,14106,16,2,False,-1,60c8d2dfd1e0cab6d26be840d14bf1976af01a9ccd71eb370fbb21a9b496d705,55,64,2,1,True
factor_depth_equal,random_increasing,14106,16,2,False,-1,26b32deb894d080f03573903c209257ce57509eb5b5e79a1a228a9fd7bec10cf,64,72,2,2,True
distinct_depth_equal,random_increasing,14106,16,2,False,-1,0ed00d42ebe35c5f87f512ba3f54cfff49d538b149066eaa4c62512dca1beff7,68,75,2,4,True
tensor_coprime,random_increasing,14106,16,2,False,-1,3b1712b1fd96b66118c758a95f99e2f5f88cb0e92790130868ca27e9beabc0e1,89,93,2,10,True
v2_equal,random_increasing,14106,16,2,False,-1,9c543c589eec5e2259e919a4b1a728d50dfd4301f53b74361ab536632df6788f,70,77,2,4,True
v2_parity_equal,random_increasing,14106,16,2,False,-1,15cfe612efa5c394f85a9b884add35cf2d57b40a41bbcba477c1424499d15567,78,83,2,8,True
entropy_increasing,random_increasing,14106,16,2,False,-1,f8c1454b611136a74089f1d89b141f4a9b2ad2b6267c85666bd896c7462a02ea,90,95,2,15,True
entropy_bin_equal,random_increasing,14106,16,2,False,-1,17b377283e992fe3376692759ccda0d0a513d569f6fe9d992ec3456e98f1b7ce,86,93,2,11,True
ordered_consecutive_tensor_atoms,random_increasing,14106,16,2,True,0,a93875fe509ac2fae0e0939d3ec71c4d978244c7398dd7185ca68c393426a5a6,1,1,3,0,True
consecutive_run_2,random_increasing,14106,16,2,True,0,a93875fe509ac2fae0e0939d3ec71c4d978244c7398dd7185ca68c393426a5a6,1,1,3,0,True
consecutive_run_3,random_increasing,14106,16,2,True,0,a93875fe509ac2fae0e0939d3ec71c4d978244c7398dd7185ca68c393426a5a6,1,1,3,0,True
consecutive_run_4,random_increasing,14106,16,2,True,0,a93875fe509ac2fae0e0939d3ec71c4d978244c7398dd7185ca68c393426a5a6,1,1,3,0,True
consecutive_run_5,random_increasing,14106,16,2,True,0,a93875fe509ac2fae0e0939d3ec71c4d978244c7398dd7185ca68c393426a5a6,1,1,3,0,True
consecutive_run_6,random_increasing,14106,16,2,True,0,a93875fe509ac2fae0e0939d3ec71c4d978244c7398dd7185ca68c393426a5a6,1,1,3,0,True
consecutive_run_7,random_increasing,14106,16,2,True,0,a93875fe509ac2fae0e0939d3ec71c4d978244c7398dd7185ca68c393426a5a6,1,1,3,0,True
consecutive_run_8,random_increasing,14106,16,2,True,0,a93875fe509ac2fae0e0939d3ec71c4d978244c7398dd7185ca68c393426a5a6,1,1,3,0,True
constant,random_increasing,14107,16,2,False,-1,eae459b90a3c04f62e19560d6e43bbe74ae5cdf5864d7b96fa14b242c22e80a8,114,121,2,15,True
factor_depth_sum,random_increasing,14107,16,2,False,-1,5ef329fda9ba81d292df91cf4ecd4e24819645571226421e2e31f4b5949c1d69,76,86,2,2,True
indecomposable_pair,random_increasing,14107,16,2,False,-1,5ef329fda9ba81d292df91cf4ecd4e24819645571226421e2e31f4b5949c1d69,76,86,2,2,True
factor_depth_equal,random_increasing,14107,16,2,False,-1,19b6777c0a3e6533ecefeb906bee3a732a30554f44ef3559089a0d9576e9bbb3,82,91,2,3,True
distinct_depth_equal,random_increasing,14107,16,2,False,-1,921ba696f5a5287062b52dae7b800f275bb223da9fd7052bf778270d9b8a8f61,95,103,2,7,True
tensor_coprime,random_increasing,14107,16,2,False,-1,c4a6ab6d52f30ac516a99d2f6f7309197ec8cdfdfd4211d65006aed70385aca4,107,115,2,11,True
v2_equal,random_increasing,14107,16,2,False,-1,2c63d9eac18d18744218eeec421b3de091e22316692899572fece6fabe45249f,99,108,2,8,True
v2_parity_equal,random_increasing,14107,16,2,False,-1,2c63d9eac18d18744218eeec421b3de091e22316692899572fece6fabe45249f,99,108,2,8,True
entropy_increasing,random_increasing,14107,16,2,False,-1,eae459b90a3c04f62e19560d6e43bbe74ae5cdf5864d7b96fa14b242c22e80a8,114,121,2,15,True
entropy_bin_equal,random_increasing,14107,16,2,False,-1,520c1181e1ab1ff70f4b5d3ecf42c9a50a048c18cc6eb0f822fc4f9141bf1f33,113,120,2,14,True
ordered_consecutive_tensor_atoms,random_increasing,14107,16,2,True,0,a93875fe509ac2fae0e0939d3ec71c4d978244c7398dd7185ca68c393426a5a6,1,1,3,0,True
consecutive_run_2,random_increasing,14107,16,2,True,0,a93875fe509ac2fae0e0939d3ec71c4d978244c7398dd7185ca68c393426a5a6,1,1,3,0,True
consecutive_run_3,random_increasing,14107,16,2,True,0,a93875fe509ac2fae0e0939d3ec71c4d978244c7398dd7185ca68c393426a5a6,1,1,3,0,True
consecutive_run_4,random_increasing,14107,16,2,True,0,a93875fe509ac2fae0e0939d3ec71c4d978244c7398dd7185ca68c393426a5a6,1,1,3,0,True
consecutive_run_5,random_increasing,14107,16,2,True,0,a93875fe509ac2fae0e0939d3ec71c4d978244c7398dd7185ca68c393426a5a6,1,1,3,0,True
consecutive_run_6,random_increasing,14107,16,2,True,0,a93875fe509ac2fae0e0939d3ec71c4d978244c7398dd7185ca68c393426a5a6,1,1,3,0,True
consecutive_run_7,random_increasing,14107,16,2,True,0,a93875fe509ac2fae0e0939d3ec71c4d978244c7398dd7185ca68c393426a5a6,1,1,3,0,True
consecutive_run_8,random_increasing,14107,16,2,True,0,a93875fe509ac2fae0e0939d3ec71c4d978244c7398dd7185ca68c393426a5a6,1,1,3,0,True
constant,random_increasing,14108,16,2,False,-1,6e2e5d05aa088294e60b8406426b90b8445cde7448953a74e8569875dd403381,105,110,2,15,True
factor_depth_sum,random_increasing,14108,16,2,True,0,a93875fe509ac2fae0e0939d3ec71c4d978244c7398dd7185ca68c393426a5a6,1,1,3,0,True
indecomposable_pair,random_increasing,14108,16,2,True,0,a93875fe509ac2fae0e0939d3ec71c4d978244c7398dd7185ca68c393426a5a6,1,1,3,0,True
factor_depth_equal,random_increasing,14108,16,2,False,-1,587e46661c3060387988573024bae06c7ba7241cb3dba0076d96d19e622f88a2,83,89,2,4,True
distinct_depth_equal,random_increasing,14108,16,2,False,-1,7f646a1b46c992de342f5ec443c92b6802c514e80eba2ecf2d8913d8c54d496e,89,97,2,8,True
tensor_coprime,random_increasing,14108,16,2,False,-1,3e0c09e2b2ee11f0367a0adce1bbd7cec4e32362de5cf6d5a8fc5589a2f179e8,90,96,2,7,True
v2_equal,random_increasing,14108,16,2,False,-1,26fa3a8efa22388c2047386fa2aa66fe7b6ce310e2cfaed6f233714c830365b9,82,90,2,4,True
v2_parity_equal,random_increasing,14108,16,2,False,-1,f4d4d7c2d238bff144d474729a52273b22e58686c364cc49fcee4d48c3ea55ad,86,95,2,6,True
entropy_increasing,random_increasing,14108,16,2,False,-1,6e2e5d05aa088294e60b8406426b90b8445cde7448953a74e8569875dd403381,105,110,2,15,True
entropy_bin_equal,random_increasing,14108,16,2,False,-1,c7cb145f20d667610fd922ba345cfd4b219e26e9f26be09fe8ecb876f04104d6,102,109,2,11,True
ordered_consecutive_tensor_atoms,random_increasing,14108,16,2,True,0,a93875fe509ac2fae0e0939d3ec71c4d978244c7398dd7185ca68c393426a5a6,1,1,3,0,True
consecutive_run_2,random_increasing,14108,16,2,True,0,a93875fe509ac2fae0e0939d3ec71c4d978244c7398dd7185ca68c393426a5a6,1,1,3,0,True
consecutive_run_3,random_increasing,14108,16,2,True,0,a93875fe509ac2fae0e0939d3ec71c4d978244c7398dd7185ca68c393426a5a6,1,1,3,0,True
consecutive_run_4,random_increasing,14108,16,2,True,0,a93875fe509ac2fae0e0939d3ec71c4d978244c7398dd7185ca68c393426a5a6,1,1,3,0,True
consecutive_run_5,random_increasing,14108,16,2,True,0,a93875fe509ac2fae0e0939d3ec71c4d978244c7398dd7185ca68c393426a5a6,1,1,3,0,True
consecutive_run_6,random_increasing,14108,16,2,True,0,a93875fe509ac2fae0e0939d3ec71c4d978244c7398dd7185ca68c393426a5a6,1,1,3,0,True
consecutive_run_7,random_increasing,14108,16,2,True,0,a93875fe509ac2fae0e0939d3ec71c4d978244c7398dd7185ca68c393426a5a6,1,1,3,0,True
consecutive_run_8,random_increasing,14108,16,2,True,0,a93875fe509ac2fae0e0939d3ec71c4d978244c7398dd7185ca68c393426a5a6,1,1,3,0,True
constant,random_increasing,14109,16,2,False,-1,5bed8e29d651c21d3e1f0d6aa0a49371a77c17166fff1bdb15089a49a5aa79bd,104,110,2,15,True
factor_depth_sum,random_increasing,14109,16,2,True,0,a93875fe509ac2fae0e0939d3ec71c4d978244c7398dd7185ca68c393426a5a6,1,1,3,0,True
indecomposable_pair,random_increasing,14109,16,2,True,0,a93875fe509ac2fae0e0939d3ec71c4d978244c7398dd7185ca68c393426a5a6,1,1,3,0,True
factor_depth_equal,random_increasing,14109,16,2,False,-1,e78bcee9a4002830a163b1ab563924837b74e3b98808a8f957cf487cbbe8d6a1,77,85,2,5,True
distinct_depth_equal,random_increasing,14109,16,2,False,-1,ff8bde1bc5b73f020905e51ef1ebf565ea40a42986eca5476a272b61bc60128c,92,101,2,6,True
tensor_coprime,random_increasing,14109,16,2,False,-1,ec026c58282e0bf4cf6564d969ae4d46197724b5f9a2444a1d7bc74337f1e002,95,103,2,8,True
v2_equal,random_increasing,14109,16,2,False,-1,1dbb0095236ea290f84610b2334c41ab78fd1ab4c0ac9d849735cb49c9f72f64,74,83,2,3,True
v2_parity_equal,random_increasing,14109,16,2,False,-1,b1371e13212293709809cfba3a2427fd3e616e8dc2d246791d1e40a528e43835,101,109,2,10,True
entropy_increasing,random_increasing,14109,16,2,False,-1,5bed8e29d651c21d3e1f0d6aa0a49371a77c17166fff1bdb15089a49a5aa79bd,104,110,2,15,True
entropy_bin_equal,random_increasing,14109,16,2,False,-1,aabc1c1aff7b57fd328653c3763ceaeb5d1b7de891578e24e10143906d2e7dc9,102,110,2,12,True
ordered_consecutive_tensor_atoms,random_increasing,14109,16,2,True,0,a93875fe509ac2fae0e0939d3ec71c4d978244c7398dd7185ca68c393426a5a6,1,1,3,0,True
consecutive_run_2,random_increasing,14109,16,2,True,0,a93875fe509ac2fae0e0939d3ec71c4d978244c7398dd7185ca68c393426a5a6,1,1,3,0,True
consecutive_run_3,random_increasing,14109,16,2,True,0,a93875fe509ac2fae0e0939d3ec71c4d978244c7398dd7185ca68c393426a5a6,1,1,3,0,True
consecutive_run_4,random_increasing,14109,16,2,True,0,a93875fe509ac2fae0e0939d3ec71c4d978244c7398dd7185ca68c393426a5a6,1,1,3,0,True
consecutive_run_5,random_increasing,14109,16,2,True,0,a93875fe509ac2fae0e0939d3ec71c4d978244c7398dd7185ca68c393426a5a6,1,1,3,0,True
consecutive_run_6,random_increasing,14109,16,2,True,0,a93875fe509ac2fae0e0939d3ec71c4d978244c7398dd7185ca68c393426a5a6,1,1,3,0,True
consecutive_run_7,random_increasing,14109,16,2,True,0,a93875fe509ac2fae0e0939d3ec71c4d978244c7398dd7185ca68c393426a5a6,1,1,3,0,True
consecutive_run_8,random_increasing,14109,16,2,True,0,a93875fe509ac2fae0e0939d3ec71c4d978244c7398dd7185ca68c393426a5a6,1,1,3,0,True
constant,random_increasing,14110,16,2,False,-1,d6abcfdf685c71d77cdd5743aca929ce9f4285438377ab2d9c6bda8c0ec5349c,117,123,2,15,True
factor_depth_sum,random_increasing,14110,16,2,False,-1,d3cf21ec4c53ddc4ec8fb62b7ae106effbf5763b72ea62ccc2aa08a47387e62d,82,88,2,4,True
indecomposable_pair,random_increasing,14110,16,2,False,-1,d3cf21ec4c53ddc4ec8fb62b7ae106effbf5763b72ea62ccc2aa08a47387e62d,82,88,2,4,True
factor_depth_equal,random_increasing,14110,16,2,False,-1,fc2e5baa8bd654725d9e809e75d397fd835da68b06281dce922d158ef4cf22ba,96,102,2,6,True
distinct_depth_equal,random_increasing,14110,16,2,False,-1,2b7711b340e9f3159363f2477a909494bf9bc7ea305fd6bff768b980133522e6,96,103,2,7,True
tensor_coprime,random_increasing,14110,16,2,False,-1,aae10e61940fcf7ab370dcc032509f50b01aa62feb3e3a83f749fafe5c421102,104,110,2,9,True
v2_equal,random_increasing,14110,16,2,False,-1,349aa58a4f6d81ae9a7776aff33022a0f0d7ce24d8ff5757f618735dae000708,107,113,2,10,True
v2_parity_equal,random_increasing,14110,16,2,False,-1,ee33d120761a388b59a9131153745de049b2ebb1c905136a88538870314ce004,116,122,2,11,True
entropy_increasing,random_increasing,14110,16,2,False,-1,d6abcfdf685c71d77cdd5743aca929ce9f4285438377ab2d9c6bda8c0ec5349c,117,123,2,15,True
entropy_bin_equal,random_increasing,14110,16,2,False,-1,e339e2e0ea2c58bf55f0deffedc4c99541e5890297aa8e15a549a5b1a983a43d,116,123,2,12,True
ordered_consecutive_tensor_atoms,random_increasing,14110,16,2,True,0,a93875fe509ac2fae0e0939d3ec71c4d978244c7398dd7185ca68c393426a5a6,1,1,3,0,True
consecutive_run_2,random_increasing,14110,16,2,True,0,a93875fe509ac2fae0e0939d3ec71c4d978244c7398dd7185ca68c393426a5a6,1,1,3,0,True
consecutive_run_3,random_increasing,14110,16,2,True,0,a93875fe509ac2fae0e0939d3ec71c4d978244c7398dd7185ca68c393426a5a6,1,1,3,0,True
consecutive_run_4,random_increasing,14110,16,2,True,0,a93875fe509ac2fae0e0939d3ec71c4d978244c7398dd7185ca68c393426a5a6,1,1,3,0,True
consecutive_run_5,random_increasing,14110,16,2,True,0,a93875fe509ac2fae0e0939d3ec71c4d978244c7398dd7185ca68c393426a5a6,1,1,3,0,True
consecutive_run_6,random_increasing,14110,16,2,True,0,a93875fe509ac2fae0e0939d3ec71c4d978244c7398dd7185ca68c393426a5a6,1,1,3,0,True
consecutive_run_7,random_increasing,14110,16,2,True,0,a93875fe509ac2fae0e0939d3ec71c4d978244c7398dd7185ca68c393426a5a6,1,1,3,0,True
consecutive_run_8,random_increasing,14110,16,2,True,0,a93875fe509ac2fae0e0939d3ec71c4d978244c7398dd7185ca68c393426a5a6,1,1,3,0,True
constant,random_increasing,14111,16,2,False,-1,35e470a1054de17cc93d7e08bdcac96991df02963788bf30fd2992faad5351bd,106,111,2,15,True
factor_depth_sum,random_increasing,14111,16,2,False,-1,37b6009d32a3279895456b35054a4b69c958b458f69b257bdcb2a76979aae9fa,63,73,2,1,True
indecomposable_pair,random_increasing,14111,16,2,False,-1,37b6009d32a3279895456b35054a4b69c958b458f69b257bdcb2a76979aae9fa,63,73,2,1,True
factor_depth_equal,random_increasing,14111,16,2,False,-1,d80a8a6d391cd25c5a6a1950598f6066b82ff947195d94321483f29b2ed0a959,82,91,2,3,True
distinct_depth_equal,random_increasing,14111,16,2,False,-1,130ce5d7d467755b5a9535b51664b6fbab6349080b62da7c11b9ad47b642a95d,84,93,2,3,True
tensor_coprime,random_increasing,14111,16,2,False,-1,bd3ba4d724a9bec6731e53e9a76a233d34f839f124727ff3a236983ed61fe207,105,111,2,14,True
v2_equal,random_increasing,14111,16,2,False,-1,6ae9794e07b4371476b4424070d2e73002c28bf151ed0b54cd39d886b60f1e25,90,97,2,4,True
v2_parity_equal,random_increasing,14111,16,2,False,-1,0612202f06a791be02c6c04ae5b85bb47b033efac404b39a9c7c1331c2eca333,95,100,2,10,True
entropy_increasing,random_increasing,14111,16,2,False,-1,35e470a1054de17cc93d7e08bdcac96991df02963788bf30fd2992faad5351bd,106,111,2,15,True
entropy_bin_equal,random_increasing,14111,16,2,False,-1,4f5fc1c7e682202608c05c4929b4be10ed57077a458388e6e55f2f0eebafb98e,101,109,2,12,True
ordered_consecutive_tensor_atoms,random_increasing,14111,16,2,True,0,a93875fe509ac2fae0e0939d3ec71c4d978244c7398dd7185ca68c393426a5a6,1,1,3,0,True
consecutive_run_2,random_increasing,14111,16,2,True,0,a93875fe509ac2fae0e0939d3ec71c4d978244c7398dd7185ca68c393426a5a6,1,1,3,0,True
consecutive_run_3,random_increasing,14111,16,2,True,0,a93875fe509ac2fae0e0939d3ec71c4d978244c7398dd7185ca68c393426a5a6,1,1,3,0,True
consecutive_run_4,random_increasing,14111,16,2,True,0,a93875fe509ac2fae0e0939d3ec71c4d978244c7398dd7185ca68c393426a5a6,1,1,3,0,True
consecutive_run_5,random_increasing,14111,16,2,True,0,a93875fe509ac2fae0e0939d3ec71c4d978244c7398dd7185ca68c393426a5a6,1,1,3,0,True
consecutive_run_6,random_increasing,14111,16,2,True,0,a93875fe509ac2fae0e0939d3ec71c4d978244c7398dd7185ca68c393426a5a6,1,1,3,0,True
consecutive_run_7,random_increasing,14111,16,2,True,0,a93875fe509ac2fae0e0939d3ec71c4d978244c7398dd7185ca68c393426a5a6,1,1,3,0,True
consecutive_run_8,random_increasing,14111,16,2,True,0,a93875fe509ac2fae0e0939d3ec71c4d978244c7398dd7185ca68c393426a5a6,1,1,3,0,True
constant,random_increasing,14112,16,2,False,-1,19ea7ee4d21e43c2a83e7a5daaa3957ba94ee41f313810e1bc047f5eca92c1c4,86,91,2,15,True
factor_depth_sum,random_increasing,14112,16,2,True,0,a93875fe509ac2fae0e0939d3ec71c4d978244c7398dd7185ca68c393426a5a6,1,1,3,0,True
indecomposable_pair,random_increasing,14112,16,2,True,0,a93875fe509ac2fae0e0939d3ec71c4d978244c7398dd7185ca68c393426a5a6,1,1,3,0,True
factor_depth_equal,random_increasing,14112,16,2,False,-1,b39d06a7c4beb1776cfb5833e903ff52521f9bff5d6830895b684ec0c97414f7,65,75,2,2,True
distinct_depth_equal,random_increasing,14112,16,2,False,-1,2ffa25c24cbd57c9a879c814538dbe79ba73fdd0529f5a15cd2416378bca75e8,86,92,2,10,True
tensor_coprime,random_increasing,14112,16,2,False,-1,280776ef5444662212fbdbb88a8333005a4d6144efcbee7235573220d18dd978,74,80,2,4,True
v2_equal,random_increasing,14112,16,2,False,-1,c259805a8a838191f03e79a8c8afca92d6abfe48a6f8afaf796e43ffedf39c39,71,79,2,3,True
v2_parity_equal,random_increasing,14112,16,2,False,-1,79463cae6fa9c9e980faa88030bb071bf9c3fee836eded4cb99437e93abf3c29,76,84,2,6,True
entropy_increasing,random_increasing,14112,16,2,False,-1,19ea7ee4d21e43c2a83e7a5daaa3957ba94ee41f313810e1bc047f5eca92c1c4,86,91,2,15,True
entropy_bin_equal,random_increasing,14112,16,2,False,-1,d7d613a253ba20be3a9bc3dcb02ed4f20b9ded4dab0fd766dacdf46763ae3f2a,83,88,2,11,True
ordered_consecutive_tensor_atoms,random_increasing,14112,16,2,True,0,a93875fe509ac2fae0e0939d3ec71c4d978244c7398dd7185ca68c393426a5a6,1,1,3,0,True
consecutive_run_2,random_increasing,14112,16,2,True,0,a93875fe509ac2fae0e0939d3ec71c4d978244c7398dd7185ca68c393426a5a6,1,1,3,0,True
consecutive_run_3,random_increasing,14112,16,2,True,0,a93875fe509ac2fae0e0939d3ec71c4d978244c7398dd7185ca68c393426a5a6,1,1,3,0,True
consecutive_run_4,random_increasing,14112,16,2,True,0,a93875fe509ac2fae0e0939d3ec71c4d978244c7398dd7185ca68c393426a5a6,1,1,3,0,True
consecutive_run_5,random_increasing,14112,16,2,True,0,a93875fe509ac2fae0e0939d3ec71c4d978244c7398dd7185ca68c393426a5a6,1,1,3,0,True
consecutive_run_6,random_increasing,14112,16,2,True,0,a93875fe509ac2fae0e0939d3ec71c4d978244c7398dd7185ca68c393426a5a6,1,1,3,0,True
consecutive_run_7,random_increasing,14112,16,2,True,0,a93875fe509ac2fae0e0939d3ec71c4d978244c7398dd7185ca68c393426a5a6,1,1,3,0,True
consecutive_run_8,random_increasing,14112,16,2,True,0,a93875fe509ac2fae0e0939d3ec71c4d978244c7398dd7185ca68c393426a5a6,1,1,3,0,True
constant,random_increasing,14113,16,2,False,-1,28bb8dde49dad4c62c7cc589f85ddb7b1bd9827a43f997d7cd4dce571801ed22,115,121,2,15,True
factor_depth_sum,random_increasing,14113,16,2,False,-1,f5406941990ab6a4e6e1bb4128c4ab1ae06ccb604cb7356e4c9cfd1bcf0a2acf,81,90,2,3,True
indecomposable_pair,random_increasing,14113,16,2,False,-1,f5406941990ab6a4e6e1bb4128c4ab1ae06ccb604cb7356e4c9cfd1bcf0a2acf,81,90,2,3,True
factor_depth_equal,random_increasing,14113,16,2,False,-1,6c55e164940136917aefcc32fba9ea6f25739c3f8a090ecbf8293aa7ebdcaca8,92,99,2,6,True
distinct_depth_equal,random_increasing,14113,16,2,False,-1,77dc52a9187992d71de38868825441c6f6ef53eef95cbbe61c8b668bfdcb7174,96,103,2,6,True
tensor_coprime,random_increasing,14113,16,2,False,-1,a6ca0e8321d49979355e799dd49758d8b08c3862635e514926fb0d2465765bf7,113,118,2,12,True
v2_equal,random_increasing,14113,16,2,False,-1,55ea9bb5e4c013f626cf212b372399d85e0baca0f89805340f8b8b3e92f600fc,110,117,2,12,True
v2_parity_equal,random_increasing,14113,16,2,False,-1,e906d3644a5a3dcccd6dde2de784abf0e01cbf0f3d9ef94d977f07223c52c113,114,121,2,13,True
entropy_increasing,random_increasing,14113,16,2,False,-1,28bb8dde49dad4c62c7cc589f85ddb7b1bd9827a43f997d7cd4dce571801ed22,115,121,2,15,True
entropy_bin_equal,random_increasing,14113,16,2,False,-1,fb3c75c437ff0234b5fc1c792e1336d8e4af6cf59306920e1fc92a86ee145d60,112,120,2,12,True
ordered_consecutive_tensor_atoms,random_increasing,14113,16,2,False,-1,034ff2d4b59fce1e5509bd949ed38e6ae6cc9ddcf9a906e6b885dd6eb7e08b6f,65,75,2,1,True
consecutive_run_2,random_increasing,14113,16,2,True,0,a93875fe509ac2fae0e0939d3ec71c4d978244c7398dd7185ca68c393426a5a6,1,1,3,0,True
consecutive_run_3,random_increasing,14113,16,2,True,0,a93875fe509ac2fae0e0939d3ec71c4d978244c7398dd7185ca68c393426a5a6,1,1,3,0,True
consecutive_run_4,random_increasing,14113,16,2,True,0,a93875fe509ac2fae0e0939d3ec71c4d978244c7398dd7185ca68c393426a5a6,1,1,3,0,True
consecutive_run_5,random_increasing,14113,16,2,True,0,a93875fe509ac2fae0e0939d3ec71c4d978244c7398dd7185ca68c393426a5a6,1,1,3,0,True
consecutive_run_6,random_increasing,14113,16,2,True,0,a93875fe509ac2fae0e0939d3ec71c4d978244c7398dd7185ca68c393426a5a6,1,1,3,0,True
consecutive_run_7,random_increasing,14113,16,2,True,0,a93875fe509ac2fae0e0939d3ec71c4d978244c7398dd7185ca68c393426a5a6,1,1,3,0,True
consecutive_run_8,random_increasing,14113,16,2,True,0,a93875fe509ac2fae0e0939d3ec71c4d978244c7398dd7185ca68c393426a5a6,1,1,3,0,True
constant,random_increasing,14114,16,2,False,-1,ad4540544214e24f34b4b019bb5ee5e6beb25671e285ad1351a847568bdb9da3,78,81,2,15,True
factor_depth_sum,random_increasing,14114,16,2,True,0,a93875fe509ac2fae0e0939d3ec71c4d978244c7398dd7185ca68c393426a5a6,1,1,3,0,True
indecomposable_pair,random_increasing,14114,16,2,True,0,a93875fe509ac2fae0e0939d3ec71c4d978244c7398dd7185ca68c393426a5a6,1,1,3,0,True
factor_depth_equal,random_increasing,14114,16,2,False,-1,ef4b402d2c9f2a1d08bab5cbdee6a7af9815fda3f92576e16459ce7059f8d1d4,61,65,2,4,True
distinct_depth_equal,random_increasing,14114,16,2,False,-1,5f807f007ab84debae82d0c2fd5df521875ace24aa76b5d7bda25498de5b0ed2,64,66,2,4,True
tensor_coprime,random_increasing,14114,16,2,False,-1,137368c84c5ad4bbd095bee3a69fc0018333be693a6464d0dc4e0cab006b6488,72,77,2,9,True
v2_equal,random_increasing,14114,16,2,False,-1,b3a63933b7d4b4c216860e714e47a303e9d2eaf85cb8d8b4a432b4f7e9c70fca,57,65,2,2,True
v2_parity_equal,random_increasing,14114,16,2,False,-1,7b79e37ed4866582696d36b3d4e09ba47e5bedd05b4fe78b526c09138a978278,62,71,2,3,True
entropy_increasing,random_increasing,14114,16,2,False,-1,ad4540544214e24f34b4b019bb5ee5e6beb25671e285ad1351a847568bdb9da3,78,81,2,15,True
entropy_bin_equal,random_increasing,14114,16,2,False,-1,d20e33256e7dd89a1c6ce3f6590239d51c5bcad192498b7cf036ef221272751c,77,81,2,10,True
ordered_consecutive_tensor_atoms,random_increasing,14114,16,2,True,0,a93875fe509ac2fae0e0939d3ec71c4d978244c7398dd7185ca68c393426a5a6,1,1,3,0,True
consecutive_run_2,random_increasing,14114,16,2,True,0,a93875fe509ac2fae0e0939d3ec71c4d978244c7398dd7185ca68c393426a5a6,1,1,3,0,True
consecutive_run_3,random_increasing,14114,16,2,True,0,a93875fe509ac2fae0e0939d3ec71c4d978244c7398dd7185ca68c393426a5a6,1,1,3,0,True
consecutive_run_4,random_increasing,14114,16,2,True,0,a93875fe509ac2fae0e0939d3ec71c4d978244c7398dd7185ca68c393426a5a6,1,1,3,0,True
consecutive_run_5,random_increasing,14114,16,2,True,0,a93875fe509ac2fae0e0939d3ec71c4d978244c7398dd7185ca68c393426a5a6,1,1,3,0,True
consecutive_run_6,random_increasing,14114,16,2,True,0,a93875fe509ac2fae0e0939d3ec71c4d978244c7398dd7185ca68c393426a5a6,1,1,3,0,True
consecutive_run_7,random_increasing,14114,16,2,True,0,a93875fe509ac2fae0e0939d3ec71c4d978244c7398dd7185ca68c393426a5a6,1,1,3,0,True
consecutive_run_8,random_increasing,14114,16,2,True,0,a93875fe509ac2fae0e0939d3ec71c4d978244c7398dd7185ca68c393426a5a6,1,1,3,0,True
constant,random_increasing,14115,16,2,False,-1,fcf780b19e845be579883554a39796669ee4a495e7a07e0b63000f9cc1024684,87,93,2,15,True
factor_depth_sum,random_increasing,14115,16,2,True,0,a93875fe509ac2fae0e0939d3ec71c4d978244c7398dd7185ca68c393426a5a6,1,1,4,0,True
indecomposable_pair,random_increasing,14115,16,2,True,0,a93875fe509ac2fae0e0939d3ec71c4d978244c7398dd7185ca68c393426a5a6,1,1,3,0,True
factor_depth_equal,random_increasing,14115,16,2,False,-1,3ce48462557a6190c84fa69b100b7508b87bbf5250fbad04dd874b833dce9bcb,76,84,2,4,True
distinct_depth_equal,random_increasing,14115,16,2,False,-1,19ffe9d604cfd1b08dd4ed662823e2f29cdfc116f56fa08cd022f3500d43a932,83,89,2,9,True
tensor_coprime,random_increasing,14115,16,2,False,-1,db076287eb47f138ed0e2b019e7753fc93a9abf76bcbe62288e77b0cd5e9aa02,82,90,2,7,True
v2_equal,random_increasing,14115,16,2,False,-1,06383823b36c755fb2e9ab007e5269d5ff103ad157d28921139e3ef7724f18fc,79,85,2,3,True
v2_parity_equal,random_increasing,14115,16,2,False,-1,3534f02d46fc856083e0e12ad783e0ac0bf3ece80180941e55953141b421adec,89,95,2,9,True
entropy_increasing,random_increasing,14115,16,2,False,-1,fcf780b19e845be579883554a39796669ee4a495e7a07e0b63000f9cc1024684,87,93,2,15,True
entropy_bin_equal,random_increasing,14115,16,2,False,-1,47f3b30b90d7118f8f55a2b5334c57d4503ed7cbf11e20c587714928ad7279c3,86,94,2,11,True
ordered_consecutive_tensor_atoms,random_increasing,14115,16,2,True,0,a93875fe509ac2fae0e0939d3ec71c4d978244c7398dd7185ca68c393426a5a6,1,1,3,0,True
consecutive_run_2,random_increasing,14115,16,2,True,0,a93875fe509ac2fae0e0939d3ec71c4d978244c7398dd7185ca68c393426a5a6,1,1,3,0,True
consecutive_run_3,random_increasing,14115,16,2,True,0,a93875fe509ac2fae0e0939d3ec71c4d978244c7398dd7185ca68c393426a5a6,1,1,3,0,True
consecutive_run_4,random_increasing,14115,16,2,True,0,a93875fe509ac2fae0e0939d3ec71c4d978244c7398dd7185ca68c393426a5a6,1,1,3,0,True
consecutive_run_5,random_increasing,14115,16,2,True,0,a93875fe509ac2fae0e0939d3ec71c4d978244c7398dd7185ca68c393426a5a6,1,1,3,0,True
consecutive_run_6,random_increasing,14115,16,2,True,0,a93875fe509ac2fae0e0939d3ec71c4d978244c7398dd7185ca68c393426a5a6,1,1,3,0,True
consecutive_run_7,random_increasing,14115,16,2,True,0,a93875fe509ac2fae0e0939d3ec71c4d978244c7398dd7185ca68c393426a5a6,1,1,3,0,True
consecutive_run_8,random_increasing,14115,16,2,True,0,a93875fe509ac2fae0e0939d3ec71c4d978244c7398dd7185ca68c393426a5a6,1,1,3,0,True
constant,prefix_preserving_shuffle,12,16,2,False,-1,085b152a342eddc7432c2434daad3f36264d2d6e731f5eeb00c76ac27d5c1022,71,73,2,15,True
factor_depth_sum,prefix_preserving_shuffle,12,16,2,False,-1,085b152a342eddc7432c2434daad3f36264d2d6e731f5eeb00c76ac27d5c1022,71,73,2,15,True
indecomposable_pair,prefix_preserving_shuffle,12,16,2,False,-1,085b152a342eddc7432c2434daad3f36264d2d6e731f5eeb00c76ac27d5c1022,71,73,2,15,True
factor_depth_equal,prefix_preserving_shuffle,12,16,2,False,-1,085b152a342eddc7432c2434daad3f36264d2d6e731f5eeb00c76ac27d5c1022,71,73,2,15,True
distinct_depth_equal,prefix_preserving_shuffle,12,16,2,False,-1,085b152a342eddc7432c2434daad3f36264d2d6e731f5eeb00c76ac27d5c1022,71,73,2,15,True
tensor_coprime,prefix_preserving_shuffle,12,16,2,False,-1,085b152a342eddc7432c2434daad3f36264d2d6e731f5eeb00c76ac27d5c1022,71,73,2,15,True
v2_equal,prefix_preserving_shuffle,12,16,2,False,-1,41577f74ee6dbd2ca46be241a6f9503287dcc55301d8fdf13a71b90dd366aff4,70,73,2,14,True
v2_parity_equal,prefix_preserving_shuffle,12,16,2,False,-1,41577f74ee6dbd2ca46be241a6f9503287dcc55301d8fdf13a71b90dd366aff4,70,73,2,14,True
entropy_increasing,prefix_preserving_shuffle,12,16,2,False,-1,42379e9c7509f5dfdd65b3214260e61f465be8bbcaf1a3d9e51e60dda92c43b4,59,62,2,12,True
entropy_bin_equal,prefix_preserving_shuffle,12,16,2,False,-1,96d202b4871747d483c566b45fd23cc7b8043e3ba6b76ca79ce4ee688969befe,72,74,2,11,True
ordered_consecutive_tensor_atoms,prefix_preserving_shuffle,12,16,2,False,-1,0b6bdf0ae4a963c2146e72d5d4053585cc177676be703bcd9cf84b54e71e5409,56,58,2,11,True
consecutive_run_2,prefix_preserving_shuffle,12,16,2,False,-1,c1cb045af48e7a4f2120d53e94158c7070850c363ab44a05be243afc05ef23e8,55,58,2,10,True
consecutive_run_3,prefix_preserving_shuffle,12,16,2,False,-1,ca7213d29b7e26b295de59af724830ca575083d2e0051bbed5c19a0b5984f39a,53,57,2,9,True
consecutive_run_4,prefix_preserving_shuffle,12,16,2,False,-1,bb0588d03a6ededc1d1fcd161d5b3554b4ec9a0b1910722de0ed1fe893553f40,51,56,2,8,True
consecutive_run_5,prefix_preserving_shuffle,12,16,2,False,-1,bc17c0715a4b79a1af1b06c5862350b890d0e0f1eb09d815fa1e91eae5d7febf,49,54,2,7,True
consecutive_run_6,prefix_preserving_shuffle,12,16,2,False,-1,9f3bfd88bb9aa7674182d87e705dceb080b2ef793a8b432f1069808b69d11bcd,47,52,2,6,True
consecutive_run_7,prefix_preserving_shuffle,12,16,2,False,-1,a064b6e737991ab0f28dfb781f533094c8ce6c6e643dbeff575cbf4c71f1a644,48,54,2,5,True
consecutive_run_8,prefix_preserving_shuffle,12,16,2,False,-1,a7550454026dc414c499f90b39be7ea6da55593d8e6f73977653c407ddd053b0,45,51,2,4,True
constant,tensor_primes,primary,32,2,False,-1,0c5e85b8f265c3d4cfcc79136035ade583b398fbe907d1c9213164851acf4055,176,178,2,31,True
factor_depth_sum,tensor_primes,primary,32,2,False,-1,0c5e85b8f265c3d4cfcc79136035ade583b398fbe907d1c9213164851acf4055,176,178,2,31,True
indecomposable_pair,tensor_primes,primary,32,2,False,-1,0c5e85b8f265c3d4cfcc79136035ade583b398fbe907d1c9213164851acf4055,176,178,2,31,True
factor_depth_equal,tensor_primes,primary,32,2,False,-1,0c5e85b8f265c3d4cfcc79136035ade583b398fbe907d1c9213164851acf4055,176,178,2,31,True
distinct_depth_equal,tensor_primes,primary,32,2,False,-1,0c5e85b8f265c3d4cfcc79136035ade583b398fbe907d1c9213164851acf4055,176,178,2,31,True
tensor_coprime,tensor_primes,primary,32,2,False,-1,0c5e85b8f265c3d4cfcc79136035ade583b398fbe907d1c9213164851acf4055,176,178,2,31,True
v2_equal,tensor_primes,primary,32,2,False,-1,d733fd36e5712fb35f6205eaa8ddbba01f4d4643c351ac1ef09f808bfb510e9b,175,178,2,30,True
v2_parity_equal,tensor_primes,primary,32,2,False,-1,d733fd36e5712fb35f6205eaa8ddbba01f4d4643c351ac1ef09f808bfb510e9b,175,178,2,30,True
entropy_increasing,tensor_primes,primary,32,2,False,-1,0c5e85b8f265c3d4cfcc79136035ade583b398fbe907d1c9213164851acf4055,176,178,2,31,True
entropy_bin_equal,tensor_primes,primary,32,2,False,-1,da990cf12e6047e5cd0e67ef8d159b88dea4efba7e0ead79acd0849e55ab02b9,176,179,2,25,True
ordered_consecutive_tensor_atoms,tensor_primes,primary,32,2,False,-1,0c5e85b8f265c3d4cfcc79136035ade583b398fbe907d1c9213164851acf4055,176,178,2,31,True
consecutive_run_2,tensor_primes,primary,32,2,False,-1,d733fd36e5712fb35f6205eaa8ddbba01f4d4643c351ac1ef09f808bfb510e9b,175,178,2,30,True
consecutive_run_3,tensor_primes,primary,32,2,False,-1,9644c941f8bfc1311eff063a335e584d39abc24306b8fd554659d3ca3d29befb,173,177,2,29,True
consecutive_run_4,tensor_primes,primary,32,2,False,-1,e26a5bcdc385cdabd3415d1c2b121515fae98fbfeb0b443fd8628cb219cfa42a,172,177,2,28,True
consecutive_run_5,tensor_primes,primary,32,2,False,-1,3e3d65f54af4548b5b2a569524f515a599a8db7b62fc3e2091e60e277991adda,169,174,2,27,True
consecutive_run_6,tensor_primes,primary,32,2,False,-1,964178c7e2d739a069c8730227a2bff53e6a62ac6725f4fcf06846518e294457,170,175,2,26,True
consecutive_run_7,tensor_primes,primary,32,2,False,-1,b8267e58ef6f09db98ca7ced45f493db19522e6fc8a4ec1adfe0b565ffba87df,169,175,2,25,True
consecutive_run_8,tensor_primes,primary,32,2,False,-1,93c6c021b38ac21a865c6366596fe86d4223ffb776c6ac3638c3c3d047d7df1d,166,172,2,24,True
constant,composites,deterministic,32,2,False,-1,ad0f222cf3f4027cc0b71170568577981101a58bf47cdb84120be96a4246e3af,102,106,2,31,True
factor_depth_sum,composites,deterministic,32,2,True,0,a93875fe509ac2fae0e0939d3ec71c4d978244c7398dd7185ca68c393426a5a6,1,1,4,0,True
indecomposable_pair,composites,deterministic,32,2,True,0,a93875fe509ac2fae0e0939d3ec71c4d978244c7398dd7185ca68c393426a5a6,1,1,3,0,True
factor_depth_equal,composites,deterministic,32,2,False,-1,0d68e130cae2e3da3d6a9f79bf64d963c64ca9e60940140f31738fa79fb674b4,99,102,2,13,True
distinct_depth_equal,composites,deterministic,32,2,False,-1,aeb5f075eea7601d888697394d1e4e59397f3de633727cef4f82b4f054f77534,97,101,2,17,True
tensor_coprime,composites,deterministic,32,2,False,-1,2910686f67e8c7a9fb872044dcff088402c6b7cb43a9cd41314d6732ea504557,102,106,2,18,True
v2_equal,composites,deterministic,32,2,True,0,a93875fe509ac2fae0e0939d3ec71c4d978244c7398dd7185ca68c393426a5a6,1,1,3,0,True
v2_parity_equal,composites,deterministic,32,2,False,-1,fd01fb40da11e7af3a0cbb9ef8e269f30e9c1b098c7fe40249b3c26a72187ac3,93,97,2,9,True
entropy_increasing,composites,deterministic,32,2,False,-1,ad0f222cf3f4027cc0b71170568577981101a58bf47cdb84120be96a4246e3af,102,106,2,31,True
entropy_bin_equal,composites,deterministic,32,2,False,-1,218159a81327397658ae80718c6b994bbb49d5ba5d9872ccf7b77045e2a0c145,102,106,2,28,True
ordered_consecutive_tensor_atoms,composites,deterministic,32,2,True,0,a93875fe509ac2fae0e0939d3ec71c4d978244c7398dd7185ca68c393426a5a6,1,1,3,0,True
consecutive_run_2,composites,deterministic,32,2,True,0,a93875fe509ac2fae0e0939d3ec71c4d978244c7398dd7185ca68c393426a5a6,1,1,3,0,True
consecutive_run_3,composites,deterministic,32,2,True,0,a93875fe509ac2fae0e0939d3ec71c4d978244c7398dd7185ca68c393426a5a6,1,1,3,0,True
consecutive_run_4,composites,deterministic,32,2,True,0,a93875fe509ac2fae0e0939d3ec71c4d978244c7398dd7185ca68c393426a5a6,1,1,3,0,True
consecutive_run_5,composites,deterministic,32,2,True,0,a93875fe509ac2fae0e0939d3ec71c4d978244c7398dd7185ca68c393426a5a6,1,1,3,0,True
consecutive_run_6,composites,deterministic,32,2,True,0,a93875fe509ac2fae0e0939d3ec71c4d978244c7398dd7185ca68c393426a5a6,1,1,3,0,True
consecutive_run_7,composites,deterministic,32,2,True,0,a93875fe509ac2fae0e0939d3ec71c4d978244c7398dd7185ca68c393426a5a6,1,1,3,0,True
consecutive_run_8,composites,deterministic,32,2,True,0,a93875fe509ac2fae0e0939d3ec71c4d978244c7398dd7185ca68c393426a5a6,1,1,3,0,True
constant,shuffled_primes,14000,32,2,False,-1,c933ddaaac7c5f2cd66dd9e2b650ecdef68cdaca31c550a7431cb027cc9ed106,177,180,2,31,True
factor_depth_sum,shuffled_primes,14000,32,2,False,-1,c933ddaaac7c5f2cd66dd9e2b650ecdef68cdaca31c550a7431cb027cc9ed106,177,180,2,31,True
indecomposable_pair,shuffled_primes,14000,32,2,False,-1,c933ddaaac7c5f2cd66dd9e2b650ecdef68cdaca31c550a7431cb027cc9ed106,177,180,2,31,True
factor_depth_equal,shuffled_primes,14000,32,2,False,-1,c933ddaaac7c5f2cd66dd9e2b650ecdef68cdaca31c550a7431cb027cc9ed106,177,180,2,31,True
distinct_depth_equal,shuffled_primes,14000,32,2,False,-1,c933ddaaac7c5f2cd66dd9e2b650ecdef68cdaca31c550a7431cb027cc9ed106,177,180,2,31,True
tensor_coprime,shuffled_primes,14000,32,2,False,-1,c933ddaaac7c5f2cd66dd9e2b650ecdef68cdaca31c550a7431cb027cc9ed106,177,180,2,31,True
v2_equal,shuffled_primes,14000,32,2,False,-1,9f91fdac2bf0a0c80033acc93ff1e26668c2a4ef5988752900e4c35668f6208b,177,180,2,29,True
v2_parity_equal,shuffled_primes,14000,32,2,False,-1,9f91fdac2bf0a0c80033acc93ff1e26668c2a4ef5988752900e4c35668f6208b,177,180,2,29,True
entropy_increasing,shuffled_primes,14000,32,2,False,-1,2ef19258e359696a331eed9594fb2ba7531baa251fe1e87da9890ed57a1a7a6c,163,166,2,15,True
entropy_bin_equal,shuffled_primes,14000,32,2,False,-1,504140a4912a453f08f57806e02bbcdce750935b40f216247f36c5b7895d9434,130,136,2,9,True
ordered_consecutive_tensor_atoms,shuffled_primes,14000,32,2,True,0,a93875fe509ac2fae0e0939d3ec71c4d978244c7398dd7185ca68c393426a5a6,1,1,3,0,True
consecutive_run_2,shuffled_primes,14000,32,2,True,0,a93875fe509ac2fae0e0939d3ec71c4d978244c7398dd7185ca68c393426a5a6,1,1,3,0,True
consecutive_run_3,shuffled_primes,14000,32,2,True,0,a93875fe509ac2fae0e0939d3ec71c4d978244c7398dd7185ca68c393426a5a6,1,1,3,0,True
consecutive_run_4,shuffled_primes,14000,32,2,True,0,a93875fe509ac2fae0e0939d3ec71c4d978244c7398dd7185ca68c393426a5a6,1,1,3,0,True
consecutive_run_5,shuffled_primes,14000,32,2,True,0,a93875fe509ac2fae0e0939d3ec71c4d978244c7398dd7185ca68c393426a5a6,1,1,3,0,True
consecutive_run_6,shuffled_primes,14000,32,2,True,0,a93875fe509ac2fae0e0939d3ec71c4d978244c7398dd7185ca68c393426a5a6,1,1,3,0,True
consecutive_run_7,shuffled_primes,14000,32,2,True,0,a93875fe509ac2fae0e0939d3ec71c4d978244c7398dd7185ca68c393426a5a6,1,1,3,0,True
consecutive_run_8,shuffled_primes,14000,32,2,True,0,a93875fe509ac2fae0e0939d3ec71c4d978244c7398dd7185ca68c393426a5a6,1,1,3,0,True
constant,shuffled_primes,14001,32,2,False,-1,4a54aa7ac6b67656fda66f712a573c1224d5f73cff63b760c9765fde0e1dc7e7,178,180,2,31,True
factor_depth_sum,shuffled_primes,14001,32,2,False,-1,4a54aa7ac6b67656fda66f712a573c1224d5f73cff63b760c9765fde0e1dc7e7,178,180,2,31,True
indecomposable_pair,shuffled_primes,14001,32,2,False,-1,4a54aa7ac6b67656fda66f712a573c1224d5f73cff63b760c9765fde0e1dc7e7,178,180,2,31,True
factor_depth_equal,shuffled_primes,14001,32,2,False,-1,4a54aa7ac6b67656fda66f712a573c1224d5f73cff63b760c9765fde0e1dc7e7,178,180,2,31,True
distinct_depth_equal,shuffled_primes,14001,32,2,False,-1,4a54aa7ac6b67656fda66f712a573c1224d5f73cff63b760c9765fde0e1dc7e7,178,180,2,31,True
tensor_coprime,shuffled_primes,14001,32,2,False,-1,4a54aa7ac6b67656fda66f712a573c1224d5f73cff63b760c9765fde0e1dc7e7,178,180,2,31,True
v2_equal,shuffled_primes,14001,32,2,False,-1,da610f4b26f4fc57397bb29a0bd08fa7ffdb26fad8235b771491c5b55d6453d7,177,180,2,29,True
v2_parity_equal,shuffled_primes,14001,32,2,False,-1,da610f4b26f4fc57397bb29a0bd08fa7ffdb26fad8235b771491c5b55d6453d7,177,180,2,29,True
entropy_increasing,shuffled_primes,14001,32,2,False,-1,6c94399877b5d9591709032319fa79dce2c653b69105699612587cb331263fd5,167,169,2,14,True
entropy_bin_equal,shuffled_primes,14001,32,2,False,-1,db2239bdbedfeff8c32ebf80a336c13278e67d5169cbde8f8609e6296850fe8c,122,129,2,7,True
ordered_consecutive_tensor_atoms,shuffled_primes,14001,32,2,False,-1,5f04421f66c58fc37706bb5f0a0521ab5aa45c16414bd51e0d0bbc2797af1220,83,87,2,1,True
consecutive_run_2,shuffled_primes,14001,32,2,True,0,a93875fe509ac2fae0e0939d3ec71c4d978244c7398dd7185ca68c393426a5a6,1,1,3,0,True
consecutive_run_3,shuffled_primes,14001,32,2,True,0,a93875fe509ac2fae0e0939d3ec71c4d978244c7398dd7185ca68c393426a5a6,1,1,3,0,True
consecutive_run_4,shuffled_primes,14001,32,2,True,0,a93875fe509ac2fae0e0939d3ec71c4d978244c7398dd7185ca68c393426a5a6,1,1,3,0,True
consecutive_run_5,shuffled_primes,14001,32,2,True,0,a93875fe509ac2fae0e0939d3ec71c4d978244c7398dd7185ca68c393426a5a6,1,1,3,0,True
consecutive_run_6,shuffled_primes,14001,32,2,True,0,a93875fe509ac2fae0e0939d3ec71c4d978244c7398dd7185ca68c393426a5a6,1,1,3,0,True
consecutive_run_7,shuffled_primes,14001,32,2,True,0,a93875fe509ac2fae0e0939d3ec71c4d978244c7398dd7185ca68c393426a5a6,1,1,3,0,True
consecutive_run_8,shuffled_primes,14001,32,2,True,0,a93875fe509ac2fae0e0939d3ec71c4d978244c7398dd7185ca68c393426a5a6,1,1,3,0,True
constant,shuffled_primes,14002,32,2,False,-1,f9ce4c896a7508043d27d296389d705851edac06342e328caa8d3670a8038a3a,184,186,2,31,True
factor_depth_sum,shuffled_primes,14002,32,2,False,-1,f9ce4c896a7508043d27d296389d705851edac06342e328caa8d3670a8038a3a,184,186,2,31,True
indecomposable_pair,shuffled_primes,14002,32,2,False,-1,f9ce4c896a7508043d27d296389d705851edac06342e328caa8d3670a8038a3a,184,186,2,31,True
factor_depth_equal,shuffled_primes,14002,32,2,False,-1,f9ce4c896a7508043d27d296389d705851edac06342e328caa8d3670a8038a3a,184,186,2,31,True
distinct_depth_equal,shuffled_primes,14002,32,2,False,-1,f9ce4c896a7508043d27d296389d705851edac06342e328caa8d3670a8038a3a,184,186,2,31,True
tensor_coprime,shuffled_primes,14002,32,2,False,-1,f9ce4c896a7508043d27d296389d705851edac06342e328caa8d3670a8038a3a,184,186,2,31,True
v2_equal,shuffled_primes,14002,32,2,False,-1,470c5e1fc25def87a7ff60141011926422d5f7c0da730b3fe858ed75fe9351c5,183,186,2,29,True
v2_parity_equal,shuffled_primes,14002,32,2,False,-1,470c5e1fc25def87a7ff60141011926422d5f7c0da730b3fe858ed75fe9351c5,183,186,2,29,True
entropy_increasing,shuffled_primes,14002,32,2,False,-1,9acec188bd0b2dea2351a77ea22b0a8b7b5868809996aa6d979a3e400bcf60d1,162,165,2,18,True
entropy_bin_equal,shuffled_primes,14002,32,2,False,-1,423f67965b35d5659ce5bc25cf550a6b95c26feeaacde384e4053e1484641b87,145,151,2,11,True
ordered_consecutive_tensor_atoms,shuffled_primes,14002,32,2,False,-1,09a06e88b4fed6ec580681d3b1773d655a87977daa871ede9ce1e8564632888c,93,96,2,2,True
consecutive_run_2,shuffled_primes,14002,32,2,True,0,a93875fe509ac2fae0e0939d3ec71c4d978244c7398dd7185ca68c393426a5a6,1,1,3,0,True
consecutive_run_3,shuffled_primes,14002,32,2,True,0,a93875fe509ac2fae0e0939d3ec71c4d978244c7398dd7185ca68c393426a5a6,1,1,3,0,True
consecutive_run_4,shuffled_primes,14002,32,2,True,0,a93875fe509ac2fae0e0939d3ec71c4d978244c7398dd7185ca68c393426a5a6,1,1,3,0,True
consecutive_run_5,shuffled_primes,14002,32,2,True,0,a93875fe509ac2fae0e0939d3ec71c4d978244c7398dd7185ca68c393426a5a6,1,1,3,0,True
consecutive_run_6,shuffled_primes,14002,32,2,True,0,a93875fe509ac2fae0e0939d3ec71c4d978244c7398dd7185ca68c393426a5a6,1,1,3,0,True
consecutive_run_7,shuffled_primes,14002,32,2,True,0,a93875fe509ac2fae0e0939d3ec71c4d978244c7398dd7185ca68c393426a5a6,1,1,3,0,True
consecutive_run_8,shuffled_primes,14002,32,2,True,0,a93875fe509ac2fae0e0939d3ec71c4d978244c7398dd7185ca68c393426a5a6,1,1,3,0,True
constant,shuffled_primes,14003,32,2,False,-1,db9a3b34a566e2fa7ffb12cc241842f1cd969246f7a0725c90e6d594c41bb1fe,176,178,2,31,True
factor_depth_sum,shuffled_primes,14003,32,2,False,-1,db9a3b34a566e2fa7ffb12cc241842f1cd969246f7a0725c90e6d594c41bb1fe,176,178,2,31,True
indecomposable_pair,shuffled_primes,14003,32,2,False,-1,db9a3b34a566e2fa7ffb12cc241842f1cd969246f7a0725c90e6d594c41bb1fe,176,178,2,31,True
factor_depth_equal,shuffled_primes,14003,32,2,False,-1,db9a3b34a566e2fa7ffb12cc241842f1cd969246f7a0725c90e6d594c41bb1fe,176,178,2,31,True
distinct_depth_equal,shuffled_primes,14003,32,2,False,-1,db9a3b34a566e2fa7ffb12cc241842f1cd969246f7a0725c90e6d594c41bb1fe,176,178,2,31,True
tensor_coprime,shuffled_primes,14003,32,2,False,-1,db9a3b34a566e2fa7ffb12cc241842f1cd969246f7a0725c90e6d594c41bb1fe,176,178,2,31,True
v2_equal,shuffled_primes,14003,32,2,False,-1,daca74bee4257b33664d51e89c7944b7b65839b0d83f56fe27cf53b89756a16a,175,178,2,29,True
v2_parity_equal,shuffled_primes,14003,32,2,False,-1,daca74bee4257b33664d51e89c7944b7b65839b0d83f56fe27cf53b89756a16a,175,178,2,29,True
entropy_increasing,shuffled_primes,14003,32,2,False,-1,b7e913da14396f7d9bbec2c109a09b4a0fca8e49f2accb92e898dc7da473c30d,162,165,2,16,True
entropy_bin_equal,shuffled_primes,14003,32,2,False,-1,6d0fe14af554f0a560fa39319fb87183f61294a83231c988a053e5be8643b81b,119,127,2,5,True
ordered_consecutive_tensor_atoms,shuffled_primes,14003,32,2,True,0,a93875fe509ac2fae0e0939d3ec71c4d978244c7398dd7185ca68c393426a5a6,1,1,3,0,True
consecutive_run_2,shuffled_primes,14003,32,2,True,0,a93875fe509ac2fae0e0939d3ec71c4d978244c7398dd7185ca68c393426a5a6,1,1,3,0,True
consecutive_run_3,shuffled_primes,14003,32,2,True,0,a93875fe509ac2fae0e0939d3ec71c4d978244c7398dd7185ca68c393426a5a6,1,1,3,0,True
consecutive_run_4,shuffled_primes,14003,32,2,True,0,a93875fe509ac2fae0e0939d3ec71c4d978244c7398dd7185ca68c393426a5a6,1,1,3,0,True
consecutive_run_5,shuffled_primes,14003,32,2,True,0,a93875fe509ac2fae0e0939d3ec71c4d978244c7398dd7185ca68c393426a5a6,1,1,3,0,True
consecutive_run_6,shuffled_primes,14003,32,2,True,0,a93875fe509ac2fae0e0939d3ec71c4d978244c7398dd7185ca68c393426a5a6,1,1,3,0,True
consecutive_run_7,shuffled_primes,14003,32,2,True,0,a93875fe509ac2fae0e0939d3ec71c4d978244c7398dd7185ca68c393426a5a6,1,1,3,0,True
consecutive_run_8,shuffled_primes,14003,32,2,True,0,a93875fe509ac2fae0e0939d3ec71c4d978244c7398dd7185ca68c393426a5a6,1,1,3,0,True
constant,shuffled_primes,14004,32,2,False,-1,d9514d9e5502e0c9e0229e4c97f6485e0735779f253b8192e7e18243eceb1fa3,175,178,2,31,True
factor_depth_sum,shuffled_primes,14004,32,2,False,-1,d9514d9e5502e0c9e0229e4c97f6485e0735779f253b8192e7e18243eceb1fa3,175,178,2,31,True
indecomposable_pair,shuffled_primes,14004,32,2,False,-1,d9514d9e5502e0c9e0229e4c97f6485e0735779f253b8192e7e18243eceb1fa3,175,178,2,31,True
factor_depth_equal,shuffled_primes,14004,32,2,False,-1,d9514d9e5502e0c9e0229e4c97f6485e0735779f253b8192e7e18243eceb1fa3,175,178,2,31,True
distinct_depth_equal,shuffled_primes,14004,32,2,False,-1,d9514d9e5502e0c9e0229e4c97f6485e0735779f253b8192e7e18243eceb1fa3,175,178,2,31,True
tensor_coprime,shuffled_primes,14004,32,2,False,-1,d9514d9e5502e0c9e0229e4c97f6485e0735779f253b8192e7e18243eceb1fa3,175,178,2,31,True
v2_equal,shuffled_primes,14004,32,2,False,-1,51cc43ecc9c4f7e12ca7c940670205de4344e6a81b80bdff304370ae4b332b09,175,178,2,29,True
v2_parity_equal,shuffled_primes,14004,32,2,False,-1,51cc43ecc9c4f7e12ca7c940670205de4344e6a81b80bdff304370ae4b332b09,175,178,2,29,True
entropy_increasing,shuffled_primes,14004,32,2,False,-1,fbdc40666e7d8b6d6c4c09764ea51f3ee7259798b87220f5353e1aef760e8862,149,151,2,13,True
entropy_bin_equal,shuffled_primes,14004,32,2,False,-1,3993b41d722f2d4795984ced9469fdae02b14928818bc0c2dff277bcd541c740,128,136,2,8,True
ordered_consecutive_tensor_atoms,shuffled_primes,14004,32,2,False,-1,ab47fa26eb40f1bcaa47859d0b4d6be1f6b6a067e04093f1bec17e6e8b8cb73e,86,96,2,1,True
consecutive_run_2,shuffled_primes,14004,32,2,True,0,a93875fe509ac2fae0e0939d3ec71c4d978244c7398dd7185ca68c393426a5a6,1,1,3,0,True
consecutive_run_3,shuffled_primes,14004,32,2,True,0,a93875fe509ac2fae0e0939d3ec71c4d978244c7398dd7185ca68c393426a5a6,1,1,3,0,True
consecutive_run_4,shuffled_primes,14004,32,2,True,0,a93875fe509ac2fae0e0939d3ec71c4d978244c7398dd7185ca68c393426a5a6,1,1,3,0,True
consecutive_run_5,shuffled_primes,14004,32,2,True,0,a93875fe509ac2fae0e0939d3ec71c4d978244c7398dd7185ca68c393426a5a6,1,1,3,0,True
consecutive_run_6,shuffled_primes,14004,32,2,True,0,a93875fe509ac2fae0e0939d3ec71c4d978244c7398dd7185ca68c393426a5a6,1,1,3,0,True
consecutive_run_7,shuffled_primes,14004,32,2,True,0,a93875fe509ac2fae0e0939d3ec71c4d978244c7398dd7185ca68c393426a5a6,1,1,3,0,True
consecutive_run_8,shuffled_primes,14004,32,2,True,0,a93875fe509ac2fae0e0939d3ec71c4d978244c7398dd7185ca68c393426a5a6,1,1,3,0,True
constant,shuffled_primes,14005,32,2,False,-1,f35fca23e75d40ab4e2f336411ebac7f8b94f66bd01827993e1c8daffb558ada,176,179,2,31,True
factor_depth_sum,shuffled_primes,14005,32,2,False,-1,f35fca23e75d40ab4e2f336411ebac7f8b94f66bd01827993e1c8daffb558ada,176,179,2,31,True
indecomposable_pair,shuffled_primes,14005,32,2,False,-1,f35fca23e75d40ab4e2f336411ebac7f8b94f66bd01827993e1c8daffb558ada,176,179,2,31,True
factor_depth_equal,shuffled_primes,14005,32,2,False,-1,f35fca23e75d40ab4e2f336411ebac7f8b94f66bd01827993e1c8daffb558ada,176,179,2,31,True
distinct_depth_equal,shuffled_primes,14005,32,2,False,-1,f35fca23e75d40ab4e2f336411ebac7f8b94f66bd01827993e1c8daffb558ada,176,179,2,31,True
tensor_coprime,shuffled_primes,14005,32,2,False,-1,f35fca23e75d40ab4e2f336411ebac7f8b94f66bd01827993e1c8daffb558ada,176,179,2,31,True
v2_equal,shuffled_primes,14005,32,2,False,-1,9095b4f83f0f28c51b17a6e9698a03277b0e0e7dbe9eaac604d456478aee9c4c,176,179,2,29,True
v2_parity_equal,shuffled_primes,14005,32,2,False,-1,9095b4f83f0f28c51b17a6e9698a03277b0e0e7dbe9eaac604d456478aee9c4c,176,179,2,29,True
entropy_increasing,shuffled_primes,14005,32,2,False,-1,150a3b8e227e9bc923201ad9fc6ffd432a78cc561536e2b13a8a406882a504a9,166,168,2,15,True
entropy_bin_equal,shuffled_primes,14005,32,2,False,-1,9fb233582317111d4059bee2aaf83631ad1337a6eda65f28bd9c2ebab35065cb,121,128,2,6,True
ordered_consecutive_tensor_atoms,shuffled_primes,14005,32,2,True,0,a93875fe509ac2fae0e0939d3ec71c4d978244c7398dd7185ca68c393426a5a6,1,1,3,0,True
consecutive_run_2,shuffled_primes,14005,32,2,True,0,a93875fe509ac2fae0e0939d3ec71c4d978244c7398dd7185ca68c393426a5a6,1,1,3,0,True
consecutive_run_3,shuffled_primes,14005,32,2,True,0,a93875fe509ac2fae0e0939d3ec71c4d978244c7398dd7185ca68c393426a5a6,1,1,3,0,True
consecutive_run_4,shuffled_primes,14005,32,2,True,0,a93875fe509ac2fae0e0939d3ec71c4d978244c7398dd7185ca68c393426a5a6,1,1,3,0,True
consecutive_run_5,shuffled_primes,14005,32,2,True,0,a93875fe509ac2fae0e0939d3ec71c4d978244c7398dd7185ca68c393426a5a6,1,1,3,0,True
consecutive_run_6,shuffled_primes,14005,32,2,True,0,a93875fe509ac2fae0e0939d3ec71c4d978244c7398dd7185ca68c393426a5a6,1,1,3,0,True
consecutive_run_7,shuffled_primes,14005,32,2,True,0,a93875fe509ac2fae0e0939d3ec71c4d978244c7398dd7185ca68c393426a5a6,1,1,3,0,True
consecutive_run_8,shuffled_primes,14005,32,2,True,0,a93875fe509ac2fae0e0939d3ec71c4d978244c7398dd7185ca68c393426a5a6,1,1,3,0,True
constant,shuffled_primes,14006,32,2,False,-1,68e4b05d86549d395b7426ea7d436df88b21bc145bfbc7d6d3c7675da8795be6,180,182,2,31,True
factor_depth_sum,shuffled_primes,14006,32,2,False,-1,68e4b05d86549d395b7426ea7d436df88b21bc145bfbc7d6d3c7675da8795be6,180,182,2,31,True
indecomposable_pair,shuffled_primes,14006,32,2,False,-1,68e4b05d86549d395b7426ea7d436df88b21bc145bfbc7d6d3c7675da8795be6,180,182,2,31,True
factor_depth_equal,shuffled_primes,14006,32,2,False,-1,68e4b05d86549d395b7426ea7d436df88b21bc145bfbc7d6d3c7675da8795be6,180,182,2,31,True
distinct_depth_equal,shuffled_primes,14006,32,2,False,-1,68e4b05d86549d395b7426ea7d436df88b21bc145bfbc7d6d3c7675da8795be6,180,182,2,31,True
tensor_coprime,shuffled_primes,14006,32,2,False,-1,68e4b05d86549d395b7426ea7d436df88b21bc145bfbc7d6d3c7675da8795be6,180,182,2,31,True
v2_equal,shuffled_primes,14006,32,2,False,-1,f290736a5463c621d631a9fb0945844a27a7458df15b72df4f9792442be9d9f6,179,182,2,29,True
v2_parity_equal,shuffled_primes,14006,32,2,False,-1,f290736a5463c621d631a9fb0945844a27a7458df15b72df4f9792442be9d9f6,179,182,2,29,True
entropy_increasing,shuffled_primes,14006,32,2,False,-1,00231749ca649d17cba8aa75593f1c5e01ef371d28750f56693155fde7001886,168,171,2,16,True
entropy_bin_equal,shuffled_primes,14006,32,2,False,-1,9b93bee20ccb41c4b82681916ddf1cdcf2eda82821d5d2a679988f57578fcdcf,126,133,2,6,True
ordered_consecutive_tensor_atoms,shuffled_primes,14006,32,2,False,-1,52da956d6cecf21c4db5efd97468a19e405bb17ef14a3a5023673cc474128782,88,94,2,2,True
consecutive_run_2,shuffled_primes,14006,32,2,True,0,a93875fe509ac2fae0e0939d3ec71c4d978244c7398dd7185ca68c393426a5a6,1,1,3,0,True
consecutive_run_3,shuffled_primes,14006,32,2,True,0,a93875fe509ac2fae0e0939d3ec71c4d978244c7398dd7185ca68c393426a5a6,1,1,3,0,True
consecutive_run_4,shuffled_primes,14006,32,2,True,0,a93875fe509ac2fae0e0939d3ec71c4d978244c7398dd7185ca68c393426a5a6,1,1,3,0,True
consecutive_run_5,shuffled_primes,14006,32,2,True,0,a93875fe509ac2fae0e0939d3ec71c4d978244c7398dd7185ca68c393426a5a6,1,1,3,0,True
consecutive_run_6,shuffled_primes,14006,32,2,True,0,a93875fe509ac2fae0e0939d3ec71c4d978244c7398dd7185ca68c393426a5a6,1,1,3,0,True
consecutive_run_7,shuffled_primes,14006,32,2,True,0,a93875fe509ac2fae0e0939d3ec71c4d978244c7398dd7185ca68c393426a5a6,1,1,3,0,True
consecutive_run_8,shuffled_primes,14006,32,2,True,0,a93875fe509ac2fae0e0939d3ec71c4d978244c7398dd7185ca68c393426a5a6,1,1,3,0,True
constant,shuffled_primes,14007,32,2,False,-1,e58ce7a7c349b16e6a54194f4844c780537eb09e853c4dac5fc08f8ca36636a0,177,180,2,31,True
factor_depth_sum,shuffled_primes,14007,32,2,False,-1,e58ce7a7c349b16e6a54194f4844c780537eb09e853c4dac5fc08f8ca36636a0,177,180,2,31,True
indecomposable_pair,shuffled_primes,14007,32,2,False,-1,e58ce7a7c349b16e6a54194f4844c780537eb09e853c4dac5fc08f8ca36636a0,177,180,2,31,True
factor_depth_equal,shuffled_primes,14007,32,2,False,-1,e58ce7a7c349b16e6a54194f4844c780537eb09e853c4dac5fc08f8ca36636a0,177,180,2,31,True
distinct_depth_equal,shuffled_primes,14007,32,2,False,-1,e58ce7a7c349b16e6a54194f4844c780537eb09e853c4dac5fc08f8ca36636a0,177,180,2,31,True
tensor_coprime,shuffled_primes,14007,32,2,False,-1,e58ce7a7c349b16e6a54194f4844c780537eb09e853c4dac5fc08f8ca36636a0,177,180,2,31,True
v2_equal,shuffled_primes,14007,32,2,False,-1,a88807886f0e6fcd0fba052297b1075ab575cd9d540e3d954bf0843c2eaf96d1,177,180,2,29,True
v2_parity_equal,shuffled_primes,14007,32,2,False,-1,a88807886f0e6fcd0fba052297b1075ab575cd9d540e3d954bf0843c2eaf96d1,177,180,2,29,True
entropy_increasing,shuffled_primes,14007,32,2,False,-1,8a17da38910811dff2441817e08905f7c7da63aed93f8ee9bc69d59ab25f9b00,169,171,2,17,True
entropy_bin_equal,shuffled_primes,14007,32,2,False,-1,500a1a8d0734b66ea0728922eb7d18b496abb1061a98eb5e5ffbf6f36072c1f1,108,116,2,4,True
ordered_consecutive_tensor_atoms,shuffled_primes,14007,32,2,True,0,a93875fe509ac2fae0e0939d3ec71c4d978244c7398dd7185ca68c393426a5a6,1,1,3,0,True
consecutive_run_2,shuffled_primes,14007,32,2,True,0,a93875fe509ac2fae0e0939d3ec71c4d978244c7398dd7185ca68c393426a5a6,1,1,3,0,True
consecutive_run_3,shuffled_primes,14007,32,2,True,0,a93875fe509ac2fae0e0939d3ec71c4d978244c7398dd7185ca68c393426a5a6,1,1,3,0,True
consecutive_run_4,shuffled_primes,14007,32,2,True,0,a93875fe509ac2fae0e0939d3ec71c4d978244c7398dd7185ca68c393426a5a6,1,1,3,0,True
consecutive_run_5,shuffled_primes,14007,32,2,True,0,a93875fe509ac2fae0e0939d3ec71c4d978244c7398dd7185ca68c393426a5a6,1,1,3,0,True
consecutive_run_6,shuffled_primes,14007,32,2,True,0,a93875fe509ac2fae0e0939d3ec71c4d978244c7398dd7185ca68c393426a5a6,1,1,3,0,True
consecutive_run_7,shuffled_primes,14007,32,2,True,0,a93875fe509ac2fae0e0939d3ec71c4d978244c7398dd7185ca68c393426a5a6,1,1,3,0,True
consecutive_run_8,shuffled_primes,14007,32,2,True,0,a93875fe509ac2fae0e0939d3ec71c4d978244c7398dd7185ca68c393426a5a6,1,1,3,0,True
constant,shuffled_primes,14008,32,2,False,-1,97a3a571060392826ad5d7cc958d3feff63b439ea6c1de1f5542a003ffaeba1c,177,180,2,31,True
factor_depth_sum,shuffled_primes,14008,32,2,False,-1,97a3a571060392826ad5d7cc958d3feff63b439ea6c1de1f5542a003ffaeba1c,177,180,2,31,True
indecomposable_pair,shuffled_primes,14008,32,2,False,-1,97a3a571060392826ad5d7cc958d3feff63b439ea6c1de1f5542a003ffaeba1c,177,180,2,31,True
factor_depth_equal,shuffled_primes,14008,32,2,False,-1,97a3a571060392826ad5d7cc958d3feff63b439ea6c1de1f5542a003ffaeba1c,177,180,2,31,True
distinct_depth_equal,shuffled_primes,14008,32,2,False,-1,97a3a571060392826ad5d7cc958d3feff63b439ea6c1de1f5542a003ffaeba1c,177,180,2,31,True
tensor_coprime,shuffled_primes,14008,32,2,False,-1,97a3a571060392826ad5d7cc958d3feff63b439ea6c1de1f5542a003ffaeba1c,177,180,2,31,True
v2_equal,shuffled_primes,14008,32,2,False,-1,b62554013bd72caeef364dceed6a8c711d8e78de11d4a863dec4bf1cbad4e835,176,180,2,29,True
v2_parity_equal,shuffled_primes,14008,32,2,False,-1,b62554013bd72caeef364dceed6a8c711d8e78de11d4a863dec4bf1cbad4e835,176,180,2,29,True
entropy_increasing,shuffled_primes,14008,32,2,False,-1,30db9e2204d9efce5df52498e83e634789a16f0fda462210d77be8fc9b72f5d9,162,165,2,17,True
entropy_bin_equal,shuffled_primes,14008,32,2,False,-1,b3d8231f7c3c9b1edbcc86c3022f10237b00b87ffb6de2259e1805c4a669d833,112,120,2,5,True
ordered_consecutive_tensor_atoms,shuffled_primes,14008,32,2,False,-1,e6259802e31868b5784188553e0c5293cd3112249294e42f80be1d812085b637,79,87,2,1,True
consecutive_run_2,shuffled_primes,14008,32,2,True,0,a93875fe509ac2fae0e0939d3ec71c4d978244c7398dd7185ca68c393426a5a6,1,1,3,0,True
consecutive_run_3,shuffled_primes,14008,32,2,True,0,a93875fe509ac2fae0e0939d3ec71c4d978244c7398dd7185ca68c393426a5a6,1,1,3,0,True
consecutive_run_4,shuffled_primes,14008,32,2,True,0,a93875fe509ac2fae0e0939d3ec71c4d978244c7398dd7185ca68c393426a5a6,1,1,3,0,True
consecutive_run_5,shuffled_primes,14008,32,2,True,0,a93875fe509ac2fae0e0939d3ec71c4d978244c7398dd7185ca68c393426a5a6,1,1,3,0,True
consecutive_run_6,shuffled_primes,14008,32,2,True,0,a93875fe509ac2fae0e0939d3ec71c4d978244c7398dd7185ca68c393426a5a6,1,1,3,0,True
consecutive_run_7,shuffled_primes,14008,32,2,True,0,a93875fe509ac2fae0e0939d3ec71c4d978244c7398dd7185ca68c393426a5a6,1,1,3,0,True
consecutive_run_8,shuffled_primes,14008,32,2,True,0,a93875fe509ac2fae0e0939d3ec71c4d978244c7398dd7185ca68c393426a5a6,1,1,3,0,True
constant,shuffled_primes,14009,32,2,False,-1,3a82a2dd244dbc900763f9eb74aadd00714d76245391f96b14b7bd8c2316cb36,179,182,2,31,True
factor_depth_sum,shuffled_primes,14009,32,2,False,-1,3a82a2dd244dbc900763f9eb74aadd00714d76245391f96b14b7bd8c2316cb36,179,182,2,31,True
indecomposable_pair,shuffled_primes,14009,32,2,False,-1,3a82a2dd244dbc900763f9eb74aadd00714d76245391f96b14b7bd8c2316cb36,179,182,2,31,True
factor_depth_equal,shuffled_primes,14009,32,2,False,-1,3a82a2dd244dbc900763f9eb74aadd00714d76245391f96b14b7bd8c2316cb36,179,182,2,31,True
distinct_depth_equal,shuffled_primes,14009,32,2,False,-1,3a82a2dd244dbc900763f9eb74aadd00714d76245391f96b14b7bd8c2316cb36,179,182,2,31,True
tensor_coprime,shuffled_primes,14009,32,2,False,-1,3a82a2dd244dbc900763f9eb74aadd00714d76245391f96b14b7bd8c2316cb36,179,182,2,31,True
v2_equal,shuffled_primes,14009,32,2,False,-1,be8270c6bac1b379f15ce376f735a6adb8ac11d1fe37165fc3c88680f6d11855,179,182,2,29,True
v2_parity_equal,shuffled_primes,14009,32,2,False,-1,be8270c6bac1b379f15ce376f735a6adb8ac11d1fe37165fc3c88680f6d11855,179,182,2,29,True
entropy_increasing,shuffled_primes,14009,32,2,False,-1,b30120bbee7f61c5e1aa03decf4ccd947e5579e19f7f796fa2adcc2d901bba38,167,169,2,17,True
entropy_bin_equal,shuffled_primes,14009,32,2,False,-1,f0d58dd680ddb6b93718499cd49cb4fc17fd2fbdf00b820cd3ea9b5c2520af11,131,138,2,8,True
ordered_consecutive_tensor_atoms,shuffled_primes,14009,32,2,False,-1,9df659cd7972bf8fb3bedd970b6f46b6623681ab0a85ca5e3bd17cbbb5e28c58,97,104,2,3,True
consecutive_run_2,shuffled_primes,14009,32,2,True,0,a93875fe509ac2fae0e0939d3ec71c4d978244c7398dd7185ca68c393426a5a6,1,1,3,0,True
consecutive_run_3,shuffled_primes,14009,32,2,True,0,a93875fe509ac2fae0e0939d3ec71c4d978244c7398dd7185ca68c393426a5a6,1,1,3,0,True
consecutive_run_4,shuffled_primes,14009,32,2,True,0,a93875fe509ac2fae0e0939d3ec71c4d978244c7398dd7185ca68c393426a5a6,1,1,3,0,True
consecutive_run_5,shuffled_primes,14009,32,2,True,0,a93875fe509ac2fae0e0939d3ec71c4d978244c7398dd7185ca68c393426a5a6,1,1,3,0,True
consecutive_run_6,shuffled_primes,14009,32,2,True,0,a93875fe509ac2fae0e0939d3ec71c4d978244c7398dd7185ca68c393426a5a6,1,1,3,0,True
consecutive_run_7,shuffled_primes,14009,32,2,True,0,a93875fe509ac2fae0e0939d3ec71c4d978244c7398dd7185ca68c393426a5a6,1,1,3,0,True
consecutive_run_8,shuffled_primes,14009,32,2,True,0,a93875fe509ac2fae0e0939d3ec71c4d978244c7398dd7185ca68c393426a5a6,1,1,3,0,True
constant,shuffled_primes,14010,32,2,False,-1,cd52b8697fb19364b7c195b91648fb8d74ae0d57530c9fc010e8f8d7ba1e2d20,176,178,2,31,True
factor_depth_sum,shuffled_primes,14010,32,2,False,-1,cd52b8697fb19364b7c195b91648fb8d74ae0d57530c9fc010e8f8d7ba1e2d20,176,178,2,31,True
indecomposable_pair,shuffled_primes,14010,32,2,False,-1,cd52b8697fb19364b7c195b91648fb8d74ae0d57530c9fc010e8f8d7ba1e2d20,176,178,2,31,True
factor_depth_equal,shuffled_primes,14010,32,2,False,-1,cd52b8697fb19364b7c195b91648fb8d74ae0d57530c9fc010e8f8d7ba1e2d20,176,178,2,31,True
distinct_depth_equal,shuffled_primes,14010,32,2,False,-1,cd52b8697fb19364b7c195b91648fb8d74ae0d57530c9fc010e8f8d7ba1e2d20,176,178,2,31,True
tensor_coprime,shuffled_primes,14010,32,2,False,-1,cd52b8697fb19364b7c195b91648fb8d74ae0d57530c9fc010e8f8d7ba1e2d20,176,178,2,31,True
v2_equal,shuffled_primes,14010,32,2,False,-1,0fe4e0b86ac70e1a84bad0d9807a7254ccfb93b87771bf9003fe9b504c654bfe,175,178,2,29,True
v2_parity_equal,shuffled_primes,14010,32,2,False,-1,0fe4e0b86ac70e1a84bad0d9807a7254ccfb93b87771bf9003fe9b504c654bfe,175,178,2,29,True
entropy_increasing,shuffled_primes,14010,32,2,False,-1,edd54806db17047617ab432c659d5742905cc5d9f65c77f7aad56a274ae241a3,168,170,2,17,True
entropy_bin_equal,shuffled_primes,14010,32,2,False,-1,a137434024e455322916ec04a445c39a855b29f992a859b13b0de63250f44b8d,141,143,2,8,True
ordered_consecutive_tensor_atoms,shuffled_primes,14010,32,2,False,-1,f5791b5f6f6d175fd5831de3bbf08816f7c368b420ecc2366cdfdb020ee8100b,96,99,2,3,True
consecutive_run_2,shuffled_primes,14010,32,2,True,0,a93875fe509ac2fae0e0939d3ec71c4d978244c7398dd7185ca68c393426a5a6,1,1,3,0,True
consecutive_run_3,shuffled_primes,14010,32,2,True,0,a93875fe509ac2fae0e0939d3ec71c4d978244c7398dd7185ca68c393426a5a6,1,1,3,0,True
consecutive_run_4,shuffled_primes,14010,32,2,True,0,a93875fe509ac2fae0e0939d3ec71c4d978244c7398dd7185ca68c393426a5a6,1,1,3,0,True
consecutive_run_5,shuffled_primes,14010,32,2,True,0,a93875fe509ac2fae0e0939d3ec71c4d978244c7398dd7185ca68c393426a5a6,1,1,3,0,True
consecutive_run_6,shuffled_primes,14010,32,2,True,0,a93875fe509ac2fae0e0939d3ec71c4d978244c7398dd7185ca68c393426a5a6,1,1,3,0,True
consecutive_run_7,shuffled_primes,14010,32,2,True,0,a93875fe509ac2fae0e0939d3ec71c4d978244c7398dd7185ca68c393426a5a6,1,1,3,0,True
consecutive_run_8,shuffled_primes,14010,32,2,True,0,a93875fe509ac2fae0e0939d3ec71c4d978244c7398dd7185ca68c393426a5a6,1,1,3,0,True
constant,shuffled_primes,14011,32,2,False,-1,483f0079b2f98717e0853709621500ea1be8d168ca3288488eb83d9d598b293c,179,181,2,31,True
factor_depth_sum,shuffled_primes,14011,32,2,False,-1,483f0079b2f98717e0853709621500ea1be8d168ca3288488eb83d9d598b293c,179,181,2,31,True
indecomposable_pair,shuffled_primes,14011,32,2,False,-1,483f0079b2f98717e0853709621500ea1be8d168ca3288488eb83d9d598b293c,179,181,2,31,True
factor_depth_equal,shuffled_primes,14011,32,2,False,-1,483f0079b2f98717e0853709621500ea1be8d168ca3288488eb83d9d598b293c,179,181,2,31,True
distinct_depth_equal,shuffled_primes,14011,32,2,False,-1,483f0079b2f98717e0853709621500ea1be8d168ca3288488eb83d9d598b293c,179,181,2,31,True
tensor_coprime,shuffled_primes,14011,32,2,False,-1,483f0079b2f98717e0853709621500ea1be8d168ca3288488eb83d9d598b293c,179,181,2,31,True
v2_equal,shuffled_primes,14011,32,2,False,-1,fd29e4404a89db1cebb87763374a48e585f06969a130983c5dd46fdfce628e71,179,182,2,29,True
v2_parity_equal,shuffled_primes,14011,32,2,False,-1,fd29e4404a89db1cebb87763374a48e585f06969a130983c5dd46fdfce628e71,179,182,2,29,True
entropy_increasing,shuffled_primes,14011,32,2,False,-1,6640c11b69617781d5e03fe3acd0d199278822eb6a5d163a894eccbcc0190546,150,152,2,13,True
entropy_bin_equal,shuffled_primes,14011,32,2,False,-1,021ae05630086e2b94ded95f0147972abf6141a136fc108c8003ca2883e9596c,127,133,2,8,True
ordered_consecutive_tensor_atoms,shuffled_primes,14011,32,2,True,0,a93875fe509ac2fae0e0939d3ec71c4d978244c7398dd7185ca68c393426a5a6,1,1,3,0,True
consecutive_run_2,shuffled_primes,14011,32,2,True,0,a93875fe509ac2fae0e0939d3ec71c4d978244c7398dd7185ca68c393426a5a6,1,1,3,0,True
consecutive_run_3,shuffled_primes,14011,32,2,True,0,a93875fe509ac2fae0e0939d3ec71c4d978244c7398dd7185ca68c393426a5a6,1,1,3,0,True
consecutive_run_4,shuffled_primes,14011,32,2,True,0,a93875fe509ac2fae0e0939d3ec71c4d978244c7398dd7185ca68c393426a5a6,1,1,3,0,True
consecutive_run_5,shuffled_primes,14011,32,2,True,0,a93875fe509ac2fae0e0939d3ec71c4d978244c7398dd7185ca68c393426a5a6,1,1,3,0,True
consecutive_run_6,shuffled_primes,14011,32,2,True,0,a93875fe509ac2fae0e0939d3ec71c4d978244c7398dd7185ca68c393426a5a6,1,1,3,0,True
consecutive_run_7,shuffled_primes,14011,32,2,True,0,a93875fe509ac2fae0e0939d3ec71c4d978244c7398dd7185ca68c393426a5a6,1,1,3,0,True
consecutive_run_8,shuffled_primes,14011,32,2,True,0,a93875fe509ac2fae0e0939d3ec71c4d978244c7398dd7185ca68c393426a5a6,1,1,3,0,True
constant,shuffled_primes,14012,32,2,False,-1,fd85d1c1a098aac04d131ec5f891941829909abdbc64eb3d75847e56ce8be799,178,180,2,31,True
factor_depth_sum,shuffled_primes,14012,32,2,False,-1,fd85d1c1a098aac04d131ec5f891941829909abdbc64eb3d75847e56ce8be799,178,180,2,31,True
indecomposable_pair,shuffled_primes,14012,32,2,False,-1,fd85d1c1a098aac04d131ec5f891941829909abdbc64eb3d75847e56ce8be799,178,180,2,31,True
factor_depth_equal,shuffled_primes,14012,32,2,False,-1,fd85d1c1a098aac04d131ec5f891941829909abdbc64eb3d75847e56ce8be799,178,180,2,31,True
distinct_depth_equal,shuffled_primes,14012,32,2,False,-1,fd85d1c1a098aac04d131ec5f891941829909abdbc64eb3d75847e56ce8be799,178,180,2,31,True
tensor_coprime,shuffled_primes,14012,32,2,False,-1,fd85d1c1a098aac04d131ec5f891941829909abdbc64eb3d75847e56ce8be799,178,180,2,31,True
v2_equal,shuffled_primes,14012,32,2,False,-1,2c68b9a594366bef891431c0ba9f7c99e048fdd54ae69aefc728ef1bbc2be941,177,180,2,29,True
v2_parity_equal,shuffled_primes,14012,32,2,False,-1,2c68b9a594366bef891431c0ba9f7c99e048fdd54ae69aefc728ef1bbc2be941,177,180,2,29,True
entropy_increasing,shuffled_primes,14012,32,2,False,-1,0e44ac35b7a80192eb9c9d051a0086d07a74a9391c44b918a47eff905c9de41c,157,160,2,14,True
entropy_bin_equal,shuffled_primes,14012,32,2,False,-1,a698d8cab68586afbe861a4659fc47c46bdb0e26b7c361c4dc1a8dda0041635f,101,107,2,4,True
ordered_consecutive_tensor_atoms,shuffled_primes,14012,32,2,False,-1,9abc5a0cf32a23899c246fb0586d6ce6f66ddf04891ddafb79f9ea76979ba9af,85,92,2,1,True
consecutive_run_2,shuffled_primes,14012,32,2,True,0,a93875fe509ac2fae0e0939d3ec71c4d978244c7398dd7185ca68c393426a5a6,1,1,3,0,True
consecutive_run_3,shuffled_primes,14012,32,2,True,0,a93875fe509ac2fae0e0939d3ec71c4d978244c7398dd7185ca68c393426a5a6,1,1,3,0,True
consecutive_run_4,shuffled_primes,14012,32,2,True,0,a93875fe509ac2fae0e0939d3ec71c4d978244c7398dd7185ca68c393426a5a6,1,1,3,0,True
consecutive_run_5,shuffled_primes,14012,32,2,True,0,a93875fe509ac2fae0e0939d3ec71c4d978244c7398dd7185ca68c393426a5a6,1,1,3,0,True
consecutive_run_6,shuffled_primes,14012,32,2,True,0,a93875fe509ac2fae0e0939d3ec71c4d978244c7398dd7185ca68c393426a5a6,1,1,3,0,True
consecutive_run_7,shuffled_primes,14012,32,2,True,0,a93875fe509ac2fae0e0939d3ec71c4d978244c7398dd7185ca68c393426a5a6,1,1,3,0,True
consecutive_run_8,shuffled_primes,14012,32,2,True,0,a93875fe509ac2fae0e0939d3ec71c4d978244c7398dd7185ca68c393426a5a6,1,1,3,0,True
constant,shuffled_primes,14013,32,2,False,-1,c1ef6df7c39feb53dba58b43cc61410495f513a9126cd2bd306906be8dda4a3c,178,180,2,31,True
factor_depth_sum,shuffled_primes,14013,32,2,False,-1,c1ef6df7c39feb53dba58b43cc61410495f513a9126cd2bd306906be8dda4a3c,178,180,2,31,True
indecomposable_pair,shuffled_primes,14013,32,2,False,-1,c1ef6df7c39feb53dba58b43cc61410495f513a9126cd2bd306906be8dda4a3c,178,180,2,31,True
factor_depth_equal,shuffled_primes,14013,32,2,False,-1,c1ef6df7c39feb53dba58b43cc61410495f513a9126cd2bd306906be8dda4a3c,178,180,2,31,True
distinct_depth_equal,shuffled_primes,14013,32,2,False,-1,c1ef6df7c39feb53dba58b43cc61410495f513a9126cd2bd306906be8dda4a3c,178,180,2,31,True
tensor_coprime,shuffled_primes,14013,32,2,False,-1,c1ef6df7c39feb53dba58b43cc61410495f513a9126cd2bd306906be8dda4a3c,178,180,2,31,True
v2_equal,shuffled_primes,14013,32,2,False,-1,373ffd6efe9a41b9c029932bb40f985db3cd8b209c59e45474c89c6ab5619482,177,180,2,29,True
v2_parity_equal,shuffled_primes,14013,32,2,False,-1,373ffd6efe9a41b9c029932bb40f985db3cd8b209c59e45474c89c6ab5619482,177,180,2,29,True
entropy_increasing,shuffled_primes,14013,32,2,False,-1,8f5a4ca473d23d09a6f8d884a0ae52757237c5e34b5ab564bb7dbc7b6ed10222,166,168,2,16,True
entropy_bin_equal,shuffled_primes,14013,32,2,False,-1,2d2b78543ab0e892a8aa0e9c0288f428dd7eeb1825ee3df3def2490c8ed0e435,109,116,2,4,True
ordered_consecutive_tensor_atoms,shuffled_primes,14013,32,2,True,0,a93875fe509ac2fae0e0939d3ec71c4d978244c7398dd7185ca68c393426a5a6,1,1,3,0,True
consecutive_run_2,shuffled_primes,14013,32,2,True,0,a93875fe509ac2fae0e0939d3ec71c4d978244c7398dd7185ca68c393426a5a6,1,1,3,0,True
consecutive_run_3,shuffled_primes,14013,32,2,True,0,a93875fe509ac2fae0e0939d3ec71c4d978244c7398dd7185ca68c393426a5a6,1,1,3,0,True
consecutive_run_4,shuffled_primes,14013,32,2,True,0,a93875fe509ac2fae0e0939d3ec71c4d978244c7398dd7185ca68c393426a5a6,1,1,3,0,True
consecutive_run_5,shuffled_primes,14013,32,2,True,0,a93875fe509ac2fae0e0939d3ec71c4d978244c7398dd7185ca68c393426a5a6,1,1,3,0,True
consecutive_run_6,shuffled_primes,14013,32,2,True,0,a93875fe509ac2fae0e0939d3ec71c4d978244c7398dd7185ca68c393426a5a6,1,1,3,0,True
consecutive_run_7,shuffled_primes,14013,32,2,True,0,a93875fe509ac2fae0e0939d3ec71c4d978244c7398dd7185ca68c393426a5a6,1,1,3,0,True
consecutive_run_8,shuffled_primes,14013,32,2,True,0,a93875fe509ac2fae0e0939d3ec71c4d978244c7398dd7185ca68c393426a5a6,1,1,3,0,True
constant,shuffled_primes,14014,32,2,False,-1,8d3a501b8bbcdbfa92e7e0842d40a4ac96fb9292d2ac8c9bcfc816187810851a,179,182,2,31,True
factor_depth_sum,shuffled_primes,14014,32,2,False,-1,8d3a501b8bbcdbfa92e7e0842d40a4ac96fb9292d2ac8c9bcfc816187810851a,179,182,2,31,True
indecomposable_pair,shuffled_primes,14014,32,2,False,-1,8d3a501b8bbcdbfa92e7e0842d40a4ac96fb9292d2ac8c9bcfc816187810851a,179,182,2,31,True
factor_depth_equal,shuffled_primes,14014,32,2,False,-1,8d3a501b8bbcdbfa92e7e0842d40a4ac96fb9292d2ac8c9bcfc816187810851a,179,182,2,31,True
distinct_depth_equal,shuffled_primes,14014,32,2,False,-1,8d3a501b8bbcdbfa92e7e0842d40a4ac96fb9292d2ac8c9bcfc816187810851a,179,182,2,31,True
tensor_coprime,shuffled_primes,14014,32,2,False,-1,8d3a501b8bbcdbfa92e7e0842d40a4ac96fb9292d2ac8c9bcfc816187810851a,179,182,2,31,True
v2_equal,shuffled_primes,14014,32,2,False,-1,068b2bd345b37beb8d28cd51cdbf014937f206bbfe7d155de72ec1005696f4bb,179,182,2,30,True
v2_parity_equal,shuffled_primes,14014,32,2,False,-1,068b2bd345b37beb8d28cd51cdbf014937f206bbfe7d155de72ec1005696f4bb,179,182,2,30,True
entropy_increasing,shuffled_primes,14014,32,2,False,-1,ab77c7049e419fa65da9e0303e9ec1ce2b3e9a4c5d50e364f65a2f4ca4229297,162,165,2,16,True
entropy_bin_equal,shuffled_primes,14014,32,2,False,-1,ff9f134d558f151fe60260ee60c225b71e15a32e059b0e21b9bad0b5e0c21308,142,149,2,9,True
ordered_consecutive_tensor_atoms,shuffled_primes,14014,32,2,True,0,a93875fe509ac2fae0e0939d3ec71c4d978244c7398dd7185ca68c393426a5a6,1,1,3,0,True
consecutive_run_2,shuffled_primes,14014,32,2,True,0,a93875fe509ac2fae0e0939d3ec71c4d978244c7398dd7185ca68c393426a5a6,1,1,3,0,True
consecutive_run_3,shuffled_primes,14014,32,2,True,0,a93875fe509ac2fae0e0939d3ec71c4d978244c7398dd7185ca68c393426a5a6,1,1,3,0,True
consecutive_run_4,shuffled_primes,14014,32,2,True,0,a93875fe509ac2fae0e0939d3ec71c4d978244c7398dd7185ca68c393426a5a6,1,1,3,0,True
consecutive_run_5,shuffled_primes,14014,32,2,True,0,a93875fe509ac2fae0e0939d3ec71c4d978244c7398dd7185ca68c393426a5a6,1,1,3,0,True
consecutive_run_6,shuffled_primes,14014,32,2,True,0,a93875fe509ac2fae0e0939d3ec71c4d978244c7398dd7185ca68c393426a5a6,1,1,3,0,True
consecutive_run_7,shuffled_primes,14014,32,2,True,0,a93875fe509ac2fae0e0939d3ec71c4d978244c7398dd7185ca68c393426a5a6,1,1,3,0,True
consecutive_run_8,shuffled_primes,14014,32,2,True,0,a93875fe509ac2fae0e0939d3ec71c4d978244c7398dd7185ca68c393426a5a6,1,1,3,0,True
constant,shuffled_primes,14015,32,2,False,-1,13316d3cc4bf7c3cef4b8060b34a1fe755f67af8e98a4661572e34f183630b0f,180,183,2,31,True
factor_depth_sum,shuffled_primes,14015,32,2,False,-1,13316d3cc4bf7c3cef4b8060b34a1fe755f67af8e98a4661572e34f183630b0f,180,183,2,31,True
indecomposable_pair,shuffled_primes,14015,32,2,False,-1,13316d3cc4bf7c3cef4b8060b34a1fe755f67af8e98a4661572e34f183630b0f,180,183,2,31,True
factor_depth_equal,shuffled_primes,14015,32,2,False,-1,13316d3cc4bf7c3cef4b8060b34a1fe755f67af8e98a4661572e34f183630b0f,180,183,2,31,True
distinct_depth_equal,shuffled_primes,14015,32,2,False,-1,13316d3cc4bf7c3cef4b8060b34a1fe755f67af8e98a4661572e34f183630b0f,180,183,2,31,True
tensor_coprime,shuffled_primes,14015,32,2,False,-1,13316d3cc4bf7c3cef4b8060b34a1fe755f67af8e98a4661572e34f183630b0f,180,183,2,31,True
v2_equal,shuffled_primes,14015,32,2,False,-1,2d133d827db904927f85ebe13da05c944cc9f37f048b7161ac27d2e338c0a8c5,179,183,2,29,True
v2_parity_equal,shuffled_primes,14015,32,2,False,-1,2d133d827db904927f85ebe13da05c944cc9f37f048b7161ac27d2e338c0a8c5,179,183,2,29,True
entropy_increasing,shuffled_primes,14015,32,2,False,-1,ca16c11986b3d54fbd0997553295426417cdb603483fee3e613eaedb1ca7da35,163,166,2,16,True
entropy_bin_equal,shuffled_primes,14015,32,2,False,-1,3af62063dc944e5c4311c21a72a02c117e331ad064b9c9eb870c0f0ac52740ac,139,147,2,9,True
ordered_consecutive_tensor_atoms,shuffled_primes,14015,32,2,True,0,a93875fe509ac2fae0e0939d3ec71c4d978244c7398dd7185ca68c393426a5a6,1,1,3,0,True
consecutive_run_2,shuffled_primes,14015,32,2,True,0,a93875fe509ac2fae0e0939d3ec71c4d978244c7398dd7185ca68c393426a5a6,1,1,3,0,True
consecutive_run_3,shuffled_primes,14015,32,2,True,0,a93875fe509ac2fae0e0939d3ec71c4d978244c7398dd7185ca68c393426a5a6,1,1,3,0,True
consecutive_run_4,shuffled_primes,14015,32,2,True,0,a93875fe509ac2fae0e0939d3ec71c4d978244c7398dd7185ca68c393426a5a6,1,1,3,0,True
consecutive_run_5,shuffled_primes,14015,32,2,True,0,a93875fe509ac2fae0e0939d3ec71c4d978244c7398dd7185ca68c393426a5a6,1,1,3,0,True
consecutive_run_6,shuffled_primes,14015,32,2,True,0,a93875fe509ac2fae0e0939d3ec71c4d978244c7398dd7185ca68c393426a5a6,1,1,3,0,True
consecutive_run_7,shuffled_primes,14015,32,2,True,0,a93875fe509ac2fae0e0939d3ec71c4d978244c7398dd7185ca68c393426a5a6,1,1,3,0,True
consecutive_run_8,shuffled_primes,14015,32,2,True,0,a93875fe509ac2fae0e0939d3ec71c4d978244c7398dd7185ca68c393426a5a6,1,1,3,0,True
constant,random_increasing,14100,32,2,False,-1,62b78685ac7ef0cc545d07082ad48618c8e9ab6b93cc505bc100b10a40e0f253,229,236,2,31,True
factor_depth_sum,random_increasing,14100,32,2,False,-1,2cbe0151d69c49896bfce2ce10b66d8b7fbec747747cb6d20c8b325b1cac8175,156,165,2,2,True
indecomposable_pair,random_increasing,14100,32,2,False,-1,2cbe0151d69c49896bfce2ce10b66d8b7fbec747747cb6d20c8b325b1cac8175,156,165,2,2,True
factor_depth_equal,random_increasing,14100,32,2,False,-1,51d9b1f2c129b0078515c9d85aed0f3c970b4d62227433a1b1e3cd3f1062bea2,177,185,2,5,True
distinct_depth_equal,random_increasing,14100,32,2,False,-1,6c01449ffa617742e1c80980949cd5bca353c51141acc9e191e3488e03df2b38,194,202,2,11,True
tensor_coprime,random_increasing,14100,32,2,False,-1,6fd4d35048d83bd8f77a6472cf451af60899d43643c84434896a8f74e5061780,228,235,2,20,True
v2_equal,random_increasing,14100,32,2,False,-1,f52d6524b6e44eaf5eb0891a9dc950f767c5a6198b0984eee1fab8b5033c1160,193,202,2,9,True
v2_parity_equal,random_increasing,14100,32,2,False,-1,c530858f1cefdecd1fcc28bbd0fff10653c47b7c9987d6454361673f50aa7338,217,226,2,17,True
entropy_increasing,random_increasing,14100,32,2,False,-1,62b78685ac7ef0cc545d07082ad48618c8e9ab6b93cc505bc100b10a40e0f253,229,236,2,31,True
entropy_bin_equal,random_increasing,14100,32,2,False,-1,4f76e46ccd5e44c4158a3c6554e2718154b38dd33e9649c355906b81ec555e3d,228,236,2,28,True
ordered_consecutive_tensor_atoms,random_increasing,14100,32,2,False,-1,e1993a6124d507d337888e47a3259a06b0cb92507e9c2dcab0639f64e19d464b,145,153,2,1,True
consecutive_run_2,random_increasing,14100,32,2,True,0,a93875fe509ac2fae0e0939d3ec71c4d978244c7398dd7185ca68c393426a5a6,1,1,3,0,True
consecutive_run_3,random_increasing,14100,32,2,True,0,a93875fe509ac2fae0e0939d3ec71c4d978244c7398dd7185ca68c393426a5a6,1,1,3,0,True
consecutive_run_4,random_increasing,14100,32,2,True,0,a93875fe509ac2fae0e0939d3ec71c4d978244c7398dd7185ca68c393426a5a6,1,1,3,0,True
consecutive_run_5,random_increasing,14100,32,2,True,0,a93875fe509ac2fae0e0939d3ec71c4d978244c7398dd7185ca68c393426a5a6,1,1,3,0,True
consecutive_run_6,random_increasing,14100,32,2,True,0,a93875fe509ac2fae0e0939d3ec71c4d978244c7398dd7185ca68c393426a5a6,1,1,3,0,True
consecutive_run_7,random_increasing,14100,32,2,True,0,a93875fe509ac2fae0e0939d3ec71c4d978244c7398dd7185ca68c393426a5a6,1,1,3,0,True
consecutive_run_8,random_increasing,14100,32,2,True,0,a93875fe509ac2fae0e0939d3ec71c4d978244c7398dd7185ca68c393426a5a6,1,1,3,0,True
constant,random_increasing,14101,32,2,False,-1,07db515d62cfdd1c1576693adbb77bd8824b36e49d3369a3b15c0ea567f6afa8,217,219,2,31,True
factor_depth_sum,random_increasing,14101,32,2,True,0,a93875fe509ac2fae0e0939d3ec71c4d978244c7398dd7185ca68c393426a5a6,1,1,3,0,True
indecomposable_pair,random_increasing,14101,32,2,True,0,a93875fe509ac2fae0e0939d3ec71c4d978244c7398dd7185ca68c393426a5a6,1,1,3,0,True
factor_depth_equal,random_increasing,14101,32,2,False,-1,5a78ec975bd24e70f693aee0f585dd6133b35403f1d2b640e50024c878c9bcf4,164,174,2,5,True
distinct_depth_equal,random_increasing,14101,32,2,False,-1,df17a39516742bc1c23c44209eda43b8c7a0692c2bc0a49497c10b2d104fe6e1,177,185,2,9,True
tensor_coprime,random_increasing,14101,32,2,False,-1,ab1ec2d5d6da3f41d2134cb57e68ae78237438e7b3f1a1b858df30450a629386,219,222,2,21,True
v2_equal,random_increasing,14101,32,2,False,-1,2f713883a032ffa7a22d27c4e7bfac5883e1215300583bc1dcd08e21c8989769,201,209,2,14,True
v2_parity_equal,random_increasing,14101,32,2,False,-1,c7009578772109717364a62225f7743fe3264957ea01a9401157cdb3e8ff7de1,202,210,2,18,True
entropy_increasing,random_increasing,14101,32,2,False,-1,07db515d62cfdd1c1576693adbb77bd8824b36e49d3369a3b15c0ea567f6afa8,217,219,2,31,True
entropy_bin_equal,random_increasing,14101,32,2,False,-1,2f4cf10e8bec2c8957a3307acfa4ca3243a2b885d4984adac0419160f72432d1,210,217,2,26,True
ordered_consecutive_tensor_atoms,random_increasing,14101,32,2,True,0,a93875fe509ac2fae0e0939d3ec71c4d978244c7398dd7185ca68c393426a5a6,1,1,3,0,True
consecutive_run_2,random_increasing,14101,32,2,True,0,a93875fe509ac2fae0e0939d3ec71c4d978244c7398dd7185ca68c393426a5a6,1,1,3,0,True
consecutive_run_3,random_increasing,14101,32,2,True,0,a93875fe509ac2fae0e0939d3ec71c4d978244c7398dd7185ca68c393426a5a6,1,1,3,0,True
consecutive_run_4,random_increasing,14101,32,2,True,0,a93875fe509ac2fae0e0939d3ec71c4d978244c7398dd7185ca68c393426a5a6,1,1,3,0,True
consecutive_run_5,random_increasing,14101,32,2,True,0,a93875fe509ac2fae0e0939d3ec71c4d978244c7398dd7185ca68c393426a5a6,1,1,3,0,True
consecutive_run_6,random_increasing,14101,32,2,True,0,a93875fe509ac2fae0e0939d3ec71c4d978244c7398dd7185ca68c393426a5a6,1,1,3,0,True
consecutive_run_7,random_increasing,14101,32,2,True,0,a93875fe509ac2fae0e0939d3ec71c4d978244c7398dd7185ca68c393426a5a6,1,1,3,0,True
consecutive_run_8,random_increasing,14101,32,2,True,0,a93875fe509ac2fae0e0939d3ec71c4d978244c7398dd7185ca68c393426a5a6,1,1,3,0,True
constant,random_increasing,14102,32,2,False,-1,dcabf5dcd0d3027d618cc16eacd4a7136bea268b1daaf3721d7df10e2d7e9c0b,218,226,2,31,True
factor_depth_sum,random_increasing,14102,32,2,False,-1,2cdd84596b4afe923f8cfaf365fc72f9f883be628ed477314351741c6b0d7304,139,151,2,1,True
indecomposable_pair,random_increasing,14102,32,2,False,-1,2cdd84596b4afe923f8cfaf365fc72f9f883be628ed477314351741c6b0d7304,139,151,2,1,True
factor_depth_equal,random_increasing,14102,32,2,False,-1,53afa2f655dc295773dfd27c065134566c80a6e09362010a7c4d503f98cab909,185,194,2,8,True
distinct_depth_equal,random_increasing,14102,32,2,False,-1,7008c942b299a3e0b79e01271f8d84c574677920bfde812555077dbd7648c99c,196,204,2,14,True
tensor_coprime,random_increasing,14102,32,2,False,-1,7b6b241a2a41ced7b0245b3a35dfe801bdef852049453b96d9455076d59f887b,207,214,2,19,True
v2_equal,random_increasing,14102,32,2,False,-1,f2b6b860fbbcd3b470fe7c554783435edfb14f538bea6b04bf4926177661e1e4,194,201,2,12,True
v2_parity_equal,random_increasing,14102,32,2,False,-1,97e70c06b848c11398ee2cc9dddada1238e7f6dcdcf5ad26563e13f8d5b09a83,200,208,2,16,True
entropy_increasing,random_increasing,14102,32,2,False,-1,dcabf5dcd0d3027d618cc16eacd4a7136bea268b1daaf3721d7df10e2d7e9c0b,218,226,2,31,True
entropy_bin_equal,random_increasing,14102,32,2,False,-1,98d6fcaac2cf50e5b03f59fe842ece59aa0a4baf1e974e985b57c1d55a85d54b,219,227,2,28,True
ordered_consecutive_tensor_atoms,random_increasing,14102,32,2,False,-1,2cdd84596b4afe923f8cfaf365fc72f9f883be628ed477314351741c6b0d7304,139,151,2,1,True
consecutive_run_2,random_increasing,14102,32,2,True,0,a93875fe509ac2fae0e0939d3ec71c4d978244c7398dd7185ca68c393426a5a6,1,1,3,0,True
consecutive_run_3,random_increasing,14102,32,2,True,0,a93875fe509ac2fae0e0939d3ec71c4d978244c7398dd7185ca68c393426a5a6,1,1,3,0,True
consecutive_run_4,random_increasing,14102,32,2,True,0,a93875fe509ac2fae0e0939d3ec71c4d978244c7398dd7185ca68c393426a5a6,1,1,3,0,True
consecutive_run_5,random_increasing,14102,32,2,True,0,a93875fe509ac2fae0e0939d3ec71c4d978244c7398dd7185ca68c393426a5a6,1,1,3,0,True
consecutive_run_6,random_increasing,14102,32,2,True,0,a93875fe509ac2fae0e0939d3ec71c4d978244c7398dd7185ca68c393426a5a6,1,1,3,0,True
consecutive_run_7,random_increasing,14102,32,2,True,0,a93875fe509ac2fae0e0939d3ec71c4d978244c7398dd7185ca68c393426a5a6,1,1,3,0,True
consecutive_run_8,random_increasing,14102,32,2,True,0,a93875fe509ac2fae0e0939d3ec71c4d978244c7398dd7185ca68c393426a5a6,1,1,3,0,True
constant,random_increasing,14103,32,2,False,-1,ef4326525b271492553f3638166ba063d6a74eaa3d09ee07cee5f7febe4e059e,212,216,2,31,True
factor_depth_sum,random_increasing,14103,32,2,False,-1,607bb853614822809919126b7ea0f5093cd8bd5040f72a0cff8cac191372a63a,136,146,2,2,True
indecomposable_pair,random_increasing,14103,32,2,False,-1,607bb853614822809919126b7ea0f5093cd8bd5040f72a0cff8cac191372a63a,136,146,2,2,True
factor_depth_equal,random_increasing,14103,32,2,False,-1,b6be7c70704d04b43bff2e30dd22c72f6421abecbf1ca94da8f877622d4e17ae,185,190,2,8,True
distinct_depth_equal,random_increasing,14103,32,2,False,-1,863dc6e7f09aaf1c71a9565c6c88c9e9a91126761c4c1b6158b4bfe270cedb48,192,197,2,15,True
tensor_coprime,random_increasing,14103,32,2,False,-1,81c6b11df4a6da564bec15d16e7c69e6af94ab2a57abd7d6ac6700d3c2969fa5,199,203,2,19,True
v2_equal,random_increasing,14103,32,2,False,-1,e45e69496d9af3377d1e71e195ab9740859f4357b76f7466e04c3580889206db,190,195,2,10,True
v2_parity_equal,random_increasing,14103,32,2,False,-1,60df3600472b53df3d8246d88832c78506d4ffe223dc81a34c42e84b91da5b3f,193,198,2,15,True
entropy_increasing,random_increasing,14103,32,2,False,-1,ef4326525b271492553f3638166ba063d6a74eaa3d09ee07cee5f7febe4e059e,212,216,2,31,True
entropy_bin_equal,random_increasing,14103,32,2,False,-1,4915bcb89f04915433db8a4c089e344370f9f1ca9d7223f892433825ed134acb,211,216,2,26,True
ordered_consecutive_tensor_atoms,random_increasing,14103,32,2,False,-1,20f9e185f2249fd35d881e5aa14a96adf3da27c6f695bc02f5d08754b8eea4f5,126,137,2,1,True
consecutive_run_2,random_increasing,14103,32,2,True,0,a93875fe509ac2fae0e0939d3ec71c4d978244c7398dd7185ca68c393426a5a6,1,1,3,0,True
consecutive_run_3,random_increasing,14103,32,2,True,0,a93875fe509ac2fae0e0939d3ec71c4d978244c7398dd7185ca68c393426a5a6,1,1,3,0,True
consecutive_run_4,random_increasing,14103,32,2,True,0,a93875fe509ac2fae0e0939d3ec71c4d978244c7398dd7185ca68c393426a5a6,1,1,3,0,True
consecutive_run_5,random_increasing,14103,32,2,True,0,a93875fe509ac2fae0e0939d3ec71c4d978244c7398dd7185ca68c393426a5a6,1,1,3,0,True
consecutive_run_6,random_increasing,14103,32,2,True,0,a93875fe509ac2fae0e0939d3ec71c4d978244c7398dd7185ca68c393426a5a6,1,1,3,0,True
consecutive_run_7,random_increasing,14103,32,2,True,0,a93875fe509ac2fae0e0939d3ec71c4d978244c7398dd7185ca68c393426a5a6,1,1,3,0,True
consecutive_run_8,random_increasing,14103,32,2,True,0,a93875fe509ac2fae0e0939d3ec71c4d978244c7398dd7185ca68c393426a5a6,1,1,3,0,True
constant,random_increasing,14104,32,2,False,-1,9404387ce642da6b47229d8290cbbb1471615fe06c52642f69485865319c34dc,224,228,2,31,True
factor_depth_sum,random_increasing,14104,32,2,True,0,a93875fe509ac2fae0e0939d3ec71c4d978244c7398dd7185ca68c393426a5a6,1,1,3,0,True
indecomposable_pair,random_increasing,14104,32,2,True,0,a93875fe509ac2fae0e0939d3ec71c4d978244c7398dd7185ca68c393426a5a6,1,1,3,0,True
factor_depth_equal,random_increasing,14104,32,2,False,-1,d42e37488e845676303ef73be131f78949c8277a9b4f168e19823d4ca32aa641,171,177,2,5,True
distinct_depth_equal,random_increasing,14104,32,2,False,-1,21f7fcbab3d53cd97a3bbdb88fb346da5f79cb7e03ada2d0a31271d63c4548ed,194,198,2,13,True
tensor_coprime,random_increasing,14104,32,2,False,-1,651a43898b86bdda2d7589f14c00434649ff6f31886c33bdaa4aa1327722d86d,223,229,2,22,True
v2_equal,random_increasing,14104,32,2,False,-1,b91e54a31628cf1b520c403343c231e3a7ae3c297964ee07346805b97f67e819,173,177,2,11,True
v2_parity_equal,random_increasing,14104,32,2,False,-1,f173fbc387338901215ebd1495f0b40abbc2f35f12ec1565ae2b680d77d28ae3,203,208,2,17,True
entropy_increasing,random_increasing,14104,32,2,False,-1,9404387ce642da6b47229d8290cbbb1471615fe06c52642f69485865319c34dc,224,228,2,31,True
entropy_bin_equal,random_increasing,14104,32,2,False,-1,41c4011560192379c84f749d38df0812c45aa09764b3036c319aa0ab59eea054,221,228,2,26,True
ordered_consecutive_tensor_atoms,random_increasing,14104,32,2,True,0,a93875fe509ac2fae0e0939d3ec71c4d978244c7398dd7185ca68c393426a5a6,1,1,3,0,True
consecutive_run_2,random_increasing,14104,32,2,True,0,a93875fe509ac2fae0e0939d3ec71c4d978244c7398dd7185ca68c393426a5a6,1,1,3,0,True
consecutive_run_3,random_increasing,14104,32,2,True,0,a93875fe509ac2fae0e0939d3ec71c4d978244c7398dd7185ca68c393426a5a6,1,1,3,0,True
consecutive_run_4,random_increasing,14104,32,2,True,0,a93875fe509ac2fae0e0939d3ec71c4d978244c7398dd7185ca68c393426a5a6,1,1,3,0,True
consecutive_run_5,random_increasing,14104,32,2,True,0,a93875fe509ac2fae0e0939d3ec71c4d978244c7398dd7185ca68c393426a5a6,1,1,3,0,True
consecutive_run_6,random_increasing,14104,32,2,True,0,a93875fe509ac2fae0e0939d3ec71c4d978244c7398dd7185ca68c393426a5a6,1,1,3,0,True
consecutive_run_7,random_increasing,14104,32,2,True,0,a93875fe509ac2fae0e0939d3ec71c4d978244c7398dd7185ca68c393426a5a6,1,1,3,0,True
consecutive_run_8,random_increasing,14104,32,2,True,0,a93875fe509ac2fae0e0939d3ec71c4d978244c7398dd7185ca68c393426a5a6,1,1,3,0,True
constant,random_increasing,14105,32,2,False,-1,77c1b835f622998b246cd4f7420225bf9526ba85769981b66f95134f525768b3,196,199,2,31,True
factor_depth_sum,random_increasing,14105,32,2,True,0,a93875fe509ac2fae0e0939d3ec71c4d978244c7398dd7185ca68c393426a5a6,1,1,3,0,True
indecomposable_pair,random_increasing,14105,32,2,True,0,a93875fe509ac2fae0e0939d3ec71c4d978244c7398dd7185ca68c393426a5a6,1,1,3,0,True
factor_depth_equal,random_increasing,14105,32,2,False,-1,8248dcfcc37a043dbe40c58eabbb3d64603f548062df4107ab07cd7c48c7cd6c,144,151,2,3,True
distinct_depth_equal,random_increasing,14105,32,2,False,-1,3ebc7ac9e8f3cc2b42901406a5b9e3177c256508d5ad09c3544a461c640daa79,157,161,2,11,True
tensor_coprime,random_increasing,14105,32,2,False,-1,aaaf723509fceaee1e014fea5126579c313be5a7bc79599db2f9b427c52a5020,192,195,2,24,True
v2_equal,random_increasing,14105,32,2,False,-1,1b74214ea118ffab446d1e9971aeb650ebff306fb2538a9ade0c1b705751a83e,149,157,2,3,True
v2_parity_equal,random_increasing,14105,32,2,False,-1,a4aec9783eb6371cd904b8c37da0bf2baeae46c64a9c7f5dde071a875e555466,182,186,2,18,True
entropy_increasing,random_increasing,14105,32,2,False,-1,77c1b835f622998b246cd4f7420225bf9526ba85769981b66f95134f525768b3,196,199,2,31,True
entropy_bin_equal,random_increasing,14105,32,2,False,-1,08435106f09fd6e755e7b6637755a8ba3140680695f2be5f0d4b9ae17632e1fc,193,199,2,26,True
ordered_consecutive_tensor_atoms,random_increasing,14105,32,2,True,0,a93875fe509ac2fae0e0939d3ec71c4d978244c7398dd7185ca68c393426a5a6,1,1,3,0,True
consecutive_run_2,random_increasing,14105,32,2,True,0,a93875fe509ac2fae0e0939d3ec71c4d978244c7398dd7185ca68c393426a5a6,1,1,3,0,True
consecutive_run_3,random_increasing,14105,32,2,True,0,a93875fe509ac2fae0e0939d3ec71c4d978244c7398dd7185ca68c393426a5a6,1,1,3,0,True
consecutive_run_4,random_increasing,14105,32,2,True,0,a93875fe509ac2fae0e0939d3ec71c4d978244c7398dd7185ca68c393426a5a6,1,1,3,0,True
consecutive_run_5,random_increasing,14105,32,2,True,0,a93875fe509ac2fae0e0939d3ec71c4d978244c7398dd7185ca68c393426a5a6,1,1,3,0,True
consecutive_run_6,random_increasing,14105,32,2,True,0,a93875fe509ac2fae0e0939d3ec71c4d978244c7398dd7185ca68c393426a5a6,1,1,3,0,True
consecutive_run_7,random_increasing,14105,32,2,True,0,a93875fe509ac2fae0e0939d3ec71c4d978244c7398dd7185ca68c393426a5a6,1,1,3,0,True
consecutive_run_8,random_increasing,14105,32,2,True,0,a93875fe509ac2fae0e0939d3ec71c4d978244c7398dd7185ca68c393426a5a6,1,1,3,0,True
constant,random_increasing,14106,32,2,False,-1,2a6ecd7a18c67f010697df2d3584139a7a8d3d7bd81e47fcf846dd21f14291be,225,228,2,31,True
factor_depth_sum,random_increasing,14106,32,2,True,0,a93875fe509ac2fae0e0939d3ec71c4d978244c7398dd7185ca68c393426a5a6,1,1,3,0,True
indecomposable_pair,random_increasing,14106,32,2,True,0,a93875fe509ac2fae0e0939d3ec71c4d978244c7398dd7185ca68c393426a5a6,1,1,3,0,True
factor_depth_equal,random_increasing,14106,32,2,False,-1,0b3739bfc3a28f1527fe8c1d86e372f6995dc3166278046403b5501c0dc34231,170,179,2,5,True
distinct_depth_equal,random_increasing,14106,32,2,False,-1,05a948e2c6be93b91db090ccee614a50760736b56e8da662f66a5b085e0434af,204,211,2,12,True
tensor_coprime,random_increasing,14106,32,2,False,-1,dae1c72cde5050a5e32a9b2c1136bc3431bcdc9ae5242a313a85373f3cd46b4a,200,209,2,15,True
v2_equal,random_increasing,14106,32,2,False,-1,f3918fc7b079371e39aeab1810b979992f8e039cc167aecd6d0a6a33e3268ebe,201,204,2,15,True
v2_parity_equal,random_increasing,14106,32,2,False,-1,79ff7e463457903feef1f5cdff8061964745ae8f45c7074137fb1cbda02d460d,220,223,2,21,True
entropy_increasing,random_increasing,14106,32,2,False,-1,2a6ecd7a18c67f010697df2d3584139a7a8d3d7bd81e47fcf846dd21f14291be,225,228,2,31,True
entropy_bin_equal,random_increasing,14106,32,2,False,-1,b225696feab4b4bc60871a359bed4858e43b40b9d71b711e224c6b19fa8f65d4,217,226,2,27,True
ordered_consecutive_tensor_atoms,random_increasing,14106,32,2,True,0,a93875fe509ac2fae0e0939d3ec71c4d978244c7398dd7185ca68c393426a5a6,1,1,3,0,True
consecutive_run_2,random_increasing,14106,32,2,True,0,a93875fe509ac2fae0e0939d3ec71c4d978244c7398dd7185ca68c393426a5a6,1,1,3,0,True
consecutive_run_3,random_increasing,14106,32,2,True,0,a93875fe509ac2fae0e0939d3ec71c4d978244c7398dd7185ca68c393426a5a6,1,1,3,0,True
consecutive_run_4,random_increasing,14106,32,2,True,0,a93875fe509ac2fae0e0939d3ec71c4d978244c7398dd7185ca68c393426a5a6,1,1,3,0,True
consecutive_run_5,random_increasing,14106,32,2,True,0,a93875fe509ac2fae0e0939d3ec71c4d978244c7398dd7185ca68c393426a5a6,1,1,3,0,True
consecutive_run_6,random_increasing,14106,32,2,True,0,a93875fe509ac2fae0e0939d3ec71c4d978244c7398dd7185ca68c393426a5a6,1,1,3,0,True
consecutive_run_7,random_increasing,14106,32,2,True,0,a93875fe509ac2fae0e0939d3ec71c4d978244c7398dd7185ca68c393426a5a6,1,1,3,0,True
consecutive_run_8,random_increasing,14106,32,2,True,0,a93875fe509ac2fae0e0939d3ec71c4d978244c7398dd7185ca68c393426a5a6,1,1,3,0,True
constant,random_increasing,14107,32,2,False,-1,9e36b30a6c3e595cc4da144a7e455a1d4276f8232a3a80b96d0f51c0166131b5,194,200,2,31,True
factor_depth_sum,random_increasing,14107,32,2,True,0,a93875fe509ac2fae0e0939d3ec71c4d978244c7398dd7185ca68c393426a5a6,1,1,3,0,True
indecomposable_pair,random_increasing,14107,32,2,True,0,a93875fe509ac2fae0e0939d3ec71c4d978244c7398dd7185ca68c393426a5a6,1,1,3,0,True
factor_depth_equal,random_increasing,14107,32,2,False,-1,9ecb9a8b8856ae55a857fcd5aa0683f3ef52c79cf8be625fa42c3f05b0069fd6,171,180,2,6,True
distinct_depth_equal,random_increasing,14107,32,2,False,-1,1a83f4189dcdd59bced5c3a2e07c2e822bb59646e8b4bd352b64c265624c0cab,190,196,2,14,True
tensor_coprime,random_increasing,14107,32,2,False,-1,cb995678f1d4910f5c860ca7d6b61c9a44f29a8465377cc223fb69a6c5079c1b,184,190,2,18,True
v2_equal,random_increasing,14107,32,2,False,-1,fc9bf1b54d7f40342a9d914ec1dfbf69a06e40383d058d3f26dc9c825c34a936,173,179,2,11,True
v2_parity_equal,random_increasing,14107,32,2,False,-1,c5323662050e8dadead743ffc230ab0856815ca83bde01dab02b48af5940bb68,177,183,2,16,True
entropy_increasing,random_increasing,14107,32,2,False,-1,9e36b30a6c3e595cc4da144a7e455a1d4276f8232a3a80b96d0f51c0166131b5,194,200,2,31,True
entropy_bin_equal,random_increasing,14107,32,2,False,-1,024700f96f7a7c01c87e4e6bacf07a41220a8fdebf4e90f4b6a97ea3cc70b144,195,203,2,26,True
ordered_consecutive_tensor_atoms,random_increasing,14107,32,2,True,0,a93875fe509ac2fae0e0939d3ec71c4d978244c7398dd7185ca68c393426a5a6,1,1,3,0,True
consecutive_run_2,random_increasing,14107,32,2,True,0,a93875fe509ac2fae0e0939d3ec71c4d978244c7398dd7185ca68c393426a5a6,1,1,3,0,True
consecutive_run_3,random_increasing,14107,32,2,True,0,a93875fe509ac2fae0e0939d3ec71c4d978244c7398dd7185ca68c393426a5a6,1,1,3,0,True
consecutive_run_4,random_increasing,14107,32,2,True,0,a93875fe509ac2fae0e0939d3ec71c4d978244c7398dd7185ca68c393426a5a6,1,1,3,0,True
consecutive_run_5,random_increasing,14107,32,2,True,0,a93875fe509ac2fae0e0939d3ec71c4d978244c7398dd7185ca68c393426a5a6,1,1,3,0,True
consecutive_run_6,random_increasing,14107,32,2,True,0,a93875fe509ac2fae0e0939d3ec71c4d978244c7398dd7185ca68c393426a5a6,1,1,3,0,True
consecutive_run_7,random_increasing,14107,32,2,True,0,a93875fe509ac2fae0e0939d3ec71c4d978244c7398dd7185ca68c393426a5a6,1,1,3,0,True
consecutive_run_8,random_increasing,14107,32,2,True,0,a93875fe509ac2fae0e0939d3ec71c4d978244c7398dd7185ca68c393426a5a6,1,1,3,0,True
constant,random_increasing,14108,32,2,False,-1,3206128ceb78c9917155166423de711c3563e16e4efce07e390279dc40efc60f,179,181,2,31,True
factor_depth_sum,random_increasing,14108,32,2,False,-1,17c04f168a06b81ed20416dbf8d85c0faa6077055ef8d6631b6175db40890427,123,128,2,1,True
indecomposable_pair,random_increasing,14108,32,2,False,-1,17c04f168a06b81ed20416dbf8d85c0faa6077055ef8d6631b6175db40890427,123,128,2,1,True
factor_depth_equal,random_increasing,14108,32,2,False,-1,5f2b3a9d9d69c8748cc35262cbdeef4381454c8558217599472152d73713661b,150,156,2,6,True
distinct_depth_equal,random_increasing,14108,32,2,False,-1,47281d7721e2f87dcbeaa4b36ae7406e3f9384c759aed93700b6c799a9d16869,166,169,2,13,True
tensor_coprime,random_increasing,14108,32,2,False,-1,c17b1564b6147dd9412d2dd62496fbd5e4501a3fdbcfb0f214a80a698df67667,164,168,2,14,True
v2_equal,random_increasing,14108,32,2,False,-1,42b90dde5bf699bebdd1d76cc8a299e06d189bf7dd19b7d4907be0a402b396dc,159,165,2,8,True
v2_parity_equal,random_increasing,14108,32,2,False,-1,579e97a0e31d14e8521ff6ac42ee42c26eef229b0a417715cf785ce25175a869,169,173,2,17,True
entropy_increasing,random_increasing,14108,32,2,False,-1,3206128ceb78c9917155166423de711c3563e16e4efce07e390279dc40efc60f,179,181,2,31,True
entropy_bin_equal,random_increasing,14108,32,2,False,-1,13e560e696ba3e46ec9048203ea585c04c0a26664fe0644a487f09682dc46540,177,183,2,24,True
ordered_consecutive_tensor_atoms,random_increasing,14108,32,2,True,0,a93875fe509ac2fae0e0939d3ec71c4d978244c7398dd7185ca68c393426a5a6,1,1,3,0,True
consecutive_run_2,random_increasing,14108,32,2,True,0,a93875fe509ac2fae0e0939d3ec71c4d978244c7398dd7185ca68c393426a5a6,1,1,3,0,True
consecutive_run_3,random_increasing,14108,32,2,True,0,a93875fe509ac2fae0e0939d3ec71c4d978244c7398dd7185ca68c393426a5a6,1,1,3,0,True
consecutive_run_4,random_increasing,14108,32,2,True,0,a93875fe509ac2fae0e0939d3ec71c4d978244c7398dd7185ca68c393426a5a6,1,1,3,0,True
consecutive_run_5,random_increasing,14108,32,2,True,0,a93875fe509ac2fae0e0939d3ec71c4d978244c7398dd7185ca68c393426a5a6,1,1,3,0,True
consecutive_run_6,random_increasing,14108,32,2,True,0,a93875fe509ac2fae0e0939d3ec71c4d978244c7398dd7185ca68c393426a5a6,1,1,3,0,True
consecutive_run_7,random_increasing,14108,32,2,True,0,a93875fe509ac2fae0e0939d3ec71c4d978244c7398dd7185ca68c393426a5a6,1,1,3,0,True
consecutive_run_8,random_increasing,14108,32,2,True,0,a93875fe509ac2fae0e0939d3ec71c4d978244c7398dd7185ca68c393426a5a6,1,1,3,0,True
constant,random_increasing,14109,32,2,False,-1,fbc775e43e2d555dc06c9e3fd8a9edd2aa95ca7629585414ee009dbc0e055ce3,211,215,2,31,True
factor_depth_sum,random_increasing,14109,32,2,False,-1,5ab777a2d9910106570bfbe8c2b64af94dcee047a71cc3750c1668576fccd479,142,150,2,1,True
indecomposable_pair,random_increasing,14109,32,2,False,-1,5ab777a2d9910106570bfbe8c2b64af94dcee047a71cc3750c1668576fccd479,142,150,2,1,True
factor_depth_equal,random_increasing,14109,32,2,False,-1,04f1e7ac919c546ed9e03409bff733e45dd346695d86f21d78814ce014185567,174,178,2,7,True
distinct_depth_equal,random_increasing,14109,32,2,False,-1,52ea1363fd534baa8bdf822d41ea3d50bcfc3f8a3922bad9f5328068b09078e3,188,193,2,12,True
tensor_coprime,random_increasing,14109,32,2,False,-1,d1445a76e3f1c0604bef4f382d62249153e3f58258e1ae27d38b6400afcb6f29,199,205,2,17,True
v2_equal,random_increasing,14109,32,2,False,-1,7bd5768558b7825a954e8ace0ae43d9d36fbea340062dfb4e56d0920200f3d09,183,187,2,11,True
v2_parity_equal,random_increasing,14109,32,2,False,-1,a6fc9b03ea003245b36cee831635063149c53069d1bfd6b14b9ad1ff9bdd3436,208,213,2,19,True
entropy_increasing,random_increasing,14109,32,2,False,-1,fbc775e43e2d555dc06c9e3fd8a9edd2aa95ca7629585414ee009dbc0e055ce3,211,215,2,31,True
entropy_bin_equal,random_increasing,14109,32,2,False,-1,c0f0f6a00841cc7ccfa6e2bf278a38ee8a9b0f0bacabcf2a4071edfc4ff6a7f4,207,215,2,26,True
ordered_consecutive_tensor_atoms,random_increasing,14109,32,2,False,-1,5ab777a2d9910106570bfbe8c2b64af94dcee047a71cc3750c1668576fccd479,142,150,2,1,True
consecutive_run_2,random_increasing,14109,32,2,True,0,a93875fe509ac2fae0e0939d3ec71c4d978244c7398dd7185ca68c393426a5a6,1,1,3,0,True
consecutive_run_3,random_increasing,14109,32,2,True,0,a93875fe509ac2fae0e0939d3ec71c4d978244c7398dd7185ca68c393426a5a6,1,1,3,0,True
consecutive_run_4,random_increasing,14109,32,2,True,0,a93875fe509ac2fae0e0939d3ec71c4d978244c7398dd7185ca68c393426a5a6,1,1,3,0,True
consecutive_run_5,random_increasing,14109,32,2,True,0,a93875fe509ac2fae0e0939d3ec71c4d978244c7398dd7185ca68c393426a5a6,1,1,3,0,True
consecutive_run_6,random_increasing,14109,32,2,True,0,a93875fe509ac2fae0e0939d3ec71c4d978244c7398dd7185ca68c393426a5a6,1,1,3,0,True
consecutive_run_7,random_increasing,14109,32,2,True,0,a93875fe509ac2fae0e0939d3ec71c4d978244c7398dd7185ca68c393426a5a6,1,1,3,0,True
consecutive_run_8,random_increasing,14109,32,2,True,0,a93875fe509ac2fae0e0939d3ec71c4d978244c7398dd7185ca68c393426a5a6,1,1,3,0,True
constant,random_increasing,14110,32,2,False,-1,fe703d29c60f71c351ee8106bc2a8d86324b467f24089c8dd5f4613a28274c30,191,199,2,31,True
factor_depth_sum,random_increasing,14110,32,2,True,0,a93875fe509ac2fae0e0939d3ec71c4d978244c7398dd7185ca68c393426a5a6,1,1,3,0,True
indecomposable_pair,random_increasing,14110,32,2,True,0,a93875fe509ac2fae0e0939d3ec71c4d978244c7398dd7185ca68c393426a5a6,1,1,3,0,True
factor_depth_equal,random_increasing,14110,32,2,False,-1,858b22db299e98cf1df310c59b8f9b91dc1ee37b245a9dbce673c0126ac26c4b,151,159,2,5,True
distinct_depth_equal,random_increasing,14110,32,2,False,-1,cb8cbac18ac2838b4139476acb3f0ec909380f49cdfbd125b239dd444e1f13aa,170,177,2,16,True
tensor_coprime,random_increasing,14110,32,2,False,-1,cf152fa9ff5e73ffa8561022e299a1c9bf1b12109377db91ba54560dba0ae83a,185,193,2,21,True
v2_equal,random_increasing,14110,32,2,False,-1,53e7ea8bf8b47166f727ca96af018175ffab0b07b722e1fbf57d153862e49c2f,181,189,2,14,True
v2_parity_equal,random_increasing,14110,32,2,False,-1,5e80b6bf5ac3c2a55b060d1855a59fb1a5931ae9ebc9552f8559d28cdaa38137,190,197,2,20,True
entropy_increasing,random_increasing,14110,32,2,False,-1,fe703d29c60f71c351ee8106bc2a8d86324b467f24089c8dd5f4613a28274c30,191,199,2,31,True
entropy_bin_equal,random_increasing,14110,32,2,False,-1,0d285fff29cbbfea3c3b288dae95a3a43415ae3805e589f242fc99c102bb8a10,192,200,2,28,True
ordered_consecutive_tensor_atoms,random_increasing,14110,32,2,True,0,a93875fe509ac2fae0e0939d3ec71c4d978244c7398dd7185ca68c393426a5a6,1,1,3,0,True
consecutive_run_2,random_increasing,14110,32,2,True,0,a93875fe509ac2fae0e0939d3ec71c4d978244c7398dd7185ca68c393426a5a6,1,1,3,0,True
consecutive_run_3,random_increasing,14110,32,2,True,0,a93875fe509ac2fae0e0939d3ec71c4d978244c7398dd7185ca68c393426a5a6,1,1,3,0,True
consecutive_run_4,random_increasing,14110,32,2,True,0,a93875fe509ac2fae0e0939d3ec71c4d978244c7398dd7185ca68c393426a5a6,1,1,3,0,True
consecutive_run_5,random_increasing,14110,32,2,True,0,a93875fe509ac2fae0e0939d3ec71c4d978244c7398dd7185ca68c393426a5a6,1,1,3,0,True
consecutive_run_6,random_increasing,14110,32,2,True,0,a93875fe509ac2fae0e0939d3ec71c4d978244c7398dd7185ca68c393426a5a6,1,1,3,0,True
consecutive_run_7,random_increasing,14110,32,2,True,0,a93875fe509ac2fae0e0939d3ec71c4d978244c7398dd7185ca68c393426a5a6,1,1,3,0,True
consecutive_run_8,random_increasing,14110,32,2,True,0,a93875fe509ac2fae0e0939d3ec71c4d978244c7398dd7185ca68c393426a5a6,1,1,3,0,True
constant,random_increasing,14111,32,2,False,-1,cd89ddfacc0f1fd5aa4fd94d8ae49f695a8b1a420b50cd2eae711cd0dcde5628,244,251,2,31,True
factor_depth_sum,random_increasing,14111,32,2,False,-1,9b67a6652d757b954c73147f0d57c7065b9b99376e4e169343a09bf110421fd0,162,171,2,3,True
indecomposable_pair,random_increasing,14111,32,2,False,-1,9b67a6652d757b954c73147f0d57c7065b9b99376e4e169343a09bf110421fd0,162,171,2,3,True
factor_depth_equal,random_increasing,14111,32,2,False,-1,c0b80641cf607dfeb982942312ef4c31521de460129dc70bec4f7c5d7b8aa35d,198,206,2,8,True
distinct_depth_equal,random_increasing,14111,32,2,False,-1,2ef14943e62b4fb2bd9dcf02692bea2c8a6ec1c9b2ee90b3664f367cfb7c98d1,207,215,2,12,True
tensor_coprime,random_increasing,14111,32,2,False,-1,bc3f8e460b38dbacf996d0b0625bbb428659116eba4d1a05f508ede68b274930,235,242,2,21,True
v2_equal,random_increasing,14111,32,2,False,-1,d05b79b4ac2488987cef9913501de846e15a0b49603d7f031eab60458068e916,212,220,2,11,True
v2_parity_equal,random_increasing,14111,32,2,False,-1,8f041bbdd44f761d35f9480fcf9b9c6694694de71a1d168e50f8a6f71f8bcb08,229,238,2,17,True
entropy_increasing,random_increasing,14111,32,2,False,-1,cd89ddfacc0f1fd5aa4fd94d8ae49f695a8b1a420b50cd2eae711cd0dcde5628,244,251,2,31,True
entropy_bin_equal,random_increasing,14111,32,2,False,-1,3510dcf1ba3e0c36aabb507fa732cf5e671e985d0fb9d29c9cd29e198f113994,242,250,2,27,True
ordered_consecutive_tensor_atoms,random_increasing,14111,32,2,False,-1,c6fdcb6230ff364b7bf65092296401a560f77c24869ac6b3beb4b6205f41b31e,157,166,2,2,True
consecutive_run_2,random_increasing,14111,32,2,True,0,a93875fe509ac2fae0e0939d3ec71c4d978244c7398dd7185ca68c393426a5a6,1,1,3,0,True
consecutive_run_3,random_increasing,14111,32,2,True,0,a93875fe509ac2fae0e0939d3ec71c4d978244c7398dd7185ca68c393426a5a6,1,1,3,0,True
consecutive_run_4,random_increasing,14111,32,2,True,0,a93875fe509ac2fae0e0939d3ec71c4d978244c7398dd7185ca68c393426a5a6,1,1,3,0,True
consecutive_run_5,random_increasing,14111,32,2,True,0,a93875fe509ac2fae0e0939d3ec71c4d978244c7398dd7185ca68c393426a5a6,1,1,3,0,True
consecutive_run_6,random_increasing,14111,32,2,True,0,a93875fe509ac2fae0e0939d3ec71c4d978244c7398dd7185ca68c393426a5a6,1,1,3,0,True
consecutive_run_7,random_increasing,14111,32,2,True,0,a93875fe509ac2fae0e0939d3ec71c4d978244c7398dd7185ca68c393426a5a6,1,1,3,0,True
consecutive_run_8,random_increasing,14111,32,2,True,0,a93875fe509ac2fae0e0939d3ec71c4d978244c7398dd7185ca68c393426a5a6,1,1,3,0,True
constant,random_increasing,14112,32,2,False,-1,f3157abdd89543eedba87082426c6191c2e0e9ce3d0ecf27b9d47c347acb29ac,202,207,2,31,True
factor_depth_sum,random_increasing,14112,32,2,False,-1,b7ba2745d8ab2831f1c45eafe89eabb94654ad349436ed8bfa1370735acc8098,146,155,2,1,True
indecomposable_pair,random_increasing,14112,32,2,False,-1,b7ba2745d8ab2831f1c45eafe89eabb94654ad349436ed8bfa1370735acc8098,146,155,2,1,True
factor_depth_equal,random_increasing,14112,32,2,False,-1,288d209cdab794c7e2a468e2ae982774fd962ed90c76af42bb7a52de353fc5db,161,166,2,3,True
distinct_depth_equal,random_increasing,14112,32,2,False,-1,aae0117e638cbf91d1dbefa24e0890c91d7b34aebb58b69c4e5cdee37758e34f,190,195,2,18,True
tensor_coprime,random_increasing,14112,32,2,False,-1,26d56d6359aa8d45eda3ed9160e06939b04feaf202ec67697e6ea828eae4fafe,188,196,2,15,True
v2_equal,random_increasing,14112,32,2,False,-1,e1cbb0bf91edc04c91967c2b4606aabcffc1cb195a15e166bc1d68f3d69a476f,181,186,2,8,True
v2_parity_equal,random_increasing,14112,32,2,False,-1,cd7b2df1690b09e677554743ba65ae483df2f1d38fa64ae563ab359d3909a0b5,195,200,2,16,True
entropy_increasing,random_increasing,14112,32,2,False,-1,f3157abdd89543eedba87082426c6191c2e0e9ce3d0ecf27b9d47c347acb29ac,202,207,2,31,True
entropy_bin_equal,random_increasing,14112,32,2,False,-1,66ceac9cee1b88e41fb78c44d4e8325933b2dce0ceeda553a221da41b4b57169,199,207,2,26,True
ordered_consecutive_tensor_atoms,random_increasing,14112,32,2,True,0,a93875fe509ac2fae0e0939d3ec71c4d978244c7398dd7185ca68c393426a5a6,1,1,3,0,True
consecutive_run_2,random_increasing,14112,32,2,True,0,a93875fe509ac2fae0e0939d3ec71c4d978244c7398dd7185ca68c393426a5a6,1,1,3,0,True
consecutive_run_3,random_increasing,14112,32,2,True,0,a93875fe509ac2fae0e0939d3ec71c4d978244c7398dd7185ca68c393426a5a6,1,1,3,0,True
consecutive_run_4,random_increasing,14112,32,2,True,0,a93875fe509ac2fae0e0939d3ec71c4d978244c7398dd7185ca68c393426a5a6,1,1,3,0,True
consecutive_run_5,random_increasing,14112,32,2,True,0,a93875fe509ac2fae0e0939d3ec71c4d978244c7398dd7185ca68c393426a5a6,1,1,3,0,True
consecutive_run_6,random_increasing,14112,32,2,True,0,a93875fe509ac2fae0e0939d3ec71c4d978244c7398dd7185ca68c393426a5a6,1,1,3,0,True
consecutive_run_7,random_increasing,14112,32,2,True,0,a93875fe509ac2fae0e0939d3ec71c4d978244c7398dd7185ca68c393426a5a6,1,1,3,0,True
consecutive_run_8,random_increasing,14112,32,2,True,0,a93875fe509ac2fae0e0939d3ec71c4d978244c7398dd7185ca68c393426a5a6,1,1,3,0,True
constant,random_increasing,14113,32,2,False,-1,93e1416b2d28dbda680f034dfdfb51e96b4e9b44b5d17068a968b2d585b838ae,212,219,2,31,True
factor_depth_sum,random_increasing,14113,32,2,False,-1,6a14ccd07a2098aea1ebdfd1d001adeff90d6db9da6e5f951811fd28495a3e4e,144,155,2,2,True
indecomposable_pair,random_increasing,14113,32,2,False,-1,6a14ccd07a2098aea1ebdfd1d001adeff90d6db9da6e5f951811fd28495a3e4e,144,155,2,2,True
factor_depth_equal,random_increasing,14113,32,2,False,-1,60345cfbed4194ec2196554fbe0a8d4e1be727bc927cc76a6b6f75b0e0bf5c44,182,189,2,9,True
distinct_depth_equal,random_increasing,14113,32,2,False,-1,172538d4b38373e43a7b37b75827baa29379ed4e72520137fdc105a1a2ee446d,202,209,2,16,True
tensor_coprime,random_increasing,14113,32,2,False,-1,d20559103fda1a83be038e73b7af1734db55e4545d00bb43223cf5e51f3d3fd8,211,219,2,24,True
v2_equal,random_increasing,14113,32,2,False,-1,104d201bdb45719a04283f1f9a88c4926ae759f68659051572e71d961adda147,181,190,2,9,True
v2_parity_equal,random_increasing,14113,32,2,False,-1,450682d07f513d80d71ce67ad9c5d92221fa115cd2d119712dfda15dfba61ae9,204,211,2,19,True
entropy_increasing,random_increasing,14113,32,2,False,-1,93e1416b2d28dbda680f034dfdfb51e96b4e9b44b5d17068a968b2d585b838ae,212,219,2,31,True
entropy_bin_equal,random_increasing,14113,32,2,False,-1,8d998b51e5f4a3b90b796846e85db18321bd7864b83b73cb5ab94cc01152668f,211,217,2,27,True
ordered_consecutive_tensor_atoms,random_increasing,14113,32,2,False,-1,e0930f0133c591d757b1e84496b47121d167e25f4da50ea42c19cb41225dffa0,141,152,2,1,True
consecutive_run_2,random_increasing,14113,32,2,True,0,a93875fe509ac2fae0e0939d3ec71c4d978244c7398dd7185ca68c393426a5a6,1,1,3,0,True
consecutive_run_3,random_increasing,14113,32,2,True,0,a93875fe509ac2fae0e0939d3ec71c4d978244c7398dd7185ca68c393426a5a6,1,1,3,0,True
consecutive_run_4,random_increasing,14113,32,2,True,0,a93875fe509ac2fae0e0939d3ec71c4d978244c7398dd7185ca68c393426a5a6,1,1,3,0,True
consecutive_run_5,random_increasing,14113,32,2,True,0,a93875fe509ac2fae0e0939d3ec71c4d978244c7398dd7185ca68c393426a5a6,1,1,3,0,True
consecutive_run_6,random_increasing,14113,32,2,True,0,a93875fe509ac2fae0e0939d3ec71c4d978244c7398dd7185ca68c393426a5a6,1,1,3,0,True
consecutive_run_7,random_increasing,14113,32,2,True,0,a93875fe509ac2fae0e0939d3ec71c4d978244c7398dd7185ca68c393426a5a6,1,1,3,0,True
consecutive_run_8,random_increasing,14113,32,2,True,0,a93875fe509ac2fae0e0939d3ec71c4d978244c7398dd7185ca68c393426a5a6,1,1,3,0,True
constant,random_increasing,14114,32,2,False,-1,bb0cf912b06a96d119be82fcff2c5d948be819b76f822feb75befe818a2e8fc8,193,199,2,31,True
factor_depth_sum,random_increasing,14114,32,2,True,0,a93875fe509ac2fae0e0939d3ec71c4d978244c7398dd7185ca68c393426a5a6,1,1,4,0,True
indecomposable_pair,random_increasing,14114,32,2,True,0,a93875fe509ac2fae0e0939d3ec71c4d978244c7398dd7185ca68c393426a5a6,1,1,3,0,True
factor_depth_equal,random_increasing,14114,32,2,False,-1,b18ed0f51e01875d3fe3ffc0bf7a24bf2ca46fc4fee513329f7d44acdf1ea897,150,156,2,5,True
distinct_depth_equal,random_increasing,14114,32,2,False,-1,0b258dd0ecb87e506d00151884f24ca91910aad7fa4b64ddeb7974c7a1496d36,157,166,2,8,True
tensor_coprime,random_increasing,14114,32,2,False,-1,31acc5941eec68ae01fa192068fa463f3867c802791e72d6c0d13bea932d4e03,185,192,2,16,True
v2_equal,random_increasing,14114,32,2,False,-1,163a31d494e508a5aaaafd59b524ba95482bb70f7d088e8db51b073a95bca0be,162,168,2,10,True
v2_parity_equal,random_increasing,14114,32,2,False,-1,9c604bd6fa1bd9c9b91e7e6c3050ffac70b11ecb5781c3f484e51f55f1975624,183,189,2,22,True
entropy_increasing,random_increasing,14114,32,2,False,-1,bb0cf912b06a96d119be82fcff2c5d948be819b76f822feb75befe818a2e8fc8,193,199,2,31,True
entropy_bin_equal,random_increasing,14114,32,2,False,-1,756cc92f0694577a0c7dfd52c373650d4651fc6d44500fd616d5dee6d014b80b,192,198,2,26,True
ordered_consecutive_tensor_atoms,random_increasing,14114,32,2,True,0,a93875fe509ac2fae0e0939d3ec71c4d978244c7398dd7185ca68c393426a5a6,1,1,3,0,True
consecutive_run_2,random_increasing,14114,32,2,True,0,a93875fe509ac2fae0e0939d3ec71c4d978244c7398dd7185ca68c393426a5a6,1,1,3,0,True
consecutive_run_3,random_increasing,14114,32,2,True,0,a93875fe509ac2fae0e0939d3ec71c4d978244c7398dd7185ca68c393426a5a6,1,1,3,0,True
consecutive_run_4,random_increasing,14114,32,2,True,0,a93875fe509ac2fae0e0939d3ec71c4d978244c7398dd7185ca68c393426a5a6,1,1,3,0,True
consecutive_run_5,random_increasing,14114,32,2,True,0,a93875fe509ac2fae0e0939d3ec71c4d978244c7398dd7185ca68c393426a5a6,1,1,3,0,True
consecutive_run_6,random_increasing,14114,32,2,True,0,a93875fe509ac2fae0e0939d3ec71c4d978244c7398dd7185ca68c393426a5a6,1,1,3,0,True
consecutive_run_7,random_increasing,14114,32,2,True,0,a93875fe509ac2fae0e0939d3ec71c4d978244c7398dd7185ca68c393426a5a6,1,1,3,0,True
consecutive_run_8,random_increasing,14114,32,2,True,0,a93875fe509ac2fae0e0939d3ec71c4d978244c7398dd7185ca68c393426a5a6,1,1,3,0,True
constant,random_increasing,14115,32,2,False,-1,13d9e535dc7c55fcd1c55eeed0d2b345b6c5dc3a82e3555816cf30d3f3583e4b,197,202,2,31,True
factor_depth_sum,random_increasing,14115,32,2,True,0,a93875fe509ac2fae0e0939d3ec71c4d978244c7398dd7185ca68c393426a5a6,1,1,3,0,True
indecomposable_pair,random_increasing,14115,32,2,True,0,a93875fe509ac2fae0e0939d3ec71c4d978244c7398dd7185ca68c393426a5a6,1,1,3,0,True
factor_depth_equal,random_increasing,14115,32,2,False,-1,f418b5533105ae2725dc950af7f5870669eee3e2ee782f6fd0d0fff18caa8d44,147,155,2,4,True
distinct_depth_equal,random_increasing,14115,32,2,False,-1,3eab953b3ec77fcb9b23bb2536065e34f9f82709810d4faf573ce3a7a4023be1,167,172,2,10,True
tensor_coprime,random_increasing,14115,32,2,False,-1,8f91012fd08f2a90a9ba967db345b2a9cef25d66e1a24f99f5b550fef1d08c3f,195,201,2,19,True
v2_equal,random_increasing,14115,32,2,False,-1,3d0dfdf06d91ed358b25c126aeedcbfb4b2c7b84fc5a60a8a1de767d0ffadf31,167,176,2,6,True
v2_parity_equal,random_increasing,14115,32,2,False,-1,24b70a6df2e256441c09f0d0d7322b53897d812431669f4669e970324b006cef,186,192,2,14,True
entropy_increasing,random_increasing,14115,32,2,False,-1,13d9e535dc7c55fcd1c55eeed0d2b345b6c5dc3a82e3555816cf30d3f3583e4b,197,202,2,31,True
entropy_bin_equal,random_increasing,14115,32,2,False,-1,3d26c3a97700f9c2f858feb61a86240d4f6ccfbefb08e86bcc9680dbd5de4d32,197,202,2,26,True
ordered_consecutive_tensor_atoms,random_increasing,14115,32,2,True,0,a93875fe509ac2fae0e0939d3ec71c4d978244c7398dd7185ca68c393426a5a6,1,1,3,0,True
consecutive_run_2,random_increasing,14115,32,2,True,0,a93875fe509ac2fae0e0939d3ec71c4d978244c7398dd7185ca68c393426a5a6,1,1,3,0,True
consecutive_run_3,random_increasing,14115,32,2,True,0,a93875fe509ac2fae0e0939d3ec71c4d978244c7398dd7185ca68c393426a5a6,1,1,3,0,True
consecutive_run_4,random_increasing,14115,32,2,True,0,a93875fe509ac2fae0e0939d3ec71c4d978244c7398dd7185ca68c393426a5a6,1,1,3,0,True
consecutive_run_5,random_increasing,14115,32,2,True,0,a93875fe509ac2fae0e0939d3ec71c4d978244c7398dd7185ca68c393426a5a6,1,1,3,0,True
consecutive_run_6,random_increasing,14115,32,2,True,0,a93875fe509ac2fae0e0939d3ec71c4d978244c7398dd7185ca68c393426a5a6,1,1,3,0,True
consecutive_run_7,random_increasing,14115,32,2,True,0,a93875fe509ac2fae0e0939d3ec71c4d978244c7398dd7185ca68c393426a5a6,1,1,3,0,True
consecutive_run_8,random_increasing,14115,32,2,True,0,a93875fe509ac2fae0e0939d3ec71c4d978244c7398dd7185ca68c393426a5a6,1,1,3,0,True
constant,prefix_preserving_shuffle,12,32,2,False,-1,51c043b4e85f075b38b9b32ebd6494a26663b99323debf2610f15df22efa5d43,178,180,2,31,True
factor_depth_sum,prefix_preserving_shuffle,12,32,2,False,-1,51c043b4e85f075b38b9b32ebd6494a26663b99323debf2610f15df22efa5d43,178,180,2,31,True
indecomposable_pair,prefix_preserving_shuffle,12,32,2,False,-1,51c043b4e85f075b38b9b32ebd6494a26663b99323debf2610f15df22efa5d43,178,180,2,31,True
factor_depth_equal,prefix_preserving_shuffle,12,32,2,False,-1,51c043b4e85f075b38b9b32ebd6494a26663b99323debf2610f15df22efa5d43,178,180,2,31,True
distinct_depth_equal,prefix_preserving_shuffle,12,32,2,False,-1,51c043b4e85f075b38b9b32ebd6494a26663b99323debf2610f15df22efa5d43,178,180,2,31,True
tensor_coprime,prefix_preserving_shuffle,12,32,2,False,-1,51c043b4e85f075b38b9b32ebd6494a26663b99323debf2610f15df22efa5d43,178,180,2,31,True
v2_equal,prefix_preserving_shuffle,12,32,2,False,-1,7ca0f46e070054a3f188e820726cac3d091a4e7132e22f86086784ec9c6a133b,177,180,2,30,True
v2_parity_equal,prefix_preserving_shuffle,12,32,2,False,-1,7ca0f46e070054a3f188e820726cac3d091a4e7132e22f86086784ec9c6a133b,177,180,2,30,True
entropy_increasing,prefix_preserving_shuffle,12,32,2,False,-1,50bfc06306a567729993f77ea9ce3f8515d1cb702c65ecbe22b23d7006c9c876,108,110,2,12,True
entropy_bin_equal,prefix_preserving_shuffle,12,32,2,False,-1,2b376666e35c8342fa9091e6696710eb2dd43ff24650102eb9587621a3842af8,175,177,2,24,True
ordered_consecutive_tensor_atoms,prefix_preserving_shuffle,12,32,2,False,-1,bbd36bba2e7e3fb6f6f21b16f44f225d24c3d9d45f07e925c280b8085b75016e,108,110,2,11,True
consecutive_run_2,prefix_preserving_shuffle,12,32,2,False,-1,6ce3a267631f588fbc2a7f70b52d9828737458d7a9950f659e8a74d1f43647cd,107,110,2,10,True
consecutive_run_3,prefix_preserving_shuffle,12,32,2,False,-1,5e05485607e1cd281ed7ac84924b37e2e056ade01f3b2bb1ae6828aa5b635e0c,104,108,2,9,True
consecutive_run_4,prefix_preserving_shuffle,12,32,2,False,-1,ea69248210f621623546475ab3a6bf84c196014635cbcf90266d38328fe6e88c,103,107,2,8,True
consecutive_run_5,prefix_preserving_shuffle,12,32,2,False,-1,36421c68aa0292b06c89e272a7780df2eeb638865da8c5046fc4f61d5034f80f,99,104,2,7,True
consecutive_run_6,prefix_preserving_shuffle,12,32,2,False,-1,23975aa2c3936d5da9dce7a534631fd38771a5604604a415ad24abb42b1d0173,96,101,2,6,True
consecutive_run_7,prefix_preserving_shuffle,12,32,2,False,-1,f54836a2bb9906e8ce5fc6e2ea6dc175b5ad35f3d0973fca513a6561a488c7dd,99,105,2,5,True
consecutive_run_8,prefix_preserving_shuffle,12,32,2,False,-1,db1c792eaef66437e53354c3e627f154d67212a8f8635e1863a9cbc898918eab,96,102,2,4,True
constant,block_preserving_shuffle,12,32,2,False,-1,4fc90a1ec28d992ad0ce557aab53fdbcb83ea20bca7d84d5097da4fac803063f,178,180,2,31,True
factor_depth_sum,block_preserving_shuffle,12,32,2,False,-1,4fc90a1ec28d992ad0ce557aab53fdbcb83ea20bca7d84d5097da4fac803063f,178,180,2,31,True
indecomposable_pair,block_preserving_shuffle,12,32,2,False,-1,4fc90a1ec28d992ad0ce557aab53fdbcb83ea20bca7d84d5097da4fac803063f,178,180,2,31,True
factor_depth_equal,block_preserving_shuffle,12,32,2,False,-1,4fc90a1ec28d992ad0ce557aab53fdbcb83ea20bca7d84d5097da4fac803063f,178,180,2,31,True
distinct_depth_equal,block_preserving_shuffle,12,32,2,False,-1,4fc90a1ec28d992ad0ce557aab53fdbcb83ea20bca7d84d5097da4fac803063f,178,180,2,31,True
tensor_coprime,block_preserving_shuffle,12,32,2,False,-1,4fc90a1ec28d992ad0ce557aab53fdbcb83ea20bca7d84d5097da4fac803063f,178,180,2,31,True
v2_equal,block_preserving_shuffle,12,32,2,False,-1,0203169f00fd55df7568969767a842d579a2ec398ebc7171259cb85cd996b7e0,177,180,2,29,True
v2_parity_equal,block_preserving_shuffle,12,32,2,False,-1,0203169f00fd55df7568969767a842d579a2ec398ebc7171259cb85cd996b7e0,177,180,2,29,True
entropy_increasing,block_preserving_shuffle,12,32,2,False,-1,811686af1f7269e8c49a2d4f741ab35224278e5b4f493bafa824e8e798027a2f,178,180,2,30,True
entropy_bin_equal,block_preserving_shuffle,12,32,2,False,-1,2b376666e35c8342fa9091e6696710eb2dd43ff24650102eb9587621a3842af8,175,177,2,24,True
ordered_consecutive_tensor_atoms,block_preserving_shuffle,12,32,2,False,-1,811686af1f7269e8c49a2d4f741ab35224278e5b4f493bafa824e8e798027a2f,178,180,2,30,True
consecutive_run_2,block_preserving_shuffle,12,32,2,False,-1,4c612a1b924765dc6624a5d51091397277fdc6553c41d2d590a16efcaf461d96,174,177,2,28,True
consecutive_run_3,block_preserving_shuffle,12,32,2,False,-1,f79573e7a6f549c627c8da6616c29ff7da1137b03fb8b9d06b3dcd8e275b6ebf,167,171,2,26,True
consecutive_run_4,block_preserving_shuffle,12,32,2,False,-1,675d68aadb4ee587d252a9338ef15c2e1c43c1cb6d26c15854961b27dbb01015,162,166,2,24,True
consecutive_run_5,block_preserving_shuffle,12,32,2,False,-1,bc331798a9f48a025af485f6cc0c599a4cb508a0be1ae6d8993e68ba0195efe9,157,162,2,22,True
consecutive_run_6,block_preserving_shuffle,12,32,2,False,-1,4533fdbf21071428e5fde680f8e2b2db97383c1306e673dbbf8953057c032d2c,153,158,2,20,True
consecutive_run_7,block_preserving_shuffle,12,32,2,False,-1,ee5a831e0c5984a72e0e825cb832f8f35d4379c2320feeebae5cea7f06d50096,149,155,2,18,True
consecutive_run_8,block_preserving_shuffle,12,32,2,False,-1,46edea083fc4eb1332b96df62fc2afffd5034ad2a8bc72c1d1dd510b974b938f,144,150,2,16,True
constant,tensor_primes,primary,64,2,False,-1,f0872bd81b4ab80fbdbe0575cd4be8908a29cf3f55e4e23a28676dda23c69099,453,455,2,63,True
factor_depth_sum,tensor_primes,primary,64,2,False,-1,f0872bd81b4ab80fbdbe0575cd4be8908a29cf3f55e4e23a28676dda23c69099,453,455,2,63,True
indecomposable_pair,tensor_primes,primary,64,2,False,-1,f0872bd81b4ab80fbdbe0575cd4be8908a29cf3f55e4e23a28676dda23c69099,453,455,2,63,True
factor_depth_equal,tensor_primes,primary,64,2,False,-1,f0872bd81b4ab80fbdbe0575cd4be8908a29cf3f55e4e23a28676dda23c69099,453,455,2,63,True
distinct_depth_equal,tensor_primes,primary,64,2,False,-1,f0872bd81b4ab80fbdbe0575cd4be8908a29cf3f55e4e23a28676dda23c69099,453,455,2,63,True
tensor_coprime,tensor_primes,primary,64,2,False,-1,f0872bd81b4ab80fbdbe0575cd4be8908a29cf3f55e4e23a28676dda23c69099,453,455,2,63,True
v2_equal,tensor_primes,primary,64,2,False,-1,42383ad57866564e1f2f1b3434a11ced40e369ef270f9264f9d70c0996667d48,452,455,2,62,True
v2_parity_equal,tensor_primes,primary,64,2,False,-1,42383ad57866564e1f2f1b3434a11ced40e369ef270f9264f9d70c0996667d48,452,455,2,62,True
entropy_increasing,tensor_primes,primary,64,2,False,-1,f0872bd81b4ab80fbdbe0575cd4be8908a29cf3f55e4e23a28676dda23c69099,453,455,2,63,True
entropy_bin_equal,tensor_primes,primary,64,2,False,-1,1a7cc40824d8a93809dc7e419594811998b53dbab51e3b11b3d1d78682bf179a,455,458,2,56,True
ordered_consecutive_tensor_atoms,tensor_primes,primary,64,2,False,-1,f0872bd81b4ab80fbdbe0575cd4be8908a29cf3f55e4e23a28676dda23c69099,453,455,2,63,True
consecutive_run_2,tensor_primes,primary,64,2,False,-1,42383ad57866564e1f2f1b3434a11ced40e369ef270f9264f9d70c0996667d48,452,455,2,62,True
consecutive_run_3,tensor_primes,primary,64,2,False,-1,6c6bba2f0a79a2ceb2cd475bf78e355ab33d5a9ee6b090b1a0d2e6542cea7686,451,454,2,61,True
consecutive_run_4,tensor_primes,primary,64,2,False,-1,35698b909038608399abde711214987f1c25a4c741b5761215cb0faaafd45949,449,453,2,60,True
consecutive_run_5,tensor_primes,primary,64,2,False,-1,f733204ce3d9c23159ffe366a51bf8dff66e9e2785ad9fb338705ca1eb340917,447,452,2,59,True
consecutive_run_6,tensor_primes,primary,64,2,False,-1,d6743558633d2db3081173e25acefae758a57db440caa915ac80567f8bbb5dfc,447,452,2,58,True
consecutive_run_7,tensor_primes,primary,64,2,False,-1,53c4df6d8fa0a14b6c0c2ee3c1c2d02d7d0d8aa21575304b7a1b9f3474b818f9,446,452,2,57,True
consecutive_run_8,tensor_primes,primary,64,2,False,-1,1d7f951343848f643cab26f53af400ccbfa19be4ef466cd6226cfc6845deeb41,444,450,2,56,True
constant,composites,deterministic,64,2,False,-1,6741f252cf9432fde3490cb4e47b810f20547fda191e579bf70d66a7382d844c,230,234,2,63,True
factor_depth_sum,composites,deterministic,64,2,True,0,a93875fe509ac2fae0e0939d3ec71c4d978244c7398dd7185ca68c393426a5a6,1,1,4,0,True
indecomposable_pair,composites,deterministic,64,2,True,0,a93875fe509ac2fae0e0939d3ec71c4d978244c7398dd7185ca68c393426a5a6,1,1,3,0,True
factor_depth_equal,composites,deterministic,64,2,False,-1,1e21f7ed0a7cf19291dbde8ad8a88f9b5db0147277b7f8fd09b764e6bcd3cdfa,216,219,2,18,True
distinct_depth_equal,composites,deterministic,64,2,False,-1,d104a6e03dcde1a06443e4d59f23917239b81a2d77269ace678935795fb31b64,222,226,2,33,True
tensor_coprime,composites,deterministic,64,2,False,-1,d7b71890a3b18d34ffde678e015f92a2450e56955fb98b45c528148d602ed1d6,228,233,2,42,True
v2_equal,composites,deterministic,64,2,True,0,a93875fe509ac2fae0e0939d3ec71c4d978244c7398dd7185ca68c393426a5a6,1,1,3,0,True
v2_parity_equal,composites,deterministic,64,2,False,-1,66a60228da105b7d4e5438639a5dd146d873642819ccf4f110411ba7c9ae51d6,217,221,2,20,True
entropy_increasing,composites,deterministic,64,2,False,-1,6741f252cf9432fde3490cb4e47b810f20547fda191e579bf70d66a7382d844c,230,234,2,63,True
entropy_bin_equal,composites,deterministic,64,2,False,-1,69598254e21f47c648b8608793b3ba290f8544391338b8d9d8fcc9e995ae974a,231,234,2,59,True
ordered_consecutive_tensor_atoms,composites,deterministic,64,2,True,0,a93875fe509ac2fae0e0939d3ec71c4d978244c7398dd7185ca68c393426a5a6,1,1,3,0,True
consecutive_run_2,composites,deterministic,64,2,True,0,a93875fe509ac2fae0e0939d3ec71c4d978244c7398dd7185ca68c393426a5a6,1,1,3,0,True
consecutive_run_3,composites,deterministic,64,2,True,0,a93875fe509ac2fae0e0939d3ec71c4d978244c7398dd7185ca68c393426a5a6,1,1,3,0,True
consecutive_run_4,composites,deterministic,64,2,True,0,a93875fe509ac2fae0e0939d3ec71c4d978244c7398dd7185ca68c393426a5a6,1,1,3,0,True
consecutive_run_5,composites,deterministic,64,2,True,0,a93875fe509ac2fae0e0939d3ec71c4d978244c7398dd7185ca68c393426a5a6,1,1,3,0,True
consecutive_run_6,composites,deterministic,64,2,True,0,a93875fe509ac2fae0e0939d3ec71c4d978244c7398dd7185ca68c393426a5a6,1,1,3,0,True
consecutive_run_7,composites,deterministic,64,2,True,0,a93875fe509ac2fae0e0939d3ec71c4d978244c7398dd7185ca68c393426a5a6,1,1,3,0,True
consecutive_run_8,composites,deterministic,64,2,True,0,a93875fe509ac2fae0e0939d3ec71c4d978244c7398dd7185ca68c393426a5a6,1,1,3,0,True
constant,shuffled_primes,14000,64,2,False,-1,d96f349ca1bda08ce90eef435b5efe4a8ecaf88e04175acd25cafecfe313f14b,460,463,2,63,True
factor_depth_sum,shuffled_primes,14000,64,2,False,-1,d96f349ca1bda08ce90eef435b5efe4a8ecaf88e04175acd25cafecfe313f14b,460,463,2,63,True
indecomposable_pair,shuffled_primes,14000,64,2,False,-1,d96f349ca1bda08ce90eef435b5efe4a8ecaf88e04175acd25cafecfe313f14b,460,463,2,63,True
factor_depth_equal,shuffled_primes,14000,64,2,False,-1,d96f349ca1bda08ce90eef435b5efe4a8ecaf88e04175acd25cafecfe313f14b,460,463,2,63,True
distinct_depth_equal,shuffled_primes,14000,64,2,False,-1,d96f349ca1bda08ce90eef435b5efe4a8ecaf88e04175acd25cafecfe313f14b,460,463,2,63,True
tensor_coprime,shuffled_primes,14000,64,2,False,-1,d96f349ca1bda08ce90eef435b5efe4a8ecaf88e04175acd25cafecfe313f14b,460,463,2,63,True
v2_equal,shuffled_primes,14000,64,2,False,-1,58cdadd2455dba9ac926afeee6b273e4883980e5aab676d323a42fe93a2a4e83,460,463,2,61,True
v2_parity_equal,shuffled_primes,14000,64,2,False,-1,58cdadd2455dba9ac926afeee6b273e4883980e5aab676d323a42fe93a2a4e83,460,463,2,61,True
entropy_increasing,shuffled_primes,14000,64,2,False,-1,f1ebe42773055d146d88181c594e301652ee6fd85010456b2bcf034db3719729,430,432,2,33,True
entropy_bin_equal,shuffled_primes,14000,64,2,False,-1,2d8877552e8726e2fc25bd236ecc4169a9facf161c34a142766ac8de01634556,326,333,2,15,True
ordered_consecutive_tensor_atoms,shuffled_primes,14000,64,2,False,-1,e08a8cb9951f2fe78a5057e544a5cf96ba3cf0b9413c3407ad62ff63f2fd07f6,218,228,2,1,True
consecutive_run_2,shuffled_primes,14000,64,2,True,0,a93875fe509ac2fae0e0939d3ec71c4d978244c7398dd7185ca68c393426a5a6,1,1,3,0,True
consecutive_run_3,shuffled_primes,14000,64,2,True,0,a93875fe509ac2fae0e0939d3ec71c4d978244c7398dd7185ca68c393426a5a6,1,1,3,0,True
consecutive_run_4,shuffled_primes,14000,64,2,True,0,a93875fe509ac2fae0e0939d3ec71c4d978244c7398dd7185ca68c393426a5a6,1,1,3,0,True
consecutive_run_5,shuffled_primes,14000,64,2,True,0,a93875fe509ac2fae0e0939d3ec71c4d978244c7398dd7185ca68c393426a5a6,1,1,3,0,True
consecutive_run_6,shuffled_primes,14000,64,2,True,0,a93875fe509ac2fae0e0939d3ec71c4d978244c7398dd7185ca68c393426a5a6,1,1,3,0,True
consecutive_run_7,shuffled_primes,14000,64,2,True,0,a93875fe509ac2fae0e0939d3ec71c4d978244c7398dd7185ca68c393426a5a6,1,1,3,0,True
consecutive_run_8,shuffled_primes,14000,64,2,True,0,a93875fe509ac2fae0e0939d3ec71c4d978244c7398dd7185ca68c393426a5a6,1,1,3,0,True
constant,shuffled_primes,14001,64,2,False,-1,78f2c0b055dd63ec7d411e97b1fc438fd76a98271be90f6c4ce5ec7173733d07,453,455,2,63,True
factor_depth_sum,shuffled_primes,14001,64,2,False,-1,78f2c0b055dd63ec7d411e97b1fc438fd76a98271be90f6c4ce5ec7173733d07,453,455,2,63,True
indecomposable_pair,shuffled_primes,14001,64,2,False,-1,78f2c0b055dd63ec7d411e97b1fc438fd76a98271be90f6c4ce5ec7173733d07,453,455,2,63,True
factor_depth_equal,shuffled_primes,14001,64,2,False,-1,78f2c0b055dd63ec7d411e97b1fc438fd76a98271be90f6c4ce5ec7173733d07,453,455,2,63,True
distinct_depth_equal,shuffled_primes,14001,64,2,False,-1,78f2c0b055dd63ec7d411e97b1fc438fd76a98271be90f6c4ce5ec7173733d07,453,455,2,63,True
tensor_coprime,shuffled_primes,14001,64,2,False,-1,78f2c0b055dd63ec7d411e97b1fc438fd76a98271be90f6c4ce5ec7173733d07,453,455,2,63,True
v2_equal,shuffled_primes,14001,64,2,False,-1,2322897af6403092e3bf889fa1e61d5a4dff7aed1858eea17a7d1429b892509c,452,455,2,61,True
v2_parity_equal,shuffled_primes,14001,64,2,False,-1,2322897af6403092e3bf889fa1e61d5a4dff7aed1858eea17a7d1429b892509c,452,455,2,61,True
entropy_increasing,shuffled_primes,14001,64,2,False,-1,f8bd5c89994ad5a780aae371ce5cb4eee0b654b6262f6d70a571d1a480f6d6c8,414,417,2,32,True
entropy_bin_equal,shuffled_primes,14001,64,2,False,-1,1af576f207bc430e192215aeed022b925309d3d9e970fc167af45ba8d73ac554,301,307,2,11,True
ordered_consecutive_tensor_atoms,shuffled_primes,14001,64,2,False,-1,23821239db30bc21000e8a25f2ea425123d4d1d4af814252cb4c906111cdc94d,213,219,2,1,True
consecutive_run_2,shuffled_primes,14001,64,2,True,0,a93875fe509ac2fae0e0939d3ec71c4d978244c7398dd7185ca68c393426a5a6,1,1,3,0,True
consecutive_run_3,shuffled_primes,14001,64,2,True,0,a93875fe509ac2fae0e0939d3ec71c4d978244c7398dd7185ca68c393426a5a6,1,1,3,0,True
consecutive_run_4,shuffled_primes,14001,64,2,True,0,a93875fe509ac2fae0e0939d3ec71c4d978244c7398dd7185ca68c393426a5a6,1,1,3,0,True
consecutive_run_5,shuffled_primes,14001,64,2,True,0,a93875fe509ac2fae0e0939d3ec71c4d978244c7398dd7185ca68c393426a5a6,1,1,3,0,True
consecutive_run_6,shuffled_primes,14001,64,2,True,0,a93875fe509ac2fae0e0939d3ec71c4d978244c7398dd7185ca68c393426a5a6,1,1,3,0,True
consecutive_run_7,shuffled_primes,14001,64,2,True,0,a93875fe509ac2fae0e0939d3ec71c4d978244c7398dd7185ca68c393426a5a6,1,1,3,0,True
consecutive_run_8,shuffled_primes,14001,64,2,True,0,a93875fe509ac2fae0e0939d3ec71c4d978244c7398dd7185ca68c393426a5a6,1,1,3,0,True
constant,shuffled_primes,14002,64,2,False,-1,42614326845e82b9f1b6e64270f8f0e2824fc8722c2f41bf59971db089d8f696,454,456,2,63,True
factor_depth_sum,shuffled_primes,14002,64,2,False,-1,42614326845e82b9f1b6e64270f8f0e2824fc8722c2f41bf59971db089d8f696,454,456,2,63,True
indecomposable_pair,shuffled_primes,14002,64,2,False,-1,42614326845e82b9f1b6e64270f8f0e2824fc8722c2f41bf59971db089d8f696,454,456,2,63,True
factor_depth_equal,shuffled_primes,14002,64,2,False,-1,42614326845e82b9f1b6e64270f8f0e2824fc8722c2f41bf59971db089d8f696,454,456,2,63,True
distinct_depth_equal,shuffled_primes,14002,64,2,False,-1,42614326845e82b9f1b6e64270f8f0e2824fc8722c2f41bf59971db089d8f696,454,456,2,63,True
tensor_coprime,shuffled_primes,14002,64,2,False,-1,42614326845e82b9f1b6e64270f8f0e2824fc8722c2f41bf59971db089d8f696,454,456,2,63,True
v2_equal,shuffled_primes,14002,64,2,False,-1,2c76bf348d43c27ad22a558ecccd18b5346ee6423aece7966818d4e4e85ee5db,453,456,2,61,True
v2_parity_equal,shuffled_primes,14002,64,2,False,-1,2c76bf348d43c27ad22a558ecccd18b5346ee6423aece7966818d4e4e85ee5db,453,456,2,61,True
entropy_increasing,shuffled_primes,14002,64,2,False,-1,d97dda82fd9672a37ed301189d2bcb0663106803bf00e98edf7ee1635b141557,424,427,2,32,True
entropy_bin_equal,shuffled_primes,14002,64,2,False,-1,ba75789d04c93f743a364ceb31d7612927e0726331874e83e013192daf2bf82f,340,348,2,14,True
ordered_consecutive_tensor_atoms,shuffled_primes,14002,64,2,False,-1,8b341a1f5dcc990c73a14efd52c272755b07c1ab43c1d34b155d97b579ebf82c,216,224,2,1,True
consecutive_run_2,shuffled_primes,14002,64,2,True,0,a93875fe509ac2fae0e0939d3ec71c4d978244c7398dd7185ca68c393426a5a6,1,1,3,0,True
consecutive_run_3,shuffled_primes,14002,64,2,True,0,a93875fe509ac2fae0e0939d3ec71c4d978244c7398dd7185ca68c393426a5a6,1,1,3,0,True
consecutive_run_4,shuffled_primes,14002,64,2,True,0,a93875fe509ac2fae0e0939d3ec71c4d978244c7398dd7185ca68c393426a5a6,1,1,3,0,True
consecutive_run_5,shuffled_primes,14002,64,2,True,0,a93875fe509ac2fae0e0939d3ec71c4d978244c7398dd7185ca68c393426a5a6,1,1,3,0,True
consecutive_run_6,shuffled_primes,14002,64,2,True,0,a93875fe509ac2fae0e0939d3ec71c4d978244c7398dd7185ca68c393426a5a6,1,1,3,0,True
consecutive_run_7,shuffled_primes,14002,64,2,True,0,a93875fe509ac2fae0e0939d3ec71c4d978244c7398dd7185ca68c393426a5a6,1,1,3,0,True
consecutive_run_8,shuffled_primes,14002,64,2,True,0,a93875fe509ac2fae0e0939d3ec71c4d978244c7398dd7185ca68c393426a5a6,1,1,3,0,True
constant,shuffled_primes,14003,64,2,False,-1,9a2554cab6ecd0a720ea5543f7d6a5492811fad47286626eec2e8a29cf9a02f8,454,456,2,63,True
factor_depth_sum,shuffled_primes,14003,64,2,False,-1,9a2554cab6ecd0a720ea5543f7d6a5492811fad47286626eec2e8a29cf9a02f8,454,456,2,63,True
indecomposable_pair,shuffled_primes,14003,64,2,False,-1,9a2554cab6ecd0a720ea5543f7d6a5492811fad47286626eec2e8a29cf9a02f8,454,456,2,63,True
factor_depth_equal,shuffled_primes,14003,64,2,False,-1,9a2554cab6ecd0a720ea5543f7d6a5492811fad47286626eec2e8a29cf9a02f8,454,456,2,63,True
distinct_depth_equal,shuffled_primes,14003,64,2,False,-1,9a2554cab6ecd0a720ea5543f7d6a5492811fad47286626eec2e8a29cf9a02f8,454,456,2,63,True
tensor_coprime,shuffled_primes,14003,64,2,False,-1,9a2554cab6ecd0a720ea5543f7d6a5492811fad47286626eec2e8a29cf9a02f8,454,456,2,63,True
v2_equal,shuffled_primes,14003,64,2,False,-1,0b9d33ac4c62ee30b26f57102d245fd8ad5e80f89aa3a28b3b37d55a49316989,453,456,2,61,True
v2_parity_equal,shuffled_primes,14003,64,2,False,-1,0b9d33ac4c62ee30b26f57102d245fd8ad5e80f89aa3a28b3b37d55a49316989,453,456,2,61,True
entropy_increasing,shuffled_primes,14003,64,2,False,-1,cfd442ded316de4530944b8da86c857b4b8247c9efa0fc468b6234eaf2bc526b,417,420,2,30,True
entropy_bin_equal,shuffled_primes,14003,64,2,False,-1,44f1eacf3ed89cd45ab266f7a4053c57378065dff4611fba09ec983cd7157b34,311,320,2,10,True
ordered_consecutive_tensor_atoms,shuffled_primes,14003,64,2,True,0,a93875fe509ac2fae0e0939d3ec71c4d978244c7398dd7185ca68c393426a5a6,1,1,3,0,True
consecutive_run_2,shuffled_primes,14003,64,2,True,0,a93875fe509ac2fae0e0939d3ec71c4d978244c7398dd7185ca68c393426a5a6,1,1,3,0,True
consecutive_run_3,shuffled_primes,14003,64,2,True,0,a93875fe509ac2fae0e0939d3ec71c4d978244c7398dd7185ca68c393426a5a6,1,1,3,0,True
consecutive_run_4,shuffled_primes,14003,64,2,True,0,a93875fe509ac2fae0e0939d3ec71c4d978244c7398dd7185ca68c393426a5a6,1,1,3,0,True
consecutive_run_5,shuffled_primes,14003,64,2,True,0,a93875fe509ac2fae0e0939d3ec71c4d978244c7398dd7185ca68c393426a5a6,1,1,3,0,True
consecutive_run_6,shuffled_primes,14003,64,2,True,0,a93875fe509ac2fae0e0939d3ec71c4d978244c7398dd7185ca68c393426a5a6,1,1,3,0,True
consecutive_run_7,shuffled_primes,14003,64,2,True,0,a93875fe509ac2fae0e0939d3ec71c4d978244c7398dd7185ca68c393426a5a6,1,1,3,0,True
consecutive_run_8,shuffled_primes,14003,64,2,True,0,a93875fe509ac2fae0e0939d3ec71c4d978244c7398dd7185ca68c393426a5a6,1,1,3,0,True
constant,shuffled_primes,14004,64,2,False,-1,d647e9974103671c1c0c1da654253328a0784cd9e5197d146f4ec93a0ab8eb3c,454,456,2,63,True
factor_depth_sum,shuffled_primes,14004,64,2,False,-1,d647e9974103671c1c0c1da654253328a0784cd9e5197d146f4ec93a0ab8eb3c,454,456,2,63,True
indecomposable_pair,shuffled_primes,14004,64,2,False,-1,d647e9974103671c1c0c1da654253328a0784cd9e5197d146f4ec93a0ab8eb3c,454,456,2,63,True
factor_depth_equal,shuffled_primes,14004,64,2,False,-1,d647e9974103671c1c0c1da654253328a0784cd9e5197d146f4ec93a0ab8eb3c,454,456,2,63,True
distinct_depth_equal,shuffled_primes,14004,64,2,False,-1,d647e9974103671c1c0c1da654253328a0784cd9e5197d146f4ec93a0ab8eb3c,454,456,2,63,True
tensor_coprime,shuffled_primes,14004,64,2,False,-1,d647e9974103671c1c0c1da654253328a0784cd9e5197d146f4ec93a0ab8eb3c,454,456,2,63,True
v2_equal,shuffled_primes,14004,64,2,False,-1,af845465ebf5da16bc140df16782ca5f7e77e71ab127dbc852f4b9984fdf3e3f,453,456,2,61,True
v2_parity_equal,shuffled_primes,14004,64,2,False,-1,af845465ebf5da16bc140df16782ca5f7e77e71ab127dbc852f4b9984fdf3e3f,453,456,2,61,True
entropy_increasing,shuffled_primes,14004,64,2,False,-1,9c780c9b66bbe0fb193c6ca780e36ef844983ba90e0d57d84c5dbbeb61572df5,415,418,2,29,True
entropy_bin_equal,shuffled_primes,14004,64,2,False,-1,4f8d3bb5cdb963a3cd100dc7c0f0ef0243e4b4c34d7689364cc551a508e639d5,308,316,2,11,True
ordered_consecutive_tensor_atoms,shuffled_primes,14004,64,2,True,0,a93875fe509ac2fae0e0939d3ec71c4d978244c7398dd7185ca68c393426a5a6,1,1,3,0,True
consecutive_run_2,shuffled_primes,14004,64,2,True,0,a93875fe509ac2fae0e0939d3ec71c4d978244c7398dd7185ca68c393426a5a6,1,1,3,0,True
consecutive_run_3,shuffled_primes,14004,64,2,True,0,a93875fe509ac2fae0e0939d3ec71c4d978244c7398dd7185ca68c393426a5a6,1,1,3,0,True
consecutive_run_4,shuffled_primes,14004,64,2,True,0,a93875fe509ac2fae0e0939d3ec71c4d978244c7398dd7185ca68c393426a5a6,1,1,3,0,True
consecutive_run_5,shuffled_primes,14004,64,2,True,0,a93875fe509ac2fae0e0939d3ec71c4d978244c7398dd7185ca68c393426a5a6,1,1,3,0,True
consecutive_run_6,shuffled_primes,14004,64,2,True,0,a93875fe509ac2fae0e0939d3ec71c4d978244c7398dd7185ca68c393426a5a6,1,1,3,0,True
consecutive_run_7,shuffled_primes,14004,64,2,True,0,a93875fe509ac2fae0e0939d3ec71c4d978244c7398dd7185ca68c393426a5a6,1,1,3,0,True
consecutive_run_8,shuffled_primes,14004,64,2,True,0,a93875fe509ac2fae0e0939d3ec71c4d978244c7398dd7185ca68c393426a5a6,1,1,3,0,True
constant,shuffled_primes,14005,64,2,False,-1,16eae51f841d2b4ce57eed59a39eab4038d1357ceea58d1e9c96b6b2de2432b7,454,456,2,63,True
factor_depth_sum,shuffled_primes,14005,64,2,False,-1,16eae51f841d2b4ce57eed59a39eab4038d1357ceea58d1e9c96b6b2de2432b7,454,456,2,63,True
indecomposable_pair,shuffled_primes,14005,64,2,False,-1,16eae51f841d2b4ce57eed59a39eab4038d1357ceea58d1e9c96b6b2de2432b7,454,456,2,63,True
factor_depth_equal,shuffled_primes,14005,64,2,False,-1,16eae51f841d2b4ce57eed59a39eab4038d1357ceea58d1e9c96b6b2de2432b7,454,456,2,63,True
distinct_depth_equal,shuffled_primes,14005,64,2,False,-1,16eae51f841d2b4ce57eed59a39eab4038d1357ceea58d1e9c96b6b2de2432b7,454,456,2,63,True
tensor_coprime,shuffled_primes,14005,64,2,False,-1,16eae51f841d2b4ce57eed59a39eab4038d1357ceea58d1e9c96b6b2de2432b7,454,456,2,63,True
v2_equal,shuffled_primes,14005,64,2,False,-1,7f295ba7694c6d4ca2101d78861877528c63848183ec84ed73722c2eabae3a12,453,456,2,61,True
v2_parity_equal,shuffled_primes,14005,64,2,False,-1,7f295ba7694c6d4ca2101d78861877528c63848183ec84ed73722c2eabae3a12,453,456,2,61,True
entropy_increasing,shuffled_primes,14005,64,2,False,-1,da52fcd9a7f4be24272b0887379cd46796b065a498e1fade8b7141d9f26917c2,402,405,2,24,True
entropy_bin_equal,shuffled_primes,14005,64,2,False,-1,955e90f8081a5139ac67834f11d3dfdbbc2c9903450bb51163b03d43629bbcc6,301,309,2,11,True
ordered_consecutive_tensor_atoms,shuffled_primes,14005,64,2,True,0,a93875fe509ac2fae0e0939d3ec71c4d978244c7398dd7185ca68c393426a5a6,1,1,3,0,True
consecutive_run_2,shuffled_primes,14005,64,2,True,0,a93875fe509ac2fae0e0939d3ec71c4d978244c7398dd7185ca68c393426a5a6,1,1,3,0,True
consecutive_run_3,shuffled_primes,14005,64,2,True,0,a93875fe509ac2fae0e0939d3ec71c4d978244c7398dd7185ca68c393426a5a6,1,1,3,0,True
consecutive_run_4,shuffled_primes,14005,64,2,True,0,a93875fe509ac2fae0e0939d3ec71c4d978244c7398dd7185ca68c393426a5a6,1,1,3,0,True
consecutive_run_5,shuffled_primes,14005,64,2,True,0,a93875fe509ac2fae0e0939d3ec71c4d978244c7398dd7185ca68c393426a5a6,1,1,3,0,True
consecutive_run_6,shuffled_primes,14005,64,2,True,0,a93875fe509ac2fae0e0939d3ec71c4d978244c7398dd7185ca68c393426a5a6,1,1,3,0,True
consecutive_run_7,shuffled_primes,14005,64,2,True,0,a93875fe509ac2fae0e0939d3ec71c4d978244c7398dd7185ca68c393426a5a6,1,1,3,0,True
consecutive_run_8,shuffled_primes,14005,64,2,True,0,a93875fe509ac2fae0e0939d3ec71c4d978244c7398dd7185ca68c393426a5a6,1,1,3,0,True
constant,shuffled_primes,14006,64,2,False,-1,13401d2976a601aabfee231858ea09878ec8fcabdf08c1dfa181bf7db5ee8322,452,454,2,63,True
factor_depth_sum,shuffled_primes,14006,64,2,False,-1,13401d2976a601aabfee231858ea09878ec8fcabdf08c1dfa181bf7db5ee8322,452,454,2,63,True
indecomposable_pair,shuffled_primes,14006,64,2,False,-1,13401d2976a601aabfee231858ea09878ec8fcabdf08c1dfa181bf7db5ee8322,452,454,2,63,True
factor_depth_equal,shuffled_primes,14006,64,2,False,-1,13401d2976a601aabfee231858ea09878ec8fcabdf08c1dfa181bf7db5ee8322,452,454,2,63,True
distinct_depth_equal,shuffled_primes,14006,64,2,False,-1,13401d2976a601aabfee231858ea09878ec8fcabdf08c1dfa181bf7db5ee8322,452,454,2,63,True
tensor_coprime,shuffled_primes,14006,64,2,False,-1,13401d2976a601aabfee231858ea09878ec8fcabdf08c1dfa181bf7db5ee8322,452,454,2,63,True
v2_equal,shuffled_primes,14006,64,2,False,-1,8b1bbad841095d3a030a041819e1f1cd9bcb6411a433bc440a325ba5f325d736,451,454,2,61,True
v2_parity_equal,shuffled_primes,14006,64,2,False,-1,8b1bbad841095d3a030a041819e1f1cd9bcb6411a433bc440a325ba5f325d736,451,454,2,61,True
entropy_increasing,shuffled_primes,14006,64,2,False,-1,ebcf850334dc77e8cd62b24bad2a7ca6f6362f23a5c03b5cd46c97fcf90cf2fe,414,416,2,33,True
entropy_bin_equal,shuffled_primes,14006,64,2,False,-1,41d81ed035b5d55b4c94166aa1f44014c9735fb391162bd737936265c7c3f320,352,355,2,18,True
ordered_consecutive_tensor_atoms,shuffled_primes,14006,64,2,False,-1,a2b81690325e1905ddb4ea896b436631e9ad52920d88fe9ecea7842ad67634a6,219,221,2,1,True
consecutive_run_2,shuffled_primes,14006,64,2,True,0,a93875fe509ac2fae0e0939d3ec71c4d978244c7398dd7185ca68c393426a5a6,1,1,3,0,True
consecutive_run_3,shuffled_primes,14006,64,2,True,0,a93875fe509ac2fae0e0939d3ec71c4d978244c7398dd7185ca68c393426a5a6,1,1,3,0,True
consecutive_run_4,shuffled_primes,14006,64,2,True,0,a93875fe509ac2fae0e0939d3ec71c4d978244c7398dd7185ca68c393426a5a6,1,1,3,0,True
consecutive_run_5,shuffled_primes,14006,64,2,True,0,a93875fe509ac2fae0e0939d3ec71c4d978244c7398dd7185ca68c393426a5a6,1,1,3,0,True
consecutive_run_6,shuffled_primes,14006,64,2,True,0,a93875fe509ac2fae0e0939d3ec71c4d978244c7398dd7185ca68c393426a5a6,1,1,3,0,True
consecutive_run_7,shuffled_primes,14006,64,2,True,0,a93875fe509ac2fae0e0939d3ec71c4d978244c7398dd7185ca68c393426a5a6,1,1,3,0,True
consecutive_run_8,shuffled_primes,14006,64,2,True,0,a93875fe509ac2fae0e0939d3ec71c4d978244c7398dd7185ca68c393426a5a6,1,1,3,0,True
constant,shuffled_primes,14007,64,2,False,-1,bd78eb898cb531c11a00cbf35c6f2c46ec6af92ed36ed084b17a83334108b8ea,456,458,2,63,True
factor_depth_sum,shuffled_primes,14007,64,2,False,-1,bd78eb898cb531c11a00cbf35c6f2c46ec6af92ed36ed084b17a83334108b8ea,456,458,2,63,True
indecomposable_pair,shuffled_primes,14007,64,2,False,-1,bd78eb898cb531c11a00cbf35c6f2c46ec6af92ed36ed084b17a83334108b8ea,456,458,2,63,True
factor_depth_equal,shuffled_primes,14007,64,2,False,-1,bd78eb898cb531c11a00cbf35c6f2c46ec6af92ed36ed084b17a83334108b8ea,456,458,2,63,True
distinct_depth_equal,shuffled_primes,14007,64,2,False,-1,bd78eb898cb531c11a00cbf35c6f2c46ec6af92ed36ed084b17a83334108b8ea,456,458,2,63,True
tensor_coprime,shuffled_primes,14007,64,2,False,-1,bd78eb898cb531c11a00cbf35c6f2c46ec6af92ed36ed084b17a83334108b8ea,456,458,2,63,True
v2_equal,shuffled_primes,14007,64,2,False,-1,b4bda0e1e2f7b236945525b7cb42792082a53714353deeeed0062ccd83eca316,455,458,2,61,True
v2_parity_equal,shuffled_primes,14007,64,2,False,-1,b4bda0e1e2f7b236945525b7cb42792082a53714353deeeed0062ccd83eca316,455,458,2,61,True
entropy_increasing,shuffled_primes,14007,64,2,False,-1,6ae2ce2f9643b4759bbd3576be3aab0d546af14cfb3fd17f723f1b8ef0114844,411,414,2,32,True
entropy_bin_equal,shuffled_primes,14007,64,2,False,-1,e8a4429fe4e68bfe184a72405901be7600f52db441d2acaa403ba8542234990e,296,305,2,9,True
ordered_consecutive_tensor_atoms,shuffled_primes,14007,64,2,True,0,a93875fe509ac2fae0e0939d3ec71c4d978244c7398dd7185ca68c393426a5a6,1,1,3,0,True
consecutive_run_2,shuffled_primes,14007,64,2,True,0,a93875fe509ac2fae0e0939d3ec71c4d978244c7398dd7185ca68c393426a5a6,1,1,3,0,True
consecutive_run_3,shuffled_primes,14007,64,2,True,0,a93875fe509ac2fae0e0939d3ec71c4d978244c7398dd7185ca68c393426a5a6,1,1,3,0,True
consecutive_run_4,shuffled_primes,14007,64,2,True,0,a93875fe509ac2fae0e0939d3ec71c4d978244c7398dd7185ca68c393426a5a6,1,1,3,0,True
consecutive_run_5,shuffled_primes,14007,64,2,True,0,a93875fe509ac2fae0e0939d3ec71c4d978244c7398dd7185ca68c393426a5a6,1,1,3,0,True
consecutive_run_6,shuffled_primes,14007,64,2,True,0,a93875fe509ac2fae0e0939d3ec71c4d978244c7398dd7185ca68c393426a5a6,1,1,3,0,True
consecutive_run_7,shuffled_primes,14007,64,2,True,0,a93875fe509ac2fae0e0939d3ec71c4d978244c7398dd7185ca68c393426a5a6,1,1,3,0,True
consecutive_run_8,shuffled_primes,14007,64,2,True,0,a93875fe509ac2fae0e0939d3ec71c4d978244c7398dd7185ca68c393426a5a6,1,1,3,0,True
constant,shuffled_primes,14008,64,2,False,-1,02f759eee4e871926513f80fbf5ec41375639bbac3fa5be7ceb420820aa896f3,454,457,2,63,True
factor_depth_sum,shuffled_primes,14008,64,2,False,-1,02f759eee4e871926513f80fbf5ec41375639bbac3fa5be7ceb420820aa896f3,454,457,2,63,True
indecomposable_pair,shuffled_primes,14008,64,2,False,-1,02f759eee4e871926513f80fbf5ec41375639bbac3fa5be7ceb420820aa896f3,454,457,2,63,True
factor_depth_equal,shuffled_primes,14008,64,2,False,-1,02f759eee4e871926513f80fbf5ec41375639bbac3fa5be7ceb420820aa896f3,454,457,2,63,True
distinct_depth_equal,shuffled_primes,14008,64,2,False,-1,02f759eee4e871926513f80fbf5ec41375639bbac3fa5be7ceb420820aa896f3,454,457,2,63,True
tensor_coprime,shuffled_primes,14008,64,2,False,-1,02f759eee4e871926513f80fbf5ec41375639bbac3fa5be7ceb420820aa896f3,454,457,2,63,True
v2_equal,shuffled_primes,14008,64,2,False,-1,a79c93a10ad9ecb2ddd0ad87cabdd6afccb84034a6073b373339f8a6be09ade5,454,457,2,61,True
v2_parity_equal,shuffled_primes,14008,64,2,False,-1,a79c93a10ad9ecb2ddd0ad87cabdd6afccb84034a6073b373339f8a6be09ade5,454,457,2,61,True
entropy_increasing,shuffled_primes,14008,64,2,False,-1,eb407400e95e08c50859c294d796f87167f2fb36944b5628d3b3d8c85d96db23,411,414,2,31,True
entropy_bin_equal,shuffled_primes,14008,64,2,False,-1,e45b02b5d2ada7718b16bedd3ea03a7f653135271d9a3970cb51fc5e41dc091c,349,356,2,16,True
ordered_consecutive_tensor_atoms,shuffled_primes,14008,64,2,False,-1,24b57b4c1c26da86bfaeb3f3b7fd36f53d35380dd36922568ff3513b69ffb3c8,232,238,2,2,True
consecutive_run_2,shuffled_primes,14008,64,2,True,0,a93875fe509ac2fae0e0939d3ec71c4d978244c7398dd7185ca68c393426a5a6,1,1,3,0,True
consecutive_run_3,shuffled_primes,14008,64,2,True,0,a93875fe509ac2fae0e0939d3ec71c4d978244c7398dd7185ca68c393426a5a6,1,1,3,0,True
consecutive_run_4,shuffled_primes,14008,64,2,True,0,a93875fe509ac2fae0e0939d3ec71c4d978244c7398dd7185ca68c393426a5a6,1,1,3,0,True
consecutive_run_5,shuffled_primes,14008,64,2,True,0,a93875fe509ac2fae0e0939d3ec71c4d978244c7398dd7185ca68c393426a5a6,1,1,3,0,True
consecutive_run_6,shuffled_primes,14008,64,2,True,0,a93875fe509ac2fae0e0939d3ec71c4d978244c7398dd7185ca68c393426a5a6,1,1,3,0,True
consecutive_run_7,shuffled_primes,14008,64,2,True,0,a93875fe509ac2fae0e0939d3ec71c4d978244c7398dd7185ca68c393426a5a6,1,1,3,0,True
consecutive_run_8,shuffled_primes,14008,64,2,True,0,a93875fe509ac2fae0e0939d3ec71c4d978244c7398dd7185ca68c393426a5a6,1,1,3,0,True
constant,shuffled_primes,14009,64,2,False,-1,81d4e75875ace001dd75618fac74eee03e38e736e8e1938b78913c2b82c09f2b,452,455,2,63,True
factor_depth_sum,shuffled_primes,14009,64,2,False,-1,81d4e75875ace001dd75618fac74eee03e38e736e8e1938b78913c2b82c09f2b,452,455,2,63,True
indecomposable_pair,shuffled_primes,14009,64,2,False,-1,81d4e75875ace001dd75618fac74eee03e38e736e8e1938b78913c2b82c09f2b,452,455,2,63,True
factor_depth_equal,shuffled_primes,14009,64,2,False,-1,81d4e75875ace001dd75618fac74eee03e38e736e8e1938b78913c2b82c09f2b,452,455,2,63,True
distinct_depth_equal,shuffled_primes,14009,64,2,False,-1,81d4e75875ace001dd75618fac74eee03e38e736e8e1938b78913c2b82c09f2b,452,455,2,63,True
tensor_coprime,shuffled_primes,14009,64,2,False,-1,81d4e75875ace001dd75618fac74eee03e38e736e8e1938b78913c2b82c09f2b,452,455,2,63,True
v2_equal,shuffled_primes,14009,64,2,False,-1,edf35dcb28ac871df7906f982bba6cfcb590d12c95d2b58d1b4d2664ead4f569,451,455,2,61,True
v2_parity_equal,shuffled_primes,14009,64,2,False,-1,edf35dcb28ac871df7906f982bba6cfcb590d12c95d2b58d1b4d2664ead4f569,451,455,2,61,True
entropy_increasing,shuffled_primes,14009,64,2,False,-1,ec3936b5f4e2431370c14cef36201deef45cfabeecc2cb4904b57b5c7d817238,431,434,2,37,True
entropy_bin_equal,shuffled_primes,14009,64,2,False,-1,f17e55f3b5032aebbff880e3ed4c8d2f7d69196b82753be2720d0314b1c87522,319,327,2,15,True
ordered_consecutive_tensor_atoms,shuffled_primes,14009,64,2,False,-1,361c20907df78e85b4732b66badcbb946a73939b207237a4eb4ffb7b8cf99145,220,231,2,1,True
consecutive_run_2,shuffled_primes,14009,64,2,True,0,a93875fe509ac2fae0e0939d3ec71c4d978244c7398dd7185ca68c393426a5a6,1,1,3,0,True
consecutive_run_3,shuffled_primes,14009,64,2,True,0,a93875fe509ac2fae0e0939d3ec71c4d978244c7398dd7185ca68c393426a5a6,1,1,3,0,True
consecutive_run_4,shuffled_primes,14009,64,2,True,0,a93875fe509ac2fae0e0939d3ec71c4d978244c7398dd7185ca68c393426a5a6,1,1,3,0,True
consecutive_run_5,shuffled_primes,14009,64,2,True,0,a93875fe509ac2fae0e0939d3ec71c4d978244c7398dd7185ca68c393426a5a6,1,1,3,0,True
consecutive_run_6,shuffled_primes,14009,64,2,True,0,a93875fe509ac2fae0e0939d3ec71c4d978244c7398dd7185ca68c393426a5a6,1,1,3,0,True
consecutive_run_7,shuffled_primes,14009,64,2,True,0,a93875fe509ac2fae0e0939d3ec71c4d978244c7398dd7185ca68c393426a5a6,1,1,3,0,True
consecutive_run_8,shuffled_primes,14009,64,2,True,0,a93875fe509ac2fae0e0939d3ec71c4d978244c7398dd7185ca68c393426a5a6,1,1,3,0,True
constant,shuffled_primes,14010,64,2,False,-1,205c781c229b1445dd58da6daf656448e47065e46dea1154b5b6ab9456d37a2d,452,455,2,63,True
factor_depth_sum,shuffled_primes,14010,64,2,False,-1,205c781c229b1445dd58da6daf656448e47065e46dea1154b5b6ab9456d37a2d,452,455,2,63,True
indecomposable_pair,shuffled_primes,14010,64,2,False,-1,205c781c229b1445dd58da6daf656448e47065e46dea1154b5b6ab9456d37a2d,452,455,2,63,True
factor_depth_equal,shuffled_primes,14010,64,2,False,-1,205c781c229b1445dd58da6daf656448e47065e46dea1154b5b6ab9456d37a2d,452,455,2,63,True
distinct_depth_equal,shuffled_primes,14010,64,2,False,-1,205c781c229b1445dd58da6daf656448e47065e46dea1154b5b6ab9456d37a2d,452,455,2,63,True
tensor_coprime,shuffled_primes,14010,64,2,False,-1,205c781c229b1445dd58da6daf656448e47065e46dea1154b5b6ab9456d37a2d,452,455,2,63,True
v2_equal,shuffled_primes,14010,64,2,False,-1,948120b06caeaf0f9c4ede15f60f2dd88a7ee1a3cb2f796e66cd468f39fa748b,452,455,2,61,True
v2_parity_equal,shuffled_primes,14010,64,2,False,-1,948120b06caeaf0f9c4ede15f60f2dd88a7ee1a3cb2f796e66cd468f39fa748b,452,455,2,61,True
entropy_increasing,shuffled_primes,14010,64,2,False,-1,02347e090e582e6758ea7bc673befbb1860dae72000a449bba1ef6c4736ec308,418,421,2,33,True
entropy_bin_equal,shuffled_primes,14010,64,2,False,-1,45b9b89bf6efb09b3130c13e4fe146208e073697cf2b4d95e9aa3c6ae8898054,334,342,2,15,True
ordered_consecutive_tensor_atoms,shuffled_primes,14010,64,2,True,0,a93875fe509ac2fae0e0939d3ec71c4d978244c7398dd7185ca68c393426a5a6,1,1,3,0,True
consecutive_run_2,shuffled_primes,14010,64,2,True,0,a93875fe509ac2fae0e0939d3ec71c4d978244c7398dd7185ca68c393426a5a6,1,1,3,0,True
consecutive_run_3,shuffled_primes,14010,64,2,True,0,a93875fe509ac2fae0e0939d3ec71c4d978244c7398dd7185ca68c393426a5a6,1,1,3,0,True
consecutive_run_4,shuffled_primes,14010,64,2,True,0,a93875fe509ac2fae0e0939d3ec71c4d978244c7398dd7185ca68c393426a5a6,1,1,3,0,True
consecutive_run_5,shuffled_primes,14010,64,2,True,0,a93875fe509ac2fae0e0939d3ec71c4d978244c7398dd7185ca68c393426a5a6,1,1,3,0,True
consecutive_run_6,shuffled_primes,14010,64,2,True,0,a93875fe509ac2fae0e0939d3ec71c4d978244c7398dd7185ca68c393426a5a6,1,1,3,0,True
consecutive_run_7,shuffled_primes,14010,64,2,True,0,a93875fe509ac2fae0e0939d3ec71c4d978244c7398dd7185ca68c393426a5a6,1,1,3,0,True
consecutive_run_8,shuffled_primes,14010,64,2,True,0,a93875fe509ac2fae0e0939d3ec71c4d978244c7398dd7185ca68c393426a5a6,1,1,3,0,True
constant,shuffled_primes,14011,64,2,False,-1,015381cd5982421dd778caab5b8bce3a64a474564e5f72711a1faa8785319ff7,454,456,2,63,True
factor_depth_sum,shuffled_primes,14011,64,2,False,-1,015381cd5982421dd778caab5b8bce3a64a474564e5f72711a1faa8785319ff7,454,456,2,63,True
indecomposable_pair,shuffled_primes,14011,64,2,False,-1,015381cd5982421dd778caab5b8bce3a64a474564e5f72711a1faa8785319ff7,454,456,2,63,True
factor_depth_equal,shuffled_primes,14011,64,2,False,-1,015381cd5982421dd778caab5b8bce3a64a474564e5f72711a1faa8785319ff7,454,456,2,63,True
distinct_depth_equal,shuffled_primes,14011,64,2,False,-1,015381cd5982421dd778caab5b8bce3a64a474564e5f72711a1faa8785319ff7,454,456,2,63,True
tensor_coprime,shuffled_primes,14011,64,2,False,-1,015381cd5982421dd778caab5b8bce3a64a474564e5f72711a1faa8785319ff7,454,456,2,63,True
v2_equal,shuffled_primes,14011,64,2,False,-1,b5419ad794b2606f19fb5b7980d1b102c0880dbf4e42ef0c120b29e0b931fa4c,453,456,2,61,True
v2_parity_equal,shuffled_primes,14011,64,2,False,-1,b5419ad794b2606f19fb5b7980d1b102c0880dbf4e42ef0c120b29e0b931fa4c,453,456,2,61,True
entropy_increasing,shuffled_primes,14011,64,2,False,-1,2c92da6cb8c2953c0db6720a0b0d7d0952e777868ea3073481ae31aac0686b91,423,426,2,31,True
entropy_bin_equal,shuffled_primes,14011,64,2,False,-1,b6606c2be5d7110cd0e8a027196884e70b58cbbd576cfef704ad3b15696e8a3f,309,315,2,12,True
ordered_consecutive_tensor_atoms,shuffled_primes,14011,64,2,False,-1,e50e26809a3a18fc0ba577e6ef3fb895c5b7099fecc08194aa96a0d4779305a3,219,229,2,1,True
consecutive_run_2,shuffled_primes,14011,64,2,True,0,a93875fe509ac2fae0e0939d3ec71c4d978244c7398dd7185ca68c393426a5a6,1,1,3,0,True
consecutive_run_3,shuffled_primes,14011,64,2,True,0,a93875fe509ac2fae0e0939d3ec71c4d978244c7398dd7185ca68c393426a5a6,1,1,3,0,True
consecutive_run_4,shuffled_primes,14011,64,2,True,0,a93875fe509ac2fae0e0939d3ec71c4d978244c7398dd7185ca68c393426a5a6,1,1,3,0,True
consecutive_run_5,shuffled_primes,14011,64,2,True,0,a93875fe509ac2fae0e0939d3ec71c4d978244c7398dd7185ca68c393426a5a6,1,1,3,0,True
consecutive_run_6,shuffled_primes,14011,64,2,True,0,a93875fe509ac2fae0e0939d3ec71c4d978244c7398dd7185ca68c393426a5a6,1,1,3,0,True
consecutive_run_7,shuffled_primes,14011,64,2,True,0,a93875fe509ac2fae0e0939d3ec71c4d978244c7398dd7185ca68c393426a5a6,1,1,3,0,True
consecutive_run_8,shuffled_primes,14011,64,2,True,0,a93875fe509ac2fae0e0939d3ec71c4d978244c7398dd7185ca68c393426a5a6,1,1,3,0,True
constant,shuffled_primes,14012,64,2,False,-1,54718969a5eae3699d59e9b434625eff23591202919d911b422e6af0ae97151b,453,455,2,63,True
factor_depth_sum,shuffled_primes,14012,64,2,False,-1,54718969a5eae3699d59e9b434625eff23591202919d911b422e6af0ae97151b,453,455,2,63,True
indecomposable_pair,shuffled_primes,14012,64,2,False,-1,54718969a5eae3699d59e9b434625eff23591202919d911b422e6af0ae97151b,453,455,2,63,True
factor_depth_equal,shuffled_primes,14012,64,2,False,-1,54718969a5eae3699d59e9b434625eff23591202919d911b422e6af0ae97151b,453,455,2,63,True
distinct_depth_equal,shuffled_primes,14012,64,2,False,-1,54718969a5eae3699d59e9b434625eff23591202919d911b422e6af0ae97151b,453,455,2,63,True
tensor_coprime,shuffled_primes,14012,64,2,False,-1,54718969a5eae3699d59e9b434625eff23591202919d911b422e6af0ae97151b,453,455,2,63,True
v2_equal,shuffled_primes,14012,64,2,False,-1,f5342bf7f4d5e792d8c81bd6e3b9a4d7a79f7fc6b357040fb8611886c435236f,452,455,2,61,True
v2_parity_equal,shuffled_primes,14012,64,2,False,-1,f5342bf7f4d5e792d8c81bd6e3b9a4d7a79f7fc6b357040fb8611886c435236f,452,455,2,61,True
entropy_increasing,shuffled_primes,14012,64,2,False,-1,b65eb77968c56bb4a6629c9613b8adeeed0bca66aea800f6a2af0c032c295b79,405,408,2,32,True
entropy_bin_equal,shuffled_primes,14012,64,2,False,-1,1f7d6a4ac071919bfe6afa839ec87d5619cf3a1db2bd6f426e98a0890d93422a,320,326,2,15,True
ordered_consecutive_tensor_atoms,shuffled_primes,14012,64,2,False,-1,8326f8076fc6679ee449880c6f2e599c486591482f2b6dd8c05c20f01f8c6e75,231,241,2,2,True
consecutive_run_2,shuffled_primes,14012,64,2,True,0,a93875fe509ac2fae0e0939d3ec71c4d978244c7398dd7185ca68c393426a5a6,1,1,3,0,True
consecutive_run_3,shuffled_primes,14012,64,2,True,0,a93875fe509ac2fae0e0939d3ec71c4d978244c7398dd7185ca68c393426a5a6,1,1,3,0,True
consecutive_run_4,shuffled_primes,14012,64,2,True,0,a93875fe509ac2fae0e0939d3ec71c4d978244c7398dd7185ca68c393426a5a6,1,1,3,0,True
consecutive_run_5,shuffled_primes,14012,64,2,True,0,a93875fe509ac2fae0e0939d3ec71c4d978244c7398dd7185ca68c393426a5a6,1,1,3,0,True
consecutive_run_6,shuffled_primes,14012,64,2,True,0,a93875fe509ac2fae0e0939d3ec71c4d978244c7398dd7185ca68c393426a5a6,1,1,3,0,True
consecutive_run_7,shuffled_primes,14012,64,2,True,0,a93875fe509ac2fae0e0939d3ec71c4d978244c7398dd7185ca68c393426a5a6,1,1,3,0,True
consecutive_run_8,shuffled_primes,14012,64,2,True,0,a93875fe509ac2fae0e0939d3ec71c4d978244c7398dd7185ca68c393426a5a6,1,1,3,0,True
constant,shuffled_primes,14013,64,2,False,-1,559ffa89f854a3f935dcdf49cd828ac155834ecf38c6411494393e2cb76335b8,454,457,2,63,True
factor_depth_sum,shuffled_primes,14013,64,2,False,-1,559ffa89f854a3f935dcdf49cd828ac155834ecf38c6411494393e2cb76335b8,454,457,2,63,True
indecomposable_pair,shuffled_primes,14013,64,2,False,-1,559ffa89f854a3f935dcdf49cd828ac155834ecf38c6411494393e2cb76335b8,454,457,2,63,True
factor_depth_equal,shuffled_primes,14013,64,2,False,-1,559ffa89f854a3f935dcdf49cd828ac155834ecf38c6411494393e2cb76335b8,454,457,2,63,True
distinct_depth_equal,shuffled_primes,14013,64,2,False,-1,559ffa89f854a3f935dcdf49cd828ac155834ecf38c6411494393e2cb76335b8,454,457,2,63,True
tensor_coprime,shuffled_primes,14013,64,2,False,-1,559ffa89f854a3f935dcdf49cd828ac155834ecf38c6411494393e2cb76335b8,454,457,2,63,True
v2_equal,shuffled_primes,14013,64,2,False,-1,225c024f16f08fe198fa0064262232a17bc8dc49763254dd7069aa3be10dc039,454,457,2,61,True
v2_parity_equal,shuffled_primes,14013,64,2,False,-1,225c024f16f08fe198fa0064262232a17bc8dc49763254dd7069aa3be10dc039,454,457,2,61,True
entropy_increasing,shuffled_primes,14013,64,2,False,-1,2b72023e0e875f316fa0a3b003100a47df53364425043bdd3132501213ee42a1,406,409,2,30,True
entropy_bin_equal,shuffled_primes,14013,64,2,False,-1,598d361927a6df57b955a70066cdc90c9d0156a32651e918c6ab94430d79db07,307,315,2,12,True
ordered_consecutive_tensor_atoms,shuffled_primes,14013,64,2,False,-1,9efbe90d10224d52879853fd422cc62917df772ff3382e141bc76cb19c3d0d4e,218,226,2,1,True
consecutive_run_2,shuffled_primes,14013,64,2,True,0,a93875fe509ac2fae0e0939d3ec71c4d978244c7398dd7185ca68c393426a5a6,1,1,3,0,True
consecutive_run_3,shuffled_primes,14013,64,2,True,0,a93875fe509ac2fae0e0939d3ec71c4d978244c7398dd7185ca68c393426a5a6,1,1,3,0,True
consecutive_run_4,shuffled_primes,14013,64,2,True,0,a93875fe509ac2fae0e0939d3ec71c4d978244c7398dd7185ca68c393426a5a6,1,1,3,0,True
consecutive_run_5,shuffled_primes,14013,64,2,True,0,a93875fe509ac2fae0e0939d3ec71c4d978244c7398dd7185ca68c393426a5a6,1,1,3,0,True
consecutive_run_6,shuffled_primes,14013,64,2,True,0,a93875fe509ac2fae0e0939d3ec71c4d978244c7398dd7185ca68c393426a5a6,1,1,3,0,True
consecutive_run_7,shuffled_primes,14013,64,2,True,0,a93875fe509ac2fae0e0939d3ec71c4d978244c7398dd7185ca68c393426a5a6,1,1,3,0,True
consecutive_run_8,shuffled_primes,14013,64,2,True,0,a93875fe509ac2fae0e0939d3ec71c4d978244c7398dd7185ca68c393426a5a6,1,1,3,0,True
constant,shuffled_primes,14014,64,2,False,-1,d376caaeb6cedec1fd1f59d3269b6c75357f706268e1a6bbcc67b6121edc715e,453,455,2,63,True
factor_depth_sum,shuffled_primes,14014,64,2,False,-1,d376caaeb6cedec1fd1f59d3269b6c75357f706268e1a6bbcc67b6121edc715e,453,455,2,63,True
indecomposable_pair,shuffled_primes,14014,64,2,False,-1,d376caaeb6cedec1fd1f59d3269b6c75357f706268e1a6bbcc67b6121edc715e,453,455,2,63,True
factor_depth_equal,shuffled_primes,14014,64,2,False,-1,d376caaeb6cedec1fd1f59d3269b6c75357f706268e1a6bbcc67b6121edc715e,453,455,2,63,True
distinct_depth_equal,shuffled_primes,14014,64,2,False,-1,d376caaeb6cedec1fd1f59d3269b6c75357f706268e1a6bbcc67b6121edc715e,453,455,2,63,True
tensor_coprime,shuffled_primes,14014,64,2,False,-1,d376caaeb6cedec1fd1f59d3269b6c75357f706268e1a6bbcc67b6121edc715e,453,455,2,63,True
v2_equal,shuffled_primes,14014,64,2,False,-1,519560cf946ef3f2f606ec18d74897b1eabfc446820c4279dc100d723a186353,452,455,2,61,True
v2_parity_equal,shuffled_primes,14014,64,2,False,-1,519560cf946ef3f2f606ec18d74897b1eabfc446820c4279dc100d723a186353,452,455,2,61,True
entropy_increasing,shuffled_primes,14014,64,2,False,-1,b7280f2cdfe9470b278541e2184c6d1c405852714dbc92e9679557ef42a213c7,418,421,2,35,True
entropy_bin_equal,shuffled_primes,14014,64,2,False,-1,6f72b0791b85a1bd9e1519d1cb101be7973147dd573bff01813831120d4a6ddf,287,295,2,10,True
ordered_consecutive_tensor_atoms,shuffled_primes,14014,64,2,False,-1,9efbe90d10224d52879853fd422cc62917df772ff3382e141bc76cb19c3d0d4e,218,226,2,1,True
consecutive_run_2,shuffled_primes,14014,64,2,True,0,a93875fe509ac2fae0e0939d3ec71c4d978244c7398dd7185ca68c393426a5a6,1,1,3,0,True
consecutive_run_3,shuffled_primes,14014,64,2,True,0,a93875fe509ac2fae0e0939d3ec71c4d978244c7398dd7185ca68c393426a5a6,1,1,3,0,True
consecutive_run_4,shuffled_primes,14014,64,2,True,0,a93875fe509ac2fae0e0939d3ec71c4d978244c7398dd7185ca68c393426a5a6,1,1,3,0,True
consecutive_run_5,shuffled_primes,14014,64,2,True,0,a93875fe509ac2fae0e0939d3ec71c4d978244c7398dd7185ca68c393426a5a6,1,1,3,0,True
consecutive_run_6,shuffled_primes,14014,64,2,True,0,a93875fe509ac2fae0e0939d3ec71c4d978244c7398dd7185ca68c393426a5a6,1,1,3,0,True
consecutive_run_7,shuffled_primes,14014,64,2,True,0,a93875fe509ac2fae0e0939d3ec71c4d978244c7398dd7185ca68c393426a5a6,1,1,3,0,True
consecutive_run_8,shuffled_primes,14014,64,2,True,0,a93875fe509ac2fae0e0939d3ec71c4d978244c7398dd7185ca68c393426a5a6,1,1,3,0,True
constant,shuffled_primes,14015,64,2,False,-1,6b9a4a97dfe5414e770e79be584b9b109e762bbf0a2e214c9151c57976ab5702,456,458,2,63,True
factor_depth_sum,shuffled_primes,14015,64,2,False,-1,6b9a4a97dfe5414e770e79be584b9b109e762bbf0a2e214c9151c57976ab5702,456,458,2,63,True
indecomposable_pair,shuffled_primes,14015,64,2,False,-1,6b9a4a97dfe5414e770e79be584b9b109e762bbf0a2e214c9151c57976ab5702,456,458,2,63,True
factor_depth_equal,shuffled_primes,14015,64,2,False,-1,6b9a4a97dfe5414e770e79be584b9b109e762bbf0a2e214c9151c57976ab5702,456,458,2,63,True
distinct_depth_equal,shuffled_primes,14015,64,2,False,-1,6b9a4a97dfe5414e770e79be584b9b109e762bbf0a2e214c9151c57976ab5702,456,458,2,63,True
tensor_coprime,shuffled_primes,14015,64,2,False,-1,6b9a4a97dfe5414e770e79be584b9b109e762bbf0a2e214c9151c57976ab5702,456,458,2,63,True
v2_equal,shuffled_primes,14015,64,2,False,-1,793a33f26a405df655db7543a365c456653e79b1eb15c8ca64ca18088888b667,455,458,2,61,True
v2_parity_equal,shuffled_primes,14015,64,2,False,-1,793a33f26a405df655db7543a365c456653e79b1eb15c8ca64ca18088888b667,455,458,2,61,True
entropy_increasing,shuffled_primes,14015,64,2,False,-1,2bca58fabaee3e179d675aa462f8c2fdd08a393477bbad420c4a29aadebbf158,425,427,2,33,True
entropy_bin_equal,shuffled_primes,14015,64,2,False,-1,129934321e2607542f03ec6ac1ac2c423933f7fd147913a1bdebadb5e251f428,287,294,2,8,True
ordered_consecutive_tensor_atoms,shuffled_primes,14015,64,2,False,-1,67aecd19ed9a46c47ed347e052c8a3e2ce24de8f53dbc5dd82455b31b1bfb225,214,222,2,1,True
consecutive_run_2,shuffled_primes,14015,64,2,True,0,a93875fe509ac2fae0e0939d3ec71c4d978244c7398dd7185ca68c393426a5a6,1,1,3,0,True
consecutive_run_3,shuffled_primes,14015,64,2,True,0,a93875fe509ac2fae0e0939d3ec71c4d978244c7398dd7185ca68c393426a5a6,1,1,3,0,True
consecutive_run_4,shuffled_primes,14015,64,2,True,0,a93875fe509ac2fae0e0939d3ec71c4d978244c7398dd7185ca68c393426a5a6,1,1,3,0,True
consecutive_run_5,shuffled_primes,14015,64,2,True,0,a93875fe509ac2fae0e0939d3ec71c4d978244c7398dd7185ca68c393426a5a6,1,1,3,0,True
consecutive_run_6,shuffled_primes,14015,64,2,True,0,a93875fe509ac2fae0e0939d3ec71c4d978244c7398dd7185ca68c393426a5a6,1,1,3,0,True
consecutive_run_7,shuffled_primes,14015,64,2,True,0,a93875fe509ac2fae0e0939d3ec71c4d978244c7398dd7185ca68c393426a5a6,1,1,3,0,True
consecutive_run_8,shuffled_primes,14015,64,2,True,0,a93875fe509ac2fae0e0939d3ec71c4d978244c7398dd7185ca68c393426a5a6,1,1,3,0,True
constant,random_increasing,14100,64,2,False,-1,6250266092ca0965cd441d79387ad08a1b467dad601d64495228e067071abaf5,442,446,2,63,True
factor_depth_sum,random_increasing,14100,64,2,False,-1,3c36ef6d05862ee3d1950856e20b32668ffa021d65cabe9e78704ea72a0c1cdc,323,327,2,5,True
indecomposable_pair,random_increasing,14100,64,2,False,-1,3c36ef6d05862ee3d1950856e20b32668ffa021d65cabe9e78704ea72a0c1cdc,323,327,2,5,True
factor_depth_equal,random_increasing,14100,64,2,False,-1,ee70c7c5a8a4c459b45b794fc2ac4df433e272990d1810a1fa40b95b723483c0,367,371,2,12,True
distinct_depth_equal,random_increasing,14100,64,2,False,-1,24bf6062acb13d3b1d3e5659782a10dedb567c107246608ad5dd328bd978c770,401,405,2,28,True
tensor_coprime,random_increasing,14100,64,2,False,-1,1c0a138684142b8aa9f5d37ad451e414ae0ac11debf6c810e73240e80d54e028,437,441,2,39,True
v2_equal,random_increasing,14100,64,2,False,-1,e8398899e8aa4d4cbcdeb967c8832c64637a1b1247820268ae63d4c8b0fbd208,400,404,2,18,True
v2_parity_equal,random_increasing,14100,64,2,False,-1,60a1fdf1dcd956a0deed6f3375ffd9abde72adc69f1c0bf53e6bab9591185140,428,433,2,35,True
entropy_increasing,random_increasing,14100,64,2,False,-1,6250266092ca0965cd441d79387ad08a1b467dad601d64495228e067071abaf5,442,446,2,63,True
entropy_bin_equal,random_increasing,14100,64,2,False,-1,ea87f88cc4ea81900bf84072e72d9ba4fca168c0a517da07426d3747bc3faaa4,437,445,2,58,True
ordered_consecutive_tensor_atoms,random_increasing,14100,64,2,False,-1,df7878af25f55c489aaa8c9d30f6d976bf3c2c4bd661910eb1c48418ecae0f93,295,305,2,1,True
consecutive_run_2,random_increasing,14100,64,2,True,0,a93875fe509ac2fae0e0939d3ec71c4d978244c7398dd7185ca68c393426a5a6,1,1,3,0,True
consecutive_run_3,random_increasing,14100,64,2,True,0,a93875fe509ac2fae0e0939d3ec71c4d978244c7398dd7185ca68c393426a5a6,1,1,3,0,True
consecutive_run_4,random_increasing,14100,64,2,True,0,a93875fe509ac2fae0e0939d3ec71c4d978244c7398dd7185ca68c393426a5a6,1,1,3,0,True
consecutive_run_5,random_increasing,14100,64,2,True,0,a93875fe509ac2fae0e0939d3ec71c4d978244c7398dd7185ca68c393426a5a6,1,1,3,0,True
consecutive_run_6,random_increasing,14100,64,2,True,0,a93875fe509ac2fae0e0939d3ec71c4d978244c7398dd7185ca68c393426a5a6,1,1,3,0,True
consecutive_run_7,random_increasing,14100,64,2,True,0,a93875fe509ac2fae0e0939d3ec71c4d978244c7398dd7185ca68c393426a5a6,1,1,3,0,True
consecutive_run_8,random_increasing,14100,64,2,True,0,a93875fe509ac2fae0e0939d3ec71c4d978244c7398dd7185ca68c393426a5a6,1,1,3,0,True
constant,random_increasing,14101,64,2,False,-1,fced15679513c19e94ddc1648ab464caf66080748cabc28b20674f16055e966d,475,480,2,63,True
factor_depth_sum,random_increasing,14101,64,2,False,-1,1a677b8a472ffbb819a20cb9659e2c37411656a627052f4732148c5077efd9e9,316,328,2,2,True
indecomposable_pair,random_increasing,14101,64,2,False,-1,1a677b8a472ffbb819a20cb9659e2c37411656a627052f4732148c5077efd9e9,316,328,2,2,True
factor_depth_equal,random_increasing,14101,64,2,False,-1,6f1a237d00736d92f26fca6c457a053440742f33dd2033ef5bd239fcbd45c0e4,375,385,2,9,True
distinct_depth_equal,random_increasing,14101,64,2,False,-1,9dcff32d53fe0d6a67a133c4b90d53515782baf1385a124f3d7629d3fdfac920,406,414,2,19,True
tensor_coprime,random_increasing,14101,64,2,False,-1,0731722f47004fbc491801dc3222f825dad4de987682b9b51296012fbd17910c,467,472,2,39,True
v2_equal,random_increasing,14101,64,2,False,-1,927919a14ff76de6b121151f563a3e0adb0622961e04c31b153435ed5e032974,403,411,2,15,True
v2_parity_equal,random_increasing,14101,64,2,False,-1,41c28ff2bf8129c35f4ca08254677452a225acce616ba6aef2099573824e2a1e,437,444,2,31,True
entropy_increasing,random_increasing,14101,64,2,False,-1,fced15679513c19e94ddc1648ab464caf66080748cabc28b20674f16055e966d,475,480,2,63,True
entropy_bin_equal,random_increasing,14101,64,2,False,-1,bb8c47aeb8231f68e8968fcfa92ba1f6430a73e794a822aab73cd7510f7144ad,472,479,2,58,True
ordered_consecutive_tensor_atoms,random_increasing,14101,64,2,True,0,a93875fe509ac2fae0e0939d3ec71c4d978244c7398dd7185ca68c393426a5a6,1,1,3,0,True
consecutive_run_2,random_increasing,14101,64,2,True,0,a93875fe509ac2fae0e0939d3ec71c4d978244c7398dd7185ca68c393426a5a6,1,1,3,0,True
consecutive_run_3,random_increasing,14101,64,2,True,0,a93875fe509ac2fae0e0939d3ec71c4d978244c7398dd7185ca68c393426a5a6,1,1,3,0,True
consecutive_run_4,random_increasing,14101,64,2,True,0,a93875fe509ac2fae0e0939d3ec71c4d978244c7398dd7185ca68c393426a5a6,1,1,3,0,True
consecutive_run_5,random_increasing,14101,64,2,True,0,a93875fe509ac2fae0e0939d3ec71c4d978244c7398dd7185ca68c393426a5a6,1,1,3,0,True
consecutive_run_6,random_increasing,14101,64,2,True,0,a93875fe509ac2fae0e0939d3ec71c4d978244c7398dd7185ca68c393426a5a6,1,1,3,0,True
consecutive_run_7,random_increasing,14101,64,2,True,0,a93875fe509ac2fae0e0939d3ec71c4d978244c7398dd7185ca68c393426a5a6,1,1,3,0,True
consecutive_run_8,random_increasing,14101,64,2,True,0,a93875fe509ac2fae0e0939d3ec71c4d978244c7398dd7185ca68c393426a5a6,1,1,3,0,True
constant,random_increasing,14102,64,2,False,-1,934942e36e3c9470e809be002196a1184927c1492d6d90deb319d9cefdc0fa29,486,494,2,63,True
factor_depth_sum,random_increasing,14102,64,2,False,-1,0adeb023db38a2b246c63eab3c2cfd8bfebfe4439b4a0dd47c0c61c45baf87fa,310,321,2,2,True
indecomposable_pair,random_increasing,14102,64,2,False,-1,0adeb023db38a2b246c63eab3c2cfd8bfebfe4439b4a0dd47c0c61c45baf87fa,310,321,2,2,True
factor_depth_equal,random_increasing,14102,64,2,False,-1,73ff000ae6a2a33b03fc9a9216ec88fbe869d71ffa235a8c311efc6bbc0c3924,399,408,2,14,True
distinct_depth_equal,random_increasing,14102,64,2,False,-1,12036259fec50d5d92f9f9c4f214b1c729b183448350375afe1fe96a575ab0a3,427,436,2,25,True
tensor_coprime,random_increasing,14102,64,2,False,-1,4035acbd41d8a45cfe0a958841399754772fef2b43757bf51ebcdaaf4c0b337b,475,484,2,43,True
v2_equal,random_increasing,14102,64,2,False,-1,2b4185216c02c7e97860e2a8204e2e2ec7836d157d628cd9d6f12e21a6f14fbb,426,435,2,21,True
v2_parity_equal,random_increasing,14102,64,2,False,-1,54a3e2376f64fbff5ab1ded4dec363855e22e721adb16f19bb6c56aa366f90f9,451,459,2,32,True
entropy_increasing,random_increasing,14102,64,2,False,-1,934942e36e3c9470e809be002196a1184927c1492d6d90deb319d9cefdc0fa29,486,494,2,63,True
entropy_bin_equal,random_increasing,14102,64,2,False,-1,e767813eaeddff819ebaefdfac6fd3b1ded999490adc60ed9e1d45fd04397094,484,492,2,59,True
ordered_consecutive_tensor_atoms,random_increasing,14102,64,2,False,-1,0adeb023db38a2b246c63eab3c2cfd8bfebfe4439b4a0dd47c0c61c45baf87fa,310,321,2,2,True
consecutive_run_2,random_increasing,14102,64,2,True,0,a93875fe509ac2fae0e0939d3ec71c4d978244c7398dd7185ca68c393426a5a6,1,1,3,0,True
consecutive_run_3,random_increasing,14102,64,2,True,0,a93875fe509ac2fae0e0939d3ec71c4d978244c7398dd7185ca68c393426a5a6,1,1,3,0,True
consecutive_run_4,random_increasing,14102,64,2,True,0,a93875fe509ac2fae0e0939d3ec71c4d978244c7398dd7185ca68c393426a5a6,1,1,3,0,True
consecutive_run_5,random_increasing,14102,64,2,True,0,a93875fe509ac2fae0e0939d3ec71c4d978244c7398dd7185ca68c393426a5a6,1,1,3,0,True
consecutive_run_6,random_increasing,14102,64,2,True,0,a93875fe509ac2fae0e0939d3ec71c4d978244c7398dd7185ca68c393426a5a6,1,1,3,0,True
consecutive_run_7,random_increasing,14102,64,2,True,0,a93875fe509ac2fae0e0939d3ec71c4d978244c7398dd7185ca68c393426a5a6,1,1,3,0,True
consecutive_run_8,random_increasing,14102,64,2,True,0,a93875fe509ac2fae0e0939d3ec71c4d978244c7398dd7185ca68c393426a5a6,1,1,3,0,True
constant,random_increasing,14103,64,2,False,-1,f07fe206b307c66a13addd041090a1cbe2e3cdedb20c1a978cc72a60e7cff989,442,448,2,63,True
factor_depth_sum,random_increasing,14103,64,2,True,0,a93875fe509ac2fae0e0939d3ec71c4d978244c7398dd7185ca68c393426a5a6,1,1,3,0,True
indecomposable_pair,random_increasing,14103,64,2,True,0,a93875fe509ac2fae0e0939d3ec71c4d978244c7398dd7185ca68c393426a5a6,1,1,3,0,True
factor_depth_equal,random_increasing,14103,64,2,False,-1,ec8eaf86a2bc220e59e23ee8b2a0182d03e02b8439a7c9f39de306978027afc1,378,386,2,20,True
distinct_depth_equal,random_increasing,14103,64,2,False,-1,9e91ddaf7af1ff904c91266f364d443ff4b05a524b816c3c25c8cbba59bc2c3c,411,417,2,36,True
tensor_coprime,random_increasing,14103,64,2,False,-1,c93e8b8011a24b859883d8c7c4e18e3687d1c2689af877d1a8653d141afe7721,439,447,2,43,True
v2_equal,random_increasing,14103,64,2,False,-1,7986bef1f5299a2f8ebf8cb548f9786022278277e8a7af943e9a514d07e810e4,386,394,2,22,True
v2_parity_equal,random_increasing,14103,64,2,False,-1,c20be16d2594134f23a4087b50954f80b0d468d0a7eecda94d3fd91c06e7aa12,411,419,2,35,True
entropy_increasing,random_increasing,14103,64,2,False,-1,f07fe206b307c66a13addd041090a1cbe2e3cdedb20c1a978cc72a60e7cff989,442,448,2,63,True
entropy_bin_equal,random_increasing,14103,64,2,False,-1,657ee7860241098bc99c88e90e601b2f4fb2d1beccfdab2e26664797312facfb,440,448,2,58,True
ordered_consecutive_tensor_atoms,random_increasing,14103,64,2,True,0,a93875fe509ac2fae0e0939d3ec71c4d978244c7398dd7185ca68c393426a5a6,1,1,3,0,True
consecutive_run_2,random_increasing,14103,64,2,True,0,a93875fe509ac2fae0e0939d3ec71c4d978244c7398dd7185ca68c393426a5a6,1,1,3,0,True
consecutive_run_3,random_increasing,14103,64,2,True,0,a93875fe509ac2fae0e0939d3ec71c4d978244c7398dd7185ca68c393426a5a6,1,1,3,0,True
consecutive_run_4,random_increasing,14103,64,2,True,0,a93875fe509ac2fae0e0939d3ec71c4d978244c7398dd7185ca68c393426a5a6,1,1,3,0,True
consecutive_run_5,random_increasing,14103,64,2,True,0,a93875fe509ac2fae0e0939d3ec71c4d978244c7398dd7185ca68c393426a5a6,1,1,3,0,True
consecutive_run_6,random_increasing,14103,64,2,True,0,a93875fe509ac2fae0e0939d3ec71c4d978244c7398dd7185ca68c393426a5a6,1,1,3,0,True
consecutive_run_7,random_increasing,14103,64,2,True,0,a93875fe509ac2fae0e0939d3ec71c4d978244c7398dd7185ca68c393426a5a6,1,1,3,0,True
consecutive_run_8,random_increasing,14103,64,2,True,0,a93875fe509ac2fae0e0939d3ec71c4d978244c7398dd7185ca68c393426a5a6,1,1,3,0,True
constant,random_increasing,14104,64,2,False,-1,a4298f1c3c6bd601ad7b5ae2ec0525251f9afa16a3ba865c7cd4a15615e27105,503,511,2,63,True
factor_depth_sum,random_increasing,14104,64,2,False,-1,19a26104af1179b9a76a1342b0d2e3d9e8deb932a9913ff2b616b0db21b2d5c7,341,351,2,3,True
indecomposable_pair,random_increasing,14104,64,2,False,-1,19a26104af1179b9a76a1342b0d2e3d9e8deb932a9913ff2b616b0db21b2d5c7,341,351,2,3,True
factor_depth_equal,random_increasing,14104,64,2,False,-1,d5b3f0004dbbbb922204e467200d0565ab152802b2aa4295963772d10608b4e6,399,407,2,13,True
distinct_depth_equal,random_increasing,14104,64,2,False,-1,0abed74efee51ede7e500295354f7570f7bcb651eb63da90b9e05af0deb1d5e1,414,422,2,20,True
tensor_coprime,random_increasing,14104,64,2,False,-1,fc20b3c37abbfbe468d6ab131cfbb70049dd161eed8b509d566753397ef1a531,499,507,2,44,True
v2_equal,random_increasing,14104,64,2,False,-1,2f331379a4ca2393f2e11d8d81dc866207bc46d89ca083dfe9971ef57f65793b,443,451,2,22,True
v2_parity_equal,random_increasing,14104,64,2,False,-1,8cabd9d1687c1703a20f18d0b2a4267b2ecf90e28c2a3a6d4407e40c3bb9fd76,465,473,2,33,True
entropy_increasing,random_increasing,14104,64,2,False,-1,a4298f1c3c6bd601ad7b5ae2ec0525251f9afa16a3ba865c7cd4a15615e27105,503,511,2,63,True
entropy_bin_equal,random_increasing,14104,64,2,False,-1,d1a3dffcff80f21b735e4980bc655a2d7f8c695c12ca944c0ef8132bea6d940f,503,511,2,59,True
ordered_consecutive_tensor_atoms,random_increasing,14104,64,2,False,-1,228c1020e1c369bb214d967153b97a5fc8c4b0c9de73aeb0cf3c7ed6d7be9d95,318,330,2,1,True
consecutive_run_2,random_increasing,14104,64,2,True,0,a93875fe509ac2fae0e0939d3ec71c4d978244c7398dd7185ca68c393426a5a6,1,1,3,0,True
consecutive_run_3,random_increasing,14104,64,2,True,0,a93875fe509ac2fae0e0939d3ec71c4d978244c7398dd7185ca68c393426a5a6,1,1,3,0,True
consecutive_run_4,random_increasing,14104,64,2,True,0,a93875fe509ac2fae0e0939d3ec71c4d978244c7398dd7185ca68c393426a5a6,1,1,3,0,True
consecutive_run_5,random_increasing,14104,64,2,True,0,a93875fe509ac2fae0e0939d3ec71c4d978244c7398dd7185ca68c393426a5a6,1,1,3,0,True
consecutive_run_6,random_increasing,14104,64,2,True,0,a93875fe509ac2fae0e0939d3ec71c4d978244c7398dd7185ca68c393426a5a6,1,1,3,0,True
consecutive_run_7,random_increasing,14104,64,2,True,0,a93875fe509ac2fae0e0939d3ec71c4d978244c7398dd7185ca68c393426a5a6,1,1,3,0,True
consecutive_run_8,random_increasing,14104,64,2,True,0,a93875fe509ac2fae0e0939d3ec71c4d978244c7398dd7185ca68c393426a5a6,1,1,3,0,True
constant,random_increasing,14105,64,2,False,-1,c6347caf50f691cea8d153fef42bf7a0c720c7a68b7fd0d8cddfdd6e284b79cc,433,435,2,63,True
factor_depth_sum,random_increasing,14105,64,2,True,0,a93875fe509ac2fae0e0939d3ec71c4d978244c7398dd7185ca68c393426a5a6,1,1,3,0,True
indecomposable_pair,random_increasing,14105,64,2,True,0,a93875fe509ac2fae0e0939d3ec71c4d978244c7398dd7185ca68c393426a5a6,1,1,3,0,True
factor_depth_equal,random_increasing,14105,64,2,False,-1,9432f40539abbeb36d5e777dd4b1e96f19472a3b5799f6fb97727ceada187a3a,342,351,2,11,True
distinct_depth_equal,random_increasing,14105,64,2,False,-1,114da47ede98d1a0910e6c050a396a5890fe7ef5b4d733451e94f25dceb732bc,379,382,2,32,True
tensor_coprime,random_increasing,14105,64,2,False,-1,3c0259f95b8595a5b65821fdf05aba3c66353694902e9cf30837a21ba38c2385,426,431,2,45,True
v2_equal,random_increasing,14105,64,2,False,-1,f856069cb494a16a8a673977b90e51e89be8421c8db95067099884641df30d4d,363,371,2,20,True
v2_parity_equal,random_increasing,14105,64,2,False,-1,c5ee75a5de423a57337286fcad3ef315064458069590f5814d40409ddcdaa941,381,389,2,28,True
entropy_increasing,random_increasing,14105,64,2,False,-1,c6347caf50f691cea8d153fef42bf7a0c720c7a68b7fd0d8cddfdd6e284b79cc,433,435,2,63,True
entropy_bin_equal,random_increasing,14105,64,2,False,-1,4b3126eaba2af29ab20adb78c579b9698410e1f524aadc76d7283a66f0810667,425,433,2,55,True
ordered_consecutive_tensor_atoms,random_increasing,14105,64,2,True,0,a93875fe509ac2fae0e0939d3ec71c4d978244c7398dd7185ca68c393426a5a6,1,1,3,0,True
consecutive_run_2,random_increasing,14105,64,2,True,0,a93875fe509ac2fae0e0939d3ec71c4d978244c7398dd7185ca68c393426a5a6,1,1,3,0,True
consecutive_run_3,random_increasing,14105,64,2,True,0,a93875fe509ac2fae0e0939d3ec71c4d978244c7398dd7185ca68c393426a5a6,1,1,3,0,True
consecutive_run_4,random_increasing,14105,64,2,True,0,a93875fe509ac2fae0e0939d3ec71c4d978244c7398dd7185ca68c393426a5a6,1,1,3,0,True
consecutive_run_5,random_increasing,14105,64,2,True,0,a93875fe509ac2fae0e0939d3ec71c4d978244c7398dd7185ca68c393426a5a6,1,1,3,0,True
consecutive_run_6,random_increasing,14105,64,2,True,0,a93875fe509ac2fae0e0939d3ec71c4d978244c7398dd7185ca68c393426a5a6,1,1,3,0,True
consecutive_run_7,random_increasing,14105,64,2,True,0,a93875fe509ac2fae0e0939d3ec71c4d978244c7398dd7185ca68c393426a5a6,1,1,3,0,True
consecutive_run_8,random_increasing,14105,64,2,True,0,a93875fe509ac2fae0e0939d3ec71c4d978244c7398dd7185ca68c393426a5a6,1,1,3,0,True
constant,random_increasing,14106,64,2,False,-1,70a01b8c13dab09c2d2a192e1f67895511116e3e9a82f412993f4773b135c1e3,449,454,2,63,True
factor_depth_sum,random_increasing,14106,64,2,False,-1,954ced490e2c11fb22e2541be242604848460747c7f1c6d569b4059af97cd518,309,319,2,3,True
indecomposable_pair,random_increasing,14106,64,2,False,-1,954ced490e2c11fb22e2541be242604848460747c7f1c6d569b4059af97cd518,309,319,2,3,True
factor_depth_equal,random_increasing,14106,64,2,False,-1,131472b7c9ae2d2562b346a785c87fe088e704a510cf24183cd3d0826f73b7a3,379,386,2,15,True
distinct_depth_equal,random_increasing,14106,64,2,False,-1,eb7217ae809e2435839dcc2be0d4e10a7c7870020aec21d4975b5601ffef4787,398,403,2,25,True
tensor_coprime,random_increasing,14106,64,2,False,-1,be6a099897957389f888c749737d023306ad3d1da902cd59ec02130da31dc6c3,436,443,2,41,True
v2_equal,random_increasing,14106,64,2,False,-1,9cfa3973f4b2f38ab05814cfa44f37df975df335fc975361e53858c90d08c694,385,392,2,19,True
v2_parity_equal,random_increasing,14106,64,2,False,-1,5c66138169efaf8fc53c672cf9f23f89eeffc7613cb2155f28dd8dafaa620cd6,407,414,2,26,True
entropy_increasing,random_increasing,14106,64,2,False,-1,70a01b8c13dab09c2d2a192e1f67895511116e3e9a82f412993f4773b135c1e3,449,454,2,63,True
entropy_bin_equal,random_increasing,14106,64,2,False,-1,c9c082a046520930b0072764894a067e7a5384a14309821a749e56197535a4a0,448,454,2,57,True
ordered_consecutive_tensor_atoms,random_increasing,14106,64,2,False,-1,2ccef10bc1daf0fbd3e32c9570be2fe8321ef3f9b304eabae4f320ce8233aee0,293,305,2,1,True
consecutive_run_2,random_increasing,14106,64,2,True,0,a93875fe509ac2fae0e0939d3ec71c4d978244c7398dd7185ca68c393426a5a6,1,1,3,0,True
consecutive_run_3,random_increasing,14106,64,2,True,0,a93875fe509ac2fae0e0939d3ec71c4d978244c7398dd7185ca68c393426a5a6,1,1,3,0,True
consecutive_run_4,random_increasing,14106,64,2,True,0,a93875fe509ac2fae0e0939d3ec71c4d978244c7398dd7185ca68c393426a5a6,1,1,3,0,True
consecutive_run_5,random_increasing,14106,64,2,True,0,a93875fe509ac2fae0e0939d3ec71c4d978244c7398dd7185ca68c393426a5a6,1,1,3,0,True
consecutive_run_6,random_increasing,14106,64,2,True,0,a93875fe509ac2fae0e0939d3ec71c4d978244c7398dd7185ca68c393426a5a6,1,1,3,0,True
consecutive_run_7,random_increasing,14106,64,2,True,0,a93875fe509ac2fae0e0939d3ec71c4d978244c7398dd7185ca68c393426a5a6,1,1,3,0,True
consecutive_run_8,random_increasing,14106,64,2,True,0,a93875fe509ac2fae0e0939d3ec71c4d978244c7398dd7185ca68c393426a5a6,1,1,3,0,True
constant,random_increasing,14107,64,2,False,-1,7d6af6ffa15f317ec4b8e9b866fd3cb4a7eb3d3009c1b8f79ff31e3b2225b8b1,416,420,2,63,True
factor_depth_sum,random_increasing,14107,64,2,False,-1,c93d19a31539925480bc3262ffdf8796625f9761e7a6b2a33d7a42d5f08c5736,288,297,2,2,True
indecomposable_pair,random_increasing,14107,64,2,False,-1,c93d19a31539925480bc3262ffdf8796625f9761e7a6b2a33d7a42d5f08c5736,288,297,2,2,True
factor_depth_equal,random_increasing,14107,64,2,False,-1,5f52de03214b1a4a8408d4881d681b6070ff25fb5ab59bb4c22273ef574b7e0a,355,360,2,13,True
distinct_depth_equal,random_increasing,14107,64,2,False,-1,6e5e2d10bf59ee0fe7b2ec1f85965d1a8e011899bfc9df0432c821c0431db490,376,381,2,25,True
tensor_coprime,random_increasing,14107,64,2,False,-1,8fdd4e15a1f04029fa2d3ed09b47accb1734750ff4f4762a6e53a9784d94c753,406,409,2,35,True
v2_equal,random_increasing,14107,64,2,False,-1,1d45ad5a735c5600dd57c09c795c611113a30b07904c23d3a7f6aef2f80c989e,367,371,2,18,True
v2_parity_equal,random_increasing,14107,64,2,False,-1,b911eb2aa50938a760139224b689eb6d8c4237381c93cf8e46d721e09e5c4487,392,397,2,31,True
entropy_increasing,random_increasing,14107,64,2,False,-1,7d6af6ffa15f317ec4b8e9b866fd3cb4a7eb3d3009c1b8f79ff31e3b2225b8b1,416,420,2,63,True
entropy_bin_equal,random_increasing,14107,64,2,False,-1,864dba8765b782ba0e3d73096c938b43b934441eddc29522bf4e2f04d46264ea,416,420,2,57,True
ordered_consecutive_tensor_atoms,random_increasing,14107,64,2,True,0,a93875fe509ac2fae0e0939d3ec71c4d978244c7398dd7185ca68c393426a5a6,1,1,3,0,True
consecutive_run_2,random_increasing,14107,64,2,True,0,a93875fe509ac2fae0e0939d3ec71c4d978244c7398dd7185ca68c393426a5a6,1,1,3,0,True
consecutive_run_3,random_increasing,14107,64,2,True,0,a93875fe509ac2fae0e0939d3ec71c4d978244c7398dd7185ca68c393426a5a6,1,1,3,0,True
consecutive_run_4,random_increasing,14107,64,2,True,0,a93875fe509ac2fae0e0939d3ec71c4d978244c7398dd7185ca68c393426a5a6,1,1,3,0,True
consecutive_run_5,random_increasing,14107,64,2,True,0,a93875fe509ac2fae0e0939d3ec71c4d978244c7398dd7185ca68c393426a5a6,1,1,3,0,True
consecutive_run_6,random_increasing,14107,64,2,True,0,a93875fe509ac2fae0e0939d3ec71c4d978244c7398dd7185ca68c393426a5a6,1,1,3,0,True
consecutive_run_7,random_increasing,14107,64,2,True,0,a93875fe509ac2fae0e0939d3ec71c4d978244c7398dd7185ca68c393426a5a6,1,1,3,0,True
consecutive_run_8,random_increasing,14107,64,2,True,0,a93875fe509ac2fae0e0939d3ec71c4d978244c7398dd7185ca68c393426a5a6,1,1,3,0,True
constant,random_increasing,14108,64,2,False,-1,6067587713aff53f24a4202697a8304393231feedbdd28cc950cfbacb87f6866,444,450,2,63,True
factor_depth_sum,random_increasing,14108,64,2,True,0,a93875fe509ac2fae0e0939d3ec71c4d978244c7398dd7185ca68c393426a5a6,1,1,3,0,True
indecomposable_pair,random_increasing,14108,64,2,True,0,a93875fe509ac2fae0e0939d3ec71c4d978244c7398dd7185ca68c393426a5a6,1,1,3,0,True
factor_depth_equal,random_increasing,14108,64,2,False,-1,0982576a37651269b113e866ad465fb65cc4c1acb4760c0541e57d33378dcf3b,356,363,2,12,True
distinct_depth_equal,random_increasing,14108,64,2,False,-1,e4551967ea14b2e20932740e590d5664b2ab2e45e4a715cf6f89ef5676d91a7f,366,373,2,21,True
tensor_coprime,random_increasing,14108,64,2,False,-1,278d1ae709e69c04916880ea63a94058d8381762a959248bafd578457abfe731,430,437,2,36,True
v2_equal,random_increasing,14108,64,2,False,-1,649ce57ded7785b2d77c9105119c772c4dad7b588de4e903ea234580c3bea7dd,368,377,2,13,True
v2_parity_equal,random_increasing,14108,64,2,False,-1,122080f62e8b1b726e60887e6fba5b534cee679237997494eb36948628833cc5,414,422,2,31,True
entropy_increasing,random_increasing,14108,64,2,False,-1,6067587713aff53f24a4202697a8304393231feedbdd28cc950cfbacb87f6866,444,450,2,63,True
entropy_bin_equal,random_increasing,14108,64,2,False,-1,cf7566c489fde7acff8860740d892a1c11db6bc704976e0ff9c42d29f64aca09,441,449,2,58,True
ordered_consecutive_tensor_atoms,random_increasing,14108,64,2,True,0,a93875fe509ac2fae0e0939d3ec71c4d978244c7398dd7185ca68c393426a5a6,1,1,3,0,True
consecutive_run_2,random_increasing,14108,64,2,True,0,a93875fe509ac2fae0e0939d3ec71c4d978244c7398dd7185ca68c393426a5a6,1,1,3,0,True
consecutive_run_3,random_increasing,14108,64,2,True,0,a93875fe509ac2fae0e0939d3ec71c4d978244c7398dd7185ca68c393426a5a6,1,1,3,0,True
consecutive_run_4,random_increasing,14108,64,2,True,0,a93875fe509ac2fae0e0939d3ec71c4d978244c7398dd7185ca68c393426a5a6,1,1,3,0,True
consecutive_run_5,random_increasing,14108,64,2,True,0,a93875fe509ac2fae0e0939d3ec71c4d978244c7398dd7185ca68c393426a5a6,1,1,3,0,True
consecutive_run_6,random_increasing,14108,64,2,True,0,a93875fe509ac2fae0e0939d3ec71c4d978244c7398dd7185ca68c393426a5a6,1,1,3,0,True
consecutive_run_7,random_increasing,14108,64,2,True,0,a93875fe509ac2fae0e0939d3ec71c4d978244c7398dd7185ca68c393426a5a6,1,1,3,0,True
consecutive_run_8,random_increasing,14108,64,2,True,0,a93875fe509ac2fae0e0939d3ec71c4d978244c7398dd7185ca68c393426a5a6,1,1,3,0,True
constant,random_increasing,14109,64,2,False,-1,35a657a3c01bf796b374d983697dee9ae85937a0c6a1bc64b5698e6162521776,461,468,2,63,True
factor_depth_sum,random_increasing,14109,64,2,False,-1,2214f14388eb9d848bdba6da97c6cf22344369b054927c2e44560877951fb212,320,330,2,2,True
indecomposable_pair,random_increasing,14109,64,2,False,-1,2214f14388eb9d848bdba6da97c6cf22344369b054927c2e44560877951fb212,320,330,2,2,True
factor_depth_equal,random_increasing,14109,64,2,False,-1,c8af04b5af7d73030a6f8718abf690cf02dcf41802d9b1af5d6f657c12395795,386,393,2,17,True
distinct_depth_equal,random_increasing,14109,64,2,False,-1,9127bf6f2035334a8566fd4841612784399a39b6d79c9e98aa5036c9b6588edf,393,400,2,17,True
tensor_coprime,random_increasing,14109,64,2,False,-1,9206c5714aa285303cea84bc7bbe1b0c2187e37d0069703073c0413e150439a2,450,459,2,38,True
v2_equal,random_increasing,14109,64,2,False,-1,cf5ad80318fee824cf438f2e9ae2d37417be7e66ddfe3f2e8b4037036747ff82,397,403,2,17,True
v2_parity_equal,random_increasing,14109,64,2,False,-1,6e0397da397006ce96879eab19078c429fb9e62da7560571f3b2674ba52b53a1,423,430,2,28,True
entropy_increasing,random_increasing,14109,64,2,False,-1,35a657a3c01bf796b374d983697dee9ae85937a0c6a1bc64b5698e6162521776,461,468,2,63,True
entropy_bin_equal,random_increasing,14109,64,2,False,-1,47d3781537f4048113a716ba1043200c0b29e2c2e56821980346323d78f52314,462,469,2,58,True
ordered_consecutive_tensor_atoms,random_increasing,14109,64,2,True,0,a93875fe509ac2fae0e0939d3ec71c4d978244c7398dd7185ca68c393426a5a6,1,1,3,0,True
consecutive_run_2,random_increasing,14109,64,2,True,0,a93875fe509ac2fae0e0939d3ec71c4d978244c7398dd7185ca68c393426a5a6,1,1,3,0,True
consecutive_run_3,random_increasing,14109,64,2,True,0,a93875fe509ac2fae0e0939d3ec71c4d978244c7398dd7185ca68c393426a5a6,1,1,3,0,True
consecutive_run_4,random_increasing,14109,64,2,True,0,a93875fe509ac2fae0e0939d3ec71c4d978244c7398dd7185ca68c393426a5a6,1,1,3,0,True
consecutive_run_5,random_increasing,14109,64,2,True,0,a93875fe509ac2fae0e0939d3ec71c4d978244c7398dd7185ca68c393426a5a6,1,1,3,0,True
consecutive_run_6,random_increasing,14109,64,2,True,0,a93875fe509ac2fae0e0939d3ec71c4d978244c7398dd7185ca68c393426a5a6,1,1,3,0,True
consecutive_run_7,random_increasing,14109,64,2,True,0,a93875fe509ac2fae0e0939d3ec71c4d978244c7398dd7185ca68c393426a5a6,1,1,3,0,True
consecutive_run_8,random_increasing,14109,64,2,True,0,a93875fe509ac2fae0e0939d3ec71c4d978244c7398dd7185ca68c393426a5a6,1,1,3,0,True
constant,random_increasing,14110,64,2,False,-1,45f2f20ddc401c1597318a90b7cc969328466bcd6c2b187f1f66a054b16132f7,457,464,2,63,True
factor_depth_sum,random_increasing,14110,64,2,True,0,a93875fe509ac2fae0e0939d3ec71c4d978244c7398dd7185ca68c393426a5a6,1,1,3,0,True
indecomposable_pair,random_increasing,14110,64,2,True,0,a93875fe509ac2fae0e0939d3ec71c4d978244c7398dd7185ca68c393426a5a6,1,1,3,0,True
factor_depth_equal,random_increasing,14110,64,2,False,-1,22797e8ee8ceb2065cb3e096228498413ed84a12384bffc01b1be26edfe45912,379,388,2,14,True
distinct_depth_equal,random_increasing,14110,64,2,False,-1,4a53d8c6ff6a8015279c8c205ae5f8adc71588feb2539f03a24ed108bf7937f2,393,402,2,21,True
tensor_coprime,random_increasing,14110,64,2,False,-1,ecf5bff0f5c1239a8cbf4577320b2fff298a41446c3125a30a7ed14fde4f2e07,438,447,2,42,True
v2_equal,random_increasing,14110,64,2,False,-1,97ba66fff5c52c149f383021522f01268524d04e19456afc96367b136fd960f8,392,402,2,19,True
v2_parity_equal,random_increasing,14110,64,2,False,-1,3aba3c5cdc5ff94ceeb6cb4bb176c49545392b0ace94ef6d3f9d550ddc70bf7a,410,419,2,30,True
entropy_increasing,random_increasing,14110,64,2,False,-1,45f2f20ddc401c1597318a90b7cc969328466bcd6c2b187f1f66a054b16132f7,457,464,2,63,True
entropy_bin_equal,random_increasing,14110,64,2,False,-1,d2e4c140d379dabed0b05ef30d36f0324d5488b443d9b9a30cb5c886926c2d75,456,464,2,59,True
ordered_consecutive_tensor_atoms,random_increasing,14110,64,2,True,0,a93875fe509ac2fae0e0939d3ec71c4d978244c7398dd7185ca68c393426a5a6,1,1,3,0,True
consecutive_run_2,random_increasing,14110,64,2,True,0,a93875fe509ac2fae0e0939d3ec71c4d978244c7398dd7185ca68c393426a5a6,1,1,3,0,True
consecutive_run_3,random_increasing,14110,64,2,True,0,a93875fe509ac2fae0e0939d3ec71c4d978244c7398dd7185ca68c393426a5a6,1,1,3,0,True
consecutive_run_4,random_increasing,14110,64,2,True,0,a93875fe509ac2fae0e0939d3ec71c4d978244c7398dd7185ca68c393426a5a6,1,1,3,0,True
consecutive_run_5,random_increasing,14110,64,2,True,0,a93875fe509ac2fae0e0939d3ec71c4d978244c7398dd7185ca68c393426a5a6,1,1,3,0,True
consecutive_run_6,random_increasing,14110,64,2,True,0,a93875fe509ac2fae0e0939d3ec71c4d978244c7398dd7185ca68c393426a5a6,1,1,3,0,True
consecutive_run_7,random_increasing,14110,64,2,True,0,a93875fe509ac2fae0e0939d3ec71c4d978244c7398dd7185ca68c393426a5a6,1,1,3,0,True
consecutive_run_8,random_increasing,14110,64,2,True,0,a93875fe509ac2fae0e0939d3ec71c4d978244c7398dd7185ca68c393426a5a6,1,1,3,0,True
constant,random_increasing,14111,64,2,False,-1,d3d78ac0ef772e8b6328b25df2edef144cd2aeec6500fba80dda4ee4b10e0c9e,444,451,2,63,True
factor_depth_sum,random_increasing,14111,64,2,False,-1,f5d53bbf7165fd17bd9084c90f27bb984dee30ed0a9eb4de019b649773970dbd,303,311,2,2,True
indecomposable_pair,random_increasing,14111,64,2,False,-1,f5d53bbf7165fd17bd9084c90f27bb984dee30ed0a9eb4de019b649773970dbd,303,311,2,2,True
factor_depth_equal,random_increasing,14111,64,2,False,-1,9e7a4bb794f8dd0628651212059352fabd4beaa1cb939cd54a4fd6a5ecb796fa,385,393,2,14,True
distinct_depth_equal,random_increasing,14111,64,2,False,-1,c122b07b157af7fa4fcc352dd620719e46c8afaddc0bbba8e7db5914dbc8aeec,400,407,2,28,True
tensor_coprime,random_increasing,14111,64,2,False,-1,4ecbdb7656e6558961126177041d9f276f7f2a183ddcdc5b5ec50b82c7a648e4,428,435,2,39,True
v2_equal,random_increasing,14111,64,2,False,-1,9dbef6879813829b0ac4616ba2619ebe1a3092e1e27a459c5c7d510d79c689bf,399,406,2,22,True
v2_parity_equal,random_increasing,14111,64,2,False,-1,3100ccd377a02dbe94d4019502996765bd1ec63246a7387b9efee57c7fb3e26b,408,415,2,29,True
entropy_increasing,random_increasing,14111,64,2,False,-1,d3d78ac0ef772e8b6328b25df2edef144cd2aeec6500fba80dda4ee4b10e0c9e,444,451,2,63,True
entropy_bin_equal,random_increasing,14111,64,2,False,-1,b1fa5b4fccd50e91535d42208ebbe49ef9e670a17729a207bb1a126c3426723a,444,451,2,59,True
ordered_consecutive_tensor_atoms,random_increasing,14111,64,2,False,-1,f5d53bbf7165fd17bd9084c90f27bb984dee30ed0a9eb4de019b649773970dbd,303,311,2,2,True
consecutive_run_2,random_increasing,14111,64,2,True,0,a93875fe509ac2fae0e0939d3ec71c4d978244c7398dd7185ca68c393426a5a6,1,1,3,0,True
consecutive_run_3,random_increasing,14111,64,2,True,0,a93875fe509ac2fae0e0939d3ec71c4d978244c7398dd7185ca68c393426a5a6,1,1,3,0,True
consecutive_run_4,random_increasing,14111,64,2,True,0,a93875fe509ac2fae0e0939d3ec71c4d978244c7398dd7185ca68c393426a5a6,1,1,3,0,True
consecutive_run_5,random_increasing,14111,64,2,True,0,a93875fe509ac2fae0e0939d3ec71c4d978244c7398dd7185ca68c393426a5a6,1,1,3,0,True
consecutive_run_6,random_increasing,14111,64,2,True,0,a93875fe509ac2fae0e0939d3ec71c4d978244c7398dd7185ca68c393426a5a6,1,1,3,0,True
consecutive_run_7,random_increasing,14111,64,2,True,0,a93875fe509ac2fae0e0939d3ec71c4d978244c7398dd7185ca68c393426a5a6,1,1,3,0,True
consecutive_run_8,random_increasing,14111,64,2,True,0,a93875fe509ac2fae0e0939d3ec71c4d978244c7398dd7185ca68c393426a5a6,1,1,3,0,True
constant,random_increasing,14112,64,2,False,-1,6272a53d3368b7460b91dabdc78d8fd80790b03c9aac64029a429e4f1c9ff127,445,448,2,63,True
factor_depth_sum,random_increasing,14112,64,2,False,-1,7c2a0edc1c109a40cbca34ca7cbdc9e1283eca8e4b2e0411ad28fce6365cb30d,297,310,2,1,True
indecomposable_pair,random_increasing,14112,64,2,False,-1,7c2a0edc1c109a40cbca34ca7cbdc9e1283eca8e4b2e0411ad28fce6365cb30d,297,310,2,1,True
factor_depth_equal,random_increasing,14112,64,2,False,-1,769c39ffa649cd5459e665ce5eccb89d87bab0ec1a626efd2751f81910511d79,352,359,2,12,True
distinct_depth_equal,random_increasing,14112,64,2,False,-1,0ba56317e639449439b6760a608c11f18653e955dee3b9b41168e3ab74af9737,410,416,2,29,True
tensor_coprime,random_increasing,14112,64,2,False,-1,f69469d9a08ea74b7eb9d7177c8304fb19fb943855ee9344ac4617791ce148e5,431,434,2,35,True
v2_equal,random_increasing,14112,64,2,False,-1,e4f3a7343cfb199c1824bd688d0b4595d4466534341e6bcf5afbcb3a01950497,380,390,2,16,True
v2_parity_equal,random_increasing,14112,64,2,False,-1,4f4465fe98be1b3bf4581eb3087e83c4c18195fcfc41b857da760f9e803a02a3,414,420,2,31,True
entropy_increasing,random_increasing,14112,64,2,False,-1,6272a53d3368b7460b91dabdc78d8fd80790b03c9aac64029a429e4f1c9ff127,445,448,2,63,True
entropy_bin_equal,random_increasing,14112,64,2,False,-1,c1cbb6422a5ec1f3640df48234107a891f69ee4ac8416613c4d0007842454bd4,440,448,2,56,True
ordered_consecutive_tensor_atoms,random_increasing,14112,64,2,True,0,a93875fe509ac2fae0e0939d3ec71c4d978244c7398dd7185ca68c393426a5a6,1,1,3,0,True
consecutive_run_2,random_increasing,14112,64,2,True,0,a93875fe509ac2fae0e0939d3ec71c4d978244c7398dd7185ca68c393426a5a6,1,1,3,0,True
consecutive_run_3,random_increasing,14112,64,2,True,0,a93875fe509ac2fae0e0939d3ec71c4d978244c7398dd7185ca68c393426a5a6,1,1,3,0,True
consecutive_run_4,random_increasing,14112,64,2,True,0,a93875fe509ac2fae0e0939d3ec71c4d978244c7398dd7185ca68c393426a5a6,1,1,3,0,True
consecutive_run_5,random_increasing,14112,64,2,True,0,a93875fe509ac2fae0e0939d3ec71c4d978244c7398dd7185ca68c393426a5a6,1,1,3,0,True
consecutive_run_6,random_increasing,14112,64,2,True,0,a93875fe509ac2fae0e0939d3ec71c4d978244c7398dd7185ca68c393426a5a6,1,1,3,0,True
consecutive_run_7,random_increasing,14112,64,2,True,0,a93875fe509ac2fae0e0939d3ec71c4d978244c7398dd7185ca68c393426a5a6,1,1,3,0,True
consecutive_run_8,random_increasing,14112,64,2,True,0,a93875fe509ac2fae0e0939d3ec71c4d978244c7398dd7185ca68c393426a5a6,1,1,3,0,True
constant,random_increasing,14113,64,2,False,-1,71100ea0e0cd320a8ee9c11206bf6843f8748b7a507a5c80d2f1c3289be9c13a,429,433,2,63,True
factor_depth_sum,random_increasing,14113,64,2,False,-1,2e206fa7ff923f4eb07e01bd26c21c9623f7cd46ef1d57ec979ffdd40c7bd906,304,316,2,1,True
indecomposable_pair,random_increasing,14113,64,2,False,-1,2e206fa7ff923f4eb07e01bd26c21c9623f7cd46ef1d57ec979ffdd40c7bd906,304,316,2,1,True
factor_depth_equal,random_increasing,14113,64,2,False,-1,95b85ecba35ddb14677b645919593ab3d46a7ec3dfb1ea40208ff64f5c2d8142,348,355,2,10,True
distinct_depth_equal,random_increasing,14113,64,2,False,-1,d56aa914080d61053ff69e6d8822c1d56ff2bbafe0c84674f9b2a6c48577593e,384,388,2,25,True
tensor_coprime,random_increasing,14113,64,2,False,-1,2eaaf376627ed3853caf997702c96fbd60f0985cd1186fd6de73c870646e6300,416,420,2,31,True
v2_equal,random_increasing,14113,64,2,False,-1,d5808b2c24f32e25a6640519f03a76732807bdb407a1bdaebf33d88f729afb3a,403,411,2,21,True
v2_parity_equal,random_increasing,14113,64,2,False,-1,7125bf4783ea1afed5d23f08067e3c457bd97c5287fa21f3aed5d65f53c3afcf,414,418,2,34,True
entropy_increasing,random_increasing,14113,64,2,False,-1,71100ea0e0cd320a8ee9c11206bf6843f8748b7a507a5c80d2f1c3289be9c13a,429,433,2,63,True
entropy_bin_equal,random_increasing,14113,64,2,False,-1,d0c2204875bf8b080e21bfc7dec332d717e14fa97b611529699626e6990498d9,428,432,2,57,True
ordered_consecutive_tensor_atoms,random_increasing,14113,64,2,False,-1,2e206fa7ff923f4eb07e01bd26c21c9623f7cd46ef1d57ec979ffdd40c7bd906,304,316,2,1,True
consecutive_run_2,random_increasing,14113,64,2,True,0,a93875fe509ac2fae0e0939d3ec71c4d978244c7398dd7185ca68c393426a5a6,1,1,3,0,True
consecutive_run_3,random_increasing,14113,64,2,True,0,a93875fe509ac2fae0e0939d3ec71c4d978244c7398dd7185ca68c393426a5a6,1,1,3,0,True
consecutive_run_4,random_increasing,14113,64,2,True,0,a93875fe509ac2fae0e0939d3ec71c4d978244c7398dd7185ca68c393426a5a6,1,1,3,0,True
consecutive_run_5,random_increasing,14113,64,2,True,0,a93875fe509ac2fae0e0939d3ec71c4d978244c7398dd7185ca68c393426a5a6,1,1,3,0,True
consecutive_run_6,random_increasing,14113,64,2,True,0,a93875fe509ac2fae0e0939d3ec71c4d978244c7398dd7185ca68c393426a5a6,1,1,3,0,True
consecutive_run_7,random_increasing,14113,64,2,True,0,a93875fe509ac2fae0e0939d3ec71c4d978244c7398dd7185ca68c393426a5a6,1,1,3,0,True
consecutive_run_8,random_increasing,14113,64,2,True,0,a93875fe509ac2fae0e0939d3ec71c4d978244c7398dd7185ca68c393426a5a6,1,1,3,0,True
constant,random_increasing,14114,64,2,False,-1,22a55ff47160283727381a2871b85f9786d67d396480cf770269162953d29ba8,492,498,2,63,True
factor_depth_sum,random_increasing,14114,64,2,False,-1,a3d4830418a98465c49faeda2f21e4bcaa774694d0beea0870eb8bd19e409dc3,324,335,2,1,True
indecomposable_pair,random_increasing,14114,64,2,False,-1,a3d4830418a98465c49faeda2f21e4bcaa774694d0beea0870eb8bd19e409dc3,324,335,2,1,True
factor_depth_equal,random_increasing,14114,64,2,False,-1,feb638e899e65874db580a96fca19c779230ca7078a74460b0a69c0df8c03829,369,376,2,10,True
distinct_depth_equal,random_increasing,14114,64,2,False,-1,26797dda954e8d4d19ea1e18b8bea0183024de2eb583f449422dac6aab349871,416,422,2,19,True
tensor_coprime,random_increasing,14114,64,2,False,-1,668c28a34edd8e776a952da6f9b4a64bb157e7d1a9da2b727d34e2eefb13ba6b,473,480,2,34,True
v2_equal,random_increasing,14114,64,2,False,-1,37b0b3ab1ad69a875ab87d83caa7068fee7146209b9bfa06199cc9864b7b8fb4,426,434,2,19,True
v2_parity_equal,random_increasing,14114,64,2,False,-1,520c1c85deabd9ce988697557838bd9c35ddacb05ba8f0af833382c057382d4f,460,468,2,30,True
entropy_increasing,random_increasing,14114,64,2,False,-1,22a55ff47160283727381a2871b85f9786d67d396480cf770269162953d29ba8,492,498,2,63,True
entropy_bin_equal,random_increasing,14114,64,2,False,-1,6caa833eeec9b8894e80692e6daccd6ed7da5529d5f3eddc0c23b9f63735f3fe,488,496,2,58,True
ordered_consecutive_tensor_atoms,random_increasing,14114,64,2,False,-1,a3d4830418a98465c49faeda2f21e4bcaa774694d0beea0870eb8bd19e409dc3,324,335,2,1,True
consecutive_run_2,random_increasing,14114,64,2,True,0,a93875fe509ac2fae0e0939d3ec71c4d978244c7398dd7185ca68c393426a5a6,1,1,3,0,True
consecutive_run_3,random_increasing,14114,64,2,True,0,a93875fe509ac2fae0e0939d3ec71c4d978244c7398dd7185ca68c393426a5a6,1,1,3,0,True
consecutive_run_4,random_increasing,14114,64,2,True,0,a93875fe509ac2fae0e0939d3ec71c4d978244c7398dd7185ca68c393426a5a6,1,1,3,0,True
consecutive_run_5,random_increasing,14114,64,2,True,0,a93875fe509ac2fae0e0939d3ec71c4d978244c7398dd7185ca68c393426a5a6,1,1,3,0,True
consecutive_run_6,random_increasing,14114,64,2,True,0,a93875fe509ac2fae0e0939d3ec71c4d978244c7398dd7185ca68c393426a5a6,1,1,3,0,True
consecutive_run_7,random_increasing,14114,64,2,True,0,a93875fe509ac2fae0e0939d3ec71c4d978244c7398dd7185ca68c393426a5a6,1,1,3,0,True
consecutive_run_8,random_increasing,14114,64,2,True,0,a93875fe509ac2fae0e0939d3ec71c4d978244c7398dd7185ca68c393426a5a6,1,1,3,0,True
constant,random_increasing,14115,64,2,False,-1,d76aba5c819a22c1a074475611a2cfb7b7ee6eae37e44df698caea60c064afe5,457,461,2,63,True
factor_depth_sum,random_increasing,14115,64,2,True,0,a93875fe509ac2fae0e0939d3ec71c4d978244c7398dd7185ca68c393426a5a6,1,1,3,0,True
indecomposable_pair,random_increasing,14115,64,2,True,0,a93875fe509ac2fae0e0939d3ec71c4d978244c7398dd7185ca68c393426a5a6,1,1,3,0,True
factor_depth_equal,random_increasing,14115,64,2,False,-1,d2a169aede0d4e085bbad4a01272720f08442a8229be33c73b5d48ce13407d18,362,369,2,15,True
distinct_depth_equal,random_increasing,14115,64,2,False,-1,67c99ca895fb646000640f2b2f85bbf74aadff0341d9231392fe9026168dcd1d,392,396,2,26,True
tensor_coprime,random_increasing,14115,64,2,False,-1,0db00bfdcb31e018b9f5cc3c7af8d33609c7ed374dd67a34b87cbf956006df71,410,417,2,28,True
v2_equal,random_increasing,14115,64,2,False,-1,e4dc9cc9a0ff5f1492d2ea4b8e710756e06c6d445ecae2878e0b1661ce7b8c12,395,398,2,22,True
v2_parity_equal,random_increasing,14115,64,2,False,-1,37b960830910ac9780687cee5e1b44c13164b2bf187b246afc3886485203510c,436,439,2,40,True
entropy_increasing,random_increasing,14115,64,2,False,-1,d76aba5c819a22c1a074475611a2cfb7b7ee6eae37e44df698caea60c064afe5,457,461,2,63,True
entropy_bin_equal,random_increasing,14115,64,2,False,-1,62104a1e46b62dccf2460716371b8c7e775db28dc3ff0500c9dee8dc3da5cdde,454,460,2,57,True
ordered_consecutive_tensor_atoms,random_increasing,14115,64,2,True,0,a93875fe509ac2fae0e0939d3ec71c4d978244c7398dd7185ca68c393426a5a6,1,1,3,0,True
consecutive_run_2,random_increasing,14115,64,2,True,0,a93875fe509ac2fae0e0939d3ec71c4d978244c7398dd7185ca68c393426a5a6,1,1,3,0,True
consecutive_run_3,random_increasing,14115,64,2,True,0,a93875fe509ac2fae0e0939d3ec71c4d978244c7398dd7185ca68c393426a5a6,1,1,3,0,True
consecutive_run_4,random_increasing,14115,64,2,True,0,a93875fe509ac2fae0e0939d3ec71c4d978244c7398dd7185ca68c393426a5a6,1,1,3,0,True
consecutive_run_5,random_increasing,14115,64,2,True,0,a93875fe509ac2fae0e0939d3ec71c4d978244c7398dd7185ca68c393426a5a6,1,1,3,0,True
consecutive_run_6,random_increasing,14115,64,2,True,0,a93875fe509ac2fae0e0939d3ec71c4d978244c7398dd7185ca68c393426a5a6,1,1,3,0,True
consecutive_run_7,random_increasing,14115,64,2,True,0,a93875fe509ac2fae0e0939d3ec71c4d978244c7398dd7185ca68c393426a5a6,1,1,3,0,True
consecutive_run_8,random_increasing,14115,64,2,True,0,a93875fe509ac2fae0e0939d3ec71c4d978244c7398dd7185ca68c393426a5a6,1,1,3,0,True
constant,prefix_preserving_shuffle,12,64,2,False,-1,666c0dc414a21a3f4f121274442a530139034eb6df669206d01f5c3c6511efc6,455,457,2,63,True
factor_depth_sum,prefix_preserving_shuffle,12,64,2,False,-1,666c0dc414a21a3f4f121274442a530139034eb6df669206d01f5c3c6511efc6,455,457,2,63,True
indecomposable_pair,prefix_preserving_shuffle,12,64,2,False,-1,666c0dc414a21a3f4f121274442a530139034eb6df669206d01f5c3c6511efc6,455,457,2,63,True
factor_depth_equal,prefix_preserving_shuffle,12,64,2,False,-1,666c0dc414a21a3f4f121274442a530139034eb6df669206d01f5c3c6511efc6,455,457,2,63,True
distinct_depth_equal,prefix_preserving_shuffle,12,64,2,False,-1,666c0dc414a21a3f4f121274442a530139034eb6df669206d01f5c3c6511efc6,455,457,2,63,True
tensor_coprime,prefix_preserving_shuffle,12,64,2,False,-1,666c0dc414a21a3f4f121274442a530139034eb6df669206d01f5c3c6511efc6,455,457,2,63,True
v2_equal,prefix_preserving_shuffle,12,64,2,False,-1,18f96976a5b28c5336f845490c300876039718ff95db4180ef03f92291ce34ff,454,457,2,62,True
v2_parity_equal,prefix_preserving_shuffle,12,64,2,False,-1,18f96976a5b28c5336f845490c300876039718ff95db4180ef03f92291ce34ff,454,457,2,62,True
entropy_increasing,prefix_preserving_shuffle,12,64,2,False,-1,c64550da8fbcdee388c8c4047f1369942e4be20fec395161b2b571023a081a06,249,251,2,12,True
entropy_bin_equal,prefix_preserving_shuffle,12,64,2,False,-1,e117032d8c0e6d39795be559e9ad509cf6c20500af0b59d3c18c280060adaa00,454,456,2,55,True
ordered_consecutive_tensor_atoms,prefix_preserving_shuffle,12,64,2,False,-1,33b5138894bd99cac71834a7102a3a5474489d71a8d85a738eb571c446d901d6,244,246,2,11,True
consecutive_run_2,prefix_preserving_shuffle,12,64,2,False,-1,dcd334c60eea1edd1b978e9d9885d8012ee7ebc4ddc0f299fbc6354c7f8aeca0,243,246,2,10,True
consecutive_run_3,prefix_preserving_shuffle,12,64,2,False,-1,da8e39db9e2b6ac2ae7b2b1a3fda5a0011a6b85038d4f883f4ef129a810b8b49,240,244,2,9,True
consecutive_run_4,prefix_preserving_shuffle,12,64,2,False,-1,06eecce8cd332293bbdf4187527e10ee45cc793c32fc8294614b0b1ada99b5ff,238,243,2,8,True
consecutive_run_5,prefix_preserving_shuffle,12,64,2,False,-1,148071d3ce681136a3e08b03a0258918e403a4ef4fb3df160b70f2005b8081db,234,239,2,7,True
consecutive_run_6,prefix_preserving_shuffle,12,64,2,False,-1,25081d645b078ea1d6816fc46da2b4cc0080c2e8d69c43066c67aca18e30090d,229,235,2,6,True
consecutive_run_7,prefix_preserving_shuffle,12,64,2,False,-1,153fd319ea906505f33ca3fe3462222bc4d28a4746276671184e852975dd56d1,233,239,2,5,True
consecutive_run_8,prefix_preserving_shuffle,12,64,2,False,-1,45d4a48d0364e64334741ce1351aef7835de0820b355d1f2c5592fe3999e1c82,229,235,2,4,True
constant,block_preserving_shuffle,12,64,2,False,-1,0c8f434c4cf47a5ec98d06e79a5470543d8e3959ab39dfdeb481e6d1a9fcaba1,455,457,2,63,True
factor_depth_sum,block_preserving_shuffle,12,64,2,False,-1,0c8f434c4cf47a5ec98d06e79a5470543d8e3959ab39dfdeb481e6d1a9fcaba1,455,457,2,63,True
indecomposable_pair,block_preserving_shuffle,12,64,2,False,-1,0c8f434c4cf47a5ec98d06e79a5470543d8e3959ab39dfdeb481e6d1a9fcaba1,455,457,2,63,True
factor_depth_equal,block_preserving_shuffle,12,64,2,False,-1,0c8f434c4cf47a5ec98d06e79a5470543d8e3959ab39dfdeb481e6d1a9fcaba1,455,457,2,63,True
distinct_depth_equal,block_preserving_shuffle,12,64,2,False,-1,0c8f434c4cf47a5ec98d06e79a5470543d8e3959ab39dfdeb481e6d1a9fcaba1,455,457,2,63,True
tensor_coprime,block_preserving_shuffle,12,64,2,False,-1,0c8f434c4cf47a5ec98d06e79a5470543d8e3959ab39dfdeb481e6d1a9fcaba1,455,457,2,63,True
v2_equal,block_preserving_shuffle,12,64,2,False,-1,fcd1a0f61ed3c31ebb5693448af6fe529b74318ae5166586c7d461341812e118,454,457,2,61,True
v2_parity_equal,block_preserving_shuffle,12,64,2,False,-1,fcd1a0f61ed3c31ebb5693448af6fe529b74318ae5166586c7d461341812e118,454,457,2,61,True
entropy_increasing,block_preserving_shuffle,12,64,2,False,-1,fa44577aee0c30b43db113785e55f46d1bf0d7dab8e1306381c8130a58197d87,455,457,2,62,True
entropy_bin_equal,block_preserving_shuffle,12,64,2,False,-1,e117032d8c0e6d39795be559e9ad509cf6c20500af0b59d3c18c280060adaa00,454,456,2,55,True
ordered_consecutive_tensor_atoms,block_preserving_shuffle,12,64,2,False,-1,fa44577aee0c30b43db113785e55f46d1bf0d7dab8e1306381c8130a58197d87,455,457,2,62,True
consecutive_run_2,block_preserving_shuffle,12,64,2,False,-1,ab9ebdd28ba8f82921ccbcbc455b8e6efd09cf44f584cb5c8628426b65a52e38,451,454,2,60,True
consecutive_run_3,block_preserving_shuffle,12,64,2,False,-1,1fc53fee479df68598d428484baeb44180ee9e5c47931e2d41e5e30598c1a4d7,444,448,2,58,True
consecutive_run_4,block_preserving_shuffle,12,64,2,False,-1,d92b08f82728f51ba513fddcdf446a9a5ec414c10c1579f381666c25b4fec061,441,446,2,56,True
consecutive_run_5,block_preserving_shuffle,12,64,2,False,-1,13c666f8d58c6bfa7309d556df2c9507abfd218fbe5f6671e423a580d0012fb3,433,438,2,54,True
consecutive_run_6,block_preserving_shuffle,12,64,2,False,-1,16e39b27a11a4c51be63b4e86ed058723e91251da284af5e29716704d37d844c,433,439,2,52,True
consecutive_run_7,block_preserving_shuffle,12,64,2,False,-1,fb229ae8b845882b6baa678c4e08d2a24359e04538264631958d3bbad33dbc76,431,437,2,50,True
consecutive_run_8,block_preserving_shuffle,12,64,2,False,-1,25626a783a9f3146c4b6438c992b62359374fb7d49f631f18f7fc7ff054efca4,424,430,2,48,True
constant,tensor_primes,primary,128,2,False,-1,e9f5df5dd0f582a00175224fcdb6ea3237b9407280c748b304cfc2645e0f991e,1074,1077,2,127,True
factor_depth_sum,tensor_primes,primary,128,2,False,-1,e9f5df5dd0f582a00175224fcdb6ea3237b9407280c748b304cfc2645e0f991e,1074,1077,2,127,True
indecomposable_pair,tensor_primes,primary,128,2,False,-1,e9f5df5dd0f582a00175224fcdb6ea3237b9407280c748b304cfc2645e0f991e,1074,1077,2,127,True
factor_depth_equal,tensor_primes,primary,128,2,False,-1,e9f5df5dd0f582a00175224fcdb6ea3237b9407280c748b304cfc2645e0f991e,1074,1077,2,127,True
distinct_depth_equal,tensor_primes,primary,128,2,False,-1,e9f5df5dd0f582a00175224fcdb6ea3237b9407280c748b304cfc2645e0f991e,1074,1077,2,127,True
tensor_coprime,tensor_primes,primary,128,2,False,-1,e9f5df5dd0f582a00175224fcdb6ea3237b9407280c748b304cfc2645e0f991e,1074,1077,2,127,True
v2_equal,tensor_primes,primary,128,2,False,-1,f017afa7fea2d5bbf5897a30a226d70d21901651db9e8929c7e0dd02de8ed30f,1073,1077,2,126,True
v2_parity_equal,tensor_primes,primary,128,2,False,-1,f017afa7fea2d5bbf5897a30a226d70d21901651db9e8929c7e0dd02de8ed30f,1073,1077,2,126,True
entropy_increasing,tensor_primes,primary,128,2,False,-1,e9f5df5dd0f582a00175224fcdb6ea3237b9407280c748b304cfc2645e0f991e,1074,1077,2,127,True
entropy_bin_equal,tensor_primes,primary,128,2,False,-1,c6e34aee30870f8a80d9ac3ca0b672409e4d9a814eada09e105635204d9fd720,1075,1077,2,119,True
ordered_consecutive_tensor_atoms,tensor_primes,primary,128,2,False,-1,e9f5df5dd0f582a00175224fcdb6ea3237b9407280c748b304cfc2645e0f991e,1074,1077,2,127,True
consecutive_run_2,tensor_primes,primary,128,2,False,-1,f017afa7fea2d5bbf5897a30a226d70d21901651db9e8929c7e0dd02de8ed30f,1073,1077,2,126,True
consecutive_run_3,tensor_primes,primary,128,2,False,-1,eb7e3a72f8c1a0a2788c3fe26464ac82a9ffa6d424f79850cdace880cc8354d2,1072,1076,2,125,True
consecutive_run_4,tensor_primes,primary,128,2,False,-1,8ba5ebf66bc7b1bc7d7000425b4ef7f47a714a2d13db9161494c5a3f23cef458,1071,1075,2,124,True
consecutive_run_5,tensor_primes,primary,128,2,False,-1,60c6371a3c0456c3baaf3cb8b3fac6072698e500e1cf12f9bb9947ee8c59cc3a,1068,1073,2,123,True
consecutive_run_6,tensor_primes,primary,128,2,False,-1,97eb66547132abd3d76803414ef56760ae1ad4b620415d6295e51bc38eb0784e,1068,1073,2,122,True
consecutive_run_7,tensor_primes,primary,128,2,False,-1,9001d54ad4468acbefbf0cecbe6d772b91d8b36dc0a8e6258ec160002ac028a0,1068,1073,2,121,True
consecutive_run_8,tensor_primes,primary,128,2,False,-1,1df49fd0b66d205deb7d3e12d9600aa3a5d462f2b24153f9a9ba71541ae30028,1063,1069,2,120,True
constant,composites,deterministic,128,2,False,-1,52bade53da555cad449180a218755bf1eb2c20ae0381101ff8ebc16e6746878a,477,480,2,127,True
factor_depth_sum,composites,deterministic,128,2,True,0,a93875fe509ac2fae0e0939d3ec71c4d978244c7398dd7185ca68c393426a5a6,1,1,4,0,True
indecomposable_pair,composites,deterministic,128,2,True,0,a93875fe509ac2fae0e0939d3ec71c4d978244c7398dd7185ca68c393426a5a6,1,1,3,0,True
factor_depth_equal,composites,deterministic,128,2,False,-1,1d7f5f542aecd88b5a0d86a35e060f3768fd285779cda944b9d6443aa95da3de,472,475,2,37,True
distinct_depth_equal,composites,deterministic,128,2,False,-1,fe0fa81aec405dbeca0761e90b10def89de7c98de355d745ad3b3b2e2a89d61f,472,477,2,67,True
tensor_coprime,composites,deterministic,128,2,False,-1,0b1adb180152354dea0ead1d3e6fbf0cf08ce6eb37c5261f525d56d23b62b533,474,479,2,90,True
v2_equal,composites,deterministic,128,2,True,0,a93875fe509ac2fae0e0939d3ec71c4d978244c7398dd7185ca68c393426a5a6,1,1,3,0,True
v2_parity_equal,composites,deterministic,128,2,False,-1,8921a8f37633ceb91b5a3243ea9357ceaf361cb2240ca2fafb7d3f477f866409,455,460,2,42,True
entropy_increasing,composites,deterministic,128,2,False,-1,52bade53da555cad449180a218755bf1eb2c20ae0381101ff8ebc16e6746878a,477,480,2,127,True
entropy_bin_equal,composites,deterministic,128,2,False,-1,276f7463af5b8a43d174feb8cd0adce1cf8e3b28713c7bcb96e8a90391cb9d33,477,480,2,122,True
ordered_consecutive_tensor_atoms,composites,deterministic,128,2,True,0,a93875fe509ac2fae0e0939d3ec71c4d978244c7398dd7185ca68c393426a5a6,1,1,3,0,True
consecutive_run_2,composites,deterministic,128,2,True,0,a93875fe509ac2fae0e0939d3ec71c4d978244c7398dd7185ca68c393426a5a6,1,1,3,0,True
consecutive_run_3,composites,deterministic,128,2,True,0,a93875fe509ac2fae0e0939d3ec71c4d978244c7398dd7185ca68c393426a5a6,1,1,3,0,True
consecutive_run_4,composites,deterministic,128,2,True,0,a93875fe509ac2fae0e0939d3ec71c4d978244c7398dd7185ca68c393426a5a6,1,1,3,0,True
consecutive_run_5,composites,deterministic,128,2,True,0,a93875fe509ac2fae0e0939d3ec71c4d978244c7398dd7185ca68c393426a5a6,1,1,3,0,True
consecutive_run_6,composites,deterministic,128,2,True,0,a93875fe509ac2fae0e0939d3ec71c4d978244c7398dd7185ca68c393426a5a6,1,1,3,0,True
consecutive_run_7,composites,deterministic,128,2,True,0,a93875fe509ac2fae0e0939d3ec71c4d978244c7398dd7185ca68c393426a5a6,1,1,3,0,True
consecutive_run_8,composites,deterministic,128,2,True,0,a93875fe509ac2fae0e0939d3ec71c4d978244c7398dd7185ca68c393426a5a6,1,1,3,0,True
constant,shuffled_primes,14000,128,2,False,-1,5cf542784039c761ad5ffb19c76e5fde0617bf9d7be558aceead29579339b49f,1076,1078,2,127,True
factor_depth_sum,shuffled_primes,14000,128,2,False,-1,5cf542784039c761ad5ffb19c76e5fde0617bf9d7be558aceead29579339b49f,1076,1078,2,127,True
indecomposable_pair,shuffled_primes,14000,128,2,False,-1,5cf542784039c761ad5ffb19c76e5fde0617bf9d7be558aceead29579339b49f,1076,1078,2,127,True
factor_depth_equal,shuffled_primes,14000,128,2,False,-1,5cf542784039c761ad5ffb19c76e5fde0617bf9d7be558aceead29579339b49f,1076,1078,2,127,True
distinct_depth_equal,shuffled_primes,14000,128,2,False,-1,5cf542784039c761ad5ffb19c76e5fde0617bf9d7be558aceead29579339b49f,1076,1078,2,127,True
tensor_coprime,shuffled_primes,14000,128,2,False,-1,5cf542784039c761ad5ffb19c76e5fde0617bf9d7be558aceead29579339b49f,1076,1078,2,127,True
v2_equal,shuffled_primes,14000,128,2,False,-1,b5790c7d72b54022aaaa9f1de71021bb68aef41b73c844944ccb536499a273c3,1075,1078,2,125,True
v2_parity_equal,shuffled_primes,14000,128,2,False,-1,b5790c7d72b54022aaaa9f1de71021bb68aef41b73c844944ccb536499a273c3,1075,1078,2,125,True
entropy_increasing,shuffled_primes,14000,128,2,False,-1,2ef38260908bf12baf67cd89664b78eb3939cf578db901d112208c4e3d227c93,996,999,2,62,True
entropy_bin_equal,shuffled_primes,14000,128,2,False,-1,479deaaf41a00b68c6a6cea9523e69cdfa881d7546873347242b5cf11891811f,763,770,2,27,True
ordered_consecutive_tensor_atoms,shuffled_primes,14000,128,2,False,-1,86c4bdf1125a1add8c71477c0591f4067c29c9a937b6e8096330f04a3d5fdf94,527,535,2,2,True
consecutive_run_2,shuffled_primes,14000,128,2,True,0,a93875fe509ac2fae0e0939d3ec71c4d978244c7398dd7185ca68c393426a5a6,1,1,3,0,True
consecutive_run_3,shuffled_primes,14000,128,2,True,0,a93875fe509ac2fae0e0939d3ec71c4d978244c7398dd7185ca68c393426a5a6,1,1,3,0,True
consecutive_run_4,shuffled_primes,14000,128,2,True,0,a93875fe509ac2fae0e0939d3ec71c4d978244c7398dd7185ca68c393426a5a6,1,1,3,0,True
consecutive_run_5,shuffled_primes,14000,128,2,True,0,a93875fe509ac2fae0e0939d3ec71c4d978244c7398dd7185ca68c393426a5a6,1,1,3,0,True
consecutive_run_6,shuffled_primes,14000,128,2,True,0,a93875fe509ac2fae0e0939d3ec71c4d978244c7398dd7185ca68c393426a5a6,1,1,3,0,True
consecutive_run_7,shuffled_primes,14000,128,2,True,0,a93875fe509ac2fae0e0939d3ec71c4d978244c7398dd7185ca68c393426a5a6,1,1,3,0,True
consecutive_run_8,shuffled_primes,14000,128,2,True,0,a93875fe509ac2fae0e0939d3ec71c4d978244c7398dd7185ca68c393426a5a6,1,1,3,0,True
constant,shuffled_primes,14001,128,2,False,-1,41312c403e456d88b31112b13d604be6786df425aa0f974cb4a06ea3843caa99,1073,1075,2,127,True
factor_depth_sum,shuffled_primes,14001,128,2,False,-1,41312c403e456d88b31112b13d604be6786df425aa0f974cb4a06ea3843caa99,1073,1075,2,127,True
indecomposable_pair,shuffled_primes,14001,128,2,False,-1,41312c403e456d88b31112b13d604be6786df425aa0f974cb4a06ea3843caa99,1073,1075,2,127,True
factor_depth_equal,shuffled_primes,14001,128,2,False,-1,41312c403e456d88b31112b13d604be6786df425aa0f974cb4a06ea3843caa99,1073,1075,2,127,True
distinct_depth_equal,shuffled_primes,14001,128,2,False,-1,41312c403e456d88b31112b13d604be6786df425aa0f974cb4a06ea3843caa99,1073,1075,2,127,True
tensor_coprime,shuffled_primes,14001,128,2,False,-1,41312c403e456d88b31112b13d604be6786df425aa0f974cb4a06ea3843caa99,1073,1075,2,127,True
v2_equal,shuffled_primes,14001,128,2,False,-1,aa5bdb468e45298a629fe46d839446c82d4b3e83a6f7b2deabe70b417d4016e0,1072,1075,2,125,True
v2_parity_equal,shuffled_primes,14001,128,2,False,-1,aa5bdb468e45298a629fe46d839446c82d4b3e83a6f7b2deabe70b417d4016e0,1072,1075,2,125,True
entropy_increasing,shuffled_primes,14001,128,2,False,-1,39861826ee60eff14d1707b5a1ce31c6949c67f6c12a993ae1f01657f269cfec,985,988,2,62,True
entropy_bin_equal,shuffled_primes,14001,128,2,False,-1,92b0e670f450816df7c96c524f4fcc3d3b3e39758be994216d8ee731d04fe7b0,795,802,2,31,True
ordered_consecutive_tensor_atoms,shuffled_primes,14001,128,2,False,-1,ed88bcac1fa104966802d64a322ae1782609f71c37284d8c11e78e86319c9355,546,556,2,3,True
consecutive_run_2,shuffled_primes,14001,128,2,True,0,a93875fe509ac2fae0e0939d3ec71c4d978244c7398dd7185ca68c393426a5a6,1,1,3,0,True
consecutive_run_3,shuffled_primes,14001,128,2,True,0,a93875fe509ac2fae0e0939d3ec71c4d978244c7398dd7185ca68c393426a5a6,1,1,3,0,True
consecutive_run_4,shuffled_primes,14001,128,2,True,0,a93875fe509ac2fae0e0939d3ec71c4d978244c7398dd7185ca68c393426a5a6,1,1,3,0,True
consecutive_run_5,shuffled_primes,14001,128,2,True,0,a93875fe509ac2fae0e0939d3ec71c4d978244c7398dd7185ca68c393426a5a6,1,1,3,0,True
consecutive_run_6,shuffled_primes,14001,128,2,True,0,a93875fe509ac2fae0e0939d3ec71c4d978244c7398dd7185ca68c393426a5a6,1,1,3,0,True
consecutive_run_7,shuffled_primes,14001,128,2,True,0,a93875fe509ac2fae0e0939d3ec71c4d978244c7398dd7185ca68c393426a5a6,1,1,3,0,True
consecutive_run_8,shuffled_primes,14001,128,2,True,0,a93875fe509ac2fae0e0939d3ec71c4d978244c7398dd7185ca68c393426a5a6,1,1,3,0,True
constant,shuffled_primes,14002,128,2,False,-1,76cdd7e58d53a096e9515eb3e3071e1d6451e861ad6ddde6ab996bcd1f8c7597,1075,1077,2,127,True
factor_depth_sum,shuffled_primes,14002,128,2,False,-1,76cdd7e58d53a096e9515eb3e3071e1d6451e861ad6ddde6ab996bcd1f8c7597,1075,1077,2,127,True
indecomposable_pair,shuffled_primes,14002,128,2,False,-1,76cdd7e58d53a096e9515eb3e3071e1d6451e861ad6ddde6ab996bcd1f8c7597,1075,1077,2,127,True
factor_depth_equal,shuffled_primes,14002,128,2,False,-1,76cdd7e58d53a096e9515eb3e3071e1d6451e861ad6ddde6ab996bcd1f8c7597,1075,1077,2,127,True
distinct_depth_equal,shuffled_primes,14002,128,2,False,-1,76cdd7e58d53a096e9515eb3e3071e1d6451e861ad6ddde6ab996bcd1f8c7597,1075,1077,2,127,True
tensor_coprime,shuffled_primes,14002,128,2,False,-1,76cdd7e58d53a096e9515eb3e3071e1d6451e861ad6ddde6ab996bcd1f8c7597,1075,1077,2,127,True
v2_equal,shuffled_primes,14002,128,2,False,-1,9da27a19ef85a6644484566d76cc2a1290a1154876acff883452a607baf4f589,1074,1077,2,125,True
v2_parity_equal,shuffled_primes,14002,128,2,False,-1,9da27a19ef85a6644484566d76cc2a1290a1154876acff883452a607baf4f589,1074,1077,2,125,True
entropy_increasing,shuffled_primes,14002,128,2,False,-1,6a2cd3442777335e355f9bbc8a73f270169e2e9eafcadabe768092f8dbdcc5a7,992,995,2,65,True
entropy_bin_equal,shuffled_primes,14002,128,2,False,-1,e8b55243a0c1fcfce29f0fb61e481a6a353c616b9f6c12d16a272d983098325e,827,833,2,35,True
ordered_consecutive_tensor_atoms,shuffled_primes,14002,128,2,True,0,a93875fe509ac2fae0e0939d3ec71c4d978244c7398dd7185ca68c393426a5a6,1,1,3,0,True
consecutive_run_2,shuffled_primes,14002,128,2,True,0,a93875fe509ac2fae0e0939d3ec71c4d978244c7398dd7185ca68c393426a5a6,1,1,3,0,True
consecutive_run_3,shuffled_primes,14002,128,2,True,0,a93875fe509ac2fae0e0939d3ec71c4d978244c7398dd7185ca68c393426a5a6,1,1,3,0,True
consecutive_run_4,shuffled_primes,14002,128,2,True,0,a93875fe509ac2fae0e0939d3ec71c4d978244c7398dd7185ca68c393426a5a6,1,1,3,0,True
consecutive_run_5,shuffled_primes,14002,128,2,True,0,a93875fe509ac2fae0e0939d3ec71c4d978244c7398dd7185ca68c393426a5a6,1,1,3,0,True
consecutive_run_6,shuffled_primes,14002,128,2,True,0,a93875fe509ac2fae0e0939d3ec71c4d978244c7398dd7185ca68c393426a5a6,1,1,3,0,True
consecutive_run_7,shuffled_primes,14002,128,2,True,0,a93875fe509ac2fae0e0939d3ec71c4d978244c7398dd7185ca68c393426a5a6,1,1,3,0,True
consecutive_run_8,shuffled_primes,14002,128,2,True,0,a93875fe509ac2fae0e0939d3ec71c4d978244c7398dd7185ca68c393426a5a6,1,1,3,0,True
constant,shuffled_primes,14003,128,2,False,-1,430c9379eb54d60251a54660d4202691492f9476f065949f4484719b0fb1b015,1079,1082,2,127,True
factor_depth_sum,shuffled_primes,14003,128,2,False,-1,430c9379eb54d60251a54660d4202691492f9476f065949f4484719b0fb1b015,1079,1082,2,127,True
indecomposable_pair,shuffled_primes,14003,128,2,False,-1,430c9379eb54d60251a54660d4202691492f9476f065949f4484719b0fb1b015,1079,1082,2,127,True
factor_depth_equal,shuffled_primes,14003,128,2,False,-1,430c9379eb54d60251a54660d4202691492f9476f065949f4484719b0fb1b015,1079,1082,2,127,True
distinct_depth_equal,shuffled_primes,14003,128,2,False,-1,430c9379eb54d60251a54660d4202691492f9476f065949f4484719b0fb1b015,1079,1082,2,127,True
tensor_coprime,shuffled_primes,14003,128,2,False,-1,430c9379eb54d60251a54660d4202691492f9476f065949f4484719b0fb1b015,1079,1082,2,127,True
v2_equal,shuffled_primes,14003,128,2,False,-1,8b40d954df914e174db5e4fee0d51f1c2be4ad15aa4f553cfd0557751214a9f6,1078,1082,2,126,True
v2_parity_equal,shuffled_primes,14003,128,2,False,-1,8b40d954df914e174db5e4fee0d51f1c2be4ad15aa4f553cfd0557751214a9f6,1078,1082,2,126,True
entropy_increasing,shuffled_primes,14003,128,2,False,-1,3774019047e4da04b27682f40264dbd090a2bcf4b30c6b0d3f34559ece60e3b2,923,927,2,55,True
entropy_bin_equal,shuffled_primes,14003,128,2,False,-1,1d4bf5bd62d7dbe788323359d00e9af300baf04f61b355e9ee59f4c4ff822924,813,820,2,31,True
ordered_consecutive_tensor_atoms,shuffled_primes,14003,128,2,False,-1,31b7f10ff14b635ece51f6cb6ffdd64a9bd20ae270f993d7eb64f98a0de67d9b,530,541,2,2,True
consecutive_run_2,shuffled_primes,14003,128,2,True,0,a93875fe509ac2fae0e0939d3ec71c4d978244c7398dd7185ca68c393426a5a6,1,1,3,0,True
consecutive_run_3,shuffled_primes,14003,128,2,True,0,a93875fe509ac2fae0e0939d3ec71c4d978244c7398dd7185ca68c393426a5a6,1,1,3,0,True
consecutive_run_4,shuffled_primes,14003,128,2,True,0,a93875fe509ac2fae0e0939d3ec71c4d978244c7398dd7185ca68c393426a5a6,1,1,3,0,True
consecutive_run_5,shuffled_primes,14003,128,2,True,0,a93875fe509ac2fae0e0939d3ec71c4d978244c7398dd7185ca68c393426a5a6,1,1,3,0,True
consecutive_run_6,shuffled_primes,14003,128,2,True,0,a93875fe509ac2fae0e0939d3ec71c4d978244c7398dd7185ca68c393426a5a6,1,1,3,0,True
consecutive_run_7,shuffled_primes,14003,128,2,True,0,a93875fe509ac2fae0e0939d3ec71c4d978244c7398dd7185ca68c393426a5a6,1,1,3,0,True
consecutive_run_8,shuffled_primes,14003,128,2,True,0,a93875fe509ac2fae0e0939d3ec71c4d978244c7398dd7185ca68c393426a5a6,1,1,3,0,True
constant,shuffled_primes,14004,128,2,False,-1,4b9025059d6be741aef75d089c18413a523077f1b43106d70875d56ef3a600e7,1075,1077,2,127,True
factor_depth_sum,shuffled_primes,14004,128,2,False,-1,4b9025059d6be741aef75d089c18413a523077f1b43106d70875d56ef3a600e7,1075,1077,2,127,True
indecomposable_pair,shuffled_primes,14004,128,2,False,-1,4b9025059d6be741aef75d089c18413a523077f1b43106d70875d56ef3a600e7,1075,1077,2,127,True
factor_depth_equal,shuffled_primes,14004,128,2,False,-1,4b9025059d6be741aef75d089c18413a523077f1b43106d70875d56ef3a600e7,1075,1077,2,127,True
distinct_depth_equal,shuffled_primes,14004,128,2,False,-1,4b9025059d6be741aef75d089c18413a523077f1b43106d70875d56ef3a600e7,1075,1077,2,127,True
tensor_coprime,shuffled_primes,14004,128,2,False,-1,4b9025059d6be741aef75d089c18413a523077f1b43106d70875d56ef3a600e7,1075,1077,2,127,True
v2_equal,shuffled_primes,14004,128,2,False,-1,a49935dac839a95dd14a8e2fd9093473ebcf7e7c34d96d1c1b4802180ec6ffe7,1074,1077,2,125,True
v2_parity_equal,shuffled_primes,14004,128,2,False,-1,a49935dac839a95dd14a8e2fd9093473ebcf7e7c34d96d1c1b4802180ec6ffe7,1074,1077,2,125,True
entropy_increasing,shuffled_primes,14004,128,2,False,-1,9e2ab22c18a2eb5371f1414d802fc4a81ced221126b86cec6cf38a02e4ab7fee,1002,1005,2,65,True
entropy_bin_equal,shuffled_primes,14004,128,2,False,-1,772a4cbe56e8174d722c349996c20133ca0a3c2ad969263f3a33a6a0e42be7b9,759,767,2,24,True
ordered_consecutive_tensor_atoms,shuffled_primes,14004,128,2,True,0,a93875fe509ac2fae0e0939d3ec71c4d978244c7398dd7185ca68c393426a5a6,1,1,3,0,True
consecutive_run_2,shuffled_primes,14004,128,2,True,0,a93875fe509ac2fae0e0939d3ec71c4d978244c7398dd7185ca68c393426a5a6,1,1,3,0,True
consecutive_run_3,shuffled_primes,14004,128,2,True,0,a93875fe509ac2fae0e0939d3ec71c4d978244c7398dd7185ca68c393426a5a6,1,1,3,0,True
consecutive_run_4,shuffled_primes,14004,128,2,True,0,a93875fe509ac2fae0e0939d3ec71c4d978244c7398dd7185ca68c393426a5a6,1,1,3,0,True
consecutive_run_5,shuffled_primes,14004,128,2,True,0,a93875fe509ac2fae0e0939d3ec71c4d978244c7398dd7185ca68c393426a5a6,1,1,3,0,True
consecutive_run_6,shuffled_primes,14004,128,2,True,0,a93875fe509ac2fae0e0939d3ec71c4d978244c7398dd7185ca68c393426a5a6,1,1,3,0,True
consecutive_run_7,shuffled_primes,14004,128,2,True,0,a93875fe509ac2fae0e0939d3ec71c4d978244c7398dd7185ca68c393426a5a6,1,1,3,0,True
consecutive_run_8,shuffled_primes,14004,128,2,True,0,a93875fe509ac2fae0e0939d3ec71c4d978244c7398dd7185ca68c393426a5a6,1,1,3,0,True
constant,shuffled_primes,14005,128,2,False,-1,b59e4ac2921686cdbb8451227e48d0ac6bf489f54e6f4d871bbed099503c0de2,1075,1077,2,127,True
factor_depth_sum,shuffled_primes,14005,128,2,False,-1,b59e4ac2921686cdbb8451227e48d0ac6bf489f54e6f4d871bbed099503c0de2,1075,1077,2,127,True
indecomposable_pair,shuffled_primes,14005,128,2,False,-1,b59e4ac2921686cdbb8451227e48d0ac6bf489f54e6f4d871bbed099503c0de2,1075,1077,2,127,True
factor_depth_equal,shuffled_primes,14005,128,2,False,-1,b59e4ac2921686cdbb8451227e48d0ac6bf489f54e6f4d871bbed099503c0de2,1075,1077,2,127,True
distinct_depth_equal,shuffled_primes,14005,128,2,False,-1,b59e4ac2921686cdbb8451227e48d0ac6bf489f54e6f4d871bbed099503c0de2,1075,1077,2,127,True
tensor_coprime,shuffled_primes,14005,128,2,False,-1,b59e4ac2921686cdbb8451227e48d0ac6bf489f54e6f4d871bbed099503c0de2,1075,1077,2,127,True
v2_equal,shuffled_primes,14005,128,2,False,-1,10271ea5b3c9f968298a0609ac46dd095433e4f2fe05a1340a3a51d61a0c4668,1074,1077,2,125,True
v2_parity_equal,shuffled_primes,14005,128,2,False,-1,10271ea5b3c9f968298a0609ac46dd095433e4f2fe05a1340a3a51d61a0c4668,1074,1077,2,125,True
entropy_increasing,shuffled_primes,14005,128,2,False,-1,c89b7b495b9ad7989a840bbc23c559c5c30b785ec82c227bc0a5ae1867842ccb,1020,1023,2,69,True
entropy_bin_equal,shuffled_primes,14005,128,2,False,-1,c3e6ea71520296105aa8072b477ef92c41d3e55a86d2df0e9d60bb0ddda4b8e4,766,775,2,27,True
ordered_consecutive_tensor_atoms,shuffled_primes,14005,128,2,False,-1,1480902b51e80bc9c6d36e9d6a61e4635b2a872461db315a07727b85628ad565,517,528,2,1,True
consecutive_run_2,shuffled_primes,14005,128,2,True,0,a93875fe509ac2fae0e0939d3ec71c4d978244c7398dd7185ca68c393426a5a6,1,1,3,0,True
consecutive_run_3,shuffled_primes,14005,128,2,True,0,a93875fe509ac2fae0e0939d3ec71c4d978244c7398dd7185ca68c393426a5a6,1,1,3,0,True
consecutive_run_4,shuffled_primes,14005,128,2,True,0,a93875fe509ac2fae0e0939d3ec71c4d978244c7398dd7185ca68c393426a5a6,1,1,3,0,True
consecutive_run_5,shuffled_primes,14005,128,2,True,0,a93875fe509ac2fae0e0939d3ec71c4d978244c7398dd7185ca68c393426a5a6,1,1,3,0,True
consecutive_run_6,shuffled_primes,14005,128,2,True,0,a93875fe509ac2fae0e0939d3ec71c4d978244c7398dd7185ca68c393426a5a6,1,1,3,0,True
consecutive_run_7,shuffled_primes,14005,128,2,True,0,a93875fe509ac2fae0e0939d3ec71c4d978244c7398dd7185ca68c393426a5a6,1,1,3,0,True
consecutive_run_8,shuffled_primes,14005,128,2,True,0,a93875fe509ac2fae0e0939d3ec71c4d978244c7398dd7185ca68c393426a5a6,1,1,3,0,True
constant,shuffled_primes,14006,128,2,False,-1,f4eca106fbfe3f9d0e1a28aecdc19357b4c0a2ac466e841efb63394c7306647f,1071,1073,2,127,True
factor_depth_sum,shuffled_primes,14006,128,2,False,-1,f4eca106fbfe3f9d0e1a28aecdc19357b4c0a2ac466e841efb63394c7306647f,1071,1073,2,127,True
indecomposable_pair,shuffled_primes,14006,128,2,False,-1,f4eca106fbfe3f9d0e1a28aecdc19357b4c0a2ac466e841efb63394c7306647f,1071,1073,2,127,True
factor_depth_equal,shuffled_primes,14006,128,2,False,-1,f4eca106fbfe3f9d0e1a28aecdc19357b4c0a2ac466e841efb63394c7306647f,1071,1073,2,127,True
distinct_depth_equal,shuffled_primes,14006,128,2,False,-1,f4eca106fbfe3f9d0e1a28aecdc19357b4c0a2ac466e841efb63394c7306647f,1071,1073,2,127,True
tensor_coprime,shuffled_primes,14006,128,2,False,-1,f4eca106fbfe3f9d0e1a28aecdc19357b4c0a2ac466e841efb63394c7306647f,1071,1073,2,127,True
v2_equal,shuffled_primes,14006,128,2,False,-1,c33b4f00ca12a71c4057a705f0fdead743ad3e5eb578b5dafdb68a203bd23915,1070,1073,2,125,True
v2_parity_equal,shuffled_primes,14006,128,2,False,-1,c33b4f00ca12a71c4057a705f0fdead743ad3e5eb578b5dafdb68a203bd23915,1070,1073,2,125,True
entropy_increasing,shuffled_primes,14006,128,2,False,-1,3a30a2f91bb8140a41dfb3330f525785995324896a9839da3d205b1330bb9bda,1000,1003,2,67,True
entropy_bin_equal,shuffled_primes,14006,128,2,False,-1,3530a3450de70a09eb766c67e96a074b83d593fad3fa736811525b8684269c54,763,771,2,26,True
ordered_consecutive_tensor_atoms,shuffled_primes,14006,128,2,False,-1,26083bc2001da841c57315a6c9961177c39431cae446dc94c665b0f5bbe18770,529,539,2,2,True
consecutive_run_2,shuffled_primes,14006,128,2,True,0,a93875fe509ac2fae0e0939d3ec71c4d978244c7398dd7185ca68c393426a5a6,1,1,3,0,True
consecutive_run_3,shuffled_primes,14006,128,2,True,0,a93875fe509ac2fae0e0939d3ec71c4d978244c7398dd7185ca68c393426a5a6,1,1,3,0,True
consecutive_run_4,shuffled_primes,14006,128,2,True,0,a93875fe509ac2fae0e0939d3ec71c4d978244c7398dd7185ca68c393426a5a6,1,1,3,0,True
consecutive_run_5,shuffled_primes,14006,128,2,True,0,a93875fe509ac2fae0e0939d3ec71c4d978244c7398dd7185ca68c393426a5a6,1,1,3,0,True
consecutive_run_6,shuffled_primes,14006,128,2,True,0,a93875fe509ac2fae0e0939d3ec71c4d978244c7398dd7185ca68c393426a5a6,1,1,3,0,True
consecutive_run_7,shuffled_primes,14006,128,2,True,0,a93875fe509ac2fae0e0939d3ec71c4d978244c7398dd7185ca68c393426a5a6,1,1,3,0,True
consecutive_run_8,shuffled_primes,14006,128,2,True,0,a93875fe509ac2fae0e0939d3ec71c4d978244c7398dd7185ca68c393426a5a6,1,1,3,0,True
constant,shuffled_primes,14007,128,2,False,-1,5f0784260b9fd75595af6d09b5dca1ee2397cf84f4db061218eedd31d0a3910f,1074,1076,2,127,True
factor_depth_sum,shuffled_primes,14007,128,2,False,-1,5f0784260b9fd75595af6d09b5dca1ee2397cf84f4db061218eedd31d0a3910f,1074,1076,2,127,True
indecomposable_pair,shuffled_primes,14007,128,2,False,-1,5f0784260b9fd75595af6d09b5dca1ee2397cf84f4db061218eedd31d0a3910f,1074,1076,2,127,True
factor_depth_equal,shuffled_primes,14007,128,2,False,-1,5f0784260b9fd75595af6d09b5dca1ee2397cf84f4db061218eedd31d0a3910f,1074,1076,2,127,True
distinct_depth_equal,shuffled_primes,14007,128,2,False,-1,5f0784260b9fd75595af6d09b5dca1ee2397cf84f4db061218eedd31d0a3910f,1074,1076,2,127,True
tensor_coprime,shuffled_primes,14007,128,2,False,-1,5f0784260b9fd75595af6d09b5dca1ee2397cf84f4db061218eedd31d0a3910f,1074,1076,2,127,True
v2_equal,shuffled_primes,14007,128,2,False,-1,e4ee04840c99c2fe2c3e117c7f27a6215c62e5a8772298ac36bea68479c7295a,1073,1076,2,125,True
v2_parity_equal,shuffled_primes,14007,128,2,False,-1,e4ee04840c99c2fe2c3e117c7f27a6215c62e5a8772298ac36bea68479c7295a,1073,1076,2,125,True
entropy_increasing,shuffled_primes,14007,128,2,False,-1,b4348a13f45cfcf1e022d92543fd169f04f6f925ce98cb9d49c21e1dd3401547,970,972,2,63,True
entropy_bin_equal,shuffled_primes,14007,128,2,False,-1,8a82cc10cccd2cbd1a042831ecb7b10464591be64e67def8c97391c47f4b5917,801,809,2,30,True
ordered_consecutive_tensor_atoms,shuffled_primes,14007,128,2,False,-1,b7224e27337c9927b349851685b9adfb9607464e3d2062ecdbe31495d3d864d5,548,556,2,3,True
consecutive_run_2,shuffled_primes,14007,128,2,True,0,a93875fe509ac2fae0e0939d3ec71c4d978244c7398dd7185ca68c393426a5a6,1,1,3,0,True
consecutive_run_3,shuffled_primes,14007,128,2,True,0,a93875fe509ac2fae0e0939d3ec71c4d978244c7398dd7185ca68c393426a5a6,1,1,3,0,True
consecutive_run_4,shuffled_primes,14007,128,2,True,0,a93875fe509ac2fae0e0939d3ec71c4d978244c7398dd7185ca68c393426a5a6,1,1,3,0,True
consecutive_run_5,shuffled_primes,14007,128,2,True,0,a93875fe509ac2fae0e0939d3ec71c4d978244c7398dd7185ca68c393426a5a6,1,1,3,0,True
consecutive_run_6,shuffled_primes,14007,128,2,True,0,a93875fe509ac2fae0e0939d3ec71c4d978244c7398dd7185ca68c393426a5a6,1,1,3,0,True
consecutive_run_7,shuffled_primes,14007,128,2,True,0,a93875fe509ac2fae0e0939d3ec71c4d978244c7398dd7185ca68c393426a5a6,1,1,3,0,True
consecutive_run_8,shuffled_primes,14007,128,2,True,0,a93875fe509ac2fae0e0939d3ec71c4d978244c7398dd7185ca68c393426a5a6,1,1,3,0,True
constant,shuffled_primes,14008,128,2,False,-1,5d8dda6f6c346cbcc8e336f314e6ed7d8f20119a17fb80607cca8a2bf43c9c80,1078,1081,2,127,True
factor_depth_sum,shuffled_primes,14008,128,2,False,-1,5d8dda6f6c346cbcc8e336f314e6ed7d8f20119a17fb80607cca8a2bf43c9c80,1078,1081,2,127,True
indecomposable_pair,shuffled_primes,14008,128,2,False,-1,5d8dda6f6c346cbcc8e336f314e6ed7d8f20119a17fb80607cca8a2bf43c9c80,1078,1081,2,127,True
factor_depth_equal,shuffled_primes,14008,128,2,False,-1,5d8dda6f6c346cbcc8e336f314e6ed7d8f20119a17fb80607cca8a2bf43c9c80,1078,1081,2,127,True
distinct_depth_equal,shuffled_primes,14008,128,2,False,-1,5d8dda6f6c346cbcc8e336f314e6ed7d8f20119a17fb80607cca8a2bf43c9c80,1078,1081,2,127,True
tensor_coprime,shuffled_primes,14008,128,2,False,-1,5d8dda6f6c346cbcc8e336f314e6ed7d8f20119a17fb80607cca8a2bf43c9c80,1078,1081,2,127,True
v2_equal,shuffled_primes,14008,128,2,False,-1,dcaf3a8d9a08dbd5ee981dd3f6469cdab91b1ee2a3cfd2d5adc580e560efa75f,1078,1081,2,125,True
v2_parity_equal,shuffled_primes,14008,128,2,False,-1,dcaf3a8d9a08dbd5ee981dd3f6469cdab91b1ee2a3cfd2d5adc580e560efa75f,1078,1081,2,125,True
entropy_increasing,shuffled_primes,14008,128,2,False,-1,67cb84881db961126f805663756517c8f0e320cae43852c5ed3034e70c1ff4f8,987,990,2,64,True
entropy_bin_equal,shuffled_primes,14008,128,2,False,-1,e1960b2e671128fcfe7afbf4aaacc878638aa1ccca524beacc0541ea15918f96,772,781,2,27,True
ordered_consecutive_tensor_atoms,shuffled_primes,14008,128,2,True,0,a93875fe509ac2fae0e0939d3ec71c4d978244c7398dd7185ca68c393426a5a6,1,1,3,0,True
consecutive_run_2,shuffled_primes,14008,128,2,True,0,a93875fe509ac2fae0e0939d3ec71c4d978244c7398dd7185ca68c393426a5a6,1,1,3,0,True
consecutive_run_3,shuffled_primes,14008,128,2,True,0,a93875fe509ac2fae0e0939d3ec71c4d978244c7398dd7185ca68c393426a5a6,1,1,3,0,True
consecutive_run_4,shuffled_primes,14008,128,2,True,0,a93875fe509ac2fae0e0939d3ec71c4d978244c7398dd7185ca68c393426a5a6,1,1,3,0,True
consecutive_run_5,shuffled_primes,14008,128,2,True,0,a93875fe509ac2fae0e0939d3ec71c4d978244c7398dd7185ca68c393426a5a6,1,1,3,0,True
consecutive_run_6,shuffled_primes,14008,128,2,True,0,a93875fe509ac2fae0e0939d3ec71c4d978244c7398dd7185ca68c393426a5a6,1,1,3,0,True
consecutive_run_7,shuffled_primes,14008,128,2,True,0,a93875fe509ac2fae0e0939d3ec71c4d978244c7398dd7185ca68c393426a5a6,1,1,3,0,True
consecutive_run_8,shuffled_primes,14008,128,2,True,0,a93875fe509ac2fae0e0939d3ec71c4d978244c7398dd7185ca68c393426a5a6,1,1,3,0,True
constant,shuffled_primes,14009,128,2,False,-1,059d875cbd99219537ac24a09371761cddd5417ffbe9a46c0a0ede519b195d95,1078,1080,2,127,True
factor_depth_sum,shuffled_primes,14009,128,2,False,-1,059d875cbd99219537ac24a09371761cddd5417ffbe9a46c0a0ede519b195d95,1078,1080,2,127,True
indecomposable_pair,shuffled_primes,14009,128,2,False,-1,059d875cbd99219537ac24a09371761cddd5417ffbe9a46c0a0ede519b195d95,1078,1080,2,127,True
factor_depth_equal,shuffled_primes,14009,128,2,False,-1,059d875cbd99219537ac24a09371761cddd5417ffbe9a46c0a0ede519b195d95,1078,1080,2,127,True
distinct_depth_equal,shuffled_primes,14009,128,2,False,-1,059d875cbd99219537ac24a09371761cddd5417ffbe9a46c0a0ede519b195d95,1078,1080,2,127,True
tensor_coprime,shuffled_primes,14009,128,2,False,-1,059d875cbd99219537ac24a09371761cddd5417ffbe9a46c0a0ede519b195d95,1078,1080,2,127,True
v2_equal,shuffled_primes,14009,128,2,False,-1,7bca5fe2fa99a33351f2ebafe27c3e253229c42097af40e587f79a1846253462,1077,1080,2,125,True
v2_parity_equal,shuffled_primes,14009,128,2,False,-1,7bca5fe2fa99a33351f2ebafe27c3e253229c42097af40e587f79a1846253462,1077,1080,2,125,True
entropy_increasing,shuffled_primes,14009,128,2,False,-1,193ad7a4e4e5e9ba6564bd9f9a2d7c25fca010e8850687405968ddddb50f0c96,1002,1005,2,64,True
entropy_bin_equal,shuffled_primes,14009,128,2,False,-1,09e742707cf034316e3f0adeccf418b2b5fcbc6ac0057bf598c2b4e748a3cafd,767,776,2,27,True
ordered_consecutive_tensor_atoms,shuffled_primes,14009,128,2,True,0,a93875fe509ac2fae0e0939d3ec71c4d978244c7398dd7185ca68c393426a5a6,1,1,3,0,True
consecutive_run_2,shuffled_primes,14009,128,2,True,0,a93875fe509ac2fae0e0939d3ec71c4d978244c7398dd7185ca68c393426a5a6,1,1,3,0,True
consecutive_run_3,shuffled_primes,14009,128,2,True,0,a93875fe509ac2fae0e0939d3ec71c4d978244c7398dd7185ca68c393426a5a6,1,1,3,0,True
consecutive_run_4,shuffled_primes,14009,128,2,True,0,a93875fe509ac2fae0e0939d3ec71c4d978244c7398dd7185ca68c393426a5a6,1,1,3,0,True
consecutive_run_5,shuffled_primes,14009,128,2,True,0,a93875fe509ac2fae0e0939d3ec71c4d978244c7398dd7185ca68c393426a5a6,1,1,3,0,True
consecutive_run_6,shuffled_primes,14009,128,2,True,0,a93875fe509ac2fae0e0939d3ec71c4d978244c7398dd7185ca68c393426a5a6,1,1,3,0,True
consecutive_run_7,shuffled_primes,14009,128,2,True,0,a93875fe509ac2fae0e0939d3ec71c4d978244c7398dd7185ca68c393426a5a6,1,1,3,0,True
consecutive_run_8,shuffled_primes,14009,128,2,True,0,a93875fe509ac2fae0e0939d3ec71c4d978244c7398dd7185ca68c393426a5a6,1,1,3,0,True
constant,shuffled_primes,14010,128,2,False,-1,26e35aaf537a2d51bfac9b89977f75181a9cd9bb5c3e9b606b99e705972a634c,1079,1082,2,127,True
factor_depth_sum,shuffled_primes,14010,128,2,False,-1,26e35aaf537a2d51bfac9b89977f75181a9cd9bb5c3e9b606b99e705972a634c,1079,1082,2,127,True
indecomposable_pair,shuffled_primes,14010,128,2,False,-1,26e35aaf537a2d51bfac9b89977f75181a9cd9bb5c3e9b606b99e705972a634c,1079,1082,2,127,True
factor_depth_equal,shuffled_primes,14010,128,2,False,-1,26e35aaf537a2d51bfac9b89977f75181a9cd9bb5c3e9b606b99e705972a634c,1079,1082,2,127,True
distinct_depth_equal,shuffled_primes,14010,128,2,False,-1,26e35aaf537a2d51bfac9b89977f75181a9cd9bb5c3e9b606b99e705972a634c,1079,1082,2,127,True
tensor_coprime,shuffled_primes,14010,128,2,False,-1,26e35aaf537a2d51bfac9b89977f75181a9cd9bb5c3e9b606b99e705972a634c,1079,1082,2,127,True
v2_equal,shuffled_primes,14010,128,2,False,-1,2bf79473e421a984b4d5842b96fb04f1d553fb520f6a240d2c82b0bdc4f689a8,1079,1082,2,125,True
v2_parity_equal,shuffled_primes,14010,128,2,False,-1,2bf79473e421a984b4d5842b96fb04f1d553fb520f6a240d2c82b0bdc4f689a8,1079,1082,2,125,True
entropy_increasing,shuffled_primes,14010,128,2,False,-1,c3a89311624a763d8b8340fb428af00f47b42db6d2ba59643f0775e6cd47b594,992,995,2,61,True
entropy_bin_equal,shuffled_primes,14010,128,2,False,-1,140364b456ecd2b1996da3505268ee4f2690330c23a9eb48174fb32226fa82ad,756,766,2,25,True
ordered_consecutive_tensor_atoms,shuffled_primes,14010,128,2,True,0,a93875fe509ac2fae0e0939d3ec71c4d978244c7398dd7185ca68c393426a5a6,1,1,3,0,True
consecutive_run_2,shuffled_primes,14010,128,2,True,0,a93875fe509ac2fae0e0939d3ec71c4d978244c7398dd7185ca68c393426a5a6,1,1,3,0,True
consecutive_run_3,shuffled_primes,14010,128,2,True,0,a93875fe509ac2fae0e0939d3ec71c4d978244c7398dd7185ca68c393426a5a6,1,1,3,0,True
consecutive_run_4,shuffled_primes,14010,128,2,True,0,a93875fe509ac2fae0e0939d3ec71c4d978244c7398dd7185ca68c393426a5a6,1,1,3,0,True
consecutive_run_5,shuffled_primes,14010,128,2,True,0,a93875fe509ac2fae0e0939d3ec71c4d978244c7398dd7185ca68c393426a5a6,1,1,3,0,True
consecutive_run_6,shuffled_primes,14010,128,2,True,0,a93875fe509ac2fae0e0939d3ec71c4d978244c7398dd7185ca68c393426a5a6,1,1,3,0,True
consecutive_run_7,shuffled_primes,14010,128,2,True,0,a93875fe509ac2fae0e0939d3ec71c4d978244c7398dd7185ca68c393426a5a6,1,1,3,0,True
consecutive_run_8,shuffled_primes,14010,128,2,True,0,a93875fe509ac2fae0e0939d3ec71c4d978244c7398dd7185ca68c393426a5a6,1,1,3,0,True
constant,shuffled_primes,14011,128,2,False,-1,776ffc5226d7737eb4d738336b731cb82d0aeb143090adb3a8e504a26e442de7,1075,1077,2,127,True
factor_depth_sum,shuffled_primes,14011,128,2,False,-1,776ffc5226d7737eb4d738336b731cb82d0aeb143090adb3a8e504a26e442de7,1075,1077,2,127,True
indecomposable_pair,shuffled_primes,14011,128,2,False,-1,776ffc5226d7737eb4d738336b731cb82d0aeb143090adb3a8e504a26e442de7,1075,1077,2,127,True
factor_depth_equal,shuffled_primes,14011,128,2,False,-1,776ffc5226d7737eb4d738336b731cb82d0aeb143090adb3a8e504a26e442de7,1075,1077,2,127,True
distinct_depth_equal,shuffled_primes,14011,128,2,False,-1,776ffc5226d7737eb4d738336b731cb82d0aeb143090adb3a8e504a26e442de7,1075,1077,2,127,True
tensor_coprime,shuffled_primes,14011,128,2,False,-1,776ffc5226d7737eb4d738336b731cb82d0aeb143090adb3a8e504a26e442de7,1075,1077,2,127,True
v2_equal,shuffled_primes,14011,128,2,False,-1,efa5edd7cfff2aae4c2fd7ff1b4decea8c01300d04a514e66af1cde5fa554911,1074,1077,2,125,True
v2_parity_equal,shuffled_primes,14011,128,2,False,-1,efa5edd7cfff2aae4c2fd7ff1b4decea8c01300d04a514e66af1cde5fa554911,1074,1077,2,125,True
entropy_increasing,shuffled_primes,14011,128,2,False,-1,e33bccce1e515c02f65c9cff8a1da72c02efbcc03303fc71a4905adcbcdd4f74,1023,1025,2,69,True
entropy_bin_equal,shuffled_primes,14011,128,2,False,-1,ec674482fdc9ad65896d426f2828ad7904be2581d3ae03435a530abccf447674,812,821,2,33,True
ordered_consecutive_tensor_atoms,shuffled_primes,14011,128,2,False,-1,be1d1b7ef9a7e169bf8a33178fc65a12a5948d7ddded3abc88f9f3d4741ef021,542,545,2,3,True
consecutive_run_2,shuffled_primes,14011,128,2,True,0,a93875fe509ac2fae0e0939d3ec71c4d978244c7398dd7185ca68c393426a5a6,1,1,3,0,True
consecutive_run_3,shuffled_primes,14011,128,2,True,0,a93875fe509ac2fae0e0939d3ec71c4d978244c7398dd7185ca68c393426a5a6,1,1,3,0,True
consecutive_run_4,shuffled_primes,14011,128,2,True,0,a93875fe509ac2fae0e0939d3ec71c4d978244c7398dd7185ca68c393426a5a6,1,1,3,0,True
consecutive_run_5,shuffled_primes,14011,128,2,True,0,a93875fe509ac2fae0e0939d3ec71c4d978244c7398dd7185ca68c393426a5a6,1,1,3,0,True
consecutive_run_6,shuffled_primes,14011,128,2,True,0,a93875fe509ac2fae0e0939d3ec71c4d978244c7398dd7185ca68c393426a5a6,1,1,3,0,True
consecutive_run_7,shuffled_primes,14011,128,2,True,0,a93875fe509ac2fae0e0939d3ec71c4d978244c7398dd7185ca68c393426a5a6,1,1,3,0,True
consecutive_run_8,shuffled_primes,14011,128,2,True,0,a93875fe509ac2fae0e0939d3ec71c4d978244c7398dd7185ca68c393426a5a6,1,1,3,0,True
constant,shuffled_primes,14012,128,2,False,-1,d1cfed08f20e98b1e5a2b66f2a30c9ee5ba95e8dadb9b9d2bd133913be487463,1075,1077,2,127,True
factor_depth_sum,shuffled_primes,14012,128,2,False,-1,d1cfed08f20e98b1e5a2b66f2a30c9ee5ba95e8dadb9b9d2bd133913be487463,1075,1077,2,127,True
indecomposable_pair,shuffled_primes,14012,128,2,False,-1,d1cfed08f20e98b1e5a2b66f2a30c9ee5ba95e8dadb9b9d2bd133913be487463,1075,1077,2,127,True
factor_depth_equal,shuffled_primes,14012,128,2,False,-1,d1cfed08f20e98b1e5a2b66f2a30c9ee5ba95e8dadb9b9d2bd133913be487463,1075,1077,2,127,True
distinct_depth_equal,shuffled_primes,14012,128,2,False,-1,d1cfed08f20e98b1e5a2b66f2a30c9ee5ba95e8dadb9b9d2bd133913be487463,1075,1077,2,127,True
tensor_coprime,shuffled_primes,14012,128,2,False,-1,d1cfed08f20e98b1e5a2b66f2a30c9ee5ba95e8dadb9b9d2bd133913be487463,1075,1077,2,127,True
v2_equal,shuffled_primes,14012,128,2,False,-1,9757087d4e719eb5a23fd6fb33daf891730eba54d803e93b51b8972f264aaf57,1074,1077,2,125,True
v2_parity_equal,shuffled_primes,14012,128,2,False,-1,9757087d4e719eb5a23fd6fb33daf891730eba54d803e93b51b8972f264aaf57,1074,1077,2,125,True
entropy_increasing,shuffled_primes,14012,128,2,False,-1,590ba29304122f5393150143f1ff8ac069b07cb6e36c5aa834ea20e85b639d76,996,999,2,63,True
entropy_bin_equal,shuffled_primes,14012,128,2,False,-1,fb22587fe6906f7adfc157580cc01793901be3ef5ceebca408384bbc57288575,746,755,2,25,True
ordered_consecutive_tensor_atoms,shuffled_primes,14012,128,2,True,0,a93875fe509ac2fae0e0939d3ec71c4d978244c7398dd7185ca68c393426a5a6,1,1,3,0,True
consecutive_run_2,shuffled_primes,14012,128,2,True,0,a93875fe509ac2fae0e0939d3ec71c4d978244c7398dd7185ca68c393426a5a6,1,1,3,0,True
consecutive_run_3,shuffled_primes,14012,128,2,True,0,a93875fe509ac2fae0e0939d3ec71c4d978244c7398dd7185ca68c393426a5a6,1,1,3,0,True
consecutive_run_4,shuffled_primes,14012,128,2,True,0,a93875fe509ac2fae0e0939d3ec71c4d978244c7398dd7185ca68c393426a5a6,1,1,3,0,True
consecutive_run_5,shuffled_primes,14012,128,2,True,0,a93875fe509ac2fae0e0939d3ec71c4d978244c7398dd7185ca68c393426a5a6,1,1,3,0,True
consecutive_run_6,shuffled_primes,14012,128,2,True,0,a93875fe509ac2fae0e0939d3ec71c4d978244c7398dd7185ca68c393426a5a6,1,1,3,0,True
consecutive_run_7,shuffled_primes,14012,128,2,True,0,a93875fe509ac2fae0e0939d3ec71c4d978244c7398dd7185ca68c393426a5a6,1,1,3,0,True
consecutive_run_8,shuffled_primes,14012,128,2,True,0,a93875fe509ac2fae0e0939d3ec71c4d978244c7398dd7185ca68c393426a5a6,1,1,3,0,True
constant,shuffled_primes,14013,128,2,False,-1,2a1d67d35d571d601081ddedb8f4f4b80c5f5ee921a94f52ba82a31cd204f5b1,1077,1079,2,127,True
factor_depth_sum,shuffled_primes,14013,128,2,False,-1,2a1d67d35d571d601081ddedb8f4f4b80c5f5ee921a94f52ba82a31cd204f5b1,1077,1079,2,127,True
indecomposable_pair,shuffled_primes,14013,128,2,False,-1,2a1d67d35d571d601081ddedb8f4f4b80c5f5ee921a94f52ba82a31cd204f5b1,1077,1079,2,127,True
factor_depth_equal,shuffled_primes,14013,128,2,False,-1,2a1d67d35d571d601081ddedb8f4f4b80c5f5ee921a94f52ba82a31cd204f5b1,1077,1079,2,127,True
distinct_depth_equal,shuffled_primes,14013,128,2,False,-1,2a1d67d35d571d601081ddedb8f4f4b80c5f5ee921a94f52ba82a31cd204f5b1,1077,1079,2,127,True
tensor_coprime,shuffled_primes,14013,128,2,False,-1,2a1d67d35d571d601081ddedb8f4f4b80c5f5ee921a94f52ba82a31cd204f5b1,1077,1079,2,127,True
v2_equal,shuffled_primes,14013,128,2,False,-1,86d883ea6c7b59606a5be3dc772d97039a6ae2eb456315212c10821befe4eeba,1076,1079,2,125,True
v2_parity_equal,shuffled_primes,14013,128,2,False,-1,86d883ea6c7b59606a5be3dc772d97039a6ae2eb456315212c10821befe4eeba,1076,1079,2,125,True
entropy_increasing,shuffled_primes,14013,128,2,False,-1,88e0fcd60f2cf8fb39c43e51ab1f2bc7aa12c8a7f0cff91b21eaff24b936b90c,1006,1008,2,65,True
entropy_bin_equal,shuffled_primes,14013,128,2,False,-1,84873064e4d7a312e084963f625ead5a108af9b9b1dcf4ba6f0396bdfea7d56c,768,776,2,28,True
ordered_consecutive_tensor_atoms,shuffled_primes,14013,128,2,False,-1,100e049692f016e2998e6893478f3b68affca476393eea576680cfb5bcbd63c2,518,528,2,1,True
consecutive_run_2,shuffled_primes,14013,128,2,True,0,a93875fe509ac2fae0e0939d3ec71c4d978244c7398dd7185ca68c393426a5a6,1,1,3,0,True
consecutive_run_3,shuffled_primes,14013,128,2,True,0,a93875fe509ac2fae0e0939d3ec71c4d978244c7398dd7185ca68c393426a5a6,1,1,3,0,True
consecutive_run_4,shuffled_primes,14013,128,2,True,0,a93875fe509ac2fae0e0939d3ec71c4d978244c7398dd7185ca68c393426a5a6,1,1,3,0,True
consecutive_run_5,shuffled_primes,14013,128,2,True,0,a93875fe509ac2fae0e0939d3ec71c4d978244c7398dd7185ca68c393426a5a6,1,1,3,0,True
consecutive_run_6,shuffled_primes,14013,128,2,True,0,a93875fe509ac2fae0e0939d3ec71c4d978244c7398dd7185ca68c393426a5a6,1,1,3,0,True
consecutive_run_7,shuffled_primes,14013,128,2,True,0,a93875fe509ac2fae0e0939d3ec71c4d978244c7398dd7185ca68c393426a5a6,1,1,3,0,True
consecutive_run_8,shuffled_primes,14013,128,2,True,0,a93875fe509ac2fae0e0939d3ec71c4d978244c7398dd7185ca68c393426a5a6,1,1,3,0,True
constant,shuffled_primes,14014,128,2,False,-1,cd0f3fb36fbc5e37161db6275e6a7dc02ad58ac4786e35b321ebe41243a2901b,1075,1077,2,127,True
factor_depth_sum,shuffled_primes,14014,128,2,False,-1,cd0f3fb36fbc5e37161db6275e6a7dc02ad58ac4786e35b321ebe41243a2901b,1075,1077,2,127,True
indecomposable_pair,shuffled_primes,14014,128,2,False,-1,cd0f3fb36fbc5e37161db6275e6a7dc02ad58ac4786e35b321ebe41243a2901b,1075,1077,2,127,True
factor_depth_equal,shuffled_primes,14014,128,2,False,-1,cd0f3fb36fbc5e37161db6275e6a7dc02ad58ac4786e35b321ebe41243a2901b,1075,1077,2,127,True
distinct_depth_equal,shuffled_primes,14014,128,2,False,-1,cd0f3fb36fbc5e37161db6275e6a7dc02ad58ac4786e35b321ebe41243a2901b,1075,1077,2,127,True
tensor_coprime,shuffled_primes,14014,128,2,False,-1,cd0f3fb36fbc5e37161db6275e6a7dc02ad58ac4786e35b321ebe41243a2901b,1075,1077,2,127,True
v2_equal,shuffled_primes,14014,128,2,False,-1,594eb423dd72b11d55ca4ec9659a6df8f5a626e18cda856988f929fcced7b800,1074,1077,2,125,True
v2_parity_equal,shuffled_primes,14014,128,2,False,-1,594eb423dd72b11d55ca4ec9659a6df8f5a626e18cda856988f929fcced7b800,1074,1077,2,125,True
entropy_increasing,shuffled_primes,14014,128,2,False,-1,2a528a3660b69b2a590e8337c1aa1058626b618c3bd7a510804f005a5a720c3c,1001,1003,2,64,True
entropy_bin_equal,shuffled_primes,14014,128,2,False,-1,27dda54aee903ee6cfd454d20b8cfd0220ca38d8f3315a3f4c1abf01fe53746b,726,733,2,21,True
ordered_consecutive_tensor_atoms,shuffled_primes,14014,128,2,True,0,a93875fe509ac2fae0e0939d3ec71c4d978244c7398dd7185ca68c393426a5a6,1,1,3,0,True
consecutive_run_2,shuffled_primes,14014,128,2,True,0,a93875fe509ac2fae0e0939d3ec71c4d978244c7398dd7185ca68c393426a5a6,1,1,3,0,True
consecutive_run_3,shuffled_primes,14014,128,2,True,0,a93875fe509ac2fae0e0939d3ec71c4d978244c7398dd7185ca68c393426a5a6,1,1,3,0,True
consecutive_run_4,shuffled_primes,14014,128,2,True,0,a93875fe509ac2fae0e0939d3ec71c4d978244c7398dd7185ca68c393426a5a6,1,1,3,0,True
consecutive_run_5,shuffled_primes,14014,128,2,True,0,a93875fe509ac2fae0e0939d3ec71c4d978244c7398dd7185ca68c393426a5a6,1,1,3,0,True
consecutive_run_6,shuffled_primes,14014,128,2,True,0,a93875fe509ac2fae0e0939d3ec71c4d978244c7398dd7185ca68c393426a5a6,1,1,3,0,True
consecutive_run_7,shuffled_primes,14014,128,2,True,0,a93875fe509ac2fae0e0939d3ec71c4d978244c7398dd7185ca68c393426a5a6,1,1,3,0,True
consecutive_run_8,shuffled_primes,14014,128,2,True,0,a93875fe509ac2fae0e0939d3ec71c4d978244c7398dd7185ca68c393426a5a6,1,1,3,0,True
constant,shuffled_primes,14015,128,2,False,-1,f885e0d6afb1432ee8e7ff2c216f15f401e5112e537f0b826163243d46aae441,1075,1078,2,127,True
factor_depth_sum,shuffled_primes,14015,128,2,False,-1,f885e0d6afb1432ee8e7ff2c216f15f401e5112e537f0b826163243d46aae441,1075,1078,2,127,True
indecomposable_pair,shuffled_primes,14015,128,2,False,-1,f885e0d6afb1432ee8e7ff2c216f15f401e5112e537f0b826163243d46aae441,1075,1078,2,127,True
factor_depth_equal,shuffled_primes,14015,128,2,False,-1,f885e0d6afb1432ee8e7ff2c216f15f401e5112e537f0b826163243d46aae441,1075,1078,2,127,True
distinct_depth_equal,shuffled_primes,14015,128,2,False,-1,f885e0d6afb1432ee8e7ff2c216f15f401e5112e537f0b826163243d46aae441,1075,1078,2,127,True
tensor_coprime,shuffled_primes,14015,128,2,False,-1,f885e0d6afb1432ee8e7ff2c216f15f401e5112e537f0b826163243d46aae441,1075,1078,2,127,True
v2_equal,shuffled_primes,14015,128,2,False,-1,b5843e9ff0b0b6bef5757979846d98b208baa232e1d4714c398cc1956f6ad83e,1075,1078,2,125,True
v2_parity_equal,shuffled_primes,14015,128,2,False,-1,b5843e9ff0b0b6bef5757979846d98b208baa232e1d4714c398cc1956f6ad83e,1075,1078,2,125,True
entropy_increasing,shuffled_primes,14015,128,2,False,-1,2b46e3096a1877b024ad1f3280d4fa1a16a1ffe7aaaf22da87b516963e79e13a,996,999,2,63,True
entropy_bin_equal,shuffled_primes,14015,128,2,False,-1,f5fbddea838461eb54ffa623fd4f6c2948213f7bfec43ed3fc749d73c3ba1036,773,780,2,28,True
ordered_consecutive_tensor_atoms,shuffled_primes,14015,128,2,False,-1,8209d4d8829f40c5e262c0151b0d1b511fa768ed7390faea0378a9998481e481,529,539,2,2,True
consecutive_run_2,shuffled_primes,14015,128,2,True,0,a93875fe509ac2fae0e0939d3ec71c4d978244c7398dd7185ca68c393426a5a6,1,1,3,0,True
consecutive_run_3,shuffled_primes,14015,128,2,True,0,a93875fe509ac2fae0e0939d3ec71c4d978244c7398dd7185ca68c393426a5a6,1,1,3,0,True
consecutive_run_4,shuffled_primes,14015,128,2,True,0,a93875fe509ac2fae0e0939d3ec71c4d978244c7398dd7185ca68c393426a5a6,1,1,3,0,True
consecutive_run_5,shuffled_primes,14015,128,2,True,0,a93875fe509ac2fae0e0939d3ec71c4d978244c7398dd7185ca68c393426a5a6,1,1,3,0,True
consecutive_run_6,shuffled_primes,14015,128,2,True,0,a93875fe509ac2fae0e0939d3ec71c4d978244c7398dd7185ca68c393426a5a6,1,1,3,0,True
consecutive_run_7,shuffled_primes,14015,128,2,True,0,a93875fe509ac2fae0e0939d3ec71c4d978244c7398dd7185ca68c393426a5a6,1,1,3,0,True
consecutive_run_8,shuffled_primes,14015,128,2,True,0,a93875fe509ac2fae0e0939d3ec71c4d978244c7398dd7185ca68c393426a5a6,1,1,3,0,True
constant,random_increasing,14100,128,2,False,-1,38618be12b921d7188c0d17e9a91fe88ac9195503830866b0dea68ae5ad80379,951,953,2,127,True
factor_depth_sum,random_increasing,14100,128,2,False,-1,22d38c236ecd685a7d0cfdb367626df718458ddd9e1562e8e4560fe5c101a606,674,676,2,3,True
indecomposable_pair,random_increasing,14100,128,2,False,-1,22d38c236ecd685a7d0cfdb367626df718458ddd9e1562e8e4560fe5c101a606,674,676,2,3,True
factor_depth_equal,random_increasing,14100,128,2,False,-1,99605bf8582f6b67a58da350eec254bcf58173e91ae86c53d75b5979c497ff8d,807,809,2,30,True
distinct_depth_equal,random_increasing,14100,128,2,False,-1,16c3a871aa01722d83fe3e80cfa8db4ef49451f0ded8805de1f71256938289ff,833,836,2,50,True
tensor_coprime,random_increasing,14100,128,2,False,-1,e053de0060a3ba52878350e161a541a59d608f044ed9f776f296d3a5e4e916cd,912,915,2,71,True
v2_equal,random_increasing,14100,128,2,False,-1,0417d9ed381d403a9a9f0cf8281546f42d3df686f14ab11eb16de3da838d4acc,863,873,2,37,True
v2_parity_equal,random_increasing,14100,128,2,False,-1,f6756b33fd5d46b04c7ea44913f99e341646c676cf3d8c09cdd1c2b254ac5163,913,921,2,79,True
entropy_increasing,random_increasing,14100,128,2,False,-1,38618be12b921d7188c0d17e9a91fe88ac9195503830866b0dea68ae5ad80379,951,953,2,127,True
entropy_bin_equal,random_increasing,14100,128,2,False,-1,8ca2e5d7b976fb6702b0294322f5bd02ab18b83e5235e90f9f82524624659e39,945,953,2,121,True
ordered_consecutive_tensor_atoms,random_increasing,14100,128,2,False,-1,a99095f0ed189bfc790f2f660e484ff2a134855227a87058e6b7e99431027a69,647,659,2,1,True
consecutive_run_2,random_increasing,14100,128,2,True,0,a93875fe509ac2fae0e0939d3ec71c4d978244c7398dd7185ca68c393426a5a6,1,1,3,0,True
consecutive_run_3,random_increasing,14100,128,2,True,0,a93875fe509ac2fae0e0939d3ec71c4d978244c7398dd7185ca68c393426a5a6,1,1,3,0,True
consecutive_run_4,random_increasing,14100,128,2,True,0,a93875fe509ac2fae0e0939d3ec71c4d978244c7398dd7185ca68c393426a5a6,1,1,3,0,True
consecutive_run_5,random_increasing,14100,128,2,True,0,a93875fe509ac2fae0e0939d3ec71c4d978244c7398dd7185ca68c393426a5a6,1,1,3,0,True
consecutive_run_6,random_increasing,14100,128,2,True,0,a93875fe509ac2fae0e0939d3ec71c4d978244c7398dd7185ca68c393426a5a6,1,1,3,0,True
consecutive_run_7,random_increasing,14100,128,2,True,0,a93875fe509ac2fae0e0939d3ec71c4d978244c7398dd7185ca68c393426a5a6,1,1,3,0,True
consecutive_run_8,random_increasing,14100,128,2,True,0,a93875fe509ac2fae0e0939d3ec71c4d978244c7398dd7185ca68c393426a5a6,1,1,3,0,True
constant,random_increasing,14101,128,2,False,-1,558a1e5087ed5e99af9a859dade02a26ac6b7da50a39ef7e50237960381cace7,973,979,2,127,True
factor_depth_sum,random_increasing,14101,128,2,False,-1,950d36686ba1f400d07f7b23cb9e398e8b0dc0bfcb76695c597eca35db0c442e,681,694,2,4,True
indecomposable_pair,random_increasing,14101,128,2,False,-1,950d36686ba1f400d07f7b23cb9e398e8b0dc0bfcb76695c597eca35db0c442e,681,694,2,4,True
factor_depth_equal,random_increasing,14101,128,2,False,-1,e8d89bf555f8ee8230aaff1d66681e1058cdc3adb45efdce8850a45acd4eb528,818,823,2,26,True
distinct_depth_equal,random_increasing,14101,128,2,False,-1,a277ced143fe9d455efc2bd540437667e88344a58ac426c90f6a8f7a40c4443c,863,869,2,50,True
tensor_coprime,random_increasing,14101,128,2,False,-1,25233d4450807c5a41b65b1310809032aed59277d500750a9833e730618edee4,948,955,2,81,True
v2_equal,random_increasing,14101,128,2,False,-1,9c8e2e3cf981abc58a4c97d9a0a99c48f5e28e88e1d8d896130ad8d6b979bc33,893,902,2,46,True
v2_parity_equal,random_increasing,14101,128,2,False,-1,829c9e8d54518009f43a6e6b72c301d7c0c6133966311a0dd860fbf00fc42391,934,943,2,72,True
entropy_increasing,random_increasing,14101,128,2,False,-1,558a1e5087ed5e99af9a859dade02a26ac6b7da50a39ef7e50237960381cace7,973,979,2,127,True
entropy_bin_equal,random_increasing,14101,128,2,False,-1,952a9239760fc0492d296ace5a492f5603ad8aba1659c8e6ab3e8c3b4d47c211,971,979,2,121,True
ordered_consecutive_tensor_atoms,random_increasing,14101,128,2,True,0,a93875fe509ac2fae0e0939d3ec71c4d978244c7398dd7185ca68c393426a5a6,1,1,3,0,True
consecutive_run_2,random_increasing,14101,128,2,True,0,a93875fe509ac2fae0e0939d3ec71c4d978244c7398dd7185ca68c393426a5a6,1,1,3,0,True
consecutive_run_3,random_increasing,14101,128,2,True,0,a93875fe509ac2fae0e0939d3ec71c4d978244c7398dd7185ca68c393426a5a6,1,1,3,0,True
consecutive_run_4,random_increasing,14101,128,2,True,0,a93875fe509ac2fae0e0939d3ec71c4d978244c7398dd7185ca68c393426a5a6,1,1,3,0,True
consecutive_run_5,random_increasing,14101,128,2,True,0,a93875fe509ac2fae0e0939d3ec71c4d978244c7398dd7185ca68c393426a5a6,1,1,3,0,True
consecutive_run_6,random_increasing,14101,128,2,True,0,a93875fe509ac2fae0e0939d3ec71c4d978244c7398dd7185ca68c393426a5a6,1,1,3,0,True
consecutive_run_7,random_increasing,14101,128,2,True,0,a93875fe509ac2fae0e0939d3ec71c4d978244c7398dd7185ca68c393426a5a6,1,1,3,0,True
consecutive_run_8,random_increasing,14101,128,2,True,0,a93875fe509ac2fae0e0939d3ec71c4d978244c7398dd7185ca68c393426a5a6,1,1,3,0,True
constant,random_increasing,14102,128,2,False,-1,5e722a17b4326620b95722fa59e017cb8f435e3e5f3fc8a87b93f371ae3b562a,952,955,2,127,True
factor_depth_sum,random_increasing,14102,128,2,False,-1,fca375592ed9dea8b00d76f23d859e32209f7e1e851a8c0c24b5b0ea515d2215,684,687,2,4,True
indecomposable_pair,random_increasing,14102,128,2,False,-1,fca375592ed9dea8b00d76f23d859e32209f7e1e851a8c0c24b5b0ea515d2215,684,687,2,4,True
factor_depth_equal,random_increasing,14102,128,2,False,-1,d19f1a974808e59a81a05646911c5676c2e8945deb25372f7f8e5a42faaaf54c,811,813,2,28,True
distinct_depth_equal,random_increasing,14102,128,2,False,-1,0273d724bff76b96d1ca6cfa4c4a185337adfcd8c9634202d91e2fd8a9326316,866,869,2,48,True
tensor_coprime,random_increasing,14102,128,2,False,-1,2808065d29ce4f72165828fc02a4f1891a2f9aed543d4eeb08c0c9266d24016f,925,928,2,77,True
v2_equal,random_increasing,14102,128,2,False,-1,41b9f9aff6610a52b045afc6d9efcfdc158ea623e89657ebd2b2a31ad2f2d8a2,843,851,2,37,True
v2_parity_equal,random_increasing,14102,128,2,False,-1,104c3e837331c2fd78ae34fae665a399c0a47e0da543e681df975653792cf4ff,895,902,2,70,True
entropy_increasing,random_increasing,14102,128,2,False,-1,5e722a17b4326620b95722fa59e017cb8f435e3e5f3fc8a87b93f371ae3b562a,952,955,2,127,True
entropy_bin_equal,random_increasing,14102,128,2,False,-1,54173e5e3ecfa5922cd427b4a346500cfd8ac003ee8647809c411ec77f600630,950,956,2,119,True
ordered_consecutive_tensor_atoms,random_increasing,14102,128,2,False,-1,7faf1b3d8a4a081945a48025f89757ef06d3c414c996f19a9e5c83402c581ff4,660,672,2,2,True
consecutive_run_2,random_increasing,14102,128,2,True,0,a93875fe509ac2fae0e0939d3ec71c4d978244c7398dd7185ca68c393426a5a6,1,1,3,0,True
consecutive_run_3,random_increasing,14102,128,2,True,0,a93875fe509ac2fae0e0939d3ec71c4d978244c7398dd7185ca68c393426a5a6,1,1,3,0,True
consecutive_run_4,random_increasing,14102,128,2,True,0,a93875fe509ac2fae0e0939d3ec71c4d978244c7398dd7185ca68c393426a5a6,1,1,3,0,True
consecutive_run_5,random_increasing,14102,128,2,True,0,a93875fe509ac2fae0e0939d3ec71c4d978244c7398dd7185ca68c393426a5a6,1,1,3,0,True
consecutive_run_6,random_increasing,14102,128,2,True,0,a93875fe509ac2fae0e0939d3ec71c4d978244c7398dd7185ca68c393426a5a6,1,1,3,0,True
consecutive_run_7,random_increasing,14102,128,2,True,0,a93875fe509ac2fae0e0939d3ec71c4d978244c7398dd7185ca68c393426a5a6,1,1,3,0,True
consecutive_run_8,random_increasing,14102,128,2,True,0,a93875fe509ac2fae0e0939d3ec71c4d978244c7398dd7185ca68c393426a5a6,1,1,3,0,True
constant,random_increasing,14103,128,2,False,-1,a4ecbde5743a896096111b04c70e5942ba5a41ee442a2c27e91795d8e94b80f9,993,1001,2,127,True
factor_depth_sum,random_increasing,14103,128,2,False,-1,a4bbe18399baf333ce0d2ffd3d8cb29c463792bdf7389e2a8a41033f7026fa79,679,690,2,1,True
indecomposable_pair,random_increasing,14103,128,2,False,-1,a4bbe18399baf333ce0d2ffd3d8cb29c463792bdf7389e2a8a41033f7026fa79,679,690,2,1,True
factor_depth_equal,random_increasing,14103,128,2,False,-1,e499ad2bb6a653a26b3959f66e9fb7a7c9bd78819100a45329cc768c6f26191b,781,790,2,22,True
distinct_depth_equal,random_increasing,14103,128,2,False,-1,bc594e8533e91f3ca301def88bf478575e8142c55942fc274886eec8bbf2ff18,846,854,2,43,True
tensor_coprime,random_increasing,14103,128,2,False,-1,dd3174c16fed170339db0d76a108376298b013e23de90d37b0bf4e552e4dfcc0,980,988,2,75,True
v2_equal,random_increasing,14103,128,2,False,-1,972f4021019ea9cd552f500fc49050dad2f58e51433a056de8a65f9565904f73,858,867,2,35,True
v2_parity_equal,random_increasing,14103,128,2,False,-1,7c71999a21561679487e7bc67bca7c8c464c1e40143a45fadde3a7f8fafdba04,937,946,2,75,True
entropy_increasing,random_increasing,14103,128,2,False,-1,a4ecbde5743a896096111b04c70e5942ba5a41ee442a2c27e91795d8e94b80f9,993,1001,2,127,True
entropy_bin_equal,random_increasing,14103,128,2,False,-1,6d743cca61d691442f41223d364d3b0a9851e64f9734b010c8c1e54413504415,991,1000,2,122,True
ordered_consecutive_tensor_atoms,random_increasing,14103,128,2,True,0,a93875fe509ac2fae0e0939d3ec71c4d978244c7398dd7185ca68c393426a5a6,1,1,3,0,True
consecutive_run_2,random_increasing,14103,128,2,True,0,a93875fe509ac2fae0e0939d3ec71c4d978244c7398dd7185ca68c393426a5a6,1,1,3,0,True
consecutive_run_3,random_increasing,14103,128,2,True,0,a93875fe509ac2fae0e0939d3ec71c4d978244c7398dd7185ca68c393426a5a6,1,1,3,0,True
consecutive_run_4,random_increasing,14103,128,2,True,0,a93875fe509ac2fae0e0939d3ec71c4d978244c7398dd7185ca68c393426a5a6,1,1,3,0,True
consecutive_run_5,random_increasing,14103,128,2,True,0,a93875fe509ac2fae0e0939d3ec71c4d978244c7398dd7185ca68c393426a5a6,1,1,3,0,True
consecutive_run_6,random_increasing,14103,128,2,True,0,a93875fe509ac2fae0e0939d3ec71c4d978244c7398dd7185ca68c393426a5a6,1,1,3,0,True
consecutive_run_7,random_increasing,14103,128,2,True,0,a93875fe509ac2fae0e0939d3ec71c4d978244c7398dd7185ca68c393426a5a6,1,1,3,0,True
consecutive_run_8,random_increasing,14103,128,2,True,0,a93875fe509ac2fae0e0939d3ec71c4d978244c7398dd7185ca68c393426a5a6,1,1,3,0,True
constant,random_increasing,14104,128,2,False,-1,436e1eef959db766d9e1263a394ad3b838349759db348fb29e59c76f8ec39b98,940,945,2,127,True
factor_depth_sum,random_increasing,14104,128,2,False,-1,749b26f7eb86d442e6b2c3fa3fa1cdc80695db49d007736ef169c0fe025ee52f,664,675,2,3,True
indecomposable_pair,random_increasing,14104,128,2,False,-1,749b26f7eb86d442e6b2c3fa3fa1cdc80695db49d007736ef169c0fe025ee52f,664,675,2,3,True
factor_depth_equal,random_increasing,14104,128,2,False,-1,2797a2b986f25bb339da341ef0dc91f9a741215ce8b1403a9f0d4ae2e7d67d17,784,791,2,24,True
distinct_depth_equal,random_increasing,14104,128,2,False,-1,df28f49d215aae4721c6dd9063fc19c9ad5ed79df012d6f3e6aaf2004f06e198,874,880,2,59,True
tensor_coprime,random_increasing,14104,128,2,False,-1,3d11a5203447a1ce60bee024f27a074f3e80b2a2282927eb56d7ee0ac6a835fd,930,934,2,72,True
v2_equal,random_increasing,14104,128,2,False,-1,7edde6d3d55add2c890bafc4d777e9a68c8b83ceff99aaf50f4a725f29230d9d,835,841,2,34,True
v2_parity_equal,random_increasing,14104,128,2,False,-1,2c40fe3d2d24b27ab8cb9c23eb276c2131cb336f953efefebca3559378df2ea0,916,922,2,67,True
entropy_increasing,random_increasing,14104,128,2,False,-1,436e1eef959db766d9e1263a394ad3b838349759db348fb29e59c76f8ec39b98,940,945,2,127,True
entropy_bin_equal,random_increasing,14104,128,2,False,-1,de04b564ff9df5092e063c113dc7594e0c1d584381ad3cfe7bc708c8c890b0e5,935,942,2,120,True
ordered_consecutive_tensor_atoms,random_increasing,14104,128,2,False,-1,4847bc5c99e7776d43baac0c2cfe3a60876b11ef815c884e84eab367f2152aab,641,655,2,1,True
consecutive_run_2,random_increasing,14104,128,2,True,0,a93875fe509ac2fae0e0939d3ec71c4d978244c7398dd7185ca68c393426a5a6,1,1,3,0,True
consecutive_run_3,random_increasing,14104,128,2,True,0,a93875fe509ac2fae0e0939d3ec71c4d978244c7398dd7185ca68c393426a5a6,1,1,3,0,True
consecutive_run_4,random_increasing,14104,128,2,True,0,a93875fe509ac2fae0e0939d3ec71c4d978244c7398dd7185ca68c393426a5a6,1,1,3,0,True
consecutive_run_5,random_increasing,14104,128,2,True,0,a93875fe509ac2fae0e0939d3ec71c4d978244c7398dd7185ca68c393426a5a6,1,1,3,0,True
consecutive_run_6,random_increasing,14104,128,2,True,0,a93875fe509ac2fae0e0939d3ec71c4d978244c7398dd7185ca68c393426a5a6,1,1,3,0,True
consecutive_run_7,random_increasing,14104,128,2,True,0,a93875fe509ac2fae0e0939d3ec71c4d978244c7398dd7185ca68c393426a5a6,1,1,3,0,True
consecutive_run_8,random_increasing,14104,128,2,True,0,a93875fe509ac2fae0e0939d3ec71c4d978244c7398dd7185ca68c393426a5a6,1,1,3,0,True
constant,random_increasing,14105,128,2,False,-1,4eebca22fba1c36c2a42b6d8543ee47e6730137c7d46abfc38996b23dceabd8f,991,995,2,127,True
factor_depth_sum,random_increasing,14105,128,2,False,-1,447f4d6373aaeeb0d0ab8e4cbae09c1d7eae16dbd55d3a877ae319503bf0392b,694,705,2,4,True
indecomposable_pair,random_increasing,14105,128,2,False,-1,447f4d6373aaeeb0d0ab8e4cbae09c1d7eae16dbd55d3a877ae319503bf0392b,694,705,2,4,True
factor_depth_equal,random_increasing,14105,128,2,False,-1,14f0a615c5fce5cb9edf50d23f074cd3e2605d41b5ec95c2445ac2898a70553d,784,793,2,18,True
distinct_depth_equal,random_increasing,14105,128,2,False,-1,96a659298bb4fe9a8dbda983475b21d50f298a6ca5e2272a81a4eadc1386809f,884,891,2,42,True
tensor_coprime,random_increasing,14105,128,2,False,-1,93bfb9a481142d4a7b41c35efd64f3187dc88e62bac633a4a84458b8c1302c31,968,971,2,85,True
v2_equal,random_increasing,14105,128,2,False,-1,d0d1398a9229e32999ede4776d7170b303d5c2f92d31464027729c10fbaa434f,856,863,2,36,True
v2_parity_equal,random_increasing,14105,128,2,False,-1,99c113aa62954e273b8f8e9c822d7eee1dfdf47a880a5cacf910cb0e62fe78ea,933,941,2,63,True
entropy_increasing,random_increasing,14105,128,2,False,-1,4eebca22fba1c36c2a42b6d8543ee47e6730137c7d46abfc38996b23dceabd8f,991,995,2,127,True
entropy_bin_equal,random_increasing,14105,128,2,False,-1,9b1d5c7604b0a545c218810b5658dc80e431f131f244b5c205443b574d0da8dc,987,996,2,121,True
ordered_consecutive_tensor_atoms,random_increasing,14105,128,2,False,-1,fcc315705fe46749d2b73b93ce68c7e7ab6b2544c3aa1292025ec70978da3167,653,666,2,1,True
consecutive_run_2,random_increasing,14105,128,2,True,0,a93875fe509ac2fae0e0939d3ec71c4d978244c7398dd7185ca68c393426a5a6,1,1,3,0,True
consecutive_run_3,random_increasing,14105,128,2,True,0,a93875fe509ac2fae0e0939d3ec71c4d978244c7398dd7185ca68c393426a5a6,1,1,3,0,True
consecutive_run_4,random_increasing,14105,128,2,True,0,a93875fe509ac2fae0e0939d3ec71c4d978244c7398dd7185ca68c393426a5a6,1,1,3,0,True
consecutive_run_5,random_increasing,14105,128,2,True,0,a93875fe509ac2fae0e0939d3ec71c4d978244c7398dd7185ca68c393426a5a6,1,1,3,0,True
consecutive_run_6,random_increasing,14105,128,2,True,0,a93875fe509ac2fae0e0939d3ec71c4d978244c7398dd7185ca68c393426a5a6,1,1,3,0,True
consecutive_run_7,random_increasing,14105,128,2,True,0,a93875fe509ac2fae0e0939d3ec71c4d978244c7398dd7185ca68c393426a5a6,1,1,3,0,True
consecutive_run_8,random_increasing,14105,128,2,True,0,a93875fe509ac2fae0e0939d3ec71c4d978244c7398dd7185ca68c393426a5a6,1,1,3,0,True
constant,random_increasing,14106,128,2,False,-1,2e09e3cbb3a004bb20bff9d826fc235ed10188f664bd44de1cea763eef8243c5,984,992,2,127,True
factor_depth_sum,random_increasing,14106,128,2,False,-1,71a41e7f185c36699b3c53defabc999dc1657d73c9d5f416673b7e763cbde92a,704,715,2,3,True
indecomposable_pair,random_increasing,14106,128,2,False,-1,71a41e7f185c36699b3c53defabc999dc1657d73c9d5f416673b7e763cbde92a,704,715,2,3,True
factor_depth_equal,random_increasing,14106,128,2,False,-1,1f48898d11166c8ff5a968950a56f1dab899c11f34f8735e843c329d9fca218d,813,822,2,20,True
distinct_depth_equal,random_increasing,14106,128,2,False,-1,c77c71bfd3bf450e1e34107cb093e96cce5e60c87c5f21f863eee07d3527a39c,854,864,2,43,True
tensor_coprime,random_increasing,14106,128,2,False,-1,20199de06dfaa945898aa105efd169dfa9690408f83bb6eae873596f5d4779ac,929,937,2,69,True
v2_equal,random_increasing,14106,128,2,False,-1,9901ae1f1f5900c7002bb142eb9b6b30a56f118c7f75d14199dc6f060f61c27d,912,920,2,37,True
v2_parity_equal,random_increasing,14106,128,2,False,-1,f33b13da1d27ae90e8c1a1d9c784ed063138919f205b3badb40dbc0bdf4e929a,952,961,2,69,True
entropy_increasing,random_increasing,14106,128,2,False,-1,2e09e3cbb3a004bb20bff9d826fc235ed10188f664bd44de1cea763eef8243c5,984,992,2,127,True
entropy_bin_equal,random_increasing,14106,128,2,False,-1,d702b4d615d793ca8e0f9b6579fafd4ea3c52c9217b787d82a447c18c24b781d,984,992,2,123,True
ordered_consecutive_tensor_atoms,random_increasing,14106,128,2,True,0,a93875fe509ac2fae0e0939d3ec71c4d978244c7398dd7185ca68c393426a5a6,1,1,3,0,True
consecutive_run_2,random_increasing,14106,128,2,True,0,a93875fe509ac2fae0e0939d3ec71c4d978244c7398dd7185ca68c393426a5a6,1,1,3,0,True
consecutive_run_3,random_increasing,14106,128,2,True,0,a93875fe509ac2fae0e0939d3ec71c4d978244c7398dd7185ca68c393426a5a6,1,1,3,0,True
consecutive_run_4,random_increasing,14106,128,2,True,0,a93875fe509ac2fae0e0939d3ec71c4d978244c7398dd7185ca68c393426a5a6,1,1,3,0,True
consecutive_run_5,random_increasing,14106,128,2,True,0,a93875fe509ac2fae0e0939d3ec71c4d978244c7398dd7185ca68c393426a5a6,1,1,3,0,True
consecutive_run_6,random_increasing,14106,128,2,True,0,a93875fe509ac2fae0e0939d3ec71c4d978244c7398dd7185ca68c393426a5a6,1,1,3,0,True
consecutive_run_7,random_increasing,14106,128,2,True,0,a93875fe509ac2fae0e0939d3ec71c4d978244c7398dd7185ca68c393426a5a6,1,1,3,0,True
consecutive_run_8,random_increasing,14106,128,2,True,0,a93875fe509ac2fae0e0939d3ec71c4d978244c7398dd7185ca68c393426a5a6,1,1,3,0,True
constant,random_increasing,14107,128,2,False,-1,82ac076945c0dedc29f490a77d953b15765497f9dad2e0aeb178a11f45b06878,972,979,2,127,True
factor_depth_sum,random_increasing,14107,128,2,False,-1,4d92fb637f256a7a77c71422af307febc234b2c48a542831d2615b59cbd55408,648,662,2,1,True
indecomposable_pair,random_increasing,14107,128,2,False,-1,4d92fb637f256a7a77c71422af307febc234b2c48a542831d2615b59cbd55408,648,662,2,1,True
factor_depth_equal,random_increasing,14107,128,2,False,-1,9390443cbfe08a944370192daaf1de07e557a3ebfb45b2ae74eb503aa0bae4c8,763,772,2,18,True
distinct_depth_equal,random_increasing,14107,128,2,False,-1,f03623c40a3547d05528f4cf71dd617f7d07d254c4e63e0fbc9edc74190a43fa,807,815,2,36,True
tensor_coprime,random_increasing,14107,128,2,False,-1,9418893a5ce32c73b88995a5a62c74dd526e9152c0fe681ea691a8286baea43e,945,952,2,77,True
v2_equal,random_increasing,14107,128,2,False,-1,7a5f8e653619cfd4f5fa8fa98cfece06b27f4d89423eddb95cee1ea9c56a5599,877,885,2,37,True
v2_parity_equal,random_increasing,14107,128,2,False,-1,b5f9e798705603dc37423226c3a6b99b96cac6d58fb9ee0e0f63efb5b86d8dc6,924,932,2,62,True
entropy_increasing,random_increasing,14107,128,2,False,-1,82ac076945c0dedc29f490a77d953b15765497f9dad2e0aeb178a11f45b06878,972,979,2,127,True
entropy_bin_equal,random_increasing,14107,128,2,False,-1,151eadeb32323ea8822c2b91eacb65fcdd0080bb27c02d769e584891890bdc24,972,979,2,121,True
ordered_consecutive_tensor_atoms,random_increasing,14107,128,2,True,0,a93875fe509ac2fae0e0939d3ec71c4d978244c7398dd7185ca68c393426a5a6,1,1,3,0,True
consecutive_run_2,random_increasing,14107,128,2,True,0,a93875fe509ac2fae0e0939d3ec71c4d978244c7398dd7185ca68c393426a5a6,1,1,3,0,True
consecutive_run_3,random_increasing,14107,128,2,True,0,a93875fe509ac2fae0e0939d3ec71c4d978244c7398dd7185ca68c393426a5a6,1,1,3,0,True
consecutive_run_4,random_increasing,14107,128,2,True,0,a93875fe509ac2fae0e0939d3ec71c4d978244c7398dd7185ca68c393426a5a6,1,1,3,0,True
consecutive_run_5,random_increasing,14107,128,2,True,0,a93875fe509ac2fae0e0939d3ec71c4d978244c7398dd7185ca68c393426a5a6,1,1,3,0,True
consecutive_run_6,random_increasing,14107,128,2,True,0,a93875fe509ac2fae0e0939d3ec71c4d978244c7398dd7185ca68c393426a5a6,1,1,3,0,True
consecutive_run_7,random_increasing,14107,128,2,True,0,a93875fe509ac2fae0e0939d3ec71c4d978244c7398dd7185ca68c393426a5a6,1,1,3,0,True
consecutive_run_8,random_increasing,14107,128,2,True,0,a93875fe509ac2fae0e0939d3ec71c4d978244c7398dd7185ca68c393426a5a6,1,1,3,0,True
constant,random_increasing,14108,128,2,False,-1,a74b6adffdc088ec5f75786a88dc184e064c93ef430b2f1aa47245c8ae61a174,948,955,2,127,True
factor_depth_sum,random_increasing,14108,128,2,False,-1,80db76934db30cd230e28d830597abddafc88f07699f77628210a4142a35bc7c,705,716,2,5,True
indecomposable_pair,random_increasing,14108,128,2,False,-1,80db76934db30cd230e28d830597abddafc88f07699f77628210a4142a35bc7c,705,716,2,5,True
factor_depth_equal,random_increasing,14108,128,2,False,-1,0d4ec7842592803a7eeca8cb4fe9cf94ad5d68a664cf344a0a0825de59907d9e,805,815,2,21,True
distinct_depth_equal,random_increasing,14108,128,2,False,-1,2ff814c4c9dbb585c72945a24bb382e8141b7c2a22b9a0db54ba26edcd8ae0dd,880,889,2,50,True
tensor_coprime,random_increasing,14108,128,2,False,-1,122be01fdca7ec5065b8aa196316587ef36a5c6d9868ec3515aa106c07b4e62c,928,935,2,86,True
v2_equal,random_increasing,14108,128,2,False,-1,26086927f5475218f68a9df4eaf0ed64aff8cc5a5db079b3388117361ed4983a,850,859,2,34,True
v2_parity_equal,random_increasing,14108,128,2,False,-1,09d9d67d6386f45a4bac5bfdfbd645c6a09f54b3fd122effadd018208c3fd6ce,907,915,2,64,True
entropy_increasing,random_increasing,14108,128,2,False,-1,a74b6adffdc088ec5f75786a88dc184e064c93ef430b2f1aa47245c8ae61a174,948,955,2,127,True
entropy_bin_equal,random_increasing,14108,128,2,False,-1,0bbd7efb7956055cc8bd40d84e517c2708f93aab32450e2c672a14c463fba917,947,955,2,122,True
ordered_consecutive_tensor_atoms,random_increasing,14108,128,2,True,0,a93875fe509ac2fae0e0939d3ec71c4d978244c7398dd7185ca68c393426a5a6,1,1,3,0,True
consecutive_run_2,random_increasing,14108,128,2,True,0,a93875fe509ac2fae0e0939d3ec71c4d978244c7398dd7185ca68c393426a5a6,1,1,3,0,True
consecutive_run_3,random_increasing,14108,128,2,True,0,a93875fe509ac2fae0e0939d3ec71c4d978244c7398dd7185ca68c393426a5a6,1,1,3,0,True
consecutive_run_4,random_increasing,14108,128,2,True,0,a93875fe509ac2fae0e0939d3ec71c4d978244c7398dd7185ca68c393426a5a6,1,1,3,0,True
consecutive_run_5,random_increasing,14108,128,2,True,0,a93875fe509ac2fae0e0939d3ec71c4d978244c7398dd7185ca68c393426a5a6,1,1,3,0,True
consecutive_run_6,random_increasing,14108,128,2,True,0,a93875fe509ac2fae0e0939d3ec71c4d978244c7398dd7185ca68c393426a5a6,1,1,3,0,True
consecutive_run_7,random_increasing,14108,128,2,True,0,a93875fe509ac2fae0e0939d3ec71c4d978244c7398dd7185ca68c393426a5a6,1,1,3,0,True
consecutive_run_8,random_increasing,14108,128,2,True,0,a93875fe509ac2fae0e0939d3ec71c4d978244c7398dd7185ca68c393426a5a6,1,1,3,0,True
constant,random_increasing,14109,128,2,False,-1,1deb412355fb0516690042d8f6ea127b833e3e1485be9b724d9f0f8228887559,965,971,2,127,True
factor_depth_sum,random_increasing,14109,128,2,False,-1,2117b6d0e89ae93b242b77c22370331a4000b5eef9f59b830964e3749af42b06,646,658,2,1,True
indecomposable_pair,random_increasing,14109,128,2,False,-1,2117b6d0e89ae93b242b77c22370331a4000b5eef9f59b830964e3749af42b06,646,658,2,1,True
factor_depth_equal,random_increasing,14109,128,2,False,-1,bc6bd5eb84eaa6a831b7134b41d2d855f51b3a3af09c88315aa62886e7b4eb5e,801,810,2,26,True
distinct_depth_equal,random_increasing,14109,128,2,False,-1,6b25ffd725287de9ed9d4413be3ac97390b61f48193e13b052d0d15d8678e0d8,835,844,2,44,True
tensor_coprime,random_increasing,14109,128,2,False,-1,8b4935320bc65b7ed3981cfbd3dfff4bf4cc9e9a2a72b8e85fc6f6993835b588,930,936,2,81,True
v2_equal,random_increasing,14109,128,2,False,-1,a5cd5b22d0470df7cea3f65979bc028ec7a4dcc7f0544edb1ac1f232e37b1e26,845,853,2,34,True
v2_parity_equal,random_increasing,14109,128,2,False,-1,67a4aa13187e922a1f3cff38e252c144967923400c427f6e96aba5fc8c53f41d,912,919,2,67,True
entropy_increasing,random_increasing,14109,128,2,False,-1,1deb412355fb0516690042d8f6ea127b833e3e1485be9b724d9f0f8228887559,965,971,2,127,True
entropy_bin_equal,random_increasing,14109,128,2,False,-1,cd5f643d7f819c74c66b666db2ba20093691e54480d01a6059245345f18eda94,966,973,2,121,True
ordered_consecutive_tensor_atoms,random_increasing,14109,128,2,True,0,a93875fe509ac2fae0e0939d3ec71c4d978244c7398dd7185ca68c393426a5a6,1,1,3,0,True
consecutive_run_2,random_increasing,14109,128,2,True,0,a93875fe509ac2fae0e0939d3ec71c4d978244c7398dd7185ca68c393426a5a6,1,1,3,0,True
consecutive_run_3,random_increasing,14109,128,2,True,0,a93875fe509ac2fae0e0939d3ec71c4d978244c7398dd7185ca68c393426a5a6,1,1,3,0,True
consecutive_run_4,random_increasing,14109,128,2,True,0,a93875fe509ac2fae0e0939d3ec71c4d978244c7398dd7185ca68c393426a5a6,1,1,3,0,True
consecutive_run_5,random_increasing,14109,128,2,True,0,a93875fe509ac2fae0e0939d3ec71c4d978244c7398dd7185ca68c393426a5a6,1,1,3,0,True
consecutive_run_6,random_increasing,14109,128,2,True,0,a93875fe509ac2fae0e0939d3ec71c4d978244c7398dd7185ca68c393426a5a6,1,1,3,0,True
consecutive_run_7,random_increasing,14109,128,2,True,0,a93875fe509ac2fae0e0939d3ec71c4d978244c7398dd7185ca68c393426a5a6,1,1,3,0,True
consecutive_run_8,random_increasing,14109,128,2,True,0,a93875fe509ac2fae0e0939d3ec71c4d978244c7398dd7185ca68c393426a5a6,1,1,3,0,True
constant,random_increasing,14110,128,2,False,-1,13f3d0aea0d621a4be1915e65b344f1d944023d186eaa3da5b9902ffb37a9641,893,898,2,127,True
factor_depth_sum,random_increasing,14110,128,2,False,-1,1d5645315763da4ffe44bb77b73e1a9cb374d86c78dbd2aafd96623563af9ed2,629,638,2,2,True
indecomposable_pair,random_increasing,14110,128,2,False,-1,1d5645315763da4ffe44bb77b73e1a9cb374d86c78dbd2aafd96623563af9ed2,629,638,2,2,True
factor_depth_equal,random_increasing,14110,128,2,False,-1,8532367bf5d202223404748ab730ee0427178aa8b9289587d2d532a7854d2a75,763,770,2,30,True
distinct_depth_equal,random_increasing,14110,128,2,False,-1,fc593c927a2dc49d5c437a807bacda34c254891ea55f7abe200b745e4040ccde,810,817,2,50,True
tensor_coprime,random_increasing,14110,128,2,False,-1,1abd13049da2f4b3f5e3b51b58959086171f0dd00a15558ff34f476256c6fe4b,875,881,2,82,True
v2_equal,random_increasing,14110,128,2,False,-1,f51c7afdba910ce5744c8b1616e1c8bff0c3ac63dfca479dbced206fe79781be,823,829,2,56,True
v2_parity_equal,random_increasing,14110,128,2,False,-1,a09a293280b4eb81e20ae39a7368e3e9e2bc184e440a508b7fbf66d526a3f5d6,845,851,2,78,True
entropy_increasing,random_increasing,14110,128,2,False,-1,13f3d0aea0d621a4be1915e65b344f1d944023d186eaa3da5b9902ffb37a9641,893,898,2,127,True
entropy_bin_equal,random_increasing,14110,128,2,False,-1,e99de58f177bc743924693913d9c53dd83c2eda36a9ba8becf953d009025b202,891,897,2,120,True
ordered_consecutive_tensor_atoms,random_increasing,14110,128,2,False,-1,71ef73c9e503c6faa1b3175eb2c6989e78a950f3c2d5c254b78449716e743af5,612,620,2,1,True
consecutive_run_2,random_increasing,14110,128,2,True,0,a93875fe509ac2fae0e0939d3ec71c4d978244c7398dd7185ca68c393426a5a6,1,1,3,0,True
consecutive_run_3,random_increasing,14110,128,2,True,0,a93875fe509ac2fae0e0939d3ec71c4d978244c7398dd7185ca68c393426a5a6,1,1,3,0,True
consecutive_run_4,random_increasing,14110,128,2,True,0,a93875fe509ac2fae0e0939d3ec71c4d978244c7398dd7185ca68c393426a5a6,1,1,3,0,True
consecutive_run_5,random_increasing,14110,128,2,True,0,a93875fe509ac2fae0e0939d3ec71c4d978244c7398dd7185ca68c393426a5a6,1,1,3,0,True
consecutive_run_6,random_increasing,14110,128,2,True,0,a93875fe509ac2fae0e0939d3ec71c4d978244c7398dd7185ca68c393426a5a6,1,1,3,0,True
consecutive_run_7,random_increasing,14110,128,2,True,0,a93875fe509ac2fae0e0939d3ec71c4d978244c7398dd7185ca68c393426a5a6,1,1,3,0,True
consecutive_run_8,random_increasing,14110,128,2,True,0,a93875fe509ac2fae0e0939d3ec71c4d978244c7398dd7185ca68c393426a5a6,1,1,3,0,True
constant,random_increasing,14111,128,2,False,-1,2ecc29f5d2d48ca85e33982c0d361d43c5f896e271369df6b1c3f22cff74a809,979,982,2,127,True
factor_depth_sum,random_increasing,14111,128,2,False,-1,6e44bc639ed99482393c4cbf3d2db929bcaf270691c798dd689d28394c14c053,652,661,2,3,True
indecomposable_pair,random_increasing,14111,128,2,False,-1,6e44bc639ed99482393c4cbf3d2db929bcaf270691c798dd689d28394c14c053,652,661,2,3,True
factor_depth_equal,random_increasing,14111,128,2,False,-1,a7966985681de7908526b2151736816d79aba6208c9beea022b4357315ae2baf,766,770,2,21,True
distinct_depth_equal,random_increasing,14111,128,2,False,-1,f8e7dbf2dda380de5c5d1389ed5ac9c2323ee014754434721d1adb90bc63f2f6,859,862,2,52,True
tensor_coprime,random_increasing,14111,128,2,False,-1,9f0a4341da6efec9d93c15cdf74bbb222bd973ae0d882b6ba1ad30a48d5b882e,957,960,2,83,True
v2_equal,random_increasing,14111,128,2,False,-1,0302bc98afcb919d1e7fe02ccff3ec92fd0824fbe310b3bb5abce81a208fff67,858,867,2,40,True
v2_parity_equal,random_increasing,14111,128,2,False,-1,c22a35325a69602c71c1267ca88468ff9e21ffbc567532fbf6ccb2f46671a652,934,937,2,73,True
entropy_increasing,random_increasing,14111,128,2,False,-1,2ecc29f5d2d48ca85e33982c0d361d43c5f896e271369df6b1c3f22cff74a809,979,982,2,127,True
entropy_bin_equal,random_increasing,14111,128,2,False,-1,af4bb21ad1dfa9ed473efa386dfcc7eeb1c3209dd262d25d5ccd095f38ab1b60,973,981,2,119,True
ordered_consecutive_tensor_atoms,random_increasing,14111,128,2,False,-1,b4aa5330a4a9f88be29fa768b58b47c0e5e2bbba8b8328f87e90a92eff5606bd,633,643,2,1,True
consecutive_run_2,random_increasing,14111,128,2,True,0,a93875fe509ac2fae0e0939d3ec71c4d978244c7398dd7185ca68c393426a5a6,1,1,3,0,True
consecutive_run_3,random_increasing,14111,128,2,True,0,a93875fe509ac2fae0e0939d3ec71c4d978244c7398dd7185ca68c393426a5a6,1,1,3,0,True
consecutive_run_4,random_increasing,14111,128,2,True,0,a93875fe509ac2fae0e0939d3ec71c4d978244c7398dd7185ca68c393426a5a6,1,1,3,0,True
consecutive_run_5,random_increasing,14111,128,2,True,0,a93875fe509ac2fae0e0939d3ec71c4d978244c7398dd7185ca68c393426a5a6,1,1,3,0,True
consecutive_run_6,random_increasing,14111,128,2,True,0,a93875fe509ac2fae0e0939d3ec71c4d978244c7398dd7185ca68c393426a5a6,1,1,3,0,True
consecutive_run_7,random_increasing,14111,128,2,True,0,a93875fe509ac2fae0e0939d3ec71c4d978244c7398dd7185ca68c393426a5a6,1,1,3,0,True
consecutive_run_8,random_increasing,14111,128,2,True,0,a93875fe509ac2fae0e0939d3ec71c4d978244c7398dd7185ca68c393426a5a6,1,1,3,0,True
constant,random_increasing,14112,128,2,False,-1,3e3ac2f81446fe110ae52ea6bc0d99ce6124be177457065c36d804c695b6a626,966,971,2,127,True
factor_depth_sum,random_increasing,14112,128,2,False,-1,ea8e023970c3d0251e18111bfb73033a20f5643ceee3cfa4f9ecba535e8265e8,647,659,2,2,True
indecomposable_pair,random_increasing,14112,128,2,False,-1,ea8e023970c3d0251e18111bfb73033a20f5643ceee3cfa4f9ecba535e8265e8,647,659,2,2,True
factor_depth_equal,random_increasing,14112,128,2,False,-1,0835f9b567791f31ed07b9d39d1bd96dd302dc2be5011d09e6fe08f253c9c6f4,769,778,2,28,True
distinct_depth_equal,random_increasing,14112,128,2,False,-1,86e73bc59ed6ef386f35661d5f15a83b8902c181f11e0c3728e95e6a1b4b2b6d,816,821,2,39,True
tensor_coprime,random_increasing,14112,128,2,False,-1,f3c9c1725c09d42fe0b5d91ef7b788f5d8102c2e0526801fb232527ddc737289,940,945,2,81,True
v2_equal,random_increasing,14112,128,2,False,-1,6501ac42899e0ad1b3948678aa7b968ac5a69174f2f7c57f58a6b05cc88ded2e,863,869,2,43,True
v2_parity_equal,random_increasing,14112,128,2,False,-1,b3529f6ae902a104c45631553e1954922e5e49d9725c95b08c4057686ddb2f4d,913,918,2,67,True
entropy_increasing,random_increasing,14112,128,2,False,-1,3e3ac2f81446fe110ae52ea6bc0d99ce6124be177457065c36d804c695b6a626,966,971,2,127,True
entropy_bin_equal,random_increasing,14112,128,2,False,-1,42410a642a3187608977c775149c6a9fe49a851391d35dda6017dd2eeb7aa4bb,965,973,2,121,True
ordered_consecutive_tensor_atoms,random_increasing,14112,128,2,False,-1,edbca18b79f77c32980226c16b6a19f2b42fd0c831cc773e868b83b43fee065f,635,647,2,1,True
consecutive_run_2,random_increasing,14112,128,2,True,0,a93875fe509ac2fae0e0939d3ec71c4d978244c7398dd7185ca68c393426a5a6,1,1,3,0,True
consecutive_run_3,random_increasing,14112,128,2,True,0,a93875fe509ac2fae0e0939d3ec71c4d978244c7398dd7185ca68c393426a5a6,1,1,3,0,True
consecutive_run_4,random_increasing,14112,128,2,True,0,a93875fe509ac2fae0e0939d3ec71c4d978244c7398dd7185ca68c393426a5a6,1,1,3,0,True
consecutive_run_5,random_increasing,14112,128,2,True,0,a93875fe509ac2fae0e0939d3ec71c4d978244c7398dd7185ca68c393426a5a6,1,1,3,0,True
consecutive_run_6,random_increasing,14112,128,2,True,0,a93875fe509ac2fae0e0939d3ec71c4d978244c7398dd7185ca68c393426a5a6,1,1,3,0,True
consecutive_run_7,random_increasing,14112,128,2,True,0,a93875fe509ac2fae0e0939d3ec71c4d978244c7398dd7185ca68c393426a5a6,1,1,3,0,True
consecutive_run_8,random_increasing,14112,128,2,True,0,a93875fe509ac2fae0e0939d3ec71c4d978244c7398dd7185ca68c393426a5a6,1,1,3,0,True
constant,random_increasing,14113,128,2,False,-1,9c2af2dc38268b8d66b7e94f869a5fc897bb71325ee616b79074a051f2ce8fcf,972,978,2,127,True
factor_depth_sum,random_increasing,14113,128,2,False,-1,d04323c8d5533bf28e0f648f1d1ded377225d3d697b91cf4bca3d67079befa93,697,703,2,3,True
indecomposable_pair,random_increasing,14113,128,2,False,-1,d04323c8d5533bf28e0f648f1d1ded377225d3d697b91cf4bca3d67079befa93,697,703,2,3,True
factor_depth_equal,random_increasing,14113,128,2,False,-1,95c1657d40299365dd5ac109fdbb45ed6e32ff7dd51425c104311ca2df7577b2,778,784,2,16,True
distinct_depth_equal,random_increasing,14113,128,2,False,-1,81b17f6295ccfb76004a530fccb3e40786e7709bc313fa02a47506c77ba15786,845,851,2,40,True
tensor_coprime,random_increasing,14113,128,2,False,-1,3568c9842d55430dde5114f8a8b27e2fa48173947a93343a292c07590bf85bf3,966,972,2,85,True
v2_equal,random_increasing,14113,128,2,False,-1,5d7a9fdcf25c854b6350bda8cf61956cd77af7527fc69d977cbfe8744c6dc414,894,901,2,48,True
v2_parity_equal,random_increasing,14113,128,2,False,-1,57bfb5558c6d1cde1865f532b9d59d8d988e7210b68c33d8dc6a4f2976bbbc96,953,959,2,79,True
entropy_increasing,random_increasing,14113,128,2,False,-1,9c2af2dc38268b8d66b7e94f869a5fc897bb71325ee616b79074a051f2ce8fcf,972,978,2,127,True
entropy_bin_equal,random_increasing,14113,128,2,False,-1,9090499d1e63009a777813cae02028a932f7dde9326bdf88699c28175f7f3dee,974,980,2,121,True
ordered_consecutive_tensor_atoms,random_increasing,14113,128,2,False,-1,f72c4308e893140a106d598387a7c06dfb961341d9fbe734509058bd60ace869,685,691,2,2,True
consecutive_run_2,random_increasing,14113,128,2,False,-1,342b18b360ce8870b266a050ca69fe6fe2a756ca1bc675bcf284068667fc02cd,673,680,2,1,True
consecutive_run_3,random_increasing,14113,128,2,True,0,a93875fe509ac2fae0e0939d3ec71c4d978244c7398dd7185ca68c393426a5a6,1,1,3,0,True
consecutive_run_4,random_increasing,14113,128,2,True,0,a93875fe509ac2fae0e0939d3ec71c4d978244c7398dd7185ca68c393426a5a6,1,1,3,0,True
consecutive_run_5,random_increasing,14113,128,2,True,0,a93875fe509ac2fae0e0939d3ec71c4d978244c7398dd7185ca68c393426a5a6,1,1,3,0,True
consecutive_run_6,random_increasing,14113,128,2,True,0,a93875fe509ac2fae0e0939d3ec71c4d978244c7398dd7185ca68c393426a5a6,1,1,3,0,True
consecutive_run_7,random_increasing,14113,128,2,True,0,a93875fe509ac2fae0e0939d3ec71c4d978244c7398dd7185ca68c393426a5a6,1,1,3,0,True
consecutive_run_8,random_increasing,14113,128,2,True,0,a93875fe509ac2fae0e0939d3ec71c4d978244c7398dd7185ca68c393426a5a6,1,1,3,0,True
constant,random_increasing,14114,128,2,False,-1,7e32bd6b60dd8f63daa0da46589cc2cf1928e7c4c8a29607b95b01090422282c,950,956,2,127,True
factor_depth_sum,random_increasing,14114,128,2,False,-1,b66e99875ac4a883f94918d3ad7e750c1fdeea489ccccbc313140647d1b49328,659,671,2,2,True
indecomposable_pair,random_increasing,14114,128,2,False,-1,b66e99875ac4a883f94918d3ad7e750c1fdeea489ccccbc313140647d1b49328,659,671,2,2,True
factor_depth_equal,random_increasing,14114,128,2,False,-1,70247d33671cd7cf2227450422f9153c838ea90bc0e14891f967c29e93bead69,796,803,2,23,True
distinct_depth_equal,random_increasing,14114,128,2,False,-1,04f1c473a5eca2bfb0622b56029bca5c8c34eb64f63a235d0291084619799e81,842,849,2,51,True
tensor_coprime,random_increasing,14114,128,2,False,-1,0ab7eb1c7f378b42e8ad743de38e8b70e1d8ee2da8494f51d5462031583bb26a,914,920,2,78,True
v2_equal,random_increasing,14114,128,2,False,-1,657d8cb1c04f3c84b2c5f16a4466250817d57644ccbffc762a06eb95b176730a,819,826,2,37,True
v2_parity_equal,random_increasing,14114,128,2,False,-1,7c03881522ba38ea7504fe8dbd2a2594e766db5b30997e71356bba6efe0195a8,907,913,2,72,True
entropy_increasing,random_increasing,14114,128,2,False,-1,7e32bd6b60dd8f63daa0da46589cc2cf1928e7c4c8a29607b95b01090422282c,950,956,2,127,True
entropy_bin_equal,random_increasing,14114,128,2,False,-1,03fdec44e4aa58e996836f3fcfb752eca890b3345642ba540863d2230930f14f,949,957,2,120,True
ordered_consecutive_tensor_atoms,random_increasing,14114,128,2,False,-1,b66e99875ac4a883f94918d3ad7e750c1fdeea489ccccbc313140647d1b49328,659,671,2,2,True
consecutive_run_2,random_increasing,14114,128,2,True,0,a93875fe509ac2fae0e0939d3ec71c4d978244c7398dd7185ca68c393426a5a6,1,1,3,0,True
consecutive_run_3,random_increasing,14114,128,2,True,0,a93875fe509ac2fae0e0939d3ec71c4d978244c7398dd7185ca68c393426a5a6,1,1,3,0,True
consecutive_run_4,random_increasing,14114,128,2,True,0,a93875fe509ac2fae0e0939d3ec71c4d978244c7398dd7185ca68c393426a5a6,1,1,3,0,True
consecutive_run_5,random_increasing,14114,128,2,True,0,a93875fe509ac2fae0e0939d3ec71c4d978244c7398dd7185ca68c393426a5a6,1,1,3,0,True
consecutive_run_6,random_increasing,14114,128,2,True,0,a93875fe509ac2fae0e0939d3ec71c4d978244c7398dd7185ca68c393426a5a6,1,1,3,0,True
consecutive_run_7,random_increasing,14114,128,2,True,0,a93875fe509ac2fae0e0939d3ec71c4d978244c7398dd7185ca68c393426a5a6,1,1,3,0,True
consecutive_run_8,random_increasing,14114,128,2,True,0,a93875fe509ac2fae0e0939d3ec71c4d978244c7398dd7185ca68c393426a5a6,1,1,3,0,True
constant,random_increasing,14115,128,2,False,-1,1681232e775bdef9553d7561843a2fe0599218b2d64074981b97e2d46e601d40,973,980,2,127,True
factor_depth_sum,random_increasing,14115,128,2,False,-1,13a2b0f85d518dfd75b0f2fa03d061626efb3419dd0833bd1fb5b0c6d069da5d,646,657,2,1,True
indecomposable_pair,random_increasing,14115,128,2,False,-1,13a2b0f85d518dfd75b0f2fa03d061626efb3419dd0833bd1fb5b0c6d069da5d,646,657,2,1,True
factor_depth_equal,random_increasing,14115,128,2,False,-1,58876e07f8b876433eacfd3b8d315bf08f91229799e3797c53d60a8f6a3a51c0,785,795,2,24,True
distinct_depth_equal,random_increasing,14115,128,2,False,-1,ded1bf85f450d10bf0b708c559e1efe082e2a48109e512219b4b2136f33de35c,806,814,2,38,True
tensor_coprime,random_increasing,14115,128,2,False,-1,c04090d623ffaf54b41f9def3713dee48b94cc7ad5a045c699f2581a15cdc400,926,934,2,74,True
v2_equal,random_increasing,14115,128,2,False,-1,6618c026ea9f2e940c3bf8799f9c3212320db13d247ff669efe506931c675a3a,874,881,2,52,True
v2_parity_equal,random_increasing,14115,128,2,False,-1,abe1243596fb6325990882e15359d32261c8153f5cba8576d8af2b848c600c53,913,919,2,76,True
entropy_increasing,random_increasing,14115,128,2,False,-1,1681232e775bdef9553d7561843a2fe0599218b2d64074981b97e2d46e601d40,973,980,2,127,True
entropy_bin_equal,random_increasing,14115,128,2,False,-1,f9ff2cde5d591ef617d857154f665443abfb039d5d6574eb254a5a67f259da0a,970,978,2,121,True
ordered_consecutive_tensor_atoms,random_increasing,14115,128,2,True,0,a93875fe509ac2fae0e0939d3ec71c4d978244c7398dd7185ca68c393426a5a6,1,1,3,0,True
consecutive_run_2,random_increasing,14115,128,2,True,0,a93875fe509ac2fae0e0939d3ec71c4d978244c7398dd7185ca68c393426a5a6,1,1,3,0,True
consecutive_run_3,random_increasing,14115,128,2,True,0,a93875fe509ac2fae0e0939d3ec71c4d978244c7398dd7185ca68c393426a5a6,1,1,3,0,True
consecutive_run_4,random_increasing,14115,128,2,True,0,a93875fe509ac2fae0e0939d3ec71c4d978244c7398dd7185ca68c393426a5a6,1,1,3,0,True
consecutive_run_5,random_increasing,14115,128,2,True,0,a93875fe509ac2fae0e0939d3ec71c4d978244c7398dd7185ca68c393426a5a6,1,1,3,0,True
consecutive_run_6,random_increasing,14115,128,2,True,0,a93875fe509ac2fae0e0939d3ec71c4d978244c7398dd7185ca68c393426a5a6,1,1,3,0,True
consecutive_run_7,random_increasing,14115,128,2,True,0,a93875fe509ac2fae0e0939d3ec71c4d978244c7398dd7185ca68c393426a5a6,1,1,3,0,True
consecutive_run_8,random_increasing,14115,128,2,True,0,a93875fe509ac2fae0e0939d3ec71c4d978244c7398dd7185ca68c393426a5a6,1,1,3,0,True
constant,prefix_preserving_shuffle,12,128,2,False,-1,a9e8226d7b967013bfcd52358ae090851af25342097e56843dffe5a37ff3d4d4,1074,1077,2,127,True
factor_depth_sum,prefix_preserving_shuffle,12,128,2,False,-1,a9e8226d7b967013bfcd52358ae090851af25342097e56843dffe5a37ff3d4d4,1074,1077,2,127,True
indecomposable_pair,prefix_preserving_shuffle,12,128,2,False,-1,a9e8226d7b967013bfcd52358ae090851af25342097e56843dffe5a37ff3d4d4,1074,1077,2,127,True
factor_depth_equal,prefix_preserving_shuffle,12,128,2,False,-1,a9e8226d7b967013bfcd52358ae090851af25342097e56843dffe5a37ff3d4d4,1074,1077,2,127,True
distinct_depth_equal,prefix_preserving_shuffle,12,128,2,False,-1,a9e8226d7b967013bfcd52358ae090851af25342097e56843dffe5a37ff3d4d4,1074,1077,2,127,True
tensor_coprime,prefix_preserving_shuffle,12,128,2,False,-1,a9e8226d7b967013bfcd52358ae090851af25342097e56843dffe5a37ff3d4d4,1074,1077,2,127,True
v2_equal,prefix_preserving_shuffle,12,128,2,False,-1,4064372423bb4791f0a0214aa892c546f55ed84127001cacffde58ddf049a295,1073,1077,2,126,True
v2_parity_equal,prefix_preserving_shuffle,12,128,2,False,-1,4064372423bb4791f0a0214aa892c546f55ed84127001cacffde58ddf049a295,1073,1077,2,126,True
entropy_increasing,prefix_preserving_shuffle,12,128,2,False,-1,f559c198627ce6498779e51b1deea18bdc7a4de4c6b633618ed7239ed15b18c0,547,550,2,12,True
entropy_bin_equal,prefix_preserving_shuffle,12,128,2,False,-1,10ba1a94568178e6c62906abb29d3cffa2a9b5762fa68de6f2d1202b35e7fdbc,1075,1077,2,118,True
ordered_consecutive_tensor_atoms,prefix_preserving_shuffle,12,128,2,False,-1,96b95a541dcab94d66525238ab585f41042ca237a05e91dcf56bd37307ba613c,539,541,2,11,True
consecutive_run_2,prefix_preserving_shuffle,12,128,2,False,-1,1d3690a93550aa9ee1d03c8b6dee0d1167241b0862c1f67cd006c2154960d61f,541,544,2,10,True
consecutive_run_3,prefix_preserving_shuffle,12,128,2,False,-1,a515e237ca0841af4601e86d049edceff05027e248bc938d1cf595e059c0a78e,538,542,2,9,True
consecutive_run_4,prefix_preserving_shuffle,12,128,2,False,-1,c6d879be314f92fb8d5083c303f5946a32b0e0a1526c9c692e0a1a32a3593743,537,541,2,8,True
consecutive_run_5,prefix_preserving_shuffle,12,128,2,False,-1,f184a272e5740948a9faad038879839f3132f20faedd6026657e1fb87917d7e5,534,539,2,7,True
consecutive_run_6,prefix_preserving_shuffle,12,128,2,False,-1,0ac1bb5934443c3a98d4a49138f1c200da4220901b3166ccabcee25923c82999,529,535,2,6,True
consecutive_run_7,prefix_preserving_shuffle,12,128,2,False,-1,e75b476ecf5d0e2d911781b87b597b37636d77a8c052db8449cfd39e8b09f965,533,539,2,5,True
consecutive_run_8,prefix_preserving_shuffle,12,128,2,False,-1,84358a8994db3f2463ca29e384ae371edf43b51598366746fc5cd709586f8ef1,527,533,2,4,True
constant,block_preserving_shuffle,12,128,2,False,-1,41965e459f089a54bce163328ba059d3642f5fce56def112c5c622abd2f19c17,1074,1077,2,127,True
factor_depth_sum,block_preserving_shuffle,12,128,2,False,-1,41965e459f089a54bce163328ba059d3642f5fce56def112c5c622abd2f19c17,1074,1077,2,127,True
indecomposable_pair,block_preserving_shuffle,12,128,2,False,-1,41965e459f089a54bce163328ba059d3642f5fce56def112c5c622abd2f19c17,1074,1077,2,127,True
factor_depth_equal,block_preserving_shuffle,12,128,2,False,-1,41965e459f089a54bce163328ba059d3642f5fce56def112c5c622abd2f19c17,1074,1077,2,127,True
distinct_depth_equal,block_preserving_shuffle,12,128,2,False,-1,41965e459f089a54bce163328ba059d3642f5fce56def112c5c622abd2f19c17,1074,1077,2,127,True
tensor_coprime,block_preserving_shuffle,12,128,2,False,-1,41965e459f089a54bce163328ba059d3642f5fce56def112c5c622abd2f19c17,1074,1077,2,127,True
v2_equal,block_preserving_shuffle,12,128,2,False,-1,d71bde43a8d1bb4a238c2c6c596e6a954637b9b9fab0b12c3c3f21698f763218,1073,1077,2,125,True
v2_parity_equal,block_preserving_shuffle,12,128,2,False,-1,d71bde43a8d1bb4a238c2c6c596e6a954637b9b9fab0b12c3c3f21698f763218,1073,1077,2,125,True
entropy_increasing,block_preserving_shuffle,12,128,2,False,-1,fda2d3a99896f87876fb9d0444ca953c834203d8daa92f3e8f3548f806bd326e,1074,1077,2,126,True
entropy_bin_equal,block_preserving_shuffle,12,128,2,False,-1,10ba1a94568178e6c62906abb29d3cffa2a9b5762fa68de6f2d1202b35e7fdbc,1075,1077,2,118,True
ordered_consecutive_tensor_atoms,block_preserving_shuffle,12,128,2,False,-1,fda2d3a99896f87876fb9d0444ca953c834203d8daa92f3e8f3548f806bd326e,1074,1077,2,126,True
consecutive_run_2,block_preserving_shuffle,12,128,2,False,-1,d6e68b4e560f84c3112876ad0fa8702f6ad60290fb2142bfac4830ff787beef4,1070,1073,2,124,True
consecutive_run_3,block_preserving_shuffle,12,128,2,False,-1,3c836b75439aadadad539c1a30ddeb5cc571c53485f1f0b3398cf60a0b05fd0f,1065,1069,2,122,True
consecutive_run_4,block_preserving_shuffle,12,128,2,False,-1,eeba28007eeaebf0603c3513aa528f64c4f9e78d1a79db8834e5d24108a3cfd2,1064,1068,2,120,True
consecutive_run_5,block_preserving_shuffle,12,128,2,False,-1,5b24f2606686b139e6646638b8bd65ab82590a0d66411c7460caff557443b42c,1057,1062,2,118,True
consecutive_run_6,block_preserving_shuffle,12,128,2,False,-1,f09b43c7abb9bc243bd5eddc4a2e492b6c4fd36d16faa4837a801565c637c397,1058,1063,2,116,True
consecutive_run_7,block_preserving_shuffle,12,128,2,False,-1,a884754302fa08e55beb65f4a99fb15cb66470e220ea6efb924f5dad25817d40,1057,1063,2,114,True
consecutive_run_8,block_preserving_shuffle,12,128,2,False,-1,f8f90e2b9297752ac66453bc3b3dd856bb9defeb0a7f57b300abf0af3b2501c6,1051,1057,2,112,True
