{
  "assertions": 116472,
  "assertions_by_section": {
    "ELD:closure": 4330,
    "ELD:cycle_partition": 254,
    "ELD:deep_orbit": 15,
    "ELD:ghost_fibre": 4330,
    "ELD:ghost_image": 15,
    "ELD:height_one": 4330,
    "ELD:image_permutation": 15,
    "ELD:partition": 15,
    "ELD:unique": 15,
    "EPN:closure": 11464,
    "EPN:cycle_partition": 4361,
    "EPN:deep_orbit": 6,
    "EPN:generic_height_bound": 11464,
    "EPN:partition": 6,
    "EPN:potential_range": 11464,
    "EPN:strict_potential": 11464,
    "EPN:unique": 6,
    "QEF:closure": 4031,
    "QEF:cycle_partition": 123,
    "QEF:deep_orbit": 6,
    "QEF:difference_factor": 4031,
    "QEF:fixed_axes": 4031,
    "QEF:partition": 6,
    "QEF:unique": 6,
    "QRM:closure": 5699,
    "QRM:cycle_partition": 95,
    "QRM:deep_orbit": 25,
    "QRM:fixed": 5629,
    "QRM:generic_height_bound": 5629,
    "QRM:n1_identity": 15,
    "QRM:n2_swap": 55,
    "QRM:partition": 25,
    "QRM:range": 5699,
    "QRM:two_step_max": 5584,
    "QRM:unique": 25,
    "RHA:closure": 4047,
    "RHA:cycle_partition": 216,
    "RHA:deep_orbit": 66,
    "RHA:partition": 66,
    "RHA:unique": 66,
    "VDF:closure": 3730,
    "VDF:cycle_partition": 136,
    "VDF:deep_orbit": 16,
    "VDF:duplicate_zero": 3296,
    "VDF:linear_two_slice": 87,
    "VDF:partition": 16,
    "VDF:unique": 16,
    "VDF:zero_lock": 445,
    "declared_boxes": 1
  },
  "boxes": 134,
  "records": [
    {
      "all_maximizing_targets": [
        [
          1,
          0
        ],
        [
          1,
          1
        ]
      ],
      "controls": {
        "ghost_image_size": 2,
        "uniform_nonzero_fibre": 1
      },
      "core": 2,
      "cycles_by_length": [
        [
          1,
          2
        ]
      ],
      "fibre_histogram": [
        [
          1,
          2
        ]
      ],
      "height": 0,
      "height_histogram": [
        [
          0,
          2
        ]
      ],
      "image": 2,
      "maximum_fibre": 1,
      "maximum_height_witness_orbit": [
        [
          1,
          0
        ]
      ],
      "parameters": {
        "m": 2,
        "p": 2
      },
      "states": 2,
      "tag": "ELD",
      "transition_table_sha256": "463f2998327eb3a694145e6014444480b2235be84aa6cfd57871cc64f1cd816c",
      "witness_cycle_entry": [
        1,
        0
      ]
    },
    {
      "all_maximizing_targets": [
        [
          1,
          0,
          0
        ],
        [
          1,
          1,
          1
        ]
      ],
      "controls": {
        "ghost_image_size": 2,
        "uniform_nonzero_fibre": 2
      },
      "core": 2,
      "cycles_by_length": [
        [
          1,
          2
        ]
      ],
      "fibre_histogram": [
        [
          0,
          2
        ],
        [
          2,
          2
        ]
      ],
      "height": 1,
      "height_histogram": [
        [
          0,
          2
        ],
        [
          1,
          2
        ]
      ],
      "image": 2,
      "maximum_fibre": 2,
      "maximum_height_witness_orbit": [
        [
          1,
          0,
          1
        ],
        [
          1,
          0,
          0
        ]
      ],
      "parameters": {
        "m": 3,
        "p": 2
      },
      "states": 4,
      "tag": "ELD",
      "transition_table_sha256": "ebb4e933984a7e037f739b7ca8ef156c94a7079c3cb6e7e94951950534c1b6e6",
      "witness_cycle_entry": [
        1,
        0,
        0
      ]
    },
    {
      "all_maximizing_targets": [
        [
          1,
          0,
          0,
          0
        ],
        [
          1,
          0,
          0,
          1
        ],
        [
          1,
          1,
          1,
          0
        ],
        [
          1,
          1,
          1,
          1
        ]
      ],
      "controls": {
        "ghost_image_size": 4,
        "uniform_nonzero_fibre": 2
      },
      "core": 4,
      "cycles_by_length": [
        [
          1,
          4
        ]
      ],
      "fibre_histogram": [
        [
          0,
          4
        ],
        [
          2,
          4
        ]
      ],
      "height": 1,
      "height_histogram": [
        [
          0,
          4
        ],
        [
          1,
          4
        ]
      ],
      "image": 4,
      "maximum_fibre": 2,
      "maximum_height_witness_orbit": [
        [
          1,
          0,
          1,
          0
        ],
        [
          1,
          0,
          0,
          0
        ]
      ],
      "parameters": {
        "m": 4,
        "p": 2
      },
      "states": 8,
      "tag": "ELD",
      "transition_table_sha256": "1b950e546c87731b13ad51ae1edafb4811cc251c3a7358521674bee399837f48",
      "witness_cycle_entry": [
        1,
        0,
        0,
        0
      ]
    },
    {
      "all_maximizing_targets": [
        [
          1,
          0,
          0,
          0,
          0
        ],
        [
          1,
          0,
          0,
          1,
          0
        ],
        [
          1,
          1,
          1,
          0,
          1
        ],
        [
          1,
          1,
          1,
          1,
          1
        ]
      ],
      "controls": {
        "ghost_image_size": 4,
        "uniform_nonzero_fibre": 4
      },
      "core": 4,
      "cycles_by_length": [
        [
          1,
          4
        ]
      ],
      "fibre_histogram": [
        [
          0,
          12
        ],
        [
          4,
          4
        ]
      ],
      "height": 1,
      "height_histogram": [
        [
          0,
          4
        ],
        [
          1,
          12
        ]
      ],
      "image": 4,
      "maximum_fibre": 4,
      "maximum_height_witness_orbit": [
        [
          1,
          0,
          0,
          0,
          1
        ],
        [
          1,
          0,
          0,
          0,
          0
        ]
      ],
      "parameters": {
        "m": 5,
        "p": 2
      },
      "states": 16,
      "tag": "ELD",
      "transition_table_sha256": "07b8ddba26c2615b0d3e291d1d08a622020580f7c33031dd5b7c2f4f811e2ec0",
      "witness_cycle_entry": [
        1,
        0,
        0,
        0,
        0
      ]
    },
    {
      "all_maximizing_targets": [
        [
          1,
          0,
          0,
          0,
          0,
          0
        ],
        [
          1,
          0,
          0,
          0,
          0,
          1
        ],
        [
          1,
          0,
          0,
          1,
          0,
          0
        ],
        [
          1,
          0,
          0,
          1,
          0,
          1
        ],
        [
          1,
          1,
          1,
          0,
          1,
          0
        ],
        [
          1,
          1,
          1,
          0,
          1,
          1
        ],
        [
          1,
          1,
          1,
          1,
          1,
          0
        ],
        [
          1,
          1,
          1,
          1,
          1,
          1
        ]
      ],
      "controls": {
        "ghost_image_size": 8,
        "uniform_nonzero_fibre": 4
      },
      "core": 8,
      "cycles_by_length": [
        [
          1,
          8
        ]
      ],
      "fibre_histogram": [
        [
          0,
          24
        ],
        [
          4,
          8
        ]
      ],
      "height": 1,
      "height_histogram": [
        [
          0,
          8
        ],
        [
          1,
          24
        ]
      ],
      "image": 8,
      "maximum_fibre": 4,
      "maximum_height_witness_orbit": [
        [
          1,
          0,
          0,
          0,
          1,
          0
        ],
        [
          1,
          0,
          0,
          0,
          0,
          0
        ]
      ],
      "parameters": {
        "m": 6,
        "p": 2
      },
      "states": 32,
      "tag": "ELD",
      "transition_table_sha256": "400b7780bd48abbe667df4376f08c925f15cd6e831d0825ade09c6c11395b34b",
      "witness_cycle_entry": [
        1,
        0,
        0,
        0,
        0,
        0
      ]
    },
    {
      "all_maximizing_targets": [
        [
          1,
          0
        ],
        [
          1,
          1
        ],
        [
          1,
          2
        ]
      ],
      "controls": {
        "ghost_image_size": 3,
        "uniform_nonzero_fibre": 1
      },
      "core": 3,
      "cycles_by_length": [
        [
          1,
          3
        ]
      ],
      "fibre_histogram": [
        [
          1,
          3
        ]
      ],
      "height": 0,
      "height_histogram": [
        [
          0,
          3
        ]
      ],
      "image": 3,
      "maximum_fibre": 1,
      "maximum_height_witness_orbit": [
        [
          1,
          0
        ]
      ],
      "parameters": {
        "m": 2,
        "p": 3
      },
      "states": 3,
      "tag": "ELD",
      "transition_table_sha256": "434026bd98ff2d8a2fb346c89ae9de006d1e2a6862832b6b3cd86e51de36d5c5",
      "witness_cycle_entry": [
        1,
        0
      ]
    },
    {
      "all_maximizing_targets": [
        [
          1,
          0,
          0
        ],
        [
          1,
          0,
          1
        ],
        [
          1,
          0,
          2
        ],
        [
          1,
          1,
          0
        ],
        [
          1,
          1,
          1
        ],
        [
          1,
          1,
          2
        ],
        [
          1,
          2,
          0
        ],
        [
          1,
          2,
          1
        ],
        [
          1,
          2,
          2
        ]
      ],
      "controls": {
        "ghost_image_size": 9,
        "uniform_nonzero_fibre": 1
      },
      "core": 9,
      "cycles_by_length": [
        [
          1,
          3
        ],
        [
          2,
          3
        ]
      ],
      "fibre_histogram": [
        [
          1,
          9
        ]
      ],
      "height": 0,
      "height_histogram": [
        [
          0,
          9
        ]
      ],
      "image": 9,
      "maximum_fibre": 1,
      "maximum_height_witness_orbit": [
        [
          1,
          0,
          0
        ]
      ],
      "parameters": {
        "m": 3,
        "p": 3
      },
      "states": 9,
      "tag": "ELD",
      "transition_table_sha256": "204594e4d6d81da2d99b8adbc7748db663d4caede01c19e74709ce72ae497e03",
      "witness_cycle_entry": [
        1,
        0,
        0
      ]
    },
    {
      "all_maximizing_targets": [
        [
          1,
          0,
          0,
          0
        ],
        [
          1,
          0,
          1,
          0
        ],
        [
          1,
          0,
          2,
          0
        ],
        [
          1,
          1,
          0,
          1
        ],
        [
          1,
          1,
          1,
          1
        ],
        [
          1,
          1,
          2,
          1
        ],
        [
          1,
          2,
          0,
          2
        ],
        [
          1,
          2,
          1,
          2
        ],
        [
          1,
          2,
          2,
          2
        ]
      ],
      "controls": {
        "ghost_image_size": 9,
        "uniform_nonzero_fibre": 3
      },
      "core": 9,
      "cycles_by_length": [
        [
          1,
          3
        ],
        [
          2,
          3
        ]
      ],
      "fibre_histogram": [
        [
          0,
          18
        ],
        [
          3,
          9
        ]
      ],
      "height": 1,
      "height_histogram": [
        [
          0,
          9
        ],
        [
          1,
          18
        ]
      ],
      "image": 9,
      "maximum_fibre": 3,
      "maximum_height_witness_orbit": [
        [
          1,
          0,
          0,
          1
        ],
        [
          1,
          0,
          0,
          0
        ]
      ],
      "parameters": {
        "m": 4,
        "p": 3
      },
      "states": 27,
      "tag": "ELD",
      "transition_table_sha256": "f994830afc448720add4b81aec62e6042126b0320fbf6b3e1fbda894770e6373",
      "witness_cycle_entry": [
        1,
        0,
        0,
        0
      ]
    },
    {
      "all_maximizing_targets": [
        [
          1,
          0,
          0,
          0,
          0
        ],
        [
          1,
          0,
          0,
          0,
          1
        ],
        [
          1,
          0,
          0,
          0,
          2
        ],
        [
          1,
          0,
          1,
          0,
          0
        ],
        [
          1,
          0,
          1,
          0,
          1
        ],
        [
          1,
          0,
          1,
          0,
          2
        ],
        [
          1,
          0,
          2,
          0,
          0
        ],
        [
          1,
          0,
          2,
          0,
          1
        ],
        [
          1,
          0,
          2,
          0,
          2
        ],
        [
          1,
          1,
          0,
          1,
          0
        ],
        [
          1,
          1,
          0,
          1,
          1
        ],
        [
          1,
          1,
          0,
          1,
          2
        ],
        [
          1,
          1,
          1,
          1,
          0
        ],
        [
          1,
          1,
          1,
          1,
          1
        ],
        [
          1,
          1,
          1,
          1,
          2
        ],
        [
          1,
          1,
          2,
          1,
          0
        ],
        [
          1,
          1,
          2,
          1,
          1
        ],
        [
          1,
          1,
          2,
          1,
          2
        ],
        [
          1,
          2,
          0,
          2,
          0
        ],
        [
          1,
          2,
          0,
          2,
          1
        ],
        [
          1,
          2,
          0,
          2,
          2
        ],
        [
          1,
          2,
          1,
          2,
          0
        ],
        [
          1,
          2,
          1,
          2,
          1
        ],
        [
          1,
          2,
          1,
          2,
          2
        ],
        [
          1,
          2,
          2,
          2,
          0
        ],
        [
          1,
          2,
          2,
          2,
          1
        ],
        [
          1,
          2,
          2,
          2,
          2
        ]
      ],
      "controls": {
        "ghost_image_size": 27,
        "uniform_nonzero_fibre": 3
      },
      "core": 27,
      "cycles_by_length": [
        [
          1,
          9
        ],
        [
          6,
          3
        ]
      ],
      "fibre_histogram": [
        [
          0,
          54
        ],
        [
          3,
          27
        ]
      ],
      "height": 1,
      "height_histogram": [
        [
          0,
          27
        ],
        [
          1,
          54
        ]
      ],
      "image": 27,
      "maximum_fibre": 3,
      "maximum_height_witness_orbit": [
        [
          1,
          0,
          0,
          1,
          0
        ],
        [
          1,
          0,
          0,
          0,
          0
        ]
      ],
      "parameters": {
        "m": 5,
        "p": 3
      },
      "states": 81,
      "tag": "ELD",
      "transition_table_sha256": "07810ef47f2556a140cb0847039fb7314161e7c9e6529e00b6a0065d161c447a",
      "witness_cycle_entry": [
        1,
        0,
        0,
        0,
        0
      ]
    },
    {
      "all_maximizing_targets": [
        [
          1,
          0,
          0,
          0,
          0,
          0
        ],
        [
          1,
          0,
          0,
          0,
          0,
          1
        ],
        [
          1,
          0,
          0,
          0,
          0,
          2
        ],
        [
          1,
          0,
          0,
          0,
          1,
          0
        ],
        [
          1,
          0,
          0,
          0,
          1,
          1
        ],
        [
          1,
          0,
          0,
          0,
          1,
          2
        ],
        [
          1,
          0,
          0,
          0,
          2,
          0
        ],
        [
          1,
          0,
          0,
          0,
          2,
          1
        ],
        [
          1,
          0,
          0,
          0,
          2,
          2
        ],
        [
          1,
          0,
          1,
          0,
          0,
          0
        ],
        [
          1,
          0,
          1,
          0,
          0,
          1
        ],
        [
          1,
          0,
          1,
          0,
          0,
          2
        ],
        [
          1,
          0,
          1,
          0,
          1,
          0
        ],
        [
          1,
          0,
          1,
          0,
          1,
          1
        ],
        [
          1,
          0,
          1,
          0,
          1,
          2
        ],
        [
          1,
          0,
          1,
          0,
          2,
          0
        ],
        [
          1,
          0,
          1,
          0,
          2,
          1
        ],
        [
          1,
          0,
          1,
          0,
          2,
          2
        ],
        [
          1,
          0,
          2,
          0,
          0,
          0
        ],
        [
          1,
          0,
          2,
          0,
          0,
          1
        ],
        [
          1,
          0,
          2,
          0,
          0,
          2
        ],
        [
          1,
          0,
          2,
          0,
          1,
          0
        ],
        [
          1,
          0,
          2,
          0,
          1,
          1
        ],
        [
          1,
          0,
          2,
          0,
          1,
          2
        ],
        [
          1,
          0,
          2,
          0,
          2,
          0
        ],
        [
          1,
          0,
          2,
          0,
          2,
          1
        ],
        [
          1,
          0,
          2,
          0,
          2,
          2
        ],
        [
          1,
          1,
          0,
          1,
          0,
          0
        ],
        [
          1,
          1,
          0,
          1,
          0,
          1
        ],
        [
          1,
          1,
          0,
          1,
          0,
          2
        ],
        [
          1,
          1,
          0,
          1,
          1,
          0
        ],
        [
          1,
          1,
          0,
          1,
          1,
          1
        ],
        [
          1,
          1,
          0,
          1,
          1,
          2
        ],
        [
          1,
          1,
          0,
          1,
          2,
          0
        ],
        [
          1,
          1,
          0,
          1,
          2,
          1
        ],
        [
          1,
          1,
          0,
          1,
          2,
          2
        ],
        [
          1,
          1,
          1,
          1,
          0,
          0
        ],
        [
          1,
          1,
          1,
          1,
          0,
          1
        ],
        [
          1,
          1,
          1,
          1,
          0,
          2
        ],
        [
          1,
          1,
          1,
          1,
          1,
          0
        ],
        [
          1,
          1,
          1,
          1,
          1,
          1
        ],
        [
          1,
          1,
          1,
          1,
          1,
          2
        ],
        [
          1,
          1,
          1,
          1,
          2,
          0
        ],
        [
          1,
          1,
          1,
          1,
          2,
          1
        ],
        [
          1,
          1,
          1,
          1,
          2,
          2
        ],
        [
          1,
          1,
          2,
          1,
          0,
          0
        ],
        [
          1,
          1,
          2,
          1,
          0,
          1
        ],
        [
          1,
          1,
          2,
          1,
          0,
          2
        ],
        [
          1,
          1,
          2,
          1,
          1,
          0
        ],
        [
          1,
          1,
          2,
          1,
          1,
          1
        ],
        [
          1,
          1,
          2,
          1,
          1,
          2
        ],
        [
          1,
          1,
          2,
          1,
          2,
          0
        ],
        [
          1,
          1,
          2,
          1,
          2,
          1
        ],
        [
          1,
          1,
          2,
          1,
          2,
          2
        ],
        [
          1,
          2,
          0,
          2,
          0,
          0
        ],
        [
          1,
          2,
          0,
          2,
          0,
          1
        ],
        [
          1,
          2,
          0,
          2,
          0,
          2
        ],
        [
          1,
          2,
          0,
          2,
          1,
          0
        ],
        [
          1,
          2,
          0,
          2,
          1,
          1
        ],
        [
          1,
          2,
          0,
          2,
          1,
          2
        ],
        [
          1,
          2,
          0,
          2,
          2,
          0
        ],
        [
          1,
          2,
          0,
          2,
          2,
          1
        ],
        [
          1,
          2,
          0,
          2,
          2,
          2
        ],
        [
          1,
          2,
          1,
          2,
          0,
          0
        ],
        [
          1,
          2,
          1,
          2,
          0,
          1
        ],
        [
          1,
          2,
          1,
          2,
          0,
          2
        ],
        [
          1,
          2,
          1,
          2,
          1,
          0
        ],
        [
          1,
          2,
          1,
          2,
          1,
          1
        ],
        [
          1,
          2,
          1,
          2,
          1,
          2
        ],
        [
          1,
          2,
          1,
          2,
          2,
          0
        ],
        [
          1,
          2,
          1,
          2,
          2,
          1
        ],
        [
          1,
          2,
          1,
          2,
          2,
          2
        ],
        [
          1,
          2,
          2,
          2,
          0,
          0
        ],
        [
          1,
          2,
          2,
          2,
          0,
          1
        ],
        [
          1,
          2,
          2,
          2,
          0,
          2
        ],
        [
          1,
          2,
          2,
          2,
          1,
          0
        ],
        [
          1,
          2,
          2,
          2,
          1,
          1
        ],
        [
          1,
          2,
          2,
          2,
          1,
          2
        ],
        [
          1,
          2,
          2,
          2,
          2,
          0
        ],
        [
          1,
          2,
          2,
          2,
          2,
          1
        ],
        [
          1,
          2,
          2,
          2,
          2,
          2
        ]
      ],
      "controls": {
        "ghost_image_size": 81,
        "uniform_nonzero_fibre": 3
      },
      "core": 81,
      "cycles_by_length": [
        [
          1,
          9
        ],
        [
          2,
          9
        ],
        [
          6,
          9
        ]
      ],
      "fibre_histogram": [
        [
          0,
          162
        ],
        [
          3,
          81
        ]
      ],
      "height": 1,
      "height_histogram": [
        [
          0,
          81
        ],
        [
          1,
          162
        ]
      ],
      "image": 81,
      "maximum_fibre": 3,
      "maximum_height_witness_orbit": [
        [
          1,
          0,
          0,
          1,
          0,
          0
        ],
        [
          1,
          0,
          0,
          0,
          0,
          0
        ]
      ],
      "parameters": {
        "m": 6,
        "p": 3
      },
      "states": 243,
      "tag": "ELD",
      "transition_table_sha256": "efc732ee22fdb49ead77b832b6ad5900d5fe719f3c51ccdd6c72c08228a0eea8",
      "witness_cycle_entry": [
        1,
        0,
        0,
        0,
        0,
        0
      ]
    },
    {
      "all_maximizing_targets": [
        [
          1,
          0
        ],
        [
          1,
          1
        ],
        [
          1,
          2
        ],
        [
          1,
          3
        ],
        [
          1,
          4
        ]
      ],
      "controls": {
        "ghost_image_size": 5,
        "uniform_nonzero_fibre": 1
      },
      "core": 5,
      "cycles_by_length": [
        [
          1,
          5
        ]
      ],
      "fibre_histogram": [
        [
          1,
          5
        ]
      ],
      "height": 0,
      "height_histogram": [
        [
          0,
          5
        ]
      ],
      "image": 5,
      "maximum_fibre": 1,
      "maximum_height_witness_orbit": [
        [
          1,
          0
        ]
      ],
      "parameters": {
        "m": 2,
        "p": 5
      },
      "states": 5,
      "tag": "ELD",
      "transition_table_sha256": "7f2c5f390b0c7e30e5a644380decea0554bbb62cfc03eff193d13a8c1a117708",
      "witness_cycle_entry": [
        1,
        0
      ]
    },
    {
      "all_maximizing_targets": [
        [
          1,
          0,
          0
        ],
        [
          1,
          0,
          1
        ],
        [
          1,
          0,
          2
        ],
        [
          1,
          0,
          3
        ],
        [
          1,
          0,
          4
        ],
        [
          1,
          1,
          0
        ],
        [
          1,
          1,
          1
        ],
        [
          1,
          1,
          2
        ],
        [
          1,
          1,
          3
        ],
        [
          1,
          1,
          4
        ],
        [
          1,
          2,
          0
        ],
        [
          1,
          2,
          1
        ],
        [
          1,
          2,
          2
        ],
        [
          1,
          2,
          3
        ],
        [
          1,
          2,
          4
        ],
        [
          1,
          3,
          0
        ],
        [
          1,
          3,
          1
        ],
        [
          1,
          3,
          2
        ],
        [
          1,
          3,
          3
        ],
        [
          1,
          3,
          4
        ],
        [
          1,
          4,
          0
        ],
        [
          1,
          4,
          1
        ],
        [
          1,
          4,
          2
        ],
        [
          1,
          4,
          3
        ],
        [
          1,
          4,
          4
        ]
      ],
      "controls": {
        "ghost_image_size": 25,
        "uniform_nonzero_fibre": 1
      },
      "core": 25,
      "cycles_by_length": [
        [
          1,
          5
        ],
        [
          4,
          5
        ]
      ],
      "fibre_histogram": [
        [
          1,
          25
        ]
      ],
      "height": 0,
      "height_histogram": [
        [
          0,
          25
        ]
      ],
      "image": 25,
      "maximum_fibre": 1,
      "maximum_height_witness_orbit": [
        [
          1,
          0,
          0
        ]
      ],
      "parameters": {
        "m": 3,
        "p": 5
      },
      "states": 25,
      "tag": "ELD",
      "transition_table_sha256": "ddb1cf98df8d469696a6505104ab969d2dfa5d442447fa182c5714f80be8323e",
      "witness_cycle_entry": [
        1,
        0,
        0
      ]
    },
    {
      "all_maximizing_targets": [
        [
          1,
          0,
          0,
          0
        ],
        [
          1,
          0,
          0,
          1
        ],
        [
          1,
          0,
          0,
          2
        ],
        [
          1,
          0,
          0,
          3
        ],
        [
          1,
          0,
          0,
          4
        ],
        [
          1,
          0,
          1,
          0
        ],
        [
          1,
          0,
          1,
          1
        ],
        [
          1,
          0,
          1,
          2
        ],
        [
          1,
          0,
          1,
          3
        ],
        [
          1,
          0,
          1,
          4
        ],
        [
          1,
          0,
          2,
          0
        ],
        [
          1,
          0,
          2,
          1
        ],
        [
          1,
          0,
          2,
          2
        ],
        [
          1,
          0,
          2,
          3
        ],
        [
          1,
          0,
          2,
          4
        ],
        [
          1,
          0,
          3,
          0
        ],
        [
          1,
          0,
          3,
          1
        ],
        [
          1,
          0,
          3,
          2
        ],
        [
          1,
          0,
          3,
          3
        ],
        [
          1,
          0,
          3,
          4
        ],
        [
          1,
          0,
          4,
          0
        ],
        [
          1,
          0,
          4,
          1
        ],
        [
          1,
          0,
          4,
          2
        ],
        [
          1,
          0,
          4,
          3
        ],
        [
          1,
          0,
          4,
          4
        ],
        [
          1,
          1,
          0,
          0
        ],
        [
          1,
          1,
          0,
          1
        ],
        [
          1,
          1,
          0,
          2
        ],
        [
          1,
          1,
          0,
          3
        ],
        [
          1,
          1,
          0,
          4
        ],
        [
          1,
          1,
          1,
          0
        ],
        [
          1,
          1,
          1,
          1
        ],
        [
          1,
          1,
          1,
          2
        ],
        [
          1,
          1,
          1,
          3
        ],
        [
          1,
          1,
          1,
          4
        ],
        [
          1,
          1,
          2,
          0
        ],
        [
          1,
          1,
          2,
          1
        ],
        [
          1,
          1,
          2,
          2
        ],
        [
          1,
          1,
          2,
          3
        ],
        [
          1,
          1,
          2,
          4
        ],
        [
          1,
          1,
          3,
          0
        ],
        [
          1,
          1,
          3,
          1
        ],
        [
          1,
          1,
          3,
          2
        ],
        [
          1,
          1,
          3,
          3
        ],
        [
          1,
          1,
          3,
          4
        ],
        [
          1,
          1,
          4,
          0
        ],
        [
          1,
          1,
          4,
          1
        ],
        [
          1,
          1,
          4,
          2
        ],
        [
          1,
          1,
          4,
          3
        ],
        [
          1,
          1,
          4,
          4
        ],
        [
          1,
          2,
          0,
          0
        ],
        [
          1,
          2,
          0,
          1
        ],
        [
          1,
          2,
          0,
          2
        ],
        [
          1,
          2,
          0,
          3
        ],
        [
          1,
          2,
          0,
          4
        ],
        [
          1,
          2,
          1,
          0
        ],
        [
          1,
          2,
          1,
          1
        ],
        [
          1,
          2,
          1,
          2
        ],
        [
          1,
          2,
          1,
          3
        ],
        [
          1,
          2,
          1,
          4
        ],
        [
          1,
          2,
          2,
          0
        ],
        [
          1,
          2,
          2,
          1
        ],
        [
          1,
          2,
          2,
          2
        ],
        [
          1,
          2,
          2,
          3
        ],
        [
          1,
          2,
          2,
          4
        ],
        [
          1,
          2,
          3,
          0
        ],
        [
          1,
          2,
          3,
          1
        ],
        [
          1,
          2,
          3,
          2
        ],
        [
          1,
          2,
          3,
          3
        ],
        [
          1,
          2,
          3,
          4
        ],
        [
          1,
          2,
          4,
          0
        ],
        [
          1,
          2,
          4,
          1
        ],
        [
          1,
          2,
          4,
          2
        ],
        [
          1,
          2,
          4,
          3
        ],
        [
          1,
          2,
          4,
          4
        ],
        [
          1,
          3,
          0,
          0
        ],
        [
          1,
          3,
          0,
          1
        ],
        [
          1,
          3,
          0,
          2
        ],
        [
          1,
          3,
          0,
          3
        ],
        [
          1,
          3,
          0,
          4
        ],
        [
          1,
          3,
          1,
          0
        ],
        [
          1,
          3,
          1,
          1
        ],
        [
          1,
          3,
          1,
          2
        ],
        [
          1,
          3,
          1,
          3
        ],
        [
          1,
          3,
          1,
          4
        ],
        [
          1,
          3,
          2,
          0
        ],
        [
          1,
          3,
          2,
          1
        ],
        [
          1,
          3,
          2,
          2
        ],
        [
          1,
          3,
          2,
          3
        ],
        [
          1,
          3,
          2,
          4
        ],
        [
          1,
          3,
          3,
          0
        ],
        [
          1,
          3,
          3,
          1
        ],
        [
          1,
          3,
          3,
          2
        ],
        [
          1,
          3,
          3,
          3
        ],
        [
          1,
          3,
          3,
          4
        ],
        [
          1,
          3,
          4,
          0
        ],
        [
          1,
          3,
          4,
          1
        ],
        [
          1,
          3,
          4,
          2
        ],
        [
          1,
          3,
          4,
          3
        ],
        [
          1,
          3,
          4,
          4
        ],
        [
          1,
          4,
          0,
          0
        ],
        [
          1,
          4,
          0,
          1
        ],
        [
          1,
          4,
          0,
          2
        ],
        [
          1,
          4,
          0,
          3
        ],
        [
          1,
          4,
          0,
          4
        ],
        [
          1,
          4,
          1,
          0
        ],
        [
          1,
          4,
          1,
          1
        ],
        [
          1,
          4,
          1,
          2
        ],
        [
          1,
          4,
          1,
          3
        ],
        [
          1,
          4,
          1,
          4
        ],
        [
          1,
          4,
          2,
          0
        ],
        [
          1,
          4,
          2,
          1
        ],
        [
          1,
          4,
          2,
          2
        ],
        [
          1,
          4,
          2,
          3
        ],
        [
          1,
          4,
          2,
          4
        ],
        [
          1,
          4,
          3,
          0
        ],
        [
          1,
          4,
          3,
          1
        ],
        [
          1,
          4,
          3,
          2
        ],
        [
          1,
          4,
          3,
          3
        ],
        [
          1,
          4,
          3,
          4
        ],
        [
          1,
          4,
          4,
          0
        ],
        [
          1,
          4,
          4,
          1
        ],
        [
          1,
          4,
          4,
          2
        ],
        [
          1,
          4,
          4,
          3
        ],
        [
          1,
          4,
          4,
          4
        ]
      ],
      "controls": {
        "ghost_image_size": 125,
        "uniform_nonzero_fibre": 1
      },
      "core": 125,
      "cycles_by_length": [
        [
          1,
          5
        ],
        [
          4,
          30
        ]
      ],
      "fibre_histogram": [
        [
          1,
          125
        ]
      ],
      "height": 0,
      "height_histogram": [
        [
          0,
          125
        ]
      ],
      "image": 125,
      "maximum_fibre": 1,
      "maximum_height_witness_orbit": [
        [
          1,
          0,
          0,
          0
        ]
      ],
      "parameters": {
        "m": 4,
        "p": 5
      },
      "states": 125,
      "tag": "ELD",
      "transition_table_sha256": "26c833b0923346355a45dba49464b19ef41d1380761ed48a5c780e707328f788",
      "witness_cycle_entry": [
        1,
        0,
        0,
        0
      ]
    },
    {
      "all_maximizing_targets": [
        [
          1,
          0,
          0,
          0,
          0
        ],
        [
          1,
          0,
          0,
          0,
          1
        ],
        [
          1,
          0,
          0,
          0,
          2
        ],
        [
          1,
          0,
          0,
          0,
          3
        ],
        [
          1,
          0,
          0,
          0,
          4
        ],
        [
          1,
          0,
          0,
          1,
          0
        ],
        [
          1,
          0,
          0,
          1,
          1
        ],
        [
          1,
          0,
          0,
          1,
          2
        ],
        [
          1,
          0,
          0,
          1,
          3
        ],
        [
          1,
          0,
          0,
          1,
          4
        ],
        [
          1,
          0,
          0,
          2,
          0
        ],
        [
          1,
          0,
          0,
          2,
          1
        ],
        [
          1,
          0,
          0,
          2,
          2
        ],
        [
          1,
          0,
          0,
          2,
          3
        ],
        [
          1,
          0,
          0,
          2,
          4
        ],
        [
          1,
          0,
          0,
          3,
          0
        ],
        [
          1,
          0,
          0,
          3,
          1
        ],
        [
          1,
          0,
          0,
          3,
          2
        ],
        [
          1,
          0,
          0,
          3,
          3
        ],
        [
          1,
          0,
          0,
          3,
          4
        ],
        [
          1,
          0,
          0,
          4,
          0
        ],
        [
          1,
          0,
          0,
          4,
          1
        ],
        [
          1,
          0,
          0,
          4,
          2
        ],
        [
          1,
          0,
          0,
          4,
          3
        ],
        [
          1,
          0,
          0,
          4,
          4
        ],
        [
          1,
          0,
          1,
          0,
          0
        ],
        [
          1,
          0,
          1,
          0,
          1
        ],
        [
          1,
          0,
          1,
          0,
          2
        ],
        [
          1,
          0,
          1,
          0,
          3
        ],
        [
          1,
          0,
          1,
          0,
          4
        ],
        [
          1,
          0,
          1,
          1,
          0
        ],
        [
          1,
          0,
          1,
          1,
          1
        ],
        [
          1,
          0,
          1,
          1,
          2
        ],
        [
          1,
          0,
          1,
          1,
          3
        ],
        [
          1,
          0,
          1,
          1,
          4
        ],
        [
          1,
          0,
          1,
          2,
          0
        ],
        [
          1,
          0,
          1,
          2,
          1
        ],
        [
          1,
          0,
          1,
          2,
          2
        ],
        [
          1,
          0,
          1,
          2,
          3
        ],
        [
          1,
          0,
          1,
          2,
          4
        ],
        [
          1,
          0,
          1,
          3,
          0
        ],
        [
          1,
          0,
          1,
          3,
          1
        ],
        [
          1,
          0,
          1,
          3,
          2
        ],
        [
          1,
          0,
          1,
          3,
          3
        ],
        [
          1,
          0,
          1,
          3,
          4
        ],
        [
          1,
          0,
          1,
          4,
          0
        ],
        [
          1,
          0,
          1,
          4,
          1
        ],
        [
          1,
          0,
          1,
          4,
          2
        ],
        [
          1,
          0,
          1,
          4,
          3
        ],
        [
          1,
          0,
          1,
          4,
          4
        ],
        [
          1,
          0,
          2,
          0,
          0
        ],
        [
          1,
          0,
          2,
          0,
          1
        ],
        [
          1,
          0,
          2,
          0,
          2
        ],
        [
          1,
          0,
          2,
          0,
          3
        ],
        [
          1,
          0,
          2,
          0,
          4
        ],
        [
          1,
          0,
          2,
          1,
          0
        ],
        [
          1,
          0,
          2,
          1,
          1
        ],
        [
          1,
          0,
          2,
          1,
          2
        ],
        [
          1,
          0,
          2,
          1,
          3
        ],
        [
          1,
          0,
          2,
          1,
          4
        ],
        [
          1,
          0,
          2,
          2,
          0
        ],
        [
          1,
          0,
          2,
          2,
          1
        ],
        [
          1,
          0,
          2,
          2,
          2
        ],
        [
          1,
          0,
          2,
          2,
          3
        ],
        [
          1,
          0,
          2,
          2,
          4
        ],
        [
          1,
          0,
          2,
          3,
          0
        ],
        [
          1,
          0,
          2,
          3,
          1
        ],
        [
          1,
          0,
          2,
          3,
          2
        ],
        [
          1,
          0,
          2,
          3,
          3
        ],
        [
          1,
          0,
          2,
          3,
          4
        ],
        [
          1,
          0,
          2,
          4,
          0
        ],
        [
          1,
          0,
          2,
          4,
          1
        ],
        [
          1,
          0,
          2,
          4,
          2
        ],
        [
          1,
          0,
          2,
          4,
          3
        ],
        [
          1,
          0,
          2,
          4,
          4
        ],
        [
          1,
          0,
          3,
          0,
          0
        ],
        [
          1,
          0,
          3,
          0,
          1
        ],
        [
          1,
          0,
          3,
          0,
          2
        ],
        [
          1,
          0,
          3,
          0,
          3
        ],
        [
          1,
          0,
          3,
          0,
          4
        ],
        [
          1,
          0,
          3,
          1,
          0
        ],
        [
          1,
          0,
          3,
          1,
          1
        ],
        [
          1,
          0,
          3,
          1,
          2
        ],
        [
          1,
          0,
          3,
          1,
          3
        ],
        [
          1,
          0,
          3,
          1,
          4
        ],
        [
          1,
          0,
          3,
          2,
          0
        ],
        [
          1,
          0,
          3,
          2,
          1
        ],
        [
          1,
          0,
          3,
          2,
          2
        ],
        [
          1,
          0,
          3,
          2,
          3
        ],
        [
          1,
          0,
          3,
          2,
          4
        ],
        [
          1,
          0,
          3,
          3,
          0
        ],
        [
          1,
          0,
          3,
          3,
          1
        ],
        [
          1,
          0,
          3,
          3,
          2
        ],
        [
          1,
          0,
          3,
          3,
          3
        ],
        [
          1,
          0,
          3,
          3,
          4
        ],
        [
          1,
          0,
          3,
          4,
          0
        ],
        [
          1,
          0,
          3,
          4,
          1
        ],
        [
          1,
          0,
          3,
          4,
          2
        ],
        [
          1,
          0,
          3,
          4,
          3
        ],
        [
          1,
          0,
          3,
          4,
          4
        ],
        [
          1,
          0,
          4,
          0,
          0
        ],
        [
          1,
          0,
          4,
          0,
          1
        ],
        [
          1,
          0,
          4,
          0,
          2
        ],
        [
          1,
          0,
          4,
          0,
          3
        ],
        [
          1,
          0,
          4,
          0,
          4
        ],
        [
          1,
          0,
          4,
          1,
          0
        ],
        [
          1,
          0,
          4,
          1,
          1
        ],
        [
          1,
          0,
          4,
          1,
          2
        ],
        [
          1,
          0,
          4,
          1,
          3
        ],
        [
          1,
          0,
          4,
          1,
          4
        ],
        [
          1,
          0,
          4,
          2,
          0
        ],
        [
          1,
          0,
          4,
          2,
          1
        ],
        [
          1,
          0,
          4,
          2,
          2
        ],
        [
          1,
          0,
          4,
          2,
          3
        ],
        [
          1,
          0,
          4,
          2,
          4
        ],
        [
          1,
          0,
          4,
          3,
          0
        ],
        [
          1,
          0,
          4,
          3,
          1
        ],
        [
          1,
          0,
          4,
          3,
          2
        ],
        [
          1,
          0,
          4,
          3,
          3
        ],
        [
          1,
          0,
          4,
          3,
          4
        ],
        [
          1,
          0,
          4,
          4,
          0
        ],
        [
          1,
          0,
          4,
          4,
          1
        ],
        [
          1,
          0,
          4,
          4,
          2
        ],
        [
          1,
          0,
          4,
          4,
          3
        ],
        [
          1,
          0,
          4,
          4,
          4
        ],
        [
          1,
          1,
          0,
          0,
          0
        ],
        [
          1,
          1,
          0,
          0,
          1
        ],
        [
          1,
          1,
          0,
          0,
          2
        ],
        [
          1,
          1,
          0,
          0,
          3
        ],
        [
          1,
          1,
          0,
          0,
          4
        ],
        [
          1,
          1,
          0,
          1,
          0
        ],
        [
          1,
          1,
          0,
          1,
          1
        ],
        [
          1,
          1,
          0,
          1,
          2
        ],
        [
          1,
          1,
          0,
          1,
          3
        ],
        [
          1,
          1,
          0,
          1,
          4
        ],
        [
          1,
          1,
          0,
          2,
          0
        ],
        [
          1,
          1,
          0,
          2,
          1
        ],
        [
          1,
          1,
          0,
          2,
          2
        ],
        [
          1,
          1,
          0,
          2,
          3
        ],
        [
          1,
          1,
          0,
          2,
          4
        ],
        [
          1,
          1,
          0,
          3,
          0
        ],
        [
          1,
          1,
          0,
          3,
          1
        ],
        [
          1,
          1,
          0,
          3,
          2
        ],
        [
          1,
          1,
          0,
          3,
          3
        ],
        [
          1,
          1,
          0,
          3,
          4
        ],
        [
          1,
          1,
          0,
          4,
          0
        ],
        [
          1,
          1,
          0,
          4,
          1
        ],
        [
          1,
          1,
          0,
          4,
          2
        ],
        [
          1,
          1,
          0,
          4,
          3
        ],
        [
          1,
          1,
          0,
          4,
          4
        ],
        [
          1,
          1,
          1,
          0,
          0
        ],
        [
          1,
          1,
          1,
          0,
          1
        ],
        [
          1,
          1,
          1,
          0,
          2
        ],
        [
          1,
          1,
          1,
          0,
          3
        ],
        [
          1,
          1,
          1,
          0,
          4
        ],
        [
          1,
          1,
          1,
          1,
          0
        ],
        [
          1,
          1,
          1,
          1,
          1
        ],
        [
          1,
          1,
          1,
          1,
          2
        ],
        [
          1,
          1,
          1,
          1,
          3
        ],
        [
          1,
          1,
          1,
          1,
          4
        ],
        [
          1,
          1,
          1,
          2,
          0
        ],
        [
          1,
          1,
          1,
          2,
          1
        ],
        [
          1,
          1,
          1,
          2,
          2
        ],
        [
          1,
          1,
          1,
          2,
          3
        ],
        [
          1,
          1,
          1,
          2,
          4
        ],
        [
          1,
          1,
          1,
          3,
          0
        ],
        [
          1,
          1,
          1,
          3,
          1
        ],
        [
          1,
          1,
          1,
          3,
          2
        ],
        [
          1,
          1,
          1,
          3,
          3
        ],
        [
          1,
          1,
          1,
          3,
          4
        ],
        [
          1,
          1,
          1,
          4,
          0
        ],
        [
          1,
          1,
          1,
          4,
          1
        ],
        [
          1,
          1,
          1,
          4,
          2
        ],
        [
          1,
          1,
          1,
          4,
          3
        ],
        [
          1,
          1,
          1,
          4,
          4
        ],
        [
          1,
          1,
          2,
          0,
          0
        ],
        [
          1,
          1,
          2,
          0,
          1
        ],
        [
          1,
          1,
          2,
          0,
          2
        ],
        [
          1,
          1,
          2,
          0,
          3
        ],
        [
          1,
          1,
          2,
          0,
          4
        ],
        [
          1,
          1,
          2,
          1,
          0
        ],
        [
          1,
          1,
          2,
          1,
          1
        ],
        [
          1,
          1,
          2,
          1,
          2
        ],
        [
          1,
          1,
          2,
          1,
          3
        ],
        [
          1,
          1,
          2,
          1,
          4
        ],
        [
          1,
          1,
          2,
          2,
          0
        ],
        [
          1,
          1,
          2,
          2,
          1
        ],
        [
          1,
          1,
          2,
          2,
          2
        ],
        [
          1,
          1,
          2,
          2,
          3
        ],
        [
          1,
          1,
          2,
          2,
          4
        ],
        [
          1,
          1,
          2,
          3,
          0
        ],
        [
          1,
          1,
          2,
          3,
          1
        ],
        [
          1,
          1,
          2,
          3,
          2
        ],
        [
          1,
          1,
          2,
          3,
          3
        ],
        [
          1,
          1,
          2,
          3,
          4
        ],
        [
          1,
          1,
          2,
          4,
          0
        ],
        [
          1,
          1,
          2,
          4,
          1
        ],
        [
          1,
          1,
          2,
          4,
          2
        ],
        [
          1,
          1,
          2,
          4,
          3
        ],
        [
          1,
          1,
          2,
          4,
          4
        ],
        [
          1,
          1,
          3,
          0,
          0
        ],
        [
          1,
          1,
          3,
          0,
          1
        ],
        [
          1,
          1,
          3,
          0,
          2
        ],
        [
          1,
          1,
          3,
          0,
          3
        ],
        [
          1,
          1,
          3,
          0,
          4
        ],
        [
          1,
          1,
          3,
          1,
          0
        ],
        [
          1,
          1,
          3,
          1,
          1
        ],
        [
          1,
          1,
          3,
          1,
          2
        ],
        [
          1,
          1,
          3,
          1,
          3
        ],
        [
          1,
          1,
          3,
          1,
          4
        ],
        [
          1,
          1,
          3,
          2,
          0
        ],
        [
          1,
          1,
          3,
          2,
          1
        ],
        [
          1,
          1,
          3,
          2,
          2
        ],
        [
          1,
          1,
          3,
          2,
          3
        ],
        [
          1,
          1,
          3,
          2,
          4
        ],
        [
          1,
          1,
          3,
          3,
          0
        ],
        [
          1,
          1,
          3,
          3,
          1
        ],
        [
          1,
          1,
          3,
          3,
          2
        ],
        [
          1,
          1,
          3,
          3,
          3
        ],
        [
          1,
          1,
          3,
          3,
          4
        ],
        [
          1,
          1,
          3,
          4,
          0
        ],
        [
          1,
          1,
          3,
          4,
          1
        ],
        [
          1,
          1,
          3,
          4,
          2
        ],
        [
          1,
          1,
          3,
          4,
          3
        ],
        [
          1,
          1,
          3,
          4,
          4
        ],
        [
          1,
          1,
          4,
          0,
          0
        ],
        [
          1,
          1,
          4,
          0,
          1
        ],
        [
          1,
          1,
          4,
          0,
          2
        ],
        [
          1,
          1,
          4,
          0,
          3
        ],
        [
          1,
          1,
          4,
          0,
          4
        ],
        [
          1,
          1,
          4,
          1,
          0
        ],
        [
          1,
          1,
          4,
          1,
          1
        ],
        [
          1,
          1,
          4,
          1,
          2
        ],
        [
          1,
          1,
          4,
          1,
          3
        ],
        [
          1,
          1,
          4,
          1,
          4
        ],
        [
          1,
          1,
          4,
          2,
          0
        ],
        [
          1,
          1,
          4,
          2,
          1
        ],
        [
          1,
          1,
          4,
          2,
          2
        ],
        [
          1,
          1,
          4,
          2,
          3
        ],
        [
          1,
          1,
          4,
          2,
          4
        ],
        [
          1,
          1,
          4,
          3,
          0
        ],
        [
          1,
          1,
          4,
          3,
          1
        ],
        [
          1,
          1,
          4,
          3,
          2
        ],
        [
          1,
          1,
          4,
          3,
          3
        ],
        [
          1,
          1,
          4,
          3,
          4
        ],
        [
          1,
          1,
          4,
          4,
          0
        ],
        [
          1,
          1,
          4,
          4,
          1
        ],
        [
          1,
          1,
          4,
          4,
          2
        ],
        [
          1,
          1,
          4,
          4,
          3
        ],
        [
          1,
          1,
          4,
          4,
          4
        ],
        [
          1,
          2,
          0,
          0,
          0
        ],
        [
          1,
          2,
          0,
          0,
          1
        ],
        [
          1,
          2,
          0,
          0,
          2
        ],
        [
          1,
          2,
          0,
          0,
          3
        ],
        [
          1,
          2,
          0,
          0,
          4
        ],
        [
          1,
          2,
          0,
          1,
          0
        ],
        [
          1,
          2,
          0,
          1,
          1
        ],
        [
          1,
          2,
          0,
          1,
          2
        ],
        [
          1,
          2,
          0,
          1,
          3
        ],
        [
          1,
          2,
          0,
          1,
          4
        ],
        [
          1,
          2,
          0,
          2,
          0
        ],
        [
          1,
          2,
          0,
          2,
          1
        ],
        [
          1,
          2,
          0,
          2,
          2
        ],
        [
          1,
          2,
          0,
          2,
          3
        ],
        [
          1,
          2,
          0,
          2,
          4
        ],
        [
          1,
          2,
          0,
          3,
          0
        ],
        [
          1,
          2,
          0,
          3,
          1
        ],
        [
          1,
          2,
          0,
          3,
          2
        ],
        [
          1,
          2,
          0,
          3,
          3
        ],
        [
          1,
          2,
          0,
          3,
          4
        ],
        [
          1,
          2,
          0,
          4,
          0
        ],
        [
          1,
          2,
          0,
          4,
          1
        ],
        [
          1,
          2,
          0,
          4,
          2
        ],
        [
          1,
          2,
          0,
          4,
          3
        ],
        [
          1,
          2,
          0,
          4,
          4
        ],
        [
          1,
          2,
          1,
          0,
          0
        ],
        [
          1,
          2,
          1,
          0,
          1
        ],
        [
          1,
          2,
          1,
          0,
          2
        ],
        [
          1,
          2,
          1,
          0,
          3
        ],
        [
          1,
          2,
          1,
          0,
          4
        ],
        [
          1,
          2,
          1,
          1,
          0
        ],
        [
          1,
          2,
          1,
          1,
          1
        ],
        [
          1,
          2,
          1,
          1,
          2
        ],
        [
          1,
          2,
          1,
          1,
          3
        ],
        [
          1,
          2,
          1,
          1,
          4
        ],
        [
          1,
          2,
          1,
          2,
          0
        ],
        [
          1,
          2,
          1,
          2,
          1
        ],
        [
          1,
          2,
          1,
          2,
          2
        ],
        [
          1,
          2,
          1,
          2,
          3
        ],
        [
          1,
          2,
          1,
          2,
          4
        ],
        [
          1,
          2,
          1,
          3,
          0
        ],
        [
          1,
          2,
          1,
          3,
          1
        ],
        [
          1,
          2,
          1,
          3,
          2
        ],
        [
          1,
          2,
          1,
          3,
          3
        ],
        [
          1,
          2,
          1,
          3,
          4
        ],
        [
          1,
          2,
          1,
          4,
          0
        ],
        [
          1,
          2,
          1,
          4,
          1
        ],
        [
          1,
          2,
          1,
          4,
          2
        ],
        [
          1,
          2,
          1,
          4,
          3
        ],
        [
          1,
          2,
          1,
          4,
          4
        ],
        [
          1,
          2,
          2,
          0,
          0
        ],
        [
          1,
          2,
          2,
          0,
          1
        ],
        [
          1,
          2,
          2,
          0,
          2
        ],
        [
          1,
          2,
          2,
          0,
          3
        ],
        [
          1,
          2,
          2,
          0,
          4
        ],
        [
          1,
          2,
          2,
          1,
          0
        ],
        [
          1,
          2,
          2,
          1,
          1
        ],
        [
          1,
          2,
          2,
          1,
          2
        ],
        [
          1,
          2,
          2,
          1,
          3
        ],
        [
          1,
          2,
          2,
          1,
          4
        ],
        [
          1,
          2,
          2,
          2,
          0
        ],
        [
          1,
          2,
          2,
          2,
          1
        ],
        [
          1,
          2,
          2,
          2,
          2
        ],
        [
          1,
          2,
          2,
          2,
          3
        ],
        [
          1,
          2,
          2,
          2,
          4
        ],
        [
          1,
          2,
          2,
          3,
          0
        ],
        [
          1,
          2,
          2,
          3,
          1
        ],
        [
          1,
          2,
          2,
          3,
          2
        ],
        [
          1,
          2,
          2,
          3,
          3
        ],
        [
          1,
          2,
          2,
          3,
          4
        ],
        [
          1,
          2,
          2,
          4,
          0
        ],
        [
          1,
          2,
          2,
          4,
          1
        ],
        [
          1,
          2,
          2,
          4,
          2
        ],
        [
          1,
          2,
          2,
          4,
          3
        ],
        [
          1,
          2,
          2,
          4,
          4
        ],
        [
          1,
          2,
          3,
          0,
          0
        ],
        [
          1,
          2,
          3,
          0,
          1
        ],
        [
          1,
          2,
          3,
          0,
          2
        ],
        [
          1,
          2,
          3,
          0,
          3
        ],
        [
          1,
          2,
          3,
          0,
          4
        ],
        [
          1,
          2,
          3,
          1,
          0
        ],
        [
          1,
          2,
          3,
          1,
          1
        ],
        [
          1,
          2,
          3,
          1,
          2
        ],
        [
          1,
          2,
          3,
          1,
          3
        ],
        [
          1,
          2,
          3,
          1,
          4
        ],
        [
          1,
          2,
          3,
          2,
          0
        ],
        [
          1,
          2,
          3,
          2,
          1
        ],
        [
          1,
          2,
          3,
          2,
          2
        ],
        [
          1,
          2,
          3,
          2,
          3
        ],
        [
          1,
          2,
          3,
          2,
          4
        ],
        [
          1,
          2,
          3,
          3,
          0
        ],
        [
          1,
          2,
          3,
          3,
          1
        ],
        [
          1,
          2,
          3,
          3,
          2
        ],
        [
          1,
          2,
          3,
          3,
          3
        ],
        [
          1,
          2,
          3,
          3,
          4
        ],
        [
          1,
          2,
          3,
          4,
          0
        ],
        [
          1,
          2,
          3,
          4,
          1
        ],
        [
          1,
          2,
          3,
          4,
          2
        ],
        [
          1,
          2,
          3,
          4,
          3
        ],
        [
          1,
          2,
          3,
          4,
          4
        ],
        [
          1,
          2,
          4,
          0,
          0
        ],
        [
          1,
          2,
          4,
          0,
          1
        ],
        [
          1,
          2,
          4,
          0,
          2
        ],
        [
          1,
          2,
          4,
          0,
          3
        ],
        [
          1,
          2,
          4,
          0,
          4
        ],
        [
          1,
          2,
          4,
          1,
          0
        ],
        [
          1,
          2,
          4,
          1,
          1
        ],
        [
          1,
          2,
          4,
          1,
          2
        ],
        [
          1,
          2,
          4,
          1,
          3
        ],
        [
          1,
          2,
          4,
          1,
          4
        ],
        [
          1,
          2,
          4,
          2,
          0
        ],
        [
          1,
          2,
          4,
          2,
          1
        ],
        [
          1,
          2,
          4,
          2,
          2
        ],
        [
          1,
          2,
          4,
          2,
          3
        ],
        [
          1,
          2,
          4,
          2,
          4
        ],
        [
          1,
          2,
          4,
          3,
          0
        ],
        [
          1,
          2,
          4,
          3,
          1
        ],
        [
          1,
          2,
          4,
          3,
          2
        ],
        [
          1,
          2,
          4,
          3,
          3
        ],
        [
          1,
          2,
          4,
          3,
          4
        ],
        [
          1,
          2,
          4,
          4,
          0
        ],
        [
          1,
          2,
          4,
          4,
          1
        ],
        [
          1,
          2,
          4,
          4,
          2
        ],
        [
          1,
          2,
          4,
          4,
          3
        ],
        [
          1,
          2,
          4,
          4,
          4
        ],
        [
          1,
          3,
          0,
          0,
          0
        ],
        [
          1,
          3,
          0,
          0,
          1
        ],
        [
          1,
          3,
          0,
          0,
          2
        ],
        [
          1,
          3,
          0,
          0,
          3
        ],
        [
          1,
          3,
          0,
          0,
          4
        ],
        [
          1,
          3,
          0,
          1,
          0
        ],
        [
          1,
          3,
          0,
          1,
          1
        ],
        [
          1,
          3,
          0,
          1,
          2
        ],
        [
          1,
          3,
          0,
          1,
          3
        ],
        [
          1,
          3,
          0,
          1,
          4
        ],
        [
          1,
          3,
          0,
          2,
          0
        ],
        [
          1,
          3,
          0,
          2,
          1
        ],
        [
          1,
          3,
          0,
          2,
          2
        ],
        [
          1,
          3,
          0,
          2,
          3
        ],
        [
          1,
          3,
          0,
          2,
          4
        ],
        [
          1,
          3,
          0,
          3,
          0
        ],
        [
          1,
          3,
          0,
          3,
          1
        ],
        [
          1,
          3,
          0,
          3,
          2
        ],
        [
          1,
          3,
          0,
          3,
          3
        ],
        [
          1,
          3,
          0,
          3,
          4
        ],
        [
          1,
          3,
          0,
          4,
          0
        ],
        [
          1,
          3,
          0,
          4,
          1
        ],
        [
          1,
          3,
          0,
          4,
          2
        ],
        [
          1,
          3,
          0,
          4,
          3
        ],
        [
          1,
          3,
          0,
          4,
          4
        ],
        [
          1,
          3,
          1,
          0,
          0
        ],
        [
          1,
          3,
          1,
          0,
          1
        ],
        [
          1,
          3,
          1,
          0,
          2
        ],
        [
          1,
          3,
          1,
          0,
          3
        ],
        [
          1,
          3,
          1,
          0,
          4
        ],
        [
          1,
          3,
          1,
          1,
          0
        ],
        [
          1,
          3,
          1,
          1,
          1
        ],
        [
          1,
          3,
          1,
          1,
          2
        ],
        [
          1,
          3,
          1,
          1,
          3
        ],
        [
          1,
          3,
          1,
          1,
          4
        ],
        [
          1,
          3,
          1,
          2,
          0
        ],
        [
          1,
          3,
          1,
          2,
          1
        ],
        [
          1,
          3,
          1,
          2,
          2
        ],
        [
          1,
          3,
          1,
          2,
          3
        ],
        [
          1,
          3,
          1,
          2,
          4
        ],
        [
          1,
          3,
          1,
          3,
          0
        ],
        [
          1,
          3,
          1,
          3,
          1
        ],
        [
          1,
          3,
          1,
          3,
          2
        ],
        [
          1,
          3,
          1,
          3,
          3
        ],
        [
          1,
          3,
          1,
          3,
          4
        ],
        [
          1,
          3,
          1,
          4,
          0
        ],
        [
          1,
          3,
          1,
          4,
          1
        ],
        [
          1,
          3,
          1,
          4,
          2
        ],
        [
          1,
          3,
          1,
          4,
          3
        ],
        [
          1,
          3,
          1,
          4,
          4
        ],
        [
          1,
          3,
          2,
          0,
          0
        ],
        [
          1,
          3,
          2,
          0,
          1
        ],
        [
          1,
          3,
          2,
          0,
          2
        ],
        [
          1,
          3,
          2,
          0,
          3
        ],
        [
          1,
          3,
          2,
          0,
          4
        ],
        [
          1,
          3,
          2,
          1,
          0
        ],
        [
          1,
          3,
          2,
          1,
          1
        ],
        [
          1,
          3,
          2,
          1,
          2
        ],
        [
          1,
          3,
          2,
          1,
          3
        ],
        [
          1,
          3,
          2,
          1,
          4
        ],
        [
          1,
          3,
          2,
          2,
          0
        ],
        [
          1,
          3,
          2,
          2,
          1
        ],
        [
          1,
          3,
          2,
          2,
          2
        ],
        [
          1,
          3,
          2,
          2,
          3
        ],
        [
          1,
          3,
          2,
          2,
          4
        ],
        [
          1,
          3,
          2,
          3,
          0
        ],
        [
          1,
          3,
          2,
          3,
          1
        ],
        [
          1,
          3,
          2,
          3,
          2
        ],
        [
          1,
          3,
          2,
          3,
          3
        ],
        [
          1,
          3,
          2,
          3,
          4
        ],
        [
          1,
          3,
          2,
          4,
          0
        ],
        [
          1,
          3,
          2,
          4,
          1
        ],
        [
          1,
          3,
          2,
          4,
          2
        ],
        [
          1,
          3,
          2,
          4,
          3
        ],
        [
          1,
          3,
          2,
          4,
          4
        ],
        [
          1,
          3,
          3,
          0,
          0
        ],
        [
          1,
          3,
          3,
          0,
          1
        ],
        [
          1,
          3,
          3,
          0,
          2
        ],
        [
          1,
          3,
          3,
          0,
          3
        ],
        [
          1,
          3,
          3,
          0,
          4
        ],
        [
          1,
          3,
          3,
          1,
          0
        ],
        [
          1,
          3,
          3,
          1,
          1
        ],
        [
          1,
          3,
          3,
          1,
          2
        ],
        [
          1,
          3,
          3,
          1,
          3
        ],
        [
          1,
          3,
          3,
          1,
          4
        ],
        [
          1,
          3,
          3,
          2,
          0
        ],
        [
          1,
          3,
          3,
          2,
          1
        ],
        [
          1,
          3,
          3,
          2,
          2
        ],
        [
          1,
          3,
          3,
          2,
          3
        ],
        [
          1,
          3,
          3,
          2,
          4
        ],
        [
          1,
          3,
          3,
          3,
          0
        ],
        [
          1,
          3,
          3,
          3,
          1
        ],
        [
          1,
          3,
          3,
          3,
          2
        ],
        [
          1,
          3,
          3,
          3,
          3
        ],
        [
          1,
          3,
          3,
          3,
          4
        ],
        [
          1,
          3,
          3,
          4,
          0
        ],
        [
          1,
          3,
          3,
          4,
          1
        ],
        [
          1,
          3,
          3,
          4,
          2
        ],
        [
          1,
          3,
          3,
          4,
          3
        ],
        [
          1,
          3,
          3,
          4,
          4
        ],
        [
          1,
          3,
          4,
          0,
          0
        ],
        [
          1,
          3,
          4,
          0,
          1
        ],
        [
          1,
          3,
          4,
          0,
          2
        ],
        [
          1,
          3,
          4,
          0,
          3
        ],
        [
          1,
          3,
          4,
          0,
          4
        ],
        [
          1,
          3,
          4,
          1,
          0
        ],
        [
          1,
          3,
          4,
          1,
          1
        ],
        [
          1,
          3,
          4,
          1,
          2
        ],
        [
          1,
          3,
          4,
          1,
          3
        ],
        [
          1,
          3,
          4,
          1,
          4
        ],
        [
          1,
          3,
          4,
          2,
          0
        ],
        [
          1,
          3,
          4,
          2,
          1
        ],
        [
          1,
          3,
          4,
          2,
          2
        ],
        [
          1,
          3,
          4,
          2,
          3
        ],
        [
          1,
          3,
          4,
          2,
          4
        ],
        [
          1,
          3,
          4,
          3,
          0
        ],
        [
          1,
          3,
          4,
          3,
          1
        ],
        [
          1,
          3,
          4,
          3,
          2
        ],
        [
          1,
          3,
          4,
          3,
          3
        ],
        [
          1,
          3,
          4,
          3,
          4
        ],
        [
          1,
          3,
          4,
          4,
          0
        ],
        [
          1,
          3,
          4,
          4,
          1
        ],
        [
          1,
          3,
          4,
          4,
          2
        ],
        [
          1,
          3,
          4,
          4,
          3
        ],
        [
          1,
          3,
          4,
          4,
          4
        ],
        [
          1,
          4,
          0,
          0,
          0
        ],
        [
          1,
          4,
          0,
          0,
          1
        ],
        [
          1,
          4,
          0,
          0,
          2
        ],
        [
          1,
          4,
          0,
          0,
          3
        ],
        [
          1,
          4,
          0,
          0,
          4
        ],
        [
          1,
          4,
          0,
          1,
          0
        ],
        [
          1,
          4,
          0,
          1,
          1
        ],
        [
          1,
          4,
          0,
          1,
          2
        ],
        [
          1,
          4,
          0,
          1,
          3
        ],
        [
          1,
          4,
          0,
          1,
          4
        ],
        [
          1,
          4,
          0,
          2,
          0
        ],
        [
          1,
          4,
          0,
          2,
          1
        ],
        [
          1,
          4,
          0,
          2,
          2
        ],
        [
          1,
          4,
          0,
          2,
          3
        ],
        [
          1,
          4,
          0,
          2,
          4
        ],
        [
          1,
          4,
          0,
          3,
          0
        ],
        [
          1,
          4,
          0,
          3,
          1
        ],
        [
          1,
          4,
          0,
          3,
          2
        ],
        [
          1,
          4,
          0,
          3,
          3
        ],
        [
          1,
          4,
          0,
          3,
          4
        ],
        [
          1,
          4,
          0,
          4,
          0
        ],
        [
          1,
          4,
          0,
          4,
          1
        ],
        [
          1,
          4,
          0,
          4,
          2
        ],
        [
          1,
          4,
          0,
          4,
          3
        ],
        [
          1,
          4,
          0,
          4,
          4
        ],
        [
          1,
          4,
          1,
          0,
          0
        ],
        [
          1,
          4,
          1,
          0,
          1
        ],
        [
          1,
          4,
          1,
          0,
          2
        ],
        [
          1,
          4,
          1,
          0,
          3
        ],
        [
          1,
          4,
          1,
          0,
          4
        ],
        [
          1,
          4,
          1,
          1,
          0
        ],
        [
          1,
          4,
          1,
          1,
          1
        ],
        [
          1,
          4,
          1,
          1,
          2
        ],
        [
          1,
          4,
          1,
          1,
          3
        ],
        [
          1,
          4,
          1,
          1,
          4
        ],
        [
          1,
          4,
          1,
          2,
          0
        ],
        [
          1,
          4,
          1,
          2,
          1
        ],
        [
          1,
          4,
          1,
          2,
          2
        ],
        [
          1,
          4,
          1,
          2,
          3
        ],
        [
          1,
          4,
          1,
          2,
          4
        ],
        [
          1,
          4,
          1,
          3,
          0
        ],
        [
          1,
          4,
          1,
          3,
          1
        ],
        [
          1,
          4,
          1,
          3,
          2
        ],
        [
          1,
          4,
          1,
          3,
          3
        ],
        [
          1,
          4,
          1,
          3,
          4
        ],
        [
          1,
          4,
          1,
          4,
          0
        ],
        [
          1,
          4,
          1,
          4,
          1
        ],
        [
          1,
          4,
          1,
          4,
          2
        ],
        [
          1,
          4,
          1,
          4,
          3
        ],
        [
          1,
          4,
          1,
          4,
          4
        ],
        [
          1,
          4,
          2,
          0,
          0
        ],
        [
          1,
          4,
          2,
          0,
          1
        ],
        [
          1,
          4,
          2,
          0,
          2
        ],
        [
          1,
          4,
          2,
          0,
          3
        ],
        [
          1,
          4,
          2,
          0,
          4
        ],
        [
          1,
          4,
          2,
          1,
          0
        ],
        [
          1,
          4,
          2,
          1,
          1
        ],
        [
          1,
          4,
          2,
          1,
          2
        ],
        [
          1,
          4,
          2,
          1,
          3
        ],
        [
          1,
          4,
          2,
          1,
          4
        ],
        [
          1,
          4,
          2,
          2,
          0
        ],
        [
          1,
          4,
          2,
          2,
          1
        ],
        [
          1,
          4,
          2,
          2,
          2
        ],
        [
          1,
          4,
          2,
          2,
          3
        ],
        [
          1,
          4,
          2,
          2,
          4
        ],
        [
          1,
          4,
          2,
          3,
          0
        ],
        [
          1,
          4,
          2,
          3,
          1
        ],
        [
          1,
          4,
          2,
          3,
          2
        ],
        [
          1,
          4,
          2,
          3,
          3
        ],
        [
          1,
          4,
          2,
          3,
          4
        ],
        [
          1,
          4,
          2,
          4,
          0
        ],
        [
          1,
          4,
          2,
          4,
          1
        ],
        [
          1,
          4,
          2,
          4,
          2
        ],
        [
          1,
          4,
          2,
          4,
          3
        ],
        [
          1,
          4,
          2,
          4,
          4
        ],
        [
          1,
          4,
          3,
          0,
          0
        ],
        [
          1,
          4,
          3,
          0,
          1
        ],
        [
          1,
          4,
          3,
          0,
          2
        ],
        [
          1,
          4,
          3,
          0,
          3
        ],
        [
          1,
          4,
          3,
          0,
          4
        ],
        [
          1,
          4,
          3,
          1,
          0
        ],
        [
          1,
          4,
          3,
          1,
          1
        ],
        [
          1,
          4,
          3,
          1,
          2
        ],
        [
          1,
          4,
          3,
          1,
          3
        ],
        [
          1,
          4,
          3,
          1,
          4
        ],
        [
          1,
          4,
          3,
          2,
          0
        ],
        [
          1,
          4,
          3,
          2,
          1
        ],
        [
          1,
          4,
          3,
          2,
          2
        ],
        [
          1,
          4,
          3,
          2,
          3
        ],
        [
          1,
          4,
          3,
          2,
          4
        ],
        [
          1,
          4,
          3,
          3,
          0
        ],
        [
          1,
          4,
          3,
          3,
          1
        ],
        [
          1,
          4,
          3,
          3,
          2
        ],
        [
          1,
          4,
          3,
          3,
          3
        ],
        [
          1,
          4,
          3,
          3,
          4
        ],
        [
          1,
          4,
          3,
          4,
          0
        ],
        [
          1,
          4,
          3,
          4,
          1
        ],
        [
          1,
          4,
          3,
          4,
          2
        ],
        [
          1,
          4,
          3,
          4,
          3
        ],
        [
          1,
          4,
          3,
          4,
          4
        ],
        [
          1,
          4,
          4,
          0,
          0
        ],
        [
          1,
          4,
          4,
          0,
          1
        ],
        [
          1,
          4,
          4,
          0,
          2
        ],
        [
          1,
          4,
          4,
          0,
          3
        ],
        [
          1,
          4,
          4,
          0,
          4
        ],
        [
          1,
          4,
          4,
          1,
          0
        ],
        [
          1,
          4,
          4,
          1,
          1
        ],
        [
          1,
          4,
          4,
          1,
          2
        ],
        [
          1,
          4,
          4,
          1,
          3
        ],
        [
          1,
          4,
          4,
          1,
          4
        ],
        [
          1,
          4,
          4,
          2,
          0
        ],
        [
          1,
          4,
          4,
          2,
          1
        ],
        [
          1,
          4,
          4,
          2,
          2
        ],
        [
          1,
          4,
          4,
          2,
          3
        ],
        [
          1,
          4,
          4,
          2,
          4
        ],
        [
          1,
          4,
          4,
          3,
          0
        ],
        [
          1,
          4,
          4,
          3,
          1
        ],
        [
          1,
          4,
          4,
          3,
          2
        ],
        [
          1,
          4,
          4,
          3,
          3
        ],
        [
          1,
          4,
          4,
          3,
          4
        ],
        [
          1,
          4,
          4,
          4,
          0
        ],
        [
          1,
          4,
          4,
          4,
          1
        ],
        [
          1,
          4,
          4,
          4,
          2
        ],
        [
          1,
          4,
          4,
          4,
          3
        ],
        [
          1,
          4,
          4,
          4,
          4
        ]
      ],
      "controls": {
        "ghost_image_size": 625,
        "uniform_nonzero_fibre": 1
      },
      "core": 625,
      "cycles_by_length": [
        [
          1,
          5
        ],
        [
          2,
          10
        ],
        [
          4,
          25
        ],
        [
          20,
          25
        ]
      ],
      "fibre_histogram": [
        [
          1,
          625
        ]
      ],
      "height": 0,
      "height_histogram": [
        [
          0,
          625
        ]
      ],
      "image": 625,
      "maximum_fibre": 1,
      "maximum_height_witness_orbit": [
        [
          1,
          0,
          0,
          0,
          0
        ]
      ],
      "parameters": {
        "m": 5,
        "p": 5
      },
      "states": 625,
      "tag": "ELD",
      "transition_table_sha256": "a10c2f758ad81be46034f6f44a04bc2a2c66e3f100f2fd440d66aff6ee70140a",
      "witness_cycle_entry": [
        1,
        0,
        0,
        0,
        0
      ]
    },
    {
      "all_maximizing_targets": [
        [
          1,
          0,
          0,
          0,
          0,
          0
        ],
        [
          1,
          0,
          0,
          0,
          1,
          0
        ],
        [
          1,
          0,
          0,
          0,
          2,
          0
        ],
        [
          1,
          0,
          0,
          0,
          3,
          0
        ],
        [
          1,
          0,
          0,
          0,
          4,
          0
        ],
        [
          1,
          0,
          0,
          1,
          0,
          0
        ],
        [
          1,
          0,
          0,
          1,
          1,
          0
        ],
        [
          1,
          0,
          0,
          1,
          2,
          0
        ],
        [
          1,
          0,
          0,
          1,
          3,
          0
        ],
        [
          1,
          0,
          0,
          1,
          4,
          0
        ],
        [
          1,
          0,
          0,
          2,
          0,
          0
        ],
        [
          1,
          0,
          0,
          2,
          1,
          0
        ],
        [
          1,
          0,
          0,
          2,
          2,
          0
        ],
        [
          1,
          0,
          0,
          2,
          3,
          0
        ],
        [
          1,
          0,
          0,
          2,
          4,
          0
        ],
        [
          1,
          0,
          0,
          3,
          0,
          0
        ],
        [
          1,
          0,
          0,
          3,
          1,
          0
        ],
        [
          1,
          0,
          0,
          3,
          2,
          0
        ],
        [
          1,
          0,
          0,
          3,
          3,
          0
        ],
        [
          1,
          0,
          0,
          3,
          4,
          0
        ],
        [
          1,
          0,
          0,
          4,
          0,
          0
        ],
        [
          1,
          0,
          0,
          4,
          1,
          0
        ],
        [
          1,
          0,
          0,
          4,
          2,
          0
        ],
        [
          1,
          0,
          0,
          4,
          3,
          0
        ],
        [
          1,
          0,
          0,
          4,
          4,
          0
        ],
        [
          1,
          0,
          1,
          0,
          0,
          0
        ],
        [
          1,
          0,
          1,
          0,
          1,
          0
        ],
        [
          1,
          0,
          1,
          0,
          2,
          0
        ],
        [
          1,
          0,
          1,
          0,
          3,
          0
        ],
        [
          1,
          0,
          1,
          0,
          4,
          0
        ],
        [
          1,
          0,
          1,
          1,
          0,
          0
        ],
        [
          1,
          0,
          1,
          1,
          1,
          0
        ],
        [
          1,
          0,
          1,
          1,
          2,
          0
        ],
        [
          1,
          0,
          1,
          1,
          3,
          0
        ],
        [
          1,
          0,
          1,
          1,
          4,
          0
        ],
        [
          1,
          0,
          1,
          2,
          0,
          0
        ],
        [
          1,
          0,
          1,
          2,
          1,
          0
        ],
        [
          1,
          0,
          1,
          2,
          2,
          0
        ],
        [
          1,
          0,
          1,
          2,
          3,
          0
        ],
        [
          1,
          0,
          1,
          2,
          4,
          0
        ],
        [
          1,
          0,
          1,
          3,
          0,
          0
        ],
        [
          1,
          0,
          1,
          3,
          1,
          0
        ],
        [
          1,
          0,
          1,
          3,
          2,
          0
        ],
        [
          1,
          0,
          1,
          3,
          3,
          0
        ],
        [
          1,
          0,
          1,
          3,
          4,
          0
        ],
        [
          1,
          0,
          1,
          4,
          0,
          0
        ],
        [
          1,
          0,
          1,
          4,
          1,
          0
        ],
        [
          1,
          0,
          1,
          4,
          2,
          0
        ],
        [
          1,
          0,
          1,
          4,
          3,
          0
        ],
        [
          1,
          0,
          1,
          4,
          4,
          0
        ],
        [
          1,
          0,
          2,
          0,
          0,
          0
        ],
        [
          1,
          0,
          2,
          0,
          1,
          0
        ],
        [
          1,
          0,
          2,
          0,
          2,
          0
        ],
        [
          1,
          0,
          2,
          0,
          3,
          0
        ],
        [
          1,
          0,
          2,
          0,
          4,
          0
        ],
        [
          1,
          0,
          2,
          1,
          0,
          0
        ],
        [
          1,
          0,
          2,
          1,
          1,
          0
        ],
        [
          1,
          0,
          2,
          1,
          2,
          0
        ],
        [
          1,
          0,
          2,
          1,
          3,
          0
        ],
        [
          1,
          0,
          2,
          1,
          4,
          0
        ],
        [
          1,
          0,
          2,
          2,
          0,
          0
        ],
        [
          1,
          0,
          2,
          2,
          1,
          0
        ],
        [
          1,
          0,
          2,
          2,
          2,
          0
        ],
        [
          1,
          0,
          2,
          2,
          3,
          0
        ],
        [
          1,
          0,
          2,
          2,
          4,
          0
        ],
        [
          1,
          0,
          2,
          3,
          0,
          0
        ],
        [
          1,
          0,
          2,
          3,
          1,
          0
        ],
        [
          1,
          0,
          2,
          3,
          2,
          0
        ],
        [
          1,
          0,
          2,
          3,
          3,
          0
        ],
        [
          1,
          0,
          2,
          3,
          4,
          0
        ],
        [
          1,
          0,
          2,
          4,
          0,
          0
        ],
        [
          1,
          0,
          2,
          4,
          1,
          0
        ],
        [
          1,
          0,
          2,
          4,
          2,
          0
        ],
        [
          1,
          0,
          2,
          4,
          3,
          0
        ],
        [
          1,
          0,
          2,
          4,
          4,
          0
        ],
        [
          1,
          0,
          3,
          0,
          0,
          0
        ],
        [
          1,
          0,
          3,
          0,
          1,
          0
        ],
        [
          1,
          0,
          3,
          0,
          2,
          0
        ],
        [
          1,
          0,
          3,
          0,
          3,
          0
        ],
        [
          1,
          0,
          3,
          0,
          4,
          0
        ],
        [
          1,
          0,
          3,
          1,
          0,
          0
        ],
        [
          1,
          0,
          3,
          1,
          1,
          0
        ],
        [
          1,
          0,
          3,
          1,
          2,
          0
        ],
        [
          1,
          0,
          3,
          1,
          3,
          0
        ],
        [
          1,
          0,
          3,
          1,
          4,
          0
        ],
        [
          1,
          0,
          3,
          2,
          0,
          0
        ],
        [
          1,
          0,
          3,
          2,
          1,
          0
        ],
        [
          1,
          0,
          3,
          2,
          2,
          0
        ],
        [
          1,
          0,
          3,
          2,
          3,
          0
        ],
        [
          1,
          0,
          3,
          2,
          4,
          0
        ],
        [
          1,
          0,
          3,
          3,
          0,
          0
        ],
        [
          1,
          0,
          3,
          3,
          1,
          0
        ],
        [
          1,
          0,
          3,
          3,
          2,
          0
        ],
        [
          1,
          0,
          3,
          3,
          3,
          0
        ],
        [
          1,
          0,
          3,
          3,
          4,
          0
        ],
        [
          1,
          0,
          3,
          4,
          0,
          0
        ],
        [
          1,
          0,
          3,
          4,
          1,
          0
        ],
        [
          1,
          0,
          3,
          4,
          2,
          0
        ],
        [
          1,
          0,
          3,
          4,
          3,
          0
        ],
        [
          1,
          0,
          3,
          4,
          4,
          0
        ],
        [
          1,
          0,
          4,
          0,
          0,
          0
        ],
        [
          1,
          0,
          4,
          0,
          1,
          0
        ],
        [
          1,
          0,
          4,
          0,
          2,
          0
        ],
        [
          1,
          0,
          4,
          0,
          3,
          0
        ],
        [
          1,
          0,
          4,
          0,
          4,
          0
        ],
        [
          1,
          0,
          4,
          1,
          0,
          0
        ],
        [
          1,
          0,
          4,
          1,
          1,
          0
        ],
        [
          1,
          0,
          4,
          1,
          2,
          0
        ],
        [
          1,
          0,
          4,
          1,
          3,
          0
        ],
        [
          1,
          0,
          4,
          1,
          4,
          0
        ],
        [
          1,
          0,
          4,
          2,
          0,
          0
        ],
        [
          1,
          0,
          4,
          2,
          1,
          0
        ],
        [
          1,
          0,
          4,
          2,
          2,
          0
        ],
        [
          1,
          0,
          4,
          2,
          3,
          0
        ],
        [
          1,
          0,
          4,
          2,
          4,
          0
        ],
        [
          1,
          0,
          4,
          3,
          0,
          0
        ],
        [
          1,
          0,
          4,
          3,
          1,
          0
        ],
        [
          1,
          0,
          4,
          3,
          2,
          0
        ],
        [
          1,
          0,
          4,
          3,
          3,
          0
        ],
        [
          1,
          0,
          4,
          3,
          4,
          0
        ],
        [
          1,
          0,
          4,
          4,
          0,
          0
        ],
        [
          1,
          0,
          4,
          4,
          1,
          0
        ],
        [
          1,
          0,
          4,
          4,
          2,
          0
        ],
        [
          1,
          0,
          4,
          4,
          3,
          0
        ],
        [
          1,
          0,
          4,
          4,
          4,
          0
        ],
        [
          1,
          1,
          0,
          0,
          0,
          1
        ],
        [
          1,
          1,
          0,
          0,
          1,
          1
        ],
        [
          1,
          1,
          0,
          0,
          2,
          1
        ],
        [
          1,
          1,
          0,
          0,
          3,
          1
        ],
        [
          1,
          1,
          0,
          0,
          4,
          1
        ],
        [
          1,
          1,
          0,
          1,
          0,
          1
        ],
        [
          1,
          1,
          0,
          1,
          1,
          1
        ],
        [
          1,
          1,
          0,
          1,
          2,
          1
        ],
        [
          1,
          1,
          0,
          1,
          3,
          1
        ],
        [
          1,
          1,
          0,
          1,
          4,
          1
        ],
        [
          1,
          1,
          0,
          2,
          0,
          1
        ],
        [
          1,
          1,
          0,
          2,
          1,
          1
        ],
        [
          1,
          1,
          0,
          2,
          2,
          1
        ],
        [
          1,
          1,
          0,
          2,
          3,
          1
        ],
        [
          1,
          1,
          0,
          2,
          4,
          1
        ],
        [
          1,
          1,
          0,
          3,
          0,
          1
        ],
        [
          1,
          1,
          0,
          3,
          1,
          1
        ],
        [
          1,
          1,
          0,
          3,
          2,
          1
        ],
        [
          1,
          1,
          0,
          3,
          3,
          1
        ],
        [
          1,
          1,
          0,
          3,
          4,
          1
        ],
        [
          1,
          1,
          0,
          4,
          0,
          1
        ],
        [
          1,
          1,
          0,
          4,
          1,
          1
        ],
        [
          1,
          1,
          0,
          4,
          2,
          1
        ],
        [
          1,
          1,
          0,
          4,
          3,
          1
        ],
        [
          1,
          1,
          0,
          4,
          4,
          1
        ],
        [
          1,
          1,
          1,
          0,
          0,
          1
        ],
        [
          1,
          1,
          1,
          0,
          1,
          1
        ],
        [
          1,
          1,
          1,
          0,
          2,
          1
        ],
        [
          1,
          1,
          1,
          0,
          3,
          1
        ],
        [
          1,
          1,
          1,
          0,
          4,
          1
        ],
        [
          1,
          1,
          1,
          1,
          0,
          1
        ],
        [
          1,
          1,
          1,
          1,
          1,
          1
        ],
        [
          1,
          1,
          1,
          1,
          2,
          1
        ],
        [
          1,
          1,
          1,
          1,
          3,
          1
        ],
        [
          1,
          1,
          1,
          1,
          4,
          1
        ],
        [
          1,
          1,
          1,
          2,
          0,
          1
        ],
        [
          1,
          1,
          1,
          2,
          1,
          1
        ],
        [
          1,
          1,
          1,
          2,
          2,
          1
        ],
        [
          1,
          1,
          1,
          2,
          3,
          1
        ],
        [
          1,
          1,
          1,
          2,
          4,
          1
        ],
        [
          1,
          1,
          1,
          3,
          0,
          1
        ],
        [
          1,
          1,
          1,
          3,
          1,
          1
        ],
        [
          1,
          1,
          1,
          3,
          2,
          1
        ],
        [
          1,
          1,
          1,
          3,
          3,
          1
        ],
        [
          1,
          1,
          1,
          3,
          4,
          1
        ],
        [
          1,
          1,
          1,
          4,
          0,
          1
        ],
        [
          1,
          1,
          1,
          4,
          1,
          1
        ],
        [
          1,
          1,
          1,
          4,
          2,
          1
        ],
        [
          1,
          1,
          1,
          4,
          3,
          1
        ],
        [
          1,
          1,
          1,
          4,
          4,
          1
        ],
        [
          1,
          1,
          2,
          0,
          0,
          1
        ],
        [
          1,
          1,
          2,
          0,
          1,
          1
        ],
        [
          1,
          1,
          2,
          0,
          2,
          1
        ],
        [
          1,
          1,
          2,
          0,
          3,
          1
        ],
        [
          1,
          1,
          2,
          0,
          4,
          1
        ],
        [
          1,
          1,
          2,
          1,
          0,
          1
        ],
        [
          1,
          1,
          2,
          1,
          1,
          1
        ],
        [
          1,
          1,
          2,
          1,
          2,
          1
        ],
        [
          1,
          1,
          2,
          1,
          3,
          1
        ],
        [
          1,
          1,
          2,
          1,
          4,
          1
        ],
        [
          1,
          1,
          2,
          2,
          0,
          1
        ],
        [
          1,
          1,
          2,
          2,
          1,
          1
        ],
        [
          1,
          1,
          2,
          2,
          2,
          1
        ],
        [
          1,
          1,
          2,
          2,
          3,
          1
        ],
        [
          1,
          1,
          2,
          2,
          4,
          1
        ],
        [
          1,
          1,
          2,
          3,
          0,
          1
        ],
        [
          1,
          1,
          2,
          3,
          1,
          1
        ],
        [
          1,
          1,
          2,
          3,
          2,
          1
        ],
        [
          1,
          1,
          2,
          3,
          3,
          1
        ],
        [
          1,
          1,
          2,
          3,
          4,
          1
        ],
        [
          1,
          1,
          2,
          4,
          0,
          1
        ],
        [
          1,
          1,
          2,
          4,
          1,
          1
        ],
        [
          1,
          1,
          2,
          4,
          2,
          1
        ],
        [
          1,
          1,
          2,
          4,
          3,
          1
        ],
        [
          1,
          1,
          2,
          4,
          4,
          1
        ],
        [
          1,
          1,
          3,
          0,
          0,
          1
        ],
        [
          1,
          1,
          3,
          0,
          1,
          1
        ],
        [
          1,
          1,
          3,
          0,
          2,
          1
        ],
        [
          1,
          1,
          3,
          0,
          3,
          1
        ],
        [
          1,
          1,
          3,
          0,
          4,
          1
        ],
        [
          1,
          1,
          3,
          1,
          0,
          1
        ],
        [
          1,
          1,
          3,
          1,
          1,
          1
        ],
        [
          1,
          1,
          3,
          1,
          2,
          1
        ],
        [
          1,
          1,
          3,
          1,
          3,
          1
        ],
        [
          1,
          1,
          3,
          1,
          4,
          1
        ],
        [
          1,
          1,
          3,
          2,
          0,
          1
        ],
        [
          1,
          1,
          3,
          2,
          1,
          1
        ],
        [
          1,
          1,
          3,
          2,
          2,
          1
        ],
        [
          1,
          1,
          3,
          2,
          3,
          1
        ],
        [
          1,
          1,
          3,
          2,
          4,
          1
        ],
        [
          1,
          1,
          3,
          3,
          0,
          1
        ],
        [
          1,
          1,
          3,
          3,
          1,
          1
        ],
        [
          1,
          1,
          3,
          3,
          2,
          1
        ],
        [
          1,
          1,
          3,
          3,
          3,
          1
        ],
        [
          1,
          1,
          3,
          3,
          4,
          1
        ],
        [
          1,
          1,
          3,
          4,
          0,
          1
        ],
        [
          1,
          1,
          3,
          4,
          1,
          1
        ],
        [
          1,
          1,
          3,
          4,
          2,
          1
        ],
        [
          1,
          1,
          3,
          4,
          3,
          1
        ],
        [
          1,
          1,
          3,
          4,
          4,
          1
        ],
        [
          1,
          1,
          4,
          0,
          0,
          1
        ],
        [
          1,
          1,
          4,
          0,
          1,
          1
        ],
        [
          1,
          1,
          4,
          0,
          2,
          1
        ],
        [
          1,
          1,
          4,
          0,
          3,
          1
        ],
        [
          1,
          1,
          4,
          0,
          4,
          1
        ],
        [
          1,
          1,
          4,
          1,
          0,
          1
        ],
        [
          1,
          1,
          4,
          1,
          1,
          1
        ],
        [
          1,
          1,
          4,
          1,
          2,
          1
        ],
        [
          1,
          1,
          4,
          1,
          3,
          1
        ],
        [
          1,
          1,
          4,
          1,
          4,
          1
        ],
        [
          1,
          1,
          4,
          2,
          0,
          1
        ],
        [
          1,
          1,
          4,
          2,
          1,
          1
        ],
        [
          1,
          1,
          4,
          2,
          2,
          1
        ],
        [
          1,
          1,
          4,
          2,
          3,
          1
        ],
        [
          1,
          1,
          4,
          2,
          4,
          1
        ],
        [
          1,
          1,
          4,
          3,
          0,
          1
        ],
        [
          1,
          1,
          4,
          3,
          1,
          1
        ],
        [
          1,
          1,
          4,
          3,
          2,
          1
        ],
        [
          1,
          1,
          4,
          3,
          3,
          1
        ],
        [
          1,
          1,
          4,
          3,
          4,
          1
        ],
        [
          1,
          1,
          4,
          4,
          0,
          1
        ],
        [
          1,
          1,
          4,
          4,
          1,
          1
        ],
        [
          1,
          1,
          4,
          4,
          2,
          1
        ],
        [
          1,
          1,
          4,
          4,
          3,
          1
        ],
        [
          1,
          1,
          4,
          4,
          4,
          1
        ],
        [
          1,
          2,
          0,
          0,
          0,
          2
        ],
        [
          1,
          2,
          0,
          0,
          1,
          2
        ],
        [
          1,
          2,
          0,
          0,
          2,
          2
        ],
        [
          1,
          2,
          0,
          0,
          3,
          2
        ],
        [
          1,
          2,
          0,
          0,
          4,
          2
        ],
        [
          1,
          2,
          0,
          1,
          0,
          2
        ],
        [
          1,
          2,
          0,
          1,
          1,
          2
        ],
        [
          1,
          2,
          0,
          1,
          2,
          2
        ],
        [
          1,
          2,
          0,
          1,
          3,
          2
        ],
        [
          1,
          2,
          0,
          1,
          4,
          2
        ],
        [
          1,
          2,
          0,
          2,
          0,
          2
        ],
        [
          1,
          2,
          0,
          2,
          1,
          2
        ],
        [
          1,
          2,
          0,
          2,
          2,
          2
        ],
        [
          1,
          2,
          0,
          2,
          3,
          2
        ],
        [
          1,
          2,
          0,
          2,
          4,
          2
        ],
        [
          1,
          2,
          0,
          3,
          0,
          2
        ],
        [
          1,
          2,
          0,
          3,
          1,
          2
        ],
        [
          1,
          2,
          0,
          3,
          2,
          2
        ],
        [
          1,
          2,
          0,
          3,
          3,
          2
        ],
        [
          1,
          2,
          0,
          3,
          4,
          2
        ],
        [
          1,
          2,
          0,
          4,
          0,
          2
        ],
        [
          1,
          2,
          0,
          4,
          1,
          2
        ],
        [
          1,
          2,
          0,
          4,
          2,
          2
        ],
        [
          1,
          2,
          0,
          4,
          3,
          2
        ],
        [
          1,
          2,
          0,
          4,
          4,
          2
        ],
        [
          1,
          2,
          1,
          0,
          0,
          2
        ],
        [
          1,
          2,
          1,
          0,
          1,
          2
        ],
        [
          1,
          2,
          1,
          0,
          2,
          2
        ],
        [
          1,
          2,
          1,
          0,
          3,
          2
        ],
        [
          1,
          2,
          1,
          0,
          4,
          2
        ],
        [
          1,
          2,
          1,
          1,
          0,
          2
        ],
        [
          1,
          2,
          1,
          1,
          1,
          2
        ],
        [
          1,
          2,
          1,
          1,
          2,
          2
        ],
        [
          1,
          2,
          1,
          1,
          3,
          2
        ],
        [
          1,
          2,
          1,
          1,
          4,
          2
        ],
        [
          1,
          2,
          1,
          2,
          0,
          2
        ],
        [
          1,
          2,
          1,
          2,
          1,
          2
        ],
        [
          1,
          2,
          1,
          2,
          2,
          2
        ],
        [
          1,
          2,
          1,
          2,
          3,
          2
        ],
        [
          1,
          2,
          1,
          2,
          4,
          2
        ],
        [
          1,
          2,
          1,
          3,
          0,
          2
        ],
        [
          1,
          2,
          1,
          3,
          1,
          2
        ],
        [
          1,
          2,
          1,
          3,
          2,
          2
        ],
        [
          1,
          2,
          1,
          3,
          3,
          2
        ],
        [
          1,
          2,
          1,
          3,
          4,
          2
        ],
        [
          1,
          2,
          1,
          4,
          0,
          2
        ],
        [
          1,
          2,
          1,
          4,
          1,
          2
        ],
        [
          1,
          2,
          1,
          4,
          2,
          2
        ],
        [
          1,
          2,
          1,
          4,
          3,
          2
        ],
        [
          1,
          2,
          1,
          4,
          4,
          2
        ],
        [
          1,
          2,
          2,
          0,
          0,
          2
        ],
        [
          1,
          2,
          2,
          0,
          1,
          2
        ],
        [
          1,
          2,
          2,
          0,
          2,
          2
        ],
        [
          1,
          2,
          2,
          0,
          3,
          2
        ],
        [
          1,
          2,
          2,
          0,
          4,
          2
        ],
        [
          1,
          2,
          2,
          1,
          0,
          2
        ],
        [
          1,
          2,
          2,
          1,
          1,
          2
        ],
        [
          1,
          2,
          2,
          1,
          2,
          2
        ],
        [
          1,
          2,
          2,
          1,
          3,
          2
        ],
        [
          1,
          2,
          2,
          1,
          4,
          2
        ],
        [
          1,
          2,
          2,
          2,
          0,
          2
        ],
        [
          1,
          2,
          2,
          2,
          1,
          2
        ],
        [
          1,
          2,
          2,
          2,
          2,
          2
        ],
        [
          1,
          2,
          2,
          2,
          3,
          2
        ],
        [
          1,
          2,
          2,
          2,
          4,
          2
        ],
        [
          1,
          2,
          2,
          3,
          0,
          2
        ],
        [
          1,
          2,
          2,
          3,
          1,
          2
        ],
        [
          1,
          2,
          2,
          3,
          2,
          2
        ],
        [
          1,
          2,
          2,
          3,
          3,
          2
        ],
        [
          1,
          2,
          2,
          3,
          4,
          2
        ],
        [
          1,
          2,
          2,
          4,
          0,
          2
        ],
        [
          1,
          2,
          2,
          4,
          1,
          2
        ],
        [
          1,
          2,
          2,
          4,
          2,
          2
        ],
        [
          1,
          2,
          2,
          4,
          3,
          2
        ],
        [
          1,
          2,
          2,
          4,
          4,
          2
        ],
        [
          1,
          2,
          3,
          0,
          0,
          2
        ],
        [
          1,
          2,
          3,
          0,
          1,
          2
        ],
        [
          1,
          2,
          3,
          0,
          2,
          2
        ],
        [
          1,
          2,
          3,
          0,
          3,
          2
        ],
        [
          1,
          2,
          3,
          0,
          4,
          2
        ],
        [
          1,
          2,
          3,
          1,
          0,
          2
        ],
        [
          1,
          2,
          3,
          1,
          1,
          2
        ],
        [
          1,
          2,
          3,
          1,
          2,
          2
        ],
        [
          1,
          2,
          3,
          1,
          3,
          2
        ],
        [
          1,
          2,
          3,
          1,
          4,
          2
        ],
        [
          1,
          2,
          3,
          2,
          0,
          2
        ],
        [
          1,
          2,
          3,
          2,
          1,
          2
        ],
        [
          1,
          2,
          3,
          2,
          2,
          2
        ],
        [
          1,
          2,
          3,
          2,
          3,
          2
        ],
        [
          1,
          2,
          3,
          2,
          4,
          2
        ],
        [
          1,
          2,
          3,
          3,
          0,
          2
        ],
        [
          1,
          2,
          3,
          3,
          1,
          2
        ],
        [
          1,
          2,
          3,
          3,
          2,
          2
        ],
        [
          1,
          2,
          3,
          3,
          3,
          2
        ],
        [
          1,
          2,
          3,
          3,
          4,
          2
        ],
        [
          1,
          2,
          3,
          4,
          0,
          2
        ],
        [
          1,
          2,
          3,
          4,
          1,
          2
        ],
        [
          1,
          2,
          3,
          4,
          2,
          2
        ],
        [
          1,
          2,
          3,
          4,
          3,
          2
        ],
        [
          1,
          2,
          3,
          4,
          4,
          2
        ],
        [
          1,
          2,
          4,
          0,
          0,
          2
        ],
        [
          1,
          2,
          4,
          0,
          1,
          2
        ],
        [
          1,
          2,
          4,
          0,
          2,
          2
        ],
        [
          1,
          2,
          4,
          0,
          3,
          2
        ],
        [
          1,
          2,
          4,
          0,
          4,
          2
        ],
        [
          1,
          2,
          4,
          1,
          0,
          2
        ],
        [
          1,
          2,
          4,
          1,
          1,
          2
        ],
        [
          1,
          2,
          4,
          1,
          2,
          2
        ],
        [
          1,
          2,
          4,
          1,
          3,
          2
        ],
        [
          1,
          2,
          4,
          1,
          4,
          2
        ],
        [
          1,
          2,
          4,
          2,
          0,
          2
        ],
        [
          1,
          2,
          4,
          2,
          1,
          2
        ],
        [
          1,
          2,
          4,
          2,
          2,
          2
        ],
        [
          1,
          2,
          4,
          2,
          3,
          2
        ],
        [
          1,
          2,
          4,
          2,
          4,
          2
        ],
        [
          1,
          2,
          4,
          3,
          0,
          2
        ],
        [
          1,
          2,
          4,
          3,
          1,
          2
        ],
        [
          1,
          2,
          4,
          3,
          2,
          2
        ],
        [
          1,
          2,
          4,
          3,
          3,
          2
        ],
        [
          1,
          2,
          4,
          3,
          4,
          2
        ],
        [
          1,
          2,
          4,
          4,
          0,
          2
        ],
        [
          1,
          2,
          4,
          4,
          1,
          2
        ],
        [
          1,
          2,
          4,
          4,
          2,
          2
        ],
        [
          1,
          2,
          4,
          4,
          3,
          2
        ],
        [
          1,
          2,
          4,
          4,
          4,
          2
        ],
        [
          1,
          3,
          0,
          0,
          0,
          3
        ],
        [
          1,
          3,
          0,
          0,
          1,
          3
        ],
        [
          1,
          3,
          0,
          0,
          2,
          3
        ],
        [
          1,
          3,
          0,
          0,
          3,
          3
        ],
        [
          1,
          3,
          0,
          0,
          4,
          3
        ],
        [
          1,
          3,
          0,
          1,
          0,
          3
        ],
        [
          1,
          3,
          0,
          1,
          1,
          3
        ],
        [
          1,
          3,
          0,
          1,
          2,
          3
        ],
        [
          1,
          3,
          0,
          1,
          3,
          3
        ],
        [
          1,
          3,
          0,
          1,
          4,
          3
        ],
        [
          1,
          3,
          0,
          2,
          0,
          3
        ],
        [
          1,
          3,
          0,
          2,
          1,
          3
        ],
        [
          1,
          3,
          0,
          2,
          2,
          3
        ],
        [
          1,
          3,
          0,
          2,
          3,
          3
        ],
        [
          1,
          3,
          0,
          2,
          4,
          3
        ],
        [
          1,
          3,
          0,
          3,
          0,
          3
        ],
        [
          1,
          3,
          0,
          3,
          1,
          3
        ],
        [
          1,
          3,
          0,
          3,
          2,
          3
        ],
        [
          1,
          3,
          0,
          3,
          3,
          3
        ],
        [
          1,
          3,
          0,
          3,
          4,
          3
        ],
        [
          1,
          3,
          0,
          4,
          0,
          3
        ],
        [
          1,
          3,
          0,
          4,
          1,
          3
        ],
        [
          1,
          3,
          0,
          4,
          2,
          3
        ],
        [
          1,
          3,
          0,
          4,
          3,
          3
        ],
        [
          1,
          3,
          0,
          4,
          4,
          3
        ],
        [
          1,
          3,
          1,
          0,
          0,
          3
        ],
        [
          1,
          3,
          1,
          0,
          1,
          3
        ],
        [
          1,
          3,
          1,
          0,
          2,
          3
        ],
        [
          1,
          3,
          1,
          0,
          3,
          3
        ],
        [
          1,
          3,
          1,
          0,
          4,
          3
        ],
        [
          1,
          3,
          1,
          1,
          0,
          3
        ],
        [
          1,
          3,
          1,
          1,
          1,
          3
        ],
        [
          1,
          3,
          1,
          1,
          2,
          3
        ],
        [
          1,
          3,
          1,
          1,
          3,
          3
        ],
        [
          1,
          3,
          1,
          1,
          4,
          3
        ],
        [
          1,
          3,
          1,
          2,
          0,
          3
        ],
        [
          1,
          3,
          1,
          2,
          1,
          3
        ],
        [
          1,
          3,
          1,
          2,
          2,
          3
        ],
        [
          1,
          3,
          1,
          2,
          3,
          3
        ],
        [
          1,
          3,
          1,
          2,
          4,
          3
        ],
        [
          1,
          3,
          1,
          3,
          0,
          3
        ],
        [
          1,
          3,
          1,
          3,
          1,
          3
        ],
        [
          1,
          3,
          1,
          3,
          2,
          3
        ],
        [
          1,
          3,
          1,
          3,
          3,
          3
        ],
        [
          1,
          3,
          1,
          3,
          4,
          3
        ],
        [
          1,
          3,
          1,
          4,
          0,
          3
        ],
        [
          1,
          3,
          1,
          4,
          1,
          3
        ],
        [
          1,
          3,
          1,
          4,
          2,
          3
        ],
        [
          1,
          3,
          1,
          4,
          3,
          3
        ],
        [
          1,
          3,
          1,
          4,
          4,
          3
        ],
        [
          1,
          3,
          2,
          0,
          0,
          3
        ],
        [
          1,
          3,
          2,
          0,
          1,
          3
        ],
        [
          1,
          3,
          2,
          0,
          2,
          3
        ],
        [
          1,
          3,
          2,
          0,
          3,
          3
        ],
        [
          1,
          3,
          2,
          0,
          4,
          3
        ],
        [
          1,
          3,
          2,
          1,
          0,
          3
        ],
        [
          1,
          3,
          2,
          1,
          1,
          3
        ],
        [
          1,
          3,
          2,
          1,
          2,
          3
        ],
        [
          1,
          3,
          2,
          1,
          3,
          3
        ],
        [
          1,
          3,
          2,
          1,
          4,
          3
        ],
        [
          1,
          3,
          2,
          2,
          0,
          3
        ],
        [
          1,
          3,
          2,
          2,
          1,
          3
        ],
        [
          1,
          3,
          2,
          2,
          2,
          3
        ],
        [
          1,
          3,
          2,
          2,
          3,
          3
        ],
        [
          1,
          3,
          2,
          2,
          4,
          3
        ],
        [
          1,
          3,
          2,
          3,
          0,
          3
        ],
        [
          1,
          3,
          2,
          3,
          1,
          3
        ],
        [
          1,
          3,
          2,
          3,
          2,
          3
        ],
        [
          1,
          3,
          2,
          3,
          3,
          3
        ],
        [
          1,
          3,
          2,
          3,
          4,
          3
        ],
        [
          1,
          3,
          2,
          4,
          0,
          3
        ],
        [
          1,
          3,
          2,
          4,
          1,
          3
        ],
        [
          1,
          3,
          2,
          4,
          2,
          3
        ],
        [
          1,
          3,
          2,
          4,
          3,
          3
        ],
        [
          1,
          3,
          2,
          4,
          4,
          3
        ],
        [
          1,
          3,
          3,
          0,
          0,
          3
        ],
        [
          1,
          3,
          3,
          0,
          1,
          3
        ],
        [
          1,
          3,
          3,
          0,
          2,
          3
        ],
        [
          1,
          3,
          3,
          0,
          3,
          3
        ],
        [
          1,
          3,
          3,
          0,
          4,
          3
        ],
        [
          1,
          3,
          3,
          1,
          0,
          3
        ],
        [
          1,
          3,
          3,
          1,
          1,
          3
        ],
        [
          1,
          3,
          3,
          1,
          2,
          3
        ],
        [
          1,
          3,
          3,
          1,
          3,
          3
        ],
        [
          1,
          3,
          3,
          1,
          4,
          3
        ],
        [
          1,
          3,
          3,
          2,
          0,
          3
        ],
        [
          1,
          3,
          3,
          2,
          1,
          3
        ],
        [
          1,
          3,
          3,
          2,
          2,
          3
        ],
        [
          1,
          3,
          3,
          2,
          3,
          3
        ],
        [
          1,
          3,
          3,
          2,
          4,
          3
        ],
        [
          1,
          3,
          3,
          3,
          0,
          3
        ],
        [
          1,
          3,
          3,
          3,
          1,
          3
        ],
        [
          1,
          3,
          3,
          3,
          2,
          3
        ],
        [
          1,
          3,
          3,
          3,
          3,
          3
        ],
        [
          1,
          3,
          3,
          3,
          4,
          3
        ],
        [
          1,
          3,
          3,
          4,
          0,
          3
        ],
        [
          1,
          3,
          3,
          4,
          1,
          3
        ],
        [
          1,
          3,
          3,
          4,
          2,
          3
        ],
        [
          1,
          3,
          3,
          4,
          3,
          3
        ],
        [
          1,
          3,
          3,
          4,
          4,
          3
        ],
        [
          1,
          3,
          4,
          0,
          0,
          3
        ],
        [
          1,
          3,
          4,
          0,
          1,
          3
        ],
        [
          1,
          3,
          4,
          0,
          2,
          3
        ],
        [
          1,
          3,
          4,
          0,
          3,
          3
        ],
        [
          1,
          3,
          4,
          0,
          4,
          3
        ],
        [
          1,
          3,
          4,
          1,
          0,
          3
        ],
        [
          1,
          3,
          4,
          1,
          1,
          3
        ],
        [
          1,
          3,
          4,
          1,
          2,
          3
        ],
        [
          1,
          3,
          4,
          1,
          3,
          3
        ],
        [
          1,
          3,
          4,
          1,
          4,
          3
        ],
        [
          1,
          3,
          4,
          2,
          0,
          3
        ],
        [
          1,
          3,
          4,
          2,
          1,
          3
        ],
        [
          1,
          3,
          4,
          2,
          2,
          3
        ],
        [
          1,
          3,
          4,
          2,
          3,
          3
        ],
        [
          1,
          3,
          4,
          2,
          4,
          3
        ],
        [
          1,
          3,
          4,
          3,
          0,
          3
        ],
        [
          1,
          3,
          4,
          3,
          1,
          3
        ],
        [
          1,
          3,
          4,
          3,
          2,
          3
        ],
        [
          1,
          3,
          4,
          3,
          3,
          3
        ],
        [
          1,
          3,
          4,
          3,
          4,
          3
        ],
        [
          1,
          3,
          4,
          4,
          0,
          3
        ],
        [
          1,
          3,
          4,
          4,
          1,
          3
        ],
        [
          1,
          3,
          4,
          4,
          2,
          3
        ],
        [
          1,
          3,
          4,
          4,
          3,
          3
        ],
        [
          1,
          3,
          4,
          4,
          4,
          3
        ],
        [
          1,
          4,
          0,
          0,
          0,
          4
        ],
        [
          1,
          4,
          0,
          0,
          1,
          4
        ],
        [
          1,
          4,
          0,
          0,
          2,
          4
        ],
        [
          1,
          4,
          0,
          0,
          3,
          4
        ],
        [
          1,
          4,
          0,
          0,
          4,
          4
        ],
        [
          1,
          4,
          0,
          1,
          0,
          4
        ],
        [
          1,
          4,
          0,
          1,
          1,
          4
        ],
        [
          1,
          4,
          0,
          1,
          2,
          4
        ],
        [
          1,
          4,
          0,
          1,
          3,
          4
        ],
        [
          1,
          4,
          0,
          1,
          4,
          4
        ],
        [
          1,
          4,
          0,
          2,
          0,
          4
        ],
        [
          1,
          4,
          0,
          2,
          1,
          4
        ],
        [
          1,
          4,
          0,
          2,
          2,
          4
        ],
        [
          1,
          4,
          0,
          2,
          3,
          4
        ],
        [
          1,
          4,
          0,
          2,
          4,
          4
        ],
        [
          1,
          4,
          0,
          3,
          0,
          4
        ],
        [
          1,
          4,
          0,
          3,
          1,
          4
        ],
        [
          1,
          4,
          0,
          3,
          2,
          4
        ],
        [
          1,
          4,
          0,
          3,
          3,
          4
        ],
        [
          1,
          4,
          0,
          3,
          4,
          4
        ],
        [
          1,
          4,
          0,
          4,
          0,
          4
        ],
        [
          1,
          4,
          0,
          4,
          1,
          4
        ],
        [
          1,
          4,
          0,
          4,
          2,
          4
        ],
        [
          1,
          4,
          0,
          4,
          3,
          4
        ],
        [
          1,
          4,
          0,
          4,
          4,
          4
        ],
        [
          1,
          4,
          1,
          0,
          0,
          4
        ],
        [
          1,
          4,
          1,
          0,
          1,
          4
        ],
        [
          1,
          4,
          1,
          0,
          2,
          4
        ],
        [
          1,
          4,
          1,
          0,
          3,
          4
        ],
        [
          1,
          4,
          1,
          0,
          4,
          4
        ],
        [
          1,
          4,
          1,
          1,
          0,
          4
        ],
        [
          1,
          4,
          1,
          1,
          1,
          4
        ],
        [
          1,
          4,
          1,
          1,
          2,
          4
        ],
        [
          1,
          4,
          1,
          1,
          3,
          4
        ],
        [
          1,
          4,
          1,
          1,
          4,
          4
        ],
        [
          1,
          4,
          1,
          2,
          0,
          4
        ],
        [
          1,
          4,
          1,
          2,
          1,
          4
        ],
        [
          1,
          4,
          1,
          2,
          2,
          4
        ],
        [
          1,
          4,
          1,
          2,
          3,
          4
        ],
        [
          1,
          4,
          1,
          2,
          4,
          4
        ],
        [
          1,
          4,
          1,
          3,
          0,
          4
        ],
        [
          1,
          4,
          1,
          3,
          1,
          4
        ],
        [
          1,
          4,
          1,
          3,
          2,
          4
        ],
        [
          1,
          4,
          1,
          3,
          3,
          4
        ],
        [
          1,
          4,
          1,
          3,
          4,
          4
        ],
        [
          1,
          4,
          1,
          4,
          0,
          4
        ],
        [
          1,
          4,
          1,
          4,
          1,
          4
        ],
        [
          1,
          4,
          1,
          4,
          2,
          4
        ],
        [
          1,
          4,
          1,
          4,
          3,
          4
        ],
        [
          1,
          4,
          1,
          4,
          4,
          4
        ],
        [
          1,
          4,
          2,
          0,
          0,
          4
        ],
        [
          1,
          4,
          2,
          0,
          1,
          4
        ],
        [
          1,
          4,
          2,
          0,
          2,
          4
        ],
        [
          1,
          4,
          2,
          0,
          3,
          4
        ],
        [
          1,
          4,
          2,
          0,
          4,
          4
        ],
        [
          1,
          4,
          2,
          1,
          0,
          4
        ],
        [
          1,
          4,
          2,
          1,
          1,
          4
        ],
        [
          1,
          4,
          2,
          1,
          2,
          4
        ],
        [
          1,
          4,
          2,
          1,
          3,
          4
        ],
        [
          1,
          4,
          2,
          1,
          4,
          4
        ],
        [
          1,
          4,
          2,
          2,
          0,
          4
        ],
        [
          1,
          4,
          2,
          2,
          1,
          4
        ],
        [
          1,
          4,
          2,
          2,
          2,
          4
        ],
        [
          1,
          4,
          2,
          2,
          3,
          4
        ],
        [
          1,
          4,
          2,
          2,
          4,
          4
        ],
        [
          1,
          4,
          2,
          3,
          0,
          4
        ],
        [
          1,
          4,
          2,
          3,
          1,
          4
        ],
        [
          1,
          4,
          2,
          3,
          2,
          4
        ],
        [
          1,
          4,
          2,
          3,
          3,
          4
        ],
        [
          1,
          4,
          2,
          3,
          4,
          4
        ],
        [
          1,
          4,
          2,
          4,
          0,
          4
        ],
        [
          1,
          4,
          2,
          4,
          1,
          4
        ],
        [
          1,
          4,
          2,
          4,
          2,
          4
        ],
        [
          1,
          4,
          2,
          4,
          3,
          4
        ],
        [
          1,
          4,
          2,
          4,
          4,
          4
        ],
        [
          1,
          4,
          3,
          0,
          0,
          4
        ],
        [
          1,
          4,
          3,
          0,
          1,
          4
        ],
        [
          1,
          4,
          3,
          0,
          2,
          4
        ],
        [
          1,
          4,
          3,
          0,
          3,
          4
        ],
        [
          1,
          4,
          3,
          0,
          4,
          4
        ],
        [
          1,
          4,
          3,
          1,
          0,
          4
        ],
        [
          1,
          4,
          3,
          1,
          1,
          4
        ],
        [
          1,
          4,
          3,
          1,
          2,
          4
        ],
        [
          1,
          4,
          3,
          1,
          3,
          4
        ],
        [
          1,
          4,
          3,
          1,
          4,
          4
        ],
        [
          1,
          4,
          3,
          2,
          0,
          4
        ],
        [
          1,
          4,
          3,
          2,
          1,
          4
        ],
        [
          1,
          4,
          3,
          2,
          2,
          4
        ],
        [
          1,
          4,
          3,
          2,
          3,
          4
        ],
        [
          1,
          4,
          3,
          2,
          4,
          4
        ],
        [
          1,
          4,
          3,
          3,
          0,
          4
        ],
        [
          1,
          4,
          3,
          3,
          1,
          4
        ],
        [
          1,
          4,
          3,
          3,
          2,
          4
        ],
        [
          1,
          4,
          3,
          3,
          3,
          4
        ],
        [
          1,
          4,
          3,
          3,
          4,
          4
        ],
        [
          1,
          4,
          3,
          4,
          0,
          4
        ],
        [
          1,
          4,
          3,
          4,
          1,
          4
        ],
        [
          1,
          4,
          3,
          4,
          2,
          4
        ],
        [
          1,
          4,
          3,
          4,
          3,
          4
        ],
        [
          1,
          4,
          3,
          4,
          4,
          4
        ],
        [
          1,
          4,
          4,
          0,
          0,
          4
        ],
        [
          1,
          4,
          4,
          0,
          1,
          4
        ],
        [
          1,
          4,
          4,
          0,
          2,
          4
        ],
        [
          1,
          4,
          4,
          0,
          3,
          4
        ],
        [
          1,
          4,
          4,
          0,
          4,
          4
        ],
        [
          1,
          4,
          4,
          1,
          0,
          4
        ],
        [
          1,
          4,
          4,
          1,
          1,
          4
        ],
        [
          1,
          4,
          4,
          1,
          2,
          4
        ],
        [
          1,
          4,
          4,
          1,
          3,
          4
        ],
        [
          1,
          4,
          4,
          1,
          4,
          4
        ],
        [
          1,
          4,
          4,
          2,
          0,
          4
        ],
        [
          1,
          4,
          4,
          2,
          1,
          4
        ],
        [
          1,
          4,
          4,
          2,
          2,
          4
        ],
        [
          1,
          4,
          4,
          2,
          3,
          4
        ],
        [
          1,
          4,
          4,
          2,
          4,
          4
        ],
        [
          1,
          4,
          4,
          3,
          0,
          4
        ],
        [
          1,
          4,
          4,
          3,
          1,
          4
        ],
        [
          1,
          4,
          4,
          3,
          2,
          4
        ],
        [
          1,
          4,
          4,
          3,
          3,
          4
        ],
        [
          1,
          4,
          4,
          3,
          4,
          4
        ],
        [
          1,
          4,
          4,
          4,
          0,
          4
        ],
        [
          1,
          4,
          4,
          4,
          1,
          4
        ],
        [
          1,
          4,
          4,
          4,
          2,
          4
        ],
        [
          1,
          4,
          4,
          4,
          3,
          4
        ],
        [
          1,
          4,
          4,
          4,
          4,
          4
        ]
      ],
      "controls": {
        "ghost_image_size": 625,
        "uniform_nonzero_fibre": 5
      },
      "core": 625,
      "cycles_by_length": [
        [
          1,
          5
        ],
        [
          2,
          10
        ],
        [
          4,
          25
        ],
        [
          20,
          25
        ]
      ],
      "fibre_histogram": [
        [
          0,
          2500
        ],
        [
          5,
          625
        ]
      ],
      "height": 1,
      "height_histogram": [
        [
          0,
          625
        ],
        [
          1,
          2500
        ]
      ],
      "image": 625,
      "maximum_fibre": 5,
      "maximum_height_witness_orbit": [
        [
          1,
          0,
          0,
          0,
          0,
          1
        ],
        [
          1,
          0,
          0,
          0,
          0,
          0
        ]
      ],
      "parameters": {
        "m": 6,
        "p": 5
      },
      "states": 3125,
      "tag": "ELD",
      "transition_table_sha256": "c1f5b015673880152a3355d6e37d7ea5a6f0ee32d191b132c831f7bfe8ffca9e",
      "witness_cycle_entry": [
        1,
        0,
        0,
        0,
        0,
        0
      ]
    },
    {
      "all_maximizing_targets": [
        [
          1
        ]
      ],
      "controls": {
        "general_clock": "unproved",
        "n2_scalar_adapter": false
      },
      "core": 1,
      "cycles_by_length": [
        [
          1,
          1
        ]
      ],
      "fibre_histogram": [
        [
          0,
          1
        ],
        [
          2,
          1
        ]
      ],
      "height": 1,
      "height_histogram": [
        [
          0,
          1
        ],
        [
          1,
          1
        ]
      ],
      "image": 1,
      "maximum_fibre": 2,
      "maximum_height_witness_orbit": [
        [
          0
        ],
        [
          1
        ]
      ],
      "parameters": {
        "n": 1,
        "p": 2
      },
      "states": 2,
      "tag": "VDF",
      "transition_table_sha256": "e61b9f584dbe27741cef6e9ee440831d7d94470c0871b0871541f0308916efea",
      "witness_cycle_entry": [
        1
      ]
    },
    {
      "all_maximizing_targets": [
        [
          0,
          0
        ],
        [
          1,
          1
        ]
      ],
      "controls": {
        "general_clock": "unproved",
        "n2_scalar_adapter": true
      },
      "core": 1,
      "cycles_by_length": [
        [
          1,
          1
        ]
      ],
      "fibre_histogram": [
        [
          0,
          2
        ],
        [
          2,
          2
        ]
      ],
      "height": 2,
      "height_histogram": [
        [
          0,
          1
        ],
        [
          1,
          1
        ],
        [
          2,
          2
        ]
      ],
      "image": 2,
      "maximum_fibre": 2,
      "maximum_height_witness_orbit": [
        [
          0,
          1
        ],
        [
          1,
          1
        ],
        [
          0,
          0
        ]
      ],
      "parameters": {
        "n": 2,
        "p": 2
      },
      "states": 4,
      "tag": "VDF",
      "transition_table_sha256": "806626a66525f758f6226d96bf057bff5044f91730f9f0b2e1fb5a1790df8b0d",
      "witness_cycle_entry": [
        0,
        0
      ]
    },
    {
      "all_maximizing_targets": [
        [
          0,
          0,
          0
        ],
        [
          0,
          0,
          1
        ],
        [
          0,
          1,
          0
        ],
        [
          1,
          0,
          0
        ]
      ],
      "controls": {
        "general_clock": "unproved",
        "n2_scalar_adapter": false
      },
      "core": 4,
      "cycles_by_length": [
        [
          1,
          4
        ]
      ],
      "fibre_histogram": [
        [
          0,
          4
        ],
        [
          2,
          4
        ]
      ],
      "height": 1,
      "height_histogram": [
        [
          0,
          4
        ],
        [
          1,
          4
        ]
      ],
      "image": 4,
      "maximum_fibre": 2,
      "maximum_height_witness_orbit": [
        [
          0,
          1,
          1
        ],
        [
          1,
          0,
          0
        ]
      ],
      "parameters": {
        "n": 3,
        "p": 2
      },
      "states": 8,
      "tag": "VDF",
      "transition_table_sha256": "00748ba3dadb4ac94093b602f02390068da754b06a4a5af0385c55e1a8dd04d1",
      "witness_cycle_entry": [
        1,
        0,
        0
      ]
    },
    {
      "all_maximizing_targets": [
        [
          0,
          0,
          0,
          0
        ]
      ],
      "controls": {
        "general_clock": "unproved",
        "n2_scalar_adapter": false
      },
      "core": 5,
      "cycles_by_length": [
        [
          1,
          5
        ]
      ],
      "fibre_histogram": [
        [
          0,
          11
        ],
        [
          2,
          4
        ],
        [
          8,
          1
        ]
      ],
      "height": 1,
      "height_histogram": [
        [
          0,
          5
        ],
        [
          1,
          11
        ]
      ],
      "image": 5,
      "maximum_fibre": 8,
      "maximum_height_witness_orbit": [
        [
          0,
          0,
          1,
          1
        ],
        [
          0,
          0,
          0,
          0
        ]
      ],
      "parameters": {
        "n": 4,
        "p": 2
      },
      "states": 16,
      "tag": "VDF",
      "transition_table_sha256": "0e132ae91f69fd97016535c2cebe72a140ee8d6663c22c9e3701142452ae875f",
      "witness_cycle_entry": [
        0,
        0,
        0,
        0
      ]
    },
    {
      "all_maximizing_targets": [
        [
          1
        ]
      ],
      "controls": {
        "general_clock": "unproved",
        "n2_scalar_adapter": false
      },
      "core": 1,
      "cycles_by_length": [
        [
          1,
          1
        ]
      ],
      "fibre_histogram": [
        [
          0,
          2
        ],
        [
          3,
          1
        ]
      ],
      "height": 1,
      "height_histogram": [
        [
          0,
          1
        ],
        [
          1,
          2
        ]
      ],
      "image": 1,
      "maximum_fibre": 3,
      "maximum_height_witness_orbit": [
        [
          0
        ],
        [
          1
        ]
      ],
      "parameters": {
        "n": 1,
        "p": 3
      },
      "states": 3,
      "tag": "VDF",
      "transition_table_sha256": "9e07ab64261fb6803c6572f7b5c3098ea68fb45873128af820d42a2262eb900b",
      "witness_cycle_entry": [
        1
      ]
    },
    {
      "all_maximizing_targets": [
        [
          0,
          0
        ],
        [
          1,
          2
        ],
        [
          2,
          1
        ]
      ],
      "controls": {
        "general_clock": "unproved",
        "n2_scalar_adapter": true
      },
      "core": 3,
      "cycles_by_length": [
        [
          1,
          1
        ],
        [
          2,
          1
        ]
      ],
      "fibre_histogram": [
        [
          0,
          6
        ],
        [
          3,
          3
        ]
      ],
      "height": 1,
      "height_histogram": [
        [
          0,
          3
        ],
        [
          1,
          6
        ]
      ],
      "image": 3,
      "maximum_fibre": 3,
      "maximum_height_witness_orbit": [
        [
          0,
          1
        ],
        [
          2,
          1
        ],
        [
          1,
          2
        ]
      ],
      "parameters": {
        "n": 2,
        "p": 3
      },
      "states": 9,
      "tag": "VDF",
      "transition_table_sha256": "a52209ad4705b1dfafd78b4cda6702b0ea1de4447ce6f1fb64d858f32000c3e9",
      "witness_cycle_entry": [
        2,
        1
      ]
    },
    {
      "all_maximizing_targets": [
        [
          0,
          0,
          1
        ],
        [
          0,
          1,
          0
        ],
        [
          1,
          0,
          0
        ],
        [
          2,
          2,
          2
        ]
      ],
      "controls": {
        "general_clock": "unproved",
        "n2_scalar_adapter": false
      },
      "core": 4,
      "cycles_by_length": [
        [
          1,
          4
        ]
      ],
      "fibre_histogram": [
        [
          0,
          22
        ],
        [
          3,
          1
        ],
        [
          6,
          4
        ]
      ],
      "height": 2,
      "height_histogram": [
        [
          0,
          4
        ],
        [
          1,
          17
        ],
        [
          2,
          6
        ]
      ],
      "image": 5,
      "maximum_fibre": 6,
      "maximum_height_witness_orbit": [
        [
          0,
          1,
          2
        ],
        [
          2,
          2,
          2
        ],
        [
          0,
          0,
          0
        ]
      ],
      "parameters": {
        "n": 3,
        "p": 3
      },
      "states": 27,
      "tag": "VDF",
      "transition_table_sha256": "5dd92e8060e74c01a8d06f78cb1b26a2c5f0eb089d91bfe2c47cb6688472d45a",
      "witness_cycle_entry": [
        0,
        0,
        0
      ]
    },
    {
      "all_maximizing_targets": [
        [
          0,
          0,
          0,
          0
        ]
      ],
      "controls": {
        "general_clock": "unproved",
        "n2_scalar_adapter": false
      },
      "core": 21,
      "cycles_by_length": [
        [
          1,
          9
        ],
        [
          2,
          6
        ]
      ],
      "fibre_histogram": [
        [
          0,
          60
        ],
        [
          3,
          20
        ],
        [
          21,
          1
        ]
      ],
      "height": 1,
      "height_histogram": [
        [
          0,
          21
        ],
        [
          1,
          60
        ]
      ],
      "image": 21,
      "maximum_fibre": 21,
      "maximum_height_witness_orbit": [
        [
          0,
          0,
          1,
          1
        ],
        [
          0,
          0,
          0,
          0
        ]
      ],
      "parameters": {
        "n": 4,
        "p": 3
      },
      "states": 81,
      "tag": "VDF",
      "transition_table_sha256": "128c7d9a98c4a4181335be07e435559bfdfb744532945002552dfe65710254ac",
      "witness_cycle_entry": [
        0,
        0,
        0,
        0
      ]
    },
    {
      "all_maximizing_targets": [
        [
          1
        ]
      ],
      "controls": {
        "general_clock": "unproved",
        "n2_scalar_adapter": false
      },
      "core": 1,
      "cycles_by_length": [
        [
          1,
          1
        ]
      ],
      "fibre_histogram": [
        [
          0,
          4
        ],
        [
          5,
          1
        ]
      ],
      "height": 1,
      "height_histogram": [
        [
          0,
          1
        ],
        [
          1,
          4
        ]
      ],
      "image": 1,
      "maximum_fibre": 5,
      "maximum_height_witness_orbit": [
        [
          0
        ],
        [
          1
        ]
      ],
      "parameters": {
        "n": 1,
        "p": 5
      },
      "states": 5,
      "tag": "VDF",
      "transition_table_sha256": "cc4da5498be93ad25b8e364e679352ce9e067127c2afb1adf21702b42f2f8794",
      "witness_cycle_entry": [
        1
      ]
    },
    {
      "all_maximizing_targets": [
        [
          0,
          0
        ],
        [
          1,
          4
        ],
        [
          2,
          3
        ],
        [
          3,
          2
        ],
        [
          4,
          1
        ]
      ],
      "controls": {
        "general_clock": "unproved",
        "n2_scalar_adapter": true
      },
      "core": 5,
      "cycles_by_length": [
        [
          1,
          1
        ],
        [
          4,
          1
        ]
      ],
      "fibre_histogram": [
        [
          0,
          20
        ],
        [
          5,
          5
        ]
      ],
      "height": 1,
      "height_histogram": [
        [
          0,
          5
        ],
        [
          1,
          20
        ]
      ],
      "image": 5,
      "maximum_fibre": 5,
      "maximum_height_witness_orbit": [
        [
          0,
          1
        ],
        [
          4,
          1
        ],
        [
          3,
          2
        ],
        [
          1,
          4
        ],
        [
          2,
          3
        ]
      ],
      "parameters": {
        "n": 2,
        "p": 5
      },
      "states": 25,
      "tag": "VDF",
      "transition_table_sha256": "9ca1eab3e5c76cfbec20277438d673daf8df1ee16c19aa73ab34aa9d48c54e34",
      "witness_cycle_entry": [
        4,
        1
      ]
    },
    {
      "all_maximizing_targets": [
        [
          0,
          0,
          1
        ],
        [
          0,
          0,
          4
        ],
        [
          0,
          1,
          0
        ],
        [
          0,
          4,
          0
        ],
        [
          1,
          0,
          0
        ],
        [
          1,
          3,
          3
        ],
        [
          2,
          2,
          4
        ],
        [
          2,
          4,
          2
        ],
        [
          3,
          1,
          3
        ],
        [
          3,
          3,
          1
        ],
        [
          4,
          0,
          0
        ],
        [
          4,
          2,
          2
        ]
      ],
      "controls": {
        "general_clock": "unproved",
        "n2_scalar_adapter": false
      },
      "core": 4,
      "cycles_by_length": [
        [
          1,
          4
        ]
      ],
      "fibre_histogram": [
        [
          0,
          112
        ],
        [
          5,
          1
        ],
        [
          10,
          12
        ]
      ],
      "height": 3,
      "height_histogram": [
        [
          0,
          4
        ],
        [
          1,
          31
        ],
        [
          2,
          30
        ],
        [
          3,
          60
        ]
      ],
      "image": 13,
      "maximum_fibre": 10,
      "maximum_height_witness_orbit": [
        [
          0,
          1,
          2
        ],
        [
          2,
          4,
          2
        ],
        [
          0,
          4,
          0
        ],
        [
          0,
          1,
          0
        ]
      ],
      "parameters": {
        "n": 3,
        "p": 5
      },
      "states": 125,
      "tag": "VDF",
      "transition_table_sha256": "3dd4d2c2ab9ba91753e775cf2d814b4255bb921bb2a96e60ce51b26eb18a0f50",
      "witness_cycle_entry": [
        0,
        1,
        0
      ]
    },
    {
      "all_maximizing_targets": [
        [
          0,
          0,
          0,
          0
        ]
      ],
      "controls": {
        "general_clock": "unproved",
        "n2_scalar_adapter": false
      },
      "core": 65,
      "cycles_by_length": [
        [
          1,
          9
        ],
        [
          2,
          28
        ]
      ],
      "fibre_histogram": [
        [
          0,
          536
        ],
        [
          5,
          64
        ],
        [
          10,
          24
        ],
        [
          65,
          1
        ]
      ],
      "height": 2,
      "height_histogram": [
        [
          0,
          65
        ],
        [
          1,
          320
        ],
        [
          2,
          240
        ]
      ],
      "image": 89,
      "maximum_fibre": 65,
      "maximum_height_witness_orbit": [
        [
          0,
          0,
          1,
          2
        ],
        [
          0,
          0,
          4,
          4
        ],
        [
          0,
          0,
          0,
          0
        ]
      ],
      "parameters": {
        "n": 4,
        "p": 5
      },
      "states": 625,
      "tag": "VDF",
      "transition_table_sha256": "29164b82b30d744459672a8653ca81fe92ca331184a3b8e2ca15aa4b22fdf302",
      "witness_cycle_entry": [
        0,
        0,
        0,
        0
      ]
    },
    {
      "all_maximizing_targets": [
        [
          1
        ]
      ],
      "controls": {
        "general_clock": "unproved",
        "n2_scalar_adapter": false
      },
      "core": 1,
      "cycles_by_length": [
        [
          1,
          1
        ]
      ],
      "fibre_histogram": [
        [
          0,
          6
        ],
        [
          7,
          1
        ]
      ],
      "height": 1,
      "height_histogram": [
        [
          0,
          1
        ],
        [
          1,
          6
        ]
      ],
      "image": 1,
      "maximum_fibre": 7,
      "maximum_height_witness_orbit": [
        [
          0
        ],
        [
          1
        ]
      ],
      "parameters": {
        "n": 1,
        "p": 7
      },
      "states": 7,
      "tag": "VDF",
      "transition_table_sha256": "888594ece28e5e9a6bac991af04bfbfcdb2f32d3f40b9b149f6804e25ac665ad",
      "witness_cycle_entry": [
        1
      ]
    },
    {
      "all_maximizing_targets": [
        [
          0,
          0
        ],
        [
          1,
          6
        ],
        [
          2,
          5
        ],
        [
          3,
          4
        ],
        [
          4,
          3
        ],
        [
          5,
          2
        ],
        [
          6,
          1
        ]
      ],
      "controls": {
        "general_clock": "unproved",
        "n2_scalar_adapter": true
      },
      "core": 7,
      "cycles_by_length": [
        [
          1,
          1
        ],
        [
          3,
          2
        ]
      ],
      "fibre_histogram": [
        [
          0,
          42
        ],
        [
          7,
          7
        ]
      ],
      "height": 1,
      "height_histogram": [
        [
          0,
          7
        ],
        [
          1,
          42
        ]
      ],
      "image": 7,
      "maximum_fibre": 7,
      "maximum_height_witness_orbit": [
        [
          0,
          1
        ],
        [
          6,
          1
        ],
        [
          5,
          2
        ],
        [
          3,
          4
        ]
      ],
      "parameters": {
        "n": 2,
        "p": 7
      },
      "states": 49,
      "tag": "VDF",
      "transition_table_sha256": "7f7e2ed6a57c1630335d0ede04fbbdd9a5cf2658c18a5e0d9725ff35e6a23030",
      "witness_cycle_entry": [
        6,
        1
      ]
    },
    {
      "all_maximizing_targets": [
        [
          0,
          0,
          1
        ],
        [
          0,
          0,
          2
        ],
        [
          0,
          0,
          4
        ],
        [
          0,
          1,
          0
        ],
        [
          0,
          2,
          0
        ],
        [
          0,
          4,
          0
        ],
        [
          1,
          0,
          0
        ],
        [
          1,
          1,
          3
        ],
        [
          1,
          3,
          1
        ],
        [
          2,
          0,
          0
        ],
        [
          2,
          2,
          6
        ],
        [
          2,
          6,
          2
        ],
        [
          3,
          1,
          1
        ],
        [
          3,
          5,
          6
        ],
        [
          3,
          6,
          5
        ],
        [
          4,
          0,
          0
        ],
        [
          4,
          4,
          5
        ],
        [
          4,
          5,
          4
        ],
        [
          5,
          3,
          6
        ],
        [
          5,
          4,
          4
        ],
        [
          5,
          6,
          3
        ],
        [
          6,
          2,
          2
        ],
        [
          6,
          3,
          5
        ],
        [
          6,
          5,
          3
        ]
      ],
      "controls": {
        "general_clock": "unproved",
        "n2_scalar_adapter": false
      },
      "core": 16,
      "cycles_by_length": [
        [
          1,
          4
        ],
        [
          2,
          6
        ]
      ],
      "fibre_histogram": [
        [
          0,
          318
        ],
        [
          7,
          1
        ],
        [
          14,
          24
        ]
      ],
      "height": 2,
      "height_histogram": [
        [
          0,
          16
        ],
        [
          1,
          201
        ],
        [
          2,
          126
        ]
      ],
      "image": 25,
      "maximum_fibre": 14,
      "maximum_height_witness_orbit": [
        [
          0,
          1,
          2
        ],
        [
          2,
          6,
          2
        ],
        [
          0,
          2,
          0
        ],
        [
          0,
          4,
          0
        ]
      ],
      "parameters": {
        "n": 3,
        "p": 7
      },
      "states": 343,
      "tag": "VDF",
      "transition_table_sha256": "53843a750747f23224b84cf6a91b76363844eb836445ccf7af9d2a28e130c7f3",
      "witness_cycle_entry": [
        0,
        2,
        0
      ]
    },
    {
      "all_maximizing_targets": [
        [
          0,
          0,
          0,
          0
        ]
      ],
      "controls": {
        "general_clock": "unproved",
        "n2_scalar_adapter": false
      },
      "core": 69,
      "cycles_by_length": [
        [
          1,
          21
        ],
        [
          2,
          24
        ]
      ],
      "fibre_histogram": [
        [
          0,
          2300
        ],
        [
          21,
          92
        ],
        [
          42,
          8
        ],
        [
          133,
          1
        ]
      ],
      "height": 2,
      "height_histogram": [
        [
          0,
          69
        ],
        [
          1,
          1492
        ],
        [
          2,
          840
        ]
      ],
      "image": 101,
      "maximum_fibre": 133,
      "maximum_height_witness_orbit": [
        [
          0,
          0,
          1,
          2
        ],
        [
          0,
          0,
          6,
          4
        ],
        [
          0,
          0,
          2,
          3
        ],
        [
          0,
          0,
          3,
          2
        ]
      ],
      "parameters": {
        "n": 4,
        "p": 7
      },
      "states": 2401,
      "tag": "VDF",
      "transition_table_sha256": "ce9318edeb2ef11458e0964ad2446f3371a5e3c7734f7fde01f4dd4025500df0",
      "witness_cycle_entry": [
        0,
        0,
        2,
        3
      ]
    },
    {
      "all_maximizing_targets": [
        [
          1
        ]
      ],
      "core": 1,
      "cycles_by_length": [
        [
          1,
          1
        ]
      ],
      "fibre_histogram": [
        [
          1,
          1
        ]
      ],
      "height": 0,
      "height_histogram": [
        [
          0,
          1
        ]
      ],
      "image": 1,
      "maximum_fibre": 1,
      "maximum_height_witness_orbit": [
        [
          1
        ]
      ],
      "parameters": {
        "N": 1,
        "n": 1
      },
      "states": 1,
      "tag": "RHA",
      "transition_table_sha256": "d0bca111f8628137adc4c16f123496dcdd1d590d06cb5d9acd68b39fe656fb97",
      "witness_cycle_entry": [
        1
      ]
    },
    {
      "all_maximizing_targets": [
        [
          2
        ]
      ],
      "core": 1,
      "cycles_by_length": [
        [
          1,
          1
        ]
      ],
      "fibre_histogram": [
        [
          1,
          1
        ]
      ],
      "height": 0,
      "height_histogram": [
        [
          0,
          1
        ]
      ],
      "image": 1,
      "maximum_fibre": 1,
      "maximum_height_witness_orbit": [
        [
          2
        ]
      ],
      "parameters": {
        "N": 2,
        "n": 1
      },
      "states": 1,
      "tag": "RHA",
      "transition_table_sha256": "d0bca111f8628137adc4c16f123496dcdd1d590d06cb5d9acd68b39fe656fb97",
      "witness_cycle_entry": [
        2
      ]
    },
    {
      "all_maximizing_targets": [
        [
          3
        ]
      ],
      "core": 1,
      "cycles_by_length": [
        [
          1,
          1
        ]
      ],
      "fibre_histogram": [
        [
          1,
          1
        ]
      ],
      "height": 0,
      "height_histogram": [
        [
          0,
          1
        ]
      ],
      "image": 1,
      "maximum_fibre": 1,
      "maximum_height_witness_orbit": [
        [
          3
        ]
      ],
      "parameters": {
        "N": 3,
        "n": 1
      },
      "states": 1,
      "tag": "RHA",
      "transition_table_sha256": "d0bca111f8628137adc4c16f123496dcdd1d590d06cb5d9acd68b39fe656fb97",
      "witness_cycle_entry": [
        3
      ]
    },
    {
      "all_maximizing_targets": [
        [
          4
        ]
      ],
      "core": 1,
      "cycles_by_length": [
        [
          1,
          1
        ]
      ],
      "fibre_histogram": [
        [
          1,
          1
        ]
      ],
      "height": 0,
      "height_histogram": [
        [
          0,
          1
        ]
      ],
      "image": 1,
      "maximum_fibre": 1,
      "maximum_height_witness_orbit": [
        [
          4
        ]
      ],
      "parameters": {
        "N": 4,
        "n": 1
      },
      "states": 1,
      "tag": "RHA",
      "transition_table_sha256": "d0bca111f8628137adc4c16f123496dcdd1d590d06cb5d9acd68b39fe656fb97",
      "witness_cycle_entry": [
        4
      ]
    },
    {
      "all_maximizing_targets": [
        [
          5
        ]
      ],
      "core": 1,
      "cycles_by_length": [
        [
          1,
          1
        ]
      ],
      "fibre_histogram": [
        [
          1,
          1
        ]
      ],
      "height": 0,
      "height_histogram": [
        [
          0,
          1
        ]
      ],
      "image": 1,
      "maximum_fibre": 1,
      "maximum_height_witness_orbit": [
        [
          5
        ]
      ],
      "parameters": {
        "N": 5,
        "n": 1
      },
      "states": 1,
      "tag": "RHA",
      "transition_table_sha256": "d0bca111f8628137adc4c16f123496dcdd1d590d06cb5d9acd68b39fe656fb97",
      "witness_cycle_entry": [
        5
      ]
    },
    {
      "all_maximizing_targets": [
        [
          6
        ]
      ],
      "core": 1,
      "cycles_by_length": [
        [
          1,
          1
        ]
      ],
      "fibre_histogram": [
        [
          1,
          1
        ]
      ],
      "height": 0,
      "height_histogram": [
        [
          0,
          1
        ]
      ],
      "image": 1,
      "maximum_fibre": 1,
      "maximum_height_witness_orbit": [
        [
          6
        ]
      ],
      "parameters": {
        "N": 6,
        "n": 1
      },
      "states": 1,
      "tag": "RHA",
      "transition_table_sha256": "d0bca111f8628137adc4c16f123496dcdd1d590d06cb5d9acd68b39fe656fb97",
      "witness_cycle_entry": [
        6
      ]
    },
    {
      "all_maximizing_targets": [
        [
          7
        ]
      ],
      "core": 1,
      "cycles_by_length": [
        [
          1,
          1
        ]
      ],
      "fibre_histogram": [
        [
          1,
          1
        ]
      ],
      "height": 0,
      "height_histogram": [
        [
          0,
          1
        ]
      ],
      "image": 1,
      "maximum_fibre": 1,
      "maximum_height_witness_orbit": [
        [
          7
        ]
      ],
      "parameters": {
        "N": 7,
        "n": 1
      },
      "states": 1,
      "tag": "RHA",
      "transition_table_sha256": "d0bca111f8628137adc4c16f123496dcdd1d590d06cb5d9acd68b39fe656fb97",
      "witness_cycle_entry": [
        7
      ]
    },
    {
      "all_maximizing_targets": [
        [
          8
        ]
      ],
      "core": 1,
      "cycles_by_length": [
        [
          1,
          1
        ]
      ],
      "fibre_histogram": [
        [
          1,
          1
        ]
      ],
      "height": 0,
      "height_histogram": [
        [
          0,
          1
        ]
      ],
      "image": 1,
      "maximum_fibre": 1,
      "maximum_height_witness_orbit": [
        [
          8
        ]
      ],
      "parameters": {
        "N": 8,
        "n": 1
      },
      "states": 1,
      "tag": "RHA",
      "transition_table_sha256": "d0bca111f8628137adc4c16f123496dcdd1d590d06cb5d9acd68b39fe656fb97",
      "witness_cycle_entry": [
        8
      ]
    },
    {
      "all_maximizing_targets": [
        [
          9
        ]
      ],
      "core": 1,
      "cycles_by_length": [
        [
          1,
          1
        ]
      ],
      "fibre_histogram": [
        [
          1,
          1
        ]
      ],
      "height": 0,
      "height_histogram": [
        [
          0,
          1
        ]
      ],
      "image": 1,
      "maximum_fibre": 1,
      "maximum_height_witness_orbit": [
        [
          9
        ]
      ],
      "parameters": {
        "N": 9,
        "n": 1
      },
      "states": 1,
      "tag": "RHA",
      "transition_table_sha256": "d0bca111f8628137adc4c16f123496dcdd1d590d06cb5d9acd68b39fe656fb97",
      "witness_cycle_entry": [
        9
      ]
    },
    {
      "all_maximizing_targets": [
        [
          10
        ]
      ],
      "core": 1,
      "cycles_by_length": [
        [
          1,
          1
        ]
      ],
      "fibre_histogram": [
        [
          1,
          1
        ]
      ],
      "height": 0,
      "height_histogram": [
        [
          0,
          1
        ]
      ],
      "image": 1,
      "maximum_fibre": 1,
      "maximum_height_witness_orbit": [
        [
          10
        ]
      ],
      "parameters": {
        "N": 10,
        "n": 1
      },
      "states": 1,
      "tag": "RHA",
      "transition_table_sha256": "d0bca111f8628137adc4c16f123496dcdd1d590d06cb5d9acd68b39fe656fb97",
      "witness_cycle_entry": [
        10
      ]
    },
    {
      "all_maximizing_targets": [
        [
          11
        ]
      ],
      "core": 1,
      "cycles_by_length": [
        [
          1,
          1
        ]
      ],
      "fibre_histogram": [
        [
          1,
          1
        ]
      ],
      "height": 0,
      "height_histogram": [
        [
          0,
          1
        ]
      ],
      "image": 1,
      "maximum_fibre": 1,
      "maximum_height_witness_orbit": [
        [
          11
        ]
      ],
      "parameters": {
        "N": 11,
        "n": 1
      },
      "states": 1,
      "tag": "RHA",
      "transition_table_sha256": "d0bca111f8628137adc4c16f123496dcdd1d590d06cb5d9acd68b39fe656fb97",
      "witness_cycle_entry": [
        11
      ]
    },
    {
      "all_maximizing_targets": [
        [
          12
        ]
      ],
      "core": 1,
      "cycles_by_length": [
        [
          1,
          1
        ]
      ],
      "fibre_histogram": [
        [
          1,
          1
        ]
      ],
      "height": 0,
      "height_histogram": [
        [
          0,
          1
        ]
      ],
      "image": 1,
      "maximum_fibre": 1,
      "maximum_height_witness_orbit": [
        [
          12
        ]
      ],
      "parameters": {
        "N": 12,
        "n": 1
      },
      "states": 1,
      "tag": "RHA",
      "transition_table_sha256": "d0bca111f8628137adc4c16f123496dcdd1d590d06cb5d9acd68b39fe656fb97",
      "witness_cycle_entry": [
        12
      ]
    },
    {
      "all_maximizing_targets": [
        [
          13
        ]
      ],
      "core": 1,
      "cycles_by_length": [
        [
          1,
          1
        ]
      ],
      "fibre_histogram": [
        [
          1,
          1
        ]
      ],
      "height": 0,
      "height_histogram": [
        [
          0,
          1
        ]
      ],
      "image": 1,
      "maximum_fibre": 1,
      "maximum_height_witness_orbit": [
        [
          13
        ]
      ],
      "parameters": {
        "N": 13,
        "n": 1
      },
      "states": 1,
      "tag": "RHA",
      "transition_table_sha256": "d0bca111f8628137adc4c16f123496dcdd1d590d06cb5d9acd68b39fe656fb97",
      "witness_cycle_entry": [
        13
      ]
    },
    {
      "all_maximizing_targets": [
        [
          14
        ]
      ],
      "core": 1,
      "cycles_by_length": [
        [
          1,
          1
        ]
      ],
      "fibre_histogram": [
        [
          1,
          1
        ]
      ],
      "height": 0,
      "height_histogram": [
        [
          0,
          1
        ]
      ],
      "image": 1,
      "maximum_fibre": 1,
      "maximum_height_witness_orbit": [
        [
          14
        ]
      ],
      "parameters": {
        "N": 14,
        "n": 1
      },
      "states": 1,
      "tag": "RHA",
      "transition_table_sha256": "d0bca111f8628137adc4c16f123496dcdd1d590d06cb5d9acd68b39fe656fb97",
      "witness_cycle_entry": [
        14
      ]
    },
    {
      "all_maximizing_targets": [
        [
          15
        ]
      ],
      "core": 1,
      "cycles_by_length": [
        [
          1,
          1
        ]
      ],
      "fibre_histogram": [
        [
          1,
          1
        ]
      ],
      "height": 0,
      "height_histogram": [
        [
          0,
          1
        ]
      ],
      "image": 1,
      "maximum_fibre": 1,
      "maximum_height_witness_orbit": [
        [
          15
        ]
      ],
      "parameters": {
        "N": 15,
        "n": 1
      },
      "states": 1,
      "tag": "RHA",
      "transition_table_sha256": "d0bca111f8628137adc4c16f123496dcdd1d590d06cb5d9acd68b39fe656fb97",
      "witness_cycle_entry": [
        15
      ]
    },
    {
      "all_maximizing_targets": [
        [
          16
        ]
      ],
      "core": 1,
      "cycles_by_length": [
        [
          1,
          1
        ]
      ],
      "fibre_histogram": [
        [
          1,
          1
        ]
      ],
      "height": 0,
      "height_histogram": [
        [
          0,
          1
        ]
      ],
      "image": 1,
      "maximum_fibre": 1,
      "maximum_height_witness_orbit": [
        [
          16
        ]
      ],
      "parameters": {
        "N": 16,
        "n": 1
      },
      "states": 1,
      "tag": "RHA",
      "transition_table_sha256": "d0bca111f8628137adc4c16f123496dcdd1d590d06cb5d9acd68b39fe656fb97",
      "witness_cycle_entry": [
        16
      ]
    },
    {
      "all_maximizing_targets": [
        [
          17
        ]
      ],
      "core": 1,
      "cycles_by_length": [
        [
          1,
          1
        ]
      ],
      "fibre_histogram": [
        [
          1,
          1
        ]
      ],
      "height": 0,
      "height_histogram": [
        [
          0,
          1
        ]
      ],
      "image": 1,
      "maximum_fibre": 1,
      "maximum_height_witness_orbit": [
        [
          17
        ]
      ],
      "parameters": {
        "N": 17,
        "n": 1
      },
      "states": 1,
      "tag": "RHA",
      "transition_table_sha256": "d0bca111f8628137adc4c16f123496dcdd1d590d06cb5d9acd68b39fe656fb97",
      "witness_cycle_entry": [
        17
      ]
    },
    {
      "all_maximizing_targets": [
        [
          18
        ]
      ],
      "core": 1,
      "cycles_by_length": [
        [
          1,
          1
        ]
      ],
      "fibre_histogram": [
        [
          1,
          1
        ]
      ],
      "height": 0,
      "height_histogram": [
        [
          0,
          1
        ]
      ],
      "image": 1,
      "maximum_fibre": 1,
      "maximum_height_witness_orbit": [
        [
          18
        ]
      ],
      "parameters": {
        "N": 18,
        "n": 1
      },
      "states": 1,
      "tag": "RHA",
      "transition_table_sha256": "d0bca111f8628137adc4c16f123496dcdd1d590d06cb5d9acd68b39fe656fb97",
      "witness_cycle_entry": [
        18
      ]
    },
    {
      "all_maximizing_targets": [
        [
          1,
          1
        ]
      ],
      "core": 1,
      "cycles_by_length": [
        [
          1,
          1
        ]
      ],
      "fibre_histogram": [
        [
          1,
          1
        ]
      ],
      "height": 0,
      "height_histogram": [
        [
          0,
          1
        ]
      ],
      "image": 1,
      "maximum_fibre": 1,
      "maximum_height_witness_orbit": [
        [
          1,
          1
        ]
      ],
      "parameters": {
        "N": 2,
        "n": 2
      },
      "states": 1,
      "tag": "RHA",
      "transition_table_sha256": "d0bca111f8628137adc4c16f123496dcdd1d590d06cb5d9acd68b39fe656fb97",
      "witness_cycle_entry": [
        1,
        1
      ]
    },
    {
      "all_maximizing_targets": [
        [
          1,
          2
        ],
        [
          2,
          1
        ]
      ],
      "core": 2,
      "cycles_by_length": [
        [
          2,
          1
        ]
      ],
      "fibre_histogram": [
        [
          1,
          2
        ]
      ],
      "height": 0,
      "height_histogram": [
        [
          0,
          2
        ]
      ],
      "image": 2,
      "maximum_fibre": 1,
      "maximum_height_witness_orbit": [
        [
          1,
          2
        ],
        [
          2,
          1
        ]
      ],
      "parameters": {
        "N": 3,
        "n": 2
      },
      "states": 2,
      "tag": "RHA",
      "transition_table_sha256": "5aaf1e183f1faf12c327dc2fb8c223022f04684c61fc34533bff62e7e572c776",
      "witness_cycle_entry": [
        1,
        2
      ]
    },
    {
      "all_maximizing_targets": [
        [
          2,
          2
        ]
      ],
      "core": 1,
      "cycles_by_length": [
        [
          1,
          1
        ]
      ],
      "fibre_histogram": [
        [
          0,
          1
        ],
        [
          1,
          1
        ],
        [
          2,
          1
        ]
      ],
      "height": 2,
      "height_histogram": [
        [
          0,
          1
        ],
        [
          1,
          1
        ],
        [
          2,
          1
        ]
      ],
      "image": 2,
      "maximum_fibre": 2,
      "maximum_height_witness_orbit": [
        [
          1,
          3
        ],
        [
          3,
          1
        ],
        [
          2,
          2
        ]
      ],
      "parameters": {
        "N": 4,
        "n": 2
      },
      "states": 3,
      "tag": "RHA",
      "transition_table_sha256": "a0e0a8e84c67804a7ae573f2220dff98b6b70399a560ec8f39040e378cd86f1b",
      "witness_cycle_entry": [
        2,
        2
      ]
    },
    {
      "all_maximizing_targets": [
        [
          2,
          3
        ],
        [
          3,
          2
        ]
      ],
      "core": 2,
      "cycles_by_length": [
        [
          2,
          1
        ]
      ],
      "fibre_histogram": [
        [
          0,
          2
        ],
        [
          2,
          2
        ]
      ],
      "height": 1,
      "height_histogram": [
        [
          0,
          2
        ],
        [
          1,
          2
        ]
      ],
      "image": 2,
      "maximum_fibre": 2,
      "maximum_height_witness_orbit": [
        [
          1,
          4
        ],
        [
          3,
          2
        ],
        [
          2,
          3
        ]
      ],
      "parameters": {
        "N": 5,
        "n": 2
      },
      "states": 4,
      "tag": "RHA",
      "transition_table_sha256": "adfcb2c098ae47132286cf053b65a0e7f08d2104ce814df4b1d9e0f03fae350c",
      "witness_cycle_entry": [
        3,
        2
      ]
    },
    {
      "all_maximizing_targets": [
        [
          2,
          4
        ],
        [
          4,
          2
        ]
      ],
      "core": 3,
      "cycles_by_length": [
        [
          1,
          1
        ],
        [
          2,
          1
        ]
      ],
      "fibre_histogram": [
        [
          0,
          2
        ],
        [
          1,
          1
        ],
        [
          2,
          2
        ]
      ],
      "height": 1,
      "height_histogram": [
        [
          0,
          3
        ],
        [
          1,
          2
        ]
      ],
      "image": 3,
      "maximum_fibre": 2,
      "maximum_height_witness_orbit": [
        [
          1,
          5
        ],
        [
          4,
          2
        ],
        [
          2,
          4
        ]
      ],
      "parameters": {
        "N": 6,
        "n": 2
      },
      "states": 5,
      "tag": "RHA",
      "transition_table_sha256": "3485313affcbe28a8da985c5e74a760f03a19d7fea7c6083ccf8425ea0db5904",
      "witness_cycle_entry": [
        4,
        2
      ]
    },
    {
      "all_maximizing_targets": [
        [
          2,
          5
        ],
        [
          5,
          2
        ]
      ],
      "core": 4,
      "cycles_by_length": [
        [
          2,
          2
        ]
      ],
      "fibre_histogram": [
        [
          0,
          2
        ],
        [
          1,
          2
        ],
        [
          2,
          2
        ]
      ],
      "height": 1,
      "height_histogram": [
        [
          0,
          4
        ],
        [
          1,
          2
        ]
      ],
      "image": 4,
      "maximum_fibre": 2,
      "maximum_height_witness_orbit": [
        [
          1,
          6
        ],
        [
          5,
          2
        ],
        [
          2,
          5
        ]
      ],
      "parameters": {
        "N": 7,
        "n": 2
      },
      "states": 6,
      "tag": "RHA",
      "transition_table_sha256": "a31504b5843618579833ea42ff205c272a280fe687f1960ff6c506d1c914da97",
      "witness_cycle_entry": [
        5,
        2
      ]
    },
    {
      "all_maximizing_targets": [
        [
          3,
          5
        ],
        [
          6,
          2
        ]
      ],
      "core": 3,
      "cycles_by_length": [
        [
          1,
          1
        ],
        [
          2,
          1
        ]
      ],
      "fibre_histogram": [
        [
          0,
          2
        ],
        [
          1,
          3
        ],
        [
          2,
          2
        ]
      ],
      "height": 3,
      "height_histogram": [
        [
          0,
          3
        ],
        [
          1,
          1
        ],
        [
          2,
          2
        ],
        [
          3,
          1
        ]
      ],
      "image": 5,
      "maximum_fibre": 2,
      "maximum_height_witness_orbit": [
        [
          7,
          1
        ],
        [
          2,
          6
        ],
        [
          6,
          2
        ],
        [
          3,
          5
        ],
        [
          5,
          3
        ]
      ],
      "parameters": {
        "N": 8,
        "n": 2
      },
      "states": 7,
      "tag": "RHA",
      "transition_table_sha256": "811a20121d1fe0ba205f6cef1adfa99b0dd71785e37f2034840a95f04effc84e",
      "witness_cycle_entry": [
        3,
        5
      ]
    },
    {
      "all_maximizing_targets": [
        [
          3,
          6
        ],
        [
          6,
          3
        ]
      ],
      "core": 4,
      "cycles_by_length": [
        [
          2,
          2
        ]
      ],
      "fibre_histogram": [
        [
          0,
          2
        ],
        [
          1,
          4
        ],
        [
          2,
          2
        ]
      ],
      "height": 2,
      "height_histogram": [
        [
          0,
          4
        ],
        [
          1,
          2
        ],
        [
          2,
          2
        ]
      ],
      "image": 6,
      "maximum_fibre": 2,
      "maximum_height_witness_orbit": [
        [
          1,
          8
        ],
        [
          7,
          2
        ],
        [
          3,
          6
        ],
        [
          6,
          3
        ]
      ],
      "parameters": {
        "N": 9,
        "n": 2
      },
      "states": 8,
      "tag": "RHA",
      "transition_table_sha256": "d93e5e7ffc4b4686b8158d98aafcb314d655353facdfbf1f6b61495352839376",
      "witness_cycle_entry": [
        3,
        6
      ]
    },
    {
      "all_maximizing_targets": [
        [
          3,
          7
        ],
        [
          7,
          3
        ]
      ],
      "core": 5,
      "cycles_by_length": [
        [
          1,
          1
        ],
        [
          2,
          2
        ]
      ],
      "fibre_histogram": [
        [
          0,
          2
        ],
        [
          1,
          5
        ],
        [
          2,
          2
        ]
      ],
      "height": 2,
      "height_histogram": [
        [
          0,
          5
        ],
        [
          1,
          2
        ],
        [
          2,
          2
        ]
      ],
      "image": 7,
      "maximum_fibre": 2,
      "maximum_height_witness_orbit": [
        [
          1,
          9
        ],
        [
          8,
          2
        ],
        [
          3,
          7
        ],
        [
          7,
          3
        ]
      ],
      "parameters": {
        "N": 10,
        "n": 2
      },
      "states": 9,
      "tag": "RHA",
      "transition_table_sha256": "e8e4fc2af4ebead544e060e753c30c691dba54ff80b8b5ae2c425333169d452f",
      "witness_cycle_entry": [
        3,
        7
      ]
    },
    {
      "all_maximizing_targets": [
        [
          3,
          8
        ],
        [
          8,
          3
        ]
      ],
      "core": 6,
      "cycles_by_length": [
        [
          2,
          3
        ]
      ],
      "fibre_histogram": [
        [
          0,
          2
        ],
        [
          1,
          6
        ],
        [
          2,
          2
        ]
      ],
      "height": 2,
      "height_histogram": [
        [
          0,
          6
        ],
        [
          1,
          2
        ],
        [
          2,
          2
        ]
      ],
      "image": 8,
      "maximum_fibre": 2,
      "maximum_height_witness_orbit": [
        [
          1,
          10
        ],
        [
          9,
          2
        ],
        [
          3,
          8
        ],
        [
          8,
          3
        ]
      ],
      "parameters": {
        "N": 11,
        "n": 2
      },
      "states": 10,
      "tag": "RHA",
      "transition_table_sha256": "7b25c8605f35afbe2b1610fd0f1ec2d47532e0c792f57442d8037854b268c258",
      "witness_cycle_entry": [
        3,
        8
      ]
    },
    {
      "all_maximizing_targets": [
        [
          4,
          8
        ],
        [
          9,
          3
        ]
      ],
      "core": 5,
      "cycles_by_length": [
        [
          1,
          1
        ],
        [
          2,
          2
        ]
      ],
      "fibre_histogram": [
        [
          0,
          2
        ],
        [
          1,
          7
        ],
        [
          2,
          2
        ]
      ],
      "height": 4,
      "height_histogram": [
        [
          0,
          5
        ],
        [
          1,
          1
        ],
        [
          2,
          2
        ],
        [
          3,
          2
        ],
        [
          4,
          1
        ]
      ],
      "image": 9,
      "maximum_fibre": 2,
      "maximum_height_witness_orbit": [
        [
          1,
          11
        ],
        [
          10,
          2
        ],
        [
          3,
          9
        ],
        [
          9,
          3
        ],
        [
          4,
          8
        ],
        [
          8,
          4
        ]
      ],
      "parameters": {
        "N": 12,
        "n": 2
      },
      "states": 11,
      "tag": "RHA",
      "transition_table_sha256": "727fe1467e30885ca67349b118a7220d77a19c98fb91beb925155d84f24b097e",
      "witness_cycle_entry": [
        4,
        8
      ]
    },
    {
      "all_maximizing_targets": [
        [
          4,
          9
        ],
        [
          9,
          4
        ]
      ],
      "core": 6,
      "cycles_by_length": [
        [
          2,
          3
        ]
      ],
      "fibre_histogram": [
        [
          0,
          2
        ],
        [
          1,
          8
        ],
        [
          2,
          2
        ]
      ],
      "height": 3,
      "height_histogram": [
        [
          0,
          6
        ],
        [
          1,
          2
        ],
        [
          2,
          2
        ],
        [
          3,
          2
        ]
      ],
      "image": 10,
      "maximum_fibre": 2,
      "maximum_height_witness_orbit": [
        [
          1,
          12
        ],
        [
          11,
          2
        ],
        [
          3,
          10
        ],
        [
          9,
          4
        ],
        [
          4,
          9
        ]
      ],
      "parameters": {
        "N": 13,
        "n": 2
      },
      "states": 12,
      "tag": "RHA",
      "transition_table_sha256": "8f1ee7811ab4f314c9c9c0c3771e083908d572393d5481cfd3f955eac72155c6",
      "witness_cycle_entry": [
        9,
        4
      ]
    },
    {
      "all_maximizing_targets": [
        [
          4,
          10
        ],
        [
          10,
          4
        ]
      ],
      "core": 7,
      "cycles_by_length": [
        [
          1,
          1
        ],
        [
          2,
          3
        ]
      ],
      "fibre_histogram": [
        [
          0,
          2
        ],
        [
          1,
          9
        ],
        [
          2,
          2
        ]
      ],
      "height": 3,
      "height_histogram": [
        [
          0,
          7
        ],
        [
          1,
          2
        ],
        [
          2,
          2
        ],
        [
          3,
          2
        ]
      ],
      "image": 11,
      "maximum_fibre": 2,
      "maximum_height_witness_orbit": [
        [
          1,
          13
        ],
        [
          12,
          2
        ],
        [
          3,
          11
        ],
        [
          10,
          4
        ],
        [
          4,
          10
        ]
      ],
      "parameters": {
        "N": 14,
        "n": 2
      },
      "states": 13,
      "tag": "RHA",
      "transition_table_sha256": "06a3a739702a76caae39112f01911d7e3c15a26319d198285b96835c4a652d54",
      "witness_cycle_entry": [
        10,
        4
      ]
    },
    {
      "all_maximizing_targets": [
        [
          4,
          11
        ],
        [
          11,
          4
        ]
      ],
      "core": 8,
      "cycles_by_length": [
        [
          2,
          4
        ]
      ],
      "fibre_histogram": [
        [
          0,
          2
        ],
        [
          1,
          10
        ],
        [
          2,
          2
        ]
      ],
      "height": 3,
      "height_histogram": [
        [
          0,
          8
        ],
        [
          1,
          2
        ],
        [
          2,
          2
        ],
        [
          3,
          2
        ]
      ],
      "image": 12,
      "maximum_fibre": 2,
      "maximum_height_witness_orbit": [
        [
          1,
          14
        ],
        [
          13,
          2
        ],
        [
          3,
          12
        ],
        [
          11,
          4
        ],
        [
          4,
          11
        ]
      ],
      "parameters": {
        "N": 15,
        "n": 2
      },
      "states": 14,
      "tag": "RHA",
      "transition_table_sha256": "da3709972ca3a2d59dad5969194359c740356e471c60823a07f506589cf88632",
      "witness_cycle_entry": [
        11,
        4
      ]
    },
    {
      "all_maximizing_targets": [
        [
          5,
          11
        ],
        [
          12,
          4
        ]
      ],
      "core": 7,
      "cycles_by_length": [
        [
          1,
          1
        ],
        [
          2,
          3
        ]
      ],
      "fibre_histogram": [
        [
          0,
          2
        ],
        [
          1,
          11
        ],
        [
          2,
          2
        ]
      ],
      "height": 5,
      "height_histogram": [
        [
          0,
          7
        ],
        [
          1,
          1
        ],
        [
          2,
          2
        ],
        [
          3,
          2
        ],
        [
          4,
          2
        ],
        [
          5,
          1
        ]
      ],
      "image": 13,
      "maximum_fibre": 2,
      "maximum_height_witness_orbit": [
        [
          15,
          1
        ],
        [
          2,
          14
        ],
        [
          13,
          3
        ],
        [
          4,
          12
        ],
        [
          12,
          4
        ],
        [
          5,
          11
        ],
        [
          11,
          5
        ]
      ],
      "parameters": {
        "N": 16,
        "n": 2
      },
      "states": 15,
      "tag": "RHA",
      "transition_table_sha256": "50915381b3f7d5cd372468f747d8157e44442999b2d57bfe3568fa8290c238cd",
      "witness_cycle_entry": [
        5,
        11
      ]
    },
    {
      "all_maximizing_targets": [
        [
          5,
          12
        ],
        [
          12,
          5
        ]
      ],
      "core": 8,
      "cycles_by_length": [
        [
          2,
          4
        ]
      ],
      "fibre_histogram": [
        [
          0,
          2
        ],
        [
          1,
          12
        ],
        [
          2,
          2
        ]
      ],
      "height": 4,
      "height_histogram": [
        [
          0,
          8
        ],
        [
          1,
          2
        ],
        [
          2,
          2
        ],
        [
          3,
          2
        ],
        [
          4,
          2
        ]
      ],
      "image": 14,
      "maximum_fibre": 2,
      "maximum_height_witness_orbit": [
        [
          1,
          16
        ],
        [
          15,
          2
        ],
        [
          3,
          14
        ],
        [
          13,
          4
        ],
        [
          5,
          12
        ],
        [
          12,
          5
        ]
      ],
      "parameters": {
        "N": 17,
        "n": 2
      },
      "states": 16,
      "tag": "RHA",
      "transition_table_sha256": "4a63f4fcaf3bb7e4cc37dc565b812fd0b6920f56e0fec5b3f246011179974e64",
      "witness_cycle_entry": [
        5,
        12
      ]
    },
    {
      "all_maximizing_targets": [
        [
          5,
          13
        ],
        [
          13,
          5
        ]
      ],
      "core": 9,
      "cycles_by_length": [
        [
          1,
          1
        ],
        [
          2,
          4
        ]
      ],
      "fibre_histogram": [
        [
          0,
          2
        ],
        [
          1,
          13
        ],
        [
          2,
          2
        ]
      ],
      "height": 4,
      "height_histogram": [
        [
          0,
          9
        ],
        [
          1,
          2
        ],
        [
          2,
          2
        ],
        [
          3,
          2
        ],
        [
          4,
          2
        ]
      ],
      "image": 15,
      "maximum_fibre": 2,
      "maximum_height_witness_orbit": [
        [
          1,
          17
        ],
        [
          16,
          2
        ],
        [
          3,
          15
        ],
        [
          14,
          4
        ],
        [
          5,
          13
        ],
        [
          13,
          5
        ]
      ],
      "parameters": {
        "N": 18,
        "n": 2
      },
      "states": 17,
      "tag": "RHA",
      "transition_table_sha256": "e17f4e4792ce387115a5a1cd3791fedb838d7ce2d03d1dd0c9b98fe3ce9df741",
      "witness_cycle_entry": [
        5,
        13
      ]
    },
    {
      "all_maximizing_targets": [
        [
          1,
          1,
          1
        ]
      ],
      "core": 1,
      "cycles_by_length": [
        [
          1,
          1
        ]
      ],
      "fibre_histogram": [
        [
          1,
          1
        ]
      ],
      "height": 0,
      "height_histogram": [
        [
          0,
          1
        ]
      ],
      "image": 1,
      "maximum_fibre": 1,
      "maximum_height_witness_orbit": [
        [
          1,
          1,
          1
        ]
      ],
      "parameters": {
        "N": 3,
        "n": 3
      },
      "states": 1,
      "tag": "RHA",
      "transition_table_sha256": "d0bca111f8628137adc4c16f123496dcdd1d590d06cb5d9acd68b39fe656fb97",
      "witness_cycle_entry": [
        1,
        1,
        1
      ]
    },
    {
      "all_maximizing_targets": [
        [
          2,
          1,
          1
        ]
      ],
      "core": 2,
      "cycles_by_length": [
        [
          2,
          1
        ]
      ],
      "fibre_histogram": [
        [
          0,
          1
        ],
        [
          1,
          1
        ],
        [
          2,
          1
        ]
      ],
      "height": 1,
      "height_histogram": [
        [
          0,
          2
        ],
        [
          1,
          1
        ]
      ],
      "image": 2,
      "maximum_fibre": 2,
      "maximum_height_witness_orbit": [
        [
          1,
          1,
          2
        ],
        [
          2,
          1,
          1
        ],
        [
          1,
          2,
          1
        ]
      ],
      "parameters": {
        "N": 4,
        "n": 3
      },
      "states": 3,
      "tag": "RHA",
      "transition_table_sha256": "5cfbdf28be0f0edd178b5cd361dc054824ed10ffc4b8fddb62ed65a3545bd3c5",
      "witness_cycle_entry": [
        2,
        1,
        1
      ]
    },
    {
      "all_maximizing_targets": [
        [
          2,
          2,
          1
        ]
      ],
      "core": 2,
      "cycles_by_length": [
        [
          2,
          1
        ]
      ],
      "fibre_histogram": [
        [
          0,
          3
        ],
        [
          1,
          1
        ],
        [
          2,
          1
        ],
        [
          3,
          1
        ]
      ],
      "height": 2,
      "height_histogram": [
        [
          0,
          2
        ],
        [
          1,
          3
        ],
        [
          2,
          1
        ]
      ],
      "image": 3,
      "maximum_fibre": 3,
      "maximum_height_witness_orbit": [
        [
          3,
          1,
          1
        ],
        [
          1,
          2,
          2
        ],
        [
          2,
          2,
          1
        ],
        [
          2,
          1,
          2
        ]
      ],
      "parameters": {
        "N": 5,
        "n": 3
      },
      "states": 6,
      "tag": "RHA",
      "transition_table_sha256": "8e821d5b7de196bfbe39d8a04d9823a49e77d147414e59b68e230ed65f981116",
      "witness_cycle_entry": [
        2,
        2,
        1
      ]
    },
    {
      "all_maximizing_targets": [
        [
          2,
          2,
          2
        ],
        [
          3,
          1,
          2
        ],
        [
          3,
          2,
          1
        ]
      ],
      "core": 7,
      "cycles_by_length": [
        [
          1,
          1
        ],
        [
          2,
          3
        ]
      ],
      "fibre_histogram": [
        [
          0,
          3
        ],
        [
          1,
          4
        ],
        [
          2,
          3
        ]
      ],
      "height": 1,
      "height_histogram": [
        [
          0,
          7
        ],
        [
          1,
          3
        ]
      ],
      "image": 7,
      "maximum_fibre": 2,
      "maximum_height_witness_orbit": [
        [
          1,
          1,
          4
        ],
        [
          3,
          2,
          1
        ],
        [
          1,
          2,
          3
        ]
      ],
      "parameters": {
        "N": 6,
        "n": 3
      },
      "states": 10,
      "tag": "RHA",
      "transition_table_sha256": "341d20935f5257fd7090f6cad5c0aac59e707d47092daec5d3d62782270650d1",
      "witness_cycle_entry": [
        3,
        2,
        1
      ]
    },
    {
      "all_maximizing_targets": [
        [
          3,
          2,
          2
        ]
      ],
      "core": 2,
      "cycles_by_length": [
        [
          2,
          1
        ]
      ],
      "fibre_histogram": [
        [
          0,
          9
        ],
        [
          1,
          3
        ],
        [
          3,
          1
        ],
        [
          4,
          1
        ],
        [
          5,
          1
        ]
      ],
      "height": 3,
      "height_histogram": [
        [
          0,
          2
        ],
        [
          1,
          7
        ],
        [
          2,
          5
        ],
        [
          3,
          1
        ]
      ],
      "image": 6,
      "maximum_fibre": 5,
      "maximum_height_witness_orbit": [
        [
          1,
          1,
          5
        ],
        [
          3,
          3,
          1
        ],
        [
          2,
          2,
          3
        ],
        [
          3,
          2,
          2
        ],
        [
          2,
          3,
          2
        ]
      ],
      "parameters": {
        "N": 7,
        "n": 3
      },
      "states": 15,
      "tag": "RHA",
      "transition_table_sha256": "4c25bdba33cdd2d603c8d086803ae3b7f7958adf4e06d05de28f548ccad1d18d",
      "witness_cycle_entry": [
        3,
        2,
        2
      ]
    },
    {
      "all_maximizing_targets": [
        [
          2,
          2,
          4
        ],
        [
          2,
          4,
          2
        ],
        [
          3,
          3,
          2
        ],
        [
          4,
          2,
          2
        ]
      ],
      "core": 2,
      "cycles_by_length": [
        [
          2,
          1
        ]
      ],
      "fibre_histogram": [
        [
          0,
          15
        ],
        [
          2,
          1
        ],
        [
          3,
          1
        ],
        [
          4,
          4
        ]
      ],
      "height": 3,
      "height_histogram": [
        [
          0,
          2
        ],
        [
          1,
          5
        ],
        [
          2,
          10
        ],
        [
          3,
          4
        ]
      ],
      "image": 6,
      "maximum_fibre": 4,
      "maximum_height_witness_orbit": [
        [
          1,
          2,
          5
        ],
        [
          4,
          2,
          2
        ],
        [
          2,
          3,
          3
        ],
        [
          3,
          3,
          2
        ],
        [
          3,
          2,
          3
        ]
      ],
      "parameters": {
        "N": 8,
        "n": 3
      },
      "states": 21,
      "tag": "RHA",
      "transition_table_sha256": "42852ed8084ebd81417117b0138fb7e389464912851f12b7883b496a618361ef",
      "witness_cycle_entry": [
        3,
        3,
        2
      ]
    },
    {
      "all_maximizing_targets": [
        [
          2,
          2,
          5
        ],
        [
          2,
          4,
          3
        ],
        [
          2,
          5,
          2
        ],
        [
          5,
          2,
          2
        ]
      ],
      "core": 7,
      "cycles_by_length": [
        [
          1,
          1
        ],
        [
          2,
          3
        ]
      ],
      "fibre_histogram": [
        [
          0,
          12
        ],
        [
          1,
          8
        ],
        [
          2,
          4
        ],
        [
          3,
          4
        ]
      ],
      "height": 3,
      "height_histogram": [
        [
          0,
          7
        ],
        [
          1,
          6
        ],
        [
          2,
          9
        ],
        [
          3,
          6
        ]
      ],
      "image": 16,
      "maximum_fibre": 3,
      "maximum_height_witness_orbit": [
        [
          1,
          1,
          7
        ],
        [
          4,
          4,
          1
        ],
        [
          2,
          2,
          5
        ],
        [
          4,
          3,
          2
        ],
        [
          2,
          3,
          4
        ]
      ],
      "parameters": {
        "N": 9,
        "n": 3
      },
      "states": 28,
      "tag": "RHA",
      "transition_table_sha256": "d06806781de9c053f1419d071c0e1bf539d58d44b7f86091c6b9a3887c17b983",
      "witness_cycle_entry": [
        4,
        3,
        2
      ]
    },
    {
      "all_maximizing_targets": [
        [
          2,
          2,
          6
        ],
        [
          2,
          6,
          2
        ],
        [
          6,
          2,
          2
        ]
      ],
      "core": 8,
      "cycles_by_length": [
        [
          2,
          4
        ]
      ],
      "fibre_histogram": [
        [
          0,
          21
        ],
        [
          1,
          1
        ],
        [
          2,
          10
        ],
        [
          3,
          1
        ],
        [
          4,
          3
        ]
      ],
      "height": 4,
      "height_histogram": [
        [
          0,
          8
        ],
        [
          1,
          9
        ],
        [
          2,
          5
        ],
        [
          3,
          10
        ],
        [
          4,
          4
        ]
      ],
      "image": 15,
      "maximum_fibre": 4,
      "maximum_height_witness_orbit": [
        [
          3,
          6,
          1
        ],
        [
          2,
          2,
          6
        ],
        [
          4,
          4,
          2
        ],
        [
          3,
          3,
          4
        ],
        [
          4,
          3,
          3
        ],
        [
          3,
          4,
          3
        ]
      ],
      "parameters": {
        "N": 10,
        "n": 3
      },
      "states": 36,
      "tag": "RHA",
      "transition_table_sha256": "7d27107abedf4b3caa1a875211819f1f9d940bf6d85617909137f433bf4805c6",
      "witness_cycle_entry": [
        4,
        3,
        3
      ]
    },
    {
      "all_maximizing_targets": [
        [
          2,
          2,
          7
        ],
        [
          2,
          7,
          2
        ],
        [
          4,
          4,
          3
        ],
        [
          7,
          2,
          2
        ]
      ],
      "core": 2,
      "cycles_by_length": [
        [
          2,
          1
        ]
      ],
      "fibre_histogram": [
        [
          0,
          21
        ],
        [
          1,
          7
        ],
        [
          2,
          13
        ],
        [
          3,
          4
        ]
      ],
      "height": 6,
      "height_histogram": [
        [
          0,
          2
        ],
        [
          1,
          3
        ],
        [
          2,
          5
        ],
        [
          3,
          8
        ],
        [
          4,
          17
        ],
        [
          5,
          9
        ],
        [
          6,
          1
        ]
      ],
      "image": 24,
      "maximum_fibre": 3,
      "maximum_height_witness_orbit": [
        [
          9,
          1,
          1
        ],
        [
          1,
          5,
          5
        ],
        [
          7,
          2,
          2
        ],
        [
          2,
          5,
          4
        ],
        [
          5,
          3,
          3
        ],
        [
          3,
          4,
          4
        ],
        [
          4,
          4,
          3
        ],
        [
          4,
          3,
          4
        ]
      ],
      "parameters": {
        "N": 11,
        "n": 3
      },
      "states": 45,
      "tag": "RHA",
      "transition_table_sha256": "3c4405fae1f3b26d4fe96fd1a552dc2fe83c62c5e235035c64b9352b759add4d",
      "witness_cycle_entry": [
        4,
        4,
        3
      ]
    },
    {
      "all_maximizing_targets": [
        [
          3,
          3,
          6
        ],
        [
          3,
          6,
          3
        ],
        [
          6,
          3,
          3
        ]
      ],
      "core": 7,
      "cycles_by_length": [
        [
          1,
          1
        ],
        [
          2,
          3
        ]
      ],
      "fibre_histogram": [
        [
          0,
          27
        ],
        [
          1,
          4
        ],
        [
          2,
          21
        ],
        [
          3,
          3
        ]
      ],
      "height": 4,
      "height_histogram": [
        [
          0,
          7
        ],
        [
          1,
          3
        ],
        [
          2,
          9
        ],
        [
          3,
          18
        ],
        [
          4,
          18
        ]
      ],
      "image": 28,
      "maximum_fibre": 3,
      "maximum_height_witness_orbit": [
        [
          1,
          3,
          8
        ],
        [
          7,
          3,
          2
        ],
        [
          2,
          4,
          6
        ],
        [
          6,
          3,
          3
        ],
        [
          3,
          5,
          4
        ],
        [
          5,
          3,
          4
        ]
      ],
      "parameters": {
        "N": 12,
        "n": 3
      },
      "states": 55,
      "tag": "RHA",
      "transition_table_sha256": "e37dc766c72764f0b754a6b258934b9e4658de1165faf15e83ba941f4b2be459",
      "witness_cycle_entry": [
        3,
        5,
        4
      ]
    },
    {
      "all_maximizing_targets": [
        [
          2,
          3,
          8
        ],
        [
          2,
          8,
          3
        ],
        [
          3,
          2,
          8
        ],
        [
          3,
          8,
          2
        ],
        [
          5,
          4,
          4
        ],
        [
          8,
          2,
          3
        ],
        [
          8,
          3,
          2
        ]
      ],
      "core": 8,
      "cycles_by_length": [
        [
          2,
          4
        ]
      ],
      "fibre_histogram": [
        [
          0,
          27
        ],
        [
          1,
          19
        ],
        [
          2,
          13
        ],
        [
          3,
          7
        ]
      ],
      "height": 7,
      "height_histogram": [
        [
          0,
          8
        ],
        [
          1,
          6
        ],
        [
          2,
          9
        ],
        [
          3,
          8
        ],
        [
          4,
          8
        ],
        [
          5,
          17
        ],
        [
          6,
          9
        ],
        [
          7,
          1
        ]
      ],
      "image": 39,
      "maximum_fibre": 3,
      "maximum_height_witness_orbit": [
        [
          1,
          1,
          11
        ],
        [
          6,
          6,
          1
        ],
        [
          2,
          2,
          9
        ],
        [
          6,
          5,
          2
        ],
        [
          3,
          3,
          7
        ],
        [
          5,
          5,
          3
        ],
        [
          4,
          4,
          5
        ],
        [
          5,
          4,
          4
        ],
        [
          4,
          5,
          4
        ]
      ],
      "parameters": {
        "N": 13,
        "n": 3
      },
      "states": 66,
      "tag": "RHA",
      "transition_table_sha256": "0d5c4cc62623781de27c806610f3b8f3cbdda80b42bbbbb019f39becdc7160b0",
      "witness_cycle_entry": [
        5,
        4,
        4
      ]
    },
    {
      "all_maximizing_targets": [
        [
          2,
          3,
          9
        ],
        [
          3,
          2,
          9
        ],
        [
          3,
          9,
          2
        ]
      ],
      "core": 2,
      "cycles_by_length": [
        [
          2,
          1
        ]
      ],
      "fibre_histogram": [
        [
          0,
          34
        ],
        [
          1,
          20
        ],
        [
          2,
          17
        ],
        [
          3,
          4
        ],
        [
          4,
          3
        ]
      ],
      "height": 7,
      "height_histogram": [
        [
          0,
          2
        ],
        [
          1,
          3
        ],
        [
          2,
          5
        ],
        [
          3,
          8
        ],
        [
          4,
          13
        ],
        [
          5,
          17
        ],
        [
          6,
          22
        ],
        [
          7,
          8
        ]
      ],
      "image": 44,
      "maximum_fibre": 4,
      "maximum_height_witness_orbit": [
        [
          1,
          3,
          10
        ],
        [
          9,
          3,
          2
        ],
        [
          2,
          5,
          7
        ],
        [
          7,
          4,
          3
        ],
        [
          3,
          5,
          6
        ],
        [
          6,
          4,
          4
        ],
        [
          4,
          5,
          5
        ],
        [
          5,
          5,
          4
        ],
        [
          5,
          4,
          5
        ]
      ],
      "parameters": {
        "N": 14,
        "n": 3
      },
      "states": 78,
      "tag": "RHA",
      "transition_table_sha256": "61460681fc9f125c7e54204b7b6a3f34560660889cc5230eb41b86e33249dca8",
      "witness_cycle_entry": [
        5,
        5,
        4
      ]
    },
    {
      "all_maximizing_targets": [
        [
          3,
          2,
          10
        ],
        [
          3,
          10,
          2
        ]
      ],
      "core": 15,
      "cycles_by_length": [
        [
          1,
          1
        ],
        [
          2,
          7
        ]
      ],
      "fibre_histogram": [
        [
          0,
          41
        ],
        [
          1,
          23
        ],
        [
          2,
          15
        ],
        [
          3,
          10
        ],
        [
          4,
          2
        ]
      ],
      "height": 5,
      "height_histogram": [
        [
          0,
          15
        ],
        [
          1,
          9
        ],
        [
          2,
          20
        ],
        [
          3,
          23
        ],
        [
          4,
          21
        ],
        [
          5,
          3
        ]
      ],
      "image": 50,
      "maximum_fibre": 4,
      "maximum_height_witness_orbit": [
        [
          1,
          1,
          13
        ],
        [
          7,
          7,
          1
        ],
        [
          3,
          2,
          10
        ],
        [
          5,
          8,
          2
        ],
        [
          4,
          3,
          8
        ],
        [
          5,
          7,
          3
        ],
        [
          5,
          3,
          7
        ]
      ],
      "parameters": {
        "N": 15,
        "n": 3
      },
      "states": 91,
      "tag": "RHA",
      "transition_table_sha256": "554b0901808005a41a9fe10deb11bf8fd4ef8dff6366c3f034db42d01f33738d",
      "witness_cycle_entry": [
        5,
        7,
        3
      ]
    },
    {
      "all_maximizing_targets": [
        [
          2,
          3,
          11
        ],
        [
          2,
          11,
          3
        ],
        [
          3,
          2,
          11
        ],
        [
          3,
          11,
          2
        ],
        [
          11,
          2,
          3
        ],
        [
          11,
          3,
          2
        ]
      ],
      "core": 14,
      "cycles_by_length": [
        [
          2,
          7
        ]
      ],
      "fibre_histogram": [
        [
          0,
          45
        ],
        [
          1,
          31
        ],
        [
          2,
          19
        ],
        [
          3,
          4
        ],
        [
          4,
          6
        ]
      ],
      "height": 8,
      "height_histogram": [
        [
          0,
          14
        ],
        [
          1,
          3
        ],
        [
          2,
          3
        ],
        [
          3,
          5
        ],
        [
          4,
          8
        ],
        [
          5,
          13
        ],
        [
          6,
          21
        ],
        [
          7,
          28
        ],
        [
          8,
          10
        ]
      ],
      "image": 60,
      "maximum_fibre": 4,
      "maximum_height_witness_orbit": [
        [
          3,
          12,
          1
        ],
        [
          4,
          2,
          10
        ],
        [
          5,
          9,
          2
        ],
        [
          4,
          3,
          9
        ],
        [
          6,
          7,
          3
        ],
        [
          4,
          4,
          8
        ],
        [
          6,
          6,
          4
        ],
        [
          5,
          5,
          6
        ],
        [
          6,
          5,
          5
        ],
        [
          5,
          6,
          5
        ]
      ],
      "parameters": {
        "N": 16,
        "n": 3
      },
      "states": 105,
      "tag": "RHA",
      "transition_table_sha256": "49325eb186d81597cb4ff2e120fe341239724d29709966cb2264ec3af3cf446a",
      "witness_cycle_entry": [
        6,
        5,
        5
      ]
    },
    {
      "all_maximizing_targets": [
        [
          3,
          2,
          12
        ],
        [
          3,
          12,
          2
        ],
        [
          12,
          3,
          2
        ]
      ],
      "core": 8,
      "cycles_by_length": [
        [
          2,
          4
        ]
      ],
      "fibre_histogram": [
        [
          0,
          48
        ],
        [
          1,
          40
        ],
        [
          2,
          19
        ],
        [
          3,
          10
        ],
        [
          4,
          3
        ]
      ],
      "height": 10,
      "height_histogram": [
        [
          0,
          8
        ],
        [
          1,
          6
        ],
        [
          2,
          5
        ],
        [
          3,
          6
        ],
        [
          4,
          10
        ],
        [
          5,
          12
        ],
        [
          6,
          24
        ],
        [
          7,
          20
        ],
        [
          8,
          19
        ],
        [
          9,
          9
        ],
        [
          10,
          1
        ]
      ],
      "image": 72,
      "maximum_fibre": 4,
      "maximum_height_witness_orbit": [
        [
          15,
          1,
          1
        ],
        [
          1,
          8,
          8
        ],
        [
          12,
          3,
          2
        ],
        [
          2,
          6,
          9
        ],
        [
          10,
          4,
          3
        ],
        [
          3,
          6,
          8
        ],
        [
          8,
          5,
          4
        ],
        [
          4,
          6,
          7
        ],
        [
          7,
          5,
          5
        ],
        [
          5,
          6,
          6
        ],
        [
          6,
          6,
          5
        ],
        [
          6,
          5,
          6
        ]
      ],
      "parameters": {
        "N": 17,
        "n": 3
      },
      "states": 120,
      "tag": "RHA",
      "transition_table_sha256": "435f907de2a282c513bd775a203e5d82a5a9345a9ec00be24a85c1322495c003",
      "witness_cycle_entry": [
        6,
        6,
        5
      ]
    },
    {
      "all_maximizing_targets": [
        [
          2,
          3,
          13
        ],
        [
          2,
          13,
          3
        ],
        [
          3,
          2,
          13
        ],
        [
          3,
          13,
          2
        ],
        [
          13,
          2,
          3
        ],
        [
          13,
          3,
          2
        ]
      ],
      "core": 19,
      "cycles_by_length": [
        [
          1,
          1
        ],
        [
          2,
          9
        ]
      ],
      "fibre_histogram": [
        [
          0,
          60
        ],
        [
          1,
          32
        ],
        [
          2,
          34
        ],
        [
          3,
          4
        ],
        [
          4,
          6
        ]
      ],
      "height": 6,
      "height_histogram": [
        [
          0,
          19
        ],
        [
          1,
          9
        ],
        [
          2,
          12
        ],
        [
          3,
          14
        ],
        [
          4,
          24
        ],
        [
          5,
          28
        ],
        [
          6,
          30
        ]
      ],
      "image": 76,
      "maximum_fibre": 4,
      "maximum_height_witness_orbit": [
        [
          1,
          5,
          12
        ],
        [
          13,
          3,
          2
        ],
        [
          2,
          7,
          9
        ],
        [
          11,
          4,
          3
        ],
        [
          3,
          7,
          8
        ],
        [
          9,
          5,
          4
        ],
        [
          4,
          6,
          8
        ],
        [
          8,
          6,
          4
        ]
      ],
      "parameters": {
        "N": 18,
        "n": 3
      },
      "states": 136,
      "tag": "RHA",
      "transition_table_sha256": "dee6d2a784cb2f5e3f252e3d99479eb11d58ce039a5ef977e94ee3adf0a92c25",
      "witness_cycle_entry": [
        4,
        6,
        8
      ]
    },
    {
      "all_maximizing_targets": [
        [
          1,
          1,
          1,
          1
        ]
      ],
      "core": 1,
      "cycles_by_length": [
        [
          1,
          1
        ]
      ],
      "fibre_histogram": [
        [
          1,
          1
        ]
      ],
      "height": 0,
      "height_histogram": [
        [
          0,
          1
        ]
      ],
      "image": 1,
      "maximum_fibre": 1,
      "maximum_height_witness_orbit": [
        [
          1,
          1,
          1,
          1
        ]
      ],
      "parameters": {
        "N": 4,
        "n": 4
      },
      "states": 1,
      "tag": "RHA",
      "transition_table_sha256": "d0bca111f8628137adc4c16f123496dcdd1d590d06cb5d9acd68b39fe656fb97",
      "witness_cycle_entry": [
        1,
        1,
        1,
        1
      ]
    },
    {
      "all_maximizing_targets": [
        [
          2,
          1,
          1,
          1
        ]
      ],
      "core": 2,
      "cycles_by_length": [
        [
          2,
          1
        ]
      ],
      "fibre_histogram": [
        [
          0,
          2
        ],
        [
          1,
          1
        ],
        [
          3,
          1
        ]
      ],
      "height": 1,
      "height_histogram": [
        [
          0,
          2
        ],
        [
          1,
          2
        ]
      ],
      "image": 2,
      "maximum_fibre": 3,
      "maximum_height_witness_orbit": [
        [
          1,
          1,
          1,
          2
        ],
        [
          2,
          1,
          1,
          1
        ],
        [
          1,
          2,
          1,
          1
        ]
      ],
      "parameters": {
        "N": 5,
        "n": 4
      },
      "states": 4,
      "tag": "RHA",
      "transition_table_sha256": "832d409bcc12cad36d33b1a09ca3ce5af2a731c684806e6cffde5cbe8258cc5f",
      "witness_cycle_entry": [
        2,
        1,
        1,
        1
      ]
    },
    {
      "all_maximizing_targets": [
        [
          2,
          2,
          1,
          1
        ]
      ],
      "core": 6,
      "cycles_by_length": [
        [
          2,
          3
        ]
      ],
      "fibre_histogram": [
        [
          0,
          4
        ],
        [
          1,
          3
        ],
        [
          2,
          2
        ],
        [
          3,
          1
        ]
      ],
      "height": 1,
      "height_histogram": [
        [
          0,
          6
        ],
        [
          1,
          4
        ]
      ],
      "image": 6,
      "maximum_fibre": 3,
      "maximum_height_witness_orbit": [
        [
          1,
          1,
          1,
          3
        ],
        [
          2,
          2,
          1,
          1
        ],
        [
          1,
          1,
          2,
          2
        ]
      ],
      "parameters": {
        "N": 6,
        "n": 4
      },
      "states": 10,
      "tag": "RHA",
      "transition_table_sha256": "982c93ace9a4a8e74268b70d1ef4b809438e16154059938493b432b7487e1445",
      "witness_cycle_entry": [
        2,
        2,
        1,
        1
      ]
    },
    {
      "all_maximizing_targets": [
        [
          2,
          2,
          2,
          1
        ]
      ],
      "core": 2,
      "cycles_by_length": [
        [
          2,
          1
        ]
      ],
      "fibre_histogram": [
        [
          0,
          16
        ],
        [
          4,
          2
        ],
        [
          5,
          1
        ],
        [
          7,
          1
        ]
      ],
      "height": 2,
      "height_histogram": [
        [
          0,
          2
        ],
        [
          1,
          10
        ],
        [
          2,
          8
        ]
      ],
      "image": 4,
      "maximum_fibre": 7,
      "maximum_height_witness_orbit": [
        [
          1,
          3,
          1,
          2
        ],
        [
          2,
          1,
          2,
          2
        ],
        [
          2,
          2,
          2,
          1
        ],
        [
          2,
          2,
          1,
          2
        ]
      ],
      "parameters": {
        "N": 7,
        "n": 4
      },
      "states": 20,
      "tag": "RHA",
      "transition_table_sha256": "24abce59937560e560f233ab08aac568b2b24f499dbe58de91aa53e9a6b75a24",
      "witness_cycle_entry": [
        2,
        2,
        2,
        1
      ]
    },
    {
      "all_maximizing_targets": [
        [
          3,
          2,
          1,
          2
        ],
        [
          3,
          2,
          2,
          1
        ]
      ],
      "core": 13,
      "cycles_by_length": [
        [
          1,
          1
        ],
        [
          2,
          6
        ]
      ],
      "fibre_histogram": [
        [
          0,
          21
        ],
        [
          1,
          5
        ],
        [
          2,
          2
        ],
        [
          3,
          4
        ],
        [
          4,
          1
        ],
        [
          5,
          2
        ]
      ],
      "height": 2,
      "height_histogram": [
        [
          0,
          13
        ],
        [
          1,
          21
        ],
        [
          2,
          1
        ]
      ],
      "image": 14,
      "maximum_fibre": 5,
      "maximum_height_witness_orbit": [
        [
          1,
          1,
          3,
          3
        ],
        [
          3,
          3,
          1,
          1
        ],
        [
          2,
          2,
          2,
          2
        ]
      ],
      "parameters": {
        "N": 8,
        "n": 4
      },
      "states": 35,
      "tag": "RHA",
      "transition_table_sha256": "529539eb7fd56d4f3470f0d81d8d1e7fba9b6a8e21d9905f3fa7cf25c9dfc147",
      "witness_cycle_entry": [
        2,
        2,
        2,
        2
      ]
    },
    {
      "all_maximizing_targets": [
        [
          3,
          2,
          2,
          2
        ]
      ],
      "core": 2,
      "cycles_by_length": [
        [
          2,
          1
        ]
      ],
      "fibre_histogram": [
        [
          0,
          40
        ],
        [
          2,
          8
        ],
        [
          3,
          4
        ],
        [
          6,
          2
        ],
        [
          7,
          1
        ],
        [
          9,
          1
        ]
      ],
      "height": 3,
      "height_histogram": [
        [
          0,
          2
        ],
        [
          1,
          14
        ],
        [
          2,
          26
        ],
        [
          3,
          14
        ]
      ],
      "image": 16,
      "maximum_fibre": 9,
      "maximum_height_witness_orbit": [
        [
          1,
          1,
          1,
          6
        ],
        [
          3,
          3,
          2,
          1
        ],
        [
          2,
          2,
          2,
          3
        ],
        [
          3,
          2,
          2,
          2
        ],
        [
          2,
          3,
          2,
          2
        ]
      ],
      "parameters": {
        "N": 9,
        "n": 4
      },
      "states": 56,
      "tag": "RHA",
      "transition_table_sha256": "6a5a9529fdb60a214dd21945d1d5fc49cb495c0cc9fcc416a8d6794e8126a172",
      "witness_cycle_entry": [
        3,
        2,
        2,
        2
      ]
    },
    {
      "all_maximizing_targets": [
        [
          2,
          2,
          2,
          4
        ],
        [
          2,
          2,
          4,
          2
        ],
        [
          2,
          4,
          2,
          2
        ],
        [
          4,
          2,
          2,
          2
        ]
      ],
      "core": 6,
      "cycles_by_length": [
        [
          2,
          3
        ]
      ],
      "fibre_histogram": [
        [
          0,
          70
        ],
        [
          1,
          4
        ],
        [
          6,
          3
        ],
        [
          7,
          2
        ],
        [
          8,
          1
        ],
        [
          10,
          4
        ]
      ],
      "height": 3,
      "height_histogram": [
        [
          0,
          6
        ],
        [
          1,
          34
        ],
        [
          2,
          40
        ],
        [
          3,
          4
        ]
      ],
      "image": 14,
      "maximum_fibre": 10,
      "maximum_height_witness_orbit": [
        [
          1,
          1,
          1,
          7
        ],
        [
          3,
          3,
          3,
          1
        ],
        [
          2,
          2,
          2,
          4
        ],
        [
          3,
          3,
          2,
          2
        ],
        [
          2,
          2,
          3,
          3
        ]
      ],
      "parameters": {
        "N": 10,
        "n": 4
      },
      "states": 84,
      "tag": "RHA",
      "transition_table_sha256": "9c4e58df8e348db5087f59ee50981fae166f7ea8aa4e5bcd45392fef1441ddd5",
      "witness_cycle_entry": [
        3,
        3,
        2,
        2
      ]
    },
    {
      "all_maximizing_targets": [
        [
          3,
          3,
          3,
          2
        ]
      ],
      "core": 2,
      "cycles_by_length": [
        [
          2,
          1
        ]
      ],
      "fibre_histogram": [
        [
          0,
          76
        ],
        [
          1,
          12
        ],
        [
          3,
          28
        ],
        [
          5,
          2
        ],
        [
          6,
          1
        ],
        [
          8,
          1
        ]
      ],
      "height": 4,
      "height_histogram": [
        [
          0,
          2
        ],
        [
          1,
          12
        ],
        [
          2,
          34
        ],
        [
          3,
          48
        ],
        [
          4,
          24
        ]
      ],
      "image": 44,
      "maximum_fibre": 8,
      "maximum_height_witness_orbit": [
        [
          1,
          5,
          1,
          4
        ],
        [
          4,
          1,
          4,
          2
        ],
        [
          2,
          4,
          2,
          3
        ],
        [
          3,
          2,
          3,
          3
        ],
        [
          3,
          3,
          3,
          2
        ],
        [
          3,
          3,
          2,
          3
        ]
      ],
      "parameters": {
        "N": 11,
        "n": 4
      },
      "states": 120,
      "tag": "RHA",
      "transition_table_sha256": "765b5209f086cbaa05142de3daca54ebc7d7da3d18fcc961919066d46dfbc8b5",
      "witness_cycle_entry": [
        3,
        3,
        3,
        2
      ]
    },
    {
      "all_maximizing_targets": [
        [
          3,
          2,
          2,
          5
        ],
        [
          3,
          2,
          5,
          2
        ],
        [
          3,
          5,
          2,
          2
        ],
        [
          5,
          3,
          2,
          2
        ]
      ],
      "core": 19,
      "cycles_by_length": [
        [
          1,
          1
        ],
        [
          2,
          9
        ]
      ],
      "fibre_histogram": [
        [
          0,
          110
        ],
        [
          1,
          25
        ],
        [
          2,
          8
        ],
        [
          4,
          4
        ],
        [
          5,
          4
        ],
        [
          6,
          10
        ],
        [
          7,
          4
        ]
      ],
      "height": 3,
      "height_histogram": [
        [
          0,
          19
        ],
        [
          1,
          46
        ],
        [
          2,
          72
        ],
        [
          3,
          28
        ]
      ],
      "image": 55,
      "maximum_fibre": 7,
      "maximum_height_witness_orbit": [
        [
          1,
          1,
          1,
          9
        ],
        [
          4,
          4,
          3,
          1
        ],
        [
          2,
          2,
          3,
          5
        ],
        [
          4,
          3,
          3,
          2
        ],
        [
          2,
          3,
          3,
          4
        ]
      ],
      "parameters": {
        "N": 12,
        "n": 4
      },
      "states": 165,
      "tag": "RHA",
      "transition_table_sha256": "a8c9031274b63460964a3b4b9a787c0e6590b325528629e0937e1cd90b44b6d6",
      "witness_cycle_entry": [
        4,
        3,
        3,
        2
      ]
    },
    {
      "all_maximizing_targets": [
        [
          3,
          2,
          2,
          6
        ],
        [
          3,
          2,
          6,
          2
        ],
        [
          3,
          6,
          2,
          2
        ],
        [
          6,
          3,
          2,
          2
        ]
      ],
      "core": 2,
      "cycles_by_length": [
        [
          2,
          1
        ]
      ],
      "fibre_histogram": [
        [
          0,
          152
        ],
        [
          1,
          28
        ],
        [
          2,
          8
        ],
        [
          3,
          16
        ],
        [
          6,
          2
        ],
        [
          7,
          5
        ],
        [
          8,
          4
        ],
        [
          9,
          1
        ],
        [
          10,
          4
        ]
      ],
      "height": 5,
      "height_histogram": [
        [
          0,
          2
        ],
        [
          1,
          14
        ],
        [
          2,
          32
        ],
        [
          3,
          70
        ],
        [
          4,
          76
        ],
        [
          5,
          26
        ]
      ],
      "image": 68,
      "maximum_fibre": 10,
      "maximum_height_witness_orbit": [
        [
          1,
          1,
          1,
          10
        ],
        [
          4,
          4,
          4,
          1
        ],
        [
          3,
          2,
          2,
          6
        ],
        [
          3,
          4,
          4,
          2
        ],
        [
          3,
          3,
          3,
          4
        ],
        [
          4,
          3,
          3,
          3
        ],
        [
          3,
          4,
          3,
          3
        ]
      ],
      "parameters": {
        "N": 13,
        "n": 4
      },
      "states": 220,
      "tag": "RHA",
      "transition_table_sha256": "448c85b3673b766c194d0883096db34992e53d2804fe5c1c28cf40d1a23dc73b",
      "witness_cycle_entry": [
        4,
        3,
        3,
        3
      ]
    },
    {
      "all_maximizing_targets": [
        [
          2,
          2,
          5,
          5
        ],
        [
          2,
          5,
          2,
          5
        ],
        [
          2,
          5,
          5,
          2
        ],
        [
          5,
          2,
          2,
          5
        ],
        [
          5,
          2,
          5,
          2
        ],
        [
          5,
          5,
          2,
          2
        ]
      ],
      "core": 44,
      "cycles_by_length": [
        [
          2,
          22
        ]
      ],
      "fibre_histogram": [
        [
          0,
          194
        ],
        [
          1,
          26
        ],
        [
          2,
          8
        ],
        [
          3,
          16
        ],
        [
          4,
          32
        ],
        [
          5,
          4
        ],
        [
          8,
          6
        ]
      ],
      "height": 3,
      "height_histogram": [
        [
          0,
          44
        ],
        [
          1,
          86
        ],
        [
          2,
          144
        ],
        [
          3,
          12
        ]
      ],
      "image": 92,
      "maximum_fibre": 8,
      "maximum_height_witness_orbit": [
        [
          1,
          1,
          2,
          10
        ],
        [
          5,
          5,
          3,
          1
        ],
        [
          2,
          2,
          3,
          7
        ],
        [
          5,
          4,
          3,
          2
        ],
        [
          2,
          3,
          4,
          5
        ]
      ],
      "parameters": {
        "N": 14,
        "n": 4
      },
      "states": 286,
      "tag": "RHA",
      "transition_table_sha256": "8846b53933a8eb63444927b8aa060431075ae7208809296062cf07accbbd9696",
      "witness_cycle_entry": [
        5,
        4,
        3,
        2
      ]
    },
    {
      "all_maximizing_targets": [
        [
          4,
          4,
          4,
          3
        ]
      ],
      "core": 2,
      "cycles_by_length": [
        [
          2,
          1
        ]
      ],
      "fibre_histogram": [
        [
          0,
          232
        ],
        [
          1,
          48
        ],
        [
          2,
          4
        ],
        [
          3,
          28
        ],
        [
          4,
          38
        ],
        [
          5,
          13
        ],
        [
          7,
          1
        ]
      ],
      "height": 6,
      "height_histogram": [
        [
          0,
          2
        ],
        [
          1,
          10
        ],
        [
          2,
          32
        ],
        [
          3,
          56
        ],
        [
          4,
          104
        ],
        [
          5,
          116
        ],
        [
          6,
          44
        ]
      ],
      "image": 132,
      "maximum_fibre": 7,
      "maximum_height_witness_orbit": [
        [
          1,
          7,
          1,
          6
        ],
        [
          6,
          1,
          6,
          2
        ],
        [
          2,
          7,
          2,
          4
        ],
        [
          5,
          2,
          5,
          3
        ],
        [
          3,
          5,
          3,
          4
        ],
        [
          4,
          3,
          4,
          4
        ],
        [
          4,
          4,
          4,
          3
        ],
        [
          4,
          4,
          3,
          4
        ]
      ],
      "parameters": {
        "N": 15,
        "n": 4
      },
      "states": 364,
      "tag": "RHA",
      "transition_table_sha256": "5f1c93577b7fb31a426d4e24fa4ebbdae484d3509023e5fec79a30a4a166a20e",
      "witness_cycle_entry": [
        4,
        4,
        4,
        3
      ]
    },
    {
      "all_maximizing_targets": [
        [
          3,
          3,
          2,
          8
        ],
        [
          3,
          3,
          8,
          2
        ]
      ],
      "core": 19,
      "cycles_by_length": [
        [
          1,
          1
        ],
        [
          2,
          9
        ]
      ],
      "fibre_histogram": [
        [
          0,
          304
        ],
        [
          1,
          35
        ],
        [
          2,
          53
        ],
        [
          3,
          23
        ],
        [
          4,
          6
        ],
        [
          5,
          16
        ],
        [
          7,
          5
        ],
        [
          8,
          11
        ],
        [
          9,
          2
        ]
      ],
      "height": 5,
      "height_histogram": [
        [
          0,
          19
        ],
        [
          1,
          15
        ],
        [
          2,
          56
        ],
        [
          3,
          88
        ],
        [
          4,
          236
        ],
        [
          5,
          41
        ]
      ],
      "image": 151,
      "maximum_fibre": 9,
      "maximum_height_witness_orbit": [
        [
          1,
          1,
          1,
          13
        ],
        [
          5,
          5,
          5,
          1
        ],
        [
          3,
          3,
          2,
          8
        ],
        [
          4,
          4,
          6,
          2
        ],
        [
          4,
          3,
          3,
          6
        ],
        [
          4,
          5,
          4,
          3
        ],
        [
          4,
          3,
          4,
          5
        ]
      ],
      "parameters": {
        "N": 16,
        "n": 4
      },
      "states": 455,
      "tag": "RHA",
      "transition_table_sha256": "46799720e83b885201e9b07e49d59d4f9b74b9b4c9c90d9e554f51bb04a31b82",
      "witness_cycle_entry": [
        4,
        5,
        4,
        3
      ]
    },
    {
      "all_maximizing_targets": [
        [
          3,
          3,
          2,
          9
        ],
        [
          3,
          3,
          9,
          2
        ],
        [
          3,
          9,
          3,
          2
        ],
        [
          9,
          3,
          3,
          2
        ]
      ],
      "core": 26,
      "cycles_by_length": [
        [
          2,
          13
        ]
      ],
      "fibre_histogram": [
        [
          0,
          372
        ],
        [
          1,
          28
        ],
        [
          2,
          60
        ],
        [
          3,
          38
        ],
        [
          4,
          37
        ],
        [
          5,
          12
        ],
        [
          6,
          5
        ],
        [
          7,
          4
        ],
        [
          8,
          4
        ]
      ],
      "height": 7,
      "height_histogram": [
        [
          0,
          26
        ],
        [
          1,
          20
        ],
        [
          2,
          18
        ],
        [
          3,
          44
        ],
        [
          4,
          86
        ],
        [
          5,
          180
        ],
        [
          6,
          156
        ],
        [
          7,
          30
        ]
      ],
      "image": 188,
      "maximum_fibre": 8,
      "maximum_height_witness_orbit": [
        [
          1,
          1,
          2,
          13
        ],
        [
          6,
          6,
          4,
          1
        ],
        [
          3,
          2,
          3,
          9
        ],
        [
          5,
          6,
          4,
          2
        ],
        [
          3,
          3,
          4,
          7
        ],
        [
          5,
          5,
          4,
          3
        ],
        [
          4,
          4,
          4,
          5
        ],
        [
          5,
          4,
          4,
          4
        ],
        [
          4,
          5,
          4,
          4
        ]
      ],
      "parameters": {
        "N": 17,
        "n": 4
      },
      "states": 560,
      "tag": "RHA",
      "transition_table_sha256": "42bc307c3e47355876d2fda34f9ee3fc9e5ba7084f3d1a6c2488896fdd8bf86b",
      "witness_cycle_entry": [
        5,
        4,
        4,
        4
      ]
    },
    {
      "all_maximizing_targets": [
        [
          2,
          2,
          7,
          7
        ],
        [
          2,
          7,
          2,
          7
        ],
        [
          2,
          7,
          7,
          2
        ],
        [
          3,
          3,
          2,
          10
        ],
        [
          3,
          3,
          10,
          2
        ],
        [
          3,
          10,
          3,
          2
        ],
        [
          7,
          2,
          2,
          7
        ],
        [
          7,
          2,
          7,
          2
        ],
        [
          7,
          7,
          2,
          2
        ],
        [
          10,
          3,
          3,
          2
        ]
      ],
      "core": 44,
      "cycles_by_length": [
        [
          2,
          22
        ]
      ],
      "fibre_histogram": [
        [
          0,
          410
        ],
        [
          1,
          92
        ],
        [
          2,
          88
        ],
        [
          3,
          32
        ],
        [
          4,
          28
        ],
        [
          6,
          16
        ],
        [
          7,
          4
        ],
        [
          8,
          10
        ]
      ],
      "height": 5,
      "height_histogram": [
        [
          0,
          44
        ],
        [
          1,
          46
        ],
        [
          2,
          156
        ],
        [
          3,
          148
        ],
        [
          4,
          252
        ],
        [
          5,
          34
        ]
      ],
      "image": 270,
      "maximum_fibre": 8,
      "maximum_height_witness_orbit": [
        [
          1,
          1,
          1,
          15
        ],
        [
          6,
          6,
          5,
          1
        ],
        [
          3,
          2,
          3,
          10
        ],
        [
          5,
          6,
          5,
          2
        ],
        [
          4,
          3,
          4,
          7
        ],
        [
          5,
          6,
          4,
          3
        ],
        [
          4,
          3,
          5,
          6
        ]
      ],
      "parameters": {
        "N": 18,
        "n": 4
      },
      "states": 680,
      "tag": "RHA",
      "transition_table_sha256": "46840e8aac10a401bbfe6e3e6919002629136b171916cd26f1c280aadaf6f8f1",
      "witness_cycle_entry": [
        5,
        6,
        4,
        3
      ]
    },
    {
      "all_maximizing_targets": [
        [
          [
            0,
            1
          ]
        ]
      ],
      "controls": {
        "generic_length_bound": 0,
        "literal_difference_witnesses": {
          "EDR": null,
          "LEW": null
        }
      },
      "core": 1,
      "cycles_by_length": [
        [
          1,
          1
        ]
      ],
      "fibre_histogram": [
        [
          1,
          1
        ]
      ],
      "height": 0,
      "height_histogram": [
        [
          0,
          1
        ]
      ],
      "image": 1,
      "maximum_fibre": 1,
      "maximum_height_witness_orbit": [
        [
          [
            0,
            1
          ]
        ]
      ],
      "parameters": {
        "n": 1
      },
      "states": 1,
      "tag": "EPN",
      "transition_table_sha256": "d0bca111f8628137adc4c16f123496dcdd1d590d06cb5d9acd68b39fe656fb97",
      "witness_cycle_entry": [
        [
          0,
          1
        ]
      ]
    },
    {
      "all_maximizing_targets": [
        [
          [
            0,
            1
          ],
          [
            2,
            3
          ]
        ]
      ],
      "controls": {
        "generic_length_bound": 1,
        "literal_difference_witnesses": {
          "EDR": {
            "EPN": [
              [
                0,
                1
              ],
              [
                2,
                3
              ]
            ],
            "old": [
              [
                0,
                2
              ],
              [
                1,
                3
              ]
            ],
            "source": [
              [
                0,
                2
              ],
              [
                1,
                3
              ]
            ]
          },
          "LEW": {
            "EPN": [
              [
                0,
                1
              ],
              [
                2,
                3
              ]
            ],
            "old": [
              [
                0,
                2
              ],
              [
                1,
                3
              ]
            ],
            "source": [
              [
                0,
                1
              ],
              [
                2,
                3
              ]
            ]
          }
        }
      },
      "core": 2,
      "cycles_by_length": [
        [
          1,
          2
        ]
      ],
      "fibre_histogram": [
        [
          0,
          1
        ],
        [
          1,
          1
        ],
        [
          2,
          1
        ]
      ],
      "height": 1,
      "height_histogram": [
        [
          0,
          2
        ],
        [
          1,
          1
        ]
      ],
      "image": 2,
      "maximum_fibre": 2,
      "maximum_height_witness_orbit": [
        [
          [
            0,
            2
          ],
          [
            1,
            3
          ]
        ],
        [
          [
            0,
            1
          ],
          [
            2,
            3
          ]
        ]
      ],
      "parameters": {
        "n": 2
      },
      "states": 3,
      "tag": "EPN",
      "transition_table_sha256": "620055e12682b8f2e8c75577ff8f90beedd987990bb3299b383f04c1eddfb646",
      "witness_cycle_entry": [
        [
          0,
          1
        ],
        [
          2,
          3
        ]
      ]
    },
    {
      "all_maximizing_targets": [
        [
          [
            0,
            1
          ],
          [
            2,
            3
          ],
          [
            4,
            5
          ]
        ]
      ],
      "controls": {
        "generic_length_bound": 3,
        "literal_difference_witnesses": {
          "EDR": {
            "EPN": [
              [
                0,
                1
              ],
              [
                2,
                3
              ],
              [
                4,
                5
              ]
            ],
            "old": [
              [
                0,
                1
              ],
              [
                2,
                4
              ],
              [
                3,
                5
              ]
            ],
            "source": [
              [
                0,
                1
              ],
              [
                2,
                4
              ],
              [
                3,
                5
              ]
            ]
          },
          "LEW": {
            "EPN": [
              [
                0,
                1
              ],
              [
                2,
                3
              ],
              [
                4,
                5
              ]
            ],
            "old": [
              [
                0,
                2
              ],
              [
                1,
                3
              ],
              [
                4,
                5
              ]
            ],
            "source": [
              [
                0,
                1
              ],
              [
                2,
                3
              ],
              [
                4,
                5
              ]
            ]
          }
        }
      },
      "core": 10,
      "cycles_by_length": [
        [
          1,
          10
        ]
      ],
      "fibre_histogram": [
        [
          0,
          5
        ],
        [
          1,
          8
        ],
        [
          2,
          1
        ],
        [
          5,
          1
        ]
      ],
      "height": 1,
      "height_histogram": [
        [
          0,
          10
        ],
        [
          1,
          5
        ]
      ],
      "image": 10,
      "maximum_fibre": 5,
      "maximum_height_witness_orbit": [
        [
          [
            0,
            1
          ],
          [
            2,
            4
          ],
          [
            3,
            5
          ]
        ],
        [
          [
            0,
            1
          ],
          [
            2,
            3
          ],
          [
            4,
            5
          ]
        ]
      ],
      "parameters": {
        "n": 3
      },
      "states": 15,
      "tag": "EPN",
      "transition_table_sha256": "1c14ae44c9fd81e57b2e1d9fb2004c7a3ae8b9cd077221727a62cd82eee269b5",
      "witness_cycle_entry": [
        [
          0,
          1
        ],
        [
          2,
          3
        ],
        [
          4,
          5
        ]
      ]
    },
    {
      "all_maximizing_targets": [
        [
          [
            0,
            1
          ],
          [
            2,
            3
          ],
          [
            4,
            5
          ],
          [
            6,
            7
          ]
        ]
      ],
      "controls": {
        "generic_length_bound": 6,
        "literal_difference_witnesses": {
          "EDR": {
            "EPN": [
              [
                0,
                1
              ],
              [
                2,
                3
              ],
              [
                4,
                5
              ],
              [
                6,
                7
              ]
            ],
            "old": [
              [
                0,
                1
              ],
              [
                2,
                3
              ],
              [
                4,
                6
              ],
              [
                5,
                7
              ]
            ],
            "source": [
              [
                0,
                1
              ],
              [
                2,
                3
              ],
              [
                4,
                6
              ],
              [
                5,
                7
              ]
            ]
          },
          "LEW": {
            "EPN": [
              [
                0,
                1
              ],
              [
                2,
                3
              ],
              [
                4,
                5
              ],
              [
                6,
                7
              ]
            ],
            "old": [
              [
                0,
                2
              ],
              [
                1,
                3
              ],
              [
                4,
                6
              ],
              [
                5,
                7
              ]
            ],
            "source": [
              [
                0,
                1
              ],
              [
                2,
                3
              ],
              [
                4,
                5
              ],
              [
                6,
                7
              ]
            ]
          }
        }
      },
      "core": 56,
      "cycles_by_length": [
        [
          1,
          56
        ]
      ],
      "fibre_histogram": [
        [
          0,
          45
        ],
        [
          1,
          37
        ],
        [
          2,
          14
        ],
        [
          3,
          6
        ],
        [
          5,
          2
        ],
        [
          12,
          1
        ]
      ],
      "height": 2,
      "height_histogram": [
        [
          0,
          56
        ],
        [
          1,
          39
        ],
        [
          2,
          10
        ]
      ],
      "image": 60,
      "maximum_fibre": 12,
      "maximum_height_witness_orbit": [
        [
          [
            0,
            2
          ],
          [
            1,
            4
          ],
          [
            3,
            6
          ],
          [
            5,
            7
          ]
        ],
        [
          [
            0,
            2
          ],
          [
            1,
            3
          ],
          [
            4,
            6
          ],
          [
            5,
            7
          ]
        ],
        [
          [
            0,
            1
          ],
          [
            2,
            3
          ],
          [
            4,
            5
          ],
          [
            6,
            7
          ]
        ]
      ],
      "parameters": {
        "n": 4
      },
      "states": 105,
      "tag": "EPN",
      "transition_table_sha256": "8223e0dc664e57a361368a5f3fb61aa7263173b06500995802cfba4290a17c63",
      "witness_cycle_entry": [
        [
          0,
          1
        ],
        [
          2,
          3
        ],
        [
          4,
          5
        ],
        [
          6,
          7
        ]
      ]
    },
    {
      "all_maximizing_targets": [
        [
          [
            0,
            1
          ],
          [
            2,
            3
          ],
          [
            4,
            5
          ],
          [
            6,
            7
          ],
          [
            8,
            9
          ]
        ]
      ],
      "controls": {
        "generic_length_bound": 10,
        "literal_difference_witnesses": {
          "EDR": {
            "EPN": [
              [
                0,
                1
              ],
              [
                2,
                3
              ],
              [
                4,
                5
              ],
              [
                6,
                7
              ],
              [
                8,
                9
              ]
            ],
            "old": [
              [
                0,
                1
              ],
              [
                2,
                3
              ],
              [
                4,
                5
              ],
              [
                6,
                8
              ],
              [
                7,
                9
              ]
            ],
            "source": [
              [
                0,
                1
              ],
              [
                2,
                3
              ],
              [
                4,
                5
              ],
              [
                6,
                8
              ],
              [
                7,
                9
              ]
            ]
          },
          "LEW": {
            "EPN": [
              [
                0,
                1
              ],
              [
                2,
                3
              ],
              [
                4,
                5
              ],
              [
                6,
                7
              ],
              [
                8,
                9
              ]
            ],
            "old": [
              [
                0,
                2
              ],
              [
                1,
                3
              ],
              [
                4,
                6
              ],
              [
                5,
                7
              ],
              [
                8,
                9
              ]
            ],
            "source": [
              [
                0,
                1
              ],
              [
                2,
                3
              ],
              [
                4,
                5
              ],
              [
                6,
                7
              ],
              [
                8,
                9
              ]
            ]
          }
        }
      },
      "core": 421,
      "cycles_by_length": [
        [
          1,
          421
        ]
      ],
      "fibre_histogram": [
        [
          0,
          455
        ],
        [
          1,
          263
        ],
        [
          2,
          145
        ],
        [
          3,
          33
        ],
        [
          4,
          24
        ],
        [
          5,
          9
        ],
        [
          6,
          4
        ],
        [
          7,
          4
        ],
        [
          8,
          1
        ],
        [
          9,
          3
        ],
        [
          10,
          2
        ],
        [
          12,
          1
        ],
        [
          33,
          1
        ]
      ],
      "height": 3,
      "height_histogram": [
        [
          0,
          421
        ],
        [
          1,
          391
        ],
        [
          2,
          125
        ],
        [
          3,
          8
        ]
      ],
      "image": 490,
      "maximum_fibre": 33,
      "maximum_height_witness_orbit": [
        [
          [
            0,
            2
          ],
          [
            1,
            5
          ],
          [
            3,
            6
          ],
          [
            4,
            8
          ],
          [
            7,
            9
          ]
        ],
        [
          [
            0,
            2
          ],
          [
            1,
            4
          ],
          [
            3,
            6
          ],
          [
            5,
            8
          ],
          [
            7,
            9
          ]
        ],
        [
          [
            0,
            2
          ],
          [
            1,
            3
          ],
          [
            4,
            5
          ],
          [
            6,
            8
          ],
          [
            7,
            9
          ]
        ],
        [
          [
            0,
            1
          ],
          [
            2,
            3
          ],
          [
            4,
            5
          ],
          [
            6,
            7
          ],
          [
            8,
            9
          ]
        ]
      ],
      "parameters": {
        "n": 5
      },
      "states": 945,
      "tag": "EPN",
      "transition_table_sha256": "df768557dedbbf953e59eb9dfed327e6a6fb455c1a0c8217b1f05c0c8f0ea154",
      "witness_cycle_entry": [
        [
          0,
          1
        ],
        [
          2,
          3
        ],
        [
          4,
          5
        ],
        [
          6,
          7
        ],
        [
          8,
          9
        ]
      ]
    },
    {
      "all_maximizing_targets": [
        [
          [
            0,
            1
          ],
          [
            2,
            3
          ],
          [
            4,
            5
          ],
          [
            6,
            7
          ],
          [
            8,
            9
          ],
          [
            10,
            11
          ]
        ]
      ],
      "controls": {
        "generic_length_bound": 15,
        "literal_difference_witnesses": {
          "EDR": {
            "EPN": [
              [
                0,
                1
              ],
              [
                2,
                3
              ],
              [
                4,
                5
              ],
              [
                6,
                7
              ],
              [
                8,
                9
              ],
              [
                10,
                11
              ]
            ],
            "old": [
              [
                0,
                1
              ],
              [
                2,
                3
              ],
              [
                4,
                5
              ],
              [
                6,
                7
              ],
              [
                8,
                10
              ],
              [
                9,
                11
              ]
            ],
            "source": [
              [
                0,
                1
              ],
              [
                2,
                3
              ],
              [
                4,
                5
              ],
              [
                6,
                7
              ],
              [
                8,
                10
              ],
              [
                9,
                11
              ]
            ]
          },
          "LEW": {
            "EPN": [
              [
                0,
                1
              ],
              [
                2,
                3
              ],
              [
                4,
                5
              ],
              [
                6,
                7
              ],
              [
                8,
                9
              ],
              [
                10,
                11
              ]
            ],
            "old": [
              [
                0,
                2
              ],
              [
                1,
                3
              ],
              [
                4,
                6
              ],
              [
                5,
                7
              ],
              [
                8,
                10
              ],
              [
                9,
                11
              ]
            ],
            "source": [
              [
                0,
                1
              ],
              [
                2,
                3
              ],
              [
                4,
                5
              ],
              [
                6,
                7
              ],
              [
                8,
                9
              ],
              [
                10,
                11
              ]
            ]
          }
        }
      },
      "core": 3871,
      "cycles_by_length": [
        [
          1,
          3871
        ]
      ],
      "fibre_histogram": [
        [
          0,
          5678
        ],
        [
          1,
          2209
        ],
        [
          2,
          1370
        ],
        [
          3,
          493
        ],
        [
          4,
          319
        ],
        [
          5,
          120
        ],
        [
          6,
          73
        ],
        [
          7,
          20
        ],
        [
          8,
          22
        ],
        [
          9,
          12
        ],
        [
          10,
          16
        ],
        [
          11,
          18
        ],
        [
          12,
          12
        ],
        [
          13,
          7
        ],
        [
          15,
          3
        ],
        [
          16,
          1
        ],
        [
          17,
          2
        ],
        [
          18,
          1
        ],
        [
          19,
          4
        ],
        [
          21,
          5
        ],
        [
          25,
          4
        ],
        [
          26,
          1
        ],
        [
          28,
          2
        ],
        [
          32,
          1
        ],
        [
          33,
          1
        ],
        [
          95,
          1
        ]
      ],
      "height": 4,
      "height_histogram": [
        [
          0,
          3871
        ],
        [
          1,
          4722
        ],
        [
          2,
          1613
        ],
        [
          3,
          177
        ],
        [
          4,
          12
        ]
      ],
      "image": 4717,
      "maximum_fibre": 95,
      "maximum_height_witness_orbit": [
        [
          [
            0,
            2
          ],
          [
            1,
            7
          ],
          [
            3,
            6
          ],
          [
            4,
            8
          ],
          [
            5,
            11
          ],
          [
            9,
            10
          ]
        ],
        [
          [
            0,
            2
          ],
          [
            1,
            5
          ],
          [
            3,
            6
          ],
          [
            4,
            8
          ],
          [
            7,
            11
          ],
          [
            9,
            10
          ]
        ],
        [
          [
            0,
            2
          ],
          [
            1,
            4
          ],
          [
            3,
            6
          ],
          [
            5,
            7
          ],
          [
            8,
            11
          ],
          [
            9,
            10
          ]
        ],
        [
          [
            0,
            2
          ],
          [
            1,
            3
          ],
          [
            4,
            6
          ],
          [
            5,
            7
          ],
          [
            8,
            11
          ],
          [
            9,
            10
          ]
        ],
        [
          [
            0,
            1
          ],
          [
            2,
            3
          ],
          [
            4,
            5
          ],
          [
            6,
            7
          ],
          [
            8,
            11
          ],
          [
            9,
            10
          ]
        ]
      ],
      "parameters": {
        "n": 6
      },
      "states": 10395,
      "tag": "EPN",
      "transition_table_sha256": "430f4803acb30c74f2cc2fd5b44127ab8ffa8ee4fe543d97aeb42197448d15fb",
      "witness_cycle_entry": [
        [
          0,
          1
        ],
        [
          2,
          3
        ],
        [
          4,
          5
        ],
        [
          6,
          7
        ],
        [
          8,
          11
        ],
        [
          9,
          10
        ]
      ]
    },
    {
      "all_maximizing_targets": [
        [
          0
        ]
      ],
      "controls": {
        "n_ge_3_bound": null,
        "separate_valued_inverse": "unproved"
      },
      "core": 1,
      "cycles_by_length": [
        [
          1,
          1
        ]
      ],
      "fibre_histogram": [
        [
          1,
          1
        ]
      ],
      "height": 0,
      "height_histogram": [
        [
          0,
          1
        ]
      ],
      "image": 1,
      "maximum_fibre": 1,
      "maximum_height_witness_orbit": [
        [
          0
        ]
      ],
      "parameters": {
        "M": 0,
        "n": 1
      },
      "states": 1,
      "tag": "QRM",
      "transition_table_sha256": "d0bca111f8628137adc4c16f123496dcdd1d590d06cb5d9acd68b39fe656fb97",
      "witness_cycle_entry": [
        0
      ]
    },
    {
      "all_maximizing_targets": [
        [
          0
        ],
        [
          1
        ]
      ],
      "controls": {
        "n_ge_3_bound": null,
        "separate_valued_inverse": "unproved"
      },
      "core": 2,
      "cycles_by_length": [
        [
          1,
          2
        ]
      ],
      "fibre_histogram": [
        [
          1,
          2
        ]
      ],
      "height": 0,
      "height_histogram": [
        [
          0,
          2
        ]
      ],
      "image": 2,
      "maximum_fibre": 1,
      "maximum_height_witness_orbit": [
        [
          0
        ]
      ],
      "parameters": {
        "M": 1,
        "n": 1
      },
      "states": 2,
      "tag": "QRM",
      "transition_table_sha256": "463f2998327eb3a694145e6014444480b2235be84aa6cfd57871cc64f1cd816c",
      "witness_cycle_entry": [
        0
      ]
    },
    {
      "all_maximizing_targets": [
        [
          0
        ],
        [
          1
        ],
        [
          2
        ]
      ],
      "controls": {
        "n_ge_3_bound": null,
        "separate_valued_inverse": "unproved"
      },
      "core": 3,
      "cycles_by_length": [
        [
          1,
          3
        ]
      ],
      "fibre_histogram": [
        [
          1,
          3
        ]
      ],
      "height": 0,
      "height_histogram": [
        [
          0,
          3
        ]
      ],
      "image": 3,
      "maximum_fibre": 1,
      "maximum_height_witness_orbit": [
        [
          0
        ]
      ],
      "parameters": {
        "M": 2,
        "n": 1
      },
      "states": 3,
      "tag": "QRM",
      "transition_table_sha256": "434026bd98ff2d8a2fb346c89ae9de006d1e2a6862832b6b3cd86e51de36d5c5",
      "witness_cycle_entry": [
        0
      ]
    },
    {
      "all_maximizing_targets": [
        [
          0
        ],
        [
          1
        ],
        [
          2
        ],
        [
          3
        ]
      ],
      "controls": {
        "n_ge_3_bound": null,
        "separate_valued_inverse": "unproved"
      },
      "core": 4,
      "cycles_by_length": [
        [
          1,
          4
        ]
      ],
      "fibre_histogram": [
        [
          1,
          4
        ]
      ],
      "height": 0,
      "height_histogram": [
        [
          0,
          4
        ]
      ],
      "image": 4,
      "maximum_fibre": 1,
      "maximum_height_witness_orbit": [
        [
          0
        ]
      ],
      "parameters": {
        "M": 3,
        "n": 1
      },
      "states": 4,
      "tag": "QRM",
      "transition_table_sha256": "f2f991d74dfbb2edf7f4475dcb7d82989de00a71e44bb11d4a6fbb49442577b6",
      "witness_cycle_entry": [
        0
      ]
    },
    {
      "all_maximizing_targets": [
        [
          0
        ],
        [
          1
        ],
        [
          2
        ],
        [
          3
        ],
        [
          4
        ]
      ],
      "controls": {
        "n_ge_3_bound": null,
        "separate_valued_inverse": "unproved"
      },
      "core": 5,
      "cycles_by_length": [
        [
          1,
          5
        ]
      ],
      "fibre_histogram": [
        [
          1,
          5
        ]
      ],
      "height": 0,
      "height_histogram": [
        [
          0,
          5
        ]
      ],
      "image": 5,
      "maximum_fibre": 1,
      "maximum_height_witness_orbit": [
        [
          0
        ]
      ],
      "parameters": {
        "M": 4,
        "n": 1
      },
      "states": 5,
      "tag": "QRM",
      "transition_table_sha256": "7f2c5f390b0c7e30e5a644380decea0554bbb62cfc03eff193d13a8c1a117708",
      "witness_cycle_entry": [
        0
      ]
    },
    {
      "all_maximizing_targets": [
        [
          0,
          0
        ]
      ],
      "controls": {
        "n_ge_3_bound": null,
        "separate_valued_inverse": "unproved"
      },
      "core": 1,
      "cycles_by_length": [
        [
          1,
          1
        ]
      ],
      "fibre_histogram": [
        [
          1,
          1
        ]
      ],
      "height": 0,
      "height_histogram": [
        [
          0,
          1
        ]
      ],
      "image": 1,
      "maximum_fibre": 1,
      "maximum_height_witness_orbit": [
        [
          0,
          0
        ]
      ],
      "parameters": {
        "M": 0,
        "n": 2
      },
      "states": 1,
      "tag": "QRM",
      "transition_table_sha256": "d0bca111f8628137adc4c16f123496dcdd1d590d06cb5d9acd68b39fe656fb97",
      "witness_cycle_entry": [
        0,
        0
      ]
    },
    {
      "all_maximizing_targets": [
        [
          0,
          0
        ],
        [
          0,
          1
        ],
        [
          1,
          0
        ],
        [
          1,
          1
        ]
      ],
      "controls": {
        "n_ge_3_bound": null,
        "separate_valued_inverse": "unproved"
      },
      "core": 4,
      "cycles_by_length": [
        [
          1,
          2
        ],
        [
          2,
          1
        ]
      ],
      "fibre_histogram": [
        [
          1,
          4
        ]
      ],
      "height": 0,
      "height_histogram": [
        [
          0,
          4
        ]
      ],
      "image": 4,
      "maximum_fibre": 1,
      "maximum_height_witness_orbit": [
        [
          0,
          0
        ]
      ],
      "parameters": {
        "M": 1,
        "n": 2
      },
      "states": 4,
      "tag": "QRM",
      "transition_table_sha256": "8b7b04f671e1a1a57c5fef2c89e915fc63583464ab1bd884a50e00d8b58efc4c",
      "witness_cycle_entry": [
        0,
        0
      ]
    },
    {
      "all_maximizing_targets": [
        [
          0,
          0
        ],
        [
          0,
          1
        ],
        [
          0,
          2
        ],
        [
          1,
          0
        ],
        [
          1,
          1
        ],
        [
          1,
          2
        ],
        [
          2,
          0
        ],
        [
          2,
          1
        ],
        [
          2,
          2
        ]
      ],
      "controls": {
        "n_ge_3_bound": null,
        "separate_valued_inverse": "unproved"
      },
      "core": 9,
      "cycles_by_length": [
        [
          1,
          3
        ],
        [
          2,
          3
        ]
      ],
      "fibre_histogram": [
        [
          1,
          9
        ]
      ],
      "height": 0,
      "height_histogram": [
        [
          0,
          9
        ]
      ],
      "image": 9,
      "maximum_fibre": 1,
      "maximum_height_witness_orbit": [
        [
          0,
          0
        ]
      ],
      "parameters": {
        "M": 2,
        "n": 2
      },
      "states": 9,
      "tag": "QRM",
      "transition_table_sha256": "51131bd08e0b39f295c8b26a270d86a3fea68d2dce69ab0c733a74df53724a4a",
      "witness_cycle_entry": [
        0,
        0
      ]
    },
    {
      "all_maximizing_targets": [
        [
          0,
          0
        ],
        [
          0,
          1
        ],
        [
          0,
          2
        ],
        [
          0,
          3
        ],
        [
          1,
          0
        ],
        [
          1,
          1
        ],
        [
          1,
          2
        ],
        [
          1,
          3
        ],
        [
          2,
          0
        ],
        [
          2,
          1
        ],
        [
          2,
          2
        ],
        [
          2,
          3
        ],
        [
          3,
          0
        ],
        [
          3,
          1
        ],
        [
          3,
          2
        ],
        [
          3,
          3
        ]
      ],
      "controls": {
        "n_ge_3_bound": null,
        "separate_valued_inverse": "unproved"
      },
      "core": 16,
      "cycles_by_length": [
        [
          1,
          4
        ],
        [
          2,
          6
        ]
      ],
      "fibre_histogram": [
        [
          1,
          16
        ]
      ],
      "height": 0,
      "height_histogram": [
        [
          0,
          16
        ]
      ],
      "image": 16,
      "maximum_fibre": 1,
      "maximum_height_witness_orbit": [
        [
          0,
          0
        ]
      ],
      "parameters": {
        "M": 3,
        "n": 2
      },
      "states": 16,
      "tag": "QRM",
      "transition_table_sha256": "4fa9362e576172e441f5a71f4e75d6e92b7ff4e885bbe11d8d5d67e97aede6a9",
      "witness_cycle_entry": [
        0,
        0
      ]
    },
    {
      "all_maximizing_targets": [
        [
          0,
          0
        ],
        [
          0,
          1
        ],
        [
          0,
          2
        ],
        [
          0,
          3
        ],
        [
          0,
          4
        ],
        [
          1,
          0
        ],
        [
          1,
          1
        ],
        [
          1,
          2
        ],
        [
          1,
          3
        ],
        [
          1,
          4
        ],
        [
          2,
          0
        ],
        [
          2,
          1
        ],
        [
          2,
          2
        ],
        [
          2,
          3
        ],
        [
          2,
          4
        ],
        [
          3,
          0
        ],
        [
          3,
          1
        ],
        [
          3,
          2
        ],
        [
          3,
          3
        ],
        [
          3,
          4
        ],
        [
          4,
          0
        ],
        [
          4,
          1
        ],
        [
          4,
          2
        ],
        [
          4,
          3
        ],
        [
          4,
          4
        ]
      ],
      "controls": {
        "n_ge_3_bound": null,
        "separate_valued_inverse": "unproved"
      },
      "core": 25,
      "cycles_by_length": [
        [
          1,
          5
        ],
        [
          2,
          10
        ]
      ],
      "fibre_histogram": [
        [
          1,
          25
        ]
      ],
      "height": 0,
      "height_histogram": [
        [
          0,
          25
        ]
      ],
      "image": 25,
      "maximum_fibre": 1,
      "maximum_height_witness_orbit": [
        [
          0,
          0
        ]
      ],
      "parameters": {
        "M": 4,
        "n": 2
      },
      "states": 25,
      "tag": "QRM",
      "transition_table_sha256": "0220b3ef6d17f848b65213949baf656cd374ec803528cbfc787e0405ba485df4",
      "witness_cycle_entry": [
        0,
        0
      ]
    },
    {
      "all_maximizing_targets": [
        [
          0,
          0,
          0
        ]
      ],
      "controls": {
        "n_ge_3_bound": 0,
        "separate_valued_inverse": "unproved"
      },
      "core": 1,
      "cycles_by_length": [
        [
          1,
          1
        ]
      ],
      "fibre_histogram": [
        [
          1,
          1
        ]
      ],
      "height": 0,
      "height_histogram": [
        [
          0,
          1
        ]
      ],
      "image": 1,
      "maximum_fibre": 1,
      "maximum_height_witness_orbit": [
        [
          0,
          0,
          0
        ]
      ],
      "parameters": {
        "M": 0,
        "n": 3
      },
      "states": 1,
      "tag": "QRM",
      "transition_table_sha256": "d0bca111f8628137adc4c16f123496dcdd1d590d06cb5d9acd68b39fe656fb97",
      "witness_cycle_entry": [
        0,
        0,
        0
      ]
    },
    {
      "all_maximizing_targets": [
        [
          0,
          0,
          0
        ]
      ],
      "controls": {
        "n_ge_3_bound": 2,
        "separate_valued_inverse": "unproved"
      },
      "core": 2,
      "cycles_by_length": [
        [
          1,
          2
        ]
      ],
      "fibre_histogram": [
        [
          0,
          3
        ],
        [
          1,
          4
        ],
        [
          4,
          1
        ]
      ],
      "height": 2,
      "height_histogram": [
        [
          0,
          2
        ],
        [
          1,
          3
        ],
        [
          2,
          3
        ]
      ],
      "image": 5,
      "maximum_fibre": 4,
      "maximum_height_witness_orbit": [
        [
          0,
          1,
          1
        ],
        [
          1,
          0,
          0
        ],
        [
          0,
          0,
          0
        ]
      ],
      "parameters": {
        "M": 1,
        "n": 3
      },
      "states": 8,
      "tag": "QRM",
      "transition_table_sha256": "7292c045ebda3a1e2ed43656171142eefb54604ea2e489187ee223168dcb96b0",
      "witness_cycle_entry": [
        0,
        0,
        0
      ]
    },
    {
      "all_maximizing_targets": [
        [
          0,
          0,
          0
        ],
        [
          1,
          1,
          1
        ]
      ],
      "controls": {
        "n_ge_3_bound": 4,
        "separate_valued_inverse": "unproved"
      },
      "core": 3,
      "cycles_by_length": [
        [
          1,
          3
        ]
      ],
      "fibre_histogram": [
        [
          0,
          15
        ],
        [
          1,
          4
        ],
        [
          2,
          3
        ],
        [
          3,
          3
        ],
        [
          4,
          2
        ]
      ],
      "height": 3,
      "height_histogram": [
        [
          0,
          3
        ],
        [
          1,
          6
        ],
        [
          2,
          9
        ],
        [
          3,
          9
        ]
      ],
      "image": 12,
      "maximum_fibre": 4,
      "maximum_height_witness_orbit": [
        [
          0,
          0,
          2
        ],
        [
          1,
          1,
          0
        ],
        [
          0,
          0,
          1
        ],
        [
          0,
          0,
          0
        ]
      ],
      "parameters": {
        "M": 2,
        "n": 3
      },
      "states": 27,
      "tag": "QRM",
      "transition_table_sha256": "d382235367e5188212e45078fab6bd1606f9165ec375827322539395414742c1",
      "witness_cycle_entry": [
        0,
        0,
        0
      ]
    },
    {
      "all_maximizing_targets": [
        [
          1,
          2,
          2
        ],
        [
          2,
          1,
          2
        ],
        [
          2,
          2,
          1
        ]
      ],
      "controls": {
        "n_ge_3_bound": 6,
        "separate_valued_inverse": "unproved"
      },
      "core": 4,
      "cycles_by_length": [
        [
          1,
          4
        ]
      ],
      "fibre_histogram": [
        [
          0,
          42
        ],
        [
          1,
          4
        ],
        [
          2,
          3
        ],
        [
          3,
          9
        ],
        [
          4,
          3
        ],
        [
          5,
          3
        ]
      ],
      "height": 3,
      "height_histogram": [
        [
          0,
          4
        ],
        [
          1,
          9
        ],
        [
          2,
          18
        ],
        [
          3,
          33
        ]
      ],
      "image": 22,
      "maximum_fibre": 5,
      "maximum_height_witness_orbit": [
        [
          0,
          0,
          2
        ],
        [
          1,
          1,
          0
        ],
        [
          0,
          0,
          1
        ],
        [
          0,
          0,
          0
        ]
      ],
      "parameters": {
        "M": 3,
        "n": 3
      },
      "states": 64,
      "tag": "QRM",
      "transition_table_sha256": "b2caeb90ac519593b0e379af803e4ea54b594b1f195327c1e2a3983587e18824",
      "witness_cycle_entry": [
        0,
        0,
        0
      ]
    },
    {
      "all_maximizing_targets": [
        [
          2,
          2,
          3
        ],
        [
          2,
          3,
          2
        ],
        [
          3,
          2,
          2
        ]
      ],
      "controls": {
        "n_ge_3_bound": 8,
        "separate_valued_inverse": "unproved"
      },
      "core": 5,
      "cycles_by_length": [
        [
          1,
          5
        ]
      ],
      "fibre_histogram": [
        [
          0,
          87
        ],
        [
          1,
          4
        ],
        [
          2,
          15
        ],
        [
          3,
          6
        ],
        [
          4,
          4
        ],
        [
          6,
          6
        ],
        [
          7,
          3
        ]
      ],
      "height": 4,
      "height_histogram": [
        [
          0,
          5
        ],
        [
          1,
          12
        ],
        [
          2,
          36
        ],
        [
          3,
          54
        ],
        [
          4,
          18
        ]
      ],
      "image": 38,
      "maximum_fibre": 7,
      "maximum_height_witness_orbit": [
        [
          0,
          2,
          4
        ],
        [
          3,
          2,
          1
        ],
        [
          1,
          2,
          2
        ],
        [
          2,
          1,
          1
        ],
        [
          1,
          1,
          1
        ]
      ],
      "parameters": {
        "M": 4,
        "n": 3
      },
      "states": 125,
      "tag": "QRM",
      "transition_table_sha256": "10dfe8a6d1b89890f076c70d1987bdf314114a60e84ceb7e2d8a02b446898a6b",
      "witness_cycle_entry": [
        1,
        1,
        1
      ]
    },
    {
      "all_maximizing_targets": [
        [
          0,
          0,
          0,
          0
        ]
      ],
      "controls": {
        "n_ge_3_bound": 0,
        "separate_valued_inverse": "unproved"
      },
      "core": 1,
      "cycles_by_length": [
        [
          1,
          1
        ]
      ],
      "fibre_histogram": [
        [
          1,
          1
        ]
      ],
      "height": 0,
      "height_histogram": [
        [
          0,
          1
        ]
      ],
      "image": 1,
      "maximum_fibre": 1,
      "maximum_height_witness_orbit": [
        [
          0,
          0,
          0,
          0
        ]
      ],
      "parameters": {
        "M": 0,
        "n": 4
      },
      "states": 1,
      "tag": "QRM",
      "transition_table_sha256": "d0bca111f8628137adc4c16f123496dcdd1d590d06cb5d9acd68b39fe656fb97",
      "witness_cycle_entry": [
        0,
        0,
        0,
        0
      ]
    },
    {
      "all_maximizing_targets": [
        [
          0,
          0,
          0,
          0
        ]
      ],
      "controls": {
        "n_ge_3_bound": 2,
        "separate_valued_inverse": "unproved"
      },
      "core": 2,
      "cycles_by_length": [
        [
          1,
          2
        ]
      ],
      "fibre_histogram": [
        [
          0,
          10
        ],
        [
          1,
          5
        ],
        [
          11,
          1
        ]
      ],
      "height": 2,
      "height_histogram": [
        [
          0,
          2
        ],
        [
          1,
          10
        ],
        [
          2,
          4
        ]
      ],
      "image": 6,
      "maximum_fibre": 11,
      "maximum_height_witness_orbit": [
        [
          0,
          1,
          1,
          1
        ],
        [
          1,
          0,
          0,
          0
        ],
        [
          0,
          0,
          0,
          0
        ]
      ],
      "parameters": {
        "M": 1,
        "n": 4
      },
      "states": 16,
      "tag": "QRM",
      "transition_table_sha256": "407f1d88314f15cb905ce848e852e42f2ae68806115fe5114f307532a4a90fca",
      "witness_cycle_entry": [
        0,
        0,
        0,
        0
      ]
    },
    {
      "all_maximizing_targets": [
        [
          1,
          1,
          1,
          1
        ]
      ],
      "controls": {
        "n_ge_3_bound": 4,
        "separate_valued_inverse": "unproved"
      },
      "core": 3,
      "cycles_by_length": [
        [
          1,
          3
        ]
      ],
      "fibre_histogram": [
        [
          0,
          66
        ],
        [
          1,
          5
        ],
        [
          2,
          4
        ],
        [
          7,
          4
        ],
        [
          11,
          1
        ],
        [
          29,
          1
        ]
      ],
      "height": 3,
      "height_histogram": [
        [
          0,
          3
        ],
        [
          1,
          38
        ],
        [
          2,
          12
        ],
        [
          3,
          28
        ]
      ],
      "image": 15,
      "maximum_fibre": 29,
      "maximum_height_witness_orbit": [
        [
          0,
          0,
          0,
          2
        ],
        [
          1,
          1,
          1,
          0
        ],
        [
          0,
          0,
          0,
          1
        ],
        [
          0,
          0,
          0,
          0
        ]
      ],
      "parameters": {
        "M": 2,
        "n": 4
      },
      "states": 81,
      "tag": "QRM",
      "transition_table_sha256": "777a7512453133ad7eeb51662ed2c84d55fcdae4f2e618790941c426a6418fdd",
      "witness_cycle_entry": [
        0,
        0,
        0,
        0
      ]
    },
    {
      "all_maximizing_targets": [
        [
          2,
          2,
          2,
          2
        ]
      ],
      "controls": {
        "n_ge_3_bound": 6,
        "separate_valued_inverse": "unproved"
      },
      "core": 4,
      "cycles_by_length": [
        [
          1,
          4
        ]
      ],
      "fibre_histogram": [
        [
          0,
          226
        ],
        [
          1,
          5
        ],
        [
          2,
          4
        ],
        [
          3,
          4
        ],
        [
          6,
          4
        ],
        [
          11,
          1
        ],
        [
          12,
          6
        ],
        [
          14,
          4
        ],
        [
          33,
          1
        ],
        [
          35,
          1
        ]
      ],
      "height": 3,
      "height_histogram": [
        [
          0,
          4
        ],
        [
          1,
          76
        ],
        [
          2,
          96
        ],
        [
          3,
          80
        ]
      ],
      "image": 30,
      "maximum_fibre": 35,
      "maximum_height_witness_orbit": [
        [
          0,
          0,
          0,
          2
        ],
        [
          1,
          1,
          1,
          0
        ],
        [
          0,
          0,
          0,
          1
        ],
        [
          0,
          0,
          0,
          0
        ]
      ],
      "parameters": {
        "M": 3,
        "n": 4
      },
      "states": 256,
      "tag": "QRM",
      "transition_table_sha256": "eb3124054c9b627f9ce79df4453a2af8c2d7c1f048d747f05b02b35243a99f26",
      "witness_cycle_entry": [
        0,
        0,
        0,
        0
      ]
    },
    {
      "all_maximizing_targets": [
        [
          2,
          2,
          2,
          2
        ]
      ],
      "controls": {
        "n_ge_3_bound": 8,
        "separate_valued_inverse": "unproved"
      },
      "core": 5,
      "cycles_by_length": [
        [
          1,
          5
        ]
      ],
      "fibre_histogram": [
        [
          0,
          576
        ],
        [
          1,
          5
        ],
        [
          2,
          4
        ],
        [
          3,
          4
        ],
        [
          4,
          4
        ],
        [
          7,
          4
        ],
        [
          11,
          1
        ],
        [
          12,
          6
        ],
        [
          14,
          4
        ],
        [
          15,
          6
        ],
        [
          21,
          4
        ],
        [
          23,
          1
        ],
        [
          33,
          1
        ],
        [
          37,
          4
        ],
        [
          39,
          1
        ]
      ],
      "height": 3,
      "height_histogram": [
        [
          0,
          5
        ],
        [
          1,
          102
        ],
        [
          2,
          274
        ],
        [
          3,
          244
        ]
      ],
      "image": 49,
      "maximum_fibre": 39,
      "maximum_height_witness_orbit": [
        [
          0,
          0,
          0,
          2
        ],
        [
          1,
          1,
          1,
          0
        ],
        [
          0,
          0,
          0,
          1
        ],
        [
          0,
          0,
          0,
          0
        ]
      ],
      "parameters": {
        "M": 4,
        "n": 4
      },
      "states": 625,
      "tag": "QRM",
      "transition_table_sha256": "12a779f5ec0c32490abf0f0d3df8f3dfab60ac42cdc7c27b59202ddf44af25f1",
      "witness_cycle_entry": [
        0,
        0,
        0,
        0
      ]
    },
    {
      "all_maximizing_targets": [
        [
          0,
          0,
          0,
          0,
          0
        ]
      ],
      "controls": {
        "n_ge_3_bound": 0,
        "separate_valued_inverse": "unproved"
      },
      "core": 1,
      "cycles_by_length": [
        [
          1,
          1
        ]
      ],
      "fibre_histogram": [
        [
          1,
          1
        ]
      ],
      "height": 0,
      "height_histogram": [
        [
          0,
          1
        ]
      ],
      "image": 1,
      "maximum_fibre": 1,
      "maximum_height_witness_orbit": [
        [
          0,
          0,
          0,
          0,
          0
        ]
      ],
      "parameters": {
        "M": 0,
        "n": 5
      },
      "states": 1,
      "tag": "QRM",
      "transition_table_sha256": "d0bca111f8628137adc4c16f123496dcdd1d590d06cb5d9acd68b39fe656fb97",
      "witness_cycle_entry": [
        0,
        0,
        0,
        0,
        0
      ]
    },
    {
      "all_maximizing_targets": [
        [
          0,
          0,
          0,
          0,
          0
        ]
      ],
      "controls": {
        "n_ge_3_bound": 2,
        "separate_valued_inverse": "unproved"
      },
      "core": 2,
      "cycles_by_length": [
        [
          1,
          2
        ]
      ],
      "fibre_histogram": [
        [
          0,
          25
        ],
        [
          1,
          6
        ],
        [
          26,
          1
        ]
      ],
      "height": 2,
      "height_histogram": [
        [
          0,
          2
        ],
        [
          1,
          25
        ],
        [
          2,
          5
        ]
      ],
      "image": 7,
      "maximum_fibre": 26,
      "maximum_height_witness_orbit": [
        [
          0,
          1,
          1,
          1,
          1
        ],
        [
          1,
          0,
          0,
          0,
          0
        ],
        [
          0,
          0,
          0,
          0,
          0
        ]
      ],
      "parameters": {
        "M": 1,
        "n": 5
      },
      "states": 32,
      "tag": "QRM",
      "transition_table_sha256": "b7886069fc313f21f20c16681ec836626329e3b0557831f501c43b072b8047bc",
      "witness_cycle_entry": [
        0,
        0,
        0,
        0,
        0
      ]
    },
    {
      "all_maximizing_targets": [
        [
          1,
          1,
          1,
          1,
          1
        ]
      ],
      "controls": {
        "n_ge_3_bound": 4,
        "separate_valued_inverse": "unproved"
      },
      "core": 3,
      "cycles_by_length": [
        [
          1,
          3
        ]
      ],
      "fibre_histogram": [
        [
          0,
          225
        ],
        [
          1,
          6
        ],
        [
          2,
          5
        ],
        [
          15,
          5
        ],
        [
          26,
          1
        ],
        [
          126,
          1
        ]
      ],
      "height": 3,
      "height_histogram": [
        [
          0,
          3
        ],
        [
          1,
          150
        ],
        [
          2,
          15
        ],
        [
          3,
          75
        ]
      ],
      "image": 18,
      "maximum_fibre": 126,
      "maximum_height_witness_orbit": [
        [
          0,
          0,
          0,
          0,
          2
        ],
        [
          1,
          1,
          1,
          1,
          0
        ],
        [
          0,
          0,
          0,
          0,
          1
        ],
        [
          0,
          0,
          0,
          0,
          0
        ]
      ],
      "parameters": {
        "M": 2,
        "n": 5
      },
      "states": 243,
      "tag": "QRM",
      "transition_table_sha256": "bf15b3945d4fbc38e112c7ae5202e2d65bd217c6422c8c8c3a365ca11c92851d",
      "witness_cycle_entry": [
        0,
        0,
        0,
        0,
        0
      ]
    },
    {
      "all_maximizing_targets": [
        [
          1,
          1,
          1,
          1,
          1
        ]
      ],
      "controls": {
        "n_ge_3_bound": 6,
        "separate_valued_inverse": "unproved"
      },
      "core": 4,
      "cycles_by_length": [
        [
          1,
          4
        ]
      ],
      "fibre_histogram": [
        [
          0,
          975
        ],
        [
          1,
          6
        ],
        [
          2,
          5
        ],
        [
          3,
          5
        ],
        [
          8,
          5
        ],
        [
          12,
          10
        ],
        [
          20,
          10
        ],
        [
          26,
          1
        ],
        [
          30,
          5
        ],
        [
          166,
          1
        ],
        [
          291,
          1
        ]
      ],
      "height": 3,
      "height_histogram": [
        [
          0,
          4
        ],
        [
          1,
          480
        ],
        [
          2,
          350
        ],
        [
          3,
          190
        ]
      ],
      "image": 49,
      "maximum_fibre": 291,
      "maximum_height_witness_orbit": [
        [
          0,
          0,
          0,
          0,
          2
        ],
        [
          1,
          1,
          1,
          1,
          0
        ],
        [
          0,
          0,
          0,
          0,
          1
        ],
        [
          0,
          0,
          0,
          0,
          0
        ]
      ],
      "parameters": {
        "M": 3,
        "n": 5
      },
      "states": 1024,
      "tag": "QRM",
      "transition_table_sha256": "8942ac1d35b0b9218d50f88dd285586527bf3433126879f18258adfdd045a1b5",
      "witness_cycle_entry": [
        0,
        0,
        0,
        0,
        0
      ]
    },
    {
      "all_maximizing_targets": [
        [
          2,
          2,
          2,
          2,
          2
        ]
      ],
      "controls": {
        "n_ge_3_bound": 8,
        "separate_valued_inverse": "unproved"
      },
      "core": 5,
      "cycles_by_length": [
        [
          1,
          5
        ]
      ],
      "fibre_histogram": [
        [
          0,
          3040
        ],
        [
          1,
          6
        ],
        [
          2,
          5
        ],
        [
          4,
          10
        ],
        [
          12,
          10
        ],
        [
          15,
          5
        ],
        [
          20,
          10
        ],
        [
          26,
          1
        ],
        [
          28,
          10
        ],
        [
          30,
          5
        ],
        [
          31,
          10
        ],
        [
          35,
          5
        ],
        [
          153,
          5
        ],
        [
          166,
          1
        ],
        [
          291,
          1
        ],
        [
          511,
          1
        ]
      ],
      "height": 3,
      "height_histogram": [
        [
          0,
          5
        ],
        [
          1,
          990
        ],
        [
          2,
          1120
        ],
        [
          3,
          1010
        ]
      ],
      "image": 85,
      "maximum_fibre": 511,
      "maximum_height_witness_orbit": [
        [
          0,
          0,
          0,
          0,
          2
        ],
        [
          1,
          1,
          1,
          1,
          0
        ],
        [
          0,
          0,
          0,
          0,
          1
        ],
        [
          0,
          0,
          0,
          0,
          0
        ]
      ],
      "parameters": {
        "M": 4,
        "n": 5
      },
      "states": 3125,
      "tag": "QRM",
      "transition_table_sha256": "4d81287c77ce046bd46e66a025e89da810e7e5875b279bbe825ada8eacfcaafa",
      "witness_cycle_entry": [
        0,
        0,
        0,
        0,
        0
      ]
    },
    {
      "all_maximizing_targets": [
        [
          1,
          1,
          1
        ]
      ],
      "controls": {
        "fixed_count": 4,
        "general_clock": "unproved",
        "old_LV_difference": {
          "QEF": [
            1,
            1,
            1
          ],
          "old_LV": [
            0,
            0,
            0
          ],
          "source": [
            0,
            1,
            1
          ]
        }
      },
      "core": 4,
      "cycles_by_length": [
        [
          1,
          4
        ]
      ],
      "fibre_histogram": [
        [
          0,
          3
        ],
        [
          1,
          3
        ],
        [
          2,
          1
        ],
        [
          3,
          1
        ]
      ],
      "height": 2,
      "height_histogram": [
        [
          0,
          4
        ],
        [
          1,
          1
        ],
        [
          2,
          3
        ]
      ],
      "image": 5,
      "maximum_fibre": 3,
      "maximum_height_witness_orbit": [
        [
          0,
          1,
          1
        ],
        [
          1,
          1,
          1
        ],
        [
          0,
          0,
          0
        ]
      ],
      "parameters": {
        "p": 2
      },
      "states": 8,
      "tag": "QEF",
      "transition_table_sha256": "ee209188240b7526e2b2b65fd64fdf0a25a81f9a37912a24d6c638e56496b027",
      "witness_cycle_entry": [
        0,
        0,
        0
      ]
    },
    {
      "all_maximizing_targets": [
        [
          0,
          0,
          0
        ]
      ],
      "controls": {
        "fixed_count": 7,
        "general_clock": "unproved",
        "old_LV_difference": {
          "QEF": [
            1,
            1,
            1
          ],
          "old_LV": [
            0,
            2,
            0
          ],
          "source": [
            0,
            1,
            1
          ]
        }
      },
      "core": 7,
      "cycles_by_length": [
        [
          1,
          7
        ]
      ],
      "fibre_histogram": [
        [
          0,
          12
        ],
        [
          1,
          10
        ],
        [
          3,
          4
        ],
        [
          5,
          1
        ]
      ],
      "height": 3,
      "height_histogram": [
        [
          0,
          7
        ],
        [
          1,
          4
        ],
        [
          2,
          4
        ],
        [
          3,
          12
        ]
      ],
      "image": 15,
      "maximum_fibre": 5,
      "maximum_height_witness_orbit": [
        [
          0,
          1,
          1
        ],
        [
          1,
          1,
          1
        ],
        [
          2,
          2,
          2
        ],
        [
          0,
          0,
          0
        ]
      ],
      "parameters": {
        "p": 3
      },
      "states": 27,
      "tag": "QEF",
      "transition_table_sha256": "9d2b79bc6fe6fb107da1bad1e239c47cb069246c809054f675fcab3dda9d60e3",
      "witness_cycle_entry": [
        0,
        0,
        0
      ]
    },
    {
      "all_maximizing_targets": [
        [
          0,
          0,
          0
        ]
      ],
      "controls": {
        "fixed_count": 13,
        "general_clock": "unproved",
        "old_LV_difference": {
          "QEF": [
            1,
            1,
            1
          ],
          "old_LV": [
            0,
            2,
            0
          ],
          "source": [
            0,
            1,
            1
          ]
        }
      },
      "core": 21,
      "cycles_by_length": [
        [
          1,
          13
        ],
        [
          2,
          4
        ]
      ],
      "fibre_histogram": [
        [
          0,
          60
        ],
        [
          1,
          30
        ],
        [
          2,
          16
        ],
        [
          3,
          14
        ],
        [
          4,
          4
        ],
        [
          5,
          1
        ]
      ],
      "height": 3,
      "height_histogram": [
        [
          0,
          21
        ],
        [
          1,
          32
        ],
        [
          2,
          48
        ],
        [
          3,
          24
        ]
      ],
      "image": 65,
      "maximum_fibre": 5,
      "maximum_height_witness_orbit": [
        [
          0,
          1,
          2
        ],
        [
          2,
          1,
          2
        ],
        [
          4,
          0,
          4
        ],
        [
          4,
          1,
          4
        ],
        [
          3,
          2,
          3
        ]
      ],
      "parameters": {
        "p": 5
      },
      "states": 125,
      "tag": "QEF",
      "transition_table_sha256": "c4f7db30a23c8dcf583e76e9d7fc8b6309fd7bbb5aa50c0334229bba97a52ff6",
      "witness_cycle_entry": [
        4,
        1,
        4
      ]
    },
    {
      "all_maximizing_targets": [
        [
          0,
          0,
          0
        ],
        [
          1,
          1,
          6
        ],
        [
          1,
          6,
          1
        ],
        [
          6,
          1,
          1
        ],
        [
          6,
          6,
          6
        ]
      ],
      "controls": {
        "fixed_count": 19,
        "general_clock": "unproved",
        "old_LV_difference": {
          "QEF": [
            1,
            1,
            1
          ],
          "old_LV": [
            0,
            2,
            0
          ],
          "source": [
            0,
            1,
            1
          ]
        }
      },
      "core": 19,
      "cycles_by_length": [
        [
          1,
          19
        ]
      ],
      "fibre_histogram": [
        [
          0,
          156
        ],
        [
          1,
          90
        ],
        [
          2,
          52
        ],
        [
          3,
          36
        ],
        [
          4,
          4
        ],
        [
          5,
          5
        ]
      ],
      "height": 10,
      "height_histogram": [
        [
          0,
          19
        ],
        [
          1,
          28
        ],
        [
          2,
          20
        ],
        [
          3,
          20
        ],
        [
          4,
          40
        ],
        [
          5,
          60
        ],
        [
          6,
          48
        ],
        [
          7,
          60
        ],
        [
          8,
          12
        ],
        [
          9,
          12
        ],
        [
          10,
          24
        ]
      ],
      "image": 187,
      "maximum_fibre": 5,
      "maximum_height_witness_orbit": [
        [
          0,
          1,
          2
        ],
        [
          2,
          1,
          2
        ],
        [
          4,
          5,
          4
        ],
        [
          3,
          0,
          3
        ],
        [
          3,
          2,
          3
        ],
        [
          2,
          4,
          2
        ],
        [
          3,
          1,
          3
        ],
        [
          6,
          3,
          6
        ],
        [
          3,
          4,
          3
        ],
        [
          1,
          6,
          1
        ],
        [
          0,
          0,
          0
        ]
      ],
      "parameters": {
        "p": 7
      },
      "states": 343,
      "tag": "QEF",
      "transition_table_sha256": "9c03a2a3f43cdb4b5eb7d9b3702aea1e3267a05d34de0411bbc5bd3843fbb1ab",
      "witness_cycle_entry": [
        0,
        0,
        0
      ]
    },
    {
      "all_maximizing_targets": [
        [
          0,
          0,
          0
        ],
        [
          0,
          0,
          3
        ],
        [
          0,
          0,
          8
        ],
        [
          0,
          3,
          0
        ],
        [
          0,
          8,
          0
        ],
        [
          1,
          1,
          1
        ],
        [
          1,
          10,
          10
        ],
        [
          2,
          2,
          9
        ],
        [
          2,
          9,
          2
        ],
        [
          3,
          0,
          0
        ],
        [
          5,
          5,
          6
        ],
        [
          5,
          6,
          5
        ],
        [
          6,
          5,
          5
        ],
        [
          6,
          6,
          6
        ],
        [
          8,
          0,
          0
        ],
        [
          9,
          2,
          2
        ],
        [
          9,
          9,
          9
        ],
        [
          10,
          1,
          10
        ],
        [
          10,
          10,
          1
        ]
      ],
      "controls": {
        "fixed_count": 31,
        "general_clock": "unproved",
        "old_LV_difference": {
          "QEF": [
            1,
            1,
            1
          ],
          "old_LV": [
            0,
            2,
            0
          ],
          "source": [
            0,
            1,
            1
          ]
        }
      },
      "core": 43,
      "cycles_by_length": [
        [
          1,
          31
        ],
        [
          3,
          4
        ]
      ],
      "fibre_histogram": [
        [
          0,
          564
        ],
        [
          1,
          408
        ],
        [
          2,
          196
        ],
        [
          3,
          140
        ],
        [
          4,
          4
        ],
        [
          5,
          19
        ]
      ],
      "height": 10,
      "height_histogram": [
        [
          0,
          43
        ],
        [
          1,
          88
        ],
        [
          2,
          144
        ],
        [
          3,
          252
        ],
        [
          4,
          228
        ],
        [
          5,
          216
        ],
        [
          6,
          168
        ],
        [
          7,
          96
        ],
        [
          8,
          48
        ],
        [
          9,
          24
        ],
        [
          10,
          24
        ]
      ],
      "image": 767,
      "maximum_fibre": 5,
      "maximum_height_witness_orbit": [
        [
          3,
          4,
          6
        ],
        [
          5,
          0,
          7
        ],
        [
          5,
          2,
          7
        ],
        [
          8,
          4,
          6
        ],
        [
          10,
          8,
          5
        ],
        [
          6,
          3,
          8
        ],
        [
          8,
          7,
          4
        ],
        [
          3,
          6,
          5
        ],
        [
          0,
          10,
          1
        ],
        [
          10,
          10,
          1
        ],
        [
          9,
          9,
          2
        ],
        [
          5,
          5,
          6
        ],
        [
          2,
          2,
          9
        ]
      ],
      "parameters": {
        "p": 11
      },
      "states": 1331,
      "tag": "QEF",
      "transition_table_sha256": "9c741a9b647249d3db804a2d1737eb26dc656ca4c68bfece23e39eda3aa51cb7",
      "witness_cycle_entry": [
        9,
        9,
        2
      ]
    },
    {
      "all_maximizing_targets": [
        [
          0,
          0,
          0
        ],
        [
          0,
          0,
          2
        ],
        [
          0,
          0,
          11
        ],
        [
          0,
          2,
          0
        ],
        [
          0,
          11,
          0
        ],
        [
          1,
          1,
          12
        ],
        [
          1,
          4,
          4
        ],
        [
          1,
          9,
          9
        ],
        [
          1,
          12,
          1
        ],
        [
          2,
          0,
          0
        ],
        [
          4,
          1,
          4
        ],
        [
          4,
          4,
          1
        ],
        [
          4,
          4,
          4
        ],
        [
          4,
          9,
          9
        ],
        [
          4,
          9,
          12
        ],
        [
          4,
          12,
          9
        ],
        [
          6,
          6,
          6
        ],
        [
          6,
          6,
          7
        ],
        [
          6,
          7,
          6
        ],
        [
          6,
          7,
          7
        ],
        [
          7,
          6,
          6
        ],
        [
          7,
          6,
          7
        ],
        [
          7,
          7,
          6
        ],
        [
          7,
          7,
          7
        ],
        [
          9,
          1,
          9
        ],
        [
          9,
          4,
          9
        ],
        [
          9,
          4,
          12
        ],
        [
          9,
          9,
          1
        ],
        [
          9,
          9,
          4
        ],
        [
          9,
          12,
          4
        ],
        [
          11,
          0,
          0
        ],
        [
          12,
          1,
          1
        ],
        [
          12,
          4,
          9
        ],
        [
          12,
          9,
          4
        ],
        [
          12,
          12,
          12
        ]
      ],
      "controls": {
        "fixed_count": 37,
        "general_clock": "unproved",
        "old_LV_difference": {
          "QEF": [
            1,
            1,
            1
          ],
          "old_LV": [
            0,
            2,
            0
          ],
          "source": [
            0,
            1,
            1
          ]
        }
      },
      "core": 45,
      "cycles_by_length": [
        [
          1,
          37
        ],
        [
          2,
          4
        ]
      ],
      "fibre_histogram": [
        [
          0,
          888
        ],
        [
          1,
          744
        ],
        [
          2,
          328
        ],
        [
          3,
          186
        ],
        [
          4,
          16
        ],
        [
          5,
          35
        ]
      ],
      "height": 12,
      "height_histogram": [
        [
          0,
          45
        ],
        [
          1,
          96
        ],
        [
          2,
          152
        ],
        [
          3,
          208
        ],
        [
          4,
          368
        ],
        [
          5,
          392
        ],
        [
          6,
          360
        ],
        [
          7,
          336
        ],
        [
          8,
          96
        ],
        [
          9,
          72
        ],
        [
          10,
          24
        ],
        [
          11,
          24
        ],
        [
          12,
          24
        ]
      ],
      "image": 1309,
      "maximum_fibre": 5,
      "maximum_height_witness_orbit": [
        [
          0,
          5,
          6
        ],
        [
          4,
          5,
          6
        ],
        [
          8,
          3,
          0
        ],
        [
          8,
          3,
          11
        ],
        [
          2,
          0,
          9
        ],
        [
          2,
          5,
          9
        ],
        [
          8,
          10,
          6
        ],
        [
          3,
          6,
          8
        ],
        [
          12,
          4,
          0
        ],
        [
          12,
          4,
          9
        ],
        [
          9,
          8,
          5
        ],
        [
          10,
          1,
          12
        ],
        [
          9,
          4,
          9
        ],
        [
          6,
          7,
          6
        ]
      ],
      "parameters": {
        "p": 13
      },
      "states": 2197,
      "tag": "QEF",
      "transition_table_sha256": "23a29eff274fae7c8654d14aa2f0bc4552c1ea5018ae2c60245ef41cd1b1a9a3",
      "witness_cycle_entry": [
        9,
        4,
        9
      ]
    }
  ],
  "records_sha256": "66534ce51b3049a5ee274ca6ec6650a6b2c148636ed466db1f6879829e0666ad",
  "schema": "finite-algebra-ninth-author-scout-v1",
  "states": 33301,
  "status": "BOUNDED_OBSERVATIONS_AND_WEAK_PROOF_CONTROLS_ONLY"
}
