role,grid_n,index,window,target,predicted,residual,percent_error
P,320,1,train,14.1347,14.1347,0.0,0.0
P,320,2,train,21.022,27.639758661415424,6.617758661415426,31.480157270551928
P,320,3,train,25.0108,40.58622118009481,15.57542118009481,62.27478201454896
P,320,4,train,30.4248,53.03298288659632,22.60818288659632,74.30840264059688
P,320,5,train,32.935,65.02950955961715,32.09450955961715,97.44803266924897
P,320,6,train,37.5861,76.617808262615,39.031708262615,103.84612466474307
P,320,7,train,40.9187,87.83389570796398,46.915195707963974,114.65465840303816
P,320,8,train,43.327,98.70891504228719,55.38191504228719,127.82310116621782
P,320,9,train,48.0051,109.26999959349419,61.26489959349419,127.62164768637956
P,320,10,train,49.7738,119.5409504971758,69.7671504971758,140.16842293973096
P,320,11,train,52.9703,129.5427749614011,76.5724749614011,144.5573745313904
P,320,12,train,56.4462,139.2941185818426,82.8479185818426,146.77324351655668
P,320,13,train,59.347,148.8116160293993,89.46461602939928,150.74833779196805
P,320,14,train,60.8317,158.1101780990796,97.2784780990796,159.91412059679345
P,320,15,train,65.1125,167.2032286116763,102.09072861167631,156.79128986243242
P,320,16,train,67.0798,176.10290141361799,109.02310141361798,162.527469392601
P,320,17,train,69.5464,184.82020534331681,115.27380534331681,165.7509308078014
P,320,18,train,72.0671,193.36516326899203,121.29806326899204,168.31267425634172
P,320,19,train,75.7046,201.74692997956035,126.04232997956035,166.4923003087796
P,320,20,train,77.1448,209.97389270640844,132.82909270640843,172.18152449213483
P,320,21,train,79.3373,218.0537572849635,138.7164572849635,174.8439350532013
P,320,22,train,82.9103,225.99362237049758,143.08332237049757,172.576051914536
P,320,23,train,84.7354,233.80004365943722,149.06464365943722,175.9177907455883
P,320,24,train,87.4252,241.47908970325477,154.05388970325475,176.21222451107317
P,320,25,train,88.8091,249.03639061402453,160.22729061402453,180.41764933326036
P,320,26,train,92.4918,256.47718073108047,163.98538073108045,177.29720984031064
P,320,27,train,94.6513,263.80633613392564,169.15503613392565,178.71390687071982
P,320,28,train,95.8706,271.0284077380026,175.15780773800262,182.70231722551296
P,320,29,train,98.8311,278.1476505891494,179.31655058914941,181.4373720308176
P,320,30,train,101.3178,285.16804987415344,183.85024987415343,181.4589833910265
P,320,31,train,103.7255,292.0933440837877,188.3678440837877,181.60225217886415
P,320,32,train,105.4466,298.92704569837565,193.48044569837566,183.486661208968
P,320,33,train,107.1686,305.6724597103525,198.5038597103525,185.22576548574162
P,320,34,train,111.0295,312.33270025262516,201.30320025262517,181.30604952073563
P,320,35,train,111.8746,318.9107055629401,207.03610556294012,185.0608677599206
P,320,36,train,114.3202,325.4092514823314,211.0890514823314,184.6472027536091
P,320,37,train,116.2266,331.83096365857847,215.60436365857845,185.50345932736434
P,320,38,train,118.7907,338.17832860248404,219.38762860248403,184.68417864570546
P,320,39,train,121.3701,344.45370372559876,223.08360372559878,183.80441618289743
P,320,40,train,122.9468,350.6593264710735,227.7125264710735,185.21224340208408
P,320,41,train,124.2568,356.7973226354453,232.5405226354453,187.14510806285475
P,320,42,train,127.5166,362.8697139667987,235.35311396679873,184.5666477672701
P,320,43,train,129.5787,368.87842511445655,239.29972511445655,184.67520133668307
P,320,44,train,131.0876,374.8252899962478,243.7376899962478,185.93497020026896
P,320,45,train,133.4977,380.7120576416377,247.21435764163772,185.182484523432
P,320,46,train,134.7565,386.54039756232373,251.78389756232374,186.84360128255315
P,320,47,train,138.116,392.3119046959136,254.19590469591358,184.04522625612788
P,320,48,train,139.7362,398.0281039633215,258.2919039633215,184.84251322371833
P,320,49,train,141.1237,403.69045447594294,262.56675447594296,186.0543299785528
P,320,50,train,143.1118,409.3003534248414,266.1885534248414,186.00042304327206
P,320,51,train,146.0009,414.8591396806921,268.8582396806921,184.14834407232567
P,320,52,train,147.4427,420.36809713026855,272.92539713026855,185.10607655059798
P,320,53,train,150.0515,425.8284577725311,275.7769577725311,183.7882045647868
P,320,54,train,150.9252,431.24140459509823,280.31620459509827,185.73187552184677
P,320,55,train,153.0246,436.60807424974575,283.5834742497458,185.3188796113473
P,320,56,train,156.1129,441.9295595437965,285.8166595437965,183.08330672468227
P,320,57,train,157.5975,447.2069117625522,289.6094117625522,183.76523216583527
P,320,58,train,158.8499,452.4411428365539,293.59124283655393,184.8230580167529
P,320,59,train,161.1889,457.6332273660688,296.4443273660688,183.91112996370646
P,320,60,train,163.0306,462.7841045141224,299.7535045141224,183.8633388542534
P,320,61,train,165.5373,467.89467977830293,302.35737977830297,182.65211512952246
P,320,62,train,167.1844,472.9658266506639,305.7814266506639,182.90069327680325
P,320,63,train,169.0945,477.9983881742137,308.90388817421365,182.68121563635341
P,320,64,train,169.9119,482.99317840372913,313.08127840372913,184.26094841134088
P,320,65,train,173.4115,487.9509837779505,314.5394837779505,181.38328990750355
P,320,66,train,174.7541,492.87256440964615,318.11846440964615,182.03776873312052
P,320,67,train,176.4414,497.75865529940717,321.3172552994072,182.10989898028876
P,320,68,train,178.3774,502.60996747864783,324.23256747864787,181.76773934290324
P,320,69,train,179.9164,507.42718908673044,327.5107890867304,182.03498351830652
P,320,70,train,182.207,512.2109863868116,330.00398638681156,181.11487834540475
P,320,71,train,184.8744,516.9620047245824,332.0876047245823,179.62876673275605
P,320,72,train,185.9589,521.6808694337827,335.72196943378276,180.5355750296344
P,320,73,train,187.2289,526.3681866920314,339.13928669203136,181.13618500777997
P,320,74,train,189.4161,531.0245443302617,341.6084443302617,180.3481564292907
P,320,75,train,192.0266,535.6505125987823,343.6239125987822,178.9459963352901
P,320,76,train,193.0797,540.2466448927722,347.1669448927722,179.80499498019327
P,320,77,train,195.2658,544.8134784397888,349.5476784397888,179.01121365840243
P,320,78,train,196.8764,549.3515349516841,352.47513495168414,179.03371605316033
P,320,79,train,198.0153,553.8613212431541,355.84602124315404,179.70632635112239
P,320,80,train,201.2647,558.3433298189782,357.0786298189782,177.4174158801708
P,320,81,train,202.4935,562.7980394318523,360.3045394318523,177.93387907851474
P,320,82,train,204.1896,567.2259156125999,363.0363156125999,177.7937346527932
P,320,83,train,205.3946,571.6274111743882,366.2328111743882,178.30693269170084
P,320,84,train,207.9062,576.0029666925379,368.0967666925379,177.04944186009743
P,320,85,train,209.5765,580.3530109614254,370.7765109614254,176.91702598403225
P,320,86,train,211.3289,584.6779614285152,373.34906142851526,176.66729984801665
P,320,87,train,213.3479,588.9782246123236,375.63032461232365,176.06469274472525
P,320,88,train,214.547,593.2541964962924,378.70719649629234,176.5147946586493
P,320,89,train,216.1695,597.5062628704652,381.33676287046524,176.40636762839588
P,320,90,train,219.0675,601.7347998676154,382.6672998676154,174.68008712730796
P,320,91,train,220.7149,605.940173935108,385.22527393510796,174.53523705699433
P,320,92,train,221.3952,610.1227418733913,388.7275418733913,175.58083548034978
P,320,93,train,224.007,614.2828560167451,390.2758560167451,174.22484833810776
P,320,94,train,224.9833,618.4208476040819,393.43754760408194,174.87411181366878
P,320,95,train,227.4214,622.5370504757207,395.11565047572066,173.73723426015349
P,320,96,train,229.3374,626.6318506892583,397.29445068925827,173.2357873985047
P,320,97,train,231.2882,630.7053233429646,399.4171233429646,172.69239128626737
P,320,98,train,231.9872,634.7581768008431,402.7709768008431,173.61775856635325
P,320,99,train,233.6934,638.7909031460796,405.0975031460796,173.34571842682746
P,320,100,train,236.5242,642.8006923903921,406.2764923903921,171.76952396008193
P,320,101,development,237.7698204809252,646.7964457825598,409.02662530163457,172.0263002572474
P,320,102,development,239.55547757332764,650.767908463162,411.2124308898344,171.65645096299784
P,320,103,development,241.04915779621658,654.7038627544055,413.65470495818886,171.60595321718293
P,320,104,development,242.8232719342226,658.682952232281,415.8596802980584,171.26022435391155
P,320,105,development,244.07089849707816,662.5320056678767,418.4611071707985,171.45063575689176
P,320,106,development,247.1369900748975,666.4042315701444,419.2672414952468,169.64973206486954
P,320,107,development,248.10199006014847,670.5100541984874,422.40806413833894,170.25581456881207
P,320,108,development,249.5736896447072,673.8221266439647,424.2484369992575,169.98924750570345
P,320,109,development,251.014947795016,678.0840322471574,427.0690844521414,170.13691344026844
P,320,110,development,253.06998674799948,682.1313286473494,429.06134189934994,169.54256307232436
P,320,111,development,255.30625645491403,684.6924872984476,429.3862308435336,168.18476632959496
P,320,112,development,256.38071369443446,690.3219986784179,433.94128498398345,169.25660231259567
P,320,113,development,258.6104394915314,693.2240281248137,434.6135886332823,168.0572483801507
P,320,114,development,259.874406989678,696.8538400284917,436.97943303881374,168.15023768622595
P,320,115,development,260.8050845045969,703.3256704433059,442.52058593870896,169.6748308336409
P,320,116,development,263.57389390487015,705.0098655626626,441.4359716577925,167.48091592755267
P,320,117,development,265.55785183887633,710.0956233356679,444.5377714967916,167.39771331126332
P,320,118,development,266.6149737815011,716.9080321391164,450.2930583576153,168.89263643783335
P,320,119,development,267.92191508282406,717.7662844818733,449.84436939904924,167.90129663711406
P,320,120,development,269.9704490239976,723.8939527743322,453.9235037503346,168.1382186055428
P,320,121,development,271.494055641645,730.9250085279597,459.4309528863147,169.22320888407756
P,320,122,development,273.4596091884033,731.3505667047682,457.8909575163649,167.4437255561553
P,320,123,development,275.58749264934386,738.0910357099972,462.5035430606533,167.82457673038903
P,320,124,development,276.4520495031329,745.3019868504518,468.8499373473189,169.59539210867948
P,320,125,development,278.25074352984194,745.6631383324168,467.41239480257485,167.98244233710219
P,320,126,development,279.22925092774517,752.6131259925523,473.38387506480717,169.53233713587636
P,320,127,development,282.4651147650521,759.9774233039174,477.5123085388653,169.05178146903162
P,320,128,development,283.2111857332339,760.6618810295373,477.4506952963034,168.58468851086633
P,320,129,development,284.83596398090475,767.4143099574246,482.57834597651987,169.42324951945733
P,320,130,development,286.6674453630029,774.9079148227626,488.24046945975965,170.31598019144016
P,320,131,development,287.9119205014222,776.3222276905692,488.41030718914703,169.6387931206671
P,320,132,development,289.5798549292188,782.4620804554194,492.88222552620056,170.20597846720878
P,320,133,development,291.8462913290674,790.0700473946716,498.2237560656042,170.71443799977524
P,320,134,development,293.5584341393563,792.6197708073933,499.061336668037,170.0040873058771
P,320,135,development,294.9653696192655,797.7318340028281,502.7664643835626,170.44931919720676
P,320,136,development,295.57325487895827,805.4434784149958,509.8702235360375,172.50215136847788
P,320,137,development,297.97927706194344,809.539705398699,511.56042833675554,171.67651166239094
P,320,138,development,299.8403260537213,813.204221241307,513.3638951875857,171.21242560802452
P,320,139,development,301.64932546219416,821.0111921733359,519.3618667111417,172.17405207698155
P,320,140,development,302.6967495896069,827.0725055401093,524.3757559505025,173.2346834452123
P,320,141,development,304.8643713408573,828.8637168115669,523.9993454707096,171.87949617269174
P,320,142,development,305.7289126020368,836.7592095157177,531.0302969136808,173.6931886468048
P,320,143,development,307.2194961281701,844.6964298925413,537.4769337643713,174.9488364306604
P,320,144,development,310.1094631467019,845.2131245124551,535.1036613657532,172.55315459774098
P,320,145,development,311.165141530356,852.676038292336,541.51089676198,174.02685085442081
P,320,146,development,312.4278011806009,860.6946209800965,548.2668197994956,175.48592594119575
P,320,147,development,313.9852857311589,863.9549263018645,549.9696405707056,175.1577750817284
P,320,148,development,315.47561608947575,868.7522310992463,553.2766150097705,175.3785670880025
P,320,149,development,317.7348059423702,876.8475266500908,559.1127207077207,175.96835796740848
P,320,150,development,318.8531042563166,883.2978434957774,564.4447392394609,177.02344173689474
P,320,151,development,321.1601343091136,884.9801003811632,563.8199660720496,175.55727060737192
P,320,152,development,322.14455867248296,893.1487011903611,571.0041425178781,177.2509040261037
P,320,153,development,323.4669695575121,901.3529859606215,577.8860164031094,178.65379491254728
P,320,154,development,324.8628660517396,903.2408533798306,578.377987328091,178.0375807051998
P,320,155,development,327.44390126190547,909.5925536725507,582.1486524106452,177.78576732293897
P,320,156,development,329.03307168048093,917.8665150205779,588.833443340097,178.95874123921024
P,320,157,development,329.9532397282339,923.7834946504789,593.8302549222451,179.97406402536117
P,320,158,development,331.4744675826634,926.1746986929758,594.7002311103124,179.4105698237544
P,320,159,development,333.64537852486984,934.5164541064216,600.8710755815518,180.09273146181556
P,320,160,development,334.2113548332444,942.8916009101197,608.6802460768753,182.12434654728526
P,320,161,development,336.84185042839067,944.9274255932686,608.0855751648779,180.52554170199556
P,320,162,development,338.3399928508066,951.3000191948623,612.9600263440557,181.166885173502
P,320,163,development,339.85821672536355,959.7412513634893,619.8830346381258,182.394599904303
P,320,164,development,341.04226111104657,966.6740265679844,625.6317654569377,183.44699082710636
P,320,165,development,342.0548775103636,968.2153571776328,626.1604796672691,183.05848588529412
P,320,166,development,344.6617029402523,976.7219665152193,632.0602635749669,183.38569622994513
P,320,167,development,346.34787056600993,985.2612266528336,638.9133560868236,184.47157045969305
P,320,168,development,347.2726775844205,989.0261579369156,641.7534803524952,184.7981490557914
P,320,169,development,349.31626087069617,993.8331600316184,644.5168991609222,184.50812955412295
P,320,170,development,350.4084193491921,1002.4376758002476,652.0292564510555,186.07693778079275
P,320,171,development,351.87864902535927,1011.0748526116383,659.1962035862791,187.33623236650885
P,320,172,development,353.4889004887188,1011.9866106896353,658.4977102009166,186.28525797854064
P,320,173,development,356.0175749772649,1019.7451032460857,663.7275282688208,186.43111321434233
P,320,174,development,357.1513022520396,1028.4482819427976,671.296979690758,187.95870978429966
P,320,175,development,357.95268510163226,1035.5585643143938,677.6058792127616,189.30040405210855
P,320,176,development,359.74375495311443,1037.1848054241107,677.4410504709963,188.31210858942845
P,320,177,development,361.28936169580464,1045.95476112571,684.6653994299054,189.5061056368369
P,320,178,development,363.33133057897385,1054.7585922357546,691.4272616567807,190.30213016724466
P,320,179,development,364.736024114089,1059.7462471340707,695.0102230199817,190.55157074437574
P,320,180,development,366.2127102883313,1063.596661030333,697.3839507420017,190.43138895778043
P,320,181,development,367.9935754817403,1072.4692611550815,704.4756856733412,191.43695233024442
P,320,182,development,368.96843809573437,1081.376868120044,712.4084300243096,193.08113010995933
P,320,183,development,370.050919212106,1084.5536223815623,714.5027031694563,193.08226681094044
P,320,184,development,373.06192837211285,1090.320004116882,717.2580757447693,192.2624693638896
P,320,185,development,373.86487391090856,1099.2990845286402,725.4342106177317,194.03647179504793
P,320,186,development,375.82591276673935,1108.314675397802,732.4887626310626,194.90107992784684
P,320,187,development,376.32409223066804,1109.9851888833514,733.6610966526833,194.95459148094758
P,320,188,development,378.4366802499655,1117.3674694309968,738.9307891810313,195.25876526898813
P,320,189,development,379.87297534653237,1126.4579582683862,746.5849829218538,196.53542930786136
P,320,190,development,381.4844686171865,1135.586742021453,754.1022734042664,197.67574709863112
P,320,191,development,383.44352944953647,1136.045762912084,752.6022334625475,196.27459473444955
P,320,192,development,384.95611681486366,1144.7549127491382,759.7987959342745,197.37283361565167
P,320,193,development,385.86130084597426,1153.962802863253,768.1015020172788,199.06155406962796
P,320,194,development,387.222890222388,1162.739908549639,775.517018327251,200.2766463216727
P,320,195,development,388.84612835423223,1163.2114771235124,774.3653487692802,199.14441531068724
P,320,196,development,391.45608356363806,1172.5013772547024,781.0452936910644,199.5230950508633
P,320,197,development,392.2450833395191,1181.8337250115414,789.5886416720223,201.2998187127233
P,320,198,development,393.427743844434,1190.0735231307356,796.6457792863016,202.48845988891537
P,320,199,development,395.5828700109937,1191.2093792007388,795.6265091897451,201.12764467471348
P,320,200,development,396.3818542225922,1200.6291176254906,804.2472634028984,202.89709401058133
P,320,201,development,397.9187362096142,1210.0940800499443,812.17534384033,204.10583114952777
P,320,202,development,399.9851198761949,1218.0516326965937,818.0665128203989,204.52423657000298
P,320,203,development,401.8392286005332,1219.6052975028306,817.7660689022973,203.50578308401924
P,320,204,development,402.86191776388614,1229.163758396783,826.3018406328968,205.10795490905275
P,320,205,development,404.236441800208,1238.7706808646694,834.5342390644614,206.4470574072899
P,320,206,development,405.13438745990993,1246.6798892683007,841.5455018083908,207.7200869283568
P,320,207,development,407.5814603868962,1248.4273524337568,840.8458920468606,206.30130998811595
P,320,208,development,408.9472455023511,1258.1349414312665,849.1876959289154,207.65213735228187
P,320,209,development,410.51386919336665,1267.895121529648,857.3812523362812,208.8556116315827
P,320,210,development,411.9722678042788,1275.9640708212712,863.9918030169924,209.72086485866586
P,320,211,development,413.26273607018504,1277.7095445356158,864.4468084654308,209.17608412644793
P,320,212,development,415.01880975515513,1287.580444950973,872.5616351958179,210.24628635762198
P,320,213,development,415.4552149962946,1297.5104692407813,882.0552542444866,212.31055054931818
P,320,214,development,418.3877057895348,1305.9101068413518,887.522401051817,212.12917797787182
P,320,215,development,419.8613648181523,1307.5037845496504,887.6424197314981,211.4132173404305
P,320,216,development,420.6438276250418,1317.565051419687,896.9212237946452,213.22581359595102
P,320,217,development,422.07671005882673,1327.702239545144,905.6255294863173,214.5642031184559
P,320,218,development,423.7165796274818,1336.5240754555973,912.8074958281155,215.42878889247783
P,320,219,development,425.06988249446135,1337.9242318910112,912.8543493965499,214.7539468191902
P,320,220,development,427.2088250840746,1348.2445127632054,921.0356876791309,215.59378776828203
P,320,221,development,428.12791407661666,1358.6768595986364,930.5489455220197,217.35301878856026
P,320,222,development,430.3287454309386,1367.8121900853525,937.4834446544139,217.85285194359997
P,320,223,development,431.3013069307036,1369.240305485359,937.9389985546553,217.4672284740728
P,320,224,development,432.1386417345886,1379.9505442301179,947.8119024955292,219.33051362661
P,320,225,development,433.88921848092724,1390.8285889587744,956.9393704778472,220.54923923395717
P,320,226,development,436.16100643264696,1399.7808056499684,963.6197992173215,220.9321294213691
P,320,227,development,437.5816981676686,1401.8880859907622,964.3063878230936,220.37173672048763
P,320,228,development,438.6217386562722,1413.1487623917667,974.5270237354945,222.17937184804848
P,320,229,development,439.91844221437066,1424.6203389205125,984.7018967061418,223.8373757984668
P,320,230,development,441.68319920118904,1432.436357272816,990.7531580716269,224.31307323064684
P,320,231,development,442.90454630260945,1436.322048468892,993.4175021662826,224.2960724741673
P,320,232,development,444.31933627755916,1448.2606899420366,1003.9413536644774,225.9504081175822
P,320,233,development,446.8606226964295,1460.4573820651574,1013.5967593687278,226.82615291822324
P,320,234,development,447.4417041944933,1465.785424396108,1018.3437202016148,227.5924909670384
P,320,235,development,449.1485456850233,1472.9182064441104,1023.7696607590872,227.93565082074903
P,320,236,development,450.1269457803135,1485.6686037423801,1035.5416579620667,230.05546938917703
P,320,237,development,451.4033084453888,1498.7152386999344,1047.3119302545456,232.01246217300385
P,320,238,development,453.9867378066779,1499.8347170627283,1045.8479792560504,230.36972055809392
P,320,239,development,454.9746837686168,1512.0906192202708,1057.115935451654,232.3461003797881
P,320,240,development,456.32842668924604,1525.8028790030708,1069.4744523138247,234.3650734347355
P,320,241,postfreeze-evaluation,457.903893064103,1534.5908409744789,1076.686947910376,235.13382703641878
P,320,242,postfreeze-evaluation,459.513415281106,1539.8939745354517,1080.3805592543456,235.11404092379456
P,320,243,postfreeze-evaluation,460.08794442217584,1554.374820975055,1094.2868765528792,237.84297976492158
P,320,244,postfreeze-evaluation,462.06536727488253,1569.3004469451066,1107.235079670224,239.62736835274004
P,320,245,postfreeze-evaluation,464.05728691054827,1570.061045264626,1106.0037583540777,238.333453552098
P,320,246,postfreeze-evaluation,465.6715392113711,1584.6863338156058,1119.0147946042348,240.30130690385766
P,320,247,postfreeze-evaluation,466.5702869308262,1600.606262915774,1134.035975984948,243.05790740443794
P,320,248,postfreeze-evaluation,467.43904621026167,1606.2517428770298,1138.812696666768,243.62806357312982
P,320,249,postfreeze-evaluation,469.53600455911203,1617.0818567535543,1147.5458521944424,244.3999695554705
P,320,250,postfreeze-evaluation,470.77365547810166,1634.2163460730324,1163.4426905949308,247.1341964565494
P,320,251,postfreeze-evaluation,472.7991746619088,1643.1704245887447,1170.3712499268358,247.5408826091437
P,320,252,postfreeze-evaluation,473.8352323451397,1652.041884853238,1178.2066525080982,248.65323894908204
P,320,253,postfreeze-evaluation,475.6003393693758,1670.708664990935,1195.1083256215593,251.28416165686892
P,320,254,postfreeze-evaluation,476.7690152374845,1680.824112310615,1204.0550970731306,252.5447456927074
P,320,255,postfreeze-evaluation,478.07526376667096,1690.2683262686153,1212.1930625019443,253.55695104391893
P,320,256,postfreeze-evaluation,478.9421815346348,1710.9536425528313,1232.0114610181965,257.2359479949258
P,320,257,postfreeze-evaluation,481.8303393762866,1719.2200292323682,1237.3896898560815,256.81024807566945
P,320,258,postfreeze-evaluation,482.8347827909824,1732.8559881307563,1250.0212053397738,258.89212001549276
P,320,259,postfreeze-evaluation,483.8514272124825,1756.371789799898,1272.5203625874153,262.9981624563009
P,320,260,postfreeze-evaluation,485.539148129356,1758.3655924092693,1272.8264442799132,262.147027522652
P,320,261,postfreeze-evaluation,486.52871826165125,1781.6877223344236,1295.1590040727724,266.204019507898
P,320,262,postfreeze-evaluation,488.38056709001745,1798.2676886640436,1309.8871215740262,268.21032814202664
P,320,263,postfreeze-evaluation,489.66176157795616,1809.5914770693396,1319.9297154913834,269.55948351732695
P,320,264,postfreeze-evaluation,491.398821593663,1838.9341240719773,1347.5353024783144,274.2243658843344
P,320,265,postfreeze-evaluation,493.3144415817853,1840.562882784788,1347.2484412030026,273.1013584121165
P,320,266,postfreeze-evaluation,493.9579978053695,1876.703414765324,1382.7454169599546,279.93178025326506
P,320,267,postfreeze-evaluation,495.3588288221313,1880.3730685940839,1385.0142397719526,279.5981739268183
P,320,268,postfreeze-evaluation,496.4296962157591,1920.0168986456692,1423.5872024299101,286.7651176554894
P,320,269,postfreeze-evaluation,498.58078242968656,1922.5909651532502,1424.0101827235635,285.6127297534553
P,320,270,postfreeze-evaluation,500.3090849416905,1965.5955424083138,1465.2864574666232,292.8762442195903
P,320,271,postfreeze-evaluation,501.6044469651455,1984.0703551954105,1482.465908230265,295.54480970007745
P,320,272,postfreeze-evaluation,502.27627032711825,2009.3957023656822,1507.119432038564,300.0578607978075
P,320,273,postfreeze-evaluation,504.49977331342774,2053.9979713231105,1549.4981980096827,307.1355588195745
P,320,274,postfreeze-evaluation,505.41523174224443,2099.410755539834,1593.9955237975896,315.3833568297577
P,320,275,postfreeze-evaluation,506.46415270952355,2145.64189364501,1639.1777409354863,323.651285518645
P,320,276,postfreeze-evaluation,508.8007003364678,2192.6993437597303,1683.8986434232625,330.9544665150239
P,320,277,postfreeze-evaluation,510.26422794367284,2240.5911293485615,1730.3269014048888,339.1040967888301
P,320,278,postfreeze-evaluation,511.5622897003746,2289.3253334536253,1777.7630437532507,347.51643730316755
P,320,279,postfreeze-evaluation,512.6231445314074,2338.9100967456898,1826.2869522142823,356.2630699953481
P,320,280,postfreeze-evaluation,513.6689855554737,2389.3536163392073,1875.6846307837336,365.1543471629687
P,320,281,postfreeze-evaluation,515.4350571672994,2440.664144871913,1925.2290877046134,373.51535580159896
P,320,282,postfreeze-evaluation,517.5896685724674,2492.8499896973576,1975.2603211248902,381.6266902260116
P,320,283,postfreeze-evaluation,518.2342231475501,2545.919512174466,2027.685289026916,391.26811747621684
P,320,284,postfreeze-evaluation,520.1063104117233,2599.8811269941057,2079.7748165823823,399.87494382369715
P,320,285,postfreeze-evaluation,521.525193449492,2654.7433015914985,2133.2181081420067,409.0345269865859
P,320,286,postfreeze-evaluation,522.4566961777302,2710.5145555521212,2188.0578593743912,418.80176393223104
P,320,287,postfreeze-evaluation,523.9605308920159,2767.203460132991,2243.242929240975,428.1320437289369
P,320,288,postfreeze-evaluation,525.0773856872796,2824.818637706988,2299.741252019708,437.98139373485895
P,320,289,postfreeze-evaluation,527.9036416012724,2883.3687614113137,2355.4651198100414,446.1922468777234
P,320,290,postfreeze-evaluation,528.4062138522927,2942.862554565386,2414.456340713093,456.9318598868739
P,320,291,postfreeze-evaluation,529.8062263187069,3003.3087905181774,2473.5025641994707,466.86928943555415
P,320,292,postfreeze-evaluation,530.866917883961,3064.716291898784,2533.8493740148233,477.30406409854345
P,320,293,postfreeze-evaluation,532.6881830282937,3127.0939308659276,2594.405747837634,487.040229255439
P,320,294,postfreeze-evaluation,533.7796307537687,3190.4506278411304,2656.6709970873617,497.70932497663586
P,320,295,postfreeze-evaluation,535.6643140758732,3254.79535271436,2719.1310386384866,507.61847806298704
P,320,296,postfreeze-evaluation,537.0697590831223,3320.1371221299455,2783.067363046823,518.1947625943482
P,320,297,postfreeze-evaluation,538.4285261762479,3386.4850031874025,2848.0564770111546,528.9572038905826
P,320,298,postfreeze-evaluation,540.2131663762282,3453.8481066773397,2913.634940301112,539.3491165433625
P,320,299,postfreeze-evaluation,540.6313902472951,3522.2355977179477,2981.6042074706525,551.5040860107678
P,320,300,postfreeze-evaluation,541.8474371212013,3591.6566772971896,3049.809240175988,562.8538646190555
P,352,1,train,14.1347,14.1347,0.0,0.0
P,352,2,train,21.022,27.63975866140222,6.61775866140222,31.48015727048911
P,352,3,train,25.0108,40.58622118007195,15.575421180071952,62.274782014457564
P,352,4,train,30.4248,53.03298288657097,22.60818288657097,74.30840264051355
P,352,5,train,32.935,65.02950955959412,32.094509559594115,97.44803266917903
P,352,6,train,37.5861,76.6178082625843,39.0317082625843,103.8461246646614
P,352,7,train,40.9187,87.8338957079273,46.915195707927296,114.65465840294851
P,352,8,train,43.327,98.70891504224811,55.38191504224811,127.82310116612761
P,352,9,train,48.0051,109.26999959344495,61.26489959344495,127.62164768627699
P,352,10,train,49.7738,119.54095049712687,69.76715049712686,140.16842293963262
P,352,11,train,52.9703,129.54277496135094,76.57247496135093,144.55737453129572
P,352,12,train,56.4462,139.29411858178787,82.84791858178787,146.7732435164597
P,352,13,train,59.347,148.81161602933938,89.46461602933937,150.7483377918671
P,352,14,train,60.8317,158.1101780990189,97.2784780990189,159.91412059669366
P,352,15,train,65.1125,167.2032286116117,102.09072861161171,156.7912898623332
P,352,16,train,67.0798,176.10290141354648,109.02310141354647,162.5274693924944
P,352,17,train,69.5464,184.82020534324258,115.27380534324257,165.75093080769466
P,352,18,train,72.0671,193.3651632689173,121.29806326891732,168.31267425623804
P,352,19,train,75.7046,201.74692997947835,126.04232997947835,166.49230030867128
P,352,20,train,77.1448,209.97389270632775,132.82909270632774,172.18152449203023
P,352,21,train,79.3373,218.0537572848784,138.7164572848784,174.84393505309407
P,352,22,train,82.9103,225.9936223704106,143.0833223704106,172.57605191443113
P,352,23,train,84.7354,233.80004365934747,149.06464365934747,175.9177907454824
P,352,24,train,87.4252,241.47908970315686,154.05388970315687,176.21222451096122
P,352,25,train,88.8091,249.0363906139277,160.2272906139277,180.41764933315133
P,352,26,train,92.4918,256.4771807309817,163.98538073098166,177.29720984020386
P,352,27,train,94.6513,263.8063361338238,169.15503613382378,178.7139068706122
P,352,28,train,95.8706,271.0284077378936,175.1578077378936,182.70231722539924
P,352,29,train,98.8311,278.1476505890438,179.3165505890438,181.43737203071078
P,352,30,train,101.3178,285.1680498740406,183.8502498740406,181.4589833909151
P,352,31,train,103.7255,292.09334408367295,188.36784408367294,181.60225217875347
P,352,32,train,105.4466,298.9270456982595,193.48044569825953,183.48666120885787
P,352,33,train,107.1686,305.6724597102315,198.50385971023152,185.22576548562873
P,352,34,train,111.0295,312.3327002525021,201.3032002525021,181.30604952062478
P,352,35,train,111.8746,318.9107055628132,207.0361055628132,185.0608677598071
P,352,36,train,114.3202,325.40925148220697,211.08905148220697,184.6472027535002
P,352,37,train,116.2266,331.83096365844654,215.60436365844652,185.50345932725082
P,352,38,train,118.7907,338.1783286023488,219.3876286023488,184.68417864559163
P,352,39,train,121.3701,344.4537037254619,223.0836037254619,183.80441618278465
P,352,40,train,122.9468,350.65932647093666,227.71252647093667,185.21224340197278
P,352,41,train,124.2568,356.7973226353049,232.5405226353049,187.14510806274177
P,352,42,train,127.5166,362.8697139666559,235.35311396665594,184.56664776715812
P,352,43,train,129.5787,368.8784251143121,239.2997251143121,184.6752013365716
P,352,44,train,131.0876,374.82528999610014,243.73768999610013,185.9349702001563
P,352,45,train,133.4977,380.71205764148704,247.21435764148703,185.18248452331915
P,352,46,train,134.7565,386.54039756217117,251.78389756217118,186.84360128243998
P,352,47,train,138.116,392.31190469575927,254.19590469575925,184.04522625601612
P,352,48,train,139.7362,398.028103963166,258.291903963166,184.84251322360706
P,352,49,train,141.1237,403.6904544757852,262.56675447578516,186.054329978441
P,352,50,train,143.1118,409.30035342468005,266.1885534246801,186.00042304315934
P,352,51,train,146.0009,414.8591396805289,268.8582396805289,184.1483440722139
P,352,52,train,147.4427,420.3680971301028,272.9253971301028,185.10607655048557
P,352,53,train,150.0515,425.8284577723636,275.77695777236363,183.78820456467523
P,352,54,train,150.9252,431.2414045949278,280.31620459492785,185.73187552173385
P,352,55,train,153.0246,436.60807424957494,283.5834742495749,185.31887961123567
P,352,56,train,156.1129,441.9295595436218,285.81665954362177,183.08330672457032
P,352,57,train,157.5975,447.20691176237693,289.6094117623769,183.76523216572403
P,352,58,train,158.8499,452.4411428363762,293.5912428363762,184.823058016641
P,352,59,train,161.1889,457.6332273658883,296.4443273658883,183.91112996359445
P,352,60,train,163.0306,462.7841045139395,299.7535045139395,183.8633388541412
P,352,61,train,165.5373,467.8946797781187,302.3573797781187,182.65211512941116
P,352,62,train,167.1844,472.9658266504784,305.78142665047835,182.9006932766923
P,352,63,train,169.0945,477.99838817402764,308.90388817402766,182.68121563624342
P,352,64,train,169.9119,482.9931784035382,313.0812784035382,184.26094841122853
P,352,65,train,173.4115,487.9509837777598,314.5394837777598,181.3832899073936
P,352,66,train,174.7541,492.87256440945197,318.118464409452,182.03776873300941
P,352,67,train,176.4414,497.75865529921134,321.31725529921135,182.10989898017777
P,352,68,train,178.3774,502.60996747845144,324.2325674784514,181.7677393427931
P,352,69,train,179.9164,507.42718908653086,327.51078908653085,182.0349835181956
P,352,70,train,182.207,512.2109863866103,330.00398638661034,181.11487834529427
P,352,71,train,184.8744,516.9620047243783,332.08760472437825,179.62876673264563
P,352,72,train,185.9589,521.6808694335776,335.72196943357767,180.5355750295241
P,352,73,train,187.2289,526.3681866918243,339.13928669182434,181.13618500766938
P,352,74,train,189.4161,531.0245443300522,341.6084443300522,180.34815642918008
P,352,75,train,192.0266,535.6505125985715,343.62391259857145,178.94599633518038
P,352,76,train,193.0797,540.2466448925604,347.1669448925604,179.80499498008356
P,352,77,train,195.2658,544.8134784395747,349.5476784395747,179.0112136582928
P,352,78,train,196.8764,549.351534951468,352.475134951468,179.03371605305054
P,352,79,train,198.0153,553.8613212429369,355.8460212429369,179.70632635101273
P,352,80,train,201.2647,558.3433298187588,357.07862981875877,177.4174158800618
P,352,81,train,202.4935,562.7980394316315,360.3045394316315,177.9338790784057
P,352,82,train,204.1896,567.225915612376,363.0363156123759,177.79373465268353
P,352,83,train,205.3946,571.6274111741675,366.2328111741675,178.3069326915934
P,352,84,train,207.9062,576.0029666923248,368.09676669232476,177.04944185999491
P,352,85,train,209.5765,580.3530109610805,370.7765109610805,176.9170259838677
P,352,86,train,211.3289,584.6779614286703,373.3490614286703,176.66729984809
P,352,87,train,213.3479,588.9782246119836,375.6303246119836,176.06469274456583
P,352,88,train,214.547,593.2541964919221,378.7071964919221,176.51479465661234
P,352,89,train,216.1695,597.5062628905773,381.33676289057735,176.40636763769976
P,352,90,train,219.0675,601.7347998311948,382.6672998311948,174.68008711068268
P,352,91,train,220.7149,605.9401738819091,385.2252738819091,174.53523703289133
P,352,92,train,221.3952,610.1227424841246,388.7275424841246,175.5808357562064
P,352,93,train,224.007,614.2828542663515,390.2758542663515,174.22484755670646
P,352,94,train,224.9833,618.4208493443003,393.43754934430035,174.87411258715662
P,352,95,train,227.4214,622.5370596079476,395.11565960794763,173.73723827570652
P,352,96,train,229.3374,626.6318089962579,397.29440899625786,173.23576921873965
P,352,97,train,231.2882,630.7054137602034,399.4172137602035,172.69243037915618
P,352,98,train,231.9872,634.7581827147136,402.77098271471357,173.617761115576
P,352,99,train,233.6934,638.790417480009,405.09701748000896,173.34551060492464
P,352,100,train,236.5242,642.8024127129239,406.2782127129239,171.77025129476135
P,352,101,development,237.7698204809252,646.7944563298064,409.0246358488812,172.02546354350915
P,352,102,development,239.55547757332764,650.7668297158755,411.21135214254787,171.65600065090416
P,352,103,development,241.04915779621658,654.719807932664,413.6706501364474,171.61256812445095
P,352,104,development,242.8232719342226,658.6536599397642,415.83038800554164,171.24816113926025
P,352,105,development,244.07089849707816,662.5686486446704,418.4977501475922,171.46564900796733
P,352,106,development,247.1369900748975,666.465031379696,419.3280413047985,169.67433372791203
P,352,107,development,248.10199006014847,670.3430602257731,422.24107016562465,170.1885059701693
P,352,108,development,249.5736896447072,674.2029789504926,424.6292893057854,170.14184865010697
P,352,109,development,251.014947795016,678.04503386898,427.03008607396396,170.12137716303874
P,352,110,development,253.06998674799948,681.8694608943807,428.79947414638127,169.43908665604374
P,352,111,development,255.30625645491403,685.6764510304265,430.37019457551247,168.57017158587104
P,352,112,development,256.38071369443446,689.4663627065362,433.0856490121017,168.92286583158193
P,352,113,development,258.6104394915314,693.2392397122157,434.62880022068435,168.06313042707504
P,352,114,development,259.874406989678,696.9950428989144,437.12063590923646,168.20457272908698
P,352,115,development,260.8050845045969,700.7357751392009,439.930690634604,168.68179217834606
P,352,116,development,263.57389390487015,704.4575659976731,440.88367209280295,167.27137333712116
P,352,117,development,265.55785183887633,708.1633202387993,442.605468399923,166.67007408557737
P,352,118,development,266.6149737815011,711.8645850022178,445.24961122071676,167.00097706650644
P,352,119,development,267.92191508282406,715.5174336929222,447.5955186100981,167.06192864877463
P,352,120,development,269.9704490239976,719.1910519071726,449.22060288317493,166.39621281040422
P,352,121,development,271.494055641645,722.8742610420841,451.3802054004391,166.25785943403213
P,352,122,development,273.4596091884033,726.3426973922285,452.8830882038252,165.61242428010854
P,352,123,development,275.58749264934386,730.159527305163,454.57203465581915,164.94654031132478
P,352,124,development,276.4520495031329,733.6819725341816,457.22992303104866,165.39212635711246
P,352,125,development,278.25074352984194,736.8099667276566,458.5592231978147,164.80071800729434
P,352,126,development,279.22925092774517,741.3360433722323,462.10679244448716,165.49369054607547
P,352,127,development,282.4651147650521,743.8484663506816,461.38335158562955,163.341711053203
P,352,128,development,283.2111857332339,747.5571432494769,464.345957516243,163.95749211460384
P,352,129,development,284.83596398090475,752.9587759771399,468.12281199623516,164.3482113191359
P,352,130,development,286.6674453630029,754.0411724807893,467.3737271177864,163.0369037983918
P,352,131,development,287.9119205014222,759.2736048223197,471.36168432089755,163.71732142940888
P,352,132,development,289.5798549292188,764.7781248679142,475.19826993869543,164.0992154149835
P,352,133,development,291.8462913290674,765.4848799624183,473.6385886333509,162.29042571567442
P,352,134,development,293.5584341393563,771.6264171749548,478.0679830355985,162.85275006224245
P,352,135,development,294.9653696192655,776.8442855462837,481.87891592701817,163.36796300834106
P,352,136,development,295.57325487895827,777.9821723855656,482.40891750660734,163.21128841787836
P,352,137,development,297.97927706194344,784.3925293670867,486.41325230514326,163.2372751223329
P,352,138,development,299.8403260537213,789.547635271984,489.70730921826265,163.32269767160125
P,352,139,development,301.64932546219416,790.9047618020144,489.2554363398202,162.19344617799877
P,352,140,development,302.6967495896069,797.4771286669481,494.78037907734125,163.45744701525845
P,352,141,development,304.8643713408573,802.8765072788929,498.01213593803556,163.3553090338743
P,352,142,development,305.7289126020368,804.124849726113,498.39593712407617,163.01890877191303
P,352,143,development,307.2194961281701,810.8279260162956,503.6084298881255,163.92463246473886
P,352,144,development,310.1094631467019,816.7941602469136,506.68469710021174,163.38898270270357
P,352,145,development,311.165141530356,817.5947304343963,506.4295889040403,162.7526741630971
P,352,146,development,312.4278011806009,824.4105594435621,511.98275826296117,163.87234309119827
P,352,147,development,313.9852857311589,831.2424752168745,517.2571894857156,164.73930881226153
P,352,148,development,315.47561608947575,831.3163178072865,515.8407017178108,163.51206730713133
P,352,149,development,317.7348059423702,838.2001712305058,520.4653652881357,163.80495795683655
P,352,150,development,318.8531042563166,845.1656368231991,526.3125325668825,165.06426487345576
P,352,151,development,321.1601343091136,846.3054153388094,525.1452810296959,163.51508949247372
P,352,152,development,322.14455867248296,852.1777453375112,530.0331866650282,164.53271439667583
P,352,153,development,323.4669695575121,859.231885083932,535.7649155264198,165.63203230899327
P,352,154,development,324.8628660517396,861.8640620298662,537.0011959781266,165.3008860337397
P,352,155,development,327.44390126190547,866.3282264632143,538.8843252013088,164.57302247027746
P,352,156,development,329.03307168048093,873.4642154466362,544.4311437661553,165.46395807131637
P,352,157,development,329.9532397282339,877.9465938322513,547.9933541040175,166.08212562342848
P,352,158,development,331.4744675826634,880.6394479124524,549.1649803297889,165.673387858399
P,352,159,development,333.64537852486984,887.85193211275,554.2065535878801,166.10646790258767
P,352,160,development,334.2113548332444,894.5458113630667,560.3344565298223,167.65871309471297
P,352,161,development,336.84185042839067,895.1018033750076,558.259952946617,165.73354891520455
P,352,162,development,338.3399928508066,902.3860165444578,564.0460236936513,166.70982905126775
P,352,163,development,339.85821672536355,909.7053990475721,569.8471823222085,167.6720333004916
P,352,164,development,341.04226111104657,911.6587724954863,570.6165113844397,167.31548445799262
P,352,165,development,342.0548775103636,917.058983956434,575.0041064460704,168.102881804002
P,352,166,development,344.6617029402523,924.4454905608897,579.7837876206373,168.21822171555388
P,352,167,development,346.34787056600993,929.2803387220869,582.932468156077,168.30837366011082
P,352,168,development,347.2726775844205,931.864663276861,584.5919856924406,168.33803043728625
P,352,169,development,349.31626087069617,939.3155295845452,589.999268713849,168.90117489613365
P,352,170,development,350.4084193491921,946.7975370351131,596.3891176859211,170.19828427455738
P,352,171,development,351.87864902535927,947.4100221230902,595.5313730977309,169.2433953430383
P,352,172,development,353.4889004887188,954.3109886592516,600.8220881705329,169.96915245142398
P,352,173,development,356.0175749772649,961.8545207812537,605.8369458039888,170.1705163973091
P,352,174,development,357.1513022520396,966.0458225448845,608.8945202928448,170.48643430765134
P,352,175,development,357.95268510163226,969.4282055339754,611.4755204323432,170.82579510717432
P,352,176,development,359.74375495311443,977.0314857218033,617.2877307686888,171.59095113385365
P,352,177,development,361.28936169580464,984.6639920646902,623.3746303688856,172.5416512246351
P,352,178,development,363.33133057897385,985.1887853026373,621.8574547236634,171.15437133723765
P,352,179,development,364.736024114089,992.3261503272515,627.5901262131625,172.06694286299864
P,352,180,development,366.2127102883313,1000.0169985382529,633.8042882499216,173.06998649798544
P,352,181,development,367.9935754817403,1004.838399920713,636.8448244389726,173.05868006126988
P,352,182,development,368.96843809573437,1007.7367252747503,638.7682871790159,173.12274471923206
P,352,183,development,370.050919212106,1015.4850358409228,645.4341166288168,174.41764987452078
P,352,184,development,373.06192837211285,1023.2619105605941,650.1999821884813,174.28741255525154
P,352,185,development,373.86487391090856,1024.9965527322197,651.1316788213112,174.16230415283007
P,352,186,development,375.82591276673935,1031.0674272698457,655.2415145031064,174.34708258389557
P,352,187,development,376.32409223066804,1038.9013668816126,662.5772746509446,176.06560098863335
P,352,188,development,378.4366802499655,1045.6642821955718,667.2276019456062,176.31155666646484
P,352,189,development,379.87297534653237,1046.7639258754225,666.8909505288901,175.55630271422459
P,352,190,development,381.4844686171865,1054.6548940810967,673.1704254639102,176.46076861373507
P,352,191,development,383.44352944953647,1062.574557257464,679.1310278079275,177.11370140549087
P,352,192,development,384.95611681486366,1066.8438853266266,681.8877685117629,177.133896235685
P,352,193,development,385.86130084597426,1070.5230219678779,684.6617211219036,177.43726038885737
P,352,194,development,387.222890222388,1078.5003227793773,691.2774325569892,178.5218410409514
P,352,195,development,388.84612835423223,1086.5066691728457,697.6605408186135,179.41815282343677
P,352,196,development,391.45608356363806,1088.5374221545117,697.0813385908737,178.07395717163527
P,352,197,development,392.2450833395191,1094.5423437541044,702.2972604145853,179.04552287445537
P,352,198,development,393.427743844434,1102.6074484654648,709.1797046210309,180.2566584885912
P,352,199,development,395.5828700109937,1110.7009746742206,715.1181046632269,180.77580170328227
P,352,200,development,396.3818542225922,1110.7487949494862,714.366940726894,180.22190802047513
P,352,201,development,397.9187362096142,1118.8271911420725,720.9084549324582,181.1697689330971
P,352,202,development,399.9851198761949,1126.9823940055405,726.9972741293457,181.75607991476505
P,352,203,development,401.8392286005332,1133.4769122609603,731.637683660427,182.07223973838182
P,352,204,development,402.86191776388614,1135.1683214952445,732.3064037313584,181.77603080382417
P,352,205,development,404.236441800208,1143.3852190800426,739.1487772798346,182.85060446013807
P,352,206,development,405.13438745990993,1151.6335735567143,746.4991860968044,184.2596454912567
P,352,207,development,407.5814603868962,1156.7289235567803,749.1474631698841,183.80312550496208
P,352,208,development,408.9472455023511,1159.9138203369819,750.9665748346308,183.63409537387713
P,352,209,development,410.51386919336665,1168.2263343995273,757.7124652061607,184.57658122367874
P,352,210,development,411.9722678042788,1176.5716333892256,764.5993655849468,185.59486289212927
P,352,211,development,413.26273607018504,1180.5067447437357,767.2440086735506,185.65526037248335
P,352,212,development,415.01880975515513,1184.9502542273165,769.9314444721613,185.51724075503728
P,352,213,development,415.4552149962946,1193.362658450764,777.9074434544693,187.242190102586
P,352,214,development,418.3877057895348,1201.8094390734661,783.4217332839314,187.24779013416395
P,352,215,development,419.8613648181523,1204.8138904173027,784.9525255991504,186.95516934241473
P,352,216,development,420.6438276250418,1210.2912191537855,789.6473915287437,187.72351801453948
P,352,217,development,422.07671005882673,1218.8085600454322,796.7318499866054,188.7647034292798
P,352,218,development,423.7165796274818,1227.3621220918117,803.6455424643299,189.66582406826507
P,352,219,development,425.06988249446135,1229.654043847892,804.5841613534305,189.28279666200868
P,352,220,development,427.2088250840746,1235.9526703462373,808.7438452621627,189.30878712606236
P,352,221,development,428.12791407661666,1244.5808398448548,816.4529257682382,190.70303498643815
P,352,222,development,430.3287454309386,1253.2474845526158,822.9187391216772,191.23025079293558
P,352,223,development,431.3013069307036,1255.0310472843046,823.729740353601,190.9870726373542
P,352,224,development,432.1386417345886,1261.9535062123155,829.8148644777268,192.0251475653463
P,352,225,development,433.88921848092724,1270.6998938577483,836.8106753768211,192.86274923044795
P,352,226,development,436.16100643264696,1279.4877583882212,843.3267519555743,193.35216571814354
P,352,227,development,437.5816981676686,1280.948888496647,843.3671903289784,192.7336526780022
P,352,228,development,438.6217386562722,1288.318782440486,849.6970437842139,193.71977467128747
P,352,229,development,439.91844221437066,1297.194570611134,857.2761283967633,194.8716048551144
P,352,230,development,441.68319920118904,1306.1178543526141,864.4346551514251,195.7137280102136
P,352,231,development,442.90454630260945,1307.4116908526225,864.5071445500131,195.19039751724483
P,352,232,development,444.31933627755916,1315.0917352791173,870.7723990015581,195.97895655335614
P,352,233,development,446.8606226964295,1324.1209287871352,877.2603060907056,196.3163146479935
P,352,234,development,447.4417041944933,1333.2107018159163,885.7689976214231,197.9629948030947
P,352,235,development,449.1485456850233,1334.4237017608345,885.2751560758113,197.10075087199164
P,352,236,development,450.1269457803135,1342.3691296127658,892.2421838324524,198.2201226113478
P,352,237,development,451.4033084453888,1351.6040673665034,900.2007589211146,199.4227206755224
P,352,238,development,453.9867378066779,1360.9267041616768,906.9399663549989,199.77234813876942
P,352,239,development,454.9746837686168,1361.989294723929,907.0146109553123,199.354962663502
P,352,240,development,456.32842668924604,1370.346829318459,914.0184026292129,200.29837046545603
P,352,241,postfreeze-evaluation,457.903893064103,1379.877122589099,921.973229524996,201.3464492200609
P,352,242,postfreeze-evaluation,459.513415281106,1389.5266693676474,930.0132540865413,202.39088199799528
P,352,243,postfreeze-evaluation,460.08794442217584,1390.1129612997224,930.0250168775466,202.1407055221941
P,352,244,postfreeze-evaluation,462.06536727488253,1399.3081785619902,937.2428112871077,202.83771034706052
P,352,245,postfreeze-evaluation,464.05728691054827,1409.228294319648,945.1710074090997,203.6755017255641
P,352,246,postfreeze-evaluation,465.6715392113711,1418.7990442181228,953.1275050067518,204.6780669956558
P,352,247,postfreeze-evaluation,466.5702869308262,1419.2987623850108,952.7284754541846,204.1982745453819
P,352,248,postfreeze-evaluation,467.43904621026167,1429.5239003223878,962.0848541121261,205.82038704557957
P,352,249,postfreeze-evaluation,469.53600455911203,1439.9154091231974,970.3794045640853,206.66773051307504
P,352,250,postfreeze-evaluation,470.77365547810166,1448.0526762676516,977.2790207895499,207.58999774468236
P,352,251,postfreeze-evaluation,472.7991746619088,1450.4765061030878,977.6773314411789,206.78490653887044
P,352,252,postfreeze-evaluation,473.8352323451397,1461.2196194986786,987.3843871535389,208.3813781146464
P,352,253,postfreeze-evaluation,475.6003393693758,1472.1476329857896,996.5472936164139,209.53460523972498
P,352,254,postfreeze-evaluation,476.7690152374845,1477.878286372741,1001.1092711352566,209.97783814382143
P,352,255,postfreeze-evaluation,478.07526376667096,1483.2752615983707,1005.1999978316996,210.25978000030906
P,352,256,postfreeze-evaluation,478.9421815346348,1494.6054505709117,1015.6632690362769,212.06385826820915
P,352,257,postfreeze-evaluation,481.8303393762866,1506.1560506965848,1024.325711320298,212.5905381230775
P,352,258,postfreeze-evaluation,482.8347827909824,1508.2808032644332,1025.4460204734507,212.38031248410763
P,352,259,postfreeze-evaluation,483.8514272124825,1517.9306986633617,1034.079271450879,213.718346850461
P,352,260,postfreeze-evaluation,485.539148129356,1529.9512401999982,1044.4120920706423,215.10358044134327
P,352,261,postfreeze-evaluation,486.52871826165125,1539.2650616914616,1052.7363434298104,216.37702029002472
P,352,262,postfreeze-evaluation,488.38056709001745,1542.2221753284457,1053.8416082384283,215.7828708291307
P,352,263,postfreeze-evaluation,489.66176157795616,1554.7706819329876,1065.1089203550314,217.51931719615433
P,352,264,postfreeze-evaluation,491.398821593663,1567.602445047206,1076.203623453543,219.00818157505765
P,352,265,postfreeze-evaluation,493.3144415817853,1570.8362021936105,1077.5217606118251,218.42493748141888
P,352,266,postfreeze-evaluation,493.9579978053695,1580.7517121430508,1086.7937143376812,220.01743451189188
P,352,267,postfreeze-evaluation,495.3588288221313,1594.225756379404,1098.8669275572727,221.83251082254222
P,352,268,postfreeze-evaluation,496.4296962157591,1602.9991686797575,1106.5694724639984,222.90557573394224
P,352,269,postfreeze-evaluation,498.58078242968656,1608.0682079425953,1109.4874255129089,222.52911957539735
P,352,270,postfreeze-evaluation,500.3090849416905,1622.2888229512362,1121.9797380095456,224.25731848149607
P,352,271,postfreeze-evaluation,501.6044469651455,1635.7591044165613,1134.154657451416,226.10538329821142
P,352,272,postfreeze-evaluation,502.27627032711825,1636.9443312608898,1134.6680609337716,225.9051697176127
P,352,273,postfreeze-evaluation,504.49977331342774,1652.0480379863259,1147.548264672898,227.46259272548122
P,352,274,postfreeze-evaluation,505.41523174224443,1667.6755561840805,1162.260324441836,229.96147552485607
P,352,275,postfreeze-evaluation,506.46415270952355,1669.1215078828898,1162.6573551733663,229.56360266630648
P,352,276,postfreeze-evaluation,508.8007003364678,1683.8466448160816,1175.0459444796138,230.94424667705073
P,352,277,postfreeze-evaluation,510.26422794367284,1700.6650881834155,1190.4008602397425,233.29106667676277
P,352,278,postfreeze-evaluation,511.5622897003746,1703.0912095069443,1191.5289198065698,232.91961581148917
P,352,279,postfreeze-evaluation,512.6231445314074,1718.160955393152,1205.5378108617447,235.17038271140402
P,352,280,postfreeze-evaluation,513.6689855554737,1736.4844109264727,1222.815425370999,238.05514051985548
P,352,281,postfreeze-evaluation,515.4350571672994,1737.6738468292797,1222.2387896619803,237.12760175435005
P,352,282,postfreeze-evaluation,517.5896685724674,1755.6845634339895,1238.094894861522,239.2039428213929
P,352,283,postfreeze-evaluation,518.2342231475501,1772.874393113757,1254.640169966207,242.09905751612038
P,352,284,postfreeze-evaluation,520.1063104117233,1775.993175587025,1255.8868651753019,241.4673385102989
P,352,285,postfreeze-evaluation,521.525193449492,1797.4973654333269,1275.9721719838349,244.66165546946075
P,352,286,postfreeze-evaluation,522.4566961777302,1808.6988619736771,1286.242165795947,246.19115329673002
P,352,287,postfreeze-evaluation,523.9605308920159,1820.5913648127944,1296.6308339207785,247.46727233696996
P,352,288,postfreeze-evaluation,525.0773856872796,1845.1517400529049,1320.0743543656254,251.40567663902826
P,352,289,postfreeze-evaluation,527.9036416012724,1845.4555623959375,1317.551920794665,249.58189657456785
P,352,290,postfreeze-evaluation,528.4062138522927,1872.8683733991534,1344.4621595468607,254.4372348964623
P,352,291,postfreeze-evaluation,529.8062263187069,1882.2407322612469,1352.43450594254,255.26965119677138
P,352,292,postfreeze-evaluation,530.866917883961,1903.299412213939,1372.432494329978,258.5266566996683
P,352,293,postfreeze-evaluation,532.6881830282937,1919.9692522022422,1387.2810691739485,260.43023167650466
P,352,294,postfreeze-evaluation,533.7796307537687,1938.8248106528488,1405.04517989908,263.22570194650683
P,352,295,postfreeze-evaluation,535.6643140758732,1958.3438191780228,1422.6795051021495,265.59161544232285
P,352,296,postfreeze-evaluation,537.0697590831223,1981.4092299716729,1444.3394708885505,268.9295843717408
P,352,297,postfreeze-evaluation,538.4285261762479,1997.3700026645486,1458.9414764883006,270.96288654118115
P,352,298,postfreeze-evaluation,540.2131663762282,2037.0531735021466,1496.8400071259184,277.0832146070748
P,352,299,postfreeze-evaluation,540.6313902472951,2044.4352273078405,1503.8038370605454,278.15695947153137
P,352,300,postfreeze-evaluation,541.8474371212013,2077.400549375472,1535.5531122542707,283.39215193349634
J,320,1,train,14.1347,14.134699999999999,-1.7763568394002505e-15,1.2567347304153965e-14
J,320,2,train,21.022,27.60248596060002,6.580485960600022,31.302853965369717
J,320,3,train,25.0108,40.48543684851056,15.47463684851056,61.87181876833432
J,320,4,train,30.4248,52.85029330748571,22.425493307485706,73.70793992889256
J,320,5,train,32.935,64.75221181191004,31.81721181191004,96.60607806865049
J,320,6,train,37.5861,76.23739176066191,38.651291760661906,102.83400448746187
J,320,7,train,40.9187,87.34497690158905,46.42627690158905,113.45980420098645
J,320,8,train,43.327,98.10846597253419,54.78146597253419,126.43724691885934
J,320,9,train,48.0051,108.55678040502355,60.551680405023546,126.13593223433249
J,320,10,train,49.7738,118.71508624473294,68.94128624473294,138.50918805623226
J,320,11,train,52.9703,128.60543621205943,75.63513621205942,142.78781923466437
J,320,12,train,56.4462,138.24727778623384,81.80107778623383,144.91866199360425
J,320,13,train,59.347,147.65785993422665,88.31085993422664,148.80425284214306
J,320,14,train,60.8317,156.85256210333765,96.02086210333765,157.84675112373588
J,320,15,train,65.1125,165.84516285428933,100.73266285428933,154.705567831506
J,320,16,train,67.0798,174.64806110293324,107.56826110293323,160.35864910589063
J,320,17,train,69.5464,183.27245977320098,113.72605977320097,163.52544455672898
J,320,18,train,72.0671,191.72851935820793,119.66141935820794,166.0416741595096
J,320,19,train,75.7046,200.02548718431314,124.32088718431314,164.21840573005227
J,320,20,train,77.1448,208.171806901279,131.027006901279,169.84554616938405
J,320,21,train,79.3373,216.17521176133565,136.83791176133565,172.4761389174268
J,320,22,train,82.9103,224.04280451693663,141.13250451693662,170.22312609764603
J,320,23,train,84.7354,231.78112620259574,147.04572620259574,173.53517680048213
J,320,24,train,87.4252,239.39621562736133,151.97101562736134,173.829760329243
J,320,25,train,88.8091,246.8936610610595,158.0845610610595,178.00491285359215
J,320,26,train,92.4918,254.27864532595356,161.78684532595355,174.9202040893934
J,320,27,train,94.6513,261.5559852899203,166.90468528992028,176.33638976952273
J,320,28,train,95.8706,268.73016658458243,172.85956658458244,180.30508475443196
J,320,29,train,98.8311,275.805374232699,176.97427423269903,179.06739298935153
J,320,30,train,101.3178,282.7855197565101,181.4677197565101,179.107441887319
J,320,31,train,103.7255,289.67426524678615,185.94876524678614,179.27005919160297
J,320,32,train,105.4466,296.47504479712364,191.02844479712365,181.16131273755974
J,320,33,train,107.1686,303.191083646114,196.022483646114,182.91037080461442
J,320,34,train,111.0295,309.82541531855554,198.79591531855556,179.04783442108229
J,320,35,train,111.8746,316.3808970143652,204.5062970143652,182.79957829066223
J,320,36,train,114.3202,322.86022345821334,208.54002345821334,182.4174760525378
J,320,37,train,116.2266,329.26593939301097,213.03933939301095,183.2965426098767
J,320,38,train,118.7907,335.6004508752784,216.80975087527838,182.5140780172845
J,320,39,train,121.3701,341.8660355091058,220.49593550910583,181.67236865513487
J,320,40,train,122.9468,348.064851737528,225.118051737528,183.10200162796266
J,320,41,train,124.2568,354.19894729464437,229.94214729464437,185.0539747479771
J,320,42,train,127.5166,360.27026690880916,232.75366690880918,182.52813116787084
J,320,43,train,129.5787,366.2806593359678,236.7019593359678,182.67042294448686
J,320,44,train,131.0876,372.2318837925548,241.1442837925548,183.95659375299783
J,320,45,train,133.4977,378.125615849067,244.627915849067,183.2450415618149
J,320,46,train,134.7565,383.9634528382273,249.2069528382273,184.93130412130571
J,320,47,train,138.116,389.7469188254078,251.6309188254078,182.1881019037677
J,320,48,train,139.7362,395.4774691836059,255.74126918360588,183.0171918111455
J,320,49,train,141.1237,401.15649481049746,260.0327948104974,184.25877071710664
J,320,50,train,143.1118,406.7853260209788,263.6735260209788,184.24303657768178
J,320,51,train,146.0009,412.36523614503557,266.36433614503557,182.4402014953576
J,320,52,train,147.4427,417.8974448575432,270.4547448575432,183.4304071056371
J,320,53,train,150.0515,423.38312126388655,273.3316212638865,182.1585397439456
J,320,54,train,150.9252,428.8233867627507,277.8981867627507,184.12974557115095
J,320,55,train,153.0246,434.21931770535167,281.19471770535165,183.7578518129449
J,320,56,train,156.1129,439.57194786836186,283.45904786836184,181.57311014551766
J,320,57,train,157.5975,444.88227075619153,287.2847707561915,182.2901827479443
J,320,58,train,158.8499,450.15124174662895,291.30134174662896,183.38150779234294
J,320,59,train,161.1889,455.37978009266703,294.19088009266704,182.51311355351828
J,320,60,train,163.0306,460.56877079197943,297.53817079197944,182.50449350734124
J,320,61,train,165.5373,465.7190663345711,300.1817663345711,181.33784128082982
J,320,62,train,167.1844,470.8314883380563,303.6470883380563,181.62405603516612
J,320,63,train,169.0945,475.9068290792535,306.81232907925346,181.44429835343755
J,320,64,train,169.9119,480.9458529299448,311.0339529299448,183.05601487002664
J,320,65,train,173.4115,485.9492977039913,312.5377977039913,180.2289915628383
J,320,66,train,174.7541,490.9178759223643,316.1637759223643,180.91923217959655
J,320,67,train,176.4414,495.8522760020693,319.4108760020693,181.0294386703287
J,320,68,train,178.3774,500.75316337447526,322.37576337447524,180.7267979993403
J,320,69,train,179.9164,505.6211815380487,325.7047815380487,181.0311797801916
J,320,70,train,182.207,510.45695305012885,328.24995305012885,180.1522186579708
J,320,71,train,184.8744,515.2610804619605,330.3866804619605,178.70872357771572
J,320,72,train,185.9589,520.0341472008902,334.0752472008902,179.65004482221084
J,320,73,train,187.2289,524.7767184032944,337.54781840329434,180.28617291630425
J,320,74,train,189.4161,529.489341701568,340.073241701568,179.5376642754064
J,320,75,train,192.0266,534.1725479681769,342.14594796817687,178.17632972107867
J,320,76,train,193.0797,538.8268520196266,345.7471520196266,179.06965466572953
J,320,77,train,195.2658,543.4527532829103,348.1869532829103,178.31435575656886
J,320,78,train,196.8764,548.0507364268527,351.17433642685273,178.37299769137022
J,320,79,train,198.0153,552.6212719605711,354.6059719605711,179.0800872258715
J,320,80,train,201.2647,557.1648168011034,355.90011680110337,176.83186212043313
J,320,81,train,202.4935,561.6818148121243,359.1883148121243,177.38263934996644
J,320,82,train,204.1896,566.1726973155021,361.98309731550205,177.27793056820818
J,320,83,train,205.3946,570.6378835773645,365.24328357736454,177.82516364956263
J,320,84,train,207.9062,575.0777812701822,367.1715812701822,176.60444049777357
J,320,85,train,209.5765,579.4927869122976,369.91628691229755,176.5065677269625
J,320,86,train,211.3289,583.8832862862351,372.5543862862352,176.29126271240477
J,320,87,train,213.3479,588.2496548370049,374.9017548370049,175.72319898016568
J,320,88,train,214.547,592.5922580515655,378.0452580515655,176.20626625008296
J,320,89,train,216.1695,596.9114518205124,380.74195182051244,176.1312080661298
J,320,90,train,219.0675,601.2075827829991,382.1400827829991,174.43942290983333
J,320,91,train,220.7149,605.4809886558133,384.76608865581335,174.32719252565792
J,320,92,train,221.3952,609.7319985475001,388.3367985475001,175.404344153577
J,320,93,train,224.007,613.9609332583494,389.9539332583494,174.08113731193643
J,320,94,train,224.9833,618.1681055669527,393.1848055669527,174.76177368140333
J,320,95,train,227.4214,622.3538205042822,394.9324205042822,173.6566657773992
J,320,96,train,229.3374,626.5183756153941,397.1809756153941,173.1863078657882
J,320,97,train,231.2882,630.662061209912,399.3738612099121,172.67368642667984
J,320,98,train,231.9872,634.785160605409,402.797960605409,173.62939015834021
J,320,99,train,233.6934,638.8879503385477,405.19455033854774,173.3872459977679
J,320,100,train,236.5242,642.9707004488068,406.44650044880683,171.8414016192875
J,320,101,development,237.7698204809252,647.0336745319524,409.26385405102724,172.1260726963706
J,320,102,development,239.55547757332764,651.0771301596328,411.5216525863052,171.7855324182011
J,320,103,development,241.04915779621658,655.1013193655359,414.0521615693193,171.77083934031407
J,320,104,development,242.8232719342226,659.106485527827,416.2832135936044,171.43464474293455
J,320,105,development,244.07089849707816,663.0928771499616,419.0219786528835,171.68043434637485
J,320,106,development,247.1369900748975,667.0607088391272,419.92371876422965,169.91536501151336
J,320,107,development,248.10199006014847,671.0102436703901,422.9082536102416,170.45742096132082
J,320,108,development,249.5736896447072,674.9416910503124,425.36800140560524,170.43783822371606
J,320,109,development,251.014947795016,678.8551222217006,427.8401744266846,170.4441023074322
J,320,110,development,253.06998674799948,682.7514515593167,429.68146481131726,169.78760315785013
J,320,111,development,255.30625645491403,686.6288430389088,431.3225865839948,168.94321062600534
J,320,112,development,256.38071369443446,690.4918677452544,434.1111540508199,169.32285888251806
J,320,113,development,258.6104394915314,694.3338990598912,435.72345956835983,168.48641548464184
J,320,114,development,259.874406989678,698.1600473262871,438.2856403366091,168.6528679040016
J,320,115,development,260.8050845045969,701.9817208087435,441.1766363041466,169.15952276857183
J,320,116,development,263.57389390487015,705.7382666570848,442.1643727522146,167.7572714814472
J,320,117,development,265.55785183887633,709.5909509761107,444.03309913723433,167.2076709698064
J,320,118,development,266.6149737815011,713.219990075582,446.60501629408094,167.50935251674463
J,320,119,development,267.92191508282406,717.0956484652825,449.1737333824584,167.65098638668772
J,320,120,development,269.9704490239976,720.7401648326703,450.7697158086727,166.9700211405745
J,320,121,development,271.494055641645,724.2367691285715,452.7427134869265,166.7597150209868
J,320,122,development,273.4596091884033,728.6001358847935,455.1405266963902,166.43793503808297
J,320,123,development,275.58749264934386,730.9970078220769,455.409515172733,165.25042947148324
J,320,124,development,276.4520495031329,736.3961887378833,459.9441392347504,166.37392996774946
J,320,125,development,278.25074352984194,738.3613402980444,460.11059676820247,165.35826317346618
J,320,126,development,279.22925092774517,743.3551551564468,464.12590422870164,166.21679236205856
J,320,127,development,282.4651147650521,747.3381498634478,464.87303509839575,164.57714981372703
J,320,128,development,283.2111857332339,750.2768917205876,467.06570598735374,164.9178173447212
J,320,129,development,284.83596398090475,756.9747560401524,472.1387920592477,165.7581386355059
J,320,130,development,286.6674453630029,757.4686693215285,470.8012239585256,164.23253898340522
J,320,131,development,287.9119205014222,764.5597368678273,476.6478163664051,165.55334545936267
J,320,132,development,289.5798549292188,767.3084405119487,477.72858558272986,164.97300397484477
J,320,133,development,291.8462913290674,771.9489131161808,480.10262178711343,164.50530160953122
J,320,134,development,293.5584341393563,777.8206548369178,484.26222069756153,164.9628027609915
J,320,135,development,294.9653696192655,779.4597036127124,484.49433399344684,164.25464949286112
J,320,136,development,295.57325487895827,787.0712335139089,491.4979786349506,166.28635051443555
J,320,137,development,297.97927706194344,788.635442054633,490.6561649926896,164.6611703439675
J,320,138,development,299.8403260537213,794.7994141490057,494.95908809528436,165.07422287374527
J,320,139,development,301.64932546219416,799.6877581470021,498.03843268480796,165.10510405475026
J,320,140,development,302.6967495896069,802.6230510337543,499.92630144414744,165.15747265933393
J,320,141,development,304.8643713408573,810.5320012536467,505.66762991278944,165.86642371122522
J,320,142,development,305.7289126020368,810.970129218673,505.2412166166362,165.25791176129354
J,320,143,development,307.2194961281701,818.5384989467038,511.31900281853376,166.43442530913293
J,320,144,development,310.1094631467019,822.4402390846653,512.3307759379634,165.2096555646216
J,320,145,development,311.165141530356,826.6235662244912,515.4584246941353,165.65429603040843
J,320,146,development,312.4278011806009,834.0916823952408,521.6638812146399,166.97101834195885
J,320,147,development,313.9852857311589,834.788634663391,520.8033489322321,165.86871187911504
J,320,148,development,315.47561608947575,843.0263676937345,527.5507516042587,167.22393893499327
J,320,149,development,317.7348059423702,845.9064670988812,528.1716611565109,166.2303440726318
J,320,150,development,318.8531042563166,851.3386579792029,532.4855537228864,167.0002727321221
J,320,151,development,321.1601343091136,857.8629857091344,536.7028514000208,167.11378345714897
J,320,152,development,322.14455867248296,859.7206223052463,537.5760636327633,166.87417159800756
J,320,153,development,323.4669695575121,868.1686807979302,544.701711240418,168.39484785279464
J,320,154,development,324.8628660517396,869.9489704512604,545.0861043995208,167.789600277893
J,320,155,development,327.44390126190547,876.6818316982931,549.2379304363876,167.73497027116122
J,320,156,development,329.03307168048093,882.1481467192425,553.1150750387616,168.10318555937846
J,320,157,development,329.9532397282339,885.2565921453672,555.3033524171333,168.29759055389457
J,320,158,development,331.4744675826634,893.8897995781055,562.4153319954421,169.67078523331105
J,320,159,development,333.64537852486984,894.4483225254589,560.8029440005892,168.08353422428328
J,320,160,development,334.2113548332444,902.5810110234389,568.3696561901945,170.06294010381066
J,320,161,development,336.84185042839067,906.833781329943,569.9919309015523,169.21648250555705
J,320,162,development,338.3399928508066,911.3260426346629,572.9860497838563,169.35214928508867
J,320,163,development,339.85821672536355,919.2927835604886,579.434566835125,170.49302865711232
J,320,164,development,341.04226111104657,920.1230538893341,579.0807927782876,169.79737082781463
J,320,165,development,342.0548775103636,928.9687524463226,586.913874935959,171.58471155499797
J,320,166,development,344.6617029402523,931.8125546913086,587.1508517510563,170.35569857114058
J,320,167,development,346.34787056600993,937.8615216256886,591.5136510596788,170.78599331158384
J,320,168,development,347.2726775844205,944.3791020851534,597.1064245007328,171.94166516471162
J,320,169,development,349.31626087069617,946.7982796392719,597.4820187685757,171.04328818799
J,320,170,development,350.4084193491921,955.7760051483725,605.3675857991805,172.7605709142263
J,320,171,development,351.87864902535927,956.9801713361551,605.1015223107959,171.96312535211175
J,320,172,development,353.4889004887188,964.7923521839656,611.3034516952468,172.93427059522506
J,320,173,development,356.0175749772649,969.6021930207912,613.5846180435262,172.34672138944526
J,320,174,development,357.1513022520396,973.8439090263615,616.6926067743219,172.66984689282344
J,320,175,development,357.95268510163226,982.232321279304,624.2796361776717,174.40283650908282
J,320,176,development,359.74375495311443,982.927690685325,623.1839357322106,173.2299524736518
J,320,177,development,361.28936169580464,992.0398475808719,630.7504858850673,174.58318809180471
J,320,178,development,363.33133057897385,994.8576811794853,631.5263506005115,173.8155500089037
J,320,179,development,364.736024114089,1001.1774204255911,636.4413963115021,174.493703455084
J,320,180,development,366.2127102883313,1007.4641118196438,641.2514015313125,175.1035350538309
J,320,181,development,367.9935754817403,1010.3363774029907,642.3428019212504,174.5527217643296
J,320,182,development,368.96843809573437,1019.512458011539,650.5440199158047,176.31427318642668
J,320,183,development,370.050919212106,1020.0382165817015,649.9872973695955,175.64806993413666
J,320,184,development,373.06192837211285,1028.7019349938664,655.6400066217536,175.7456220426174
J,320,185,development,373.86487391090856,1032.5650569119866,658.7001830010781,176.18669978556088
J,320,186,development,375.82591276673935,1037.899676717497,662.0737639507577,176.16501190051824
J,320,187,development,376.32409223066804,1045.0302085375254,668.7061163068573,177.69420829346572
J,320,188,development,378.4366802499655,1047.1008410126594,668.6641607626939,176.69116014891236
J,320,189,development,379.87297534653237,1056.2998976847744,676.426922338242,178.06660811319458
J,320,190,development,381.4844686171865,1057.4180297040095,675.933561086823,177.18508004715426
J,320,191,development,383.44352944953647,1065.4912517394819,682.0477222899453,177.87435956190964
J,320,192,development,384.95611681486366,1069.7116548176014,684.7555380027377,177.87885634041143
J,320,193,development,385.86130084597426,1074.6683050966499,688.8070042506756,178.51155395488323
J,320,194,development,387.222890222388,1081.8934412426222,694.6705510202341,179.39811115537984
J,320,195,development,388.84612835423223,1083.8240511494778,694.9779227952456,178.72826090276317
J,320,196,development,391.45608356363806,1092.950547474919,701.494463911281,179.20131870865168
J,320,197,development,392.2450833395191,1093.944025070257,701.6989417307379,178.8929859251702
J,320,198,development,393.427743844434,1102.0392632584872,708.6115194140532,180.11223928687818
J,320,199,development,395.5828700109937,1105.8415110229923,710.2586410119986,179.54737043903336
J,320,200,development,396.3818542225922,1111.0800810163437,714.6982267937515,180.30548552618797
J,320,201,development,397.9187362096142,1117.5613188392988,719.6425826296845,180.8516456110259
J,320,202,development,399.9851198761949,1120.0615621392692,720.0764422630743,180.02580758153087
J,320,203,development,401.8392286005332,1128.9697544756625,727.1305258751293,180.9506076366593
J,320,204,development,402.86191776388614,1129.074605374172,726.2126876102859,180.26342416309325
J,320,205,development,404.236441800208,1137.789538503029,733.553096702821,181.46634515088482
J,320,206,development,405.13438745990993,1140.3438945648247,735.2095071049148,181.47299510034
J,320,207,development,407.5814603868962,1146.499105692164,738.9176453052678,181.29324248552697
J,320,208,development,408.9472455023511,1151.3223715960032,742.3751260936522,181.53322568091102
J,320,209,development,410.51386919336665,1155.0713691117085,744.5574999183418,181.3720694458751
J,320,210,development,411.9722678042788,1161.9379813023181,749.9657134980393,182.0427664937718
J,320,211,development,413.26273607018504,1163.4669931710778,750.2042571008927,181.53203558461763
J,320,212,development,415.01880975515513,1171.573730502804,756.5549207476488,182.29412811288884
J,320,213,development,415.4552149962946,1172.1087520881324,756.6535370918377,182.12637843493823
J,320,214,development,418.3877057895348,1179.2940705452372,760.9063647557025,181.86632977654173
J,320,215,development,419.8613648181523,1181.5352725509715,761.6739077328192,181.41081117637736
J,320,216,development,420.6438276250418,1186.4939336786342,765.8501060535924,182.06616994182178
J,320,217,development,422.07671005882673,1190.1395301437854,768.0628200849586,181.97232914791965
J,320,218,development,423.7165796274818,1194.1969880193026,770.4804083918208,181.83862643968354
J,320,219,development,425.06988249446135,1198.5931807570294,773.523298262568,181.97555981224968
J,320,220,development,427.2088250840746,1202.8412226786256,775.6323975945511,181.55814020038252
J,320,221,development,428.12791407661666,1207.4021941757496,779.274280099133,182.01903087301991
J,320,222,development,430.3287454309386,1211.901580861191,781.5728354302523,181.62226988754185
J,320,223,development,431.3013069307036,1216.5457272682215,785.2444203375179,182.06400206055525
J,320,224,development,432.1386417345886,1221.198437425788,789.0597956911993,182.5941305604938
J,320,225,development,433.88921848092724,1225.9340070820217,792.0447886010945,182.5453951988233
J,320,226,development,436.16100643264696,1230.6902709818353,794.5292645491884,182.16421294687228
J,320,227,development,437.5816981676686,1235.5128660416208,797.9311678739522,182.35021510616474
J,320,228,development,438.6217386562722,1240.3531032736298,801.7313646173576,182.78422931646756
J,320,229,development,439.91844221437066,1245.2541310054028,805.3356887910321,183.0647709919365
J,320,230,development,441.68319920118904,1250.1688485103143,808.4856493091253,183.04650273574381
J,320,231,development,442.90454630260945,1255.1413335722254,812.236787269616,183.38867687184782
J,320,232,development,444.31933627755916,1260.1246089453573,815.8052726677981,183.60787074955874
J,320,233,development,446.8606226964295,1265.1636360404104,818.3030133439809,183.12264983345537
J,320,234,development,447.4417041944933,1270.2114004702823,822.7696962757891,183.88310444976958
J,320,235,development,449.1485456850233,1275.313560683642,826.1650149986187,183.94026273392137
J,320,236,development,450.1269457803135,1280.4229817351115,830.2960359547981,184.4581942357274
J,320,237,development,451.4033084453888,1285.5859302594715,834.1826218140827,184.79763134367963
J,320,238,development,453.9867378066779,1290.7550734925437,836.7683356858658,184.31559030303404
J,320,239,development,454.9746837686168,1295.9772506018119,841.002566833195,184.84601381928707
J,320,240,development,456.32842668924604,1301.2048626217374,844.8764359324914,185.14657131098295
J,320,241,postfreeze-evaluation,457.903893064103,1306.4853144087945,848.5814213446915,185.3186736776437
J,320,242,postfreeze-evaluation,459.513415281106,1311.7706781973106,852.2572629162046,185.4695063461507
J,320,243,postfreeze-evaluation,460.08794442217584,1317.108936746384,857.0209923242081,186.27329898864014
J,320,244,postfreeze-evaluation,462.06536727488253,1322.4517731099318,860.3864058350492,186.2044781476136
J,320,245,postfreeze-evaluation,464.05728691054827,1327.8477743795625,863.7904874690141,186.13876170756447
J,320,246,postfreeze-evaluation,465.6715392113711,1333.248173837959,867.576634626588,186.3065619375956
J,320,247,postfreeze-evaluation,466.5702869308262,1338.7022007922808,872.1319138614546,186.92401515717543
J,320,248,postfreeze-evaluation,467.43904621026167,1344.1605763321945,876.7215301219328,187.55847146914834
J,320,249,postfreeze-evaluation,469.53600455911203,1349.6732197238853,880.1372151647732,187.44829078468865
J,320,250,postfreeze-evaluation,470.77365547810166,1355.190274427076,884.4166189489744,187.86450954881727
J,320,251,postfreeze-evaluation,472.7991746619088,1360.762406429963,887.9632317680541,187.80981003256247
J,320,252,postfreeze-evaluation,473.8352323451397,1366.3391121399527,892.503879794813,188.35743289446165
J,320,253,postfreeze-evaluation,475.6003393693758,1371.9718697315238,896.3715303621481,188.4715918307997
J,320,254,postfreeze-evaluation,476.7690152374845,1377.6094542655467,900.8404390280622,188.94693451908626
J,320,255,postfreeze-evaluation,478.07526376667096,1383.3042303440802,905.2289665774092,189.3486308923974
J,320,256,postfreeze-evaluation,478.9421815346348,1389.0041716308258,910.061990096191,190.01500080451353
J,320,257,postfreeze-evaluation,481.8303393762866,1394.7626125737265,912.9322731974399,189.47172865436423
J,320,258,postfreeze-evaluation,482.8347827909824,1400.5266386914238,917.6918559004414,190.06332779005842
J,320,259,postfreeze-evaluation,483.8514272124825,1406.3506475657491,922.4992203532665,190.65753834144476
J,320,260,postfreeze-evaluation,485.539148129356,1412.1807420809448,926.6415939515888,190.84796715603156
J,320,261,postfreeze-evaluation,486.52871826165125,1418.072487090765,931.5437688291138,191.46737568904146
J,320,262,postfreeze-evaluation,488.38056709001745,1423.970899423067,935.5903323330497,191.56993446887157
J,320,263,postfreeze-evaluation,489.66176157795616,1429.9328274757813,940.2710658978251,192.02460548844186
J,320,264,postfreeze-evaluation,491.398821593663,1435.9020882819168,944.5032666882538,192.20706790161216
J,320,265,postfreeze-evaluation,493.3144415817853,1441.9369438138533,948.622502232068,192.29570883640923
J,320,266,postfreeze-evaluation,493.9579978053695,1447.9798856262546,954.0218878208851,193.1382611597659
J,320,267,postfreeze-evaluation,495.3588288221313,1454.090735073477,958.7319062513457,193.54291282766215
J,320,268,postfreeze-evaluation,496.4296962157591,1460.2105186677388,963.7808224519797,194.14245960682814
J,320,269,postfreeze-evaluation,498.58078242968656,1466.4007812243542,967.8199987946676,194.1149825467163
J,320,270,postfreeze-evaluation,500.3090849416905,1472.6009284480049,972.2918435063143,194.3382346574082
J,320,271,postfreeze-evaluation,501.6044469651455,1478.8744140427618,977.2699670776163,194.82880843469135
J,320,272,postfreeze-evaluation,502.27627032711825,1485.158848135845,982.8825778087266,195.6856486906306
J,320,273,postfreeze-evaluation,504.49977331342774,1491.519803903388,987.0200305899602,195.64330507176658
J,320,274,postfreeze-evaluation,505.41523174224443,1497.8928987052734,992.4776669630289,196.36876861463097
J,320,275,postfreeze-evaluation,506.46415270952355,1504.3460656610196,997.881912951496,197.029129823492
J,320,276,postfreeze-evaluation,508.8007003364678,1510.8127055595844,1002.0120052231166,196.93605070914606
J,320,277,postfreeze-evaluation,510.26422794367284,1517.3633877473974,1007.0991598037245,197.36816822575628
J,320,278,postfreeze-evaluation,511.5622897003746,1523.9290408304037,1012.3667511300291,197.89706385960915
J,320,279,postfreeze-evaluation,512.6231445314074,1530.583189956221,1017.9600454248136,198.57863545262637
J,320,280,postfreeze-evaluation,513.6689855554737,1537.2539976324945,1023.5850120770208,199.26938181212788
J,320,281,postfreeze-evaluation,515.4350571672994,1544.0183172068453,1028.5832600395458,199.55632542582165
J,320,282,postfreeze-evaluation,517.5896685724674,1550.8012046681185,1033.2115360956511,199.6198144652479
J,320,283,postfreeze-evaluation,518.2342231475501,1557.6832790770961,1039.449055929546,200.57514720203977
J,320,284,postfreeze-evaluation,520.1063104117233,1564.586092505999,1044.4797820942758,200.82044020335985
J,320,285,postfreeze-evaluation,521.525193449492,1571.5945483985463,1050.0693549490543,201.3458540715253
J,320,286,postfreeze-evaluation,522.4566961777302,1578.626227003282,1056.1695308255519,202.15446343255638
J,320,287,postfreeze-evaluation,523.9605308920159,1585.7709372096815,1061.8104063176656,202.6508379381149
J,320,288,postfreeze-evaluation,525.0773856872796,1592.9417313080335,1067.8643456207537,203.372755088855
J,320,289,postfreeze-evaluation,527.9036416012724,1600.234075648004,1072.3304340467316,203.12995583702886
J,320,290,postfreeze-evaluation,528.4062138522927,1607.5558266579758,1079.149612805683,204.22727525065437
J,320,291,postfreeze-evaluation,529.8062263187069,1615.0090302048839,1085.202803886177,204.8301341089505
J,320,292,postfreeze-evaluation,530.866917883961,1622.4955353904134,1091.6286175064524,205.63131374953466
J,320,293,postfreeze-evaluation,532.6881830282937,1630.1251142889662,1097.4369312606725,206.01863646041915
J,320,294,postfreeze-evaluation,533.7796307537687,1637.7926099254244,1104.0129791716556,206.82935720357867
J,320,295,postfreeze-evaluation,535.6643140758732,1645.616969898056,1109.9526558221828,207.21049109591527
J,320,296,postfreeze-evaluation,537.0697590831223,1653.4847837362197,1116.4150246530974,207.87151124632763
J,320,297,postfreeze-evaluation,538.4285261762479,1661.5260408879735,1123.0975147117256,208.5880409583079
J,320,298,postfreeze-evaluation,540.2131663762282,1669.6174930896577,1129.4043267134296,209.066419889304
J,320,299,postfreeze-evaluation,540.6313902472951,1677.902627898308,1137.271237651013,210.35982337814374
J,320,300,postfreeze-evaluation,541.8474371212013,1686.2463078847645,1144.398870763563,211.20315283646568
J,352,1,train,14.1347,14.134700000000002,1.7763568394002505e-15,1.2567347304153965e-14
J,352,2,train,21.022,27.60248596060497,6.580485960604971,31.30285396539326
J,352,3,train,25.0108,40.48543684851975,15.474636848519747,61.87181876837105
J,352,4,train,30.4248,52.8502933074966,22.4254933074966,73.70793992892837
J,352,5,train,32.935,64.75221181192366,31.817211811923656,96.60607806869183
J,352,6,train,37.5861,76.23739176068148,38.651291760681474,102.83400448751392
J,352,7,train,40.9187,87.34497690161243,46.426276901612425,113.4598042010436
J,352,8,train,43.327,98.10846597256278,54.781465972562785,126.43724691892534
J,352,9,train,48.0051,108.55678040504756,60.55168040504756,126.13593223438252
J,352,10,train,49.7738,118.71508624476508,68.94128624476508,138.50918805629684
J,352,11,train,52.9703,128.60543621209587,75.63513621209586,142.78781923473315
J,352,12,train,56.4462,138.24727778626985,81.80107778626984,144.91866199366802
J,352,13,train,59.347,147.6578599342704,88.31085993427038,148.80425284221675
J,352,14,train,60.8317,156.85256210338162,96.02086210338162,157.8467511238082
J,352,15,train,65.1125,165.8451628543399,100.73266285433989,154.70556783158364
J,352,16,train,67.0798,174.64806110298642,107.56826110298641,160.3586491059699
J,352,17,train,69.5464,183.27245977325452,113.72605977325452,163.52544455680598
J,352,18,train,72.0671,191.7285193582604,119.6614193582604,166.0416741595824
J,352,19,train,75.7046,200.02548718437177,124.32088718437177,164.2184057301297
J,352,20,train,77.1448,208.17180690134276,131.02700690134276,169.8455461694667
J,352,21,train,79.3373,216.1752117613986,136.8379117613986,172.47613891750615
J,352,22,train,82.9103,224.04280451700205,141.13250451700205,170.22312609772493
J,352,23,train,84.7354,231.78112620266242,147.04572620266242,173.53517680056083
J,352,24,train,87.4252,239.39621562743213,151.9710156274321,173.82976032932393
J,352,25,train,88.8091,246.89366106113698,158.08456106113698,178.00491285367937
J,352,26,train,92.4918,254.2786453260352,161.78684532603518,174.92020408948164
J,352,27,train,94.6513,261.555985290002,166.90468529000202,176.3363897696091
J,352,28,train,95.8706,268.7301665846637,172.85956658466372,180.30508475451677
J,352,29,train,98.8311,275.80537423278656,176.97427423278657,179.06739298944012
J,352,30,train,101.3178,282.7855197566039,181.46771975660388,179.10744188741157
J,352,31,train,103.7255,289.67426524687454,185.94876524687453,179.2700591916882
J,352,32,train,105.4466,296.47504479721437,191.02844479721438,181.16131273764574
J,352,33,train,107.1686,303.19108364620695,196.02248364620695,182.91037080470116
J,352,34,train,111.0295,309.8254153186531,198.7959153186531,179.04783442117014
J,352,35,train,111.8746,316.3808970144653,204.5062970144653,182.7995782907517
J,352,36,train,114.3202,322.86022345831503,208.54002345831503,182.4174760526268
J,352,37,train,116.2266,329.26593939311584,213.03933939311582,183.2965426099669
J,352,38,train,118.7907,335.6004508753831,216.8097508753831,182.51407801737267
J,352,39,train,121.3701,341.86603550921023,220.49593550921026,181.6723686552209
J,352,40,train,122.9468,348.0648517376361,225.1180517376361,183.1020016280506
J,352,41,train,124.2568,354.1989472947565,229.94214729475652,185.0539747480673
J,352,42,train,127.5166,360.27026690892313,232.75366690892315,182.52813116796023
J,352,43,train,129.5787,366.28065933608224,236.70195933608224,182.6704229445752
J,352,44,train,131.0876,372.2318837926727,241.1442837926727,183.95659375308776
J,352,45,train,133.4977,378.1256158491876,244.62791584918762,183.24504156190528
J,352,46,train,134.7565,383.9634528383474,249.2069528383474,184.93130412139482
J,352,47,train,138.116,389.74691882552906,251.63091882552905,182.18810190385545
J,352,48,train,139.7362,395.4774691837282,255.7412691837282,183.01719181123303
J,352,49,train,141.1237,401.1564948106224,260.03279481062236,184.25877071719515
J,352,50,train,143.1118,406.7853260211071,263.67352602110714,184.24303657777148
J,352,51,train,146.0009,412.3652361451639,266.3643361451639,182.4402014954455
J,352,52,train,147.4427,417.89744485767517,270.45474485767517,183.4304071057266
J,352,53,train,150.0515,423.3831212640181,273.33162126401805,182.15853974403325
J,352,54,train,150.9252,428.8233867628863,277.8981867628863,184.12974557124082
J,352,55,train,153.0246,434.21931770548866,281.19471770548864,183.75785181303442
J,352,56,train,156.1129,439.57194786850204,283.459047868502,181.57311014560747
J,352,57,train,157.5975,444.882270756332,287.284770756332,182.29018274803346
J,352,58,train,158.8499,450.1512417467727,291.3013417467727,183.38150779243344
J,352,59,train,161.1889,455.3797800928101,294.1908800928101,182.51311355360707
J,352,60,train,163.0306,460.5687707921262,297.5381707921262,182.50449350743128
J,352,61,train,165.5373,465.71906633471866,300.18176633471865,181.33784128091895
J,352,62,train,167.1844,470.83148833820496,303.647088338205,181.62405603525508
J,352,63,train,169.0945,475.90682907940277,306.81232907940273,181.44429835352582
J,352,64,train,169.9119,480.9458529300954,311.0339529300954,183.05601487011526
J,352,65,train,173.4115,485.94929770414495,312.53779770414496,180.22899156292692
J,352,66,train,174.7541,490.9178759225207,316.1637759225207,180.91923217968602
J,352,67,train,176.4414,495.85227600222527,319.4108760022253,181.02943867041708
J,352,68,train,178.3774,500.75316337463335,322.3757633746334,180.72679799942895
J,352,69,train,179.9164,505.62118153820825,325.70478153820824,181.0311797802803
J,352,70,train,182.207,510.45695305029085,328.24995305029086,180.15221865805972
J,352,71,train,184.8744,515.261080462124,330.386680462124,178.70872357780416
J,352,72,train,185.9589,520.0341472010527,334.0752472010528,179.65004482229824
J,352,73,train,187.2289,524.7767184034606,337.54781840346055,180.286172916393
J,352,74,train,189.4161,529.4893417017344,340.07324170173433,179.5376642754942
J,352,75,train,192.0266,534.1725479683457,342.1459479683457,178.1763297211666
J,352,76,train,193.0797,538.8268520197964,345.74715201979643,179.0696546658175
J,352,77,train,195.2658,543.452753283081,348.18695328308104,178.3143557566563
J,352,78,train,196.8764,548.0507364270248,351.17433642702485,178.3729976914576
J,352,79,train,198.0153,552.6212719607449,354.6059719607449,179.0800872259593
J,352,80,train,201.2647,557.1648168012799,355.9001168012799,176.83186212052087
J,352,81,train,202.4935,561.6818148123019,359.1883148123019,177.38263935005415
J,352,82,train,204.1896,566.1726973156802,361.9830973156802,177.27793056829543
J,352,83,train,205.3946,570.6378835775447,365.24328357754473,177.82516364965034
J,352,84,train,207.9062,575.0777812703633,367.1715812703633,176.60444049786068
J,352,85,train,209.5765,579.4927869124808,369.9162869124808,176.5065677270499
J,352,86,train,211.3289,583.8832862864201,372.55438628642014,176.29126271249228
J,352,87,train,213.3479,588.2496548371907,374.90175483719077,175.7231989802528
J,352,88,train,214.547,592.5922580517527,378.0452580517526,176.2062662501702
J,352,89,train,216.1695,596.9114518207015,380.7419518207015,176.13120806621725
J,352,90,train,219.0675,601.207582783189,382.140082783189,174.43942290992
J,352,91,train,220.7149,605.4809886560047,384.7660886560047,174.32719252574458
J,352,92,train,221.3952,609.7319985476938,388.33679854769383,175.4043441536645
J,352,93,train,224.007,613.9609332585391,389.95393325853905,174.08113731202107
J,352,94,train,224.9833,618.1681055671604,393.1848055671604,174.76177368149567
J,352,95,train,227.4214,622.3538205044591,394.9324205044591,173.65666577747703
J,352,96,train,229.3374,626.5183756155725,397.1809756155725,173.18630786586596
J,352,97,train,231.2882,630.662061210484,399.37386121048405,172.6736864269271
J,352,98,train,231.9872,634.7851606038541,402.7979606038541,173.62939015766995
J,352,99,train,233.6934,638.8879503446597,405.19455034465966,173.38724600038327
J,352,100,train,236.5242,642.9707004361428,406.4465004361428,171.8414016139333
J,352,101,development,237.7698204809252,647.0336745465675,409.26385406564225,172.12607270251732
J,352,102,development,239.55547757332764,651.0771302112427,411.52165263791505,171.78553243974508
J,352,103,development,241.04915779621658,655.1013190262572,414.0521612300406,171.77083919956323
J,352,104,development,242.8232719342226,659.1064868343211,416.2832149000985,171.43464528097778
J,352,105,development,244.07089849707816,663.0928739031069,419.0219754060288,171.68043301608324
J,352,106,development,247.1369900748975,667.0607150964605,419.923725021563,169.91536754344244
J,352,107,development,248.10199006014847,671.0102400388098,422.90824997866133,170.4574194975759
J,352,108,development,249.5736896447072,674.9416732731107,425.3679836284035,170.4378311006889
J,352,109,development,251.014947795016,678.8552344126215,427.84028661760544,170.4441470023485
J,352,110,development,253.06998674799948,682.7511382868109,429.6811515388115,169.78747936896872
J,352,111,development,255.30625645491403,686.6295950816213,431.3233386267073,168.94350519094198
J,352,112,development,256.38071369443446,690.490810474585,434.11009678015057,169.32244649944363
J,352,113,development,258.6104394915314,694.3349857641498,435.7245462726184,168.4868356936097
J,352,114,development,259.874406989678,698.1623179958482,438.2879110061702,168.6537416605163
J,352,115,development,260.8050845045969,701.973000081493,441.16791557689606,169.15617899662539
J,352,116,development,263.57389390487015,705.7672209096252,442.193327004755,167.76825673196328
J,352,117,development,265.55785183887633,709.5451654953671,443.98731365649076,167.19042972447076
J,352,118,development,266.6149737815011,713.3070149429332,446.6920411614321,167.54199316933696
J,352,119,development,267.92191508282406,717.0529469435677,449.13103186074363,167.6350483393273
J,352,120,development,269.9704490239976,720.7831351301729,450.8126861061753,166.98593780762377
J,352,121,development,271.494055641645,724.4977496779063,453.0036940362613,166.85584255818756
J,352,122,development,273.4596091884033,728.1969604852494,454.7373512968461,166.2904999559
J,352,123,development,275.58749264934386,731.8809197173922,456.29342706804835,165.57116677592978
J,352,124,development,276.4520495031329,735.5498190520626,459.0977695489297,166.0677757224321
J,352,125,development,278.25074352984194,739.2037527287799,460.953009198938,165.661016158076
J,352,126,development,279.22925092774517,742.8429532836951,463.61370235594995,166.03335818707512
J,352,127,development,282.4651147650521,746.4675999701795,464.00248520512747,164.26895250093943
J,352,128,development,283.2111857332339,750.0773054815369,466.866119748303,164.84734476132587
J,352,129,development,284.83596398090475,753.6741292287604,468.83816524785567,164.59935701072015
J,352,130,development,286.6674453630029,757.2534679650341,470.5860226020312,164.15746894668658
J,352,131,development,287.9119205014222,760.8242156766095,472.9122951751873,164.2558926881429
J,352,132,development,289.5798549292188,764.3750332281681,474.79517829894934,163.9600166299559
J,352,133,development,291.8462913290674,767.9103665376828,476.06407520861535,163.12150928511736
J,352,134,development,293.5584341393563,771.4582025633398,477.8997684239835,162.7954481447867
J,352,135,development,294.9653696192655,774.9091442792527,479.9437746599872,162.7119059025429
J,352,136,development,295.57325487895827,778.5167537493443,482.943498870386,163.39215098069639
J,352,137,development,297.97927706194344,781.8294726247749,483.85019556283146,162.37712915259186
J,352,138,development,299.8403260537213,785.4447945637218,485.60446851000046,161.95435580702926
J,352,139,development,301.64932546219416,788.8491685526291,487.1998430904349,161.51199487813736
J,352,140,development,302.6967495896069,791.9907842522634,489.29403466265654,161.6449583043215
J,352,141,development,304.8643713408573,796.2343863903333,491.37001504947597,161.17659564098219
J,352,142,development,305.7289126020368,798.2620386015172,492.53312599948043,161.1012585651669
J,352,143,development,307.2194961281701,803.4038868109822,496.1843906828121,161.50810639823686
J,352,144,development,310.1094631467019,805.2960204051717,495.1865572584698,159.68121457300208
J,352,145,development,311.165141530356,809.8369604227477,498.6718188923917,160.25953821171942
J,352,146,development,312.4278011806009,813.7231817845576,501.2953806039567,160.45159192289026
J,352,147,development,313.9852857311589,816.272608758985,502.2873230278261,159.97161200028194
J,352,148,development,315.47561608947575,822.5856997209675,507.1100836314917,160.74462106372883
J,352,149,development,317.7348059423702,822.9970058445529,505.26219990218266,159.02009803541185
J,352,150,development,318.8531042563166,829.4979154219561,510.6448111656395,160.1504907272746
J,352,151,development,321.1601343091136,832.1501184133516,510.98998410423803,159.10753842580445
J,352,152,development,322.14455867248296,836.3164516093784,514.1718929368955,159.60905720578765
J,352,153,development,323.4669695575121,841.7810660704092,518.3140965128971,160.2371015568999
J,352,154,development,324.8628660517396,843.2350883858752,518.3722223341356,159.56647450483814
J,352,155,development,327.44390126190547,850.2338093974793,522.7899081355738,159.6578547106367
J,352,156,development,329.03307168048093,851.6570796515845,522.6240079711035,158.83631554174465
J,352,157,development,329.9532397282339,857.3303585338458,527.3771188056119,159.83389623329242
J,352,158,development,331.4744675826634,861.7196999539066,530.2452323712432,159.965633624258
J,352,159,development,333.64537852486984,864.5043345588865,530.8589560340167,159.1087394589662
J,352,160,development,334.2113548332444,871.7421604396627,537.5308056064183,160.83559036305653
J,352,161,development,336.84185042839067,871.9706638600732,535.1288134316825,158.86648667649618
J,352,162,development,338.3399928508066,879.0694132988896,540.7294204480829,159.8183578275718
J,352,163,development,339.85821672536355,882.3587662972084,542.5005495718449,159.62555056017223
J,352,164,development,341.04226111104657,886.4549493205088,545.4126882094622,159.9252498598321
J,352,165,development,342.0548775103636,892.894003418153,550.8391259077894,161.03823161857997
J,352,166,development,344.6617029402523,893.9042928152047,549.2425898749524,159.3570115825037
J,352,167,development,346.34787056600993,901.4119310637931,555.0640604977832,160.26201044362836
J,352,168,development,347.2726775844205,903.5556564773859,556.2829788929655,160.18622103022645
J,352,169,development,349.31626087069617,908.9787276198273,559.6624667491311,160.2165514293929
J,352,170,development,350.4084193491921,914.3261206349503,563.9177012857581,160.93155019879754
J,352,171,development,351.87864902535927,916.6003296354387,564.7216806100794,160.48762326849246
J,352,172,development,353.4889004887188,924.2733990808234,570.7844985921047,161.4716891543022
J,352,173,development,356.0175749772649,925.1953020932677,569.1777271160029,159.87349140062824
J,352,174,development,357.1513022520396,931.9976197338709,574.8463174818313,160.95316294721658
J,352,175,development,357.95268510163226,936.1487498013224,578.1960646996902,161.52862899618282
J,352,176,development,359.74375495311443,939.7691054837317,580.0253505306173,161.23291719302043
J,352,177,development,361.28936169580464,947.175673182167,585.8863114863623,162.16539250875087
J,352,178,development,363.33133057897385,947.5864774539734,584.2551468749996,160.80505524915242
J,352,179,development,364.736024114089,955.4453160849531,590.7092919708641,161.95529174987414
J,352,180,development,366.2127102883313,958.2664752585172,592.0537649701859,161.66936546359696
J,352,181,development,367.9935754817403,963.3457626713728,595.3521871896324,161.78331005106733
J,352,182,development,368.96843809573437,969.4074804229658,600.4390423272314,162.73452694927758
J,352,183,development,370.050919212106,971.2845805517813,601.2336613396753,162.47322466318747
J,352,184,development,373.06192837211285,979.2590496902652,606.1971213181523,162.4923572242669
J,352,185,development,373.86487391090856,980.5889755580724,606.7241016471639,162.2843289074933
J,352,186,development,375.82591276673935,987.2674525981323,611.4415398313929,162.69275722105172
J,352,187,development,376.32409223066804,991.799216481216,615.475124250548,163.54922178973655
J,352,188,development,378.4366802499655,995.3068369955317,616.8701567455662,163.00485363578136
J,352,189,development,379.87297534653237,1003.0272837707982,623.1543084242659,164.04281137814672
J,352,190,development,381.4844686171865,1003.3750286897177,621.8905600725312,163.01857905952872
J,352,191,development,383.44352944953647,1011.4681347018897,628.0246052523532,163.7854226289676
J,352,192,development,384.95611681486366,1014.2631499520813,629.3070331372177,163.4750055003982
J,352,193,development,385.86130084597426,1019.5846555281261,633.7233546821518,164.23604888408275
J,352,194,development,387.222890222388,1025.4941333386485,638.2712431162604,164.83303524481508
J,352,195,development,388.84612835423223,1027.7211069565303,638.8749786022981,164.30020309223545
J,352,196,development,391.45608356363806,1035.8741181068938,644.4180345432558,164.62077397718977
J,352,197,development,392.2450833395191,1036.7093716184281,644.464288278909,164.3014318476681
J,352,198,development,393.427743844434,1044.0408049932666,650.6130611488327,165.37040697518597
J,352,199,development,395.5828700109937,1047.8964064169206,652.3135364059269,164.89933863612404
J,352,200,development,396.3818542225922,1052.217216426258,655.8353622036657,165.45544535330185
J,352,201,development,397.9187362096142,1059.0431149194305,661.1243787098163,166.14557660877557
J,352,202,development,399.9851198761949,1060.399603171861,660.4144832956661,165.1097629582021
J,352,203,development,401.8392286005332,1068.58362162118,666.7443930206468,165.92317164819536
J,352,204,development,402.86191776388614,1070.1365098326169,667.2745920687307,165.63357384894707
J,352,205,development,404.236441800208,1076.7650479324204,672.5286061322124,166.3701083299676
J,352,206,development,405.13438745990993,1081.1623664455587,676.0279789856488,166.86511930625616
J,352,207,development,407.5814603868962,1084.938773033295,677.3573126463989,166.18943167910982
J,352,208,development,408.9472455023511,1092.1058085627367,683.1585630603856,167.0529806897692
J,352,209,development,410.51386919336665,1093.0994120731605,682.5855428797938,166.2758786252534
J,352,210,development,411.9722678042788,1101.2407376519257,689.2684698476469,167.30943408431244
J,352,211,development,413.26273607018504,1102.950532483374,689.687796413189,166.8884552649475
J,352,212,development,415.01880975515513,1109.3562230193347,694.3374132641795,167.30263711994436
J,352,213,development,415.4552149962946,1113.6778258124175,698.2226108161228,168.06206436049914
J,352,214,development,418.3877057895348,1117.4380019715484,699.0502961820137,167.08194014994865
J,352,215,development,419.8613648181523,1124.266579978426,704.4052151602738,167.77090587159915
J,352,216,development,420.6438276250418,1125.4771582074584,704.8333305824166,167.56060217545823
J,352,217,development,422.07671005882673,1133.4629978182443,711.3862877594175,168.54431216076065
J,352,218,development,423.7165796274818,1134.6915826120094,710.9750029845276,167.7949452932888
J,352,219,development,425.06988249446135,1141.3828566623981,716.3129741679368,168.516520145901
J,352,220,development,427.2088250840746,1144.9209273660283,717.7121022819538,168.0002987159051
J,352,221,development,428.12791407661666,1149.2203674082537,721.092453331637,168.4292076322293
J,352,222,development,430.3287454309386,1154.9119869267058,724.5832414957672,168.37900074980047
J,352,223,development,431.3013069307036,1156.9538834585671,725.6525765278635,168.24724731113622
J,352,224,development,432.1386417345886,1164.5233257859172,732.3846840513286,169.47910076071037
J,352,225,development,433.88921848092724,1164.6284615461077,730.7392430651805,168.4160868581947
J,352,226,development,436.16100643264696,1171.9487393845625,735.7877329519156,168.69635801923474
J,352,227,development,437.5816981676686,1173.8763598427765,736.2946616751079,168.26450117961315
J,352,228,development,438.6217386562722,1179.0451606670724,740.4234220108002,168.80682299949484
J,352,229,development,439.91844221437066,1182.4538931235618,742.5354509091911,168.78934358186245
J,352,230,development,441.68319920118904,1185.872202978212,744.189003777023,168.48931657870034
J,352,231,development,442.90454630260945,1190.0574713903338,747.1529250877244,168.69389382542954
J,352,232,development,444.31933627755916,1193.2779003710477,748.9585640934886,168.56312632444747
J,352,233,development,446.8606226964295,1197.581914252596,750.7212915561665,167.99898076187435
J,352,234,development,447.4417041944933,1201.357627135288,753.9159229407949,168.49478174995593
J,352,235,development,449.1485456850233,1205.5763426997871,756.4277970147639,168.4137250986955
J,352,236,development,450.1269457803135,1209.6763725754433,759.5494267951299,168.74115933637782
J,352,237,development,451.4033084453888,1213.9196637360224,762.5163552906336,168.92130408097873
J,352,238,development,453.9867378066779,1218.1672471323536,764.1805093256758,168.32661522616732
J,352,239,development,454.9746837686168,1222.484501794995,767.5098180263781,168.6928625718228
J,352,240,development,456.32842668924604,1226.8199940302393,770.4915673409932,168.8458404686869
J,352,241,postfreeze-evaluation,457.903893064103,1231.2121723014163,773.3082792373134,168.8800403208313
J,352,242,postfreeze-evaluation,459.513415281106,1235.6179008819336,776.1044856008275,168.89702450276621
J,352,243,postfreeze-evaluation,460.08794442217584,1240.0768786509866,779.9889342288108,169.5304003690856
J,352,244,postfreeze-evaluation,462.06536727488253,1244.5451695542065,782.479802279324,169.34396249910392
J,352,245,postfreeze-evaluation,464.05728691054827,1249.0643309012246,785.0070439906763,169.1616673486251
J,352,246,postfreeze-evaluation,465.6715392113711,1253.5901537149232,787.9186145035521,169.20050897633044
J,352,247,postfreeze-evaluation,466.5702869308262,1258.1649512406182,791.5946643097919,169.66246811751085
J,352,248,postfreeze-evaluation,467.43904621026167,1262.7446406389074,795.3055944286457,170.14102712996387
J,352,249,postfreeze-evaluation,469.53600455911203,1267.3718876077883,797.8358830486762,169.92006476645668
J,352,250,postfreeze-evaluation,470.77365547810166,1272.0027633731002,801.2291078949985,170.19412589714636
J,352,251,postfreeze-evaluation,472.7991746619088,1276.6801707664924,803.8809961045836,170.0258881964898
J,352,252,postfreeze-evaluation,473.8352323451397,1281.3602851273574,807.5250527822177,170.42317617150505
J,352,253,postfreeze-evaluation,475.6003393693758,1286.086205995035,810.4858666256592,170.41322293847105
J,352,254,postfreeze-evaluation,476.7690152374845,1290.8141623872793,814.0451471497948,170.7420409324018
J,352,255,postfreeze-evaluation,478.07526376667096,1295.587435495386,817.512171728715,171.0007259709863
J,352,256,postfreeze-evaluation,478.9421815346348,1300.3622636240136,821.4200820893789,171.50714924656884
J,352,257,postfreeze-evaluation,481.8303393762866,1305.182109114358,823.3517697380713,170.88001780956196
J,352,258,postfreeze-evaluation,482.8347827909824,1310.0031785686783,827.1683957776959,171.3149974399782
J,352,259,postfreeze-evaluation,483.8514272124825,1314.869125310334,831.0176980978515,171.7505935417881
J,352,260,postfreeze-evaluation,485.539148129356,1319.7360846515455,834.1969365221895,171.80837832255392
J,352,261,postfreeze-evaluation,486.52871826165125,1324.6479185114952,838.119200249844,172.2651035368297
J,352,262,postfreeze-evaluation,488.38056709001745,1329.5606515640825,841.1800844740651,172.2386477181473
J,352,263,postfreeze-evaluation,489.66176157795616,1334.518378070587,844.8566164926308,172.53881817727486
J,352,264,postfreeze-evaluation,491.398821593663,1339.4769722248634,848.0781506312004,172.584490105366
J,352,265,postfreeze-evaluation,493.3144415817853,1344.4807894549494,851.1663478731641,172.54032643843684
J,352,266,postfreeze-evaluation,493.9579978053695,1349.4855126251925,855.5275148198231,173.19843359574878
J,352,267,postfreeze-evaluation,495.3588288221313,1354.5357915761056,859.1769627539743,173.44537187253394
J,352,268,postfreeze-evaluation,496.4296962157591,1359.5870755851743,863.1573793694151,173.87303498344068
J,352,269,postfreeze-evaluation,498.58078242968656,1364.6843461885583,866.1035637588717,173.71378807225003
J,352,270,postfreeze-evaluation,500.3090849416905,1369.782775067568,869.4736901258775,173.78730794528985
J,352,271,postfreeze-evaluation,501.6044469651455,1374.927716588769,873.3232696236236,174.10596634608928
J,352,272,postfreeze-evaluation,502.27627032711825,1380.0740187528731,877.7977484257549,174.76392978988835
J,352,273,postfreeze-evaluation,504.49977331342774,1385.2674537084392,880.7676803950114,174.58237386517553
J,352,274,postfreeze-evaluation,505.41523174224443,1390.462497290875,885.0472655486305,175.11289924874956
J,352,275,postfreeze-evaluation,506.46415270952355,1395.7053882870548,889.2412355775313,175.57831700826117
J,352,276,postfreeze-evaluation,508.8007003364678,1400.9501791386322,892.1494788021644,175.34360275294227
J,352,277,postfreeze-evaluation,510.26422794367284,1406.2436282260808,895.9794002824079,175.59126256863797
J,352,278,postfreeze-evaluation,511.5622897003746,1411.539310250483,899.9770205501084,175.92716247267384
J,352,279,postfreeze-evaluation,512.6231445314074,1416.8845605327947,904.2614160013873,176.39886642808125
J,352,280,postfreeze-evaluation,513.6689855554737,1422.232418151159,908.5634325956853,176.87722213035286
J,352,281,postfreeze-evaluation,515.4350571672994,1427.6308574948737,912.1958003275743,176.9758939837681
J,352,282,postfreeze-evaluation,517.5896685724674,1433.03232013032,915.4426515578525,176.86648461950162
J,352,283,postfreeze-evaluation,518.2342231475501,1438.4854869137523,920.2512637662022,177.57439062533524
J,352,284,postfreeze-evaluation,520.1063104117233,1443.942135467779,923.8358250560558,177.62442150043032
J,352,285,postfreeze-evaluation,521.525193449492,1449.4517263834416,927.9265329339496,177.92554311641635
J,352,286,postfreeze-evaluation,522.4566961777302,1454.965301748303,932.5086055705729,178.48533905159297
J,352,287,postfreeze-evaluation,523.9605308920159,1460.5331817455685,936.5726508535527,178.74870255190515
J,352,288,postfreeze-evaluation,525.0773856872796,1466.1055954656963,941.0282097784167,179.2170517011877
J,352,289,postfreeze-evaluation,527.9036416012724,1471.7338099912893,943.8301683900169,178.78834204043915
J,352,290,postfreeze-evaluation,528.4062138522927,1477.3671572568048,948.9609434045121,179.58928538826353
J,352,291,postfreeze-evaluation,529.8062263187069,1483.0579470258015,953.2517207070946,179.92459758931986
J,352,292,postfreeze-evaluation,530.866917883961,1488.754522256774,957.8876043728129,180.43836828087896
J,352,293,postfreeze-evaluation,532.6881830282937,1494.510340870248,961.8221578419543,180.5600703161961
J,352,294,postfreeze-evaluation,533.7796307537687,1500.2726562363744,966.4930254826056,181.0659249244463
J,352,295,postfreeze-evaluation,535.6643140758732,1506.0961910589842,970.431876983111,181.1641827694454
J,352,296,postfreeze-evaluation,537.0697590831223,1511.9269983803367,974.8572392972144,181.51408132930004
J,352,297,postfreeze-evaluation,538.4285261762479,1517.8211952078964,979.3926690316484,181.89836188416515
J,352,298,postfreeze-evaluation,540.2131663762282,1523.723511805639,983.5103454294108,182.05967692843143
J,352,299,postfreeze-evaluation,540.6313902472951,1529.6916039967778,989.0602137494826,182.945391553581
J,352,300,postfreeze-evaluation,541.8474371212013,1535.668743215423,993.8213060942218,183.413492066019
D,320,1,train,14.1347,14.1347,0.0,0.0
D,320,2,train,21.022,27.518467708990404,6.496467708990405,30.903185752975002
D,320,3,train,25.0108,40.235207410008464,15.224407410008464,60.871333224081056
D,320,4,train,30.4248,52.35543910231783,21.93063910231783,72.0814569111969
D,320,5,train,32.935,63.93900265318875,31.00400265318875,94.13694444569227
D,320,6,train,37.5861,75.03710194421701,37.45100194421701,99.6405637834652
D,320,7,train,40.9187,85.69388138668302,44.775181386683016,109.42474073390166
D,320,8,train,43.327,95.94765963367928,52.62065963367928,121.45004185306918
D,320,9,train,48.0051,105.83190664263617,57.82680664263617,120.45971499410724
D,320,10,train,49.7738,115.37602552902915,65.60222552902914,131.8007175040466
D,320,11,train,52.9703,124.60598402006568,71.63568402006567,135.23745196849114
D,320,12,train,56.4462,133.54482874172578,77.09862874172578,136.58781059083833
D,320,13,train,59.347,142.2131073272453,82.86610732724529,139.62981671734929
D,320,14,train,60.8317,150.62921735654425,89.79751735654425,147.61632069553252
D,320,15,train,65.1125,158.80969673801135,93.69719673801136,143.90047492879455
D,320,16,train,67.0798,166.76946686915693,99.68966686915692,148.61354218282838
D,320,17,train,69.5464,174.52203744724645,104.97563744724644,150.94330899550005
D,320,18,train,72.0671,182.0796799270454,110.0125799270454,152.65298579663312
D,320,19,train,75.7046,189.45357518600002,113.74897518600002,150.2537166645092
D,320,20,train,77.1448,196.6539398458279,119.50913984582789,154.91535378382974
D,320,21,train,79.3373,203.69013483399104,124.35283483399104,156.739433827457
D,320,22,train,82.9103,210.57075908897124,127.66045908897124,153.97418546184397
D,320,23,train,84.7354,217.3037307765748,132.5683307765748,156.44976099313251
D,320,24,train,87.4252,223.89635795763866,136.47115795763864,156.10048127729607
D,320,25,train,88.8091,230.35540030596465,141.54630030596465,159.38265369873656
D,320,26,train,92.4918,236.68712320061564,144.19532320061563,155.90065627505967
D,320,27,train,94.6513,242.89734529430817,148.24604529430815,156.62335889132865
D,320,28,train,95.8706,248.99148047885978,153.1208804788598,159.71620129514136
D,320,29,train,98.8311,254.97457502086368,156.14347502086366,157.99022273440613
D,320,30,train,101.3178,260.8513405193137,159.53354051931368,157.45855172468578
D,320,31,train,103.7255,266.62618323682847,162.90068323682846,157.0497931914799
D,320,32,train,105.4466,272.3032302730874,166.85663027308743,158.23803733177496
D,320,33,train,107.1686,277.88635298003584,170.71775298003584,159.29829537759738
D,320,34,train,111.0295,283.37918796075155,172.34968796075157,155.22873467029174
D,320,35,train,111.8746,288.7851559454465,176.9105559454465,158.1329059012917
D,320,36,train,114.3202,294.1074787973661,179.78727879736613,157.266413807329
D,320,37,train,116.2266,299.349194866939,183.12259486693898,157.55652739298836
D,320,38,train,118.7907,304.5131728833679,185.72247288336786,156.34428695459144
D,320,39,train,121.3701,309.6021245480296,188.23202454802964,155.08928850518345
D,320,40,train,122.9468,314.61861597292517,191.67181597292517,155.8981738222753
D,320,41,train,124.2568,319.5650780893021,195.30827808930212,157.18115876901877
D,320,42,train,127.5166,324.4438161360085,196.9272161360085,154.4326120175793
D,320,43,train,129.5787,329.25701832381145,199.67831832381145,154.0981027929833
D,320,44,train,131.0876,334.0067637603314,202.9191637603314,154.79661215883988
D,320,45,train,133.4977,338.6950297102686,205.1973297102686,153.7085131131612
D,320,46,train,134.7565,343.32369825695946,208.56719825695947,154.77338626111504
D,320,47,train,138.116,347.89456242371944,209.77856242371942,151.88577892765457
D,320,48,train,139.7362,352.4093318069028,212.6731318069028,152.19616091385254
D,320,49,train,141.1237,356.86963776687196,215.74593776687195,152.87718346873837
D,320,50,train,143.1118,361.2770382179931,218.1652382179931,152.4439202204103
D,320,51,train,146.0009,365.6330220544526,219.63212205445262,150.4320329905176
D,320,52,train,147.4427,369.9390132447273,222.49631324472728,150.9035803364475
D,320,53,train,150.0515,374.19637462417626,224.14487462417625,149.37862975323557
D,320,54,train,150.9252,378.4064114121979,227.4812114121979,150.7244723957284
D,320,55,train,153.0246,382.57037447770847,229.54577447770848,150.00579937977847
D,320,56,train,156.1129,386.689463374359,230.57656337435898,147.6985972167316
D,320,57,train,157.5975,390.76482916478886,233.16732916478887,147.95115986280803
D,320,58,train,158.8499,394.7975770513579,235.9476770513579,148.53498620481216
D,320,59,train,161.1889,398.7887688291408,237.5998688291408,147.40460964070158
D,320,60,train,163.0306,402.7394251754548,239.70882517545482,147.033026422926
D,320,61,train,165.5373,406.6505277889137,241.1132277889137,145.654923566419
D,320,62,train,167.1844,410.52302138976347,243.33862138976346,145.55103310462187
D,320,63,train,169.0945,414.3578155922276,245.2633155922276,145.04511713404492
D,320,64,train,169.9119,418.1557866586124,248.24388665861238,146.1015306512448
D,320,65,train,173.4115,421.9177791439345,248.50627914393453,143.30438243365322
D,320,66,train,174.7541,425.64460744042486,250.89050744042487,143.5677374324407
D,320,67,train,176.4414,429.3370572234486,252.8956572234486,143.33124608138942
D,320,68,train,178.3774,432.99588682011057,254.61848682011058,142.74144976892285
D,320,69,train,179.9164,436.6218285274887,256.70542852748866,142.6803940760757
D,320,70,train,182.207,440.2155894743995,258.0085894743995,141.60190852952934
D,320,71,train,184.8744,443.7778542936699,258.90345429366994,140.04289089980546
D,320,72,train,185.9589,447.3092822215423,261.3503822215423,140.5420134349807
D,320,73,train,187.2289,450.81050937479046,263.58160937479045,140.7804080325155
D,320,74,train,189.4161,454.2821926658148,264.8660926658148,139.83293535545013
D,320,75,train,192.0266,457.72476721292554,265.69816721292557,138.36529273180153
D,320,76,train,193.0797,461.1392194523543,268.0595194523543,138.83361091422574
D,320,77,train,195.2658,464.52566805212484,269.25986805212483,137.89402345527216
D,320,78,train,196.8764,467.8831546549541,271.00675465495414,137.65324571911827
D,320,79,train,198.0153,471.22164740852855,273.2063474085286,137.97234224250784
D,320,80,train,201.2647,474.5124806184428,273.2477806184428,135.76537794180638
D,320,81,train,202.4935,477.8092421419222,275.3157421419222,135.9627554177898
D,320,82,train,204.1896,481.07028348527564,276.88068348527565,135.5997971910791
D,320,83,train,205.3946,484.1748151365078,278.78021513650776,135.72908690710844
D,320,84,train,207.9062,487.68429148325436,279.77809148325434,134.5693834446757
D,320,85,train,209.5765,490.2904662368039,280.7139662368039,133.9434365192681
D,320,86,train,211.3289,493.86380364078104,282.53490364078107,133.69439941284938
D,320,87,train,213.3479,497.1638376485672,283.8159376485672,133.02963734284106
D,320,88,train,214.547,499.3795829197863,284.8325829197863,132.75999334401615
D,320,89,train,216.1695,504.67801055831774,288.50851055831777,133.46402270362736
D,320,90,train,219.0675,505.8799263109526,286.8124263109526,130.92422486719965
D,320,91,train,220.7149,510.5867934011647,289.8718934011647,131.33317841304086
D,320,92,train,221.3952,515.2731093603328,293.8779093603328,132.73906090119968
D,320,93,train,224.007,516.6081581339774,292.60115813397744,130.62143510425005
D,320,94,train,224.9833,522.765979499858,297.782679499858,132.35768143673684
D,320,95,train,227.4214,525.5824604984059,298.1610604984059,131.10510290518215
D,320,96,train,229.3374,529.0875333964763,299.75013339647626,130.70268233461977
D,320,97,train,231.2882,535.5279172307927,304.23971723079273,131.54139174881934
D,320,98,train,231.9872,536.565652785864,304.578452785864,131.29105950063797
D,320,99,train,233.6934,542.0892282961433,308.39582829614335,131.9659983106683
D,320,100,train,236.5242,548.1710767830845,311.64687678308445,131.76109539027485
D,320,101,development,237.7698204809252,548.7540755247018,310.98425504377656,130.792147806969
D,320,102,development,239.55547757332764,555.5105346493165,315.95505707598886,131.89222817051862
D,320,103,development,241.04915779621658,560.379438335125,319.33028053890837,132.47516957054495
D,320,104,development,242.8232719342226,562.3596361147498,319.53636418052724,131.59214997608842
D,320,105,development,244.07089849707816,569.2920195583108,325.2211210612327,133.24862696202433
D,320,106,development,247.1369900748975,573.1607388305587,326.02374875566113,131.92025550560285
D,320,107,development,248.10199006014847,576.3041986226235,328.20220856247505,132.2851979070815
D,320,108,development,249.5736896447072,583.3907743546266,333.8170847099194,133.75491831095698
D,320,109,development,251.014947795016,586.5028933991813,335.48794560416525,133.6525766896287
D,320,110,development,253.06998674799948,590.548527786961,337.47854103896157,133.35383834947362
D,320,111,development,255.30625645491403,597.7733436351998,342.4670871802858,134.13971593789122
D,320,112,development,256.38071369443446,600.3968832861439,344.0161695917094,134.1817661065265
D,320,113,development,258.6104394915314,605.0624395280844,346.452000036553,133.96674964774502
D,320,114,development,259.874406989678,612.4124745178847,352.5380675282067,135.65709359837393
D,320,115,development,260.8050845045969,614.836755371144,354.03167086654713,135.74569358532082
D,320,116,development,263.57389390487015,619.8210339582348,356.24714005336466,135.16025232071823
D,320,117,development,265.55785183887633,627.2853329643007,361.72748112542433,136.21419160480994
D,320,118,development,266.6149737815011,629.8188285502275,363.20385476872644,136.22785307864322
D,320,119,development,267.92191508282406,634.803248295216,366.88133321239195,136.9359177277365
D,320,120,development,269.9704490239976,642.3724259913223,372.4019769673247,137.9417555934879
D,320,121,development,271.494055641645,645.3411369151244,373.8470812734794,137.69991405150097
D,320,122,development,273.4596091884033,649.9909827656754,376.5313735772721,137.69176906775152
D,320,123,development,275.58749264934386,657.6569064020034,382.06941375265956,138.63815446762771
D,320,124,development,276.4520495031329,661.403041587229,384.95099208409613,139.24693008280036
D,320,125,development,278.25074352984194,665.3685244694667,387.11778093962477,139.12551536384558
D,320,126,development,279.22925092774517,673.1240979213546,393.89484699360946,141.06503730711785
D,320,127,development,282.4651147650521,678.0049558324547,395.5398410674026,140.03139516764872
D,320,128,development,283.2111857332339,680.9221484027148,397.7109626694809,140.42911534013288
D,320,129,development,284.83596398090475,688.761156990266,403.9251930093613,141.80975862880862
D,320,130,development,286.6674453630029,695.1481429162611,408.4806975532582,142.49287952317184
D,320,131,development,287.9119205014222,696.6398334270859,408.72791292566376,141.96283092892807
D,320,132,development,289.5798549292188,704.5568255603046,414.97697063108575,143.3031212521732
D,320,133,development,291.8462913290674,712.5109321214336,420.6646407923662,144.13910791076367
D,320,134,development,293.5584341393563,712.834683947995,419.27624980863874,142.82548244197355
D,320,135,development,294.9653696192655,720.5012458723185,425.53587625305295,144.2663851700031
D,320,136,development,295.57325487895827,728.5264957588274,432.95324087986916,146.4791667490924
D,320,137,development,297.97927706194344,731.0668759359098,433.0875988739664,145.34151607594407
D,320,138,development,299.8403260537213,736.5858182241674,436.7454921704461,145.6593574048462
D,320,139,development,301.64932546219416,744.6782846836705,443.0289592214764,146.8688711777018
D,320,140,development,302.6967495896069,749.8480049926343,447.1512554030274,147.72251634986844
D,320,141,development,304.8643713408573,752.8030898554849,447.9387185146276,146.93049126878927
D,320,142,development,305.7289126020368,760.959442904226,455.23053030218915,148.9000586917851
D,320,143,development,307.2194961281701,769.146306680057,461.92681055188694,150.35725804301623
D,320,144,development,310.1094631467019,769.1818595285773,459.0723963818754,148.03559740603737
D,320,145,development,311.165141530356,777.3640759148021,466.19893438444615,149.8236377287029
D,320,146,development,312.4278011806009,785.6111113147728,473.18331013417185,151.45365052217142
D,320,147,development,313.9852857311589,789.0712438258797,475.0859580947208,151.3083509593185
D,320,148,development,315.47561608947575,793.8872402496698,478.4116241601941,151.64773432901583
D,320,149,development,317.7348059423702,802.1919705903397,484.4571646479695,152.47217351939682
D,320,150,development,318.8531042563166,809.521384208254,490.66827995193734,153.88537022286715
D,320,151,development,321.1601343091136,810.5248947048934,489.36476039577985,152.37406767452993
D,320,152,development,322.14455867248296,818.8856123410142,496.7410536685312,154.198182243257
D,320,153,development,323.4669695575121,827.2738232328784,503.8068536753663,155.75217907551763
D,320,154,development,324.8628660517396,830.5364337927591,505.6735677410195,155.6575467940626
D,320,155,development,327.44390126190547,835.6892541957712,508.2453529338658,155.216008291859
D,320,156,development,329.03307168048093,844.131672000895,515.0986003204141,156.54918749949204
D,320,157,development,329.9532397282339,852.1210847456092,522.1678450173754,158.25510470740008
D,320,158,development,331.4744675826634,852.6009179469934,521.1264503643299,157.2146579387358
D,320,159,development,333.64537852486984,861.0968268354401,527.4514483105702,158.08744321367968
D,320,160,development,334.2113548332444,869.6193486202081,535.4079937869637,160.2004198971956
D,320,161,development,336.84185042839067,874.2803404891121,537.4384900607214,159.5521724444913
D,320,162,development,338.3399928508066,878.1684385740434,539.8284457232369,159.55206512086144
D,320,163,development,339.85821672536355,886.7440978745618,546.8858811491982,160.9158920501051
D,320,164,development,341.04226111104657,895.3463797189723,554.3041186079258,162.53238434501208
D,320,165,development,342.0548775103636,897.0193346658485,554.964457155485,162.2442753030676
D,320,166,development,344.6617029402523,903.9753847155428,559.3136817752904,162.27903390596558
D,320,167,development,346.34787056600993,912.6312427410951,566.2833721750851,163.50132924150836
D,320,168,development,347.2726775844205,920.3434222895429,573.0707447051225,165.02039512331388
D,320,169,development,349.31626087069617,921.3141414801462,571.99788060945,163.74785393147852
D,320,170,development,350.4084193491921,930.0242928310909,579.6158734818987,165.41151452879183
D,320,171,development,351.87864902535927,938.7619701223105,586.8833210969512,166.78571511017017
D,320,172,development,353.4889004887188,944.2581431776346,590.7692426889157,167.12525962544882
D,320,173,development,356.0175749772649,947.5274780838711,591.5099031066061,166.14626487031703
D,320,174,development,357.1513022520396,956.3211598490532,599.1698575970136,167.76359313795328
D,320,175,development,357.95268510163226,965.1434049037705,607.1907198021382,169.62876521787808
D,320,176,development,359.74375495311443,968.7691696243427,609.0254146712282,169.2942285407019
D,320,177,development,361.28936169580464,973.9946426201375,612.7052809243328,169.5885198635362
D,320,178,development,363.33133057897385,982.8753385550655,619.5440079760916,170.51763936482962
D,320,179,development,364.736024114089,991.7860021621661,627.0499780480772,171.91884996035836
D,320,180,development,366.2127102883313,993.8823310215472,627.6696207332159,171.39482139738703
D,320,181,development,367.9935754817403,1000.72718437479,632.7336088930497,171.94148241983254
D,320,182,development,368.96843809573437,1009.6994705870954,640.731032491361,173.65469951798798
D,320,183,development,370.050919212106,1018.7034892814256,648.6525700693196,175.2873824635805
D,320,184,development,373.06192837211285,1019.6035902144431,646.5416618423303,173.30679243083563
D,320,185,development,373.86487391090856,1027.7399137033638,653.8750397924553,174.8960882450467
D,320,186,development,375.82591276673935,1036.8094466640412,660.9835338973019,175.87492278839986
D,320,187,development,376.32409223066804,1045.9127895774639,669.5886973467958,177.92873514363546
D,320,188,development,378.4366802499655,1045.9390811886306,667.502400938665,176.3841709259698
D,320,189,development,379.87297534653237,1055.0508779298834,675.177902583351,177.7378087944877
D,320,190,development,381.4844686171865,1064.2243923774781,682.7399237602916,178.9692582335272
D,320,191,development,383.44352944953647,1072.8948641961297,689.4513347465931,179.8051816746928
D,320,192,development,384.95611681486366,1073.4342532304372,688.4781364155735,178.84587524210772
D,320,193,development,385.86130084597426,1082.6813633063334,696.8200624603592,180.58822196800492
D,320,194,development,387.222890222388,1091.9666781306935,704.7437879083054,181.99951648094984
D,320,195,development,388.84612835423223,1100.477405903363,711.6312775491308,183.01102303913046
D,320,196,development,391.45608356363806,1101.2911877441597,709.8351041805217,181.3319894580526
D,320,197,development,392.2450833395191,1110.655920220669,718.4108368811499,183.153560718901
D,320,198,development,393.427743844434,1120.0619517510356,726.6342079066017,184.69317918614337
D,320,199,development,395.5828700109937,1128.6930737852,733.1102037742064,185.32405201313
D,320,200,development,396.3818542225922,1129.5103971406181,733.1285429180259,184.95512221564266
D,320,201,development,397.9187362096142,1139.0024101164347,741.0836739068204,186.23995466160585
D,320,202,development,399.9851198761949,1148.5391924226076,748.5540725464127,187.14548000638334
D,320,203,development,401.8392286005332,1157.5483871307677,755.7091585302344,188.06256451419827
D,320,204,development,402.86191776388614,1158.1219864021798,755.2600686382937,187.47368151112883
D,320,205,development,404.236441800208,1167.7520738586782,763.5156320584701,188.8784763338666
D,320,206,development,405.13438745990993,1177.4307872632353,772.2963998033254,190.62721499535704
D,320,207,development,407.5814603868962,1187.049955482977,779.4684950960809,191.24238240772075
D,320,208,development,408.9472455023511,1187.1595047196831,778.2122592173321,190.2964912409119
D,320,209,development,410.51386919336665,1196.9396321187962,786.4257629254296,191.57105811569915
D,320,210,development,411.9722678042788,1206.772652748619,794.8003849443403,192.92570084400361
D,320,211,development,413.26273607018504,1216.6600822039363,803.3973461337513,194.40352976739453
D,320,212,development,415.01880975515513,1217.2044938175163,802.1856840623611,193.28899442789577
D,320,213,development,415.4552149962946,1226.603502377799,811.1482873815044,195.24325561510616
D,320,214,development,418.3877057895348,1236.6045599280615,818.2168541385267,195.56426797830466
D,320,215,development,419.8613648181523,1246.6649937837576,826.8036289656053,196.92300798472021
D,320,216,development,420.6438276250418,1248.0187741603556,827.3749465353138,196.6925204172563
D,320,217,development,422.07671005882673,1256.786665667089,834.7099556082622,197.7626189068629
D,320,218,development,423.7165796274818,1266.971615671216,843.2550360437341,199.01393445238733
D,320,219,development,425.06988249446135,1277.222159816934,852.1522773224726,200.47345446394363
D,320,220,development,427.2088250840746,1279.4996725167687,852.2908474326941,199.50216320202736
D,320,221,development,428.12791407661666,1287.541041127178,859.4131270505613,200.73746625564877
D,320,222,development,430.3287454309386,1297.9316612959556,867.6029158650169,201.61398118923813
D,320,223,development,431.3013069307036,1308.3984183652424,877.0971114345388,203.3606430910863
D,320,224,development,432.1386417345886,1311.6541367409393,879.5154950063506,203.52623210829003
D,320,225,development,433.88921848092724,1318.9471526087334,885.0579341278062,203.98246751243286
D,320,226,development,436.16100643264696,1329.5856767458831,893.4246703132362,204.83827236656037
D,320,227,development,437.5816981676686,1340.3243025734841,902.7426044058155,206.30264204055234
D,320,228,development,438.6217386562722,1344.4891908279774,905.8674521717052,206.52589061063208
D,320,229,development,439.91844221437066,1351.1762146172496,911.2577724028789,207.14243481495743
D,320,230,development,441.68319920118904,1362.157510037455,920.474310836266,208.40147700908702
D,320,231,development,442.90454630260945,1373.2868027501434,930.3822564475339,210.06383073156826
D,320,232,development,444.31933627755916,1378.011932098994,933.6925958214349,210.13998707411017
D,320,233,development,446.8606226964295,1384.5844278360476,937.723805139618,209.84704346541892
D,320,234,development,447.4417041944933,1396.0714971497364,948.6297929552431,212.01193005980824
D,320,235,development,449.1485456850233,1407.7690993228107,958.6205536377875,213.43062620312796
D,320,236,development,450.1269457803135,1412.2295288332236,962.1025830529102,213.7402775088405
D,320,237,development,451.4033084453888,1419.697917483322,968.2946090379332,214.5076455847639
D,320,238,development,453.9867378066779,1431.8782931818444,977.8915553751665,215.4009079867844
D,320,239,development,454.9746837686168,1444.3307151759027,989.3560314072859,217.45298512267019
D,320,240,development,456.32842668924604,1447.1492181436595,990.8207914544134,217.12887769079308
D,320,241,postfreeze-evaluation,457.903893064103,1457.076510894945,999.172617830842,218.20574862222577
D,320,242,postfreeze-evaluation,459.513415281106,1470.1387233689168,1010.6253080878107,219.93379833525938
D,320,243,postfreeze-evaluation,460.08794442217584,1482.7783038598177,1022.6903594376419,222.28149462208538
D,320,244,postfreeze-evaluation,462.06536727488253,1483.5429770649666,1021.4776097900841,221.06777138794033
D,320,245,postfreeze-evaluation,464.05728691054827,1497.3185143527621,1033.2612274422138,222.65811928547205
D,320,246,postfreeze-evaluation,465.6715392113711,1511.499215328538,1045.827676117167,224.58483889488022
D,320,247,postfreeze-evaluation,466.5702869308262,1519.1241555650658,1052.5538686342397,225.5938490121407
D,320,248,postfreeze-evaluation,467.43904621026167,1526.1250110160358,1058.6859648057741,226.48642071923962
D,320,249,postfreeze-evaluation,469.53600455911203,1541.2433880992849,1071.707383540173,228.24817972084838
D,320,250,postfreeze-evaluation,470.77365547810166,1556.1942055038303,1085.4205500257285,230.56102171295302
D,320,251,postfreeze-evaluation,472.7991746619088,1556.9117689187767,1084.1125942568679,229.29663424901273
D,320,252,postfreeze-evaluation,473.8352323451397,1573.2002228534875,1099.3649905083478,232.01419300698493
D,320,253,postfreeze-evaluation,475.6003393693758,1590.196123521341,1114.5957841519653,234.3555485325911
D,320,254,postfreeze-evaluation,476.7690152374845,1593.9959488143004,1117.226933576816,234.33295744278
D,320,255,postfreeze-evaluation,478.07526376667096,1608.0098125891675,1129.9345488224965,236.35076617851774
D,320,256,postfreeze-evaluation,478.9421815346348,1626.785072745673,1147.8428912110382,239.6621002420585
D,320,257,postfreeze-evaluation,481.8303393762866,1632.5369407632313,1150.7066013869448,238.81987233856972
D,320,258,postfreeze-evaluation,482.8347827909824,1646.7130154279214,1163.878232636939,241.05103321455985
D,320,259,postfreeze-evaluation,483.8514272124825,1668.060417560963,1184.2089903484805,244.7464084524519
D,320,260,postfreeze-evaluation,485.539148129356,1671.8247964976931,1186.2856483683372,244.3233780301254
D,320,261,postfreeze-evaluation,486.52871826165125,1691.2125970636757,1204.6838788020245,247.60796918757737
D,320,262,postfreeze-evaluation,488.38056709001745,1711.8671894397294,1223.486622349712,250.51910432058634
D,320,263,postfreeze-evaluation,489.66176157795616,1716.7764625618395,1227.1147009838833,250.60455956974323
D,320,264,postfreeze-evaluation,491.398821593663,1745.775680610216,1254.3768590165532,255.266558220157
D,320,265,postfreeze-evaluation,493.3144415817853,1752.6718504176563,1259.357408835871,255.28492634389775
D,320,266,postfreeze-evaluation,493.9579978053695,1780.314952892952,1286.3569550875827,260.4182867374963
D,320,267,postfreeze-evaluation,495.3588288221313,1794.246566625631,1298.8877378034997,262.211484327837
D,320,268,postfreeze-evaluation,496.4296962157591,1825.313323226953,1328.8836270111938,267.6881816581803
D,320,269,postfreeze-evaluation,498.58078242968656,1836.599180819896,1338.0183983902093,268.36541750963016
D,320,270,postfreeze-evaluation,500.3090849416905,1879.7375904747178,1379.4285055330272,275.7152622351032
D,320,271,postfreeze-evaluation,501.6044469651455,1923.6697470454965,1422.0653000803509,283.50332790792913
D,320,272,postfreeze-evaluation,502.27627032711825,1968.4036552744906,1466.1273849473723,291.8966058246242
D,320,273,postfreeze-evaluation,504.49977331342774,2013.9473725513376,1509.4475992379098,299.1968835435222
D,320,274,postfreeze-evaluation,505.41523174224443,2060.3090083181305,1554.893776575886,307.6467979043542
D,320,275,postfreeze-evaluation,506.46415270952355,2107.496723516634,1601.0325708071105,316.1196231247118
D,320,276,postfreeze-evaluation,508.8007003364678,2155.5187300737553,1646.7180297372875,323.6469660219256
D,320,277,postfreeze-evaluation,510.26422794367284,2204.3832904214496,1694.1190624777769,332.00819687183474
D,320,278,postfreeze-evaluation,511.5622897003746,2254.098717048094,1742.5364273477194,340.6303518518408
D,320,279,postfreeze-evaluation,512.6231445314074,2304.6733720782413,1792.0502275468339,349.5843382539741
D,320,280,postfreeze-evaluation,513.6689855554737,2356.1156668778494,1842.4466813223758,358.68365292289985
D,320,281,postfreeze-evaluation,515.4350571672994,2408.4340616823097,1892.9990045150103,367.26236956377267
D,320,282,postfreeze-evaluation,517.5896685724674,2461.637065244816,1944.0473966723484,375.5962521497207
D,320,283,postfreeze-evaluation,518.2342231475501,2515.733234502321,1997.499011354771,385.44328454858703
D,320,284,postfreeze-evaluation,520.1063104117233,2570.731174256563,2050.6248638448396,394.27032950658435
D,320,285,postfreeze-evaluation,521.525193449492,2626.639536867666,2105.114343418174,403.64576244043855
D,320,286,postfreeze-evaluation,522.4566961777302,2683.467021957254,2161.0103257795236,413.6247734193816
D,320,287,postfreeze-evaluation,523.9605308920159,2741.222376118311,2217.261845226295,423.17344809379455
D,320,288,postfreeze-evaluation,525.0773856872796,2799.914392628294,2274.8370069410144,433.23842712507127
D,320,289,postfreeze-evaluation,527.9036416012724,2859.55191116152,2331.6482695602476,441.6806564333857
D,320,290,postfreeze-evaluation,528.4062138522927,2920.143817496402,2391.737603644109,452.63237655881926
D,320,291,postfreeze-evaluation,529.8062263187069,2981.6990432120056,2451.892816893299,462.7904873693111
D,320,292,postfreeze-evaluation,530.866917883961,3044.2265653668933,2513.3596474829324,473.444391204711
D,320,293,postfreeze-evaluation,532.6881830282937,3107.735406152119,2575.0472231238255,483.40610983425023
D,320,294,postfreeze-evaluation,533.7796307537687,3172.2346325077383,2638.4550017539696,494.2966815777732
D,320,295,postfreeze-evaluation,535.6643140758732,3237.733355689247,2702.069041613374,504.4332748346279
D,320,296,postfreeze-evaluation,537.0697590831223,3304.240730768885,2767.1709716857627,515.2349252376147
D,320,297,postfreeze-evaluation,538.4285261762479,3371.765956051922,2833.337429875674,526.223498965992
D,320,298,postfreeze-evaluation,540.2131663762282,3440.3182723941604,2900.1051060179325,536.8445803481532
D,320,299,postfreeze-evaluation,540.6313902472951,3509.906962408331,2969.2755721610356,549.223671752177
D,320,300,postfreeze-evaluation,541.8474371212013,3580.5413496050946,3038.693912483893,560.8024887278729
D,352,1,train,14.1347,14.1347,0.0,0.0
D,352,2,train,21.022,27.518467708996628,6.496467708996629,30.90318575300461
D,352,3,train,25.0108,40.23520741002379,15.22440741002379,60.87133322414233
D,352,4,train,30.4248,52.355439102334415,21.930639102334414,72.08145691125138
D,352,5,train,32.935,63.939002653217194,31.004002653217192,94.13694444577862
D,352,6,train,37.5861,75.0371019442479,37.45100194424789,99.64056378354735
D,352,7,train,40.9187,85.69388138671938,44.77518138671938,109.42474073399052
D,352,8,train,43.327,95.94765963372303,52.62065963372304,121.45004185317016
D,352,9,train,48.0051,105.8319066426837,57.82680664268371,120.45971499420625
D,352,10,train,49.7738,115.376025529079,65.60222552907899,131.80071750414675
D,352,11,train,52.9703,124.60598402011962,71.63568402011961,135.23745196859298
D,352,12,train,56.4462,133.5448287417838,77.09862874178378,136.5878105909411
D,352,13,train,59.347,142.21310732730737,82.86610732730736,139.6298167174539
D,352,14,train,60.8317,150.6292173566112,89.79751735661121,147.61632069564257
D,352,15,train,65.1125,158.80969673808156,93.69719673808156,143.90047492890238
D,352,16,train,67.0798,166.7694668692311,99.6896668692311,148.61354218293897
D,352,17,train,69.5464,174.52203744732333,104.97563744732332,150.94330899561058
D,352,18,train,72.0671,182.07967992713003,110.01257992713003,152.65298579675058
D,352,19,train,75.7046,189.45357518608503,113.74897518608503,150.25371666462146
D,352,20,train,77.1448,196.65393984591935,119.50913984591935,154.9153537839483
D,352,21,train,79.3373,203.6901348340842,124.3528348340842,156.73943382757443
D,352,22,train,82.9103,210.5707590890663,127.66045908906631,153.97418546195865
D,352,23,train,84.7354,217.30373077667375,132.56833077667375,156.4497609932493
D,352,24,train,87.4252,223.8963579577418,136.4711579577418,156.10048127741408
D,352,25,train,88.8091,230.35540030607004,141.54630030607004,159.38265369885522
D,352,26,train,92.4918,236.6871232007252,144.19532320072523,155.90065627517816
D,352,27,train,94.6513,242.89734529441998,148.24604529441996,156.62335889144677
D,352,28,train,95.8706,248.99148047897418,153.1208804789742,159.71620129526067
D,352,29,train,98.8311,254.97457502098197,156.14347502098195,157.99022273452582
D,352,30,train,101.3178,260.8513405194327,159.5335405194327,157.45855172480324
D,352,31,train,103.7255,266.62618323695085,162.90068323695084,157.04979319159787
D,352,32,train,105.4466,272.30323027321117,166.85663027321118,158.23803733189234
D,352,33,train,107.1686,277.88635298016425,170.71775298016425,159.29829537771724
D,352,34,train,111.0295,283.3791879608833,172.34968796088333,155.2287346704104
D,352,35,train,111.8746,288.78515594557905,176.91055594557906,158.13290590141023
D,352,36,train,114.3202,294.10747879750056,179.78727879750056,157.26641380744658
D,352,37,train,116.2266,299.34919486707724,183.12259486707723,157.55652739310727
D,352,38,train,118.7907,304.513172883508,185.72247288350798,156.3442869547094
D,352,39,train,121.3701,309.6021245481721,188.23202454817215,155.08928850530086
D,352,40,train,122.9468,314.6186159730692,191.67181597306922,155.89817382239247
D,352,41,train,124.2568,319.56507808945037,195.30827808945037,157.18115876913808
D,352,42,train,127.5166,324.44381613615883,196.92721613615885,154.4326120176972
D,352,43,train,129.5787,329.2570183239644,199.67831832396442,154.09810279310136
D,352,44,train,131.0876,334.006763760485,202.919163760485,154.79661215895703
D,352,45,train,133.4977,338.6950297104254,205.19732971042538,153.70851311327863
D,352,46,train,134.7565,343.32369825711817,208.56719825711818,154.77338626123282
D,352,47,train,138.116,347.8945624238799,209.7785624238799,151.88577892777076
D,352,48,train,139.7362,352.4093318070656,212.6731318070656,152.19616091396904
D,352,49,train,141.1237,356.8696377670363,215.74593776703628,152.8771834688548
D,352,50,train,143.1118,361.27703821816095,218.16523821816097,152.44392022052756
D,352,51,train,146.0009,365.6330220546224,219.6321220546224,150.4320329906339
D,352,52,train,147.4427,369.9390132448979,222.49631324489792,150.9035803365632
D,352,53,train,150.0515,374.1963746243493,224.14487462434928,149.37862975335088
D,352,54,train,150.9252,378.4064114123732,227.4812114123732,150.72447239584457
D,352,55,train,153.0246,382.57037447788696,229.54577447788697,150.0057993798951
D,352,56,train,156.1129,386.6894633745388,230.57656337453878,147.69859721684676
D,352,57,train,157.5975,390.7648291649694,233.1673291649694,147.9511598629226
D,352,58,train,158.8499,394.79757705154134,235.94767705154135,148.53498620492766
D,352,59,train,161.1889,398.7887688293256,237.5998688293256,147.40460964081623
D,352,60,train,163.0306,402.7394251756413,239.70882517564132,147.0330264230404
D,352,61,train,165.5373,406.650527789102,241.113227789102,145.65492356653277
D,352,62,train,167.1844,410.5230213899546,243.33862138995457,145.55103310473618
D,352,63,train,169.0945,414.3578155924189,245.26331559241888,145.04511713415803
D,352,64,train,169.9119,418.1557866587954,248.24388665879542,146.1015306513525
D,352,65,train,173.4115,421.91777914422323,248.50627914422324,143.30438243381968
D,352,66,train,174.7541,425.64460744022426,250.89050744022427,143.56773743232594
D,352,67,train,176.4414,429.3370572244607,252.8956572244607,143.33124608196303
D,352,68,train,178.3774,432.99588682349406,254.61848682349407,142.74144977081966
D,352,69,train,179.9164,436.6218284947755,256.7054284947755,142.68039405789327
D,352,70,train,182.207,440.2155896335808,258.0085896335808,141.60190861689222
D,352,71,train,184.8744,443.77785391013737,258.9034539101374,140.04289069234972
D,352,72,train,185.9589,447.30928234174627,261.35038234174624,140.54201349962074
D,352,73,train,187.2289,450.8105143043603,263.5816143043603,140.78041066542627
D,352,74,train,189.4161,454.28216848768875,264.8660684876887,139.83292259089313
D,352,75,train,192.0266,457.7248437974859,265.69824379748593,138.365332614068
D,352,76,train,193.0797,461.13912020918025,268.05942020918025,138.83355951411787
D,352,77,train,195.2658,464.5255595739005,269.2597595739005,137.8939679011381
D,352,78,train,196.8764,467.8847063804697,271.0083063804697,137.65403389155315
D,352,79,train,198.0153,471.21708851216295,273.2017885121629,137.97003994750048
D,352,80,train,201.2647,474.5232177629487,273.2585177629487,135.770712779215
D,352,81,train,202.4935,477.8035909831986,275.3100909831986,135.95996463254306
D,352,82,train,204.1896,481.0586902600022,276.86909026000217,135.59411951441314
D,352,83,train,205.3946,484.2889793615517,278.8943793615517,135.78466978272638
D,352,84,train,207.9062,487.49493141870084,279.58873141870083,134.4783038787207
D,352,85,train,209.5765,490.676935982557,281.100435982557,134.12784161514145
D,352,86,train,211.3289,493.8354808267919,282.50658082679195,133.6809971692428
D,352,87,train,213.3479,496.9711654904709,283.6232654904709,132.9393284351385
D,352,88,train,214.547,500.08306447008147,285.53606447008144,133.08788492501944
D,352,89,train,216.1695,503.1757355406197,287.00623554061974,132.76907035480016
D,352,90,train,219.0675,506.2415177347724,287.1740177347724,131.08928423192506
D,352,91,train,220.7149,509.2852584786958,288.5703584786958,130.74348785636846
D,352,92,train,221.3952,512.3345486089,290.93934860890005,131.41176891319236
D,352,93,train,224.007,515.2664259629528,291.2594259629528,130.02246624567658
D,352,94,train,224.9833,518.3595257844177,293.37622578441767,130.39911219384624
D,352,95,train,227.4214,521.2124283398272,293.79102833982716,129.1835457612288
D,352,96,train,229.3374,524.0063687022008,294.6689687022008,128.48709748266126
D,352,97,train,231.2882,527.5435546360158,296.2553546360158,128.08926466461142
D,352,98,train,231.9872,529.2658829234214,297.27868292342134,128.1444333667639
D,352,99,train,233.6934,533.3633131862159,299.6699131862159,128.23208237212344
D,352,100,train,236.5242,535.9249580053985,299.4007580053985,126.58356227624846
D,352,101,development,237.7698204809252,538.5656404418098,300.7958199608846,126.507148532341
D,352,102,development,239.55547757332764,543.7825241583237,304.22704658499606,126.99648935886783
D,352,103,development,241.04915779621658,544.3962300592844,303.34707226306784,125.84448543044405
D,352,104,development,242.8232719342226,549.3511655604228,306.52789362620024,126.2349737669437
D,352,105,development,244.07089849707816,553.4892132884611,309.41831479138295,126.77394834726151
D,352,106,development,247.1369900748975,554.9945595868355,307.857569511938,124.56960385357063
D,352,107,development,248.10199006014847,560.7465458407193,312.6445557805708,126.01452963145316
D,352,108,development,249.5736896447072,563.2904718151939,313.7167821704867,125.7010635284086
D,352,109,development,251.014947795016,566.6157525338929,315.60080473887683,125.72988481809575
D,352,110,development,253.06998674799948,572.5780014074353,319.50801465943584,126.25282783042685
D,352,111,development,255.30625645491403,573.6466294945549,318.34037303964084,124.68960904444516
D,352,112,development,256.38071369443446,578.6337111794115,322.2529974849771,125.69315095559489
D,352,113,development,258.6104394915314,584.5180955513803,325.9076560598489,126.02262178612524
D,352,114,development,259.874406989678,584.7739389092355,324.89953191955755,125.02175019199267
D,352,115,development,260.8050845045969,590.9838673536567,330.1787828490598,126.59982587235186
D,352,116,development,263.57389390487015,595.8962936870715,332.3223997822014,126.08319999329834
D,352,117,development,265.55785183887633,597.2703051636919,331.71245332481556,124.91155920559173
D,352,118,development,266.6149737815011,603.6241340601263,337.0091602786252,126.40293810159899
D,352,119,development,267.92191508282406,607.7537516335693,339.83183655074527,126.83988036054883
D,352,120,development,269.9704490239976,610.0430873269698,340.0726383029722,125.96661580273299
D,352,121,development,271.494055641645,616.5229447999685,345.0288891583235,127.08524624706327
D,352,122,development,273.4596091884033,620.0827083996734,346.6230992112701,126.75477019805872
D,352,123,development,275.58749264934386,623.0613636239854,347.4738709746415,126.08477534093518
D,352,124,development,276.4520495031329,629.6551676638298,353.20311816069693,127.76288647362486
D,352,125,development,278.25074352984194,632.8758583167078,354.6251147868658,127.44803851668158
D,352,126,development,279.22925092774517,636.3022567272276,357.0730057994824,127.8780803275802
D,352,127,development,282.4651147650521,643.0000562275482,360.5349414624961,127.63874992576717
D,352,128,development,283.2111857332339,646.1281094276001,362.9169236943662,128.1435698787017
D,352,129,development,284.83596398090475,649.746710800476,364.9107468195712,128.1125956566477
D,352,130,development,286.6674453630029,656.5400661302588,369.87262076725585,129.02498234457403
D,352,131,development,287.9119205014222,659.8360681725567,371.9241476711345,129.1798363275123
D,352,132,development,289.5798549292188,663.3784788260107,373.79862389679187,129.08308970185732
D,352,133,development,291.8462913290674,670.2601125781655,378.4138212490981,129.66202843483202
D,352,134,development,293.5584341393563,673.9976487858113,380.439214646455,129.5957364542472
D,352,135,development,294.9653696192655,677.1835074022673,382.2181377830018,129.58068205645975
D,352,136,development,295.57325487895827,684.1470762002601,388.57382132130186,131.46447281924367
D,352,137,development,297.97927706194344,688.6117939213758,390.63251685943237,131.0938534756658
D,352,138,development,299.8403260537213,691.1495230876178,391.3091970338965,130.50586029705258
D,352,139,development,301.64932546219416,698.1894585697052,396.540133107511,131.4573246599915
D,352,140,development,302.6967495896069,703.6782706079738,400.9815210183669,132.46971484233427
D,352,141,development,304.8643713408573,705.2657417148531,400.4013703739958,131.33754154772063
D,352,142,development,305.7289126020368,712.3771333403433,406.6482207383065,133.00940930883925
D,352,143,development,307.2194961281701,719.1974726178348,411.97797648966474,134.09890377458012
D,352,144,development,310.1094631467019,719.5227020777024,409.41323893100054,132.02216880989585
D,352,145,development,311.165141530356,726.7011614324676,415.53601990211166,133.54195712875946
D,352,146,development,312.4278011806009,733.9117859495515,421.48398476895056,134.90604330864556
D,352,147,development,313.9852857311589,735.1706255266962,421.1853397955373,134.1417445135201
D,352,148,development,315.47561608947575,741.1536504848126,425.67803439533685,134.93215091292677
D,352,149,development,317.7348059423702,748.4258531426817,430.6910472003115,135.55047767679218
D,352,150,development,318.8531042563166,751.5989392180738,432.7458349617572,135.71949878646487
D,352,151,development,321.1601343091136,755.7276457361313,434.56751142701773,135.31178530668774
D,352,152,development,322.14455867248296,763.0582637411848,440.9137050687018,136.8682764302
D,352,153,development,323.4669695575121,768.4844172887583,445.01744773124625,137.5774003571399
D,352,154,development,324.8628660517396,770.4170447932355,445.5541787414959,137.15146460307784
D,352,155,development,327.44390126190547,777.8033188271414,450.35941756523596,137.53788536895567
D,352,156,development,329.03307168048093,785.2164936925503,456.1834220120694,138.6436383680794
D,352,157,development,329.9532397282339,785.8293169418877,455.8760772136538,138.16384333402402
D,352,158,development,331.4744675826634,792.6560647743864,461.18159719172303,139.13035310229833
D,352,159,development,333.64537852486984,800.1214625252344,466.47608400036455,139.8119422671978
D,352,160,development,334.2113548332444,803.6361035320449,469.4247486988005,140.4574506252252
D,352,161,development,336.84185042839067,807.6122466898338,470.7703962614431,139.76006712429705
D,352,162,development,338.3399928508066,815.1279735834512,476.7879807326446,140.91978211481714
D,352,163,development,339.85821672536355,821.9076270533819,482.0494103280184,141.838386304945
D,352,164,development,341.04226111104657,822.6682716158749,481.62601050482834,141.2217972446548
D,352,165,development,342.0548775103636,830.2327545245842,488.17787701422054,142.71916850518517
D,352,166,development,344.6617029402523,837.8211329350733,493.1594299948209,143.08506741182987
D,352,167,development,346.34787056600993,840.6469372739989,494.29906670798897,142.71751285786561
D,352,168,development,347.2726775844205,845.4331241870165,498.160446602596,143.44936378747946
D,352,169,development,349.31626087069617,853.0684727134553,503.75221184275915,144.21092524783134
D,352,170,development,350.4084193491921,859.8572418345542,509.4488224853621,145.3871523496933
D,352,171,development,351.87864902535927,860.7269795377198,508.8483305123605,144.60903834937957
D,352,172,development,353.4889004887188,868.4084471556031,514.9195466668843,145.66781190441296
D,352,173,development,356.0175749772649,876.1127475349867,520.0951725577218,146.08693758754316
D,352,174,development,357.1513022520396,879.542004675837,522.3907024237974,146.26593802957754
D,352,175,development,357.95268510163226,883.8397675089025,525.8870824072702,146.91525005824636
D,352,176,development,359.74375495311443,891.5894205381326,531.8456655850182,147.84013850479042
D,352,177,development,361.28936169580464,899.3616514058698,538.0722897100652,148.93111914075865
D,352,178,development,363.33133057897385,899.7048200270924,536.3734894481186,147.62654478307707
D,352,179,development,364.736024114089,907.1564731324821,542.4204490183931,148.715896746389
D,352,180,development,366.2127102883313,914.9738653430765,548.7611550547451,149.84765401033934
D,352,181,development,367.9935754817403,920.3494186483795,552.3558431666391,150.09931693604983
D,352,182,development,368.96843809573437,922.8138847303165,553.8454466345822,150.106456122103
D,352,183,development,370.050919212106,930.6765986340146,560.6256794219086,151.49960459916295
D,352,184,development,373.06192837211285,938.5621119553394,565.5001835832265,151.58346123680704
D,352,185,development,373.86487391090856,941.4797318913588,567.6148579804503,151.82353240163238
D,352,186,development,375.82591276673935,946.4705574236918,570.6446446569526,151.8374931776271
D,352,187,development,376.32409223066804,954.4020907846842,578.0779985540162,153.61174330547058
D,352,188,development,378.4366802499655,962.3568996506089,583.9202194006434,154.29799749193225
D,352,189,development,379.87297534653237,963.0997739909149,583.2267986443825,153.53205847621675
D,352,190,development,381.4844686171865,970.335208803471,588.8507401862845,154.35772321760933
D,352,191,development,383.44352944953647,978.3372532441618,594.8937237946254,155.14506781445562
D,352,192,development,384.95611681486366,985.2136813787188,600.2575645638551,155.92882885727363
D,352,193,development,385.86130084597426,986.3633110246603,600.5020101786861,155.62638929121084
D,352,194,development,387.222890222388,994.413676798804,607.190786576416,156.80653233792484
D,352,195,development,388.84612835423223,1002.4886827654618,613.6425544112296,157.81115193519727
D,352,196,development,391.45608356363806,1007.8257206950784,616.3696371314404,157.455628616189
D,352,197,development,392.2450833395191,1010.588683988649,618.3436006491299,157.6421545898396
D,352,198,development,393.427743844434,1018.7140605875138,625.2863167430799,158.93294932202988
D,352,199,development,395.5828700109937,1026.8652238899174,631.2823538789237,159.58283377168976
D,352,200,development,396.3818542225922,1030.940241946923,634.5583877243307,160.08764805060628
D,352,201,development,397.9187362096142,1035.0426116929625,637.1238754833482,160.1140679004686
D,352,202,development,399.9851198761949,1043.246686495602,643.2615666194072,160.8213742597505
D,352,203,development,401.8392286005332,1051.477940650714,649.6387120501806,161.66632469225246
D,352,204,development,402.86191776388614,1054.5616975731623,651.6997798092762,161.7675315221112
D,352,205,development,404.236441800208,1059.7368938272134,655.5004520270054,162.1576840296312
D,352,206,development,405.13438745990993,1068.0240903887538,662.8897029288439,163.62217660292788
D,352,207,development,407.5814603868962,1076.3401041986465,668.7586438117503,164.07975062872876
D,352,208,development,408.9472455023511,1078.6946287675723,669.7473832652213,163.77354062930613
D,352,209,development,410.51386919336665,1084.6855370170263,674.1716678236596,164.2262828167934
D,352,210,development,411.9722678042788,1093.0610153777686,681.0887475734899,165.32393095378544
D,352,211,development,413.26273607018504,1101.4671954163923,688.2044593462073,166.52952208817794
D,352,212,development,415.01880975515513,1103.343660661501,688.3248509063458,165.85389257716548
D,352,213,development,415.4552149962946,1109.9047617215674,694.4495467252727,167.15388847182155
D,352,214,development,418.3877057895348,1118.3744239317998,699.9867181422651,167.30575694649727
D,352,215,development,419.8613648181523,1126.8769216523315,707.0155568341792,168.3926210120327
D,352,216,development,420.6438276250418,1128.5134976333518,707.86967000831,168.28243362203776
D,352,217,development,422.07671005882673,1135.413023468868,713.3363134100413,169.00631956466407
D,352,218,development,423.7165796274818,1143.9835236653596,720.2669440378778,169.98790669723468
D,352,219,development,425.06988249446135,1152.5892470016142,727.5193645071529,171.15288437699004
D,352,220,development,427.2088250840746,1154.2089191076068,727.0000940235323,170.17440917341978
D,352,221,development,428.12791407661666,1161.231047777484,733.1031337008674,171.2346029298321
D,352,222,development,430.3287454309386,1169.9098071985493,739.5810617676107,171.86420140885113
D,352,223,development,431.3013069307036,1178.6264377136083,747.3251307829047,173.27216931039257
D,352,224,development,432.1386417345886,1180.434775786661,748.2961340520724,173.161125107544
D,352,225,development,433.88921848092724,1187.38188238493,753.4926639040027,173.66014913715227
D,352,226,development,436.16100643264696,1196.1771134944354,760.0161070617885,174.25127323461274
D,352,227,development,437.5816981676686,1205.0131368140953,767.4314386464267,175.38015000626677
D,352,228,development,438.6217386562722,1207.195986225601,768.5742475693288,175.22484177913154
D,352,229,development,439.91844221437066,1213.8909924898603,773.9725502754897,175.93546348719238
D,352,230,development,441.68319920118904,1222.811756649597,781.1285574484081,176.85267604951392
D,352,231,development,442.90454630260945,1231.776548768189,788.8720024655796,178.11332239669355
D,352,232,development,444.31933627755916,1234.4975337404564,790.1781974628973,177.84015525475255
D,352,233,development,446.8606226964295,1240.7865392400936,793.925916543664,177.66745965509028
D,352,234,development,447.4417041944933,1249.8429622110698,802.4012580165765,179.33090512005336
D,352,235,development,449.1485456850233,1258.9471395888052,809.7985939037819,180.29638561307365
D,352,236,development,450.1269457803135,1262.3444636447903,812.2175178644768,180.44187878076582
D,352,237,development,451.4033084453888,1268.1005161252906,816.6972076799018,180.92406333763205
D,352,238,development,453.9867378066779,1277.3047144177183,823.3179766110404,181.3528695989431
D,352,239,development,454.9746837686168,1286.561620552186,831.5869367835692,182.77652943135695
D,352,240,development,456.32842668924604,1290.7418807595054,834.4134540702594,182.85370914192126
D,352,241,postfreeze-evaluation,457.903893064103,1295.8735064954878,837.9696134313849,183.00119875025297
D,352,242,postfreeze-evaluation,459.513415281106,1305.2432006192817,845.7297853381756,184.04898686598798
D,352,243,postfreeze-evaluation,460.08794442217584,1314.6743107970397,854.5863663748638,185.7441336456095
D,352,244,postfreeze-evaluation,462.06536727488253,1319.6949471513794,857.6295798764969,185.607846988085
D,352,245,postfreeze-evaluation,464.05728691054827,1324.1714890885153,860.114202177967,185.3465566512616
D,352,246,postfreeze-evaluation,465.6715392113711,1333.740708489108,868.069169277737,186.41233061995555
D,352,247,postfreeze-evaluation,466.5702869308262,1343.3894988016796,876.8192118708533,187.9286436431068
D,352,248,postfreeze-evaluation,467.43904621026167,1349.2088800756878,881.7698338654261,188.63846334924955
D,352,249,postfreeze-evaluation,469.53600455911203,1353.1270629415385,883.5910583824265,188.18387723261105
D,352,250,postfreeze-evaluation,470.77365547810166,1362.9642093373395,892.1905538592379,189.51582007135883
D,352,251,postfreeze-evaluation,472.7991746619088,1372.9130696910509,900.113895029142,190.37975175671556
D,352,252,postfreeze-evaluation,473.8352323451397,1379.2889501027491,905.4537177576094,191.09041623525383
D,352,253,postfreeze-evaluation,475.6003393693758,1382.986649256704,907.3863098873281,190.78756568813233
D,352,254,postfreeze-evaluation,476.7690152374845,1393.1983134031573,916.4292981656728,192.21662248944347
D,352,255,postfreeze-evaluation,478.07526376667096,1403.5613572087796,925.4860934421085,193.58585636712644
D,352,256,postfreeze-evaluation,478.9421815346348,1409.94047940587,930.9982978712353,194.38636515332902
D,352,257,postfreeze-evaluation,481.8303393762866,1414.0887477620481,932.2584083857615,193.48271210827843
D,352,258,postfreeze-evaluation,482.8347827909824,1424.79309665797,941.9583138669875,195.0891583290838
D,352,259,postfreeze-evaluation,483.8514272124825,1435.686814464341,951.8353872518585,196.72059101602312
D,352,260,postfreeze-evaluation,485.539148129356,1441.1688401952856,955.6296920659296,196.81825775484808
D,352,261,postfreeze-evaluation,486.52871826165125,1446.7824155303658,960.2536972687146,197.36834871735113
D,352,262,postfreeze-evaluation,488.38056709001745,1458.0928742546223,969.7123071646049,198.5566937977426
D,352,263,postfreeze-evaluation,489.66176157795616,1469.6320376411738,979.9702760632176,200.1320815628366
D,352,264,postfreeze-evaluation,491.398821593663,1472.9794532990197,981.5806317053567,199.7523373218474
D,352,265,postfreeze-evaluation,493.3144415817853,1481.4150125468334,988.1005709650481,200.29832651903695
D,352,266,postfreeze-evaluation,493.9579978053695,1493.458606227151,999.5006084217815,202.34526272729917
D,352,267,postfreeze-evaluation,495.3588288221313,1505.3777866282296,1010.0189578060983,203.89642801113095
D,352,268,postfreeze-evaluation,496.4296962157591,1505.7817376374924,1009.3520414217332,203.32225270082293
D,352,269,postfreeze-evaluation,498.58078242968656,1518.4059680615687,1019.8251856318822,204.54562662083856
D,352,270,postfreeze-evaluation,500.3090849416905,1531.3560284181883,1031.0469434764977,206.08199501247574
D,352,271,postfreeze-evaluation,501.6044469651455,1538.3693550209725,1036.7649080558272,206.68973617131186
D,352,272,postfreeze-evaluation,502.27627032711825,1544.6605872148964,1042.3843168877781,207.53206521361298
D,352,273,postfreeze-evaluation,504.49977331342774,1558.353053043576,1053.8532797301482,208.89073404507295
D,352,274,postfreeze-evaluation,505.41523174224443,1571.9597170641268,1066.5444853218823,211.02341566662696
D,352,275,postfreeze-evaluation,506.46415270952355,1572.4728403957433,1066.0086876862197,210.4805803102152
D,352,276,postfreeze-evaluation,508.8007003364678,1587.06674382876,1078.2660434922923,211.92306590365135
D,352,277,postfreeze-evaluation,510.26422794367284,1602.1912227907894,1091.9269948471165,213.99246410972245
D,352,278,postfreeze-evaluation,511.5622897003746,1606.1544764515002,1094.5921867511256,213.9704604481764
D,352,279,postfreeze-evaluation,512.6231445314074,1617.9149971428697,1105.2918526114622,215.61489456778577
D,352,280,postfreeze-evaluation,513.6689855554737,1634.3235839057947,1120.654598350321,218.16668513448647
D,352,281,postfreeze-evaluation,515.4350571672994,1640.959279152251,1125.5242219849515,218.36392506372147
D,352,282,postfreeze-evaluation,517.5896685724674,1651.5247787677076,1133.9351101952402,219.07993513909923
D,352,283,postfreeze-evaluation,518.2342231475501,1669.6588696398162,1151.4246464922662,222.18228651495986
D,352,284,postfreeze-evaluation,520.1063104117233,1676.3798137367228,1156.2735033249996,222.31483836634817
D,352,285,postfreeze-evaluation,521.525193449492,1688.9121097574202,1167.3869163079282,223.84094401778611
D,352,286,postfreeze-evaluation,522.4566961777302,1709.5443225875715,1187.0876264098413,227.21263505559813
D,352,287,postfreeze-evaluation,523.9605308920159,1712.4218100455705,1188.4612791535546,226.82267252654708
D,352,288,postfreeze-evaluation,525.0773856872796,1731.930542305492,1206.8531566182123,229.84291259059822
D,352,289,postfreeze-evaluation,527.9036416012724,1749.0910385518055,1221.1873969505332,231.32770845193383
D,352,290,postfreeze-evaluation,528.4062138522927,1756.6613012585883,1228.2550874062956,232.44523913748566
D,352,291,postfreeze-evaluation,529.8062263187069,1784.732305261664,1254.926078942957,236.86510588270278
D,352,292,postfreeze-evaluation,530.866917883961,1786.3933097311174,1255.5263918471564,236.5049223356567
D,352,293,postfreeze-evaluation,532.6881830282937,1818.19046387018,1285.5022808418864,241.32359639252726
D,352,294,postfreeze-evaluation,533.7796307537687,1824.334473335201,1290.5548425814322,241.77671237828898
D,352,295,postfreeze-evaluation,535.6643140758732,1861.8184516504373,1326.1541375745642,247.57186594788232
D,352,296,postfreeze-evaluation,537.0697590831223,1862.9204178977243,1325.850658814602,246.8674946580636
D,352,297,postfreeze-evaluation,538.4285261762479,1902.1570701126016,1363.7285439363536,253.27940063301062
D,352,298,postfreeze-evaluation,540.2131663762282,1942.0503943735337,1401.8372279973055,259.4970495445134
D,352,299,postfreeze-evaluation,540.6313902472951,1982.6063922691328,1441.9750020218376,266.7205471295795
D,352,300,postfreeze-evaluation,541.8474371212013,2023.8311021536995,1481.9836650324983,273.5057072348957
H,320,1,train,14.1347,14.134700000000002,1.7763568394002505e-15,1.2567347304153965e-14
H,320,2,train,21.022,28.14505237279507,7.1230523727950725,33.883799699339136
H,320,3,train,25.0108,42.0377003627875,17.026900362787497,68.07819167234753
H,320,4,train,30.4248,55.817288576790894,25.392488576790893,83.45983729323082
H,320,5,train,32.935,69.4873554596398,36.5523554596398,110.98331701727584
H,320,6,train,37.5861,83.05076156099109,45.46466156099109,120.96137019001995
H,320,7,train,40.9187,96.50993303853207,55.59123303853207,135.85776928038297
H,320,8,train,43.327,109.86701316631516,66.54001316631516,153.57632230783383
H,320,9,train,48.0051,123.12396327272957,75.11886327272957,156.48100571132977
H,320,10,train,49.7738,136.28263365720701,86.50883365720702,173.80395641322747
H,320,11,train,52.9703,149.34481563118044,96.37451563118043,181.94066416686414
H,320,12,train,56.4462,162.31228109452692,105.86608109452692,187.55218437118342
H,320,13,train,59.347,175.18681350754687,115.83981350754686,195.19068109179378
H,320,14,train,60.8317,187.97023265757738,127.13853265757739,209.00045972342937
H,320,15,train,65.1125,200.6644147428102,135.5519147428102,208.18109386494177
H,320,16,train,67.0798,213.27130874794406,146.19150874794406,217.9367093341722
H,320,17,train,69.5464,225.79294973321748,156.24654973321748,224.66518717463083
H,320,18,train,72.0671,238.23146942561112,166.16436942561114,230.56896895478124
H,320,19,train,75.7046,250.58910434620995,174.88450434620995,231.00908577049472
H,320,20,train,77.1448,262.8682016061993,185.7234016061993,240.74649439262177
H,320,21,train,79.3373,275.07122244075526,195.73392244075526,246.71109609320618
H,320,22,train,82.9103,287.20074351532804,204.29044351532804,246.3993538985241
H,320,23,train,84.7354,299.259456026982,214.52405602698198,253.1693436591814
H,320,24,train,87.4252,311.2501626298106,223.82496262981056,256.01881680546404
H,320,25,train,88.8091,323.1757722342153,234.3666722342153,263.8993889525007
H,320,26,train,92.4918,335.03929276203695,242.54749276203694,262.23675262243455
H,320,27,train,94.6513,346.84382197954693,252.19252197954694,266.4438015954846
H,320,28,train,95.8706,358.5925365747022,262.7219365747022,274.0380644062958
H,320,29,train,98.8311,370.28867969026527,271.4575796902653,274.66817599952367
H,320,30,train,101.3178,381.9355471666289,280.6177471666289,276.96786464631964
H,320,31,train,103.7255,393.53647278418265,289.81097278418264,279.40185661595524
H,320,32,train,105.4466,405.09481282192644,299.64821282192645,284.17057811435023
H,320,33,train,107.1686,416.61393026439373,309.44533026439376,288.74626547738217
H,320,34,train,111.0295,428.0971789917207,317.0676789917207,285.57066274433436
H,320,35,train,111.8746,439.5478882773915,327.6732882773915,292.89337193374683
H,320,36,train,114.3202,450.96934789557423,336.64914789557423,294.47914532652516
H,320,37,train,116.2266,462.3647941066244,346.1381941066244,297.8132321745834
H,320,38,train,118.7907,473.7373967476142,354.94669674761417,298.8000716786871
H,320,39,train,121.3701,485.090247607086,363.720147607086,299.67854323847973
H,320,40,train,122.9468,496.4263502131527,373.4795502131527,303.7732988684152
H,320,41,train,124.2568,507.7486111134757,383.4918111134757,308.6284300846921
H,320,42,train,127.5166,519.0598326780805,391.5432326780805,307.0527544477194
H,320,43,train,129.5787,530.3627074124789,400.7840074124789,309.2977529582245
H,320,44,train,131.0876,541.659813731332,410.57221373133194,313.20446306998673
H,320,45,train,133.4977,552.9536131122827,419.4559131122827,314.20459911465343
H,320,46,train,134.7565,564.2464485263201,429.4899485263202,318.7155710680525
H,320,47,train,138.116,575.540544024575,437.42454402457497,316.7080888706413
H,320,48,train,139.7362,586.8380053516817,447.10180535168166,319.96133095910847
H,320,49,train,141.1237,598.1408214516631,457.0171214516631,323.84151028612706
H,320,50,train,143.1118,609.450866732968,466.33906673296804,325.85647496081253
H,320,51,train,146.0009,620.769903963892,474.76900396389203,325.182244742253
H,320,52,train,147.4427,632.0995876769837,484.6568876769837,328.7086357459431
H,320,53,train,150.0515,643.4414679705668,493.3899679705668,328.81375259198796
H,320,54,train,150.9252,654.7969946062194,503.8717946062194,333.8553101842631
H,320,55,train,153.0246,666.167521312339,513.142921312339,335.3336138845251
H,320,56,train,156.1129,677.5543102154652,521.4414102154652,334.0155811694391
H,320,57,train,157.5975,688.9585363320226,531.3610363320226,337.16336638082623
H,320,58,train,158.8499,700.381292063746,541.5313920637459,340.90760652902264
H,320,59,train,161.1889,711.8235916498139,550.6346916498139,341.60831896601684
H,320,60,train,163.0306,723.2863755374183,560.2557755374182,343.6506861518134
H,320,61,train,165.5373,734.7705146405461,569.2332146405462,343.8700610923014
H,320,62,train,167.1844,746.2768144635296,579.0924144635296,346.3794555374363
H,320,63,train,169.0945,757.8060190719956,588.7115190719956,348.1553327115876
H,320,64,train,169.9119,769.3588148989096,599.4469148989097,352.7986650134038
H,320,65,train,173.4115,780.9358343777715,607.5243343777715,350.3368198636028
H,320,66,train,174.7541,792.5376593985483,617.7835593985483,353.51591716506124
H,320,67,train,176.4414,804.1648245849392,627.7234245849393,355.76878475513075
H,320,68,train,178.3774,815.8178203938779,637.440420393878,357.35492298569096
H,320,69,train,179.9164,827.4970960401033,647.5806960401032,359.93422280576044
H,320,70,train,182.207,839.2030622500719,656.9960622500719,360.5767408771737
H,320,71,train,184.8744,850.9360938505909,666.0616938505908,360.2779475420019
H,320,72,train,185.9589,862.6965321983768,676.7376321983768,363.917850771529
H,320,73,train,187.2289,874.4846874572723,687.2557874572724,367.067150134019
H,320,74,train,189.4161,886.3008407302307,696.8847407302306,367.9120944472147
H,320,75,train,192.0266,898.1452460533691,706.118646053369,367.7191837242179
H,320,76,train,193.0797,910.0181322594232,716.9384322594232,371.3173535381623
H,320,77,train,195.2658,921.9197047179173,726.6539047179173,372.13577836872474
H,320,78,train,196.8764,933.8501469592164,736.9737469592164,374.3332095463023
H,320,79,train,198.0153,945.8096221894456,747.7943221894456,377.64471845834413
H,320,80,train,201.2647,957.7982747030105,756.5335747030106,375.8898478983202
H,320,81,train,202.4935,969.8162311992079,767.3227311992079,378.93696893935254
H,320,82,train,204.1896,981.8636020090908,777.6740020090907,380.85877146000126
H,320,83,train,205.3946,993.9404822384969,788.5458822384969,383.9175334884641
H,320,84,train,207.9062,1006.0469528327787,798.1407528327787,383.89463750132444
H,320,85,train,209.5765,1018.1830815685212,808.6065815685212,385.8288412911377
H,320,86,train,211.3289,1030.348923977192,819.0200239771921,387.5570373844713
H,320,87,train,213.3479,1042.5445242053759,829.1966242053759,388.659379448017
H,320,88,train,214.547,1054.7699158159655,840.2229158159655,391.6265041300813
H,320,89,train,216.1695,1067.0251225343964,850.8556225343964,393.6057688685945
H,320,90,train,219.0675,1079.3101589437224,860.2426589437224,392.68383440890244
H,320,91,train,220.7149,1091.6250311321396,870.9101311321397,394.5860162282382
H,320,92,train,221.3952,1103.969737296241,882.574537296241,398.6421283280943
H,320,93,train,224.007,1116.3442683031062,892.3372683031062,398.352403408423
H,320,94,train,224.9833,1128.7486082141509,903.7653082141509,401.7032856279336
H,320,95,train,227.4214,1141.1827347733408,913.7613347733409,401.79215094680666
H,320,96,train,229.3374,1153.6466198623382,924.3092198623382,403.03466415087036
H,320,97,train,231.2882,1166.140229924853,934.852029924853,404.1935688568864
H,320,98,train,231.9872,1178.663526362364,946.6763263623641,408.07265502681355
H,320,99,train,233.6934,1191.2164659032032,957.5230659032032,409.7347489929982
H,320,100,train,236.5242,1203.7990009468726,967.2748009468726,408.95384106441225
H,320,101,development,237.7698204809252,1216.4110798853046,978.6412594043794,411.59187378151285
H,320,102,development,239.55547757332764,1229.0526474026585,989.4971698293309,413.0555393067341
H,320,103,development,241.04915779621658,1241.7236447551554,1000.6744869589388,415.1329530074156
H,320,104,development,242.8232719342226,1254.4240100323202,1011.6007380980976,416.599582914823
H,320,105,development,244.07089849707816,1267.153678400898,1023.0827799038198,419.17442276145323
H,320,106,development,247.1369900748975,1279.912582332658,1032.7755922577605,417.8959984682046
H,320,107,development,248.10199006014847,1292.7006518171565,1044.5986617570081,421.0359866536183
H,320,108,development,249.5736896447072,1305.5178145605107,1055.9441249158035,423.0991361385266
H,320,109,development,251.014947795016,1318.363996171106,1067.34904837609,425.2133419750401
H,320,110,development,253.06998674799948,1331.239120333148,1078.1691335851485,426.0359544961613
H,320,111,development,255.30625645491403,1344.143108968845,1088.8368525139308,426.4826360439054
H,320,112,development,256.38071369443446,1357.0758823900196,1100.6951686955852,429.32058064532924
H,320,113,development,258.6104394915314,1370.037359439828,1111.4269199482965,429.76877582109046
H,320,114,development,259.874406989678,1383.027457625253,1123.153050635575,432.19071229287533
H,320,115,development,260.8050845045969,1396.046093240996,1135.2410087363992,435.283311632059
H,320,116,development,263.57389390487015,1409.0931814853118,1145.5192875804416,434.61029869440927
H,320,117,development,265.55785183887633,1422.1686365683433,1156.610784729467,435.5400439943403
H,320,118,development,266.6149737815011,1435.2723718134243,1168.6573980319233,438.3314940854271
H,320,119,development,267.92191508282406,1448.4042997518145,1180.4823846689906,440.60687768078327
H,320,120,development,269.9704490239976,1461.5643322113199,1191.5938831873223,441.3793759632565
H,320,121,development,271.494055641645,1474.7523803991467,1203.2583247575017,443.1987735104325
H,320,122,development,273.4596091884033,1487.9683549794045,1214.5087457910013,444.1272879002218
H,320,123,development,275.58749264934386,1501.2121661455806,1225.6246734962367,444.73160291628886
H,320,124,development,276.4520495031329,1514.4837236883097,1238.0316741851768,447.82871981245586
H,320,125,development,278.25074352984194,1527.782937058743,1249.5321935289012,449.0669737940488
H,320,126,development,279.22925092774517,1541.109715427796,1261.8804645000507,451.9155712760844
H,320,127,development,282.4651147650521,1554.4639677415396,1271.9988529764876,450.3206897016315
H,320,128,development,283.2111857332339,1567.8456027729594,1284.6344170397256,453.5959318533999
H,320,129,development,284.83596398090475,1581.2545291703402,1296.4185651894354,455.14567299385925
H,320,130,development,286.6674453630029,1594.6906555024668,1308.023210139464,456.2859268805821
H,320,131,development,287.9119205014222,1608.153890300841,1320.241969799419,458.5575920233207
H,320,132,development,289.5798549292188,1621.6441420991143,1332.0642871698956,459.99894830235627
H,320,133,development,291.8462913290674,1635.161319469893,1343.3150281408257,460.2816852745916
H,320,134,development,293.5584341393563,1648.7053310590932,1355.146896919737,461.6276486460716
H,320,135,development,294.9653696192655,1662.2760856179727,1367.310715998707,463.5495745699233
H,320,136,development,295.57325487895827,1675.8734920330207,1380.3002371540624,466.9909115150883
H,320,137,development,297.97927706194344,1689.4974593538013,1391.518182291858,466.98488432220455
H,320,138,development,299.8403260537213,1703.1478968188947,1403.3075707651733,468.0182913467576
H,320,139,development,301.64932546219416,1716.8247138800407,1415.1753884178465,469.1458819771871
H,320,140,development,302.6967495896069,1730.5278202246125,1427.8310706350055,471.70346975011927
H,320,141,development,304.8643713408573,1744.2571257964996,1439.3927544556423,472.142004697004
H,320,142,development,305.7289126020368,1758.0125408155118,1452.283628213475,475.02331914021255
H,320,143,development,307.2194961281701,1771.793975795401,1464.574479667231,476.71925060908876
H,320,144,development,310.1094631467019,1785.6013415605387,1475.4918784138367,475.797114812918
H,320,145,development,311.165141530356,1799.4345492614011,1488.2694077310452,478.28924551494333
H,320,146,development,312.4278011806009,1813.2935103888774,1500.8657092082765,480.3880139785292
H,320,147,development,313.9852857311589,1827.178136787493,1513.1928510563341,481.9311349360374
H,320,148,development,315.47561608947575,1841.0883406676207,1525.612724578145,483.59132901905417
H,320,149,development,317.7348059423702,1855.0240346167109,1537.2892286743406,483.82777080870693
H,320,150,development,318.8531042563166,1868.9851316096433,1550.1320273533267,486.1586751582075
H,320,151,development,321.1601343091136,1882.9715450182296,1561.811410709116,486.30301331418906
H,320,152,development,322.14455867248296,1896.9831886198508,1574.8386299473677,488.8608506805388
H,320,153,development,323.4669695575121,1911.0199766053322,1587.55300704782,490.7929267768884
H,320,154,development,324.8628660517396,1925.0818235866327,1600.218957534893,492.5829095160517
H,320,155,development,327.44390126190547,1939.1686446034555,1611.72474334155,492.21400585879735
H,320,156,development,329.03307168048093,1953.2803551257052,1624.2472834452242,493.642561566731
H,320,157,development,329.9532397282339,1967.416871060998,1637.463631332764,496.27142096906266
H,320,158,development,331.4744675826634,1981.5781087796206,1650.1036411969571,497.8071624130304
H,320,159,development,333.64537852486984,1995.76398508361,1662.11860655874,498.1692280310864
H,320,160,development,334.2113548332444,2009.974417098891,1675.7630622656466,501.40817720025484
H,320,161,development,336.84185042839067,2024.2093225823521,1687.3674721539614,500.93759727539543
H,320,162,development,338.3399928508066,2038.4686202926694,1700.1286274418628,502.4911814641867
H,320,163,development,339.85821672536355,2052.752227568431,1712.8940108430675,504.00253003953173
H,320,164,development,341.04226111104657,2067.0600600175703,1726.0177989065237,506.10085485696334
H,320,165,development,342.0548775103636,2081.392045783153,1739.3371682727895,508.4965257424493
H,320,166,development,344.6617029402523,2095.748110301166,1751.0864073609137,508.0594659698723
H,320,167,development,346.34787056600993,2110.128099130935,1763.780228564925,509.25106762819513
H,320,168,development,347.2726775844205,2124.5319363865206,1777.2592588021,511.7762995823523
H,320,169,development,349.31626087069617,2138.959881437009,1789.6436205663126,512.3276013849157
H,320,170,development,350.4084193491921,2153.411132772911,1803.002713423719,514.5432055463755
H,320,171,development,351.87864902535927,2167.8832359930975,1816.0045869677383,516.0883139678253
H,320,172,development,353.4889004887188,2182.380951260161,1828.8920507714422,517.3831620293857
H,320,173,development,356.0175749772649,2196.907233470784,1840.889658493519,517.0783095781372
H,320,174,development,357.1513022520396,2209.8458334690085,1852.694531216969,518.742202404048
H,320,175,development,357.95268510163226,2212.004727605472,1854.0520425038399,517.960087931014
H,320,176,development,359.74375495311443,2226.13168663665,1866.3879316835357,518.8103771048876
H,320,177,development,361.28936169580464,2240.6252041955163,1879.3358424997116,520.1746970014741
H,320,178,development,363.33133057897385,2255.313474206099,1891.982143627125,520.7319007177892
H,320,179,development,364.736024114089,2270.0808823630864,1905.3448582489973,522.3900937333811
H,320,180,development,366.2127102883313,2284.6284537997776,1918.4157435114462,523.8528564453741
H,320,181,development,367.9935754817403,2299.3566182273225,1931.3630427455823,524.8360763410707
H,320,182,development,368.96843809573437,2314.511448720768,1945.5430106250335,527.2925295903585
H,320,183,development,370.050919212106,2329.1735064322797,1959.1225872201737,529.4197326658287
H,320,184,development,373.06192837211285,2343.7700613517763,1970.7081329796636,528.2522774647668
H,320,185,development,373.86487391090856,2359.6018426838928,1985.7369687729843,531.1376134378921
H,320,186,development,375.82591276673935,2374.8447993483896,1999.0188865816503,531.9002279181224
H,320,187,development,376.32409223066804,2389.0052851800137,2012.6811929493456,534.8265589426233
H,320,188,development,378.4366802499655,2405.584508398418,2027.1478281484526,535.6636747815984
H,320,189,development,379.87297534653237,2422.3163213178054,2042.4433459712732,537.6648191696423
H,320,190,development,381.4844686171865,2436.01144587163,2054.5269772544434,538.5611070096088
H,320,191,development,383.44352944953647,2452.8521254244774,2069.408595974941,539.6905768486276
H,320,192,development,384.95611681486366,2471.6885635016183,2086.732446686755,542.0702141201003
H,320,193,development,385.86130084597426,2486.0021213113273,2100.140820465353,544.273503422328
H,320,194,development,387.222890222388,2502.019591396796,2114.796701174408,546.1445473845433
H,320,195,development,388.84612835423223,2522.8306940665557,2133.9845657123233,548.7992319080774
H,320,196,development,391.45608356363806,2539.641474549229,2148.185390985591,548.7679157849557
H,320,197,development,392.2450833395191,2553.7074975972987,2161.4624142577795,551.0489502775649
H,320,198,development,393.427743844434,2574.463280529916,2181.035536685482,554.3674971605177
H,320,199,development,395.5828700109937,2596.916372421013,2201.3335024100193,556.478469947104
H,320,200,development,396.3818542225922,2607.723641319635,2211.341787097043,557.8816899764644
H,320,201,development,397.9187362096142,2633.390044661619,2235.471308452005,561.7909148350359
H,320,202,development,399.9851198761949,2663.035069658483,2263.049949782288,565.7835347681826
H,320,203,development,401.8392286005332,2673.195752649234,2271.3565240487005,565.2401165408983
H,320,204,development,402.86191776388614,2714.381141357137,2311.519223593251,573.7745668350842
H,320,205,development,404.236441800208,2730.2659170876523,2326.0294752874443,575.4131084592007
H,320,206,development,405.13438745990993,2763.8337495482324,2358.6993620883222,582.2017175280455
H,320,207,development,407.5814603868962,2797.8791320271675,2390.2976716402713,586.4588809734585
H,320,208,development,408.9472455023511,2817.591916953678,2408.6446714513268,588.9866475301835
H,320,209,development,410.51386919336665,2868.3806748635943,2457.8668056702277,598.7292976239214
H,320,210,development,411.9722678042788,2876.445474932072,2464.473207127793,598.2133749591668
H,320,211,development,413.26273607018504,2935.7905277452,2522.527791675015,610.3932369180778
H,320,212,development,415.01880975515513,2945.8683317333303,2530.8495219781753,609.8156185911856
H,320,213,development,415.4552149962946,3002.745058342917,2587.2898433466225,622.7602278069126
H,320,214,development,418.3877057895348,3023.1311299771055,2604.743424187571,622.5669129718304
H,320,215,development,419.8613648181523,3073.576147100143,2653.7147822819907,632.0454808770868
H,320,216,development,420.6438276250418,3103.940183018912,2683.2963553938703,637.9022296710691
H,320,217,development,422.07671005882673,3148.7545993609,2726.6778893020733,646.0147703771771
H,320,218,development,423.7165796274818,3187.940646122003,2764.224066494521,652.3757151359854
H,320,219,development,425.06988249446135,3228.490193479449,2803.4203109849877,659.5198640123642
H,320,220,development,427.2088250840746,3275.095958994989,2847.887133910914,666.6264755533668
H,320,221,development,428.12791407661666,3312.9852385301965,2884.85732445358,673.830700966
H,320,222,development,430.3287454309386,3365.4241057006575,2935.095360269719,682.0588657935141
H,320,223,development,431.3013069307036,3402.4658645959903,2971.164557665287,688.8837362467483
H,320,224,development,432.1386417345886,3458.9613295966415,3026.822687862053,700.4286114549948
H,320,225,development,433.88921848092724,3497.191416434738,3063.3021979538107,706.0102135468172
H,320,226,development,436.16100643264696,3555.752087343668,3119.591080911021,715.238417671974
H,320,227,development,437.5816981676686,3597.459709201473,3159.8780110338043,722.1229828088082
H,320,228,development,438.6217386562722,3655.8466518043083,3217.224913148036,733.4850577639126
H,320,229,development,439.91844221437066,3703.6100408612256,3263.691598646855,741.8856054814974
H,320,230,development,441.68319920118904,3759.3020139345044,3317.6188147333155,751.130860474981
H,320,231,development,442.90454630260945,3816.0252245329216,3373.120678230312,761.5908904953227
H,320,232,development,444.31933627755916,3866.183391880721,3421.864055603162,770.1362007494488
H,320,233,development,446.8606226964295,3935.1337687813916,3488.2731460849623,780.6177069342463
H,320,234,development,447.4417041944933,3976.5664936728244,3529.124789478331,788.7339862142793
H,320,235,development,449.1485456850233,4061.4057637806745,3612.2572180956513,804.2455559076524
H,320,236,development,450.1269457803135,4090.5486382053823,3640.4216924250686,808.7544472846984
H,320,237,development,451.4033084453888,4195.241360111287,3743.838051665898,829.377627859994
H,320,238,development,453.9867378066779,4208.370376834318,3754.3836390276406,826.9809063511404
H,320,239,development,454.9746837686168,4328.611896713038,3873.637212944421,851.3962097535979
H,320,240,development,456.32842668924604,4338.7876962110695,3882.4592695218234,850.8037287288546
H,320,241,postfreeze-evaluation,457.903893064103,4454.164639485904,3996.2607464218013,872.7291483984732
H,320,242,postfreeze-evaluation,459.513415281106,4489.9841801788925,4030.4707648977865,877.1171049341742
H,320,243,postfreeze-evaluation,460.08794442217584,4583.2681776684685,4123.180233246293,896.1721956059058
H,320,244,postfreeze-evaluation,462.06536727488253,4651.545109710744,4189.479742435862,906.6855122997223
H,320,245,postfreeze-evaluation,464.05728691054827,4716.344166733449,4252.286879822901,916.3280051332482
H,320,246,postfreeze-evaluation,465.6715392113711,4824.116891326839,4358.445352115468,935.9484067883186
H,320,247,postfreeze-evaluation,466.5702869308262,4853.584073465768,4387.013786534942,940.2685746221471
H,320,248,postfreeze-evaluation,467.43904621026167,4994.400567821558,4526.961521611296,968.4602855310028
H,320,249,postfreeze-evaluation,469.53600455911203,5009.586739722106,4540.050735162994,966.9228112604571
H,320,250,postfreeze-evaluation,470.77365547810166,5140.342258812206,4669.568603334104,991.8925048156847
H,320,251,postfreeze-evaluation,472.7991746619088,5207.979102056803,4735.179927394894,1001.5203454576556
H,320,252,postfreeze-evaluation,473.8352323451397,5290.491223389749,4816.655991044609,1016.525505544547
H,320,253,postfreeze-evaluation,475.6003393693758,5422.031462914155,4946.431123544779,1040.0394436436945
H,320,254,postfreeze-evaluation,476.7690152374845,5445.300936328062,4968.531921090577,1042.1255917009814
H,320,255,postfreeze-evaluation,478.07526376667096,5604.310855358154,5126.235591591483,1072.2653900146965
H,320,256,postfreeze-evaluation,478.9421815346348,5654.41267542535,5175.470493890715,1080.6044431725315
H,320,257,postfreeze-evaluation,481.8303393762866,5768.508217650845,5286.677878274559,1097.2073458715756
H,320,258,postfreeze-evaluation,482.8347827909824,5907.127189611569,5424.292406820587,1123.4261905213123
H,320,259,postfreeze-evaluation,483.8514272124825,5937.69427012649,5453.842842914008,1127.1730403554152
H,320,260,postfreeze-evaluation,485.539148129356,6111.612217555102,5626.073069425745,1158.7269720889453
H,320,261,postfreeze-evaluation,486.52871826165125,6184.986596499863,5698.457878238211,1171.2479992134045
H,320,262,postfreeze-evaluation,488.38056709001745,6291.029267684904,5802.648700594887,1188.1407843824697
H,320,263,postfreeze-evaluation,489.66176157795616,6475.457511886089,5985.795750308133,1222.434794789499
H,320,264,postfreeze-evaluation,491.398821593663,6493.2420202988915,6001.843198705228,1221.379241252667
H,320,265,postfreeze-evaluation,493.3144415817853,6665.971115266509,6172.6566736847235,1251.2621065567112
H,320,266,postfreeze-evaluation,493.9579978053695,6839.41781133036,6345.45981352499,1284.6152591348957
H,320,267,postfreeze-evaluation,495.3588288221313,6862.1238476668705,6366.765018844739,1285.283444727066
H,320,268,postfreeze-evaluation,496.4296962157591,7063.735600945155,6567.3059047293955,1322.9075445710448
H,320,269,postfreeze-evaluation,498.58078242968656,7238.272977911113,6739.692195481427,1351.775365796797
H,320,270,postfreeze-evaluation,500.3090849416905,7271.753164634215,6771.444079692525,1353.4521525791831
H,320,271,postfreeze-evaluation,501.6044469651455,7485.735499195366,6984.131052230221,1392.358280411242
H,320,272,postfreeze-evaluation,502.27627032711825,7705.813583290417,7203.537312963299,1434.17830754215
H,320,273,postfreeze-evaluation,504.49977331342774,7715.522577279159,7211.022803965731,1429.3411385708948
H,320,274,postfreeze-evaluation,505.41523174224443,7933.520043699929,7428.104811957685,1469.703393455686
H,320,275,postfreeze-evaluation,506.46415270952355,8167.568470218545,7661.104317509022,1512.6646726176011
H,320,276,postfreeze-evaluation,508.8007003364678,8335.045116531877,7826.24441619541,1538.1748513749976
H,320,277,postfreeze-evaluation,510.26422794367284,8408.82538274681,7898.5611548031375,1547.9355052251567
H,320,278,postfreeze-evaluation,511.5622897003746,8657.290680752596,8145.728391052221,1592.3238587080427
H,320,279,postfreeze-evaluation,512.6231445314074,8913.390427857485,8400.767283326077,1638.7803346267713
H,320,280,postfreeze-evaluation,513.6689855554737,9177.35496034143,8663.685974785956,1686.6282018987733
H,320,281,postfreeze-evaluation,515.4350571672994,9449.46363839007,8934.02858122277,1733.2985905774299
H,320,282,postfreeze-evaluation,517.5896685724674,9730.013777250919,9212.424108678451,1779.8701689866953
H,320,283,postfreeze-evaluation,518.2342231475501,10019.320385041663,9501.086161894113,1833.3575316945041
H,320,284,postfreeze-evaluation,520.1063104117233,10317.71735234158,9797.611041929857,1883.7708456515236
H,320,285,postfreeze-evaluation,521.525193449492,10625.559028936685,10104.033835487193,1937.4009084118647
H,320,286,postfreeze-evaluation,522.4566961777302,10943.222058261648,10420.765362083917,1994.570160229885
H,320,287,postfreeze-evaluation,523.9605308920159,11271.107465059147,10747.14693416713,2051.136736553546
H,320,288,postfreeze-evaluation,525.0773856872796,11609.643022921775,11084.565637234495,2111.0346663903233
H,320,289,postfreeze-evaluation,527.9036416012724,11959.285942768098,11431.382301166825,2165.4297110912885
H,320,290,postfreeze-evaluation,528.4062138522927,12320.52593482933,11792.119720977036,2231.6391086712943
H,320,291,postfreeze-evaluation,529.8062263187069,12693.888709072457,12164.082482753749,2295.949326091234
H,320,292,postfreeze-evaluation,530.866917883961,13079.93999372538,12549.07307584142,2363.8830473486846
H,320,293,postfreeze-evaluation,532.6881830282937,13479.290169884063,12946.60198685577,2430.427856171931
H,320,294,postfreeze-evaluation,533.7796307537687,13892.599643345764,13358.820012591996,2502.6844868035787
H,320,295,postfreeze-evaluation,535.6643140758732,14320.58510449567,13784.920790419797,2573.425264328371
H,320,296,postfreeze-evaluation,537.0697590831223,14764.026865469932,14226.95710638681,2648.9961249493667
H,320,297,postfreeze-evaluation,538.4285261762479,15223.777514028809,14685.348987852562,2727.446313467703
H,320,298,postfreeze-evaluation,540.2131663762282,15700.772189920855,15160.559023544627,2806.4030955117723
H,320,299,postfreeze-evaluation,540.6313902472951,16196.04087818945,15655.409487942154,2895.764058535534
H,320,300,postfreeze-evaluation,541.8474371212013,16710.723233860055,16168.875796738854,2984.027364352408
H,352,1,train,14.1347,14.134699999999999,-1.7763568394002505e-15,1.2567347304153965e-14
H,352,2,train,21.022,28.145052372760155,7.1230523727601565,33.88379969917304
H,352,3,train,25.0108,42.03770036274604,17.026900362746037,68.07819167218176
H,352,4,train,30.4248,55.81728857673573,25.392488576735726,83.4598372930495
H,352,5,train,32.935,69.48735545956778,36.55235545956778,110.98331701705716
H,352,6,train,37.5861,83.05076156090173,45.46466156090173,120.9613701897822
H,352,7,train,40.9187,96.50993303843818,55.591233038438176,135.85776928015352
H,352,8,train,43.327,109.86701316620048,66.54001316620048,153.57632230756914
H,352,9,train,48.0051,123.1239632726023,75.1188632726023,156.48100571106465
H,352,10,train,49.7738,136.2826336570684,86.50883365706841,173.803956412949
H,352,11,train,52.9703,149.34481563101815,96.37451563101814,181.94066416655775
H,352,12,train,56.4462,162.31228109435452,105.86608109435451,187.55218437087797
H,352,13,train,59.347,175.18681350735937,115.83981350735937,195.19068109147784
H,352,14,train,60.8317,187.97023265738048,127.13853265738048,209.00045972310568
H,352,15,train,65.1125,200.6644147426006,135.55191474260062,208.1810938646199
H,352,16,train,67.0798,213.27130874772115,146.19150874772114,217.9367093338399
H,352,17,train,69.5464,225.7929497329766,156.2465497329766,224.66518717428448
H,352,18,train,72.0671,238.2314694253644,166.16436942536438,230.56896895443884
H,352,19,train,75.7046,250.5891043459496,174.8845043459496,231.00908577015085
H,352,20,train,77.1448,262.8682016059199,185.72340160591992,240.74649439225965
H,352,21,train,79.3373,275.0712224404657,195.7339224404657,246.71109609284122
H,352,22,train,82.9103,287.2007435150264,204.29044351502637,246.39935389816026
H,352,23,train,84.7354,299.259456026669,214.524056026669,253.169343658812
H,352,24,train,87.4252,311.2501626294802,223.82496262948018,256.01881680508615
H,352,25,train,88.8091,323.1757722338759,234.36667223387587,263.8993889521185
H,352,26,train,92.4918,335.0392927616826,242.54749276168258,262.2367526220515
H,352,27,train,94.6513,346.8438219791806,252.19252197918058,266.44380159509757
H,352,28,train,95.8706,358.5925365743215,262.7219365743215,274.0380644058987
H,352,29,train,98.8311,370.28867968987714,271.45757968987715,274.668175999131
H,352,30,train,101.3178,381.93554716622515,280.6177471662252,276.9678646459212
H,352,31,train,103.7255,393.5364727837689,289.8109727837689,279.40185661555637
H,352,32,train,105.4466,405.09481282149727,299.6482128214973,284.17057811394324
H,352,33,train,107.1686,416.61393026395217,309.4453302639522,288.7462654769701
H,352,34,train,111.0295,428.0971789912665,317.0676789912665,285.57066274392525
H,352,35,train,111.8746,439.5478882769281,327.67328827692813,292.8933719333326
H,352,36,train,114.3202,450.969347895101,336.649147895101,294.4791453261112
H,352,37,train,116.2266,462.36479410613794,346.1381941061379,297.81323217416485
H,352,38,train,118.7907,473.73739674711425,354.94669674711423,298.80007167826625
H,352,39,train,121.3701,485.09024760657485,363.72014760657487,299.6785432380586
H,352,40,train,122.9468,496.4263502126258,373.4795502126258,303.7732988679866
H,352,41,train,124.2568,507.7486111129387,383.4918111129387,308.62843008425995
H,352,42,train,127.5166,519.0598326775291,391.54323267752915,307.052754447287
H,352,43,train,129.5787,530.3627074119187,400.78400741191865,309.29775295779217
H,352,44,train,131.0876,541.659813730758,410.57221373075794,313.20446306954886
H,352,45,train,133.4977,552.9536131116984,419.45591311169835,314.2045991142157
H,352,46,train,134.7565,564.2464485257226,429.48994852572264,318.7155710676091
H,352,47,train,138.116,575.540544023965,437.42454402396504,316.7080888701997
H,352,48,train,139.7362,586.8380053510601,447.10180535106014,319.9613309586636
H,352,49,train,141.1237,598.1408214510277,457.0171214510277,323.8415102856768
H,352,50,train,143.1118,609.4508667323203,466.33906673232025,325.8564749603599
H,352,51,train,146.0009,620.7699039632321,474.7690039632321,325.18224474180096
H,352,52,train,147.4427,632.0995876763133,484.65688767631326,328.70863574548844
H,352,53,train,150.0515,643.4414679698853,493.3899679698852,328.81375259153367
H,352,54,train,150.9252,654.7969946055235,503.8717946055235,333.85531018380203
H,352,55,train,153.0246,666.1675213116329,513.1429213116329,335.3336138840637
H,352,56,train,156.1129,677.5543102147467,521.4414102147467,334.0155811689788
H,352,57,train,157.5975,688.9585363312881,531.3610363312881,337.1633663803602
H,352,58,train,158.8499,700.3812920630019,541.5313920630019,340.90760652855425
H,352,59,train,161.1889,711.8235916490579,550.6346916490579,341.6083189655479
H,352,60,train,163.0306,723.2863755366496,560.2557755366497,343.650686151342
H,352,61,train,165.5373,734.7705146397653,569.2332146397654,343.8700610918297
H,352,62,train,167.1844,746.2768144627365,579.0924144627365,346.37945553696187
H,352,63,train,169.0945,757.8060190711897,588.7115190711896,348.155332711111
H,352,64,train,169.9119,769.3588148980925,599.4469148980925,352.79866501292287
H,352,65,train,173.4115,780.9358343769419,607.5243343769419,350.33681986312433
H,352,66,train,174.7541,792.5376593977071,617.7835593977071,353.51591716457995
H,352,67,train,176.4414,804.1648245840848,627.7234245840848,355.7687847546465
H,352,68,train,178.3774,815.817820393011,637.440420393011,357.354922985205
H,352,69,train,179.9164,827.4970960392253,647.5806960392254,359.9342228052725
H,352,70,train,182.207,839.203062249179,656.996062249179,360.57674087668363
H,352,71,train,184.8744,850.9360938496865,666.0616938496864,360.27794754151273
H,352,72,train,185.9589,862.6965321974595,676.7376321974596,363.9178507710358
H,352,73,train,187.2289,874.4846874563424,687.2557874563424,367.0671501335223
H,352,74,train,189.4161,886.3008407292882,696.8847407292882,367.9120944467171
H,352,75,train,192.0266,898.1452460524133,706.1186460524133,367.71918372372016
H,352,76,train,193.0797,910.0181322584559,716.9384322584559,371.3173535376613
H,352,77,train,195.2658,921.9197047169362,726.6539047169362,372.1357783682222
H,352,78,train,196.8764,933.8501469582238,736.9737469582238,374.3332095457982
H,352,79,train,198.0153,945.8096221884397,747.7943221884397,377.6447184578362
H,352,80,train,201.2647,957.798274701992,756.5335747019919,375.8898478978141
H,352,81,train,202.4935,969.8162311981758,767.3227311981758,378.9369689388428
H,352,82,train,204.1896,981.863602008046,777.6740020080459,380.85877145948956
H,352,83,train,205.3946,993.9404822374388,788.5458822374388,383.91753348794896
H,352,84,train,207.9062,1006.0469528317077,798.1407528317077,383.8946375008093
H,352,85,train,209.5765,1018.1830815674367,808.6065815674367,385.8288412906202
H,352,86,train,211.3289,1030.348923976096,819.0200239760961,387.5570373839527
H,352,87,train,213.3479,1042.5445242042654,829.1966242042654,388.65937944749646
H,352,88,train,214.547,1054.7699158148441,840.2229158148441,391.62650412955867
H,352,89,train,216.1695,1067.0251225332588,850.8556225332588,393.6057688680683
H,352,90,train,219.0675,1079.3101589425735,860.2426589425735,392.683834408378
H,352,91,train,220.7149,1091.6250311309777,870.9101311309778,394.58601622771175
H,352,92,train,221.3952,1103.9697372950643,882.5745372950644,398.64212832756283
H,352,93,train,224.007,1116.3442683019175,892.3372683019174,398.3524034078924
H,352,94,train,224.9833,1128.748608212949,903.765308212949,401.70328562739945
H,352,95,train,227.4214,1141.1827347721253,913.7613347721253,401.79215094627216
H,352,96,train,229.3374,1153.64661986111,924.3092198611099,403.0346641503348
H,352,97,train,231.2882,1166.1402299236117,934.8520299236118,404.1935688563497
H,352,98,train,231.9872,1178.6635263611088,946.6763263611087,408.07265502627246
H,352,99,train,233.6934,1191.2164659019343,957.5230659019343,409.7347489924552
H,352,100,train,236.5242,1203.799000945592,967.274800945592,408.9538410638708
H,352,101,development,237.7698204809252,1216.4110798840093,978.6412594030841,411.5918737809681
H,352,102,development,239.55547757332764,1229.0526474013495,989.4971698280219,413.05553930618765
H,352,103,development,241.04915779621658,1241.7236447538335,1000.6744869576169,415.1329530068672
H,352,104,development,242.8232719342226,1254.4240100309846,1011.600738096762,416.59958291427296
H,352,105,development,244.07089849707816,1267.1536783995484,1023.0827799024703,419.1744227609003
H,352,106,development,247.1369900748975,1279.9125823312952,1032.7755922563977,417.8959984676531
H,352,107,development,248.10199006014847,1292.7006518157793,1044.598661755631,421.0359866530632
H,352,108,development,249.5736896447072,1305.5178145591196,1055.9441249144124,423.0991361379692
H,352,109,development,251.014947795016,1318.3639961697022,1067.3490483746862,425.2133419744809
H,352,110,development,253.06998674799948,1331.2391203317297,1078.1691335837302,426.03595449560083
H,352,111,development,255.30625645491403,1344.1431089674134,1088.8368525124993,426.4826360433447
H,352,112,development,256.38071369443446,1357.0758823885744,1100.69516869414,429.3205806447656
H,352,113,development,258.6104394915314,1370.0373594383682,1111.4269199468367,429.76877582052606
H,352,114,development,259.874406989678,1383.0274576237787,1123.1530506341007,432.19071229230804
H,352,115,development,260.8050845045969,1396.0460932395097,1135.2410087349128,435.2833116314891
H,352,116,development,263.57389390487015,1409.0931814838125,1145.5192875789423,434.6102986938405
H,352,117,development,265.55785183887633,1422.1686365668297,1156.6107847279534,435.5400439937703
H,352,118,development,266.6149737815011,1435.2723718118955,1168.6573980303945,438.3314940848536
H,352,119,development,267.92191508282406,1448.4042997502731,1180.482384667449,440.60687768020784
H,352,120,development,269.9704490239976,1461.5643322097624,1191.5938831857648,441.3793759626796
H,352,121,development,271.494055641645,1474.7523803975769,1203.2583247559319,443.1987735098542
H,352,122,development,273.4596091884033,1487.9683549778197,1214.5087457894165,444.1272878996422
H,352,123,development,275.58749264934386,1501.2121661439821,1225.6246734946383,444.73160291570883
H,352,124,development,276.4520495031329,1514.4837236866965,1238.0316741835636,447.8287198118723
H,352,125,development,278.25074352984194,1527.7829370571146,1249.5321935272727,449.06697379346355
H,352,126,development,279.22925092774517,1541.1097154261552,1261.88046449841,451.9155712754968
H,352,127,development,282.4651147650521,1554.4639677398832,1271.9988529748312,450.3206897010451
H,352,128,development,283.2111857332339,1567.8456027712894,1284.6344170380555,453.5959318528103
H,352,129,development,284.83596398090475,1581.254529168657,1296.4185651877522,455.14567299326825
H,352,130,development,286.6674453630029,1594.690655500766,1308.0232101377633,456.2859268799888
H,352,131,development,287.9119205014222,1608.153890299126,1320.2419697977039,458.557592022725
H,352,132,development,289.5798549292188,1621.6441420973874,1332.0642871681687,459.99894830176
H,352,133,development,291.8462913290674,1635.1613194681527,1343.3150281390854,460.28168527399527
H,352,134,development,293.5584341393563,1648.7053310573365,1355.1468969179803,461.6276486454732
H,352,135,development,294.9653696192655,1662.2760856162022,1367.3107159969368,463.5495745693231
H,352,136,development,295.57325487895827,1675.8734920312352,1380.3002371522768,466.99091151448425
H,352,137,development,297.97927706194344,1689.497459352004,1391.5181822900604,466.9848843216013
H,352,138,development,299.8403260537213,1703.1478968170798,1403.3075707633584,468.0182913461523
H,352,139,development,301.64932546219416,1716.8247138782106,1415.1753884160164,469.1458819765804
H,352,140,development,302.6967495896069,1730.5278202227678,1427.8310706331608,471.7034697495098
H,352,141,development,304.8643713408573,1744.2571257946397,1439.3927544537823,472.14200469639394
H,352,142,development,305.7289126020368,1758.0125408136412,1452.2836282116043,475.02331913960074
H,352,143,development,307.2194961281701,1771.7939757935155,1464.5744796653455,476.7192506084751
H,352,144,development,310.1094631467019,1785.601341558638,1475.491878411936,475.79711481230504
H,352,145,development,311.165141530356,1799.434549259486,1488.2694077291299,478.2892455143278
H,352,146,development,312.4278011806009,1813.293510386945,1500.865709206344,480.38801397791065
H,352,147,development,313.9852857311589,1827.178136785546,1513.1928510543871,481.9311349354173
H,352,148,development,315.47561608947575,1841.0883406656606,1525.6127245761847,483.5913290184328
H,352,149,development,317.7348059423702,1855.0240346147384,1537.2892286723682,483.8277708080861
H,352,150,development,318.8531042563166,1868.9851316076579,1550.1320273513413,486.15867515758475
H,352,151,development,321.1601343091136,1882.9715450162214,1561.8114107071078,486.3030133135638
H,352,152,development,322.14455867248296,1896.983188617833,1574.83862994535,488.8608506799125
H,352,153,development,323.4669695575121,1911.0199766034486,1587.5530070459365,490.7929267763061
H,352,154,development,324.8628660517396,1925.0818235848237,1600.218957533084,492.5829095154949
H,352,155,development,327.44390126190547,1939.1686446010826,1611.7247433391772,492.2140058580727
H,352,156,development,329.03307168048093,1953.2803551246618,1624.247283444181,493.642561566414
H,352,157,development,329.9532397282339,1967.4168710666827,1637.4636313384487,496.27142097078547
H,352,158,development,331.4744675826634,1981.5781087817759,1650.1036411991124,497.80716241368066
H,352,159,development,333.64537852486984,1995.7639850723733,1662.1186065475035,498.16922802771853
H,352,160,development,334.2113548332444,2009.9744171925056,1675.7630623592613,501.4081772282655
H,352,161,development,336.84185042839067,2024.209322851188,1687.3674724227974,500.9375973552061
H,352,162,development,338.3399928508066,2038.4686202153114,1700.1286273645048,502.4911814413227
H,352,163,development,339.85821672536355,2052.7522279121904,1712.894011186827,504.0025301406797
H,352,164,development,341.04226111104657,2067.060065031694,1726.0178039206476,506.1008563271987
H,352,165,development,342.0548775103636,2081.3920511280317,1739.337173617668,508.4965273050285
H,352,166,development,344.6617029402523,2095.748106221204,1751.0864032809518,508.0594647861139
H,352,167,development,346.34787056600993,2110.1281507981703,1763.7802802321603,509.25108254592374
H,352,168,development,347.2726775844205,2124.5321058137147,1777.2594282292941,511.7763483702947
H,352,169,development,349.31626087069617,2138.9598926907206,1789.6436318200244,512.3276046065556
H,352,170,development,350.4084193491921,2153.4114333205102,1803.003013971318,514.5432913170313
H,352,171,development,351.87864902535927,2167.886650064929,1816.00800103957,516.0892842090835
H,352,172,development,353.4889004887188,2182.3854657535776,1828.8965652648587,517.3844391539037
H,352,173,development,356.0175749772649,2196.907803671557,1840.8902286942919,517.0784697389869
H,352,174,development,357.1513022520396,2211.453587584885,1854.3022853328455,519.1923629118605
H,352,175,development,357.95268510163226,2226.022741785952,1868.0700566843198,521.8762519280796
H,352,176,development,359.74375495311443,2240.615190863134,1880.8714359100197,522.8364384407881
H,352,177,development,361.28936169580464,2255.2308596026387,1893.941497906834,524.2173445177384
H,352,178,development,363.33133057897385,2269.8696744339486,1906.5383438549748,524.7382164419671
H,352,179,development,364.736024114089,2284.531562232594,1919.7955381185047,526.352049480584
H,352,180,development,366.2127102883313,2299.2164421132575,1933.003731824926,527.8363305039327
H,352,181,development,367.9935754817403,2313.924240389427,1945.9306649076866,528.7947384299492
H,352,182,development,368.96843809573437,2328.654919534959,1959.6864814392245,531.125776381652
H,352,183,development,370.050919212106,2343.4083430412506,1973.3574238291446,533.266456419219
H,352,184,development,373.06192837211285,2358.1842278147387,1985.122299442626,532.1160237671194
H,352,185,development,373.86487391090856,2372.9829685415643,1999.1180946306558,534.7167477164604
H,352,186,development,375.82591276673935,2387.8047357335945,2011.9788229668552,535.3486161066314
H,352,187,development,376.32409223066804,2402.643576445633,2026.3194842149646,538.450640298876
H,352,188,development,378.4366802499655,2417.493348501265,2039.0566682512992,538.8105262165545
H,352,189,development,379.87297534653237,2431.41790710565,2051.544931759118,540.0607742331847
H,352,190,development,381.4844686171865,2432.4322913339624,2050.947822716776,537.6228893802933
H,352,191,development,383.44352944953647,2447.35451946213,2063.9109900125936,538.2568309277513
H,352,192,development,384.95611681486366,2462.3301171770586,2077.374000362195,539.6391717451949
H,352,193,development,385.86130084597426,2477.233397709628,2091.372096863654,542.000996803376
H,352,194,development,387.222890222388,2492.216640513071,2104.9937502906832,543.6129432022351
H,352,195,development,388.84612835423223,2507.3730565176234,2118.526928163391,544.8239737219264
H,352,196,development,391.45608356363806,2522.3687650274,2130.912681463762,544.3554899095967
H,352,197,development,392.2450833395191,2537.3319179240793,2145.08683458456,546.8741166419716
H,352,198,development,393.427743844434,2552.8176201403967,2159.3898762959625,548.8656837454276
H,352,199,development,395.5828700109937,2568.08698695708,2172.5041169460865,549.1906454103308
H,352,200,development,396.3818542225922,2582.862870059723,2186.4810158371306,551.6097653171807
H,352,201,development,397.9187362096142,2598.840912479335,2200.922176269721,553.1084555692615
H,352,202,development,399.9851198761949,2614.909631255697,2214.9245113795023,553.7517275805347
H,352,203,development,401.8392286005332,2629.346944798434,2227.5077161979007,554.3280888616918
H,352,204,development,402.86191776388614,2645.7609722450247,2242.8990544811386,556.7413934110501
H,352,205,development,404.236441800208,2663.35119283198,2259.114751031772,558.8597457891559
H,352,206,development,405.13438745990993,2677.7469259854765,2272.6125385255664,560.9527625572027
H,352,207,development,407.5814603868962,2694.0876811417493,2286.506220754853,560.993676843002
H,352,208,development,408.9472455023511,2713.525688976181,2304.57844347383,563.53929970671
H,352,209,development,410.51386919336665,2729.1036621095113,2318.5897929161447,564.8018171644296
H,352,210,development,411.9722678042788,2744.503878468213,2332.531610663934,566.1865598613742
H,352,211,development,413.26273607018504,2765.5702391666127,2352.307503096428,569.2038738999521
H,352,212,development,415.01880975515513,2783.6880394262957,2368.669229671141,570.7378012742514
H,352,213,development,415.4552149962946,2797.417634052962,2381.9624190566674,573.3379514992757
H,352,214,development,418.3877057895348,2818.0556595445682,2399.6679537550335,573.551258927804
H,352,215,development,419.8613648181523,2842.1393861995816,2422.2780213814294,576.9232952478376
H,352,216,development,420.6438276250418,2852.8116066156977,2432.1677789906557,578.2012285126572
H,352,217,development,422.07671005882673,2880.0420209829335,2457.9653109241067,582.3503766842593
H,352,218,development,423.7165796274818,2909.1565441919643,2485.4399645644826,586.5807674435592
H,352,219,development,425.06988249446135,2921.1732352309373,2496.103352736476,587.2218793974424
H,352,220,development,427.2088250840746,2963.755794296668,2536.546969212593,593.7487290234235
H,352,221,development,428.12791407661666,2976.386365951353,2548.2584518747362,595.2096016375859
H,352,222,development,430.3287454309386,3014.3887522227733,2584.060006791835,600.4851021988114
H,352,223,development,431.3013069307036,3043.7097964625573,2612.408489531854,605.7038194766204
H,352,224,development,432.1386417345886,3068.731426884297,2636.5927851497086,610.1265960772502
H,352,225,development,433.88921848092724,3114.4604830643198,2680.5712645833923,617.8008464852472
H,352,226,development,436.16100643264696,3127.2815513480414,2691.1205449153945,617.001635915604
H,352,227,development,437.5816981676686,3185.730211202745,2748.1485130350766,628.0309538864822
H,352,228,development,438.6217386562722,3192.264364601861,2753.642625945589,627.7943802743193
H,352,229,development,439.91844221437066,3253.4805579765875,2813.5621157622168,639.5644841802696
H,352,230,development,441.68319920118904,3267.5736942588237,2825.890495057635,639.8003139282702
H,352,231,development,442.90454630260945,3323.5632885605005,2880.658742257891,650.4017098731052
H,352,232,development,444.31933627755916,3347.343579557453,2903.0242432798937,653.3643724806117
H,352,233,development,446.8606226964295,3397.3995909979835,2950.538968301554,660.2817116660499
H,352,234,development,447.4417041944933,3430.208532978279,2982.7668287837855,666.6269149304064
H,352,235,development,449.1485456850233,3475.2294711468626,3026.0809254618393,673.7372200207355
H,352,236,development,450.1269457803135,3516.0327803917303,3065.9058346114166,681.1202624842962
H,352,237,development,451.4033084453888,3557.206809259716,3105.803500814327,688.0329502924036
H,352,238,development,453.9867378066779,3604.804725514244,3150.8179877075663,694.0330466325837
H,352,239,development,454.9746837686168,3643.486339246449,3188.5116554778324,700.8107855731575
H,352,240,development,456.32842668924604,3696.544035454844,3240.215608765598,710.0621875069257
H,352,241,postfreeze-evaluation,457.903893064103,3734.2390543080205,3276.3351612439174,715.507164466334
H,352,242,postfreeze-evaluation,459.513415281106,3791.2829573134154,3331.7695420323093,725.0646947911431
H,352,243,postfreeze-evaluation,460.08794442217584,3829.657476694785,3369.569532272609,732.3750976575683
H,352,244,postfreeze-evaluation,462.06536727488253,3889.0600780630757,3426.994710788193,741.6688099780209
H,352,245,postfreeze-evaluation,464.05728691054827,3929.958591340899,3465.901304430351,746.8692771757808
H,352,246,postfreeze-evaluation,465.6715392113711,3989.918377896379,3524.246838685008,756.809583994209
H,352,247,postfreeze-evaluation,466.5702869308262,4035.3853996134426,3568.8151126826165,764.90406968666
H,352,248,postfreeze-evaluation,467.43904621026167,4093.9054622276863,3626.4664160174248,775.8158941617772
H,352,249,postfreeze-evaluation,469.53600455911203,4146.207603608442,3676.67159904933,783.0435926850115
H,352,250,postfreeze-evaluation,470.77365547810166,4201.074444942709,3730.3007894646075,792.3767071622224
H,352,251,postfreeze-evaluation,472.7991746619088,4262.722307585028,3789.9231329231193,801.5925864577139
H,352,252,postfreeze-evaluation,473.8352323451397,4311.484832209188,3837.649599864049,809.9122517484559
H,352,253,postfreeze-evaluation,475.6003393693758,4385.254342881981,3909.654003512605,822.0460920395109
H,352,254,postfreeze-evaluation,476.7690152374845,4425.204651279309,3948.435636041824,828.1653190224747
H,352,255,postfreeze-evaluation,478.07526376667096,4514.149105423986,4036.073841657315,844.2339831301454
H,352,256,postfreeze-evaluation,478.9421815346348,4542.321366710905,4063.37918517627,848.4070398970331
H,352,257,postfreeze-evaluation,481.8303393762866,4649.6724459968245,4167.842106620538,865.0020071412838
H,352,258,postfreeze-evaluation,482.8347827909824,4663.047040096839,4180.212257305857,865.7645236622187
H,352,259,postfreeze-evaluation,483.8514272124825,4785.81083332671,4301.959406114228,889.107516102258
H,352,260,postfreeze-evaluation,485.539148129356,4793.92447850109,4308.385330371733,887.3404640945461
H,352,261,postfreeze-evaluation,486.52871826165125,4913.973595583831,4427.44487732218,910.00689396944
H,352,262,postfreeze-evaluation,488.38056709001745,4944.132606914702,4455.752039824684,912.3524439913695
H,352,263,postfreeze-evaluation,489.66176157795616,5045.297415981844,4555.635654403888,930.3637759508024
H,352,264,postfreeze-evaluation,491.398821593663,5103.190496527878,4611.791674934215,938.5027949350067
H,352,265,postfreeze-evaluation,493.3144415817853,5180.311773292121,4686.997331710336,950.1034100444616
H,352,266,postfreeze-evaluation,493.9579978053695,5271.295755649942,4777.3377578445725,967.1546526364677
H,352,267,postfreeze-evaluation,495.3588288221313,5319.158121794621,4823.79929297249,973.7989942447505
H,352,268,postfreeze-evaluation,496.4296962157591,5448.932122576813,4952.502426361054,997.6241276687422
H,352,269,postfreeze-evaluation,498.58078242968656,5462.164842745855,4963.584060316169,995.5425951492963
H,352,270,postfreeze-evaluation,500.3090849416905,5608.293814736727,5107.984729795036,1020.9658156398172
H,352,271,postfreeze-evaluation,501.6044469651455,5638.090094893797,5136.485647928652,1024.0111863054449
H,352,272,postfreeze-evaluation,502.27627032711825,5759.214419809409,5256.938149482291,1046.622836881901
H,352,273,postfreeze-evaluation,504.49977331342774,5838.196377955414,5333.696604641987,1057.224777250465
H,352,274,postfreeze-evaluation,505.41523174224443,5914.26265391122,5408.847422168976,1070.1789503897305
H,352,275,postfreeze-evaluation,506.46415270952355,6051.094029377438,5544.629876667915,1094.7724230836077
H,352,276,postfreeze-evaluation,508.8007003364678,6073.724725372318,5564.924025035851,1093.7335623468657
H,352,277,postfreeze-evaluation,510.26422794367284,6237.092147729744,5726.827919786071,1122.3259648956316
H,352,278,postfreeze-evaluation,511.5622897003746,6278.75360065377,5767.191310953395,1127.3683434193863
H,352,279,postfreeze-evaluation,512.6231445314074,6405.392558024731,5892.7694134933245,1149.532454075976
H,352,280,postfreeze-evaluation,513.6689855554737,6521.938083594303,6008.269098038829,1169.6772176232482
H,352,281,postfreeze-evaluation,515.4350571672994,6578.296202480862,6062.861145313563,1176.260919975741
H,352,282,postfreeze-evaluation,517.5896685724674,6755.632489681485,6238.0428211090175,1205.2100727423297
H,352,283,postfreeze-evaluation,518.2342231475501,6783.562332316205,6265.328109168655,1208.9761403860064
H,352,284,postfreeze-evaluation,520.1063104117233,6938.229358701159,6418.123048289436,1234.002149139233
H,352,285,postfreeze-evaluation,521.525193449492,7065.505349379776,6543.980155930284,1254.7773795253952
H,352,286,postfreeze-evaluation,522.4566961777302,7125.741216742766,6603.284520565036,1263.8912600554972
H,352,287,postfreeze-evaluation,523.9605308920159,7318.159901686636,6794.19937079462,1296.7006043809913
H,352,288,postfreeze-evaluation,525.0773856872796,7371.942586861177,6846.865201173898,1303.972592956362
H,352,289,postfreeze-evaluation,527.9036416012724,7516.074876761125,6988.171235159853,1323.758861363954
H,352,290,postfreeze-evaluation,528.4062138522927,7706.62042420056,7178.214210348267,1358.4651395403196
H,352,291,postfreeze-evaluation,529.8062263187069,7719.6607687624855,7189.854542443779,1357.0724890119914
H,352,292,postfreeze-evaluation,530.866917883961,7928.082104477595,7397.215186593634,1393.4217668109704
H,352,293,postfreeze-evaluation,532.6881830282937,8077.248299389248,7544.560116360954,1416.318280888207
H,352,294,postfreeze-evaluation,533.7796307537687,8142.661545656131,7608.881914902362,1425.4725127217005
H,352,295,postfreeze-evaluation,535.6643140758732,8362.951273933422,7827.286959857549,1461.229869934712
H,352,296,postfreeze-evaluation,537.0697590831223,8492.446031031766,7955.376271948644,1481.2556725461413
H,352,297,postfreeze-evaluation,538.4285261762479,8589.429525691525,8051.000999515277,1495.2775731796723
H,352,298,postfreeze-evaluation,540.2131663762282,8822.00052024239,8281.787353866162,1533.0591457851217
H,352,299,postfreeze-evaluation,540.6313902472951,8968.19903005237,8427.567639805075,1558.838016407102
H,352,300,postfreeze-evaluation,541.8474371212013,9061.092593989513,8519.245156868312,1572.2590111582854
B,320,1,train,14.1347,14.134699999999999,-1.7763568394002505e-15,1.2567347304153965e-14
B,320,2,train,21.022,27.61017508193063,6.588175081930633,31.33943051056338
B,320,3,train,25.0108,40.5070959834605,15.496295983460502,61.95841789731037
B,320,4,train,30.4248,52.89111923719785,22.466319237197848,73.84212628249931
B,320,5,train,32.935,64.81655031033524,31.881550310335243,96.80142799555257
B,320,6,train,37.5861,76.32891006903586,38.742810069035855,103.07749425728089
B,320,7,train,40.9187,87.46679406407355,46.54809406407355,113.75750955937886
B,320,8,train,43.327,98.26325304725106,54.93625304725106,126.7945000744364
B,320,9,train,48.0051,108.74683865732054,60.74173865732054,126.53184486090132
B,320,10,train,49.7738,118.94240894980163,69.16860894980164,138.96589962952726
B,320,11,train,52.9703,128.87175806155062,75.90145806155061,143.29059503448275
B,320,12,train,56.4462,138.55411478942204,82.10791478942204,145.46225395052645
B,320,13,train,59.347,148.00654193948344,88.65954193948343,149.3917838129702
B,320,14,train,60.8317,157.2442595264622,96.4125595264622,158.49065458710214
B,320,15,train,65.1125,166.2809088130486,101.1684088130486,155.37478796398327
B,320,16,train,67.0798,175.12876987535552,108.04896987535551,161.0752713564374
B,320,17,train,69.5464,183.79894228896376,114.25254228896375,164.2824679479653
B,320,18,train,72.0671,192.3014962771276,120.2343962771276,166.83673448373474
B,320,19,train,75.7046,200.64559999824877,124.94099999824877,165.03752743987653
B,320,20,train,77.1448,208.83962740627533,131.69482740627532,170.71121761450587
B,320,21,train,79.3373,216.89125017759451,137.55395017759452,173.3786632234706
B,320,22,train,82.9103,224.80751648054667,141.89721648054666,171.14546260301393
B,320,23,train,84.7354,232.59491881075823,147.85951881075823,174.495569514935
B,320,24,train,87.4252,240.25945268569743,152.83425268569744,174.8171610539037
B,320,25,train,88.8091,247.80666765497662,158.99756765497662,179.03296807982136
B,320,26,train,92.4918,255.2417118170016,162.7499118170016,175.96144935767452
B,320,27,train,94.6513,262.5693708208715,167.9180708208715,177.407041235431
B,320,28,train,95.8706,269.7941021631983,173.92350216319832,181.41484684898012
B,320,29,train,98.8311,276.92006545281356,178.08896545281357,180.19526793976144
B,320,30,train,101.3178,283.95114920579914,182.63334920579914,180.25791046173438
B,320,31,train,103.7255,290.8909946430024,187.16549464300238,180.44308742112827
B,320,32,train,105.4466,297.74301688828996,192.29641688828997,182.36379066588202
B,320,33,train,107.1686,304.5104239048125,197.34182390481251,184.14145925654765
B,320,34,train,111.0295,311.19623345617146,200.16673345617147,180.28247759034443
B,320,35,train,111.8746,317.8032883374953,205.92868833749532,184.07099407505845
B,320,36,train,114.3202,324.33427008623,210.01407008623,183.7068777750826
B,320,37,train,116.2266,330.7917113533099,214.56511135330987,184.6092988638658
B,320,38,train,118.7907,337.178007090404,218.38730709040397,183.84209124990758
B,320,39,train,121.3701,343.49542468819055,222.12532468819057,183.01486501880657
B,320,40,train,122.9468,349.74611318275294,226.79931318275294,184.46947231058715
B,320,41,train,124.2568,355.93211163215284,231.67531163215284,186.44879928676164
B,320,42,train,127.5166,362.05535675228634,234.53875675228636,183.92801937338854
B,320,43,train,129.5787,368.1176898900662,238.53898989006618,184.08811779255865
B,320,44,train,131.0876,374.12086340253444,243.03326340253443,185.39759931720042
B,320,45,train,133.4977,380.0665465022072,246.56884650220718,184.69894724943362
B,320,46,train,134.7565,385.9563306218978,251.1998306218978,186.41017733608237
B,320,47,train,138.116,391.79173434623436,253.67573434623435,183.6686077979628
B,320,48,train,139.7362,397.57420795147766,257.83800795147766,184.5176897264114
B,320,49,train,141.1237,403.3051375909136,262.18143759091356,185.78129512683805
B,320,50,train,143.1118,408.9858491587444,265.87404915874436,185.78066180339033
B,320,51,train,146.0009,414.61761186201323,268.61671186201323,183.98291507929966
B,320,52,train,147.4427,420.20164152690836,272.75894152690836,184.99318143720126
B,320,53,train,150.0515,425.7391036629857,275.6876036629857,183.72865560356655
B,320,54,train,150.9252,431.2311163065692,280.3059163065692,185.72505870892948
B,320,55,train,153.0246,436.6787526622678,283.65415266226785,185.3650672259675
B,320,56,train,156.1129,442.0830435597843,285.97014355978433,183.18162276133768
B,320,57,train,157.5975,447.44497974144747,289.8474797414475,183.91629292434683
B,320,58,train,158.8499,452.7655139943865,293.9156139943865,185.0272578039939
B,320,59,train,161.1889,458.04556314002343,296.85666314002344,184.1669390013974
B,320,60,train,163.0306,463.2860098922438,300.2554098922438,184.17119846963934
B,320,61,train,165.5373,468.48770459466095,302.950404594661,183.01035754156982
B,320,62,train,167.1844,473.65146684637074,306.4670668463707,183.3108034280535
B,320,63,train,169.0945,478.7780870247553,309.6835870247553,183.14231806756297
B,320,64,train,169.9119,483.8683277131805,313.9564277131805,184.77600904538207
B,320,65,train,173.4115,488.9229250406481,315.51142504064813,181.9437724952775
B,320,66,train,174.7541,493.94258993995174,319.18848993995175,182.6500722672325
B,320,67,train,176.4414,498.92800933024756,322.4866093302476,182.77264254888456
B,320,68,train,178.3774,503.8798472295032,325.5024472295032,182.47964553217125
B,320,69,train,179.9164,508.7987458017893,328.8823458017893,182.79731353105626
B,320,70,train,182.207,513.6853263440097,331.4783263440097,181.92403494048511
B,320,71,train,184.8744,518.5401902162492,333.6657902162492,180.48241953253086
B,320,72,train,185.9589,523.363919719625,337.405019719625,181.4406407650427
B,320,73,train,187.2289,528.1570789251714,340.9281789251714,182.0916423293473
B,320,74,train,189.4161,532.9202144570647,343.5041144570647,181.34895315501942
B,320,75,train,192.0266,537.6538562331833,345.6272562331833,179.9892599427284
B,320,76,train,193.0797,542.3585181657991,349.27881816579907,180.898778155238
B,320,77,train,195.2658,547.034698824986,351.76889882498597,180.14875048522882
B,320,78,train,196.8764,551.6828820671223,354.80648206712226,180.2178839450144
B,320,79,train,198.0153,556.3035376306836,358.2882376306836,180.93967366697606
B,320,80,train,201.2647,560.8971217013966,359.6324217013966,178.68628810784833
B,320,81,train,202.4935,565.4640774486146,362.97057744861456,179.25048332347188
B,320,82,train,204.1896,570.004835534704,365.8152355347039,179.15468541723178
B,320,83,train,205.3946,574.519814599062,369.125214599062,179.7151505439101
B,320,84,train,207.9062,579.0094217182785,371.1032217182785,178.49550504904542
B,320,85,train,209.5765,583.4740528438674,373.8975528438674,178.4062396518061
B,320,86,train,211.3289,587.9140932188785,376.58519321887854,178.19862461730438
B,320,87,train,213.3479,592.3299177746103,378.9820177746103,177.63569164477843
B,320,88,train,214.547,596.7218915085735,382.1748915085735,178.13108153857826
B,320,89,train,216.1695,601.0903698447701,384.9208698447701,178.06437533730247
B,320,90,train,219.0675,605.4356989772732,386.3681989772732,176.36947469491056
B,320,91,train,220.7149,609.758216198058,389.043316198058,176.26508957848247
B,320,92,train,221.3952,614.0582502099325,392.66305020993246,177.35842972653992
B,320,93,train,224.007,618.3361214254046,394.3291214254046,176.03428527921207
B,320,94,train,224.9833,622.592142252193,397.60884225219297,176.72815815760234
B,320,95,train,227.4214,626.8266173662533,399.40521736625334,175.62340983137616
B,320,96,train,229.3374,631.0398439726313,401.7024439726313,175.15784341002876
B,320,97,train,231.2882,635.2321120551234,403.9439120551234,174.64959823074565
B,320,98,train,231.9872,639.4037046172011,407.4165046172011,175.6202517281993
B,320,99,train,233.6934,643.5548979005258,409.8614979005258,175.3842846655172
B,320,100,train,236.5242,647.6859616399998,411.16176163999984,173.83496557223313
B,320,101,development,237.7698204809252,651.7971591848998,414.0273387039746,174.12947440787147
B,320,102,development,239.55547757332764,655.888747822305,416.33327024897744,173.79409332084185
B,320,103,development,241.04915779621658,659.9609791491159,418.9118213528993,173.78688446074065
B,320,104,development,242.8232719342226,664.0140973043474,421.1908253701248,173.4557079373428
B,320,105,development,244.07089849707816,668.0483471880167,423.97744869093856,173.71077473868277
B,320,106,development,247.1369900748975,672.063951437889,424.9269613629915,171.9398464933205
B,320,107,development,248.10199006014847,676.0611590557353,427.9591689955868,172.49324315852314
B,320,108,development,249.5736896447072,680.0401872016123,430.4664975569051,172.4807202913563
B,320,109,development,251.014947795016,684.0011584311068,432.98621063609073,172.49419384764138
B,320,110,development,253.06998674799948,687.9447337889346,434.8747470409352,171.83971621019293
B,320,111,development,255.30625645491403,691.8698233029316,436.5635668480176,170.99603155440602
B,320,112,development,256.38071369443446,695.779396009481,439.3986823150466,171.38523252522842
B,320,113,development,258.6104394915314,699.6693993798942,441.05895988836284,170.54955737887215
B,320,114,development,259.874406989678,703.5427249270257,443.6683179373477,170.72412904244544
B,320,115,development,260.8050845045969,707.4082963737097,446.60321186911284,171.24022436811086
B,320,116,development,263.57389390487015,711.2229089416546,447.6490150367845,169.8381461095503
B,320,117,development,265.55785183887633,715.1001695910936,449.5423177522173,169.28225418278012
B,320,118,development,266.6149737815011,718.8163454966029,452.20137171510186,169.60839269503833
B,320,119,development,267.92191508282406,722.6969193243609,454.77500424153686,169.74162195763267
B,320,120,development,269.9704490239976,726.4265409494246,456.456091925427,169.07631689898503
B,320,121,development,271.494055641645,729.9887745523123,458.4947189106673,168.87836377377315
B,320,122,development,273.4596091884033,734.2886106424227,460.82900145401936,168.51812332421116
B,320,123,development,275.58749264934386,736.9123418472086,461.32484919786475,167.39687449635176
B,320,124,development,276.4520495031329,742.0809200660875,465.6288705629546,168.4302472706674
B,320,125,development,278.25074352984194,744.2904857145217,466.0397421846797,167.4891273505969
B,320,126,development,279.22925092774517,749.0892432025958,469.8599922748506,168.27033368235266
B,320,127,development,282.4651147650521,753.1585201793579,470.6934054143058,166.63771234398897
B,320,128,development,283.2111857332339,756.0090028269628,472.79781709372895,166.94178793456027
B,320,129,development,284.83596398090475,762.7105388758512,477.8745748949464,167.77185303994227
B,320,130,development,286.6674453630029,763.2450523455433,476.5776069825404,166.24755084382076
B,320,131,development,287.9119205014222,770.2828965402491,482.37097603882694,167.54116161593393
B,320,132,development,289.5798549292188,773.0994881969287,483.51963326770993,166.9728142470046
B,320,133,development,291.8462913290674,777.6901603917295,485.84386906266207,166.47251772504288
B,320,134,development,293.5584341393563,783.6198325499385,490.06139841058217,166.93827920404536
B,320,135,development,294.9653696192655,785.2235738142531,490.25820419498757,166.2087331905442
B,320,136,development,295.57325487895827,792.8588797763409,497.28562489738266,168.2444594322408
B,320,137,development,297.97927706194344,794.4577941615019,496.4785170995584,166.6151156532779
B,320,138,development,299.8403260537213,800.6164687290749,500.7761426753536,167.0142736523143
B,320,139,development,301.64932546219416,805.5386493475111,503.8893238853169,167.0447374988311
B,320,140,development,302.6967495896069,808.4716219226314,505.77487233302446,167.08962782677673
B,320,141,development,304.8643713408573,816.4132118770525,511.5488405361952,167.79554734005038
B,320,142,development,305.7289126020368,816.8567592618152,511.1278466597784,167.18335283032476
B,320,143,development,307.2194961281701,824.4555304640527,517.2360343358826,168.36042010826517
B,320,144,development,310.1094631467019,828.3658291178107,518.2563659711088,167.12046150166657
B,320,145,development,311.165141530356,832.5773265767067,521.4121850463507,167.56767242049312
B,320,146,development,312.4278011806009,840.0605125329384,527.6327113523375,168.88148537310738
B,320,147,development,313.9852857311589,840.7804672407565,526.7951815095976,167.77702823967718
B,320,148,development,315.47561608947575,849.0571491079435,533.5815330184678,169.13558633550062
B,320,149,development,317.7348059423702,851.9219356435824,534.1871297012121,168.1235796993866
B,320,150,development,318.8531042563166,857.4095645611085,538.5564603047919,168.904255005108
B,320,151,development,321.1601343091136,863.927542304006,542.7674079948924,169.00211141164985
B,320,152,development,322.14455867248296,865.8325254185555,543.6879667460726,168.77142640140875
B,320,153,development,323.4669695575121,874.3222921894738,550.8553226319618,170.2972403598137
B,320,154,development,324.8628660517396,876.0649402898854,551.2020742381458,169.6722315287208
B,320,155,development,327.44390126190547,882.8779319076368,555.4340306457314,169.62723339942994
B,320,156,development,329.03307168048093,888.3173580907619,559.284286410281,169.9781373203097
B,320,157,development,329.9532397282339,891.4957829469568,561.5425432187228,170.18852237403019
B,320,158,development,331.4744675826634,900.1724975462123,568.6980299635488,171.56616438993944
B,320,159,development,333.64537852486984,900.6725630414195,567.0271845165496,169.949059994033
B,320,160,development,334.2113548332444,908.9079610485472,574.6966062153028,171.95603856788443
B,320,161,development,336.84185042839067,913.1141846751245,576.2723342467339,171.08097865922508
B,320,162,development,338.3399928508066,917.6975668661612,579.3575740153547,171.2353213505051
B,320,163,development,339.85821672536355,925.6306387386514,585.772422013288,172.35788137105584
B,320,164,development,341.04226111104657,926.5395256014137,585.4972644903671,171.67880091544538
B,320,165,development,342.0548775103636,935.4305124208772,593.3756349105136,173.473811930232
B,320,166,development,344.6617029402523,938.2088230360931,593.5471200958408,172.21150915009932
B,320,167,development,346.34787056600993,944.368866209077,598.0209956430672,172.6648397363515
B,320,168,development,347.2726775844205,950.8345561412715,603.5618785568511,173.80056581333778
B,320,169,development,349.31626087069617,953.3514490373426,604.0351881666464,172.919287141413
B,320,170,development,350.4084193491921,962.3751776331677,611.9667582839757,174.64385114392275
B,320,171,development,351.87864902535927,963.4954417289016,611.6167927035424,173.8146927634317
B,320,172,development,353.4889004887188,971.4377232122139,617.9488227234951,174.81420827334188
B,320,173,development,356.0175749772649,976.1776806341338,620.1601056568688,174.19367729148536
B,320,174,development,357.1513022520396,980.535578017655,623.3842757656154,174.54346990612305
B,320,175,development,357.95268510163226,988.8683325035165,630.9156474018843,176.25671594634096
B,320,176,development,359.74375495311443,989.665714489902,629.9219595367877,175.10295894334166
B,320,177,development,361.28936169580464,998.8242772284915,637.5349155326869,176.4610262921257
B,320,178,development,363.33133057897385,1001.5543111089912,638.2229805300174,175.6586693233968
B,320,179,development,364.736024114089,1008.0082327614391,643.2722086473501,176.36651334613862
B,320,180,development,366.2127102883313,1014.2213253198227,648.0086150314913,176.94869588805173
B,320,181,development,367.9935754817403,1017.213506634782,649.2199311530417,176.42153950735363
B,320,182,development,368.96843809573437,1026.4357341367784,657.4672960410439,178.19066027280473
B,320,183,development,370.050919212106,1026.8558695356664,656.8049503235604,177.4904252966043
B,320,184,development,373.06192837211285,1035.6713045164909,662.6093761443781,177.61377555617372
B,320,185,development,373.86487391090856,1039.4426688676147,665.5777949567062,178.02629810986534
B,320,186,development,375.82591276673935,1044.9148647378938,669.0889519711545,178.031617629951
B,320,187,development,376.32409223066804,1051.9672911442776,675.6431989136096,179.53758817532034
B,320,188,development,378.4366802499655,1054.161563658164,675.7248834081984,178.55692079368936
B,320,189,development,379.87297534653237,1063.4057952584744,683.532819911942,179.9372064539209
B,320,190,development,381.4844686171865,1064.413866231581,682.9293976143946,179.0189257481156
B,320,191,development,383.44352944953647,1072.64191991603,689.1983904664935,179.7392151735856
B,320,192,development,384.95611681486366,1076.7652973257589,691.8091805108952,179.71118013007336
B,320,193,development,385.86130084597426,1081.863226513385,696.0019256674107,180.37619324391292
B,320,194,development,387.222890222388,1089.0037483810993,701.7808581587112,181.23434225586917
B,320,195,development,388.84612835423223,1091.0626199273297,702.2164915730975,180.58981184798895
B,320,196,development,391.45608356363806,1100.23203767011,708.775954106472,181.0614226898962
B,320,197,development,392.2450833395191,1101.1096014561665,708.8645181166473,180.71979693957545
B,320,198,development,393.427743844434,1109.3628463361113,715.9351024916773,181.97372038276143
B,320,199,development,395.5828700109937,1113.0606317926124,717.4777617816187,181.37230304276807
B,320,200,development,396.3818542225922,1118.444739816172,722.0628855935797,182.16345624845331
B,320,201,development,397.9187362096142,1124.831920707741,726.9131844981266,182.67880306978205
B,320,202,development,399.9851198761949,1127.4660893219113,727.4809694457165,181.87700824242899
B,320,203,development,401.8392286005332,1136.3916712899802,734.5524426894469,182.79759426366573
B,320,204,development,402.86191776388614,1136.4151585354066,733.5532407715204,182.08552569157197
B,320,205,development,404.236441800208,1145.2690722505401,741.0326304503321,183.3166320063207
B,320,206,development,405.13438745990993,1147.7091634236992,742.5747759637893,183.29097675947608
B,320,207,development,407.5814603868962,1154.0129433962472,746.431483009351,183.13676051427902
B,320,208,development,408.9472455023511,1158.7291644948825,749.7819189925315,183.34441110405297
B,320,209,development,410.51386919336665,1162.6164369108749,752.1025677175082,183.21002630077794
B,320,210,development,411.9722678042788,1169.3802760137382,757.4080082094595,183.84927030313884
B,320,211,development,413.26273607018504,1171.038804407451,757.7760683372659,183.36423833978867
B,320,212,development,415.01880975515513,1179.146672833629,764.1278630784739,184.1188507887822
B,320,213,development,415.4552149962946,1179.5944406542978,764.1392256580032,183.928182407054
B,320,214,development,418.3877057895348,1186.8720942163911,768.4843884268564,183.67757412389977
B,320,215,development,419.8613648181523,1189.0323296419776,769.1709648238253,183.19641416803466
B,320,216,development,420.6438276250418,1194.065568744275,773.4217411192332,183.86618091747076
B,320,217,development,422.07671005882673,1197.6898711629337,775.613161104107,183.7611843107871
B,320,218,development,423.7165796274818,1201.8198017072193,778.1032220797375,183.63766241194082
B,320,219,development,425.06988249446135,1206.2230278409577,781.1531453464963,183.77052280495894
B,320,220,development,427.2088250840746,1210.5181763821436,783.309351298069,183.35514280256592
B,320,221,development,428.12791407661666,1215.1006687664383,786.9727546898216,183.81720247958114
B,320,222,development,430.3287454309386,1219.633507357778,789.3047619268393,183.41901867057842
B,320,223,development,431.3013069307036,1224.305679119884,793.0043721891803,183.8631971306757
B,320,224,development,432.1386417345886,1228.9885207265347,796.8498789919461,184.39681204935064
B,320,225,development,433.88921848092724,1233.754156249768,799.8649377688407,184.34773294649196
B,320,226,development,436.16100643264696,1238.5406176727638,802.3796112401169,183.9640865199678
B,320,227,development,437.5816981676686,1243.3942814611019,805.8125832934332,184.15134514713392
B,320,228,development,438.6217386562722,1248.265546047029,809.6438073907567,184.5881624269511
B,320,229,development,439.91844221437066,1253.1985867908904,813.2801445765198,184.87066386278286
B,320,230,development,441.68319920118904,1258.1453207481286,816.4621215469396,184.85242885026216
B,320,231,development,442.90454630260945,1263.1508311104535,820.2462848078441,185.19707951866906
B,320,232,development,444.31933627755916,1268.1671701457471,823.847833868188,185.4179565468075
B,320,233,development,446.8606226964295,1273.2402879084457,826.3796652120161,184.9300706393656
B,320,234,development,447.4417041944933,1278.3222025430164,830.8804983485231,185.69581032780914
B,320,235,development,449.1485456850233,1283.4595561322,834.3110104471768,185.7539155948327
B,320,236,development,450.1269457803135,1288.6042456396256,838.4772998593121,186.27574014832132
B,320,237,development,451.4033084453888,1293.8035200939446,842.4002116485558,186.6180853990064
B,320,238,development,453.9867378066779,1299.009077503738,845.02233969706,186.13370597114175
B,320,239,development,454.9746837686168,1304.2687396506324,849.2940558820155,186.66842050357573
B,320,240,development,456.32842668924604,1309.533936969688,853.205510280442,186.9718081055389
B,320,241,postfreeze-evaluation,457.903893064103,1314.8530581886107,856.9491651245078,187.14607543302574
B,320,242,postfreeze-evaluation,459.513415281106,1320.1772031250505,860.6637878439444,187.29894693442972
B,320,243,postfreeze-evaluation,460.08794442217584,1325.5553406464712,865.4673962242954,188.10912277026412
B,320,244,postfreeze-evaluation,462.06536727488253,1330.9381789353545,868.8728116604719,188.0411026658009
B,320,245,postfreeze-evaluation,464.05728691054827,1336.3752944294772,872.3180075189289,187.97636242851996
B,320,246,postfreeze-evaluation,465.6715392113711,1341.8169423019351,876.1454030905641,188.14665044257222
B,320,247,postfreeze-evaluation,466.5702869308262,1347.313345494714,880.7430585638878,188.76964162410687
B,320,248,postfreeze-evaluation,467.43904621026167,1352.814242847671,885.3751966374093,189.4097645063124
B,320,249,postfreeze-evaluation,469.53600455911203,1358.3705526688811,888.8345481097691,189.30061581632546
B,320,250,postfreeze-evaluation,470.77365547810166,1363.931431020771,893.1577755426694,189.72127372667208
B,320,251,postfreeze-evaluation,472.7991746619088,1369.5485495393534,896.7493748774446,189.66813457715864
B,320,252,postfreeze-evaluation,473.8352323451397,1375.1704109797804,901.3351786346407,190.2212239840603
B,320,253,postfreeze-evaluation,475.6003393693758,1380.8495070610538,905.249167691678,190.33820894492987
B,320,254,postfreeze-evaluation,476.7690152374845,1386.5336117286597,909.7645964911752,190.81873347788977
B,320,255,postfreeze-evaluation,478.07526376667096,1392.2761124203353,914.2008486536643,191.22529817812296
B,320,256,postfreeze-evaluation,478.9421815346348,1398.023972907551,919.0817913729163,191.89827641156572
B,320,257,postfreeze-evaluation,481.8303393762866,1403.8315612765637,922.0012219002771,191.35391579819924
B,320,258,postfreeze-evaluation,482.8347827909824,1409.644942949228,926.8101601582455,191.95182144933798
B,320,259,postfreeze-evaluation,483.8514272124825,1415.5195615923244,931.6681343798418,192.5525237669086
B,320,260,postfreeze-evaluation,485.539148129356,1421.4004882353252,935.8613401059691,192.74683487656478
B,320,261,postfreeze-evaluation,486.52871826165125,1427.3443480585354,940.8156297968842,193.3730927864614
B,320,262,postfreeze-evaluation,488.38056709001745,1433.2951125826664,944.914545492649,193.47914498786437
B,320,263,postfreeze-evaluation,489.66176157795616,1439.3107067419187,949.6489451639625,193.93978041162083
B,320,264,postfreeze-evaluation,491.398821593663,1445.3338869554912,953.9350653618282,194.12644545383867
B,320,265,postfreeze-evaluation,493.3144415817853,1451.4240101095158,958.1095685277305,194.21883645968393
B,320,266,postfreeze-evaluation,493.9579978053695,1457.5224898007925,963.564491995423,195.0701266659294
B,320,267,postfreeze-evaluation,495.3588288221313,1463.6902630746029,968.3314342524716,195.48080662153106
B,320,268,postfreeze-evaluation,496.4296962157591,1469.8672588924517,973.4375626766926,196.08769783458231
B,320,269,postfreeze-evaluation,498.58078242968656,1476.1161612083122,977.5353787786256,196.06358953806742
B,320,270,postfreeze-evaluation,500.3090849416905,1482.37525608876,982.0661711470693,196.29189249312273
B,320,271,postfreeze-evaluation,501.6044469651455,1488.7091628133237,987.1047158481782,196.78946664457467
B,320,272,postfreeze-evaluation,502.27627032711825,1495.0543470016096,992.7780766744913,197.65577936379975
B,320,273,postfreeze-evaluation,504.49977331342774,1501.4775772080668,996.977803894639,197.61709650467023
B,320,274,postfreeze-evaluation,505.41523174224443,1507.9132982944527,1002.4980665522082,198.35137597583721
B,320,275,postfreeze-evaluation,506.46415270952355,1514.4306723768534,1007.9665196673299,199.0203085993012
B,320,276,postfreeze-evaluation,508.8007003364678,1520.9618962327556,1012.1611958962878,198.930778834807
B,320,277,postfreeze-evaluation,510.26422794367284,1527.5788061782691,1017.3145782345963,199.37015423054422
B,320,278,postfreeze-evaluation,511.5622897003746,1534.211091291703,1022.6488015913285,199.9069951364673
B,320,279,postfreeze-evaluation,512.6231445314074,1540.9335866713761,1028.3104421399687,200.59773990110313
B,320,280,postfreeze-evaluation,513.6689855554737,1547.6731752005642,1034.0041896450905,201.29776543291482
B,320,281,postfreeze-evaluation,515.4350571672994,1554.5080689640376,1039.0730117967382,201.59145121156882
B,320,282,postfreeze-evaluation,517.5896685724674,1561.3619989478823,1043.7723303754149,201.6601941175101
B,320,283,postfreeze-evaluation,518.2342231475501,1568.3169985252134,1050.0827753776634,202.62706098410004
B,320,284,postfreeze-evaluation,520.1063104117233,1575.2932432470031,1055.18693283528,202.87908677746663
B,320,285,postfreeze-evaluation,521.525193449492,1582.377114458701,1060.851921009209,203.4133603388326
B,320,286,postfreeze-evaluation,522.4566961777302,1589.4847571674118,1067.0280609896815,204.23282327435192
B,320,287,postfreeze-evaluation,523.9605308920159,1596.7075313135938,1072.747000421578,204.73813143812214
B,320,288,postfreeze-evaluation,525.0773856872796,1603.9569866969,1078.8796010096203,205.47058974887344
B,320,289,postfreeze-evaluation,527.9036416012724,1611.330225402534,1083.4265838012616,205.2318829464673
B,320,290,postfreeze-evaluation,528.4062138522927,1618.7335239100632,1090.3273100577705,206.3426359256543
B,320,291,postfreeze-evaluation,529.8062263187069,1626.2706626049749,1096.464436286268,206.95574755791674
B,320,292,postfreeze-evaluation,530.866917883961,1633.8418208174282,1102.974902933467,207.76862633104585
B,320,293,postfreeze-evaluation,532.6881830282937,1641.5586214044665,1108.8704383761728,208.1650154265343
B,320,294,postfreeze-evaluation,533.7796307537687,1649.3141326234327,1115.534501869664,208.98783647745773
B,320,295,postfreeze-evaluation,535.6643140758732,1657.2292911522468,1121.5649770763735,209.37832661324373
B,320,296,postfreeze-evaluation,537.0697590831223,1665.188787858773,1128.1190287756506,210.0507447489799
B,320,297,postfreeze-evaluation,538.4285261762479,1673.32476786518,1134.8962416889322,210.77936745822376
B,320,298,postfreeze-evaluation,540.2131663762282,1681.5119364154752,1141.298770039247,211.26822541092906
B,320,299,postfreeze-evaluation,540.6313902472951,1689.896140482617,1149.264750235322,212.57825035087703
B,320,300,postfreeze-evaluation,541.8474371212013,1698.3400174016626,1156.4925802804614,213.4350928048729
B,352,1,train,14.1347,14.1347,0.0,0.0
B,352,2,train,21.022,27.61017508194209,6.58817508194209,31.33943051061788
B,352,3,train,25.0108,40.50709598347224,15.49629598347224,61.95841789735731
B,352,4,train,30.4248,52.89111923720374,22.466319237203738,73.84212628251866
B,352,5,train,32.935,64.81655031034542,31.881550310345418,96.80142799558348
B,352,6,train,37.5861,76.32891006904758,38.74281006904758,103.07749425731208
B,352,7,train,40.9187,87.46679406408154,46.54809406408154,113.75750955939837
B,352,8,train,43.327,98.26325304726367,54.936253047263676,126.79450007446552
B,352,9,train,48.0051,108.74683865733647,60.74173865733647,126.53184486093451
B,352,10,train,49.7738,118.94240894981974,69.16860894981974,138.96589962956364
B,352,11,train,52.9703,128.87175806157,75.90145806157,143.29059503451933
B,352,12,train,56.4462,138.5541147894405,82.10791478944049,145.4622539505591
B,352,13,train,59.347,148.00654193950302,88.65954193950301,149.3917838130032
B,352,14,train,60.8317,157.24425952648224,96.41255952648224,158.49065458713505
B,352,15,train,65.1125,166.28090881307705,101.16840881307705,155.37478796402698
B,352,16,train,67.0798,175.12876987537626,108.04896987537626,161.07527135646833
B,352,17,train,69.5464,183.79894228898806,114.25254228898805,164.28246794800026
B,352,18,train,72.0671,192.3014962771522,120.23439627715221,166.8367344837689
B,352,19,train,75.7046,200.64559999827694,124.94099999827694,165.03752743991373
B,352,20,train,77.1448,208.8396274063004,131.6948274063004,170.71121761453836
B,352,21,train,79.3373,216.89125017762274,137.55395017762274,173.37866322350615
B,352,22,train,82.9103,224.80751648057722,141.8972164805772,171.14546260305076
B,352,23,train,84.7354,232.59491881078802,147.85951881078802,174.49556951497016
B,352,24,train,87.4252,240.25945268572983,152.83425268572984,174.8171610539408
B,352,25,train,88.8091,247.80666765501167,158.99756765501166,179.0329680798608
B,352,26,train,92.4918,255.24171181703494,162.74991181703496,175.9614493577106
B,352,27,train,94.6513,262.5693708209085,167.9180708209085,177.40704123547007
B,352,28,train,95.8706,269.794102163239,173.92350216323902,181.41484684902258
B,352,29,train,98.8311,276.92006545285665,178.08896545285666,180.195267939805
B,352,30,train,101.3178,283.9511492058419,182.63334920584188,180.2579104617766
B,352,31,train,103.7255,290.8909946430471,187.1654946430471,180.44308742117136
B,352,32,train,105.4466,297.74301688833225,192.29641688833226,182.36379066592212
B,352,33,train,107.1686,304.51042390485304,197.34182390485304,184.14145925658548
B,352,34,train,111.0295,311.1962334562151,200.16673345621513,180.28247759038373
B,352,35,train,111.8746,317.8032883375383,205.9286883375383,184.07099407509685
B,352,36,train,114.3202,324.3342700862762,210.0140700862762,183.70687777512302
B,352,37,train,116.2266,330.7917113533572,214.56511135335717,184.6092988639065
B,352,38,train,118.7907,337.1780070904489,218.38730709044887,183.84209124994538
B,352,39,train,121.3701,343.49542468823245,222.12532468823247,183.0148650188411
B,352,40,train,122.9468,349.74611318279744,226.79931318279745,184.46947231062333
B,352,41,train,124.2568,355.9321116322031,231.6753116322031,186.44879928680209
B,352,42,train,127.5166,362.05535675233523,234.53875675233525,183.92801937342688
B,352,43,train,129.5787,368.11768989011597,238.53898989011597,184.08811779259705
B,352,44,train,131.0876,374.12086340258804,243.03326340258803,185.3975993172413
B,352,45,train,133.4977,380.0665465022589,246.5688465022589,184.69894724947238
B,352,46,train,134.7565,385.95633062195424,251.19983062195425,186.41017733612424
B,352,47,train,138.116,391.7917343462894,253.67573434628937,183.66860779800268
B,352,48,train,139.7362,397.57420795153445,257.83800795153445,184.51768972645203
B,352,49,train,141.1237,403.3051375909727,262.1814375909727,185.78129512687994
B,352,50,train,143.1118,408.9858491588033,265.87404915880336,185.78066180343157
B,352,51,train,146.0009,414.6176118620742,268.6167118620742,183.98291507934144
B,352,52,train,147.4427,420.20164152696856,272.75894152696856,184.9931814372421
B,352,53,train,150.0515,425.7391036630449,275.6876036630449,183.72865560360603
B,352,54,train,150.9252,431.2311163066286,280.30591630662866,185.72505870896885
B,352,55,train,153.0246,436.67875266232755,283.65415266232753,185.36506722600652
B,352,56,train,156.1129,442.083043559847,285.970143559847,183.1816227613778
B,352,57,train,157.5975,447.4449797415095,289.84747974150946,183.91629292438614
B,352,58,train,158.8499,452.7655139944487,293.91561399444873,185.02725780403307
B,352,59,train,161.1889,458.0455631400889,296.8566631400889,184.16693900143804
B,352,60,train,163.0306,463.28600989230875,300.25540989230876,184.17119846967915
B,352,61,train,165.5373,468.4877045947277,302.95040459472773,183.01035754161012
B,352,62,train,167.1844,473.6514668464367,306.46706684643664,183.31080342809295
B,352,63,train,169.0945,478.77808702482275,309.6835870248227,183.14231806760284
B,352,64,train,169.9119,483.86832771324873,313.95642771324873,184.7760090454222
B,352,65,train,173.4115,488.92292504071725,315.51142504071726,181.94377249531738
B,352,66,train,174.7541,493.94258994002183,319.18848994002184,182.6500722672726
B,352,67,train,176.4414,498.9280093303176,322.4866093303176,182.77264254892424
B,352,68,train,178.3774,503.8798472295739,325.50244722957393,182.47964553221087
B,352,69,train,179.9164,508.79874580186197,328.88234580186196,182.79731353109662
B,352,70,train,182.207,513.6853263440815,331.47832634408155,181.92403494052456
B,352,71,train,184.8744,518.5401902163226,333.66579021632253,180.48241953257053
B,352,72,train,185.9589,523.3639197196986,337.40501971969866,181.44064076508232
B,352,73,train,187.2289,528.1570789252453,340.9281789252453,182.0916423293868
B,352,74,train,189.4161,532.9202144571382,343.50411445713814,181.34895315505815
B,352,75,train,192.0266,537.6538562332587,345.62725623325866,179.98925994276766
B,352,76,train,193.0797,542.3585181658751,349.2788181658751,180.8987781552774
B,352,77,train,195.2658,547.0346988250632,351.76889882506316,180.14875048526835
B,352,78,train,196.8764,551.6828820671999,354.8064820671999,180.2178839450538
B,352,79,train,198.0153,556.3035376307614,358.2882376307614,180.9396736670153
B,352,80,train,201.2647,560.8971217014754,359.6324217014754,178.68628810788746
B,352,81,train,202.4935,565.4640774486932,362.9705774486931,179.2504833235107
B,352,82,train,204.1896,570.004835534784,365.81523553478394,179.15468541727097
B,352,83,train,205.3946,574.5198145991434,369.1252145991434,179.71515054394976
B,352,84,train,207.9062,579.009421718359,371.103221718359,178.49550504908413
B,352,85,train,209.5765,583.4740528439488,373.8975528439488,178.4062396518449
B,352,86,train,211.3289,587.9140932189609,376.58519321896097,178.1986246173434
B,352,87,train,213.3479,592.3299177746939,378.9820177746939,177.63569164481763
B,352,88,train,214.547,596.7218915086585,382.17489150865845,178.13108153861788
B,352,89,train,216.1695,601.0903698448545,384.92086984485456,178.06437533734154
B,352,90,train,219.0675,605.4356989773582,386.36819897735825,176.3694746949494
B,352,91,train,220.7149,609.7582161981433,389.04331619814326,176.2650895785211
B,352,92,train,221.3952,614.0582502100191,392.6630502100191,177.35842972657903
B,352,93,train,224.007,618.3361214254893,394.3291214254893,176.03428527924987
B,352,94,train,224.9833,622.5921422522882,397.60884225228824,176.72815815764469
B,352,95,train,227.4214,626.826617366329,399.40521736632894,175.62340983140942
B,352,96,train,229.3374,631.039843972711,401.70244397271097,175.1578434100635
B,352,97,train,231.2882,635.2321120554162,403.94391205541626,174.64959823087227
B,352,98,train,231.9872,639.4037046163098,407.4165046163098,175.6202517278151
B,352,99,train,233.6934,643.5548979039484,409.86149790394836,175.38428466698176
B,352,100,train,236.5242,647.6859616327738,411.1617616327738,173.83496556917802
B,352,101,development,237.7698204809252,651.7971591931332,414.027338712208,174.12947441133423
B,352,102,development,239.55547757332764,655.8887478526146,416.33327027928704,173.7940933334943
B,352,103,development,241.04915779621658,659.9609789491122,418.91182115289564,173.7868843777685
B,352,104,development,242.8232719342226,664.014098076043,421.19082614182037,173.45570825514412
B,352,105,development,244.07089849707816,668.0483452600886,423.97744676301045,173.71077394877784
B,352,106,development,247.1369900748975,672.0639551318264,424.9269650569289,171.93984798801273
B,352,107,development,248.10199006014847,676.0611570896035,427.95916702945505,172.49324236605398
B,352,108,development,249.5736896447072,680.0401754569459,430.4664858122387,172.48071558546505
B,352,109,development,251.014947795016,684.001229633844,432.98628183882795,172.49422221357648
B,352,110,development,253.06998674799948,687.9445342421759,434.87454749417645,171.8396373597685
B,352,111,development,255.30625645491403,691.8702992655307,436.5640428106166,170.99621798250442
B,352,112,development,256.38071369443446,695.7787301837994,439.398016489365,171.38497282329058
B,352,113,development,258.6104394915314,699.6700281023546,441.05958861082325,170.54980049452584
B,352,114,development,259.874406989678,703.5443898772004,443.6699828875224,170.7247697173753
B,352,115,development,260.8050845045969,707.4020082343512,446.59692372975434,171.2378133187364
B,352,116,development,263.57389390487015,711.2430718826915,447.6691779778214,169.8457959343255
B,352,117,development,265.55785183887633,715.06776564415,449.50991380527364,169.27005196517698
B,352,118,development,266.6149737815011,718.8762704885538,452.26129670705274,169.63086892399915
B,352,119,development,267.92191508282406,722.6687638348426,454.74684875201854,169.73111311608847
B,352,120,development,269.9704490239976,726.4454192767612,456.47497025276357,169.0833096374143
B,352,121,development,271.494055641645,730.2064069152875,458.7123512736425,168.95852477857338
B,352,122,development,273.4596091884033,733.9518951270784,460.4922859386751,168.394991606023
B,352,123,development,275.58749264934386,737.6820412801314,462.0945486307876,167.67616853307433
B,352,124,development,276.4520495031329,741.3970223500422,464.9449728469093,168.1828634233512
B,352,125,development,278.25074352984194,745.0969618516656,466.84621832182364,167.77896525971192
B,352,126,development,279.22925092774517,748.782054413439,469.55280348569386,168.1603205701389
B,352,127,development,282.4651147650521,752.4524739614579,469.98735919640586,166.38775361245246
B,352,128,development,283.2111857332339,756.1080505323605,472.8968647991266,166.9767610254505
B,352,129,development,284.83596398090475,759.7500492738086,474.91408529290385,166.73248653556325
B,352,130,development,286.6674453630029,763.3758471192324,476.7084017562295,166.29317680372824
B,352,131,development,287.9119205014222,766.9906557335964,479.07873523217427,166.39767273193115
B,352,132,development,289.5798549292188,770.5881500879129,481.0082951586941,166.10557915924974
B,352,133,development,291.8462913290674,774.1699591934298,482.3236678643624,165.26633443511014
B,352,134,development,293.5584341393563,777.7558601727471,484.19742603339085,164.94073060886257
B,352,135,development,294.9653696192655,781.2730445857885,486.307674966523,164.86941351597906
B,352,136,development,295.57325487895827,784.8886806176108,489.31542573865255,165.54793698740932
B,352,137,development,297.97927706194344,788.3070055917185,490.3277285297751,164.55094910101636
B,352,138,development,299.8403260537213,791.9131154370393,492.072789383318,164.11161095627781
B,352,139,development,301.64932546219416,795.4004966938081,493.75117123161397,163.6838307113987
B,352,140,development,302.6967495896069,798.6238793780051,495.9271297883982,163.83629175429567
B,352,141,development,304.8643713408573,802.7535791316986,497.88920779084134,163.31498679265812
B,352,142,development,305.7289126020368,805.0501058661087,499.32119326407184,163.32154816971186
B,352,143,development,307.2194961281701,809.9235158749267,502.7040197467566,163.63024680472478
B,352,144,development,310.1094631467019,812.0525245757613,501.94306142905936,161.85996271632888
B,352,145,development,311.165141530356,816.3967322113866,505.23159068103064,162.36767016903863
B,352,146,development,312.4278011806009,820.3553701471313,507.92756896653043,162.57438264046152
B,352,147,development,313.9852857311589,822.8235191776841,508.83823344652524,162.05798697274105
B,352,148,development,315.47561608947575,829.1091059440645,513.6334898545888,162.81242151815346
B,352,149,development,317.7348059423702,829.5983862822764,511.86358033990615,161.09773646666412
B,352,150,development,318.8531042563166,836.0237087043239,517.1706044480072,162.19713640682295
B,352,151,development,321.1601343091136,838.732392743363,517.5722584342494,161.15706874630058
B,352,152,development,322.14455867248296,842.8536089170383,520.7090502445553,161.6383192658388
B,352,153,development,323.4669695575121,848.3593452028056,524.8923756452934,162.27078034067034
B,352,154,development,324.8628660517396,849.7881700605406,524.9253040088009,161.58365847982088
B,352,155,development,327.44390126190547,856.8033608941247,529.3594596322192,161.6641683024696
B,352,156,development,329.03307168048093,858.247265627071,529.2141939465901,160.83921024829445
B,352,157,development,329.9532397282339,863.9227054341635,533.9694657059297,161.83186021926437
B,352,158,development,331.4744675826634,868.3265914535311,536.8521238708677,161.95881625090385
B,352,159,development,333.64537852486984,871.1214620838844,537.4760835590146,161.0920210959707
B,352,160,development,334.2113548332444,878.3835781636504,544.172223330406,162.82278129117492
B,352,161,development,336.84185042839067,878.6032356223351,541.7613851939444,160.83553290808135
B,352,162,development,338.3399928508066,885.741430742272,547.4014378914653,161.79034387248623
B,352,163,development,339.85821672536355,889.0171067491144,549.1588900237509,161.58470297262858
B,352,164,development,341.04226111104657,893.1569195258907,552.1146584148441,161.8903934709342
B,352,165,development,342.0548775103636,899.5839287136133,557.5290512032498,162.99403629651727
B,352,166,development,344.6617029402523,900.6374797427466,555.9757768024942,161.3105755758636
B,352,167,development,346.34787056600993,908.1772101748309,561.8293396088209,162.215329544445
B,352,168,development,347.2726775844205,910.2804822202958,563.0078046358753,162.1226894531634
B,352,169,development,349.31626087069617,915.7772386240122,566.460977753316,162.1627851910961
B,352,170,development,350.4084193491921,921.0882211869061,570.679801837714,162.8613270473433
B,352,171,development,351.87864902535927,923.4328702622931,571.5542212369339,162.4293553530561
B,352,172,development,353.4889004887188,931.1405543163008,577.6516538275821,163.41436832357263
B,352,173,development,356.0175749772649,931.9970033846347,575.9794284073698,161.78398733381394
B,352,174,development,357.1513022520396,938.9002358330227,581.7489335809831,162.88584975407602
B,352,175,development,357.95268510163226,942.99166141173,585.0389763100977,163.44030947665323
B,352,176,development,359.74375495311443,946.7076498767734,586.9638949236589,163.16166350133255
B,352,177,development,361.28936169580464,954.0614962239594,592.7721345281548,164.0712950267415
B,352,178,development,363.33133057897385,954.5613407390925,591.2300101601187,162.72475297354205
B,352,179,development,364.736024114089,962.4570505531875,597.7210264390985,163.87770522281397
B,352,180,development,366.2127102883313,965.1963538497905,598.9836435614592,163.56167515045004
B,352,181,development,367.9935754817403,970.3946657694203,602.40109028768,163.69880629004916
B,352,182,development,368.96843809573437,976.3825250547161,607.4140869589817,164.62494464130262
B,352,183,development,370.050919212106,978.3709379645943,608.3200187524883,164.38819285942947
B,352,184,development,373.06192837211285,986.3830689852166,613.3211406131038,164.4019649202432
B,352,185,development,373.86487391090856,987.610072839349,613.7451989284405,164.1623061584264
B,352,186,development,375.82591276673935,994.4293706189534,618.603457852214,164.59840496313976
B,352,187,development,376.32409223066804,998.866975483,622.542883252332,165.42732610133928
B,352,188,development,378.4366802499655,1002.5067688919365,624.0700886419711,164.90739962885192
B,352,189,development,379.87297534653237,1010.1422894666375,630.2693141201052,165.91580739460426
B,352,190,development,381.4844686171865,1010.6129704963262,629.1285018791397,164.91588875416576
B,352,191,development,383.44352944953647,1018.7442873918321,635.3007579422956,165.68300392350343
B,352,192,development,384.95611681486366,1021.42553926777,636.4694224529063,165.33557843399655
B,352,193,development,385.86130084597426,1026.8989280807186,641.0376272347444,166.13161927078815
B,352,194,development,387.222890222388,1032.7041114149945,645.4812211926064,166.69500628485488
B,352,195,development,388.84612835423223,1035.0734284734517,646.2273001192195,166.19100795842755
B,352,196,development,391.45608356363806,1043.2643336137223,651.8082500500843,166.50865254572585
B,352,197,development,392.2450833395191,1043.9669298954168,651.7218465558976,166.15169296890355
B,352,198,development,393.427743844434,1051.4688031654505,658.0410593210165,167.25842791127963
B,352,199,development,395.5828700109937,1055.201255882284,659.6183858712902,166.74594272824774
B,352,200,development,396.3818542225922,1059.682730342021,663.3008761194287,167.33886000415788
B,352,201,development,397.9187362096142,1066.3948782479686,668.4761420383543,167.99313055875228
B,352,202,development,399.9851198761949,1067.9023269267855,667.9172070505906,166.98551367544053
B,352,203,development,401.8392286005332,1076.1231791604703,674.283950559937,167.79943384528048
B,352,204,development,402.86191776388614,1077.5345808746779,674.6726631107917,167.4699526963508
B,352,205,development,404.236441800208,1084.3410003419735,680.1045585417655,168.24424723140228
B,352,206,development,405.13438745990993,1088.6059031014308,683.4715156415209,168.70241993692866
B,352,207,development,407.5814603868962,1092.5505727730288,684.9691123861326,168.05698466655636
B,352,208,development,408.9472455023511,1099.5937459912484,690.6465004888973,168.88400841054855
B,352,209,development,410.51386919336665,1100.7464089103569,690.2325397169902,168.13866510119448
B,352,210,development,411.9722678042788,1108.922172528861,696.9499047245822,169.1739855304269
B,352,211,development,413.26273607018504,1110.4815008340422,697.2187647638572,168.7107749887828
B,352,212,development,415.01880975515513,1117.0711917176734,702.0523819625182,169.16158146583808
B,352,213,development,415.4552149962946,1121.2501073130757,705.794892316781,169.8847112373053
B,352,214,development,418.3877057895348,1125.1854147118347,706.7977089223,168.93367064610797
B,352,215,development,419.8613648181523,1131.8780262003365,712.0166613821842,169.5837533635819
B,352,216,development,420.6438276250418,1133.255701713286,712.6118740882442,169.40980166323993
B,352,217,development,422.07671005882673,1141.2710666724947,719.194356613668,170.39422917067154
B,352,218,development,423.7165796274818,1142.3394462842712,718.6228666567894,169.59989323254234
B,352,219,development,425.06988249446135,1149.2184508120995,724.1485683176381,170.35988625401467
B,352,220,development,427.2088250840746,1152.6015865445981,725.3927614605236,169.7981686866526
B,352,221,development,428.12791407661666,1157.0808730954896,728.9529590188729,170.26522566067052
B,352,222,development,430.3287454309386,1162.6204198459614,732.2916744150227,170.17029008408286
B,352,223,development,431.3013069307036,1164.8357230854222,733.5344161547185,170.07470285096403
B,352,224,development,432.1386417345886,1172.3102355803826,740.171593845794,171.28104787731374
B,352,225,development,433.88921848092724,1172.4677160779297,738.5784975970025,170.22282788745275
B,352,226,development,436.16100643264696,1179.8490287054374,743.6880222727905,170.50768209551825
B,352,227,development,437.5816981676686,1181.614116496162,744.0324183284935,170.03280106184923
B,352,228,development,438.6217386562722,1186.927614916618,748.3058762603458,170.6039191201052
B,352,229,development,439.91844221437066,1190.1846303972584,750.2661881828877,170.546655058686
B,352,230,development,441.68319920118904,1193.7464431558797,752.0632439546906,170.2720966780812
B,352,231,development,442.90454630260945,1197.8458898079218,754.9413435053124,170.452380723477
B,352,232,development,444.31933627755916,1201.1966764573826,756.8773401798235,170.3453526287711
B,352,233,development,446.8606226964295,1205.4811708213183,758.6205481248887,169.76670344038132
B,352,234,development,447.4417041944933,1209.3206553979246,761.8789512034314,170.27446124518133
B,352,235,development,449.1485456850233,1213.5574838344169,764.4089381493936,170.19067421971675
B,352,236,development,450.1269457803135,1217.692784027449,767.5658382471356,170.52208170220266
B,352,237,development,451.4033084453888,1221.9645119453044,770.5612034999156,170.70349044487315
B,352,238,development,453.9867378066779,1226.241192899108,772.2544550924301,170.10506932942187
B,352,239,development,454.9746837686168,1230.5881236952257,775.6134399266089,170.4739774754274
B,352,240,development,456.32842668924604,1234.9522859126344,778.6238592233883,170.62795427242173
B,352,241,postfreeze-evaluation,457.903893064103,1239.3741905110282,781.4702974469253,170.66251440179948
B,352,242,postfreeze-evaluation,459.513415281106,1243.809055315872,784.2956400347659,170.67959584052088
B,352,243,postfreeze-evaluation,460.08794442217584,1248.2980755887124,788.2101311665366,171.31727547359435
B,352,244,postfreeze-evaluation,462.06536727488253,1252.7960886740273,790.7307213991447,171.12962307965816
B,352,245,postfreeze-evaluation,464.05728691054827,1257.3458490356445,793.2885621250962,170.94625696029865
B,352,246,postfreeze-evaluation,465.6715392113711,1261.9020540228705,796.2305148114995,170.98543667923963
B,352,247,postfreeze-evaluation,466.5702869308262,1266.508132192832,799.9378452620057,171.45066191937008
B,352,248,postfreeze-evaluation,467.43904621026167,1271.1189340350857,803.6798878248239,171.9325534185939
B,352,249,postfreeze-evaluation,469.53600455911203,1275.7782158823925,806.2422113232805,171.71041272550144
B,352,250,postfreeze-evaluation,470.77365547810166,1280.4409908990801,809.6673354209785,171.98654300200974
B,352,251,postfreeze-evaluation,472.7991746619088,1285.1512382417695,812.3520635798607,171.81757226221066
B,352,252,postfreeze-evaluation,473.8352323451397,1289.8640827370602,816.0288503919205,172.21785014870494
B,352,253,postfreeze-evaluation,475.6003393693758,1294.623688388366,819.0233490189902,172.20831888071768
B,352,254,postfreeze-evaluation,476.7690152374845,1299.3852414938458,822.6162262563613,172.53978340991938
B,352,255,postfreeze-evaluation,478.07526376667096,1304.19307735674,826.1178135900691,172.8007860271272
B,352,256,postfreeze-evaluation,478.9421815346348,1309.0023991697753,830.0602176351406,173.31115312822254
B,352,257,postfreeze-evaluation,481.8303393762866,1313.8577143491843,832.0273749728977,172.6805696897231
B,352,258,postfreeze-evaluation,482.8347827909824,1318.7142015127245,835.879418721742,173.11913899202068
B,352,259,postfreeze-evaluation,483.8514272124825,1323.6165512165896,839.7651240041071,173.55846790451352
B,352,260,postfreeze-evaluation,485.539148129356,1328.519877275108,842.980729145752,173.61745852904272
B,352,261,postfreeze-evaluation,486.52871826165125,1333.4690721163895,846.9403538547383,174.0781832737077
B,352,262,postfreeze-evaluation,488.38056709001745,1338.419144662458,850.0385775724405,174.05249816497366
B,352,263,postfreeze-evaluation,489.66176157795616,1343.415214036116,853.7534524581597,174.35575318499497
B,352,264,postfreeze-evaluation,491.398821593663,1348.412143615417,857.0133220217541,174.4028036620766
B,352,265,postfreeze-evaluation,493.3144415817853,1353.455309100216,860.1408675184307,174.35955549171376
B,352,266,postfreeze-evaluation,493.9579978053695,1358.499386612656,864.5413888072866,175.02325959867042
B,352,267,postfreeze-evaluation,495.3588288221313,1363.5900427297731,868.2312139076419,175.27318852318226
B,352,268,postfreeze-evaluation,496.4296962157591,1368.681723154783,872.2520269390238,175.7050461703089
B,352,269,postfreeze-evaluation,498.58078242968656,1373.820423687325,875.2396412576385,175.5462047679447
B,352,270,postfreeze-evaluation,500.3090849416905,1378.960314658121,878.6512297164304,175.62168190866143
B,352,271,postfreeze-evaluation,501.6044469651455,1384.1477633032143,882.5433163380688,175.9440773856204
B,352,272,postfreeze-evaluation,502.27627032711825,1389.3366175150368,887.0603471879185,176.6080540914667
B,352,273,postfreeze-evaluation,504.49977331342774,1394.5736620212704,890.0738887078426,176.42701459746175
B,352,274,postfreeze-evaluation,505.41523174224443,1399.8123727719792,894.3971410297347,176.96283864390267
B,352,275,postfreeze-evaluation,506.46415270952355,1405.1000019786354,898.6358492691119,177.43325849648312
B,352,276,postfreeze-evaluation,508.8007003364678,1410.3896013604883,901.5889010240205,177.19883255424048
B,352,277,postfreeze-evaluation,510.26422794367284,1415.72894474373,905.4647168000571,177.45016546603964
B,352,278,postfreeze-evaluation,511.5622897003746,1421.0706041652659,909.5083144648913,177.79033614803708
B,352,279,postfreeze-evaluation,512.6231445314074,1426.4629336365429,913.8397891051354,178.26736831020048
B,352,280,postfreeze-evaluation,513.6689855554737,1431.8579664748406,918.1889809193669,178.75110367554146
B,352,281,postfreeze-evaluation,515.4350571672994,1437.304700285322,921.8696431180226,178.85272456716174
B,352,282,postfreeze-evaluation,517.5896685724674,1442.7545665649538,925.1648979924864,178.7448541127429
B,352,283,postfreeze-evaluation,518.2342231475501,1448.2572752587519,930.0230521112018,179.45998364650814
B,352,284,postfreeze-evaluation,520.1063104117233,1453.7635883344242,933.6572779227009,179.5127763752001
B,352,285,postfreeze-evaluation,521.525193449492,1459.3240027704599,937.7988093209678,179.818505625422
B,352,286,postfreeze-evaluation,522.4566961777302,1464.8885380624113,942.431841884681,180.38468044901524
B,352,287,postfreeze-evaluation,523.9605308920159,1470.5085595965465,946.5480287045307,180.6525440175964
B,352,288,postfreeze-evaluation,525.0773856872796,1476.1332654966973,951.0558798094177,181.1268025882642
B,352,289,postfreeze-evaluation,527.9036416012724,1481.814978487148,953.9113368858756,180.6980027628543
B,352,290,postfreeze-evaluation,528.4062138522927,1487.5019896245062,959.0957757722135,181.5072856127148
B,352,291,postfreeze-evaluation,529.8062263187069,1493.247676499031,963.4414501803242,181.84789123273958
B,352,292,postfreeze-evaluation,530.866917883961,1498.9993296290797,968.1324117451187,182.36819419904725
B,352,293,postfreeze-evaluation,532.6881830282937,1504.8114888369428,972.1233058086491,182.4938747997372
B,352,294,postfreeze-evaluation,533.7796307537687,1510.6303417066736,976.8507109529048,183.00636717318343
B,352,295,postfreeze-evaluation,535.6643140758732,1516.5117089764885,980.8473949006153,183.10859415616866
B,352,296,postfreeze-evaluation,537.0697590831223,1522.400562619119,985.3308035359967,183.46421239917493
B,352,297,postfreeze-evaluation,538.4285261762479,1528.3541360623105,989.9256098860626,183.85459940545994
B,352,298,postfreeze-evaluation,540.2131663762282,1534.3160611005273,994.1028947242992,184.02048609677206
B,352,299,postfreeze-evaluation,540.6313902472951,1540.3451308460012,999.7137405987061,184.91596282291673
B,352,300,postfreeze-evaluation,541.8474371212013,1546.383498537642,1004.5360614164407,185.39094080678365
