atom,gamma_code,code_length,formula_length,length_match,translation,derivative,expected_derivative,derivative_match,closed_disk_image_bound,common_compact_containment,global_prefix_free,inventory_tags,inventory_filter_stage,candidate_target_calls
2,010,3,3,True,-3/16,1/8,1/8,True,5/16,True,True,prime_evaluator|fibonacci_control|all_integer_control|arbitrary_decidable_modular,post_freeze_evaluator,0
3,011,3,3,True,5/16,1/8,1/8,True,7/16,True,True,prime_evaluator|fibonacci_control|all_integer_control,post_freeze_evaluator,0
4,00100,5,5,True,-23/64,1/32,1/32,True,25/64,True,True,square_control|all_integer_control|arbitrary_decidable_modular,post_freeze_evaluator,0
5,00101,5,5,True,9/64,1/32,1/32,True,11/64,True,True,prime_evaluator|fibonacci_control|all_integer_control,post_freeze_evaluator,0
6,00110,5,5,True,-7/64,1/32,1/32,True,9/64,True,True,all_integer_control,post_freeze_evaluator,0
7,00111,5,5,True,25/64,1/32,1/32,True,27/64,True,True,prime_evaluator|all_integer_control,post_freeze_evaluator,0
8,0001000,7,7,True,-111/256,1/128,1/128,True,113/256,True,True,fibonacci_control|all_integer_control|arbitrary_decidable_modular,post_freeze_evaluator,0
9,0001001,7,7,True,17/256,1/128,1/128,True,19/256,True,True,square_control|all_integer_control|matched_density_hash|arbitrary_decidable_modular,post_freeze_evaluator,0
10,0001010,7,7,True,-47/256,1/128,1/128,True,49/256,True,True,all_integer_control,post_freeze_evaluator,0
11,0001011,7,7,True,81/256,1/128,1/128,True,83/256,True,True,prime_evaluator|all_integer_control|matched_density_seeded_random|arbitrary_decidable_modular,post_freeze_evaluator,0
12,0001100,7,7,True,-79/256,1/128,1/128,True,81/256,True,True,all_integer_control,post_freeze_evaluator,0
13,0001101,7,7,True,49/256,1/128,1/128,True,51/256,True,True,prime_evaluator|fibonacci_control|all_integer_control|matched_density_hash,post_freeze_evaluator,0
14,0001110,7,7,True,-15/256,1/128,1/128,True,17/256,True,True,all_integer_control,post_freeze_evaluator,0
15,0001111,7,7,True,113/256,1/128,1/128,True,115/256,True,True,all_integer_control|matched_density_seeded_random|arbitrary_decidable_modular,post_freeze_evaluator,0
16,000010000,9,9,True,-479/1024,1/512,1/512,True,481/1024,True,True,square_control|all_integer_control|arbitrary_decidable_modular,post_freeze_evaluator,0
17,000010001,9,9,True,33/1024,1/512,1/512,True,35/1024,True,True,prime_evaluator|all_integer_control,post_freeze_evaluator,0
18,000010010,9,9,True,-223/1024,1/512,1/512,True,225/1024,True,True,all_integer_control|arbitrary_decidable_modular,post_freeze_evaluator,0
19,000010011,9,9,True,289/1024,1/512,1/512,True,291/1024,True,True,prime_evaluator|all_integer_control,post_freeze_evaluator,0
20,000010100,9,9,True,-351/1024,1/512,1/512,True,353/1024,True,True,all_integer_control,post_freeze_evaluator,0
21,000010101,9,9,True,161/1024,1/512,1/512,True,163/1024,True,True,fibonacci_control|all_integer_control,post_freeze_evaluator,0
22,000010110,9,9,True,-95/1024,1/512,1/512,True,97/1024,True,True,all_integer_control|arbitrary_decidable_modular,post_freeze_evaluator,0
23,000010111,9,9,True,417/1024,1/512,1/512,True,419/1024,True,True,prime_evaluator|all_integer_control|arbitrary_decidable_modular,post_freeze_evaluator,0
24,000011000,9,9,True,-415/1024,1/512,1/512,True,417/1024,True,True,all_integer_control,post_freeze_evaluator,0
25,000011001,9,9,True,97/1024,1/512,1/512,True,99/1024,True,True,square_control|all_integer_control|arbitrary_decidable_modular,post_freeze_evaluator,0
26,000011010,9,9,True,-159/1024,1/512,1/512,True,161/1024,True,True,all_integer_control,post_freeze_evaluator,0
27,000011011,9,9,True,353/1024,1/512,1/512,True,355/1024,True,True,all_integer_control,post_freeze_evaluator,0
28,000011100,9,9,True,-287/1024,1/512,1/512,True,289/1024,True,True,all_integer_control|matched_density_hash,post_freeze_evaluator,0
29,000011101,9,9,True,225/1024,1/512,1/512,True,227/1024,True,True,prime_evaluator|all_integer_control|arbitrary_decidable_modular,post_freeze_evaluator,0
30,000011110,9,9,True,-31/1024,1/512,1/512,True,33/1024,True,True,all_integer_control|arbitrary_decidable_modular,post_freeze_evaluator,0
31,000011111,9,9,True,481/1024,1/512,1/512,True,483/1024,True,True,prime_evaluator|all_integer_control,post_freeze_evaluator,0
32,00000100000,11,11,True,-1983/4096,1/2048,1/2048,True,1985/4096,True,True,all_integer_control|arbitrary_decidable_modular,post_freeze_evaluator,0
33,00000100001,11,11,True,65/4096,1/2048,1/2048,True,67/4096,True,True,all_integer_control,post_freeze_evaluator,0
34,00000100010,11,11,True,-959/4096,1/2048,1/2048,True,961/4096,True,True,fibonacci_control|all_integer_control,post_freeze_evaluator,0
35,00000100011,11,11,True,1089/4096,1/2048,1/2048,True,1091/4096,True,True,all_integer_control,post_freeze_evaluator,0
36,00000100100,11,11,True,-1471/4096,1/2048,1/2048,True,1473/4096,True,True,square_control|all_integer_control|arbitrary_decidable_modular,post_freeze_evaluator,0
37,00000100101,11,11,True,577/4096,1/2048,1/2048,True,579/4096,True,True,prime_evaluator|all_integer_control|matched_density_seeded_random|arbitrary_decidable_modular,post_freeze_evaluator,0
38,00000100110,11,11,True,-447/4096,1/2048,1/2048,True,449/4096,True,True,all_integer_control,post_freeze_evaluator,0
39,00000100111,11,11,True,1601/4096,1/2048,1/2048,True,1603/4096,True,True,all_integer_control|arbitrary_decidable_modular,post_freeze_evaluator,0
40,00000101000,11,11,True,-1727/4096,1/2048,1/2048,True,1729/4096,True,True,all_integer_control,post_freeze_evaluator,0
41,00000101001,11,11,True,321/4096,1/2048,1/2048,True,323/4096,True,True,prime_evaluator|all_integer_control,post_freeze_evaluator,0
42,00000101010,11,11,True,-703/4096,1/2048,1/2048,True,705/4096,True,True,all_integer_control,post_freeze_evaluator,0
43,00000101011,11,11,True,1345/4096,1/2048,1/2048,True,1347/4096,True,True,prime_evaluator|all_integer_control|arbitrary_decidable_modular,post_freeze_evaluator,0
44,00000101100,11,11,True,-1215/4096,1/2048,1/2048,True,1217/4096,True,True,all_integer_control|matched_density_hash|arbitrary_decidable_modular,post_freeze_evaluator,0
45,00000101101,11,11,True,833/4096,1/2048,1/2048,True,835/4096,True,True,all_integer_control|matched_density_seeded_random,post_freeze_evaluator,0
46,00000101110,11,11,True,-191/4096,1/2048,1/2048,True,193/4096,True,True,all_integer_control|arbitrary_decidable_modular,post_freeze_evaluator,0
47,00000101111,11,11,True,1857/4096,1/2048,1/2048,True,1859/4096,True,True,prime_evaluator|all_integer_control,post_freeze_evaluator,0
48,00000110000,11,11,True,-1855/4096,1/2048,1/2048,True,1857/4096,True,True,all_integer_control|matched_density_hash,post_freeze_evaluator,0
49,00000110001,11,11,True,193/4096,1/2048,1/2048,True,195/4096,True,True,square_control|all_integer_control,post_freeze_evaluator,0
50,00000110010,11,11,True,-831/4096,1/2048,1/2048,True,833/4096,True,True,all_integer_control|arbitrary_decidable_modular,post_freeze_evaluator,0
51,00000110011,11,11,True,1217/4096,1/2048,1/2048,True,1219/4096,True,True,all_integer_control|matched_density_hash|arbitrary_decidable_modular,post_freeze_evaluator,0
52,00000110100,11,11,True,-1343/4096,1/2048,1/2048,True,1345/4096,True,True,all_integer_control,post_freeze_evaluator,0
53,00000110101,11,11,True,705/4096,1/2048,1/2048,True,707/4096,True,True,prime_evaluator|all_integer_control|arbitrary_decidable_modular,post_freeze_evaluator,0
54,00000110110,11,11,True,-319/4096,1/2048,1/2048,True,321/4096,True,True,all_integer_control,post_freeze_evaluator,0
55,00000110111,11,11,True,1729/4096,1/2048,1/2048,True,1731/4096,True,True,fibonacci_control|all_integer_control|matched_density_seeded_random,post_freeze_evaluator,0
56,00000111000,11,11,True,-1599/4096,1/2048,1/2048,True,1601/4096,True,True,all_integer_control,post_freeze_evaluator,0
57,00000111001,11,11,True,449/4096,1/2048,1/2048,True,451/4096,True,True,all_integer_control|arbitrary_decidable_modular,post_freeze_evaluator,0
58,00000111010,11,11,True,-575/4096,1/2048,1/2048,True,577/4096,True,True,all_integer_control|matched_density_hash|arbitrary_decidable_modular,post_freeze_evaluator,0
59,00000111011,11,11,True,1473/4096,1/2048,1/2048,True,1475/4096,True,True,prime_evaluator|all_integer_control,post_freeze_evaluator,0
60,00000111100,11,11,True,-1087/4096,1/2048,1/2048,True,1089/4096,True,True,all_integer_control|matched_density_hash|arbitrary_decidable_modular,post_freeze_evaluator,0
61,00000111101,11,11,True,961/4096,1/2048,1/2048,True,963/4096,True,True,prime_evaluator|all_integer_control,post_freeze_evaluator,0
62,00000111110,11,11,True,-63/4096,1/2048,1/2048,True,65/4096,True,True,all_integer_control|matched_density_seeded_random,post_freeze_evaluator,0
63,00000111111,11,11,True,1985/4096,1/2048,1/2048,True,1987/4096,True,True,all_integer_control,post_freeze_evaluator,0
64,0000001000000,13,13,True,-8063/16384,1/8192,1/8192,True,8065/16384,True,True,square_control|all_integer_control|matched_density_hash|arbitrary_decidable_modular,post_freeze_evaluator,0
65,0000001000001,13,13,True,129/16384,1/8192,1/8192,True,131/16384,True,True,all_integer_control|matched_density_seeded_random|arbitrary_decidable_modular,post_freeze_evaluator,0
66,0000001000010,13,13,True,-3967/16384,1/8192,1/8192,True,3969/16384,True,True,all_integer_control,post_freeze_evaluator,0
67,0000001000011,13,13,True,4225/16384,1/8192,1/8192,True,4227/16384,True,True,prime_evaluator|all_integer_control|arbitrary_decidable_modular,post_freeze_evaluator,0
68,0000001000100,13,13,True,-6015/16384,1/8192,1/8192,True,6017/16384,True,True,all_integer_control|matched_density_seeded_random,post_freeze_evaluator,0
69,0000001000101,13,13,True,2177/16384,1/8192,1/8192,True,2179/16384,True,True,all_integer_control,post_freeze_evaluator,0
70,0000001000110,13,13,True,-1919/16384,1/8192,1/8192,True,1921/16384,True,True,all_integer_control,post_freeze_evaluator,0
71,0000001000111,13,13,True,6273/16384,1/8192,1/8192,True,6275/16384,True,True,prime_evaluator|all_integer_control|arbitrary_decidable_modular,post_freeze_evaluator,0
72,0000001001000,13,13,True,-7039/16384,1/8192,1/8192,True,7041/16384,True,True,all_integer_control|arbitrary_decidable_modular,post_freeze_evaluator,0
73,0000001001001,13,13,True,1153/16384,1/8192,1/8192,True,1155/16384,True,True,prime_evaluator|all_integer_control,post_freeze_evaluator,0
74,0000001001010,13,13,True,-2943/16384,1/8192,1/8192,True,2945/16384,True,True,all_integer_control|matched_density_hash|arbitrary_decidable_modular,post_freeze_evaluator,0
75,0000001001011,13,13,True,5249/16384,1/8192,1/8192,True,5251/16384,True,True,all_integer_control|matched_density_hash,post_freeze_evaluator,0
76,0000001001100,13,13,True,-4991/16384,1/8192,1/8192,True,4993/16384,True,True,all_integer_control,post_freeze_evaluator,0
77,0000001001101,13,13,True,3201/16384,1/8192,1/8192,True,3203/16384,True,True,all_integer_control,post_freeze_evaluator,0
78,0000001001110,13,13,True,-895/16384,1/8192,1/8192,True,897/16384,True,True,all_integer_control|arbitrary_decidable_modular,post_freeze_evaluator,0
79,0000001001111,13,13,True,7297/16384,1/8192,1/8192,True,7299/16384,True,True,prime_evaluator|all_integer_control|arbitrary_decidable_modular,post_freeze_evaluator,0
80,0000001010000,13,13,True,-7551/16384,1/8192,1/8192,True,7553/16384,True,True,all_integer_control,post_freeze_evaluator,0
81,0000001010001,13,13,True,641/16384,1/8192,1/8192,True,643/16384,True,True,square_control|all_integer_control|arbitrary_decidable_modular,post_freeze_evaluator,0
82,0000001010010,13,13,True,-3455/16384,1/8192,1/8192,True,3457/16384,True,True,all_integer_control,post_freeze_evaluator,0
83,0000001010011,13,13,True,4737/16384,1/8192,1/8192,True,4739/16384,True,True,prime_evaluator|all_integer_control,post_freeze_evaluator,0
84,0000001010100,13,13,True,-5503/16384,1/8192,1/8192,True,5505/16384,True,True,all_integer_control,post_freeze_evaluator,0
85,0000001010101,13,13,True,2689/16384,1/8192,1/8192,True,2691/16384,True,True,all_integer_control|arbitrary_decidable_modular,post_freeze_evaluator,0
86,0000001010110,13,13,True,-1407/16384,1/8192,1/8192,True,1409/16384,True,True,all_integer_control|arbitrary_decidable_modular,post_freeze_evaluator,0
87,0000001010111,13,13,True,6785/16384,1/8192,1/8192,True,6787/16384,True,True,all_integer_control,post_freeze_evaluator,0
88,0000001011000,13,13,True,-6527/16384,1/8192,1/8192,True,6529/16384,True,True,all_integer_control|matched_density_seeded_random|arbitrary_decidable_modular,post_freeze_evaluator,0
89,0000001011001,13,13,True,1665/16384,1/8192,1/8192,True,1667/16384,True,True,prime_evaluator|fibonacci_control|all_integer_control,post_freeze_evaluator,0
90,0000001011010,13,13,True,-2431/16384,1/8192,1/8192,True,2433/16384,True,True,all_integer_control,post_freeze_evaluator,0
91,0000001011011,13,13,True,5761/16384,1/8192,1/8192,True,5763/16384,True,True,all_integer_control|matched_density_seeded_random,post_freeze_evaluator,0
92,0000001011100,13,13,True,-4479/16384,1/8192,1/8192,True,4481/16384,True,True,all_integer_control|arbitrary_decidable_modular,post_freeze_evaluator,0
93,0000001011101,13,13,True,3713/16384,1/8192,1/8192,True,3715/16384,True,True,all_integer_control|arbitrary_decidable_modular,post_freeze_evaluator,0
94,0000001011110,13,13,True,-383/16384,1/8192,1/8192,True,385/16384,True,True,all_integer_control,post_freeze_evaluator,0
95,0000001011111,13,13,True,7809/16384,1/8192,1/8192,True,7811/16384,True,True,all_integer_control|matched_density_seeded_random|arbitrary_decidable_modular,post_freeze_evaluator,0
96,0000001100000,13,13,True,-7807/16384,1/8192,1/8192,True,7809/16384,True,True,all_integer_control,post_freeze_evaluator,0
97,0000001100001,13,13,True,385/16384,1/8192,1/8192,True,387/16384,True,True,prime_evaluator|all_integer_control|matched_density_hash,post_freeze_evaluator,0
98,0000001100010,13,13,True,-3711/16384,1/8192,1/8192,True,3713/16384,True,True,all_integer_control,post_freeze_evaluator,0
99,0000001100011,13,13,True,4481/16384,1/8192,1/8192,True,4483/16384,True,True,all_integer_control|arbitrary_decidable_modular,post_freeze_evaluator,0
100,0000001100100,13,13,True,-5759/16384,1/8192,1/8192,True,5761/16384,True,True,square_control|all_integer_control|arbitrary_decidable_modular,post_freeze_evaluator,0
101,0000001100101,13,13,True,2433/16384,1/8192,1/8192,True,2435/16384,True,True,prime_evaluator|all_integer_control,post_freeze_evaluator,0
102,0000001100110,13,13,True,-1663/16384,1/8192,1/8192,True,1665/16384,True,True,all_integer_control|matched_density_seeded_random|matched_density_hash|arbitrary_decidable_modular,post_freeze_evaluator,0
103,0000001100111,13,13,True,6529/16384,1/8192,1/8192,True,6531/16384,True,True,prime_evaluator|all_integer_control,post_freeze_evaluator,0
104,0000001101000,13,13,True,-6783/16384,1/8192,1/8192,True,6785/16384,True,True,all_integer_control,post_freeze_evaluator,0
105,0000001101001,13,13,True,1409/16384,1/8192,1/8192,True,1411/16384,True,True,all_integer_control,post_freeze_evaluator,0
106,0000001101010,13,13,True,-2687/16384,1/8192,1/8192,True,2689/16384,True,True,all_integer_control|arbitrary_decidable_modular,post_freeze_evaluator,0
107,0000001101011,13,13,True,5505/16384,1/8192,1/8192,True,5507/16384,True,True,prime_evaluator|all_integer_control|matched_density_seeded_random|arbitrary_decidable_modular,post_freeze_evaluator,0
108,0000001101100,13,13,True,-4735/16384,1/8192,1/8192,True,4737/16384,True,True,all_integer_control|matched_density_hash,post_freeze_evaluator,0
109,0000001101101,13,13,True,3457/16384,1/8192,1/8192,True,3459/16384,True,True,prime_evaluator|all_integer_control|arbitrary_decidable_modular,post_freeze_evaluator,0
110,0000001101110,13,13,True,-639/16384,1/8192,1/8192,True,641/16384,True,True,all_integer_control,post_freeze_evaluator,0
111,0000001101111,13,13,True,7553/16384,1/8192,1/8192,True,7555/16384,True,True,all_integer_control,post_freeze_evaluator,0
112,0000001110000,13,13,True,-7295/16384,1/8192,1/8192,True,7297/16384,True,True,all_integer_control,post_freeze_evaluator,0
113,0000001110001,13,13,True,897/16384,1/8192,1/8192,True,899/16384,True,True,prime_evaluator|all_integer_control|arbitrary_decidable_modular,post_freeze_evaluator,0
114,0000001110010,13,13,True,-3199/16384,1/8192,1/8192,True,3201/16384,True,True,all_integer_control|matched_density_seeded_random|arbitrary_decidable_modular,post_freeze_evaluator,0
115,0000001110011,13,13,True,4993/16384,1/8192,1/8192,True,4995/16384,True,True,all_integer_control,post_freeze_evaluator,0
116,0000001110100,13,13,True,-5247/16384,1/8192,1/8192,True,5249/16384,True,True,all_integer_control|arbitrary_decidable_modular,post_freeze_evaluator,0
117,0000001110101,13,13,True,2945/16384,1/8192,1/8192,True,2947/16384,True,True,all_integer_control,post_freeze_evaluator,0
118,0000001110110,13,13,True,-1151/16384,1/8192,1/8192,True,1153/16384,True,True,all_integer_control,post_freeze_evaluator,0
119,0000001110111,13,13,True,7041/16384,1/8192,1/8192,True,7043/16384,True,True,all_integer_control,post_freeze_evaluator,0
120,0000001111000,13,13,True,-6271/16384,1/8192,1/8192,True,6273/16384,True,True,all_integer_control|arbitrary_decidable_modular,post_freeze_evaluator,0
121,0000001111001,13,13,True,1921/16384,1/8192,1/8192,True,1923/16384,True,True,square_control|all_integer_control|arbitrary_decidable_modular,post_freeze_evaluator,0
122,0000001111010,13,13,True,-2175/16384,1/8192,1/8192,True,2177/16384,True,True,all_integer_control,post_freeze_evaluator,0
123,0000001111011,13,13,True,6017/16384,1/8192,1/8192,True,6019/16384,True,True,all_integer_control|arbitrary_decidable_modular,post_freeze_evaluator,0
124,0000001111100,13,13,True,-4223/16384,1/8192,1/8192,True,4225/16384,True,True,all_integer_control,post_freeze_evaluator,0
125,0000001111101,13,13,True,3969/16384,1/8192,1/8192,True,3971/16384,True,True,all_integer_control,post_freeze_evaluator,0
126,0000001111110,13,13,True,-127/16384,1/8192,1/8192,True,129/16384,True,True,all_integer_control,post_freeze_evaluator,0
127,0000001111111,13,13,True,8065/16384,1/8192,1/8192,True,8067/16384,True,True,prime_evaluator|all_integer_control|arbitrary_decidable_modular,post_freeze_evaluator,0
128,000000010000000,15,15,True,-32511/65536,1/32768,1/32768,True,32513/65536,True,True,all_integer_control|matched_density_seeded_random|arbitrary_decidable_modular,post_freeze_evaluator,0
129,000000010000001,15,15,True,257/65536,1/32768,1/32768,True,259/65536,True,True,all_integer_control|matched_density_hash,post_freeze_evaluator,0
130,000000010000010,15,15,True,-16127/65536,1/32768,1/32768,True,16129/65536,True,True,all_integer_control|matched_density_seeded_random|arbitrary_decidable_modular,post_freeze_evaluator,0
131,000000010000011,15,15,True,16641/65536,1/32768,1/32768,True,16643/65536,True,True,prime_evaluator|all_integer_control,post_freeze_evaluator,0
132,000000010000100,15,15,True,-24319/65536,1/32768,1/32768,True,24321/65536,True,True,all_integer_control,post_freeze_evaluator,0
133,000000010000101,15,15,True,8449/65536,1/32768,1/32768,True,8451/65536,True,True,all_integer_control,post_freeze_evaluator,0
134,000000010000110,15,15,True,-7935/65536,1/32768,1/32768,True,7937/65536,True,True,all_integer_control|matched_density_hash|arbitrary_decidable_modular,post_freeze_evaluator,0
135,000000010000111,15,15,True,24833/65536,1/32768,1/32768,True,24835/65536,True,True,all_integer_control|matched_density_hash|arbitrary_decidable_modular,post_freeze_evaluator,0
136,000000010001000,15,15,True,-28415/65536,1/32768,1/32768,True,28417/65536,True,True,all_integer_control,post_freeze_evaluator,0
137,000000010001001,15,15,True,4353/65536,1/32768,1/32768,True,4355/65536,True,True,prime_evaluator|all_integer_control|arbitrary_decidable_modular,post_freeze_evaluator,0
138,000000010001010,15,15,True,-12031/65536,1/32768,1/32768,True,12033/65536,True,True,all_integer_control,post_freeze_evaluator,0
139,000000010001011,15,15,True,20737/65536,1/32768,1/32768,True,20739/65536,True,True,prime_evaluator|all_integer_control,post_freeze_evaluator,0
140,000000010001100,15,15,True,-20223/65536,1/32768,1/32768,True,20225/65536,True,True,all_integer_control,post_freeze_evaluator,0
141,000000010001101,15,15,True,12545/65536,1/32768,1/32768,True,12547/65536,True,True,all_integer_control|matched_density_seeded_random|arbitrary_decidable_modular,post_freeze_evaluator,0
142,000000010001110,15,15,True,-3839/65536,1/32768,1/32768,True,3841/65536,True,True,all_integer_control|matched_density_seeded_random|matched_density_hash|arbitrary_decidable_modular,post_freeze_evaluator,0
143,000000010001111,15,15,True,28929/65536,1/32768,1/32768,True,28931/65536,True,True,all_integer_control,post_freeze_evaluator,0
144,000000010010000,15,15,True,-30463/65536,1/32768,1/32768,True,30465/65536,True,True,square_control|fibonacci_control|all_integer_control|matched_density_seeded_random|arbitrary_decidable_modular,post_freeze_evaluator,0
145,000000010010001,15,15,True,2305/65536,1/32768,1/32768,True,2307/65536,True,True,all_integer_control,post_freeze_evaluator,0
146,000000010010010,15,15,True,-14079/65536,1/32768,1/32768,True,14081/65536,True,True,all_integer_control|matched_density_hash,post_freeze_evaluator,0
147,000000010010011,15,15,True,18689/65536,1/32768,1/32768,True,18691/65536,True,True,all_integer_control,post_freeze_evaluator,0
148,000000010010100,15,15,True,-22271/65536,1/32768,1/32768,True,22273/65536,True,True,all_integer_control|matched_density_hash|arbitrary_decidable_modular,post_freeze_evaluator,0
149,000000010010101,15,15,True,10497/65536,1/32768,1/32768,True,10499/65536,True,True,prime_evaluator|all_integer_control|matched_density_hash|arbitrary_decidable_modular,post_freeze_evaluator,0
150,000000010010110,15,15,True,-5887/65536,1/32768,1/32768,True,5889/65536,True,True,all_integer_control,post_freeze_evaluator,0
151,000000010010111,15,15,True,26881/65536,1/32768,1/32768,True,26883/65536,True,True,prime_evaluator|all_integer_control|arbitrary_decidable_modular,post_freeze_evaluator,0
152,000000010011000,15,15,True,-26367/65536,1/32768,1/32768,True,26369/65536,True,True,all_integer_control,post_freeze_evaluator,0
153,000000010011001,15,15,True,6401/65536,1/32768,1/32768,True,6403/65536,True,True,all_integer_control|matched_density_seeded_random,post_freeze_evaluator,0
154,000000010011010,15,15,True,-9983/65536,1/32768,1/32768,True,9985/65536,True,True,all_integer_control,post_freeze_evaluator,0
155,000000010011011,15,15,True,22785/65536,1/32768,1/32768,True,22787/65536,True,True,all_integer_control|arbitrary_decidable_modular,post_freeze_evaluator,0
156,000000010011100,15,15,True,-18175/65536,1/32768,1/32768,True,18177/65536,True,True,all_integer_control|arbitrary_decidable_modular,post_freeze_evaluator,0
157,000000010011101,15,15,True,14593/65536,1/32768,1/32768,True,14595/65536,True,True,prime_evaluator|all_integer_control,post_freeze_evaluator,0
158,000000010011110,15,15,True,-1791/65536,1/32768,1/32768,True,1793/65536,True,True,all_integer_control|matched_density_hash|arbitrary_decidable_modular,post_freeze_evaluator,0
159,000000010011111,15,15,True,30977/65536,1/32768,1/32768,True,30979/65536,True,True,all_integer_control,post_freeze_evaluator,0
160,000000010100000,15,15,True,-31487/65536,1/32768,1/32768,True,31489/65536,True,True,all_integer_control,post_freeze_evaluator,0
161,000000010100001,15,15,True,1281/65536,1/32768,1/32768,True,1283/65536,True,True,all_integer_control,post_freeze_evaluator,0
162,000000010100010,15,15,True,-15103/65536,1/32768,1/32768,True,15105/65536,True,True,all_integer_control|arbitrary_decidable_modular,post_freeze_evaluator,0
163,000000010100011,15,15,True,17665/65536,1/32768,1/32768,True,17667/65536,True,True,prime_evaluator|all_integer_control|arbitrary_decidable_modular,post_freeze_evaluator,0
164,000000010100100,15,15,True,-23295/65536,1/32768,1/32768,True,23297/65536,True,True,all_integer_control,post_freeze_evaluator,0
165,000000010100101,15,15,True,9473/65536,1/32768,1/32768,True,9475/65536,True,True,all_integer_control|matched_density_hash|arbitrary_decidable_modular,post_freeze_evaluator,0
166,000000010100110,15,15,True,-6911/65536,1/32768,1/32768,True,6913/65536,True,True,all_integer_control,post_freeze_evaluator,0
167,000000010100111,15,15,True,25857/65536,1/32768,1/32768,True,25859/65536,True,True,prime_evaluator|all_integer_control,post_freeze_evaluator,0
168,000000010101000,15,15,True,-27391/65536,1/32768,1/32768,True,27393/65536,True,True,all_integer_control|matched_density_seeded_random|matched_density_hash,post_freeze_evaluator,0
169,000000010101001,15,15,True,5377/65536,1/32768,1/32768,True,5379/65536,True,True,square_control|all_integer_control|matched_density_seeded_random|matched_density_hash|arbitrary_decidable_modular,post_freeze_evaluator,0
170,000000010101010,15,15,True,-11007/65536,1/32768,1/32768,True,11009/65536,True,True,all_integer_control|matched_density_seeded_random|arbitrary_decidable_modular,post_freeze_evaluator,0
171,000000010101011,15,15,True,21761/65536,1/32768,1/32768,True,21763/65536,True,True,all_integer_control,post_freeze_evaluator,0
172,000000010101100,15,15,True,-19199/65536,1/32768,1/32768,True,19201/65536,True,True,all_integer_control|arbitrary_decidable_modular,post_freeze_evaluator,0
173,000000010101101,15,15,True,13569/65536,1/32768,1/32768,True,13571/65536,True,True,prime_evaluator|all_integer_control|matched_density_seeded_random,post_freeze_evaluator,0
174,000000010101110,15,15,True,-2815/65536,1/32768,1/32768,True,2817/65536,True,True,all_integer_control|matched_density_seeded_random,post_freeze_evaluator,0
175,000000010101111,15,15,True,29953/65536,1/32768,1/32768,True,29955/65536,True,True,all_integer_control|matched_density_hash,post_freeze_evaluator,0
176,000000010110000,15,15,True,-29439/65536,1/32768,1/32768,True,29441/65536,True,True,all_integer_control|arbitrary_decidable_modular,post_freeze_evaluator,0
177,000000010110001,15,15,True,3329/65536,1/32768,1/32768,True,3331/65536,True,True,all_integer_control|arbitrary_decidable_modular,post_freeze_evaluator,0
178,000000010110010,15,15,True,-13055/65536,1/32768,1/32768,True,13057/65536,True,True,all_integer_control,post_freeze_evaluator,0
179,000000010110011,15,15,True,19713/65536,1/32768,1/32768,True,19715/65536,True,True,prime_evaluator|all_integer_control|matched_density_hash|arbitrary_decidable_modular,post_freeze_evaluator,0
180,000000010110100,15,15,True,-21247/65536,1/32768,1/32768,True,21249/65536,True,True,all_integer_control,post_freeze_evaluator,0
181,000000010110101,15,15,True,11521/65536,1/32768,1/32768,True,11523/65536,True,True,prime_evaluator|all_integer_control,post_freeze_evaluator,0
182,000000010110110,15,15,True,-4863/65536,1/32768,1/32768,True,4865/65536,True,True,all_integer_control,post_freeze_evaluator,0
183,000000010110111,15,15,True,27905/65536,1/32768,1/32768,True,27907/65536,True,True,all_integer_control|arbitrary_decidable_modular,post_freeze_evaluator,0
184,000000010111000,15,15,True,-25343/65536,1/32768,1/32768,True,25345/65536,True,True,all_integer_control|arbitrary_decidable_modular,post_freeze_evaluator,0
185,000000010111001,15,15,True,7425/65536,1/32768,1/32768,True,7427/65536,True,True,all_integer_control,post_freeze_evaluator,0
186,000000010111010,15,15,True,-8959/65536,1/32768,1/32768,True,8961/65536,True,True,all_integer_control|matched_density_hash|arbitrary_decidable_modular,post_freeze_evaluator,0
187,000000010111011,15,15,True,23809/65536,1/32768,1/32768,True,23811/65536,True,True,all_integer_control|matched_density_seeded_random,post_freeze_evaluator,0
188,000000010111100,15,15,True,-17151/65536,1/32768,1/32768,True,17153/65536,True,True,all_integer_control,post_freeze_evaluator,0
189,000000010111101,15,15,True,15617/65536,1/32768,1/32768,True,15619/65536,True,True,all_integer_control|matched_density_seeded_random,post_freeze_evaluator,0
190,000000010111110,15,15,True,-767/65536,1/32768,1/32768,True,769/65536,True,True,all_integer_control|arbitrary_decidable_modular,post_freeze_evaluator,0
191,000000010111111,15,15,True,32001/65536,1/32768,1/32768,True,32003/65536,True,True,prime_evaluator|all_integer_control|arbitrary_decidable_modular,post_freeze_evaluator,0
192,000000011000000,15,15,True,-31999/65536,1/32768,1/32768,True,32001/65536,True,True,all_integer_control,post_freeze_evaluator,0
193,000000011000001,15,15,True,769/65536,1/32768,1/32768,True,771/65536,True,True,prime_evaluator|all_integer_control|arbitrary_decidable_modular,post_freeze_evaluator,0
194,000000011000010,15,15,True,-15615/65536,1/32768,1/32768,True,15617/65536,True,True,all_integer_control,post_freeze_evaluator,0
195,000000011000011,15,15,True,17153/65536,1/32768,1/32768,True,17155/65536,True,True,all_integer_control,post_freeze_evaluator,0
196,000000011000100,15,15,True,-23807/65536,1/32768,1/32768,True,23809/65536,True,True,square_control|all_integer_control,post_freeze_evaluator,0
197,000000011000101,15,15,True,8961/65536,1/32768,1/32768,True,8963/65536,True,True,prime_evaluator|all_integer_control|arbitrary_decidable_modular,post_freeze_evaluator,0
198,000000011000110,15,15,True,-7423/65536,1/32768,1/32768,True,7425/65536,True,True,all_integer_control|matched_density_seeded_random|arbitrary_decidable_modular,post_freeze_evaluator,0
199,000000011000111,15,15,True,25345/65536,1/32768,1/32768,True,25347/65536,True,True,prime_evaluator|all_integer_control,post_freeze_evaluator,0
200,000000011001000,15,15,True,-27903/65536,1/32768,1/32768,True,27905/65536,True,True,all_integer_control|arbitrary_decidable_modular,post_freeze_evaluator,0
201,000000011001001,15,15,True,4865/65536,1/32768,1/32768,True,4867/65536,True,True,all_integer_control,post_freeze_evaluator,0
202,000000011001010,15,15,True,-11519/65536,1/32768,1/32768,True,11521/65536,True,True,all_integer_control,post_freeze_evaluator,0
203,000000011001011,15,15,True,21249/65536,1/32768,1/32768,True,21251/65536,True,True,all_integer_control,post_freeze_evaluator,0
204,000000011001100,15,15,True,-19711/65536,1/32768,1/32768,True,19713/65536,True,True,all_integer_control|arbitrary_decidable_modular,post_freeze_evaluator,0
205,000000011001101,15,15,True,13057/65536,1/32768,1/32768,True,13059/65536,True,True,all_integer_control|arbitrary_decidable_modular,post_freeze_evaluator,0
206,000000011001110,15,15,True,-3327/65536,1/32768,1/32768,True,3329/65536,True,True,all_integer_control,post_freeze_evaluator,0
207,000000011001111,15,15,True,29441/65536,1/32768,1/32768,True,29443/65536,True,True,all_integer_control|matched_density_hash|arbitrary_decidable_modular,post_freeze_evaluator,0
208,000000011010000,15,15,True,-29951/65536,1/32768,1/32768,True,29953/65536,True,True,all_integer_control,post_freeze_evaluator,0
209,000000011010001,15,15,True,2817/65536,1/32768,1/32768,True,2819/65536,True,True,all_integer_control,post_freeze_evaluator,0
210,000000011010010,15,15,True,-13567/65536,1/32768,1/32768,True,13569/65536,True,True,all_integer_control,post_freeze_evaluator,0
211,000000011010011,15,15,True,19201/65536,1/32768,1/32768,True,19203/65536,True,True,prime_evaluator|all_integer_control|matched_density_hash|arbitrary_decidable_modular,post_freeze_evaluator,0
212,000000011010100,15,15,True,-21759/65536,1/32768,1/32768,True,21761/65536,True,True,all_integer_control|matched_density_seeded_random|arbitrary_decidable_modular,post_freeze_evaluator,0
213,000000011010101,15,15,True,11009/65536,1/32768,1/32768,True,11011/65536,True,True,all_integer_control,post_freeze_evaluator,0
214,000000011010110,15,15,True,-5375/65536,1/32768,1/32768,True,5377/65536,True,True,all_integer_control|arbitrary_decidable_modular,post_freeze_evaluator,0
215,000000011010111,15,15,True,27393/65536,1/32768,1/32768,True,27395/65536,True,True,all_integer_control,post_freeze_evaluator,0
216,000000011011000,15,15,True,-25855/65536,1/32768,1/32768,True,25857/65536,True,True,all_integer_control,post_freeze_evaluator,0
217,000000011011001,15,15,True,6913/65536,1/32768,1/32768,True,6915/65536,True,True,all_integer_control,post_freeze_evaluator,0
218,000000011011010,15,15,True,-9471/65536,1/32768,1/32768,True,9473/65536,True,True,all_integer_control|arbitrary_decidable_modular,post_freeze_evaluator,0
219,000000011011011,15,15,True,23297/65536,1/32768,1/32768,True,23299/65536,True,True,all_integer_control|arbitrary_decidable_modular,post_freeze_evaluator,0
220,000000011011100,15,15,True,-17663/65536,1/32768,1/32768,True,17665/65536,True,True,all_integer_control,post_freeze_evaluator,0
221,000000011011101,15,15,True,15105/65536,1/32768,1/32768,True,15107/65536,True,True,all_integer_control|arbitrary_decidable_modular,post_freeze_evaluator,0
222,000000011011110,15,15,True,-1279/65536,1/32768,1/32768,True,1281/65536,True,True,all_integer_control|matched_density_hash,post_freeze_evaluator,0
223,000000011011111,15,15,True,31489/65536,1/32768,1/32768,True,31491/65536,True,True,prime_evaluator|all_integer_control|matched_density_seeded_random,post_freeze_evaluator,0
224,000000011100000,15,15,True,-30975/65536,1/32768,1/32768,True,30977/65536,True,True,all_integer_control|matched_density_seeded_random,post_freeze_evaluator,0
225,000000011100001,15,15,True,1793/65536,1/32768,1/32768,True,1795/65536,True,True,square_control|all_integer_control|arbitrary_decidable_modular,post_freeze_evaluator,0
226,000000011100010,15,15,True,-14591/65536,1/32768,1/32768,True,14593/65536,True,True,all_integer_control|arbitrary_decidable_modular,post_freeze_evaluator,0
227,000000011100011,15,15,True,18177/65536,1/32768,1/32768,True,18179/65536,True,True,prime_evaluator|all_integer_control|matched_density_seeded_random,post_freeze_evaluator,0
228,000000011100100,15,15,True,-22783/65536,1/32768,1/32768,True,22785/65536,True,True,all_integer_control|arbitrary_decidable_modular,post_freeze_evaluator,0
229,000000011100101,15,15,True,9985/65536,1/32768,1/32768,True,9987/65536,True,True,prime_evaluator|all_integer_control,post_freeze_evaluator,0
230,000000011100110,15,15,True,-6399/65536,1/32768,1/32768,True,6401/65536,True,True,all_integer_control,post_freeze_evaluator,0
231,000000011100111,15,15,True,26369/65536,1/32768,1/32768,True,26371/65536,True,True,all_integer_control|matched_density_hash,post_freeze_evaluator,0
232,000000011101000,15,15,True,-26879/65536,1/32768,1/32768,True,26881/65536,True,True,all_integer_control|arbitrary_decidable_modular,post_freeze_evaluator,0
233,000000011101001,15,15,True,5889/65536,1/32768,1/32768,True,5891/65536,True,True,prime_evaluator|fibonacci_control|all_integer_control|arbitrary_decidable_modular,post_freeze_evaluator,0
234,000000011101010,15,15,True,-10495/65536,1/32768,1/32768,True,10497/65536,True,True,all_integer_control|matched_density_seeded_random,post_freeze_evaluator,0
235,000000011101011,15,15,True,22273/65536,1/32768,1/32768,True,22275/65536,True,True,all_integer_control|arbitrary_decidable_modular,post_freeze_evaluator,0
236,000000011101100,15,15,True,-18687/65536,1/32768,1/32768,True,18689/65536,True,True,all_integer_control,post_freeze_evaluator,0
237,000000011101101,15,15,True,14081/65536,1/32768,1/32768,True,14083/65536,True,True,all_integer_control,post_freeze_evaluator,0
238,000000011101110,15,15,True,-2303/65536,1/32768,1/32768,True,2305/65536,True,True,all_integer_control,post_freeze_evaluator,0
239,000000011101111,15,15,True,30465/65536,1/32768,1/32768,True,30467/65536,True,True,prime_evaluator|all_integer_control|matched_density_hash|arbitrary_decidable_modular,post_freeze_evaluator,0
240,000000011110000,15,15,True,-28927/65536,1/32768,1/32768,True,28929/65536,True,True,all_integer_control|matched_density_seeded_random|matched_density_hash|arbitrary_decidable_modular,post_freeze_evaluator,0
241,000000011110001,15,15,True,3841/65536,1/32768,1/32768,True,3843/65536,True,True,prime_evaluator|all_integer_control|matched_density_seeded_random,post_freeze_evaluator,0
242,000000011110010,15,15,True,-12543/65536,1/32768,1/32768,True,12545/65536,True,True,all_integer_control|arbitrary_decidable_modular,post_freeze_evaluator,0
243,000000011110011,15,15,True,20225/65536,1/32768,1/32768,True,20227/65536,True,True,all_integer_control,post_freeze_evaluator,0
244,000000011110100,15,15,True,-20735/65536,1/32768,1/32768,True,20737/65536,True,True,all_integer_control,post_freeze_evaluator,0
245,000000011110101,15,15,True,12033/65536,1/32768,1/32768,True,12035/65536,True,True,all_integer_control,post_freeze_evaluator,0
246,000000011110110,15,15,True,-4351/65536,1/32768,1/32768,True,4353/65536,True,True,all_integer_control|arbitrary_decidable_modular,post_freeze_evaluator,0
247,000000011110111,15,15,True,28417/65536,1/32768,1/32768,True,28419/65536,True,True,all_integer_control|arbitrary_decidable_modular,post_freeze_evaluator,0
248,000000011111000,15,15,True,-24831/65536,1/32768,1/32768,True,24833/65536,True,True,all_integer_control,post_freeze_evaluator,0
249,000000011111001,15,15,True,7937/65536,1/32768,1/32768,True,7939/65536,True,True,all_integer_control|arbitrary_decidable_modular,post_freeze_evaluator,0
250,000000011111010,15,15,True,-8447/65536,1/32768,1/32768,True,8449/65536,True,True,all_integer_control,post_freeze_evaluator,0
251,000000011111011,15,15,True,24321/65536,1/32768,1/32768,True,24323/65536,True,True,prime_evaluator|all_integer_control,post_freeze_evaluator,0
252,000000011111100,15,15,True,-16639/65536,1/32768,1/32768,True,16641/65536,True,True,all_integer_control,post_freeze_evaluator,0
253,000000011111101,15,15,True,16129/65536,1/32768,1/32768,True,16131/65536,True,True,all_integer_control|arbitrary_decidable_modular,post_freeze_evaluator,0
254,000000011111110,15,15,True,-255/65536,1/32768,1/32768,True,257/65536,True,True,all_integer_control|arbitrary_decidable_modular,post_freeze_evaluator,0
255,000000011111111,15,15,True,32513/65536,1/32768,1/32768,True,32515/65536,True,True,all_integer_control,post_freeze_evaluator,0
256,00000000100000000,17,17,True,-130559/262144,1/131072,1/131072,True,130561/262144,True,True,square_control|all_integer_control|matched_density_seeded_random|arbitrary_decidable_modular,post_freeze_evaluator,0
257,00000000100000001,17,17,True,513/262144,1/131072,1/131072,True,515/262144,True,True,prime_evaluator|all_integer_control|matched_density_hash,post_freeze_evaluator,0
258,00000000100000010,17,17,True,-65023/262144,1/131072,1/131072,True,65025/262144,True,True,all_integer_control|matched_density_seeded_random|matched_density_hash,post_freeze_evaluator,0
259,00000000100000011,17,17,True,66049/262144,1/131072,1/131072,True,66051/262144,True,True,all_integer_control,post_freeze_evaluator,0
260,00000000100000100,17,17,True,-97791/262144,1/131072,1/131072,True,97793/262144,True,True,all_integer_control|matched_density_seeded_random|arbitrary_decidable_modular,post_freeze_evaluator,0
261,00000000100000101,17,17,True,33281/262144,1/131072,1/131072,True,33283/262144,True,True,all_integer_control|arbitrary_decidable_modular,post_freeze_evaluator,0
262,00000000100000110,17,17,True,-32255/262144,1/131072,1/131072,True,32257/262144,True,True,all_integer_control,post_freeze_evaluator,0
263,00000000100000111,17,17,True,98817/262144,1/131072,1/131072,True,98819/262144,True,True,prime_evaluator|all_integer_control|matched_density_hash|arbitrary_decidable_modular,post_freeze_evaluator,0
264,00000000100001000,17,17,True,-114175/262144,1/131072,1/131072,True,114177/262144,True,True,all_integer_control|matched_density_seeded_random,post_freeze_evaluator,0
265,00000000100001001,17,17,True,16897/262144,1/131072,1/131072,True,16899/262144,True,True,all_integer_control,post_freeze_evaluator,0
266,00000000100001010,17,17,True,-48639/262144,1/131072,1/131072,True,48641/262144,True,True,all_integer_control,post_freeze_evaluator,0
267,00000000100001011,17,17,True,82433/262144,1/131072,1/131072,True,82435/262144,True,True,all_integer_control|arbitrary_decidable_modular,post_freeze_evaluator,0
268,00000000100001100,17,17,True,-81407/262144,1/131072,1/131072,True,81409/262144,True,True,all_integer_control|arbitrary_decidable_modular,post_freeze_evaluator,0
269,00000000100001101,17,17,True,49665/262144,1/131072,1/131072,True,49667/262144,True,True,prime_evaluator|all_integer_control|matched_density_hash,post_freeze_evaluator,0
270,00000000100001110,17,17,True,-15871/262144,1/131072,1/131072,True,15873/262144,True,True,all_integer_control|matched_density_seeded_random|arbitrary_decidable_modular,post_freeze_evaluator,0
271,00000000100001111,17,17,True,115201/262144,1/131072,1/131072,True,115203/262144,True,True,prime_evaluator|all_integer_control,post_freeze_evaluator,0
272,00000000100010000,17,17,True,-122367/262144,1/131072,1/131072,True,122369/262144,True,True,all_integer_control,post_freeze_evaluator,0
273,00000000100010001,17,17,True,8705/262144,1/131072,1/131072,True,8707/262144,True,True,all_integer_control,post_freeze_evaluator,0
274,00000000100010010,17,17,True,-56831/262144,1/131072,1/131072,True,56833/262144,True,True,all_integer_control|arbitrary_decidable_modular,post_freeze_evaluator,0
275,00000000100010011,17,17,True,74241/262144,1/131072,1/131072,True,74243/262144,True,True,all_integer_control|arbitrary_decidable_modular,post_freeze_evaluator,0
276,00000000100010100,17,17,True,-89599/262144,1/131072,1/131072,True,89601/262144,True,True,all_integer_control,post_freeze_evaluator,0
277,00000000100010101,17,17,True,41473/262144,1/131072,1/131072,True,41475/262144,True,True,prime_evaluator|all_integer_control|arbitrary_decidable_modular,post_freeze_evaluator,0
278,00000000100010110,17,17,True,-24063/262144,1/131072,1/131072,True,24065/262144,True,True,all_integer_control,post_freeze_evaluator,0
279,00000000100010111,17,17,True,107009/262144,1/131072,1/131072,True,107011/262144,True,True,all_integer_control,post_freeze_evaluator,0
280,00000000100011000,17,17,True,-105983/262144,1/131072,1/131072,True,105985/262144,True,True,all_integer_control,post_freeze_evaluator,0
281,00000000100011001,17,17,True,25089/262144,1/131072,1/131072,True,25091/262144,True,True,prime_evaluator|all_integer_control|arbitrary_decidable_modular,post_freeze_evaluator,0
282,00000000100011010,17,17,True,-40447/262144,1/131072,1/131072,True,40449/262144,True,True,all_integer_control|matched_density_seeded_random|arbitrary_decidable_modular,post_freeze_evaluator,0
283,00000000100011011,17,17,True,90625/262144,1/131072,1/131072,True,90627/262144,True,True,prime_evaluator|all_integer_control|matched_density_seeded_random|matched_density_hash,post_freeze_evaluator,0
284,00000000100011100,17,17,True,-73215/262144,1/131072,1/131072,True,73217/262144,True,True,all_integer_control|matched_density_seeded_random|arbitrary_decidable_modular,post_freeze_evaluator,0
285,00000000100011101,17,17,True,57857/262144,1/131072,1/131072,True,57859/262144,True,True,all_integer_control|matched_density_seeded_random,post_freeze_evaluator,0
286,00000000100011110,17,17,True,-7679/262144,1/131072,1/131072,True,7681/262144,True,True,all_integer_control,post_freeze_evaluator,0
287,00000000100011111,17,17,True,123393/262144,1/131072,1/131072,True,123395/262144,True,True,all_integer_control,post_freeze_evaluator,0
288,00000000100100000,17,17,True,-126463/262144,1/131072,1/131072,True,126465/262144,True,True,all_integer_control|matched_density_seeded_random|arbitrary_decidable_modular,post_freeze_evaluator,0
289,00000000100100001,17,17,True,4609/262144,1/131072,1/131072,True,4611/262144,True,True,square_control|all_integer_control|arbitrary_decidable_modular,post_freeze_evaluator,0
290,00000000100100010,17,17,True,-60927/262144,1/131072,1/131072,True,60929/262144,True,True,all_integer_control,post_freeze_evaluator,0
291,00000000100100011,17,17,True,70145/262144,1/131072,1/131072,True,70147/262144,True,True,all_integer_control|arbitrary_decidable_modular,post_freeze_evaluator,0
292,00000000100100100,17,17,True,-93695/262144,1/131072,1/131072,True,93697/262144,True,True,all_integer_control,post_freeze_evaluator,0
293,00000000100100101,17,17,True,37377/262144,1/131072,1/131072,True,37379/262144,True,True,prime_evaluator|all_integer_control|matched_density_seeded_random,post_freeze_evaluator,0
294,00000000100100110,17,17,True,-28159/262144,1/131072,1/131072,True,28161/262144,True,True,all_integer_control|matched_density_seeded_random,post_freeze_evaluator,0
295,00000000100100111,17,17,True,102913/262144,1/131072,1/131072,True,102915/262144,True,True,all_integer_control|arbitrary_decidable_modular,post_freeze_evaluator,0
296,00000000100101000,17,17,True,-110079/262144,1/131072,1/131072,True,110081/262144,True,True,all_integer_control|arbitrary_decidable_modular,post_freeze_evaluator,0
297,00000000100101001,17,17,True,20993/262144,1/131072,1/131072,True,20995/262144,True,True,all_integer_control,post_freeze_evaluator,0
298,00000000100101010,17,17,True,-44543/262144,1/131072,1/131072,True,44545/262144,True,True,all_integer_control|arbitrary_decidable_modular,post_freeze_evaluator,0
299,00000000100101011,17,17,True,86529/262144,1/131072,1/131072,True,86531/262144,True,True,all_integer_control,post_freeze_evaluator,0
300,00000000100101100,17,17,True,-77311/262144,1/131072,1/131072,True,77313/262144,True,True,all_integer_control,post_freeze_evaluator,0
301,00000000100101101,17,17,True,53761/262144,1/131072,1/131072,True,53763/262144,True,True,all_integer_control|matched_density_hash,post_freeze_evaluator,0
302,00000000100101110,17,17,True,-11775/262144,1/131072,1/131072,True,11777/262144,True,True,all_integer_control|arbitrary_decidable_modular,post_freeze_evaluator,0
303,00000000100101111,17,17,True,119297/262144,1/131072,1/131072,True,119299/262144,True,True,all_integer_control|arbitrary_decidable_modular,post_freeze_evaluator,0
304,00000000100110000,17,17,True,-118271/262144,1/131072,1/131072,True,118273/262144,True,True,all_integer_control,post_freeze_evaluator,0
305,00000000100110001,17,17,True,12801/262144,1/131072,1/131072,True,12803/262144,True,True,all_integer_control|arbitrary_decidable_modular,post_freeze_evaluator,0
306,00000000100110010,17,17,True,-52735/262144,1/131072,1/131072,True,52737/262144,True,True,all_integer_control|matched_density_hash,post_freeze_evaluator,0
307,00000000100110011,17,17,True,78337/262144,1/131072,1/131072,True,78339/262144,True,True,prime_evaluator|all_integer_control|matched_density_seeded_random,post_freeze_evaluator,0
308,00000000100110100,17,17,True,-85503/262144,1/131072,1/131072,True,85505/262144,True,True,all_integer_control,post_freeze_evaluator,0
309,00000000100110101,17,17,True,45569/262144,1/131072,1/131072,True,45571/262144,True,True,all_integer_control|arbitrary_decidable_modular,post_freeze_evaluator,0
310,00000000100110110,17,17,True,-19967/262144,1/131072,1/131072,True,19969/262144,True,True,all_integer_control|matched_density_hash|arbitrary_decidable_modular,post_freeze_evaluator,0
311,00000000100110111,17,17,True,111105/262144,1/131072,1/131072,True,111107/262144,True,True,prime_evaluator|all_integer_control,post_freeze_evaluator,0
312,00000000100111000,17,17,True,-101887/262144,1/131072,1/131072,True,101889/262144,True,True,all_integer_control|arbitrary_decidable_modular,post_freeze_evaluator,0
313,00000000100111001,17,17,True,29185/262144,1/131072,1/131072,True,29187/262144,True,True,prime_evaluator|all_integer_control,post_freeze_evaluator,0
314,00000000100111010,17,17,True,-36351/262144,1/131072,1/131072,True,36353/262144,True,True,all_integer_control,post_freeze_evaluator,0
315,00000000100111011,17,17,True,94721/262144,1/131072,1/131072,True,94723/262144,True,True,all_integer_control|matched_density_hash,post_freeze_evaluator,0
316,00000000100111100,17,17,True,-69119/262144,1/131072,1/131072,True,69121/262144,True,True,all_integer_control|arbitrary_decidable_modular,post_freeze_evaluator,0
317,00000000100111101,17,17,True,61953/262144,1/131072,1/131072,True,61955/262144,True,True,prime_evaluator|all_integer_control|arbitrary_decidable_modular,post_freeze_evaluator,0
318,00000000100111110,17,17,True,-3583/262144,1/131072,1/131072,True,3585/262144,True,True,all_integer_control,post_freeze_evaluator,0
319,00000000100111111,17,17,True,127489/262144,1/131072,1/131072,True,127491/262144,True,True,all_integer_control|arbitrary_decidable_modular,post_freeze_evaluator,0
320,00000000101000000,17,17,True,-128511/262144,1/131072,1/131072,True,128513/262144,True,True,all_integer_control,post_freeze_evaluator,0
321,00000000101000001,17,17,True,2561/262144,1/131072,1/131072,True,2563/262144,True,True,all_integer_control|matched_density_seeded_random,post_freeze_evaluator,0
322,00000000101000010,17,17,True,-62975/262144,1/131072,1/131072,True,62977/262144,True,True,all_integer_control,post_freeze_evaluator,0
323,00000000101000011,17,17,True,68097/262144,1/131072,1/131072,True,68099/262144,True,True,all_integer_control|arbitrary_decidable_modular,post_freeze_evaluator,0
324,00000000101000100,17,17,True,-95743/262144,1/131072,1/131072,True,95745/262144,True,True,square_control|all_integer_control|matched_density_seeded_random|matched_density_hash|arbitrary_decidable_modular,post_freeze_evaluator,0
325,00000000101000101,17,17,True,35329/262144,1/131072,1/131072,True,35331/262144,True,True,all_integer_control,post_freeze_evaluator,0
326,00000000101000110,17,17,True,-30207/262144,1/131072,1/131072,True,30209/262144,True,True,all_integer_control|matched_density_hash|arbitrary_decidable_modular,post_freeze_evaluator,0
327,00000000101000111,17,17,True,100865/262144,1/131072,1/131072,True,100867/262144,True,True,all_integer_control,post_freeze_evaluator,0
328,00000000101001000,17,17,True,-112127/262144,1/131072,1/131072,True,112129/262144,True,True,all_integer_control|matched_density_hash,post_freeze_evaluator,0
329,00000000101001001,17,17,True,18945/262144,1/131072,1/131072,True,18947/262144,True,True,all_integer_control,post_freeze_evaluator,0
330,00000000101001010,17,17,True,-46591/262144,1/131072,1/131072,True,46593/262144,True,True,all_integer_control|arbitrary_decidable_modular,post_freeze_evaluator,0
331,00000000101001011,17,17,True,84481/262144,1/131072,1/131072,True,84483/262144,True,True,prime_evaluator|all_integer_control|arbitrary_decidable_modular,post_freeze_evaluator,0
332,00000000101001100,17,17,True,-79359/262144,1/131072,1/131072,True,79361/262144,True,True,all_integer_control,post_freeze_evaluator,0
333,00000000101001101,17,17,True,51713/262144,1/131072,1/131072,True,51715/262144,True,True,all_integer_control|arbitrary_decidable_modular,post_freeze_evaluator,0
334,00000000101001110,17,17,True,-13823/262144,1/131072,1/131072,True,13825/262144,True,True,all_integer_control,post_freeze_evaluator,0
335,00000000101001111,17,17,True,117249/262144,1/131072,1/131072,True,117251/262144,True,True,all_integer_control|matched_density_hash,post_freeze_evaluator,0
336,00000000101010000,17,17,True,-120319/262144,1/131072,1/131072,True,120321/262144,True,True,all_integer_control,post_freeze_evaluator,0
337,00000000101010001,17,17,True,10753/262144,1/131072,1/131072,True,10755/262144,True,True,prime_evaluator|all_integer_control|arbitrary_decidable_modular,post_freeze_evaluator,0
338,00000000101010010,17,17,True,-54783/262144,1/131072,1/131072,True,54785/262144,True,True,all_integer_control|arbitrary_decidable_modular,post_freeze_evaluator,0
339,00000000101010011,17,17,True,76289/262144,1/131072,1/131072,True,76291/262144,True,True,all_integer_control,post_freeze_evaluator,0
340,00000000101010100,17,17,True,-87551/262144,1/131072,1/131072,True,87553/262144,True,True,all_integer_control|arbitrary_decidable_modular,post_freeze_evaluator,0
341,00000000101010101,17,17,True,43521/262144,1/131072,1/131072,True,43523/262144,True,True,all_integer_control|matched_density_hash,post_freeze_evaluator,0
342,00000000101010110,17,17,True,-22015/262144,1/131072,1/131072,True,22017/262144,True,True,all_integer_control,post_freeze_evaluator,0
343,00000000101010111,17,17,True,109057/262144,1/131072,1/131072,True,109059/262144,True,True,all_integer_control,post_freeze_evaluator,0
344,00000000101011000,17,17,True,-103935/262144,1/131072,1/131072,True,103937/262144,True,True,all_integer_control|arbitrary_decidable_modular,post_freeze_evaluator,0
345,00000000101011001,17,17,True,27137/262144,1/131072,1/131072,True,27139/262144,True,True,all_integer_control|arbitrary_decidable_modular,post_freeze_evaluator,0
346,00000000101011010,17,17,True,-38399/262144,1/131072,1/131072,True,38401/262144,True,True,all_integer_control|matched_density_hash,post_freeze_evaluator,0
347,00000000101011011,17,17,True,92673/262144,1/131072,1/131072,True,92675/262144,True,True,prime_evaluator|all_integer_control|arbitrary_decidable_modular,post_freeze_evaluator,0
348,00000000101011100,17,17,True,-71167/262144,1/131072,1/131072,True,71169/262144,True,True,all_integer_control,post_freeze_evaluator,0
349,00000000101011101,17,17,True,59905/262144,1/131072,1/131072,True,59907/262144,True,True,prime_evaluator|all_integer_control,post_freeze_evaluator,0
350,00000000101011110,17,17,True,-5631/262144,1/131072,1/131072,True,5633/262144,True,True,all_integer_control|matched_density_seeded_random,post_freeze_evaluator,0
351,00000000101011111,17,17,True,125441/262144,1/131072,1/131072,True,125443/262144,True,True,all_integer_control|matched_density_hash|arbitrary_decidable_modular,post_freeze_evaluator,0
352,00000000101100000,17,17,True,-124415/262144,1/131072,1/131072,True,124417/262144,True,True,all_integer_control|arbitrary_decidable_modular,post_freeze_evaluator,0
353,00000000101100001,17,17,True,6657/262144,1/131072,1/131072,True,6659/262144,True,True,prime_evaluator|all_integer_control,post_freeze_evaluator,0
354,00000000101100010,17,17,True,-58879/262144,1/131072,1/131072,True,58881/262144,True,True,all_integer_control|arbitrary_decidable_modular,post_freeze_evaluator,0
355,00000000101100011,17,17,True,72193/262144,1/131072,1/131072,True,72195/262144,True,True,all_integer_control,post_freeze_evaluator,0
356,00000000101100100,17,17,True,-91647/262144,1/131072,1/131072,True,91649/262144,True,True,all_integer_control,post_freeze_evaluator,0
357,00000000101100101,17,17,True,39425/262144,1/131072,1/131072,True,39427/262144,True,True,all_integer_control,post_freeze_evaluator,0
358,00000000101100110,17,17,True,-26111/262144,1/131072,1/131072,True,26113/262144,True,True,all_integer_control|arbitrary_decidable_modular,post_freeze_evaluator,0
359,00000000101100111,17,17,True,104961/262144,1/131072,1/131072,True,104963/262144,True,True,prime_evaluator|all_integer_control|matched_density_hash|arbitrary_decidable_modular,post_freeze_evaluator,0
360,00000000101101000,17,17,True,-108031/262144,1/131072,1/131072,True,108033/262144,True,True,all_integer_control,post_freeze_evaluator,0
361,00000000101101001,17,17,True,23041/262144,1/131072,1/131072,True,23043/262144,True,True,square_control|all_integer_control|matched_density_hash|arbitrary_decidable_modular,post_freeze_evaluator,0
362,00000000101101010,17,17,True,-42495/262144,1/131072,1/131072,True,42497/262144,True,True,all_integer_control|matched_density_hash,post_freeze_evaluator,0
363,00000000101101011,17,17,True,88577/262144,1/131072,1/131072,True,88579/262144,True,True,all_integer_control,post_freeze_evaluator,0
364,00000000101101100,17,17,True,-75263/262144,1/131072,1/131072,True,75265/262144,True,True,all_integer_control|matched_density_hash,post_freeze_evaluator,0
365,00000000101101101,17,17,True,55809/262144,1/131072,1/131072,True,55811/262144,True,True,all_integer_control|arbitrary_decidable_modular,post_freeze_evaluator,0
366,00000000101101110,17,17,True,-9727/262144,1/131072,1/131072,True,9729/262144,True,True,all_integer_control|arbitrary_decidable_modular,post_freeze_evaluator,0
367,00000000101101111,17,17,True,121345/262144,1/131072,1/131072,True,121347/262144,True,True,prime_evaluator|all_integer_control,post_freeze_evaluator,0
368,00000000101110000,17,17,True,-116223/262144,1/131072,1/131072,True,116225/262144,True,True,all_integer_control|arbitrary_decidable_modular,post_freeze_evaluator,0
369,00000000101110001,17,17,True,14849/262144,1/131072,1/131072,True,14851/262144,True,True,all_integer_control,post_freeze_evaluator,0
370,00000000101110010,17,17,True,-50687/262144,1/131072,1/131072,True,50689/262144,True,True,all_integer_control,post_freeze_evaluator,0
371,00000000101110011,17,17,True,80385/262144,1/131072,1/131072,True,80387/262144,True,True,all_integer_control|matched_density_seeded_random|matched_density_hash,post_freeze_evaluator,0
372,00000000101110100,17,17,True,-83455/262144,1/131072,1/131072,True,83457/262144,True,True,all_integer_control|matched_density_seeded_random|arbitrary_decidable_modular,post_freeze_evaluator,0
373,00000000101110101,17,17,True,47617/262144,1/131072,1/131072,True,47619/262144,True,True,prime_evaluator|all_integer_control|arbitrary_decidable_modular,post_freeze_evaluator,0
374,00000000101110110,17,17,True,-17919/262144,1/131072,1/131072,True,17921/262144,True,True,all_integer_control,post_freeze_evaluator,0
375,00000000101110111,17,17,True,113153/262144,1/131072,1/131072,True,113155/262144,True,True,all_integer_control|arbitrary_decidable_modular,post_freeze_evaluator,0
376,00000000101111000,17,17,True,-99839/262144,1/131072,1/131072,True,99841/262144,True,True,all_integer_control,post_freeze_evaluator,0
377,00000000101111001,17,17,True,31233/262144,1/131072,1/131072,True,31235/262144,True,True,fibonacci_control|all_integer_control,post_freeze_evaluator,0
378,00000000101111010,17,17,True,-34303/262144,1/131072,1/131072,True,34305/262144,True,True,all_integer_control|matched_density_seeded_random,post_freeze_evaluator,0
379,00000000101111011,17,17,True,96769/262144,1/131072,1/131072,True,96771/262144,True,True,prime_evaluator|all_integer_control|arbitrary_decidable_modular,post_freeze_evaluator,0
380,00000000101111100,17,17,True,-67071/262144,1/131072,1/131072,True,67073/262144,True,True,all_integer_control|matched_density_seeded_random|arbitrary_decidable_modular,post_freeze_evaluator,0
381,00000000101111101,17,17,True,64001/262144,1/131072,1/131072,True,64003/262144,True,True,all_integer_control,post_freeze_evaluator,0
382,00000000101111110,17,17,True,-1535/262144,1/131072,1/131072,True,1537/262144,True,True,all_integer_control|matched_density_hash|arbitrary_decidable_modular,post_freeze_evaluator,0
383,00000000101111111,17,17,True,129537/262144,1/131072,1/131072,True,129539/262144,True,True,prime_evaluator|all_integer_control|matched_density_hash,post_freeze_evaluator,0
384,00000000110000000,17,17,True,-129535/262144,1/131072,1/131072,True,129537/262144,True,True,all_integer_control,post_freeze_evaluator,0
385,00000000110000001,17,17,True,1537/262144,1/131072,1/131072,True,1539/262144,True,True,all_integer_control,post_freeze_evaluator,0
386,00000000110000010,17,17,True,-63999/262144,1/131072,1/131072,True,64001/262144,True,True,all_integer_control|arbitrary_decidable_modular,post_freeze_evaluator,0
387,00000000110000011,17,17,True,67073/262144,1/131072,1/131072,True,67075/262144,True,True,all_integer_control|arbitrary_decidable_modular,post_freeze_evaluator,0
388,00000000110000100,17,17,True,-96767/262144,1/131072,1/131072,True,96769/262144,True,True,all_integer_control|matched_density_hash,post_freeze_evaluator,0
389,00000000110000101,17,17,True,34305/262144,1/131072,1/131072,True,34307/262144,True,True,prime_evaluator|all_integer_control|arbitrary_decidable_modular,post_freeze_evaluator,0
390,00000000110000110,17,17,True,-31231/262144,1/131072,1/131072,True,31233/262144,True,True,all_integer_control,post_freeze_evaluator,0
391,00000000110000111,17,17,True,99841/262144,1/131072,1/131072,True,99843/262144,True,True,all_integer_control,post_freeze_evaluator,0
392,00000000110001000,17,17,True,-113151/262144,1/131072,1/131072,True,113153/262144,True,True,all_integer_control,post_freeze_evaluator,0
393,00000000110001001,17,17,True,17921/262144,1/131072,1/131072,True,17923/262144,True,True,all_integer_control|arbitrary_decidable_modular,post_freeze_evaluator,0
394,00000000110001010,17,17,True,-47615/262144,1/131072,1/131072,True,47617/262144,True,True,all_integer_control|arbitrary_decidable_modular,post_freeze_evaluator,0
395,00000000110001011,17,17,True,83457/262144,1/131072,1/131072,True,83459/262144,True,True,all_integer_control,post_freeze_evaluator,0
396,00000000110001100,17,17,True,-80383/262144,1/131072,1/131072,True,80385/262144,True,True,all_integer_control|arbitrary_decidable_modular,post_freeze_evaluator,0
397,00000000110001101,17,17,True,50689/262144,1/131072,1/131072,True,50691/262144,True,True,prime_evaluator|all_integer_control|matched_density_seeded_random,post_freeze_evaluator,0
398,00000000110001110,17,17,True,-14847/262144,1/131072,1/131072,True,14849/262144,True,True,all_integer_control|matched_density_seeded_random,post_freeze_evaluator,0
399,00000000110001111,17,17,True,116225/262144,1/131072,1/131072,True,116227/262144,True,True,all_integer_control,post_freeze_evaluator,0
400,00000000110010000,17,17,True,-121343/262144,1/131072,1/131072,True,121345/262144,True,True,square_control|all_integer_control|arbitrary_decidable_modular,post_freeze_evaluator,0
401,00000000110010001,17,17,True,9729/262144,1/131072,1/131072,True,9731/262144,True,True,prime_evaluator|all_integer_control|matched_density_seeded_random|arbitrary_decidable_modular,post_freeze_evaluator,0
402,00000000110010010,17,17,True,-55807/262144,1/131072,1/131072,True,55809/262144,True,True,all_integer_control|matched_density_hash,post_freeze_evaluator,0
403,00000000110010011,17,17,True,75265/262144,1/131072,1/131072,True,75267/262144,True,True,all_integer_control|arbitrary_decidable_modular,post_freeze_evaluator,0
404,00000000110010100,17,17,True,-88575/262144,1/131072,1/131072,True,88577/262144,True,True,all_integer_control,post_freeze_evaluator,0
405,00000000110010101,17,17,True,42497/262144,1/131072,1/131072,True,42499/262144,True,True,all_integer_control,post_freeze_evaluator,0
406,00000000110010110,17,17,True,-23039/262144,1/131072,1/131072,True,23041/262144,True,True,all_integer_control|matched_density_seeded_random,post_freeze_evaluator,0
407,00000000110010111,17,17,True,108033/262144,1/131072,1/131072,True,108035/262144,True,True,all_integer_control|arbitrary_decidable_modular,post_freeze_evaluator,0
408,00000000110011000,17,17,True,-104959/262144,1/131072,1/131072,True,104961/262144,True,True,all_integer_control|arbitrary_decidable_modular,post_freeze_evaluator,0
409,00000000110011001,17,17,True,26113/262144,1/131072,1/131072,True,26115/262144,True,True,prime_evaluator|all_integer_control,post_freeze_evaluator,0
410,00000000110011010,17,17,True,-39423/262144,1/131072,1/131072,True,39425/262144,True,True,all_integer_control|arbitrary_decidable_modular,post_freeze_evaluator,0
411,00000000110011011,17,17,True,91649/262144,1/131072,1/131072,True,91651/262144,True,True,all_integer_control,post_freeze_evaluator,0
412,00000000110011100,17,17,True,-72191/262144,1/131072,1/131072,True,72193/262144,True,True,all_integer_control,post_freeze_evaluator,0
413,00000000110011101,17,17,True,58881/262144,1/131072,1/131072,True,58883/262144,True,True,all_integer_control,post_freeze_evaluator,0
414,00000000110011110,17,17,True,-6655/262144,1/131072,1/131072,True,6657/262144,True,True,all_integer_control|arbitrary_decidable_modular,post_freeze_evaluator,0
415,00000000110011111,17,17,True,124417/262144,1/131072,1/131072,True,124419/262144,True,True,all_integer_control|arbitrary_decidable_modular,post_freeze_evaluator,0
416,00000000110100000,17,17,True,-125439/262144,1/131072,1/131072,True,125441/262144,True,True,all_integer_control,post_freeze_evaluator,0
417,00000000110100001,17,17,True,5633/262144,1/131072,1/131072,True,5635/262144,True,True,all_integer_control|arbitrary_decidable_modular,post_freeze_evaluator,0
418,00000000110100010,17,17,True,-59903/262144,1/131072,1/131072,True,59905/262144,True,True,all_integer_control,post_freeze_evaluator,0
419,00000000110100011,17,17,True,71169/262144,1/131072,1/131072,True,71171/262144,True,True,prime_evaluator|all_integer_control,post_freeze_evaluator,0
420,00000000110100100,17,17,True,-92671/262144,1/131072,1/131072,True,92673/262144,True,True,all_integer_control,post_freeze_evaluator,0
421,00000000110100101,17,17,True,38401/262144,1/131072,1/131072,True,38403/262144,True,True,prime_evaluator|all_integer_control|matched_density_seeded_random|arbitrary_decidable_modular,post_freeze_evaluator,0
422,00000000110100110,17,17,True,-27135/262144,1/131072,1/131072,True,27137/262144,True,True,all_integer_control|arbitrary_decidable_modular,post_freeze_evaluator,0
423,00000000110100111,17,17,True,103937/262144,1/131072,1/131072,True,103939/262144,True,True,all_integer_control|matched_density_hash,post_freeze_evaluator,0
424,00000000110101000,17,17,True,-109055/262144,1/131072,1/131072,True,109057/262144,True,True,all_integer_control|arbitrary_decidable_modular,post_freeze_evaluator,0
425,00000000110101001,17,17,True,22017/262144,1/131072,1/131072,True,22019/262144,True,True,all_integer_control|matched_density_hash,post_freeze_evaluator,0
426,00000000110101010,17,17,True,-43519/262144,1/131072,1/131072,True,43521/262144,True,True,all_integer_control|matched_density_hash,post_freeze_evaluator,0
427,00000000110101011,17,17,True,87553/262144,1/131072,1/131072,True,87555/262144,True,True,all_integer_control,post_freeze_evaluator,0
428,00000000110101100,17,17,True,-76287/262144,1/131072,1/131072,True,76289/262144,True,True,all_integer_control|arbitrary_decidable_modular,post_freeze_evaluator,0
429,00000000110101101,17,17,True,54785/262144,1/131072,1/131072,True,54787/262144,True,True,all_integer_control|arbitrary_decidable_modular,post_freeze_evaluator,0
430,00000000110101110,17,17,True,-10751/262144,1/131072,1/131072,True,10753/262144,True,True,all_integer_control,post_freeze_evaluator,0
431,00000000110101111,17,17,True,120321/262144,1/131072,1/131072,True,120323/262144,True,True,prime_evaluator|all_integer_control|arbitrary_decidable_modular,post_freeze_evaluator,0
432,00000000110110000,17,17,True,-117247/262144,1/131072,1/131072,True,117249/262144,True,True,all_integer_control,post_freeze_evaluator,0
433,00000000110110001,17,17,True,13825/262144,1/131072,1/131072,True,13827/262144,True,True,prime_evaluator|all_integer_control,post_freeze_evaluator,0
434,00000000110110010,17,17,True,-51711/262144,1/131072,1/131072,True,51713/262144,True,True,all_integer_control|matched_density_seeded_random,post_freeze_evaluator,0
435,00000000110110011,17,17,True,79361/262144,1/131072,1/131072,True,79363/262144,True,True,all_integer_control|arbitrary_decidable_modular,post_freeze_evaluator,0
436,00000000110110100,17,17,True,-84479/262144,1/131072,1/131072,True,84481/262144,True,True,all_integer_control|arbitrary_decidable_modular,post_freeze_evaluator,0
437,00000000110110101,17,17,True,46593/262144,1/131072,1/131072,True,46595/262144,True,True,all_integer_control,post_freeze_evaluator,0
438,00000000110110110,17,17,True,-18943/262144,1/131072,1/131072,True,18945/262144,True,True,all_integer_control|arbitrary_decidable_modular,post_freeze_evaluator,0
439,00000000110110111,17,17,True,112129/262144,1/131072,1/131072,True,112131/262144,True,True,prime_evaluator|all_integer_control,post_freeze_evaluator,0
440,00000000110111000,17,17,True,-100863/262144,1/131072,1/131072,True,100865/262144,True,True,all_integer_control,post_freeze_evaluator,0
441,00000000110111001,17,17,True,30209/262144,1/131072,1/131072,True,30211/262144,True,True,square_control|all_integer_control,post_freeze_evaluator,0
442,00000000110111010,17,17,True,-35327/262144,1/131072,1/131072,True,35329/262144,True,True,all_integer_control|matched_density_seeded_random|arbitrary_decidable_modular,post_freeze_evaluator,0
443,00000000110111011,17,17,True,95745/262144,1/131072,1/131072,True,95747/262144,True,True,prime_evaluator|all_integer_control|arbitrary_decidable_modular,post_freeze_evaluator,0
444,00000000110111100,17,17,True,-68095/262144,1/131072,1/131072,True,68097/262144,True,True,all_integer_control,post_freeze_evaluator,0
445,00000000110111101,17,17,True,62977/262144,1/131072,1/131072,True,62979/262144,True,True,all_integer_control|arbitrary_decidable_modular,post_freeze_evaluator,0
446,00000000110111110,17,17,True,-2559/262144,1/131072,1/131072,True,2561/262144,True,True,all_integer_control,post_freeze_evaluator,0
447,00000000110111111,17,17,True,128513/262144,1/131072,1/131072,True,128515/262144,True,True,all_integer_control,post_freeze_evaluator,0
448,00000000111000000,17,17,True,-127487/262144,1/131072,1/131072,True,127489/262144,True,True,all_integer_control,post_freeze_evaluator,0
449,00000000111000001,17,17,True,3585/262144,1/131072,1/131072,True,3587/262144,True,True,prime_evaluator|all_integer_control|arbitrary_decidable_modular,post_freeze_evaluator,0
450,00000000111000010,17,17,True,-61951/262144,1/131072,1/131072,True,61953/262144,True,True,all_integer_control|arbitrary_decidable_modular,post_freeze_evaluator,0
451,00000000111000011,17,17,True,69121/262144,1/131072,1/131072,True,69123/262144,True,True,all_integer_control|matched_density_hash,post_freeze_evaluator,0
452,00000000111000100,17,17,True,-94719/262144,1/131072,1/131072,True,94721/262144,True,True,all_integer_control|arbitrary_decidable_modular,post_freeze_evaluator,0
453,00000000111000101,17,17,True,36353/262144,1/131072,1/131072,True,36355/262144,True,True,all_integer_control,post_freeze_evaluator,0
454,00000000111000110,17,17,True,-29183/262144,1/131072,1/131072,True,29185/262144,True,True,all_integer_control,post_freeze_evaluator,0
455,00000000111000111,17,17,True,101889/262144,1/131072,1/131072,True,101891/262144,True,True,all_integer_control|matched_density_seeded_random|matched_density_hash,post_freeze_evaluator,0
456,00000000111001000,17,17,True,-111103/262144,1/131072,1/131072,True,111105/262144,True,True,all_integer_control|arbitrary_decidable_modular,post_freeze_evaluator,0
457,00000000111001001,17,17,True,19969/262144,1/131072,1/131072,True,19971/262144,True,True,prime_evaluator|all_integer_control|arbitrary_decidable_modular,post_freeze_evaluator,0
458,00000000111001010,17,17,True,-45567/262144,1/131072,1/131072,True,45569/262144,True,True,all_integer_control,post_freeze_evaluator,0
459,00000000111001011,17,17,True,85505/262144,1/131072,1/131072,True,85507/262144,True,True,all_integer_control|arbitrary_decidable_modular,post_freeze_evaluator,0
460,00000000111001100,17,17,True,-78335/262144,1/131072,1/131072,True,78337/262144,True,True,all_integer_control,post_freeze_evaluator,0
461,00000000111001101,17,17,True,52737/262144,1/131072,1/131072,True,52739/262144,True,True,prime_evaluator|all_integer_control|matched_density_seeded_random,post_freeze_evaluator,0
462,00000000111001110,17,17,True,-12799/262144,1/131072,1/131072,True,12801/262144,True,True,all_integer_control,post_freeze_evaluator,0
463,00000000111001111,17,17,True,118273/262144,1/131072,1/131072,True,118275/262144,True,True,prime_evaluator|all_integer_control|arbitrary_decidable_modular,post_freeze_evaluator,0
464,00000000111010000,17,17,True,-119295/262144,1/131072,1/131072,True,119297/262144,True,True,all_integer_control|arbitrary_decidable_modular,post_freeze_evaluator,0
465,00000000111010001,17,17,True,11777/262144,1/131072,1/131072,True,11779/262144,True,True,all_integer_control,post_freeze_evaluator,0
466,00000000111010010,17,17,True,-53759/262144,1/131072,1/131072,True,53761/262144,True,True,all_integer_control|arbitrary_decidable_modular,post_freeze_evaluator,0
467,00000000111010011,17,17,True,77313/262144,1/131072,1/131072,True,77315/262144,True,True,prime_evaluator|all_integer_control,post_freeze_evaluator,0
468,00000000111010100,17,17,True,-86527/262144,1/131072,1/131072,True,86529/262144,True,True,all_integer_control|matched_density_seeded_random|matched_density_hash,post_freeze_evaluator,0
469,00000000111010101,17,17,True,44545/262144,1/131072,1/131072,True,44547/262144,True,True,all_integer_control|matched_density_hash,post_freeze_evaluator,0
470,00000000111010110,17,17,True,-20991/262144,1/131072,1/131072,True,20993/262144,True,True,all_integer_control|arbitrary_decidable_modular,post_freeze_evaluator,0
471,00000000111010111,17,17,True,110081/262144,1/131072,1/131072,True,110083/262144,True,True,all_integer_control|matched_density_seeded_random|matched_density_hash|arbitrary_decidable_modular,post_freeze_evaluator,0
472,00000000111011000,17,17,True,-102911/262144,1/131072,1/131072,True,102913/262144,True,True,all_integer_control|matched_density_seeded_random,post_freeze_evaluator,0
473,00000000111011001,17,17,True,28161/262144,1/131072,1/131072,True,28163/262144,True,True,all_integer_control|arbitrary_decidable_modular,post_freeze_evaluator,0
474,00000000111011010,17,17,True,-37375/262144,1/131072,1/131072,True,37377/262144,True,True,all_integer_control|matched_density_hash,post_freeze_evaluator,0
475,00000000111011011,17,17,True,93697/262144,1/131072,1/131072,True,93699/262144,True,True,all_integer_control,post_freeze_evaluator,0
476,00000000111011100,17,17,True,-70143/262144,1/131072,1/131072,True,70145/262144,True,True,all_integer_control|matched_density_seeded_random,post_freeze_evaluator,0
477,00000000111011101,17,17,True,60929/262144,1/131072,1/131072,True,60931/262144,True,True,all_integer_control|matched_density_seeded_random|arbitrary_decidable_modular,post_freeze_evaluator,0
478,00000000111011110,17,17,True,-4607/262144,1/131072,1/131072,True,4609/262144,True,True,all_integer_control|matched_density_seeded_random|arbitrary_decidable_modular,post_freeze_evaluator,0
479,00000000111011111,17,17,True,126465/262144,1/131072,1/131072,True,126467/262144,True,True,prime_evaluator|all_integer_control,post_freeze_evaluator,0
480,00000000111100000,17,17,True,-123391/262144,1/131072,1/131072,True,123393/262144,True,True,all_integer_control|arbitrary_decidable_modular,post_freeze_evaluator,0
481,00000000111100001,17,17,True,7681/262144,1/131072,1/131072,True,7683/262144,True,True,all_integer_control,post_freeze_evaluator,0
482,00000000111100010,17,17,True,-57855/262144,1/131072,1/131072,True,57857/262144,True,True,all_integer_control|matched_density_hash,post_freeze_evaluator,0
483,00000000111100011,17,17,True,73217/262144,1/131072,1/131072,True,73219/262144,True,True,all_integer_control,post_freeze_evaluator,0
484,00000000111100100,17,17,True,-90623/262144,1/131072,1/131072,True,90625/262144,True,True,square_control|all_integer_control|arbitrary_decidable_modular,post_freeze_evaluator,0
485,00000000111100101,17,17,True,40449/262144,1/131072,1/131072,True,40451/262144,True,True,all_integer_control|arbitrary_decidable_modular,post_freeze_evaluator,0
486,00000000111100110,17,17,True,-25087/262144,1/131072,1/131072,True,25089/262144,True,True,all_integer_control,post_freeze_evaluator,0
487,00000000111100111,17,17,True,105985/262144,1/131072,1/131072,True,105987/262144,True,True,prime_evaluator|all_integer_control|arbitrary_decidable_modular,post_freeze_evaluator,0
488,00000000111101000,17,17,True,-107007/262144,1/131072,1/131072,True,107009/262144,True,True,all_integer_control,post_freeze_evaluator,0
489,00000000111101001,17,17,True,24065/262144,1/131072,1/131072,True,24067/262144,True,True,all_integer_control,post_freeze_evaluator,0
490,00000000111101010,17,17,True,-41471/262144,1/131072,1/131072,True,41473/262144,True,True,all_integer_control,post_freeze_evaluator,0
491,00000000111101011,17,17,True,89601/262144,1/131072,1/131072,True,89603/262144,True,True,prime_evaluator|all_integer_control|matched_density_seeded_random|arbitrary_decidable_modular,post_freeze_evaluator,0
492,00000000111101100,17,17,True,-74239/262144,1/131072,1/131072,True,74241/262144,True,True,all_integer_control|arbitrary_decidable_modular,post_freeze_evaluator,0
493,00000000111101101,17,17,True,56833/262144,1/131072,1/131072,True,56835/262144,True,True,all_integer_control,post_freeze_evaluator,0
494,00000000111101110,17,17,True,-8703/262144,1/131072,1/131072,True,8705/262144,True,True,all_integer_control|matched_density_seeded_random|arbitrary_decidable_modular,post_freeze_evaluator,0
495,00000000111101111,17,17,True,122369/262144,1/131072,1/131072,True,122371/262144,True,True,all_integer_control|matched_density_hash,post_freeze_evaluator,0
496,00000000111110000,17,17,True,-115199/262144,1/131072,1/131072,True,115201/262144,True,True,all_integer_control,post_freeze_evaluator,0
497,00000000111110001,17,17,True,15873/262144,1/131072,1/131072,True,15875/262144,True,True,all_integer_control,post_freeze_evaluator,0
498,00000000111110010,17,17,True,-49663/262144,1/131072,1/131072,True,49665/262144,True,True,all_integer_control|matched_density_hash|arbitrary_decidable_modular,post_freeze_evaluator,0
499,00000000111110011,17,17,True,81409/262144,1/131072,1/131072,True,81411/262144,True,True,prime_evaluator|all_integer_control|arbitrary_decidable_modular,post_freeze_evaluator,0
500,00000000111110100,17,17,True,-82431/262144,1/131072,1/131072,True,82433/262144,True,True,all_integer_control,post_freeze_evaluator,0
501,00000000111110101,17,17,True,48641/262144,1/131072,1/131072,True,48643/262144,True,True,all_integer_control|matched_density_seeded_random|arbitrary_decidable_modular,post_freeze_evaluator,0
502,00000000111110110,17,17,True,-16895/262144,1/131072,1/131072,True,16897/262144,True,True,all_integer_control,post_freeze_evaluator,0
503,00000000111110111,17,17,True,114177/262144,1/131072,1/131072,True,114179/262144,True,True,prime_evaluator|all_integer_control|matched_density_seeded_random,post_freeze_evaluator,0
504,00000000111111000,17,17,True,-98815/262144,1/131072,1/131072,True,98817/262144,True,True,all_integer_control,post_freeze_evaluator,0
505,00000000111111001,17,17,True,32257/262144,1/131072,1/131072,True,32259/262144,True,True,all_integer_control|arbitrary_decidable_modular,post_freeze_evaluator,0
506,00000000111111010,17,17,True,-33279/262144,1/131072,1/131072,True,33281/262144,True,True,all_integer_control|arbitrary_decidable_modular,post_freeze_evaluator,0
507,00000000111111011,17,17,True,97793/262144,1/131072,1/131072,True,97795/262144,True,True,all_integer_control|matched_density_seeded_random|matched_density_hash,post_freeze_evaluator,0
508,00000000111111100,17,17,True,-66047/262144,1/131072,1/131072,True,66049/262144,True,True,all_integer_control|arbitrary_decidable_modular,post_freeze_evaluator,0
509,00000000111111101,17,17,True,65025/262144,1/131072,1/131072,True,65027/262144,True,True,prime_evaluator|all_integer_control,post_freeze_evaluator,0
510,00000000111111110,17,17,True,-511/262144,1/131072,1/131072,True,513/262144,True,True,all_integer_control,post_freeze_evaluator,0
511,00000000111111111,17,17,True,130561/262144,1/131072,1/131072,True,130563/262144,True,True,all_integer_control,post_freeze_evaluator,0
512,0000000001000000000,19,19,True,-523263/1048576,1/524288,1/524288,True,523265/1048576,True,True,all_integer_control|matched_density_seeded_random|arbitrary_decidable_modular,post_freeze_evaluator,0
513,0000000001000000001,19,19,True,1025/1048576,1/524288,1/524288,True,1027/1048576,True,True,all_integer_control|matched_density_seeded_random|arbitrary_decidable_modular,post_freeze_evaluator,0
514,0000000001000000010,19,19,True,-261119/1048576,1/524288,1/524288,True,261121/1048576,True,True,all_integer_control|matched_density_seeded_random,post_freeze_evaluator,0
515,0000000001000000011,19,19,True,263169/1048576,1/524288,1/524288,True,263171/1048576,True,True,all_integer_control|matched_density_seeded_random|arbitrary_decidable_modular,post_freeze_evaluator,0
516,0000000001000000100,19,19,True,-392191/1048576,1/524288,1/524288,True,392193/1048576,True,True,all_integer_control,post_freeze_evaluator,0
517,0000000001000000101,19,19,True,132097/1048576,1/524288,1/524288,True,132099/1048576,True,True,all_integer_control,post_freeze_evaluator,0
518,0000000001000000110,19,19,True,-130047/1048576,1/524288,1/524288,True,130049/1048576,True,True,all_integer_control,post_freeze_evaluator,0
519,0000000001000000111,19,19,True,394241/1048576,1/524288,1/524288,True,394243/1048576,True,True,all_integer_control|arbitrary_decidable_modular,post_freeze_evaluator,0
520,0000000001000001000,19,19,True,-457727/1048576,1/524288,1/524288,True,457729/1048576,True,True,all_integer_control|arbitrary_decidable_modular,post_freeze_evaluator,0
521,0000000001000001001,19,19,True,66561/1048576,1/524288,1/524288,True,66563/1048576,True,True,prime_evaluator|all_integer_control,post_freeze_evaluator,0
522,0000000001000001010,19,19,True,-195583/1048576,1/524288,1/524288,True,195585/1048576,True,True,all_integer_control|arbitrary_decidable_modular,post_freeze_evaluator,0
523,0000000001000001011,19,19,True,328705/1048576,1/524288,1/524288,True,328707/1048576,True,True,prime_evaluator|all_integer_control,post_freeze_evaluator,0
524,0000000001000001100,19,19,True,-326655/1048576,1/524288,1/524288,True,326657/1048576,True,True,all_integer_control,post_freeze_evaluator,0
525,0000000001000001101,19,19,True,197633/1048576,1/524288,1/524288,True,197635/1048576,True,True,all_integer_control,post_freeze_evaluator,0
526,0000000001000001110,19,19,True,-64511/1048576,1/524288,1/524288,True,64513/1048576,True,True,all_integer_control|arbitrary_decidable_modular,post_freeze_evaluator,0
527,0000000001000001111,19,19,True,459777/1048576,1/524288,1/524288,True,459779/1048576,True,True,all_integer_control|arbitrary_decidable_modular,post_freeze_evaluator,0
528,0000000001000010000,19,19,True,-490495/1048576,1/524288,1/524288,True,490497/1048576,True,True,all_integer_control,post_freeze_evaluator,0
529,0000000001000010001,19,19,True,33793/1048576,1/524288,1/524288,True,33795/1048576,True,True,square_control|all_integer_control|arbitrary_decidable_modular,post_freeze_evaluator,0
530,0000000001000010010,19,19,True,-228351/1048576,1/524288,1/524288,True,228353/1048576,True,True,all_integer_control,post_freeze_evaluator,0
531,0000000001000010011,19,19,True,295937/1048576,1/524288,1/524288,True,295939/1048576,True,True,all_integer_control,post_freeze_evaluator,0
532,0000000001000010100,19,19,True,-359423/1048576,1/524288,1/524288,True,359425/1048576,True,True,all_integer_control,post_freeze_evaluator,0
533,0000000001000010101,19,19,True,164865/1048576,1/524288,1/524288,True,164867/1048576,True,True,all_integer_control|arbitrary_decidable_modular,post_freeze_evaluator,0
534,0000000001000010110,19,19,True,-97279/1048576,1/524288,1/524288,True,97281/1048576,True,True,all_integer_control|arbitrary_decidable_modular,post_freeze_evaluator,0
535,0000000001000010111,19,19,True,427009/1048576,1/524288,1/524288,True,427011/1048576,True,True,all_integer_control,post_freeze_evaluator,0
536,0000000001000011000,19,19,True,-424959/1048576,1/524288,1/524288,True,424961/1048576,True,True,all_integer_control|arbitrary_decidable_modular,post_freeze_evaluator,0
537,0000000001000011001,19,19,True,99329/1048576,1/524288,1/524288,True,99331/1048576,True,True,all_integer_control,post_freeze_evaluator,0
538,0000000001000011010,19,19,True,-162815/1048576,1/524288,1/524288,True,162817/1048576,True,True,all_integer_control,post_freeze_evaluator,0
539,0000000001000011011,19,19,True,361473/1048576,1/524288,1/524288,True,361475/1048576,True,True,all_integer_control,post_freeze_evaluator,0
540,0000000001000011100,19,19,True,-293887/1048576,1/524288,1/524288,True,293889/1048576,True,True,all_integer_control|arbitrary_decidable_modular,post_freeze_evaluator,0
541,0000000001000011101,19,19,True,230401/1048576,1/524288,1/524288,True,230403/1048576,True,True,prime_evaluator|all_integer_control|arbitrary_decidable_modular,post_freeze_evaluator,0
542,0000000001000011110,19,19,True,-31743/1048576,1/524288,1/524288,True,31745/1048576,True,True,all_integer_control,post_freeze_evaluator,0
543,0000000001000011111,19,19,True,492545/1048576,1/524288,1/524288,True,492547/1048576,True,True,all_integer_control|arbitrary_decidable_modular,post_freeze_evaluator,0
544,0000000001000100000,19,19,True,-506879/1048576,1/524288,1/524288,True,506881/1048576,True,True,all_integer_control|matched_density_hash,post_freeze_evaluator,0
545,0000000001000100001,19,19,True,17409/1048576,1/524288,1/524288,True,17411/1048576,True,True,all_integer_control,post_freeze_evaluator,0
546,0000000001000100010,19,19,True,-244735/1048576,1/524288,1/524288,True,244737/1048576,True,True,all_integer_control,post_freeze_evaluator,0
547,0000000001000100011,19,19,True,279553/1048576,1/524288,1/524288,True,279555/1048576,True,True,prime_evaluator|all_integer_control|matched_density_hash|arbitrary_decidable_modular,post_freeze_evaluator,0
548,0000000001000100100,19,19,True,-375807/1048576,1/524288,1/524288,True,375809/1048576,True,True,all_integer_control|matched_density_seeded_random|arbitrary_decidable_modular,post_freeze_evaluator,0
549,0000000001000100101,19,19,True,148481/1048576,1/524288,1/524288,True,148483/1048576,True,True,all_integer_control,post_freeze_evaluator,0
550,0000000001000100110,19,19,True,-113663/1048576,1/524288,1/524288,True,113665/1048576,True,True,all_integer_control|matched_density_hash|arbitrary_decidable_modular,post_freeze_evaluator,0
551,0000000001000100111,19,19,True,410625/1048576,1/524288,1/524288,True,410627/1048576,True,True,all_integer_control,post_freeze_evaluator,0
552,0000000001000101000,19,19,True,-441343/1048576,1/524288,1/524288,True,441345/1048576,True,True,all_integer_control|matched_density_seeded_random|matched_density_hash,post_freeze_evaluator,0
553,0000000001000101001,19,19,True,82945/1048576,1/524288,1/524288,True,82947/1048576,True,True,all_integer_control,post_freeze_evaluator,0
554,0000000001000101010,19,19,True,-179199/1048576,1/524288,1/524288,True,179201/1048576,True,True,all_integer_control|arbitrary_decidable_modular,post_freeze_evaluator,0
555,0000000001000101011,19,19,True,345089/1048576,1/524288,1/524288,True,345091/1048576,True,True,all_integer_control|arbitrary_decidable_modular,post_freeze_evaluator,0
556,0000000001000101100,19,19,True,-310271/1048576,1/524288,1/524288,True,310273/1048576,True,True,all_integer_control,post_freeze_evaluator,0
557,0000000001000101101,19,19,True,214017/1048576,1/524288,1/524288,True,214019/1048576,True,True,prime_evaluator|all_integer_control|arbitrary_decidable_modular,post_freeze_evaluator,0
558,0000000001000101110,19,19,True,-48127/1048576,1/524288,1/524288,True,48129/1048576,True,True,all_integer_control,post_freeze_evaluator,0
559,0000000001000101111,19,19,True,476161/1048576,1/524288,1/524288,True,476163/1048576,True,True,all_integer_control,post_freeze_evaluator,0
560,0000000001000110000,19,19,True,-474111/1048576,1/524288,1/524288,True,474113/1048576,True,True,all_integer_control|matched_density_seeded_random,post_freeze_evaluator,0
561,0000000001000110001,19,19,True,50177/1048576,1/524288,1/524288,True,50179/1048576,True,True,all_integer_control|matched_density_seeded_random|arbitrary_decidable_modular,post_freeze_evaluator,0
562,0000000001000110010,19,19,True,-211967/1048576,1/524288,1/524288,True,211969/1048576,True,True,all_integer_control|arbitrary_decidable_modular,post_freeze_evaluator,0
563,0000000001000110011,19,19,True,312321/1048576,1/524288,1/524288,True,312323/1048576,True,True,prime_evaluator|all_integer_control,post_freeze_evaluator,0
564,0000000001000110100,19,19,True,-343039/1048576,1/524288,1/524288,True,343041/1048576,True,True,all_integer_control|arbitrary_decidable_modular,post_freeze_evaluator,0
565,0000000001000110101,19,19,True,181249/1048576,1/524288,1/524288,True,181251/1048576,True,True,all_integer_control,post_freeze_evaluator,0
566,0000000001000110110,19,19,True,-80895/1048576,1/524288,1/524288,True,80897/1048576,True,True,all_integer_control|matched_density_hash,post_freeze_evaluator,0
567,0000000001000110111,19,19,True,443393/1048576,1/524288,1/524288,True,443395/1048576,True,True,all_integer_control,post_freeze_evaluator,0
568,0000000001000111000,19,19,True,-408575/1048576,1/524288,1/524288,True,408577/1048576,True,True,all_integer_control|arbitrary_decidable_modular,post_freeze_evaluator,0
569,0000000001000111001,19,19,True,115713/1048576,1/524288,1/524288,True,115715/1048576,True,True,prime_evaluator|all_integer_control|matched_density_seeded_random|arbitrary_decidable_modular,post_freeze_evaluator,0
570,0000000001000111010,19,19,True,-146431/1048576,1/524288,1/524288,True,146433/1048576,True,True,all_integer_control,post_freeze_evaluator,0
571,0000000001000111011,19,19,True,377857/1048576,1/524288,1/524288,True,377859/1048576,True,True,prime_evaluator|all_integer_control|arbitrary_decidable_modular,post_freeze_evaluator,0
572,0000000001000111100,19,19,True,-277503/1048576,1/524288,1/524288,True,277505/1048576,True,True,all_integer_control|matched_density_seeded_random,post_freeze_evaluator,0
573,0000000001000111101,19,19,True,246785/1048576,1/524288,1/524288,True,246787/1048576,True,True,all_integer_control|matched_density_seeded_random,post_freeze_evaluator,0
574,0000000001000111110,19,19,True,-15359/1048576,1/524288,1/524288,True,15361/1048576,True,True,all_integer_control,post_freeze_evaluator,0
575,0000000001000111111,19,19,True,508929/1048576,1/524288,1/524288,True,508931/1048576,True,True,all_integer_control|arbitrary_decidable_modular,post_freeze_evaluator,0
576,0000000001001000000,19,19,True,-515071/1048576,1/524288,1/524288,True,515073/1048576,True,True,square_control|all_integer_control|matched_density_hash|arbitrary_decidable_modular,post_freeze_evaluator,0
577,0000000001001000001,19,19,True,9217/1048576,1/524288,1/524288,True,9219/1048576,True,True,prime_evaluator|all_integer_control,post_freeze_evaluator,0
578,0000000001001000010,19,19,True,-252927/1048576,1/524288,1/524288,True,252929/1048576,True,True,all_integer_control|arbitrary_decidable_modular,post_freeze_evaluator,0
579,0000000001001000011,19,19,True,271361/1048576,1/524288,1/524288,True,271363/1048576,True,True,all_integer_control,post_freeze_evaluator,0
580,0000000001001000100,19,19,True,-383999/1048576,1/524288,1/524288,True,384001/1048576,True,True,all_integer_control,post_freeze_evaluator,0
581,0000000001001000101,19,19,True,140289/1048576,1/524288,1/524288,True,140291/1048576,True,True,all_integer_control,post_freeze_evaluator,0
582,0000000001001000110,19,19,True,-121855/1048576,1/524288,1/524288,True,121857/1048576,True,True,all_integer_control|arbitrary_decidable_modular,post_freeze_evaluator,0
583,0000000001001000111,19,19,True,402433/1048576,1/524288,1/524288,True,402435/1048576,True,True,all_integer_control|arbitrary_decidable_modular,post_freeze_evaluator,0
584,0000000001001001000,19,19,True,-449535/1048576,1/524288,1/524288,True,449537/1048576,True,True,all_integer_control,post_freeze_evaluator,0
585,0000000001001001001,19,19,True,74753/1048576,1/524288,1/524288,True,74755/1048576,True,True,all_integer_control|matched_density_hash|arbitrary_decidable_modular,post_freeze_evaluator,0
586,0000000001001001010,19,19,True,-187391/1048576,1/524288,1/524288,True,187393/1048576,True,True,all_integer_control,post_freeze_evaluator,0
587,0000000001001001011,19,19,True,336897/1048576,1/524288,1/524288,True,336899/1048576,True,True,prime_evaluator|all_integer_control,post_freeze_evaluator,0
588,0000000001001001100,19,19,True,-318463/1048576,1/524288,1/524288,True,318465/1048576,True,True,all_integer_control,post_freeze_evaluator,0
589,0000000001001001101,19,19,True,205825/1048576,1/524288,1/524288,True,205827/1048576,True,True,all_integer_control|matched_density_seeded_random|arbitrary_decidable_modular,post_freeze_evaluator,0
590,0000000001001001110,19,19,True,-56319/1048576,1/524288,1/524288,True,56321/1048576,True,True,all_integer_control|matched_density_hash|arbitrary_decidable_modular,post_freeze_evaluator,0
591,0000000001001001111,19,19,True,467969/1048576,1/524288,1/524288,True,467971/1048576,True,True,all_integer_control|matched_density_hash,post_freeze_evaluator,0
592,0000000001001010000,19,19,True,-482303/1048576,1/524288,1/524288,True,482305/1048576,True,True,all_integer_control|arbitrary_decidable_modular,post_freeze_evaluator,0
593,0000000001001010001,19,19,True,41985/1048576,1/524288,1/524288,True,41987/1048576,True,True,prime_evaluator|all_integer_control,post_freeze_evaluator,0
594,0000000001001010010,19,19,True,-220159/1048576,1/524288,1/524288,True,220161/1048576,True,True,all_integer_control,post_freeze_evaluator,0
595,0000000001001010011,19,19,True,304129/1048576,1/524288,1/524288,True,304131/1048576,True,True,all_integer_control,post_freeze_evaluator,0
596,0000000001001010100,19,19,True,-351231/1048576,1/524288,1/524288,True,351233/1048576,True,True,all_integer_control|matched_density_seeded_random|arbitrary_decidable_modular,post_freeze_evaluator,0
597,0000000001001010101,19,19,True,173057/1048576,1/524288,1/524288,True,173059/1048576,True,True,all_integer_control|arbitrary_decidable_modular,post_freeze_evaluator,0
598,0000000001001010110,19,19,True,-89087/1048576,1/524288,1/524288,True,89089/1048576,True,True,all_integer_control,post_freeze_evaluator,0
599,0000000001001010111,19,19,True,435201/1048576,1/524288,1/524288,True,435203/1048576,True,True,prime_evaluator|all_integer_control|matched_density_seeded_random|matched_density_hash|arbitrary_decidable_modular,post_freeze_evaluator,0
600,0000000001001011000,19,19,True,-416767/1048576,1/524288,1/524288,True,416769/1048576,True,True,all_integer_control|matched_density_seeded_random,post_freeze_evaluator,0
601,0000000001001011001,19,19,True,107521/1048576,1/524288,1/524288,True,107523/1048576,True,True,prime_evaluator|all_integer_control,post_freeze_evaluator,0
602,0000000001001011010,19,19,True,-154623/1048576,1/524288,1/524288,True,154625/1048576,True,True,all_integer_control,post_freeze_evaluator,0
603,0000000001001011011,19,19,True,369665/1048576,1/524288,1/524288,True,369667/1048576,True,True,all_integer_control|matched_density_seeded_random|arbitrary_decidable_modular,post_freeze_evaluator,0
604,0000000001001011100,19,19,True,-285695/1048576,1/524288,1/524288,True,285697/1048576,True,True,all_integer_control|arbitrary_decidable_modular,post_freeze_evaluator,0
605,0000000001001011101,19,19,True,238593/1048576,1/524288,1/524288,True,238595/1048576,True,True,all_integer_control|matched_density_seeded_random,post_freeze_evaluator,0
606,0000000001001011110,19,19,True,-23551/1048576,1/524288,1/524288,True,23553/1048576,True,True,all_integer_control|arbitrary_decidable_modular,post_freeze_evaluator,0
607,0000000001001011111,19,19,True,500737/1048576,1/524288,1/524288,True,500739/1048576,True,True,prime_evaluator|all_integer_control,post_freeze_evaluator,0
608,0000000001001100000,19,19,True,-498687/1048576,1/524288,1/524288,True,498689/1048576,True,True,all_integer_control|matched_density_seeded_random,post_freeze_evaluator,0
609,0000000001001100001,19,19,True,25601/1048576,1/524288,1/524288,True,25603/1048576,True,True,all_integer_control,post_freeze_evaluator,0
610,0000000001001100010,19,19,True,-236543/1048576,1/524288,1/524288,True,236545/1048576,True,True,fibonacci_control|all_integer_control|arbitrary_decidable_modular,post_freeze_evaluator,0
611,0000000001001100011,19,19,True,287745/1048576,1/524288,1/524288,True,287747/1048576,True,True,all_integer_control|arbitrary_decidable_modular,post_freeze_evaluator,0
612,0000000001001100100,19,19,True,-367615/1048576,1/524288,1/524288,True,367617/1048576,True,True,all_integer_control|matched_density_hash,post_freeze_evaluator,0
613,0000000001001100101,19,19,True,156673/1048576,1/524288,1/524288,True,156675/1048576,True,True,prime_evaluator|all_integer_control|arbitrary_decidable_modular,post_freeze_evaluator,0
614,0000000001001100110,19,19,True,-105471/1048576,1/524288,1/524288,True,105473/1048576,True,True,all_integer_control,post_freeze_evaluator,0
615,0000000001001100111,19,19,True,418817/1048576,1/524288,1/524288,True,418819/1048576,True,True,all_integer_control|matched_density_hash,post_freeze_evaluator,0
616,0000000001001101000,19,19,True,-433151/1048576,1/524288,1/524288,True,433153/1048576,True,True,all_integer_control,post_freeze_evaluator,0
617,0000000001001101001,19,19,True,91137/1048576,1/524288,1/524288,True,91139/1048576,True,True,prime_evaluator|all_integer_control|matched_density_seeded_random|arbitrary_decidable_modular,post_freeze_evaluator,0
618,0000000001001101010,19,19,True,-171007/1048576,1/524288,1/524288,True,171009/1048576,True,True,all_integer_control|arbitrary_decidable_modular,post_freeze_evaluator,0
619,0000000001001101011,19,19,True,353281/1048576,1/524288,1/524288,True,353283/1048576,True,True,prime_evaluator|all_integer_control,post_freeze_evaluator,0
620,0000000001001101100,19,19,True,-302079/1048576,1/524288,1/524288,True,302081/1048576,True,True,all_integer_control|arbitrary_decidable_modular,post_freeze_evaluator,0
621,0000000001001101101,19,19,True,222209/1048576,1/524288,1/524288,True,222211/1048576,True,True,all_integer_control,post_freeze_evaluator,0
622,0000000001001101110,19,19,True,-39935/1048576,1/524288,1/524288,True,39937/1048576,True,True,all_integer_control,post_freeze_evaluator,0
623,0000000001001101111,19,19,True,484353/1048576,1/524288,1/524288,True,484355/1048576,True,True,all_integer_control,post_freeze_evaluator,0
624,0000000001001110000,19,19,True,-465919/1048576,1/524288,1/524288,True,465921/1048576,True,True,all_integer_control|arbitrary_decidable_modular,post_freeze_evaluator,0
625,0000000001001110001,19,19,True,58369/1048576,1/524288,1/524288,True,58371/1048576,True,True,square_control|all_integer_control|arbitrary_decidable_modular,post_freeze_evaluator,0
626,0000000001001110010,19,19,True,-203775/1048576,1/524288,1/524288,True,203777/1048576,True,True,all_integer_control,post_freeze_evaluator,0
627,0000000001001110011,19,19,True,320513/1048576,1/524288,1/524288,True,320515/1048576,True,True,all_integer_control|arbitrary_decidable_modular,post_freeze_evaluator,0
628,0000000001001110100,19,19,True,-334847/1048576,1/524288,1/524288,True,334849/1048576,True,True,all_integer_control,post_freeze_evaluator,0
629,0000000001001110101,19,19,True,189441/1048576,1/524288,1/524288,True,189443/1048576,True,True,all_integer_control,post_freeze_evaluator,0
630,0000000001001110110,19,19,True,-72703/1048576,1/524288,1/524288,True,72705/1048576,True,True,all_integer_control,post_freeze_evaluator,0
631,0000000001001110111,19,19,True,451585/1048576,1/524288,1/524288,True,451587/1048576,True,True,prime_evaluator|all_integer_control|arbitrary_decidable_modular,post_freeze_evaluator,0
632,0000000001001111000,19,19,True,-400383/1048576,1/524288,1/524288,True,400385/1048576,True,True,all_integer_control|arbitrary_decidable_modular,post_freeze_evaluator,0
633,0000000001001111001,19,19,True,123905/1048576,1/524288,1/524288,True,123907/1048576,True,True,all_integer_control,post_freeze_evaluator,0
634,0000000001001111010,19,19,True,-138239/1048576,1/524288,1/524288,True,138241/1048576,True,True,all_integer_control|matched_density_seeded_random|arbitrary_decidable_modular,post_freeze_evaluator,0
635,0000000001001111011,19,19,True,386049/1048576,1/524288,1/524288,True,386051/1048576,True,True,all_integer_control|matched_density_hash,post_freeze_evaluator,0
636,0000000001001111100,19,19,True,-269311/1048576,1/524288,1/524288,True,269313/1048576,True,True,all_integer_control|matched_density_hash,post_freeze_evaluator,0
637,0000000001001111101,19,19,True,254977/1048576,1/524288,1/524288,True,254979/1048576,True,True,all_integer_control,post_freeze_evaluator,0
638,0000000001001111110,19,19,True,-7167/1048576,1/524288,1/524288,True,7169/1048576,True,True,all_integer_control|arbitrary_decidable_modular,post_freeze_evaluator,0
639,0000000001001111111,19,19,True,517121/1048576,1/524288,1/524288,True,517123/1048576,True,True,all_integer_control|arbitrary_decidable_modular,post_freeze_evaluator,0
640,0000000001010000000,19,19,True,-519167/1048576,1/524288,1/524288,True,519169/1048576,True,True,all_integer_control|matched_density_seeded_random,post_freeze_evaluator,0
641,0000000001010000001,19,19,True,5121/1048576,1/524288,1/524288,True,5123/1048576,True,True,prime_evaluator|all_integer_control|matched_density_seeded_random|matched_density_hash|arbitrary_decidable_modular,post_freeze_evaluator,0
642,0000000001010000010,19,19,True,-257023/1048576,1/524288,1/524288,True,257025/1048576,True,True,all_integer_control,post_freeze_evaluator,0
643,0000000001010000011,19,19,True,267265/1048576,1/524288,1/524288,True,267267/1048576,True,True,prime_evaluator|all_integer_control,post_freeze_evaluator,0
644,0000000001010000100,19,19,True,-388095/1048576,1/524288,1/524288,True,388097/1048576,True,True,all_integer_control,post_freeze_evaluator,0
645,0000000001010000101,19,19,True,136193/1048576,1/524288,1/524288,True,136195/1048576,True,True,all_integer_control|arbitrary_decidable_modular,post_freeze_evaluator,0
646,0000000001010000110,19,19,True,-125951/1048576,1/524288,1/524288,True,125953/1048576,True,True,all_integer_control|arbitrary_decidable_modular,post_freeze_evaluator,0
647,0000000001010000111,19,19,True,398337/1048576,1/524288,1/524288,True,398339/1048576,True,True,prime_evaluator|all_integer_control|matched_density_seeded_random,post_freeze_evaluator,0
648,0000000001010001000,19,19,True,-453631/1048576,1/524288,1/524288,True,453633/1048576,True,True,all_integer_control|matched_density_seeded_random|arbitrary_decidable_modular,post_freeze_evaluator,0
649,0000000001010001001,19,19,True,70657/1048576,1/524288,1/524288,True,70659/1048576,True,True,all_integer_control,post_freeze_evaluator,0
650,0000000001010001010,19,19,True,-191487/1048576,1/524288,1/524288,True,191489/1048576,True,True,all_integer_control,post_freeze_evaluator,0
651,0000000001010001011,19,19,True,332801/1048576,1/524288,1/524288,True,332803/1048576,True,True,all_integer_control,post_freeze_evaluator,0
652,0000000001010001100,19,19,True,-322559/1048576,1/524288,1/524288,True,322561/1048576,True,True,all_integer_control|arbitrary_decidable_modular,post_freeze_evaluator,0
653,0000000001010001101,19,19,True,201729/1048576,1/524288,1/524288,True,201731/1048576,True,True,prime_evaluator|all_integer_control|matched_density_hash|arbitrary_decidable_modular,post_freeze_evaluator,0
654,0000000001010001110,19,19,True,-60415/1048576,1/524288,1/524288,True,60417/1048576,True,True,all_integer_control,post_freeze_evaluator,0
655,0000000001010001111,19,19,True,463873/1048576,1/524288,1/524288,True,463875/1048576,True,True,all_integer_control|matched_density_seeded_random|matched_density_hash|arbitrary_decidable_modular,post_freeze_evaluator,0
656,0000000001010010000,19,19,True,-486399/1048576,1/524288,1/524288,True,486401/1048576,True,True,all_integer_control|matched_density_seeded_random|matched_density_hash,post_freeze_evaluator,0
657,0000000001010010001,19,19,True,37889/1048576,1/524288,1/524288,True,37891/1048576,True,True,all_integer_control,post_freeze_evaluator,0
658,0000000001010010010,19,19,True,-224255/1048576,1/524288,1/524288,True,224257/1048576,True,True,all_integer_control,post_freeze_evaluator,0
659,0000000001010010011,19,19,True,300033/1048576,1/524288,1/524288,True,300035/1048576,True,True,prime_evaluator|all_integer_control|arbitrary_decidable_modular,post_freeze_evaluator,0
660,0000000001010010100,19,19,True,-355327/1048576,1/524288,1/524288,True,355329/1048576,True,True,all_integer_control|arbitrary_decidable_modular,post_freeze_evaluator,0
661,0000000001010010101,19,19,True,168961/1048576,1/524288,1/524288,True,168963/1048576,True,True,prime_evaluator|all_integer_control,post_freeze_evaluator,0
662,0000000001010010110,19,19,True,-93183/1048576,1/524288,1/524288,True,93185/1048576,True,True,all_integer_control|arbitrary_decidable_modular,post_freeze_evaluator,0
663,0000000001010010111,19,19,True,431105/1048576,1/524288,1/524288,True,431107/1048576,True,True,all_integer_control|matched_density_seeded_random,post_freeze_evaluator,0
664,0000000001010011000,19,19,True,-420863/1048576,1/524288,1/524288,True,420865/1048576,True,True,all_integer_control,post_freeze_evaluator,0
665,0000000001010011001,19,19,True,103425/1048576,1/524288,1/524288,True,103427/1048576,True,True,all_integer_control,post_freeze_evaluator,0
666,0000000001010011010,19,19,True,-158719/1048576,1/524288,1/524288,True,158721/1048576,True,True,all_integer_control|matched_density_hash|arbitrary_decidable_modular,post_freeze_evaluator,0
667,0000000001010011011,19,19,True,365569/1048576,1/524288,1/524288,True,365571/1048576,True,True,all_integer_control|arbitrary_decidable_modular,post_freeze_evaluator,0
668,0000000001010011100,19,19,True,-289791/1048576,1/524288,1/524288,True,289793/1048576,True,True,all_integer_control,post_freeze_evaluator,0
669,0000000001010011101,19,19,True,234497/1048576,1/524288,1/524288,True,234499/1048576,True,True,all_integer_control|arbitrary_decidable_modular,post_freeze_evaluator,0
670,0000000001010011110,19,19,True,-27647/1048576,1/524288,1/524288,True,27649/1048576,True,True,all_integer_control,post_freeze_evaluator,0
671,0000000001010011111,19,19,True,496641/1048576,1/524288,1/524288,True,496643/1048576,True,True,all_integer_control,post_freeze_evaluator,0
672,0000000001010100000,19,19,True,-502783/1048576,1/524288,1/524288,True,502785/1048576,True,True,all_integer_control,post_freeze_evaluator,0
673,0000000001010100001,19,19,True,21505/1048576,1/524288,1/524288,True,21507/1048576,True,True,prime_evaluator|all_integer_control|arbitrary_decidable_modular,post_freeze_evaluator,0
674,0000000001010100010,19,19,True,-240639/1048576,1/524288,1/524288,True,240641/1048576,True,True,all_integer_control|arbitrary_decidable_modular,post_freeze_evaluator,0
675,0000000001010100011,19,19,True,283649/1048576,1/524288,1/524288,True,283651/1048576,True,True,all_integer_control,post_freeze_evaluator,0
676,0000000001010100100,19,19,True,-371711/1048576,1/524288,1/524288,True,371713/1048576,True,True,square_control|all_integer_control|arbitrary_decidable_modular,post_freeze_evaluator,0
677,0000000001010100101,19,19,True,152577/1048576,1/524288,1/524288,True,152579/1048576,True,True,prime_evaluator|all_integer_control|matched_density_hash,post_freeze_evaluator,0
678,0000000001010100110,19,19,True,-109567/1048576,1/524288,1/524288,True,109569/1048576,True,True,all_integer_control|matched_density_hash,post_freeze_evaluator,0
679,0000000001010100111,19,19,True,414721/1048576,1/524288,1/524288,True,414723/1048576,True,True,all_integer_control,post_freeze_evaluator,0
680,0000000001010101000,19,19,True,-437247/1048576,1/524288,1/524288,True,437249/1048576,True,True,all_integer_control|arbitrary_decidable_modular,post_freeze_evaluator,0
681,0000000001010101001,19,19,True,87041/1048576,1/524288,1/524288,True,87043/1048576,True,True,all_integer_control|arbitrary_decidable_modular,post_freeze_evaluator,0
682,0000000001010101010,19,19,True,-175103/1048576,1/524288,1/524288,True,175105/1048576,True,True,all_integer_control,post_freeze_evaluator,0
683,0000000001010101011,19,19,True,349185/1048576,1/524288,1/524288,True,349187/1048576,True,True,prime_evaluator|all_integer_control|arbitrary_decidable_modular,post_freeze_evaluator,0
684,0000000001010101100,19,19,True,-306175/1048576,1/524288,1/524288,True,306177/1048576,True,True,all_integer_control|matched_density_hash,post_freeze_evaluator,0
685,0000000001010101101,19,19,True,218113/1048576,1/524288,1/524288,True,218115/1048576,True,True,all_integer_control|matched_density_seeded_random,post_freeze_evaluator,0
686,0000000001010101110,19,19,True,-44031/1048576,1/524288,1/524288,True,44033/1048576,True,True,all_integer_control,post_freeze_evaluator,0
687,0000000001010101111,19,19,True,480257/1048576,1/524288,1/524288,True,480259/1048576,True,True,all_integer_control|matched_density_hash|arbitrary_decidable_modular,post_freeze_evaluator,0
688,0000000001010110000,19,19,True,-470015/1048576,1/524288,1/524288,True,470017/1048576,True,True,all_integer_control|arbitrary_decidable_modular,post_freeze_evaluator,0
689,0000000001010110001,19,19,True,54273/1048576,1/524288,1/524288,True,54275/1048576,True,True,all_integer_control|matched_density_hash,post_freeze_evaluator,0
690,0000000001010110010,19,19,True,-207871/1048576,1/524288,1/524288,True,207873/1048576,True,True,all_integer_control|arbitrary_decidable_modular,post_freeze_evaluator,0
691,0000000001010110011,19,19,True,316417/1048576,1/524288,1/524288,True,316419/1048576,True,True,prime_evaluator|all_integer_control,post_freeze_evaluator,0
692,0000000001010110100,19,19,True,-338943/1048576,1/524288,1/524288,True,338945/1048576,True,True,all_integer_control,post_freeze_evaluator,0
693,0000000001010110101,19,19,True,185345/1048576,1/524288,1/524288,True,185347/1048576,True,True,all_integer_control|matched_density_seeded_random,post_freeze_evaluator,0
694,0000000001010110110,19,19,True,-76799/1048576,1/524288,1/524288,True,76801/1048576,True,True,all_integer_control|arbitrary_decidable_modular,post_freeze_evaluator,0
695,0000000001010110111,19,19,True,447489/1048576,1/524288,1/524288,True,447491/1048576,True,True,all_integer_control|arbitrary_decidable_modular,post_freeze_evaluator,0
696,0000000001010111000,19,19,True,-404479/1048576,1/524288,1/524288,True,404481/1048576,True,True,all_integer_control,post_freeze_evaluator,0
697,0000000001010111001,19,19,True,119809/1048576,1/524288,1/524288,True,119811/1048576,True,True,all_integer_control|arbitrary_decidable_modular,post_freeze_evaluator,0
698,0000000001010111010,19,19,True,-142335/1048576,1/524288,1/524288,True,142337/1048576,True,True,all_integer_control,post_freeze_evaluator,0
699,0000000001010111011,19,19,True,381953/1048576,1/524288,1/524288,True,381955/1048576,True,True,all_integer_control,post_freeze_evaluator,0
700,0000000001010111100,19,19,True,-273407/1048576,1/524288,1/524288,True,273409/1048576,True,True,all_integer_control|matched_density_hash,post_freeze_evaluator,0
701,0000000001010111101,19,19,True,250881/1048576,1/524288,1/524288,True,250883/1048576,True,True,prime_evaluator|all_integer_control|arbitrary_decidable_modular,post_freeze_evaluator,0
702,0000000001010111110,19,19,True,-11263/1048576,1/524288,1/524288,True,11265/1048576,True,True,all_integer_control|arbitrary_decidable_modular,post_freeze_evaluator,0
703,0000000001010111111,19,19,True,513025/1048576,1/524288,1/524288,True,513027/1048576,True,True,all_integer_control,post_freeze_evaluator,0
704,0000000001011000000,19,19,True,-510975/1048576,1/524288,1/524288,True,510977/1048576,True,True,all_integer_control|arbitrary_decidable_modular,post_freeze_evaluator,0
705,0000000001011000001,19,19,True,13313/1048576,1/524288,1/524288,True,13315/1048576,True,True,all_integer_control,post_freeze_evaluator,0
706,0000000001011000010,19,19,True,-248831/1048576,1/524288,1/524288,True,248833/1048576,True,True,all_integer_control,post_freeze_evaluator,0
707,0000000001011000011,19,19,True,275457/1048576,1/524288,1/524288,True,275459/1048576,True,True,all_integer_control,post_freeze_evaluator,0
708,0000000001011000100,19,19,True,-379903/1048576,1/524288,1/524288,True,379905/1048576,True,True,all_integer_control|arbitrary_decidable_modular,post_freeze_evaluator,0
709,0000000001011000101,19,19,True,144385/1048576,1/524288,1/524288,True,144387/1048576,True,True,prime_evaluator|all_integer_control|matched_density_seeded_random|arbitrary_decidable_modular,post_freeze_evaluator,0
710,0000000001011000110,19,19,True,-117759/1048576,1/524288,1/524288,True,117761/1048576,True,True,all_integer_control,post_freeze_evaluator,0
711,0000000001011000111,19,19,True,406529/1048576,1/524288,1/524288,True,406531/1048576,True,True,all_integer_control|arbitrary_decidable_modular,post_freeze_evaluator,0
712,0000000001011001000,19,19,True,-445439/1048576,1/524288,1/524288,True,445441/1048576,True,True,all_integer_control,post_freeze_evaluator,0
713,0000000001011001001,19,19,True,78849/1048576,1/524288,1/524288,True,78851/1048576,True,True,all_integer_control,post_freeze_evaluator,0
714,0000000001011001010,19,19,True,-183295/1048576,1/524288,1/524288,True,183297/1048576,True,True,all_integer_control,post_freeze_evaluator,0
715,0000000001011001011,19,19,True,340993/1048576,1/524288,1/524288,True,340995/1048576,True,True,all_integer_control|matched_density_hash|arbitrary_decidable_modular,post_freeze_evaluator,0
716,0000000001011001100,19,19,True,-314367/1048576,1/524288,1/524288,True,314369/1048576,True,True,all_integer_control|arbitrary_decidable_modular,post_freeze_evaluator,0
717,0000000001011001101,19,19,True,209921/1048576,1/524288,1/524288,True,209923/1048576,True,True,all_integer_control,post_freeze_evaluator,0
718,0000000001011001110,19,19,True,-52223/1048576,1/524288,1/524288,True,52225/1048576,True,True,all_integer_control|matched_density_seeded_random|matched_density_hash|arbitrary_decidable_modular,post_freeze_evaluator,0
719,0000000001011001111,19,19,True,472065/1048576,1/524288,1/524288,True,472067/1048576,True,True,prime_evaluator|all_integer_control,post_freeze_evaluator,0
720,0000000001011010000,19,19,True,-478207/1048576,1/524288,1/524288,True,478209/1048576,True,True,all_integer_control,post_freeze_evaluator,0
721,0000000001011010001,19,19,True,46081/1048576,1/524288,1/524288,True,46083/1048576,True,True,all_integer_control,post_freeze_evaluator,0
722,0000000001011010010,19,19,True,-216063/1048576,1/524288,1/524288,True,216065/1048576,True,True,all_integer_control|matched_density_seeded_random|arbitrary_decidable_modular,post_freeze_evaluator,0
723,0000000001011010011,19,19,True,308225/1048576,1/524288,1/524288,True,308227/1048576,True,True,all_integer_control|arbitrary_decidable_modular,post_freeze_evaluator,0
724,0000000001011010100,19,19,True,-347135/1048576,1/524288,1/524288,True,347137/1048576,True,True,all_integer_control,post_freeze_evaluator,0
725,0000000001011010101,19,19,True,177153/1048576,1/524288,1/524288,True,177155/1048576,True,True,all_integer_control|arbitrary_decidable_modular,post_freeze_evaluator,0
726,0000000001011010110,19,19,True,-84991/1048576,1/524288,1/524288,True,84993/1048576,True,True,all_integer_control|matched_density_hash,post_freeze_evaluator,0
727,0000000001011010111,19,19,True,439297/1048576,1/524288,1/524288,True,439299/1048576,True,True,prime_evaluator|all_integer_control|matched_density_hash,post_freeze_evaluator,0
728,0000000001011011000,19,19,True,-412671/1048576,1/524288,1/524288,True,412673/1048576,True,True,all_integer_control,post_freeze_evaluator,0
729,0000000001011011001,19,19,True,111617/1048576,1/524288,1/524288,True,111619/1048576,True,True,square_control|all_integer_control|matched_density_hash|arbitrary_decidable_modular,post_freeze_evaluator,0
730,0000000001011011010,19,19,True,-150527/1048576,1/524288,1/524288,True,150529/1048576,True,True,all_integer_control|arbitrary_decidable_modular,post_freeze_evaluator,0
731,0000000001011011011,19,19,True,373761/1048576,1/524288,1/524288,True,373763/1048576,True,True,all_integer_control,post_freeze_evaluator,0
732,0000000001011011100,19,19,True,-281599/1048576,1/524288,1/524288,True,281601/1048576,True,True,all_integer_control|matched_density_seeded_random|arbitrary_decidable_modular,post_freeze_evaluator,0
733,0000000001011011101,19,19,True,242689/1048576,1/524288,1/524288,True,242691/1048576,True,True,prime_evaluator|all_integer_control,post_freeze_evaluator,0
734,0000000001011011110,19,19,True,-19455/1048576,1/524288,1/524288,True,19457/1048576,True,True,all_integer_control,post_freeze_evaluator,0
735,0000000001011011111,19,19,True,504833/1048576,1/524288,1/524288,True,504835/1048576,True,True,all_integer_control,post_freeze_evaluator,0
736,0000000001011100000,19,19,True,-494591/1048576,1/524288,1/524288,True,494593/1048576,True,True,all_integer_control|arbitrary_decidable_modular,post_freeze_evaluator,0
737,0000000001011100001,19,19,True,29697/1048576,1/524288,1/524288,True,29699/1048576,True,True,all_integer_control|matched_density_hash|arbitrary_decidable_modular,post_freeze_evaluator,0
738,0000000001011100010,19,19,True,-232447/1048576,1/524288,1/524288,True,232449/1048576,True,True,all_integer_control,post_freeze_evaluator,0
739,0000000001011100011,19,19,True,291841/1048576,1/524288,1/524288,True,291843/1048576,True,True,prime_evaluator|all_integer_control|matched_density_seeded_random|arbitrary_decidable_modular,post_freeze_evaluator,0
740,0000000001011100100,19,19,True,-363519/1048576,1/524288,1/524288,True,363521/1048576,True,True,all_integer_control,post_freeze_evaluator,0
741,0000000001011100101,19,19,True,160769/1048576,1/524288,1/524288,True,160771/1048576,True,True,all_integer_control,post_freeze_evaluator,0
742,0000000001011100110,19,19,True,-101375/1048576,1/524288,1/524288,True,101377/1048576,True,True,all_integer_control,post_freeze_evaluator,0
743,0000000001011100111,19,19,True,422913/1048576,1/524288,1/524288,True,422915/1048576,True,True,prime_evaluator|all_integer_control|arbitrary_decidable_modular,post_freeze_evaluator,0
744,0000000001011101000,19,19,True,-429055/1048576,1/524288,1/524288,True,429057/1048576,True,True,all_integer_control|arbitrary_decidable_modular,post_freeze_evaluator,0
745,0000000001011101001,19,19,True,95233/1048576,1/524288,1/524288,True,95235/1048576,True,True,all_integer_control,post_freeze_evaluator,0
746,0000000001011101010,19,19,True,-166911/1048576,1/524288,1/524288,True,166913/1048576,True,True,all_integer_control|arbitrary_decidable_modular,post_freeze_evaluator,0
747,0000000001011101011,19,19,True,357377/1048576,1/524288,1/524288,True,357379/1048576,True,True,all_integer_control|matched_density_seeded_random,post_freeze_evaluator,0
748,0000000001011101100,19,19,True,-297983/1048576,1/524288,1/524288,True,297985/1048576,True,True,all_integer_control,post_freeze_evaluator,0
749,0000000001011101101,19,19,True,226305/1048576,1/524288,1/524288,True,226307/1048576,True,True,all_integer_control|matched_density_seeded_random,post_freeze_evaluator,0
750,0000000001011101110,19,19,True,-35839/1048576,1/524288,1/524288,True,35841/1048576,True,True,all_integer_control|arbitrary_decidable_modular,post_freeze_evaluator,0
751,0000000001011101111,19,19,True,488449/1048576,1/524288,1/524288,True,488451/1048576,True,True,prime_evaluator|all_integer_control|arbitrary_decidable_modular,post_freeze_evaluator,0
752,0000000001011110000,19,19,True,-461823/1048576,1/524288,1/524288,True,461825/1048576,True,True,all_integer_control,post_freeze_evaluator,0
753,0000000001011110001,19,19,True,62465/1048576,1/524288,1/524288,True,62467/1048576,True,True,all_integer_control|arbitrary_decidable_modular,post_freeze_evaluator,0
754,0000000001011110010,19,19,True,-199679/1048576,1/524288,1/524288,True,199681/1048576,True,True,all_integer_control,post_freeze_evaluator,0
755,0000000001011110011,19,19,True,324609/1048576,1/524288,1/524288,True,324611/1048576,True,True,all_integer_control,post_freeze_evaluator,0
756,0000000001011110100,19,19,True,-330751/1048576,1/524288,1/524288,True,330753/1048576,True,True,all_integer_control,post_freeze_evaluator,0
757,0000000001011110101,19,19,True,193537/1048576,1/524288,1/524288,True,193539/1048576,True,True,prime_evaluator|all_integer_control|arbitrary_decidable_modular,post_freeze_evaluator,0
758,0000000001011110110,19,19,True,-68607/1048576,1/524288,1/524288,True,68609/1048576,True,True,all_integer_control|matched_density_hash|arbitrary_decidable_modular,post_freeze_evaluator,0
759,0000000001011110111,19,19,True,455681/1048576,1/524288,1/524288,True,455683/1048576,True,True,all_integer_control,post_freeze_evaluator,0
760,0000000001011111000,19,19,True,-396287/1048576,1/524288,1/524288,True,396289/1048576,True,True,all_integer_control|arbitrary_decidable_modular,post_freeze_evaluator,0
761,0000000001011111001,19,19,True,128001/1048576,1/524288,1/524288,True,128003/1048576,True,True,prime_evaluator|all_integer_control,post_freeze_evaluator,0
762,0000000001011111010,19,19,True,-134143/1048576,1/524288,1/524288,True,134145/1048576,True,True,all_integer_control,post_freeze_evaluator,0
763,0000000001011111011,19,19,True,390145/1048576,1/524288,1/524288,True,390147/1048576,True,True,all_integer_control,post_freeze_evaluator,0
764,0000000001011111100,19,19,True,-265215/1048576,1/524288,1/524288,True,265217/1048576,True,True,all_integer_control|arbitrary_decidable_modular,post_freeze_evaluator,0
765,0000000001011111101,19,19,True,259073/1048576,1/524288,1/524288,True,259075/1048576,True,True,all_integer_control|arbitrary_decidable_modular,post_freeze_evaluator,0
766,0000000001011111110,19,19,True,-3071/1048576,1/524288,1/524288,True,3073/1048576,True,True,all_integer_control,post_freeze_evaluator,0
767,0000000001011111111,19,19,True,521217/1048576,1/524288,1/524288,True,521219/1048576,True,True,all_integer_control|matched_density_seeded_random|arbitrary_decidable_modular,post_freeze_evaluator,0
768,0000000001100000000,19,19,True,-521215/1048576,1/524288,1/524288,True,521217/1048576,True,True,all_integer_control|matched_density_seeded_random,post_freeze_evaluator,0
769,0000000001100000001,19,19,True,3073/1048576,1/524288,1/524288,True,3075/1048576,True,True,prime_evaluator|all_integer_control,post_freeze_evaluator,0
770,0000000001100000010,19,19,True,-259071/1048576,1/524288,1/524288,True,259073/1048576,True,True,all_integer_control,post_freeze_evaluator,0
771,0000000001100000011,19,19,True,265217/1048576,1/524288,1/524288,True,265219/1048576,True,True,all_integer_control|arbitrary_decidable_modular,post_freeze_evaluator,0
772,0000000001100000100,19,19,True,-390143/1048576,1/524288,1/524288,True,390145/1048576,True,True,all_integer_control|arbitrary_decidable_modular,post_freeze_evaluator,0
773,0000000001100000101,19,19,True,134145/1048576,1/524288,1/524288,True,134147/1048576,True,True,prime_evaluator|all_integer_control,post_freeze_evaluator,0
774,0000000001100000110,19,19,True,-127999/1048576,1/524288,1/524288,True,128001/1048576,True,True,all_integer_control|arbitrary_decidable_modular,post_freeze_evaluator,0
775,0000000001100000111,19,19,True,396289/1048576,1/524288,1/524288,True,396291/1048576,True,True,all_integer_control,post_freeze_evaluator,0
776,0000000001100001000,19,19,True,-455679/1048576,1/524288,1/524288,True,455681/1048576,True,True,all_integer_control,post_freeze_evaluator,0
777,0000000001100001001,19,19,True,68609/1048576,1/524288,1/524288,True,68611/1048576,True,True,all_integer_control|matched_density_seeded_random,post_freeze_evaluator,0
778,0000000001100001010,19,19,True,-193535/1048576,1/524288,1/524288,True,193537/1048576,True,True,all_integer_control|matched_density_hash|arbitrary_decidable_modular,post_freeze_evaluator,0
779,0000000001100001011,19,19,True,330753/1048576,1/524288,1/524288,True,330755/1048576,True,True,all_integer_control|arbitrary_decidable_modular,post_freeze_evaluator,0
780,0000000001100001100,19,19,True,-324607/1048576,1/524288,1/524288,True,324609/1048576,True,True,all_integer_control,post_freeze_evaluator,0
781,0000000001100001101,19,19,True,199681/1048576,1/524288,1/524288,True,199683/1048576,True,True,all_integer_control|arbitrary_decidable_modular,post_freeze_evaluator,0
782,0000000001100001110,19,19,True,-62463/1048576,1/524288,1/524288,True,62465/1048576,True,True,all_integer_control,post_freeze_evaluator,0
783,0000000001100001111,19,19,True,461825/1048576,1/524288,1/524288,True,461827/1048576,True,True,all_integer_control,post_freeze_evaluator,0
784,0000000001100010000,19,19,True,-488447/1048576,1/524288,1/524288,True,488449/1048576,True,True,square_control|all_integer_control|matched_density_seeded_random,post_freeze_evaluator,0
785,0000000001100010001,19,19,True,35841/1048576,1/524288,1/524288,True,35843/1048576,True,True,all_integer_control|arbitrary_decidable_modular,post_freeze_evaluator,0
786,0000000001100010010,19,19,True,-226303/1048576,1/524288,1/524288,True,226305/1048576,True,True,all_integer_control|arbitrary_decidable_modular,post_freeze_evaluator,0
787,0000000001100010011,19,19,True,297985/1048576,1/524288,1/524288,True,297987/1048576,True,True,prime_evaluator|all_integer_control,post_freeze_evaluator,0
788,0000000001100010100,19,19,True,-357375/1048576,1/524288,1/524288,True,357377/1048576,True,True,all_integer_control|arbitrary_decidable_modular,post_freeze_evaluator,0
789,0000000001100010101,19,19,True,166913/1048576,1/524288,1/524288,True,166915/1048576,True,True,all_integer_control|matched_density_hash,post_freeze_evaluator,0
790,0000000001100010110,19,19,True,-95231/1048576,1/524288,1/524288,True,95233/1048576,True,True,all_integer_control,post_freeze_evaluator,0
791,0000000001100010111,19,19,True,429057/1048576,1/524288,1/524288,True,429059/1048576,True,True,all_integer_control|matched_density_seeded_random,post_freeze_evaluator,0
792,0000000001100011000,19,19,True,-422911/1048576,1/524288,1/524288,True,422913/1048576,True,True,all_integer_control|arbitrary_decidable_modular,post_freeze_evaluator,0
793,0000000001100011001,19,19,True,101377/1048576,1/524288,1/524288,True,101379/1048576,True,True,all_integer_control|arbitrary_decidable_modular,post_freeze_evaluator,0
794,0000000001100011010,19,19,True,-160767/1048576,1/524288,1/524288,True,160769/1048576,True,True,all_integer_control,post_freeze_evaluator,0
795,0000000001100011011,19,19,True,363521/1048576,1/524288,1/524288,True,363523/1048576,True,True,all_integer_control|arbitrary_decidable_modular,post_freeze_evaluator,0
796,0000000001100011100,19,19,True,-291839/1048576,1/524288,1/524288,True,291841/1048576,True,True,all_integer_control,post_freeze_evaluator,0
797,0000000001100011101,19,19,True,232449/1048576,1/524288,1/524288,True,232451/1048576,True,True,prime_evaluator|all_integer_control,post_freeze_evaluator,0
798,0000000001100011110,19,19,True,-29695/1048576,1/524288,1/524288,True,29697/1048576,True,True,all_integer_control|matched_density_seeded_random,post_freeze_evaluator,0
799,0000000001100011111,19,19,True,494593/1048576,1/524288,1/524288,True,494595/1048576,True,True,all_integer_control|arbitrary_decidable_modular,post_freeze_evaluator,0
800,0000000001100100000,19,19,True,-504831/1048576,1/524288,1/524288,True,504833/1048576,True,True,all_integer_control|arbitrary_decidable_modular,post_freeze_evaluator,0
801,0000000001100100001,19,19,True,19457/1048576,1/524288,1/524288,True,19459/1048576,True,True,all_integer_control|matched_density_hash,post_freeze_evaluator,0
802,0000000001100100010,19,19,True,-242687/1048576,1/524288,1/524288,True,242689/1048576,True,True,all_integer_control|matched_density_seeded_random|matched_density_hash|arbitrary_decidable_modular,post_freeze_evaluator,0
803,0000000001100100011,19,19,True,281601/1048576,1/524288,1/524288,True,281603/1048576,True,True,all_integer_control,post_freeze_evaluator,0
804,0000000001100100100,19,19,True,-373759/1048576,1/524288,1/524288,True,373761/1048576,True,True,all_integer_control|matched_density_hash,post_freeze_evaluator,0
805,0000000001100100101,19,19,True,150529/1048576,1/524288,1/524288,True,150531/1048576,True,True,all_integer_control,post_freeze_evaluator,0
806,0000000001100100110,19,19,True,-111615/1048576,1/524288,1/524288,True,111617/1048576,True,True,all_integer_control|matched_density_hash|arbitrary_decidable_modular,post_freeze_evaluator,0
807,0000000001100100111,19,19,True,412673/1048576,1/524288,1/524288,True,412675/1048576,True,True,all_integer_control|arbitrary_decidable_modular,post_freeze_evaluator,0
808,0000000001100101000,19,19,True,-439295/1048576,1/524288,1/524288,True,439297/1048576,True,True,all_integer_control,post_freeze_evaluator,0
809,0000000001100101001,19,19,True,84993/1048576,1/524288,1/524288,True,84995/1048576,True,True,prime_evaluator|all_integer_control|arbitrary_decidable_modular,post_freeze_evaluator,0
810,0000000001100101010,19,19,True,-177151/1048576,1/524288,1/524288,True,177153/1048576,True,True,all_integer_control,post_freeze_evaluator,0
811,0000000001100101011,19,19,True,347137/1048576,1/524288,1/524288,True,347139/1048576,True,True,prime_evaluator|all_integer_control,post_freeze_evaluator,0
812,0000000001100101100,19,19,True,-308223/1048576,1/524288,1/524288,True,308225/1048576,True,True,all_integer_control,post_freeze_evaluator,0
813,0000000001100101101,19,19,True,216065/1048576,1/524288,1/524288,True,216067/1048576,True,True,all_integer_control|arbitrary_decidable_modular,post_freeze_evaluator,0
814,0000000001100101110,19,19,True,-46079/1048576,1/524288,1/524288,True,46081/1048576,True,True,all_integer_control|arbitrary_decidable_modular,post_freeze_evaluator,0
815,0000000001100101111,19,19,True,478209/1048576,1/524288,1/524288,True,478211/1048576,True,True,all_integer_control,post_freeze_evaluator,0
816,0000000001100110000,19,19,True,-472063/1048576,1/524288,1/524288,True,472065/1048576,True,True,all_integer_control|matched_density_hash|arbitrary_decidable_modular,post_freeze_evaluator,0
817,0000000001100110001,19,19,True,52225/1048576,1/524288,1/524288,True,52227/1048576,True,True,all_integer_control,post_freeze_evaluator,0
818,0000000001100110010,19,19,True,-209919/1048576,1/524288,1/524288,True,209921/1048576,True,True,all_integer_control,post_freeze_evaluator,0
819,0000000001100110011,19,19,True,314369/1048576,1/524288,1/524288,True,314371/1048576,True,True,all_integer_control|matched_density_seeded_random|matched_density_hash,post_freeze_evaluator,0
820,0000000001100110100,19,19,True,-340991/1048576,1/524288,1/524288,True,340993/1048576,True,True,all_integer_control|arbitrary_decidable_modular,post_freeze_evaluator,0
821,0000000001100110101,19,19,True,183297/1048576,1/524288,1/524288,True,183299/1048576,True,True,prime_evaluator|all_integer_control|matched_density_seeded_random|matched_density_hash|arbitrary_decidable_modular,post_freeze_evaluator,0
822,0000000001100110110,19,19,True,-78847/1048576,1/524288,1/524288,True,78849/1048576,True,True,all_integer_control,post_freeze_evaluator,0
823,0000000001100110111,19,19,True,445441/1048576,1/524288,1/524288,True,445443/1048576,True,True,prime_evaluator|all_integer_control|arbitrary_decidable_modular,post_freeze_evaluator,0
824,0000000001100111000,19,19,True,-406527/1048576,1/524288,1/524288,True,406529/1048576,True,True,all_integer_control,post_freeze_evaluator,0
825,0000000001100111001,19,19,True,117761/1048576,1/524288,1/524288,True,117763/1048576,True,True,all_integer_control,post_freeze_evaluator,0
826,0000000001100111010,19,19,True,-144383/1048576,1/524288,1/524288,True,144385/1048576,True,True,all_integer_control,post_freeze_evaluator,0
827,0000000001100111011,19,19,True,379905/1048576,1/524288,1/524288,True,379907/1048576,True,True,prime_evaluator|all_integer_control|matched_density_seeded_random|arbitrary_decidable_modular,post_freeze_evaluator,0
828,0000000001100111100,19,19,True,-275455/1048576,1/524288,1/524288,True,275457/1048576,True,True,all_integer_control|arbitrary_decidable_modular,post_freeze_evaluator,0
829,0000000001100111101,19,19,True,248833/1048576,1/524288,1/524288,True,248835/1048576,True,True,prime_evaluator|all_integer_control|matched_density_hash,post_freeze_evaluator,0
830,0000000001100111110,19,19,True,-13311/1048576,1/524288,1/524288,True,13313/1048576,True,True,all_integer_control|arbitrary_decidable_modular,post_freeze_evaluator,0
831,0000000001100111111,19,19,True,510977/1048576,1/524288,1/524288,True,510979/1048576,True,True,all_integer_control,post_freeze_evaluator,0
832,0000000001101000000,19,19,True,-513023/1048576,1/524288,1/524288,True,513025/1048576,True,True,all_integer_control,post_freeze_evaluator,0
833,0000000001101000001,19,19,True,11265/1048576,1/524288,1/524288,True,11267/1048576,True,True,all_integer_control,post_freeze_evaluator,0
834,0000000001101000010,19,19,True,-250879/1048576,1/524288,1/524288,True,250881/1048576,True,True,all_integer_control|matched_density_seeded_random|arbitrary_decidable_modular,post_freeze_evaluator,0
835,0000000001101000011,19,19,True,273409/1048576,1/524288,1/524288,True,273411/1048576,True,True,all_integer_control|matched_density_hash|arbitrary_decidable_modular,post_freeze_evaluator,0
836,0000000001101000100,19,19,True,-381951/1048576,1/524288,1/524288,True,381953/1048576,True,True,all_integer_control,post_freeze_evaluator,0
837,0000000001101000101,19,19,True,142337/1048576,1/524288,1/524288,True,142339/1048576,True,True,all_integer_control|arbitrary_decidable_modular,post_freeze_evaluator,0
838,0000000001101000110,19,19,True,-119807/1048576,1/524288,1/524288,True,119809/1048576,True,True,all_integer_control,post_freeze_evaluator,0
839,0000000001101000111,19,19,True,404481/1048576,1/524288,1/524288,True,404483/1048576,True,True,prime_evaluator|all_integer_control,post_freeze_evaluator,0
840,0000000001101001000,19,19,True,-447487/1048576,1/524288,1/524288,True,447489/1048576,True,True,all_integer_control,post_freeze_evaluator,0
841,0000000001101001001,19,19,True,76801/1048576,1/524288,1/524288,True,76803/1048576,True,True,square_control|all_integer_control|matched_density_seeded_random|arbitrary_decidable_modular,post_freeze_evaluator,0
842,0000000001101001010,19,19,True,-185343/1048576,1/524288,1/524288,True,185345/1048576,True,True,all_integer_control|arbitrary_decidable_modular,post_freeze_evaluator,0
843,0000000001101001011,19,19,True,338945/1048576,1/524288,1/524288,True,338947/1048576,True,True,all_integer_control,post_freeze_evaluator,0
844,0000000001101001100,19,19,True,-316415/1048576,1/524288,1/524288,True,316417/1048576,True,True,all_integer_control|arbitrary_decidable_modular,post_freeze_evaluator,0
845,0000000001101001101,19,19,True,207873/1048576,1/524288,1/524288,True,207875/1048576,True,True,all_integer_control,post_freeze_evaluator,0
846,0000000001101001110,19,19,True,-54271/1048576,1/524288,1/524288,True,54273/1048576,True,True,all_integer_control,post_freeze_evaluator,0
847,0000000001101001111,19,19,True,470017/1048576,1/524288,1/524288,True,470019/1048576,True,True,all_integer_control,post_freeze_evaluator,0
848,0000000001101010000,19,19,True,-480255/1048576,1/524288,1/524288,True,480257/1048576,True,True,all_integer_control|matched_density_seeded_random|matched_density_hash|arbitrary_decidable_modular,post_freeze_evaluator,0
849,0000000001101010001,19,19,True,44033/1048576,1/524288,1/524288,True,44035/1048576,True,True,all_integer_control|arbitrary_decidable_modular,post_freeze_evaluator,0
850,0000000001101010010,19,19,True,-218111/1048576,1/524288,1/524288,True,218113/1048576,True,True,all_integer_control,post_freeze_evaluator,0
851,0000000001101010011,19,19,True,306177/1048576,1/524288,1/524288,True,306179/1048576,True,True,all_integer_control|arbitrary_decidable_modular,post_freeze_evaluator,0
852,0000000001101010100,19,19,True,-349183/1048576,1/524288,1/524288,True,349185/1048576,True,True,all_integer_control|matched_density_seeded_random|matched_density_hash,post_freeze_evaluator,0
853,0000000001101010101,19,19,True,175105/1048576,1/524288,1/524288,True,175107/1048576,True,True,prime_evaluator|all_integer_control,post_freeze_evaluator,0
854,0000000001101010110,19,19,True,-87039/1048576,1/524288,1/524288,True,87041/1048576,True,True,all_integer_control,post_freeze_evaluator,0
855,0000000001101010111,19,19,True,437249/1048576,1/524288,1/524288,True,437251/1048576,True,True,all_integer_control|arbitrary_decidable_modular,post_freeze_evaluator,0
856,0000000001101011000,19,19,True,-414719/1048576,1/524288,1/524288,True,414721/1048576,True,True,all_integer_control|arbitrary_decidable_modular,post_freeze_evaluator,0
857,0000000001101011001,19,19,True,109569/1048576,1/524288,1/524288,True,109571/1048576,True,True,prime_evaluator|all_integer_control,post_freeze_evaluator,0
858,0000000001101011010,19,19,True,-152575/1048576,1/524288,1/524288,True,152577/1048576,True,True,all_integer_control|arbitrary_decidable_modular,post_freeze_evaluator,0
859,0000000001101011011,19,19,True,371713/1048576,1/524288,1/524288,True,371715/1048576,True,True,prime_evaluator|all_integer_control,post_freeze_evaluator,0
860,0000000001101011100,19,19,True,-283647/1048576,1/524288,1/524288,True,283649/1048576,True,True,all_integer_control,post_freeze_evaluator,0
861,0000000001101011101,19,19,True,240641/1048576,1/524288,1/524288,True,240643/1048576,True,True,all_integer_control,post_freeze_evaluator,0
862,0000000001101011110,19,19,True,-21503/1048576,1/524288,1/524288,True,21505/1048576,True,True,all_integer_control|arbitrary_decidable_modular,post_freeze_evaluator,0
863,0000000001101011111,19,19,True,502785/1048576,1/524288,1/524288,True,502787/1048576,True,True,prime_evaluator|all_integer_control|arbitrary_decidable_modular,post_freeze_evaluator,0
864,0000000001101100000,19,19,True,-496639/1048576,1/524288,1/524288,True,496641/1048576,True,True,all_integer_control,post_freeze_evaluator,0
865,0000000001101100001,19,19,True,27649/1048576,1/524288,1/524288,True,27651/1048576,True,True,all_integer_control|matched_density_hash|arbitrary_decidable_modular,post_freeze_evaluator,0
866,0000000001101100010,19,19,True,-234495/1048576,1/524288,1/524288,True,234497/1048576,True,True,all_integer_control,post_freeze_evaluator,0
867,0000000001101100011,19,19,True,289793/1048576,1/524288,1/524288,True,289795/1048576,True,True,all_integer_control,post_freeze_evaluator,0
868,0000000001101100100,19,19,True,-365567/1048576,1/524288,1/524288,True,365569/1048576,True,True,all_integer_control,post_freeze_evaluator,0
869,0000000001101100101,19,19,True,158721/1048576,1/524288,1/524288,True,158723/1048576,True,True,all_integer_control|arbitrary_decidable_modular,post_freeze_evaluator,0
870,0000000001101100110,19,19,True,-103423/1048576,1/524288,1/524288,True,103425/1048576,True,True,all_integer_control|matched_density_hash|arbitrary_decidable_modular,post_freeze_evaluator,0
871,0000000001101100111,19,19,True,420865/1048576,1/524288,1/524288,True,420867/1048576,True,True,all_integer_control,post_freeze_evaluator,0
872,0000000001101101000,19,19,True,-431103/1048576,1/524288,1/524288,True,431105/1048576,True,True,all_integer_control|matched_density_hash|arbitrary_decidable_modular,post_freeze_evaluator,0
873,0000000001101101001,19,19,True,93185/1048576,1/524288,1/524288,True,93187/1048576,True,True,all_integer_control,post_freeze_evaluator,0
874,0000000001101101010,19,19,True,-168959/1048576,1/524288,1/524288,True,168961/1048576,True,True,all_integer_control,post_freeze_evaluator,0
875,0000000001101101011,19,19,True,355329/1048576,1/524288,1/524288,True,355331/1048576,True,True,all_integer_control,post_freeze_evaluator,0
876,0000000001101101100,19,19,True,-300031/1048576,1/524288,1/524288,True,300033/1048576,True,True,all_integer_control|matched_density_seeded_random|arbitrary_decidable_modular,post_freeze_evaluator,0
877,0000000001101101101,19,19,True,224257/1048576,1/524288,1/524288,True,224259/1048576,True,True,prime_evaluator|all_integer_control|matched_density_seeded_random|arbitrary_decidable_modular,post_freeze_evaluator,0
878,0000000001101101110,19,19,True,-37887/1048576,1/524288,1/524288,True,37889/1048576,True,True,all_integer_control,post_freeze_evaluator,0
879,0000000001101101111,19,19,True,486401/1048576,1/524288,1/524288,True,486403/1048576,True,True,all_integer_control|arbitrary_decidable_modular,post_freeze_evaluator,0
880,0000000001101110000,19,19,True,-463871/1048576,1/524288,1/524288,True,463873/1048576,True,True,all_integer_control|matched_density_seeded_random,post_freeze_evaluator,0
881,0000000001101110001,19,19,True,60417/1048576,1/524288,1/524288,True,60419/1048576,True,True,prime_evaluator|all_integer_control,post_freeze_evaluator,0
882,0000000001101110010,19,19,True,-201727/1048576,1/524288,1/524288,True,201729/1048576,True,True,all_integer_control,post_freeze_evaluator,0
883,0000000001101110011,19,19,True,322561/1048576,1/524288,1/524288,True,322563/1048576,True,True,prime_evaluator|all_integer_control|arbitrary_decidable_modular,post_freeze_evaluator,0
884,0000000001101110100,19,19,True,-332799/1048576,1/524288,1/524288,True,332801/1048576,True,True,all_integer_control|arbitrary_decidable_modular,post_freeze_evaluator,0
885,0000000001101110101,19,19,True,191489/1048576,1/524288,1/524288,True,191491/1048576,True,True,all_integer_control|matched_density_seeded_random,post_freeze_evaluator,0
886,0000000001101110110,19,19,True,-70655/1048576,1/524288,1/524288,True,70657/1048576,True,True,all_integer_control|matched_density_seeded_random|arbitrary_decidable_modular,post_freeze_evaluator,0
887,0000000001101110111,19,19,True,453633/1048576,1/524288,1/524288,True,453635/1048576,True,True,prime_evaluator|all_integer_control,post_freeze_evaluator,0
888,0000000001101111000,19,19,True,-398335/1048576,1/524288,1/524288,True,398337/1048576,True,True,all_integer_control,post_freeze_evaluator,0
889,0000000001101111001,19,19,True,125953/1048576,1/524288,1/524288,True,125955/1048576,True,True,all_integer_control|matched_density_seeded_random,post_freeze_evaluator,0
890,0000000001101111010,19,19,True,-136191/1048576,1/524288,1/524288,True,136193/1048576,True,True,all_integer_control|arbitrary_decidable_modular,post_freeze_evaluator,0
891,0000000001101111011,19,19,True,388097/1048576,1/524288,1/524288,True,388099/1048576,True,True,all_integer_control|matched_density_seeded_random|arbitrary_decidable_modular,post_freeze_evaluator,0
892,0000000001101111100,19,19,True,-267263/1048576,1/524288,1/524288,True,267265/1048576,True,True,all_integer_control,post_freeze_evaluator,0
893,0000000001101111101,19,19,True,257025/1048576,1/524288,1/524288,True,257027/1048576,True,True,all_integer_control|arbitrary_decidable_modular,post_freeze_evaluator,0
894,0000000001101111110,19,19,True,-5119/1048576,1/524288,1/524288,True,5121/1048576,True,True,all_integer_control,post_freeze_evaluator,0
895,0000000001101111111,19,19,True,519169/1048576,1/524288,1/524288,True,519171/1048576,True,True,all_integer_control,post_freeze_evaluator,0
896,0000000001110000000,19,19,True,-517119/1048576,1/524288,1/524288,True,517121/1048576,True,True,all_integer_control,post_freeze_evaluator,0
897,0000000001110000001,19,19,True,7169/1048576,1/524288,1/524288,True,7171/1048576,True,True,all_integer_control|arbitrary_decidable_modular,post_freeze_evaluator,0
898,0000000001110000010,19,19,True,-254975/1048576,1/524288,1/524288,True,254977/1048576,True,True,all_integer_control|arbitrary_decidable_modular,post_freeze_evaluator,0
899,0000000001110000011,19,19,True,269313/1048576,1/524288,1/524288,True,269315/1048576,True,True,all_integer_control,post_freeze_evaluator,0
900,0000000001110000100,19,19,True,-386047/1048576,1/524288,1/524288,True,386049/1048576,True,True,square_control|all_integer_control|arbitrary_decidable_modular,post_freeze_evaluator,0
901,0000000001110000101,19,19,True,138241/1048576,1/524288,1/524288,True,138243/1048576,True,True,all_integer_control,post_freeze_evaluator,0
902,0000000001110000110,19,19,True,-123903/1048576,1/524288,1/524288,True,123905/1048576,True,True,all_integer_control,post_freeze_evaluator,0
903,0000000001110000111,19,19,True,400385/1048576,1/524288,1/524288,True,400387/1048576,True,True,all_integer_control,post_freeze_evaluator,0
904,0000000001110001000,19,19,True,-451583/1048576,1/524288,1/524288,True,451585/1048576,True,True,all_integer_control|arbitrary_decidable_modular,post_freeze_evaluator,0
905,0000000001110001001,19,19,True,72705/1048576,1/524288,1/524288,True,72707/1048576,True,True,all_integer_control|matched_density_seeded_random|arbitrary_decidable_modular,post_freeze_evaluator,0
906,0000000001110001010,19,19,True,-189439/1048576,1/524288,1/524288,True,189441/1048576,True,True,all_integer_control|matched_density_hash,post_freeze_evaluator,0
907,0000000001110001011,19,19,True,334849/1048576,1/524288,1/524288,True,334851/1048576,True,True,prime_evaluator|all_integer_control|arbitrary_decidable_modular,post_freeze_evaluator,0
908,0000000001110001100,19,19,True,-320511/1048576,1/524288,1/524288,True,320513/1048576,True,True,all_integer_control|matched_density_seeded_random,post_freeze_evaluator,0
909,0000000001110001101,19,19,True,203777/1048576,1/524288,1/524288,True,203779/1048576,True,True,all_integer_control,post_freeze_evaluator,0
910,0000000001110001110,19,19,True,-58367/1048576,1/524288,1/524288,True,58369/1048576,True,True,all_integer_control,post_freeze_evaluator,0
911,0000000001110001111,19,19,True,465921/1048576,1/524288,1/524288,True,465923/1048576,True,True,prime_evaluator|all_integer_control|arbitrary_decidable_modular,post_freeze_evaluator,0
912,0000000001110010000,19,19,True,-484351/1048576,1/524288,1/524288,True,484353/1048576,True,True,all_integer_control|arbitrary_decidable_modular,post_freeze_evaluator,0
913,0000000001110010001,19,19,True,39937/1048576,1/524288,1/524288,True,39939/1048576,True,True,all_integer_control|matched_density_hash,post_freeze_evaluator,0
914,0000000001110010010,19,19,True,-222207/1048576,1/524288,1/524288,True,222209/1048576,True,True,all_integer_control|arbitrary_decidable_modular,post_freeze_evaluator,0
915,0000000001110010011,19,19,True,302081/1048576,1/524288,1/524288,True,302083/1048576,True,True,all_integer_control,post_freeze_evaluator,0
916,0000000001110010100,19,19,True,-353279/1048576,1/524288,1/524288,True,353281/1048576,True,True,all_integer_control|matched_density_seeded_random,post_freeze_evaluator,0
917,0000000001110010101,19,19,True,171009/1048576,1/524288,1/524288,True,171011/1048576,True,True,all_integer_control,post_freeze_evaluator,0
918,0000000001110010110,19,19,True,-91135/1048576,1/524288,1/524288,True,91137/1048576,True,True,all_integer_control|arbitrary_decidable_modular,post_freeze_evaluator,0
919,0000000001110010111,19,19,True,433153/1048576,1/524288,1/524288,True,433155/1048576,True,True,prime_evaluator|all_integer_control|matched_density_seeded_random|matched_density_hash|arbitrary_decidable_modular,post_freeze_evaluator,0
920,0000000001110011000,19,19,True,-418815/1048576,1/524288,1/524288,True,418817/1048576,True,True,all_integer_control|matched_density_hash,post_freeze_evaluator,0
921,0000000001110011001,19,19,True,105473/1048576,1/524288,1/524288,True,105475/1048576,True,True,all_integer_control|arbitrary_decidable_modular,post_freeze_evaluator,0
922,0000000001110011010,19,19,True,-156671/1048576,1/524288,1/524288,True,156673/1048576,True,True,all_integer_control,post_freeze_evaluator,0
923,0000000001110011011,19,19,True,367617/1048576,1/524288,1/524288,True,367619/1048576,True,True,all_integer_control|matched_density_seeded_random|matched_density_hash,post_freeze_evaluator,0
924,0000000001110011100,19,19,True,-287743/1048576,1/524288,1/524288,True,287745/1048576,True,True,all_integer_control,post_freeze_evaluator,0
925,0000000001110011101,19,19,True,236545/1048576,1/524288,1/524288,True,236547/1048576,True,True,all_integer_control|arbitrary_decidable_modular,post_freeze_evaluator,0
926,0000000001110011110,19,19,True,-25599/1048576,1/524288,1/524288,True,25601/1048576,True,True,all_integer_control|arbitrary_decidable_modular,post_freeze_evaluator,0
927,0000000001110011111,19,19,True,498689/1048576,1/524288,1/524288,True,498691/1048576,True,True,all_integer_control,post_freeze_evaluator,0
928,0000000001110100000,19,19,True,-500735/1048576,1/524288,1/524288,True,500737/1048576,True,True,all_integer_control|arbitrary_decidable_modular,post_freeze_evaluator,0
929,0000000001110100001,19,19,True,23553/1048576,1/524288,1/524288,True,23555/1048576,True,True,prime_evaluator|all_integer_control|matched_density_hash,post_freeze_evaluator,0
930,0000000001110100010,19,19,True,-238591/1048576,1/524288,1/524288,True,238593/1048576,True,True,all_integer_control|matched_density_seeded_random,post_freeze_evaluator,0
931,0000000001110100011,19,19,True,285697/1048576,1/524288,1/524288,True,285699/1048576,True,True,all_integer_control,post_freeze_evaluator,0
932,0000000001110100100,19,19,True,-369663/1048576,1/524288,1/524288,True,369665/1048576,True,True,all_integer_control|matched_density_seeded_random|arbitrary_decidable_modular,post_freeze_evaluator,0
933,0000000001110100101,19,19,True,154625/1048576,1/524288,1/524288,True,154627/1048576,True,True,all_integer_control|arbitrary_decidable_modular,post_freeze_evaluator,0
934,0000000001110100110,19,19,True,-107519/1048576,1/524288,1/524288,True,107521/1048576,True,True,all_integer_control,post_freeze_evaluator,0
935,0000000001110100111,19,19,True,416769/1048576,1/524288,1/524288,True,416771/1048576,True,True,all_integer_control|arbitrary_decidable_modular,post_freeze_evaluator,0
936,0000000001110101000,19,19,True,-435199/1048576,1/524288,1/524288,True,435201/1048576,True,True,all_integer_control|matched_density_hash,post_freeze_evaluator,0
937,0000000001110101001,19,19,True,89089/1048576,1/524288,1/524288,True,89091/1048576,True,True,prime_evaluator|all_integer_control,post_freeze_evaluator,0
938,0000000001110101010,19,19,True,-173055/1048576,1/524288,1/524288,True,173057/1048576,True,True,all_integer_control,post_freeze_evaluator,0
939,0000000001110101011,19,19,True,351233/1048576,1/524288,1/524288,True,351235/1048576,True,True,all_integer_control|arbitrary_decidable_modular,post_freeze_evaluator,0
940,0000000001110101100,19,19,True,-304127/1048576,1/524288,1/524288,True,304129/1048576,True,True,all_integer_control|matched_density_hash|arbitrary_decidable_modular,post_freeze_evaluator,0
941,0000000001110101101,19,19,True,220161/1048576,1/524288,1/524288,True,220163/1048576,True,True,prime_evaluator|all_integer_control,post_freeze_evaluator,0
942,0000000001110101110,19,19,True,-41983/1048576,1/524288,1/524288,True,41985/1048576,True,True,all_integer_control|arbitrary_decidable_modular,post_freeze_evaluator,0
943,0000000001110101111,19,19,True,482305/1048576,1/524288,1/524288,True,482307/1048576,True,True,all_integer_control,post_freeze_evaluator,0
944,0000000001110110000,19,19,True,-467967/1048576,1/524288,1/524288,True,467969/1048576,True,True,all_integer_control|matched_density_seeded_random,post_freeze_evaluator,0
945,0000000001110110001,19,19,True,56321/1048576,1/524288,1/524288,True,56323/1048576,True,True,all_integer_control,post_freeze_evaluator,0
946,0000000001110110010,19,19,True,-205823/1048576,1/524288,1/524288,True,205825/1048576,True,True,all_integer_control|arbitrary_decidable_modular,post_freeze_evaluator,0
947,0000000001110110011,19,19,True,318465/1048576,1/524288,1/524288,True,318467/1048576,True,True,prime_evaluator|all_integer_control|arbitrary_decidable_modular,post_freeze_evaluator,0
948,0000000001110110100,19,19,True,-336895/1048576,1/524288,1/524288,True,336897/1048576,True,True,all_integer_control|matched_density_hash,post_freeze_evaluator,0
949,0000000001110110101,19,19,True,187393/1048576,1/524288,1/524288,True,187395/1048576,True,True,all_integer_control|arbitrary_decidable_modular,post_freeze_evaluator,0
950,0000000001110110110,19,19,True,-74751/1048576,1/524288,1/524288,True,74753/1048576,True,True,all_integer_control,post_freeze_evaluator,0
951,0000000001110110111,19,19,True,449537/1048576,1/524288,1/524288,True,449539/1048576,True,True,all_integer_control,post_freeze_evaluator,0
952,0000000001110111000,19,19,True,-402431/1048576,1/524288,1/524288,True,402433/1048576,True,True,all_integer_control,post_freeze_evaluator,0
953,0000000001110111001,19,19,True,121857/1048576,1/524288,1/524288,True,121859/1048576,True,True,prime_evaluator|all_integer_control|arbitrary_decidable_modular,post_freeze_evaluator,0
954,0000000001110111010,19,19,True,-140287/1048576,1/524288,1/524288,True,140289/1048576,True,True,all_integer_control|matched_density_hash|arbitrary_decidable_modular,post_freeze_evaluator,0
955,0000000001110111011,19,19,True,384001/1048576,1/524288,1/524288,True,384003/1048576,True,True,all_integer_control,post_freeze_evaluator,0
956,0000000001110111100,19,19,True,-271359/1048576,1/524288,1/524288,True,271361/1048576,True,True,all_integer_control|arbitrary_decidable_modular,post_freeze_evaluator,0
957,0000000001110111101,19,19,True,252929/1048576,1/524288,1/524288,True,252931/1048576,True,True,all_integer_control|matched_density_seeded_random,post_freeze_evaluator,0
958,0000000001110111110,19,19,True,-9215/1048576,1/524288,1/524288,True,9217/1048576,True,True,all_integer_control,post_freeze_evaluator,0
959,0000000001110111111,19,19,True,515073/1048576,1/524288,1/524288,True,515075/1048576,True,True,all_integer_control,post_freeze_evaluator,0
960,0000000001111000000,19,19,True,-508927/1048576,1/524288,1/524288,True,508929/1048576,True,True,all_integer_control|arbitrary_decidable_modular,post_freeze_evaluator,0
961,0000000001111000001,19,19,True,15361/1048576,1/524288,1/524288,True,15363/1048576,True,True,square_control|all_integer_control|matched_density_hash|arbitrary_decidable_modular,post_freeze_evaluator,0
962,0000000001111000010,19,19,True,-246783/1048576,1/524288,1/524288,True,246785/1048576,True,True,all_integer_control,post_freeze_evaluator,0
963,0000000001111000011,19,19,True,277505/1048576,1/524288,1/524288,True,277507/1048576,True,True,all_integer_control|arbitrary_decidable_modular,post_freeze_evaluator,0
964,0000000001111000100,19,19,True,-377855/1048576,1/524288,1/524288,True,377857/1048576,True,True,all_integer_control,post_freeze_evaluator,0
965,0000000001111000101,19,19,True,146433/1048576,1/524288,1/524288,True,146435/1048576,True,True,all_integer_control,post_freeze_evaluator,0
966,0000000001111000110,19,19,True,-115711/1048576,1/524288,1/524288,True,115713/1048576,True,True,all_integer_control|matched_density_seeded_random,post_freeze_evaluator,0
967,0000000001111000111,19,19,True,408577/1048576,1/524288,1/524288,True,408579/1048576,True,True,prime_evaluator|all_integer_control|arbitrary_decidable_modular,post_freeze_evaluator,0
968,0000000001111001000,19,19,True,-443391/1048576,1/524288,1/524288,True,443393/1048576,True,True,all_integer_control|arbitrary_decidable_modular,post_freeze_evaluator,0
969,0000000001111001001,19,19,True,80897/1048576,1/524288,1/524288,True,80899/1048576,True,True,all_integer_control|matched_density_seeded_random,post_freeze_evaluator,0
970,0000000001111001010,19,19,True,-181247/1048576,1/524288,1/524288,True,181249/1048576,True,True,all_integer_control|matched_density_hash|arbitrary_decidable_modular,post_freeze_evaluator,0
971,0000000001111001011,19,19,True,343041/1048576,1/524288,1/524288,True,343043/1048576,True,True,prime_evaluator|all_integer_control,post_freeze_evaluator,0
972,0000000001111001100,19,19,True,-312319/1048576,1/524288,1/524288,True,312321/1048576,True,True,all_integer_control,post_freeze_evaluator,0
973,0000000001111001101,19,19,True,211969/1048576,1/524288,1/524288,True,211971/1048576,True,True,all_integer_control,post_freeze_evaluator,0
974,0000000001111001110,19,19,True,-50175/1048576,1/524288,1/524288,True,50177/1048576,True,True,all_integer_control|arbitrary_decidable_modular,post_freeze_evaluator,0
975,0000000001111001111,19,19,True,474113/1048576,1/524288,1/524288,True,474115/1048576,True,True,all_integer_control|arbitrary_decidable_modular,post_freeze_evaluator,0
976,0000000001111010000,19,19,True,-476159/1048576,1/524288,1/524288,True,476161/1048576,True,True,all_integer_control|matched_density_seeded_random,post_freeze_evaluator,0
977,0000000001111010001,19,19,True,48129/1048576,1/524288,1/524288,True,48131/1048576,True,True,prime_evaluator|all_integer_control|arbitrary_decidable_modular,post_freeze_evaluator,0
978,0000000001111010010,19,19,True,-214015/1048576,1/524288,1/524288,True,214017/1048576,True,True,all_integer_control|matched_density_seeded_random,post_freeze_evaluator,0
979,0000000001111010011,19,19,True,310273/1048576,1/524288,1/524288,True,310275/1048576,True,True,all_integer_control,post_freeze_evaluator,0
980,0000000001111010100,19,19,True,-345087/1048576,1/524288,1/524288,True,345089/1048576,True,True,all_integer_control|matched_density_hash,post_freeze_evaluator,0
981,0000000001111010101,19,19,True,179201/1048576,1/524288,1/524288,True,179203/1048576,True,True,all_integer_control|arbitrary_decidable_modular,post_freeze_evaluator,0
982,0000000001111010110,19,19,True,-82943/1048576,1/524288,1/524288,True,82945/1048576,True,True,all_integer_control|arbitrary_decidable_modular,post_freeze_evaluator,0
983,0000000001111010111,19,19,True,441345/1048576,1/524288,1/524288,True,441347/1048576,True,True,prime_evaluator|all_integer_control,post_freeze_evaluator,0
984,0000000001111011000,19,19,True,-410623/1048576,1/524288,1/524288,True,410625/1048576,True,True,all_integer_control|matched_density_hash|arbitrary_decidable_modular,post_freeze_evaluator,0
985,0000000001111011001,19,19,True,113665/1048576,1/524288,1/524288,True,113667/1048576,True,True,all_integer_control|matched_density_seeded_random,post_freeze_evaluator,0
986,0000000001111011010,19,19,True,-148479/1048576,1/524288,1/524288,True,148481/1048576,True,True,all_integer_control|matched_density_hash,post_freeze_evaluator,0
987,0000000001111011011,19,19,True,375809/1048576,1/524288,1/524288,True,375811/1048576,True,True,fibonacci_control|all_integer_control,post_freeze_evaluator,0
988,0000000001111011100,19,19,True,-279551/1048576,1/524288,1/524288,True,279553/1048576,True,True,all_integer_control|matched_density_hash|arbitrary_decidable_modular,post_freeze_evaluator,0
989,0000000001111011101,19,19,True,244737/1048576,1/524288,1/524288,True,244739/1048576,True,True,all_integer_control|arbitrary_decidable_modular,post_freeze_evaluator,0
990,0000000001111011110,19,19,True,-17407/1048576,1/524288,1/524288,True,17409/1048576,True,True,all_integer_control,post_freeze_evaluator,0
991,0000000001111011111,19,19,True,506881/1048576,1/524288,1/524288,True,506883/1048576,True,True,prime_evaluator|all_integer_control|arbitrary_decidable_modular,post_freeze_evaluator,0
992,0000000001111100000,19,19,True,-492543/1048576,1/524288,1/524288,True,492545/1048576,True,True,all_integer_control|matched_density_seeded_random,post_freeze_evaluator,0
993,0000000001111100001,19,19,True,31745/1048576,1/524288,1/524288,True,31747/1048576,True,True,all_integer_control,post_freeze_evaluator,0
994,0000000001111100010,19,19,True,-230399/1048576,1/524288,1/524288,True,230401/1048576,True,True,all_integer_control,post_freeze_evaluator,0
995,0000000001111100011,19,19,True,293889/1048576,1/524288,1/524288,True,293891/1048576,True,True,all_integer_control|matched_density_seeded_random|arbitrary_decidable_modular,post_freeze_evaluator,0
996,0000000001111100100,19,19,True,-361471/1048576,1/524288,1/524288,True,361473/1048576,True,True,all_integer_control|arbitrary_decidable_modular,post_freeze_evaluator,0
997,0000000001111100101,19,19,True,162817/1048576,1/524288,1/524288,True,162819/1048576,True,True,prime_evaluator|all_integer_control,post_freeze_evaluator,0
998,0000000001111100110,19,19,True,-99327/1048576,1/524288,1/524288,True,99329/1048576,True,True,all_integer_control|arbitrary_decidable_modular,post_freeze_evaluator,0
999,0000000001111100111,19,19,True,424961/1048576,1/524288,1/524288,True,424963/1048576,True,True,all_integer_control,post_freeze_evaluator,0
1000,0000000001111101000,19,19,True,-427007/1048576,1/524288,1/524288,True,427009/1048576,True,True,all_integer_control,post_freeze_evaluator,0
1001,0000000001111101001,19,19,True,97281/1048576,1/524288,1/524288,True,97283/1048576,True,True,all_integer_control,post_freeze_evaluator,0
1002,0000000001111101010,19,19,True,-164863/1048576,1/524288,1/524288,True,164865/1048576,True,True,all_integer_control|matched_density_hash|arbitrary_decidable_modular,post_freeze_evaluator,0
1003,0000000001111101011,19,19,True,359425/1048576,1/524288,1/524288,True,359427/1048576,True,True,all_integer_control|matched_density_hash|arbitrary_decidable_modular,post_freeze_evaluator,0
1004,0000000001111101100,19,19,True,-295935/1048576,1/524288,1/524288,True,295937/1048576,True,True,all_integer_control,post_freeze_evaluator,0
1005,0000000001111101101,19,19,True,228353/1048576,1/524288,1/524288,True,228355/1048576,True,True,all_integer_control|arbitrary_decidable_modular,post_freeze_evaluator,0
1006,0000000001111101110,19,19,True,-33791/1048576,1/524288,1/524288,True,33793/1048576,True,True,all_integer_control|matched_density_hash,post_freeze_evaluator,0
1007,0000000001111101111,19,19,True,490497/1048576,1/524288,1/524288,True,490499/1048576,True,True,all_integer_control,post_freeze_evaluator,0
1008,0000000001111110000,19,19,True,-459775/1048576,1/524288,1/524288,True,459777/1048576,True,True,all_integer_control,post_freeze_evaluator,0
1009,0000000001111110001,19,19,True,64513/1048576,1/524288,1/524288,True,64515/1048576,True,True,prime_evaluator|all_integer_control|arbitrary_decidable_modular,post_freeze_evaluator,0
1010,0000000001111110010,19,19,True,-197631/1048576,1/524288,1/524288,True,197633/1048576,True,True,all_integer_control|matched_density_seeded_random|arbitrary_decidable_modular,post_freeze_evaluator,0
1011,0000000001111110011,19,19,True,326657/1048576,1/524288,1/524288,True,326659/1048576,True,True,all_integer_control|matched_density_seeded_random,post_freeze_evaluator,0
1012,0000000001111110100,19,19,True,-328703/1048576,1/524288,1/524288,True,328705/1048576,True,True,all_integer_control|arbitrary_decidable_modular,post_freeze_evaluator,0
1013,0000000001111110101,19,19,True,195585/1048576,1/524288,1/524288,True,195587/1048576,True,True,prime_evaluator|all_integer_control|matched_density_seeded_random,post_freeze_evaluator,0
1014,0000000001111110110,19,19,True,-66559/1048576,1/524288,1/524288,True,66561/1048576,True,True,all_integer_control,post_freeze_evaluator,0
1015,0000000001111110111,19,19,True,457729/1048576,1/524288,1/524288,True,457731/1048576,True,True,all_integer_control,post_freeze_evaluator,0
1016,0000000001111111000,19,19,True,-394239/1048576,1/524288,1/524288,True,394241/1048576,True,True,all_integer_control|arbitrary_decidable_modular,post_freeze_evaluator,0
1017,0000000001111111001,19,19,True,130049/1048576,1/524288,1/524288,True,130051/1048576,True,True,all_integer_control|matched_density_seeded_random|matched_density_hash|arbitrary_decidable_modular,post_freeze_evaluator,0
1018,0000000001111111010,19,19,True,-132095/1048576,1/524288,1/524288,True,132097/1048576,True,True,all_integer_control,post_freeze_evaluator,0
1019,0000000001111111011,19,19,True,392193/1048576,1/524288,1/524288,True,392195/1048576,True,True,prime_evaluator|all_integer_control|arbitrary_decidable_modular,post_freeze_evaluator,0
1020,0000000001111111100,19,19,True,-263167/1048576,1/524288,1/524288,True,263169/1048576,True,True,all_integer_control|matched_density_seeded_random,post_freeze_evaluator,0
1021,0000000001111111101,19,19,True,261121/1048576,1/524288,1/524288,True,261123/1048576,True,True,prime_evaluator|all_integer_control,post_freeze_evaluator,0
1022,0000000001111111110,19,19,True,-1023/1048576,1/524288,1/524288,True,1025/1048576,True,True,all_integer_control|matched_density_seeded_random,post_freeze_evaluator,0
1023,0000000001111111111,19,19,True,523265/1048576,1/524288,1/524288,True,523267/1048576,True,True,all_integer_control|arbitrary_decidable_modular,post_freeze_evaluator,0
1024,000000000010000000000,21,21,True,-2095103/4194304,1/2097152,1/2097152,True,2095105/4194304,True,True,square_control|all_integer_control|arbitrary_decidable_modular,post_freeze_evaluator,0
1025,000000000010000000001,21,21,True,2049/4194304,1/2097152,1/2097152,True,2051/4194304,True,True,all_integer_control,post_freeze_evaluator,0
1026,000000000010000000010,21,21,True,-1046527/4194304,1/2097152,1/2097152,True,1046529/4194304,True,True,all_integer_control|arbitrary_decidable_modular,post_freeze_evaluator,0
1027,000000000010000000011,21,21,True,1050625/4194304,1/2097152,1/2097152,True,1050627/4194304,True,True,all_integer_control,post_freeze_evaluator,0
1028,000000000010000000100,21,21,True,-1570815/4194304,1/2097152,1/2097152,True,1570817/4194304,True,True,all_integer_control,post_freeze_evaluator,0
1029,000000000010000000101,21,21,True,526337/4194304,1/2097152,1/2097152,True,526339/4194304,True,True,all_integer_control,post_freeze_evaluator,0
1030,000000000010000000110,21,21,True,-522239/4194304,1/2097152,1/2097152,True,522241/4194304,True,True,all_integer_control|arbitrary_decidable_modular,post_freeze_evaluator,0
1031,000000000010000000111,21,21,True,1574913/4194304,1/2097152,1/2097152,True,1574915/4194304,True,True,prime_evaluator|all_integer_control|arbitrary_decidable_modular,post_freeze_evaluator,0
1032,000000000010000001000,21,21,True,-1832959/4194304,1/2097152,1/2097152,True,1832961/4194304,True,True,all_integer_control,post_freeze_evaluator,0
1033,000000000010000001001,21,21,True,264193/4194304,1/2097152,1/2097152,True,264195/4194304,True,True,prime_evaluator|all_integer_control|arbitrary_decidable_modular,post_freeze_evaluator,0
1034,000000000010000001010,21,21,True,-784383/4194304,1/2097152,1/2097152,True,784385/4194304,True,True,all_integer_control,post_freeze_evaluator,0
1035,000000000010000001011,21,21,True,1312769/4194304,1/2097152,1/2097152,True,1312771/4194304,True,True,all_integer_control,post_freeze_evaluator,0
1036,000000000010000001100,21,21,True,-1308671/4194304,1/2097152,1/2097152,True,1308673/4194304,True,True,all_integer_control|matched_density_seeded_random,post_freeze_evaluator,0
1037,000000000010000001101,21,21,True,788481/4194304,1/2097152,1/2097152,True,788483/4194304,True,True,all_integer_control|arbitrary_decidable_modular,post_freeze_evaluator,0
1038,000000000010000001110,21,21,True,-260095/4194304,1/2097152,1/2097152,True,260097/4194304,True,True,all_integer_control|arbitrary_decidable_modular,post_freeze_evaluator,0
1039,000000000010000001111,21,21,True,1837057/4194304,1/2097152,1/2097152,True,1837059/4194304,True,True,prime_evaluator|all_integer_control,post_freeze_evaluator,0
1040,000000000010000010000,21,21,True,-1964031/4194304,1/2097152,1/2097152,True,1964033/4194304,True,True,all_integer_control|arbitrary_decidable_modular,post_freeze_evaluator,0
1041,000000000010000010001,21,21,True,133121/4194304,1/2097152,1/2097152,True,133123/4194304,True,True,all_integer_control,post_freeze_evaluator,0
1042,000000000010000010010,21,21,True,-915455/4194304,1/2097152,1/2097152,True,915457/4194304,True,True,all_integer_control,post_freeze_evaluator,0
1043,000000000010000010011,21,21,True,1181697/4194304,1/2097152,1/2097152,True,1181699/4194304,True,True,all_integer_control|matched_density_seeded_random|matched_density_hash,post_freeze_evaluator,0
1044,000000000010000010100,21,21,True,-1439743/4194304,1/2097152,1/2097152,True,1439745/4194304,True,True,all_integer_control|arbitrary_decidable_modular,post_freeze_evaluator,0
1045,000000000010000010101,21,21,True,657409/4194304,1/2097152,1/2097152,True,657411/4194304,True,True,all_integer_control|arbitrary_decidable_modular,post_freeze_evaluator,0
1046,000000000010000010110,21,21,True,-391167/4194304,1/2097152,1/2097152,True,391169/4194304,True,True,all_integer_control|matched_density_hash,post_freeze_evaluator,0
1047,000000000010000010111,21,21,True,1705985/4194304,1/2097152,1/2097152,True,1705987/4194304,True,True,all_integer_control|arbitrary_decidable_modular,post_freeze_evaluator,0
1048,000000000010000011000,21,21,True,-1701887/4194304,1/2097152,1/2097152,True,1701889/4194304,True,True,all_integer_control|matched_density_seeded_random,post_freeze_evaluator,0
1049,000000000010000011001,21,21,True,395265/4194304,1/2097152,1/2097152,True,395267/4194304,True,True,prime_evaluator|all_integer_control,post_freeze_evaluator,0
1050,000000000010000011010,21,21,True,-653311/4194304,1/2097152,1/2097152,True,653313/4194304,True,True,all_integer_control,post_freeze_evaluator,0
1051,000000000010000011011,21,21,True,1443841/4194304,1/2097152,1/2097152,True,1443843/4194304,True,True,prime_evaluator|all_integer_control|arbitrary_decidable_modular,post_freeze_evaluator,0
1052,000000000010000011100,21,21,True,-1177599/4194304,1/2097152,1/2097152,True,1177601/4194304,True,True,all_integer_control|matched_density_seeded_random|arbitrary_decidable_modular,post_freeze_evaluator,0
1053,000000000010000011101,21,21,True,919553/4194304,1/2097152,1/2097152,True,919555/4194304,True,True,all_integer_control,post_freeze_evaluator,0
1054,000000000010000011110,21,21,True,-129023/4194304,1/2097152,1/2097152,True,129025/4194304,True,True,all_integer_control|arbitrary_decidable_modular,post_freeze_evaluator,0
1055,000000000010000011111,21,21,True,1968129/4194304,1/2097152,1/2097152,True,1968131/4194304,True,True,all_integer_control|matched_density_seeded_random,post_freeze_evaluator,0
1056,000000000010000100000,21,21,True,-2029567/4194304,1/2097152,1/2097152,True,2029569/4194304,True,True,all_integer_control|matched_density_hash,post_freeze_evaluator,0
1057,000000000010000100001,21,21,True,67585/4194304,1/2097152,1/2097152,True,67587/4194304,True,True,all_integer_control,post_freeze_evaluator,0
1058,000000000010000100010,21,21,True,-980991/4194304,1/2097152,1/2097152,True,980993/4194304,True,True,all_integer_control|matched_density_hash|arbitrary_decidable_modular,post_freeze_evaluator,0
1059,000000000010000100011,21,21,True,1116161/4194304,1/2097152,1/2097152,True,1116163/4194304,True,True,all_integer_control|matched_density_hash|arbitrary_decidable_modular,post_freeze_evaluator,0
1060,000000000010000100100,21,21,True,-1505279/4194304,1/2097152,1/2097152,True,1505281/4194304,True,True,all_integer_control|matched_density_hash,post_freeze_evaluator,0
1061,000000000010000100101,21,21,True,591873/4194304,1/2097152,1/2097152,True,591875/4194304,True,True,prime_evaluator|all_integer_control|matched_density_seeded_random|arbitrary_decidable_modular,post_freeze_evaluator,0
1062,000000000010000100110,21,21,True,-456703/4194304,1/2097152,1/2097152,True,456705/4194304,True,True,all_integer_control|matched_density_hash,post_freeze_evaluator,0
1063,000000000010000100111,21,21,True,1640449/4194304,1/2097152,1/2097152,True,1640451/4194304,True,True,prime_evaluator|all_integer_control|matched_density_seeded_random,post_freeze_evaluator,0
1064,000000000010000101000,21,21,True,-1767423/4194304,1/2097152,1/2097152,True,1767425/4194304,True,True,all_integer_control,post_freeze_evaluator,0
1065,000000000010000101001,21,21,True,329729/4194304,1/2097152,1/2097152,True,329731/4194304,True,True,all_integer_control|arbitrary_decidable_modular,post_freeze_evaluator,0
1066,000000000010000101010,21,21,True,-718847/4194304,1/2097152,1/2097152,True,718849/4194304,True,True,all_integer_control|arbitrary_decidable_modular,post_freeze_evaluator,0
1067,000000000010000101011,21,21,True,1378305/4194304,1/2097152,1/2097152,True,1378307/4194304,True,True,all_integer_control,post_freeze_evaluator,0
1068,000000000010000101100,21,21,True,-1243135/4194304,1/2097152,1/2097152,True,1243137/4194304,True,True,all_integer_control|arbitrary_decidable_modular,post_freeze_evaluator,0
1069,000000000010000101101,21,21,True,854017/4194304,1/2097152,1/2097152,True,854019/4194304,True,True,prime_evaluator|all_integer_control,post_freeze_evaluator,0
1070,000000000010000101110,21,21,True,-194559/4194304,1/2097152,1/2097152,True,194561/4194304,True,True,all_integer_control,post_freeze_evaluator,0
1071,000000000010000101111,21,21,True,1902593/4194304,1/2097152,1/2097152,True,1902595/4194304,True,True,all_integer_control,post_freeze_evaluator,0
1072,000000000010000110000,21,21,True,-1898495/4194304,1/2097152,1/2097152,True,1898497/4194304,True,True,all_integer_control|matched_density_hash|arbitrary_decidable_modular,post_freeze_evaluator,0
1073,000000000010000110001,21,21,True,198657/4194304,1/2097152,1/2097152,True,198659/4194304,True,True,all_integer_control|arbitrary_decidable_modular,post_freeze_evaluator,0
1074,000000000010000110010,21,21,True,-849919/4194304,1/2097152,1/2097152,True,849921/4194304,True,True,all_integer_control,post_freeze_evaluator,0
1075,000000000010000110011,21,21,True,1247233/4194304,1/2097152,1/2097152,True,1247235/4194304,True,True,all_integer_control|matched_density_seeded_random|arbitrary_decidable_modular,post_freeze_evaluator,0
1076,000000000010000110100,21,21,True,-1374207/4194304,1/2097152,1/2097152,True,1374209/4194304,True,True,all_integer_control,post_freeze_evaluator,0
1077,000000000010000110101,21,21,True,722945/4194304,1/2097152,1/2097152,True,722947/4194304,True,True,all_integer_control,post_freeze_evaluator,0
1078,000000000010000110110,21,21,True,-325631/4194304,1/2097152,1/2097152,True,325633/4194304,True,True,all_integer_control|matched_density_seeded_random|matched_density_hash,post_freeze_evaluator,0
1079,000000000010000110111,21,21,True,1771521/4194304,1/2097152,1/2097152,True,1771523/4194304,True,True,all_integer_control|arbitrary_decidable_modular,post_freeze_evaluator,0
1080,000000000010000111000,21,21,True,-1636351/4194304,1/2097152,1/2097152,True,1636353/4194304,True,True,all_integer_control|arbitrary_decidable_modular,post_freeze_evaluator,0
1081,000000000010000111001,21,21,True,460801/4194304,1/2097152,1/2097152,True,460803/4194304,True,True,all_integer_control,post_freeze_evaluator,0
1082,000000000010000111010,21,21,True,-587775/4194304,1/2097152,1/2097152,True,587777/4194304,True,True,all_integer_control|arbitrary_decidable_modular,post_freeze_evaluator,0
1083,000000000010000111011,21,21,True,1509377/4194304,1/2097152,1/2097152,True,1509379/4194304,True,True,all_integer_control|matched_density_hash,post_freeze_evaluator,0
1084,000000000010000111100,21,21,True,-1112063/4194304,1/2097152,1/2097152,True,1112065/4194304,True,True,all_integer_control|matched_density_seeded_random,post_freeze_evaluator,0
1085,000000000010000111101,21,21,True,985089/4194304,1/2097152,1/2097152,True,985091/4194304,True,True,all_integer_control|matched_density_seeded_random,post_freeze_evaluator,0
1086,000000000010000111110,21,21,True,-63487/4194304,1/2097152,1/2097152,True,63489/4194304,True,True,all_integer_control|matched_density_seeded_random|arbitrary_decidable_modular,post_freeze_evaluator,0
1087,000000000010000111111,21,21,True,2033665/4194304,1/2097152,1/2097152,True,2033667/4194304,True,True,prime_evaluator|all_integer_control|arbitrary_decidable_modular,post_freeze_evaluator,0
1088,000000000010001000000,21,21,True,-2062335/4194304,1/2097152,1/2097152,True,2062337/4194304,True,True,all_integer_control,post_freeze_evaluator,0
1089,000000000010001000001,21,21,True,34817/4194304,1/2097152,1/2097152,True,34819/4194304,True,True,square_control|all_integer_control|arbitrary_decidable_modular,post_freeze_evaluator,0
1090,000000000010001000010,21,21,True,-1013759/4194304,1/2097152,1/2097152,True,1013761/4194304,True,True,all_integer_control,post_freeze_evaluator,0
1091,000000000010001000011,21,21,True,1083393/4194304,1/2097152,1/2097152,True,1083395/4194304,True,True,prime_evaluator|all_integer_control|matched_density_seeded_random,post_freeze_evaluator,0
1092,000000000010001000100,21,21,True,-1538047/4194304,1/2097152,1/2097152,True,1538049/4194304,True,True,all_integer_control,post_freeze_evaluator,0
1093,000000000010001000101,21,21,True,559105/4194304,1/2097152,1/2097152,True,559107/4194304,True,True,prime_evaluator|all_integer_control|matched_density_hash|arbitrary_decidable_modular,post_freeze_evaluator,0
1094,000000000010001000110,21,21,True,-489471/4194304,1/2097152,1/2097152,True,489473/4194304,True,True,all_integer_control|matched_density_seeded_random|arbitrary_decidable_modular,post_freeze_evaluator,0
1095,000000000010001000111,21,21,True,1607681/4194304,1/2097152,1/2097152,True,1607683/4194304,True,True,all_integer_control|matched_density_hash,post_freeze_evaluator,0
1096,000000000010001001000,21,21,True,-1800191/4194304,1/2097152,1/2097152,True,1800193/4194304,True,True,all_integer_control|arbitrary_decidable_modular,post_freeze_evaluator,0
1097,000000000010001001001,21,21,True,296961/4194304,1/2097152,1/2097152,True,296963/4194304,True,True,prime_evaluator|all_integer_control|matched_density_seeded_random,post_freeze_evaluator,0
1098,000000000010001001010,21,21,True,-751615/4194304,1/2097152,1/2097152,True,751617/4194304,True,True,all_integer_control,post_freeze_evaluator,0
1099,000000000010001001011,21,21,True,1345537/4194304,1/2097152,1/2097152,True,1345539/4194304,True,True,all_integer_control,post_freeze_evaluator,0
1100,000000000010001001100,21,21,True,-1275903/4194304,1/2097152,1/2097152,True,1275905/4194304,True,True,all_integer_control|arbitrary_decidable_modular,post_freeze_evaluator,0
1101,000000000010001001101,21,21,True,821249/4194304,1/2097152,1/2097152,True,821251/4194304,True,True,all_integer_control|arbitrary_decidable_modular,post_freeze_evaluator,0
1102,000000000010001001110,21,21,True,-227327/4194304,1/2097152,1/2097152,True,227329/4194304,True,True,all_integer_control|matched_density_hash,post_freeze_evaluator,0
1103,000000000010001001111,21,21,True,1869825/4194304,1/2097152,1/2097152,True,1869827/4194304,True,True,prime_evaluator|all_integer_control|arbitrary_decidable_modular,post_freeze_evaluator,0
1104,000000000010001010000,21,21,True,-1931263/4194304,1/2097152,1/2097152,True,1931265/4194304,True,True,all_integer_control,post_freeze_evaluator,0
1105,000000000010001010001,21,21,True,165889/4194304,1/2097152,1/2097152,True,165891/4194304,True,True,all_integer_control,post_freeze_evaluator,0
1106,000000000010001010010,21,21,True,-882687/4194304,1/2097152,1/2097152,True,882689/4194304,True,True,all_integer_control,post_freeze_evaluator,0
1107,000000000010001010011,21,21,True,1214465/4194304,1/2097152,1/2097152,True,1214467/4194304,True,True,all_integer_control|arbitrary_decidable_modular,post_freeze_evaluator,0
1108,000000000010001010100,21,21,True,-1406975/4194304,1/2097152,1/2097152,True,1406977/4194304,True,True,all_integer_control|arbitrary_decidable_modular,post_freeze_evaluator,0
1109,000000000010001010101,21,21,True,690177/4194304,1/2097152,1/2097152,True,690179/4194304,True,True,prime_evaluator|all_integer_control,post_freeze_evaluator,0
1110,000000000010001010110,21,21,True,-358399/4194304,1/2097152,1/2097152,True,358401/4194304,True,True,all_integer_control|arbitrary_decidable_modular,post_freeze_evaluator,0
1111,000000000010001010111,21,21,True,1738753/4194304,1/2097152,1/2097152,True,1738755/4194304,True,True,all_integer_control,post_freeze_evaluator,0
1112,000000000010001011000,21,21,True,-1669119/4194304,1/2097152,1/2097152,True,1669121/4194304,True,True,all_integer_control,post_freeze_evaluator,0
1113,000000000010001011001,21,21,True,428033/4194304,1/2097152,1/2097152,True,428035/4194304,True,True,all_integer_control|matched_density_seeded_random|matched_density_hash,post_freeze_evaluator,0
1114,000000000010001011010,21,21,True,-620543/4194304,1/2097152,1/2097152,True,620545/4194304,True,True,all_integer_control|matched_density_hash|arbitrary_decidable_modular,post_freeze_evaluator,0
1115,000000000010001011011,21,21,True,1476609/4194304,1/2097152,1/2097152,True,1476611/4194304,True,True,all_integer_control|matched_density_seeded_random|arbitrary_decidable_modular,post_freeze_evaluator,0
1116,000000000010001011100,21,21,True,-1144831/4194304,1/2097152,1/2097152,True,1144833/4194304,True,True,all_integer_control,post_freeze_evaluator,0
1117,000000000010001011101,21,21,True,952321/4194304,1/2097152,1/2097152,True,952323/4194304,True,True,prime_evaluator|all_integer_control|matched_density_hash|arbitrary_decidable_modular,post_freeze_evaluator,0
1118,000000000010001011110,21,21,True,-96255/4194304,1/2097152,1/2097152,True,96257/4194304,True,True,all_integer_control,post_freeze_evaluator,0
1119,000000000010001011111,21,21,True,2000897/4194304,1/2097152,1/2097152,True,2000899/4194304,True,True,all_integer_control,post_freeze_evaluator,0
1120,000000000010001100000,21,21,True,-1996799/4194304,1/2097152,1/2097152,True,1996801/4194304,True,True,all_integer_control,post_freeze_evaluator,0
1121,000000000010001100001,21,21,True,100353/4194304,1/2097152,1/2097152,True,100355/4194304,True,True,all_integer_control|arbitrary_decidable_modular,post_freeze_evaluator,0
1122,000000000010001100010,21,21,True,-948223/4194304,1/2097152,1/2097152,True,948225/4194304,True,True,all_integer_control|matched_density_seeded_random|arbitrary_decidable_modular,post_freeze_evaluator,0
1123,000000000010001100011,21,21,True,1148929/4194304,1/2097152,1/2097152,True,1148931/4194304,True,True,prime_evaluator|all_integer_control|matched_density_hash,post_freeze_evaluator,0
1124,000000000010001100100,21,21,True,-1472511/4194304,1/2097152,1/2097152,True,1472513/4194304,True,True,all_integer_control|arbitrary_decidable_modular,post_freeze_evaluator,0
1125,000000000010001100101,21,21,True,624641/4194304,1/2097152,1/2097152,True,624643/4194304,True,True,all_integer_control,post_freeze_evaluator,0
1126,000000000010001100110,21,21,True,-423935/4194304,1/2097152,1/2097152,True,423937/4194304,True,True,all_integer_control,post_freeze_evaluator,0
1127,000000000010001100111,21,21,True,1673217/4194304,1/2097152,1/2097152,True,1673219/4194304,True,True,all_integer_control|matched_density_seeded_random,post_freeze_evaluator,0
1128,000000000010001101000,21,21,True,-1734655/4194304,1/2097152,1/2097152,True,1734657/4194304,True,True,all_integer_control|arbitrary_decidable_modular,post_freeze_evaluator,0
1129,000000000010001101001,21,21,True,362497/4194304,1/2097152,1/2097152,True,362499/4194304,True,True,prime_evaluator|all_integer_control|matched_density_hash|arbitrary_decidable_modular,post_freeze_evaluator,0
1130,000000000010001101010,21,21,True,-686079/4194304,1/2097152,1/2097152,True,686081/4194304,True,True,all_integer_control,post_freeze_evaluator,0
1131,000000000010001101011,21,21,True,1411073/4194304,1/2097152,1/2097152,True,1411075/4194304,True,True,all_integer_control|arbitrary_decidable_modular,post_freeze_evaluator,0
1132,000000000010001101100,21,21,True,-1210367/4194304,1/2097152,1/2097152,True,1210369/4194304,True,True,all_integer_control,post_freeze_evaluator,0
1133,000000000010001101101,21,21,True,886785/4194304,1/2097152,1/2097152,True,886787/4194304,True,True,all_integer_control|matched_density_seeded_random,post_freeze_evaluator,0
1134,000000000010001101110,21,21,True,-161791/4194304,1/2097152,1/2097152,True,161793/4194304,True,True,all_integer_control,post_freeze_evaluator,0
1135,000000000010001101111,21,21,True,1935361/4194304,1/2097152,1/2097152,True,1935363/4194304,True,True,all_integer_control|matched_density_seeded_random|matched_density_hash|arbitrary_decidable_modular,post_freeze_evaluator,0
1136,000000000010001110000,21,21,True,-1865727/4194304,1/2097152,1/2097152,True,1865729/4194304,True,True,all_integer_control|arbitrary_decidable_modular,post_freeze_evaluator,0
1137,000000000010001110001,21,21,True,231425/4194304,1/2097152,1/2097152,True,231427/4194304,True,True,all_integer_control,post_freeze_evaluator,0
1138,000000000010001110010,21,21,True,-817151/4194304,1/2097152,1/2097152,True,817153/4194304,True,True,all_integer_control|arbitrary_decidable_modular,post_freeze_evaluator,0
1139,000000000010001110011,21,21,True,1280001/4194304,1/2097152,1/2097152,True,1280003/4194304,True,True,all_integer_control,post_freeze_evaluator,0
1140,000000000010001110100,21,21,True,-1341439/4194304,1/2097152,1/2097152,True,1341441/4194304,True,True,all_integer_control,post_freeze_evaluator,0
1141,000000000010001110101,21,21,True,755713/4194304,1/2097152,1/2097152,True,755715/4194304,True,True,all_integer_control,post_freeze_evaluator,0
1142,000000000010001110110,21,21,True,-292863/4194304,1/2097152,1/2097152,True,292865/4194304,True,True,all_integer_control|arbitrary_decidable_modular,post_freeze_evaluator,0
1143,000000000010001110111,21,21,True,1804289/4194304,1/2097152,1/2097152,True,1804291/4194304,True,True,all_integer_control|arbitrary_decidable_modular,post_freeze_evaluator,0
1144,000000000010001111000,21,21,True,-1603583/4194304,1/2097152,1/2097152,True,1603585/4194304,True,True,all_integer_control,post_freeze_evaluator,0
1145,000000000010001111001,21,21,True,493569/4194304,1/2097152,1/2097152,True,493571/4194304,True,True,all_integer_control|arbitrary_decidable_modular,post_freeze_evaluator,0
1146,000000000010001111010,21,21,True,-555007/4194304,1/2097152,1/2097152,True,555009/4194304,True,True,all_integer_control|matched_density_seeded_random|matched_density_hash,post_freeze_evaluator,0
1147,000000000010001111011,21,21,True,1542145/4194304,1/2097152,1/2097152,True,1542147/4194304,True,True,all_integer_control|matched_density_hash,post_freeze_evaluator,0
1148,000000000010001111100,21,21,True,-1079295/4194304,1/2097152,1/2097152,True,1079297/4194304,True,True,all_integer_control,post_freeze_evaluator,0
1149,000000000010001111101,21,21,True,1017857/4194304,1/2097152,1/2097152,True,1017859/4194304,True,True,all_integer_control|matched_density_hash|arbitrary_decidable_modular,post_freeze_evaluator,0
1150,000000000010001111110,21,21,True,-30719/4194304,1/2097152,1/2097152,True,30721/4194304,True,True,all_integer_control|arbitrary_decidable_modular,post_freeze_evaluator,0
1151,000000000010001111111,21,21,True,2066433/4194304,1/2097152,1/2097152,True,2066435/4194304,True,True,prime_evaluator|all_integer_control,post_freeze_evaluator,0
1152,000000000010010000000,21,21,True,-2078719/4194304,1/2097152,1/2097152,True,2078721/4194304,True,True,all_integer_control|arbitrary_decidable_modular,post_freeze_evaluator,0
1153,000000000010010000001,21,21,True,18433/4194304,1/2097152,1/2097152,True,18435/4194304,True,True,prime_evaluator|all_integer_control,post_freeze_evaluator,0
1154,000000000010010000010,21,21,True,-1030143/4194304,1/2097152,1/2097152,True,1030145/4194304,True,True,all_integer_control,post_freeze_evaluator,0
1155,000000000010010000011,21,21,True,1067009/4194304,1/2097152,1/2097152,True,1067011/4194304,True,True,all_integer_control,post_freeze_evaluator,0
1156,000000000010010000100,21,21,True,-1554431/4194304,1/2097152,1/2097152,True,1554433/4194304,True,True,square_control|all_integer_control|matched_density_hash|arbitrary_decidable_modular,post_freeze_evaluator,0
1157,000000000010010000101,21,21,True,542721/4194304,1/2097152,1/2097152,True,542723/4194304,True,True,all_integer_control|arbitrary_decidable_modular,post_freeze_evaluator,0
1158,000000000010010000110,21,21,True,-505855/4194304,1/2097152,1/2097152,True,505857/4194304,True,True,all_integer_control|matched_density_hash,post_freeze_evaluator,0
1159,000000000010010000111,21,21,True,1591297/4194304,1/2097152,1/2097152,True,1591299/4194304,True,True,all_integer_control|matched_density_seeded_random|arbitrary_decidable_modular,post_freeze_evaluator,0
1160,000000000010010001000,21,21,True,-1816575/4194304,1/2097152,1/2097152,True,1816577/4194304,True,True,all_integer_control,post_freeze_evaluator,0
1161,000000000010010001001,21,21,True,280577/4194304,1/2097152,1/2097152,True,280579/4194304,True,True,all_integer_control|matched_density_seeded_random,post_freeze_evaluator,0
1162,000000000010010001010,21,21,True,-767999/4194304,1/2097152,1/2097152,True,768001/4194304,True,True,all_integer_control,post_freeze_evaluator,0
1163,000000000010010001011,21,21,True,1329153/4194304,1/2097152,1/2097152,True,1329155/4194304,True,True,prime_evaluator|all_integer_control|arbitrary_decidable_modular,post_freeze_evaluator,0
1164,000000000010010001100,21,21,True,-1292287/4194304,1/2097152,1/2097152,True,1292289/4194304,True,True,all_integer_control|matched_density_seeded_random|arbitrary_decidable_modular,post_freeze_evaluator,0
1165,000000000010010001101,21,21,True,804865/4194304,1/2097152,1/2097152,True,804867/4194304,True,True,all_integer_control|matched_density_seeded_random,post_freeze_evaluator,0
1166,000000000010010001110,21,21,True,-243711/4194304,1/2097152,1/2097152,True,243713/4194304,True,True,all_integer_control|arbitrary_decidable_modular,post_freeze_evaluator,0
1167,000000000010010001111,21,21,True,1853441/4194304,1/2097152,1/2097152,True,1853443/4194304,True,True,all_integer_control,post_freeze_evaluator,0
1168,000000000010010010000,21,21,True,-1947647/4194304,1/2097152,1/2097152,True,1947649/4194304,True,True,all_integer_control,post_freeze_evaluator,0
1169,000000000010010010001,21,21,True,149505/4194304,1/2097152,1/2097152,True,149507/4194304,True,True,all_integer_control,post_freeze_evaluator,0
1170,000000000010010010010,21,21,True,-899071/4194304,1/2097152,1/2097152,True,899073/4194304,True,True,all_integer_control|arbitrary_decidable_modular,post_freeze_evaluator,0
1171,000000000010010010011,21,21,True,1198081/4194304,1/2097152,1/2097152,True,1198083/4194304,True,True,prime_evaluator|all_integer_control|arbitrary_decidable_modular,post_freeze_evaluator,0
1172,000000000010010010100,21,21,True,-1423359/4194304,1/2097152,1/2097152,True,1423361/4194304,True,True,all_integer_control|matched_density_seeded_random,post_freeze_evaluator,0
1173,000000000010010010101,21,21,True,673793/4194304,1/2097152,1/2097152,True,673795/4194304,True,True,all_integer_control|matched_density_seeded_random|arbitrary_decidable_modular,post_freeze_evaluator,0
1174,000000000010010010110,21,21,True,-374783/4194304,1/2097152,1/2097152,True,374785/4194304,True,True,all_integer_control,post_freeze_evaluator,0
1175,000000000010010010111,21,21,True,1722369/4194304,1/2097152,1/2097152,True,1722371/4194304,True,True,all_integer_control,post_freeze_evaluator,0
1176,000000000010010011000,21,21,True,-1685503/4194304,1/2097152,1/2097152,True,1685505/4194304,True,True,all_integer_control,post_freeze_evaluator,0
1177,000000000010010011001,21,21,True,411649/4194304,1/2097152,1/2097152,True,411651/4194304,True,True,all_integer_control|arbitrary_decidable_modular,post_freeze_evaluator,0
1178,000000000010010011010,21,21,True,-636927/4194304,1/2097152,1/2097152,True,636929/4194304,True,True,all_integer_control|arbitrary_decidable_modular,post_freeze_evaluator,0
1179,000000000010010011011,21,21,True,1460225/4194304,1/2097152,1/2097152,True,1460227/4194304,True,True,all_integer_control,post_freeze_evaluator,0
1180,000000000010010011100,21,21,True,-1161215/4194304,1/2097152,1/2097152,True,1161217/4194304,True,True,all_integer_control|arbitrary_decidable_modular,post_freeze_evaluator,0
1181,000000000010010011101,21,21,True,935937/4194304,1/2097152,1/2097152,True,935939/4194304,True,True,prime_evaluator|all_integer_control,post_freeze_evaluator,0
1182,000000000010010011110,21,21,True,-112639/4194304,1/2097152,1/2097152,True,112641/4194304,True,True,all_integer_control,post_freeze_evaluator,0
1183,000000000010010011111,21,21,True,1984513/4194304,1/2097152,1/2097152,True,1984515/4194304,True,True,all_integer_control,post_freeze_evaluator,0
1184,000000000010010100000,21,21,True,-2013183/4194304,1/2097152,1/2097152,True,2013185/4194304,True,True,all_integer_control|arbitrary_decidable_modular,post_freeze_evaluator,0
1185,000000000010010100001,21,21,True,83969/4194304,1/2097152,1/2097152,True,83971/4194304,True,True,all_integer_control|arbitrary_decidable_modular,post_freeze_evaluator,0
1186,000000000010010100010,21,21,True,-964607/4194304,1/2097152,1/2097152,True,964609/4194304,True,True,all_integer_control,post_freeze_evaluator,0
1187,000000000010010100011,21,21,True,1132545/4194304,1/2097152,1/2097152,True,1132547/4194304,True,True,prime_evaluator|all_integer_control|arbitrary_decidable_modular,post_freeze_evaluator,0
1188,000000000010010100100,21,21,True,-1488895/4194304,1/2097152,1/2097152,True,1488897/4194304,True,True,all_integer_control|matched_density_seeded_random,post_freeze_evaluator,0
1189,000000000010010100101,21,21,True,608257/4194304,1/2097152,1/2097152,True,608259/4194304,True,True,all_integer_control|matched_density_seeded_random,post_freeze_evaluator,0
1190,000000000010010100110,21,21,True,-440319/4194304,1/2097152,1/2097152,True,440321/4194304,True,True,all_integer_control,post_freeze_evaluator,0
1191,000000000010010100111,21,21,True,1656833/4194304,1/2097152,1/2097152,True,1656835/4194304,True,True,all_integer_control|arbitrary_decidable_modular,post_freeze_evaluator,0
1192,000000000010010101000,21,21,True,-1751039/4194304,1/2097152,1/2097152,True,1751041/4194304,True,True,all_integer_control|matched_density_seeded_random|arbitrary_decidable_modular,post_freeze_evaluator,0
1193,000000000010010101001,21,21,True,346113/4194304,1/2097152,1/2097152,True,346115/4194304,True,True,prime_evaluator|all_integer_control,post_freeze_evaluator,0
1194,000000000010010101010,21,21,True,-702463/4194304,1/2097152,1/2097152,True,702465/4194304,True,True,all_integer_control|arbitrary_decidable_modular,post_freeze_evaluator,0
1195,000000000010010101011,21,21,True,1394689/4194304,1/2097152,1/2097152,True,1394691/4194304,True,True,all_integer_control,post_freeze_evaluator,0
1196,000000000010010101100,21,21,True,-1226751/4194304,1/2097152,1/2097152,True,1226753/4194304,True,True,all_integer_control,post_freeze_evaluator,0
1197,000000000010010101101,21,21,True,870401/4194304,1/2097152,1/2097152,True,870403/4194304,True,True,all_integer_control,post_freeze_evaluator,0
1198,000000000010010101110,21,21,True,-178175/4194304,1/2097152,1/2097152,True,178177/4194304,True,True,all_integer_control|arbitrary_decidable_modular,post_freeze_evaluator,0
1199,000000000010010101111,21,21,True,1918977/4194304,1/2097152,1/2097152,True,1918979/4194304,True,True,all_integer_control|arbitrary_decidable_modular,post_freeze_evaluator,0
1200,000000000010010110000,21,21,True,-1882111/4194304,1/2097152,1/2097152,True,1882113/4194304,True,True,all_integer_control|matched_density_hash,post_freeze_evaluator,0
1201,000000000010010110001,21,21,True,215041/4194304,1/2097152,1/2097152,True,215043/4194304,True,True,prime_evaluator|all_integer_control|arbitrary_decidable_modular,post_freeze_evaluator,0
1202,000000000010010110010,21,21,True,-833535/4194304,1/2097152,1/2097152,True,833537/4194304,True,True,all_integer_control,post_freeze_evaluator,0
1203,000000000010010110011,21,21,True,1263617/4194304,1/2097152,1/2097152,True,1263619/4194304,True,True,all_integer_control,post_freeze_evaluator,0
1204,000000000010010110100,21,21,True,-1357823/4194304,1/2097152,1/2097152,True,1357825/4194304,True,True,all_integer_control,post_freeze_evaluator,0
1205,000000000010010110101,21,21,True,739329/4194304,1/2097152,1/2097152,True,739331/4194304,True,True,all_integer_control|arbitrary_decidable_modular,post_freeze_evaluator,0
1206,000000000010010110110,21,21,True,-309247/4194304,1/2097152,1/2097152,True,309249/4194304,True,True,all_integer_control|arbitrary_decidable_modular,post_freeze_evaluator,0
1207,000000000010010110111,21,21,True,1787905/4194304,1/2097152,1/2097152,True,1787907/4194304,True,True,all_integer_control|matched_density_seeded_random|matched_density_hash,post_freeze_evaluator,0
1208,000000000010010111000,21,21,True,-1619967/4194304,1/2097152,1/2097152,True,1619969/4194304,True,True,all_integer_control|arbitrary_decidable_modular,post_freeze_evaluator,0
1209,000000000010010111001,21,21,True,477185/4194304,1/2097152,1/2097152,True,477187/4194304,True,True,all_integer_control|matched_density_seeded_random,post_freeze_evaluator,0
1210,000000000010010111010,21,21,True,-571391/4194304,1/2097152,1/2097152,True,571393/4194304,True,True,all_integer_control|matched_density_seeded_random,post_freeze_evaluator,0
1211,000000000010010111011,21,21,True,1525761/4194304,1/2097152,1/2097152,True,1525763/4194304,True,True,all_integer_control|matched_density_seeded_random,post_freeze_evaluator,0
1212,000000000010010111100,21,21,True,-1095679/4194304,1/2097152,1/2097152,True,1095681/4194304,True,True,all_integer_control|arbitrary_decidable_modular,post_freeze_evaluator,0
1213,000000000010010111101,21,21,True,1001473/4194304,1/2097152,1/2097152,True,1001475/4194304,True,True,prime_evaluator|all_integer_control|arbitrary_decidable_modular,post_freeze_evaluator,0
1214,000000000010010111110,21,21,True,-47103/4194304,1/2097152,1/2097152,True,47105/4194304,True,True,all_integer_control,post_freeze_evaluator,0
1215,000000000010010111111,21,21,True,2050049/4194304,1/2097152,1/2097152,True,2050051/4194304,True,True,all_integer_control|arbitrary_decidable_modular,post_freeze_evaluator,0
1216,000000000010011000000,21,21,True,-2045951/4194304,1/2097152,1/2097152,True,2045953/4194304,True,True,all_integer_control|matched_density_seeded_random|matched_density_hash,post_freeze_evaluator,0
1217,000000000010011000001,21,21,True,51201/4194304,1/2097152,1/2097152,True,51203/4194304,True,True,prime_evaluator|all_integer_control,post_freeze_evaluator,0
1218,000000000010011000010,21,21,True,-997375/4194304,1/2097152,1/2097152,True,997377/4194304,True,True,all_integer_control,post_freeze_evaluator,0
1219,000000000010011000011,21,21,True,1099777/4194304,1/2097152,1/2097152,True,1099779/4194304,True,True,all_integer_control|arbitrary_decidable_modular,post_freeze_evaluator,0
1220,000000000010011000100,21,21,True,-1521663/4194304,1/2097152,1/2097152,True,1521665/4194304,True,True,all_integer_control|matched_density_seeded_random|arbitrary_decidable_modular,post_freeze_evaluator,0
1221,000000000010011000101,21,21,True,575489/4194304,1/2097152,1/2097152,True,575491/4194304,True,True,all_integer_control,post_freeze_evaluator,0
1222,000000000010011000110,21,21,True,-473087/4194304,1/2097152,1/2097152,True,473089/4194304,True,True,all_integer_control|matched_density_seeded_random|arbitrary_decidable_modular,post_freeze_evaluator,0
1223,000000000010011000111,21,21,True,1624065/4194304,1/2097152,1/2097152,True,1624067/4194304,True,True,prime_evaluator|all_integer_control|matched_density_hash,post_freeze_evaluator,0
1224,000000000010011001000,21,21,True,-1783807/4194304,1/2097152,1/2097152,True,1783809/4194304,True,True,all_integer_control,post_freeze_evaluator,0
1225,000000000010011001001,21,21,True,313345/4194304,1/2097152,1/2097152,True,313347/4194304,True,True,square_control|all_integer_control,post_freeze_evaluator,0
1226,000000000010011001010,21,21,True,-735231/4194304,1/2097152,1/2097152,True,735233/4194304,True,True,all_integer_control|arbitrary_decidable_modular,post_freeze_evaluator,0
1227,000000000010011001011,21,21,True,1361921/4194304,1/2097152,1/2097152,True,1361923/4194304,True,True,all_integer_control|matched_density_seeded_random|arbitrary_decidable_modular,post_freeze_evaluator,0
1228,000000000010011001100,21,21,True,-1259519/4194304,1/2097152,1/2097152,True,1259521/4194304,True,True,all_integer_control|matched_density_seeded_random,post_freeze_evaluator,0
1229,000000000010011001101,21,21,True,837633/4194304,1/2097152,1/2097152,True,837635/4194304,True,True,prime_evaluator|all_integer_control|matched_density_hash|arbitrary_decidable_modular,post_freeze_evaluator,0
1230,000000000010011001110,21,21,True,-210943/4194304,1/2097152,1/2097152,True,210945/4194304,True,True,all_integer_control|matched_density_seeded_random,post_freeze_evaluator,0
1231,000000000010011001111,21,21,True,1886209/4194304,1/2097152,1/2097152,True,1886211/4194304,True,True,prime_evaluator|all_integer_control,post_freeze_evaluator,0
1232,000000000010011010000,21,21,True,-1914879/4194304,1/2097152,1/2097152,True,1914881/4194304,True,True,all_integer_control,post_freeze_evaluator,0
1233,000000000010011010001,21,21,True,182273/4194304,1/2097152,1/2097152,True,182275/4194304,True,True,all_integer_control|arbitrary_decidable_modular,post_freeze_evaluator,0
1234,000000000010011010010,21,21,True,-866303/4194304,1/2097152,1/2097152,True,866305/4194304,True,True,all_integer_control|arbitrary_decidable_modular,post_freeze_evaluator,0
1235,000000000010011010011,21,21,True,1230849/4194304,1/2097152,1/2097152,True,1230851/4194304,True,True,all_integer_control,post_freeze_evaluator,0
1236,000000000010011010100,21,21,True,-1390591/4194304,1/2097152,1/2097152,True,1390593/4194304,True,True,all_integer_control|arbitrary_decidable_modular,post_freeze_evaluator,0
1237,000000000010011010101,21,21,True,706561/4194304,1/2097152,1/2097152,True,706563/4194304,True,True,prime_evaluator|all_integer_control,post_freeze_evaluator,0
1238,000000000010011010110,21,21,True,-342015/4194304,1/2097152,1/2097152,True,342017/4194304,True,True,all_integer_control,post_freeze_evaluator,0
1239,000000000010011010111,21,21,True,1755137/4194304,1/2097152,1/2097152,True,1755139/4194304,True,True,all_integer_control|matched_density_hash,post_freeze_evaluator,0
1240,000000000010011011000,21,21,True,-1652735/4194304,1/2097152,1/2097152,True,1652737/4194304,True,True,all_integer_control|arbitrary_decidable_modular,post_freeze_evaluator,0
1241,000000000010011011001,21,21,True,444417/4194304,1/2097152,1/2097152,True,444419/4194304,True,True,all_integer_control|arbitrary_decidable_modular,post_freeze_evaluator,0
1242,000000000010011011010,21,21,True,-604159/4194304,1/2097152,1/2097152,True,604161/4194304,True,True,all_integer_control,post_freeze_evaluator,0
1243,000000000010011011011,21,21,True,1492993/4194304,1/2097152,1/2097152,True,1492995/4194304,True,True,all_integer_control|arbitrary_decidable_modular,post_freeze_evaluator,0
1244,000000000010011011100,21,21,True,-1128447/4194304,1/2097152,1/2097152,True,1128449/4194304,True,True,all_integer_control|matched_density_seeded_random,post_freeze_evaluator,0
1245,000000000010011011101,21,21,True,968705/4194304,1/2097152,1/2097152,True,968707/4194304,True,True,all_integer_control,post_freeze_evaluator,0
1246,000000000010011011110,21,21,True,-79871/4194304,1/2097152,1/2097152,True,79873/4194304,True,True,all_integer_control,post_freeze_evaluator,0
1247,000000000010011011111,21,21,True,2017281/4194304,1/2097152,1/2097152,True,2017283/4194304,True,True,all_integer_control|arbitrary_decidable_modular,post_freeze_evaluator,0
1248,000000000010011100000,21,21,True,-1980415/4194304,1/2097152,1/2097152,True,1980417/4194304,True,True,all_integer_control|arbitrary_decidable_modular,post_freeze_evaluator,0
1249,000000000010011100001,21,21,True,116737/4194304,1/2097152,1/2097152,True,116739/4194304,True,True,prime_evaluator|all_integer_control,post_freeze_evaluator,0
1250,000000000010011100010,21,21,True,-931839/4194304,1/2097152,1/2097152,True,931841/4194304,True,True,all_integer_control|matched_density_seeded_random|arbitrary_decidable_modular,post_freeze_evaluator,0
1251,000000000010011100011,21,21,True,1165313/4194304,1/2097152,1/2097152,True,1165315/4194304,True,True,all_integer_control,post_freeze_evaluator,0
1252,000000000010011100100,21,21,True,-1456127/4194304,1/2097152,1/2097152,True,1456129/4194304,True,True,all_integer_control,post_freeze_evaluator,0
1253,000000000010011100101,21,21,True,641025/4194304,1/2097152,1/2097152,True,641027/4194304,True,True,all_integer_control,post_freeze_evaluator,0
1254,000000000010011100110,21,21,True,-407551/4194304,1/2097152,1/2097152,True,407553/4194304,True,True,all_integer_control|arbitrary_decidable_modular,post_freeze_evaluator,0
1255,000000000010011100111,21,21,True,1689601/4194304,1/2097152,1/2097152,True,1689603/4194304,True,True,all_integer_control|arbitrary_decidable_modular,post_freeze_evaluator,0
1256,000000000010011101000,21,21,True,-1718271/4194304,1/2097152,1/2097152,True,1718273/4194304,True,True,all_integer_control,post_freeze_evaluator,0
1257,000000000010011101001,21,21,True,378881/4194304,1/2097152,1/2097152,True,378883/4194304,True,True,all_integer_control|matched_density_hash|arbitrary_decidable_modular,post_freeze_evaluator,0
1258,000000000010011101010,21,21,True,-669695/4194304,1/2097152,1/2097152,True,669697/4194304,True,True,all_integer_control,post_freeze_evaluator,0
1259,000000000010011101011,21,21,True,1427457/4194304,1/2097152,1/2097152,True,1427459/4194304,True,True,prime_evaluator|all_integer_control|matched_density_hash,post_freeze_evaluator,0
1260,000000000010011101100,21,21,True,-1193983/4194304,1/2097152,1/2097152,True,1193985/4194304,True,True,all_integer_control,post_freeze_evaluator,0
1261,000000000010011101101,21,21,True,903169/4194304,1/2097152,1/2097152,True,903171/4194304,True,True,all_integer_control|matched_density_seeded_random|arbitrary_decidable_modular,post_freeze_evaluator,0
1262,000000000010011101110,21,21,True,-145407/4194304,1/2097152,1/2097152,True,145409/4194304,True,True,all_integer_control|matched_density_seeded_random|arbitrary_decidable_modular,post_freeze_evaluator,0
1263,000000000010011101111,21,21,True,1951745/4194304,1/2097152,1/2097152,True,1951747/4194304,True,True,all_integer_control|matched_density_hash,post_freeze_evaluator,0
1264,000000000010011110000,21,21,True,-1849343/4194304,1/2097152,1/2097152,True,1849345/4194304,True,True,all_integer_control|arbitrary_decidable_modular,post_freeze_evaluator,0
1265,000000000010011110001,21,21,True,247809/4194304,1/2097152,1/2097152,True,247811/4194304,True,True,all_integer_control,post_freeze_evaluator,0
1266,000000000010011110010,21,21,True,-800767/4194304,1/2097152,1/2097152,True,800769/4194304,True,True,all_integer_control|matched_density_seeded_random,post_freeze_evaluator,0
1267,000000000010011110011,21,21,True,1296385/4194304,1/2097152,1/2097152,True,1296387/4194304,True,True,all_integer_control,post_freeze_evaluator,0
1268,000000000010011110100,21,21,True,-1325055/4194304,1/2097152,1/2097152,True,1325057/4194304,True,True,all_integer_control|arbitrary_decidable_modular,post_freeze_evaluator,0
1269,000000000010011110101,21,21,True,772097/4194304,1/2097152,1/2097152,True,772099/4194304,True,True,all_integer_control|matched_density_seeded_random|matched_density_hash|arbitrary_decidable_modular,post_freeze_evaluator,0
1270,000000000010011110110,21,21,True,-276479/4194304,1/2097152,1/2097152,True,276481/4194304,True,True,all_integer_control,post_freeze_evaluator,0
1271,000000000010011110111,21,21,True,1820673/4194304,1/2097152,1/2097152,True,1820675/4194304,True,True,all_integer_control|arbitrary_decidable_modular,post_freeze_evaluator,0
1272,000000000010011111000,21,21,True,-1587199/4194304,1/2097152,1/2097152,True,1587201/4194304,True,True,all_integer_control,post_freeze_evaluator,0
1273,000000000010011111001,21,21,True,509953/4194304,1/2097152,1/2097152,True,509955/4194304,True,True,all_integer_control,post_freeze_evaluator,0
1274,000000000010011111010,21,21,True,-538623/4194304,1/2097152,1/2097152,True,538625/4194304,True,True,all_integer_control,post_freeze_evaluator,0
1275,000000000010011111011,21,21,True,1558529/4194304,1/2097152,1/2097152,True,1558531/4194304,True,True,all_integer_control|arbitrary_decidable_modular,post_freeze_evaluator,0
1276,000000000010011111100,21,21,True,-1062911/4194304,1/2097152,1/2097152,True,1062913/4194304,True,True,all_integer_control|arbitrary_decidable_modular,post_freeze_evaluator,0
1277,000000000010011111101,21,21,True,1034241/4194304,1/2097152,1/2097152,True,1034243/4194304,True,True,prime_evaluator|all_integer_control,post_freeze_evaluator,0
1278,000000000010011111110,21,21,True,-14335/4194304,1/2097152,1/2097152,True,14337/4194304,True,True,all_integer_control|matched_density_hash|arbitrary_decidable_modular,post_freeze_evaluator,0
1279,000000000010011111111,21,21,True,2082817/4194304,1/2097152,1/2097152,True,2082819/4194304,True,True,prime_evaluator|all_integer_control,post_freeze_evaluator,0
1280,000000000010100000000,21,21,True,-2086911/4194304,1/2097152,1/2097152,True,2086913/4194304,True,True,all_integer_control,post_freeze_evaluator,0
1281,000000000010100000001,21,21,True,10241/4194304,1/2097152,1/2097152,True,10243/4194304,True,True,all_integer_control,post_freeze_evaluator,0
1282,000000000010100000010,21,21,True,-1038335/4194304,1/2097152,1/2097152,True,1038337/4194304,True,True,all_integer_control|arbitrary_decidable_modular,post_freeze_evaluator,0
1283,000000000010100000011,21,21,True,1058817/4194304,1/2097152,1/2097152,True,1058819/4194304,True,True,prime_evaluator|all_integer_control|matched_density_hash|arbitrary_decidable_modular,post_freeze_evaluator,0
1284,000000000010100000100,21,21,True,-1562623/4194304,1/2097152,1/2097152,True,1562625/4194304,True,True,all_integer_control|matched_density_hash,post_freeze_evaluator,0
1285,000000000010100000101,21,21,True,534529/4194304,1/2097152,1/2097152,True,534531/4194304,True,True,all_integer_control|matched_density_hash|arbitrary_decidable_modular,post_freeze_evaluator,0
1286,000000000010100000110,21,21,True,-514047/4194304,1/2097152,1/2097152,True,514049/4194304,True,True,all_integer_control,post_freeze_evaluator,0
1287,000000000010100000111,21,21,True,1583105/4194304,1/2097152,1/2097152,True,1583107/4194304,True,True,all_integer_control|matched_density_seeded_random,post_freeze_evaluator,0
1288,000000000010100001000,21,21,True,-1824767/4194304,1/2097152,1/2097152,True,1824769/4194304,True,True,all_integer_control,post_freeze_evaluator,0
1289,000000000010100001001,21,21,True,272385/4194304,1/2097152,1/2097152,True,272387/4194304,True,True,prime_evaluator|all_integer_control|arbitrary_decidable_modular,post_freeze_evaluator,0
1290,000000000010100001010,21,21,True,-776191/4194304,1/2097152,1/2097152,True,776193/4194304,True,True,all_integer_control|arbitrary_decidable_modular,post_freeze_evaluator,0
1291,000000000010100001011,21,21,True,1320961/4194304,1/2097152,1/2097152,True,1320963/4194304,True,True,prime_evaluator|all_integer_control,post_freeze_evaluator,0
1292,000000000010100001100,21,21,True,-1300479/4194304,1/2097152,1/2097152,True,1300481/4194304,True,True,all_integer_control|arbitrary_decidable_modular,post_freeze_evaluator,0
1293,000000000010100001101,21,21,True,796673/4194304,1/2097152,1/2097152,True,796675/4194304,True,True,all_integer_control,post_freeze_evaluator,0
1294,000000000010100001110,21,21,True,-251903/4194304,1/2097152,1/2097152,True,251905/4194304,True,True,all_integer_control,post_freeze_evaluator,0
1295,000000000010100001111,21,21,True,1845249/4194304,1/2097152,1/2097152,True,1845251/4194304,True,True,all_integer_control|matched_density_seeded_random,post_freeze_evaluator,0
1296,000000000010100010000,21,21,True,-1955839/4194304,1/2097152,1/2097152,True,1955841/4194304,True,True,square_control|all_integer_control|matched_density_seeded_random|arbitrary_decidable_modular,post_freeze_evaluator,0
1297,000000000010100010001,21,21,True,141313/4194304,1/2097152,1/2097152,True,141315/4194304,True,True,prime_evaluator|all_integer_control|arbitrary_decidable_modular,post_freeze_evaluator,0
1298,000000000010100010010,21,21,True,-907263/4194304,1/2097152,1/2097152,True,907265/4194304,True,True,all_integer_control,post_freeze_evaluator,0
1299,000000000010100010011,21,21,True,1189889/4194304,1/2097152,1/2097152,True,1189891/4194304,True,True,all_integer_control|arbitrary_decidable_modular,post_freeze_evaluator,0
1300,000000000010100010100,21,21,True,-1431551/4194304,1/2097152,1/2097152,True,1431553/4194304,True,True,all_integer_control|matched_density_hash,post_freeze_evaluator,0
1301,000000000010100010101,21,21,True,665601/4194304,1/2097152,1/2097152,True,665603/4194304,True,True,prime_evaluator|all_integer_control,post_freeze_evaluator,0
1302,000000000010100010110,21,21,True,-382975/4194304,1/2097152,1/2097152,True,382977/4194304,True,True,all_integer_control,post_freeze_evaluator,0
1303,000000000010100010111,21,21,True,1714177/4194304,1/2097152,1/2097152,True,1714179/4194304,True,True,prime_evaluator|all_integer_control|arbitrary_decidable_modular,post_freeze_evaluator,0
1304,000000000010100011000,21,21,True,-1693695/4194304,1/2097152,1/2097152,True,1693697/4194304,True,True,all_integer_control|arbitrary_decidable_modular,post_freeze_evaluator,0
1305,000000000010100011001,21,21,True,403457/4194304,1/2097152,1/2097152,True,403459/4194304,True,True,all_integer_control,post_freeze_evaluator,0
1306,000000000010100011010,21,21,True,-645119/4194304,1/2097152,1/2097152,True,645121/4194304,True,True,all_integer_control|arbitrary_decidable_modular,post_freeze_evaluator,0
1307,000000000010100011011,21,21,True,1452033/4194304,1/2097152,1/2097152,True,1452035/4194304,True,True,prime_evaluator|all_integer_control,post_freeze_evaluator,0
1308,000000000010100011100,21,21,True,-1169407/4194304,1/2097152,1/2097152,True,1169409/4194304,True,True,all_integer_control,post_freeze_evaluator,0
1309,000000000010100011101,21,21,True,927745/4194304,1/2097152,1/2097152,True,927747/4194304,True,True,all_integer_control,post_freeze_evaluator,0
1310,000000000010100011110,21,21,True,-120831/4194304,1/2097152,1/2097152,True,120833/4194304,True,True,all_integer_control|arbitrary_decidable_modular,post_freeze_evaluator,0
1311,000000000010100011111,21,21,True,1976321/4194304,1/2097152,1/2097152,True,1976323/4194304,True,True,all_integer_control|arbitrary_decidable_modular,post_freeze_evaluator,0
1312,000000000010100100000,21,21,True,-2021375/4194304,1/2097152,1/2097152,True,2021377/4194304,True,True,all_integer_control|matched_density_seeded_random,post_freeze_evaluator,0
1313,000000000010100100001,21,21,True,75777/4194304,1/2097152,1/2097152,True,75779/4194304,True,True,all_integer_control|arbitrary_decidable_modular,post_freeze_evaluator,0
1314,000000000010100100010,21,21,True,-972799/4194304,1/2097152,1/2097152,True,972801/4194304,True,True,all_integer_control|matched_density_hash,post_freeze_evaluator,0
1315,000000000010100100011,21,21,True,1124353/4194304,1/2097152,1/2097152,True,1124355/4194304,True,True,all_integer_control,post_freeze_evaluator,0
1316,000000000010100100100,21,21,True,-1497087/4194304,1/2097152,1/2097152,True,1497089/4194304,True,True,all_integer_control,post_freeze_evaluator,0
1317,000000000010100100101,21,21,True,600065/4194304,1/2097152,1/2097152,True,600067/4194304,True,True,all_integer_control|arbitrary_decidable_modular,post_freeze_evaluator,0
1318,000000000010100100110,21,21,True,-448511/4194304,1/2097152,1/2097152,True,448513/4194304,True,True,all_integer_control|arbitrary_decidable_modular,post_freeze_evaluator,0
1319,000000000010100100111,21,21,True,1648641/4194304,1/2097152,1/2097152,True,1648643/4194304,True,True,prime_evaluator|all_integer_control,post_freeze_evaluator,0
1320,000000000010100101000,21,21,True,-1759231/4194304,1/2097152,1/2097152,True,1759233/4194304,True,True,all_integer_control|arbitrary_decidable_modular,post_freeze_evaluator,0
1321,000000000010100101001,21,21,True,337921/4194304,1/2097152,1/2097152,True,337923/4194304,True,True,prime_evaluator|all_integer_control,post_freeze_evaluator,0
1322,000000000010100101010,21,21,True,-710655/4194304,1/2097152,1/2097152,True,710657/4194304,True,True,all_integer_control,post_freeze_evaluator,0
1323,000000000010100101011,21,21,True,1386497/4194304,1/2097152,1/2097152,True,1386499/4194304,True,True,all_integer_control,post_freeze_evaluator,0
1324,000000000010100101100,21,21,True,-1234943/4194304,1/2097152,1/2097152,True,1234945/4194304,True,True,all_integer_control|arbitrary_decidable_modular,post_freeze_evaluator,0
1325,000000000010100101101,21,21,True,862209/4194304,1/2097152,1/2097152,True,862211/4194304,True,True,all_integer_control|arbitrary_decidable_modular,post_freeze_evaluator,0
1326,000000000010100101110,21,21,True,-186367/4194304,1/2097152,1/2097152,True,186369/4194304,True,True,all_integer_control|matched_density_hash,post_freeze_evaluator,0
1327,000000000010100101111,21,21,True,1910785/4194304,1/2097152,1/2097152,True,1910787/4194304,True,True,prime_evaluator|all_integer_control|arbitrary_decidable_modular,post_freeze_evaluator,0
1328,000000000010100110000,21,21,True,-1890303/4194304,1/2097152,1/2097152,True,1890305/4194304,True,True,all_integer_control,post_freeze_evaluator,0
1329,000000000010100110001,21,21,True,206849/4194304,1/2097152,1/2097152,True,206851/4194304,True,True,all_integer_control,post_freeze_evaluator,0
1330,000000000010100110010,21,21,True,-841727/4194304,1/2097152,1/2097152,True,841729/4194304,True,True,all_integer_control|matched_density_seeded_random,post_freeze_evaluator,0
1331,000000000010100110011,21,21,True,1255425/4194304,1/2097152,1/2097152,True,1255427/4194304,True,True,all_integer_control|arbitrary_decidable_modular,post_freeze_evaluator,0
1332,000000000010100110100,21,21,True,-1366015/4194304,1/2097152,1/2097152,True,1366017/4194304,True,True,all_integer_control|arbitrary_decidable_modular,post_freeze_evaluator,0
1333,000000000010100110101,21,21,True,731137/4194304,1/2097152,1/2097152,True,731139/4194304,True,True,all_integer_control,post_freeze_evaluator,0
1334,000000000010100110110,21,21,True,-317439/4194304,1/2097152,1/2097152,True,317441/4194304,True,True,all_integer_control|matched_density_seeded_random|arbitrary_decidable_modular,post_freeze_evaluator,0
1335,000000000010100110111,21,21,True,1779713/4194304,1/2097152,1/2097152,True,1779715/4194304,True,True,all_integer_control|matched_density_hash,post_freeze_evaluator,0
1336,000000000010100111000,21,21,True,-1628159/4194304,1/2097152,1/2097152,True,1628161/4194304,True,True,all_integer_control|matched_density_hash,post_freeze_evaluator,0
1337,000000000010100111001,21,21,True,468993/4194304,1/2097152,1/2097152,True,468995/4194304,True,True,all_integer_control|matched_density_seeded_random,post_freeze_evaluator,0
1338,000000000010100111010,21,21,True,-579583/4194304,1/2097152,1/2097152,True,579585/4194304,True,True,all_integer_control|arbitrary_decidable_modular,post_freeze_evaluator,0
1339,000000000010100111011,21,21,True,1517569/4194304,1/2097152,1/2097152,True,1517571/4194304,True,True,all_integer_control|matched_density_seeded_random|arbitrary_decidable_modular,post_freeze_evaluator,0
1340,000000000010100111100,21,21,True,-1103871/4194304,1/2097152,1/2097152,True,1103873/4194304,True,True,all_integer_control,post_freeze_evaluator,0
1341,000000000010100111101,21,21,True,993281/4194304,1/2097152,1/2097152,True,993283/4194304,True,True,all_integer_control|arbitrary_decidable_modular,post_freeze_evaluator,0
1342,000000000010100111110,21,21,True,-55295/4194304,1/2097152,1/2097152,True,55297/4194304,True,True,all_integer_control,post_freeze_evaluator,0
1343,000000000010100111111,21,21,True,2041857/4194304,1/2097152,1/2097152,True,2041859/4194304,True,True,all_integer_control|matched_density_hash,post_freeze_evaluator,0
1344,000000000010101000000,21,21,True,-2054143/4194304,1/2097152,1/2097152,True,2054145/4194304,True,True,all_integer_control|matched_density_hash,post_freeze_evaluator,0
1345,000000000010101000001,21,21,True,43009/4194304,1/2097152,1/2097152,True,43011/4194304,True,True,all_integer_control|matched_density_seeded_random|arbitrary_decidable_modular,post_freeze_evaluator,0
1346,000000000010101000010,21,21,True,-1005567/4194304,1/2097152,1/2097152,True,1005569/4194304,True,True,all_integer_control|arbitrary_decidable_modular,post_freeze_evaluator,0
1347,000000000010101000011,21,21,True,1091585/4194304,1/2097152,1/2097152,True,1091587/4194304,True,True,all_integer_control|matched_density_hash,post_freeze_evaluator,0
1348,000000000010101000100,21,21,True,-1529855/4194304,1/2097152,1/2097152,True,1529857/4194304,True,True,all_integer_control|arbitrary_decidable_modular,post_freeze_evaluator,0
1349,000000000010101000101,21,21,True,567297/4194304,1/2097152,1/2097152,True,567299/4194304,True,True,all_integer_control,post_freeze_evaluator,0
1350,000000000010101000110,21,21,True,-481279/4194304,1/2097152,1/2097152,True,481281/4194304,True,True,all_integer_control,post_freeze_evaluator,0
1351,000000000010101000111,21,21,True,1615873/4194304,1/2097152,1/2097152,True,1615875/4194304,True,True,all_integer_control,post_freeze_evaluator,0
1352,000000000010101001000,21,21,True,-1791999/4194304,1/2097152,1/2097152,True,1792001/4194304,True,True,all_integer_control|arbitrary_decidable_modular,post_freeze_evaluator,0
1353,000000000010101001001,21,21,True,305153/4194304,1/2097152,1/2097152,True,305155/4194304,True,True,all_integer_control|arbitrary_decidable_modular,post_freeze_evaluator,0
1354,000000000010101001010,21,21,True,-743423/4194304,1/2097152,1/2097152,True,743425/4194304,True,True,all_integer_control,post_freeze_evaluator,0
1355,000000000010101001011,21,21,True,1353729/4194304,1/2097152,1/2097152,True,1353731/4194304,True,True,all_integer_control|arbitrary_decidable_modular,post_freeze_evaluator,0
1356,000000000010101001100,21,21,True,-1267711/4194304,1/2097152,1/2097152,True,1267713/4194304,True,True,all_integer_control,post_freeze_evaluator,0
1357,000000000010101001101,21,21,True,829441/4194304,1/2097152,1/2097152,True,829443/4194304,True,True,all_integer_control|matched_density_hash,post_freeze_evaluator,0
1358,000000000010101001110,21,21,True,-219135/4194304,1/2097152,1/2097152,True,219137/4194304,True,True,all_integer_control|matched_density_hash,post_freeze_evaluator,0
1359,000000000010101001111,21,21,True,1878017/4194304,1/2097152,1/2097152,True,1878019/4194304,True,True,all_integer_control|arbitrary_decidable_modular,post_freeze_evaluator,0
1360,000000000010101010000,21,21,True,-1923071/4194304,1/2097152,1/2097152,True,1923073/4194304,True,True,all_integer_control|arbitrary_decidable_modular,post_freeze_evaluator,0
1361,000000000010101010001,21,21,True,174081/4194304,1/2097152,1/2097152,True,174083/4194304,True,True,prime_evaluator|all_integer_control,post_freeze_evaluator,0
1362,000000000010101010010,21,21,True,-874495/4194304,1/2097152,1/2097152,True,874497/4194304,True,True,all_integer_control|arbitrary_decidable_modular,post_freeze_evaluator,0
1363,000000000010101010011,21,21,True,1222657/4194304,1/2097152,1/2097152,True,1222659/4194304,True,True,all_integer_control,post_freeze_evaluator,0
1364,000000000010101010100,21,21,True,-1398783/4194304,1/2097152,1/2097152,True,1398785/4194304,True,True,all_integer_control|matched_density_seeded_random,post_freeze_evaluator,0
1365,000000000010101010101,21,21,True,698369/4194304,1/2097152,1/2097152,True,698371/4194304,True,True,all_integer_control,post_freeze_evaluator,0
1366,000000000010101010110,21,21,True,-350207/4194304,1/2097152,1/2097152,True,350209/4194304,True,True,all_integer_control|arbitrary_decidable_modular,post_freeze_evaluator,0
1367,000000000010101010111,21,21,True,1746945/4194304,1/2097152,1/2097152,True,1746947/4194304,True,True,prime_evaluator|all_integer_control|arbitrary_decidable_modular,post_freeze_evaluator,0
1368,000000000010101011000,21,21,True,-1660927/4194304,1/2097152,1/2097152,True,1660929/4194304,True,True,all_integer_control,post_freeze_evaluator,0
1369,000000000010101011001,21,21,True,436225/4194304,1/2097152,1/2097152,True,436227/4194304,True,True,square_control|all_integer_control|arbitrary_decidable_modular,post_freeze_evaluator,0
1370,000000000010101011010,21,21,True,-612351/4194304,1/2097152,1/2097152,True,612353/4194304,True,True,all_integer_control,post_freeze_evaluator,0
1371,000000000010101011011,21,21,True,1484801/4194304,1/2097152,1/2097152,True,1484803/4194304,True,True,all_integer_control,post_freeze_evaluator,0
1372,000000000010101011100,21,21,True,-1136639/4194304,1/2097152,1/2097152,True,1136641/4194304,True,True,all_integer_control,post_freeze_evaluator,0
1373,000000000010101011101,21,21,True,960513/4194304,1/2097152,1/2097152,True,960515/4194304,True,True,prime_evaluator|all_integer_control|arbitrary_decidable_modular,post_freeze_evaluator,0
1374,000000000010101011110,21,21,True,-88063/4194304,1/2097152,1/2097152,True,88065/4194304,True,True,all_integer_control|matched_density_seeded_random|arbitrary_decidable_modular,post_freeze_evaluator,0
1375,000000000010101011111,21,21,True,2009089/4194304,1/2097152,1/2097152,True,2009091/4194304,True,True,all_integer_control,post_freeze_evaluator,0
1376,000000000010101100000,21,21,True,-1988607/4194304,1/2097152,1/2097152,True,1988609/4194304,True,True,all_integer_control|arbitrary_decidable_modular,post_freeze_evaluator,0
1377,000000000010101100001,21,21,True,108545/4194304,1/2097152,1/2097152,True,108547/4194304,True,True,all_integer_control,post_freeze_evaluator,0
1378,000000000010101100010,21,21,True,-940031/4194304,1/2097152,1/2097152,True,940033/4194304,True,True,all_integer_control,post_freeze_evaluator,0
1379,000000000010101100011,21,21,True,1157121/4194304,1/2097152,1/2097152,True,1157123/4194304,True,True,all_integer_control|matched_density_hash,post_freeze_evaluator,0
1380,000000000010101100100,21,21,True,-1464319/4194304,1/2097152,1/2097152,True,1464321/4194304,True,True,all_integer_control|arbitrary_decidable_modular,post_freeze_evaluator,0
1381,000000000010101100101,21,21,True,632833/4194304,1/2097152,1/2097152,True,632835/4194304,True,True,prime_evaluator|all_integer_control|arbitrary_decidable_modular,post_freeze_evaluator,0
1382,000000000010101100110,21,21,True,-415743/4194304,1/2097152,1/2097152,True,415745/4194304,True,True,all_integer_control,post_freeze_evaluator,0
1383,000000000010101100111,21,21,True,1681409/4194304,1/2097152,1/2097152,True,1681411/4194304,True,True,all_integer_control|matched_density_hash|arbitrary_decidable_modular,post_freeze_evaluator,0
1384,000000000010101101000,21,21,True,-1726463/4194304,1/2097152,1/2097152,True,1726465/4194304,True,True,all_integer_control|matched_density_seeded_random,post_freeze_evaluator,0
1385,000000000010101101001,21,21,True,370689/4194304,1/2097152,1/2097152,True,370691/4194304,True,True,all_integer_control|matched_density_seeded_random,post_freeze_evaluator,0
1386,000000000010101101010,21,21,True,-677887/4194304,1/2097152,1/2097152,True,677889/4194304,True,True,all_integer_control,post_freeze_evaluator,0
1387,000000000010101101011,21,21,True,1419265/4194304,1/2097152,1/2097152,True,1419267/4194304,True,True,all_integer_control|arbitrary_decidable_modular,post_freeze_evaluator,0
1388,000000000010101101100,21,21,True,-1202175/4194304,1/2097152,1/2097152,True,1202177/4194304,True,True,all_integer_control|arbitrary_decidable_modular,post_freeze_evaluator,0
1389,000000000010101101101,21,21,True,894977/4194304,1/2097152,1/2097152,True,894979/4194304,True,True,all_integer_control,post_freeze_evaluator,0
1390,000000000010101101110,21,21,True,-153599/4194304,1/2097152,1/2097152,True,153601/4194304,True,True,all_integer_control|matched_density_seeded_random|arbitrary_decidable_modular,post_freeze_evaluator,0
1391,000000000010101101111,21,21,True,1943553/4194304,1/2097152,1/2097152,True,1943555/4194304,True,True,all_integer_control,post_freeze_evaluator,0
1392,000000000010101110000,21,21,True,-1857535/4194304,1/2097152,1/2097152,True,1857537/4194304,True,True,all_integer_control,post_freeze_evaluator,0
1393,000000000010101110001,21,21,True,239617/4194304,1/2097152,1/2097152,True,239619/4194304,True,True,all_integer_control,post_freeze_evaluator,0
1394,000000000010101110010,21,21,True,-808959/4194304,1/2097152,1/2097152,True,808961/4194304,True,True,all_integer_control|arbitrary_decidable_modular,post_freeze_evaluator,0
1395,000000000010101110011,21,21,True,1288193/4194304,1/2097152,1/2097152,True,1288195/4194304,True,True,all_integer_control|matched_density_hash|arbitrary_decidable_modular,post_freeze_evaluator,0
1396,000000000010101110100,21,21,True,-1333247/4194304,1/2097152,1/2097152,True,1333249/4194304,True,True,all_integer_control|matched_density_seeded_random,post_freeze_evaluator,0
1397,000000000010101110101,21,21,True,763905/4194304,1/2097152,1/2097152,True,763907/4194304,True,True,all_integer_control|matched_density_hash|arbitrary_decidable_modular,post_freeze_evaluator,0
1398,000000000010101110110,21,21,True,-284671/4194304,1/2097152,1/2097152,True,284673/4194304,True,True,all_integer_control,post_freeze_evaluator,0
1399,000000000010101110111,21,21,True,1812481/4194304,1/2097152,1/2097152,True,1812483/4194304,True,True,prime_evaluator|all_integer_control,post_freeze_evaluator,0
1400,000000000010101111000,21,21,True,-1595391/4194304,1/2097152,1/2097152,True,1595393/4194304,True,True,all_integer_control,post_freeze_evaluator,0
1401,000000000010101111001,21,21,True,501761/4194304,1/2097152,1/2097152,True,501763/4194304,True,True,all_integer_control|arbitrary_decidable_modular,post_freeze_evaluator,0
1402,000000000010101111010,21,21,True,-546815/4194304,1/2097152,1/2097152,True,546817/4194304,True,True,all_integer_control|matched_density_hash|arbitrary_decidable_modular,post_freeze_evaluator,0
1403,000000000010101111011,21,21,True,1550337/4194304,1/2097152,1/2097152,True,1550339/4194304,True,True,all_integer_control,post_freeze_evaluator,0
1404,000000000010101111100,21,21,True,-1071103/4194304,1/2097152,1/2097152,True,1071105/4194304,True,True,all_integer_control|arbitrary_decidable_modular,post_freeze_evaluator,0
1405,000000000010101111101,21,21,True,1026049/4194304,1/2097152,1/2097152,True,1026051/4194304,True,True,all_integer_control,post_freeze_evaluator,0
1406,000000000010101111110,21,21,True,-22527/4194304,1/2097152,1/2097152,True,22529/4194304,True,True,all_integer_control,post_freeze_evaluator,0
1407,000000000010101111111,21,21,True,2074625/4194304,1/2097152,1/2097152,True,2074627/4194304,True,True,all_integer_control,post_freeze_evaluator,0
1408,000000000010110000000,21,21,True,-2070527/4194304,1/2097152,1/2097152,True,2070529/4194304,True,True,all_integer_control|matched_density_hash|arbitrary_decidable_modular,post_freeze_evaluator,0
1409,000000000010110000001,21,21,True,26625/4194304,1/2097152,1/2097152,True,26627/4194304,True,True,prime_evaluator|all_integer_control|arbitrary_decidable_modular,post_freeze_evaluator,0
1410,000000000010110000010,21,21,True,-1021951/4194304,1/2097152,1/2097152,True,1021953/4194304,True,True,all_integer_control,post_freeze_evaluator,0
1411,000000000010110000011,21,21,True,1075201/4194304,1/2097152,1/2097152,True,1075203/4194304,True,True,all_integer_control|arbitrary_decidable_modular,post_freeze_evaluator,0
1412,000000000010110000100,21,21,True,-1546239/4194304,1/2097152,1/2097152,True,1546241/4194304,True,True,all_integer_control|matched_density_seeded_random,post_freeze_evaluator,0
1413,000000000010110000101,21,21,True,550913/4194304,1/2097152,1/2097152,True,550915/4194304,True,True,all_integer_control|matched_density_seeded_random,post_freeze_evaluator,0
1414,000000000010110000110,21,21,True,-497663/4194304,1/2097152,1/2097152,True,497665/4194304,True,True,all_integer_control,post_freeze_evaluator,0
1415,000000000010110000111,21,21,True,1599489/4194304,1/2097152,1/2097152,True,1599491/4194304,True,True,all_integer_control|arbitrary_decidable_modular,post_freeze_evaluator,0
1416,000000000010110001000,21,21,True,-1808383/4194304,1/2097152,1/2097152,True,1808385/4194304,True,True,all_integer_control|arbitrary_decidable_modular,post_freeze_evaluator,0
1417,000000000010110001001,21,21,True,288769/4194304,1/2097152,1/2097152,True,288771/4194304,True,True,all_integer_control|matched_density_hash,post_freeze_evaluator,0
1418,000000000010110001010,21,21,True,-759807/4194304,1/2097152,1/2097152,True,759809/4194304,True,True,all_integer_control|arbitrary_decidable_modular,post_freeze_evaluator,0
1419,000000000010110001011,21,21,True,1337345/4194304,1/2097152,1/2097152,True,1337347/4194304,True,True,all_integer_control,post_freeze_evaluator,0
1420,000000000010110001100,21,21,True,-1284095/4194304,1/2097152,1/2097152,True,1284097/4194304,True,True,all_integer_control,post_freeze_evaluator,0
1421,000000000010110001101,21,21,True,813057/4194304,1/2097152,1/2097152,True,813059/4194304,True,True,all_integer_control|matched_density_hash,post_freeze_evaluator,0
1422,000000000010110001110,21,21,True,-235519/4194304,1/2097152,1/2097152,True,235521/4194304,True,True,all_integer_control|matched_density_hash|arbitrary_decidable_modular,post_freeze_evaluator,0
1423,000000000010110001111,21,21,True,1861633/4194304,1/2097152,1/2097152,True,1861635/4194304,True,True,prime_evaluator|all_integer_control|matched_density_hash|arbitrary_decidable_modular,post_freeze_evaluator,0
1424,000000000010110010000,21,21,True,-1939455/4194304,1/2097152,1/2097152,True,1939457/4194304,True,True,all_integer_control|matched_density_hash,post_freeze_evaluator,0
1425,000000000010110010001,21,21,True,157697/4194304,1/2097152,1/2097152,True,157699/4194304,True,True,all_integer_control|arbitrary_decidable_modular,post_freeze_evaluator,0
1426,000000000010110010010,21,21,True,-890879/4194304,1/2097152,1/2097152,True,890881/4194304,True,True,all_integer_control,post_freeze_evaluator,0
1427,000000000010110010011,21,21,True,1206273/4194304,1/2097152,1/2097152,True,1206275/4194304,True,True,prime_evaluator|all_integer_control,post_freeze_evaluator,0
1428,000000000010110010100,21,21,True,-1415167/4194304,1/2097152,1/2097152,True,1415169/4194304,True,True,all_integer_control,post_freeze_evaluator,0
1429,000000000010110010101,21,21,True,681985/4194304,1/2097152,1/2097152,True,681987/4194304,True,True,prime_evaluator|all_integer_control|arbitrary_decidable_modular,post_freeze_evaluator,0
1430,000000000010110010110,21,21,True,-366591/4194304,1/2097152,1/2097152,True,366593/4194304,True,True,all_integer_control|arbitrary_decidable_modular,post_freeze_evaluator,0
1431,000000000010110010111,21,21,True,1730561/4194304,1/2097152,1/2097152,True,1730563/4194304,True,True,all_integer_control,post_freeze_evaluator,0
1432,000000000010110011000,21,21,True,-1677311/4194304,1/2097152,1/2097152,True,1677313/4194304,True,True,all_integer_control|matched_density_hash|arbitrary_decidable_modular,post_freeze_evaluator,0
1433,000000000010110011001,21,21,True,419841/4194304,1/2097152,1/2097152,True,419843/4194304,True,True,prime_evaluator|all_integer_control,post_freeze_evaluator,0
1434,000000000010110011010,21,21,True,-628735/4194304,1/2097152,1/2097152,True,628737/4194304,True,True,all_integer_control,post_freeze_evaluator,0
1435,000000000010110011011,21,21,True,1468417/4194304,1/2097152,1/2097152,True,1468419/4194304,True,True,all_integer_control,post_freeze_evaluator,0
1436,000000000010110011100,21,21,True,-1153023/4194304,1/2097152,1/2097152,True,1153025/4194304,True,True,all_integer_control|arbitrary_decidable_modular,post_freeze_evaluator,0
1437,000000000010110011101,21,21,True,944129/4194304,1/2097152,1/2097152,True,944131/4194304,True,True,all_integer_control|arbitrary_decidable_modular,post_freeze_evaluator,0
1438,000000000010110011110,21,21,True,-104447/4194304,1/2097152,1/2097152,True,104449/4194304,True,True,all_integer_control,post_freeze_evaluator,0
1439,000000000010110011111,21,21,True,1992705/4194304,1/2097152,1/2097152,True,1992707/4194304,True,True,prime_evaluator|all_integer_control|arbitrary_decidable_modular,post_freeze_evaluator,0
1440,000000000010110100000,21,21,True,-2004991/4194304,1/2097152,1/2097152,True,2004993/4194304,True,True,all_integer_control,post_freeze_evaluator,0
1441,000000000010110100001,21,21,True,92161/4194304,1/2097152,1/2097152,True,92163/4194304,True,True,all_integer_control,post_freeze_evaluator,0
1442,000000000010110100010,21,21,True,-956415/4194304,1/2097152,1/2097152,True,956417/4194304,True,True,all_integer_control,post_freeze_evaluator,0
1443,000000000010110100011,21,21,True,1140737/4194304,1/2097152,1/2097152,True,1140739/4194304,True,True,all_integer_control|arbitrary_decidable_modular,post_freeze_evaluator,0
1444,000000000010110100100,21,21,True,-1480703/4194304,1/2097152,1/2097152,True,1480705/4194304,True,True,square_control|all_integer_control|arbitrary_decidable_modular,post_freeze_evaluator,0
1445,000000000010110100101,21,21,True,616449/4194304,1/2097152,1/2097152,True,616451/4194304,True,True,all_integer_control,post_freeze_evaluator,0
1446,000000000010110100110,21,21,True,-432127/4194304,1/2097152,1/2097152,True,432129/4194304,True,True,all_integer_control|matched_density_hash|arbitrary_decidable_modular,post_freeze_evaluator,0
1447,000000000010110100111,21,21,True,1665025/4194304,1/2097152,1/2097152,True,1665027/4194304,True,True,prime_evaluator|all_integer_control,post_freeze_evaluator,0
1448,000000000010110101000,21,21,True,-1742847/4194304,1/2097152,1/2097152,True,1742849/4194304,True,True,all_integer_control,post_freeze_evaluator,0
1449,000000000010110101001,21,21,True,354305/4194304,1/2097152,1/2097152,True,354307/4194304,True,True,all_integer_control,post_freeze_evaluator,0
1450,000000000010110101010,21,21,True,-694271/4194304,1/2097152,1/2097152,True,694273/4194304,True,True,all_integer_control|arbitrary_decidable_modular,post_freeze_evaluator,0
1451,000000000010110101011,21,21,True,1402881/4194304,1/2097152,1/2097152,True,1402883/4194304,True,True,prime_evaluator|all_integer_control|arbitrary_decidable_modular,post_freeze_evaluator,0
1452,000000000010110101100,21,21,True,-1218559/4194304,1/2097152,1/2097152,True,1218561/4194304,True,True,all_integer_control,post_freeze_evaluator,0
1453,000000000010110101101,21,21,True,878593/4194304,1/2097152,1/2097152,True,878595/4194304,True,True,prime_evaluator|all_integer_control|arbitrary_decidable_modular,post_freeze_evaluator,0
1454,000000000010110101110,21,21,True,-169983/4194304,1/2097152,1/2097152,True,169985/4194304,True,True,all_integer_control|matched_density_hash,post_freeze_evaluator,0
1455,000000000010110101111,21,21,True,1927169/4194304,1/2097152,1/2097152,True,1927171/4194304,True,True,all_integer_control,post_freeze_evaluator,0
1456,000000000010110110000,21,21,True,-1873919/4194304,1/2097152,1/2097152,True,1873921/4194304,True,True,all_integer_control,post_freeze_evaluator,0
1457,000000000010110110001,21,21,True,223233/4194304,1/2097152,1/2097152,True,223235/4194304,True,True,all_integer_control|arbitrary_decidable_modular,post_freeze_evaluator,0
1458,000000000010110110010,21,21,True,-825343/4194304,1/2097152,1/2097152,True,825345/4194304,True,True,all_integer_control|arbitrary_decidable_modular,post_freeze_evaluator,0
1459,000000000010110110011,21,21,True,1271809/4194304,1/2097152,1/2097152,True,1271811/4194304,True,True,prime_evaluator|all_integer_control|matched_density_seeded_random,post_freeze_evaluator,0
1460,000000000010110110100,21,21,True,-1349631/4194304,1/2097152,1/2097152,True,1349633/4194304,True,True,all_integer_control|arbitrary_decidable_modular,post_freeze_evaluator,0
1461,000000000010110110101,21,21,True,747521/4194304,1/2097152,1/2097152,True,747523/4194304,True,True,all_integer_control,post_freeze_evaluator,0
1462,000000000010110110110,21,21,True,-301055/4194304,1/2097152,1/2097152,True,301057/4194304,True,True,all_integer_control,post_freeze_evaluator,0
1463,000000000010110110111,21,21,True,1796097/4194304,1/2097152,1/2097152,True,1796099/4194304,True,True,all_integer_control,post_freeze_evaluator,0
1464,000000000010110111000,21,21,True,-1611775/4194304,1/2097152,1/2097152,True,1611777/4194304,True,True,all_integer_control|matched_density_hash|arbitrary_decidable_modular,post_freeze_evaluator,0
1465,000000000010110111001,21,21,True,485377/4194304,1/2097152,1/2097152,True,485379/4194304,True,True,all_integer_control|arbitrary_decidable_modular,post_freeze_evaluator,0
1466,000000000010110111010,21,21,True,-563199/4194304,1/2097152,1/2097152,True,563201/4194304,True,True,all_integer_control|matched_density_seeded_random|matched_density_hash,post_freeze_evaluator,0
1467,000000000010110111011,21,21,True,1533953/4194304,1/2097152,1/2097152,True,1533955/4194304,True,True,all_integer_control|arbitrary_decidable_modular,post_freeze_evaluator,0
1468,000000000010110111100,21,21,True,-1087487/4194304,1/2097152,1/2097152,True,1087489/4194304,True,True,all_integer_control,post_freeze_evaluator,0
1469,000000000010110111101,21,21,True,1009665/4194304,1/2097152,1/2097152,True,1009667/4194304,True,True,all_integer_control|matched_density_hash,post_freeze_evaluator,0
1470,000000000010110111110,21,21,True,-38911/4194304,1/2097152,1/2097152,True,38913/4194304,True,True,all_integer_control,post_freeze_evaluator,0
1471,000000000010110111111,21,21,True,2058241/4194304,1/2097152,1/2097152,True,2058243/4194304,True,True,prime_evaluator|all_integer_control|matched_density_hash|arbitrary_decidable_modular,post_freeze_evaluator,0
1472,000000000010111000000,21,21,True,-2037759/4194304,1/2097152,1/2097152,True,2037761/4194304,True,True,all_integer_control|arbitrary_decidable_modular,post_freeze_evaluator,0
1473,000000000010111000001,21,21,True,59393/4194304,1/2097152,1/2097152,True,59395/4194304,True,True,all_integer_control,post_freeze_evaluator,0
1474,000000000010111000010,21,21,True,-989183/4194304,1/2097152,1/2097152,True,989185/4194304,True,True,all_integer_control|arbitrary_decidable_modular,post_freeze_evaluator,0
1475,000000000010111000011,21,21,True,1107969/4194304,1/2097152,1/2097152,True,1107971/4194304,True,True,all_integer_control,post_freeze_evaluator,0
1476,000000000010111000100,21,21,True,-1513471/4194304,1/2097152,1/2097152,True,1513473/4194304,True,True,all_integer_control,post_freeze_evaluator,0
1477,000000000010111000101,21,21,True,583681/4194304,1/2097152,1/2097152,True,583683/4194304,True,True,all_integer_control,post_freeze_evaluator,0
1478,000000000010111000110,21,21,True,-464895/4194304,1/2097152,1/2097152,True,464897/4194304,True,True,all_integer_control|arbitrary_decidable_modular,post_freeze_evaluator,0
1479,000000000010111000111,21,21,True,1632257/4194304,1/2097152,1/2097152,True,1632259/4194304,True,True,all_integer_control|arbitrary_decidable_modular,post_freeze_evaluator,0
1480,000000000010111001000,21,21,True,-1775615/4194304,1/2097152,1/2097152,True,1775617/4194304,True,True,all_integer_control|matched_density_hash,post_freeze_evaluator,0
1481,000000000010111001001,21,21,True,321537/4194304,1/2097152,1/2097152,True,321539/4194304,True,True,prime_evaluator|all_integer_control|arbitrary_decidable_modular,post_freeze_evaluator,0
1482,000000000010111001010,21,21,True,-727039/4194304,1/2097152,1/2097152,True,727041/4194304,True,True,all_integer_control,post_freeze_evaluator,0
1483,000000000010111001011,21,21,True,1370113/4194304,1/2097152,1/2097152,True,1370115/4194304,True,True,prime_evaluator|all_integer_control|matched_density_seeded_random|matched_density_hash,post_freeze_evaluator,0
1484,000000000010111001100,21,21,True,-1251327/4194304,1/2097152,1/2097152,True,1251329/4194304,True,True,all_integer_control,post_freeze_evaluator,0
1485,000000000010111001101,21,21,True,845825/4194304,1/2097152,1/2097152,True,845827/4194304,True,True,all_integer_control|arbitrary_decidable_modular,post_freeze_evaluator,0
1486,000000000010111001110,21,21,True,-202751/4194304,1/2097152,1/2097152,True,202753/4194304,True,True,all_integer_control|matched_density_seeded_random|arbitrary_decidable_modular,post_freeze_evaluator,0
1487,000000000010111001111,21,21,True,1894401/4194304,1/2097152,1/2097152,True,1894403/4194304,True,True,prime_evaluator|all_integer_control,post_freeze_evaluator,0
1488,000000000010111010000,21,21,True,-1906687/4194304,1/2097152,1/2097152,True,1906689/4194304,True,True,all_integer_control|arbitrary_decidable_modular,post_freeze_evaluator,0
1489,000000000010111010001,21,21,True,190465/4194304,1/2097152,1/2097152,True,190467/4194304,True,True,prime_evaluator|all_integer_control,post_freeze_evaluator,0
1490,000000000010111010010,21,21,True,-858111/4194304,1/2097152,1/2097152,True,858113/4194304,True,True,all_integer_control,post_freeze_evaluator,0
1491,000000000010111010011,21,21,True,1239041/4194304,1/2097152,1/2097152,True,1239043/4194304,True,True,all_integer_control,post_freeze_evaluator,0
1492,000000000010111010100,21,21,True,-1382399/4194304,1/2097152,1/2097152,True,1382401/4194304,True,True,all_integer_control|arbitrary_decidable_modular,post_freeze_evaluator,0
1493,000000000010111010101,21,21,True,714753/4194304,1/2097152,1/2097152,True,714755/4194304,True,True,prime_evaluator|all_integer_control|matched_density_hash|arbitrary_decidable_modular,post_freeze_evaluator,0
1494,000000000010111010110,21,21,True,-333823/4194304,1/2097152,1/2097152,True,333825/4194304,True,True,all_integer_control,post_freeze_evaluator,0
1495,000000000010111010111,21,21,True,1763329/4194304,1/2097152,1/2097152,True,1763331/4194304,True,True,all_integer_control|arbitrary_decidable_modular,post_freeze_evaluator,0
1496,000000000010111011000,21,21,True,-1644543/4194304,1/2097152,1/2097152,True,1644545/4194304,True,True,all_integer_control,post_freeze_evaluator,0
1497,000000000010111011001,21,21,True,452609/4194304,1/2097152,1/2097152,True,452611/4194304,True,True,all_integer_control|matched_density_hash,post_freeze_evaluator,0
1498,000000000010111011010,21,21,True,-595967/4194304,1/2097152,1/2097152,True,595969/4194304,True,True,all_integer_control,post_freeze_evaluator,0
1499,000000000010111011011,21,21,True,1501185/4194304,1/2097152,1/2097152,True,1501187/4194304,True,True,prime_evaluator|all_integer_control|arbitrary_decidable_modular,post_freeze_evaluator,0
1500,000000000010111011100,21,21,True,-1120255/4194304,1/2097152,1/2097152,True,1120257/4194304,True,True,all_integer_control|arbitrary_decidable_modular,post_freeze_evaluator,0
1501,000000000010111011101,21,21,True,976897/4194304,1/2097152,1/2097152,True,976899/4194304,True,True,all_integer_control,post_freeze_evaluator,0
1502,000000000010111011110,21,21,True,-71679/4194304,1/2097152,1/2097152,True,71681/4194304,True,True,all_integer_control|arbitrary_decidable_modular,post_freeze_evaluator,0
1503,000000000010111011111,21,21,True,2025473/4194304,1/2097152,1/2097152,True,2025475/4194304,True,True,all_integer_control,post_freeze_evaluator,0
1504,000000000010111100000,21,21,True,-1972223/4194304,1/2097152,1/2097152,True,1972225/4194304,True,True,all_integer_control,post_freeze_evaluator,0
1505,000000000010111100001,21,21,True,124929/4194304,1/2097152,1/2097152,True,124931/4194304,True,True,all_integer_control,post_freeze_evaluator,0
1506,000000000010111100010,21,21,True,-923647/4194304,1/2097152,1/2097152,True,923649/4194304,True,True,all_integer_control|arbitrary_decidable_modular,post_freeze_evaluator,0
1507,000000000010111100011,21,21,True,1173505/4194304,1/2097152,1/2097152,True,1173507/4194304,True,True,all_integer_control|arbitrary_decidable_modular,post_freeze_evaluator,0
1508,000000000010111100100,21,21,True,-1447935/4194304,1/2097152,1/2097152,True,1447937/4194304,True,True,all_integer_control,post_freeze_evaluator,0
1509,000000000010111100101,21,21,True,649217/4194304,1/2097152,1/2097152,True,649219/4194304,True,True,all_integer_control|arbitrary_decidable_modular,post_freeze_evaluator,0
1510,000000000010111100110,21,21,True,-399359/4194304,1/2097152,1/2097152,True,399361/4194304,True,True,all_integer_control,post_freeze_evaluator,0
1511,000000000010111100111,21,21,True,1697793/4194304,1/2097152,1/2097152,True,1697795/4194304,True,True,prime_evaluator|all_integer_control,post_freeze_evaluator,0
1512,000000000010111101000,21,21,True,-1710079/4194304,1/2097152,1/2097152,True,1710081/4194304,True,True,all_integer_control,post_freeze_evaluator,0
1513,000000000010111101001,21,21,True,387073/4194304,1/2097152,1/2097152,True,387075/4194304,True,True,all_integer_control|arbitrary_decidable_modular,post_freeze_evaluator,0
1514,000000000010111101010,21,21,True,-661503/4194304,1/2097152,1/2097152,True,661505/4194304,True,True,all_integer_control|matched_density_seeded_random|arbitrary_decidable_modular,post_freeze_evaluator,0
1515,000000000010111101011,21,21,True,1435649/4194304,1/2097152,1/2097152,True,1435651/4194304,True,True,all_integer_control,post_freeze_evaluator,0
1516,000000000010111101100,21,21,True,-1185791/4194304,1/2097152,1/2097152,True,1185793/4194304,True,True,all_integer_control|arbitrary_decidable_modular,post_freeze_evaluator,0
1517,000000000010111101101,21,21,True,911361/4194304,1/2097152,1/2097152,True,911363/4194304,True,True,all_integer_control,post_freeze_evaluator,0
1518,000000000010111101110,21,21,True,-137215/4194304,1/2097152,1/2097152,True,137217/4194304,True,True,all_integer_control,post_freeze_evaluator,0
1519,000000000010111101111,21,21,True,1959937/4194304,1/2097152,1/2097152,True,1959939/4194304,True,True,all_integer_control|matched_density_hash,post_freeze_evaluator,0
1520,000000000010111110000,21,21,True,-1841151/4194304,1/2097152,1/2097152,True,1841153/4194304,True,True,all_integer_control|arbitrary_decidable_modular,post_freeze_evaluator,0
1521,000000000010111110001,21,21,True,256001/4194304,1/2097152,1/2097152,True,256003/4194304,True,True,square_control|all_integer_control|matched_density_hash|arbitrary_decidable_modular,post_freeze_evaluator,0
1522,000000000010111110010,21,21,True,-792575/4194304,1/2097152,1/2097152,True,792577/4194304,True,True,all_integer_control,post_freeze_evaluator,0
1523,000000000010111110011,21,21,True,1304577/4194304,1/2097152,1/2097152,True,1304579/4194304,True,True,prime_evaluator|all_integer_control|arbitrary_decidable_modular,post_freeze_evaluator,0
1524,000000000010111110100,21,21,True,-1316863/4194304,1/2097152,1/2097152,True,1316865/4194304,True,True,all_integer_control|matched_density_seeded_random,post_freeze_evaluator,0
1525,000000000010111110101,21,21,True,780289/4194304,1/2097152,1/2097152,True,780291/4194304,True,True,all_integer_control,post_freeze_evaluator,0
1526,000000000010111110110,21,21,True,-268287/4194304,1/2097152,1/2097152,True,268289/4194304,True,True,all_integer_control,post_freeze_evaluator,0
1527,000000000010111110111,21,21,True,1828865/4194304,1/2097152,1/2097152,True,1828867/4194304,True,True,all_integer_control|arbitrary_decidable_modular,post_freeze_evaluator,0
1528,000000000010111111000,21,21,True,-1579007/4194304,1/2097152,1/2097152,True,1579009/4194304,True,True,all_integer_control|arbitrary_decidable_modular,post_freeze_evaluator,0
1529,000000000010111111001,21,21,True,518145/4194304,1/2097152,1/2097152,True,518147/4194304,True,True,all_integer_control,post_freeze_evaluator,0
1530,000000000010111111010,21,21,True,-530431/4194304,1/2097152,1/2097152,True,530433/4194304,True,True,all_integer_control|matched_density_hash|arbitrary_decidable_modular,post_freeze_evaluator,0
1531,000000000010111111011,21,21,True,1566721/4194304,1/2097152,1/2097152,True,1566723/4194304,True,True,prime_evaluator|all_integer_control,post_freeze_evaluator,0
1532,000000000010111111100,21,21,True,-1054719/4194304,1/2097152,1/2097152,True,1054721/4194304,True,True,all_integer_control,post_freeze_evaluator,0
1533,000000000010111111101,21,21,True,1042433/4194304,1/2097152,1/2097152,True,1042435/4194304,True,True,all_integer_control,post_freeze_evaluator,0
1534,000000000010111111110,21,21,True,-6143/4194304,1/2097152,1/2097152,True,6145/4194304,True,True,all_integer_control|arbitrary_decidable_modular,post_freeze_evaluator,0
1535,000000000010111111111,21,21,True,2091009/4194304,1/2097152,1/2097152,True,2091011/4194304,True,True,all_integer_control|arbitrary_decidable_modular,post_freeze_evaluator,0
1536,000000000011000000000,21,21,True,-2091007/4194304,1/2097152,1/2097152,True,2091009/4194304,True,True,all_integer_control|matched_density_hash,post_freeze_evaluator,0
1537,000000000011000000001,21,21,True,6145/4194304,1/2097152,1/2097152,True,6147/4194304,True,True,all_integer_control|arbitrary_decidable_modular,post_freeze_evaluator,0
1538,000000000011000000010,21,21,True,-1042431/4194304,1/2097152,1/2097152,True,1042433/4194304,True,True,all_integer_control,post_freeze_evaluator,0
1539,000000000011000000011,21,21,True,1054721/4194304,1/2097152,1/2097152,True,1054723/4194304,True,True,all_integer_control|matched_density_seeded_random,post_freeze_evaluator,0
1540,000000000011000000100,21,21,True,-1566719/4194304,1/2097152,1/2097152,True,1566721/4194304,True,True,all_integer_control|matched_density_hash,post_freeze_evaluator,0
1541,000000000011000000101,21,21,True,530433/4194304,1/2097152,1/2097152,True,530435/4194304,True,True,all_integer_control|arbitrary_decidable_modular,post_freeze_evaluator,0
1542,000000000011000000110,21,21,True,-518143/4194304,1/2097152,1/2097152,True,518145/4194304,True,True,all_integer_control|arbitrary_decidable_modular,post_freeze_evaluator,0
1543,000000000011000000111,21,21,True,1579009/4194304,1/2097152,1/2097152,True,1579011/4194304,True,True,prime_evaluator|all_integer_control,post_freeze_evaluator,0
1544,000000000011000001000,21,21,True,-1828863/4194304,1/2097152,1/2097152,True,1828865/4194304,True,True,all_integer_control|arbitrary_decidable_modular,post_freeze_evaluator,0
1545,000000000011000001001,21,21,True,268289/4194304,1/2097152,1/2097152,True,268291/4194304,True,True,all_integer_control,post_freeze_evaluator,0
1546,000000000011000001010,21,21,True,-780287/4194304,1/2097152,1/2097152,True,780289/4194304,True,True,all_integer_control,post_freeze_evaluator,0
1547,000000000011000001011,21,21,True,1316865/4194304,1/2097152,1/2097152,True,1316867/4194304,True,True,all_integer_control|matched_density_hash,post_freeze_evaluator,0
1548,000000000011000001100,21,21,True,-1304575/4194304,1/2097152,1/2097152,True,1304577/4194304,True,True,all_integer_control|arbitrary_decidable_modular,post_freeze_evaluator,0
1549,000000000011000001101,21,21,True,792577/4194304,1/2097152,1/2097152,True,792579/4194304,True,True,prime_evaluator|all_integer_control|arbitrary_decidable_modular,post_freeze_evaluator,0
1550,000000000011000001110,21,21,True,-255999/4194304,1/2097152,1/2097152,True,256001/4194304,True,True,all_integer_control,post_freeze_evaluator,0
1551,000000000011000001111,21,21,True,1841153/4194304,1/2097152,1/2097152,True,1841155/4194304,True,True,all_integer_control|arbitrary_decidable_modular,post_freeze_evaluator,0
1552,000000000011000010000,21,21,True,-1959935/4194304,1/2097152,1/2097152,True,1959937/4194304,True,True,all_integer_control|matched_density_hash,post_freeze_evaluator,0
1553,000000000011000010001,21,21,True,137217/4194304,1/2097152,1/2097152,True,137219/4194304,True,True,prime_evaluator|all_integer_control,post_freeze_evaluator,0
1554,000000000011000010010,21,21,True,-911359/4194304,1/2097152,1/2097152,True,911361/4194304,True,True,all_integer_control|matched_density_seeded_random,post_freeze_evaluator,0
1555,000000000011000010011,21,21,True,1185793/4194304,1/2097152,1/2097152,True,1185795/4194304,True,True,all_integer_control|arbitrary_decidable_modular,post_freeze_evaluator,0
1556,000000000011000010100,21,21,True,-1435647/4194304,1/2097152,1/2097152,True,1435649/4194304,True,True,all_integer_control|matched_density_hash|arbitrary_decidable_modular,post_freeze_evaluator,0
1557,000000000011000010101,21,21,True,661505/4194304,1/2097152,1/2097152,True,661507/4194304,True,True,all_integer_control,post_freeze_evaluator,0
1558,000000000011000010110,21,21,True,-387071/4194304,1/2097152,1/2097152,True,387073/4194304,True,True,all_integer_control|arbitrary_decidable_modular,post_freeze_evaluator,0
1559,000000000011000010111,21,21,True,1710081/4194304,1/2097152,1/2097152,True,1710083/4194304,True,True,prime_evaluator|all_integer_control|matched_density_seeded_random,post_freeze_evaluator,0
1560,000000000011000011000,21,21,True,-1697791/4194304,1/2097152,1/2097152,True,1697793/4194304,True,True,all_integer_control,post_freeze_evaluator,0
1561,000000000011000011001,21,21,True,399361/4194304,1/2097152,1/2097152,True,399363/4194304,True,True,all_integer_control,post_freeze_evaluator,0
1562,000000000011000011010,21,21,True,-649215/4194304,1/2097152,1/2097152,True,649217/4194304,True,True,all_integer_control|arbitrary_decidable_modular,post_freeze_evaluator,0
1563,000000000011000011011,21,21,True,1447937/4194304,1/2097152,1/2097152,True,1447939/4194304,True,True,all_integer_control|arbitrary_decidable_modular,post_freeze_evaluator,0
1564,000000000011000011100,21,21,True,-1173503/4194304,1/2097152,1/2097152,True,1173505/4194304,True,True,all_integer_control,post_freeze_evaluator,0
1565,000000000011000011101,21,21,True,923649/4194304,1/2097152,1/2097152,True,923651/4194304,True,True,all_integer_control|matched_density_seeded_random|arbitrary_decidable_modular,post_freeze_evaluator,0
1566,000000000011000011110,21,21,True,-124927/4194304,1/2097152,1/2097152,True,124929/4194304,True,True,all_integer_control,post_freeze_evaluator,0
1567,000000000011000011111,21,21,True,1972225/4194304,1/2097152,1/2097152,True,1972227/4194304,True,True,prime_evaluator|all_integer_control,post_freeze_evaluator,0
1568,000000000011000100000,21,21,True,-2025471/4194304,1/2097152,1/2097152,True,2025473/4194304,True,True,all_integer_control|matched_density_hash,post_freeze_evaluator,0
1569,000000000011000100001,21,21,True,71681/4194304,1/2097152,1/2097152,True,71683/4194304,True,True,all_integer_control|arbitrary_decidable_modular,post_freeze_evaluator,0
1570,000000000011000100010,21,21,True,-976895/4194304,1/2097152,1/2097152,True,976897/4194304,True,True,all_integer_control|matched_density_seeded_random|arbitrary_decidable_modular,post_freeze_evaluator,0
1571,000000000011000100011,21,21,True,1120257/4194304,1/2097152,1/2097152,True,1120259/4194304,True,True,prime_evaluator|all_integer_control,post_freeze_evaluator,0
1572,000000000011000100100,21,21,True,-1501183/4194304,1/2097152,1/2097152,True,1501185/4194304,True,True,all_integer_control|arbitrary_decidable_modular,post_freeze_evaluator,0
1573,000000000011000100101,21,21,True,595969/4194304,1/2097152,1/2097152,True,595971/4194304,True,True,all_integer_control,post_freeze_evaluator,0
1574,000000000011000100110,21,21,True,-452607/4194304,1/2097152,1/2097152,True,452609/4194304,True,True,all_integer_control,post_freeze_evaluator,0
1575,000000000011000100111,21,21,True,1644545/4194304,1/2097152,1/2097152,True,1644547/4194304,True,True,all_integer_control,post_freeze_evaluator,0
1576,000000000011000101000,21,21,True,-1763327/4194304,1/2097152,1/2097152,True,1763329/4194304,True,True,all_integer_control|arbitrary_decidable_modular,post_freeze_evaluator,0
1577,000000000011000101001,21,21,True,333825/4194304,1/2097152,1/2097152,True,333827/4194304,True,True,all_integer_control|matched_density_hash|arbitrary_decidable_modular,post_freeze_evaluator,0
1578,000000000011000101010,21,21,True,-714751/4194304,1/2097152,1/2097152,True,714753/4194304,True,True,all_integer_control,post_freeze_evaluator,0
1579,000000000011000101011,21,21,True,1382401/4194304,1/2097152,1/2097152,True,1382403/4194304,True,True,prime_evaluator|all_integer_control|arbitrary_decidable_modular,post_freeze_evaluator,0
1580,000000000011000101100,21,21,True,-1239039/4194304,1/2097152,1/2097152,True,1239041/4194304,True,True,all_integer_control,post_freeze_evaluator,0
1581,000000000011000101101,21,21,True,858113/4194304,1/2097152,1/2097152,True,858115/4194304,True,True,all_integer_control|matched_density_hash,post_freeze_evaluator,0
1582,000000000011000101110,21,21,True,-190463/4194304,1/2097152,1/2097152,True,190465/4194304,True,True,all_integer_control,post_freeze_evaluator,0
1583,000000000011000101111,21,21,True,1906689/4194304,1/2097152,1/2097152,True,1906691/4194304,True,True,prime_evaluator|all_integer_control|arbitrary_decidable_modular,post_freeze_evaluator,0
1584,000000000011000110000,21,21,True,-1894399/4194304,1/2097152,1/2097152,True,1894401/4194304,True,True,all_integer_control|arbitrary_decidable_modular,post_freeze_evaluator,0
1585,000000000011000110001,21,21,True,202753/4194304,1/2097152,1/2097152,True,202755/4194304,True,True,all_integer_control,post_freeze_evaluator,0
1586,000000000011000110010,21,21,True,-845823/4194304,1/2097152,1/2097152,True,845825/4194304,True,True,all_integer_control|arbitrary_decidable_modular,post_freeze_evaluator,0
1587,000000000011000110011,21,21,True,1251329/4194304,1/2097152,1/2097152,True,1251331/4194304,True,True,all_integer_control|matched_density_hash,post_freeze_evaluator,0
1588,000000000011000110100,21,21,True,-1370111/4194304,1/2097152,1/2097152,True,1370113/4194304,True,True,all_integer_control,post_freeze_evaluator,0
1589,000000000011000110101,21,21,True,727041/4194304,1/2097152,1/2097152,True,727043/4194304,True,True,all_integer_control,post_freeze_evaluator,0
1590,000000000011000110110,21,21,True,-321535/4194304,1/2097152,1/2097152,True,321537/4194304,True,True,all_integer_control|arbitrary_decidable_modular,post_freeze_evaluator,0
1591,000000000011000110111,21,21,True,1775617/4194304,1/2097152,1/2097152,True,1775619/4194304,True,True,all_integer_control|matched_density_seeded_random|arbitrary_decidable_modular,post_freeze_evaluator,0
1592,000000000011000111000,21,21,True,-1632255/4194304,1/2097152,1/2097152,True,1632257/4194304,True,True,all_integer_control,post_freeze_evaluator,0
1593,000000000011000111001,21,21,True,464897/4194304,1/2097152,1/2097152,True,464899/4194304,True,True,all_integer_control|matched_density_seeded_random|arbitrary_decidable_modular,post_freeze_evaluator,0
1594,000000000011000111010,21,21,True,-583679/4194304,1/2097152,1/2097152,True,583681/4194304,True,True,all_integer_control,post_freeze_evaluator,0
1595,000000000011000111011,21,21,True,1513473/4194304,1/2097152,1/2097152,True,1513475/4194304,True,True,all_integer_control,post_freeze_evaluator,0
1596,000000000011000111100,21,21,True,-1107967/4194304,1/2097152,1/2097152,True,1107969/4194304,True,True,all_integer_control,post_freeze_evaluator,0
1597,000000000011000111101,21,21,True,989185/4194304,1/2097152,1/2097152,True,989187/4194304,True,True,prime_evaluator|fibonacci_control|all_integer_control|arbitrary_decidable_modular,post_freeze_evaluator,0
1598,000000000011000111110,21,21,True,-59391/4194304,1/2097152,1/2097152,True,59393/4194304,True,True,all_integer_control|arbitrary_decidable_modular,post_freeze_evaluator,0
1599,000000000011000111111,21,21,True,2037761/4194304,1/2097152,1/2097152,True,2037763/4194304,True,True,all_integer_control,post_freeze_evaluator,0
1600,000000000011001000000,21,21,True,-2058239/4194304,1/2097152,1/2097152,True,2058241/4194304,True,True,square_control|all_integer_control|arbitrary_decidable_modular,post_freeze_evaluator,0
1601,000000000011001000001,21,21,True,38913/4194304,1/2097152,1/2097152,True,38915/4194304,True,True,prime_evaluator|all_integer_control,post_freeze_evaluator,0
1602,000000000011001000010,21,21,True,-1009663/4194304,1/2097152,1/2097152,True,1009665/4194304,True,True,all_integer_control,post_freeze_evaluator,0
1603,000000000011001000011,21,21,True,1087489/4194304,1/2097152,1/2097152,True,1087491/4194304,True,True,all_integer_control|matched_density_seeded_random,post_freeze_evaluator,0
1604,000000000011001000100,21,21,True,-1533951/4194304,1/2097152,1/2097152,True,1533953/4194304,True,True,all_integer_control|arbitrary_decidable_modular,post_freeze_evaluator,0
1605,000000000011001000101,21,21,True,563201/4194304,1/2097152,1/2097152,True,563203/4194304,True,True,all_integer_control|arbitrary_decidable_modular,post_freeze_evaluator,0
1606,000000000011001000110,21,21,True,-485375/4194304,1/2097152,1/2097152,True,485377/4194304,True,True,all_integer_control,post_freeze_evaluator,0
1607,000000000011001000111,21,21,True,1611777/4194304,1/2097152,1/2097152,True,1611779/4194304,True,True,prime_evaluator|all_integer_control|arbitrary_decidable_modular,post_freeze_evaluator,0
1608,000000000011001001000,21,21,True,-1796095/4194304,1/2097152,1/2097152,True,1796097/4194304,True,True,all_integer_control,post_freeze_evaluator,0
1609,000000000011001001001,21,21,True,301057/4194304,1/2097152,1/2097152,True,301059/4194304,True,True,prime_evaluator|all_integer_control|matched_density_hash,post_freeze_evaluator,0
1610,000000000011001001010,21,21,True,-747519/4194304,1/2097152,1/2097152,True,747521/4194304,True,True,all_integer_control|matched_density_seeded_random,post_freeze_evaluator,0
1611,000000000011001001011,21,21,True,1349633/4194304,1/2097152,1/2097152,True,1349635/4194304,True,True,all_integer_control|arbitrary_decidable_modular,post_freeze_evaluator,0
1612,000000000011001001100,21,21,True,-1271807/4194304,1/2097152,1/2097152,True,1271809/4194304,True,True,all_integer_control|matched_density_seeded_random|matched_density_hash|arbitrary_decidable_modular,post_freeze_evaluator,0
1613,000000000011001001101,21,21,True,825345/4194304,1/2097152,1/2097152,True,825347/4194304,True,True,prime_evaluator|all_integer_control|matched_density_hash,post_freeze_evaluator,0
1614,000000000011001001110,21,21,True,-223231/4194304,1/2097152,1/2097152,True,223233/4194304,True,True,all_integer_control|arbitrary_decidable_modular,post_freeze_evaluator,0
1615,000000000011001001111,21,21,True,1873921/4194304,1/2097152,1/2097152,True,1873923/4194304,True,True,all_integer_control|matched_density_hash,post_freeze_evaluator,0
1616,000000000011001010000,21,21,True,-1927167/4194304,1/2097152,1/2097152,True,1927169/4194304,True,True,all_integer_control|matched_density_seeded_random,post_freeze_evaluator,0
1617,000000000011001010001,21,21,True,169985/4194304,1/2097152,1/2097152,True,169987/4194304,True,True,all_integer_control,post_freeze_evaluator,0
1618,000000000011001010010,21,21,True,-878591/4194304,1/2097152,1/2097152,True,878593/4194304,True,True,all_integer_control|arbitrary_decidable_modular,post_freeze_evaluator,0
1619,000000000011001010011,21,21,True,1218561/4194304,1/2097152,1/2097152,True,1218563/4194304,True,True,prime_evaluator|all_integer_control|arbitrary_decidable_modular,post_freeze_evaluator,0
1620,000000000011001010100,21,21,True,-1402879/4194304,1/2097152,1/2097152,True,1402881/4194304,True,True,all_integer_control,post_freeze_evaluator,0
1621,000000000011001010101,21,21,True,694273/4194304,1/2097152,1/2097152,True,694275/4194304,True,True,prime_evaluator|all_integer_control|matched_density_seeded_random|arbitrary_decidable_modular,post_freeze_evaluator,0
1622,000000000011001010110,21,21,True,-354303/4194304,1/2097152,1/2097152,True,354305/4194304,True,True,all_integer_control,post_freeze_evaluator,0
1623,000000000011001010111,21,21,True,1742849/4194304,1/2097152,1/2097152,True,1742851/4194304,True,True,all_integer_control|matched_density_hash,post_freeze_evaluator,0
1624,000000000011001011000,21,21,True,-1665023/4194304,1/2097152,1/2097152,True,1665025/4194304,True,True,all_integer_control|matched_density_seeded_random,post_freeze_evaluator,0
1625,000000000011001011001,21,21,True,432129/4194304,1/2097152,1/2097152,True,432131/4194304,True,True,all_integer_control|arbitrary_decidable_modular,post_freeze_evaluator,0
1626,000000000011001011010,21,21,True,-616447/4194304,1/2097152,1/2097152,True,616449/4194304,True,True,all_integer_control|arbitrary_decidable_modular,post_freeze_evaluator,0
1627,000000000011001011011,21,21,True,1480705/4194304,1/2097152,1/2097152,True,1480707/4194304,True,True,prime_evaluator|all_integer_control,post_freeze_evaluator,0
1628,000000000011001011100,21,21,True,-1140735/4194304,1/2097152,1/2097152,True,1140737/4194304,True,True,all_integer_control|arbitrary_decidable_modular,post_freeze_evaluator,0
1629,000000000011001011101,21,21,True,956417/4194304,1/2097152,1/2097152,True,956419/4194304,True,True,all_integer_control|matched_density_seeded_random,post_freeze_evaluator,0
1630,000000000011001011110,21,21,True,-92159/4194304,1/2097152,1/2097152,True,92161/4194304,True,True,all_integer_control,post_freeze_evaluator,0
1631,000000000011001011111,21,21,True,2004993/4194304,1/2097152,1/2097152,True,2004995/4194304,True,True,all_integer_control,post_freeze_evaluator,0
1632,000000000011001100000,21,21,True,-1992703/4194304,1/2097152,1/2097152,True,1992705/4194304,True,True,all_integer_control|arbitrary_decidable_modular,post_freeze_evaluator,0
1633,000000000011001100001,21,21,True,104449/4194304,1/2097152,1/2097152,True,104451/4194304,True,True,all_integer_control|arbitrary_decidable_modular,post_freeze_evaluator,0
1634,000000000011001100010,21,21,True,-944127/4194304,1/2097152,1/2097152,True,944129/4194304,True,True,all_integer_control,post_freeze_evaluator,0
1635,000000000011001100011,21,21,True,1153025/4194304,1/2097152,1/2097152,True,1153027/4194304,True,True,all_integer_control|matched_density_seeded_random|arbitrary_decidable_modular,post_freeze_evaluator,0
1636,000000000011001100100,21,21,True,-1468415/4194304,1/2097152,1/2097152,True,1468417/4194304,True,True,all_integer_control,post_freeze_evaluator,0
1637,000000000011001100101,21,21,True,628737/4194304,1/2097152,1/2097152,True,628739/4194304,True,True,prime_evaluator|all_integer_control,post_freeze_evaluator,0
1638,000000000011001100110,21,21,True,-419839/4194304,1/2097152,1/2097152,True,419841/4194304,True,True,all_integer_control,post_freeze_evaluator,0
1639,000000000011001100111,21,21,True,1677313/4194304,1/2097152,1/2097152,True,1677315/4194304,True,True,all_integer_control|arbitrary_decidable_modular,post_freeze_evaluator,0
1640,000000000011001101000,21,21,True,-1730559/4194304,1/2097152,1/2097152,True,1730561/4194304,True,True,all_integer_control|arbitrary_decidable_modular,post_freeze_evaluator,0
1641,000000000011001101001,21,21,True,366593/4194304,1/2097152,1/2097152,True,366595/4194304,True,True,all_integer_control,post_freeze_evaluator,0
1642,000000000011001101010,21,21,True,-681983/4194304,1/2097152,1/2097152,True,681985/4194304,True,True,all_integer_control|arbitrary_decidable_modular,post_freeze_evaluator,0
1643,000000000011001101011,21,21,True,1415169/4194304,1/2097152,1/2097152,True,1415171/4194304,True,True,all_integer_control,post_freeze_evaluator,0
1644,000000000011001101100,21,21,True,-1206271/4194304,1/2097152,1/2097152,True,1206273/4194304,True,True,all_integer_control|matched_density_seeded_random,post_freeze_evaluator,0
1645,000000000011001101101,21,21,True,890881/4194304,1/2097152,1/2097152,True,890883/4194304,True,True,all_integer_control,post_freeze_evaluator,0
1646,000000000011001101110,21,21,True,-157695/4194304,1/2097152,1/2097152,True,157697/4194304,True,True,all_integer_control|arbitrary_decidable_modular,post_freeze_evaluator,0
1647,000000000011001101111,21,21,True,1939457/4194304,1/2097152,1/2097152,True,1939459/4194304,True,True,all_integer_control|arbitrary_decidable_modular,post_freeze_evaluator,0
1648,000000000011001110000,21,21,True,-1861631/4194304,1/2097152,1/2097152,True,1861633/4194304,True,True,all_integer_control|matched_density_seeded_random,post_freeze_evaluator,0
1649,000000000011001110001,21,21,True,235521/4194304,1/2097152,1/2097152,True,235523/4194304,True,True,all_integer_control|matched_density_hash|arbitrary_decidable_modular,post_freeze_evaluator,0
1650,000000000011001110010,21,21,True,-813055/4194304,1/2097152,1/2097152,True,813057/4194304,True,True,all_integer_control,post_freeze_evaluator,0
1651,000000000011001110011,21,21,True,1284097/4194304,1/2097152,1/2097152,True,1284099/4194304,True,True,all_integer_control,post_freeze_evaluator,0
1652,000000000011001110100,21,21,True,-1337343/4194304,1/2097152,1/2097152,True,1337345/4194304,True,True,all_integer_control,post_freeze_evaluator,0
1653,000000000011001110101,21,21,True,759809/4194304,1/2097152,1/2097152,True,759811/4194304,True,True,all_integer_control|matched_density_seeded_random|arbitrary_decidable_modular,post_freeze_evaluator,0
1654,000000000011001110110,21,21,True,-288767/4194304,1/2097152,1/2097152,True,288769/4194304,True,True,all_integer_control|arbitrary_decidable_modular,post_freeze_evaluator,0
1655,000000000011001110111,21,21,True,1808385/4194304,1/2097152,1/2097152,True,1808387/4194304,True,True,all_integer_control,post_freeze_evaluator,0
1656,000000000011001111000,21,21,True,-1599487/4194304,1/2097152,1/2097152,True,1599489/4194304,True,True,all_integer_control|arbitrary_decidable_modular,post_freeze_evaluator,0
1657,000000000011001111001,21,21,True,497665/4194304,1/2097152,1/2097152,True,497667/4194304,True,True,prime_evaluator|all_integer_control,post_freeze_evaluator,0
1658,000000000011001111010,21,21,True,-550911/4194304,1/2097152,1/2097152,True,550913/4194304,True,True,all_integer_control|matched_density_seeded_random,post_freeze_evaluator,0
1659,000000000011001111011,21,21,True,1546241/4194304,1/2097152,1/2097152,True,1546243/4194304,True,True,all_integer_control,post_freeze_evaluator,0
1660,000000000011001111100,21,21,True,-1075199/4194304,1/2097152,1/2097152,True,1075201/4194304,True,True,all_integer_control|arbitrary_decidable_modular,post_freeze_evaluator,0
1661,000000000011001111101,21,21,True,1021953/4194304,1/2097152,1/2097152,True,1021955/4194304,True,True,all_integer_control|arbitrary_decidable_modular,post_freeze_evaluator,0
1662,000000000011001111110,21,21,True,-26623/4194304,1/2097152,1/2097152,True,26625/4194304,True,True,all_integer_control,post_freeze_evaluator,0
1663,000000000011001111111,21,21,True,2070529/4194304,1/2097152,1/2097152,True,2070531/4194304,True,True,prime_evaluator|all_integer_control|matched_density_hash|arbitrary_decidable_modular,post_freeze_evaluator,0
1664,000000000011010000000,21,21,True,-2074623/4194304,1/2097152,1/2097152,True,2074625/4194304,True,True,all_integer_control,post_freeze_evaluator,0
1665,000000000011010000001,21,21,True,22529/4194304,1/2097152,1/2097152,True,22531/4194304,True,True,all_integer_control,post_freeze_evaluator,0
1666,000000000011010000010,21,21,True,-1026047/4194304,1/2097152,1/2097152,True,1026049/4194304,True,True,all_integer_control,post_freeze_evaluator,0
1667,000000000011010000011,21,21,True,1071105/4194304,1/2097152,1/2097152,True,1071107/4194304,True,True,prime_evaluator|all_integer_control|matched_density_seeded_random|arbitrary_decidable_modular,post_freeze_evaluator,0
1668,000000000011010000100,21,21,True,-1550335/4194304,1/2097152,1/2097152,True,1550337/4194304,True,True,all_integer_control|arbitrary_decidable_modular,post_freeze_evaluator,0
1669,000000000011010000101,21,21,True,546817/4194304,1/2097152,1/2097152,True,546819/4194304,True,True,prime_evaluator|all_integer_control,post_freeze_evaluator,0
1670,000000000011010000110,21,21,True,-501759/4194304,1/2097152,1/2097152,True,501761/4194304,True,True,all_integer_control|matched_density_seeded_random|arbitrary_decidable_modular,post_freeze_evaluator,0
1671,000000000011010000111,21,21,True,1595393/4194304,1/2097152,1/2097152,True,1595395/4194304,True,True,all_integer_control|matched_density_seeded_random,post_freeze_evaluator,0
1672,000000000011010001000,21,21,True,-1812479/4194304,1/2097152,1/2097152,True,1812481/4194304,True,True,all_integer_control|matched_density_seeded_random,post_freeze_evaluator,0
1673,000000000011010001001,21,21,True,284673/4194304,1/2097152,1/2097152,True,284675/4194304,True,True,all_integer_control,post_freeze_evaluator,0
1674,000000000011010001010,21,21,True,-763903/4194304,1/2097152,1/2097152,True,763905/4194304,True,True,all_integer_control|matched_density_seeded_random|arbitrary_decidable_modular,post_freeze_evaluator,0
1675,000000000011010001011,21,21,True,1333249/4194304,1/2097152,1/2097152,True,1333251/4194304,True,True,all_integer_control|arbitrary_decidable_modular,post_freeze_evaluator,0
1676,000000000011010001100,21,21,True,-1288191/4194304,1/2097152,1/2097152,True,1288193/4194304,True,True,all_integer_control,post_freeze_evaluator,0
1677,000000000011010001101,21,21,True,808961/4194304,1/2097152,1/2097152,True,808963/4194304,True,True,all_integer_control|matched_density_seeded_random|arbitrary_decidable_modular,post_freeze_evaluator,0
1678,000000000011010001110,21,21,True,-239615/4194304,1/2097152,1/2097152,True,239617/4194304,True,True,all_integer_control,post_freeze_evaluator,0
1679,000000000011010001111,21,21,True,1857537/4194304,1/2097152,1/2097152,True,1857539/4194304,True,True,all_integer_control,post_freeze_evaluator,0
1680,000000000011010010000,21,21,True,-1943551/4194304,1/2097152,1/2097152,True,1943553/4194304,True,True,all_integer_control|matched_density_hash,post_freeze_evaluator,0
1681,000000000011010010001,21,21,True,153601/4194304,1/2097152,1/2097152,True,153603/4194304,True,True,square_control|all_integer_control|matched_density_seeded_random|arbitrary_decidable_modular,post_freeze_evaluator,0
1682,000000000011010010010,21,21,True,-894975/4194304,1/2097152,1/2097152,True,894977/4194304,True,True,all_integer_control|matched_density_seeded_random|arbitrary_decidable_modular,post_freeze_evaluator,0
1683,000000000011010010011,21,21,True,1202177/4194304,1/2097152,1/2097152,True,1202179/4194304,True,True,all_integer_control|matched_density_seeded_random,post_freeze_evaluator,0
1684,000000000011010010100,21,21,True,-1419263/4194304,1/2097152,1/2097152,True,1419265/4194304,True,True,all_integer_control|arbitrary_decidable_modular,post_freeze_evaluator,0
1685,000000000011010010101,21,21,True,677889/4194304,1/2097152,1/2097152,True,677891/4194304,True,True,all_integer_control,post_freeze_evaluator,0
1686,000000000011010010110,21,21,True,-370687/4194304,1/2097152,1/2097152,True,370689/4194304,True,True,all_integer_control,post_freeze_evaluator,0
1687,000000000011010010111,21,21,True,1726465/4194304,1/2097152,1/2097152,True,1726467/4194304,True,True,all_integer_control|matched_density_seeded_random,post_freeze_evaluator,0
1688,000000000011010011000,21,21,True,-1681407/4194304,1/2097152,1/2097152,True,1681409/4194304,True,True,all_integer_control|arbitrary_decidable_modular,post_freeze_evaluator,0
1689,000000000011010011001,21,21,True,415745/4194304,1/2097152,1/2097152,True,415747/4194304,True,True,all_integer_control|arbitrary_decidable_modular,post_freeze_evaluator,0
1690,000000000011010011010,21,21,True,-632831/4194304,1/2097152,1/2097152,True,632833/4194304,True,True,all_integer_control,post_freeze_evaluator,0
1691,000000000011010011011,21,21,True,1464321/4194304,1/2097152,1/2097152,True,1464323/4194304,True,True,all_integer_control|arbitrary_decidable_modular,post_freeze_evaluator,0
1692,000000000011010011100,21,21,True,-1157119/4194304,1/2097152,1/2097152,True,1157121/4194304,True,True,all_integer_control,post_freeze_evaluator,0
1693,000000000011010011101,21,21,True,940033/4194304,1/2097152,1/2097152,True,940035/4194304,True,True,prime_evaluator|all_integer_control,post_freeze_evaluator,0
1694,000000000011010011110,21,21,True,-108543/4194304,1/2097152,1/2097152,True,108545/4194304,True,True,all_integer_control,post_freeze_evaluator,0
1695,000000000011010011111,21,21,True,1988609/4194304,1/2097152,1/2097152,True,1988611/4194304,True,True,all_integer_control|matched_density_seeded_random|matched_density_hash|arbitrary_decidable_modular,post_freeze_evaluator,0
1696,000000000011010100000,21,21,True,-2009087/4194304,1/2097152,1/2097152,True,2009089/4194304,True,True,all_integer_control|matched_density_hash|arbitrary_decidable_modular,post_freeze_evaluator,0
1697,000000000011010100001,21,21,True,88065/4194304,1/2097152,1/2097152,True,88067/4194304,True,True,prime_evaluator|all_integer_control|matched_density_seeded_random,post_freeze_evaluator,0
1698,000000000011010100010,21,21,True,-960511/4194304,1/2097152,1/2097152,True,960513/4194304,True,True,all_integer_control|arbitrary_decidable_modular,post_freeze_evaluator,0
1699,000000000011010100011,21,21,True,1136641/4194304,1/2097152,1/2097152,True,1136643/4194304,True,True,prime_evaluator|all_integer_control,post_freeze_evaluator,0
1700,000000000011010100100,21,21,True,-1484799/4194304,1/2097152,1/2097152,True,1484801/4194304,True,True,all_integer_control,post_freeze_evaluator,0
1701,000000000011010100101,21,21,True,612353/4194304,1/2097152,1/2097152,True,612355/4194304,True,True,all_integer_control,post_freeze_evaluator,0
1702,000000000011010100110,21,21,True,-436223/4194304,1/2097152,1/2097152,True,436225/4194304,True,True,all_integer_control|arbitrary_decidable_modular,post_freeze_evaluator,0
1703,000000000011010100111,21,21,True,1660929/4194304,1/2097152,1/2097152,True,1660931/4194304,True,True,all_integer_control|arbitrary_decidable_modular,post_freeze_evaluator,0
1704,000000000011010101000,21,21,True,-1746943/4194304,1/2097152,1/2097152,True,1746945/4194304,True,True,all_integer_control,post_freeze_evaluator,0
1705,000000000011010101001,21,21,True,350209/4194304,1/2097152,1/2097152,True,350211/4194304,True,True,all_integer_control|matched_density_seeded_random|arbitrary_decidable_modular,post_freeze_evaluator,0
1706,000000000011010101010,21,21,True,-698367/4194304,1/2097152,1/2097152,True,698369/4194304,True,True,all_integer_control,post_freeze_evaluator,0
1707,000000000011010101011,21,21,True,1398785/4194304,1/2097152,1/2097152,True,1398787/4194304,True,True,all_integer_control,post_freeze_evaluator,0
1708,000000000011010101100,21,21,True,-1222655/4194304,1/2097152,1/2097152,True,1222657/4194304,True,True,all_integer_control,post_freeze_evaluator,0
1709,000000000011010101101,21,21,True,874497/4194304,1/2097152,1/2097152,True,874499/4194304,True,True,prime_evaluator|all_integer_control|matched_density_seeded_random|arbitrary_decidable_modular,post_freeze_evaluator,0
1710,000000000011010101110,21,21,True,-174079/4194304,1/2097152,1/2097152,True,174081/4194304,True,True,all_integer_control|arbitrary_decidable_modular,post_freeze_evaluator,0
1711,000000000011010101111,21,21,True,1923073/4194304,1/2097152,1/2097152,True,1923075/4194304,True,True,all_integer_control|matched_density_seeded_random,post_freeze_evaluator,0
1712,000000000011010110000,21,21,True,-1878015/4194304,1/2097152,1/2097152,True,1878017/4194304,True,True,all_integer_control|arbitrary_decidable_modular,post_freeze_evaluator,0
1713,000000000011010110001,21,21,True,219137/4194304,1/2097152,1/2097152,True,219139/4194304,True,True,all_integer_control|matched_density_seeded_random,post_freeze_evaluator,0
1714,000000000011010110010,21,21,True,-829439/4194304,1/2097152,1/2097152,True,829441/4194304,True,True,all_integer_control|matched_density_hash,post_freeze_evaluator,0
1715,000000000011010110011,21,21,True,1267713/4194304,1/2097152,1/2097152,True,1267715/4194304,True,True,all_integer_control,post_freeze_evaluator,0
1716,000000000011010110100,21,21,True,-1353727/4194304,1/2097152,1/2097152,True,1353729/4194304,True,True,all_integer_control|arbitrary_decidable_modular,post_freeze_evaluator,0
1717,000000000011010110101,21,21,True,743425/4194304,1/2097152,1/2097152,True,743427/4194304,True,True,all_integer_control|arbitrary_decidable_modular,post_freeze_evaluator,0
1718,000000000011010110110,21,21,True,-305151/4194304,1/2097152,1/2097152,True,305153/4194304,True,True,all_integer_control,post_freeze_evaluator,0
1719,000000000011010110111,21,21,True,1792001/4194304,1/2097152,1/2097152,True,1792003/4194304,True,True,all_integer_control|matched_density_seeded_random|arbitrary_decidable_modular,post_freeze_evaluator,0
1720,000000000011010111000,21,21,True,-1615871/4194304,1/2097152,1/2097152,True,1615873/4194304,True,True,all_integer_control|matched_density_seeded_random,post_freeze_evaluator,0
1721,000000000011010111001,21,21,True,481281/4194304,1/2097152,1/2097152,True,481283/4194304,True,True,prime_evaluator|all_integer_control|matched_density_seeded_random,post_freeze_evaluator,0
1722,000000000011010111010,21,21,True,-567295/4194304,1/2097152,1/2097152,True,567297/4194304,True,True,all_integer_control,post_freeze_evaluator,0
1723,000000000011010111011,21,21,True,1529857/4194304,1/2097152,1/2097152,True,1529859/4194304,True,True,prime_evaluator|all_integer_control|arbitrary_decidable_modular,post_freeze_evaluator,0
1724,000000000011010111100,21,21,True,-1091583/4194304,1/2097152,1/2097152,True,1091585/4194304,True,True,all_integer_control|matched_density_seeded_random|arbitrary_decidable_modular,post_freeze_evaluator,0
1725,000000000011010111101,21,21,True,1005569/4194304,1/2097152,1/2097152,True,1005571/4194304,True,True,all_integer_control,post_freeze_evaluator,0
1726,000000000011010111110,21,21,True,-43007/4194304,1/2097152,1/2097152,True,43009/4194304,True,True,all_integer_control|arbitrary_decidable_modular,post_freeze_evaluator,0
1727,000000000011010111111,21,21,True,2054145/4194304,1/2097152,1/2097152,True,2054147/4194304,True,True,all_integer_control,post_freeze_evaluator,0
1728,000000000011011000000,21,21,True,-2041855/4194304,1/2097152,1/2097152,True,2041857/4194304,True,True,all_integer_control|matched_density_hash,post_freeze_evaluator,0
1729,000000000011011000001,21,21,True,55297/4194304,1/2097152,1/2097152,True,55299/4194304,True,True,all_integer_control,post_freeze_evaluator,0
1730,000000000011011000010,21,21,True,-993279/4194304,1/2097152,1/2097152,True,993281/4194304,True,True,all_integer_control|matched_density_hash|arbitrary_decidable_modular,post_freeze_evaluator,0
1731,000000000011011000011,21,21,True,1103873/4194304,1/2097152,1/2097152,True,1103875/4194304,True,True,all_integer_control|arbitrary_decidable_modular,post_freeze_evaluator,0
1732,000000000011011000100,21,21,True,-1517567/4194304,1/2097152,1/2097152,True,1517569/4194304,True,True,all_integer_control,post_freeze_evaluator,0
1733,000000000011011000101,21,21,True,579585/4194304,1/2097152,1/2097152,True,579587/4194304,True,True,prime_evaluator|all_integer_control|matched_density_seeded_random|matched_density_hash|arbitrary_decidable_modular,post_freeze_evaluator,0
1734,000000000011011000110,21,21,True,-468991/4194304,1/2097152,1/2097152,True,468993/4194304,True,True,all_integer_control,post_freeze_evaluator,0
1735,000000000011011000111,21,21,True,1628161/4194304,1/2097152,1/2097152,True,1628163/4194304,True,True,all_integer_control,post_freeze_evaluator,0
1736,000000000011011001000,21,21,True,-1779711/4194304,1/2097152,1/2097152,True,1779713/4194304,True,True,all_integer_control,post_freeze_evaluator,0
1737,000000000011011001001,21,21,True,317441/4194304,1/2097152,1/2097152,True,317443/4194304,True,True,all_integer_control|arbitrary_decidable_modular,post_freeze_evaluator,0
1738,000000000011011001010,21,21,True,-731135/4194304,1/2097152,1/2097152,True,731137/4194304,True,True,all_integer_control|arbitrary_decidable_modular,post_freeze_evaluator,0
1739,000000000011011001011,21,21,True,1366017/4194304,1/2097152,1/2097152,True,1366019/4194304,True,True,all_integer_control,post_freeze_evaluator,0
1740,000000000011011001100,21,21,True,-1255423/4194304,1/2097152,1/2097152,True,1255425/4194304,True,True,all_integer_control|arbitrary_decidable_modular,post_freeze_evaluator,0
1741,000000000011011001101,21,21,True,841729/4194304,1/2097152,1/2097152,True,841731/4194304,True,True,prime_evaluator|all_integer_control,post_freeze_evaluator,0
1742,000000000011011001110,21,21,True,-206847/4194304,1/2097152,1/2097152,True,206849/4194304,True,True,all_integer_control,post_freeze_evaluator,0
1743,000000000011011001111,21,21,True,1890305/4194304,1/2097152,1/2097152,True,1890307/4194304,True,True,all_integer_control,post_freeze_evaluator,0
1744,000000000011011010000,21,21,True,-1910783/4194304,1/2097152,1/2097152,True,1910785/4194304,True,True,all_integer_control|arbitrary_decidable_modular,post_freeze_evaluator,0
1745,000000000011011010001,21,21,True,186369/4194304,1/2097152,1/2097152,True,186371/4194304,True,True,all_integer_control|arbitrary_decidable_modular,post_freeze_evaluator,0
1746,000000000011011010010,21,21,True,-862207/4194304,1/2097152,1/2097152,True,862209/4194304,True,True,all_integer_control|matched_density_hash,post_freeze_evaluator,0
1747,000000000011011010011,21,21,True,1234945/4194304,1/2097152,1/2097152,True,1234947/4194304,True,True,prime_evaluator|all_integer_control|arbitrary_decidable_modular,post_freeze_evaluator,0
1748,000000000011011010100,21,21,True,-1386495/4194304,1/2097152,1/2097152,True,1386497/4194304,True,True,all_integer_control|matched_density_hash,post_freeze_evaluator,0
1749,000000000011011010101,21,21,True,710657/4194304,1/2097152,1/2097152,True,710659/4194304,True,True,all_integer_control,post_freeze_evaluator,0
1750,000000000011011010110,21,21,True,-337919/4194304,1/2097152,1/2097152,True,337921/4194304,True,True,all_integer_control,post_freeze_evaluator,0
1751,000000000011011010111,21,21,True,1759233/4194304,1/2097152,1/2097152,True,1759235/4194304,True,True,all_integer_control|arbitrary_decidable_modular,post_freeze_evaluator,0
1752,000000000011011011000,21,21,True,-1648639/4194304,1/2097152,1/2097152,True,1648641/4194304,True,True,all_integer_control|arbitrary_decidable_modular,post_freeze_evaluator,0
1753,000000000011011011001,21,21,True,448513/4194304,1/2097152,1/2097152,True,448515/4194304,True,True,prime_evaluator|all_integer_control,post_freeze_evaluator,0
1754,000000000011011011010,21,21,True,-600063/4194304,1/2097152,1/2097152,True,600065/4194304,True,True,all_integer_control|arbitrary_decidable_modular,post_freeze_evaluator,0
1755,000000000011011011011,21,21,True,1497089/4194304,1/2097152,1/2097152,True,1497091/4194304,True,True,all_integer_control,post_freeze_evaluator,0
1756,000000000011011011100,21,21,True,-1124351/4194304,1/2097152,1/2097152,True,1124353/4194304,True,True,all_integer_control,post_freeze_evaluator,0
1757,000000000011011011101,21,21,True,972801/4194304,1/2097152,1/2097152,True,972803/4194304,True,True,all_integer_control,post_freeze_evaluator,0
1758,000000000011011011110,21,21,True,-75775/4194304,1/2097152,1/2097152,True,75777/4194304,True,True,all_integer_control|arbitrary_decidable_modular,post_freeze_evaluator,0
1759,000000000011011011111,21,21,True,2021377/4194304,1/2097152,1/2097152,True,2021379/4194304,True,True,prime_evaluator|all_integer_control|arbitrary_decidable_modular,post_freeze_evaluator,0
1760,000000000011011100000,21,21,True,-1976319/4194304,1/2097152,1/2097152,True,1976321/4194304,True,True,all_integer_control,post_freeze_evaluator,0
1761,000000000011011100001,21,21,True,120833/4194304,1/2097152,1/2097152,True,120835/4194304,True,True,all_integer_control|arbitrary_decidable_modular,post_freeze_evaluator,0
1762,000000000011011100010,21,21,True,-927743/4194304,1/2097152,1/2097152,True,927745/4194304,True,True,all_integer_control,post_freeze_evaluator,0
1763,000000000011011100011,21,21,True,1169409/4194304,1/2097152,1/2097152,True,1169411/4194304,True,True,all_integer_control,post_freeze_evaluator,0
1764,000000000011011100100,21,21,True,-1452031/4194304,1/2097152,1/2097152,True,1452033/4194304,True,True,square_control|all_integer_control,post_freeze_evaluator,0
1765,000000000011011100101,21,21,True,645121/4194304,1/2097152,1/2097152,True,645123/4194304,True,True,all_integer_control|arbitrary_decidable_modular,post_freeze_evaluator,0
1766,000000000011011100110,21,21,True,-403455/4194304,1/2097152,1/2097152,True,403457/4194304,True,True,all_integer_control|arbitrary_decidable_modular,post_freeze_evaluator,0
1767,000000000011011100111,21,21,True,1693697/4194304,1/2097152,1/2097152,True,1693699/4194304,True,True,all_integer_control,post_freeze_evaluator,0
1768,000000000011011101000,21,21,True,-1714175/4194304,1/2097152,1/2097152,True,1714177/4194304,True,True,all_integer_control|matched_density_seeded_random|arbitrary_decidable_modular,post_freeze_evaluator,0
1769,000000000011011101001,21,21,True,382977/4194304,1/2097152,1/2097152,True,382979/4194304,True,True,all_integer_control,post_freeze_evaluator,0
1770,000000000011011101010,21,21,True,-665599/4194304,1/2097152,1/2097152,True,665601/4194304,True,True,all_integer_control|matched_density_seeded_random|matched_density_hash,post_freeze_evaluator,0
1771,000000000011011101011,21,21,True,1431553/4194304,1/2097152,1/2097152,True,1431555/4194304,True,True,all_integer_control,post_freeze_evaluator,0
1772,000000000011011101100,21,21,True,-1189887/4194304,1/2097152,1/2097152,True,1189889/4194304,True,True,all_integer_control|arbitrary_decidable_modular,post_freeze_evaluator,0
1773,000000000011011101101,21,21,True,907265/4194304,1/2097152,1/2097152,True,907267/4194304,True,True,all_integer_control|matched_density_seeded_random|matched_density_hash|arbitrary_decidable_modular,post_freeze_evaluator,0
1774,000000000011011101110,21,21,True,-141311/4194304,1/2097152,1/2097152,True,141313/4194304,True,True,all_integer_control,post_freeze_evaluator,0
1775,000000000011011101111,21,21,True,1955841/4194304,1/2097152,1/2097152,True,1955843/4194304,True,True,all_integer_control|arbitrary_decidable_modular,post_freeze_evaluator,0
1776,000000000011011110000,21,21,True,-1845247/4194304,1/2097152,1/2097152,True,1845249/4194304,True,True,all_integer_control,post_freeze_evaluator,0
1777,000000000011011110001,21,21,True,251905/4194304,1/2097152,1/2097152,True,251907/4194304,True,True,prime_evaluator|all_integer_control,post_freeze_evaluator,0
1778,000000000011011110010,21,21,True,-796671/4194304,1/2097152,1/2097152,True,796673/4194304,True,True,all_integer_control,post_freeze_evaluator,0
1779,000000000011011110011,21,21,True,1300481/4194304,1/2097152,1/2097152,True,1300483/4194304,True,True,all_integer_control|arbitrary_decidable_modular,post_freeze_evaluator,0
1780,000000000011011110100,21,21,True,-1320959/4194304,1/2097152,1/2097152,True,1320961/4194304,True,True,all_integer_control|arbitrary_decidable_modular,post_freeze_evaluator,0
1781,000000000011011110101,21,21,True,776193/4194304,1/2097152,1/2097152,True,776195/4194304,True,True,all_integer_control,post_freeze_evaluator,0
1782,000000000011011110110,21,21,True,-272383/4194304,1/2097152,1/2097152,True,272385/4194304,True,True,all_integer_control|matched_density_hash|arbitrary_decidable_modular,post_freeze_evaluator,0
1783,000000000011011110111,21,21,True,1824769/4194304,1/2097152,1/2097152,True,1824771/4194304,True,True,prime_evaluator|all_integer_control,post_freeze_evaluator,0
1784,000000000011011111000,21,21,True,-1583103/4194304,1/2097152,1/2097152,True,1583105/4194304,True,True,all_integer_control,post_freeze_evaluator,0
1785,000000000011011111001,21,21,True,514049/4194304,1/2097152,1/2097152,True,514051/4194304,True,True,all_integer_control|matched_density_hash,post_freeze_evaluator,0
1786,000000000011011111010,21,21,True,-534527/4194304,1/2097152,1/2097152,True,534529/4194304,True,True,all_integer_control|arbitrary_decidable_modular,post_freeze_evaluator,0
1787,000000000011011111011,21,21,True,1562625/4194304,1/2097152,1/2097152,True,1562627/4194304,True,True,prime_evaluator|all_integer_control|arbitrary_decidable_modular,post_freeze_evaluator,0
1788,000000000011011111100,21,21,True,-1058815/4194304,1/2097152,1/2097152,True,1058817/4194304,True,True,all_integer_control,post_freeze_evaluator,0
1789,000000000011011111101,21,21,True,1038337/4194304,1/2097152,1/2097152,True,1038339/4194304,True,True,prime_evaluator|all_integer_control|arbitrary_decidable_modular,post_freeze_evaluator,0
1790,000000000011011111110,21,21,True,-10239/4194304,1/2097152,1/2097152,True,10241/4194304,True,True,all_integer_control,post_freeze_evaluator,0
1791,000000000011011111111,21,21,True,2086913/4194304,1/2097152,1/2097152,True,2086915/4194304,True,True,all_integer_control,post_freeze_evaluator,0
1792,000000000011100000000,21,21,True,-2082815/4194304,1/2097152,1/2097152,True,2082817/4194304,True,True,all_integer_control,post_freeze_evaluator,0
1793,000000000011100000001,21,21,True,14337/4194304,1/2097152,1/2097152,True,14339/4194304,True,True,all_integer_control|matched_density_hash|arbitrary_decidable_modular,post_freeze_evaluator,0
1794,000000000011100000010,21,21,True,-1034239/4194304,1/2097152,1/2097152,True,1034241/4194304,True,True,all_integer_control|arbitrary_decidable_modular,post_freeze_evaluator,0
1795,000000000011100000011,21,21,True,1062913/4194304,1/2097152,1/2097152,True,1062915/4194304,True,True,all_integer_control|matched_density_seeded_random,post_freeze_evaluator,0
1796,000000000011100000100,21,21,True,-1558527/4194304,1/2097152,1/2097152,True,1558529/4194304,True,True,all_integer_control|matched_density_hash|arbitrary_decidable_modular,post_freeze_evaluator,0
1797,000000000011100000101,21,21,True,538625/4194304,1/2097152,1/2097152,True,538627/4194304,True,True,all_integer_control,post_freeze_evaluator,0
1798,000000000011100000110,21,21,True,-509951/4194304,1/2097152,1/2097152,True,509953/4194304,True,True,all_integer_control,post_freeze_evaluator,0
1799,000000000011100000111,21,21,True,1587201/4194304,1/2097152,1/2097152,True,1587203/4194304,True,True,all_integer_control|matched_density_seeded_random,post_freeze_evaluator,0
1800,000000000011100001000,21,21,True,-1820671/4194304,1/2097152,1/2097152,True,1820673/4194304,True,True,all_integer_control|arbitrary_decidable_modular,post_freeze_evaluator,0
1801,000000000011100001001,21,21,True,276481/4194304,1/2097152,1/2097152,True,276483/4194304,True,True,prime_evaluator|all_integer_control|arbitrary_decidable_modular,post_freeze_evaluator,0
1802,000000000011100001010,21,21,True,-772095/4194304,1/2097152,1/2097152,True,772097/4194304,True,True,all_integer_control,post_freeze_evaluator,0
1803,000000000011100001011,21,21,True,1325057/4194304,1/2097152,1/2097152,True,1325059/4194304,True,True,all_integer_control|arbitrary_decidable_modular,post_freeze_evaluator,0
1804,000000000011100001100,21,21,True,-1296383/4194304,1/2097152,1/2097152,True,1296385/4194304,True,True,all_integer_control,post_freeze_evaluator,0
1805,000000000011100001101,21,21,True,800769/4194304,1/2097152,1/2097152,True,800771/4194304,True,True,all_integer_control,post_freeze_evaluator,0
1806,000000000011100001110,21,21,True,-247807/4194304,1/2097152,1/2097152,True,247809/4194304,True,True,all_integer_control,post_freeze_evaluator,0
1807,000000000011100001111,21,21,True,1849345/4194304,1/2097152,1/2097152,True,1849347/4194304,True,True,all_integer_control|matched_density_hash|arbitrary_decidable_modular,post_freeze_evaluator,0
1808,000000000011100010000,21,21,True,-1951743/4194304,1/2097152,1/2097152,True,1951745/4194304,True,True,all_integer_control|arbitrary_decidable_modular,post_freeze_evaluator,0
1809,000000000011100010001,21,21,True,145409/4194304,1/2097152,1/2097152,True,145411/4194304,True,True,all_integer_control,post_freeze_evaluator,0
1810,000000000011100010010,21,21,True,-903167/4194304,1/2097152,1/2097152,True,903169/4194304,True,True,all_integer_control|arbitrary_decidable_modular,post_freeze_evaluator,0
1811,000000000011100010011,21,21,True,1193985/4194304,1/2097152,1/2097152,True,1193987/4194304,True,True,prime_evaluator|all_integer_control,post_freeze_evaluator,0
1812,000000000011100010100,21,21,True,-1427455/4194304,1/2097152,1/2097152,True,1427457/4194304,True,True,all_integer_control,post_freeze_evaluator,0
1813,000000000011100010101,21,21,True,669697/4194304,1/2097152,1/2097152,True,669699/4194304,True,True,all_integer_control,post_freeze_evaluator,0
1814,000000000011100010110,21,21,True,-378879/4194304,1/2097152,1/2097152,True,378881/4194304,True,True,all_integer_control|arbitrary_decidable_modular,post_freeze_evaluator,0
1815,000000000011100010111,21,21,True,1718273/4194304,1/2097152,1/2097152,True,1718275/4194304,True,True,all_integer_control|arbitrary_decidable_modular,post_freeze_evaluator,0
1816,000000000011100011000,21,21,True,-1689599/4194304,1/2097152,1/2097152,True,1689601/4194304,True,True,all_integer_control,post_freeze_evaluator,0
1817,000000000011100011001,21,21,True,407553/4194304,1/2097152,1/2097152,True,407555/4194304,True,True,all_integer_control|arbitrary_decidable_modular,post_freeze_evaluator,0
1818,000000000011100011010,21,21,True,-641023/4194304,1/2097152,1/2097152,True,641025/4194304,True,True,all_integer_control,post_freeze_evaluator,0
1819,000000000011100011011,21,21,True,1456129/4194304,1/2097152,1/2097152,True,1456131/4194304,True,True,all_integer_control,post_freeze_evaluator,0
1820,000000000011100011100,21,21,True,-1165311/4194304,1/2097152,1/2097152,True,1165313/4194304,True,True,all_integer_control,post_freeze_evaluator,0
1821,000000000011100011101,21,21,True,931841/4194304,1/2097152,1/2097152,True,931843/4194304,True,True,all_integer_control|arbitrary_decidable_modular,post_freeze_evaluator,0
1822,000000000011100011110,21,21,True,-116735/4194304,1/2097152,1/2097152,True,116737/4194304,True,True,all_integer_control|arbitrary_decidable_modular,post_freeze_evaluator,0
1823,000000000011100011111,21,21,True,1980417/4194304,1/2097152,1/2097152,True,1980419/4194304,True,True,prime_evaluator|all_integer_control,post_freeze_evaluator,0
1824,000000000011100100000,21,21,True,-2017279/4194304,1/2097152,1/2097152,True,2017281/4194304,True,True,all_integer_control|arbitrary_decidable_modular,post_freeze_evaluator,0
1825,000000000011100100001,21,21,True,79873/4194304,1/2097152,1/2097152,True,79875/4194304,True,True,all_integer_control|matched_density_seeded_random,post_freeze_evaluator,0
1826,000000000011100100010,21,21,True,-968703/4194304,1/2097152,1/2097152,True,968705/4194304,True,True,all_integer_control,post_freeze_evaluator,0
1827,000000000011100100011,21,21,True,1128449/4194304,1/2097152,1/2097152,True,1128451/4194304,True,True,all_integer_control,post_freeze_evaluator,0
1828,000000000011100100100,21,21,True,-1492991/4194304,1/2097152,1/2097152,True,1492993/4194304,True,True,all_integer_control|matched_density_seeded_random|arbitrary_decidable_modular,post_freeze_evaluator,0
1829,000000000011100100101,21,21,True,604161/4194304,1/2097152,1/2097152,True,604163/4194304,True,True,all_integer_control|arbitrary_decidable_modular,post_freeze_evaluator,0
1830,000000000011100100110,21,21,True,-444415/4194304,1/2097152,1/2097152,True,444417/4194304,True,True,all_integer_control,post_freeze_evaluator,0
1831,000000000011100100111,21,21,True,1652737/4194304,1/2097152,1/2097152,True,1652739/4194304,True,True,prime_evaluator|all_integer_control|arbitrary_decidable_modular,post_freeze_evaluator,0
1832,000000000011100101000,21,21,True,-1755135/4194304,1/2097152,1/2097152,True,1755137/4194304,True,True,all_integer_control,post_freeze_evaluator,0
1833,000000000011100101001,21,21,True,342017/4194304,1/2097152,1/2097152,True,342019/4194304,True,True,all_integer_control|matched_density_seeded_random,post_freeze_evaluator,0
1834,000000000011100101010,21,21,True,-706559/4194304,1/2097152,1/2097152,True,706561/4194304,True,True,all_integer_control,post_freeze_evaluator,0
1835,000000000011100101011,21,21,True,1390593/4194304,1/2097152,1/2097152,True,1390595/4194304,True,True,all_integer_control|arbitrary_decidable_modular,post_freeze_evaluator,0
1836,000000000011100101100,21,21,True,-1230847/4194304,1/2097152,1/2097152,True,1230849/4194304,True,True,all_integer_control|matched_density_seeded_random|arbitrary_decidable_modular,post_freeze_evaluator,0
1837,000000000011100101101,21,21,True,866305/4194304,1/2097152,1/2097152,True,866307/4194304,True,True,all_integer_control,post_freeze_evaluator,0
1838,000000000011100101110,21,21,True,-182271/4194304,1/2097152,1/2097152,True,182273/4194304,True,True,all_integer_control|arbitrary_decidable_modular,post_freeze_evaluator,0
1839,000000000011100101111,21,21,True,1914881/4194304,1/2097152,1/2097152,True,1914883/4194304,True,True,all_integer_control,post_freeze_evaluator,0
1840,000000000011100110000,21,21,True,-1886207/4194304,1/2097152,1/2097152,True,1886209/4194304,True,True,all_integer_control|matched_density_seeded_random,post_freeze_evaluator,0
1841,000000000011100110001,21,21,True,210945/4194304,1/2097152,1/2097152,True,210947/4194304,True,True,all_integer_control,post_freeze_evaluator,0
1842,000000000011100110010,21,21,True,-837631/4194304,1/2097152,1/2097152,True,837633/4194304,True,True,all_integer_control|arbitrary_decidable_modular,post_freeze_evaluator,0
1843,000000000011100110011,21,21,True,1259521/4194304,1/2097152,1/2097152,True,1259523/4194304,True,True,all_integer_control|arbitrary_decidable_modular,post_freeze_evaluator,0
1844,000000000011100110100,21,21,True,-1361919/4194304,1/2097152,1/2097152,True,1361921/4194304,True,True,all_integer_control|matched_density_seeded_random|matched_density_hash,post_freeze_evaluator,0
1845,000000000011100110101,21,21,True,735233/4194304,1/2097152,1/2097152,True,735235/4194304,True,True,all_integer_control|arbitrary_decidable_modular,post_freeze_evaluator,0
1846,000000000011100110110,21,21,True,-313343/4194304,1/2097152,1/2097152,True,313345/4194304,True,True,all_integer_control,post_freeze_evaluator,0
1847,000000000011100110111,21,21,True,1783809/4194304,1/2097152,1/2097152,True,1783811/4194304,True,True,prime_evaluator|all_integer_control|matched_density_hash,post_freeze_evaluator,0
1848,000000000011100111000,21,21,True,-1624063/4194304,1/2097152,1/2097152,True,1624065/4194304,True,True,all_integer_control,post_freeze_evaluator,0
1849,000000000011100111001,21,21,True,473089/4194304,1/2097152,1/2097152,True,473091/4194304,True,True,square_control|all_integer_control|arbitrary_decidable_modular,post_freeze_evaluator,0
1850,000000000011100111010,21,21,True,-575487/4194304,1/2097152,1/2097152,True,575489/4194304,True,True,all_integer_control|matched_density_seeded_random|matched_density_hash|arbitrary_decidable_modular,post_freeze_evaluator,0
1851,000000000011100111011,21,21,True,1521665/4194304,1/2097152,1/2097152,True,1521667/4194304,True,True,all_integer_control,post_freeze_evaluator,0
1852,000000000011100111100,21,21,True,-1099775/4194304,1/2097152,1/2097152,True,1099777/4194304,True,True,all_integer_control|arbitrary_decidable_modular,post_freeze_evaluator,0
1853,000000000011100111101,21,21,True,997377/4194304,1/2097152,1/2097152,True,997379/4194304,True,True,all_integer_control,post_freeze_evaluator,0
1854,000000000011100111110,21,21,True,-51199/4194304,1/2097152,1/2097152,True,51201/4194304,True,True,all_integer_control,post_freeze_evaluator,0
1855,000000000011100111111,21,21,True,2045953/4194304,1/2097152,1/2097152,True,2045955/4194304,True,True,all_integer_control|matched_density_seeded_random,post_freeze_evaluator,0
1856,000000000011101000000,21,21,True,-2050047/4194304,1/2097152,1/2097152,True,2050049/4194304,True,True,all_integer_control|arbitrary_decidable_modular,post_freeze_evaluator,0
1857,000000000011101000001,21,21,True,47105/4194304,1/2097152,1/2097152,True,47107/4194304,True,True,all_integer_control|arbitrary_decidable_modular,post_freeze_evaluator,0
1858,000000000011101000010,21,21,True,-1001471/4194304,1/2097152,1/2097152,True,1001473/4194304,True,True,all_integer_control,post_freeze_evaluator,0
1859,000000000011101000011,21,21,True,1095681/4194304,1/2097152,1/2097152,True,1095683/4194304,True,True,all_integer_control|arbitrary_decidable_modular,post_freeze_evaluator,0
1860,000000000011101000100,21,21,True,-1525759/4194304,1/2097152,1/2097152,True,1525761/4194304,True,True,all_integer_control|matched_density_seeded_random,post_freeze_evaluator,0
1861,000000000011101000101,21,21,True,571393/4194304,1/2097152,1/2097152,True,571395/4194304,True,True,prime_evaluator|all_integer_control,post_freeze_evaluator,0
1862,000000000011101000110,21,21,True,-477183/4194304,1/2097152,1/2097152,True,477185/4194304,True,True,all_integer_control,post_freeze_evaluator,0
1863,000000000011101000111,21,21,True,1619969/4194304,1/2097152,1/2097152,True,1619971/4194304,True,True,all_integer_control|arbitrary_decidable_modular,post_freeze_evaluator,0
1864,000000000011101001000,21,21,True,-1787903/4194304,1/2097152,1/2097152,True,1787905/4194304,True,True,all_integer_control|matched_density_seeded_random|arbitrary_decidable_modular,post_freeze_evaluator,0
1865,000000000011101001001,21,21,True,309249/4194304,1/2097152,1/2097152,True,309251/4194304,True,True,all_integer_control|matched_density_seeded_random,post_freeze_evaluator,0
1866,000000000011101001010,21,21,True,-739327/4194304,1/2097152,1/2097152,True,739329/4194304,True,True,all_integer_control|arbitrary_decidable_modular,post_freeze_evaluator,0
1867,000000000011101001011,21,21,True,1357825/4194304,1/2097152,1/2097152,True,1357827/4194304,True,True,prime_evaluator|all_integer_control,post_freeze_evaluator,0
1868,000000000011101001100,21,21,True,-1263615/4194304,1/2097152,1/2097152,True,1263617/4194304,True,True,all_integer_control,post_freeze_evaluator,0
1869,000000000011101001101,21,21,True,833537/4194304,1/2097152,1/2097152,True,833539/4194304,True,True,all_integer_control,post_freeze_evaluator,0
1870,000000000011101001110,21,21,True,-215039/4194304,1/2097152,1/2097152,True,215041/4194304,True,True,all_integer_control|matched_density_seeded_random|arbitrary_decidable_modular,post_freeze_evaluator,0
1871,000000000011101001111,21,21,True,1882113/4194304,1/2097152,1/2097152,True,1882115/4194304,True,True,prime_evaluator|all_integer_control|matched_density_hash|arbitrary_decidable_modular,post_freeze_evaluator,0
1872,000000000011101010000,21,21,True,-1918975/4194304,1/2097152,1/2097152,True,1918977/4194304,True,True,all_integer_control,post_freeze_evaluator,0
1873,000000000011101010001,21,21,True,178177/4194304,1/2097152,1/2097152,True,178179/4194304,True,True,prime_evaluator|all_integer_control|matched_density_hash|arbitrary_decidable_modular,post_freeze_evaluator,0
1874,000000000011101010010,21,21,True,-870399/4194304,1/2097152,1/2097152,True,870401/4194304,True,True,all_integer_control,post_freeze_evaluator,0
1875,000000000011101010011,21,21,True,1226753/4194304,1/2097152,1/2097152,True,1226755/4194304,True,True,all_integer_control,post_freeze_evaluator,0
1876,000000000011101010100,21,21,True,-1394687/4194304,1/2097152,1/2097152,True,1394689/4194304,True,True,all_integer_control,post_freeze_evaluator,0
1877,000000000011101010101,21,21,True,702465/4194304,1/2097152,1/2097152,True,702467/4194304,True,True,prime_evaluator|all_integer_control|arbitrary_decidable_modular,post_freeze_evaluator,0
1878,000000000011101010110,21,21,True,-346111/4194304,1/2097152,1/2097152,True,346113/4194304,True,True,all_integer_control|arbitrary_decidable_modular,post_freeze_evaluator,0
1879,000000000011101010111,21,21,True,1751041/4194304,1/2097152,1/2097152,True,1751043/4194304,True,True,prime_evaluator|all_integer_control|matched_density_hash,post_freeze_evaluator,0
1880,000000000011101011000,21,21,True,-1656831/4194304,1/2097152,1/2097152,True,1656833/4194304,True,True,all_integer_control|arbitrary_decidable_modular,post_freeze_evaluator,0
1881,000000000011101011001,21,21,True,440321/4194304,1/2097152,1/2097152,True,440323/4194304,True,True,all_integer_control,post_freeze_evaluator,0
1882,000000000011101011010,21,21,True,-608255/4194304,1/2097152,1/2097152,True,608257/4194304,True,True,all_integer_control,post_freeze_evaluator,0
1883,000000000011101011011,21,21,True,1488897/4194304,1/2097152,1/2097152,True,1488899/4194304,True,True,all_integer_control,post_freeze_evaluator,0
1884,000000000011101011100,21,21,True,-1132543/4194304,1/2097152,1/2097152,True,1132545/4194304,True,True,all_integer_control|arbitrary_decidable_modular,post_freeze_evaluator,0
1885,000000000011101011101,21,21,True,964609/4194304,1/2097152,1/2097152,True,964611/4194304,True,True,all_integer_control|matched_density_seeded_random|arbitrary_decidable_modular,post_freeze_evaluator,0
1886,000000000011101011110,21,21,True,-83967/4194304,1/2097152,1/2097152,True,83969/4194304,True,True,all_integer_control,post_freeze_evaluator,0
1887,000000000011101011111,21,21,True,2013185/4194304,1/2097152,1/2097152,True,2013187/4194304,True,True,all_integer_control|matched_density_seeded_random|arbitrary_decidable_modular,post_freeze_evaluator,0
1888,000000000011101100000,21,21,True,-1984511/4194304,1/2097152,1/2097152,True,1984513/4194304,True,True,all_integer_control,post_freeze_evaluator,0
1889,000000000011101100001,21,21,True,112641/4194304,1/2097152,1/2097152,True,112643/4194304,True,True,prime_evaluator|all_integer_control|matched_density_seeded_random,post_freeze_evaluator,0
1890,000000000011101100010,21,21,True,-935935/4194304,1/2097152,1/2097152,True,935937/4194304,True,True,all_integer_control|matched_density_hash,post_freeze_evaluator,0
1891,000000000011101100011,21,21,True,1161217/4194304,1/2097152,1/2097152,True,1161219/4194304,True,True,all_integer_control|arbitrary_decidable_modular,post_freeze_evaluator,0
1892,000000000011101100100,21,21,True,-1460223/4194304,1/2097152,1/2097152,True,1460225/4194304,True,True,all_integer_control|arbitrary_decidable_modular,post_freeze_evaluator,0
1893,000000000011101100101,21,21,True,636929/4194304,1/2097152,1/2097152,True,636931/4194304,True,True,all_integer_control,post_freeze_evaluator,0
1894,000000000011101100110,21,21,True,-411647/4194304,1/2097152,1/2097152,True,411649/4194304,True,True,all_integer_control|matched_density_seeded_random|arbitrary_decidable_modular,post_freeze_evaluator,0
1895,000000000011101100111,21,21,True,1685505/4194304,1/2097152,1/2097152,True,1685507/4194304,True,True,all_integer_control,post_freeze_evaluator,0
1896,000000000011101101000,21,21,True,-1722367/4194304,1/2097152,1/2097152,True,1722369/4194304,True,True,all_integer_control,post_freeze_evaluator,0
1897,000000000011101101001,21,21,True,374785/4194304,1/2097152,1/2097152,True,374787/4194304,True,True,all_integer_control,post_freeze_evaluator,0
1898,000000000011101101010,21,21,True,-673791/4194304,1/2097152,1/2097152,True,673793/4194304,True,True,all_integer_control|matched_density_seeded_random|arbitrary_decidable_modular,post_freeze_evaluator,0
1899,000000000011101101011,21,21,True,1423361/4194304,1/2097152,1/2097152,True,1423363/4194304,True,True,all_integer_control|arbitrary_decidable_modular,post_freeze_evaluator,0
1900,000000000011101101100,21,21,True,-1198079/4194304,1/2097152,1/2097152,True,1198081/4194304,True,True,all_integer_control,post_freeze_evaluator,0
1901,000000000011101101101,21,21,True,899073/4194304,1/2097152,1/2097152,True,899075/4194304,True,True,prime_evaluator|all_integer_control|arbitrary_decidable_modular,post_freeze_evaluator,0
1902,000000000011101101110,21,21,True,-149503/4194304,1/2097152,1/2097152,True,149505/4194304,True,True,all_integer_control,post_freeze_evaluator,0
1903,000000000011101101111,21,21,True,1947649/4194304,1/2097152,1/2097152,True,1947651/4194304,True,True,all_integer_control,post_freeze_evaluator,0
1904,000000000011101110000,21,21,True,-1853439/4194304,1/2097152,1/2097152,True,1853441/4194304,True,True,all_integer_control|matched_density_seeded_random,post_freeze_evaluator,0
1905,000000000011101110001,21,21,True,243713/4194304,1/2097152,1/2097152,True,243715/4194304,True,True,all_integer_control|arbitrary_decidable_modular,post_freeze_evaluator,0
1906,000000000011101110010,21,21,True,-804863/4194304,1/2097152,1/2097152,True,804865/4194304,True,True,all_integer_control|arbitrary_decidable_modular,post_freeze_evaluator,0
1907,000000000011101110011,21,21,True,1292289/4194304,1/2097152,1/2097152,True,1292291/4194304,True,True,prime_evaluator|all_integer_control|matched_density_hash,post_freeze_evaluator,0
1908,000000000011101110100,21,21,True,-1329151/4194304,1/2097152,1/2097152,True,1329153/4194304,True,True,all_integer_control|arbitrary_decidable_modular,post_freeze_evaluator,0
1909,000000000011101110101,21,21,True,768001/4194304,1/2097152,1/2097152,True,768003/4194304,True,True,all_integer_control,post_freeze_evaluator,0
1910,000000000011101110110,21,21,True,-280575/4194304,1/2097152,1/2097152,True,280577/4194304,True,True,all_integer_control|matched_density_hash,post_freeze_evaluator,0
1911,000000000011101110111,21,21,True,1816577/4194304,1/2097152,1/2097152,True,1816579/4194304,True,True,all_integer_control,post_freeze_evaluator,0
1912,000000000011101111000,21,21,True,-1591295/4194304,1/2097152,1/2097152,True,1591297/4194304,True,True,all_integer_control|arbitrary_decidable_modular,post_freeze_evaluator,0
1913,000000000011101111001,21,21,True,505857/4194304,1/2097152,1/2097152,True,505859/4194304,True,True,prime_evaluator|all_integer_control|matched_density_hash|arbitrary_decidable_modular,post_freeze_evaluator,0
1914,000000000011101111010,21,21,True,-542719/4194304,1/2097152,1/2097152,True,542721/4194304,True,True,all_integer_control,post_freeze_evaluator,0
1915,000000000011101111011,21,21,True,1554433/4194304,1/2097152,1/2097152,True,1554435/4194304,True,True,all_integer_control|arbitrary_decidable_modular,post_freeze_evaluator,0
1916,000000000011101111100,21,21,True,-1067007/4194304,1/2097152,1/2097152,True,1067009/4194304,True,True,all_integer_control,post_freeze_evaluator,0
1917,000000000011101111101,21,21,True,1030145/4194304,1/2097152,1/2097152,True,1030147/4194304,True,True,all_integer_control,post_freeze_evaluator,0
1918,000000000011101111110,21,21,True,-18431/4194304,1/2097152,1/2097152,True,18433/4194304,True,True,all_integer_control|matched_density_hash,post_freeze_evaluator,0
1919,000000000011101111111,21,21,True,2078721/4194304,1/2097152,1/2097152,True,2078723/4194304,True,True,all_integer_control|arbitrary_decidable_modular,post_freeze_evaluator,0
1920,000000000011110000000,21,21,True,-2066431/4194304,1/2097152,1/2097152,True,2066433/4194304,True,True,all_integer_control|matched_density_seeded_random|arbitrary_decidable_modular,post_freeze_evaluator,0
1921,000000000011110000001,21,21,True,30721/4194304,1/2097152,1/2097152,True,30723/4194304,True,True,all_integer_control|matched_density_seeded_random,post_freeze_evaluator,0
1922,000000000011110000010,21,21,True,-1017855/4194304,1/2097152,1/2097152,True,1017857/4194304,True,True,all_integer_control|arbitrary_decidable_modular,post_freeze_evaluator,0
1923,000000000011110000011,21,21,True,1079297/4194304,1/2097152,1/2097152,True,1079299/4194304,True,True,all_integer_control,post_freeze_evaluator,0
1924,000000000011110000100,21,21,True,-1542143/4194304,1/2097152,1/2097152,True,1542145/4194304,True,True,all_integer_control|matched_density_seeded_random,post_freeze_evaluator,0
1925,000000000011110000101,21,21,True,555009/4194304,1/2097152,1/2097152,True,555011/4194304,True,True,all_integer_control,post_freeze_evaluator,0
1926,000000000011110000110,21,21,True,-493567/4194304,1/2097152,1/2097152,True,493569/4194304,True,True,all_integer_control|arbitrary_decidable_modular,post_freeze_evaluator,0
1927,000000000011110000111,21,21,True,1603585/4194304,1/2097152,1/2097152,True,1603587/4194304,True,True,all_integer_control|arbitrary_decidable_modular,post_freeze_evaluator,0
1928,000000000011110001000,21,21,True,-1804287/4194304,1/2097152,1/2097152,True,1804289/4194304,True,True,all_integer_control,post_freeze_evaluator,0
1929,000000000011110001001,21,21,True,292865/4194304,1/2097152,1/2097152,True,292867/4194304,True,True,all_integer_control|arbitrary_decidable_modular,post_freeze_evaluator,0
1930,000000000011110001010,21,21,True,-755711/4194304,1/2097152,1/2097152,True,755713/4194304,True,True,all_integer_control|matched_density_seeded_random,post_freeze_evaluator,0
1931,000000000011110001011,21,21,True,1341441/4194304,1/2097152,1/2097152,True,1341443/4194304,True,True,prime_evaluator|all_integer_control|matched_density_hash,post_freeze_evaluator,0
1932,000000000011110001100,21,21,True,-1279999/4194304,1/2097152,1/2097152,True,1280001/4194304,True,True,all_integer_control,post_freeze_evaluator,0
1933,000000000011110001101,21,21,True,817153/4194304,1/2097152,1/2097152,True,817155/4194304,True,True,prime_evaluator|all_integer_control|arbitrary_decidable_modular,post_freeze_evaluator,0
1934,000000000011110001110,21,21,True,-231423/4194304,1/2097152,1/2097152,True,231425/4194304,True,True,all_integer_control|arbitrary_decidable_modular,post_freeze_evaluator,0
1935,000000000011110001111,21,21,True,1865729/4194304,1/2097152,1/2097152,True,1865731/4194304,True,True,all_integer_control,post_freeze_evaluator,0
1936,000000000011110010000,21,21,True,-1935359/4194304,1/2097152,1/2097152,True,1935361/4194304,True,True,square_control|all_integer_control|arbitrary_decidable_modular,post_freeze_evaluator,0
1937,000000000011110010001,21,21,True,161793/4194304,1/2097152,1/2097152,True,161795/4194304,True,True,all_integer_control,post_freeze_evaluator,0
1938,000000000011110010010,21,21,True,-886783/4194304,1/2097152,1/2097152,True,886785/4194304,True,True,all_integer_control|matched_density_hash,post_freeze_evaluator,0
1939,000000000011110010011,21,21,True,1210369/4194304,1/2097152,1/2097152,True,1210371/4194304,True,True,all_integer_control|matched_density_seeded_random,post_freeze_evaluator,0
1940,000000000011110010100,21,21,True,-1411071/4194304,1/2097152,1/2097152,True,1411073/4194304,True,True,all_integer_control|arbitrary_decidable_modular,post_freeze_evaluator,0
1941,000000000011110010101,21,21,True,686081/4194304,1/2097152,1/2097152,True,686083/4194304,True,True,all_integer_control|matched_density_hash|arbitrary_decidable_modular,post_freeze_evaluator,0
1942,000000000011110010110,21,21,True,-362495/4194304,1/2097152,1/2097152,True,362497/4194304,True,True,all_integer_control,post_freeze_evaluator,0
1943,000000000011110010111,21,21,True,1734657/4194304,1/2097152,1/2097152,True,1734659/4194304,True,True,all_integer_control|matched_density_hash|arbitrary_decidable_modular,post_freeze_evaluator,0
1944,000000000011110011000,21,21,True,-1673215/4194304,1/2097152,1/2097152,True,1673217/4194304,True,True,all_integer_control,post_freeze_evaluator,0
1945,000000000011110011001,21,21,True,423937/4194304,1/2097152,1/2097152,True,423939/4194304,True,True,all_integer_control,post_freeze_evaluator,0
1946,000000000011110011010,21,21,True,-624639/4194304,1/2097152,1/2097152,True,624641/4194304,True,True,all_integer_control,post_freeze_evaluator,0
1947,000000000011110011011,21,21,True,1472513/4194304,1/2097152,1/2097152,True,1472515/4194304,True,True,all_integer_control|arbitrary_decidable_modular,post_freeze_evaluator,0
1948,000000000011110011100,21,21,True,-1148927/4194304,1/2097152,1/2097152,True,1148929/4194304,True,True,all_integer_control|arbitrary_decidable_modular,post_freeze_evaluator,0
1949,000000000011110011101,21,21,True,948225/4194304,1/2097152,1/2097152,True,948227/4194304,True,True,prime_evaluator|all_integer_control,post_freeze_evaluator,0
1950,000000000011110011110,21,21,True,-100351/4194304,1/2097152,1/2097152,True,100353/4194304,True,True,all_integer_control|arbitrary_decidable_modular,post_freeze_evaluator,0
1951,000000000011110011111,21,21,True,1996801/4194304,1/2097152,1/2097152,True,1996803/4194304,True,True,prime_evaluator|all_integer_control,post_freeze_evaluator,0
1952,000000000011110100000,21,21,True,-2000895/4194304,1/2097152,1/2097152,True,2000897/4194304,True,True,all_integer_control,post_freeze_evaluator,0
1953,000000000011110100001,21,21,True,96257/4194304,1/2097152,1/2097152,True,96259/4194304,True,True,all_integer_control|matched_density_hash,post_freeze_evaluator,0
1954,000000000011110100010,21,21,True,-952319/4194304,1/2097152,1/2097152,True,952321/4194304,True,True,all_integer_control|arbitrary_decidable_modular,post_freeze_evaluator,0
1955,000000000011110100011,21,21,True,1144833/4194304,1/2097152,1/2097152,True,1144835/4194304,True,True,all_integer_control|matched_density_hash|arbitrary_decidable_modular,post_freeze_evaluator,0
1956,000000000011110100100,21,21,True,-1476607/4194304,1/2097152,1/2097152,True,1476609/4194304,True,True,all_integer_control,post_freeze_evaluator,0
1957,000000000011110100101,21,21,True,620545/4194304,1/2097152,1/2097152,True,620547/4194304,True,True,all_integer_control|arbitrary_decidable_modular,post_freeze_evaluator,0
1958,000000000011110100110,21,21,True,-428031/4194304,1/2097152,1/2097152,True,428033/4194304,True,True,all_integer_control,post_freeze_evaluator,0
1959,000000000011110100111,21,21,True,1669121/4194304,1/2097152,1/2097152,True,1669123/4194304,True,True,all_integer_control,post_freeze_evaluator,0
1960,000000000011110101000,21,21,True,-1738751/4194304,1/2097152,1/2097152,True,1738753/4194304,True,True,all_integer_control,post_freeze_evaluator,0
1961,000000000011110101001,21,21,True,358401/4194304,1/2097152,1/2097152,True,358403/4194304,True,True,all_integer_control|arbitrary_decidable_modular,post_freeze_evaluator,0
1962,000000000011110101010,21,21,True,-690175/4194304,1/2097152,1/2097152,True,690177/4194304,True,True,all_integer_control|matched_density_hash|arbitrary_decidable_modular,post_freeze_evaluator,0
1963,000000000011110101011,21,21,True,1406977/4194304,1/2097152,1/2097152,True,1406979/4194304,True,True,all_integer_control,post_freeze_evaluator,0
1964,000000000011110101100,21,21,True,-1214463/4194304,1/2097152,1/2097152,True,1214465/4194304,True,True,all_integer_control|arbitrary_decidable_modular,post_freeze_evaluator,0
1965,000000000011110101101,21,21,True,882689/4194304,1/2097152,1/2097152,True,882691/4194304,True,True,all_integer_control|matched_density_hash,post_freeze_evaluator,0
1966,000000000011110101110,21,21,True,-165887/4194304,1/2097152,1/2097152,True,165889/4194304,True,True,all_integer_control,post_freeze_evaluator,0
1967,000000000011110101111,21,21,True,1931265/4194304,1/2097152,1/2097152,True,1931267/4194304,True,True,all_integer_control|matched_density_seeded_random,post_freeze_evaluator,0
1968,000000000011110110000,21,21,True,-1869823/4194304,1/2097152,1/2097152,True,1869825/4194304,True,True,all_integer_control|arbitrary_decidable_modular,post_freeze_evaluator,0
1969,000000000011110110001,21,21,True,227329/4194304,1/2097152,1/2097152,True,227331/4194304,True,True,all_integer_control|arbitrary_decidable_modular,post_freeze_evaluator,0
1970,000000000011110110010,21,21,True,-821247/4194304,1/2097152,1/2097152,True,821249/4194304,True,True,all_integer_control,post_freeze_evaluator,0
1971,000000000011110110011,21,21,True,1275905/4194304,1/2097152,1/2097152,True,1275907/4194304,True,True,all_integer_control|arbitrary_decidable_modular,post_freeze_evaluator,0
1972,000000000011110110100,21,21,True,-1345535/4194304,1/2097152,1/2097152,True,1345537/4194304,True,True,all_integer_control,post_freeze_evaluator,0
1973,000000000011110110101,21,21,True,751617/4194304,1/2097152,1/2097152,True,751619/4194304,True,True,prime_evaluator|all_integer_control,post_freeze_evaluator,0
1974,000000000011110110110,21,21,True,-296959/4194304,1/2097152,1/2097152,True,296961/4194304,True,True,all_integer_control,post_freeze_evaluator,0
1975,000000000011110110111,21,21,True,1800193/4194304,1/2097152,1/2097152,True,1800195/4194304,True,True,all_integer_control|arbitrary_decidable_modular,post_freeze_evaluator,0
1976,000000000011110111000,21,21,True,-1607679/4194304,1/2097152,1/2097152,True,1607681/4194304,True,True,all_integer_control|arbitrary_decidable_modular,post_freeze_evaluator,0
1977,000000000011110111001,21,21,True,489473/4194304,1/2097152,1/2097152,True,489475/4194304,True,True,all_integer_control,post_freeze_evaluator,0
1978,000000000011110111010,21,21,True,-559103/4194304,1/2097152,1/2097152,True,559105/4194304,True,True,all_integer_control|arbitrary_decidable_modular,post_freeze_evaluator,0
1979,000000000011110111011,21,21,True,1538049/4194304,1/2097152,1/2097152,True,1538051/4194304,True,True,prime_evaluator|all_integer_control,post_freeze_evaluator,0
1980,000000000011110111100,21,21,True,-1083391/4194304,1/2097152,1/2097152,True,1083393/4194304,True,True,all_integer_control|matched_density_seeded_random,post_freeze_evaluator,0
1981,000000000011110111101,21,21,True,1013761/4194304,1/2097152,1/2097152,True,1013763/4194304,True,True,all_integer_control,post_freeze_evaluator,0
1982,000000000011110111110,21,21,True,-34815/4194304,1/2097152,1/2097152,True,34817/4194304,True,True,all_integer_control|arbitrary_decidable_modular,post_freeze_evaluator,0
1983,000000000011110111111,21,21,True,2062337/4194304,1/2097152,1/2097152,True,2062339/4194304,True,True,all_integer_control|arbitrary_decidable_modular,post_freeze_evaluator,0
1984,000000000011111000000,21,21,True,-2033663/4194304,1/2097152,1/2097152,True,2033665/4194304,True,True,all_integer_control,post_freeze_evaluator,0
1985,000000000011111000001,21,21,True,63489/4194304,1/2097152,1/2097152,True,63491/4194304,True,True,all_integer_control|arbitrary_decidable_modular,post_freeze_evaluator,0
1986,000000000011111000010,21,21,True,-985087/4194304,1/2097152,1/2097152,True,985089/4194304,True,True,all_integer_control,post_freeze_evaluator,0
1987,000000000011111000011,21,21,True,1112065/4194304,1/2097152,1/2097152,True,1112067/4194304,True,True,prime_evaluator|all_integer_control,post_freeze_evaluator,0
1988,000000000011111000100,21,21,True,-1509375/4194304,1/2097152,1/2097152,True,1509377/4194304,True,True,all_integer_control,post_freeze_evaluator,0
1989,000000000011111000101,21,21,True,587777/4194304,1/2097152,1/2097152,True,587779/4194304,True,True,all_integer_control|arbitrary_decidable_modular,post_freeze_evaluator,0
1990,000000000011111000110,21,21,True,-460799/4194304,1/2097152,1/2097152,True,460801/4194304,True,True,all_integer_control|matched_density_hash|arbitrary_decidable_modular,post_freeze_evaluator,0
1991,000000000011111000111,21,21,True,1636353/4194304,1/2097152,1/2097152,True,1636355/4194304,True,True,all_integer_control,post_freeze_evaluator,0
1992,000000000011111001000,21,21,True,-1771519/4194304,1/2097152,1/2097152,True,1771521/4194304,True,True,all_integer_control|arbitrary_decidable_modular,post_freeze_evaluator,0
1993,000000000011111001001,21,21,True,325633/4194304,1/2097152,1/2097152,True,325635/4194304,True,True,prime_evaluator|all_integer_control,post_freeze_evaluator,0
1994,000000000011111001010,21,21,True,-722943/4194304,1/2097152,1/2097152,True,722945/4194304,True,True,all_integer_control,post_freeze_evaluator,0
1995,000000000011111001011,21,21,True,1374209/4194304,1/2097152,1/2097152,True,1374211/4194304,True,True,all_integer_control,post_freeze_evaluator,0
1996,000000000011111001100,21,21,True,-1247231/4194304,1/2097152,1/2097152,True,1247233/4194304,True,True,all_integer_control|arbitrary_decidable_modular,post_freeze_evaluator,0
1997,000000000011111001101,21,21,True,849921/4194304,1/2097152,1/2097152,True,849923/4194304,True,True,prime_evaluator|all_integer_control|arbitrary_decidable_modular,post_freeze_evaluator,0
1998,000000000011111001110,21,21,True,-198655/4194304,1/2097152,1/2097152,True,198657/4194304,True,True,all_integer_control,post_freeze_evaluator,0
1999,000000000011111001111,21,21,True,1898497/4194304,1/2097152,1/2097152,True,1898499/4194304,True,True,prime_evaluator|all_integer_control|arbitrary_decidable_modular,post_freeze_evaluator,0
2000,000000000011111010000,21,21,True,-1902591/4194304,1/2097152,1/2097152,True,1902593/4194304,True,True,all_integer_control,post_freeze_evaluator,0
2001,000000000011111010001,21,21,True,194561/4194304,1/2097152,1/2097152,True,194563/4194304,True,True,all_integer_control,post_freeze_evaluator,0
2002,000000000011111010010,21,21,True,-854015/4194304,1/2097152,1/2097152,True,854017/4194304,True,True,all_integer_control,post_freeze_evaluator,0
2003,000000000011111010011,21,21,True,1243137/4194304,1/2097152,1/2097152,True,1243139/4194304,True,True,prime_evaluator|all_integer_control|matched_density_hash|arbitrary_decidable_modular,post_freeze_evaluator,0
2004,000000000011111010100,21,21,True,-1378303/4194304,1/2097152,1/2097152,True,1378305/4194304,True,True,all_integer_control|arbitrary_decidable_modular,post_freeze_evaluator,0
2005,000000000011111010101,21,21,True,718849/4194304,1/2097152,1/2097152,True,718851/4194304,True,True,all_integer_control,post_freeze_evaluator,0
2006,000000000011111010110,21,21,True,-329727/4194304,1/2097152,1/2097152,True,329729/4194304,True,True,all_integer_control|arbitrary_decidable_modular,post_freeze_evaluator,0
2007,000000000011111010111,21,21,True,1767425/4194304,1/2097152,1/2097152,True,1767427/4194304,True,True,all_integer_control,post_freeze_evaluator,0
2008,000000000011111011000,21,21,True,-1640447/4194304,1/2097152,1/2097152,True,1640449/4194304,True,True,all_integer_control,post_freeze_evaluator,0
2009,000000000011111011001,21,21,True,456705/4194304,1/2097152,1/2097152,True,456707/4194304,True,True,all_integer_control,post_freeze_evaluator,0
2010,000000000011111011010,21,21,True,-591871/4194304,1/2097152,1/2097152,True,591873/4194304,True,True,all_integer_control|matched_density_hash|arbitrary_decidable_modular,post_freeze_evaluator,0
2011,000000000011111011011,21,21,True,1505281/4194304,1/2097152,1/2097152,True,1505283/4194304,True,True,prime_evaluator|all_integer_control|arbitrary_decidable_modular,post_freeze_evaluator,0
2012,000000000011111011100,21,21,True,-1116159/4194304,1/2097152,1/2097152,True,1116161/4194304,True,True,all_integer_control,post_freeze_evaluator,0
2013,000000000011111011101,21,21,True,980993/4194304,1/2097152,1/2097152,True,980995/4194304,True,True,all_integer_control|matched_density_hash|arbitrary_decidable_modular,post_freeze_evaluator,0
2014,000000000011111011110,21,21,True,-67583/4194304,1/2097152,1/2097152,True,67585/4194304,True,True,all_integer_control,post_freeze_evaluator,0
2015,000000000011111011111,21,21,True,2029569/4194304,1/2097152,1/2097152,True,2029571/4194304,True,True,all_integer_control,post_freeze_evaluator,0
2016,000000000011111100000,21,21,True,-1968127/4194304,1/2097152,1/2097152,True,1968129/4194304,True,True,all_integer_control|matched_density_hash,post_freeze_evaluator,0
2017,000000000011111100001,21,21,True,129025/4194304,1/2097152,1/2097152,True,129027/4194304,True,True,prime_evaluator|all_integer_control|arbitrary_decidable_modular,post_freeze_evaluator,0
2018,000000000011111100010,21,21,True,-919551/4194304,1/2097152,1/2097152,True,919553/4194304,True,True,all_integer_control|arbitrary_decidable_modular,post_freeze_evaluator,0
2019,000000000011111100011,21,21,True,1177601/4194304,1/2097152,1/2097152,True,1177603/4194304,True,True,all_integer_control,post_freeze_evaluator,0
2020,000000000011111100100,21,21,True,-1443839/4194304,1/2097152,1/2097152,True,1443841/4194304,True,True,all_integer_control|matched_density_hash|arbitrary_decidable_modular,post_freeze_evaluator,0
2021,000000000011111100101,21,21,True,653313/4194304,1/2097152,1/2097152,True,653315/4194304,True,True,all_integer_control|matched_density_hash,post_freeze_evaluator,0
2022,000000000011111100110,21,21,True,-395263/4194304,1/2097152,1/2097152,True,395265/4194304,True,True,all_integer_control,post_freeze_evaluator,0
2023,000000000011111100111,21,21,True,1701889/4194304,1/2097152,1/2097152,True,1701891/4194304,True,True,all_integer_control,post_freeze_evaluator,0
2024,000000000011111101000,21,21,True,-1705983/4194304,1/2097152,1/2097152,True,1705985/4194304,True,True,all_integer_control|arbitrary_decidable_modular,post_freeze_evaluator,0
2025,000000000011111101001,21,21,True,391169/4194304,1/2097152,1/2097152,True,391171/4194304,True,True,square_control|all_integer_control|arbitrary_decidable_modular,post_freeze_evaluator,0
2026,000000000011111101010,21,21,True,-657407/4194304,1/2097152,1/2097152,True,657409/4194304,True,True,all_integer_control,post_freeze_evaluator,0
2027,000000000011111101011,21,21,True,1439745/4194304,1/2097152,1/2097152,True,1439747/4194304,True,True,prime_evaluator|all_integer_control|matched_density_seeded_random|arbitrary_decidable_modular,post_freeze_evaluator,0
2028,000000000011111101100,21,21,True,-1181695/4194304,1/2097152,1/2097152,True,1181697/4194304,True,True,all_integer_control,post_freeze_evaluator,0
2029,000000000011111101101,21,21,True,915457/4194304,1/2097152,1/2097152,True,915459/4194304,True,True,prime_evaluator|all_integer_control,post_freeze_evaluator,0
2030,000000000011111101110,21,21,True,-133119/4194304,1/2097152,1/2097152,True,133121/4194304,True,True,all_integer_control|matched_density_seeded_random,post_freeze_evaluator,0
2031,000000000011111101111,21,21,True,1964033/4194304,1/2097152,1/2097152,True,1964035/4194304,True,True,all_integer_control|arbitrary_decidable_modular,post_freeze_evaluator,0
2032,000000000011111110000,21,21,True,-1837055/4194304,1/2097152,1/2097152,True,1837057/4194304,True,True,all_integer_control|arbitrary_decidable_modular,post_freeze_evaluator,0
2033,000000000011111110001,21,21,True,260097/4194304,1/2097152,1/2097152,True,260099/4194304,True,True,all_integer_control,post_freeze_evaluator,0
2034,000000000011111110010,21,21,True,-788479/4194304,1/2097152,1/2097152,True,788481/4194304,True,True,all_integer_control|arbitrary_decidable_modular,post_freeze_evaluator,0
2035,000000000011111110011,21,21,True,1308673/4194304,1/2097152,1/2097152,True,1308675/4194304,True,True,all_integer_control|matched_density_hash,post_freeze_evaluator,0
2036,000000000011111110100,21,21,True,-1312767/4194304,1/2097152,1/2097152,True,1312769/4194304,True,True,all_integer_control,post_freeze_evaluator,0
2037,000000000011111110101,21,21,True,784385/4194304,1/2097152,1/2097152,True,784387/4194304,True,True,all_integer_control|matched_density_hash,post_freeze_evaluator,0
2038,000000000011111110110,21,21,True,-264191/4194304,1/2097152,1/2097152,True,264193/4194304,True,True,all_integer_control|arbitrary_decidable_modular,post_freeze_evaluator,0
2039,000000000011111110111,21,21,True,1832961/4194304,1/2097152,1/2097152,True,1832963/4194304,True,True,prime_evaluator|all_integer_control|matched_density_hash|arbitrary_decidable_modular,post_freeze_evaluator,0
2040,000000000011111111000,21,21,True,-1574911/4194304,1/2097152,1/2097152,True,1574913/4194304,True,True,all_integer_control,post_freeze_evaluator,0
2041,000000000011111111001,21,21,True,522241/4194304,1/2097152,1/2097152,True,522243/4194304,True,True,all_integer_control|arbitrary_decidable_modular,post_freeze_evaluator,0
2042,000000000011111111010,21,21,True,-526335/4194304,1/2097152,1/2097152,True,526337/4194304,True,True,all_integer_control,post_freeze_evaluator,0
2043,000000000011111111011,21,21,True,1570817/4194304,1/2097152,1/2097152,True,1570819/4194304,True,True,all_integer_control,post_freeze_evaluator,0
2044,000000000011111111100,21,21,True,-1050623/4194304,1/2097152,1/2097152,True,1050625/4194304,True,True,all_integer_control,post_freeze_evaluator,0
2045,000000000011111111101,21,21,True,1046529/4194304,1/2097152,1/2097152,True,1046531/4194304,True,True,all_integer_control|arbitrary_decidable_modular,post_freeze_evaluator,0
2046,000000000011111111110,21,21,True,-2047/4194304,1/2097152,1/2097152,True,2049/4194304,True,True,all_integer_control|arbitrary_decidable_modular,post_freeze_evaluator,0
2047,000000000011111111111,21,21,True,2095105/4194304,1/2097152,1/2097152,True,2095107/4194304,True,True,all_integer_control,post_freeze_evaluator,0
2048,00000000000100000000000,23,23,True,-8384511/16777216,1/8388608,1/8388608,True,8384513/16777216,True,True,all_integer_control|matched_density_seeded_random|arbitrary_decidable_modular,post_freeze_evaluator,0
2049,00000000000100000000001,23,23,True,4097/16777216,1/8388608,1/8388608,True,4099/16777216,True,True,all_integer_control|matched_density_seeded_random,post_freeze_evaluator,0
2050,00000000000100000000010,23,23,True,-4190207/16777216,1/8388608,1/8388608,True,4190209/16777216,True,True,all_integer_control,post_freeze_evaluator,0
2051,00000000000100000000011,23,23,True,4198401/16777216,1/8388608,1/8388608,True,4198403/16777216,True,True,all_integer_control,post_freeze_evaluator,0
2052,00000000000100000000100,23,23,True,-6287359/16777216,1/8388608,1/8388608,True,6287361/16777216,True,True,all_integer_control|matched_density_seeded_random|arbitrary_decidable_modular,post_freeze_evaluator,0
2053,00000000000100000000101,23,23,True,2101249/16777216,1/8388608,1/8388608,True,2101251/16777216,True,True,prime_evaluator|all_integer_control|arbitrary_decidable_modular,post_freeze_evaluator,0
2054,00000000000100000000110,23,23,True,-2093055/16777216,1/8388608,1/8388608,True,2093057/16777216,True,True,all_integer_control,post_freeze_evaluator,0
2055,00000000000100000000111,23,23,True,6295553/16777216,1/8388608,1/8388608,True,6295555/16777216,True,True,all_integer_control|arbitrary_decidable_modular,post_freeze_evaluator,0
2056,00000000000100000001000,23,23,True,-7335935/16777216,1/8388608,1/8388608,True,7335937/16777216,True,True,all_integer_control,post_freeze_evaluator,0
2057,00000000000100000001001,23,23,True,1052673/16777216,1/8388608,1/8388608,True,1052675/16777216,True,True,all_integer_control|matched_density_seeded_random,post_freeze_evaluator,0
2058,00000000000100000001010,23,23,True,-3141631/16777216,1/8388608,1/8388608,True,3141633/16777216,True,True,all_integer_control,post_freeze_evaluator,0
2059,00000000000100000001011,23,23,True,5246977/16777216,1/8388608,1/8388608,True,5246979/16777216,True,True,all_integer_control|arbitrary_decidable_modular,post_freeze_evaluator,0
2060,00000000000100000001100,23,23,True,-5238783/16777216,1/8388608,1/8388608,True,5238785/16777216,True,True,all_integer_control|arbitrary_decidable_modular,post_freeze_evaluator,0
2061,00000000000100000001101,23,23,True,3149825/16777216,1/8388608,1/8388608,True,3149827/16777216,True,True,all_integer_control,post_freeze_evaluator,0
2062,00000000000100000001110,23,23,True,-1044479/16777216,1/8388608,1/8388608,True,1044481/16777216,True,True,all_integer_control|arbitrary_decidable_modular,post_freeze_evaluator,0
2063,00000000000100000001111,23,23,True,7344129/16777216,1/8388608,1/8388608,True,7344131/16777216,True,True,prime_evaluator|all_integer_control,post_freeze_evaluator,0
2064,00000000000100000010000,23,23,True,-7860223/16777216,1/8388608,1/8388608,True,7860225/16777216,True,True,all_integer_control|matched_density_seeded_random,post_freeze_evaluator,0
2065,00000000000100000010001,23,23,True,528385/16777216,1/8388608,1/8388608,True,528387/16777216,True,True,all_integer_control,post_freeze_evaluator,0
2066,00000000000100000010010,23,23,True,-3665919/16777216,1/8388608,1/8388608,True,3665921/16777216,True,True,all_integer_control|arbitrary_decidable_modular,post_freeze_evaluator,0
2067,00000000000100000010011,23,23,True,4722689/16777216,1/8388608,1/8388608,True,4722691/16777216,True,True,all_integer_control|arbitrary_decidable_modular,post_freeze_evaluator,0
2068,00000000000100000010100,23,23,True,-5763071/16777216,1/8388608,1/8388608,True,5763073/16777216,True,True,all_integer_control,post_freeze_evaluator,0
2069,00000000000100000010101,23,23,True,2625537/16777216,1/8388608,1/8388608,True,2625539/16777216,True,True,prime_evaluator|all_integer_control|arbitrary_decidable_modular,post_freeze_evaluator,0
2070,00000000000100000010110,23,23,True,-1568767/16777216,1/8388608,1/8388608,True,1568769/16777216,True,True,all_integer_control,post_freeze_evaluator,0
2071,00000000000100000010111,23,23,True,6819841/16777216,1/8388608,1/8388608,True,6819843/16777216,True,True,all_integer_control,post_freeze_evaluator,0
2072,00000000000100000011000,23,23,True,-6811647/16777216,1/8388608,1/8388608,True,6811649/16777216,True,True,all_integer_control,post_freeze_evaluator,0
2073,00000000000100000011001,23,23,True,1576961/16777216,1/8388608,1/8388608,True,1576963/16777216,True,True,all_integer_control|matched_density_hash|arbitrary_decidable_modular,post_freeze_evaluator,0
2074,00000000000100000011010,23,23,True,-2617343/16777216,1/8388608,1/8388608,True,2617345/16777216,True,True,all_integer_control|arbitrary_decidable_modular,post_freeze_evaluator,0
2075,00000000000100000011011,23,23,True,5771265/16777216,1/8388608,1/8388608,True,5771267/16777216,True,True,all_integer_control,post_freeze_evaluator,0
2076,00000000000100000011100,23,23,True,-4714495/16777216,1/8388608,1/8388608,True,4714497/16777216,True,True,all_integer_control|matched_density_seeded_random|arbitrary_decidable_modular,post_freeze_evaluator,0
2077,00000000000100000011101,23,23,True,3674113/16777216,1/8388608,1/8388608,True,3674115/16777216,True,True,all_integer_control,post_freeze_evaluator,0
2078,00000000000100000011110,23,23,True,-520191/16777216,1/8388608,1/8388608,True,520193/16777216,True,True,all_integer_control|matched_density_hash,post_freeze_evaluator,0
2079,00000000000100000011111,23,23,True,7868417/16777216,1/8388608,1/8388608,True,7868419/16777216,True,True,all_integer_control,post_freeze_evaluator,0
2080,00000000000100000100000,23,23,True,-8122367/16777216,1/8388608,1/8388608,True,8122369/16777216,True,True,all_integer_control|arbitrary_decidable_modular,post_freeze_evaluator,0
2081,00000000000100000100001,23,23,True,266241/16777216,1/8388608,1/8388608,True,266243/16777216,True,True,prime_evaluator|all_integer_control|arbitrary_decidable_modular,post_freeze_evaluator,0
2082,00000000000100000100010,23,23,True,-3928063/16777216,1/8388608,1/8388608,True,3928065/16777216,True,True,all_integer_control|matched_density_hash,post_freeze_evaluator,0
2083,00000000000100000100011,23,23,True,4460545/16777216,1/8388608,1/8388608,True,4460547/16777216,True,True,prime_evaluator|all_integer_control|arbitrary_decidable_modular,post_freeze_evaluator,0
2084,00000000000100000100100,23,23,True,-6025215/16777216,1/8388608,1/8388608,True,6025217/16777216,True,True,all_integer_control,post_freeze_evaluator,0
2085,00000000000100000100101,23,23,True,2363393/16777216,1/8388608,1/8388608,True,2363395/16777216,True,True,all_integer_control|matched_density_seeded_random,post_freeze_evaluator,0
2086,00000000000100000100110,23,23,True,-1830911/16777216,1/8388608,1/8388608,True,1830913/16777216,True,True,all_integer_control|matched_density_seeded_random,post_freeze_evaluator,0
2087,00000000000100000100111,23,23,True,6557697/16777216,1/8388608,1/8388608,True,6557699/16777216,True,True,prime_evaluator|all_integer_control|arbitrary_decidable_modular,post_freeze_evaluator,0
2088,00000000000100000101000,23,23,True,-7073791/16777216,1/8388608,1/8388608,True,7073793/16777216,True,True,all_integer_control|arbitrary_decidable_modular,post_freeze_evaluator,0
2089,00000000000100000101001,23,23,True,1314817/16777216,1/8388608,1/8388608,True,1314819/16777216,True,True,prime_evaluator|all_integer_control,post_freeze_evaluator,0
2090,00000000000100000101010,23,23,True,-2879487/16777216,1/8388608,1/8388608,True,2879489/16777216,True,True,all_integer_control|arbitrary_decidable_modular,post_freeze_evaluator,0
2091,00000000000100000101011,23,23,True,5509121/16777216,1/8388608,1/8388608,True,5509123/16777216,True,True,all_integer_control|matched_density_seeded_random,post_freeze_evaluator,0
2092,00000000000100000101100,23,23,True,-4976639/16777216,1/8388608,1/8388608,True,4976641/16777216,True,True,all_integer_control|matched_density_seeded_random,post_freeze_evaluator,0
2093,00000000000100000101101,23,23,True,3411969/16777216,1/8388608,1/8388608,True,3411971/16777216,True,True,all_integer_control,post_freeze_evaluator,0
2094,00000000000100000101110,23,23,True,-782335/16777216,1/8388608,1/8388608,True,782337/16777216,True,True,all_integer_control|matched_density_seeded_random|arbitrary_decidable_modular,post_freeze_evaluator,0
2095,00000000000100000101111,23,23,True,7606273/16777216,1/8388608,1/8388608,True,7606275/16777216,True,True,all_integer_control|arbitrary_decidable_modular,post_freeze_evaluator,0
2096,00000000000100000110000,23,23,True,-7598079/16777216,1/8388608,1/8388608,True,7598081/16777216,True,True,all_integer_control,post_freeze_evaluator,0
2097,00000000000100000110001,23,23,True,790529/16777216,1/8388608,1/8388608,True,790531/16777216,True,True,all_integer_control|arbitrary_decidable_modular,post_freeze_evaluator,0
2098,00000000000100000110010,23,23,True,-3403775/16777216,1/8388608,1/8388608,True,3403777/16777216,True,True,all_integer_control|matched_density_seeded_random,post_freeze_evaluator,0
2099,00000000000100000110011,23,23,True,4984833/16777216,1/8388608,1/8388608,True,4984835/16777216,True,True,prime_evaluator|all_integer_control,post_freeze_evaluator,0
2100,00000000000100000110100,23,23,True,-5500927/16777216,1/8388608,1/8388608,True,5500929/16777216,True,True,all_integer_control|matched_density_seeded_random,post_freeze_evaluator,0
2101,00000000000100000110101,23,23,True,2887681/16777216,1/8388608,1/8388608,True,2887683/16777216,True,True,all_integer_control|arbitrary_decidable_modular,post_freeze_evaluator,0
2102,00000000000100000110110,23,23,True,-1306623/16777216,1/8388608,1/8388608,True,1306625/16777216,True,True,all_integer_control|arbitrary_decidable_modular,post_freeze_evaluator,0
2103,00000000000100000110111,23,23,True,7081985/16777216,1/8388608,1/8388608,True,7081987/16777216,True,True,all_integer_control,post_freeze_evaluator,0
2104,00000000000100000111000,23,23,True,-6549503/16777216,1/8388608,1/8388608,True,6549505/16777216,True,True,all_integer_control|arbitrary_decidable_modular,post_freeze_evaluator,0
2105,00000000000100000111001,23,23,True,1839105/16777216,1/8388608,1/8388608,True,1839107/16777216,True,True,all_integer_control,post_freeze_evaluator,0
2106,00000000000100000111010,23,23,True,-2355199/16777216,1/8388608,1/8388608,True,2355201/16777216,True,True,all_integer_control,post_freeze_evaluator,0
2107,00000000000100000111011,23,23,True,6033409/16777216,1/8388608,1/8388608,True,6033411/16777216,True,True,all_integer_control,post_freeze_evaluator,0
2108,00000000000100000111100,23,23,True,-4452351/16777216,1/8388608,1/8388608,True,4452353/16777216,True,True,all_integer_control|arbitrary_decidable_modular,post_freeze_evaluator,0
2109,00000000000100000111101,23,23,True,3936257/16777216,1/8388608,1/8388608,True,3936259/16777216,True,True,all_integer_control|arbitrary_decidable_modular,post_freeze_evaluator,0
2110,00000000000100000111110,23,23,True,-258047/16777216,1/8388608,1/8388608,True,258049/16777216,True,True,all_integer_control,post_freeze_evaluator,0
2111,00000000000100000111111,23,23,True,8130561/16777216,1/8388608,1/8388608,True,8130563/16777216,True,True,prime_evaluator|all_integer_control|arbitrary_decidable_modular,post_freeze_evaluator,0
2112,00000000000100001000000,23,23,True,-8253439/16777216,1/8388608,1/8388608,True,8253441/16777216,True,True,all_integer_control,post_freeze_evaluator,0
2113,00000000000100001000001,23,23,True,135169/16777216,1/8388608,1/8388608,True,135171/16777216,True,True,prime_evaluator|all_integer_control,post_freeze_evaluator,0
2114,00000000000100001000010,23,23,True,-4059135/16777216,1/8388608,1/8388608,True,4059137/16777216,True,True,all_integer_control,post_freeze_evaluator,0
2115,00000000000100001000011,23,23,True,4329473/16777216,1/8388608,1/8388608,True,4329475/16777216,True,True,all_integer_control|arbitrary_decidable_modular,post_freeze_evaluator,0
2116,00000000000100001000100,23,23,True,-6156287/16777216,1/8388608,1/8388608,True,6156289/16777216,True,True,square_control|all_integer_control|arbitrary_decidable_modular,post_freeze_evaluator,0
2117,00000000000100001000101,23,23,True,2232321/16777216,1/8388608,1/8388608,True,2232323/16777216,True,True,all_integer_control,post_freeze_evaluator,0
2118,00000000000100001000110,23,23,True,-1961983/16777216,1/8388608,1/8388608,True,1961985/16777216,True,True,all_integer_control|matched_density_seeded_random|arbitrary_decidable_modular,post_freeze_evaluator,0
2119,00000000000100001000111,23,23,True,6426625/16777216,1/8388608,1/8388608,True,6426627/16777216,True,True,all_integer_control,post_freeze_evaluator,0
2120,00000000000100001001000,23,23,True,-7204863/16777216,1/8388608,1/8388608,True,7204865/16777216,True,True,all_integer_control,post_freeze_evaluator,0
2121,00000000000100001001001,23,23,True,1183745/16777216,1/8388608,1/8388608,True,1183747/16777216,True,True,all_integer_control,post_freeze_evaluator,0
2122,00000000000100001001010,23,23,True,-3010559/16777216,1/8388608,1/8388608,True,3010561/16777216,True,True,all_integer_control|arbitrary_decidable_modular,post_freeze_evaluator,0
2123,00000000000100001001011,23,23,True,5378049/16777216,1/8388608,1/8388608,True,5378051/16777216,True,True,all_integer_control|arbitrary_decidable_modular,post_freeze_evaluator,0
2124,00000000000100001001100,23,23,True,-5107711/16777216,1/8388608,1/8388608,True,5107713/16777216,True,True,all_integer_control,post_freeze_evaluator,0
2125,00000000000100001001101,23,23,True,3280897/16777216,1/8388608,1/8388608,True,3280899/16777216,True,True,all_integer_control|arbitrary_decidable_modular,post_freeze_evaluator,0
2126,00000000000100001001110,23,23,True,-913407/16777216,1/8388608,1/8388608,True,913409/16777216,True,True,all_integer_control,post_freeze_evaluator,0
2127,00000000000100001001111,23,23,True,7475201/16777216,1/8388608,1/8388608,True,7475203/16777216,True,True,all_integer_control|matched_density_seeded_random,post_freeze_evaluator,0
2128,00000000000100001010000,23,23,True,-7729151/16777216,1/8388608,1/8388608,True,7729153/16777216,True,True,all_integer_control|matched_density_hash,post_freeze_evaluator,0
2129,00000000000100001010001,23,23,True,659457/16777216,1/8388608,1/8388608,True,659459/16777216,True,True,prime_evaluator|all_integer_control|arbitrary_decidable_modular,post_freeze_evaluator,0
2130,00000000000100001010010,23,23,True,-3534847/16777216,1/8388608,1/8388608,True,3534849/16777216,True,True,all_integer_control|arbitrary_decidable_modular,post_freeze_evaluator,0
2131,00000000000100001010011,23,23,True,4853761/16777216,1/8388608,1/8388608,True,4853763/16777216,True,True,prime_evaluator|all_integer_control,post_freeze_evaluator,0
2132,00000000000100001010100,23,23,True,-5631999/16777216,1/8388608,1/8388608,True,5632001/16777216,True,True,all_integer_control|arbitrary_decidable_modular,post_freeze_evaluator,0
2133,00000000000100001010101,23,23,True,2756609/16777216,1/8388608,1/8388608,True,2756611/16777216,True,True,all_integer_control|matched_density_seeded_random|matched_density_hash,post_freeze_evaluator,0
2134,00000000000100001010110,23,23,True,-1437695/16777216,1/8388608,1/8388608,True,1437697/16777216,True,True,all_integer_control,post_freeze_evaluator,0
2135,00000000000100001010111,23,23,True,6950913/16777216,1/8388608,1/8388608,True,6950915/16777216,True,True,all_integer_control,post_freeze_evaluator,0
2136,00000000000100001011000,23,23,True,-6680575/16777216,1/8388608,1/8388608,True,6680577/16777216,True,True,all_integer_control|arbitrary_decidable_modular,post_freeze_evaluator,0
2137,00000000000100001011001,23,23,True,1708033/16777216,1/8388608,1/8388608,True,1708035/16777216,True,True,prime_evaluator|all_integer_control|arbitrary_decidable_modular,post_freeze_evaluator,0
2138,00000000000100001011010,23,23,True,-2486271/16777216,1/8388608,1/8388608,True,2486273/16777216,True,True,all_integer_control,post_freeze_evaluator,0
2139,00000000000100001011011,23,23,True,5902337/16777216,1/8388608,1/8388608,True,5902339/16777216,True,True,all_integer_control|matched_density_seeded_random|matched_density_hash|arbitrary_decidable_modular,post_freeze_evaluator,0
2140,00000000000100001011100,23,23,True,-4583423/16777216,1/8388608,1/8388608,True,4583425/16777216,True,True,all_integer_control,post_freeze_evaluator,0
2141,00000000000100001011101,23,23,True,3805185/16777216,1/8388608,1/8388608,True,3805187/16777216,True,True,prime_evaluator|all_integer_control,post_freeze_evaluator,0
2142,00000000000100001011110,23,23,True,-389119/16777216,1/8388608,1/8388608,True,389121/16777216,True,True,all_integer_control,post_freeze_evaluator,0
2143,00000000000100001011111,23,23,True,7999489/16777216,1/8388608,1/8388608,True,7999491/16777216,True,True,prime_evaluator|all_integer_control|arbitrary_decidable_modular,post_freeze_evaluator,0
2144,00000000000100001100000,23,23,True,-7991295/16777216,1/8388608,1/8388608,True,7991297/16777216,True,True,all_integer_control|arbitrary_decidable_modular,post_freeze_evaluator,0
2145,00000000000100001100001,23,23,True,397313/16777216,1/8388608,1/8388608,True,397315/16777216,True,True,all_integer_control|matched_density_seeded_random,post_freeze_evaluator,0
2146,00000000000100001100010,23,23,True,-3796991/16777216,1/8388608,1/8388608,True,3796993/16777216,True,True,all_integer_control|arbitrary_decidable_modular,post_freeze_evaluator,0
2147,00000000000100001100011,23,23,True,4591617/16777216,1/8388608,1/8388608,True,4591619/16777216,True,True,all_integer_control|matched_density_seeded_random,post_freeze_evaluator,0
2148,00000000000100001100100,23,23,True,-5894143/16777216,1/8388608,1/8388608,True,5894145/16777216,True,True,all_integer_control,post_freeze_evaluator,0
2149,00000000000100001100101,23,23,True,2494465/16777216,1/8388608,1/8388608,True,2494467/16777216,True,True,all_integer_control|matched_density_seeded_random,post_freeze_evaluator,0
2150,00000000000100001100110,23,23,True,-1699839/16777216,1/8388608,1/8388608,True,1699841/16777216,True,True,all_integer_control|matched_density_hash|arbitrary_decidable_modular,post_freeze_evaluator,0
2151,00000000000100001100111,23,23,True,6688769/16777216,1/8388608,1/8388608,True,6688771/16777216,True,True,all_integer_control|matched_density_hash|arbitrary_decidable_modular,post_freeze_evaluator,0
2152,00000000000100001101000,23,23,True,-6942719/16777216,1/8388608,1/8388608,True,6942721/16777216,True,True,all_integer_control,post_freeze_evaluator,0
2153,00000000000100001101001,23,23,True,1445889/16777216,1/8388608,1/8388608,True,1445891/16777216,True,True,prime_evaluator|all_integer_control|matched_density_seeded_random|arbitrary_decidable_modular,post_freeze_evaluator,0
2154,00000000000100001101010,23,23,True,-2748415/16777216,1/8388608,1/8388608,True,2748417/16777216,True,True,all_integer_control,post_freeze_evaluator,0
2155,00000000000100001101011,23,23,True,5640193/16777216,1/8388608,1/8388608,True,5640195/16777216,True,True,all_integer_control,post_freeze_evaluator,0
2156,00000000000100001101100,23,23,True,-4845567/16777216,1/8388608,1/8388608,True,4845569/16777216,True,True,all_integer_control,post_freeze_evaluator,0
2157,00000000000100001101101,23,23,True,3543041/16777216,1/8388608,1/8388608,True,3543043/16777216,True,True,all_integer_control|arbitrary_decidable_modular,post_freeze_evaluator,0
2158,00000000000100001101110,23,23,True,-651263/16777216,1/8388608,1/8388608,True,651265/16777216,True,True,all_integer_control|arbitrary_decidable_modular,post_freeze_evaluator,0
2159,00000000000100001101111,23,23,True,7737345/16777216,1/8388608,1/8388608,True,7737347/16777216,True,True,all_integer_control,post_freeze_evaluator,0
2160,00000000000100001110000,23,23,True,-7467007/16777216,1/8388608,1/8388608,True,7467009/16777216,True,True,all_integer_control|arbitrary_decidable_modular,post_freeze_evaluator,0
2161,00000000000100001110001,23,23,True,921601/16777216,1/8388608,1/8388608,True,921603/16777216,True,True,prime_evaluator|all_integer_control,post_freeze_evaluator,0
2162,00000000000100001110010,23,23,True,-3272703/16777216,1/8388608,1/8388608,True,3272705/16777216,True,True,all_integer_control,post_freeze_evaluator,0
2163,00000000000100001110011,23,23,True,5115905/16777216,1/8388608,1/8388608,True,5115907/16777216,True,True,all_integer_control,post_freeze_evaluator,0
2164,00000000000100001110100,23,23,True,-5369855/16777216,1/8388608,1/8388608,True,5369857/16777216,True,True,all_integer_control|arbitrary_decidable_modular,post_freeze_evaluator,0
2165,00000000000100001110101,23,23,True,3018753/16777216,1/8388608,1/8388608,True,3018755/16777216,True,True,all_integer_control|arbitrary_decidable_modular,post_freeze_evaluator,0
2166,00000000000100001110110,23,23,True,-1175551/16777216,1/8388608,1/8388608,True,1175553/16777216,True,True,all_integer_control,post_freeze_evaluator,0
2167,00000000000100001110111,23,23,True,7213057/16777216,1/8388608,1/8388608,True,7213059/16777216,True,True,all_integer_control|arbitrary_decidable_modular,post_freeze_evaluator,0
2168,00000000000100001111000,23,23,True,-6418431/16777216,1/8388608,1/8388608,True,6418433/16777216,True,True,all_integer_control,post_freeze_evaluator,0
2169,00000000000100001111001,23,23,True,1970177/16777216,1/8388608,1/8388608,True,1970179/16777216,True,True,all_integer_control|matched_density_hash,post_freeze_evaluator,0
2170,00000000000100001111010,23,23,True,-2224127/16777216,1/8388608,1/8388608,True,2224129/16777216,True,True,all_integer_control|matched_density_hash,post_freeze_evaluator,0
2171,00000000000100001111011,23,23,True,6164481/16777216,1/8388608,1/8388608,True,6164483/16777216,True,True,all_integer_control|matched_density_seeded_random|arbitrary_decidable_modular,post_freeze_evaluator,0
2172,00000000000100001111100,23,23,True,-4321279/16777216,1/8388608,1/8388608,True,4321281/16777216,True,True,all_integer_control|arbitrary_decidable_modular,post_freeze_evaluator,0
2173,00000000000100001111101,23,23,True,4067329/16777216,1/8388608,1/8388608,True,4067331/16777216,True,True,all_integer_control,post_freeze_evaluator,0
2174,00000000000100001111110,23,23,True,-126975/16777216,1/8388608,1/8388608,True,126977/16777216,True,True,all_integer_control|arbitrary_decidable_modular,post_freeze_evaluator,0
2175,00000000000100001111111,23,23,True,8261633/16777216,1/8388608,1/8388608,True,8261635/16777216,True,True,all_integer_control,post_freeze_evaluator,0
2176,00000000000100010000000,23,23,True,-8318975/16777216,1/8388608,1/8388608,True,8318977/16777216,True,True,all_integer_control|matched_density_hash,post_freeze_evaluator,0
2177,00000000000100010000001,23,23,True,69633/16777216,1/8388608,1/8388608,True,69635/16777216,True,True,all_integer_control|matched_density_seeded_random,post_freeze_evaluator,0
2178,00000000000100010000010,23,23,True,-4124671/16777216,1/8388608,1/8388608,True,4124673/16777216,True,True,all_integer_control|arbitrary_decidable_modular,post_freeze_evaluator,0
2179,00000000000100010000011,23,23,True,4263937/16777216,1/8388608,1/8388608,True,4263939/16777216,True,True,prime_evaluator|all_integer_control|arbitrary_decidable_modular,post_freeze_evaluator,0
2180,00000000000100010000100,23,23,True,-6221823/16777216,1/8388608,1/8388608,True,6221825/16777216,True,True,all_integer_control,post_freeze_evaluator,0
2181,00000000000100010000101,23,23,True,2166785/16777216,1/8388608,1/8388608,True,2166787/16777216,True,True,all_integer_control|arbitrary_decidable_modular,post_freeze_evaluator,0
2182,00000000000100010000110,23,23,True,-2027519/16777216,1/8388608,1/8388608,True,2027521/16777216,True,True,all_integer_control,post_freeze_evaluator,0
2183,00000000000100010000111,23,23,True,6361089/16777216,1/8388608,1/8388608,True,6361091/16777216,True,True,all_integer_control,post_freeze_evaluator,0
2184,00000000000100010001000,23,23,True,-7270399/16777216,1/8388608,1/8388608,True,7270401/16777216,True,True,all_integer_control,post_freeze_evaluator,0
2185,00000000000100010001001,23,23,True,1118209/16777216,1/8388608,1/8388608,True,1118211/16777216,True,True,all_integer_control|arbitrary_decidable_modular,post_freeze_evaluator,0
2186,00000000000100010001010,23,23,True,-3076095/16777216,1/8388608,1/8388608,True,3076097/16777216,True,True,all_integer_control|matched_density_seeded_random|arbitrary_decidable_modular,post_freeze_evaluator,0
2187,00000000000100010001011,23,23,True,5312513/16777216,1/8388608,1/8388608,True,5312515/16777216,True,True,all_integer_control,post_freeze_evaluator,0
2188,00000000000100010001100,23,23,True,-5173247/16777216,1/8388608,1/8388608,True,5173249/16777216,True,True,all_integer_control|matched_density_seeded_random|arbitrary_decidable_modular,post_freeze_evaluator,0
2189,00000000000100010001101,23,23,True,3215361/16777216,1/8388608,1/8388608,True,3215363/16777216,True,True,all_integer_control,post_freeze_evaluator,0
2190,00000000000100010001110,23,23,True,-978943/16777216,1/8388608,1/8388608,True,978945/16777216,True,True,all_integer_control|matched_density_hash,post_freeze_evaluator,0
2191,00000000000100010001111,23,23,True,7409665/16777216,1/8388608,1/8388608,True,7409667/16777216,True,True,all_integer_control,post_freeze_evaluator,0
2192,00000000000100010010000,23,23,True,-7794687/16777216,1/8388608,1/8388608,True,7794689/16777216,True,True,all_integer_control|arbitrary_decidable_modular,post_freeze_evaluator,0
2193,00000000000100010010001,23,23,True,593921/16777216,1/8388608,1/8388608,True,593923/16777216,True,True,all_integer_control|arbitrary_decidable_modular,post_freeze_evaluator,0
2194,00000000000100010010010,23,23,True,-3600383/16777216,1/8388608,1/8388608,True,3600385/16777216,True,True,all_integer_control|matched_density_hash,post_freeze_evaluator,0
2195,00000000000100010010011,23,23,True,4788225/16777216,1/8388608,1/8388608,True,4788227/16777216,True,True,all_integer_control|matched_density_seeded_random|arbitrary_decidable_modular,post_freeze_evaluator,0
2196,00000000000100010010100,23,23,True,-5697535/16777216,1/8388608,1/8388608,True,5697537/16777216,True,True,all_integer_control,post_freeze_evaluator,0
2197,00000000000100010010101,23,23,True,2691073/16777216,1/8388608,1/8388608,True,2691075/16777216,True,True,all_integer_control|matched_density_seeded_random,post_freeze_evaluator,0
2198,00000000000100010010110,23,23,True,-1503231/16777216,1/8388608,1/8388608,True,1503233/16777216,True,True,all_integer_control,post_freeze_evaluator,0
2199,00000000000100010010111,23,23,True,6885377/16777216,1/8388608,1/8388608,True,6885379/16777216,True,True,all_integer_control|matched_density_seeded_random|arbitrary_decidable_modular,post_freeze_evaluator,0
2200,00000000000100010011000,23,23,True,-6746111/16777216,1/8388608,1/8388608,True,6746113/16777216,True,True,all_integer_control|arbitrary_decidable_modular,post_freeze_evaluator,0
2201,00000000000100010011001,23,23,True,1642497/16777216,1/8388608,1/8388608,True,1642499/16777216,True,True,all_integer_control|matched_density_hash,post_freeze_evaluator,0
2202,00000000000100010011010,23,23,True,-2551807/16777216,1/8388608,1/8388608,True,2551809/16777216,True,True,all_integer_control|arbitrary_decidable_modular,post_freeze_evaluator,0
2203,00000000000100010011011,23,23,True,5836801/16777216,1/8388608,1/8388608,True,5836803/16777216,True,True,prime_evaluator|all_integer_control|matched_density_hash,post_freeze_evaluator,0
2204,00000000000100010011100,23,23,True,-4648959/16777216,1/8388608,1/8388608,True,4648961/16777216,True,True,all_integer_control,post_freeze_evaluator,0
2205,00000000000100010011101,23,23,True,3739649/16777216,1/8388608,1/8388608,True,3739651/16777216,True,True,all_integer_control,post_freeze_evaluator,0
2206,00000000000100010011110,23,23,True,-454655/16777216,1/8388608,1/8388608,True,454657/16777216,True,True,all_integer_control|arbitrary_decidable_modular,post_freeze_evaluator,0
2207,00000000000100010011111,23,23,True,7933953/16777216,1/8388608,1/8388608,True,7933955/16777216,True,True,prime_evaluator|all_integer_control|arbitrary_decidable_modular,post_freeze_evaluator,0
2208,00000000000100010100000,23,23,True,-8056831/16777216,1/8388608,1/8388608,True,8056833/16777216,True,True,all_integer_control,post_freeze_evaluator,0
2209,00000000000100010100001,23,23,True,331777/16777216,1/8388608,1/8388608,True,331779/16777216,True,True,square_control|all_integer_control|arbitrary_decidable_modular,post_freeze_evaluator,0
2210,00000000000100010100010,23,23,True,-3862527/16777216,1/8388608,1/8388608,True,3862529/16777216,True,True,all_integer_control,post_freeze_evaluator,0
2211,00000000000100010100011,23,23,True,4526081/16777216,1/8388608,1/8388608,True,4526083/16777216,True,True,all_integer_control,post_freeze_evaluator,0
2212,00000000000100010100100,23,23,True,-5959679/16777216,1/8388608,1/8388608,True,5959681/16777216,True,True,all_integer_control,post_freeze_evaluator,0
2213,00000000000100010100101,23,23,True,2428929/16777216,1/8388608,1/8388608,True,2428931/16777216,True,True,prime_evaluator|all_integer_control|arbitrary_decidable_modular,post_freeze_evaluator,0
2214,00000000000100010100110,23,23,True,-1765375/16777216,1/8388608,1/8388608,True,1765377/16777216,True,True,all_integer_control|arbitrary_decidable_modular,post_freeze_evaluator,0
2215,00000000000100010100111,23,23,True,6623233/16777216,1/8388608,1/8388608,True,6623235/16777216,True,True,all_integer_control|matched_density_seeded_random,post_freeze_evaluator,0
2216,00000000000100010101000,23,23,True,-7008255/16777216,1/8388608,1/8388608,True,7008257/16777216,True,True,all_integer_control|arbitrary_decidable_modular,post_freeze_evaluator,0
2217,00000000000100010101001,23,23,True,1380353/16777216,1/8388608,1/8388608,True,1380355/16777216,True,True,all_integer_control|matched_density_hash,post_freeze_evaluator,0
2218,00000000000100010101010,23,23,True,-2813951/16777216,1/8388608,1/8388608,True,2813953/16777216,True,True,all_integer_control|matched_density_seeded_random,post_freeze_evaluator,0
2219,00000000000100010101011,23,23,True,5574657/16777216,1/8388608,1/8388608,True,5574659/16777216,True,True,all_integer_control,post_freeze_evaluator,0
2220,00000000000100010101100,23,23,True,-4911103/16777216,1/8388608,1/8388608,True,4911105/16777216,True,True,all_integer_control|arbitrary_decidable_modular,post_freeze_evaluator,0
2221,00000000000100010101101,23,23,True,3477505/16777216,1/8388608,1/8388608,True,3477507/16777216,True,True,prime_evaluator|all_integer_control|arbitrary_decidable_modular,post_freeze_evaluator,0
2222,00000000000100010101110,23,23,True,-716799/16777216,1/8388608,1/8388608,True,716801/16777216,True,True,all_integer_control,post_freeze_evaluator,0
2223,00000000000100010101111,23,23,True,7671809/16777216,1/8388608,1/8388608,True,7671811/16777216,True,True,all_integer_control|matched_density_hash|arbitrary_decidable_modular,post_freeze_evaluator,0
2224,00000000000100010110000,23,23,True,-7532543/16777216,1/8388608,1/8388608,True,7532545/16777216,True,True,all_integer_control|matched_density_seeded_random,post_freeze_evaluator,0
2225,00000000000100010110001,23,23,True,856065/16777216,1/8388608,1/8388608,True,856067/16777216,True,True,all_integer_control,post_freeze_evaluator,0
2226,00000000000100010110010,23,23,True,-3338239/16777216,1/8388608,1/8388608,True,3338241/16777216,True,True,all_integer_control,post_freeze_evaluator,0
2227,00000000000100010110011,23,23,True,5050369/16777216,1/8388608,1/8388608,True,5050371/16777216,True,True,all_integer_control|arbitrary_decidable_modular,post_freeze_evaluator,0
2228,00000000000100010110100,23,23,True,-5435391/16777216,1/8388608,1/8388608,True,5435393/16777216,True,True,all_integer_control|arbitrary_decidable_modular,post_freeze_evaluator,0
2229,00000000000100010110101,23,23,True,2953217/16777216,1/8388608,1/8388608,True,2953219/16777216,True,True,all_integer_control,post_freeze_evaluator,0
2230,00000000000100010110110,23,23,True,-1241087/16777216,1/8388608,1/8388608,True,1241089/16777216,True,True,all_integer_control|arbitrary_decidable_modular,post_freeze_evaluator,0
2231,00000000000100010110111,23,23,True,7147521/16777216,1/8388608,1/8388608,True,7147523/16777216,True,True,all_integer_control,post_freeze_evaluator,0
2232,00000000000100010111000,23,23,True,-6483967/16777216,1/8388608,1/8388608,True,6483969/16777216,True,True,all_integer_control,post_freeze_evaluator,0
2233,00000000000100010111001,23,23,True,1904641/16777216,1/8388608,1/8388608,True,1904643/16777216,True,True,all_integer_control|matched_density_hash,post_freeze_evaluator,0
2234,00000000000100010111010,23,23,True,-2289663/16777216,1/8388608,1/8388608,True,2289665/16777216,True,True,all_integer_control|matched_density_seeded_random|arbitrary_decidable_modular,post_freeze_evaluator,0
2235,00000000000100010111011,23,23,True,6098945/16777216,1/8388608,1/8388608,True,6098947/16777216,True,True,all_integer_control|arbitrary_decidable_modular,post_freeze_evaluator,0
2236,00000000000100010111100,23,23,True,-4386815/16777216,1/8388608,1/8388608,True,4386817/16777216,True,True,all_integer_control,post_freeze_evaluator,0
2237,00000000000100010111101,23,23,True,4001793/16777216,1/8388608,1/8388608,True,4001795/16777216,True,True,prime_evaluator|all_integer_control|arbitrary_decidable_modular,post_freeze_evaluator,0
2238,00000000000100010111110,23,23,True,-192511/16777216,1/8388608,1/8388608,True,192513/16777216,True,True,all_integer_control,post_freeze_evaluator,0
2239,00000000000100010111111,23,23,True,8196097/16777216,1/8388608,1/8388608,True,8196099/16777216,True,True,prime_evaluator|all_integer_control,post_freeze_evaluator,0
2240,00000000000100011000000,23,23,True,-8187903/16777216,1/8388608,1/8388608,True,8187905/16777216,True,True,all_integer_control,post_freeze_evaluator,0
2241,00000000000100011000001,23,23,True,200705/16777216,1/8388608,1/8388608,True,200707/16777216,True,True,all_integer_control|arbitrary_decidable_modular,post_freeze_evaluator,0
2242,00000000000100011000010,23,23,True,-3993599/16777216,1/8388608,1/8388608,True,3993601/16777216,True,True,all_integer_control|arbitrary_decidable_modular,post_freeze_evaluator,0
2243,00000000000100011000011,23,23,True,4395009/16777216,1/8388608,1/8388608,True,4395011/16777216,True,True,prime_evaluator|all_integer_control|matched_density_seeded_random,post_freeze_evaluator,0
2244,00000000000100011000100,23,23,True,-6090751/16777216,1/8388608,1/8388608,True,6090753/16777216,True,True,all_integer_control|arbitrary_decidable_modular,post_freeze_evaluator,0
2245,00000000000100011000101,23,23,True,2297857/16777216,1/8388608,1/8388608,True,2297859/16777216,True,True,all_integer_control|matched_density_hash,post_freeze_evaluator,0
2246,00000000000100011000110,23,23,True,-1896447/16777216,1/8388608,1/8388608,True,1896449/16777216,True,True,all_integer_control|matched_density_hash,post_freeze_evaluator,0
2247,00000000000100011000111,23,23,True,6492161/16777216,1/8388608,1/8388608,True,6492163/16777216,True,True,all_integer_control|matched_density_hash,post_freeze_evaluator,0
2248,00000000000100011001000,23,23,True,-7139327/16777216,1/8388608,1/8388608,True,7139329/16777216,True,True,all_integer_control|arbitrary_decidable_modular,post_freeze_evaluator,0
2249,00000000000100011001001,23,23,True,1249281/16777216,1/8388608,1/8388608,True,1249283/16777216,True,True,all_integer_control|arbitrary_decidable_modular,post_freeze_evaluator,0
2250,00000000000100011001010,23,23,True,-2945023/16777216,1/8388608,1/8388608,True,2945025/16777216,True,True,all_integer_control,post_freeze_evaluator,0
2251,00000000000100011001011,23,23,True,5443585/16777216,1/8388608,1/8388608,True,5443587/16777216,True,True,prime_evaluator|all_integer_control|arbitrary_decidable_modular,post_freeze_evaluator,0
2252,00000000000100011001100,23,23,True,-5042175/16777216,1/8388608,1/8388608,True,5042177/16777216,True,True,all_integer_control,post_freeze_evaluator,0
2253,00000000000100011001101,23,23,True,3346433/16777216,1/8388608,1/8388608,True,3346435/16777216,True,True,all_integer_control,post_freeze_evaluator,0
2254,00000000000100011001110,23,23,True,-847871/16777216,1/8388608,1/8388608,True,847873/16777216,True,True,all_integer_control|matched_density_hash,post_freeze_evaluator,0
2255,00000000000100011001111,23,23,True,7540737/16777216,1/8388608,1/8388608,True,7540739/16777216,True,True,all_integer_control|arbitrary_decidable_modular,post_freeze_evaluator,0
2256,00000000000100011010000,23,23,True,-7663615/16777216,1/8388608,1/8388608,True,7663617/16777216,True,True,all_integer_control|matched_density_hash|arbitrary_decidable_modular,post_freeze_evaluator,0
2257,00000000000100011010001,23,23,True,724993/16777216,1/8388608,1/8388608,True,724995/16777216,True,True,all_integer_control,post_freeze_evaluator,0
2258,00000000000100011010010,23,23,True,-3469311/16777216,1/8388608,1/8388608,True,3469313/16777216,True,True,all_integer_control|arbitrary_decidable_modular,post_freeze_evaluator,0
2259,00000000000100011010011,23,23,True,4919297/16777216,1/8388608,1/8388608,True,4919299/16777216,True,True,all_integer_control,post_freeze_evaluator,0
2260,00000000000100011010100,23,23,True,-5566463/16777216,1/8388608,1/8388608,True,5566465/16777216,True,True,all_integer_control|matched_density_seeded_random,post_freeze_evaluator,0
2261,00000000000100011010101,23,23,True,2822145/16777216,1/8388608,1/8388608,True,2822147/16777216,True,True,all_integer_control,post_freeze_evaluator,0
2262,00000000000100011010110,23,23,True,-1372159/16777216,1/8388608,1/8388608,True,1372161/16777216,True,True,all_integer_control|arbitrary_decidable_modular,post_freeze_evaluator,0
2263,00000000000100011010111,23,23,True,7016449/16777216,1/8388608,1/8388608,True,7016451/16777216,True,True,all_integer_control|arbitrary_decidable_modular,post_freeze_evaluator,0
2264,00000000000100011011000,23,23,True,-6615039/16777216,1/8388608,1/8388608,True,6615041/16777216,True,True,all_integer_control,post_freeze_evaluator,0
2265,00000000000100011011001,23,23,True,1773569/16777216,1/8388608,1/8388608,True,1773571/16777216,True,True,all_integer_control|arbitrary_decidable_modular,post_freeze_evaluator,0
2266,00000000000100011011010,23,23,True,-2420735/16777216,1/8388608,1/8388608,True,2420737/16777216,True,True,all_integer_control|matched_density_hash,post_freeze_evaluator,0
2267,00000000000100011011011,23,23,True,5967873/16777216,1/8388608,1/8388608,True,5967875/16777216,True,True,prime_evaluator|all_integer_control,post_freeze_evaluator,0
2268,00000000000100011011100,23,23,True,-4517887/16777216,1/8388608,1/8388608,True,4517889/16777216,True,True,all_integer_control,post_freeze_evaluator,0
2269,00000000000100011011101,23,23,True,3870721/16777216,1/8388608,1/8388608,True,3870723/16777216,True,True,prime_evaluator|all_integer_control|arbitrary_decidable_modular,post_freeze_evaluator,0
2270,00000000000100011011110,23,23,True,-323583/16777216,1/8388608,1/8388608,True,323585/16777216,True,True,all_integer_control|arbitrary_decidable_modular,post_freeze_evaluator,0
2271,00000000000100011011111,23,23,True,8065025/16777216,1/8388608,1/8388608,True,8065027/16777216,True,True,all_integer_control,post_freeze_evaluator,0
2272,00000000000100011100000,23,23,True,-7925759/16777216,1/8388608,1/8388608,True,7925761/16777216,True,True,all_integer_control|arbitrary_decidable_modular,post_freeze_evaluator,0
2273,00000000000100011100001,23,23,True,462849/16777216,1/8388608,1/8388608,True,462851/16777216,True,True,prime_evaluator|all_integer_control|matched_density_seeded_random,post_freeze_evaluator,0
2274,00000000000100011100010,23,23,True,-3731455/16777216,1/8388608,1/8388608,True,3731457/16777216,True,True,all_integer_control,post_freeze_evaluator,0
2275,00000000000100011100011,23,23,True,4657153/16777216,1/8388608,1/8388608,True,4657155/16777216,True,True,all_integer_control|matched_density_hash,post_freeze_evaluator,0
2276,00000000000100011100100,23,23,True,-5828607/16777216,1/8388608,1/8388608,True,5828609/16777216,True,True,all_integer_control|matched_density_hash|arbitrary_decidable_modular,post_freeze_evaluator,0
2277,00000000000100011100101,23,23,True,2560001/16777216,1/8388608,1/8388608,True,2560003/16777216,True,True,all_integer_control|arbitrary_decidable_modular,post_freeze_evaluator,0
2278,00000000000100011100110,23,23,True,-1634303/16777216,1/8388608,1/8388608,True,1634305/16777216,True,True,all_integer_control,post_freeze_evaluator,0
2279,00000000000100011100111,23,23,True,6754305/16777216,1/8388608,1/8388608,True,6754307/16777216,True,True,all_integer_control|arbitrary_decidable_modular,post_freeze_evaluator,0
2280,00000000000100011101000,23,23,True,-6877183/16777216,1/8388608,1/8388608,True,6877185/16777216,True,True,all_integer_control,post_freeze_evaluator,0
2281,00000000000100011101001,23,23,True,1511425/16777216,1/8388608,1/8388608,True,1511427/16777216,True,True,prime_evaluator|all_integer_control|matched_density_seeded_random,post_freeze_evaluator,0
2282,00000000000100011101010,23,23,True,-2682879/16777216,1/8388608,1/8388608,True,2682881/16777216,True,True,all_integer_control|matched_density_hash,post_freeze_evaluator,0
2283,00000000000100011101011,23,23,True,5705729/16777216,1/8388608,1/8388608,True,5705731/16777216,True,True,all_integer_control|arbitrary_decidable_modular,post_freeze_evaluator,0
2284,00000000000100011101100,23,23,True,-4780031/16777216,1/8388608,1/8388608,True,4780033/16777216,True,True,all_integer_control|arbitrary_decidable_modular,post_freeze_evaluator,0
2285,00000000000100011101101,23,23,True,3608577/16777216,1/8388608,1/8388608,True,3608579/16777216,True,True,all_integer_control,post_freeze_evaluator,0
2286,00000000000100011101110,23,23,True,-585727/16777216,1/8388608,1/8388608,True,585729/16777216,True,True,all_integer_control|matched_density_hash|arbitrary_decidable_modular,post_freeze_evaluator,0
2287,00000000000100011101111,23,23,True,7802881/16777216,1/8388608,1/8388608,True,7802883/16777216,True,True,prime_evaluator|all_integer_control,post_freeze_evaluator,0
2288,00000000000100011110000,23,23,True,-7401471/16777216,1/8388608,1/8388608,True,7401473/16777216,True,True,all_integer_control,post_freeze_evaluator,0
2289,00000000000100011110001,23,23,True,987137/16777216,1/8388608,1/8388608,True,987139/16777216,True,True,all_integer_control,post_freeze_evaluator,0
2290,00000000000100011110010,23,23,True,-3207167/16777216,1/8388608,1/8388608,True,3207169/16777216,True,True,all_integer_control|matched_density_hash|arbitrary_decidable_modular,post_freeze_evaluator,0
2291,00000000000100011110011,23,23,True,5181441/16777216,1/8388608,1/8388608,True,5181443/16777216,True,True,all_integer_control|arbitrary_decidable_modular,post_freeze_evaluator,0
2292,00000000000100011110100,23,23,True,-5304319/16777216,1/8388608,1/8388608,True,5304321/16777216,True,True,all_integer_control|matched_density_seeded_random,post_freeze_evaluator,0
2293,00000000000100011110101,23,23,True,3084289/16777216,1/8388608,1/8388608,True,3084291/16777216,True,True,prime_evaluator|all_integer_control|matched_density_hash|arbitrary_decidable_modular,post_freeze_evaluator,0
2294,00000000000100011110110,23,23,True,-1110015/16777216,1/8388608,1/8388608,True,1110017/16777216,True,True,all_integer_control,post_freeze_evaluator,0
2295,00000000000100011110111,23,23,True,7278593/16777216,1/8388608,1/8388608,True,7278595/16777216,True,True,all_integer_control,post_freeze_evaluator,0
2296,00000000000100011111000,23,23,True,-6352895/16777216,1/8388608,1/8388608,True,6352897/16777216,True,True,all_integer_control,post_freeze_evaluator,0
2297,00000000000100011111001,23,23,True,2035713/16777216,1/8388608,1/8388608,True,2035715/16777216,True,True,prime_evaluator|all_integer_control|arbitrary_decidable_modular,post_freeze_evaluator,0
2298,00000000000100011111010,23,23,True,-2158591/16777216,1/8388608,1/8388608,True,2158593/16777216,True,True,all_integer_control|matched_density_seeded_random|arbitrary_decidable_modular,post_freeze_evaluator,0
2299,00000000000100011111011,23,23,True,6230017/16777216,1/8388608,1/8388608,True,6230019/16777216,True,True,all_integer_control,post_freeze_evaluator,0
2300,00000000000100011111100,23,23,True,-4255743/16777216,1/8388608,1/8388608,True,4255745/16777216,True,True,all_integer_control|arbitrary_decidable_modular,post_freeze_evaluator,0
2301,00000000000100011111101,23,23,True,4132865/16777216,1/8388608,1/8388608,True,4132867/16777216,True,True,all_integer_control,post_freeze_evaluator,0
2302,00000000000100011111110,23,23,True,-61439/16777216,1/8388608,1/8388608,True,61441/16777216,True,True,all_integer_control|matched_density_seeded_random,post_freeze_evaluator,0
2303,00000000000100011111111,23,23,True,8327169/16777216,1/8388608,1/8388608,True,8327171/16777216,True,True,all_integer_control|matched_density_hash,post_freeze_evaluator,0
2304,00000000000100100000000,23,23,True,-8351743/16777216,1/8388608,1/8388608,True,8351745/16777216,True,True,square_control|all_integer_control|arbitrary_decidable_modular,post_freeze_evaluator,0
2305,00000000000100100000001,23,23,True,36865/16777216,1/8388608,1/8388608,True,36867/16777216,True,True,all_integer_control|matched_density_hash|arbitrary_decidable_modular,post_freeze_evaluator,0
2306,00000000000100100000010,23,23,True,-4157439/16777216,1/8388608,1/8388608,True,4157441/16777216,True,True,all_integer_control,post_freeze_evaluator,0
2307,00000000000100100000011,23,23,True,4231169/16777216,1/8388608,1/8388608,True,4231171/16777216,True,True,all_integer_control|arbitrary_decidable_modular,post_freeze_evaluator,0
2308,00000000000100100000100,23,23,True,-6254591/16777216,1/8388608,1/8388608,True,6254593/16777216,True,True,all_integer_control|matched_density_hash,post_freeze_evaluator,0
2309,00000000000100100000101,23,23,True,2134017/16777216,1/8388608,1/8388608,True,2134019/16777216,True,True,prime_evaluator|all_integer_control,post_freeze_evaluator,0
2310,00000000000100100000110,23,23,True,-2060287/16777216,1/8388608,1/8388608,True,2060289/16777216,True,True,all_integer_control|matched_density_seeded_random,post_freeze_evaluator,0
2311,00000000000100100000111,23,23,True,6328321/16777216,1/8388608,1/8388608,True,6328323/16777216,True,True,prime_evaluator|all_integer_control|matched_density_seeded_random|arbitrary_decidable_modular,post_freeze_evaluator,0
2312,00000000000100100001000,23,23,True,-7303167/16777216,1/8388608,1/8388608,True,7303169/16777216,True,True,all_integer_control|arbitrary_decidable_modular,post_freeze_evaluator,0
2313,00000000000100100001001,23,23,True,1085441/16777216,1/8388608,1/8388608,True,1085443/16777216,True,True,all_integer_control|matched_density_seeded_random|matched_density_hash,post_freeze_evaluator,0
2314,00000000000100100001010,23,23,True,-3108863/16777216,1/8388608,1/8388608,True,3108865/16777216,True,True,all_integer_control|arbitrary_decidable_modular,post_freeze_evaluator,0
2315,00000000000100100001011,23,23,True,5279745/16777216,1/8388608,1/8388608,True,5279747/16777216,True,True,all_integer_control,post_freeze_evaluator,0
2316,00000000000100100001100,23,23,True,-5206015/16777216,1/8388608,1/8388608,True,5206017/16777216,True,True,all_integer_control,post_freeze_evaluator,0
2317,00000000000100100001101,23,23,True,3182593/16777216,1/8388608,1/8388608,True,3182595/16777216,True,True,all_integer_control,post_freeze_evaluator,0
2318,00000000000100100001110,23,23,True,-1011711/16777216,1/8388608,1/8388608,True,1011713/16777216,True,True,all_integer_control|arbitrary_decidable_modular,post_freeze_evaluator,0
2319,00000000000100100001111,23,23,True,7376897/16777216,1/8388608,1/8388608,True,7376899/16777216,True,True,all_integer_control|arbitrary_decidable_modular,post_freeze_evaluator,0
2320,00000000000100100010000,23,23,True,-7827455/16777216,1/8388608,1/8388608,True,7827457/16777216,True,True,all_integer_control,post_freeze_evaluator,0
2321,00000000000100100010001,23,23,True,561153/16777216,1/8388608,1/8388608,True,561155/16777216,True,True,all_integer_control|matched_density_hash|arbitrary_decidable_modular,post_freeze_evaluator,0
2322,00000000000100100010010,23,23,True,-3633151/16777216,1/8388608,1/8388608,True,3633153/16777216,True,True,all_integer_control|matched_density_hash,post_freeze_evaluator,0
2323,00000000000100100010011,23,23,True,4755457/16777216,1/8388608,1/8388608,True,4755459/16777216,True,True,all_integer_control|matched_density_hash,post_freeze_evaluator,0
2324,00000000000100100010100,23,23,True,-5730303/16777216,1/8388608,1/8388608,True,5730305/16777216,True,True,all_integer_control|matched_density_seeded_random,post_freeze_evaluator,0
2325,00000000000100100010101,23,23,True,2658305/16777216,1/8388608,1/8388608,True,2658307/16777216,True,True,all_integer_control|arbitrary_decidable_modular,post_freeze_evaluator,0
2326,00000000000100100010110,23,23,True,-1535999/16777216,1/8388608,1/8388608,True,1536001/16777216,True,True,all_integer_control|arbitrary_decidable_modular,post_freeze_evaluator,0
2327,00000000000100100010111,23,23,True,6852609/16777216,1/8388608,1/8388608,True,6852611/16777216,True,True,all_integer_control,post_freeze_evaluator,0
2328,00000000000100100011000,23,23,True,-6778879/16777216,1/8388608,1/8388608,True,6778881/16777216,True,True,all_integer_control|arbitrary_decidable_modular,post_freeze_evaluator,0
2329,00000000000100100011001,23,23,True,1609729/16777216,1/8388608,1/8388608,True,1609731/16777216,True,True,all_integer_control,post_freeze_evaluator,0
2330,00000000000100100011010,23,23,True,-2584575/16777216,1/8388608,1/8388608,True,2584577/16777216,True,True,all_integer_control,post_freeze_evaluator,0
2331,00000000000100100011011,23,23,True,5804033/16777216,1/8388608,1/8388608,True,5804035/16777216,True,True,all_integer_control|matched_density_hash,post_freeze_evaluator,0
2332,00000000000100100011100,23,23,True,-4681727/16777216,1/8388608,1/8388608,True,4681729/16777216,True,True,all_integer_control|arbitrary_decidable_modular,post_freeze_evaluator,0
2333,00000000000100100011101,23,23,True,3706881/16777216,1/8388608,1/8388608,True,3706883/16777216,True,True,prime_evaluator|all_integer_control|arbitrary_decidable_modular,post_freeze_evaluator,0
2334,00000000000100100011110,23,23,True,-487423/16777216,1/8388608,1/8388608,True,487425/16777216,True,True,all_integer_control,post_freeze_evaluator,0
2335,00000000000100100011111,23,23,True,7901185/16777216,1/8388608,1/8388608,True,7901187/16777216,True,True,all_integer_control|arbitrary_decidable_modular,post_freeze_evaluator,0
2336,00000000000100100100000,23,23,True,-8089599/16777216,1/8388608,1/8388608,True,8089601/16777216,True,True,all_integer_control,post_freeze_evaluator,0
2337,00000000000100100100001,23,23,True,299009/16777216,1/8388608,1/8388608,True,299011/16777216,True,True,all_integer_control|matched_density_hash,post_freeze_evaluator,0
2338,00000000000100100100010,23,23,True,-3895295/16777216,1/8388608,1/8388608,True,3895297/16777216,True,True,all_integer_control|matched_density_hash,post_freeze_evaluator,0
2339,00000000000100100100011,23,23,True,4493313/16777216,1/8388608,1/8388608,True,4493315/16777216,True,True,prime_evaluator|all_integer_control|arbitrary_decidable_modular,post_freeze_evaluator,0
2340,00000000000100100100100,23,23,True,-5992447/16777216,1/8388608,1/8388608,True,5992449/16777216,True,True,all_integer_control|arbitrary_decidable_modular,post_freeze_evaluator,0
2341,00000000000100100100101,23,23,True,2396161/16777216,1/8388608,1/8388608,True,2396163/16777216,True,True,prime_evaluator|all_integer_control|matched_density_seeded_random,post_freeze_evaluator,0
2342,00000000000100100100110,23,23,True,-1798143/16777216,1/8388608,1/8388608,True,1798145/16777216,True,True,all_integer_control|arbitrary_decidable_modular,post_freeze_evaluator,0
2343,00000000000100100100111,23,23,True,6590465/16777216,1/8388608,1/8388608,True,6590467/16777216,True,True,all_integer_control,post_freeze_evaluator,0
2344,00000000000100100101000,23,23,True,-7041023/16777216,1/8388608,1/8388608,True,7041025/16777216,True,True,all_integer_control,post_freeze_evaluator,0
2345,00000000000100100101001,23,23,True,1347585/16777216,1/8388608,1/8388608,True,1347587/16777216,True,True,all_integer_control|matched_density_hash,post_freeze_evaluator,0
2346,00000000000100100101010,23,23,True,-2846719/16777216,1/8388608,1/8388608,True,2846721/16777216,True,True,all_integer_control|matched_density_hash|arbitrary_decidable_modular,post_freeze_evaluator,0
2347,00000000000100100101011,23,23,True,5541889/16777216,1/8388608,1/8388608,True,5541891/16777216,True,True,prime_evaluator|all_integer_control|arbitrary_decidable_modular,post_freeze_evaluator,0
2348,00000000000100100101100,23,23,True,-4943871/16777216,1/8388608,1/8388608,True,4943873/16777216,True,True,all_integer_control|matched_density_hash,post_freeze_evaluator,0
2349,00000000000100100101101,23,23,True,3444737/16777216,1/8388608,1/8388608,True,3444739/16777216,True,True,all_integer_control|arbitrary_decidable_modular,post_freeze_evaluator,0
2350,00000000000100100101110,23,23,True,-749567/16777216,1/8388608,1/8388608,True,749569/16777216,True,True,all_integer_control|matched_density_seeded_random,post_freeze_evaluator,0
2351,00000000000100100101111,23,23,True,7639041/16777216,1/8388608,1/8388608,True,7639043/16777216,True,True,prime_evaluator|all_integer_control|matched_density_hash,post_freeze_evaluator,0
2352,00000000000100100110000,23,23,True,-7565311/16777216,1/8388608,1/8388608,True,7565313/16777216,True,True,all_integer_control,post_freeze_evaluator,0
2353,00000000000100100110001,23,23,True,823297/16777216,1/8388608,1/8388608,True,823299/16777216,True,True,all_integer_control|arbitrary_decidable_modular,post_freeze_evaluator,0
2354,00000000000100100110010,23,23,True,-3371007/16777216,1/8388608,1/8388608,True,3371009/16777216,True,True,all_integer_control|arbitrary_decidable_modular,post_freeze_evaluator,0
2355,00000000000100100110011,23,23,True,5017601/16777216,1/8388608,1/8388608,True,5017603/16777216,True,True,all_integer_control|matched_density_hash,post_freeze_evaluator,0
2356,00000000000100100110100,23,23,True,-5468159/16777216,1/8388608,1/8388608,True,5468161/16777216,True,True,all_integer_control|arbitrary_decidable_modular,post_freeze_evaluator,0
2357,00000000000100100110101,23,23,True,2920449/16777216,1/8388608,1/8388608,True,2920451/16777216,True,True,prime_evaluator|all_integer_control,post_freeze_evaluator,0
2358,00000000000100100110110,23,23,True,-1273855/16777216,1/8388608,1/8388608,True,1273857/16777216,True,True,all_integer_control,post_freeze_evaluator,0
2359,00000000000100100110111,23,23,True,7114753/16777216,1/8388608,1/8388608,True,7114755/16777216,True,True,all_integer_control|matched_density_seeded_random,post_freeze_evaluator,0
2360,00000000000100100111000,23,23,True,-6516735/16777216,1/8388608,1/8388608,True,6516737/16777216,True,True,all_integer_control|arbitrary_decidable_modular,post_freeze_evaluator,0
2361,00000000000100100111001,23,23,True,1871873/16777216,1/8388608,1/8388608,True,1871875/16777216,True,True,all_integer_control|matched_density_hash|arbitrary_decidable_modular,post_freeze_evaluator,0
2362,00000000000100100111010,23,23,True,-2322431/16777216,1/8388608,1/8388608,True,2322433/16777216,True,True,all_integer_control,post_freeze_evaluator,0
2363,00000000000100100111011,23,23,True,6066177/16777216,1/8388608,1/8388608,True,6066179/16777216,True,True,all_integer_control|arbitrary_decidable_modular,post_freeze_evaluator,0
2364,00000000000100100111100,23,23,True,-4419583/16777216,1/8388608,1/8388608,True,4419585/16777216,True,True,all_integer_control,post_freeze_evaluator,0
2365,00000000000100100111101,23,23,True,3969025/16777216,1/8388608,1/8388608,True,3969027/16777216,True,True,all_integer_control,post_freeze_evaluator,0
2366,00000000000100100111110,23,23,True,-225279/16777216,1/8388608,1/8388608,True,225281/16777216,True,True,all_integer_control,post_freeze_evaluator,0
2367,00000000000100100111111,23,23,True,8163329/16777216,1/8388608,1/8388608,True,8163331/16777216,True,True,all_integer_control|arbitrary_decidable_modular,post_freeze_evaluator,0
2368,00000000000100101000000,23,23,True,-8220671/16777216,1/8388608,1/8388608,True,8220673/16777216,True,True,all_integer_control|arbitrary_decidable_modular,post_freeze_evaluator,0
2369,00000000000100101000001,23,23,True,167937/16777216,1/8388608,1/8388608,True,167939/16777216,True,True,all_integer_control,post_freeze_evaluator,0
2370,00000000000100101000010,23,23,True,-4026367/16777216,1/8388608,1/8388608,True,4026369/16777216,True,True,all_integer_control|arbitrary_decidable_modular,post_freeze_evaluator,0
2371,00000000000100101000011,23,23,True,4362241/16777216,1/8388608,1/8388608,True,4362243/16777216,True,True,prime_evaluator|all_integer_control,post_freeze_evaluator,0
2372,00000000000100101000100,23,23,True,-6123519/16777216,1/8388608,1/8388608,True,6123521/16777216,True,True,all_integer_control,post_freeze_evaluator,0
2373,00000000000100101000101,23,23,True,2265089/16777216,1/8388608,1/8388608,True,2265091/16777216,True,True,all_integer_control,post_freeze_evaluator,0
2374,00000000000100101000110,23,23,True,-1929215/16777216,1/8388608,1/8388608,True,1929217/16777216,True,True,all_integer_control|arbitrary_decidable_modular,post_freeze_evaluator,0
2375,00000000000100101000111,23,23,True,6459393/16777216,1/8388608,1/8388608,True,6459395/16777216,True,True,all_integer_control|matched_density_seeded_random|arbitrary_decidable_modular,post_freeze_evaluator,0
2376,00000000000100101001000,23,23,True,-7172095/16777216,1/8388608,1/8388608,True,7172097/16777216,True,True,all_integer_control|matched_density_hash,post_freeze_evaluator,0
2377,00000000000100101001001,23,23,True,1216513/16777216,1/8388608,1/8388608,True,1216515/16777216,True,True,prime_evaluator|all_integer_control|arbitrary_decidable_modular,post_freeze_evaluator,0
2378,00000000000100101001010,23,23,True,-2977791/16777216,1/8388608,1/8388608,True,2977793/16777216,True,True,all_integer_control|matched_density_hash,post_freeze_evaluator,0
2379,00000000000100101001011,23,23,True,5410817/16777216,1/8388608,1/8388608,True,5410819/16777216,True,True,all_integer_control,post_freeze_evaluator,0
2380,00000000000100101001100,23,23,True,-5074943/16777216,1/8388608,1/8388608,True,5074945/16777216,True,True,all_integer_control,post_freeze_evaluator,0
2381,00000000000100101001101,23,23,True,3313665/16777216,1/8388608,1/8388608,True,3313667/16777216,True,True,prime_evaluator|all_integer_control|arbitrary_decidable_modular,post_freeze_evaluator,0
2382,00000000000100101001110,23,23,True,-880639/16777216,1/8388608,1/8388608,True,880641/16777216,True,True,all_integer_control|arbitrary_decidable_modular,post_freeze_evaluator,0
2383,00000000000100101001111,23,23,True,7507969/16777216,1/8388608,1/8388608,True,7507971/16777216,True,True,prime_evaluator|all_integer_control,post_freeze_evaluator,0
2384,00000000000100101010000,23,23,True,-7696383/16777216,1/8388608,1/8388608,True,7696385/16777216,True,True,all_integer_control|arbitrary_decidable_modular,post_freeze_evaluator,0
2385,00000000000100101010001,23,23,True,692225/16777216,1/8388608,1/8388608,True,692227/16777216,True,True,all_integer_control,post_freeze_evaluator,0
2386,00000000000100101010010,23,23,True,-3502079/16777216,1/8388608,1/8388608,True,3502081/16777216,True,True,all_integer_control,post_freeze_evaluator,0
2387,00000000000100101010011,23,23,True,4886529/16777216,1/8388608,1/8388608,True,4886531/16777216,True,True,all_integer_control,post_freeze_evaluator,0
2388,00000000000100101010100,23,23,True,-5599231/16777216,1/8388608,1/8388608,True,5599233/16777216,True,True,all_integer_control|arbitrary_decidable_modular,post_freeze_evaluator,0
2389,00000000000100101010101,23,23,True,2789377/16777216,1/8388608,1/8388608,True,2789379/16777216,True,True,prime_evaluator|all_integer_control|arbitrary_decidable_modular,post_freeze_evaluator,0
2390,00000000000100101010110,23,23,True,-1404927/16777216,1/8388608,1/8388608,True,1404929/16777216,True,True,all_integer_control|matched_density_hash,post_freeze_evaluator,0
2391,00000000000100101010111,23,23,True,6983681/16777216,1/8388608,1/8388608,True,6983683/16777216,True,True,all_integer_control|arbitrary_decidable_modular,post_freeze_evaluator,0
2392,00000000000100101011000,23,23,True,-6647807/16777216,1/8388608,1/8388608,True,6647809/16777216,True,True,all_integer_control,post_freeze_evaluator,0
2393,00000000000100101011001,23,23,True,1740801/16777216,1/8388608,1/8388608,True,1740803/16777216,True,True,prime_evaluator|all_integer_control,post_freeze_evaluator,0
2394,00000000000100101011010,23,23,True,-2453503/16777216,1/8388608,1/8388608,True,2453505/16777216,True,True,all_integer_control,post_freeze_evaluator,0
2395,00000000000100101011011,23,23,True,5935105/16777216,1/8388608,1/8388608,True,5935107/16777216,True,True,all_integer_control|arbitrary_decidable_modular,post_freeze_evaluator,0
2396,00000000000100101011100,23,23,True,-4550655/16777216,1/8388608,1/8388608,True,4550657/16777216,True,True,all_integer_control|arbitrary_decidable_modular,post_freeze_evaluator,0
2397,00000000000100101011101,23,23,True,3837953/16777216,1/8388608,1/8388608,True,3837955/16777216,True,True,all_integer_control|matched_density_seeded_random,post_freeze_evaluator,0
2398,00000000000100101011110,23,23,True,-356351/16777216,1/8388608,1/8388608,True,356353/16777216,True,True,all_integer_control|arbitrary_decidable_modular,post_freeze_evaluator,0
2399,00000000000100101011111,23,23,True,8032257/16777216,1/8388608,1/8388608,True,8032259/16777216,True,True,prime_evaluator|all_integer_control,post_freeze_evaluator,0
2400,00000000000100101100000,23,23,True,-7958527/16777216,1/8388608,1/8388608,True,7958529/16777216,True,True,all_integer_control,post_freeze_evaluator,0
2401,00000000000100101100001,23,23,True,430081/16777216,1/8388608,1/8388608,True,430083/16777216,True,True,square_control|all_integer_control|matched_density_hash,post_freeze_evaluator,0
2402,00000000000100101100010,23,23,True,-3764223/16777216,1/8388608,1/8388608,True,3764225/16777216,True,True,all_integer_control|arbitrary_decidable_modular,post_freeze_evaluator,0
2403,00000000000100101100011,23,23,True,4624385/16777216,1/8388608,1/8388608,True,4624387/16777216,True,True,all_integer_control|matched_density_seeded_random|matched_density_hash|arbitrary_decidable_modular,post_freeze_evaluator,0
2404,00000000000100101100100,23,23,True,-5861375/16777216,1/8388608,1/8388608,True,5861377/16777216,True,True,all_integer_control|matched_density_hash,post_freeze_evaluator,0
2405,00000000000100101100101,23,23,True,2527233/16777216,1/8388608,1/8388608,True,2527235/16777216,True,True,all_integer_control|arbitrary_decidable_modular,post_freeze_evaluator,0
2406,00000000000100101100110,23,23,True,-1667071/16777216,1/8388608,1/8388608,True,1667073/16777216,True,True,all_integer_control,post_freeze_evaluator,0
2407,00000000000100101100111,23,23,True,6721537/16777216,1/8388608,1/8388608,True,6721539/16777216,True,True,all_integer_control,post_freeze_evaluator,0
2408,00000000000100101101000,23,23,True,-6909951/16777216,1/8388608,1/8388608,True,6909953/16777216,True,True,all_integer_control|matched_density_seeded_random,post_freeze_evaluator,0
2409,00000000000100101101001,23,23,True,1478657/16777216,1/8388608,1/8388608,True,1478659/16777216,True,True,all_integer_control|arbitrary_decidable_modular,post_freeze_evaluator,0
2410,00000000000100101101010,23,23,True,-2715647/16777216,1/8388608,1/8388608,True,2715649/16777216,True,True,all_integer_control|arbitrary_decidable_modular,post_freeze_evaluator,0
2411,00000000000100101101011,23,23,True,5672961/16777216,1/8388608,1/8388608,True,5672963/16777216,True,True,prime_evaluator|all_integer_control,post_freeze_evaluator,0
2412,00000000000100101101100,23,23,True,-4812799/16777216,1/8388608,1/8388608,True,4812801/16777216,True,True,all_integer_control|arbitrary_decidable_modular,post_freeze_evaluator,0
2413,00000000000100101101101,23,23,True,3575809/16777216,1/8388608,1/8388608,True,3575811/16777216,True,True,all_integer_control,post_freeze_evaluator,0
2414,00000000000100101101110,23,23,True,-618495/16777216,1/8388608,1/8388608,True,618497/16777216,True,True,all_integer_control,post_freeze_evaluator,0
2415,00000000000100101101111,23,23,True,7770113/16777216,1/8388608,1/8388608,True,7770115/16777216,True,True,all_integer_control,post_freeze_evaluator,0
2416,00000000000100101110000,23,23,True,-7434239/16777216,1/8388608,1/8388608,True,7434241/16777216,True,True,all_integer_control|matched_density_hash|arbitrary_decidable_modular,post_freeze_evaluator,0
2417,00000000000100101110001,23,23,True,954369/16777216,1/8388608,1/8388608,True,954371/16777216,True,True,prime_evaluator|all_integer_control|matched_density_hash|arbitrary_decidable_modular,post_freeze_evaluator,0
2418,00000000000100101110010,23,23,True,-3239935/16777216,1/8388608,1/8388608,True,3239937/16777216,True,True,all_integer_control,post_freeze_evaluator,0
2419,00000000000100101110011,23,23,True,5148673/16777216,1/8388608,1/8388608,True,5148675/16777216,True,True,all_integer_control|arbitrary_decidable_modular,post_freeze_evaluator,0
2420,00000000000100101110100,23,23,True,-5337087/16777216,1/8388608,1/8388608,True,5337089/16777216,True,True,all_integer_control,post_freeze_evaluator,0
2421,00000000000100101110101,23,23,True,3051521/16777216,1/8388608,1/8388608,True,3051523/16777216,True,True,all_integer_control,post_freeze_evaluator,0
2422,00000000000100101110110,23,23,True,-1142783/16777216,1/8388608,1/8388608,True,1142785/16777216,True,True,all_integer_control,post_freeze_evaluator,0
2423,00000000000100101110111,23,23,True,7245825/16777216,1/8388608,1/8388608,True,7245827/16777216,True,True,prime_evaluator|all_integer_control|arbitrary_decidable_modular,post_freeze_evaluator,0
2424,00000000000100101111000,23,23,True,-6385663/16777216,1/8388608,1/8388608,True,6385665/16777216,True,True,all_integer_control|arbitrary_decidable_modular,post_freeze_evaluator,0
2425,00000000000100101111001,23,23,True,2002945/16777216,1/8388608,1/8388608,True,2002947/16777216,True,True,all_integer_control,post_freeze_evaluator,0
2426,00000000000100101111010,23,23,True,-2191359/16777216,1/8388608,1/8388608,True,2191361/16777216,True,True,all_integer_control|arbitrary_decidable_modular,post_freeze_evaluator,0
2427,00000000000100101111011,23,23,True,6197249/16777216,1/8388608,1/8388608,True,6197251/16777216,True,True,all_integer_control|matched_density_hash,post_freeze_evaluator,0
2428,00000000000100101111100,23,23,True,-4288511/16777216,1/8388608,1/8388608,True,4288513/16777216,True,True,all_integer_control,post_freeze_evaluator,0
2429,00000000000100101111101,23,23,True,4100097/16777216,1/8388608,1/8388608,True,4100099/16777216,True,True,all_integer_control,post_freeze_evaluator,0
2430,00000000000100101111110,23,23,True,-94207/16777216,1/8388608,1/8388608,True,94209/16777216,True,True,all_integer_control|arbitrary_decidable_modular,post_freeze_evaluator,0
2431,00000000000100101111111,23,23,True,8294401/16777216,1/8388608,1/8388608,True,8294403/16777216,True,True,all_integer_control|arbitrary_decidable_modular,post_freeze_evaluator,0
2432,00000000000100110000000,23,23,True,-8286207/16777216,1/8388608,1/8388608,True,8286209/16777216,True,True,all_integer_control,post_freeze_evaluator,0
2433,00000000000100110000001,23,23,True,102401/16777216,1/8388608,1/8388608,True,102403/16777216,True,True,all_integer_control|matched_density_seeded_random|arbitrary_decidable_modular,post_freeze_evaluator,0
2434,00000000000100110000010,23,23,True,-4091903/16777216,1/8388608,1/8388608,True,4091905/16777216,True,True,all_integer_control,post_freeze_evaluator,0
2435,00000000000100110000011,23,23,True,4296705/16777216,1/8388608,1/8388608,True,4296707/16777216,True,True,all_integer_control,post_freeze_evaluator,0
2436,00000000000100110000100,23,23,True,-6189055/16777216,1/8388608,1/8388608,True,6189057/16777216,True,True,all_integer_control|matched_density_seeded_random,post_freeze_evaluator,0
2437,00000000000100110000101,23,23,True,2199553/16777216,1/8388608,1/8388608,True,2199555/16777216,True,True,prime_evaluator|all_integer_control|arbitrary_decidable_modular,post_freeze_evaluator,0
2438,00000000000100110000110,23,23,True,-1994751/16777216,1/8388608,1/8388608,True,1994753/16777216,True,True,all_integer_control|matched_density_hash|arbitrary_decidable_modular,post_freeze_evaluator,0
2439,00000000000100110000111,23,23,True,6393857/16777216,1/8388608,1/8388608,True,6393859/16777216,True,True,all_integer_control|matched_density_hash,post_freeze_evaluator,0
2440,00000000000100110001000,23,23,True,-7237631/16777216,1/8388608,1/8388608,True,7237633/16777216,True,True,all_integer_control|matched_density_hash|arbitrary_decidable_modular,post_freeze_evaluator,0
2441,00000000000100110001001,23,23,True,1150977/16777216,1/8388608,1/8388608,True,1150979/16777216,True,True,prime_evaluator|all_integer_control|matched_density_hash,post_freeze_evaluator,0
2442,00000000000100110001010,23,23,True,-3043327/16777216,1/8388608,1/8388608,True,3043329/16777216,True,True,all_integer_control,post_freeze_evaluator,0
2443,00000000000100110001011,23,23,True,5345281/16777216,1/8388608,1/8388608,True,5345283/16777216,True,True,all_integer_control,post_freeze_evaluator,0
2444,00000000000100110001100,23,23,True,-5140479/16777216,1/8388608,1/8388608,True,5140481/16777216,True,True,all_integer_control|arbitrary_decidable_modular,post_freeze_evaluator,0
2445,00000000000100110001101,23,23,True,3248129/16777216,1/8388608,1/8388608,True,3248131/16777216,True,True,all_integer_control|arbitrary_decidable_modular,post_freeze_evaluator,0
2446,00000000000100110001110,23,23,True,-946175/16777216,1/8388608,1/8388608,True,946177/16777216,True,True,all_integer_control|matched_density_seeded_random,post_freeze_evaluator,0
2447,00000000000100110001111,23,23,True,7442433/16777216,1/8388608,1/8388608,True,7442435/16777216,True,True,prime_evaluator|all_integer_control|arbitrary_decidable_modular,post_freeze_evaluator,0
2448,00000000000100110010000,23,23,True,-7761919/16777216,1/8388608,1/8388608,True,7761921/16777216,True,True,all_integer_control|matched_density_seeded_random,post_freeze_evaluator,0
2449,00000000000100110010001,23,23,True,626689/16777216,1/8388608,1/8388608,True,626691/16777216,True,True,all_integer_control,post_freeze_evaluator,0
2450,00000000000100110010010,23,23,True,-3567615/16777216,1/8388608,1/8388608,True,3567617/16777216,True,True,all_integer_control,post_freeze_evaluator,0
2451,00000000000100110010011,23,23,True,4820993/16777216,1/8388608,1/8388608,True,4820995/16777216,True,True,all_integer_control|arbitrary_decidable_modular,post_freeze_evaluator,0
2452,00000000000100110010100,23,23,True,-5664767/16777216,1/8388608,1/8388608,True,5664769/16777216,True,True,all_integer_control|arbitrary_decidable_modular,post_freeze_evaluator,0
2453,00000000000100110010101,23,23,True,2723841/16777216,1/8388608,1/8388608,True,2723843/16777216,True,True,all_integer_control,post_freeze_evaluator,0
2454,00000000000100110010110,23,23,True,-1470463/16777216,1/8388608,1/8388608,True,1470465/16777216,True,True,all_integer_control|arbitrary_decidable_modular,post_freeze_evaluator,0
2455,00000000000100110010111,23,23,True,6918145/16777216,1/8388608,1/8388608,True,6918147/16777216,True,True,all_integer_control,post_freeze_evaluator,0
2456,00000000000100110011000,23,23,True,-6713343/16777216,1/8388608,1/8388608,True,6713345/16777216,True,True,all_integer_control|matched_density_seeded_random,post_freeze_evaluator,0
2457,00000000000100110011001,23,23,True,1675265/16777216,1/8388608,1/8388608,True,1675267/16777216,True,True,all_integer_control,post_freeze_evaluator,0
2458,00000000000100110011010,23,23,True,-2519039/16777216,1/8388608,1/8388608,True,2519041/16777216,True,True,all_integer_control|arbitrary_decidable_modular,post_freeze_evaluator,0
2459,00000000000100110011011,23,23,True,5869569/16777216,1/8388608,1/8388608,True,5869571/16777216,True,True,prime_evaluator|all_integer_control|arbitrary_decidable_modular,post_freeze_evaluator,0
2460,00000000000100110011100,23,23,True,-4616191/16777216,1/8388608,1/8388608,True,4616193/16777216,True,True,all_integer_control|matched_density_seeded_random,post_freeze_evaluator,0
2461,00000000000100110011101,23,23,True,3772417/16777216,1/8388608,1/8388608,True,3772419/16777216,True,True,all_integer_control|arbitrary_decidable_modular,post_freeze_evaluator,0
2462,00000000000100110011110,23,23,True,-421887/16777216,1/8388608,1/8388608,True,421889/16777216,True,True,all_integer_control,post_freeze_evaluator,0
2463,00000000000100110011111,23,23,True,7966721/16777216,1/8388608,1/8388608,True,7966723/16777216,True,True,all_integer_control,post_freeze_evaluator,0
2464,00000000000100110100000,23,23,True,-8024063/16777216,1/8388608,1/8388608,True,8024065/16777216,True,True,all_integer_control,post_freeze_evaluator,0
2465,00000000000100110100001,23,23,True,364545/16777216,1/8388608,1/8388608,True,364547/16777216,True,True,all_integer_control|arbitrary_decidable_modular,post_freeze_evaluator,0
2466,00000000000100110100010,23,23,True,-3829759/16777216,1/8388608,1/8388608,True,3829761/16777216,True,True,all_integer_control|matched_density_seeded_random|arbitrary_decidable_modular,post_freeze_evaluator,0
2467,00000000000100110100011,23,23,True,4558849/16777216,1/8388608,1/8388608,True,4558851/16777216,True,True,prime_evaluator|all_integer_control,post_freeze_evaluator,0
2468,00000000000100110100100,23,23,True,-5926911/16777216,1/8388608,1/8388608,True,5926913/16777216,True,True,all_integer_control|arbitrary_decidable_modular,post_freeze_evaluator,0
2469,00000000000100110100101,23,23,True,2461697/16777216,1/8388608,1/8388608,True,2461699/16777216,True,True,all_integer_control,post_freeze_evaluator,0
2470,00000000000100110100110,23,23,True,-1732607/16777216,1/8388608,1/8388608,True,1732609/16777216,True,True,all_integer_control,post_freeze_evaluator,0
2471,00000000000100110100111,23,23,True,6656001/16777216,1/8388608,1/8388608,True,6656003/16777216,True,True,all_integer_control,post_freeze_evaluator,0
2472,00000000000100110101000,23,23,True,-6975487/16777216,1/8388608,1/8388608,True,6975489/16777216,True,True,all_integer_control|arbitrary_decidable_modular,post_freeze_evaluator,0
2473,00000000000100110101001,23,23,True,1413121/16777216,1/8388608,1/8388608,True,1413123/16777216,True,True,prime_evaluator|all_integer_control|matched_density_seeded_random|arbitrary_decidable_modular,post_freeze_evaluator,0
2474,00000000000100110101010,23,23,True,-2781183/16777216,1/8388608,1/8388608,True,2781185/16777216,True,True,all_integer_control|matched_density_seeded_random,post_freeze_evaluator,0
2475,00000000000100110101011,23,23,True,5607425/16777216,1/8388608,1/8388608,True,5607427/16777216,True,True,all_integer_control|arbitrary_decidable_modular,post_freeze_evaluator,0
2476,00000000000100110101100,23,23,True,-4878335/16777216,1/8388608,1/8388608,True,4878337/16777216,True,True,all_integer_control,post_freeze_evaluator,0
2477,00000000000100110101101,23,23,True,3510273/16777216,1/8388608,1/8388608,True,3510275/16777216,True,True,prime_evaluator|all_integer_control|matched_density_seeded_random,post_freeze_evaluator,0
2478,00000000000100110101110,23,23,True,-684031/16777216,1/8388608,1/8388608,True,684033/16777216,True,True,all_integer_control,post_freeze_evaluator,0
2479,00000000000100110101111,23,23,True,7704577/16777216,1/8388608,1/8388608,True,7704579/16777216,True,True,all_integer_control|matched_density_seeded_random|arbitrary_decidable_modular,post_freeze_evaluator,0
2480,00000000000100110110000,23,23,True,-7499775/16777216,1/8388608,1/8388608,True,7499777/16777216,True,True,all_integer_control|arbitrary_decidable_modular,post_freeze_evaluator,0
2481,00000000000100110110001,23,23,True,888833/16777216,1/8388608,1/8388608,True,888835/16777216,True,True,all_integer_control,post_freeze_evaluator,0
2482,00000000000100110110010,23,23,True,-3305471/16777216,1/8388608,1/8388608,True,3305473/16777216,True,True,all_integer_control|arbitrary_decidable_modular,post_freeze_evaluator,0
2483,00000000000100110110011,23,23,True,5083137/16777216,1/8388608,1/8388608,True,5083139/16777216,True,True,all_integer_control,post_freeze_evaluator,0
2484,00000000000100110110100,23,23,True,-5402623/16777216,1/8388608,1/8388608,True,5402625/16777216,True,True,all_integer_control,post_freeze_evaluator,0
2485,00000000000100110110101,23,23,True,2985985/16777216,1/8388608,1/8388608,True,2985987/16777216,True,True,all_integer_control,post_freeze_evaluator,0
2486,00000000000100110110110,23,23,True,-1208319/16777216,1/8388608,1/8388608,True,1208321/16777216,True,True,all_integer_control|matched_density_seeded_random|arbitrary_decidable_modular,post_freeze_evaluator,0
2487,00000000000100110110111,23,23,True,7180289/16777216,1/8388608,1/8388608,True,7180291/16777216,True,True,all_integer_control|matched_density_seeded_random|arbitrary_decidable_modular,post_freeze_evaluator,0
2488,00000000000100110111000,23,23,True,-6451199/16777216,1/8388608,1/8388608,True,6451201/16777216,True,True,all_integer_control|matched_density_hash,post_freeze_evaluator,0
2489,00000000000100110111001,23,23,True,1937409/16777216,1/8388608,1/8388608,True,1937411/16777216,True,True,all_integer_control|arbitrary_decidable_modular,post_freeze_evaluator,0
2490,00000000000100110111010,23,23,True,-2256895/16777216,1/8388608,1/8388608,True,2256897/16777216,True,True,all_integer_control,post_freeze_evaluator,0
2491,00000000000100110111011,23,23,True,6131713/16777216,1/8388608,1/8388608,True,6131715/16777216,True,True,all_integer_control|matched_density_seeded_random|matched_density_hash,post_freeze_evaluator,0
2492,00000000000100110111100,23,23,True,-4354047/16777216,1/8388608,1/8388608,True,4354049/16777216,True,True,all_integer_control,post_freeze_evaluator,0
2493,00000000000100110111101,23,23,True,4034561/16777216,1/8388608,1/8388608,True,4034563/16777216,True,True,all_integer_control|arbitrary_decidable_modular,post_freeze_evaluator,0
2494,00000000000100110111110,23,23,True,-159743/16777216,1/8388608,1/8388608,True,159745/16777216,True,True,all_integer_control|arbitrary_decidable_modular,post_freeze_evaluator,0
2495,00000000000100110111111,23,23,True,8228865/16777216,1/8388608,1/8388608,True,8228867/16777216,True,True,all_integer_control,post_freeze_evaluator,0
2496,00000000000100111000000,23,23,True,-8155135/16777216,1/8388608,1/8388608,True,8155137/16777216,True,True,all_integer_control|arbitrary_decidable_modular,post_freeze_evaluator,0
2497,00000000000100111000001,23,23,True,233473/16777216,1/8388608,1/8388608,True,233475/16777216,True,True,all_integer_control|matched_density_seeded_random,post_freeze_evaluator,0
2498,00000000000100111000010,23,23,True,-3960831/16777216,1/8388608,1/8388608,True,3960833/16777216,True,True,all_integer_control,post_freeze_evaluator,0
2499,00000000000100111000011,23,23,True,4427777/16777216,1/8388608,1/8388608,True,4427779/16777216,True,True,all_integer_control,post_freeze_evaluator,0
2500,00000000000100111000100,23,23,True,-6057983/16777216,1/8388608,1/8388608,True,6057985/16777216,True,True,square_control|all_integer_control|matched_density_hash|arbitrary_decidable_modular,post_freeze_evaluator,0
2501,00000000000100111000101,23,23,True,2330625/16777216,1/8388608,1/8388608,True,2330627/16777216,True,True,all_integer_control|arbitrary_decidable_modular,post_freeze_evaluator,0
2502,00000000000100111000110,23,23,True,-1863679/16777216,1/8388608,1/8388608,True,1863681/16777216,True,True,all_integer_control|matched_density_seeded_random,post_freeze_evaluator,0
2503,00000000000100111000111,23,23,True,6524929/16777216,1/8388608,1/8388608,True,6524931/16777216,True,True,prime_evaluator|all_integer_control|arbitrary_decidable_modular,post_freeze_evaluator,0
2504,00000000000100111001000,23,23,True,-7106559/16777216,1/8388608,1/8388608,True,7106561/16777216,True,True,all_integer_control,post_freeze_evaluator,0
2505,00000000000100111001001,23,23,True,1282049/16777216,1/8388608,1/8388608,True,1282051/16777216,True,True,all_integer_control,post_freeze_evaluator,0
2506,00000000000100111001010,23,23,True,-2912255/16777216,1/8388608,1/8388608,True,2912257/16777216,True,True,all_integer_control,post_freeze_evaluator,0
2507,00000000000100111001011,23,23,True,5476353/16777216,1/8388608,1/8388608,True,5476355/16777216,True,True,all_integer_control|matched_density_seeded_random|arbitrary_decidable_modular,post_freeze_evaluator,0
2508,00000000000100111001100,23,23,True,-5009407/16777216,1/8388608,1/8388608,True,5009409/16777216,True,True,all_integer_control|arbitrary_decidable_modular,post_freeze_evaluator,0
2509,00000000000100111001101,23,23,True,3379201/16777216,1/8388608,1/8388608,True,3379203/16777216,True,True,all_integer_control|matched_density_hash,post_freeze_evaluator,0
2510,00000000000100111001110,23,23,True,-815103/16777216,1/8388608,1/8388608,True,815105/16777216,True,True,all_integer_control|arbitrary_decidable_modular,post_freeze_evaluator,0
2511,00000000000100111001111,23,23,True,7573505/16777216,1/8388608,1/8388608,True,7573507/16777216,True,True,all_integer_control,post_freeze_evaluator,0
2512,00000000000100111010000,23,23,True,-7630847/16777216,1/8388608,1/8388608,True,7630849/16777216,True,True,all_integer_control|matched_density_seeded_random,post_freeze_evaluator,0
2513,00000000000100111010001,23,23,True,757761/16777216,1/8388608,1/8388608,True,757763/16777216,True,True,all_integer_control,post_freeze_evaluator,0
2514,00000000000100111010010,23,23,True,-3436543/16777216,1/8388608,1/8388608,True,3436545/16777216,True,True,all_integer_control|matched_density_hash|arbitrary_decidable_modular,post_freeze_evaluator,0
2515,00000000000100111010011,23,23,True,4952065/16777216,1/8388608,1/8388608,True,4952067/16777216,True,True,all_integer_control|arbitrary_decidable_modular,post_freeze_evaluator,0
2516,00000000000100111010100,23,23,True,-5533695/16777216,1/8388608,1/8388608,True,5533697/16777216,True,True,all_integer_control,post_freeze_evaluator,0
2517,00000000000100111010101,23,23,True,2854913/16777216,1/8388608,1/8388608,True,2854915/16777216,True,True,all_integer_control|arbitrary_decidable_modular,post_freeze_evaluator,0
2518,00000000000100111010110,23,23,True,-1339391/16777216,1/8388608,1/8388608,True,1339393/16777216,True,True,all_integer_control,post_freeze_evaluator,0
2519,00000000000100111010111,23,23,True,7049217/16777216,1/8388608,1/8388608,True,7049219/16777216,True,True,all_integer_control,post_freeze_evaluator,0
2520,00000000000100111011000,23,23,True,-6582271/16777216,1/8388608,1/8388608,True,6582273/16777216,True,True,all_integer_control|matched_density_seeded_random,post_freeze_evaluator,0
2521,00000000000100111011001,23,23,True,1806337/16777216,1/8388608,1/8388608,True,1806339/16777216,True,True,prime_evaluator|all_integer_control|arbitrary_decidable_modular,post_freeze_evaluator,0
2522,00000000000100111011010,23,23,True,-2387967/16777216,1/8388608,1/8388608,True,2387969/16777216,True,True,all_integer_control|arbitrary_decidable_modular,post_freeze_evaluator,0
2523,00000000000100111011011,23,23,True,6000641/16777216,1/8388608,1/8388608,True,6000643/16777216,True,True,all_integer_control,post_freeze_evaluator,0
2524,00000000000100111011100,23,23,True,-4485119/16777216,1/8388608,1/8388608,True,4485121/16777216,True,True,all_integer_control|arbitrary_decidable_modular,post_freeze_evaluator,0
2525,00000000000100111011101,23,23,True,3903489/16777216,1/8388608,1/8388608,True,3903491/16777216,True,True,all_integer_control|matched_density_hash,post_freeze_evaluator,0
2526,00000000000100111011110,23,23,True,-290815/16777216,1/8388608,1/8388608,True,290817/16777216,True,True,all_integer_control,post_freeze_evaluator,0
2527,00000000000100111011111,23,23,True,8097793/16777216,1/8388608,1/8388608,True,8097795/16777216,True,True,all_integer_control,post_freeze_evaluator,0
2528,00000000000100111100000,23,23,True,-7892991/16777216,1/8388608,1/8388608,True,7892993/16777216,True,True,all_integer_control|matched_density_seeded_random|arbitrary_decidable_modular,post_freeze_evaluator,0
2529,00000000000100111100001,23,23,True,495617/16777216,1/8388608,1/8388608,True,495619/16777216,True,True,all_integer_control|arbitrary_decidable_modular,post_freeze_evaluator,0
2530,00000000000100111100010,23,23,True,-3698687/16777216,1/8388608,1/8388608,True,3698689/16777216,True,True,all_integer_control,post_freeze_evaluator,0
2531,00000000000100111100011,23,23,True,4689921/16777216,1/8388608,1/8388608,True,4689923/16777216,True,True,prime_evaluator|all_integer_control|arbitrary_decidable_modular,post_freeze_evaluator,0
2532,00000000000100111100100,23,23,True,-5795839/16777216,1/8388608,1/8388608,True,5795841/16777216,True,True,all_integer_control|matched_density_seeded_random|matched_density_hash,post_freeze_evaluator,0
2533,00000000000100111100101,23,23,True,2592769/16777216,1/8388608,1/8388608,True,2592771/16777216,True,True,all_integer_control,post_freeze_evaluator,0
2534,00000000000100111100110,23,23,True,-1601535/16777216,1/8388608,1/8388608,True,1601537/16777216,True,True,all_integer_control,post_freeze_evaluator,0
2535,00000000000100111100111,23,23,True,6787073/16777216,1/8388608,1/8388608,True,6787075/16777216,True,True,all_integer_control|arbitrary_decidable_modular,post_freeze_evaluator,0
2536,00000000000100111101000,23,23,True,-6844415/16777216,1/8388608,1/8388608,True,6844417/16777216,True,True,all_integer_control|arbitrary_decidable_modular,post_freeze_evaluator,0
2537,00000000000100111101001,23,23,True,1544193/16777216,1/8388608,1/8388608,True,1544195/16777216,True,True,all_integer_control,post_freeze_evaluator,0
2538,00000000000100111101010,23,23,True,-2650111/16777216,1/8388608,1/8388608,True,2650113/16777216,True,True,all_integer_control|arbitrary_decidable_modular,post_freeze_evaluator,0
2539,00000000000100111101011,23,23,True,5738497/16777216,1/8388608,1/8388608,True,5738499/16777216,True,True,prime_evaluator|all_integer_control,post_freeze_evaluator,0
2540,00000000000100111101100,23,23,True,-4747263/16777216,1/8388608,1/8388608,True,4747265/16777216,True,True,all_integer_control|matched_density_seeded_random|matched_density_hash,post_freeze_evaluator,0
2541,00000000000100111101101,23,23,True,3641345/16777216,1/8388608,1/8388608,True,3641347/16777216,True,True,all_integer_control,post_freeze_evaluator,0
2542,00000000000100111101110,23,23,True,-552959/16777216,1/8388608,1/8388608,True,552961/16777216,True,True,all_integer_control|matched_density_seeded_random|arbitrary_decidable_modular,post_freeze_evaluator,0
2543,00000000000100111101111,23,23,True,7835649/16777216,1/8388608,1/8388608,True,7835651/16777216,True,True,prime_evaluator|all_integer_control|arbitrary_decidable_modular,post_freeze_evaluator,0
2544,00000000000100111110000,23,23,True,-7368703/16777216,1/8388608,1/8388608,True,7368705/16777216,True,True,all_integer_control,post_freeze_evaluator,0
2545,00000000000100111110001,23,23,True,1019905/16777216,1/8388608,1/8388608,True,1019907/16777216,True,True,all_integer_control|arbitrary_decidable_modular,post_freeze_evaluator,0
2546,00000000000100111110010,23,23,True,-3174399/16777216,1/8388608,1/8388608,True,3174401/16777216,True,True,all_integer_control,post_freeze_evaluator,0
2547,00000000000100111110011,23,23,True,5214209/16777216,1/8388608,1/8388608,True,5214211/16777216,True,True,all_integer_control,post_freeze_evaluator,0
2548,00000000000100111110100,23,23,True,-5271551/16777216,1/8388608,1/8388608,True,5271553/16777216,True,True,all_integer_control,post_freeze_evaluator,0
2549,00000000000100111110101,23,23,True,3117057/16777216,1/8388608,1/8388608,True,3117059/16777216,True,True,prime_evaluator|all_integer_control|arbitrary_decidable_modular,post_freeze_evaluator,0
2550,00000000000100111110110,23,23,True,-1077247/16777216,1/8388608,1/8388608,True,1077249/16777216,True,True,all_integer_control|arbitrary_decidable_modular,post_freeze_evaluator,0
2551,00000000000100111110111,23,23,True,7311361/16777216,1/8388608,1/8388608,True,7311363/16777216,True,True,prime_evaluator|all_integer_control|matched_density_seeded_random,post_freeze_evaluator,0
2552,00000000000100111111000,23,23,True,-6320127/16777216,1/8388608,1/8388608,True,6320129/16777216,True,True,all_integer_control|arbitrary_decidable_modular,post_freeze_evaluator,0
2553,00000000000100111111001,23,23,True,2068481/16777216,1/8388608,1/8388608,True,2068483/16777216,True,True,all_integer_control,post_freeze_evaluator,0
2554,00000000000100111111010,23,23,True,-2125823/16777216,1/8388608,1/8388608,True,2125825/16777216,True,True,all_integer_control,post_freeze_evaluator,0
2555,00000000000100111111011,23,23,True,6262785/16777216,1/8388608,1/8388608,True,6262787/16777216,True,True,all_integer_control|matched_density_hash,post_freeze_evaluator,0
2556,00000000000100111111100,23,23,True,-4222975/16777216,1/8388608,1/8388608,True,4222977/16777216,True,True,all_integer_control|matched_density_hash|arbitrary_decidable_modular,post_freeze_evaluator,0
2557,00000000000100111111101,23,23,True,4165633/16777216,1/8388608,1/8388608,True,4165635/16777216,True,True,prime_evaluator|all_integer_control|arbitrary_decidable_modular,post_freeze_evaluator,0
2558,00000000000100111111110,23,23,True,-28671/16777216,1/8388608,1/8388608,True,28673/16777216,True,True,all_integer_control,post_freeze_evaluator,0
2559,00000000000100111111111,23,23,True,8359937/16777216,1/8388608,1/8388608,True,8359939/16777216,True,True,all_integer_control|arbitrary_decidable_modular,post_freeze_evaluator,0
2560,00000000000101000000000,23,23,True,-8368127/16777216,1/8388608,1/8388608,True,8368129/16777216,True,True,all_integer_control|matched_density_hash,post_freeze_evaluator,0
2561,00000000000101000000001,23,23,True,20481/16777216,1/8388608,1/8388608,True,20483/16777216,True,True,all_integer_control,post_freeze_evaluator,0
2562,00000000000101000000010,23,23,True,-4173823/16777216,1/8388608,1/8388608,True,4173825/16777216,True,True,all_integer_control,post_freeze_evaluator,0
2563,00000000000101000000011,23,23,True,4214785/16777216,1/8388608,1/8388608,True,4214787/16777216,True,True,all_integer_control|arbitrary_decidable_modular,post_freeze_evaluator,0
2564,00000000000101000000100,23,23,True,-6270975/16777216,1/8388608,1/8388608,True,6270977/16777216,True,True,all_integer_control|arbitrary_decidable_modular,post_freeze_evaluator,0
2565,00000000000101000000101,23,23,True,2117633/16777216,1/8388608,1/8388608,True,2117635/16777216,True,True,all_integer_control|matched_density_seeded_random,post_freeze_evaluator,0
2566,00000000000101000000110,23,23,True,-2076671/16777216,1/8388608,1/8388608,True,2076673/16777216,True,True,all_integer_control|arbitrary_decidable_modular,post_freeze_evaluator,0
2567,00000000000101000000111,23,23,True,6311937/16777216,1/8388608,1/8388608,True,6311939/16777216,True,True,all_integer_control,post_freeze_evaluator,0
2568,00000000000101000001000,23,23,True,-7319551/16777216,1/8388608,1/8388608,True,7319553/16777216,True,True,all_integer_control,post_freeze_evaluator,0
2569,00000000000101000001001,23,23,True,1069057/16777216,1/8388608,1/8388608,True,1069059/16777216,True,True,all_integer_control|matched_density_hash,post_freeze_evaluator,0
2570,00000000000101000001010,23,23,True,-3125247/16777216,1/8388608,1/8388608,True,3125249/16777216,True,True,all_integer_control|arbitrary_decidable_modular,post_freeze_evaluator,0
2571,00000000000101000001011,23,23,True,5263361/16777216,1/8388608,1/8388608,True,5263363/16777216,True,True,all_integer_control|arbitrary_decidable_modular,post_freeze_evaluator,0
2572,00000000000101000001100,23,23,True,-5222399/16777216,1/8388608,1/8388608,True,5222401/16777216,True,True,all_integer_control,post_freeze_evaluator,0
2573,00000000000101000001101,23,23,True,3166209/16777216,1/8388608,1/8388608,True,3166211/16777216,True,True,all_integer_control|matched_density_seeded_random|arbitrary_decidable_modular,post_freeze_evaluator,0
2574,00000000000101000001110,23,23,True,-1028095/16777216,1/8388608,1/8388608,True,1028097/16777216,True,True,all_integer_control,post_freeze_evaluator,0
2575,00000000000101000001111,23,23,True,7360513/16777216,1/8388608,1/8388608,True,7360515/16777216,True,True,all_integer_control|matched_density_hash,post_freeze_evaluator,0
2576,00000000000101000010000,23,23,True,-7843839/16777216,1/8388608,1/8388608,True,7843841/16777216,True,True,all_integer_control|matched_density_hash,post_freeze_evaluator,0
2577,00000000000101000010001,23,23,True,544769/16777216,1/8388608,1/8388608,True,544771/16777216,True,True,all_integer_control|matched_density_seeded_random|arbitrary_decidable_modular,post_freeze_evaluator,0
2578,00000000000101000010010,23,23,True,-3649535/16777216,1/8388608,1/8388608,True,3649537/16777216,True,True,all_integer_control|arbitrary_decidable_modular,post_freeze_evaluator,0
2579,00000000000101000010011,23,23,True,4739073/16777216,1/8388608,1/8388608,True,4739075/16777216,True,True,prime_evaluator|all_integer_control,post_freeze_evaluator,0
2580,00000000000101000010100,23,23,True,-5746687/16777216,1/8388608,1/8388608,True,5746689/16777216,True,True,all_integer_control|arbitrary_decidable_modular,post_freeze_evaluator,0
2581,00000000000101000010101,23,23,True,2641921/16777216,1/8388608,1/8388608,True,2641923/16777216,True,True,all_integer_control,post_freeze_evaluator,0
2582,00000000000101000010110,23,23,True,-1552383/16777216,1/8388608,1/8388608,True,1552385/16777216,True,True,all_integer_control|matched_density_hash,post_freeze_evaluator,0
2583,00000000000101000010111,23,23,True,6836225/16777216,1/8388608,1/8388608,True,6836227/16777216,True,True,all_integer_control|matched_density_seeded_random,post_freeze_evaluator,0
2584,00000000000101000011000,23,23,True,-6795263/16777216,1/8388608,1/8388608,True,6795265/16777216,True,True,fibonacci_control|all_integer_control|matched_density_seeded_random|matched_density_hash|arbitrary_decidable_modular,post_freeze_evaluator,0
2585,00000000000101000011001,23,23,True,1593345/16777216,1/8388608,1/8388608,True,1593347/16777216,True,True,all_integer_control|arbitrary_decidable_modular,post_freeze_evaluator,0
2586,00000000000101000011010,23,23,True,-2600959/16777216,1/8388608,1/8388608,True,2600961/16777216,True,True,all_integer_control,post_freeze_evaluator,0
2587,00000000000101000011011,23,23,True,5787649/16777216,1/8388608,1/8388608,True,5787651/16777216,True,True,all_integer_control|arbitrary_decidable_modular,post_freeze_evaluator,0
2588,00000000000101000011100,23,23,True,-4698111/16777216,1/8388608,1/8388608,True,4698113/16777216,True,True,all_integer_control,post_freeze_evaluator,0
2589,00000000000101000011101,23,23,True,3690497/16777216,1/8388608,1/8388608,True,3690499/16777216,True,True,all_integer_control,post_freeze_evaluator,0
2590,00000000000101000011110,23,23,True,-503807/16777216,1/8388608,1/8388608,True,503809/16777216,True,True,all_integer_control,post_freeze_evaluator,0
2591,00000000000101000011111,23,23,True,7884801/16777216,1/8388608,1/8388608,True,7884803/16777216,True,True,prime_evaluator|all_integer_control|matched_density_hash|arbitrary_decidable_modular,post_freeze_evaluator,0
2592,00000000000101000100000,23,23,True,-8105983/16777216,1/8388608,1/8388608,True,8105985/16777216,True,True,all_integer_control|arbitrary_decidable_modular,post_freeze_evaluator,0
2593,00000000000101000100001,23,23,True,282625/16777216,1/8388608,1/8388608,True,282627/16777216,True,True,prime_evaluator|all_integer_control,post_freeze_evaluator,0
2594,00000000000101000100010,23,23,True,-3911679/16777216,1/8388608,1/8388608,True,3911681/16777216,True,True,all_integer_control|arbitrary_decidable_modular,post_freeze_evaluator,0
2595,00000000000101000100011,23,23,True,4476929/16777216,1/8388608,1/8388608,True,4476931/16777216,True,True,all_integer_control,post_freeze_evaluator,0
2596,00000000000101000100100,23,23,True,-6008831/16777216,1/8388608,1/8388608,True,6008833/16777216,True,True,all_integer_control|matched_density_hash,post_freeze_evaluator,0
2597,00000000000101000100101,23,23,True,2379777/16777216,1/8388608,1/8388608,True,2379779/16777216,True,True,all_integer_control,post_freeze_evaluator,0
2598,00000000000101000100110,23,23,True,-1814527/16777216,1/8388608,1/8388608,True,1814529/16777216,True,True,all_integer_control|matched_density_hash|arbitrary_decidable_modular,post_freeze_evaluator,0
2599,00000000000101000100111,23,23,True,6574081/16777216,1/8388608,1/8388608,True,6574083/16777216,True,True,all_integer_control|matched_density_seeded_random|arbitrary_decidable_modular,post_freeze_evaluator,0
2600,00000000000101000101000,23,23,True,-7057407/16777216,1/8388608,1/8388608,True,7057409/16777216,True,True,all_integer_control,post_freeze_evaluator,0
2601,00000000000101000101001,23,23,True,1331201/16777216,1/8388608,1/8388608,True,1331203/16777216,True,True,square_control|all_integer_control|matched_density_hash|arbitrary_decidable_modular,post_freeze_evaluator,0
2602,00000000000101000101010,23,23,True,-2863103/16777216,1/8388608,1/8388608,True,2863105/16777216,True,True,all_integer_control|matched_density_hash,post_freeze_evaluator,0
2603,00000000000101000101011,23,23,True,5525505/16777216,1/8388608,1/8388608,True,5525507/16777216,True,True,all_integer_control,post_freeze_evaluator,0
2604,00000000000101000101100,23,23,True,-4960255/16777216,1/8388608,1/8388608,True,4960257/16777216,True,True,all_integer_control,post_freeze_evaluator,0
2605,00000000000101000101101,23,23,True,3428353/16777216,1/8388608,1/8388608,True,3428355/16777216,True,True,all_integer_control|arbitrary_decidable_modular,post_freeze_evaluator,0
2606,00000000000101000101110,23,23,True,-765951/16777216,1/8388608,1/8388608,True,765953/16777216,True,True,all_integer_control|matched_density_hash|arbitrary_decidable_modular,post_freeze_evaluator,0
2607,00000000000101000101111,23,23,True,7622657/16777216,1/8388608,1/8388608,True,7622659/16777216,True,True,all_integer_control,post_freeze_evaluator,0
2608,00000000000101000110000,23,23,True,-7581695/16777216,1/8388608,1/8388608,True,7581697/16777216,True,True,all_integer_control|matched_density_seeded_random|matched_density_hash|arbitrary_decidable_modular,post_freeze_evaluator,0
2609,00000000000101000110001,23,23,True,806913/16777216,1/8388608,1/8388608,True,806915/16777216,True,True,prime_evaluator|all_integer_control|matched_density_hash,post_freeze_evaluator,0
2610,00000000000101000110010,23,23,True,-3387391/16777216,1/8388608,1/8388608,True,3387393/16777216,True,True,all_integer_control|matched_density_seeded_random,post_freeze_evaluator,0
2611,00000000000101000110011,23,23,True,5001217/16777216,1/8388608,1/8388608,True,5001219/16777216,True,True,all_integer_control,post_freeze_evaluator,0
2612,00000000000101000110100,23,23,True,-5484543/16777216,1/8388608,1/8388608,True,5484545/16777216,True,True,all_integer_control|matched_density_hash|arbitrary_decidable_modular,post_freeze_evaluator,0
2613,00000000000101000110101,23,23,True,2904065/16777216,1/8388608,1/8388608,True,2904067/16777216,True,True,all_integer_control|arbitrary_decidable_modular,post_freeze_evaluator,0
2614,00000000000101000110110,23,23,True,-1290239/16777216,1/8388608,1/8388608,True,1290241/16777216,True,True,all_integer_control|matched_density_seeded_random,post_freeze_evaluator,0
2615,00000000000101000110111,23,23,True,7098369/16777216,1/8388608,1/8388608,True,7098371/16777216,True,True,all_integer_control|arbitrary_decidable_modular,post_freeze_evaluator,0
2616,00000000000101000111000,23,23,True,-6533119/16777216,1/8388608,1/8388608,True,6533121/16777216,True,True,all_integer_control,post_freeze_evaluator,0
2617,00000000000101000111001,23,23,True,1855489/16777216,1/8388608,1/8388608,True,1855491/16777216,True,True,prime_evaluator|all_integer_control,post_freeze_evaluator,0
2618,00000000000101000111010,23,23,True,-2338815/16777216,1/8388608,1/8388608,True,2338817/16777216,True,True,all_integer_control|matched_density_seeded_random,post_freeze_evaluator,0
2619,00000000000101000111011,23,23,True,6049793/16777216,1/8388608,1/8388608,True,6049795/16777216,True,True,all_integer_control|matched_density_seeded_random|arbitrary_decidable_modular,post_freeze_evaluator,0
2620,00000000000101000111100,23,23,True,-4435967/16777216,1/8388608,1/8388608,True,4435969/16777216,True,True,all_integer_control|matched_density_seeded_random|arbitrary_decidable_modular,post_freeze_evaluator,0
2621,00000000000101000111101,23,23,True,3952641/16777216,1/8388608,1/8388608,True,3952643/16777216,True,True,prime_evaluator|all_integer_control,post_freeze_evaluator,0
2622,00000000000101000111110,23,23,True,-241663/16777216,1/8388608,1/8388608,True,241665/16777216,True,True,all_integer_control|matched_density_seeded_random|arbitrary_decidable_modular,post_freeze_evaluator,0
2623,00000000000101000111111,23,23,True,8146945/16777216,1/8388608,1/8388608,True,8146947/16777216,True,True,all_integer_control,post_freeze_evaluator,0
2624,00000000000101001000000,23,23,True,-8237055/16777216,1/8388608,1/8388608,True,8237057/16777216,True,True,all_integer_control|matched_density_hash,post_freeze_evaluator,0
2625,00000000000101001000001,23,23,True,151553/16777216,1/8388608,1/8388608,True,151555/16777216,True,True,all_integer_control|matched_density_seeded_random,post_freeze_evaluator,0
2626,00000000000101001000010,23,23,True,-4042751/16777216,1/8388608,1/8388608,True,4042753/16777216,True,True,all_integer_control|arbitrary_decidable_modular,post_freeze_evaluator,0
2627,00000000000101001000011,23,23,True,4345857/16777216,1/8388608,1/8388608,True,4345859/16777216,True,True,all_integer_control|arbitrary_decidable_modular,post_freeze_evaluator,0
2628,00000000000101001000100,23,23,True,-6139903/16777216,1/8388608,1/8388608,True,6139905/16777216,True,True,all_integer_control,post_freeze_evaluator,0
2629,00000000000101001000101,23,23,True,2248705/16777216,1/8388608,1/8388608,True,2248707/16777216,True,True,all_integer_control|arbitrary_decidable_modular,post_freeze_evaluator,0
2630,00000000000101001000110,23,23,True,-1945599/16777216,1/8388608,1/8388608,True,1945601/16777216,True,True,all_integer_control,post_freeze_evaluator,0
2631,00000000000101001000111,23,23,True,6443009/16777216,1/8388608,1/8388608,True,6443011/16777216,True,True,all_integer_control,post_freeze_evaluator,0
2632,00000000000101001001000,23,23,True,-7188479/16777216,1/8388608,1/8388608,True,7188481/16777216,True,True,all_integer_control,post_freeze_evaluator,0
2633,00000000000101001001001,23,23,True,1200129/16777216,1/8388608,1/8388608,True,1200131/16777216,True,True,prime_evaluator|all_integer_control|arbitrary_decidable_modular,post_freeze_evaluator,0
2634,00000000000101001001010,23,23,True,-2994175/16777216,1/8388608,1/8388608,True,2994177/16777216,True,True,all_integer_control|arbitrary_decidable_modular,post_freeze_evaluator,0
2635,00000000000101001001011,23,23,True,5394433/16777216,1/8388608,1/8388608,True,5394435/16777216,True,True,all_integer_control,post_freeze_evaluator,0
2636,00000000000101001001100,23,23,True,-5091327/16777216,1/8388608,1/8388608,True,5091329/16777216,True,True,all_integer_control|arbitrary_decidable_modular,post_freeze_evaluator,0
2637,00000000000101001001101,23,23,True,3297281/16777216,1/8388608,1/8388608,True,3297283/16777216,True,True,all_integer_control|matched_density_seeded_random,post_freeze_evaluator,0
2638,00000000000101001001110,23,23,True,-897023/16777216,1/8388608,1/8388608,True,897025/16777216,True,True,all_integer_control,post_freeze_evaluator,0
2639,00000000000101001001111,23,23,True,7491585/16777216,1/8388608,1/8388608,True,7491587/16777216,True,True,all_integer_control,post_freeze_evaluator,0
2640,00000000000101001010000,23,23,True,-7712767/16777216,1/8388608,1/8388608,True,7712769/16777216,True,True,all_integer_control|matched_density_seeded_random|matched_density_hash|arbitrary_decidable_modular,post_freeze_evaluator,0
2641,00000000000101001010001,23,23,True,675841/16777216,1/8388608,1/8388608,True,675843/16777216,True,True,all_integer_control|arbitrary_decidable_modular,post_freeze_evaluator,0
2642,00000000000101001010010,23,23,True,-3518463/16777216,1/8388608,1/8388608,True,3518465/16777216,True,True,all_integer_control,post_freeze_evaluator,0
2643,00000000000101001010011,23,23,True,4870145/16777216,1/8388608,1/8388608,True,4870147/16777216,True,True,all_integer_control|arbitrary_decidable_modular,post_freeze_evaluator,0
2644,00000000000101001010100,23,23,True,-5615615/16777216,1/8388608,1/8388608,True,5615617/16777216,True,True,all_integer_control|matched_density_seeded_random,post_freeze_evaluator,0
2645,00000000000101001010101,23,23,True,2772993/16777216,1/8388608,1/8388608,True,2772995/16777216,True,True,all_integer_control,post_freeze_evaluator,0
2646,00000000000101001010110,23,23,True,-1421311/16777216,1/8388608,1/8388608,True,1421313/16777216,True,True,all_integer_control|matched_density_seeded_random|matched_density_hash,post_freeze_evaluator,0
2647,00000000000101001010111,23,23,True,6967297/16777216,1/8388608,1/8388608,True,6967299/16777216,True,True,prime_evaluator|all_integer_control|matched_density_hash|arbitrary_decidable_modular,post_freeze_evaluator,0
2648,00000000000101001011000,23,23,True,-6664191/16777216,1/8388608,1/8388608,True,6664193/16777216,True,True,all_integer_control|arbitrary_decidable_modular,post_freeze_evaluator,0
2649,00000000000101001011001,23,23,True,1724417/16777216,1/8388608,1/8388608,True,1724419/16777216,True,True,all_integer_control|matched_density_hash,post_freeze_evaluator,0
2650,00000000000101001011010,23,23,True,-2469887/16777216,1/8388608,1/8388608,True,2469889/16777216,True,True,all_integer_control|arbitrary_decidable_modular,post_freeze_evaluator,0
2651,00000000000101001011011,23,23,True,5918721/16777216,1/8388608,1/8388608,True,5918723/16777216,True,True,all_integer_control,post_freeze_evaluator,0
2652,00000000000101001011100,23,23,True,-4567039/16777216,1/8388608,1/8388608,True,4567041/16777216,True,True,all_integer_control|matched_density_seeded_random|matched_density_hash,post_freeze_evaluator,0
2653,00000000000101001011101,23,23,True,3821569/16777216,1/8388608,1/8388608,True,3821571/16777216,True,True,all_integer_control,post_freeze_evaluator,0
2654,00000000000101001011110,23,23,True,-372735/16777216,1/8388608,1/8388608,True,372737/16777216,True,True,all_integer_control|arbitrary_decidable_modular,post_freeze_evaluator,0
2655,00000000000101001011111,23,23,True,8015873/16777216,1/8388608,1/8388608,True,8015875/16777216,True,True,all_integer_control|arbitrary_decidable_modular,post_freeze_evaluator,0
2656,00000000000101001100000,23,23,True,-7974911/16777216,1/8388608,1/8388608,True,7974913/16777216,True,True,all_integer_control,post_freeze_evaluator,0
2657,00000000000101001100001,23,23,True,413697/16777216,1/8388608,1/8388608,True,413699/16777216,True,True,prime_evaluator|all_integer_control|matched_density_seeded_random|arbitrary_decidable_modular,post_freeze_evaluator,0
2658,00000000000101001100010,23,23,True,-3780607/16777216,1/8388608,1/8388608,True,3780609/16777216,True,True,all_integer_control,post_freeze_evaluator,0
2659,00000000000101001100011,23,23,True,4608001/16777216,1/8388608,1/8388608,True,4608003/16777216,True,True,prime_evaluator|all_integer_control|matched_density_hash,post_freeze_evaluator,0
2660,00000000000101001100100,23,23,True,-5877759/16777216,1/8388608,1/8388608,True,5877761/16777216,True,True,all_integer_control|matched_density_seeded_random,post_freeze_evaluator,0
2661,00000000000101001100101,23,23,True,2510849/16777216,1/8388608,1/8388608,True,2510851/16777216,True,True,all_integer_control|matched_density_hash|arbitrary_decidable_modular,post_freeze_evaluator,0
2662,00000000000101001100110,23,23,True,-1683455/16777216,1/8388608,1/8388608,True,1683457/16777216,True,True,all_integer_control|arbitrary_decidable_modular,post_freeze_evaluator,0
2663,00000000000101001100111,23,23,True,6705153/16777216,1/8388608,1/8388608,True,6705155/16777216,True,True,prime_evaluator|all_integer_control,post_freeze_evaluator,0
2664,00000000000101001101000,23,23,True,-6926335/16777216,1/8388608,1/8388608,True,6926337/16777216,True,True,all_integer_control|arbitrary_decidable_modular,post_freeze_evaluator,0
2665,00000000000101001101001,23,23,True,1462273/16777216,1/8388608,1/8388608,True,1462275/16777216,True,True,all_integer_control|matched_density_hash,post_freeze_evaluator,0
2666,00000000000101001101010,23,23,True,-2732031/16777216,1/8388608,1/8388608,True,2732033/16777216,True,True,all_integer_control,post_freeze_evaluator,0
2667,00000000000101001101011,23,23,True,5656577/16777216,1/8388608,1/8388608,True,5656579/16777216,True,True,all_integer_control,post_freeze_evaluator,0
2668,00000000000101001101100,23,23,True,-4829183/16777216,1/8388608,1/8388608,True,4829185/16777216,True,True,all_integer_control|arbitrary_decidable_modular,post_freeze_evaluator,0
2669,00000000000101001101101,23,23,True,3559425/16777216,1/8388608,1/8388608,True,3559427/16777216,True,True,all_integer_control|arbitrary_decidable_modular,post_freeze_evaluator,0
2670,00000000000101001101110,23,23,True,-634879/16777216,1/8388608,1/8388608,True,634881/16777216,True,True,all_integer_control,post_freeze_evaluator,0
2671,00000000000101001101111,23,23,True,7753729/16777216,1/8388608,1/8388608,True,7753731/16777216,True,True,prime_evaluator|all_integer_control|arbitrary_decidable_modular,post_freeze_evaluator,0
2672,00000000000101001110000,23,23,True,-7450623/16777216,1/8388608,1/8388608,True,7450625/16777216,True,True,all_integer_control,post_freeze_evaluator,0
2673,00000000000101001110001,23,23,True,937985/16777216,1/8388608,1/8388608,True,937987/16777216,True,True,all_integer_control,post_freeze_evaluator,0
2674,00000000000101001110010,23,23,True,-3256319/16777216,1/8388608,1/8388608,True,3256321/16777216,True,True,all_integer_control|matched_density_seeded_random,post_freeze_evaluator,0
2675,00000000000101001110011,23,23,True,5132289/16777216,1/8388608,1/8388608,True,5132291/16777216,True,True,all_integer_control|arbitrary_decidable_modular,post_freeze_evaluator,0
2676,00000000000101001110100,23,23,True,-5353471/16777216,1/8388608,1/8388608,True,5353473/16777216,True,True,all_integer_control|arbitrary_decidable_modular,post_freeze_evaluator,0
2677,00000000000101001110101,23,23,True,3035137/16777216,1/8388608,1/8388608,True,3035139/16777216,True,True,prime_evaluator|all_integer_control,post_freeze_evaluator,0
2678,00000000000101001110110,23,23,True,-1159167/16777216,1/8388608,1/8388608,True,1159169/16777216,True,True,all_integer_control|arbitrary_decidable_modular,post_freeze_evaluator,0
2679,00000000000101001110111,23,23,True,7229441/16777216,1/8388608,1/8388608,True,7229443/16777216,True,True,all_integer_control,post_freeze_evaluator,0
2680,00000000000101001111000,23,23,True,-6402047/16777216,1/8388608,1/8388608,True,6402049/16777216,True,True,all_integer_control,post_freeze_evaluator,0
2681,00000000000101001111001,23,23,True,1986561/16777216,1/8388608,1/8388608,True,1986563/16777216,True,True,all_integer_control,post_freeze_evaluator,0
2682,00000000000101001111010,23,23,True,-2207743/16777216,1/8388608,1/8388608,True,2207745/16777216,True,True,all_integer_control|arbitrary_decidable_modular,post_freeze_evaluator,0
2683,00000000000101001111011,23,23,True,6180865/16777216,1/8388608,1/8388608,True,6180867/16777216,True,True,prime_evaluator|all_integer_control|arbitrary_decidable_modular,post_freeze_evaluator,0
2684,00000000000101001111100,23,23,True,-4304895/16777216,1/8388608,1/8388608,True,4304897/16777216,True,True,all_integer_control|matched_density_hash,post_freeze_evaluator,0
2685,00000000000101001111101,23,23,True,4083713/16777216,1/8388608,1/8388608,True,4083715/16777216,True,True,all_integer_control|arbitrary_decidable_modular,post_freeze_evaluator,0
2686,00000000000101001111110,23,23,True,-110591/16777216,1/8388608,1/8388608,True,110593/16777216,True,True,all_integer_control,post_freeze_evaluator,0
2687,00000000000101001111111,23,23,True,8278017/16777216,1/8388608,1/8388608,True,8278019/16777216,True,True,prime_evaluator|all_integer_control,post_freeze_evaluator,0
2688,00000000000101010000000,23,23,True,-8302591/16777216,1/8388608,1/8388608,True,8302593/16777216,True,True,all_integer_control,post_freeze_evaluator,0
2689,00000000000101010000001,23,23,True,86017/16777216,1/8388608,1/8388608,True,86019/16777216,True,True,prime_evaluator|all_integer_control|arbitrary_decidable_modular,post_freeze_evaluator,0
2690,00000000000101010000010,23,23,True,-4108287/16777216,1/8388608,1/8388608,True,4108289/16777216,True,True,all_integer_control|matched_density_seeded_random|arbitrary_decidable_modular,post_freeze_evaluator,0
2691,00000000000101010000011,23,23,True,4280321/16777216,1/8388608,1/8388608,True,4280323/16777216,True,True,all_integer_control,post_freeze_evaluator,0
2692,00000000000101010000100,23,23,True,-6205439/16777216,1/8388608,1/8388608,True,6205441/16777216,True,True,all_integer_control|arbitrary_decidable_modular,post_freeze_evaluator,0
2693,00000000000101010000101,23,23,True,2183169/16777216,1/8388608,1/8388608,True,2183171/16777216,True,True,prime_evaluator|all_integer_control,post_freeze_evaluator,0
2694,00000000000101010000110,23,23,True,-2011135/16777216,1/8388608,1/8388608,True,2011137/16777216,True,True,all_integer_control,post_freeze_evaluator,0
2695,00000000000101010000111,23,23,True,6377473/16777216,1/8388608,1/8388608,True,6377475/16777216,True,True,all_integer_control|matched_density_seeded_random,post_freeze_evaluator,0
2696,00000000000101010001000,23,23,True,-7254015/16777216,1/8388608,1/8388608,True,7254017/16777216,True,True,all_integer_control|arbitrary_decidable_modular,post_freeze_evaluator,0
2697,00000000000101010001001,23,23,True,1134593/16777216,1/8388608,1/8388608,True,1134595/16777216,True,True,all_integer_control|arbitrary_decidable_modular,post_freeze_evaluator,0
2698,00000000000101010001010,23,23,True,-3059711/16777216,1/8388608,1/8388608,True,3059713/16777216,True,True,all_integer_control,post_freeze_evaluator,0
2699,00000000000101010001011,23,23,True,5328897/16777216,1/8388608,1/8388608,True,5328899/16777216,True,True,prime_evaluator|all_integer_control|arbitrary_decidable_modular,post_freeze_evaluator,0
2700,00000000000101010001100,23,23,True,-5156863/16777216,1/8388608,1/8388608,True,5156865/16777216,True,True,all_integer_control|matched_density_seeded_random|matched_density_hash,post_freeze_evaluator,0
2701,00000000000101010001101,23,23,True,3231745/16777216,1/8388608,1/8388608,True,3231747/16777216,True,True,all_integer_control,post_freeze_evaluator,0
2702,00000000000101010001110,23,23,True,-962559/16777216,1/8388608,1/8388608,True,962561/16777216,True,True,all_integer_control|matched_density_hash,post_freeze_evaluator,0
2703,00000000000101010001111,23,23,True,7426049/16777216,1/8388608,1/8388608,True,7426051/16777216,True,True,all_integer_control|arbitrary_decidable_modular,post_freeze_evaluator,0
2704,00000000000101010010000,23,23,True,-7778303/16777216,1/8388608,1/8388608,True,7778305/16777216,True,True,square_control|all_integer_control|arbitrary_decidable_modular,post_freeze_evaluator,0
2705,00000000000101010010001,23,23,True,610305/16777216,1/8388608,1/8388608,True,610307/16777216,True,True,all_integer_control,post_freeze_evaluator,0
2706,00000000000101010010010,23,23,True,-3583999/16777216,1/8388608,1/8388608,True,3584001/16777216,True,True,all_integer_control|arbitrary_decidable_modular,post_freeze_evaluator,0
2707,00000000000101010010011,23,23,True,4804609/16777216,1/8388608,1/8388608,True,4804611/16777216,True,True,prime_evaluator|all_integer_control,post_freeze_evaluator,0
2708,00000000000101010010100,23,23,True,-5681151/16777216,1/8388608,1/8388608,True,5681153/16777216,True,True,all_integer_control,post_freeze_evaluator,0
2709,00000000000101010010101,23,23,True,2707457/16777216,1/8388608,1/8388608,True,2707459/16777216,True,True,all_integer_control|matched_density_hash,post_freeze_evaluator,0
2710,00000000000101010010110,23,23,True,-1486847/16777216,1/8388608,1/8388608,True,1486849/16777216,True,True,all_integer_control|arbitrary_decidable_modular,post_freeze_evaluator,0
2711,00000000000101010010111,23,23,True,6901761/16777216,1/8388608,1/8388608,True,6901763/16777216,True,True,prime_evaluator|all_integer_control|arbitrary_decidable_modular,post_freeze_evaluator,0
2712,00000000000101010011000,23,23,True,-6729727/16777216,1/8388608,1/8388608,True,6729729/16777216,True,True,all_integer_control,post_freeze_evaluator,0
2713,00000000000101010011001,23,23,True,1658881/16777216,1/8388608,1/8388608,True,1658883/16777216,True,True,prime_evaluator|all_integer_control|matched_density_hash|arbitrary_decidable_modular,post_freeze_evaluator,0
2714,00000000000101010011010,23,23,True,-2535423/16777216,1/8388608,1/8388608,True,2535425/16777216,True,True,all_integer_control|matched_density_seeded_random,post_freeze_evaluator,0
2715,00000000000101010011011,23,23,True,5853185/16777216,1/8388608,1/8388608,True,5853187/16777216,True,True,all_integer_control,post_freeze_evaluator,0
2716,00000000000101010011100,23,23,True,-4632575/16777216,1/8388608,1/8388608,True,4632577/16777216,True,True,all_integer_control,post_freeze_evaluator,0
2717,00000000000101010011101,23,23,True,3756033/16777216,1/8388608,1/8388608,True,3756035/16777216,True,True,all_integer_control|matched_density_seeded_random|arbitrary_decidable_modular,post_freeze_evaluator,0
2718,00000000000101010011110,23,23,True,-438271/16777216,1/8388608,1/8388608,True,438273/16777216,True,True,all_integer_control|arbitrary_decidable_modular,post_freeze_evaluator,0
2719,00000000000101010011111,23,23,True,7950337/16777216,1/8388608,1/8388608,True,7950339/16777216,True,True,prime_evaluator|all_integer_control,post_freeze_evaluator,0
2720,00000000000101010100000,23,23,True,-8040447/16777216,1/8388608,1/8388608,True,8040449/16777216,True,True,all_integer_control|arbitrary_decidable_modular,post_freeze_evaluator,0
2721,00000000000101010100001,23,23,True,348161/16777216,1/8388608,1/8388608,True,348163/16777216,True,True,all_integer_control,post_freeze_evaluator,0
2722,00000000000101010100010,23,23,True,-3846143/16777216,1/8388608,1/8388608,True,3846145/16777216,True,True,all_integer_control,post_freeze_evaluator,0
2723,00000000000101010100011,23,23,True,4542465/16777216,1/8388608,1/8388608,True,4542467/16777216,True,True,all_integer_control|matched_density_hash,post_freeze_evaluator,0
2724,00000000000101010100100,23,23,True,-5943295/16777216,1/8388608,1/8388608,True,5943297/16777216,True,True,all_integer_control|arbitrary_decidable_modular,post_freeze_evaluator,0
2725,00000000000101010100101,23,23,True,2445313/16777216,1/8388608,1/8388608,True,2445315/16777216,True,True,all_integer_control|matched_density_seeded_random|matched_density_hash|arbitrary_decidable_modular,post_freeze_evaluator,0
2726,00000000000101010100110,23,23,True,-1748991/16777216,1/8388608,1/8388608,True,1748993/16777216,True,True,all_integer_control,post_freeze_evaluator,0
2727,00000000000101010100111,23,23,True,6639617/16777216,1/8388608,1/8388608,True,6639619/16777216,True,True,all_integer_control|arbitrary_decidable_modular,post_freeze_evaluator,0
2728,00000000000101010101000,23,23,True,-6991871/16777216,1/8388608,1/8388608,True,6991873/16777216,True,True,all_integer_control|matched_density_hash,post_freeze_evaluator,0
2729,00000000000101010101001,23,23,True,1396737/16777216,1/8388608,1/8388608,True,1396739/16777216,True,True,prime_evaluator|all_integer_control,post_freeze_evaluator,0
2730,00000000000101010101010,23,23,True,-2797567/16777216,1/8388608,1/8388608,True,2797569/16777216,True,True,all_integer_control,post_freeze_evaluator,0
2731,00000000000101010101011,23,23,True,5591041/16777216,1/8388608,1/8388608,True,5591043/16777216,True,True,prime_evaluator|all_integer_control|arbitrary_decidable_modular,post_freeze_evaluator,0
2732,00000000000101010101100,23,23,True,-4894719/16777216,1/8388608,1/8388608,True,4894721/16777216,True,True,all_integer_control|arbitrary_decidable_modular,post_freeze_evaluator,0
2733,00000000000101010101101,23,23,True,3493889/16777216,1/8388608,1/8388608,True,3493891/16777216,True,True,all_integer_control|matched_density_hash,post_freeze_evaluator,0
2734,00000000000101010101110,23,23,True,-700415/16777216,1/8388608,1/8388608,True,700417/16777216,True,True,all_integer_control|arbitrary_decidable_modular,post_freeze_evaluator,0
2735,00000000000101010101111,23,23,True,7688193/16777216,1/8388608,1/8388608,True,7688195/16777216,True,True,all_integer_control,post_freeze_evaluator,0
2736,00000000000101010110000,23,23,True,-7516159/16777216,1/8388608,1/8388608,True,7516161/16777216,True,True,all_integer_control,post_freeze_evaluator,0
2737,00000000000101010110001,23,23,True,872449/16777216,1/8388608,1/8388608,True,872451/16777216,True,True,all_integer_control,post_freeze_evaluator,0
2738,00000000000101010110010,23,23,True,-3321855/16777216,1/8388608,1/8388608,True,3321857/16777216,True,True,all_integer_control|arbitrary_decidable_modular,post_freeze_evaluator,0
2739,00000000000101010110011,23,23,True,5066753/16777216,1/8388608,1/8388608,True,5066755/16777216,True,True,all_integer_control|arbitrary_decidable_modular,post_freeze_evaluator,0
2740,00000000000101010110100,23,23,True,-5419007/16777216,1/8388608,1/8388608,True,5419009/16777216,True,True,all_integer_control,post_freeze_evaluator,0
2741,00000000000101010110101,23,23,True,2969601/16777216,1/8388608,1/8388608,True,2969603/16777216,True,True,prime_evaluator|all_integer_control|arbitrary_decidable_modular,post_freeze_evaluator,0
2742,00000000000101010110110,23,23,True,-1224703/16777216,1/8388608,1/8388608,True,1224705/16777216,True,True,all_integer_control,post_freeze_evaluator,0
2743,00000000000101010110111,23,23,True,7163905/16777216,1/8388608,1/8388608,True,7163907/16777216,True,True,all_integer_control,post_freeze_evaluator,0
2744,00000000000101010111000,23,23,True,-6467583/16777216,1/8388608,1/8388608,True,6467585/16777216,True,True,all_integer_control,post_freeze_evaluator,0
2745,00000000000101010111001,23,23,True,1921025/16777216,1/8388608,1/8388608,True,1921027/16777216,True,True,all_integer_control|arbitrary_decidable_modular,post_freeze_evaluator,0
2746,00000000000101010111010,23,23,True,-2273279/16777216,1/8388608,1/8388608,True,2273281/16777216,True,True,all_integer_control|matched_density_hash|arbitrary_decidable_modular,post_freeze_evaluator,0
2747,00000000000101010111011,23,23,True,6115329/16777216,1/8388608,1/8388608,True,6115331/16777216,True,True,all_integer_control|matched_density_hash,post_freeze_evaluator,0
2748,00000000000101010111100,23,23,True,-4370431/16777216,1/8388608,1/8388608,True,4370433/16777216,True,True,all_integer_control|matched_density_hash|arbitrary_decidable_modular,post_freeze_evaluator,0
2749,00000000000101010111101,23,23,True,4018177/16777216,1/8388608,1/8388608,True,4018179/16777216,True,True,prime_evaluator|all_integer_control,post_freeze_evaluator,0
2750,00000000000101010111110,23,23,True,-176127/16777216,1/8388608,1/8388608,True,176129/16777216,True,True,all_integer_control,post_freeze_evaluator,0
2751,00000000000101010111111,23,23,True,8212481/16777216,1/8388608,1/8388608,True,8212483/16777216,True,True,all_integer_control,post_freeze_evaluator,0
2752,00000000000101011000000,23,23,True,-8171519/16777216,1/8388608,1/8388608,True,8171521/16777216,True,True,all_integer_control|matched_density_hash|arbitrary_decidable_modular,post_freeze_evaluator,0
2753,00000000000101011000001,23,23,True,217089/16777216,1/8388608,1/8388608,True,217091/16777216,True,True,prime_evaluator|all_integer_control|arbitrary_decidable_modular,post_freeze_evaluator,0
2754,00000000000101011000010,23,23,True,-3977215/16777216,1/8388608,1/8388608,True,3977217/16777216,True,True,all_integer_control,post_freeze_evaluator,0
2755,00000000000101011000011,23,23,True,4411393/16777216,1/8388608,1/8388608,True,4411395/16777216,True,True,all_integer_control|arbitrary_decidable_modular,post_freeze_evaluator,0
2756,00000000000101011000100,23,23,True,-6074367/16777216,1/8388608,1/8388608,True,6074369/16777216,True,True,all_integer_control,post_freeze_evaluator,0
2757,00000000000101011000101,23,23,True,2314241/16777216,1/8388608,1/8388608,True,2314243/16777216,True,True,all_integer_control,post_freeze_evaluator,0
2758,00000000000101011000110,23,23,True,-1880063/16777216,1/8388608,1/8388608,True,1880065/16777216,True,True,all_integer_control,post_freeze_evaluator,0
2759,00000000000101011000111,23,23,True,6508545/16777216,1/8388608,1/8388608,True,6508547/16777216,True,True,all_integer_control|matched_density_seeded_random|arbitrary_decidable_modular,post_freeze_evaluator,0
2760,00000000000101011001000,23,23,True,-7122943/16777216,1/8388608,1/8388608,True,7122945/16777216,True,True,all_integer_control|arbitrary_decidable_modular,post_freeze_evaluator,0
2761,00000000000101011001001,23,23,True,1265665/16777216,1/8388608,1/8388608,True,1265667/16777216,True,True,all_integer_control,post_freeze_evaluator,0
2762,00000000000101011001010,23,23,True,-2928639/16777216,1/8388608,1/8388608,True,2928641/16777216,True,True,all_integer_control|arbitrary_decidable_modular,post_freeze_evaluator,0
2763,00000000000101011001011,23,23,True,5459969/16777216,1/8388608,1/8388608,True,5459971/16777216,True,True,all_integer_control,post_freeze_evaluator,0
2764,00000000000101011001100,23,23,True,-5025791/16777216,1/8388608,1/8388608,True,5025793/16777216,True,True,all_integer_control|matched_density_hash,post_freeze_evaluator,0
2765,00000000000101011001101,23,23,True,3362817/16777216,1/8388608,1/8388608,True,3362819/16777216,True,True,all_integer_control|matched_density_hash,post_freeze_evaluator,0
2766,00000000000101011001110,23,23,True,-831487/16777216,1/8388608,1/8388608,True,831489/16777216,True,True,all_integer_control|arbitrary_decidable_modular,post_freeze_evaluator,0
2767,00000000000101011001111,23,23,True,7557121/16777216,1/8388608,1/8388608,True,7557123/16777216,True,True,prime_evaluator|all_integer_control|arbitrary_decidable_modular,post_freeze_evaluator,0
2768,00000000000101011010000,23,23,True,-7647231/16777216,1/8388608,1/8388608,True,7647233/16777216,True,True,all_integer_control,post_freeze_evaluator,0
2769,00000000000101011010001,23,23,True,741377/16777216,1/8388608,1/8388608,True,741379/16777216,True,True,all_integer_control|arbitrary_decidable_modular,post_freeze_evaluator,0
2770,00000000000101011010010,23,23,True,-3452927/16777216,1/8388608,1/8388608,True,3452929/16777216,True,True,all_integer_control,post_freeze_evaluator,0
2771,00000000000101011010011,23,23,True,4935681/16777216,1/8388608,1/8388608,True,4935683/16777216,True,True,all_integer_control|matched_density_seeded_random,post_freeze_evaluator,0
2772,00000000000101011010100,23,23,True,-5550079/16777216,1/8388608,1/8388608,True,5550081/16777216,True,True,all_integer_control,post_freeze_evaluator,0
2773,00000000000101011010101,23,23,True,2838529/16777216,1/8388608,1/8388608,True,2838531/16777216,True,True,all_integer_control|arbitrary_decidable_modular,post_freeze_evaluator,0
2774,00000000000101011010110,23,23,True,-1355775/16777216,1/8388608,1/8388608,True,1355777/16777216,True,True,all_integer_control|arbitrary_decidable_modular,post_freeze_evaluator,0
2775,00000000000101011010111,23,23,True,7032833/16777216,1/8388608,1/8388608,True,7032835/16777216,True,True,all_integer_control,post_freeze_evaluator,0
2776,00000000000101011011000,23,23,True,-6598655/16777216,1/8388608,1/8388608,True,6598657/16777216,True,True,all_integer_control|arbitrary_decidable_modular,post_freeze_evaluator,0
2777,00000000000101011011001,23,23,True,1789953/16777216,1/8388608,1/8388608,True,1789955/16777216,True,True,prime_evaluator|all_integer_control|matched_density_hash,post_freeze_evaluator,0
2778,00000000000101011011010,23,23,True,-2404351/16777216,1/8388608,1/8388608,True,2404353/16777216,True,True,all_integer_control,post_freeze_evaluator,0
2779,00000000000101011011011,23,23,True,5984257/16777216,1/8388608,1/8388608,True,5984259/16777216,True,True,all_integer_control,post_freeze_evaluator,0
2780,00000000000101011011100,23,23,True,-4501503/16777216,1/8388608,1/8388608,True,4501505/16777216,True,True,all_integer_control|arbitrary_decidable_modular,post_freeze_evaluator,0
2781,00000000000101011011101,23,23,True,3887105/16777216,1/8388608,1/8388608,True,3887107/16777216,True,True,all_integer_control|matched_density_seeded_random|arbitrary_decidable_modular,post_freeze_evaluator,0
2782,00000000000101011011110,23,23,True,-307199/16777216,1/8388608,1/8388608,True,307201/16777216,True,True,all_integer_control,post_freeze_evaluator,0
2783,00000000000101011011111,23,23,True,8081409/16777216,1/8388608,1/8388608,True,8081411/16777216,True,True,all_integer_control|arbitrary_decidable_modular,post_freeze_evaluator,0
2784,00000000000101011100000,23,23,True,-7909375/16777216,1/8388608,1/8388608,True,7909377/16777216,True,True,all_integer_control,post_freeze_evaluator,0
2785,00000000000101011100001,23,23,True,479233/16777216,1/8388608,1/8388608,True,479235/16777216,True,True,all_integer_control,post_freeze_evaluator,0
2786,00000000000101011100010,23,23,True,-3715071/16777216,1/8388608,1/8388608,True,3715073/16777216,True,True,all_integer_control,post_freeze_evaluator,0
2787,00000000000101011100011,23,23,True,4673537/16777216,1/8388608,1/8388608,True,4673539/16777216,True,True,all_integer_control|arbitrary_decidable_modular,post_freeze_evaluator,0
2788,00000000000101011100100,23,23,True,-5812223/16777216,1/8388608,1/8388608,True,5812225/16777216,True,True,all_integer_control|matched_density_hash|arbitrary_decidable_modular,post_freeze_evaluator,0
2789,00000000000101011100101,23,23,True,2576385/16777216,1/8388608,1/8388608,True,2576387/16777216,True,True,prime_evaluator|all_integer_control,post_freeze_evaluator,0
2790,00000000000101011100110,23,23,True,-1617919/16777216,1/8388608,1/8388608,True,1617921/16777216,True,True,all_integer_control|arbitrary_decidable_modular,post_freeze_evaluator,0
2791,00000000000101011100111,23,23,True,6770689/16777216,1/8388608,1/8388608,True,6770691/16777216,True,True,prime_evaluator|all_integer_control,post_freeze_evaluator,0
2792,00000000000101011101000,23,23,True,-6860799/16777216,1/8388608,1/8388608,True,6860801/16777216,True,True,all_integer_control,post_freeze_evaluator,0
2793,00000000000101011101001,23,23,True,1527809/16777216,1/8388608,1/8388608,True,1527811/16777216,True,True,all_integer_control,post_freeze_evaluator,0
2794,00000000000101011101010,23,23,True,-2666495/16777216,1/8388608,1/8388608,True,2666497/16777216,True,True,all_integer_control|arbitrary_decidable_modular,post_freeze_evaluator,0
2795,00000000000101011101011,23,23,True,5722113/16777216,1/8388608,1/8388608,True,5722115/16777216,True,True,all_integer_control|arbitrary_decidable_modular,post_freeze_evaluator,0
2796,00000000000101011101100,23,23,True,-4763647/16777216,1/8388608,1/8388608,True,4763649/16777216,True,True,all_integer_control,post_freeze_evaluator,0
2797,00000000000101011101101,23,23,True,3624961/16777216,1/8388608,1/8388608,True,3624963/16777216,True,True,prime_evaluator|all_integer_control|arbitrary_decidable_modular,post_freeze_evaluator,0
2798,00000000000101011101110,23,23,True,-569343/16777216,1/8388608,1/8388608,True,569345/16777216,True,True,all_integer_control,post_freeze_evaluator,0
2799,00000000000101011101111,23,23,True,7819265/16777216,1/8388608,1/8388608,True,7819267/16777216,True,True,all_integer_control,post_freeze_evaluator,0
2800,00000000000101011110000,23,23,True,-7385087/16777216,1/8388608,1/8388608,True,7385089/16777216,True,True,all_integer_control,post_freeze_evaluator,0
2801,00000000000101011110001,23,23,True,1003521/16777216,1/8388608,1/8388608,True,1003523/16777216,True,True,prime_evaluator|all_integer_control|arbitrary_decidable_modular,post_freeze_evaluator,0
2802,00000000000101011110010,23,23,True,-3190783/16777216,1/8388608,1/8388608,True,3190785/16777216,True,True,all_integer_control|arbitrary_decidable_modular,post_freeze_evaluator,0
2803,00000000000101011110011,23,23,True,5197825/16777216,1/8388608,1/8388608,True,5197827/16777216,True,True,prime_evaluator|all_integer_control,post_freeze_evaluator,0
2804,00000000000101011110100,23,23,True,-5287935/16777216,1/8388608,1/8388608,True,5287937/16777216,True,True,all_integer_control|arbitrary_decidable_modular,post_freeze_evaluator,0
2805,00000000000101011110101,23,23,True,3100673/16777216,1/8388608,1/8388608,True,3100675/16777216,True,True,all_integer_control,post_freeze_evaluator,0
2806,00000000000101011110110,23,23,True,-1093631/16777216,1/8388608,1/8388608,True,1093633/16777216,True,True,all_integer_control,post_freeze_evaluator,0
2807,00000000000101011110111,23,23,True,7294977/16777216,1/8388608,1/8388608,True,7294979/16777216,True,True,all_integer_control,post_freeze_evaluator,0
2808,00000000000101011111000,23,23,True,-6336511/16777216,1/8388608,1/8388608,True,6336513/16777216,True,True,all_integer_control|arbitrary_decidable_modular,post_freeze_evaluator,0
2809,00000000000101011111001,23,23,True,2052097/16777216,1/8388608,1/8388608,True,2052099/16777216,True,True,square_control|all_integer_control|matched_density_hash|arbitrary_decidable_modular,post_freeze_evaluator,0
2810,00000000000101011111010,23,23,True,-2142207/16777216,1/8388608,1/8388608,True,2142209/16777216,True,True,all_integer_control,post_freeze_evaluator,0
2811,00000000000101011111011,23,23,True,6246401/16777216,1/8388608,1/8388608,True,6246403/16777216,True,True,all_integer_control|arbitrary_decidable_modular,post_freeze_evaluator,0
2812,00000000000101011111100,23,23,True,-4239359/16777216,1/8388608,1/8388608,True,4239361/16777216,True,True,all_integer_control,post_freeze_evaluator,0
2813,00000000000101011111101,23,23,True,4149249/16777216,1/8388608,1/8388608,True,4149251/16777216,True,True,all_integer_control,post_freeze_evaluator,0
2814,00000000000101011111110,23,23,True,-45055/16777216,1/8388608,1/8388608,True,45057/16777216,True,True,all_integer_control,post_freeze_evaluator,0
2815,00000000000101011111111,23,23,True,8343553/16777216,1/8388608,1/8388608,True,8343555/16777216,True,True,all_integer_control|arbitrary_decidable_modular,post_freeze_evaluator,0
2816,00000000000101100000000,23,23,True,-8335359/16777216,1/8388608,1/8388608,True,8335361/16777216,True,True,all_integer_control|arbitrary_decidable_modular,post_freeze_evaluator,0
2817,00000000000101100000001,23,23,True,53249/16777216,1/8388608,1/8388608,True,53251/16777216,True,True,all_integer_control,post_freeze_evaluator,0
2818,00000000000101100000010,23,23,True,-4141055/16777216,1/8388608,1/8388608,True,4141057/16777216,True,True,all_integer_control|arbitrary_decidable_modular,post_freeze_evaluator,0
2819,00000000000101100000011,23,23,True,4247553/16777216,1/8388608,1/8388608,True,4247555/16777216,True,True,prime_evaluator|all_integer_control,post_freeze_evaluator,0
2820,00000000000101100000100,23,23,True,-6238207/16777216,1/8388608,1/8388608,True,6238209/16777216,True,True,all_integer_control|matched_density_seeded_random,post_freeze_evaluator,0
2821,00000000000101100000101,23,23,True,2150401/16777216,1/8388608,1/8388608,True,2150403/16777216,True,True,all_integer_control,post_freeze_evaluator,0
2822,00000000000101100000110,23,23,True,-2043903/16777216,1/8388608,1/8388608,True,2043905/16777216,True,True,all_integer_control|arbitrary_decidable_modular,post_freeze_evaluator,0
2823,00000000000101100000111,23,23,True,6344705/16777216,1/8388608,1/8388608,True,6344707/16777216,True,True,all_integer_control|matched_density_seeded_random|arbitrary_decidable_modular,post_freeze_evaluator,0
2824,00000000000101100001000,23,23,True,-7286783/16777216,1/8388608,1/8388608,True,7286785/16777216,True,True,all_integer_control|matched_density_seeded_random,post_freeze_evaluator,0
2825,00000000000101100001001,23,23,True,1101825/16777216,1/8388608,1/8388608,True,1101827/16777216,True,True,all_integer_control|arbitrary_decidable_modular,post_freeze_evaluator,0
2826,00000000000101100001010,23,23,True,-3092479/16777216,1/8388608,1/8388608,True,3092481/16777216,True,True,all_integer_control,post_freeze_evaluator,0
2827,00000000000101100001011,23,23,True,5296129/16777216,1/8388608,1/8388608,True,5296131/16777216,True,True,all_integer_control,post_freeze_evaluator,0
2828,00000000000101100001100,23,23,True,-5189631/16777216,1/8388608,1/8388608,True,5189633/16777216,True,True,all_integer_control|matched_density_hash,post_freeze_evaluator,0
2829,00000000000101100001101,23,23,True,3198977/16777216,1/8388608,1/8388608,True,3198979/16777216,True,True,all_integer_control|arbitrary_decidable_modular,post_freeze_evaluator,0
2830,00000000000101100001110,23,23,True,-995327/16777216,1/8388608,1/8388608,True,995329/16777216,True,True,all_integer_control|arbitrary_decidable_modular,post_freeze_evaluator,0
2831,00000000000101100001111,23,23,True,7393281/16777216,1/8388608,1/8388608,True,7393283/16777216,True,True,all_integer_control,post_freeze_evaluator,0
2832,00000000000101100010000,23,23,True,-7811071/16777216,1/8388608,1/8388608,True,7811073/16777216,True,True,all_integer_control|arbitrary_decidable_modular,post_freeze_evaluator,0
2833,00000000000101100010001,23,23,True,577537/16777216,1/8388608,1/8388608,True,577539/16777216,True,True,prime_evaluator|all_integer_control|matched_density_seeded_random,post_freeze_evaluator,0
2834,00000000000101100010010,23,23,True,-3616767/16777216,1/8388608,1/8388608,True,3616769/16777216,True,True,all_integer_control,post_freeze_evaluator,0
2835,00000000000101100010011,23,23,True,4771841/16777216,1/8388608,1/8388608,True,4771843/16777216,True,True,all_integer_control|matched_density_hash,post_freeze_evaluator,0
2836,00000000000101100010100,23,23,True,-5713919/16777216,1/8388608,1/8388608,True,5713921/16777216,True,True,all_integer_control|matched_density_hash|arbitrary_decidable_modular,post_freeze_evaluator,0
2837,00000000000101100010101,23,23,True,2674689/16777216,1/8388608,1/8388608,True,2674691/16777216,True,True,prime_evaluator|all_integer_control|arbitrary_decidable_modular,post_freeze_evaluator,0
2838,00000000000101100010110,23,23,True,-1519615/16777216,1/8388608,1/8388608,True,1519617/16777216,True,True,all_integer_control|matched_density_seeded_random|matched_density_hash,post_freeze_evaluator,0
2839,00000000000101100010111,23,23,True,6868993/16777216,1/8388608,1/8388608,True,6868995/16777216,True,True,all_integer_control|matched_density_hash|arbitrary_decidable_modular,post_freeze_evaluator,0
2840,00000000000101100011000,23,23,True,-6762495/16777216,1/8388608,1/8388608,True,6762497/16777216,True,True,all_integer_control,post_freeze_evaluator,0
2841,00000000000101100011001,23,23,True,1626113/16777216,1/8388608,1/8388608,True,1626115/16777216,True,True,all_integer_control,post_freeze_evaluator,0
2842,00000000000101100011010,23,23,True,-2568191/16777216,1/8388608,1/8388608,True,2568193/16777216,True,True,all_integer_control,post_freeze_evaluator,0
2843,00000000000101100011011,23,23,True,5820417/16777216,1/8388608,1/8388608,True,5820419/16777216,True,True,prime_evaluator|all_integer_control|arbitrary_decidable_modular,post_freeze_evaluator,0
2844,00000000000101100011100,23,23,True,-4665343/16777216,1/8388608,1/8388608,True,4665345/16777216,True,True,all_integer_control|arbitrary_decidable_modular,post_freeze_evaluator,0
2845,00000000000101100011101,23,23,True,3723265/16777216,1/8388608,1/8388608,True,3723267/16777216,True,True,all_integer_control,post_freeze_evaluator,0
2846,00000000000101100011110,23,23,True,-471039/16777216,1/8388608,1/8388608,True,471041/16777216,True,True,all_integer_control|arbitrary_decidable_modular,post_freeze_evaluator,0
2847,00000000000101100011111,23,23,True,7917569/16777216,1/8388608,1/8388608,True,7917571/16777216,True,True,all_integer_control|matched_density_seeded_random,post_freeze_evaluator,0
2848,00000000000101100100000,23,23,True,-8073215/16777216,1/8388608,1/8388608,True,8073217/16777216,True,True,all_integer_control,post_freeze_evaluator,0
2849,00000000000101100100001,23,23,True,315393/16777216,1/8388608,1/8388608,True,315395/16777216,True,True,all_integer_control|matched_density_seeded_random,post_freeze_evaluator,0
2850,00000000000101100100010,23,23,True,-3878911/16777216,1/8388608,1/8388608,True,3878913/16777216,True,True,all_integer_control|matched_density_seeded_random|arbitrary_decidable_modular,post_freeze_evaluator,0
2851,00000000000101100100011,23,23,True,4509697/16777216,1/8388608,1/8388608,True,4509699/16777216,True,True,prime_evaluator|all_integer_control|arbitrary_decidable_modular,post_freeze_evaluator,0
2852,00000000000101100100100,23,23,True,-5976063/16777216,1/8388608,1/8388608,True,5976065/16777216,True,True,all_integer_control|matched_density_seeded_random,post_freeze_evaluator,0
2853,00000000000101100100101,23,23,True,2412545/16777216,1/8388608,1/8388608,True,2412547/16777216,True,True,all_integer_control|matched_density_seeded_random|arbitrary_decidable_modular,post_freeze_evaluator,0
2854,00000000000101100100110,23,23,True,-1781759/16777216,1/8388608,1/8388608,True,1781761/16777216,True,True,all_integer_control|matched_density_seeded_random|matched_density_hash,post_freeze_evaluator,0
2855,00000000000101100100111,23,23,True,6606849/16777216,1/8388608,1/8388608,True,6606851/16777216,True,True,all_integer_control,post_freeze_evaluator,0
2856,00000000000101100101000,23,23,True,-7024639/16777216,1/8388608,1/8388608,True,7024641/16777216,True,True,all_integer_control|matched_density_hash,post_freeze_evaluator,0
2857,00000000000101100101001,23,23,True,1363969/16777216,1/8388608,1/8388608,True,1363971/16777216,True,True,prime_evaluator|all_integer_control|matched_density_hash|arbitrary_decidable_modular,post_freeze_evaluator,0
2858,00000000000101100101010,23,23,True,-2830335/16777216,1/8388608,1/8388608,True,2830337/16777216,True,True,all_integer_control|arbitrary_decidable_modular,post_freeze_evaluator,0
2859,00000000000101100101011,23,23,True,5558273/16777216,1/8388608,1/8388608,True,5558275/16777216,True,True,all_integer_control,post_freeze_evaluator,0
2860,00000000000101100101100,23,23,True,-4927487/16777216,1/8388608,1/8388608,True,4927489/16777216,True,True,all_integer_control|matched_density_hash|arbitrary_decidable_modular,post_freeze_evaluator,0
2861,00000000000101100101101,23,23,True,3461121/16777216,1/8388608,1/8388608,True,3461123/16777216,True,True,prime_evaluator|all_integer_control,post_freeze_evaluator,0
2862,00000000000101100101110,23,23,True,-733183/16777216,1/8388608,1/8388608,True,733185/16777216,True,True,all_integer_control|matched_density_seeded_random,post_freeze_evaluator,0
2863,00000000000101100101111,23,23,True,7655425/16777216,1/8388608,1/8388608,True,7655427/16777216,True,True,all_integer_control,post_freeze_evaluator,0
2864,00000000000101100110000,23,23,True,-7548927/16777216,1/8388608,1/8388608,True,7548929/16777216,True,True,all_integer_control|arbitrary_decidable_modular,post_freeze_evaluator,0
2865,00000000000101100110001,23,23,True,839681/16777216,1/8388608,1/8388608,True,839683/16777216,True,True,all_integer_control|arbitrary_decidable_modular,post_freeze_evaluator,0
2866,00000000000101100110010,23,23,True,-3354623/16777216,1/8388608,1/8388608,True,3354625/16777216,True,True,all_integer_control,post_freeze_evaluator,0
2867,00000000000101100110011,23,23,True,5033985/16777216,1/8388608,1/8388608,True,5033987/16777216,True,True,all_integer_control|matched_density_hash|arbitrary_decidable_modular,post_freeze_evaluator,0
2868,00000000000101100110100,23,23,True,-5451775/16777216,1/8388608,1/8388608,True,5451777/16777216,True,True,all_integer_control,post_freeze_evaluator,0
2869,00000000000101100110101,23,23,True,2936833/16777216,1/8388608,1/8388608,True,2936835/16777216,True,True,all_integer_control|matched_density_seeded_random,post_freeze_evaluator,0
2870,00000000000101100110110,23,23,True,-1257471/16777216,1/8388608,1/8388608,True,1257473/16777216,True,True,all_integer_control|matched_density_seeded_random,post_freeze_evaluator,0
2871,00000000000101100110111,23,23,True,7131137/16777216,1/8388608,1/8388608,True,7131139/16777216,True,True,all_integer_control|arbitrary_decidable_modular,post_freeze_evaluator,0
2872,00000000000101100111000,23,23,True,-6500351/16777216,1/8388608,1/8388608,True,6500353/16777216,True,True,all_integer_control|matched_density_seeded_random|arbitrary_decidable_modular,post_freeze_evaluator,0
2873,00000000000101100111001,23,23,True,1888257/16777216,1/8388608,1/8388608,True,1888259/16777216,True,True,all_integer_control|matched_density_seeded_random,post_freeze_evaluator,0
2874,00000000000101100111010,23,23,True,-2306047/16777216,1/8388608,1/8388608,True,2306049/16777216,True,True,all_integer_control|arbitrary_decidable_modular,post_freeze_evaluator,0
2875,00000000000101100111011,23,23,True,6082561/16777216,1/8388608,1/8388608,True,6082563/16777216,True,True,all_integer_control,post_freeze_evaluator,0
2876,00000000000101100111100,23,23,True,-4403199/16777216,1/8388608,1/8388608,True,4403201/16777216,True,True,all_integer_control,post_freeze_evaluator,0
2877,00000000000101100111101,23,23,True,3985409/16777216,1/8388608,1/8388608,True,3985411/16777216,True,True,all_integer_control|matched_density_seeded_random,post_freeze_evaluator,0
2878,00000000000101100111110,23,23,True,-208895/16777216,1/8388608,1/8388608,True,208897/16777216,True,True,all_integer_control|arbitrary_decidable_modular,post_freeze_evaluator,0
2879,00000000000101100111111,23,23,True,8179713/16777216,1/8388608,1/8388608,True,8179715/16777216,True,True,prime_evaluator|all_integer_control|arbitrary_decidable_modular,post_freeze_evaluator,0
2880,00000000000101101000000,23,23,True,-8204287/16777216,1/8388608,1/8388608,True,8204289/16777216,True,True,all_integer_control,post_freeze_evaluator,0
2881,00000000000101101000001,23,23,True,184321/16777216,1/8388608,1/8388608,True,184323/16777216,True,True,all_integer_control|arbitrary_decidable_modular,post_freeze_evaluator,0
2882,00000000000101101000010,23,23,True,-4009983/16777216,1/8388608,1/8388608,True,4009985/16777216,True,True,all_integer_control|matched_density_hash,post_freeze_evaluator,0
2883,00000000000101101000011,23,23,True,4378625/16777216,1/8388608,1/8388608,True,4378627/16777216,True,True,all_integer_control,post_freeze_evaluator,0
2884,00000000000101101000100,23,23,True,-6107135/16777216,1/8388608,1/8388608,True,6107137/16777216,True,True,all_integer_control,post_freeze_evaluator,0
2885,00000000000101101000101,23,23,True,2281473/16777216,1/8388608,1/8388608,True,2281475/16777216,True,True,all_integer_control|matched_density_hash|arbitrary_decidable_modular,post_freeze_evaluator,0
2886,00000000000101101000110,23,23,True,-1912831/16777216,1/8388608,1/8388608,True,1912833/16777216,True,True,all_integer_control|arbitrary_decidable_modular,post_freeze_evaluator,0
2887,00000000000101101000111,23,23,True,6475777/16777216,1/8388608,1/8388608,True,6475779/16777216,True,True,prime_evaluator|all_integer_control,post_freeze_evaluator,0
2888,00000000000101101001000,23,23,True,-7155711/16777216,1/8388608,1/8388608,True,7155713/16777216,True,True,all_integer_control|arbitrary_decidable_modular,post_freeze_evaluator,0
2889,00000000000101101001001,23,23,True,1232897/16777216,1/8388608,1/8388608,True,1232899/16777216,True,True,all_integer_control,post_freeze_evaluator,0
2890,00000000000101101001010,23,23,True,-2961407/16777216,1/8388608,1/8388608,True,2961409/16777216,True,True,all_integer_control,post_freeze_evaluator,0
2891,00000000000101101001011,23,23,True,5427201/16777216,1/8388608,1/8388608,True,5427203/16777216,True,True,all_integer_control,post_freeze_evaluator,0
2892,00000000000101101001100,23,23,True,-5058559/16777216,1/8388608,1/8388608,True,5058561/16777216,True,True,all_integer_control|arbitrary_decidable_modular,post_freeze_evaluator,0
2893,00000000000101101001101,23,23,True,3330049/16777216,1/8388608,1/8388608,True,3330051/16777216,True,True,all_integer_control|matched_density_hash|arbitrary_decidable_modular,post_freeze_evaluator,0
2894,00000000000101101001110,23,23,True,-864255/16777216,1/8388608,1/8388608,True,864257/16777216,True,True,all_integer_control,post_freeze_evaluator,0
2895,00000000000101101001111,23,23,True,7524353/16777216,1/8388608,1/8388608,True,7524355/16777216,True,True,all_integer_control|arbitrary_decidable_modular,post_freeze_evaluator,0
2896,00000000000101101010000,23,23,True,-7679999/16777216,1/8388608,1/8388608,True,7680001/16777216,True,True,all_integer_control,post_freeze_evaluator,0
2897,00000000000101101010001,23,23,True,708609/16777216,1/8388608,1/8388608,True,708611/16777216,True,True,prime_evaluator|all_integer_control|matched_density_seeded_random,post_freeze_evaluator,0
2898,00000000000101101010010,23,23,True,-3485695/16777216,1/8388608,1/8388608,True,3485697/16777216,True,True,all_integer_control,post_freeze_evaluator,0
2899,00000000000101101010011,23,23,True,4902913/16777216,1/8388608,1/8388608,True,4902915/16777216,True,True,all_integer_control|arbitrary_decidable_modular,post_freeze_evaluator,0
2900,00000000000101101010100,23,23,True,-5582847/16777216,1/8388608,1/8388608,True,5582849/16777216,True,True,all_integer_control|arbitrary_decidable_modular,post_freeze_evaluator,0
2901,00000000000101101010101,23,23,True,2805761/16777216,1/8388608,1/8388608,True,2805763/16777216,True,True,all_integer_control|matched_density_hash,post_freeze_evaluator,0
2902,00000000000101101010110,23,23,True,-1388543/16777216,1/8388608,1/8388608,True,1388545/16777216,True,True,all_integer_control|arbitrary_decidable_modular,post_freeze_evaluator,0
2903,00000000000101101010111,23,23,True,7000065/16777216,1/8388608,1/8388608,True,7000067/16777216,True,True,prime_evaluator|all_integer_control,post_freeze_evaluator,0
2904,00000000000101101011000,23,23,True,-6631423/16777216,1/8388608,1/8388608,True,6631425/16777216,True,True,all_integer_control|matched_density_hash,post_freeze_evaluator,0
2905,00000000000101101011001,23,23,True,1757185/16777216,1/8388608,1/8388608,True,1757187/16777216,True,True,all_integer_control,post_freeze_evaluator,0
2906,00000000000101101011010,23,23,True,-2437119/16777216,1/8388608,1/8388608,True,2437121/16777216,True,True,all_integer_control|arbitrary_decidable_modular,post_freeze_evaluator,0
2907,00000000000101101011011,23,23,True,5951489/16777216,1/8388608,1/8388608,True,5951491/16777216,True,True,all_integer_control|arbitrary_decidable_modular,post_freeze_evaluator,0
2908,00000000000101101011100,23,23,True,-4534271/16777216,1/8388608,1/8388608,True,4534273/16777216,True,True,all_integer_control,post_freeze_evaluator,0
2909,00000000000101101011101,23,23,True,3854337/16777216,1/8388608,1/8388608,True,3854339/16777216,True,True,prime_evaluator|all_integer_control|arbitrary_decidable_modular,post_freeze_evaluator,0
2910,00000000000101101011110,23,23,True,-339967/16777216,1/8388608,1/8388608,True,339969/16777216,True,True,all_integer_control,post_freeze_evaluator,0
2911,00000000000101101011111,23,23,True,8048641/16777216,1/8388608,1/8388608,True,8048643/16777216,True,True,all_integer_control,post_freeze_evaluator,0
2912,00000000000101101100000,23,23,True,-7942143/16777216,1/8388608,1/8388608,True,7942145/16777216,True,True,all_integer_control|matched_density_hash,post_freeze_evaluator,0
2913,00000000000101101100001,23,23,True,446465/16777216,1/8388608,1/8388608,True,446467/16777216,True,True,all_integer_control|arbitrary_decidable_modular,post_freeze_evaluator,0
2914,00000000000101101100010,23,23,True,-3747839/16777216,1/8388608,1/8388608,True,3747841/16777216,True,True,all_integer_control|arbitrary_decidable_modular,post_freeze_evaluator,0
2915,00000000000101101100011,23,23,True,4640769/16777216,1/8388608,1/8388608,True,4640771/16777216,True,True,all_integer_control,post_freeze_evaluator,0
2916,00000000000101101100100,23,23,True,-5844991/16777216,1/8388608,1/8388608,True,5844993/16777216,True,True,square_control|all_integer_control|arbitrary_decidable_modular,post_freeze_evaluator,0
2917,00000000000101101100101,23,23,True,2543617/16777216,1/8388608,1/8388608,True,2543619/16777216,True,True,prime_evaluator|all_integer_control|matched_density_hash,post_freeze_evaluator,0
2918,00000000000101101100110,23,23,True,-1650687/16777216,1/8388608,1/8388608,True,1650689/16777216,True,True,all_integer_control,post_freeze_evaluator,0
2919,00000000000101101100111,23,23,True,6737921/16777216,1/8388608,1/8388608,True,6737923/16777216,True,True,all_integer_control|matched_density_seeded_random,post_freeze_evaluator,0
2920,00000000000101101101000,23,23,True,-6893567/16777216,1/8388608,1/8388608,True,6893569/16777216,True,True,all_integer_control|arbitrary_decidable_modular,post_freeze_evaluator,0
2921,00000000000101101101001,23,23,True,1495041/16777216,1/8388608,1/8388608,True,1495043/16777216,True,True,all_integer_control|arbitrary_decidable_modular,post_freeze_evaluator,0
2922,00000000000101101101010,23,23,True,-2699263/16777216,1/8388608,1/8388608,True,2699265/16777216,True,True,all_integer_control,post_freeze_evaluator,0
2923,00000000000101101101011,23,23,True,5689345/16777216,1/8388608,1/8388608,True,5689347/16777216,True,True,all_integer_control|arbitrary_decidable_modular,post_freeze_evaluator,0
2924,00000000000101101101100,23,23,True,-4796415/16777216,1/8388608,1/8388608,True,4796417/16777216,True,True,all_integer_control|matched_density_hash,post_freeze_evaluator,0
2925,00000000000101101101101,23,23,True,3592193/16777216,1/8388608,1/8388608,True,3592195/16777216,True,True,all_integer_control,post_freeze_evaluator,0
2926,00000000000101101101110,23,23,True,-602111/16777216,1/8388608,1/8388608,True,602113/16777216,True,True,all_integer_control,post_freeze_evaluator,0
2927,00000000000101101101111,23,23,True,7786497/16777216,1/8388608,1/8388608,True,7786499/16777216,True,True,prime_evaluator|all_integer_control|arbitrary_decidable_modular,post_freeze_evaluator,0
2928,00000000000101101110000,23,23,True,-7417855/16777216,1/8388608,1/8388608,True,7417857/16777216,True,True,all_integer_control|arbitrary_decidable_modular,post_freeze_evaluator,0
2929,00000000000101101110001,23,23,True,970753/16777216,1/8388608,1/8388608,True,970755/16777216,True,True,all_integer_control,post_freeze_evaluator,0
2930,00000000000101101110010,23,23,True,-3223551/16777216,1/8388608,1/8388608,True,3223553/16777216,True,True,all_integer_control|arbitrary_decidable_modular,post_freeze_evaluator,0
2931,00000000000101101110011,23,23,True,5165057/16777216,1/8388608,1/8388608,True,5165059/16777216,True,True,all_integer_control,post_freeze_evaluator,0
2932,00000000000101101110100,23,23,True,-5320703/16777216,1/8388608,1/8388608,True,5320705/16777216,True,True,all_integer_control,post_freeze_evaluator,0
2933,00000000000101101110101,23,23,True,3067905/16777216,1/8388608,1/8388608,True,3067907/16777216,True,True,all_integer_control|matched_density_seeded_random,post_freeze_evaluator,0
2934,00000000000101101110110,23,23,True,-1126399/16777216,1/8388608,1/8388608,True,1126401/16777216,True,True,all_integer_control|arbitrary_decidable_modular,post_freeze_evaluator,0
2935,00000000000101101110111,23,23,True,7262209/16777216,1/8388608,1/8388608,True,7262211/16777216,True,True,all_integer_control|arbitrary_decidable_modular,post_freeze_evaluator,0
2936,00000000000101101111000,23,23,True,-6369279/16777216,1/8388608,1/8388608,True,6369281/16777216,True,True,all_integer_control,post_freeze_evaluator,0
2937,00000000000101101111001,23,23,True,2019329/16777216,1/8388608,1/8388608,True,2019331/16777216,True,True,all_integer_control|arbitrary_decidable_modular,post_freeze_evaluator,0
2938,00000000000101101111010,23,23,True,-2174975/16777216,1/8388608,1/8388608,True,2174977/16777216,True,True,all_integer_control,post_freeze_evaluator,0
2939,00000000000101101111011,23,23,True,6213633/16777216,1/8388608,1/8388608,True,6213635/16777216,True,True,prime_evaluator|all_integer_control,post_freeze_evaluator,0
2940,00000000000101101111100,23,23,True,-4272127/16777216,1/8388608,1/8388608,True,4272129/16777216,True,True,all_integer_control,post_freeze_evaluator,0
2941,00000000000101101111101,23,23,True,4116481/16777216,1/8388608,1/8388608,True,4116483/16777216,True,True,all_integer_control|matched_density_hash|arbitrary_decidable_modular,post_freeze_evaluator,0
2942,00000000000101101111110,23,23,True,-77823/16777216,1/8388608,1/8388608,True,77825/16777216,True,True,all_integer_control|arbitrary_decidable_modular,post_freeze_evaluator,0
2943,00000000000101101111111,23,23,True,8310785/16777216,1/8388608,1/8388608,True,8310787/16777216,True,True,all_integer_control,post_freeze_evaluator,0
2944,00000000000101110000000,23,23,True,-8269823/16777216,1/8388608,1/8388608,True,8269825/16777216,True,True,all_integer_control|arbitrary_decidable_modular,post_freeze_evaluator,0
2945,00000000000101110000001,23,23,True,118785/16777216,1/8388608,1/8388608,True,118787/16777216,True,True,all_integer_control,post_freeze_evaluator,0
2946,00000000000101110000010,23,23,True,-4075519/16777216,1/8388608,1/8388608,True,4075521/16777216,True,True,all_integer_control,post_freeze_evaluator,0
2947,00000000000101110000011,23,23,True,4313089/16777216,1/8388608,1/8388608,True,4313091/16777216,True,True,all_integer_control,post_freeze_evaluator,0
2948,00000000000101110000100,23,23,True,-6172671/16777216,1/8388608,1/8388608,True,6172673/16777216,True,True,all_integer_control|arbitrary_decidable_modular,post_freeze_evaluator,0
2949,00000000000101110000101,23,23,True,2215937/16777216,1/8388608,1/8388608,True,2215939/16777216,True,True,all_integer_control|arbitrary_decidable_modular,post_freeze_evaluator,0
2950,00000000000101110000110,23,23,True,-1978367/16777216,1/8388608,1/8388608,True,1978369/16777216,True,True,all_integer_control,post_freeze_evaluator,0
2951,00000000000101110000111,23,23,True,6410241/16777216,1/8388608,1/8388608,True,6410243/16777216,True,True,all_integer_control|arbitrary_decidable_modular,post_freeze_evaluator,0
2952,00000000000101110001000,23,23,True,-7221247/16777216,1/8388608,1/8388608,True,7221249/16777216,True,True,all_integer_control|matched_density_seeded_random,post_freeze_evaluator,0
2953,00000000000101110001001,23,23,True,1167361/16777216,1/8388608,1/8388608,True,1167363/16777216,True,True,prime_evaluator|all_integer_control,post_freeze_evaluator,0
2954,00000000000101110001010,23,23,True,-3026943/16777216,1/8388608,1/8388608,True,3026945/16777216,True,True,all_integer_control,post_freeze_evaluator,0
2955,00000000000101110001011,23,23,True,5361665/16777216,1/8388608,1/8388608,True,5361667/16777216,True,True,all_integer_control|arbitrary_decidable_modular,post_freeze_evaluator,0
2956,00000000000101110001100,23,23,True,-5124095/16777216,1/8388608,1/8388608,True,5124097/16777216,True,True,all_integer_control|matched_density_seeded_random|arbitrary_decidable_modular,post_freeze_evaluator,0
2957,00000000000101110001101,23,23,True,3264513/16777216,1/8388608,1/8388608,True,3264515/16777216,True,True,prime_evaluator|all_integer_control|matched_density_seeded_random,post_freeze_evaluator,0
2958,00000000000101110001110,23,23,True,-929791/16777216,1/8388608,1/8388608,True,929793/16777216,True,True,all_integer_control|arbitrary_decidable_modular,post_freeze_evaluator,0
2959,00000000000101110001111,23,23,True,7458817/16777216,1/8388608,1/8388608,True,7458819/16777216,True,True,all_integer_control|matched_density_hash,post_freeze_evaluator,0
2960,00000000000101110010000,23,23,True,-7745535/16777216,1/8388608,1/8388608,True,7745537/16777216,True,True,all_integer_control,post_freeze_evaluator,0
2961,00000000000101110010001,23,23,True,643073/16777216,1/8388608,1/8388608,True,643075/16777216,True,True,all_integer_control,post_freeze_evaluator,0
2962,00000000000101110010010,23,23,True,-3551231/16777216,1/8388608,1/8388608,True,3551233/16777216,True,True,all_integer_control|arbitrary_decidable_modular,post_freeze_evaluator,0
2963,00000000000101110010011,23,23,True,4837377/16777216,1/8388608,1/8388608,True,4837379/16777216,True,True,prime_evaluator|all_integer_control|arbitrary_decidable_modular,post_freeze_evaluator,0
2964,00000000000101110010100,23,23,True,-5648383/16777216,1/8388608,1/8388608,True,5648385/16777216,True,True,all_integer_control|matched_density_hash,post_freeze_evaluator,0
2965,00000000000101110010101,23,23,True,2740225/16777216,1/8388608,1/8388608,True,2740227/16777216,True,True,all_integer_control|arbitrary_decidable_modular,post_freeze_evaluator,0
2966,00000000000101110010110,23,23,True,-1454079/16777216,1/8388608,1/8388608,True,1454081/16777216,True,True,all_integer_control|matched_density_hash,post_freeze_evaluator,0
2967,00000000000101110010111,23,23,True,6934529/16777216,1/8388608,1/8388608,True,6934531/16777216,True,True,all_integer_control,post_freeze_evaluator,0
2968,00000000000101110011000,23,23,True,-6696959/16777216,1/8388608,1/8388608,True,6696961/16777216,True,True,all_integer_control,post_freeze_evaluator,0
2969,00000000000101110011001,23,23,True,1691649/16777216,1/8388608,1/8388608,True,1691651/16777216,True,True,prime_evaluator|all_integer_control|arbitrary_decidable_modular,post_freeze_evaluator,0
2970,00000000000101110011010,23,23,True,-2502655/16777216,1/8388608,1/8388608,True,2502657/16777216,True,True,all_integer_control|arbitrary_decidable_modular,post_freeze_evaluator,0
2971,00000000000101110011011,23,23,True,5885953/16777216,1/8388608,1/8388608,True,5885955/16777216,True,True,prime_evaluator|all_integer_control,post_freeze_evaluator,0
2972,00000000000101110011100,23,23,True,-4599807/16777216,1/8388608,1/8388608,True,4599809/16777216,True,True,all_integer_control|matched_density_seeded_random|arbitrary_decidable_modular,post_freeze_evaluator,0
2973,00000000000101110011101,23,23,True,3788801/16777216,1/8388608,1/8388608,True,3788803/16777216,True,True,all_integer_control,post_freeze_evaluator,0
2974,00000000000101110011110,23,23,True,-405503/16777216,1/8388608,1/8388608,True,405505/16777216,True,True,all_integer_control,post_freeze_evaluator,0
2975,00000000000101110011111,23,23,True,7983105/16777216,1/8388608,1/8388608,True,7983107/16777216,True,True,all_integer_control,post_freeze_evaluator,0
2976,00000000000101110100000,23,23,True,-8007679/16777216,1/8388608,1/8388608,True,8007681/16777216,True,True,all_integer_control|matched_density_hash|arbitrary_decidable_modular,post_freeze_evaluator,0
2977,00000000000101110100001,23,23,True,380929/16777216,1/8388608,1/8388608,True,380931/16777216,True,True,all_integer_control|arbitrary_decidable_modular,post_freeze_evaluator,0
2978,00000000000101110100010,23,23,True,-3813375/16777216,1/8388608,1/8388608,True,3813377/16777216,True,True,all_integer_control,post_freeze_evaluator,0
2979,00000000000101110100011,23,23,True,4575233/16777216,1/8388608,1/8388608,True,4575235/16777216,True,True,all_integer_control|arbitrary_decidable_modular,post_freeze_evaluator,0
2980,00000000000101110100100,23,23,True,-5910527/16777216,1/8388608,1/8388608,True,5910529/16777216,True,True,all_integer_control,post_freeze_evaluator,0
2981,00000000000101110100101,23,23,True,2478081/16777216,1/8388608,1/8388608,True,2478083/16777216,True,True,all_integer_control,post_freeze_evaluator,0
2982,00000000000101110100110,23,23,True,-1716223/16777216,1/8388608,1/8388608,True,1716225/16777216,True,True,all_integer_control,post_freeze_evaluator,0
2983,00000000000101110100111,23,23,True,6672385/16777216,1/8388608,1/8388608,True,6672387/16777216,True,True,all_integer_control|arbitrary_decidable_modular,post_freeze_evaluator,0
2984,00000000000101110101000,23,23,True,-6959103/16777216,1/8388608,1/8388608,True,6959105/16777216,True,True,all_integer_control|arbitrary_decidable_modular,post_freeze_evaluator,0
2985,00000000000101110101001,23,23,True,1429505/16777216,1/8388608,1/8388608,True,1429507/16777216,True,True,all_integer_control,post_freeze_evaluator,0
2986,00000000000101110101010,23,23,True,-2764799/16777216,1/8388608,1/8388608,True,2764801/16777216,True,True,all_integer_control|arbitrary_decidable_modular,post_freeze_evaluator,0
2987,00000000000101110101011,23,23,True,5623809/16777216,1/8388608,1/8388608,True,5623811/16777216,True,True,all_integer_control|matched_density_hash,post_freeze_evaluator,0
2988,00000000000101110101100,23,23,True,-4861951/16777216,1/8388608,1/8388608,True,4861953/16777216,True,True,all_integer_control,post_freeze_evaluator,0
2989,00000000000101110101101,23,23,True,3526657/16777216,1/8388608,1/8388608,True,3526659/16777216,True,True,all_integer_control|matched_density_seeded_random,post_freeze_evaluator,0
2990,00000000000101110101110,23,23,True,-667647/16777216,1/8388608,1/8388608,True,667649/16777216,True,True,all_integer_control|matched_density_seeded_random|arbitrary_decidable_modular,post_freeze_evaluator,0
2991,00000000000101110101111,23,23,True,7720961/16777216,1/8388608,1/8388608,True,7720963/16777216,True,True,all_integer_control|arbitrary_decidable_modular,post_freeze_evaluator,0
2992,00000000000101110110000,23,23,True,-7483391/16777216,1/8388608,1/8388608,True,7483393/16777216,True,True,all_integer_control,post_freeze_evaluator,0
2993,00000000000101110110001,23,23,True,905217/16777216,1/8388608,1/8388608,True,905219/16777216,True,True,all_integer_control|arbitrary_decidable_modular,post_freeze_evaluator,0
2994,00000000000101110110010,23,23,True,-3289087/16777216,1/8388608,1/8388608,True,3289089/16777216,True,True,all_integer_control|matched_density_hash,post_freeze_evaluator,0
2995,00000000000101110110011,23,23,True,5099521/16777216,1/8388608,1/8388608,True,5099523/16777216,True,True,all_integer_control,post_freeze_evaluator,0
2996,00000000000101110110100,23,23,True,-5386239/16777216,1/8388608,1/8388608,True,5386241/16777216,True,True,all_integer_control|matched_density_hash,post_freeze_evaluator,0
2997,00000000000101110110101,23,23,True,3002369/16777216,1/8388608,1/8388608,True,3002371/16777216,True,True,all_integer_control|arbitrary_decidable_modular,post_freeze_evaluator,0
2998,00000000000101110110110,23,23,True,-1191935/16777216,1/8388608,1/8388608,True,1191937/16777216,True,True,all_integer_control|arbitrary_decidable_modular,post_freeze_evaluator,0
2999,00000000000101110110111,23,23,True,7196673/16777216,1/8388608,1/8388608,True,7196675/16777216,True,True,prime_evaluator|all_integer_control,post_freeze_evaluator,0
3000,00000000000101110111000,23,23,True,-6434815/16777216,1/8388608,1/8388608,True,6434817/16777216,True,True,all_integer_control|arbitrary_decidable_modular,post_freeze_evaluator,0
3001,00000000000101110111001,23,23,True,1953793/16777216,1/8388608,1/8388608,True,1953795/16777216,True,True,prime_evaluator|all_integer_control,post_freeze_evaluator,0
3002,00000000000101110111010,23,23,True,-2240511/16777216,1/8388608,1/8388608,True,2240513/16777216,True,True,all_integer_control,post_freeze_evaluator,0
3003,00000000000101110111011,23,23,True,6148097/16777216,1/8388608,1/8388608,True,6148099/16777216,True,True,all_integer_control,post_freeze_evaluator,0
3004,00000000000101110111100,23,23,True,-4337663/16777216,1/8388608,1/8388608,True,4337665/16777216,True,True,all_integer_control|arbitrary_decidable_modular,post_freeze_evaluator,0
3005,00000000000101110111101,23,23,True,4050945/16777216,1/8388608,1/8388608,True,4050947/16777216,True,True,all_integer_control|arbitrary_decidable_modular,post_freeze_evaluator,0
3006,00000000000101110111110,23,23,True,-143359/16777216,1/8388608,1/8388608,True,143361/16777216,True,True,all_integer_control,post_freeze_evaluator,0
3007,00000000000101110111111,23,23,True,8245249/16777216,1/8388608,1/8388608,True,8245251/16777216,True,True,all_integer_control|arbitrary_decidable_modular,post_freeze_evaluator,0
3008,00000000000101111000000,23,23,True,-8138751/16777216,1/8388608,1/8388608,True,8138753/16777216,True,True,all_integer_control,post_freeze_evaluator,0
3009,00000000000101111000001,23,23,True,249857/16777216,1/8388608,1/8388608,True,249859/16777216,True,True,all_integer_control,post_freeze_evaluator,0
3010,00000000000101111000010,23,23,True,-3944447/16777216,1/8388608,1/8388608,True,3944449/16777216,True,True,all_integer_control|matched_density_seeded_random,post_freeze_evaluator,0
3011,00000000000101111000011,23,23,True,4444161/16777216,1/8388608,1/8388608,True,4444163/16777216,True,True,prime_evaluator|all_integer_control|arbitrary_decidable_modular,post_freeze_evaluator,0
3012,00000000000101111000100,23,23,True,-6041599/16777216,1/8388608,1/8388608,True,6041601/16777216,True,True,all_integer_control|arbitrary_decidable_modular,post_freeze_evaluator,0
3013,00000000000101111000101,23,23,True,2347009/16777216,1/8388608,1/8388608,True,2347011/16777216,True,True,all_integer_control|matched_density_hash,post_freeze_evaluator,0
3014,00000000000101111000110,23,23,True,-1847295/16777216,1/8388608,1/8388608,True,1847297/16777216,True,True,all_integer_control|arbitrary_decidable_modular,post_freeze_evaluator,0
3015,00000000000101111000111,23,23,True,6541313/16777216,1/8388608,1/8388608,True,6541315/16777216,True,True,all_integer_control,post_freeze_evaluator,0
3016,00000000000101111001000,23,23,True,-7090175/16777216,1/8388608,1/8388608,True,7090177/16777216,True,True,all_integer_control,post_freeze_evaluator,0
3017,00000000000101111001001,23,23,True,1298433/16777216,1/8388608,1/8388608,True,1298435/16777216,True,True,all_integer_control|matched_density_hash,post_freeze_evaluator,0
3018,00000000000101111001010,23,23,True,-2895871/16777216,1/8388608,1/8388608,True,2895873/16777216,True,True,all_integer_control|matched_density_hash|arbitrary_decidable_modular,post_freeze_evaluator,0
3019,00000000000101111001011,23,23,True,5492737/16777216,1/8388608,1/8388608,True,5492739/16777216,True,True,prime_evaluator|all_integer_control|arbitrary_decidable_modular,post_freeze_evaluator,0
3020,00000000000101111001100,23,23,True,-4993023/16777216,1/8388608,1/8388608,True,4993025/16777216,True,True,all_integer_control,post_freeze_evaluator,0
3021,00000000000101111001101,23,23,True,3395585/16777216,1/8388608,1/8388608,True,3395587/16777216,True,True,all_integer_control|arbitrary_decidable_modular,post_freeze_evaluator,0
3022,00000000000101111001110,23,23,True,-798719/16777216,1/8388608,1/8388608,True,798721/16777216,True,True,all_integer_control,post_freeze_evaluator,0
3023,00000000000101111001111,23,23,True,7589889/16777216,1/8388608,1/8388608,True,7589891/16777216,True,True,prime_evaluator|all_integer_control|matched_density_seeded_random,post_freeze_evaluator,0
3024,00000000000101111010000,23,23,True,-7614463/16777216,1/8388608,1/8388608,True,7614465/16777216,True,True,all_integer_control,post_freeze_evaluator,0
3025,00000000000101111010001,23,23,True,774145/16777216,1/8388608,1/8388608,True,774147/16777216,True,True,square_control|all_integer_control|matched_density_hash|arbitrary_decidable_modular,post_freeze_evaluator,0
3026,00000000000101111010010,23,23,True,-3420159/16777216,1/8388608,1/8388608,True,3420161/16777216,True,True,all_integer_control|arbitrary_decidable_modular,post_freeze_evaluator,0
3027,00000000000101111010011,23,23,True,4968449/16777216,1/8388608,1/8388608,True,4968451/16777216,True,True,all_integer_control,post_freeze_evaluator,0
3028,00000000000101111010100,23,23,True,-5517311/16777216,1/8388608,1/8388608,True,5517313/16777216,True,True,all_integer_control|arbitrary_decidable_modular,post_freeze_evaluator,0
3029,00000000000101111010101,23,23,True,2871297/16777216,1/8388608,1/8388608,True,2871299/16777216,True,True,all_integer_control,post_freeze_evaluator,0
3030,00000000000101111010110,23,23,True,-1323007/16777216,1/8388608,1/8388608,True,1323009/16777216,True,True,all_integer_control|matched_density_seeded_random,post_freeze_evaluator,0
3031,00000000000101111010111,23,23,True,7065601/16777216,1/8388608,1/8388608,True,7065603/16777216,True,True,all_integer_control|matched_density_hash,post_freeze_evaluator,0
3032,00000000000101111011000,23,23,True,-6565887/16777216,1/8388608,1/8388608,True,6565889/16777216,True,True,all_integer_control|arbitrary_decidable_modular,post_freeze_evaluator,0
3033,00000000000101111011001,23,23,True,1822721/16777216,1/8388608,1/8388608,True,1822723/16777216,True,True,all_integer_control|matched_density_hash|arbitrary_decidable_modular,post_freeze_evaluator,0
3034,00000000000101111011010,23,23,True,-2371583/16777216,1/8388608,1/8388608,True,2371585/16777216,True,True,all_integer_control,post_freeze_evaluator,0
3035,00000000000101111011011,23,23,True,6017025/16777216,1/8388608,1/8388608,True,6017027/16777216,True,True,all_integer_control|arbitrary_decidable_modular,post_freeze_evaluator,0
3036,00000000000101111011100,23,23,True,-4468735/16777216,1/8388608,1/8388608,True,4468737/16777216,True,True,all_integer_control,post_freeze_evaluator,0
3037,00000000000101111011101,23,23,True,3919873/16777216,1/8388608,1/8388608,True,3919875/16777216,True,True,prime_evaluator|all_integer_control|matched_density_hash,post_freeze_evaluator,0
3038,00000000000101111011110,23,23,True,-274431/16777216,1/8388608,1/8388608,True,274433/16777216,True,True,all_integer_control,post_freeze_evaluator,0
3039,00000000000101111011111,23,23,True,8114177/16777216,1/8388608,1/8388608,True,8114179/16777216,True,True,all_integer_control|arbitrary_decidable_modular,post_freeze_evaluator,0
3040,00000000000101111100000,23,23,True,-7876607/16777216,1/8388608,1/8388608,True,7876609/16777216,True,True,all_integer_control|arbitrary_decidable_modular,post_freeze_evaluator,0
3041,00000000000101111100001,23,23,True,512001/16777216,1/8388608,1/8388608,True,512003/16777216,True,True,prime_evaluator|all_integer_control,post_freeze_evaluator,0
3042,00000000000101111100010,23,23,True,-3682303/16777216,1/8388608,1/8388608,True,3682305/16777216,True,True,all_integer_control|arbitrary_decidable_modular,post_freeze_evaluator,0
3043,00000000000101111100011,23,23,True,4706305/16777216,1/8388608,1/8388608,True,4706307/16777216,True,True,all_integer_control|matched_density_seeded_random|matched_density_hash,post_freeze_evaluator,0
3044,00000000000101111100100,23,23,True,-5779455/16777216,1/8388608,1/8388608,True,5779457/16777216,True,True,all_integer_control|matched_density_hash,post_freeze_evaluator,0
3045,00000000000101111100101,23,23,True,2609153/16777216,1/8388608,1/8388608,True,2609155/16777216,True,True,all_integer_control|matched_density_hash,post_freeze_evaluator,0
3046,00000000000101111100110,23,23,True,-1585151/16777216,1/8388608,1/8388608,True,1585153/16777216,True,True,all_integer_control|arbitrary_decidable_modular,post_freeze_evaluator,0
3047,00000000000101111100111,23,23,True,6803457/16777216,1/8388608,1/8388608,True,6803459/16777216,True,True,all_integer_control|arbitrary_decidable_modular,post_freeze_evaluator,0
3048,00000000000101111101000,23,23,True,-6828031/16777216,1/8388608,1/8388608,True,6828033/16777216,True,True,all_integer_control,post_freeze_evaluator,0
3049,00000000000101111101001,23,23,True,1560577/16777216,1/8388608,1/8388608,True,1560579/16777216,True,True,prime_evaluator|all_integer_control|arbitrary_decidable_modular,post_freeze_evaluator,0
3050,00000000000101111101010,23,23,True,-2633727/16777216,1/8388608,1/8388608,True,2633729/16777216,True,True,all_integer_control,post_freeze_evaluator,0
3051,00000000000101111101011,23,23,True,5754881/16777216,1/8388608,1/8388608,True,5754883/16777216,True,True,all_integer_control,post_freeze_evaluator,0
3052,00000000000101111101100,23,23,True,-4730879/16777216,1/8388608,1/8388608,True,4730881/16777216,True,True,all_integer_control,post_freeze_evaluator,0
3053,00000000000101111101101,23,23,True,3657729/16777216,1/8388608,1/8388608,True,3657731/16777216,True,True,all_integer_control|arbitrary_decidable_modular,post_freeze_evaluator,0
3054,00000000000101111101110,23,23,True,-536575/16777216,1/8388608,1/8388608,True,536577/16777216,True,True,all_integer_control|arbitrary_decidable_modular,post_freeze_evaluator,0
3055,00000000000101111101111,23,23,True,7852033/16777216,1/8388608,1/8388608,True,7852035/16777216,True,True,all_integer_control,post_freeze_evaluator,0
3056,00000000000101111110000,23,23,True,-7352319/16777216,1/8388608,1/8388608,True,7352321/16777216,True,True,all_integer_control|arbitrary_decidable_modular,post_freeze_evaluator,0
3057,00000000000101111110001,23,23,True,1036289/16777216,1/8388608,1/8388608,True,1036291/16777216,True,True,all_integer_control,post_freeze_evaluator,0
3058,00000000000101111110010,23,23,True,-3158015/16777216,1/8388608,1/8388608,True,3158017/16777216,True,True,all_integer_control|matched_density_hash,post_freeze_evaluator,0
3059,00000000000101111110011,23,23,True,5230593/16777216,1/8388608,1/8388608,True,5230595/16777216,True,True,all_integer_control,post_freeze_evaluator,0
3060,00000000000101111110100,23,23,True,-5255167/16777216,1/8388608,1/8388608,True,5255169/16777216,True,True,all_integer_control|arbitrary_decidable_modular,post_freeze_evaluator,0
3061,00000000000101111110101,23,23,True,3133441/16777216,1/8388608,1/8388608,True,3133443/16777216,True,True,prime_evaluator|all_integer_control|arbitrary_decidable_modular,post_freeze_evaluator,0
3062,00000000000101111110110,23,23,True,-1060863/16777216,1/8388608,1/8388608,True,1060865/16777216,True,True,all_integer_control,post_freeze_evaluator,0
3063,00000000000101111110111,23,23,True,7327745/16777216,1/8388608,1/8388608,True,7327747/16777216,True,True,all_integer_control|matched_density_seeded_random|arbitrary_decidable_modular,post_freeze_evaluator,0
3064,00000000000101111111000,23,23,True,-6303743/16777216,1/8388608,1/8388608,True,6303745/16777216,True,True,all_integer_control,post_freeze_evaluator,0
3065,00000000000101111111001,23,23,True,2084865/16777216,1/8388608,1/8388608,True,2084867/16777216,True,True,all_integer_control,post_freeze_evaluator,0
3066,00000000000101111111010,23,23,True,-2109439/16777216,1/8388608,1/8388608,True,2109441/16777216,True,True,all_integer_control,post_freeze_evaluator,0
3067,00000000000101111111011,23,23,True,6279169/16777216,1/8388608,1/8388608,True,6279171/16777216,True,True,prime_evaluator|all_integer_control|arbitrary_decidable_modular,post_freeze_evaluator,0
3068,00000000000101111111100,23,23,True,-4206591/16777216,1/8388608,1/8388608,True,4206593/16777216,True,True,all_integer_control|arbitrary_decidable_modular,post_freeze_evaluator,0
3069,00000000000101111111101,23,23,True,4182017/16777216,1/8388608,1/8388608,True,4182019/16777216,True,True,all_integer_control,post_freeze_evaluator,0
3070,00000000000101111111110,23,23,True,-12287/16777216,1/8388608,1/8388608,True,12289/16777216,True,True,all_integer_control|arbitrary_decidable_modular,post_freeze_evaluator,0
3071,00000000000101111111111,23,23,True,8376321/16777216,1/8388608,1/8388608,True,8376323/16777216,True,True,all_integer_control,post_freeze_evaluator,0
3072,00000000000110000000000,23,23,True,-8376319/16777216,1/8388608,1/8388608,True,8376321/16777216,True,True,all_integer_control,post_freeze_evaluator,0
3073,00000000000110000000001,23,23,True,12289/16777216,1/8388608,1/8388608,True,12291/16777216,True,True,all_integer_control,post_freeze_evaluator,0
3074,00000000000110000000010,23,23,True,-4182015/16777216,1/8388608,1/8388608,True,4182017/16777216,True,True,all_integer_control|arbitrary_decidable_modular,post_freeze_evaluator,0
3075,00000000000110000000011,23,23,True,4206593/16777216,1/8388608,1/8388608,True,4206595/16777216,True,True,all_integer_control|matched_density_seeded_random|arbitrary_decidable_modular,post_freeze_evaluator,0
3076,00000000000110000000100,23,23,True,-6279167/16777216,1/8388608,1/8388608,True,6279169/16777216,True,True,all_integer_control,post_freeze_evaluator,0
3077,00000000000110000000101,23,23,True,2109441/16777216,1/8388608,1/8388608,True,2109443/16777216,True,True,all_integer_control|arbitrary_decidable_modular,post_freeze_evaluator,0
3078,00000000000110000000110,23,23,True,-2084863/16777216,1/8388608,1/8388608,True,2084865/16777216,True,True,all_integer_control,post_freeze_evaluator,0
3079,00000000000110000000111,23,23,True,6303745/16777216,1/8388608,1/8388608,True,6303747/16777216,True,True,prime_evaluator|all_integer_control,post_freeze_evaluator,0
3080,00000000000110000001000,23,23,True,-7327743/16777216,1/8388608,1/8388608,True,7327745/16777216,True,True,all_integer_control,post_freeze_evaluator,0
3081,00000000000110000001001,23,23,True,1060865/16777216,1/8388608,1/8388608,True,1060867/16777216,True,True,all_integer_control|matched_density_seeded_random|arbitrary_decidable_modular,post_freeze_evaluator,0
3082,00000000000110000001010,23,23,True,-3133439/16777216,1/8388608,1/8388608,True,3133441/16777216,True,True,all_integer_control|arbitrary_decidable_modular,post_freeze_evaluator,0
3083,00000000000110000001011,23,23,True,5255169/16777216,1/8388608,1/8388608,True,5255171/16777216,True,True,prime_evaluator|all_integer_control|matched_density_seeded_random,post_freeze_evaluator,0
3084,00000000000110000001100,23,23,True,-5230591/16777216,1/8388608,1/8388608,True,5230593/16777216,True,True,all_integer_control|arbitrary_decidable_modular,post_freeze_evaluator,0
3085,00000000000110000001101,23,23,True,3158017/16777216,1/8388608,1/8388608,True,3158019/16777216,True,True,all_integer_control,post_freeze_evaluator,0
3086,00000000000110000001110,23,23,True,-1036287/16777216,1/8388608,1/8388608,True,1036289/16777216,True,True,all_integer_control,post_freeze_evaluator,0
3087,00000000000110000001111,23,23,True,7352321/16777216,1/8388608,1/8388608,True,7352323/16777216,True,True,all_integer_control,post_freeze_evaluator,0
3088,00000000000110000010000,23,23,True,-7852031/16777216,1/8388608,1/8388608,True,7852033/16777216,True,True,all_integer_control|matched_density_hash|arbitrary_decidable_modular,post_freeze_evaluator,0
3089,00000000000110000010001,23,23,True,536577/16777216,1/8388608,1/8388608,True,536579/16777216,True,True,prime_evaluator|all_integer_control|arbitrary_decidable_modular,post_freeze_evaluator,0
3090,00000000000110000010010,23,23,True,-3657727/16777216,1/8388608,1/8388608,True,3657729/16777216,True,True,all_integer_control,post_freeze_evaluator,0
3091,00000000000110000010011,23,23,True,4730881/16777216,1/8388608,1/8388608,True,4730883/16777216,True,True,all_integer_control|arbitrary_decidable_modular,post_freeze_evaluator,0
3092,00000000000110000010100,23,23,True,-5754879/16777216,1/8388608,1/8388608,True,5754881/16777216,True,True,all_integer_control,post_freeze_evaluator,0
3093,00000000000110000010101,23,23,True,2633729/16777216,1/8388608,1/8388608,True,2633731/16777216,True,True,all_integer_control,post_freeze_evaluator,0
3094,00000000000110000010110,23,23,True,-1560575/16777216,1/8388608,1/8388608,True,1560577/16777216,True,True,all_integer_control,post_freeze_evaluator,0
3095,00000000000110000010111,23,23,True,6828033/16777216,1/8388608,1/8388608,True,6828035/16777216,True,True,all_integer_control|matched_density_seeded_random|arbitrary_decidable_modular,post_freeze_evaluator,0
3096,00000000000110000011000,23,23,True,-6803455/16777216,1/8388608,1/8388608,True,6803457/16777216,True,True,all_integer_control|arbitrary_decidable_modular,post_freeze_evaluator,0
3097,00000000000110000011001,23,23,True,1585153/16777216,1/8388608,1/8388608,True,1585155/16777216,True,True,all_integer_control,post_freeze_evaluator,0
3098,00000000000110000011010,23,23,True,-2609151/16777216,1/8388608,1/8388608,True,2609153/16777216,True,True,all_integer_control|arbitrary_decidable_modular,post_freeze_evaluator,0
3099,00000000000110000011011,23,23,True,5779457/16777216,1/8388608,1/8388608,True,5779459/16777216,True,True,all_integer_control,post_freeze_evaluator,0
3100,00000000000110000011100,23,23,True,-4706303/16777216,1/8388608,1/8388608,True,4706305/16777216,True,True,all_integer_control,post_freeze_evaluator,0
3101,00000000000110000011101,23,23,True,3682305/16777216,1/8388608,1/8388608,True,3682307/16777216,True,True,all_integer_control,post_freeze_evaluator,0
3102,00000000000110000011110,23,23,True,-511999/16777216,1/8388608,1/8388608,True,512001/16777216,True,True,all_integer_control|matched_density_seeded_random|arbitrary_decidable_modular,post_freeze_evaluator,0
3103,00000000000110000011111,23,23,True,7876609/16777216,1/8388608,1/8388608,True,7876611/16777216,True,True,all_integer_control|matched_density_seeded_random|arbitrary_decidable_modular,post_freeze_evaluator,0
3104,00000000000110000100000,23,23,True,-8114175/16777216,1/8388608,1/8388608,True,8114177/16777216,True,True,all_integer_control,post_freeze_evaluator,0
3105,00000000000110000100001,23,23,True,274433/16777216,1/8388608,1/8388608,True,274435/16777216,True,True,all_integer_control|matched_density_seeded_random|matched_density_hash|arbitrary_decidable_modular,post_freeze_evaluator,0
3106,00000000000110000100010,23,23,True,-3919871/16777216,1/8388608,1/8388608,True,3919873/16777216,True,True,all_integer_control,post_freeze_evaluator,0
3107,00000000000110000100011,23,23,True,4468737/16777216,1/8388608,1/8388608,True,4468739/16777216,True,True,all_integer_control|matched_density_hash,post_freeze_evaluator,0
3108,00000000000110000100100,23,23,True,-6017023/16777216,1/8388608,1/8388608,True,6017025/16777216,True,True,all_integer_control|matched_density_hash,post_freeze_evaluator,0
3109,00000000000110000100101,23,23,True,2371585/16777216,1/8388608,1/8388608,True,2371587/16777216,True,True,prime_evaluator|all_integer_control|arbitrary_decidable_modular,post_freeze_evaluator,0
3110,00000000000110000100110,23,23,True,-1822719/16777216,1/8388608,1/8388608,True,1822721/16777216,True,True,all_integer_control|arbitrary_decidable_modular,post_freeze_evaluator,0
3111,00000000000110000100111,23,23,True,6565889/16777216,1/8388608,1/8388608,True,6565891/16777216,True,True,all_integer_control|matched_density_hash,post_freeze_evaluator,0
3112,00000000000110000101000,23,23,True,-7065599/16777216,1/8388608,1/8388608,True,7065601/16777216,True,True,all_integer_control|matched_density_hash|arbitrary_decidable_modular,post_freeze_evaluator,0
3113,00000000000110000101001,23,23,True,1323009/16777216,1/8388608,1/8388608,True,1323011/16777216,True,True,all_integer_control|matched_density_seeded_random,post_freeze_evaluator,0
3114,00000000000110000101010,23,23,True,-2871295/16777216,1/8388608,1/8388608,True,2871297/16777216,True,True,all_integer_control,post_freeze_evaluator,0
3115,00000000000110000101011,23,23,True,5517313/16777216,1/8388608,1/8388608,True,5517315/16777216,True,True,all_integer_control|matched_density_seeded_random,post_freeze_evaluator,0
3116,00000000000110000101100,23,23,True,-4968447/16777216,1/8388608,1/8388608,True,4968449/16777216,True,True,all_integer_control|arbitrary_decidable_modular,post_freeze_evaluator,0
3117,00000000000110000101101,23,23,True,3420161/16777216,1/8388608,1/8388608,True,3420163/16777216,True,True,all_integer_control|arbitrary_decidable_modular,post_freeze_evaluator,0
3118,00000000000110000101110,23,23,True,-774143/16777216,1/8388608,1/8388608,True,774145/16777216,True,True,all_integer_control,post_freeze_evaluator,0
3119,00000000000110000101111,23,23,True,7614465/16777216,1/8388608,1/8388608,True,7614467/16777216,True,True,prime_evaluator|all_integer_control|matched_density_hash|arbitrary_decidable_modular,post_freeze_evaluator,0
3120,00000000000110000110000,23,23,True,-7589887/16777216,1/8388608,1/8388608,True,7589889/16777216,True,True,all_integer_control,post_freeze_evaluator,0
3121,00000000000110000110001,23,23,True,798721/16777216,1/8388608,1/8388608,True,798723/16777216,True,True,prime_evaluator|all_integer_control,post_freeze_evaluator,0
3122,00000000000110000110010,23,23,True,-3395583/16777216,1/8388608,1/8388608,True,3395585/16777216,True,True,all_integer_control|matched_density_seeded_random,post_freeze_evaluator,0
3123,00000000000110000110011,23,23,True,4993025/16777216,1/8388608,1/8388608,True,4993027/16777216,True,True,all_integer_control|matched_density_hash|arbitrary_decidable_modular,post_freeze_evaluator,0
3124,00000000000110000110100,23,23,True,-5492735/16777216,1/8388608,1/8388608,True,5492737/16777216,True,True,all_integer_control|arbitrary_decidable_modular,post_freeze_evaluator,0
3125,00000000000110000110101,23,23,True,2895873/16777216,1/8388608,1/8388608,True,2895875/16777216,True,True,all_integer_control,post_freeze_evaluator,0
3126,00000000000110000110110,23,23,True,-1298431/16777216,1/8388608,1/8388608,True,1298433/16777216,True,True,all_integer_control|arbitrary_decidable_modular,post_freeze_evaluator,0
3127,00000000000110000110111,23,23,True,7090177/16777216,1/8388608,1/8388608,True,7090179/16777216,True,True,all_integer_control,post_freeze_evaluator,0
3128,00000000000110000111000,23,23,True,-6541311/16777216,1/8388608,1/8388608,True,6541313/16777216,True,True,all_integer_control|matched_density_seeded_random,post_freeze_evaluator,0
3129,00000000000110000111001,23,23,True,1847297/16777216,1/8388608,1/8388608,True,1847299/16777216,True,True,all_integer_control,post_freeze_evaluator,0
3130,00000000000110000111010,23,23,True,-2347007/16777216,1/8388608,1/8388608,True,2347009/16777216,True,True,all_integer_control|matched_density_hash|arbitrary_decidable_modular,post_freeze_evaluator,0
3131,00000000000110000111011,23,23,True,6041601/16777216,1/8388608,1/8388608,True,6041603/16777216,True,True,all_integer_control|arbitrary_decidable_modular,post_freeze_evaluator,0
3132,00000000000110000111100,23,23,True,-4444159/16777216,1/8388608,1/8388608,True,4444161/16777216,True,True,all_integer_control,post_freeze_evaluator,0
3133,00000000000110000111101,23,23,True,3944449/16777216,1/8388608,1/8388608,True,3944451/16777216,True,True,all_integer_control|arbitrary_decidable_modular,post_freeze_evaluator,0
3134,00000000000110000111110,23,23,True,-249855/16777216,1/8388608,1/8388608,True,249857/16777216,True,True,all_integer_control,post_freeze_evaluator,0
3135,00000000000110000111111,23,23,True,8138753/16777216,1/8388608,1/8388608,True,8138755/16777216,True,True,all_integer_control|matched_density_seeded_random|matched_density_hash,post_freeze_evaluator,0
3136,00000000000110001000000,23,23,True,-8245247/16777216,1/8388608,1/8388608,True,8245249/16777216,True,True,square_control|all_integer_control,post_freeze_evaluator,0
3137,00000000000110001000001,23,23,True,143361/16777216,1/8388608,1/8388608,True,143363/16777216,True,True,prime_evaluator|all_integer_control|arbitrary_decidable_modular,post_freeze_evaluator,0
3138,00000000000110001000010,23,23,True,-4050943/16777216,1/8388608,1/8388608,True,4050945/16777216,True,True,all_integer_control|arbitrary_decidable_modular,post_freeze_evaluator,0
3139,00000000000110001000011,23,23,True,4337665/16777216,1/8388608,1/8388608,True,4337667/16777216,True,True,all_integer_control,post_freeze_evaluator,0
3140,00000000000110001000100,23,23,True,-6148095/16777216,1/8388608,1/8388608,True,6148097/16777216,True,True,all_integer_control|matched_density_seeded_random|matched_density_hash|arbitrary_decidable_modular,post_freeze_evaluator,0
3141,00000000000110001000101,23,23,True,2240513/16777216,1/8388608,1/8388608,True,2240515/16777216,True,True,all_integer_control,post_freeze_evaluator,0
3142,00000000000110001000110,23,23,True,-1953791/16777216,1/8388608,1/8388608,True,1953793/16777216,True,True,all_integer_control|matched_density_seeded_random,post_freeze_evaluator,0
3143,00000000000110001000111,23,23,True,6434817/16777216,1/8388608,1/8388608,True,6434819/16777216,True,True,all_integer_control,post_freeze_evaluator,0
3144,00000000000110001001000,23,23,True,-7196671/16777216,1/8388608,1/8388608,True,7196673/16777216,True,True,all_integer_control|arbitrary_decidable_modular,post_freeze_evaluator,0
3145,00000000000110001001001,23,23,True,1191937/16777216,1/8388608,1/8388608,True,1191939/16777216,True,True,all_integer_control|arbitrary_decidable_modular,post_freeze_evaluator,0
3146,00000000000110001001010,23,23,True,-3002367/16777216,1/8388608,1/8388608,True,3002369/16777216,True,True,all_integer_control|matched_density_seeded_random|matched_density_hash,post_freeze_evaluator,0
3147,00000000000110001001011,23,23,True,5386241/16777216,1/8388608,1/8388608,True,5386243/16777216,True,True,all_integer_control|arbitrary_decidable_modular,post_freeze_evaluator,0
3148,00000000000110001001100,23,23,True,-5099519/16777216,1/8388608,1/8388608,True,5099521/16777216,True,True,all_integer_control|matched_density_hash,post_freeze_evaluator,0
3149,00000000000110001001101,23,23,True,3289089/16777216,1/8388608,1/8388608,True,3289091/16777216,True,True,all_integer_control|matched_density_seeded_random,post_freeze_evaluator,0
3150,00000000000110001001110,23,23,True,-905215/16777216,1/8388608,1/8388608,True,905217/16777216,True,True,all_integer_control|matched_density_seeded_random,post_freeze_evaluator,0
3151,00000000000110001001111,23,23,True,7483393/16777216,1/8388608,1/8388608,True,7483395/16777216,True,True,all_integer_control|arbitrary_decidable_modular,post_freeze_evaluator,0
3152,00000000000110001010000,23,23,True,-7720959/16777216,1/8388608,1/8388608,True,7720961/16777216,True,True,all_integer_control|arbitrary_decidable_modular,post_freeze_evaluator,0
3153,00000000000110001010001,23,23,True,667649/16777216,1/8388608,1/8388608,True,667651/16777216,True,True,all_integer_control|matched_density_seeded_random,post_freeze_evaluator,0
3154,00000000000110001010010,23,23,True,-3526655/16777216,1/8388608,1/8388608,True,3526657/16777216,True,True,all_integer_control|arbitrary_decidable_modular,post_freeze_evaluator,0
3155,00000000000110001010011,23,23,True,4861953/16777216,1/8388608,1/8388608,True,4861955/16777216,True,True,all_integer_control,post_freeze_evaluator,0
3156,00000000000110001010100,23,23,True,-5623807/16777216,1/8388608,1/8388608,True,5623809/16777216,True,True,all_integer_control,post_freeze_evaluator,0
3157,00000000000110001010101,23,23,True,2764801/16777216,1/8388608,1/8388608,True,2764803/16777216,True,True,all_integer_control,post_freeze_evaluator,0
3158,00000000000110001010110,23,23,True,-1429503/16777216,1/8388608,1/8388608,True,1429505/16777216,True,True,all_integer_control|arbitrary_decidable_modular,post_freeze_evaluator,0
3159,00000000000110001010111,23,23,True,6959105/16777216,1/8388608,1/8388608,True,6959107/16777216,True,True,all_integer_control|matched_density_seeded_random|matched_density_hash|arbitrary_decidable_modular,post_freeze_evaluator,0
3160,00000000000110001011000,23,23,True,-6672383/16777216,1/8388608,1/8388608,True,6672385/16777216,True,True,all_integer_control,post_freeze_evaluator,0
3161,00000000000110001011001,23,23,True,1716225/16777216,1/8388608,1/8388608,True,1716227/16777216,True,True,all_integer_control|matched_density_hash|arbitrary_decidable_modular,post_freeze_evaluator,0
3162,00000000000110001011010,23,23,True,-2478079/16777216,1/8388608,1/8388608,True,2478081/16777216,True,True,all_integer_control,post_freeze_evaluator,0
3163,00000000000110001011011,23,23,True,5910529/16777216,1/8388608,1/8388608,True,5910531/16777216,True,True,prime_evaluator|all_integer_control,post_freeze_evaluator,0
3164,00000000000110001011100,23,23,True,-4575231/16777216,1/8388608,1/8388608,True,4575233/16777216,True,True,all_integer_control,post_freeze_evaluator,0
3165,00000000000110001011101,23,23,True,3813377/16777216,1/8388608,1/8388608,True,3813379/16777216,True,True,all_integer_control|arbitrary_decidable_modular,post_freeze_evaluator,0
3166,00000000000110001011110,23,23,True,-380927/16777216,1/8388608,1/8388608,True,380929/16777216,True,True,all_integer_control|arbitrary_decidable_modular,post_freeze_evaluator,0
3167,00000000000110001011111,23,23,True,8007681/16777216,1/8388608,1/8388608,True,8007683/16777216,True,True,prime_evaluator|all_integer_control,post_freeze_evaluator,0
3168,00000000000110001100000,23,23,True,-7983103/16777216,1/8388608,1/8388608,True,7983105/16777216,True,True,all_integer_control|arbitrary_decidable_modular,post_freeze_evaluator,0
3169,00000000000110001100001,23,23,True,405505/16777216,1/8388608,1/8388608,True,405507/16777216,True,True,prime_evaluator|all_integer_control,post_freeze_evaluator,0
3170,00000000000110001100010,23,23,True,-3788799/16777216,1/8388608,1/8388608,True,3788801/16777216,True,True,all_integer_control|matched_density_hash,post_freeze_evaluator,0
3171,00000000000110001100011,23,23,True,4599809/16777216,1/8388608,1/8388608,True,4599811/16777216,True,True,all_integer_control,post_freeze_evaluator,0
3172,00000000000110001100100,23,23,True,-5885951/16777216,1/8388608,1/8388608,True,5885953/16777216,True,True,all_integer_control|matched_density_hash|arbitrary_decidable_modular,post_freeze_evaluator,0
3173,00000000000110001100101,23,23,True,2502657/16777216,1/8388608,1/8388608,True,2502659/16777216,True,True,all_integer_control|matched_density_hash|arbitrary_decidable_modular,post_freeze_evaluator,0
3174,00000000000110001100110,23,23,True,-1691647/16777216,1/8388608,1/8388608,True,1691649/16777216,True,True,all_integer_control,post_freeze_evaluator,0
3175,00000000000110001100111,23,23,True,6696961/16777216,1/8388608,1/8388608,True,6696963/16777216,True,True,all_integer_control|arbitrary_decidable_modular,post_freeze_evaluator,0
3176,00000000000110001101000,23,23,True,-6934527/16777216,1/8388608,1/8388608,True,6934529/16777216,True,True,all_integer_control|matched_density_seeded_random,post_freeze_evaluator,0
3177,00000000000110001101001,23,23,True,1454081/16777216,1/8388608,1/8388608,True,1454083/16777216,True,True,all_integer_control,post_freeze_evaluator,0
3178,00000000000110001101010,23,23,True,-2740223/16777216,1/8388608,1/8388608,True,2740225/16777216,True,True,all_integer_control,post_freeze_evaluator,0
3179,00000000000110001101011,23,23,True,5648385/16777216,1/8388608,1/8388608,True,5648387/16777216,True,True,all_integer_control|arbitrary_decidable_modular,post_freeze_evaluator,0
3180,00000000000110001101100,23,23,True,-4837375/16777216,1/8388608,1/8388608,True,4837377/16777216,True,True,all_integer_control|arbitrary_decidable_modular,post_freeze_evaluator,0
3181,00000000000110001101101,23,23,True,3551233/16777216,1/8388608,1/8388608,True,3551235/16777216,True,True,prime_evaluator|all_integer_control,post_freeze_evaluator,0
3182,00000000000110001101110,23,23,True,-643071/16777216,1/8388608,1/8388608,True,643073/16777216,True,True,all_integer_control|matched_density_seeded_random|arbitrary_decidable_modular,post_freeze_evaluator,0
3183,00000000000110001101111,23,23,True,7745537/16777216,1/8388608,1/8388608,True,7745539/16777216,True,True,all_integer_control,post_freeze_evaluator,0
3184,00000000000110001110000,23,23,True,-7458815/16777216,1/8388608,1/8388608,True,7458817/16777216,True,True,all_integer_control,post_freeze_evaluator,0
3185,00000000000110001110001,23,23,True,929793/16777216,1/8388608,1/8388608,True,929795/16777216,True,True,all_integer_control|matched_density_seeded_random,post_freeze_evaluator,0
3186,00000000000110001110010,23,23,True,-3264511/16777216,1/8388608,1/8388608,True,3264513/16777216,True,True,all_integer_control|arbitrary_decidable_modular,post_freeze_evaluator,0
3187,00000000000110001110011,23,23,True,5124097/16777216,1/8388608,1/8388608,True,5124099/16777216,True,True,prime_evaluator|all_integer_control|arbitrary_decidable_modular,post_freeze_evaluator,0
3188,00000000000110001110100,23,23,True,-5361663/16777216,1/8388608,1/8388608,True,5361665/16777216,True,True,all_integer_control,post_freeze_evaluator,0
3189,00000000000110001110101,23,23,True,3026945/16777216,1/8388608,1/8388608,True,3026947/16777216,True,True,all_integer_control|matched_density_hash|arbitrary_decidable_modular,post_freeze_evaluator,0
3190,00000000000110001110110,23,23,True,-1167359/16777216,1/8388608,1/8388608,True,1167361/16777216,True,True,all_integer_control,post_freeze_evaluator,0
3191,00000000000110001110111,23,23,True,7221249/16777216,1/8388608,1/8388608,True,7221251/16777216,True,True,prime_evaluator|all_integer_control,post_freeze_evaluator,0
3192,00000000000110001111000,23,23,True,-6410239/16777216,1/8388608,1/8388608,True,6410241/16777216,True,True,all_integer_control,post_freeze_evaluator,0
3193,00000000000110001111001,23,23,True,1978369/16777216,1/8388608,1/8388608,True,1978371/16777216,True,True,all_integer_control|arbitrary_decidable_modular,post_freeze_evaluator,0
3194,00000000000110001111010,23,23,True,-2215935/16777216,1/8388608,1/8388608,True,2215937/16777216,True,True,all_integer_control|matched_density_seeded_random|arbitrary_decidable_modular,post_freeze_evaluator,0
3195,00000000000110001111011,23,23,True,6172673/16777216,1/8388608,1/8388608,True,6172675/16777216,True,True,all_integer_control|matched_density_seeded_random,post_freeze_evaluator,0
3196,00000000000110001111100,23,23,True,-4313087/16777216,1/8388608,1/8388608,True,4313089/16777216,True,True,all_integer_control|arbitrary_decidable_modular,post_freeze_evaluator,0
3197,00000000000110001111101,23,23,True,4075521/16777216,1/8388608,1/8388608,True,4075523/16777216,True,True,all_integer_control,post_freeze_evaluator,0
3198,00000000000110001111110,23,23,True,-118783/16777216,1/8388608,1/8388608,True,118785/16777216,True,True,all_integer_control,post_freeze_evaluator,0
3199,00000000000110001111111,23,23,True,8269825/16777216,1/8388608,1/8388608,True,8269827/16777216,True,True,all_integer_control,post_freeze_evaluator,0
3200,00000000000110010000000,23,23,True,-8310783/16777216,1/8388608,1/8388608,True,8310785/16777216,True,True,all_integer_control|arbitrary_decidable_modular,post_freeze_evaluator,0
3201,00000000000110010000001,23,23,True,77825/16777216,1/8388608,1/8388608,True,77827/16777216,True,True,all_integer_control|matched_density_seeded_random|arbitrary_decidable_modular,post_freeze_evaluator,0
3202,00000000000110010000010,23,23,True,-4116479/16777216,1/8388608,1/8388608,True,4116481/16777216,True,True,all_integer_control|matched_density_hash,post_freeze_evaluator,0
3203,00000000000110010000011,23,23,True,4272129/16777216,1/8388608,1/8388608,True,4272131/16777216,True,True,prime_evaluator|all_integer_control|arbitrary_decidable_modular,post_freeze_evaluator,0
3204,00000000000110010000100,23,23,True,-6213631/16777216,1/8388608,1/8388608,True,6213633/16777216,True,True,all_integer_control,post_freeze_evaluator,0
3205,00000000000110010000101,23,23,True,2174977/16777216,1/8388608,1/8388608,True,2174979/16777216,True,True,all_integer_control,post_freeze_evaluator,0
3206,00000000000110010000110,23,23,True,-2019327/16777216,1/8388608,1/8388608,True,2019329/16777216,True,True,all_integer_control,post_freeze_evaluator,0
3207,00000000000110010000111,23,23,True,6369281/16777216,1/8388608,1/8388608,True,6369283/16777216,True,True,all_integer_control|matched_density_seeded_random|arbitrary_decidable_modular,post_freeze_evaluator,0
3208,00000000000110010001000,23,23,True,-7262207/16777216,1/8388608,1/8388608,True,7262209/16777216,True,True,all_integer_control|arbitrary_decidable_modular,post_freeze_evaluator,0
3209,00000000000110010001001,23,23,True,1126401/16777216,1/8388608,1/8388608,True,1126403/16777216,True,True,prime_evaluator|all_integer_control,post_freeze_evaluator,0
3210,00000000000110010001010,23,23,True,-3067903/16777216,1/8388608,1/8388608,True,3067905/16777216,True,True,all_integer_control|matched_density_seeded_random|arbitrary_decidable_modular,post_freeze_evaluator,0
3211,00000000000110010001011,23,23,True,5320705/16777216,1/8388608,1/8388608,True,5320707/16777216,True,True,all_integer_control,post_freeze_evaluator,0
3212,00000000000110010001100,23,23,True,-5165055/16777216,1/8388608,1/8388608,True,5165057/16777216,True,True,all_integer_control,post_freeze_evaluator,0
3213,00000000000110010001101,23,23,True,3223553/16777216,1/8388608,1/8388608,True,3223555/16777216,True,True,all_integer_control,post_freeze_evaluator,0
3214,00000000000110010001110,23,23,True,-970751/16777216,1/8388608,1/8388608,True,970753/16777216,True,True,all_integer_control|arbitrary_decidable_modular,post_freeze_evaluator,0
3215,00000000000110010001111,23,23,True,7417857/16777216,1/8388608,1/8388608,True,7417859/16777216,True,True,all_integer_control|arbitrary_decidable_modular,post_freeze_evaluator,0
3216,00000000000110010010000,23,23,True,-7786495/16777216,1/8388608,1/8388608,True,7786497/16777216,True,True,all_integer_control,post_freeze_evaluator,0
3217,00000000000110010010001,23,23,True,602113/16777216,1/8388608,1/8388608,True,602115/16777216,True,True,prime_evaluator|all_integer_control|arbitrary_decidable_modular,post_freeze_evaluator,0
3218,00000000000110010010010,23,23,True,-3592191/16777216,1/8388608,1/8388608,True,3592193/16777216,True,True,all_integer_control,post_freeze_evaluator,0
3219,00000000000110010010011,23,23,True,4796417/16777216,1/8388608,1/8388608,True,4796419/16777216,True,True,all_integer_control,post_freeze_evaluator,0
3220,00000000000110010010100,23,23,True,-5689343/16777216,1/8388608,1/8388608,True,5689345/16777216,True,True,all_integer_control,post_freeze_evaluator,0
3221,00000000000110010010101,23,23,True,2699265/16777216,1/8388608,1/8388608,True,2699267/16777216,True,True,prime_evaluator|all_integer_control|arbitrary_decidable_modular,post_freeze_evaluator,0
3222,00000000000110010010110,23,23,True,-1495039/16777216,1/8388608,1/8388608,True,1495041/16777216,True,True,all_integer_control|arbitrary_decidable_modular,post_freeze_evaluator,0
3223,00000000000110010010111,23,23,True,6893569/16777216,1/8388608,1/8388608,True,6893571/16777216,True,True,all_integer_control,post_freeze_evaluator,0
3224,00000000000110010011000,23,23,True,-6737919/16777216,1/8388608,1/8388608,True,6737921/16777216,True,True,all_integer_control|arbitrary_decidable_modular,post_freeze_evaluator,0
3225,00000000000110010011001,23,23,True,1650689/16777216,1/8388608,1/8388608,True,1650691/16777216,True,True,all_integer_control|matched_density_hash,post_freeze_evaluator,0
3226,00000000000110010011010,23,23,True,-2543615/16777216,1/8388608,1/8388608,True,2543617/16777216,True,True,all_integer_control,post_freeze_evaluator,0
3227,00000000000110010011011,23,23,True,5844993/16777216,1/8388608,1/8388608,True,5844995/16777216,True,True,all_integer_control,post_freeze_evaluator,0
3228,00000000000110010011100,23,23,True,-4640767/16777216,1/8388608,1/8388608,True,4640769/16777216,True,True,all_integer_control|matched_density_hash|arbitrary_decidable_modular,post_freeze_evaluator,0
3229,00000000000110010011101,23,23,True,3747841/16777216,1/8388608,1/8388608,True,3747843/16777216,True,True,prime_evaluator|all_integer_control|arbitrary_decidable_modular,post_freeze_evaluator,0
3230,00000000000110010011110,23,23,True,-446463/16777216,1/8388608,1/8388608,True,446465/16777216,True,True,all_integer_control,post_freeze_evaluator,0
3231,00000000000110010011111,23,23,True,7942145/16777216,1/8388608,1/8388608,True,7942147/16777216,True,True,all_integer_control|arbitrary_decidable_modular,post_freeze_evaluator,0
3232,00000000000110010100000,23,23,True,-8048639/16777216,1/8388608,1/8388608,True,8048641/16777216,True,True,all_integer_control,post_freeze_evaluator,0
3233,00000000000110010100001,23,23,True,339969/16777216,1/8388608,1/8388608,True,339971/16777216,True,True,all_integer_control,post_freeze_evaluator,0
3234,00000000000110010100010,23,23,True,-3854335/16777216,1/8388608,1/8388608,True,3854337/16777216,True,True,all_integer_control,post_freeze_evaluator,0
3235,00000000000110010100011,23,23,True,4534273/16777216,1/8388608,1/8388608,True,4534275/16777216,True,True,all_integer_control|matched_density_hash|arbitrary_decidable_modular,post_freeze_evaluator,0
3236,00000000000110010100100,23,23,True,-5951487/16777216,1/8388608,1/8388608,True,5951489/16777216,True,True,all_integer_control|matched_density_hash|arbitrary_decidable_modular,post_freeze_evaluator,0
3237,00000000000110010100101,23,23,True,2437121/16777216,1/8388608,1/8388608,True,2437123/16777216,True,True,all_integer_control,post_freeze_evaluator,0
3238,00000000000110010100110,23,23,True,-1757183/16777216,1/8388608,1/8388608,True,1757185/16777216,True,True,all_integer_control|arbitrary_decidable_modular,post_freeze_evaluator,0
3239,00000000000110010100111,23,23,True,6631425/16777216,1/8388608,1/8388608,True,6631427/16777216,True,True,all_integer_control,post_freeze_evaluator,0
3240,00000000000110010101000,23,23,True,-7000063/16777216,1/8388608,1/8388608,True,7000065/16777216,True,True,all_integer_control|matched_density_hash,post_freeze_evaluator,0
3241,00000000000110010101001,23,23,True,1388545/16777216,1/8388608,1/8388608,True,1388547/16777216,True,True,all_integer_control,post_freeze_evaluator,0
3242,00000000000110010101010,23,23,True,-2805759/16777216,1/8388608,1/8388608,True,2805761/16777216,True,True,all_integer_control|matched_density_seeded_random|arbitrary_decidable_modular,post_freeze_evaluator,0
3243,00000000000110010101011,23,23,True,5582849/16777216,1/8388608,1/8388608,True,5582851/16777216,True,True,all_integer_control|arbitrary_decidable_modular,post_freeze_evaluator,0
3244,00000000000110010101100,23,23,True,-4902911/16777216,1/8388608,1/8388608,True,4902913/16777216,True,True,all_integer_control,post_freeze_evaluator,0
3245,00000000000110010101101,23,23,True,3485697/16777216,1/8388608,1/8388608,True,3485699/16777216,True,True,all_integer_control|matched_density_hash|arbitrary_decidable_modular,post_freeze_evaluator,0
3246,00000000000110010101110,23,23,True,-708607/16777216,1/8388608,1/8388608,True,708609/16777216,True,True,all_integer_control,post_freeze_evaluator,0
3247,00000000000110010101111,23,23,True,7680001/16777216,1/8388608,1/8388608,True,7680003/16777216,True,True,all_integer_control,post_freeze_evaluator,0
3248,00000000000110010110000,23,23,True,-7524351/16777216,1/8388608,1/8388608,True,7524353/16777216,True,True,all_integer_control,post_freeze_evaluator,0
3249,00000000000110010110001,23,23,True,864257/16777216,1/8388608,1/8388608,True,864259/16777216,True,True,square_control|all_integer_control|matched_density_seeded_random|arbitrary_decidable_modular,post_freeze_evaluator,0
3250,00000000000110010110010,23,23,True,-3330047/16777216,1/8388608,1/8388608,True,3330049/16777216,True,True,all_integer_control|arbitrary_decidable_modular,post_freeze_evaluator,0
3251,00000000000110010110011,23,23,True,5058561/16777216,1/8388608,1/8388608,True,5058563/16777216,True,True,prime_evaluator|all_integer_control,post_freeze_evaluator,0
3252,00000000000110010110100,23,23,True,-5427199/16777216,1/8388608,1/8388608,True,5427201/16777216,True,True,all_integer_control|arbitrary_decidable_modular,post_freeze_evaluator,0
3253,00000000000110010110101,23,23,True,2961409/16777216,1/8388608,1/8388608,True,2961411/16777216,True,True,prime_evaluator|all_integer_control,post_freeze_evaluator,0
3254,00000000000110010110110,23,23,True,-1232895/16777216,1/8388608,1/8388608,True,1232897/16777216,True,True,all_integer_control,post_freeze_evaluator,0
3255,00000000000110010110111,23,23,True,7155713/16777216,1/8388608,1/8388608,True,7155715/16777216,True,True,all_integer_control|matched_density_hash,post_freeze_evaluator,0
3256,00000000000110010111000,23,23,True,-6475775/16777216,1/8388608,1/8388608,True,6475777/16777216,True,True,all_integer_control|arbitrary_decidable_modular,post_freeze_evaluator,0
3257,00000000000110010111001,23,23,True,1912833/16777216,1/8388608,1/8388608,True,1912835/16777216,True,True,prime_evaluator|all_integer_control|arbitrary_decidable_modular,post_freeze_evaluator,0
3258,00000000000110010111010,23,23,True,-2281471/16777216,1/8388608,1/8388608,True,2281473/16777216,True,True,all_integer_control,post_freeze_evaluator,0
3259,00000000000110010111011,23,23,True,6107137/16777216,1/8388608,1/8388608,True,6107139/16777216,True,True,prime_evaluator|all_integer_control|arbitrary_decidable_modular,post_freeze_evaluator,0
3260,00000000000110010111100,23,23,True,-4378623/16777216,1/8388608,1/8388608,True,4378625/16777216,True,True,all_integer_control,post_freeze_evaluator,0
3261,00000000000110010111101,23,23,True,4009985/16777216,1/8388608,1/8388608,True,4009987/16777216,True,True,all_integer_control,post_freeze_evaluator,0
3262,00000000000110010111110,23,23,True,-184319/16777216,1/8388608,1/8388608,True,184321/16777216,True,True,all_integer_control,post_freeze_evaluator,0
3263,00000000000110010111111,23,23,True,8204289/16777216,1/8388608,1/8388608,True,8204291/16777216,True,True,all_integer_control|arbitrary_decidable_modular,post_freeze_evaluator,0
3264,00000000000110011000000,23,23,True,-8179711/16777216,1/8388608,1/8388608,True,8179713/16777216,True,True,all_integer_control|arbitrary_decidable_modular,post_freeze_evaluator,0
3265,00000000000110011000001,23,23,True,208897/16777216,1/8388608,1/8388608,True,208899/16777216,True,True,all_integer_control,post_freeze_evaluator,0
3266,00000000000110011000010,23,23,True,-3985407/16777216,1/8388608,1/8388608,True,3985409/16777216,True,True,all_integer_control|arbitrary_decidable_modular,post_freeze_evaluator,0
3267,00000000000110011000011,23,23,True,4403201/16777216,1/8388608,1/8388608,True,4403203/16777216,True,True,all_integer_control|matched_density_seeded_random,post_freeze_evaluator,0
3268,00000000000110011000100,23,23,True,-6082559/16777216,1/8388608,1/8388608,True,6082561/16777216,True,True,all_integer_control|matched_density_hash,post_freeze_evaluator,0
3269,00000000000110011000101,23,23,True,2306049/16777216,1/8388608,1/8388608,True,2306051/16777216,True,True,all_integer_control,post_freeze_evaluator,0
3270,00000000000110011000110,23,23,True,-1888255/16777216,1/8388608,1/8388608,True,1888257/16777216,True,True,all_integer_control|arbitrary_decidable_modular,post_freeze_evaluator,0
3271,00000000000110011000111,23,23,True,6500353/16777216,1/8388608,1/8388608,True,6500355/16777216,True,True,prime_evaluator|all_integer_control|matched_density_hash|arbitrary_decidable_modular,post_freeze_evaluator,0
3272,00000000000110011001000,23,23,True,-7131135/16777216,1/8388608,1/8388608,True,7131137/16777216,True,True,all_integer_control,post_freeze_evaluator,0
3273,00000000000110011001001,23,23,True,1257473/16777216,1/8388608,1/8388608,True,1257475/16777216,True,True,all_integer_control|arbitrary_decidable_modular,post_freeze_evaluator,0
3274,00000000000110011001010,23,23,True,-2936831/16777216,1/8388608,1/8388608,True,2936833/16777216,True,True,all_integer_control|matched_density_hash,post_freeze_evaluator,0
3275,00000000000110011001011,23,23,True,5451777/16777216,1/8388608,1/8388608,True,5451779/16777216,True,True,all_integer_control,post_freeze_evaluator,0
3276,00000000000110011001100,23,23,True,-5033983/16777216,1/8388608,1/8388608,True,5033985/16777216,True,True,all_integer_control,post_freeze_evaluator,0
3277,00000000000110011001101,23,23,True,3354625/16777216,1/8388608,1/8388608,True,3354627/16777216,True,True,all_integer_control|arbitrary_decidable_modular,post_freeze_evaluator,0
3278,00000000000110011001110,23,23,True,-839679/16777216,1/8388608,1/8388608,True,839681/16777216,True,True,all_integer_control|arbitrary_decidable_modular,post_freeze_evaluator,0
3279,00000000000110011001111,23,23,True,7548929/16777216,1/8388608,1/8388608,True,7548931/16777216,True,True,all_integer_control,post_freeze_evaluator,0
3280,00000000000110011010000,23,23,True,-7655423/16777216,1/8388608,1/8388608,True,7655425/16777216,True,True,all_integer_control|arbitrary_decidable_modular,post_freeze_evaluator,0
3281,00000000000110011010001,23,23,True,733185/16777216,1/8388608,1/8388608,True,733187/16777216,True,True,all_integer_control|matched_density_hash,post_freeze_evaluator,0
3282,00000000000110011010010,23,23,True,-3461119/16777216,1/8388608,1/8388608,True,3461121/16777216,True,True,all_integer_control|matched_density_seeded_random,post_freeze_evaluator,0
3283,00000000000110011010011,23,23,True,4927489/16777216,1/8388608,1/8388608,True,4927491/16777216,True,True,all_integer_control,post_freeze_evaluator,0
3284,00000000000110011010100,23,23,True,-5558271/16777216,1/8388608,1/8388608,True,5558273/16777216,True,True,all_integer_control|arbitrary_decidable_modular,post_freeze_evaluator,0
3285,00000000000110011010101,23,23,True,2830337/16777216,1/8388608,1/8388608,True,2830339/16777216,True,True,all_integer_control|arbitrary_decidable_modular,post_freeze_evaluator,0
3286,00000000000110011010110,23,23,True,-1363967/16777216,1/8388608,1/8388608,True,1363969/16777216,True,True,all_integer_control,post_freeze_evaluator,0
3287,00000000000110011010111,23,23,True,7024641/16777216,1/8388608,1/8388608,True,7024643/16777216,True,True,all_integer_control|arbitrary_decidable_modular,post_freeze_evaluator,0
3288,00000000000110011011000,23,23,True,-6606847/16777216,1/8388608,1/8388608,True,6606849/16777216,True,True,all_integer_control|matched_density_seeded_random,post_freeze_evaluator,0
3289,00000000000110011011001,23,23,True,1781761/16777216,1/8388608,1/8388608,True,1781763/16777216,True,True,all_integer_control|matched_density_seeded_random|matched_density_hash,post_freeze_evaluator,0
3290,00000000000110011011010,23,23,True,-2412543/16777216,1/8388608,1/8388608,True,2412545/16777216,True,True,all_integer_control|matched_density_seeded_random,post_freeze_evaluator,0
3291,00000000000110011011011,23,23,True,5976065/16777216,1/8388608,1/8388608,True,5976067/16777216,True,True,all_integer_control|matched_density_hash|arbitrary_decidable_modular,post_freeze_evaluator,0
3292,00000000000110011011100,23,23,True,-4509695/16777216,1/8388608,1/8388608,True,4509697/16777216,True,True,all_integer_control|arbitrary_decidable_modular,post_freeze_evaluator,0
3293,00000000000110011011101,23,23,True,3878913/16777216,1/8388608,1/8388608,True,3878915/16777216,True,True,all_integer_control,post_freeze_evaluator,0
3294,00000000000110011011110,23,23,True,-315391/16777216,1/8388608,1/8388608,True,315393/16777216,True,True,all_integer_control|arbitrary_decidable_modular,post_freeze_evaluator,0
3295,00000000000110011011111,23,23,True,8073217/16777216,1/8388608,1/8388608,True,8073219/16777216,True,True,all_integer_control,post_freeze_evaluator,0
3296,00000000000110011100000,23,23,True,-7917567/16777216,1/8388608,1/8388608,True,7917569/16777216,True,True,all_integer_control,post_freeze_evaluator,0
3297,00000000000110011100001,23,23,True,471041/16777216,1/8388608,1/8388608,True,471043/16777216,True,True,all_integer_control|matched_density_seeded_random,post_freeze_evaluator,0
3298,00000000000110011100010,23,23,True,-3723263/16777216,1/8388608,1/8388608,True,3723265/16777216,True,True,all_integer_control|arbitrary_decidable_modular,post_freeze_evaluator,0
3299,00000000000110011100011,23,23,True,4665345/16777216,1/8388608,1/8388608,True,4665347/16777216,True,True,prime_evaluator|all_integer_control|matched_density_seeded_random|arbitrary_decidable_modular,post_freeze_evaluator,0
3300,00000000000110011100100,23,23,True,-5820415/16777216,1/8388608,1/8388608,True,5820417/16777216,True,True,all_integer_control,post_freeze_evaluator,0
3301,00000000000110011100101,23,23,True,2568193/16777216,1/8388608,1/8388608,True,2568195/16777216,True,True,prime_evaluator|all_integer_control|arbitrary_decidable_modular,post_freeze_evaluator,0
3302,00000000000110011100110,23,23,True,-1626111/16777216,1/8388608,1/8388608,True,1626113/16777216,True,True,all_integer_control,post_freeze_evaluator,0
3303,00000000000110011100111,23,23,True,6762497/16777216,1/8388608,1/8388608,True,6762499/16777216,True,True,all_integer_control,post_freeze_evaluator,0
3304,00000000000110011101000,23,23,True,-6868991/16777216,1/8388608,1/8388608,True,6868993/16777216,True,True,all_integer_control,post_freeze_evaluator,0
3305,00000000000110011101001,23,23,True,1519617/16777216,1/8388608,1/8388608,True,1519619/16777216,True,True,all_integer_control|arbitrary_decidable_modular,post_freeze_evaluator,0
3306,00000000000110011101010,23,23,True,-2674687/16777216,1/8388608,1/8388608,True,2674689/16777216,True,True,all_integer_control|arbitrary_decidable_modular,post_freeze_evaluator,0
3307,00000000000110011101011,23,23,True,5713921/16777216,1/8388608,1/8388608,True,5713923/16777216,True,True,prime_evaluator|all_integer_control,post_freeze_evaluator,0
3308,00000000000110011101100,23,23,True,-4771839/16777216,1/8388608,1/8388608,True,4771841/16777216,True,True,all_integer_control|arbitrary_decidable_modular,post_freeze_evaluator,0
3309,00000000000110011101101,23,23,True,3616769/16777216,1/8388608,1/8388608,True,3616771/16777216,True,True,all_integer_control,post_freeze_evaluator,0
3310,00000000000110011101110,23,23,True,-577535/16777216,1/8388608,1/8388608,True,577537/16777216,True,True,all_integer_control,post_freeze_evaluator,0
3311,00000000000110011101111,23,23,True,7811073/16777216,1/8388608,1/8388608,True,7811075/16777216,True,True,all_integer_control,post_freeze_evaluator,0
3312,00000000000110011110000,23,23,True,-7393279/16777216,1/8388608,1/8388608,True,7393281/16777216,True,True,all_integer_control|matched_density_seeded_random|arbitrary_decidable_modular,post_freeze_evaluator,0
3313,00000000000110011110001,23,23,True,995329/16777216,1/8388608,1/8388608,True,995331/16777216,True,True,prime_evaluator|all_integer_control|arbitrary_decidable_modular,post_freeze_evaluator,0
3314,00000000000110011110010,23,23,True,-3198975/16777216,1/8388608,1/8388608,True,3198977/16777216,True,True,all_integer_control,post_freeze_evaluator,0
3315,00000000000110011110011,23,23,True,5189633/16777216,1/8388608,1/8388608,True,5189635/16777216,True,True,all_integer_control|arbitrary_decidable_modular,post_freeze_evaluator,0
3316,00000000000110011110100,23,23,True,-5296127/16777216,1/8388608,1/8388608,True,5296129/16777216,True,True,all_integer_control,post_freeze_evaluator,0
3317,00000000000110011110101,23,23,True,3092481/16777216,1/8388608,1/8388608,True,3092483/16777216,True,True,all_integer_control,post_freeze_evaluator,0
3318,00000000000110011110110,23,23,True,-1101823/16777216,1/8388608,1/8388608,True,1101825/16777216,True,True,all_integer_control,post_freeze_evaluator,0
3319,00000000000110011110111,23,23,True,7286785/16777216,1/8388608,1/8388608,True,7286787/16777216,True,True,prime_evaluator|all_integer_control|arbitrary_decidable_modular,post_freeze_evaluator,0
3320,00000000000110011111000,23,23,True,-6344703/16777216,1/8388608,1/8388608,True,6344705/16777216,True,True,all_integer_control|arbitrary_decidable_modular,post_freeze_evaluator,0
3321,00000000000110011111001,23,23,True,2043905/16777216,1/8388608,1/8388608,True,2043907/16777216,True,True,all_integer_control,post_freeze_evaluator,0
3322,00000000000110011111010,23,23,True,-2150399/16777216,1/8388608,1/8388608,True,2150401/16777216,True,True,all_integer_control|matched_density_seeded_random|arbitrary_decidable_modular,post_freeze_evaluator,0
3323,00000000000110011111011,23,23,True,6238209/16777216,1/8388608,1/8388608,True,6238211/16777216,True,True,prime_evaluator|all_integer_control|matched_density_seeded_random,post_freeze_evaluator,0
3324,00000000000110011111100,23,23,True,-4247551/16777216,1/8388608,1/8388608,True,4247553/16777216,True,True,all_integer_control|matched_density_seeded_random,post_freeze_evaluator,0
3325,00000000000110011111101,23,23,True,4141057/16777216,1/8388608,1/8388608,True,4141059/16777216,True,True,all_integer_control,post_freeze_evaluator,0
3326,00000000000110011111110,23,23,True,-53247/16777216,1/8388608,1/8388608,True,53249/16777216,True,True,all_integer_control|matched_density_seeded_random|matched_density_hash|arbitrary_decidable_modular,post_freeze_evaluator,0
3327,00000000000110011111111,23,23,True,8335361/16777216,1/8388608,1/8388608,True,8335363/16777216,True,True,all_integer_control|arbitrary_decidable_modular,post_freeze_evaluator,0
3328,00000000000110100000000,23,23,True,-8343551/16777216,1/8388608,1/8388608,True,8343553/16777216,True,True,all_integer_control,post_freeze_evaluator,0
3329,00000000000110100000001,23,23,True,45057/16777216,1/8388608,1/8388608,True,45059/16777216,True,True,prime_evaluator|all_integer_control|arbitrary_decidable_modular,post_freeze_evaluator,0
3330,00000000000110100000010,23,23,True,-4149247/16777216,1/8388608,1/8388608,True,4149249/16777216,True,True,all_integer_control,post_freeze_evaluator,0
3331,00000000000110100000011,23,23,True,4239361/16777216,1/8388608,1/8388608,True,4239363/16777216,True,True,prime_evaluator|all_integer_control,post_freeze_evaluator,0
3332,00000000000110100000100,23,23,True,-6246399/16777216,1/8388608,1/8388608,True,6246401/16777216,True,True,all_integer_control|matched_density_hash,post_freeze_evaluator,0
3333,00000000000110100000101,23,23,True,2142209/16777216,1/8388608,1/8388608,True,2142211/16777216,True,True,all_integer_control|arbitrary_decidable_modular,post_freeze_evaluator,0
3334,00000000000110100000110,23,23,True,-2052095/16777216,1/8388608,1/8388608,True,2052097/16777216,True,True,all_integer_control|arbitrary_decidable_modular,post_freeze_evaluator,0
3335,00000000000110100000111,23,23,True,6336513/16777216,1/8388608,1/8388608,True,6336515/16777216,True,True,all_integer_control,post_freeze_evaluator,0
3336,00000000000110100001000,23,23,True,-7294975/16777216,1/8388608,1/8388608,True,7294977/16777216,True,True,all_integer_control|arbitrary_decidable_modular,post_freeze_evaluator,0
3337,00000000000110100001001,23,23,True,1093633/16777216,1/8388608,1/8388608,True,1093635/16777216,True,True,all_integer_control,post_freeze_evaluator,0
3338,00000000000110100001010,23,23,True,-3100671/16777216,1/8388608,1/8388608,True,3100673/16777216,True,True,all_integer_control|matched_density_hash,post_freeze_evaluator,0
3339,00000000000110100001011,23,23,True,5287937/16777216,1/8388608,1/8388608,True,5287939/16777216,True,True,all_integer_control,post_freeze_evaluator,0
3340,00000000000110100001100,23,23,True,-5197823/16777216,1/8388608,1/8388608,True,5197825/16777216,True,True,all_integer_control|arbitrary_decidable_modular,post_freeze_evaluator,0
3341,00000000000110100001101,23,23,True,3190785/16777216,1/8388608,1/8388608,True,3190787/16777216,True,True,all_integer_control|matched_density_seeded_random|arbitrary_decidable_modular,post_freeze_evaluator,0
3342,00000000000110100001110,23,23,True,-1003519/16777216,1/8388608,1/8388608,True,1003521/16777216,True,True,all_integer_control|matched_density_seeded_random,post_freeze_evaluator,0
3343,00000000000110100001111,23,23,True,7385089/16777216,1/8388608,1/8388608,True,7385091/16777216,True,True,prime_evaluator|all_integer_control|matched_density_hash|arbitrary_decidable_modular,post_freeze_evaluator,0
3344,00000000000110100010000,23,23,True,-7819263/16777216,1/8388608,1/8388608,True,7819265/16777216,True,True,all_integer_control,post_freeze_evaluator,0
3345,00000000000110100010001,23,23,True,569345/16777216,1/8388608,1/8388608,True,569347/16777216,True,True,all_integer_control,post_freeze_evaluator,0
3346,00000000000110100010010,23,23,True,-3624959/16777216,1/8388608,1/8388608,True,3624961/16777216,True,True,all_integer_control,post_freeze_evaluator,0
3347,00000000000110100010011,23,23,True,4763649/16777216,1/8388608,1/8388608,True,4763651/16777216,True,True,prime_evaluator|all_integer_control|arbitrary_decidable_modular,post_freeze_evaluator,0
3348,00000000000110100010100,23,23,True,-5722111/16777216,1/8388608,1/8388608,True,5722113/16777216,True,True,all_integer_control|arbitrary_decidable_modular,post_freeze_evaluator,0
3349,00000000000110100010101,23,23,True,2666497/16777216,1/8388608,1/8388608,True,2666499/16777216,True,True,all_integer_control,post_freeze_evaluator,0
3350,00000000000110100010110,23,23,True,-1527807/16777216,1/8388608,1/8388608,True,1527809/16777216,True,True,all_integer_control|arbitrary_decidable_modular,post_freeze_evaluator,0
3351,00000000000110100010111,23,23,True,6860801/16777216,1/8388608,1/8388608,True,6860803/16777216,True,True,all_integer_control,post_freeze_evaluator,0
3352,00000000000110100011000,23,23,True,-6770687/16777216,1/8388608,1/8388608,True,6770689/16777216,True,True,all_integer_control,post_freeze_evaluator,0
3353,00000000000110100011001,23,23,True,1617921/16777216,1/8388608,1/8388608,True,1617923/16777216,True,True,all_integer_control,post_freeze_evaluator,0
3354,00000000000110100011010,23,23,True,-2576383/16777216,1/8388608,1/8388608,True,2576385/16777216,True,True,all_integer_control|arbitrary_decidable_modular,post_freeze_evaluator,0
3355,00000000000110100011011,23,23,True,5812225/16777216,1/8388608,1/8388608,True,5812227/16777216,True,True,all_integer_control|arbitrary_decidable_modular,post_freeze_evaluator,0
3356,00000000000110100011100,23,23,True,-4673535/16777216,1/8388608,1/8388608,True,4673537/16777216,True,True,all_integer_control,post_freeze_evaluator,0
3357,00000000000110100011101,23,23,True,3715073/16777216,1/8388608,1/8388608,True,3715075/16777216,True,True,all_integer_control|arbitrary_decidable_modular,post_freeze_evaluator,0
3358,00000000000110100011110,23,23,True,-479231/16777216,1/8388608,1/8388608,True,479233/16777216,True,True,all_integer_control,post_freeze_evaluator,0
3359,00000000000110100011111,23,23,True,7909377/16777216,1/8388608,1/8388608,True,7909379/16777216,True,True,prime_evaluator|all_integer_control,post_freeze_evaluator,0
3360,00000000000110100100000,23,23,True,-8081407/16777216,1/8388608,1/8388608,True,8081409/16777216,True,True,all_integer_control,post_freeze_evaluator,0
3361,00000000000110100100001,23,23,True,307201/16777216,1/8388608,1/8388608,True,307203/16777216,True,True,prime_evaluator|all_integer_control|arbitrary_decidable_modular,post_freeze_evaluator,0
3362,00000000000110100100010,23,23,True,-3887103/16777216,1/8388608,1/8388608,True,3887105/16777216,True,True,all_integer_control|arbitrary_decidable_modular,post_freeze_evaluator,0
3363,00000000000110100100011,23,23,True,4501505/16777216,1/8388608,1/8388608,True,4501507/16777216,True,True,all_integer_control,post_freeze_evaluator,0
3364,00000000000110100100100,23,23,True,-5984255/16777216,1/8388608,1/8388608,True,5984257/16777216,True,True,square_control|all_integer_control|matched_density_seeded_random|arbitrary_decidable_modular,post_freeze_evaluator,0
3365,00000000000110100100101,23,23,True,2404353/16777216,1/8388608,1/8388608,True,2404355/16777216,True,True,all_integer_control,post_freeze_evaluator,0
3366,00000000000110100100110,23,23,True,-1789951/16777216,1/8388608,1/8388608,True,1789953/16777216,True,True,all_integer_control|matched_density_hash,post_freeze_evaluator,0
3367,00000000000110100100111,23,23,True,6598657/16777216,1/8388608,1/8388608,True,6598659/16777216,True,True,all_integer_control,post_freeze_evaluator,0
3368,00000000000110100101000,23,23,True,-7032831/16777216,1/8388608,1/8388608,True,7032833/16777216,True,True,all_integer_control|arbitrary_decidable_modular,post_freeze_evaluator,0
3369,00000000000110100101001,23,23,True,1355777/16777216,1/8388608,1/8388608,True,1355779/16777216,True,True,all_integer_control|arbitrary_decidable_modular,post_freeze_evaluator,0
3370,00000000000110100101010,23,23,True,-2838527/16777216,1/8388608,1/8388608,True,2838529/16777216,True,True,all_integer_control,post_freeze_evaluator,0
3371,00000000000110100101011,23,23,True,5550081/16777216,1/8388608,1/8388608,True,5550083/16777216,True,True,prime_evaluator|all_integer_control|arbitrary_decidable_modular,post_freeze_evaluator,0
3372,00000000000110100101100,23,23,True,-4935679/16777216,1/8388608,1/8388608,True,4935681/16777216,True,True,all_integer_control|matched_density_hash,post_freeze_evaluator,0
3373,00000000000110100101101,23,23,True,3452929/16777216,1/8388608,1/8388608,True,3452931/16777216,True,True,prime_evaluator|all_integer_control,post_freeze_evaluator,0
3374,00000000000110100101110,23,23,True,-741375/16777216,1/8388608,1/8388608,True,741377/16777216,True,True,all_integer_control,post_freeze_evaluator,0
3375,00000000000110100101111,23,23,True,7647233/16777216,1/8388608,1/8388608,True,7647235/16777216,True,True,all_integer_control|arbitrary_decidable_modular,post_freeze_evaluator,0
3376,00000000000110100110000,23,23,True,-7557119/16777216,1/8388608,1/8388608,True,7557121/16777216,True,True,all_integer_control|arbitrary_decidable_modular,post_freeze_evaluator,0
3377,00000000000110100110001,23,23,True,831489/16777216,1/8388608,1/8388608,True,831491/16777216,True,True,all_integer_control,post_freeze_evaluator,0
3378,00000000000110100110010,23,23,True,-3362815/16777216,1/8388608,1/8388608,True,3362817/16777216,True,True,all_integer_control|arbitrary_decidable_modular,post_freeze_evaluator,0
3379,00000000000110100110011,23,23,True,5025793/16777216,1/8388608,1/8388608,True,5025795/16777216,True,True,all_integer_control,post_freeze_evaluator,0
3380,00000000000110100110100,23,23,True,-5459967/16777216,1/8388608,1/8388608,True,5459969/16777216,True,True,all_integer_control,post_freeze_evaluator,0
3381,00000000000110100110101,23,23,True,2928641/16777216,1/8388608,1/8388608,True,2928643/16777216,True,True,all_integer_control,post_freeze_evaluator,0
3382,00000000000110100110110,23,23,True,-1265663/16777216,1/8388608,1/8388608,True,1265665/16777216,True,True,all_integer_control|arbitrary_decidable_modular,post_freeze_evaluator,0
3383,00000000000110100110111,23,23,True,7122945/16777216,1/8388608,1/8388608,True,7122947/16777216,True,True,all_integer_control|arbitrary_decidable_modular,post_freeze_evaluator,0
3384,00000000000110100111000,23,23,True,-6508543/16777216,1/8388608,1/8388608,True,6508545/16777216,True,True,all_integer_control|matched_density_hash,post_freeze_evaluator,0
3385,00000000000110100111001,23,23,True,1880065/16777216,1/8388608,1/8388608,True,1880067/16777216,True,True,all_integer_control|matched_density_seeded_random|arbitrary_decidable_modular,post_freeze_evaluator,0
3386,00000000000110100111010,23,23,True,-2314239/16777216,1/8388608,1/8388608,True,2314241/16777216,True,True,all_integer_control|matched_density_seeded_random,post_freeze_evaluator,0
3387,00000000000110100111011,23,23,True,6074369/16777216,1/8388608,1/8388608,True,6074371/16777216,True,True,all_integer_control,post_freeze_evaluator,0
3388,00000000000110100111100,23,23,True,-4411391/16777216,1/8388608,1/8388608,True,4411393/16777216,True,True,all_integer_control|matched_density_seeded_random,post_freeze_evaluator,0
3389,00000000000110100111101,23,23,True,3977217/16777216,1/8388608,1/8388608,True,3977219/16777216,True,True,prime_evaluator|all_integer_control|arbitrary_decidable_modular,post_freeze_evaluator,0
3390,00000000000110100111110,23,23,True,-217087/16777216,1/8388608,1/8388608,True,217089/16777216,True,True,all_integer_control|arbitrary_decidable_modular,post_freeze_evaluator,0
3391,00000000000110100111111,23,23,True,8171521/16777216,1/8388608,1/8388608,True,8171523/16777216,True,True,prime_evaluator|all_integer_control|matched_density_seeded_random,post_freeze_evaluator,0
3392,00000000000110101000000,23,23,True,-8212479/16777216,1/8388608,1/8388608,True,8212481/16777216,True,True,all_integer_control|arbitrary_decidable_modular,post_freeze_evaluator,0
3393,00000000000110101000001,23,23,True,176129/16777216,1/8388608,1/8388608,True,176131/16777216,True,True,all_integer_control|matched_density_seeded_random,post_freeze_evaluator,0
3394,00000000000110101000010,23,23,True,-4018175/16777216,1/8388608,1/8388608,True,4018177/16777216,True,True,all_integer_control|matched_density_hash,post_freeze_evaluator,0
3395,00000000000110101000011,23,23,True,4370433/16777216,1/8388608,1/8388608,True,4370435/16777216,True,True,all_integer_control,post_freeze_evaluator,0
3396,00000000000110101000100,23,23,True,-6115327/16777216,1/8388608,1/8388608,True,6115329/16777216,True,True,all_integer_control|arbitrary_decidable_modular,post_freeze_evaluator,0
3397,00000000000110101000101,23,23,True,2273281/16777216,1/8388608,1/8388608,True,2273283/16777216,True,True,all_integer_control|arbitrary_decidable_modular,post_freeze_evaluator,0
3398,00000000000110101000110,23,23,True,-1921023/16777216,1/8388608,1/8388608,True,1921025/16777216,True,True,all_integer_control,post_freeze_evaluator,0
3399,00000000000110101000111,23,23,True,6467585/16777216,1/8388608,1/8388608,True,6467587/16777216,True,True,all_integer_control|arbitrary_decidable_modular,post_freeze_evaluator,0
3400,00000000000110101001000,23,23,True,-7163903/16777216,1/8388608,1/8388608,True,7163905/16777216,True,True,all_integer_control|matched_density_hash,post_freeze_evaluator,0
3401,00000000000110101001001,23,23,True,1224705/16777216,1/8388608,1/8388608,True,1224707/16777216,True,True,all_integer_control,post_freeze_evaluator,0
3402,00000000000110101001010,23,23,True,-2969599/16777216,1/8388608,1/8388608,True,2969601/16777216,True,True,all_integer_control,post_freeze_evaluator,0
3403,00000000000110101001011,23,23,True,5419009/16777216,1/8388608,1/8388608,True,5419011/16777216,True,True,all_integer_control|arbitrary_decidable_modular,post_freeze_evaluator,0
3404,00000000000110101001100,23,23,True,-5066751/16777216,1/8388608,1/8388608,True,5066753/16777216,True,True,all_integer_control|arbitrary_decidable_modular,post_freeze_evaluator,0
3405,00000000000110101001101,23,23,True,3321857/16777216,1/8388608,1/8388608,True,3321859/16777216,True,True,all_integer_control|matched_density_seeded_random,post_freeze_evaluator,0
3406,00000000000110101001110,23,23,True,-872447/16777216,1/8388608,1/8388608,True,872449/16777216,True,True,all_integer_control|arbitrary_decidable_modular,post_freeze_evaluator,0
3407,00000000000110101001111,23,23,True,7516161/16777216,1/8388608,1/8388608,True,7516163/16777216,True,True,prime_evaluator|all_integer_control,post_freeze_evaluator,0
3408,00000000000110101010000,23,23,True,-7688191/16777216,1/8388608,1/8388608,True,7688193/16777216,True,True,all_integer_control,post_freeze_evaluator,0
3409,00000000000110101010001,23,23,True,700417/16777216,1/8388608,1/8388608,True,700419/16777216,True,True,all_integer_control,post_freeze_evaluator,0
3410,00000000000110101010010,23,23,True,-3493887/16777216,1/8388608,1/8388608,True,3493889/16777216,True,True,all_integer_control|arbitrary_decidable_modular,post_freeze_evaluator,0
3411,00000000000110101010011,23,23,True,4894721/16777216,1/8388608,1/8388608,True,4894723/16777216,True,True,all_integer_control|matched_density_seeded_random|arbitrary_decidable_modular,post_freeze_evaluator,0
3412,00000000000110101010100,23,23,True,-5591039/16777216,1/8388608,1/8388608,True,5591041/16777216,True,True,all_integer_control,post_freeze_evaluator,0
3413,00000000000110101010101,23,23,True,2797569/16777216,1/8388608,1/8388608,True,2797571/16777216,True,True,prime_evaluator|all_integer_control|arbitrary_decidable_modular,post_freeze_evaluator,0
3414,00000000000110101010110,23,23,True,-1396735/16777216,1/8388608,1/8388608,True,1396737/16777216,True,True,all_integer_control,post_freeze_evaluator,0
3415,00000000000110101010111,23,23,True,6991873/16777216,1/8388608,1/8388608,True,6991875/16777216,True,True,all_integer_control,post_freeze_evaluator,0
3416,00000000000110101011000,23,23,True,-6639615/16777216,1/8388608,1/8388608,True,6639617/16777216,True,True,all_integer_control|matched_density_hash,post_freeze_evaluator,0
3417,00000000000110101011001,23,23,True,1748993/16777216,1/8388608,1/8388608,True,1748995/16777216,True,True,all_integer_control|matched_density_hash|arbitrary_decidable_modular,post_freeze_evaluator,0
3418,00000000000110101011010,23,23,True,-2445311/16777216,1/8388608,1/8388608,True,2445313/16777216,True,True,all_integer_control|arbitrary_decidable_modular,post_freeze_evaluator,0
3419,00000000000110101011011,23,23,True,5943297/16777216,1/8388608,1/8388608,True,5943299/16777216,True,True,all_integer_control,post_freeze_evaluator,0
3420,00000000000110101011100,23,23,True,-4542463/16777216,1/8388608,1/8388608,True,4542465/16777216,True,True,all_integer_control|arbitrary_decidable_modular,post_freeze_evaluator,0
3421,00000000000110101011101,23,23,True,3846145/16777216,1/8388608,1/8388608,True,3846147/16777216,True,True,all_integer_control,post_freeze_evaluator,0
3422,00000000000110101011110,23,23,True,-348159/16777216,1/8388608,1/8388608,True,348161/16777216,True,True,all_integer_control,post_freeze_evaluator,0
3423,00000000000110101011111,23,23,True,8040449/16777216,1/8388608,1/8388608,True,8040451/16777216,True,True,all_integer_control,post_freeze_evaluator,0
3424,00000000000110101100000,23,23,True,-7950335/16777216,1/8388608,1/8388608,True,7950337/16777216,True,True,all_integer_control|arbitrary_decidable_modular,post_freeze_evaluator,0
3425,00000000000110101100001,23,23,True,438273/16777216,1/8388608,1/8388608,True,438275/16777216,True,True,all_integer_control|arbitrary_decidable_modular,post_freeze_evaluator,0
3426,00000000000110101100010,23,23,True,-3756031/16777216,1/8388608,1/8388608,True,3756033/16777216,True,True,all_integer_control,post_freeze_evaluator,0
3427,00000000000110101100011,23,23,True,4632577/16777216,1/8388608,1/8388608,True,4632579/16777216,True,True,all_integer_control|arbitrary_decidable_modular,post_freeze_evaluator,0
3428,00000000000110101100100,23,23,True,-5853183/16777216,1/8388608,1/8388608,True,5853185/16777216,True,True,all_integer_control,post_freeze_evaluator,0
3429,00000000000110101100101,23,23,True,2535425/16777216,1/8388608,1/8388608,True,2535427/16777216,True,True,all_integer_control,post_freeze_evaluator,0
3430,00000000000110101100110,23,23,True,-1658879/16777216,1/8388608,1/8388608,True,1658881/16777216,True,True,all_integer_control,post_freeze_evaluator,0
3431,00000000000110101100111,23,23,True,6729729/16777216,1/8388608,1/8388608,True,6729731/16777216,True,True,all_integer_control|matched_density_seeded_random|arbitrary_decidable_modular,post_freeze_evaluator,0
3432,00000000000110101101000,23,23,True,-6901759/16777216,1/8388608,1/8388608,True,6901761/16777216,True,True,all_integer_control|arbitrary_decidable_modular,post_freeze_evaluator,0
3433,00000000000110101101001,23,23,True,1486849/16777216,1/8388608,1/8388608,True,1486851/16777216,True,True,prime_evaluator|all_integer_control,post_freeze_evaluator,0
3434,00000000000110101101010,23,23,True,-2707455/16777216,1/8388608,1/8388608,True,2707457/16777216,True,True,all_integer_control|arbitrary_decidable_modular,post_freeze_evaluator,0
3435,00000000000110101101011,23,23,True,5681153/16777216,1/8388608,1/8388608,True,5681155/16777216,True,True,all_integer_control,post_freeze_evaluator,0
3436,00000000000110101101100,23,23,True,-4804607/16777216,1/8388608,1/8388608,True,4804609/16777216,True,True,all_integer_control,post_freeze_evaluator,0
3437,00000000000110101101101,23,23,True,3584001/16777216,1/8388608,1/8388608,True,3584003/16777216,True,True,all_integer_control,post_freeze_evaluator,0
3438,00000000000110101101110,23,23,True,-610303/16777216,1/8388608,1/8388608,True,610305/16777216,True,True,all_integer_control|arbitrary_decidable_modular,post_freeze_evaluator,0
3439,00000000000110101101111,23,23,True,7778305/16777216,1/8388608,1/8388608,True,7778307/16777216,True,True,all_integer_control|arbitrary_decidable_modular,post_freeze_evaluator,0
3440,00000000000110101110000,23,23,True,-7426047/16777216,1/8388608,1/8388608,True,7426049/16777216,True,True,all_integer_control|matched_density_hash,post_freeze_evaluator,0
3441,00000000000110101110001,23,23,True,962561/16777216,1/8388608,1/8388608,True,962563/16777216,True,True,all_integer_control|matched_density_hash|arbitrary_decidable_modular,post_freeze_evaluator,0
3442,00000000000110101110010,23,23,True,-3231743/16777216,1/8388608,1/8388608,True,3231745/16777216,True,True,all_integer_control,post_freeze_evaluator,0
3443,00000000000110101110011,23,23,True,5156865/16777216,1/8388608,1/8388608,True,5156867/16777216,True,True,all_integer_control,post_freeze_evaluator,0
3444,00000000000110101110100,23,23,True,-5328895/16777216,1/8388608,1/8388608,True,5328897/16777216,True,True,all_integer_control,post_freeze_evaluator,0
3445,00000000000110101110101,23,23,True,3059713/16777216,1/8388608,1/8388608,True,3059715/16777216,True,True,all_integer_control|arbitrary_decidable_modular,post_freeze_evaluator,0
3446,00000000000110101110110,23,23,True,-1134591/16777216,1/8388608,1/8388608,True,1134593/16777216,True,True,all_integer_control|arbitrary_decidable_modular,post_freeze_evaluator,0
3447,00000000000110101110111,23,23,True,7254017/16777216,1/8388608,1/8388608,True,7254019/16777216,True,True,all_integer_control|matched_density_hash,post_freeze_evaluator,0
3448,00000000000110101111000,23,23,True,-6377471/16777216,1/8388608,1/8388608,True,6377473/16777216,True,True,all_integer_control|matched_density_hash|arbitrary_decidable_modular,post_freeze_evaluator,0
3449,00000000000110101111001,23,23,True,2011137/16777216,1/8388608,1/8388608,True,2011139/16777216,True,True,prime_evaluator|all_integer_control,post_freeze_evaluator,0
3450,00000000000110101111010,23,23,True,-2183167/16777216,1/8388608,1/8388608,True,2183169/16777216,True,True,all_integer_control,post_freeze_evaluator,0
3451,00000000000110101111011,23,23,True,6205441/16777216,1/8388608,1/8388608,True,6205443/16777216,True,True,all_integer_control,post_freeze_evaluator,0
3452,00000000000110101111100,23,23,True,-4280319/16777216,1/8388608,1/8388608,True,4280321/16777216,True,True,all_integer_control|matched_density_seeded_random|matched_density_hash|arbitrary_decidable_modular,post_freeze_evaluator,0
3453,00000000000110101111101,23,23,True,4108289/16777216,1/8388608,1/8388608,True,4108291/16777216,True,True,all_integer_control|matched_density_seeded_random|matched_density_hash|arbitrary_decidable_modular,post_freeze_evaluator,0
3454,00000000000110101111110,23,23,True,-86015/16777216,1/8388608,1/8388608,True,86017/16777216,True,True,all_integer_control,post_freeze_evaluator,0
3455,00000000000110101111111,23,23,True,8302593/16777216,1/8388608,1/8388608,True,8302595/16777216,True,True,all_integer_control|arbitrary_decidable_modular,post_freeze_evaluator,0
3456,00000000000110110000000,23,23,True,-8278015/16777216,1/8388608,1/8388608,True,8278017/16777216,True,True,all_integer_control,post_freeze_evaluator,0
3457,00000000000110110000001,23,23,True,110593/16777216,1/8388608,1/8388608,True,110595/16777216,True,True,prime_evaluator|all_integer_control,post_freeze_evaluator,0
3458,00000000000110110000010,23,23,True,-4083711/16777216,1/8388608,1/8388608,True,4083713/16777216,True,True,all_integer_control,post_freeze_evaluator,0
3459,00000000000110110000011,23,23,True,4304897/16777216,1/8388608,1/8388608,True,4304899/16777216,True,True,all_integer_control|arbitrary_decidable_modular,post_freeze_evaluator,0
3460,00000000000110110000100,23,23,True,-6180863/16777216,1/8388608,1/8388608,True,6180865/16777216,True,True,all_integer_control|arbitrary_decidable_modular,post_freeze_evaluator,0
3461,00000000000110110000101,23,23,True,2207745/16777216,1/8388608,1/8388608,True,2207747/16777216,True,True,prime_evaluator|all_integer_control|matched_density_hash,post_freeze_evaluator,0
3462,00000000000110110000110,23,23,True,-1986559/16777216,1/8388608,1/8388608,True,1986561/16777216,True,True,all_integer_control|arbitrary_decidable_modular,post_freeze_evaluator,0
3463,00000000000110110000111,23,23,True,6402049/16777216,1/8388608,1/8388608,True,6402051/16777216,True,True,prime_evaluator|all_integer_control,post_freeze_evaluator,0
3464,00000000000110110001000,23,23,True,-7229439/16777216,1/8388608,1/8388608,True,7229441/16777216,True,True,all_integer_control,post_freeze_evaluator,0
3465,00000000000110110001001,23,23,True,1159169/16777216,1/8388608,1/8388608,True,1159171/16777216,True,True,all_integer_control|matched_density_seeded_random|matched_density_hash,post_freeze_evaluator,0
3466,00000000000110110001010,23,23,True,-3035135/16777216,1/8388608,1/8388608,True,3035137/16777216,True,True,all_integer_control|matched_density_hash|arbitrary_decidable_modular,post_freeze_evaluator,0
3467,00000000000110110001011,23,23,True,5353473/16777216,1/8388608,1/8388608,True,5353475/16777216,True,True,prime_evaluator|all_integer_control|arbitrary_decidable_modular,post_freeze_evaluator,0
3468,00000000000110110001100,23,23,True,-5132287/16777216,1/8388608,1/8388608,True,5132289/16777216,True,True,all_integer_control,post_freeze_evaluator,0
3469,00000000000110110001101,23,23,True,3256321/16777216,1/8388608,1/8388608,True,3256323/16777216,True,True,prime_evaluator|all_integer_control|arbitrary_decidable_modular,post_freeze_evaluator,0
3470,00000000000110110001110,23,23,True,-937983/16777216,1/8388608,1/8388608,True,937985/16777216,True,True,all_integer_control,post_freeze_evaluator,0
3471,00000000000110110001111,23,23,True,7450625/16777216,1/8388608,1/8388608,True,7450627/16777216,True,True,all_integer_control,post_freeze_evaluator,0
3472,00000000000110110010000,23,23,True,-7753727/16777216,1/8388608,1/8388608,True,7753729/16777216,True,True,all_integer_control,post_freeze_evaluator,0
3473,00000000000110110010001,23,23,True,634881/16777216,1/8388608,1/8388608,True,634883/16777216,True,True,all_integer_control|arbitrary_decidable_modular,post_freeze_evaluator,0
3474,00000000000110110010010,23,23,True,-3559423/16777216,1/8388608,1/8388608,True,3559425/16777216,True,True,all_integer_control|arbitrary_decidable_modular,post_freeze_evaluator,0
3475,00000000000110110010011,23,23,True,4829185/16777216,1/8388608,1/8388608,True,4829187/16777216,True,True,all_integer_control|matched_density_hash,post_freeze_evaluator,0
3476,00000000000110110010100,23,23,True,-5656575/16777216,1/8388608,1/8388608,True,5656577/16777216,True,True,all_integer_control|arbitrary_decidable_modular,post_freeze_evaluator,0
3477,00000000000110110010101,23,23,True,2732033/16777216,1/8388608,1/8388608,True,2732035/16777216,True,True,all_integer_control,post_freeze_evaluator,0
3478,00000000000110110010110,23,23,True,-1462271/16777216,1/8388608,1/8388608,True,1462273/16777216,True,True,all_integer_control,post_freeze_evaluator,0
3479,00000000000110110010111,23,23,True,6926337/16777216,1/8388608,1/8388608,True,6926339/16777216,True,True,all_integer_control,post_freeze_evaluator,0
3480,00000000000110110011000,23,23,True,-6705151/16777216,1/8388608,1/8388608,True,6705153/16777216,True,True,all_integer_control|matched_density_seeded_random|arbitrary_decidable_modular,post_freeze_evaluator,0
3481,00000000000110110011001,23,23,True,1683457/16777216,1/8388608,1/8388608,True,1683459/16777216,True,True,square_control|all_integer_control|arbitrary_decidable_modular,post_freeze_evaluator,0
3482,00000000000110110011010,23,23,True,-2510847/16777216,1/8388608,1/8388608,True,2510849/16777216,True,True,all_integer_control,post_freeze_evaluator,0
3483,00000000000110110011011,23,23,True,5877761/16777216,1/8388608,1/8388608,True,5877763/16777216,True,True,all_integer_control|arbitrary_decidable_modular,post_freeze_evaluator,0
3484,00000000000110110011100,23,23,True,-4607999/16777216,1/8388608,1/8388608,True,4608001/16777216,True,True,all_integer_control,post_freeze_evaluator,0
3485,00000000000110110011101,23,23,True,3780609/16777216,1/8388608,1/8388608,True,3780611/16777216,True,True,all_integer_control,post_freeze_evaluator,0
3486,00000000000110110011110,23,23,True,-413695/16777216,1/8388608,1/8388608,True,413697/16777216,True,True,all_integer_control,post_freeze_evaluator,0
3487,00000000000110110011111,23,23,True,7974913/16777216,1/8388608,1/8388608,True,7974915/16777216,True,True,all_integer_control|matched_density_hash|arbitrary_decidable_modular,post_freeze_evaluator,0
3488,00000000000110110100000,23,23,True,-8015871/16777216,1/8388608,1/8388608,True,8015873/16777216,True,True,all_integer_control|arbitrary_decidable_modular,post_freeze_evaluator,0
3489,00000000000110110100001,23,23,True,372737/16777216,1/8388608,1/8388608,True,372739/16777216,True,True,all_integer_control,post_freeze_evaluator,0
3490,00000000000110110100010,23,23,True,-3821567/16777216,1/8388608,1/8388608,True,3821569/16777216,True,True,all_integer_control|arbitrary_decidable_modular,post_freeze_evaluator,0
3491,00000000000110110100011,23,23,True,4567041/16777216,1/8388608,1/8388608,True,4567043/16777216,True,True,prime_evaluator|all_integer_control,post_freeze_evaluator,0
3492,00000000000110110100100,23,23,True,-5918719/16777216,1/8388608,1/8388608,True,5918721/16777216,True,True,all_integer_control|matched_density_seeded_random,post_freeze_evaluator,0
3493,00000000000110110100101,23,23,True,2469889/16777216,1/8388608,1/8388608,True,2469891/16777216,True,True,all_integer_control|matched_density_seeded_random|matched_density_hash,post_freeze_evaluator,0
3494,00000000000110110100110,23,23,True,-1724415/16777216,1/8388608,1/8388608,True,1724417/16777216,True,True,all_integer_control|arbitrary_decidable_modular,post_freeze_evaluator,0
3495,00000000000110110100111,23,23,True,6664193/16777216,1/8388608,1/8388608,True,6664195/16777216,True,True,all_integer_control|arbitrary_decidable_modular,post_freeze_evaluator,0
3496,00000000000110110101000,23,23,True,-6967295/16777216,1/8388608,1/8388608,True,6967297/16777216,True,True,all_integer_control|matched_density_seeded_random,post_freeze_evaluator,0
3497,00000000000110110101001,23,23,True,1421313/16777216,1/8388608,1/8388608,True,1421315/16777216,True,True,all_integer_control|arbitrary_decidable_modular,post_freeze_evaluator,0
3498,00000000000110110101010,23,23,True,-2772991/16777216,1/8388608,1/8388608,True,2772993/16777216,True,True,all_integer_control,post_freeze_evaluator,0
3499,00000000000110110101011,23,23,True,5615617/16777216,1/8388608,1/8388608,True,5615619/16777216,True,True,prime_evaluator|all_integer_control,post_freeze_evaluator,0
3500,00000000000110110101100,23,23,True,-4870143/16777216,1/8388608,1/8388608,True,4870145/16777216,True,True,all_integer_control,post_freeze_evaluator,0
3501,00000000000110110101101,23,23,True,3518465/16777216,1/8388608,1/8388608,True,3518467/16777216,True,True,all_integer_control|matched_density_hash|arbitrary_decidable_modular,post_freeze_evaluator,0
3502,00000000000110110101110,23,23,True,-675839/16777216,1/8388608,1/8388608,True,675841/16777216,True,True,all_integer_control|arbitrary_decidable_modular,post_freeze_evaluator,0
3503,00000000000110110101111,23,23,True,7712769/16777216,1/8388608,1/8388608,True,7712771/16777216,True,True,all_integer_control,post_freeze_evaluator,0
3504,00000000000110110110000,23,23,True,-7491583/16777216,1/8388608,1/8388608,True,7491585/16777216,True,True,all_integer_control|arbitrary_decidable_modular,post_freeze_evaluator,0
3505,00000000000110110110001,23,23,True,897025/16777216,1/8388608,1/8388608,True,897027/16777216,True,True,all_integer_control,post_freeze_evaluator,0
3506,00000000000110110110010,23,23,True,-3297279/16777216,1/8388608,1/8388608,True,3297281/16777216,True,True,all_integer_control,post_freeze_evaluator,0
3507,00000000000110110110011,23,23,True,5091329/16777216,1/8388608,1/8388608,True,5091331/16777216,True,True,all_integer_control|matched_density_seeded_random,post_freeze_evaluator,0
3508,00000000000110110110100,23,23,True,-5394431/16777216,1/8388608,1/8388608,True,5394433/16777216,True,True,all_integer_control|matched_density_seeded_random|arbitrary_decidable_modular,post_freeze_evaluator,0
3509,00000000000110110110101,23,23,True,2994177/16777216,1/8388608,1/8388608,True,2994179/16777216,True,True,all_integer_control|arbitrary_decidable_modular,post_freeze_evaluator,0
3510,00000000000110110110110,23,23,True,-1200127/16777216,1/8388608,1/8388608,True,1200129/16777216,True,True,all_integer_control,post_freeze_evaluator,0
3511,00000000000110110110111,23,23,True,7188481/16777216,1/8388608,1/8388608,True,7188483/16777216,True,True,prime_evaluator|all_integer_control|arbitrary_decidable_modular,post_freeze_evaluator,0
3512,00000000000110110111000,23,23,True,-6443007/16777216,1/8388608,1/8388608,True,6443009/16777216,True,True,all_integer_control,post_freeze_evaluator,0
3513,00000000000110110111001,23,23,True,1945601/16777216,1/8388608,1/8388608,True,1945603/16777216,True,True,all_integer_control,post_freeze_evaluator,0
3514,00000000000110110111010,23,23,True,-2248703/16777216,1/8388608,1/8388608,True,2248705/16777216,True,True,all_integer_control,post_freeze_evaluator,0
3515,00000000000110110111011,23,23,True,6139905/16777216,1/8388608,1/8388608,True,6139907/16777216,True,True,all_integer_control|matched_density_hash|arbitrary_decidable_modular,post_freeze_evaluator,0
3516,00000000000110110111100,23,23,True,-4345855/16777216,1/8388608,1/8388608,True,4345857/16777216,True,True,all_integer_control|matched_density_seeded_random|arbitrary_decidable_modular,post_freeze_evaluator,0
3517,00000000000110110111101,23,23,True,4042753/16777216,1/8388608,1/8388608,True,4042755/16777216,True,True,prime_evaluator|all_integer_control,post_freeze_evaluator,0
3518,00000000000110110111110,23,23,True,-151551/16777216,1/8388608,1/8388608,True,151553/16777216,True,True,all_integer_control|arbitrary_decidable_modular,post_freeze_evaluator,0
3519,00000000000110110111111,23,23,True,8237057/16777216,1/8388608,1/8388608,True,8237059/16777216,True,True,all_integer_control,post_freeze_evaluator,0
3520,00000000000110111000000,23,23,True,-8146943/16777216,1/8388608,1/8388608,True,8146945/16777216,True,True,all_integer_control,post_freeze_evaluator,0
3521,00000000000110111000001,23,23,True,241665/16777216,1/8388608,1/8388608,True,241667/16777216,True,True,all_integer_control,post_freeze_evaluator,0
3522,00000000000110111000010,23,23,True,-3952639/16777216,1/8388608,1/8388608,True,3952641/16777216,True,True,all_integer_control|arbitrary_decidable_modular,post_freeze_evaluator,0
3523,00000000000110111000011,23,23,True,4435969/16777216,1/8388608,1/8388608,True,4435971/16777216,True,True,all_integer_control|matched_density_seeded_random|arbitrary_decidable_modular,post_freeze_evaluator,0
3524,00000000000110111000100,23,23,True,-6049791/16777216,1/8388608,1/8388608,True,6049793/16777216,True,True,all_integer_control,post_freeze_evaluator,0
3525,00000000000110111000101,23,23,True,2338817/16777216,1/8388608,1/8388608,True,2338819/16777216,True,True,all_integer_control|arbitrary_decidable_modular,post_freeze_evaluator,0
3526,00000000000110111000110,23,23,True,-1855487/16777216,1/8388608,1/8388608,True,1855489/16777216,True,True,all_integer_control,post_freeze_evaluator,0
3527,00000000000110111000111,23,23,True,6533121/16777216,1/8388608,1/8388608,True,6533123/16777216,True,True,prime_evaluator|all_integer_control,post_freeze_evaluator,0
3528,00000000000110111001000,23,23,True,-7098367/16777216,1/8388608,1/8388608,True,7098369/16777216,True,True,all_integer_control,post_freeze_evaluator,0
3529,00000000000110111001001,23,23,True,1290241/16777216,1/8388608,1/8388608,True,1290243/16777216,True,True,prime_evaluator|all_integer_control|arbitrary_decidable_modular,post_freeze_evaluator,0
3530,00000000000110111001010,23,23,True,-2904063/16777216,1/8388608,1/8388608,True,2904065/16777216,True,True,all_integer_control|arbitrary_decidable_modular,post_freeze_evaluator,0
3531,00000000000110111001011,23,23,True,5484545/16777216,1/8388608,1/8388608,True,5484547/16777216,True,True,all_integer_control,post_freeze_evaluator,0
3532,00000000000110111001100,23,23,True,-5001215/16777216,1/8388608,1/8388608,True,5001217/16777216,True,True,all_integer_control|matched_density_hash|arbitrary_decidable_modular,post_freeze_evaluator,0
3533,00000000000110111001101,23,23,True,3387393/16777216,1/8388608,1/8388608,True,3387395/16777216,True,True,prime_evaluator|all_integer_control,post_freeze_evaluator,0
3534,00000000000110111001110,23,23,True,-806911/16777216,1/8388608,1/8388608,True,806913/16777216,True,True,all_integer_control,post_freeze_evaluator,0
3535,00000000000110111001111,23,23,True,7581697/16777216,1/8388608,1/8388608,True,7581699/16777216,True,True,all_integer_control,post_freeze_evaluator,0
3536,00000000000110111010000,23,23,True,-7622655/16777216,1/8388608,1/8388608,True,7622657/16777216,True,True,all_integer_control|arbitrary_decidable_modular,post_freeze_evaluator,0
3537,00000000000110111010001,23,23,True,765953/16777216,1/8388608,1/8388608,True,765955/16777216,True,True,all_integer_control|arbitrary_decidable_modular,post_freeze_evaluator,0
3538,00000000000110111010010,23,23,True,-3428351/16777216,1/8388608,1/8388608,True,3428353/16777216,True,True,all_integer_control,post_freeze_evaluator,0
3539,00000000000110111010011,23,23,True,4960257/16777216,1/8388608,1/8388608,True,4960259/16777216,True,True,prime_evaluator|all_integer_control|matched_density_hash|arbitrary_decidable_modular,post_freeze_evaluator,0
3540,00000000000110111010100,23,23,True,-5525503/16777216,1/8388608,1/8388608,True,5525505/16777216,True,True,all_integer_control,post_freeze_evaluator,0
3541,00000000000110111010101,23,23,True,2863105/16777216,1/8388608,1/8388608,True,2863107/16777216,True,True,prime_evaluator|all_integer_control,post_freeze_evaluator,0
3542,00000000000110111010110,23,23,True,-1331199/16777216,1/8388608,1/8388608,True,1331201/16777216,True,True,all_integer_control,post_freeze_evaluator,0
3543,00000000000110111010111,23,23,True,7057409/16777216,1/8388608,1/8388608,True,7057411/16777216,True,True,all_integer_control|arbitrary_decidable_modular,post_freeze_evaluator,0
3544,00000000000110111011000,23,23,True,-6574079/16777216,1/8388608,1/8388608,True,6574081/16777216,True,True,all_integer_control|arbitrary_decidable_modular,post_freeze_evaluator,0
3545,00000000000110111011001,23,23,True,1814529/16777216,1/8388608,1/8388608,True,1814531/16777216,True,True,all_integer_control,post_freeze_evaluator,0
3546,00000000000110111011010,23,23,True,-2379775/16777216,1/8388608,1/8388608,True,2379777/16777216,True,True,all_integer_control|arbitrary_decidable_modular,post_freeze_evaluator,0
3547,00000000000110111011011,23,23,True,6008833/16777216,1/8388608,1/8388608,True,6008835/16777216,True,True,prime_evaluator|all_integer_control,post_freeze_evaluator,0
3548,00000000000110111011100,23,23,True,-4476927/16777216,1/8388608,1/8388608,True,4476929/16777216,True,True,all_integer_control,post_freeze_evaluator,0
3549,00000000000110111011101,23,23,True,3911681/16777216,1/8388608,1/8388608,True,3911683/16777216,True,True,all_integer_control,post_freeze_evaluator,0
3550,00000000000110111011110,23,23,True,-282623/16777216,1/8388608,1/8388608,True,282625/16777216,True,True,all_integer_control|arbitrary_decidable_modular,post_freeze_evaluator,0
3551,00000000000110111011111,23,23,True,8105985/16777216,1/8388608,1/8388608,True,8105987/16777216,True,True,all_integer_control|matched_density_hash|arbitrary_decidable_modular,post_freeze_evaluator,0
3552,00000000000110111100000,23,23,True,-7884799/16777216,1/8388608,1/8388608,True,7884801/16777216,True,True,all_integer_control|matched_density_hash,post_freeze_evaluator,0
3553,00000000000110111100001,23,23,True,503809/16777216,1/8388608,1/8388608,True,503811/16777216,True,True,all_integer_control|arbitrary_decidable_modular,post_freeze_evaluator,0
3554,00000000000110111100010,23,23,True,-3690495/16777216,1/8388608,1/8388608,True,3690497/16777216,True,True,all_integer_control,post_freeze_evaluator,0
3555,00000000000110111100011,23,23,True,4698113/16777216,1/8388608,1/8388608,True,4698115/16777216,True,True,all_integer_control|matched_density_seeded_random|matched_density_hash,post_freeze_evaluator,0
3556,00000000000110111100100,23,23,True,-5787647/16777216,1/8388608,1/8388608,True,5787649/16777216,True,True,all_integer_control|matched_density_seeded_random,post_freeze_evaluator,0
3557,00000000000110111100101,23,23,True,2600961/16777216,1/8388608,1/8388608,True,2600963/16777216,True,True,prime_evaluator|all_integer_control|matched_density_hash|arbitrary_decidable_modular,post_freeze_evaluator,0
3558,00000000000110111100110,23,23,True,-1593343/16777216,1/8388608,1/8388608,True,1593345/16777216,True,True,all_integer_control|arbitrary_decidable_modular,post_freeze_evaluator,0
3559,00000000000110111100111,23,23,True,6795265/16777216,1/8388608,1/8388608,True,6795267/16777216,True,True,prime_evaluator|all_integer_control,post_freeze_evaluator,0
3560,00000000000110111101000,23,23,True,-6836223/16777216,1/8388608,1/8388608,True,6836225/16777216,True,True,all_integer_control|arbitrary_decidable_modular,post_freeze_evaluator,0
3561,00000000000110111101001,23,23,True,1552385/16777216,1/8388608,1/8388608,True,1552387/16777216,True,True,all_integer_control|matched_density_seeded_random,post_freeze_evaluator,0
3562,00000000000110111101010,23,23,True,-2641919/16777216,1/8388608,1/8388608,True,2641921/16777216,True,True,all_integer_control|matched_density_seeded_random,post_freeze_evaluator,0
3563,00000000000110111101011,23,23,True,5746689/16777216,1/8388608,1/8388608,True,5746691/16777216,True,True,all_integer_control,post_freeze_evaluator,0
3564,00000000000110111101100,23,23,True,-4739071/16777216,1/8388608,1/8388608,True,4739073/16777216,True,True,all_integer_control|arbitrary_decidable_modular,post_freeze_evaluator,0
3565,00000000000110111101101,23,23,True,3649537/16777216,1/8388608,1/8388608,True,3649539/16777216,True,True,all_integer_control|arbitrary_decidable_modular,post_freeze_evaluator,0
3566,00000000000110111101110,23,23,True,-544767/16777216,1/8388608,1/8388608,True,544769/16777216,True,True,all_integer_control,post_freeze_evaluator,0
3567,00000000000110111101111,23,23,True,7843841/16777216,1/8388608,1/8388608,True,7843843/16777216,True,True,all_integer_control|arbitrary_decidable_modular,post_freeze_evaluator,0
3568,00000000000110111110000,23,23,True,-7360511/16777216,1/8388608,1/8388608,True,7360513/16777216,True,True,all_integer_control|matched_density_seeded_random,post_freeze_evaluator,0
3569,00000000000110111110001,23,23,True,1028097/16777216,1/8388608,1/8388608,True,1028099/16777216,True,True,all_integer_control,post_freeze_evaluator,0
3570,00000000000110111110010,23,23,True,-3166207/16777216,1/8388608,1/8388608,True,3166209/16777216,True,True,all_integer_control,post_freeze_evaluator,0
3571,00000000000110111110011,23,23,True,5222401/16777216,1/8388608,1/8388608,True,5222403/16777216,True,True,prime_evaluator|all_integer_control|arbitrary_decidable_modular,post_freeze_evaluator,0
3572,00000000000110111110100,23,23,True,-5263359/16777216,1/8388608,1/8388608,True,5263361/16777216,True,True,all_integer_control|arbitrary_decidable_modular,post_freeze_evaluator,0
3573,00000000000110111110101,23,23,True,3125249/16777216,1/8388608,1/8388608,True,3125251/16777216,True,True,all_integer_control|matched_density_hash,post_freeze_evaluator,0
3574,00000000000110111110110,23,23,True,-1069055/16777216,1/8388608,1/8388608,True,1069057/16777216,True,True,all_integer_control|matched_density_hash|arbitrary_decidable_modular,post_freeze_evaluator,0
3575,00000000000110111110111,23,23,True,7319553/16777216,1/8388608,1/8388608,True,7319555/16777216,True,True,all_integer_control,post_freeze_evaluator,0
3576,00000000000110111111000,23,23,True,-6311935/16777216,1/8388608,1/8388608,True,6311937/16777216,True,True,all_integer_control,post_freeze_evaluator,0
3577,00000000000110111111001,23,23,True,2076673/16777216,1/8388608,1/8388608,True,2076675/16777216,True,True,all_integer_control,post_freeze_evaluator,0
3578,00000000000110111111010,23,23,True,-2117631/16777216,1/8388608,1/8388608,True,2117633/16777216,True,True,all_integer_control|arbitrary_decidable_modular,post_freeze_evaluator,0
3579,00000000000110111111011,23,23,True,6270977/16777216,1/8388608,1/8388608,True,6270979/16777216,True,True,all_integer_control|arbitrary_decidable_modular,post_freeze_evaluator,0
3580,00000000000110111111100,23,23,True,-4214783/16777216,1/8388608,1/8388608,True,4214785/16777216,True,True,all_integer_control,post_freeze_evaluator,0
3581,00000000000110111111101,23,23,True,4173825/16777216,1/8388608,1/8388608,True,4173827/16777216,True,True,prime_evaluator|all_integer_control|matched_density_hash|arbitrary_decidable_modular,post_freeze_evaluator,0
3582,00000000000110111111110,23,23,True,-20479/16777216,1/8388608,1/8388608,True,20481/16777216,True,True,all_integer_control|matched_density_seeded_random,post_freeze_evaluator,0
3583,00000000000110111111111,23,23,True,8368129/16777216,1/8388608,1/8388608,True,8368131/16777216,True,True,prime_evaluator|all_integer_control,post_freeze_evaluator,0
3584,00000000000111000000000,23,23,True,-8359935/16777216,1/8388608,1/8388608,True,8359937/16777216,True,True,all_integer_control,post_freeze_evaluator,0
3585,00000000000111000000001,23,23,True,28673/16777216,1/8388608,1/8388608,True,28675/16777216,True,True,all_integer_control|matched_density_hash|arbitrary_decidable_modular,post_freeze_evaluator,0
3586,00000000000111000000010,23,23,True,-4165631/16777216,1/8388608,1/8388608,True,4165633/16777216,True,True,all_integer_control|arbitrary_decidable_modular,post_freeze_evaluator,0
3587,00000000000111000000011,23,23,True,4222977/16777216,1/8388608,1/8388608,True,4222979/16777216,True,True,all_integer_control,post_freeze_evaluator,0
3588,00000000000111000000100,23,23,True,-6262783/16777216,1/8388608,1/8388608,True,6262785/16777216,True,True,all_integer_control|matched_density_seeded_random|arbitrary_decidable_modular,post_freeze_evaluator,0
3589,00000000000111000000101,23,23,True,2125825/16777216,1/8388608,1/8388608,True,2125827/16777216,True,True,all_integer_control|matched_density_hash,post_freeze_evaluator,0
3590,00000000000111000000110,23,23,True,-2068479/16777216,1/8388608,1/8388608,True,2068481/16777216,True,True,all_integer_control,post_freeze_evaluator,0
3591,00000000000111000000111,23,23,True,6320129/16777216,1/8388608,1/8388608,True,6320131/16777216,True,True,all_integer_control,post_freeze_evaluator,0
3592,00000000000111000001000,23,23,True,-7311359/16777216,1/8388608,1/8388608,True,7311361/16777216,True,True,all_integer_control|arbitrary_decidable_modular,post_freeze_evaluator,0
3593,00000000000111000001001,23,23,True,1077249/16777216,1/8388608,1/8388608,True,1077251/16777216,True,True,prime_evaluator|all_integer_control|matched_density_seeded_random|arbitrary_decidable_modular,post_freeze_evaluator,0
3594,00000000000111000001010,23,23,True,-3117055/16777216,1/8388608,1/8388608,True,3117057/16777216,True,True,all_integer_control,post_freeze_evaluator,0
3595,00000000000111000001011,23,23,True,5271553/16777216,1/8388608,1/8388608,True,5271555/16777216,True,True,all_integer_control|arbitrary_decidable_modular,post_freeze_evaluator,0
3596,00000000000111000001100,23,23,True,-5214207/16777216,1/8388608,1/8388608,True,5214209/16777216,True,True,all_integer_control,post_freeze_evaluator,0
3597,00000000000111000001101,23,23,True,3174401/16777216,1/8388608,1/8388608,True,3174403/16777216,True,True,all_integer_control|matched_density_seeded_random,post_freeze_evaluator,0
3598,00000000000111000001110,23,23,True,-1019903/16777216,1/8388608,1/8388608,True,1019905/16777216,True,True,all_integer_control|matched_density_seeded_random,post_freeze_evaluator,0
3599,00000000000111000001111,23,23,True,7368705/16777216,1/8388608,1/8388608,True,7368707/16777216,True,True,all_integer_control|arbitrary_decidable_modular,post_freeze_evaluator,0
3600,00000000000111000010000,23,23,True,-7835647/16777216,1/8388608,1/8388608,True,7835649/16777216,True,True,square_control|all_integer_control|matched_density_hash|arbitrary_decidable_modular,post_freeze_evaluator,0
3601,00000000000111000010001,23,23,True,552961/16777216,1/8388608,1/8388608,True,552963/16777216,True,True,all_integer_control,post_freeze_evaluator,0
3602,00000000000111000010010,23,23,True,-3641343/16777216,1/8388608,1/8388608,True,3641345/16777216,True,True,all_integer_control|arbitrary_decidable_modular,post_freeze_evaluator,0
3603,00000000000111000010011,23,23,True,4747265/16777216,1/8388608,1/8388608,True,4747267/16777216,True,True,all_integer_control,post_freeze_evaluator,0
3604,00000000000111000010100,23,23,True,-5738495/16777216,1/8388608,1/8388608,True,5738497/16777216,True,True,all_integer_control,post_freeze_evaluator,0
3605,00000000000111000010101,23,23,True,2650113/16777216,1/8388608,1/8388608,True,2650115/16777216,True,True,all_integer_control,post_freeze_evaluator,0
3606,00000000000111000010110,23,23,True,-1544191/16777216,1/8388608,1/8388608,True,1544193/16777216,True,True,all_integer_control|matched_density_seeded_random|arbitrary_decidable_modular,post_freeze_evaluator,0
3607,00000000000111000010111,23,23,True,6844417/16777216,1/8388608,1/8388608,True,6844419/16777216,True,True,prime_evaluator|all_integer_control|arbitrary_decidable_modular,post_freeze_evaluator,0
3608,00000000000111000011000,23,23,True,-6787071/16777216,1/8388608,1/8388608,True,6787073/16777216,True,True,all_integer_control|matched_density_hash,post_freeze_evaluator,0
3609,00000000000111000011001,23,23,True,1601537/16777216,1/8388608,1/8388608,True,1601539/16777216,True,True,all_integer_control|arbitrary_decidable_modular,post_freeze_evaluator,0
3610,00000000000111000011010,23,23,True,-2592767/16777216,1/8388608,1/8388608,True,2592769/16777216,True,True,all_integer_control|matched_density_seeded_random,post_freeze_evaluator,0
3611,00000000000111000011011,23,23,True,5795841/16777216,1/8388608,1/8388608,True,5795843/16777216,True,True,all_integer_control,post_freeze_evaluator,0
3612,00000000000111000011100,23,23,True,-4689919/16777216,1/8388608,1/8388608,True,4689921/16777216,True,True,all_integer_control,post_freeze_evaluator,0
3613,00000000000111000011101,23,23,True,3698689/16777216,1/8388608,1/8388608,True,3698691/16777216,True,True,prime_evaluator|all_integer_control|matched_density_seeded_random|arbitrary_decidable_modular,post_freeze_evaluator,0
3614,00000000000111000011110,23,23,True,-495615/16777216,1/8388608,1/8388608,True,495617/16777216,True,True,all_integer_control|arbitrary_decidable_modular,post_freeze_evaluator,0
3615,00000000000111000011111,23,23,True,7892993/16777216,1/8388608,1/8388608,True,7892995/16777216,True,True,all_integer_control,post_freeze_evaluator,0
3616,00000000000111000100000,23,23,True,-8097791/16777216,1/8388608,1/8388608,True,8097793/16777216,True,True,all_integer_control|arbitrary_decidable_modular,post_freeze_evaluator,0
3617,00000000000111000100001,23,23,True,290817/16777216,1/8388608,1/8388608,True,290819/16777216,True,True,prime_evaluator|all_integer_control,post_freeze_evaluator,0
3618,00000000000111000100010,23,23,True,-3903487/16777216,1/8388608,1/8388608,True,3903489/16777216,True,True,all_integer_control,post_freeze_evaluator,0
3619,00000000000111000100011,23,23,True,4485121/16777216,1/8388608,1/8388608,True,4485123/16777216,True,True,all_integer_control,post_freeze_evaluator,0
3620,00000000000111000100100,23,23,True,-6000639/16777216,1/8388608,1/8388608,True,6000641/16777216,True,True,all_integer_control|arbitrary_decidable_modular,post_freeze_evaluator,0
3621,00000000000111000100101,23,23,True,2387969/16777216,1/8388608,1/8388608,True,2387971/16777216,True,True,all_integer_control|matched_density_seeded_random|arbitrary_decidable_modular,post_freeze_evaluator,0
3622,00000000000111000100110,23,23,True,-1806335/16777216,1/8388608,1/8388608,True,1806337/16777216,True,True,all_integer_control,post_freeze_evaluator,0
3623,00000000000111000100111,23,23,True,6582273/16777216,1/8388608,1/8388608,True,6582275/16777216,True,True,prime_evaluator|all_integer_control|arbitrary_decidable_modular,post_freeze_evaluator,0
3624,00000000000111000101000,23,23,True,-7049215/16777216,1/8388608,1/8388608,True,7049217/16777216,True,True,all_integer_control,post_freeze_evaluator,0
3625,00000000000111000101001,23,23,True,1339393/16777216,1/8388608,1/8388608,True,1339395/16777216,True,True,all_integer_control,post_freeze_evaluator,0
3626,00000000000111000101010,23,23,True,-2854911/16777216,1/8388608,1/8388608,True,2854913/16777216,True,True,all_integer_control,post_freeze_evaluator,0
3627,00000000000111000101011,23,23,True,5533697/16777216,1/8388608,1/8388608,True,5533699/16777216,True,True,all_integer_control|matched_density_hash|arbitrary_decidable_modular,post_freeze_evaluator,0
3628,00000000000111000101100,23,23,True,-4952063/16777216,1/8388608,1/8388608,True,4952065/16777216,True,True,all_integer_control|arbitrary_decidable_modular,post_freeze_evaluator,0
3629,00000000000111000101101,23,23,True,3436545/16777216,1/8388608,1/8388608,True,3436547/16777216,True,True,all_integer_control|matched_density_hash,post_freeze_evaluator,0
3630,00000000000111000101110,23,23,True,-757759/16777216,1/8388608,1/8388608,True,757761/16777216,True,True,all_integer_control|arbitrary_decidable_modular,post_freeze_evaluator,0
3631,00000000000111000101111,23,23,True,7630849/16777216,1/8388608,1/8388608,True,7630851/16777216,True,True,prime_evaluator|all_integer_control,post_freeze_evaluator,0
3632,00000000000111000110000,23,23,True,-7573503/16777216,1/8388608,1/8388608,True,7573505/16777216,True,True,all_integer_control,post_freeze_evaluator,0
3633,00000000000111000110001,23,23,True,815105/16777216,1/8388608,1/8388608,True,815107/16777216,True,True,all_integer_control,post_freeze_evaluator,0
3634,00000000000111000110010,23,23,True,-3379199/16777216,1/8388608,1/8388608,True,3379201/16777216,True,True,all_integer_control|arbitrary_decidable_modular,post_freeze_evaluator,0
3635,00000000000111000110011,23,23,True,5009409/16777216,1/8388608,1/8388608,True,5009411/16777216,True,True,all_integer_control|arbitrary_decidable_modular,post_freeze_evaluator,0
3636,00000000000111000110100,23,23,True,-5476351/16777216,1/8388608,1/8388608,True,5476353/16777216,True,True,all_integer_control,post_freeze_evaluator,0
3637,00000000000111000110101,23,23,True,2912257/16777216,1/8388608,1/8388608,True,2912259/16777216,True,True,prime_evaluator|all_integer_control|arbitrary_decidable_modular,post_freeze_evaluator,0
3638,00000000000111000110110,23,23,True,-1282047/16777216,1/8388608,1/8388608,True,1282049/16777216,True,True,all_integer_control|matched_density_hash,post_freeze_evaluator,0
3639,00000000000111000110111,23,23,True,7106561/16777216,1/8388608,1/8388608,True,7106563/16777216,True,True,all_integer_control,post_freeze_evaluator,0
3640,00000000000111000111000,23,23,True,-6524927/16777216,1/8388608,1/8388608,True,6524929/16777216,True,True,all_integer_control,post_freeze_evaluator,0
3641,00000000000111000111001,23,23,True,1863681/16777216,1/8388608,1/8388608,True,1863683/16777216,True,True,all_integer_control|arbitrary_decidable_modular,post_freeze_evaluator,0
3642,00000000000111000111010,23,23,True,-2330623/16777216,1/8388608,1/8388608,True,2330625/16777216,True,True,all_integer_control|arbitrary_decidable_modular,post_freeze_evaluator,0
3643,00000000000111000111011,23,23,True,6057985/16777216,1/8388608,1/8388608,True,6057987/16777216,True,True,prime_evaluator|all_integer_control,post_freeze_evaluator,0
3644,00000000000111000111100,23,23,True,-4427775/16777216,1/8388608,1/8388608,True,4427777/16777216,True,True,all_integer_control|matched_density_seeded_random|matched_density_hash|arbitrary_decidable_modular,post_freeze_evaluator,0
3645,00000000000111000111101,23,23,True,3960833/16777216,1/8388608,1/8388608,True,3960835/16777216,True,True,all_integer_control,post_freeze_evaluator,0
3646,00000000000111000111110,23,23,True,-233471/16777216,1/8388608,1/8388608,True,233473/16777216,True,True,all_integer_control,post_freeze_evaluator,0
3647,00000000000111000111111,23,23,True,8155137/16777216,1/8388608,1/8388608,True,8155139/16777216,True,True,all_integer_control,post_freeze_evaluator,0
3648,00000000000111001000000,23,23,True,-8228863/16777216,1/8388608,1/8388608,True,8228865/16777216,True,True,all_integer_control|matched_density_hash|arbitrary_decidable_modular,post_freeze_evaluator,0
3649,00000000000111001000001,23,23,True,159745/16777216,1/8388608,1/8388608,True,159747/16777216,True,True,all_integer_control|arbitrary_decidable_modular,post_freeze_evaluator,0
3650,00000000000111001000010,23,23,True,-4034559/16777216,1/8388608,1/8388608,True,4034561/16777216,True,True,all_integer_control,post_freeze_evaluator,0
3651,00000000000111001000011,23,23,True,4354049/16777216,1/8388608,1/8388608,True,4354051/16777216,True,True,all_integer_control|arbitrary_decidable_modular,post_freeze_evaluator,0
3652,00000000000111001000100,23,23,True,-6131711/16777216,1/8388608,1/8388608,True,6131713/16777216,True,True,all_integer_control,post_freeze_evaluator,0
3653,00000000000111001000101,23,23,True,2256897/16777216,1/8388608,1/8388608,True,2256899/16777216,True,True,all_integer_control|matched_density_hash,post_freeze_evaluator,0
3654,00000000000111001000110,23,23,True,-1937407/16777216,1/8388608,1/8388608,True,1937409/16777216,True,True,all_integer_control|matched_density_hash,post_freeze_evaluator,0
3655,00000000000111001000111,23,23,True,6451201/16777216,1/8388608,1/8388608,True,6451203/16777216,True,True,all_integer_control|arbitrary_decidable_modular,post_freeze_evaluator,0
3656,00000000000111001001000,23,23,True,-7180287/16777216,1/8388608,1/8388608,True,7180289/16777216,True,True,all_integer_control|arbitrary_decidable_modular,post_freeze_evaluator,0
3657,00000000000111001001001,23,23,True,1208321/16777216,1/8388608,1/8388608,True,1208323/16777216,True,True,all_integer_control,post_freeze_evaluator,0
3658,00000000000111001001010,23,23,True,-2985983/16777216,1/8388608,1/8388608,True,2985985/16777216,True,True,all_integer_control|arbitrary_decidable_modular,post_freeze_evaluator,0
3659,00000000000111001001011,23,23,True,5402625/16777216,1/8388608,1/8388608,True,5402627/16777216,True,True,prime_evaluator|all_integer_control,post_freeze_evaluator,0
3660,00000000000111001001100,23,23,True,-5083135/16777216,1/8388608,1/8388608,True,5083137/16777216,True,True,all_integer_control,post_freeze_evaluator,0
3661,00000000000111001001101,23,23,True,3305473/16777216,1/8388608,1/8388608,True,3305475/16777216,True,True,all_integer_control,post_freeze_evaluator,0
3662,00000000000111001001110,23,23,True,-888831/16777216,1/8388608,1/8388608,True,888833/16777216,True,True,all_integer_control|arbitrary_decidable_modular,post_freeze_evaluator,0
3663,00000000000111001001111,23,23,True,7499777/16777216,1/8388608,1/8388608,True,7499779/16777216,True,True,all_integer_control|arbitrary_decidable_modular,post_freeze_evaluator,0
3664,00000000000111001010000,23,23,True,-7704575/16777216,1/8388608,1/8388608,True,7704577/16777216,True,True,all_integer_control,post_freeze_evaluator,0
3665,00000000000111001010001,23,23,True,684033/16777216,1/8388608,1/8388608,True,684035/16777216,True,True,all_integer_control|arbitrary_decidable_modular,post_freeze_evaluator,0
3666,00000000000111001010010,23,23,True,-3510271/16777216,1/8388608,1/8388608,True,3510273/16777216,True,True,all_integer_control,post_freeze_evaluator,0
3667,00000000000111001010011,23,23,True,4878337/16777216,1/8388608,1/8388608,True,4878339/16777216,True,True,all_integer_control,post_freeze_evaluator,0
3668,00000000000111001010100,23,23,True,-5607423/16777216,1/8388608,1/8388608,True,5607425/16777216,True,True,all_integer_control,post_freeze_evaluator,0
3669,00000000000111001010101,23,23,True,2781185/16777216,1/8388608,1/8388608,True,2781187/16777216,True,True,all_integer_control|arbitrary_decidable_modular,post_freeze_evaluator,0
3670,00000000000111001010110,23,23,True,-1413119/16777216,1/8388608,1/8388608,True,1413121/16777216,True,True,all_integer_control|arbitrary_decidable_modular,post_freeze_evaluator,0
3671,00000000000111001010111,23,23,True,6975489/16777216,1/8388608,1/8388608,True,6975491/16777216,True,True,prime_evaluator|all_integer_control,post_freeze_evaluator,0
3672,00000000000111001011000,23,23,True,-6655999/16777216,1/8388608,1/8388608,True,6656001/16777216,True,True,all_integer_control|arbitrary_decidable_modular,post_freeze_evaluator,0
3673,00000000000111001011001,23,23,True,1732609/16777216,1/8388608,1/8388608,True,1732611/16777216,True,True,prime_evaluator|all_integer_control|matched_density_seeded_random,post_freeze_evaluator,0
3674,00000000000111001011010,23,23,True,-2461695/16777216,1/8388608,1/8388608,True,2461697/16777216,True,True,all_integer_control|matched_density_hash,post_freeze_evaluator,0
3675,00000000000111001011011,23,23,True,5926913/16777216,1/8388608,1/8388608,True,5926915/16777216,True,True,all_integer_control,post_freeze_evaluator,0
3676,00000000000111001011100,23,23,True,-4558847/16777216,1/8388608,1/8388608,True,4558849/16777216,True,True,all_integer_control|arbitrary_decidable_modular,post_freeze_evaluator,0
3677,00000000000111001011101,23,23,True,3829761/16777216,1/8388608,1/8388608,True,3829763/16777216,True,True,prime_evaluator|all_integer_control|matched_density_seeded_random|arbitrary_decidable_modular,post_freeze_evaluator,0
3678,00000000000111001011110,23,23,True,-364543/16777216,1/8388608,1/8388608,True,364545/16777216,True,True,all_integer_control,post_freeze_evaluator,0
3679,00000000000111001011111,23,23,True,8024065/16777216,1/8388608,1/8388608,True,8024067/16777216,True,True,all_integer_control|arbitrary_decidable_modular,post_freeze_evaluator,0
3680,00000000000111001100000,23,23,True,-7966719/16777216,1/8388608,1/8388608,True,7966721/16777216,True,True,all_integer_control|matched_density_seeded_random,post_freeze_evaluator,0
3681,00000000000111001100001,23,23,True,421889/16777216,1/8388608,1/8388608,True,421891/16777216,True,True,all_integer_control,post_freeze_evaluator,0
3682,00000000000111001100010,23,23,True,-3772415/16777216,1/8388608,1/8388608,True,3772417/16777216,True,True,all_integer_control|matched_density_hash,post_freeze_evaluator,0
3683,00000000000111001100011,23,23,True,4616193/16777216,1/8388608,1/8388608,True,4616195/16777216,True,True,all_integer_control|arbitrary_decidable_modular,post_freeze_evaluator,0
3684,00000000000111001100100,23,23,True,-5869567/16777216,1/8388608,1/8388608,True,5869569/16777216,True,True,all_integer_control|matched_density_seeded_random|arbitrary_decidable_modular,post_freeze_evaluator,0
3685,00000000000111001100101,23,23,True,2519041/16777216,1/8388608,1/8388608,True,2519043/16777216,True,True,all_integer_control,post_freeze_evaluator,0
3686,00000000000111001100110,23,23,True,-1675263/16777216,1/8388608,1/8388608,True,1675265/16777216,True,True,all_integer_control|arbitrary_decidable_modular,post_freeze_evaluator,0
3687,00000000000111001100111,23,23,True,6713345/16777216,1/8388608,1/8388608,True,6713347/16777216,True,True,all_integer_control,post_freeze_evaluator,0
3688,00000000000111001101000,23,23,True,-6918143/16777216,1/8388608,1/8388608,True,6918145/16777216,True,True,all_integer_control,post_freeze_evaluator,0
3689,00000000000111001101001,23,23,True,1470465/16777216,1/8388608,1/8388608,True,1470467/16777216,True,True,all_integer_control,post_freeze_evaluator,0
3690,00000000000111001101010,23,23,True,-2723839/16777216,1/8388608,1/8388608,True,2723841/16777216,True,True,all_integer_control|matched_density_hash|arbitrary_decidable_modular,post_freeze_evaluator,0
3691,00000000000111001101011,23,23,True,5664769/16777216,1/8388608,1/8388608,True,5664771/16777216,True,True,prime_evaluator|all_integer_control|matched_density_hash|arbitrary_decidable_modular,post_freeze_evaluator,0
3692,00000000000111001101100,23,23,True,-4820991/16777216,1/8388608,1/8388608,True,4820993/16777216,True,True,all_integer_control,post_freeze_evaluator,0
3693,00000000000111001101101,23,23,True,3567617/16777216,1/8388608,1/8388608,True,3567619/16777216,True,True,all_integer_control|arbitrary_decidable_modular,post_freeze_evaluator,0
3694,00000000000111001101110,23,23,True,-626687/16777216,1/8388608,1/8388608,True,626689/16777216,True,True,all_integer_control,post_freeze_evaluator,0
3695,00000000000111001101111,23,23,True,7761921/16777216,1/8388608,1/8388608,True,7761923/16777216,True,True,all_integer_control,post_freeze_evaluator,0
3696,00000000000111001110000,23,23,True,-7442431/16777216,1/8388608,1/8388608,True,7442433/16777216,True,True,all_integer_control,post_freeze_evaluator,0
3697,00000000000111001110001,23,23,True,946177/16777216,1/8388608,1/8388608,True,946179/16777216,True,True,prime_evaluator|all_integer_control|arbitrary_decidable_modular,post_freeze_evaluator,0
3698,00000000000111001110010,23,23,True,-3248127/16777216,1/8388608,1/8388608,True,3248129/16777216,True,True,all_integer_control|matched_density_seeded_random|matched_density_hash|arbitrary_decidable_modular,post_freeze_evaluator,0
3699,00000000000111001110011,23,23,True,5140481/16777216,1/8388608,1/8388608,True,5140483/16777216,True,True,all_integer_control|matched_density_seeded_random|matched_density_hash,post_freeze_evaluator,0
3700,00000000000111001110100,23,23,True,-5345279/16777216,1/8388608,1/8388608,True,5345281/16777216,True,True,all_integer_control|arbitrary_decidable_modular,post_freeze_evaluator,0
3701,00000000000111001110101,23,23,True,3043329/16777216,1/8388608,1/8388608,True,3043331/16777216,True,True,prime_evaluator|all_integer_control|matched_density_seeded_random,post_freeze_evaluator,0
3702,00000000000111001110110,23,23,True,-1150975/16777216,1/8388608,1/8388608,True,1150977/16777216,True,True,all_integer_control,post_freeze_evaluator,0
3703,00000000000111001110111,23,23,True,7237633/16777216,1/8388608,1/8388608,True,7237635/16777216,True,True,all_integer_control,post_freeze_evaluator,0
3704,00000000000111001111000,23,23,True,-6393855/16777216,1/8388608,1/8388608,True,6393857/16777216,True,True,all_integer_control|arbitrary_decidable_modular,post_freeze_evaluator,0
3705,00000000000111001111001,23,23,True,1994753/16777216,1/8388608,1/8388608,True,1994755/16777216,True,True,all_integer_control|arbitrary_decidable_modular,post_freeze_evaluator,0
3706,00000000000111001111010,23,23,True,-2199551/16777216,1/8388608,1/8388608,True,2199553/16777216,True,True,all_integer_control,post_freeze_evaluator,0
3707,00000000000111001111011,23,23,True,6189057/16777216,1/8388608,1/8388608,True,6189059/16777216,True,True,all_integer_control|arbitrary_decidable_modular,post_freeze_evaluator,0
3708,00000000000111001111100,23,23,True,-4296703/16777216,1/8388608,1/8388608,True,4296705/16777216,True,True,all_integer_control,post_freeze_evaluator,0
3709,00000000000111001111101,23,23,True,4091905/16777216,1/8388608,1/8388608,True,4091907/16777216,True,True,prime_evaluator|all_integer_control,post_freeze_evaluator,0
3710,00000000000111001111110,23,23,True,-102399/16777216,1/8388608,1/8388608,True,102401/16777216,True,True,all_integer_control,post_freeze_evaluator,0
3711,00000000000111001111111,23,23,True,8286209/16777216,1/8388608,1/8388608,True,8286211/16777216,True,True,all_integer_control|arbitrary_decidable_modular,post_freeze_evaluator,0
3712,00000000000111010000000,23,23,True,-8294399/16777216,1/8388608,1/8388608,True,8294401/16777216,True,True,all_integer_control|arbitrary_decidable_modular,post_freeze_evaluator,0
3713,00000000000111010000001,23,23,True,94209/16777216,1/8388608,1/8388608,True,94211/16777216,True,True,all_integer_control|matched_density_seeded_random,post_freeze_evaluator,0
3714,00000000000111010000010,23,23,True,-4100095/16777216,1/8388608,1/8388608,True,4100097/16777216,True,True,all_integer_control|arbitrary_decidable_modular,post_freeze_evaluator,0
3715,00000000000111010000011,23,23,True,4288513/16777216,1/8388608,1/8388608,True,4288515/16777216,True,True,all_integer_control,post_freeze_evaluator,0
3716,00000000000111010000100,23,23,True,-6197247/16777216,1/8388608,1/8388608,True,6197249/16777216,True,True,all_integer_control|matched_density_seeded_random,post_freeze_evaluator,0
3717,00000000000111010000101,23,23,True,2191361/16777216,1/8388608,1/8388608,True,2191363/16777216,True,True,all_integer_control,post_freeze_evaluator,0
3718,00000000000111010000110,23,23,True,-2002943/16777216,1/8388608,1/8388608,True,2002945/16777216,True,True,all_integer_control|arbitrary_decidable_modular,post_freeze_evaluator,0
3719,00000000000111010000111,23,23,True,6385665/16777216,1/8388608,1/8388608,True,6385667/16777216,True,True,prime_evaluator|all_integer_control|arbitrary_decidable_modular,post_freeze_evaluator,0
3720,00000000000111010001000,23,23,True,-7245823/16777216,1/8388608,1/8388608,True,7245825/16777216,True,True,all_integer_control|matched_density_hash,post_freeze_evaluator,0
3721,00000000000111010001001,23,23,True,1142785/16777216,1/8388608,1/8388608,True,1142787/16777216,True,True,square_control|all_integer_control|matched_density_seeded_random|arbitrary_decidable_modular,post_freeze_evaluator,0
3722,00000000000111010001010,23,23,True,-3051519/16777216,1/8388608,1/8388608,True,3051521/16777216,True,True,all_integer_control,post_freeze_evaluator,0
3723,00000000000111010001011,23,23,True,5337089/16777216,1/8388608,1/8388608,True,5337091/16777216,True,True,all_integer_control,post_freeze_evaluator,0
3724,00000000000111010001100,23,23,True,-5148671/16777216,1/8388608,1/8388608,True,5148673/16777216,True,True,all_integer_control,post_freeze_evaluator,0
3725,00000000000111010001101,23,23,True,3239937/16777216,1/8388608,1/8388608,True,3239939/16777216,True,True,all_integer_control|arbitrary_decidable_modular,post_freeze_evaluator,0
3726,00000000000111010001110,23,23,True,-954367/16777216,1/8388608,1/8388608,True,954369/16777216,True,True,all_integer_control|arbitrary_decidable_modular,post_freeze_evaluator,0
3727,00000000000111010001111,23,23,True,7434241/16777216,1/8388608,1/8388608,True,7434243/16777216,True,True,prime_evaluator|all_integer_control,post_freeze_evaluator,0
3728,00000000000111010010000,23,23,True,-7770111/16777216,1/8388608,1/8388608,True,7770113/16777216,True,True,all_integer_control|matched_density_seeded_random|arbitrary_decidable_modular,post_freeze_evaluator,0
3729,00000000000111010010001,23,23,True,618497/16777216,1/8388608,1/8388608,True,618499/16777216,True,True,all_integer_control,post_freeze_evaluator,0
3730,00000000000111010010010,23,23,True,-3575807/16777216,1/8388608,1/8388608,True,3575809/16777216,True,True,all_integer_control,post_freeze_evaluator,0
3731,00000000000111010010011,23,23,True,4812801/16777216,1/8388608,1/8388608,True,4812803/16777216,True,True,all_integer_control,post_freeze_evaluator,0
3732,00000000000111010010100,23,23,True,-5672959/16777216,1/8388608,1/8388608,True,5672961/16777216,True,True,all_integer_control|arbitrary_decidable_modular,post_freeze_evaluator,0
3733,00000000000111010010101,23,23,True,2715649/16777216,1/8388608,1/8388608,True,2715651/16777216,True,True,prime_evaluator|all_integer_control|arbitrary_decidable_modular,post_freeze_evaluator,0
3734,00000000000111010010110,23,23,True,-1478655/16777216,1/8388608,1/8388608,True,1478657/16777216,True,True,all_integer_control|matched_density_seeded_random,post_freeze_evaluator,0
3735,00000000000111010010111,23,23,True,6909953/16777216,1/8388608,1/8388608,True,6909955/16777216,True,True,all_integer_control|matched_density_seeded_random|arbitrary_decidable_modular,post_freeze_evaluator,0
3736,00000000000111010011000,23,23,True,-6721535/16777216,1/8388608,1/8388608,True,6721537/16777216,True,True,all_integer_control,post_freeze_evaluator,0
3737,00000000000111010011001,23,23,True,1667073/16777216,1/8388608,1/8388608,True,1667075/16777216,True,True,all_integer_control,post_freeze_evaluator,0
3738,00000000000111010011010,23,23,True,-2527231/16777216,1/8388608,1/8388608,True,2527233/16777216,True,True,all_integer_control,post_freeze_evaluator,0
3739,00000000000111010011011,23,23,True,5861377/16777216,1/8388608,1/8388608,True,5861379/16777216,True,True,prime_evaluator|all_integer_control|matched_density_seeded_random|arbitrary_decidable_modular,post_freeze_evaluator,0
3740,00000000000111010011100,23,23,True,-4624383/16777216,1/8388608,1/8388608,True,4624385/16777216,True,True,all_integer_control|arbitrary_decidable_modular,post_freeze_evaluator,0
3741,00000000000111010011101,23,23,True,3764225/16777216,1/8388608,1/8388608,True,3764227/16777216,True,True,all_integer_control,post_freeze_evaluator,0
3742,00000000000111010011110,23,23,True,-430079/16777216,1/8388608,1/8388608,True,430081/16777216,True,True,all_integer_control|arbitrary_decidable_modular,post_freeze_evaluator,0
3743,00000000000111010011111,23,23,True,7958529/16777216,1/8388608,1/8388608,True,7958531/16777216,True,True,all_integer_control,post_freeze_evaluator,0
3744,00000000000111010100000,23,23,True,-8032255/16777216,1/8388608,1/8388608,True,8032257/16777216,True,True,all_integer_control,post_freeze_evaluator,0
3745,00000000000111010100001,23,23,True,356353/16777216,1/8388608,1/8388608,True,356355/16777216,True,True,all_integer_control,post_freeze_evaluator,0
3746,00000000000111010100010,23,23,True,-3837951/16777216,1/8388608,1/8388608,True,3837953/16777216,True,True,all_integer_control|matched_density_seeded_random|arbitrary_decidable_modular,post_freeze_evaluator,0
3747,00000000000111010100011,23,23,True,4550657/16777216,1/8388608,1/8388608,True,4550659/16777216,True,True,all_integer_control|arbitrary_decidable_modular,post_freeze_evaluator,0
3748,00000000000111010100100,23,23,True,-5935103/16777216,1/8388608,1/8388608,True,5935105/16777216,True,True,all_integer_control,post_freeze_evaluator,0
3749,00000000000111010100101,23,23,True,2453505/16777216,1/8388608,1/8388608,True,2453507/16777216,True,True,all_integer_control|arbitrary_decidable_modular,post_freeze_evaluator,0
3750,00000000000111010100110,23,23,True,-1740799/16777216,1/8388608,1/8388608,True,1740801/16777216,True,True,all_integer_control,post_freeze_evaluator,0
3751,00000000000111010100111,23,23,True,6647809/16777216,1/8388608,1/8388608,True,6647811/16777216,True,True,all_integer_control,post_freeze_evaluator,0
3752,00000000000111010101000,23,23,True,-6983679/16777216,1/8388608,1/8388608,True,6983681/16777216,True,True,all_integer_control,post_freeze_evaluator,0
3753,00000000000111010101001,23,23,True,1404929/16777216,1/8388608,1/8388608,True,1404931/16777216,True,True,all_integer_control|arbitrary_decidable_modular,post_freeze_evaluator,0
3754,00000000000111010101010,23,23,True,-2789375/16777216,1/8388608,1/8388608,True,2789377/16777216,True,True,all_integer_control|matched_density_seeded_random|arbitrary_decidable_modular,post_freeze_evaluator,0
3755,00000000000111010101011,23,23,True,5599233/16777216,1/8388608,1/8388608,True,5599235/16777216,True,True,all_integer_control,post_freeze_evaluator,0
3756,00000000000111010101100,23,23,True,-4886527/16777216,1/8388608,1/8388608,True,4886529/16777216,True,True,all_integer_control|matched_density_seeded_random|arbitrary_decidable_modular,post_freeze_evaluator,0
3757,00000000000111010101101,23,23,True,3502081/16777216,1/8388608,1/8388608,True,3502083/16777216,True,True,all_integer_control|matched_density_seeded_random,post_freeze_evaluator,0
3758,00000000000111010101110,23,23,True,-692223/16777216,1/8388608,1/8388608,True,692225/16777216,True,True,all_integer_control,post_freeze_evaluator,0
3759,00000000000111010101111,23,23,True,7696385/16777216,1/8388608,1/8388608,True,7696387/16777216,True,True,all_integer_control,post_freeze_evaluator,0
3760,00000000000111010110000,23,23,True,-7507967/16777216,1/8388608,1/8388608,True,7507969/16777216,True,True,all_integer_control|arbitrary_decidable_modular,post_freeze_evaluator,0
3761,00000000000111010110001,23,23,True,880641/16777216,1/8388608,1/8388608,True,880643/16777216,True,True,prime_evaluator|all_integer_control|arbitrary_decidable_modular,post_freeze_evaluator,0
3762,00000000000111010110010,23,23,True,-3313663/16777216,1/8388608,1/8388608,True,3313665/16777216,True,True,all_integer_control,post_freeze_evaluator,0
3763,00000000000111010110011,23,23,True,5074945/16777216,1/8388608,1/8388608,True,5074947/16777216,True,True,all_integer_control|matched_density_seeded_random|arbitrary_decidable_modular,post_freeze_evaluator,0
3764,00000000000111010110100,23,23,True,-5410815/16777216,1/8388608,1/8388608,True,5410817/16777216,True,True,all_integer_control,post_freeze_evaluator,0
3765,00000000000111010110101,23,23,True,2977793/16777216,1/8388608,1/8388608,True,2977795/16777216,True,True,all_integer_control,post_freeze_evaluator,0
3766,00000000000111010110110,23,23,True,-1216511/16777216,1/8388608,1/8388608,True,1216513/16777216,True,True,all_integer_control,post_freeze_evaluator,0
3767,00000000000111010110111,23,23,True,7172097/16777216,1/8388608,1/8388608,True,7172099/16777216,True,True,prime_evaluator|all_integer_control|arbitrary_decidable_modular,post_freeze_evaluator,0
3768,00000000000111010111000,23,23,True,-6459391/16777216,1/8388608,1/8388608,True,6459393/16777216,True,True,all_integer_control|matched_density_hash|arbitrary_decidable_modular,post_freeze_evaluator,0
3769,00000000000111010111001,23,23,True,1929217/16777216,1/8388608,1/8388608,True,1929219/16777216,True,True,prime_evaluator|all_integer_control,post_freeze_evaluator,0
3770,00000000000111010111010,23,23,True,-2265087/16777216,1/8388608,1/8388608,True,2265089/16777216,True,True,all_integer_control|arbitrary_decidable_modular,post_freeze_evaluator,0
3771,00000000000111010111011,23,23,True,6123521/16777216,1/8388608,1/8388608,True,6123523/16777216,True,True,all_integer_control,post_freeze_evaluator,0
3772,00000000000111010111100,23,23,True,-4362239/16777216,1/8388608,1/8388608,True,4362241/16777216,True,True,all_integer_control|matched_density_seeded_random,post_freeze_evaluator,0
3773,00000000000111010111101,23,23,True,4026369/16777216,1/8388608,1/8388608,True,4026371/16777216,True,True,all_integer_control,post_freeze_evaluator,0
3774,00000000000111010111110,23,23,True,-167935/16777216,1/8388608,1/8388608,True,167937/16777216,True,True,all_integer_control|arbitrary_decidable_modular,post_freeze_evaluator,0
3775,00000000000111010111111,23,23,True,8220673/16777216,1/8388608,1/8388608,True,8220675/16777216,True,True,all_integer_control|arbitrary_decidable_modular,post_freeze_evaluator,0
3776,00000000000111011000000,23,23,True,-8163327/16777216,1/8388608,1/8388608,True,8163329/16777216,True,True,all_integer_control|matched_density_hash,post_freeze_evaluator,0
3777,00000000000111011000001,23,23,True,225281/16777216,1/8388608,1/8388608,True,225283/16777216,True,True,all_integer_control|matched_density_hash|arbitrary_decidable_modular,post_freeze_evaluator,0
3778,00000000000111011000010,23,23,True,-3969023/16777216,1/8388608,1/8388608,True,3969025/16777216,True,True,all_integer_control,post_freeze_evaluator,0
3779,00000000000111011000011,23,23,True,4419585/16777216,1/8388608,1/8388608,True,4419587/16777216,True,True,prime_evaluator|all_integer_control,post_freeze_evaluator,0
3780,00000000000111011000100,23,23,True,-6066175/16777216,1/8388608,1/8388608,True,6066177/16777216,True,True,all_integer_control|matched_density_seeded_random,post_freeze_evaluator,0
3781,00000000000111011000101,23,23,True,2322433/16777216,1/8388608,1/8388608,True,2322435/16777216,True,True,all_integer_control|arbitrary_decidable_modular,post_freeze_evaluator,0
3782,00000000000111011000110,23,23,True,-1871871/16777216,1/8388608,1/8388608,True,1871873/16777216,True,True,all_integer_control|arbitrary_decidable_modular,post_freeze_evaluator,0
3783,00000000000111011000111,23,23,True,6516737/16777216,1/8388608,1/8388608,True,6516739/16777216,True,True,all_integer_control|matched_density_hash,post_freeze_evaluator,0
3784,00000000000111011001000,23,23,True,-7114751/16777216,1/8388608,1/8388608,True,7114753/16777216,True,True,all_integer_control|arbitrary_decidable_modular,post_freeze_evaluator,0
3785,00000000000111011001001,23,23,True,1273857/16777216,1/8388608,1/8388608,True,1273859/16777216,True,True,all_integer_control,post_freeze_evaluator,0
3786,00000000000111011001010,23,23,True,-2920447/16777216,1/8388608,1/8388608,True,2920449/16777216,True,True,all_integer_control,post_freeze_evaluator,0
3787,00000000000111011001011,23,23,True,5468161/16777216,1/8388608,1/8388608,True,5468163/16777216,True,True,all_integer_control,post_freeze_evaluator,0
3788,00000000000111011001100,23,23,True,-5017599/16777216,1/8388608,1/8388608,True,5017601/16777216,True,True,all_integer_control|arbitrary_decidable_modular,post_freeze_evaluator,0
3789,00000000000111011001101,23,23,True,3371009/16777216,1/8388608,1/8388608,True,3371011/16777216,True,True,all_integer_control|arbitrary_decidable_modular,post_freeze_evaluator,0
3790,00000000000111011001110,23,23,True,-823295/16777216,1/8388608,1/8388608,True,823297/16777216,True,True,all_integer_control,post_freeze_evaluator,0
3791,00000000000111011001111,23,23,True,7565313/16777216,1/8388608,1/8388608,True,7565315/16777216,True,True,all_integer_control|arbitrary_decidable_modular,post_freeze_evaluator,0
3792,00000000000111011010000,23,23,True,-7639039/16777216,1/8388608,1/8388608,True,7639041/16777216,True,True,all_integer_control,post_freeze_evaluator,0
3793,00000000000111011010001,23,23,True,749569/16777216,1/8388608,1/8388608,True,749571/16777216,True,True,prime_evaluator|all_integer_control,post_freeze_evaluator,0
3794,00000000000111011010010,23,23,True,-3444735/16777216,1/8388608,1/8388608,True,3444737/16777216,True,True,all_integer_control|matched_density_hash,post_freeze_evaluator,0
3795,00000000000111011010011,23,23,True,4943873/16777216,1/8388608,1/8388608,True,4943875/16777216,True,True,all_integer_control|matched_density_hash|arbitrary_decidable_modular,post_freeze_evaluator,0
3796,00000000000111011010100,23,23,True,-5541887/16777216,1/8388608,1/8388608,True,5541889/16777216,True,True,all_integer_control|matched_density_hash|arbitrary_decidable_modular,post_freeze_evaluator,0
3797,00000000000111011010101,23,23,True,2846721/16777216,1/8388608,1/8388608,True,2846723/16777216,True,True,prime_evaluator|all_integer_control|matched_density_hash,post_freeze_evaluator,0
3798,00000000000111011010110,23,23,True,-1347583/16777216,1/8388608,1/8388608,True,1347585/16777216,True,True,all_integer_control|matched_density_hash|arbitrary_decidable_modular,post_freeze_evaluator,0
3799,00000000000111011010111,23,23,True,7041025/16777216,1/8388608,1/8388608,True,7041027/16777216,True,True,all_integer_control|matched_density_hash,post_freeze_evaluator,0
3800,00000000000111011011000,23,23,True,-6590463/16777216,1/8388608,1/8388608,True,6590465/16777216,True,True,all_integer_control,post_freeze_evaluator,0
3801,00000000000111011011001,23,23,True,1798145/16777216,1/8388608,1/8388608,True,1798147/16777216,True,True,all_integer_control,post_freeze_evaluator,0
3802,00000000000111011011010,23,23,True,-2396159/16777216,1/8388608,1/8388608,True,2396161/16777216,True,True,all_integer_control|matched_density_hash|arbitrary_decidable_modular,post_freeze_evaluator,0
3803,00000000000111011011011,23,23,True,5992449/16777216,1/8388608,1/8388608,True,5992451/16777216,True,True,prime_evaluator|all_integer_control|arbitrary_decidable_modular,post_freeze_evaluator,0
3804,00000000000111011011100,23,23,True,-4493311/16777216,1/8388608,1/8388608,True,4493313/16777216,True,True,all_integer_control,post_freeze_evaluator,0
3805,00000000000111011011101,23,23,True,3895297/16777216,1/8388608,1/8388608,True,3895299/16777216,True,True,all_integer_control|matched_density_hash|arbitrary_decidable_modular,post_freeze_evaluator,0
3806,00000000000111011011110,23,23,True,-299007/16777216,1/8388608,1/8388608,True,299009/16777216,True,True,all_integer_control,post_freeze_evaluator,0
3807,00000000000111011011111,23,23,True,8089601/16777216,1/8388608,1/8388608,True,8089603/16777216,True,True,all_integer_control,post_freeze_evaluator,0
3808,00000000000111011100000,23,23,True,-7901183/16777216,1/8388608,1/8388608,True,7901185/16777216,True,True,all_integer_control,post_freeze_evaluator,0
3809,00000000000111011100001,23,23,True,487425/16777216,1/8388608,1/8388608,True,487427/16777216,True,True,all_integer_control|arbitrary_decidable_modular,post_freeze_evaluator,0
3810,00000000000111011100010,23,23,True,-3706879/16777216,1/8388608,1/8388608,True,3706881/16777216,True,True,all_integer_control|arbitrary_decidable_modular,post_freeze_evaluator,0
3811,00000000000111011100011,23,23,True,4681729/16777216,1/8388608,1/8388608,True,4681731/16777216,True,True,all_integer_control,post_freeze_evaluator,0
3812,00000000000111011100100,23,23,True,-5804031/16777216,1/8388608,1/8388608,True,5804033/16777216,True,True,all_integer_control|arbitrary_decidable_modular,post_freeze_evaluator,0
3813,00000000000111011100101,23,23,True,2584577/16777216,1/8388608,1/8388608,True,2584579/16777216,True,True,all_integer_control,post_freeze_evaluator,0
3814,00000000000111011100110,23,23,True,-1609727/16777216,1/8388608,1/8388608,True,1609729/16777216,True,True,all_integer_control|matched_density_seeded_random,post_freeze_evaluator,0
3815,00000000000111011100111,23,23,True,6778881/16777216,1/8388608,1/8388608,True,6778883/16777216,True,True,all_integer_control|matched_density_seeded_random|matched_density_hash,post_freeze_evaluator,0
3816,00000000000111011101000,23,23,True,-6852607/16777216,1/8388608,1/8388608,True,6852609/16777216,True,True,all_integer_control|arbitrary_decidable_modular,post_freeze_evaluator,0
3817,00000000000111011101001,23,23,True,1536001/16777216,1/8388608,1/8388608,True,1536003/16777216,True,True,all_integer_control|matched_density_seeded_random|arbitrary_decidable_modular,post_freeze_evaluator,0
3818,00000000000111011101010,23,23,True,-2658303/16777216,1/8388608,1/8388608,True,2658305/16777216,True,True,all_integer_control,post_freeze_evaluator,0
3819,00000000000111011101011,23,23,True,5730305/16777216,1/8388608,1/8388608,True,5730307/16777216,True,True,all_integer_control|arbitrary_decidable_modular,post_freeze_evaluator,0
3820,00000000000111011101100,23,23,True,-4755455/16777216,1/8388608,1/8388608,True,4755457/16777216,True,True,all_integer_control,post_freeze_evaluator,0
3821,00000000000111011101101,23,23,True,3633153/16777216,1/8388608,1/8388608,True,3633155/16777216,True,True,prime_evaluator|all_integer_control,post_freeze_evaluator,0
3822,00000000000111011101110,23,23,True,-561151/16777216,1/8388608,1/8388608,True,561153/16777216,True,True,all_integer_control,post_freeze_evaluator,0
3823,00000000000111011101111,23,23,True,7827457/16777216,1/8388608,1/8388608,True,7827459/16777216,True,True,prime_evaluator|all_integer_control|arbitrary_decidable_modular,post_freeze_evaluator,0
3824,00000000000111011110000,23,23,True,-7376895/16777216,1/8388608,1/8388608,True,7376897/16777216,True,True,all_integer_control|matched_density_hash|arbitrary_decidable_modular,post_freeze_evaluator,0
3825,00000000000111011110001,23,23,True,1011713/16777216,1/8388608,1/8388608,True,1011715/16777216,True,True,all_integer_control|matched_density_seeded_random,post_freeze_evaluator,0
3826,00000000000111011110010,23,23,True,-3182591/16777216,1/8388608,1/8388608,True,3182593/16777216,True,True,all_integer_control|arbitrary_decidable_modular,post_freeze_evaluator,0
3827,00000000000111011110011,23,23,True,5206017/16777216,1/8388608,1/8388608,True,5206019/16777216,True,True,all_integer_control,post_freeze_evaluator,0
3828,00000000000111011110100,23,23,True,-5279743/16777216,1/8388608,1/8388608,True,5279745/16777216,True,True,all_integer_control,post_freeze_evaluator,0
3829,00000000000111011110101,23,23,True,3108865/16777216,1/8388608,1/8388608,True,3108867/16777216,True,True,all_integer_control|matched_density_hash,post_freeze_evaluator,0
3830,00000000000111011110110,23,23,True,-1085439/16777216,1/8388608,1/8388608,True,1085441/16777216,True,True,all_integer_control|arbitrary_decidable_modular,post_freeze_evaluator,0
3831,00000000000111011110111,23,23,True,7303169/16777216,1/8388608,1/8388608,True,7303171/16777216,True,True,all_integer_control|arbitrary_decidable_modular,post_freeze_evaluator,0
3832,00000000000111011111000,23,23,True,-6328319/16777216,1/8388608,1/8388608,True,6328321/16777216,True,True,all_integer_control,post_freeze_evaluator,0
3833,00000000000111011111001,23,23,True,2060289/16777216,1/8388608,1/8388608,True,2060291/16777216,True,True,prime_evaluator|all_integer_control|arbitrary_decidable_modular,post_freeze_evaluator,0
3834,00000000000111011111010,23,23,True,-2134015/16777216,1/8388608,1/8388608,True,2134017/16777216,True,True,all_integer_control,post_freeze_evaluator,0
3835,00000000000111011111011,23,23,True,6254593/16777216,1/8388608,1/8388608,True,6254595/16777216,True,True,all_integer_control,post_freeze_evaluator,0
3836,00000000000111011111100,23,23,True,-4231167/16777216,1/8388608,1/8388608,True,4231169/16777216,True,True,all_integer_control,post_freeze_evaluator,0
3837,00000000000111011111101,23,23,True,4157441/16777216,1/8388608,1/8388608,True,4157443/16777216,True,True,all_integer_control|arbitrary_decidable_modular,post_freeze_evaluator,0
3838,00000000000111011111110,23,23,True,-36863/16777216,1/8388608,1/8388608,True,36865/16777216,True,True,all_integer_control|matched_density_hash|arbitrary_decidable_modular,post_freeze_evaluator,0
3839,00000000000111011111111,23,23,True,8351745/16777216,1/8388608,1/8388608,True,8351747/16777216,True,True,all_integer_control,post_freeze_evaluator,0
3840,00000000000111100000000,23,23,True,-8327167/16777216,1/8388608,1/8388608,True,8327169/16777216,True,True,all_integer_control|arbitrary_decidable_modular,post_freeze_evaluator,0
3841,00000000000111100000001,23,23,True,61441/16777216,1/8388608,1/8388608,True,61443/16777216,True,True,all_integer_control,post_freeze_evaluator,0
3842,00000000000111100000010,23,23,True,-4132863/16777216,1/8388608,1/8388608,True,4132865/16777216,True,True,all_integer_control|matched_density_hash,post_freeze_evaluator,0
3843,00000000000111100000011,23,23,True,4255745/16777216,1/8388608,1/8388608,True,4255747/16777216,True,True,all_integer_control,post_freeze_evaluator,0
3844,00000000000111100000100,23,23,True,-6230015/16777216,1/8388608,1/8388608,True,6230017/16777216,True,True,square_control|all_integer_control|arbitrary_decidable_modular,post_freeze_evaluator,0
3845,00000000000111100000101,23,23,True,2158593/16777216,1/8388608,1/8388608,True,2158595/16777216,True,True,all_integer_control|arbitrary_decidable_modular,post_freeze_evaluator,0
3846,00000000000111100000110,23,23,True,-2035711/16777216,1/8388608,1/8388608,True,2035713/16777216,True,True,all_integer_control,post_freeze_evaluator,0
3847,00000000000111100000111,23,23,True,6352897/16777216,1/8388608,1/8388608,True,6352899/16777216,True,True,prime_evaluator|all_integer_control|arbitrary_decidable_modular,post_freeze_evaluator,0
3848,00000000000111100001000,23,23,True,-7278591/16777216,1/8388608,1/8388608,True,7278593/16777216,True,True,all_integer_control|matched_density_seeded_random,post_freeze_evaluator,0
3849,00000000000111100001001,23,23,True,1110017/16777216,1/8388608,1/8388608,True,1110019/16777216,True,True,all_integer_control,post_freeze_evaluator,0
3850,00000000000111100001010,23,23,True,-3084287/16777216,1/8388608,1/8388608,True,3084289/16777216,True,True,all_integer_control,post_freeze_evaluator,0
3851,00000000000111100001011,23,23,True,5304321/16777216,1/8388608,1/8388608,True,5304323/16777216,True,True,prime_evaluator|all_integer_control|arbitrary_decidable_modular,post_freeze_evaluator,0
3852,00000000000111100001100,23,23,True,-5181439/16777216,1/8388608,1/8388608,True,5181441/16777216,True,True,all_integer_control|arbitrary_decidable_modular,post_freeze_evaluator,0
3853,00000000000111100001101,23,23,True,3207169/16777216,1/8388608,1/8388608,True,3207171/16777216,True,True,prime_evaluator|all_integer_control,post_freeze_evaluator,0
3854,00000000000111100001110,23,23,True,-987135/16777216,1/8388608,1/8388608,True,987137/16777216,True,True,all_integer_control|matched_density_hash|arbitrary_decidable_modular,post_freeze_evaluator,0
3855,00000000000111100001111,23,23,True,7401473/16777216,1/8388608,1/8388608,True,7401475/16777216,True,True,all_integer_control,post_freeze_evaluator,0
3856,00000000000111100010000,23,23,True,-7802879/16777216,1/8388608,1/8388608,True,7802881/16777216,True,True,all_integer_control,post_freeze_evaluator,0
3857,00000000000111100010001,23,23,True,585729/16777216,1/8388608,1/8388608,True,585731/16777216,True,True,all_integer_control,post_freeze_evaluator,0
3858,00000000000111100010010,23,23,True,-3608575/16777216,1/8388608,1/8388608,True,3608577/16777216,True,True,all_integer_control|arbitrary_decidable_modular,post_freeze_evaluator,0
3859,00000000000111100010011,23,23,True,4780033/16777216,1/8388608,1/8388608,True,4780035/16777216,True,True,all_integer_control|arbitrary_decidable_modular,post_freeze_evaluator,0
3860,00000000000111100010100,23,23,True,-5705727/16777216,1/8388608,1/8388608,True,5705729/16777216,True,True,all_integer_control|matched_density_hash,post_freeze_evaluator,0
3861,00000000000111100010101,23,23,True,2682881/16777216,1/8388608,1/8388608,True,2682883/16777216,True,True,all_integer_control|arbitrary_decidable_modular,post_freeze_evaluator,0
3862,00000000000111100010110,23,23,True,-1511423/16777216,1/8388608,1/8388608,True,1511425/16777216,True,True,all_integer_control,post_freeze_evaluator,0
3863,00000000000111100010111,23,23,True,6877185/16777216,1/8388608,1/8388608,True,6877187/16777216,True,True,prime_evaluator|all_integer_control,post_freeze_evaluator,0
3864,00000000000111100011000,23,23,True,-6754303/16777216,1/8388608,1/8388608,True,6754305/16777216,True,True,all_integer_control,post_freeze_evaluator,0
3865,00000000000111100011001,23,23,True,1634305/16777216,1/8388608,1/8388608,True,1634307/16777216,True,True,all_integer_control|arbitrary_decidable_modular,post_freeze_evaluator,0
3866,00000000000111100011010,23,23,True,-2559999/16777216,1/8388608,1/8388608,True,2560001/16777216,True,True,all_integer_control|matched_density_hash|arbitrary_decidable_modular,post_freeze_evaluator,0
3867,00000000000111100011011,23,23,True,5828609/16777216,1/8388608,1/8388608,True,5828611/16777216,True,True,all_integer_control|matched_density_seeded_random,post_freeze_evaluator,0
3868,00000000000111100011100,23,23,True,-4657151/16777216,1/8388608,1/8388608,True,4657153/16777216,True,True,all_integer_control|arbitrary_decidable_modular,post_freeze_evaluator,0
3869,00000000000111100011101,23,23,True,3731457/16777216,1/8388608,1/8388608,True,3731459/16777216,True,True,all_integer_control,post_freeze_evaluator,0
3870,00000000000111100011110,23,23,True,-462847/16777216,1/8388608,1/8388608,True,462849/16777216,True,True,all_integer_control,post_freeze_evaluator,0
3871,00000000000111100011111,23,23,True,7925761/16777216,1/8388608,1/8388608,True,7925763/16777216,True,True,all_integer_control,post_freeze_evaluator,0
3872,00000000000111100100000,23,23,True,-8065023/16777216,1/8388608,1/8388608,True,8065025/16777216,True,True,all_integer_control|matched_density_seeded_random|arbitrary_decidable_modular,post_freeze_evaluator,0
3873,00000000000111100100001,23,23,True,323585/16777216,1/8388608,1/8388608,True,323587/16777216,True,True,all_integer_control|arbitrary_decidable_modular,post_freeze_evaluator,0
3874,00000000000111100100010,23,23,True,-3870719/16777216,1/8388608,1/8388608,True,3870721/16777216,True,True,all_integer_control|matched_density_seeded_random,post_freeze_evaluator,0
3875,00000000000111100100011,23,23,True,4517889/16777216,1/8388608,1/8388608,True,4517891/16777216,True,True,all_integer_control|arbitrary_decidable_modular,post_freeze_evaluator,0
3876,00000000000111100100100,23,23,True,-5967871/16777216,1/8388608,1/8388608,True,5967873/16777216,True,True,all_integer_control,post_freeze_evaluator,0
3877,00000000000111100100101,23,23,True,2420737/16777216,1/8388608,1/8388608,True,2420739/16777216,True,True,prime_evaluator|all_integer_control,post_freeze_evaluator,0
3878,00000000000111100100110,23,23,True,-1773567/16777216,1/8388608,1/8388608,True,1773569/16777216,True,True,all_integer_control,post_freeze_evaluator,0
3879,00000000000111100100111,23,23,True,6615041/16777216,1/8388608,1/8388608,True,6615043/16777216,True,True,all_integer_control|arbitrary_decidable_modular,post_freeze_evaluator,0
3880,00000000000111100101000,23,23,True,-7016447/16777216,1/8388608,1/8388608,True,7016449/16777216,True,True,all_integer_control|arbitrary_decidable_modular,post_freeze_evaluator,0
3881,00000000000111100101001,23,23,True,1372161/16777216,1/8388608,1/8388608,True,1372163/16777216,True,True,prime_evaluator|all_integer_control|matched_density_seeded_random,post_freeze_evaluator,0
3882,00000000000111100101010,23,23,True,-2822143/16777216,1/8388608,1/8388608,True,2822145/16777216,True,True,all_integer_control|matched_density_seeded_random|arbitrary_decidable_modular,post_freeze_evaluator,0
3883,00000000000111100101011,23,23,True,5566465/16777216,1/8388608,1/8388608,True,5566467/16777216,True,True,all_integer_control,post_freeze_evaluator,0
3884,00000000000111100101100,23,23,True,-4919295/16777216,1/8388608,1/8388608,True,4919297/16777216,True,True,all_integer_control,post_freeze_evaluator,0
3885,00000000000111100101101,23,23,True,3469313/16777216,1/8388608,1/8388608,True,3469315/16777216,True,True,all_integer_control,post_freeze_evaluator,0
3886,00000000000111100101110,23,23,True,-724991/16777216,1/8388608,1/8388608,True,724993/16777216,True,True,all_integer_control|arbitrary_decidable_modular,post_freeze_evaluator,0
3887,00000000000111100101111,23,23,True,7663617/16777216,1/8388608,1/8388608,True,7663619/16777216,True,True,all_integer_control|arbitrary_decidable_modular,post_freeze_evaluator,0
3888,00000000000111100110000,23,23,True,-7540735/16777216,1/8388608,1/8388608,True,7540737/16777216,True,True,all_integer_control,post_freeze_evaluator,0
3889,00000000000111100110001,23,23,True,847873/16777216,1/8388608,1/8388608,True,847875/16777216,True,True,prime_evaluator|all_integer_control|arbitrary_decidable_modular,post_freeze_evaluator,0
3890,00000000000111100110010,23,23,True,-3346431/16777216,1/8388608,1/8388608,True,3346433/16777216,True,True,all_integer_control,post_freeze_evaluator,0
3891,00000000000111100110011,23,23,True,5042177/16777216,1/8388608,1/8388608,True,5042179/16777216,True,True,all_integer_control,post_freeze_evaluator,0
3892,00000000000111100110100,23,23,True,-5443583/16777216,1/8388608,1/8388608,True,5443585/16777216,True,True,all_integer_control|matched_density_hash,post_freeze_evaluator,0
3893,00000000000111100110101,23,23,True,2945025/16777216,1/8388608,1/8388608,True,2945027/16777216,True,True,all_integer_control|arbitrary_decidable_modular,post_freeze_evaluator,0
3894,00000000000111100110110,23,23,True,-1249279/16777216,1/8388608,1/8388608,True,1249281/16777216,True,True,all_integer_control|arbitrary_decidable_modular,post_freeze_evaluator,0
3895,00000000000111100110111,23,23,True,7139329/16777216,1/8388608,1/8388608,True,7139331/16777216,True,True,all_integer_control,post_freeze_evaluator,0
3896,00000000000111100111000,23,23,True,-6492159/16777216,1/8388608,1/8388608,True,6492161/16777216,True,True,all_integer_control|arbitrary_decidable_modular,post_freeze_evaluator,0
3897,00000000000111100111001,23,23,True,1896449/16777216,1/8388608,1/8388608,True,1896451/16777216,True,True,all_integer_control,post_freeze_evaluator,0
3898,00000000000111100111010,23,23,True,-2297855/16777216,1/8388608,1/8388608,True,2297857/16777216,True,True,all_integer_control,post_freeze_evaluator,0
3899,00000000000111100111011,23,23,True,6090753/16777216,1/8388608,1/8388608,True,6090755/16777216,True,True,all_integer_control|matched_density_hash,post_freeze_evaluator,0
3900,00000000000111100111100,23,23,True,-4395007/16777216,1/8388608,1/8388608,True,4395009/16777216,True,True,all_integer_control|arbitrary_decidable_modular,post_freeze_evaluator,0
3901,00000000000111100111101,23,23,True,3993601/16777216,1/8388608,1/8388608,True,3993603/16777216,True,True,all_integer_control|matched_density_seeded_random|arbitrary_decidable_modular,post_freeze_evaluator,0
3902,00000000000111100111110,23,23,True,-200703/16777216,1/8388608,1/8388608,True,200705/16777216,True,True,all_integer_control,post_freeze_evaluator,0
3903,00000000000111100111111,23,23,True,8187905/16777216,1/8388608,1/8388608,True,8187907/16777216,True,True,all_integer_control|arbitrary_decidable_modular,post_freeze_evaluator,0
3904,00000000000111101000000,23,23,True,-8196095/16777216,1/8388608,1/8388608,True,8196097/16777216,True,True,all_integer_control,post_freeze_evaluator,0
3905,00000000000111101000001,23,23,True,192513/16777216,1/8388608,1/8388608,True,192515/16777216,True,True,all_integer_control,post_freeze_evaluator,0
3906,00000000000111101000010,23,23,True,-4001791/16777216,1/8388608,1/8388608,True,4001793/16777216,True,True,all_integer_control,post_freeze_evaluator,0
3907,00000000000111101000011,23,23,True,4386817/16777216,1/8388608,1/8388608,True,4386819/16777216,True,True,prime_evaluator|all_integer_control|arbitrary_decidable_modular,post_freeze_evaluator,0
3908,00000000000111101000100,23,23,True,-6098943/16777216,1/8388608,1/8388608,True,6098945/16777216,True,True,all_integer_control|arbitrary_decidable_modular,post_freeze_evaluator,0
3909,00000000000111101000101,23,23,True,2289665/16777216,1/8388608,1/8388608,True,2289667/16777216,True,True,all_integer_control,post_freeze_evaluator,0
3910,00000000000111101000110,23,23,True,-1904639/16777216,1/8388608,1/8388608,True,1904641/16777216,True,True,all_integer_control|arbitrary_decidable_modular,post_freeze_evaluator,0
3911,00000000000111101000111,23,23,True,6483969/16777216,1/8388608,1/8388608,True,6483971/16777216,True,True,prime_evaluator|all_integer_control,post_freeze_evaluator,0
3912,00000000000111101001000,23,23,True,-7147519/16777216,1/8388608,1/8388608,True,7147521/16777216,True,True,all_integer_control|matched_density_hash,post_freeze_evaluator,0
3913,00000000000111101001001,23,23,True,1241089/16777216,1/8388608,1/8388608,True,1241091/16777216,True,True,all_integer_control,post_freeze_evaluator,0
3914,00000000000111101001010,23,23,True,-2953215/16777216,1/8388608,1/8388608,True,2953217/16777216,True,True,all_integer_control|matched_density_hash|arbitrary_decidable_modular,post_freeze_evaluator,0
3915,00000000000111101001011,23,23,True,5435393/16777216,1/8388608,1/8388608,True,5435395/16777216,True,True,all_integer_control|arbitrary_decidable_modular,post_freeze_evaluator,0
3916,00000000000111101001100,23,23,True,-5050367/16777216,1/8388608,1/8388608,True,5050369/16777216,True,True,all_integer_control,post_freeze_evaluator,0
3917,00000000000111101001101,23,23,True,3338241/16777216,1/8388608,1/8388608,True,3338243/16777216,True,True,prime_evaluator|all_integer_control|arbitrary_decidable_modular,post_freeze_evaluator,0
3918,00000000000111101001110,23,23,True,-856063/16777216,1/8388608,1/8388608,True,856065/16777216,True,True,all_integer_control,post_freeze_evaluator,0
3919,00000000000111101001111,23,23,True,7532545/16777216,1/8388608,1/8388608,True,7532547/16777216,True,True,prime_evaluator|all_integer_control,post_freeze_evaluator,0
3920,00000000000111101010000,23,23,True,-7671807/16777216,1/8388608,1/8388608,True,7671809/16777216,True,True,all_integer_control,post_freeze_evaluator,0
3921,00000000000111101010001,23,23,True,716801/16777216,1/8388608,1/8388608,True,716803/16777216,True,True,all_integer_control|matched_density_seeded_random|arbitrary_decidable_modular,post_freeze_evaluator,0
3922,00000000000111101010010,23,23,True,-3477503/16777216,1/8388608,1/8388608,True,3477505/16777216,True,True,all_integer_control|matched_density_seeded_random|matched_density_hash|arbitrary_decidable_modular,post_freeze_evaluator,0
3923,00000000000111101010011,23,23,True,4911105/16777216,1/8388608,1/8388608,True,4911107/16777216,True,True,prime_evaluator|all_integer_control,post_freeze_evaluator,0
3924,00000000000111101010100,23,23,True,-5574655/16777216,1/8388608,1/8388608,True,5574657/16777216,True,True,all_integer_control|arbitrary_decidable_modular,post_freeze_evaluator,0
3925,00000000000111101010101,23,23,True,2813953/16777216,1/8388608,1/8388608,True,2813955/16777216,True,True,all_integer_control,post_freeze_evaluator,0
3926,00000000000111101010110,23,23,True,-1380351/16777216,1/8388608,1/8388608,True,1380353/16777216,True,True,all_integer_control,post_freeze_evaluator,0
3927,00000000000111101010111,23,23,True,7008257/16777216,1/8388608,1/8388608,True,7008259/16777216,True,True,all_integer_control,post_freeze_evaluator,0
3928,00000000000111101011000,23,23,True,-6623231/16777216,1/8388608,1/8388608,True,6623233/16777216,True,True,all_integer_control|matched_density_hash|arbitrary_decidable_modular,post_freeze_evaluator,0
3929,00000000000111101011001,23,23,True,1765377/16777216,1/8388608,1/8388608,True,1765379/16777216,True,True,prime_evaluator|all_integer_control|arbitrary_decidable_modular,post_freeze_evaluator,0
3930,00000000000111101011010,23,23,True,-2428927/16777216,1/8388608,1/8388608,True,2428929/16777216,True,True,all_integer_control,post_freeze_evaluator,0
3931,00000000000111101011011,23,23,True,5959681/16777216,1/8388608,1/8388608,True,5959683/16777216,True,True,prime_evaluator|all_integer_control|arbitrary_decidable_modular,post_freeze_evaluator,0
3932,00000000000111101011100,23,23,True,-4526079/16777216,1/8388608,1/8388608,True,4526081/16777216,True,True,all_integer_control,post_freeze_evaluator,0
3933,00000000000111101011101,23,23,True,3862529/16777216,1/8388608,1/8388608,True,3862531/16777216,True,True,all_integer_control,post_freeze_evaluator,0
3934,00000000000111101011110,23,23,True,-331775/16777216,1/8388608,1/8388608,True,331777/16777216,True,True,all_integer_control,post_freeze_evaluator,0
3935,00000000000111101011111,23,23,True,8056833/16777216,1/8388608,1/8388608,True,8056835/16777216,True,True,all_integer_control|arbitrary_decidable_modular,post_freeze_evaluator,0
3936,00000000000111101100000,23,23,True,-7933951/16777216,1/8388608,1/8388608,True,7933953/16777216,True,True,all_integer_control|arbitrary_decidable_modular,post_freeze_evaluator,0
3937,00000000000111101100001,23,23,True,454657/16777216,1/8388608,1/8388608,True,454659/16777216,True,True,all_integer_control,post_freeze_evaluator,0
3938,00000000000111101100010,23,23,True,-3739647/16777216,1/8388608,1/8388608,True,3739649/16777216,True,True,all_integer_control|arbitrary_decidable_modular,post_freeze_evaluator,0
3939,00000000000111101100011,23,23,True,4648961/16777216,1/8388608,1/8388608,True,4648963/16777216,True,True,all_integer_control,post_freeze_evaluator,0
3940,00000000000111101100100,23,23,True,-5836799/16777216,1/8388608,1/8388608,True,5836801/16777216,True,True,all_integer_control,post_freeze_evaluator,0
3941,00000000000111101100101,23,23,True,2551809/16777216,1/8388608,1/8388608,True,2551811/16777216,True,True,all_integer_control,post_freeze_evaluator,0
3942,00000000000111101100110,23,23,True,-1642495/16777216,1/8388608,1/8388608,True,1642497/16777216,True,True,all_integer_control|arbitrary_decidable_modular,post_freeze_evaluator,0
3943,00000000000111101100111,23,23,True,6746113/16777216,1/8388608,1/8388608,True,6746115/16777216,True,True,prime_evaluator|all_integer_control|matched_density_seeded_random|arbitrary_decidable_modular,post_freeze_evaluator,0
3944,00000000000111101101000,23,23,True,-6885375/16777216,1/8388608,1/8388608,True,6885377/16777216,True,True,all_integer_control|matched_density_seeded_random,post_freeze_evaluator,0
3945,00000000000111101101001,23,23,True,1503233/16777216,1/8388608,1/8388608,True,1503235/16777216,True,True,all_integer_control|arbitrary_decidable_modular,post_freeze_evaluator,0
3946,00000000000111101101010,23,23,True,-2691071/16777216,1/8388608,1/8388608,True,2691073/16777216,True,True,all_integer_control,post_freeze_evaluator,0
3947,00000000000111101101011,23,23,True,5697537/16777216,1/8388608,1/8388608,True,5697539/16777216,True,True,prime_evaluator|all_integer_control,post_freeze_evaluator,0
3948,00000000000111101101100,23,23,True,-4788223/16777216,1/8388608,1/8388608,True,4788225/16777216,True,True,all_integer_control|matched_density_hash,post_freeze_evaluator,0
3949,00000000000111101101101,23,23,True,3600385/16777216,1/8388608,1/8388608,True,3600387/16777216,True,True,all_integer_control|matched_density_seeded_random|matched_density_hash|arbitrary_decidable_modular,post_freeze_evaluator,0
3950,00000000000111101101110,23,23,True,-593919/16777216,1/8388608,1/8388608,True,593921/16777216,True,True,all_integer_control|arbitrary_decidable_modular,post_freeze_evaluator,0
3951,00000000000111101101111,23,23,True,7794689/16777216,1/8388608,1/8388608,True,7794691/16777216,True,True,all_integer_control|matched_density_seeded_random|matched_density_hash,post_freeze_evaluator,0
3952,00000000000111101110000,23,23,True,-7409663/16777216,1/8388608,1/8388608,True,7409665/16777216,True,True,all_integer_control|matched_density_hash|arbitrary_decidable_modular,post_freeze_evaluator,0
3953,00000000000111101110001,23,23,True,978945/16777216,1/8388608,1/8388608,True,978947/16777216,True,True,all_integer_control,post_freeze_evaluator,0
3954,00000000000111101110010,23,23,True,-3215359/16777216,1/8388608,1/8388608,True,3215361/16777216,True,True,all_integer_control|matched_density_hash,post_freeze_evaluator,0
3955,00000000000111101110011,23,23,True,5173249/16777216,1/8388608,1/8388608,True,5173251/16777216,True,True,all_integer_control,post_freeze_evaluator,0
3956,00000000000111101110100,23,23,True,-5312511/16777216,1/8388608,1/8388608,True,5312513/16777216,True,True,all_integer_control|arbitrary_decidable_modular,post_freeze_evaluator,0
3957,00000000000111101110101,23,23,True,3076097/16777216,1/8388608,1/8388608,True,3076099/16777216,True,True,all_integer_control|matched_density_hash|arbitrary_decidable_modular,post_freeze_evaluator,0
3958,00000000000111101110110,23,23,True,-1118207/16777216,1/8388608,1/8388608,True,1118209/16777216,True,True,all_integer_control,post_freeze_evaluator,0
3959,00000000000111101110111,23,23,True,7270401/16777216,1/8388608,1/8388608,True,7270403/16777216,True,True,all_integer_control|matched_density_hash|arbitrary_decidable_modular,post_freeze_evaluator,0
3960,00000000000111101111000,23,23,True,-6361087/16777216,1/8388608,1/8388608,True,6361089/16777216,True,True,all_integer_control,post_freeze_evaluator,0
3961,00000000000111101111001,23,23,True,2027521/16777216,1/8388608,1/8388608,True,2027523/16777216,True,True,all_integer_control|matched_density_hash,post_freeze_evaluator,0
3962,00000000000111101111010,23,23,True,-2166783/16777216,1/8388608,1/8388608,True,2166785/16777216,True,True,all_integer_control,post_freeze_evaluator,0
3963,00000000000111101111011,23,23,True,6221825/16777216,1/8388608,1/8388608,True,6221827/16777216,True,True,all_integer_control|matched_density_seeded_random|matched_density_hash|arbitrary_decidable_modular,post_freeze_evaluator,0
3964,00000000000111101111100,23,23,True,-4263935/16777216,1/8388608,1/8388608,True,4263937/16777216,True,True,all_integer_control|arbitrary_decidable_modular,post_freeze_evaluator,0
3965,00000000000111101111101,23,23,True,4124673/16777216,1/8388608,1/8388608,True,4124675/16777216,True,True,all_integer_control,post_freeze_evaluator,0
3966,00000000000111101111110,23,23,True,-69631/16777216,1/8388608,1/8388608,True,69633/16777216,True,True,all_integer_control|arbitrary_decidable_modular,post_freeze_evaluator,0
3967,00000000000111101111111,23,23,True,8318977/16777216,1/8388608,1/8388608,True,8318979/16777216,True,True,prime_evaluator|all_integer_control,post_freeze_evaluator,0
3968,00000000000111110000000,23,23,True,-8261631/16777216,1/8388608,1/8388608,True,8261633/16777216,True,True,all_integer_control|matched_density_hash,post_freeze_evaluator,0
3969,00000000000111110000001,23,23,True,126977/16777216,1/8388608,1/8388608,True,126979/16777216,True,True,square_control|all_integer_control|matched_density_seeded_random,post_freeze_evaluator,0
3970,00000000000111110000010,23,23,True,-4067327/16777216,1/8388608,1/8388608,True,4067329/16777216,True,True,all_integer_control|matched_density_seeded_random|arbitrary_decidable_modular,post_freeze_evaluator,0
3971,00000000000111110000011,23,23,True,4321281/16777216,1/8388608,1/8388608,True,4321283/16777216,True,True,all_integer_control|arbitrary_decidable_modular,post_freeze_evaluator,0
3972,00000000000111110000100,23,23,True,-6164479/16777216,1/8388608,1/8388608,True,6164481/16777216,True,True,all_integer_control,post_freeze_evaluator,0
3973,00000000000111110000101,23,23,True,2224129/16777216,1/8388608,1/8388608,True,2224131/16777216,True,True,all_integer_control|arbitrary_decidable_modular,post_freeze_evaluator,0
3974,00000000000111110000110,23,23,True,-1970175/16777216,1/8388608,1/8388608,True,1970177/16777216,True,True,all_integer_control,post_freeze_evaluator,0
3975,00000000000111110000111,23,23,True,6418433/16777216,1/8388608,1/8388608,True,6418435/16777216,True,True,all_integer_control,post_freeze_evaluator,0
3976,00000000000111110001000,23,23,True,-7213055/16777216,1/8388608,1/8388608,True,7213057/16777216,True,True,all_integer_control|matched_density_hash,post_freeze_evaluator,0
3977,00000000000111110001001,23,23,True,1175553/16777216,1/8388608,1/8388608,True,1175555/16777216,True,True,all_integer_control|matched_density_hash|arbitrary_decidable_modular,post_freeze_evaluator,0
3978,00000000000111110001010,23,23,True,-3018751/16777216,1/8388608,1/8388608,True,3018753/16777216,True,True,all_integer_control|arbitrary_decidable_modular,post_freeze_evaluator,0
3979,00000000000111110001011,23,23,True,5369857/16777216,1/8388608,1/8388608,True,5369859/16777216,True,True,all_integer_control|matched_density_hash,post_freeze_evaluator,0
3980,00000000000111110001100,23,23,True,-5115903/16777216,1/8388608,1/8388608,True,5115905/16777216,True,True,all_integer_control|arbitrary_decidable_modular,post_freeze_evaluator,0
3981,00000000000111110001101,23,23,True,3272705/16777216,1/8388608,1/8388608,True,3272707/16777216,True,True,all_integer_control,post_freeze_evaluator,0
3982,00000000000111110001110,23,23,True,-921599/16777216,1/8388608,1/8388608,True,921601/16777216,True,True,all_integer_control,post_freeze_evaluator,0
3983,00000000000111110001111,23,23,True,7467009/16777216,1/8388608,1/8388608,True,7467011/16777216,True,True,all_integer_control,post_freeze_evaluator,0
3984,00000000000111110010000,23,23,True,-7737343/16777216,1/8388608,1/8388608,True,7737345/16777216,True,True,all_integer_control|arbitrary_decidable_modular,post_freeze_evaluator,0
3985,00000000000111110010001,23,23,True,651265/16777216,1/8388608,1/8388608,True,651267/16777216,True,True,all_integer_control|arbitrary_decidable_modular,post_freeze_evaluator,0
3986,00000000000111110010010,23,23,True,-3543039/16777216,1/8388608,1/8388608,True,3543041/16777216,True,True,all_integer_control|matched_density_hash,post_freeze_evaluator,0
3987,00000000000111110010011,23,23,True,4845569/16777216,1/8388608,1/8388608,True,4845571/16777216,True,True,all_integer_control|arbitrary_decidable_modular,post_freeze_evaluator,0
3988,00000000000111110010100,23,23,True,-5640191/16777216,1/8388608,1/8388608,True,5640193/16777216,True,True,all_integer_control|matched_density_seeded_random,post_freeze_evaluator,0
3989,00000000000111110010101,23,23,True,2748417/16777216,1/8388608,1/8388608,True,2748419/16777216,True,True,prime_evaluator|all_integer_control,post_freeze_evaluator,0
3990,00000000000111110010110,23,23,True,-1445887/16777216,1/8388608,1/8388608,True,1445889/16777216,True,True,all_integer_control,post_freeze_evaluator,0
3991,00000000000111110010111,23,23,True,6942721/16777216,1/8388608,1/8388608,True,6942723/16777216,True,True,all_integer_control|matched_density_hash|arbitrary_decidable_modular,post_freeze_evaluator,0
3992,00000000000111110011000,23,23,True,-6688767/16777216,1/8388608,1/8388608,True,6688769/16777216,True,True,all_integer_control|arbitrary_decidable_modular,post_freeze_evaluator,0
3993,00000000000111110011001,23,23,True,1699841/16777216,1/8388608,1/8388608,True,1699843/16777216,True,True,all_integer_control,post_freeze_evaluator,0
3994,00000000000111110011010,23,23,True,-2494463/16777216,1/8388608,1/8388608,True,2494465/16777216,True,True,all_integer_control|arbitrary_decidable_modular,post_freeze_evaluator,0
3995,00000000000111110011011,23,23,True,5894145/16777216,1/8388608,1/8388608,True,5894147/16777216,True,True,all_integer_control,post_freeze_evaluator,0
3996,00000000000111110011100,23,23,True,-4591615/16777216,1/8388608,1/8388608,True,4591617/16777216,True,True,all_integer_control,post_freeze_evaluator,0
3997,00000000000111110011101,23,23,True,3796993/16777216,1/8388608,1/8388608,True,3796995/16777216,True,True,all_integer_control|matched_density_hash,post_freeze_evaluator,0
3998,00000000000111110011110,23,23,True,-397311/16777216,1/8388608,1/8388608,True,397313/16777216,True,True,all_integer_control|arbitrary_decidable_modular,post_freeze_evaluator,0
3999,00000000000111110011111,23,23,True,7991297/16777216,1/8388608,1/8388608,True,7991299/16777216,True,True,all_integer_control|matched_density_seeded_random|arbitrary_decidable_modular,post_freeze_evaluator,0
4000,00000000000111110100000,23,23,True,-7999487/16777216,1/8388608,1/8388608,True,7999489/16777216,True,True,all_integer_control,post_freeze_evaluator,0
4001,00000000000111110100001,23,23,True,389121/16777216,1/8388608,1/8388608,True,389123/16777216,True,True,prime_evaluator|all_integer_control|arbitrary_decidable_modular,post_freeze_evaluator,0
4002,00000000000111110100010,23,23,True,-3805183/16777216,1/8388608,1/8388608,True,3805185/16777216,True,True,all_integer_control,post_freeze_evaluator,0
4003,00000000000111110100011,23,23,True,4583425/16777216,1/8388608,1/8388608,True,4583427/16777216,True,True,prime_evaluator|all_integer_control,post_freeze_evaluator,0
4004,00000000000111110100100,23,23,True,-5902335/16777216,1/8388608,1/8388608,True,5902337/16777216,True,True,all_integer_control|matched_density_hash,post_freeze_evaluator,0
4005,00000000000111110100101,23,23,True,2486273/16777216,1/8388608,1/8388608,True,2486275/16777216,True,True,all_integer_control|matched_density_seeded_random|arbitrary_decidable_modular,post_freeze_evaluator,0
4006,00000000000111110100110,23,23,True,-1708031/16777216,1/8388608,1/8388608,True,1708033/16777216,True,True,all_integer_control|arbitrary_decidable_modular,post_freeze_evaluator,0
4007,00000000000111110100111,23,23,True,6680577/16777216,1/8388608,1/8388608,True,6680579/16777216,True,True,prime_evaluator|all_integer_control,post_freeze_evaluator,0
4008,00000000000111110101000,23,23,True,-6950911/16777216,1/8388608,1/8388608,True,6950913/16777216,True,True,all_integer_control|arbitrary_decidable_modular,post_freeze_evaluator,0
4009,00000000000111110101001,23,23,True,1437697/16777216,1/8388608,1/8388608,True,1437699/16777216,True,True,all_integer_control|matched_density_hash,post_freeze_evaluator,0
4010,00000000000111110101010,23,23,True,-2756607/16777216,1/8388608,1/8388608,True,2756609/16777216,True,True,all_integer_control,post_freeze_evaluator,0
4011,00000000000111110101011,23,23,True,5632001/16777216,1/8388608,1/8388608,True,5632003/16777216,True,True,all_integer_control,post_freeze_evaluator,0
4012,00000000000111110101100,23,23,True,-4853759/16777216,1/8388608,1/8388608,True,4853761/16777216,True,True,all_integer_control|arbitrary_decidable_modular,post_freeze_evaluator,0
4013,00000000000111110101101,23,23,True,3534849/16777216,1/8388608,1/8388608,True,3534851/16777216,True,True,prime_evaluator|all_integer_control|matched_density_hash|arbitrary_decidable_modular,post_freeze_evaluator,0
4014,00000000000111110101110,23,23,True,-659455/16777216,1/8388608,1/8388608,True,659457/16777216,True,True,all_integer_control,post_freeze_evaluator,0
4015,00000000000111110101111,23,23,True,7729153/16777216,1/8388608,1/8388608,True,7729155/16777216,True,True,all_integer_control|arbitrary_decidable_modular,post_freeze_evaluator,0
4016,00000000000111110110000,23,23,True,-7475199/16777216,1/8388608,1/8388608,True,7475201/16777216,True,True,all_integer_control,post_freeze_evaluator,0
4017,00000000000111110110001,23,23,True,913409/16777216,1/8388608,1/8388608,True,913411/16777216,True,True,all_integer_control,post_freeze_evaluator,0
4018,00000000000111110110010,23,23,True,-3280895/16777216,1/8388608,1/8388608,True,3280897/16777216,True,True,all_integer_control,post_freeze_evaluator,0
4019,00000000000111110110011,23,23,True,5107713/16777216,1/8388608,1/8388608,True,5107715/16777216,True,True,prime_evaluator|all_integer_control|arbitrary_decidable_modular,post_freeze_evaluator,0
4020,00000000000111110110100,23,23,True,-5378047/16777216,1/8388608,1/8388608,True,5378049/16777216,True,True,all_integer_control|arbitrary_decidable_modular,post_freeze_evaluator,0
4021,00000000000111110110101,23,23,True,3010561/16777216,1/8388608,1/8388608,True,3010563/16777216,True,True,prime_evaluator|all_integer_control,post_freeze_evaluator,0
4022,00000000000111110110110,23,23,True,-1183743/16777216,1/8388608,1/8388608,True,1183745/16777216,True,True,all_integer_control|arbitrary_decidable_modular,post_freeze_evaluator,0
4023,00000000000111110110111,23,23,True,7204865/16777216,1/8388608,1/8388608,True,7204867/16777216,True,True,all_integer_control,post_freeze_evaluator,0
4024,00000000000111110111000,23,23,True,-6426623/16777216,1/8388608,1/8388608,True,6426625/16777216,True,True,all_integer_control,post_freeze_evaluator,0
4025,00000000000111110111001,23,23,True,1961985/16777216,1/8388608,1/8388608,True,1961987/16777216,True,True,all_integer_control,post_freeze_evaluator,0
4026,00000000000111110111010,23,23,True,-2232319/16777216,1/8388608,1/8388608,True,2232321/16777216,True,True,all_integer_control|arbitrary_decidable_modular,post_freeze_evaluator,0
4027,00000000000111110111011,23,23,True,6156289/16777216,1/8388608,1/8388608,True,6156291/16777216,True,True,prime_evaluator|all_integer_control|arbitrary_decidable_modular,post_freeze_evaluator,0
4028,00000000000111110111100,23,23,True,-4329471/16777216,1/8388608,1/8388608,True,4329473/16777216,True,True,all_integer_control,post_freeze_evaluator,0
4029,00000000000111110111101,23,23,True,4059137/16777216,1/8388608,1/8388608,True,4059139/16777216,True,True,all_integer_control|arbitrary_decidable_modular,post_freeze_evaluator,0
4030,00000000000111110111110,23,23,True,-135167/16777216,1/8388608,1/8388608,True,135169/16777216,True,True,all_integer_control,post_freeze_evaluator,0
4031,00000000000111110111111,23,23,True,8253441/16777216,1/8388608,1/8388608,True,8253443/16777216,True,True,all_integer_control,post_freeze_evaluator,0
4032,00000000000111111000000,23,23,True,-8130559/16777216,1/8388608,1/8388608,True,8130561/16777216,True,True,all_integer_control,post_freeze_evaluator,0
4033,00000000000111111000001,23,23,True,258049/16777216,1/8388608,1/8388608,True,258051/16777216,True,True,all_integer_control|matched_density_hash|arbitrary_decidable_modular,post_freeze_evaluator,0
4034,00000000000111111000010,23,23,True,-3936255/16777216,1/8388608,1/8388608,True,3936257/16777216,True,True,all_integer_control|arbitrary_decidable_modular,post_freeze_evaluator,0
4035,00000000000111111000011,23,23,True,4452353/16777216,1/8388608,1/8388608,True,4452355/16777216,True,True,all_integer_control,post_freeze_evaluator,0
4036,00000000000111111000100,23,23,True,-6033407/16777216,1/8388608,1/8388608,True,6033409/16777216,True,True,all_integer_control|arbitrary_decidable_modular,post_freeze_evaluator,0
4037,00000000000111111000101,23,23,True,2355201/16777216,1/8388608,1/8388608,True,2355203/16777216,True,True,all_integer_control,post_freeze_evaluator,0
4038,00000000000111111000110,23,23,True,-1839103/16777216,1/8388608,1/8388608,True,1839105/16777216,True,True,all_integer_control|matched_density_seeded_random|matched_density_hash,post_freeze_evaluator,0
4039,00000000000111111000111,23,23,True,6549505/16777216,1/8388608,1/8388608,True,6549507/16777216,True,True,all_integer_control,post_freeze_evaluator,0
4040,00000000000111111001000,23,23,True,-7081983/16777216,1/8388608,1/8388608,True,7081985/16777216,True,True,all_integer_control|arbitrary_decidable_modular,post_freeze_evaluator,0
4041,00000000000111111001001,23,23,True,1306625/16777216,1/8388608,1/8388608,True,1306627/16777216,True,True,all_integer_control|matched_density_seeded_random|arbitrary_decidable_modular,post_freeze_evaluator,0
4042,00000000000111111001010,23,23,True,-2887679/16777216,1/8388608,1/8388608,True,2887681/16777216,True,True,all_integer_control,post_freeze_evaluator,0
4043,00000000000111111001011,23,23,True,5500929/16777216,1/8388608,1/8388608,True,5500931/16777216,True,True,all_integer_control|arbitrary_decidable_modular,post_freeze_evaluator,0
4044,00000000000111111001100,23,23,True,-4984831/16777216,1/8388608,1/8388608,True,4984833/16777216,True,True,all_integer_control,post_freeze_evaluator,0
4045,00000000000111111001101,23,23,True,3403777/16777216,1/8388608,1/8388608,True,3403779/16777216,True,True,all_integer_control,post_freeze_evaluator,0
4046,00000000000111111001110,23,23,True,-790527/16777216,1/8388608,1/8388608,True,790529/16777216,True,True,all_integer_control|matched_density_hash,post_freeze_evaluator,0
4047,00000000000111111001111,23,23,True,7598081/16777216,1/8388608,1/8388608,True,7598083/16777216,True,True,all_integer_control|arbitrary_decidable_modular,post_freeze_evaluator,0
4048,00000000000111111010000,23,23,True,-7606271/16777216,1/8388608,1/8388608,True,7606273/16777216,True,True,all_integer_control|arbitrary_decidable_modular,post_freeze_evaluator,0
4049,00000000000111111010001,23,23,True,782337/16777216,1/8388608,1/8388608,True,782339/16777216,True,True,prime_evaluator|all_integer_control,post_freeze_evaluator,0
4050,00000000000111111010010,23,23,True,-3411967/16777216,1/8388608,1/8388608,True,3411969/16777216,True,True,all_integer_control|arbitrary_decidable_modular,post_freeze_evaluator,0
4051,00000000000111111010011,23,23,True,4976641/16777216,1/8388608,1/8388608,True,4976643/16777216,True,True,prime_evaluator|all_integer_control,post_freeze_evaluator,0
4052,00000000000111111010100,23,23,True,-5509119/16777216,1/8388608,1/8388608,True,5509121/16777216,True,True,all_integer_control,post_freeze_evaluator,0
4053,00000000000111111010101,23,23,True,2879489/16777216,1/8388608,1/8388608,True,2879491/16777216,True,True,all_integer_control,post_freeze_evaluator,0
4054,00000000000111111010110,23,23,True,-1314815/16777216,1/8388608,1/8388608,True,1314817/16777216,True,True,all_integer_control|matched_density_hash|arbitrary_decidable_modular,post_freeze_evaluator,0
4055,00000000000111111010111,23,23,True,7073793/16777216,1/8388608,1/8388608,True,7073795/16777216,True,True,all_integer_control|arbitrary_decidable_modular,post_freeze_evaluator,0
4056,00000000000111111011000,23,23,True,-6557695/16777216,1/8388608,1/8388608,True,6557697/16777216,True,True,all_integer_control,post_freeze_evaluator,0
4057,00000000000111111011001,23,23,True,1830913/16777216,1/8388608,1/8388608,True,1830915/16777216,True,True,prime_evaluator|all_integer_control|arbitrary_decidable_modular,post_freeze_evaluator,0
4058,00000000000111111011010,23,23,True,-2363391/16777216,1/8388608,1/8388608,True,2363393/16777216,True,True,all_integer_control,post_freeze_evaluator,0
4059,00000000000111111011011,23,23,True,6025217/16777216,1/8388608,1/8388608,True,6025219/16777216,True,True,all_integer_control,post_freeze_evaluator,0
4060,00000000000111111011100,23,23,True,-4460543/16777216,1/8388608,1/8388608,True,4460545/16777216,True,True,all_integer_control|matched_density_seeded_random,post_freeze_evaluator,0
4061,00000000000111111011101,23,23,True,3928065/16777216,1/8388608,1/8388608,True,3928067/16777216,True,True,all_integer_control|arbitrary_decidable_modular,post_freeze_evaluator,0
4062,00000000000111111011110,23,23,True,-266239/16777216,1/8388608,1/8388608,True,266241/16777216,True,True,all_integer_control|arbitrary_decidable_modular,post_freeze_evaluator,0
4063,00000000000111111011111,23,23,True,8122369/16777216,1/8388608,1/8388608,True,8122371/16777216,True,True,all_integer_control,post_freeze_evaluator,0
4064,00000000000111111100000,23,23,True,-7868415/16777216,1/8388608,1/8388608,True,7868417/16777216,True,True,all_integer_control|matched_density_hash|arbitrary_decidable_modular,post_freeze_evaluator,0
4065,00000000000111111100001,23,23,True,520193/16777216,1/8388608,1/8388608,True,520195/16777216,True,True,all_integer_control,post_freeze_evaluator,0
4066,00000000000111111100010,23,23,True,-3674111/16777216,1/8388608,1/8388608,True,3674113/16777216,True,True,all_integer_control|matched_density_seeded_random,post_freeze_evaluator,0
4067,00000000000111111100011,23,23,True,4714497/16777216,1/8388608,1/8388608,True,4714499/16777216,True,True,all_integer_control,post_freeze_evaluator,0
4068,00000000000111111100100,23,23,True,-5771263/16777216,1/8388608,1/8388608,True,5771265/16777216,True,True,all_integer_control|matched_density_hash|arbitrary_decidable_modular,post_freeze_evaluator,0
4069,00000000000111111100101,23,23,True,2617345/16777216,1/8388608,1/8388608,True,2617347/16777216,True,True,all_integer_control|arbitrary_decidable_modular,post_freeze_evaluator,0
4070,00000000000111111100110,23,23,True,-1576959/16777216,1/8388608,1/8388608,True,1576961/16777216,True,True,all_integer_control|matched_density_hash,post_freeze_evaluator,0
4071,00000000000111111100111,23,23,True,6811649/16777216,1/8388608,1/8388608,True,6811651/16777216,True,True,all_integer_control|matched_density_seeded_random|arbitrary_decidable_modular,post_freeze_evaluator,0
4072,00000000000111111101000,23,23,True,-6819839/16777216,1/8388608,1/8388608,True,6819841/16777216,True,True,all_integer_control|matched_density_hash,post_freeze_evaluator,0
4073,00000000000111111101001,23,23,True,1568769/16777216,1/8388608,1/8388608,True,1568771/16777216,True,True,prime_evaluator|all_integer_control,post_freeze_evaluator,0
4074,00000000000111111101010,23,23,True,-2625535/16777216,1/8388608,1/8388608,True,2625537/16777216,True,True,all_integer_control,post_freeze_evaluator,0
4075,00000000000111111101011,23,23,True,5763073/16777216,1/8388608,1/8388608,True,5763075/16777216,True,True,all_integer_control|arbitrary_decidable_modular,post_freeze_evaluator,0
4076,00000000000111111101100,23,23,True,-4722687/16777216,1/8388608,1/8388608,True,4722689/16777216,True,True,all_integer_control|arbitrary_decidable_modular,post_freeze_evaluator,0
4077,00000000000111111101101,23,23,True,3665921/16777216,1/8388608,1/8388608,True,3665923/16777216,True,True,all_integer_control|matched_density_hash,post_freeze_evaluator,0
4078,00000000000111111101110,23,23,True,-528383/16777216,1/8388608,1/8388608,True,528385/16777216,True,True,all_integer_control|matched_density_hash|arbitrary_decidable_modular,post_freeze_evaluator,0
4079,00000000000111111101111,23,23,True,7860225/16777216,1/8388608,1/8388608,True,7860227/16777216,True,True,prime_evaluator|all_integer_control,post_freeze_evaluator,0
4080,00000000000111111110000,23,23,True,-7344127/16777216,1/8388608,1/8388608,True,7344129/16777216,True,True,all_integer_control|matched_density_seeded_random,post_freeze_evaluator,0
4081,00000000000111111110001,23,23,True,1044481/16777216,1/8388608,1/8388608,True,1044483/16777216,True,True,all_integer_control,post_freeze_evaluator,0
4082,00000000000111111110010,23,23,True,-3149823/16777216,1/8388608,1/8388608,True,3149825/16777216,True,True,all_integer_control|matched_density_seeded_random|arbitrary_decidable_modular,post_freeze_evaluator,0
4083,00000000000111111110011,23,23,True,5238785/16777216,1/8388608,1/8388608,True,5238787/16777216,True,True,all_integer_control|arbitrary_decidable_modular,post_freeze_evaluator,0
4084,00000000000111111110100,23,23,True,-5246975/16777216,1/8388608,1/8388608,True,5246977/16777216,True,True,all_integer_control|matched_density_hash,post_freeze_evaluator,0
4085,00000000000111111110101,23,23,True,3141633/16777216,1/8388608,1/8388608,True,3141635/16777216,True,True,all_integer_control|matched_density_hash|arbitrary_decidable_modular,post_freeze_evaluator,0
4086,00000000000111111110110,23,23,True,-1052671/16777216,1/8388608,1/8388608,True,1052673/16777216,True,True,all_integer_control,post_freeze_evaluator,0
4087,00000000000111111110111,23,23,True,7335937/16777216,1/8388608,1/8388608,True,7335939/16777216,True,True,all_integer_control|matched_density_seeded_random,post_freeze_evaluator,0
4088,00000000000111111111000,23,23,True,-6295551/16777216,1/8388608,1/8388608,True,6295553/16777216,True,True,all_integer_control,post_freeze_evaluator,0
4089,00000000000111111111001,23,23,True,2093057/16777216,1/8388608,1/8388608,True,2093059/16777216,True,True,all_integer_control|arbitrary_decidable_modular,post_freeze_evaluator,0
4090,00000000000111111111010,23,23,True,-2101247/16777216,1/8388608,1/8388608,True,2101249/16777216,True,True,all_integer_control|arbitrary_decidable_modular,post_freeze_evaluator,0
4091,00000000000111111111011,23,23,True,6287361/16777216,1/8388608,1/8388608,True,6287363/16777216,True,True,prime_evaluator|all_integer_control,post_freeze_evaluator,0
4092,00000000000111111111100,23,23,True,-4198399/16777216,1/8388608,1/8388608,True,4198401/16777216,True,True,all_integer_control|matched_density_seeded_random|arbitrary_decidable_modular,post_freeze_evaluator,0
4093,00000000000111111111101,23,23,True,4190209/16777216,1/8388608,1/8388608,True,4190211/16777216,True,True,prime_evaluator|all_integer_control|matched_density_seeded_random,post_freeze_evaluator,0
4094,00000000000111111111110,23,23,True,-4095/16777216,1/8388608,1/8388608,True,4097/16777216,True,True,all_integer_control,post_freeze_evaluator,0
4095,00000000000111111111111,23,23,True,8384513/16777216,1/8388608,1/8388608,True,8384515/16777216,True,True,all_integer_control,post_freeze_evaluator,0
4096,0000000000001000000000000,25,25,True,-33546239/67108864,1/33554432,1/33554432,True,33546241/67108864,True,True,square_control|all_integer_control|arbitrary_decidable_modular,post_freeze_evaluator,0
