atom,gamma_code_length,return_marker_degree,digit_marker_degree,return_and_digit_markers_equal,digit_weight_form,return_weight_form,u_equals_one_specialization,first_return_changes_object,whole_codeword_alphabet,original_digit_euler_marker_match
2,3,1,3,False,u^3*n^(-s),z*n^(-s),True,True,countable_return_alphabet,False
3,3,1,3,False,u^3*n^(-s),z*n^(-s),True,True,countable_return_alphabet,False
4,5,1,5,False,u^5*n^(-s),z*n^(-s),True,True,countable_return_alphabet,False
5,5,1,5,False,u^5*n^(-s),z*n^(-s),True,True,countable_return_alphabet,False
6,5,1,5,False,u^5*n^(-s),z*n^(-s),True,True,countable_return_alphabet,False
7,5,1,5,False,u^5*n^(-s),z*n^(-s),True,True,countable_return_alphabet,False
8,7,1,7,False,u^7*n^(-s),z*n^(-s),True,True,countable_return_alphabet,False
9,7,1,7,False,u^7*n^(-s),z*n^(-s),True,True,countable_return_alphabet,False
10,7,1,7,False,u^7*n^(-s),z*n^(-s),True,True,countable_return_alphabet,False
11,7,1,7,False,u^7*n^(-s),z*n^(-s),True,True,countable_return_alphabet,False
12,7,1,7,False,u^7*n^(-s),z*n^(-s),True,True,countable_return_alphabet,False
13,7,1,7,False,u^7*n^(-s),z*n^(-s),True,True,countable_return_alphabet,False
14,7,1,7,False,u^7*n^(-s),z*n^(-s),True,True,countable_return_alphabet,False
15,7,1,7,False,u^7*n^(-s),z*n^(-s),True,True,countable_return_alphabet,False
16,9,1,9,False,u^9*n^(-s),z*n^(-s),True,True,countable_return_alphabet,False
17,9,1,9,False,u^9*n^(-s),z*n^(-s),True,True,countable_return_alphabet,False
18,9,1,9,False,u^9*n^(-s),z*n^(-s),True,True,countable_return_alphabet,False
19,9,1,9,False,u^9*n^(-s),z*n^(-s),True,True,countable_return_alphabet,False
20,9,1,9,False,u^9*n^(-s),z*n^(-s),True,True,countable_return_alphabet,False
21,9,1,9,False,u^9*n^(-s),z*n^(-s),True,True,countable_return_alphabet,False
22,9,1,9,False,u^9*n^(-s),z*n^(-s),True,True,countable_return_alphabet,False
23,9,1,9,False,u^9*n^(-s),z*n^(-s),True,True,countable_return_alphabet,False
24,9,1,9,False,u^9*n^(-s),z*n^(-s),True,True,countable_return_alphabet,False
25,9,1,9,False,u^9*n^(-s),z*n^(-s),True,True,countable_return_alphabet,False
26,9,1,9,False,u^9*n^(-s),z*n^(-s),True,True,countable_return_alphabet,False
27,9,1,9,False,u^9*n^(-s),z*n^(-s),True,True,countable_return_alphabet,False
28,9,1,9,False,u^9*n^(-s),z*n^(-s),True,True,countable_return_alphabet,False
29,9,1,9,False,u^9*n^(-s),z*n^(-s),True,True,countable_return_alphabet,False
30,9,1,9,False,u^9*n^(-s),z*n^(-s),True,True,countable_return_alphabet,False
31,9,1,9,False,u^9*n^(-s),z*n^(-s),True,True,countable_return_alphabet,False
32,11,1,11,False,u^11*n^(-s),z*n^(-s),True,True,countable_return_alphabet,False
33,11,1,11,False,u^11*n^(-s),z*n^(-s),True,True,countable_return_alphabet,False
34,11,1,11,False,u^11*n^(-s),z*n^(-s),True,True,countable_return_alphabet,False
35,11,1,11,False,u^11*n^(-s),z*n^(-s),True,True,countable_return_alphabet,False
36,11,1,11,False,u^11*n^(-s),z*n^(-s),True,True,countable_return_alphabet,False
37,11,1,11,False,u^11*n^(-s),z*n^(-s),True,True,countable_return_alphabet,False
38,11,1,11,False,u^11*n^(-s),z*n^(-s),True,True,countable_return_alphabet,False
39,11,1,11,False,u^11*n^(-s),z*n^(-s),True,True,countable_return_alphabet,False
40,11,1,11,False,u^11*n^(-s),z*n^(-s),True,True,countable_return_alphabet,False
41,11,1,11,False,u^11*n^(-s),z*n^(-s),True,True,countable_return_alphabet,False
42,11,1,11,False,u^11*n^(-s),z*n^(-s),True,True,countable_return_alphabet,False
43,11,1,11,False,u^11*n^(-s),z*n^(-s),True,True,countable_return_alphabet,False
44,11,1,11,False,u^11*n^(-s),z*n^(-s),True,True,countable_return_alphabet,False
45,11,1,11,False,u^11*n^(-s),z*n^(-s),True,True,countable_return_alphabet,False
46,11,1,11,False,u^11*n^(-s),z*n^(-s),True,True,countable_return_alphabet,False
47,11,1,11,False,u^11*n^(-s),z*n^(-s),True,True,countable_return_alphabet,False
48,11,1,11,False,u^11*n^(-s),z*n^(-s),True,True,countable_return_alphabet,False
49,11,1,11,False,u^11*n^(-s),z*n^(-s),True,True,countable_return_alphabet,False
50,11,1,11,False,u^11*n^(-s),z*n^(-s),True,True,countable_return_alphabet,False
51,11,1,11,False,u^11*n^(-s),z*n^(-s),True,True,countable_return_alphabet,False
52,11,1,11,False,u^11*n^(-s),z*n^(-s),True,True,countable_return_alphabet,False
53,11,1,11,False,u^11*n^(-s),z*n^(-s),True,True,countable_return_alphabet,False
54,11,1,11,False,u^11*n^(-s),z*n^(-s),True,True,countable_return_alphabet,False
55,11,1,11,False,u^11*n^(-s),z*n^(-s),True,True,countable_return_alphabet,False
56,11,1,11,False,u^11*n^(-s),z*n^(-s),True,True,countable_return_alphabet,False
57,11,1,11,False,u^11*n^(-s),z*n^(-s),True,True,countable_return_alphabet,False
58,11,1,11,False,u^11*n^(-s),z*n^(-s),True,True,countable_return_alphabet,False
59,11,1,11,False,u^11*n^(-s),z*n^(-s),True,True,countable_return_alphabet,False
60,11,1,11,False,u^11*n^(-s),z*n^(-s),True,True,countable_return_alphabet,False
61,11,1,11,False,u^11*n^(-s),z*n^(-s),True,True,countable_return_alphabet,False
62,11,1,11,False,u^11*n^(-s),z*n^(-s),True,True,countable_return_alphabet,False
63,11,1,11,False,u^11*n^(-s),z*n^(-s),True,True,countable_return_alphabet,False
64,13,1,13,False,u^13*n^(-s),z*n^(-s),True,True,countable_return_alphabet,False
65,13,1,13,False,u^13*n^(-s),z*n^(-s),True,True,countable_return_alphabet,False
66,13,1,13,False,u^13*n^(-s),z*n^(-s),True,True,countable_return_alphabet,False
67,13,1,13,False,u^13*n^(-s),z*n^(-s),True,True,countable_return_alphabet,False
68,13,1,13,False,u^13*n^(-s),z*n^(-s),True,True,countable_return_alphabet,False
69,13,1,13,False,u^13*n^(-s),z*n^(-s),True,True,countable_return_alphabet,False
70,13,1,13,False,u^13*n^(-s),z*n^(-s),True,True,countable_return_alphabet,False
71,13,1,13,False,u^13*n^(-s),z*n^(-s),True,True,countable_return_alphabet,False
72,13,1,13,False,u^13*n^(-s),z*n^(-s),True,True,countable_return_alphabet,False
73,13,1,13,False,u^13*n^(-s),z*n^(-s),True,True,countable_return_alphabet,False
74,13,1,13,False,u^13*n^(-s),z*n^(-s),True,True,countable_return_alphabet,False
75,13,1,13,False,u^13*n^(-s),z*n^(-s),True,True,countable_return_alphabet,False
76,13,1,13,False,u^13*n^(-s),z*n^(-s),True,True,countable_return_alphabet,False
77,13,1,13,False,u^13*n^(-s),z*n^(-s),True,True,countable_return_alphabet,False
78,13,1,13,False,u^13*n^(-s),z*n^(-s),True,True,countable_return_alphabet,False
79,13,1,13,False,u^13*n^(-s),z*n^(-s),True,True,countable_return_alphabet,False
80,13,1,13,False,u^13*n^(-s),z*n^(-s),True,True,countable_return_alphabet,False
81,13,1,13,False,u^13*n^(-s),z*n^(-s),True,True,countable_return_alphabet,False
82,13,1,13,False,u^13*n^(-s),z*n^(-s),True,True,countable_return_alphabet,False
83,13,1,13,False,u^13*n^(-s),z*n^(-s),True,True,countable_return_alphabet,False
84,13,1,13,False,u^13*n^(-s),z*n^(-s),True,True,countable_return_alphabet,False
85,13,1,13,False,u^13*n^(-s),z*n^(-s),True,True,countable_return_alphabet,False
86,13,1,13,False,u^13*n^(-s),z*n^(-s),True,True,countable_return_alphabet,False
87,13,1,13,False,u^13*n^(-s),z*n^(-s),True,True,countable_return_alphabet,False
88,13,1,13,False,u^13*n^(-s),z*n^(-s),True,True,countable_return_alphabet,False
89,13,1,13,False,u^13*n^(-s),z*n^(-s),True,True,countable_return_alphabet,False
90,13,1,13,False,u^13*n^(-s),z*n^(-s),True,True,countable_return_alphabet,False
91,13,1,13,False,u^13*n^(-s),z*n^(-s),True,True,countable_return_alphabet,False
92,13,1,13,False,u^13*n^(-s),z*n^(-s),True,True,countable_return_alphabet,False
93,13,1,13,False,u^13*n^(-s),z*n^(-s),True,True,countable_return_alphabet,False
94,13,1,13,False,u^13*n^(-s),z*n^(-s),True,True,countable_return_alphabet,False
95,13,1,13,False,u^13*n^(-s),z*n^(-s),True,True,countable_return_alphabet,False
96,13,1,13,False,u^13*n^(-s),z*n^(-s),True,True,countable_return_alphabet,False
97,13,1,13,False,u^13*n^(-s),z*n^(-s),True,True,countable_return_alphabet,False
98,13,1,13,False,u^13*n^(-s),z*n^(-s),True,True,countable_return_alphabet,False
99,13,1,13,False,u^13*n^(-s),z*n^(-s),True,True,countable_return_alphabet,False
100,13,1,13,False,u^13*n^(-s),z*n^(-s),True,True,countable_return_alphabet,False
101,13,1,13,False,u^13*n^(-s),z*n^(-s),True,True,countable_return_alphabet,False
102,13,1,13,False,u^13*n^(-s),z*n^(-s),True,True,countable_return_alphabet,False
103,13,1,13,False,u^13*n^(-s),z*n^(-s),True,True,countable_return_alphabet,False
104,13,1,13,False,u^13*n^(-s),z*n^(-s),True,True,countable_return_alphabet,False
105,13,1,13,False,u^13*n^(-s),z*n^(-s),True,True,countable_return_alphabet,False
106,13,1,13,False,u^13*n^(-s),z*n^(-s),True,True,countable_return_alphabet,False
107,13,1,13,False,u^13*n^(-s),z*n^(-s),True,True,countable_return_alphabet,False
108,13,1,13,False,u^13*n^(-s),z*n^(-s),True,True,countable_return_alphabet,False
109,13,1,13,False,u^13*n^(-s),z*n^(-s),True,True,countable_return_alphabet,False
110,13,1,13,False,u^13*n^(-s),z*n^(-s),True,True,countable_return_alphabet,False
111,13,1,13,False,u^13*n^(-s),z*n^(-s),True,True,countable_return_alphabet,False
112,13,1,13,False,u^13*n^(-s),z*n^(-s),True,True,countable_return_alphabet,False
113,13,1,13,False,u^13*n^(-s),z*n^(-s),True,True,countable_return_alphabet,False
114,13,1,13,False,u^13*n^(-s),z*n^(-s),True,True,countable_return_alphabet,False
115,13,1,13,False,u^13*n^(-s),z*n^(-s),True,True,countable_return_alphabet,False
116,13,1,13,False,u^13*n^(-s),z*n^(-s),True,True,countable_return_alphabet,False
117,13,1,13,False,u^13*n^(-s),z*n^(-s),True,True,countable_return_alphabet,False
118,13,1,13,False,u^13*n^(-s),z*n^(-s),True,True,countable_return_alphabet,False
119,13,1,13,False,u^13*n^(-s),z*n^(-s),True,True,countable_return_alphabet,False
120,13,1,13,False,u^13*n^(-s),z*n^(-s),True,True,countable_return_alphabet,False
121,13,1,13,False,u^13*n^(-s),z*n^(-s),True,True,countable_return_alphabet,False
122,13,1,13,False,u^13*n^(-s),z*n^(-s),True,True,countable_return_alphabet,False
123,13,1,13,False,u^13*n^(-s),z*n^(-s),True,True,countable_return_alphabet,False
124,13,1,13,False,u^13*n^(-s),z*n^(-s),True,True,countable_return_alphabet,False
125,13,1,13,False,u^13*n^(-s),z*n^(-s),True,True,countable_return_alphabet,False
126,13,1,13,False,u^13*n^(-s),z*n^(-s),True,True,countable_return_alphabet,False
127,13,1,13,False,u^13*n^(-s),z*n^(-s),True,True,countable_return_alphabet,False
128,15,1,15,False,u^15*n^(-s),z*n^(-s),True,True,countable_return_alphabet,False
129,15,1,15,False,u^15*n^(-s),z*n^(-s),True,True,countable_return_alphabet,False
130,15,1,15,False,u^15*n^(-s),z*n^(-s),True,True,countable_return_alphabet,False
131,15,1,15,False,u^15*n^(-s),z*n^(-s),True,True,countable_return_alphabet,False
132,15,1,15,False,u^15*n^(-s),z*n^(-s),True,True,countable_return_alphabet,False
133,15,1,15,False,u^15*n^(-s),z*n^(-s),True,True,countable_return_alphabet,False
134,15,1,15,False,u^15*n^(-s),z*n^(-s),True,True,countable_return_alphabet,False
135,15,1,15,False,u^15*n^(-s),z*n^(-s),True,True,countable_return_alphabet,False
136,15,1,15,False,u^15*n^(-s),z*n^(-s),True,True,countable_return_alphabet,False
137,15,1,15,False,u^15*n^(-s),z*n^(-s),True,True,countable_return_alphabet,False
138,15,1,15,False,u^15*n^(-s),z*n^(-s),True,True,countable_return_alphabet,False
139,15,1,15,False,u^15*n^(-s),z*n^(-s),True,True,countable_return_alphabet,False
140,15,1,15,False,u^15*n^(-s),z*n^(-s),True,True,countable_return_alphabet,False
141,15,1,15,False,u^15*n^(-s),z*n^(-s),True,True,countable_return_alphabet,False
142,15,1,15,False,u^15*n^(-s),z*n^(-s),True,True,countable_return_alphabet,False
143,15,1,15,False,u^15*n^(-s),z*n^(-s),True,True,countable_return_alphabet,False
144,15,1,15,False,u^15*n^(-s),z*n^(-s),True,True,countable_return_alphabet,False
145,15,1,15,False,u^15*n^(-s),z*n^(-s),True,True,countable_return_alphabet,False
146,15,1,15,False,u^15*n^(-s),z*n^(-s),True,True,countable_return_alphabet,False
147,15,1,15,False,u^15*n^(-s),z*n^(-s),True,True,countable_return_alphabet,False
148,15,1,15,False,u^15*n^(-s),z*n^(-s),True,True,countable_return_alphabet,False
149,15,1,15,False,u^15*n^(-s),z*n^(-s),True,True,countable_return_alphabet,False
150,15,1,15,False,u^15*n^(-s),z*n^(-s),True,True,countable_return_alphabet,False
151,15,1,15,False,u^15*n^(-s),z*n^(-s),True,True,countable_return_alphabet,False
152,15,1,15,False,u^15*n^(-s),z*n^(-s),True,True,countable_return_alphabet,False
153,15,1,15,False,u^15*n^(-s),z*n^(-s),True,True,countable_return_alphabet,False
154,15,1,15,False,u^15*n^(-s),z*n^(-s),True,True,countable_return_alphabet,False
155,15,1,15,False,u^15*n^(-s),z*n^(-s),True,True,countable_return_alphabet,False
156,15,1,15,False,u^15*n^(-s),z*n^(-s),True,True,countable_return_alphabet,False
157,15,1,15,False,u^15*n^(-s),z*n^(-s),True,True,countable_return_alphabet,False
158,15,1,15,False,u^15*n^(-s),z*n^(-s),True,True,countable_return_alphabet,False
159,15,1,15,False,u^15*n^(-s),z*n^(-s),True,True,countable_return_alphabet,False
160,15,1,15,False,u^15*n^(-s),z*n^(-s),True,True,countable_return_alphabet,False
161,15,1,15,False,u^15*n^(-s),z*n^(-s),True,True,countable_return_alphabet,False
162,15,1,15,False,u^15*n^(-s),z*n^(-s),True,True,countable_return_alphabet,False
163,15,1,15,False,u^15*n^(-s),z*n^(-s),True,True,countable_return_alphabet,False
164,15,1,15,False,u^15*n^(-s),z*n^(-s),True,True,countable_return_alphabet,False
165,15,1,15,False,u^15*n^(-s),z*n^(-s),True,True,countable_return_alphabet,False
166,15,1,15,False,u^15*n^(-s),z*n^(-s),True,True,countable_return_alphabet,False
167,15,1,15,False,u^15*n^(-s),z*n^(-s),True,True,countable_return_alphabet,False
168,15,1,15,False,u^15*n^(-s),z*n^(-s),True,True,countable_return_alphabet,False
169,15,1,15,False,u^15*n^(-s),z*n^(-s),True,True,countable_return_alphabet,False
170,15,1,15,False,u^15*n^(-s),z*n^(-s),True,True,countable_return_alphabet,False
171,15,1,15,False,u^15*n^(-s),z*n^(-s),True,True,countable_return_alphabet,False
172,15,1,15,False,u^15*n^(-s),z*n^(-s),True,True,countable_return_alphabet,False
173,15,1,15,False,u^15*n^(-s),z*n^(-s),True,True,countable_return_alphabet,False
174,15,1,15,False,u^15*n^(-s),z*n^(-s),True,True,countable_return_alphabet,False
175,15,1,15,False,u^15*n^(-s),z*n^(-s),True,True,countable_return_alphabet,False
176,15,1,15,False,u^15*n^(-s),z*n^(-s),True,True,countable_return_alphabet,False
177,15,1,15,False,u^15*n^(-s),z*n^(-s),True,True,countable_return_alphabet,False
178,15,1,15,False,u^15*n^(-s),z*n^(-s),True,True,countable_return_alphabet,False
179,15,1,15,False,u^15*n^(-s),z*n^(-s),True,True,countable_return_alphabet,False
180,15,1,15,False,u^15*n^(-s),z*n^(-s),True,True,countable_return_alphabet,False
181,15,1,15,False,u^15*n^(-s),z*n^(-s),True,True,countable_return_alphabet,False
182,15,1,15,False,u^15*n^(-s),z*n^(-s),True,True,countable_return_alphabet,False
183,15,1,15,False,u^15*n^(-s),z*n^(-s),True,True,countable_return_alphabet,False
184,15,1,15,False,u^15*n^(-s),z*n^(-s),True,True,countable_return_alphabet,False
185,15,1,15,False,u^15*n^(-s),z*n^(-s),True,True,countable_return_alphabet,False
186,15,1,15,False,u^15*n^(-s),z*n^(-s),True,True,countable_return_alphabet,False
187,15,1,15,False,u^15*n^(-s),z*n^(-s),True,True,countable_return_alphabet,False
188,15,1,15,False,u^15*n^(-s),z*n^(-s),True,True,countable_return_alphabet,False
189,15,1,15,False,u^15*n^(-s),z*n^(-s),True,True,countable_return_alphabet,False
190,15,1,15,False,u^15*n^(-s),z*n^(-s),True,True,countable_return_alphabet,False
191,15,1,15,False,u^15*n^(-s),z*n^(-s),True,True,countable_return_alphabet,False
192,15,1,15,False,u^15*n^(-s),z*n^(-s),True,True,countable_return_alphabet,False
193,15,1,15,False,u^15*n^(-s),z*n^(-s),True,True,countable_return_alphabet,False
194,15,1,15,False,u^15*n^(-s),z*n^(-s),True,True,countable_return_alphabet,False
195,15,1,15,False,u^15*n^(-s),z*n^(-s),True,True,countable_return_alphabet,False
196,15,1,15,False,u^15*n^(-s),z*n^(-s),True,True,countable_return_alphabet,False
197,15,1,15,False,u^15*n^(-s),z*n^(-s),True,True,countable_return_alphabet,False
198,15,1,15,False,u^15*n^(-s),z*n^(-s),True,True,countable_return_alphabet,False
199,15,1,15,False,u^15*n^(-s),z*n^(-s),True,True,countable_return_alphabet,False
200,15,1,15,False,u^15*n^(-s),z*n^(-s),True,True,countable_return_alphabet,False
201,15,1,15,False,u^15*n^(-s),z*n^(-s),True,True,countable_return_alphabet,False
202,15,1,15,False,u^15*n^(-s),z*n^(-s),True,True,countable_return_alphabet,False
203,15,1,15,False,u^15*n^(-s),z*n^(-s),True,True,countable_return_alphabet,False
204,15,1,15,False,u^15*n^(-s),z*n^(-s),True,True,countable_return_alphabet,False
205,15,1,15,False,u^15*n^(-s),z*n^(-s),True,True,countable_return_alphabet,False
206,15,1,15,False,u^15*n^(-s),z*n^(-s),True,True,countable_return_alphabet,False
207,15,1,15,False,u^15*n^(-s),z*n^(-s),True,True,countable_return_alphabet,False
208,15,1,15,False,u^15*n^(-s),z*n^(-s),True,True,countable_return_alphabet,False
209,15,1,15,False,u^15*n^(-s),z*n^(-s),True,True,countable_return_alphabet,False
210,15,1,15,False,u^15*n^(-s),z*n^(-s),True,True,countable_return_alphabet,False
211,15,1,15,False,u^15*n^(-s),z*n^(-s),True,True,countable_return_alphabet,False
212,15,1,15,False,u^15*n^(-s),z*n^(-s),True,True,countable_return_alphabet,False
213,15,1,15,False,u^15*n^(-s),z*n^(-s),True,True,countable_return_alphabet,False
214,15,1,15,False,u^15*n^(-s),z*n^(-s),True,True,countable_return_alphabet,False
215,15,1,15,False,u^15*n^(-s),z*n^(-s),True,True,countable_return_alphabet,False
216,15,1,15,False,u^15*n^(-s),z*n^(-s),True,True,countable_return_alphabet,False
217,15,1,15,False,u^15*n^(-s),z*n^(-s),True,True,countable_return_alphabet,False
218,15,1,15,False,u^15*n^(-s),z*n^(-s),True,True,countable_return_alphabet,False
219,15,1,15,False,u^15*n^(-s),z*n^(-s),True,True,countable_return_alphabet,False
220,15,1,15,False,u^15*n^(-s),z*n^(-s),True,True,countable_return_alphabet,False
221,15,1,15,False,u^15*n^(-s),z*n^(-s),True,True,countable_return_alphabet,False
222,15,1,15,False,u^15*n^(-s),z*n^(-s),True,True,countable_return_alphabet,False
223,15,1,15,False,u^15*n^(-s),z*n^(-s),True,True,countable_return_alphabet,False
224,15,1,15,False,u^15*n^(-s),z*n^(-s),True,True,countable_return_alphabet,False
225,15,1,15,False,u^15*n^(-s),z*n^(-s),True,True,countable_return_alphabet,False
226,15,1,15,False,u^15*n^(-s),z*n^(-s),True,True,countable_return_alphabet,False
227,15,1,15,False,u^15*n^(-s),z*n^(-s),True,True,countable_return_alphabet,False
228,15,1,15,False,u^15*n^(-s),z*n^(-s),True,True,countable_return_alphabet,False
229,15,1,15,False,u^15*n^(-s),z*n^(-s),True,True,countable_return_alphabet,False
230,15,1,15,False,u^15*n^(-s),z*n^(-s),True,True,countable_return_alphabet,False
231,15,1,15,False,u^15*n^(-s),z*n^(-s),True,True,countable_return_alphabet,False
232,15,1,15,False,u^15*n^(-s),z*n^(-s),True,True,countable_return_alphabet,False
233,15,1,15,False,u^15*n^(-s),z*n^(-s),True,True,countable_return_alphabet,False
234,15,1,15,False,u^15*n^(-s),z*n^(-s),True,True,countable_return_alphabet,False
235,15,1,15,False,u^15*n^(-s),z*n^(-s),True,True,countable_return_alphabet,False
236,15,1,15,False,u^15*n^(-s),z*n^(-s),True,True,countable_return_alphabet,False
237,15,1,15,False,u^15*n^(-s),z*n^(-s),True,True,countable_return_alphabet,False
238,15,1,15,False,u^15*n^(-s),z*n^(-s),True,True,countable_return_alphabet,False
239,15,1,15,False,u^15*n^(-s),z*n^(-s),True,True,countable_return_alphabet,False
240,15,1,15,False,u^15*n^(-s),z*n^(-s),True,True,countable_return_alphabet,False
241,15,1,15,False,u^15*n^(-s),z*n^(-s),True,True,countable_return_alphabet,False
242,15,1,15,False,u^15*n^(-s),z*n^(-s),True,True,countable_return_alphabet,False
243,15,1,15,False,u^15*n^(-s),z*n^(-s),True,True,countable_return_alphabet,False
244,15,1,15,False,u^15*n^(-s),z*n^(-s),True,True,countable_return_alphabet,False
245,15,1,15,False,u^15*n^(-s),z*n^(-s),True,True,countable_return_alphabet,False
246,15,1,15,False,u^15*n^(-s),z*n^(-s),True,True,countable_return_alphabet,False
247,15,1,15,False,u^15*n^(-s),z*n^(-s),True,True,countable_return_alphabet,False
248,15,1,15,False,u^15*n^(-s),z*n^(-s),True,True,countable_return_alphabet,False
249,15,1,15,False,u^15*n^(-s),z*n^(-s),True,True,countable_return_alphabet,False
250,15,1,15,False,u^15*n^(-s),z*n^(-s),True,True,countable_return_alphabet,False
251,15,1,15,False,u^15*n^(-s),z*n^(-s),True,True,countable_return_alphabet,False
252,15,1,15,False,u^15*n^(-s),z*n^(-s),True,True,countable_return_alphabet,False
253,15,1,15,False,u^15*n^(-s),z*n^(-s),True,True,countable_return_alphabet,False
254,15,1,15,False,u^15*n^(-s),z*n^(-s),True,True,countable_return_alphabet,False
255,15,1,15,False,u^15*n^(-s),z*n^(-s),True,True,countable_return_alphabet,False
256,17,1,17,False,u^17*n^(-s),z*n^(-s),True,True,countable_return_alphabet,False
257,17,1,17,False,u^17*n^(-s),z*n^(-s),True,True,countable_return_alphabet,False
258,17,1,17,False,u^17*n^(-s),z*n^(-s),True,True,countable_return_alphabet,False
259,17,1,17,False,u^17*n^(-s),z*n^(-s),True,True,countable_return_alphabet,False
260,17,1,17,False,u^17*n^(-s),z*n^(-s),True,True,countable_return_alphabet,False
261,17,1,17,False,u^17*n^(-s),z*n^(-s),True,True,countable_return_alphabet,False
262,17,1,17,False,u^17*n^(-s),z*n^(-s),True,True,countable_return_alphabet,False
263,17,1,17,False,u^17*n^(-s),z*n^(-s),True,True,countable_return_alphabet,False
264,17,1,17,False,u^17*n^(-s),z*n^(-s),True,True,countable_return_alphabet,False
265,17,1,17,False,u^17*n^(-s),z*n^(-s),True,True,countable_return_alphabet,False
266,17,1,17,False,u^17*n^(-s),z*n^(-s),True,True,countable_return_alphabet,False
267,17,1,17,False,u^17*n^(-s),z*n^(-s),True,True,countable_return_alphabet,False
268,17,1,17,False,u^17*n^(-s),z*n^(-s),True,True,countable_return_alphabet,False
269,17,1,17,False,u^17*n^(-s),z*n^(-s),True,True,countable_return_alphabet,False
270,17,1,17,False,u^17*n^(-s),z*n^(-s),True,True,countable_return_alphabet,False
271,17,1,17,False,u^17*n^(-s),z*n^(-s),True,True,countable_return_alphabet,False
272,17,1,17,False,u^17*n^(-s),z*n^(-s),True,True,countable_return_alphabet,False
273,17,1,17,False,u^17*n^(-s),z*n^(-s),True,True,countable_return_alphabet,False
274,17,1,17,False,u^17*n^(-s),z*n^(-s),True,True,countable_return_alphabet,False
275,17,1,17,False,u^17*n^(-s),z*n^(-s),True,True,countable_return_alphabet,False
276,17,1,17,False,u^17*n^(-s),z*n^(-s),True,True,countable_return_alphabet,False
277,17,1,17,False,u^17*n^(-s),z*n^(-s),True,True,countable_return_alphabet,False
278,17,1,17,False,u^17*n^(-s),z*n^(-s),True,True,countable_return_alphabet,False
279,17,1,17,False,u^17*n^(-s),z*n^(-s),True,True,countable_return_alphabet,False
280,17,1,17,False,u^17*n^(-s),z*n^(-s),True,True,countable_return_alphabet,False
281,17,1,17,False,u^17*n^(-s),z*n^(-s),True,True,countable_return_alphabet,False
282,17,1,17,False,u^17*n^(-s),z*n^(-s),True,True,countable_return_alphabet,False
283,17,1,17,False,u^17*n^(-s),z*n^(-s),True,True,countable_return_alphabet,False
284,17,1,17,False,u^17*n^(-s),z*n^(-s),True,True,countable_return_alphabet,False
285,17,1,17,False,u^17*n^(-s),z*n^(-s),True,True,countable_return_alphabet,False
286,17,1,17,False,u^17*n^(-s),z*n^(-s),True,True,countable_return_alphabet,False
287,17,1,17,False,u^17*n^(-s),z*n^(-s),True,True,countable_return_alphabet,False
288,17,1,17,False,u^17*n^(-s),z*n^(-s),True,True,countable_return_alphabet,False
289,17,1,17,False,u^17*n^(-s),z*n^(-s),True,True,countable_return_alphabet,False
290,17,1,17,False,u^17*n^(-s),z*n^(-s),True,True,countable_return_alphabet,False
291,17,1,17,False,u^17*n^(-s),z*n^(-s),True,True,countable_return_alphabet,False
292,17,1,17,False,u^17*n^(-s),z*n^(-s),True,True,countable_return_alphabet,False
293,17,1,17,False,u^17*n^(-s),z*n^(-s),True,True,countable_return_alphabet,False
294,17,1,17,False,u^17*n^(-s),z*n^(-s),True,True,countable_return_alphabet,False
295,17,1,17,False,u^17*n^(-s),z*n^(-s),True,True,countable_return_alphabet,False
296,17,1,17,False,u^17*n^(-s),z*n^(-s),True,True,countable_return_alphabet,False
297,17,1,17,False,u^17*n^(-s),z*n^(-s),True,True,countable_return_alphabet,False
298,17,1,17,False,u^17*n^(-s),z*n^(-s),True,True,countable_return_alphabet,False
299,17,1,17,False,u^17*n^(-s),z*n^(-s),True,True,countable_return_alphabet,False
300,17,1,17,False,u^17*n^(-s),z*n^(-s),True,True,countable_return_alphabet,False
301,17,1,17,False,u^17*n^(-s),z*n^(-s),True,True,countable_return_alphabet,False
302,17,1,17,False,u^17*n^(-s),z*n^(-s),True,True,countable_return_alphabet,False
303,17,1,17,False,u^17*n^(-s),z*n^(-s),True,True,countable_return_alphabet,False
304,17,1,17,False,u^17*n^(-s),z*n^(-s),True,True,countable_return_alphabet,False
305,17,1,17,False,u^17*n^(-s),z*n^(-s),True,True,countable_return_alphabet,False
306,17,1,17,False,u^17*n^(-s),z*n^(-s),True,True,countable_return_alphabet,False
307,17,1,17,False,u^17*n^(-s),z*n^(-s),True,True,countable_return_alphabet,False
308,17,1,17,False,u^17*n^(-s),z*n^(-s),True,True,countable_return_alphabet,False
309,17,1,17,False,u^17*n^(-s),z*n^(-s),True,True,countable_return_alphabet,False
310,17,1,17,False,u^17*n^(-s),z*n^(-s),True,True,countable_return_alphabet,False
311,17,1,17,False,u^17*n^(-s),z*n^(-s),True,True,countable_return_alphabet,False
312,17,1,17,False,u^17*n^(-s),z*n^(-s),True,True,countable_return_alphabet,False
313,17,1,17,False,u^17*n^(-s),z*n^(-s),True,True,countable_return_alphabet,False
314,17,1,17,False,u^17*n^(-s),z*n^(-s),True,True,countable_return_alphabet,False
315,17,1,17,False,u^17*n^(-s),z*n^(-s),True,True,countable_return_alphabet,False
316,17,1,17,False,u^17*n^(-s),z*n^(-s),True,True,countable_return_alphabet,False
317,17,1,17,False,u^17*n^(-s),z*n^(-s),True,True,countable_return_alphabet,False
318,17,1,17,False,u^17*n^(-s),z*n^(-s),True,True,countable_return_alphabet,False
319,17,1,17,False,u^17*n^(-s),z*n^(-s),True,True,countable_return_alphabet,False
320,17,1,17,False,u^17*n^(-s),z*n^(-s),True,True,countable_return_alphabet,False
321,17,1,17,False,u^17*n^(-s),z*n^(-s),True,True,countable_return_alphabet,False
322,17,1,17,False,u^17*n^(-s),z*n^(-s),True,True,countable_return_alphabet,False
323,17,1,17,False,u^17*n^(-s),z*n^(-s),True,True,countable_return_alphabet,False
324,17,1,17,False,u^17*n^(-s),z*n^(-s),True,True,countable_return_alphabet,False
325,17,1,17,False,u^17*n^(-s),z*n^(-s),True,True,countable_return_alphabet,False
326,17,1,17,False,u^17*n^(-s),z*n^(-s),True,True,countable_return_alphabet,False
327,17,1,17,False,u^17*n^(-s),z*n^(-s),True,True,countable_return_alphabet,False
328,17,1,17,False,u^17*n^(-s),z*n^(-s),True,True,countable_return_alphabet,False
329,17,1,17,False,u^17*n^(-s),z*n^(-s),True,True,countable_return_alphabet,False
330,17,1,17,False,u^17*n^(-s),z*n^(-s),True,True,countable_return_alphabet,False
331,17,1,17,False,u^17*n^(-s),z*n^(-s),True,True,countable_return_alphabet,False
332,17,1,17,False,u^17*n^(-s),z*n^(-s),True,True,countable_return_alphabet,False
333,17,1,17,False,u^17*n^(-s),z*n^(-s),True,True,countable_return_alphabet,False
334,17,1,17,False,u^17*n^(-s),z*n^(-s),True,True,countable_return_alphabet,False
335,17,1,17,False,u^17*n^(-s),z*n^(-s),True,True,countable_return_alphabet,False
336,17,1,17,False,u^17*n^(-s),z*n^(-s),True,True,countable_return_alphabet,False
337,17,1,17,False,u^17*n^(-s),z*n^(-s),True,True,countable_return_alphabet,False
338,17,1,17,False,u^17*n^(-s),z*n^(-s),True,True,countable_return_alphabet,False
339,17,1,17,False,u^17*n^(-s),z*n^(-s),True,True,countable_return_alphabet,False
340,17,1,17,False,u^17*n^(-s),z*n^(-s),True,True,countable_return_alphabet,False
341,17,1,17,False,u^17*n^(-s),z*n^(-s),True,True,countable_return_alphabet,False
342,17,1,17,False,u^17*n^(-s),z*n^(-s),True,True,countable_return_alphabet,False
343,17,1,17,False,u^17*n^(-s),z*n^(-s),True,True,countable_return_alphabet,False
344,17,1,17,False,u^17*n^(-s),z*n^(-s),True,True,countable_return_alphabet,False
345,17,1,17,False,u^17*n^(-s),z*n^(-s),True,True,countable_return_alphabet,False
346,17,1,17,False,u^17*n^(-s),z*n^(-s),True,True,countable_return_alphabet,False
347,17,1,17,False,u^17*n^(-s),z*n^(-s),True,True,countable_return_alphabet,False
348,17,1,17,False,u^17*n^(-s),z*n^(-s),True,True,countable_return_alphabet,False
349,17,1,17,False,u^17*n^(-s),z*n^(-s),True,True,countable_return_alphabet,False
350,17,1,17,False,u^17*n^(-s),z*n^(-s),True,True,countable_return_alphabet,False
351,17,1,17,False,u^17*n^(-s),z*n^(-s),True,True,countable_return_alphabet,False
352,17,1,17,False,u^17*n^(-s),z*n^(-s),True,True,countable_return_alphabet,False
353,17,1,17,False,u^17*n^(-s),z*n^(-s),True,True,countable_return_alphabet,False
354,17,1,17,False,u^17*n^(-s),z*n^(-s),True,True,countable_return_alphabet,False
355,17,1,17,False,u^17*n^(-s),z*n^(-s),True,True,countable_return_alphabet,False
356,17,1,17,False,u^17*n^(-s),z*n^(-s),True,True,countable_return_alphabet,False
357,17,1,17,False,u^17*n^(-s),z*n^(-s),True,True,countable_return_alphabet,False
358,17,1,17,False,u^17*n^(-s),z*n^(-s),True,True,countable_return_alphabet,False
359,17,1,17,False,u^17*n^(-s),z*n^(-s),True,True,countable_return_alphabet,False
360,17,1,17,False,u^17*n^(-s),z*n^(-s),True,True,countable_return_alphabet,False
361,17,1,17,False,u^17*n^(-s),z*n^(-s),True,True,countable_return_alphabet,False
362,17,1,17,False,u^17*n^(-s),z*n^(-s),True,True,countable_return_alphabet,False
363,17,1,17,False,u^17*n^(-s),z*n^(-s),True,True,countable_return_alphabet,False
364,17,1,17,False,u^17*n^(-s),z*n^(-s),True,True,countable_return_alphabet,False
365,17,1,17,False,u^17*n^(-s),z*n^(-s),True,True,countable_return_alphabet,False
366,17,1,17,False,u^17*n^(-s),z*n^(-s),True,True,countable_return_alphabet,False
367,17,1,17,False,u^17*n^(-s),z*n^(-s),True,True,countable_return_alphabet,False
368,17,1,17,False,u^17*n^(-s),z*n^(-s),True,True,countable_return_alphabet,False
369,17,1,17,False,u^17*n^(-s),z*n^(-s),True,True,countable_return_alphabet,False
370,17,1,17,False,u^17*n^(-s),z*n^(-s),True,True,countable_return_alphabet,False
371,17,1,17,False,u^17*n^(-s),z*n^(-s),True,True,countable_return_alphabet,False
372,17,1,17,False,u^17*n^(-s),z*n^(-s),True,True,countable_return_alphabet,False
373,17,1,17,False,u^17*n^(-s),z*n^(-s),True,True,countable_return_alphabet,False
374,17,1,17,False,u^17*n^(-s),z*n^(-s),True,True,countable_return_alphabet,False
375,17,1,17,False,u^17*n^(-s),z*n^(-s),True,True,countable_return_alphabet,False
376,17,1,17,False,u^17*n^(-s),z*n^(-s),True,True,countable_return_alphabet,False
377,17,1,17,False,u^17*n^(-s),z*n^(-s),True,True,countable_return_alphabet,False
378,17,1,17,False,u^17*n^(-s),z*n^(-s),True,True,countable_return_alphabet,False
379,17,1,17,False,u^17*n^(-s),z*n^(-s),True,True,countable_return_alphabet,False
380,17,1,17,False,u^17*n^(-s),z*n^(-s),True,True,countable_return_alphabet,False
381,17,1,17,False,u^17*n^(-s),z*n^(-s),True,True,countable_return_alphabet,False
382,17,1,17,False,u^17*n^(-s),z*n^(-s),True,True,countable_return_alphabet,False
383,17,1,17,False,u^17*n^(-s),z*n^(-s),True,True,countable_return_alphabet,False
384,17,1,17,False,u^17*n^(-s),z*n^(-s),True,True,countable_return_alphabet,False
385,17,1,17,False,u^17*n^(-s),z*n^(-s),True,True,countable_return_alphabet,False
386,17,1,17,False,u^17*n^(-s),z*n^(-s),True,True,countable_return_alphabet,False
387,17,1,17,False,u^17*n^(-s),z*n^(-s),True,True,countable_return_alphabet,False
388,17,1,17,False,u^17*n^(-s),z*n^(-s),True,True,countable_return_alphabet,False
389,17,1,17,False,u^17*n^(-s),z*n^(-s),True,True,countable_return_alphabet,False
390,17,1,17,False,u^17*n^(-s),z*n^(-s),True,True,countable_return_alphabet,False
391,17,1,17,False,u^17*n^(-s),z*n^(-s),True,True,countable_return_alphabet,False
392,17,1,17,False,u^17*n^(-s),z*n^(-s),True,True,countable_return_alphabet,False
393,17,1,17,False,u^17*n^(-s),z*n^(-s),True,True,countable_return_alphabet,False
394,17,1,17,False,u^17*n^(-s),z*n^(-s),True,True,countable_return_alphabet,False
395,17,1,17,False,u^17*n^(-s),z*n^(-s),True,True,countable_return_alphabet,False
396,17,1,17,False,u^17*n^(-s),z*n^(-s),True,True,countable_return_alphabet,False
397,17,1,17,False,u^17*n^(-s),z*n^(-s),True,True,countable_return_alphabet,False
398,17,1,17,False,u^17*n^(-s),z*n^(-s),True,True,countable_return_alphabet,False
399,17,1,17,False,u^17*n^(-s),z*n^(-s),True,True,countable_return_alphabet,False
400,17,1,17,False,u^17*n^(-s),z*n^(-s),True,True,countable_return_alphabet,False
401,17,1,17,False,u^17*n^(-s),z*n^(-s),True,True,countable_return_alphabet,False
402,17,1,17,False,u^17*n^(-s),z*n^(-s),True,True,countable_return_alphabet,False
403,17,1,17,False,u^17*n^(-s),z*n^(-s),True,True,countable_return_alphabet,False
404,17,1,17,False,u^17*n^(-s),z*n^(-s),True,True,countable_return_alphabet,False
405,17,1,17,False,u^17*n^(-s),z*n^(-s),True,True,countable_return_alphabet,False
406,17,1,17,False,u^17*n^(-s),z*n^(-s),True,True,countable_return_alphabet,False
407,17,1,17,False,u^17*n^(-s),z*n^(-s),True,True,countable_return_alphabet,False
408,17,1,17,False,u^17*n^(-s),z*n^(-s),True,True,countable_return_alphabet,False
409,17,1,17,False,u^17*n^(-s),z*n^(-s),True,True,countable_return_alphabet,False
410,17,1,17,False,u^17*n^(-s),z*n^(-s),True,True,countable_return_alphabet,False
411,17,1,17,False,u^17*n^(-s),z*n^(-s),True,True,countable_return_alphabet,False
412,17,1,17,False,u^17*n^(-s),z*n^(-s),True,True,countable_return_alphabet,False
413,17,1,17,False,u^17*n^(-s),z*n^(-s),True,True,countable_return_alphabet,False
414,17,1,17,False,u^17*n^(-s),z*n^(-s),True,True,countable_return_alphabet,False
415,17,1,17,False,u^17*n^(-s),z*n^(-s),True,True,countable_return_alphabet,False
416,17,1,17,False,u^17*n^(-s),z*n^(-s),True,True,countable_return_alphabet,False
417,17,1,17,False,u^17*n^(-s),z*n^(-s),True,True,countable_return_alphabet,False
418,17,1,17,False,u^17*n^(-s),z*n^(-s),True,True,countable_return_alphabet,False
419,17,1,17,False,u^17*n^(-s),z*n^(-s),True,True,countable_return_alphabet,False
420,17,1,17,False,u^17*n^(-s),z*n^(-s),True,True,countable_return_alphabet,False
421,17,1,17,False,u^17*n^(-s),z*n^(-s),True,True,countable_return_alphabet,False
422,17,1,17,False,u^17*n^(-s),z*n^(-s),True,True,countable_return_alphabet,False
423,17,1,17,False,u^17*n^(-s),z*n^(-s),True,True,countable_return_alphabet,False
424,17,1,17,False,u^17*n^(-s),z*n^(-s),True,True,countable_return_alphabet,False
425,17,1,17,False,u^17*n^(-s),z*n^(-s),True,True,countable_return_alphabet,False
426,17,1,17,False,u^17*n^(-s),z*n^(-s),True,True,countable_return_alphabet,False
427,17,1,17,False,u^17*n^(-s),z*n^(-s),True,True,countable_return_alphabet,False
428,17,1,17,False,u^17*n^(-s),z*n^(-s),True,True,countable_return_alphabet,False
429,17,1,17,False,u^17*n^(-s),z*n^(-s),True,True,countable_return_alphabet,False
430,17,1,17,False,u^17*n^(-s),z*n^(-s),True,True,countable_return_alphabet,False
431,17,1,17,False,u^17*n^(-s),z*n^(-s),True,True,countable_return_alphabet,False
432,17,1,17,False,u^17*n^(-s),z*n^(-s),True,True,countable_return_alphabet,False
433,17,1,17,False,u^17*n^(-s),z*n^(-s),True,True,countable_return_alphabet,False
434,17,1,17,False,u^17*n^(-s),z*n^(-s),True,True,countable_return_alphabet,False
435,17,1,17,False,u^17*n^(-s),z*n^(-s),True,True,countable_return_alphabet,False
436,17,1,17,False,u^17*n^(-s),z*n^(-s),True,True,countable_return_alphabet,False
437,17,1,17,False,u^17*n^(-s),z*n^(-s),True,True,countable_return_alphabet,False
438,17,1,17,False,u^17*n^(-s),z*n^(-s),True,True,countable_return_alphabet,False
439,17,1,17,False,u^17*n^(-s),z*n^(-s),True,True,countable_return_alphabet,False
440,17,1,17,False,u^17*n^(-s),z*n^(-s),True,True,countable_return_alphabet,False
441,17,1,17,False,u^17*n^(-s),z*n^(-s),True,True,countable_return_alphabet,False
442,17,1,17,False,u^17*n^(-s),z*n^(-s),True,True,countable_return_alphabet,False
443,17,1,17,False,u^17*n^(-s),z*n^(-s),True,True,countable_return_alphabet,False
444,17,1,17,False,u^17*n^(-s),z*n^(-s),True,True,countable_return_alphabet,False
445,17,1,17,False,u^17*n^(-s),z*n^(-s),True,True,countable_return_alphabet,False
446,17,1,17,False,u^17*n^(-s),z*n^(-s),True,True,countable_return_alphabet,False
447,17,1,17,False,u^17*n^(-s),z*n^(-s),True,True,countable_return_alphabet,False
448,17,1,17,False,u^17*n^(-s),z*n^(-s),True,True,countable_return_alphabet,False
449,17,1,17,False,u^17*n^(-s),z*n^(-s),True,True,countable_return_alphabet,False
450,17,1,17,False,u^17*n^(-s),z*n^(-s),True,True,countable_return_alphabet,False
451,17,1,17,False,u^17*n^(-s),z*n^(-s),True,True,countable_return_alphabet,False
452,17,1,17,False,u^17*n^(-s),z*n^(-s),True,True,countable_return_alphabet,False
453,17,1,17,False,u^17*n^(-s),z*n^(-s),True,True,countable_return_alphabet,False
454,17,1,17,False,u^17*n^(-s),z*n^(-s),True,True,countable_return_alphabet,False
455,17,1,17,False,u^17*n^(-s),z*n^(-s),True,True,countable_return_alphabet,False
456,17,1,17,False,u^17*n^(-s),z*n^(-s),True,True,countable_return_alphabet,False
457,17,1,17,False,u^17*n^(-s),z*n^(-s),True,True,countable_return_alphabet,False
458,17,1,17,False,u^17*n^(-s),z*n^(-s),True,True,countable_return_alphabet,False
459,17,1,17,False,u^17*n^(-s),z*n^(-s),True,True,countable_return_alphabet,False
460,17,1,17,False,u^17*n^(-s),z*n^(-s),True,True,countable_return_alphabet,False
461,17,1,17,False,u^17*n^(-s),z*n^(-s),True,True,countable_return_alphabet,False
462,17,1,17,False,u^17*n^(-s),z*n^(-s),True,True,countable_return_alphabet,False
463,17,1,17,False,u^17*n^(-s),z*n^(-s),True,True,countable_return_alphabet,False
464,17,1,17,False,u^17*n^(-s),z*n^(-s),True,True,countable_return_alphabet,False
465,17,1,17,False,u^17*n^(-s),z*n^(-s),True,True,countable_return_alphabet,False
466,17,1,17,False,u^17*n^(-s),z*n^(-s),True,True,countable_return_alphabet,False
467,17,1,17,False,u^17*n^(-s),z*n^(-s),True,True,countable_return_alphabet,False
468,17,1,17,False,u^17*n^(-s),z*n^(-s),True,True,countable_return_alphabet,False
469,17,1,17,False,u^17*n^(-s),z*n^(-s),True,True,countable_return_alphabet,False
470,17,1,17,False,u^17*n^(-s),z*n^(-s),True,True,countable_return_alphabet,False
471,17,1,17,False,u^17*n^(-s),z*n^(-s),True,True,countable_return_alphabet,False
472,17,1,17,False,u^17*n^(-s),z*n^(-s),True,True,countable_return_alphabet,False
473,17,1,17,False,u^17*n^(-s),z*n^(-s),True,True,countable_return_alphabet,False
474,17,1,17,False,u^17*n^(-s),z*n^(-s),True,True,countable_return_alphabet,False
475,17,1,17,False,u^17*n^(-s),z*n^(-s),True,True,countable_return_alphabet,False
476,17,1,17,False,u^17*n^(-s),z*n^(-s),True,True,countable_return_alphabet,False
477,17,1,17,False,u^17*n^(-s),z*n^(-s),True,True,countable_return_alphabet,False
478,17,1,17,False,u^17*n^(-s),z*n^(-s),True,True,countable_return_alphabet,False
479,17,1,17,False,u^17*n^(-s),z*n^(-s),True,True,countable_return_alphabet,False
480,17,1,17,False,u^17*n^(-s),z*n^(-s),True,True,countable_return_alphabet,False
481,17,1,17,False,u^17*n^(-s),z*n^(-s),True,True,countable_return_alphabet,False
482,17,1,17,False,u^17*n^(-s),z*n^(-s),True,True,countable_return_alphabet,False
483,17,1,17,False,u^17*n^(-s),z*n^(-s),True,True,countable_return_alphabet,False
484,17,1,17,False,u^17*n^(-s),z*n^(-s),True,True,countable_return_alphabet,False
485,17,1,17,False,u^17*n^(-s),z*n^(-s),True,True,countable_return_alphabet,False
486,17,1,17,False,u^17*n^(-s),z*n^(-s),True,True,countable_return_alphabet,False
487,17,1,17,False,u^17*n^(-s),z*n^(-s),True,True,countable_return_alphabet,False
488,17,1,17,False,u^17*n^(-s),z*n^(-s),True,True,countable_return_alphabet,False
489,17,1,17,False,u^17*n^(-s),z*n^(-s),True,True,countable_return_alphabet,False
490,17,1,17,False,u^17*n^(-s),z*n^(-s),True,True,countable_return_alphabet,False
491,17,1,17,False,u^17*n^(-s),z*n^(-s),True,True,countable_return_alphabet,False
492,17,1,17,False,u^17*n^(-s),z*n^(-s),True,True,countable_return_alphabet,False
493,17,1,17,False,u^17*n^(-s),z*n^(-s),True,True,countable_return_alphabet,False
494,17,1,17,False,u^17*n^(-s),z*n^(-s),True,True,countable_return_alphabet,False
495,17,1,17,False,u^17*n^(-s),z*n^(-s),True,True,countable_return_alphabet,False
496,17,1,17,False,u^17*n^(-s),z*n^(-s),True,True,countable_return_alphabet,False
497,17,1,17,False,u^17*n^(-s),z*n^(-s),True,True,countable_return_alphabet,False
498,17,1,17,False,u^17*n^(-s),z*n^(-s),True,True,countable_return_alphabet,False
499,17,1,17,False,u^17*n^(-s),z*n^(-s),True,True,countable_return_alphabet,False
500,17,1,17,False,u^17*n^(-s),z*n^(-s),True,True,countable_return_alphabet,False
501,17,1,17,False,u^17*n^(-s),z*n^(-s),True,True,countable_return_alphabet,False
502,17,1,17,False,u^17*n^(-s),z*n^(-s),True,True,countable_return_alphabet,False
503,17,1,17,False,u^17*n^(-s),z*n^(-s),True,True,countable_return_alphabet,False
504,17,1,17,False,u^17*n^(-s),z*n^(-s),True,True,countable_return_alphabet,False
505,17,1,17,False,u^17*n^(-s),z*n^(-s),True,True,countable_return_alphabet,False
506,17,1,17,False,u^17*n^(-s),z*n^(-s),True,True,countable_return_alphabet,False
507,17,1,17,False,u^17*n^(-s),z*n^(-s),True,True,countable_return_alphabet,False
508,17,1,17,False,u^17*n^(-s),z*n^(-s),True,True,countable_return_alphabet,False
509,17,1,17,False,u^17*n^(-s),z*n^(-s),True,True,countable_return_alphabet,False
510,17,1,17,False,u^17*n^(-s),z*n^(-s),True,True,countable_return_alphabet,False
511,17,1,17,False,u^17*n^(-s),z*n^(-s),True,True,countable_return_alphabet,False
512,19,1,19,False,u^19*n^(-s),z*n^(-s),True,True,countable_return_alphabet,False
513,19,1,19,False,u^19*n^(-s),z*n^(-s),True,True,countable_return_alphabet,False
514,19,1,19,False,u^19*n^(-s),z*n^(-s),True,True,countable_return_alphabet,False
515,19,1,19,False,u^19*n^(-s),z*n^(-s),True,True,countable_return_alphabet,False
516,19,1,19,False,u^19*n^(-s),z*n^(-s),True,True,countable_return_alphabet,False
517,19,1,19,False,u^19*n^(-s),z*n^(-s),True,True,countable_return_alphabet,False
518,19,1,19,False,u^19*n^(-s),z*n^(-s),True,True,countable_return_alphabet,False
519,19,1,19,False,u^19*n^(-s),z*n^(-s),True,True,countable_return_alphabet,False
520,19,1,19,False,u^19*n^(-s),z*n^(-s),True,True,countable_return_alphabet,False
521,19,1,19,False,u^19*n^(-s),z*n^(-s),True,True,countable_return_alphabet,False
522,19,1,19,False,u^19*n^(-s),z*n^(-s),True,True,countable_return_alphabet,False
523,19,1,19,False,u^19*n^(-s),z*n^(-s),True,True,countable_return_alphabet,False
524,19,1,19,False,u^19*n^(-s),z*n^(-s),True,True,countable_return_alphabet,False
525,19,1,19,False,u^19*n^(-s),z*n^(-s),True,True,countable_return_alphabet,False
526,19,1,19,False,u^19*n^(-s),z*n^(-s),True,True,countable_return_alphabet,False
527,19,1,19,False,u^19*n^(-s),z*n^(-s),True,True,countable_return_alphabet,False
528,19,1,19,False,u^19*n^(-s),z*n^(-s),True,True,countable_return_alphabet,False
529,19,1,19,False,u^19*n^(-s),z*n^(-s),True,True,countable_return_alphabet,False
530,19,1,19,False,u^19*n^(-s),z*n^(-s),True,True,countable_return_alphabet,False
531,19,1,19,False,u^19*n^(-s),z*n^(-s),True,True,countable_return_alphabet,False
532,19,1,19,False,u^19*n^(-s),z*n^(-s),True,True,countable_return_alphabet,False
533,19,1,19,False,u^19*n^(-s),z*n^(-s),True,True,countable_return_alphabet,False
534,19,1,19,False,u^19*n^(-s),z*n^(-s),True,True,countable_return_alphabet,False
535,19,1,19,False,u^19*n^(-s),z*n^(-s),True,True,countable_return_alphabet,False
536,19,1,19,False,u^19*n^(-s),z*n^(-s),True,True,countable_return_alphabet,False
537,19,1,19,False,u^19*n^(-s),z*n^(-s),True,True,countable_return_alphabet,False
538,19,1,19,False,u^19*n^(-s),z*n^(-s),True,True,countable_return_alphabet,False
539,19,1,19,False,u^19*n^(-s),z*n^(-s),True,True,countable_return_alphabet,False
540,19,1,19,False,u^19*n^(-s),z*n^(-s),True,True,countable_return_alphabet,False
541,19,1,19,False,u^19*n^(-s),z*n^(-s),True,True,countable_return_alphabet,False
542,19,1,19,False,u^19*n^(-s),z*n^(-s),True,True,countable_return_alphabet,False
543,19,1,19,False,u^19*n^(-s),z*n^(-s),True,True,countable_return_alphabet,False
544,19,1,19,False,u^19*n^(-s),z*n^(-s),True,True,countable_return_alphabet,False
545,19,1,19,False,u^19*n^(-s),z*n^(-s),True,True,countable_return_alphabet,False
546,19,1,19,False,u^19*n^(-s),z*n^(-s),True,True,countable_return_alphabet,False
547,19,1,19,False,u^19*n^(-s),z*n^(-s),True,True,countable_return_alphabet,False
548,19,1,19,False,u^19*n^(-s),z*n^(-s),True,True,countable_return_alphabet,False
549,19,1,19,False,u^19*n^(-s),z*n^(-s),True,True,countable_return_alphabet,False
550,19,1,19,False,u^19*n^(-s),z*n^(-s),True,True,countable_return_alphabet,False
551,19,1,19,False,u^19*n^(-s),z*n^(-s),True,True,countable_return_alphabet,False
552,19,1,19,False,u^19*n^(-s),z*n^(-s),True,True,countable_return_alphabet,False
553,19,1,19,False,u^19*n^(-s),z*n^(-s),True,True,countable_return_alphabet,False
554,19,1,19,False,u^19*n^(-s),z*n^(-s),True,True,countable_return_alphabet,False
555,19,1,19,False,u^19*n^(-s),z*n^(-s),True,True,countable_return_alphabet,False
556,19,1,19,False,u^19*n^(-s),z*n^(-s),True,True,countable_return_alphabet,False
557,19,1,19,False,u^19*n^(-s),z*n^(-s),True,True,countable_return_alphabet,False
558,19,1,19,False,u^19*n^(-s),z*n^(-s),True,True,countable_return_alphabet,False
559,19,1,19,False,u^19*n^(-s),z*n^(-s),True,True,countable_return_alphabet,False
560,19,1,19,False,u^19*n^(-s),z*n^(-s),True,True,countable_return_alphabet,False
561,19,1,19,False,u^19*n^(-s),z*n^(-s),True,True,countable_return_alphabet,False
562,19,1,19,False,u^19*n^(-s),z*n^(-s),True,True,countable_return_alphabet,False
563,19,1,19,False,u^19*n^(-s),z*n^(-s),True,True,countable_return_alphabet,False
564,19,1,19,False,u^19*n^(-s),z*n^(-s),True,True,countable_return_alphabet,False
565,19,1,19,False,u^19*n^(-s),z*n^(-s),True,True,countable_return_alphabet,False
566,19,1,19,False,u^19*n^(-s),z*n^(-s),True,True,countable_return_alphabet,False
567,19,1,19,False,u^19*n^(-s),z*n^(-s),True,True,countable_return_alphabet,False
568,19,1,19,False,u^19*n^(-s),z*n^(-s),True,True,countable_return_alphabet,False
569,19,1,19,False,u^19*n^(-s),z*n^(-s),True,True,countable_return_alphabet,False
570,19,1,19,False,u^19*n^(-s),z*n^(-s),True,True,countable_return_alphabet,False
571,19,1,19,False,u^19*n^(-s),z*n^(-s),True,True,countable_return_alphabet,False
572,19,1,19,False,u^19*n^(-s),z*n^(-s),True,True,countable_return_alphabet,False
573,19,1,19,False,u^19*n^(-s),z*n^(-s),True,True,countable_return_alphabet,False
574,19,1,19,False,u^19*n^(-s),z*n^(-s),True,True,countable_return_alphabet,False
575,19,1,19,False,u^19*n^(-s),z*n^(-s),True,True,countable_return_alphabet,False
576,19,1,19,False,u^19*n^(-s),z*n^(-s),True,True,countable_return_alphabet,False
577,19,1,19,False,u^19*n^(-s),z*n^(-s),True,True,countable_return_alphabet,False
578,19,1,19,False,u^19*n^(-s),z*n^(-s),True,True,countable_return_alphabet,False
579,19,1,19,False,u^19*n^(-s),z*n^(-s),True,True,countable_return_alphabet,False
580,19,1,19,False,u^19*n^(-s),z*n^(-s),True,True,countable_return_alphabet,False
581,19,1,19,False,u^19*n^(-s),z*n^(-s),True,True,countable_return_alphabet,False
582,19,1,19,False,u^19*n^(-s),z*n^(-s),True,True,countable_return_alphabet,False
583,19,1,19,False,u^19*n^(-s),z*n^(-s),True,True,countable_return_alphabet,False
584,19,1,19,False,u^19*n^(-s),z*n^(-s),True,True,countable_return_alphabet,False
585,19,1,19,False,u^19*n^(-s),z*n^(-s),True,True,countable_return_alphabet,False
586,19,1,19,False,u^19*n^(-s),z*n^(-s),True,True,countable_return_alphabet,False
587,19,1,19,False,u^19*n^(-s),z*n^(-s),True,True,countable_return_alphabet,False
588,19,1,19,False,u^19*n^(-s),z*n^(-s),True,True,countable_return_alphabet,False
589,19,1,19,False,u^19*n^(-s),z*n^(-s),True,True,countable_return_alphabet,False
590,19,1,19,False,u^19*n^(-s),z*n^(-s),True,True,countable_return_alphabet,False
591,19,1,19,False,u^19*n^(-s),z*n^(-s),True,True,countable_return_alphabet,False
592,19,1,19,False,u^19*n^(-s),z*n^(-s),True,True,countable_return_alphabet,False
593,19,1,19,False,u^19*n^(-s),z*n^(-s),True,True,countable_return_alphabet,False
594,19,1,19,False,u^19*n^(-s),z*n^(-s),True,True,countable_return_alphabet,False
595,19,1,19,False,u^19*n^(-s),z*n^(-s),True,True,countable_return_alphabet,False
596,19,1,19,False,u^19*n^(-s),z*n^(-s),True,True,countable_return_alphabet,False
597,19,1,19,False,u^19*n^(-s),z*n^(-s),True,True,countable_return_alphabet,False
598,19,1,19,False,u^19*n^(-s),z*n^(-s),True,True,countable_return_alphabet,False
599,19,1,19,False,u^19*n^(-s),z*n^(-s),True,True,countable_return_alphabet,False
600,19,1,19,False,u^19*n^(-s),z*n^(-s),True,True,countable_return_alphabet,False
601,19,1,19,False,u^19*n^(-s),z*n^(-s),True,True,countable_return_alphabet,False
602,19,1,19,False,u^19*n^(-s),z*n^(-s),True,True,countable_return_alphabet,False
603,19,1,19,False,u^19*n^(-s),z*n^(-s),True,True,countable_return_alphabet,False
604,19,1,19,False,u^19*n^(-s),z*n^(-s),True,True,countable_return_alphabet,False
605,19,1,19,False,u^19*n^(-s),z*n^(-s),True,True,countable_return_alphabet,False
606,19,1,19,False,u^19*n^(-s),z*n^(-s),True,True,countable_return_alphabet,False
607,19,1,19,False,u^19*n^(-s),z*n^(-s),True,True,countable_return_alphabet,False
608,19,1,19,False,u^19*n^(-s),z*n^(-s),True,True,countable_return_alphabet,False
609,19,1,19,False,u^19*n^(-s),z*n^(-s),True,True,countable_return_alphabet,False
610,19,1,19,False,u^19*n^(-s),z*n^(-s),True,True,countable_return_alphabet,False
611,19,1,19,False,u^19*n^(-s),z*n^(-s),True,True,countable_return_alphabet,False
612,19,1,19,False,u^19*n^(-s),z*n^(-s),True,True,countable_return_alphabet,False
613,19,1,19,False,u^19*n^(-s),z*n^(-s),True,True,countable_return_alphabet,False
614,19,1,19,False,u^19*n^(-s),z*n^(-s),True,True,countable_return_alphabet,False
615,19,1,19,False,u^19*n^(-s),z*n^(-s),True,True,countable_return_alphabet,False
616,19,1,19,False,u^19*n^(-s),z*n^(-s),True,True,countable_return_alphabet,False
617,19,1,19,False,u^19*n^(-s),z*n^(-s),True,True,countable_return_alphabet,False
618,19,1,19,False,u^19*n^(-s),z*n^(-s),True,True,countable_return_alphabet,False
619,19,1,19,False,u^19*n^(-s),z*n^(-s),True,True,countable_return_alphabet,False
620,19,1,19,False,u^19*n^(-s),z*n^(-s),True,True,countable_return_alphabet,False
621,19,1,19,False,u^19*n^(-s),z*n^(-s),True,True,countable_return_alphabet,False
622,19,1,19,False,u^19*n^(-s),z*n^(-s),True,True,countable_return_alphabet,False
623,19,1,19,False,u^19*n^(-s),z*n^(-s),True,True,countable_return_alphabet,False
624,19,1,19,False,u^19*n^(-s),z*n^(-s),True,True,countable_return_alphabet,False
625,19,1,19,False,u^19*n^(-s),z*n^(-s),True,True,countable_return_alphabet,False
626,19,1,19,False,u^19*n^(-s),z*n^(-s),True,True,countable_return_alphabet,False
627,19,1,19,False,u^19*n^(-s),z*n^(-s),True,True,countable_return_alphabet,False
628,19,1,19,False,u^19*n^(-s),z*n^(-s),True,True,countable_return_alphabet,False
629,19,1,19,False,u^19*n^(-s),z*n^(-s),True,True,countable_return_alphabet,False
630,19,1,19,False,u^19*n^(-s),z*n^(-s),True,True,countable_return_alphabet,False
631,19,1,19,False,u^19*n^(-s),z*n^(-s),True,True,countable_return_alphabet,False
632,19,1,19,False,u^19*n^(-s),z*n^(-s),True,True,countable_return_alphabet,False
633,19,1,19,False,u^19*n^(-s),z*n^(-s),True,True,countable_return_alphabet,False
634,19,1,19,False,u^19*n^(-s),z*n^(-s),True,True,countable_return_alphabet,False
635,19,1,19,False,u^19*n^(-s),z*n^(-s),True,True,countable_return_alphabet,False
636,19,1,19,False,u^19*n^(-s),z*n^(-s),True,True,countable_return_alphabet,False
637,19,1,19,False,u^19*n^(-s),z*n^(-s),True,True,countable_return_alphabet,False
638,19,1,19,False,u^19*n^(-s),z*n^(-s),True,True,countable_return_alphabet,False
639,19,1,19,False,u^19*n^(-s),z*n^(-s),True,True,countable_return_alphabet,False
640,19,1,19,False,u^19*n^(-s),z*n^(-s),True,True,countable_return_alphabet,False
641,19,1,19,False,u^19*n^(-s),z*n^(-s),True,True,countable_return_alphabet,False
642,19,1,19,False,u^19*n^(-s),z*n^(-s),True,True,countable_return_alphabet,False
643,19,1,19,False,u^19*n^(-s),z*n^(-s),True,True,countable_return_alphabet,False
644,19,1,19,False,u^19*n^(-s),z*n^(-s),True,True,countable_return_alphabet,False
645,19,1,19,False,u^19*n^(-s),z*n^(-s),True,True,countable_return_alphabet,False
646,19,1,19,False,u^19*n^(-s),z*n^(-s),True,True,countable_return_alphabet,False
647,19,1,19,False,u^19*n^(-s),z*n^(-s),True,True,countable_return_alphabet,False
648,19,1,19,False,u^19*n^(-s),z*n^(-s),True,True,countable_return_alphabet,False
649,19,1,19,False,u^19*n^(-s),z*n^(-s),True,True,countable_return_alphabet,False
650,19,1,19,False,u^19*n^(-s),z*n^(-s),True,True,countable_return_alphabet,False
651,19,1,19,False,u^19*n^(-s),z*n^(-s),True,True,countable_return_alphabet,False
652,19,1,19,False,u^19*n^(-s),z*n^(-s),True,True,countable_return_alphabet,False
653,19,1,19,False,u^19*n^(-s),z*n^(-s),True,True,countable_return_alphabet,False
654,19,1,19,False,u^19*n^(-s),z*n^(-s),True,True,countable_return_alphabet,False
655,19,1,19,False,u^19*n^(-s),z*n^(-s),True,True,countable_return_alphabet,False
656,19,1,19,False,u^19*n^(-s),z*n^(-s),True,True,countable_return_alphabet,False
657,19,1,19,False,u^19*n^(-s),z*n^(-s),True,True,countable_return_alphabet,False
658,19,1,19,False,u^19*n^(-s),z*n^(-s),True,True,countable_return_alphabet,False
659,19,1,19,False,u^19*n^(-s),z*n^(-s),True,True,countable_return_alphabet,False
660,19,1,19,False,u^19*n^(-s),z*n^(-s),True,True,countable_return_alphabet,False
661,19,1,19,False,u^19*n^(-s),z*n^(-s),True,True,countable_return_alphabet,False
662,19,1,19,False,u^19*n^(-s),z*n^(-s),True,True,countable_return_alphabet,False
663,19,1,19,False,u^19*n^(-s),z*n^(-s),True,True,countable_return_alphabet,False
664,19,1,19,False,u^19*n^(-s),z*n^(-s),True,True,countable_return_alphabet,False
665,19,1,19,False,u^19*n^(-s),z*n^(-s),True,True,countable_return_alphabet,False
666,19,1,19,False,u^19*n^(-s),z*n^(-s),True,True,countable_return_alphabet,False
667,19,1,19,False,u^19*n^(-s),z*n^(-s),True,True,countable_return_alphabet,False
668,19,1,19,False,u^19*n^(-s),z*n^(-s),True,True,countable_return_alphabet,False
669,19,1,19,False,u^19*n^(-s),z*n^(-s),True,True,countable_return_alphabet,False
670,19,1,19,False,u^19*n^(-s),z*n^(-s),True,True,countable_return_alphabet,False
671,19,1,19,False,u^19*n^(-s),z*n^(-s),True,True,countable_return_alphabet,False
672,19,1,19,False,u^19*n^(-s),z*n^(-s),True,True,countable_return_alphabet,False
673,19,1,19,False,u^19*n^(-s),z*n^(-s),True,True,countable_return_alphabet,False
674,19,1,19,False,u^19*n^(-s),z*n^(-s),True,True,countable_return_alphabet,False
675,19,1,19,False,u^19*n^(-s),z*n^(-s),True,True,countable_return_alphabet,False
676,19,1,19,False,u^19*n^(-s),z*n^(-s),True,True,countable_return_alphabet,False
677,19,1,19,False,u^19*n^(-s),z*n^(-s),True,True,countable_return_alphabet,False
678,19,1,19,False,u^19*n^(-s),z*n^(-s),True,True,countable_return_alphabet,False
679,19,1,19,False,u^19*n^(-s),z*n^(-s),True,True,countable_return_alphabet,False
680,19,1,19,False,u^19*n^(-s),z*n^(-s),True,True,countable_return_alphabet,False
681,19,1,19,False,u^19*n^(-s),z*n^(-s),True,True,countable_return_alphabet,False
682,19,1,19,False,u^19*n^(-s),z*n^(-s),True,True,countable_return_alphabet,False
683,19,1,19,False,u^19*n^(-s),z*n^(-s),True,True,countable_return_alphabet,False
684,19,1,19,False,u^19*n^(-s),z*n^(-s),True,True,countable_return_alphabet,False
685,19,1,19,False,u^19*n^(-s),z*n^(-s),True,True,countable_return_alphabet,False
686,19,1,19,False,u^19*n^(-s),z*n^(-s),True,True,countable_return_alphabet,False
687,19,1,19,False,u^19*n^(-s),z*n^(-s),True,True,countable_return_alphabet,False
688,19,1,19,False,u^19*n^(-s),z*n^(-s),True,True,countable_return_alphabet,False
689,19,1,19,False,u^19*n^(-s),z*n^(-s),True,True,countable_return_alphabet,False
690,19,1,19,False,u^19*n^(-s),z*n^(-s),True,True,countable_return_alphabet,False
691,19,1,19,False,u^19*n^(-s),z*n^(-s),True,True,countable_return_alphabet,False
692,19,1,19,False,u^19*n^(-s),z*n^(-s),True,True,countable_return_alphabet,False
693,19,1,19,False,u^19*n^(-s),z*n^(-s),True,True,countable_return_alphabet,False
694,19,1,19,False,u^19*n^(-s),z*n^(-s),True,True,countable_return_alphabet,False
695,19,1,19,False,u^19*n^(-s),z*n^(-s),True,True,countable_return_alphabet,False
696,19,1,19,False,u^19*n^(-s),z*n^(-s),True,True,countable_return_alphabet,False
697,19,1,19,False,u^19*n^(-s),z*n^(-s),True,True,countable_return_alphabet,False
698,19,1,19,False,u^19*n^(-s),z*n^(-s),True,True,countable_return_alphabet,False
699,19,1,19,False,u^19*n^(-s),z*n^(-s),True,True,countable_return_alphabet,False
700,19,1,19,False,u^19*n^(-s),z*n^(-s),True,True,countable_return_alphabet,False
701,19,1,19,False,u^19*n^(-s),z*n^(-s),True,True,countable_return_alphabet,False
702,19,1,19,False,u^19*n^(-s),z*n^(-s),True,True,countable_return_alphabet,False
703,19,1,19,False,u^19*n^(-s),z*n^(-s),True,True,countable_return_alphabet,False
704,19,1,19,False,u^19*n^(-s),z*n^(-s),True,True,countable_return_alphabet,False
705,19,1,19,False,u^19*n^(-s),z*n^(-s),True,True,countable_return_alphabet,False
706,19,1,19,False,u^19*n^(-s),z*n^(-s),True,True,countable_return_alphabet,False
707,19,1,19,False,u^19*n^(-s),z*n^(-s),True,True,countable_return_alphabet,False
708,19,1,19,False,u^19*n^(-s),z*n^(-s),True,True,countable_return_alphabet,False
709,19,1,19,False,u^19*n^(-s),z*n^(-s),True,True,countable_return_alphabet,False
710,19,1,19,False,u^19*n^(-s),z*n^(-s),True,True,countable_return_alphabet,False
711,19,1,19,False,u^19*n^(-s),z*n^(-s),True,True,countable_return_alphabet,False
712,19,1,19,False,u^19*n^(-s),z*n^(-s),True,True,countable_return_alphabet,False
713,19,1,19,False,u^19*n^(-s),z*n^(-s),True,True,countable_return_alphabet,False
714,19,1,19,False,u^19*n^(-s),z*n^(-s),True,True,countable_return_alphabet,False
715,19,1,19,False,u^19*n^(-s),z*n^(-s),True,True,countable_return_alphabet,False
716,19,1,19,False,u^19*n^(-s),z*n^(-s),True,True,countable_return_alphabet,False
717,19,1,19,False,u^19*n^(-s),z*n^(-s),True,True,countable_return_alphabet,False
718,19,1,19,False,u^19*n^(-s),z*n^(-s),True,True,countable_return_alphabet,False
719,19,1,19,False,u^19*n^(-s),z*n^(-s),True,True,countable_return_alphabet,False
720,19,1,19,False,u^19*n^(-s),z*n^(-s),True,True,countable_return_alphabet,False
721,19,1,19,False,u^19*n^(-s),z*n^(-s),True,True,countable_return_alphabet,False
722,19,1,19,False,u^19*n^(-s),z*n^(-s),True,True,countable_return_alphabet,False
723,19,1,19,False,u^19*n^(-s),z*n^(-s),True,True,countable_return_alphabet,False
724,19,1,19,False,u^19*n^(-s),z*n^(-s),True,True,countable_return_alphabet,False
725,19,1,19,False,u^19*n^(-s),z*n^(-s),True,True,countable_return_alphabet,False
726,19,1,19,False,u^19*n^(-s),z*n^(-s),True,True,countable_return_alphabet,False
727,19,1,19,False,u^19*n^(-s),z*n^(-s),True,True,countable_return_alphabet,False
728,19,1,19,False,u^19*n^(-s),z*n^(-s),True,True,countable_return_alphabet,False
729,19,1,19,False,u^19*n^(-s),z*n^(-s),True,True,countable_return_alphabet,False
730,19,1,19,False,u^19*n^(-s),z*n^(-s),True,True,countable_return_alphabet,False
731,19,1,19,False,u^19*n^(-s),z*n^(-s),True,True,countable_return_alphabet,False
732,19,1,19,False,u^19*n^(-s),z*n^(-s),True,True,countable_return_alphabet,False
733,19,1,19,False,u^19*n^(-s),z*n^(-s),True,True,countable_return_alphabet,False
734,19,1,19,False,u^19*n^(-s),z*n^(-s),True,True,countable_return_alphabet,False
735,19,1,19,False,u^19*n^(-s),z*n^(-s),True,True,countable_return_alphabet,False
736,19,1,19,False,u^19*n^(-s),z*n^(-s),True,True,countable_return_alphabet,False
737,19,1,19,False,u^19*n^(-s),z*n^(-s),True,True,countable_return_alphabet,False
738,19,1,19,False,u^19*n^(-s),z*n^(-s),True,True,countable_return_alphabet,False
739,19,1,19,False,u^19*n^(-s),z*n^(-s),True,True,countable_return_alphabet,False
740,19,1,19,False,u^19*n^(-s),z*n^(-s),True,True,countable_return_alphabet,False
741,19,1,19,False,u^19*n^(-s),z*n^(-s),True,True,countable_return_alphabet,False
742,19,1,19,False,u^19*n^(-s),z*n^(-s),True,True,countable_return_alphabet,False
743,19,1,19,False,u^19*n^(-s),z*n^(-s),True,True,countable_return_alphabet,False
744,19,1,19,False,u^19*n^(-s),z*n^(-s),True,True,countable_return_alphabet,False
745,19,1,19,False,u^19*n^(-s),z*n^(-s),True,True,countable_return_alphabet,False
746,19,1,19,False,u^19*n^(-s),z*n^(-s),True,True,countable_return_alphabet,False
747,19,1,19,False,u^19*n^(-s),z*n^(-s),True,True,countable_return_alphabet,False
748,19,1,19,False,u^19*n^(-s),z*n^(-s),True,True,countable_return_alphabet,False
749,19,1,19,False,u^19*n^(-s),z*n^(-s),True,True,countable_return_alphabet,False
750,19,1,19,False,u^19*n^(-s),z*n^(-s),True,True,countable_return_alphabet,False
751,19,1,19,False,u^19*n^(-s),z*n^(-s),True,True,countable_return_alphabet,False
752,19,1,19,False,u^19*n^(-s),z*n^(-s),True,True,countable_return_alphabet,False
753,19,1,19,False,u^19*n^(-s),z*n^(-s),True,True,countable_return_alphabet,False
754,19,1,19,False,u^19*n^(-s),z*n^(-s),True,True,countable_return_alphabet,False
755,19,1,19,False,u^19*n^(-s),z*n^(-s),True,True,countable_return_alphabet,False
756,19,1,19,False,u^19*n^(-s),z*n^(-s),True,True,countable_return_alphabet,False
757,19,1,19,False,u^19*n^(-s),z*n^(-s),True,True,countable_return_alphabet,False
758,19,1,19,False,u^19*n^(-s),z*n^(-s),True,True,countable_return_alphabet,False
759,19,1,19,False,u^19*n^(-s),z*n^(-s),True,True,countable_return_alphabet,False
760,19,1,19,False,u^19*n^(-s),z*n^(-s),True,True,countable_return_alphabet,False
761,19,1,19,False,u^19*n^(-s),z*n^(-s),True,True,countable_return_alphabet,False
762,19,1,19,False,u^19*n^(-s),z*n^(-s),True,True,countable_return_alphabet,False
763,19,1,19,False,u^19*n^(-s),z*n^(-s),True,True,countable_return_alphabet,False
764,19,1,19,False,u^19*n^(-s),z*n^(-s),True,True,countable_return_alphabet,False
765,19,1,19,False,u^19*n^(-s),z*n^(-s),True,True,countable_return_alphabet,False
766,19,1,19,False,u^19*n^(-s),z*n^(-s),True,True,countable_return_alphabet,False
767,19,1,19,False,u^19*n^(-s),z*n^(-s),True,True,countable_return_alphabet,False
768,19,1,19,False,u^19*n^(-s),z*n^(-s),True,True,countable_return_alphabet,False
769,19,1,19,False,u^19*n^(-s),z*n^(-s),True,True,countable_return_alphabet,False
770,19,1,19,False,u^19*n^(-s),z*n^(-s),True,True,countable_return_alphabet,False
771,19,1,19,False,u^19*n^(-s),z*n^(-s),True,True,countable_return_alphabet,False
772,19,1,19,False,u^19*n^(-s),z*n^(-s),True,True,countable_return_alphabet,False
773,19,1,19,False,u^19*n^(-s),z*n^(-s),True,True,countable_return_alphabet,False
774,19,1,19,False,u^19*n^(-s),z*n^(-s),True,True,countable_return_alphabet,False
775,19,1,19,False,u^19*n^(-s),z*n^(-s),True,True,countable_return_alphabet,False
776,19,1,19,False,u^19*n^(-s),z*n^(-s),True,True,countable_return_alphabet,False
777,19,1,19,False,u^19*n^(-s),z*n^(-s),True,True,countable_return_alphabet,False
778,19,1,19,False,u^19*n^(-s),z*n^(-s),True,True,countable_return_alphabet,False
779,19,1,19,False,u^19*n^(-s),z*n^(-s),True,True,countable_return_alphabet,False
780,19,1,19,False,u^19*n^(-s),z*n^(-s),True,True,countable_return_alphabet,False
781,19,1,19,False,u^19*n^(-s),z*n^(-s),True,True,countable_return_alphabet,False
782,19,1,19,False,u^19*n^(-s),z*n^(-s),True,True,countable_return_alphabet,False
783,19,1,19,False,u^19*n^(-s),z*n^(-s),True,True,countable_return_alphabet,False
784,19,1,19,False,u^19*n^(-s),z*n^(-s),True,True,countable_return_alphabet,False
785,19,1,19,False,u^19*n^(-s),z*n^(-s),True,True,countable_return_alphabet,False
786,19,1,19,False,u^19*n^(-s),z*n^(-s),True,True,countable_return_alphabet,False
787,19,1,19,False,u^19*n^(-s),z*n^(-s),True,True,countable_return_alphabet,False
788,19,1,19,False,u^19*n^(-s),z*n^(-s),True,True,countable_return_alphabet,False
789,19,1,19,False,u^19*n^(-s),z*n^(-s),True,True,countable_return_alphabet,False
790,19,1,19,False,u^19*n^(-s),z*n^(-s),True,True,countable_return_alphabet,False
791,19,1,19,False,u^19*n^(-s),z*n^(-s),True,True,countable_return_alphabet,False
792,19,1,19,False,u^19*n^(-s),z*n^(-s),True,True,countable_return_alphabet,False
793,19,1,19,False,u^19*n^(-s),z*n^(-s),True,True,countable_return_alphabet,False
794,19,1,19,False,u^19*n^(-s),z*n^(-s),True,True,countable_return_alphabet,False
795,19,1,19,False,u^19*n^(-s),z*n^(-s),True,True,countable_return_alphabet,False
796,19,1,19,False,u^19*n^(-s),z*n^(-s),True,True,countable_return_alphabet,False
797,19,1,19,False,u^19*n^(-s),z*n^(-s),True,True,countable_return_alphabet,False
798,19,1,19,False,u^19*n^(-s),z*n^(-s),True,True,countable_return_alphabet,False
799,19,1,19,False,u^19*n^(-s),z*n^(-s),True,True,countable_return_alphabet,False
800,19,1,19,False,u^19*n^(-s),z*n^(-s),True,True,countable_return_alphabet,False
801,19,1,19,False,u^19*n^(-s),z*n^(-s),True,True,countable_return_alphabet,False
802,19,1,19,False,u^19*n^(-s),z*n^(-s),True,True,countable_return_alphabet,False
803,19,1,19,False,u^19*n^(-s),z*n^(-s),True,True,countable_return_alphabet,False
804,19,1,19,False,u^19*n^(-s),z*n^(-s),True,True,countable_return_alphabet,False
805,19,1,19,False,u^19*n^(-s),z*n^(-s),True,True,countable_return_alphabet,False
806,19,1,19,False,u^19*n^(-s),z*n^(-s),True,True,countable_return_alphabet,False
807,19,1,19,False,u^19*n^(-s),z*n^(-s),True,True,countable_return_alphabet,False
808,19,1,19,False,u^19*n^(-s),z*n^(-s),True,True,countable_return_alphabet,False
809,19,1,19,False,u^19*n^(-s),z*n^(-s),True,True,countable_return_alphabet,False
810,19,1,19,False,u^19*n^(-s),z*n^(-s),True,True,countable_return_alphabet,False
811,19,1,19,False,u^19*n^(-s),z*n^(-s),True,True,countable_return_alphabet,False
812,19,1,19,False,u^19*n^(-s),z*n^(-s),True,True,countable_return_alphabet,False
813,19,1,19,False,u^19*n^(-s),z*n^(-s),True,True,countable_return_alphabet,False
814,19,1,19,False,u^19*n^(-s),z*n^(-s),True,True,countable_return_alphabet,False
815,19,1,19,False,u^19*n^(-s),z*n^(-s),True,True,countable_return_alphabet,False
816,19,1,19,False,u^19*n^(-s),z*n^(-s),True,True,countable_return_alphabet,False
817,19,1,19,False,u^19*n^(-s),z*n^(-s),True,True,countable_return_alphabet,False
818,19,1,19,False,u^19*n^(-s),z*n^(-s),True,True,countable_return_alphabet,False
819,19,1,19,False,u^19*n^(-s),z*n^(-s),True,True,countable_return_alphabet,False
820,19,1,19,False,u^19*n^(-s),z*n^(-s),True,True,countable_return_alphabet,False
821,19,1,19,False,u^19*n^(-s),z*n^(-s),True,True,countable_return_alphabet,False
822,19,1,19,False,u^19*n^(-s),z*n^(-s),True,True,countable_return_alphabet,False
823,19,1,19,False,u^19*n^(-s),z*n^(-s),True,True,countable_return_alphabet,False
824,19,1,19,False,u^19*n^(-s),z*n^(-s),True,True,countable_return_alphabet,False
825,19,1,19,False,u^19*n^(-s),z*n^(-s),True,True,countable_return_alphabet,False
826,19,1,19,False,u^19*n^(-s),z*n^(-s),True,True,countable_return_alphabet,False
827,19,1,19,False,u^19*n^(-s),z*n^(-s),True,True,countable_return_alphabet,False
828,19,1,19,False,u^19*n^(-s),z*n^(-s),True,True,countable_return_alphabet,False
829,19,1,19,False,u^19*n^(-s),z*n^(-s),True,True,countable_return_alphabet,False
830,19,1,19,False,u^19*n^(-s),z*n^(-s),True,True,countable_return_alphabet,False
831,19,1,19,False,u^19*n^(-s),z*n^(-s),True,True,countable_return_alphabet,False
832,19,1,19,False,u^19*n^(-s),z*n^(-s),True,True,countable_return_alphabet,False
833,19,1,19,False,u^19*n^(-s),z*n^(-s),True,True,countable_return_alphabet,False
834,19,1,19,False,u^19*n^(-s),z*n^(-s),True,True,countable_return_alphabet,False
835,19,1,19,False,u^19*n^(-s),z*n^(-s),True,True,countable_return_alphabet,False
836,19,1,19,False,u^19*n^(-s),z*n^(-s),True,True,countable_return_alphabet,False
837,19,1,19,False,u^19*n^(-s),z*n^(-s),True,True,countable_return_alphabet,False
838,19,1,19,False,u^19*n^(-s),z*n^(-s),True,True,countable_return_alphabet,False
839,19,1,19,False,u^19*n^(-s),z*n^(-s),True,True,countable_return_alphabet,False
840,19,1,19,False,u^19*n^(-s),z*n^(-s),True,True,countable_return_alphabet,False
841,19,1,19,False,u^19*n^(-s),z*n^(-s),True,True,countable_return_alphabet,False
842,19,1,19,False,u^19*n^(-s),z*n^(-s),True,True,countable_return_alphabet,False
843,19,1,19,False,u^19*n^(-s),z*n^(-s),True,True,countable_return_alphabet,False
844,19,1,19,False,u^19*n^(-s),z*n^(-s),True,True,countable_return_alphabet,False
845,19,1,19,False,u^19*n^(-s),z*n^(-s),True,True,countable_return_alphabet,False
846,19,1,19,False,u^19*n^(-s),z*n^(-s),True,True,countable_return_alphabet,False
847,19,1,19,False,u^19*n^(-s),z*n^(-s),True,True,countable_return_alphabet,False
848,19,1,19,False,u^19*n^(-s),z*n^(-s),True,True,countable_return_alphabet,False
849,19,1,19,False,u^19*n^(-s),z*n^(-s),True,True,countable_return_alphabet,False
850,19,1,19,False,u^19*n^(-s),z*n^(-s),True,True,countable_return_alphabet,False
851,19,1,19,False,u^19*n^(-s),z*n^(-s),True,True,countable_return_alphabet,False
852,19,1,19,False,u^19*n^(-s),z*n^(-s),True,True,countable_return_alphabet,False
853,19,1,19,False,u^19*n^(-s),z*n^(-s),True,True,countable_return_alphabet,False
854,19,1,19,False,u^19*n^(-s),z*n^(-s),True,True,countable_return_alphabet,False
855,19,1,19,False,u^19*n^(-s),z*n^(-s),True,True,countable_return_alphabet,False
856,19,1,19,False,u^19*n^(-s),z*n^(-s),True,True,countable_return_alphabet,False
857,19,1,19,False,u^19*n^(-s),z*n^(-s),True,True,countable_return_alphabet,False
858,19,1,19,False,u^19*n^(-s),z*n^(-s),True,True,countable_return_alphabet,False
859,19,1,19,False,u^19*n^(-s),z*n^(-s),True,True,countable_return_alphabet,False
860,19,1,19,False,u^19*n^(-s),z*n^(-s),True,True,countable_return_alphabet,False
861,19,1,19,False,u^19*n^(-s),z*n^(-s),True,True,countable_return_alphabet,False
862,19,1,19,False,u^19*n^(-s),z*n^(-s),True,True,countable_return_alphabet,False
863,19,1,19,False,u^19*n^(-s),z*n^(-s),True,True,countable_return_alphabet,False
864,19,1,19,False,u^19*n^(-s),z*n^(-s),True,True,countable_return_alphabet,False
865,19,1,19,False,u^19*n^(-s),z*n^(-s),True,True,countable_return_alphabet,False
866,19,1,19,False,u^19*n^(-s),z*n^(-s),True,True,countable_return_alphabet,False
867,19,1,19,False,u^19*n^(-s),z*n^(-s),True,True,countable_return_alphabet,False
868,19,1,19,False,u^19*n^(-s),z*n^(-s),True,True,countable_return_alphabet,False
869,19,1,19,False,u^19*n^(-s),z*n^(-s),True,True,countable_return_alphabet,False
870,19,1,19,False,u^19*n^(-s),z*n^(-s),True,True,countable_return_alphabet,False
871,19,1,19,False,u^19*n^(-s),z*n^(-s),True,True,countable_return_alphabet,False
872,19,1,19,False,u^19*n^(-s),z*n^(-s),True,True,countable_return_alphabet,False
873,19,1,19,False,u^19*n^(-s),z*n^(-s),True,True,countable_return_alphabet,False
874,19,1,19,False,u^19*n^(-s),z*n^(-s),True,True,countable_return_alphabet,False
875,19,1,19,False,u^19*n^(-s),z*n^(-s),True,True,countable_return_alphabet,False
876,19,1,19,False,u^19*n^(-s),z*n^(-s),True,True,countable_return_alphabet,False
877,19,1,19,False,u^19*n^(-s),z*n^(-s),True,True,countable_return_alphabet,False
878,19,1,19,False,u^19*n^(-s),z*n^(-s),True,True,countable_return_alphabet,False
879,19,1,19,False,u^19*n^(-s),z*n^(-s),True,True,countable_return_alphabet,False
880,19,1,19,False,u^19*n^(-s),z*n^(-s),True,True,countable_return_alphabet,False
881,19,1,19,False,u^19*n^(-s),z*n^(-s),True,True,countable_return_alphabet,False
882,19,1,19,False,u^19*n^(-s),z*n^(-s),True,True,countable_return_alphabet,False
883,19,1,19,False,u^19*n^(-s),z*n^(-s),True,True,countable_return_alphabet,False
884,19,1,19,False,u^19*n^(-s),z*n^(-s),True,True,countable_return_alphabet,False
885,19,1,19,False,u^19*n^(-s),z*n^(-s),True,True,countable_return_alphabet,False
886,19,1,19,False,u^19*n^(-s),z*n^(-s),True,True,countable_return_alphabet,False
887,19,1,19,False,u^19*n^(-s),z*n^(-s),True,True,countable_return_alphabet,False
888,19,1,19,False,u^19*n^(-s),z*n^(-s),True,True,countable_return_alphabet,False
889,19,1,19,False,u^19*n^(-s),z*n^(-s),True,True,countable_return_alphabet,False
890,19,1,19,False,u^19*n^(-s),z*n^(-s),True,True,countable_return_alphabet,False
891,19,1,19,False,u^19*n^(-s),z*n^(-s),True,True,countable_return_alphabet,False
892,19,1,19,False,u^19*n^(-s),z*n^(-s),True,True,countable_return_alphabet,False
893,19,1,19,False,u^19*n^(-s),z*n^(-s),True,True,countable_return_alphabet,False
894,19,1,19,False,u^19*n^(-s),z*n^(-s),True,True,countable_return_alphabet,False
895,19,1,19,False,u^19*n^(-s),z*n^(-s),True,True,countable_return_alphabet,False
896,19,1,19,False,u^19*n^(-s),z*n^(-s),True,True,countable_return_alphabet,False
897,19,1,19,False,u^19*n^(-s),z*n^(-s),True,True,countable_return_alphabet,False
898,19,1,19,False,u^19*n^(-s),z*n^(-s),True,True,countable_return_alphabet,False
899,19,1,19,False,u^19*n^(-s),z*n^(-s),True,True,countable_return_alphabet,False
900,19,1,19,False,u^19*n^(-s),z*n^(-s),True,True,countable_return_alphabet,False
901,19,1,19,False,u^19*n^(-s),z*n^(-s),True,True,countable_return_alphabet,False
902,19,1,19,False,u^19*n^(-s),z*n^(-s),True,True,countable_return_alphabet,False
903,19,1,19,False,u^19*n^(-s),z*n^(-s),True,True,countable_return_alphabet,False
904,19,1,19,False,u^19*n^(-s),z*n^(-s),True,True,countable_return_alphabet,False
905,19,1,19,False,u^19*n^(-s),z*n^(-s),True,True,countable_return_alphabet,False
906,19,1,19,False,u^19*n^(-s),z*n^(-s),True,True,countable_return_alphabet,False
907,19,1,19,False,u^19*n^(-s),z*n^(-s),True,True,countable_return_alphabet,False
908,19,1,19,False,u^19*n^(-s),z*n^(-s),True,True,countable_return_alphabet,False
909,19,1,19,False,u^19*n^(-s),z*n^(-s),True,True,countable_return_alphabet,False
910,19,1,19,False,u^19*n^(-s),z*n^(-s),True,True,countable_return_alphabet,False
911,19,1,19,False,u^19*n^(-s),z*n^(-s),True,True,countable_return_alphabet,False
912,19,1,19,False,u^19*n^(-s),z*n^(-s),True,True,countable_return_alphabet,False
913,19,1,19,False,u^19*n^(-s),z*n^(-s),True,True,countable_return_alphabet,False
914,19,1,19,False,u^19*n^(-s),z*n^(-s),True,True,countable_return_alphabet,False
915,19,1,19,False,u^19*n^(-s),z*n^(-s),True,True,countable_return_alphabet,False
916,19,1,19,False,u^19*n^(-s),z*n^(-s),True,True,countable_return_alphabet,False
917,19,1,19,False,u^19*n^(-s),z*n^(-s),True,True,countable_return_alphabet,False
918,19,1,19,False,u^19*n^(-s),z*n^(-s),True,True,countable_return_alphabet,False
919,19,1,19,False,u^19*n^(-s),z*n^(-s),True,True,countable_return_alphabet,False
920,19,1,19,False,u^19*n^(-s),z*n^(-s),True,True,countable_return_alphabet,False
921,19,1,19,False,u^19*n^(-s),z*n^(-s),True,True,countable_return_alphabet,False
922,19,1,19,False,u^19*n^(-s),z*n^(-s),True,True,countable_return_alphabet,False
923,19,1,19,False,u^19*n^(-s),z*n^(-s),True,True,countable_return_alphabet,False
924,19,1,19,False,u^19*n^(-s),z*n^(-s),True,True,countable_return_alphabet,False
925,19,1,19,False,u^19*n^(-s),z*n^(-s),True,True,countable_return_alphabet,False
926,19,1,19,False,u^19*n^(-s),z*n^(-s),True,True,countable_return_alphabet,False
927,19,1,19,False,u^19*n^(-s),z*n^(-s),True,True,countable_return_alphabet,False
928,19,1,19,False,u^19*n^(-s),z*n^(-s),True,True,countable_return_alphabet,False
929,19,1,19,False,u^19*n^(-s),z*n^(-s),True,True,countable_return_alphabet,False
930,19,1,19,False,u^19*n^(-s),z*n^(-s),True,True,countable_return_alphabet,False
931,19,1,19,False,u^19*n^(-s),z*n^(-s),True,True,countable_return_alphabet,False
932,19,1,19,False,u^19*n^(-s),z*n^(-s),True,True,countable_return_alphabet,False
933,19,1,19,False,u^19*n^(-s),z*n^(-s),True,True,countable_return_alphabet,False
934,19,1,19,False,u^19*n^(-s),z*n^(-s),True,True,countable_return_alphabet,False
935,19,1,19,False,u^19*n^(-s),z*n^(-s),True,True,countable_return_alphabet,False
936,19,1,19,False,u^19*n^(-s),z*n^(-s),True,True,countable_return_alphabet,False
937,19,1,19,False,u^19*n^(-s),z*n^(-s),True,True,countable_return_alphabet,False
938,19,1,19,False,u^19*n^(-s),z*n^(-s),True,True,countable_return_alphabet,False
939,19,1,19,False,u^19*n^(-s),z*n^(-s),True,True,countable_return_alphabet,False
940,19,1,19,False,u^19*n^(-s),z*n^(-s),True,True,countable_return_alphabet,False
941,19,1,19,False,u^19*n^(-s),z*n^(-s),True,True,countable_return_alphabet,False
942,19,1,19,False,u^19*n^(-s),z*n^(-s),True,True,countable_return_alphabet,False
943,19,1,19,False,u^19*n^(-s),z*n^(-s),True,True,countable_return_alphabet,False
944,19,1,19,False,u^19*n^(-s),z*n^(-s),True,True,countable_return_alphabet,False
945,19,1,19,False,u^19*n^(-s),z*n^(-s),True,True,countable_return_alphabet,False
946,19,1,19,False,u^19*n^(-s),z*n^(-s),True,True,countable_return_alphabet,False
947,19,1,19,False,u^19*n^(-s),z*n^(-s),True,True,countable_return_alphabet,False
948,19,1,19,False,u^19*n^(-s),z*n^(-s),True,True,countable_return_alphabet,False
949,19,1,19,False,u^19*n^(-s),z*n^(-s),True,True,countable_return_alphabet,False
950,19,1,19,False,u^19*n^(-s),z*n^(-s),True,True,countable_return_alphabet,False
951,19,1,19,False,u^19*n^(-s),z*n^(-s),True,True,countable_return_alphabet,False
952,19,1,19,False,u^19*n^(-s),z*n^(-s),True,True,countable_return_alphabet,False
953,19,1,19,False,u^19*n^(-s),z*n^(-s),True,True,countable_return_alphabet,False
954,19,1,19,False,u^19*n^(-s),z*n^(-s),True,True,countable_return_alphabet,False
955,19,1,19,False,u^19*n^(-s),z*n^(-s),True,True,countable_return_alphabet,False
956,19,1,19,False,u^19*n^(-s),z*n^(-s),True,True,countable_return_alphabet,False
957,19,1,19,False,u^19*n^(-s),z*n^(-s),True,True,countable_return_alphabet,False
958,19,1,19,False,u^19*n^(-s),z*n^(-s),True,True,countable_return_alphabet,False
959,19,1,19,False,u^19*n^(-s),z*n^(-s),True,True,countable_return_alphabet,False
960,19,1,19,False,u^19*n^(-s),z*n^(-s),True,True,countable_return_alphabet,False
961,19,1,19,False,u^19*n^(-s),z*n^(-s),True,True,countable_return_alphabet,False
962,19,1,19,False,u^19*n^(-s),z*n^(-s),True,True,countable_return_alphabet,False
963,19,1,19,False,u^19*n^(-s),z*n^(-s),True,True,countable_return_alphabet,False
964,19,1,19,False,u^19*n^(-s),z*n^(-s),True,True,countable_return_alphabet,False
965,19,1,19,False,u^19*n^(-s),z*n^(-s),True,True,countable_return_alphabet,False
966,19,1,19,False,u^19*n^(-s),z*n^(-s),True,True,countable_return_alphabet,False
967,19,1,19,False,u^19*n^(-s),z*n^(-s),True,True,countable_return_alphabet,False
968,19,1,19,False,u^19*n^(-s),z*n^(-s),True,True,countable_return_alphabet,False
969,19,1,19,False,u^19*n^(-s),z*n^(-s),True,True,countable_return_alphabet,False
970,19,1,19,False,u^19*n^(-s),z*n^(-s),True,True,countable_return_alphabet,False
971,19,1,19,False,u^19*n^(-s),z*n^(-s),True,True,countable_return_alphabet,False
972,19,1,19,False,u^19*n^(-s),z*n^(-s),True,True,countable_return_alphabet,False
973,19,1,19,False,u^19*n^(-s),z*n^(-s),True,True,countable_return_alphabet,False
974,19,1,19,False,u^19*n^(-s),z*n^(-s),True,True,countable_return_alphabet,False
975,19,1,19,False,u^19*n^(-s),z*n^(-s),True,True,countable_return_alphabet,False
976,19,1,19,False,u^19*n^(-s),z*n^(-s),True,True,countable_return_alphabet,False
977,19,1,19,False,u^19*n^(-s),z*n^(-s),True,True,countable_return_alphabet,False
978,19,1,19,False,u^19*n^(-s),z*n^(-s),True,True,countable_return_alphabet,False
979,19,1,19,False,u^19*n^(-s),z*n^(-s),True,True,countable_return_alphabet,False
980,19,1,19,False,u^19*n^(-s),z*n^(-s),True,True,countable_return_alphabet,False
981,19,1,19,False,u^19*n^(-s),z*n^(-s),True,True,countable_return_alphabet,False
982,19,1,19,False,u^19*n^(-s),z*n^(-s),True,True,countable_return_alphabet,False
983,19,1,19,False,u^19*n^(-s),z*n^(-s),True,True,countable_return_alphabet,False
984,19,1,19,False,u^19*n^(-s),z*n^(-s),True,True,countable_return_alphabet,False
985,19,1,19,False,u^19*n^(-s),z*n^(-s),True,True,countable_return_alphabet,False
986,19,1,19,False,u^19*n^(-s),z*n^(-s),True,True,countable_return_alphabet,False
987,19,1,19,False,u^19*n^(-s),z*n^(-s),True,True,countable_return_alphabet,False
988,19,1,19,False,u^19*n^(-s),z*n^(-s),True,True,countable_return_alphabet,False
989,19,1,19,False,u^19*n^(-s),z*n^(-s),True,True,countable_return_alphabet,False
990,19,1,19,False,u^19*n^(-s),z*n^(-s),True,True,countable_return_alphabet,False
991,19,1,19,False,u^19*n^(-s),z*n^(-s),True,True,countable_return_alphabet,False
992,19,1,19,False,u^19*n^(-s),z*n^(-s),True,True,countable_return_alphabet,False
993,19,1,19,False,u^19*n^(-s),z*n^(-s),True,True,countable_return_alphabet,False
994,19,1,19,False,u^19*n^(-s),z*n^(-s),True,True,countable_return_alphabet,False
995,19,1,19,False,u^19*n^(-s),z*n^(-s),True,True,countable_return_alphabet,False
996,19,1,19,False,u^19*n^(-s),z*n^(-s),True,True,countable_return_alphabet,False
997,19,1,19,False,u^19*n^(-s),z*n^(-s),True,True,countable_return_alphabet,False
998,19,1,19,False,u^19*n^(-s),z*n^(-s),True,True,countable_return_alphabet,False
999,19,1,19,False,u^19*n^(-s),z*n^(-s),True,True,countable_return_alphabet,False
1000,19,1,19,False,u^19*n^(-s),z*n^(-s),True,True,countable_return_alphabet,False
1001,19,1,19,False,u^19*n^(-s),z*n^(-s),True,True,countable_return_alphabet,False
1002,19,1,19,False,u^19*n^(-s),z*n^(-s),True,True,countable_return_alphabet,False
1003,19,1,19,False,u^19*n^(-s),z*n^(-s),True,True,countable_return_alphabet,False
1004,19,1,19,False,u^19*n^(-s),z*n^(-s),True,True,countable_return_alphabet,False
1005,19,1,19,False,u^19*n^(-s),z*n^(-s),True,True,countable_return_alphabet,False
1006,19,1,19,False,u^19*n^(-s),z*n^(-s),True,True,countable_return_alphabet,False
1007,19,1,19,False,u^19*n^(-s),z*n^(-s),True,True,countable_return_alphabet,False
1008,19,1,19,False,u^19*n^(-s),z*n^(-s),True,True,countable_return_alphabet,False
1009,19,1,19,False,u^19*n^(-s),z*n^(-s),True,True,countable_return_alphabet,False
1010,19,1,19,False,u^19*n^(-s),z*n^(-s),True,True,countable_return_alphabet,False
1011,19,1,19,False,u^19*n^(-s),z*n^(-s),True,True,countable_return_alphabet,False
1012,19,1,19,False,u^19*n^(-s),z*n^(-s),True,True,countable_return_alphabet,False
1013,19,1,19,False,u^19*n^(-s),z*n^(-s),True,True,countable_return_alphabet,False
1014,19,1,19,False,u^19*n^(-s),z*n^(-s),True,True,countable_return_alphabet,False
1015,19,1,19,False,u^19*n^(-s),z*n^(-s),True,True,countable_return_alphabet,False
1016,19,1,19,False,u^19*n^(-s),z*n^(-s),True,True,countable_return_alphabet,False
1017,19,1,19,False,u^19*n^(-s),z*n^(-s),True,True,countable_return_alphabet,False
1018,19,1,19,False,u^19*n^(-s),z*n^(-s),True,True,countable_return_alphabet,False
1019,19,1,19,False,u^19*n^(-s),z*n^(-s),True,True,countable_return_alphabet,False
1020,19,1,19,False,u^19*n^(-s),z*n^(-s),True,True,countable_return_alphabet,False
1021,19,1,19,False,u^19*n^(-s),z*n^(-s),True,True,countable_return_alphabet,False
1022,19,1,19,False,u^19*n^(-s),z*n^(-s),True,True,countable_return_alphabet,False
1023,19,1,19,False,u^19*n^(-s),z*n^(-s),True,True,countable_return_alphabet,False
1024,21,1,21,False,u^21*n^(-s),z*n^(-s),True,True,countable_return_alphabet,False
1025,21,1,21,False,u^21*n^(-s),z*n^(-s),True,True,countable_return_alphabet,False
1026,21,1,21,False,u^21*n^(-s),z*n^(-s),True,True,countable_return_alphabet,False
1027,21,1,21,False,u^21*n^(-s),z*n^(-s),True,True,countable_return_alphabet,False
1028,21,1,21,False,u^21*n^(-s),z*n^(-s),True,True,countable_return_alphabet,False
1029,21,1,21,False,u^21*n^(-s),z*n^(-s),True,True,countable_return_alphabet,False
1030,21,1,21,False,u^21*n^(-s),z*n^(-s),True,True,countable_return_alphabet,False
1031,21,1,21,False,u^21*n^(-s),z*n^(-s),True,True,countable_return_alphabet,False
1032,21,1,21,False,u^21*n^(-s),z*n^(-s),True,True,countable_return_alphabet,False
1033,21,1,21,False,u^21*n^(-s),z*n^(-s),True,True,countable_return_alphabet,False
1034,21,1,21,False,u^21*n^(-s),z*n^(-s),True,True,countable_return_alphabet,False
1035,21,1,21,False,u^21*n^(-s),z*n^(-s),True,True,countable_return_alphabet,False
1036,21,1,21,False,u^21*n^(-s),z*n^(-s),True,True,countable_return_alphabet,False
1037,21,1,21,False,u^21*n^(-s),z*n^(-s),True,True,countable_return_alphabet,False
1038,21,1,21,False,u^21*n^(-s),z*n^(-s),True,True,countable_return_alphabet,False
1039,21,1,21,False,u^21*n^(-s),z*n^(-s),True,True,countable_return_alphabet,False
1040,21,1,21,False,u^21*n^(-s),z*n^(-s),True,True,countable_return_alphabet,False
1041,21,1,21,False,u^21*n^(-s),z*n^(-s),True,True,countable_return_alphabet,False
1042,21,1,21,False,u^21*n^(-s),z*n^(-s),True,True,countable_return_alphabet,False
1043,21,1,21,False,u^21*n^(-s),z*n^(-s),True,True,countable_return_alphabet,False
1044,21,1,21,False,u^21*n^(-s),z*n^(-s),True,True,countable_return_alphabet,False
1045,21,1,21,False,u^21*n^(-s),z*n^(-s),True,True,countable_return_alphabet,False
1046,21,1,21,False,u^21*n^(-s),z*n^(-s),True,True,countable_return_alphabet,False
1047,21,1,21,False,u^21*n^(-s),z*n^(-s),True,True,countable_return_alphabet,False
1048,21,1,21,False,u^21*n^(-s),z*n^(-s),True,True,countable_return_alphabet,False
1049,21,1,21,False,u^21*n^(-s),z*n^(-s),True,True,countable_return_alphabet,False
1050,21,1,21,False,u^21*n^(-s),z*n^(-s),True,True,countable_return_alphabet,False
1051,21,1,21,False,u^21*n^(-s),z*n^(-s),True,True,countable_return_alphabet,False
1052,21,1,21,False,u^21*n^(-s),z*n^(-s),True,True,countable_return_alphabet,False
1053,21,1,21,False,u^21*n^(-s),z*n^(-s),True,True,countable_return_alphabet,False
1054,21,1,21,False,u^21*n^(-s),z*n^(-s),True,True,countable_return_alphabet,False
1055,21,1,21,False,u^21*n^(-s),z*n^(-s),True,True,countable_return_alphabet,False
1056,21,1,21,False,u^21*n^(-s),z*n^(-s),True,True,countable_return_alphabet,False
1057,21,1,21,False,u^21*n^(-s),z*n^(-s),True,True,countable_return_alphabet,False
1058,21,1,21,False,u^21*n^(-s),z*n^(-s),True,True,countable_return_alphabet,False
1059,21,1,21,False,u^21*n^(-s),z*n^(-s),True,True,countable_return_alphabet,False
1060,21,1,21,False,u^21*n^(-s),z*n^(-s),True,True,countable_return_alphabet,False
1061,21,1,21,False,u^21*n^(-s),z*n^(-s),True,True,countable_return_alphabet,False
1062,21,1,21,False,u^21*n^(-s),z*n^(-s),True,True,countable_return_alphabet,False
1063,21,1,21,False,u^21*n^(-s),z*n^(-s),True,True,countable_return_alphabet,False
1064,21,1,21,False,u^21*n^(-s),z*n^(-s),True,True,countable_return_alphabet,False
1065,21,1,21,False,u^21*n^(-s),z*n^(-s),True,True,countable_return_alphabet,False
1066,21,1,21,False,u^21*n^(-s),z*n^(-s),True,True,countable_return_alphabet,False
1067,21,1,21,False,u^21*n^(-s),z*n^(-s),True,True,countable_return_alphabet,False
1068,21,1,21,False,u^21*n^(-s),z*n^(-s),True,True,countable_return_alphabet,False
1069,21,1,21,False,u^21*n^(-s),z*n^(-s),True,True,countable_return_alphabet,False
1070,21,1,21,False,u^21*n^(-s),z*n^(-s),True,True,countable_return_alphabet,False
1071,21,1,21,False,u^21*n^(-s),z*n^(-s),True,True,countable_return_alphabet,False
1072,21,1,21,False,u^21*n^(-s),z*n^(-s),True,True,countable_return_alphabet,False
1073,21,1,21,False,u^21*n^(-s),z*n^(-s),True,True,countable_return_alphabet,False
1074,21,1,21,False,u^21*n^(-s),z*n^(-s),True,True,countable_return_alphabet,False
1075,21,1,21,False,u^21*n^(-s),z*n^(-s),True,True,countable_return_alphabet,False
1076,21,1,21,False,u^21*n^(-s),z*n^(-s),True,True,countable_return_alphabet,False
1077,21,1,21,False,u^21*n^(-s),z*n^(-s),True,True,countable_return_alphabet,False
1078,21,1,21,False,u^21*n^(-s),z*n^(-s),True,True,countable_return_alphabet,False
1079,21,1,21,False,u^21*n^(-s),z*n^(-s),True,True,countable_return_alphabet,False
1080,21,1,21,False,u^21*n^(-s),z*n^(-s),True,True,countable_return_alphabet,False
1081,21,1,21,False,u^21*n^(-s),z*n^(-s),True,True,countable_return_alphabet,False
1082,21,1,21,False,u^21*n^(-s),z*n^(-s),True,True,countable_return_alphabet,False
1083,21,1,21,False,u^21*n^(-s),z*n^(-s),True,True,countable_return_alphabet,False
1084,21,1,21,False,u^21*n^(-s),z*n^(-s),True,True,countable_return_alphabet,False
1085,21,1,21,False,u^21*n^(-s),z*n^(-s),True,True,countable_return_alphabet,False
1086,21,1,21,False,u^21*n^(-s),z*n^(-s),True,True,countable_return_alphabet,False
1087,21,1,21,False,u^21*n^(-s),z*n^(-s),True,True,countable_return_alphabet,False
1088,21,1,21,False,u^21*n^(-s),z*n^(-s),True,True,countable_return_alphabet,False
1089,21,1,21,False,u^21*n^(-s),z*n^(-s),True,True,countable_return_alphabet,False
1090,21,1,21,False,u^21*n^(-s),z*n^(-s),True,True,countable_return_alphabet,False
1091,21,1,21,False,u^21*n^(-s),z*n^(-s),True,True,countable_return_alphabet,False
1092,21,1,21,False,u^21*n^(-s),z*n^(-s),True,True,countable_return_alphabet,False
1093,21,1,21,False,u^21*n^(-s),z*n^(-s),True,True,countable_return_alphabet,False
1094,21,1,21,False,u^21*n^(-s),z*n^(-s),True,True,countable_return_alphabet,False
1095,21,1,21,False,u^21*n^(-s),z*n^(-s),True,True,countable_return_alphabet,False
1096,21,1,21,False,u^21*n^(-s),z*n^(-s),True,True,countable_return_alphabet,False
1097,21,1,21,False,u^21*n^(-s),z*n^(-s),True,True,countable_return_alphabet,False
1098,21,1,21,False,u^21*n^(-s),z*n^(-s),True,True,countable_return_alphabet,False
1099,21,1,21,False,u^21*n^(-s),z*n^(-s),True,True,countable_return_alphabet,False
1100,21,1,21,False,u^21*n^(-s),z*n^(-s),True,True,countable_return_alphabet,False
1101,21,1,21,False,u^21*n^(-s),z*n^(-s),True,True,countable_return_alphabet,False
1102,21,1,21,False,u^21*n^(-s),z*n^(-s),True,True,countable_return_alphabet,False
1103,21,1,21,False,u^21*n^(-s),z*n^(-s),True,True,countable_return_alphabet,False
1104,21,1,21,False,u^21*n^(-s),z*n^(-s),True,True,countable_return_alphabet,False
1105,21,1,21,False,u^21*n^(-s),z*n^(-s),True,True,countable_return_alphabet,False
1106,21,1,21,False,u^21*n^(-s),z*n^(-s),True,True,countable_return_alphabet,False
1107,21,1,21,False,u^21*n^(-s),z*n^(-s),True,True,countable_return_alphabet,False
1108,21,1,21,False,u^21*n^(-s),z*n^(-s),True,True,countable_return_alphabet,False
1109,21,1,21,False,u^21*n^(-s),z*n^(-s),True,True,countable_return_alphabet,False
1110,21,1,21,False,u^21*n^(-s),z*n^(-s),True,True,countable_return_alphabet,False
1111,21,1,21,False,u^21*n^(-s),z*n^(-s),True,True,countable_return_alphabet,False
1112,21,1,21,False,u^21*n^(-s),z*n^(-s),True,True,countable_return_alphabet,False
1113,21,1,21,False,u^21*n^(-s),z*n^(-s),True,True,countable_return_alphabet,False
1114,21,1,21,False,u^21*n^(-s),z*n^(-s),True,True,countable_return_alphabet,False
1115,21,1,21,False,u^21*n^(-s),z*n^(-s),True,True,countable_return_alphabet,False
1116,21,1,21,False,u^21*n^(-s),z*n^(-s),True,True,countable_return_alphabet,False
1117,21,1,21,False,u^21*n^(-s),z*n^(-s),True,True,countable_return_alphabet,False
1118,21,1,21,False,u^21*n^(-s),z*n^(-s),True,True,countable_return_alphabet,False
1119,21,1,21,False,u^21*n^(-s),z*n^(-s),True,True,countable_return_alphabet,False
1120,21,1,21,False,u^21*n^(-s),z*n^(-s),True,True,countable_return_alphabet,False
1121,21,1,21,False,u^21*n^(-s),z*n^(-s),True,True,countable_return_alphabet,False
1122,21,1,21,False,u^21*n^(-s),z*n^(-s),True,True,countable_return_alphabet,False
1123,21,1,21,False,u^21*n^(-s),z*n^(-s),True,True,countable_return_alphabet,False
1124,21,1,21,False,u^21*n^(-s),z*n^(-s),True,True,countable_return_alphabet,False
1125,21,1,21,False,u^21*n^(-s),z*n^(-s),True,True,countable_return_alphabet,False
1126,21,1,21,False,u^21*n^(-s),z*n^(-s),True,True,countable_return_alphabet,False
1127,21,1,21,False,u^21*n^(-s),z*n^(-s),True,True,countable_return_alphabet,False
1128,21,1,21,False,u^21*n^(-s),z*n^(-s),True,True,countable_return_alphabet,False
1129,21,1,21,False,u^21*n^(-s),z*n^(-s),True,True,countable_return_alphabet,False
1130,21,1,21,False,u^21*n^(-s),z*n^(-s),True,True,countable_return_alphabet,False
1131,21,1,21,False,u^21*n^(-s),z*n^(-s),True,True,countable_return_alphabet,False
1132,21,1,21,False,u^21*n^(-s),z*n^(-s),True,True,countable_return_alphabet,False
1133,21,1,21,False,u^21*n^(-s),z*n^(-s),True,True,countable_return_alphabet,False
1134,21,1,21,False,u^21*n^(-s),z*n^(-s),True,True,countable_return_alphabet,False
1135,21,1,21,False,u^21*n^(-s),z*n^(-s),True,True,countable_return_alphabet,False
1136,21,1,21,False,u^21*n^(-s),z*n^(-s),True,True,countable_return_alphabet,False
1137,21,1,21,False,u^21*n^(-s),z*n^(-s),True,True,countable_return_alphabet,False
1138,21,1,21,False,u^21*n^(-s),z*n^(-s),True,True,countable_return_alphabet,False
1139,21,1,21,False,u^21*n^(-s),z*n^(-s),True,True,countable_return_alphabet,False
1140,21,1,21,False,u^21*n^(-s),z*n^(-s),True,True,countable_return_alphabet,False
1141,21,1,21,False,u^21*n^(-s),z*n^(-s),True,True,countable_return_alphabet,False
1142,21,1,21,False,u^21*n^(-s),z*n^(-s),True,True,countable_return_alphabet,False
1143,21,1,21,False,u^21*n^(-s),z*n^(-s),True,True,countable_return_alphabet,False
1144,21,1,21,False,u^21*n^(-s),z*n^(-s),True,True,countable_return_alphabet,False
1145,21,1,21,False,u^21*n^(-s),z*n^(-s),True,True,countable_return_alphabet,False
1146,21,1,21,False,u^21*n^(-s),z*n^(-s),True,True,countable_return_alphabet,False
1147,21,1,21,False,u^21*n^(-s),z*n^(-s),True,True,countable_return_alphabet,False
1148,21,1,21,False,u^21*n^(-s),z*n^(-s),True,True,countable_return_alphabet,False
1149,21,1,21,False,u^21*n^(-s),z*n^(-s),True,True,countable_return_alphabet,False
1150,21,1,21,False,u^21*n^(-s),z*n^(-s),True,True,countable_return_alphabet,False
1151,21,1,21,False,u^21*n^(-s),z*n^(-s),True,True,countable_return_alphabet,False
1152,21,1,21,False,u^21*n^(-s),z*n^(-s),True,True,countable_return_alphabet,False
1153,21,1,21,False,u^21*n^(-s),z*n^(-s),True,True,countable_return_alphabet,False
1154,21,1,21,False,u^21*n^(-s),z*n^(-s),True,True,countable_return_alphabet,False
1155,21,1,21,False,u^21*n^(-s),z*n^(-s),True,True,countable_return_alphabet,False
1156,21,1,21,False,u^21*n^(-s),z*n^(-s),True,True,countable_return_alphabet,False
1157,21,1,21,False,u^21*n^(-s),z*n^(-s),True,True,countable_return_alphabet,False
1158,21,1,21,False,u^21*n^(-s),z*n^(-s),True,True,countable_return_alphabet,False
1159,21,1,21,False,u^21*n^(-s),z*n^(-s),True,True,countable_return_alphabet,False
1160,21,1,21,False,u^21*n^(-s),z*n^(-s),True,True,countable_return_alphabet,False
1161,21,1,21,False,u^21*n^(-s),z*n^(-s),True,True,countable_return_alphabet,False
1162,21,1,21,False,u^21*n^(-s),z*n^(-s),True,True,countable_return_alphabet,False
1163,21,1,21,False,u^21*n^(-s),z*n^(-s),True,True,countable_return_alphabet,False
1164,21,1,21,False,u^21*n^(-s),z*n^(-s),True,True,countable_return_alphabet,False
1165,21,1,21,False,u^21*n^(-s),z*n^(-s),True,True,countable_return_alphabet,False
1166,21,1,21,False,u^21*n^(-s),z*n^(-s),True,True,countable_return_alphabet,False
1167,21,1,21,False,u^21*n^(-s),z*n^(-s),True,True,countable_return_alphabet,False
1168,21,1,21,False,u^21*n^(-s),z*n^(-s),True,True,countable_return_alphabet,False
1169,21,1,21,False,u^21*n^(-s),z*n^(-s),True,True,countable_return_alphabet,False
1170,21,1,21,False,u^21*n^(-s),z*n^(-s),True,True,countable_return_alphabet,False
1171,21,1,21,False,u^21*n^(-s),z*n^(-s),True,True,countable_return_alphabet,False
1172,21,1,21,False,u^21*n^(-s),z*n^(-s),True,True,countable_return_alphabet,False
1173,21,1,21,False,u^21*n^(-s),z*n^(-s),True,True,countable_return_alphabet,False
1174,21,1,21,False,u^21*n^(-s),z*n^(-s),True,True,countable_return_alphabet,False
1175,21,1,21,False,u^21*n^(-s),z*n^(-s),True,True,countable_return_alphabet,False
1176,21,1,21,False,u^21*n^(-s),z*n^(-s),True,True,countable_return_alphabet,False
1177,21,1,21,False,u^21*n^(-s),z*n^(-s),True,True,countable_return_alphabet,False
1178,21,1,21,False,u^21*n^(-s),z*n^(-s),True,True,countable_return_alphabet,False
1179,21,1,21,False,u^21*n^(-s),z*n^(-s),True,True,countable_return_alphabet,False
1180,21,1,21,False,u^21*n^(-s),z*n^(-s),True,True,countable_return_alphabet,False
1181,21,1,21,False,u^21*n^(-s),z*n^(-s),True,True,countable_return_alphabet,False
1182,21,1,21,False,u^21*n^(-s),z*n^(-s),True,True,countable_return_alphabet,False
1183,21,1,21,False,u^21*n^(-s),z*n^(-s),True,True,countable_return_alphabet,False
1184,21,1,21,False,u^21*n^(-s),z*n^(-s),True,True,countable_return_alphabet,False
1185,21,1,21,False,u^21*n^(-s),z*n^(-s),True,True,countable_return_alphabet,False
1186,21,1,21,False,u^21*n^(-s),z*n^(-s),True,True,countable_return_alphabet,False
1187,21,1,21,False,u^21*n^(-s),z*n^(-s),True,True,countable_return_alphabet,False
1188,21,1,21,False,u^21*n^(-s),z*n^(-s),True,True,countable_return_alphabet,False
1189,21,1,21,False,u^21*n^(-s),z*n^(-s),True,True,countable_return_alphabet,False
1190,21,1,21,False,u^21*n^(-s),z*n^(-s),True,True,countable_return_alphabet,False
1191,21,1,21,False,u^21*n^(-s),z*n^(-s),True,True,countable_return_alphabet,False
1192,21,1,21,False,u^21*n^(-s),z*n^(-s),True,True,countable_return_alphabet,False
1193,21,1,21,False,u^21*n^(-s),z*n^(-s),True,True,countable_return_alphabet,False
1194,21,1,21,False,u^21*n^(-s),z*n^(-s),True,True,countable_return_alphabet,False
1195,21,1,21,False,u^21*n^(-s),z*n^(-s),True,True,countable_return_alphabet,False
1196,21,1,21,False,u^21*n^(-s),z*n^(-s),True,True,countable_return_alphabet,False
1197,21,1,21,False,u^21*n^(-s),z*n^(-s),True,True,countable_return_alphabet,False
1198,21,1,21,False,u^21*n^(-s),z*n^(-s),True,True,countable_return_alphabet,False
1199,21,1,21,False,u^21*n^(-s),z*n^(-s),True,True,countable_return_alphabet,False
1200,21,1,21,False,u^21*n^(-s),z*n^(-s),True,True,countable_return_alphabet,False
1201,21,1,21,False,u^21*n^(-s),z*n^(-s),True,True,countable_return_alphabet,False
1202,21,1,21,False,u^21*n^(-s),z*n^(-s),True,True,countable_return_alphabet,False
1203,21,1,21,False,u^21*n^(-s),z*n^(-s),True,True,countable_return_alphabet,False
1204,21,1,21,False,u^21*n^(-s),z*n^(-s),True,True,countable_return_alphabet,False
1205,21,1,21,False,u^21*n^(-s),z*n^(-s),True,True,countable_return_alphabet,False
1206,21,1,21,False,u^21*n^(-s),z*n^(-s),True,True,countable_return_alphabet,False
1207,21,1,21,False,u^21*n^(-s),z*n^(-s),True,True,countable_return_alphabet,False
1208,21,1,21,False,u^21*n^(-s),z*n^(-s),True,True,countable_return_alphabet,False
1209,21,1,21,False,u^21*n^(-s),z*n^(-s),True,True,countable_return_alphabet,False
1210,21,1,21,False,u^21*n^(-s),z*n^(-s),True,True,countable_return_alphabet,False
1211,21,1,21,False,u^21*n^(-s),z*n^(-s),True,True,countable_return_alphabet,False
1212,21,1,21,False,u^21*n^(-s),z*n^(-s),True,True,countable_return_alphabet,False
1213,21,1,21,False,u^21*n^(-s),z*n^(-s),True,True,countable_return_alphabet,False
1214,21,1,21,False,u^21*n^(-s),z*n^(-s),True,True,countable_return_alphabet,False
1215,21,1,21,False,u^21*n^(-s),z*n^(-s),True,True,countable_return_alphabet,False
1216,21,1,21,False,u^21*n^(-s),z*n^(-s),True,True,countable_return_alphabet,False
1217,21,1,21,False,u^21*n^(-s),z*n^(-s),True,True,countable_return_alphabet,False
1218,21,1,21,False,u^21*n^(-s),z*n^(-s),True,True,countable_return_alphabet,False
1219,21,1,21,False,u^21*n^(-s),z*n^(-s),True,True,countable_return_alphabet,False
1220,21,1,21,False,u^21*n^(-s),z*n^(-s),True,True,countable_return_alphabet,False
1221,21,1,21,False,u^21*n^(-s),z*n^(-s),True,True,countable_return_alphabet,False
1222,21,1,21,False,u^21*n^(-s),z*n^(-s),True,True,countable_return_alphabet,False
1223,21,1,21,False,u^21*n^(-s),z*n^(-s),True,True,countable_return_alphabet,False
1224,21,1,21,False,u^21*n^(-s),z*n^(-s),True,True,countable_return_alphabet,False
1225,21,1,21,False,u^21*n^(-s),z*n^(-s),True,True,countable_return_alphabet,False
1226,21,1,21,False,u^21*n^(-s),z*n^(-s),True,True,countable_return_alphabet,False
1227,21,1,21,False,u^21*n^(-s),z*n^(-s),True,True,countable_return_alphabet,False
1228,21,1,21,False,u^21*n^(-s),z*n^(-s),True,True,countable_return_alphabet,False
1229,21,1,21,False,u^21*n^(-s),z*n^(-s),True,True,countable_return_alphabet,False
1230,21,1,21,False,u^21*n^(-s),z*n^(-s),True,True,countable_return_alphabet,False
1231,21,1,21,False,u^21*n^(-s),z*n^(-s),True,True,countable_return_alphabet,False
1232,21,1,21,False,u^21*n^(-s),z*n^(-s),True,True,countable_return_alphabet,False
1233,21,1,21,False,u^21*n^(-s),z*n^(-s),True,True,countable_return_alphabet,False
1234,21,1,21,False,u^21*n^(-s),z*n^(-s),True,True,countable_return_alphabet,False
1235,21,1,21,False,u^21*n^(-s),z*n^(-s),True,True,countable_return_alphabet,False
1236,21,1,21,False,u^21*n^(-s),z*n^(-s),True,True,countable_return_alphabet,False
1237,21,1,21,False,u^21*n^(-s),z*n^(-s),True,True,countable_return_alphabet,False
1238,21,1,21,False,u^21*n^(-s),z*n^(-s),True,True,countable_return_alphabet,False
1239,21,1,21,False,u^21*n^(-s),z*n^(-s),True,True,countable_return_alphabet,False
1240,21,1,21,False,u^21*n^(-s),z*n^(-s),True,True,countable_return_alphabet,False
1241,21,1,21,False,u^21*n^(-s),z*n^(-s),True,True,countable_return_alphabet,False
1242,21,1,21,False,u^21*n^(-s),z*n^(-s),True,True,countable_return_alphabet,False
1243,21,1,21,False,u^21*n^(-s),z*n^(-s),True,True,countable_return_alphabet,False
1244,21,1,21,False,u^21*n^(-s),z*n^(-s),True,True,countable_return_alphabet,False
1245,21,1,21,False,u^21*n^(-s),z*n^(-s),True,True,countable_return_alphabet,False
1246,21,1,21,False,u^21*n^(-s),z*n^(-s),True,True,countable_return_alphabet,False
1247,21,1,21,False,u^21*n^(-s),z*n^(-s),True,True,countable_return_alphabet,False
1248,21,1,21,False,u^21*n^(-s),z*n^(-s),True,True,countable_return_alphabet,False
1249,21,1,21,False,u^21*n^(-s),z*n^(-s),True,True,countable_return_alphabet,False
1250,21,1,21,False,u^21*n^(-s),z*n^(-s),True,True,countable_return_alphabet,False
1251,21,1,21,False,u^21*n^(-s),z*n^(-s),True,True,countable_return_alphabet,False
1252,21,1,21,False,u^21*n^(-s),z*n^(-s),True,True,countable_return_alphabet,False
1253,21,1,21,False,u^21*n^(-s),z*n^(-s),True,True,countable_return_alphabet,False
1254,21,1,21,False,u^21*n^(-s),z*n^(-s),True,True,countable_return_alphabet,False
1255,21,1,21,False,u^21*n^(-s),z*n^(-s),True,True,countable_return_alphabet,False
1256,21,1,21,False,u^21*n^(-s),z*n^(-s),True,True,countable_return_alphabet,False
1257,21,1,21,False,u^21*n^(-s),z*n^(-s),True,True,countable_return_alphabet,False
1258,21,1,21,False,u^21*n^(-s),z*n^(-s),True,True,countable_return_alphabet,False
1259,21,1,21,False,u^21*n^(-s),z*n^(-s),True,True,countable_return_alphabet,False
1260,21,1,21,False,u^21*n^(-s),z*n^(-s),True,True,countable_return_alphabet,False
1261,21,1,21,False,u^21*n^(-s),z*n^(-s),True,True,countable_return_alphabet,False
1262,21,1,21,False,u^21*n^(-s),z*n^(-s),True,True,countable_return_alphabet,False
1263,21,1,21,False,u^21*n^(-s),z*n^(-s),True,True,countable_return_alphabet,False
1264,21,1,21,False,u^21*n^(-s),z*n^(-s),True,True,countable_return_alphabet,False
1265,21,1,21,False,u^21*n^(-s),z*n^(-s),True,True,countable_return_alphabet,False
1266,21,1,21,False,u^21*n^(-s),z*n^(-s),True,True,countable_return_alphabet,False
1267,21,1,21,False,u^21*n^(-s),z*n^(-s),True,True,countable_return_alphabet,False
1268,21,1,21,False,u^21*n^(-s),z*n^(-s),True,True,countable_return_alphabet,False
1269,21,1,21,False,u^21*n^(-s),z*n^(-s),True,True,countable_return_alphabet,False
1270,21,1,21,False,u^21*n^(-s),z*n^(-s),True,True,countable_return_alphabet,False
1271,21,1,21,False,u^21*n^(-s),z*n^(-s),True,True,countable_return_alphabet,False
1272,21,1,21,False,u^21*n^(-s),z*n^(-s),True,True,countable_return_alphabet,False
1273,21,1,21,False,u^21*n^(-s),z*n^(-s),True,True,countable_return_alphabet,False
1274,21,1,21,False,u^21*n^(-s),z*n^(-s),True,True,countable_return_alphabet,False
1275,21,1,21,False,u^21*n^(-s),z*n^(-s),True,True,countable_return_alphabet,False
1276,21,1,21,False,u^21*n^(-s),z*n^(-s),True,True,countable_return_alphabet,False
1277,21,1,21,False,u^21*n^(-s),z*n^(-s),True,True,countable_return_alphabet,False
1278,21,1,21,False,u^21*n^(-s),z*n^(-s),True,True,countable_return_alphabet,False
1279,21,1,21,False,u^21*n^(-s),z*n^(-s),True,True,countable_return_alphabet,False
1280,21,1,21,False,u^21*n^(-s),z*n^(-s),True,True,countable_return_alphabet,False
1281,21,1,21,False,u^21*n^(-s),z*n^(-s),True,True,countable_return_alphabet,False
1282,21,1,21,False,u^21*n^(-s),z*n^(-s),True,True,countable_return_alphabet,False
1283,21,1,21,False,u^21*n^(-s),z*n^(-s),True,True,countable_return_alphabet,False
1284,21,1,21,False,u^21*n^(-s),z*n^(-s),True,True,countable_return_alphabet,False
1285,21,1,21,False,u^21*n^(-s),z*n^(-s),True,True,countable_return_alphabet,False
1286,21,1,21,False,u^21*n^(-s),z*n^(-s),True,True,countable_return_alphabet,False
1287,21,1,21,False,u^21*n^(-s),z*n^(-s),True,True,countable_return_alphabet,False
1288,21,1,21,False,u^21*n^(-s),z*n^(-s),True,True,countable_return_alphabet,False
1289,21,1,21,False,u^21*n^(-s),z*n^(-s),True,True,countable_return_alphabet,False
1290,21,1,21,False,u^21*n^(-s),z*n^(-s),True,True,countable_return_alphabet,False
1291,21,1,21,False,u^21*n^(-s),z*n^(-s),True,True,countable_return_alphabet,False
1292,21,1,21,False,u^21*n^(-s),z*n^(-s),True,True,countable_return_alphabet,False
1293,21,1,21,False,u^21*n^(-s),z*n^(-s),True,True,countable_return_alphabet,False
1294,21,1,21,False,u^21*n^(-s),z*n^(-s),True,True,countable_return_alphabet,False
1295,21,1,21,False,u^21*n^(-s),z*n^(-s),True,True,countable_return_alphabet,False
1296,21,1,21,False,u^21*n^(-s),z*n^(-s),True,True,countable_return_alphabet,False
1297,21,1,21,False,u^21*n^(-s),z*n^(-s),True,True,countable_return_alphabet,False
1298,21,1,21,False,u^21*n^(-s),z*n^(-s),True,True,countable_return_alphabet,False
1299,21,1,21,False,u^21*n^(-s),z*n^(-s),True,True,countable_return_alphabet,False
1300,21,1,21,False,u^21*n^(-s),z*n^(-s),True,True,countable_return_alphabet,False
1301,21,1,21,False,u^21*n^(-s),z*n^(-s),True,True,countable_return_alphabet,False
1302,21,1,21,False,u^21*n^(-s),z*n^(-s),True,True,countable_return_alphabet,False
1303,21,1,21,False,u^21*n^(-s),z*n^(-s),True,True,countable_return_alphabet,False
1304,21,1,21,False,u^21*n^(-s),z*n^(-s),True,True,countable_return_alphabet,False
1305,21,1,21,False,u^21*n^(-s),z*n^(-s),True,True,countable_return_alphabet,False
1306,21,1,21,False,u^21*n^(-s),z*n^(-s),True,True,countable_return_alphabet,False
1307,21,1,21,False,u^21*n^(-s),z*n^(-s),True,True,countable_return_alphabet,False
1308,21,1,21,False,u^21*n^(-s),z*n^(-s),True,True,countable_return_alphabet,False
1309,21,1,21,False,u^21*n^(-s),z*n^(-s),True,True,countable_return_alphabet,False
1310,21,1,21,False,u^21*n^(-s),z*n^(-s),True,True,countable_return_alphabet,False
1311,21,1,21,False,u^21*n^(-s),z*n^(-s),True,True,countable_return_alphabet,False
1312,21,1,21,False,u^21*n^(-s),z*n^(-s),True,True,countable_return_alphabet,False
1313,21,1,21,False,u^21*n^(-s),z*n^(-s),True,True,countable_return_alphabet,False
1314,21,1,21,False,u^21*n^(-s),z*n^(-s),True,True,countable_return_alphabet,False
1315,21,1,21,False,u^21*n^(-s),z*n^(-s),True,True,countable_return_alphabet,False
1316,21,1,21,False,u^21*n^(-s),z*n^(-s),True,True,countable_return_alphabet,False
1317,21,1,21,False,u^21*n^(-s),z*n^(-s),True,True,countable_return_alphabet,False
1318,21,1,21,False,u^21*n^(-s),z*n^(-s),True,True,countable_return_alphabet,False
1319,21,1,21,False,u^21*n^(-s),z*n^(-s),True,True,countable_return_alphabet,False
1320,21,1,21,False,u^21*n^(-s),z*n^(-s),True,True,countable_return_alphabet,False
1321,21,1,21,False,u^21*n^(-s),z*n^(-s),True,True,countable_return_alphabet,False
1322,21,1,21,False,u^21*n^(-s),z*n^(-s),True,True,countable_return_alphabet,False
1323,21,1,21,False,u^21*n^(-s),z*n^(-s),True,True,countable_return_alphabet,False
1324,21,1,21,False,u^21*n^(-s),z*n^(-s),True,True,countable_return_alphabet,False
1325,21,1,21,False,u^21*n^(-s),z*n^(-s),True,True,countable_return_alphabet,False
1326,21,1,21,False,u^21*n^(-s),z*n^(-s),True,True,countable_return_alphabet,False
1327,21,1,21,False,u^21*n^(-s),z*n^(-s),True,True,countable_return_alphabet,False
1328,21,1,21,False,u^21*n^(-s),z*n^(-s),True,True,countable_return_alphabet,False
1329,21,1,21,False,u^21*n^(-s),z*n^(-s),True,True,countable_return_alphabet,False
1330,21,1,21,False,u^21*n^(-s),z*n^(-s),True,True,countable_return_alphabet,False
1331,21,1,21,False,u^21*n^(-s),z*n^(-s),True,True,countable_return_alphabet,False
1332,21,1,21,False,u^21*n^(-s),z*n^(-s),True,True,countable_return_alphabet,False
1333,21,1,21,False,u^21*n^(-s),z*n^(-s),True,True,countable_return_alphabet,False
1334,21,1,21,False,u^21*n^(-s),z*n^(-s),True,True,countable_return_alphabet,False
1335,21,1,21,False,u^21*n^(-s),z*n^(-s),True,True,countable_return_alphabet,False
1336,21,1,21,False,u^21*n^(-s),z*n^(-s),True,True,countable_return_alphabet,False
1337,21,1,21,False,u^21*n^(-s),z*n^(-s),True,True,countable_return_alphabet,False
1338,21,1,21,False,u^21*n^(-s),z*n^(-s),True,True,countable_return_alphabet,False
1339,21,1,21,False,u^21*n^(-s),z*n^(-s),True,True,countable_return_alphabet,False
1340,21,1,21,False,u^21*n^(-s),z*n^(-s),True,True,countable_return_alphabet,False
1341,21,1,21,False,u^21*n^(-s),z*n^(-s),True,True,countable_return_alphabet,False
1342,21,1,21,False,u^21*n^(-s),z*n^(-s),True,True,countable_return_alphabet,False
1343,21,1,21,False,u^21*n^(-s),z*n^(-s),True,True,countable_return_alphabet,False
1344,21,1,21,False,u^21*n^(-s),z*n^(-s),True,True,countable_return_alphabet,False
1345,21,1,21,False,u^21*n^(-s),z*n^(-s),True,True,countable_return_alphabet,False
1346,21,1,21,False,u^21*n^(-s),z*n^(-s),True,True,countable_return_alphabet,False
1347,21,1,21,False,u^21*n^(-s),z*n^(-s),True,True,countable_return_alphabet,False
1348,21,1,21,False,u^21*n^(-s),z*n^(-s),True,True,countable_return_alphabet,False
1349,21,1,21,False,u^21*n^(-s),z*n^(-s),True,True,countable_return_alphabet,False
1350,21,1,21,False,u^21*n^(-s),z*n^(-s),True,True,countable_return_alphabet,False
1351,21,1,21,False,u^21*n^(-s),z*n^(-s),True,True,countable_return_alphabet,False
1352,21,1,21,False,u^21*n^(-s),z*n^(-s),True,True,countable_return_alphabet,False
1353,21,1,21,False,u^21*n^(-s),z*n^(-s),True,True,countable_return_alphabet,False
1354,21,1,21,False,u^21*n^(-s),z*n^(-s),True,True,countable_return_alphabet,False
1355,21,1,21,False,u^21*n^(-s),z*n^(-s),True,True,countable_return_alphabet,False
1356,21,1,21,False,u^21*n^(-s),z*n^(-s),True,True,countable_return_alphabet,False
1357,21,1,21,False,u^21*n^(-s),z*n^(-s),True,True,countable_return_alphabet,False
1358,21,1,21,False,u^21*n^(-s),z*n^(-s),True,True,countable_return_alphabet,False
1359,21,1,21,False,u^21*n^(-s),z*n^(-s),True,True,countable_return_alphabet,False
1360,21,1,21,False,u^21*n^(-s),z*n^(-s),True,True,countable_return_alphabet,False
1361,21,1,21,False,u^21*n^(-s),z*n^(-s),True,True,countable_return_alphabet,False
1362,21,1,21,False,u^21*n^(-s),z*n^(-s),True,True,countable_return_alphabet,False
1363,21,1,21,False,u^21*n^(-s),z*n^(-s),True,True,countable_return_alphabet,False
1364,21,1,21,False,u^21*n^(-s),z*n^(-s),True,True,countable_return_alphabet,False
1365,21,1,21,False,u^21*n^(-s),z*n^(-s),True,True,countable_return_alphabet,False
1366,21,1,21,False,u^21*n^(-s),z*n^(-s),True,True,countable_return_alphabet,False
1367,21,1,21,False,u^21*n^(-s),z*n^(-s),True,True,countable_return_alphabet,False
1368,21,1,21,False,u^21*n^(-s),z*n^(-s),True,True,countable_return_alphabet,False
1369,21,1,21,False,u^21*n^(-s),z*n^(-s),True,True,countable_return_alphabet,False
1370,21,1,21,False,u^21*n^(-s),z*n^(-s),True,True,countable_return_alphabet,False
1371,21,1,21,False,u^21*n^(-s),z*n^(-s),True,True,countable_return_alphabet,False
1372,21,1,21,False,u^21*n^(-s),z*n^(-s),True,True,countable_return_alphabet,False
1373,21,1,21,False,u^21*n^(-s),z*n^(-s),True,True,countable_return_alphabet,False
1374,21,1,21,False,u^21*n^(-s),z*n^(-s),True,True,countable_return_alphabet,False
1375,21,1,21,False,u^21*n^(-s),z*n^(-s),True,True,countable_return_alphabet,False
1376,21,1,21,False,u^21*n^(-s),z*n^(-s),True,True,countable_return_alphabet,False
1377,21,1,21,False,u^21*n^(-s),z*n^(-s),True,True,countable_return_alphabet,False
1378,21,1,21,False,u^21*n^(-s),z*n^(-s),True,True,countable_return_alphabet,False
1379,21,1,21,False,u^21*n^(-s),z*n^(-s),True,True,countable_return_alphabet,False
1380,21,1,21,False,u^21*n^(-s),z*n^(-s),True,True,countable_return_alphabet,False
1381,21,1,21,False,u^21*n^(-s),z*n^(-s),True,True,countable_return_alphabet,False
1382,21,1,21,False,u^21*n^(-s),z*n^(-s),True,True,countable_return_alphabet,False
1383,21,1,21,False,u^21*n^(-s),z*n^(-s),True,True,countable_return_alphabet,False
1384,21,1,21,False,u^21*n^(-s),z*n^(-s),True,True,countable_return_alphabet,False
1385,21,1,21,False,u^21*n^(-s),z*n^(-s),True,True,countable_return_alphabet,False
1386,21,1,21,False,u^21*n^(-s),z*n^(-s),True,True,countable_return_alphabet,False
1387,21,1,21,False,u^21*n^(-s),z*n^(-s),True,True,countable_return_alphabet,False
1388,21,1,21,False,u^21*n^(-s),z*n^(-s),True,True,countable_return_alphabet,False
1389,21,1,21,False,u^21*n^(-s),z*n^(-s),True,True,countable_return_alphabet,False
1390,21,1,21,False,u^21*n^(-s),z*n^(-s),True,True,countable_return_alphabet,False
1391,21,1,21,False,u^21*n^(-s),z*n^(-s),True,True,countable_return_alphabet,False
1392,21,1,21,False,u^21*n^(-s),z*n^(-s),True,True,countable_return_alphabet,False
1393,21,1,21,False,u^21*n^(-s),z*n^(-s),True,True,countable_return_alphabet,False
1394,21,1,21,False,u^21*n^(-s),z*n^(-s),True,True,countable_return_alphabet,False
1395,21,1,21,False,u^21*n^(-s),z*n^(-s),True,True,countable_return_alphabet,False
1396,21,1,21,False,u^21*n^(-s),z*n^(-s),True,True,countable_return_alphabet,False
1397,21,1,21,False,u^21*n^(-s),z*n^(-s),True,True,countable_return_alphabet,False
1398,21,1,21,False,u^21*n^(-s),z*n^(-s),True,True,countable_return_alphabet,False
1399,21,1,21,False,u^21*n^(-s),z*n^(-s),True,True,countable_return_alphabet,False
1400,21,1,21,False,u^21*n^(-s),z*n^(-s),True,True,countable_return_alphabet,False
1401,21,1,21,False,u^21*n^(-s),z*n^(-s),True,True,countable_return_alphabet,False
1402,21,1,21,False,u^21*n^(-s),z*n^(-s),True,True,countable_return_alphabet,False
1403,21,1,21,False,u^21*n^(-s),z*n^(-s),True,True,countable_return_alphabet,False
1404,21,1,21,False,u^21*n^(-s),z*n^(-s),True,True,countable_return_alphabet,False
1405,21,1,21,False,u^21*n^(-s),z*n^(-s),True,True,countable_return_alphabet,False
1406,21,1,21,False,u^21*n^(-s),z*n^(-s),True,True,countable_return_alphabet,False
1407,21,1,21,False,u^21*n^(-s),z*n^(-s),True,True,countable_return_alphabet,False
1408,21,1,21,False,u^21*n^(-s),z*n^(-s),True,True,countable_return_alphabet,False
1409,21,1,21,False,u^21*n^(-s),z*n^(-s),True,True,countable_return_alphabet,False
1410,21,1,21,False,u^21*n^(-s),z*n^(-s),True,True,countable_return_alphabet,False
1411,21,1,21,False,u^21*n^(-s),z*n^(-s),True,True,countable_return_alphabet,False
1412,21,1,21,False,u^21*n^(-s),z*n^(-s),True,True,countable_return_alphabet,False
1413,21,1,21,False,u^21*n^(-s),z*n^(-s),True,True,countable_return_alphabet,False
1414,21,1,21,False,u^21*n^(-s),z*n^(-s),True,True,countable_return_alphabet,False
1415,21,1,21,False,u^21*n^(-s),z*n^(-s),True,True,countable_return_alphabet,False
1416,21,1,21,False,u^21*n^(-s),z*n^(-s),True,True,countable_return_alphabet,False
1417,21,1,21,False,u^21*n^(-s),z*n^(-s),True,True,countable_return_alphabet,False
1418,21,1,21,False,u^21*n^(-s),z*n^(-s),True,True,countable_return_alphabet,False
1419,21,1,21,False,u^21*n^(-s),z*n^(-s),True,True,countable_return_alphabet,False
1420,21,1,21,False,u^21*n^(-s),z*n^(-s),True,True,countable_return_alphabet,False
1421,21,1,21,False,u^21*n^(-s),z*n^(-s),True,True,countable_return_alphabet,False
1422,21,1,21,False,u^21*n^(-s),z*n^(-s),True,True,countable_return_alphabet,False
1423,21,1,21,False,u^21*n^(-s),z*n^(-s),True,True,countable_return_alphabet,False
1424,21,1,21,False,u^21*n^(-s),z*n^(-s),True,True,countable_return_alphabet,False
1425,21,1,21,False,u^21*n^(-s),z*n^(-s),True,True,countable_return_alphabet,False
1426,21,1,21,False,u^21*n^(-s),z*n^(-s),True,True,countable_return_alphabet,False
1427,21,1,21,False,u^21*n^(-s),z*n^(-s),True,True,countable_return_alphabet,False
1428,21,1,21,False,u^21*n^(-s),z*n^(-s),True,True,countable_return_alphabet,False
1429,21,1,21,False,u^21*n^(-s),z*n^(-s),True,True,countable_return_alphabet,False
1430,21,1,21,False,u^21*n^(-s),z*n^(-s),True,True,countable_return_alphabet,False
1431,21,1,21,False,u^21*n^(-s),z*n^(-s),True,True,countable_return_alphabet,False
1432,21,1,21,False,u^21*n^(-s),z*n^(-s),True,True,countable_return_alphabet,False
1433,21,1,21,False,u^21*n^(-s),z*n^(-s),True,True,countable_return_alphabet,False
1434,21,1,21,False,u^21*n^(-s),z*n^(-s),True,True,countable_return_alphabet,False
1435,21,1,21,False,u^21*n^(-s),z*n^(-s),True,True,countable_return_alphabet,False
1436,21,1,21,False,u^21*n^(-s),z*n^(-s),True,True,countable_return_alphabet,False
1437,21,1,21,False,u^21*n^(-s),z*n^(-s),True,True,countable_return_alphabet,False
1438,21,1,21,False,u^21*n^(-s),z*n^(-s),True,True,countable_return_alphabet,False
1439,21,1,21,False,u^21*n^(-s),z*n^(-s),True,True,countable_return_alphabet,False
1440,21,1,21,False,u^21*n^(-s),z*n^(-s),True,True,countable_return_alphabet,False
1441,21,1,21,False,u^21*n^(-s),z*n^(-s),True,True,countable_return_alphabet,False
1442,21,1,21,False,u^21*n^(-s),z*n^(-s),True,True,countable_return_alphabet,False
1443,21,1,21,False,u^21*n^(-s),z*n^(-s),True,True,countable_return_alphabet,False
1444,21,1,21,False,u^21*n^(-s),z*n^(-s),True,True,countable_return_alphabet,False
1445,21,1,21,False,u^21*n^(-s),z*n^(-s),True,True,countable_return_alphabet,False
1446,21,1,21,False,u^21*n^(-s),z*n^(-s),True,True,countable_return_alphabet,False
1447,21,1,21,False,u^21*n^(-s),z*n^(-s),True,True,countable_return_alphabet,False
1448,21,1,21,False,u^21*n^(-s),z*n^(-s),True,True,countable_return_alphabet,False
1449,21,1,21,False,u^21*n^(-s),z*n^(-s),True,True,countable_return_alphabet,False
1450,21,1,21,False,u^21*n^(-s),z*n^(-s),True,True,countable_return_alphabet,False
1451,21,1,21,False,u^21*n^(-s),z*n^(-s),True,True,countable_return_alphabet,False
1452,21,1,21,False,u^21*n^(-s),z*n^(-s),True,True,countable_return_alphabet,False
1453,21,1,21,False,u^21*n^(-s),z*n^(-s),True,True,countable_return_alphabet,False
1454,21,1,21,False,u^21*n^(-s),z*n^(-s),True,True,countable_return_alphabet,False
1455,21,1,21,False,u^21*n^(-s),z*n^(-s),True,True,countable_return_alphabet,False
1456,21,1,21,False,u^21*n^(-s),z*n^(-s),True,True,countable_return_alphabet,False
1457,21,1,21,False,u^21*n^(-s),z*n^(-s),True,True,countable_return_alphabet,False
1458,21,1,21,False,u^21*n^(-s),z*n^(-s),True,True,countable_return_alphabet,False
1459,21,1,21,False,u^21*n^(-s),z*n^(-s),True,True,countable_return_alphabet,False
1460,21,1,21,False,u^21*n^(-s),z*n^(-s),True,True,countable_return_alphabet,False
1461,21,1,21,False,u^21*n^(-s),z*n^(-s),True,True,countable_return_alphabet,False
1462,21,1,21,False,u^21*n^(-s),z*n^(-s),True,True,countable_return_alphabet,False
1463,21,1,21,False,u^21*n^(-s),z*n^(-s),True,True,countable_return_alphabet,False
1464,21,1,21,False,u^21*n^(-s),z*n^(-s),True,True,countable_return_alphabet,False
1465,21,1,21,False,u^21*n^(-s),z*n^(-s),True,True,countable_return_alphabet,False
1466,21,1,21,False,u^21*n^(-s),z*n^(-s),True,True,countable_return_alphabet,False
1467,21,1,21,False,u^21*n^(-s),z*n^(-s),True,True,countable_return_alphabet,False
1468,21,1,21,False,u^21*n^(-s),z*n^(-s),True,True,countable_return_alphabet,False
1469,21,1,21,False,u^21*n^(-s),z*n^(-s),True,True,countable_return_alphabet,False
1470,21,1,21,False,u^21*n^(-s),z*n^(-s),True,True,countable_return_alphabet,False
1471,21,1,21,False,u^21*n^(-s),z*n^(-s),True,True,countable_return_alphabet,False
1472,21,1,21,False,u^21*n^(-s),z*n^(-s),True,True,countable_return_alphabet,False
1473,21,1,21,False,u^21*n^(-s),z*n^(-s),True,True,countable_return_alphabet,False
1474,21,1,21,False,u^21*n^(-s),z*n^(-s),True,True,countable_return_alphabet,False
1475,21,1,21,False,u^21*n^(-s),z*n^(-s),True,True,countable_return_alphabet,False
1476,21,1,21,False,u^21*n^(-s),z*n^(-s),True,True,countable_return_alphabet,False
1477,21,1,21,False,u^21*n^(-s),z*n^(-s),True,True,countable_return_alphabet,False
1478,21,1,21,False,u^21*n^(-s),z*n^(-s),True,True,countable_return_alphabet,False
1479,21,1,21,False,u^21*n^(-s),z*n^(-s),True,True,countable_return_alphabet,False
1480,21,1,21,False,u^21*n^(-s),z*n^(-s),True,True,countable_return_alphabet,False
1481,21,1,21,False,u^21*n^(-s),z*n^(-s),True,True,countable_return_alphabet,False
1482,21,1,21,False,u^21*n^(-s),z*n^(-s),True,True,countable_return_alphabet,False
1483,21,1,21,False,u^21*n^(-s),z*n^(-s),True,True,countable_return_alphabet,False
1484,21,1,21,False,u^21*n^(-s),z*n^(-s),True,True,countable_return_alphabet,False
1485,21,1,21,False,u^21*n^(-s),z*n^(-s),True,True,countable_return_alphabet,False
1486,21,1,21,False,u^21*n^(-s),z*n^(-s),True,True,countable_return_alphabet,False
1487,21,1,21,False,u^21*n^(-s),z*n^(-s),True,True,countable_return_alphabet,False
1488,21,1,21,False,u^21*n^(-s),z*n^(-s),True,True,countable_return_alphabet,False
1489,21,1,21,False,u^21*n^(-s),z*n^(-s),True,True,countable_return_alphabet,False
1490,21,1,21,False,u^21*n^(-s),z*n^(-s),True,True,countable_return_alphabet,False
1491,21,1,21,False,u^21*n^(-s),z*n^(-s),True,True,countable_return_alphabet,False
1492,21,1,21,False,u^21*n^(-s),z*n^(-s),True,True,countable_return_alphabet,False
1493,21,1,21,False,u^21*n^(-s),z*n^(-s),True,True,countable_return_alphabet,False
1494,21,1,21,False,u^21*n^(-s),z*n^(-s),True,True,countable_return_alphabet,False
1495,21,1,21,False,u^21*n^(-s),z*n^(-s),True,True,countable_return_alphabet,False
1496,21,1,21,False,u^21*n^(-s),z*n^(-s),True,True,countable_return_alphabet,False
1497,21,1,21,False,u^21*n^(-s),z*n^(-s),True,True,countable_return_alphabet,False
1498,21,1,21,False,u^21*n^(-s),z*n^(-s),True,True,countable_return_alphabet,False
1499,21,1,21,False,u^21*n^(-s),z*n^(-s),True,True,countable_return_alphabet,False
1500,21,1,21,False,u^21*n^(-s),z*n^(-s),True,True,countable_return_alphabet,False
1501,21,1,21,False,u^21*n^(-s),z*n^(-s),True,True,countable_return_alphabet,False
1502,21,1,21,False,u^21*n^(-s),z*n^(-s),True,True,countable_return_alphabet,False
1503,21,1,21,False,u^21*n^(-s),z*n^(-s),True,True,countable_return_alphabet,False
1504,21,1,21,False,u^21*n^(-s),z*n^(-s),True,True,countable_return_alphabet,False
1505,21,1,21,False,u^21*n^(-s),z*n^(-s),True,True,countable_return_alphabet,False
1506,21,1,21,False,u^21*n^(-s),z*n^(-s),True,True,countable_return_alphabet,False
1507,21,1,21,False,u^21*n^(-s),z*n^(-s),True,True,countable_return_alphabet,False
1508,21,1,21,False,u^21*n^(-s),z*n^(-s),True,True,countable_return_alphabet,False
1509,21,1,21,False,u^21*n^(-s),z*n^(-s),True,True,countable_return_alphabet,False
1510,21,1,21,False,u^21*n^(-s),z*n^(-s),True,True,countable_return_alphabet,False
1511,21,1,21,False,u^21*n^(-s),z*n^(-s),True,True,countable_return_alphabet,False
1512,21,1,21,False,u^21*n^(-s),z*n^(-s),True,True,countable_return_alphabet,False
1513,21,1,21,False,u^21*n^(-s),z*n^(-s),True,True,countable_return_alphabet,False
1514,21,1,21,False,u^21*n^(-s),z*n^(-s),True,True,countable_return_alphabet,False
1515,21,1,21,False,u^21*n^(-s),z*n^(-s),True,True,countable_return_alphabet,False
1516,21,1,21,False,u^21*n^(-s),z*n^(-s),True,True,countable_return_alphabet,False
1517,21,1,21,False,u^21*n^(-s),z*n^(-s),True,True,countable_return_alphabet,False
1518,21,1,21,False,u^21*n^(-s),z*n^(-s),True,True,countable_return_alphabet,False
1519,21,1,21,False,u^21*n^(-s),z*n^(-s),True,True,countable_return_alphabet,False
1520,21,1,21,False,u^21*n^(-s),z*n^(-s),True,True,countable_return_alphabet,False
1521,21,1,21,False,u^21*n^(-s),z*n^(-s),True,True,countable_return_alphabet,False
1522,21,1,21,False,u^21*n^(-s),z*n^(-s),True,True,countable_return_alphabet,False
1523,21,1,21,False,u^21*n^(-s),z*n^(-s),True,True,countable_return_alphabet,False
1524,21,1,21,False,u^21*n^(-s),z*n^(-s),True,True,countable_return_alphabet,False
1525,21,1,21,False,u^21*n^(-s),z*n^(-s),True,True,countable_return_alphabet,False
1526,21,1,21,False,u^21*n^(-s),z*n^(-s),True,True,countable_return_alphabet,False
1527,21,1,21,False,u^21*n^(-s),z*n^(-s),True,True,countable_return_alphabet,False
1528,21,1,21,False,u^21*n^(-s),z*n^(-s),True,True,countable_return_alphabet,False
1529,21,1,21,False,u^21*n^(-s),z*n^(-s),True,True,countable_return_alphabet,False
1530,21,1,21,False,u^21*n^(-s),z*n^(-s),True,True,countable_return_alphabet,False
1531,21,1,21,False,u^21*n^(-s),z*n^(-s),True,True,countable_return_alphabet,False
1532,21,1,21,False,u^21*n^(-s),z*n^(-s),True,True,countable_return_alphabet,False
1533,21,1,21,False,u^21*n^(-s),z*n^(-s),True,True,countable_return_alphabet,False
1534,21,1,21,False,u^21*n^(-s),z*n^(-s),True,True,countable_return_alphabet,False
1535,21,1,21,False,u^21*n^(-s),z*n^(-s),True,True,countable_return_alphabet,False
1536,21,1,21,False,u^21*n^(-s),z*n^(-s),True,True,countable_return_alphabet,False
1537,21,1,21,False,u^21*n^(-s),z*n^(-s),True,True,countable_return_alphabet,False
1538,21,1,21,False,u^21*n^(-s),z*n^(-s),True,True,countable_return_alphabet,False
1539,21,1,21,False,u^21*n^(-s),z*n^(-s),True,True,countable_return_alphabet,False
1540,21,1,21,False,u^21*n^(-s),z*n^(-s),True,True,countable_return_alphabet,False
1541,21,1,21,False,u^21*n^(-s),z*n^(-s),True,True,countable_return_alphabet,False
1542,21,1,21,False,u^21*n^(-s),z*n^(-s),True,True,countable_return_alphabet,False
1543,21,1,21,False,u^21*n^(-s),z*n^(-s),True,True,countable_return_alphabet,False
1544,21,1,21,False,u^21*n^(-s),z*n^(-s),True,True,countable_return_alphabet,False
1545,21,1,21,False,u^21*n^(-s),z*n^(-s),True,True,countable_return_alphabet,False
1546,21,1,21,False,u^21*n^(-s),z*n^(-s),True,True,countable_return_alphabet,False
1547,21,1,21,False,u^21*n^(-s),z*n^(-s),True,True,countable_return_alphabet,False
1548,21,1,21,False,u^21*n^(-s),z*n^(-s),True,True,countable_return_alphabet,False
1549,21,1,21,False,u^21*n^(-s),z*n^(-s),True,True,countable_return_alphabet,False
1550,21,1,21,False,u^21*n^(-s),z*n^(-s),True,True,countable_return_alphabet,False
1551,21,1,21,False,u^21*n^(-s),z*n^(-s),True,True,countable_return_alphabet,False
1552,21,1,21,False,u^21*n^(-s),z*n^(-s),True,True,countable_return_alphabet,False
1553,21,1,21,False,u^21*n^(-s),z*n^(-s),True,True,countable_return_alphabet,False
1554,21,1,21,False,u^21*n^(-s),z*n^(-s),True,True,countable_return_alphabet,False
1555,21,1,21,False,u^21*n^(-s),z*n^(-s),True,True,countable_return_alphabet,False
1556,21,1,21,False,u^21*n^(-s),z*n^(-s),True,True,countable_return_alphabet,False
1557,21,1,21,False,u^21*n^(-s),z*n^(-s),True,True,countable_return_alphabet,False
1558,21,1,21,False,u^21*n^(-s),z*n^(-s),True,True,countable_return_alphabet,False
1559,21,1,21,False,u^21*n^(-s),z*n^(-s),True,True,countable_return_alphabet,False
1560,21,1,21,False,u^21*n^(-s),z*n^(-s),True,True,countable_return_alphabet,False
1561,21,1,21,False,u^21*n^(-s),z*n^(-s),True,True,countable_return_alphabet,False
1562,21,1,21,False,u^21*n^(-s),z*n^(-s),True,True,countable_return_alphabet,False
1563,21,1,21,False,u^21*n^(-s),z*n^(-s),True,True,countable_return_alphabet,False
1564,21,1,21,False,u^21*n^(-s),z*n^(-s),True,True,countable_return_alphabet,False
1565,21,1,21,False,u^21*n^(-s),z*n^(-s),True,True,countable_return_alphabet,False
1566,21,1,21,False,u^21*n^(-s),z*n^(-s),True,True,countable_return_alphabet,False
1567,21,1,21,False,u^21*n^(-s),z*n^(-s),True,True,countable_return_alphabet,False
1568,21,1,21,False,u^21*n^(-s),z*n^(-s),True,True,countable_return_alphabet,False
1569,21,1,21,False,u^21*n^(-s),z*n^(-s),True,True,countable_return_alphabet,False
1570,21,1,21,False,u^21*n^(-s),z*n^(-s),True,True,countable_return_alphabet,False
1571,21,1,21,False,u^21*n^(-s),z*n^(-s),True,True,countable_return_alphabet,False
1572,21,1,21,False,u^21*n^(-s),z*n^(-s),True,True,countable_return_alphabet,False
1573,21,1,21,False,u^21*n^(-s),z*n^(-s),True,True,countable_return_alphabet,False
1574,21,1,21,False,u^21*n^(-s),z*n^(-s),True,True,countable_return_alphabet,False
1575,21,1,21,False,u^21*n^(-s),z*n^(-s),True,True,countable_return_alphabet,False
1576,21,1,21,False,u^21*n^(-s),z*n^(-s),True,True,countable_return_alphabet,False
1577,21,1,21,False,u^21*n^(-s),z*n^(-s),True,True,countable_return_alphabet,False
1578,21,1,21,False,u^21*n^(-s),z*n^(-s),True,True,countable_return_alphabet,False
1579,21,1,21,False,u^21*n^(-s),z*n^(-s),True,True,countable_return_alphabet,False
1580,21,1,21,False,u^21*n^(-s),z*n^(-s),True,True,countable_return_alphabet,False
1581,21,1,21,False,u^21*n^(-s),z*n^(-s),True,True,countable_return_alphabet,False
1582,21,1,21,False,u^21*n^(-s),z*n^(-s),True,True,countable_return_alphabet,False
1583,21,1,21,False,u^21*n^(-s),z*n^(-s),True,True,countable_return_alphabet,False
1584,21,1,21,False,u^21*n^(-s),z*n^(-s),True,True,countable_return_alphabet,False
1585,21,1,21,False,u^21*n^(-s),z*n^(-s),True,True,countable_return_alphabet,False
1586,21,1,21,False,u^21*n^(-s),z*n^(-s),True,True,countable_return_alphabet,False
1587,21,1,21,False,u^21*n^(-s),z*n^(-s),True,True,countable_return_alphabet,False
1588,21,1,21,False,u^21*n^(-s),z*n^(-s),True,True,countable_return_alphabet,False
1589,21,1,21,False,u^21*n^(-s),z*n^(-s),True,True,countable_return_alphabet,False
1590,21,1,21,False,u^21*n^(-s),z*n^(-s),True,True,countable_return_alphabet,False
1591,21,1,21,False,u^21*n^(-s),z*n^(-s),True,True,countable_return_alphabet,False
1592,21,1,21,False,u^21*n^(-s),z*n^(-s),True,True,countable_return_alphabet,False
1593,21,1,21,False,u^21*n^(-s),z*n^(-s),True,True,countable_return_alphabet,False
1594,21,1,21,False,u^21*n^(-s),z*n^(-s),True,True,countable_return_alphabet,False
1595,21,1,21,False,u^21*n^(-s),z*n^(-s),True,True,countable_return_alphabet,False
1596,21,1,21,False,u^21*n^(-s),z*n^(-s),True,True,countable_return_alphabet,False
1597,21,1,21,False,u^21*n^(-s),z*n^(-s),True,True,countable_return_alphabet,False
1598,21,1,21,False,u^21*n^(-s),z*n^(-s),True,True,countable_return_alphabet,False
1599,21,1,21,False,u^21*n^(-s),z*n^(-s),True,True,countable_return_alphabet,False
1600,21,1,21,False,u^21*n^(-s),z*n^(-s),True,True,countable_return_alphabet,False
1601,21,1,21,False,u^21*n^(-s),z*n^(-s),True,True,countable_return_alphabet,False
1602,21,1,21,False,u^21*n^(-s),z*n^(-s),True,True,countable_return_alphabet,False
1603,21,1,21,False,u^21*n^(-s),z*n^(-s),True,True,countable_return_alphabet,False
1604,21,1,21,False,u^21*n^(-s),z*n^(-s),True,True,countable_return_alphabet,False
1605,21,1,21,False,u^21*n^(-s),z*n^(-s),True,True,countable_return_alphabet,False
1606,21,1,21,False,u^21*n^(-s),z*n^(-s),True,True,countable_return_alphabet,False
1607,21,1,21,False,u^21*n^(-s),z*n^(-s),True,True,countable_return_alphabet,False
1608,21,1,21,False,u^21*n^(-s),z*n^(-s),True,True,countable_return_alphabet,False
1609,21,1,21,False,u^21*n^(-s),z*n^(-s),True,True,countable_return_alphabet,False
1610,21,1,21,False,u^21*n^(-s),z*n^(-s),True,True,countable_return_alphabet,False
1611,21,1,21,False,u^21*n^(-s),z*n^(-s),True,True,countable_return_alphabet,False
1612,21,1,21,False,u^21*n^(-s),z*n^(-s),True,True,countable_return_alphabet,False
1613,21,1,21,False,u^21*n^(-s),z*n^(-s),True,True,countable_return_alphabet,False
1614,21,1,21,False,u^21*n^(-s),z*n^(-s),True,True,countable_return_alphabet,False
1615,21,1,21,False,u^21*n^(-s),z*n^(-s),True,True,countable_return_alphabet,False
1616,21,1,21,False,u^21*n^(-s),z*n^(-s),True,True,countable_return_alphabet,False
1617,21,1,21,False,u^21*n^(-s),z*n^(-s),True,True,countable_return_alphabet,False
1618,21,1,21,False,u^21*n^(-s),z*n^(-s),True,True,countable_return_alphabet,False
1619,21,1,21,False,u^21*n^(-s),z*n^(-s),True,True,countable_return_alphabet,False
1620,21,1,21,False,u^21*n^(-s),z*n^(-s),True,True,countable_return_alphabet,False
1621,21,1,21,False,u^21*n^(-s),z*n^(-s),True,True,countable_return_alphabet,False
1622,21,1,21,False,u^21*n^(-s),z*n^(-s),True,True,countable_return_alphabet,False
1623,21,1,21,False,u^21*n^(-s),z*n^(-s),True,True,countable_return_alphabet,False
1624,21,1,21,False,u^21*n^(-s),z*n^(-s),True,True,countable_return_alphabet,False
1625,21,1,21,False,u^21*n^(-s),z*n^(-s),True,True,countable_return_alphabet,False
1626,21,1,21,False,u^21*n^(-s),z*n^(-s),True,True,countable_return_alphabet,False
1627,21,1,21,False,u^21*n^(-s),z*n^(-s),True,True,countable_return_alphabet,False
1628,21,1,21,False,u^21*n^(-s),z*n^(-s),True,True,countable_return_alphabet,False
1629,21,1,21,False,u^21*n^(-s),z*n^(-s),True,True,countable_return_alphabet,False
1630,21,1,21,False,u^21*n^(-s),z*n^(-s),True,True,countable_return_alphabet,False
1631,21,1,21,False,u^21*n^(-s),z*n^(-s),True,True,countable_return_alphabet,False
1632,21,1,21,False,u^21*n^(-s),z*n^(-s),True,True,countable_return_alphabet,False
1633,21,1,21,False,u^21*n^(-s),z*n^(-s),True,True,countable_return_alphabet,False
1634,21,1,21,False,u^21*n^(-s),z*n^(-s),True,True,countable_return_alphabet,False
1635,21,1,21,False,u^21*n^(-s),z*n^(-s),True,True,countable_return_alphabet,False
1636,21,1,21,False,u^21*n^(-s),z*n^(-s),True,True,countable_return_alphabet,False
1637,21,1,21,False,u^21*n^(-s),z*n^(-s),True,True,countable_return_alphabet,False
1638,21,1,21,False,u^21*n^(-s),z*n^(-s),True,True,countable_return_alphabet,False
1639,21,1,21,False,u^21*n^(-s),z*n^(-s),True,True,countable_return_alphabet,False
1640,21,1,21,False,u^21*n^(-s),z*n^(-s),True,True,countable_return_alphabet,False
1641,21,1,21,False,u^21*n^(-s),z*n^(-s),True,True,countable_return_alphabet,False
1642,21,1,21,False,u^21*n^(-s),z*n^(-s),True,True,countable_return_alphabet,False
1643,21,1,21,False,u^21*n^(-s),z*n^(-s),True,True,countable_return_alphabet,False
1644,21,1,21,False,u^21*n^(-s),z*n^(-s),True,True,countable_return_alphabet,False
1645,21,1,21,False,u^21*n^(-s),z*n^(-s),True,True,countable_return_alphabet,False
1646,21,1,21,False,u^21*n^(-s),z*n^(-s),True,True,countable_return_alphabet,False
1647,21,1,21,False,u^21*n^(-s),z*n^(-s),True,True,countable_return_alphabet,False
1648,21,1,21,False,u^21*n^(-s),z*n^(-s),True,True,countable_return_alphabet,False
1649,21,1,21,False,u^21*n^(-s),z*n^(-s),True,True,countable_return_alphabet,False
1650,21,1,21,False,u^21*n^(-s),z*n^(-s),True,True,countable_return_alphabet,False
1651,21,1,21,False,u^21*n^(-s),z*n^(-s),True,True,countable_return_alphabet,False
1652,21,1,21,False,u^21*n^(-s),z*n^(-s),True,True,countable_return_alphabet,False
1653,21,1,21,False,u^21*n^(-s),z*n^(-s),True,True,countable_return_alphabet,False
1654,21,1,21,False,u^21*n^(-s),z*n^(-s),True,True,countable_return_alphabet,False
1655,21,1,21,False,u^21*n^(-s),z*n^(-s),True,True,countable_return_alphabet,False
1656,21,1,21,False,u^21*n^(-s),z*n^(-s),True,True,countable_return_alphabet,False
1657,21,1,21,False,u^21*n^(-s),z*n^(-s),True,True,countable_return_alphabet,False
1658,21,1,21,False,u^21*n^(-s),z*n^(-s),True,True,countable_return_alphabet,False
1659,21,1,21,False,u^21*n^(-s),z*n^(-s),True,True,countable_return_alphabet,False
1660,21,1,21,False,u^21*n^(-s),z*n^(-s),True,True,countable_return_alphabet,False
1661,21,1,21,False,u^21*n^(-s),z*n^(-s),True,True,countable_return_alphabet,False
1662,21,1,21,False,u^21*n^(-s),z*n^(-s),True,True,countable_return_alphabet,False
1663,21,1,21,False,u^21*n^(-s),z*n^(-s),True,True,countable_return_alphabet,False
1664,21,1,21,False,u^21*n^(-s),z*n^(-s),True,True,countable_return_alphabet,False
1665,21,1,21,False,u^21*n^(-s),z*n^(-s),True,True,countable_return_alphabet,False
1666,21,1,21,False,u^21*n^(-s),z*n^(-s),True,True,countable_return_alphabet,False
1667,21,1,21,False,u^21*n^(-s),z*n^(-s),True,True,countable_return_alphabet,False
1668,21,1,21,False,u^21*n^(-s),z*n^(-s),True,True,countable_return_alphabet,False
1669,21,1,21,False,u^21*n^(-s),z*n^(-s),True,True,countable_return_alphabet,False
1670,21,1,21,False,u^21*n^(-s),z*n^(-s),True,True,countable_return_alphabet,False
1671,21,1,21,False,u^21*n^(-s),z*n^(-s),True,True,countable_return_alphabet,False
1672,21,1,21,False,u^21*n^(-s),z*n^(-s),True,True,countable_return_alphabet,False
1673,21,1,21,False,u^21*n^(-s),z*n^(-s),True,True,countable_return_alphabet,False
1674,21,1,21,False,u^21*n^(-s),z*n^(-s),True,True,countable_return_alphabet,False
1675,21,1,21,False,u^21*n^(-s),z*n^(-s),True,True,countable_return_alphabet,False
1676,21,1,21,False,u^21*n^(-s),z*n^(-s),True,True,countable_return_alphabet,False
1677,21,1,21,False,u^21*n^(-s),z*n^(-s),True,True,countable_return_alphabet,False
1678,21,1,21,False,u^21*n^(-s),z*n^(-s),True,True,countable_return_alphabet,False
1679,21,1,21,False,u^21*n^(-s),z*n^(-s),True,True,countable_return_alphabet,False
1680,21,1,21,False,u^21*n^(-s),z*n^(-s),True,True,countable_return_alphabet,False
1681,21,1,21,False,u^21*n^(-s),z*n^(-s),True,True,countable_return_alphabet,False
1682,21,1,21,False,u^21*n^(-s),z*n^(-s),True,True,countable_return_alphabet,False
1683,21,1,21,False,u^21*n^(-s),z*n^(-s),True,True,countable_return_alphabet,False
1684,21,1,21,False,u^21*n^(-s),z*n^(-s),True,True,countable_return_alphabet,False
1685,21,1,21,False,u^21*n^(-s),z*n^(-s),True,True,countable_return_alphabet,False
1686,21,1,21,False,u^21*n^(-s),z*n^(-s),True,True,countable_return_alphabet,False
1687,21,1,21,False,u^21*n^(-s),z*n^(-s),True,True,countable_return_alphabet,False
1688,21,1,21,False,u^21*n^(-s),z*n^(-s),True,True,countable_return_alphabet,False
1689,21,1,21,False,u^21*n^(-s),z*n^(-s),True,True,countable_return_alphabet,False
1690,21,1,21,False,u^21*n^(-s),z*n^(-s),True,True,countable_return_alphabet,False
1691,21,1,21,False,u^21*n^(-s),z*n^(-s),True,True,countable_return_alphabet,False
1692,21,1,21,False,u^21*n^(-s),z*n^(-s),True,True,countable_return_alphabet,False
1693,21,1,21,False,u^21*n^(-s),z*n^(-s),True,True,countable_return_alphabet,False
1694,21,1,21,False,u^21*n^(-s),z*n^(-s),True,True,countable_return_alphabet,False
1695,21,1,21,False,u^21*n^(-s),z*n^(-s),True,True,countable_return_alphabet,False
1696,21,1,21,False,u^21*n^(-s),z*n^(-s),True,True,countable_return_alphabet,False
1697,21,1,21,False,u^21*n^(-s),z*n^(-s),True,True,countable_return_alphabet,False
1698,21,1,21,False,u^21*n^(-s),z*n^(-s),True,True,countable_return_alphabet,False
1699,21,1,21,False,u^21*n^(-s),z*n^(-s),True,True,countable_return_alphabet,False
1700,21,1,21,False,u^21*n^(-s),z*n^(-s),True,True,countable_return_alphabet,False
1701,21,1,21,False,u^21*n^(-s),z*n^(-s),True,True,countable_return_alphabet,False
1702,21,1,21,False,u^21*n^(-s),z*n^(-s),True,True,countable_return_alphabet,False
1703,21,1,21,False,u^21*n^(-s),z*n^(-s),True,True,countable_return_alphabet,False
1704,21,1,21,False,u^21*n^(-s),z*n^(-s),True,True,countable_return_alphabet,False
1705,21,1,21,False,u^21*n^(-s),z*n^(-s),True,True,countable_return_alphabet,False
1706,21,1,21,False,u^21*n^(-s),z*n^(-s),True,True,countable_return_alphabet,False
1707,21,1,21,False,u^21*n^(-s),z*n^(-s),True,True,countable_return_alphabet,False
1708,21,1,21,False,u^21*n^(-s),z*n^(-s),True,True,countable_return_alphabet,False
1709,21,1,21,False,u^21*n^(-s),z*n^(-s),True,True,countable_return_alphabet,False
1710,21,1,21,False,u^21*n^(-s),z*n^(-s),True,True,countable_return_alphabet,False
1711,21,1,21,False,u^21*n^(-s),z*n^(-s),True,True,countable_return_alphabet,False
1712,21,1,21,False,u^21*n^(-s),z*n^(-s),True,True,countable_return_alphabet,False
1713,21,1,21,False,u^21*n^(-s),z*n^(-s),True,True,countable_return_alphabet,False
1714,21,1,21,False,u^21*n^(-s),z*n^(-s),True,True,countable_return_alphabet,False
1715,21,1,21,False,u^21*n^(-s),z*n^(-s),True,True,countable_return_alphabet,False
1716,21,1,21,False,u^21*n^(-s),z*n^(-s),True,True,countable_return_alphabet,False
1717,21,1,21,False,u^21*n^(-s),z*n^(-s),True,True,countable_return_alphabet,False
1718,21,1,21,False,u^21*n^(-s),z*n^(-s),True,True,countable_return_alphabet,False
1719,21,1,21,False,u^21*n^(-s),z*n^(-s),True,True,countable_return_alphabet,False
1720,21,1,21,False,u^21*n^(-s),z*n^(-s),True,True,countable_return_alphabet,False
1721,21,1,21,False,u^21*n^(-s),z*n^(-s),True,True,countable_return_alphabet,False
1722,21,1,21,False,u^21*n^(-s),z*n^(-s),True,True,countable_return_alphabet,False
1723,21,1,21,False,u^21*n^(-s),z*n^(-s),True,True,countable_return_alphabet,False
1724,21,1,21,False,u^21*n^(-s),z*n^(-s),True,True,countable_return_alphabet,False
1725,21,1,21,False,u^21*n^(-s),z*n^(-s),True,True,countable_return_alphabet,False
1726,21,1,21,False,u^21*n^(-s),z*n^(-s),True,True,countable_return_alphabet,False
1727,21,1,21,False,u^21*n^(-s),z*n^(-s),True,True,countable_return_alphabet,False
1728,21,1,21,False,u^21*n^(-s),z*n^(-s),True,True,countable_return_alphabet,False
1729,21,1,21,False,u^21*n^(-s),z*n^(-s),True,True,countable_return_alphabet,False
1730,21,1,21,False,u^21*n^(-s),z*n^(-s),True,True,countable_return_alphabet,False
1731,21,1,21,False,u^21*n^(-s),z*n^(-s),True,True,countable_return_alphabet,False
1732,21,1,21,False,u^21*n^(-s),z*n^(-s),True,True,countable_return_alphabet,False
1733,21,1,21,False,u^21*n^(-s),z*n^(-s),True,True,countable_return_alphabet,False
1734,21,1,21,False,u^21*n^(-s),z*n^(-s),True,True,countable_return_alphabet,False
1735,21,1,21,False,u^21*n^(-s),z*n^(-s),True,True,countable_return_alphabet,False
1736,21,1,21,False,u^21*n^(-s),z*n^(-s),True,True,countable_return_alphabet,False
1737,21,1,21,False,u^21*n^(-s),z*n^(-s),True,True,countable_return_alphabet,False
1738,21,1,21,False,u^21*n^(-s),z*n^(-s),True,True,countable_return_alphabet,False
1739,21,1,21,False,u^21*n^(-s),z*n^(-s),True,True,countable_return_alphabet,False
1740,21,1,21,False,u^21*n^(-s),z*n^(-s),True,True,countable_return_alphabet,False
1741,21,1,21,False,u^21*n^(-s),z*n^(-s),True,True,countable_return_alphabet,False
1742,21,1,21,False,u^21*n^(-s),z*n^(-s),True,True,countable_return_alphabet,False
1743,21,1,21,False,u^21*n^(-s),z*n^(-s),True,True,countable_return_alphabet,False
1744,21,1,21,False,u^21*n^(-s),z*n^(-s),True,True,countable_return_alphabet,False
1745,21,1,21,False,u^21*n^(-s),z*n^(-s),True,True,countable_return_alphabet,False
1746,21,1,21,False,u^21*n^(-s),z*n^(-s),True,True,countable_return_alphabet,False
1747,21,1,21,False,u^21*n^(-s),z*n^(-s),True,True,countable_return_alphabet,False
1748,21,1,21,False,u^21*n^(-s),z*n^(-s),True,True,countable_return_alphabet,False
1749,21,1,21,False,u^21*n^(-s),z*n^(-s),True,True,countable_return_alphabet,False
1750,21,1,21,False,u^21*n^(-s),z*n^(-s),True,True,countable_return_alphabet,False
1751,21,1,21,False,u^21*n^(-s),z*n^(-s),True,True,countable_return_alphabet,False
1752,21,1,21,False,u^21*n^(-s),z*n^(-s),True,True,countable_return_alphabet,False
1753,21,1,21,False,u^21*n^(-s),z*n^(-s),True,True,countable_return_alphabet,False
1754,21,1,21,False,u^21*n^(-s),z*n^(-s),True,True,countable_return_alphabet,False
1755,21,1,21,False,u^21*n^(-s),z*n^(-s),True,True,countable_return_alphabet,False
1756,21,1,21,False,u^21*n^(-s),z*n^(-s),True,True,countable_return_alphabet,False
1757,21,1,21,False,u^21*n^(-s),z*n^(-s),True,True,countable_return_alphabet,False
1758,21,1,21,False,u^21*n^(-s),z*n^(-s),True,True,countable_return_alphabet,False
1759,21,1,21,False,u^21*n^(-s),z*n^(-s),True,True,countable_return_alphabet,False
1760,21,1,21,False,u^21*n^(-s),z*n^(-s),True,True,countable_return_alphabet,False
1761,21,1,21,False,u^21*n^(-s),z*n^(-s),True,True,countable_return_alphabet,False
1762,21,1,21,False,u^21*n^(-s),z*n^(-s),True,True,countable_return_alphabet,False
1763,21,1,21,False,u^21*n^(-s),z*n^(-s),True,True,countable_return_alphabet,False
1764,21,1,21,False,u^21*n^(-s),z*n^(-s),True,True,countable_return_alphabet,False
1765,21,1,21,False,u^21*n^(-s),z*n^(-s),True,True,countable_return_alphabet,False
1766,21,1,21,False,u^21*n^(-s),z*n^(-s),True,True,countable_return_alphabet,False
1767,21,1,21,False,u^21*n^(-s),z*n^(-s),True,True,countable_return_alphabet,False
1768,21,1,21,False,u^21*n^(-s),z*n^(-s),True,True,countable_return_alphabet,False
1769,21,1,21,False,u^21*n^(-s),z*n^(-s),True,True,countable_return_alphabet,False
1770,21,1,21,False,u^21*n^(-s),z*n^(-s),True,True,countable_return_alphabet,False
1771,21,1,21,False,u^21*n^(-s),z*n^(-s),True,True,countable_return_alphabet,False
1772,21,1,21,False,u^21*n^(-s),z*n^(-s),True,True,countable_return_alphabet,False
1773,21,1,21,False,u^21*n^(-s),z*n^(-s),True,True,countable_return_alphabet,False
1774,21,1,21,False,u^21*n^(-s),z*n^(-s),True,True,countable_return_alphabet,False
1775,21,1,21,False,u^21*n^(-s),z*n^(-s),True,True,countable_return_alphabet,False
1776,21,1,21,False,u^21*n^(-s),z*n^(-s),True,True,countable_return_alphabet,False
1777,21,1,21,False,u^21*n^(-s),z*n^(-s),True,True,countable_return_alphabet,False
1778,21,1,21,False,u^21*n^(-s),z*n^(-s),True,True,countable_return_alphabet,False
1779,21,1,21,False,u^21*n^(-s),z*n^(-s),True,True,countable_return_alphabet,False
1780,21,1,21,False,u^21*n^(-s),z*n^(-s),True,True,countable_return_alphabet,False
1781,21,1,21,False,u^21*n^(-s),z*n^(-s),True,True,countable_return_alphabet,False
1782,21,1,21,False,u^21*n^(-s),z*n^(-s),True,True,countable_return_alphabet,False
1783,21,1,21,False,u^21*n^(-s),z*n^(-s),True,True,countable_return_alphabet,False
1784,21,1,21,False,u^21*n^(-s),z*n^(-s),True,True,countable_return_alphabet,False
1785,21,1,21,False,u^21*n^(-s),z*n^(-s),True,True,countable_return_alphabet,False
1786,21,1,21,False,u^21*n^(-s),z*n^(-s),True,True,countable_return_alphabet,False
1787,21,1,21,False,u^21*n^(-s),z*n^(-s),True,True,countable_return_alphabet,False
1788,21,1,21,False,u^21*n^(-s),z*n^(-s),True,True,countable_return_alphabet,False
1789,21,1,21,False,u^21*n^(-s),z*n^(-s),True,True,countable_return_alphabet,False
1790,21,1,21,False,u^21*n^(-s),z*n^(-s),True,True,countable_return_alphabet,False
1791,21,1,21,False,u^21*n^(-s),z*n^(-s),True,True,countable_return_alphabet,False
1792,21,1,21,False,u^21*n^(-s),z*n^(-s),True,True,countable_return_alphabet,False
1793,21,1,21,False,u^21*n^(-s),z*n^(-s),True,True,countable_return_alphabet,False
1794,21,1,21,False,u^21*n^(-s),z*n^(-s),True,True,countable_return_alphabet,False
1795,21,1,21,False,u^21*n^(-s),z*n^(-s),True,True,countable_return_alphabet,False
1796,21,1,21,False,u^21*n^(-s),z*n^(-s),True,True,countable_return_alphabet,False
1797,21,1,21,False,u^21*n^(-s),z*n^(-s),True,True,countable_return_alphabet,False
1798,21,1,21,False,u^21*n^(-s),z*n^(-s),True,True,countable_return_alphabet,False
1799,21,1,21,False,u^21*n^(-s),z*n^(-s),True,True,countable_return_alphabet,False
1800,21,1,21,False,u^21*n^(-s),z*n^(-s),True,True,countable_return_alphabet,False
1801,21,1,21,False,u^21*n^(-s),z*n^(-s),True,True,countable_return_alphabet,False
1802,21,1,21,False,u^21*n^(-s),z*n^(-s),True,True,countable_return_alphabet,False
1803,21,1,21,False,u^21*n^(-s),z*n^(-s),True,True,countable_return_alphabet,False
1804,21,1,21,False,u^21*n^(-s),z*n^(-s),True,True,countable_return_alphabet,False
1805,21,1,21,False,u^21*n^(-s),z*n^(-s),True,True,countable_return_alphabet,False
1806,21,1,21,False,u^21*n^(-s),z*n^(-s),True,True,countable_return_alphabet,False
1807,21,1,21,False,u^21*n^(-s),z*n^(-s),True,True,countable_return_alphabet,False
1808,21,1,21,False,u^21*n^(-s),z*n^(-s),True,True,countable_return_alphabet,False
1809,21,1,21,False,u^21*n^(-s),z*n^(-s),True,True,countable_return_alphabet,False
1810,21,1,21,False,u^21*n^(-s),z*n^(-s),True,True,countable_return_alphabet,False
1811,21,1,21,False,u^21*n^(-s),z*n^(-s),True,True,countable_return_alphabet,False
1812,21,1,21,False,u^21*n^(-s),z*n^(-s),True,True,countable_return_alphabet,False
1813,21,1,21,False,u^21*n^(-s),z*n^(-s),True,True,countable_return_alphabet,False
1814,21,1,21,False,u^21*n^(-s),z*n^(-s),True,True,countable_return_alphabet,False
1815,21,1,21,False,u^21*n^(-s),z*n^(-s),True,True,countable_return_alphabet,False
1816,21,1,21,False,u^21*n^(-s),z*n^(-s),True,True,countable_return_alphabet,False
1817,21,1,21,False,u^21*n^(-s),z*n^(-s),True,True,countable_return_alphabet,False
1818,21,1,21,False,u^21*n^(-s),z*n^(-s),True,True,countable_return_alphabet,False
1819,21,1,21,False,u^21*n^(-s),z*n^(-s),True,True,countable_return_alphabet,False
1820,21,1,21,False,u^21*n^(-s),z*n^(-s),True,True,countable_return_alphabet,False
1821,21,1,21,False,u^21*n^(-s),z*n^(-s),True,True,countable_return_alphabet,False
1822,21,1,21,False,u^21*n^(-s),z*n^(-s),True,True,countable_return_alphabet,False
1823,21,1,21,False,u^21*n^(-s),z*n^(-s),True,True,countable_return_alphabet,False
1824,21,1,21,False,u^21*n^(-s),z*n^(-s),True,True,countable_return_alphabet,False
1825,21,1,21,False,u^21*n^(-s),z*n^(-s),True,True,countable_return_alphabet,False
1826,21,1,21,False,u^21*n^(-s),z*n^(-s),True,True,countable_return_alphabet,False
1827,21,1,21,False,u^21*n^(-s),z*n^(-s),True,True,countable_return_alphabet,False
1828,21,1,21,False,u^21*n^(-s),z*n^(-s),True,True,countable_return_alphabet,False
1829,21,1,21,False,u^21*n^(-s),z*n^(-s),True,True,countable_return_alphabet,False
1830,21,1,21,False,u^21*n^(-s),z*n^(-s),True,True,countable_return_alphabet,False
1831,21,1,21,False,u^21*n^(-s),z*n^(-s),True,True,countable_return_alphabet,False
1832,21,1,21,False,u^21*n^(-s),z*n^(-s),True,True,countable_return_alphabet,False
1833,21,1,21,False,u^21*n^(-s),z*n^(-s),True,True,countable_return_alphabet,False
1834,21,1,21,False,u^21*n^(-s),z*n^(-s),True,True,countable_return_alphabet,False
1835,21,1,21,False,u^21*n^(-s),z*n^(-s),True,True,countable_return_alphabet,False
1836,21,1,21,False,u^21*n^(-s),z*n^(-s),True,True,countable_return_alphabet,False
1837,21,1,21,False,u^21*n^(-s),z*n^(-s),True,True,countable_return_alphabet,False
1838,21,1,21,False,u^21*n^(-s),z*n^(-s),True,True,countable_return_alphabet,False
1839,21,1,21,False,u^21*n^(-s),z*n^(-s),True,True,countable_return_alphabet,False
1840,21,1,21,False,u^21*n^(-s),z*n^(-s),True,True,countable_return_alphabet,False
1841,21,1,21,False,u^21*n^(-s),z*n^(-s),True,True,countable_return_alphabet,False
1842,21,1,21,False,u^21*n^(-s),z*n^(-s),True,True,countable_return_alphabet,False
1843,21,1,21,False,u^21*n^(-s),z*n^(-s),True,True,countable_return_alphabet,False
1844,21,1,21,False,u^21*n^(-s),z*n^(-s),True,True,countable_return_alphabet,False
1845,21,1,21,False,u^21*n^(-s),z*n^(-s),True,True,countable_return_alphabet,False
1846,21,1,21,False,u^21*n^(-s),z*n^(-s),True,True,countable_return_alphabet,False
1847,21,1,21,False,u^21*n^(-s),z*n^(-s),True,True,countable_return_alphabet,False
1848,21,1,21,False,u^21*n^(-s),z*n^(-s),True,True,countable_return_alphabet,False
1849,21,1,21,False,u^21*n^(-s),z*n^(-s),True,True,countable_return_alphabet,False
1850,21,1,21,False,u^21*n^(-s),z*n^(-s),True,True,countable_return_alphabet,False
1851,21,1,21,False,u^21*n^(-s),z*n^(-s),True,True,countable_return_alphabet,False
1852,21,1,21,False,u^21*n^(-s),z*n^(-s),True,True,countable_return_alphabet,False
1853,21,1,21,False,u^21*n^(-s),z*n^(-s),True,True,countable_return_alphabet,False
1854,21,1,21,False,u^21*n^(-s),z*n^(-s),True,True,countable_return_alphabet,False
1855,21,1,21,False,u^21*n^(-s),z*n^(-s),True,True,countable_return_alphabet,False
1856,21,1,21,False,u^21*n^(-s),z*n^(-s),True,True,countable_return_alphabet,False
1857,21,1,21,False,u^21*n^(-s),z*n^(-s),True,True,countable_return_alphabet,False
1858,21,1,21,False,u^21*n^(-s),z*n^(-s),True,True,countable_return_alphabet,False
1859,21,1,21,False,u^21*n^(-s),z*n^(-s),True,True,countable_return_alphabet,False
1860,21,1,21,False,u^21*n^(-s),z*n^(-s),True,True,countable_return_alphabet,False
1861,21,1,21,False,u^21*n^(-s),z*n^(-s),True,True,countable_return_alphabet,False
1862,21,1,21,False,u^21*n^(-s),z*n^(-s),True,True,countable_return_alphabet,False
1863,21,1,21,False,u^21*n^(-s),z*n^(-s),True,True,countable_return_alphabet,False
1864,21,1,21,False,u^21*n^(-s),z*n^(-s),True,True,countable_return_alphabet,False
1865,21,1,21,False,u^21*n^(-s),z*n^(-s),True,True,countable_return_alphabet,False
1866,21,1,21,False,u^21*n^(-s),z*n^(-s),True,True,countable_return_alphabet,False
1867,21,1,21,False,u^21*n^(-s),z*n^(-s),True,True,countable_return_alphabet,False
1868,21,1,21,False,u^21*n^(-s),z*n^(-s),True,True,countable_return_alphabet,False
1869,21,1,21,False,u^21*n^(-s),z*n^(-s),True,True,countable_return_alphabet,False
1870,21,1,21,False,u^21*n^(-s),z*n^(-s),True,True,countable_return_alphabet,False
1871,21,1,21,False,u^21*n^(-s),z*n^(-s),True,True,countable_return_alphabet,False
1872,21,1,21,False,u^21*n^(-s),z*n^(-s),True,True,countable_return_alphabet,False
1873,21,1,21,False,u^21*n^(-s),z*n^(-s),True,True,countable_return_alphabet,False
1874,21,1,21,False,u^21*n^(-s),z*n^(-s),True,True,countable_return_alphabet,False
1875,21,1,21,False,u^21*n^(-s),z*n^(-s),True,True,countable_return_alphabet,False
1876,21,1,21,False,u^21*n^(-s),z*n^(-s),True,True,countable_return_alphabet,False
1877,21,1,21,False,u^21*n^(-s),z*n^(-s),True,True,countable_return_alphabet,False
1878,21,1,21,False,u^21*n^(-s),z*n^(-s),True,True,countable_return_alphabet,False
1879,21,1,21,False,u^21*n^(-s),z*n^(-s),True,True,countable_return_alphabet,False
1880,21,1,21,False,u^21*n^(-s),z*n^(-s),True,True,countable_return_alphabet,False
1881,21,1,21,False,u^21*n^(-s),z*n^(-s),True,True,countable_return_alphabet,False
1882,21,1,21,False,u^21*n^(-s),z*n^(-s),True,True,countable_return_alphabet,False
1883,21,1,21,False,u^21*n^(-s),z*n^(-s),True,True,countable_return_alphabet,False
1884,21,1,21,False,u^21*n^(-s),z*n^(-s),True,True,countable_return_alphabet,False
1885,21,1,21,False,u^21*n^(-s),z*n^(-s),True,True,countable_return_alphabet,False
1886,21,1,21,False,u^21*n^(-s),z*n^(-s),True,True,countable_return_alphabet,False
1887,21,1,21,False,u^21*n^(-s),z*n^(-s),True,True,countable_return_alphabet,False
1888,21,1,21,False,u^21*n^(-s),z*n^(-s),True,True,countable_return_alphabet,False
1889,21,1,21,False,u^21*n^(-s),z*n^(-s),True,True,countable_return_alphabet,False
1890,21,1,21,False,u^21*n^(-s),z*n^(-s),True,True,countable_return_alphabet,False
1891,21,1,21,False,u^21*n^(-s),z*n^(-s),True,True,countable_return_alphabet,False
1892,21,1,21,False,u^21*n^(-s),z*n^(-s),True,True,countable_return_alphabet,False
1893,21,1,21,False,u^21*n^(-s),z*n^(-s),True,True,countable_return_alphabet,False
1894,21,1,21,False,u^21*n^(-s),z*n^(-s),True,True,countable_return_alphabet,False
1895,21,1,21,False,u^21*n^(-s),z*n^(-s),True,True,countable_return_alphabet,False
1896,21,1,21,False,u^21*n^(-s),z*n^(-s),True,True,countable_return_alphabet,False
1897,21,1,21,False,u^21*n^(-s),z*n^(-s),True,True,countable_return_alphabet,False
1898,21,1,21,False,u^21*n^(-s),z*n^(-s),True,True,countable_return_alphabet,False
1899,21,1,21,False,u^21*n^(-s),z*n^(-s),True,True,countable_return_alphabet,False
1900,21,1,21,False,u^21*n^(-s),z*n^(-s),True,True,countable_return_alphabet,False
1901,21,1,21,False,u^21*n^(-s),z*n^(-s),True,True,countable_return_alphabet,False
1902,21,1,21,False,u^21*n^(-s),z*n^(-s),True,True,countable_return_alphabet,False
1903,21,1,21,False,u^21*n^(-s),z*n^(-s),True,True,countable_return_alphabet,False
1904,21,1,21,False,u^21*n^(-s),z*n^(-s),True,True,countable_return_alphabet,False
1905,21,1,21,False,u^21*n^(-s),z*n^(-s),True,True,countable_return_alphabet,False
1906,21,1,21,False,u^21*n^(-s),z*n^(-s),True,True,countable_return_alphabet,False
1907,21,1,21,False,u^21*n^(-s),z*n^(-s),True,True,countable_return_alphabet,False
1908,21,1,21,False,u^21*n^(-s),z*n^(-s),True,True,countable_return_alphabet,False
1909,21,1,21,False,u^21*n^(-s),z*n^(-s),True,True,countable_return_alphabet,False
1910,21,1,21,False,u^21*n^(-s),z*n^(-s),True,True,countable_return_alphabet,False
1911,21,1,21,False,u^21*n^(-s),z*n^(-s),True,True,countable_return_alphabet,False
1912,21,1,21,False,u^21*n^(-s),z*n^(-s),True,True,countable_return_alphabet,False
1913,21,1,21,False,u^21*n^(-s),z*n^(-s),True,True,countable_return_alphabet,False
1914,21,1,21,False,u^21*n^(-s),z*n^(-s),True,True,countable_return_alphabet,False
1915,21,1,21,False,u^21*n^(-s),z*n^(-s),True,True,countable_return_alphabet,False
1916,21,1,21,False,u^21*n^(-s),z*n^(-s),True,True,countable_return_alphabet,False
1917,21,1,21,False,u^21*n^(-s),z*n^(-s),True,True,countable_return_alphabet,False
1918,21,1,21,False,u^21*n^(-s),z*n^(-s),True,True,countable_return_alphabet,False
1919,21,1,21,False,u^21*n^(-s),z*n^(-s),True,True,countable_return_alphabet,False
1920,21,1,21,False,u^21*n^(-s),z*n^(-s),True,True,countable_return_alphabet,False
1921,21,1,21,False,u^21*n^(-s),z*n^(-s),True,True,countable_return_alphabet,False
1922,21,1,21,False,u^21*n^(-s),z*n^(-s),True,True,countable_return_alphabet,False
1923,21,1,21,False,u^21*n^(-s),z*n^(-s),True,True,countable_return_alphabet,False
1924,21,1,21,False,u^21*n^(-s),z*n^(-s),True,True,countable_return_alphabet,False
1925,21,1,21,False,u^21*n^(-s),z*n^(-s),True,True,countable_return_alphabet,False
1926,21,1,21,False,u^21*n^(-s),z*n^(-s),True,True,countable_return_alphabet,False
1927,21,1,21,False,u^21*n^(-s),z*n^(-s),True,True,countable_return_alphabet,False
1928,21,1,21,False,u^21*n^(-s),z*n^(-s),True,True,countable_return_alphabet,False
1929,21,1,21,False,u^21*n^(-s),z*n^(-s),True,True,countable_return_alphabet,False
1930,21,1,21,False,u^21*n^(-s),z*n^(-s),True,True,countable_return_alphabet,False
1931,21,1,21,False,u^21*n^(-s),z*n^(-s),True,True,countable_return_alphabet,False
1932,21,1,21,False,u^21*n^(-s),z*n^(-s),True,True,countable_return_alphabet,False
1933,21,1,21,False,u^21*n^(-s),z*n^(-s),True,True,countable_return_alphabet,False
1934,21,1,21,False,u^21*n^(-s),z*n^(-s),True,True,countable_return_alphabet,False
1935,21,1,21,False,u^21*n^(-s),z*n^(-s),True,True,countable_return_alphabet,False
1936,21,1,21,False,u^21*n^(-s),z*n^(-s),True,True,countable_return_alphabet,False
1937,21,1,21,False,u^21*n^(-s),z*n^(-s),True,True,countable_return_alphabet,False
1938,21,1,21,False,u^21*n^(-s),z*n^(-s),True,True,countable_return_alphabet,False
1939,21,1,21,False,u^21*n^(-s),z*n^(-s),True,True,countable_return_alphabet,False
1940,21,1,21,False,u^21*n^(-s),z*n^(-s),True,True,countable_return_alphabet,False
1941,21,1,21,False,u^21*n^(-s),z*n^(-s),True,True,countable_return_alphabet,False
1942,21,1,21,False,u^21*n^(-s),z*n^(-s),True,True,countable_return_alphabet,False
1943,21,1,21,False,u^21*n^(-s),z*n^(-s),True,True,countable_return_alphabet,False
1944,21,1,21,False,u^21*n^(-s),z*n^(-s),True,True,countable_return_alphabet,False
1945,21,1,21,False,u^21*n^(-s),z*n^(-s),True,True,countable_return_alphabet,False
1946,21,1,21,False,u^21*n^(-s),z*n^(-s),True,True,countable_return_alphabet,False
1947,21,1,21,False,u^21*n^(-s),z*n^(-s),True,True,countable_return_alphabet,False
1948,21,1,21,False,u^21*n^(-s),z*n^(-s),True,True,countable_return_alphabet,False
1949,21,1,21,False,u^21*n^(-s),z*n^(-s),True,True,countable_return_alphabet,False
1950,21,1,21,False,u^21*n^(-s),z*n^(-s),True,True,countable_return_alphabet,False
1951,21,1,21,False,u^21*n^(-s),z*n^(-s),True,True,countable_return_alphabet,False
1952,21,1,21,False,u^21*n^(-s),z*n^(-s),True,True,countable_return_alphabet,False
1953,21,1,21,False,u^21*n^(-s),z*n^(-s),True,True,countable_return_alphabet,False
1954,21,1,21,False,u^21*n^(-s),z*n^(-s),True,True,countable_return_alphabet,False
1955,21,1,21,False,u^21*n^(-s),z*n^(-s),True,True,countable_return_alphabet,False
1956,21,1,21,False,u^21*n^(-s),z*n^(-s),True,True,countable_return_alphabet,False
1957,21,1,21,False,u^21*n^(-s),z*n^(-s),True,True,countable_return_alphabet,False
1958,21,1,21,False,u^21*n^(-s),z*n^(-s),True,True,countable_return_alphabet,False
1959,21,1,21,False,u^21*n^(-s),z*n^(-s),True,True,countable_return_alphabet,False
1960,21,1,21,False,u^21*n^(-s),z*n^(-s),True,True,countable_return_alphabet,False
1961,21,1,21,False,u^21*n^(-s),z*n^(-s),True,True,countable_return_alphabet,False
1962,21,1,21,False,u^21*n^(-s),z*n^(-s),True,True,countable_return_alphabet,False
1963,21,1,21,False,u^21*n^(-s),z*n^(-s),True,True,countable_return_alphabet,False
1964,21,1,21,False,u^21*n^(-s),z*n^(-s),True,True,countable_return_alphabet,False
1965,21,1,21,False,u^21*n^(-s),z*n^(-s),True,True,countable_return_alphabet,False
1966,21,1,21,False,u^21*n^(-s),z*n^(-s),True,True,countable_return_alphabet,False
1967,21,1,21,False,u^21*n^(-s),z*n^(-s),True,True,countable_return_alphabet,False
1968,21,1,21,False,u^21*n^(-s),z*n^(-s),True,True,countable_return_alphabet,False
1969,21,1,21,False,u^21*n^(-s),z*n^(-s),True,True,countable_return_alphabet,False
1970,21,1,21,False,u^21*n^(-s),z*n^(-s),True,True,countable_return_alphabet,False
1971,21,1,21,False,u^21*n^(-s),z*n^(-s),True,True,countable_return_alphabet,False
1972,21,1,21,False,u^21*n^(-s),z*n^(-s),True,True,countable_return_alphabet,False
1973,21,1,21,False,u^21*n^(-s),z*n^(-s),True,True,countable_return_alphabet,False
1974,21,1,21,False,u^21*n^(-s),z*n^(-s),True,True,countable_return_alphabet,False
1975,21,1,21,False,u^21*n^(-s),z*n^(-s),True,True,countable_return_alphabet,False
1976,21,1,21,False,u^21*n^(-s),z*n^(-s),True,True,countable_return_alphabet,False
1977,21,1,21,False,u^21*n^(-s),z*n^(-s),True,True,countable_return_alphabet,False
1978,21,1,21,False,u^21*n^(-s),z*n^(-s),True,True,countable_return_alphabet,False
1979,21,1,21,False,u^21*n^(-s),z*n^(-s),True,True,countable_return_alphabet,False
1980,21,1,21,False,u^21*n^(-s),z*n^(-s),True,True,countable_return_alphabet,False
1981,21,1,21,False,u^21*n^(-s),z*n^(-s),True,True,countable_return_alphabet,False
1982,21,1,21,False,u^21*n^(-s),z*n^(-s),True,True,countable_return_alphabet,False
1983,21,1,21,False,u^21*n^(-s),z*n^(-s),True,True,countable_return_alphabet,False
1984,21,1,21,False,u^21*n^(-s),z*n^(-s),True,True,countable_return_alphabet,False
1985,21,1,21,False,u^21*n^(-s),z*n^(-s),True,True,countable_return_alphabet,False
1986,21,1,21,False,u^21*n^(-s),z*n^(-s),True,True,countable_return_alphabet,False
1987,21,1,21,False,u^21*n^(-s),z*n^(-s),True,True,countable_return_alphabet,False
1988,21,1,21,False,u^21*n^(-s),z*n^(-s),True,True,countable_return_alphabet,False
1989,21,1,21,False,u^21*n^(-s),z*n^(-s),True,True,countable_return_alphabet,False
1990,21,1,21,False,u^21*n^(-s),z*n^(-s),True,True,countable_return_alphabet,False
1991,21,1,21,False,u^21*n^(-s),z*n^(-s),True,True,countable_return_alphabet,False
1992,21,1,21,False,u^21*n^(-s),z*n^(-s),True,True,countable_return_alphabet,False
1993,21,1,21,False,u^21*n^(-s),z*n^(-s),True,True,countable_return_alphabet,False
1994,21,1,21,False,u^21*n^(-s),z*n^(-s),True,True,countable_return_alphabet,False
1995,21,1,21,False,u^21*n^(-s),z*n^(-s),True,True,countable_return_alphabet,False
1996,21,1,21,False,u^21*n^(-s),z*n^(-s),True,True,countable_return_alphabet,False
1997,21,1,21,False,u^21*n^(-s),z*n^(-s),True,True,countable_return_alphabet,False
1998,21,1,21,False,u^21*n^(-s),z*n^(-s),True,True,countable_return_alphabet,False
1999,21,1,21,False,u^21*n^(-s),z*n^(-s),True,True,countable_return_alphabet,False
2000,21,1,21,False,u^21*n^(-s),z*n^(-s),True,True,countable_return_alphabet,False
2001,21,1,21,False,u^21*n^(-s),z*n^(-s),True,True,countable_return_alphabet,False
2002,21,1,21,False,u^21*n^(-s),z*n^(-s),True,True,countable_return_alphabet,False
2003,21,1,21,False,u^21*n^(-s),z*n^(-s),True,True,countable_return_alphabet,False
2004,21,1,21,False,u^21*n^(-s),z*n^(-s),True,True,countable_return_alphabet,False
2005,21,1,21,False,u^21*n^(-s),z*n^(-s),True,True,countable_return_alphabet,False
2006,21,1,21,False,u^21*n^(-s),z*n^(-s),True,True,countable_return_alphabet,False
2007,21,1,21,False,u^21*n^(-s),z*n^(-s),True,True,countable_return_alphabet,False
2008,21,1,21,False,u^21*n^(-s),z*n^(-s),True,True,countable_return_alphabet,False
2009,21,1,21,False,u^21*n^(-s),z*n^(-s),True,True,countable_return_alphabet,False
2010,21,1,21,False,u^21*n^(-s),z*n^(-s),True,True,countable_return_alphabet,False
2011,21,1,21,False,u^21*n^(-s),z*n^(-s),True,True,countable_return_alphabet,False
2012,21,1,21,False,u^21*n^(-s),z*n^(-s),True,True,countable_return_alphabet,False
2013,21,1,21,False,u^21*n^(-s),z*n^(-s),True,True,countable_return_alphabet,False
2014,21,1,21,False,u^21*n^(-s),z*n^(-s),True,True,countable_return_alphabet,False
2015,21,1,21,False,u^21*n^(-s),z*n^(-s),True,True,countable_return_alphabet,False
2016,21,1,21,False,u^21*n^(-s),z*n^(-s),True,True,countable_return_alphabet,False
2017,21,1,21,False,u^21*n^(-s),z*n^(-s),True,True,countable_return_alphabet,False
2018,21,1,21,False,u^21*n^(-s),z*n^(-s),True,True,countable_return_alphabet,False
2019,21,1,21,False,u^21*n^(-s),z*n^(-s),True,True,countable_return_alphabet,False
2020,21,1,21,False,u^21*n^(-s),z*n^(-s),True,True,countable_return_alphabet,False
2021,21,1,21,False,u^21*n^(-s),z*n^(-s),True,True,countable_return_alphabet,False
2022,21,1,21,False,u^21*n^(-s),z*n^(-s),True,True,countable_return_alphabet,False
2023,21,1,21,False,u^21*n^(-s),z*n^(-s),True,True,countable_return_alphabet,False
2024,21,1,21,False,u^21*n^(-s),z*n^(-s),True,True,countable_return_alphabet,False
2025,21,1,21,False,u^21*n^(-s),z*n^(-s),True,True,countable_return_alphabet,False
2026,21,1,21,False,u^21*n^(-s),z*n^(-s),True,True,countable_return_alphabet,False
2027,21,1,21,False,u^21*n^(-s),z*n^(-s),True,True,countable_return_alphabet,False
2028,21,1,21,False,u^21*n^(-s),z*n^(-s),True,True,countable_return_alphabet,False
2029,21,1,21,False,u^21*n^(-s),z*n^(-s),True,True,countable_return_alphabet,False
2030,21,1,21,False,u^21*n^(-s),z*n^(-s),True,True,countable_return_alphabet,False
2031,21,1,21,False,u^21*n^(-s),z*n^(-s),True,True,countable_return_alphabet,False
2032,21,1,21,False,u^21*n^(-s),z*n^(-s),True,True,countable_return_alphabet,False
2033,21,1,21,False,u^21*n^(-s),z*n^(-s),True,True,countable_return_alphabet,False
2034,21,1,21,False,u^21*n^(-s),z*n^(-s),True,True,countable_return_alphabet,False
2035,21,1,21,False,u^21*n^(-s),z*n^(-s),True,True,countable_return_alphabet,False
2036,21,1,21,False,u^21*n^(-s),z*n^(-s),True,True,countable_return_alphabet,False
2037,21,1,21,False,u^21*n^(-s),z*n^(-s),True,True,countable_return_alphabet,False
2038,21,1,21,False,u^21*n^(-s),z*n^(-s),True,True,countable_return_alphabet,False
2039,21,1,21,False,u^21*n^(-s),z*n^(-s),True,True,countable_return_alphabet,False
2040,21,1,21,False,u^21*n^(-s),z*n^(-s),True,True,countable_return_alphabet,False
2041,21,1,21,False,u^21*n^(-s),z*n^(-s),True,True,countable_return_alphabet,False
2042,21,1,21,False,u^21*n^(-s),z*n^(-s),True,True,countable_return_alphabet,False
2043,21,1,21,False,u^21*n^(-s),z*n^(-s),True,True,countable_return_alphabet,False
2044,21,1,21,False,u^21*n^(-s),z*n^(-s),True,True,countable_return_alphabet,False
2045,21,1,21,False,u^21*n^(-s),z*n^(-s),True,True,countable_return_alphabet,False
2046,21,1,21,False,u^21*n^(-s),z*n^(-s),True,True,countable_return_alphabet,False
2047,21,1,21,False,u^21*n^(-s),z*n^(-s),True,True,countable_return_alphabet,False
2048,23,1,23,False,u^23*n^(-s),z*n^(-s),True,True,countable_return_alphabet,False
2049,23,1,23,False,u^23*n^(-s),z*n^(-s),True,True,countable_return_alphabet,False
2050,23,1,23,False,u^23*n^(-s),z*n^(-s),True,True,countable_return_alphabet,False
2051,23,1,23,False,u^23*n^(-s),z*n^(-s),True,True,countable_return_alphabet,False
2052,23,1,23,False,u^23*n^(-s),z*n^(-s),True,True,countable_return_alphabet,False
2053,23,1,23,False,u^23*n^(-s),z*n^(-s),True,True,countable_return_alphabet,False
2054,23,1,23,False,u^23*n^(-s),z*n^(-s),True,True,countable_return_alphabet,False
2055,23,1,23,False,u^23*n^(-s),z*n^(-s),True,True,countable_return_alphabet,False
2056,23,1,23,False,u^23*n^(-s),z*n^(-s),True,True,countable_return_alphabet,False
2057,23,1,23,False,u^23*n^(-s),z*n^(-s),True,True,countable_return_alphabet,False
2058,23,1,23,False,u^23*n^(-s),z*n^(-s),True,True,countable_return_alphabet,False
2059,23,1,23,False,u^23*n^(-s),z*n^(-s),True,True,countable_return_alphabet,False
2060,23,1,23,False,u^23*n^(-s),z*n^(-s),True,True,countable_return_alphabet,False
2061,23,1,23,False,u^23*n^(-s),z*n^(-s),True,True,countable_return_alphabet,False
2062,23,1,23,False,u^23*n^(-s),z*n^(-s),True,True,countable_return_alphabet,False
2063,23,1,23,False,u^23*n^(-s),z*n^(-s),True,True,countable_return_alphabet,False
2064,23,1,23,False,u^23*n^(-s),z*n^(-s),True,True,countable_return_alphabet,False
2065,23,1,23,False,u^23*n^(-s),z*n^(-s),True,True,countable_return_alphabet,False
2066,23,1,23,False,u^23*n^(-s),z*n^(-s),True,True,countable_return_alphabet,False
2067,23,1,23,False,u^23*n^(-s),z*n^(-s),True,True,countable_return_alphabet,False
2068,23,1,23,False,u^23*n^(-s),z*n^(-s),True,True,countable_return_alphabet,False
2069,23,1,23,False,u^23*n^(-s),z*n^(-s),True,True,countable_return_alphabet,False
2070,23,1,23,False,u^23*n^(-s),z*n^(-s),True,True,countable_return_alphabet,False
2071,23,1,23,False,u^23*n^(-s),z*n^(-s),True,True,countable_return_alphabet,False
2072,23,1,23,False,u^23*n^(-s),z*n^(-s),True,True,countable_return_alphabet,False
2073,23,1,23,False,u^23*n^(-s),z*n^(-s),True,True,countable_return_alphabet,False
2074,23,1,23,False,u^23*n^(-s),z*n^(-s),True,True,countable_return_alphabet,False
2075,23,1,23,False,u^23*n^(-s),z*n^(-s),True,True,countable_return_alphabet,False
2076,23,1,23,False,u^23*n^(-s),z*n^(-s),True,True,countable_return_alphabet,False
2077,23,1,23,False,u^23*n^(-s),z*n^(-s),True,True,countable_return_alphabet,False
2078,23,1,23,False,u^23*n^(-s),z*n^(-s),True,True,countable_return_alphabet,False
2079,23,1,23,False,u^23*n^(-s),z*n^(-s),True,True,countable_return_alphabet,False
2080,23,1,23,False,u^23*n^(-s),z*n^(-s),True,True,countable_return_alphabet,False
2081,23,1,23,False,u^23*n^(-s),z*n^(-s),True,True,countable_return_alphabet,False
2082,23,1,23,False,u^23*n^(-s),z*n^(-s),True,True,countable_return_alphabet,False
2083,23,1,23,False,u^23*n^(-s),z*n^(-s),True,True,countable_return_alphabet,False
2084,23,1,23,False,u^23*n^(-s),z*n^(-s),True,True,countable_return_alphabet,False
2085,23,1,23,False,u^23*n^(-s),z*n^(-s),True,True,countable_return_alphabet,False
2086,23,1,23,False,u^23*n^(-s),z*n^(-s),True,True,countable_return_alphabet,False
2087,23,1,23,False,u^23*n^(-s),z*n^(-s),True,True,countable_return_alphabet,False
2088,23,1,23,False,u^23*n^(-s),z*n^(-s),True,True,countable_return_alphabet,False
2089,23,1,23,False,u^23*n^(-s),z*n^(-s),True,True,countable_return_alphabet,False
2090,23,1,23,False,u^23*n^(-s),z*n^(-s),True,True,countable_return_alphabet,False
2091,23,1,23,False,u^23*n^(-s),z*n^(-s),True,True,countable_return_alphabet,False
2092,23,1,23,False,u^23*n^(-s),z*n^(-s),True,True,countable_return_alphabet,False
2093,23,1,23,False,u^23*n^(-s),z*n^(-s),True,True,countable_return_alphabet,False
2094,23,1,23,False,u^23*n^(-s),z*n^(-s),True,True,countable_return_alphabet,False
2095,23,1,23,False,u^23*n^(-s),z*n^(-s),True,True,countable_return_alphabet,False
2096,23,1,23,False,u^23*n^(-s),z*n^(-s),True,True,countable_return_alphabet,False
2097,23,1,23,False,u^23*n^(-s),z*n^(-s),True,True,countable_return_alphabet,False
2098,23,1,23,False,u^23*n^(-s),z*n^(-s),True,True,countable_return_alphabet,False
2099,23,1,23,False,u^23*n^(-s),z*n^(-s),True,True,countable_return_alphabet,False
2100,23,1,23,False,u^23*n^(-s),z*n^(-s),True,True,countable_return_alphabet,False
2101,23,1,23,False,u^23*n^(-s),z*n^(-s),True,True,countable_return_alphabet,False
2102,23,1,23,False,u^23*n^(-s),z*n^(-s),True,True,countable_return_alphabet,False
2103,23,1,23,False,u^23*n^(-s),z*n^(-s),True,True,countable_return_alphabet,False
2104,23,1,23,False,u^23*n^(-s),z*n^(-s),True,True,countable_return_alphabet,False
2105,23,1,23,False,u^23*n^(-s),z*n^(-s),True,True,countable_return_alphabet,False
2106,23,1,23,False,u^23*n^(-s),z*n^(-s),True,True,countable_return_alphabet,False
2107,23,1,23,False,u^23*n^(-s),z*n^(-s),True,True,countable_return_alphabet,False
2108,23,1,23,False,u^23*n^(-s),z*n^(-s),True,True,countable_return_alphabet,False
2109,23,1,23,False,u^23*n^(-s),z*n^(-s),True,True,countable_return_alphabet,False
2110,23,1,23,False,u^23*n^(-s),z*n^(-s),True,True,countable_return_alphabet,False
2111,23,1,23,False,u^23*n^(-s),z*n^(-s),True,True,countable_return_alphabet,False
2112,23,1,23,False,u^23*n^(-s),z*n^(-s),True,True,countable_return_alphabet,False
2113,23,1,23,False,u^23*n^(-s),z*n^(-s),True,True,countable_return_alphabet,False
2114,23,1,23,False,u^23*n^(-s),z*n^(-s),True,True,countable_return_alphabet,False
2115,23,1,23,False,u^23*n^(-s),z*n^(-s),True,True,countable_return_alphabet,False
2116,23,1,23,False,u^23*n^(-s),z*n^(-s),True,True,countable_return_alphabet,False
2117,23,1,23,False,u^23*n^(-s),z*n^(-s),True,True,countable_return_alphabet,False
2118,23,1,23,False,u^23*n^(-s),z*n^(-s),True,True,countable_return_alphabet,False
2119,23,1,23,False,u^23*n^(-s),z*n^(-s),True,True,countable_return_alphabet,False
2120,23,1,23,False,u^23*n^(-s),z*n^(-s),True,True,countable_return_alphabet,False
2121,23,1,23,False,u^23*n^(-s),z*n^(-s),True,True,countable_return_alphabet,False
2122,23,1,23,False,u^23*n^(-s),z*n^(-s),True,True,countable_return_alphabet,False
2123,23,1,23,False,u^23*n^(-s),z*n^(-s),True,True,countable_return_alphabet,False
2124,23,1,23,False,u^23*n^(-s),z*n^(-s),True,True,countable_return_alphabet,False
2125,23,1,23,False,u^23*n^(-s),z*n^(-s),True,True,countable_return_alphabet,False
2126,23,1,23,False,u^23*n^(-s),z*n^(-s),True,True,countable_return_alphabet,False
2127,23,1,23,False,u^23*n^(-s),z*n^(-s),True,True,countable_return_alphabet,False
2128,23,1,23,False,u^23*n^(-s),z*n^(-s),True,True,countable_return_alphabet,False
2129,23,1,23,False,u^23*n^(-s),z*n^(-s),True,True,countable_return_alphabet,False
2130,23,1,23,False,u^23*n^(-s),z*n^(-s),True,True,countable_return_alphabet,False
2131,23,1,23,False,u^23*n^(-s),z*n^(-s),True,True,countable_return_alphabet,False
2132,23,1,23,False,u^23*n^(-s),z*n^(-s),True,True,countable_return_alphabet,False
2133,23,1,23,False,u^23*n^(-s),z*n^(-s),True,True,countable_return_alphabet,False
2134,23,1,23,False,u^23*n^(-s),z*n^(-s),True,True,countable_return_alphabet,False
2135,23,1,23,False,u^23*n^(-s),z*n^(-s),True,True,countable_return_alphabet,False
2136,23,1,23,False,u^23*n^(-s),z*n^(-s),True,True,countable_return_alphabet,False
2137,23,1,23,False,u^23*n^(-s),z*n^(-s),True,True,countable_return_alphabet,False
2138,23,1,23,False,u^23*n^(-s),z*n^(-s),True,True,countable_return_alphabet,False
2139,23,1,23,False,u^23*n^(-s),z*n^(-s),True,True,countable_return_alphabet,False
2140,23,1,23,False,u^23*n^(-s),z*n^(-s),True,True,countable_return_alphabet,False
2141,23,1,23,False,u^23*n^(-s),z*n^(-s),True,True,countable_return_alphabet,False
2142,23,1,23,False,u^23*n^(-s),z*n^(-s),True,True,countable_return_alphabet,False
2143,23,1,23,False,u^23*n^(-s),z*n^(-s),True,True,countable_return_alphabet,False
2144,23,1,23,False,u^23*n^(-s),z*n^(-s),True,True,countable_return_alphabet,False
2145,23,1,23,False,u^23*n^(-s),z*n^(-s),True,True,countable_return_alphabet,False
2146,23,1,23,False,u^23*n^(-s),z*n^(-s),True,True,countable_return_alphabet,False
2147,23,1,23,False,u^23*n^(-s),z*n^(-s),True,True,countable_return_alphabet,False
2148,23,1,23,False,u^23*n^(-s),z*n^(-s),True,True,countable_return_alphabet,False
2149,23,1,23,False,u^23*n^(-s),z*n^(-s),True,True,countable_return_alphabet,False
2150,23,1,23,False,u^23*n^(-s),z*n^(-s),True,True,countable_return_alphabet,False
2151,23,1,23,False,u^23*n^(-s),z*n^(-s),True,True,countable_return_alphabet,False
2152,23,1,23,False,u^23*n^(-s),z*n^(-s),True,True,countable_return_alphabet,False
2153,23,1,23,False,u^23*n^(-s),z*n^(-s),True,True,countable_return_alphabet,False
2154,23,1,23,False,u^23*n^(-s),z*n^(-s),True,True,countable_return_alphabet,False
2155,23,1,23,False,u^23*n^(-s),z*n^(-s),True,True,countable_return_alphabet,False
2156,23,1,23,False,u^23*n^(-s),z*n^(-s),True,True,countable_return_alphabet,False
2157,23,1,23,False,u^23*n^(-s),z*n^(-s),True,True,countable_return_alphabet,False
2158,23,1,23,False,u^23*n^(-s),z*n^(-s),True,True,countable_return_alphabet,False
2159,23,1,23,False,u^23*n^(-s),z*n^(-s),True,True,countable_return_alphabet,False
2160,23,1,23,False,u^23*n^(-s),z*n^(-s),True,True,countable_return_alphabet,False
2161,23,1,23,False,u^23*n^(-s),z*n^(-s),True,True,countable_return_alphabet,False
2162,23,1,23,False,u^23*n^(-s),z*n^(-s),True,True,countable_return_alphabet,False
2163,23,1,23,False,u^23*n^(-s),z*n^(-s),True,True,countable_return_alphabet,False
2164,23,1,23,False,u^23*n^(-s),z*n^(-s),True,True,countable_return_alphabet,False
2165,23,1,23,False,u^23*n^(-s),z*n^(-s),True,True,countable_return_alphabet,False
2166,23,1,23,False,u^23*n^(-s),z*n^(-s),True,True,countable_return_alphabet,False
2167,23,1,23,False,u^23*n^(-s),z*n^(-s),True,True,countable_return_alphabet,False
2168,23,1,23,False,u^23*n^(-s),z*n^(-s),True,True,countable_return_alphabet,False
2169,23,1,23,False,u^23*n^(-s),z*n^(-s),True,True,countable_return_alphabet,False
2170,23,1,23,False,u^23*n^(-s),z*n^(-s),True,True,countable_return_alphabet,False
2171,23,1,23,False,u^23*n^(-s),z*n^(-s),True,True,countable_return_alphabet,False
2172,23,1,23,False,u^23*n^(-s),z*n^(-s),True,True,countable_return_alphabet,False
2173,23,1,23,False,u^23*n^(-s),z*n^(-s),True,True,countable_return_alphabet,False
2174,23,1,23,False,u^23*n^(-s),z*n^(-s),True,True,countable_return_alphabet,False
2175,23,1,23,False,u^23*n^(-s),z*n^(-s),True,True,countable_return_alphabet,False
2176,23,1,23,False,u^23*n^(-s),z*n^(-s),True,True,countable_return_alphabet,False
2177,23,1,23,False,u^23*n^(-s),z*n^(-s),True,True,countable_return_alphabet,False
2178,23,1,23,False,u^23*n^(-s),z*n^(-s),True,True,countable_return_alphabet,False
2179,23,1,23,False,u^23*n^(-s),z*n^(-s),True,True,countable_return_alphabet,False
2180,23,1,23,False,u^23*n^(-s),z*n^(-s),True,True,countable_return_alphabet,False
2181,23,1,23,False,u^23*n^(-s),z*n^(-s),True,True,countable_return_alphabet,False
2182,23,1,23,False,u^23*n^(-s),z*n^(-s),True,True,countable_return_alphabet,False
2183,23,1,23,False,u^23*n^(-s),z*n^(-s),True,True,countable_return_alphabet,False
2184,23,1,23,False,u^23*n^(-s),z*n^(-s),True,True,countable_return_alphabet,False
2185,23,1,23,False,u^23*n^(-s),z*n^(-s),True,True,countable_return_alphabet,False
2186,23,1,23,False,u^23*n^(-s),z*n^(-s),True,True,countable_return_alphabet,False
2187,23,1,23,False,u^23*n^(-s),z*n^(-s),True,True,countable_return_alphabet,False
2188,23,1,23,False,u^23*n^(-s),z*n^(-s),True,True,countable_return_alphabet,False
2189,23,1,23,False,u^23*n^(-s),z*n^(-s),True,True,countable_return_alphabet,False
2190,23,1,23,False,u^23*n^(-s),z*n^(-s),True,True,countable_return_alphabet,False
2191,23,1,23,False,u^23*n^(-s),z*n^(-s),True,True,countable_return_alphabet,False
2192,23,1,23,False,u^23*n^(-s),z*n^(-s),True,True,countable_return_alphabet,False
2193,23,1,23,False,u^23*n^(-s),z*n^(-s),True,True,countable_return_alphabet,False
2194,23,1,23,False,u^23*n^(-s),z*n^(-s),True,True,countable_return_alphabet,False
2195,23,1,23,False,u^23*n^(-s),z*n^(-s),True,True,countable_return_alphabet,False
2196,23,1,23,False,u^23*n^(-s),z*n^(-s),True,True,countable_return_alphabet,False
2197,23,1,23,False,u^23*n^(-s),z*n^(-s),True,True,countable_return_alphabet,False
2198,23,1,23,False,u^23*n^(-s),z*n^(-s),True,True,countable_return_alphabet,False
2199,23,1,23,False,u^23*n^(-s),z*n^(-s),True,True,countable_return_alphabet,False
2200,23,1,23,False,u^23*n^(-s),z*n^(-s),True,True,countable_return_alphabet,False
2201,23,1,23,False,u^23*n^(-s),z*n^(-s),True,True,countable_return_alphabet,False
2202,23,1,23,False,u^23*n^(-s),z*n^(-s),True,True,countable_return_alphabet,False
2203,23,1,23,False,u^23*n^(-s),z*n^(-s),True,True,countable_return_alphabet,False
2204,23,1,23,False,u^23*n^(-s),z*n^(-s),True,True,countable_return_alphabet,False
2205,23,1,23,False,u^23*n^(-s),z*n^(-s),True,True,countable_return_alphabet,False
2206,23,1,23,False,u^23*n^(-s),z*n^(-s),True,True,countable_return_alphabet,False
2207,23,1,23,False,u^23*n^(-s),z*n^(-s),True,True,countable_return_alphabet,False
2208,23,1,23,False,u^23*n^(-s),z*n^(-s),True,True,countable_return_alphabet,False
2209,23,1,23,False,u^23*n^(-s),z*n^(-s),True,True,countable_return_alphabet,False
2210,23,1,23,False,u^23*n^(-s),z*n^(-s),True,True,countable_return_alphabet,False
2211,23,1,23,False,u^23*n^(-s),z*n^(-s),True,True,countable_return_alphabet,False
2212,23,1,23,False,u^23*n^(-s),z*n^(-s),True,True,countable_return_alphabet,False
2213,23,1,23,False,u^23*n^(-s),z*n^(-s),True,True,countable_return_alphabet,False
2214,23,1,23,False,u^23*n^(-s),z*n^(-s),True,True,countable_return_alphabet,False
2215,23,1,23,False,u^23*n^(-s),z*n^(-s),True,True,countable_return_alphabet,False
2216,23,1,23,False,u^23*n^(-s),z*n^(-s),True,True,countable_return_alphabet,False
2217,23,1,23,False,u^23*n^(-s),z*n^(-s),True,True,countable_return_alphabet,False
2218,23,1,23,False,u^23*n^(-s),z*n^(-s),True,True,countable_return_alphabet,False
2219,23,1,23,False,u^23*n^(-s),z*n^(-s),True,True,countable_return_alphabet,False
2220,23,1,23,False,u^23*n^(-s),z*n^(-s),True,True,countable_return_alphabet,False
2221,23,1,23,False,u^23*n^(-s),z*n^(-s),True,True,countable_return_alphabet,False
2222,23,1,23,False,u^23*n^(-s),z*n^(-s),True,True,countable_return_alphabet,False
2223,23,1,23,False,u^23*n^(-s),z*n^(-s),True,True,countable_return_alphabet,False
2224,23,1,23,False,u^23*n^(-s),z*n^(-s),True,True,countable_return_alphabet,False
2225,23,1,23,False,u^23*n^(-s),z*n^(-s),True,True,countable_return_alphabet,False
2226,23,1,23,False,u^23*n^(-s),z*n^(-s),True,True,countable_return_alphabet,False
2227,23,1,23,False,u^23*n^(-s),z*n^(-s),True,True,countable_return_alphabet,False
2228,23,1,23,False,u^23*n^(-s),z*n^(-s),True,True,countable_return_alphabet,False
2229,23,1,23,False,u^23*n^(-s),z*n^(-s),True,True,countable_return_alphabet,False
2230,23,1,23,False,u^23*n^(-s),z*n^(-s),True,True,countable_return_alphabet,False
2231,23,1,23,False,u^23*n^(-s),z*n^(-s),True,True,countable_return_alphabet,False
2232,23,1,23,False,u^23*n^(-s),z*n^(-s),True,True,countable_return_alphabet,False
2233,23,1,23,False,u^23*n^(-s),z*n^(-s),True,True,countable_return_alphabet,False
2234,23,1,23,False,u^23*n^(-s),z*n^(-s),True,True,countable_return_alphabet,False
2235,23,1,23,False,u^23*n^(-s),z*n^(-s),True,True,countable_return_alphabet,False
2236,23,1,23,False,u^23*n^(-s),z*n^(-s),True,True,countable_return_alphabet,False
2237,23,1,23,False,u^23*n^(-s),z*n^(-s),True,True,countable_return_alphabet,False
2238,23,1,23,False,u^23*n^(-s),z*n^(-s),True,True,countable_return_alphabet,False
2239,23,1,23,False,u^23*n^(-s),z*n^(-s),True,True,countable_return_alphabet,False
2240,23,1,23,False,u^23*n^(-s),z*n^(-s),True,True,countable_return_alphabet,False
2241,23,1,23,False,u^23*n^(-s),z*n^(-s),True,True,countable_return_alphabet,False
2242,23,1,23,False,u^23*n^(-s),z*n^(-s),True,True,countable_return_alphabet,False
2243,23,1,23,False,u^23*n^(-s),z*n^(-s),True,True,countable_return_alphabet,False
2244,23,1,23,False,u^23*n^(-s),z*n^(-s),True,True,countable_return_alphabet,False
2245,23,1,23,False,u^23*n^(-s),z*n^(-s),True,True,countable_return_alphabet,False
2246,23,1,23,False,u^23*n^(-s),z*n^(-s),True,True,countable_return_alphabet,False
2247,23,1,23,False,u^23*n^(-s),z*n^(-s),True,True,countable_return_alphabet,False
2248,23,1,23,False,u^23*n^(-s),z*n^(-s),True,True,countable_return_alphabet,False
2249,23,1,23,False,u^23*n^(-s),z*n^(-s),True,True,countable_return_alphabet,False
2250,23,1,23,False,u^23*n^(-s),z*n^(-s),True,True,countable_return_alphabet,False
2251,23,1,23,False,u^23*n^(-s),z*n^(-s),True,True,countable_return_alphabet,False
2252,23,1,23,False,u^23*n^(-s),z*n^(-s),True,True,countable_return_alphabet,False
2253,23,1,23,False,u^23*n^(-s),z*n^(-s),True,True,countable_return_alphabet,False
2254,23,1,23,False,u^23*n^(-s),z*n^(-s),True,True,countable_return_alphabet,False
2255,23,1,23,False,u^23*n^(-s),z*n^(-s),True,True,countable_return_alphabet,False
2256,23,1,23,False,u^23*n^(-s),z*n^(-s),True,True,countable_return_alphabet,False
2257,23,1,23,False,u^23*n^(-s),z*n^(-s),True,True,countable_return_alphabet,False
2258,23,1,23,False,u^23*n^(-s),z*n^(-s),True,True,countable_return_alphabet,False
2259,23,1,23,False,u^23*n^(-s),z*n^(-s),True,True,countable_return_alphabet,False
2260,23,1,23,False,u^23*n^(-s),z*n^(-s),True,True,countable_return_alphabet,False
2261,23,1,23,False,u^23*n^(-s),z*n^(-s),True,True,countable_return_alphabet,False
2262,23,1,23,False,u^23*n^(-s),z*n^(-s),True,True,countable_return_alphabet,False
2263,23,1,23,False,u^23*n^(-s),z*n^(-s),True,True,countable_return_alphabet,False
2264,23,1,23,False,u^23*n^(-s),z*n^(-s),True,True,countable_return_alphabet,False
2265,23,1,23,False,u^23*n^(-s),z*n^(-s),True,True,countable_return_alphabet,False
2266,23,1,23,False,u^23*n^(-s),z*n^(-s),True,True,countable_return_alphabet,False
2267,23,1,23,False,u^23*n^(-s),z*n^(-s),True,True,countable_return_alphabet,False
2268,23,1,23,False,u^23*n^(-s),z*n^(-s),True,True,countable_return_alphabet,False
2269,23,1,23,False,u^23*n^(-s),z*n^(-s),True,True,countable_return_alphabet,False
2270,23,1,23,False,u^23*n^(-s),z*n^(-s),True,True,countable_return_alphabet,False
2271,23,1,23,False,u^23*n^(-s),z*n^(-s),True,True,countable_return_alphabet,False
2272,23,1,23,False,u^23*n^(-s),z*n^(-s),True,True,countable_return_alphabet,False
2273,23,1,23,False,u^23*n^(-s),z*n^(-s),True,True,countable_return_alphabet,False
2274,23,1,23,False,u^23*n^(-s),z*n^(-s),True,True,countable_return_alphabet,False
2275,23,1,23,False,u^23*n^(-s),z*n^(-s),True,True,countable_return_alphabet,False
2276,23,1,23,False,u^23*n^(-s),z*n^(-s),True,True,countable_return_alphabet,False
2277,23,1,23,False,u^23*n^(-s),z*n^(-s),True,True,countable_return_alphabet,False
2278,23,1,23,False,u^23*n^(-s),z*n^(-s),True,True,countable_return_alphabet,False
2279,23,1,23,False,u^23*n^(-s),z*n^(-s),True,True,countable_return_alphabet,False
2280,23,1,23,False,u^23*n^(-s),z*n^(-s),True,True,countable_return_alphabet,False
2281,23,1,23,False,u^23*n^(-s),z*n^(-s),True,True,countable_return_alphabet,False
2282,23,1,23,False,u^23*n^(-s),z*n^(-s),True,True,countable_return_alphabet,False
2283,23,1,23,False,u^23*n^(-s),z*n^(-s),True,True,countable_return_alphabet,False
2284,23,1,23,False,u^23*n^(-s),z*n^(-s),True,True,countable_return_alphabet,False
2285,23,1,23,False,u^23*n^(-s),z*n^(-s),True,True,countable_return_alphabet,False
2286,23,1,23,False,u^23*n^(-s),z*n^(-s),True,True,countable_return_alphabet,False
2287,23,1,23,False,u^23*n^(-s),z*n^(-s),True,True,countable_return_alphabet,False
2288,23,1,23,False,u^23*n^(-s),z*n^(-s),True,True,countable_return_alphabet,False
2289,23,1,23,False,u^23*n^(-s),z*n^(-s),True,True,countable_return_alphabet,False
2290,23,1,23,False,u^23*n^(-s),z*n^(-s),True,True,countable_return_alphabet,False
2291,23,1,23,False,u^23*n^(-s),z*n^(-s),True,True,countable_return_alphabet,False
2292,23,1,23,False,u^23*n^(-s),z*n^(-s),True,True,countable_return_alphabet,False
2293,23,1,23,False,u^23*n^(-s),z*n^(-s),True,True,countable_return_alphabet,False
2294,23,1,23,False,u^23*n^(-s),z*n^(-s),True,True,countable_return_alphabet,False
2295,23,1,23,False,u^23*n^(-s),z*n^(-s),True,True,countable_return_alphabet,False
2296,23,1,23,False,u^23*n^(-s),z*n^(-s),True,True,countable_return_alphabet,False
2297,23,1,23,False,u^23*n^(-s),z*n^(-s),True,True,countable_return_alphabet,False
2298,23,1,23,False,u^23*n^(-s),z*n^(-s),True,True,countable_return_alphabet,False
2299,23,1,23,False,u^23*n^(-s),z*n^(-s),True,True,countable_return_alphabet,False
2300,23,1,23,False,u^23*n^(-s),z*n^(-s),True,True,countable_return_alphabet,False
2301,23,1,23,False,u^23*n^(-s),z*n^(-s),True,True,countable_return_alphabet,False
2302,23,1,23,False,u^23*n^(-s),z*n^(-s),True,True,countable_return_alphabet,False
2303,23,1,23,False,u^23*n^(-s),z*n^(-s),True,True,countable_return_alphabet,False
2304,23,1,23,False,u^23*n^(-s),z*n^(-s),True,True,countable_return_alphabet,False
2305,23,1,23,False,u^23*n^(-s),z*n^(-s),True,True,countable_return_alphabet,False
2306,23,1,23,False,u^23*n^(-s),z*n^(-s),True,True,countable_return_alphabet,False
2307,23,1,23,False,u^23*n^(-s),z*n^(-s),True,True,countable_return_alphabet,False
2308,23,1,23,False,u^23*n^(-s),z*n^(-s),True,True,countable_return_alphabet,False
2309,23,1,23,False,u^23*n^(-s),z*n^(-s),True,True,countable_return_alphabet,False
2310,23,1,23,False,u^23*n^(-s),z*n^(-s),True,True,countable_return_alphabet,False
2311,23,1,23,False,u^23*n^(-s),z*n^(-s),True,True,countable_return_alphabet,False
2312,23,1,23,False,u^23*n^(-s),z*n^(-s),True,True,countable_return_alphabet,False
2313,23,1,23,False,u^23*n^(-s),z*n^(-s),True,True,countable_return_alphabet,False
2314,23,1,23,False,u^23*n^(-s),z*n^(-s),True,True,countable_return_alphabet,False
2315,23,1,23,False,u^23*n^(-s),z*n^(-s),True,True,countable_return_alphabet,False
2316,23,1,23,False,u^23*n^(-s),z*n^(-s),True,True,countable_return_alphabet,False
2317,23,1,23,False,u^23*n^(-s),z*n^(-s),True,True,countable_return_alphabet,False
2318,23,1,23,False,u^23*n^(-s),z*n^(-s),True,True,countable_return_alphabet,False
2319,23,1,23,False,u^23*n^(-s),z*n^(-s),True,True,countable_return_alphabet,False
2320,23,1,23,False,u^23*n^(-s),z*n^(-s),True,True,countable_return_alphabet,False
2321,23,1,23,False,u^23*n^(-s),z*n^(-s),True,True,countable_return_alphabet,False
2322,23,1,23,False,u^23*n^(-s),z*n^(-s),True,True,countable_return_alphabet,False
2323,23,1,23,False,u^23*n^(-s),z*n^(-s),True,True,countable_return_alphabet,False
2324,23,1,23,False,u^23*n^(-s),z*n^(-s),True,True,countable_return_alphabet,False
2325,23,1,23,False,u^23*n^(-s),z*n^(-s),True,True,countable_return_alphabet,False
2326,23,1,23,False,u^23*n^(-s),z*n^(-s),True,True,countable_return_alphabet,False
2327,23,1,23,False,u^23*n^(-s),z*n^(-s),True,True,countable_return_alphabet,False
2328,23,1,23,False,u^23*n^(-s),z*n^(-s),True,True,countable_return_alphabet,False
2329,23,1,23,False,u^23*n^(-s),z*n^(-s),True,True,countable_return_alphabet,False
2330,23,1,23,False,u^23*n^(-s),z*n^(-s),True,True,countable_return_alphabet,False
2331,23,1,23,False,u^23*n^(-s),z*n^(-s),True,True,countable_return_alphabet,False
2332,23,1,23,False,u^23*n^(-s),z*n^(-s),True,True,countable_return_alphabet,False
2333,23,1,23,False,u^23*n^(-s),z*n^(-s),True,True,countable_return_alphabet,False
2334,23,1,23,False,u^23*n^(-s),z*n^(-s),True,True,countable_return_alphabet,False
2335,23,1,23,False,u^23*n^(-s),z*n^(-s),True,True,countable_return_alphabet,False
2336,23,1,23,False,u^23*n^(-s),z*n^(-s),True,True,countable_return_alphabet,False
2337,23,1,23,False,u^23*n^(-s),z*n^(-s),True,True,countable_return_alphabet,False
2338,23,1,23,False,u^23*n^(-s),z*n^(-s),True,True,countable_return_alphabet,False
2339,23,1,23,False,u^23*n^(-s),z*n^(-s),True,True,countable_return_alphabet,False
2340,23,1,23,False,u^23*n^(-s),z*n^(-s),True,True,countable_return_alphabet,False
2341,23,1,23,False,u^23*n^(-s),z*n^(-s),True,True,countable_return_alphabet,False
2342,23,1,23,False,u^23*n^(-s),z*n^(-s),True,True,countable_return_alphabet,False
2343,23,1,23,False,u^23*n^(-s),z*n^(-s),True,True,countable_return_alphabet,False
2344,23,1,23,False,u^23*n^(-s),z*n^(-s),True,True,countable_return_alphabet,False
2345,23,1,23,False,u^23*n^(-s),z*n^(-s),True,True,countable_return_alphabet,False
2346,23,1,23,False,u^23*n^(-s),z*n^(-s),True,True,countable_return_alphabet,False
2347,23,1,23,False,u^23*n^(-s),z*n^(-s),True,True,countable_return_alphabet,False
2348,23,1,23,False,u^23*n^(-s),z*n^(-s),True,True,countable_return_alphabet,False
2349,23,1,23,False,u^23*n^(-s),z*n^(-s),True,True,countable_return_alphabet,False
2350,23,1,23,False,u^23*n^(-s),z*n^(-s),True,True,countable_return_alphabet,False
2351,23,1,23,False,u^23*n^(-s),z*n^(-s),True,True,countable_return_alphabet,False
2352,23,1,23,False,u^23*n^(-s),z*n^(-s),True,True,countable_return_alphabet,False
2353,23,1,23,False,u^23*n^(-s),z*n^(-s),True,True,countable_return_alphabet,False
2354,23,1,23,False,u^23*n^(-s),z*n^(-s),True,True,countable_return_alphabet,False
2355,23,1,23,False,u^23*n^(-s),z*n^(-s),True,True,countable_return_alphabet,False
2356,23,1,23,False,u^23*n^(-s),z*n^(-s),True,True,countable_return_alphabet,False
2357,23,1,23,False,u^23*n^(-s),z*n^(-s),True,True,countable_return_alphabet,False
2358,23,1,23,False,u^23*n^(-s),z*n^(-s),True,True,countable_return_alphabet,False
2359,23,1,23,False,u^23*n^(-s),z*n^(-s),True,True,countable_return_alphabet,False
2360,23,1,23,False,u^23*n^(-s),z*n^(-s),True,True,countable_return_alphabet,False
2361,23,1,23,False,u^23*n^(-s),z*n^(-s),True,True,countable_return_alphabet,False
2362,23,1,23,False,u^23*n^(-s),z*n^(-s),True,True,countable_return_alphabet,False
2363,23,1,23,False,u^23*n^(-s),z*n^(-s),True,True,countable_return_alphabet,False
2364,23,1,23,False,u^23*n^(-s),z*n^(-s),True,True,countable_return_alphabet,False
2365,23,1,23,False,u^23*n^(-s),z*n^(-s),True,True,countable_return_alphabet,False
2366,23,1,23,False,u^23*n^(-s),z*n^(-s),True,True,countable_return_alphabet,False
2367,23,1,23,False,u^23*n^(-s),z*n^(-s),True,True,countable_return_alphabet,False
2368,23,1,23,False,u^23*n^(-s),z*n^(-s),True,True,countable_return_alphabet,False
2369,23,1,23,False,u^23*n^(-s),z*n^(-s),True,True,countable_return_alphabet,False
2370,23,1,23,False,u^23*n^(-s),z*n^(-s),True,True,countable_return_alphabet,False
2371,23,1,23,False,u^23*n^(-s),z*n^(-s),True,True,countable_return_alphabet,False
2372,23,1,23,False,u^23*n^(-s),z*n^(-s),True,True,countable_return_alphabet,False
2373,23,1,23,False,u^23*n^(-s),z*n^(-s),True,True,countable_return_alphabet,False
2374,23,1,23,False,u^23*n^(-s),z*n^(-s),True,True,countable_return_alphabet,False
2375,23,1,23,False,u^23*n^(-s),z*n^(-s),True,True,countable_return_alphabet,False
2376,23,1,23,False,u^23*n^(-s),z*n^(-s),True,True,countable_return_alphabet,False
2377,23,1,23,False,u^23*n^(-s),z*n^(-s),True,True,countable_return_alphabet,False
2378,23,1,23,False,u^23*n^(-s),z*n^(-s),True,True,countable_return_alphabet,False
2379,23,1,23,False,u^23*n^(-s),z*n^(-s),True,True,countable_return_alphabet,False
2380,23,1,23,False,u^23*n^(-s),z*n^(-s),True,True,countable_return_alphabet,False
2381,23,1,23,False,u^23*n^(-s),z*n^(-s),True,True,countable_return_alphabet,False
2382,23,1,23,False,u^23*n^(-s),z*n^(-s),True,True,countable_return_alphabet,False
2383,23,1,23,False,u^23*n^(-s),z*n^(-s),True,True,countable_return_alphabet,False
2384,23,1,23,False,u^23*n^(-s),z*n^(-s),True,True,countable_return_alphabet,False
2385,23,1,23,False,u^23*n^(-s),z*n^(-s),True,True,countable_return_alphabet,False
2386,23,1,23,False,u^23*n^(-s),z*n^(-s),True,True,countable_return_alphabet,False
2387,23,1,23,False,u^23*n^(-s),z*n^(-s),True,True,countable_return_alphabet,False
2388,23,1,23,False,u^23*n^(-s),z*n^(-s),True,True,countable_return_alphabet,False
2389,23,1,23,False,u^23*n^(-s),z*n^(-s),True,True,countable_return_alphabet,False
2390,23,1,23,False,u^23*n^(-s),z*n^(-s),True,True,countable_return_alphabet,False
2391,23,1,23,False,u^23*n^(-s),z*n^(-s),True,True,countable_return_alphabet,False
2392,23,1,23,False,u^23*n^(-s),z*n^(-s),True,True,countable_return_alphabet,False
2393,23,1,23,False,u^23*n^(-s),z*n^(-s),True,True,countable_return_alphabet,False
2394,23,1,23,False,u^23*n^(-s),z*n^(-s),True,True,countable_return_alphabet,False
2395,23,1,23,False,u^23*n^(-s),z*n^(-s),True,True,countable_return_alphabet,False
2396,23,1,23,False,u^23*n^(-s),z*n^(-s),True,True,countable_return_alphabet,False
2397,23,1,23,False,u^23*n^(-s),z*n^(-s),True,True,countable_return_alphabet,False
2398,23,1,23,False,u^23*n^(-s),z*n^(-s),True,True,countable_return_alphabet,False
2399,23,1,23,False,u^23*n^(-s),z*n^(-s),True,True,countable_return_alphabet,False
2400,23,1,23,False,u^23*n^(-s),z*n^(-s),True,True,countable_return_alphabet,False
2401,23,1,23,False,u^23*n^(-s),z*n^(-s),True,True,countable_return_alphabet,False
2402,23,1,23,False,u^23*n^(-s),z*n^(-s),True,True,countable_return_alphabet,False
2403,23,1,23,False,u^23*n^(-s),z*n^(-s),True,True,countable_return_alphabet,False
2404,23,1,23,False,u^23*n^(-s),z*n^(-s),True,True,countable_return_alphabet,False
2405,23,1,23,False,u^23*n^(-s),z*n^(-s),True,True,countable_return_alphabet,False
2406,23,1,23,False,u^23*n^(-s),z*n^(-s),True,True,countable_return_alphabet,False
2407,23,1,23,False,u^23*n^(-s),z*n^(-s),True,True,countable_return_alphabet,False
2408,23,1,23,False,u^23*n^(-s),z*n^(-s),True,True,countable_return_alphabet,False
2409,23,1,23,False,u^23*n^(-s),z*n^(-s),True,True,countable_return_alphabet,False
2410,23,1,23,False,u^23*n^(-s),z*n^(-s),True,True,countable_return_alphabet,False
2411,23,1,23,False,u^23*n^(-s),z*n^(-s),True,True,countable_return_alphabet,False
2412,23,1,23,False,u^23*n^(-s),z*n^(-s),True,True,countable_return_alphabet,False
2413,23,1,23,False,u^23*n^(-s),z*n^(-s),True,True,countable_return_alphabet,False
2414,23,1,23,False,u^23*n^(-s),z*n^(-s),True,True,countable_return_alphabet,False
2415,23,1,23,False,u^23*n^(-s),z*n^(-s),True,True,countable_return_alphabet,False
2416,23,1,23,False,u^23*n^(-s),z*n^(-s),True,True,countable_return_alphabet,False
2417,23,1,23,False,u^23*n^(-s),z*n^(-s),True,True,countable_return_alphabet,False
2418,23,1,23,False,u^23*n^(-s),z*n^(-s),True,True,countable_return_alphabet,False
2419,23,1,23,False,u^23*n^(-s),z*n^(-s),True,True,countable_return_alphabet,False
2420,23,1,23,False,u^23*n^(-s),z*n^(-s),True,True,countable_return_alphabet,False
2421,23,1,23,False,u^23*n^(-s),z*n^(-s),True,True,countable_return_alphabet,False
2422,23,1,23,False,u^23*n^(-s),z*n^(-s),True,True,countable_return_alphabet,False
2423,23,1,23,False,u^23*n^(-s),z*n^(-s),True,True,countable_return_alphabet,False
2424,23,1,23,False,u^23*n^(-s),z*n^(-s),True,True,countable_return_alphabet,False
2425,23,1,23,False,u^23*n^(-s),z*n^(-s),True,True,countable_return_alphabet,False
2426,23,1,23,False,u^23*n^(-s),z*n^(-s),True,True,countable_return_alphabet,False
2427,23,1,23,False,u^23*n^(-s),z*n^(-s),True,True,countable_return_alphabet,False
2428,23,1,23,False,u^23*n^(-s),z*n^(-s),True,True,countable_return_alphabet,False
2429,23,1,23,False,u^23*n^(-s),z*n^(-s),True,True,countable_return_alphabet,False
2430,23,1,23,False,u^23*n^(-s),z*n^(-s),True,True,countable_return_alphabet,False
2431,23,1,23,False,u^23*n^(-s),z*n^(-s),True,True,countable_return_alphabet,False
2432,23,1,23,False,u^23*n^(-s),z*n^(-s),True,True,countable_return_alphabet,False
2433,23,1,23,False,u^23*n^(-s),z*n^(-s),True,True,countable_return_alphabet,False
2434,23,1,23,False,u^23*n^(-s),z*n^(-s),True,True,countable_return_alphabet,False
2435,23,1,23,False,u^23*n^(-s),z*n^(-s),True,True,countable_return_alphabet,False
2436,23,1,23,False,u^23*n^(-s),z*n^(-s),True,True,countable_return_alphabet,False
2437,23,1,23,False,u^23*n^(-s),z*n^(-s),True,True,countable_return_alphabet,False
2438,23,1,23,False,u^23*n^(-s),z*n^(-s),True,True,countable_return_alphabet,False
2439,23,1,23,False,u^23*n^(-s),z*n^(-s),True,True,countable_return_alphabet,False
2440,23,1,23,False,u^23*n^(-s),z*n^(-s),True,True,countable_return_alphabet,False
2441,23,1,23,False,u^23*n^(-s),z*n^(-s),True,True,countable_return_alphabet,False
2442,23,1,23,False,u^23*n^(-s),z*n^(-s),True,True,countable_return_alphabet,False
2443,23,1,23,False,u^23*n^(-s),z*n^(-s),True,True,countable_return_alphabet,False
2444,23,1,23,False,u^23*n^(-s),z*n^(-s),True,True,countable_return_alphabet,False
2445,23,1,23,False,u^23*n^(-s),z*n^(-s),True,True,countable_return_alphabet,False
2446,23,1,23,False,u^23*n^(-s),z*n^(-s),True,True,countable_return_alphabet,False
2447,23,1,23,False,u^23*n^(-s),z*n^(-s),True,True,countable_return_alphabet,False
2448,23,1,23,False,u^23*n^(-s),z*n^(-s),True,True,countable_return_alphabet,False
2449,23,1,23,False,u^23*n^(-s),z*n^(-s),True,True,countable_return_alphabet,False
2450,23,1,23,False,u^23*n^(-s),z*n^(-s),True,True,countable_return_alphabet,False
2451,23,1,23,False,u^23*n^(-s),z*n^(-s),True,True,countable_return_alphabet,False
2452,23,1,23,False,u^23*n^(-s),z*n^(-s),True,True,countable_return_alphabet,False
2453,23,1,23,False,u^23*n^(-s),z*n^(-s),True,True,countable_return_alphabet,False
2454,23,1,23,False,u^23*n^(-s),z*n^(-s),True,True,countable_return_alphabet,False
2455,23,1,23,False,u^23*n^(-s),z*n^(-s),True,True,countable_return_alphabet,False
2456,23,1,23,False,u^23*n^(-s),z*n^(-s),True,True,countable_return_alphabet,False
2457,23,1,23,False,u^23*n^(-s),z*n^(-s),True,True,countable_return_alphabet,False
2458,23,1,23,False,u^23*n^(-s),z*n^(-s),True,True,countable_return_alphabet,False
2459,23,1,23,False,u^23*n^(-s),z*n^(-s),True,True,countable_return_alphabet,False
2460,23,1,23,False,u^23*n^(-s),z*n^(-s),True,True,countable_return_alphabet,False
2461,23,1,23,False,u^23*n^(-s),z*n^(-s),True,True,countable_return_alphabet,False
2462,23,1,23,False,u^23*n^(-s),z*n^(-s),True,True,countable_return_alphabet,False
2463,23,1,23,False,u^23*n^(-s),z*n^(-s),True,True,countable_return_alphabet,False
2464,23,1,23,False,u^23*n^(-s),z*n^(-s),True,True,countable_return_alphabet,False
2465,23,1,23,False,u^23*n^(-s),z*n^(-s),True,True,countable_return_alphabet,False
2466,23,1,23,False,u^23*n^(-s),z*n^(-s),True,True,countable_return_alphabet,False
2467,23,1,23,False,u^23*n^(-s),z*n^(-s),True,True,countable_return_alphabet,False
2468,23,1,23,False,u^23*n^(-s),z*n^(-s),True,True,countable_return_alphabet,False
2469,23,1,23,False,u^23*n^(-s),z*n^(-s),True,True,countable_return_alphabet,False
2470,23,1,23,False,u^23*n^(-s),z*n^(-s),True,True,countable_return_alphabet,False
2471,23,1,23,False,u^23*n^(-s),z*n^(-s),True,True,countable_return_alphabet,False
2472,23,1,23,False,u^23*n^(-s),z*n^(-s),True,True,countable_return_alphabet,False
2473,23,1,23,False,u^23*n^(-s),z*n^(-s),True,True,countable_return_alphabet,False
2474,23,1,23,False,u^23*n^(-s),z*n^(-s),True,True,countable_return_alphabet,False
2475,23,1,23,False,u^23*n^(-s),z*n^(-s),True,True,countable_return_alphabet,False
2476,23,1,23,False,u^23*n^(-s),z*n^(-s),True,True,countable_return_alphabet,False
2477,23,1,23,False,u^23*n^(-s),z*n^(-s),True,True,countable_return_alphabet,False
2478,23,1,23,False,u^23*n^(-s),z*n^(-s),True,True,countable_return_alphabet,False
2479,23,1,23,False,u^23*n^(-s),z*n^(-s),True,True,countable_return_alphabet,False
2480,23,1,23,False,u^23*n^(-s),z*n^(-s),True,True,countable_return_alphabet,False
2481,23,1,23,False,u^23*n^(-s),z*n^(-s),True,True,countable_return_alphabet,False
2482,23,1,23,False,u^23*n^(-s),z*n^(-s),True,True,countable_return_alphabet,False
2483,23,1,23,False,u^23*n^(-s),z*n^(-s),True,True,countable_return_alphabet,False
2484,23,1,23,False,u^23*n^(-s),z*n^(-s),True,True,countable_return_alphabet,False
2485,23,1,23,False,u^23*n^(-s),z*n^(-s),True,True,countable_return_alphabet,False
2486,23,1,23,False,u^23*n^(-s),z*n^(-s),True,True,countable_return_alphabet,False
2487,23,1,23,False,u^23*n^(-s),z*n^(-s),True,True,countable_return_alphabet,False
2488,23,1,23,False,u^23*n^(-s),z*n^(-s),True,True,countable_return_alphabet,False
2489,23,1,23,False,u^23*n^(-s),z*n^(-s),True,True,countable_return_alphabet,False
2490,23,1,23,False,u^23*n^(-s),z*n^(-s),True,True,countable_return_alphabet,False
2491,23,1,23,False,u^23*n^(-s),z*n^(-s),True,True,countable_return_alphabet,False
2492,23,1,23,False,u^23*n^(-s),z*n^(-s),True,True,countable_return_alphabet,False
2493,23,1,23,False,u^23*n^(-s),z*n^(-s),True,True,countable_return_alphabet,False
2494,23,1,23,False,u^23*n^(-s),z*n^(-s),True,True,countable_return_alphabet,False
2495,23,1,23,False,u^23*n^(-s),z*n^(-s),True,True,countable_return_alphabet,False
2496,23,1,23,False,u^23*n^(-s),z*n^(-s),True,True,countable_return_alphabet,False
2497,23,1,23,False,u^23*n^(-s),z*n^(-s),True,True,countable_return_alphabet,False
2498,23,1,23,False,u^23*n^(-s),z*n^(-s),True,True,countable_return_alphabet,False
2499,23,1,23,False,u^23*n^(-s),z*n^(-s),True,True,countable_return_alphabet,False
2500,23,1,23,False,u^23*n^(-s),z*n^(-s),True,True,countable_return_alphabet,False
2501,23,1,23,False,u^23*n^(-s),z*n^(-s),True,True,countable_return_alphabet,False
2502,23,1,23,False,u^23*n^(-s),z*n^(-s),True,True,countable_return_alphabet,False
2503,23,1,23,False,u^23*n^(-s),z*n^(-s),True,True,countable_return_alphabet,False
2504,23,1,23,False,u^23*n^(-s),z*n^(-s),True,True,countable_return_alphabet,False
2505,23,1,23,False,u^23*n^(-s),z*n^(-s),True,True,countable_return_alphabet,False
2506,23,1,23,False,u^23*n^(-s),z*n^(-s),True,True,countable_return_alphabet,False
2507,23,1,23,False,u^23*n^(-s),z*n^(-s),True,True,countable_return_alphabet,False
2508,23,1,23,False,u^23*n^(-s),z*n^(-s),True,True,countable_return_alphabet,False
2509,23,1,23,False,u^23*n^(-s),z*n^(-s),True,True,countable_return_alphabet,False
2510,23,1,23,False,u^23*n^(-s),z*n^(-s),True,True,countable_return_alphabet,False
2511,23,1,23,False,u^23*n^(-s),z*n^(-s),True,True,countable_return_alphabet,False
2512,23,1,23,False,u^23*n^(-s),z*n^(-s),True,True,countable_return_alphabet,False
2513,23,1,23,False,u^23*n^(-s),z*n^(-s),True,True,countable_return_alphabet,False
2514,23,1,23,False,u^23*n^(-s),z*n^(-s),True,True,countable_return_alphabet,False
2515,23,1,23,False,u^23*n^(-s),z*n^(-s),True,True,countable_return_alphabet,False
2516,23,1,23,False,u^23*n^(-s),z*n^(-s),True,True,countable_return_alphabet,False
2517,23,1,23,False,u^23*n^(-s),z*n^(-s),True,True,countable_return_alphabet,False
2518,23,1,23,False,u^23*n^(-s),z*n^(-s),True,True,countable_return_alphabet,False
2519,23,1,23,False,u^23*n^(-s),z*n^(-s),True,True,countable_return_alphabet,False
2520,23,1,23,False,u^23*n^(-s),z*n^(-s),True,True,countable_return_alphabet,False
2521,23,1,23,False,u^23*n^(-s),z*n^(-s),True,True,countable_return_alphabet,False
2522,23,1,23,False,u^23*n^(-s),z*n^(-s),True,True,countable_return_alphabet,False
2523,23,1,23,False,u^23*n^(-s),z*n^(-s),True,True,countable_return_alphabet,False
2524,23,1,23,False,u^23*n^(-s),z*n^(-s),True,True,countable_return_alphabet,False
2525,23,1,23,False,u^23*n^(-s),z*n^(-s),True,True,countable_return_alphabet,False
2526,23,1,23,False,u^23*n^(-s),z*n^(-s),True,True,countable_return_alphabet,False
2527,23,1,23,False,u^23*n^(-s),z*n^(-s),True,True,countable_return_alphabet,False
2528,23,1,23,False,u^23*n^(-s),z*n^(-s),True,True,countable_return_alphabet,False
2529,23,1,23,False,u^23*n^(-s),z*n^(-s),True,True,countable_return_alphabet,False
2530,23,1,23,False,u^23*n^(-s),z*n^(-s),True,True,countable_return_alphabet,False
2531,23,1,23,False,u^23*n^(-s),z*n^(-s),True,True,countable_return_alphabet,False
2532,23,1,23,False,u^23*n^(-s),z*n^(-s),True,True,countable_return_alphabet,False
2533,23,1,23,False,u^23*n^(-s),z*n^(-s),True,True,countable_return_alphabet,False
2534,23,1,23,False,u^23*n^(-s),z*n^(-s),True,True,countable_return_alphabet,False
2535,23,1,23,False,u^23*n^(-s),z*n^(-s),True,True,countable_return_alphabet,False
2536,23,1,23,False,u^23*n^(-s),z*n^(-s),True,True,countable_return_alphabet,False
2537,23,1,23,False,u^23*n^(-s),z*n^(-s),True,True,countable_return_alphabet,False
2538,23,1,23,False,u^23*n^(-s),z*n^(-s),True,True,countable_return_alphabet,False
2539,23,1,23,False,u^23*n^(-s),z*n^(-s),True,True,countable_return_alphabet,False
2540,23,1,23,False,u^23*n^(-s),z*n^(-s),True,True,countable_return_alphabet,False
2541,23,1,23,False,u^23*n^(-s),z*n^(-s),True,True,countable_return_alphabet,False
2542,23,1,23,False,u^23*n^(-s),z*n^(-s),True,True,countable_return_alphabet,False
2543,23,1,23,False,u^23*n^(-s),z*n^(-s),True,True,countable_return_alphabet,False
2544,23,1,23,False,u^23*n^(-s),z*n^(-s),True,True,countable_return_alphabet,False
2545,23,1,23,False,u^23*n^(-s),z*n^(-s),True,True,countable_return_alphabet,False
2546,23,1,23,False,u^23*n^(-s),z*n^(-s),True,True,countable_return_alphabet,False
2547,23,1,23,False,u^23*n^(-s),z*n^(-s),True,True,countable_return_alphabet,False
2548,23,1,23,False,u^23*n^(-s),z*n^(-s),True,True,countable_return_alphabet,False
2549,23,1,23,False,u^23*n^(-s),z*n^(-s),True,True,countable_return_alphabet,False
2550,23,1,23,False,u^23*n^(-s),z*n^(-s),True,True,countable_return_alphabet,False
2551,23,1,23,False,u^23*n^(-s),z*n^(-s),True,True,countable_return_alphabet,False
2552,23,1,23,False,u^23*n^(-s),z*n^(-s),True,True,countable_return_alphabet,False
2553,23,1,23,False,u^23*n^(-s),z*n^(-s),True,True,countable_return_alphabet,False
2554,23,1,23,False,u^23*n^(-s),z*n^(-s),True,True,countable_return_alphabet,False
2555,23,1,23,False,u^23*n^(-s),z*n^(-s),True,True,countable_return_alphabet,False
2556,23,1,23,False,u^23*n^(-s),z*n^(-s),True,True,countable_return_alphabet,False
2557,23,1,23,False,u^23*n^(-s),z*n^(-s),True,True,countable_return_alphabet,False
2558,23,1,23,False,u^23*n^(-s),z*n^(-s),True,True,countable_return_alphabet,False
2559,23,1,23,False,u^23*n^(-s),z*n^(-s),True,True,countable_return_alphabet,False
2560,23,1,23,False,u^23*n^(-s),z*n^(-s),True,True,countable_return_alphabet,False
2561,23,1,23,False,u^23*n^(-s),z*n^(-s),True,True,countable_return_alphabet,False
2562,23,1,23,False,u^23*n^(-s),z*n^(-s),True,True,countable_return_alphabet,False
2563,23,1,23,False,u^23*n^(-s),z*n^(-s),True,True,countable_return_alphabet,False
2564,23,1,23,False,u^23*n^(-s),z*n^(-s),True,True,countable_return_alphabet,False
2565,23,1,23,False,u^23*n^(-s),z*n^(-s),True,True,countable_return_alphabet,False
2566,23,1,23,False,u^23*n^(-s),z*n^(-s),True,True,countable_return_alphabet,False
2567,23,1,23,False,u^23*n^(-s),z*n^(-s),True,True,countable_return_alphabet,False
2568,23,1,23,False,u^23*n^(-s),z*n^(-s),True,True,countable_return_alphabet,False
2569,23,1,23,False,u^23*n^(-s),z*n^(-s),True,True,countable_return_alphabet,False
2570,23,1,23,False,u^23*n^(-s),z*n^(-s),True,True,countable_return_alphabet,False
2571,23,1,23,False,u^23*n^(-s),z*n^(-s),True,True,countable_return_alphabet,False
2572,23,1,23,False,u^23*n^(-s),z*n^(-s),True,True,countable_return_alphabet,False
2573,23,1,23,False,u^23*n^(-s),z*n^(-s),True,True,countable_return_alphabet,False
2574,23,1,23,False,u^23*n^(-s),z*n^(-s),True,True,countable_return_alphabet,False
2575,23,1,23,False,u^23*n^(-s),z*n^(-s),True,True,countable_return_alphabet,False
2576,23,1,23,False,u^23*n^(-s),z*n^(-s),True,True,countable_return_alphabet,False
2577,23,1,23,False,u^23*n^(-s),z*n^(-s),True,True,countable_return_alphabet,False
2578,23,1,23,False,u^23*n^(-s),z*n^(-s),True,True,countable_return_alphabet,False
2579,23,1,23,False,u^23*n^(-s),z*n^(-s),True,True,countable_return_alphabet,False
2580,23,1,23,False,u^23*n^(-s),z*n^(-s),True,True,countable_return_alphabet,False
2581,23,1,23,False,u^23*n^(-s),z*n^(-s),True,True,countable_return_alphabet,False
2582,23,1,23,False,u^23*n^(-s),z*n^(-s),True,True,countable_return_alphabet,False
2583,23,1,23,False,u^23*n^(-s),z*n^(-s),True,True,countable_return_alphabet,False
2584,23,1,23,False,u^23*n^(-s),z*n^(-s),True,True,countable_return_alphabet,False
2585,23,1,23,False,u^23*n^(-s),z*n^(-s),True,True,countable_return_alphabet,False
2586,23,1,23,False,u^23*n^(-s),z*n^(-s),True,True,countable_return_alphabet,False
2587,23,1,23,False,u^23*n^(-s),z*n^(-s),True,True,countable_return_alphabet,False
2588,23,1,23,False,u^23*n^(-s),z*n^(-s),True,True,countable_return_alphabet,False
2589,23,1,23,False,u^23*n^(-s),z*n^(-s),True,True,countable_return_alphabet,False
2590,23,1,23,False,u^23*n^(-s),z*n^(-s),True,True,countable_return_alphabet,False
2591,23,1,23,False,u^23*n^(-s),z*n^(-s),True,True,countable_return_alphabet,False
2592,23,1,23,False,u^23*n^(-s),z*n^(-s),True,True,countable_return_alphabet,False
2593,23,1,23,False,u^23*n^(-s),z*n^(-s),True,True,countable_return_alphabet,False
2594,23,1,23,False,u^23*n^(-s),z*n^(-s),True,True,countable_return_alphabet,False
2595,23,1,23,False,u^23*n^(-s),z*n^(-s),True,True,countable_return_alphabet,False
2596,23,1,23,False,u^23*n^(-s),z*n^(-s),True,True,countable_return_alphabet,False
2597,23,1,23,False,u^23*n^(-s),z*n^(-s),True,True,countable_return_alphabet,False
2598,23,1,23,False,u^23*n^(-s),z*n^(-s),True,True,countable_return_alphabet,False
2599,23,1,23,False,u^23*n^(-s),z*n^(-s),True,True,countable_return_alphabet,False
2600,23,1,23,False,u^23*n^(-s),z*n^(-s),True,True,countable_return_alphabet,False
2601,23,1,23,False,u^23*n^(-s),z*n^(-s),True,True,countable_return_alphabet,False
2602,23,1,23,False,u^23*n^(-s),z*n^(-s),True,True,countable_return_alphabet,False
2603,23,1,23,False,u^23*n^(-s),z*n^(-s),True,True,countable_return_alphabet,False
2604,23,1,23,False,u^23*n^(-s),z*n^(-s),True,True,countable_return_alphabet,False
2605,23,1,23,False,u^23*n^(-s),z*n^(-s),True,True,countable_return_alphabet,False
2606,23,1,23,False,u^23*n^(-s),z*n^(-s),True,True,countable_return_alphabet,False
2607,23,1,23,False,u^23*n^(-s),z*n^(-s),True,True,countable_return_alphabet,False
2608,23,1,23,False,u^23*n^(-s),z*n^(-s),True,True,countable_return_alphabet,False
2609,23,1,23,False,u^23*n^(-s),z*n^(-s),True,True,countable_return_alphabet,False
2610,23,1,23,False,u^23*n^(-s),z*n^(-s),True,True,countable_return_alphabet,False
2611,23,1,23,False,u^23*n^(-s),z*n^(-s),True,True,countable_return_alphabet,False
2612,23,1,23,False,u^23*n^(-s),z*n^(-s),True,True,countable_return_alphabet,False
2613,23,1,23,False,u^23*n^(-s),z*n^(-s),True,True,countable_return_alphabet,False
2614,23,1,23,False,u^23*n^(-s),z*n^(-s),True,True,countable_return_alphabet,False
2615,23,1,23,False,u^23*n^(-s),z*n^(-s),True,True,countable_return_alphabet,False
2616,23,1,23,False,u^23*n^(-s),z*n^(-s),True,True,countable_return_alphabet,False
2617,23,1,23,False,u^23*n^(-s),z*n^(-s),True,True,countable_return_alphabet,False
2618,23,1,23,False,u^23*n^(-s),z*n^(-s),True,True,countable_return_alphabet,False
2619,23,1,23,False,u^23*n^(-s),z*n^(-s),True,True,countable_return_alphabet,False
2620,23,1,23,False,u^23*n^(-s),z*n^(-s),True,True,countable_return_alphabet,False
2621,23,1,23,False,u^23*n^(-s),z*n^(-s),True,True,countable_return_alphabet,False
2622,23,1,23,False,u^23*n^(-s),z*n^(-s),True,True,countable_return_alphabet,False
2623,23,1,23,False,u^23*n^(-s),z*n^(-s),True,True,countable_return_alphabet,False
2624,23,1,23,False,u^23*n^(-s),z*n^(-s),True,True,countable_return_alphabet,False
2625,23,1,23,False,u^23*n^(-s),z*n^(-s),True,True,countable_return_alphabet,False
2626,23,1,23,False,u^23*n^(-s),z*n^(-s),True,True,countable_return_alphabet,False
2627,23,1,23,False,u^23*n^(-s),z*n^(-s),True,True,countable_return_alphabet,False
2628,23,1,23,False,u^23*n^(-s),z*n^(-s),True,True,countable_return_alphabet,False
2629,23,1,23,False,u^23*n^(-s),z*n^(-s),True,True,countable_return_alphabet,False
2630,23,1,23,False,u^23*n^(-s),z*n^(-s),True,True,countable_return_alphabet,False
2631,23,1,23,False,u^23*n^(-s),z*n^(-s),True,True,countable_return_alphabet,False
2632,23,1,23,False,u^23*n^(-s),z*n^(-s),True,True,countable_return_alphabet,False
2633,23,1,23,False,u^23*n^(-s),z*n^(-s),True,True,countable_return_alphabet,False
2634,23,1,23,False,u^23*n^(-s),z*n^(-s),True,True,countable_return_alphabet,False
2635,23,1,23,False,u^23*n^(-s),z*n^(-s),True,True,countable_return_alphabet,False
2636,23,1,23,False,u^23*n^(-s),z*n^(-s),True,True,countable_return_alphabet,False
2637,23,1,23,False,u^23*n^(-s),z*n^(-s),True,True,countable_return_alphabet,False
2638,23,1,23,False,u^23*n^(-s),z*n^(-s),True,True,countable_return_alphabet,False
2639,23,1,23,False,u^23*n^(-s),z*n^(-s),True,True,countable_return_alphabet,False
2640,23,1,23,False,u^23*n^(-s),z*n^(-s),True,True,countable_return_alphabet,False
2641,23,1,23,False,u^23*n^(-s),z*n^(-s),True,True,countable_return_alphabet,False
2642,23,1,23,False,u^23*n^(-s),z*n^(-s),True,True,countable_return_alphabet,False
2643,23,1,23,False,u^23*n^(-s),z*n^(-s),True,True,countable_return_alphabet,False
2644,23,1,23,False,u^23*n^(-s),z*n^(-s),True,True,countable_return_alphabet,False
2645,23,1,23,False,u^23*n^(-s),z*n^(-s),True,True,countable_return_alphabet,False
2646,23,1,23,False,u^23*n^(-s),z*n^(-s),True,True,countable_return_alphabet,False
2647,23,1,23,False,u^23*n^(-s),z*n^(-s),True,True,countable_return_alphabet,False
2648,23,1,23,False,u^23*n^(-s),z*n^(-s),True,True,countable_return_alphabet,False
2649,23,1,23,False,u^23*n^(-s),z*n^(-s),True,True,countable_return_alphabet,False
2650,23,1,23,False,u^23*n^(-s),z*n^(-s),True,True,countable_return_alphabet,False
2651,23,1,23,False,u^23*n^(-s),z*n^(-s),True,True,countable_return_alphabet,False
2652,23,1,23,False,u^23*n^(-s),z*n^(-s),True,True,countable_return_alphabet,False
2653,23,1,23,False,u^23*n^(-s),z*n^(-s),True,True,countable_return_alphabet,False
2654,23,1,23,False,u^23*n^(-s),z*n^(-s),True,True,countable_return_alphabet,False
2655,23,1,23,False,u^23*n^(-s),z*n^(-s),True,True,countable_return_alphabet,False
2656,23,1,23,False,u^23*n^(-s),z*n^(-s),True,True,countable_return_alphabet,False
2657,23,1,23,False,u^23*n^(-s),z*n^(-s),True,True,countable_return_alphabet,False
2658,23,1,23,False,u^23*n^(-s),z*n^(-s),True,True,countable_return_alphabet,False
2659,23,1,23,False,u^23*n^(-s),z*n^(-s),True,True,countable_return_alphabet,False
2660,23,1,23,False,u^23*n^(-s),z*n^(-s),True,True,countable_return_alphabet,False
2661,23,1,23,False,u^23*n^(-s),z*n^(-s),True,True,countable_return_alphabet,False
2662,23,1,23,False,u^23*n^(-s),z*n^(-s),True,True,countable_return_alphabet,False
2663,23,1,23,False,u^23*n^(-s),z*n^(-s),True,True,countable_return_alphabet,False
2664,23,1,23,False,u^23*n^(-s),z*n^(-s),True,True,countable_return_alphabet,False
2665,23,1,23,False,u^23*n^(-s),z*n^(-s),True,True,countable_return_alphabet,False
2666,23,1,23,False,u^23*n^(-s),z*n^(-s),True,True,countable_return_alphabet,False
2667,23,1,23,False,u^23*n^(-s),z*n^(-s),True,True,countable_return_alphabet,False
2668,23,1,23,False,u^23*n^(-s),z*n^(-s),True,True,countable_return_alphabet,False
2669,23,1,23,False,u^23*n^(-s),z*n^(-s),True,True,countable_return_alphabet,False
2670,23,1,23,False,u^23*n^(-s),z*n^(-s),True,True,countable_return_alphabet,False
2671,23,1,23,False,u^23*n^(-s),z*n^(-s),True,True,countable_return_alphabet,False
2672,23,1,23,False,u^23*n^(-s),z*n^(-s),True,True,countable_return_alphabet,False
2673,23,1,23,False,u^23*n^(-s),z*n^(-s),True,True,countable_return_alphabet,False
2674,23,1,23,False,u^23*n^(-s),z*n^(-s),True,True,countable_return_alphabet,False
2675,23,1,23,False,u^23*n^(-s),z*n^(-s),True,True,countable_return_alphabet,False
2676,23,1,23,False,u^23*n^(-s),z*n^(-s),True,True,countable_return_alphabet,False
2677,23,1,23,False,u^23*n^(-s),z*n^(-s),True,True,countable_return_alphabet,False
2678,23,1,23,False,u^23*n^(-s),z*n^(-s),True,True,countable_return_alphabet,False
2679,23,1,23,False,u^23*n^(-s),z*n^(-s),True,True,countable_return_alphabet,False
2680,23,1,23,False,u^23*n^(-s),z*n^(-s),True,True,countable_return_alphabet,False
2681,23,1,23,False,u^23*n^(-s),z*n^(-s),True,True,countable_return_alphabet,False
2682,23,1,23,False,u^23*n^(-s),z*n^(-s),True,True,countable_return_alphabet,False
2683,23,1,23,False,u^23*n^(-s),z*n^(-s),True,True,countable_return_alphabet,False
2684,23,1,23,False,u^23*n^(-s),z*n^(-s),True,True,countable_return_alphabet,False
2685,23,1,23,False,u^23*n^(-s),z*n^(-s),True,True,countable_return_alphabet,False
2686,23,1,23,False,u^23*n^(-s),z*n^(-s),True,True,countable_return_alphabet,False
2687,23,1,23,False,u^23*n^(-s),z*n^(-s),True,True,countable_return_alphabet,False
2688,23,1,23,False,u^23*n^(-s),z*n^(-s),True,True,countable_return_alphabet,False
2689,23,1,23,False,u^23*n^(-s),z*n^(-s),True,True,countable_return_alphabet,False
2690,23,1,23,False,u^23*n^(-s),z*n^(-s),True,True,countable_return_alphabet,False
2691,23,1,23,False,u^23*n^(-s),z*n^(-s),True,True,countable_return_alphabet,False
2692,23,1,23,False,u^23*n^(-s),z*n^(-s),True,True,countable_return_alphabet,False
2693,23,1,23,False,u^23*n^(-s),z*n^(-s),True,True,countable_return_alphabet,False
2694,23,1,23,False,u^23*n^(-s),z*n^(-s),True,True,countable_return_alphabet,False
2695,23,1,23,False,u^23*n^(-s),z*n^(-s),True,True,countable_return_alphabet,False
2696,23,1,23,False,u^23*n^(-s),z*n^(-s),True,True,countable_return_alphabet,False
2697,23,1,23,False,u^23*n^(-s),z*n^(-s),True,True,countable_return_alphabet,False
2698,23,1,23,False,u^23*n^(-s),z*n^(-s),True,True,countable_return_alphabet,False
2699,23,1,23,False,u^23*n^(-s),z*n^(-s),True,True,countable_return_alphabet,False
2700,23,1,23,False,u^23*n^(-s),z*n^(-s),True,True,countable_return_alphabet,False
2701,23,1,23,False,u^23*n^(-s),z*n^(-s),True,True,countable_return_alphabet,False
2702,23,1,23,False,u^23*n^(-s),z*n^(-s),True,True,countable_return_alphabet,False
2703,23,1,23,False,u^23*n^(-s),z*n^(-s),True,True,countable_return_alphabet,False
2704,23,1,23,False,u^23*n^(-s),z*n^(-s),True,True,countable_return_alphabet,False
2705,23,1,23,False,u^23*n^(-s),z*n^(-s),True,True,countable_return_alphabet,False
2706,23,1,23,False,u^23*n^(-s),z*n^(-s),True,True,countable_return_alphabet,False
2707,23,1,23,False,u^23*n^(-s),z*n^(-s),True,True,countable_return_alphabet,False
2708,23,1,23,False,u^23*n^(-s),z*n^(-s),True,True,countable_return_alphabet,False
2709,23,1,23,False,u^23*n^(-s),z*n^(-s),True,True,countable_return_alphabet,False
2710,23,1,23,False,u^23*n^(-s),z*n^(-s),True,True,countable_return_alphabet,False
2711,23,1,23,False,u^23*n^(-s),z*n^(-s),True,True,countable_return_alphabet,False
2712,23,1,23,False,u^23*n^(-s),z*n^(-s),True,True,countable_return_alphabet,False
2713,23,1,23,False,u^23*n^(-s),z*n^(-s),True,True,countable_return_alphabet,False
2714,23,1,23,False,u^23*n^(-s),z*n^(-s),True,True,countable_return_alphabet,False
2715,23,1,23,False,u^23*n^(-s),z*n^(-s),True,True,countable_return_alphabet,False
2716,23,1,23,False,u^23*n^(-s),z*n^(-s),True,True,countable_return_alphabet,False
2717,23,1,23,False,u^23*n^(-s),z*n^(-s),True,True,countable_return_alphabet,False
2718,23,1,23,False,u^23*n^(-s),z*n^(-s),True,True,countable_return_alphabet,False
2719,23,1,23,False,u^23*n^(-s),z*n^(-s),True,True,countable_return_alphabet,False
2720,23,1,23,False,u^23*n^(-s),z*n^(-s),True,True,countable_return_alphabet,False
2721,23,1,23,False,u^23*n^(-s),z*n^(-s),True,True,countable_return_alphabet,False
2722,23,1,23,False,u^23*n^(-s),z*n^(-s),True,True,countable_return_alphabet,False
2723,23,1,23,False,u^23*n^(-s),z*n^(-s),True,True,countable_return_alphabet,False
2724,23,1,23,False,u^23*n^(-s),z*n^(-s),True,True,countable_return_alphabet,False
2725,23,1,23,False,u^23*n^(-s),z*n^(-s),True,True,countable_return_alphabet,False
2726,23,1,23,False,u^23*n^(-s),z*n^(-s),True,True,countable_return_alphabet,False
2727,23,1,23,False,u^23*n^(-s),z*n^(-s),True,True,countable_return_alphabet,False
2728,23,1,23,False,u^23*n^(-s),z*n^(-s),True,True,countable_return_alphabet,False
2729,23,1,23,False,u^23*n^(-s),z*n^(-s),True,True,countable_return_alphabet,False
2730,23,1,23,False,u^23*n^(-s),z*n^(-s),True,True,countable_return_alphabet,False
2731,23,1,23,False,u^23*n^(-s),z*n^(-s),True,True,countable_return_alphabet,False
2732,23,1,23,False,u^23*n^(-s),z*n^(-s),True,True,countable_return_alphabet,False
2733,23,1,23,False,u^23*n^(-s),z*n^(-s),True,True,countable_return_alphabet,False
2734,23,1,23,False,u^23*n^(-s),z*n^(-s),True,True,countable_return_alphabet,False
2735,23,1,23,False,u^23*n^(-s),z*n^(-s),True,True,countable_return_alphabet,False
2736,23,1,23,False,u^23*n^(-s),z*n^(-s),True,True,countable_return_alphabet,False
2737,23,1,23,False,u^23*n^(-s),z*n^(-s),True,True,countable_return_alphabet,False
2738,23,1,23,False,u^23*n^(-s),z*n^(-s),True,True,countable_return_alphabet,False
2739,23,1,23,False,u^23*n^(-s),z*n^(-s),True,True,countable_return_alphabet,False
2740,23,1,23,False,u^23*n^(-s),z*n^(-s),True,True,countable_return_alphabet,False
2741,23,1,23,False,u^23*n^(-s),z*n^(-s),True,True,countable_return_alphabet,False
2742,23,1,23,False,u^23*n^(-s),z*n^(-s),True,True,countable_return_alphabet,False
2743,23,1,23,False,u^23*n^(-s),z*n^(-s),True,True,countable_return_alphabet,False
2744,23,1,23,False,u^23*n^(-s),z*n^(-s),True,True,countable_return_alphabet,False
2745,23,1,23,False,u^23*n^(-s),z*n^(-s),True,True,countable_return_alphabet,False
2746,23,1,23,False,u^23*n^(-s),z*n^(-s),True,True,countable_return_alphabet,False
2747,23,1,23,False,u^23*n^(-s),z*n^(-s),True,True,countable_return_alphabet,False
2748,23,1,23,False,u^23*n^(-s),z*n^(-s),True,True,countable_return_alphabet,False
2749,23,1,23,False,u^23*n^(-s),z*n^(-s),True,True,countable_return_alphabet,False
2750,23,1,23,False,u^23*n^(-s),z*n^(-s),True,True,countable_return_alphabet,False
2751,23,1,23,False,u^23*n^(-s),z*n^(-s),True,True,countable_return_alphabet,False
2752,23,1,23,False,u^23*n^(-s),z*n^(-s),True,True,countable_return_alphabet,False
2753,23,1,23,False,u^23*n^(-s),z*n^(-s),True,True,countable_return_alphabet,False
2754,23,1,23,False,u^23*n^(-s),z*n^(-s),True,True,countable_return_alphabet,False
2755,23,1,23,False,u^23*n^(-s),z*n^(-s),True,True,countable_return_alphabet,False
2756,23,1,23,False,u^23*n^(-s),z*n^(-s),True,True,countable_return_alphabet,False
2757,23,1,23,False,u^23*n^(-s),z*n^(-s),True,True,countable_return_alphabet,False
2758,23,1,23,False,u^23*n^(-s),z*n^(-s),True,True,countable_return_alphabet,False
2759,23,1,23,False,u^23*n^(-s),z*n^(-s),True,True,countable_return_alphabet,False
2760,23,1,23,False,u^23*n^(-s),z*n^(-s),True,True,countable_return_alphabet,False
2761,23,1,23,False,u^23*n^(-s),z*n^(-s),True,True,countable_return_alphabet,False
2762,23,1,23,False,u^23*n^(-s),z*n^(-s),True,True,countable_return_alphabet,False
2763,23,1,23,False,u^23*n^(-s),z*n^(-s),True,True,countable_return_alphabet,False
2764,23,1,23,False,u^23*n^(-s),z*n^(-s),True,True,countable_return_alphabet,False
2765,23,1,23,False,u^23*n^(-s),z*n^(-s),True,True,countable_return_alphabet,False
2766,23,1,23,False,u^23*n^(-s),z*n^(-s),True,True,countable_return_alphabet,False
2767,23,1,23,False,u^23*n^(-s),z*n^(-s),True,True,countable_return_alphabet,False
2768,23,1,23,False,u^23*n^(-s),z*n^(-s),True,True,countable_return_alphabet,False
2769,23,1,23,False,u^23*n^(-s),z*n^(-s),True,True,countable_return_alphabet,False
2770,23,1,23,False,u^23*n^(-s),z*n^(-s),True,True,countable_return_alphabet,False
2771,23,1,23,False,u^23*n^(-s),z*n^(-s),True,True,countable_return_alphabet,False
2772,23,1,23,False,u^23*n^(-s),z*n^(-s),True,True,countable_return_alphabet,False
2773,23,1,23,False,u^23*n^(-s),z*n^(-s),True,True,countable_return_alphabet,False
2774,23,1,23,False,u^23*n^(-s),z*n^(-s),True,True,countable_return_alphabet,False
2775,23,1,23,False,u^23*n^(-s),z*n^(-s),True,True,countable_return_alphabet,False
2776,23,1,23,False,u^23*n^(-s),z*n^(-s),True,True,countable_return_alphabet,False
2777,23,1,23,False,u^23*n^(-s),z*n^(-s),True,True,countable_return_alphabet,False
2778,23,1,23,False,u^23*n^(-s),z*n^(-s),True,True,countable_return_alphabet,False
2779,23,1,23,False,u^23*n^(-s),z*n^(-s),True,True,countable_return_alphabet,False
2780,23,1,23,False,u^23*n^(-s),z*n^(-s),True,True,countable_return_alphabet,False
2781,23,1,23,False,u^23*n^(-s),z*n^(-s),True,True,countable_return_alphabet,False
2782,23,1,23,False,u^23*n^(-s),z*n^(-s),True,True,countable_return_alphabet,False
2783,23,1,23,False,u^23*n^(-s),z*n^(-s),True,True,countable_return_alphabet,False
2784,23,1,23,False,u^23*n^(-s),z*n^(-s),True,True,countable_return_alphabet,False
2785,23,1,23,False,u^23*n^(-s),z*n^(-s),True,True,countable_return_alphabet,False
2786,23,1,23,False,u^23*n^(-s),z*n^(-s),True,True,countable_return_alphabet,False
2787,23,1,23,False,u^23*n^(-s),z*n^(-s),True,True,countable_return_alphabet,False
2788,23,1,23,False,u^23*n^(-s),z*n^(-s),True,True,countable_return_alphabet,False
2789,23,1,23,False,u^23*n^(-s),z*n^(-s),True,True,countable_return_alphabet,False
2790,23,1,23,False,u^23*n^(-s),z*n^(-s),True,True,countable_return_alphabet,False
2791,23,1,23,False,u^23*n^(-s),z*n^(-s),True,True,countable_return_alphabet,False
2792,23,1,23,False,u^23*n^(-s),z*n^(-s),True,True,countable_return_alphabet,False
2793,23,1,23,False,u^23*n^(-s),z*n^(-s),True,True,countable_return_alphabet,False
2794,23,1,23,False,u^23*n^(-s),z*n^(-s),True,True,countable_return_alphabet,False
2795,23,1,23,False,u^23*n^(-s),z*n^(-s),True,True,countable_return_alphabet,False
2796,23,1,23,False,u^23*n^(-s),z*n^(-s),True,True,countable_return_alphabet,False
2797,23,1,23,False,u^23*n^(-s),z*n^(-s),True,True,countable_return_alphabet,False
2798,23,1,23,False,u^23*n^(-s),z*n^(-s),True,True,countable_return_alphabet,False
2799,23,1,23,False,u^23*n^(-s),z*n^(-s),True,True,countable_return_alphabet,False
2800,23,1,23,False,u^23*n^(-s),z*n^(-s),True,True,countable_return_alphabet,False
2801,23,1,23,False,u^23*n^(-s),z*n^(-s),True,True,countable_return_alphabet,False
2802,23,1,23,False,u^23*n^(-s),z*n^(-s),True,True,countable_return_alphabet,False
2803,23,1,23,False,u^23*n^(-s),z*n^(-s),True,True,countable_return_alphabet,False
2804,23,1,23,False,u^23*n^(-s),z*n^(-s),True,True,countable_return_alphabet,False
2805,23,1,23,False,u^23*n^(-s),z*n^(-s),True,True,countable_return_alphabet,False
2806,23,1,23,False,u^23*n^(-s),z*n^(-s),True,True,countable_return_alphabet,False
2807,23,1,23,False,u^23*n^(-s),z*n^(-s),True,True,countable_return_alphabet,False
2808,23,1,23,False,u^23*n^(-s),z*n^(-s),True,True,countable_return_alphabet,False
2809,23,1,23,False,u^23*n^(-s),z*n^(-s),True,True,countable_return_alphabet,False
2810,23,1,23,False,u^23*n^(-s),z*n^(-s),True,True,countable_return_alphabet,False
2811,23,1,23,False,u^23*n^(-s),z*n^(-s),True,True,countable_return_alphabet,False
2812,23,1,23,False,u^23*n^(-s),z*n^(-s),True,True,countable_return_alphabet,False
2813,23,1,23,False,u^23*n^(-s),z*n^(-s),True,True,countable_return_alphabet,False
2814,23,1,23,False,u^23*n^(-s),z*n^(-s),True,True,countable_return_alphabet,False
2815,23,1,23,False,u^23*n^(-s),z*n^(-s),True,True,countable_return_alphabet,False
2816,23,1,23,False,u^23*n^(-s),z*n^(-s),True,True,countable_return_alphabet,False
2817,23,1,23,False,u^23*n^(-s),z*n^(-s),True,True,countable_return_alphabet,False
2818,23,1,23,False,u^23*n^(-s),z*n^(-s),True,True,countable_return_alphabet,False
2819,23,1,23,False,u^23*n^(-s),z*n^(-s),True,True,countable_return_alphabet,False
2820,23,1,23,False,u^23*n^(-s),z*n^(-s),True,True,countable_return_alphabet,False
2821,23,1,23,False,u^23*n^(-s),z*n^(-s),True,True,countable_return_alphabet,False
2822,23,1,23,False,u^23*n^(-s),z*n^(-s),True,True,countable_return_alphabet,False
2823,23,1,23,False,u^23*n^(-s),z*n^(-s),True,True,countable_return_alphabet,False
2824,23,1,23,False,u^23*n^(-s),z*n^(-s),True,True,countable_return_alphabet,False
2825,23,1,23,False,u^23*n^(-s),z*n^(-s),True,True,countable_return_alphabet,False
2826,23,1,23,False,u^23*n^(-s),z*n^(-s),True,True,countable_return_alphabet,False
2827,23,1,23,False,u^23*n^(-s),z*n^(-s),True,True,countable_return_alphabet,False
2828,23,1,23,False,u^23*n^(-s),z*n^(-s),True,True,countable_return_alphabet,False
2829,23,1,23,False,u^23*n^(-s),z*n^(-s),True,True,countable_return_alphabet,False
2830,23,1,23,False,u^23*n^(-s),z*n^(-s),True,True,countable_return_alphabet,False
2831,23,1,23,False,u^23*n^(-s),z*n^(-s),True,True,countable_return_alphabet,False
2832,23,1,23,False,u^23*n^(-s),z*n^(-s),True,True,countable_return_alphabet,False
2833,23,1,23,False,u^23*n^(-s),z*n^(-s),True,True,countable_return_alphabet,False
2834,23,1,23,False,u^23*n^(-s),z*n^(-s),True,True,countable_return_alphabet,False
2835,23,1,23,False,u^23*n^(-s),z*n^(-s),True,True,countable_return_alphabet,False
2836,23,1,23,False,u^23*n^(-s),z*n^(-s),True,True,countable_return_alphabet,False
2837,23,1,23,False,u^23*n^(-s),z*n^(-s),True,True,countable_return_alphabet,False
2838,23,1,23,False,u^23*n^(-s),z*n^(-s),True,True,countable_return_alphabet,False
2839,23,1,23,False,u^23*n^(-s),z*n^(-s),True,True,countable_return_alphabet,False
2840,23,1,23,False,u^23*n^(-s),z*n^(-s),True,True,countable_return_alphabet,False
2841,23,1,23,False,u^23*n^(-s),z*n^(-s),True,True,countable_return_alphabet,False
2842,23,1,23,False,u^23*n^(-s),z*n^(-s),True,True,countable_return_alphabet,False
2843,23,1,23,False,u^23*n^(-s),z*n^(-s),True,True,countable_return_alphabet,False
2844,23,1,23,False,u^23*n^(-s),z*n^(-s),True,True,countable_return_alphabet,False
2845,23,1,23,False,u^23*n^(-s),z*n^(-s),True,True,countable_return_alphabet,False
2846,23,1,23,False,u^23*n^(-s),z*n^(-s),True,True,countable_return_alphabet,False
2847,23,1,23,False,u^23*n^(-s),z*n^(-s),True,True,countable_return_alphabet,False
2848,23,1,23,False,u^23*n^(-s),z*n^(-s),True,True,countable_return_alphabet,False
2849,23,1,23,False,u^23*n^(-s),z*n^(-s),True,True,countable_return_alphabet,False
2850,23,1,23,False,u^23*n^(-s),z*n^(-s),True,True,countable_return_alphabet,False
2851,23,1,23,False,u^23*n^(-s),z*n^(-s),True,True,countable_return_alphabet,False
2852,23,1,23,False,u^23*n^(-s),z*n^(-s),True,True,countable_return_alphabet,False
2853,23,1,23,False,u^23*n^(-s),z*n^(-s),True,True,countable_return_alphabet,False
2854,23,1,23,False,u^23*n^(-s),z*n^(-s),True,True,countable_return_alphabet,False
2855,23,1,23,False,u^23*n^(-s),z*n^(-s),True,True,countable_return_alphabet,False
2856,23,1,23,False,u^23*n^(-s),z*n^(-s),True,True,countable_return_alphabet,False
2857,23,1,23,False,u^23*n^(-s),z*n^(-s),True,True,countable_return_alphabet,False
2858,23,1,23,False,u^23*n^(-s),z*n^(-s),True,True,countable_return_alphabet,False
2859,23,1,23,False,u^23*n^(-s),z*n^(-s),True,True,countable_return_alphabet,False
2860,23,1,23,False,u^23*n^(-s),z*n^(-s),True,True,countable_return_alphabet,False
2861,23,1,23,False,u^23*n^(-s),z*n^(-s),True,True,countable_return_alphabet,False
2862,23,1,23,False,u^23*n^(-s),z*n^(-s),True,True,countable_return_alphabet,False
2863,23,1,23,False,u^23*n^(-s),z*n^(-s),True,True,countable_return_alphabet,False
2864,23,1,23,False,u^23*n^(-s),z*n^(-s),True,True,countable_return_alphabet,False
2865,23,1,23,False,u^23*n^(-s),z*n^(-s),True,True,countable_return_alphabet,False
2866,23,1,23,False,u^23*n^(-s),z*n^(-s),True,True,countable_return_alphabet,False
2867,23,1,23,False,u^23*n^(-s),z*n^(-s),True,True,countable_return_alphabet,False
2868,23,1,23,False,u^23*n^(-s),z*n^(-s),True,True,countable_return_alphabet,False
2869,23,1,23,False,u^23*n^(-s),z*n^(-s),True,True,countable_return_alphabet,False
2870,23,1,23,False,u^23*n^(-s),z*n^(-s),True,True,countable_return_alphabet,False
2871,23,1,23,False,u^23*n^(-s),z*n^(-s),True,True,countable_return_alphabet,False
2872,23,1,23,False,u^23*n^(-s),z*n^(-s),True,True,countable_return_alphabet,False
2873,23,1,23,False,u^23*n^(-s),z*n^(-s),True,True,countable_return_alphabet,False
2874,23,1,23,False,u^23*n^(-s),z*n^(-s),True,True,countable_return_alphabet,False
2875,23,1,23,False,u^23*n^(-s),z*n^(-s),True,True,countable_return_alphabet,False
2876,23,1,23,False,u^23*n^(-s),z*n^(-s),True,True,countable_return_alphabet,False
2877,23,1,23,False,u^23*n^(-s),z*n^(-s),True,True,countable_return_alphabet,False
2878,23,1,23,False,u^23*n^(-s),z*n^(-s),True,True,countable_return_alphabet,False
2879,23,1,23,False,u^23*n^(-s),z*n^(-s),True,True,countable_return_alphabet,False
2880,23,1,23,False,u^23*n^(-s),z*n^(-s),True,True,countable_return_alphabet,False
2881,23,1,23,False,u^23*n^(-s),z*n^(-s),True,True,countable_return_alphabet,False
2882,23,1,23,False,u^23*n^(-s),z*n^(-s),True,True,countable_return_alphabet,False
2883,23,1,23,False,u^23*n^(-s),z*n^(-s),True,True,countable_return_alphabet,False
2884,23,1,23,False,u^23*n^(-s),z*n^(-s),True,True,countable_return_alphabet,False
2885,23,1,23,False,u^23*n^(-s),z*n^(-s),True,True,countable_return_alphabet,False
2886,23,1,23,False,u^23*n^(-s),z*n^(-s),True,True,countable_return_alphabet,False
2887,23,1,23,False,u^23*n^(-s),z*n^(-s),True,True,countable_return_alphabet,False
2888,23,1,23,False,u^23*n^(-s),z*n^(-s),True,True,countable_return_alphabet,False
2889,23,1,23,False,u^23*n^(-s),z*n^(-s),True,True,countable_return_alphabet,False
2890,23,1,23,False,u^23*n^(-s),z*n^(-s),True,True,countable_return_alphabet,False
2891,23,1,23,False,u^23*n^(-s),z*n^(-s),True,True,countable_return_alphabet,False
2892,23,1,23,False,u^23*n^(-s),z*n^(-s),True,True,countable_return_alphabet,False
2893,23,1,23,False,u^23*n^(-s),z*n^(-s),True,True,countable_return_alphabet,False
2894,23,1,23,False,u^23*n^(-s),z*n^(-s),True,True,countable_return_alphabet,False
2895,23,1,23,False,u^23*n^(-s),z*n^(-s),True,True,countable_return_alphabet,False
2896,23,1,23,False,u^23*n^(-s),z*n^(-s),True,True,countable_return_alphabet,False
2897,23,1,23,False,u^23*n^(-s),z*n^(-s),True,True,countable_return_alphabet,False
2898,23,1,23,False,u^23*n^(-s),z*n^(-s),True,True,countable_return_alphabet,False
2899,23,1,23,False,u^23*n^(-s),z*n^(-s),True,True,countable_return_alphabet,False
2900,23,1,23,False,u^23*n^(-s),z*n^(-s),True,True,countable_return_alphabet,False
2901,23,1,23,False,u^23*n^(-s),z*n^(-s),True,True,countable_return_alphabet,False
2902,23,1,23,False,u^23*n^(-s),z*n^(-s),True,True,countable_return_alphabet,False
2903,23,1,23,False,u^23*n^(-s),z*n^(-s),True,True,countable_return_alphabet,False
2904,23,1,23,False,u^23*n^(-s),z*n^(-s),True,True,countable_return_alphabet,False
2905,23,1,23,False,u^23*n^(-s),z*n^(-s),True,True,countable_return_alphabet,False
2906,23,1,23,False,u^23*n^(-s),z*n^(-s),True,True,countable_return_alphabet,False
2907,23,1,23,False,u^23*n^(-s),z*n^(-s),True,True,countable_return_alphabet,False
2908,23,1,23,False,u^23*n^(-s),z*n^(-s),True,True,countable_return_alphabet,False
2909,23,1,23,False,u^23*n^(-s),z*n^(-s),True,True,countable_return_alphabet,False
2910,23,1,23,False,u^23*n^(-s),z*n^(-s),True,True,countable_return_alphabet,False
2911,23,1,23,False,u^23*n^(-s),z*n^(-s),True,True,countable_return_alphabet,False
2912,23,1,23,False,u^23*n^(-s),z*n^(-s),True,True,countable_return_alphabet,False
2913,23,1,23,False,u^23*n^(-s),z*n^(-s),True,True,countable_return_alphabet,False
2914,23,1,23,False,u^23*n^(-s),z*n^(-s),True,True,countable_return_alphabet,False
2915,23,1,23,False,u^23*n^(-s),z*n^(-s),True,True,countable_return_alphabet,False
2916,23,1,23,False,u^23*n^(-s),z*n^(-s),True,True,countable_return_alphabet,False
2917,23,1,23,False,u^23*n^(-s),z*n^(-s),True,True,countable_return_alphabet,False
2918,23,1,23,False,u^23*n^(-s),z*n^(-s),True,True,countable_return_alphabet,False
2919,23,1,23,False,u^23*n^(-s),z*n^(-s),True,True,countable_return_alphabet,False
2920,23,1,23,False,u^23*n^(-s),z*n^(-s),True,True,countable_return_alphabet,False
2921,23,1,23,False,u^23*n^(-s),z*n^(-s),True,True,countable_return_alphabet,False
2922,23,1,23,False,u^23*n^(-s),z*n^(-s),True,True,countable_return_alphabet,False
2923,23,1,23,False,u^23*n^(-s),z*n^(-s),True,True,countable_return_alphabet,False
2924,23,1,23,False,u^23*n^(-s),z*n^(-s),True,True,countable_return_alphabet,False
2925,23,1,23,False,u^23*n^(-s),z*n^(-s),True,True,countable_return_alphabet,False
2926,23,1,23,False,u^23*n^(-s),z*n^(-s),True,True,countable_return_alphabet,False
2927,23,1,23,False,u^23*n^(-s),z*n^(-s),True,True,countable_return_alphabet,False
2928,23,1,23,False,u^23*n^(-s),z*n^(-s),True,True,countable_return_alphabet,False
2929,23,1,23,False,u^23*n^(-s),z*n^(-s),True,True,countable_return_alphabet,False
2930,23,1,23,False,u^23*n^(-s),z*n^(-s),True,True,countable_return_alphabet,False
2931,23,1,23,False,u^23*n^(-s),z*n^(-s),True,True,countable_return_alphabet,False
2932,23,1,23,False,u^23*n^(-s),z*n^(-s),True,True,countable_return_alphabet,False
2933,23,1,23,False,u^23*n^(-s),z*n^(-s),True,True,countable_return_alphabet,False
2934,23,1,23,False,u^23*n^(-s),z*n^(-s),True,True,countable_return_alphabet,False
2935,23,1,23,False,u^23*n^(-s),z*n^(-s),True,True,countable_return_alphabet,False
2936,23,1,23,False,u^23*n^(-s),z*n^(-s),True,True,countable_return_alphabet,False
2937,23,1,23,False,u^23*n^(-s),z*n^(-s),True,True,countable_return_alphabet,False
2938,23,1,23,False,u^23*n^(-s),z*n^(-s),True,True,countable_return_alphabet,False
2939,23,1,23,False,u^23*n^(-s),z*n^(-s),True,True,countable_return_alphabet,False
2940,23,1,23,False,u^23*n^(-s),z*n^(-s),True,True,countable_return_alphabet,False
2941,23,1,23,False,u^23*n^(-s),z*n^(-s),True,True,countable_return_alphabet,False
2942,23,1,23,False,u^23*n^(-s),z*n^(-s),True,True,countable_return_alphabet,False
2943,23,1,23,False,u^23*n^(-s),z*n^(-s),True,True,countable_return_alphabet,False
2944,23,1,23,False,u^23*n^(-s),z*n^(-s),True,True,countable_return_alphabet,False
2945,23,1,23,False,u^23*n^(-s),z*n^(-s),True,True,countable_return_alphabet,False
2946,23,1,23,False,u^23*n^(-s),z*n^(-s),True,True,countable_return_alphabet,False
2947,23,1,23,False,u^23*n^(-s),z*n^(-s),True,True,countable_return_alphabet,False
2948,23,1,23,False,u^23*n^(-s),z*n^(-s),True,True,countable_return_alphabet,False
2949,23,1,23,False,u^23*n^(-s),z*n^(-s),True,True,countable_return_alphabet,False
2950,23,1,23,False,u^23*n^(-s),z*n^(-s),True,True,countable_return_alphabet,False
2951,23,1,23,False,u^23*n^(-s),z*n^(-s),True,True,countable_return_alphabet,False
2952,23,1,23,False,u^23*n^(-s),z*n^(-s),True,True,countable_return_alphabet,False
2953,23,1,23,False,u^23*n^(-s),z*n^(-s),True,True,countable_return_alphabet,False
2954,23,1,23,False,u^23*n^(-s),z*n^(-s),True,True,countable_return_alphabet,False
2955,23,1,23,False,u^23*n^(-s),z*n^(-s),True,True,countable_return_alphabet,False
2956,23,1,23,False,u^23*n^(-s),z*n^(-s),True,True,countable_return_alphabet,False
2957,23,1,23,False,u^23*n^(-s),z*n^(-s),True,True,countable_return_alphabet,False
2958,23,1,23,False,u^23*n^(-s),z*n^(-s),True,True,countable_return_alphabet,False
2959,23,1,23,False,u^23*n^(-s),z*n^(-s),True,True,countable_return_alphabet,False
2960,23,1,23,False,u^23*n^(-s),z*n^(-s),True,True,countable_return_alphabet,False
2961,23,1,23,False,u^23*n^(-s),z*n^(-s),True,True,countable_return_alphabet,False
2962,23,1,23,False,u^23*n^(-s),z*n^(-s),True,True,countable_return_alphabet,False
2963,23,1,23,False,u^23*n^(-s),z*n^(-s),True,True,countable_return_alphabet,False
2964,23,1,23,False,u^23*n^(-s),z*n^(-s),True,True,countable_return_alphabet,False
2965,23,1,23,False,u^23*n^(-s),z*n^(-s),True,True,countable_return_alphabet,False
2966,23,1,23,False,u^23*n^(-s),z*n^(-s),True,True,countable_return_alphabet,False
2967,23,1,23,False,u^23*n^(-s),z*n^(-s),True,True,countable_return_alphabet,False
2968,23,1,23,False,u^23*n^(-s),z*n^(-s),True,True,countable_return_alphabet,False
2969,23,1,23,False,u^23*n^(-s),z*n^(-s),True,True,countable_return_alphabet,False
2970,23,1,23,False,u^23*n^(-s),z*n^(-s),True,True,countable_return_alphabet,False
2971,23,1,23,False,u^23*n^(-s),z*n^(-s),True,True,countable_return_alphabet,False
2972,23,1,23,False,u^23*n^(-s),z*n^(-s),True,True,countable_return_alphabet,False
2973,23,1,23,False,u^23*n^(-s),z*n^(-s),True,True,countable_return_alphabet,False
2974,23,1,23,False,u^23*n^(-s),z*n^(-s),True,True,countable_return_alphabet,False
2975,23,1,23,False,u^23*n^(-s),z*n^(-s),True,True,countable_return_alphabet,False
2976,23,1,23,False,u^23*n^(-s),z*n^(-s),True,True,countable_return_alphabet,False
2977,23,1,23,False,u^23*n^(-s),z*n^(-s),True,True,countable_return_alphabet,False
2978,23,1,23,False,u^23*n^(-s),z*n^(-s),True,True,countable_return_alphabet,False
2979,23,1,23,False,u^23*n^(-s),z*n^(-s),True,True,countable_return_alphabet,False
2980,23,1,23,False,u^23*n^(-s),z*n^(-s),True,True,countable_return_alphabet,False
2981,23,1,23,False,u^23*n^(-s),z*n^(-s),True,True,countable_return_alphabet,False
2982,23,1,23,False,u^23*n^(-s),z*n^(-s),True,True,countable_return_alphabet,False
2983,23,1,23,False,u^23*n^(-s),z*n^(-s),True,True,countable_return_alphabet,False
2984,23,1,23,False,u^23*n^(-s),z*n^(-s),True,True,countable_return_alphabet,False
2985,23,1,23,False,u^23*n^(-s),z*n^(-s),True,True,countable_return_alphabet,False
2986,23,1,23,False,u^23*n^(-s),z*n^(-s),True,True,countable_return_alphabet,False
2987,23,1,23,False,u^23*n^(-s),z*n^(-s),True,True,countable_return_alphabet,False
2988,23,1,23,False,u^23*n^(-s),z*n^(-s),True,True,countable_return_alphabet,False
2989,23,1,23,False,u^23*n^(-s),z*n^(-s),True,True,countable_return_alphabet,False
2990,23,1,23,False,u^23*n^(-s),z*n^(-s),True,True,countable_return_alphabet,False
2991,23,1,23,False,u^23*n^(-s),z*n^(-s),True,True,countable_return_alphabet,False
2992,23,1,23,False,u^23*n^(-s),z*n^(-s),True,True,countable_return_alphabet,False
2993,23,1,23,False,u^23*n^(-s),z*n^(-s),True,True,countable_return_alphabet,False
2994,23,1,23,False,u^23*n^(-s),z*n^(-s),True,True,countable_return_alphabet,False
2995,23,1,23,False,u^23*n^(-s),z*n^(-s),True,True,countable_return_alphabet,False
2996,23,1,23,False,u^23*n^(-s),z*n^(-s),True,True,countable_return_alphabet,False
2997,23,1,23,False,u^23*n^(-s),z*n^(-s),True,True,countable_return_alphabet,False
2998,23,1,23,False,u^23*n^(-s),z*n^(-s),True,True,countable_return_alphabet,False
2999,23,1,23,False,u^23*n^(-s),z*n^(-s),True,True,countable_return_alphabet,False
3000,23,1,23,False,u^23*n^(-s),z*n^(-s),True,True,countable_return_alphabet,False
3001,23,1,23,False,u^23*n^(-s),z*n^(-s),True,True,countable_return_alphabet,False
3002,23,1,23,False,u^23*n^(-s),z*n^(-s),True,True,countable_return_alphabet,False
3003,23,1,23,False,u^23*n^(-s),z*n^(-s),True,True,countable_return_alphabet,False
3004,23,1,23,False,u^23*n^(-s),z*n^(-s),True,True,countable_return_alphabet,False
3005,23,1,23,False,u^23*n^(-s),z*n^(-s),True,True,countable_return_alphabet,False
3006,23,1,23,False,u^23*n^(-s),z*n^(-s),True,True,countable_return_alphabet,False
3007,23,1,23,False,u^23*n^(-s),z*n^(-s),True,True,countable_return_alphabet,False
3008,23,1,23,False,u^23*n^(-s),z*n^(-s),True,True,countable_return_alphabet,False
3009,23,1,23,False,u^23*n^(-s),z*n^(-s),True,True,countable_return_alphabet,False
3010,23,1,23,False,u^23*n^(-s),z*n^(-s),True,True,countable_return_alphabet,False
3011,23,1,23,False,u^23*n^(-s),z*n^(-s),True,True,countable_return_alphabet,False
3012,23,1,23,False,u^23*n^(-s),z*n^(-s),True,True,countable_return_alphabet,False
3013,23,1,23,False,u^23*n^(-s),z*n^(-s),True,True,countable_return_alphabet,False
3014,23,1,23,False,u^23*n^(-s),z*n^(-s),True,True,countable_return_alphabet,False
3015,23,1,23,False,u^23*n^(-s),z*n^(-s),True,True,countable_return_alphabet,False
3016,23,1,23,False,u^23*n^(-s),z*n^(-s),True,True,countable_return_alphabet,False
3017,23,1,23,False,u^23*n^(-s),z*n^(-s),True,True,countable_return_alphabet,False
3018,23,1,23,False,u^23*n^(-s),z*n^(-s),True,True,countable_return_alphabet,False
3019,23,1,23,False,u^23*n^(-s),z*n^(-s),True,True,countable_return_alphabet,False
3020,23,1,23,False,u^23*n^(-s),z*n^(-s),True,True,countable_return_alphabet,False
3021,23,1,23,False,u^23*n^(-s),z*n^(-s),True,True,countable_return_alphabet,False
3022,23,1,23,False,u^23*n^(-s),z*n^(-s),True,True,countable_return_alphabet,False
3023,23,1,23,False,u^23*n^(-s),z*n^(-s),True,True,countable_return_alphabet,False
3024,23,1,23,False,u^23*n^(-s),z*n^(-s),True,True,countable_return_alphabet,False
3025,23,1,23,False,u^23*n^(-s),z*n^(-s),True,True,countable_return_alphabet,False
3026,23,1,23,False,u^23*n^(-s),z*n^(-s),True,True,countable_return_alphabet,False
3027,23,1,23,False,u^23*n^(-s),z*n^(-s),True,True,countable_return_alphabet,False
3028,23,1,23,False,u^23*n^(-s),z*n^(-s),True,True,countable_return_alphabet,False
3029,23,1,23,False,u^23*n^(-s),z*n^(-s),True,True,countable_return_alphabet,False
3030,23,1,23,False,u^23*n^(-s),z*n^(-s),True,True,countable_return_alphabet,False
3031,23,1,23,False,u^23*n^(-s),z*n^(-s),True,True,countable_return_alphabet,False
3032,23,1,23,False,u^23*n^(-s),z*n^(-s),True,True,countable_return_alphabet,False
3033,23,1,23,False,u^23*n^(-s),z*n^(-s),True,True,countable_return_alphabet,False
3034,23,1,23,False,u^23*n^(-s),z*n^(-s),True,True,countable_return_alphabet,False
3035,23,1,23,False,u^23*n^(-s),z*n^(-s),True,True,countable_return_alphabet,False
3036,23,1,23,False,u^23*n^(-s),z*n^(-s),True,True,countable_return_alphabet,False
3037,23,1,23,False,u^23*n^(-s),z*n^(-s),True,True,countable_return_alphabet,False
3038,23,1,23,False,u^23*n^(-s),z*n^(-s),True,True,countable_return_alphabet,False
3039,23,1,23,False,u^23*n^(-s),z*n^(-s),True,True,countable_return_alphabet,False
3040,23,1,23,False,u^23*n^(-s),z*n^(-s),True,True,countable_return_alphabet,False
3041,23,1,23,False,u^23*n^(-s),z*n^(-s),True,True,countable_return_alphabet,False
3042,23,1,23,False,u^23*n^(-s),z*n^(-s),True,True,countable_return_alphabet,False
3043,23,1,23,False,u^23*n^(-s),z*n^(-s),True,True,countable_return_alphabet,False
3044,23,1,23,False,u^23*n^(-s),z*n^(-s),True,True,countable_return_alphabet,False
3045,23,1,23,False,u^23*n^(-s),z*n^(-s),True,True,countable_return_alphabet,False
3046,23,1,23,False,u^23*n^(-s),z*n^(-s),True,True,countable_return_alphabet,False
3047,23,1,23,False,u^23*n^(-s),z*n^(-s),True,True,countable_return_alphabet,False
3048,23,1,23,False,u^23*n^(-s),z*n^(-s),True,True,countable_return_alphabet,False
3049,23,1,23,False,u^23*n^(-s),z*n^(-s),True,True,countable_return_alphabet,False
3050,23,1,23,False,u^23*n^(-s),z*n^(-s),True,True,countable_return_alphabet,False
3051,23,1,23,False,u^23*n^(-s),z*n^(-s),True,True,countable_return_alphabet,False
3052,23,1,23,False,u^23*n^(-s),z*n^(-s),True,True,countable_return_alphabet,False
3053,23,1,23,False,u^23*n^(-s),z*n^(-s),True,True,countable_return_alphabet,False
3054,23,1,23,False,u^23*n^(-s),z*n^(-s),True,True,countable_return_alphabet,False
3055,23,1,23,False,u^23*n^(-s),z*n^(-s),True,True,countable_return_alphabet,False
3056,23,1,23,False,u^23*n^(-s),z*n^(-s),True,True,countable_return_alphabet,False
3057,23,1,23,False,u^23*n^(-s),z*n^(-s),True,True,countable_return_alphabet,False
3058,23,1,23,False,u^23*n^(-s),z*n^(-s),True,True,countable_return_alphabet,False
3059,23,1,23,False,u^23*n^(-s),z*n^(-s),True,True,countable_return_alphabet,False
3060,23,1,23,False,u^23*n^(-s),z*n^(-s),True,True,countable_return_alphabet,False
3061,23,1,23,False,u^23*n^(-s),z*n^(-s),True,True,countable_return_alphabet,False
3062,23,1,23,False,u^23*n^(-s),z*n^(-s),True,True,countable_return_alphabet,False
3063,23,1,23,False,u^23*n^(-s),z*n^(-s),True,True,countable_return_alphabet,False
3064,23,1,23,False,u^23*n^(-s),z*n^(-s),True,True,countable_return_alphabet,False
3065,23,1,23,False,u^23*n^(-s),z*n^(-s),True,True,countable_return_alphabet,False
3066,23,1,23,False,u^23*n^(-s),z*n^(-s),True,True,countable_return_alphabet,False
3067,23,1,23,False,u^23*n^(-s),z*n^(-s),True,True,countable_return_alphabet,False
3068,23,1,23,False,u^23*n^(-s),z*n^(-s),True,True,countable_return_alphabet,False
3069,23,1,23,False,u^23*n^(-s),z*n^(-s),True,True,countable_return_alphabet,False
3070,23,1,23,False,u^23*n^(-s),z*n^(-s),True,True,countable_return_alphabet,False
3071,23,1,23,False,u^23*n^(-s),z*n^(-s),True,True,countable_return_alphabet,False
3072,23,1,23,False,u^23*n^(-s),z*n^(-s),True,True,countable_return_alphabet,False
3073,23,1,23,False,u^23*n^(-s),z*n^(-s),True,True,countable_return_alphabet,False
3074,23,1,23,False,u^23*n^(-s),z*n^(-s),True,True,countable_return_alphabet,False
3075,23,1,23,False,u^23*n^(-s),z*n^(-s),True,True,countable_return_alphabet,False
3076,23,1,23,False,u^23*n^(-s),z*n^(-s),True,True,countable_return_alphabet,False
3077,23,1,23,False,u^23*n^(-s),z*n^(-s),True,True,countable_return_alphabet,False
3078,23,1,23,False,u^23*n^(-s),z*n^(-s),True,True,countable_return_alphabet,False
3079,23,1,23,False,u^23*n^(-s),z*n^(-s),True,True,countable_return_alphabet,False
3080,23,1,23,False,u^23*n^(-s),z*n^(-s),True,True,countable_return_alphabet,False
3081,23,1,23,False,u^23*n^(-s),z*n^(-s),True,True,countable_return_alphabet,False
3082,23,1,23,False,u^23*n^(-s),z*n^(-s),True,True,countable_return_alphabet,False
3083,23,1,23,False,u^23*n^(-s),z*n^(-s),True,True,countable_return_alphabet,False
3084,23,1,23,False,u^23*n^(-s),z*n^(-s),True,True,countable_return_alphabet,False
3085,23,1,23,False,u^23*n^(-s),z*n^(-s),True,True,countable_return_alphabet,False
3086,23,1,23,False,u^23*n^(-s),z*n^(-s),True,True,countable_return_alphabet,False
3087,23,1,23,False,u^23*n^(-s),z*n^(-s),True,True,countable_return_alphabet,False
3088,23,1,23,False,u^23*n^(-s),z*n^(-s),True,True,countable_return_alphabet,False
3089,23,1,23,False,u^23*n^(-s),z*n^(-s),True,True,countable_return_alphabet,False
3090,23,1,23,False,u^23*n^(-s),z*n^(-s),True,True,countable_return_alphabet,False
3091,23,1,23,False,u^23*n^(-s),z*n^(-s),True,True,countable_return_alphabet,False
3092,23,1,23,False,u^23*n^(-s),z*n^(-s),True,True,countable_return_alphabet,False
3093,23,1,23,False,u^23*n^(-s),z*n^(-s),True,True,countable_return_alphabet,False
3094,23,1,23,False,u^23*n^(-s),z*n^(-s),True,True,countable_return_alphabet,False
3095,23,1,23,False,u^23*n^(-s),z*n^(-s),True,True,countable_return_alphabet,False
3096,23,1,23,False,u^23*n^(-s),z*n^(-s),True,True,countable_return_alphabet,False
3097,23,1,23,False,u^23*n^(-s),z*n^(-s),True,True,countable_return_alphabet,False
3098,23,1,23,False,u^23*n^(-s),z*n^(-s),True,True,countable_return_alphabet,False
3099,23,1,23,False,u^23*n^(-s),z*n^(-s),True,True,countable_return_alphabet,False
3100,23,1,23,False,u^23*n^(-s),z*n^(-s),True,True,countable_return_alphabet,False
3101,23,1,23,False,u^23*n^(-s),z*n^(-s),True,True,countable_return_alphabet,False
3102,23,1,23,False,u^23*n^(-s),z*n^(-s),True,True,countable_return_alphabet,False
3103,23,1,23,False,u^23*n^(-s),z*n^(-s),True,True,countable_return_alphabet,False
3104,23,1,23,False,u^23*n^(-s),z*n^(-s),True,True,countable_return_alphabet,False
3105,23,1,23,False,u^23*n^(-s),z*n^(-s),True,True,countable_return_alphabet,False
3106,23,1,23,False,u^23*n^(-s),z*n^(-s),True,True,countable_return_alphabet,False
3107,23,1,23,False,u^23*n^(-s),z*n^(-s),True,True,countable_return_alphabet,False
3108,23,1,23,False,u^23*n^(-s),z*n^(-s),True,True,countable_return_alphabet,False
3109,23,1,23,False,u^23*n^(-s),z*n^(-s),True,True,countable_return_alphabet,False
3110,23,1,23,False,u^23*n^(-s),z*n^(-s),True,True,countable_return_alphabet,False
3111,23,1,23,False,u^23*n^(-s),z*n^(-s),True,True,countable_return_alphabet,False
3112,23,1,23,False,u^23*n^(-s),z*n^(-s),True,True,countable_return_alphabet,False
3113,23,1,23,False,u^23*n^(-s),z*n^(-s),True,True,countable_return_alphabet,False
3114,23,1,23,False,u^23*n^(-s),z*n^(-s),True,True,countable_return_alphabet,False
3115,23,1,23,False,u^23*n^(-s),z*n^(-s),True,True,countable_return_alphabet,False
3116,23,1,23,False,u^23*n^(-s),z*n^(-s),True,True,countable_return_alphabet,False
3117,23,1,23,False,u^23*n^(-s),z*n^(-s),True,True,countable_return_alphabet,False
3118,23,1,23,False,u^23*n^(-s),z*n^(-s),True,True,countable_return_alphabet,False
3119,23,1,23,False,u^23*n^(-s),z*n^(-s),True,True,countable_return_alphabet,False
3120,23,1,23,False,u^23*n^(-s),z*n^(-s),True,True,countable_return_alphabet,False
3121,23,1,23,False,u^23*n^(-s),z*n^(-s),True,True,countable_return_alphabet,False
3122,23,1,23,False,u^23*n^(-s),z*n^(-s),True,True,countable_return_alphabet,False
3123,23,1,23,False,u^23*n^(-s),z*n^(-s),True,True,countable_return_alphabet,False
3124,23,1,23,False,u^23*n^(-s),z*n^(-s),True,True,countable_return_alphabet,False
3125,23,1,23,False,u^23*n^(-s),z*n^(-s),True,True,countable_return_alphabet,False
3126,23,1,23,False,u^23*n^(-s),z*n^(-s),True,True,countable_return_alphabet,False
3127,23,1,23,False,u^23*n^(-s),z*n^(-s),True,True,countable_return_alphabet,False
3128,23,1,23,False,u^23*n^(-s),z*n^(-s),True,True,countable_return_alphabet,False
3129,23,1,23,False,u^23*n^(-s),z*n^(-s),True,True,countable_return_alphabet,False
3130,23,1,23,False,u^23*n^(-s),z*n^(-s),True,True,countable_return_alphabet,False
3131,23,1,23,False,u^23*n^(-s),z*n^(-s),True,True,countable_return_alphabet,False
3132,23,1,23,False,u^23*n^(-s),z*n^(-s),True,True,countable_return_alphabet,False
3133,23,1,23,False,u^23*n^(-s),z*n^(-s),True,True,countable_return_alphabet,False
3134,23,1,23,False,u^23*n^(-s),z*n^(-s),True,True,countable_return_alphabet,False
3135,23,1,23,False,u^23*n^(-s),z*n^(-s),True,True,countable_return_alphabet,False
3136,23,1,23,False,u^23*n^(-s),z*n^(-s),True,True,countable_return_alphabet,False
3137,23,1,23,False,u^23*n^(-s),z*n^(-s),True,True,countable_return_alphabet,False
3138,23,1,23,False,u^23*n^(-s),z*n^(-s),True,True,countable_return_alphabet,False
3139,23,1,23,False,u^23*n^(-s),z*n^(-s),True,True,countable_return_alphabet,False
3140,23,1,23,False,u^23*n^(-s),z*n^(-s),True,True,countable_return_alphabet,False
3141,23,1,23,False,u^23*n^(-s),z*n^(-s),True,True,countable_return_alphabet,False
3142,23,1,23,False,u^23*n^(-s),z*n^(-s),True,True,countable_return_alphabet,False
3143,23,1,23,False,u^23*n^(-s),z*n^(-s),True,True,countable_return_alphabet,False
3144,23,1,23,False,u^23*n^(-s),z*n^(-s),True,True,countable_return_alphabet,False
3145,23,1,23,False,u^23*n^(-s),z*n^(-s),True,True,countable_return_alphabet,False
3146,23,1,23,False,u^23*n^(-s),z*n^(-s),True,True,countable_return_alphabet,False
3147,23,1,23,False,u^23*n^(-s),z*n^(-s),True,True,countable_return_alphabet,False
3148,23,1,23,False,u^23*n^(-s),z*n^(-s),True,True,countable_return_alphabet,False
3149,23,1,23,False,u^23*n^(-s),z*n^(-s),True,True,countable_return_alphabet,False
3150,23,1,23,False,u^23*n^(-s),z*n^(-s),True,True,countable_return_alphabet,False
3151,23,1,23,False,u^23*n^(-s),z*n^(-s),True,True,countable_return_alphabet,False
3152,23,1,23,False,u^23*n^(-s),z*n^(-s),True,True,countable_return_alphabet,False
3153,23,1,23,False,u^23*n^(-s),z*n^(-s),True,True,countable_return_alphabet,False
3154,23,1,23,False,u^23*n^(-s),z*n^(-s),True,True,countable_return_alphabet,False
3155,23,1,23,False,u^23*n^(-s),z*n^(-s),True,True,countable_return_alphabet,False
3156,23,1,23,False,u^23*n^(-s),z*n^(-s),True,True,countable_return_alphabet,False
3157,23,1,23,False,u^23*n^(-s),z*n^(-s),True,True,countable_return_alphabet,False
3158,23,1,23,False,u^23*n^(-s),z*n^(-s),True,True,countable_return_alphabet,False
3159,23,1,23,False,u^23*n^(-s),z*n^(-s),True,True,countable_return_alphabet,False
3160,23,1,23,False,u^23*n^(-s),z*n^(-s),True,True,countable_return_alphabet,False
3161,23,1,23,False,u^23*n^(-s),z*n^(-s),True,True,countable_return_alphabet,False
3162,23,1,23,False,u^23*n^(-s),z*n^(-s),True,True,countable_return_alphabet,False
3163,23,1,23,False,u^23*n^(-s),z*n^(-s),True,True,countable_return_alphabet,False
3164,23,1,23,False,u^23*n^(-s),z*n^(-s),True,True,countable_return_alphabet,False
3165,23,1,23,False,u^23*n^(-s),z*n^(-s),True,True,countable_return_alphabet,False
3166,23,1,23,False,u^23*n^(-s),z*n^(-s),True,True,countable_return_alphabet,False
3167,23,1,23,False,u^23*n^(-s),z*n^(-s),True,True,countable_return_alphabet,False
3168,23,1,23,False,u^23*n^(-s),z*n^(-s),True,True,countable_return_alphabet,False
3169,23,1,23,False,u^23*n^(-s),z*n^(-s),True,True,countable_return_alphabet,False
3170,23,1,23,False,u^23*n^(-s),z*n^(-s),True,True,countable_return_alphabet,False
3171,23,1,23,False,u^23*n^(-s),z*n^(-s),True,True,countable_return_alphabet,False
3172,23,1,23,False,u^23*n^(-s),z*n^(-s),True,True,countable_return_alphabet,False
3173,23,1,23,False,u^23*n^(-s),z*n^(-s),True,True,countable_return_alphabet,False
3174,23,1,23,False,u^23*n^(-s),z*n^(-s),True,True,countable_return_alphabet,False
3175,23,1,23,False,u^23*n^(-s),z*n^(-s),True,True,countable_return_alphabet,False
3176,23,1,23,False,u^23*n^(-s),z*n^(-s),True,True,countable_return_alphabet,False
3177,23,1,23,False,u^23*n^(-s),z*n^(-s),True,True,countable_return_alphabet,False
3178,23,1,23,False,u^23*n^(-s),z*n^(-s),True,True,countable_return_alphabet,False
3179,23,1,23,False,u^23*n^(-s),z*n^(-s),True,True,countable_return_alphabet,False
3180,23,1,23,False,u^23*n^(-s),z*n^(-s),True,True,countable_return_alphabet,False
3181,23,1,23,False,u^23*n^(-s),z*n^(-s),True,True,countable_return_alphabet,False
3182,23,1,23,False,u^23*n^(-s),z*n^(-s),True,True,countable_return_alphabet,False
3183,23,1,23,False,u^23*n^(-s),z*n^(-s),True,True,countable_return_alphabet,False
3184,23,1,23,False,u^23*n^(-s),z*n^(-s),True,True,countable_return_alphabet,False
3185,23,1,23,False,u^23*n^(-s),z*n^(-s),True,True,countable_return_alphabet,False
3186,23,1,23,False,u^23*n^(-s),z*n^(-s),True,True,countable_return_alphabet,False
3187,23,1,23,False,u^23*n^(-s),z*n^(-s),True,True,countable_return_alphabet,False
3188,23,1,23,False,u^23*n^(-s),z*n^(-s),True,True,countable_return_alphabet,False
3189,23,1,23,False,u^23*n^(-s),z*n^(-s),True,True,countable_return_alphabet,False
3190,23,1,23,False,u^23*n^(-s),z*n^(-s),True,True,countable_return_alphabet,False
3191,23,1,23,False,u^23*n^(-s),z*n^(-s),True,True,countable_return_alphabet,False
3192,23,1,23,False,u^23*n^(-s),z*n^(-s),True,True,countable_return_alphabet,False
3193,23,1,23,False,u^23*n^(-s),z*n^(-s),True,True,countable_return_alphabet,False
3194,23,1,23,False,u^23*n^(-s),z*n^(-s),True,True,countable_return_alphabet,False
3195,23,1,23,False,u^23*n^(-s),z*n^(-s),True,True,countable_return_alphabet,False
3196,23,1,23,False,u^23*n^(-s),z*n^(-s),True,True,countable_return_alphabet,False
3197,23,1,23,False,u^23*n^(-s),z*n^(-s),True,True,countable_return_alphabet,False
3198,23,1,23,False,u^23*n^(-s),z*n^(-s),True,True,countable_return_alphabet,False
3199,23,1,23,False,u^23*n^(-s),z*n^(-s),True,True,countable_return_alphabet,False
3200,23,1,23,False,u^23*n^(-s),z*n^(-s),True,True,countable_return_alphabet,False
3201,23,1,23,False,u^23*n^(-s),z*n^(-s),True,True,countable_return_alphabet,False
3202,23,1,23,False,u^23*n^(-s),z*n^(-s),True,True,countable_return_alphabet,False
3203,23,1,23,False,u^23*n^(-s),z*n^(-s),True,True,countable_return_alphabet,False
3204,23,1,23,False,u^23*n^(-s),z*n^(-s),True,True,countable_return_alphabet,False
3205,23,1,23,False,u^23*n^(-s),z*n^(-s),True,True,countable_return_alphabet,False
3206,23,1,23,False,u^23*n^(-s),z*n^(-s),True,True,countable_return_alphabet,False
3207,23,1,23,False,u^23*n^(-s),z*n^(-s),True,True,countable_return_alphabet,False
3208,23,1,23,False,u^23*n^(-s),z*n^(-s),True,True,countable_return_alphabet,False
3209,23,1,23,False,u^23*n^(-s),z*n^(-s),True,True,countable_return_alphabet,False
3210,23,1,23,False,u^23*n^(-s),z*n^(-s),True,True,countable_return_alphabet,False
3211,23,1,23,False,u^23*n^(-s),z*n^(-s),True,True,countable_return_alphabet,False
3212,23,1,23,False,u^23*n^(-s),z*n^(-s),True,True,countable_return_alphabet,False
3213,23,1,23,False,u^23*n^(-s),z*n^(-s),True,True,countable_return_alphabet,False
3214,23,1,23,False,u^23*n^(-s),z*n^(-s),True,True,countable_return_alphabet,False
3215,23,1,23,False,u^23*n^(-s),z*n^(-s),True,True,countable_return_alphabet,False
3216,23,1,23,False,u^23*n^(-s),z*n^(-s),True,True,countable_return_alphabet,False
3217,23,1,23,False,u^23*n^(-s),z*n^(-s),True,True,countable_return_alphabet,False
3218,23,1,23,False,u^23*n^(-s),z*n^(-s),True,True,countable_return_alphabet,False
3219,23,1,23,False,u^23*n^(-s),z*n^(-s),True,True,countable_return_alphabet,False
3220,23,1,23,False,u^23*n^(-s),z*n^(-s),True,True,countable_return_alphabet,False
3221,23,1,23,False,u^23*n^(-s),z*n^(-s),True,True,countable_return_alphabet,False
3222,23,1,23,False,u^23*n^(-s),z*n^(-s),True,True,countable_return_alphabet,False
3223,23,1,23,False,u^23*n^(-s),z*n^(-s),True,True,countable_return_alphabet,False
3224,23,1,23,False,u^23*n^(-s),z*n^(-s),True,True,countable_return_alphabet,False
3225,23,1,23,False,u^23*n^(-s),z*n^(-s),True,True,countable_return_alphabet,False
3226,23,1,23,False,u^23*n^(-s),z*n^(-s),True,True,countable_return_alphabet,False
3227,23,1,23,False,u^23*n^(-s),z*n^(-s),True,True,countable_return_alphabet,False
3228,23,1,23,False,u^23*n^(-s),z*n^(-s),True,True,countable_return_alphabet,False
3229,23,1,23,False,u^23*n^(-s),z*n^(-s),True,True,countable_return_alphabet,False
3230,23,1,23,False,u^23*n^(-s),z*n^(-s),True,True,countable_return_alphabet,False
3231,23,1,23,False,u^23*n^(-s),z*n^(-s),True,True,countable_return_alphabet,False
3232,23,1,23,False,u^23*n^(-s),z*n^(-s),True,True,countable_return_alphabet,False
3233,23,1,23,False,u^23*n^(-s),z*n^(-s),True,True,countable_return_alphabet,False
3234,23,1,23,False,u^23*n^(-s),z*n^(-s),True,True,countable_return_alphabet,False
3235,23,1,23,False,u^23*n^(-s),z*n^(-s),True,True,countable_return_alphabet,False
3236,23,1,23,False,u^23*n^(-s),z*n^(-s),True,True,countable_return_alphabet,False
3237,23,1,23,False,u^23*n^(-s),z*n^(-s),True,True,countable_return_alphabet,False
3238,23,1,23,False,u^23*n^(-s),z*n^(-s),True,True,countable_return_alphabet,False
3239,23,1,23,False,u^23*n^(-s),z*n^(-s),True,True,countable_return_alphabet,False
3240,23,1,23,False,u^23*n^(-s),z*n^(-s),True,True,countable_return_alphabet,False
3241,23,1,23,False,u^23*n^(-s),z*n^(-s),True,True,countable_return_alphabet,False
3242,23,1,23,False,u^23*n^(-s),z*n^(-s),True,True,countable_return_alphabet,False
3243,23,1,23,False,u^23*n^(-s),z*n^(-s),True,True,countable_return_alphabet,False
3244,23,1,23,False,u^23*n^(-s),z*n^(-s),True,True,countable_return_alphabet,False
3245,23,1,23,False,u^23*n^(-s),z*n^(-s),True,True,countable_return_alphabet,False
3246,23,1,23,False,u^23*n^(-s),z*n^(-s),True,True,countable_return_alphabet,False
3247,23,1,23,False,u^23*n^(-s),z*n^(-s),True,True,countable_return_alphabet,False
3248,23,1,23,False,u^23*n^(-s),z*n^(-s),True,True,countable_return_alphabet,False
3249,23,1,23,False,u^23*n^(-s),z*n^(-s),True,True,countable_return_alphabet,False
3250,23,1,23,False,u^23*n^(-s),z*n^(-s),True,True,countable_return_alphabet,False
3251,23,1,23,False,u^23*n^(-s),z*n^(-s),True,True,countable_return_alphabet,False
3252,23,1,23,False,u^23*n^(-s),z*n^(-s),True,True,countable_return_alphabet,False
3253,23,1,23,False,u^23*n^(-s),z*n^(-s),True,True,countable_return_alphabet,False
3254,23,1,23,False,u^23*n^(-s),z*n^(-s),True,True,countable_return_alphabet,False
3255,23,1,23,False,u^23*n^(-s),z*n^(-s),True,True,countable_return_alphabet,False
3256,23,1,23,False,u^23*n^(-s),z*n^(-s),True,True,countable_return_alphabet,False
3257,23,1,23,False,u^23*n^(-s),z*n^(-s),True,True,countable_return_alphabet,False
3258,23,1,23,False,u^23*n^(-s),z*n^(-s),True,True,countable_return_alphabet,False
3259,23,1,23,False,u^23*n^(-s),z*n^(-s),True,True,countable_return_alphabet,False
3260,23,1,23,False,u^23*n^(-s),z*n^(-s),True,True,countable_return_alphabet,False
3261,23,1,23,False,u^23*n^(-s),z*n^(-s),True,True,countable_return_alphabet,False
3262,23,1,23,False,u^23*n^(-s),z*n^(-s),True,True,countable_return_alphabet,False
3263,23,1,23,False,u^23*n^(-s),z*n^(-s),True,True,countable_return_alphabet,False
3264,23,1,23,False,u^23*n^(-s),z*n^(-s),True,True,countable_return_alphabet,False
3265,23,1,23,False,u^23*n^(-s),z*n^(-s),True,True,countable_return_alphabet,False
3266,23,1,23,False,u^23*n^(-s),z*n^(-s),True,True,countable_return_alphabet,False
3267,23,1,23,False,u^23*n^(-s),z*n^(-s),True,True,countable_return_alphabet,False
3268,23,1,23,False,u^23*n^(-s),z*n^(-s),True,True,countable_return_alphabet,False
3269,23,1,23,False,u^23*n^(-s),z*n^(-s),True,True,countable_return_alphabet,False
3270,23,1,23,False,u^23*n^(-s),z*n^(-s),True,True,countable_return_alphabet,False
3271,23,1,23,False,u^23*n^(-s),z*n^(-s),True,True,countable_return_alphabet,False
3272,23,1,23,False,u^23*n^(-s),z*n^(-s),True,True,countable_return_alphabet,False
3273,23,1,23,False,u^23*n^(-s),z*n^(-s),True,True,countable_return_alphabet,False
3274,23,1,23,False,u^23*n^(-s),z*n^(-s),True,True,countable_return_alphabet,False
3275,23,1,23,False,u^23*n^(-s),z*n^(-s),True,True,countable_return_alphabet,False
3276,23,1,23,False,u^23*n^(-s),z*n^(-s),True,True,countable_return_alphabet,False
3277,23,1,23,False,u^23*n^(-s),z*n^(-s),True,True,countable_return_alphabet,False
3278,23,1,23,False,u^23*n^(-s),z*n^(-s),True,True,countable_return_alphabet,False
3279,23,1,23,False,u^23*n^(-s),z*n^(-s),True,True,countable_return_alphabet,False
3280,23,1,23,False,u^23*n^(-s),z*n^(-s),True,True,countable_return_alphabet,False
3281,23,1,23,False,u^23*n^(-s),z*n^(-s),True,True,countable_return_alphabet,False
3282,23,1,23,False,u^23*n^(-s),z*n^(-s),True,True,countable_return_alphabet,False
3283,23,1,23,False,u^23*n^(-s),z*n^(-s),True,True,countable_return_alphabet,False
3284,23,1,23,False,u^23*n^(-s),z*n^(-s),True,True,countable_return_alphabet,False
3285,23,1,23,False,u^23*n^(-s),z*n^(-s),True,True,countable_return_alphabet,False
3286,23,1,23,False,u^23*n^(-s),z*n^(-s),True,True,countable_return_alphabet,False
3287,23,1,23,False,u^23*n^(-s),z*n^(-s),True,True,countable_return_alphabet,False
3288,23,1,23,False,u^23*n^(-s),z*n^(-s),True,True,countable_return_alphabet,False
3289,23,1,23,False,u^23*n^(-s),z*n^(-s),True,True,countable_return_alphabet,False
3290,23,1,23,False,u^23*n^(-s),z*n^(-s),True,True,countable_return_alphabet,False
3291,23,1,23,False,u^23*n^(-s),z*n^(-s),True,True,countable_return_alphabet,False
3292,23,1,23,False,u^23*n^(-s),z*n^(-s),True,True,countable_return_alphabet,False
3293,23,1,23,False,u^23*n^(-s),z*n^(-s),True,True,countable_return_alphabet,False
3294,23,1,23,False,u^23*n^(-s),z*n^(-s),True,True,countable_return_alphabet,False
3295,23,1,23,False,u^23*n^(-s),z*n^(-s),True,True,countable_return_alphabet,False
3296,23,1,23,False,u^23*n^(-s),z*n^(-s),True,True,countable_return_alphabet,False
3297,23,1,23,False,u^23*n^(-s),z*n^(-s),True,True,countable_return_alphabet,False
3298,23,1,23,False,u^23*n^(-s),z*n^(-s),True,True,countable_return_alphabet,False
3299,23,1,23,False,u^23*n^(-s),z*n^(-s),True,True,countable_return_alphabet,False
3300,23,1,23,False,u^23*n^(-s),z*n^(-s),True,True,countable_return_alphabet,False
3301,23,1,23,False,u^23*n^(-s),z*n^(-s),True,True,countable_return_alphabet,False
3302,23,1,23,False,u^23*n^(-s),z*n^(-s),True,True,countable_return_alphabet,False
3303,23,1,23,False,u^23*n^(-s),z*n^(-s),True,True,countable_return_alphabet,False
3304,23,1,23,False,u^23*n^(-s),z*n^(-s),True,True,countable_return_alphabet,False
3305,23,1,23,False,u^23*n^(-s),z*n^(-s),True,True,countable_return_alphabet,False
3306,23,1,23,False,u^23*n^(-s),z*n^(-s),True,True,countable_return_alphabet,False
3307,23,1,23,False,u^23*n^(-s),z*n^(-s),True,True,countable_return_alphabet,False
3308,23,1,23,False,u^23*n^(-s),z*n^(-s),True,True,countable_return_alphabet,False
3309,23,1,23,False,u^23*n^(-s),z*n^(-s),True,True,countable_return_alphabet,False
3310,23,1,23,False,u^23*n^(-s),z*n^(-s),True,True,countable_return_alphabet,False
3311,23,1,23,False,u^23*n^(-s),z*n^(-s),True,True,countable_return_alphabet,False
3312,23,1,23,False,u^23*n^(-s),z*n^(-s),True,True,countable_return_alphabet,False
3313,23,1,23,False,u^23*n^(-s),z*n^(-s),True,True,countable_return_alphabet,False
3314,23,1,23,False,u^23*n^(-s),z*n^(-s),True,True,countable_return_alphabet,False
3315,23,1,23,False,u^23*n^(-s),z*n^(-s),True,True,countable_return_alphabet,False
3316,23,1,23,False,u^23*n^(-s),z*n^(-s),True,True,countable_return_alphabet,False
3317,23,1,23,False,u^23*n^(-s),z*n^(-s),True,True,countable_return_alphabet,False
3318,23,1,23,False,u^23*n^(-s),z*n^(-s),True,True,countable_return_alphabet,False
3319,23,1,23,False,u^23*n^(-s),z*n^(-s),True,True,countable_return_alphabet,False
3320,23,1,23,False,u^23*n^(-s),z*n^(-s),True,True,countable_return_alphabet,False
3321,23,1,23,False,u^23*n^(-s),z*n^(-s),True,True,countable_return_alphabet,False
3322,23,1,23,False,u^23*n^(-s),z*n^(-s),True,True,countable_return_alphabet,False
3323,23,1,23,False,u^23*n^(-s),z*n^(-s),True,True,countable_return_alphabet,False
3324,23,1,23,False,u^23*n^(-s),z*n^(-s),True,True,countable_return_alphabet,False
3325,23,1,23,False,u^23*n^(-s),z*n^(-s),True,True,countable_return_alphabet,False
3326,23,1,23,False,u^23*n^(-s),z*n^(-s),True,True,countable_return_alphabet,False
3327,23,1,23,False,u^23*n^(-s),z*n^(-s),True,True,countable_return_alphabet,False
3328,23,1,23,False,u^23*n^(-s),z*n^(-s),True,True,countable_return_alphabet,False
3329,23,1,23,False,u^23*n^(-s),z*n^(-s),True,True,countable_return_alphabet,False
3330,23,1,23,False,u^23*n^(-s),z*n^(-s),True,True,countable_return_alphabet,False
3331,23,1,23,False,u^23*n^(-s),z*n^(-s),True,True,countable_return_alphabet,False
3332,23,1,23,False,u^23*n^(-s),z*n^(-s),True,True,countable_return_alphabet,False
3333,23,1,23,False,u^23*n^(-s),z*n^(-s),True,True,countable_return_alphabet,False
3334,23,1,23,False,u^23*n^(-s),z*n^(-s),True,True,countable_return_alphabet,False
3335,23,1,23,False,u^23*n^(-s),z*n^(-s),True,True,countable_return_alphabet,False
3336,23,1,23,False,u^23*n^(-s),z*n^(-s),True,True,countable_return_alphabet,False
3337,23,1,23,False,u^23*n^(-s),z*n^(-s),True,True,countable_return_alphabet,False
3338,23,1,23,False,u^23*n^(-s),z*n^(-s),True,True,countable_return_alphabet,False
3339,23,1,23,False,u^23*n^(-s),z*n^(-s),True,True,countable_return_alphabet,False
3340,23,1,23,False,u^23*n^(-s),z*n^(-s),True,True,countable_return_alphabet,False
3341,23,1,23,False,u^23*n^(-s),z*n^(-s),True,True,countable_return_alphabet,False
3342,23,1,23,False,u^23*n^(-s),z*n^(-s),True,True,countable_return_alphabet,False
3343,23,1,23,False,u^23*n^(-s),z*n^(-s),True,True,countable_return_alphabet,False
3344,23,1,23,False,u^23*n^(-s),z*n^(-s),True,True,countable_return_alphabet,False
3345,23,1,23,False,u^23*n^(-s),z*n^(-s),True,True,countable_return_alphabet,False
3346,23,1,23,False,u^23*n^(-s),z*n^(-s),True,True,countable_return_alphabet,False
3347,23,1,23,False,u^23*n^(-s),z*n^(-s),True,True,countable_return_alphabet,False
3348,23,1,23,False,u^23*n^(-s),z*n^(-s),True,True,countable_return_alphabet,False
3349,23,1,23,False,u^23*n^(-s),z*n^(-s),True,True,countable_return_alphabet,False
3350,23,1,23,False,u^23*n^(-s),z*n^(-s),True,True,countable_return_alphabet,False
3351,23,1,23,False,u^23*n^(-s),z*n^(-s),True,True,countable_return_alphabet,False
3352,23,1,23,False,u^23*n^(-s),z*n^(-s),True,True,countable_return_alphabet,False
3353,23,1,23,False,u^23*n^(-s),z*n^(-s),True,True,countable_return_alphabet,False
3354,23,1,23,False,u^23*n^(-s),z*n^(-s),True,True,countable_return_alphabet,False
3355,23,1,23,False,u^23*n^(-s),z*n^(-s),True,True,countable_return_alphabet,False
3356,23,1,23,False,u^23*n^(-s),z*n^(-s),True,True,countable_return_alphabet,False
3357,23,1,23,False,u^23*n^(-s),z*n^(-s),True,True,countable_return_alphabet,False
3358,23,1,23,False,u^23*n^(-s),z*n^(-s),True,True,countable_return_alphabet,False
3359,23,1,23,False,u^23*n^(-s),z*n^(-s),True,True,countable_return_alphabet,False
3360,23,1,23,False,u^23*n^(-s),z*n^(-s),True,True,countable_return_alphabet,False
3361,23,1,23,False,u^23*n^(-s),z*n^(-s),True,True,countable_return_alphabet,False
3362,23,1,23,False,u^23*n^(-s),z*n^(-s),True,True,countable_return_alphabet,False
3363,23,1,23,False,u^23*n^(-s),z*n^(-s),True,True,countable_return_alphabet,False
3364,23,1,23,False,u^23*n^(-s),z*n^(-s),True,True,countable_return_alphabet,False
3365,23,1,23,False,u^23*n^(-s),z*n^(-s),True,True,countable_return_alphabet,False
3366,23,1,23,False,u^23*n^(-s),z*n^(-s),True,True,countable_return_alphabet,False
3367,23,1,23,False,u^23*n^(-s),z*n^(-s),True,True,countable_return_alphabet,False
3368,23,1,23,False,u^23*n^(-s),z*n^(-s),True,True,countable_return_alphabet,False
3369,23,1,23,False,u^23*n^(-s),z*n^(-s),True,True,countable_return_alphabet,False
3370,23,1,23,False,u^23*n^(-s),z*n^(-s),True,True,countable_return_alphabet,False
3371,23,1,23,False,u^23*n^(-s),z*n^(-s),True,True,countable_return_alphabet,False
3372,23,1,23,False,u^23*n^(-s),z*n^(-s),True,True,countable_return_alphabet,False
3373,23,1,23,False,u^23*n^(-s),z*n^(-s),True,True,countable_return_alphabet,False
3374,23,1,23,False,u^23*n^(-s),z*n^(-s),True,True,countable_return_alphabet,False
3375,23,1,23,False,u^23*n^(-s),z*n^(-s),True,True,countable_return_alphabet,False
3376,23,1,23,False,u^23*n^(-s),z*n^(-s),True,True,countable_return_alphabet,False
3377,23,1,23,False,u^23*n^(-s),z*n^(-s),True,True,countable_return_alphabet,False
3378,23,1,23,False,u^23*n^(-s),z*n^(-s),True,True,countable_return_alphabet,False
3379,23,1,23,False,u^23*n^(-s),z*n^(-s),True,True,countable_return_alphabet,False
3380,23,1,23,False,u^23*n^(-s),z*n^(-s),True,True,countable_return_alphabet,False
3381,23,1,23,False,u^23*n^(-s),z*n^(-s),True,True,countable_return_alphabet,False
3382,23,1,23,False,u^23*n^(-s),z*n^(-s),True,True,countable_return_alphabet,False
3383,23,1,23,False,u^23*n^(-s),z*n^(-s),True,True,countable_return_alphabet,False
3384,23,1,23,False,u^23*n^(-s),z*n^(-s),True,True,countable_return_alphabet,False
3385,23,1,23,False,u^23*n^(-s),z*n^(-s),True,True,countable_return_alphabet,False
3386,23,1,23,False,u^23*n^(-s),z*n^(-s),True,True,countable_return_alphabet,False
3387,23,1,23,False,u^23*n^(-s),z*n^(-s),True,True,countable_return_alphabet,False
3388,23,1,23,False,u^23*n^(-s),z*n^(-s),True,True,countable_return_alphabet,False
3389,23,1,23,False,u^23*n^(-s),z*n^(-s),True,True,countable_return_alphabet,False
3390,23,1,23,False,u^23*n^(-s),z*n^(-s),True,True,countable_return_alphabet,False
3391,23,1,23,False,u^23*n^(-s),z*n^(-s),True,True,countable_return_alphabet,False
3392,23,1,23,False,u^23*n^(-s),z*n^(-s),True,True,countable_return_alphabet,False
3393,23,1,23,False,u^23*n^(-s),z*n^(-s),True,True,countable_return_alphabet,False
3394,23,1,23,False,u^23*n^(-s),z*n^(-s),True,True,countable_return_alphabet,False
3395,23,1,23,False,u^23*n^(-s),z*n^(-s),True,True,countable_return_alphabet,False
3396,23,1,23,False,u^23*n^(-s),z*n^(-s),True,True,countable_return_alphabet,False
3397,23,1,23,False,u^23*n^(-s),z*n^(-s),True,True,countable_return_alphabet,False
3398,23,1,23,False,u^23*n^(-s),z*n^(-s),True,True,countable_return_alphabet,False
3399,23,1,23,False,u^23*n^(-s),z*n^(-s),True,True,countable_return_alphabet,False
3400,23,1,23,False,u^23*n^(-s),z*n^(-s),True,True,countable_return_alphabet,False
3401,23,1,23,False,u^23*n^(-s),z*n^(-s),True,True,countable_return_alphabet,False
3402,23,1,23,False,u^23*n^(-s),z*n^(-s),True,True,countable_return_alphabet,False
3403,23,1,23,False,u^23*n^(-s),z*n^(-s),True,True,countable_return_alphabet,False
3404,23,1,23,False,u^23*n^(-s),z*n^(-s),True,True,countable_return_alphabet,False
3405,23,1,23,False,u^23*n^(-s),z*n^(-s),True,True,countable_return_alphabet,False
3406,23,1,23,False,u^23*n^(-s),z*n^(-s),True,True,countable_return_alphabet,False
3407,23,1,23,False,u^23*n^(-s),z*n^(-s),True,True,countable_return_alphabet,False
3408,23,1,23,False,u^23*n^(-s),z*n^(-s),True,True,countable_return_alphabet,False
3409,23,1,23,False,u^23*n^(-s),z*n^(-s),True,True,countable_return_alphabet,False
3410,23,1,23,False,u^23*n^(-s),z*n^(-s),True,True,countable_return_alphabet,False
3411,23,1,23,False,u^23*n^(-s),z*n^(-s),True,True,countable_return_alphabet,False
3412,23,1,23,False,u^23*n^(-s),z*n^(-s),True,True,countable_return_alphabet,False
3413,23,1,23,False,u^23*n^(-s),z*n^(-s),True,True,countable_return_alphabet,False
3414,23,1,23,False,u^23*n^(-s),z*n^(-s),True,True,countable_return_alphabet,False
3415,23,1,23,False,u^23*n^(-s),z*n^(-s),True,True,countable_return_alphabet,False
3416,23,1,23,False,u^23*n^(-s),z*n^(-s),True,True,countable_return_alphabet,False
3417,23,1,23,False,u^23*n^(-s),z*n^(-s),True,True,countable_return_alphabet,False
3418,23,1,23,False,u^23*n^(-s),z*n^(-s),True,True,countable_return_alphabet,False
3419,23,1,23,False,u^23*n^(-s),z*n^(-s),True,True,countable_return_alphabet,False
3420,23,1,23,False,u^23*n^(-s),z*n^(-s),True,True,countable_return_alphabet,False
3421,23,1,23,False,u^23*n^(-s),z*n^(-s),True,True,countable_return_alphabet,False
3422,23,1,23,False,u^23*n^(-s),z*n^(-s),True,True,countable_return_alphabet,False
3423,23,1,23,False,u^23*n^(-s),z*n^(-s),True,True,countable_return_alphabet,False
3424,23,1,23,False,u^23*n^(-s),z*n^(-s),True,True,countable_return_alphabet,False
3425,23,1,23,False,u^23*n^(-s),z*n^(-s),True,True,countable_return_alphabet,False
3426,23,1,23,False,u^23*n^(-s),z*n^(-s),True,True,countable_return_alphabet,False
3427,23,1,23,False,u^23*n^(-s),z*n^(-s),True,True,countable_return_alphabet,False
3428,23,1,23,False,u^23*n^(-s),z*n^(-s),True,True,countable_return_alphabet,False
3429,23,1,23,False,u^23*n^(-s),z*n^(-s),True,True,countable_return_alphabet,False
3430,23,1,23,False,u^23*n^(-s),z*n^(-s),True,True,countable_return_alphabet,False
3431,23,1,23,False,u^23*n^(-s),z*n^(-s),True,True,countable_return_alphabet,False
3432,23,1,23,False,u^23*n^(-s),z*n^(-s),True,True,countable_return_alphabet,False
3433,23,1,23,False,u^23*n^(-s),z*n^(-s),True,True,countable_return_alphabet,False
3434,23,1,23,False,u^23*n^(-s),z*n^(-s),True,True,countable_return_alphabet,False
3435,23,1,23,False,u^23*n^(-s),z*n^(-s),True,True,countable_return_alphabet,False
3436,23,1,23,False,u^23*n^(-s),z*n^(-s),True,True,countable_return_alphabet,False
3437,23,1,23,False,u^23*n^(-s),z*n^(-s),True,True,countable_return_alphabet,False
3438,23,1,23,False,u^23*n^(-s),z*n^(-s),True,True,countable_return_alphabet,False
3439,23,1,23,False,u^23*n^(-s),z*n^(-s),True,True,countable_return_alphabet,False
3440,23,1,23,False,u^23*n^(-s),z*n^(-s),True,True,countable_return_alphabet,False
3441,23,1,23,False,u^23*n^(-s),z*n^(-s),True,True,countable_return_alphabet,False
3442,23,1,23,False,u^23*n^(-s),z*n^(-s),True,True,countable_return_alphabet,False
3443,23,1,23,False,u^23*n^(-s),z*n^(-s),True,True,countable_return_alphabet,False
3444,23,1,23,False,u^23*n^(-s),z*n^(-s),True,True,countable_return_alphabet,False
3445,23,1,23,False,u^23*n^(-s),z*n^(-s),True,True,countable_return_alphabet,False
3446,23,1,23,False,u^23*n^(-s),z*n^(-s),True,True,countable_return_alphabet,False
3447,23,1,23,False,u^23*n^(-s),z*n^(-s),True,True,countable_return_alphabet,False
3448,23,1,23,False,u^23*n^(-s),z*n^(-s),True,True,countable_return_alphabet,False
3449,23,1,23,False,u^23*n^(-s),z*n^(-s),True,True,countable_return_alphabet,False
3450,23,1,23,False,u^23*n^(-s),z*n^(-s),True,True,countable_return_alphabet,False
3451,23,1,23,False,u^23*n^(-s),z*n^(-s),True,True,countable_return_alphabet,False
3452,23,1,23,False,u^23*n^(-s),z*n^(-s),True,True,countable_return_alphabet,False
3453,23,1,23,False,u^23*n^(-s),z*n^(-s),True,True,countable_return_alphabet,False
3454,23,1,23,False,u^23*n^(-s),z*n^(-s),True,True,countable_return_alphabet,False
3455,23,1,23,False,u^23*n^(-s),z*n^(-s),True,True,countable_return_alphabet,False
3456,23,1,23,False,u^23*n^(-s),z*n^(-s),True,True,countable_return_alphabet,False
3457,23,1,23,False,u^23*n^(-s),z*n^(-s),True,True,countable_return_alphabet,False
3458,23,1,23,False,u^23*n^(-s),z*n^(-s),True,True,countable_return_alphabet,False
3459,23,1,23,False,u^23*n^(-s),z*n^(-s),True,True,countable_return_alphabet,False
3460,23,1,23,False,u^23*n^(-s),z*n^(-s),True,True,countable_return_alphabet,False
3461,23,1,23,False,u^23*n^(-s),z*n^(-s),True,True,countable_return_alphabet,False
3462,23,1,23,False,u^23*n^(-s),z*n^(-s),True,True,countable_return_alphabet,False
3463,23,1,23,False,u^23*n^(-s),z*n^(-s),True,True,countable_return_alphabet,False
3464,23,1,23,False,u^23*n^(-s),z*n^(-s),True,True,countable_return_alphabet,False
3465,23,1,23,False,u^23*n^(-s),z*n^(-s),True,True,countable_return_alphabet,False
3466,23,1,23,False,u^23*n^(-s),z*n^(-s),True,True,countable_return_alphabet,False
3467,23,1,23,False,u^23*n^(-s),z*n^(-s),True,True,countable_return_alphabet,False
3468,23,1,23,False,u^23*n^(-s),z*n^(-s),True,True,countable_return_alphabet,False
3469,23,1,23,False,u^23*n^(-s),z*n^(-s),True,True,countable_return_alphabet,False
3470,23,1,23,False,u^23*n^(-s),z*n^(-s),True,True,countable_return_alphabet,False
3471,23,1,23,False,u^23*n^(-s),z*n^(-s),True,True,countable_return_alphabet,False
3472,23,1,23,False,u^23*n^(-s),z*n^(-s),True,True,countable_return_alphabet,False
3473,23,1,23,False,u^23*n^(-s),z*n^(-s),True,True,countable_return_alphabet,False
3474,23,1,23,False,u^23*n^(-s),z*n^(-s),True,True,countable_return_alphabet,False
3475,23,1,23,False,u^23*n^(-s),z*n^(-s),True,True,countable_return_alphabet,False
3476,23,1,23,False,u^23*n^(-s),z*n^(-s),True,True,countable_return_alphabet,False
3477,23,1,23,False,u^23*n^(-s),z*n^(-s),True,True,countable_return_alphabet,False
3478,23,1,23,False,u^23*n^(-s),z*n^(-s),True,True,countable_return_alphabet,False
3479,23,1,23,False,u^23*n^(-s),z*n^(-s),True,True,countable_return_alphabet,False
3480,23,1,23,False,u^23*n^(-s),z*n^(-s),True,True,countable_return_alphabet,False
3481,23,1,23,False,u^23*n^(-s),z*n^(-s),True,True,countable_return_alphabet,False
3482,23,1,23,False,u^23*n^(-s),z*n^(-s),True,True,countable_return_alphabet,False
3483,23,1,23,False,u^23*n^(-s),z*n^(-s),True,True,countable_return_alphabet,False
3484,23,1,23,False,u^23*n^(-s),z*n^(-s),True,True,countable_return_alphabet,False
3485,23,1,23,False,u^23*n^(-s),z*n^(-s),True,True,countable_return_alphabet,False
3486,23,1,23,False,u^23*n^(-s),z*n^(-s),True,True,countable_return_alphabet,False
3487,23,1,23,False,u^23*n^(-s),z*n^(-s),True,True,countable_return_alphabet,False
3488,23,1,23,False,u^23*n^(-s),z*n^(-s),True,True,countable_return_alphabet,False
3489,23,1,23,False,u^23*n^(-s),z*n^(-s),True,True,countable_return_alphabet,False
3490,23,1,23,False,u^23*n^(-s),z*n^(-s),True,True,countable_return_alphabet,False
3491,23,1,23,False,u^23*n^(-s),z*n^(-s),True,True,countable_return_alphabet,False
3492,23,1,23,False,u^23*n^(-s),z*n^(-s),True,True,countable_return_alphabet,False
3493,23,1,23,False,u^23*n^(-s),z*n^(-s),True,True,countable_return_alphabet,False
3494,23,1,23,False,u^23*n^(-s),z*n^(-s),True,True,countable_return_alphabet,False
3495,23,1,23,False,u^23*n^(-s),z*n^(-s),True,True,countable_return_alphabet,False
3496,23,1,23,False,u^23*n^(-s),z*n^(-s),True,True,countable_return_alphabet,False
3497,23,1,23,False,u^23*n^(-s),z*n^(-s),True,True,countable_return_alphabet,False
3498,23,1,23,False,u^23*n^(-s),z*n^(-s),True,True,countable_return_alphabet,False
3499,23,1,23,False,u^23*n^(-s),z*n^(-s),True,True,countable_return_alphabet,False
3500,23,1,23,False,u^23*n^(-s),z*n^(-s),True,True,countable_return_alphabet,False
3501,23,1,23,False,u^23*n^(-s),z*n^(-s),True,True,countable_return_alphabet,False
3502,23,1,23,False,u^23*n^(-s),z*n^(-s),True,True,countable_return_alphabet,False
3503,23,1,23,False,u^23*n^(-s),z*n^(-s),True,True,countable_return_alphabet,False
3504,23,1,23,False,u^23*n^(-s),z*n^(-s),True,True,countable_return_alphabet,False
3505,23,1,23,False,u^23*n^(-s),z*n^(-s),True,True,countable_return_alphabet,False
3506,23,1,23,False,u^23*n^(-s),z*n^(-s),True,True,countable_return_alphabet,False
3507,23,1,23,False,u^23*n^(-s),z*n^(-s),True,True,countable_return_alphabet,False
3508,23,1,23,False,u^23*n^(-s),z*n^(-s),True,True,countable_return_alphabet,False
3509,23,1,23,False,u^23*n^(-s),z*n^(-s),True,True,countable_return_alphabet,False
3510,23,1,23,False,u^23*n^(-s),z*n^(-s),True,True,countable_return_alphabet,False
3511,23,1,23,False,u^23*n^(-s),z*n^(-s),True,True,countable_return_alphabet,False
3512,23,1,23,False,u^23*n^(-s),z*n^(-s),True,True,countable_return_alphabet,False
3513,23,1,23,False,u^23*n^(-s),z*n^(-s),True,True,countable_return_alphabet,False
3514,23,1,23,False,u^23*n^(-s),z*n^(-s),True,True,countable_return_alphabet,False
3515,23,1,23,False,u^23*n^(-s),z*n^(-s),True,True,countable_return_alphabet,False
3516,23,1,23,False,u^23*n^(-s),z*n^(-s),True,True,countable_return_alphabet,False
3517,23,1,23,False,u^23*n^(-s),z*n^(-s),True,True,countable_return_alphabet,False
3518,23,1,23,False,u^23*n^(-s),z*n^(-s),True,True,countable_return_alphabet,False
3519,23,1,23,False,u^23*n^(-s),z*n^(-s),True,True,countable_return_alphabet,False
3520,23,1,23,False,u^23*n^(-s),z*n^(-s),True,True,countable_return_alphabet,False
3521,23,1,23,False,u^23*n^(-s),z*n^(-s),True,True,countable_return_alphabet,False
3522,23,1,23,False,u^23*n^(-s),z*n^(-s),True,True,countable_return_alphabet,False
3523,23,1,23,False,u^23*n^(-s),z*n^(-s),True,True,countable_return_alphabet,False
3524,23,1,23,False,u^23*n^(-s),z*n^(-s),True,True,countable_return_alphabet,False
3525,23,1,23,False,u^23*n^(-s),z*n^(-s),True,True,countable_return_alphabet,False
3526,23,1,23,False,u^23*n^(-s),z*n^(-s),True,True,countable_return_alphabet,False
3527,23,1,23,False,u^23*n^(-s),z*n^(-s),True,True,countable_return_alphabet,False
3528,23,1,23,False,u^23*n^(-s),z*n^(-s),True,True,countable_return_alphabet,False
3529,23,1,23,False,u^23*n^(-s),z*n^(-s),True,True,countable_return_alphabet,False
3530,23,1,23,False,u^23*n^(-s),z*n^(-s),True,True,countable_return_alphabet,False
3531,23,1,23,False,u^23*n^(-s),z*n^(-s),True,True,countable_return_alphabet,False
3532,23,1,23,False,u^23*n^(-s),z*n^(-s),True,True,countable_return_alphabet,False
3533,23,1,23,False,u^23*n^(-s),z*n^(-s),True,True,countable_return_alphabet,False
3534,23,1,23,False,u^23*n^(-s),z*n^(-s),True,True,countable_return_alphabet,False
3535,23,1,23,False,u^23*n^(-s),z*n^(-s),True,True,countable_return_alphabet,False
3536,23,1,23,False,u^23*n^(-s),z*n^(-s),True,True,countable_return_alphabet,False
3537,23,1,23,False,u^23*n^(-s),z*n^(-s),True,True,countable_return_alphabet,False
3538,23,1,23,False,u^23*n^(-s),z*n^(-s),True,True,countable_return_alphabet,False
3539,23,1,23,False,u^23*n^(-s),z*n^(-s),True,True,countable_return_alphabet,False
3540,23,1,23,False,u^23*n^(-s),z*n^(-s),True,True,countable_return_alphabet,False
3541,23,1,23,False,u^23*n^(-s),z*n^(-s),True,True,countable_return_alphabet,False
3542,23,1,23,False,u^23*n^(-s),z*n^(-s),True,True,countable_return_alphabet,False
3543,23,1,23,False,u^23*n^(-s),z*n^(-s),True,True,countable_return_alphabet,False
3544,23,1,23,False,u^23*n^(-s),z*n^(-s),True,True,countable_return_alphabet,False
3545,23,1,23,False,u^23*n^(-s),z*n^(-s),True,True,countable_return_alphabet,False
3546,23,1,23,False,u^23*n^(-s),z*n^(-s),True,True,countable_return_alphabet,False
3547,23,1,23,False,u^23*n^(-s),z*n^(-s),True,True,countable_return_alphabet,False
3548,23,1,23,False,u^23*n^(-s),z*n^(-s),True,True,countable_return_alphabet,False
3549,23,1,23,False,u^23*n^(-s),z*n^(-s),True,True,countable_return_alphabet,False
3550,23,1,23,False,u^23*n^(-s),z*n^(-s),True,True,countable_return_alphabet,False
3551,23,1,23,False,u^23*n^(-s),z*n^(-s),True,True,countable_return_alphabet,False
3552,23,1,23,False,u^23*n^(-s),z*n^(-s),True,True,countable_return_alphabet,False
3553,23,1,23,False,u^23*n^(-s),z*n^(-s),True,True,countable_return_alphabet,False
3554,23,1,23,False,u^23*n^(-s),z*n^(-s),True,True,countable_return_alphabet,False
3555,23,1,23,False,u^23*n^(-s),z*n^(-s),True,True,countable_return_alphabet,False
3556,23,1,23,False,u^23*n^(-s),z*n^(-s),True,True,countable_return_alphabet,False
3557,23,1,23,False,u^23*n^(-s),z*n^(-s),True,True,countable_return_alphabet,False
3558,23,1,23,False,u^23*n^(-s),z*n^(-s),True,True,countable_return_alphabet,False
3559,23,1,23,False,u^23*n^(-s),z*n^(-s),True,True,countable_return_alphabet,False
3560,23,1,23,False,u^23*n^(-s),z*n^(-s),True,True,countable_return_alphabet,False
3561,23,1,23,False,u^23*n^(-s),z*n^(-s),True,True,countable_return_alphabet,False
3562,23,1,23,False,u^23*n^(-s),z*n^(-s),True,True,countable_return_alphabet,False
3563,23,1,23,False,u^23*n^(-s),z*n^(-s),True,True,countable_return_alphabet,False
3564,23,1,23,False,u^23*n^(-s),z*n^(-s),True,True,countable_return_alphabet,False
3565,23,1,23,False,u^23*n^(-s),z*n^(-s),True,True,countable_return_alphabet,False
3566,23,1,23,False,u^23*n^(-s),z*n^(-s),True,True,countable_return_alphabet,False
3567,23,1,23,False,u^23*n^(-s),z*n^(-s),True,True,countable_return_alphabet,False
3568,23,1,23,False,u^23*n^(-s),z*n^(-s),True,True,countable_return_alphabet,False
3569,23,1,23,False,u^23*n^(-s),z*n^(-s),True,True,countable_return_alphabet,False
3570,23,1,23,False,u^23*n^(-s),z*n^(-s),True,True,countable_return_alphabet,False
3571,23,1,23,False,u^23*n^(-s),z*n^(-s),True,True,countable_return_alphabet,False
3572,23,1,23,False,u^23*n^(-s),z*n^(-s),True,True,countable_return_alphabet,False
3573,23,1,23,False,u^23*n^(-s),z*n^(-s),True,True,countable_return_alphabet,False
3574,23,1,23,False,u^23*n^(-s),z*n^(-s),True,True,countable_return_alphabet,False
3575,23,1,23,False,u^23*n^(-s),z*n^(-s),True,True,countable_return_alphabet,False
3576,23,1,23,False,u^23*n^(-s),z*n^(-s),True,True,countable_return_alphabet,False
3577,23,1,23,False,u^23*n^(-s),z*n^(-s),True,True,countable_return_alphabet,False
3578,23,1,23,False,u^23*n^(-s),z*n^(-s),True,True,countable_return_alphabet,False
3579,23,1,23,False,u^23*n^(-s),z*n^(-s),True,True,countable_return_alphabet,False
3580,23,1,23,False,u^23*n^(-s),z*n^(-s),True,True,countable_return_alphabet,False
3581,23,1,23,False,u^23*n^(-s),z*n^(-s),True,True,countable_return_alphabet,False
3582,23,1,23,False,u^23*n^(-s),z*n^(-s),True,True,countable_return_alphabet,False
3583,23,1,23,False,u^23*n^(-s),z*n^(-s),True,True,countable_return_alphabet,False
3584,23,1,23,False,u^23*n^(-s),z*n^(-s),True,True,countable_return_alphabet,False
3585,23,1,23,False,u^23*n^(-s),z*n^(-s),True,True,countable_return_alphabet,False
3586,23,1,23,False,u^23*n^(-s),z*n^(-s),True,True,countable_return_alphabet,False
3587,23,1,23,False,u^23*n^(-s),z*n^(-s),True,True,countable_return_alphabet,False
3588,23,1,23,False,u^23*n^(-s),z*n^(-s),True,True,countable_return_alphabet,False
3589,23,1,23,False,u^23*n^(-s),z*n^(-s),True,True,countable_return_alphabet,False
3590,23,1,23,False,u^23*n^(-s),z*n^(-s),True,True,countable_return_alphabet,False
3591,23,1,23,False,u^23*n^(-s),z*n^(-s),True,True,countable_return_alphabet,False
3592,23,1,23,False,u^23*n^(-s),z*n^(-s),True,True,countable_return_alphabet,False
3593,23,1,23,False,u^23*n^(-s),z*n^(-s),True,True,countable_return_alphabet,False
3594,23,1,23,False,u^23*n^(-s),z*n^(-s),True,True,countable_return_alphabet,False
3595,23,1,23,False,u^23*n^(-s),z*n^(-s),True,True,countable_return_alphabet,False
3596,23,1,23,False,u^23*n^(-s),z*n^(-s),True,True,countable_return_alphabet,False
3597,23,1,23,False,u^23*n^(-s),z*n^(-s),True,True,countable_return_alphabet,False
3598,23,1,23,False,u^23*n^(-s),z*n^(-s),True,True,countable_return_alphabet,False
3599,23,1,23,False,u^23*n^(-s),z*n^(-s),True,True,countable_return_alphabet,False
3600,23,1,23,False,u^23*n^(-s),z*n^(-s),True,True,countable_return_alphabet,False
3601,23,1,23,False,u^23*n^(-s),z*n^(-s),True,True,countable_return_alphabet,False
3602,23,1,23,False,u^23*n^(-s),z*n^(-s),True,True,countable_return_alphabet,False
3603,23,1,23,False,u^23*n^(-s),z*n^(-s),True,True,countable_return_alphabet,False
3604,23,1,23,False,u^23*n^(-s),z*n^(-s),True,True,countable_return_alphabet,False
3605,23,1,23,False,u^23*n^(-s),z*n^(-s),True,True,countable_return_alphabet,False
3606,23,1,23,False,u^23*n^(-s),z*n^(-s),True,True,countable_return_alphabet,False
3607,23,1,23,False,u^23*n^(-s),z*n^(-s),True,True,countable_return_alphabet,False
3608,23,1,23,False,u^23*n^(-s),z*n^(-s),True,True,countable_return_alphabet,False
3609,23,1,23,False,u^23*n^(-s),z*n^(-s),True,True,countable_return_alphabet,False
3610,23,1,23,False,u^23*n^(-s),z*n^(-s),True,True,countable_return_alphabet,False
3611,23,1,23,False,u^23*n^(-s),z*n^(-s),True,True,countable_return_alphabet,False
3612,23,1,23,False,u^23*n^(-s),z*n^(-s),True,True,countable_return_alphabet,False
3613,23,1,23,False,u^23*n^(-s),z*n^(-s),True,True,countable_return_alphabet,False
3614,23,1,23,False,u^23*n^(-s),z*n^(-s),True,True,countable_return_alphabet,False
3615,23,1,23,False,u^23*n^(-s),z*n^(-s),True,True,countable_return_alphabet,False
3616,23,1,23,False,u^23*n^(-s),z*n^(-s),True,True,countable_return_alphabet,False
3617,23,1,23,False,u^23*n^(-s),z*n^(-s),True,True,countable_return_alphabet,False
3618,23,1,23,False,u^23*n^(-s),z*n^(-s),True,True,countable_return_alphabet,False
3619,23,1,23,False,u^23*n^(-s),z*n^(-s),True,True,countable_return_alphabet,False
3620,23,1,23,False,u^23*n^(-s),z*n^(-s),True,True,countable_return_alphabet,False
3621,23,1,23,False,u^23*n^(-s),z*n^(-s),True,True,countable_return_alphabet,False
3622,23,1,23,False,u^23*n^(-s),z*n^(-s),True,True,countable_return_alphabet,False
3623,23,1,23,False,u^23*n^(-s),z*n^(-s),True,True,countable_return_alphabet,False
3624,23,1,23,False,u^23*n^(-s),z*n^(-s),True,True,countable_return_alphabet,False
3625,23,1,23,False,u^23*n^(-s),z*n^(-s),True,True,countable_return_alphabet,False
3626,23,1,23,False,u^23*n^(-s),z*n^(-s),True,True,countable_return_alphabet,False
3627,23,1,23,False,u^23*n^(-s),z*n^(-s),True,True,countable_return_alphabet,False
3628,23,1,23,False,u^23*n^(-s),z*n^(-s),True,True,countable_return_alphabet,False
3629,23,1,23,False,u^23*n^(-s),z*n^(-s),True,True,countable_return_alphabet,False
3630,23,1,23,False,u^23*n^(-s),z*n^(-s),True,True,countable_return_alphabet,False
3631,23,1,23,False,u^23*n^(-s),z*n^(-s),True,True,countable_return_alphabet,False
3632,23,1,23,False,u^23*n^(-s),z*n^(-s),True,True,countable_return_alphabet,False
3633,23,1,23,False,u^23*n^(-s),z*n^(-s),True,True,countable_return_alphabet,False
3634,23,1,23,False,u^23*n^(-s),z*n^(-s),True,True,countable_return_alphabet,False
3635,23,1,23,False,u^23*n^(-s),z*n^(-s),True,True,countable_return_alphabet,False
3636,23,1,23,False,u^23*n^(-s),z*n^(-s),True,True,countable_return_alphabet,False
3637,23,1,23,False,u^23*n^(-s),z*n^(-s),True,True,countable_return_alphabet,False
3638,23,1,23,False,u^23*n^(-s),z*n^(-s),True,True,countable_return_alphabet,False
3639,23,1,23,False,u^23*n^(-s),z*n^(-s),True,True,countable_return_alphabet,False
3640,23,1,23,False,u^23*n^(-s),z*n^(-s),True,True,countable_return_alphabet,False
3641,23,1,23,False,u^23*n^(-s),z*n^(-s),True,True,countable_return_alphabet,False
3642,23,1,23,False,u^23*n^(-s),z*n^(-s),True,True,countable_return_alphabet,False
3643,23,1,23,False,u^23*n^(-s),z*n^(-s),True,True,countable_return_alphabet,False
3644,23,1,23,False,u^23*n^(-s),z*n^(-s),True,True,countable_return_alphabet,False
3645,23,1,23,False,u^23*n^(-s),z*n^(-s),True,True,countable_return_alphabet,False
3646,23,1,23,False,u^23*n^(-s),z*n^(-s),True,True,countable_return_alphabet,False
3647,23,1,23,False,u^23*n^(-s),z*n^(-s),True,True,countable_return_alphabet,False
3648,23,1,23,False,u^23*n^(-s),z*n^(-s),True,True,countable_return_alphabet,False
3649,23,1,23,False,u^23*n^(-s),z*n^(-s),True,True,countable_return_alphabet,False
3650,23,1,23,False,u^23*n^(-s),z*n^(-s),True,True,countable_return_alphabet,False
3651,23,1,23,False,u^23*n^(-s),z*n^(-s),True,True,countable_return_alphabet,False
3652,23,1,23,False,u^23*n^(-s),z*n^(-s),True,True,countable_return_alphabet,False
3653,23,1,23,False,u^23*n^(-s),z*n^(-s),True,True,countable_return_alphabet,False
3654,23,1,23,False,u^23*n^(-s),z*n^(-s),True,True,countable_return_alphabet,False
3655,23,1,23,False,u^23*n^(-s),z*n^(-s),True,True,countable_return_alphabet,False
3656,23,1,23,False,u^23*n^(-s),z*n^(-s),True,True,countable_return_alphabet,False
3657,23,1,23,False,u^23*n^(-s),z*n^(-s),True,True,countable_return_alphabet,False
3658,23,1,23,False,u^23*n^(-s),z*n^(-s),True,True,countable_return_alphabet,False
3659,23,1,23,False,u^23*n^(-s),z*n^(-s),True,True,countable_return_alphabet,False
3660,23,1,23,False,u^23*n^(-s),z*n^(-s),True,True,countable_return_alphabet,False
3661,23,1,23,False,u^23*n^(-s),z*n^(-s),True,True,countable_return_alphabet,False
3662,23,1,23,False,u^23*n^(-s),z*n^(-s),True,True,countable_return_alphabet,False
3663,23,1,23,False,u^23*n^(-s),z*n^(-s),True,True,countable_return_alphabet,False
3664,23,1,23,False,u^23*n^(-s),z*n^(-s),True,True,countable_return_alphabet,False
3665,23,1,23,False,u^23*n^(-s),z*n^(-s),True,True,countable_return_alphabet,False
3666,23,1,23,False,u^23*n^(-s),z*n^(-s),True,True,countable_return_alphabet,False
3667,23,1,23,False,u^23*n^(-s),z*n^(-s),True,True,countable_return_alphabet,False
3668,23,1,23,False,u^23*n^(-s),z*n^(-s),True,True,countable_return_alphabet,False
3669,23,1,23,False,u^23*n^(-s),z*n^(-s),True,True,countable_return_alphabet,False
3670,23,1,23,False,u^23*n^(-s),z*n^(-s),True,True,countable_return_alphabet,False
3671,23,1,23,False,u^23*n^(-s),z*n^(-s),True,True,countable_return_alphabet,False
3672,23,1,23,False,u^23*n^(-s),z*n^(-s),True,True,countable_return_alphabet,False
3673,23,1,23,False,u^23*n^(-s),z*n^(-s),True,True,countable_return_alphabet,False
3674,23,1,23,False,u^23*n^(-s),z*n^(-s),True,True,countable_return_alphabet,False
3675,23,1,23,False,u^23*n^(-s),z*n^(-s),True,True,countable_return_alphabet,False
3676,23,1,23,False,u^23*n^(-s),z*n^(-s),True,True,countable_return_alphabet,False
3677,23,1,23,False,u^23*n^(-s),z*n^(-s),True,True,countable_return_alphabet,False
3678,23,1,23,False,u^23*n^(-s),z*n^(-s),True,True,countable_return_alphabet,False
3679,23,1,23,False,u^23*n^(-s),z*n^(-s),True,True,countable_return_alphabet,False
3680,23,1,23,False,u^23*n^(-s),z*n^(-s),True,True,countable_return_alphabet,False
3681,23,1,23,False,u^23*n^(-s),z*n^(-s),True,True,countable_return_alphabet,False
3682,23,1,23,False,u^23*n^(-s),z*n^(-s),True,True,countable_return_alphabet,False
3683,23,1,23,False,u^23*n^(-s),z*n^(-s),True,True,countable_return_alphabet,False
3684,23,1,23,False,u^23*n^(-s),z*n^(-s),True,True,countable_return_alphabet,False
3685,23,1,23,False,u^23*n^(-s),z*n^(-s),True,True,countable_return_alphabet,False
3686,23,1,23,False,u^23*n^(-s),z*n^(-s),True,True,countable_return_alphabet,False
3687,23,1,23,False,u^23*n^(-s),z*n^(-s),True,True,countable_return_alphabet,False
3688,23,1,23,False,u^23*n^(-s),z*n^(-s),True,True,countable_return_alphabet,False
3689,23,1,23,False,u^23*n^(-s),z*n^(-s),True,True,countable_return_alphabet,False
3690,23,1,23,False,u^23*n^(-s),z*n^(-s),True,True,countable_return_alphabet,False
3691,23,1,23,False,u^23*n^(-s),z*n^(-s),True,True,countable_return_alphabet,False
3692,23,1,23,False,u^23*n^(-s),z*n^(-s),True,True,countable_return_alphabet,False
3693,23,1,23,False,u^23*n^(-s),z*n^(-s),True,True,countable_return_alphabet,False
3694,23,1,23,False,u^23*n^(-s),z*n^(-s),True,True,countable_return_alphabet,False
3695,23,1,23,False,u^23*n^(-s),z*n^(-s),True,True,countable_return_alphabet,False
3696,23,1,23,False,u^23*n^(-s),z*n^(-s),True,True,countable_return_alphabet,False
3697,23,1,23,False,u^23*n^(-s),z*n^(-s),True,True,countable_return_alphabet,False
3698,23,1,23,False,u^23*n^(-s),z*n^(-s),True,True,countable_return_alphabet,False
3699,23,1,23,False,u^23*n^(-s),z*n^(-s),True,True,countable_return_alphabet,False
3700,23,1,23,False,u^23*n^(-s),z*n^(-s),True,True,countable_return_alphabet,False
3701,23,1,23,False,u^23*n^(-s),z*n^(-s),True,True,countable_return_alphabet,False
3702,23,1,23,False,u^23*n^(-s),z*n^(-s),True,True,countable_return_alphabet,False
3703,23,1,23,False,u^23*n^(-s),z*n^(-s),True,True,countable_return_alphabet,False
3704,23,1,23,False,u^23*n^(-s),z*n^(-s),True,True,countable_return_alphabet,False
3705,23,1,23,False,u^23*n^(-s),z*n^(-s),True,True,countable_return_alphabet,False
3706,23,1,23,False,u^23*n^(-s),z*n^(-s),True,True,countable_return_alphabet,False
3707,23,1,23,False,u^23*n^(-s),z*n^(-s),True,True,countable_return_alphabet,False
3708,23,1,23,False,u^23*n^(-s),z*n^(-s),True,True,countable_return_alphabet,False
3709,23,1,23,False,u^23*n^(-s),z*n^(-s),True,True,countable_return_alphabet,False
3710,23,1,23,False,u^23*n^(-s),z*n^(-s),True,True,countable_return_alphabet,False
3711,23,1,23,False,u^23*n^(-s),z*n^(-s),True,True,countable_return_alphabet,False
3712,23,1,23,False,u^23*n^(-s),z*n^(-s),True,True,countable_return_alphabet,False
3713,23,1,23,False,u^23*n^(-s),z*n^(-s),True,True,countable_return_alphabet,False
3714,23,1,23,False,u^23*n^(-s),z*n^(-s),True,True,countable_return_alphabet,False
3715,23,1,23,False,u^23*n^(-s),z*n^(-s),True,True,countable_return_alphabet,False
3716,23,1,23,False,u^23*n^(-s),z*n^(-s),True,True,countable_return_alphabet,False
3717,23,1,23,False,u^23*n^(-s),z*n^(-s),True,True,countable_return_alphabet,False
3718,23,1,23,False,u^23*n^(-s),z*n^(-s),True,True,countable_return_alphabet,False
3719,23,1,23,False,u^23*n^(-s),z*n^(-s),True,True,countable_return_alphabet,False
3720,23,1,23,False,u^23*n^(-s),z*n^(-s),True,True,countable_return_alphabet,False
3721,23,1,23,False,u^23*n^(-s),z*n^(-s),True,True,countable_return_alphabet,False
3722,23,1,23,False,u^23*n^(-s),z*n^(-s),True,True,countable_return_alphabet,False
3723,23,1,23,False,u^23*n^(-s),z*n^(-s),True,True,countable_return_alphabet,False
3724,23,1,23,False,u^23*n^(-s),z*n^(-s),True,True,countable_return_alphabet,False
3725,23,1,23,False,u^23*n^(-s),z*n^(-s),True,True,countable_return_alphabet,False
3726,23,1,23,False,u^23*n^(-s),z*n^(-s),True,True,countable_return_alphabet,False
3727,23,1,23,False,u^23*n^(-s),z*n^(-s),True,True,countable_return_alphabet,False
3728,23,1,23,False,u^23*n^(-s),z*n^(-s),True,True,countable_return_alphabet,False
3729,23,1,23,False,u^23*n^(-s),z*n^(-s),True,True,countable_return_alphabet,False
3730,23,1,23,False,u^23*n^(-s),z*n^(-s),True,True,countable_return_alphabet,False
3731,23,1,23,False,u^23*n^(-s),z*n^(-s),True,True,countable_return_alphabet,False
3732,23,1,23,False,u^23*n^(-s),z*n^(-s),True,True,countable_return_alphabet,False
3733,23,1,23,False,u^23*n^(-s),z*n^(-s),True,True,countable_return_alphabet,False
3734,23,1,23,False,u^23*n^(-s),z*n^(-s),True,True,countable_return_alphabet,False
3735,23,1,23,False,u^23*n^(-s),z*n^(-s),True,True,countable_return_alphabet,False
3736,23,1,23,False,u^23*n^(-s),z*n^(-s),True,True,countable_return_alphabet,False
3737,23,1,23,False,u^23*n^(-s),z*n^(-s),True,True,countable_return_alphabet,False
3738,23,1,23,False,u^23*n^(-s),z*n^(-s),True,True,countable_return_alphabet,False
3739,23,1,23,False,u^23*n^(-s),z*n^(-s),True,True,countable_return_alphabet,False
3740,23,1,23,False,u^23*n^(-s),z*n^(-s),True,True,countable_return_alphabet,False
3741,23,1,23,False,u^23*n^(-s),z*n^(-s),True,True,countable_return_alphabet,False
3742,23,1,23,False,u^23*n^(-s),z*n^(-s),True,True,countable_return_alphabet,False
3743,23,1,23,False,u^23*n^(-s),z*n^(-s),True,True,countable_return_alphabet,False
3744,23,1,23,False,u^23*n^(-s),z*n^(-s),True,True,countable_return_alphabet,False
3745,23,1,23,False,u^23*n^(-s),z*n^(-s),True,True,countable_return_alphabet,False
3746,23,1,23,False,u^23*n^(-s),z*n^(-s),True,True,countable_return_alphabet,False
3747,23,1,23,False,u^23*n^(-s),z*n^(-s),True,True,countable_return_alphabet,False
3748,23,1,23,False,u^23*n^(-s),z*n^(-s),True,True,countable_return_alphabet,False
3749,23,1,23,False,u^23*n^(-s),z*n^(-s),True,True,countable_return_alphabet,False
3750,23,1,23,False,u^23*n^(-s),z*n^(-s),True,True,countable_return_alphabet,False
3751,23,1,23,False,u^23*n^(-s),z*n^(-s),True,True,countable_return_alphabet,False
3752,23,1,23,False,u^23*n^(-s),z*n^(-s),True,True,countable_return_alphabet,False
3753,23,1,23,False,u^23*n^(-s),z*n^(-s),True,True,countable_return_alphabet,False
3754,23,1,23,False,u^23*n^(-s),z*n^(-s),True,True,countable_return_alphabet,False
3755,23,1,23,False,u^23*n^(-s),z*n^(-s),True,True,countable_return_alphabet,False
3756,23,1,23,False,u^23*n^(-s),z*n^(-s),True,True,countable_return_alphabet,False
3757,23,1,23,False,u^23*n^(-s),z*n^(-s),True,True,countable_return_alphabet,False
3758,23,1,23,False,u^23*n^(-s),z*n^(-s),True,True,countable_return_alphabet,False
3759,23,1,23,False,u^23*n^(-s),z*n^(-s),True,True,countable_return_alphabet,False
3760,23,1,23,False,u^23*n^(-s),z*n^(-s),True,True,countable_return_alphabet,False
3761,23,1,23,False,u^23*n^(-s),z*n^(-s),True,True,countable_return_alphabet,False
3762,23,1,23,False,u^23*n^(-s),z*n^(-s),True,True,countable_return_alphabet,False
3763,23,1,23,False,u^23*n^(-s),z*n^(-s),True,True,countable_return_alphabet,False
3764,23,1,23,False,u^23*n^(-s),z*n^(-s),True,True,countable_return_alphabet,False
3765,23,1,23,False,u^23*n^(-s),z*n^(-s),True,True,countable_return_alphabet,False
3766,23,1,23,False,u^23*n^(-s),z*n^(-s),True,True,countable_return_alphabet,False
3767,23,1,23,False,u^23*n^(-s),z*n^(-s),True,True,countable_return_alphabet,False
3768,23,1,23,False,u^23*n^(-s),z*n^(-s),True,True,countable_return_alphabet,False
3769,23,1,23,False,u^23*n^(-s),z*n^(-s),True,True,countable_return_alphabet,False
3770,23,1,23,False,u^23*n^(-s),z*n^(-s),True,True,countable_return_alphabet,False
3771,23,1,23,False,u^23*n^(-s),z*n^(-s),True,True,countable_return_alphabet,False
3772,23,1,23,False,u^23*n^(-s),z*n^(-s),True,True,countable_return_alphabet,False
3773,23,1,23,False,u^23*n^(-s),z*n^(-s),True,True,countable_return_alphabet,False
3774,23,1,23,False,u^23*n^(-s),z*n^(-s),True,True,countable_return_alphabet,False
3775,23,1,23,False,u^23*n^(-s),z*n^(-s),True,True,countable_return_alphabet,False
3776,23,1,23,False,u^23*n^(-s),z*n^(-s),True,True,countable_return_alphabet,False
3777,23,1,23,False,u^23*n^(-s),z*n^(-s),True,True,countable_return_alphabet,False
3778,23,1,23,False,u^23*n^(-s),z*n^(-s),True,True,countable_return_alphabet,False
3779,23,1,23,False,u^23*n^(-s),z*n^(-s),True,True,countable_return_alphabet,False
3780,23,1,23,False,u^23*n^(-s),z*n^(-s),True,True,countable_return_alphabet,False
3781,23,1,23,False,u^23*n^(-s),z*n^(-s),True,True,countable_return_alphabet,False
3782,23,1,23,False,u^23*n^(-s),z*n^(-s),True,True,countable_return_alphabet,False
3783,23,1,23,False,u^23*n^(-s),z*n^(-s),True,True,countable_return_alphabet,False
3784,23,1,23,False,u^23*n^(-s),z*n^(-s),True,True,countable_return_alphabet,False
3785,23,1,23,False,u^23*n^(-s),z*n^(-s),True,True,countable_return_alphabet,False
3786,23,1,23,False,u^23*n^(-s),z*n^(-s),True,True,countable_return_alphabet,False
3787,23,1,23,False,u^23*n^(-s),z*n^(-s),True,True,countable_return_alphabet,False
3788,23,1,23,False,u^23*n^(-s),z*n^(-s),True,True,countable_return_alphabet,False
3789,23,1,23,False,u^23*n^(-s),z*n^(-s),True,True,countable_return_alphabet,False
3790,23,1,23,False,u^23*n^(-s),z*n^(-s),True,True,countable_return_alphabet,False
3791,23,1,23,False,u^23*n^(-s),z*n^(-s),True,True,countable_return_alphabet,False
3792,23,1,23,False,u^23*n^(-s),z*n^(-s),True,True,countable_return_alphabet,False
3793,23,1,23,False,u^23*n^(-s),z*n^(-s),True,True,countable_return_alphabet,False
3794,23,1,23,False,u^23*n^(-s),z*n^(-s),True,True,countable_return_alphabet,False
3795,23,1,23,False,u^23*n^(-s),z*n^(-s),True,True,countable_return_alphabet,False
3796,23,1,23,False,u^23*n^(-s),z*n^(-s),True,True,countable_return_alphabet,False
3797,23,1,23,False,u^23*n^(-s),z*n^(-s),True,True,countable_return_alphabet,False
3798,23,1,23,False,u^23*n^(-s),z*n^(-s),True,True,countable_return_alphabet,False
3799,23,1,23,False,u^23*n^(-s),z*n^(-s),True,True,countable_return_alphabet,False
3800,23,1,23,False,u^23*n^(-s),z*n^(-s),True,True,countable_return_alphabet,False
3801,23,1,23,False,u^23*n^(-s),z*n^(-s),True,True,countable_return_alphabet,False
3802,23,1,23,False,u^23*n^(-s),z*n^(-s),True,True,countable_return_alphabet,False
3803,23,1,23,False,u^23*n^(-s),z*n^(-s),True,True,countable_return_alphabet,False
3804,23,1,23,False,u^23*n^(-s),z*n^(-s),True,True,countable_return_alphabet,False
3805,23,1,23,False,u^23*n^(-s),z*n^(-s),True,True,countable_return_alphabet,False
3806,23,1,23,False,u^23*n^(-s),z*n^(-s),True,True,countable_return_alphabet,False
3807,23,1,23,False,u^23*n^(-s),z*n^(-s),True,True,countable_return_alphabet,False
3808,23,1,23,False,u^23*n^(-s),z*n^(-s),True,True,countable_return_alphabet,False
3809,23,1,23,False,u^23*n^(-s),z*n^(-s),True,True,countable_return_alphabet,False
3810,23,1,23,False,u^23*n^(-s),z*n^(-s),True,True,countable_return_alphabet,False
3811,23,1,23,False,u^23*n^(-s),z*n^(-s),True,True,countable_return_alphabet,False
3812,23,1,23,False,u^23*n^(-s),z*n^(-s),True,True,countable_return_alphabet,False
3813,23,1,23,False,u^23*n^(-s),z*n^(-s),True,True,countable_return_alphabet,False
3814,23,1,23,False,u^23*n^(-s),z*n^(-s),True,True,countable_return_alphabet,False
3815,23,1,23,False,u^23*n^(-s),z*n^(-s),True,True,countable_return_alphabet,False
3816,23,1,23,False,u^23*n^(-s),z*n^(-s),True,True,countable_return_alphabet,False
3817,23,1,23,False,u^23*n^(-s),z*n^(-s),True,True,countable_return_alphabet,False
3818,23,1,23,False,u^23*n^(-s),z*n^(-s),True,True,countable_return_alphabet,False
3819,23,1,23,False,u^23*n^(-s),z*n^(-s),True,True,countable_return_alphabet,False
3820,23,1,23,False,u^23*n^(-s),z*n^(-s),True,True,countable_return_alphabet,False
3821,23,1,23,False,u^23*n^(-s),z*n^(-s),True,True,countable_return_alphabet,False
3822,23,1,23,False,u^23*n^(-s),z*n^(-s),True,True,countable_return_alphabet,False
3823,23,1,23,False,u^23*n^(-s),z*n^(-s),True,True,countable_return_alphabet,False
3824,23,1,23,False,u^23*n^(-s),z*n^(-s),True,True,countable_return_alphabet,False
3825,23,1,23,False,u^23*n^(-s),z*n^(-s),True,True,countable_return_alphabet,False
3826,23,1,23,False,u^23*n^(-s),z*n^(-s),True,True,countable_return_alphabet,False
3827,23,1,23,False,u^23*n^(-s),z*n^(-s),True,True,countable_return_alphabet,False
3828,23,1,23,False,u^23*n^(-s),z*n^(-s),True,True,countable_return_alphabet,False
3829,23,1,23,False,u^23*n^(-s),z*n^(-s),True,True,countable_return_alphabet,False
3830,23,1,23,False,u^23*n^(-s),z*n^(-s),True,True,countable_return_alphabet,False
3831,23,1,23,False,u^23*n^(-s),z*n^(-s),True,True,countable_return_alphabet,False
3832,23,1,23,False,u^23*n^(-s),z*n^(-s),True,True,countable_return_alphabet,False
3833,23,1,23,False,u^23*n^(-s),z*n^(-s),True,True,countable_return_alphabet,False
3834,23,1,23,False,u^23*n^(-s),z*n^(-s),True,True,countable_return_alphabet,False
3835,23,1,23,False,u^23*n^(-s),z*n^(-s),True,True,countable_return_alphabet,False
3836,23,1,23,False,u^23*n^(-s),z*n^(-s),True,True,countable_return_alphabet,False
3837,23,1,23,False,u^23*n^(-s),z*n^(-s),True,True,countable_return_alphabet,False
3838,23,1,23,False,u^23*n^(-s),z*n^(-s),True,True,countable_return_alphabet,False
3839,23,1,23,False,u^23*n^(-s),z*n^(-s),True,True,countable_return_alphabet,False
3840,23,1,23,False,u^23*n^(-s),z*n^(-s),True,True,countable_return_alphabet,False
3841,23,1,23,False,u^23*n^(-s),z*n^(-s),True,True,countable_return_alphabet,False
3842,23,1,23,False,u^23*n^(-s),z*n^(-s),True,True,countable_return_alphabet,False
3843,23,1,23,False,u^23*n^(-s),z*n^(-s),True,True,countable_return_alphabet,False
3844,23,1,23,False,u^23*n^(-s),z*n^(-s),True,True,countable_return_alphabet,False
3845,23,1,23,False,u^23*n^(-s),z*n^(-s),True,True,countable_return_alphabet,False
3846,23,1,23,False,u^23*n^(-s),z*n^(-s),True,True,countable_return_alphabet,False
3847,23,1,23,False,u^23*n^(-s),z*n^(-s),True,True,countable_return_alphabet,False
3848,23,1,23,False,u^23*n^(-s),z*n^(-s),True,True,countable_return_alphabet,False
3849,23,1,23,False,u^23*n^(-s),z*n^(-s),True,True,countable_return_alphabet,False
3850,23,1,23,False,u^23*n^(-s),z*n^(-s),True,True,countable_return_alphabet,False
3851,23,1,23,False,u^23*n^(-s),z*n^(-s),True,True,countable_return_alphabet,False
3852,23,1,23,False,u^23*n^(-s),z*n^(-s),True,True,countable_return_alphabet,False
3853,23,1,23,False,u^23*n^(-s),z*n^(-s),True,True,countable_return_alphabet,False
3854,23,1,23,False,u^23*n^(-s),z*n^(-s),True,True,countable_return_alphabet,False
3855,23,1,23,False,u^23*n^(-s),z*n^(-s),True,True,countable_return_alphabet,False
3856,23,1,23,False,u^23*n^(-s),z*n^(-s),True,True,countable_return_alphabet,False
3857,23,1,23,False,u^23*n^(-s),z*n^(-s),True,True,countable_return_alphabet,False
3858,23,1,23,False,u^23*n^(-s),z*n^(-s),True,True,countable_return_alphabet,False
3859,23,1,23,False,u^23*n^(-s),z*n^(-s),True,True,countable_return_alphabet,False
3860,23,1,23,False,u^23*n^(-s),z*n^(-s),True,True,countable_return_alphabet,False
3861,23,1,23,False,u^23*n^(-s),z*n^(-s),True,True,countable_return_alphabet,False
3862,23,1,23,False,u^23*n^(-s),z*n^(-s),True,True,countable_return_alphabet,False
3863,23,1,23,False,u^23*n^(-s),z*n^(-s),True,True,countable_return_alphabet,False
3864,23,1,23,False,u^23*n^(-s),z*n^(-s),True,True,countable_return_alphabet,False
3865,23,1,23,False,u^23*n^(-s),z*n^(-s),True,True,countable_return_alphabet,False
3866,23,1,23,False,u^23*n^(-s),z*n^(-s),True,True,countable_return_alphabet,False
3867,23,1,23,False,u^23*n^(-s),z*n^(-s),True,True,countable_return_alphabet,False
3868,23,1,23,False,u^23*n^(-s),z*n^(-s),True,True,countable_return_alphabet,False
3869,23,1,23,False,u^23*n^(-s),z*n^(-s),True,True,countable_return_alphabet,False
3870,23,1,23,False,u^23*n^(-s),z*n^(-s),True,True,countable_return_alphabet,False
3871,23,1,23,False,u^23*n^(-s),z*n^(-s),True,True,countable_return_alphabet,False
3872,23,1,23,False,u^23*n^(-s),z*n^(-s),True,True,countable_return_alphabet,False
3873,23,1,23,False,u^23*n^(-s),z*n^(-s),True,True,countable_return_alphabet,False
3874,23,1,23,False,u^23*n^(-s),z*n^(-s),True,True,countable_return_alphabet,False
3875,23,1,23,False,u^23*n^(-s),z*n^(-s),True,True,countable_return_alphabet,False
3876,23,1,23,False,u^23*n^(-s),z*n^(-s),True,True,countable_return_alphabet,False
3877,23,1,23,False,u^23*n^(-s),z*n^(-s),True,True,countable_return_alphabet,False
3878,23,1,23,False,u^23*n^(-s),z*n^(-s),True,True,countable_return_alphabet,False
3879,23,1,23,False,u^23*n^(-s),z*n^(-s),True,True,countable_return_alphabet,False
3880,23,1,23,False,u^23*n^(-s),z*n^(-s),True,True,countable_return_alphabet,False
3881,23,1,23,False,u^23*n^(-s),z*n^(-s),True,True,countable_return_alphabet,False
3882,23,1,23,False,u^23*n^(-s),z*n^(-s),True,True,countable_return_alphabet,False
3883,23,1,23,False,u^23*n^(-s),z*n^(-s),True,True,countable_return_alphabet,False
3884,23,1,23,False,u^23*n^(-s),z*n^(-s),True,True,countable_return_alphabet,False
3885,23,1,23,False,u^23*n^(-s),z*n^(-s),True,True,countable_return_alphabet,False
3886,23,1,23,False,u^23*n^(-s),z*n^(-s),True,True,countable_return_alphabet,False
3887,23,1,23,False,u^23*n^(-s),z*n^(-s),True,True,countable_return_alphabet,False
3888,23,1,23,False,u^23*n^(-s),z*n^(-s),True,True,countable_return_alphabet,False
3889,23,1,23,False,u^23*n^(-s),z*n^(-s),True,True,countable_return_alphabet,False
3890,23,1,23,False,u^23*n^(-s),z*n^(-s),True,True,countable_return_alphabet,False
3891,23,1,23,False,u^23*n^(-s),z*n^(-s),True,True,countable_return_alphabet,False
3892,23,1,23,False,u^23*n^(-s),z*n^(-s),True,True,countable_return_alphabet,False
3893,23,1,23,False,u^23*n^(-s),z*n^(-s),True,True,countable_return_alphabet,False
3894,23,1,23,False,u^23*n^(-s),z*n^(-s),True,True,countable_return_alphabet,False
3895,23,1,23,False,u^23*n^(-s),z*n^(-s),True,True,countable_return_alphabet,False
3896,23,1,23,False,u^23*n^(-s),z*n^(-s),True,True,countable_return_alphabet,False
3897,23,1,23,False,u^23*n^(-s),z*n^(-s),True,True,countable_return_alphabet,False
3898,23,1,23,False,u^23*n^(-s),z*n^(-s),True,True,countable_return_alphabet,False
3899,23,1,23,False,u^23*n^(-s),z*n^(-s),True,True,countable_return_alphabet,False
3900,23,1,23,False,u^23*n^(-s),z*n^(-s),True,True,countable_return_alphabet,False
3901,23,1,23,False,u^23*n^(-s),z*n^(-s),True,True,countable_return_alphabet,False
3902,23,1,23,False,u^23*n^(-s),z*n^(-s),True,True,countable_return_alphabet,False
3903,23,1,23,False,u^23*n^(-s),z*n^(-s),True,True,countable_return_alphabet,False
3904,23,1,23,False,u^23*n^(-s),z*n^(-s),True,True,countable_return_alphabet,False
3905,23,1,23,False,u^23*n^(-s),z*n^(-s),True,True,countable_return_alphabet,False
3906,23,1,23,False,u^23*n^(-s),z*n^(-s),True,True,countable_return_alphabet,False
3907,23,1,23,False,u^23*n^(-s),z*n^(-s),True,True,countable_return_alphabet,False
3908,23,1,23,False,u^23*n^(-s),z*n^(-s),True,True,countable_return_alphabet,False
3909,23,1,23,False,u^23*n^(-s),z*n^(-s),True,True,countable_return_alphabet,False
3910,23,1,23,False,u^23*n^(-s),z*n^(-s),True,True,countable_return_alphabet,False
3911,23,1,23,False,u^23*n^(-s),z*n^(-s),True,True,countable_return_alphabet,False
3912,23,1,23,False,u^23*n^(-s),z*n^(-s),True,True,countable_return_alphabet,False
3913,23,1,23,False,u^23*n^(-s),z*n^(-s),True,True,countable_return_alphabet,False
3914,23,1,23,False,u^23*n^(-s),z*n^(-s),True,True,countable_return_alphabet,False
3915,23,1,23,False,u^23*n^(-s),z*n^(-s),True,True,countable_return_alphabet,False
3916,23,1,23,False,u^23*n^(-s),z*n^(-s),True,True,countable_return_alphabet,False
3917,23,1,23,False,u^23*n^(-s),z*n^(-s),True,True,countable_return_alphabet,False
3918,23,1,23,False,u^23*n^(-s),z*n^(-s),True,True,countable_return_alphabet,False
3919,23,1,23,False,u^23*n^(-s),z*n^(-s),True,True,countable_return_alphabet,False
3920,23,1,23,False,u^23*n^(-s),z*n^(-s),True,True,countable_return_alphabet,False
3921,23,1,23,False,u^23*n^(-s),z*n^(-s),True,True,countable_return_alphabet,False
3922,23,1,23,False,u^23*n^(-s),z*n^(-s),True,True,countable_return_alphabet,False
3923,23,1,23,False,u^23*n^(-s),z*n^(-s),True,True,countable_return_alphabet,False
3924,23,1,23,False,u^23*n^(-s),z*n^(-s),True,True,countable_return_alphabet,False
3925,23,1,23,False,u^23*n^(-s),z*n^(-s),True,True,countable_return_alphabet,False
3926,23,1,23,False,u^23*n^(-s),z*n^(-s),True,True,countable_return_alphabet,False
3927,23,1,23,False,u^23*n^(-s),z*n^(-s),True,True,countable_return_alphabet,False
3928,23,1,23,False,u^23*n^(-s),z*n^(-s),True,True,countable_return_alphabet,False
3929,23,1,23,False,u^23*n^(-s),z*n^(-s),True,True,countable_return_alphabet,False
3930,23,1,23,False,u^23*n^(-s),z*n^(-s),True,True,countable_return_alphabet,False
3931,23,1,23,False,u^23*n^(-s),z*n^(-s),True,True,countable_return_alphabet,False
3932,23,1,23,False,u^23*n^(-s),z*n^(-s),True,True,countable_return_alphabet,False
3933,23,1,23,False,u^23*n^(-s),z*n^(-s),True,True,countable_return_alphabet,False
3934,23,1,23,False,u^23*n^(-s),z*n^(-s),True,True,countable_return_alphabet,False
3935,23,1,23,False,u^23*n^(-s),z*n^(-s),True,True,countable_return_alphabet,False
3936,23,1,23,False,u^23*n^(-s),z*n^(-s),True,True,countable_return_alphabet,False
3937,23,1,23,False,u^23*n^(-s),z*n^(-s),True,True,countable_return_alphabet,False
3938,23,1,23,False,u^23*n^(-s),z*n^(-s),True,True,countable_return_alphabet,False
3939,23,1,23,False,u^23*n^(-s),z*n^(-s),True,True,countable_return_alphabet,False
3940,23,1,23,False,u^23*n^(-s),z*n^(-s),True,True,countable_return_alphabet,False
3941,23,1,23,False,u^23*n^(-s),z*n^(-s),True,True,countable_return_alphabet,False
3942,23,1,23,False,u^23*n^(-s),z*n^(-s),True,True,countable_return_alphabet,False
3943,23,1,23,False,u^23*n^(-s),z*n^(-s),True,True,countable_return_alphabet,False
3944,23,1,23,False,u^23*n^(-s),z*n^(-s),True,True,countable_return_alphabet,False
3945,23,1,23,False,u^23*n^(-s),z*n^(-s),True,True,countable_return_alphabet,False
3946,23,1,23,False,u^23*n^(-s),z*n^(-s),True,True,countable_return_alphabet,False
3947,23,1,23,False,u^23*n^(-s),z*n^(-s),True,True,countable_return_alphabet,False
3948,23,1,23,False,u^23*n^(-s),z*n^(-s),True,True,countable_return_alphabet,False
3949,23,1,23,False,u^23*n^(-s),z*n^(-s),True,True,countable_return_alphabet,False
3950,23,1,23,False,u^23*n^(-s),z*n^(-s),True,True,countable_return_alphabet,False
3951,23,1,23,False,u^23*n^(-s),z*n^(-s),True,True,countable_return_alphabet,False
3952,23,1,23,False,u^23*n^(-s),z*n^(-s),True,True,countable_return_alphabet,False
3953,23,1,23,False,u^23*n^(-s),z*n^(-s),True,True,countable_return_alphabet,False
3954,23,1,23,False,u^23*n^(-s),z*n^(-s),True,True,countable_return_alphabet,False
3955,23,1,23,False,u^23*n^(-s),z*n^(-s),True,True,countable_return_alphabet,False
3956,23,1,23,False,u^23*n^(-s),z*n^(-s),True,True,countable_return_alphabet,False
3957,23,1,23,False,u^23*n^(-s),z*n^(-s),True,True,countable_return_alphabet,False
3958,23,1,23,False,u^23*n^(-s),z*n^(-s),True,True,countable_return_alphabet,False
3959,23,1,23,False,u^23*n^(-s),z*n^(-s),True,True,countable_return_alphabet,False
3960,23,1,23,False,u^23*n^(-s),z*n^(-s),True,True,countable_return_alphabet,False
3961,23,1,23,False,u^23*n^(-s),z*n^(-s),True,True,countable_return_alphabet,False
3962,23,1,23,False,u^23*n^(-s),z*n^(-s),True,True,countable_return_alphabet,False
3963,23,1,23,False,u^23*n^(-s),z*n^(-s),True,True,countable_return_alphabet,False
3964,23,1,23,False,u^23*n^(-s),z*n^(-s),True,True,countable_return_alphabet,False
3965,23,1,23,False,u^23*n^(-s),z*n^(-s),True,True,countable_return_alphabet,False
3966,23,1,23,False,u^23*n^(-s),z*n^(-s),True,True,countable_return_alphabet,False
3967,23,1,23,False,u^23*n^(-s),z*n^(-s),True,True,countable_return_alphabet,False
3968,23,1,23,False,u^23*n^(-s),z*n^(-s),True,True,countable_return_alphabet,False
3969,23,1,23,False,u^23*n^(-s),z*n^(-s),True,True,countable_return_alphabet,False
3970,23,1,23,False,u^23*n^(-s),z*n^(-s),True,True,countable_return_alphabet,False
3971,23,1,23,False,u^23*n^(-s),z*n^(-s),True,True,countable_return_alphabet,False
3972,23,1,23,False,u^23*n^(-s),z*n^(-s),True,True,countable_return_alphabet,False
3973,23,1,23,False,u^23*n^(-s),z*n^(-s),True,True,countable_return_alphabet,False
3974,23,1,23,False,u^23*n^(-s),z*n^(-s),True,True,countable_return_alphabet,False
3975,23,1,23,False,u^23*n^(-s),z*n^(-s),True,True,countable_return_alphabet,False
3976,23,1,23,False,u^23*n^(-s),z*n^(-s),True,True,countable_return_alphabet,False
3977,23,1,23,False,u^23*n^(-s),z*n^(-s),True,True,countable_return_alphabet,False
3978,23,1,23,False,u^23*n^(-s),z*n^(-s),True,True,countable_return_alphabet,False
3979,23,1,23,False,u^23*n^(-s),z*n^(-s),True,True,countable_return_alphabet,False
3980,23,1,23,False,u^23*n^(-s),z*n^(-s),True,True,countable_return_alphabet,False
3981,23,1,23,False,u^23*n^(-s),z*n^(-s),True,True,countable_return_alphabet,False
3982,23,1,23,False,u^23*n^(-s),z*n^(-s),True,True,countable_return_alphabet,False
3983,23,1,23,False,u^23*n^(-s),z*n^(-s),True,True,countable_return_alphabet,False
3984,23,1,23,False,u^23*n^(-s),z*n^(-s),True,True,countable_return_alphabet,False
3985,23,1,23,False,u^23*n^(-s),z*n^(-s),True,True,countable_return_alphabet,False
3986,23,1,23,False,u^23*n^(-s),z*n^(-s),True,True,countable_return_alphabet,False
3987,23,1,23,False,u^23*n^(-s),z*n^(-s),True,True,countable_return_alphabet,False
3988,23,1,23,False,u^23*n^(-s),z*n^(-s),True,True,countable_return_alphabet,False
3989,23,1,23,False,u^23*n^(-s),z*n^(-s),True,True,countable_return_alphabet,False
3990,23,1,23,False,u^23*n^(-s),z*n^(-s),True,True,countable_return_alphabet,False
3991,23,1,23,False,u^23*n^(-s),z*n^(-s),True,True,countable_return_alphabet,False
3992,23,1,23,False,u^23*n^(-s),z*n^(-s),True,True,countable_return_alphabet,False
3993,23,1,23,False,u^23*n^(-s),z*n^(-s),True,True,countable_return_alphabet,False
3994,23,1,23,False,u^23*n^(-s),z*n^(-s),True,True,countable_return_alphabet,False
3995,23,1,23,False,u^23*n^(-s),z*n^(-s),True,True,countable_return_alphabet,False
3996,23,1,23,False,u^23*n^(-s),z*n^(-s),True,True,countable_return_alphabet,False
3997,23,1,23,False,u^23*n^(-s),z*n^(-s),True,True,countable_return_alphabet,False
3998,23,1,23,False,u^23*n^(-s),z*n^(-s),True,True,countable_return_alphabet,False
3999,23,1,23,False,u^23*n^(-s),z*n^(-s),True,True,countable_return_alphabet,False
4000,23,1,23,False,u^23*n^(-s),z*n^(-s),True,True,countable_return_alphabet,False
4001,23,1,23,False,u^23*n^(-s),z*n^(-s),True,True,countable_return_alphabet,False
4002,23,1,23,False,u^23*n^(-s),z*n^(-s),True,True,countable_return_alphabet,False
4003,23,1,23,False,u^23*n^(-s),z*n^(-s),True,True,countable_return_alphabet,False
4004,23,1,23,False,u^23*n^(-s),z*n^(-s),True,True,countable_return_alphabet,False
4005,23,1,23,False,u^23*n^(-s),z*n^(-s),True,True,countable_return_alphabet,False
4006,23,1,23,False,u^23*n^(-s),z*n^(-s),True,True,countable_return_alphabet,False
4007,23,1,23,False,u^23*n^(-s),z*n^(-s),True,True,countable_return_alphabet,False
4008,23,1,23,False,u^23*n^(-s),z*n^(-s),True,True,countable_return_alphabet,False
4009,23,1,23,False,u^23*n^(-s),z*n^(-s),True,True,countable_return_alphabet,False
4010,23,1,23,False,u^23*n^(-s),z*n^(-s),True,True,countable_return_alphabet,False
4011,23,1,23,False,u^23*n^(-s),z*n^(-s),True,True,countable_return_alphabet,False
4012,23,1,23,False,u^23*n^(-s),z*n^(-s),True,True,countable_return_alphabet,False
4013,23,1,23,False,u^23*n^(-s),z*n^(-s),True,True,countable_return_alphabet,False
4014,23,1,23,False,u^23*n^(-s),z*n^(-s),True,True,countable_return_alphabet,False
4015,23,1,23,False,u^23*n^(-s),z*n^(-s),True,True,countable_return_alphabet,False
4016,23,1,23,False,u^23*n^(-s),z*n^(-s),True,True,countable_return_alphabet,False
4017,23,1,23,False,u^23*n^(-s),z*n^(-s),True,True,countable_return_alphabet,False
4018,23,1,23,False,u^23*n^(-s),z*n^(-s),True,True,countable_return_alphabet,False
4019,23,1,23,False,u^23*n^(-s),z*n^(-s),True,True,countable_return_alphabet,False
4020,23,1,23,False,u^23*n^(-s),z*n^(-s),True,True,countable_return_alphabet,False
4021,23,1,23,False,u^23*n^(-s),z*n^(-s),True,True,countable_return_alphabet,False
4022,23,1,23,False,u^23*n^(-s),z*n^(-s),True,True,countable_return_alphabet,False
4023,23,1,23,False,u^23*n^(-s),z*n^(-s),True,True,countable_return_alphabet,False
4024,23,1,23,False,u^23*n^(-s),z*n^(-s),True,True,countable_return_alphabet,False
4025,23,1,23,False,u^23*n^(-s),z*n^(-s),True,True,countable_return_alphabet,False
4026,23,1,23,False,u^23*n^(-s),z*n^(-s),True,True,countable_return_alphabet,False
4027,23,1,23,False,u^23*n^(-s),z*n^(-s),True,True,countable_return_alphabet,False
4028,23,1,23,False,u^23*n^(-s),z*n^(-s),True,True,countable_return_alphabet,False
4029,23,1,23,False,u^23*n^(-s),z*n^(-s),True,True,countable_return_alphabet,False
4030,23,1,23,False,u^23*n^(-s),z*n^(-s),True,True,countable_return_alphabet,False
4031,23,1,23,False,u^23*n^(-s),z*n^(-s),True,True,countable_return_alphabet,False
4032,23,1,23,False,u^23*n^(-s),z*n^(-s),True,True,countable_return_alphabet,False
4033,23,1,23,False,u^23*n^(-s),z*n^(-s),True,True,countable_return_alphabet,False
4034,23,1,23,False,u^23*n^(-s),z*n^(-s),True,True,countable_return_alphabet,False
4035,23,1,23,False,u^23*n^(-s),z*n^(-s),True,True,countable_return_alphabet,False
4036,23,1,23,False,u^23*n^(-s),z*n^(-s),True,True,countable_return_alphabet,False
4037,23,1,23,False,u^23*n^(-s),z*n^(-s),True,True,countable_return_alphabet,False
4038,23,1,23,False,u^23*n^(-s),z*n^(-s),True,True,countable_return_alphabet,False
4039,23,1,23,False,u^23*n^(-s),z*n^(-s),True,True,countable_return_alphabet,False
4040,23,1,23,False,u^23*n^(-s),z*n^(-s),True,True,countable_return_alphabet,False
4041,23,1,23,False,u^23*n^(-s),z*n^(-s),True,True,countable_return_alphabet,False
4042,23,1,23,False,u^23*n^(-s),z*n^(-s),True,True,countable_return_alphabet,False
4043,23,1,23,False,u^23*n^(-s),z*n^(-s),True,True,countable_return_alphabet,False
4044,23,1,23,False,u^23*n^(-s),z*n^(-s),True,True,countable_return_alphabet,False
4045,23,1,23,False,u^23*n^(-s),z*n^(-s),True,True,countable_return_alphabet,False
4046,23,1,23,False,u^23*n^(-s),z*n^(-s),True,True,countable_return_alphabet,False
4047,23,1,23,False,u^23*n^(-s),z*n^(-s),True,True,countable_return_alphabet,False
4048,23,1,23,False,u^23*n^(-s),z*n^(-s),True,True,countable_return_alphabet,False
4049,23,1,23,False,u^23*n^(-s),z*n^(-s),True,True,countable_return_alphabet,False
4050,23,1,23,False,u^23*n^(-s),z*n^(-s),True,True,countable_return_alphabet,False
4051,23,1,23,False,u^23*n^(-s),z*n^(-s),True,True,countable_return_alphabet,False
4052,23,1,23,False,u^23*n^(-s),z*n^(-s),True,True,countable_return_alphabet,False
4053,23,1,23,False,u^23*n^(-s),z*n^(-s),True,True,countable_return_alphabet,False
4054,23,1,23,False,u^23*n^(-s),z*n^(-s),True,True,countable_return_alphabet,False
4055,23,1,23,False,u^23*n^(-s),z*n^(-s),True,True,countable_return_alphabet,False
4056,23,1,23,False,u^23*n^(-s),z*n^(-s),True,True,countable_return_alphabet,False
4057,23,1,23,False,u^23*n^(-s),z*n^(-s),True,True,countable_return_alphabet,False
4058,23,1,23,False,u^23*n^(-s),z*n^(-s),True,True,countable_return_alphabet,False
4059,23,1,23,False,u^23*n^(-s),z*n^(-s),True,True,countable_return_alphabet,False
4060,23,1,23,False,u^23*n^(-s),z*n^(-s),True,True,countable_return_alphabet,False
4061,23,1,23,False,u^23*n^(-s),z*n^(-s),True,True,countable_return_alphabet,False
4062,23,1,23,False,u^23*n^(-s),z*n^(-s),True,True,countable_return_alphabet,False
4063,23,1,23,False,u^23*n^(-s),z*n^(-s),True,True,countable_return_alphabet,False
4064,23,1,23,False,u^23*n^(-s),z*n^(-s),True,True,countable_return_alphabet,False
4065,23,1,23,False,u^23*n^(-s),z*n^(-s),True,True,countable_return_alphabet,False
4066,23,1,23,False,u^23*n^(-s),z*n^(-s),True,True,countable_return_alphabet,False
4067,23,1,23,False,u^23*n^(-s),z*n^(-s),True,True,countable_return_alphabet,False
4068,23,1,23,False,u^23*n^(-s),z*n^(-s),True,True,countable_return_alphabet,False
4069,23,1,23,False,u^23*n^(-s),z*n^(-s),True,True,countable_return_alphabet,False
4070,23,1,23,False,u^23*n^(-s),z*n^(-s),True,True,countable_return_alphabet,False
4071,23,1,23,False,u^23*n^(-s),z*n^(-s),True,True,countable_return_alphabet,False
4072,23,1,23,False,u^23*n^(-s),z*n^(-s),True,True,countable_return_alphabet,False
4073,23,1,23,False,u^23*n^(-s),z*n^(-s),True,True,countable_return_alphabet,False
4074,23,1,23,False,u^23*n^(-s),z*n^(-s),True,True,countable_return_alphabet,False
4075,23,1,23,False,u^23*n^(-s),z*n^(-s),True,True,countable_return_alphabet,False
4076,23,1,23,False,u^23*n^(-s),z*n^(-s),True,True,countable_return_alphabet,False
4077,23,1,23,False,u^23*n^(-s),z*n^(-s),True,True,countable_return_alphabet,False
4078,23,1,23,False,u^23*n^(-s),z*n^(-s),True,True,countable_return_alphabet,False
4079,23,1,23,False,u^23*n^(-s),z*n^(-s),True,True,countable_return_alphabet,False
4080,23,1,23,False,u^23*n^(-s),z*n^(-s),True,True,countable_return_alphabet,False
4081,23,1,23,False,u^23*n^(-s),z*n^(-s),True,True,countable_return_alphabet,False
4082,23,1,23,False,u^23*n^(-s),z*n^(-s),True,True,countable_return_alphabet,False
4083,23,1,23,False,u^23*n^(-s),z*n^(-s),True,True,countable_return_alphabet,False
4084,23,1,23,False,u^23*n^(-s),z*n^(-s),True,True,countable_return_alphabet,False
4085,23,1,23,False,u^23*n^(-s),z*n^(-s),True,True,countable_return_alphabet,False
4086,23,1,23,False,u^23*n^(-s),z*n^(-s),True,True,countable_return_alphabet,False
4087,23,1,23,False,u^23*n^(-s),z*n^(-s),True,True,countable_return_alphabet,False
4088,23,1,23,False,u^23*n^(-s),z*n^(-s),True,True,countable_return_alphabet,False
4089,23,1,23,False,u^23*n^(-s),z*n^(-s),True,True,countable_return_alphabet,False
4090,23,1,23,False,u^23*n^(-s),z*n^(-s),True,True,countable_return_alphabet,False
4091,23,1,23,False,u^23*n^(-s),z*n^(-s),True,True,countable_return_alphabet,False
4092,23,1,23,False,u^23*n^(-s),z*n^(-s),True,True,countable_return_alphabet,False
4093,23,1,23,False,u^23*n^(-s),z*n^(-s),True,True,countable_return_alphabet,False
4094,23,1,23,False,u^23*n^(-s),z*n^(-s),True,True,countable_return_alphabet,False
4095,23,1,23,False,u^23*n^(-s),z*n^(-s),True,True,countable_return_alphabet,False
4096,25,1,25,False,u^25*n^(-s),z*n^(-s),True,True,countable_return_alphabet,False
