alphabet_size,label_atoms,length,canonical_label_word,canonical_atom_word,content_vector,primitive,mixed,word_weight,connected_log_first_repetition,shared_included,disjoint_included,de_rham_cancels_word
2,2|3,1,0,2,2:1|3:0,True,False,1/4,1/4,True,True,False
2,2|3,1,1,3,2:0|3:1,True,False,1/9,1/9,True,True,False
2,2|3,2,0|1,2|3,2:1|3:1,True,True,1/36,1/36,True,False,False
2,2|3,3,0|0|1,2|2|3,2:2|3:1,True,True,1/144,1/144,True,False,False
2,2|3,3,0|1|1,2|3|3,2:1|3:2,True,True,1/324,1/324,True,False,False
2,2|3,4,0|0|0|1,2|2|2|3,2:3|3:1,True,True,1/576,1/576,True,False,False
2,2|3,4,0|0|1|1,2|2|3|3,2:2|3:2,True,True,1/1296,1/1296,True,False,False
2,2|3,4,0|1|1|1,2|3|3|3,2:1|3:3,True,True,1/2916,1/2916,True,False,False
2,2|3,5,0|0|0|0|1,2|2|2|2|3,2:4|3:1,True,True,1/2304,1/2304,True,False,False
2,2|3,5,0|0|0|1|1,2|2|2|3|3,2:3|3:2,True,True,1/5184,1/5184,True,False,False
2,2|3,5,0|0|1|0|1,2|2|3|2|3,2:3|3:2,True,True,1/5184,1/5184,True,False,False
2,2|3,5,0|0|1|1|1,2|2|3|3|3,2:2|3:3,True,True,1/11664,1/11664,True,False,False
2,2|3,5,0|1|0|1|1,2|3|2|3|3,2:2|3:3,True,True,1/11664,1/11664,True,False,False
2,2|3,5,0|1|1|1|1,2|3|3|3|3,2:1|3:4,True,True,1/26244,1/26244,True,False,False
2,2|3,6,0|0|0|0|0|1,2|2|2|2|2|3,2:5|3:1,True,True,1/9216,1/9216,True,False,False
2,2|3,6,0|0|0|0|1|1,2|2|2|2|3|3,2:4|3:2,True,True,1/20736,1/20736,True,False,False
2,2|3,6,0|0|0|1|0|1,2|2|2|3|2|3,2:4|3:2,True,True,1/20736,1/20736,True,False,False
2,2|3,6,0|0|0|1|1|1,2|2|2|3|3|3,2:3|3:3,True,True,1/46656,1/46656,True,False,False
2,2|3,6,0|0|1|0|1|1,2|2|3|2|3|3,2:3|3:3,True,True,1/46656,1/46656,True,False,False
2,2|3,6,0|0|1|1|0|1,2|2|3|3|2|3,2:3|3:3,True,True,1/46656,1/46656,True,False,False
2,2|3,6,0|0|1|1|1|1,2|2|3|3|3|3,2:2|3:4,True,True,1/104976,1/104976,True,False,False
2,2|3,6,0|1|0|1|1|1,2|3|2|3|3|3,2:2|3:4,True,True,1/104976,1/104976,True,False,False
2,2|3,6,0|1|1|1|1|1,2|3|3|3|3|3,2:1|3:5,True,True,1/236196,1/236196,True,False,False
3,2|3|5,1,0,2,2:1|3:0|5:0,True,False,1/4,1/4,True,True,False
3,2|3|5,1,1,3,2:0|3:1|5:0,True,False,1/9,1/9,True,True,False
3,2|3|5,1,2,5,2:0|3:0|5:1,True,False,1/25,1/25,True,True,False
3,2|3|5,2,0|1,2|3,2:1|3:1|5:0,True,True,1/36,1/36,True,False,False
3,2|3|5,2,0|2,2|5,2:1|3:0|5:1,True,True,1/100,1/100,True,False,False
3,2|3|5,2,1|2,3|5,2:0|3:1|5:1,True,True,1/225,1/225,True,False,False
3,2|3|5,3,0|0|1,2|2|3,2:2|3:1|5:0,True,True,1/144,1/144,True,False,False
3,2|3|5,3,0|0|2,2|2|5,2:2|3:0|5:1,True,True,1/400,1/400,True,False,False
3,2|3|5,3,0|1|1,2|3|3,2:1|3:2|5:0,True,True,1/324,1/324,True,False,False
3,2|3|5,3,0|1|2,2|3|5,2:1|3:1|5:1,True,True,1/900,1/900,True,False,False
3,2|3|5,3,0|2|1,2|5|3,2:1|3:1|5:1,True,True,1/900,1/900,True,False,False
3,2|3|5,3,0|2|2,2|5|5,2:1|3:0|5:2,True,True,1/2500,1/2500,True,False,False
3,2|3|5,3,1|1|2,3|3|5,2:0|3:2|5:1,True,True,1/2025,1/2025,True,False,False
3,2|3|5,3,1|2|2,3|5|5,2:0|3:1|5:2,True,True,1/5625,1/5625,True,False,False
3,2|3|5,4,0|0|0|1,2|2|2|3,2:3|3:1|5:0,True,True,1/576,1/576,True,False,False
3,2|3|5,4,0|0|0|2,2|2|2|5,2:3|3:0|5:1,True,True,1/1600,1/1600,True,False,False
3,2|3|5,4,0|0|1|1,2|2|3|3,2:2|3:2|5:0,True,True,1/1296,1/1296,True,False,False
3,2|3|5,4,0|0|1|2,2|2|3|5,2:2|3:1|5:1,True,True,1/3600,1/3600,True,False,False
3,2|3|5,4,0|0|2|1,2|2|5|3,2:2|3:1|5:1,True,True,1/3600,1/3600,True,False,False
3,2|3|5,4,0|0|2|2,2|2|5|5,2:2|3:0|5:2,True,True,1/10000,1/10000,True,False,False
3,2|3|5,4,0|1|0|2,2|3|2|5,2:2|3:1|5:1,True,True,1/3600,1/3600,True,False,False
3,2|3|5,4,0|1|1|1,2|3|3|3,2:1|3:3|5:0,True,True,1/2916,1/2916,True,False,False
3,2|3|5,4,0|1|1|2,2|3|3|5,2:1|3:2|5:1,True,True,1/8100,1/8100,True,False,False
3,2|3|5,4,0|1|2|1,2|3|5|3,2:1|3:2|5:1,True,True,1/8100,1/8100,True,False,False
3,2|3|5,4,0|1|2|2,2|3|5|5,2:1|3:1|5:2,True,True,1/22500,1/22500,True,False,False
3,2|3|5,4,0|2|1|1,2|5|3|3,2:1|3:2|5:1,True,True,1/8100,1/8100,True,False,False
3,2|3|5,4,0|2|1|2,2|5|3|5,2:1|3:1|5:2,True,True,1/22500,1/22500,True,False,False
3,2|3|5,4,0|2|2|1,2|5|5|3,2:1|3:1|5:2,True,True,1/22500,1/22500,True,False,False
3,2|3|5,4,0|2|2|2,2|5|5|5,2:1|3:0|5:3,True,True,1/62500,1/62500,True,False,False
3,2|3|5,4,1|1|1|2,3|3|3|5,2:0|3:3|5:1,True,True,1/18225,1/18225,True,False,False
3,2|3|5,4,1|1|2|2,3|3|5|5,2:0|3:2|5:2,True,True,1/50625,1/50625,True,False,False
3,2|3|5,4,1|2|2|2,3|5|5|5,2:0|3:1|5:3,True,True,1/140625,1/140625,True,False,False
3,2|3|5,5,0|0|0|0|1,2|2|2|2|3,2:4|3:1|5:0,True,True,1/2304,1/2304,True,False,False
3,2|3|5,5,0|0|0|0|2,2|2|2|2|5,2:4|3:0|5:1,True,True,1/6400,1/6400,True,False,False
3,2|3|5,5,0|0|0|1|1,2|2|2|3|3,2:3|3:2|5:0,True,True,1/5184,1/5184,True,False,False
3,2|3|5,5,0|0|0|1|2,2|2|2|3|5,2:3|3:1|5:1,True,True,1/14400,1/14400,True,False,False
3,2|3|5,5,0|0|0|2|1,2|2|2|5|3,2:3|3:1|5:1,True,True,1/14400,1/14400,True,False,False
3,2|3|5,5,0|0|0|2|2,2|2|2|5|5,2:3|3:0|5:2,True,True,1/40000,1/40000,True,False,False
3,2|3|5,5,0|0|1|0|1,2|2|3|2|3,2:3|3:2|5:0,True,True,1/5184,1/5184,True,False,False
3,2|3|5,5,0|0|1|0|2,2|2|3|2|5,2:3|3:1|5:1,True,True,1/14400,1/14400,True,False,False
3,2|3|5,5,0|0|1|1|1,2|2|3|3|3,2:2|3:3|5:0,True,True,1/11664,1/11664,True,False,False
3,2|3|5,5,0|0|1|1|2,2|2|3|3|5,2:2|3:2|5:1,True,True,1/32400,1/32400,True,False,False
3,2|3|5,5,0|0|1|2|1,2|2|3|5|3,2:2|3:2|5:1,True,True,1/32400,1/32400,True,False,False
3,2|3|5,5,0|0|1|2|2,2|2|3|5|5,2:2|3:1|5:2,True,True,1/90000,1/90000,True,False,False
3,2|3|5,5,0|0|2|0|1,2|2|5|2|3,2:3|3:1|5:1,True,True,1/14400,1/14400,True,False,False
3,2|3|5,5,0|0|2|0|2,2|2|5|2|5,2:3|3:0|5:2,True,True,1/40000,1/40000,True,False,False
3,2|3|5,5,0|0|2|1|1,2|2|5|3|3,2:2|3:2|5:1,True,True,1/32400,1/32400,True,False,False
3,2|3|5,5,0|0|2|1|2,2|2|5|3|5,2:2|3:1|5:2,True,True,1/90000,1/90000,True,False,False
3,2|3|5,5,0|0|2|2|1,2|2|5|5|3,2:2|3:1|5:2,True,True,1/90000,1/90000,True,False,False
3,2|3|5,5,0|0|2|2|2,2|2|5|5|5,2:2|3:0|5:3,True,True,1/250000,1/250000,True,False,False
3,2|3|5,5,0|1|0|1|1,2|3|2|3|3,2:2|3:3|5:0,True,True,1/11664,1/11664,True,False,False
3,2|3|5,5,0|1|0|1|2,2|3|2|3|5,2:2|3:2|5:1,True,True,1/32400,1/32400,True,False,False
3,2|3|5,5,0|1|0|2|1,2|3|2|5|3,2:2|3:2|5:1,True,True,1/32400,1/32400,True,False,False
3,2|3|5,5,0|1|0|2|2,2|3|2|5|5,2:2|3:1|5:2,True,True,1/90000,1/90000,True,False,False
3,2|3|5,5,0|1|1|0|2,2|3|3|2|5,2:2|3:2|5:1,True,True,1/32400,1/32400,True,False,False
3,2|3|5,5,0|1|1|1|1,2|3|3|3|3,2:1|3:4|5:0,True,True,1/26244,1/26244,True,False,False
3,2|3|5,5,0|1|1|1|2,2|3|3|3|5,2:1|3:3|5:1,True,True,1/72900,1/72900,True,False,False
3,2|3|5,5,0|1|1|2|1,2|3|3|5|3,2:1|3:3|5:1,True,True,1/72900,1/72900,True,False,False
3,2|3|5,5,0|1|1|2|2,2|3|3|5|5,2:1|3:2|5:2,True,True,1/202500,1/202500,True,False,False
3,2|3|5,5,0|1|2|0|2,2|3|5|2|5,2:2|3:1|5:2,True,True,1/90000,1/90000,True,False,False
3,2|3|5,5,0|1|2|1|1,2|3|5|3|3,2:1|3:3|5:1,True,True,1/72900,1/72900,True,False,False
3,2|3|5,5,0|1|2|1|2,2|3|5|3|5,2:1|3:2|5:2,True,True,1/202500,1/202500,True,False,False
3,2|3|5,5,0|1|2|2|1,2|3|5|5|3,2:1|3:2|5:2,True,True,1/202500,1/202500,True,False,False
3,2|3|5,5,0|1|2|2|2,2|3|5|5|5,2:1|3:1|5:3,True,True,1/562500,1/562500,True,False,False
3,2|3|5,5,0|2|0|2|1,2|5|2|5|3,2:2|3:1|5:2,True,True,1/90000,1/90000,True,False,False
3,2|3|5,5,0|2|0|2|2,2|5|2|5|5,2:2|3:0|5:3,True,True,1/250000,1/250000,True,False,False
3,2|3|5,5,0|2|1|1|1,2|5|3|3|3,2:1|3:3|5:1,True,True,1/72900,1/72900,True,False,False
3,2|3|5,5,0|2|1|1|2,2|5|3|3|5,2:1|3:2|5:2,True,True,1/202500,1/202500,True,False,False
3,2|3|5,5,0|2|1|2|1,2|5|3|5|3,2:1|3:2|5:2,True,True,1/202500,1/202500,True,False,False
3,2|3|5,5,0|2|1|2|2,2|5|3|5|5,2:1|3:1|5:3,True,True,1/562500,1/562500,True,False,False
3,2|3|5,5,0|2|2|1|1,2|5|5|3|3,2:1|3:2|5:2,True,True,1/202500,1/202500,True,False,False
3,2|3|5,5,0|2|2|1|2,2|5|5|3|5,2:1|3:1|5:3,True,True,1/562500,1/562500,True,False,False
3,2|3|5,5,0|2|2|2|1,2|5|5|5|3,2:1|3:1|5:3,True,True,1/562500,1/562500,True,False,False
3,2|3|5,5,0|2|2|2|2,2|5|5|5|5,2:1|3:0|5:4,True,True,1/1562500,1/1562500,True,False,False
3,2|3|5,5,1|1|1|1|2,3|3|3|3|5,2:0|3:4|5:1,True,True,1/164025,1/164025,True,False,False
3,2|3|5,5,1|1|1|2|2,3|3|3|5|5,2:0|3:3|5:2,True,True,1/455625,1/455625,True,False,False
3,2|3|5,5,1|1|2|1|2,3|3|5|3|5,2:0|3:3|5:2,True,True,1/455625,1/455625,True,False,False
3,2|3|5,5,1|1|2|2|2,3|3|5|5|5,2:0|3:2|5:3,True,True,1/1265625,1/1265625,True,False,False
3,2|3|5,5,1|2|1|2|2,3|5|3|5|5,2:0|3:2|5:3,True,True,1/1265625,1/1265625,True,False,False
3,2|3|5,5,1|2|2|2|2,3|5|5|5|5,2:0|3:1|5:4,True,True,1/3515625,1/3515625,True,False,False
3,2|3|5,6,0|0|0|0|0|1,2|2|2|2|2|3,2:5|3:1|5:0,True,True,1/9216,1/9216,True,False,False
3,2|3|5,6,0|0|0|0|0|2,2|2|2|2|2|5,2:5|3:0|5:1,True,True,1/25600,1/25600,True,False,False
3,2|3|5,6,0|0|0|0|1|1,2|2|2|2|3|3,2:4|3:2|5:0,True,True,1/20736,1/20736,True,False,False
3,2|3|5,6,0|0|0|0|1|2,2|2|2|2|3|5,2:4|3:1|5:1,True,True,1/57600,1/57600,True,False,False
3,2|3|5,6,0|0|0|0|2|1,2|2|2|2|5|3,2:4|3:1|5:1,True,True,1/57600,1/57600,True,False,False
3,2|3|5,6,0|0|0|0|2|2,2|2|2|2|5|5,2:4|3:0|5:2,True,True,1/160000,1/160000,True,False,False
3,2|3|5,6,0|0|0|1|0|1,2|2|2|3|2|3,2:4|3:2|5:0,True,True,1/20736,1/20736,True,False,False
3,2|3|5,6,0|0|0|1|0|2,2|2|2|3|2|5,2:4|3:1|5:1,True,True,1/57600,1/57600,True,False,False
3,2|3|5,6,0|0|0|1|1|1,2|2|2|3|3|3,2:3|3:3|5:0,True,True,1/46656,1/46656,True,False,False
3,2|3|5,6,0|0|0|1|1|2,2|2|2|3|3|5,2:3|3:2|5:1,True,True,1/129600,1/129600,True,False,False
3,2|3|5,6,0|0|0|1|2|1,2|2|2|3|5|3,2:3|3:2|5:1,True,True,1/129600,1/129600,True,False,False
3,2|3|5,6,0|0|0|1|2|2,2|2|2|3|5|5,2:3|3:1|5:2,True,True,1/360000,1/360000,True,False,False
3,2|3|5,6,0|0|0|2|0|1,2|2|2|5|2|3,2:4|3:1|5:1,True,True,1/57600,1/57600,True,False,False
3,2|3|5,6,0|0|0|2|0|2,2|2|2|5|2|5,2:4|3:0|5:2,True,True,1/160000,1/160000,True,False,False
3,2|3|5,6,0|0|0|2|1|1,2|2|2|5|3|3,2:3|3:2|5:1,True,True,1/129600,1/129600,True,False,False
3,2|3|5,6,0|0|0|2|1|2,2|2|2|5|3|5,2:3|3:1|5:2,True,True,1/360000,1/360000,True,False,False
3,2|3|5,6,0|0|0|2|2|1,2|2|2|5|5|3,2:3|3:1|5:2,True,True,1/360000,1/360000,True,False,False
3,2|3|5,6,0|0|0|2|2|2,2|2|2|5|5|5,2:3|3:0|5:3,True,True,1/1000000,1/1000000,True,False,False
3,2|3|5,6,0|0|1|0|0|2,2|2|3|2|2|5,2:4|3:1|5:1,True,True,1/57600,1/57600,True,False,False
3,2|3|5,6,0|0|1|0|1|1,2|2|3|2|3|3,2:3|3:3|5:0,True,True,1/46656,1/46656,True,False,False
3,2|3|5,6,0|0|1|0|1|2,2|2|3|2|3|5,2:3|3:2|5:1,True,True,1/129600,1/129600,True,False,False
3,2|3|5,6,0|0|1|0|2|1,2|2|3|2|5|3,2:3|3:2|5:1,True,True,1/129600,1/129600,True,False,False
3,2|3|5,6,0|0|1|0|2|2,2|2|3|2|5|5,2:3|3:1|5:2,True,True,1/360000,1/360000,True,False,False
3,2|3|5,6,0|0|1|1|0|1,2|2|3|3|2|3,2:3|3:3|5:0,True,True,1/46656,1/46656,True,False,False
3,2|3|5,6,0|0|1|1|0|2,2|2|3|3|2|5,2:3|3:2|5:1,True,True,1/129600,1/129600,True,False,False
3,2|3|5,6,0|0|1|1|1|1,2|2|3|3|3|3,2:2|3:4|5:0,True,True,1/104976,1/104976,True,False,False
3,2|3|5,6,0|0|1|1|1|2,2|2|3|3|3|5,2:2|3:3|5:1,True,True,1/291600,1/291600,True,False,False
3,2|3|5,6,0|0|1|1|2|1,2|2|3|3|5|3,2:2|3:3|5:1,True,True,1/291600,1/291600,True,False,False
3,2|3|5,6,0|0|1|1|2|2,2|2|3|3|5|5,2:2|3:2|5:2,True,True,1/810000,1/810000,True,False,False
3,2|3|5,6,0|0|1|2|0|1,2|2|3|5|2|3,2:3|3:2|5:1,True,True,1/129600,1/129600,True,False,False
3,2|3|5,6,0|0|1|2|0|2,2|2|3|5|2|5,2:3|3:1|5:2,True,True,1/360000,1/360000,True,False,False
3,2|3|5,6,0|0|1|2|1|1,2|2|3|5|3|3,2:2|3:3|5:1,True,True,1/291600,1/291600,True,False,False
3,2|3|5,6,0|0|1|2|1|2,2|2|3|5|3|5,2:2|3:2|5:2,True,True,1/810000,1/810000,True,False,False
3,2|3|5,6,0|0|1|2|2|1,2|2|3|5|5|3,2:2|3:2|5:2,True,True,1/810000,1/810000,True,False,False
3,2|3|5,6,0|0|1|2|2|2,2|2|3|5|5|5,2:2|3:1|5:3,True,True,1/2250000,1/2250000,True,False,False
3,2|3|5,6,0|0|2|0|1|1,2|2|5|2|3|3,2:3|3:2|5:1,True,True,1/129600,1/129600,True,False,False
3,2|3|5,6,0|0|2|0|1|2,2|2|5|2|3|5,2:3|3:1|5:2,True,True,1/360000,1/360000,True,False,False
3,2|3|5,6,0|0|2|0|2|1,2|2|5|2|5|3,2:3|3:1|5:2,True,True,1/360000,1/360000,True,False,False
3,2|3|5,6,0|0|2|0|2|2,2|2|5|2|5|5,2:3|3:0|5:3,True,True,1/1000000,1/1000000,True,False,False
3,2|3|5,6,0|0|2|1|0|1,2|2|5|3|2|3,2:3|3:2|5:1,True,True,1/129600,1/129600,True,False,False
3,2|3|5,6,0|0|2|1|0|2,2|2|5|3|2|5,2:3|3:1|5:2,True,True,1/360000,1/360000,True,False,False
3,2|3|5,6,0|0|2|1|1|1,2|2|5|3|3|3,2:2|3:3|5:1,True,True,1/291600,1/291600,True,False,False
3,2|3|5,6,0|0|2|1|1|2,2|2|5|3|3|5,2:2|3:2|5:2,True,True,1/810000,1/810000,True,False,False
3,2|3|5,6,0|0|2|1|2|1,2|2|5|3|5|3,2:2|3:2|5:2,True,True,1/810000,1/810000,True,False,False
3,2|3|5,6,0|0|2|1|2|2,2|2|5|3|5|5,2:2|3:1|5:3,True,True,1/2250000,1/2250000,True,False,False
3,2|3|5,6,0|0|2|2|0|1,2|2|5|5|2|3,2:3|3:1|5:2,True,True,1/360000,1/360000,True,False,False
3,2|3|5,6,0|0|2|2|0|2,2|2|5|5|2|5,2:3|3:0|5:3,True,True,1/1000000,1/1000000,True,False,False
3,2|3|5,6,0|0|2|2|1|1,2|2|5|5|3|3,2:2|3:2|5:2,True,True,1/810000,1/810000,True,False,False
3,2|3|5,6,0|0|2|2|1|2,2|2|5|5|3|5,2:2|3:1|5:3,True,True,1/2250000,1/2250000,True,False,False
3,2|3|5,6,0|0|2|2|2|1,2|2|5|5|5|3,2:2|3:1|5:3,True,True,1/2250000,1/2250000,True,False,False
3,2|3|5,6,0|0|2|2|2|2,2|2|5|5|5|5,2:2|3:0|5:4,True,True,1/6250000,1/6250000,True,False,False
3,2|3|5,6,0|1|0|1|0|2,2|3|2|3|2|5,2:3|3:2|5:1,True,True,1/129600,1/129600,True,False,False
3,2|3|5,6,0|1|0|1|1|1,2|3|2|3|3|3,2:2|3:4|5:0,True,True,1/104976,1/104976,True,False,False
3,2|3|5,6,0|1|0|1|1|2,2|3|2|3|3|5,2:2|3:3|5:1,True,True,1/291600,1/291600,True,False,False
3,2|3|5,6,0|1|0|1|2|1,2|3|2|3|5|3,2:2|3:3|5:1,True,True,1/291600,1/291600,True,False,False
3,2|3|5,6,0|1|0|1|2|2,2|3|2|3|5|5,2:2|3:2|5:2,True,True,1/810000,1/810000,True,False,False
3,2|3|5,6,0|1|0|2|0|2,2|3|2|5|2|5,2:3|3:1|5:2,True,True,1/360000,1/360000,True,False,False
3,2|3|5,6,0|1|0|2|1|1,2|3|2|5|3|3,2:2|3:3|5:1,True,True,1/291600,1/291600,True,False,False
3,2|3|5,6,0|1|0|2|1|2,2|3|2|5|3|5,2:2|3:2|5:2,True,True,1/810000,1/810000,True,False,False
3,2|3|5,6,0|1|0|2|2|1,2|3|2|5|5|3,2:2|3:2|5:2,True,True,1/810000,1/810000,True,False,False
3,2|3|5,6,0|1|0|2|2|2,2|3|2|5|5|5,2:2|3:1|5:3,True,True,1/2250000,1/2250000,True,False,False
3,2|3|5,6,0|1|1|0|1|2,2|3|3|2|3|5,2:2|3:3|5:1,True,True,1/291600,1/291600,True,False,False
3,2|3|5,6,0|1|1|0|2|1,2|3|3|2|5|3,2:2|3:3|5:1,True,True,1/291600,1/291600,True,False,False
3,2|3|5,6,0|1|1|0|2|2,2|3|3|2|5|5,2:2|3:2|5:2,True,True,1/810000,1/810000,True,False,False
3,2|3|5,6,0|1|1|1|0|2,2|3|3|3|2|5,2:2|3:3|5:1,True,True,1/291600,1/291600,True,False,False
3,2|3|5,6,0|1|1|1|1|1,2|3|3|3|3|3,2:1|3:5|5:0,True,True,1/236196,1/236196,True,False,False
3,2|3|5,6,0|1|1|1|1|2,2|3|3|3|3|5,2:1|3:4|5:1,True,True,1/656100,1/656100,True,False,False
3,2|3|5,6,0|1|1|1|2|1,2|3|3|3|5|3,2:1|3:4|5:1,True,True,1/656100,1/656100,True,False,False
3,2|3|5,6,0|1|1|1|2|2,2|3|3|3|5|5,2:1|3:3|5:2,True,True,1/1822500,1/1822500,True,False,False
3,2|3|5,6,0|1|1|2|0|2,2|3|3|5|2|5,2:2|3:2|5:2,True,True,1/810000,1/810000,True,False,False
3,2|3|5,6,0|1|1|2|1|1,2|3|3|5|3|3,2:1|3:4|5:1,True,True,1/656100,1/656100,True,False,False
3,2|3|5,6,0|1|1|2|1|2,2|3|3|5|3|5,2:1|3:3|5:2,True,True,1/1822500,1/1822500,True,False,False
3,2|3|5,6,0|1|1|2|2|1,2|3|3|5|5|3,2:1|3:3|5:2,True,True,1/1822500,1/1822500,True,False,False
3,2|3|5,6,0|1|1|2|2|2,2|3|3|5|5|5,2:1|3:2|5:3,True,True,1/5062500,1/5062500,True,False,False
3,2|3|5,6,0|1|2|0|2|1,2|3|5|2|5|3,2:2|3:2|5:2,True,True,1/810000,1/810000,True,False,False
3,2|3|5,6,0|1|2|0|2|2,2|3|5|2|5|5,2:2|3:1|5:3,True,True,1/2250000,1/2250000,True,False,False
3,2|3|5,6,0|1|2|1|0|2,2|3|5|3|2|5,2:2|3:2|5:2,True,True,1/810000,1/810000,True,False,False
3,2|3|5,6,0|1|2|1|1|1,2|3|5|3|3|3,2:1|3:4|5:1,True,True,1/656100,1/656100,True,False,False
3,2|3|5,6,0|1|2|1|1|2,2|3|5|3|3|5,2:1|3:3|5:2,True,True,1/1822500,1/1822500,True,False,False
3,2|3|5,6,0|1|2|1|2|1,2|3|5|3|5|3,2:1|3:3|5:2,True,True,1/1822500,1/1822500,True,False,False
3,2|3|5,6,0|1|2|1|2|2,2|3|5|3|5|5,2:1|3:2|5:3,True,True,1/5062500,1/5062500,True,False,False
3,2|3|5,6,0|1|2|2|0|2,2|3|5|5|2|5,2:2|3:1|5:3,True,True,1/2250000,1/2250000,True,False,False
3,2|3|5,6,0|1|2|2|1|1,2|3|5|5|3|3,2:1|3:3|5:2,True,True,1/1822500,1/1822500,True,False,False
3,2|3|5,6,0|1|2|2|1|2,2|3|5|5|3|5,2:1|3:2|5:3,True,True,1/5062500,1/5062500,True,False,False
3,2|3|5,6,0|1|2|2|2|1,2|3|5|5|5|3,2:1|3:2|5:3,True,True,1/5062500,1/5062500,True,False,False
3,2|3|5,6,0|1|2|2|2|2,2|3|5|5|5|5,2:1|3:1|5:4,True,True,1/14062500,1/14062500,True,False,False
3,2|3|5,6,0|2|0|2|1|1,2|5|2|5|3|3,2:2|3:2|5:2,True,True,1/810000,1/810000,True,False,False
3,2|3|5,6,0|2|0|2|1|2,2|5|2|5|3|5,2:2|3:1|5:3,True,True,1/2250000,1/2250000,True,False,False
3,2|3|5,6,0|2|0|2|2|1,2|5|2|5|5|3,2:2|3:1|5:3,True,True,1/2250000,1/2250000,True,False,False
3,2|3|5,6,0|2|0|2|2|2,2|5|2|5|5|5,2:2|3:0|5:4,True,True,1/6250000,1/6250000,True,False,False
3,2|3|5,6,0|2|1|0|2|2,2|5|3|2|5|5,2:2|3:1|5:3,True,True,1/2250000,1/2250000,True,False,False
3,2|3|5,6,0|2|1|1|1|1,2|5|3|3|3|3,2:1|3:4|5:1,True,True,1/656100,1/656100,True,False,False
3,2|3|5,6,0|2|1|1|1|2,2|5|3|3|3|5,2:1|3:3|5:2,True,True,1/1822500,1/1822500,True,False,False
3,2|3|5,6,0|2|1|1|2|1,2|5|3|3|5|3,2:1|3:3|5:2,True,True,1/1822500,1/1822500,True,False,False
3,2|3|5,6,0|2|1|1|2|2,2|5|3|3|5|5,2:1|3:2|5:3,True,True,1/5062500,1/5062500,True,False,False
3,2|3|5,6,0|2|1|2|1|1,2|5|3|5|3|3,2:1|3:3|5:2,True,True,1/1822500,1/1822500,True,False,False
3,2|3|5,6,0|2|1|2|1|2,2|5|3|5|3|5,2:1|3:2|5:3,True,True,1/5062500,1/5062500,True,False,False
3,2|3|5,6,0|2|1|2|2|1,2|5|3|5|5|3,2:1|3:2|5:3,True,True,1/5062500,1/5062500,True,False,False
3,2|3|5,6,0|2|1|2|2|2,2|5|3|5|5|5,2:1|3:1|5:4,True,True,1/14062500,1/14062500,True,False,False
3,2|3|5,6,0|2|2|1|1|1,2|5|5|3|3|3,2:1|3:3|5:2,True,True,1/1822500,1/1822500,True,False,False
3,2|3|5,6,0|2|2|1|1|2,2|5|5|3|3|5,2:1|3:2|5:3,True,True,1/5062500,1/5062500,True,False,False
3,2|3|5,6,0|2|2|1|2|1,2|5|5|3|5|3,2:1|3:2|5:3,True,True,1/5062500,1/5062500,True,False,False
3,2|3|5,6,0|2|2|1|2|2,2|5|5|3|5|5,2:1|3:1|5:4,True,True,1/14062500,1/14062500,True,False,False
3,2|3|5,6,0|2|2|2|1|1,2|5|5|5|3|3,2:1|3:2|5:3,True,True,1/5062500,1/5062500,True,False,False
3,2|3|5,6,0|2|2|2|1|2,2|5|5|5|3|5,2:1|3:1|5:4,True,True,1/14062500,1/14062500,True,False,False
3,2|3|5,6,0|2|2|2|2|1,2|5|5|5|5|3,2:1|3:1|5:4,True,True,1/14062500,1/14062500,True,False,False
3,2|3|5,6,0|2|2|2|2|2,2|5|5|5|5|5,2:1|3:0|5:5,True,True,1/39062500,1/39062500,True,False,False
3,2|3|5,6,1|1|1|1|1|2,3|3|3|3|3|5,2:0|3:5|5:1,True,True,1/1476225,1/1476225,True,False,False
3,2|3|5,6,1|1|1|1|2|2,3|3|3|3|5|5,2:0|3:4|5:2,True,True,1/4100625,1/4100625,True,False,False
3,2|3|5,6,1|1|1|2|1|2,3|3|3|5|3|5,2:0|3:4|5:2,True,True,1/4100625,1/4100625,True,False,False
3,2|3|5,6,1|1|1|2|2|2,3|3|3|5|5|5,2:0|3:3|5:3,True,True,1/11390625,1/11390625,True,False,False
3,2|3|5,6,1|1|2|1|2|2,3|3|5|3|5|5,2:0|3:3|5:3,True,True,1/11390625,1/11390625,True,False,False
3,2|3|5,6,1|1|2|2|1|2,3|3|5|5|3|5,2:0|3:3|5:3,True,True,1/11390625,1/11390625,True,False,False
3,2|3|5,6,1|1|2|2|2|2,3|3|5|5|5|5,2:0|3:2|5:4,True,True,1/31640625,1/31640625,True,False,False
3,2|3|5,6,1|2|1|2|2|2,3|5|3|5|5|5,2:0|3:2|5:4,True,True,1/31640625,1/31640625,True,False,False
3,2|3|5,6,1|2|2|2|2|2,3|5|5|5|5|5,2:0|3:1|5:5,True,True,1/87890625,1/87890625,True,False,False
4,2|3|5|7,1,0,2,2:1|3:0|5:0|7:0,True,False,1/4,1/4,True,True,False
4,2|3|5|7,1,1,3,2:0|3:1|5:0|7:0,True,False,1/9,1/9,True,True,False
4,2|3|5|7,1,2,5,2:0|3:0|5:1|7:0,True,False,1/25,1/25,True,True,False
4,2|3|5|7,1,3,7,2:0|3:0|5:0|7:1,True,False,1/49,1/49,True,True,False
4,2|3|5|7,2,0|1,2|3,2:1|3:1|5:0|7:0,True,True,1/36,1/36,True,False,False
4,2|3|5|7,2,0|2,2|5,2:1|3:0|5:1|7:0,True,True,1/100,1/100,True,False,False
4,2|3|5|7,2,0|3,2|7,2:1|3:0|5:0|7:1,True,True,1/196,1/196,True,False,False
4,2|3|5|7,2,1|2,3|5,2:0|3:1|5:1|7:0,True,True,1/225,1/225,True,False,False
4,2|3|5|7,2,1|3,3|7,2:0|3:1|5:0|7:1,True,True,1/441,1/441,True,False,False
4,2|3|5|7,2,2|3,5|7,2:0|3:0|5:1|7:1,True,True,1/1225,1/1225,True,False,False
4,2|3|5|7,3,0|0|1,2|2|3,2:2|3:1|5:0|7:0,True,True,1/144,1/144,True,False,False
4,2|3|5|7,3,0|0|2,2|2|5,2:2|3:0|5:1|7:0,True,True,1/400,1/400,True,False,False
4,2|3|5|7,3,0|0|3,2|2|7,2:2|3:0|5:0|7:1,True,True,1/784,1/784,True,False,False
4,2|3|5|7,3,0|1|1,2|3|3,2:1|3:2|5:0|7:0,True,True,1/324,1/324,True,False,False
4,2|3|5|7,3,0|1|2,2|3|5,2:1|3:1|5:1|7:0,True,True,1/900,1/900,True,False,False
4,2|3|5|7,3,0|1|3,2|3|7,2:1|3:1|5:0|7:1,True,True,1/1764,1/1764,True,False,False
4,2|3|5|7,3,0|2|1,2|5|3,2:1|3:1|5:1|7:0,True,True,1/900,1/900,True,False,False
4,2|3|5|7,3,0|2|2,2|5|5,2:1|3:0|5:2|7:0,True,True,1/2500,1/2500,True,False,False
4,2|3|5|7,3,0|2|3,2|5|7,2:1|3:0|5:1|7:1,True,True,1/4900,1/4900,True,False,False
4,2|3|5|7,3,0|3|1,2|7|3,2:1|3:1|5:0|7:1,True,True,1/1764,1/1764,True,False,False
4,2|3|5|7,3,0|3|2,2|7|5,2:1|3:0|5:1|7:1,True,True,1/4900,1/4900,True,False,False
4,2|3|5|7,3,0|3|3,2|7|7,2:1|3:0|5:0|7:2,True,True,1/9604,1/9604,True,False,False
4,2|3|5|7,3,1|1|2,3|3|5,2:0|3:2|5:1|7:0,True,True,1/2025,1/2025,True,False,False
4,2|3|5|7,3,1|1|3,3|3|7,2:0|3:2|5:0|7:1,True,True,1/3969,1/3969,True,False,False
4,2|3|5|7,3,1|2|2,3|5|5,2:0|3:1|5:2|7:0,True,True,1/5625,1/5625,True,False,False
4,2|3|5|7,3,1|2|3,3|5|7,2:0|3:1|5:1|7:1,True,True,1/11025,1/11025,True,False,False
4,2|3|5|7,3,1|3|2,3|7|5,2:0|3:1|5:1|7:1,True,True,1/11025,1/11025,True,False,False
4,2|3|5|7,3,1|3|3,3|7|7,2:0|3:1|5:0|7:2,True,True,1/21609,1/21609,True,False,False
4,2|3|5|7,3,2|2|3,5|5|7,2:0|3:0|5:2|7:1,True,True,1/30625,1/30625,True,False,False
4,2|3|5|7,3,2|3|3,5|7|7,2:0|3:0|5:1|7:2,True,True,1/60025,1/60025,True,False,False
4,2|3|5|7,4,0|0|0|1,2|2|2|3,2:3|3:1|5:0|7:0,True,True,1/576,1/576,True,False,False
4,2|3|5|7,4,0|0|0|2,2|2|2|5,2:3|3:0|5:1|7:0,True,True,1/1600,1/1600,True,False,False
4,2|3|5|7,4,0|0|0|3,2|2|2|7,2:3|3:0|5:0|7:1,True,True,1/3136,1/3136,True,False,False
4,2|3|5|7,4,0|0|1|1,2|2|3|3,2:2|3:2|5:0|7:0,True,True,1/1296,1/1296,True,False,False
4,2|3|5|7,4,0|0|1|2,2|2|3|5,2:2|3:1|5:1|7:0,True,True,1/3600,1/3600,True,False,False
4,2|3|5|7,4,0|0|1|3,2|2|3|7,2:2|3:1|5:0|7:1,True,True,1/7056,1/7056,True,False,False
4,2|3|5|7,4,0|0|2|1,2|2|5|3,2:2|3:1|5:1|7:0,True,True,1/3600,1/3600,True,False,False
4,2|3|5|7,4,0|0|2|2,2|2|5|5,2:2|3:0|5:2|7:0,True,True,1/10000,1/10000,True,False,False
4,2|3|5|7,4,0|0|2|3,2|2|5|7,2:2|3:0|5:1|7:1,True,True,1/19600,1/19600,True,False,False
4,2|3|5|7,4,0|0|3|1,2|2|7|3,2:2|3:1|5:0|7:1,True,True,1/7056,1/7056,True,False,False
4,2|3|5|7,4,0|0|3|2,2|2|7|5,2:2|3:0|5:1|7:1,True,True,1/19600,1/19600,True,False,False
4,2|3|5|7,4,0|0|3|3,2|2|7|7,2:2|3:0|5:0|7:2,True,True,1/38416,1/38416,True,False,False
4,2|3|5|7,4,0|1|0|2,2|3|2|5,2:2|3:1|5:1|7:0,True,True,1/3600,1/3600,True,False,False
4,2|3|5|7,4,0|1|0|3,2|3|2|7,2:2|3:1|5:0|7:1,True,True,1/7056,1/7056,True,False,False
4,2|3|5|7,4,0|1|1|1,2|3|3|3,2:1|3:3|5:0|7:0,True,True,1/2916,1/2916,True,False,False
4,2|3|5|7,4,0|1|1|2,2|3|3|5,2:1|3:2|5:1|7:0,True,True,1/8100,1/8100,True,False,False
4,2|3|5|7,4,0|1|1|3,2|3|3|7,2:1|3:2|5:0|7:1,True,True,1/15876,1/15876,True,False,False
4,2|3|5|7,4,0|1|2|1,2|3|5|3,2:1|3:2|5:1|7:0,True,True,1/8100,1/8100,True,False,False
4,2|3|5|7,4,0|1|2|2,2|3|5|5,2:1|3:1|5:2|7:0,True,True,1/22500,1/22500,True,False,False
4,2|3|5|7,4,0|1|2|3,2|3|5|7,2:1|3:1|5:1|7:1,True,True,1/44100,1/44100,True,False,False
4,2|3|5|7,4,0|1|3|1,2|3|7|3,2:1|3:2|5:0|7:1,True,True,1/15876,1/15876,True,False,False
4,2|3|5|7,4,0|1|3|2,2|3|7|5,2:1|3:1|5:1|7:1,True,True,1/44100,1/44100,True,False,False
4,2|3|5|7,4,0|1|3|3,2|3|7|7,2:1|3:1|5:0|7:2,True,True,1/86436,1/86436,True,False,False
4,2|3|5|7,4,0|2|0|3,2|5|2|7,2:2|3:0|5:1|7:1,True,True,1/19600,1/19600,True,False,False
4,2|3|5|7,4,0|2|1|1,2|5|3|3,2:1|3:2|5:1|7:0,True,True,1/8100,1/8100,True,False,False
4,2|3|5|7,4,0|2|1|2,2|5|3|5,2:1|3:1|5:2|7:0,True,True,1/22500,1/22500,True,False,False
4,2|3|5|7,4,0|2|1|3,2|5|3|7,2:1|3:1|5:1|7:1,True,True,1/44100,1/44100,True,False,False
4,2|3|5|7,4,0|2|2|1,2|5|5|3,2:1|3:1|5:2|7:0,True,True,1/22500,1/22500,True,False,False
4,2|3|5|7,4,0|2|2|2,2|5|5|5,2:1|3:0|5:3|7:0,True,True,1/62500,1/62500,True,False,False
4,2|3|5|7,4,0|2|2|3,2|5|5|7,2:1|3:0|5:2|7:1,True,True,1/122500,1/122500,True,False,False
4,2|3|5|7,4,0|2|3|1,2|5|7|3,2:1|3:1|5:1|7:1,True,True,1/44100,1/44100,True,False,False
4,2|3|5|7,4,0|2|3|2,2|5|7|5,2:1|3:0|5:2|7:1,True,True,1/122500,1/122500,True,False,False
4,2|3|5|7,4,0|2|3|3,2|5|7|7,2:1|3:0|5:1|7:2,True,True,1/240100,1/240100,True,False,False
4,2|3|5|7,4,0|3|1|1,2|7|3|3,2:1|3:2|5:0|7:1,True,True,1/15876,1/15876,True,False,False
4,2|3|5|7,4,0|3|1|2,2|7|3|5,2:1|3:1|5:1|7:1,True,True,1/44100,1/44100,True,False,False
4,2|3|5|7,4,0|3|1|3,2|7|3|7,2:1|3:1|5:0|7:2,True,True,1/86436,1/86436,True,False,False
4,2|3|5|7,4,0|3|2|1,2|7|5|3,2:1|3:1|5:1|7:1,True,True,1/44100,1/44100,True,False,False
4,2|3|5|7,4,0|3|2|2,2|7|5|5,2:1|3:0|5:2|7:1,True,True,1/122500,1/122500,True,False,False
4,2|3|5|7,4,0|3|2|3,2|7|5|7,2:1|3:0|5:1|7:2,True,True,1/240100,1/240100,True,False,False
4,2|3|5|7,4,0|3|3|1,2|7|7|3,2:1|3:1|5:0|7:2,True,True,1/86436,1/86436,True,False,False
4,2|3|5|7,4,0|3|3|2,2|7|7|5,2:1|3:0|5:1|7:2,True,True,1/240100,1/240100,True,False,False
4,2|3|5|7,4,0|3|3|3,2|7|7|7,2:1|3:0|5:0|7:3,True,True,1/470596,1/470596,True,False,False
4,2|3|5|7,4,1|1|1|2,3|3|3|5,2:0|3:3|5:1|7:0,True,True,1/18225,1/18225,True,False,False
4,2|3|5|7,4,1|1|1|3,3|3|3|7,2:0|3:3|5:0|7:1,True,True,1/35721,1/35721,True,False,False
4,2|3|5|7,4,1|1|2|2,3|3|5|5,2:0|3:2|5:2|7:0,True,True,1/50625,1/50625,True,False,False
4,2|3|5|7,4,1|1|2|3,3|3|5|7,2:0|3:2|5:1|7:1,True,True,1/99225,1/99225,True,False,False
4,2|3|5|7,4,1|1|3|2,3|3|7|5,2:0|3:2|5:1|7:1,True,True,1/99225,1/99225,True,False,False
4,2|3|5|7,4,1|1|3|3,3|3|7|7,2:0|3:2|5:0|7:2,True,True,1/194481,1/194481,True,False,False
4,2|3|5|7,4,1|2|1|3,3|5|3|7,2:0|3:2|5:1|7:1,True,True,1/99225,1/99225,True,False,False
4,2|3|5|7,4,1|2|2|2,3|5|5|5,2:0|3:1|5:3|7:0,True,True,1/140625,1/140625,True,False,False
4,2|3|5|7,4,1|2|2|3,3|5|5|7,2:0|3:1|5:2|7:1,True,True,1/275625,1/275625,True,False,False
4,2|3|5|7,4,1|2|3|2,3|5|7|5,2:0|3:1|5:2|7:1,True,True,1/275625,1/275625,True,False,False
4,2|3|5|7,4,1|2|3|3,3|5|7|7,2:0|3:1|5:1|7:2,True,True,1/540225,1/540225,True,False,False
4,2|3|5|7,4,1|3|2|2,3|7|5|5,2:0|3:1|5:2|7:1,True,True,1/275625,1/275625,True,False,False
4,2|3|5|7,4,1|3|2|3,3|7|5|7,2:0|3:1|5:1|7:2,True,True,1/540225,1/540225,True,False,False
4,2|3|5|7,4,1|3|3|2,3|7|7|5,2:0|3:1|5:1|7:2,True,True,1/540225,1/540225,True,False,False
4,2|3|5|7,4,1|3|3|3,3|7|7|7,2:0|3:1|5:0|7:3,True,True,1/1058841,1/1058841,True,False,False
4,2|3|5|7,4,2|2|2|3,5|5|5|7,2:0|3:0|5:3|7:1,True,True,1/765625,1/765625,True,False,False
4,2|3|5|7,4,2|2|3|3,5|5|7|7,2:0|3:0|5:2|7:2,True,True,1/1500625,1/1500625,True,False,False
4,2|3|5|7,4,2|3|3|3,5|7|7|7,2:0|3:0|5:1|7:3,True,True,1/2941225,1/2941225,True,False,False
4,2|3|5|7,5,0|0|0|0|1,2|2|2|2|3,2:4|3:1|5:0|7:0,True,True,1/2304,1/2304,True,False,False
4,2|3|5|7,5,0|0|0|0|2,2|2|2|2|5,2:4|3:0|5:1|7:0,True,True,1/6400,1/6400,True,False,False
4,2|3|5|7,5,0|0|0|0|3,2|2|2|2|7,2:4|3:0|5:0|7:1,True,True,1/12544,1/12544,True,False,False
4,2|3|5|7,5,0|0|0|1|1,2|2|2|3|3,2:3|3:2|5:0|7:0,True,True,1/5184,1/5184,True,False,False
4,2|3|5|7,5,0|0|0|1|2,2|2|2|3|5,2:3|3:1|5:1|7:0,True,True,1/14400,1/14400,True,False,False
4,2|3|5|7,5,0|0|0|1|3,2|2|2|3|7,2:3|3:1|5:0|7:1,True,True,1/28224,1/28224,True,False,False
4,2|3|5|7,5,0|0|0|2|1,2|2|2|5|3,2:3|3:1|5:1|7:0,True,True,1/14400,1/14400,True,False,False
4,2|3|5|7,5,0|0|0|2|2,2|2|2|5|5,2:3|3:0|5:2|7:0,True,True,1/40000,1/40000,True,False,False
4,2|3|5|7,5,0|0|0|2|3,2|2|2|5|7,2:3|3:0|5:1|7:1,True,True,1/78400,1/78400,True,False,False
4,2|3|5|7,5,0|0|0|3|1,2|2|2|7|3,2:3|3:1|5:0|7:1,True,True,1/28224,1/28224,True,False,False
4,2|3|5|7,5,0|0|0|3|2,2|2|2|7|5,2:3|3:0|5:1|7:1,True,True,1/78400,1/78400,True,False,False
4,2|3|5|7,5,0|0|0|3|3,2|2|2|7|7,2:3|3:0|5:0|7:2,True,True,1/153664,1/153664,True,False,False
4,2|3|5|7,5,0|0|1|0|1,2|2|3|2|3,2:3|3:2|5:0|7:0,True,True,1/5184,1/5184,True,False,False
4,2|3|5|7,5,0|0|1|0|2,2|2|3|2|5,2:3|3:1|5:1|7:0,True,True,1/14400,1/14400,True,False,False
4,2|3|5|7,5,0|0|1|0|3,2|2|3|2|7,2:3|3:1|5:0|7:1,True,True,1/28224,1/28224,True,False,False
4,2|3|5|7,5,0|0|1|1|1,2|2|3|3|3,2:2|3:3|5:0|7:0,True,True,1/11664,1/11664,True,False,False
4,2|3|5|7,5,0|0|1|1|2,2|2|3|3|5,2:2|3:2|5:1|7:0,True,True,1/32400,1/32400,True,False,False
4,2|3|5|7,5,0|0|1|1|3,2|2|3|3|7,2:2|3:2|5:0|7:1,True,True,1/63504,1/63504,True,False,False
4,2|3|5|7,5,0|0|1|2|1,2|2|3|5|3,2:2|3:2|5:1|7:0,True,True,1/32400,1/32400,True,False,False
4,2|3|5|7,5,0|0|1|2|2,2|2|3|5|5,2:2|3:1|5:2|7:0,True,True,1/90000,1/90000,True,False,False
4,2|3|5|7,5,0|0|1|2|3,2|2|3|5|7,2:2|3:1|5:1|7:1,True,True,1/176400,1/176400,True,False,False
4,2|3|5|7,5,0|0|1|3|1,2|2|3|7|3,2:2|3:2|5:0|7:1,True,True,1/63504,1/63504,True,False,False
4,2|3|5|7,5,0|0|1|3|2,2|2|3|7|5,2:2|3:1|5:1|7:1,True,True,1/176400,1/176400,True,False,False
4,2|3|5|7,5,0|0|1|3|3,2|2|3|7|7,2:2|3:1|5:0|7:2,True,True,1/345744,1/345744,True,False,False
4,2|3|5|7,5,0|0|2|0|1,2|2|5|2|3,2:3|3:1|5:1|7:0,True,True,1/14400,1/14400,True,False,False
4,2|3|5|7,5,0|0|2|0|2,2|2|5|2|5,2:3|3:0|5:2|7:0,True,True,1/40000,1/40000,True,False,False
4,2|3|5|7,5,0|0|2|0|3,2|2|5|2|7,2:3|3:0|5:1|7:1,True,True,1/78400,1/78400,True,False,False
4,2|3|5|7,5,0|0|2|1|1,2|2|5|3|3,2:2|3:2|5:1|7:0,True,True,1/32400,1/32400,True,False,False
4,2|3|5|7,5,0|0|2|1|2,2|2|5|3|5,2:2|3:1|5:2|7:0,True,True,1/90000,1/90000,True,False,False
4,2|3|5|7,5,0|0|2|1|3,2|2|5|3|7,2:2|3:1|5:1|7:1,True,True,1/176400,1/176400,True,False,False
4,2|3|5|7,5,0|0|2|2|1,2|2|5|5|3,2:2|3:1|5:2|7:0,True,True,1/90000,1/90000,True,False,False
4,2|3|5|7,5,0|0|2|2|2,2|2|5|5|5,2:2|3:0|5:3|7:0,True,True,1/250000,1/250000,True,False,False
4,2|3|5|7,5,0|0|2|2|3,2|2|5|5|7,2:2|3:0|5:2|7:1,True,True,1/490000,1/490000,True,False,False
4,2|3|5|7,5,0|0|2|3|1,2|2|5|7|3,2:2|3:1|5:1|7:1,True,True,1/176400,1/176400,True,False,False
4,2|3|5|7,5,0|0|2|3|2,2|2|5|7|5,2:2|3:0|5:2|7:1,True,True,1/490000,1/490000,True,False,False
4,2|3|5|7,5,0|0|2|3|3,2|2|5|7|7,2:2|3:0|5:1|7:2,True,True,1/960400,1/960400,True,False,False
4,2|3|5|7,5,0|0|3|0|1,2|2|7|2|3,2:3|3:1|5:0|7:1,True,True,1/28224,1/28224,True,False,False
4,2|3|5|7,5,0|0|3|0|2,2|2|7|2|5,2:3|3:0|5:1|7:1,True,True,1/78400,1/78400,True,False,False
4,2|3|5|7,5,0|0|3|0|3,2|2|7|2|7,2:3|3:0|5:0|7:2,True,True,1/153664,1/153664,True,False,False
4,2|3|5|7,5,0|0|3|1|1,2|2|7|3|3,2:2|3:2|5:0|7:1,True,True,1/63504,1/63504,True,False,False
4,2|3|5|7,5,0|0|3|1|2,2|2|7|3|5,2:2|3:1|5:1|7:1,True,True,1/176400,1/176400,True,False,False
4,2|3|5|7,5,0|0|3|1|3,2|2|7|3|7,2:2|3:1|5:0|7:2,True,True,1/345744,1/345744,True,False,False
4,2|3|5|7,5,0|0|3|2|1,2|2|7|5|3,2:2|3:1|5:1|7:1,True,True,1/176400,1/176400,True,False,False
4,2|3|5|7,5,0|0|3|2|2,2|2|7|5|5,2:2|3:0|5:2|7:1,True,True,1/490000,1/490000,True,False,False
4,2|3|5|7,5,0|0|3|2|3,2|2|7|5|7,2:2|3:0|5:1|7:2,True,True,1/960400,1/960400,True,False,False
4,2|3|5|7,5,0|0|3|3|1,2|2|7|7|3,2:2|3:1|5:0|7:2,True,True,1/345744,1/345744,True,False,False
4,2|3|5|7,5,0|0|3|3|2,2|2|7|7|5,2:2|3:0|5:1|7:2,True,True,1/960400,1/960400,True,False,False
4,2|3|5|7,5,0|0|3|3|3,2|2|7|7|7,2:2|3:0|5:0|7:3,True,True,1/1882384,1/1882384,True,False,False
4,2|3|5|7,5,0|1|0|1|1,2|3|2|3|3,2:2|3:3|5:0|7:0,True,True,1/11664,1/11664,True,False,False
4,2|3|5|7,5,0|1|0|1|2,2|3|2|3|5,2:2|3:2|5:1|7:0,True,True,1/32400,1/32400,True,False,False
4,2|3|5|7,5,0|1|0|1|3,2|3|2|3|7,2:2|3:2|5:0|7:1,True,True,1/63504,1/63504,True,False,False
4,2|3|5|7,5,0|1|0|2|1,2|3|2|5|3,2:2|3:2|5:1|7:0,True,True,1/32400,1/32400,True,False,False
4,2|3|5|7,5,0|1|0|2|2,2|3|2|5|5,2:2|3:1|5:2|7:0,True,True,1/90000,1/90000,True,False,False
4,2|3|5|7,5,0|1|0|2|3,2|3|2|5|7,2:2|3:1|5:1|7:1,True,True,1/176400,1/176400,True,False,False
4,2|3|5|7,5,0|1|0|3|1,2|3|2|7|3,2:2|3:2|5:0|7:1,True,True,1/63504,1/63504,True,False,False
4,2|3|5|7,5,0|1|0|3|2,2|3|2|7|5,2:2|3:1|5:1|7:1,True,True,1/176400,1/176400,True,False,False
4,2|3|5|7,5,0|1|0|3|3,2|3|2|7|7,2:2|3:1|5:0|7:2,True,True,1/345744,1/345744,True,False,False
4,2|3|5|7,5,0|1|1|0|2,2|3|3|2|5,2:2|3:2|5:1|7:0,True,True,1/32400,1/32400,True,False,False
4,2|3|5|7,5,0|1|1|0|3,2|3|3|2|7,2:2|3:2|5:0|7:1,True,True,1/63504,1/63504,True,False,False
4,2|3|5|7,5,0|1|1|1|1,2|3|3|3|3,2:1|3:4|5:0|7:0,True,True,1/26244,1/26244,True,False,False
4,2|3|5|7,5,0|1|1|1|2,2|3|3|3|5,2:1|3:3|5:1|7:0,True,True,1/72900,1/72900,True,False,False
4,2|3|5|7,5,0|1|1|1|3,2|3|3|3|7,2:1|3:3|5:0|7:1,True,True,1/142884,1/142884,True,False,False
4,2|3|5|7,5,0|1|1|2|1,2|3|3|5|3,2:1|3:3|5:1|7:0,True,True,1/72900,1/72900,True,False,False
4,2|3|5|7,5,0|1|1|2|2,2|3|3|5|5,2:1|3:2|5:2|7:0,True,True,1/202500,1/202500,True,False,False
4,2|3|5|7,5,0|1|1|2|3,2|3|3|5|7,2:1|3:2|5:1|7:1,True,True,1/396900,1/396900,True,False,False
4,2|3|5|7,5,0|1|1|3|1,2|3|3|7|3,2:1|3:3|5:0|7:1,True,True,1/142884,1/142884,True,False,False
4,2|3|5|7,5,0|1|1|3|2,2|3|3|7|5,2:1|3:2|5:1|7:1,True,True,1/396900,1/396900,True,False,False
4,2|3|5|7,5,0|1|1|3|3,2|3|3|7|7,2:1|3:2|5:0|7:2,True,True,1/777924,1/777924,True,False,False
4,2|3|5|7,5,0|1|2|0|2,2|3|5|2|5,2:2|3:1|5:2|7:0,True,True,1/90000,1/90000,True,False,False
4,2|3|5|7,5,0|1|2|0|3,2|3|5|2|7,2:2|3:1|5:1|7:1,True,True,1/176400,1/176400,True,False,False
4,2|3|5|7,5,0|1|2|1|1,2|3|5|3|3,2:1|3:3|5:1|7:0,True,True,1/72900,1/72900,True,False,False
4,2|3|5|7,5,0|1|2|1|2,2|3|5|3|5,2:1|3:2|5:2|7:0,True,True,1/202500,1/202500,True,False,False
4,2|3|5|7,5,0|1|2|1|3,2|3|5|3|7,2:1|3:2|5:1|7:1,True,True,1/396900,1/396900,True,False,False
4,2|3|5|7,5,0|1|2|2|1,2|3|5|5|3,2:1|3:2|5:2|7:0,True,True,1/202500,1/202500,True,False,False
4,2|3|5|7,5,0|1|2|2|2,2|3|5|5|5,2:1|3:1|5:3|7:0,True,True,1/562500,1/562500,True,False,False
4,2|3|5|7,5,0|1|2|2|3,2|3|5|5|7,2:1|3:1|5:2|7:1,True,True,1/1102500,1/1102500,True,False,False
4,2|3|5|7,5,0|1|2|3|1,2|3|5|7|3,2:1|3:2|5:1|7:1,True,True,1/396900,1/396900,True,False,False
4,2|3|5|7,5,0|1|2|3|2,2|3|5|7|5,2:1|3:1|5:2|7:1,True,True,1/1102500,1/1102500,True,False,False
4,2|3|5|7,5,0|1|2|3|3,2|3|5|7|7,2:1|3:1|5:1|7:2,True,True,1/2160900,1/2160900,True,False,False
4,2|3|5|7,5,0|1|3|0|2,2|3|7|2|5,2:2|3:1|5:1|7:1,True,True,1/176400,1/176400,True,False,False
4,2|3|5|7,5,0|1|3|0|3,2|3|7|2|7,2:2|3:1|5:0|7:2,True,True,1/345744,1/345744,True,False,False
4,2|3|5|7,5,0|1|3|1|1,2|3|7|3|3,2:1|3:3|5:0|7:1,True,True,1/142884,1/142884,True,False,False
4,2|3|5|7,5,0|1|3|1|2,2|3|7|3|5,2:1|3:2|5:1|7:1,True,True,1/396900,1/396900,True,False,False
4,2|3|5|7,5,0|1|3|1|3,2|3|7|3|7,2:1|3:2|5:0|7:2,True,True,1/777924,1/777924,True,False,False
4,2|3|5|7,5,0|1|3|2|1,2|3|7|5|3,2:1|3:2|5:1|7:1,True,True,1/396900,1/396900,True,False,False
4,2|3|5|7,5,0|1|3|2|2,2|3|7|5|5,2:1|3:1|5:2|7:1,True,True,1/1102500,1/1102500,True,False,False
4,2|3|5|7,5,0|1|3|2|3,2|3|7|5|7,2:1|3:1|5:1|7:2,True,True,1/2160900,1/2160900,True,False,False
4,2|3|5|7,5,0|1|3|3|1,2|3|7|7|3,2:1|3:2|5:0|7:2,True,True,1/777924,1/777924,True,False,False
4,2|3|5|7,5,0|1|3|3|2,2|3|7|7|5,2:1|3:1|5:1|7:2,True,True,1/2160900,1/2160900,True,False,False
4,2|3|5|7,5,0|1|3|3|3,2|3|7|7|7,2:1|3:1|5:0|7:3,True,True,1/4235364,1/4235364,True,False,False
4,2|3|5|7,5,0|2|0|2|1,2|5|2|5|3,2:2|3:1|5:2|7:0,True,True,1/90000,1/90000,True,False,False
4,2|3|5|7,5,0|2|0|2|2,2|5|2|5|5,2:2|3:0|5:3|7:0,True,True,1/250000,1/250000,True,False,False
4,2|3|5|7,5,0|2|0|2|3,2|5|2|5|7,2:2|3:0|5:2|7:1,True,True,1/490000,1/490000,True,False,False
4,2|3|5|7,5,0|2|0|3|1,2|5|2|7|3,2:2|3:1|5:1|7:1,True,True,1/176400,1/176400,True,False,False
4,2|3|5|7,5,0|2|0|3|2,2|5|2|7|5,2:2|3:0|5:2|7:1,True,True,1/490000,1/490000,True,False,False
4,2|3|5|7,5,0|2|0|3|3,2|5|2|7|7,2:2|3:0|5:1|7:2,True,True,1/960400,1/960400,True,False,False
4,2|3|5|7,5,0|2|1|0|3,2|5|3|2|7,2:2|3:1|5:1|7:1,True,True,1/176400,1/176400,True,False,False
4,2|3|5|7,5,0|2|1|1|1,2|5|3|3|3,2:1|3:3|5:1|7:0,True,True,1/72900,1/72900,True,False,False
4,2|3|5|7,5,0|2|1|1|2,2|5|3|3|5,2:1|3:2|5:2|7:0,True,True,1/202500,1/202500,True,False,False
4,2|3|5|7,5,0|2|1|1|3,2|5|3|3|7,2:1|3:2|5:1|7:1,True,True,1/396900,1/396900,True,False,False
4,2|3|5|7,5,0|2|1|2|1,2|5|3|5|3,2:1|3:2|5:2|7:0,True,True,1/202500,1/202500,True,False,False
4,2|3|5|7,5,0|2|1|2|2,2|5|3|5|5,2:1|3:1|5:3|7:0,True,True,1/562500,1/562500,True,False,False
4,2|3|5|7,5,0|2|1|2|3,2|5|3|5|7,2:1|3:1|5:2|7:1,True,True,1/1102500,1/1102500,True,False,False
4,2|3|5|7,5,0|2|1|3|1,2|5|3|7|3,2:1|3:2|5:1|7:1,True,True,1/396900,1/396900,True,False,False
4,2|3|5|7,5,0|2|1|3|2,2|5|3|7|5,2:1|3:1|5:2|7:1,True,True,1/1102500,1/1102500,True,False,False
4,2|3|5|7,5,0|2|1|3|3,2|5|3|7|7,2:1|3:1|5:1|7:2,True,True,1/2160900,1/2160900,True,False,False
4,2|3|5|7,5,0|2|2|0|3,2|5|5|2|7,2:2|3:0|5:2|7:1,True,True,1/490000,1/490000,True,False,False
4,2|3|5|7,5,0|2|2|1|1,2|5|5|3|3,2:1|3:2|5:2|7:0,True,True,1/202500,1/202500,True,False,False
4,2|3|5|7,5,0|2|2|1|2,2|5|5|3|5,2:1|3:1|5:3|7:0,True,True,1/562500,1/562500,True,False,False
4,2|3|5|7,5,0|2|2|1|3,2|5|5|3|7,2:1|3:1|5:2|7:1,True,True,1/1102500,1/1102500,True,False,False
4,2|3|5|7,5,0|2|2|2|1,2|5|5|5|3,2:1|3:1|5:3|7:0,True,True,1/562500,1/562500,True,False,False
4,2|3|5|7,5,0|2|2|2|2,2|5|5|5|5,2:1|3:0|5:4|7:0,True,True,1/1562500,1/1562500,True,False,False
4,2|3|5|7,5,0|2|2|2|3,2|5|5|5|7,2:1|3:0|5:3|7:1,True,True,1/3062500,1/3062500,True,False,False
4,2|3|5|7,5,0|2|2|3|1,2|5|5|7|3,2:1|3:1|5:2|7:1,True,True,1/1102500,1/1102500,True,False,False
4,2|3|5|7,5,0|2|2|3|2,2|5|5|7|5,2:1|3:0|5:3|7:1,True,True,1/3062500,1/3062500,True,False,False
4,2|3|5|7,5,0|2|2|3|3,2|5|5|7|7,2:1|3:0|5:2|7:2,True,True,1/6002500,1/6002500,True,False,False
4,2|3|5|7,5,0|2|3|0|3,2|5|7|2|7,2:2|3:0|5:1|7:2,True,True,1/960400,1/960400,True,False,False
4,2|3|5|7,5,0|2|3|1|1,2|5|7|3|3,2:1|3:2|5:1|7:1,True,True,1/396900,1/396900,True,False,False
4,2|3|5|7,5,0|2|3|1|2,2|5|7|3|5,2:1|3:1|5:2|7:1,True,True,1/1102500,1/1102500,True,False,False
4,2|3|5|7,5,0|2|3|1|3,2|5|7|3|7,2:1|3:1|5:1|7:2,True,True,1/2160900,1/2160900,True,False,False
4,2|3|5|7,5,0|2|3|2|1,2|5|7|5|3,2:1|3:1|5:2|7:1,True,True,1/1102500,1/1102500,True,False,False
4,2|3|5|7,5,0|2|3|2|2,2|5|7|5|5,2:1|3:0|5:3|7:1,True,True,1/3062500,1/3062500,True,False,False
4,2|3|5|7,5,0|2|3|2|3,2|5|7|5|7,2:1|3:0|5:2|7:2,True,True,1/6002500,1/6002500,True,False,False
4,2|3|5|7,5,0|2|3|3|1,2|5|7|7|3,2:1|3:1|5:1|7:2,True,True,1/2160900,1/2160900,True,False,False
4,2|3|5|7,5,0|2|3|3|2,2|5|7|7|5,2:1|3:0|5:2|7:2,True,True,1/6002500,1/6002500,True,False,False
4,2|3|5|7,5,0|2|3|3|3,2|5|7|7|7,2:1|3:0|5:1|7:3,True,True,1/11764900,1/11764900,True,False,False
4,2|3|5|7,5,0|3|0|3|1,2|7|2|7|3,2:2|3:1|5:0|7:2,True,True,1/345744,1/345744,True,False,False
4,2|3|5|7,5,0|3|0|3|2,2|7|2|7|5,2:2|3:0|5:1|7:2,True,True,1/960400,1/960400,True,False,False
4,2|3|5|7,5,0|3|0|3|3,2|7|2|7|7,2:2|3:0|5:0|7:3,True,True,1/1882384,1/1882384,True,False,False
4,2|3|5|7,5,0|3|1|1|1,2|7|3|3|3,2:1|3:3|5:0|7:1,True,True,1/142884,1/142884,True,False,False
4,2|3|5|7,5,0|3|1|1|2,2|7|3|3|5,2:1|3:2|5:1|7:1,True,True,1/396900,1/396900,True,False,False
4,2|3|5|7,5,0|3|1|1|3,2|7|3|3|7,2:1|3:2|5:0|7:2,True,True,1/777924,1/777924,True,False,False
4,2|3|5|7,5,0|3|1|2|1,2|7|3|5|3,2:1|3:2|5:1|7:1,True,True,1/396900,1/396900,True,False,False
4,2|3|5|7,5,0|3|1|2|2,2|7|3|5|5,2:1|3:1|5:2|7:1,True,True,1/1102500,1/1102500,True,False,False
4,2|3|5|7,5,0|3|1|2|3,2|7|3|5|7,2:1|3:1|5:1|7:2,True,True,1/2160900,1/2160900,True,False,False
4,2|3|5|7,5,0|3|1|3|1,2|7|3|7|3,2:1|3:2|5:0|7:2,True,True,1/777924,1/777924,True,False,False
4,2|3|5|7,5,0|3|1|3|2,2|7|3|7|5,2:1|3:1|5:1|7:2,True,True,1/2160900,1/2160900,True,False,False
4,2|3|5|7,5,0|3|1|3|3,2|7|3|7|7,2:1|3:1|5:0|7:3,True,True,1/4235364,1/4235364,True,False,False
4,2|3|5|7,5,0|3|2|1|1,2|7|5|3|3,2:1|3:2|5:1|7:1,True,True,1/396900,1/396900,True,False,False
4,2|3|5|7,5,0|3|2|1|2,2|7|5|3|5,2:1|3:1|5:2|7:1,True,True,1/1102500,1/1102500,True,False,False
4,2|3|5|7,5,0|3|2|1|3,2|7|5|3|7,2:1|3:1|5:1|7:2,True,True,1/2160900,1/2160900,True,False,False
4,2|3|5|7,5,0|3|2|2|1,2|7|5|5|3,2:1|3:1|5:2|7:1,True,True,1/1102500,1/1102500,True,False,False
4,2|3|5|7,5,0|3|2|2|2,2|7|5|5|5,2:1|3:0|5:3|7:1,True,True,1/3062500,1/3062500,True,False,False
4,2|3|5|7,5,0|3|2|2|3,2|7|5|5|7,2:1|3:0|5:2|7:2,True,True,1/6002500,1/6002500,True,False,False
4,2|3|5|7,5,0|3|2|3|1,2|7|5|7|3,2:1|3:1|5:1|7:2,True,True,1/2160900,1/2160900,True,False,False
4,2|3|5|7,5,0|3|2|3|2,2|7|5|7|5,2:1|3:0|5:2|7:2,True,True,1/6002500,1/6002500,True,False,False
4,2|3|5|7,5,0|3|2|3|3,2|7|5|7|7,2:1|3:0|5:1|7:3,True,True,1/11764900,1/11764900,True,False,False
4,2|3|5|7,5,0|3|3|1|1,2|7|7|3|3,2:1|3:2|5:0|7:2,True,True,1/777924,1/777924,True,False,False
4,2|3|5|7,5,0|3|3|1|2,2|7|7|3|5,2:1|3:1|5:1|7:2,True,True,1/2160900,1/2160900,True,False,False
4,2|3|5|7,5,0|3|3|1|3,2|7|7|3|7,2:1|3:1|5:0|7:3,True,True,1/4235364,1/4235364,True,False,False
4,2|3|5|7,5,0|3|3|2|1,2|7|7|5|3,2:1|3:1|5:1|7:2,True,True,1/2160900,1/2160900,True,False,False
4,2|3|5|7,5,0|3|3|2|2,2|7|7|5|5,2:1|3:0|5:2|7:2,True,True,1/6002500,1/6002500,True,False,False
4,2|3|5|7,5,0|3|3|2|3,2|7|7|5|7,2:1|3:0|5:1|7:3,True,True,1/11764900,1/11764900,True,False,False
4,2|3|5|7,5,0|3|3|3|1,2|7|7|7|3,2:1|3:1|5:0|7:3,True,True,1/4235364,1/4235364,True,False,False
4,2|3|5|7,5,0|3|3|3|2,2|7|7|7|5,2:1|3:0|5:1|7:3,True,True,1/11764900,1/11764900,True,False,False
4,2|3|5|7,5,0|3|3|3|3,2|7|7|7|7,2:1|3:0|5:0|7:4,True,True,1/23059204,1/23059204,True,False,False
4,2|3|5|7,5,1|1|1|1|2,3|3|3|3|5,2:0|3:4|5:1|7:0,True,True,1/164025,1/164025,True,False,False
4,2|3|5|7,5,1|1|1|1|3,3|3|3|3|7,2:0|3:4|5:0|7:1,True,True,1/321489,1/321489,True,False,False
4,2|3|5|7,5,1|1|1|2|2,3|3|3|5|5,2:0|3:3|5:2|7:0,True,True,1/455625,1/455625,True,False,False
4,2|3|5|7,5,1|1|1|2|3,3|3|3|5|7,2:0|3:3|5:1|7:1,True,True,1/893025,1/893025,True,False,False
4,2|3|5|7,5,1|1|1|3|2,3|3|3|7|5,2:0|3:3|5:1|7:1,True,True,1/893025,1/893025,True,False,False
4,2|3|5|7,5,1|1|1|3|3,3|3|3|7|7,2:0|3:3|5:0|7:2,True,True,1/1750329,1/1750329,True,False,False
4,2|3|5|7,5,1|1|2|1|2,3|3|5|3|5,2:0|3:3|5:2|7:0,True,True,1/455625,1/455625,True,False,False
4,2|3|5|7,5,1|1|2|1|3,3|3|5|3|7,2:0|3:3|5:1|7:1,True,True,1/893025,1/893025,True,False,False
4,2|3|5|7,5,1|1|2|2|2,3|3|5|5|5,2:0|3:2|5:3|7:0,True,True,1/1265625,1/1265625,True,False,False
4,2|3|5|7,5,1|1|2|2|3,3|3|5|5|7,2:0|3:2|5:2|7:1,True,True,1/2480625,1/2480625,True,False,False
4,2|3|5|7,5,1|1|2|3|2,3|3|5|7|5,2:0|3:2|5:2|7:1,True,True,1/2480625,1/2480625,True,False,False
4,2|3|5|7,5,1|1|2|3|3,3|3|5|7|7,2:0|3:2|5:1|7:2,True,True,1/4862025,1/4862025,True,False,False
4,2|3|5|7,5,1|1|3|1|2,3|3|7|3|5,2:0|3:3|5:1|7:1,True,True,1/893025,1/893025,True,False,False
4,2|3|5|7,5,1|1|3|1|3,3|3|7|3|7,2:0|3:3|5:0|7:2,True,True,1/1750329,1/1750329,True,False,False
4,2|3|5|7,5,1|1|3|2|2,3|3|7|5|5,2:0|3:2|5:2|7:1,True,True,1/2480625,1/2480625,True,False,False
4,2|3|5|7,5,1|1|3|2|3,3|3|7|5|7,2:0|3:2|5:1|7:2,True,True,1/4862025,1/4862025,True,False,False
4,2|3|5|7,5,1|1|3|3|2,3|3|7|7|5,2:0|3:2|5:1|7:2,True,True,1/4862025,1/4862025,True,False,False
4,2|3|5|7,5,1|1|3|3|3,3|3|7|7|7,2:0|3:2|5:0|7:3,True,True,1/9529569,1/9529569,True,False,False
4,2|3|5|7,5,1|2|1|2|2,3|5|3|5|5,2:0|3:2|5:3|7:0,True,True,1/1265625,1/1265625,True,False,False
4,2|3|5|7,5,1|2|1|2|3,3|5|3|5|7,2:0|3:2|5:2|7:1,True,True,1/2480625,1/2480625,True,False,False
4,2|3|5|7,5,1|2|1|3|2,3|5|3|7|5,2:0|3:2|5:2|7:1,True,True,1/2480625,1/2480625,True,False,False
4,2|3|5|7,5,1|2|1|3|3,3|5|3|7|7,2:0|3:2|5:1|7:2,True,True,1/4862025,1/4862025,True,False,False
4,2|3|5|7,5,1|2|2|1|3,3|5|5|3|7,2:0|3:2|5:2|7:1,True,True,1/2480625,1/2480625,True,False,False
4,2|3|5|7,5,1|2|2|2|2,3|5|5|5|5,2:0|3:1|5:4|7:0,True,True,1/3515625,1/3515625,True,False,False
4,2|3|5|7,5,1|2|2|2|3,3|5|5|5|7,2:0|3:1|5:3|7:1,True,True,1/6890625,1/6890625,True,False,False
4,2|3|5|7,5,1|2|2|3|2,3|5|5|7|5,2:0|3:1|5:3|7:1,True,True,1/6890625,1/6890625,True,False,False
4,2|3|5|7,5,1|2|2|3|3,3|5|5|7|7,2:0|3:1|5:2|7:2,True,True,1/13505625,1/13505625,True,False,False
4,2|3|5|7,5,1|2|3|1|3,3|5|7|3|7,2:0|3:2|5:1|7:2,True,True,1/4862025,1/4862025,True,False,False
4,2|3|5|7,5,1|2|3|2|2,3|5|7|5|5,2:0|3:1|5:3|7:1,True,True,1/6890625,1/6890625,True,False,False
4,2|3|5|7,5,1|2|3|2|3,3|5|7|5|7,2:0|3:1|5:2|7:2,True,True,1/13505625,1/13505625,True,False,False
4,2|3|5|7,5,1|2|3|3|2,3|5|7|7|5,2:0|3:1|5:2|7:2,True,True,1/13505625,1/13505625,True,False,False
4,2|3|5|7,5,1|2|3|3|3,3|5|7|7|7,2:0|3:1|5:1|7:3,True,True,1/26471025,1/26471025,True,False,False
4,2|3|5|7,5,1|3|1|3|2,3|7|3|7|5,2:0|3:2|5:1|7:2,True,True,1/4862025,1/4862025,True,False,False
4,2|3|5|7,5,1|3|1|3|3,3|7|3|7|7,2:0|3:2|5:0|7:3,True,True,1/9529569,1/9529569,True,False,False
4,2|3|5|7,5,1|3|2|2|2,3|7|5|5|5,2:0|3:1|5:3|7:1,True,True,1/6890625,1/6890625,True,False,False
4,2|3|5|7,5,1|3|2|2|3,3|7|5|5|7,2:0|3:1|5:2|7:2,True,True,1/13505625,1/13505625,True,False,False
4,2|3|5|7,5,1|3|2|3|2,3|7|5|7|5,2:0|3:1|5:2|7:2,True,True,1/13505625,1/13505625,True,False,False
4,2|3|5|7,5,1|3|2|3|3,3|7|5|7|7,2:0|3:1|5:1|7:3,True,True,1/26471025,1/26471025,True,False,False
4,2|3|5|7,5,1|3|3|2|2,3|7|7|5|5,2:0|3:1|5:2|7:2,True,True,1/13505625,1/13505625,True,False,False
4,2|3|5|7,5,1|3|3|2|3,3|7|7|5|7,2:0|3:1|5:1|7:3,True,True,1/26471025,1/26471025,True,False,False
4,2|3|5|7,5,1|3|3|3|2,3|7|7|7|5,2:0|3:1|5:1|7:3,True,True,1/26471025,1/26471025,True,False,False
4,2|3|5|7,5,1|3|3|3|3,3|7|7|7|7,2:0|3:1|5:0|7:4,True,True,1/51883209,1/51883209,True,False,False
4,2|3|5|7,5,2|2|2|2|3,5|5|5|5|7,2:0|3:0|5:4|7:1,True,True,1/19140625,1/19140625,True,False,False
4,2|3|5|7,5,2|2|2|3|3,5|5|5|7|7,2:0|3:0|5:3|7:2,True,True,1/37515625,1/37515625,True,False,False
4,2|3|5|7,5,2|2|3|2|3,5|5|7|5|7,2:0|3:0|5:3|7:2,True,True,1/37515625,1/37515625,True,False,False
4,2|3|5|7,5,2|2|3|3|3,5|5|7|7|7,2:0|3:0|5:2|7:3,True,True,1/73530625,1/73530625,True,False,False
4,2|3|5|7,5,2|3|2|3|3,5|7|5|7|7,2:0|3:0|5:2|7:3,True,True,1/73530625,1/73530625,True,False,False
4,2|3|5|7,5,2|3|3|3|3,5|7|7|7|7,2:0|3:0|5:1|7:4,True,True,1/144120025,1/144120025,True,False,False
4,2|3|5|7,6,0|0|0|0|0|1,2|2|2|2|2|3,2:5|3:1|5:0|7:0,True,True,1/9216,1/9216,True,False,False
4,2|3|5|7,6,0|0|0|0|0|2,2|2|2|2|2|5,2:5|3:0|5:1|7:0,True,True,1/25600,1/25600,True,False,False
4,2|3|5|7,6,0|0|0|0|0|3,2|2|2|2|2|7,2:5|3:0|5:0|7:1,True,True,1/50176,1/50176,True,False,False
4,2|3|5|7,6,0|0|0|0|1|1,2|2|2|2|3|3,2:4|3:2|5:0|7:0,True,True,1/20736,1/20736,True,False,False
4,2|3|5|7,6,0|0|0|0|1|2,2|2|2|2|3|5,2:4|3:1|5:1|7:0,True,True,1/57600,1/57600,True,False,False
4,2|3|5|7,6,0|0|0|0|1|3,2|2|2|2|3|7,2:4|3:1|5:0|7:1,True,True,1/112896,1/112896,True,False,False
4,2|3|5|7,6,0|0|0|0|2|1,2|2|2|2|5|3,2:4|3:1|5:1|7:0,True,True,1/57600,1/57600,True,False,False
4,2|3|5|7,6,0|0|0|0|2|2,2|2|2|2|5|5,2:4|3:0|5:2|7:0,True,True,1/160000,1/160000,True,False,False
4,2|3|5|7,6,0|0|0|0|2|3,2|2|2|2|5|7,2:4|3:0|5:1|7:1,True,True,1/313600,1/313600,True,False,False
4,2|3|5|7,6,0|0|0|0|3|1,2|2|2|2|7|3,2:4|3:1|5:0|7:1,True,True,1/112896,1/112896,True,False,False
4,2|3|5|7,6,0|0|0|0|3|2,2|2|2|2|7|5,2:4|3:0|5:1|7:1,True,True,1/313600,1/313600,True,False,False
4,2|3|5|7,6,0|0|0|0|3|3,2|2|2|2|7|7,2:4|3:0|5:0|7:2,True,True,1/614656,1/614656,True,False,False
4,2|3|5|7,6,0|0|0|1|0|1,2|2|2|3|2|3,2:4|3:2|5:0|7:0,True,True,1/20736,1/20736,True,False,False
4,2|3|5|7,6,0|0|0|1|0|2,2|2|2|3|2|5,2:4|3:1|5:1|7:0,True,True,1/57600,1/57600,True,False,False
4,2|3|5|7,6,0|0|0|1|0|3,2|2|2|3|2|7,2:4|3:1|5:0|7:1,True,True,1/112896,1/112896,True,False,False
4,2|3|5|7,6,0|0|0|1|1|1,2|2|2|3|3|3,2:3|3:3|5:0|7:0,True,True,1/46656,1/46656,True,False,False
4,2|3|5|7,6,0|0|0|1|1|2,2|2|2|3|3|5,2:3|3:2|5:1|7:0,True,True,1/129600,1/129600,True,False,False
4,2|3|5|7,6,0|0|0|1|1|3,2|2|2|3|3|7,2:3|3:2|5:0|7:1,True,True,1/254016,1/254016,True,False,False
4,2|3|5|7,6,0|0|0|1|2|1,2|2|2|3|5|3,2:3|3:2|5:1|7:0,True,True,1/129600,1/129600,True,False,False
4,2|3|5|7,6,0|0|0|1|2|2,2|2|2|3|5|5,2:3|3:1|5:2|7:0,True,True,1/360000,1/360000,True,False,False
4,2|3|5|7,6,0|0|0|1|2|3,2|2|2|3|5|7,2:3|3:1|5:1|7:1,True,True,1/705600,1/705600,True,False,False
4,2|3|5|7,6,0|0|0|1|3|1,2|2|2|3|7|3,2:3|3:2|5:0|7:1,True,True,1/254016,1/254016,True,False,False
4,2|3|5|7,6,0|0|0|1|3|2,2|2|2|3|7|5,2:3|3:1|5:1|7:1,True,True,1/705600,1/705600,True,False,False
4,2|3|5|7,6,0|0|0|1|3|3,2|2|2|3|7|7,2:3|3:1|5:0|7:2,True,True,1/1382976,1/1382976,True,False,False
4,2|3|5|7,6,0|0|0|2|0|1,2|2|2|5|2|3,2:4|3:1|5:1|7:0,True,True,1/57600,1/57600,True,False,False
4,2|3|5|7,6,0|0|0|2|0|2,2|2|2|5|2|5,2:4|3:0|5:2|7:0,True,True,1/160000,1/160000,True,False,False
4,2|3|5|7,6,0|0|0|2|0|3,2|2|2|5|2|7,2:4|3:0|5:1|7:1,True,True,1/313600,1/313600,True,False,False
4,2|3|5|7,6,0|0|0|2|1|1,2|2|2|5|3|3,2:3|3:2|5:1|7:0,True,True,1/129600,1/129600,True,False,False
4,2|3|5|7,6,0|0|0|2|1|2,2|2|2|5|3|5,2:3|3:1|5:2|7:0,True,True,1/360000,1/360000,True,False,False
4,2|3|5|7,6,0|0|0|2|1|3,2|2|2|5|3|7,2:3|3:1|5:1|7:1,True,True,1/705600,1/705600,True,False,False
4,2|3|5|7,6,0|0|0|2|2|1,2|2|2|5|5|3,2:3|3:1|5:2|7:0,True,True,1/360000,1/360000,True,False,False
4,2|3|5|7,6,0|0|0|2|2|2,2|2|2|5|5|5,2:3|3:0|5:3|7:0,True,True,1/1000000,1/1000000,True,False,False
4,2|3|5|7,6,0|0|0|2|2|3,2|2|2|5|5|7,2:3|3:0|5:2|7:1,True,True,1/1960000,1/1960000,True,False,False
4,2|3|5|7,6,0|0|0|2|3|1,2|2|2|5|7|3,2:3|3:1|5:1|7:1,True,True,1/705600,1/705600,True,False,False
4,2|3|5|7,6,0|0|0|2|3|2,2|2|2|5|7|5,2:3|3:0|5:2|7:1,True,True,1/1960000,1/1960000,True,False,False
4,2|3|5|7,6,0|0|0|2|3|3,2|2|2|5|7|7,2:3|3:0|5:1|7:2,True,True,1/3841600,1/3841600,True,False,False
4,2|3|5|7,6,0|0|0|3|0|1,2|2|2|7|2|3,2:4|3:1|5:0|7:1,True,True,1/112896,1/112896,True,False,False
4,2|3|5|7,6,0|0|0|3|0|2,2|2|2|7|2|5,2:4|3:0|5:1|7:1,True,True,1/313600,1/313600,True,False,False
4,2|3|5|7,6,0|0|0|3|0|3,2|2|2|7|2|7,2:4|3:0|5:0|7:2,True,True,1/614656,1/614656,True,False,False
4,2|3|5|7,6,0|0|0|3|1|1,2|2|2|7|3|3,2:3|3:2|5:0|7:1,True,True,1/254016,1/254016,True,False,False
4,2|3|5|7,6,0|0|0|3|1|2,2|2|2|7|3|5,2:3|3:1|5:1|7:1,True,True,1/705600,1/705600,True,False,False
4,2|3|5|7,6,0|0|0|3|1|3,2|2|2|7|3|7,2:3|3:1|5:0|7:2,True,True,1/1382976,1/1382976,True,False,False
4,2|3|5|7,6,0|0|0|3|2|1,2|2|2|7|5|3,2:3|3:1|5:1|7:1,True,True,1/705600,1/705600,True,False,False
4,2|3|5|7,6,0|0|0|3|2|2,2|2|2|7|5|5,2:3|3:0|5:2|7:1,True,True,1/1960000,1/1960000,True,False,False
4,2|3|5|7,6,0|0|0|3|2|3,2|2|2|7|5|7,2:3|3:0|5:1|7:2,True,True,1/3841600,1/3841600,True,False,False
4,2|3|5|7,6,0|0|0|3|3|1,2|2|2|7|7|3,2:3|3:1|5:0|7:2,True,True,1/1382976,1/1382976,True,False,False
4,2|3|5|7,6,0|0|0|3|3|2,2|2|2|7|7|5,2:3|3:0|5:1|7:2,True,True,1/3841600,1/3841600,True,False,False
4,2|3|5|7,6,0|0|0|3|3|3,2|2|2|7|7|7,2:3|3:0|5:0|7:3,True,True,1/7529536,1/7529536,True,False,False
4,2|3|5|7,6,0|0|1|0|0|2,2|2|3|2|2|5,2:4|3:1|5:1|7:0,True,True,1/57600,1/57600,True,False,False
4,2|3|5|7,6,0|0|1|0|0|3,2|2|3|2|2|7,2:4|3:1|5:0|7:1,True,True,1/112896,1/112896,True,False,False
4,2|3|5|7,6,0|0|1|0|1|1,2|2|3|2|3|3,2:3|3:3|5:0|7:0,True,True,1/46656,1/46656,True,False,False
4,2|3|5|7,6,0|0|1|0|1|2,2|2|3|2|3|5,2:3|3:2|5:1|7:0,True,True,1/129600,1/129600,True,False,False
4,2|3|5|7,6,0|0|1|0|1|3,2|2|3|2|3|7,2:3|3:2|5:0|7:1,True,True,1/254016,1/254016,True,False,False
4,2|3|5|7,6,0|0|1|0|2|1,2|2|3|2|5|3,2:3|3:2|5:1|7:0,True,True,1/129600,1/129600,True,False,False
4,2|3|5|7,6,0|0|1|0|2|2,2|2|3|2|5|5,2:3|3:1|5:2|7:0,True,True,1/360000,1/360000,True,False,False
4,2|3|5|7,6,0|0|1|0|2|3,2|2|3|2|5|7,2:3|3:1|5:1|7:1,True,True,1/705600,1/705600,True,False,False
4,2|3|5|7,6,0|0|1|0|3|1,2|2|3|2|7|3,2:3|3:2|5:0|7:1,True,True,1/254016,1/254016,True,False,False
4,2|3|5|7,6,0|0|1|0|3|2,2|2|3|2|7|5,2:3|3:1|5:1|7:1,True,True,1/705600,1/705600,True,False,False
4,2|3|5|7,6,0|0|1|0|3|3,2|2|3|2|7|7,2:3|3:1|5:0|7:2,True,True,1/1382976,1/1382976,True,False,False
4,2|3|5|7,6,0|0|1|1|0|1,2|2|3|3|2|3,2:3|3:3|5:0|7:0,True,True,1/46656,1/46656,True,False,False
4,2|3|5|7,6,0|0|1|1|0|2,2|2|3|3|2|5,2:3|3:2|5:1|7:0,True,True,1/129600,1/129600,True,False,False
4,2|3|5|7,6,0|0|1|1|0|3,2|2|3|3|2|7,2:3|3:2|5:0|7:1,True,True,1/254016,1/254016,True,False,False
4,2|3|5|7,6,0|0|1|1|1|1,2|2|3|3|3|3,2:2|3:4|5:0|7:0,True,True,1/104976,1/104976,True,False,False
4,2|3|5|7,6,0|0|1|1|1|2,2|2|3|3|3|5,2:2|3:3|5:1|7:0,True,True,1/291600,1/291600,True,False,False
4,2|3|5|7,6,0|0|1|1|1|3,2|2|3|3|3|7,2:2|3:3|5:0|7:1,True,True,1/571536,1/571536,True,False,False
4,2|3|5|7,6,0|0|1|1|2|1,2|2|3|3|5|3,2:2|3:3|5:1|7:0,True,True,1/291600,1/291600,True,False,False
4,2|3|5|7,6,0|0|1|1|2|2,2|2|3|3|5|5,2:2|3:2|5:2|7:0,True,True,1/810000,1/810000,True,False,False
4,2|3|5|7,6,0|0|1|1|2|3,2|2|3|3|5|7,2:2|3:2|5:1|7:1,True,True,1/1587600,1/1587600,True,False,False
4,2|3|5|7,6,0|0|1|1|3|1,2|2|3|3|7|3,2:2|3:3|5:0|7:1,True,True,1/571536,1/571536,True,False,False
4,2|3|5|7,6,0|0|1|1|3|2,2|2|3|3|7|5,2:2|3:2|5:1|7:1,True,True,1/1587600,1/1587600,True,False,False
4,2|3|5|7,6,0|0|1|1|3|3,2|2|3|3|7|7,2:2|3:2|5:0|7:2,True,True,1/3111696,1/3111696,True,False,False
4,2|3|5|7,6,0|0|1|2|0|1,2|2|3|5|2|3,2:3|3:2|5:1|7:0,True,True,1/129600,1/129600,True,False,False
4,2|3|5|7,6,0|0|1|2|0|2,2|2|3|5|2|5,2:3|3:1|5:2|7:0,True,True,1/360000,1/360000,True,False,False
4,2|3|5|7,6,0|0|1|2|0|3,2|2|3|5|2|7,2:3|3:1|5:1|7:1,True,True,1/705600,1/705600,True,False,False
4,2|3|5|7,6,0|0|1|2|1|1,2|2|3|5|3|3,2:2|3:3|5:1|7:0,True,True,1/291600,1/291600,True,False,False
4,2|3|5|7,6,0|0|1|2|1|2,2|2|3|5|3|5,2:2|3:2|5:2|7:0,True,True,1/810000,1/810000,True,False,False
4,2|3|5|7,6,0|0|1|2|1|3,2|2|3|5|3|7,2:2|3:2|5:1|7:1,True,True,1/1587600,1/1587600,True,False,False
4,2|3|5|7,6,0|0|1|2|2|1,2|2|3|5|5|3,2:2|3:2|5:2|7:0,True,True,1/810000,1/810000,True,False,False
4,2|3|5|7,6,0|0|1|2|2|2,2|2|3|5|5|5,2:2|3:1|5:3|7:0,True,True,1/2250000,1/2250000,True,False,False
4,2|3|5|7,6,0|0|1|2|2|3,2|2|3|5|5|7,2:2|3:1|5:2|7:1,True,True,1/4410000,1/4410000,True,False,False
4,2|3|5|7,6,0|0|1|2|3|1,2|2|3|5|7|3,2:2|3:2|5:1|7:1,True,True,1/1587600,1/1587600,True,False,False
4,2|3|5|7,6,0|0|1|2|3|2,2|2|3|5|7|5,2:2|3:1|5:2|7:1,True,True,1/4410000,1/4410000,True,False,False
4,2|3|5|7,6,0|0|1|2|3|3,2|2|3|5|7|7,2:2|3:1|5:1|7:2,True,True,1/8643600,1/8643600,True,False,False
4,2|3|5|7,6,0|0|1|3|0|1,2|2|3|7|2|3,2:3|3:2|5:0|7:1,True,True,1/254016,1/254016,True,False,False
4,2|3|5|7,6,0|0|1|3|0|2,2|2|3|7|2|5,2:3|3:1|5:1|7:1,True,True,1/705600,1/705600,True,False,False
4,2|3|5|7,6,0|0|1|3|0|3,2|2|3|7|2|7,2:3|3:1|5:0|7:2,True,True,1/1382976,1/1382976,True,False,False
4,2|3|5|7,6,0|0|1|3|1|1,2|2|3|7|3|3,2:2|3:3|5:0|7:1,True,True,1/571536,1/571536,True,False,False
4,2|3|5|7,6,0|0|1|3|1|2,2|2|3|7|3|5,2:2|3:2|5:1|7:1,True,True,1/1587600,1/1587600,True,False,False
4,2|3|5|7,6,0|0|1|3|1|3,2|2|3|7|3|7,2:2|3:2|5:0|7:2,True,True,1/3111696,1/3111696,True,False,False
4,2|3|5|7,6,0|0|1|3|2|1,2|2|3|7|5|3,2:2|3:2|5:1|7:1,True,True,1/1587600,1/1587600,True,False,False
4,2|3|5|7,6,0|0|1|3|2|2,2|2|3|7|5|5,2:2|3:1|5:2|7:1,True,True,1/4410000,1/4410000,True,False,False
4,2|3|5|7,6,0|0|1|3|2|3,2|2|3|7|5|7,2:2|3:1|5:1|7:2,True,True,1/8643600,1/8643600,True,False,False
4,2|3|5|7,6,0|0|1|3|3|1,2|2|3|7|7|3,2:2|3:2|5:0|7:2,True,True,1/3111696,1/3111696,True,False,False
4,2|3|5|7,6,0|0|1|3|3|2,2|2|3|7|7|5,2:2|3:1|5:1|7:2,True,True,1/8643600,1/8643600,True,False,False
4,2|3|5|7,6,0|0|1|3|3|3,2|2|3|7|7|7,2:2|3:1|5:0|7:3,True,True,1/16941456,1/16941456,True,False,False
4,2|3|5|7,6,0|0|2|0|0|3,2|2|5|2|2|7,2:4|3:0|5:1|7:1,True,True,1/313600,1/313600,True,False,False
4,2|3|5|7,6,0|0|2|0|1|1,2|2|5|2|3|3,2:3|3:2|5:1|7:0,True,True,1/129600,1/129600,True,False,False
4,2|3|5|7,6,0|0|2|0|1|2,2|2|5|2|3|5,2:3|3:1|5:2|7:0,True,True,1/360000,1/360000,True,False,False
4,2|3|5|7,6,0|0|2|0|1|3,2|2|5|2|3|7,2:3|3:1|5:1|7:1,True,True,1/705600,1/705600,True,False,False
4,2|3|5|7,6,0|0|2|0|2|1,2|2|5|2|5|3,2:3|3:1|5:2|7:0,True,True,1/360000,1/360000,True,False,False
4,2|3|5|7,6,0|0|2|0|2|2,2|2|5|2|5|5,2:3|3:0|5:3|7:0,True,True,1/1000000,1/1000000,True,False,False
4,2|3|5|7,6,0|0|2|0|2|3,2|2|5|2|5|7,2:3|3:0|5:2|7:1,True,True,1/1960000,1/1960000,True,False,False
4,2|3|5|7,6,0|0|2|0|3|1,2|2|5|2|7|3,2:3|3:1|5:1|7:1,True,True,1/705600,1/705600,True,False,False
4,2|3|5|7,6,0|0|2|0|3|2,2|2|5|2|7|5,2:3|3:0|5:2|7:1,True,True,1/1960000,1/1960000,True,False,False
4,2|3|5|7,6,0|0|2|0|3|3,2|2|5|2|7|7,2:3|3:0|5:1|7:2,True,True,1/3841600,1/3841600,True,False,False
4,2|3|5|7,6,0|0|2|1|0|1,2|2|5|3|2|3,2:3|3:2|5:1|7:0,True,True,1/129600,1/129600,True,False,False
4,2|3|5|7,6,0|0|2|1|0|2,2|2|5|3|2|5,2:3|3:1|5:2|7:0,True,True,1/360000,1/360000,True,False,False
4,2|3|5|7,6,0|0|2|1|0|3,2|2|5|3|2|7,2:3|3:1|5:1|7:1,True,True,1/705600,1/705600,True,False,False
4,2|3|5|7,6,0|0|2|1|1|1,2|2|5|3|3|3,2:2|3:3|5:1|7:0,True,True,1/291600,1/291600,True,False,False
4,2|3|5|7,6,0|0|2|1|1|2,2|2|5|3|3|5,2:2|3:2|5:2|7:0,True,True,1/810000,1/810000,True,False,False
4,2|3|5|7,6,0|0|2|1|1|3,2|2|5|3|3|7,2:2|3:2|5:1|7:1,True,True,1/1587600,1/1587600,True,False,False
4,2|3|5|7,6,0|0|2|1|2|1,2|2|5|3|5|3,2:2|3:2|5:2|7:0,True,True,1/810000,1/810000,True,False,False
4,2|3|5|7,6,0|0|2|1|2|2,2|2|5|3|5|5,2:2|3:1|5:3|7:0,True,True,1/2250000,1/2250000,True,False,False
4,2|3|5|7,6,0|0|2|1|2|3,2|2|5|3|5|7,2:2|3:1|5:2|7:1,True,True,1/4410000,1/4410000,True,False,False
4,2|3|5|7,6,0|0|2|1|3|1,2|2|5|3|7|3,2:2|3:2|5:1|7:1,True,True,1/1587600,1/1587600,True,False,False
4,2|3|5|7,6,0|0|2|1|3|2,2|2|5|3|7|5,2:2|3:1|5:2|7:1,True,True,1/4410000,1/4410000,True,False,False
4,2|3|5|7,6,0|0|2|1|3|3,2|2|5|3|7|7,2:2|3:1|5:1|7:2,True,True,1/8643600,1/8643600,True,False,False
4,2|3|5|7,6,0|0|2|2|0|1,2|2|5|5|2|3,2:3|3:1|5:2|7:0,True,True,1/360000,1/360000,True,False,False
4,2|3|5|7,6,0|0|2|2|0|2,2|2|5|5|2|5,2:3|3:0|5:3|7:0,True,True,1/1000000,1/1000000,True,False,False
4,2|3|5|7,6,0|0|2|2|0|3,2|2|5|5|2|7,2:3|3:0|5:2|7:1,True,True,1/1960000,1/1960000,True,False,False
4,2|3|5|7,6,0|0|2|2|1|1,2|2|5|5|3|3,2:2|3:2|5:2|7:0,True,True,1/810000,1/810000,True,False,False
4,2|3|5|7,6,0|0|2|2|1|2,2|2|5|5|3|5,2:2|3:1|5:3|7:0,True,True,1/2250000,1/2250000,True,False,False
4,2|3|5|7,6,0|0|2|2|1|3,2|2|5|5|3|7,2:2|3:1|5:2|7:1,True,True,1/4410000,1/4410000,True,False,False
4,2|3|5|7,6,0|0|2|2|2|1,2|2|5|5|5|3,2:2|3:1|5:3|7:0,True,True,1/2250000,1/2250000,True,False,False
4,2|3|5|7,6,0|0|2|2|2|2,2|2|5|5|5|5,2:2|3:0|5:4|7:0,True,True,1/6250000,1/6250000,True,False,False
4,2|3|5|7,6,0|0|2|2|2|3,2|2|5|5|5|7,2:2|3:0|5:3|7:1,True,True,1/12250000,1/12250000,True,False,False
4,2|3|5|7,6,0|0|2|2|3|1,2|2|5|5|7|3,2:2|3:1|5:2|7:1,True,True,1/4410000,1/4410000,True,False,False
4,2|3|5|7,6,0|0|2|2|3|2,2|2|5|5|7|5,2:2|3:0|5:3|7:1,True,True,1/12250000,1/12250000,True,False,False
4,2|3|5|7,6,0|0|2|2|3|3,2|2|5|5|7|7,2:2|3:0|5:2|7:2,True,True,1/24010000,1/24010000,True,False,False
4,2|3|5|7,6,0|0|2|3|0|1,2|2|5|7|2|3,2:3|3:1|5:1|7:1,True,True,1/705600,1/705600,True,False,False
4,2|3|5|7,6,0|0|2|3|0|2,2|2|5|7|2|5,2:3|3:0|5:2|7:1,True,True,1/1960000,1/1960000,True,False,False
4,2|3|5|7,6,0|0|2|3|0|3,2|2|5|7|2|7,2:3|3:0|5:1|7:2,True,True,1/3841600,1/3841600,True,False,False
4,2|3|5|7,6,0|0|2|3|1|1,2|2|5|7|3|3,2:2|3:2|5:1|7:1,True,True,1/1587600,1/1587600,True,False,False
4,2|3|5|7,6,0|0|2|3|1|2,2|2|5|7|3|5,2:2|3:1|5:2|7:1,True,True,1/4410000,1/4410000,True,False,False
4,2|3|5|7,6,0|0|2|3|1|3,2|2|5|7|3|7,2:2|3:1|5:1|7:2,True,True,1/8643600,1/8643600,True,False,False
4,2|3|5|7,6,0|0|2|3|2|1,2|2|5|7|5|3,2:2|3:1|5:2|7:1,True,True,1/4410000,1/4410000,True,False,False
4,2|3|5|7,6,0|0|2|3|2|2,2|2|5|7|5|5,2:2|3:0|5:3|7:1,True,True,1/12250000,1/12250000,True,False,False
4,2|3|5|7,6,0|0|2|3|2|3,2|2|5|7|5|7,2:2|3:0|5:2|7:2,True,True,1/24010000,1/24010000,True,False,False
4,2|3|5|7,6,0|0|2|3|3|1,2|2|5|7|7|3,2:2|3:1|5:1|7:2,True,True,1/8643600,1/8643600,True,False,False
4,2|3|5|7,6,0|0|2|3|3|2,2|2|5|7|7|5,2:2|3:0|5:2|7:2,True,True,1/24010000,1/24010000,True,False,False
4,2|3|5|7,6,0|0|2|3|3|3,2|2|5|7|7|7,2:2|3:0|5:1|7:3,True,True,1/47059600,1/47059600,True,False,False
4,2|3|5|7,6,0|0|3|0|1|1,2|2|7|2|3|3,2:3|3:2|5:0|7:1,True,True,1/254016,1/254016,True,False,False
4,2|3|5|7,6,0|0|3|0|1|2,2|2|7|2|3|5,2:3|3:1|5:1|7:1,True,True,1/705600,1/705600,True,False,False
4,2|3|5|7,6,0|0|3|0|1|3,2|2|7|2|3|7,2:3|3:1|5:0|7:2,True,True,1/1382976,1/1382976,True,False,False
4,2|3|5|7,6,0|0|3|0|2|1,2|2|7|2|5|3,2:3|3:1|5:1|7:1,True,True,1/705600,1/705600,True,False,False
4,2|3|5|7,6,0|0|3|0|2|2,2|2|7|2|5|5,2:3|3:0|5:2|7:1,True,True,1/1960000,1/1960000,True,False,False
4,2|3|5|7,6,0|0|3|0|2|3,2|2|7|2|5|7,2:3|3:0|5:1|7:2,True,True,1/3841600,1/3841600,True,False,False
4,2|3|5|7,6,0|0|3|0|3|1,2|2|7|2|7|3,2:3|3:1|5:0|7:2,True,True,1/1382976,1/1382976,True,False,False
4,2|3|5|7,6,0|0|3|0|3|2,2|2|7|2|7|5,2:3|3:0|5:1|7:2,True,True,1/3841600,1/3841600,True,False,False
4,2|3|5|7,6,0|0|3|0|3|3,2|2|7|2|7|7,2:3|3:0|5:0|7:3,True,True,1/7529536,1/7529536,True,False,False
4,2|3|5|7,6,0|0|3|1|0|1,2|2|7|3|2|3,2:3|3:2|5:0|7:1,True,True,1/254016,1/254016,True,False,False
4,2|3|5|7,6,0|0|3|1|0|2,2|2|7|3|2|5,2:3|3:1|5:1|7:1,True,True,1/705600,1/705600,True,False,False
4,2|3|5|7,6,0|0|3|1|0|3,2|2|7|3|2|7,2:3|3:1|5:0|7:2,True,True,1/1382976,1/1382976,True,False,False
4,2|3|5|7,6,0|0|3|1|1|1,2|2|7|3|3|3,2:2|3:3|5:0|7:1,True,True,1/571536,1/571536,True,False,False
4,2|3|5|7,6,0|0|3|1|1|2,2|2|7|3|3|5,2:2|3:2|5:1|7:1,True,True,1/1587600,1/1587600,True,False,False
4,2|3|5|7,6,0|0|3|1|1|3,2|2|7|3|3|7,2:2|3:2|5:0|7:2,True,True,1/3111696,1/3111696,True,False,False
4,2|3|5|7,6,0|0|3|1|2|1,2|2|7|3|5|3,2:2|3:2|5:1|7:1,True,True,1/1587600,1/1587600,True,False,False
4,2|3|5|7,6,0|0|3|1|2|2,2|2|7|3|5|5,2:2|3:1|5:2|7:1,True,True,1/4410000,1/4410000,True,False,False
4,2|3|5|7,6,0|0|3|1|2|3,2|2|7|3|5|7,2:2|3:1|5:1|7:2,True,True,1/8643600,1/8643600,True,False,False
4,2|3|5|7,6,0|0|3|1|3|1,2|2|7|3|7|3,2:2|3:2|5:0|7:2,True,True,1/3111696,1/3111696,True,False,False
4,2|3|5|7,6,0|0|3|1|3|2,2|2|7|3|7|5,2:2|3:1|5:1|7:2,True,True,1/8643600,1/8643600,True,False,False
4,2|3|5|7,6,0|0|3|1|3|3,2|2|7|3|7|7,2:2|3:1|5:0|7:3,True,True,1/16941456,1/16941456,True,False,False
4,2|3|5|7,6,0|0|3|2|0|1,2|2|7|5|2|3,2:3|3:1|5:1|7:1,True,True,1/705600,1/705600,True,False,False
4,2|3|5|7,6,0|0|3|2|0|2,2|2|7|5|2|5,2:3|3:0|5:2|7:1,True,True,1/1960000,1/1960000,True,False,False
4,2|3|5|7,6,0|0|3|2|0|3,2|2|7|5|2|7,2:3|3:0|5:1|7:2,True,True,1/3841600,1/3841600,True,False,False
4,2|3|5|7,6,0|0|3|2|1|1,2|2|7|5|3|3,2:2|3:2|5:1|7:1,True,True,1/1587600,1/1587600,True,False,False
4,2|3|5|7,6,0|0|3|2|1|2,2|2|7|5|3|5,2:2|3:1|5:2|7:1,True,True,1/4410000,1/4410000,True,False,False
4,2|3|5|7,6,0|0|3|2|1|3,2|2|7|5|3|7,2:2|3:1|5:1|7:2,True,True,1/8643600,1/8643600,True,False,False
4,2|3|5|7,6,0|0|3|2|2|1,2|2|7|5|5|3,2:2|3:1|5:2|7:1,True,True,1/4410000,1/4410000,True,False,False
4,2|3|5|7,6,0|0|3|2|2|2,2|2|7|5|5|5,2:2|3:0|5:3|7:1,True,True,1/12250000,1/12250000,True,False,False
4,2|3|5|7,6,0|0|3|2|2|3,2|2|7|5|5|7,2:2|3:0|5:2|7:2,True,True,1/24010000,1/24010000,True,False,False
4,2|3|5|7,6,0|0|3|2|3|1,2|2|7|5|7|3,2:2|3:1|5:1|7:2,True,True,1/8643600,1/8643600,True,False,False
4,2|3|5|7,6,0|0|3|2|3|2,2|2|7|5|7|5,2:2|3:0|5:2|7:2,True,True,1/24010000,1/24010000,True,False,False
4,2|3|5|7,6,0|0|3|2|3|3,2|2|7|5|7|7,2:2|3:0|5:1|7:3,True,True,1/47059600,1/47059600,True,False,False
4,2|3|5|7,6,0|0|3|3|0|1,2|2|7|7|2|3,2:3|3:1|5:0|7:2,True,True,1/1382976,1/1382976,True,False,False
4,2|3|5|7,6,0|0|3|3|0|2,2|2|7|7|2|5,2:3|3:0|5:1|7:2,True,True,1/3841600,1/3841600,True,False,False
4,2|3|5|7,6,0|0|3|3|0|3,2|2|7|7|2|7,2:3|3:0|5:0|7:3,True,True,1/7529536,1/7529536,True,False,False
4,2|3|5|7,6,0|0|3|3|1|1,2|2|7|7|3|3,2:2|3:2|5:0|7:2,True,True,1/3111696,1/3111696,True,False,False
4,2|3|5|7,6,0|0|3|3|1|2,2|2|7|7|3|5,2:2|3:1|5:1|7:2,True,True,1/8643600,1/8643600,True,False,False
4,2|3|5|7,6,0|0|3|3|1|3,2|2|7|7|3|7,2:2|3:1|5:0|7:3,True,True,1/16941456,1/16941456,True,False,False
4,2|3|5|7,6,0|0|3|3|2|1,2|2|7|7|5|3,2:2|3:1|5:1|7:2,True,True,1/8643600,1/8643600,True,False,False
4,2|3|5|7,6,0|0|3|3|2|2,2|2|7|7|5|5,2:2|3:0|5:2|7:2,True,True,1/24010000,1/24010000,True,False,False
4,2|3|5|7,6,0|0|3|3|2|3,2|2|7|7|5|7,2:2|3:0|5:1|7:3,True,True,1/47059600,1/47059600,True,False,False
4,2|3|5|7,6,0|0|3|3|3|1,2|2|7|7|7|3,2:2|3:1|5:0|7:3,True,True,1/16941456,1/16941456,True,False,False
4,2|3|5|7,6,0|0|3|3|3|2,2|2|7|7|7|5,2:2|3:0|5:1|7:3,True,True,1/47059600,1/47059600,True,False,False
4,2|3|5|7,6,0|0|3|3|3|3,2|2|7|7|7|7,2:2|3:0|5:0|7:4,True,True,1/92236816,1/92236816,True,False,False
4,2|3|5|7,6,0|1|0|1|0|2,2|3|2|3|2|5,2:3|3:2|5:1|7:0,True,True,1/129600,1/129600,True,False,False
4,2|3|5|7,6,0|1|0|1|0|3,2|3|2|3|2|7,2:3|3:2|5:0|7:1,True,True,1/254016,1/254016,True,False,False
4,2|3|5|7,6,0|1|0|1|1|1,2|3|2|3|3|3,2:2|3:4|5:0|7:0,True,True,1/104976,1/104976,True,False,False
4,2|3|5|7,6,0|1|0|1|1|2,2|3|2|3|3|5,2:2|3:3|5:1|7:0,True,True,1/291600,1/291600,True,False,False
4,2|3|5|7,6,0|1|0|1|1|3,2|3|2|3|3|7,2:2|3:3|5:0|7:1,True,True,1/571536,1/571536,True,False,False
4,2|3|5|7,6,0|1|0|1|2|1,2|3|2|3|5|3,2:2|3:3|5:1|7:0,True,True,1/291600,1/291600,True,False,False
4,2|3|5|7,6,0|1|0|1|2|2,2|3|2|3|5|5,2:2|3:2|5:2|7:0,True,True,1/810000,1/810000,True,False,False
4,2|3|5|7,6,0|1|0|1|2|3,2|3|2|3|5|7,2:2|3:2|5:1|7:1,True,True,1/1587600,1/1587600,True,False,False
4,2|3|5|7,6,0|1|0|1|3|1,2|3|2|3|7|3,2:2|3:3|5:0|7:1,True,True,1/571536,1/571536,True,False,False
4,2|3|5|7,6,0|1|0|1|3|2,2|3|2|3|7|5,2:2|3:2|5:1|7:1,True,True,1/1587600,1/1587600,True,False,False
4,2|3|5|7,6,0|1|0|1|3|3,2|3|2|3|7|7,2:2|3:2|5:0|7:2,True,True,1/3111696,1/3111696,True,False,False
4,2|3|5|7,6,0|1|0|2|0|2,2|3|2|5|2|5,2:3|3:1|5:2|7:0,True,True,1/360000,1/360000,True,False,False
4,2|3|5|7,6,0|1|0|2|0|3,2|3|2|5|2|7,2:3|3:1|5:1|7:1,True,True,1/705600,1/705600,True,False,False
4,2|3|5|7,6,0|1|0|2|1|1,2|3|2|5|3|3,2:2|3:3|5:1|7:0,True,True,1/291600,1/291600,True,False,False
4,2|3|5|7,6,0|1|0|2|1|2,2|3|2|5|3|5,2:2|3:2|5:2|7:0,True,True,1/810000,1/810000,True,False,False
4,2|3|5|7,6,0|1|0|2|1|3,2|3|2|5|3|7,2:2|3:2|5:1|7:1,True,True,1/1587600,1/1587600,True,False,False
4,2|3|5|7,6,0|1|0|2|2|1,2|3|2|5|5|3,2:2|3:2|5:2|7:0,True,True,1/810000,1/810000,True,False,False
4,2|3|5|7,6,0|1|0|2|2|2,2|3|2|5|5|5,2:2|3:1|5:3|7:0,True,True,1/2250000,1/2250000,True,False,False
4,2|3|5|7,6,0|1|0|2|2|3,2|3|2|5|5|7,2:2|3:1|5:2|7:1,True,True,1/4410000,1/4410000,True,False,False
4,2|3|5|7,6,0|1|0|2|3|1,2|3|2|5|7|3,2:2|3:2|5:1|7:1,True,True,1/1587600,1/1587600,True,False,False
4,2|3|5|7,6,0|1|0|2|3|2,2|3|2|5|7|5,2:2|3:1|5:2|7:1,True,True,1/4410000,1/4410000,True,False,False
4,2|3|5|7,6,0|1|0|2|3|3,2|3|2|5|7|7,2:2|3:1|5:1|7:2,True,True,1/8643600,1/8643600,True,False,False
4,2|3|5|7,6,0|1|0|3|0|2,2|3|2|7|2|5,2:3|3:1|5:1|7:1,True,True,1/705600,1/705600,True,False,False
4,2|3|5|7,6,0|1|0|3|0|3,2|3|2|7|2|7,2:3|3:1|5:0|7:2,True,True,1/1382976,1/1382976,True,False,False
4,2|3|5|7,6,0|1|0|3|1|1,2|3|2|7|3|3,2:2|3:3|5:0|7:1,True,True,1/571536,1/571536,True,False,False
4,2|3|5|7,6,0|1|0|3|1|2,2|3|2|7|3|5,2:2|3:2|5:1|7:1,True,True,1/1587600,1/1587600,True,False,False
4,2|3|5|7,6,0|1|0|3|1|3,2|3|2|7|3|7,2:2|3:2|5:0|7:2,True,True,1/3111696,1/3111696,True,False,False
4,2|3|5|7,6,0|1|0|3|2|1,2|3|2|7|5|3,2:2|3:2|5:1|7:1,True,True,1/1587600,1/1587600,True,False,False
4,2|3|5|7,6,0|1|0|3|2|2,2|3|2|7|5|5,2:2|3:1|5:2|7:1,True,True,1/4410000,1/4410000,True,False,False
4,2|3|5|7,6,0|1|0|3|2|3,2|3|2|7|5|7,2:2|3:1|5:1|7:2,True,True,1/8643600,1/8643600,True,False,False
4,2|3|5|7,6,0|1|0|3|3|1,2|3|2|7|7|3,2:2|3:2|5:0|7:2,True,True,1/3111696,1/3111696,True,False,False
4,2|3|5|7,6,0|1|0|3|3|2,2|3|2|7|7|5,2:2|3:1|5:1|7:2,True,True,1/8643600,1/8643600,True,False,False
4,2|3|5|7,6,0|1|0|3|3|3,2|3|2|7|7|7,2:2|3:1|5:0|7:3,True,True,1/16941456,1/16941456,True,False,False
4,2|3|5|7,6,0|1|1|0|1|2,2|3|3|2|3|5,2:2|3:3|5:1|7:0,True,True,1/291600,1/291600,True,False,False
4,2|3|5|7,6,0|1|1|0|1|3,2|3|3|2|3|7,2:2|3:3|5:0|7:1,True,True,1/571536,1/571536,True,False,False
4,2|3|5|7,6,0|1|1|0|2|1,2|3|3|2|5|3,2:2|3:3|5:1|7:0,True,True,1/291600,1/291600,True,False,False
4,2|3|5|7,6,0|1|1|0|2|2,2|3|3|2|5|5,2:2|3:2|5:2|7:0,True,True,1/810000,1/810000,True,False,False
4,2|3|5|7,6,0|1|1|0|2|3,2|3|3|2|5|7,2:2|3:2|5:1|7:1,True,True,1/1587600,1/1587600,True,False,False
4,2|3|5|7,6,0|1|1|0|3|1,2|3|3|2|7|3,2:2|3:3|5:0|7:1,True,True,1/571536,1/571536,True,False,False
4,2|3|5|7,6,0|1|1|0|3|2,2|3|3|2|7|5,2:2|3:2|5:1|7:1,True,True,1/1587600,1/1587600,True,False,False
4,2|3|5|7,6,0|1|1|0|3|3,2|3|3|2|7|7,2:2|3:2|5:0|7:2,True,True,1/3111696,1/3111696,True,False,False
4,2|3|5|7,6,0|1|1|1|0|2,2|3|3|3|2|5,2:2|3:3|5:1|7:0,True,True,1/291600,1/291600,True,False,False
4,2|3|5|7,6,0|1|1|1|0|3,2|3|3|3|2|7,2:2|3:3|5:0|7:1,True,True,1/571536,1/571536,True,False,False
4,2|3|5|7,6,0|1|1|1|1|1,2|3|3|3|3|3,2:1|3:5|5:0|7:0,True,True,1/236196,1/236196,True,False,False
4,2|3|5|7,6,0|1|1|1|1|2,2|3|3|3|3|5,2:1|3:4|5:1|7:0,True,True,1/656100,1/656100,True,False,False
4,2|3|5|7,6,0|1|1|1|1|3,2|3|3|3|3|7,2:1|3:4|5:0|7:1,True,True,1/1285956,1/1285956,True,False,False
4,2|3|5|7,6,0|1|1|1|2|1,2|3|3|3|5|3,2:1|3:4|5:1|7:0,True,True,1/656100,1/656100,True,False,False
4,2|3|5|7,6,0|1|1|1|2|2,2|3|3|3|5|5,2:1|3:3|5:2|7:0,True,True,1/1822500,1/1822500,True,False,False
4,2|3|5|7,6,0|1|1|1|2|3,2|3|3|3|5|7,2:1|3:3|5:1|7:1,True,True,1/3572100,1/3572100,True,False,False
4,2|3|5|7,6,0|1|1|1|3|1,2|3|3|3|7|3,2:1|3:4|5:0|7:1,True,True,1/1285956,1/1285956,True,False,False
4,2|3|5|7,6,0|1|1|1|3|2,2|3|3|3|7|5,2:1|3:3|5:1|7:1,True,True,1/3572100,1/3572100,True,False,False
4,2|3|5|7,6,0|1|1|1|3|3,2|3|3|3|7|7,2:1|3:3|5:0|7:2,True,True,1/7001316,1/7001316,True,False,False
4,2|3|5|7,6,0|1|1|2|0|2,2|3|3|5|2|5,2:2|3:2|5:2|7:0,True,True,1/810000,1/810000,True,False,False
4,2|3|5|7,6,0|1|1|2|0|3,2|3|3|5|2|7,2:2|3:2|5:1|7:1,True,True,1/1587600,1/1587600,True,False,False
4,2|3|5|7,6,0|1|1|2|1|1,2|3|3|5|3|3,2:1|3:4|5:1|7:0,True,True,1/656100,1/656100,True,False,False
4,2|3|5|7,6,0|1|1|2|1|2,2|3|3|5|3|5,2:1|3:3|5:2|7:0,True,True,1/1822500,1/1822500,True,False,False
4,2|3|5|7,6,0|1|1|2|1|3,2|3|3|5|3|7,2:1|3:3|5:1|7:1,True,True,1/3572100,1/3572100,True,False,False
4,2|3|5|7,6,0|1|1|2|2|1,2|3|3|5|5|3,2:1|3:3|5:2|7:0,True,True,1/1822500,1/1822500,True,False,False
4,2|3|5|7,6,0|1|1|2|2|2,2|3|3|5|5|5,2:1|3:2|5:3|7:0,True,True,1/5062500,1/5062500,True,False,False
4,2|3|5|7,6,0|1|1|2|2|3,2|3|3|5|5|7,2:1|3:2|5:2|7:1,True,True,1/9922500,1/9922500,True,False,False
4,2|3|5|7,6,0|1|1|2|3|1,2|3|3|5|7|3,2:1|3:3|5:1|7:1,True,True,1/3572100,1/3572100,True,False,False
4,2|3|5|7,6,0|1|1|2|3|2,2|3|3|5|7|5,2:1|3:2|5:2|7:1,True,True,1/9922500,1/9922500,True,False,False
4,2|3|5|7,6,0|1|1|2|3|3,2|3|3|5|7|7,2:1|3:2|5:1|7:2,True,True,1/19448100,1/19448100,True,False,False
4,2|3|5|7,6,0|1|1|3|0|2,2|3|3|7|2|5,2:2|3:2|5:1|7:1,True,True,1/1587600,1/1587600,True,False,False
4,2|3|5|7,6,0|1|1|3|0|3,2|3|3|7|2|7,2:2|3:2|5:0|7:2,True,True,1/3111696,1/3111696,True,False,False
4,2|3|5|7,6,0|1|1|3|1|1,2|3|3|7|3|3,2:1|3:4|5:0|7:1,True,True,1/1285956,1/1285956,True,False,False
4,2|3|5|7,6,0|1|1|3|1|2,2|3|3|7|3|5,2:1|3:3|5:1|7:1,True,True,1/3572100,1/3572100,True,False,False
4,2|3|5|7,6,0|1|1|3|1|3,2|3|3|7|3|7,2:1|3:3|5:0|7:2,True,True,1/7001316,1/7001316,True,False,False
4,2|3|5|7,6,0|1|1|3|2|1,2|3|3|7|5|3,2:1|3:3|5:1|7:1,True,True,1/3572100,1/3572100,True,False,False
4,2|3|5|7,6,0|1|1|3|2|2,2|3|3|7|5|5,2:1|3:2|5:2|7:1,True,True,1/9922500,1/9922500,True,False,False
4,2|3|5|7,6,0|1|1|3|2|3,2|3|3|7|5|7,2:1|3:2|5:1|7:2,True,True,1/19448100,1/19448100,True,False,False
4,2|3|5|7,6,0|1|1|3|3|1,2|3|3|7|7|3,2:1|3:3|5:0|7:2,True,True,1/7001316,1/7001316,True,False,False
4,2|3|5|7,6,0|1|1|3|3|2,2|3|3|7|7|5,2:1|3:2|5:1|7:2,True,True,1/19448100,1/19448100,True,False,False
4,2|3|5|7,6,0|1|1|3|3|3,2|3|3|7|7|7,2:1|3:2|5:0|7:3,True,True,1/38118276,1/38118276,True,False,False
4,2|3|5|7,6,0|1|2|0|1|3,2|3|5|2|3|7,2:2|3:2|5:1|7:1,True,True,1/1587600,1/1587600,True,False,False
4,2|3|5|7,6,0|1|2|0|2|1,2|3|5|2|5|3,2:2|3:2|5:2|7:0,True,True,1/810000,1/810000,True,False,False
4,2|3|5|7,6,0|1|2|0|2|2,2|3|5|2|5|5,2:2|3:1|5:3|7:0,True,True,1/2250000,1/2250000,True,False,False
4,2|3|5|7,6,0|1|2|0|2|3,2|3|5|2|5|7,2:2|3:1|5:2|7:1,True,True,1/4410000,1/4410000,True,False,False
4,2|3|5|7,6,0|1|2|0|3|1,2|3|5|2|7|3,2:2|3:2|5:1|7:1,True,True,1/1587600,1/1587600,True,False,False
4,2|3|5|7,6,0|1|2|0|3|2,2|3|5|2|7|5,2:2|3:1|5:2|7:1,True,True,1/4410000,1/4410000,True,False,False
4,2|3|5|7,6,0|1|2|0|3|3,2|3|5|2|7|7,2:2|3:1|5:1|7:2,True,True,1/8643600,1/8643600,True,False,False
4,2|3|5|7,6,0|1|2|1|0|2,2|3|5|3|2|5,2:2|3:2|5:2|7:0,True,True,1/810000,1/810000,True,False,False
4,2|3|5|7,6,0|1|2|1|0|3,2|3|5|3|2|7,2:2|3:2|5:1|7:1,True,True,1/1587600,1/1587600,True,False,False
4,2|3|5|7,6,0|1|2|1|1|1,2|3|5|3|3|3,2:1|3:4|5:1|7:0,True,True,1/656100,1/656100,True,False,False
4,2|3|5|7,6,0|1|2|1|1|2,2|3|5|3|3|5,2:1|3:3|5:2|7:0,True,True,1/1822500,1/1822500,True,False,False
4,2|3|5|7,6,0|1|2|1|1|3,2|3|5|3|3|7,2:1|3:3|5:1|7:1,True,True,1/3572100,1/3572100,True,False,False
4,2|3|5|7,6,0|1|2|1|2|1,2|3|5|3|5|3,2:1|3:3|5:2|7:0,True,True,1/1822500,1/1822500,True,False,False
4,2|3|5|7,6,0|1|2|1|2|2,2|3|5|3|5|5,2:1|3:2|5:3|7:0,True,True,1/5062500,1/5062500,True,False,False
4,2|3|5|7,6,0|1|2|1|2|3,2|3|5|3|5|7,2:1|3:2|5:2|7:1,True,True,1/9922500,1/9922500,True,False,False
4,2|3|5|7,6,0|1|2|1|3|1,2|3|5|3|7|3,2:1|3:3|5:1|7:1,True,True,1/3572100,1/3572100,True,False,False
4,2|3|5|7,6,0|1|2|1|3|2,2|3|5|3|7|5,2:1|3:2|5:2|7:1,True,True,1/9922500,1/9922500,True,False,False
4,2|3|5|7,6,0|1|2|1|3|3,2|3|5|3|7|7,2:1|3:2|5:1|7:2,True,True,1/19448100,1/19448100,True,False,False
4,2|3|5|7,6,0|1|2|2|0|2,2|3|5|5|2|5,2:2|3:1|5:3|7:0,True,True,1/2250000,1/2250000,True,False,False
4,2|3|5|7,6,0|1|2|2|0|3,2|3|5|5|2|7,2:2|3:1|5:2|7:1,True,True,1/4410000,1/4410000,True,False,False
4,2|3|5|7,6,0|1|2|2|1|1,2|3|5|5|3|3,2:1|3:3|5:2|7:0,True,True,1/1822500,1/1822500,True,False,False
4,2|3|5|7,6,0|1|2|2|1|2,2|3|5|5|3|5,2:1|3:2|5:3|7:0,True,True,1/5062500,1/5062500,True,False,False
4,2|3|5|7,6,0|1|2|2|1|3,2|3|5|5|3|7,2:1|3:2|5:2|7:1,True,True,1/9922500,1/9922500,True,False,False
4,2|3|5|7,6,0|1|2|2|2|1,2|3|5|5|5|3,2:1|3:2|5:3|7:0,True,True,1/5062500,1/5062500,True,False,False
4,2|3|5|7,6,0|1|2|2|2|2,2|3|5|5|5|5,2:1|3:1|5:4|7:0,True,True,1/14062500,1/14062500,True,False,False
4,2|3|5|7,6,0|1|2|2|2|3,2|3|5|5|5|7,2:1|3:1|5:3|7:1,True,True,1/27562500,1/27562500,True,False,False
4,2|3|5|7,6,0|1|2|2|3|1,2|3|5|5|7|3,2:1|3:2|5:2|7:1,True,True,1/9922500,1/9922500,True,False,False
4,2|3|5|7,6,0|1|2|2|3|2,2|3|5|5|7|5,2:1|3:1|5:3|7:1,True,True,1/27562500,1/27562500,True,False,False
4,2|3|5|7,6,0|1|2|2|3|3,2|3|5|5|7|7,2:1|3:1|5:2|7:2,True,True,1/54022500,1/54022500,True,False,False
4,2|3|5|7,6,0|1|2|3|0|2,2|3|5|7|2|5,2:2|3:1|5:2|7:1,True,True,1/4410000,1/4410000,True,False,False
4,2|3|5|7,6,0|1|2|3|0|3,2|3|5|7|2|7,2:2|3:1|5:1|7:2,True,True,1/8643600,1/8643600,True,False,False
4,2|3|5|7,6,0|1|2|3|1|1,2|3|5|7|3|3,2:1|3:3|5:1|7:1,True,True,1/3572100,1/3572100,True,False,False
4,2|3|5|7,6,0|1|2|3|1|2,2|3|5|7|3|5,2:1|3:2|5:2|7:1,True,True,1/9922500,1/9922500,True,False,False
4,2|3|5|7,6,0|1|2|3|1|3,2|3|5|7|3|7,2:1|3:2|5:1|7:2,True,True,1/19448100,1/19448100,True,False,False
4,2|3|5|7,6,0|1|2|3|2|1,2|3|5|7|5|3,2:1|3:2|5:2|7:1,True,True,1/9922500,1/9922500,True,False,False
4,2|3|5|7,6,0|1|2|3|2|2,2|3|5|7|5|5,2:1|3:1|5:3|7:1,True,True,1/27562500,1/27562500,True,False,False
4,2|3|5|7,6,0|1|2|3|2|3,2|3|5|7|5|7,2:1|3:1|5:2|7:2,True,True,1/54022500,1/54022500,True,False,False
4,2|3|5|7,6,0|1|2|3|3|1,2|3|5|7|7|3,2:1|3:2|5:1|7:2,True,True,1/19448100,1/19448100,True,False,False
4,2|3|5|7,6,0|1|2|3|3|2,2|3|5|7|7|5,2:1|3:1|5:2|7:2,True,True,1/54022500,1/54022500,True,False,False
4,2|3|5|7,6,0|1|2|3|3|3,2|3|5|7|7|7,2:1|3:1|5:1|7:3,True,True,1/105884100,1/105884100,True,False,False
4,2|3|5|7,6,0|1|3|0|2|1,2|3|7|2|5|3,2:2|3:2|5:1|7:1,True,True,1/1587600,1/1587600,True,False,False
4,2|3|5|7,6,0|1|3|0|2|2,2|3|7|2|5|5,2:2|3:1|5:2|7:1,True,True,1/4410000,1/4410000,True,False,False
4,2|3|5|7,6,0|1|3|0|2|3,2|3|7|2|5|7,2:2|3:1|5:1|7:2,True,True,1/8643600,1/8643600,True,False,False
4,2|3|5|7,6,0|1|3|0|3|1,2|3|7|2|7|3,2:2|3:2|5:0|7:2,True,True,1/3111696,1/3111696,True,False,False
4,2|3|5|7,6,0|1|3|0|3|2,2|3|7|2|7|5,2:2|3:1|5:1|7:2,True,True,1/8643600,1/8643600,True,False,False
4,2|3|5|7,6,0|1|3|0|3|3,2|3|7|2|7|7,2:2|3:1|5:0|7:3,True,True,1/16941456,1/16941456,True,False,False
4,2|3|5|7,6,0|1|3|1|0|2,2|3|7|3|2|5,2:2|3:2|5:1|7:1,True,True,1/1587600,1/1587600,True,False,False
4,2|3|5|7,6,0|1|3|1|0|3,2|3|7|3|2|7,2:2|3:2|5:0|7:2,True,True,1/3111696,1/3111696,True,False,False
4,2|3|5|7,6,0|1|3|1|1|1,2|3|7|3|3|3,2:1|3:4|5:0|7:1,True,True,1/1285956,1/1285956,True,False,False
4,2|3|5|7,6,0|1|3|1|1|2,2|3|7|3|3|5,2:1|3:3|5:1|7:1,True,True,1/3572100,1/3572100,True,False,False
4,2|3|5|7,6,0|1|3|1|1|3,2|3|7|3|3|7,2:1|3:3|5:0|7:2,True,True,1/7001316,1/7001316,True,False,False
4,2|3|5|7,6,0|1|3|1|2|1,2|3|7|3|5|3,2:1|3:3|5:1|7:1,True,True,1/3572100,1/3572100,True,False,False
4,2|3|5|7,6,0|1|3|1|2|2,2|3|7|3|5|5,2:1|3:2|5:2|7:1,True,True,1/9922500,1/9922500,True,False,False
4,2|3|5|7,6,0|1|3|1|2|3,2|3|7|3|5|7,2:1|3:2|5:1|7:2,True,True,1/19448100,1/19448100,True,False,False
4,2|3|5|7,6,0|1|3|1|3|1,2|3|7|3|7|3,2:1|3:3|5:0|7:2,True,True,1/7001316,1/7001316,True,False,False
4,2|3|5|7,6,0|1|3|1|3|2,2|3|7|3|7|5,2:1|3:2|5:1|7:2,True,True,1/19448100,1/19448100,True,False,False
4,2|3|5|7,6,0|1|3|1|3|3,2|3|7|3|7|7,2:1|3:2|5:0|7:3,True,True,1/38118276,1/38118276,True,False,False
4,2|3|5|7,6,0|1|3|2|0|2,2|3|7|5|2|5,2:2|3:1|5:2|7:1,True,True,1/4410000,1/4410000,True,False,False
4,2|3|5|7,6,0|1|3|2|0|3,2|3|7|5|2|7,2:2|3:1|5:1|7:2,True,True,1/8643600,1/8643600,True,False,False
4,2|3|5|7,6,0|1|3|2|1|1,2|3|7|5|3|3,2:1|3:3|5:1|7:1,True,True,1/3572100,1/3572100,True,False,False
4,2|3|5|7,6,0|1|3|2|1|2,2|3|7|5|3|5,2:1|3:2|5:2|7:1,True,True,1/9922500,1/9922500,True,False,False
4,2|3|5|7,6,0|1|3|2|1|3,2|3|7|5|3|7,2:1|3:2|5:1|7:2,True,True,1/19448100,1/19448100,True,False,False
4,2|3|5|7,6,0|1|3|2|2|1,2|3|7|5|5|3,2:1|3:2|5:2|7:1,True,True,1/9922500,1/9922500,True,False,False
4,2|3|5|7,6,0|1|3|2|2|2,2|3|7|5|5|5,2:1|3:1|5:3|7:1,True,True,1/27562500,1/27562500,True,False,False
4,2|3|5|7,6,0|1|3|2|2|3,2|3|7|5|5|7,2:1|3:1|5:2|7:2,True,True,1/54022500,1/54022500,True,False,False
4,2|3|5|7,6,0|1|3|2|3|1,2|3|7|5|7|3,2:1|3:2|5:1|7:2,True,True,1/19448100,1/19448100,True,False,False
4,2|3|5|7,6,0|1|3|2|3|2,2|3|7|5|7|5,2:1|3:1|5:2|7:2,True,True,1/54022500,1/54022500,True,False,False
4,2|3|5|7,6,0|1|3|2|3|3,2|3|7|5|7|7,2:1|3:1|5:1|7:3,True,True,1/105884100,1/105884100,True,False,False
4,2|3|5|7,6,0|1|3|3|0|2,2|3|7|7|2|5,2:2|3:1|5:1|7:2,True,True,1/8643600,1/8643600,True,False,False
4,2|3|5|7,6,0|1|3|3|0|3,2|3|7|7|2|7,2:2|3:1|5:0|7:3,True,True,1/16941456,1/16941456,True,False,False
4,2|3|5|7,6,0|1|3|3|1|1,2|3|7|7|3|3,2:1|3:3|5:0|7:2,True,True,1/7001316,1/7001316,True,False,False
4,2|3|5|7,6,0|1|3|3|1|2,2|3|7|7|3|5,2:1|3:2|5:1|7:2,True,True,1/19448100,1/19448100,True,False,False
4,2|3|5|7,6,0|1|3|3|1|3,2|3|7|7|3|7,2:1|3:2|5:0|7:3,True,True,1/38118276,1/38118276,True,False,False
4,2|3|5|7,6,0|1|3|3|2|1,2|3|7|7|5|3,2:1|3:2|5:1|7:2,True,True,1/19448100,1/19448100,True,False,False
4,2|3|5|7,6,0|1|3|3|2|2,2|3|7|7|5|5,2:1|3:1|5:2|7:2,True,True,1/54022500,1/54022500,True,False,False
4,2|3|5|7,6,0|1|3|3|2|3,2|3|7|7|5|7,2:1|3:1|5:1|7:3,True,True,1/105884100,1/105884100,True,False,False
4,2|3|5|7,6,0|1|3|3|3|1,2|3|7|7|7|3,2:1|3:2|5:0|7:3,True,True,1/38118276,1/38118276,True,False,False
4,2|3|5|7,6,0|1|3|3|3|2,2|3|7|7|7|5,2:1|3:1|5:1|7:3,True,True,1/105884100,1/105884100,True,False,False
4,2|3|5|7,6,0|1|3|3|3|3,2|3|7|7|7|7,2:1|3:1|5:0|7:4,True,True,1/207532836,1/207532836,True,False,False
4,2|3|5|7,6,0|2|0|2|0|3,2|5|2|5|2|7,2:3|3:0|5:2|7:1,True,True,1/1960000,1/1960000,True,False,False
4,2|3|5|7,6,0|2|0|2|1|1,2|5|2|5|3|3,2:2|3:2|5:2|7:0,True,True,1/810000,1/810000,True,False,False
4,2|3|5|7,6,0|2|0|2|1|2,2|5|2|5|3|5,2:2|3:1|5:3|7:0,True,True,1/2250000,1/2250000,True,False,False
4,2|3|5|7,6,0|2|0|2|1|3,2|5|2|5|3|7,2:2|3:1|5:2|7:1,True,True,1/4410000,1/4410000,True,False,False
4,2|3|5|7,6,0|2|0|2|2|1,2|5|2|5|5|3,2:2|3:1|5:3|7:0,True,True,1/2250000,1/2250000,True,False,False
4,2|3|5|7,6,0|2|0|2|2|2,2|5|2|5|5|5,2:2|3:0|5:4|7:0,True,True,1/6250000,1/6250000,True,False,False
4,2|3|5|7,6,0|2|0|2|2|3,2|5|2|5|5|7,2:2|3:0|5:3|7:1,True,True,1/12250000,1/12250000,True,False,False
4,2|3|5|7,6,0|2|0|2|3|1,2|5|2|5|7|3,2:2|3:1|5:2|7:1,True,True,1/4410000,1/4410000,True,False,False
4,2|3|5|7,6,0|2|0|2|3|2,2|5|2|5|7|5,2:2|3:0|5:3|7:1,True,True,1/12250000,1/12250000,True,False,False
4,2|3|5|7,6,0|2|0|2|3|3,2|5|2|5|7|7,2:2|3:0|5:2|7:2,True,True,1/24010000,1/24010000,True,False,False
4,2|3|5|7,6,0|2|0|3|0|3,2|5|2|7|2|7,2:3|3:0|5:1|7:2,True,True,1/3841600,1/3841600,True,False,False
4,2|3|5|7,6,0|2|0|3|1|1,2|5|2|7|3|3,2:2|3:2|5:1|7:1,True,True,1/1587600,1/1587600,True,False,False
4,2|3|5|7,6,0|2|0|3|1|2,2|5|2|7|3|5,2:2|3:1|5:2|7:1,True,True,1/4410000,1/4410000,True,False,False
4,2|3|5|7,6,0|2|0|3|1|3,2|5|2|7|3|7,2:2|3:1|5:1|7:2,True,True,1/8643600,1/8643600,True,False,False
4,2|3|5|7,6,0|2|0|3|2|1,2|5|2|7|5|3,2:2|3:1|5:2|7:1,True,True,1/4410000,1/4410000,True,False,False
4,2|3|5|7,6,0|2|0|3|2|2,2|5|2|7|5|5,2:2|3:0|5:3|7:1,True,True,1/12250000,1/12250000,True,False,False
4,2|3|5|7,6,0|2|0|3|2|3,2|5|2|7|5|7,2:2|3:0|5:2|7:2,True,True,1/24010000,1/24010000,True,False,False
4,2|3|5|7,6,0|2|0|3|3|1,2|5|2|7|7|3,2:2|3:1|5:1|7:2,True,True,1/8643600,1/8643600,True,False,False
4,2|3|5|7,6,0|2|0|3|3|2,2|5|2|7|7|5,2:2|3:0|5:2|7:2,True,True,1/24010000,1/24010000,True,False,False
4,2|3|5|7,6,0|2|0|3|3|3,2|5|2|7|7|7,2:2|3:0|5:1|7:3,True,True,1/47059600,1/47059600,True,False,False
4,2|3|5|7,6,0|2|1|0|2|2,2|5|3|2|5|5,2:2|3:1|5:3|7:0,True,True,1/2250000,1/2250000,True,False,False
4,2|3|5|7,6,0|2|1|0|2|3,2|5|3|2|5|7,2:2|3:1|5:2|7:1,True,True,1/4410000,1/4410000,True,False,False
4,2|3|5|7,6,0|2|1|0|3|1,2|5|3|2|7|3,2:2|3:2|5:1|7:1,True,True,1/1587600,1/1587600,True,False,False
4,2|3|5|7,6,0|2|1|0|3|2,2|5|3|2|7|5,2:2|3:1|5:2|7:1,True,True,1/4410000,1/4410000,True,False,False
4,2|3|5|7,6,0|2|1|0|3|3,2|5|3|2|7|7,2:2|3:1|5:1|7:2,True,True,1/8643600,1/8643600,True,False,False
4,2|3|5|7,6,0|2|1|1|0|3,2|5|3|3|2|7,2:2|3:2|5:1|7:1,True,True,1/1587600,1/1587600,True,False,False
4,2|3|5|7,6,0|2|1|1|1|1,2|5|3|3|3|3,2:1|3:4|5:1|7:0,True,True,1/656100,1/656100,True,False,False
4,2|3|5|7,6,0|2|1|1|1|2,2|5|3|3|3|5,2:1|3:3|5:2|7:0,True,True,1/1822500,1/1822500,True,False,False
4,2|3|5|7,6,0|2|1|1|1|3,2|5|3|3|3|7,2:1|3:3|5:1|7:1,True,True,1/3572100,1/3572100,True,False,False
4,2|3|5|7,6,0|2|1|1|2|1,2|5|3|3|5|3,2:1|3:3|5:2|7:0,True,True,1/1822500,1/1822500,True,False,False
4,2|3|5|7,6,0|2|1|1|2|2,2|5|3|3|5|5,2:1|3:2|5:3|7:0,True,True,1/5062500,1/5062500,True,False,False
4,2|3|5|7,6,0|2|1|1|2|3,2|5|3|3|5|7,2:1|3:2|5:2|7:1,True,True,1/9922500,1/9922500,True,False,False
4,2|3|5|7,6,0|2|1|1|3|1,2|5|3|3|7|3,2:1|3:3|5:1|7:1,True,True,1/3572100,1/3572100,True,False,False
4,2|3|5|7,6,0|2|1|1|3|2,2|5|3|3|7|5,2:1|3:2|5:2|7:1,True,True,1/9922500,1/9922500,True,False,False
4,2|3|5|7,6,0|2|1|1|3|3,2|5|3|3|7|7,2:1|3:2|5:1|7:2,True,True,1/19448100,1/19448100,True,False,False
4,2|3|5|7,6,0|2|1|2|0|3,2|5|3|5|2|7,2:2|3:1|5:2|7:1,True,True,1/4410000,1/4410000,True,False,False
4,2|3|5|7,6,0|2|1|2|1|1,2|5|3|5|3|3,2:1|3:3|5:2|7:0,True,True,1/1822500,1/1822500,True,False,False
4,2|3|5|7,6,0|2|1|2|1|2,2|5|3|5|3|5,2:1|3:2|5:3|7:0,True,True,1/5062500,1/5062500,True,False,False
4,2|3|5|7,6,0|2|1|2|1|3,2|5|3|5|3|7,2:1|3:2|5:2|7:1,True,True,1/9922500,1/9922500,True,False,False
4,2|3|5|7,6,0|2|1|2|2|1,2|5|3|5|5|3,2:1|3:2|5:3|7:0,True,True,1/5062500,1/5062500,True,False,False
4,2|3|5|7,6,0|2|1|2|2|2,2|5|3|5|5|5,2:1|3:1|5:4|7:0,True,True,1/14062500,1/14062500,True,False,False
4,2|3|5|7,6,0|2|1|2|2|3,2|5|3|5|5|7,2:1|3:1|5:3|7:1,True,True,1/27562500,1/27562500,True,False,False
4,2|3|5|7,6,0|2|1|2|3|1,2|5|3|5|7|3,2:1|3:2|5:2|7:1,True,True,1/9922500,1/9922500,True,False,False
4,2|3|5|7,6,0|2|1|2|3|2,2|5|3|5|7|5,2:1|3:1|5:3|7:1,True,True,1/27562500,1/27562500,True,False,False
4,2|3|5|7,6,0|2|1|2|3|3,2|5|3|5|7|7,2:1|3:1|5:2|7:2,True,True,1/54022500,1/54022500,True,False,False
4,2|3|5|7,6,0|2|1|3|0|3,2|5|3|7|2|7,2:2|3:1|5:1|7:2,True,True,1/8643600,1/8643600,True,False,False
4,2|3|5|7,6,0|2|1|3|1|1,2|5|3|7|3|3,2:1|3:3|5:1|7:1,True,True,1/3572100,1/3572100,True,False,False
4,2|3|5|7,6,0|2|1|3|1|2,2|5|3|7|3|5,2:1|3:2|5:2|7:1,True,True,1/9922500,1/9922500,True,False,False
4,2|3|5|7,6,0|2|1|3|1|3,2|5|3|7|3|7,2:1|3:2|5:1|7:2,True,True,1/19448100,1/19448100,True,False,False
4,2|3|5|7,6,0|2|1|3|2|1,2|5|3|7|5|3,2:1|3:2|5:2|7:1,True,True,1/9922500,1/9922500,True,False,False
4,2|3|5|7,6,0|2|1|3|2|2,2|5|3|7|5|5,2:1|3:1|5:3|7:1,True,True,1/27562500,1/27562500,True,False,False
4,2|3|5|7,6,0|2|1|3|2|3,2|5|3|7|5|7,2:1|3:1|5:2|7:2,True,True,1/54022500,1/54022500,True,False,False
4,2|3|5|7,6,0|2|1|3|3|1,2|5|3|7|7|3,2:1|3:2|5:1|7:2,True,True,1/19448100,1/19448100,True,False,False
4,2|3|5|7,6,0|2|1|3|3|2,2|5|3|7|7|5,2:1|3:1|5:2|7:2,True,True,1/54022500,1/54022500,True,False,False
4,2|3|5|7,6,0|2|1|3|3|3,2|5|3|7|7|7,2:1|3:1|5:1|7:3,True,True,1/105884100,1/105884100,True,False,False
4,2|3|5|7,6,0|2|2|0|2|3,2|5|5|2|5|7,2:2|3:0|5:3|7:1,True,True,1/12250000,1/12250000,True,False,False
4,2|3|5|7,6,0|2|2|0|3|1,2|5|5|2|7|3,2:2|3:1|5:2|7:1,True,True,1/4410000,1/4410000,True,False,False
4,2|3|5|7,6,0|2|2|0|3|2,2|5|5|2|7|5,2:2|3:0|5:3|7:1,True,True,1/12250000,1/12250000,True,False,False
4,2|3|5|7,6,0|2|2|0|3|3,2|5|5|2|7|7,2:2|3:0|5:2|7:2,True,True,1/24010000,1/24010000,True,False,False
4,2|3|5|7,6,0|2|2|1|0|3,2|5|5|3|2|7,2:2|3:1|5:2|7:1,True,True,1/4410000,1/4410000,True,False,False
4,2|3|5|7,6,0|2|2|1|1|1,2|5|5|3|3|3,2:1|3:3|5:2|7:0,True,True,1/1822500,1/1822500,True,False,False
4,2|3|5|7,6,0|2|2|1|1|2,2|5|5|3|3|5,2:1|3:2|5:3|7:0,True,True,1/5062500,1/5062500,True,False,False
4,2|3|5|7,6,0|2|2|1|1|3,2|5|5|3|3|7,2:1|3:2|5:2|7:1,True,True,1/9922500,1/9922500,True,False,False
4,2|3|5|7,6,0|2|2|1|2|1,2|5|5|3|5|3,2:1|3:2|5:3|7:0,True,True,1/5062500,1/5062500,True,False,False
4,2|3|5|7,6,0|2|2|1|2|2,2|5|5|3|5|5,2:1|3:1|5:4|7:0,True,True,1/14062500,1/14062500,True,False,False
4,2|3|5|7,6,0|2|2|1|2|3,2|5|5|3|5|7,2:1|3:1|5:3|7:1,True,True,1/27562500,1/27562500,True,False,False
4,2|3|5|7,6,0|2|2|1|3|1,2|5|5|3|7|3,2:1|3:2|5:2|7:1,True,True,1/9922500,1/9922500,True,False,False
4,2|3|5|7,6,0|2|2|1|3|2,2|5|5|3|7|5,2:1|3:1|5:3|7:1,True,True,1/27562500,1/27562500,True,False,False
4,2|3|5|7,6,0|2|2|1|3|3,2|5|5|3|7|7,2:1|3:1|5:2|7:2,True,True,1/54022500,1/54022500,True,False,False
4,2|3|5|7,6,0|2|2|2|0|3,2|5|5|5|2|7,2:2|3:0|5:3|7:1,True,True,1/12250000,1/12250000,True,False,False
4,2|3|5|7,6,0|2|2|2|1|1,2|5|5|5|3|3,2:1|3:2|5:3|7:0,True,True,1/5062500,1/5062500,True,False,False
4,2|3|5|7,6,0|2|2|2|1|2,2|5|5|5|3|5,2:1|3:1|5:4|7:0,True,True,1/14062500,1/14062500,True,False,False
4,2|3|5|7,6,0|2|2|2|1|3,2|5|5|5|3|7,2:1|3:1|5:3|7:1,True,True,1/27562500,1/27562500,True,False,False
4,2|3|5|7,6,0|2|2|2|2|1,2|5|5|5|5|3,2:1|3:1|5:4|7:0,True,True,1/14062500,1/14062500,True,False,False
4,2|3|5|7,6,0|2|2|2|2|2,2|5|5|5|5|5,2:1|3:0|5:5|7:0,True,True,1/39062500,1/39062500,True,False,False
4,2|3|5|7,6,0|2|2|2|2|3,2|5|5|5|5|7,2:1|3:0|5:4|7:1,True,True,1/76562500,1/76562500,True,False,False
4,2|3|5|7,6,0|2|2|2|3|1,2|5|5|5|7|3,2:1|3:1|5:3|7:1,True,True,1/27562500,1/27562500,True,False,False
4,2|3|5|7,6,0|2|2|2|3|2,2|5|5|5|7|5,2:1|3:0|5:4|7:1,True,True,1/76562500,1/76562500,True,False,False
4,2|3|5|7,6,0|2|2|2|3|3,2|5|5|5|7|7,2:1|3:0|5:3|7:2,True,True,1/150062500,1/150062500,True,False,False
4,2|3|5|7,6,0|2|2|3|0|3,2|5|5|7|2|7,2:2|3:0|5:2|7:2,True,True,1/24010000,1/24010000,True,False,False
4,2|3|5|7,6,0|2|2|3|1|1,2|5|5|7|3|3,2:1|3:2|5:2|7:1,True,True,1/9922500,1/9922500,True,False,False
4,2|3|5|7,6,0|2|2|3|1|2,2|5|5|7|3|5,2:1|3:1|5:3|7:1,True,True,1/27562500,1/27562500,True,False,False
4,2|3|5|7,6,0|2|2|3|1|3,2|5|5|7|3|7,2:1|3:1|5:2|7:2,True,True,1/54022500,1/54022500,True,False,False
4,2|3|5|7,6,0|2|2|3|2|1,2|5|5|7|5|3,2:1|3:1|5:3|7:1,True,True,1/27562500,1/27562500,True,False,False
4,2|3|5|7,6,0|2|2|3|2|2,2|5|5|7|5|5,2:1|3:0|5:4|7:1,True,True,1/76562500,1/76562500,True,False,False
4,2|3|5|7,6,0|2|2|3|2|3,2|5|5|7|5|7,2:1|3:0|5:3|7:2,True,True,1/150062500,1/150062500,True,False,False
4,2|3|5|7,6,0|2|2|3|3|1,2|5|5|7|7|3,2:1|3:1|5:2|7:2,True,True,1/54022500,1/54022500,True,False,False
4,2|3|5|7,6,0|2|2|3|3|2,2|5|5|7|7|5,2:1|3:0|5:3|7:2,True,True,1/150062500,1/150062500,True,False,False
4,2|3|5|7,6,0|2|2|3|3|3,2|5|5|7|7|7,2:1|3:0|5:2|7:3,True,True,1/294122500,1/294122500,True,False,False
4,2|3|5|7,6,0|2|3|0|3|1,2|5|7|2|7|3,2:2|3:1|5:1|7:2,True,True,1/8643600,1/8643600,True,False,False
4,2|3|5|7,6,0|2|3|0|3|2,2|5|7|2|7|5,2:2|3:0|5:2|7:2,True,True,1/24010000,1/24010000,True,False,False
4,2|3|5|7,6,0|2|3|0|3|3,2|5|7|2|7|7,2:2|3:0|5:1|7:3,True,True,1/47059600,1/47059600,True,False,False
4,2|3|5|7,6,0|2|3|1|0|3,2|5|7|3|2|7,2:2|3:1|5:1|7:2,True,True,1/8643600,1/8643600,True,False,False
4,2|3|5|7,6,0|2|3|1|1|1,2|5|7|3|3|3,2:1|3:3|5:1|7:1,True,True,1/3572100,1/3572100,True,False,False
4,2|3|5|7,6,0|2|3|1|1|2,2|5|7|3|3|5,2:1|3:2|5:2|7:1,True,True,1/9922500,1/9922500,True,False,False
4,2|3|5|7,6,0|2|3|1|1|3,2|5|7|3|3|7,2:1|3:2|5:1|7:2,True,True,1/19448100,1/19448100,True,False,False
4,2|3|5|7,6,0|2|3|1|2|1,2|5|7|3|5|3,2:1|3:2|5:2|7:1,True,True,1/9922500,1/9922500,True,False,False
4,2|3|5|7,6,0|2|3|1|2|2,2|5|7|3|5|5,2:1|3:1|5:3|7:1,True,True,1/27562500,1/27562500,True,False,False
4,2|3|5|7,6,0|2|3|1|2|3,2|5|7|3|5|7,2:1|3:1|5:2|7:2,True,True,1/54022500,1/54022500,True,False,False
4,2|3|5|7,6,0|2|3|1|3|1,2|5|7|3|7|3,2:1|3:2|5:1|7:2,True,True,1/19448100,1/19448100,True,False,False
4,2|3|5|7,6,0|2|3|1|3|2,2|5|7|3|7|5,2:1|3:1|5:2|7:2,True,True,1/54022500,1/54022500,True,False,False
4,2|3|5|7,6,0|2|3|1|3|3,2|5|7|3|7|7,2:1|3:1|5:1|7:3,True,True,1/105884100,1/105884100,True,False,False
4,2|3|5|7,6,0|2|3|2|0|3,2|5|7|5|2|7,2:2|3:0|5:2|7:2,True,True,1/24010000,1/24010000,True,False,False
4,2|3|5|7,6,0|2|3|2|1|1,2|5|7|5|3|3,2:1|3:2|5:2|7:1,True,True,1/9922500,1/9922500,True,False,False
4,2|3|5|7,6,0|2|3|2|1|2,2|5|7|5|3|5,2:1|3:1|5:3|7:1,True,True,1/27562500,1/27562500,True,False,False
4,2|3|5|7,6,0|2|3|2|1|3,2|5|7|5|3|7,2:1|3:1|5:2|7:2,True,True,1/54022500,1/54022500,True,False,False
4,2|3|5|7,6,0|2|3|2|2|1,2|5|7|5|5|3,2:1|3:1|5:3|7:1,True,True,1/27562500,1/27562500,True,False,False
4,2|3|5|7,6,0|2|3|2|2|2,2|5|7|5|5|5,2:1|3:0|5:4|7:1,True,True,1/76562500,1/76562500,True,False,False
4,2|3|5|7,6,0|2|3|2|2|3,2|5|7|5|5|7,2:1|3:0|5:3|7:2,True,True,1/150062500,1/150062500,True,False,False
4,2|3|5|7,6,0|2|3|2|3|1,2|5|7|5|7|3,2:1|3:1|5:2|7:2,True,True,1/54022500,1/54022500,True,False,False
4,2|3|5|7,6,0|2|3|2|3|2,2|5|7|5|7|5,2:1|3:0|5:3|7:2,True,True,1/150062500,1/150062500,True,False,False
4,2|3|5|7,6,0|2|3|2|3|3,2|5|7|5|7|7,2:1|3:0|5:2|7:3,True,True,1/294122500,1/294122500,True,False,False
4,2|3|5|7,6,0|2|3|3|0|3,2|5|7|7|2|7,2:2|3:0|5:1|7:3,True,True,1/47059600,1/47059600,True,False,False
4,2|3|5|7,6,0|2|3|3|1|1,2|5|7|7|3|3,2:1|3:2|5:1|7:2,True,True,1/19448100,1/19448100,True,False,False
4,2|3|5|7,6,0|2|3|3|1|2,2|5|7|7|3|5,2:1|3:1|5:2|7:2,True,True,1/54022500,1/54022500,True,False,False
4,2|3|5|7,6,0|2|3|3|1|3,2|5|7|7|3|7,2:1|3:1|5:1|7:3,True,True,1/105884100,1/105884100,True,False,False
4,2|3|5|7,6,0|2|3|3|2|1,2|5|7|7|5|3,2:1|3:1|5:2|7:2,True,True,1/54022500,1/54022500,True,False,False
4,2|3|5|7,6,0|2|3|3|2|2,2|5|7|7|5|5,2:1|3:0|5:3|7:2,True,True,1/150062500,1/150062500,True,False,False
4,2|3|5|7,6,0|2|3|3|2|3,2|5|7|7|5|7,2:1|3:0|5:2|7:3,True,True,1/294122500,1/294122500,True,False,False
4,2|3|5|7,6,0|2|3|3|3|1,2|5|7|7|7|3,2:1|3:1|5:1|7:3,True,True,1/105884100,1/105884100,True,False,False
4,2|3|5|7,6,0|2|3|3|3|2,2|5|7|7|7|5,2:1|3:0|5:2|7:3,True,True,1/294122500,1/294122500,True,False,False
4,2|3|5|7,6,0|2|3|3|3|3,2|5|7|7|7|7,2:1|3:0|5:1|7:4,True,True,1/576480100,1/576480100,True,False,False
4,2|3|5|7,6,0|3|0|3|1|1,2|7|2|7|3|3,2:2|3:2|5:0|7:2,True,True,1/3111696,1/3111696,True,False,False
4,2|3|5|7,6,0|3|0|3|1|2,2|7|2|7|3|5,2:2|3:1|5:1|7:2,True,True,1/8643600,1/8643600,True,False,False
4,2|3|5|7,6,0|3|0|3|1|3,2|7|2|7|3|7,2:2|3:1|5:0|7:3,True,True,1/16941456,1/16941456,True,False,False
4,2|3|5|7,6,0|3|0|3|2|1,2|7|2|7|5|3,2:2|3:1|5:1|7:2,True,True,1/8643600,1/8643600,True,False,False
4,2|3|5|7,6,0|3|0|3|2|2,2|7|2|7|5|5,2:2|3:0|5:2|7:2,True,True,1/24010000,1/24010000,True,False,False
4,2|3|5|7,6,0|3|0|3|2|3,2|7|2|7|5|7,2:2|3:0|5:1|7:3,True,True,1/47059600,1/47059600,True,False,False
4,2|3|5|7,6,0|3|0|3|3|1,2|7|2|7|7|3,2:2|3:1|5:0|7:3,True,True,1/16941456,1/16941456,True,False,False
4,2|3|5|7,6,0|3|0|3|3|2,2|7|2|7|7|5,2:2|3:0|5:1|7:3,True,True,1/47059600,1/47059600,True,False,False
4,2|3|5|7,6,0|3|0|3|3|3,2|7|2|7|7|7,2:2|3:0|5:0|7:4,True,True,1/92236816,1/92236816,True,False,False
4,2|3|5|7,6,0|3|1|0|3|2,2|7|3|2|7|5,2:2|3:1|5:1|7:2,True,True,1/8643600,1/8643600,True,False,False
4,2|3|5|7,6,0|3|1|0|3|3,2|7|3|2|7|7,2:2|3:1|5:0|7:3,True,True,1/16941456,1/16941456,True,False,False
4,2|3|5|7,6,0|3|1|1|1|1,2|7|3|3|3|3,2:1|3:4|5:0|7:1,True,True,1/1285956,1/1285956,True,False,False
4,2|3|5|7,6,0|3|1|1|1|2,2|7|3|3|3|5,2:1|3:3|5:1|7:1,True,True,1/3572100,1/3572100,True,False,False
4,2|3|5|7,6,0|3|1|1|1|3,2|7|3|3|3|7,2:1|3:3|5:0|7:2,True,True,1/7001316,1/7001316,True,False,False
4,2|3|5|7,6,0|3|1|1|2|1,2|7|3|3|5|3,2:1|3:3|5:1|7:1,True,True,1/3572100,1/3572100,True,False,False
4,2|3|5|7,6,0|3|1|1|2|2,2|7|3|3|5|5,2:1|3:2|5:2|7:1,True,True,1/9922500,1/9922500,True,False,False
4,2|3|5|7,6,0|3|1|1|2|3,2|7|3|3|5|7,2:1|3:2|5:1|7:2,True,True,1/19448100,1/19448100,True,False,False
4,2|3|5|7,6,0|3|1|1|3|1,2|7|3|3|7|3,2:1|3:3|5:0|7:2,True,True,1/7001316,1/7001316,True,False,False
4,2|3|5|7,6,0|3|1|1|3|2,2|7|3|3|7|5,2:1|3:2|5:1|7:2,True,True,1/19448100,1/19448100,True,False,False
4,2|3|5|7,6,0|3|1|1|3|3,2|7|3|3|7|7,2:1|3:2|5:0|7:3,True,True,1/38118276,1/38118276,True,False,False
4,2|3|5|7,6,0|3|1|2|1|1,2|7|3|5|3|3,2:1|3:3|5:1|7:1,True,True,1/3572100,1/3572100,True,False,False
4,2|3|5|7,6,0|3|1|2|1|2,2|7|3|5|3|5,2:1|3:2|5:2|7:1,True,True,1/9922500,1/9922500,True,False,False
4,2|3|5|7,6,0|3|1|2|1|3,2|7|3|5|3|7,2:1|3:2|5:1|7:2,True,True,1/19448100,1/19448100,True,False,False
4,2|3|5|7,6,0|3|1|2|2|1,2|7|3|5|5|3,2:1|3:2|5:2|7:1,True,True,1/9922500,1/9922500,True,False,False
4,2|3|5|7,6,0|3|1|2|2|2,2|7|3|5|5|5,2:1|3:1|5:3|7:1,True,True,1/27562500,1/27562500,True,False,False
4,2|3|5|7,6,0|3|1|2|2|3,2|7|3|5|5|7,2:1|3:1|5:2|7:2,True,True,1/54022500,1/54022500,True,False,False
4,2|3|5|7,6,0|3|1|2|3|1,2|7|3|5|7|3,2:1|3:2|5:1|7:2,True,True,1/19448100,1/19448100,True,False,False
4,2|3|5|7,6,0|3|1|2|3|2,2|7|3|5|7|5,2:1|3:1|5:2|7:2,True,True,1/54022500,1/54022500,True,False,False
4,2|3|5|7,6,0|3|1|2|3|3,2|7|3|5|7|7,2:1|3:1|5:1|7:3,True,True,1/105884100,1/105884100,True,False,False
4,2|3|5|7,6,0|3|1|3|1|1,2|7|3|7|3|3,2:1|3:3|5:0|7:2,True,True,1/7001316,1/7001316,True,False,False
4,2|3|5|7,6,0|3|1|3|1|2,2|7|3|7|3|5,2:1|3:2|5:1|7:2,True,True,1/19448100,1/19448100,True,False,False
4,2|3|5|7,6,0|3|1|3|1|3,2|7|3|7|3|7,2:1|3:2|5:0|7:3,True,True,1/38118276,1/38118276,True,False,False
4,2|3|5|7,6,0|3|1|3|2|1,2|7|3|7|5|3,2:1|3:2|5:1|7:2,True,True,1/19448100,1/19448100,True,False,False
4,2|3|5|7,6,0|3|1|3|2|2,2|7|3|7|5|5,2:1|3:1|5:2|7:2,True,True,1/54022500,1/54022500,True,False,False
4,2|3|5|7,6,0|3|1|3|2|3,2|7|3|7|5|7,2:1|3:1|5:1|7:3,True,True,1/105884100,1/105884100,True,False,False
4,2|3|5|7,6,0|3|1|3|3|1,2|7|3|7|7|3,2:1|3:2|5:0|7:3,True,True,1/38118276,1/38118276,True,False,False
4,2|3|5|7,6,0|3|1|3|3|2,2|7|3|7|7|5,2:1|3:1|5:1|7:3,True,True,1/105884100,1/105884100,True,False,False
4,2|3|5|7,6,0|3|1|3|3|3,2|7|3|7|7|7,2:1|3:1|5:0|7:4,True,True,1/207532836,1/207532836,True,False,False
4,2|3|5|7,6,0|3|2|0|3|3,2|7|5|2|7|7,2:2|3:0|5:1|7:3,True,True,1/47059600,1/47059600,True,False,False
4,2|3|5|7,6,0|3|2|1|1|1,2|7|5|3|3|3,2:1|3:3|5:1|7:1,True,True,1/3572100,1/3572100,True,False,False
4,2|3|5|7,6,0|3|2|1|1|2,2|7|5|3|3|5,2:1|3:2|5:2|7:1,True,True,1/9922500,1/9922500,True,False,False
4,2|3|5|7,6,0|3|2|1|1|3,2|7|5|3|3|7,2:1|3:2|5:1|7:2,True,True,1/19448100,1/19448100,True,False,False
4,2|3|5|7,6,0|3|2|1|2|1,2|7|5|3|5|3,2:1|3:2|5:2|7:1,True,True,1/9922500,1/9922500,True,False,False
4,2|3|5|7,6,0|3|2|1|2|2,2|7|5|3|5|5,2:1|3:1|5:3|7:1,True,True,1/27562500,1/27562500,True,False,False
4,2|3|5|7,6,0|3|2|1|2|3,2|7|5|3|5|7,2:1|3:1|5:2|7:2,True,True,1/54022500,1/54022500,True,False,False
4,2|3|5|7,6,0|3|2|1|3|1,2|7|5|3|7|3,2:1|3:2|5:1|7:2,True,True,1/19448100,1/19448100,True,False,False
4,2|3|5|7,6,0|3|2|1|3|2,2|7|5|3|7|5,2:1|3:1|5:2|7:2,True,True,1/54022500,1/54022500,True,False,False
4,2|3|5|7,6,0|3|2|1|3|3,2|7|5|3|7|7,2:1|3:1|5:1|7:3,True,True,1/105884100,1/105884100,True,False,False
4,2|3|5|7,6,0|3|2|2|1|1,2|7|5|5|3|3,2:1|3:2|5:2|7:1,True,True,1/9922500,1/9922500,True,False,False
4,2|3|5|7,6,0|3|2|2|1|2,2|7|5|5|3|5,2:1|3:1|5:3|7:1,True,True,1/27562500,1/27562500,True,False,False
4,2|3|5|7,6,0|3|2|2|1|3,2|7|5|5|3|7,2:1|3:1|5:2|7:2,True,True,1/54022500,1/54022500,True,False,False
4,2|3|5|7,6,0|3|2|2|2|1,2|7|5|5|5|3,2:1|3:1|5:3|7:1,True,True,1/27562500,1/27562500,True,False,False
4,2|3|5|7,6,0|3|2|2|2|2,2|7|5|5|5|5,2:1|3:0|5:4|7:1,True,True,1/76562500,1/76562500,True,False,False
4,2|3|5|7,6,0|3|2|2|2|3,2|7|5|5|5|7,2:1|3:0|5:3|7:2,True,True,1/150062500,1/150062500,True,False,False
4,2|3|5|7,6,0|3|2|2|3|1,2|7|5|5|7|3,2:1|3:1|5:2|7:2,True,True,1/54022500,1/54022500,True,False,False
4,2|3|5|7,6,0|3|2|2|3|2,2|7|5|5|7|5,2:1|3:0|5:3|7:2,True,True,1/150062500,1/150062500,True,False,False
4,2|3|5|7,6,0|3|2|2|3|3,2|7|5|5|7|7,2:1|3:0|5:2|7:3,True,True,1/294122500,1/294122500,True,False,False
4,2|3|5|7,6,0|3|2|3|1|1,2|7|5|7|3|3,2:1|3:2|5:1|7:2,True,True,1/19448100,1/19448100,True,False,False
4,2|3|5|7,6,0|3|2|3|1|2,2|7|5|7|3|5,2:1|3:1|5:2|7:2,True,True,1/54022500,1/54022500,True,False,False
4,2|3|5|7,6,0|3|2|3|1|3,2|7|5|7|3|7,2:1|3:1|5:1|7:3,True,True,1/105884100,1/105884100,True,False,False
4,2|3|5|7,6,0|3|2|3|2|1,2|7|5|7|5|3,2:1|3:1|5:2|7:2,True,True,1/54022500,1/54022500,True,False,False
4,2|3|5|7,6,0|3|2|3|2|2,2|7|5|7|5|5,2:1|3:0|5:3|7:2,True,True,1/150062500,1/150062500,True,False,False
4,2|3|5|7,6,0|3|2|3|2|3,2|7|5|7|5|7,2:1|3:0|5:2|7:3,True,True,1/294122500,1/294122500,True,False,False
4,2|3|5|7,6,0|3|2|3|3|1,2|7|5|7|7|3,2:1|3:1|5:1|7:3,True,True,1/105884100,1/105884100,True,False,False
4,2|3|5|7,6,0|3|2|3|3|2,2|7|5|7|7|5,2:1|3:0|5:2|7:3,True,True,1/294122500,1/294122500,True,False,False
4,2|3|5|7,6,0|3|2|3|3|3,2|7|5|7|7|7,2:1|3:0|5:1|7:4,True,True,1/576480100,1/576480100,True,False,False
4,2|3|5|7,6,0|3|3|1|1|1,2|7|7|3|3|3,2:1|3:3|5:0|7:2,True,True,1/7001316,1/7001316,True,False,False
4,2|3|5|7,6,0|3|3|1|1|2,2|7|7|3|3|5,2:1|3:2|5:1|7:2,True,True,1/19448100,1/19448100,True,False,False
4,2|3|5|7,6,0|3|3|1|1|3,2|7|7|3|3|7,2:1|3:2|5:0|7:3,True,True,1/38118276,1/38118276,True,False,False
4,2|3|5|7,6,0|3|3|1|2|1,2|7|7|3|5|3,2:1|3:2|5:1|7:2,True,True,1/19448100,1/19448100,True,False,False
4,2|3|5|7,6,0|3|3|1|2|2,2|7|7|3|5|5,2:1|3:1|5:2|7:2,True,True,1/54022500,1/54022500,True,False,False
4,2|3|5|7,6,0|3|3|1|2|3,2|7|7|3|5|7,2:1|3:1|5:1|7:3,True,True,1/105884100,1/105884100,True,False,False
4,2|3|5|7,6,0|3|3|1|3|1,2|7|7|3|7|3,2:1|3:2|5:0|7:3,True,True,1/38118276,1/38118276,True,False,False
4,2|3|5|7,6,0|3|3|1|3|2,2|7|7|3|7|5,2:1|3:1|5:1|7:3,True,True,1/105884100,1/105884100,True,False,False
4,2|3|5|7,6,0|3|3|1|3|3,2|7|7|3|7|7,2:1|3:1|5:0|7:4,True,True,1/207532836,1/207532836,True,False,False
4,2|3|5|7,6,0|3|3|2|1|1,2|7|7|5|3|3,2:1|3:2|5:1|7:2,True,True,1/19448100,1/19448100,True,False,False
4,2|3|5|7,6,0|3|3|2|1|2,2|7|7|5|3|5,2:1|3:1|5:2|7:2,True,True,1/54022500,1/54022500,True,False,False
4,2|3|5|7,6,0|3|3|2|1|3,2|7|7|5|3|7,2:1|3:1|5:1|7:3,True,True,1/105884100,1/105884100,True,False,False
4,2|3|5|7,6,0|3|3|2|2|1,2|7|7|5|5|3,2:1|3:1|5:2|7:2,True,True,1/54022500,1/54022500,True,False,False
4,2|3|5|7,6,0|3|3|2|2|2,2|7|7|5|5|5,2:1|3:0|5:3|7:2,True,True,1/150062500,1/150062500,True,False,False
4,2|3|5|7,6,0|3|3|2|2|3,2|7|7|5|5|7,2:1|3:0|5:2|7:3,True,True,1/294122500,1/294122500,True,False,False
4,2|3|5|7,6,0|3|3|2|3|1,2|7|7|5|7|3,2:1|3:1|5:1|7:3,True,True,1/105884100,1/105884100,True,False,False
4,2|3|5|7,6,0|3|3|2|3|2,2|7|7|5|7|5,2:1|3:0|5:2|7:3,True,True,1/294122500,1/294122500,True,False,False
4,2|3|5|7,6,0|3|3|2|3|3,2|7|7|5|7|7,2:1|3:0|5:1|7:4,True,True,1/576480100,1/576480100,True,False,False
4,2|3|5|7,6,0|3|3|3|1|1,2|7|7|7|3|3,2:1|3:2|5:0|7:3,True,True,1/38118276,1/38118276,True,False,False
4,2|3|5|7,6,0|3|3|3|1|2,2|7|7|7|3|5,2:1|3:1|5:1|7:3,True,True,1/105884100,1/105884100,True,False,False
4,2|3|5|7,6,0|3|3|3|1|3,2|7|7|7|3|7,2:1|3:1|5:0|7:4,True,True,1/207532836,1/207532836,True,False,False
4,2|3|5|7,6,0|3|3|3|2|1,2|7|7|7|5|3,2:1|3:1|5:1|7:3,True,True,1/105884100,1/105884100,True,False,False
4,2|3|5|7,6,0|3|3|3|2|2,2|7|7|7|5|5,2:1|3:0|5:2|7:3,True,True,1/294122500,1/294122500,True,False,False
4,2|3|5|7,6,0|3|3|3|2|3,2|7|7|7|5|7,2:1|3:0|5:1|7:4,True,True,1/576480100,1/576480100,True,False,False
4,2|3|5|7,6,0|3|3|3|3|1,2|7|7|7|7|3,2:1|3:1|5:0|7:4,True,True,1/207532836,1/207532836,True,False,False
4,2|3|5|7,6,0|3|3|3|3|2,2|7|7|7|7|5,2:1|3:0|5:1|7:4,True,True,1/576480100,1/576480100,True,False,False
4,2|3|5|7,6,0|3|3|3|3|3,2|7|7|7|7|7,2:1|3:0|5:0|7:5,True,True,1/1129900996,1/1129900996,True,False,False
4,2|3|5|7,6,1|1|1|1|1|2,3|3|3|3|3|5,2:0|3:5|5:1|7:0,True,True,1/1476225,1/1476225,True,False,False
4,2|3|5|7,6,1|1|1|1|1|3,3|3|3|3|3|7,2:0|3:5|5:0|7:1,True,True,1/2893401,1/2893401,True,False,False
4,2|3|5|7,6,1|1|1|1|2|2,3|3|3|3|5|5,2:0|3:4|5:2|7:0,True,True,1/4100625,1/4100625,True,False,False
4,2|3|5|7,6,1|1|1|1|2|3,3|3|3|3|5|7,2:0|3:4|5:1|7:1,True,True,1/8037225,1/8037225,True,False,False
4,2|3|5|7,6,1|1|1|1|3|2,3|3|3|3|7|5,2:0|3:4|5:1|7:1,True,True,1/8037225,1/8037225,True,False,False
4,2|3|5|7,6,1|1|1|1|3|3,3|3|3|3|7|7,2:0|3:4|5:0|7:2,True,True,1/15752961,1/15752961,True,False,False
4,2|3|5|7,6,1|1|1|2|1|2,3|3|3|5|3|5,2:0|3:4|5:2|7:0,True,True,1/4100625,1/4100625,True,False,False
4,2|3|5|7,6,1|1|1|2|1|3,3|3|3|5|3|7,2:0|3:4|5:1|7:1,True,True,1/8037225,1/8037225,True,False,False
4,2|3|5|7,6,1|1|1|2|2|2,3|3|3|5|5|5,2:0|3:3|5:3|7:0,True,True,1/11390625,1/11390625,True,False,False
4,2|3|5|7,6,1|1|1|2|2|3,3|3|3|5|5|7,2:0|3:3|5:2|7:1,True,True,1/22325625,1/22325625,True,False,False
4,2|3|5|7,6,1|1|1|2|3|2,3|3|3|5|7|5,2:0|3:3|5:2|7:1,True,True,1/22325625,1/22325625,True,False,False
4,2|3|5|7,6,1|1|1|2|3|3,3|3|3|5|7|7,2:0|3:3|5:1|7:2,True,True,1/43758225,1/43758225,True,False,False
4,2|3|5|7,6,1|1|1|3|1|2,3|3|3|7|3|5,2:0|3:4|5:1|7:1,True,True,1/8037225,1/8037225,True,False,False
4,2|3|5|7,6,1|1|1|3|1|3,3|3|3|7|3|7,2:0|3:4|5:0|7:2,True,True,1/15752961,1/15752961,True,False,False
4,2|3|5|7,6,1|1|1|3|2|2,3|3|3|7|5|5,2:0|3:3|5:2|7:1,True,True,1/22325625,1/22325625,True,False,False
4,2|3|5|7,6,1|1|1|3|2|3,3|3|3|7|5|7,2:0|3:3|5:1|7:2,True,True,1/43758225,1/43758225,True,False,False
4,2|3|5|7,6,1|1|1|3|3|2,3|3|3|7|7|5,2:0|3:3|5:1|7:2,True,True,1/43758225,1/43758225,True,False,False
4,2|3|5|7,6,1|1|1|3|3|3,3|3|3|7|7|7,2:0|3:3|5:0|7:3,True,True,1/85766121,1/85766121,True,False,False
4,2|3|5|7,6,1|1|2|1|1|3,3|3|5|3|3|7,2:0|3:4|5:1|7:1,True,True,1/8037225,1/8037225,True,False,False
4,2|3|5|7,6,1|1|2|1|2|2,3|3|5|3|5|5,2:0|3:3|5:3|7:0,True,True,1/11390625,1/11390625,True,False,False
4,2|3|5|7,6,1|1|2|1|2|3,3|3|5|3|5|7,2:0|3:3|5:2|7:1,True,True,1/22325625,1/22325625,True,False,False
4,2|3|5|7,6,1|1|2|1|3|2,3|3|5|3|7|5,2:0|3:3|5:2|7:1,True,True,1/22325625,1/22325625,True,False,False
4,2|3|5|7,6,1|1|2|1|3|3,3|3|5|3|7|7,2:0|3:3|5:1|7:2,True,True,1/43758225,1/43758225,True,False,False
4,2|3|5|7,6,1|1|2|2|1|2,3|3|5|5|3|5,2:0|3:3|5:3|7:0,True,True,1/11390625,1/11390625,True,False,False
4,2|3|5|7,6,1|1|2|2|1|3,3|3|5|5|3|7,2:0|3:3|5:2|7:1,True,True,1/22325625,1/22325625,True,False,False
4,2|3|5|7,6,1|1|2|2|2|2,3|3|5|5|5|5,2:0|3:2|5:4|7:0,True,True,1/31640625,1/31640625,True,False,False
4,2|3|5|7,6,1|1|2|2|2|3,3|3|5|5|5|7,2:0|3:2|5:3|7:1,True,True,1/62015625,1/62015625,True,False,False
4,2|3|5|7,6,1|1|2|2|3|2,3|3|5|5|7|5,2:0|3:2|5:3|7:1,True,True,1/62015625,1/62015625,True,False,False
4,2|3|5|7,6,1|1|2|2|3|3,3|3|5|5|7|7,2:0|3:2|5:2|7:2,True,True,1/121550625,1/121550625,True,False,False
4,2|3|5|7,6,1|1|2|3|1|2,3|3|5|7|3|5,2:0|3:3|5:2|7:1,True,True,1/22325625,1/22325625,True,False,False
4,2|3|5|7,6,1|1|2|3|1|3,3|3|5|7|3|7,2:0|3:3|5:1|7:2,True,True,1/43758225,1/43758225,True,False,False
4,2|3|5|7,6,1|1|2|3|2|2,3|3|5|7|5|5,2:0|3:2|5:3|7:1,True,True,1/62015625,1/62015625,True,False,False
4,2|3|5|7,6,1|1|2|3|2|3,3|3|5|7|5|7,2:0|3:2|5:2|7:2,True,True,1/121550625,1/121550625,True,False,False
4,2|3|5|7,6,1|1|2|3|3|2,3|3|5|7|7|5,2:0|3:2|5:2|7:2,True,True,1/121550625,1/121550625,True,False,False
4,2|3|5|7,6,1|1|2|3|3|3,3|3|5|7|7|7,2:0|3:2|5:1|7:3,True,True,1/238239225,1/238239225,True,False,False
4,2|3|5|7,6,1|1|3|1|2|2,3|3|7|3|5|5,2:0|3:3|5:2|7:1,True,True,1/22325625,1/22325625,True,False,False
4,2|3|5|7,6,1|1|3|1|2|3,3|3|7|3|5|7,2:0|3:3|5:1|7:2,True,True,1/43758225,1/43758225,True,False,False
4,2|3|5|7,6,1|1|3|1|3|2,3|3|7|3|7|5,2:0|3:3|5:1|7:2,True,True,1/43758225,1/43758225,True,False,False
4,2|3|5|7,6,1|1|3|1|3|3,3|3|7|3|7|7,2:0|3:3|5:0|7:3,True,True,1/85766121,1/85766121,True,False,False
4,2|3|5|7,6,1|1|3|2|1|2,3|3|7|5|3|5,2:0|3:3|5:2|7:1,True,True,1/22325625,1/22325625,True,False,False
4,2|3|5|7,6,1|1|3|2|1|3,3|3|7|5|3|7,2:0|3:3|5:1|7:2,True,True,1/43758225,1/43758225,True,False,False
4,2|3|5|7,6,1|1|3|2|2|2,3|3|7|5|5|5,2:0|3:2|5:3|7:1,True,True,1/62015625,1/62015625,True,False,False
4,2|3|5|7,6,1|1|3|2|2|3,3|3|7|5|5|7,2:0|3:2|5:2|7:2,True,True,1/121550625,1/121550625,True,False,False
4,2|3|5|7,6,1|1|3|2|3|2,3|3|7|5|7|5,2:0|3:2|5:2|7:2,True,True,1/121550625,1/121550625,True,False,False
4,2|3|5|7,6,1|1|3|2|3|3,3|3|7|5|7|7,2:0|3:2|5:1|7:3,True,True,1/238239225,1/238239225,True,False,False
4,2|3|5|7,6,1|1|3|3|1|2,3|3|7|7|3|5,2:0|3:3|5:1|7:2,True,True,1/43758225,1/43758225,True,False,False
4,2|3|5|7,6,1|1|3|3|1|3,3|3|7|7|3|7,2:0|3:3|5:0|7:3,True,True,1/85766121,1/85766121,True,False,False
4,2|3|5|7,6,1|1|3|3|2|2,3|3|7|7|5|5,2:0|3:2|5:2|7:2,True,True,1/121550625,1/121550625,True,False,False
4,2|3|5|7,6,1|1|3|3|2|3,3|3|7|7|5|7,2:0|3:2|5:1|7:3,True,True,1/238239225,1/238239225,True,False,False
4,2|3|5|7,6,1|1|3|3|3|2,3|3|7|7|7|5,2:0|3:2|5:1|7:3,True,True,1/238239225,1/238239225,True,False,False
4,2|3|5|7,6,1|1|3|3|3|3,3|3|7|7|7|7,2:0|3:2|5:0|7:4,True,True,1/466948881,1/466948881,True,False,False
4,2|3|5|7,6,1|2|1|2|1|3,3|5|3|5|3|7,2:0|3:3|5:2|7:1,True,True,1/22325625,1/22325625,True,False,False
4,2|3|5|7,6,1|2|1|2|2|2,3|5|3|5|5|5,2:0|3:2|5:4|7:0,True,True,1/31640625,1/31640625,True,False,False
4,2|3|5|7,6,1|2|1|2|2|3,3|5|3|5|5|7,2:0|3:2|5:3|7:1,True,True,1/62015625,1/62015625,True,False,False
4,2|3|5|7,6,1|2|1|2|3|2,3|5|3|5|7|5,2:0|3:2|5:3|7:1,True,True,1/62015625,1/62015625,True,False,False
4,2|3|5|7,6,1|2|1|2|3|3,3|5|3|5|7|7,2:0|3:2|5:2|7:2,True,True,1/121550625,1/121550625,True,False,False
4,2|3|5|7,6,1|2|1|3|1|3,3|5|3|7|3|7,2:0|3:3|5:1|7:2,True,True,1/43758225,1/43758225,True,False,False
4,2|3|5|7,6,1|2|1|3|2|2,3|5|3|7|5|5,2:0|3:2|5:3|7:1,True,True,1/62015625,1/62015625,True,False,False
4,2|3|5|7,6,1|2|1|3|2|3,3|5|3|7|5|7,2:0|3:2|5:2|7:2,True,True,1/121550625,1/121550625,True,False,False
4,2|3|5|7,6,1|2|1|3|3|2,3|5|3|7|7|5,2:0|3:2|5:2|7:2,True,True,1/121550625,1/121550625,True,False,False
4,2|3|5|7,6,1|2|1|3|3|3,3|5|3|7|7|7,2:0|3:2|5:1|7:3,True,True,1/238239225,1/238239225,True,False,False
4,2|3|5|7,6,1|2|2|1|2|3,3|5|5|3|5|7,2:0|3:2|5:3|7:1,True,True,1/62015625,1/62015625,True,False,False
4,2|3|5|7,6,1|2|2|1|3|2,3|5|5|3|7|5,2:0|3:2|5:3|7:1,True,True,1/62015625,1/62015625,True,False,False
4,2|3|5|7,6,1|2|2|1|3|3,3|5|5|3|7|7,2:0|3:2|5:2|7:2,True,True,1/121550625,1/121550625,True,False,False
4,2|3|5|7,6,1|2|2|2|1|3,3|5|5|5|3|7,2:0|3:2|5:3|7:1,True,True,1/62015625,1/62015625,True,False,False
4,2|3|5|7,6,1|2|2|2|2|2,3|5|5|5|5|5,2:0|3:1|5:5|7:0,True,True,1/87890625,1/87890625,True,False,False
4,2|3|5|7,6,1|2|2|2|2|3,3|5|5|5|5|7,2:0|3:1|5:4|7:1,True,True,1/172265625,1/172265625,True,False,False
4,2|3|5|7,6,1|2|2|2|3|2,3|5|5|5|7|5,2:0|3:1|5:4|7:1,True,True,1/172265625,1/172265625,True,False,False
4,2|3|5|7,6,1|2|2|2|3|3,3|5|5|5|7|7,2:0|3:1|5:3|7:2,True,True,1/337640625,1/337640625,True,False,False
4,2|3|5|7,6,1|2|2|3|1|3,3|5|5|7|3|7,2:0|3:2|5:2|7:2,True,True,1/121550625,1/121550625,True,False,False
4,2|3|5|7,6,1|2|2|3|2|2,3|5|5|7|5|5,2:0|3:1|5:4|7:1,True,True,1/172265625,1/172265625,True,False,False
4,2|3|5|7,6,1|2|2|3|2|3,3|5|5|7|5|7,2:0|3:1|5:3|7:2,True,True,1/337640625,1/337640625,True,False,False
4,2|3|5|7,6,1|2|2|3|3|2,3|5|5|7|7|5,2:0|3:1|5:3|7:2,True,True,1/337640625,1/337640625,True,False,False
4,2|3|5|7,6,1|2|2|3|3|3,3|5|5|7|7|7,2:0|3:1|5:2|7:3,True,True,1/661775625,1/661775625,True,False,False
4,2|3|5|7,6,1|2|3|1|3|2,3|5|7|3|7|5,2:0|3:2|5:2|7:2,True,True,1/121550625,1/121550625,True,False,False
4,2|3|5|7,6,1|2|3|1|3|3,3|5|7|3|7|7,2:0|3:2|5:1|7:3,True,True,1/238239225,1/238239225,True,False,False
4,2|3|5|7,6,1|2|3|2|1|3,3|5|7|5|3|7,2:0|3:2|5:2|7:2,True,True,1/121550625,1/121550625,True,False,False
4,2|3|5|7,6,1|2|3|2|2|2,3|5|7|5|5|5,2:0|3:1|5:4|7:1,True,True,1/172265625,1/172265625,True,False,False
4,2|3|5|7,6,1|2|3|2|2|3,3|5|7|5|5|7,2:0|3:1|5:3|7:2,True,True,1/337640625,1/337640625,True,False,False
4,2|3|5|7,6,1|2|3|2|3|2,3|5|7|5|7|5,2:0|3:1|5:3|7:2,True,True,1/337640625,1/337640625,True,False,False
4,2|3|5|7,6,1|2|3|2|3|3,3|5|7|5|7|7,2:0|3:1|5:2|7:3,True,True,1/661775625,1/661775625,True,False,False
4,2|3|5|7,6,1|2|3|3|1|3,3|5|7|7|3|7,2:0|3:2|5:1|7:3,True,True,1/238239225,1/238239225,True,False,False
4,2|3|5|7,6,1|2|3|3|2|2,3|5|7|7|5|5,2:0|3:1|5:3|7:2,True,True,1/337640625,1/337640625,True,False,False
4,2|3|5|7,6,1|2|3|3|2|3,3|5|7|7|5|7,2:0|3:1|5:2|7:3,True,True,1/661775625,1/661775625,True,False,False
4,2|3|5|7,6,1|2|3|3|3|2,3|5|7|7|7|5,2:0|3:1|5:2|7:3,True,True,1/661775625,1/661775625,True,False,False
4,2|3|5|7,6,1|2|3|3|3|3,3|5|7|7|7|7,2:0|3:1|5:1|7:4,True,True,1/1297080225,1/1297080225,True,False,False
4,2|3|5|7,6,1|3|1|3|2|2,3|7|3|7|5|5,2:0|3:2|5:2|7:2,True,True,1/121550625,1/121550625,True,False,False
4,2|3|5|7,6,1|3|1|3|2|3,3|7|3|7|5|7,2:0|3:2|5:1|7:3,True,True,1/238239225,1/238239225,True,False,False
4,2|3|5|7,6,1|3|1|3|3|2,3|7|3|7|7|5,2:0|3:2|5:1|7:3,True,True,1/238239225,1/238239225,True,False,False
4,2|3|5|7,6,1|3|1|3|3|3,3|7|3|7|7|7,2:0|3:2|5:0|7:4,True,True,1/466948881,1/466948881,True,False,False
4,2|3|5|7,6,1|3|2|1|3|3,3|7|5|3|7|7,2:0|3:2|5:1|7:3,True,True,1/238239225,1/238239225,True,False,False
4,2|3|5|7,6,1|3|2|2|2|2,3|7|5|5|5|5,2:0|3:1|5:4|7:1,True,True,1/172265625,1/172265625,True,False,False
4,2|3|5|7,6,1|3|2|2|2|3,3|7|5|5|5|7,2:0|3:1|5:3|7:2,True,True,1/337640625,1/337640625,True,False,False
4,2|3|5|7,6,1|3|2|2|3|2,3|7|5|5|7|5,2:0|3:1|5:3|7:2,True,True,1/337640625,1/337640625,True,False,False
4,2|3|5|7,6,1|3|2|2|3|3,3|7|5|5|7|7,2:0|3:1|5:2|7:3,True,True,1/661775625,1/661775625,True,False,False
4,2|3|5|7,6,1|3|2|3|2|2,3|7|5|7|5|5,2:0|3:1|5:3|7:2,True,True,1/337640625,1/337640625,True,False,False
4,2|3|5|7,6,1|3|2|3|2|3,3|7|5|7|5|7,2:0|3:1|5:2|7:3,True,True,1/661775625,1/661775625,True,False,False
4,2|3|5|7,6,1|3|2|3|3|2,3|7|5|7|7|5,2:0|3:1|5:2|7:3,True,True,1/661775625,1/661775625,True,False,False
4,2|3|5|7,6,1|3|2|3|3|3,3|7|5|7|7|7,2:0|3:1|5:1|7:4,True,True,1/1297080225,1/1297080225,True,False,False
4,2|3|5|7,6,1|3|3|2|2|2,3|7|7|5|5|5,2:0|3:1|5:3|7:2,True,True,1/337640625,1/337640625,True,False,False
4,2|3|5|7,6,1|3|3|2|2|3,3|7|7|5|5|7,2:0|3:1|5:2|7:3,True,True,1/661775625,1/661775625,True,False,False
4,2|3|5|7,6,1|3|3|2|3|2,3|7|7|5|7|5,2:0|3:1|5:2|7:3,True,True,1/661775625,1/661775625,True,False,False
4,2|3|5|7,6,1|3|3|2|3|3,3|7|7|5|7|7,2:0|3:1|5:1|7:4,True,True,1/1297080225,1/1297080225,True,False,False
4,2|3|5|7,6,1|3|3|3|2|2,3|7|7|7|5|5,2:0|3:1|5:2|7:3,True,True,1/661775625,1/661775625,True,False,False
4,2|3|5|7,6,1|3|3|3|2|3,3|7|7|7|5|7,2:0|3:1|5:1|7:4,True,True,1/1297080225,1/1297080225,True,False,False
4,2|3|5|7,6,1|3|3|3|3|2,3|7|7|7|7|5,2:0|3:1|5:1|7:4,True,True,1/1297080225,1/1297080225,True,False,False
4,2|3|5|7,6,1|3|3|3|3|3,3|7|7|7|7|7,2:0|3:1|5:0|7:5,True,True,1/2542277241,1/2542277241,True,False,False
4,2|3|5|7,6,2|2|2|2|2|3,5|5|5|5|5|7,2:0|3:0|5:5|7:1,True,True,1/478515625,1/478515625,True,False,False
4,2|3|5|7,6,2|2|2|2|3|3,5|5|5|5|7|7,2:0|3:0|5:4|7:2,True,True,1/937890625,1/937890625,True,False,False
4,2|3|5|7,6,2|2|2|3|2|3,5|5|5|7|5|7,2:0|3:0|5:4|7:2,True,True,1/937890625,1/937890625,True,False,False
4,2|3|5|7,6,2|2|2|3|3|3,5|5|5|7|7|7,2:0|3:0|5:3|7:3,True,True,1/1838265625,1/1838265625,True,False,False
4,2|3|5|7,6,2|2|3|2|3|3,5|5|7|5|7|7,2:0|3:0|5:3|7:3,True,True,1/1838265625,1/1838265625,True,False,False
4,2|3|5|7,6,2|2|3|3|2|3,5|5|7|7|5|7,2:0|3:0|5:3|7:3,True,True,1/1838265625,1/1838265625,True,False,False
4,2|3|5|7,6,2|2|3|3|3|3,5|5|7|7|7|7,2:0|3:0|5:2|7:4,True,True,1/3603000625,1/3603000625,True,False,False
4,2|3|5|7,6,2|3|2|3|3|3,5|7|5|7|7|7,2:0|3:0|5:2|7:4,True,True,1/3603000625,1/3603000625,True,False,False
4,2|3|5|7,6,2|3|3|3|3|3,5|7|7|7|7|7,2:0|3:0|5:1|7:5,True,True,1/7061881225,1/7061881225,True,False,False
