{
  "all_parameter_claim_boundaries": {
    "inverse_complement_transport_and_static_decoder": "zero additional contribution credit",
    "proved_global_upper_bound": "H(n)<=4*n+2, nonsharp",
    "proved_seed_height": "h(01^(n-1))=floor(n/2)+1 for n>=4; H(3)=1",
    "retained_shared_inverse_residual": "whole-target comparison and complete equality cases, used once",
    "sharp_global_height_formula_for_n_ge_4": "NOT CLAIMED",
    "source_or_independent_review_clearance": "NOT CERTIFIED BY THIS EXECUTABLE"
  },
  "assertions": 1384012,
  "assertions_by_section": {
    "core_local_and_graph": 406,
    "deducted_classical_attainer_adapter": 8,
    "full_cyclic_sources_targets_n3_to_10": 1154612,
    "local_growth_certificate": 44359,
    "local_inverse_tables": 3402,
    "mixed_kernel_comparison": 177854,
    "single_seed_only": 3371
  },
  "code_provenance": "same author's UGR/LNR implementations adapted and combined; no gate code imported",
  "complete_cyclic_source_target_boxes": [
    {
      "all_labelled_maximizers": [
        [
          0,
          0,
          0
        ],
        [
          0,
          0,
          2
        ],
        [
          0,
          1,
          1
        ],
        [
          0,
          2,
          0
        ],
        [
          1,
          0,
          1
        ],
        [
          1,
          1,
          0
        ],
        [
          2,
          0,
          0
        ]
      ],
      "complete_sources_and_targets_each": 27,
      "core_points": 13,
      "cycle_histogram_period_count": [
        [
          1,
          1
        ],
        [
          2,
          6
        ]
      ],
      "depth_histogram": [
        [
          0,
          13
        ],
        [
          1,
          14
        ]
      ],
      "first_deepest_witness_and_entrance_plus_cycle": [
        [
          0,
          0,
          1
        ],
        [
          1,
          1,
          0
        ],
        [
          0,
          0,
          2
        ],
        [
          1,
          1,
          0
        ]
      ],
      "image_points": 13,
      "maximum_fibre": 3,
      "n": 3,
      "observed_sharp_height_in_this_complete_box": 1,
      "proved_nonsharp_global_bound": 14,
      "successor_index_vector_sha256": "44a4471f5da0a63685625d6e07e9c30feaf7dc9e5ba23838d306a1a9f58ef199",
      "target_fibre_histogram_including_empty": [
        [
          0,
          14
        ],
        [
          1,
          6
        ],
        [
          3,
          7
        ]
      ]
    },
    {
      "all_labelled_maximizers": [
        [
          0,
          2,
          0,
          2
        ],
        [
          2,
          0,
          2,
          0
        ]
      ],
      "complete_sources_and_targets_each": 81,
      "core_points": 11,
      "cycle_histogram_period_count": [
        [
          1,
          1
        ],
        [
          2,
          5
        ]
      ],
      "depth_histogram": [
        [
          0,
          11
        ],
        [
          1,
          22
        ],
        [
          2,
          20
        ],
        [
          3,
          12
        ],
        [
          4,
          8
        ],
        [
          5,
          8
        ]
      ],
      "first_deepest_witness_and_entrance_plus_cycle": [
        [
          0,
          1,
          2,
          2
        ],
        [
          2,
          1,
          0,
          0
        ],
        [
          0,
          1,
          1,
          1
        ],
        [
          2,
          0,
          0,
          0
        ],
        [
          0,
          1,
          0,
          1
        ],
        [
          2,
          0,
          2,
          0
        ],
        [
          0,
          2,
          0,
          2
        ],
        [
          2,
          0,
          2,
          0
        ]
      ],
      "image_points": 33,
      "maximum_fibre": 7,
      "n": 4,
      "observed_sharp_height_in_this_complete_box": 5,
      "proved_nonsharp_global_bound": 18,
      "successor_index_vector_sha256": "1ae7609e0c9716ec3f4ac4868f5a1cd3ad6fcac46b896812c5dee06f7992ff78",
      "target_fibre_histogram_including_empty": [
        [
          0,
          48
        ],
        [
          1,
          12
        ],
        [
          2,
          8
        ],
        [
          3,
          9
        ],
        [
          6,
          2
        ],
        [
          7,
          2
        ]
      ]
    },
    {
      "all_labelled_maximizers": [
        [
          0,
          0,
          2,
          0,
          2
        ],
        [
          0,
          1,
          1,
          0,
          2
        ],
        [
          0,
          2,
          0,
          0,
          2
        ],
        [
          0,
          2,
          0,
          1,
          1
        ],
        [
          0,
          2,
          0,
          2,
          0
        ],
        [
          1,
          0,
          2,
          0,
          1
        ],
        [
          1,
          1,
          0,
          2,
          0
        ],
        [
          2,
          0,
          0,
          2,
          0
        ],
        [
          2,
          0,
          1,
          1,
          0
        ],
        [
          2,
          0,
          2,
          0,
          0
        ]
      ],
      "complete_sources_and_targets_each": 243,
      "core_points": 21,
      "cycle_histogram_period_count": [
        [
          1,
          1
        ],
        [
          2,
          10
        ]
      ],
      "depth_histogram": [
        [
          0,
          21
        ],
        [
          1,
          82
        ],
        [
          2,
          80
        ],
        [
          3,
          40
        ],
        [
          4,
          15
        ],
        [
          5,
          5
        ]
      ],
      "first_deepest_witness_and_entrance_plus_cycle": [
        [
          0,
          1,
          2,
          2,
          1
        ],
        [
          2,
          1,
          0,
          0,
          1
        ],
        [
          0,
          1,
          1,
          1,
          1
        ],
        [
          2,
          0,
          0,
          0,
          0
        ],
        [
          0,
          1,
          0,
          0,
          1
        ],
        [
          2,
          0,
          1,
          1,
          0
        ],
        [
          0,
          2,
          0,
          0,
          2
        ],
        [
          2,
          0,
          1,
          1,
          0
        ]
      ],
      "image_points": 86,
      "maximum_fibre": 7,
      "n": 5,
      "observed_sharp_height_in_this_complete_box": 5,
      "proved_nonsharp_global_bound": 22,
      "successor_index_vector_sha256": "cc91b4d1fb23a93ef289d1dc35608edbb1133653bc53e13799d48d2ddf2969d7",
      "target_fibre_histogram_including_empty": [
        [
          0,
          157
        ],
        [
          1,
          30
        ],
        [
          2,
          15
        ],
        [
          3,
          21
        ],
        [
          4,
          5
        ],
        [
          6,
          5
        ],
        [
          7,
          10
        ]
      ]
    },
    {
      "all_labelled_maximizers": [
        [
          0,
          2,
          0,
          2,
          0,
          2
        ],
        [
          2,
          0,
          2,
          0,
          2,
          0
        ]
      ],
      "complete_sources_and_targets_each": 729,
      "core_points": 63,
      "cycle_histogram_period_count": [
        [
          1,
          1
        ],
        [
          2,
          31
        ]
      ],
      "depth_histogram": [
        [
          0,
          63
        ],
        [
          1,
          210
        ],
        [
          2,
          192
        ],
        [
          3,
          132
        ],
        [
          4,
          84
        ],
        [
          5,
          48
        ]
      ],
      "first_deepest_witness_and_entrance_plus_cycle": [
        [
          0,
          1,
          0,
          1,
          2,
          2
        ],
        [
          2,
          0,
          2,
          1,
          0,
          0
        ],
        [
          0,
          2,
          0,
          1,
          1,
          1
        ],
        [
          2,
          0,
          2,
          0,
          0,
          0
        ],
        [
          0,
          2,
          0,
          1,
          0,
          1
        ],
        [
          2,
          0,
          2,
          0,
          2,
          0
        ],
        [
          0,
          2,
          0,
          2,
          0,
          2
        ],
        [
          2,
          0,
          2,
          0,
          2,
          0
        ]
      ],
      "image_points": 212,
      "maximum_fibre": 18,
      "n": 6,
      "observed_sharp_height_in_this_complete_box": 5,
      "proved_nonsharp_global_bound": 26,
      "successor_index_vector_sha256": "879ea82bf061cdbee7dab4b46030f6c54e06692c6cb5836a2126d21b0dc991db",
      "target_fibre_histogram_including_empty": [
        [
          0,
          517
        ],
        [
          1,
          54
        ],
        [
          2,
          42
        ],
        [
          3,
          49
        ],
        [
          4,
          12
        ],
        [
          6,
          23
        ],
        [
          7,
          21
        ],
        [
          8,
          6
        ],
        [
          9,
          3
        ],
        [
          18,
          2
        ]
      ]
    },
    {
      "all_labelled_maximizers": [
        [
          0,
          0,
          2,
          0,
          2,
          0,
          2
        ],
        [
          0,
          1,
          1,
          0,
          2,
          0,
          2
        ],
        [
          0,
          2,
          0,
          0,
          2,
          0,
          2
        ],
        [
          0,
          2,
          0,
          1,
          1,
          0,
          2
        ],
        [
          0,
          2,
          0,
          2,
          0,
          0,
          2
        ],
        [
          0,
          2,
          0,
          2,
          0,
          1,
          1
        ],
        [
          0,
          2,
          0,
          2,
          0,
          2,
          0
        ],
        [
          1,
          0,
          2,
          0,
          2,
          0,
          1
        ],
        [
          1,
          1,
          0,
          2,
          0,
          2,
          0
        ],
        [
          2,
          0,
          0,
          2,
          0,
          2,
          0
        ],
        [
          2,
          0,
          1,
          1,
          0,
          2,
          0
        ],
        [
          2,
          0,
          2,
          0,
          0,
          2,
          0
        ],
        [
          2,
          0,
          2,
          0,
          1,
          1,
          0
        ],
        [
          2,
          0,
          2,
          0,
          2,
          0,
          0
        ]
      ],
      "complete_sources_and_targets_each": 2187,
      "core_points": 85,
      "cycle_histogram_period_count": [
        [
          1,
          1
        ],
        [
          2,
          42
        ]
      ],
      "depth_histogram": [
        [
          0,
          85
        ],
        [
          1,
          478
        ],
        [
          2,
          679
        ],
        [
          3,
          504
        ],
        [
          4,
          287
        ],
        [
          5,
          154
        ]
      ],
      "first_deepest_witness_and_entrance_plus_cycle": [
        [
          0,
          0,
          1,
          0,
          1,
          2,
          2
        ],
        [
          1,
          1,
          0,
          2,
          1,
          0,
          0
        ],
        [
          0,
          0,
          2,
          0,
          1,
          1,
          1
        ],
        [
          1,
          1,
          0,
          2,
          0,
          0,
          0
        ],
        [
          0,
          0,
          2,
          0,
          1,
          0,
          1
        ],
        [
          1,
          1,
          0,
          2,
          0,
          2,
          0
        ],
        [
          0,
          0,
          2,
          0,
          2,
          0,
          2
        ],
        [
          1,
          1,
          0,
          2,
          0,
          2,
          0
        ]
      ],
      "image_points": 526,
      "maximum_fibre": 18,
      "n": 7,
      "observed_sharp_height_in_this_complete_box": 5,
      "proved_nonsharp_global_bound": 30,
      "successor_index_vector_sha256": "2c8c33671126bc7f303c59fa094e09a97537d690af1135535f8ceec0fa6fbeca",
      "target_fibre_histogram_including_empty": [
        [
          0,
          1661
        ],
        [
          1,
          98
        ],
        [
          2,
          105
        ],
        [
          3,
          127
        ],
        [
          4,
          21
        ],
        [
          6,
          63
        ],
        [
          7,
          35
        ],
        [
          8,
          35
        ],
        [
          9,
          21
        ],
        [
          10,
          7
        ],
        [
          18,
          14
        ]
      ]
    },
    {
      "all_labelled_maximizers": [
        [
          0,
          2,
          0,
          2,
          0,
          2,
          0,
          2
        ],
        [
          2,
          0,
          2,
          0,
          2,
          0,
          2,
          0
        ]
      ],
      "complete_sources_and_targets_each": 6561,
      "core_points": 155,
      "cycle_histogram_period_count": [
        [
          1,
          1
        ],
        [
          2,
          77
        ]
      ],
      "depth_histogram": [
        [
          0,
          155
        ],
        [
          1,
          1390
        ],
        [
          2,
          2060
        ],
        [
          3,
          1508
        ],
        [
          4,
          904
        ],
        [
          5,
          544
        ]
      ],
      "first_deepest_witness_and_entrance_plus_cycle": [
        [
          0,
          0,
          0,
          1,
          0,
          1,
          2,
          2
        ],
        [
          1,
          0,
          1,
          0,
          2,
          1,
          0,
          0
        ],
        [
          0,
          2,
          0,
          2,
          0,
          1,
          1,
          1
        ],
        [
          2,
          0,
          2,
          0,
          2,
          0,
          0,
          0
        ],
        [
          0,
          2,
          0,
          2,
          0,
          1,
          0,
          1
        ],
        [
          2,
          0,
          2,
          0,
          2,
          0,
          2,
          0
        ],
        [
          0,
          2,
          0,
          2,
          0,
          2,
          0,
          2
        ],
        [
          2,
          0,
          2,
          0,
          2,
          0,
          2,
          0
        ]
      ],
      "image_points": 1309,
      "maximum_fibre": 47,
      "n": 8,
      "observed_sharp_height_in_this_complete_box": 5,
      "proved_nonsharp_global_bound": 34,
      "successor_index_vector_sha256": "28d343ea9cec2a23a6db984ae20cedd30afa5084731e092f1db3204b76ec16b2",
      "target_fibre_histogram_including_empty": [
        [
          0,
          5252
        ],
        [
          1,
          204
        ],
        [
          2,
          232
        ],
        [
          3,
          289
        ],
        [
          4,
          40
        ],
        [
          5,
          48
        ],
        [
          6,
          140
        ],
        [
          7,
          52
        ],
        [
          8,
          128
        ],
        [
          9,
          60
        ],
        [
          10,
          24
        ],
        [
          12,
          16
        ],
        [
          16,
          16
        ],
        [
          18,
          42
        ],
        [
          20,
          16
        ],
        [
          47,
          2
        ]
      ]
    },
    {
      "all_labelled_maximizers": [
        [
          0,
          0,
          2,
          0,
          2,
          0,
          2,
          0,
          2
        ],
        [
          0,
          1,
          1,
          0,
          2,
          0,
          2,
          0,
          2
        ],
        [
          0,
          2,
          0,
          0,
          2,
          0,
          2,
          0,
          2
        ],
        [
          0,
          2,
          0,
          1,
          1,
          0,
          2,
          0,
          2
        ],
        [
          0,
          2,
          0,
          2,
          0,
          0,
          2,
          0,
          2
        ],
        [
          0,
          2,
          0,
          2,
          0,
          1,
          1,
          0,
          2
        ],
        [
          0,
          2,
          0,
          2,
          0,
          2,
          0,
          0,
          2
        ],
        [
          0,
          2,
          0,
          2,
          0,
          2,
          0,
          1,
          1
        ],
        [
          0,
          2,
          0,
          2,
          0,
          2,
          0,
          2,
          0
        ],
        [
          1,
          0,
          2,
          0,
          2,
          0,
          2,
          0,
          1
        ],
        [
          1,
          1,
          0,
          2,
          0,
          2,
          0,
          2,
          0
        ],
        [
          2,
          0,
          0,
          2,
          0,
          2,
          0,
          2,
          0
        ],
        [
          2,
          0,
          1,
          1,
          0,
          2,
          0,
          2,
          0
        ],
        [
          2,
          0,
          2,
          0,
          0,
          2,
          0,
          2,
          0
        ],
        [
          2,
          0,
          2,
          0,
          1,
          1,
          0,
          2,
          0
        ],
        [
          2,
          0,
          2,
          0,
          2,
          0,
          0,
          2,
          0
        ],
        [
          2,
          0,
          2,
          0,
          2,
          0,
          1,
          1,
          0
        ],
        [
          2,
          0,
          2,
          0,
          2,
          0,
          2,
          0,
          0
        ]
      ],
      "complete_sources_and_targets_each": 19683,
      "core_points": 373,
      "cycle_histogram_period_count": [
        [
          1,
          1
        ],
        [
          2,
          186
        ]
      ],
      "depth_histogram": [
        [
          0,
          373
        ],
        [
          1,
          3470
        ],
        [
          2,
          5886
        ],
        [
          3,
          4932
        ],
        [
          4,
          3150
        ],
        [
          5,
          1872
        ]
      ],
      "first_deepest_witness_and_entrance_plus_cycle": [
        [
          0,
          0,
          0,
          0,
          1,
          0,
          1,
          2,
          2
        ],
        [
          1,
          0,
          0,
          1,
          0,
          2,
          1,
          0,
          0
        ],
        [
          0,
          1,
          1,
          0,
          2,
          0,
          1,
          1,
          1
        ],
        [
          2,
          0,
          0,
          2,
          0,
          2,
          0,
          0,
          0
        ],
        [
          0,
          1,
          1,
          0,
          2,
          0,
          1,
          0,
          1
        ],
        [
          2,
          0,
          0,
          2,
          0,
          2,
          0,
          2,
          0
        ],
        [
          0,
          1,
          1,
          0,
          2,
          0,
          2,
          0,
          2
        ],
        [
          2,
          0,
          0,
          2,
          0,
          2,
          0,
          2,
          0
        ]
      ],
      "image_points": 3247,
      "maximum_fibre": 47,
      "n": 9,
      "observed_sharp_height_in_this_complete_box": 5,
      "proved_nonsharp_global_bound": 38,
      "successor_index_vector_sha256": "7a9cf64ac1fc6aa6562b096395b0fa4538c8714f334ba514fa50c0ff9987bdf6",
      "target_fibre_histogram_including_empty": [
        [
          0,
          16436
        ],
        [
          1,
          438
        ],
        [
          2,
          513
        ],
        [
          3,
          613
        ],
        [
          4,
          81
        ],
        [
          5,
          234
        ],
        [
          6,
          264
        ],
        [
          7,
          108
        ],
        [
          8,
          378
        ],
        [
          9,
          162
        ],
        [
          10,
          63
        ],
        [
          12,
          63
        ],
        [
          16,
          90
        ],
        [
          18,
          102
        ],
        [
          20,
          63
        ],
        [
          21,
          18
        ],
        [
          23,
          18
        ],
        [
          24,
          21
        ],
        [
          47,
          18
        ]
      ]
    },
    {
      "all_labelled_maximizers": [
        [
          0,
          2,
          0,
          2,
          0,
          2,
          0,
          2,
          0,
          2
        ],
        [
          2,
          0,
          2,
          0,
          2,
          0,
          2,
          0,
          2,
          0
        ]
      ],
      "complete_sources_and_targets_each": 59049,
      "core_points": 613,
      "cycle_histogram_period_count": [
        [
          1,
          1
        ],
        [
          2,
          306
        ]
      ],
      "depth_histogram": [
        [
          0,
          613
        ],
        [
          1,
          8586
        ],
        [
          2,
          17920
        ],
        [
          3,
          15710
        ],
        [
          4,
          10055
        ],
        [
          5,
          6135
        ],
        [
          6,
          30
        ]
      ],
      "first_deepest_witness_and_entrance_plus_cycle": [
        [
          0,
          1,
          1,
          1,
          1,
          1,
          1,
          1,
          1,
          1
        ],
        [
          2,
          0,
          0,
          0,
          0,
          0,
          0,
          0,
          0,
          0
        ],
        [
          0,
          1,
          0,
          0,
          0,
          0,
          0,
          0,
          0,
          1
        ],
        [
          2,
          0,
          1,
          0,
          0,
          0,
          0,
          0,
          1,
          0
        ],
        [
          0,
          2,
          0,
          1,
          0,
          0,
          0,
          1,
          0,
          2
        ],
        [
          2,
          0,
          2,
          0,
          1,
          0,
          1,
          0,
          2,
          0
        ],
        [
          0,
          2,
          0,
          2,
          0,
          2,
          0,
          2,
          0,
          2
        ],
        [
          2,
          0,
          2,
          0,
          2,
          0,
          2,
          0,
          2,
          0
        ],
        [
          0,
          2,
          0,
          2,
          0,
          2,
          0,
          2,
          0,
          2
        ]
      ],
      "image_points": 8025,
      "maximum_fibre": 123,
      "n": 10,
      "observed_sharp_height_in_this_complete_box": 6,
      "proved_nonsharp_global_bound": 42,
      "successor_index_vector_sha256": "8889b75a66049c6d0bf20a469f6ef97160b1f45fa5a26b106672c60f6e74761b",
      "target_fibre_histogram_including_empty": [
        [
          0,
          51024
        ],
        [
          1,
          920
        ],
        [
          2,
          1130
        ],
        [
          3,
          1301
        ],
        [
          4,
          220
        ],
        [
          5,
          740
        ],
        [
          6,
          470
        ],
        [
          7,
          255
        ],
        [
          8,
          950
        ],
        [
          9,
          395
        ],
        [
          10,
          190
        ],
        [
          11,
          20
        ],
        [
          12,
          200
        ],
        [
          13,
          40
        ],
        [
          14,
          10
        ],
        [
          15,
          20
        ],
        [
          16,
          265
        ],
        [
          17,
          20
        ],
        [
          18,
          235
        ],
        [
          20,
          160
        ],
        [
          21,
          140
        ],
        [
          23,
          80
        ],
        [
          24,
          90
        ],
        [
          25,
          20
        ],
        [
          28,
          10
        ],
        [
          30,
          12
        ],
        [
          32,
          20
        ],
        [
          42,
          20
        ],
        [
          47,
          70
        ],
        [
          52,
          20
        ],
        [
          123,
          2
        ]
      ]
    }
  ],
  "core_certificate": {
    "adjacency": [
      [
        0,
        1,
        0,
        0,
        1,
        0,
        1,
        0
      ],
      [
        1,
        0,
        1,
        0,
        0,
        0,
        0,
        1
      ],
      [
        0,
        0,
        0,
        1,
        0,
        0,
        0,
        0
      ],
      [
        0,
        1,
        0,
        0,
        1,
        0,
        0,
        0
      ],
      [
        0,
        0,
        0,
        0,
        0,
        1,
        0,
        0
      ],
      [
        1,
        0,
        1,
        0,
        0,
        0,
        0,
        0
      ],
      [
        0,
        1,
        0,
        0,
        0,
        0,
        0,
        0
      ],
      [
        1,
        0,
        0,
        0,
        0,
        0,
        0,
        0
      ]
    ],
    "admissible_column_triples": [
      [
        [
          0,
          2
        ],
        [
          2,
          0
        ],
        [
          0,
          2
        ]
      ],
      [
        [
          0,
          2
        ],
        [
          2,
          0
        ],
        [
          0,
          1
        ]
      ],
      [
        [
          0,
          2
        ],
        [
          2,
          0
        ],
        [
          1,
          1
        ]
      ],
      [
        [
          0,
          2
        ],
        [
          1,
          0
        ],
        [
          1,
          0
        ]
      ],
      [
        [
          0,
          2
        ],
        [
          1,
          1
        ],
        [
          2,
          0
        ]
      ],
      [
        [
          2,
          0
        ],
        [
          0,
          2
        ],
        [
          2,
          0
        ]
      ],
      [
        [
          2,
          0
        ],
        [
          0,
          2
        ],
        [
          1,
          0
        ]
      ],
      [
        [
          2,
          0
        ],
        [
          0,
          2
        ],
        [
          1,
          1
        ]
      ],
      [
        [
          2,
          0
        ],
        [
          0,
          1
        ],
        [
          0,
          1
        ]
      ],
      [
        [
          2,
          0
        ],
        [
          1,
          1
        ],
        [
          0,
          2
        ]
      ],
      [
        [
          0,
          1
        ],
        [
          2,
          0
        ],
        [
          0,
          2
        ]
      ],
      [
        [
          0,
          1
        ],
        [
          2,
          0
        ],
        [
          0,
          1
        ]
      ],
      [
        [
          0,
          1
        ],
        [
          2,
          0
        ],
        [
          1,
          1
        ]
      ],
      [
        [
          0,
          1
        ],
        [
          0,
          1
        ],
        [
          2,
          0
        ]
      ],
      [
        [
          0,
          1
        ],
        [
          0,
          1
        ],
        [
          1,
          0
        ]
      ],
      [
        [
          0,
          1
        ],
        [
          1,
          0
        ],
        [
          1,
          0
        ]
      ],
      [
        [
          1,
          0
        ],
        [
          0,
          2
        ],
        [
          2,
          0
        ]
      ],
      [
        [
          1,
          0
        ],
        [
          0,
          2
        ],
        [
          1,
          0
        ]
      ],
      [
        [
          1,
          0
        ],
        [
          0,
          2
        ],
        [
          1,
          1
        ]
      ],
      [
        [
          1,
          0
        ],
        [
          0,
          1
        ],
        [
          0,
          1
        ]
      ],
      [
        [
          1,
          0
        ],
        [
          1,
          0
        ],
        [
          0,
          2
        ]
      ],
      [
        [
          1,
          0
        ],
        [
          1,
          0
        ],
        [
          0,
          1
        ]
      ],
      [
        [
          1,
          1
        ],
        [
          0,
          2
        ],
        [
          2,
          0
        ]
      ],
      [
        [
          1,
          1
        ],
        [
          0,
          2
        ],
        [
          1,
          0
        ]
      ],
      [
        [
          1,
          1
        ],
        [
          0,
          2
        ],
        [
          1,
          1
        ]
      ],
      [
        [
          1,
          1
        ],
        [
          2,
          0
        ],
        [
          0,
          2
        ]
      ],
      [
        [
          1,
          1
        ],
        [
          2,
          0
        ],
        [
          0,
          1
        ]
      ],
      [
        [
          1,
          1
        ],
        [
          2,
          0
        ],
        [
          1,
          1
        ]
      ]
    ],
    "admissible_role_three_paths": 28,
    "compatible_five_column_windows": 116,
    "det_I_minus_zQ_coefficients": [
      1,
      0,
      -1,
      -4,
      -2,
      0,
      0,
      0,
      1
    ],
    "emitted_height": [
      0,
      2,
      0,
      0,
      1,
      1,
      1,
      1
    ],
    "n1_and_n2_scope": "formal graph values only; original carrier is n>=3",
    "nonzero_Leibniz_terms": 17,
    "phase_flip": [
      1,
      0,
      4,
      5,
      2,
      3,
      7,
      6
    ],
    "roles": [
      "S0",
      "S1",
      "W0L",
      "W0R",
      "W1L",
      "W1R",
      "N01",
      "N10"
    ],
    "traces_n1_to_60": [
      {
        "all_core_points": 1,
        "n": 1,
        "nonzero_core_points": 0,
        "two_cycles": 0
      },
      {
        "all_core_points": 3,
        "n": 2,
        "nonzero_core_points": 2,
        "two_cycles": 1
      },
      {
        "all_core_points": 13,
        "n": 3,
        "nonzero_core_points": 12,
        "two_cycles": 6
      },
      {
        "all_core_points": 11,
        "n": 4,
        "nonzero_core_points": 10,
        "two_cycles": 5
      },
      {
        "all_core_points": 21,
        "n": 5,
        "nonzero_core_points": 20,
        "two_cycles": 10
      },
      {
        "all_core_points": 63,
        "n": 6,
        "nonzero_core_points": 62,
        "two_cycles": 31
      },
      {
        "all_core_points": 85,
        "n": 7,
        "nonzero_core_points": 84,
        "two_cycles": 42
      },
      {
        "all_core_points": 155,
        "n": 8,
        "nonzero_core_points": 154,
        "two_cycles": 77
      },
      {
        "all_core_points": 373,
        "n": 9,
        "nonzero_core_points": 372,
        "two_cycles": 186
      },
      {
        "all_core_points": 613,
        "n": 10,
        "nonzero_core_points": 612,
        "two_cycles": 306
      },
      {
        "all_core_points": 1145,
        "n": 11,
        "nonzero_core_points": 1144,
        "two_cycles": 572
      },
      {
        "all_core_points": 2399,
        "n": 12,
        "nonzero_core_points": 2398,
        "two_cycles": 1199
      },
      {
        "all_core_points": 4317,
        "n": 13,
        "nonzero_core_points": 4316,
        "two_cycles": 2158
      },
      {
        "all_core_points": 8137,
        "n": 14,
        "nonzero_core_points": 8136,
        "two_cycles": 4068
      },
      {
        "all_core_points": 16113,
        "n": 15,
        "nonzero_core_points": 16112,
        "two_cycles": 8056
      },
      {
        "all_core_points": 30043,
        "n": 16,
        "nonzero_core_points": 30042,
        "two_cycles": 15021
      },
      {
        "all_core_points": 56917,
        "n": 17,
        "nonzero_core_points": 56916,
        "two_cycles": 28458
      },
      {
        "all_core_points": 110151,
        "n": 18,
        "nonzero_core_points": 110150,
        "two_cycles": 55075
      },
      {
        "all_core_points": 208165,
        "n": 19,
        "nonzero_core_points": 208164,
        "two_cycles": 104082
      },
      {
        "all_core_points": 395501,
        "n": 20,
        "nonzero_core_points": 395500,
        "two_cycles": 197750
      },
      {
        "all_core_points": 758281,
        "n": 21,
        "nonzero_core_points": 758280,
        "two_cycles": 379140
      },
      {
        "all_core_points": 1440321,
        "n": 22,
        "nonzero_core_points": 1440320,
        "two_cycles": 720160
      },
      {
        "all_core_points": 2740497,
        "n": 23,
        "nonzero_core_points": 2740496,
        "two_cycles": 1370248
      },
      {
        "all_core_points": 5234399,
        "n": 24,
        "nonzero_core_points": 5234398,
        "two_cycles": 2617199
      },
      {
        "all_core_points": 9961421,
        "n": 25,
        "nonzero_core_points": 9961420,
        "two_cycles": 4980710
      },
      {
        "all_core_points": 18966873,
        "n": 26,
        "nonzero_core_points": 18966872,
        "two_cycles": 9483436
      },
      {
        "all_core_points": 36171841,
        "n": 27,
        "nonzero_core_points": 36171840,
        "two_cycles": 18085920
      },
      {
        "all_core_points": 68885849,
        "n": 28,
        "nonzero_core_points": 68885848,
        "two_cycles": 34442924
      },
      {
        "all_core_points": 131203889,
        "n": 29,
        "nonzero_core_points": 131203888,
        "two_cycles": 65601944
      },
      {
        "all_core_points": 250066633,
        "n": 30,
        "nonzero_core_points": 250066632,
        "two_cycles": 125033316
      },
      {
        "all_core_points": 476350465,
        "n": 31,
        "nonzero_core_points": 476350464,
        "two_cycles": 238175232
      },
      {
        "all_core_points": 907419483,
        "n": 32,
        "nonzero_core_points": 907419482,
        "two_cycles": 453709741
      },
      {
        "all_core_points": 1729063349,
        "n": 33,
        "nonzero_core_points": 1729063348,
        "two_cycles": 864531674
      },
      {
        "all_core_points": 3293987731,
        "n": 34,
        "nonzero_core_points": 3293987730,
        "two_cycles": 1646993865
      },
      {
        "all_core_points": 6275270365,
        "n": 35,
        "nonzero_core_points": 6275270364,
        "two_cycles": 3137635182
      },
      {
        "all_core_points": 11956194239,
        "n": 36,
        "nonzero_core_points": 11956194238,
        "two_cycles": 5978097119
      },
      {
        "all_core_points": 22778144093,
        "n": 37,
        "nonzero_core_points": 22778144092,
        "two_cycles": 11389072046
      },
      {
        "all_core_points": 43395184523,
        "n": 38,
        "nonzero_core_points": 43395184522,
        "two_cycles": 21697592261
      },
      {
        "all_core_points": 82677111309,
        "n": 39,
        "nonzero_core_points": 82677111308,
        "two_cycles": 41338555654
      },
      {
        "all_core_points": 157512729885,
        "n": 40,
        "nonzero_core_points": 157512729884,
        "two_cycles": 78756364942
      },
      {
        "all_core_points": 300085074233,
        "n": 41,
        "nonzero_core_points": 300085074232,
        "two_cycles": 150042537116
      },
      {
        "all_core_points": 571717556431,
        "n": 42,
        "nonzero_core_points": 571717556430,
        "two_cycles": 285858778215
      },
      {
        "all_core_points": 1089214946021,
        "n": 43,
        "nonzero_core_points": 1089214946020,
        "two_cycles": 544607473010
      },
      {
        "all_core_points": 2075127118889,
        "n": 44,
        "nonzero_core_points": 2075127118888,
        "two_cycles": 1037563559444
      },
      {
        "all_core_points": 3953477176113,
        "n": 45,
        "nonzero_core_points": 3953477176112,
        "two_cycles": 1976738588056
      },
      {
        "all_core_points": 7532026831307,
        "n": 46,
        "nonzero_core_points": 7532026831306,
        "two_cycles": 3766013415653
      },
      {
        "all_core_points": 14349738432397,
        "n": 47,
        "nonzero_core_points": 14349738432396,
        "two_cycles": 7174869216198
      },
      {
        "all_core_points": 27338677043647,
        "n": 48,
        "nonzero_core_points": 27338677043646,
        "two_cycles": 13669338521823
      },
      {
        "all_core_points": 52084715035613,
        "n": 49,
        "nonzero_core_points": 52084715035612,
        "two_cycles": 26042357517806
      },
      {
        "all_core_points": 99229966879413,
        "n": 50,
        "nonzero_core_points": 99229966879412,
        "two_cycles": 49614983439706
      },
      {
        "all_core_points": 189049685128969,
        "n": 51,
        "nonzero_core_points": 189049685128968,
        "two_cycles": 94524842564484
      },
      {
        "all_core_points": 360171053990265,
        "n": 52,
        "nonzero_core_points": 360171053990264,
        "two_cycles": 180085526995132
      },
      {
        "all_core_points": 686185505541729,
        "n": 53,
        "nonzero_core_points": 686185505541728,
        "two_cycles": 343092752770864
      },
      {
        "all_core_points": 1307297701433655,
        "n": 54,
        "nonzero_core_points": 1307297701433654,
        "two_cycles": 653648850716827
      },
      {
        "all_core_points": 2490619353328325,
        "n": 55,
        "nonzero_core_points": 2490619353328324,
        "two_cycles": 1245309676664162
      },
      {
        "all_core_points": 4745043154537449,
        "n": 56,
        "nonzero_core_points": 4745043154537448,
        "two_cycles": 2372521577268724
      },
      {
        "all_core_points": 9040096455110785,
        "n": 57,
        "nonzero_core_points": 9040096455110784,
        "two_cycles": 4520048227555392
      },
      {
        "all_core_points": 17222886003838641,
        "n": 58,
        "nonzero_core_points": 17222886003838640,
        "two_cycles": 8611443001919320
      },
      {
        "all_core_points": 32812458094788257,
        "n": 59,
        "nonzero_core_points": 32812458094788256,
        "two_cycles": 16406229047394128
      },
      {
        "all_core_points": 62513187079366409,
        "n": 60,
        "nonzero_core_points": 62513187079366408,
        "two_cycles": 31256593539683204
      }
    ]
  },
  "declared_scope": {
    "all_A_J_B_word_lengths": [
      2,
      10
    ],
    "covered_window_length": 13,
    "cyclic_complete_source_and_target_lengths": [
      3,
      10
    ],
    "graph_trace_exponents": [
      1,
      60
    ],
    "independent_set_adapter_lengths": [
      4,
      6,
      8,
      10
    ],
    "inner_window_length": 11,
    "local_growth_updates": 4,
    "matrix_identity_exponents": [
      2,
      100
    ],
    "outer_extension_alphabet_each_side": [
      0,
      1,
      2
    ],
    "positive_local_run_lengths": [
      1,
      6
    ],
    "single_seed_only_lengths": [
      4,
      64
    ]
  },
  "deducted_classical_attainer_checks": [
    {
      "fresh_inverse_credit": 0,
      "full_labelled_source_bijection": true,
      "independent_sets": 7,
      "n": 4
    },
    {
      "fresh_inverse_credit": 0,
      "full_labelled_source_bijection": true,
      "independent_sets": 18,
      "n": 6
    },
    {
      "fresh_inverse_credit": 0,
      "full_labelled_source_bijection": true,
      "independent_sets": 47,
      "n": 8
    },
    {
      "fresh_inverse_credit": 0,
      "full_labelled_source_bijection": true,
      "independent_sets": 123,
      "n": 10
    }
  ],
  "kind": "author computer-assisted local proof certificate and finite corroboration",
  "literal": "U(x)_i=[x_(i-1)>x_i]+[x_(i+1)>x_i], labelled ternary n>=3",
  "local_growth_certificate": {
    "all_thirteen_letter_words_covered_by_proved_overlap_argument": 1594323,
    "complete_inner_exception_and_extension_certificate": [
      {
        "all_nine_extensions_left_right_time_site": [
          [
            0,
            0,
            1,
            -4
          ],
          [
            0,
            1,
            1,
            -4
          ],
          [
            0,
            2,
            1,
            -4
          ],
          [
            1,
            0,
            4,
            -1
          ],
          [
            1,
            1,
            4,
            -1
          ],
          [
            1,
            2,
            4,
            -1
          ],
          [
            2,
            0,
            4,
            -1
          ],
          [
            2,
            1,
            4,
            -1
          ],
          [
            2,
            2,
            4,
            -1
          ]
        ],
        "inner_word": [
          0,
          0,
          1,
          0,
          1,
          2,
          2,
          1,
          0,
          1,
          0
        ]
      },
      {
        "all_nine_extensions_left_right_time_site": [
          [
            0,
            0,
            1,
            -4
          ],
          [
            0,
            1,
            1,
            -4
          ],
          [
            0,
            2,
            1,
            -4
          ],
          [
            1,
            0,
            4,
            -1
          ],
          [
            1,
            1,
            4,
            -1
          ],
          [
            1,
            2,
            1,
            4
          ],
          [
            2,
            0,
            4,
            -1
          ],
          [
            2,
            1,
            4,
            -1
          ],
          [
            2,
            2,
            1,
            4
          ]
        ],
        "inner_word": [
          0,
          0,
          1,
          0,
          1,
          2,
          2,
          1,
          0,
          1,
          1
        ]
      },
      {
        "all_nine_extensions_left_right_time_site": [
          [
            0,
            0,
            1,
            -4
          ],
          [
            0,
            1,
            1,
            -4
          ],
          [
            0,
            2,
            1,
            -4
          ],
          [
            1,
            0,
            4,
            -1
          ],
          [
            1,
            1,
            4,
            -1
          ],
          [
            1,
            2,
            4,
            -1
          ],
          [
            2,
            0,
            4,
            -1
          ],
          [
            2,
            1,
            4,
            -1
          ],
          [
            2,
            2,
            4,
            -1
          ]
        ],
        "inner_word": [
          0,
          0,
          1,
          0,
          1,
          2,
          2,
          1,
          0,
          1,
          2
        ]
      },
      {
        "all_nine_extensions_left_right_time_site": [
          [
            0,
            0,
            1,
            -4
          ],
          [
            0,
            1,
            1,
            -4
          ],
          [
            0,
            2,
            1,
            -4
          ],
          [
            1,
            0,
            4,
            -1
          ],
          [
            1,
            1,
            4,
            -1
          ],
          [
            1,
            2,
            4,
            -1
          ],
          [
            2,
            0,
            4,
            -1
          ],
          [
            2,
            1,
            4,
            -1
          ],
          [
            2,
            2,
            4,
            -1
          ]
        ],
        "inner_word": [
          0,
          0,
          1,
          0,
          1,
          2,
          2,
          1,
          0,
          2,
          0
        ]
      },
      {
        "all_nine_extensions_left_right_time_site": [
          [
            0,
            0,
            1,
            -4
          ],
          [
            0,
            1,
            1,
            -4
          ],
          [
            0,
            2,
            1,
            -4
          ],
          [
            1,
            0,
            4,
            -1
          ],
          [
            1,
            1,
            4,
            -1
          ],
          [
            1,
            2,
            4,
            -1
          ],
          [
            2,
            0,
            4,
            -1
          ],
          [
            2,
            1,
            4,
            -1
          ],
          [
            2,
            2,
            4,
            -1
          ]
        ],
        "inner_word": [
          0,
          0,
          1,
          0,
          1,
          2,
          2,
          1,
          0,
          2,
          1
        ]
      },
      {
        "all_nine_extensions_left_right_time_site": [
          [
            0,
            0,
            1,
            -4
          ],
          [
            0,
            1,
            1,
            -4
          ],
          [
            0,
            2,
            1,
            -4
          ],
          [
            1,
            0,
            4,
            -1
          ],
          [
            1,
            1,
            4,
            -1
          ],
          [
            1,
            2,
            4,
            -1
          ],
          [
            2,
            0,
            4,
            -1
          ],
          [
            2,
            1,
            4,
            -1
          ],
          [
            2,
            2,
            4,
            -1
          ]
        ],
        "inner_word": [
          0,
          0,
          1,
          0,
          1,
          2,
          2,
          1,
          0,
          2,
          2
        ]
      },
      {
        "all_nine_extensions_left_right_time_site": [
          [
            0,
            0,
            1,
            -4
          ],
          [
            0,
            1,
            1,
            -4
          ],
          [
            0,
            2,
            1,
            -4
          ],
          [
            1,
            0,
            4,
            -1
          ],
          [
            1,
            1,
            4,
            -1
          ],
          [
            1,
            2,
            4,
            -1
          ],
          [
            2,
            0,
            4,
            -1
          ],
          [
            2,
            1,
            4,
            -1
          ],
          [
            2,
            2,
            4,
            -1
          ]
        ],
        "inner_word": [
          0,
          0,
          2,
          0,
          1,
          2,
          2,
          1,
          0,
          1,
          0
        ]
      },
      {
        "all_nine_extensions_left_right_time_site": [
          [
            0,
            0,
            1,
            -4
          ],
          [
            0,
            1,
            1,
            -4
          ],
          [
            0,
            2,
            1,
            -4
          ],
          [
            1,
            0,
            4,
            -1
          ],
          [
            1,
            1,
            4,
            -1
          ],
          [
            1,
            2,
            1,
            4
          ],
          [
            2,
            0,
            4,
            -1
          ],
          [
            2,
            1,
            4,
            -1
          ],
          [
            2,
            2,
            1,
            4
          ]
        ],
        "inner_word": [
          0,
          0,
          2,
          0,
          1,
          2,
          2,
          1,
          0,
          1,
          1
        ]
      },
      {
        "all_nine_extensions_left_right_time_site": [
          [
            0,
            0,
            1,
            -4
          ],
          [
            0,
            1,
            1,
            -4
          ],
          [
            0,
            2,
            1,
            -4
          ],
          [
            1,
            0,
            4,
            -1
          ],
          [
            1,
            1,
            4,
            -1
          ],
          [
            1,
            2,
            4,
            -1
          ],
          [
            2,
            0,
            4,
            -1
          ],
          [
            2,
            1,
            4,
            -1
          ],
          [
            2,
            2,
            4,
            -1
          ]
        ],
        "inner_word": [
          0,
          0,
          2,
          0,
          1,
          2,
          2,
          1,
          0,
          1,
          2
        ]
      },
      {
        "all_nine_extensions_left_right_time_site": [
          [
            0,
            0,
            1,
            -4
          ],
          [
            0,
            1,
            1,
            -4
          ],
          [
            0,
            2,
            1,
            -4
          ],
          [
            1,
            0,
            4,
            -1
          ],
          [
            1,
            1,
            4,
            -1
          ],
          [
            1,
            2,
            4,
            -1
          ],
          [
            2,
            0,
            4,
            -1
          ],
          [
            2,
            1,
            4,
            -1
          ],
          [
            2,
            2,
            4,
            -1
          ]
        ],
        "inner_word": [
          0,
          0,
          2,
          0,
          1,
          2,
          2,
          1,
          0,
          2,
          0
        ]
      },
      {
        "all_nine_extensions_left_right_time_site": [
          [
            0,
            0,
            1,
            -4
          ],
          [
            0,
            1,
            1,
            -4
          ],
          [
            0,
            2,
            1,
            -4
          ],
          [
            1,
            0,
            4,
            -1
          ],
          [
            1,
            1,
            4,
            -1
          ],
          [
            1,
            2,
            4,
            -1
          ],
          [
            2,
            0,
            4,
            -1
          ],
          [
            2,
            1,
            4,
            -1
          ],
          [
            2,
            2,
            4,
            -1
          ]
        ],
        "inner_word": [
          0,
          0,
          2,
          0,
          1,
          2,
          2,
          1,
          0,
          2,
          1
        ]
      },
      {
        "all_nine_extensions_left_right_time_site": [
          [
            0,
            0,
            1,
            -4
          ],
          [
            0,
            1,
            1,
            -4
          ],
          [
            0,
            2,
            1,
            -4
          ],
          [
            1,
            0,
            4,
            -1
          ],
          [
            1,
            1,
            4,
            -1
          ],
          [
            1,
            2,
            4,
            -1
          ],
          [
            2,
            0,
            4,
            -1
          ],
          [
            2,
            1,
            4,
            -1
          ],
          [
            2,
            2,
            4,
            -1
          ]
        ],
        "inner_word": [
          0,
          0,
          2,
          0,
          1,
          2,
          2,
          1,
          0,
          2,
          2
        ]
      },
      {
        "all_nine_extensions_left_right_time_site": [
          [
            0,
            0,
            1,
            4
          ],
          [
            0,
            1,
            4,
            1
          ],
          [
            0,
            2,
            4,
            1
          ],
          [
            1,
            0,
            1,
            4
          ],
          [
            1,
            1,
            4,
            1
          ],
          [
            1,
            2,
            4,
            1
          ],
          [
            2,
            0,
            1,
            4
          ],
          [
            2,
            1,
            4,
            1
          ],
          [
            2,
            2,
            4,
            1
          ]
        ],
        "inner_word": [
          0,
          1,
          0,
          1,
          2,
          2,
          1,
          0,
          1,
          0,
          0
        ]
      },
      {
        "all_nine_extensions_left_right_time_site": [
          [
            0,
            0,
            4,
            1
          ],
          [
            0,
            1,
            4,
            1
          ],
          [
            0,
            2,
            4,
            1
          ],
          [
            1,
            0,
            4,
            1
          ],
          [
            1,
            1,
            4,
            1
          ],
          [
            1,
            2,
            4,
            1
          ],
          [
            2,
            0,
            4,
            1
          ],
          [
            2,
            1,
            4,
            1
          ],
          [
            2,
            2,
            4,
            1
          ]
        ],
        "inner_word": [
          0,
          1,
          0,
          1,
          2,
          2,
          1,
          0,
          1,
          0,
          1
        ]
      },
      {
        "all_nine_extensions_left_right_time_site": [
          [
            0,
            0,
            4,
            1
          ],
          [
            0,
            1,
            4,
            1
          ],
          [
            0,
            2,
            4,
            1
          ],
          [
            1,
            0,
            4,
            1
          ],
          [
            1,
            1,
            4,
            1
          ],
          [
            1,
            2,
            4,
            1
          ],
          [
            2,
            0,
            4,
            1
          ],
          [
            2,
            1,
            4,
            1
          ],
          [
            2,
            2,
            4,
            1
          ]
        ],
        "inner_word": [
          0,
          1,
          0,
          1,
          2,
          2,
          1,
          0,
          1,
          0,
          2
        ]
      },
      {
        "all_nine_extensions_left_right_time_site": [
          [
            0,
            0,
            4,
            1
          ],
          [
            0,
            1,
            4,
            1
          ],
          [
            0,
            2,
            4,
            1
          ],
          [
            1,
            0,
            4,
            1
          ],
          [
            1,
            1,
            4,
            1
          ],
          [
            1,
            2,
            4,
            1
          ],
          [
            2,
            0,
            4,
            1
          ],
          [
            2,
            1,
            4,
            1
          ],
          [
            2,
            2,
            4,
            1
          ]
        ],
        "inner_word": [
          0,
          1,
          0,
          1,
          2,
          2,
          1,
          0,
          1,
          1,
          0
        ]
      },
      {
        "all_nine_extensions_left_right_time_site": [
          [
            0,
            0,
            2,
            3
          ],
          [
            0,
            1,
            2,
            3
          ],
          [
            0,
            2,
            4,
            1
          ],
          [
            1,
            0,
            2,
            3
          ],
          [
            1,
            1,
            2,
            3
          ],
          [
            1,
            2,
            4,
            1
          ],
          [
            2,
            0,
            2,
            3
          ],
          [
            2,
            1,
            2,
            3
          ],
          [
            2,
            2,
            4,
            1
          ]
        ],
        "inner_word": [
          0,
          1,
          0,
          1,
          2,
          2,
          1,
          0,
          1,
          1,
          1
        ]
      },
      {
        "all_nine_extensions_left_right_time_site": [
          [
            0,
            0,
            4,
            1
          ],
          [
            0,
            1,
            4,
            1
          ],
          [
            0,
            2,
            4,
            1
          ],
          [
            1,
            0,
            4,
            1
          ],
          [
            1,
            1,
            4,
            1
          ],
          [
            1,
            2,
            4,
            1
          ],
          [
            2,
            0,
            4,
            1
          ],
          [
            2,
            1,
            4,
            1
          ],
          [
            2,
            2,
            4,
            1
          ]
        ],
        "inner_word": [
          0,
          1,
          0,
          1,
          2,
          2,
          1,
          0,
          1,
          2,
          0
        ]
      },
      {
        "all_nine_extensions_left_right_time_site": [
          [
            0,
            0,
            4,
            1
          ],
          [
            0,
            1,
            4,
            1
          ],
          [
            0,
            2,
            4,
            1
          ],
          [
            1,
            0,
            4,
            1
          ],
          [
            1,
            1,
            4,
            1
          ],
          [
            1,
            2,
            4,
            1
          ],
          [
            2,
            0,
            4,
            1
          ],
          [
            2,
            1,
            4,
            1
          ],
          [
            2,
            2,
            4,
            1
          ]
        ],
        "inner_word": [
          0,
          1,
          0,
          1,
          2,
          2,
          1,
          0,
          1,
          2,
          1
        ]
      },
      {
        "all_nine_extensions_left_right_time_site": [
          [
            0,
            0,
            4,
            1
          ],
          [
            0,
            1,
            4,
            1
          ],
          [
            0,
            2,
            4,
            1
          ],
          [
            1,
            0,
            4,
            1
          ],
          [
            1,
            1,
            4,
            1
          ],
          [
            1,
            2,
            4,
            1
          ],
          [
            2,
            0,
            4,
            1
          ],
          [
            2,
            1,
            4,
            1
          ],
          [
            2,
            2,
            4,
            1
          ]
        ],
        "inner_word": [
          0,
          1,
          0,
          1,
          2,
          2,
          1,
          0,
          1,
          2,
          2
        ]
      },
      {
        "all_nine_extensions_left_right_time_site": [
          [
            0,
            0,
            1,
            4
          ],
          [
            0,
            1,
            4,
            1
          ],
          [
            0,
            2,
            4,
            1
          ],
          [
            1,
            0,
            1,
            4
          ],
          [
            1,
            1,
            4,
            1
          ],
          [
            1,
            2,
            4,
            1
          ],
          [
            2,
            0,
            1,
            4
          ],
          [
            2,
            1,
            4,
            1
          ],
          [
            2,
            2,
            4,
            1
          ]
        ],
        "inner_word": [
          0,
          1,
          0,
          1,
          2,
          2,
          1,
          0,
          2,
          0,
          0
        ]
      },
      {
        "all_nine_extensions_left_right_time_site": [
          [
            0,
            0,
            4,
            1
          ],
          [
            0,
            1,
            4,
            1
          ],
          [
            0,
            2,
            4,
            1
          ],
          [
            1,
            0,
            4,
            1
          ],
          [
            1,
            1,
            4,
            1
          ],
          [
            1,
            2,
            4,
            1
          ],
          [
            2,
            0,
            4,
            1
          ],
          [
            2,
            1,
            4,
            1
          ],
          [
            2,
            2,
            4,
            1
          ]
        ],
        "inner_word": [
          0,
          1,
          0,
          1,
          2,
          2,
          1,
          0,
          2,
          0,
          1
        ]
      },
      {
        "all_nine_extensions_left_right_time_site": [
          [
            0,
            0,
            4,
            1
          ],
          [
            0,
            1,
            4,
            1
          ],
          [
            0,
            2,
            4,
            1
          ],
          [
            1,
            0,
            4,
            1
          ],
          [
            1,
            1,
            4,
            1
          ],
          [
            1,
            2,
            4,
            1
          ],
          [
            2,
            0,
            4,
            1
          ],
          [
            2,
            1,
            4,
            1
          ],
          [
            2,
            2,
            4,
            1
          ]
        ],
        "inner_word": [
          0,
          1,
          0,
          1,
          2,
          2,
          1,
          0,
          2,
          0,
          2
        ]
      },
      {
        "all_nine_extensions_left_right_time_site": [
          [
            0,
            0,
            4,
            1
          ],
          [
            0,
            1,
            4,
            1
          ],
          [
            0,
            2,
            4,
            1
          ],
          [
            1,
            0,
            4,
            1
          ],
          [
            1,
            1,
            4,
            1
          ],
          [
            1,
            2,
            4,
            1
          ],
          [
            2,
            0,
            4,
            1
          ],
          [
            2,
            1,
            4,
            1
          ],
          [
            2,
            2,
            4,
            1
          ]
        ],
        "inner_word": [
          0,
          1,
          0,
          1,
          2,
          2,
          1,
          0,
          2,
          1,
          0
        ]
      },
      {
        "all_nine_extensions_left_right_time_site": [
          [
            0,
            0,
            1,
            4
          ],
          [
            0,
            1,
            1,
            4
          ],
          [
            0,
            2,
            4,
            1
          ],
          [
            1,
            0,
            1,
            4
          ],
          [
            1,
            1,
            1,
            4
          ],
          [
            1,
            2,
            4,
            1
          ],
          [
            2,
            0,
            1,
            4
          ],
          [
            2,
            1,
            1,
            4
          ],
          [
            2,
            2,
            4,
            1
          ]
        ],
        "inner_word": [
          0,
          1,
          0,
          1,
          2,
          2,
          1,
          0,
          2,
          1,
          1
        ]
      },
      {
        "all_nine_extensions_left_right_time_site": [
          [
            0,
            0,
            4,
            1
          ],
          [
            0,
            1,
            4,
            1
          ],
          [
            0,
            2,
            4,
            1
          ],
          [
            1,
            0,
            4,
            1
          ],
          [
            1,
            1,
            4,
            1
          ],
          [
            1,
            2,
            4,
            1
          ],
          [
            2,
            0,
            4,
            1
          ],
          [
            2,
            1,
            4,
            1
          ],
          [
            2,
            2,
            4,
            1
          ]
        ],
        "inner_word": [
          0,
          1,
          0,
          1,
          2,
          2,
          1,
          0,
          2,
          1,
          2
        ]
      },
      {
        "all_nine_extensions_left_right_time_site": [
          [
            0,
            0,
            4,
            1
          ],
          [
            0,
            1,
            4,
            1
          ],
          [
            0,
            2,
            4,
            1
          ],
          [
            1,
            0,
            4,
            1
          ],
          [
            1,
            1,
            4,
            1
          ],
          [
            1,
            2,
            4,
            1
          ],
          [
            2,
            0,
            4,
            1
          ],
          [
            2,
            1,
            4,
            1
          ],
          [
            2,
            2,
            4,
            1
          ]
        ],
        "inner_word": [
          0,
          1,
          0,
          1,
          2,
          2,
          1,
          0,
          2,
          2,
          0
        ]
      },
      {
        "all_nine_extensions_left_right_time_site": [
          [
            0,
            0,
            4,
            1
          ],
          [
            0,
            1,
            4,
            1
          ],
          [
            0,
            2,
            4,
            1
          ],
          [
            1,
            0,
            4,
            1
          ],
          [
            1,
            1,
            4,
            1
          ],
          [
            1,
            2,
            4,
            1
          ],
          [
            2,
            0,
            4,
            1
          ],
          [
            2,
            1,
            4,
            1
          ],
          [
            2,
            2,
            4,
            1
          ]
        ],
        "inner_word": [
          0,
          1,
          0,
          1,
          2,
          2,
          1,
          0,
          2,
          2,
          1
        ]
      },
      {
        "all_nine_extensions_left_right_time_site": [
          [
            0,
            0,
            2,
            3
          ],
          [
            0,
            1,
            2,
            3
          ],
          [
            0,
            2,
            2,
            3
          ],
          [
            1,
            0,
            2,
            3
          ],
          [
            1,
            1,
            2,
            3
          ],
          [
            1,
            2,
            2,
            3
          ],
          [
            2,
            0,
            2,
            3
          ],
          [
            2,
            1,
            2,
            3
          ],
          [
            2,
            2,
            2,
            3
          ]
        ],
        "inner_word": [
          0,
          1,
          0,
          1,
          2,
          2,
          1,
          0,
          2,
          2,
          2
        ]
      },
      {
        "all_nine_extensions_left_right_time_site": [
          [
            0,
            0,
            4,
            -1
          ],
          [
            0,
            1,
            4,
            -1
          ],
          [
            0,
            2,
            4,
            -1
          ],
          [
            1,
            0,
            4,
            -1
          ],
          [
            1,
            1,
            4,
            -1
          ],
          [
            1,
            2,
            4,
            -1
          ],
          [
            2,
            0,
            4,
            -1
          ],
          [
            2,
            1,
            4,
            -1
          ],
          [
            2,
            2,
            4,
            -1
          ]
        ],
        "inner_word": [
          0,
          1,
          1,
          0,
          1,
          2,
          2,
          1,
          0,
          1,
          0
        ]
      },
      {
        "all_nine_extensions_left_right_time_site": [
          [
            0,
            0,
            4,
            -1
          ],
          [
            0,
            1,
            4,
            -1
          ],
          [
            0,
            2,
            1,
            4
          ],
          [
            1,
            0,
            4,
            -1
          ],
          [
            1,
            1,
            4,
            -1
          ],
          [
            1,
            2,
            1,
            4
          ],
          [
            2,
            0,
            4,
            -1
          ],
          [
            2,
            1,
            4,
            -1
          ],
          [
            2,
            2,
            1,
            4
          ]
        ],
        "inner_word": [
          0,
          1,
          1,
          0,
          1,
          2,
          2,
          1,
          0,
          1,
          1
        ]
      },
      {
        "all_nine_extensions_left_right_time_site": [
          [
            0,
            0,
            4,
            -1
          ],
          [
            0,
            1,
            4,
            -1
          ],
          [
            0,
            2,
            4,
            -1
          ],
          [
            1,
            0,
            4,
            -1
          ],
          [
            1,
            1,
            4,
            -1
          ],
          [
            1,
            2,
            4,
            -1
          ],
          [
            2,
            0,
            4,
            -1
          ],
          [
            2,
            1,
            4,
            -1
          ],
          [
            2,
            2,
            4,
            -1
          ]
        ],
        "inner_word": [
          0,
          1,
          1,
          0,
          1,
          2,
          2,
          1,
          0,
          1,
          2
        ]
      },
      {
        "all_nine_extensions_left_right_time_site": [
          [
            0,
            0,
            4,
            -1
          ],
          [
            0,
            1,
            4,
            -1
          ],
          [
            0,
            2,
            4,
            -1
          ],
          [
            1,
            0,
            4,
            -1
          ],
          [
            1,
            1,
            4,
            -1
          ],
          [
            1,
            2,
            4,
            -1
          ],
          [
            2,
            0,
            4,
            -1
          ],
          [
            2,
            1,
            4,
            -1
          ],
          [
            2,
            2,
            4,
            -1
          ]
        ],
        "inner_word": [
          0,
          1,
          1,
          0,
          1,
          2,
          2,
          1,
          0,
          2,
          0
        ]
      },
      {
        "all_nine_extensions_left_right_time_site": [
          [
            0,
            0,
            4,
            -1
          ],
          [
            0,
            1,
            4,
            -1
          ],
          [
            0,
            2,
            4,
            -1
          ],
          [
            1,
            0,
            4,
            -1
          ],
          [
            1,
            1,
            4,
            -1
          ],
          [
            1,
            2,
            4,
            -1
          ],
          [
            2,
            0,
            4,
            -1
          ],
          [
            2,
            1,
            4,
            -1
          ],
          [
            2,
            2,
            4,
            -1
          ]
        ],
        "inner_word": [
          0,
          1,
          1,
          0,
          1,
          2,
          2,
          1,
          0,
          2,
          1
        ]
      },
      {
        "all_nine_extensions_left_right_time_site": [
          [
            0,
            0,
            4,
            -1
          ],
          [
            0,
            1,
            4,
            -1
          ],
          [
            0,
            2,
            4,
            -1
          ],
          [
            1,
            0,
            4,
            -1
          ],
          [
            1,
            1,
            4,
            -1
          ],
          [
            1,
            2,
            4,
            -1
          ],
          [
            2,
            0,
            4,
            -1
          ],
          [
            2,
            1,
            4,
            -1
          ],
          [
            2,
            2,
            4,
            -1
          ]
        ],
        "inner_word": [
          0,
          1,
          1,
          0,
          1,
          2,
          2,
          1,
          0,
          2,
          2
        ]
      },
      {
        "all_nine_extensions_left_right_time_site": [
          [
            0,
            0,
            4,
            -1
          ],
          [
            0,
            1,
            4,
            -1
          ],
          [
            0,
            2,
            4,
            -1
          ],
          [
            1,
            0,
            4,
            -1
          ],
          [
            1,
            1,
            4,
            -1
          ],
          [
            1,
            2,
            4,
            -1
          ],
          [
            2,
            0,
            4,
            -1
          ],
          [
            2,
            1,
            4,
            -1
          ],
          [
            2,
            2,
            4,
            -1
          ]
        ],
        "inner_word": [
          0,
          1,
          2,
          0,
          1,
          2,
          2,
          1,
          0,
          1,
          0
        ]
      },
      {
        "all_nine_extensions_left_right_time_site": [
          [
            0,
            0,
            4,
            -1
          ],
          [
            0,
            1,
            4,
            -1
          ],
          [
            0,
            2,
            1,
            4
          ],
          [
            1,
            0,
            4,
            -1
          ],
          [
            1,
            1,
            4,
            -1
          ],
          [
            1,
            2,
            1,
            4
          ],
          [
            2,
            0,
            4,
            -1
          ],
          [
            2,
            1,
            4,
            -1
          ],
          [
            2,
            2,
            1,
            4
          ]
        ],
        "inner_word": [
          0,
          1,
          2,
          0,
          1,
          2,
          2,
          1,
          0,
          1,
          1
        ]
      },
      {
        "all_nine_extensions_left_right_time_site": [
          [
            0,
            0,
            4,
            -1
          ],
          [
            0,
            1,
            4,
            -1
          ],
          [
            0,
            2,
            4,
            -1
          ],
          [
            1,
            0,
            4,
            -1
          ],
          [
            1,
            1,
            4,
            -1
          ],
          [
            1,
            2,
            4,
            -1
          ],
          [
            2,
            0,
            4,
            -1
          ],
          [
            2,
            1,
            4,
            -1
          ],
          [
            2,
            2,
            4,
            -1
          ]
        ],
        "inner_word": [
          0,
          1,
          2,
          0,
          1,
          2,
          2,
          1,
          0,
          1,
          2
        ]
      },
      {
        "all_nine_extensions_left_right_time_site": [
          [
            0,
            0,
            4,
            -1
          ],
          [
            0,
            1,
            4,
            -1
          ],
          [
            0,
            2,
            4,
            -1
          ],
          [
            1,
            0,
            4,
            -1
          ],
          [
            1,
            1,
            4,
            -1
          ],
          [
            1,
            2,
            4,
            -1
          ],
          [
            2,
            0,
            4,
            -1
          ],
          [
            2,
            1,
            4,
            -1
          ],
          [
            2,
            2,
            4,
            -1
          ]
        ],
        "inner_word": [
          0,
          1,
          2,
          0,
          1,
          2,
          2,
          1,
          0,
          2,
          0
        ]
      },
      {
        "all_nine_extensions_left_right_time_site": [
          [
            0,
            0,
            4,
            -1
          ],
          [
            0,
            1,
            4,
            -1
          ],
          [
            0,
            2,
            4,
            -1
          ],
          [
            1,
            0,
            4,
            -1
          ],
          [
            1,
            1,
            4,
            -1
          ],
          [
            1,
            2,
            4,
            -1
          ],
          [
            2,
            0,
            4,
            -1
          ],
          [
            2,
            1,
            4,
            -1
          ],
          [
            2,
            2,
            4,
            -1
          ]
        ],
        "inner_word": [
          0,
          1,
          2,
          0,
          1,
          2,
          2,
          1,
          0,
          2,
          1
        ]
      },
      {
        "all_nine_extensions_left_right_time_site": [
          [
            0,
            0,
            4,
            -1
          ],
          [
            0,
            1,
            4,
            -1
          ],
          [
            0,
            2,
            4,
            -1
          ],
          [
            1,
            0,
            4,
            -1
          ],
          [
            1,
            1,
            4,
            -1
          ],
          [
            1,
            2,
            4,
            -1
          ],
          [
            2,
            0,
            4,
            -1
          ],
          [
            2,
            1,
            4,
            -1
          ],
          [
            2,
            2,
            4,
            -1
          ]
        ],
        "inner_word": [
          0,
          1,
          2,
          0,
          1,
          2,
          2,
          1,
          0,
          2,
          2
        ]
      },
      {
        "all_nine_extensions_left_right_time_site": [
          [
            0,
            0,
            1,
            4
          ],
          [
            0,
            1,
            4,
            1
          ],
          [
            0,
            2,
            4,
            1
          ],
          [
            1,
            0,
            1,
            4
          ],
          [
            1,
            1,
            4,
            1
          ],
          [
            1,
            2,
            4,
            1
          ],
          [
            2,
            0,
            1,
            4
          ],
          [
            2,
            1,
            4,
            1
          ],
          [
            2,
            2,
            4,
            1
          ]
        ],
        "inner_word": [
          0,
          2,
          0,
          1,
          2,
          2,
          1,
          0,
          1,
          0,
          0
        ]
      },
      {
        "all_nine_extensions_left_right_time_site": [
          [
            0,
            0,
            4,
            1
          ],
          [
            0,
            1,
            4,
            1
          ],
          [
            0,
            2,
            4,
            1
          ],
          [
            1,
            0,
            4,
            1
          ],
          [
            1,
            1,
            4,
            1
          ],
          [
            1,
            2,
            4,
            1
          ],
          [
            2,
            0,
            4,
            1
          ],
          [
            2,
            1,
            4,
            1
          ],
          [
            2,
            2,
            4,
            1
          ]
        ],
        "inner_word": [
          0,
          2,
          0,
          1,
          2,
          2,
          1,
          0,
          1,
          0,
          1
        ]
      },
      {
        "all_nine_extensions_left_right_time_site": [
          [
            0,
            0,
            4,
            1
          ],
          [
            0,
            1,
            4,
            1
          ],
          [
            0,
            2,
            4,
            1
          ],
          [
            1,
            0,
            4,
            1
          ],
          [
            1,
            1,
            4,
            1
          ],
          [
            1,
            2,
            4,
            1
          ],
          [
            2,
            0,
            4,
            1
          ],
          [
            2,
            1,
            4,
            1
          ],
          [
            2,
            2,
            4,
            1
          ]
        ],
        "inner_word": [
          0,
          2,
          0,
          1,
          2,
          2,
          1,
          0,
          1,
          0,
          2
        ]
      },
      {
        "all_nine_extensions_left_right_time_site": [
          [
            0,
            0,
            4,
            1
          ],
          [
            0,
            1,
            4,
            1
          ],
          [
            0,
            2,
            4,
            1
          ],
          [
            1,
            0,
            4,
            1
          ],
          [
            1,
            1,
            4,
            1
          ],
          [
            1,
            2,
            4,
            1
          ],
          [
            2,
            0,
            4,
            1
          ],
          [
            2,
            1,
            4,
            1
          ],
          [
            2,
            2,
            4,
            1
          ]
        ],
        "inner_word": [
          0,
          2,
          0,
          1,
          2,
          2,
          1,
          0,
          1,
          1,
          0
        ]
      },
      {
        "all_nine_extensions_left_right_time_site": [
          [
            0,
            0,
            2,
            3
          ],
          [
            0,
            1,
            2,
            3
          ],
          [
            0,
            2,
            4,
            1
          ],
          [
            1,
            0,
            2,
            3
          ],
          [
            1,
            1,
            2,
            3
          ],
          [
            1,
            2,
            4,
            1
          ],
          [
            2,
            0,
            2,
            3
          ],
          [
            2,
            1,
            2,
            3
          ],
          [
            2,
            2,
            4,
            1
          ]
        ],
        "inner_word": [
          0,
          2,
          0,
          1,
          2,
          2,
          1,
          0,
          1,
          1,
          1
        ]
      },
      {
        "all_nine_extensions_left_right_time_site": [
          [
            0,
            0,
            4,
            1
          ],
          [
            0,
            1,
            4,
            1
          ],
          [
            0,
            2,
            4,
            1
          ],
          [
            1,
            0,
            4,
            1
          ],
          [
            1,
            1,
            4,
            1
          ],
          [
            1,
            2,
            4,
            1
          ],
          [
            2,
            0,
            4,
            1
          ],
          [
            2,
            1,
            4,
            1
          ],
          [
            2,
            2,
            4,
            1
          ]
        ],
        "inner_word": [
          0,
          2,
          0,
          1,
          2,
          2,
          1,
          0,
          1,
          2,
          0
        ]
      },
      {
        "all_nine_extensions_left_right_time_site": [
          [
            0,
            0,
            4,
            1
          ],
          [
            0,
            1,
            4,
            1
          ],
          [
            0,
            2,
            4,
            1
          ],
          [
            1,
            0,
            4,
            1
          ],
          [
            1,
            1,
            4,
            1
          ],
          [
            1,
            2,
            4,
            1
          ],
          [
            2,
            0,
            4,
            1
          ],
          [
            2,
            1,
            4,
            1
          ],
          [
            2,
            2,
            4,
            1
          ]
        ],
        "inner_word": [
          0,
          2,
          0,
          1,
          2,
          2,
          1,
          0,
          1,
          2,
          1
        ]
      },
      {
        "all_nine_extensions_left_right_time_site": [
          [
            0,
            0,
            4,
            1
          ],
          [
            0,
            1,
            4,
            1
          ],
          [
            0,
            2,
            4,
            1
          ],
          [
            1,
            0,
            4,
            1
          ],
          [
            1,
            1,
            4,
            1
          ],
          [
            1,
            2,
            4,
            1
          ],
          [
            2,
            0,
            4,
            1
          ],
          [
            2,
            1,
            4,
            1
          ],
          [
            2,
            2,
            4,
            1
          ]
        ],
        "inner_word": [
          0,
          2,
          0,
          1,
          2,
          2,
          1,
          0,
          1,
          2,
          2
        ]
      },
      {
        "all_nine_extensions_left_right_time_site": [
          [
            0,
            0,
            1,
            4
          ],
          [
            0,
            1,
            4,
            1
          ],
          [
            0,
            2,
            4,
            1
          ],
          [
            1,
            0,
            1,
            4
          ],
          [
            1,
            1,
            4,
            1
          ],
          [
            1,
            2,
            4,
            1
          ],
          [
            2,
            0,
            1,
            4
          ],
          [
            2,
            1,
            4,
            1
          ],
          [
            2,
            2,
            4,
            1
          ]
        ],
        "inner_word": [
          0,
          2,
          0,
          1,
          2,
          2,
          1,
          0,
          2,
          0,
          0
        ]
      },
      {
        "all_nine_extensions_left_right_time_site": [
          [
            0,
            0,
            4,
            1
          ],
          [
            0,
            1,
            4,
            1
          ],
          [
            0,
            2,
            4,
            1
          ],
          [
            1,
            0,
            4,
            1
          ],
          [
            1,
            1,
            4,
            1
          ],
          [
            1,
            2,
            4,
            1
          ],
          [
            2,
            0,
            4,
            1
          ],
          [
            2,
            1,
            4,
            1
          ],
          [
            2,
            2,
            4,
            1
          ]
        ],
        "inner_word": [
          0,
          2,
          0,
          1,
          2,
          2,
          1,
          0,
          2,
          0,
          1
        ]
      },
      {
        "all_nine_extensions_left_right_time_site": [
          [
            0,
            0,
            4,
            1
          ],
          [
            0,
            1,
            4,
            1
          ],
          [
            0,
            2,
            4,
            1
          ],
          [
            1,
            0,
            4,
            1
          ],
          [
            1,
            1,
            4,
            1
          ],
          [
            1,
            2,
            4,
            1
          ],
          [
            2,
            0,
            4,
            1
          ],
          [
            2,
            1,
            4,
            1
          ],
          [
            2,
            2,
            4,
            1
          ]
        ],
        "inner_word": [
          0,
          2,
          0,
          1,
          2,
          2,
          1,
          0,
          2,
          0,
          2
        ]
      },
      {
        "all_nine_extensions_left_right_time_site": [
          [
            0,
            0,
            4,
            1
          ],
          [
            0,
            1,
            4,
            1
          ],
          [
            0,
            2,
            4,
            1
          ],
          [
            1,
            0,
            4,
            1
          ],
          [
            1,
            1,
            4,
            1
          ],
          [
            1,
            2,
            4,
            1
          ],
          [
            2,
            0,
            4,
            1
          ],
          [
            2,
            1,
            4,
            1
          ],
          [
            2,
            2,
            4,
            1
          ]
        ],
        "inner_word": [
          0,
          2,
          0,
          1,
          2,
          2,
          1,
          0,
          2,
          1,
          0
        ]
      },
      {
        "all_nine_extensions_left_right_time_site": [
          [
            0,
            0,
            1,
            4
          ],
          [
            0,
            1,
            1,
            4
          ],
          [
            0,
            2,
            4,
            1
          ],
          [
            1,
            0,
            1,
            4
          ],
          [
            1,
            1,
            1,
            4
          ],
          [
            1,
            2,
            4,
            1
          ],
          [
            2,
            0,
            1,
            4
          ],
          [
            2,
            1,
            1,
            4
          ],
          [
            2,
            2,
            4,
            1
          ]
        ],
        "inner_word": [
          0,
          2,
          0,
          1,
          2,
          2,
          1,
          0,
          2,
          1,
          1
        ]
      },
      {
        "all_nine_extensions_left_right_time_site": [
          [
            0,
            0,
            4,
            1
          ],
          [
            0,
            1,
            4,
            1
          ],
          [
            0,
            2,
            4,
            1
          ],
          [
            1,
            0,
            4,
            1
          ],
          [
            1,
            1,
            4,
            1
          ],
          [
            1,
            2,
            4,
            1
          ],
          [
            2,
            0,
            4,
            1
          ],
          [
            2,
            1,
            4,
            1
          ],
          [
            2,
            2,
            4,
            1
          ]
        ],
        "inner_word": [
          0,
          2,
          0,
          1,
          2,
          2,
          1,
          0,
          2,
          1,
          2
        ]
      },
      {
        "all_nine_extensions_left_right_time_site": [
          [
            0,
            0,
            4,
            1
          ],
          [
            0,
            1,
            4,
            1
          ],
          [
            0,
            2,
            4,
            1
          ],
          [
            1,
            0,
            4,
            1
          ],
          [
            1,
            1,
            4,
            1
          ],
          [
            1,
            2,
            4,
            1
          ],
          [
            2,
            0,
            4,
            1
          ],
          [
            2,
            1,
            4,
            1
          ],
          [
            2,
            2,
            4,
            1
          ]
        ],
        "inner_word": [
          0,
          2,
          0,
          1,
          2,
          2,
          1,
          0,
          2,
          2,
          0
        ]
      },
      {
        "all_nine_extensions_left_right_time_site": [
          [
            0,
            0,
            4,
            1
          ],
          [
            0,
            1,
            4,
            1
          ],
          [
            0,
            2,
            4,
            1
          ],
          [
            1,
            0,
            4,
            1
          ],
          [
            1,
            1,
            4,
            1
          ],
          [
            1,
            2,
            4,
            1
          ],
          [
            2,
            0,
            4,
            1
          ],
          [
            2,
            1,
            4,
            1
          ],
          [
            2,
            2,
            4,
            1
          ]
        ],
        "inner_word": [
          0,
          2,
          0,
          1,
          2,
          2,
          1,
          0,
          2,
          2,
          1
        ]
      },
      {
        "all_nine_extensions_left_right_time_site": [
          [
            0,
            0,
            2,
            3
          ],
          [
            0,
            1,
            2,
            3
          ],
          [
            0,
            2,
            2,
            3
          ],
          [
            1,
            0,
            2,
            3
          ],
          [
            1,
            1,
            2,
            3
          ],
          [
            1,
            2,
            2,
            3
          ],
          [
            2,
            0,
            2,
            3
          ],
          [
            2,
            1,
            2,
            3
          ],
          [
            2,
            2,
            2,
            3
          ]
        ],
        "inner_word": [
          0,
          2,
          0,
          1,
          2,
          2,
          1,
          0,
          2,
          2,
          2
        ]
      },
      {
        "all_nine_extensions_left_right_time_site": [
          [
            0,
            0,
            4,
            -1
          ],
          [
            0,
            1,
            4,
            -1
          ],
          [
            0,
            2,
            4,
            -1
          ],
          [
            1,
            0,
            4,
            -1
          ],
          [
            1,
            1,
            4,
            -1
          ],
          [
            1,
            2,
            4,
            -1
          ],
          [
            2,
            0,
            4,
            -1
          ],
          [
            2,
            1,
            4,
            -1
          ],
          [
            2,
            2,
            4,
            -1
          ]
        ],
        "inner_word": [
          0,
          2,
          1,
          0,
          1,
          2,
          2,
          1,
          0,
          1,
          0
        ]
      },
      {
        "all_nine_extensions_left_right_time_site": [
          [
            0,
            0,
            4,
            -1
          ],
          [
            0,
            1,
            4,
            -1
          ],
          [
            0,
            2,
            1,
            4
          ],
          [
            1,
            0,
            4,
            -1
          ],
          [
            1,
            1,
            4,
            -1
          ],
          [
            1,
            2,
            1,
            4
          ],
          [
            2,
            0,
            4,
            -1
          ],
          [
            2,
            1,
            4,
            -1
          ],
          [
            2,
            2,
            1,
            4
          ]
        ],
        "inner_word": [
          0,
          2,
          1,
          0,
          1,
          2,
          2,
          1,
          0,
          1,
          1
        ]
      },
      {
        "all_nine_extensions_left_right_time_site": [
          [
            0,
            0,
            4,
            -1
          ],
          [
            0,
            1,
            4,
            -1
          ],
          [
            0,
            2,
            4,
            -1
          ],
          [
            1,
            0,
            4,
            -1
          ],
          [
            1,
            1,
            4,
            -1
          ],
          [
            1,
            2,
            4,
            -1
          ],
          [
            2,
            0,
            4,
            -1
          ],
          [
            2,
            1,
            4,
            -1
          ],
          [
            2,
            2,
            4,
            -1
          ]
        ],
        "inner_word": [
          0,
          2,
          1,
          0,
          1,
          2,
          2,
          1,
          0,
          1,
          2
        ]
      },
      {
        "all_nine_extensions_left_right_time_site": [
          [
            0,
            0,
            4,
            -1
          ],
          [
            0,
            1,
            4,
            -1
          ],
          [
            0,
            2,
            4,
            -1
          ],
          [
            1,
            0,
            4,
            -1
          ],
          [
            1,
            1,
            4,
            -1
          ],
          [
            1,
            2,
            4,
            -1
          ],
          [
            2,
            0,
            4,
            -1
          ],
          [
            2,
            1,
            4,
            -1
          ],
          [
            2,
            2,
            4,
            -1
          ]
        ],
        "inner_word": [
          0,
          2,
          1,
          0,
          1,
          2,
          2,
          1,
          0,
          2,
          0
        ]
      },
      {
        "all_nine_extensions_left_right_time_site": [
          [
            0,
            0,
            4,
            -1
          ],
          [
            0,
            1,
            4,
            -1
          ],
          [
            0,
            2,
            4,
            -1
          ],
          [
            1,
            0,
            4,
            -1
          ],
          [
            1,
            1,
            4,
            -1
          ],
          [
            1,
            2,
            4,
            -1
          ],
          [
            2,
            0,
            4,
            -1
          ],
          [
            2,
            1,
            4,
            -1
          ],
          [
            2,
            2,
            4,
            -1
          ]
        ],
        "inner_word": [
          0,
          2,
          1,
          0,
          1,
          2,
          2,
          1,
          0,
          2,
          1
        ]
      },
      {
        "all_nine_extensions_left_right_time_site": [
          [
            0,
            0,
            4,
            -1
          ],
          [
            0,
            1,
            4,
            -1
          ],
          [
            0,
            2,
            4,
            -1
          ],
          [
            1,
            0,
            4,
            -1
          ],
          [
            1,
            1,
            4,
            -1
          ],
          [
            1,
            2,
            4,
            -1
          ],
          [
            2,
            0,
            4,
            -1
          ],
          [
            2,
            1,
            4,
            -1
          ],
          [
            2,
            2,
            4,
            -1
          ]
        ],
        "inner_word": [
          0,
          2,
          1,
          0,
          1,
          2,
          2,
          1,
          0,
          2,
          2
        ]
      },
      {
        "all_nine_extensions_left_right_time_site": [
          [
            0,
            0,
            4,
            -1
          ],
          [
            0,
            1,
            4,
            -1
          ],
          [
            0,
            2,
            4,
            -1
          ],
          [
            1,
            0,
            4,
            -1
          ],
          [
            1,
            1,
            4,
            -1
          ],
          [
            1,
            2,
            4,
            -1
          ],
          [
            2,
            0,
            4,
            -1
          ],
          [
            2,
            1,
            4,
            -1
          ],
          [
            2,
            2,
            4,
            -1
          ]
        ],
        "inner_word": [
          0,
          2,
          2,
          0,
          1,
          2,
          2,
          1,
          0,
          1,
          0
        ]
      },
      {
        "all_nine_extensions_left_right_time_site": [
          [
            0,
            0,
            4,
            -1
          ],
          [
            0,
            1,
            4,
            -1
          ],
          [
            0,
            2,
            1,
            4
          ],
          [
            1,
            0,
            4,
            -1
          ],
          [
            1,
            1,
            4,
            -1
          ],
          [
            1,
            2,
            1,
            4
          ],
          [
            2,
            0,
            4,
            -1
          ],
          [
            2,
            1,
            4,
            -1
          ],
          [
            2,
            2,
            1,
            4
          ]
        ],
        "inner_word": [
          0,
          2,
          2,
          0,
          1,
          2,
          2,
          1,
          0,
          1,
          1
        ]
      },
      {
        "all_nine_extensions_left_right_time_site": [
          [
            0,
            0,
            4,
            -1
          ],
          [
            0,
            1,
            4,
            -1
          ],
          [
            0,
            2,
            4,
            -1
          ],
          [
            1,
            0,
            4,
            -1
          ],
          [
            1,
            1,
            4,
            -1
          ],
          [
            1,
            2,
            4,
            -1
          ],
          [
            2,
            0,
            4,
            -1
          ],
          [
            2,
            1,
            4,
            -1
          ],
          [
            2,
            2,
            4,
            -1
          ]
        ],
        "inner_word": [
          0,
          2,
          2,
          0,
          1,
          2,
          2,
          1,
          0,
          1,
          2
        ]
      },
      {
        "all_nine_extensions_left_right_time_site": [
          [
            0,
            0,
            4,
            -1
          ],
          [
            0,
            1,
            4,
            -1
          ],
          [
            0,
            2,
            4,
            -1
          ],
          [
            1,
            0,
            4,
            -1
          ],
          [
            1,
            1,
            4,
            -1
          ],
          [
            1,
            2,
            4,
            -1
          ],
          [
            2,
            0,
            4,
            -1
          ],
          [
            2,
            1,
            4,
            -1
          ],
          [
            2,
            2,
            4,
            -1
          ]
        ],
        "inner_word": [
          0,
          2,
          2,
          0,
          1,
          2,
          2,
          1,
          0,
          2,
          0
        ]
      },
      {
        "all_nine_extensions_left_right_time_site": [
          [
            0,
            0,
            4,
            -1
          ],
          [
            0,
            1,
            4,
            -1
          ],
          [
            0,
            2,
            4,
            -1
          ],
          [
            1,
            0,
            4,
            -1
          ],
          [
            1,
            1,
            4,
            -1
          ],
          [
            1,
            2,
            4,
            -1
          ],
          [
            2,
            0,
            4,
            -1
          ],
          [
            2,
            1,
            4,
            -1
          ],
          [
            2,
            2,
            4,
            -1
          ]
        ],
        "inner_word": [
          0,
          2,
          2,
          0,
          1,
          2,
          2,
          1,
          0,
          2,
          1
        ]
      },
      {
        "all_nine_extensions_left_right_time_site": [
          [
            0,
            0,
            4,
            -1
          ],
          [
            0,
            1,
            4,
            -1
          ],
          [
            0,
            2,
            4,
            -1
          ],
          [
            1,
            0,
            4,
            -1
          ],
          [
            1,
            1,
            4,
            -1
          ],
          [
            1,
            2,
            4,
            -1
          ],
          [
            2,
            0,
            4,
            -1
          ],
          [
            2,
            1,
            4,
            -1
          ],
          [
            2,
            2,
            4,
            -1
          ]
        ],
        "inner_word": [
          0,
          2,
          2,
          0,
          1,
          2,
          2,
          1,
          0,
          2,
          2
        ]
      },
      {
        "all_nine_extensions_left_right_time_site": [
          [
            0,
            0,
            4,
            -1
          ],
          [
            0,
            1,
            4,
            -1
          ],
          [
            0,
            2,
            4,
            -1
          ],
          [
            1,
            0,
            4,
            -1
          ],
          [
            1,
            1,
            4,
            -1
          ],
          [
            1,
            2,
            4,
            -1
          ],
          [
            2,
            0,
            4,
            -1
          ],
          [
            2,
            1,
            4,
            -1
          ],
          [
            2,
            2,
            4,
            -1
          ]
        ],
        "inner_word": [
          1,
          0,
          1,
          0,
          1,
          2,
          2,
          1,
          0,
          1,
          0
        ]
      },
      {
        "all_nine_extensions_left_right_time_site": [
          [
            0,
            0,
            4,
            -1
          ],
          [
            0,
            1,
            4,
            -1
          ],
          [
            0,
            2,
            1,
            4
          ],
          [
            1,
            0,
            4,
            -1
          ],
          [
            1,
            1,
            4,
            -1
          ],
          [
            1,
            2,
            1,
            4
          ],
          [
            2,
            0,
            4,
            -1
          ],
          [
            2,
            1,
            4,
            -1
          ],
          [
            2,
            2,
            1,
            4
          ]
        ],
        "inner_word": [
          1,
          0,
          1,
          0,
          1,
          2,
          2,
          1,
          0,
          1,
          1
        ]
      },
      {
        "all_nine_extensions_left_right_time_site": [
          [
            0,
            0,
            4,
            -1
          ],
          [
            0,
            1,
            4,
            -1
          ],
          [
            0,
            2,
            4,
            -1
          ],
          [
            1,
            0,
            4,
            -1
          ],
          [
            1,
            1,
            4,
            -1
          ],
          [
            1,
            2,
            4,
            -1
          ],
          [
            2,
            0,
            4,
            -1
          ],
          [
            2,
            1,
            4,
            -1
          ],
          [
            2,
            2,
            4,
            -1
          ]
        ],
        "inner_word": [
          1,
          0,
          1,
          0,
          1,
          2,
          2,
          1,
          0,
          1,
          2
        ]
      },
      {
        "all_nine_extensions_left_right_time_site": [
          [
            0,
            0,
            4,
            -1
          ],
          [
            0,
            1,
            4,
            -1
          ],
          [
            0,
            2,
            4,
            -1
          ],
          [
            1,
            0,
            4,
            -1
          ],
          [
            1,
            1,
            4,
            -1
          ],
          [
            1,
            2,
            4,
            -1
          ],
          [
            2,
            0,
            4,
            -1
          ],
          [
            2,
            1,
            4,
            -1
          ],
          [
            2,
            2,
            4,
            -1
          ]
        ],
        "inner_word": [
          1,
          0,
          1,
          0,
          1,
          2,
          2,
          1,
          0,
          2,
          0
        ]
      },
      {
        "all_nine_extensions_left_right_time_site": [
          [
            0,
            0,
            4,
            -1
          ],
          [
            0,
            1,
            4,
            -1
          ],
          [
            0,
            2,
            4,
            -1
          ],
          [
            1,
            0,
            4,
            -1
          ],
          [
            1,
            1,
            4,
            -1
          ],
          [
            1,
            2,
            4,
            -1
          ],
          [
            2,
            0,
            4,
            -1
          ],
          [
            2,
            1,
            4,
            -1
          ],
          [
            2,
            2,
            4,
            -1
          ]
        ],
        "inner_word": [
          1,
          0,
          1,
          0,
          1,
          2,
          2,
          1,
          0,
          2,
          1
        ]
      },
      {
        "all_nine_extensions_left_right_time_site": [
          [
            0,
            0,
            4,
            -1
          ],
          [
            0,
            1,
            4,
            -1
          ],
          [
            0,
            2,
            4,
            -1
          ],
          [
            1,
            0,
            4,
            -1
          ],
          [
            1,
            1,
            4,
            -1
          ],
          [
            1,
            2,
            4,
            -1
          ],
          [
            2,
            0,
            4,
            -1
          ],
          [
            2,
            1,
            4,
            -1
          ],
          [
            2,
            2,
            4,
            -1
          ]
        ],
        "inner_word": [
          1,
          0,
          1,
          0,
          1,
          2,
          2,
          1,
          0,
          2,
          2
        ]
      },
      {
        "all_nine_extensions_left_right_time_site": [
          [
            0,
            0,
            4,
            -1
          ],
          [
            0,
            1,
            4,
            -1
          ],
          [
            0,
            2,
            4,
            -1
          ],
          [
            1,
            0,
            4,
            -1
          ],
          [
            1,
            1,
            4,
            -1
          ],
          [
            1,
            2,
            4,
            -1
          ],
          [
            2,
            0,
            4,
            -1
          ],
          [
            2,
            1,
            4,
            -1
          ],
          [
            2,
            2,
            4,
            -1
          ]
        ],
        "inner_word": [
          1,
          0,
          2,
          0,
          1,
          2,
          2,
          1,
          0,
          1,
          0
        ]
      },
      {
        "all_nine_extensions_left_right_time_site": [
          [
            0,
            0,
            4,
            -1
          ],
          [
            0,
            1,
            4,
            -1
          ],
          [
            0,
            2,
            1,
            4
          ],
          [
            1,
            0,
            4,
            -1
          ],
          [
            1,
            1,
            4,
            -1
          ],
          [
            1,
            2,
            1,
            4
          ],
          [
            2,
            0,
            4,
            -1
          ],
          [
            2,
            1,
            4,
            -1
          ],
          [
            2,
            2,
            1,
            4
          ]
        ],
        "inner_word": [
          1,
          0,
          2,
          0,
          1,
          2,
          2,
          1,
          0,
          1,
          1
        ]
      },
      {
        "all_nine_extensions_left_right_time_site": [
          [
            0,
            0,
            4,
            -1
          ],
          [
            0,
            1,
            4,
            -1
          ],
          [
            0,
            2,
            4,
            -1
          ],
          [
            1,
            0,
            4,
            -1
          ],
          [
            1,
            1,
            4,
            -1
          ],
          [
            1,
            2,
            4,
            -1
          ],
          [
            2,
            0,
            4,
            -1
          ],
          [
            2,
            1,
            4,
            -1
          ],
          [
            2,
            2,
            4,
            -1
          ]
        ],
        "inner_word": [
          1,
          0,
          2,
          0,
          1,
          2,
          2,
          1,
          0,
          1,
          2
        ]
      },
      {
        "all_nine_extensions_left_right_time_site": [
          [
            0,
            0,
            4,
            -1
          ],
          [
            0,
            1,
            4,
            -1
          ],
          [
            0,
            2,
            4,
            -1
          ],
          [
            1,
            0,
            4,
            -1
          ],
          [
            1,
            1,
            4,
            -1
          ],
          [
            1,
            2,
            4,
            -1
          ],
          [
            2,
            0,
            4,
            -1
          ],
          [
            2,
            1,
            4,
            -1
          ],
          [
            2,
            2,
            4,
            -1
          ]
        ],
        "inner_word": [
          1,
          0,
          2,
          0,
          1,
          2,
          2,
          1,
          0,
          2,
          0
        ]
      },
      {
        "all_nine_extensions_left_right_time_site": [
          [
            0,
            0,
            4,
            -1
          ],
          [
            0,
            1,
            4,
            -1
          ],
          [
            0,
            2,
            4,
            -1
          ],
          [
            1,
            0,
            4,
            -1
          ],
          [
            1,
            1,
            4,
            -1
          ],
          [
            1,
            2,
            4,
            -1
          ],
          [
            2,
            0,
            4,
            -1
          ],
          [
            2,
            1,
            4,
            -1
          ],
          [
            2,
            2,
            4,
            -1
          ]
        ],
        "inner_word": [
          1,
          0,
          2,
          0,
          1,
          2,
          2,
          1,
          0,
          2,
          1
        ]
      },
      {
        "all_nine_extensions_left_right_time_site": [
          [
            0,
            0,
            4,
            -1
          ],
          [
            0,
            1,
            4,
            -1
          ],
          [
            0,
            2,
            4,
            -1
          ],
          [
            1,
            0,
            4,
            -1
          ],
          [
            1,
            1,
            4,
            -1
          ],
          [
            1,
            2,
            4,
            -1
          ],
          [
            2,
            0,
            4,
            -1
          ],
          [
            2,
            1,
            4,
            -1
          ],
          [
            2,
            2,
            4,
            -1
          ]
        ],
        "inner_word": [
          1,
          0,
          2,
          0,
          1,
          2,
          2,
          1,
          0,
          2,
          2
        ]
      },
      {
        "all_nine_extensions_left_right_time_site": [
          [
            0,
            0,
            1,
            4
          ],
          [
            0,
            1,
            4,
            1
          ],
          [
            0,
            2,
            4,
            1
          ],
          [
            1,
            0,
            1,
            4
          ],
          [
            1,
            1,
            4,
            1
          ],
          [
            1,
            2,
            4,
            1
          ],
          [
            2,
            0,
            1,
            -4
          ],
          [
            2,
            1,
            1,
            -4
          ],
          [
            2,
            2,
            1,
            -4
          ]
        ],
        "inner_word": [
          1,
          1,
          0,
          1,
          2,
          2,
          1,
          0,
          1,
          0,
          0
        ]
      },
      {
        "all_nine_extensions_left_right_time_site": [
          [
            0,
            0,
            4,
            1
          ],
          [
            0,
            1,
            4,
            1
          ],
          [
            0,
            2,
            4,
            1
          ],
          [
            1,
            0,
            4,
            1
          ],
          [
            1,
            1,
            4,
            1
          ],
          [
            1,
            2,
            4,
            1
          ],
          [
            2,
            0,
            1,
            -4
          ],
          [
            2,
            1,
            1,
            -4
          ],
          [
            2,
            2,
            1,
            -4
          ]
        ],
        "inner_word": [
          1,
          1,
          0,
          1,
          2,
          2,
          1,
          0,
          1,
          0,
          1
        ]
      },
      {
        "all_nine_extensions_left_right_time_site": [
          [
            0,
            0,
            4,
            1
          ],
          [
            0,
            1,
            4,
            1
          ],
          [
            0,
            2,
            4,
            1
          ],
          [
            1,
            0,
            4,
            1
          ],
          [
            1,
            1,
            4,
            1
          ],
          [
            1,
            2,
            4,
            1
          ],
          [
            2,
            0,
            1,
            -4
          ],
          [
            2,
            1,
            1,
            -4
          ],
          [
            2,
            2,
            1,
            -4
          ]
        ],
        "inner_word": [
          1,
          1,
          0,
          1,
          2,
          2,
          1,
          0,
          1,
          0,
          2
        ]
      },
      {
        "all_nine_extensions_left_right_time_site": [
          [
            0,
            0,
            4,
            1
          ],
          [
            0,
            1,
            4,
            1
          ],
          [
            0,
            2,
            4,
            1
          ],
          [
            1,
            0,
            4,
            1
          ],
          [
            1,
            1,
            4,
            1
          ],
          [
            1,
            2,
            4,
            1
          ],
          [
            2,
            0,
            1,
            -4
          ],
          [
            2,
            1,
            1,
            -4
          ],
          [
            2,
            2,
            1,
            -4
          ]
        ],
        "inner_word": [
          1,
          1,
          0,
          1,
          2,
          2,
          1,
          0,
          1,
          1,
          0
        ]
      },
      {
        "all_nine_extensions_left_right_time_site": [
          [
            0,
            0,
            2,
            3
          ],
          [
            0,
            1,
            2,
            3
          ],
          [
            0,
            2,
            4,
            1
          ],
          [
            1,
            0,
            2,
            3
          ],
          [
            1,
            1,
            2,
            3
          ],
          [
            1,
            2,
            4,
            1
          ],
          [
            2,
            0,
            1,
            -4
          ],
          [
            2,
            1,
            1,
            -4
          ],
          [
            2,
            2,
            1,
            -4
          ]
        ],
        "inner_word": [
          1,
          1,
          0,
          1,
          2,
          2,
          1,
          0,
          1,
          1,
          1
        ]
      },
      {
        "all_nine_extensions_left_right_time_site": [
          [
            0,
            0,
            4,
            1
          ],
          [
            0,
            1,
            4,
            1
          ],
          [
            0,
            2,
            4,
            1
          ],
          [
            1,
            0,
            4,
            1
          ],
          [
            1,
            1,
            4,
            1
          ],
          [
            1,
            2,
            4,
            1
          ],
          [
            2,
            0,
            1,
            -4
          ],
          [
            2,
            1,
            1,
            -4
          ],
          [
            2,
            2,
            1,
            -4
          ]
        ],
        "inner_word": [
          1,
          1,
          0,
          1,
          2,
          2,
          1,
          0,
          1,
          2,
          0
        ]
      },
      {
        "all_nine_extensions_left_right_time_site": [
          [
            0,
            0,
            4,
            1
          ],
          [
            0,
            1,
            4,
            1
          ],
          [
            0,
            2,
            4,
            1
          ],
          [
            1,
            0,
            4,
            1
          ],
          [
            1,
            1,
            4,
            1
          ],
          [
            1,
            2,
            4,
            1
          ],
          [
            2,
            0,
            1,
            -4
          ],
          [
            2,
            1,
            1,
            -4
          ],
          [
            2,
            2,
            1,
            -4
          ]
        ],
        "inner_word": [
          1,
          1,
          0,
          1,
          2,
          2,
          1,
          0,
          1,
          2,
          1
        ]
      },
      {
        "all_nine_extensions_left_right_time_site": [
          [
            0,
            0,
            4,
            1
          ],
          [
            0,
            1,
            4,
            1
          ],
          [
            0,
            2,
            4,
            1
          ],
          [
            1,
            0,
            4,
            1
          ],
          [
            1,
            1,
            4,
            1
          ],
          [
            1,
            2,
            4,
            1
          ],
          [
            2,
            0,
            1,
            -4
          ],
          [
            2,
            1,
            1,
            -4
          ],
          [
            2,
            2,
            1,
            -4
          ]
        ],
        "inner_word": [
          1,
          1,
          0,
          1,
          2,
          2,
          1,
          0,
          1,
          2,
          2
        ]
      },
      {
        "all_nine_extensions_left_right_time_site": [
          [
            0,
            0,
            1,
            4
          ],
          [
            0,
            1,
            4,
            1
          ],
          [
            0,
            2,
            4,
            1
          ],
          [
            1,
            0,
            1,
            4
          ],
          [
            1,
            1,
            4,
            1
          ],
          [
            1,
            2,
            4,
            1
          ],
          [
            2,
            0,
            1,
            -4
          ],
          [
            2,
            1,
            1,
            -4
          ],
          [
            2,
            2,
            1,
            -4
          ]
        ],
        "inner_word": [
          1,
          1,
          0,
          1,
          2,
          2,
          1,
          0,
          2,
          0,
          0
        ]
      },
      {
        "all_nine_extensions_left_right_time_site": [
          [
            0,
            0,
            4,
            1
          ],
          [
            0,
            1,
            4,
            1
          ],
          [
            0,
            2,
            4,
            1
          ],
          [
            1,
            0,
            4,
            1
          ],
          [
            1,
            1,
            4,
            1
          ],
          [
            1,
            2,
            4,
            1
          ],
          [
            2,
            0,
            1,
            -4
          ],
          [
            2,
            1,
            1,
            -4
          ],
          [
            2,
            2,
            1,
            -4
          ]
        ],
        "inner_word": [
          1,
          1,
          0,
          1,
          2,
          2,
          1,
          0,
          2,
          0,
          1
        ]
      },
      {
        "all_nine_extensions_left_right_time_site": [
          [
            0,
            0,
            4,
            1
          ],
          [
            0,
            1,
            4,
            1
          ],
          [
            0,
            2,
            4,
            1
          ],
          [
            1,
            0,
            4,
            1
          ],
          [
            1,
            1,
            4,
            1
          ],
          [
            1,
            2,
            4,
            1
          ],
          [
            2,
            0,
            1,
            -4
          ],
          [
            2,
            1,
            1,
            -4
          ],
          [
            2,
            2,
            1,
            -4
          ]
        ],
        "inner_word": [
          1,
          1,
          0,
          1,
          2,
          2,
          1,
          0,
          2,
          0,
          2
        ]
      },
      {
        "all_nine_extensions_left_right_time_site": [
          [
            0,
            0,
            4,
            1
          ],
          [
            0,
            1,
            4,
            1
          ],
          [
            0,
            2,
            4,
            1
          ],
          [
            1,
            0,
            4,
            1
          ],
          [
            1,
            1,
            4,
            1
          ],
          [
            1,
            2,
            4,
            1
          ],
          [
            2,
            0,
            1,
            -4
          ],
          [
            2,
            1,
            1,
            -4
          ],
          [
            2,
            2,
            1,
            -4
          ]
        ],
        "inner_word": [
          1,
          1,
          0,
          1,
          2,
          2,
          1,
          0,
          2,
          1,
          0
        ]
      },
      {
        "all_nine_extensions_left_right_time_site": [
          [
            0,
            0,
            1,
            4
          ],
          [
            0,
            1,
            1,
            4
          ],
          [
            0,
            2,
            4,
            1
          ],
          [
            1,
            0,
            1,
            4
          ],
          [
            1,
            1,
            1,
            4
          ],
          [
            1,
            2,
            4,
            1
          ],
          [
            2,
            0,
            1,
            -4
          ],
          [
            2,
            1,
            1,
            -4
          ],
          [
            2,
            2,
            1,
            -4
          ]
        ],
        "inner_word": [
          1,
          1,
          0,
          1,
          2,
          2,
          1,
          0,
          2,
          1,
          1
        ]
      },
      {
        "all_nine_extensions_left_right_time_site": [
          [
            0,
            0,
            4,
            1
          ],
          [
            0,
            1,
            4,
            1
          ],
          [
            0,
            2,
            4,
            1
          ],
          [
            1,
            0,
            4,
            1
          ],
          [
            1,
            1,
            4,
            1
          ],
          [
            1,
            2,
            4,
            1
          ],
          [
            2,
            0,
            1,
            -4
          ],
          [
            2,
            1,
            1,
            -4
          ],
          [
            2,
            2,
            1,
            -4
          ]
        ],
        "inner_word": [
          1,
          1,
          0,
          1,
          2,
          2,
          1,
          0,
          2,
          1,
          2
        ]
      },
      {
        "all_nine_extensions_left_right_time_site": [
          [
            0,
            0,
            4,
            1
          ],
          [
            0,
            1,
            4,
            1
          ],
          [
            0,
            2,
            4,
            1
          ],
          [
            1,
            0,
            4,
            1
          ],
          [
            1,
            1,
            4,
            1
          ],
          [
            1,
            2,
            4,
            1
          ],
          [
            2,
            0,
            1,
            -4
          ],
          [
            2,
            1,
            1,
            -4
          ],
          [
            2,
            2,
            1,
            -4
          ]
        ],
        "inner_word": [
          1,
          1,
          0,
          1,
          2,
          2,
          1,
          0,
          2,
          2,
          0
        ]
      },
      {
        "all_nine_extensions_left_right_time_site": [
          [
            0,
            0,
            4,
            1
          ],
          [
            0,
            1,
            4,
            1
          ],
          [
            0,
            2,
            4,
            1
          ],
          [
            1,
            0,
            4,
            1
          ],
          [
            1,
            1,
            4,
            1
          ],
          [
            1,
            2,
            4,
            1
          ],
          [
            2,
            0,
            1,
            -4
          ],
          [
            2,
            1,
            1,
            -4
          ],
          [
            2,
            2,
            1,
            -4
          ]
        ],
        "inner_word": [
          1,
          1,
          0,
          1,
          2,
          2,
          1,
          0,
          2,
          2,
          1
        ]
      },
      {
        "all_nine_extensions_left_right_time_site": [
          [
            0,
            0,
            2,
            3
          ],
          [
            0,
            1,
            2,
            3
          ],
          [
            0,
            2,
            2,
            3
          ],
          [
            1,
            0,
            2,
            3
          ],
          [
            1,
            1,
            2,
            3
          ],
          [
            1,
            2,
            2,
            3
          ],
          [
            2,
            0,
            1,
            -4
          ],
          [
            2,
            1,
            1,
            -4
          ],
          [
            2,
            2,
            1,
            -4
          ]
        ],
        "inner_word": [
          1,
          1,
          0,
          1,
          2,
          2,
          1,
          0,
          2,
          2,
          2
        ]
      },
      {
        "all_nine_extensions_left_right_time_site": [
          [
            0,
            0,
            2,
            -3
          ],
          [
            0,
            1,
            2,
            -3
          ],
          [
            0,
            2,
            2,
            -3
          ],
          [
            1,
            0,
            2,
            -3
          ],
          [
            1,
            1,
            2,
            -3
          ],
          [
            1,
            2,
            2,
            -3
          ],
          [
            2,
            0,
            4,
            -1
          ],
          [
            2,
            1,
            4,
            -1
          ],
          [
            2,
            2,
            4,
            -1
          ]
        ],
        "inner_word": [
          1,
          1,
          1,
          0,
          1,
          2,
          2,
          1,
          0,
          1,
          0
        ]
      },
      {
        "all_nine_extensions_left_right_time_site": [
          [
            0,
            0,
            2,
            -3
          ],
          [
            0,
            1,
            2,
            -3
          ],
          [
            0,
            2,
            1,
            4
          ],
          [
            1,
            0,
            2,
            -3
          ],
          [
            1,
            1,
            2,
            -3
          ],
          [
            1,
            2,
            1,
            4
          ],
          [
            2,
            0,
            4,
            -1
          ],
          [
            2,
            1,
            4,
            -1
          ],
          [
            2,
            2,
            1,
            4
          ]
        ],
        "inner_word": [
          1,
          1,
          1,
          0,
          1,
          2,
          2,
          1,
          0,
          1,
          1
        ]
      },
      {
        "all_nine_extensions_left_right_time_site": [
          [
            0,
            0,
            2,
            -3
          ],
          [
            0,
            1,
            2,
            -3
          ],
          [
            0,
            2,
            2,
            -3
          ],
          [
            1,
            0,
            2,
            -3
          ],
          [
            1,
            1,
            2,
            -3
          ],
          [
            1,
            2,
            2,
            -3
          ],
          [
            2,
            0,
            4,
            -1
          ],
          [
            2,
            1,
            4,
            -1
          ],
          [
            2,
            2,
            4,
            -1
          ]
        ],
        "inner_word": [
          1,
          1,
          1,
          0,
          1,
          2,
          2,
          1,
          0,
          1,
          2
        ]
      },
      {
        "all_nine_extensions_left_right_time_site": [
          [
            0,
            0,
            2,
            -3
          ],
          [
            0,
            1,
            2,
            -3
          ],
          [
            0,
            2,
            2,
            -3
          ],
          [
            1,
            0,
            2,
            -3
          ],
          [
            1,
            1,
            2,
            -3
          ],
          [
            1,
            2,
            2,
            -3
          ],
          [
            2,
            0,
            4,
            -1
          ],
          [
            2,
            1,
            4,
            -1
          ],
          [
            2,
            2,
            4,
            -1
          ]
        ],
        "inner_word": [
          1,
          1,
          1,
          0,
          1,
          2,
          2,
          1,
          0,
          2,
          0
        ]
      },
      {
        "all_nine_extensions_left_right_time_site": [
          [
            0,
            0,
            2,
            -3
          ],
          [
            0,
            1,
            2,
            -3
          ],
          [
            0,
            2,
            2,
            -3
          ],
          [
            1,
            0,
            2,
            -3
          ],
          [
            1,
            1,
            2,
            -3
          ],
          [
            1,
            2,
            2,
            -3
          ],
          [
            2,
            0,
            4,
            -1
          ],
          [
            2,
            1,
            4,
            -1
          ],
          [
            2,
            2,
            4,
            -1
          ]
        ],
        "inner_word": [
          1,
          1,
          1,
          0,
          1,
          2,
          2,
          1,
          0,
          2,
          1
        ]
      },
      {
        "all_nine_extensions_left_right_time_site": [
          [
            0,
            0,
            2,
            -3
          ],
          [
            0,
            1,
            2,
            -3
          ],
          [
            0,
            2,
            2,
            -3
          ],
          [
            1,
            0,
            2,
            -3
          ],
          [
            1,
            1,
            2,
            -3
          ],
          [
            1,
            2,
            2,
            -3
          ],
          [
            2,
            0,
            4,
            -1
          ],
          [
            2,
            1,
            4,
            -1
          ],
          [
            2,
            2,
            4,
            -1
          ]
        ],
        "inner_word": [
          1,
          1,
          1,
          0,
          1,
          2,
          2,
          1,
          0,
          2,
          2
        ]
      },
      {
        "all_nine_extensions_left_right_time_site": [
          [
            0,
            0,
            1,
            -4
          ],
          [
            0,
            1,
            1,
            -4
          ],
          [
            0,
            2,
            1,
            -4
          ],
          [
            1,
            0,
            1,
            -4
          ],
          [
            1,
            1,
            1,
            -4
          ],
          [
            1,
            2,
            1,
            -4
          ],
          [
            2,
            0,
            4,
            -1
          ],
          [
            2,
            1,
            4,
            -1
          ],
          [
            2,
            2,
            4,
            -1
          ]
        ],
        "inner_word": [
          1,
          1,
          2,
          0,
          1,
          2,
          2,
          1,
          0,
          1,
          0
        ]
      },
      {
        "all_nine_extensions_left_right_time_site": [
          [
            0,
            0,
            1,
            -4
          ],
          [
            0,
            1,
            1,
            -4
          ],
          [
            0,
            2,
            1,
            -4
          ],
          [
            1,
            0,
            1,
            -4
          ],
          [
            1,
            1,
            1,
            -4
          ],
          [
            1,
            2,
            1,
            -4
          ],
          [
            2,
            0,
            4,
            -1
          ],
          [
            2,
            1,
            4,
            -1
          ],
          [
            2,
            2,
            1,
            4
          ]
        ],
        "inner_word": [
          1,
          1,
          2,
          0,
          1,
          2,
          2,
          1,
          0,
          1,
          1
        ]
      },
      {
        "all_nine_extensions_left_right_time_site": [
          [
            0,
            0,
            1,
            -4
          ],
          [
            0,
            1,
            1,
            -4
          ],
          [
            0,
            2,
            1,
            -4
          ],
          [
            1,
            0,
            1,
            -4
          ],
          [
            1,
            1,
            1,
            -4
          ],
          [
            1,
            2,
            1,
            -4
          ],
          [
            2,
            0,
            4,
            -1
          ],
          [
            2,
            1,
            4,
            -1
          ],
          [
            2,
            2,
            4,
            -1
          ]
        ],
        "inner_word": [
          1,
          1,
          2,
          0,
          1,
          2,
          2,
          1,
          0,
          1,
          2
        ]
      },
      {
        "all_nine_extensions_left_right_time_site": [
          [
            0,
            0,
            1,
            -4
          ],
          [
            0,
            1,
            1,
            -4
          ],
          [
            0,
            2,
            1,
            -4
          ],
          [
            1,
            0,
            1,
            -4
          ],
          [
            1,
            1,
            1,
            -4
          ],
          [
            1,
            2,
            1,
            -4
          ],
          [
            2,
            0,
            4,
            -1
          ],
          [
            2,
            1,
            4,
            -1
          ],
          [
            2,
            2,
            4,
            -1
          ]
        ],
        "inner_word": [
          1,
          1,
          2,
          0,
          1,
          2,
          2,
          1,
          0,
          2,
          0
        ]
      },
      {
        "all_nine_extensions_left_right_time_site": [
          [
            0,
            0,
            1,
            -4
          ],
          [
            0,
            1,
            1,
            -4
          ],
          [
            0,
            2,
            1,
            -4
          ],
          [
            1,
            0,
            1,
            -4
          ],
          [
            1,
            1,
            1,
            -4
          ],
          [
            1,
            2,
            1,
            -4
          ],
          [
            2,
            0,
            4,
            -1
          ],
          [
            2,
            1,
            4,
            -1
          ],
          [
            2,
            2,
            4,
            -1
          ]
        ],
        "inner_word": [
          1,
          1,
          2,
          0,
          1,
          2,
          2,
          1,
          0,
          2,
          1
        ]
      },
      {
        "all_nine_extensions_left_right_time_site": [
          [
            0,
            0,
            1,
            -4
          ],
          [
            0,
            1,
            1,
            -4
          ],
          [
            0,
            2,
            1,
            -4
          ],
          [
            1,
            0,
            1,
            -4
          ],
          [
            1,
            1,
            1,
            -4
          ],
          [
            1,
            2,
            1,
            -4
          ],
          [
            2,
            0,
            4,
            -1
          ],
          [
            2,
            1,
            4,
            -1
          ],
          [
            2,
            2,
            4,
            -1
          ]
        ],
        "inner_word": [
          1,
          1,
          2,
          0,
          1,
          2,
          2,
          1,
          0,
          2,
          2
        ]
      },
      {
        "all_nine_extensions_left_right_time_site": [
          [
            0,
            0,
            1,
            4
          ],
          [
            0,
            1,
            4,
            1
          ],
          [
            0,
            2,
            4,
            1
          ],
          [
            1,
            0,
            1,
            4
          ],
          [
            1,
            1,
            4,
            1
          ],
          [
            1,
            2,
            4,
            1
          ],
          [
            2,
            0,
            1,
            4
          ],
          [
            2,
            1,
            4,
            1
          ],
          [
            2,
            2,
            4,
            1
          ]
        ],
        "inner_word": [
          1,
          2,
          0,
          1,
          2,
          2,
          1,
          0,
          1,
          0,
          0
        ]
      },
      {
        "all_nine_extensions_left_right_time_site": [
          [
            0,
            0,
            4,
            1
          ],
          [
            0,
            1,
            4,
            1
          ],
          [
            0,
            2,
            4,
            1
          ],
          [
            1,
            0,
            4,
            1
          ],
          [
            1,
            1,
            4,
            1
          ],
          [
            1,
            2,
            4,
            1
          ],
          [
            2,
            0,
            4,
            1
          ],
          [
            2,
            1,
            4,
            1
          ],
          [
            2,
            2,
            4,
            1
          ]
        ],
        "inner_word": [
          1,
          2,
          0,
          1,
          2,
          2,
          1,
          0,
          1,
          0,
          1
        ]
      },
      {
        "all_nine_extensions_left_right_time_site": [
          [
            0,
            0,
            4,
            1
          ],
          [
            0,
            1,
            4,
            1
          ],
          [
            0,
            2,
            4,
            1
          ],
          [
            1,
            0,
            4,
            1
          ],
          [
            1,
            1,
            4,
            1
          ],
          [
            1,
            2,
            4,
            1
          ],
          [
            2,
            0,
            4,
            1
          ],
          [
            2,
            1,
            4,
            1
          ],
          [
            2,
            2,
            4,
            1
          ]
        ],
        "inner_word": [
          1,
          2,
          0,
          1,
          2,
          2,
          1,
          0,
          1,
          0,
          2
        ]
      },
      {
        "all_nine_extensions_left_right_time_site": [
          [
            0,
            0,
            4,
            1
          ],
          [
            0,
            1,
            4,
            1
          ],
          [
            0,
            2,
            4,
            1
          ],
          [
            1,
            0,
            4,
            1
          ],
          [
            1,
            1,
            4,
            1
          ],
          [
            1,
            2,
            4,
            1
          ],
          [
            2,
            0,
            4,
            1
          ],
          [
            2,
            1,
            4,
            1
          ],
          [
            2,
            2,
            4,
            1
          ]
        ],
        "inner_word": [
          1,
          2,
          0,
          1,
          2,
          2,
          1,
          0,
          1,
          1,
          0
        ]
      },
      {
        "all_nine_extensions_left_right_time_site": [
          [
            0,
            0,
            2,
            3
          ],
          [
            0,
            1,
            2,
            3
          ],
          [
            0,
            2,
            4,
            1
          ],
          [
            1,
            0,
            2,
            3
          ],
          [
            1,
            1,
            2,
            3
          ],
          [
            1,
            2,
            4,
            1
          ],
          [
            2,
            0,
            2,
            3
          ],
          [
            2,
            1,
            2,
            3
          ],
          [
            2,
            2,
            4,
            1
          ]
        ],
        "inner_word": [
          1,
          2,
          0,
          1,
          2,
          2,
          1,
          0,
          1,
          1,
          1
        ]
      },
      {
        "all_nine_extensions_left_right_time_site": [
          [
            0,
            0,
            4,
            1
          ],
          [
            0,
            1,
            4,
            1
          ],
          [
            0,
            2,
            4,
            1
          ],
          [
            1,
            0,
            4,
            1
          ],
          [
            1,
            1,
            4,
            1
          ],
          [
            1,
            2,
            4,
            1
          ],
          [
            2,
            0,
            4,
            1
          ],
          [
            2,
            1,
            4,
            1
          ],
          [
            2,
            2,
            4,
            1
          ]
        ],
        "inner_word": [
          1,
          2,
          0,
          1,
          2,
          2,
          1,
          0,
          1,
          2,
          0
        ]
      },
      {
        "all_nine_extensions_left_right_time_site": [
          [
            0,
            0,
            4,
            1
          ],
          [
            0,
            1,
            4,
            1
          ],
          [
            0,
            2,
            4,
            1
          ],
          [
            1,
            0,
            4,
            1
          ],
          [
            1,
            1,
            4,
            1
          ],
          [
            1,
            2,
            4,
            1
          ],
          [
            2,
            0,
            4,
            1
          ],
          [
            2,
            1,
            4,
            1
          ],
          [
            2,
            2,
            4,
            1
          ]
        ],
        "inner_word": [
          1,
          2,
          0,
          1,
          2,
          2,
          1,
          0,
          1,
          2,
          1
        ]
      },
      {
        "all_nine_extensions_left_right_time_site": [
          [
            0,
            0,
            4,
            1
          ],
          [
            0,
            1,
            4,
            1
          ],
          [
            0,
            2,
            4,
            1
          ],
          [
            1,
            0,
            4,
            1
          ],
          [
            1,
            1,
            4,
            1
          ],
          [
            1,
            2,
            4,
            1
          ],
          [
            2,
            0,
            4,
            1
          ],
          [
            2,
            1,
            4,
            1
          ],
          [
            2,
            2,
            4,
            1
          ]
        ],
        "inner_word": [
          1,
          2,
          0,
          1,
          2,
          2,
          1,
          0,
          1,
          2,
          2
        ]
      },
      {
        "all_nine_extensions_left_right_time_site": [
          [
            0,
            0,
            1,
            4
          ],
          [
            0,
            1,
            4,
            1
          ],
          [
            0,
            2,
            4,
            1
          ],
          [
            1,
            0,
            1,
            4
          ],
          [
            1,
            1,
            4,
            1
          ],
          [
            1,
            2,
            4,
            1
          ],
          [
            2,
            0,
            1,
            4
          ],
          [
            2,
            1,
            4,
            1
          ],
          [
            2,
            2,
            4,
            1
          ]
        ],
        "inner_word": [
          1,
          2,
          0,
          1,
          2,
          2,
          1,
          0,
          2,
          0,
          0
        ]
      },
      {
        "all_nine_extensions_left_right_time_site": [
          [
            0,
            0,
            4,
            1
          ],
          [
            0,
            1,
            4,
            1
          ],
          [
            0,
            2,
            4,
            1
          ],
          [
            1,
            0,
            4,
            1
          ],
          [
            1,
            1,
            4,
            1
          ],
          [
            1,
            2,
            4,
            1
          ],
          [
            2,
            0,
            4,
            1
          ],
          [
            2,
            1,
            4,
            1
          ],
          [
            2,
            2,
            4,
            1
          ]
        ],
        "inner_word": [
          1,
          2,
          0,
          1,
          2,
          2,
          1,
          0,
          2,
          0,
          1
        ]
      },
      {
        "all_nine_extensions_left_right_time_site": [
          [
            0,
            0,
            4,
            1
          ],
          [
            0,
            1,
            4,
            1
          ],
          [
            0,
            2,
            4,
            1
          ],
          [
            1,
            0,
            4,
            1
          ],
          [
            1,
            1,
            4,
            1
          ],
          [
            1,
            2,
            4,
            1
          ],
          [
            2,
            0,
            4,
            1
          ],
          [
            2,
            1,
            4,
            1
          ],
          [
            2,
            2,
            4,
            1
          ]
        ],
        "inner_word": [
          1,
          2,
          0,
          1,
          2,
          2,
          1,
          0,
          2,
          0,
          2
        ]
      },
      {
        "all_nine_extensions_left_right_time_site": [
          [
            0,
            0,
            4,
            1
          ],
          [
            0,
            1,
            4,
            1
          ],
          [
            0,
            2,
            4,
            1
          ],
          [
            1,
            0,
            4,
            1
          ],
          [
            1,
            1,
            4,
            1
          ],
          [
            1,
            2,
            4,
            1
          ],
          [
            2,
            0,
            4,
            1
          ],
          [
            2,
            1,
            4,
            1
          ],
          [
            2,
            2,
            4,
            1
          ]
        ],
        "inner_word": [
          1,
          2,
          0,
          1,
          2,
          2,
          1,
          0,
          2,
          1,
          0
        ]
      },
      {
        "all_nine_extensions_left_right_time_site": [
          [
            0,
            0,
            1,
            4
          ],
          [
            0,
            1,
            1,
            4
          ],
          [
            0,
            2,
            4,
            1
          ],
          [
            1,
            0,
            1,
            4
          ],
          [
            1,
            1,
            1,
            4
          ],
          [
            1,
            2,
            4,
            1
          ],
          [
            2,
            0,
            1,
            4
          ],
          [
            2,
            1,
            1,
            4
          ],
          [
            2,
            2,
            4,
            1
          ]
        ],
        "inner_word": [
          1,
          2,
          0,
          1,
          2,
          2,
          1,
          0,
          2,
          1,
          1
        ]
      },
      {
        "all_nine_extensions_left_right_time_site": [
          [
            0,
            0,
            4,
            1
          ],
          [
            0,
            1,
            4,
            1
          ],
          [
            0,
            2,
            4,
            1
          ],
          [
            1,
            0,
            4,
            1
          ],
          [
            1,
            1,
            4,
            1
          ],
          [
            1,
            2,
            4,
            1
          ],
          [
            2,
            0,
            4,
            1
          ],
          [
            2,
            1,
            4,
            1
          ],
          [
            2,
            2,
            4,
            1
          ]
        ],
        "inner_word": [
          1,
          2,
          0,
          1,
          2,
          2,
          1,
          0,
          2,
          1,
          2
        ]
      },
      {
        "all_nine_extensions_left_right_time_site": [
          [
            0,
            0,
            4,
            1
          ],
          [
            0,
            1,
            4,
            1
          ],
          [
            0,
            2,
            4,
            1
          ],
          [
            1,
            0,
            4,
            1
          ],
          [
            1,
            1,
            4,
            1
          ],
          [
            1,
            2,
            4,
            1
          ],
          [
            2,
            0,
            4,
            1
          ],
          [
            2,
            1,
            4,
            1
          ],
          [
            2,
            2,
            4,
            1
          ]
        ],
        "inner_word": [
          1,
          2,
          0,
          1,
          2,
          2,
          1,
          0,
          2,
          2,
          0
        ]
      },
      {
        "all_nine_extensions_left_right_time_site": [
          [
            0,
            0,
            4,
            1
          ],
          [
            0,
            1,
            4,
            1
          ],
          [
            0,
            2,
            4,
            1
          ],
          [
            1,
            0,
            4,
            1
          ],
          [
            1,
            1,
            4,
            1
          ],
          [
            1,
            2,
            4,
            1
          ],
          [
            2,
            0,
            4,
            1
          ],
          [
            2,
            1,
            4,
            1
          ],
          [
            2,
            2,
            4,
            1
          ]
        ],
        "inner_word": [
          1,
          2,
          0,
          1,
          2,
          2,
          1,
          0,
          2,
          2,
          1
        ]
      },
      {
        "all_nine_extensions_left_right_time_site": [
          [
            0,
            0,
            2,
            3
          ],
          [
            0,
            1,
            2,
            3
          ],
          [
            0,
            2,
            2,
            3
          ],
          [
            1,
            0,
            2,
            3
          ],
          [
            1,
            1,
            2,
            3
          ],
          [
            1,
            2,
            2,
            3
          ],
          [
            2,
            0,
            2,
            3
          ],
          [
            2,
            1,
            2,
            3
          ],
          [
            2,
            2,
            2,
            3
          ]
        ],
        "inner_word": [
          1,
          2,
          0,
          1,
          2,
          2,
          1,
          0,
          2,
          2,
          2
        ]
      },
      {
        "all_nine_extensions_left_right_time_site": [
          [
            0,
            0,
            4,
            -1
          ],
          [
            0,
            1,
            4,
            -1
          ],
          [
            0,
            2,
            4,
            -1
          ],
          [
            1,
            0,
            4,
            -1
          ],
          [
            1,
            1,
            4,
            -1
          ],
          [
            1,
            2,
            4,
            -1
          ],
          [
            2,
            0,
            4,
            -1
          ],
          [
            2,
            1,
            4,
            -1
          ],
          [
            2,
            2,
            4,
            -1
          ]
        ],
        "inner_word": [
          1,
          2,
          1,
          0,
          1,
          2,
          2,
          1,
          0,
          1,
          0
        ]
      },
      {
        "all_nine_extensions_left_right_time_site": [
          [
            0,
            0,
            4,
            -1
          ],
          [
            0,
            1,
            4,
            -1
          ],
          [
            0,
            2,
            1,
            4
          ],
          [
            1,
            0,
            4,
            -1
          ],
          [
            1,
            1,
            4,
            -1
          ],
          [
            1,
            2,
            1,
            4
          ],
          [
            2,
            0,
            4,
            -1
          ],
          [
            2,
            1,
            4,
            -1
          ],
          [
            2,
            2,
            1,
            4
          ]
        ],
        "inner_word": [
          1,
          2,
          1,
          0,
          1,
          2,
          2,
          1,
          0,
          1,
          1
        ]
      },
      {
        "all_nine_extensions_left_right_time_site": [
          [
            0,
            0,
            4,
            -1
          ],
          [
            0,
            1,
            4,
            -1
          ],
          [
            0,
            2,
            4,
            -1
          ],
          [
            1,
            0,
            4,
            -1
          ],
          [
            1,
            1,
            4,
            -1
          ],
          [
            1,
            2,
            4,
            -1
          ],
          [
            2,
            0,
            4,
            -1
          ],
          [
            2,
            1,
            4,
            -1
          ],
          [
            2,
            2,
            4,
            -1
          ]
        ],
        "inner_word": [
          1,
          2,
          1,
          0,
          1,
          2,
          2,
          1,
          0,
          1,
          2
        ]
      },
      {
        "all_nine_extensions_left_right_time_site": [
          [
            0,
            0,
            4,
            -1
          ],
          [
            0,
            1,
            4,
            -1
          ],
          [
            0,
            2,
            4,
            -1
          ],
          [
            1,
            0,
            4,
            -1
          ],
          [
            1,
            1,
            4,
            -1
          ],
          [
            1,
            2,
            4,
            -1
          ],
          [
            2,
            0,
            4,
            -1
          ],
          [
            2,
            1,
            4,
            -1
          ],
          [
            2,
            2,
            4,
            -1
          ]
        ],
        "inner_word": [
          1,
          2,
          1,
          0,
          1,
          2,
          2,
          1,
          0,
          2,
          0
        ]
      },
      {
        "all_nine_extensions_left_right_time_site": [
          [
            0,
            0,
            4,
            -1
          ],
          [
            0,
            1,
            4,
            -1
          ],
          [
            0,
            2,
            4,
            -1
          ],
          [
            1,
            0,
            4,
            -1
          ],
          [
            1,
            1,
            4,
            -1
          ],
          [
            1,
            2,
            4,
            -1
          ],
          [
            2,
            0,
            4,
            -1
          ],
          [
            2,
            1,
            4,
            -1
          ],
          [
            2,
            2,
            4,
            -1
          ]
        ],
        "inner_word": [
          1,
          2,
          1,
          0,
          1,
          2,
          2,
          1,
          0,
          2,
          1
        ]
      },
      {
        "all_nine_extensions_left_right_time_site": [
          [
            0,
            0,
            4,
            -1
          ],
          [
            0,
            1,
            4,
            -1
          ],
          [
            0,
            2,
            4,
            -1
          ],
          [
            1,
            0,
            4,
            -1
          ],
          [
            1,
            1,
            4,
            -1
          ],
          [
            1,
            2,
            4,
            -1
          ],
          [
            2,
            0,
            4,
            -1
          ],
          [
            2,
            1,
            4,
            -1
          ],
          [
            2,
            2,
            4,
            -1
          ]
        ],
        "inner_word": [
          1,
          2,
          1,
          0,
          1,
          2,
          2,
          1,
          0,
          2,
          2
        ]
      },
      {
        "all_nine_extensions_left_right_time_site": [
          [
            0,
            0,
            4,
            -1
          ],
          [
            0,
            1,
            4,
            -1
          ],
          [
            0,
            2,
            4,
            -1
          ],
          [
            1,
            0,
            4,
            -1
          ],
          [
            1,
            1,
            4,
            -1
          ],
          [
            1,
            2,
            4,
            -1
          ],
          [
            2,
            0,
            4,
            -1
          ],
          [
            2,
            1,
            4,
            -1
          ],
          [
            2,
            2,
            4,
            -1
          ]
        ],
        "inner_word": [
          1,
          2,
          2,
          0,
          1,
          2,
          2,
          1,
          0,
          1,
          0
        ]
      },
      {
        "all_nine_extensions_left_right_time_site": [
          [
            0,
            0,
            4,
            -1
          ],
          [
            0,
            1,
            4,
            -1
          ],
          [
            0,
            2,
            1,
            4
          ],
          [
            1,
            0,
            4,
            -1
          ],
          [
            1,
            1,
            4,
            -1
          ],
          [
            1,
            2,
            1,
            4
          ],
          [
            2,
            0,
            4,
            -1
          ],
          [
            2,
            1,
            4,
            -1
          ],
          [
            2,
            2,
            1,
            4
          ]
        ],
        "inner_word": [
          1,
          2,
          2,
          0,
          1,
          2,
          2,
          1,
          0,
          1,
          1
        ]
      },
      {
        "all_nine_extensions_left_right_time_site": [
          [
            0,
            0,
            4,
            -1
          ],
          [
            0,
            1,
            4,
            -1
          ],
          [
            0,
            2,
            4,
            -1
          ],
          [
            1,
            0,
            4,
            -1
          ],
          [
            1,
            1,
            4,
            -1
          ],
          [
            1,
            2,
            4,
            -1
          ],
          [
            2,
            0,
            4,
            -1
          ],
          [
            2,
            1,
            4,
            -1
          ],
          [
            2,
            2,
            4,
            -1
          ]
        ],
        "inner_word": [
          1,
          2,
          2,
          0,
          1,
          2,
          2,
          1,
          0,
          1,
          2
        ]
      },
      {
        "all_nine_extensions_left_right_time_site": [
          [
            0,
            0,
            4,
            -1
          ],
          [
            0,
            1,
            4,
            -1
          ],
          [
            0,
            2,
            4,
            -1
          ],
          [
            1,
            0,
            4,
            -1
          ],
          [
            1,
            1,
            4,
            -1
          ],
          [
            1,
            2,
            4,
            -1
          ],
          [
            2,
            0,
            4,
            -1
          ],
          [
            2,
            1,
            4,
            -1
          ],
          [
            2,
            2,
            4,
            -1
          ]
        ],
        "inner_word": [
          1,
          2,
          2,
          0,
          1,
          2,
          2,
          1,
          0,
          2,
          0
        ]
      },
      {
        "all_nine_extensions_left_right_time_site": [
          [
            0,
            0,
            4,
            -1
          ],
          [
            0,
            1,
            4,
            -1
          ],
          [
            0,
            2,
            4,
            -1
          ],
          [
            1,
            0,
            4,
            -1
          ],
          [
            1,
            1,
            4,
            -1
          ],
          [
            1,
            2,
            4,
            -1
          ],
          [
            2,
            0,
            4,
            -1
          ],
          [
            2,
            1,
            4,
            -1
          ],
          [
            2,
            2,
            4,
            -1
          ]
        ],
        "inner_word": [
          1,
          2,
          2,
          0,
          1,
          2,
          2,
          1,
          0,
          2,
          1
        ]
      },
      {
        "all_nine_extensions_left_right_time_site": [
          [
            0,
            0,
            4,
            -1
          ],
          [
            0,
            1,
            4,
            -1
          ],
          [
            0,
            2,
            4,
            -1
          ],
          [
            1,
            0,
            4,
            -1
          ],
          [
            1,
            1,
            4,
            -1
          ],
          [
            1,
            2,
            4,
            -1
          ],
          [
            2,
            0,
            4,
            -1
          ],
          [
            2,
            1,
            4,
            -1
          ],
          [
            2,
            2,
            4,
            -1
          ]
        ],
        "inner_word": [
          1,
          2,
          2,
          0,
          1,
          2,
          2,
          1,
          0,
          2,
          2
        ]
      },
      {
        "all_nine_extensions_left_right_time_site": [
          [
            0,
            0,
            4,
            -1
          ],
          [
            0,
            1,
            4,
            -1
          ],
          [
            0,
            2,
            4,
            -1
          ],
          [
            1,
            0,
            4,
            -1
          ],
          [
            1,
            1,
            4,
            -1
          ],
          [
            1,
            2,
            4,
            -1
          ],
          [
            2,
            0,
            4,
            -1
          ],
          [
            2,
            1,
            4,
            -1
          ],
          [
            2,
            2,
            4,
            -1
          ]
        ],
        "inner_word": [
          2,
          0,
          1,
          0,
          1,
          2,
          2,
          1,
          0,
          1,
          0
        ]
      },
      {
        "all_nine_extensions_left_right_time_site": [
          [
            0,
            0,
            4,
            -1
          ],
          [
            0,
            1,
            4,
            -1
          ],
          [
            0,
            2,
            1,
            4
          ],
          [
            1,
            0,
            4,
            -1
          ],
          [
            1,
            1,
            4,
            -1
          ],
          [
            1,
            2,
            1,
            4
          ],
          [
            2,
            0,
            4,
            -1
          ],
          [
            2,
            1,
            4,
            -1
          ],
          [
            2,
            2,
            1,
            4
          ]
        ],
        "inner_word": [
          2,
          0,
          1,
          0,
          1,
          2,
          2,
          1,
          0,
          1,
          1
        ]
      },
      {
        "all_nine_extensions_left_right_time_site": [
          [
            0,
            0,
            4,
            -1
          ],
          [
            0,
            1,
            4,
            -1
          ],
          [
            0,
            2,
            4,
            -1
          ],
          [
            1,
            0,
            4,
            -1
          ],
          [
            1,
            1,
            4,
            -1
          ],
          [
            1,
            2,
            4,
            -1
          ],
          [
            2,
            0,
            4,
            -1
          ],
          [
            2,
            1,
            4,
            -1
          ],
          [
            2,
            2,
            4,
            -1
          ]
        ],
        "inner_word": [
          2,
          0,
          1,
          0,
          1,
          2,
          2,
          1,
          0,
          1,
          2
        ]
      },
      {
        "all_nine_extensions_left_right_time_site": [
          [
            0,
            0,
            4,
            -1
          ],
          [
            0,
            1,
            4,
            -1
          ],
          [
            0,
            2,
            4,
            -1
          ],
          [
            1,
            0,
            4,
            -1
          ],
          [
            1,
            1,
            4,
            -1
          ],
          [
            1,
            2,
            4,
            -1
          ],
          [
            2,
            0,
            4,
            -1
          ],
          [
            2,
            1,
            4,
            -1
          ],
          [
            2,
            2,
            4,
            -1
          ]
        ],
        "inner_word": [
          2,
          0,
          1,
          0,
          1,
          2,
          2,
          1,
          0,
          2,
          0
        ]
      },
      {
        "all_nine_extensions_left_right_time_site": [
          [
            0,
            0,
            4,
            -1
          ],
          [
            0,
            1,
            4,
            -1
          ],
          [
            0,
            2,
            4,
            -1
          ],
          [
            1,
            0,
            4,
            -1
          ],
          [
            1,
            1,
            4,
            -1
          ],
          [
            1,
            2,
            4,
            -1
          ],
          [
            2,
            0,
            4,
            -1
          ],
          [
            2,
            1,
            4,
            -1
          ],
          [
            2,
            2,
            4,
            -1
          ]
        ],
        "inner_word": [
          2,
          0,
          1,
          0,
          1,
          2,
          2,
          1,
          0,
          2,
          1
        ]
      },
      {
        "all_nine_extensions_left_right_time_site": [
          [
            0,
            0,
            4,
            -1
          ],
          [
            0,
            1,
            4,
            -1
          ],
          [
            0,
            2,
            4,
            -1
          ],
          [
            1,
            0,
            4,
            -1
          ],
          [
            1,
            1,
            4,
            -1
          ],
          [
            1,
            2,
            4,
            -1
          ],
          [
            2,
            0,
            4,
            -1
          ],
          [
            2,
            1,
            4,
            -1
          ],
          [
            2,
            2,
            4,
            -1
          ]
        ],
        "inner_word": [
          2,
          0,
          1,
          0,
          1,
          2,
          2,
          1,
          0,
          2,
          2
        ]
      },
      {
        "all_nine_extensions_left_right_time_site": [
          [
            0,
            0,
            4,
            -1
          ],
          [
            0,
            1,
            4,
            -1
          ],
          [
            0,
            2,
            4,
            -1
          ],
          [
            1,
            0,
            4,
            -1
          ],
          [
            1,
            1,
            4,
            -1
          ],
          [
            1,
            2,
            4,
            -1
          ],
          [
            2,
            0,
            4,
            -1
          ],
          [
            2,
            1,
            4,
            -1
          ],
          [
            2,
            2,
            4,
            -1
          ]
        ],
        "inner_word": [
          2,
          0,
          2,
          0,
          1,
          2,
          2,
          1,
          0,
          1,
          0
        ]
      },
      {
        "all_nine_extensions_left_right_time_site": [
          [
            0,
            0,
            4,
            -1
          ],
          [
            0,
            1,
            4,
            -1
          ],
          [
            0,
            2,
            1,
            4
          ],
          [
            1,
            0,
            4,
            -1
          ],
          [
            1,
            1,
            4,
            -1
          ],
          [
            1,
            2,
            1,
            4
          ],
          [
            2,
            0,
            4,
            -1
          ],
          [
            2,
            1,
            4,
            -1
          ],
          [
            2,
            2,
            1,
            4
          ]
        ],
        "inner_word": [
          2,
          0,
          2,
          0,
          1,
          2,
          2,
          1,
          0,
          1,
          1
        ]
      },
      {
        "all_nine_extensions_left_right_time_site": [
          [
            0,
            0,
            4,
            -1
          ],
          [
            0,
            1,
            4,
            -1
          ],
          [
            0,
            2,
            4,
            -1
          ],
          [
            1,
            0,
            4,
            -1
          ],
          [
            1,
            1,
            4,
            -1
          ],
          [
            1,
            2,
            4,
            -1
          ],
          [
            2,
            0,
            4,
            -1
          ],
          [
            2,
            1,
            4,
            -1
          ],
          [
            2,
            2,
            4,
            -1
          ]
        ],
        "inner_word": [
          2,
          0,
          2,
          0,
          1,
          2,
          2,
          1,
          0,
          1,
          2
        ]
      },
      {
        "all_nine_extensions_left_right_time_site": [
          [
            0,
            0,
            4,
            -1
          ],
          [
            0,
            1,
            4,
            -1
          ],
          [
            0,
            2,
            4,
            -1
          ],
          [
            1,
            0,
            4,
            -1
          ],
          [
            1,
            1,
            4,
            -1
          ],
          [
            1,
            2,
            4,
            -1
          ],
          [
            2,
            0,
            4,
            -1
          ],
          [
            2,
            1,
            4,
            -1
          ],
          [
            2,
            2,
            4,
            -1
          ]
        ],
        "inner_word": [
          2,
          0,
          2,
          0,
          1,
          2,
          2,
          1,
          0,
          2,
          0
        ]
      },
      {
        "all_nine_extensions_left_right_time_site": [
          [
            0,
            0,
            4,
            -1
          ],
          [
            0,
            1,
            4,
            -1
          ],
          [
            0,
            2,
            4,
            -1
          ],
          [
            1,
            0,
            4,
            -1
          ],
          [
            1,
            1,
            4,
            -1
          ],
          [
            1,
            2,
            4,
            -1
          ],
          [
            2,
            0,
            4,
            -1
          ],
          [
            2,
            1,
            4,
            -1
          ],
          [
            2,
            2,
            4,
            -1
          ]
        ],
        "inner_word": [
          2,
          0,
          2,
          0,
          1,
          2,
          2,
          1,
          0,
          2,
          1
        ]
      },
      {
        "all_nine_extensions_left_right_time_site": [
          [
            0,
            0,
            4,
            -1
          ],
          [
            0,
            1,
            4,
            -1
          ],
          [
            0,
            2,
            4,
            -1
          ],
          [
            1,
            0,
            4,
            -1
          ],
          [
            1,
            1,
            4,
            -1
          ],
          [
            1,
            2,
            4,
            -1
          ],
          [
            2,
            0,
            4,
            -1
          ],
          [
            2,
            1,
            4,
            -1
          ],
          [
            2,
            2,
            4,
            -1
          ]
        ],
        "inner_word": [
          2,
          0,
          2,
          0,
          1,
          2,
          2,
          1,
          0,
          2,
          2
        ]
      },
      {
        "all_nine_extensions_left_right_time_site": [
          [
            0,
            0,
            1,
            4
          ],
          [
            0,
            1,
            4,
            1
          ],
          [
            0,
            2,
            4,
            1
          ],
          [
            1,
            0,
            1,
            4
          ],
          [
            1,
            1,
            4,
            1
          ],
          [
            1,
            2,
            4,
            1
          ],
          [
            2,
            0,
            1,
            4
          ],
          [
            2,
            1,
            4,
            1
          ],
          [
            2,
            2,
            4,
            1
          ]
        ],
        "inner_word": [
          2,
          1,
          0,
          1,
          2,
          2,
          1,
          0,
          1,
          0,
          0
        ]
      },
      {
        "all_nine_extensions_left_right_time_site": [
          [
            0,
            0,
            4,
            1
          ],
          [
            0,
            1,
            4,
            1
          ],
          [
            0,
            2,
            4,
            1
          ],
          [
            1,
            0,
            4,
            1
          ],
          [
            1,
            1,
            4,
            1
          ],
          [
            1,
            2,
            4,
            1
          ],
          [
            2,
            0,
            4,
            1
          ],
          [
            2,
            1,
            4,
            1
          ],
          [
            2,
            2,
            4,
            1
          ]
        ],
        "inner_word": [
          2,
          1,
          0,
          1,
          2,
          2,
          1,
          0,
          1,
          0,
          1
        ]
      },
      {
        "all_nine_extensions_left_right_time_site": [
          [
            0,
            0,
            4,
            1
          ],
          [
            0,
            1,
            4,
            1
          ],
          [
            0,
            2,
            4,
            1
          ],
          [
            1,
            0,
            4,
            1
          ],
          [
            1,
            1,
            4,
            1
          ],
          [
            1,
            2,
            4,
            1
          ],
          [
            2,
            0,
            4,
            1
          ],
          [
            2,
            1,
            4,
            1
          ],
          [
            2,
            2,
            4,
            1
          ]
        ],
        "inner_word": [
          2,
          1,
          0,
          1,
          2,
          2,
          1,
          0,
          1,
          0,
          2
        ]
      },
      {
        "all_nine_extensions_left_right_time_site": [
          [
            0,
            0,
            4,
            1
          ],
          [
            0,
            1,
            4,
            1
          ],
          [
            0,
            2,
            4,
            1
          ],
          [
            1,
            0,
            4,
            1
          ],
          [
            1,
            1,
            4,
            1
          ],
          [
            1,
            2,
            4,
            1
          ],
          [
            2,
            0,
            4,
            1
          ],
          [
            2,
            1,
            4,
            1
          ],
          [
            2,
            2,
            4,
            1
          ]
        ],
        "inner_word": [
          2,
          1,
          0,
          1,
          2,
          2,
          1,
          0,
          1,
          1,
          0
        ]
      },
      {
        "all_nine_extensions_left_right_time_site": [
          [
            0,
            0,
            2,
            3
          ],
          [
            0,
            1,
            2,
            3
          ],
          [
            0,
            2,
            4,
            1
          ],
          [
            1,
            0,
            2,
            3
          ],
          [
            1,
            1,
            2,
            3
          ],
          [
            1,
            2,
            4,
            1
          ],
          [
            2,
            0,
            2,
            3
          ],
          [
            2,
            1,
            2,
            3
          ],
          [
            2,
            2,
            4,
            1
          ]
        ],
        "inner_word": [
          2,
          1,
          0,
          1,
          2,
          2,
          1,
          0,
          1,
          1,
          1
        ]
      },
      {
        "all_nine_extensions_left_right_time_site": [
          [
            0,
            0,
            4,
            1
          ],
          [
            0,
            1,
            4,
            1
          ],
          [
            0,
            2,
            4,
            1
          ],
          [
            1,
            0,
            4,
            1
          ],
          [
            1,
            1,
            4,
            1
          ],
          [
            1,
            2,
            4,
            1
          ],
          [
            2,
            0,
            4,
            1
          ],
          [
            2,
            1,
            4,
            1
          ],
          [
            2,
            2,
            4,
            1
          ]
        ],
        "inner_word": [
          2,
          1,
          0,
          1,
          2,
          2,
          1,
          0,
          1,
          2,
          0
        ]
      },
      {
        "all_nine_extensions_left_right_time_site": [
          [
            0,
            0,
            4,
            1
          ],
          [
            0,
            1,
            4,
            1
          ],
          [
            0,
            2,
            4,
            1
          ],
          [
            1,
            0,
            4,
            1
          ],
          [
            1,
            1,
            4,
            1
          ],
          [
            1,
            2,
            4,
            1
          ],
          [
            2,
            0,
            4,
            1
          ],
          [
            2,
            1,
            4,
            1
          ],
          [
            2,
            2,
            4,
            1
          ]
        ],
        "inner_word": [
          2,
          1,
          0,
          1,
          2,
          2,
          1,
          0,
          1,
          2,
          1
        ]
      },
      {
        "all_nine_extensions_left_right_time_site": [
          [
            0,
            0,
            4,
            1
          ],
          [
            0,
            1,
            4,
            1
          ],
          [
            0,
            2,
            4,
            1
          ],
          [
            1,
            0,
            4,
            1
          ],
          [
            1,
            1,
            4,
            1
          ],
          [
            1,
            2,
            4,
            1
          ],
          [
            2,
            0,
            4,
            1
          ],
          [
            2,
            1,
            4,
            1
          ],
          [
            2,
            2,
            4,
            1
          ]
        ],
        "inner_word": [
          2,
          1,
          0,
          1,
          2,
          2,
          1,
          0,
          1,
          2,
          2
        ]
      },
      {
        "all_nine_extensions_left_right_time_site": [
          [
            0,
            0,
            1,
            4
          ],
          [
            0,
            1,
            4,
            1
          ],
          [
            0,
            2,
            4,
            1
          ],
          [
            1,
            0,
            1,
            4
          ],
          [
            1,
            1,
            4,
            1
          ],
          [
            1,
            2,
            4,
            1
          ],
          [
            2,
            0,
            1,
            4
          ],
          [
            2,
            1,
            4,
            1
          ],
          [
            2,
            2,
            4,
            1
          ]
        ],
        "inner_word": [
          2,
          1,
          0,
          1,
          2,
          2,
          1,
          0,
          2,
          0,
          0
        ]
      },
      {
        "all_nine_extensions_left_right_time_site": [
          [
            0,
            0,
            4,
            1
          ],
          [
            0,
            1,
            4,
            1
          ],
          [
            0,
            2,
            4,
            1
          ],
          [
            1,
            0,
            4,
            1
          ],
          [
            1,
            1,
            4,
            1
          ],
          [
            1,
            2,
            4,
            1
          ],
          [
            2,
            0,
            4,
            1
          ],
          [
            2,
            1,
            4,
            1
          ],
          [
            2,
            2,
            4,
            1
          ]
        ],
        "inner_word": [
          2,
          1,
          0,
          1,
          2,
          2,
          1,
          0,
          2,
          0,
          1
        ]
      },
      {
        "all_nine_extensions_left_right_time_site": [
          [
            0,
            0,
            4,
            1
          ],
          [
            0,
            1,
            4,
            1
          ],
          [
            0,
            2,
            4,
            1
          ],
          [
            1,
            0,
            4,
            1
          ],
          [
            1,
            1,
            4,
            1
          ],
          [
            1,
            2,
            4,
            1
          ],
          [
            2,
            0,
            4,
            1
          ],
          [
            2,
            1,
            4,
            1
          ],
          [
            2,
            2,
            4,
            1
          ]
        ],
        "inner_word": [
          2,
          1,
          0,
          1,
          2,
          2,
          1,
          0,
          2,
          0,
          2
        ]
      },
      {
        "all_nine_extensions_left_right_time_site": [
          [
            0,
            0,
            4,
            1
          ],
          [
            0,
            1,
            4,
            1
          ],
          [
            0,
            2,
            4,
            1
          ],
          [
            1,
            0,
            4,
            1
          ],
          [
            1,
            1,
            4,
            1
          ],
          [
            1,
            2,
            4,
            1
          ],
          [
            2,
            0,
            4,
            1
          ],
          [
            2,
            1,
            4,
            1
          ],
          [
            2,
            2,
            4,
            1
          ]
        ],
        "inner_word": [
          2,
          1,
          0,
          1,
          2,
          2,
          1,
          0,
          2,
          1,
          0
        ]
      },
      {
        "all_nine_extensions_left_right_time_site": [
          [
            0,
            0,
            1,
            4
          ],
          [
            0,
            1,
            1,
            4
          ],
          [
            0,
            2,
            4,
            1
          ],
          [
            1,
            0,
            1,
            4
          ],
          [
            1,
            1,
            1,
            4
          ],
          [
            1,
            2,
            4,
            1
          ],
          [
            2,
            0,
            1,
            4
          ],
          [
            2,
            1,
            1,
            4
          ],
          [
            2,
            2,
            4,
            1
          ]
        ],
        "inner_word": [
          2,
          1,
          0,
          1,
          2,
          2,
          1,
          0,
          2,
          1,
          1
        ]
      },
      {
        "all_nine_extensions_left_right_time_site": [
          [
            0,
            0,
            4,
            1
          ],
          [
            0,
            1,
            4,
            1
          ],
          [
            0,
            2,
            4,
            1
          ],
          [
            1,
            0,
            4,
            1
          ],
          [
            1,
            1,
            4,
            1
          ],
          [
            1,
            2,
            4,
            1
          ],
          [
            2,
            0,
            4,
            1
          ],
          [
            2,
            1,
            4,
            1
          ],
          [
            2,
            2,
            4,
            1
          ]
        ],
        "inner_word": [
          2,
          1,
          0,
          1,
          2,
          2,
          1,
          0,
          2,
          1,
          2
        ]
      },
      {
        "all_nine_extensions_left_right_time_site": [
          [
            0,
            0,
            4,
            1
          ],
          [
            0,
            1,
            4,
            1
          ],
          [
            0,
            2,
            4,
            1
          ],
          [
            1,
            0,
            4,
            1
          ],
          [
            1,
            1,
            4,
            1
          ],
          [
            1,
            2,
            4,
            1
          ],
          [
            2,
            0,
            4,
            1
          ],
          [
            2,
            1,
            4,
            1
          ],
          [
            2,
            2,
            4,
            1
          ]
        ],
        "inner_word": [
          2,
          1,
          0,
          1,
          2,
          2,
          1,
          0,
          2,
          2,
          0
        ]
      },
      {
        "all_nine_extensions_left_right_time_site": [
          [
            0,
            0,
            4,
            1
          ],
          [
            0,
            1,
            4,
            1
          ],
          [
            0,
            2,
            4,
            1
          ],
          [
            1,
            0,
            4,
            1
          ],
          [
            1,
            1,
            4,
            1
          ],
          [
            1,
            2,
            4,
            1
          ],
          [
            2,
            0,
            4,
            1
          ],
          [
            2,
            1,
            4,
            1
          ],
          [
            2,
            2,
            4,
            1
          ]
        ],
        "inner_word": [
          2,
          1,
          0,
          1,
          2,
          2,
          1,
          0,
          2,
          2,
          1
        ]
      },
      {
        "all_nine_extensions_left_right_time_site": [
          [
            0,
            0,
            2,
            3
          ],
          [
            0,
            1,
            2,
            3
          ],
          [
            0,
            2,
            2,
            3
          ],
          [
            1,
            0,
            2,
            3
          ],
          [
            1,
            1,
            2,
            3
          ],
          [
            1,
            2,
            2,
            3
          ],
          [
            2,
            0,
            2,
            3
          ],
          [
            2,
            1,
            2,
            3
          ],
          [
            2,
            2,
            2,
            3
          ]
        ],
        "inner_word": [
          2,
          1,
          0,
          1,
          2,
          2,
          1,
          0,
          2,
          2,
          2
        ]
      },
      {
        "all_nine_extensions_left_right_time_site": [
          [
            0,
            0,
            4,
            -1
          ],
          [
            0,
            1,
            4,
            -1
          ],
          [
            0,
            2,
            4,
            -1
          ],
          [
            1,
            0,
            4,
            -1
          ],
          [
            1,
            1,
            4,
            -1
          ],
          [
            1,
            2,
            4,
            -1
          ],
          [
            2,
            0,
            4,
            -1
          ],
          [
            2,
            1,
            4,
            -1
          ],
          [
            2,
            2,
            4,
            -1
          ]
        ],
        "inner_word": [
          2,
          1,
          2,
          0,
          1,
          2,
          2,
          1,
          0,
          1,
          0
        ]
      },
      {
        "all_nine_extensions_left_right_time_site": [
          [
            0,
            0,
            4,
            -1
          ],
          [
            0,
            1,
            4,
            -1
          ],
          [
            0,
            2,
            1,
            4
          ],
          [
            1,
            0,
            4,
            -1
          ],
          [
            1,
            1,
            4,
            -1
          ],
          [
            1,
            2,
            1,
            4
          ],
          [
            2,
            0,
            4,
            -1
          ],
          [
            2,
            1,
            4,
            -1
          ],
          [
            2,
            2,
            1,
            4
          ]
        ],
        "inner_word": [
          2,
          1,
          2,
          0,
          1,
          2,
          2,
          1,
          0,
          1,
          1
        ]
      },
      {
        "all_nine_extensions_left_right_time_site": [
          [
            0,
            0,
            4,
            -1
          ],
          [
            0,
            1,
            4,
            -1
          ],
          [
            0,
            2,
            4,
            -1
          ],
          [
            1,
            0,
            4,
            -1
          ],
          [
            1,
            1,
            4,
            -1
          ],
          [
            1,
            2,
            4,
            -1
          ],
          [
            2,
            0,
            4,
            -1
          ],
          [
            2,
            1,
            4,
            -1
          ],
          [
            2,
            2,
            4,
            -1
          ]
        ],
        "inner_word": [
          2,
          1,
          2,
          0,
          1,
          2,
          2,
          1,
          0,
          1,
          2
        ]
      },
      {
        "all_nine_extensions_left_right_time_site": [
          [
            0,
            0,
            4,
            -1
          ],
          [
            0,
            1,
            4,
            -1
          ],
          [
            0,
            2,
            4,
            -1
          ],
          [
            1,
            0,
            4,
            -1
          ],
          [
            1,
            1,
            4,
            -1
          ],
          [
            1,
            2,
            4,
            -1
          ],
          [
            2,
            0,
            4,
            -1
          ],
          [
            2,
            1,
            4,
            -1
          ],
          [
            2,
            2,
            4,
            -1
          ]
        ],
        "inner_word": [
          2,
          1,
          2,
          0,
          1,
          2,
          2,
          1,
          0,
          2,
          0
        ]
      },
      {
        "all_nine_extensions_left_right_time_site": [
          [
            0,
            0,
            4,
            -1
          ],
          [
            0,
            1,
            4,
            -1
          ],
          [
            0,
            2,
            4,
            -1
          ],
          [
            1,
            0,
            4,
            -1
          ],
          [
            1,
            1,
            4,
            -1
          ],
          [
            1,
            2,
            4,
            -1
          ],
          [
            2,
            0,
            4,
            -1
          ],
          [
            2,
            1,
            4,
            -1
          ],
          [
            2,
            2,
            4,
            -1
          ]
        ],
        "inner_word": [
          2,
          1,
          2,
          0,
          1,
          2,
          2,
          1,
          0,
          2,
          1
        ]
      },
      {
        "all_nine_extensions_left_right_time_site": [
          [
            0,
            0,
            4,
            -1
          ],
          [
            0,
            1,
            4,
            -1
          ],
          [
            0,
            2,
            4,
            -1
          ],
          [
            1,
            0,
            4,
            -1
          ],
          [
            1,
            1,
            4,
            -1
          ],
          [
            1,
            2,
            4,
            -1
          ],
          [
            2,
            0,
            4,
            -1
          ],
          [
            2,
            1,
            4,
            -1
          ],
          [
            2,
            2,
            4,
            -1
          ]
        ],
        "inner_word": [
          2,
          1,
          2,
          0,
          1,
          2,
          2,
          1,
          0,
          2,
          2
        ]
      },
      {
        "all_nine_extensions_left_right_time_site": [
          [
            0,
            0,
            1,
            4
          ],
          [
            0,
            1,
            4,
            1
          ],
          [
            0,
            2,
            4,
            1
          ],
          [
            1,
            0,
            1,
            4
          ],
          [
            1,
            1,
            4,
            1
          ],
          [
            1,
            2,
            4,
            1
          ],
          [
            2,
            0,
            1,
            4
          ],
          [
            2,
            1,
            4,
            1
          ],
          [
            2,
            2,
            4,
            1
          ]
        ],
        "inner_word": [
          2,
          2,
          0,
          1,
          2,
          2,
          1,
          0,
          1,
          0,
          0
        ]
      },
      {
        "all_nine_extensions_left_right_time_site": [
          [
            0,
            0,
            4,
            1
          ],
          [
            0,
            1,
            4,
            1
          ],
          [
            0,
            2,
            4,
            1
          ],
          [
            1,
            0,
            4,
            1
          ],
          [
            1,
            1,
            4,
            1
          ],
          [
            1,
            2,
            4,
            1
          ],
          [
            2,
            0,
            4,
            1
          ],
          [
            2,
            1,
            4,
            1
          ],
          [
            2,
            2,
            4,
            1
          ]
        ],
        "inner_word": [
          2,
          2,
          0,
          1,
          2,
          2,
          1,
          0,
          1,
          0,
          1
        ]
      },
      {
        "all_nine_extensions_left_right_time_site": [
          [
            0,
            0,
            4,
            1
          ],
          [
            0,
            1,
            4,
            1
          ],
          [
            0,
            2,
            4,
            1
          ],
          [
            1,
            0,
            4,
            1
          ],
          [
            1,
            1,
            4,
            1
          ],
          [
            1,
            2,
            4,
            1
          ],
          [
            2,
            0,
            4,
            1
          ],
          [
            2,
            1,
            4,
            1
          ],
          [
            2,
            2,
            4,
            1
          ]
        ],
        "inner_word": [
          2,
          2,
          0,
          1,
          2,
          2,
          1,
          0,
          1,
          0,
          2
        ]
      },
      {
        "all_nine_extensions_left_right_time_site": [
          [
            0,
            0,
            4,
            1
          ],
          [
            0,
            1,
            4,
            1
          ],
          [
            0,
            2,
            4,
            1
          ],
          [
            1,
            0,
            4,
            1
          ],
          [
            1,
            1,
            4,
            1
          ],
          [
            1,
            2,
            4,
            1
          ],
          [
            2,
            0,
            4,
            1
          ],
          [
            2,
            1,
            4,
            1
          ],
          [
            2,
            2,
            4,
            1
          ]
        ],
        "inner_word": [
          2,
          2,
          0,
          1,
          2,
          2,
          1,
          0,
          1,
          1,
          0
        ]
      },
      {
        "all_nine_extensions_left_right_time_site": [
          [
            0,
            0,
            2,
            3
          ],
          [
            0,
            1,
            2,
            3
          ],
          [
            0,
            2,
            4,
            1
          ],
          [
            1,
            0,
            2,
            3
          ],
          [
            1,
            1,
            2,
            3
          ],
          [
            1,
            2,
            4,
            1
          ],
          [
            2,
            0,
            2,
            3
          ],
          [
            2,
            1,
            2,
            3
          ],
          [
            2,
            2,
            4,
            1
          ]
        ],
        "inner_word": [
          2,
          2,
          0,
          1,
          2,
          2,
          1,
          0,
          1,
          1,
          1
        ]
      },
      {
        "all_nine_extensions_left_right_time_site": [
          [
            0,
            0,
            4,
            1
          ],
          [
            0,
            1,
            4,
            1
          ],
          [
            0,
            2,
            4,
            1
          ],
          [
            1,
            0,
            4,
            1
          ],
          [
            1,
            1,
            4,
            1
          ],
          [
            1,
            2,
            4,
            1
          ],
          [
            2,
            0,
            4,
            1
          ],
          [
            2,
            1,
            4,
            1
          ],
          [
            2,
            2,
            4,
            1
          ]
        ],
        "inner_word": [
          2,
          2,
          0,
          1,
          2,
          2,
          1,
          0,
          1,
          2,
          0
        ]
      },
      {
        "all_nine_extensions_left_right_time_site": [
          [
            0,
            0,
            4,
            1
          ],
          [
            0,
            1,
            4,
            1
          ],
          [
            0,
            2,
            4,
            1
          ],
          [
            1,
            0,
            4,
            1
          ],
          [
            1,
            1,
            4,
            1
          ],
          [
            1,
            2,
            4,
            1
          ],
          [
            2,
            0,
            4,
            1
          ],
          [
            2,
            1,
            4,
            1
          ],
          [
            2,
            2,
            4,
            1
          ]
        ],
        "inner_word": [
          2,
          2,
          0,
          1,
          2,
          2,
          1,
          0,
          1,
          2,
          1
        ]
      },
      {
        "all_nine_extensions_left_right_time_site": [
          [
            0,
            0,
            4,
            1
          ],
          [
            0,
            1,
            4,
            1
          ],
          [
            0,
            2,
            4,
            1
          ],
          [
            1,
            0,
            4,
            1
          ],
          [
            1,
            1,
            4,
            1
          ],
          [
            1,
            2,
            4,
            1
          ],
          [
            2,
            0,
            4,
            1
          ],
          [
            2,
            1,
            4,
            1
          ],
          [
            2,
            2,
            4,
            1
          ]
        ],
        "inner_word": [
          2,
          2,
          0,
          1,
          2,
          2,
          1,
          0,
          1,
          2,
          2
        ]
      },
      {
        "all_nine_extensions_left_right_time_site": [
          [
            0,
            0,
            1,
            4
          ],
          [
            0,
            1,
            4,
            1
          ],
          [
            0,
            2,
            4,
            1
          ],
          [
            1,
            0,
            1,
            4
          ],
          [
            1,
            1,
            4,
            1
          ],
          [
            1,
            2,
            4,
            1
          ],
          [
            2,
            0,
            1,
            4
          ],
          [
            2,
            1,
            4,
            1
          ],
          [
            2,
            2,
            4,
            1
          ]
        ],
        "inner_word": [
          2,
          2,
          0,
          1,
          2,
          2,
          1,
          0,
          2,
          0,
          0
        ]
      },
      {
        "all_nine_extensions_left_right_time_site": [
          [
            0,
            0,
            4,
            1
          ],
          [
            0,
            1,
            4,
            1
          ],
          [
            0,
            2,
            4,
            1
          ],
          [
            1,
            0,
            4,
            1
          ],
          [
            1,
            1,
            4,
            1
          ],
          [
            1,
            2,
            4,
            1
          ],
          [
            2,
            0,
            4,
            1
          ],
          [
            2,
            1,
            4,
            1
          ],
          [
            2,
            2,
            4,
            1
          ]
        ],
        "inner_word": [
          2,
          2,
          0,
          1,
          2,
          2,
          1,
          0,
          2,
          0,
          1
        ]
      },
      {
        "all_nine_extensions_left_right_time_site": [
          [
            0,
            0,
            4,
            1
          ],
          [
            0,
            1,
            4,
            1
          ],
          [
            0,
            2,
            4,
            1
          ],
          [
            1,
            0,
            4,
            1
          ],
          [
            1,
            1,
            4,
            1
          ],
          [
            1,
            2,
            4,
            1
          ],
          [
            2,
            0,
            4,
            1
          ],
          [
            2,
            1,
            4,
            1
          ],
          [
            2,
            2,
            4,
            1
          ]
        ],
        "inner_word": [
          2,
          2,
          0,
          1,
          2,
          2,
          1,
          0,
          2,
          0,
          2
        ]
      },
      {
        "all_nine_extensions_left_right_time_site": [
          [
            0,
            0,
            4,
            1
          ],
          [
            0,
            1,
            4,
            1
          ],
          [
            0,
            2,
            4,
            1
          ],
          [
            1,
            0,
            4,
            1
          ],
          [
            1,
            1,
            4,
            1
          ],
          [
            1,
            2,
            4,
            1
          ],
          [
            2,
            0,
            4,
            1
          ],
          [
            2,
            1,
            4,
            1
          ],
          [
            2,
            2,
            4,
            1
          ]
        ],
        "inner_word": [
          2,
          2,
          0,
          1,
          2,
          2,
          1,
          0,
          2,
          1,
          0
        ]
      },
      {
        "all_nine_extensions_left_right_time_site": [
          [
            0,
            0,
            1,
            4
          ],
          [
            0,
            1,
            1,
            4
          ],
          [
            0,
            2,
            4,
            1
          ],
          [
            1,
            0,
            1,
            4
          ],
          [
            1,
            1,
            1,
            4
          ],
          [
            1,
            2,
            4,
            1
          ],
          [
            2,
            0,
            1,
            4
          ],
          [
            2,
            1,
            1,
            4
          ],
          [
            2,
            2,
            4,
            1
          ]
        ],
        "inner_word": [
          2,
          2,
          0,
          1,
          2,
          2,
          1,
          0,
          2,
          1,
          1
        ]
      },
      {
        "all_nine_extensions_left_right_time_site": [
          [
            0,
            0,
            4,
            1
          ],
          [
            0,
            1,
            4,
            1
          ],
          [
            0,
            2,
            4,
            1
          ],
          [
            1,
            0,
            4,
            1
          ],
          [
            1,
            1,
            4,
            1
          ],
          [
            1,
            2,
            4,
            1
          ],
          [
            2,
            0,
            4,
            1
          ],
          [
            2,
            1,
            4,
            1
          ],
          [
            2,
            2,
            4,
            1
          ]
        ],
        "inner_word": [
          2,
          2,
          0,
          1,
          2,
          2,
          1,
          0,
          2,
          1,
          2
        ]
      },
      {
        "all_nine_extensions_left_right_time_site": [
          [
            0,
            0,
            4,
            1
          ],
          [
            0,
            1,
            4,
            1
          ],
          [
            0,
            2,
            4,
            1
          ],
          [
            1,
            0,
            4,
            1
          ],
          [
            1,
            1,
            4,
            1
          ],
          [
            1,
            2,
            4,
            1
          ],
          [
            2,
            0,
            4,
            1
          ],
          [
            2,
            1,
            4,
            1
          ],
          [
            2,
            2,
            4,
            1
          ]
        ],
        "inner_word": [
          2,
          2,
          0,
          1,
          2,
          2,
          1,
          0,
          2,
          2,
          0
        ]
      },
      {
        "all_nine_extensions_left_right_time_site": [
          [
            0,
            0,
            4,
            1
          ],
          [
            0,
            1,
            4,
            1
          ],
          [
            0,
            2,
            4,
            1
          ],
          [
            1,
            0,
            4,
            1
          ],
          [
            1,
            1,
            4,
            1
          ],
          [
            1,
            2,
            4,
            1
          ],
          [
            2,
            0,
            4,
            1
          ],
          [
            2,
            1,
            4,
            1
          ],
          [
            2,
            2,
            4,
            1
          ]
        ],
        "inner_word": [
          2,
          2,
          0,
          1,
          2,
          2,
          1,
          0,
          2,
          2,
          1
        ]
      },
      {
        "all_nine_extensions_left_right_time_site": [
          [
            0,
            0,
            2,
            3
          ],
          [
            0,
            1,
            2,
            3
          ],
          [
            0,
            2,
            2,
            3
          ],
          [
            1,
            0,
            2,
            3
          ],
          [
            1,
            1,
            2,
            3
          ],
          [
            1,
            2,
            2,
            3
          ],
          [
            2,
            0,
            2,
            3
          ],
          [
            2,
            1,
            2,
            3
          ],
          [
            2,
            2,
            2,
            3
          ]
        ],
        "inner_word": [
          2,
          2,
          0,
          1,
          2,
          2,
          1,
          0,
          2,
          2,
          2
        ]
      },
      {
        "all_nine_extensions_left_right_time_site": [
          [
            0,
            0,
            4,
            -1
          ],
          [
            0,
            1,
            4,
            -1
          ],
          [
            0,
            2,
            4,
            -1
          ],
          [
            1,
            0,
            4,
            -1
          ],
          [
            1,
            1,
            4,
            -1
          ],
          [
            1,
            2,
            4,
            -1
          ],
          [
            2,
            0,
            4,
            -1
          ],
          [
            2,
            1,
            4,
            -1
          ],
          [
            2,
            2,
            4,
            -1
          ]
        ],
        "inner_word": [
          2,
          2,
          1,
          0,
          1,
          2,
          2,
          1,
          0,
          1,
          0
        ]
      },
      {
        "all_nine_extensions_left_right_time_site": [
          [
            0,
            0,
            4,
            -1
          ],
          [
            0,
            1,
            4,
            -1
          ],
          [
            0,
            2,
            1,
            4
          ],
          [
            1,
            0,
            4,
            -1
          ],
          [
            1,
            1,
            4,
            -1
          ],
          [
            1,
            2,
            1,
            4
          ],
          [
            2,
            0,
            4,
            -1
          ],
          [
            2,
            1,
            4,
            -1
          ],
          [
            2,
            2,
            1,
            4
          ]
        ],
        "inner_word": [
          2,
          2,
          1,
          0,
          1,
          2,
          2,
          1,
          0,
          1,
          1
        ]
      },
      {
        "all_nine_extensions_left_right_time_site": [
          [
            0,
            0,
            4,
            -1
          ],
          [
            0,
            1,
            4,
            -1
          ],
          [
            0,
            2,
            4,
            -1
          ],
          [
            1,
            0,
            4,
            -1
          ],
          [
            1,
            1,
            4,
            -1
          ],
          [
            1,
            2,
            4,
            -1
          ],
          [
            2,
            0,
            4,
            -1
          ],
          [
            2,
            1,
            4,
            -1
          ],
          [
            2,
            2,
            4,
            -1
          ]
        ],
        "inner_word": [
          2,
          2,
          1,
          0,
          1,
          2,
          2,
          1,
          0,
          1,
          2
        ]
      },
      {
        "all_nine_extensions_left_right_time_site": [
          [
            0,
            0,
            4,
            -1
          ],
          [
            0,
            1,
            4,
            -1
          ],
          [
            0,
            2,
            4,
            -1
          ],
          [
            1,
            0,
            4,
            -1
          ],
          [
            1,
            1,
            4,
            -1
          ],
          [
            1,
            2,
            4,
            -1
          ],
          [
            2,
            0,
            4,
            -1
          ],
          [
            2,
            1,
            4,
            -1
          ],
          [
            2,
            2,
            4,
            -1
          ]
        ],
        "inner_word": [
          2,
          2,
          1,
          0,
          1,
          2,
          2,
          1,
          0,
          2,
          0
        ]
      },
      {
        "all_nine_extensions_left_right_time_site": [
          [
            0,
            0,
            4,
            -1
          ],
          [
            0,
            1,
            4,
            -1
          ],
          [
            0,
            2,
            4,
            -1
          ],
          [
            1,
            0,
            4,
            -1
          ],
          [
            1,
            1,
            4,
            -1
          ],
          [
            1,
            2,
            4,
            -1
          ],
          [
            2,
            0,
            4,
            -1
          ],
          [
            2,
            1,
            4,
            -1
          ],
          [
            2,
            2,
            4,
            -1
          ]
        ],
        "inner_word": [
          2,
          2,
          1,
          0,
          1,
          2,
          2,
          1,
          0,
          2,
          1
        ]
      },
      {
        "all_nine_extensions_left_right_time_site": [
          [
            0,
            0,
            4,
            -1
          ],
          [
            0,
            1,
            4,
            -1
          ],
          [
            0,
            2,
            4,
            -1
          ],
          [
            1,
            0,
            4,
            -1
          ],
          [
            1,
            1,
            4,
            -1
          ],
          [
            1,
            2,
            4,
            -1
          ],
          [
            2,
            0,
            4,
            -1
          ],
          [
            2,
            1,
            4,
            -1
          ],
          [
            2,
            2,
            4,
            -1
          ]
        ],
        "inner_word": [
          2,
          2,
          1,
          0,
          1,
          2,
          2,
          1,
          0,
          2,
          2
        ]
      },
      {
        "all_nine_extensions_left_right_time_site": [
          [
            0,
            0,
            2,
            -3
          ],
          [
            0,
            1,
            2,
            -3
          ],
          [
            0,
            2,
            2,
            -3
          ],
          [
            1,
            0,
            2,
            -3
          ],
          [
            1,
            1,
            2,
            -3
          ],
          [
            1,
            2,
            2,
            -3
          ],
          [
            2,
            0,
            2,
            -3
          ],
          [
            2,
            1,
            2,
            -3
          ],
          [
            2,
            2,
            2,
            -3
          ]
        ],
        "inner_word": [
          2,
          2,
          2,
          0,
          1,
          2,
          2,
          1,
          0,
          1,
          0
        ]
      },
      {
        "all_nine_extensions_left_right_time_site": [
          [
            0,
            0,
            2,
            -3
          ],
          [
            0,
            1,
            2,
            -3
          ],
          [
            0,
            2,
            1,
            4
          ],
          [
            1,
            0,
            2,
            -3
          ],
          [
            1,
            1,
            2,
            -3
          ],
          [
            1,
            2,
            1,
            4
          ],
          [
            2,
            0,
            2,
            -3
          ],
          [
            2,
            1,
            2,
            -3
          ],
          [
            2,
            2,
            1,
            4
          ]
        ],
        "inner_word": [
          2,
          2,
          2,
          0,
          1,
          2,
          2,
          1,
          0,
          1,
          1
        ]
      },
      {
        "all_nine_extensions_left_right_time_site": [
          [
            0,
            0,
            2,
            -3
          ],
          [
            0,
            1,
            2,
            -3
          ],
          [
            0,
            2,
            2,
            -3
          ],
          [
            1,
            0,
            2,
            -3
          ],
          [
            1,
            1,
            2,
            -3
          ],
          [
            1,
            2,
            2,
            -3
          ],
          [
            2,
            0,
            2,
            -3
          ],
          [
            2,
            1,
            2,
            -3
          ],
          [
            2,
            2,
            2,
            -3
          ]
        ],
        "inner_word": [
          2,
          2,
          2,
          0,
          1,
          2,
          2,
          1,
          0,
          1,
          2
        ]
      },
      {
        "all_nine_extensions_left_right_time_site": [
          [
            0,
            0,
            2,
            -3
          ],
          [
            0,
            1,
            2,
            -3
          ],
          [
            0,
            2,
            2,
            -3
          ],
          [
            1,
            0,
            2,
            -3
          ],
          [
            1,
            1,
            2,
            -3
          ],
          [
            1,
            2,
            2,
            -3
          ],
          [
            2,
            0,
            2,
            -3
          ],
          [
            2,
            1,
            2,
            -3
          ],
          [
            2,
            2,
            2,
            -3
          ]
        ],
        "inner_word": [
          2,
          2,
          2,
          0,
          1,
          2,
          2,
          1,
          0,
          2,
          0
        ]
      },
      {
        "all_nine_extensions_left_right_time_site": [
          [
            0,
            0,
            2,
            -3
          ],
          [
            0,
            1,
            2,
            -3
          ],
          [
            0,
            2,
            2,
            -3
          ],
          [
            1,
            0,
            2,
            -3
          ],
          [
            1,
            1,
            2,
            -3
          ],
          [
            1,
            2,
            2,
            -3
          ],
          [
            2,
            0,
            2,
            -3
          ],
          [
            2,
            1,
            2,
            -3
          ],
          [
            2,
            2,
            2,
            -3
          ]
        ],
        "inner_word": [
          2,
          2,
          2,
          0,
          1,
          2,
          2,
          1,
          0,
          2,
          1
        ]
      },
      {
        "all_nine_extensions_left_right_time_site": [
          [
            0,
            0,
            2,
            -3
          ],
          [
            0,
            1,
            2,
            -3
          ],
          [
            0,
            2,
            2,
            -3
          ],
          [
            1,
            0,
            2,
            -3
          ],
          [
            1,
            1,
            2,
            -3
          ],
          [
            1,
            2,
            2,
            -3
          ],
          [
            2,
            0,
            2,
            -3
          ],
          [
            2,
            1,
            2,
            -3
          ],
          [
            2,
            2,
            2,
            -3
          ]
        ],
        "inner_word": [
          2,
          2,
          2,
          0,
          1,
          2,
          2,
          1,
          0,
          2,
          2
        ]
      }
    ],
    "direct_enumeration_of_all_3_power_13_words": false,
    "explicit_outer_extensions": 1836,
    "first_witness_census": [
      [
        1,
        -4,
        123
      ],
      [
        1,
        -3,
        2808
      ],
      [
        1,
        -2,
        315
      ],
      [
        1,
        -1,
        1071
      ],
      [
        1,
        1,
        1332
      ],
      [
        1,
        2,
        339
      ],
      [
        1,
        3,
        1369
      ],
      [
        1,
        4,
        115
      ],
      [
        2,
        -3,
        85
      ],
      [
        2,
        -2,
        2824
      ],
      [
        2,
        -1,
        208
      ],
      [
        2,
        0,
        4513
      ],
      [
        2,
        2,
        425
      ],
      [
        2,
        3,
        85
      ],
      [
        3,
        -1,
        1597
      ],
      [
        3,
        1,
        207
      ],
      [
        4,
        -1,
        714
      ],
      [
        4,
        0,
        1292
      ],
      [
        4,
        1,
        714
      ]
    ],
    "initial_radius": 6,
    "inner_case_counts": {
      "center_equal": 158643,
      "inner_witness": 18300,
      "needs_outer_letters": 204
    },
    "inner_words_enumerated": 177147,
    "overlap_argument": [
      "Every 13-letter word has one inner 11-letter word and one of nine outer pairs.",
      "Both time-2/time-4 centers depend only on the inner cone.",
      "An inner witness at |j|<=4-s and its time-zero test use only the inner cone.",
      "Every exceptional inner word instead has all nine full witnesses at |j|<=5-s.",
      "Cyclic windows of every n>=3, including repeated coordinates for n<13, embed by locality."
    ],
    "representation": "edge-sign evolution; witnesses rechecked by height inequalities",
    "strict_center_cases_among_3_power_5": 90,
    "updates": 4
  },
  "local_inverse_tables": [
    {
      "boundary_source_attempts": 18,
      "nonempty_boundary_fibres": 10,
      "positive_run_length": 1
    },
    {
      "boundary_source_attempts": 36,
      "nonempty_boundary_fibres": 10,
      "positive_run_length": 2
    },
    {
      "boundary_source_attempts": 72,
      "nonempty_boundary_fibres": 4,
      "positive_run_length": 3
    },
    {
      "boundary_source_attempts": 144,
      "nonempty_boundary_fibres": 1,
      "positive_run_length": 4
    },
    {
      "boundary_source_attempts": 288,
      "nonempty_boundary_fibres": 0,
      "positive_run_length": 5
    },
    {
      "boundary_source_attempts": 576,
      "nonempty_boundary_fibres": 0,
      "positive_run_length": 6
    }
  ],
  "mixed_kernel_checks": {
    "analytic_constant_checks": "exact integer/rational inequalities, no floating-point proof",
    "identity_range": [
      2,
      100
    ],
    "matrix_word_boxes": [
      {
        "all_words": 9,
        "by_B_count_J_count_equality": [
          [
            0,
            0,
            true,
            1
          ],
          [
            0,
            1,
            false,
            2
          ],
          [
            0,
            2,
            false,
            1
          ],
          [
            1,
            0,
            true,
            2
          ],
          [
            1,
            1,
            false,
            2
          ],
          [
            2,
            0,
            false,
            1
          ]
        ],
        "equality_words": 3,
        "length": 2
      },
      {
        "all_words": 27,
        "by_B_count_J_count_equality": [
          [
            0,
            0,
            true,
            1
          ],
          [
            0,
            1,
            false,
            3
          ],
          [
            0,
            2,
            false,
            3
          ],
          [
            0,
            3,
            false,
            1
          ],
          [
            1,
            0,
            true,
            3
          ],
          [
            1,
            1,
            false,
            6
          ],
          [
            1,
            2,
            false,
            3
          ],
          [
            2,
            0,
            false,
            3
          ],
          [
            2,
            1,
            false,
            3
          ],
          [
            3,
            0,
            false,
            1
          ]
        ],
        "equality_words": 4,
        "length": 3
      },
      {
        "all_words": 81,
        "by_B_count_J_count_equality": [
          [
            0,
            0,
            true,
            1
          ],
          [
            0,
            1,
            false,
            4
          ],
          [
            0,
            2,
            false,
            6
          ],
          [
            0,
            3,
            false,
            4
          ],
          [
            0,
            4,
            false,
            1
          ],
          [
            1,
            0,
            true,
            4
          ],
          [
            1,
            1,
            false,
            12
          ],
          [
            1,
            2,
            false,
            12
          ],
          [
            1,
            3,
            false,
            4
          ],
          [
            2,
            0,
            false,
            6
          ],
          [
            2,
            1,
            false,
            12
          ],
          [
            2,
            2,
            false,
            6
          ],
          [
            3,
            0,
            false,
            4
          ],
          [
            3,
            1,
            false,
            4
          ],
          [
            4,
            0,
            false,
            1
          ]
        ],
        "equality_words": 5,
        "length": 4
      },
      {
        "all_words": 243,
        "by_B_count_J_count_equality": [
          [
            0,
            0,
            true,
            1
          ],
          [
            0,
            1,
            false,
            5
          ],
          [
            0,
            2,
            false,
            10
          ],
          [
            0,
            3,
            false,
            10
          ],
          [
            0,
            4,
            false,
            5
          ],
          [
            0,
            5,
            false,
            1
          ],
          [
            1,
            0,
            true,
            5
          ],
          [
            1,
            1,
            false,
            20
          ],
          [
            1,
            2,
            false,
            30
          ],
          [
            1,
            3,
            false,
            20
          ],
          [
            1,
            4,
            false,
            5
          ],
          [
            2,
            0,
            false,
            10
          ],
          [
            2,
            1,
            false,
            30
          ],
          [
            2,
            2,
            false,
            30
          ],
          [
            2,
            3,
            false,
            10
          ],
          [
            3,
            0,
            false,
            10
          ],
          [
            3,
            1,
            false,
            20
          ],
          [
            3,
            2,
            false,
            10
          ],
          [
            4,
            0,
            false,
            5
          ],
          [
            4,
            1,
            false,
            5
          ],
          [
            5,
            0,
            false,
            1
          ]
        ],
        "equality_words": 6,
        "length": 5
      },
      {
        "all_words": 729,
        "by_B_count_J_count_equality": [
          [
            0,
            0,
            true,
            1
          ],
          [
            0,
            1,
            false,
            6
          ],
          [
            0,
            2,
            false,
            15
          ],
          [
            0,
            3,
            false,
            20
          ],
          [
            0,
            4,
            false,
            15
          ],
          [
            0,
            5,
            false,
            6
          ],
          [
            0,
            6,
            false,
            1
          ],
          [
            1,
            0,
            true,
            6
          ],
          [
            1,
            1,
            false,
            30
          ],
          [
            1,
            2,
            false,
            60
          ],
          [
            1,
            3,
            false,
            60
          ],
          [
            1,
            4,
            false,
            30
          ],
          [
            1,
            5,
            false,
            6
          ],
          [
            2,
            0,
            false,
            15
          ],
          [
            2,
            1,
            false,
            60
          ],
          [
            2,
            2,
            false,
            90
          ],
          [
            2,
            3,
            false,
            60
          ],
          [
            2,
            4,
            false,
            15
          ],
          [
            3,
            0,
            false,
            20
          ],
          [
            3,
            1,
            false,
            60
          ],
          [
            3,
            2,
            false,
            60
          ],
          [
            3,
            3,
            false,
            20
          ],
          [
            4,
            0,
            false,
            15
          ],
          [
            4,
            1,
            false,
            30
          ],
          [
            4,
            2,
            false,
            15
          ],
          [
            5,
            0,
            false,
            6
          ],
          [
            5,
            1,
            false,
            6
          ],
          [
            6,
            0,
            false,
            1
          ]
        ],
        "equality_words": 7,
        "length": 6
      },
      {
        "all_words": 2187,
        "by_B_count_J_count_equality": [
          [
            0,
            0,
            true,
            1
          ],
          [
            0,
            1,
            false,
            7
          ],
          [
            0,
            2,
            false,
            21
          ],
          [
            0,
            3,
            false,
            35
          ],
          [
            0,
            4,
            false,
            35
          ],
          [
            0,
            5,
            false,
            21
          ],
          [
            0,
            6,
            false,
            7
          ],
          [
            0,
            7,
            false,
            1
          ],
          [
            1,
            0,
            true,
            7
          ],
          [
            1,
            1,
            false,
            42
          ],
          [
            1,
            2,
            false,
            105
          ],
          [
            1,
            3,
            false,
            140
          ],
          [
            1,
            4,
            false,
            105
          ],
          [
            1,
            5,
            false,
            42
          ],
          [
            1,
            6,
            false,
            7
          ],
          [
            2,
            0,
            false,
            21
          ],
          [
            2,
            1,
            false,
            105
          ],
          [
            2,
            2,
            false,
            210
          ],
          [
            2,
            3,
            false,
            210
          ],
          [
            2,
            4,
            false,
            105
          ],
          [
            2,
            5,
            false,
            21
          ],
          [
            3,
            0,
            false,
            35
          ],
          [
            3,
            1,
            false,
            140
          ],
          [
            3,
            2,
            false,
            210
          ],
          [
            3,
            3,
            false,
            140
          ],
          [
            3,
            4,
            false,
            35
          ],
          [
            4,
            0,
            false,
            35
          ],
          [
            4,
            1,
            false,
            105
          ],
          [
            4,
            2,
            false,
            105
          ],
          [
            4,
            3,
            false,
            35
          ],
          [
            5,
            0,
            false,
            21
          ],
          [
            5,
            1,
            false,
            42
          ],
          [
            5,
            2,
            false,
            21
          ],
          [
            6,
            0,
            false,
            7
          ],
          [
            6,
            1,
            false,
            7
          ],
          [
            7,
            0,
            false,
            1
          ]
        ],
        "equality_words": 8,
        "length": 7
      },
      {
        "all_words": 6561,
        "by_B_count_J_count_equality": [
          [
            0,
            0,
            true,
            1
          ],
          [
            0,
            1,
            false,
            8
          ],
          [
            0,
            2,
            false,
            28
          ],
          [
            0,
            3,
            false,
            56
          ],
          [
            0,
            4,
            false,
            70
          ],
          [
            0,
            5,
            false,
            56
          ],
          [
            0,
            6,
            false,
            28
          ],
          [
            0,
            7,
            false,
            8
          ],
          [
            0,
            8,
            false,
            1
          ],
          [
            1,
            0,
            true,
            8
          ],
          [
            1,
            1,
            false,
            56
          ],
          [
            1,
            2,
            false,
            168
          ],
          [
            1,
            3,
            false,
            280
          ],
          [
            1,
            4,
            false,
            280
          ],
          [
            1,
            5,
            false,
            168
          ],
          [
            1,
            6,
            false,
            56
          ],
          [
            1,
            7,
            false,
            8
          ],
          [
            2,
            0,
            false,
            28
          ],
          [
            2,
            1,
            false,
            168
          ],
          [
            2,
            2,
            false,
            420
          ],
          [
            2,
            3,
            false,
            560
          ],
          [
            2,
            4,
            false,
            420
          ],
          [
            2,
            5,
            false,
            168
          ],
          [
            2,
            6,
            false,
            28
          ],
          [
            3,
            0,
            false,
            56
          ],
          [
            3,
            1,
            false,
            280
          ],
          [
            3,
            2,
            false,
            560
          ],
          [
            3,
            3,
            false,
            560
          ],
          [
            3,
            4,
            false,
            280
          ],
          [
            3,
            5,
            false,
            56
          ],
          [
            4,
            0,
            false,
            70
          ],
          [
            4,
            1,
            false,
            280
          ],
          [
            4,
            2,
            false,
            420
          ],
          [
            4,
            3,
            false,
            280
          ],
          [
            4,
            4,
            false,
            70
          ],
          [
            5,
            0,
            false,
            56
          ],
          [
            5,
            1,
            false,
            168
          ],
          [
            5,
            2,
            false,
            168
          ],
          [
            5,
            3,
            false,
            56
          ],
          [
            6,
            0,
            false,
            28
          ],
          [
            6,
            1,
            false,
            56
          ],
          [
            6,
            2,
            false,
            28
          ],
          [
            7,
            0,
            false,
            8
          ],
          [
            7,
            1,
            false,
            8
          ],
          [
            8,
            0,
            false,
            1
          ]
        ],
        "equality_words": 9,
        "length": 8
      },
      {
        "all_words": 19683,
        "by_B_count_J_count_equality": [
          [
            0,
            0,
            true,
            1
          ],
          [
            0,
            1,
            false,
            9
          ],
          [
            0,
            2,
            false,
            36
          ],
          [
            0,
            3,
            false,
            84
          ],
          [
            0,
            4,
            false,
            126
          ],
          [
            0,
            5,
            false,
            126
          ],
          [
            0,
            6,
            false,
            84
          ],
          [
            0,
            7,
            false,
            36
          ],
          [
            0,
            8,
            false,
            9
          ],
          [
            0,
            9,
            false,
            1
          ],
          [
            1,
            0,
            true,
            9
          ],
          [
            1,
            1,
            false,
            72
          ],
          [
            1,
            2,
            false,
            252
          ],
          [
            1,
            3,
            false,
            504
          ],
          [
            1,
            4,
            false,
            630
          ],
          [
            1,
            5,
            false,
            504
          ],
          [
            1,
            6,
            false,
            252
          ],
          [
            1,
            7,
            false,
            72
          ],
          [
            1,
            8,
            false,
            9
          ],
          [
            2,
            0,
            false,
            36
          ],
          [
            2,
            1,
            false,
            252
          ],
          [
            2,
            2,
            false,
            756
          ],
          [
            2,
            3,
            false,
            1260
          ],
          [
            2,
            4,
            false,
            1260
          ],
          [
            2,
            5,
            false,
            756
          ],
          [
            2,
            6,
            false,
            252
          ],
          [
            2,
            7,
            false,
            36
          ],
          [
            3,
            0,
            false,
            84
          ],
          [
            3,
            1,
            false,
            504
          ],
          [
            3,
            2,
            false,
            1260
          ],
          [
            3,
            3,
            false,
            1680
          ],
          [
            3,
            4,
            false,
            1260
          ],
          [
            3,
            5,
            false,
            504
          ],
          [
            3,
            6,
            false,
            84
          ],
          [
            4,
            0,
            false,
            126
          ],
          [
            4,
            1,
            false,
            630
          ],
          [
            4,
            2,
            false,
            1260
          ],
          [
            4,
            3,
            false,
            1260
          ],
          [
            4,
            4,
            false,
            630
          ],
          [
            4,
            5,
            false,
            126
          ],
          [
            5,
            0,
            false,
            126
          ],
          [
            5,
            1,
            false,
            504
          ],
          [
            5,
            2,
            false,
            756
          ],
          [
            5,
            3,
            false,
            504
          ],
          [
            5,
            4,
            false,
            126
          ],
          [
            6,
            0,
            false,
            84
          ],
          [
            6,
            1,
            false,
            252
          ],
          [
            6,
            2,
            false,
            252
          ],
          [
            6,
            3,
            false,
            84
          ],
          [
            7,
            0,
            false,
            36
          ],
          [
            7,
            1,
            false,
            72
          ],
          [
            7,
            2,
            false,
            36
          ],
          [
            8,
            0,
            false,
            9
          ],
          [
            8,
            1,
            false,
            9
          ],
          [
            9,
            0,
            false,
            1
          ]
        ],
        "equality_words": 10,
        "length": 9
      },
      {
        "all_words": 59049,
        "by_B_count_J_count_equality": [
          [
            0,
            0,
            true,
            1
          ],
          [
            0,
            1,
            false,
            10
          ],
          [
            0,
            2,
            false,
            45
          ],
          [
            0,
            3,
            false,
            120
          ],
          [
            0,
            4,
            false,
            210
          ],
          [
            0,
            5,
            false,
            252
          ],
          [
            0,
            6,
            false,
            210
          ],
          [
            0,
            7,
            false,
            120
          ],
          [
            0,
            8,
            false,
            45
          ],
          [
            0,
            9,
            false,
            10
          ],
          [
            0,
            10,
            false,
            1
          ],
          [
            1,
            0,
            true,
            10
          ],
          [
            1,
            1,
            false,
            90
          ],
          [
            1,
            2,
            false,
            360
          ],
          [
            1,
            3,
            false,
            840
          ],
          [
            1,
            4,
            false,
            1260
          ],
          [
            1,
            5,
            false,
            1260
          ],
          [
            1,
            6,
            false,
            840
          ],
          [
            1,
            7,
            false,
            360
          ],
          [
            1,
            8,
            false,
            90
          ],
          [
            1,
            9,
            false,
            10
          ],
          [
            2,
            0,
            false,
            45
          ],
          [
            2,
            1,
            false,
            360
          ],
          [
            2,
            2,
            false,
            1260
          ],
          [
            2,
            3,
            false,
            2520
          ],
          [
            2,
            4,
            false,
            3150
          ],
          [
            2,
            5,
            false,
            2520
          ],
          [
            2,
            6,
            false,
            1260
          ],
          [
            2,
            7,
            false,
            360
          ],
          [
            2,
            8,
            false,
            45
          ],
          [
            3,
            0,
            false,
            120
          ],
          [
            3,
            1,
            false,
            840
          ],
          [
            3,
            2,
            false,
            2520
          ],
          [
            3,
            3,
            false,
            4200
          ],
          [
            3,
            4,
            false,
            4200
          ],
          [
            3,
            5,
            false,
            2520
          ],
          [
            3,
            6,
            false,
            840
          ],
          [
            3,
            7,
            false,
            120
          ],
          [
            4,
            0,
            false,
            210
          ],
          [
            4,
            1,
            false,
            1260
          ],
          [
            4,
            2,
            false,
            3150
          ],
          [
            4,
            3,
            false,
            4200
          ],
          [
            4,
            4,
            false,
            3150
          ],
          [
            4,
            5,
            false,
            1260
          ],
          [
            4,
            6,
            false,
            210
          ],
          [
            5,
            0,
            false,
            252
          ],
          [
            5,
            1,
            false,
            1260
          ],
          [
            5,
            2,
            false,
            2520
          ],
          [
            5,
            3,
            false,
            2520
          ],
          [
            5,
            4,
            false,
            1260
          ],
          [
            5,
            5,
            false,
            252
          ],
          [
            6,
            0,
            false,
            210
          ],
          [
            6,
            1,
            false,
            840
          ],
          [
            6,
            2,
            false,
            1260
          ],
          [
            6,
            3,
            false,
            840
          ],
          [
            6,
            4,
            false,
            210
          ],
          [
            7,
            0,
            false,
            120
          ],
          [
            7,
            1,
            false,
            360
          ],
          [
            7,
            2,
            false,
            360
          ],
          [
            7,
            3,
            false,
            120
          ],
          [
            8,
            0,
            false,
            45
          ],
          [
            8,
            1,
            false,
            90
          ],
          [
            8,
            2,
            false,
            45
          ],
          [
            9,
            0,
            false,
            10
          ],
          [
            9,
            1,
            false,
            10
          ],
          [
            10,
            0,
            false,
            1
          ]
        ],
        "equality_words": 11,
        "length": 10
      }
    ],
    "proof_scope": "finite corroboration of a separate all-parameter Holder/length-budget proof"
  },
  "no_input_file_reads": true,
  "ordered_checked_record_sha256": "9b10399f1754ca2728ed16c8bd3466ffcc54e9d6217a33c4e08fe5d3eaa5d172",
  "paper": "P207",
  "schema": "p207-author-certificate-v1",
  "single_seed_only_checks": [
    {
      "all_source_enumeration": false,
      "n": 4,
      "one_hole_source_hitting_time": 3,
      "single_seed_hitting_time": 2
    },
    {
      "all_source_enumeration": false,
      "n": 5,
      "one_hole_source_hitting_time": 3,
      "single_seed_hitting_time": 2
    },
    {
      "all_source_enumeration": false,
      "n": 6,
      "one_hole_source_hitting_time": 4,
      "single_seed_hitting_time": 3
    },
    {
      "all_source_enumeration": false,
      "n": 7,
      "one_hole_source_hitting_time": 4,
      "single_seed_hitting_time": 3
    },
    {
      "all_source_enumeration": false,
      "n": 8,
      "one_hole_source_hitting_time": 5,
      "single_seed_hitting_time": 4
    },
    {
      "all_source_enumeration": false,
      "n": 9,
      "one_hole_source_hitting_time": 5,
      "single_seed_hitting_time": 4
    },
    {
      "all_source_enumeration": false,
      "n": 10,
      "one_hole_source_hitting_time": 6,
      "single_seed_hitting_time": 5
    },
    {
      "all_source_enumeration": false,
      "n": 11,
      "one_hole_source_hitting_time": 6,
      "single_seed_hitting_time": 5
    },
    {
      "all_source_enumeration": false,
      "n": 12,
      "one_hole_source_hitting_time": 7,
      "single_seed_hitting_time": 6
    },
    {
      "all_source_enumeration": false,
      "n": 13,
      "one_hole_source_hitting_time": 7,
      "single_seed_hitting_time": 6
    },
    {
      "all_source_enumeration": false,
      "n": 14,
      "one_hole_source_hitting_time": 8,
      "single_seed_hitting_time": 7
    },
    {
      "all_source_enumeration": false,
      "n": 15,
      "one_hole_source_hitting_time": 8,
      "single_seed_hitting_time": 7
    },
    {
      "all_source_enumeration": false,
      "n": 16,
      "one_hole_source_hitting_time": 9,
      "single_seed_hitting_time": 8
    },
    {
      "all_source_enumeration": false,
      "n": 17,
      "one_hole_source_hitting_time": 9,
      "single_seed_hitting_time": 8
    },
    {
      "all_source_enumeration": false,
      "n": 18,
      "one_hole_source_hitting_time": 10,
      "single_seed_hitting_time": 9
    },
    {
      "all_source_enumeration": false,
      "n": 19,
      "one_hole_source_hitting_time": 10,
      "single_seed_hitting_time": 9
    },
    {
      "all_source_enumeration": false,
      "n": 20,
      "one_hole_source_hitting_time": 11,
      "single_seed_hitting_time": 10
    },
    {
      "all_source_enumeration": false,
      "n": 21,
      "one_hole_source_hitting_time": 11,
      "single_seed_hitting_time": 10
    },
    {
      "all_source_enumeration": false,
      "n": 22,
      "one_hole_source_hitting_time": 12,
      "single_seed_hitting_time": 11
    },
    {
      "all_source_enumeration": false,
      "n": 23,
      "one_hole_source_hitting_time": 12,
      "single_seed_hitting_time": 11
    },
    {
      "all_source_enumeration": false,
      "n": 24,
      "one_hole_source_hitting_time": 13,
      "single_seed_hitting_time": 12
    },
    {
      "all_source_enumeration": false,
      "n": 25,
      "one_hole_source_hitting_time": 13,
      "single_seed_hitting_time": 12
    },
    {
      "all_source_enumeration": false,
      "n": 26,
      "one_hole_source_hitting_time": 14,
      "single_seed_hitting_time": 13
    },
    {
      "all_source_enumeration": false,
      "n": 27,
      "one_hole_source_hitting_time": 14,
      "single_seed_hitting_time": 13
    },
    {
      "all_source_enumeration": false,
      "n": 28,
      "one_hole_source_hitting_time": 15,
      "single_seed_hitting_time": 14
    },
    {
      "all_source_enumeration": false,
      "n": 29,
      "one_hole_source_hitting_time": 15,
      "single_seed_hitting_time": 14
    },
    {
      "all_source_enumeration": false,
      "n": 30,
      "one_hole_source_hitting_time": 16,
      "single_seed_hitting_time": 15
    },
    {
      "all_source_enumeration": false,
      "n": 31,
      "one_hole_source_hitting_time": 16,
      "single_seed_hitting_time": 15
    },
    {
      "all_source_enumeration": false,
      "n": 32,
      "one_hole_source_hitting_time": 17,
      "single_seed_hitting_time": 16
    },
    {
      "all_source_enumeration": false,
      "n": 33,
      "one_hole_source_hitting_time": 17,
      "single_seed_hitting_time": 16
    },
    {
      "all_source_enumeration": false,
      "n": 34,
      "one_hole_source_hitting_time": 18,
      "single_seed_hitting_time": 17
    },
    {
      "all_source_enumeration": false,
      "n": 35,
      "one_hole_source_hitting_time": 18,
      "single_seed_hitting_time": 17
    },
    {
      "all_source_enumeration": false,
      "n": 36,
      "one_hole_source_hitting_time": 19,
      "single_seed_hitting_time": 18
    },
    {
      "all_source_enumeration": false,
      "n": 37,
      "one_hole_source_hitting_time": 19,
      "single_seed_hitting_time": 18
    },
    {
      "all_source_enumeration": false,
      "n": 38,
      "one_hole_source_hitting_time": 20,
      "single_seed_hitting_time": 19
    },
    {
      "all_source_enumeration": false,
      "n": 39,
      "one_hole_source_hitting_time": 20,
      "single_seed_hitting_time": 19
    },
    {
      "all_source_enumeration": false,
      "n": 40,
      "one_hole_source_hitting_time": 21,
      "single_seed_hitting_time": 20
    },
    {
      "all_source_enumeration": false,
      "n": 41,
      "one_hole_source_hitting_time": 21,
      "single_seed_hitting_time": 20
    },
    {
      "all_source_enumeration": false,
      "n": 42,
      "one_hole_source_hitting_time": 22,
      "single_seed_hitting_time": 21
    },
    {
      "all_source_enumeration": false,
      "n": 43,
      "one_hole_source_hitting_time": 22,
      "single_seed_hitting_time": 21
    },
    {
      "all_source_enumeration": false,
      "n": 44,
      "one_hole_source_hitting_time": 23,
      "single_seed_hitting_time": 22
    },
    {
      "all_source_enumeration": false,
      "n": 45,
      "one_hole_source_hitting_time": 23,
      "single_seed_hitting_time": 22
    },
    {
      "all_source_enumeration": false,
      "n": 46,
      "one_hole_source_hitting_time": 24,
      "single_seed_hitting_time": 23
    },
    {
      "all_source_enumeration": false,
      "n": 47,
      "one_hole_source_hitting_time": 24,
      "single_seed_hitting_time": 23
    },
    {
      "all_source_enumeration": false,
      "n": 48,
      "one_hole_source_hitting_time": 25,
      "single_seed_hitting_time": 24
    },
    {
      "all_source_enumeration": false,
      "n": 49,
      "one_hole_source_hitting_time": 25,
      "single_seed_hitting_time": 24
    },
    {
      "all_source_enumeration": false,
      "n": 50,
      "one_hole_source_hitting_time": 26,
      "single_seed_hitting_time": 25
    },
    {
      "all_source_enumeration": false,
      "n": 51,
      "one_hole_source_hitting_time": 26,
      "single_seed_hitting_time": 25
    },
    {
      "all_source_enumeration": false,
      "n": 52,
      "one_hole_source_hitting_time": 27,
      "single_seed_hitting_time": 26
    },
    {
      "all_source_enumeration": false,
      "n": 53,
      "one_hole_source_hitting_time": 27,
      "single_seed_hitting_time": 26
    },
    {
      "all_source_enumeration": false,
      "n": 54,
      "one_hole_source_hitting_time": 28,
      "single_seed_hitting_time": 27
    },
    {
      "all_source_enumeration": false,
      "n": 55,
      "one_hole_source_hitting_time": 28,
      "single_seed_hitting_time": 27
    },
    {
      "all_source_enumeration": false,
      "n": 56,
      "one_hole_source_hitting_time": 29,
      "single_seed_hitting_time": 28
    },
    {
      "all_source_enumeration": false,
      "n": 57,
      "one_hole_source_hitting_time": 29,
      "single_seed_hitting_time": 28
    },
    {
      "all_source_enumeration": false,
      "n": 58,
      "one_hole_source_hitting_time": 30,
      "single_seed_hitting_time": 29
    },
    {
      "all_source_enumeration": false,
      "n": 59,
      "one_hole_source_hitting_time": 30,
      "single_seed_hitting_time": 29
    },
    {
      "all_source_enumeration": false,
      "n": 60,
      "one_hole_source_hitting_time": 31,
      "single_seed_hitting_time": 30
    },
    {
      "all_source_enumeration": false,
      "n": 61,
      "one_hole_source_hitting_time": 31,
      "single_seed_hitting_time": 30
    },
    {
      "all_source_enumeration": false,
      "n": 62,
      "one_hole_source_hitting_time": 32,
      "single_seed_hitting_time": 31
    },
    {
      "all_source_enumeration": false,
      "n": 63,
      "one_hole_source_hitting_time": 32,
      "single_seed_hitting_time": 31
    },
    {
      "all_source_enumeration": false,
      "n": 64,
      "one_hole_source_hitting_time": 33,
      "single_seed_hitting_time": 32
    }
  ],
  "standard_library_only": true,
  "status": "PASS"
}
