/root/autodl-tmp/hilbert-polya-structure/docs/papers197_201_sequence/scouting/word_poset_lane/BREADTH_AND_KILL_LEDGER.md:84:| Binary-projective Steiner cyclic product words | The length-three instance is the retired P160 literal map and the family uses the same quasigroup-product engine. | `KILL_RETIRED_LITERAL_FAMILY` |
/root/autodl-tmp/hilbert-polya-structure/docs/papers204_208_sequence/scouting/set_partition_sixth/INTAKE.md:54:  pairwise-union semigroup powers;
/root/autodl-tmp/hilbert-polya-structure/docs/papers204_208_sequence/scouting/finite_systems_fourteenth/PROOF_AND_DISPOSITION.md:241:so no semigroup multiplication simplification may be inserted into RRM.
/root/autodl-tmp/hilbert-polya-structure/symbolic_dynamics/docs/papers112_116_sequence/scouting/STOCHASTIC_SCOUT.md:1:# Stochastic / semigroup-cocycle scout for the P112--P116 intake
/root/autodl-tmp/hilbert-polya-structure/symbolic_dynamics/docs/papers112_116_sequence/scouting/STOCHASTIC_SCOUT.md:32:   anomaly.  Hostile semigroup review subsequently found and classified four
/root/autodl-tmp/hilbert-polya-structure/symbolic_dynamics/docs/papers112_116_sequence/scouting/STOCHASTIC_SCOUT.md:68:| P1--P43 | arithmetic Markov/Fredholm systems, finite holonomy and group cocycles, affine-semigroup and Cayley-chain firewalls |
/root/autodl-tmp/hilbert-polya-structure/symbolic_dynamics/docs/papers112_116_sequence/scouting/STOCHASTIC_SCOUT.md:70:| P72--P91 | Coxeter and Catalan automata, sandpile translations, noisy hidden processes, Bernoulli reset SFTs, finite group shifts |
/root/autodl-tmp/hilbert-polya-structure/symbolic_dynamics/docs/papers112_116_sequence/scouting/STOCHASTIC_SCOUT.md:76:semigroup audit corrected the first item's initial generator-rank proxy: T1
/root/autodl-tmp/hilbert-polya-structure/symbolic_dynamics/docs/papers112_116_sequence/scouting/STOCHASTIC_SCOUT.md:103:| T5 | Stern--Brocot shears `[[1,1],[0,1]]`, `[[1,0],[1,1]]` | word is a coprime pair; exact first and tensor moments | random continued fractions / positive matrix products; P99 shear and P111 positive-word proximity | **KILL DIRECT + INTERNAL** |
/root/autodl-tmp/hilbert-polya-structure/symbolic_dynamics/docs/papers112_116_sequence/scouting/STOCHASTIC_SCOUT.md:107:| T9 | uniform iid Temperley--Lieb reconnections `e_i` on link patterns of `2m` points | finite semigroup kernel and Catalan state count | stochastic Temperley--Lieb/raise-and-peel owners; P74/P82/P83 Catalan region | **KILL DIRECT OWNER** |
/root/autodl-tmp/hilbert-polya-structure/symbolic_dynamics/docs/papers112_116_sequence/scouting/STOCHASTIC_SCOUT.md:144:semigroup words.  In fact no word of length one or two is a projective reset,
/root/autodl-tmp/hilbert-polya-structure/symbolic_dynamics/docs/papers112_116_sequence/scouting/STOCHASTIC_SCOUT.md:243:For each word it compares the chronological literal product, literal vector
/root/autodl-tmp/hilbert-polya-structure/symbolic_dynamics/docs/papers112_116_sequence/scouting/STOCHASTIC_SCOUT.md:554:semigroup firewall.  Decision: `RESERVE_INTERNAL_HIGH_RISK`, not a current
/root/autodl-tmp/hilbert-polya-structure/symbolic_dynamics/docs/papers112_116_sequence/scouting/STOCHASTIC_SCOUT.md:614:the transition is a finite semigroup walk.  Stochastic Temperley--Lieb and
/root/autodl-tmp/hilbert-polya-structure/docs/papers192_196_sequence/phase1/BREADTH_LEDGER.md:31:| NSQ | numerical-semigroup quotient | `KILL_WEAK_SECOND_AXIS`: bounded signals did not close a target-resolved inverse law |
/root/autodl-tmp/hilbert-polya-structure/docs/papers192_196_sequence/phase1/BREADTH_LEDGER.md:34:| PCD | parabolic Coxeter descent update | `KILL_REDMIN_SURFACE`: conditional descent reduction is standard Red-Min territory |
/root/autodl-tmp/hilbert-polya-structure/docs/papers192_196_sequence/phase1/BREADTH_LEDGER.md:39:| HOS | hold-or-square semigroup map | `KILL_SHALLOW`: all states enter squaring after at most two steps |
/root/autodl-tmp/hilbert-polya-structure/papers/190-brandt-sandwich-erosion/main.tex:33:\keywords{Brandt semigroup, finite dynamics, cellular automaton, transient, fibre, transfer matrix}
/root/autodl-tmp/hilbert-polya-structure/papers/190-brandt-sandwich-erosion/main.tex:38:Let $B_n=\{0\}\cup[n]^2$ be the aperiodic Brandt semigroup of matrix
/root/autodl-tmp/hilbert-polya-structure/papers/190-brandt-sandwich-erosion/main.tex:62:For $n\geq1$, the aperiodic Brandt semigroup is
/root/autodl-tmp/hilbert-polya-structure/papers/190-brandt-sandwich-erosion/main.tex:67:with zero absorbing.  Put $(a,b)^*=(b,a)$ and $0^*=0$.  Brandt semigroups
/root/autodl-tmp/hilbert-polya-structure/papers/190-brandt-sandwich-erosion/main.tex:79:carrier.  Finite cyclic cellular-automaton transformation semigroups are
/root/autodl-tmp/hilbert-polya-structure/papers/190-brandt-sandwich-erosion/main.tex:81:for local rules furnished by small associative semigroups are also known
/root/autodl-tmp/hilbert-polya-structure/papers/190-brandt-sandwich-erosion/main.tex:83:asserted to be a semigroup multiplication.
/root/autodl-tmp/hilbert-polya-structure/papers/190-brandt-sandwich-erosion/main.tex:347:The paper treats the aperiodic Brandt semigroup and a cyclic one-sided
/root/autodl-tmp/hilbert-polya-structure/papers/190-brandt-sandwich-erosion/main.tex:348:neighbourhood only.  It gives no theorem for Brandt semigroups over nontrivial
/root/autodl-tmp/hilbert-polya-structure/papers/192-first-collision-hurwitz/main.tex:30:\title[First-collision Hurwitz dynamics]{First-Collision Hurwitz Dynamics on
/root/autodl-tmp/hilbert-polya-structure/papers/192-first-collision-hurwitz/main.tex:34:\keywords{Hurwitz action, transposition factorization, parking function,
/root/autodl-tmp/hilbert-polya-structure/papers/192-first-collision-hurwitz/main.tex:42:transpositions having the same lower endpoint and apply the right Hurwitz
/root/autodl-tmp/hilbert-polya-structure/papers/192-first-collision-hurwitz/main.tex:49:labelled target by one inverse Hurwitz test.  The maximum one-step fibre is
/root/autodl-tmp/hilbert-polya-structure/papers/192-first-collision-hurwitz/main.tex:54:Hurwitz actions, factorization--parking correspondences, and ordinary
/root/autodl-tmp/hilbert-polya-structure/papers/192-first-collision-hurwitz/main.tex:71:The right Hurwitz move at $i$ is
/root/autodl-tmp/hilbert-polya-structure/papers/192-first-collision-hurwitz/main.tex:72:\begin{equation}\label{eq:hurwitz}
/root/autodl-tmp/hilbert-polya-structure/papers/192-first-collision-hurwitz/main.tex:84:Hurwitz orientation, numeric endpoint order, and least-index convention are
/root/autodl-tmp/hilbert-polya-structure/papers/192-first-collision-hurwitz/main.tex:88:Minimal long-cycle factorizations, their Cayley-tree count, and Hurwitz
/root/autodl-tmp/hilbert-polya-structure/papers/192-first-collision-hurwitz/main.tex:101:strings of conditional Hurwitz moves in their study of star and monotone
/root/autodl-tmp/hilbert-polya-structure/papers/192-first-collision-hurwitz/main.tex:104:Hurwitz-string machinery also receives zero contribution credit here.  Its
/root/autodl-tmp/hilbert-polya-structure/papers/192-first-collision-hurwitz/main.tex:111:Internally, direct Hurwitz actions have repeatedly been owner-killed, and P181
/root/autodl-tmp/hilbert-polya-structure/papers/192-first-collision-hurwitz/main.tex:113:map is not a braid-group orbit census, a $0$-Hecke action, or a prefix
/root/autodl-tmp/hilbert-polya-structure/papers/192-first-collision-hurwitz/main.tex:114:reversal.  Indeed its conditional local operators fail the braid relation
/root/autodl-tmp/hilbert-polya-structure/papers/192-first-collision-hurwitz/main.tex:158:factor $(j,n)$ meets $(j,j+1)$, and the Hurwitz move replaces them by
/root/autodl-tmp/hilbert-polya-structure/papers/192-first-collision-hurwitz/main.tex:193:\section{Every-target inverse Hurwitz atlas}
/root/autodl-tmp/hilbert-polya-structure/papers/192-first-collision-hurwitz/main.tex:229:$i<j(y)$.  Inverting \eqref{eq:hurwitz} gives the pair
/root/autodl-tmp/hilbert-polya-structure/papers/192-first-collision-hurwitz/main.tex:281:The paper-local standard-library verifier generates the full Hurwitz orbit
/root/autodl-tmp/hilbert-polya-structure/papers/192-first-collision-hurwitz/main.tex:288:The paper does not claim a new Hurwitz action, conditional Hurwitz-string
/root/autodl-tmp/hilbert-polya-structure/symbolic_dynamics/docs/papers117_121_sequence/scouting/STOCHASTIC_SCOUT.md:1:# Stochastic, semigroup, and rewrite Phase-2 scout
/root/autodl-tmp/hilbert-polya-structure/symbolic_dynamics/docs/papers117_121_sequence/scouting/STOCHASTIC_SCOUT.md:50:[Kassing--Giesl](https://arxiv.org/abs/2409.17714)); finite-semigroup walks
/root/autodl-tmp/hilbert-polya-structure/symbolic_dynamics/docs/papers117_121_sequence/scouting/STOCHASTIC_SCOUT.md:79:| S08 | a fixed signed-tropical Fibonacci pair | orientation-sensitive first balance, but a finite sign-pattern semigroup | **KILL** |
/root/autodl-tmp/hilbert-polya-structure/symbolic_dynamics/docs/papers117_121_sequence/scouting/STOCHASTIC_SCOUT.md:177:- **Subtraction.**  Completely simple/Rees structure and finite-semigroup
/root/autodl-tmp/hilbert-polya-structure/symbolic_dynamics/docs/papers117_121_sequence/scouting/STOCHASTIC_SCOUT.md:213:- **Subtraction.**  Finite inverse-semigroup harmonic analysis is established
/root/autodl-tmp/hilbert-polya-structure/symbolic_dynamics/docs/papers117_121_sequence/scouting/STOCHASTIC_SCOUT.md:232:- **Owner/internal subtraction.**  General finite-semigroup and finite-linear
/root/autodl-tmp/hilbert-polya-structure/symbolic_dynamics/docs/papers117_121_sequence/scouting/STOCHASTIC_SCOUT.md:233:  dynamics are zero credit.  P35 affine semigroups, P100 valuation erasure,
/root/autodl-tmp/hilbert-polya-structure/symbolic_dynamics/docs/papers117_121_sequence/scouting/STOCHASTIC_SCOUT.md:287:  magnitudes fixed at zero, the generated sign-pattern semigroup is finite,
/root/autodl-tmp/hilbert-polya-structure/symbolic_dynamics/docs/papers117_121_sequence/scouting/STOCHASTIC_SCOUT.md:290:- **Two routes.**  Signed path cancellation and literal finite-semigroup
/root/autodl-tmp/hilbert-polya-structure/symbolic_dynamics/docs/papers127_131_sequence/scouting/root/SCOUT.md:25:| X10 | ternary words; rotate every maximal nonzero run | product of cyclic run rotations | kill: direct disjoint-block product |
/root/autodl-tmp/hilbert-polya-structure/docs/papers187_191_sequence/scouting/algebra_lane/replacement/KILL_LEDGER.md:14:| `R04/HUR` | Every state is recurrent; periods reach four on both `S_3` and `D_8`; all fibres have size one. | `KILL_DIRECT_HURWITZ_ACTION` | The literal update is a standard Hurwitz generator.  Finite-group specialization cannot claim its action or orbit language, and singleton fibres supply no independent axis. |
/root/autodl-tmp/hilbert-polya-structure/papers/192-first-collision-hurwitz/PROOF_PACKAGE.md:15:- The right Hurwitz move is
/root/autodl-tmp/hilbert-polya-structure/papers/192-first-collision-hurwitz/PROOF_PACKAGE.md:22:The orientation of (c_n), the right-Hurwitz convention, numeric endpoint ordering, and least-index scheduler are structural assumptions, not cosmetic choices.
/root/autodl-tmp/hilbert-polya-structure/papers/192-first-collision-hurwitz/PROOF_PACKAGE.md:28:| Hurwitz move preserves the product | Proved directly/classical | conjugation identity |
/root/autodl-tmp/hilbert-polya-structure/papers/192-first-collision-hurwitz/PROOF_PACKAGE.md:33:| Every-target one-step fibre formula | Proved | inverse Hurwitz lemma + scheduler test |
/root/autodl-tmp/hilbert-polya-structure/papers/192-first-collision-hurwitz/PROOF_PACKAGE.md:41:### Lemma 3.1: Hurwitz preservation
/root/autodl-tmp/hilbert-polya-structure/papers/192-first-collision-hurwitz/PROOF_PACKAGE.md:113:The canonical chain (q_n) has product (c_n); Hurwitz moves preserve product, so the backwards-related witness (w_n) also lies in \(\mathcal F_n\). Therefore the upper bound (n-2) is attained.
/root/autodl-tmp/hilbert-polya-structure/papers/192-first-collision-hurwitz/PROOF_PACKAGE.md:145:### Lemma 6.1: inverse Hurwitz pair
/root/autodl-tmp/hilbert-polya-structure/papers/192-first-collision-hurwitz/PROOF_PACKAGE.md:233:- The inverse atlas is orientation-sensitive; using the inverse cycle or inverse Hurwitz convention requires a new proof and may fail.
/root/autodl-tmp/hilbert-polya-structure/docs/papers204_208_sequence/scouting/algebra_second/SCOUT_REPORT.md:18:| TP | Full transformation semigroup T_n^2; (f,g)->(fg,gf), fg=f composed with g | n=2,3,4; at n=4,65536 states, core409, H5, periods1,2,4. | Evaluated Thue–Morse substitution is owned vocabulary; no all-n orbit or inverse theorem established. Do not treat low-n period powers as a proof. |
/root/autodl-tmp/hilbert-polya-structure/docs/papers204_208_sequence/scouting/graph_relation/SCOUT_REPORT.md:34:  Section9 C6, explicitly owns parallel source-to-sink via clicks/Coxeter
/root/autodl-tmp/hilbert-polya-structure/docs/papers192_196_sequence/scouting/SOURCE_QUERY_LEDGER.md:11:| P192 | first/equal lower-endpoint Hurwitz scheduler; deterministic conditional Hurwitz strings; parking functions and cycle factorizations; braid action on parking functions | Dénes on minimal transposition factorizations; Stanley and Irving--Rattan on parking functions/factorizations; Gorsky--Gorsky on braid actions; Campion Loth--Rattan (2025) on a reversible monotone/star-factorization bijection built from conditional Hurwitz strings, including an equal-lower-endpoint case | closest deterministic neighbour added and zero-credited after hostile Review A; its convention, scheduler, objective, and theorem output are not literal P192, but the dense surface forces `OWNER_RED_AMBER` and no release clearance |
/root/autodl-tmp/hilbert-polya-structure/symbolic_dynamics/docs/papers107_111_sequence/scouting/STOCHASTIC_SCOUT.md:47:| P35--P36 | affine-semigroup and Cayley-chain obstruction packages | elementary affine randomizations receive a high collision penalty |
/root/autodl-tmp/hilbert-polya-structure/symbolic_dynamics/docs/papers107_111_sequence/scouting/STOCHASTIC_SCOUT.md:72:semigroup `UT_3(Z)`.  Put
/root/autodl-tmp/hilbert-polya-structure/symbolic_dynamics/docs/papers107_111_sequence/scouting/STOCHASTIC_SCOUT.md:197:  matrix semigroup with a central word-area observable.  The common
/root/autodl-tmp/hilbert-polya-structure/symbolic_dynamics/docs/papers107_111_sequence/scouting/STOCHASTIC_SCOUT.md:337:collapse beyond a state recursion, while both the semigroup spectrum and
/root/autodl-tmp/hilbert-polya-structure/symbolic_dynamics/docs/papers107_111_sequence/scouting/STOCHASTIC_SCOUT.md:370:sigma-1/2)` and solve its `2 x 2` moment semigroup.
/root/autodl-tmp/hilbert-polya-structure/symbolic_dynamics/docs/papers132_136_sequence/scouting/algebraic/verify_algebraic_scout.py:1249:        check(stats["max_tail"] == 0, "Alexander-quandle braid sweep is not bijective")
/root/autodl-tmp/hilbert-polya-structure/symbolic_dynamics/docs/papers132_136_sequence/scouting/algebraic/verify_algebraic_scout.py:1250:        check(stats["max_period"] == 6, "braid sweep lost its period-six ceiling")
/root/autodl-tmp/hilbert-polya-structure/symbolic_dynamics/docs/papers132_136_sequence/scouting/algebraic/verify_algebraic_scout.py:1256:        "(Z/mZ)^3; two adjacent Alexander-quandle braid generators per sweep",
/root/autodl-tmp/hilbert-polya-structure/symbolic_dynamics/docs/papers132_136_sequence/scouting/algebraic/verify_algebraic_scout.py:1258:        "KILL_OWNER", "Alexander quandles and Burau/linear braid actions own the complete mechanism",
/root/autodl-tmp/hilbert-polya-structure/docs/papers204_208_sequence/scouting/finite_systems_twentieth/PROOF_AND_ADAPTERS.md:182:same three-product word pattern on different semigroups. They are not
/root/autodl-tmp/hilbert-polya-structure/symbolic_dynamics/docs/papers117_121_sequence/scouting/STOCHASTIC_PHASE2B_SCOUT.md:62:firing, gcd--lcm smoothing, finite semigroup walks, and iid matrix-word
/root/autodl-tmp/hilbert-polya-structure/symbolic_dynamics/docs/papers112_116_sequence/scouting/COMBINATORIAL_SCOUT.md:492:[*Coxeter Interchange Graphs*](https://doi.org/10.1007/s00026-025-00768-9).
/root/autodl-tmp/hilbert-polya-structure/symbolic_dynamics/docs/papers112_116_sequence/scouting/ALGEBRAIC_SCOUT.md:31:| prior algebra scout reserves/kills | matrix Möbius, Drazin inverse, Newton--Schulz, nilpotent squaring, translation on irreducibles, Euclidean remainder, Hurwitz pairs, subspace-product squaring, centralizer polarity, and meet/join lattice sorting |
/root/autodl-tmp/hilbert-polya-structure/symbolic_dynamics/docs/papers132_136_sequence/replacement_scout/nondivisor_algebra/SCOUT.md:21:- the Boolean semigroup of binary relations;
/root/autodl-tmp/hilbert-polya-structure/symbolic_dynamics/docs/papers132_136_sequence/replacement_scout/nondivisor_algebra/SCOUT.md:22:- full finite transformation monoids; and
/root/autodl-tmp/hilbert-polya-structure/symbolic_dynamics/docs/papers132_136_sequence/replacement_scout/nondivisor_algebra/SCOUT.md:142:### 3.2 Boolean relation semigroup
/root/autodl-tmp/hilbert-polya-structure/symbolic_dynamics/docs/papers132_136_sequence/replacement_scout/nondivisor_algebra/SCOUT.md:157:### 3.3 Full transformation monoids
/root/autodl-tmp/hilbert-polya-structure/symbolic_dynamics/docs/papers132_136_sequence/replacement_scout/nondivisor_algebra/SCOUT.md:487:supports.  Plemmons and West's [*On the Semigroup of Binary
/root/autodl-tmp/hilbert-polya-structure/symbolic_dynamics/docs/papers132_136_sequence/replacement_scout/nondivisor_algebra/SCOUT.md:489:finite-semigroup literature already own the Boolean-matrix/Green framework;
/root/autodl-tmp/hilbert-polya-structure/symbolic_dynamics/docs/papers132_136_sequence/replacement_scout/nondivisor_algebra/SCOUT.md:494:The full transformation monoid is an important natural carrier, but generic
/root/autodl-tmp/hilbert-polya-structure/symbolic_dynamics/docs/papers132_136_sequence/replacement_scout/nondivisor_algebra/SCOUT.md:497:semigroups*](https://doi.org/10.1016/j.jsc.2018.01.002), treat Green classes,
/root/autodl-tmp/hilbert-polya-structure/symbolic_dynamics/docs/papers132_136_sequence/replacement_scout/nondivisor_algebra/SCOUT.md:526:| `TM1--TM5` | P111 positive matrix semigroup, P112 reset semigroups, prior single-sandwich and `(xy,yx)` controls | These are new multi-state word maps on `T_n`, not the occupied systems.  Generic semigroup words without a parameter-uniform classification remain below threshold. |
/root/autodl-tmp/hilbert-polya-structure/symbolic_dynamics/docs/papers132_136_sequence/replacement_scout/nondivisor_algebra/SCOUT.md:527:| `FQ1/FQ2` | prior Alexander-quandle braid control | The Fano operation is genuinely nonaffine and is not a group action.  Its fixed seven-point carrier, rather than an internal collision, kills it. |
/root/autodl-tmp/hilbert-polya-structure/symbolic_dynamics/docs/papers132_136_sequence/replacement_scout/nondivisor_algebra/SCOUT.md:542:| `SR1` | `R R inverse R iteration`; `A A transpose A Boolean matrix`; `least difunctional closure` | Backhouse--Oliveira; Kahl; classical Boolean-relation semigroup papers | direct owner plus current internal collision; **kill** |
/root/autodl-tmp/hilbert-polya-structure/symbolic_dynamics/docs/papers132_136_sequence/replacement_scout/nondivisor_algebra/SCOUT.md:543:| `SR2--SR6` | exact Boolean products with `RR^T` and `R^TR`; `Green relations Boolean matrices` | Plemmons--West; modern finite-semigroup computation | mature structure, shallow pilots; **kill** |
/root/autodl-tmp/hilbert-polya-structure/symbolic_dynamics/docs/papers132_136_sequence/replacement_scout/nondivisor_algebra/SCOUT.md:544:| `TM1--TM5` | `full transformation monoid mutual sandwich dynamics`; exact cyclic word tuples; `kernel idempotent selector` | transformation variants, Green classes, idempotent-generated semigroups | no exact temporal hit, but also no theorem spine; **kill rather than infer novelty from absence** |
/root/autodl-tmp/hilbert-polya-structure/symbolic_dynamics/docs/papers117_121_sequence/scouting/ROOT_SCOUT.md:183:## R12 — numerical-semigroup blowup iteration
/root/autodl-tmp/hilbert-polya-structure/symbolic_dynamics/docs/papers117_121_sequence/scouting/ROOT_SCOUT.md:185:- **Phase/update:** from a numerical semigroup
/root/autodl-tmp/hilbert-polya-structure/symbolic_dynamics/docs/papers117_121_sequence/scouting/ROOT_SCOUT.md:192:  classical singularity/numerical-semigroup machinery; the visible clock is
/root/autodl-tmp/hilbert-polya-structure/symbolic_dynamics/docs/papers117_121_sequence/scouting/ROOT_SCOUT.md:194:- **Two routes:** Apéry-set transport and value-semigroup geometry.
/root/autodl-tmp/hilbert-polya-structure/symbolic_dynamics/docs/papers132_136_sequence/scouting/algebraic/SCOUT.md:109:| `G03` | `(Z/mZ)^3`; sweep the adjacent pairs by `R(x,y)=(y,2y-x)`. | `3<=m<=10`; 3,016 states; **9,072** assertions.  Bijective braid sweep, maximum period six and exactly `m` fixed triples. | **KILL OWNER.**  Alexander-quandle/Burau linear braid action. |
/root/autodl-tmp/hilbert-polya-structure/symbolic_dynamics/docs/papers117_121_sequence/scouting/ALGEBRAIC_PHASE2B_SCOUT.md:41:| B2B-10 | On $G^2$, $H(x,y)=(y,y^{-1}xy)$ | $xy$ is invariant; this is a Hurwitz move | **KILL: direct owner** |
/root/autodl-tmp/hilbert-polya-structure/symbolic_dynamics/docs/papers117_121_sequence/scouting/ALGEBRAIC_PHASE2B_SCOUT.md:346:### B2B-10: Hurwitz self-map
/root/autodl-tmp/hilbert-polya-structure/symbolic_dynamics/docs/papers117_121_sequence/scouting/ALGEBRAIC_PHASE2B_SCOUT.md:349:Route A is direct word calculus; route B recognizes the braid-group
/root/autodl-tmp/hilbert-polya-structure/symbolic_dynamics/docs/papers117_121_sequence/scouting/ALGEBRAIC_PHASE2B_SCOUT.md:350:generator acting on factorizations. This is the classical Hurwitz action,
/root/autodl-tmp/hilbert-polya-structure/symbolic_dynamics/docs/papers117_121_sequence/scouting/ALGEBRAIC_PHASE2B_SCOUT.md:352:Hurwitz action is
/root/autodl-tmp/hilbert-polya-structure/symbolic_dynamics/docs/papers117_121_sequence/scouting/ALGEBRAIC_PHASE2B_SCOUT.md:445:| 12 | B2B-10 | 1.0 | KILL | Classical Hurwitz action |
/root/autodl-tmp/hilbert-polya-structure/symbolic_dynamics/docs/papers157_161_sequence/phase1/combinatorial_gate/verify_replacement_scout.py:256:# NFR: Nielsen--Fibonacci map (x,y) -> (y,xy) on symmetric groups.
/root/autodl-tmp/hilbert-polya-structure/symbolic_dynamics/docs/papers157_161_sequence/phase1/combinatorial_gate/verify_replacement_scout.py:282:# HWT: a full Hurwitz sweep on reduced transposition factorizations.
/root/autodl-tmp/hilbert-polya-structure/symbolic_dynamics/docs/papers157_161_sequence/phase1/combinatorial_gate/verify_replacement_scout.py:308:def hurwitz_sweep(word: tuple[tuple[int, ...], ...]) -> tuple[tuple[int, ...], ...]:
/root/autodl-tmp/hilbert-polya-structure/symbolic_dynamics/docs/papers157_161_sequence/phase1/combinatorial_gate/verify_replacement_scout.py:327:            for word in product(factors, repeat=degree - 1)
/root/autodl-tmp/hilbert-polya-structure/symbolic_dynamics/docs/papers157_161_sequence/phase1/combinatorial_gate/verify_replacement_scout.py:332:            A.check(factorization_product(hurwitz_sweep(state), degree) == long_cycle)
/root/autodl-tmp/hilbert-polya-structure/symbolic_dynamics/docs/papers157_161_sequence/phase1/combinatorial_gate/verify_replacement_scout.py:333:        A.check(len({hurwitz_sweep(state) for state in states}) == len(states))
/root/autodl-tmp/hilbert-polya-structure/symbolic_dynamics/docs/papers157_161_sequence/phase1/combinatorial_gate/verify_replacement_scout.py:334:        _, tail, period = cycle_profile(states, hurwitz_sweep)
/root/autodl-tmp/hilbert-polya-structure/symbolic_dynamics/docs/papers157_161_sequence/phase1/combinatorial_gate/verify_replacement_scout.py:399:# CRW: greedy lex-decreasing Coxeter-relation rewrite on w0 reduced words.
/root/autodl-tmp/hilbert-polya-structure/symbolic_dynamics/docs/papers157_161_sequence/phase1/combinatorial_gate/verify_replacement_scout.py:422:def coxeter_rewrite(word: tuple[int, ...]) -> tuple[int, ...]:
/root/autodl-tmp/hilbert-polya-structure/symbolic_dynamics/docs/papers157_161_sequence/phase1/combinatorial_gate/verify_replacement_scout.py:450:                successor = coxeter_rewrite(point)
/root/autodl-tmp/hilbert-polya-structure/symbolic_dynamics/docs/papers157_161_sequence/phase1/combinatorial_gate/verify_replacement_scout.py:655:    print("OWNER_KILL DFG: exact path-independent-set Coxeter toggle action")
/root/autodl-tmp/hilbert-polya-structure/symbolic_dynamics/docs/papers117_121_sequence/scouting/COMBINATORIAL_SCOUT.md:97:factorization and nontrivial period semigroup.
/root/autodl-tmp/hilbert-polya-structure/symbolic_dynamics/docs/papers117_121_sequence/scouting/COMBINATORIAL_SCOUT.md:400:- **Proof routes:** Laplacian divisor classes; Coxeter heaps and cyclic shifts
/root/autodl-tmp/hilbert-polya-structure/docs/papers204_208_sequence/scouting/finite_systems_fourteenth/INTAKE.md:139:$\operatorname{Bin}(X)$ semigroup. For the latter, the pair map
/root/autodl-tmp/hilbert-polya-structure/symbolic_dynamics/docs/papers122_126_sequence/scouting/stochastic/SCOUT.md:23:| W05 | **Braid-shortlex descent**：Coxeter 生成词上，随机选择 `s_i s_i->epsilon`，或仅当 shortlex 严格下降时选择 `s_i s_{i+1}s_i -> s_{i+1}s_i s_{i+1}`。 | 吸收正规形与规约历史 | KILL_OWNER/COLLISION_RISK；Coxeter/Hecke 太拥挤 |
/root/autodl-tmp/hilbert-polya-structure/symbolic_dynamics/docs/papers122_126_sequence/scouting/stochastic/SCOUT.md:175:对 `"01 -> 2" "12 -> 0" "20 -> 1"`、Unicode 箭头版本、规则+rewriting/semigroup 的定向检索没有发现同一规则系统；搜索命中了别的 cyclic-qutrit 三字母关系，但规则不同，不能据此声称 novelty。2026 年 cycle-rewriting 论文也不是本候选，因为 W01 是**线性词上的字母循环定向融合**，不是 cyclic-word rewriting。
/root/autodl-tmp/hilbert-polya-structure/symbolic_dynamics/docs/papers127_131_sequence/scouting/algebraic/verify_algebraic_scout.py:464:# Finite semigroups
/root/autodl-tmp/hilbert-polya-structure/symbolic_dynamics/docs/papers127_131_sequence/scouting/algebraic/verify_algebraic_scout.py:492:        "S01", "finite_semigroups", "f->f o g o f in full T_n, g an n-cycle, n=3,4",
/root/autodl-tmp/hilbert-polya-structure/symbolic_dynamics/docs/papers127_131_sequence/scouting/algebraic/verify_algebraic_scout.py:494:        "KILL", "sandwich semigroup theory is broad; no clean second output",
/root/autodl-tmp/hilbert-polya-structure/symbolic_dynamics/docs/papers127_131_sequence/scouting/algebraic/verify_algebraic_scout.py:523:        "S02", "finite_semigroups", "R->R union R^2 on all binary relations on 4 points",
/root/autodl-tmp/hilbert-polya-structure/symbolic_dynamics/docs/papers127_131_sequence/scouting/algebraic/verify_algebraic_scout.py:567:        "S03", "finite_semigroups", "R->R intersect R^2; all 3-point relations and strict orders n<=9",
/root/autodl-tmp/hilbert-polya-structure/symbolic_dynamics/docs/papers127_131_sequence/scouting/algebraic/verify_algebraic_scout.py:569:        "KILL", "relation powers/transitive reduction are direct semigroup background",
/root/autodl-tmp/hilbert-polya-structure/symbolic_dynamics/docs/papers127_131_sequence/scouting/algebraic/verify_algebraic_scout.py:591:        "S04", "finite_semigroups", "(a,b,c)->(ab,bc,ca) in the 2x2 rectangular band",
/root/autodl-tmp/hilbert-polya-structure/symbolic_dynamics/docs/papers127_131_sequence/scouting/algebraic/verify_algebraic_scout.py:618:        "S05", "finite_semigroups", "(x,y)->(xy,yx) on S3 x S3",
/root/autodl-tmp/hilbert-polya-structure/symbolic_dynamics/docs/papers127_131_sequence/scouting/algebraic/verify_algebraic_scout.py:620:        "KILL", "Nielsen/Hurwitz-style group actions create high owner risk without a closed census",
/root/autodl-tmp/hilbert-polya-structure/symbolic_dynamics/docs/papers127_131_sequence/scouting/algebraic/SCOUT.md:56:| finite semigroups/relations | 5 | 199,250 |
/root/autodl-tmp/hilbert-polya-structure/symbolic_dynamics/docs/papers127_131_sequence/scouting/algebraic/SCOUT.md:90:### 2.3 Finite semigroups and relations
/root/autodl-tmp/hilbert-polya-structure/symbolic_dynamics/docs/papers127_131_sequence/scouting/algebraic/SCOUT.md:94:| `S01` | `f -> f o g o f` in the full transformation semigroup `T_n`, with `g` the standard `n`-cycle. | all maps for `n=3,4`, 283 states; **849** | rank never rises; maximum tail/period are both two. | **KILL.**  Broad sandwich-semigroup ownership and no clean second theorem. |
/root/autodl-tmp/hilbert-polya-structure/symbolic_dynamics/docs/papers127_131_sequence/scouting/algebraic/SCOUT.md:95:| `S02` | `R -> R union R^2` in the Boolean relation semigroup. | all `2^16` relations on four labelled points; **196,608** | 3,994 fixed relations; transitive closure is reached in at most two rounds. | **KILL.**  Literal repeated-squaring transitive closure. |
/root/autodl-tmp/hilbert-polya-structure/symbolic_dynamics/docs/papers127_131_sequence/scouting/algebraic/SCOUT.md:96:| `S03` | `R -> R intersect R^2`. | all 512 relations on three points plus strict total orders through `n=9`; **1,557** | strict order obeys `R_t=R^(2^t)`, with logarithmic deletion clock. | **KILL.**  Relation powers are the direct semigroup mechanism. |
/root/autodl-tmp/hilbert-polya-structure/symbolic_dynamics/docs/papers127_131_sequence/scouting/algebraic/SCOUT.md:98:| `S05` | `(x,y)->(xy,yx)` on `S_3 x S_3`. | all 36 pairs; **108** | tails through three, periods one/two; the two coordinates remain conjugate. | **KILL.**  Nielsen/Hurwitz-style group-action owner risk and no closed large-family census. |
/root/autodl-tmp/hilbert-polya-structure/symbolic_dynamics/docs/papers162_166_sequence/scouting/graph_set/SCOUT.md:128:Nested consecutive blocks prove the semigroup law: a quotient by `c` and then
/root/autodl-tmp/hilbert-polya-structure/symbolic_dynamics/docs/papers122_126_sequence/phase1/CANDIDATE_POOL_AND_KILL_LEDGER.md:28:| balanced composition refinement | logarithmic clock, codeword fibre DP | complete canonical kernel, suffix decoder, one-run fibre product, all-iterate image bijection | P126 |
/root/autodl-tmp/hilbert-polya-structure/symbolic_dynamics/docs/papers122_126_sequence/phase1/CANDIDATE_POOL_AND_KILL_LEDGER.md:50:- Hurwitz pairs and Nielsen maps: standard braid/group actions;
/root/autodl-tmp/hilbert-polya-structure/symbolic_dynamics/docs/papers142_146_sequence/scouting/algebraic/SCOUT.md:13:permanently killed, including the superficially attractive numerical-semigroup
/root/autodl-tmp/hilbert-polya-structure/symbolic_dynamics/docs/papers142_146_sequence/scouting/algebraic/SCOUT.md:61:| `NSB` | bounded numerical semigroups | 5 / 1,453 | 10,186 |
/root/autodl-tmp/hilbert-polya-structure/symbolic_dynamics/docs/papers142_146_sequence/scouting/algebraic/SCOUT.md:90:| `NSB` | On numerical semigroups with gaps in `[1,B]`, adjoin the Frobenius number. | Pointwise depth equals genus; the ordinary semigroup is the unique depth-`B` state; every fibre is an effective-generator inverse. | **KILL DIRECT OWNER.**  This is precisely the standard numerical-semigroup tree orientation, so its attractive clock and inverse rule are definition-level owner material. |
/root/autodl-tmp/hilbert-polya-structure/symbolic_dynamics/docs/papers132_136_sequence/scouting/stochastic/verify_stochastic_scout.py:637:           "KILL_COXETER_ZERO_HECKE", before)
/root/autodl-tmp/hilbert-polya-structure/symbolic_dynamics/docs/papers162_166_sequence/scouting/open_fresh_p166_round7/SCOUT.md:37:factorization.  Conjugation racks, matched-pair/Yang--Baxter maps, and group
/root/autodl-tmp/hilbert-polya-structure/symbolic_dynamics/docs/papers162_166_sequence/scouting/open_fresh_p166_round7/SCOUT.md:112:Let `T_n` be the full transformation monoid on `[n]`.  On `T_n^2`, set
/root/autodl-tmp/hilbert-polya-structure/symbolic_dynamics/docs/papers162_166_sequence/scouting/open_fresh_p166_round7/SCOUT.md:131:does not escape the generic full-transformation-semigroup engine or the
/root/autodl-tmp/hilbert-polya-structure/symbolic_dynamics/docs/papers142_146_sequence/scouting/algebraic/verify_algebraic_scout.py:867:# NSB: adjoin the Frobenius number of a numerical semigroup
/root/autodl-tmp/hilbert-polya-structure/symbolic_dynamics/docs/papers142_146_sequence/scouting/algebraic/verify_algebraic_scout.py:870:def is_numerical_semigroup_mask(mask, bound):
/root/autodl-tmp/hilbert-polya-structure/symbolic_dynamics/docs/papers142_146_sequence/scouting/algebraic/verify_algebraic_scout.py:890:                       if is_numerical_semigroup_mask(mask, bound))
/root/autodl-tmp/hilbert-polya-structure/symbolic_dynamics/docs/papers142_146_sequence/scouting/algebraic/verify_algebraic_scout.py:902:              "numerical-semigroup genus clock failed")
/root/autodl-tmp/hilbert-polya-structure/symbolic_dynamics/docs/papers142_146_sequence/scouting/algebraic/verify_algebraic_scout.py:908:            check(target in carrier, "adjoining Frobenius broke semigroup closure")
/root/autodl-tmp/hilbert-polya-structure/symbolic_dynamics/docs/papers142_146_sequence/scouting/algebraic/verify_algebraic_scout.py:912:              "ordinary semigroup is not the unique deepest witness")
/root/autodl-tmp/hilbert-polya-structure/symbolic_dynamics/docs/papers142_146_sequence/scouting/algebraic/verify_algebraic_scout.py:925:                  "numerical-semigroup every-target fibre failed")
/root/autodl-tmp/hilbert-polya-structure/symbolic_dynamics/docs/papers142_146_sequence/scouting/algebraic/verify_algebraic_scout.py:935:        "NSB", "bounded_numerical_semigroups",
/root/autodl-tmp/hilbert-polya-structure/symbolic_dynamics/docs/papers142_146_sequence/scouting/algebraic/verify_algebraic_scout.py:936:        "all numerical semigroups with gaps in [1,B], B=8,10,12,14,16; adjoin Frobenius number",
/root/autodl-tmp/hilbert-polya-structure/symbolic_dynamics/docs/papers142_146_sequence/scouting/algebraic/verify_algebraic_scout.py:938:        "pointwise genus clock, unique sharp ordinary semigroup, exact effective-generator inverse fibres",
/root/autodl-tmp/hilbert-polya-structure/symbolic_dynamics/docs/papers142_146_sequence/scouting/algebraic/verify_algebraic_scout.py:940:        "this is the standard numerical-semigroup tree orientation; the attractive theorem is definition-level owner material",
/root/autodl-tmp/hilbert-polya-structure/symbolic_dynamics/docs/papers157_161_sequence/scouting/root/verify_root_scout.py:309:        for word in product(alphabet, repeat=n):
/root/autodl-tmp/hilbert-polya-structure/symbolic_dynamics/docs/papers157_161_sequence/scouting/root/verify_root_scout.py:324:            for word in product(range(q), repeat=n):
/root/autodl-tmp/hilbert-polya-structure/symbolic_dynamics/docs/papers162_166_sequence/scouting/random_coloring_refinement/SCOUT.md:397:| zeta spectrum | Brown / Ayyer et al. semigroup-walk theory | direct specialization |
/root/autodl-tmp/hilbert-polya-structure/symbolic_dynamics/docs/papers102_106_sequence/phase1/CANDIDATE_POOL_AND_KILL_LEDGER.md:27:| signed affine circle covers | orientation creates a subleading exact moment | RESERVE OWNER-HEAVY | average periodic growth for expanding semigroups already owned |
/root/autodl-tmp/hilbert-polya-structure/symbolic_dynamics/docs/papers107_111_sequence/scouting/ALGEBRAIC_SCOUT.md:4:Scope: finite algebra, arithmetic, matrices, semigroups, and finite module
/root/autodl-tmp/hilbert-polya-structure/symbolic_dynamics/docs/papers107_111_sequence/scouting/ALGEBRAIC_SCOUT.md:20:| P62--P76 | random substitutions, rank-one XOR, beta shifts, two-dimensional and free-group SFTs, plaquette/hom/flat/Heisenberg shifts, zip and higher-rank graphs, Jordan substitutions, Dyck/Motzkin, Coxeter and IET systems |
/root/autodl-tmp/hilbert-polya-structure/symbolic_dynamics/docs/papers107_111_sequence/scouting/ALGEBRAIC_SCOUT.md:44:| 9 | Hurwitz map on finite-group pairs | KILL DIRECT OWNER | HOLD | the action and its finite-orbit problem are directly owned |
/root/autodl-tmp/hilbert-polya-structure/symbolic_dynamics/docs/papers107_111_sequence/scouting/ALGEBRAIC_SCOUT.md:290:monogenic power semigroup and audit every fibre.
/root/autodl-tmp/hilbert-polya-structure/symbolic_dynamics/docs/papers107_111_sequence/scouting/ALGEBRAIC_SCOUT.md:293:*Pseudo-Inverses in Associative Rings and Semigroups*
/root/autodl-tmp/hilbert-polya-structure/symbolic_dynamics/docs/papers107_111_sequence/scouting/ALGEBRAIC_SCOUT.md:377:### A9. Hurwitz map on finite-group pairs -- KILL DIRECT OWNER
/root/autodl-tmp/hilbert-polya-structure/symbolic_dynamics/docs/papers107_111_sequence/scouting/ALGEBRAIC_SCOUT.md:387:Finite Hurwitz orbit problems are directly owned; see T. Ito, *Finite orbits
/root/autodl-tmp/hilbert-polya-structure/symbolic_dynamics/docs/papers107_111_sequence/scouting/ALGEBRAIC_SCOUT.md:388:of Hurwitz actions on braid systems* ([arXiv](https://arxiv.org/abs/0912.0405))
/root/autodl-tmp/hilbert-polya-structure/symbolic_dynamics/docs/papers107_111_sequence/scouting/ALGEBRAIC_SCOUT.md:389:and S. P. Humphries, *Finite Hurwitz braid group actions for Artin groups*
/root/autodl-tmp/hilbert-polya-structure/symbolic_dynamics/docs/papers107_111_sequence/scouting/ALGEBRAIC_SCOUT.md:441:| `code/algebraic_drazin_inverse.py` | `q=2,3,5`, `d<=3`; semigroup-computed Drazin inverse, identities, core, fixed/cycle and every rank fibre | **161,892 PASS** |
/root/autodl-tmp/hilbert-polya-structure/symbolic_dynamics/docs/papers107_111_sequence/phase1/CANDIDATE_POOL_AND_KILL_LEDGER.md:16:| positive Heisenberg word-area product | central coordinate is binary area; polynomial exponent and pressure kink | **GO P111 / external HOLD** | inversion laws, random words, and Heisenberg walks subtracted; distinct from P104's contracting monomial cocycle |
/root/autodl-tmp/hilbert-polya-structure/symbolic_dynamics/docs/papers107_111_sequence/phase1/CANDIDATE_POOL_AND_KILL_LEDGER.md:31:| Hurwitz map on finite-group pairs | braid/Hurwitz orbits | KILL DIRECT | mature exact action literature |
/root/autodl-tmp/hilbert-polya-structure/symbolic_dynamics/docs/papers107_111_sequence/phase1/CANDIDATE_POOL_AND_KILL_LEDGER.md:37:| chordal fill, source-to-sink reversal | exact local signals | KILL OWNER | standard elimination and click/Coxeter dynamics |
/root/autodl-tmp/hilbert-polya-structure/symbolic_dynamics/docs/papers127_131_sequence/scouting/stochastic/SCOUT.md:66:| `S21` | Variable-length binary words; choose an equal adjacent pair uniformly and delete it. | Every source of length 0--16; 131,071 sources. | 1,048,577 | `KILL_STANDARD_NORMAL_FORM`: stack/free-product reduction owns the alternating normal form. |
/root/autodl-tmp/hilbert-polya-structure/symbolic_dynamics/docs/papers117_121_sequence/phase1/CANDIDATE_POOL_AND_KILL_LEDGER.md:44:| stochastic / semigroup / rewrite | 12 | 79,345 | S01, S02 |
/root/autodl-tmp/hilbert-polya-structure/symbolic_dynamics/docs/papers117_121_sequence/phase1/CANDIDATE_POOL_AND_KILL_LEDGER.md:99:| R12 | numerical-semigroup blowup | multiplicity sequence is the clock | kill: classical named invariant |
/root/autodl-tmp/hilbert-polya-structure/symbolic_dynamics/docs/papers147_151_sequence/scouting/combinatorial/SCOUT.md:34:| `C01` | bounded word; delete the leftmost equal adjacent pair | free-product normal form, exact cancellation clock, every-target regular-tree walk fibre | free-product/cogrowth theory plus the explicit free-monoid transport kill | **KILL_TRANSFER** |
/root/autodl-tmp/hilbert-polya-structure/symbolic_dynamics/docs/papers147_151_sequence/scouting/combinatorial/SCOUT.md:562:[*Coxeter Interchange Graphs*](https://doi.org/10.1007/s00026-025-00768-9)
/root/autodl-tmp/hilbert-polya-structure/symbolic_dynamics/docs/papers162_166_sequence/scouting/open_fresh_p166_round7/IDEA_LEDGER.md:19:| `AST` | full transformation monoid pairs, `(a,b)->(aba,ab)` | rank never increases, but periods are `1`; `1,3`; `1,3,4` for `n=1,2,3` and first-fibre maxima are `1,6,87` | neither a sharp all-`n` temporal law nor target-local inversion survived | generic semigroup word dynamics; same proof neighborhood as killed `NL07/NL08` sandwich maps | `KILL_WORD_MAP_NO_SPINE` |
/root/autodl-tmp/hilbert-polya-structure/symbolic_dynamics/docs/papers147_151_sequence/scouting/combinatorial/verify_combinatorial_scout.py:368:            for word in product(range(q), repeat=length)
/root/autodl-tmp/hilbert-polya-structure/symbolic_dynamics/docs/papers162_166_sequence/scouting/replacement_matchings_incidence/verify_scout.py:352:def hurwitz_system(n=3):
/root/autodl-tmp/hilbert-polya-structure/symbolic_dynamics/docs/papers162_166_sequence/scouting/replacement_matchings_incidence/verify_scout.py:736:    systems.append(("M02 HUR",) + hurwitz_system())
/root/autodl-tmp/hilbert-polya-structure/symbolic_dynamics/docs/papers162_166_sequence/scouting/plane_partition_layer_stripping/verify_scout.py:128:                  f"iterate semigroup {name},{c},{f}")
/root/autodl-tmp/hilbert-polya-structure/symbolic_dynamics/docs/papers122_126_sequence/scouting/replacement/SCOUT.md:84:- all literal searches with `swap`, `Euclidean`, `Nielsen`, `switch`, and
/root/autodl-tmp/hilbert-polya-structure/docs/papers204_208_sequence/scouting/word_local/MNC_GATE/SOURCE_AND_PROOF.md:198:| Jen, *Enumeration of Preimages in Cellular Automata* (1989), introduction, Section 2 through equation (2.1), complete Sections 5.4–5.5, Appendix A conventions and rule-36 entry; [primary journal PDF](https://content.wolfram.com/sites/13/2018/02/03-5-2.pdf) | Arbitrary-alphabet endpoint recurrences, binary run optimization, and forbidden-block modifications are occupied. Section 5.4 is a real optimization precedent, but its prose is not an exact theorem establishing MNC's labeled ternary strict maximum. The binary open-word rule-36 Fibonacci product is not silently substituted for the cyclic three-color count. |
/root/autodl-tmp/hilbert-polya-structure/docs/papers204_208_sequence/scouting/word_local/MNC_GATE/SOURCE_AND_PROOF.md:201:| Fukś, *Ternary cellular automata induced by semigroups of order 3 are solvable*, arXiv:2601.00486v1, abstract and Sections 1–2 definitions; [primary HTML](https://arxiv.org/html/2601.00486v1) | The class has two essential inputs. MNC has three, as the literal triple table demonstrates. This excludes only a direct sitewise relabeling/reflection into that class, not arbitrary block/time encodings. It provides no clearance for MNC. |
/root/autodl-tmp/hilbert-polya-structure/symbolic_dynamics/docs/papers122_126_sequence/scouting/algebraic/SCOUT.md:62:| C10 | On (H_p^2), for the finite Heisenberg group (H_p), (T(x,y)=(y,xy)). | Exact pilot cycle censuses: (p=2:{1:1,3:9,6:6}), (p=3:{1:1,8:91}), (p=5:{1:1,4:31,20:775}), (p=7:{1:1,16:7353}). | **KILL:** classical Nielsen transformation plus severe internal collision with the earlier Heisenberg word/area lane. |
/root/autodl-tmp/hilbert-polya-structure/symbolic_dynamics/docs/papers122_126_sequence/scouting/algebraic/SCOUT.md:63:| C11 | Hurwitz map on (G^2), tested on (H_p^2): (T(x,y)=(y,y^{-1}xy)). | (xy) is invariant, (T^2) is simultaneous conjugation by (xy), and cycles in (H_p^2) divide (2p). | **KILL:** this is the standard two-strand Hurwitz action. |
/root/autodl-tmp/hilbert-polya-structure/symbolic_dynamics/docs/papers122_126_sequence/scouting/algebraic/SCOUT.md:172:Owner risk: **high** because AB/BA spectral, similarity, semigroup, and word-map literatures are dense.
/root/autodl-tmp/hilbert-polya-structure/symbolic_dynamics/docs/papers122_126_sequence/scouting/algebraic/SCOUT.md:191:| C10 | No exact finite-Heisenberg census found. | The map is an elementary Nielsen transformation on a pair, and the earlier internal Heisenberg word/area lane is too close. This structural collision kills it without relying on a search miss. |
/root/autodl-tmp/hilbert-polya-structure/symbolic_dynamics/docs/papers122_126_sequence/scouting/algebraic/SCOUT.md:192:| C11 | **DIRECT MECHANISM OWNER.** | The formula is the standard braid/Hurwitz generator; the inspected primary owner record is [Baumeister et al., *On the Hurwitz action in finite Coxeter groups*](https://doi.org/10.1515/jgth-2016-0025). The Heisenberg restriction cannot support a fresh mechanism claim. |
/root/autodl-tmp/hilbert-polya-structure/symbolic_dynamics/docs/papers122_126_sequence/scouting/algebraic/SCOUT.md:196:Queries included exact strings and algebraically equivalent phrases such as `"AA^T-A^TA" finite field map`, `transpose self-commutator dynamics`, `"x(I:y)+y(I:x)"`, `cross colon monomial ideal dynamics`, `subspace lattice Fibonacci nilpotent recurrence`, `"(x+y,xy)" finite field dynamics`, `Heisenberg Nielsen transformation cycles`, `Hurwitz action pairs`, and `"(AB,BA)" matrix dynamics`. Searches were also made in arXiv and official publisher indexes. No secondary survey or search-result snippet is being treated as ownership evidence.
/root/autodl-tmp/hilbert-polya-structure/symbolic_dynamics/docs/papers162_166_sequence/scouting/replacement_matchings_incidence/SCOUT.md:44:anomaly would be quota padding.  The remaining systems are direct Hurwitz
/root/autodl-tmp/hilbert-polya-structure/symbolic_dynamics/docs/papers162_166_sequence/scouting/replacement_matchings_incidence/SCOUT.md:86:| `M02 HUR` | ordered matchings `(A,B)->(B,BAB)` | `225 / 225 / 1 / {1,2,3} / 0` | complete temporal action | **`KILL_DIRECT_HURWITZ_ACTION`** |
/root/autodl-tmp/hilbert-polya-structure/symbolic_dynamics/docs/papers162_166_sequence/scouting/replacement_matchings_incidence/SCOUT.md:153:factorization shows that they are generic power-map and permutation-root
/root/autodl-tmp/hilbert-polya-structure/symbolic_dynamics/docs/papers152_156_sequence/scouting/root/verify_root_scout.py:70:        for word in product((0, 1), repeat=n):
/root/autodl-tmp/hilbert-polya-structure/symbolic_dynamics/docs/papers162_166_sequence/scouting/cyclic_sliding_and/verify_scout.py:162:    for word in product((0, 1), repeat=m):
/root/autodl-tmp/hilbert-polya-structure/symbolic_dynamics/docs/papers162_166_sequence/scouting/cyclic_sliding_and/verify_scout.py:198:        words = list(product((0, 1), repeat=n))
/root/autodl-tmp/hilbert-polya-structure/symbolic_dynamics/docs/papers132_136_sequence/replacement_scout/combinatorial/SCOUT.md:188:  Abel--Cayley--Hurwitz multinomial expansions*](https://www.mat.univie.ac.at/~slc/wpapers/s46pitman.pdf).
/root/autodl-tmp/hilbert-polya-structure/symbolic_dynamics/docs/papers162_166_sequence/scouting/replacement_crossclass/SCOUT.md:90:| `F03 FSQ` | full transformation monoid; `f -> f composed with f` | exact pointwise preperiod and period from tree height and cycle lcm | fixed counts have an explicit functional-digraph sum | directly surrounded by full-transformation powers/roots; generic power ban | **`KILL_DIRECT_POWER_OWNER`** |
/root/autodl-tmp/hilbert-polya-structure/symbolic_dynamics/docs/papers122_126_sequence/scouting/combinatorial/SCOUT.md:37:| **C05** | Dyck paths of semilength $n$. In the unique first-return factorization $P=UADB$, swap $A,B$ when the elevation-area parity of $P$ is odd; otherwise fix $P$. | $n\ge1$. Even $n$ gives an idempotent half-census; odd $n$ gives an involution. | Deutsch (1999) directly owns the underlying swap $UADB\mapsto UBDA$; the area-parity gate is thin. | **2.0, KILL_DIRECT.** No residual beyond conditioning an owned involution. |
/root/autodl-tmp/hilbert-polya-structure/symbolic_dynamics/docs/papers142_146_sequence/phase1/CANDIDATE_POOL_AND_KILL_LEDGER.md:34:- `NSB`, adjoining the Frobenius number to a numerical semigroup, is the standard numerical-semigroup tree orientation.  Its genus clock and inverse rule are definition-level owned.
/root/autodl-tmp/hilbert-polya-structure/symbolic_dynamics/docs/papers157_161_sequence/phase1/combinatorial_gate/REPLACEMENT_SCOUT.md:22:linear maximum-period pattern but is exactly the path-independent-set Coxeter
/root/autodl-tmp/hilbert-polya-structure/symbolic_dynamics/docs/papers157_161_sequence/phase1/combinatorial_gate/REPLACEMENT_SCOUT.md:44:| 4 | `HWT` | reduced transposition factorizations of an `n`-cycle | full Hurwitz braid sweep | `n^(n-2)` states; max periods `n(n-1)` at `n=4,5,6` | `KILL_DIRECT_HURWITZ` |
/root/autodl-tmp/hilbert-polya-structure/symbolic_dynamics/docs/papers157_161_sequence/phase1/combinatorial_gate/REPLACEMENT_SCOUT.md:45:| 5 | `NFR` | ordered pairs in a finite group | `(x,y)->(y,xy)` | nonabelian periods `1,3,8,18` on `S_1,...,S_4` | `KILL_NIELSEN_ACTION` |
/root/autodl-tmp/hilbert-polya-structure/symbolic_dynamics/docs/papers157_161_sequence/phase1/combinatorial_gate/REPLACEMENT_SCOUT.md:47:| 7 | `CRW` | reduced words of the longest permutation | leftmost lex-decreasing Coxeter relation | fixed counts `1,1,3,20`; max tails `0,1,4,12` | `KILL_SCHEDULER_AND_WORD_GRAPH` |
/root/autodl-tmp/hilbert-polya-structure/symbolic_dynamics/docs/papers157_161_sequence/phase1/combinatorial_gate/REPLACEMENT_SCOUT.md:128:  Coxeter element in the toggle group of a path.  Joseph--Roby directly study
/root/autodl-tmp/hilbert-polya-structure/symbolic_dynamics/docs/papers157_161_sequence/phase1/combinatorial_gate/REPLACEMENT_SCOUT.md:144:  orbits, and the Nielsen interpretation are direct literature objects; even
/root/autodl-tmp/hilbert-polya-structure/symbolic_dynamics/docs/papers157_161_sequence/phase1/combinatorial_gate/REPLACEMENT_SCOUT.md:149:## 4. `HWT`: Hurwitz sweep on reduced transposition factorizations
/root/autodl-tmp/hilbert-polya-structure/symbolic_dynamics/docs/papers157_161_sequence/phase1/combinatorial_gate/REPLACEMENT_SCOUT.md:152:- **Update.** Apply the Hurwitz moves at adjacent positions from left to right.
/root/autodl-tmp/hilbert-polya-structure/symbolic_dynamics/docs/papers157_161_sequence/phase1/combinatorial_gate/REPLACEMENT_SCOUT.md:160:- **Collision.** The carrier, local moves, transitivity, and Coxeter-element
/root/autodl-tmp/hilbert-polya-structure/symbolic_dynamics/docs/papers157_161_sequence/phase1/combinatorial_gate/REPLACEMENT_SCOUT.md:161:  factorization count all belong directly to Hurwitz-action theory.  The power
/root/autodl-tmp/hilbert-polya-structure/symbolic_dynamics/docs/papers157_161_sequence/phase1/combinatorial_gate/REPLACEMENT_SCOUT.md:163:  `KILL_DIRECT_HURWITZ`.**
/root/autodl-tmp/hilbert-polya-structure/symbolic_dynamics/docs/papers157_161_sequence/phase1/combinatorial_gate/REPLACEMENT_SCOUT.md:165:## 5. `NFR`: Nielsen--Fibonacci group-pair dynamics
/root/autodl-tmp/hilbert-polya-structure/symbolic_dynamics/docs/papers157_161_sequence/phase1/combinatorial_gate/REPLACEMENT_SCOUT.md:168:- **Update.** `(x,y)->(y,xy)`, a bijection induced by a free-group Nielsen
/root/autodl-tmp/hilbert-polya-structure/symbolic_dynamics/docs/papers157_161_sequence/phase1/combinatorial_gate/REPLACEMENT_SCOUT.md:176:- **Collision.** The map is literally evaluation of a named Nielsen
/root/autodl-tmp/hilbert-polya-structure/symbolic_dynamics/docs/papers157_161_sequence/phase1/combinatorial_gate/REPLACEMENT_SCOUT.md:179:  `KILL_NIELSEN_ACTION`.**
/root/autodl-tmp/hilbert-polya-structure/symbolic_dynamics/docs/papers157_161_sequence/phase1/combinatorial_gate/REPLACEMENT_SCOUT.md:198:## 7. `CRW`: oriented Coxeter-relation descent on reduced words
/root/autodl-tmp/hilbert-polya-structure/symbolic_dynamics/docs/papers157_161_sequence/phase1/combinatorial_gate/REPLACEMENT_SCOUT.md:201:- **Update.** Find the leftmost commuting or long-braid relation whose
/root/autodl-tmp/hilbert-polya-structure/symbolic_dynamics/docs/papers157_161_sequence/phase1/combinatorial_gate/REPLACEMENT_SCOUT.md:208:- **Collision.** Matsumoto connectivity, reduced-word commutation/braid graphs,
/root/autodl-tmp/hilbert-polya-structure/symbolic_dynamics/docs/papers157_161_sequence/phase1/combinatorial_gate/REPLACEMENT_SCOUT.md:288:group factorizations, group pairs, carry words, Coxeter words, transform words,
/root/autodl-tmp/hilbert-polya-structure/symbolic_dynamics/docs/papers172_176_sequence/scouting/fresh_nonlinear_algebra/verify_scout.py:564:def verify_g03_hurwitz_pair() -> None:
/root/autodl-tmp/hilbert-polya-structure/symbolic_dynamics/docs/papers172_176_sequence/scouting/fresh_nonlinear_algebra/verify_scout.py:565:    print("\n[G03_HUR_Hurwitz_pair_action]")
/root/autodl-tmp/hilbert-polya-structure/symbolic_dynamics/docs/papers172_176_sequence/scouting/fresh_nonlinear_algebra/verify_scout.py:637:    verify_g03_hurwitz_pair()
/root/autodl-tmp/hilbert-polya-structure/symbolic_dynamics/docs/papers162_166_sequence/scouting/word_combinatorial/SCOUT.md:69:| `ITS` | left-to-right sweep of legal vertex toggles on independent sets of path `P_n` | `P_8`: 55 states in cycles of lengths `3,9,13,13,17` | bijective Coxeter-element dynamics; singleton fibres | Joseph–Roby directly study this literal path independent-set toggle system and its orbit structure | `KILL_DIRECT_OWNER` |
/root/autodl-tmp/hilbert-polya-structure/symbolic_dynamics/docs/papers157_161_sequence/scouting/combinatorial/verify_combinatorial_scout.py:711:        states = [word for word in product((0, 1), repeat=n)
/root/autodl-tmp/hilbert-polya-structure/symbolic_dynamics/docs/papers157_161_sequence/scouting/combinatorial/verify_combinatorial_scout.py:1003:    for word in product(range(1, n + 1), repeat=n):
/root/autodl-tmp/hilbert-polya-structure/symbolic_dynamics/docs/papers97_101_sequence/phase1/CANDIDATE_POOL_AND_KILL_LEDGER.md:28:| action | nonlinear Minkowski self-sum | deterministic shift | unimodular group action | deterministic absorbing map | iid semigroup cocycle |
/root/autodl-tmp/hilbert-polya-structure/symbolic_dynamics/docs/papers97_101_sequence/phase1/CANDIDATE_POOL_AND_KILL_LEDGER.md:30:| proof engine | Cauchy–Davenport plus doubling order | polynomial gcd with repeated roots | Hermite normal form | base-`p` digit conjugacy | order statistics and semigroup normal form |
/root/autodl-tmp/hilbert-polya-structure/symbolic_dynamics/docs/papers97_101_sequence/phase1/CANDIDATE_POOL_AND_KILL_LEDGER.md:151:| full transformation monoid squaring | `KILL_FIREWALL_OWNER_RISK` | attractive fixed formulas reduce to generic functional-digraph census, explicitly excluded this round; transformation-semigroup index/period owners are close |
/root/autodl-tmp/hilbert-polya-structure/symbolic_dynamics/docs/papers162_166_sequence/scouting/replacement_arithmetic_hybrid/verify_scout.py:415:    line("AH08_hurwitz_cyclic", f5trip, lambda v: (v[1], v[2], (v[1] * v[2] - v[0]) % 5))
/root/autodl-tmp/hilbert-polya-structure/symbolic_dynamics/docs/papers152_156_sequence/scouting/algebraic_replacement2/SCOUT.md:49:| `HUR` | `S_n^2`, `(a,b)->(b,b^{-1}ab)` | rich braid-action periods; fibre identically one | `KILL_DIRECT_ACTION_OWNER` |
/root/autodl-tmp/hilbert-polya-structure/symbolic_dynamics/docs/papers152_156_sequence/scouting/algebraic_replacement2/SCOUT.md:201:## 5. `HUR`: two-strand Hurwitz move
/root/autodl-tmp/hilbert-polya-structure/symbolic_dynamics/docs/papers152_156_sequence/scouting/algebraic_replacement2/SCOUT.md:216:recurrent and every fibre is one.  This is literally a Hurwitz braid action;
/root/autodl-tmp/hilbert-polya-structure/symbolic_dynamics/docs/papers172_176_sequence/scouting/fresh_nonlinear_algebra/SCOUT_AND_KILL_LEDGER.md:37:| `G03/HUR` | (S_n^2); ((x,y)\mapsto(y,y^{-1}xy)) | At (S_3,S_4): a bijection with product (xy) invariant; periods range through (1,2,3,4,6,8), and every fibre is one. | **`KILL_LITERAL_HURWITZ_OWNER`**.  This is exactly the standard two-strand Hurwitz generator, already rejected repeatedly in P107--P157 owner gates. |
/root/autodl-tmp/hilbert-polya-structure/symbolic_dynamics/docs/papers162_166_sequence/scouting/arithmetic_algebra/SCOUT.md:29:| `AA07/COX` | a type-`A_n` Coxeter element on positive roots, killed on first negative root | triangular depth shells and sink fibre `n+1` | literal Coxeter/reflection-functor action | `KILL_DIRECT_OWNER` |
/root/autodl-tmp/hilbert-polya-structure/symbolic_dynamics/docs/papers162_166_sequence/scouting/arithmetic_algebra/SCOUT.md:199:### AA07 / COX — type-A Coxeter escape
/root/autodl-tmp/hilbert-polya-structure/symbolic_dynamics/docs/papers162_166_sequence/scouting/arithmetic_algebra/SCOUT.md:210:- **Gate.**  The update is a Coxeter element with an artificial negative-root
/root/autodl-tmp/hilbert-polya-structure/symbolic_dynamics/docs/papers162_166_sequence/scouting/arithmetic_algebra/SCOUT.md:211:  sink.  Bernstein--Gelfand--Ponomarev is a direct reflection/Coxeter owner.
/root/autodl-tmp/hilbert-polya-structure/symbolic_dynamics/docs/papers162_166_sequence/scouting/outdegree_residue_clustering/verify_scout.py:285:    for residue_word in product(range(3), repeat=n):
/root/autodl-tmp/hilbert-polya-structure/symbolic_dynamics/docs/papers152_156_sequence/scouting/stochastic/SCOUT.md:18:   meet-semilattice is a left-regular band, so Brown's general semigroup-walk
/root/autodl-tmp/hilbert-polya-structure/symbolic_dynamics/docs/papers152_156_sequence/scouting/stochastic/SCOUT.md:66:| HTM | current vertex `meet` fresh uniform leaf | 363 branching profiles, 121 extremal families | Brown LRB/semigroup framework zero-credit; no direct special conjunction hit in bounded search | **SURVIVE owner-thin** |
/root/autodl-tmp/hilbert-polya-structure/symbolic_dynamics/docs/papers152_156_sequence/scouting/stochastic/SCOUT.md:77:| HFW | choose a label with fixed weight and move it to the front | weighted stationary law through `n=6`; exact equal-weight two-step law | exact Tsetlin library / semigroup walk | **KILL** |
/root/autodl-tmp/hilbert-polya-structure/symbolic_dynamics/docs/papers152_156_sequence/scouting/stochastic/SCOUT.md:190:[Semigroups, rings, and Markov chains](https://arxiv.org/abs/math/0006145)
/root/autodl-tmp/hilbert-polya-structure/symbolic_dynamics/docs/papers152_156_sequence/scouting/stochastic/SCOUT.md:192:commutative idempotent semigroup and hence lies in that framework.  Therefore
/root/autodl-tmp/hilbert-polya-structure/symbolic_dynamics/docs/papers152_156_sequence/scouting/stochastic/SCOUT.md:193:the semigroup encoding, generic random-product viewpoint, spectral
/root/autodl-tmp/hilbert-polya-structure/symbolic_dynamics/docs/papers152_156_sequence/scouting/stochastic/SCOUT.md:201:LCA data structures, random-tree questions, and generic semigroup walks, but no
/root/autodl-tmp/hilbert-polya-structure/symbolic_dynamics/docs/papers152_156_sequence/scouting/stochastic/SCOUT.md:595:This is the Tsetlin library itself, already included in the semigroup-walk
/root/autodl-tmp/hilbert-polya-structure/symbolic_dynamics/docs/papers152_156_sequence/scouting/stochastic/SCOUT.md:610:| `semigroup meet Markov chain`, `random LCA`, `longest common prefix Markov chain` | arXiv, Brown primary record, journal indexes | Brown is a **generic-framework owner**; all LRB/semigroup credit removed. No direct HTM conjunction hit in bounded search. |
/root/autodl-tmp/hilbert-polya-structure/symbolic_dynamics/docs/papers162_166_sequence/scouting/geometry_group/SCOUT.md:41:  Cremona reciprocation, conic reflection, quadratic inversion, Hurwitz
/root/autodl-tmp/hilbert-polya-structure/symbolic_dynamics/docs/papers162_166_sequence/scouting/geometry_group/SCOUT.md:53:pool contains no random walk, Coxeter/group action, polarity/duality
/root/autodl-tmp/hilbert-polya-structure/symbolic_dynamics/docs/papers92_96_sequence/phase1/CANDIDATE_POOL_AND_KILL_LEDGER.md:29:| action | deterministic shift | iid semigroup cocycle | deterministic shift from a directive sequence | deterministic shift | induced expanding continuous map |
/root/autodl-tmp/hilbert-polya-structure/symbolic_dynamics/docs/papers92_96_sequence/phase1/CANDIDATE_POOL_AND_KILL_LEDGER.md:139:| independent-set Coxeter toggles | `KILL_DIRECT_OWNER_NO_SIGNAL` | direct toggle/homomesy owners exist and the second cycle probe loses a closed pattern |
/root/autodl-tmp/hilbert-polya-structure/symbolic_dynamics/docs/papers147_151_sequence/scouting/stochastic/SCOUT.md:30:reduction sees only the maximum root multiplicity, and random two-braid
/root/autodl-tmp/hilbert-polya-structure/symbolic_dynamics/docs/papers147_151_sequence/scouting/stochastic/SCOUT.md:64:| R17 | fair-smooth a uniformly chosen unresolved crossing | closed positive two-braids | 131,239 | **KILL — direct Kauffman state sum** |
/root/autodl-tmp/hilbert-polya-structure/symbolic_dynamics/docs/papers147_151_sequence/scouting/stochastic/SCOUT.md:785:Take the closure of the positive two-braid with `n` crossings.  Repeatedly
/root/autodl-tmp/hilbert-polya-structure/symbolic_dynamics/docs/papers162_166_sequence/scouting/root_cyclic_equality_feedback/verify_scout.py:142:        words = tuple(product(range(q), repeat=n))
/root/autodl-tmp/hilbert-polya-structure/symbolic_dynamics/docs/papers107_111_sequence/scouting/COMBINATORIAL_SCOUT.md:90:| C2 | cyclic divisor-word gcd erosion; local meet CA | window gcd, product basins, threshold-run depth, prime-blind conjugacy | medium-high owner risk; medium P100/CA collision | **GO conditional** |
/root/autodl-tmp/hilbert-polya-structure/symbolic_dynamics/docs/papers107_111_sequence/scouting/COMBINATORIAL_SCOUT.md:94:| C6 | parallel source-to-sink reversal; orientation toggle | click invariants and Coxeter/circulation structure | exact source-to-sink literature | **KILL_DIRECT** |
/root/autodl-tmp/hilbert-polya-structure/symbolic_dynamics/docs/papers107_111_sequence/scouting/COMBINATORIAL_SCOUT.md:490:click classes.  Route A uses Coxeter elements and commuting source clicks.
/root/autodl-tmp/hilbert-polya-structure/symbolic_dynamics/docs/papers107_111_sequence/scouting/COMBINATORIAL_SCOUT.md:495:[Macauley--Mortveit, *Posets from Admissible Coxeter Sequences*](https://arxiv.org/abs/0910.4376)
/root/autodl-tmp/hilbert-polya-structure/symbolic_dynamics/docs/papers107_111_sequence/scouting/COMBINATORIAL_SCOUT.md:497:its Coxeter/asynchronous-dynamics interpretations.  Parallelizing commuting
/root/autodl-tmp/hilbert-polya-structure/symbolic_dynamics/docs/papers162_166_sequence/scouting/graph_set/verify_scout.py:120:            A.check(iterated == direct, "BQC semigroup law")
/root/autodl-tmp/hilbert-polya-structure/symbolic_dynamics/docs/papers162_166_sequence/scouting/graph_set/verify_scout.py:150:            A.check(iterated == direct, "BPQ semigroup law")
/root/autodl-tmp/hilbert-polya-structure/symbolic_dynamics/docs/papers162_166_sequence/scouting/graph_set/verify_scout.py:187:            A.check(iterated == direct, "EVD semigroup law")
/root/autodl-tmp/hilbert-polya-structure/symbolic_dynamics/docs/papers162_166_sequence/scouting/graph_set/verify_scout.py:345:            A.check(iterated == direct, "SFC semigroup law")
/root/autodl-tmp/hilbert-polya-structure/symbolic_dynamics/docs/papers162_166_sequence/scouting/graph_set/verify_scout.py:476:            A.check(iterated == direct, "HBC semigroup law")
/root/autodl-tmp/hilbert-polya-structure/symbolic_dynamics/docs/papers167_171_sequence/scouting/combinatorial_crossdomain/IDEA_LEDGER.md:16:| C01 HDQS | Permutations; replace `u` by its 0-Hecke/Demazure product `u*u`. | On `S_6`: image 143, 32 fixed, tail 3.  Extra `n<=8` checks give the generic repeated-squaring clock. | **KILL.** A power map in the finite 0-Hecke monoid; semigroup repaint, with no independent labelled-fibre axis. |
/root/autodl-tmp/hilbert-polya-structure/symbolic_dynamics/docs/papers117_121_sequence/proof_spikes/stoch_rees_motif_kill.py:35:def word_product(word, modulus):
/root/autodl-tmp/hilbert-polya-structure/symbolic_dynamics/docs/papers117_121_sequence/proof_spikes/stoch_rees_motif_kill.py:69:    # The displayed sandwich matrix really defines an associative Rees semigroup.
/root/autodl-tmp/hilbert-polya-structure/symbolic_dynamics/docs/papers117_121_sequence/proof_spikes/stoch_rees_motif_kill.py:87:                actual = word_product(word, modulus)
/root/autodl-tmp/hilbert-polya-structure/symbolic_dynamics/docs/papers117_121_sequence/proof_spikes/stoch_rees_motif_kill.py:123:        word_product("XYXY", 7)[1] == 2 and word_product("XXYY", 7)[1] == 1,
/root/autodl-tmp/hilbert-polya-structure/symbolic_dynamics/docs/papers157_161_sequence/scouting/stochastic/SCOUT.md:254:random-function semigroup; its state is a nested spatial rectangle and its
/root/autodl-tmp/hilbert-polya-structure/symbolic_dynamics/papers/08-positive-cone-recurrent-trace/sections/4_tau_euler.tex:17:mixed closed base word contains at least one cross edge.  Its cocycle product
/root/autodl-tmp/hilbert-polya-structure/symbolic_dynamics/docs/papers162_166_sequence/scouting/arithmetic_algebra/verify_scout.py:237:# AA07: a Coxeter element on positive roots of type A_n, killed at negativity.
/root/autodl-tmp/hilbert-polya-structure/symbolic_dynamics/docs/papers162_166_sequence/scouting/arithmetic_algebra/verify_scout.py:238:def audit_coxeter_escape():
/root/autodl-tmp/hilbert-polya-structure/symbolic_dynamics/docs/papers162_166_sequence/scouting/arithmetic_algebra/verify_scout.py:277:        words.extend(product(range(alphabet_size), repeat=length))
/root/autodl-tmp/hilbert-polya-structure/symbolic_dynamics/docs/papers162_166_sequence/scouting/arithmetic_algebra/verify_scout.py:542:        ("AA07_COX", audit_coxeter_escape()),
/root/autodl-tmp/hilbert-polya-structure/symbolic_dynamics/docs/papers122_126_sequence/scouting/root/SCOUT.md:37:| X16 | iterate numerical-semigroup blowup multiplicities | the classical multiplicity sequence is the orbit | kill: named numerical-semigroup owner |
/root/autodl-tmp/hilbert-polya-structure/symbolic_dynamics/docs/papers152_156_sequence/scouting/stochastic_replacement2/SCOUT.md:70:| RBF | fixed pair/triple-slot commutation-or-braid update on a reduced word for `w_0` | `1,2,16,768` words for `S_2..S_5`; exact uniform stationarity and connectivity | symmetric move graph only | reduced-word move graph is directly owned | **KILL_DIRECT_OBJECT** |
/root/autodl-tmp/hilbert-polya-structure/symbolic_dynamics/docs/papers152_156_sequence/scouting/stochastic_replacement2/SCOUT.md:72:| GRS | iid `a`-labels on cards, then stable sort | complete distributions through `n=6`, `a=2,3,4`; `2` then `2` equals `4` | exact rising-sequence law and semigroup | Bayer--Diaconis directly owns law | **KILL_DIRECT** |
/root/autodl-tmp/hilbert-polya-structure/symbolic_dynamics/docs/papers152_156_sequence/scouting/stochastic_replacement2/SCOUT.md:112:## 2. RBF — reduced-word commutation/braid slot walk
/root/autodl-tmp/hilbert-polya-structure/symbolic_dynamics/docs/papers152_156_sequence/scouting/stochastic_replacement2/SCOUT.md:133:commutation/braid moves; Schilling--Thiéry--White--Williams analyze braid moves
/root/autodl-tmp/hilbert-polya-structure/symbolic_dynamics/docs/papers152_156_sequence/scouting/stochastic_replacement2/SCOUT.md:192:semigroup, all-time distribution, and mixing consequences are direct-owner
/root/autodl-tmp/hilbert-polya-structure/symbolic_dynamics/docs/papers162_166_sequence/scouting/cyclic_successor_feedback/verify_scout.py:190:    for word in product(range(q), repeat=n):
/root/autodl-tmp/hilbert-polya-structure/symbolic_dynamics/papers/08-positive-cone-recurrent-trace/sections/8_conclusion.tex:31:holomorphic doubled free-semigroup transfer using separate positive
/root/autodl-tmp/hilbert-polya-structure/symbolic_dynamics/papers/101-random-cap-floor-synchronization/main.tex:36:\keywords{random dynamical system, monotone interval map, synchronization, iterated random function, order statistic, contraction semigroup}
/root/autodl-tmp/hilbert-polya-structure/symbolic_dynamics/papers/101-random-cap-floor-synchronization/main.tex:61:semigroups, and makes no absolute novelty or priority claim.
/root/autodl-tmp/hilbert-polya-structure/symbolic_dynamics/papers/101-random-cap-floor-synchronization/main.tex:79:\cite{MatiasSilva2021}.  On a finite chain, semigroups generated by
/root/autodl-tmp/hilbert-polya-structure/symbolic_dynamics/papers/101-random-cap-floor-synchronization/main.tex:95:iterated-function, synchronization, order-statistic, or semigroup
/root/autodl-tmp/hilbert-polya-structure/symbolic_dynamics/papers/101-random-cap-floor-synchronization/main.tex:406:random maps \cite{MatiasSilva2021}, contraction semigroups on finite chains
/root/autodl-tmp/hilbert-polya-structure/symbolic_dynamics/docs/papers157_161_sequence/scouting/replacement_geometry_mechanism/SCOUT.md:45:| 6 | `HUR` | ordered transposition pairs; one Hurwitz move | support union `2/3/4` gives exact periods `1/3/2` | **`KILL_LITERAL_HURWITZ_OWNER`** |
/root/autodl-tmp/hilbert-polya-structure/symbolic_dynamics/docs/papers157_161_sequence/scouting/replacement_geometry_mechanism/SCOUT.md:175:### `HUR` -- Hurwitz move on transposition pairs
/root/autodl-tmp/hilbert-polya-structure/symbolic_dynamics/docs/papers157_161_sequence/scouting/replacement_geometry_mechanism/SCOUT.md:186:- **Verdict.**  **`KILL_LITERAL_HURWITZ_OWNER`**.
/root/autodl-tmp/hilbert-polya-structure/symbolic_dynamics/docs/papers157_161_sequence/scouting/replacement_geometry_mechanism/SCOUT.md:334:| `HUR` | symmetric-group carrier near P105/P135/P154/P155 | literal Hurwitz generator is externally named | support types yield only periods 1--3 | all fibres singleton | braid/Hurwitz action owns the update; fatal |
/root/autodl-tmp/hilbert-polya-structure/symbolic_dynamics/docs/papers162_166_sequence/scouting/open_fresh_p166_round8/IDEA_LEDGER.md:34:| `BFR` | braid-arrangement faces / ordered partitions; `P -> P * rho(P)` under the Tits product and cyclic label rotation | `T^t(P)=P*rho(P)*...*rho^t(P)`; sharp tail `n-2`; fixed count `sum_(d|n) d!` | the whole proof is left-regular-band support refinement; no independent target inverse survives generic Tits/refinement subtraction | `KILL_LRB_REFINEMENT_ENGINE` |
/root/autodl-tmp/hilbert-polya-structure/symbolic_dynamics/docs/papers162_166_sequence/scouting/open_fresh_p166_round7/verify_scout.py:240:# 4. AST: an asymmetric sandwich word on the full transformation semigroup.
/root/autodl-tmp/hilbert-polya-structure/symbolic_dynamics/docs/papers157_161_sequence/scouting/replacement_probabilistic_geometric/SCOUT.md:27:| `BCD` | Signed permutations in `B_n`; uniformly apply a right simple descent until the identity. | `B_4`: 384 states; longest clock 16 and 24,024 histories. | Clock equals Coxeter length; histories are reduced decompositions. | Both axes are standard weak-order/Coxeter data and generic reduced-word machinery. | `KILL_DIRECT_COXETER_DESCENT` |
/root/autodl-tmp/hilbert-polya-structure/symbolic_dynamics/docs/papers172_176_sequence/scouting/fresh_geometry_automata/SCOUT_AND_KILL_LEDGER.md:16:| `D08_MQP` | Perfect matchings on `[2m]`.  Preserve the opener/closer word and pair the `i`th opener with the `i`th closer. | All matchings through `m=6` (10,395); a retraction onto `Cat_m` queue/non-nesting matchings. | The target fibre is the product of the open height at each closer, with maximum `m!`. | **`KILL_DYCK_NORMAL_FORM`.** This is the classical matching-to-Dyck-signature projection/Hermite-history choice product, and its normal-form engine is adjacent to occupied P74. |
/root/autodl-tmp/hilbert-polya-structure/symbolic_dynamics/docs/papers132_136_sequence/scouting/stochastic/SCOUT.md:51:| `P02` | Permutation; swap any adjacent descent. Audit sorted terminal, inversion clock, and history recursion. | sizes 1--9; 409,113 | Bubble-sort/0-Hecke/Coxeter reduced-word engine; maximum history count 29,258,366,996,258,488,320. **Kill.** |
/root/autodl-tmp/hilbert-polya-structure/symbolic_dynamics/papers/114-rooted-forest-leaf-peeling/main.tex:131:priority credit to the height clock, semigroup/absorption mechanism, Cayley
/root/autodl-tmp/hilbert-polya-structure/symbolic_dynamics/docs/papers147_151_sequence/phase1/CANDIDATE_POOL_AND_KILL_LEDGER.md:69:  multiplicity, and two-braid smoothing is a Kauffman state sum.
/root/autodl-tmp/hilbert-polya-structure/symbolic_dynamics/docs/papers162_166_sequence/scouting/replacement_crossclass/verify_scout.py:384:# F03: squaring in the full transformation monoid.
/root/autodl-tmp/hilbert-polya-structure/symbolic_dynamics/docs/papers177_181_sequence/scouting/combinatorial_lane/SCOUT_AND_KILL_LEDGER.md:13:| `C06 / TAN` | binary words; `(x_0,...,x_{n-1}) -> (x_1,...,x_{n-1},x_0 xor product_{i>0}x_i)`. | Exhaustive `2<=n<=16`.  States with at least two zeros undergo ordinary rotation; the all-one and one-zero states form one `(n+1)`-cycle.  The remaining cycle inventory is the primitive binary-necklace inventory with one length-`n` cycle removed. | **KILL_DIRECT_NFSR_CYCLE_JOINING.**  The literal is a nonsingular nonlinear feedback shift register, and its entire theorem is one elementary cycle join on the pure circulating register. |
/root/autodl-tmp/hilbert-polya-structure/symbolic_dynamics/docs/papers162_166_sequence/scouting/replacement_nonlinear_algebra/verify_scout.py:172:# Nilpotent semigroup recurrence windows.
/root/autodl-tmp/hilbert-polya-structure/symbolic_dynamics/docs/papers162_166_sequence/scouting/replacement_nonlinear_algebra/verify_scout.py:175:def word_semigroup(alphabet, cap):
/root/autodl-tmp/hilbert-polya-structure/symbolic_dynamics/docs/papers162_166_sequence/scouting/replacement_nonlinear_algebra/verify_scout.py:178:        words.extend("".join(w) for w in product(alphabet, repeat=n))
/root/autodl-tmp/hilbert-polya-structure/symbolic_dynamics/docs/papers162_166_sequence/scouting/replacement_nonlinear_algebra/verify_scout.py:209:    total = len(word_semigroup(tuple(str(i) for i in range(alphabet_size)), cap)) ** 2
/root/autodl-tmp/hilbert-polya-structure/symbolic_dynamics/docs/papers162_166_sequence/scouting/replacement_nonlinear_algebra/verify_scout.py:231:    S = word_semigroup(alphabet, cap)
/root/autodl-tmp/hilbert-polya-structure/symbolic_dynamics/docs/papers162_166_sequence/scouting/replacement_nonlinear_algebra/verify_scout.py:252:def path_semigroup(n):
/root/autodl-tmp/hilbert-polya-structure/symbolic_dynamics/docs/papers162_166_sequence/scouting/replacement_nonlinear_algebra/verify_scout.py:275:def semigroup_windows():
/root/autodl-tmp/hilbert-polya-structure/symbolic_dynamics/docs/papers162_166_sequence/scouting/replacement_nonlinear_algebra/verify_scout.py:278:        S = word_semigroup("ab", cap)
/root/autodl-tmp/hilbert-polya-structure/symbolic_dynamics/docs/papers162_166_sequence/scouting/replacement_nonlinear_algebra/verify_scout.py:308:    S = path_semigroup(5)
/root/autodl-tmp/hilbert-polya-structure/symbolic_dynamics/docs/papers162_166_sequence/scouting/replacement_nonlinear_algebra/verify_scout.py:541:    codes = group_windows() + semigroup_windows() + ring_maps() + module_maps()
/root/autodl-tmp/hilbert-polya-structure/symbolic_dynamics/docs/papers162_166_sequence/scouting/replacement_nonlinear_algebra/verify_scout.py:544:    print("CANDIDATES=24 GROUP=6 SEMIGROUP=6 RING_ALGEBRA=6 MODULE_CONFIG=6")
/root/autodl-tmp/hilbert-polya-structure/symbolic_dynamics/docs/papers162_166_sequence/scouting/replacement_nonlinear_algebra/SCOUT.md:15:2. nilpotent-semigroup recurrence windows;
/root/autodl-tmp/hilbert-polya-structure/symbolic_dynamics/docs/papers162_166_sequence/scouting/replacement_nonlinear_algebra/SCOUT.md:45:| `NL07/TWC` | Let `S_(q,h)={0} union A^[1,h]` be the free semigroup truncated to zero above length `h`; on `S_(q,h)^2`, `T(u,v)=(uv,vu)`. | `q=2,h=4: 961/61/1/3`, `C={1:1}`; nonzero indegrees include `1,2,3`, and sink indegree `893`. | Nonzero iterates are the two complementary Thue–Morse block words; their common length at time `t>=1` is `2^(t-1)(|u|+|v|)`.  Thus zero is the only recurrent state, the sharp height is `1+floor(log_2 h)`, and every depth shell is an explicit weighted length sum. | Every time-`t` target fibre is an exact finite parsing sum against the two complementary block patterns, including the zero and mixed-zero branches.  Independently, for `h>=3` the largest nonzero one-step fibre is `h-1`, attained exactly by the `q` targets `(a^h,a^h)`. | Fici–Romana–Sciortino–Urbina explicitly identify every morphism `(uv,vu)` as composition with the Thue–Morse morphism.  That consumes the full iterate skeleton; after subtracting it, only an artificial cap, parsing, and a same-axis cut extremum remain. **`KILL_DIRECT_THUE_MORSE_ACTION_OWNER`.** |
/root/autodl-tmp/hilbert-polya-structure/symbolic_dynamics/docs/papers162_166_sequence/scouting/replacement_nonlinear_algebra/SCOUT.md:46:| `NL08/SSW` | On the same truncated free semigroup, `T(u,v)=(uvu,vuv)`. | `q=2,h=4: 961/21/1/2`, `C={1:1}`. | Lengths evolve by `[[2,1],[1,2]]` until overflow. | Reverse equations are overlap/sandwich word equations; no cleaner every-target atlas than `NL07` emerged. | Dominated by `NL07` after word-equation subtraction. **`KILL_DOMINATED_WORD_WINDOW`.** |
/root/autodl-tmp/hilbert-polya-structure/symbolic_dynamics/docs/papers162_166_sequence/scouting/replacement_nonlinear_algebra/SCOUT.md:48:| `NL10/PAC` | In the nilpotent path semigroup of a directed chain, `T(x,y)=(xy,y)`. | chain size `5`: `121/21/11/2`, `C={1:11}`. | Since no nonzero path squares, `T^2(x,y)=(0,y)` whenever the first product survives, and that state is fixed. | Fibres are merely counts of factorizations of a path through an intermediate vertex. | Definition-level path factorization and constant depth. **`KILL_PATH_FACTORISATION`.** |
/root/autodl-tmp/hilbert-polya-structure/symbolic_dynamics/docs/papers162_166_sequence/scouting/replacement_nonlinear_algebra/SCOUT.md:50:| `NL12/DTW` | For order-decreasing transformations of `[n]`, `T(f,g)=(fgf,gf)`. | `n=5: 576/8/1/2`, `C={1:1}`. | Coordinates are positive words in `f,g`; any word of length at least `n-1` is the zero transformation, giving a logarithmic word-length bound. | Factorization fibres in a transformation semigroup have no closed all-target law here, and the bound is not a separate structural theorem. | Generic nilpotent transformation-semigroup word evaluation. **`KILL_GENERIC_WORD_NILPOTENCE`.** |
/root/autodl-tmp/hilbert-polya-structure/symbolic_dynamics/docs/papers87_91_sequence/phase1/CANDIDATE_POOL_AND_KILL_LEDGER.md:24:relation SFT, a semigroup tree-SFT, a random Markov cocycle, a conservative
/root/autodl-tmp/hilbert-polya-structure/symbolic_dynamics/docs/papers87_91_sequence/phase1/CANDIDATE_POOL_AND_KILL_LEDGER.md:109:  environment words were enumerated independently of matrix products.
/root/autodl-tmp/hilbert-polya-structure/symbolic_dynamics/docs/papers162_166_sequence/scouting/open_fresh_p166_round8/SCOUT.md:52:Let a face of the braid arrangement be an ordered set partition `P` of
/root/autodl-tmp/hilbert-polya-structure/symbolic_dynamics/docs/papers162_166_sequence/scouting/open_fresh_p166_round8/SCOUT.md:61:Because the face semigroup is a left regular band (`xyx=xy`),
/root/autodl-tmp/hilbert-polya-structure/symbolic_dynamics/docs/papers162_166_sequence/scouting/open_fresh_p166_round8/SCOUT.md:251:semigroup, generalized-inverse/transversal, and restricted-growth owners,
/root/autodl-tmp/hilbert-polya-structure/symbolic_dynamics/docs/papers162_166_sequence/scouting/open_fresh_p166_round8/verify_scout.py:52:# BFR: cyclic Tits refinement on faces of the braid arrangement
/root/autodl-tmp/hilbert-polya-structure/symbolic_dynamics/docs/papers162_166_sequence/scouting/open_fresh_p166_round8/verify_scout.py:60:            for word in product(range(k), repeat=n)
/root/autodl-tmp/hilbert-polya-structure/symbolic_dynamics/docs/papers162_166_sequence/scouting/root_random_alphabet_erasure/verify_scout.py:100:def run_semigroup_and_transition():
/root/autodl-tmp/hilbert-polya-structure/symbolic_dynamics/docs/papers162_166_sequence/scouting/root_random_alphabet_erasure/verify_scout.py:107:                    for word in product(alphabet, repeat=length):
/root/autodl-tmp/hilbert-polya-structure/symbolic_dynamics/docs/papers162_166_sequence/scouting/root_random_alphabet_erasure/verify_scout.py:121:                words = tuple(product(alphabet, repeat=length))
/root/autodl-tmp/hilbert-polya-structure/symbolic_dynamics/docs/papers162_166_sequence/scouting/root_random_alphabet_erasure/verify_scout.py:154:                    literal = sum(not act(word, h) for h in product(alphabet, repeat=time))
/root/autodl-tmp/hilbert-polya-structure/symbolic_dynamics/docs/papers162_166_sequence/scouting/root_random_alphabet_erasure/verify_scout.py:193:    run_semigroup_and_transition()
/root/autodl-tmp/hilbert-polya-structure/symbolic_dynamics/docs/papers162_166_sequence/scouting/root_random_alphabet_erasure/verify_scout.py:197:    print("semigroup boxes=4; absorption q=2..8; global fibre boxes=4")
/root/autodl-tmp/hilbert-polya-structure/symbolic_dynamics/papers/14-tensor-bar-mobius-selector/main.tex:55:  pdfkeywords={symbolic dynamics, full shifts, tensor product, Mobius inversion, Fredholm determinant, Riemann zeta}
/root/autodl-tmp/hilbert-polya-structure/symbolic_dynamics/docs/papers162_166_sequence/scouting/replacement_adaptive_maps/SCOUT.md:17:actions, endofunction summaries, transformation-semigroup schedulers,
/root/autodl-tmp/hilbert-polya-structure/symbolic_dynamics/docs/papers162_166_sequence/scouting/replacement_adaptive_maps/SCOUT.md:74:| `PCR` | conjugate a partial permutation by the label cycle raised to its defect | `n=5`: 1,546 states; cycles `1^121,5^285` | defect freezes inverse-semigroup conjugation | symmetric inverse-semigroup action; singleton fibres | `KILL_PARTIAL_PERMUTATION_ACTION_ONLY` |
/root/autodl-tmp/hilbert-polya-structure/symbolic_dynamics/docs/papers162_166_sequence/scouting/replacement_adaptive_maps/SCOUT.md:83:| `RAC` | left-compose an endofunction by a rotation when its rank is odd and by a one-point reset when rank is even | `n=5`: image 2045, maximum tail 1; cycles `1^420,5^325`; fibres `1,2,3,7,31` | rank can drop once, then a permutation action freezes | transformation-semigroup/rank decomposition; one-step transient and no clean every-target formula | `KILL_SEMIGROUP_ACTION_THIN` |
/root/autodl-tmp/hilbert-polya-structure/symbolic_dynamics/docs/papers147_151_sequence/scouting/stochastic/verify_stochastic_scout.py:1156:# Resolve every crossing of the closed positive two-braid independently by
/root/autodl-tmp/hilbert-polya-structure/symbolic_dynamics/docs/papers147_151_sequence/scouting/stochastic/verify_stochastic_scout.py:1161:def two_braid_smoothing_loops(resolutions: tuple[int, ...]) -> int:
/root/autodl-tmp/hilbert-polya-structure/symbolic_dynamics/docs/papers147_151_sequence/scouting/stochastic/verify_stochastic_scout.py:1180:            loops = two_braid_smoothing_loops(resolutions)
/root/autodl-tmp/hilbert-polya-structure/symbolic_dynamics/docs/papers162_166_sequence/scouting/stochastic_spatial/verify_scout.py:121:            for word in product(group, repeat=length):
/root/autodl-tmp/hilbert-polya-structure/symbolic_dynamics/docs/papers162_166_sequence/scouting/stochastic_spatial/verify_scout.py:366:                    for word in product(range(alphabet_size), repeat=t):
/root/autodl-tmp/hilbert-polya-structure/symbolic_dynamics/docs/papers162_166_sequence/scouting/stochastic_spatial/verify_scout.py:806:                for word in product((0, 1), repeat=t):
/root/autodl-tmp/hilbert-polya-structure/symbolic_dynamics/papers/116-max-plus-switching-induced-growth/sections/6_scope_controls.tex:46:\cite{BlondelGaubertTsitsiklis2000}; projective semigroups and memory-loss
/root/autodl-tmp/hilbert-polya-structure/symbolic_dynamics/papers/08-positive-cone-recurrent-trace/sections/7_route_outcome.tex:70:holomorphic doubled positive-semigroup transfer, without an adjoint, whose
/root/autodl-tmp/hilbert-polya-structure/symbolic_dynamics/papers/167-minimum-inverse-position-feedback/main.tex:75:transversals and inverse matchings in transformation semigroups are
/root/autodl-tmp/hilbert-polya-structure/symbolic_dynamics/docs/papers167_171_sequence/scouting/mip_hostile_gate/PROOF_REDERIVATION.md:37:This extension need not be a mutual semigroup inverse: for `f=(0,0)`,
/root/autodl-tmp/hilbert-polya-structure/symbolic_dynamics/docs/papers162_166_sequence/scouting/replacement_posets_languages/verify_scout.py:479:        words = tuple(product((0, 1), repeat=length))
/root/autodl-tmp/hilbert-polya-structure/symbolic_dynamics/docs/papers162_166_sequence/scouting/replacement_posets_languages/verify_scout.py:493:                  for word in product(range(3), repeat=length))
/root/autodl-tmp/hilbert-polya-structure/symbolic_dynamics/docs/papers162_166_sequence/scouting/replacement_posets_languages/verify_scout.py:505:    words3 = tuple(product(range(3), repeat=5))
/root/autodl-tmp/hilbert-polya-structure/symbolic_dynamics/docs/papers162_166_sequence/scouting/replacement_posets_languages/verify_scout.py:515:    words2 = tuple(product((0, 1), repeat=7))
/root/autodl-tmp/hilbert-polya-structure/symbolic_dynamics/docs/papers162_166_sequence/scouting/replacement_posets_languages/verify_scout.py:523:                     for word in product((0, 1), repeat=length))
/root/autodl-tmp/hilbert-polya-structure/symbolic_dynamics/papers/125-quadratic-state-shear/main.tex:243:Thus the braid relation fails.  Put \(R=\Phi\).  With products acting
/root/autodl-tmp/hilbert-polya-structure/symbolic_dynamics/docs/papers157_161_sequence/phase1/p160_replacement/verify_replacement_scout.py:187:        for word in product((0, 1), repeat=n):
/root/autodl-tmp/hilbert-polya-structure/symbolic_dynamics/docs/papers157_161_sequence/phase1/p160_replacement/verify_replacement_scout.py:365:        states = {necklace(word) for word in product((0, 1), repeat=n)}
/root/autodl-tmp/hilbert-polya-structure/symbolic_dynamics/docs/papers157_161_sequence/phase1/p160_replacement/verify_replacement_scout.py:456:        states = [word for word in product((0, 1), repeat=n) if sum(word) == q + 1]
/root/autodl-tmp/hilbert-polya-structure/symbolic_dynamics/papers/104-monomial-toggle-contraction-cocycles/main.tex:38:\keywords{random matrix product, linear cocycle, singular value, Markov additive functional, folded normal law, generalized Lyapunov exponent}
/root/autodl-tmp/hilbert-polya-structure/symbolic_dynamics/docs/papers167_171_sequence/scouting/algebra_arithmetic/SCOUT_AND_KILL_LEDGER.md:19:Möbius--Drazin--Newton variants, and Euclidean/Hurwitz repackagings.
/root/autodl-tmp/hilbert-polya-structure/symbolic_dynamics/docs/papers167_171_sequence/scouting/algebra_arithmetic/SCOUT_AND_KILL_LEDGER.md:38:| SQS | Symmetric inverse monoid `I_4`; square a partial bijection | 209 states, height 2, cycles `1^16 2^8` | KILL--GENERIC-POWER | This is a generic powering/root-count problem on a standard finite semigroup and reuses P102/P108-style exponent engines. |
/root/autodl-tmp/hilbert-polya-structure/symbolic_dynamics/docs/papers167_171_sequence/scouting/algebra_arithmetic/SCOUT_AND_KILL_LEDGER.md:49:| MFP | Pairs in `M_2(F_2)^2`; `(A,B)->(AB,A)` | 256 states, height 5, periods 1,2,3,6,8 | KILL--SEMIGROUP-WORD-IRREGULAR | Rich small graph, but no stable parameter signal; it is a semigroup word recurrence/product-exchange variant adjacent to P108. |
/root/autodl-tmp/hilbert-polya-structure/symbolic_dynamics/papers/14-tensor-bar-mobius-selector/PROOF_PACKAGE.md:90:Regular additive endomorphisms of the positive entropy semigroup extend
/root/autodl-tmp/hilbert-polya-structure/symbolic_dynamics/papers/14-tensor-bar-mobius-selector/PROOF_PACKAGE.md:244:The proof of Theorem 7 uses only the ordered-word product rule and geometric
/root/autodl-tmp/hilbert-polya-structure/symbolic_dynamics/papers/14-tensor-bar-mobius-selector/sections/5_incidence_innovation.tex:151:$B_X(s)$, and form the same one-vertex ordered-word shift with product weight
/root/autodl-tmp/hilbert-polya-structure/symbolic_dynamics/docs/papers172_176_sequence/scouting/combinatorial_crossdomain/IDEA_LEDGER.md:36:| `W01_BMS` | Binary words.  Interpret 1/0 as open/close parentheses, perform canonical stack matching, and mark exactly matched positions by 1. | Every word through length 16 independently; unique zero attractor, strict first-run potential, Fibonacci image, and an every-target Catalan-product fibre formula; observed maximum tails `1,2,3,3,4,5,5,5,6,7,7,8,8,8,9,9`. | **KILL_CURRENT / OWNER-AMBER CONTROL.** The static theorem is the Dyck normal-form engine occupied by P74, with P90/box-ball and P93 stack proximity; no sharp all-length maximum clock remains after subtraction. |
/root/autodl-tmp/hilbert-polya-structure/symbolic_dynamics/docs/papers157_161_sequence/scouting/replacement_probabilistic_geometric/verify_replacement_scout.py:715:        "type-B Coxeter descent",
/root/autodl-tmp/hilbert-polya-structure/symbolic_dynamics/docs/papers157_161_sequence/scouting/replacement_probabilistic_geometric/verify_replacement_scout.py:718:        "KILL_DIRECT_COXETER_DESCENT",
/root/autodl-tmp/hilbert-polya-structure/symbolic_dynamics/docs/papers157_161_sequence/scouting/replacement_probabilistic_geometric/verify_replacement_scout.py:859:        for word in product(range(4), repeat=n):
/root/autodl-tmp/hilbert-polya-structure/symbolic_dynamics/docs/papers162_166_sequence/scouting/cyclic_sliding_and/SCOUT.md:200:| arbitrary-target reachability | heavy prior overlap | Classical CA preimage work treats arbitrary spatial words; Jen explicitly puts Rule 136 in a run/Fibonacci product class. |
/root/autodl-tmp/hilbert-polya-structure/symbolic_dynamics/docs/papers182_186_sequence/scouting/combinatorial_lane/SCOUT_AND_KILL_LEDGER.md:8:| `C01 / PDD` | Words `w in [n]^n`; `(Pw)_i` is the number of distinct symbols in the strict prefix `w_0...w_(i-1)`. | All words through `n=7`.  At `n=7`: 823,543 states, first image 32, unique fixed word, sharp depth 6; exact tail histogram `1,35279,88200,164640,216090,201684,117649`. | Closed iterates; all-time binary-path images; every-time target-local product fibres; pointwise clock and depth CDF. | **`KEEP_GREEN_OWNER_THIN`.** Full theorem spike closed.  Restricted-growth vocabulary is subtracted; no literal iterative owner appeared in the bounded search. |
/root/autodl-tmp/hilbert-polya-structure/symbolic_dynamics/papers/126-balanced-composition-refinement/main.tex:269:For the empty word this is the one-factor product $R_K(0)=1$.
/root/autodl-tmp/hilbert-polya-structure/symbolic_dynamics/papers/23-unary-holonomy-finite-fiber-rigidity/sections/0_abstract.tex:4:finite-memory prime selector.  Every fixed finite group, semigroup, DFA, or
/root/autodl-tmp/hilbert-polya-structure/symbolic_dynamics/papers/23-unary-holonomy-finite-fiber-rigidity/sections/A_proof_details.tex:18:\cref{lem:primeperiod,thm:finite-semigroup}.
/root/autodl-tmp/hilbert-polya-structure/symbolic_dynamics/docs/papers162_166_sequence/scouting/replacement_arithmetic_hybrid/SCOUT.md:88:| `AH24/DMR` | Perfect matchings of `{0,...,5}`.  Rank edges by determinant label `j-i mod 7`; split each ranked edge into its smaller and larger endpoint and cyclically rematch the two endpoint lists. | `15/10/0/3`, with two 2-cycles and one 3-cycle; fibre sizes `0,1,2,3`. | A small nonlinear functional graph exists. | There is no natural all-`n` closure of the smaller/larger endpoint rule, and already at six vertices there is neither absorption nor a stable period law.  The current matching/Hurwitz scout also occupies the nearest action interface. **`KILL_FIXED_SIZE_MATCHING_GADGET`.** |
/root/autodl-tmp/hilbert-polya-structure/symbolic_dynamics/docs/papers162_166_sequence/scouting/replacement_arithmetic_hybrid/SCOUT.md:163:| `AH24` | current matching/Hurwitz scout | A single 15-state gadget has no all-parameter theorem spine and cannot be padded into a family. |
/root/autodl-tmp/hilbert-polya-structure/symbolic_dynamics/papers/08-positive-cone-recurrent-trace/sections/5_chiral_obstruction.tex:51:give $2\sum_ny_n(t)$.  Each is the word product $g^{-1}g=e$ arising from an
/root/autodl-tmp/hilbert-polya-structure/symbolic_dynamics/papers/14-tensor-bar-mobius-selector/sections/1_introduction.tex:113:arithmetical-semigroup, and dynamical M\"obius theory.
/root/autodl-tmp/hilbert-polya-structure/symbolic_dynamics/papers/09-holomorphic-reflection-double/main.tex:22:\hypersetup{pdftitle={Holomorphic Reflection Doubles of Positive-Cone Symbolic Transfers},pdfauthor={Anonymous Authors},pdfsubject={Exploratory arithmetic symbolic dynamics},pdfkeywords={symbolic dynamics, holomorphic operator pencil, reflection symmetry, free semigroup, rigidity}}
/root/autodl-tmp/hilbert-polya-structure/symbolic_dynamics/docs/papers162_166_sequence/scouting/replacement_stochastic_nonlinear/SCOUT.md:34:polynomial semigroup reduction.  No candidate is reserved.
/root/autodl-tmp/hilbert-polya-structure/symbolic_dynamics/docs/papers162_166_sequence/scouting/replacement_stochastic_nonlinear/SCOUT.md:84:| `A01/CCM` | coefficient triples `(a,b,c)` of monic cubics over `F_3`; uniformly mutate one coordinate to `bc`, `a^2+c`, or `ab` | `27/72/2/10/17\/81/9/1..3/0` | Neither coefficient sum nor zero pattern is sufficient; different mutation orders produce genuinely different polynomial compositions. | Nine targets already have no one-step source, and no symbolic normal form compresses histories. | `KILL_POLYNOMIAL_SEMIGROUP_DP` |
/root/autodl-tmp/hilbert-polya-structure/symbolic_dynamics/docs/papers162_166_sequence/scouting/replacement_stochastic_nonlinear/SCOUT.md:87:| `A04/RFS` | `F_2[u]/(u^4)`; choose `x->x+u^k x^2`, `k=1,2,3` | `16/36/4/8/16\/81/0/1..1/1` | Frobenius makes every generator `F_2`-linear; valuation is lumpable in the tiny box. | The apparent nonlinear notation collapses to a finite-linear semigroup and a doubly stochastic action, a forbidden mechanism. | `KILL_HIDDEN_FINITE_LINEAR` |
/root/autodl-tmp/hilbert-polya-structure/symbolic_dynamics/docs/papers162_166_sequence/scouting/replacement_stochastic_nonlinear/SCOUT.md:88:| `A05/RMP` | `M_2(F_3)`; choose `A->A+A^2` or `A->A-A^2` | `81/153/9/3/1\/2/34/1..14/1` | Cayley--Hamilton reduces each branch to a scalar polynomial in `A`; trace/determinant lump, but their transition is still a random polynomial semigroup. | Thirty-four targets have zero incoming mass; generic polynomial-map ownership and P103 adjacency consume the reduction. | `KILL_CAYLEY_HAMILTON_REDUCTION` |
/root/autodl-tmp/hilbert-polya-structure/symbolic_dynamics/papers/12-fourier-null-haar-fiber/PROOF_PACKAGE.md:60:5. Chiral erasure and mixed-word contamination use exact block products.
/root/autodl-tmp/hilbert-polya-structure/symbolic_dynamics/papers/111-positive-heisenberg-word-area-cocycle/main.tex:39:\keywords{random matrix product, Heisenberg group, inversion statistic,
/root/autodl-tmp/hilbert-polya-structure/symbolic_dynamics/docs/papers162_166_sequence/scouting/root_stochastic_translation/verify_scout.py:139:                check(target == core(A, H, d), "history-span semigroup law")
/root/autodl-tmp/hilbert-polya-structure/symbolic_dynamics/papers/135-derived-centralizer-orbit-partitions/main.tex:45:\keywords{permutation centralizer, wreath product, commutator subgroup, integer partition, finite dynamics, generating function}
/root/autodl-tmp/hilbert-polya-structure/symbolic_dynamics/papers/35-affine-semigroup-object-firewall/main.tex:47:  pdftitle={Acyclicity, Backtracks, and Relation Cycles in an Affine Semigroup Benchmark},
/root/autodl-tmp/hilbert-polya-structure/symbolic_dynamics/papers/35-affine-semigroup-object-firewall/main.tex:49:  pdfsubject={A symbolic-dynamical object firewall for affine semigroups and the Bost--Connes partition trace},
/root/autodl-tmp/hilbert-polya-structure/symbolic_dynamics/papers/35-affine-semigroup-object-firewall/main.tex:50:  pdfkeywords={symbolic dynamics, affine semigroup, Cayley graph, Hashimoto operator,
/root/autodl-tmp/hilbert-polya-structure/symbolic_dynamics/papers/35-affine-semigroup-object-firewall/main.tex:55:in an Affine Semigroup Benchmark}
/root/autodl-tmp/hilbert-polya-structure/symbolic_dynamics/papers/19-stationary-semiring-sieve-shift/main.tex:45:  pdfkeywords={symbolic dynamics, countable Markov shift, full shift semiring, Fredholm determinant, Euler product, primality verifier}
/root/autodl-tmp/hilbert-polya-structure/symbolic_dynamics/papers/14-tensor-bar-mobius-selector/sections/2_prior_work.tex:27:\paragraph{Arithmetical semigroups.}
/root/autodl-tmp/hilbert-polya-structure/symbolic_dynamics/papers/14-tensor-bar-mobius-selector/sections/2_prior_work.tex:29:functions to normed unique-factorization semigroups
/root/autodl-tmp/hilbert-polya-structure/symbolic_dynamics/papers/14-tensor-bar-mobius-selector/sections/2_prior_work.tex:30:\citep{knopfmacher1975semigroups,knopfmacher1975functions}.  M\"obius
/root/autodl-tmp/hilbert-polya-structure/symbolic_dynamics/papers/14-tensor-bar-mobius-selector/sections/2_prior_work.tex:31:inversion for flows of arithmetic semigroups provides a particularly direct
/root/autodl-tmp/hilbert-polya-structure/symbolic_dynamics/papers/14-tensor-bar-mobius-selector/sections/2_prior_work.tex:33:with norm $e^{h(\F_n)}=n$, is not the first abstract arithmetic semigroup, and
/root/autodl-tmp/hilbert-polya-structure/symbolic_dynamics/papers/14-tensor-bar-mobius-selector/sections/2_prior_work.tex:57:categorical, semigroup, or dynamical M\"obius construction.
/root/autodl-tmp/hilbert-polya-structure/symbolic_dynamics/papers/26-pure-power-selector-atom-collapse/sections/B_scope_declarations.tex:15:Wordwise / aggregate & every positive word is audited & scalar pencil product as proof of word purity \\
/root/autodl-tmp/hilbert-polya-structure/symbolic_dynamics/papers/139-lyndon-factor-start-feedback/main.tex:52:its nonincreasing Chen--Fox--Lyndon factorization, and iterate this mask map.
/root/autodl-tmp/hilbert-polya-structure/symbolic_dynamics/papers/23-unary-holonomy-finite-fiber-rigidity/sections/1_introduction.tex:36:We close that chain.  A finite semigroup sees \(1^{k-1}2\) as
/root/autodl-tmp/hilbert-polya-structure/symbolic_dynamics/papers/23-unary-holonomy-finite-fiber-rigidity/sections/1_introduction.tex:86:  successor--tensor source and prove a fixed finite-semigroup/DFA/NFA
/root/autodl-tmp/hilbert-polya-structure/symbolic_dynamics/papers/35-affine-semigroup-object-firewall/sections/9_route_conclusion.tex:14:A0 & structural origin & the all-integer affine semigroup is source-derived and uses no prime oracle \\
/root/autodl-tmp/hilbert-polya-structure/symbolic_dynamics/papers/35-affine-semigroup-object-firewall/sections/9_route_conclusion.tex:43:\boxed{\texttt{CLOSE\_AFFINE\_SEMIGROUP\_PARTITION\_IDENTIFICATION\_BRANCH}.}
/root/autodl-tmp/hilbert-polya-structure/symbolic_dynamics/papers/23-unary-holonomy-finite-fiber-rigidity/PROOF_PACKAGE.md:144:### Lemma 3.1 — powers in a finite semigroup
/root/autodl-tmp/hilbert-polya-structure/symbolic_dynamics/papers/23-unary-holonomy-finite-fiber-rigidity/PROOF_PACKAGE.md:159:### Theorem 3.2 — finite-semigroup no-go
/root/autodl-tmp/hilbert-polya-structure/symbolic_dynamics/papers/23-unary-holonomy-finite-fiber-rigidity/PROOF_PACKAGE.md:161:Let \(\phi:\{1,2\}^{+}\to S\) be a morphism into a fixed finite semigroup.
/root/autodl-tmp/hilbert-polya-structure/symbolic_dynamics/papers/23-unary-holonomy-finite-fiber-rigidity/PROOF_PACKAGE.md:212:transformation semigroup.  For an NFA, determinize or use the finite
/root/autodl-tmp/hilbert-polya-structure/symbolic_dynamics/papers/23-unary-holonomy-finite-fiber-rigidity/PROOF_PACKAGE.md:213:Boolean-relation semigroup.  Lemma 2.2 completes the proof. \(\square\)
/root/autodl-tmp/hilbert-polya-structure/symbolic_dynamics/papers/23-unary-holonomy-finite-fiber-rigidity/PROOF_PACKAGE.md:719:Within the frozen model class, no fixed finite semigroup/automaton or fixed
/root/autodl-tmp/hilbert-polya-structure/symbolic_dynamics/papers/23-unary-holonomy-finite-fiber-rigidity/PROOF_PACKAGE.md:758:| finite-semigroup/DFA periodicity | proved here | pigeonhole |
/root/autodl-tmp/hilbert-polya-structure/symbolic_dynamics/papers/170-random-permutation-fixed-point-sieve/main.tex:82:\cite{DiaconisEvansGraham2014}.  Walks on idempotent semigroups already come
/root/autodl-tmp/hilbert-polya-structure/symbolic_dynamics/papers/30-free-monoid-incidence-indistinguishability/sections/2_sources_literature.tex:63:The monoid literature comes still closer.  Arithmetical semigroups are
/root/autodl-tmp/hilbert-polya-structure/symbolic_dynamics/papers/30-free-monoid-incidence-indistinguishability/sections/2_sources_literature.tex:64:explicitly treated as free commutative semigroups on prime generators, with
/root/autodl-tmp/hilbert-polya-structure/symbolic_dynamics/papers/153-factorial-collapse-finite-plane/main.tex:388:& No sublattice layers or random matrix words; one scalar product dies at a
/root/autodl-tmp/hilbert-polya-structure/symbolic_dynamics/papers/21-successor-divisor-cycle-flood/sections/A_proof_details.tex:21:is realized.  Since the numerical semigroup generated by \(2,3\) contains
/root/autodl-tmp/hilbert-polya-structure/symbolic_dynamics/papers/26-pure-power-selector-atom-collapse/PROOF_PACKAGE.md:165:projector diagonal and set `A_i=P_i+N_i`.  Every word product has the same
/root/autodl-tmp/hilbert-polya-structure/symbolic_dynamics/papers/39-affine-obstruction-dag-closure-certificate/PROOF_PACKAGE.md:472:outside the Paper-35--38 affine semigroup/HNN repair contract. Hence
/root/autodl-tmp/hilbert-polya-structure/symbolic_dynamics/papers/23-unary-holonomy-finite-fiber-rigidity/sections/10_route_evaluation.tex:49:Finite-semigroup and automaton responses are covered by
/root/autodl-tmp/hilbert-polya-structure/symbolic_dynamics/papers/23-unary-holonomy-finite-fiber-rigidity/sections/10_route_evaluation.tex:50:\cref{thm:finite-semigroup,thm:automata}.  Fixed characteristic-zero linear
/root/autodl-tmp/hilbert-polya-structure/symbolic_dynamics/papers/23-unary-holonomy-finite-fiber-rigidity/sections/B_scope_ledger.tex:47:finite-fiber periodicity & proved here & fixed semigroup/DFA/NFA only \\
/root/autodl-tmp/hilbert-polya-structure/symbolic_dynamics/papers/17-fiber-cocycle-artin-factor/sections/2_classical_boundary.tex:27:word, whereas the singleton fixed point of \eqref{1.1} has product \(a\ne e\).
/root/autodl-tmp/hilbert-polya-structure/symbolic_dynamics/papers/35-affine-semigroup-object-firewall/sections/0_abstract.tex:1:The positive affine semigroup already contains addition, multiplication, and
/root/autodl-tmp/hilbert-polya-structure/symbolic_dynamics/papers/27-mobius-incidence-atom-compiler/sections/2_source_literature.tex:55:\citep{stanley1970incidence,baclawski1972automorphisms}. Semigroup
/root/autodl-tmp/hilbert-polya-structure/symbolic_dynamics/papers/36-affine-cayley-chain-cancellation-no-go/sections/6_prequotient_operator.tex:77:substituted for the semigroup source.
/root/autodl-tmp/symbolic_dynamics/docs/papers107_111_sequence/scouting/ALGEBRAIC_SCOUT.md:4:Scope: finite algebra, arithmetic, matrices, semigroups, and finite module
/root/autodl-tmp/symbolic_dynamics/docs/papers107_111_sequence/scouting/ALGEBRAIC_SCOUT.md:20:| P62--P76 | random substitutions, rank-one XOR, beta shifts, two-dimensional and free-group SFTs, plaquette/hom/flat/Heisenberg shifts, zip and higher-rank graphs, Jordan substitutions, Dyck/Motzkin, Coxeter and IET systems |
/root/autodl-tmp/symbolic_dynamics/docs/papers107_111_sequence/scouting/ALGEBRAIC_SCOUT.md:44:| 9 | Hurwitz map on finite-group pairs | KILL DIRECT OWNER | HOLD | the action and its finite-orbit problem are directly owned |
/root/autodl-tmp/symbolic_dynamics/docs/papers107_111_sequence/scouting/ALGEBRAIC_SCOUT.md:290:monogenic power semigroup and audit every fibre.
/root/autodl-tmp/symbolic_dynamics/docs/papers107_111_sequence/scouting/ALGEBRAIC_SCOUT.md:293:*Pseudo-Inverses in Associative Rings and Semigroups*
/root/autodl-tmp/symbolic_dynamics/docs/papers107_111_sequence/scouting/ALGEBRAIC_SCOUT.md:377:### A9. Hurwitz map on finite-group pairs -- KILL DIRECT OWNER
/root/autodl-tmp/symbolic_dynamics/docs/papers107_111_sequence/scouting/ALGEBRAIC_SCOUT.md:387:Finite Hurwitz orbit problems are directly owned; see T. Ito, *Finite orbits
/root/autodl-tmp/symbolic_dynamics/docs/papers107_111_sequence/scouting/ALGEBRAIC_SCOUT.md:388:of Hurwitz actions on braid systems* ([arXiv](https://arxiv.org/abs/0912.0405))
/root/autodl-tmp/symbolic_dynamics/docs/papers107_111_sequence/scouting/ALGEBRAIC_SCOUT.md:389:and S. P. Humphries, *Finite Hurwitz braid group actions for Artin groups*
/root/autodl-tmp/symbolic_dynamics/docs/papers107_111_sequence/scouting/ALGEBRAIC_SCOUT.md:441:| `code/algebraic_drazin_inverse.py` | `q=2,3,5`, `d<=3`; semigroup-computed Drazin inverse, identities, core, fixed/cycle and every rank fibre | **161,892 PASS** |
/root/autodl-tmp/hilbert-polya-structure/symbolic_dynamics/papers/20-recurrent-verifier-clock-dilution/main.tex:60:  pdfkeywords={symbolic dynamics, countable Markov shift, weighted adjacency, compactness, Fredholm determinant, Euler product, inducing}
/root/autodl-tmp/symbolic_dynamics/docs/papers122_126_sequence/scouting/replacement/SCOUT.md:84:- all literal searches with `swap`, `Euclidean`, `Nielsen`, `switch`, and
/root/autodl-tmp/hilbert-polya-structure/symbolic_dynamics/papers/44-q-adic-finite-size-boundary-spectra/sections/1_introduction.tex:70:Accordingly, Fibonacci word counts, the chain product, leading entropy and
/root/autodl-tmp/hilbert-polya-structure/symbolic_dynamics/papers/72-rank-two-graph-commutation-spectra/main.tex:296:This direct argument is consistent with the broader positive-semigroup
/root/autodl-tmp/hilbert-polya-structure/symbolic_dynamics/papers/72-rank-two-graph-commutation-spectra/main.tex:322:the definition of a higher-rank path action, the general positive-semigroup
/root/autodl-tmp/symbolic_dynamics/docs/papers132_136_sequence/replacement_scout/combinatorial/SCOUT.md:188:  Abel--Cayley--Hurwitz multinomial expansions*](https://www.mat.univie.ac.at/~slc/wpapers/s46pitman.pdf).
/root/autodl-tmp/hilbert-polya-structure/symbolic_dynamics/papers/67-multiplicative-plaquette-matroid-complexity/stage2_5/SOURCE_SEARCH_LEDGER.md:35:  2. `"Dimensions of some fractals defined via the semigroup generated by 2 and 3"`
/root/autodl-tmp/hilbert-polya-structure/symbolic_dynamics/papers/67-multiplicative-plaquette-matroid-complexity/stage2_5/SOURCE_SEARCH_LEDGER.md:117:| 1 | `sections/1_introduction.tex:9–11` | KPS established multiplicative-integer symbolic framework, dimensions, variational principle | The [publisher/arXiv abstract](https://arxiv.org/abs/1102.5136) explicitly studies sequence spaces invariant under the multiplicative semigroup, computes Hausdorff/Minkowski dimensions, and uses a variational principle. | SUPPORTED; bibliography title needs correction |
/root/autodl-tmp/hilbert-polya-structure/symbolic_dynamics/papers/67-multiplicative-plaquette-matroid-complexity/stage2_5/SOURCE_SEARCH_LEDGER.md:118:| 2 | `sections/1_introduction.tex:12–15` | two-generator dimensions, pattern generation, multidimensional coupling, axial/surface entropy | [Peres et al.](https://arxiv.org/abs/1206.4742) cover semigroup-generated dimensions; [Ban–Hu–Lin](https://arxiv.org/abs/1207.7154) cover pattern generation/entropy/Minkowski dimensions; [Ban–Hu–Lai](https://pure.lib.cgu.edu.tw/en/publications/on-the-entropy-of-multidimensional-multiplicative-integer-subshif-2/) cover two coupled multidimensional systems and entropy formulas; [Ban–Hu–Lai–Liao](https://arxiv.org/abs/2402.19324) cover entropy and surface entropy of axial products. | SUPPORTED for all four sources |
/root/autodl-tmp/hilbert-polya-structure/symbolic_dynamics/papers/67-multiplicative-plaquette-matroid-complexity/stage2_5/SOURCE_SEARCH_LEDGER.md:125:| 9 | `sections/6_scope.tex:11–14` | Peres et al. two-generator 2-and-3 questions | The [paper](https://sites.math.u-pem.fr/sseuret/publications/PS3.pdf) explicitly organizes components by the semigroup generated by 2 and 3 and computes dimensions. | SUPPORTED |
/root/autodl-tmp/symbolic_dynamics/docs/papers117_121_sequence/scouting/ALGEBRAIC_PHASE2B_SCOUT.md:41:| B2B-10 | On $G^2$, $H(x,y)=(y,y^{-1}xy)$ | $xy$ is invariant; this is a Hurwitz move | **KILL: direct owner** |
/root/autodl-tmp/symbolic_dynamics/docs/papers117_121_sequence/scouting/ALGEBRAIC_PHASE2B_SCOUT.md:346:### B2B-10: Hurwitz self-map
/root/autodl-tmp/symbolic_dynamics/docs/papers117_121_sequence/scouting/ALGEBRAIC_PHASE2B_SCOUT.md:349:Route A is direct word calculus; route B recognizes the braid-group
/root/autodl-tmp/symbolic_dynamics/docs/papers117_121_sequence/scouting/ALGEBRAIC_PHASE2B_SCOUT.md:350:generator acting on factorizations. This is the classical Hurwitz action,
/root/autodl-tmp/symbolic_dynamics/docs/papers117_121_sequence/scouting/ALGEBRAIC_PHASE2B_SCOUT.md:352:Hurwitz action is
/root/autodl-tmp/symbolic_dynamics/docs/papers117_121_sequence/scouting/ALGEBRAIC_PHASE2B_SCOUT.md:445:| 12 | B2B-10 | 1.0 | KILL | Classical Hurwitz action |
/root/autodl-tmp/symbolic_dynamics/docs/papers122_126_sequence/scouting/stochastic/SCOUT.md:23:| W05 | **Braid-shortlex descent**：Coxeter 生成词上，随机选择 `s_i s_i->epsilon`，或仅当 shortlex 严格下降时选择 `s_i s_{i+1}s_i -> s_{i+1}s_i s_{i+1}`。 | 吸收正规形与规约历史 | KILL_OWNER/COLLISION_RISK；Coxeter/Hecke 太拥挤 |
/root/autodl-tmp/symbolic_dynamics/docs/papers122_126_sequence/scouting/stochastic/SCOUT.md:175:对 `"01 -> 2" "12 -> 0" "20 -> 1"`、Unicode 箭头版本、规则+rewriting/semigroup 的定向检索没有发现同一规则系统；搜索命中了别的 cyclic-qutrit 三字母关系，但规则不同，不能据此声称 novelty。2026 年 cycle-rewriting 论文也不是本候选，因为 W01 是**线性词上的字母循环定向融合**，不是 cyclic-word rewriting。
/root/autodl-tmp/symbolic_dynamics/docs/papers152_156_sequence/scouting/stochastic/SCOUT.md:18:   meet-semilattice is a left-regular band, so Brown's general semigroup-walk
/root/autodl-tmp/symbolic_dynamics/docs/papers152_156_sequence/scouting/stochastic/SCOUT.md:66:| HTM | current vertex `meet` fresh uniform leaf | 363 branching profiles, 121 extremal families | Brown LRB/semigroup framework zero-credit; no direct special conjunction hit in bounded search | **SURVIVE owner-thin** |
/root/autodl-tmp/symbolic_dynamics/docs/papers152_156_sequence/scouting/stochastic/SCOUT.md:77:| HFW | choose a label with fixed weight and move it to the front | weighted stationary law through `n=6`; exact equal-weight two-step law | exact Tsetlin library / semigroup walk | **KILL** |
/root/autodl-tmp/symbolic_dynamics/docs/papers152_156_sequence/scouting/stochastic/SCOUT.md:190:[Semigroups, rings, and Markov chains](https://arxiv.org/abs/math/0006145)
/root/autodl-tmp/symbolic_dynamics/docs/papers152_156_sequence/scouting/stochastic/SCOUT.md:192:commutative idempotent semigroup and hence lies in that framework.  Therefore
/root/autodl-tmp/symbolic_dynamics/docs/papers152_156_sequence/scouting/stochastic/SCOUT.md:193:the semigroup encoding, generic random-product viewpoint, spectral
/root/autodl-tmp/symbolic_dynamics/docs/papers152_156_sequence/scouting/stochastic/SCOUT.md:201:LCA data structures, random-tree questions, and generic semigroup walks, but no
/root/autodl-tmp/symbolic_dynamics/docs/papers152_156_sequence/scouting/stochastic/SCOUT.md:595:This is the Tsetlin library itself, already included in the semigroup-walk
/root/autodl-tmp/symbolic_dynamics/docs/papers152_156_sequence/scouting/stochastic/SCOUT.md:610:| `semigroup meet Markov chain`, `random LCA`, `longest common prefix Markov chain` | arXiv, Brown primary record, journal indexes | Brown is a **generic-framework owner**; all LRB/semigroup credit removed. No direct HTM conjunction hit in bounded search. |
/root/autodl-tmp/symbolic_dynamics/docs/papers132_136_sequence/replacement_scout/nondivisor_algebra/SCOUT.md:21:- the Boolean semigroup of binary relations;
/root/autodl-tmp/symbolic_dynamics/docs/papers132_136_sequence/replacement_scout/nondivisor_algebra/SCOUT.md:22:- full finite transformation monoids; and
/root/autodl-tmp/symbolic_dynamics/docs/papers132_136_sequence/replacement_scout/nondivisor_algebra/SCOUT.md:142:### 3.2 Boolean relation semigroup
/root/autodl-tmp/symbolic_dynamics/docs/papers132_136_sequence/replacement_scout/nondivisor_algebra/SCOUT.md:157:### 3.3 Full transformation monoids
/root/autodl-tmp/symbolic_dynamics/docs/papers132_136_sequence/replacement_scout/nondivisor_algebra/SCOUT.md:487:supports.  Plemmons and West's [*On the Semigroup of Binary
/root/autodl-tmp/symbolic_dynamics/docs/papers132_136_sequence/replacement_scout/nondivisor_algebra/SCOUT.md:489:finite-semigroup literature already own the Boolean-matrix/Green framework;
/root/autodl-tmp/symbolic_dynamics/docs/papers132_136_sequence/replacement_scout/nondivisor_algebra/SCOUT.md:494:The full transformation monoid is an important natural carrier, but generic
/root/autodl-tmp/symbolic_dynamics/docs/papers132_136_sequence/replacement_scout/nondivisor_algebra/SCOUT.md:497:semigroups*](https://doi.org/10.1016/j.jsc.2018.01.002), treat Green classes,
/root/autodl-tmp/symbolic_dynamics/docs/papers132_136_sequence/replacement_scout/nondivisor_algebra/SCOUT.md:526:| `TM1--TM5` | P111 positive matrix semigroup, P112 reset semigroups, prior single-sandwich and `(xy,yx)` controls | These are new multi-state word maps on `T_n`, not the occupied systems.  Generic semigroup words without a parameter-uniform classification remain below threshold. |
/root/autodl-tmp/symbolic_dynamics/docs/papers132_136_sequence/replacement_scout/nondivisor_algebra/SCOUT.md:527:| `FQ1/FQ2` | prior Alexander-quandle braid control | The Fano operation is genuinely nonaffine and is not a group action.  Its fixed seven-point carrier, rather than an internal collision, kills it. |
/root/autodl-tmp/symbolic_dynamics/docs/papers132_136_sequence/replacement_scout/nondivisor_algebra/SCOUT.md:542:| `SR1` | `R R inverse R iteration`; `A A transpose A Boolean matrix`; `least difunctional closure` | Backhouse--Oliveira; Kahl; classical Boolean-relation semigroup papers | direct owner plus current internal collision; **kill** |
/root/autodl-tmp/symbolic_dynamics/docs/papers132_136_sequence/replacement_scout/nondivisor_algebra/SCOUT.md:543:| `SR2--SR6` | exact Boolean products with `RR^T` and `R^TR`; `Green relations Boolean matrices` | Plemmons--West; modern finite-semigroup computation | mature structure, shallow pilots; **kill** |
/root/autodl-tmp/symbolic_dynamics/docs/papers132_136_sequence/replacement_scout/nondivisor_algebra/SCOUT.md:544:| `TM1--TM5` | `full transformation monoid mutual sandwich dynamics`; exact cyclic word tuples; `kernel idempotent selector` | transformation variants, Green classes, idempotent-generated semigroups | no exact temporal hit, but also no theorem spine; **kill rather than infer novelty from absence** |
/root/autodl-tmp/symbolic_dynamics/docs/papers107_111_sequence/phase1/CANDIDATE_POOL_AND_KILL_LEDGER.md:16:| positive Heisenberg word-area product | central coordinate is binary area; polynomial exponent and pressure kink | **GO P111 / external HOLD** | inversion laws, random words, and Heisenberg walks subtracted; distinct from P104's contracting monomial cocycle |
/root/autodl-tmp/symbolic_dynamics/docs/papers107_111_sequence/phase1/CANDIDATE_POOL_AND_KILL_LEDGER.md:31:| Hurwitz map on finite-group pairs | braid/Hurwitz orbits | KILL DIRECT | mature exact action literature |
/root/autodl-tmp/symbolic_dynamics/docs/papers107_111_sequence/phase1/CANDIDATE_POOL_AND_KILL_LEDGER.md:37:| chordal fill, source-to-sink reversal | exact local signals | KILL OWNER | standard elimination and click/Coxeter dynamics |
/root/autodl-tmp/hilbert-polya-structure/symbolic_dynamics/papers/34-positive-recognition-recurrence-quadrilemma/sections/2_literature_boundary.tex:36:\citep{BostConnes1995}, and the $ax+b$ semigroup has a canonical
/root/autodl-tmp/symbolic_dynamics/docs/papers157_161_sequence/scouting/combinatorial/verify_combinatorial_scout.py:711:        states = [word for word in product((0, 1), repeat=n)
/root/autodl-tmp/symbolic_dynamics/docs/papers157_161_sequence/scouting/combinatorial/verify_combinatorial_scout.py:1003:    for word in product(range(1, n + 1), repeat=n):
/root/autodl-tmp/hilbert-polya-structure/symbolic_dynamics/papers/67-multiplicative-plaquette-matroid-complexity/sections/6_scope.tex:12:two-generator dimension questions for the semigroup generated by $2$ and $3$
/root/autodl-tmp/symbolic_dynamics/docs/papers162_166_sequence/scouting/arithmetic_algebra/SCOUT.md:29:| `AA07/COX` | a type-`A_n` Coxeter element on positive roots, killed on first negative root | triangular depth shells and sink fibre `n+1` | literal Coxeter/reflection-functor action | `KILL_DIRECT_OWNER` |
/root/autodl-tmp/symbolic_dynamics/docs/papers162_166_sequence/scouting/arithmetic_algebra/SCOUT.md:199:### AA07 / COX — type-A Coxeter escape
/root/autodl-tmp/symbolic_dynamics/docs/papers162_166_sequence/scouting/arithmetic_algebra/SCOUT.md:210:- **Gate.**  The update is a Coxeter element with an artificial negative-root
/root/autodl-tmp/symbolic_dynamics/docs/papers162_166_sequence/scouting/arithmetic_algebra/SCOUT.md:211:  sink.  Bernstein--Gelfand--Ponomarev is a direct reflection/Coxeter owner.
/root/autodl-tmp/symbolic_dynamics/docs/papers132_136_sequence/scouting/stochastic/verify_stochastic_scout.py:637:           "KILL_COXETER_ZERO_HECKE", before)
/root/autodl-tmp/symbolic_dynamics/docs/papers122_126_sequence/scouting/combinatorial/SCOUT.md:37:| **C05** | Dyck paths of semilength $n$. In the unique first-return factorization $P=UADB$, swap $A,B$ when the elevation-area parity of $P$ is odd; otherwise fix $P$. | $n\ge1$. Even $n$ gives an idempotent half-census; odd $n$ gives an involution. | Deutsch (1999) directly owns the underlying swap $UADB\mapsto UBDA$; the area-parity gate is thin. | **2.0, KILL_DIRECT.** No residual beyond conditioning an owned involution. |
/root/autodl-tmp/hilbert-polya-structure/symbolic_dynamics/papers/95-minimal-slack-no-repeat-shifts/main.tex:141:Hence the positive semigroup generated by the two labels is all of $S_q$,
/root/autodl-tmp/symbolic_dynamics/docs/papers112_116_sequence/scouting/ALGEBRAIC_SCOUT.md:31:| prior algebra scout reserves/kills | matrix Möbius, Drazin inverse, Newton--Schulz, nilpotent squaring, translation on irreducibles, Euclidean remainder, Hurwitz pairs, subspace-product squaring, centralizer polarity, and meet/join lattice sorting |
/root/autodl-tmp/symbolic_dynamics/docs/papers162_166_sequence/scouting/graph_set/verify_scout.py:120:            A.check(iterated == direct, "BQC semigroup law")
/root/autodl-tmp/symbolic_dynamics/docs/papers162_166_sequence/scouting/graph_set/verify_scout.py:150:            A.check(iterated == direct, "BPQ semigroup law")
/root/autodl-tmp/symbolic_dynamics/docs/papers162_166_sequence/scouting/graph_set/verify_scout.py:187:            A.check(iterated == direct, "EVD semigroup law")
/root/autodl-tmp/symbolic_dynamics/docs/papers162_166_sequence/scouting/graph_set/verify_scout.py:345:            A.check(iterated == direct, "SFC semigroup law")
/root/autodl-tmp/symbolic_dynamics/docs/papers162_166_sequence/scouting/graph_set/verify_scout.py:476:            A.check(iterated == direct, "HBC semigroup law")
/root/autodl-tmp/symbolic_dynamics/docs/papers147_151_sequence/scouting/stochastic/SCOUT.md:30:reduction sees only the maximum root multiplicity, and random two-braid
/root/autodl-tmp/symbolic_dynamics/docs/papers147_151_sequence/scouting/stochastic/SCOUT.md:64:| R17 | fair-smooth a uniformly chosen unresolved crossing | closed positive two-braids | 131,239 | **KILL — direct Kauffman state sum** |
/root/autodl-tmp/symbolic_dynamics/docs/papers147_151_sequence/scouting/stochastic/SCOUT.md:785:Take the closure of the positive two-braid with `n` crossings.  Repeatedly
/root/autodl-tmp/hilbert-polya-structure/symbolic_dynamics/papers/43-squarefree-factor-periodic-rigidity/inputs/writer_baseline/sections/4_factor_rigidity.tex:137:  semigroup/induced dynamics \\
/root/autodl-tmp/symbolic_dynamics/docs/papers107_111_sequence/scouting/STOCHASTIC_SCOUT.md:47:| P35--P36 | affine-semigroup and Cayley-chain obstruction packages | elementary affine randomizations receive a high collision penalty |
/root/autodl-tmp/symbolic_dynamics/docs/papers107_111_sequence/scouting/STOCHASTIC_SCOUT.md:72:semigroup `UT_3(Z)`.  Put
/root/autodl-tmp/symbolic_dynamics/docs/papers107_111_sequence/scouting/STOCHASTIC_SCOUT.md:197:  matrix semigroup with a central word-area observable.  The common
/root/autodl-tmp/symbolic_dynamics/docs/papers107_111_sequence/scouting/STOCHASTIC_SCOUT.md:337:collapse beyond a state recursion, while both the semigroup spectrum and
/root/autodl-tmp/symbolic_dynamics/docs/papers107_111_sequence/scouting/STOCHASTIC_SCOUT.md:370:sigma-1/2)` and solve its `2 x 2` moment semigroup.
/root/autodl-tmp/symbolic_dynamics/docs/papers152_156_sequence/scouting/stochastic_replacement2/SCOUT.md:70:| RBF | fixed pair/triple-slot commutation-or-braid update on a reduced word for `w_0` | `1,2,16,768` words for `S_2..S_5`; exact uniform stationarity and connectivity | symmetric move graph only | reduced-word move graph is directly owned | **KILL_DIRECT_OBJECT** |
/root/autodl-tmp/symbolic_dynamics/docs/papers152_156_sequence/scouting/stochastic_replacement2/SCOUT.md:72:| GRS | iid `a`-labels on cards, then stable sort | complete distributions through `n=6`, `a=2,3,4`; `2` then `2` equals `4` | exact rising-sequence law and semigroup | Bayer--Diaconis directly owns law | **KILL_DIRECT** |
/root/autodl-tmp/symbolic_dynamics/docs/papers152_156_sequence/scouting/stochastic_replacement2/SCOUT.md:112:## 2. RBF — reduced-word commutation/braid slot walk
/root/autodl-tmp/symbolic_dynamics/docs/papers152_156_sequence/scouting/stochastic_replacement2/SCOUT.md:133:commutation/braid moves; Schilling--Thiéry--White--Williams analyze braid moves
/root/autodl-tmp/symbolic_dynamics/docs/papers152_156_sequence/scouting/stochastic_replacement2/SCOUT.md:192:semigroup, all-time distribution, and mixing consequences are direct-owner
/root/autodl-tmp/symbolic_dynamics/docs/papers117_121_sequence/scouting/COMBINATORIAL_SCOUT.md:97:factorization and nontrivial period semigroup.
/root/autodl-tmp/symbolic_dynamics/docs/papers117_121_sequence/scouting/COMBINATORIAL_SCOUT.md:400:- **Proof routes:** Laplacian divisor classes; Coxeter heaps and cyclic shifts
/root/autodl-tmp/hilbert-polya-structure/symbolic_dynamics/papers/89-bernoulli-reset-golden-random-sft/main.tex:40:\keywords{random subshift of finite type, golden-mean shift, random matrix product, quenched entropy, annealed entropy, renewal-reward process}
/root/autodl-tmp/hilbert-polya-structure/symbolic_dynamics/papers/43-squarefree-factor-periodic-rigidity/sections/4_factor_rigidity.tex:137:  semigroup/induced dynamics \\
/root/autodl-tmp/symbolic_dynamics/docs/papers157_161_sequence/phase1/p160_replacement/verify_replacement_scout.py:187:        for word in product((0, 1), repeat=n):
/root/autodl-tmp/symbolic_dynamics/docs/papers157_161_sequence/phase1/p160_replacement/verify_replacement_scout.py:365:        states = {necklace(word) for word in product((0, 1), repeat=n)}
/root/autodl-tmp/symbolic_dynamics/docs/papers157_161_sequence/phase1/p160_replacement/verify_replacement_scout.py:456:        states = [word for word in product((0, 1), repeat=n) if sum(word) == q + 1]
/root/autodl-tmp/symbolic_dynamics/docs/papers162_166_sequence/scouting/open_fresh_p166_round7/verify_scout.py:240:# 4. AST: an asymmetric sandwich word on the full transformation semigroup.
/root/autodl-tmp/symbolic_dynamics/docs/papers127_131_sequence/scouting/algebraic/SCOUT.md:56:| finite semigroups/relations | 5 | 199,250 |
/root/autodl-tmp/symbolic_dynamics/docs/papers127_131_sequence/scouting/algebraic/SCOUT.md:90:### 2.3 Finite semigroups and relations
/root/autodl-tmp/symbolic_dynamics/docs/papers127_131_sequence/scouting/algebraic/SCOUT.md:94:| `S01` | `f -> f o g o f` in the full transformation semigroup `T_n`, with `g` the standard `n`-cycle. | all maps for `n=3,4`, 283 states; **849** | rank never rises; maximum tail/period are both two. | **KILL.**  Broad sandwich-semigroup ownership and no clean second theorem. |
/root/autodl-tmp/symbolic_dynamics/docs/papers127_131_sequence/scouting/algebraic/SCOUT.md:95:| `S02` | `R -> R union R^2` in the Boolean relation semigroup. | all `2^16` relations on four labelled points; **196,608** | 3,994 fixed relations; transitive closure is reached in at most two rounds. | **KILL.**  Literal repeated-squaring transitive closure. |
/root/autodl-tmp/symbolic_dynamics/docs/papers127_131_sequence/scouting/algebraic/SCOUT.md:96:| `S03` | `R -> R intersect R^2`. | all 512 relations on three points plus strict total orders through `n=9`; **1,557** | strict order obeys `R_t=R^(2^t)`, with logarithmic deletion clock. | **KILL.**  Relation powers are the direct semigroup mechanism. |
/root/autodl-tmp/symbolic_dynamics/docs/papers127_131_sequence/scouting/algebraic/SCOUT.md:98:| `S05` | `(x,y)->(xy,yx)` on `S_3 x S_3`. | all 36 pairs; **108** | tails through three, periods one/two; the two coordinates remain conjugate. | **KILL.**  Nielsen/Hurwitz-style group-action owner risk and no closed large-family census. |
/root/autodl-tmp/symbolic_dynamics/docs/papers122_126_sequence/phase1/CANDIDATE_POOL_AND_KILL_LEDGER.md:28:| balanced composition refinement | logarithmic clock, codeword fibre DP | complete canonical kernel, suffix decoder, one-run fibre product, all-iterate image bijection | P126 |
/root/autodl-tmp/symbolic_dynamics/docs/papers122_126_sequence/phase1/CANDIDATE_POOL_AND_KILL_LEDGER.md:50:- Hurwitz pairs and Nielsen maps: standard braid/group actions;
/root/autodl-tmp/symbolic_dynamics/docs/papers157_161_sequence/scouting/replacement_geometry_mechanism/SCOUT.md:45:| 6 | `HUR` | ordered transposition pairs; one Hurwitz move | support union `2/3/4` gives exact periods `1/3/2` | **`KILL_LITERAL_HURWITZ_OWNER`** |
/root/autodl-tmp/symbolic_dynamics/docs/papers157_161_sequence/scouting/replacement_geometry_mechanism/SCOUT.md:175:### `HUR` -- Hurwitz move on transposition pairs
/root/autodl-tmp/symbolic_dynamics/docs/papers157_161_sequence/scouting/replacement_geometry_mechanism/SCOUT.md:186:- **Verdict.**  **`KILL_LITERAL_HURWITZ_OWNER`**.
/root/autodl-tmp/symbolic_dynamics/docs/papers157_161_sequence/scouting/replacement_geometry_mechanism/SCOUT.md:334:| `HUR` | symmetric-group carrier near P105/P135/P154/P155 | literal Hurwitz generator is externally named | support types yield only periods 1--3 | all fibres singleton | braid/Hurwitz action owns the update; fatal |
/root/autodl-tmp/symbolic_dynamics/docs/papers157_161_sequence/scouting/replacement_probabilistic_geometric/verify_replacement_scout.py:715:        "type-B Coxeter descent",
/root/autodl-tmp/symbolic_dynamics/docs/papers157_161_sequence/scouting/replacement_probabilistic_geometric/verify_replacement_scout.py:718:        "KILL_DIRECT_COXETER_DESCENT",
/root/autodl-tmp/symbolic_dynamics/docs/papers157_161_sequence/scouting/replacement_probabilistic_geometric/verify_replacement_scout.py:859:        for word in product(range(4), repeat=n):
/root/autodl-tmp/symbolic_dynamics/docs/papers132_136_sequence/scouting/stochastic/SCOUT.md:51:| `P02` | Permutation; swap any adjacent descent. Audit sorted terminal, inversion clock, and history recursion. | sizes 1--9; 409,113 | Bubble-sort/0-Hecke/Coxeter reduced-word engine; maximum history count 29,258,366,996,258,488,320. **Kill.** |
/root/autodl-tmp/symbolic_dynamics/docs/papers162_166_sequence/scouting/replacement_nonlinear_algebra/SCOUT.md:15:2. nilpotent-semigroup recurrence windows;
/root/autodl-tmp/symbolic_dynamics/docs/papers162_166_sequence/scouting/replacement_nonlinear_algebra/SCOUT.md:45:| `NL07/TWC` | Let `S_(q,h)={0} union A^[1,h]` be the free semigroup truncated to zero above length `h`; on `S_(q,h)^2`, `T(u,v)=(uv,vu)`. | `q=2,h=4: 961/61/1/3`, `C={1:1}`; nonzero indegrees include `1,2,3`, and sink indegree `893`. | Nonzero iterates are the two complementary Thue–Morse block words; their common length at time `t>=1` is `2^(t-1)(|u|+|v|)`.  Thus zero is the only recurrent state, the sharp height is `1+floor(log_2 h)`, and every depth shell is an explicit weighted length sum. | Every time-`t` target fibre is an exact finite parsing sum against the two complementary block patterns, including the zero and mixed-zero branches.  Independently, for `h>=3` the largest nonzero one-step fibre is `h-1`, attained exactly by the `q` targets `(a^h,a^h)`. | Fici–Romana–Sciortino–Urbina explicitly identify every morphism `(uv,vu)` as composition with the Thue–Morse morphism.  That consumes the full iterate skeleton; after subtracting it, only an artificial cap, parsing, and a same-axis cut extremum remain. **`KILL_DIRECT_THUE_MORSE_ACTION_OWNER`.** |
/root/autodl-tmp/symbolic_dynamics/docs/papers162_166_sequence/scouting/replacement_nonlinear_algebra/SCOUT.md:46:| `NL08/SSW` | On the same truncated free semigroup, `T(u,v)=(uvu,vuv)`. | `q=2,h=4: 961/21/1/2`, `C={1:1}`. | Lengths evolve by `[[2,1],[1,2]]` until overflow. | Reverse equations are overlap/sandwich word equations; no cleaner every-target atlas than `NL07` emerged. | Dominated by `NL07` after word-equation subtraction. **`KILL_DOMINATED_WORD_WINDOW`.** |
/root/autodl-tmp/symbolic_dynamics/docs/papers162_166_sequence/scouting/replacement_nonlinear_algebra/SCOUT.md:48:| `NL10/PAC` | In the nilpotent path semigroup of a directed chain, `T(x,y)=(xy,y)`. | chain size `5`: `121/21/11/2`, `C={1:11}`. | Since no nonzero path squares, `T^2(x,y)=(0,y)` whenever the first product survives, and that state is fixed. | Fibres are merely counts of factorizations of a path through an intermediate vertex. | Definition-level path factorization and constant depth. **`KILL_PATH_FACTORISATION`.** |
/root/autodl-tmp/symbolic_dynamics/docs/papers162_166_sequence/scouting/replacement_nonlinear_algebra/SCOUT.md:50:| `NL12/DTW` | For order-decreasing transformations of `[n]`, `T(f,g)=(fgf,gf)`. | `n=5: 576/8/1/2`, `C={1:1}`. | Coordinates are positive words in `f,g`; any word of length at least `n-1` is the zero transformation, giving a logarithmic word-length bound. | Factorization fibres in a transformation semigroup have no closed all-target law here, and the bound is not a separate structural theorem. | Generic nilpotent transformation-semigroup word evaluation. **`KILL_GENERIC_WORD_NILPOTENCE`.** |
/root/autodl-tmp/symbolic_dynamics/docs/papers127_131_sequence/scouting/stochastic/SCOUT.md:66:| `S21` | Variable-length binary words; choose an equal adjacent pair uniformly and delete it. | Every source of length 0--16; 131,071 sources. | 1,048,577 | `KILL_STANDARD_NORMAL_FORM`: stack/free-product reduction owns the alternating normal form. |
/root/autodl-tmp/symbolic_dynamics/docs/papers162_166_sequence/scouting/cyclic_sliding_and/SCOUT.md:200:| arbitrary-target reachability | heavy prior overlap | Classical CA preimage work treats arbitrary spatial words; Jen explicitly puts Rule 136 in a run/Fibonacci product class. |
/root/autodl-tmp/symbolic_dynamics/docs/papers147_151_sequence/phase1/CANDIDATE_POOL_AND_KILL_LEDGER.md:69:  multiplicity, and two-braid smoothing is a Kauffman state sum.
/root/autodl-tmp/symbolic_dynamics/docs/papers162_166_sequence/scouting/root_random_alphabet_erasure/verify_scout.py:100:def run_semigroup_and_transition():
/root/autodl-tmp/symbolic_dynamics/docs/papers162_166_sequence/scouting/root_random_alphabet_erasure/verify_scout.py:107:                    for word in product(alphabet, repeat=length):
/root/autodl-tmp/symbolic_dynamics/docs/papers162_166_sequence/scouting/root_random_alphabet_erasure/verify_scout.py:121:                words = tuple(product(alphabet, repeat=length))
/root/autodl-tmp/symbolic_dynamics/docs/papers162_166_sequence/scouting/root_random_alphabet_erasure/verify_scout.py:154:                    literal = sum(not act(word, h) for h in product(alphabet, repeat=time))
/root/autodl-tmp/symbolic_dynamics/docs/papers162_166_sequence/scouting/root_random_alphabet_erasure/verify_scout.py:193:    run_semigroup_and_transition()
/root/autodl-tmp/symbolic_dynamics/docs/papers162_166_sequence/scouting/root_random_alphabet_erasure/verify_scout.py:197:    print("semigroup boxes=4; absorption q=2..8; global fibre boxes=4")
/root/autodl-tmp/symbolic_dynamics/docs/papers162_166_sequence/scouting/open_fresh_p166_round8/SCOUT.md:52:Let a face of the braid arrangement be an ordered set partition `P` of
/root/autodl-tmp/symbolic_dynamics/docs/papers162_166_sequence/scouting/open_fresh_p166_round8/SCOUT.md:61:Because the face semigroup is a left regular band (`xyx=xy`),
/root/autodl-tmp/symbolic_dynamics/docs/papers162_166_sequence/scouting/open_fresh_p166_round8/SCOUT.md:251:semigroup, generalized-inverse/transversal, and restricted-growth owners,
/root/autodl-tmp/symbolic_dynamics/docs/papers152_156_sequence/scouting/root/verify_root_scout.py:70:        for word in product((0, 1), repeat=n):
/root/autodl-tmp/hilbert-polya-structure/symbolic_dynamics/papers/34-positive-recognition-recurrence-quadrilemma/sections/10_route_conclusion.tex:29:prime label is read, whether positive semigroup motion is acyclic, whether
/root/autodl-tmp/symbolic_dynamics/docs/papers162_166_sequence/scouting/replacement_adaptive_maps/SCOUT.md:17:actions, endofunction summaries, transformation-semigroup schedulers,
/root/autodl-tmp/symbolic_dynamics/docs/papers162_166_sequence/scouting/replacement_adaptive_maps/SCOUT.md:74:| `PCR` | conjugate a partial permutation by the label cycle raised to its defect | `n=5`: 1,546 states; cycles `1^121,5^285` | defect freezes inverse-semigroup conjugation | symmetric inverse-semigroup action; singleton fibres | `KILL_PARTIAL_PERMUTATION_ACTION_ONLY` |
/root/autodl-tmp/symbolic_dynamics/docs/papers162_166_sequence/scouting/replacement_adaptive_maps/SCOUT.md:83:| `RAC` | left-compose an endofunction by a rotation when its rank is odd and by a one-point reset when rank is even | `n=5`: image 2045, maximum tail 1; cycles `1^420,5^325`; fibres `1,2,3,7,31` | rank can drop once, then a permutation action freezes | transformation-semigroup/rank decomposition; one-step transient and no clean every-target formula | `KILL_SEMIGROUP_ACTION_THIN` |
/root/autodl-tmp/symbolic_dynamics/docs/papers132_136_sequence/scouting/algebraic/verify_algebraic_scout.py:1249:        check(stats["max_tail"] == 0, "Alexander-quandle braid sweep is not bijective")
/root/autodl-tmp/symbolic_dynamics/docs/papers132_136_sequence/scouting/algebraic/verify_algebraic_scout.py:1250:        check(stats["max_period"] == 6, "braid sweep lost its period-six ceiling")
/root/autodl-tmp/symbolic_dynamics/docs/papers132_136_sequence/scouting/algebraic/verify_algebraic_scout.py:1256:        "(Z/mZ)^3; two adjacent Alexander-quandle braid generators per sweep",
/root/autodl-tmp/symbolic_dynamics/docs/papers132_136_sequence/scouting/algebraic/verify_algebraic_scout.py:1258:        "KILL_OWNER", "Alexander quandles and Burau/linear braid actions own the complete mechanism",
/root/autodl-tmp/symbolic_dynamics/docs/papers147_151_sequence/scouting/stochastic/verify_stochastic_scout.py:1156:# Resolve every crossing of the closed positive two-braid independently by
/root/autodl-tmp/symbolic_dynamics/docs/papers147_151_sequence/scouting/stochastic/verify_stochastic_scout.py:1161:def two_braid_smoothing_loops(resolutions: tuple[int, ...]) -> int:
/root/autodl-tmp/symbolic_dynamics/docs/papers147_151_sequence/scouting/stochastic/verify_stochastic_scout.py:1180:            loops = two_braid_smoothing_loops(resolutions)
/root/autodl-tmp/hilbert-polya-structure/symbolic_dynamics/papers/35-affine-semigroup-object-firewall/sections/2_literature_boundary.tex:8:standard in the associated semigroup algebra \citep{Cuntz2008}.  The affine
/root/autodl-tmp/hilbert-polya-structure/symbolic_dynamics/papers/35-affine-semigroup-object-firewall/sections/2_literature_boundary.tex:30:cycles, including cycles induced by group or semigroup relations.
/root/autodl-tmp/symbolic_dynamics/docs/papers102_106_sequence/phase1/CANDIDATE_POOL_AND_KILL_LEDGER.md:27:| signed affine circle covers | orientation creates a subleading exact moment | RESERVE OWNER-HEAVY | average periodic growth for expanding semigroups already owned |
/root/autodl-tmp/symbolic_dynamics/docs/papers162_166_sequence/scouting/replacement_arithmetic_hybrid/SCOUT.md:88:| `AH24/DMR` | Perfect matchings of `{0,...,5}`.  Rank edges by determinant label `j-i mod 7`; split each ranked edge into its smaller and larger endpoint and cyclically rematch the two endpoint lists. | `15/10/0/3`, with two 2-cycles and one 3-cycle; fibre sizes `0,1,2,3`. | A small nonlinear functional graph exists. | There is no natural all-`n` closure of the smaller/larger endpoint rule, and already at six vertices there is neither absorption nor a stable period law.  The current matching/Hurwitz scout also occupies the nearest action interface. **`KILL_FIXED_SIZE_MATCHING_GADGET`.** |
/root/autodl-tmp/symbolic_dynamics/docs/papers162_166_sequence/scouting/replacement_arithmetic_hybrid/SCOUT.md:163:| `AH24` | current matching/Hurwitz scout | A single 15-state gadget has no all-parameter theorem spine and cannot be padded into a family. |
/root/autodl-tmp/hilbert-polya-structure/symbolic_dynamics/papers/35-affine-semigroup-object-firewall/sections/3_source_lock.tex:4:\subsection{The full positive semigroup}
/root/autodl-tmp/symbolic_dynamics/docs/papers107_111_sequence/scouting/COMBINATORIAL_SCOUT.md:90:| C2 | cyclic divisor-word gcd erosion; local meet CA | window gcd, product basins, threshold-run depth, prime-blind conjugacy | medium-high owner risk; medium P100/CA collision | **GO conditional** |
/root/autodl-tmp/symbolic_dynamics/docs/papers107_111_sequence/scouting/COMBINATORIAL_SCOUT.md:94:| C6 | parallel source-to-sink reversal; orientation toggle | click invariants and Coxeter/circulation structure | exact source-to-sink literature | **KILL_DIRECT** |
/root/autodl-tmp/symbolic_dynamics/docs/papers107_111_sequence/scouting/COMBINATORIAL_SCOUT.md:490:click classes.  Route A uses Coxeter elements and commuting source clicks.
/root/autodl-tmp/symbolic_dynamics/docs/papers107_111_sequence/scouting/COMBINATORIAL_SCOUT.md:495:[Macauley--Mortveit, *Posets from Admissible Coxeter Sequences*](https://arxiv.org/abs/0910.4376)
/root/autodl-tmp/symbolic_dynamics/docs/papers107_111_sequence/scouting/COMBINATORIAL_SCOUT.md:497:its Coxeter/asynchronous-dynamics interpretations.  Parallelizing commuting
/root/autodl-tmp/symbolic_dynamics/docs/papers117_121_sequence/phase1/CANDIDATE_POOL_AND_KILL_LEDGER.md:44:| stochastic / semigroup / rewrite | 12 | 79,345 | S01, S02 |
/root/autodl-tmp/symbolic_dynamics/docs/papers117_121_sequence/phase1/CANDIDATE_POOL_AND_KILL_LEDGER.md:99:| R12 | numerical-semigroup blowup | multiplicity sequence is the clock | kill: classical named invariant |
/root/autodl-tmp/symbolic_dynamics/docs/papers117_121_sequence/proof_spikes/stoch_rees_motif_kill.py:35:def word_product(word, modulus):
/root/autodl-tmp/symbolic_dynamics/docs/papers117_121_sequence/proof_spikes/stoch_rees_motif_kill.py:69:    # The displayed sandwich matrix really defines an associative Rees semigroup.
/root/autodl-tmp/symbolic_dynamics/docs/papers117_121_sequence/proof_spikes/stoch_rees_motif_kill.py:87:                actual = word_product(word, modulus)
/root/autodl-tmp/symbolic_dynamics/docs/papers117_121_sequence/proof_spikes/stoch_rees_motif_kill.py:123:        word_product("XYXY", 7)[1] == 2 and word_product("XXYY", 7)[1] == 1,
/root/autodl-tmp/symbolic_dynamics/docs/papers162_166_sequence/scouting/cyclic_sliding_and/verify_scout.py:162:    for word in product((0, 1), repeat=m):
/root/autodl-tmp/symbolic_dynamics/docs/papers162_166_sequence/scouting/cyclic_sliding_and/verify_scout.py:198:        words = list(product((0, 1), repeat=n))
/root/autodl-tmp/hilbert-polya-structure/symbolic_dynamics/papers/37-local-coefficient-normal-closure-saturation/sections/3_source_lock.tex:90:The source process may construct presentations, words, bounded mixed products,
/root/autodl-tmp/symbolic_dynamics/docs/papers162_166_sequence/scouting/replacement_stochastic_nonlinear/SCOUT.md:34:polynomial semigroup reduction.  No candidate is reserved.
/root/autodl-tmp/symbolic_dynamics/docs/papers162_166_sequence/scouting/replacement_stochastic_nonlinear/SCOUT.md:84:| `A01/CCM` | coefficient triples `(a,b,c)` of monic cubics over `F_3`; uniformly mutate one coordinate to `bc`, `a^2+c`, or `ab` | `27/72/2/10/17\/81/9/1..3/0` | Neither coefficient sum nor zero pattern is sufficient; different mutation orders produce genuinely different polynomial compositions. | Nine targets already have no one-step source, and no symbolic normal form compresses histories. | `KILL_POLYNOMIAL_SEMIGROUP_DP` |
/root/autodl-tmp/symbolic_dynamics/docs/papers162_166_sequence/scouting/replacement_stochastic_nonlinear/SCOUT.md:87:| `A04/RFS` | `F_2[u]/(u^4)`; choose `x->x+u^k x^2`, `k=1,2,3` | `16/36/4/8/16\/81/0/1..1/1` | Frobenius makes every generator `F_2`-linear; valuation is lumpable in the tiny box. | The apparent nonlinear notation collapses to a finite-linear semigroup and a doubly stochastic action, a forbidden mechanism. | `KILL_HIDDEN_FINITE_LINEAR` |
/root/autodl-tmp/symbolic_dynamics/docs/papers162_166_sequence/scouting/replacement_stochastic_nonlinear/SCOUT.md:88:| `A05/RMP` | `M_2(F_3)`; choose `A->A+A^2` or `A->A-A^2` | `81/153/9/3/1\/2/34/1..14/1` | Cayley--Hamilton reduces each branch to a scalar polynomial in `A`; trace/determinant lump, but their transition is still a random polynomial semigroup. | Thirty-four targets have zero incoming mass; generic polynomial-map ownership and P103 adjacency consume the reduction. | `KILL_CAYLEY_HAMILTON_REDUCTION` |
/root/autodl-tmp/symbolic_dynamics/docs/papers192_196_sequence/phase1/BREADTH_LEDGER.md:31:| NSQ | numerical-semigroup quotient | `KILL_WEAK_SECOND_AXIS`: bounded signals did not close a target-resolved inverse law |
/root/autodl-tmp/symbolic_dynamics/docs/papers192_196_sequence/phase1/BREADTH_LEDGER.md:34:| PCD | parabolic Coxeter descent update | `KILL_REDMIN_SURFACE`: conditional descent reduction is standard Red-Min territory |
/root/autodl-tmp/symbolic_dynamics/docs/papers192_196_sequence/phase1/BREADTH_LEDGER.md:39:| HOS | hold-or-square semigroup map | `KILL_SHALLOW`: all states enter squaring after at most two steps |
/root/autodl-tmp/symbolic_dynamics/docs/papers122_126_sequence/scouting/root/SCOUT.md:37:| X16 | iterate numerical-semigroup blowup multiplicities | the classical multiplicity sequence is the orbit | kill: named numerical-semigroup owner |
/root/autodl-tmp/symbolic_dynamics/docs/papers162_166_sequence/scouting/graph_set/SCOUT.md:128:Nested consecutive blocks prove the semigroup law: a quotient by `c` and then
/root/autodl-tmp/symbolic_dynamics/docs/papers167_171_sequence/scouting/algebra_arithmetic/SCOUT_AND_KILL_LEDGER.md:19:Möbius--Drazin--Newton variants, and Euclidean/Hurwitz repackagings.
/root/autodl-tmp/symbolic_dynamics/docs/papers167_171_sequence/scouting/algebra_arithmetic/SCOUT_AND_KILL_LEDGER.md:38:| SQS | Symmetric inverse monoid `I_4`; square a partial bijection | 209 states, height 2, cycles `1^16 2^8` | KILL--GENERIC-POWER | This is a generic powering/root-count problem on a standard finite semigroup and reuses P102/P108-style exponent engines. |
/root/autodl-tmp/symbolic_dynamics/docs/papers167_171_sequence/scouting/algebra_arithmetic/SCOUT_AND_KILL_LEDGER.md:49:| MFP | Pairs in `M_2(F_2)^2`; `(A,B)->(AB,A)` | 256 states, height 5, periods 1,2,3,6,8 | KILL--SEMIGROUP-WORD-IRREGULAR | Rich small graph, but no stable parameter signal; it is a semigroup word recurrence/product-exchange variant adjacent to P108. |
/root/autodl-tmp/symbolic_dynamics/docs/papers122_126_sequence/scouting/algebraic/SCOUT.md:62:| C10 | On (H_p^2), for the finite Heisenberg group (H_p), (T(x,y)=(y,xy)). | Exact pilot cycle censuses: (p=2:{1:1,3:9,6:6}), (p=3:{1:1,8:91}), (p=5:{1:1,4:31,20:775}), (p=7:{1:1,16:7353}). | **KILL:** classical Nielsen transformation plus severe internal collision with the earlier Heisenberg word/area lane. |
/root/autodl-tmp/symbolic_dynamics/docs/papers122_126_sequence/scouting/algebraic/SCOUT.md:63:| C11 | Hurwitz map on (G^2), tested on (H_p^2): (T(x,y)=(y,y^{-1}xy)). | (xy) is invariant, (T^2) is simultaneous conjugation by (xy), and cycles in (H_p^2) divide (2p). | **KILL:** this is the standard two-strand Hurwitz action. |
/root/autodl-tmp/symbolic_dynamics/docs/papers122_126_sequence/scouting/algebraic/SCOUT.md:172:Owner risk: **high** because AB/BA spectral, similarity, semigroup, and word-map literatures are dense.
/root/autodl-tmp/symbolic_dynamics/docs/papers122_126_sequence/scouting/algebraic/SCOUT.md:191:| C10 | No exact finite-Heisenberg census found. | The map is an elementary Nielsen transformation on a pair, and the earlier internal Heisenberg word/area lane is too close. This structural collision kills it without relying on a search miss. |
/root/autodl-tmp/symbolic_dynamics/docs/papers122_126_sequence/scouting/algebraic/SCOUT.md:192:| C11 | **DIRECT MECHANISM OWNER.** | The formula is the standard braid/Hurwitz generator; the inspected primary owner record is [Baumeister et al., *On the Hurwitz action in finite Coxeter groups*](https://doi.org/10.1515/jgth-2016-0025). The Heisenberg restriction cannot support a fresh mechanism claim. |
/root/autodl-tmp/symbolic_dynamics/docs/papers122_126_sequence/scouting/algebraic/SCOUT.md:196:Queries included exact strings and algebraically equivalent phrases such as `"AA^T-A^TA" finite field map`, `transpose self-commutator dynamics`, `"x(I:y)+y(I:x)"`, `cross colon monomial ideal dynamics`, `subspace lattice Fibonacci nilpotent recurrence`, `"(x+y,xy)" finite field dynamics`, `Heisenberg Nielsen transformation cycles`, `Hurwitz action pairs`, and `"(AB,BA)" matrix dynamics`. Searches were also made in arXiv and official publisher indexes. No secondary survey or search-result snippet is being treated as ownership evidence.
/root/autodl-tmp/symbolic_dynamics/docs/papers162_166_sequence/scouting/root_stochastic_translation/verify_scout.py:139:                check(target == core(A, H, d), "history-span semigroup law")
/root/autodl-tmp/symbolic_dynamics/docs/papers172_176_sequence/scouting/combinatorial_crossdomain/IDEA_LEDGER.md:36:| `W01_BMS` | Binary words.  Interpret 1/0 as open/close parentheses, perform canonical stack matching, and mark exactly matched positions by 1. | Every word through length 16 independently; unique zero attractor, strict first-run potential, Fibonacci image, and an every-target Catalan-product fibre formula; observed maximum tails `1,2,3,3,4,5,5,5,6,7,7,8,8,8,9,9`. | **KILL_CURRENT / OWNER-AMBER CONTROL.** The static theorem is the Dyck normal-form engine occupied by P74, with P90/box-ball and P93 stack proximity; no sharp all-length maximum clock remains after subtraction. |
/root/autodl-tmp/symbolic_dynamics/docs/papers204_208_sequence/scouting/algebra_second/SCOUT_REPORT.md:18:| TP | Full transformation semigroup T_n^2; (f,g)->(fg,gf), fg=f composed with g | n=2,3,4; at n=4,65536 states, core409, H5, periods1,2,4. | Evaluated Thue–Morse substitution is owned vocabulary; no all-n orbit or inverse theorem established. Do not treat low-n period powers as a proof. |
/root/autodl-tmp/symbolic_dynamics/docs/papers162_166_sequence/scouting/open_fresh_p166_round7/SCOUT.md:37:factorization.  Conjugation racks, matched-pair/Yang--Baxter maps, and group
/root/autodl-tmp/symbolic_dynamics/docs/papers162_166_sequence/scouting/open_fresh_p166_round7/SCOUT.md:112:Let `T_n` be the full transformation monoid on `[n]`.  On `T_n^2`, set
/root/autodl-tmp/symbolic_dynamics/docs/papers162_166_sequence/scouting/open_fresh_p166_round7/SCOUT.md:131:does not escape the generic full-transformation-semigroup engine or the
/root/autodl-tmp/symbolic_dynamics/docs/papers162_166_sequence/scouting/replacement_arithmetic_hybrid/verify_scout.py:415:    line("AH08_hurwitz_cyclic", f5trip, lambda v: (v[1], v[2], (v[1] * v[2] - v[0]) % 5))
/root/autodl-tmp/symbolic_dynamics/docs/papers182_186_sequence/scouting/combinatorial_lane/SCOUT_AND_KILL_LEDGER.md:8:| `C01 / PDD` | Words `w in [n]^n`; `(Pw)_i` is the number of distinct symbols in the strict prefix `w_0...w_(i-1)`. | All words through `n=7`.  At `n=7`: 823,543 states, first image 32, unique fixed word, sharp depth 6; exact tail histogram `1,35279,88200,164640,216090,201684,117649`. | Closed iterates; all-time binary-path images; every-time target-local product fibres; pointwise clock and depth CDF. | **`KEEP_GREEN_OWNER_THIN`.** Full theorem spike closed.  Restricted-growth vocabulary is subtracted; no literal iterative owner appeared in the bounded search. |
/root/autodl-tmp/symbolic_dynamics/docs/papers157_161_sequence/scouting/replacement_probabilistic_geometric/SCOUT.md:27:| `BCD` | Signed permutations in `B_n`; uniformly apply a right simple descent until the identity. | `B_4`: 384 states; longest clock 16 and 24,024 histories. | Clock equals Coxeter length; histories are reduced decompositions. | Both axes are standard weak-order/Coxeter data and generic reduced-word machinery. | `KILL_DIRECT_COXETER_DESCENT` |
/root/autodl-tmp/symbolic_dynamics/docs/papers162_166_sequence/scouting/random_coloring_refinement/SCOUT.md:397:| zeta spectrum | Brown / Ayyer et al. semigroup-walk theory | direct specialization |
/root/autodl-tmp/symbolic_dynamics/docs/papers204_208_sequence/scouting/finite_systems_twentieth/PROOF_AND_ADAPTERS.md:182:same three-product word pattern on different semigroups. They are not
/root/autodl-tmp/symbolic_dynamics/docs/papers162_166_sequence/scouting/geometry_group/SCOUT.md:41:  Cremona reciprocation, conic reflection, quadratic inversion, Hurwitz
/root/autodl-tmp/symbolic_dynamics/docs/papers162_166_sequence/scouting/geometry_group/SCOUT.md:53:pool contains no random walk, Coxeter/group action, polarity/duality
/root/autodl-tmp/symbolic_dynamics/docs/papers162_166_sequence/scouting/replacement_matchings_incidence/verify_scout.py:352:def hurwitz_system(n=3):
/root/autodl-tmp/symbolic_dynamics/docs/papers162_166_sequence/scouting/replacement_matchings_incidence/verify_scout.py:736:    systems.append(("M02 HUR",) + hurwitz_system())
/root/autodl-tmp/symbolic_dynamics/docs/papers204_208_sequence/scouting/set_partition_sixth/INTAKE.md:54:  pairwise-union semigroup powers;
/root/autodl-tmp/symbolic_dynamics/docs/papers167_171_sequence/scouting/combinatorial_crossdomain/IDEA_LEDGER.md:16:| C01 HDQS | Permutations; replace `u` by its 0-Hecke/Demazure product `u*u`. | On `S_6`: image 143, 32 fixed, tail 3.  Extra `n<=8` checks give the generic repeated-squaring clock. | **KILL.** A power map in the finite 0-Hecke monoid; semigroup repaint, with no independent labelled-fibre axis. |
/root/autodl-tmp/symbolic_dynamics/docs/papers162_166_sequence/scouting/open_fresh_p166_round8/verify_scout.py:52:# BFR: cyclic Tits refinement on faces of the braid arrangement
/root/autodl-tmp/symbolic_dynamics/docs/papers162_166_sequence/scouting/open_fresh_p166_round8/verify_scout.py:60:            for word in product(range(k), repeat=n)
/root/autodl-tmp/symbolic_dynamics/docs/papers157_161_sequence/phase1/combinatorial_gate/verify_replacement_scout.py:256:# NFR: Nielsen--Fibonacci map (x,y) -> (y,xy) on symmetric groups.
/root/autodl-tmp/symbolic_dynamics/docs/papers157_161_sequence/phase1/combinatorial_gate/verify_replacement_scout.py:282:# HWT: a full Hurwitz sweep on reduced transposition factorizations.
/root/autodl-tmp/symbolic_dynamics/docs/papers157_161_sequence/phase1/combinatorial_gate/verify_replacement_scout.py:308:def hurwitz_sweep(word: tuple[tuple[int, ...], ...]) -> tuple[tuple[int, ...], ...]:
/root/autodl-tmp/symbolic_dynamics/docs/papers157_161_sequence/phase1/combinatorial_gate/verify_replacement_scout.py:327:            for word in product(factors, repeat=degree - 1)
/root/autodl-tmp/symbolic_dynamics/docs/papers157_161_sequence/phase1/combinatorial_gate/verify_replacement_scout.py:332:            A.check(factorization_product(hurwitz_sweep(state), degree) == long_cycle)
/root/autodl-tmp/symbolic_dynamics/docs/papers157_161_sequence/phase1/combinatorial_gate/verify_replacement_scout.py:333:        A.check(len({hurwitz_sweep(state) for state in states}) == len(states))
/root/autodl-tmp/symbolic_dynamics/docs/papers157_161_sequence/phase1/combinatorial_gate/verify_replacement_scout.py:334:        _, tail, period = cycle_profile(states, hurwitz_sweep)
/root/autodl-tmp/symbolic_dynamics/docs/papers157_161_sequence/phase1/combinatorial_gate/verify_replacement_scout.py:399:# CRW: greedy lex-decreasing Coxeter-relation rewrite on w0 reduced words.
/root/autodl-tmp/symbolic_dynamics/docs/papers157_161_sequence/phase1/combinatorial_gate/verify_replacement_scout.py:422:def coxeter_rewrite(word: tuple[int, ...]) -> tuple[int, ...]:
/root/autodl-tmp/symbolic_dynamics/docs/papers157_161_sequence/phase1/combinatorial_gate/verify_replacement_scout.py:450:                successor = coxeter_rewrite(point)
/root/autodl-tmp/symbolic_dynamics/docs/papers157_161_sequence/phase1/combinatorial_gate/verify_replacement_scout.py:655:    print("OWNER_KILL DFG: exact path-independent-set Coxeter toggle action")
/root/autodl-tmp/symbolic_dynamics/docs/papers172_176_sequence/scouting/fresh_nonlinear_algebra/verify_scout.py:564:def verify_g03_hurwitz_pair() -> None:
/root/autodl-tmp/symbolic_dynamics/docs/papers172_176_sequence/scouting/fresh_nonlinear_algebra/verify_scout.py:565:    print("\n[G03_HUR_Hurwitz_pair_action]")
/root/autodl-tmp/symbolic_dynamics/docs/papers172_176_sequence/scouting/fresh_nonlinear_algebra/verify_scout.py:637:    verify_g03_hurwitz_pair()
/root/autodl-tmp/hilbert-polya-structure/symbolic_dynamics/papers/67-multiplicative-plaquette-matroid-complexity/sections/4_prefixes.tex:101:the multiplicative semigroup acting by decimations.  Accordingly,
/root/autodl-tmp/symbolic_dynamics/docs/papers162_166_sequence/scouting/replacement_posets_languages/verify_scout.py:479:        words = tuple(product((0, 1), repeat=length))
/root/autodl-tmp/symbolic_dynamics/docs/papers162_166_sequence/scouting/replacement_posets_languages/verify_scout.py:493:                  for word in product(range(3), repeat=length))
/root/autodl-tmp/symbolic_dynamics/docs/papers162_166_sequence/scouting/replacement_posets_languages/verify_scout.py:505:    words3 = tuple(product(range(3), repeat=5))
/root/autodl-tmp/symbolic_dynamics/docs/papers162_166_sequence/scouting/replacement_posets_languages/verify_scout.py:515:    words2 = tuple(product((0, 1), repeat=7))
/root/autodl-tmp/symbolic_dynamics/docs/papers162_166_sequence/scouting/replacement_posets_languages/verify_scout.py:523:                     for word in product((0, 1), repeat=length))
/root/autodl-tmp/symbolic_dynamics/docs/papers197_201_sequence/scouting/word_poset_lane/BREADTH_AND_KILL_LEDGER.md:84:| Binary-projective Steiner cyclic product words | The length-three instance is the retired P160 literal map and the family uses the same quasigroup-product engine. | `KILL_RETIRED_LITERAL_FAMILY` |
/root/autodl-tmp/symbolic_dynamics/docs/papers162_166_sequence/scouting/open_fresh_p166_round7/IDEA_LEDGER.md:19:| `AST` | full transformation monoid pairs, `(a,b)->(aba,ab)` | rank never increases, but periods are `1`; `1,3`; `1,3,4` for `n=1,2,3` and first-fibre maxima are `1,6,87` | neither a sharp all-`n` temporal law nor target-local inversion survived | generic semigroup word dynamics; same proof neighborhood as killed `NL07/NL08` sandwich maps | `KILL_WORD_MAP_NO_SPINE` |
/root/autodl-tmp/symbolic_dynamics/docs/papers172_176_sequence/scouting/fresh_geometry_automata/SCOUT_AND_KILL_LEDGER.md:16:| `D08_MQP` | Perfect matchings on `[2m]`.  Preserve the opener/closer word and pair the `i`th opener with the `i`th closer. | All matchings through `m=6` (10,395); a retraction onto `Cat_m` queue/non-nesting matchings. | The target fibre is the product of the open height at each closer, with maximum `m!`. | **`KILL_DYCK_NORMAL_FORM`.** This is the classical matching-to-Dyck-signature projection/Hermite-history choice product, and its normal-form engine is adjacent to occupied P74. |
/root/autodl-tmp/hilbert-polya-structure/symbolic_dynamics/papers/75-racg-geodesic-join-components/main.tex:32:\title[Join components of RACG clique-automaton shifts]{Join Decomposition, Entropy, and Maximal Measures of Right-Angled Coxeter Clique-Automaton Edge Shifts}
/root/autodl-tmp/hilbert-polya-structure/symbolic_dynamics/papers/75-racg-geodesic-join-components/main.tex:36:\keywords{right-angled Coxeter group, geodesic language, shift of finite type, graph join, measure of maximal entropy, zeta function}
/root/autodl-tmp/hilbert-polya-structure/symbolic_dynamics/papers/75-racg-geodesic-join-components/main.tex:41:The standard geodesic language of a right-angled Coxeter group is recognized
/root/autodl-tmp/hilbert-polya-structure/symbolic_dynamics/papers/75-racg-geodesic-join-components/main.tex:62:Let $\Gamma$ be a finite simple graph.  Its right-angled Coxeter group has one
/root/autodl-tmp/hilbert-polya-structure/symbolic_dynamics/papers/75-racg-geodesic-join-components/main.tex:228:If $r=0$, then $\Gamma$ is complete and the Coxeter group is finite.  Support
/root/autodl-tmp/hilbert-polya-structure/symbolic_dynamics/papers/75-racg-geodesic-join-components/main.tex:332:right-angled Coxeter geodesic growth rates \cite{KolpakovTalambutsa2020}.  We
/root/autodl-tmp/symbolic_dynamics/docs/papers162_166_sequence/scouting/plane_partition_layer_stripping/verify_scout.py:128:                  f"iterate semigroup {name},{c},{f}")
/root/autodl-tmp/symbolic_dynamics/docs/papers177_181_sequence/scouting/combinatorial_lane/SCOUT_AND_KILL_LEDGER.md:13:| `C06 / TAN` | binary words; `(x_0,...,x_{n-1}) -> (x_1,...,x_{n-1},x_0 xor product_{i>0}x_i)`. | Exhaustive `2<=n<=16`.  States with at least two zeros undergo ordinary rotation; the all-one and one-zero states form one `(n+1)`-cycle.  The remaining cycle inventory is the primitive binary-necklace inventory with one length-`n` cycle removed. | **KILL_DIRECT_NFSR_CYCLE_JOINING.**  The literal is a nonsingular nonlinear feedback shift register, and its entire theorem is one elementary cycle join on the pure circulating register. |
/root/autodl-tmp/hilbert-polya-structure/symbolic_dynamics/papers/88-finite-field-parity-tree-shifts/main.tex:53:\keywords{tree shift, finite field, free semigroup action, block Markov chain, tree entropy, boundary reconstruction, mutual information, threshold secret sharing}
/root/autodl-tmp/hilbert-polya-structure/symbolic_dynamics/papers/88-finite-field-parity-tree-shifts/main.tex:150:present system is an uncountable free-semigroup tree shift and uses neither
/root/autodl-tmp/symbolic_dynamics/docs/papers162_166_sequence/scouting/arithmetic_algebra/verify_scout.py:237:# AA07: a Coxeter element on positive roots of type A_n, killed at negativity.
/root/autodl-tmp/symbolic_dynamics/docs/papers162_166_sequence/scouting/arithmetic_algebra/verify_scout.py:238:def audit_coxeter_escape():
/root/autodl-tmp/symbolic_dynamics/docs/papers162_166_sequence/scouting/arithmetic_algebra/verify_scout.py:277:        words.extend(product(range(alphabet_size), repeat=length))
/root/autodl-tmp/symbolic_dynamics/docs/papers162_166_sequence/scouting/arithmetic_algebra/verify_scout.py:542:        ("AA07_COX", audit_coxeter_escape()),
/root/autodl-tmp/symbolic_dynamics/docs/papers162_166_sequence/scouting/replacement_matchings_incidence/SCOUT.md:44:anomaly would be quota padding.  The remaining systems are direct Hurwitz
/root/autodl-tmp/symbolic_dynamics/docs/papers162_166_sequence/scouting/replacement_matchings_incidence/SCOUT.md:86:| `M02 HUR` | ordered matchings `(A,B)->(B,BAB)` | `225 / 225 / 1 / {1,2,3} / 0` | complete temporal action | **`KILL_DIRECT_HURWITZ_ACTION`** |
/root/autodl-tmp/symbolic_dynamics/docs/papers162_166_sequence/scouting/replacement_matchings_incidence/SCOUT.md:153:factorization shows that they are generic power-map and permutation-root
/root/autodl-tmp/symbolic_dynamics/papers/08-positive-cone-recurrent-trace/sections/5_chiral_obstruction.tex:51:give $2\sum_ny_n(t)$.  Each is the word product $g^{-1}g=e$ arising from an
/root/autodl-tmp/symbolic_dynamics/docs/papers162_166_sequence/scouting/open_fresh_p166_round8/IDEA_LEDGER.md:34:| `BFR` | braid-arrangement faces / ordered partitions; `P -> P * rho(P)` under the Tits product and cyclic label rotation | `T^t(P)=P*rho(P)*...*rho^t(P)`; sharp tail `n-2`; fixed count `sum_(d|n) d!` | the whole proof is left-regular-band support refinement; no independent target inverse survives generic Tits/refinement subtraction | `KILL_LRB_REFINEMENT_ENGINE` |
/root/autodl-tmp/symbolic_dynamics/docs/papers112_116_sequence/scouting/STOCHASTIC_SCOUT.md:1:# Stochastic / semigroup-cocycle scout for the P112--P116 intake
/root/autodl-tmp/symbolic_dynamics/docs/papers112_116_sequence/scouting/STOCHASTIC_SCOUT.md:32:   anomaly.  Hostile semigroup review subsequently found and classified four
/root/autodl-tmp/symbolic_dynamics/docs/papers112_116_sequence/scouting/STOCHASTIC_SCOUT.md:68:| P1--P43 | arithmetic Markov/Fredholm systems, finite holonomy and group cocycles, affine-semigroup and Cayley-chain firewalls |
/root/autodl-tmp/symbolic_dynamics/docs/papers112_116_sequence/scouting/STOCHASTIC_SCOUT.md:70:| P72--P91 | Coxeter and Catalan automata, sandpile translations, noisy hidden processes, Bernoulli reset SFTs, finite group shifts |
/root/autodl-tmp/symbolic_dynamics/docs/papers112_116_sequence/scouting/STOCHASTIC_SCOUT.md:76:semigroup audit corrected the first item's initial generator-rank proxy: T1
/root/autodl-tmp/symbolic_dynamics/docs/papers112_116_sequence/scouting/STOCHASTIC_SCOUT.md:103:| T5 | Stern--Brocot shears `[[1,1],[0,1]]`, `[[1,0],[1,1]]` | word is a coprime pair; exact first and tensor moments | random continued fractions / positive matrix products; P99 shear and P111 positive-word proximity | **KILL DIRECT + INTERNAL** |
/root/autodl-tmp/symbolic_dynamics/docs/papers112_116_sequence/scouting/STOCHASTIC_SCOUT.md:107:| T9 | uniform iid Temperley--Lieb reconnections `e_i` on link patterns of `2m` points | finite semigroup kernel and Catalan state count | stochastic Temperley--Lieb/raise-and-peel owners; P74/P82/P83 Catalan region | **KILL DIRECT OWNER** |
/root/autodl-tmp/symbolic_dynamics/docs/papers112_116_sequence/scouting/STOCHASTIC_SCOUT.md:144:semigroup words.  In fact no word of length one or two is a projective reset,
/root/autodl-tmp/symbolic_dynamics/docs/papers112_116_sequence/scouting/STOCHASTIC_SCOUT.md:243:For each word it compares the chronological literal product, literal vector
/root/autodl-tmp/symbolic_dynamics/docs/papers112_116_sequence/scouting/STOCHASTIC_SCOUT.md:554:semigroup firewall.  Decision: `RESERVE_INTERNAL_HIGH_RISK`, not a current
/root/autodl-tmp/symbolic_dynamics/docs/papers112_116_sequence/scouting/STOCHASTIC_SCOUT.md:614:the transition is a finite semigroup walk.  Stochastic Temperley--Lieb and
/root/autodl-tmp/symbolic_dynamics/docs/papers162_166_sequence/scouting/word_combinatorial/SCOUT.md:69:| `ITS` | left-to-right sweep of legal vertex toggles on independent sets of path `P_n` | `P_8`: 55 states in cycles of lengths `3,9,13,13,17` | bijective Coxeter-element dynamics; singleton fibres | Joseph–Roby directly study this literal path independent-set toggle system and its orbit structure | `KILL_DIRECT_OWNER` |
/root/autodl-tmp/symbolic_dynamics/docs/papers117_121_sequence/scouting/STOCHASTIC_PHASE2B_SCOUT.md:62:firing, gcd--lcm smoothing, finite semigroup walks, and iid matrix-word
/root/autodl-tmp/symbolic_dynamics/docs/papers162_166_sequence/scouting/replacement_nonlinear_algebra/verify_scout.py:172:# Nilpotent semigroup recurrence windows.
/root/autodl-tmp/symbolic_dynamics/docs/papers162_166_sequence/scouting/replacement_nonlinear_algebra/verify_scout.py:175:def word_semigroup(alphabet, cap):
/root/autodl-tmp/symbolic_dynamics/docs/papers162_166_sequence/scouting/replacement_nonlinear_algebra/verify_scout.py:178:        words.extend("".join(w) for w in product(alphabet, repeat=n))
/root/autodl-tmp/symbolic_dynamics/docs/papers162_166_sequence/scouting/replacement_nonlinear_algebra/verify_scout.py:209:    total = len(word_semigroup(tuple(str(i) for i in range(alphabet_size)), cap)) ** 2
/root/autodl-tmp/symbolic_dynamics/docs/papers162_166_sequence/scouting/replacement_nonlinear_algebra/verify_scout.py:231:    S = word_semigroup(alphabet, cap)
/root/autodl-tmp/symbolic_dynamics/docs/papers162_166_sequence/scouting/replacement_nonlinear_algebra/verify_scout.py:252:def path_semigroup(n):
/root/autodl-tmp/symbolic_dynamics/docs/papers162_166_sequence/scouting/replacement_nonlinear_algebra/verify_scout.py:275:def semigroup_windows():
/root/autodl-tmp/symbolic_dynamics/docs/papers162_166_sequence/scouting/replacement_nonlinear_algebra/verify_scout.py:278:        S = word_semigroup("ab", cap)
/root/autodl-tmp/symbolic_dynamics/docs/papers162_166_sequence/scouting/replacement_nonlinear_algebra/verify_scout.py:308:    S = path_semigroup(5)
/root/autodl-tmp/symbolic_dynamics/docs/papers162_166_sequence/scouting/replacement_nonlinear_algebra/verify_scout.py:541:    codes = group_windows() + semigroup_windows() + ring_maps() + module_maps()
/root/autodl-tmp/symbolic_dynamics/docs/papers162_166_sequence/scouting/replacement_nonlinear_algebra/verify_scout.py:544:    print("CANDIDATES=24 GROUP=6 SEMIGROUP=6 RING_ALGEBRA=6 MODULE_CONFIG=6")
/root/autodl-tmp/symbolic_dynamics/docs/papers117_121_sequence/scouting/STOCHASTIC_SCOUT.md:1:# Stochastic, semigroup, and rewrite Phase-2 scout
/root/autodl-tmp/symbolic_dynamics/docs/papers117_121_sequence/scouting/STOCHASTIC_SCOUT.md:50:[Kassing--Giesl](https://arxiv.org/abs/2409.17714)); finite-semigroup walks
/root/autodl-tmp/symbolic_dynamics/docs/papers117_121_sequence/scouting/STOCHASTIC_SCOUT.md:79:| S08 | a fixed signed-tropical Fibonacci pair | orientation-sensitive first balance, but a finite sign-pattern semigroup | **KILL** |
/root/autodl-tmp/symbolic_dynamics/docs/papers117_121_sequence/scouting/STOCHASTIC_SCOUT.md:177:- **Subtraction.**  Completely simple/Rees structure and finite-semigroup
/root/autodl-tmp/symbolic_dynamics/docs/papers117_121_sequence/scouting/STOCHASTIC_SCOUT.md:213:- **Subtraction.**  Finite inverse-semigroup harmonic analysis is established
/root/autodl-tmp/symbolic_dynamics/docs/papers117_121_sequence/scouting/STOCHASTIC_SCOUT.md:232:- **Owner/internal subtraction.**  General finite-semigroup and finite-linear
/root/autodl-tmp/symbolic_dynamics/docs/papers117_121_sequence/scouting/STOCHASTIC_SCOUT.md:233:  dynamics are zero credit.  P35 affine semigroups, P100 valuation erasure,
/root/autodl-tmp/symbolic_dynamics/docs/papers117_121_sequence/scouting/STOCHASTIC_SCOUT.md:287:  magnitudes fixed at zero, the generated sign-pattern semigroup is finite,
/root/autodl-tmp/symbolic_dynamics/docs/papers117_121_sequence/scouting/STOCHASTIC_SCOUT.md:290:- **Two routes.**  Signed path cancellation and literal finite-semigroup
/root/autodl-tmp/symbolic_dynamics/papers/111-positive-heisenberg-word-area-cocycle/main.tex:39:\keywords{random matrix product, Heisenberg group, inversion statistic,
/root/autodl-tmp/symbolic_dynamics/docs/papers172_176_sequence/scouting/fresh_nonlinear_algebra/SCOUT_AND_KILL_LEDGER.md:37:| `G03/HUR` | (S_n^2); ((x,y)\mapsto(y,y^{-1}xy)) | At (S_3,S_4): a bijection with product (xy) invariant; periods range through (1,2,3,4,6,8), and every fibre is one. | **`KILL_LITERAL_HURWITZ_OWNER`**.  This is exactly the standard two-strand Hurwitz generator, already rejected repeatedly in P107--P157 owner gates. |
/root/autodl-tmp/symbolic_dynamics/docs/papers127_131_sequence/scouting/root/SCOUT.md:25:| X10 | ternary words; rotate every maximal nonzero run | product of cyclic run rotations | kill: direct disjoint-block product |
/root/autodl-tmp/symbolic_dynamics/papers/08-positive-cone-recurrent-trace/sections/7_route_outcome.tex:70:holomorphic doubled positive-semigroup transfer, without an adjoint, whose
/root/autodl-tmp/symbolic_dynamics/docs/papers132_136_sequence/scouting/algebraic/SCOUT.md:109:| `G03` | `(Z/mZ)^3`; sweep the adjacent pairs by `R(x,y)=(y,2y-x)`. | `3<=m<=10`; 3,016 states; **9,072** assertions.  Bijective braid sweep, maximum period six and exactly `m` fixed triples. | **KILL OWNER.**  Alexander-quandle/Burau linear braid action. |
/root/autodl-tmp/symbolic_dynamics/papers/104-monomial-toggle-contraction-cocycles/main.tex:38:\keywords{random matrix product, linear cocycle, singular value, Markov additive functional, folded normal law, generalized Lyapunov exponent}
/root/autodl-tmp/symbolic_dynamics/papers/139-lyndon-factor-start-feedback/main.tex:52:its nonincreasing Chen--Fox--Lyndon factorization, and iterate this mask map.
/root/autodl-tmp/symbolic_dynamics/docs/papers192_196_sequence/scouting/SOURCE_QUERY_LEDGER.md:11:| P192 | first/equal lower-endpoint Hurwitz scheduler; deterministic conditional Hurwitz strings; parking functions and cycle factorizations; braid action on parking functions | Dénes on minimal transposition factorizations; Stanley and Irving--Rattan on parking functions/factorizations; Gorsky--Gorsky on braid actions; Campion Loth--Rattan (2025) on a reversible monotone/star-factorization bijection built from conditional Hurwitz strings, including an equal-lower-endpoint case | closest deterministic neighbour added and zero-credited after hostile Review A; its convention, scheduler, objective, and theorem output are not literal P192, but the dense surface forces `OWNER_RED_AMBER` and no release clearance |
/root/autodl-tmp/symbolic_dynamics/docs/papers142_146_sequence/scouting/algebraic/SCOUT.md:13:permanently killed, including the superficially attractive numerical-semigroup
/root/autodl-tmp/symbolic_dynamics/docs/papers142_146_sequence/scouting/algebraic/SCOUT.md:61:| `NSB` | bounded numerical semigroups | 5 / 1,453 | 10,186 |
/root/autodl-tmp/symbolic_dynamics/docs/papers142_146_sequence/scouting/algebraic/SCOUT.md:90:| `NSB` | On numerical semigroups with gaps in `[1,B]`, adjoin the Frobenius number. | Pointwise depth equals genus; the ordinary semigroup is the unique depth-`B` state; every fibre is an effective-generator inverse. | **KILL DIRECT OWNER.**  This is precisely the standard numerical-semigroup tree orientation, so its attractive clock and inverse rule are definition-level owner material. |
/root/autodl-tmp/symbolic_dynamics/docs/papers97_101_sequence/phase1/CANDIDATE_POOL_AND_KILL_LEDGER.md:28:| action | nonlinear Minkowski self-sum | deterministic shift | unimodular group action | deterministic absorbing map | iid semigroup cocycle |
/root/autodl-tmp/symbolic_dynamics/docs/papers97_101_sequence/phase1/CANDIDATE_POOL_AND_KILL_LEDGER.md:30:| proof engine | Cauchy–Davenport plus doubling order | polynomial gcd with repeated roots | Hermite normal form | base-`p` digit conjugacy | order statistics and semigroup normal form |
/root/autodl-tmp/symbolic_dynamics/docs/papers97_101_sequence/phase1/CANDIDATE_POOL_AND_KILL_LEDGER.md:151:| full transformation monoid squaring | `KILL_FIREWALL_OWNER_RISK` | attractive fixed formulas reduce to generic functional-digraph census, explicitly excluded this round; transformation-semigroup index/period owners are close |
/root/autodl-tmp/symbolic_dynamics/docs/papers142_146_sequence/scouting/algebraic/verify_algebraic_scout.py:867:# NSB: adjoin the Frobenius number of a numerical semigroup
/root/autodl-tmp/symbolic_dynamics/docs/papers142_146_sequence/scouting/algebraic/verify_algebraic_scout.py:870:def is_numerical_semigroup_mask(mask, bound):
/root/autodl-tmp/symbolic_dynamics/docs/papers142_146_sequence/scouting/algebraic/verify_algebraic_scout.py:890:                       if is_numerical_semigroup_mask(mask, bound))
/root/autodl-tmp/symbolic_dynamics/docs/papers142_146_sequence/scouting/algebraic/verify_algebraic_scout.py:902:              "numerical-semigroup genus clock failed")
/root/autodl-tmp/symbolic_dynamics/docs/papers142_146_sequence/scouting/algebraic/verify_algebraic_scout.py:908:            check(target in carrier, "adjoining Frobenius broke semigroup closure")
/root/autodl-tmp/symbolic_dynamics/docs/papers142_146_sequence/scouting/algebraic/verify_algebraic_scout.py:912:              "ordinary semigroup is not the unique deepest witness")
/root/autodl-tmp/symbolic_dynamics/docs/papers142_146_sequence/scouting/algebraic/verify_algebraic_scout.py:925:                  "numerical-semigroup every-target fibre failed")
/root/autodl-tmp/symbolic_dynamics/docs/papers142_146_sequence/scouting/algebraic/verify_algebraic_scout.py:935:        "NSB", "bounded_numerical_semigroups",
/root/autodl-tmp/symbolic_dynamics/docs/papers142_146_sequence/scouting/algebraic/verify_algebraic_scout.py:936:        "all numerical semigroups with gaps in [1,B], B=8,10,12,14,16; adjoin Frobenius number",
/root/autodl-tmp/symbolic_dynamics/docs/papers142_146_sequence/scouting/algebraic/verify_algebraic_scout.py:938:        "pointwise genus clock, unique sharp ordinary semigroup, exact effective-generator inverse fibres",
/root/autodl-tmp/symbolic_dynamics/docs/papers142_146_sequence/scouting/algebraic/verify_algebraic_scout.py:940:        "this is the standard numerical-semigroup tree orientation; the attractive theorem is definition-level owner material",
/root/autodl-tmp/symbolic_dynamics/papers/126-balanced-composition-refinement/main.tex:269:For the empty word this is the one-factor product $R_K(0)=1$.
/root/autodl-tmp/symbolic_dynamics/docs/papers147_151_sequence/scouting/combinatorial/SCOUT.md:34:| `C01` | bounded word; delete the leftmost equal adjacent pair | free-product normal form, exact cancellation clock, every-target regular-tree walk fibre | free-product/cogrowth theory plus the explicit free-monoid transport kill | **KILL_TRANSFER** |
/root/autodl-tmp/symbolic_dynamics/docs/papers147_151_sequence/scouting/combinatorial/SCOUT.md:562:[*Coxeter Interchange Graphs*](https://doi.org/10.1007/s00026-025-00768-9)
/root/autodl-tmp/symbolic_dynamics/docs/papers147_151_sequence/scouting/combinatorial/verify_combinatorial_scout.py:368:            for word in product(range(q), repeat=length)
/root/autodl-tmp/symbolic_dynamics/papers/08-positive-cone-recurrent-trace/sections/8_conclusion.tex:31:holomorphic doubled free-semigroup transfer using separate positive
/root/autodl-tmp/symbolic_dynamics/papers/08-positive-cone-recurrent-trace/sections/4_tau_euler.tex:17:mixed closed base word contains at least one cross edge.  Its cocycle product
/root/autodl-tmp/symbolic_dynamics/papers/114-rooted-forest-leaf-peeling/main.tex:131:priority credit to the height clock, semigroup/absorption mechanism, Cayley
/root/autodl-tmp/symbolic_dynamics/docs/papers157_161_sequence/scouting/stochastic/SCOUT.md:254:random-function semigroup; its state is a nested spatial rectangle and its
/root/autodl-tmp/symbolic_dynamics/papers/101-random-cap-floor-synchronization/main.tex:36:\keywords{random dynamical system, monotone interval map, synchronization, iterated random function, order statistic, contraction semigroup}
/root/autodl-tmp/symbolic_dynamics/papers/101-random-cap-floor-synchronization/main.tex:61:semigroups, and makes no absolute novelty or priority claim.
/root/autodl-tmp/symbolic_dynamics/papers/101-random-cap-floor-synchronization/main.tex:79:\cite{MatiasSilva2021}.  On a finite chain, semigroups generated by
/root/autodl-tmp/symbolic_dynamics/papers/101-random-cap-floor-synchronization/main.tex:95:iterated-function, synchronization, order-statistic, or semigroup
/root/autodl-tmp/symbolic_dynamics/papers/101-random-cap-floor-synchronization/main.tex:406:random maps \cite{MatiasSilva2021}, contraction semigroups on finite chains
/root/autodl-tmp/symbolic_dynamics/docs/papers157_161_sequence/phase1/combinatorial_gate/REPLACEMENT_SCOUT.md:22:linear maximum-period pattern but is exactly the path-independent-set Coxeter
/root/autodl-tmp/symbolic_dynamics/docs/papers157_161_sequence/phase1/combinatorial_gate/REPLACEMENT_SCOUT.md:44:| 4 | `HWT` | reduced transposition factorizations of an `n`-cycle | full Hurwitz braid sweep | `n^(n-2)` states; max periods `n(n-1)` at `n=4,5,6` | `KILL_DIRECT_HURWITZ` |
/root/autodl-tmp/symbolic_dynamics/docs/papers157_161_sequence/phase1/combinatorial_gate/REPLACEMENT_SCOUT.md:45:| 5 | `NFR` | ordered pairs in a finite group | `(x,y)->(y,xy)` | nonabelian periods `1,3,8,18` on `S_1,...,S_4` | `KILL_NIELSEN_ACTION` |
/root/autodl-tmp/symbolic_dynamics/docs/papers157_161_sequence/phase1/combinatorial_gate/REPLACEMENT_SCOUT.md:47:| 7 | `CRW` | reduced words of the longest permutation | leftmost lex-decreasing Coxeter relation | fixed counts `1,1,3,20`; max tails `0,1,4,12` | `KILL_SCHEDULER_AND_WORD_GRAPH` |
/root/autodl-tmp/symbolic_dynamics/docs/papers157_161_sequence/phase1/combinatorial_gate/REPLACEMENT_SCOUT.md:128:  Coxeter element in the toggle group of a path.  Joseph--Roby directly study
/root/autodl-tmp/symbolic_dynamics/docs/papers157_161_sequence/phase1/combinatorial_gate/REPLACEMENT_SCOUT.md:144:  orbits, and the Nielsen interpretation are direct literature objects; even
/root/autodl-tmp/symbolic_dynamics/docs/papers157_161_sequence/phase1/combinatorial_gate/REPLACEMENT_SCOUT.md:149:## 4. `HWT`: Hurwitz sweep on reduced transposition factorizations
/root/autodl-tmp/symbolic_dynamics/docs/papers157_161_sequence/phase1/combinatorial_gate/REPLACEMENT_SCOUT.md:152:- **Update.** Apply the Hurwitz moves at adjacent positions from left to right.
/root/autodl-tmp/symbolic_dynamics/docs/papers157_161_sequence/phase1/combinatorial_gate/REPLACEMENT_SCOUT.md:160:- **Collision.** The carrier, local moves, transitivity, and Coxeter-element
/root/autodl-tmp/symbolic_dynamics/docs/papers157_161_sequence/phase1/combinatorial_gate/REPLACEMENT_SCOUT.md:161:  factorization count all belong directly to Hurwitz-action theory.  The power
/root/autodl-tmp/symbolic_dynamics/docs/papers157_161_sequence/phase1/combinatorial_gate/REPLACEMENT_SCOUT.md:163:  `KILL_DIRECT_HURWITZ`.**
/root/autodl-tmp/symbolic_dynamics/docs/papers157_161_sequence/phase1/combinatorial_gate/REPLACEMENT_SCOUT.md:165:## 5. `NFR`: Nielsen--Fibonacci group-pair dynamics
/root/autodl-tmp/symbolic_dynamics/docs/papers157_161_sequence/phase1/combinatorial_gate/REPLACEMENT_SCOUT.md:168:- **Update.** `(x,y)->(y,xy)`, a bijection induced by a free-group Nielsen
/root/autodl-tmp/symbolic_dynamics/docs/papers157_161_sequence/phase1/combinatorial_gate/REPLACEMENT_SCOUT.md:176:- **Collision.** The map is literally evaluation of a named Nielsen
/root/autodl-tmp/symbolic_dynamics/docs/papers157_161_sequence/phase1/combinatorial_gate/REPLACEMENT_SCOUT.md:179:  `KILL_NIELSEN_ACTION`.**
/root/autodl-tmp/symbolic_dynamics/docs/papers157_161_sequence/phase1/combinatorial_gate/REPLACEMENT_SCOUT.md:198:## 7. `CRW`: oriented Coxeter-relation descent on reduced words
/root/autodl-tmp/symbolic_dynamics/docs/papers157_161_sequence/phase1/combinatorial_gate/REPLACEMENT_SCOUT.md:201:- **Update.** Find the leftmost commuting or long-braid relation whose
/root/autodl-tmp/symbolic_dynamics/docs/papers157_161_sequence/phase1/combinatorial_gate/REPLACEMENT_SCOUT.md:208:- **Collision.** Matsumoto connectivity, reduced-word commutation/braid graphs,
/root/autodl-tmp/symbolic_dynamics/docs/papers157_161_sequence/phase1/combinatorial_gate/REPLACEMENT_SCOUT.md:288:group factorizations, group pairs, carry words, Coxeter words, transform words,
/root/autodl-tmp/symbolic_dynamics/docs/papers162_166_sequence/scouting/cyclic_successor_feedback/verify_scout.py:190:    for word in product(range(q), repeat=n):
/root/autodl-tmp/symbolic_dynamics/papers/14-tensor-bar-mobius-selector/main.tex:55:  pdfkeywords={symbolic dynamics, full shifts, tensor product, Mobius inversion, Fredholm determinant, Riemann zeta}
/root/autodl-tmp/hilbert-polya-structure/symbolic_dynamics/papers/08-positive-cone-recurrent-trace/main.tex:33:\hypersetup{pdftitle={Positive-Cone Cocycles on a Recurrent Tensor-Prime Shift},pdfauthor={Anonymous Authors},pdfsubject={Exploratory arithmetic symbolic dynamics},pdfkeywords={symbolic dynamics, free group cocycle, von Neumann trace, Euler product, chiral backtracking}}
/root/autodl-tmp/symbolic_dynamics/docs/papers162_166_sequence/scouting/replacement_crossclass/verify_scout.py:384:# F03: squaring in the full transformation monoid.
/root/autodl-tmp/symbolic_dynamics/papers/190-brandt-sandwich-erosion/main.tex:33:\keywords{Brandt semigroup, finite dynamics, cellular automaton, transient, fibre, transfer matrix}
/root/autodl-tmp/symbolic_dynamics/papers/190-brandt-sandwich-erosion/main.tex:38:Let $B_n=\{0\}\cup[n]^2$ be the aperiodic Brandt semigroup of matrix
/root/autodl-tmp/symbolic_dynamics/papers/190-brandt-sandwich-erosion/main.tex:62:For $n\geq1$, the aperiodic Brandt semigroup is
/root/autodl-tmp/symbolic_dynamics/papers/190-brandt-sandwich-erosion/main.tex:67:with zero absorbing.  Put $(a,b)^*=(b,a)$ and $0^*=0$.  Brandt semigroups
/root/autodl-tmp/symbolic_dynamics/papers/190-brandt-sandwich-erosion/main.tex:79:carrier.  Finite cyclic cellular-automaton transformation semigroups are
/root/autodl-tmp/symbolic_dynamics/papers/190-brandt-sandwich-erosion/main.tex:81:for local rules furnished by small associative semigroups are also known
/root/autodl-tmp/symbolic_dynamics/papers/190-brandt-sandwich-erosion/main.tex:83:asserted to be a semigroup multiplication.
/root/autodl-tmp/symbolic_dynamics/papers/190-brandt-sandwich-erosion/main.tex:347:The paper treats the aperiodic Brandt semigroup and a cyclic one-sided
/root/autodl-tmp/symbolic_dynamics/papers/190-brandt-sandwich-erosion/main.tex:348:neighbourhood only.  It gives no theorem for Brandt semigroups over nontrivial
/root/autodl-tmp/symbolic_dynamics/papers/20-recurrent-verifier-clock-dilution/main.tex:60:  pdfkeywords={symbolic dynamics, countable Markov shift, weighted adjacency, compactness, Fredholm determinant, Euler product, inducing}
/root/autodl-tmp/symbolic_dynamics/docs/papers162_166_sequence/scouting/outdegree_residue_clustering/verify_scout.py:285:    for residue_word in product(range(3), repeat=n):
/root/autodl-tmp/symbolic_dynamics/papers/153-factorial-collapse-finite-plane/main.tex:388:& No sublattice layers or random matrix words; one scalar product dies at a
/root/autodl-tmp/hilbert-polya-structure/symbolic_dynamics/papers/116-max-plus-switching-induced-growth/main.tex:33:\keywords{max-plus matrix product, random cocycle, Markov-additive process,
/root/autodl-tmp/symbolic_dynamics/papers/26-pure-power-selector-atom-collapse/sections/B_scope_declarations.tex:15:Wordwise / aggregate & every positive word is audited & scalar pencil product as proof of word purity \\
/root/autodl-tmp/symbolic_dynamics/papers/167-minimum-inverse-position-feedback/main.tex:75:transversals and inverse matchings in transformation semigroups are
/root/autodl-tmp/symbolic_dynamics/docs/papers162_166_sequence/scouting/stochastic_spatial/verify_scout.py:121:            for word in product(group, repeat=length):
/root/autodl-tmp/symbolic_dynamics/docs/papers162_166_sequence/scouting/stochastic_spatial/verify_scout.py:366:                    for word in product(range(alphabet_size), repeat=t):
/root/autodl-tmp/symbolic_dynamics/docs/papers162_166_sequence/scouting/stochastic_spatial/verify_scout.py:806:                for word in product((0, 1), repeat=t):
/root/autodl-tmp/symbolic_dynamics/docs/papers162_166_sequence/scouting/root_cyclic_equality_feedback/verify_scout.py:142:        words = tuple(product(range(q), repeat=n))
/root/autodl-tmp/symbolic_dynamics/docs/papers167_171_sequence/scouting/mip_hostile_gate/PROOF_REDERIVATION.md:37:This extension need not be a mutual semigroup inverse: for `f=(0,0)`,
/root/autodl-tmp/symbolic_dynamics/papers/17-fiber-cocycle-artin-factor/sections/2_classical_boundary.tex:27:word, whereas the singleton fixed point of \eqref{1.1} has product \(a\ne e\).
/root/autodl-tmp/symbolic_dynamics/docs/papers187_191_sequence/scouting/algebra_lane/replacement/KILL_LEDGER.md:14:| `R04/HUR` | Every state is recurrent; periods reach four on both `S_3` and `D_8`; all fibres have size one. | `KILL_DIRECT_HURWITZ_ACTION` | The literal update is a standard Hurwitz generator.  Finite-group specialization cannot claim its action or orbit language, and singleton fibres supply no independent axis. |
/root/autodl-tmp/symbolic_dynamics/papers/23-unary-holonomy-finite-fiber-rigidity/sections/10_route_evaluation.tex:49:Finite-semigroup and automaton responses are covered by
/root/autodl-tmp/symbolic_dynamics/papers/23-unary-holonomy-finite-fiber-rigidity/sections/10_route_evaluation.tex:50:\cref{thm:finite-semigroup,thm:automata}.  Fixed characteristic-zero linear
/root/autodl-tmp/symbolic_dynamics/papers/23-unary-holonomy-finite-fiber-rigidity/sections/B_scope_ledger.tex:47:finite-fiber periodicity & proved here & fixed semigroup/DFA/NFA only \\
/root/autodl-tmp/hilbert-polya-structure/symbolic_dynamics/papers/162-random-translation-intersection/main.tex:143:\begin{lemma}\label{lem:semigroup}
/root/autodl-tmp/hilbert-polya-structure/symbolic_dynamics/papers/162-random-translation-intersection/main.tex:160:$\E_{\langle v\rangle}$.  Lemma~\ref{lem:semigroup} iterated over the history
/root/autodl-tmp/hilbert-polya-structure/symbolic_dynamics/papers/17-fiber-cocycle-artin-factor/sections/A_proofs.tex:42:length-\(\ell\) closed word, the coefficient is the product of its
/root/autodl-tmp/symbolic_dynamics/docs/papers204_208_sequence/scouting/finite_systems_fourteenth/INTAKE.md:139:$\operatorname{Bin}(X)$ semigroup. For the latter, the pair map
/root/autodl-tmp/hilbert-polya-structure/symbolic_dynamics/papers/179-random-singleton-isolation/main.tex:43:boundaries are included.  Generic partition, coupon, and semigroup-walk
/root/autodl-tmp/hilbert-polya-structure/symbolic_dynamics/papers/179-random-singleton-isolation/main.tex:68:semigroup-walk diagonalization technology \cite{Brown2000}.  Accordingly,
/root/autodl-tmp/symbolic_dynamics/docs/papers204_208_sequence/scouting/finite_systems_fourteenth/PROOF_AND_DISPOSITION.md:241:so no semigroup multiplication simplification may be inserted into RRM.
/root/autodl-tmp/symbolic_dynamics/papers/14-tensor-bar-mobius-selector/sections/5_incidence_innovation.tex:151:$B_X(s)$, and form the same one-vertex ordered-word shift with product weight
/root/autodl-tmp/hilbert-polya-structure/symbolic_dynamics/papers/183-random-incoming-copy-symmetrization/main.tex:77:generated by finite semigroups are also established background
/root/autodl-tmp/hilbert-polya-structure/symbolic_dynamics/papers/183-random-incoming-copy-symmetrization/main.tex:79:semigroup walks, coupon support, Stirling enumeration, and independence
/root/autodl-tmp/symbolic_dynamics/docs/papers204_208_sequence/scouting/graph_relation/SCOUT_REPORT.md:34:  Section9 C6, explicitly owns parallel source-to-sink via clicks/Coxeter
/root/autodl-tmp/symbolic_dynamics/docs/papers204_208_sequence/scouting/word_local/MNC_GATE/SOURCE_AND_PROOF.md:198:| Jen, *Enumeration of Preimages in Cellular Automata* (1989), introduction, Section 2 through equation (2.1), complete Sections 5.4–5.5, Appendix A conventions and rule-36 entry; [primary journal PDF](https://content.wolfram.com/sites/13/2018/02/03-5-2.pdf) | Arbitrary-alphabet endpoint recurrences, binary run optimization, and forbidden-block modifications are occupied. Section 5.4 is a real optimization precedent, but its prose is not an exact theorem establishing MNC's labeled ternary strict maximum. The binary open-word rule-36 Fibonacci product is not silently substituted for the cyclic three-color count. |
/root/autodl-tmp/symbolic_dynamics/docs/papers204_208_sequence/scouting/word_local/MNC_GATE/SOURCE_AND_PROOF.md:201:| Fukś, *Ternary cellular automata induced by semigroups of order 3 are solvable*, arXiv:2601.00486v1, abstract and Sections 1–2 definitions; [primary HTML](https://arxiv.org/html/2601.00486v1) | The class has two essential inputs. MNC has three, as the literal triple table demonstrates. This excludes only a direct sitewise relabeling/reflection into that class, not arbitrary block/time encodings. It provides no clearance for MNC. |
/root/autodl-tmp/symbolic_dynamics/papers/39-affine-obstruction-dag-closure-certificate/PROOF_PACKAGE.md:472:outside the Paper-35--38 affine semigroup/HNN repair contract. Hence
/root/autodl-tmp/symbolic_dynamics/papers/21-successor-divisor-cycle-flood/sections/A_proof_details.tex:21:is realized.  Since the numerical semigroup generated by \(2,3\) contains
/root/autodl-tmp/symbolic_dynamics/papers/23-unary-holonomy-finite-fiber-rigidity/sections/1_introduction.tex:36:We close that chain.  A finite semigroup sees \(1^{k-1}2\) as
/root/autodl-tmp/symbolic_dynamics/papers/23-unary-holonomy-finite-fiber-rigidity/sections/1_introduction.tex:86:  successor--tensor source and prove a fixed finite-semigroup/DFA/NFA
/root/autodl-tmp/symbolic_dynamics/docs/papers87_91_sequence/phase1/CANDIDATE_POOL_AND_KILL_LEDGER.md:24:relation SFT, a semigroup tree-SFT, a random Markov cocycle, a conservative
/root/autodl-tmp/symbolic_dynamics/docs/papers87_91_sequence/phase1/CANDIDATE_POOL_AND_KILL_LEDGER.md:109:  environment words were enumerated independently of matrix products.
/root/autodl-tmp/hilbert-polya-structure/symbolic_dynamics/papers/23-unary-holonomy-finite-fiber-rigidity/sections/4_finite_fibers.tex:33:\begin{lemma}[Finite-semigroup powers]
/root/autodl-tmp/hilbert-polya-structure/symbolic_dynamics/papers/23-unary-holonomy-finite-fiber-rigidity/sections/4_finite_fibers.tex:34:\label{lem:semigrouppower}
/root/autodl-tmp/hilbert-polya-structure/symbolic_dynamics/papers/23-unary-holonomy-finite-fiber-rigidity/sections/4_finite_fibers.tex:35:Let \(S\) be a finite semigroup and \(a\in S\).  There are
/root/autodl-tmp/hilbert-polya-structure/symbolic_dynamics/papers/23-unary-holonomy-finite-fiber-rigidity/sections/4_finite_fibers.tex:52:\begin{theorem}[Fixed finite-semigroup no-go]
/root/autodl-tmp/hilbert-polya-structure/symbolic_dynamics/papers/23-unary-holonomy-finite-fiber-rigidity/sections/4_finite_fibers.tex:53:\label{thm:finite-semigroup}
/root/autodl-tmp/hilbert-polya-structure/symbolic_dynamics/papers/23-unary-holonomy-finite-fiber-rigidity/sections/4_finite_fibers.tex:54:Let \(\phi:\{1,2\}^{+}\to S\) be a morphism into a fixed finite semigroup,
/root/autodl-tmp/hilbert-polya-structure/symbolic_dynamics/papers/23-unary-holonomy-finite-fiber-rigidity/sections/4_finite_fibers.tex:75:By \cref{lem:semigrouppower}, the power is eventually periodic; right
/root/autodl-tmp/hilbert-polya-structure/symbolic_dynamics/papers/23-unary-holonomy-finite-fiber-rigidity/sections/4_finite_fibers.tex:104:The transformations of a finite state set form a finite semigroup, so
/root/autodl-tmp/hilbert-polya-structure/symbolic_dynamics/papers/23-unary-holonomy-finite-fiber-rigidity/sections/4_finite_fibers.tex:105:\cref{thm:finite-semigroup} applies.  For an NFA, either use the subset
/root/autodl-tmp/hilbert-polya-structure/symbolic_dynamics/papers/23-unary-holonomy-finite-fiber-rigidity/sections/4_finite_fibers.tex:107:Boolean-relation semigroup.
/root/autodl-tmp/hilbert-polya-structure/symbolic_dynamics/papers/23-unary-holonomy-finite-fiber-rigidity/sections/4_finite_fibers.tex:139:finite semigroup
/root/autodl-tmp/hilbert-polya-structure/symbolic_dynamics/papers/23-unary-holonomy-finite-fiber-rigidity/sections/4_finite_fibers.tex:157:Neither observation contradicts \cref{thm:finite-semigroup}.
/root/autodl-tmp/symbolic_dynamics/docs/papers92_96_sequence/phase1/CANDIDATE_POOL_AND_KILL_LEDGER.md:29:| action | deterministic shift | iid semigroup cocycle | deterministic shift from a directive sequence | deterministic shift | induced expanding continuous map |
/root/autodl-tmp/symbolic_dynamics/docs/papers92_96_sequence/phase1/CANDIDATE_POOL_AND_KILL_LEDGER.md:139:| independent-set Coxeter toggles | `KILL_DIRECT_OWNER_NO_SIGNAL` | direct toggle/homomesy owners exist and the second cycle probe loses a closed pattern |
/root/autodl-tmp/symbolic_dynamics/papers/27-mobius-incidence-atom-compiler/sections/2_source_literature.tex:55:\citep{stanley1970incidence,baclawski1972automorphisms}. Semigroup
/root/autodl-tmp/symbolic_dynamics/papers/30-free-monoid-incidence-indistinguishability/sections/2_sources_literature.tex:63:The monoid literature comes still closer.  Arithmetical semigroups are
/root/autodl-tmp/symbolic_dynamics/papers/30-free-monoid-incidence-indistinguishability/sections/2_sources_literature.tex:64:explicitly treated as free commutative semigroups on prime generators, with
/root/autodl-tmp/symbolic_dynamics/papers/34-positive-recognition-recurrence-quadrilemma/sections/2_literature_boundary.tex:36:\citep{BostConnes1995}, and the $ax+b$ semigroup has a canonical
/root/autodl-tmp/symbolic_dynamics/papers/09-holomorphic-reflection-double/main.tex:22:\hypersetup{pdftitle={Holomorphic Reflection Doubles of Positive-Cone Symbolic Transfers},pdfauthor={Anonymous Authors},pdfsubject={Exploratory arithmetic symbolic dynamics},pdfkeywords={symbolic dynamics, holomorphic operator pencil, reflection symmetry, free semigroup, rigidity}}
/root/autodl-tmp/symbolic_dynamics/papers/59-routing-period-hole-antichains/builds/round0/figures/boundary_table.tex:22:assigned to the numerical-semigroup formulas. \\
/root/autodl-tmp/symbolic_dynamics/papers/59-routing-period-hole-antichains/builds/round1/figures/boundary_table.tex:22:assigned to the numerical-semigroup formulas. \\
/root/autodl-tmp/symbolic_dynamics/papers/116-max-plus-switching-induced-growth/sections/6_scope_controls.tex:46:\cite{BlondelGaubertTsitsiklis2000}; projective semigroups and memory-loss
/root/autodl-tmp/symbolic_dynamics/papers/59-routing-period-hole-antichains/builds/round2/figures/boundary_table.tex:22:assigned to the numerical-semigroup formulas. \\
/root/autodl-tmp/symbolic_dynamics/papers/59-routing-period-hole-antichains/figures/boundary_table.tex:22:assigned to the numerical-semigroup formulas. \\
/root/autodl-tmp/symbolic_dynamics/papers/59-routing-period-hole-antichains/paper/sections/6_controls_boundaries.tex:51:semigroup arithmetic are all subtracted, the residual package should be
/root/autodl-tmp/symbolic_dynamics/papers/35-affine-semigroup-object-firewall/sections/9_route_conclusion.tex:14:A0 & structural origin & the all-integer affine semigroup is source-derived and uses no prime oracle \\
/root/autodl-tmp/symbolic_dynamics/papers/35-affine-semigroup-object-firewall/sections/9_route_conclusion.tex:43:\boxed{\texttt{CLOSE\_AFFINE\_SEMIGROUP\_PARTITION\_IDENTIFICATION\_BRANCH}.}
/root/autodl-tmp/symbolic_dynamics/papers/125-quadratic-state-shear/main.tex:243:Thus the braid relation fails.  Put \(R=\Phi\).  With products acting
/root/autodl-tmp/symbolic_dynamics/papers/26-pure-power-selector-atom-collapse/PROOF_PACKAGE.md:165:projector diagonal and set `A_i=P_i+N_i`.  Every word product has the same
/root/autodl-tmp/symbolic_dynamics/papers/43-squarefree-factor-periodic-rigidity/inputs/writer_baseline/sections/4_factor_rigidity.tex:137:  semigroup/induced dynamics \\
/root/autodl-tmp/symbolic_dynamics/papers/43-squarefree-factor-periodic-rigidity/sections/4_factor_rigidity.tex:137:  semigroup/induced dynamics \\
/root/autodl-tmp/symbolic_dynamics/papers/14-tensor-bar-mobius-selector/PROOF_PACKAGE.md:90:Regular additive endomorphisms of the positive entropy semigroup extend
/root/autodl-tmp/symbolic_dynamics/papers/14-tensor-bar-mobius-selector/PROOF_PACKAGE.md:244:The proof of Theorem 7 uses only the ordered-word product rule and geometric
/root/autodl-tmp/symbolic_dynamics/papers/59-routing-period-hole-antichains/paper/figures/boundary_table.tex:22:assigned to the numerical-semigroup formulas. \\
/root/autodl-tmp/symbolic_dynamics/papers/12-fourier-null-haar-fiber/PROOF_PACKAGE.md:60:5. Chiral erasure and mixed-word contamination use exact block products.
/root/autodl-tmp/symbolic_dynamics/papers/72-rank-two-graph-commutation-spectra/main.tex:296:This direct argument is consistent with the broader positive-semigroup
/root/autodl-tmp/symbolic_dynamics/papers/72-rank-two-graph-commutation-spectra/main.tex:322:the definition of a higher-rank path action, the general positive-semigroup
/root/autodl-tmp/symbolic_dynamics/papers/14-tensor-bar-mobius-selector/sections/2_prior_work.tex:27:\paragraph{Arithmetical semigroups.}
/root/autodl-tmp/symbolic_dynamics/papers/14-tensor-bar-mobius-selector/sections/2_prior_work.tex:29:functions to normed unique-factorization semigroups
/root/autodl-tmp/symbolic_dynamics/papers/14-tensor-bar-mobius-selector/sections/2_prior_work.tex:30:\citep{knopfmacher1975semigroups,knopfmacher1975functions}.  M\"obius
/root/autodl-tmp/symbolic_dynamics/papers/14-tensor-bar-mobius-selector/sections/2_prior_work.tex:31:inversion for flows of arithmetic semigroups provides a particularly direct
/root/autodl-tmp/symbolic_dynamics/papers/14-tensor-bar-mobius-selector/sections/2_prior_work.tex:33:with norm $e^{h(\F_n)}=n$, is not the first abstract arithmetic semigroup, and
/root/autodl-tmp/symbolic_dynamics/papers/14-tensor-bar-mobius-selector/sections/2_prior_work.tex:57:categorical, semigroup, or dynamical M\"obius construction.
/root/autodl-tmp/symbolic_dynamics/papers/44-q-adic-finite-size-boundary-spectra/sections/1_introduction.tex:70:Accordingly, Fibonacci word counts, the chain product, leading entropy and
/root/autodl-tmp/symbolic_dynamics/papers/74-dyck-motzkin-context-complexity/main.tex:104:The language $\cL(X_{M,N})$ consists of finite words whose product under
/root/autodl-tmp/symbolic_dynamics/papers/74-dyck-motzkin-context-complexity/main.tex:129:Every finite word with nonzero product occurs in a point of $X_{M,N}$.
/root/autodl-tmp/symbolic_dynamics/papers/135-derived-centralizer-orbit-partitions/main.tex:45:\keywords{permutation centralizer, wreath product, commutator subgroup, integer partition, finite dynamics, generating function}
/root/autodl-tmp/symbolic_dynamics/papers/86-finite-field-adjacent-product-process/main.tex:532:fiber semigroups and are not consequences of the two matrices above.
/root/autodl-tmp/symbolic_dynamics/papers/59-routing-period-hole-antichains/paper/sections/5_renewal_family.tex:79:so $n$ belongs to the semigroup.  Conversely, suppose
/root/autodl-tmp/symbolic_dynamics/papers/170-random-permutation-fixed-point-sieve/main.tex:82:\cite{DiaconisEvansGraham2014}.  Walks on idempotent semigroups already come
/root/autodl-tmp/symbolic_dynamics/papers/95-minimal-slack-no-repeat-shifts/main.tex:141:Hence the positive semigroup generated by the two labels is all of $S_q$,
/root/autodl-tmp/symbolic_dynamics/papers/59-routing-period-hole-antichains/builds/round2/sections/6_controls_boundaries.tex:51:semigroup arithmetic are all subtracted, the residual package should be
/root/autodl-tmp/symbolic_dynamics/papers/19-stationary-semiring-sieve-shift/main.tex:45:  pdfkeywords={symbolic dynamics, countable Markov shift, full shift semiring, Fredholm determinant, Euler product, primality verifier}
/root/autodl-tmp/symbolic_dynamics/papers/59-routing-period-hole-antichains/builds/round0/sections/0_abstract.tex:13:the numerical semigroup generated by those lengths.  The periods
/root/autodl-tmp/symbolic_dynamics/papers/23-unary-holonomy-finite-fiber-rigidity/sections/0_abstract.tex:4:finite-memory prime selector.  Every fixed finite group, semigroup, DFA, or
/root/autodl-tmp/symbolic_dynamics/papers/59-routing-period-hole-antichains/builds/round1/sections/0_abstract.tex:13:the numerical semigroup generated by those lengths.  The periods
/root/autodl-tmp/symbolic_dynamics/papers/59-routing-period-hole-antichains/builds/round2/sections/0_abstract.tex:13:the numerical semigroup generated by those lengths.  The periods
/root/autodl-tmp/symbolic_dynamics/papers/67-multiplicative-plaquette-matroid-complexity/sections/4_prefixes.tex:101:the multiplicative semigroup acting by decimations.  Accordingly,
/root/autodl-tmp/symbolic_dynamics/papers/23-unary-holonomy-finite-fiber-rigidity/sections/A_proof_details.tex:18:\cref{lem:primeperiod,thm:finite-semigroup}.
/root/autodl-tmp/symbolic_dynamics/papers/59-routing-period-hole-antichains/builds/round0/sections/5_renewal_family.tex:78:so $n$ belongs to the semigroup.  Conversely, suppose
/root/autodl-tmp/symbolic_dynamics/papers/59-routing-period-hole-antichains/builds/round1/sections/5_renewal_family.tex:79:so $n$ belongs to the semigroup.  Conversely, suppose
/root/autodl-tmp/symbolic_dynamics/papers/34-positive-recognition-recurrence-quadrilemma/sections/10_route_conclusion.tex:29:prime label is read, whether positive semigroup motion is acyclic, whether
/root/autodl-tmp/symbolic_dynamics/papers/75-racg-geodesic-join-components/main.tex:32:\title[Join components of RACG clique-automaton shifts]{Join Decomposition, Entropy, and Maximal Measures of Right-Angled Coxeter Clique-Automaton Edge Shifts}
/root/autodl-tmp/symbolic_dynamics/papers/75-racg-geodesic-join-components/main.tex:36:\keywords{right-angled Coxeter group, geodesic language, shift of finite type, graph join, measure of maximal entropy, zeta function}
/root/autodl-tmp/symbolic_dynamics/papers/75-racg-geodesic-join-components/main.tex:41:The standard geodesic language of a right-angled Coxeter group is recognized
/root/autodl-tmp/symbolic_dynamics/papers/75-racg-geodesic-join-components/main.tex:62:Let $\Gamma$ be a finite simple graph.  Its right-angled Coxeter group has one
/root/autodl-tmp/symbolic_dynamics/papers/75-racg-geodesic-join-components/main.tex:228:If $r=0$, then $\Gamma$ is complete and the Coxeter group is finite.  Support
/root/autodl-tmp/symbolic_dynamics/papers/75-racg-geodesic-join-components/main.tex:332:right-angled Coxeter geodesic growth rates \cite{KolpakovTalambutsa2020}.  We
/root/autodl-tmp/symbolic_dynamics/papers/59-routing-period-hole-antichains/builds/round2/sections/5_renewal_family.tex:79:so $n$ belongs to the semigroup.  Conversely, suppose
/root/autodl-tmp/symbolic_dynamics/papers/35-affine-semigroup-object-firewall/sections/3_source_lock.tex:4:\subsection{The full positive semigroup}
/root/autodl-tmp/symbolic_dynamics/papers/23-unary-holonomy-finite-fiber-rigidity/sections/4_finite_fibers.tex:33:\begin{lemma}[Finite-semigroup powers]
/root/autodl-tmp/symbolic_dynamics/papers/23-unary-holonomy-finite-fiber-rigidity/sections/4_finite_fibers.tex:34:\label{lem:semigrouppower}
/root/autodl-tmp/symbolic_dynamics/papers/23-unary-holonomy-finite-fiber-rigidity/sections/4_finite_fibers.tex:35:Let \(S\) be a finite semigroup and \(a\in S\).  There are
/root/autodl-tmp/symbolic_dynamics/papers/23-unary-holonomy-finite-fiber-rigidity/sections/4_finite_fibers.tex:52:\begin{theorem}[Fixed finite-semigroup no-go]
/root/autodl-tmp/symbolic_dynamics/papers/23-unary-holonomy-finite-fiber-rigidity/sections/4_finite_fibers.tex:53:\label{thm:finite-semigroup}
/root/autodl-tmp/symbolic_dynamics/papers/23-unary-holonomy-finite-fiber-rigidity/sections/4_finite_fibers.tex:54:Let \(\phi:\{1,2\}^{+}\to S\) be a morphism into a fixed finite semigroup,
/root/autodl-tmp/symbolic_dynamics/papers/23-unary-holonomy-finite-fiber-rigidity/sections/4_finite_fibers.tex:75:By \cref{lem:semigrouppower}, the power is eventually periodic; right
/root/autodl-tmp/symbolic_dynamics/papers/23-unary-holonomy-finite-fiber-rigidity/sections/4_finite_fibers.tex:104:The transformations of a finite state set form a finite semigroup, so
/root/autodl-tmp/symbolic_dynamics/papers/23-unary-holonomy-finite-fiber-rigidity/sections/4_finite_fibers.tex:105:\cref{thm:finite-semigroup} applies.  For an NFA, either use the subset
/root/autodl-tmp/symbolic_dynamics/papers/23-unary-holonomy-finite-fiber-rigidity/sections/4_finite_fibers.tex:107:Boolean-relation semigroup.
/root/autodl-tmp/symbolic_dynamics/papers/23-unary-holonomy-finite-fiber-rigidity/sections/4_finite_fibers.tex:139:finite semigroup
/root/autodl-tmp/symbolic_dynamics/papers/23-unary-holonomy-finite-fiber-rigidity/sections/4_finite_fibers.tex:157:Neither observation contradicts \cref{thm:finite-semigroup}.
/root/autodl-tmp/symbolic_dynamics/papers/37-local-coefficient-normal-closure-saturation/sections/3_source_lock.tex:90:The source process may construct presentations, words, bounded mixed products,
/root/autodl-tmp/symbolic_dynamics/papers/23-unary-holonomy-finite-fiber-rigidity/PROOF_PACKAGE.md:144:### Lemma 3.1 — powers in a finite semigroup
/root/autodl-tmp/symbolic_dynamics/papers/23-unary-holonomy-finite-fiber-rigidity/PROOF_PACKAGE.md:159:### Theorem 3.2 — finite-semigroup no-go
/root/autodl-tmp/symbolic_dynamics/papers/23-unary-holonomy-finite-fiber-rigidity/PROOF_PACKAGE.md:161:Let \(\phi:\{1,2\}^{+}\to S\) be a morphism into a fixed finite semigroup.
/root/autodl-tmp/symbolic_dynamics/papers/23-unary-holonomy-finite-fiber-rigidity/PROOF_PACKAGE.md:212:transformation semigroup.  For an NFA, determinize or use the finite
/root/autodl-tmp/symbolic_dynamics/papers/23-unary-holonomy-finite-fiber-rigidity/PROOF_PACKAGE.md:213:Boolean-relation semigroup.  Lemma 2.2 completes the proof. \(\square\)
/root/autodl-tmp/symbolic_dynamics/papers/23-unary-holonomy-finite-fiber-rigidity/PROOF_PACKAGE.md:719:Within the frozen model class, no fixed finite semigroup/automaton or fixed
/root/autodl-tmp/symbolic_dynamics/papers/23-unary-holonomy-finite-fiber-rigidity/PROOF_PACKAGE.md:758:| finite-semigroup/DFA periodicity | proved here | pigeonhole |
/root/autodl-tmp/symbolic_dynamics/papers/35-affine-semigroup-object-firewall/sections/2_literature_boundary.tex:8:standard in the associated semigroup algebra \citep{Cuntz2008}.  The affine
/root/autodl-tmp/symbolic_dynamics/papers/35-affine-semigroup-object-firewall/sections/2_literature_boundary.tex:30:cycles, including cycles induced by group or semigroup relations.
/root/autodl-tmp/symbolic_dynamics/papers/88-finite-field-parity-tree-shifts/main.tex:53:\keywords{tree shift, finite field, free semigroup action, block Markov chain, tree entropy, boundary reconstruction, mutual information, threshold secret sharing}
/root/autodl-tmp/symbolic_dynamics/papers/88-finite-field-parity-tree-shifts/main.tex:150:present system is an uncountable free-semigroup tree shift and uses neither
/root/autodl-tmp/symbolic_dynamics/papers/35-affine-semigroup-object-firewall/main.tex:47:  pdftitle={Acyclicity, Backtracks, and Relation Cycles in an Affine Semigroup Benchmark},
/root/autodl-tmp/symbolic_dynamics/papers/35-affine-semigroup-object-firewall/main.tex:49:  pdfsubject={A symbolic-dynamical object firewall for affine semigroups and the Bost--Connes partition trace},
/root/autodl-tmp/symbolic_dynamics/papers/35-affine-semigroup-object-firewall/main.tex:50:  pdfkeywords={symbolic dynamics, affine semigroup, Cayley graph, Hashimoto operator,
/root/autodl-tmp/symbolic_dynamics/papers/35-affine-semigroup-object-firewall/main.tex:55:in an Affine Semigroup Benchmark}
/root/autodl-tmp/symbolic_dynamics/papers/59-routing-period-hole-antichains/paper/sections/1_introduction.tex:80:is an $s$-element divisibility antichain outside that semigroup.  Adding the
/root/autodl-tmp/symbolic_dynamics/papers/67-multiplicative-plaquette-matroid-complexity/stage2_5/SOURCE_SEARCH_LEDGER.md:35:  2. `"Dimensions of some fractals defined via the semigroup generated by 2 and 3"`
/root/autodl-tmp/symbolic_dynamics/papers/67-multiplicative-plaquette-matroid-complexity/stage2_5/SOURCE_SEARCH_LEDGER.md:117:| 1 | `sections/1_introduction.tex:9–11` | KPS established multiplicative-integer symbolic framework, dimensions, variational principle | The [publisher/arXiv abstract](https://arxiv.org/abs/1102.5136) explicitly studies sequence spaces invariant under the multiplicative semigroup, computes Hausdorff/Minkowski dimensions, and uses a variational principle. | SUPPORTED; bibliography title needs correction |
/root/autodl-tmp/symbolic_dynamics/papers/67-multiplicative-plaquette-matroid-complexity/stage2_5/SOURCE_SEARCH_LEDGER.md:118:| 2 | `sections/1_introduction.tex:12–15` | two-generator dimensions, pattern generation, multidimensional coupling, axial/surface entropy | [Peres et al.](https://arxiv.org/abs/1206.4742) cover semigroup-generated dimensions; [Ban–Hu–Lin](https://arxiv.org/abs/1207.7154) cover pattern generation/entropy/Minkowski dimensions; [Ban–Hu–Lai](https://pure.lib.cgu.edu.tw/en/publications/on-the-entropy-of-multidimensional-multiplicative-integer-subshif-2/) cover two coupled multidimensional systems and entropy formulas; [Ban–Hu–Lai–Liao](https://arxiv.org/abs/2402.19324) cover entropy and surface entropy of axial products. | SUPPORTED for all four sources |
/root/autodl-tmp/symbolic_dynamics/papers/67-multiplicative-plaquette-matroid-complexity/stage2_5/SOURCE_SEARCH_LEDGER.md:125:| 9 | `sections/6_scope.tex:11–14` | Peres et al. two-generator 2-and-3 questions | The [paper](https://sites.math.u-pem.fr/sseuret/publications/PS3.pdf) explicitly organizes components by the semigroup generated by 2 and 3 and computes dimensions. | SUPPORTED |
/root/autodl-tmp/symbolic_dynamics/papers/35-affine-semigroup-object-firewall/sections/1_introduction.tex:4:The affine semigroup
/root/autodl-tmp/symbolic_dynamics/papers/35-affine-semigroup-object-firewall/sections/1_introduction.tex:12:\citep{BostConnes1995}, the $ax+b$ semigroup $C^*$-algebra
/root/autodl-tmp/symbolic_dynamics/papers/59-routing-period-hole-antichains/paper/sections/0_abstract.tex:13:the numerical semigroup generated by those lengths.  The periods
/root/autodl-tmp/symbolic_dynamics/papers/59-routing-period-hole-antichains/builds/round0/sections/1_introduction.tex:80:is an $s$-element divisibility antichain outside that semigroup.  Adding the
/root/autodl-tmp/symbolic_dynamics/papers/59-routing-period-hole-antichains/builds/round1/sections/1_introduction.tex:80:is an $s$-element divisibility antichain outside that semigroup.  Adding the
/root/autodl-tmp/symbolic_dynamics/papers/65-quantitative-periodic-completion-unishifts/sections/4_algorithm.tex:23:Every test is finite.  In particular, a cyclic word belongs to $Y_m$ exactly when its $m$ cyclic adjacent pairs lie in $E$.  Successors of a row $y$ can be generated as the Cartesian product
/root/autodl-tmp/symbolic_dynamics/papers/59-routing-period-hole-antichains/builds/round2/sections/1_introduction.tex:80:is an $s$-element divisibility antichain outside that semigroup.  Adding the
/root/autodl-tmp/symbolic_dynamics/papers/67-multiplicative-plaquette-matroid-complexity/sections/6_scope.tex:12:two-generator dimension questions for the semigroup generated by $2$ and $3$
/root/autodl-tmp/symbolic_dynamics/papers/89-bernoulli-reset-golden-random-sft/main.tex:40:\keywords{random subshift of finite type, golden-mean shift, random matrix product, quenched entropy, annealed entropy, renewal-reward process}
/root/autodl-tmp/symbolic_dynamics/papers/35-affine-semigroup-object-firewall/sections/0_abstract.tex:1:The positive affine semigroup already contains addition, multiplication, and
/root/autodl-tmp/symbolic_dynamics/papers/36-affine-cayley-chain-cancellation-no-go/sections/6_prequotient_operator.tex:77:substituted for the semigroup source.
/root/autodl-tmp/symbolic_dynamics/papers/192-first-collision-hurwitz/main.tex:30:\title[First-collision Hurwitz dynamics]{First-Collision Hurwitz Dynamics on
/root/autodl-tmp/symbolic_dynamics/papers/192-first-collision-hurwitz/main.tex:34:\keywords{Hurwitz action, transposition factorization, parking function,
/root/autodl-tmp/symbolic_dynamics/papers/192-first-collision-hurwitz/main.tex:42:transpositions having the same lower endpoint and apply the right Hurwitz
/root/autodl-tmp/symbolic_dynamics/papers/192-first-collision-hurwitz/main.tex:49:labelled target by one inverse Hurwitz test.  The maximum one-step fibre is
/root/autodl-tmp/symbolic_dynamics/papers/192-first-collision-hurwitz/main.tex:54:Hurwitz actions, factorization--parking correspondences, and ordinary
/root/autodl-tmp/symbolic_dynamics/papers/192-first-collision-hurwitz/main.tex:71:The right Hurwitz move at $i$ is
/root/autodl-tmp/symbolic_dynamics/papers/192-first-collision-hurwitz/main.tex:72:\begin{equation}\label{eq:hurwitz}
/root/autodl-tmp/symbolic_dynamics/papers/192-first-collision-hurwitz/main.tex:84:Hurwitz orientation, numeric endpoint order, and least-index convention are
/root/autodl-tmp/symbolic_dynamics/papers/192-first-collision-hurwitz/main.tex:88:Minimal long-cycle factorizations, their Cayley-tree count, and Hurwitz
/root/autodl-tmp/symbolic_dynamics/papers/192-first-collision-hurwitz/main.tex:101:strings of conditional Hurwitz moves in their study of star and monotone
/root/autodl-tmp/symbolic_dynamics/papers/192-first-collision-hurwitz/main.tex:104:Hurwitz-string machinery also receives zero contribution credit here.  Its
/root/autodl-tmp/symbolic_dynamics/papers/192-first-collision-hurwitz/main.tex:111:Internally, direct Hurwitz actions have repeatedly been owner-killed, and P181
/root/autodl-tmp/symbolic_dynamics/papers/192-first-collision-hurwitz/main.tex:113:map is not a braid-group orbit census, a $0$-Hecke action, or a prefix
/root/autodl-tmp/symbolic_dynamics/papers/192-first-collision-hurwitz/main.tex:114:reversal.  Indeed its conditional local operators fail the braid relation
/root/autodl-tmp/symbolic_dynamics/papers/192-first-collision-hurwitz/main.tex:158:factor $(j,n)$ meets $(j,j+1)$, and the Hurwitz move replaces them by
/root/autodl-tmp/symbolic_dynamics/papers/192-first-collision-hurwitz/main.tex:193:\section{Every-target inverse Hurwitz atlas}
/root/autodl-tmp/symbolic_dynamics/papers/192-first-collision-hurwitz/main.tex:229:$i<j(y)$.  Inverting \eqref{eq:hurwitz} gives the pair
/root/autodl-tmp/symbolic_dynamics/papers/192-first-collision-hurwitz/main.tex:281:The paper-local standard-library verifier generates the full Hurwitz orbit
/root/autodl-tmp/symbolic_dynamics/papers/192-first-collision-hurwitz/main.tex:288:The paper does not claim a new Hurwitz action, conditional Hurwitz-string
/root/autodl-tmp/hilbert-polya-structure/symbolic_dynamics/papers/74-dyck-motzkin-context-complexity/main.tex:104:The language $\cL(X_{M,N})$ consists of finite words whose product under
/root/autodl-tmp/hilbert-polya-structure/symbolic_dynamics/papers/74-dyck-motzkin-context-complexity/main.tex:129:Every finite word with nonzero product occurs in a point of $X_{M,N}$.
/root/autodl-tmp/hilbert-polya-structure/symbolic_dynamics/papers/86-finite-field-adjacent-product-process/main.tex:532:fiber semigroups and are not consequences of the two matrices above.
/root/autodl-tmp/symbolic_dynamics/papers/14-tensor-bar-mobius-selector/sections/1_introduction.tex:113:arithmetical-semigroup, and dynamical M\"obius theory.
/root/autodl-tmp/symbolic_dynamics/docs/papers162_166_sequence/scouting/replacement_crossclass/SCOUT.md:90:| `F03 FSQ` | full transformation monoid; `f -> f composed with f` | exact pointwise preperiod and period from tree height and cycle lcm | fixed counts have an explicit functional-digraph sum | directly surrounded by full-transformation powers/roots; generic power ban | **`KILL_DIRECT_POWER_OWNER`** |
/root/autodl-tmp/symbolic_dynamics/docs/papers142_146_sequence/phase1/CANDIDATE_POOL_AND_KILL_LEDGER.md:34:- `NSB`, adjoining the Frobenius number to a numerical semigroup, is the standard numerical-semigroup tree orientation.  Its genus clock and inverse rule are definition-level owned.
/root/autodl-tmp/symbolic_dynamics/docs/papers112_116_sequence/scouting/COMBINATORIAL_SCOUT.md:492:[*Coxeter Interchange Graphs*](https://doi.org/10.1007/s00026-025-00768-9).
/root/autodl-tmp/symbolic_dynamics/docs/papers152_156_sequence/scouting/algebraic_replacement2/SCOUT.md:49:| `HUR` | `S_n^2`, `(a,b)->(b,b^{-1}ab)` | rich braid-action periods; fibre identically one | `KILL_DIRECT_ACTION_OWNER` |
/root/autodl-tmp/symbolic_dynamics/docs/papers152_156_sequence/scouting/algebraic_replacement2/SCOUT.md:201:## 5. `HUR`: two-strand Hurwitz move
/root/autodl-tmp/symbolic_dynamics/docs/papers152_156_sequence/scouting/algebraic_replacement2/SCOUT.md:216:recurrent and every fibre is one.  This is literally a Hurwitz braid action;
/root/autodl-tmp/symbolic_dynamics/docs/papers117_121_sequence/scouting/ROOT_SCOUT.md:183:## R12 — numerical-semigroup blowup iteration
/root/autodl-tmp/symbolic_dynamics/docs/papers117_121_sequence/scouting/ROOT_SCOUT.md:185:- **Phase/update:** from a numerical semigroup
/root/autodl-tmp/symbolic_dynamics/docs/papers117_121_sequence/scouting/ROOT_SCOUT.md:192:  classical singularity/numerical-semigroup machinery; the visible clock is
/root/autodl-tmp/symbolic_dynamics/docs/papers117_121_sequence/scouting/ROOT_SCOUT.md:194:- **Two routes:** Apéry-set transport and value-semigroup geometry.
/root/autodl-tmp/symbolic_dynamics/docs/papers157_161_sequence/scouting/root/verify_root_scout.py:309:        for word in product(alphabet, repeat=n):
/root/autodl-tmp/symbolic_dynamics/docs/papers157_161_sequence/scouting/root/verify_root_scout.py:324:            for word in product(range(q), repeat=n):
/root/autodl-tmp/hilbert-polya-structure/symbolic_dynamics/papers/35-affine-semigroup-object-firewall/sections/1_introduction.tex:4:The affine semigroup
/root/autodl-tmp/hilbert-polya-structure/symbolic_dynamics/papers/35-affine-semigroup-object-firewall/sections/1_introduction.tex:12:\citep{BostConnes1995}, the $ax+b$ semigroup $C^*$-algebra
/root/autodl-tmp/symbolic_dynamics/docs/papers127_131_sequence/scouting/algebraic/verify_algebraic_scout.py:464:# Finite semigroups
/root/autodl-tmp/symbolic_dynamics/docs/papers127_131_sequence/scouting/algebraic/verify_algebraic_scout.py:492:        "S01", "finite_semigroups", "f->f o g o f in full T_n, g an n-cycle, n=3,4",
/root/autodl-tmp/symbolic_dynamics/docs/papers127_131_sequence/scouting/algebraic/verify_algebraic_scout.py:494:        "KILL", "sandwich semigroup theory is broad; no clean second output",
/root/autodl-tmp/symbolic_dynamics/docs/papers127_131_sequence/scouting/algebraic/verify_algebraic_scout.py:523:        "S02", "finite_semigroups", "R->R union R^2 on all binary relations on 4 points",
/root/autodl-tmp/symbolic_dynamics/docs/papers127_131_sequence/scouting/algebraic/verify_algebraic_scout.py:567:        "S03", "finite_semigroups", "R->R intersect R^2; all 3-point relations and strict orders n<=9",
/root/autodl-tmp/symbolic_dynamics/docs/papers127_131_sequence/scouting/algebraic/verify_algebraic_scout.py:569:        "KILL", "relation powers/transitive reduction are direct semigroup background",
/root/autodl-tmp/symbolic_dynamics/docs/papers127_131_sequence/scouting/algebraic/verify_algebraic_scout.py:591:        "S04", "finite_semigroups", "(a,b,c)->(ab,bc,ca) in the 2x2 rectangular band",
/root/autodl-tmp/symbolic_dynamics/docs/papers127_131_sequence/scouting/algebraic/verify_algebraic_scout.py:618:        "S05", "finite_semigroups", "(x,y)->(xy,yx) on S3 x S3",
/root/autodl-tmp/symbolic_dynamics/docs/papers127_131_sequence/scouting/algebraic/verify_algebraic_scout.py:620:        "KILL", "Nielsen/Hurwitz-style group actions create high owner risk without a closed census",
/root/autodl-tmp/symbolic_dynamics/papers/179-random-singleton-isolation/main.tex:43:boundaries are included.  Generic partition, coupon, and semigroup-walk
/root/autodl-tmp/symbolic_dynamics/papers/179-random-singleton-isolation/main.tex:68:semigroup-walk diagonalization technology \cite{Brown2000}.  Accordingly,
/root/autodl-tmp/symbolic_dynamics/papers/162-random-translation-intersection/main.tex:143:\begin{lemma}\label{lem:semigroup}
/root/autodl-tmp/symbolic_dynamics/papers/162-random-translation-intersection/main.tex:160:$\E_{\langle v\rangle}$.  Lemma~\ref{lem:semigroup} iterated over the history
/root/autodl-tmp/symbolic_dynamics/papers/17-fiber-cocycle-artin-factor/sections/A_proofs.tex:42:length-\(\ell\) closed word, the coefficient is the product of its
/root/autodl-tmp/symbolic_dynamics/papers/183-random-incoming-copy-symmetrization/main.tex:77:generated by finite semigroups are also established background
/root/autodl-tmp/symbolic_dynamics/papers/183-random-incoming-copy-symmetrization/main.tex:79:semigroup walks, coupon support, Stirling enumeration, and independence
/root/autodl-tmp/symbolic_dynamics/papers/08-positive-cone-recurrent-trace/main.tex:33:\hypersetup{pdftitle={Positive-Cone Cocycles on a Recurrent Tensor-Prime Shift},pdfauthor={Anonymous Authors},pdfsubject={Exploratory arithmetic symbolic dynamics},pdfkeywords={symbolic dynamics, free group cocycle, von Neumann trace, Euler product, chiral backtracking}}
/root/autodl-tmp/symbolic_dynamics/papers/116-max-plus-switching-induced-growth/main.tex:33:\keywords{max-plus matrix product, random cocycle, Markov-additive process,
/root/autodl-tmp/symbolic_dynamics/papers/192-first-collision-hurwitz/PROOF_PACKAGE.md:15:- The right Hurwitz move is
/root/autodl-tmp/symbolic_dynamics/papers/192-first-collision-hurwitz/PROOF_PACKAGE.md:22:The orientation of (c_n), the right-Hurwitz convention, numeric endpoint ordering, and least-index scheduler are structural assumptions, not cosmetic choices.
/root/autodl-tmp/symbolic_dynamics/papers/192-first-collision-hurwitz/PROOF_PACKAGE.md:28:| Hurwitz move preserves the product | Proved directly/classical | conjugation identity |
/root/autodl-tmp/symbolic_dynamics/papers/192-first-collision-hurwitz/PROOF_PACKAGE.md:33:| Every-target one-step fibre formula | Proved | inverse Hurwitz lemma + scheduler test |
/root/autodl-tmp/symbolic_dynamics/papers/192-first-collision-hurwitz/PROOF_PACKAGE.md:41:### Lemma 3.1: Hurwitz preservation
/root/autodl-tmp/symbolic_dynamics/papers/192-first-collision-hurwitz/PROOF_PACKAGE.md:113:The canonical chain (q_n) has product (c_n); Hurwitz moves preserve product, so the backwards-related witness (w_n) also lies in \(\mathcal F_n\). Therefore the upper bound (n-2) is attained.
/root/autodl-tmp/symbolic_dynamics/papers/192-first-collision-hurwitz/PROOF_PACKAGE.md:145:### Lemma 6.1: inverse Hurwitz pair
/root/autodl-tmp/symbolic_dynamics/papers/192-first-collision-hurwitz/PROOF_PACKAGE.md:233:- The inverse atlas is orientation-sensitive; using the inverse cycle or inverse Hurwitz convention requires a new proof and may fail.
/root/autodl-tmp/hilbert-polya-structure/symbolic_dynamics/papers/26-pure-power-selector-atom-collapse/results/projector_word_ledger.csv:1:color_count,length,word,support_size,monochromatic,trace,expected,product_zero,exact
/root/autodl-tmp/symbolic_dynamics/papers/26-pure-power-selector-atom-collapse/results/projector_word_ledger.csv:1:color_count,length,word,support_size,monochromatic,trace,expected,product_zero,exact
