/root/autodl-tmp/hilbert-polya-structure/docs/papers197_201_sequence/scouting/monochromatic_triangle_20260905/SCOUT_LEDGER.md:21:   did not justify promotion. A separate mathematical collaborator proved
/root/autodl-tmp/hilbert-polya-structure/docs/papers197_201_sequence/scouting/word_poset_lane/BREADTH_AND_KILL_LEDGER.md:15:| 5 / `C05_TDS` | Across all SYT of size `n`, find the least consecutive values in incomparable cells that are inverted in row-reading order and swap them; fix if none. | `n=10`: 9,496 states, image 6,408, fixed 42, max tail 22, max fibre 5. | Inversion potential on linear extensions; predecessor swaps. | **`KILL_STANDARD_SORTING`.** A deterministic 0-Hecke/bubble-sort path on linear extensions. |
/root/autodl-tmp/hilbert-polya-structure/docs/papers204_208_sequence/scouting/algebra_fourth/SCOUT_REPORT.md:11:15,089 state instances in total. All six receive NO_PROMOTION. EC has a
/root/autodl-tmp/hilbert-polya-structure/docs/papers204_208_sequence/scouting/algebra_fourth/SCOUT_REPORT.md:13:no demonstrated second research axis: NO_PROMOTION_VALUE_TOO_THIN.
/root/autodl-tmp/hilbert-polya-structure/docs/papers204_208_sequence/scouting/algebra_fourth/SCOUT_REPORT.md:26:| EC | all [0,M]^n coordinate vectors; each coordinate becomes its farthest distance | 15 | NO_PROMOTION_VALUE_TOO_THIN: full inverse is static endpoint-fold counting |
/root/autodl-tmp/hilbert-polya-structure/docs/papers204_208_sequence/scouting/algebra_fourth/SCOUT_REPORT.md:27:| CP | n cars/n circular slots; preference word becomes displacement word | 5 | NO_PROMOTION: complement normalizer and static parking-permutation inverse |
/root/autodl-tmp/hilbert-polya-structure/docs/papers204_208_sequence/scouting/algebra_fourth/SCOUT_REPORT.md:28:| OR | full n-letter words; each letter becomes its prior occurrence count | 5 | NO_PROMOTION: whole image clock is classical SYT transpose |
/root/autodl-tmp/hilbert-polya-structure/docs/papers204_208_sequence/scouting/algebra_fourth/SCOUT_REPORT.md:29:| UO | all self-maps; least point outside each full forward orbit, else original vertex | 5 | NO_PROMOTION: no all-n temporal/inverse contract |
/root/autodl-tmp/hilbert-polya-structure/docs/papers204_208_sequence/scouting/algebra_fourth/SCOUT_REPORT.md:30:| OS | all self-maps; forward-orbit cardinality minus one | 5 | NO_PROMOTION: no all-n temporal/inverse contract |
/root/autodl-tmp/hilbert-polya-structure/docs/papers204_208_sequence/scouting/algebra_fourth/SCOUT_REPORT.md:31:| MG | all subsets of Z/NZ; every occupied point moves halfway toward its successor, rounded down | 6 | NO_PROMOTION: gap-sharing adapter, no proved all-N contract |
/root/autodl-tmp/hilbert-polya-structure/docs/papers204_208_sequence/scouting/algebra_fourth/SCOUT_REPORT.md:59:so the author closes EC as NO_PROMOTION_VALUE_TOO_THIN. Static image counts
/root/autodl-tmp/hilbert-polya-structure/docs/papers204_208_sequence/scouting/algebra_fourth/EC_PROOF_PACKAGE.md:1:# EC: endpoint-distance feedback — valid author proof, no promotion
/root/autodl-tmp/hilbert-polya-structure/docs/papers204_208_sequence/scouting/algebra_fourth/EC_PROOF_PACKAGE.md:5:Final author disposition: `PROOF_COMPLETE / NO_PROMOTION_VALUE_TOO_THIN /
/root/autodl-tmp/hilbert-polya-structure/docs/papers204_208_sequence/scouting/algebra_fourth/EC_PROOF_PACKAGE.md:162:NO_PROMOTION_VALUE_TOO_THIN: no second residual axis has been demonstrated.
/root/autodl-tmp/hilbert-polya-structure/docs/papers197_201_sequence/scouting/geometry_reopen_20260905/SCOUT_AND_DISPOSITION.md:96:**Disposition: KILL_NO_ALL_PARAMETER_TEMPORAL_SPINE.** No promotion,
/root/autodl-tmp/hilbert-polya-structure/docs/papers204_208_sequence/scouting/finite_systems_eighteenth/PROOF_AND_ADAPTERS.md:237:linear-extension readings.
/root/autodl-tmp/hilbert-polya-structure/docs/papers204_208_sequence/scouting/finite_systems_eighteenth/PROOF_AND_ADAPTERS.md:301:**NO_FRESH_SLATE / SIX COMPARISON GROUPS / ZERO_EXECUTED / NO_PROMOTION.**
/root/autodl-tmp/hilbert-polya-structure/docs/papers204_208_sequence/scouting/finite_systems_twentieth/INTAKE.md:6:NO_PROMOTION / HOLD_EXTERNAL**.
/root/autodl-tmp/hilbert-polya-structure/docs/papers204_208_sequence/scouting/algebra/PROOF_NOTES.md:10:Disposition update: **NO_PROMOTION recommended**. The following theorems
/root/autodl-tmp/hilbert-polya-structure/docs/papers204_208_sequence/scouting/algebra/PROOF_NOTES.md:143:seat. Retain the exact deductions and recommend NO_PROMOTION; do not
/root/autodl-tmp/hilbert-polya-structure/docs/papers204_208_sequence/scouting/graph_algebra_fifth/SCOUT_REPORT.md:1:# Fifth algebra / geometry scout — closed without promotion
/root/autodl-tmp/hilbert-polya-structure/docs/papers204_208_sequence/scouting/graph_algebra_fifth/SCOUT_REPORT.md:3:2026-09-05 UTC. **SIX NO_PROMOTION / ZERO RESERVES / HOLD_EXTERNAL**.
/root/autodl-tmp/hilbert-polya-structure/docs/papers204_208_sequence/scouting/finite_systems_eighteenth/INTAKE.md:26:| D5 | Fix ordered finite alphabet $\Sigma$, symmetric irreflexive independence $J$, and $n\ge0$. On $\Sigma^n$, replace a word by the lexicographically least word obtainable by exchanging adjacent $J$-independent letters. | Trace-monoid canonical section; heap/linear-extension fibre is static. Not a Knuth-rewrite revival. |
/root/autodl-tmp/hilbert-polya-structure/docs/papers204_208_sequence/scouting/finite_systems_eighteenth/INTAKE.md:54:`NO_FRESH_SLATE / ZERO_EXECUTED / NO_PROMOTION` after source subtraction.
/root/autodl-tmp/hilbert-polya-structure/docs/papers204_208_sequence/scouting/finite_systems_seventeenth/INTAKE.md:4:Disposition: `BOUNDED_DESK_CLOSED / NO_FRESH_SLATE / NO_PROMOTION`.
/root/autodl-tmp/hilbert-polya-structure/docs/papers204_208_sequence/scouting/discrete_geometry_seventh/INTAKE.md:109:- strict 2-opt Euclidean tour improvement and chord uncrossing;
/root/autodl-tmp/hilbert-polya-structure/docs/papers204_208_sequence/scouting/discrete_geometry_seventh/INTAKE.md:122:All six may close `NO_PROMOTION` without a reserve or paper ID.
/root/autodl-tmp/hilbert-polya-structure/docs/papers204_208_sequence/scouting/finite_systems_twelfth/SCOUT_REPORT.md:1:# Twelfth bounded scout — closed with no promotion
/root/autodl-tmp/hilbert-polya-structure/docs/papers204_208_sequence/scouting/finite_systems_twelfth/SCOUT_REPORT.md:5:promotions/reserves/IDs**. No further slate is started by this handoff.
/root/autodl-tmp/hilbert-polya-structure/docs/papers204_208_sequence/scouting/finite_systems_twelfth/SCOUT_REPORT.md:54:All are `NO_PROMOTION`. There is no pending candidate gate to confuse with
/root/autodl-tmp/hilbert-polya-structure/docs/papers204_208_sequence/scouting/finite_structures_eighth/PROOF_BOUNDARIES.md:5:Every candidate is **NO_PROMOTION**. No proof below supplies both required
/root/autodl-tmp/hilbert-polya-structure/docs/papers204_208_sequence/scouting/finite_structures_eighth/PROOF_BOUNDARIES.md:74:NO_PROMOTION despite the proved static characterization.
/root/autodl-tmp/hilbert-polya-structure/docs/papers204_208_sequence/scouting/finite_structures_eighth/PROOF_BOUNDARIES.md:206:sizes. No all-$n$ core or clock is proved. NO_PROMOTION.
/root/autodl-tmp/hilbert-polya-structure/docs/papers204_208_sequence/scouting/graph_algebra_fifth/PROOF_BOUNDARIES.md:5:**NOT CURRENTLY JUSTIFIED / NO_PROMOTION**.
/root/autodl-tmp/hilbert-polya-structure/docs/papers204_208_sequence/scouting/graph_algebra_fifth/PROOF_BOUNDARIES.md:297:All six literals remain **NO_PROMOTION**, with zero reserves. GHD has a
/root/autodl-tmp/hilbert-polya-structure/docs/papers204_208_sequence/scouting/finite_systems_fourteenth/PROOF_AND_DISPOSITION.md:100:Disposition: `NO_PROMOTION / KILL_INCOMPLETE_OR_TRANSFERRED_CONJUNCTION`.
/root/autodl-tmp/hilbert-polya-structure/docs/papers204_208_sequence/scouting/finite_systems_fourteenth/PROOF_AND_DISPOSITION.md:210:Disposition: `NO_PROMOTION / HOLD_GLOBAL_TEMPORAL_PROOF`.
/root/autodl-tmp/hilbert-polya-structure/docs/papers204_208_sequence/scouting/finite_systems_fourteenth/PROOF_AND_DISPOSITION.md:242:Disposition: `NO_PROMOTION / KILL_INCOMPLETE_GLOBAL_CONJUNCTION`.
/root/autodl-tmp/hilbert-polya-structure/docs/papers204_208_sequence/scouting/finite_systems_fourteenth/PROOF_AND_DISPOSITION.md:256:`NO_PROMOTION`; no reserve, number, manuscript or next slate is created.
/root/autodl-tmp/hilbert-polya-structure/docs/papers204_208_sequence/scouting/set_partition_sixth/PROOF_BOUNDARIES.md:5:literals remain `NO_PROMOTION`; UZ is an exact old negative control.
/root/autodl-tmp/hilbert-polya-structure/docs/papers204_208_sequence/scouting/finite_systems_twenty_second/SCOUT_REPORT.md:1:# Twenty-second scout closed: NO_PROMOTION
/root/autodl-tmp/hilbert-polya-structure/docs/papers204_208_sequence/scouting/finite_systems_twenty_second/SCOUT_REPORT.md:3:Final status: **NO_PROMOTION / TWO_LITERAL_PILOTS / HOLD_EXTERNAL**.
/root/autodl-tmp/hilbert-polya-structure/docs/papers204_208_sequence/scouting/graph_relation_second/SCOUT_REPORT.md:56:and receive zero promotion credit. DGO reverses the opposite score
/root/autodl-tmp/hilbert-polya-structure/docs/papers187_191_sequence/scouting/algebra_lane/replacement/KILL_LEDGER.md:3:Promotion required all four properties simultaneously: a natural literal
/root/autodl-tmp/hilbert-polya-structure/docs/papers204_208_sequence/scouting/finite_algebra_ninth/inverse_execution_01/INTAKE.md:38:EPN is close to killed matching reranking and rewiring. Historical
/root/autodl-tmp/hilbert-polya-structure/docs/papers204_208_sequence/scouting/finite_algebra_ninth/inverse_execution_01/INTAKE.md:64:`NO_PROMOTION`, not a larger pilot or a paper number.
/root/autodl-tmp/hilbert-polya-structure/docs/papers204_208_sequence/scouting/word_local/CPRM_PROOF_BOUNDARY.md:3:2026-09-06 UTC. Root author. **NO_PROMOTION / HOLD_EXTERNAL**.
/root/autodl-tmp/hilbert-polya-structure/docs/papers204_208_sequence/scouting/word_local/CPRM_PROOF_BOUNDARY.md:154:paper. Its mathematical boundary is retained as **NO_PROMOTION**; no
/root/autodl-tmp/hilbert-polya-structure/docs/papers204_208_sequence/scouting/finite_systems_fifteenth/SCOUT_REPORT.md:1:# Fifteenth lane: bounded close with no promotion
/root/autodl-tmp/hilbert-polya-structure/docs/papers204_208_sequence/scouting/finite_systems_fifteenth/SCOUT_REPORT.md:3:2026-09-06 UTC. **BOUNDED_CLOSE_NO_PROMOTION / NO_RESERVE / HOLD_EXTERNAL**.
/root/autodl-tmp/hilbert-polya-structure/docs/papers204_208_sequence/scouting/combinatorial_second/SCOUT_REPORT.md:41:## Theorem-level progress retained without promotion
/root/autodl-tmp/hilbert-polya-structure/docs/papers204_208_sequence/qa/SCOUT22_ROOT_INSPECTION.actual.json:2:  "actual_command": "/usr/bin/env -i PATH=/usr/bin:/bin LANG=C.UTF-8 LC_ALL=C.UTF-8 TZ=UTC /root/miniconda3/bin/python3.12 -I -S -B - <<'PY'\nfrom pathlib import Path\nimport hashlib,json,itertools,os,subprocess,re\nroot=Path('/root/autodl-tmp/symbolic_dynamics');base=root/'docs/papers204_208_sequence/scouting/finite_systems_twenty_second'\ndef sha(p):\n with Path(p).open('rb') as f:return hashlib.file_digest(f,'sha256').hexdigest()\ndef j(p):return json.loads(Path(p).read_text())\ndef pins(p,b):\n d={}\n for line in Path(p).read_text().splitlines():\n  h,n=line.split('  ',1);q=Path(n);assert re.fullmatch('[0-9a-f]{64}',h) and not q.is_absolute() and '..' not in q.parts and n not in d;assert sha(b/n)==h,n;d[n]=h\n return d\nassert sha(base/'SHA256SUMS')=='91dc2af7d0a8354b8a95b88a479bb35f8b343be13efcef2022a8882a38ae4412'\nouter=pins(base/'SHA256SUMS',base);assert len(outer)==479 and set(outer)=={str(p.relative_to(base)) for p in base.rglob('*') if p.is_file() and p!=base/'SHA256SUMS'}\nhist=pins(base/'HISTORICAL_INPUTS.sha256',root);assert len(hist)==16\nruns=[]\nfor label in ['execution_01','execution_02']:\n b=base/label;r=j(b/'RECEIPT.json');assert r['status']=='PASS' and r['producer_exit']==0 and r['before_after_equal'] and r['copies_equal'] and r['no_written_cache'] and not r['uncovered']\n for kind,parent,capsule in [('source',base,b/'source_inputs'),('history',root,b/'historical_inputs')]:\n  before=j(b/(kind+'.before.json'));assert before==j(b/(kind+'.after.json'))\n  for n,h in before.items():assert sha(parent/n)==h==sha(capsule/n)\n runtime=j(b/'runtime.before.json');assert runtime==j(b/'runtime.after.json') and len(runtime)==632\n for n,h in runtime.items():assert sha(n)==h,n\n conf=j(b/'configuration.before.json');assert conf==j(b/'configuration.after.json') and len(conf)==25\n config_names={str(p) for p in [Path('/etc/ld.so.cache'),Path('/etc/ld.so.conf'),Path('/etc/ld.so.preload')]+sorted(Path('/etc/ld.so.conf.d').glob('*.conf'))};assert set(conf)==config_names\n for n,v in conf.items():\n  p=Path(n);assert p.exists()==v['exists'] and str(p.resolve())==v['resolved'] and (sha(p) if p.is_file() else None)==v['sha256']\n links=j(b/'dynamic_links.json');assert len(links)==60\n for row in links:\n  assert row['exit']==0 and row['target_before']==row['target_after']==sha(row['target'])\n  d=j(b/'dynamic_links'/(row['tag']+'.command.json'));assert d['exit']==0 and d['command']==['/usr/bin/ldd',row['target']]\n  for n in row['dependencies']:assert sha(n)==runtime[n]\n  stdout=(b/'dynamic_links'/(row['tag']+'.stdout')).read_text();assert 'not found' not in stdout\n  decoded={str(Path(s).resolve()) for s in stdout.split() if s.startswith('/') and Path(s).is_file()};assert decoded==set(row['dependencies'])\n obs=j(b/'runtime.observed.json');assert not obs['uncovered'] and len(obs['paths'])==37\n used=set(obs['runtime']['mapped_files'])|{str(Path(v['file']).resolve()) for v in obs['runtime']['modules'].values() if v['file'] and Path(v['file']).is_file()}\n assert used==set(obs['paths']) and not any(p.endswith(('.pyc','.pyo')) for p in used)\n coverage=set(runtime)|{str(p.resolve()) for p in (b/'source_inputs').iterdir()};assert {str(Path(p).resolve()) for p in used}<=coverage\n choices=j(b/'execution_choices.json');assert not choices['cache_exists_before'] and not Path(choices['pycache_prefix']).exists();assert obs['runtime']['xoptions']['pycache_prefix']==choices['pycache_prefix']\n assert all(s in obs['runtime']['flags'] for s in ['optimize=0','isolated=1','no_site=1','dont_write_bytecode=1'])\n cmd=j(b/'producer.command.json');assert cmd['exit']==0 and cmd['command'][1:5]==['-I','-S','-B','-X']\n raw=(b/'producer.stdout').read_bytes();assert len(raw)==5718053 and sha(b/'producer.stdout')=='786119671bf7183d8ed6e421dc5b43bdc39291b0294dc44649dbdbd3d2eba142'\n lines=[json.loads(line) for line in raw.splitlines()];assert len(lines)==14 and lines[-1]=={'status':'PASS','rules':2,'boxes':13,'states':38821,'checks':244755}\n for idx,box in enumerate(lines[:-1]):\n  rule='ORR' if idx<8 else 'HXC';n=idx if idx<8 else idx-8;assert box['rule']==rule and box['n']==n\n  states=list(itertools.permutations(range(1,n+1))) if rule=='ORR' else [tuple(a for a in range(1,1<<n) if m>>(a-1)&1) for m in range(1<<((1<<n)-1))]\n  rows=box['rows'];assert len(rows)==box['states']==len(states) and [tuple(r['state']) for r in rows]==states\n  incoming=[[] for s in states]\n  for i,row in enumerate(rows):\n   t=row['successor_index'];assert 0<=t<len(rows);incoming[t].append(i);assert row['period']==1 and row['entrance']>=0\n   if rule=='ORR':assert row['decoded_indices']==row['fibre_indices'] and len(row['interval_codes'])==len(row['fibre_indices'])\n  for i,row in enumerate(rows):assert row['fibre_indices']==incoming[i]\n  assert sum(map(len,incoming))==len(rows) and max(map(len,incoming))==box['max_fibre'] and max(r['entrance'] for r in rows)==box['max_entrance']\n runs.append({'label':label,'full_boxes':13,'all_rows':38821,'checks':244755,'runtime_files':632,'observed_files':37,'ldd_commands':60,'configuration_records':25,'stdout_sha256':sha(b/'producer.stdout')})\ne=base/'evidence_capture';before=j(e/'history_search.before.json');assert before==j(e/'history_search.after.json') and len(before)==3548\nfor n,h in before.items():assert sha(n)==h,n\nfor name in ['rg','comparator']:\n d=j(e/(name+'.before.json'));assert d==j(e/(name+'.after.json'))\n for n,h in d.items():assert sha(n)==h,n\nh=j(e/'HISTORY_SEARCH.json');assert h['status']=='PASS' and h['selected_files']==3548\nfor d in base.rglob('*.command.json'):\n v=j(d);assert v['exit']==0,(str(d),v['exit'])\nsource=j(base/'public_sources/RETRIEVAL.json');assert source['curl_exit']==source['pdftotext_exit']==0 and source['download_bytes']==1837458 and source['download_sha256']==sha(base/'public_sources/flip_sort.pdf');assert (base/'public_sources/flip_sort.pdf').read_bytes().startswith(b'%PDF-')\nargv=['/usr/bin/cmp','--',str(base/'execution_01/producer.stdout'),str(base/'execution_02/producer.stdout')];c=subprocess.run(argv,cwd=root,env=dict(os.environ),capture_output=True);assert c.returncode==0 and not c.stdout and not c.stderr\nassert outer==pins(base/'SHA256SUMS',base)\nprint(json.dumps({'status':'ROOT_SCOUT22_ORIGINAL_CLOSURE_PASS_NO_PROMOTION','outer_payloads':479,'outer_seal_sha256':sha(base/'SHA256SUMS'),'historical_pins':16,'history_discovery_inputs':3548,'runs':runs,'all_recorded_command_exits_zero':len(list(base.rglob('*.command.json'))),'primary_pdf_sha256':source['download_sha256'],'fresh_raw_comparison':{'argv':argv,'exit':c.returncode,'stdout':c.stdout.decode(),'stderr':c.stderr.decode()},'scope':'Original author outputs and provenance inspected completely; no fresh root mathematical producer. Author runtime superset is not a terminal reuse key: full early loader/locale/config presence and pre-spawn failure closure are not supplied. NO_PROMOTION and source/proof gaps remain. HOLD_EXTERNAL.'},indent=2,sort_keys=True))\nPY",
/root/autodl-tmp/hilbert-polya-structure/docs/papers204_208_sequence/qa/SCOUT22_ROOT_INSPECTION.actual.json:46:    "scope": "Original author outputs and provenance inspected completely; no fresh root mathematical producer. Author runtime superset is not a terminal reuse key: full early loader/locale/config presence and pre-spawn failure closure are not supplied. NO_PROMOTION and source/proof gaps remain. HOLD_EXTERNAL.",
/root/autodl-tmp/hilbert-polya-structure/docs/papers204_208_sequence/qa/SCOUT22_ROOT_INSPECTION.actual.json:47:    "status": "ROOT_SCOUT22_ORIGINAL_CLOSURE_PASS_NO_PROMOTION"
/root/autodl-tmp/hilbert-polya-structure/docs/papers204_208_sequence/scouting/finite_systems_thirteenth/PROOF_AND_DISPOSITION.md:4:not an independent candidate gate or manuscript. **NO_PROMOTION** on all
/root/autodl-tmp/hilbert-polya-structure/docs/papers204_208_sequence/scouting/finite_systems_thirteenth/PROOF_AND_DISPOSITION.md:78:**Disposition:** `HOLD_PROOF / NO_PROMOTION`. P113 principal hooks,
/root/autodl-tmp/hilbert-polya-structure/docs/papers204_208_sequence/scouting/finite_systems_thirteenth/PROOF_AND_DISPOSITION.md:110:is not a claimed conjugacy. **Desk kill / no pilot / no promotion.**
/root/autodl-tmp/hilbert-polya-structure/docs/papers204_208_sequence/scouting/finite_systems_thirteenth/PROOF_AND_DISPOSITION.md:147:language or full target-fibre/extremal theorem. **HOLD_PROOF / NO_PROMOTION.**
/root/autodl-tmp/hilbert-polya-structure/docs/papers204_208_sequence/scouting/finite_systems_thirteenth/PROOF_AND_DISPOSITION.md:164:from a fixed permutation action. **Desk kill / no pilot / no promotion.**
/root/autodl-tmp/hilbert-polya-structure/docs/papers204_208_sequence/scouting/finite_systems_thirteenth/PROOF_AND_DISPOSITION.md:300:HOLD_SHARP_MATCHING_CLOCK / NO_PROMOTION`. A true static theorem does
/root/autodl-tmp/hilbert-polya-structure/docs/papers204_208_sequence/scouting/finite_systems_thirteenth/PROOF_AND_DISPOSITION.md:314:**Desk kill / no pilot / no promotion.**
/root/autodl-tmp/hilbert-polya-structure/symbolic_dynamics/docs/papers117_121_sequence/scouting/STOCHASTIC_SCOUT.md:115:  as weighted linear extensions and derives recurrences/involutions for time
/root/autodl-tmp/hilbert-polya-structure/docs/papers204_208_sequence/scouting/finite_structures_eighth/INTAKE.md:132:extremal residual after full deductions. Otherwise record NO_PROMOTION,
/root/autodl-tmp/hilbert-polya-structure/docs/papers204_208_sequence/scouting/algebra_second/SI_PROOF_AND_ADAPTER.md:215:survives; otherwise recommend NO_PROMOTION rather than enlarging n.
/root/autodl-tmp/hilbert-polya-structure/docs/papers204_208_sequence/scouting/finite_systems_fourteenth/INTAKE.md:192:is not such a proof. Otherwise close this bounded slate `NO_PROMOTION`;
/root/autodl-tmp/hilbert-polya-structure/docs/papers204_208_sequence/scouting/combinatorial/SCOUT_REPORT.md:1:# Combinatorial scouting: eight literal maps, zero promotions
/root/autodl-tmp/hilbert-polya-structure/docs/papers204_208_sequence/scouting/combinatorial/SCOUT_REPORT.md:24:| C06_LHP | Perfect matchings: orient edges low/high; sort by `(length,low,high)`; concatenate all lows followed by all highs and pair consecutive entries. | Six edges: `(10395,3387,1934,8,52)`; five edges have a 20-cycle and tail 27. | `KILL_OLD_EVEN_SLICE`. Exactly historical `C03_LEW` at every even edge count; odd-edge change does not clear the old rewiring family or supply an atlas. |
/root/autodl-tmp/hilbert-polya-structure/docs/papers204_208_sequence/scouting/combinatorial/SCOUT_REPORT.md:71:Final denominator: **8 literal systems, 8 killed, 0 reserves, 0 promotions**.
/root/autodl-tmp/hilbert-polya-structure/symbolic_dynamics/docs/papers127_131_sequence/scouting/root/SCOUT.md:22:| X07 | binary square matrices; `A -> A^T+(A1)(A1)^T` | depth-one parity collapse; periods `1,2,4`; exact nonuniform fibres | **CONDITIONAL PROMOTION** |
/root/autodl-tmp/hilbert-polya-structure/symbolic_dynamics/docs/papers127_131_sequence/scouting/root/SCOUT.md:36:| X21 | permutations; reverse every maximal descending run | unique fixed point and maximum tail 7 at order 8 | kill: classical pop-stack operator |
/root/autodl-tmp/hilbert-polya-structure/symbolic_dynamics/docs/papers127_131_sequence/scouting/root/SCOUT.md:39:## Conditional promotion X07
/root/autodl-tmp/hilbert-polya-structure/docs/papers204_208_sequence/scouting/finite_systems_thirteenth/SCOUT_REPORT.md:1:# Thirteenth finite-system lane — closed with no promotion
/root/autodl-tmp/hilbert-polya-structure/docs/papers204_208_sequence/scouting/finite_systems_thirteenth/SCOUT_REPORT.md:3:2026-09-06 UTC. **NO_PROMOTION / NO_RESERVE / NO_PAPER_ID / HOLD_EXTERNAL.**
/root/autodl-tmp/hilbert-polya-structure/docs/papers204_208_sequence/scouting/finite_algebra_ninth/SCOUT_REPORT.md:1:# Ninth-lane closed scout — six systems, zero promotions
/root/autodl-tmp/hilbert-polya-structure/docs/papers204_208_sequence/scouting/finite_algebra_ninth/SCOUT_REPORT.md:5:paper identifier is allocated. `NO_PROMOTION / HOLD_EXTERNAL`.
/root/autodl-tmp/hilbert-polya-structure/docs/papers204_208_sequence/scouting/finite_algebra_ninth/SCOUT_REPORT.md:14:| ELD, Euler log derivative on truncated units | $p=5,m=6$: 3125 states, image/core 625, height 1, periods 1/2/4/20, maximum fibre 5. | Complete ghost image, uniform fibres and image permutation; the entire static axis is the classical ghost primitive. Height is only zero/one; no individual-cycle atlas. | `NO_PROMOTION_GHOST_ADAPTER` |
/root/autodl-tmp/hilbert-polya-structure/docs/papers204_208_sequence/scouting/finite_algebra_ninth/SCOUT_REPORT.md:15:| VDF, derivative values at labelled current roots | $p=7,n=4$: 2401 states, image 101, core 69, height 2, periods 1/2, maximum fibre 133. | Duplicate-to-zero lock; $n=2$ is a full scalar-$2$ line adapter. No full-$n,p$ recurrence or evaluated inverse. | `NO_PROMOTION_UNCLOSED` |
/root/autodl-tmp/hilbert-polya-structure/docs/papers204_208_sequence/scouting/finite_algebra_ninth/SCOUT_REPORT.md:16:| RHA, reciprocal Hamilton allocation | $n=3,N=17$ has height 10. At $n=4,N=18$: 680 states, image 270, core 44, height 5, 22 two-cycles, maximum fibre 8. | Exact rational closure; continuous reciprocal normalization is an involution but does not prove the rounded map's observed one/two-periodicity. Static Hamilton rule fully deducted. | `NO_PROMOTION_UNCLOSED_ROUNDING` |
/root/autodl-tmp/hilbert-polya-structure/docs/papers204_208_sequence/scouting/finite_algebra_ninth/SCOUT_REPORT.md:17:| EPN, consecutive pairing within old length classes | $n=6$: 10395 states, image 4717, core 3871, height 4, maximum fibre 95 uniquely at adjacent-label matching. | Generic strict length descent and $\binom n2$ bound; full coloured static decoder, but no evaluated all-$n$ extremum. Fixed census equals an old EDR fibre statistic. | `NO_PROMOTION_GENERIC_DESCENT_UNEVALUATED_INVERSE` |
/root/autodl-tmp/hilbert-polya-structure/docs/papers204_208_sequence/scouting/finite_algebra_ninth/SCOUT_REPORT.md:18:| QRM, floor leave-one-out root mean square | $n=5,M=4$: 3125 states, image 85, five constant fixed points, height 3, maximum fibre 511 uniquely at $(2,2,2,2,2)$. | Generic two-step maximum loss proves convergence for $n\ge3$; $n=2$ is a swap. A square-sum coefficient encoding is not a valued extremal solution. | `NO_PROMOTION_GENERIC_CONSENSUS` |
/root/autodl-tmp/hilbert-polya-structure/docs/papers204_208_sequence/scouting/finite_algebra_ninth/SCOUT_REPORT.md:19:| QEF, $(x+yz,y+xz,z+xy)$ | $p=13$: 2197 states, image 1309, core 45, height 12, periods 1/2, maximum fibre 5. $p=11$ also has 3-cycles. | Full all-target static decoder and sharp maximum 5 over every odd prime, maximum 3 at $p=2$. Singular branches are explicit. Temporal axis remains unclosed and includes scalar $t\mapsto t+t^2$. | `NO_PROMOTION_MISSING_TEMPORAL_AXIS` |
/root/autodl-tmp/hilbert-polya-structure/docs/papers204_208_sequence/scouting/finite_systems_sixteenth/INTAKE.md:109:The decision choices are NO_PROMOTION with an explicit source/value/proof
/root/autodl-tmp/hilbert-polya-structure/docs/papers197_201_sequence/scouting/fifth_fresh_20260905/CSPD_THEOREMS_AND_OWNER_KILL.md:68:`preference=site-displacement (mod n)`. Distinct linear extensions give
/root/autodl-tmp/hilbert-polya-structure/docs/papers197_201_sequence/scouting/fifth_fresh_20260905/CSPD_THEOREMS_AND_OWNER_KILL.md:82:hook-length formula now counts its linear extensions.
/root/autodl-tmp/hilbert-polya-structure/docs/papers197_201_sequence/scouting/fifth_fresh_20260905/CSPD_THEOREMS_AND_OWNER_KILL.md:140:counts its linear extensions to enumerate each normalization class. Let
/root/autodl-tmp/hilbert-polya-structure/docs/papers204_208_sequence/scouting/finite_systems_fifteenth/PROOF_AND_DISPOSITION.md:1:# Fifteenth lane: proof boundaries and bounded no-promotion disposition
/root/autodl-tmp/hilbert-polya-structure/docs/papers204_208_sequence/scouting/finite_systems_fifteenth/PROOF_AND_DISPOSITION.md:49:materially separate evaluated inverse/extremum; **CLOSE_NO_PROMOTION**.
/root/autodl-tmp/hilbert-polya-structure/docs/papers204_208_sequence/scouting/finite_systems_fifteenth/PROOF_AND_DISPOSITION.md:74:## 3. Maximal symmetric differences: a general obstruction, not promotion
/root/autodl-tmp/hilbert-polya-structure/docs/papers204_208_sequence/scouting/finite_systems_fifteenth/PROOF_AND_DISPOSITION.md:140:inverse/extremum beyond these elementary slices. **CLOSE_NO_PROMOTION**.
/root/autodl-tmp/hilbert-polya-structure/docs/papers204_208_sequence/scouting/finite_systems_fifteenth/PROOF_AND_DISPOSITION.md:187:**BOUNDED_CLOSE_NO_PROMOTION**, not a claim of impossibility or global
/root/autodl-tmp/hilbert-polya-structure/docs/papers204_208_sequence/scouting/finite_systems_twentieth/SCOUT_REPORT.md:5:NO_PROMOTION / HOLD_EXTERNAL**.
/root/autodl-tmp/hilbert-polya-structure/docs/papers197_201_sequence/scouting/fifth_fresh_20260905/BREADTH_AND_KILL_LEDGER.md:93:  in this lane. No source-search non-hit grants promotion.
/root/autodl-tmp/hilbert-polya-structure/symbolic_dynamics/docs/papers117_121_sequence/scouting/COMBINATORIAL_SCOUT.md:401:  of linear extensions.
/root/autodl-tmp/hilbert-polya-structure/symbolic_dynamics/docs/papers117_121_sequence/scouting/STOCHASTIC_PHASE2B_SCOUT.md:13:promotion, one reserve, ten kills; no paper number frozen  
/root/autodl-tmp/hilbert-polya-structure/symbolic_dynamics/docs/papers117_121_sequence/scouting/STOCHASTIC_PHASE2B_SCOUT.md:38:| 3 | B01 | parallel uncrossing of a maximally crossing chord matching | exact parity interval; owner-subtracted staircase extreme atom | **KILL AT PRECOMMITTED WHOLE-LAW GATE** |
/root/autodl-tmp/hilbert-polya-structure/symbolic_dynamics/docs/papers117_121_sequence/scouting/STOCHASTIC_PHASE2B_SCOUT.md:86:| `stoch_phase2b_chord_uncrossing.py` | 215,862 | 18,775 joint-law + 625 unit-drop | `n<=7`; full parity support and extreme atom; uniform terminal law killed |
/root/autodl-tmp/hilbert-polya-structure/symbolic_dynamics/docs/papers117_121_sequence/scouting/STOCHASTIC_PHASE2B_SCOUT.md:104:### B01. Parallel chord uncrossing — KILL AT WHOLE-LAW GATE
/root/autodl-tmp/hilbert-polya-structure/symbolic_dynamics/docs/papers117_121_sequence/scouting/STOCHASTIC_PHASE2B_SCOUT.md:582:literal update formulas, synonyms (`parallel smoothing`, `uncrossing`,
/root/autodl-tmp/hilbert-polya-structure/symbolic_dynamics/docs/papers117_121_sequence/scouting/STOCHASTIC_PHASE2B_SCOUT.md:630:### Conditional promotion: B03 only
/root/autodl-tmp/hilbert-polya-structure/docs/papers204_208_sequence/scouting/graph_geometry_fourth/SCOUT_REPORT.md:5:Outcome: **NO_PROMOTION — six literal pilots, no reserve, no paper ID.**
/root/autodl-tmp/hilbert-polya-structure/docs/papers197_201_sequence/scouting/replacement_stirling_lane/BREADTH_AND_KILL_LEDGER.md:53:target-side root-subtree cut.  The promotion/pruning resemblance still keeps
/root/autodl-tmp/hilbert-polya-structure/docs/papers197_201_sequence/scouting/algebra_lane/BREADTH_AND_KILL_LEDGER.md:116:  close for immediate promotion.
/root/autodl-tmp/hilbert-polya-structure/docs/papers204_208_sequence/scouting/graph_relation/SCOUT_REPORT.md:43:- Chord uncrossing: old P130 and P147--151 M01 occupy the local and component
/root/autodl-tmp/hilbert-polya-structure/docs/papers204_208_sequence/scouting/graph_relation/SCOUT_REPORT.md:44:  engines. No uncrossing variant is counted here.
/root/autodl-tmp/hilbert-polya-structure/docs/papers204_208_sequence/scouting/algebra_third/SCOUT_REPORT.md:1:# Third algebra intake — closed with zero promotions
/root/autodl-tmp/hilbert-polya-structure/docs/papers204_208_sequence/scouting/algebra_third/SCOUT_REPORT.md:3:Date: 2026-09-05 UTC. Status: `SIX_NO_PROMOTION / ZERO_RESERVES`.
/root/autodl-tmp/hilbert-polya-structure/docs/papers204_208_sequence/scouting/algebra_third/SCOUT_REPORT.md:15:| ST | M_n(F_p), A ↦ A²+Aᵀ | p=2,3 with n=1,2,3; p=5 with n=1,2 | n=3,p=3 has height 25 and seven distinct strict periods. Only characteristic-two trace/pairing and symmetric functional-calculus reductions proved. No full temporal/inverse conjunction. NO_PROMOTION. |
/root/autodl-tmp/hilbert-polya-structure/docs/papers204_208_sequence/scouting/algebra_third/SCOUT_REPORT.md:16:| HN | F_p², (x,y) ↦ (y,y²−x) | p=2,3,5,7,11,13 | Classical polynomial automorphism; height zero and all fibres one. Finite-field Hénon/reversibility already owned, no all-prime cycle census. NO_PROMOTION. |
/root/autodl-tmp/hilbert-polya-structure/docs/papers204_208_sequence/scouting/algebra_third/SCOUT_REPORT.md:17:| EG | S_d², (g,h) ↦ (h,ghg⁻¹h⁻¹) | d=2,3,4 | Heights 2,4,6 are covered by two-step derived-series descent. All inverse counts are full conjugator-coset counts. NO_PROMOTION. |
/root/autodl-tmp/hilbert-polya-structure/docs/papers204_208_sequence/scouting/algebra_third/SCOUT_REPORT.md:18:| RC | F_p[X]/(X^p), f ↦ f′+f² | p=2,3,5 | Heights 1,8,94; p=5 has strict period 22. Inversion has only generic initial-coefficient recursion, no independent atlas/time theorem. NO_PROMOTION. |
/root/autodl-tmp/hilbert-polya-structure/docs/papers204_208_sequence/scouting/algebra_third/SCOUT_REPORT.md:19:| LV | F_p^L, x_i ↦ x_i(x_(i+1)−x_(i−1)) | L=3,p=2,3,5,7; L=4,5,p=2,3 | Binary subfamily is literally ECA 72; Meunier Prop. 3 owns its two-step stabilization. Odd-characteristic time/inverse contract absent. NO_PROMOTION. |
/root/autodl-tmp/hilbert-polya-structure/docs/papers204_208_sequence/scouting/algebra_third/SCOUT_REPORT.md:20:| ND | S_d^L, x_i ↦ x_i⁻¹x_(i+1) | d=2,L=3,4,5; d=3,L=3,4; d=4,L=3 | One-step image is ordered product one, all nonempty fibres have size d!; exact twisted-coboundary/diagonal-coset adapter. No independent full-group temporal result. NO_PROMOTION. |
/root/autodl-tmp/hilbert-polya-structure/docs/papers204_208_sequence/scouting/word_local/NCC_INTAKE.md:30:QHK's entire source/static adapter must be read before any promotion.
/root/autodl-tmp/hilbert-polya-structure/symbolic_dynamics/docs/papers127_131_sequence/scouting/combinatorial/SCOUT.md:28:Current result: **one conditional promotion (MT2), one reserve (PO2), and 23
/root/autodl-tmp/hilbert-polya-structure/symbolic_dynamics/docs/papers127_131_sequence/scouting/combinatorial/SCOUT.md:29:kills**.  This deliberately stays below the cap of three promotions.
/root/autodl-tmp/hilbert-polya-structure/symbolic_dynamics/docs/papers127_131_sequence/scouting/combinatorial/SCOUT.md:48:| **TB2** | On a $2\times m$ rectangular SYT, apply rectangular evacuation iff the top-right entry is odd. | $1\le m\le5$, 64 states; last $I/F=32/24$; tail 1, periods 1,2. | 309 | **KILL.** Gated evacuation is theorem-thin and owner-dense. |
/root/autodl-tmp/hilbert-polya-structure/symbolic_dynamics/docs/papers127_131_sequence/scouting/combinatorial/SCOUT.md:69:## 3. MT2 conditional promotion: rooted crossing-component planarisation
/root/autodl-tmp/hilbert-polya-structure/symbolic_dynamics/docs/papers127_131_sequence/scouting/combinatorial/SCOUT.md:181:  [*The uncrossing partial order on matchings is Eulerian*](https://arxiv.org/abs/1406.5671),
/root/autodl-tmp/hilbert-polya-structure/symbolic_dynamics/docs/papers127_131_sequence/scouting/combinatorial/SCOUT.md:183:  own the matching uncrossing poset and its Catalan minimal elements.  Their
/root/autodl-tmp/hilbert-polya-structure/symbolic_dynamics/docs/papers127_131_sequence/scouting/combinatorial/SCOUT.md:195:noncrossing closure, the transform itself, and uncrossing theory are not
/root/autodl-tmp/hilbert-polya-structure/symbolic_dynamics/docs/papers127_131_sequence/scouting/combinatorial/SCOUT.md:276:  [*Promotion and Rowmotion*](https://arxiv.org/abs/1108.1172), and Striker,
/root/autodl-tmp/hilbert-polya-structure/symbolic_dynamics/docs/papers127_131_sequence/scouting/combinatorial/SCOUT.md:312:- `uncrossing map chord diagrams noncrossing matchings`;
/root/autodl-tmp/hilbert-polya-structure/docs/papers204_208_sequence/scouting/algebra/SCOUT_REPORT.md:7:the other seven maps receive NO_PROMOTION recommendations. In particular,
/root/autodl-tmp/hilbert-polya-structure/docs/papers204_208_sequence/scouting/algebra/SCOUT_REPORT.md:21:| JS | Mat_n(F_q), A->A+A^2 | n=2, q=2,3,4; n=3,q=2. At (2,4), 256 states, core16, H4. | NO_PROMOTION: polynomial functional calculus/Frobenius-type spectral reduction; no second non-transfer axis. Not asserted to equal a particular old power map. |
/root/autodl-tmp/hilbert-polya-structure/docs/papers204_208_sequence/scouting/algebra/SCOUT_REPORT.md:22:| TM | Mat_n(F_q), A->[A,A^T] | Same four boxes; H2 throughout, including 512 states at n=3,q=2. | NO_PROMOTION: first output is symmetric, hence the second is zero. General inverse problem was not closed; no rescue by larger boxes. |
/root/autodl-tmp/hilbert-polya-structure/docs/papers204_208_sequence/scouting/algebra/SCOUT_REPORT.md:23:| TF | Mat_n(F_q), A->A(tr(A)I-A) | Same boxes. n=2,q=4 has image4 and H1; n=3,q=2 has H3, core109. | NO_PROMOTION: n=2 is det(A)I by Cayley-Hamilton, then scalar squaring. n=3 lacks an all-parameter two-axis contract. |
/root/autodl-tmp/hilbert-polya-structure/docs/papers204_208_sequence/scouting/algebra/SCOUT_REPORT.md:25:| OF | L(F_q^{2m})^2 with a nondegenerate alternating form, (U,V)->(V,(U+V)^perp) | (q,2m)=(2,2),(3,2),(4,2),(2,4),(3,4). Last: 44,944 states, core433, H3, unique max fibre212. | NO_PROMOTION after deductive generic polarity-memory transfer; exact symplectic proofs retained. |
/root/autodl-tmp/hilbert-polya-structure/docs/papers204_208_sequence/scouting/algebra/SCOUT_REPORT.md:26:| FC | Full functions f:F_p->F_p, f->(x->f(f(x))-f(x)) | p=2,3,5, respectively 4,27,3,125 states; H2,3,11. p=5 has periods1,2,4,8. | NO_PROMOTION: no uniform temporal or inverse theorem; affine restriction already carries scalar quadratic dynamics and does not control the full carrier. |
/root/autodl-tmp/hilbert-polya-structure/docs/papers204_208_sequence/scouting/algebra/SCOUT_REPORT.md:27:| GH | (Z/NZ)^2 using least residues, (a,b)->(gcd(a,b,N) mod N,a+b mod N) | N=2,3,4,6,8,9,10,12,15. At N=15: 225 states, image=core24, H1. | NO_PROMOTION: after one step the gcd coordinate is fixed and the second is an additive rotor on its multiples; inverse is a one-line gcd/CRT count. |
/root/autodl-tmp/hilbert-polya-structure/docs/papers204_208_sequence/scouting/algebra/SCOUT_REPORT.md:28:| DS | Divisors d of N, d->gcd(N,d+N/d) | N=4,8,12,16,36,60,100,144,300,1,020,100. The last has 27 states, one fixed root, H5. | NO_PROMOTION: close exponent-1 variant of P142's exponent-2 divisor map; valuation cancellation does not justify a new seat. |
/root/autodl-tmp/hilbert-polya-structure/docs/papers204_208_sequence/scouting/algebra/SCOUT_REPORT.md:102:reason for NO_PROMOTION relative to P106/P182 proof engines.
/root/autodl-tmp/hilbert-polya-structure/symbolic_dynamics/docs/papers122_126_sequence/scouting/algebraic/SCOUT.md:141:For a regular nilpotent (N^d=0), these formulas force eventual period dividing two. The exhaustive binary pilot shows the universal bound (d) is sharp for every (d=2,3,4,5). The next proof task is to give an explicit sharp witness for all (q,d), characterize fixed points and 2-cycles through the even/odd Krylov sums, and derive at least one exact layer enumerator (likely by flags relative to the regular nilpotent chain). A mere depth bound is not enough for promotion.
/root/autodl-tmp/hilbert-polya-structure/symbolic_dynamics/docs/papers122_126_sequence/scouting/algebraic/SCOUT.md:176:The first-step fibre theorem is exact: it is the unordered-root quotient, with the discriminant-zero locus giving singleton fibres. But iteration feeds coefficients back as roots; the measured maximum cycles (1,1,4,1,6,4,10,8) for (q=2,3,5,7,11,13,17,19) do not yet expose a theorem. Promotion requires a semiconjugacy or invariant that explains both cycles and transient depths. Fibre counting alone is fully owner-subtracted and earns no paper slot.
/root/autodl-tmp/hilbert-polya-structure/symbolic_dynamics/docs/papers132_136_sequence/replacement_scout/stochastic/SCOUT.md:6:**Final disposition:** **zero paper-scale promotions**, two owner-heavy reserves,
/root/autodl-tmp/hilbert-polya-structure/symbolic_dynamics/docs/papers132_136_sequence/replacement_scout/stochastic/SCOUT.md:63:| `MT3` | A boxed plane partition is an order ideal.  Choose a removable maximal cube uniformly and delete it until empty. | All ideals in `2x2x2`, `2x2x3`, `2x2x4`; 175 inputs; 525 assertions. | Volume is the clock and histories are linear extensions (maximum 183,958).  **Kill distributive-lattice background.** |
/root/autodl-tmp/hilbert-polya-structure/symbolic_dynamics/docs/papers132_136_sequence/replacement_scout/stochastic/SCOUT.md:201:formula only; no paper-scale promotion.
/root/autodl-tmp/hilbert-polya-structure/symbolic_dynamics/docs/papers132_136_sequence/replacement_scout/stochastic/SCOUT.md:236:| `MT1--MT3` | P114 forest peeling; P129 rootward coalescence; P130 chord-matching fibres | Weighted conflict deletion, graph reverse deletion, and ideal-cube deletion are distinct, but their outputs reduce to heuristic matchings, matroid bases, or linear extensions. |
/root/autodl-tmp/hilbert-polya-structure/docs/papers204_208_sequence/qa/SCOUT21_ROOT_INSPECTION.actual.json:123:  "status": "ROOT_SCOUT21_ORIGINAL_CLOSURE_PASS_NO_PROMOTION",
/root/autodl-tmp/hilbert-polya-structure/docs/papers204_208_sequence/qa/SCOUT21_ROOT_INSPECTION.actual.json:124:  "actual_root_command": "python3 -I -S -B - <<'PY'\nfrom pathlib import Path\nfrom hashlib import sha256\nimport json, math, subprocess\nroot=Path.cwd()\nbase=root/'docs/papers204_208_sequence/scouting/finite_systems_twenty_first'\nh=lambda p:sha256(Path(p).read_bytes()).hexdigest()\nj=lambda p:json.loads(Path(p).read_bytes())\nseal=h(base/'SHA256SUMS')\nrows=dict(line.split('  ',1)[::-1] for line in (base/'SHA256SUMS').read_text().splitlines())\nassert len(rows)==123 and set(rows)=={p.relative_to(base).as_posix() for p in base.rglob('*') if p.is_file() and p!=base/'SHA256SUMS'}\nassert all(not (base/n).is_symlink() and h(base/n)==v for n,v in rows.items())\nhist=[]\nfor name,count in [('HISTORICAL_INPUTS.sha256',10),('HISTORICAL_SUPPLEMENT.sha256',10),('POSTREAD_INPUTS.sha256',1)]:\n r=dict(line.split('  ',1)[::-1] for line in (base/name).read_text().splitlines()); assert len(r)==count\n assert all(h(root/n)==v for n,v in r.items()); hist.append({'name':name,'checked':len(r)})\nruns=[]\nfor name in ('execution_01','execution_02'):\n d=base/name; receipt=j(d/'RECEIPT.json')\n assert receipt['status']=='PASS' and receipt['producer_exit']==0 and not receipt['uncovered']\n assert receipt['before_after_equal'] and receipt['output_bytes']==260304\n for stem,anchor,count in [('source',base,5),('history',root,10),('runtime',Path('/'),606)]:\n  before=j(d/(stem+'.before.json')); after=j(d/(stem+'.after.json')); assert before==after and len(before)==count\n  assert all(h(anchor/n)==v for n,v in before.items())\n  if stem=='source':\n   assert set(before)=={p.name for p in (d/'source_inputs').iterdir() if p.is_file()}\n   assert all(h(d/'source_inputs'/n)==v for n,v in before.items())\n command=j(d/'producer.command.json'); assert command['exit']==0 and command['command'][1:4]==['-I','-S','-B']\n rt=j(d/'runtime.observed.json')\n assert len(rt['paths'])==37 and not rt['uncovered']\n assert rt['runtime']==j(d/'producer.stderr') and 'optimize=0' in rt['runtime']['flags']\n covered={str((d/'source_inputs'/n).resolve()):v for n,v in j(d/'source.before.json').items()}\n covered.update(j(d/'runtime.before.json'))\n assert all(str(Path(p).resolve()) in covered and h(p)==covered[str(Path(p).resolve())] for p in rt['paths'])\n assert not (d/'never_written_cache').exists()\n payload=[json.loads(line) for line in (d/'producer.stdout').read_text().splitlines()]\n assert len(payload)==34 and payload[-1]=={'status':'PASS','boxes':33,'states':1725,'checks':7076}\n expected=[(n,m) for n,cap in ((1,2),(2,5),(3,6),(4,7),(5,8)) for m in range(cap+1)]\n assert [(r['n'],r['mass']) for r in payload[:-1]]==expected\n for row in payload[:-1]:\n  n,m=row['n'],row['mass']; states=row['rows']\n  assert len(states)==row['states']==math.comb(m+n-1,n-1)\n  assert len({tuple(x['state']) for x in states})==len(states)\n  assert all(len(x['state'])==n and sum(x['state'])==m and min(x['state'])>=0 for x in states)\n  assert all(x['actual_fibre']==x['decoded_fibre'] for x in states)\n  assert sum(len(x['actual_fibre']) for x in states)==row['states']\n assert h(d/'producer.stdout')==receipt['raw_stdout_sha256']=='a2301b40c5dccefbad1a628b9e1adefd176bfa5409a7bd7e23dfa26961274bd6'\n runs.append({'directory':name,'boxes':33,'states':1725,'checks':7076,'inputs':5,'history':10,'runtime_superset':606,'observed_files':37})\ncaptures=[]\nfor name,count in [('evidence_capture',4079),('evidence_capture_02',3544)]:\n d=base/name; before=j(d/'history_search.before.json')\n assert before==j(d/'history_search.after.json') and len(before)==count\n # These are contemporaneous selected inputs; no new discovery or absence claim.\n assert all(h(p)==v for p,v in before.items())\n assert set(before)==set(j(d/'history_selected.json'))\n cmp=j(d/'COMPARISON.json'); assert cmp['status']=='PASS' and cmp['runtime_unchanged']\n assert j(d/'comparator.before.json')==j(d/'comparator.after.json')\n assert all(h(p)==v for p,v in j(d/'comparator.before.json').items())\n assert j(d/'rg.before.json')==j(d/'rg.after.json') and all(h(p)==v for p,v in j(d/'rg.before.json').items())\n for row in cmp['comparisons']:\n  assert row['exit']==0 and row['source_before']==row['source_after'] and all(h(p)==v for p,v in row['source_before'].items())\n commands=[]\n for p in sorted(d.glob('*.command.json')):\n  c=j(p); assert c['exit']==0; assert (d/c['stdout']).is_file() and (d/c['stderr']).is_file()\n  commands.append({'label':p.name,'exit':c['exit']})\n captures.append({'directory':name,'selected_inputs':count,'commands':commands,'scope_valid':name.endswith('_02')})\nexp=j(base/'evidence_capture/EXACT_ADDITIONAL_EXPOSURE.json')\nassert exp['excluded_scientific_paths_scanned']==180 and len(exp['exact_paths'])==180 and not exp['corrected_remaining_excluded']\nretrieval=j(base/'public_sources/RETRIEVAL.json')\nfor row in retrieval:\n c=j(base/'public_sources'/(row['tag']+'.command.json')); assert c['exit']==row['exit']\n if 'output' in row: assert h(base/'public_sources'/row['output'])==row['sha256'] and (base/'public_sources'/row['output']).stat().st_size==row['bytes']\nactual=[]\nfor label in ('root_raw_pair_1','root_raw_pair_2'):\n argv=['/usr/bin/cmp',str(base/'execution_01/producer.stdout'),str(base/'execution_02/producer.stdout')]\n c=subprocess.run(argv,capture_output=True); assert c.returncode==0\n actual.append({'label':label,'argv':argv,'exit_code':c.returncode,'stdout':c.stdout.decode(),'stderr':c.stderr.decode()})\nassert h(base/'SHA256SUMS')==seal and all(h(base/n)==v for n,v in rows.items())\nprint(json.dumps({'status':'ROOT_SCOUT21_ORIGINAL_CLOSURE_PASS_NO_PROMOTION','manifest_entries':123,'manifest_sha256':seal,'historical_manifests':hist,'actual_author_runs_inspected':runs,'history_captures':captures,'additional_exposure_paths_preserved':180,'root_new_mathematical_execution':False,'source_body_status':'PRIMARY_CANNINGS_HAIGH_NOT_READ','fresh_raw_comparisons':actual},sort_keys=True,indent=2))\nPY",
/root/autodl-tmp/hilbert-polya-structure/docs/papers204_208_sequence/qa/SCOUT19_ROOT_INSPECTION.actual.json:3:  "MCR_TCR": "NO_PROMOTION",
/root/autodl-tmp/hilbert-polya-structure/docs/papers197_201_sequence/scouting/nonlinear_fifth_20260905/SCOUT_AND_DISPOSITION.md:3:Date: 2026-09-05 UTC. **CLOSED_WITHOUT_PROMOTION / HOLD_EXTERNAL**.
/root/autodl-tmp/hilbert-polya-structure/symbolic_dynamics/docs/papers132_136_sequence/scouting/algebraic/SCOUT.md:18:| 3 | `M02` | Syzygy on indecomposable modules over a self-injective cyclic Nakayama algebra has a complete functional graph: one fixed zero, projective leaves, explicit nonprojective periods, cycle counts, fixed iterates, and zeta product. | **DIRECT-OWNER CONTROL, NOT A CLEAN PROMOTION.**  Marks's Lemma 5.12 already owns the exact two period cases; almost everything remaining is immediate packaging. |
/root/autodl-tmp/hilbert-polya-structure/symbolic_dynamics/docs/papers117_121_sequence/scouting/COMBINATORIAL_PHASE2C_SCOUT.md:16:rowmotion/promotion, sorting or 0-Hecke normalization, generic finite-linear
/root/autodl-tmp/hilbert-polya-structure/symbolic_dynamics/docs/papers117_121_sequence/scouting/COMBINATORIAL_PHASE2C_SCOUT.md:48:algebraic equation and objectwise owner firewall justify internal promotion,
/root/autodl-tmp/hilbert-polya-structure/symbolic_dynamics/docs/papers117_121_sequence/scouting/COMBINATORIAL_PHASE2C_SCOUT.md:496:- **Kill gate:** no promotion without a closed stabilizer distribution for
/root/autodl-tmp/hilbert-polya-structure/symbolic_dynamics/docs/papers157_161_sequence/scouting/combinatorial/SCOUT.md:43:| 7 | `PPS` | permutations; reverse every maximal descending run | apparent sharp `n-1` pass bound | **`KILL_POP_STACK_OWNER`** |
/root/autodl-tmp/hilbert-polya-structure/symbolic_dynamics/docs/papers132_136_sequence/replacement_scout/nondivisor_algebra/SCOUT.md:27:- **one theorem-ready internal promotion on external owner hold:** `CT1`;
/root/autodl-tmp/hilbert-polya-structure/symbolic_dynamics/docs/papers132_136_sequence/replacement_scout/nondivisor_algebra/SCOUT.md:133:| `CT1` | Orbit-size partition of the derived subgroup of `C_(S_n)(sigma)`. | All-weight period at most two; nonsharp tail bound `2n`; complete recurrent decoder and generating functions; one-step fibres as large as 415 in the common box. | **INTERNAL PROMOTION / EXTERNAL OWNER HOLD.**  Structural centralizer and wreath-commutator inputs are zero credit.  Residual value is only the tagged temporal theorem, recurrent census, and target-fibre transfer. |
/root/autodl-tmp/hilbert-polya-structure/symbolic_dynamics/docs/papers132_136_sequence/replacement_scout/nondivisor_algebra/SCOUT.md:556:| 1 | `CT1` | Exact centralizer-derived type rule; all-weight period at most two and tail at most `2n`; complete recurrent decoder/OGFs; every-target one-step fibre | **INTERNAL PROMOTION / EXTERNAL OWNER HOLD.**  The former proof hold is closed; require specialist ownership review and a value decision before any allocation or release. |
/root/autodl-tmp/hilbert-polya-structure/docs/papers204_208_sequence/scouting/finite_algebra_ninth/INTAKE.md:38:EPN is close to killed matching reranking and rewiring. Historical
/root/autodl-tmp/hilbert-polya-structure/docs/papers204_208_sequence/scouting/finite_algebra_ninth/INTAKE.md:64:`NO_PROMOTION`, not a larger pilot or a paper number.
/root/autodl-tmp/hilbert-polya-structure/docs/papers204_208_sequence/scouting/discrete_geometry_seventh/PROOF_BOUNDARIES.md:7:rules. No cutoff was enlarged. Every disposition is `NO_PROMOTION`.
/root/autodl-tmp/hilbert-polya-structure/docs/papers204_208_sequence/scouting/discrete_geometry_seventh/PROOF_BOUNDARIES.md:227:was obtained. `NO_PROMOTION / INCOMPLETE_CONJUNCTION`.
/root/autodl-tmp/hilbert-polya-structure/docs/papers204_208_sequence/scouting/discrete_geometry_seventh/PROOF_BOUNDARIES.md:278:remain unproved. `NO_PROMOTION / INCOMPLETE_CONJUNCTION`.
/root/autodl-tmp/hilbert-polya-structure/docs/papers204_208_sequence/scouting/discrete_geometry_seventh/PROOF_BOUNDARIES.md:317:`NO_PROMOTION / INCOMPLETE_CONJUNCTION`.
/root/autodl-tmp/hilbert-polya-structure/docs/papers204_208_sequence/scouting/discrete_geometry_seventh/PROOF_BOUNDARIES.md:422:transfers from DCA. `NO_PROMOTION / DCA_AND_STATIC_CHAMBER`.
/root/autodl-tmp/hilbert-polya-structure/docs/papers204_208_sequence/scouting/algebra_third/PROOF_AND_ADAPTER_NOTES.md:46:does not provide positive value evidence. `NO_PROMOTION`.
/root/autodl-tmp/hilbert-polya-structure/docs/papers204_208_sequence/scouting/algebra_third/PROOF_AND_ADAPTER_NOTES.md:63:`NO_PROMOTION`.
/root/autodl-tmp/hilbert-polya-structure/docs/papers204_208_sequence/scouting/algebra_third/PROOF_AND_ADAPTER_NOTES.md:90:`NO_PROMOTION`.
/root/autodl-tmp/hilbert-polya-structure/docs/papers204_208_sequence/scouting/algebra_third/PROOF_AND_ADAPTER_NOTES.md:117:`NO_PROMOTION`.
/root/autodl-tmp/hilbert-polya-structure/docs/papers204_208_sequence/scouting/algebra_third/PROOF_AND_ADAPTER_NOTES.md:148:temporal theorem or an independent inverse theorem. `NO_PROMOTION`.
/root/autodl-tmp/hilbert-polya-structure/docs/papers204_208_sequence/scouting/algebra_third/PROOF_AND_ADAPTER_NOTES.md:179:are not claimed to be universal. `NO_PROMOTION`.
/root/autodl-tmp/hilbert-polya-structure/symbolic_dynamics/docs/papers132_136_sequence/replacement_scout/inversion_rank/SCOUT.md:3:**Frozen verdict (2026-08-31 UTC): no promotion from this lane.**  The primary
/root/autodl-tmp/hilbert-polya-structure/symbolic_dynamics/docs/papers132_136_sequence/replacement_scout/inversion_rank/SCOUT.md:267:- Candidate promotions: **none**
/root/autodl-tmp/hilbert-polya-structure/symbolic_dynamics/docs/papers127_131_sequence/proof_spikes/ROOTWARD_PATH_PROOF_REPORT.md:12:Let `T_S` be the number of updates until the state is `{0}`. The promotion
/root/autodl-tmp/hilbert-polya-structure/symbolic_dynamics/docs/papers127_131_sequence/proof_spikes/ROOTWARD_PATH_PROOF_REPORT.md:69:is not part of the proved promotion claim in this report.
/root/autodl-tmp/hilbert-polya-structure/docs/papers204_208_sequence/scouting/finite_systems_eleventh/SCOUT_REPORT.md:1:# Eleventh lane: closed without promotion
/root/autodl-tmp/hilbert-polya-structure/docs/papers204_208_sequence/scouting/finite_systems_eleventh/SCOUT_REPORT.md:3:2026-09-06 UTC. **NO_PROMOTION / NO_ADMISSION / ZERO_RESERVES**.
/root/autodl-tmp/hilbert-polya-structure/docs/papers204_208_sequence/scouting/finite_systems_eleventh/SCOUT_REPORT.md:18:| WZS | Every subset of `F_2^d`, `d=0,1,2,3,4`; 65,814 states | At `d=4`: 1,027 images; 3 fixed points and 17 two-cycles; maximum tail 4; maximum fibre 33,664, uniquely at the empty target. The extra recurrent states are explained by a deducted orthogonal-complement subspace family. No all-d global recurrence/height or full-target inverse/extremal theorem. **NO_PROMOTION**. |
/root/autodl-tmp/hilbert-polya-structure/docs/papers204_208_sequence/scouting/finite_systems_eleventh/SCOUT_REPORT.md:19:| ACP | All monic coefficient vectors at `(degree,prime)=(2,3),(2,5),(2,7),(2,11),(3,5),(3,7),(4,5)`; 1,297 states | Genuine four-cycles already at quadratic prime 11, including an off-anchor-zero cycle; cubic prime 7 and quartic prime 5 have tail 10. Quadratic every-target inverse and sharp fibre maximum are completely derived, but are elementary Vieta/square-character content. No full-carrier all-parameter temporal proof. **NO_PROMOTION**. |
/root/autodl-tmp/hilbert-polya-structure/docs/papers204_208_sequence/scouting/combinatorial/PROOF_NOTES.md:91:already killed matching-rewiring family, not an independent new direction.
/root/autodl-tmp/hilbert-polya-structure/docs/papers204_208_sequence/scouting/finite_structures_eighth/SCOUT_REPORT.md:1:# Eighth finite-structure scout — closed, six NO_PROMOTION
/root/autodl-tmp/hilbert-polya-structure/docs/papers204_208_sequence/scouting/finite_structures_eighth/SCOUT_REPORT.md:8:state-map pairs; 0 promotions, 0 reserves, 0 new paper IDs.**
/root/autodl-tmp/hilbert-polya-structure/docs/papers204_208_sequence/scouting/finite_structures_eighth/SCOUT_REPORT.md:9:All six are NO_PROMOTION. No maximum cutoff or new full box was added.
/root/autodl-tmp/hilbert-polya-structure/docs/papers204_208_sequence/scouting/finite_structures_eighth/SCOUT_REPORT.md:44:| WGP | Mass-preserving conjugate equal-column area regrouping; static primitive only | All-mass temporal structure and separate inverse | NO_PROMOTION |
/root/autodl-tmp/hilbert-polya-structure/docs/papers204_208_sequence/scouting/finite_structures_eighth/SCOUT_REPORT.md:45:| DSR | Complete fixed-point staircase-plus-tail characterization and static count proved | Global convergence/clock and a separately evaluated inverse; fixed states alone are insufficient | NO_PROMOTION |
/root/autodl-tmp/hilbert-polya-structure/docs/papers204_208_sequence/scouting/finite_structures_eighth/SCOUT_REPORT.md:46:| UPA | n≤3 is characteristic-two adjugation; all-size unique-perfect-matching branch is an old UPC adapter with U⁴=U² | All-size treatment of zero/multiple-matching branches and independent inverse | NO_PROMOTION |
/root/autodl-tmp/hilbert-polya-structure/docs/papers204_208_sequence/scouting/finite_structures_eighth/SCOUT_REPORT.md:47:| DP3 | Coarse all-size period divisor 2^(n−2), entry bound 2^(n−2)−1, proved by generic triangular reset/flip argument and fully deducted | Path-specific residual temporal advance and separately evaluated fibre structure | NO_PROMOTION |
/root/autodl-tmp/hilbert-polya-structure/docs/papers204_208_sequence/scouting/finite_structures_eighth/SCOUT_REPORT.md:48:| BRF | Elementary functional-graph backward counts; named fibres `(n−1)!` | Full temporal core/clock and evaluated arbitrary inverse or proved all-size extremes | NO_PROMOTION |
/root/autodl-tmp/hilbert-polya-structure/docs/papers204_208_sequence/scouting/finite_structures_eighth/SCOUT_REPORT.md:49:| FFR | Pairwise distinct-bin final residual sum < M; exact in-scope 3-cycle refutes a two-cycle guess | All-parameter iteration theorem and independent inverse | NO_PROMOTION |
/root/autodl-tmp/hilbert-polya-structure/docs/papers204_208_sequence/scouting/finite_structures_eighth/SCOUT_REPORT.md:88:checker. Scientific nonpromotion and the FFR 3-cycle are retained as
/root/autodl-tmp/hilbert-polya-structure/symbolic_dynamics/docs/papers162_166_sequence/scouting/graph_set/SCOUT.md:168:Promotion requires a deeper exact-map owner search and a hostile assessment of
/root/autodl-tmp/hilbert-polya-structure/symbolic_dynamics/docs/papers132_136_sequence/scouting/combinatorial/verify_combinatorial_scout.py:420:def first_crossing_uncross(matching):
/root/autodl-tmp/hilbert-polya-structure/symbolic_dynamics/docs/papers132_136_sequence/scouting/combinatorial/verify_combinatorial_scout.py:1074:    rows.append(audit_family("MT2", matching_instances(first_crossing_uncross)))
/root/autodl-tmp/hilbert-polya-structure/docs/papers204_208_sequence/scouting/finite_systems_fourteenth/SCOUT_REPORT.md:1:# Fourteenth bounded handoff — NO_PROMOTION
/root/autodl-tmp/hilbert-polya-structure/docs/papers204_208_sequence/scouting/finite_systems_fourteenth/SCOUT_REPORT.md:7:before code. All six close **NO_PROMOTION**, with no reserve, paper number,
/root/autodl-tmp/hilbert-polya-structure/docs/papers204_208_sequence/scouting/finite_systems_fourteenth/SCOUT_REPORT.md:119:remain explicit: **NO_PROMOTION / HOLD_EXTERNAL**.
/root/autodl-tmp/hilbert-polya-structure/symbolic_dynamics/docs/papers142_146_sequence/scouting/combinatorial/SCOUT.md:59:| **P01** | Permutations.  Recursively replace a word `L m R`, where `m` is its minimum, by `m Phi(L) Phi(R)` (preorder of the min-Cartesian tree). | `1<=n<=9`; 409,113 permutations; periods `1`; max tail `8`; last `I/F=11,033/1`.  Sharp clock and recursive every-target fibres pass. | **PERMANENT KILL -- EXACT CONJUGACY.**  If `J` is reverse complement and `s` is West stack sorting, `s=J Phi J` on every permutation. |
/root/autodl-tmp/hilbert-polya-structure/symbolic_dynamics/docs/papers142_146_sequence/scouting/combinatorial/SCOUT.md:65:| **Q02** | Labelled posets; compute the set of current minimal elements below each point and order points by strict inclusion of these supports. | Same 4,473 posets; periods `1`; max tail `1`; last `I/F=226/226`; idempotence exact. | **PERMANENT KILL -- STATIC SUPPORT RETRACTION.**  One-step image classification is not dynamical progress. |
/root/autodl-tmp/hilbert-polya-structure/docs/papers204_208_sequence/scouting/finite_systems_sixteenth/SCOUT_REPORT.md:1:# Sixteenth bounded scout: author NO_PROMOTION closure
/root/autodl-tmp/hilbert-polya-structure/docs/papers204_208_sequence/scouting/finite_systems_sixteenth/SCOUT_REPORT.md:15:**Author result: all six NO_PROMOTION; no survivor, reserve, admission,
/root/autodl-tmp/hilbert-polya-structure/docs/papers204_208_sequence/scouting/finite_systems_sixteenth/SCOUT_REPORT.md:25:| CNL: binary word XOR its least cyclic rotation | Zero is the unique fixed point. At power-of-two length n, F^n=0 follows from the P178 augmentation-filtration template; it is not a new sharp clock. Every odd n >= 3 has nontrivial cycles, but no complete all-length temporal atlas is proved. Every target has at most one source per necklace; zero is the unique maximal target with the necklace-count fibre. This inverse maximum is generic canonical-section subtraction. | NO_PROMOTION / HOLD_GLOBAL_TEMPORAL; missing global axis and spent partial engines |
/root/autodl-tmp/hilbert-polya-structure/docs/papers204_208_sequence/scouting/finite_systems_sixteenth/SCOUT_REPORT.md:26:| D2LC: complement at the least degree-two graph vertex | Full all-n recurrent test, exact per-state entry rule, sharp maximum 0,0,1,2,2,... for n=1,2,3,4,5,...; degree-only exact inverse for every target; maximum fibre 3 for n>=3 with every equality target characterized. P200 consumes the monotone-priority involution core. Residual forward behaviour is an at-most-four-vertex decorated local machine; inverse choices are confined to the least active target and its two neighbours. | NO_PROMOTION / KILL_BOUNDED_LOCAL_PRIORITY_GADGET |
/root/autodl-tmp/hilbert-polya-structure/docs/papers204_208_sequence/scouting/finite_systems_sixteenth/SCOUT_REPORT.md:27:| LRG: least row rotations followed by greatest column rotations | Content preservation and one-dimensional idempotence proved. Eight finite boxes are idempotent, but neither all-shape temporal/core nor a separate all-shape inverse theorem is proved. Old whole-row/column lexical sorting is a different rule and cannot fill the gap. | NO_PROMOTION / HOLD_ALL_SHAPE_PROOF |
/root/autodl-tmp/hilbert-polya-structure/docs/papers204_208_sequence/scouting/finite_systems_sixteenth/SCOUT_REPORT.md:28:| LIR: reverse values at the lex-first longest increasing subsequence | Inversion count strictly rises until the reverse permutation; coarse binomial clock and admissible-subsequence inverse give only the old sorting-potential shell. No sharp global time or fibre extremum is proved. | NO_PROMOTION / KILL_SORTING_POTENTIAL_ONLY; desk-only |
/root/autodl-tmp/hilbert-polya-structure/docs/papers204_208_sequence/scouting/finite_systems_sixteenth/SCOUT_REPORT.md:29:| LMH: move the leftmost misplaced value to its home position, shifting others | Elizalde–Winkler Section 5 directly owns the sharp 2^(n-1)-1 clock and the exact scheduler's extremizer. Reverse placement plus selector filtering is not a separate new inverse mechanism. | NO_PROMOTION / KILL_DIRECT_TEMPORAL_OWNER; desk-only |
/root/autodl-tmp/hilbert-polya-structure/docs/papers204_208_sequence/scouting/finite_systems_sixteenth/SCOUT_REPORT.md:30:| KFR: first lex-increasing ternary Knuth triple rewrite | Eight exact oriented rules give generic finite-order termination and pattern-avoidance fixed states; classical Knuth invariance does not give confluence or a new inverse extremum. | NO_PROMOTION / KILL_ORDERED_KNUTH_REWRITE_SHELL; desk-only |
/root/autodl-tmp/hilbert-polya-structure/docs/papers204_208_sequence/scouting/finite_systems_sixteenth/SCOUT_REPORT.md:154:promotion, a paper seat, a noncontributor PASS, private Git synchronization
/root/autodl-tmp/hilbert-polya-structure/docs/papers204_208_sequence/scouting/finite_systems_eleventh/PROOF_AND_DISPOSITION.md:5:Overall status: **NO_PROMOTION / NO_ADMISSION / ZERO_RESERVES**.
/root/autodl-tmp/hilbert-polya-structure/docs/papers204_208_sequence/scouting/finite_systems_eleventh/PROOF_AND_DISPOSITION.md:114:every-target inverse/extremal mechanism was completed. **NO_PROMOTION**.
/root/autodl-tmp/hilbert-polya-structure/docs/papers204_208_sequence/scouting/finite_systems_eleventh/PROOF_AND_DISPOSITION.md:223:do not prove a global multiplicity contraction. **NO_PROMOTION**.
/root/autodl-tmp/hilbert-polya-structure/docs/papers204_208_sequence/scouting/algebra_second/SCOUT_REPORT.md:10:other maps are NO_PROMOTION recommendations. All six were piloted before
/root/autodl-tmp/hilbert-polya-structure/docs/papers204_208_sequence/scouting/algebra_second/SCOUT_REPORT.md:61:new temporal residual remains after this adapter. If none, NO_PROMOTION;
/root/autodl-tmp/hilbert-polya-structure/docs/papers204_208_sequence/scouting/finite_systems_twelfth/PROOF_AND_DISPOSITION.md:48:Disposition: `KILL_INCOMPLETE_GLOBAL_CONJUNCTION / NO_PROMOTION`.
/root/autodl-tmp/hilbert-polya-structure/docs/papers204_208_sequence/scouting/finite_systems_twelfth/PROOF_AND_DISPOSITION.md:88:Disposition: `KILL_INCOMPLETE_GLOBAL_CONJUNCTION / NO_PROMOTION`.
/root/autodl-tmp/hilbert-polya-structure/docs/papers204_208_sequence/scouting/finite_systems_twelfth/PROOF_AND_DISPOSITION.md:129:Disposition: `KILL_INCOMPLETE_GLOBAL_CONJUNCTION / NO_PROMOTION`.
/root/autodl-tmp/hilbert-polya-structure/docs/papers204_208_sequence/scouting/finite_systems_twelfth/PROOF_AND_DISPOSITION.md:150:All six literals close `NO_PROMOTION`; only STC, PCG and UMP were executed.
/root/autodl-tmp/hilbert-polya-structure/symbolic_dynamics/docs/papers142_146_sequence/phase1/CANDIDATE_POOL_AND_KILL_LEDGER.md:33:- `P01`, Cartesian-min preorder on permutations, is exactly reverse-complement conjugate to classical stack sorting.  Its Catalan fibres and sharp clock are permanent zero-credit controls.
/root/autodl-tmp/hilbert-polya-structure/docs/papers204_208_sequence/scouting/finite_systems_twenty_first/PROOF_PACKAGE.md:1:# NED partial proof package and non-promotion boundary
/root/autodl-tmp/hilbert-polya-structure/docs/papers204_208_sequence/scouting/finite_systems_twenty_first/PROOF_PACKAGE.md:118:is NO_PROMOTION, not an admissible paper contract.
/root/autodl-tmp/hilbert-polya-structure/symbolic_dynamics/docs/papers147_151_sequence/scouting/combinatorial/SCOUT.md:14:signal, lexicographic chord uncrossing (`M01`), loses its static fibre theorem
/root/autodl-tmp/hilbert-polya-structure/symbolic_dynamics/docs/papers147_151_sequence/scouting/combinatorial/SCOUT.md:32:| `M01` | perfect chord matching; resolve the lexicographically least crossing into a nesting | crossing number is the exact pointwise clock; Catalan endpoints; target basin polynomial `prod [h]_u` | Lam owns the uncrossing poset; Hermite histories own the `q`-product; P130 owns chord/noncrossing target-fibre geometry; the residual is constrained bubble sorting | **KILL_OWNER_THIN** |
/root/autodl-tmp/hilbert-polya-structure/symbolic_dynamics/docs/papers147_151_sequence/scouting/combinatorial/SCOUT.md:39:| `O01` | order ideal of a fence; ordinary rowmotion | bijective, Fibonacci carrier, rich exact periods | Striker--Williams rowmotion and the generic rowmotion/linear-extension firewall | **KILL_DIRECT** |
/root/autodl-tmp/hilbert-polya-structure/symbolic_dynamics/docs/papers147_151_sequence/scouting/combinatorial/SCOUT.md:132:matching "leftmost crossing" uncrossing
/root/autodl-tmp/hilbert-polya-structure/symbolic_dynamics/docs/papers147_151_sequence/scouting/combinatorial/SCOUT.md:133:chord matching "lexicographically first" crossing uncrossing
/root/autodl-tmp/hilbert-polya-structure/symbolic_dynamics/docs/papers147_151_sequence/scouting/combinatorial/SCOUT.md:134:perfect matching leftmost uncrossing crossings
/root/autodl-tmp/hilbert-polya-structure/symbolic_dynamics/docs/papers147_151_sequence/scouting/combinatorial/SCOUT.md:136:chord diagram uncrossing bubble sort
/root/autodl-tmp/hilbert-polya-structure/symbolic_dynamics/docs/papers147_151_sequence/scouting/combinatorial/SCOUT.md:144:- Lam's [*The uncrossing partial order on matchings is
/root/autodl-tmp/hilbert-polya-structure/symbolic_dynamics/docs/papers147_151_sequence/scouting/combinatorial/SCOUT.md:156:  uncrossing literature, and target-local nesting-fibre geometry.  A
/root/autodl-tmp/hilbert-polya-structure/symbolic_dynamics/docs/papers147_151_sequence/scouting/combinatorial/SCOUT.md:465:**Owner / decision.**  Striker--Williams, [*Promotion and
/root/autodl-tmp/hilbert-polya-structure/symbolic_dynamics/docs/papers147_151_sequence/scouting/combinatorial/SCOUT.md:467:toggle-group action.  Generic rowmotion/linear-extension results are also
/root/autodl-tmp/hilbert-polya-structure/symbolic_dynamics/docs/papers147_151_sequence/scouting/combinatorial/SCOUT.md:630:  forbids scheduler changes of P142--P146, so it was aborted before promotion.
/root/autodl-tmp/hilbert-polya-structure/symbolic_dynamics/docs/papers132_136_sequence/scouting/stochastic/verify_stochastic_scout.py:870:           "KILL_LINEAR_EXTENSION_CLASSICAL", before)
/root/autodl-tmp/hilbert-polya-structure/docs/papers204_208_sequence/scouting/graph_geometry_third/SCOUT_REPORT.md:1:# Third graph/geometry lane: closed without promotion
/root/autodl-tmp/hilbert-polya-structure/docs/papers204_208_sequence/scouting/graph_geometry_third/SCOUT_REPORT.md:4:**NO_PROMOTION / seven probes plus one immediately rejected control /
/root/autodl-tmp/hilbert-polya-structure/docs/papers204_208_sequence/scouting/finite_systems_sixteenth/PROOF_AND_DISPOSITION.md:82:second map-specific mechanism. CNL is **NO_PROMOTION / HOLD_GLOBAL_TEMPORAL**;
/root/autodl-tmp/hilbert-polya-structure/docs/papers204_208_sequence/scouting/finite_systems_sixteenth/PROOF_AND_DISPOSITION.md:244:**Author recommendation: NO_PROMOTION / KILL_BOUNDED_LOCAL_PRIORITY_GADGET.**
/root/autodl-tmp/hilbert-polya-structure/docs/papers204_208_sequence/scouting/finite_systems_sixteenth/PROOF_AND_DISPOSITION.md:263:so its theorem cannot fill the gap. **NO_PROMOTION / HOLD_ALL_SHAPE_PROOF**;
/root/autodl-tmp/hilbert-polya-structure/docs/papers204_208_sequence/scouting/finite_systems_sixteenth/PROOF_AND_DISPOSITION.md:289:No sharp global time or fibre extremum is proved. **NO_PROMOTION /
/root/autodl-tmp/hilbert-polya-structure/docs/papers204_208_sequence/scouting/finite_systems_sixteenth/PROOF_AND_DISPOSITION.md:308:**NO_PROMOTION / KILL_DIRECT_TEMPORAL_OWNER**, without a pilot.
/root/autodl-tmp/hilbert-polya-structure/docs/papers204_208_sequence/scouting/finite_systems_sixteenth/PROOF_AND_DISPOSITION.md:329:enumeration do not add a separate residual mechanism. **NO_PROMOTION /
/root/autodl-tmp/hilbert-polya-structure/symbolic_dynamics/docs/papers147_151_sequence/scouting/combinatorial_replacement/SCOUT.md:278:where `e(Q)` is the number of linear extensions.  Each source permutation has
/root/autodl-tmp/hilbert-polya-structure/symbolic_dynamics/docs/papers147_151_sequence/scouting/combinatorial_replacement/SCOUT.md:279:a unique comparison word, and assigning ranks is exactly a linear extension,
/root/autodl-tmp/hilbert-polya-structure/symbolic_dynamics/docs/papers147_151_sequence/scouting/combinatorial_replacement/SCOUT.md:297:independent subset-DP linear-extension calculation.
/root/autodl-tmp/hilbert-polya-structure/docs/papers204_208_sequence/scouting/discrete_geometry_seventh/SCOUT_REPORT.md:1:# Seventh discrete geometry scout — closed without promotion
/root/autodl-tmp/hilbert-polya-structure/docs/papers204_208_sequence/scouting/discrete_geometry_seventh/SCOUT_REPORT.md:4:**Six literal maps, six `NO_PROMOTION`, zero reserves, zero paper IDs.**
/root/autodl-tmp/hilbert-polya-structure/docs/papers204_208_sequence/scouting/word_local/CIRCULAR_SCOUT_REPORT.md:11:| CNE | Distance to next equal letter to the right; n if unique | image203; H5; cycles1:1,2:18; max fibre720 | No all-n temporal theorem; no promotion. |
/root/autodl-tmp/hilbert-polya-structure/docs/papers204_208_sequence/scouting/word_local/CIRCULAR_SCOUT_REPORT.md:12:| CNM | Nearest positive circular distance to another equal letter in either direction, n if none | image168; H4; fixed16; max fibre720 | Fixed-only small boxes do not prove convergence; no promotion. |
/root/autodl-tmp/hilbert-polya-structure/docs/papers204_208_sequence/scouting/word_local/CIRCULAR_SCOUT_REPORT.md:14:| CDW | Longest pairwise-distinct window starting at the position, capped at n | image197; H4; periods1,3,4,6,9,12; max fibre720 | No rigid two-axis contract; no promotion. |
/root/autodl-tmp/hilbert-polya-structure/docs/papers204_208_sequence/scouting/finite_systems_twenty_first/INTAKE.md:59:comparison rows. Unresolved temporal/source obligations mean NO_PROMOTION.
/root/autodl-tmp/hilbert-polya-structure/symbolic_dynamics/docs/papers152_156_sequence/scouting/stochastic/SCOUT.md:548:It also violates the internal hook/linear-extension firewall.
/root/autodl-tmp/hilbert-polya-structure/symbolic_dynamics/docs/papers152_156_sequence/scouting/combinatorial/SCOUT.md:23:| 6 | `RSP` | Schützenberger promotion on rectangular SYT | rectangular finite order and cycle census | `KILL_DIRECT_OWNER` |
/root/autodl-tmp/hilbert-polya-structure/symbolic_dynamics/docs/papers152_156_sequence/scouting/combinatorial/SCOUT.md:276:### `RSP` — rectangular tableau promotion
/root/autodl-tmp/hilbert-polya-structure/symbolic_dynamics/docs/papers152_156_sequence/scouting/combinatorial/SCOUT.md:278:Apply jeu-de-taquin promotion to `2 x b` standard Young tableaux.  For
/root/autodl-tmp/hilbert-polya-structure/symbolic_dynamics/docs/papers152_156_sequence/scouting/combinatorial/SCOUT.md:285:Rectangular promotion order and cyclic sieving are directly owned.
/root/autodl-tmp/hilbert-polya-structure/symbolic_dynamics/docs/papers152_156_sequence/scouting/combinatorial/SCOUT.md:324:and all periods divide `a+b`.  Promotion/rowmotion on rectangles is a mature
/root/autodl-tmp/hilbert-polya-structure/symbolic_dynamics/docs/papers147_151_sequence/scouting/algebraic/SCOUT.md:140:The useful signal is that an apparently nonlinear extension-field map closes
/root/autodl-tmp/hilbert-polya-structure/symbolic_dynamics/docs/papers147_151_sequence/scouting/algebraic/SCOUT.md:370:| QAR | Fan and Liao, [*On minimal decomposition of p-adic polynomial dynamical systems*](https://doi.org/10.1016/j.aim.2011.06.032) | general polynomial `p`-adic decomposition framework | QAR requires literal finite-quotient owner subtraction before promotion |
/root/autodl-tmp/hilbert-polya-structure/docs/papers204_208_sequence/scouting/finite_algebra_ninth/PROOF_AND_ADAPTER_NOTES.md:85:adapter; no all-$m,p$ individual-cycle census was proved. `NO_PROMOTION`.
/root/autodl-tmp/hilbert-polya-structure/docs/papers204_208_sequence/scouting/finite_algebra_ninth/PROOF_AND_ADAPTER_NOTES.md:110:only. `NO_PROMOTION`.
/root/autodl-tmp/hilbert-polya-structure/docs/papers204_208_sequence/scouting/finite_algebra_ninth/PROOF_AND_ADAPTER_NOTES.md:133:proved. `NO_PROMOTION`.
/root/autodl-tmp/hilbert-polya-structure/docs/papers204_208_sequence/scouting/finite_algebra_ninth/PROOF_AND_ADAPTER_NOTES.md:207:provide two valued axes. `NO_PROMOTION`.
/root/autodl-tmp/hilbert-polya-structure/docs/papers204_208_sequence/scouting/finite_algebra_ninth/PROOF_AND_ADAPTER_NOTES.md:242:extremum was established. `NO_PROMOTION`.
/root/autodl-tmp/hilbert-polya-structure/docs/papers204_208_sequence/scouting/finite_algebra_ninth/PROOF_AND_ADAPTER_NOTES.md:319:**Open risk / disposition:** `NO_PROMOTION`. The new static deduction was
/root/autodl-tmp/hilbert-polya-structure/docs/papers204_208_sequence/scouting/graph_geometry_third/PROOF_BOUNDARIES.md:148:probes and the ODD control are **NO_PROMOTION**, not reserves. Larger cutoffs
/root/autodl-tmp/hilbert-polya-structure/docs/papers204_208_sequence/scouting/word_local/LUB_PROOF_WORK/PROOF_AND_DISPOSITION.md:4:Disposition: **NO_PROMOTION / COMPLETE_STATIC_INVERSE_ADAPTER**.
/root/autodl-tmp/hilbert-polya-structure/docs/papers204_208_sequence/scouting/word_local/LUB_PROOF_WORK/PROOF_AND_DISPOSITION.md:313:Accordingly the candidate is closed NO_PROMOTION at the unchanged
/root/autodl-tmp/hilbert-polya-structure/docs/papers204_208_sequence/scouting/word_local/UGR_PROOF_WORK/PROOF_PACKAGE.md:380:**HANDOFF_WITH_SOURCE_HOLD / NO_PROMOTION / HOLD_EXTERNAL**, pending that
/root/autodl-tmp/hilbert-polya-structure/symbolic_dynamics/docs/papers152_156_sequence/scouting/combinatorial_replacement2/SCOUT.md:130:Hence the quotient precedence relation is acyclic and has a linear extension.
/root/autodl-tmp/hilbert-polya-structure/docs/papers204_208_sequence/scouting/finite_systems_eighteenth/SCOUT_REPORT.md:3:2026-09-06 UTC. **NO_FRESH_SLATE / ZERO_EXECUTED / NO_PROMOTION /
/root/autodl-tmp/hilbert-polya-structure/docs/papers204_208_sequence/scouting/finite_systems_eighteenth/SCOUT_REPORT.md:18:| D5 trace lexicographic representative | Retraction; fibres equal dependence-poset linear extensions | Quotient section and static trace/heap counting; no new time axis |
/root/autodl-tmp/hilbert-polya-structure/docs/papers204_208_sequence/scouting/finite_systems_seventeenth/SCOUT_REPORT.md:4:`BOUNDED_DESK_CLOSED / NO_FRESH_SLATE / NO_PROMOTION / HOLD_EXTERNAL`.
/root/autodl-tmp/hilbert-polya-structure/symbolic_dynamics/docs/papers162_166_sequence/scouting/word_combinatorial/verify_scout.py:435:def tableau_promotion(tab):
/root/autodl-tmp/hilbert-polya-structure/symbolic_dynamics/docs/papers162_166_sequence/scouting/word_combinatorial/verify_scout.py:556:    sig = functional_signature(tabs, tableau_promotion)
/root/autodl-tmp/hilbert-polya-structure/symbolic_dynamics/docs/papers162_166_sequence/scouting/word_combinatorial/verify_scout.py:557:    A.eq(sig[0], len(tabs), "tableau promotion bijection")
/root/autodl-tmp/hilbert-polya-structure/symbolic_dynamics/docs/papers157_161_sequence/scouting/stochastic/verify_stochastic_scout.py:561:def is_linear_extension(order, predecessors):
/root/autodl-tmp/hilbert-polya-structure/symbolic_dynamics/docs/papers157_161_sequence/scouting/stochastic/verify_stochastic_scout.py:582:        if is_linear_extension(order, predecessors):
/root/autodl-tmp/hilbert-polya-structure/symbolic_dynamics/docs/papers157_161_sequence/scouting/stochastic/verify_stochastic_scout.py:702:    ("PSD", pilot_psd, "KILL_LINEAR_EXTENSIONS"),
/root/autodl-tmp/hilbert-polya-structure/docs/papers204_208_sequence/scouting/finite_systems_twenty_first/SCOUT_REPORT.md:1:# Twenty-first bounded scout: NO_PROMOTION
/root/autodl-tmp/hilbert-polya-structure/docs/papers204_208_sequence/scouting/finite_systems_twenty_first/SCOUT_REPORT.md:3:Final disposition: **NO_PROMOTION**. One fresh literal fixed-ring resource
/root/autodl-tmp/hilbert-polya-structure/symbolic_dynamics/docs/papers162_166_sequence/scouting/open_fresh_p167/verify_scout.py:394:          "SRW=KILL_DIRECT_MATCHING_REWIRING_OWNER "
/root/autodl-tmp/hilbert-polya-structure/symbolic_dynamics/docs/papers162_166_sequence/scouting/open_fresh_p166_round3/IDEA_LEDGER.md:36:| `OST` | rooted plane trees; simultaneously contract every nonroot vertex whose current fringe-subtree size is odd | sharp height jumps first at sizes `2,3,5,9`; height on `PT_{<=N}` is `ceil(log2 N)` | all-time size lower bound, surjectivity, target-resolved minimal-source product, exact aggregate and sharp minimal-height census | **`KILL_INTERNAL_P148_SILHOUETTE`**; despite being the strongest new formula, it repeats P148's plane-tree promotion contraction + singleton core + logarithmic clock + target-degree product architecture |
/root/autodl-tmp/hilbert-polya-structure/symbolic_dynamics/docs/papers162_166_sequence/scouting/open_fresh_p166_round3/IDEA_LEDGER.md:70:selected vertices with ordered child promotion, have the singleton as unique
/root/autodl-tmp/hilbert-polya-structure/symbolic_dynamics/docs/papers177_181_sequence/scouting/stochastic_graph_lane/SCOUT_AND_KILL_LEDGER.md:7:literals but receive no promotion credit.
/root/autodl-tmp/hilbert-polya-structure/symbolic_dynamics/docs/papers157_161_sequence/scouting/stochastic/SCOUT.md:83:| `TAS` | Carrier: a binary word.  Choose a uniform active adjacent inversion `10` and swap it to `01`. | `110100` has clock 8, Ferrers shape `(3,3,2)`, and 42 complete histories. | Clock equals inversion number pathwise. | History count is the standard Young-tableau hook formula for the inversion Ferrers shape. | P82–P83 Fredkin/Rule-184 lane and the permanent hook/linear-extension exclusion. | **`KILL_TASEP_HOOK`** |
/root/autodl-tmp/hilbert-polya-structure/symbolic_dynamics/docs/papers157_161_sequence/scouting/stochastic/SCOUT.md:88:| `PSD` | Carrier: induced subposets of a fixed DAG.  Uniformly delete a current source and record the deletion order. | A five-point DAG has 10 extensions with probability multiplicities `{1/12:4,1/24:4,1/4:2}`. | Fixed clock `n`; path probability is the product of reciprocal active-source counts. | Complete endpoint history support is the set of linear extensions. | Permanent generic hook/linear-extension exclusion; close in proof engine to P144's reassociation histories. | **`KILL_LINEAR_EXTENSIONS`** |
/root/autodl-tmp/hilbert-polya-structure/symbolic_dynamics/docs/papers157_161_sequence/scouting/stochastic/SCOUT.md:331:  birthday/refinement, Boolean product, coalescence, closure, linear-extension,
/root/autodl-tmp/hilbert-polya-structure/docs/papers204_208_sequence/scouting/finite_systems_twentieth/PROOF_AND_ADAPTERS.md:142:the reason for **NO_PROMOTION**. No mathematical impossibility statement
/root/autodl-tmp/hilbert-polya-structure/docs/papers204_208_sequence/scouting/finite_systems_twentieth/PROOF_AND_ADAPTERS.md:238:inverse/extremum. D3 closes **HOLD_PROOF / NO_PROMOTION**, with external
/root/autodl-tmp/hilbert-polya-structure/symbolic_dynamics/docs/papers162_166_sequence/scouting/open_fresh_p166_round6/SCOUT.md:11:Promotion required both of the following after source and internal
/root/autodl-tmp/hilbert-polya-structure/symbolic_dynamics/docs/papers162_166_sequence/scouting/open_fresh_p166_round5/SCOUT.md:14:actions and standard selectors were not eligible for promotion.
/root/autodl-tmp/hilbert-polya-structure/symbolic_dynamics/docs/papers162_166_sequence/scouting/replacement_crossclass/SCOUT.md:242:ordinary gambler's ruin, coupon collection, random deletion, linear extension,
/root/autodl-tmp/hilbert-polya-structure/symbolic_dynamics/docs/papers117_121_sequence/proof_spikes/R3_FIBRE_PROOF_REPORT.md:113:promotion.  A separate hostile owner audit must still decide whether the
/root/autodl-tmp/hilbert-polya-structure/symbolic_dynamics/docs/papers162_166_sequence/scouting/open_fresh_p167/SCOUT.md:21:involutions, hence lies directly in owned perfect-matching rewiring and
/root/autodl-tmp/hilbert-polya-structure/symbolic_dynamics/docs/papers162_166_sequence/scouting/open_fresh_p167/SCOUT.md:201:association scheme.  Perfect-matching rewiring walks directly own the same
/root/autodl-tmp/hilbert-polya-structure/symbolic_dynamics/docs/papers162_166_sequence/scouting/open_fresh_p167/SCOUT.md:206:SRW: KILL_DIRECT_MATCHING_REWIRING_OWNER
/root/autodl-tmp/hilbert-polya-structure/symbolic_dynamics/docs/papers162_166_sequence/scouting/open_fresh_p166_round6/IDEA_LEDGER.md:13:not re-enter generic deletion or coupon chains, linear-extension walks,
/root/autodl-tmp/hilbert-polya-structure/symbolic_dynamics/docs/papers162_166_sequence/scouting/open_fresh_p166_round6/IDEA_LEDGER.md:14:gambler's ruin, tree promotion, permutation subsequence maps, cyclic-word
/root/autodl-tmp/hilbert-polya-structure/symbolic_dynamics/docs/papers162_166_sequence/scouting/open_fresh_p166_round6/IDEA_LEDGER.md:16:Round-1--5 proposal.  Schuetzenberger tableau promotion was desk-screened and
/root/autodl-tmp/hilbert-polya-structure/symbolic_dynamics/docs/papers112_116_sequence/scouting/COMBINATORIAL_SCOUT.md:77:  promotion/0-Hecke and pop-stack sorting, noncrossing closure, blocker
/root/autodl-tmp/hilbert-polya-structure/docs/papers204_208_sequence/scouting/graph_geometry_fourth/PROOF_BOUNDARIES.md:90:The tested encoding uses a natural linear extension as the labels.
/root/autodl-tmp/hilbert-polya-structure/symbolic_dynamics/docs/papers162_166_sequence/scouting/stochastic_spatial/SCOUT.md:43:  random deletion, quota exposure, linear-extension/hook scheduling;
/root/autodl-tmp/hilbert-polya-structure/symbolic_dynamics/docs/papers167_171_sequence/scouting/combinatorial_crossdomain/SCOUT.md:76:## Promotion recommendation
/root/autodl-tmp/hilbert-polya-structure/symbolic_dynamics/docs/papers167_171_sequence/scouting/combinatorial_crossdomain/SCOUT.md:81:factor alone, do not call the map whirling or promotion, and do not use any of
/root/autodl-tmp/hilbert-polya-structure/docs/papers204_208_sequence/scouting/set_partition_sixth/SCOUT_REPORT.md:1:# Sixth set-family / partition lane — closed with no promotion
/root/autodl-tmp/hilbert-polya-structure/docs/papers204_208_sequence/scouting/set_partition_sixth/SCOUT_REPORT.md:7:`NO_PROMOTION / HOLD_EXTERNAL` applies to every row.
/root/autodl-tmp/hilbert-polya-structure/symbolic_dynamics/docs/papers162_166_sequence/scouting/root_odd_subtree_contraction/SCOUT.md:77:carrier, synchronous vertex contraction with ordered child promotion, a
/root/autodl-tmp/hilbert-polya-structure/docs/papers204_208_sequence/scouting/word_local/MNC_GATE/SOURCE_AND_PROOF.md:278:cutoff, additional finite table, generic inverse rewrite, or promotion under
/root/autodl-tmp/hilbert-polya-structure/symbolic_dynamics/docs/papers162_166_sequence/scouting/word_combinatorial/SCOUT.md:72:| `SPR` | Schützenberger promotion on standard tableaux of rectangular shape `2 x 3` | five tableaux split into a 2-cycle and a 3-cycle | rectangular promotion has a classical finite-order theory; fibres singleton | direct jeu-de-taquin/promotion owner | `KILL_DIRECT_OWNER_BIJECTION` |
/root/autodl-tmp/hilbert-polya-structure/symbolic_dynamics/docs/papers162_166_sequence/scouting/word_combinatorial/SCOUT.md:192:permutations in `S_8` for stack-sort tails, and the complete finite carriers
/root/autodl-tmp/hilbert-polya-structure/symbolic_dynamics/docs/papers132_136_sequence/replacement_scout/combinatorial/SCOUT.md:28:- **FM1, least-cycle opening:** conditional theorem-level promotion, with a
/root/autodl-tmp/hilbert-polya-structure/symbolic_dynamics/docs/papers132_136_sequence/replacement_scout/combinatorial/SCOUT.md:30:- **FM2, leaf-to-loop pruning:** conditional theorem-level promotion, with a
/root/autodl-tmp/hilbert-polya-structure/symbolic_dynamics/docs/papers132_136_sequence/replacement_scout/combinatorial/SCOUT.md:377:- Order-ideal promotion, rowmotion, and toggle frameworks are owner-heavy;
/root/autodl-tmp/hilbert-polya-structure/symbolic_dynamics/docs/papers132_136_sequence/replacement_scout/combinatorial/SCOUT.md:379:  [*Promotion and Rowmotion*](https://doi.org/10.46298/dmtcs.3038).  OI2 and
/root/autodl-tmp/hilbert-polya-structure/symbolic_dynamics/docs/papers132_136_sequence/replacement_scout/algebraic/SCOUT.md:25:- **one internal promotion with an external novelty hold:** `D01`;
/root/autodl-tmp/hilbert-polya-structure/symbolic_dynamics/docs/papers132_136_sequence/replacement_scout/algebraic/SCOUT.md:305:focused short note, not a broad algebraic-dynamics claim.  External promotion
/root/autodl-tmp/hilbert-polya-structure/symbolic_dynamics/docs/papers172_176_sequence/scouting/combinatorial_crossdomain/focused_nonextractive/IDEA_LEDGER.md:29:| `C03_LEW` | perfect matchings; length-sort edges, list lows forward and highs backward, pair consecutive endpoints | apart from the one-edge boundary, only two-cycles are recurrent in the tested range; six edges have tail 8 and max fibre 52 with no stable formula. | `KILL_MATCHING_REWIRE_THIN` |
/root/autodl-tmp/hilbert-polya-structure/symbolic_dynamics/docs/papers132_136_sequence/replacement_scout/stochastic_round2/SCOUT.md:12:random walks, sorting/carrying, tree pruning, linear-extension clocks, and
/root/autodl-tmp/hilbert-polya-structure/symbolic_dynamics/docs/papers177_181_sequence/scouting/algebra_lane/SCOUT_AND_KILL_LEDGER.md:13:- one internal promotion: `C01/SFD`;
/root/autodl-tmp/hilbert-polya-structure/symbolic_dynamics/docs/papers147_151_sequence/scouting/stochastic/SCOUT.md:51:| S04 | delete a uniform source | finite DAGs | 125,568 | **KILL — linear extensions** |
/root/autodl-tmp/hilbert-polya-structure/symbolic_dynamics/docs/papers147_151_sequence/scouting/stochastic/SCOUT.md:219:element of the reachability poset, so histories are precisely linear extensions.
/root/autodl-tmp/hilbert-polya-structure/symbolic_dynamics/docs/papers147_151_sequence/scouting/stochastic/SCOUT.md:225:This is definition-level linear-extension/topological-sort theory.  The direct
/root/autodl-tmp/hilbert-polya-structure/symbolic_dynamics/docs/papers147_151_sequence/scouting/stochastic/SCOUT.md:227:[Linear extensions of finite posets](https://arxiv.org/abs/2311.02743) and the
/root/autodl-tmp/hilbert-polya-structure/symbolic_dynamics/docs/papers147_151_sequence/scouting/stochastic/SCOUT.md:229:[Generating linear extensions of posets by transpositions](https://doi.org/10.1016/0095-8956(92)90067-8).
/root/autodl-tmp/hilbert-polya-structure/symbolic_dynamics/docs/papers147_151_sequence/scouting/stochastic/SCOUT.md:807:| direct external same-object transfer | S01, S02, S03, S04, S05 | peaks, random MST, OK-Corral, linear extensions, hook formula |
/root/autodl-tmp/hilbert-polya-structure/symbolic_dynamics/docs/papers147_151_sequence/scouting/combinatorial/verify_combinatorial_scout.py:132:def uncross(matching: Matching) -> Matching:
/root/autodl-tmp/hilbert-polya-structure/symbolic_dynamics/docs/papers147_151_sequence/scouting/combinatorial/verify_combinatorial_scout.py:197:            nxt = uncross(state)
/root/autodl-tmp/hilbert-polya-structure/symbolic_dynamics/docs/papers147_151_sequence/scouting/combinatorial/verify_combinatorial_scout.py:205:            endpoint, tail = orbit_to_fixed(state, uncross)
/root/autodl-tmp/hilbert-polya-structure/symbolic_dynamics/docs/papers147_151_sequence/scouting/combinatorial/verify_combinatorial_scout.py:983:        ("M01_CHORD_UNCROSS", audit_m01),
/root/autodl-tmp/hilbert-polya-structure/symbolic_dynamics/docs/papers152_156_sequence/scouting/stochastic_replacement2/SCOUT.md:134:and promotion statistics on the same reduced-word structures.  Adding a lazy
/root/autodl-tmp/hilbert-polya-structure/symbolic_dynamics/docs/papers157_161_sequence/scouting/replacement_geometry_mechanism/SCOUT.md:52:| 13 | `SYT` | two-row standard Young tableaux; Schuetzenberger promotion | Catalan carrier with mixed orbit lengths and global order `2n` | **`KILL_PROMOTION_OWNER`** |
/root/autodl-tmp/hilbert-polya-structure/symbolic_dynamics/docs/papers157_161_sequence/scouting/replacement_geometry_mechanism/SCOUT.md:266:### `SYT` -- promotion on two-row rectangles
/root/autodl-tmp/hilbert-polya-structure/symbolic_dynamics/docs/papers157_161_sequence/scouting/replacement_geometry_mechanism/SCOUT.md:269:  Schuetzenberger promotion.
/root/autodl-tmp/hilbert-polya-structure/symbolic_dynamics/docs/papers157_161_sequence/scouting/replacement_geometry_mechanism/SCOUT.md:273:- **Candidate theorem.**  Promotion has global order `2n` for `n>=3`
/root/autodl-tmp/hilbert-polya-structure/symbolic_dynamics/docs/papers157_161_sequence/scouting/replacement_geometry_mechanism/SCOUT.md:278:- **Verdict.**  **`KILL_PROMOTION_OWNER`**; this is a named classical action,
/root/autodl-tmp/hilbert-polya-structure/symbolic_dynamics/docs/papers157_161_sequence/scouting/replacement_geometry_mechanism/SCOUT.md:341:| `SYT` | tableau/partition carrier near P74/P83/P113/P144 | literal Schuetzenberger promotion | cyclic-sieving orbit theorem is directly owned | all fibres singleton | hook/Catalan/promotion machinery is permanently excluded; fatal |
/root/autodl-tmp/hilbert-polya-structure/symbolic_dynamics/docs/papers152_156_sequence/scouting/combinatorial/verify_combinatorial_scout.py:510:def promotion(T, rows, cols):
/root/autodl-tmp/hilbert-polya-structure/symbolic_dynamics/docs/papers152_156_sequence/scouting/combinatorial/verify_combinatorial_scout.py:531:def audit_promotion():
/root/autodl-tmp/hilbert-polya-structure/symbolic_dynamics/docs/papers152_156_sequence/scouting/combinatorial/verify_combinatorial_scout.py:540:            cur, t = promotion(T, rows, cols), 1
/root/autodl-tmp/hilbert-polya-structure/symbolic_dynamics/docs/papers152_156_sequence/scouting/combinatorial/verify_combinatorial_scout.py:543:                cur = promotion(cur, rows, cols)
/root/autodl-tmp/hilbert-polya-structure/symbolic_dynamics/docs/papers152_156_sequence/scouting/combinatorial/verify_combinatorial_scout.py:885:    promotion_data = audit_promotion()
/root/autodl-tmp/hilbert-polya-structure/symbolic_dynamics/docs/papers152_156_sequence/scouting/combinatorial/verify_combinatorial_scout.py:915:    print(f"RSP rectangle profiles: {promotion_data}")
/root/autodl-tmp/hilbert-polya-structure/symbolic_dynamics/papers/148-even-level-plane-tree-contraction/main.tex:101:Ordered child promotion also occurs inside generic forest
/root/autodl-tmp/hilbert-polya-structure/symbolic_dynamics/papers/149-iterated-endpoint-peak-extraction/main.tex:51:of linear-extension counts of comparison-word posets augmented by the target
/root/autodl-tmp/hilbert-polya-structure/symbolic_dynamics/papers/149-iterated-endpoint-peak-extraction/main.tex:261:Write $e(Q)$ for the number of linear extensions of $Q$.
/root/autodl-tmp/hilbert-polya-structure/symbolic_dynamics/papers/149-iterated-endpoint-peak-extraction/main.tex:275:Fix $w$.  A linear extension of $Q(w,\sigma)$, read from smaller to larger,
/root/autodl-tmp/hilbert-polya-structure/symbolic_dynamics/papers/149-iterated-endpoint-peak-extraction/main.tex:280:its positions by increasing value and gives one such linear extension.
/root/autodl-tmp/hilbert-polya-structure/symbolic_dynamics/papers/149-iterated-endpoint-peak-extraction/main.tex:298:linear-extension count.  All $1{,}228{,}181$ exact assertions pass.
/root/autodl-tmp/hilbert-polya-structure/symbolic_dynamics/docs/papers157_161_sequence/phase1/combinatorial_gate/REPLACEMENT_SCOUT.md:241:  dynamical-algebraic-combinatorics object with direct promotion, toggle, and
/root/autodl-tmp/hilbert-polya-structure/symbolic_dynamics/papers/15-bar-koszul-primitive-no-lift/sections/7_audit_route.tex:143:proves-too-much control prevents promotion.  Route B is false for the present
/root/autodl-tmp/hilbert-polya-structure/symbolic_dynamics/papers/130-crossing-component-fibre-geometry/main.tex:108:uncrossing order on matchings \cite{Lam2015}.
/root/autodl-tmp/hilbert-polya-structure/symbolic_dynamics/papers/130-crossing-component-fibre-geometry/main.tex:380:and generic uncrossing are background.  No analytic asymptotic, unrooted
/root/autodl-tmp/hilbert-polya-structure/symbolic_dynamics/docs/papers162_166_sequence/scouting/open_fresh_p166_round8/SCOUT.md:22:This is a scout promotion only.  It requires an independent hostile gate and
/root/autodl-tmp/hilbert-polya-structure/symbolic_dynamics/docs/papers162_166_sequence/scouting/geometry_group/SCOUT.md:43:  simplex rotation, promotion, polar duality, and finite-field orthocenter
/root/autodl-tmp/hilbert-polya-structure/symbolic_dynamics/papers/169-successor-transfer-set-partitions/main.tex:99:Bulgarian solitaire \cite{Brandt1982}, jeu-de-taquin promotion and rowmotion
/root/autodl-tmp/hilbert-polya-structure/symbolic_dynamics/docs/papers107_111_sequence/scouting/COMBINATORIAL_SCOUT.md:58:- rowmotion, promotion/0-Hecke and pop-stack actions, source candidates that
/root/autodl-tmp/hilbert-polya-structure/symbolic_dynamics/papers/129-rootward-active-pile-coalescence/sections/5_control.tex:16:the abstract or contribution list, and supplies no promotion credit.
/root/autodl-tmp/hilbert-polya-structure/symbolic_dynamics/docs/papers162_166_sequence/scouting/replacement_posets_languages/SCOUT.md:15:first theorem/owner gate: they reduce to rowmotion, linear extensions,
/root/autodl-tmp/hilbert-polya-structure/symbolic_dynamics/docs/papers162_166_sequence/scouting/replacement_posets_languages/SCOUT.md:68:| `P02/RFG` | ideals of the six-element fence; choose one currently feasible new point and adjoin it | `(21,39,1,1,3)`; 61 complete histories | deterministic remaining-rank absorption clock; endpoint histories are linear extensions | `KILL_GENERIC_LINEAR_EXTENSIONS` |
/root/autodl-tmp/hilbert-polya-structure/symbolic_dynamics/docs/papers162_166_sequence/scouting/replacement_posets_languages/SCOUT.md:81:| `M04/RCG` | rooted connected vertex sets of a six-cycle plus empty set; randomly add one vertex preserving rooted connectivity | `(17,27,1,1,2)` | deterministic cardinality clock and feasible-word history count | `KILL_ANTIMATROID_LINEAR_EXTENSIONS` |
/root/autodl-tmp/hilbert-polya-structure/symbolic_dynamics/docs/papers122_126_sequence/phase1/CANDIDATE_POOL_AND_KILL_LEDGER.md:20:## Promotions that survived
/root/autodl-tmp/hilbert-polya-structure/symbolic_dynamics/papers/149-iterated-endpoint-peak-extraction/PROOF_PACKAGE.md:21:   positions, of the linear-extension counts of the adjacent-comparison
/root/autodl-tmp/hilbert-polya-structure/symbolic_dynamics/papers/149-iterated-endpoint-peak-extraction/PROOF_PACKAGE.md:44:- `e(Q)`: number of linear extensions of a finite poset `Q`, read from
/root/autodl-tmp/hilbert-polya-structure/symbolic_dynamics/papers/149-iterated-endpoint-peak-extraction/PROOF_PACKAGE.md:53:assignments into linear extensions.
/root/autodl-tmp/hilbert-polya-structure/symbolic_dynamics/papers/149-iterated-endpoint-peak-extraction/PROOF_PACKAGE.md:63:   standard rank-assignment/linear-extension bijection.
/root/autodl-tmp/hilbert-polya-structure/symbolic_dynamics/papers/149-iterated-endpoint-peak-extraction/PROOF_PACKAGE.md:204:A linear extension of `Q(w,sigma)`, listed from smaller to larger, assigns
/root/autodl-tmp/hilbert-polya-structure/symbolic_dynamics/papers/149-iterated-endpoint-peak-extraction/PROOF_PACKAGE.md:209:thereby gives a unique linear extension of `Q(w,sigma)`.
/root/autodl-tmp/hilbert-polya-structure/symbolic_dynamics/papers/149-iterated-endpoint-peak-extraction/PROOF_PACKAGE.md:222:`n=m=1` case has one empty comparison word and one linear extension.  All
/root/autodl-tmp/hilbert-polya-structure/symbolic_dynamics/docs/papers182_186_sequence/scouting/crossdomain_lane/SCOUT_AND_KILL_LEDGER.md:232:permutation `pi` uniformly and toggle membership of every prefix set
/root/autodl-tmp/hilbert-polya-structure/symbolic_dynamics/docs/papers172_176_sequence/scouting/fresh_geometry_automata/SCOUT_AND_KILL_LEDGER.md:23:| `D15_LXP` | Labelled strict posets.  Output the total order given by the lexicographically least linear extension. | All labelled posets through `n=5` (4,231); image/fixed `n!`, maximum fibre 357 at `n=5`. | Exact target fibres are enumerated but do not factor target-locally. | **`KILL_ONE_STEP / NO INVERSE`.** Lexicographic topological sorting is the whole forward theorem and the second axis remains a coupled poset count. |
/root/autodl-tmp/hilbert-polya-structure/symbolic_dynamics/docs/papers177_181_sequence/scouting/combinatorial_lane/SCOUT_AND_KILL_LEDGER.md:27:  0 promotions
/root/autodl-tmp/hilbert-polya-structure/symbolic_dynamics/docs/papers127_131_sequence/scouting/stochastic/SCOUT.md:81:  by the P117 history. It receives no promotion credit.
/root/autodl-tmp/hilbert-polya-structure/symbolic_dynamics/docs/papers127_131_sequence/scouting/stochastic/SCOUT.md:89:  adjacent-coalescence firewall. It is a kill, not a promotion.
/root/autodl-tmp/hilbert-polya-structure/symbolic_dynamics/docs/papers127_131_sequence/scouting/stochastic/SCOUT.md:270:noncollision/ballot proof route, but it is not needed for the promotion and
/root/autodl-tmp/hilbert-polya-structure/symbolic_dynamics/docs/papers127_131_sequence/scouting/stochastic/SCOUT.md:373:  to justify promotion, and all rooted subsets through `n=12` pass an
/root/autodl-tmp/hilbert-polya-structure/symbolic_dynamics/papers/05-intrinsic-symbolic-grading-and-duality/sections/1_introduction.tex:65:The conclusion is deliberately forward-looking but not promotional. The A2
/root/autodl-tmp/hilbert-polya-structure/symbolic_dynamics/docs/papers132_136_sequence/scouting/stochastic/SCOUT.md:52:| `P03` | Permutation; delete the left, larger entry of any adjacent descent. | sizes 1--8; 46,233 | Terminal is exactly the right-to-left-minimum subsequence; maximum 5,040 histories. **Kill monotone-stack normal form.** |
/root/autodl-tmp/hilbert-polya-structure/symbolic_dynamics/docs/papers132_136_sequence/scouting/stochastic/SCOUT.md:57:| `G02` | Naturally ordered DAG; repeatedly delete a current source. Audit all histories against brute-force orders. | all such DAGs `n=1..5`; 11,537 | Histories are exactly topological orders/linear extensions for 1,099 DAGs. **Kill classical.** |
/root/autodl-tmp/hilbert-polya-structure/symbolic_dynamics/docs/papers132_136_sequence/scouting/stochastic/SCOUT.md:339:honest status is `RESERVE_ABELLANESS_GATE`, not a paper-ready promotion.
/root/autodl-tmp/hilbert-polya-structure/symbolic_dynamics/docs/papers132_136_sequence/scouting/combinatorial/SCOUT.md:30:- **PM1: conditional promotion to an independent proof/collision gate**;
/root/autodl-tmp/hilbert-polya-structure/symbolic_dynamics/docs/papers132_136_sequence/scouting/combinatorial/SCOUT.md:36:of weak promotions.
/root/autodl-tmp/hilbert-polya-structure/symbolic_dynamics/docs/papers132_136_sequence/scouting/combinatorial/SCOUT.md:61:| **MT2** | Resolve the lexicographically first crossing pair into two separated pairs. | Same 1,069 states; periods 1, tail 5; last `I/F=319/42`. | 4,296 | **KILL DIRECT INTERNAL.** Local uncrossing is zero-credit beside P130's componentwise retraction. |
/root/autodl-tmp/hilbert-polya-structure/symbolic_dynamics/docs/papers132_136_sequence/scouting/combinatorial/SCOUT.md:268:## 5. Direct-owner kills that prevented false promotion
/root/autodl-tmp/hilbert-polya-structure/symbolic_dynamics/docs/papers147_151_sequence/phase1/CANDIDATE_POOL_AND_KILL_LEDGER.md:55:- The strongest first combinatorial signal, lexicographic chord uncrossing,
/root/autodl-tmp/hilbert-polya-structure/symbolic_dynamics/docs/papers147_151_sequence/phase1/CANDIDATE_POOL_AND_KILL_LEDGER.md:63:  uniform DAG-source deletion is linear extensions; Young-corner deletion is
/root/autodl-tmp/hilbert-polya-structure/symbolic_dynamics/papers/146-uniform-ear-deletion-triangulations/main.tex:210:brute-forces bounded rooted linear extensions, checks total probability in
/root/autodl-tmp/hilbert-polya-structure/symbolic_dynamics/papers/15-bar-koszul-primitive-no-lift/sections/1_introduction.tex:74:  determinant (solid arrows).  Three independent tests block its promotion
/root/autodl-tmp/hilbert-polya-structure/symbolic_dynamics/docs/papers147_151_sequence/scouting/stochastic/verify_stochastic_scout.py:6:candidate is being considered for promotion.
/root/autodl-tmp/hilbert-polya-structure/symbolic_dynamics/docs/papers147_151_sequence/scouting/stochastic/verify_stochastic_scout.py:255:# linear extensions/topological orders, a direct classical owner.
/root/autodl-tmp/hilbert-polya-structure/symbolic_dynamics/docs/papers147_151_sequence/scouting/stochastic/verify_stochastic_scout.py:280:def verify_source_linear_extension_owner() -> None:
/root/autodl-tmp/hilbert-polya-structure/symbolic_dynamics/docs/papers147_151_sequence/scouting/stochastic/verify_stochastic_scout.py:281:    lane = "S04_linear_extensions_KILL"
/root/autodl-tmp/hilbert-polya-structure/symbolic_dynamics/docs/papers147_151_sequence/scouting/stochastic/verify_stochastic_scout.py:291:            check(lane, brute == source_histories(tuple(range(n)), edges), "linear-extension recurrence")
/root/autodl-tmp/hilbert-polya-structure/symbolic_dynamics/docs/papers147_151_sequence/scouting/stochastic/verify_stochastic_scout.py:1203:    verify_source_linear_extension_owner()
/root/autodl-tmp/hilbert-polya-structure/symbolic_dynamics/papers/25-holomorphic-lefschetz-code-collapse/sections/10_route_evaluation.tex:4:The analytic-function-space loophole produces one genuine promotion and no
/root/autodl-tmp/hilbert-polya-structure/symbolic_dynamics/papers/25-holomorphic-lefschetz-code-collapse/sections/10_route_evaluation.tex:5:arithmetic promotion.  \Cref{tab:route} records the strict evaluation.
/root/autodl-tmp/symbolic_dynamics/docs/papers117_121_sequence/proof_spikes/R3_FIBRE_PROOF_REPORT.md:113:promotion.  A separate hostile owner audit must still decide whether the
/root/autodl-tmp/symbolic_dynamics/docs/papers132_136_sequence/replacement_scout/combinatorial/SCOUT.md:28:- **FM1, least-cycle opening:** conditional theorem-level promotion, with a
/root/autodl-tmp/symbolic_dynamics/docs/papers132_136_sequence/replacement_scout/combinatorial/SCOUT.md:30:- **FM2, leaf-to-loop pruning:** conditional theorem-level promotion, with a
/root/autodl-tmp/symbolic_dynamics/docs/papers132_136_sequence/replacement_scout/combinatorial/SCOUT.md:377:- Order-ideal promotion, rowmotion, and toggle frameworks are owner-heavy;
/root/autodl-tmp/symbolic_dynamics/docs/papers132_136_sequence/replacement_scout/combinatorial/SCOUT.md:379:  [*Promotion and Rowmotion*](https://doi.org/10.46298/dmtcs.3038).  OI2 and
/root/autodl-tmp/symbolic_dynamics/docs/papers107_111_sequence/scouting/COMBINATORIAL_SCOUT.md:58:- rowmotion, promotion/0-Hecke and pop-stack actions, source candidates that
/root/autodl-tmp/hilbert-polya-structure/symbolic_dynamics/docs/papers162_166_sequence/scouting/open_fresh_p166/IDEA_LEDGER.md:31:The table records the actual proposal before the three small-box promotions.
/root/autodl-tmp/hilbert-polya-structure/symbolic_dynamics/docs/papers162_166_sequence/scouting/open_fresh_p166/IDEA_LEDGER.md:52:| `P04` | RSK shape/recording-tableau feedback | classical insertion/jeu-de-taquin engine | `DESK_KILL_CLASSICAL` |
/root/autodl-tmp/symbolic_dynamics/docs/papers132_136_sequence/scouting/combinatorial/verify_combinatorial_scout.py:420:def first_crossing_uncross(matching):
/root/autodl-tmp/symbolic_dynamics/docs/papers132_136_sequence/scouting/combinatorial/verify_combinatorial_scout.py:1074:    rows.append(audit_family("MT2", matching_instances(first_crossing_uncross)))
/root/autodl-tmp/symbolic_dynamics/docs/papers117_121_sequence/scouting/COMBINATORIAL_PHASE2C_SCOUT.md:16:rowmotion/promotion, sorting or 0-Hecke normalization, generic finite-linear
/root/autodl-tmp/symbolic_dynamics/docs/papers117_121_sequence/scouting/COMBINATORIAL_PHASE2C_SCOUT.md:48:algebraic equation and objectwise owner firewall justify internal promotion,
/root/autodl-tmp/symbolic_dynamics/docs/papers117_121_sequence/scouting/COMBINATORIAL_PHASE2C_SCOUT.md:496:- **Kill gate:** no promotion without a closed stabilizer distribution for
/root/autodl-tmp/symbolic_dynamics/docs/papers127_131_sequence/proof_spikes/ROOTWARD_PATH_PROOF_REPORT.md:12:Let `T_S` be the number of updates until the state is `{0}`. The promotion
/root/autodl-tmp/symbolic_dynamics/docs/papers127_131_sequence/proof_spikes/ROOTWARD_PATH_PROOF_REPORT.md:69:is not part of the proved promotion claim in this report.
/root/autodl-tmp/symbolic_dynamics/docs/papers117_121_sequence/scouting/COMBINATORIAL_SCOUT.md:401:  of linear extensions.
/root/autodl-tmp/symbolic_dynamics/docs/papers147_151_sequence/scouting/stochastic/SCOUT.md:51:| S04 | delete a uniform source | finite DAGs | 125,568 | **KILL — linear extensions** |
/root/autodl-tmp/symbolic_dynamics/docs/papers147_151_sequence/scouting/stochastic/SCOUT.md:219:element of the reachability poset, so histories are precisely linear extensions.
/root/autodl-tmp/symbolic_dynamics/docs/papers147_151_sequence/scouting/stochastic/SCOUT.md:225:This is definition-level linear-extension/topological-sort theory.  The direct
/root/autodl-tmp/symbolic_dynamics/docs/papers147_151_sequence/scouting/stochastic/SCOUT.md:227:[Linear extensions of finite posets](https://arxiv.org/abs/2311.02743) and the
/root/autodl-tmp/symbolic_dynamics/docs/papers147_151_sequence/scouting/stochastic/SCOUT.md:229:[Generating linear extensions of posets by transpositions](https://doi.org/10.1016/0095-8956(92)90067-8).
/root/autodl-tmp/symbolic_dynamics/docs/papers147_151_sequence/scouting/stochastic/SCOUT.md:807:| direct external same-object transfer | S01, S02, S03, S04, S05 | peaks, random MST, OK-Corral, linear extensions, hook formula |
/root/autodl-tmp/symbolic_dynamics/docs/papers152_156_sequence/scouting/stochastic/SCOUT.md:548:It also violates the internal hook/linear-extension firewall.
/root/autodl-tmp/hilbert-polya-structure/symbolic_dynamics/docs/papers162_166_sequence/scouting/open_fresh_p167/IDEA_LEDGER.md:20:| `SRW` | Perfect matchings on `[2n]` with root label `0`.  Sample `v` uniformly and replace the matching involution `M` by `(0 v) M (0 v)`. | The root partner is an exact lazy complete-graph chain with nontrivial eigenvalue `1/(2n)`; the full matching chain is irreducible, reversible, and uniform-stationary. | All-time root-partner law and recovery of `n`; arbitrary endpoint histories as star-transposition coefficients. | The second axis is exactly star-transposition factorization on the fixed-point-free-involution conjugacy class, next to the directly owned perfect-matching rewiring walk and matching association scheme. | **`KILL_DIRECT_MATCHING_REWIRING_OWNER`** |
/root/autodl-tmp/symbolic_dynamics/docs/papers132_136_sequence/replacement_scout/algebraic/SCOUT.md:25:- **one internal promotion with an external novelty hold:** `D01`;
/root/autodl-tmp/symbolic_dynamics/docs/papers132_136_sequence/replacement_scout/algebraic/SCOUT.md:305:focused short note, not a broad algebraic-dynamics claim.  External promotion
/root/autodl-tmp/symbolic_dynamics/docs/papers152_156_sequence/scouting/stochastic_replacement2/SCOUT.md:134:and promotion statistics on the same reduced-word structures.  Adding a lazy
/root/autodl-tmp/symbolic_dynamics/docs/papers132_136_sequence/replacement_scout/nondivisor_algebra/SCOUT.md:27:- **one theorem-ready internal promotion on external owner hold:** `CT1`;
/root/autodl-tmp/symbolic_dynamics/docs/papers132_136_sequence/replacement_scout/nondivisor_algebra/SCOUT.md:133:| `CT1` | Orbit-size partition of the derived subgroup of `C_(S_n)(sigma)`. | All-weight period at most two; nonsharp tail bound `2n`; complete recurrent decoder and generating functions; one-step fibres as large as 415 in the common box. | **INTERNAL PROMOTION / EXTERNAL OWNER HOLD.**  Structural centralizer and wreath-commutator inputs are zero credit.  Residual value is only the tagged temporal theorem, recurrent census, and target-fibre transfer. |
/root/autodl-tmp/symbolic_dynamics/docs/papers132_136_sequence/replacement_scout/nondivisor_algebra/SCOUT.md:556:| 1 | `CT1` | Exact centralizer-derived type rule; all-weight period at most two and tail at most `2n`; complete recurrent decoder/OGFs; every-target one-step fibre | **INTERNAL PROMOTION / EXTERNAL OWNER HOLD.**  The former proof hold is closed; require specialist ownership review and a value decision before any allocation or release. |
/root/autodl-tmp/symbolic_dynamics/docs/papers157_161_sequence/scouting/replacement_geometry_mechanism/SCOUT.md:52:| 13 | `SYT` | two-row standard Young tableaux; Schuetzenberger promotion | Catalan carrier with mixed orbit lengths and global order `2n` | **`KILL_PROMOTION_OWNER`** |
/root/autodl-tmp/symbolic_dynamics/docs/papers157_161_sequence/scouting/replacement_geometry_mechanism/SCOUT.md:266:### `SYT` -- promotion on two-row rectangles
/root/autodl-tmp/symbolic_dynamics/docs/papers157_161_sequence/scouting/replacement_geometry_mechanism/SCOUT.md:269:  Schuetzenberger promotion.
/root/autodl-tmp/symbolic_dynamics/docs/papers157_161_sequence/scouting/replacement_geometry_mechanism/SCOUT.md:273:- **Candidate theorem.**  Promotion has global order `2n` for `n>=3`
/root/autodl-tmp/symbolic_dynamics/docs/papers157_161_sequence/scouting/replacement_geometry_mechanism/SCOUT.md:278:- **Verdict.**  **`KILL_PROMOTION_OWNER`**; this is a named classical action,
/root/autodl-tmp/symbolic_dynamics/docs/papers157_161_sequence/scouting/replacement_geometry_mechanism/SCOUT.md:341:| `SYT` | tableau/partition carrier near P74/P83/P113/P144 | literal Schuetzenberger promotion | cyclic-sieving orbit theorem is directly owned | all fibres singleton | hook/Catalan/promotion machinery is permanently excluded; fatal |
/root/autodl-tmp/symbolic_dynamics/docs/papers132_136_sequence/scouting/stochastic/verify_stochastic_scout.py:870:           "KILL_LINEAR_EXTENSION_CLASSICAL", before)
/root/autodl-tmp/symbolic_dynamics/docs/papers132_136_sequence/scouting/combinatorial/__pycache__/verify_combinatorial_scout.cpython-312.pyc: binary file matches (found "\0" byte around offset 4)
/root/autodl-tmp/symbolic_dynamics/docs/papers147_151_sequence/scouting/algebraic/SCOUT.md:140:The useful signal is that an apparently nonlinear extension-field map closes
/root/autodl-tmp/symbolic_dynamics/docs/papers147_151_sequence/scouting/algebraic/SCOUT.md:370:| QAR | Fan and Liao, [*On minimal decomposition of p-adic polynomial dynamical systems*](https://doi.org/10.1016/j.aim.2011.06.032) | general polynomial `p`-adic decomposition framework | QAR requires literal finite-quotient owner subtraction before promotion |
/root/autodl-tmp/symbolic_dynamics/docs/papers162_166_sequence/scouting/open_fresh_p166_round8/SCOUT.md:22:This is a scout promotion only.  It requires an independent hostile gate and
/root/autodl-tmp/symbolic_dynamics/docs/papers122_126_sequence/phase1/CANDIDATE_POOL_AND_KILL_LEDGER.md:20:## Promotions that survived
/root/autodl-tmp/symbolic_dynamics/docs/papers157_161_sequence/scouting/combinatorial/SCOUT.md:43:| 7 | `PPS` | permutations; reverse every maximal descending run | apparent sharp `n-1` pass bound | **`KILL_POP_STACK_OWNER`** |
/root/autodl-tmp/symbolic_dynamics/docs/papers162_166_sequence/scouting/replacement_posets_languages/SCOUT.md:15:first theorem/owner gate: they reduce to rowmotion, linear extensions,
/root/autodl-tmp/symbolic_dynamics/docs/papers162_166_sequence/scouting/replacement_posets_languages/SCOUT.md:68:| `P02/RFG` | ideals of the six-element fence; choose one currently feasible new point and adjoin it | `(21,39,1,1,3)`; 61 complete histories | deterministic remaining-rank absorption clock; endpoint histories are linear extensions | `KILL_GENERIC_LINEAR_EXTENSIONS` |
/root/autodl-tmp/symbolic_dynamics/docs/papers162_166_sequence/scouting/replacement_posets_languages/SCOUT.md:81:| `M04/RCG` | rooted connected vertex sets of a six-cycle plus empty set; randomly add one vertex preserving rooted connectivity | `(17,27,1,1,2)` | deterministic cardinality clock and feasible-word history count | `KILL_ANTIMATROID_LINEAR_EXTENSIONS` |
/root/autodl-tmp/symbolic_dynamics/docs/papers127_131_sequence/scouting/stochastic/SCOUT.md:81:  by the P117 history. It receives no promotion credit.
/root/autodl-tmp/symbolic_dynamics/docs/papers127_131_sequence/scouting/stochastic/SCOUT.md:89:  adjacent-coalescence firewall. It is a kill, not a promotion.
/root/autodl-tmp/symbolic_dynamics/docs/papers127_131_sequence/scouting/stochastic/SCOUT.md:270:noncollision/ballot proof route, but it is not needed for the promotion and
/root/autodl-tmp/symbolic_dynamics/docs/papers127_131_sequence/scouting/stochastic/SCOUT.md:373:  to justify promotion, and all rooted subsets through `n=12` pass an
/root/autodl-tmp/symbolic_dynamics/docs/papers162_166_sequence/scouting/graph_set/SCOUT.md:168:Promotion requires a deeper exact-map owner search and a hostile assessment of
/root/autodl-tmp/symbolic_dynamics/docs/papers162_166_sequence/scouting/open_fresh_p166_round5/SCOUT.md:14:actions and standard selectors were not eligible for promotion.
/root/autodl-tmp/symbolic_dynamics/docs/papers162_166_sequence/scouting/open_fresh_p167/SCOUT.md:21:involutions, hence lies directly in owned perfect-matching rewiring and
/root/autodl-tmp/symbolic_dynamics/docs/papers162_166_sequence/scouting/open_fresh_p167/SCOUT.md:201:association scheme.  Perfect-matching rewiring walks directly own the same
/root/autodl-tmp/symbolic_dynamics/docs/papers162_166_sequence/scouting/open_fresh_p167/SCOUT.md:206:SRW: KILL_DIRECT_MATCHING_REWIRING_OWNER
/root/autodl-tmp/symbolic_dynamics/docs/papers162_166_sequence/scouting/open_fresh_p166/IDEA_LEDGER.md:31:The table records the actual proposal before the three small-box promotions.
/root/autodl-tmp/symbolic_dynamics/docs/papers162_166_sequence/scouting/open_fresh_p166/IDEA_LEDGER.md:52:| `P04` | RSK shape/recording-tableau feedback | classical insertion/jeu-de-taquin engine | `DESK_KILL_CLASSICAL` |
/root/autodl-tmp/symbolic_dynamics/docs/papers162_166_sequence/scouting/root_odd_subtree_contraction/SCOUT.md:77:carrier, synchronous vertex contraction with ordered child promotion, a
/root/autodl-tmp/symbolic_dynamics/docs/papers197_201_sequence/scouting/algebra_lane/BREADTH_AND_KILL_LEDGER.md:116:  close for immediate promotion.
/root/autodl-tmp/symbolic_dynamics/docs/papers162_166_sequence/scouting/open_fresh_p167/IDEA_LEDGER.md:20:| `SRW` | Perfect matchings on `[2n]` with root label `0`.  Sample `v` uniformly and replace the matching involution `M` by `(0 v) M (0 v)`. | The root partner is an exact lazy complete-graph chain with nontrivial eigenvalue `1/(2n)`; the full matching chain is irreducible, reversible, and uniform-stationary. | All-time root-partner law and recovery of `n`; arbitrary endpoint histories as star-transposition coefficients. | The second axis is exactly star-transposition factorization on the fixed-point-free-involution conjugacy class, next to the directly owned perfect-matching rewiring walk and matching association scheme. | **`KILL_DIRECT_MATCHING_REWIRING_OWNER`** |
/root/autodl-tmp/symbolic_dynamics/docs/papers197_201_sequence/scouting/nonlinear_fifth_20260905/SCOUT_AND_DISPOSITION.md:3:Date: 2026-09-05 UTC. **CLOSED_WITHOUT_PROMOTION / HOLD_EXTERNAL**.
/root/autodl-tmp/symbolic_dynamics/docs/papers142_146_sequence/scouting/combinatorial/SCOUT.md:59:| **P01** | Permutations.  Recursively replace a word `L m R`, where `m` is its minimum, by `m Phi(L) Phi(R)` (preorder of the min-Cartesian tree). | `1<=n<=9`; 409,113 permutations; periods `1`; max tail `8`; last `I/F=11,033/1`.  Sharp clock and recursive every-target fibres pass. | **PERMANENT KILL -- EXACT CONJUGACY.**  If `J` is reverse complement and `s` is West stack sorting, `s=J Phi J` on every permutation. |
/root/autodl-tmp/symbolic_dynamics/docs/papers142_146_sequence/scouting/combinatorial/SCOUT.md:65:| **Q02** | Labelled posets; compute the set of current minimal elements below each point and order points by strict inclusion of these supports. | Same 4,473 posets; periods `1`; max tail `1`; last `I/F=226/226`; idempotence exact. | **PERMANENT KILL -- STATIC SUPPORT RETRACTION.**  One-step image classification is not dynamical progress. |
/root/autodl-tmp/symbolic_dynamics/docs/papers204_208_sequence/qa/SCOUT19_ROOT_INSPECTION.actual.json:3:  "MCR_TCR": "NO_PROMOTION",
/root/autodl-tmp/symbolic_dynamics/docs/papers117_121_sequence/scouting/STOCHASTIC_PHASE2B_SCOUT.md:13:promotion, one reserve, ten kills; no paper number frozen  
/root/autodl-tmp/symbolic_dynamics/docs/papers117_121_sequence/scouting/STOCHASTIC_PHASE2B_SCOUT.md:38:| 3 | B01 | parallel uncrossing of a maximally crossing chord matching | exact parity interval; owner-subtracted staircase extreme atom | **KILL AT PRECOMMITTED WHOLE-LAW GATE** |
/root/autodl-tmp/symbolic_dynamics/docs/papers117_121_sequence/scouting/STOCHASTIC_PHASE2B_SCOUT.md:86:| `stoch_phase2b_chord_uncrossing.py` | 215,862 | 18,775 joint-law + 625 unit-drop | `n<=7`; full parity support and extreme atom; uniform terminal law killed |
/root/autodl-tmp/symbolic_dynamics/docs/papers117_121_sequence/scouting/STOCHASTIC_PHASE2B_SCOUT.md:104:### B01. Parallel chord uncrossing — KILL AT WHOLE-LAW GATE
/root/autodl-tmp/symbolic_dynamics/docs/papers117_121_sequence/scouting/STOCHASTIC_PHASE2B_SCOUT.md:582:literal update formulas, synonyms (`parallel smoothing`, `uncrossing`,
/root/autodl-tmp/symbolic_dynamics/docs/papers117_121_sequence/scouting/STOCHASTIC_PHASE2B_SCOUT.md:630:### Conditional promotion: B03 only
/root/autodl-tmp/symbolic_dynamics/docs/papers204_208_sequence/scouting/algebra_second/SCOUT_REPORT.md:10:other maps are NO_PROMOTION recommendations. All six were piloted before
/root/autodl-tmp/symbolic_dynamics/docs/papers204_208_sequence/scouting/algebra_second/SCOUT_REPORT.md:61:new temporal residual remains after this adapter. If none, NO_PROMOTION;
/root/autodl-tmp/symbolic_dynamics/docs/papers204_208_sequence/scouting/algebra_third/PROOF_AND_ADAPTER_NOTES.md:46:does not provide positive value evidence. `NO_PROMOTION`.
/root/autodl-tmp/symbolic_dynamics/docs/papers204_208_sequence/scouting/algebra_third/PROOF_AND_ADAPTER_NOTES.md:63:`NO_PROMOTION`.
/root/autodl-tmp/symbolic_dynamics/docs/papers204_208_sequence/scouting/algebra_third/PROOF_AND_ADAPTER_NOTES.md:90:`NO_PROMOTION`.
/root/autodl-tmp/symbolic_dynamics/docs/papers204_208_sequence/scouting/algebra_third/PROOF_AND_ADAPTER_NOTES.md:117:`NO_PROMOTION`.
/root/autodl-tmp/symbolic_dynamics/docs/papers204_208_sequence/scouting/algebra_third/PROOF_AND_ADAPTER_NOTES.md:148:temporal theorem or an independent inverse theorem. `NO_PROMOTION`.
/root/autodl-tmp/symbolic_dynamics/docs/papers204_208_sequence/scouting/algebra_third/PROOF_AND_ADAPTER_NOTES.md:179:are not claimed to be universal. `NO_PROMOTION`.
/root/autodl-tmp/symbolic_dynamics/docs/papers162_166_sequence/scouting/word_combinatorial/verify_scout.py:435:def tableau_promotion(tab):
/root/autodl-tmp/symbolic_dynamics/docs/papers162_166_sequence/scouting/word_combinatorial/verify_scout.py:556:    sig = functional_signature(tabs, tableau_promotion)
/root/autodl-tmp/symbolic_dynamics/docs/papers162_166_sequence/scouting/word_combinatorial/verify_scout.py:557:    A.eq(sig[0], len(tabs), "tableau promotion bijection")
/root/autodl-tmp/symbolic_dynamics/docs/papers172_176_sequence/scouting/combinatorial_crossdomain/focused_nonextractive/IDEA_LEDGER.md:29:| `C03_LEW` | perfect matchings; length-sort edges, list lows forward and highs backward, pair consecutive endpoints | apart from the one-edge boundary, only two-cycles are recurrent in the tested range; six edges have tail 8 and max fibre 52 with no stable formula. | `KILL_MATCHING_REWIRE_THIN` |
/root/autodl-tmp/symbolic_dynamics/docs/papers132_136_sequence/replacement_scout/inversion_rank/SCOUT.md:3:**Frozen verdict (2026-08-31 UTC): no promotion from this lane.**  The primary
/root/autodl-tmp/symbolic_dynamics/docs/papers132_136_sequence/replacement_scout/inversion_rank/SCOUT.md:267:- Candidate promotions: **none**
/root/autodl-tmp/symbolic_dynamics/docs/papers204_208_sequence/scouting/discrete_geometry_seventh/SCOUT_REPORT.md:1:# Seventh discrete geometry scout — closed without promotion
/root/autodl-tmp/symbolic_dynamics/docs/papers204_208_sequence/scouting/discrete_geometry_seventh/SCOUT_REPORT.md:4:**Six literal maps, six `NO_PROMOTION`, zero reserves, zero paper IDs.**
/root/autodl-tmp/symbolic_dynamics/docs/papers147_151_sequence/scouting/combinatorial_replacement/SCOUT.md:278:where `e(Q)` is the number of linear extensions.  Each source permutation has
/root/autodl-tmp/symbolic_dynamics/docs/papers147_151_sequence/scouting/combinatorial_replacement/SCOUT.md:279:a unique comparison word, and assigning ranks is exactly a linear extension,
/root/autodl-tmp/symbolic_dynamics/docs/papers147_151_sequence/scouting/combinatorial_replacement/SCOUT.md:297:independent subset-DP linear-extension calculation.
/root/autodl-tmp/symbolic_dynamics/docs/papers204_208_sequence/scouting/algebra_second/SI_PROOF_AND_ADAPTER.md:215:survives; otherwise recommend NO_PROMOTION rather than enlarging n.
/root/autodl-tmp/symbolic_dynamics/docs/papers204_208_sequence/scouting/finite_systems_eighteenth/SCOUT_REPORT.md:3:2026-09-06 UTC. **NO_FRESH_SLATE / ZERO_EXECUTED / NO_PROMOTION /
/root/autodl-tmp/symbolic_dynamics/docs/papers204_208_sequence/scouting/finite_systems_eighteenth/SCOUT_REPORT.md:18:| D5 trace lexicographic representative | Retraction; fibres equal dependence-poset linear extensions | Quotient section and static trace/heap counting; no new time axis |
/root/autodl-tmp/symbolic_dynamics/docs/papers204_208_sequence/scouting/finite_systems_eleventh/PROOF_AND_DISPOSITION.md:5:Overall status: **NO_PROMOTION / NO_ADMISSION / ZERO_RESERVES**.
/root/autodl-tmp/symbolic_dynamics/docs/papers204_208_sequence/scouting/finite_systems_eleventh/PROOF_AND_DISPOSITION.md:114:every-target inverse/extremal mechanism was completed. **NO_PROMOTION**.
/root/autodl-tmp/symbolic_dynamics/docs/papers204_208_sequence/scouting/finite_systems_eleventh/PROOF_AND_DISPOSITION.md:223:do not prove a global multiplicity contraction. **NO_PROMOTION**.
/root/autodl-tmp/symbolic_dynamics/docs/papers127_131_sequence/scouting/combinatorial/SCOUT.md:28:Current result: **one conditional promotion (MT2), one reserve (PO2), and 23
/root/autodl-tmp/symbolic_dynamics/docs/papers127_131_sequence/scouting/combinatorial/SCOUT.md:29:kills**.  This deliberately stays below the cap of three promotions.
/root/autodl-tmp/symbolic_dynamics/docs/papers127_131_sequence/scouting/combinatorial/SCOUT.md:48:| **TB2** | On a $2\times m$ rectangular SYT, apply rectangular evacuation iff the top-right entry is odd. | $1\le m\le5$, 64 states; last $I/F=32/24$; tail 1, periods 1,2. | 309 | **KILL.** Gated evacuation is theorem-thin and owner-dense. |
/root/autodl-tmp/symbolic_dynamics/docs/papers127_131_sequence/scouting/combinatorial/SCOUT.md:69:## 3. MT2 conditional promotion: rooted crossing-component planarisation
/root/autodl-tmp/symbolic_dynamics/docs/papers127_131_sequence/scouting/combinatorial/SCOUT.md:181:  [*The uncrossing partial order on matchings is Eulerian*](https://arxiv.org/abs/1406.5671),
/root/autodl-tmp/symbolic_dynamics/docs/papers127_131_sequence/scouting/combinatorial/SCOUT.md:183:  own the matching uncrossing poset and its Catalan minimal elements.  Their
/root/autodl-tmp/symbolic_dynamics/docs/papers127_131_sequence/scouting/combinatorial/SCOUT.md:195:noncrossing closure, the transform itself, and uncrossing theory are not
/root/autodl-tmp/symbolic_dynamics/docs/papers127_131_sequence/scouting/combinatorial/SCOUT.md:276:  [*Promotion and Rowmotion*](https://arxiv.org/abs/1108.1172), and Striker,
/root/autodl-tmp/symbolic_dynamics/docs/papers127_131_sequence/scouting/combinatorial/SCOUT.md:312:- `uncrossing map chord diagrams noncrossing matchings`;
/root/autodl-tmp/symbolic_dynamics/docs/papers152_156_sequence/scouting/combinatorial_replacement2/SCOUT.md:130:Hence the quotient precedence relation is acyclic and has a linear extension.
/root/autodl-tmp/symbolic_dynamics/docs/papers204_208_sequence/scouting/finite_systems_seventeenth/SCOUT_REPORT.md:4:`BOUNDED_DESK_CLOSED / NO_FRESH_SLATE / NO_PROMOTION / HOLD_EXTERNAL`.
/root/autodl-tmp/symbolic_dynamics/docs/papers132_136_sequence/scouting/stochastic/SCOUT.md:52:| `P03` | Permutation; delete the left, larger entry of any adjacent descent. | sizes 1--8; 46,233 | Terminal is exactly the right-to-left-minimum subsequence; maximum 5,040 histories. **Kill monotone-stack normal form.** |
/root/autodl-tmp/symbolic_dynamics/docs/papers132_136_sequence/scouting/stochastic/SCOUT.md:57:| `G02` | Naturally ordered DAG; repeatedly delete a current source. Audit all histories against brute-force orders. | all such DAGs `n=1..5`; 11,537 | Histories are exactly topological orders/linear extensions for 1,099 DAGs. **Kill classical.** |
/root/autodl-tmp/symbolic_dynamics/docs/papers132_136_sequence/scouting/stochastic/SCOUT.md:339:honest status is `RESERVE_ABELLANESS_GATE`, not a paper-ready promotion.
/root/autodl-tmp/symbolic_dynamics/docs/papers204_208_sequence/scouting/finite_systems_sixteenth/INTAKE.md:109:The decision choices are NO_PROMOTION with an explicit source/value/proof
/root/autodl-tmp/symbolic_dynamics/docs/papers177_181_sequence/scouting/stochastic_graph_lane/SCOUT_AND_KILL_LEDGER.md:7:literals but receive no promotion credit.
/root/autodl-tmp/symbolic_dynamics/docs/papers204_208_sequence/scouting/finite_systems_sixteenth/PROOF_AND_DISPOSITION.md:82:second map-specific mechanism. CNL is **NO_PROMOTION / HOLD_GLOBAL_TEMPORAL**;
/root/autodl-tmp/symbolic_dynamics/docs/papers204_208_sequence/scouting/finite_systems_sixteenth/PROOF_AND_DISPOSITION.md:244:**Author recommendation: NO_PROMOTION / KILL_BOUNDED_LOCAL_PRIORITY_GADGET.**
/root/autodl-tmp/symbolic_dynamics/docs/papers204_208_sequence/scouting/finite_systems_sixteenth/PROOF_AND_DISPOSITION.md:263:so its theorem cannot fill the gap. **NO_PROMOTION / HOLD_ALL_SHAPE_PROOF**;
/root/autodl-tmp/symbolic_dynamics/docs/papers204_208_sequence/scouting/finite_systems_sixteenth/PROOF_AND_DISPOSITION.md:289:No sharp global time or fibre extremum is proved. **NO_PROMOTION /
/root/autodl-tmp/symbolic_dynamics/docs/papers204_208_sequence/scouting/finite_systems_sixteenth/PROOF_AND_DISPOSITION.md:308:**NO_PROMOTION / KILL_DIRECT_TEMPORAL_OWNER**, without a pilot.
/root/autodl-tmp/symbolic_dynamics/docs/papers204_208_sequence/scouting/finite_systems_sixteenth/PROOF_AND_DISPOSITION.md:329:enumeration do not add a separate residual mechanism. **NO_PROMOTION /
/root/autodl-tmp/symbolic_dynamics/docs/papers204_208_sequence/scouting/finite_systems_twentieth/SCOUT_REPORT.md:5:NO_PROMOTION / HOLD_EXTERNAL**.
/root/autodl-tmp/symbolic_dynamics/docs/papers204_208_sequence/scouting/finite_systems_twentieth/PROOF_AND_ADAPTERS.md:142:the reason for **NO_PROMOTION**. No mathematical impossibility statement
/root/autodl-tmp/symbolic_dynamics/docs/papers204_208_sequence/scouting/finite_systems_twentieth/PROOF_AND_ADAPTERS.md:238:inverse/extremum. D3 closes **HOLD_PROOF / NO_PROMOTION**, with external
/root/autodl-tmp/symbolic_dynamics/docs/papers197_201_sequence/scouting/monochromatic_triangle_20260905/SCOUT_LEDGER.md:21:   did not justify promotion. A separate mathematical collaborator proved
/root/autodl-tmp/symbolic_dynamics/docs/papers132_136_sequence/replacement_scout/stochastic_round2/SCOUT.md:12:random walks, sorting/carrying, tree pruning, linear-extension clocks, and
/root/autodl-tmp/symbolic_dynamics/docs/papers147_151_sequence/phase1/CANDIDATE_POOL_AND_KILL_LEDGER.md:55:- The strongest first combinatorial signal, lexicographic chord uncrossing,
/root/autodl-tmp/symbolic_dynamics/docs/papers147_151_sequence/phase1/CANDIDATE_POOL_AND_KILL_LEDGER.md:63:  uniform DAG-source deletion is linear extensions; Young-corner deletion is
/root/autodl-tmp/symbolic_dynamics/docs/papers204_208_sequence/scouting/finite_systems_twenty_first/INTAKE.md:59:comparison rows. Unresolved temporal/source obligations mean NO_PROMOTION.
/root/autodl-tmp/symbolic_dynamics/docs/papers204_208_sequence/qa/SCOUT22_ROOT_INSPECTION.actual.json:2:  "actual_command": "/usr/bin/env -i PATH=/usr/bin:/bin LANG=C.UTF-8 LC_ALL=C.UTF-8 TZ=UTC /root/miniconda3/bin/python3.12 -I -S -B - <<'PY'\nfrom pathlib import Path\nimport hashlib,json,itertools,os,subprocess,re\nroot=Path('/root/autodl-tmp/symbolic_dynamics');base=root/'docs/papers204_208_sequence/scouting/finite_systems_twenty_second'\ndef sha(p):\n with Path(p).open('rb') as f:return hashlib.file_digest(f,'sha256').hexdigest()\ndef j(p):return json.loads(Path(p).read_text())\ndef pins(p,b):\n d={}\n for line in Path(p).read_text().splitlines():\n  h,n=line.split('  ',1);q=Path(n);assert re.fullmatch('[0-9a-f]{64}',h) and not q.is_absolute() and '..' not in q.parts and n not in d;assert sha(b/n)==h,n;d[n]=h\n return d\nassert sha(base/'SHA256SUMS')=='91dc2af7d0a8354b8a95b88a479bb35f8b343be13efcef2022a8882a38ae4412'\nouter=pins(base/'SHA256SUMS',base);assert len(outer)==479 and set(outer)=={str(p.relative_to(base)) for p in base.rglob('*') if p.is_file() and p!=base/'SHA256SUMS'}\nhist=pins(base/'HISTORICAL_INPUTS.sha256',root);assert len(hist)==16\nruns=[]\nfor label in ['execution_01','execution_02']:\n b=base/label;r=j(b/'RECEIPT.json');assert r['status']=='PASS' and r['producer_exit']==0 and r['before_after_equal'] and r['copies_equal'] and r['no_written_cache'] and not r['uncovered']\n for kind,parent,capsule in [('source',base,b/'source_inputs'),('history',root,b/'historical_inputs')]:\n  before=j(b/(kind+'.before.json'));assert before==j(b/(kind+'.after.json'))\n  for n,h in before.items():assert sha(parent/n)==h==sha(capsule/n)\n runtime=j(b/'runtime.before.json');assert runtime==j(b/'runtime.after.json') and len(runtime)==632\n for n,h in runtime.items():assert sha(n)==h,n\n conf=j(b/'configuration.before.json');assert conf==j(b/'configuration.after.json') and len(conf)==25\n config_names={str(p) for p in [Path('/etc/ld.so.cache'),Path('/etc/ld.so.conf'),Path('/etc/ld.so.preload')]+sorted(Path('/etc/ld.so.conf.d').glob('*.conf'))};assert set(conf)==config_names\n for n,v in conf.items():\n  p=Path(n);assert p.exists()==v['exists'] and str(p.resolve())==v['resolved'] and (sha(p) if p.is_file() else None)==v['sha256']\n links=j(b/'dynamic_links.json');assert len(links)==60\n for row in links:\n  assert row['exit']==0 and row['target_before']==row['target_after']==sha(row['target'])\n  d=j(b/'dynamic_links'/(row['tag']+'.command.json'));assert d['exit']==0 and d['command']==['/usr/bin/ldd',row['target']]\n  for n in row['dependencies']:assert sha(n)==runtime[n]\n  stdout=(b/'dynamic_links'/(row['tag']+'.stdout')).read_text();assert 'not found' not in stdout\n  decoded={str(Path(s).resolve()) for s in stdout.split() if s.startswith('/') and Path(s).is_file()};assert decoded==set(row['dependencies'])\n obs=j(b/'runtime.observed.json');assert not obs['uncovered'] and len(obs['paths'])==37\n used=set(obs['runtime']['mapped_files'])|{str(Path(v['file']).resolve()) for v in obs['runtime']['modules'].values() if v['file'] and Path(v['file']).is_file()}\n assert used==set(obs['paths']) and not any(p.endswith(('.pyc','.pyo')) for p in used)\n coverage=set(runtime)|{str(p.resolve()) for p in (b/'source_inputs').iterdir()};assert {str(Path(p).resolve()) for p in used}<=coverage\n choices=j(b/'execution_choices.json');assert not choices['cache_exists_before'] and not Path(choices['pycache_prefix']).exists();assert obs['runtime']['xoptions']['pycache_prefix']==choices['pycache_prefix']\n assert all(s in obs['runtime']['flags'] for s in ['optimize=0','isolated=1','no_site=1','dont_write_bytecode=1'])\n cmd=j(b/'producer.command.json');assert cmd['exit']==0 and cmd['command'][1:5]==['-I','-S','-B','-X']\n raw=(b/'producer.stdout').read_bytes();assert len(raw)==5718053 and sha(b/'producer.stdout')=='786119671bf7183d8ed6e421dc5b43bdc39291b0294dc44649dbdbd3d2eba142'\n lines=[json.loads(line) for line in raw.splitlines()];assert len(lines)==14 and lines[-1]=={'status':'PASS','rules':2,'boxes':13,'states':38821,'checks':244755}\n for idx,box in enumerate(lines[:-1]):\n  rule='ORR' if idx<8 else 'HXC';n=idx if idx<8 else idx-8;assert box['rule']==rule and box['n']==n\n  states=list(itertools.permutations(range(1,n+1))) if rule=='ORR' else [tuple(a for a in range(1,1<<n) if m>>(a-1)&1) for m in range(1<<((1<<n)-1))]\n  rows=box['rows'];assert len(rows)==box['states']==len(states) and [tuple(r['state']) for r in rows]==states\n  incoming=[[] for s in states]\n  for i,row in enumerate(rows):\n   t=row['successor_index'];assert 0<=t<len(rows);incoming[t].append(i);assert row['period']==1 and row['entrance']>=0\n   if rule=='ORR':assert row['decoded_indices']==row['fibre_indices'] and len(row['interval_codes'])==len(row['fibre_indices'])\n  for i,row in enumerate(rows):assert row['fibre_indices']==incoming[i]\n  assert sum(map(len,incoming))==len(rows) and max(map(len,incoming))==box['max_fibre'] and max(r['entrance'] for r in rows)==box['max_entrance']\n runs.append({'label':label,'full_boxes':13,'all_rows':38821,'checks':244755,'runtime_files':632,'observed_files':37,'ldd_commands':60,'configuration_records':25,'stdout_sha256':sha(b/'producer.stdout')})\ne=base/'evidence_capture';before=j(e/'history_search.before.json');assert before==j(e/'history_search.after.json') and len(before)==3548\nfor n,h in before.items():assert sha(n)==h,n\nfor name in ['rg','comparator']:\n d=j(e/(name+'.before.json'));assert d==j(e/(name+'.after.json'))\n for n,h in d.items():assert sha(n)==h,n\nh=j(e/'HISTORY_SEARCH.json');assert h['status']=='PASS' and h['selected_files']==3548\nfor d in base.rglob('*.command.json'):\n v=j(d);assert v['exit']==0,(str(d),v['exit'])\nsource=j(base/'public_sources/RETRIEVAL.json');assert source['curl_exit']==source['pdftotext_exit']==0 and source['download_bytes']==1837458 and source['download_sha256']==sha(base/'public_sources/flip_sort.pdf');assert (base/'public_sources/flip_sort.pdf').read_bytes().startswith(b'%PDF-')\nargv=['/usr/bin/cmp','--',str(base/'execution_01/producer.stdout'),str(base/'execution_02/producer.stdout')];c=subprocess.run(argv,cwd=root,env=dict(os.environ),capture_output=True);assert c.returncode==0 and not c.stdout and not c.stderr\nassert outer==pins(base/'SHA256SUMS',base)\nprint(json.dumps({'status':'ROOT_SCOUT22_ORIGINAL_CLOSURE_PASS_NO_PROMOTION','outer_payloads':479,'outer_seal_sha256':sha(base/'SHA256SUMS'),'historical_pins':16,'history_discovery_inputs':3548,'runs':runs,'all_recorded_command_exits_zero':len(list(base.rglob('*.command.json'))),'primary_pdf_sha256':source['download_sha256'],'fresh_raw_comparison':{'argv':argv,'exit':c.returncode,'stdout':c.stdout.decode(),'stderr':c.stderr.decode()},'scope':'Original author outputs and provenance inspected completely; no fresh root mathematical producer. Author runtime superset is not a terminal reuse key: full early loader/locale/config presence and pre-spawn failure closure are not supplied. NO_PROMOTION and source/proof gaps remain. HOLD_EXTERNAL.'},indent=2,sort_keys=True))\nPY",
/root/autodl-tmp/symbolic_dynamics/docs/papers204_208_sequence/qa/SCOUT22_ROOT_INSPECTION.actual.json:46:    "scope": "Original author outputs and provenance inspected completely; no fresh root mathematical producer. Author runtime superset is not a terminal reuse key: full early loader/locale/config presence and pre-spawn failure closure are not supplied. NO_PROMOTION and source/proof gaps remain. HOLD_EXTERNAL.",
/root/autodl-tmp/symbolic_dynamics/docs/papers204_208_sequence/qa/SCOUT22_ROOT_INSPECTION.actual.json:47:    "status": "ROOT_SCOUT22_ORIGINAL_CLOSURE_PASS_NO_PROMOTION"
/root/autodl-tmp/symbolic_dynamics/docs/papers204_208_sequence/scouting/graph_algebra_fifth/PROOF_BOUNDARIES.md:5:**NOT CURRENTLY JUSTIFIED / NO_PROMOTION**.
/root/autodl-tmp/symbolic_dynamics/docs/papers204_208_sequence/scouting/graph_algebra_fifth/PROOF_BOUNDARIES.md:297:All six literals remain **NO_PROMOTION**, with zero reserves. GHD has a
/root/autodl-tmp/symbolic_dynamics/docs/papers197_201_sequence/scouting/fifth_fresh_20260905/CSPD_THEOREMS_AND_OWNER_KILL.md:68:`preference=site-displacement (mod n)`. Distinct linear extensions give
/root/autodl-tmp/symbolic_dynamics/docs/papers197_201_sequence/scouting/fifth_fresh_20260905/CSPD_THEOREMS_AND_OWNER_KILL.md:82:hook-length formula now counts its linear extensions.
/root/autodl-tmp/symbolic_dynamics/docs/papers197_201_sequence/scouting/fifth_fresh_20260905/CSPD_THEOREMS_AND_OWNER_KILL.md:140:counts its linear extensions to enumerate each normalization class. Let
/root/autodl-tmp/symbolic_dynamics/docs/papers197_201_sequence/scouting/word_poset_lane/BREADTH_AND_KILL_LEDGER.md:15:| 5 / `C05_TDS` | Across all SYT of size `n`, find the least consecutive values in incomparable cells that are inverted in row-reading order and swap them; fix if none. | `n=10`: 9,496 states, image 6,408, fixed 42, max tail 22, max fibre 5. | Inversion potential on linear extensions; predecessor swaps. | **`KILL_STANDARD_SORTING`.** A deterministic 0-Hecke/bubble-sort path on linear extensions. |
/root/autodl-tmp/symbolic_dynamics/docs/papers204_208_sequence/scouting/graph_algebra_fifth/SCOUT_REPORT.md:1:# Fifth algebra / geometry scout — closed without promotion
/root/autodl-tmp/symbolic_dynamics/docs/papers204_208_sequence/scouting/graph_algebra_fifth/SCOUT_REPORT.md:3:2026-09-05 UTC. **SIX NO_PROMOTION / ZERO RESERVES / HOLD_EXTERNAL**.
/root/autodl-tmp/symbolic_dynamics/docs/papers162_166_sequence/scouting/geometry_group/SCOUT.md:43:  simplex rotation, promotion, polar duality, and finite-field orthocenter
/root/autodl-tmp/symbolic_dynamics/docs/papers204_208_sequence/scouting/set_partition_sixth/PROOF_BOUNDARIES.md:5:literals remain `NO_PROMOTION`; UZ is an exact old negative control.
/root/autodl-tmp/symbolic_dynamics/docs/papers204_208_sequence/scouting/combinatorial/SCOUT_REPORT.md:1:# Combinatorial scouting: eight literal maps, zero promotions
/root/autodl-tmp/symbolic_dynamics/docs/papers204_208_sequence/scouting/combinatorial/SCOUT_REPORT.md:24:| C06_LHP | Perfect matchings: orient edges low/high; sort by `(length,low,high)`; concatenate all lows followed by all highs and pair consecutive entries. | Six edges: `(10395,3387,1934,8,52)`; five edges have a 20-cycle and tail 27. | `KILL_OLD_EVEN_SLICE`. Exactly historical `C03_LEW` at every even edge count; odd-edge change does not clear the old rewiring family or supply an atlas. |
/root/autodl-tmp/symbolic_dynamics/docs/papers204_208_sequence/scouting/combinatorial/SCOUT_REPORT.md:71:Final denominator: **8 literal systems, 8 killed, 0 reserves, 0 promotions**.
/root/autodl-tmp/symbolic_dynamics/docs/papers204_208_sequence/scouting/algebra_fourth/SCOUT_REPORT.md:11:15,089 state instances in total. All six receive NO_PROMOTION. EC has a
/root/autodl-tmp/symbolic_dynamics/docs/papers204_208_sequence/scouting/algebra_fourth/SCOUT_REPORT.md:13:no demonstrated second research axis: NO_PROMOTION_VALUE_TOO_THIN.
/root/autodl-tmp/symbolic_dynamics/docs/papers204_208_sequence/scouting/algebra_fourth/SCOUT_REPORT.md:26:| EC | all [0,M]^n coordinate vectors; each coordinate becomes its farthest distance | 15 | NO_PROMOTION_VALUE_TOO_THIN: full inverse is static endpoint-fold counting |
/root/autodl-tmp/symbolic_dynamics/docs/papers204_208_sequence/scouting/algebra_fourth/SCOUT_REPORT.md:27:| CP | n cars/n circular slots; preference word becomes displacement word | 5 | NO_PROMOTION: complement normalizer and static parking-permutation inverse |
/root/autodl-tmp/symbolic_dynamics/docs/papers204_208_sequence/scouting/algebra_fourth/SCOUT_REPORT.md:28:| OR | full n-letter words; each letter becomes its prior occurrence count | 5 | NO_PROMOTION: whole image clock is classical SYT transpose |
/root/autodl-tmp/symbolic_dynamics/docs/papers204_208_sequence/scouting/algebra_fourth/SCOUT_REPORT.md:29:| UO | all self-maps; least point outside each full forward orbit, else original vertex | 5 | NO_PROMOTION: no all-n temporal/inverse contract |
/root/autodl-tmp/symbolic_dynamics/docs/papers204_208_sequence/scouting/algebra_fourth/SCOUT_REPORT.md:30:| OS | all self-maps; forward-orbit cardinality minus one | 5 | NO_PROMOTION: no all-n temporal/inverse contract |
/root/autodl-tmp/symbolic_dynamics/docs/papers204_208_sequence/scouting/algebra_fourth/SCOUT_REPORT.md:31:| MG | all subsets of Z/NZ; every occupied point moves halfway toward its successor, rounded down | 6 | NO_PROMOTION: gap-sharing adapter, no proved all-N contract |
/root/autodl-tmp/symbolic_dynamics/docs/papers204_208_sequence/scouting/algebra_fourth/SCOUT_REPORT.md:59:so the author closes EC as NO_PROMOTION_VALUE_TOO_THIN. Static image counts
/root/autodl-tmp/symbolic_dynamics/docs/papers204_208_sequence/scouting/word_local/UGR_PROOF_WORK/PROOF_PACKAGE.md:380:**HANDOFF_WITH_SOURCE_HOLD / NO_PROMOTION / HOLD_EXTERNAL**, pending that
/root/autodl-tmp/symbolic_dynamics/docs/papers204_208_sequence/qa/SCOUT21_ROOT_INSPECTION.actual.json:123:  "status": "ROOT_SCOUT21_ORIGINAL_CLOSURE_PASS_NO_PROMOTION",
/root/autodl-tmp/symbolic_dynamics/docs/papers204_208_sequence/qa/SCOUT21_ROOT_INSPECTION.actual.json:124:  "actual_root_command": "python3 -I -S -B - <<'PY'\nfrom pathlib import Path\nfrom hashlib import sha256\nimport json, math, subprocess\nroot=Path.cwd()\nbase=root/'docs/papers204_208_sequence/scouting/finite_systems_twenty_first'\nh=lambda p:sha256(Path(p).read_bytes()).hexdigest()\nj=lambda p:json.loads(Path(p).read_bytes())\nseal=h(base/'SHA256SUMS')\nrows=dict(line.split('  ',1)[::-1] for line in (base/'SHA256SUMS').read_text().splitlines())\nassert len(rows)==123 and set(rows)=={p.relative_to(base).as_posix() for p in base.rglob('*') if p.is_file() and p!=base/'SHA256SUMS'}\nassert all(not (base/n).is_symlink() and h(base/n)==v for n,v in rows.items())\nhist=[]\nfor name,count in [('HISTORICAL_INPUTS.sha256',10),('HISTORICAL_SUPPLEMENT.sha256',10),('POSTREAD_INPUTS.sha256',1)]:\n r=dict(line.split('  ',1)[::-1] for line in (base/name).read_text().splitlines()); assert len(r)==count\n assert all(h(root/n)==v for n,v in r.items()); hist.append({'name':name,'checked':len(r)})\nruns=[]\nfor name in ('execution_01','execution_02'):\n d=base/name; receipt=j(d/'RECEIPT.json')\n assert receipt['status']=='PASS' and receipt['producer_exit']==0 and not receipt['uncovered']\n assert receipt['before_after_equal'] and receipt['output_bytes']==260304\n for stem,anchor,count in [('source',base,5),('history',root,10),('runtime',Path('/'),606)]:\n  before=j(d/(stem+'.before.json')); after=j(d/(stem+'.after.json')); assert before==after and len(before)==count\n  assert all(h(anchor/n)==v for n,v in before.items())\n  if stem=='source':\n   assert set(before)=={p.name for p in (d/'source_inputs').iterdir() if p.is_file()}\n   assert all(h(d/'source_inputs'/n)==v for n,v in before.items())\n command=j(d/'producer.command.json'); assert command['exit']==0 and command['command'][1:4]==['-I','-S','-B']\n rt=j(d/'runtime.observed.json')\n assert len(rt['paths'])==37 and not rt['uncovered']\n assert rt['runtime']==j(d/'producer.stderr') and 'optimize=0' in rt['runtime']['flags']\n covered={str((d/'source_inputs'/n).resolve()):v for n,v in j(d/'source.before.json').items()}\n covered.update(j(d/'runtime.before.json'))\n assert all(str(Path(p).resolve()) in covered and h(p)==covered[str(Path(p).resolve())] for p in rt['paths'])\n assert not (d/'never_written_cache').exists()\n payload=[json.loads(line) for line in (d/'producer.stdout').read_text().splitlines()]\n assert len(payload)==34 and payload[-1]=={'status':'PASS','boxes':33,'states':1725,'checks':7076}\n expected=[(n,m) for n,cap in ((1,2),(2,5),(3,6),(4,7),(5,8)) for m in range(cap+1)]\n assert [(r['n'],r['mass']) for r in payload[:-1]]==expected\n for row in payload[:-1]:\n  n,m=row['n'],row['mass']; states=row['rows']\n  assert len(states)==row['states']==math.comb(m+n-1,n-1)\n  assert len({tuple(x['state']) for x in states})==len(states)\n  assert all(len(x['state'])==n and sum(x['state'])==m and min(x['state'])>=0 for x in states)\n  assert all(x['actual_fibre']==x['decoded_fibre'] for x in states)\n  assert sum(len(x['actual_fibre']) for x in states)==row['states']\n assert h(d/'producer.stdout')==receipt['raw_stdout_sha256']=='a2301b40c5dccefbad1a628b9e1adefd176bfa5409a7bd7e23dfa26961274bd6'\n runs.append({'directory':name,'boxes':33,'states':1725,'checks':7076,'inputs':5,'history':10,'runtime_superset':606,'observed_files':37})\ncaptures=[]\nfor name,count in [('evidence_capture',4079),('evidence_capture_02',3544)]:\n d=base/name; before=j(d/'history_search.before.json')\n assert before==j(d/'history_search.after.json') and len(before)==count\n # These are contemporaneous selected inputs; no new discovery or absence claim.\n assert all(h(p)==v for p,v in before.items())\n assert set(before)==set(j(d/'history_selected.json'))\n cmp=j(d/'COMPARISON.json'); assert cmp['status']=='PASS' and cmp['runtime_unchanged']\n assert j(d/'comparator.before.json')==j(d/'comparator.after.json')\n assert all(h(p)==v for p,v in j(d/'comparator.before.json').items())\n assert j(d/'rg.before.json')==j(d/'rg.after.json') and all(h(p)==v for p,v in j(d/'rg.before.json').items())\n for row in cmp['comparisons']:\n  assert row['exit']==0 and row['source_before']==row['source_after'] and all(h(p)==v for p,v in row['source_before'].items())\n commands=[]\n for p in sorted(d.glob('*.command.json')):\n  c=j(p); assert c['exit']==0; assert (d/c['stdout']).is_file() and (d/c['stderr']).is_file()\n  commands.append({'label':p.name,'exit':c['exit']})\n captures.append({'directory':name,'selected_inputs':count,'commands':commands,'scope_valid':name.endswith('_02')})\nexp=j(base/'evidence_capture/EXACT_ADDITIONAL_EXPOSURE.json')\nassert exp['excluded_scientific_paths_scanned']==180 and len(exp['exact_paths'])==180 and not exp['corrected_remaining_excluded']\nretrieval=j(base/'public_sources/RETRIEVAL.json')\nfor row in retrieval:\n c=j(base/'public_sources'/(row['tag']+'.command.json')); assert c['exit']==row['exit']\n if 'output' in row: assert h(base/'public_sources'/row['output'])==row['sha256'] and (base/'public_sources'/row['output']).stat().st_size==row['bytes']\nactual=[]\nfor label in ('root_raw_pair_1','root_raw_pair_2'):\n argv=['/usr/bin/cmp',str(base/'execution_01/producer.stdout'),str(base/'execution_02/producer.stdout')]\n c=subprocess.run(argv,capture_output=True); assert c.returncode==0\n actual.append({'label':label,'argv':argv,'exit_code':c.returncode,'stdout':c.stdout.decode(),'stderr':c.stderr.decode()})\nassert h(base/'SHA256SUMS')==seal and all(h(base/n)==v for n,v in rows.items())\nprint(json.dumps({'status':'ROOT_SCOUT21_ORIGINAL_CLOSURE_PASS_NO_PROMOTION','manifest_entries':123,'manifest_sha256':seal,'historical_manifests':hist,'actual_author_runs_inspected':runs,'history_captures':captures,'additional_exposure_paths_preserved':180,'root_new_mathematical_execution':False,'source_body_status':'PRIMARY_CANNINGS_HAIGH_NOT_READ','fresh_raw_comparisons':actual},sort_keys=True,indent=2))\nPY",
/root/autodl-tmp/symbolic_dynamics/docs/papers204_208_sequence/scouting/finite_algebra_ninth/SCOUT_REPORT.md:1:# Ninth-lane closed scout — six systems, zero promotions
/root/autodl-tmp/symbolic_dynamics/docs/papers204_208_sequence/scouting/finite_algebra_ninth/SCOUT_REPORT.md:5:paper identifier is allocated. `NO_PROMOTION / HOLD_EXTERNAL`.
/root/autodl-tmp/symbolic_dynamics/docs/papers204_208_sequence/scouting/finite_algebra_ninth/SCOUT_REPORT.md:14:| ELD, Euler log derivative on truncated units | $p=5,m=6$: 3125 states, image/core 625, height 1, periods 1/2/4/20, maximum fibre 5. | Complete ghost image, uniform fibres and image permutation; the entire static axis is the classical ghost primitive. Height is only zero/one; no individual-cycle atlas. | `NO_PROMOTION_GHOST_ADAPTER` |
/root/autodl-tmp/symbolic_dynamics/docs/papers204_208_sequence/scouting/finite_algebra_ninth/SCOUT_REPORT.md:15:| VDF, derivative values at labelled current roots | $p=7,n=4$: 2401 states, image 101, core 69, height 2, periods 1/2, maximum fibre 133. | Duplicate-to-zero lock; $n=2$ is a full scalar-$2$ line adapter. No full-$n,p$ recurrence or evaluated inverse. | `NO_PROMOTION_UNCLOSED` |
/root/autodl-tmp/symbolic_dynamics/docs/papers204_208_sequence/scouting/finite_algebra_ninth/SCOUT_REPORT.md:16:| RHA, reciprocal Hamilton allocation | $n=3,N=17$ has height 10. At $n=4,N=18$: 680 states, image 270, core 44, height 5, 22 two-cycles, maximum fibre 8. | Exact rational closure; continuous reciprocal normalization is an involution but does not prove the rounded map's observed one/two-periodicity. Static Hamilton rule fully deducted. | `NO_PROMOTION_UNCLOSED_ROUNDING` |
/root/autodl-tmp/symbolic_dynamics/docs/papers204_208_sequence/scouting/finite_algebra_ninth/SCOUT_REPORT.md:17:| EPN, consecutive pairing within old length classes | $n=6$: 10395 states, image 4717, core 3871, height 4, maximum fibre 95 uniquely at adjacent-label matching. | Generic strict length descent and $\binom n2$ bound; full coloured static decoder, but no evaluated all-$n$ extremum. Fixed census equals an old EDR fibre statistic. | `NO_PROMOTION_GENERIC_DESCENT_UNEVALUATED_INVERSE` |
/root/autodl-tmp/symbolic_dynamics/docs/papers204_208_sequence/scouting/finite_algebra_ninth/SCOUT_REPORT.md:18:| QRM, floor leave-one-out root mean square | $n=5,M=4$: 3125 states, image 85, five constant fixed points, height 3, maximum fibre 511 uniquely at $(2,2,2,2,2)$. | Generic two-step maximum loss proves convergence for $n\ge3$; $n=2$ is a swap. A square-sum coefficient encoding is not a valued extremal solution. | `NO_PROMOTION_GENERIC_CONSENSUS` |
/root/autodl-tmp/symbolic_dynamics/docs/papers204_208_sequence/scouting/finite_algebra_ninth/SCOUT_REPORT.md:19:| QEF, $(x+yz,y+xz,z+xy)$ | $p=13$: 2197 states, image 1309, core 45, height 12, periods 1/2, maximum fibre 5. $p=11$ also has 3-cycles. | Full all-target static decoder and sharp maximum 5 over every odd prime, maximum 3 at $p=2$. Singular branches are explicit. Temporal axis remains unclosed and includes scalar $t\mapsto t+t^2$. | `NO_PROMOTION_MISSING_TEMPORAL_AXIS` |
/root/autodl-tmp/symbolic_dynamics/docs/papers147_151_sequence/scouting/stochastic/verify_stochastic_scout.py:6:candidate is being considered for promotion.
/root/autodl-tmp/symbolic_dynamics/docs/papers147_151_sequence/scouting/stochastic/verify_stochastic_scout.py:255:# linear extensions/topological orders, a direct classical owner.
/root/autodl-tmp/symbolic_dynamics/docs/papers147_151_sequence/scouting/stochastic/verify_stochastic_scout.py:280:def verify_source_linear_extension_owner() -> None:
/root/autodl-tmp/symbolic_dynamics/docs/papers147_151_sequence/scouting/stochastic/verify_stochastic_scout.py:281:    lane = "S04_linear_extensions_KILL"
/root/autodl-tmp/symbolic_dynamics/docs/papers147_151_sequence/scouting/stochastic/verify_stochastic_scout.py:291:            check(lane, brute == source_histories(tuple(range(n)), edges), "linear-extension recurrence")
/root/autodl-tmp/symbolic_dynamics/docs/papers147_151_sequence/scouting/stochastic/verify_stochastic_scout.py:1203:    verify_source_linear_extension_owner()
/root/autodl-tmp/symbolic_dynamics/docs/papers204_208_sequence/scouting/combinatorial/PROOF_NOTES.md:91:already killed matching-rewiring family, not an independent new direction.
/root/autodl-tmp/symbolic_dynamics/docs/papers204_208_sequence/scouting/finite_systems_fifteenth/PROOF_AND_DISPOSITION.md:1:# Fifteenth lane: proof boundaries and bounded no-promotion disposition
/root/autodl-tmp/symbolic_dynamics/docs/papers204_208_sequence/scouting/finite_systems_fifteenth/PROOF_AND_DISPOSITION.md:49:materially separate evaluated inverse/extremum; **CLOSE_NO_PROMOTION**.
/root/autodl-tmp/symbolic_dynamics/docs/papers204_208_sequence/scouting/finite_systems_fifteenth/PROOF_AND_DISPOSITION.md:74:## 3. Maximal symmetric differences: a general obstruction, not promotion
/root/autodl-tmp/symbolic_dynamics/docs/papers204_208_sequence/scouting/finite_systems_fifteenth/PROOF_AND_DISPOSITION.md:140:inverse/extremum beyond these elementary slices. **CLOSE_NO_PROMOTION**.
/root/autodl-tmp/symbolic_dynamics/docs/papers204_208_sequence/scouting/finite_systems_fifteenth/PROOF_AND_DISPOSITION.md:187:**BOUNDED_CLOSE_NO_PROMOTION**, not a claim of impossibility or global
/root/autodl-tmp/symbolic_dynamics/docs/papers204_208_sequence/scouting/finite_systems_eighteenth/PROOF_AND_ADAPTERS.md:237:linear-extension readings.
/root/autodl-tmp/symbolic_dynamics/docs/papers204_208_sequence/scouting/finite_systems_eighteenth/PROOF_AND_ADAPTERS.md:301:**NO_FRESH_SLATE / SIX COMPARISON GROUPS / ZERO_EXECUTED / NO_PROMOTION.**
/root/autodl-tmp/symbolic_dynamics/docs/papers147_151_sequence/scouting/combinatorial/SCOUT.md:14:signal, lexicographic chord uncrossing (`M01`), loses its static fibre theorem
/root/autodl-tmp/symbolic_dynamics/docs/papers147_151_sequence/scouting/combinatorial/SCOUT.md:32:| `M01` | perfect chord matching; resolve the lexicographically least crossing into a nesting | crossing number is the exact pointwise clock; Catalan endpoints; target basin polynomial `prod [h]_u` | Lam owns the uncrossing poset; Hermite histories own the `q`-product; P130 owns chord/noncrossing target-fibre geometry; the residual is constrained bubble sorting | **KILL_OWNER_THIN** |
/root/autodl-tmp/symbolic_dynamics/docs/papers147_151_sequence/scouting/combinatorial/SCOUT.md:39:| `O01` | order ideal of a fence; ordinary rowmotion | bijective, Fibonacci carrier, rich exact periods | Striker--Williams rowmotion and the generic rowmotion/linear-extension firewall | **KILL_DIRECT** |
/root/autodl-tmp/symbolic_dynamics/docs/papers147_151_sequence/scouting/combinatorial/SCOUT.md:132:matching "leftmost crossing" uncrossing
/root/autodl-tmp/symbolic_dynamics/docs/papers147_151_sequence/scouting/combinatorial/SCOUT.md:133:chord matching "lexicographically first" crossing uncrossing
/root/autodl-tmp/symbolic_dynamics/docs/papers147_151_sequence/scouting/combinatorial/SCOUT.md:134:perfect matching leftmost uncrossing crossings
/root/autodl-tmp/symbolic_dynamics/docs/papers147_151_sequence/scouting/combinatorial/SCOUT.md:136:chord diagram uncrossing bubble sort
/root/autodl-tmp/symbolic_dynamics/docs/papers147_151_sequence/scouting/combinatorial/SCOUT.md:144:- Lam's [*The uncrossing partial order on matchings is
/root/autodl-tmp/symbolic_dynamics/docs/papers147_151_sequence/scouting/combinatorial/SCOUT.md:156:  uncrossing literature, and target-local nesting-fibre geometry.  A
/root/autodl-tmp/symbolic_dynamics/docs/papers147_151_sequence/scouting/combinatorial/SCOUT.md:465:**Owner / decision.**  Striker--Williams, [*Promotion and
/root/autodl-tmp/symbolic_dynamics/docs/papers147_151_sequence/scouting/combinatorial/SCOUT.md:467:toggle-group action.  Generic rowmotion/linear-extension results are also
/root/autodl-tmp/symbolic_dynamics/docs/papers147_151_sequence/scouting/combinatorial/SCOUT.md:630:  forbids scheduler changes of P142--P146, so it was aborted before promotion.
/root/autodl-tmp/symbolic_dynamics/docs/papers204_208_sequence/scouting/finite_algebra_ninth/PROOF_AND_ADAPTER_NOTES.md:85:adapter; no all-$m,p$ individual-cycle census was proved. `NO_PROMOTION`.
/root/autodl-tmp/symbolic_dynamics/docs/papers204_208_sequence/scouting/finite_algebra_ninth/PROOF_AND_ADAPTER_NOTES.md:110:only. `NO_PROMOTION`.
/root/autodl-tmp/symbolic_dynamics/docs/papers204_208_sequence/scouting/finite_algebra_ninth/PROOF_AND_ADAPTER_NOTES.md:133:proved. `NO_PROMOTION`.
/root/autodl-tmp/symbolic_dynamics/docs/papers204_208_sequence/scouting/finite_algebra_ninth/PROOF_AND_ADAPTER_NOTES.md:207:provide two valued axes. `NO_PROMOTION`.
/root/autodl-tmp/symbolic_dynamics/docs/papers204_208_sequence/scouting/finite_algebra_ninth/PROOF_AND_ADAPTER_NOTES.md:242:extremum was established. `NO_PROMOTION`.
/root/autodl-tmp/symbolic_dynamics/docs/papers204_208_sequence/scouting/finite_algebra_ninth/PROOF_AND_ADAPTER_NOTES.md:319:**Open risk / disposition:** `NO_PROMOTION`. The new static deduction was
/root/autodl-tmp/symbolic_dynamics/docs/papers204_208_sequence/scouting/finite_systems_twentieth/INTAKE.md:6:NO_PROMOTION / HOLD_EXTERNAL**.
/root/autodl-tmp/hilbert-polya-structure/symbolic_dynamics/papers/88-finite-field-parity-tree-shifts/main.tex:195:will also be used for its finite-field linear extension.
/root/autodl-tmp/symbolic_dynamics/docs/papers204_208_sequence/scouting/finite_systems_twenty_third/SCOUT_REPORT.md:1:# Twenty-third desk closed: NO_PROMOTION
/root/autodl-tmp/symbolic_dynamics/docs/papers204_208_sequence/scouting/finite_systems_twenty_third/SCOUT_REPORT.md:4:ZERO_SCIENTIFIC_EXECUTIONS / NO_PROMOTION / HOLD_EXTERNAL**.
/root/autodl-tmp/symbolic_dynamics/docs/papers204_208_sequence/scouting/graph_geometry_third/PROOF_BOUNDARIES.md:148:probes and the ODD control are **NO_PROMOTION**, not reserves. Larger cutoffs
/root/autodl-tmp/symbolic_dynamics/docs/papers152_156_sequence/scouting/combinatorial/SCOUT.md:23:| 6 | `RSP` | Schützenberger promotion on rectangular SYT | rectangular finite order and cycle census | `KILL_DIRECT_OWNER` |
/root/autodl-tmp/symbolic_dynamics/docs/papers152_156_sequence/scouting/combinatorial/SCOUT.md:276:### `RSP` — rectangular tableau promotion
/root/autodl-tmp/symbolic_dynamics/docs/papers152_156_sequence/scouting/combinatorial/SCOUT.md:278:Apply jeu-de-taquin promotion to `2 x b` standard Young tableaux.  For
/root/autodl-tmp/symbolic_dynamics/docs/papers152_156_sequence/scouting/combinatorial/SCOUT.md:285:Rectangular promotion order and cyclic sieving are directly owned.
/root/autodl-tmp/symbolic_dynamics/docs/papers152_156_sequence/scouting/combinatorial/SCOUT.md:324:and all periods divide `a+b`.  Promotion/rowmotion on rectangles is a mature
/root/autodl-tmp/symbolic_dynamics/docs/papers204_208_sequence/scouting/graph_relation_second/SCOUT_REPORT.md:56:and receive zero promotion credit. DGO reverses the opposite score
/root/autodl-tmp/symbolic_dynamics/docs/papers204_208_sequence/scouting/finite_systems_twenty_first/SCOUT_REPORT.md:1:# Twenty-first bounded scout: NO_PROMOTION
/root/autodl-tmp/symbolic_dynamics/docs/papers204_208_sequence/scouting/finite_systems_twenty_first/SCOUT_REPORT.md:3:Final disposition: **NO_PROMOTION**. One fresh literal fixed-ring resource
/root/autodl-tmp/symbolic_dynamics/docs/papers204_208_sequence/scouting/word_local/CPRM_PROOF_BOUNDARY.md:3:2026-09-06 UTC. Root author. **NO_PROMOTION / HOLD_EXTERNAL**.
/root/autodl-tmp/symbolic_dynamics/docs/papers204_208_sequence/scouting/word_local/CPRM_PROOF_BOUNDARY.md:154:paper. Its mathematical boundary is retained as **NO_PROMOTION**; no
/root/autodl-tmp/symbolic_dynamics/docs/papers204_208_sequence/scouting/graph_geometry_fourth/SCOUT_REPORT.md:5:Outcome: **NO_PROMOTION — six literal pilots, no reserve, no paper ID.**
/root/autodl-tmp/symbolic_dynamics/docs/prior_work/legacy/5-riemann_henon/paper/manuscript.tex:69:Because the subject touches the Riemann Hypothesis, we are explicit about the epistemic status of our statements. This paper reports (i) a structural argument for moving from a 1D dissipative map to a 2D area-preserving map; (ii) a numerical determination of a critical parameter associated with a homoclinic tangency; (iii) numerical comparisons between the spectra of two independent solvers and the first 100 Riemann zeros; and (iv) a qualitative comparison with published quantum-hardware decoherence data. None of these constitutes a proof that the spectrum of our operator coincides with the zeros, and we do not claim otherwise. Table~\ref{tab:claims} summarizes the status of each claim. We have correspondingly removed the proof-level and promotional language of the previous version.
/root/autodl-tmp/symbolic_dynamics/docs/papers172_176_sequence/scouting/fresh_geometry_automata/SCOUT_AND_KILL_LEDGER.md:23:| `D15_LXP` | Labelled strict posets.  Output the total order given by the lexicographically least linear extension. | All labelled posets through `n=5` (4,231); image/fixed `n!`, maximum fibre 357 at `n=5`. | Exact target fibres are enumerated but do not factor target-locally. | **`KILL_ONE_STEP / NO INVERSE`.** Lexicographic topological sorting is the whole forward theorem and the second axis remains a coupled poset count. |
/root/autodl-tmp/symbolic_dynamics/docs/papers117_121_sequence/scouting/STOCHASTIC_SCOUT.md:115:  as weighted linear extensions and derives recurrences/involutions for time
/root/autodl-tmp/symbolic_dynamics/docs/papers177_181_sequence/scouting/combinatorial_lane/SCOUT_AND_KILL_LEDGER.md:27:  0 promotions
/root/autodl-tmp/symbolic_dynamics/papers/05-intrinsic-symbolic-grading-and-duality/sections/1_introduction.tex:65:The conclusion is deliberately forward-looking but not promotional. The A2
/root/autodl-tmp/symbolic_dynamics/docs/papers157_161_sequence/scouting/stochastic/SCOUT.md:83:| `TAS` | Carrier: a binary word.  Choose a uniform active adjacent inversion `10` and swap it to `01`. | `110100` has clock 8, Ferrers shape `(3,3,2)`, and 42 complete histories. | Clock equals inversion number pathwise. | History count is the standard Young-tableau hook formula for the inversion Ferrers shape. | P82–P83 Fredkin/Rule-184 lane and the permanent hook/linear-extension exclusion. | **`KILL_TASEP_HOOK`** |
/root/autodl-tmp/symbolic_dynamics/docs/papers157_161_sequence/scouting/stochastic/SCOUT.md:88:| `PSD` | Carrier: induced subposets of a fixed DAG.  Uniformly delete a current source and record the deletion order. | A five-point DAG has 10 extensions with probability multiplicities `{1/12:4,1/24:4,1/4:2}`. | Fixed clock `n`; path probability is the product of reciprocal active-source counts. | Complete endpoint history support is the set of linear extensions. | Permanent generic hook/linear-extension exclusion; close in proof engine to P144's reassociation histories. | **`KILL_LINEAR_EXTENSIONS`** |
/root/autodl-tmp/symbolic_dynamics/docs/papers157_161_sequence/scouting/stochastic/SCOUT.md:331:  birthday/refinement, Boolean product, coalescence, closure, linear-extension,
/root/autodl-tmp/symbolic_dynamics/docs/papers127_131_sequence/scouting/root/SCOUT.md:22:| X07 | binary square matrices; `A -> A^T+(A1)(A1)^T` | depth-one parity collapse; periods `1,2,4`; exact nonuniform fibres | **CONDITIONAL PROMOTION** |
/root/autodl-tmp/symbolic_dynamics/docs/papers127_131_sequence/scouting/root/SCOUT.md:36:| X21 | permutations; reverse every maximal descending run | unique fixed point and maximum tail 7 at order 8 | kill: classical pop-stack operator |
/root/autodl-tmp/symbolic_dynamics/docs/papers127_131_sequence/scouting/root/SCOUT.md:39:## Conditional promotion X07
/root/autodl-tmp/symbolic_dynamics/docs/papers132_136_sequence/scouting/algebraic/SCOUT.md:18:| 3 | `M02` | Syzygy on indecomposable modules over a self-injective cyclic Nakayama algebra has a complete functional graph: one fixed zero, projective leaves, explicit nonprojective periods, cycle counts, fixed iterates, and zeta product. | **DIRECT-OWNER CONTROL, NOT A CLEAN PROMOTION.**  Marks's Lemma 5.12 already owns the exact two period cases; almost everything remaining is immediate packaging. |
/root/autodl-tmp/symbolic_dynamics/docs/papers162_166_sequence/scouting/open_fresh_p166_round6/IDEA_LEDGER.md:13:not re-enter generic deletion or coupon chains, linear-extension walks,
/root/autodl-tmp/symbolic_dynamics/docs/papers162_166_sequence/scouting/open_fresh_p166_round6/IDEA_LEDGER.md:14:gambler's ruin, tree promotion, permutation subsequence maps, cyclic-word
/root/autodl-tmp/symbolic_dynamics/docs/papers162_166_sequence/scouting/open_fresh_p166_round6/IDEA_LEDGER.md:16:Round-1--5 proposal.  Schuetzenberger tableau promotion was desk-screened and
/root/autodl-tmp/symbolic_dynamics/docs/papers204_208_sequence/scouting/algebra/SCOUT_REPORT.md:7:the other seven maps receive NO_PROMOTION recommendations. In particular,
/root/autodl-tmp/symbolic_dynamics/docs/papers204_208_sequence/scouting/algebra/SCOUT_REPORT.md:21:| JS | Mat_n(F_q), A->A+A^2 | n=2, q=2,3,4; n=3,q=2. At (2,4), 256 states, core16, H4. | NO_PROMOTION: polynomial functional calculus/Frobenius-type spectral reduction; no second non-transfer axis. Not asserted to equal a particular old power map. |
/root/autodl-tmp/symbolic_dynamics/docs/papers204_208_sequence/scouting/algebra/SCOUT_REPORT.md:22:| TM | Mat_n(F_q), A->[A,A^T] | Same four boxes; H2 throughout, including 512 states at n=3,q=2. | NO_PROMOTION: first output is symmetric, hence the second is zero. General inverse problem was not closed; no rescue by larger boxes. |
/root/autodl-tmp/symbolic_dynamics/docs/papers204_208_sequence/scouting/algebra/SCOUT_REPORT.md:23:| TF | Mat_n(F_q), A->A(tr(A)I-A) | Same boxes. n=2,q=4 has image4 and H1; n=3,q=2 has H3, core109. | NO_PROMOTION: n=2 is det(A)I by Cayley-Hamilton, then scalar squaring. n=3 lacks an all-parameter two-axis contract. |
/root/autodl-tmp/symbolic_dynamics/docs/papers204_208_sequence/scouting/algebra/SCOUT_REPORT.md:25:| OF | L(F_q^{2m})^2 with a nondegenerate alternating form, (U,V)->(V,(U+V)^perp) | (q,2m)=(2,2),(3,2),(4,2),(2,4),(3,4). Last: 44,944 states, core433, H3, unique max fibre212. | NO_PROMOTION after deductive generic polarity-memory transfer; exact symplectic proofs retained. |
/root/autodl-tmp/symbolic_dynamics/docs/papers204_208_sequence/scouting/algebra/SCOUT_REPORT.md:26:| FC | Full functions f:F_p->F_p, f->(x->f(f(x))-f(x)) | p=2,3,5, respectively 4,27,3,125 states; H2,3,11. p=5 has periods1,2,4,8. | NO_PROMOTION: no uniform temporal or inverse theorem; affine restriction already carries scalar quadratic dynamics and does not control the full carrier. |
/root/autodl-tmp/symbolic_dynamics/docs/papers204_208_sequence/scouting/algebra/SCOUT_REPORT.md:27:| GH | (Z/NZ)^2 using least residues, (a,b)->(gcd(a,b,N) mod N,a+b mod N) | N=2,3,4,6,8,9,10,12,15. At N=15: 225 states, image=core24, H1. | NO_PROMOTION: after one step the gcd coordinate is fixed and the second is an additive rotor on its multiples; inverse is a one-line gcd/CRT count. |
/root/autodl-tmp/symbolic_dynamics/docs/papers204_208_sequence/scouting/algebra/SCOUT_REPORT.md:28:| DS | Divisors d of N, d->gcd(N,d+N/d) | N=4,8,12,16,36,60,100,144,300,1,020,100. The last has 27 states, one fixed root, H5. | NO_PROMOTION: close exponent-1 variant of P142's exponent-2 divisor map; valuation cancellation does not justify a new seat. |
/root/autodl-tmp/symbolic_dynamics/docs/papers204_208_sequence/scouting/algebra/SCOUT_REPORT.md:102:reason for NO_PROMOTION relative to P106/P182 proof engines.
/root/autodl-tmp/symbolic_dynamics/docs/papers204_208_sequence/scouting/discrete_geometry_seventh/PROOF_BOUNDARIES.md:7:rules. No cutoff was enlarged. Every disposition is `NO_PROMOTION`.
/root/autodl-tmp/symbolic_dynamics/docs/papers204_208_sequence/scouting/discrete_geometry_seventh/PROOF_BOUNDARIES.md:227:was obtained. `NO_PROMOTION / INCOMPLETE_CONJUNCTION`.
/root/autodl-tmp/symbolic_dynamics/docs/papers204_208_sequence/scouting/discrete_geometry_seventh/PROOF_BOUNDARIES.md:278:remain unproved. `NO_PROMOTION / INCOMPLETE_CONJUNCTION`.
/root/autodl-tmp/symbolic_dynamics/docs/papers204_208_sequence/scouting/discrete_geometry_seventh/PROOF_BOUNDARIES.md:317:`NO_PROMOTION / INCOMPLETE_CONJUNCTION`.
/root/autodl-tmp/symbolic_dynamics/docs/papers204_208_sequence/scouting/discrete_geometry_seventh/PROOF_BOUNDARIES.md:422:transfers from DCA. `NO_PROMOTION / DCA_AND_STATIC_CHAMBER`.
/root/autodl-tmp/symbolic_dynamics/papers/129-rootward-active-pile-coalescence/sections/5_control.tex:16:the abstract or contribution list, and supplies no promotion credit.
/root/autodl-tmp/symbolic_dynamics/docs/papers204_208_sequence/scouting/finite_structures_eighth/SCOUT_REPORT.md:1:# Eighth finite-structure scout — closed, six NO_PROMOTION
/root/autodl-tmp/symbolic_dynamics/docs/papers204_208_sequence/scouting/finite_structures_eighth/SCOUT_REPORT.md:8:state-map pairs; 0 promotions, 0 reserves, 0 new paper IDs.**
/root/autodl-tmp/symbolic_dynamics/docs/papers204_208_sequence/scouting/finite_structures_eighth/SCOUT_REPORT.md:9:All six are NO_PROMOTION. No maximum cutoff or new full box was added.
/root/autodl-tmp/symbolic_dynamics/docs/papers204_208_sequence/scouting/finite_structures_eighth/SCOUT_REPORT.md:44:| WGP | Mass-preserving conjugate equal-column area regrouping; static primitive only | All-mass temporal structure and separate inverse | NO_PROMOTION |
/root/autodl-tmp/symbolic_dynamics/docs/papers204_208_sequence/scouting/finite_structures_eighth/SCOUT_REPORT.md:45:| DSR | Complete fixed-point staircase-plus-tail characterization and static count proved | Global convergence/clock and a separately evaluated inverse; fixed states alone are insufficient | NO_PROMOTION |
/root/autodl-tmp/symbolic_dynamics/docs/papers204_208_sequence/scouting/finite_structures_eighth/SCOUT_REPORT.md:46:| UPA | n≤3 is characteristic-two adjugation; all-size unique-perfect-matching branch is an old UPC adapter with U⁴=U² | All-size treatment of zero/multiple-matching branches and independent inverse | NO_PROMOTION |
/root/autodl-tmp/symbolic_dynamics/docs/papers204_208_sequence/scouting/finite_structures_eighth/SCOUT_REPORT.md:47:| DP3 | Coarse all-size period divisor 2^(n−2), entry bound 2^(n−2)−1, proved by generic triangular reset/flip argument and fully deducted | Path-specific residual temporal advance and separately evaluated fibre structure | NO_PROMOTION |
/root/autodl-tmp/symbolic_dynamics/docs/papers204_208_sequence/scouting/finite_structures_eighth/SCOUT_REPORT.md:48:| BRF | Elementary functional-graph backward counts; named fibres `(n−1)!` | Full temporal core/clock and evaluated arbitrary inverse or proved all-size extremes | NO_PROMOTION |
/root/autodl-tmp/symbolic_dynamics/docs/papers204_208_sequence/scouting/finite_structures_eighth/SCOUT_REPORT.md:49:| FFR | Pairwise distinct-bin final residual sum < M; exact in-scope 3-cycle refutes a two-cycle guess | All-parameter iteration theorem and independent inverse | NO_PROMOTION |
/root/autodl-tmp/symbolic_dynamics/docs/papers204_208_sequence/scouting/finite_structures_eighth/SCOUT_REPORT.md:88:checker. Scientific nonpromotion and the FFR 3-cycle are retained as
/root/autodl-tmp/symbolic_dynamics/docs/papers204_208_sequence/scouting/finite_systems_fourteenth/SCOUT_REPORT.md:1:# Fourteenth bounded handoff — NO_PROMOTION
/root/autodl-tmp/symbolic_dynamics/docs/papers204_208_sequence/scouting/finite_systems_fourteenth/SCOUT_REPORT.md:7:before code. All six close **NO_PROMOTION**, with no reserve, paper number,
/root/autodl-tmp/symbolic_dynamics/docs/papers204_208_sequence/scouting/finite_systems_fourteenth/SCOUT_REPORT.md:119:remain explicit: **NO_PROMOTION / HOLD_EXTERNAL**.
/root/autodl-tmp/symbolic_dynamics/docs/papers147_151_sequence/scouting/combinatorial/verify_combinatorial_scout.py:132:def uncross(matching: Matching) -> Matching:
/root/autodl-tmp/symbolic_dynamics/docs/papers147_151_sequence/scouting/combinatorial/verify_combinatorial_scout.py:197:            nxt = uncross(state)
/root/autodl-tmp/symbolic_dynamics/docs/papers147_151_sequence/scouting/combinatorial/verify_combinatorial_scout.py:205:            endpoint, tail = orbit_to_fixed(state, uncross)
/root/autodl-tmp/symbolic_dynamics/docs/papers147_151_sequence/scouting/combinatorial/verify_combinatorial_scout.py:983:        ("M01_CHORD_UNCROSS", audit_m01),
/root/autodl-tmp/symbolic_dynamics/docs/papers204_208_sequence/scouting/finite_systems_twelfth/PROOF_AND_DISPOSITION.md:48:Disposition: `KILL_INCOMPLETE_GLOBAL_CONJUNCTION / NO_PROMOTION`.
/root/autodl-tmp/symbolic_dynamics/docs/papers204_208_sequence/scouting/finite_systems_twelfth/PROOF_AND_DISPOSITION.md:88:Disposition: `KILL_INCOMPLETE_GLOBAL_CONJUNCTION / NO_PROMOTION`.
/root/autodl-tmp/symbolic_dynamics/docs/papers204_208_sequence/scouting/finite_systems_twelfth/PROOF_AND_DISPOSITION.md:129:Disposition: `KILL_INCOMPLETE_GLOBAL_CONJUNCTION / NO_PROMOTION`.
/root/autodl-tmp/symbolic_dynamics/docs/papers204_208_sequence/scouting/finite_systems_twelfth/PROOF_AND_DISPOSITION.md:150:All six literals close `NO_PROMOTION`; only STC, PCG and UMP were executed.
/root/autodl-tmp/symbolic_dynamics/papers/149-iterated-endpoint-peak-extraction/PROOF_PACKAGE.md:21:   positions, of the linear-extension counts of the adjacent-comparison
/root/autodl-tmp/symbolic_dynamics/papers/149-iterated-endpoint-peak-extraction/PROOF_PACKAGE.md:44:- `e(Q)`: number of linear extensions of a finite poset `Q`, read from
/root/autodl-tmp/symbolic_dynamics/papers/149-iterated-endpoint-peak-extraction/PROOF_PACKAGE.md:53:assignments into linear extensions.
/root/autodl-tmp/symbolic_dynamics/papers/149-iterated-endpoint-peak-extraction/PROOF_PACKAGE.md:63:   standard rank-assignment/linear-extension bijection.
/root/autodl-tmp/symbolic_dynamics/papers/149-iterated-endpoint-peak-extraction/PROOF_PACKAGE.md:204:A linear extension of `Q(w,sigma)`, listed from smaller to larger, assigns
/root/autodl-tmp/symbolic_dynamics/papers/149-iterated-endpoint-peak-extraction/PROOF_PACKAGE.md:209:thereby gives a unique linear extension of `Q(w,sigma)`.
/root/autodl-tmp/symbolic_dynamics/papers/149-iterated-endpoint-peak-extraction/PROOF_PACKAGE.md:222:`n=m=1` case has one empty comparison word and one linear extension.  All
/root/autodl-tmp/symbolic_dynamics/docs/papers204_208_sequence/scouting/finite_systems_twenty_third/INTAKE.md:45:extremum. A full recurrent/temporal theorem is absent. **NO_PROMOTION.**
/root/autodl-tmp/symbolic_dynamics/docs/papers204_208_sequence/scouting/finite_systems_twenty_third/INTAKE.md:68:No separate inverse/extremal residual is supplied. **NO_PROMOTION.**
/root/autodl-tmp/symbolic_dynamics/docs/papers182_186_sequence/scouting/crossdomain_lane/SCOUT_AND_KILL_LEDGER.md:232:permutation `pi` uniformly and toggle membership of every prefix set
/root/autodl-tmp/symbolic_dynamics/docs/papers152_156_sequence/scouting/combinatorial/verify_combinatorial_scout.py:510:def promotion(T, rows, cols):
/root/autodl-tmp/symbolic_dynamics/docs/papers152_156_sequence/scouting/combinatorial/verify_combinatorial_scout.py:531:def audit_promotion():
/root/autodl-tmp/symbolic_dynamics/docs/papers152_156_sequence/scouting/combinatorial/verify_combinatorial_scout.py:540:            cur, t = promotion(T, rows, cols), 1
/root/autodl-tmp/symbolic_dynamics/docs/papers152_156_sequence/scouting/combinatorial/verify_combinatorial_scout.py:543:                cur = promotion(cur, rows, cols)
/root/autodl-tmp/symbolic_dynamics/docs/papers152_156_sequence/scouting/combinatorial/verify_combinatorial_scout.py:885:    promotion_data = audit_promotion()
/root/autodl-tmp/symbolic_dynamics/docs/papers152_156_sequence/scouting/combinatorial/verify_combinatorial_scout.py:915:    print(f"RSP rectangle profiles: {promotion_data}")
/root/autodl-tmp/symbolic_dynamics/docs/papers197_201_sequence/scouting/fifth_fresh_20260905/BREADTH_AND_KILL_LEDGER.md:93:  in this lane. No source-search non-hit grants promotion.
/root/autodl-tmp/symbolic_dynamics/docs/papers177_181_sequence/scouting/algebra_lane/SCOUT_AND_KILL_LEDGER.md:13:- one internal promotion: `C01/SFD`;
/root/autodl-tmp/symbolic_dynamics/docs/papers197_201_sequence/scouting/replacement_stirling_lane/BREADTH_AND_KILL_LEDGER.md:53:target-side root-subtree cut.  The promotion/pruning resemblance still keeps
/root/autodl-tmp/symbolic_dynamics/docs/papers157_161_sequence/phase1/combinatorial_gate/REPLACEMENT_SCOUT.md:241:  dynamical-algebraic-combinatorics object with direct promotion, toggle, and
/root/autodl-tmp/symbolic_dynamics/docs/papers187_191_sequence/scouting/algebra_lane/replacement/KILL_LEDGER.md:3:Promotion required all four properties simultaneously: a natural literal
/root/autodl-tmp/symbolic_dynamics/docs/papers204_208_sequence/scouting/algebra_third/SCOUT_REPORT.md:1:# Third algebra intake — closed with zero promotions
/root/autodl-tmp/symbolic_dynamics/docs/papers204_208_sequence/scouting/algebra_third/SCOUT_REPORT.md:3:Date: 2026-09-05 UTC. Status: `SIX_NO_PROMOTION / ZERO_RESERVES`.
/root/autodl-tmp/symbolic_dynamics/docs/papers204_208_sequence/scouting/algebra_third/SCOUT_REPORT.md:15:| ST | M_n(F_p), A ↦ A²+Aᵀ | p=2,3 with n=1,2,3; p=5 with n=1,2 | n=3,p=3 has height 25 and seven distinct strict periods. Only characteristic-two trace/pairing and symmetric functional-calculus reductions proved. No full temporal/inverse conjunction. NO_PROMOTION. |
/root/autodl-tmp/symbolic_dynamics/docs/papers204_208_sequence/scouting/algebra_third/SCOUT_REPORT.md:16:| HN | F_p², (x,y) ↦ (y,y²−x) | p=2,3,5,7,11,13 | Classical polynomial automorphism; height zero and all fibres one. Finite-field Hénon/reversibility already owned, no all-prime cycle census. NO_PROMOTION. |
/root/autodl-tmp/symbolic_dynamics/docs/papers204_208_sequence/scouting/algebra_third/SCOUT_REPORT.md:17:| EG | S_d², (g,h) ↦ (h,ghg⁻¹h⁻¹) | d=2,3,4 | Heights 2,4,6 are covered by two-step derived-series descent. All inverse counts are full conjugator-coset counts. NO_PROMOTION. |
/root/autodl-tmp/symbolic_dynamics/docs/papers204_208_sequence/scouting/algebra_third/SCOUT_REPORT.md:18:| RC | F_p[X]/(X^p), f ↦ f′+f² | p=2,3,5 | Heights 1,8,94; p=5 has strict period 22. Inversion has only generic initial-coefficient recursion, no independent atlas/time theorem. NO_PROMOTION. |
/root/autodl-tmp/symbolic_dynamics/docs/papers204_208_sequence/scouting/algebra_third/SCOUT_REPORT.md:19:| LV | F_p^L, x_i ↦ x_i(x_(i+1)−x_(i−1)) | L=3,p=2,3,5,7; L=4,5,p=2,3 | Binary subfamily is literally ECA 72; Meunier Prop. 3 owns its two-step stabilization. Odd-characteristic time/inverse contract absent. NO_PROMOTION. |
/root/autodl-tmp/symbolic_dynamics/docs/papers204_208_sequence/scouting/algebra_third/SCOUT_REPORT.md:20:| ND | S_d^L, x_i ↦ x_i⁻¹x_(i+1) | d=2,L=3,4,5; d=3,L=3,4; d=4,L=3 | One-step image is ordered product one, all nonempty fibres have size d!; exact twisted-coboundary/diagonal-coset adapter. No independent full-group temporal result. NO_PROMOTION. |
/root/autodl-tmp/symbolic_dynamics/docs/papers204_208_sequence/scouting/finite_algebra_ninth/INTAKE.md:38:EPN is close to killed matching reranking and rewiring. Historical
/root/autodl-tmp/symbolic_dynamics/docs/papers204_208_sequence/scouting/finite_algebra_ninth/INTAKE.md:64:`NO_PROMOTION`, not a larger pilot or a paper number.
/root/autodl-tmp/symbolic_dynamics/docs/papers204_208_sequence/scouting/finite_systems_eleventh/SCOUT_REPORT.md:1:# Eleventh lane: closed without promotion
/root/autodl-tmp/symbolic_dynamics/docs/papers204_208_sequence/scouting/finite_systems_eleventh/SCOUT_REPORT.md:3:2026-09-06 UTC. **NO_PROMOTION / NO_ADMISSION / ZERO_RESERVES**.
/root/autodl-tmp/symbolic_dynamics/docs/papers204_208_sequence/scouting/finite_systems_eleventh/SCOUT_REPORT.md:18:| WZS | Every subset of `F_2^d`, `d=0,1,2,3,4`; 65,814 states | At `d=4`: 1,027 images; 3 fixed points and 17 two-cycles; maximum tail 4; maximum fibre 33,664, uniquely at the empty target. The extra recurrent states are explained by a deducted orthogonal-complement subspace family. No all-d global recurrence/height or full-target inverse/extremal theorem. **NO_PROMOTION**. |
/root/autodl-tmp/symbolic_dynamics/docs/papers204_208_sequence/scouting/finite_systems_eleventh/SCOUT_REPORT.md:19:| ACP | All monic coefficient vectors at `(degree,prime)=(2,3),(2,5),(2,7),(2,11),(3,5),(3,7),(4,5)`; 1,297 states | Genuine four-cycles already at quadratic prime 11, including an off-anchor-zero cycle; cubic prime 7 and quartic prime 5 have tail 10. Quadratic every-target inverse and sharp fibre maximum are completely derived, but are elementary Vieta/square-character content. No full-carrier all-parameter temporal proof. **NO_PROMOTION**. |
/root/autodl-tmp/symbolic_dynamics/docs/papers204_208_sequence/scouting/combinatorial_second/SCOUT_REPORT.md:41:## Theorem-level progress retained without promotion
/root/autodl-tmp/symbolic_dynamics/docs/papers204_208_sequence/scouting/finite_systems_sixteenth/SCOUT_REPORT.md:1:# Sixteenth bounded scout: author NO_PROMOTION closure
/root/autodl-tmp/symbolic_dynamics/docs/papers204_208_sequence/scouting/finite_systems_sixteenth/SCOUT_REPORT.md:15:**Author result: all six NO_PROMOTION; no survivor, reserve, admission,
/root/autodl-tmp/symbolic_dynamics/docs/papers204_208_sequence/scouting/finite_systems_sixteenth/SCOUT_REPORT.md:25:| CNL: binary word XOR its least cyclic rotation | Zero is the unique fixed point. At power-of-two length n, F^n=0 follows from the P178 augmentation-filtration template; it is not a new sharp clock. Every odd n >= 3 has nontrivial cycles, but no complete all-length temporal atlas is proved. Every target has at most one source per necklace; zero is the unique maximal target with the necklace-count fibre. This inverse maximum is generic canonical-section subtraction. | NO_PROMOTION / HOLD_GLOBAL_TEMPORAL; missing global axis and spent partial engines |
/root/autodl-tmp/symbolic_dynamics/docs/papers204_208_sequence/scouting/finite_systems_sixteenth/SCOUT_REPORT.md:26:| D2LC: complement at the least degree-two graph vertex | Full all-n recurrent test, exact per-state entry rule, sharp maximum 0,0,1,2,2,... for n=1,2,3,4,5,...; degree-only exact inverse for every target; maximum fibre 3 for n>=3 with every equality target characterized. P200 consumes the monotone-priority involution core. Residual forward behaviour is an at-most-four-vertex decorated local machine; inverse choices are confined to the least active target and its two neighbours. | NO_PROMOTION / KILL_BOUNDED_LOCAL_PRIORITY_GADGET |
/root/autodl-tmp/symbolic_dynamics/docs/papers204_208_sequence/scouting/finite_systems_sixteenth/SCOUT_REPORT.md:27:| LRG: least row rotations followed by greatest column rotations | Content preservation and one-dimensional idempotence proved. Eight finite boxes are idempotent, but neither all-shape temporal/core nor a separate all-shape inverse theorem is proved. Old whole-row/column lexical sorting is a different rule and cannot fill the gap. | NO_PROMOTION / HOLD_ALL_SHAPE_PROOF |
/root/autodl-tmp/symbolic_dynamics/docs/papers204_208_sequence/scouting/finite_systems_sixteenth/SCOUT_REPORT.md:28:| LIR: reverse values at the lex-first longest increasing subsequence | Inversion count strictly rises until the reverse permutation; coarse binomial clock and admissible-subsequence inverse give only the old sorting-potential shell. No sharp global time or fibre extremum is proved. | NO_PROMOTION / KILL_SORTING_POTENTIAL_ONLY; desk-only |
/root/autodl-tmp/symbolic_dynamics/docs/papers204_208_sequence/scouting/finite_systems_sixteenth/SCOUT_REPORT.md:29:| LMH: move the leftmost misplaced value to its home position, shifting others | Elizalde–Winkler Section 5 directly owns the sharp 2^(n-1)-1 clock and the exact scheduler's extremizer. Reverse placement plus selector filtering is not a separate new inverse mechanism. | NO_PROMOTION / KILL_DIRECT_TEMPORAL_OWNER; desk-only |
/root/autodl-tmp/symbolic_dynamics/docs/papers204_208_sequence/scouting/finite_systems_sixteenth/SCOUT_REPORT.md:30:| KFR: first lex-increasing ternary Knuth triple rewrite | Eight exact oriented rules give generic finite-order termination and pattern-avoidance fixed states; classical Knuth invariance does not give confluence or a new inverse extremum. | NO_PROMOTION / KILL_ORDERED_KNUTH_REWRITE_SHELL; desk-only |
/root/autodl-tmp/symbolic_dynamics/docs/papers204_208_sequence/scouting/finite_systems_sixteenth/SCOUT_REPORT.md:154:promotion, a paper seat, a noncontributor PASS, private Git synchronization
/root/autodl-tmp/symbolic_dynamics/docs/papers157_161_sequence/scouting/stochastic/verify_stochastic_scout.py:561:def is_linear_extension(order, predecessors):
/root/autodl-tmp/symbolic_dynamics/docs/papers157_161_sequence/scouting/stochastic/verify_stochastic_scout.py:582:        if is_linear_extension(order, predecessors):
/root/autodl-tmp/symbolic_dynamics/docs/papers157_161_sequence/scouting/stochastic/verify_stochastic_scout.py:702:    ("PSD", pilot_psd, "KILL_LINEAR_EXTENSIONS"),
/root/autodl-tmp/symbolic_dynamics/docs/papers204_208_sequence/scouting/finite_structures_eighth/INTAKE.md:132:extremal residual after full deductions. Otherwise record NO_PROMOTION,
/root/autodl-tmp/symbolic_dynamics/docs/papers204_208_sequence/scouting/finite_systems_twenty_first/PROOF_PACKAGE.md:1:# NED partial proof package and non-promotion boundary
/root/autodl-tmp/symbolic_dynamics/docs/papers204_208_sequence/scouting/finite_systems_twenty_first/PROOF_PACKAGE.md:118:is NO_PROMOTION, not an admissible paper contract.
/root/autodl-tmp/symbolic_dynamics/papers/148-even-level-plane-tree-contraction/main.tex:101:Ordered child promotion also occurs inside generic forest
/root/autodl-tmp/symbolic_dynamics/docs/papers204_208_sequence/scouting/finite_systems_fourteenth/INTAKE.md:192:is not such a proof. Otherwise close this bounded slate `NO_PROMOTION`;
/root/autodl-tmp/symbolic_dynamics/docs/papers204_208_sequence/scouting/graph_geometry_fourth/PROOF_BOUNDARIES.md:90:The tested encoding uses a natural linear extension as the labels.
/root/autodl-tmp/symbolic_dynamics/docs/papers204_208_sequence/scouting/finite_systems_thirteenth/SCOUT_REPORT.md:1:# Thirteenth finite-system lane — closed with no promotion
/root/autodl-tmp/symbolic_dynamics/docs/papers204_208_sequence/scouting/finite_systems_thirteenth/SCOUT_REPORT.md:3:2026-09-06 UTC. **NO_PROMOTION / NO_RESERVE / NO_PAPER_ID / HOLD_EXTERNAL.**
/root/autodl-tmp/symbolic_dynamics/docs/papers204_208_sequence/scouting/set_partition_sixth/SCOUT_REPORT.md:1:# Sixth set-family / partition lane — closed with no promotion
/root/autodl-tmp/symbolic_dynamics/docs/papers204_208_sequence/scouting/set_partition_sixth/SCOUT_REPORT.md:7:`NO_PROMOTION / HOLD_EXTERNAL` applies to every row.
/root/autodl-tmp/symbolic_dynamics/docs/papers162_166_sequence/scouting/open_fresh_p166_round6/SCOUT.md:11:Promotion required both of the following after source and internal
/root/autodl-tmp/symbolic_dynamics/docs/papers204_208_sequence/scouting/word_local/MNC_GATE/SOURCE_AND_PROOF.md:278:cutoff, additional finite table, generic inverse rewrite, or promotion under
/root/autodl-tmp/symbolic_dynamics/docs/papers197_201_sequence/scouting/geometry_reopen_20260905/SCOUT_AND_DISPOSITION.md:96:**Disposition: KILL_NO_ALL_PARAMETER_TEMPORAL_SPINE.** No promotion,
/root/autodl-tmp/symbolic_dynamics/papers/149-iterated-endpoint-peak-extraction/main.tex:51:of linear-extension counts of comparison-word posets augmented by the target
/root/autodl-tmp/symbolic_dynamics/papers/149-iterated-endpoint-peak-extraction/main.tex:261:Write $e(Q)$ for the number of linear extensions of $Q$.
/root/autodl-tmp/symbolic_dynamics/papers/149-iterated-endpoint-peak-extraction/main.tex:275:Fix $w$.  A linear extension of $Q(w,\sigma)$, read from smaller to larger,
/root/autodl-tmp/symbolic_dynamics/papers/149-iterated-endpoint-peak-extraction/main.tex:280:its positions by increasing value and gives one such linear extension.
/root/autodl-tmp/symbolic_dynamics/papers/149-iterated-endpoint-peak-extraction/main.tex:298:linear-extension count.  All $1{,}228{,}181$ exact assertions pass.
/root/autodl-tmp/symbolic_dynamics/papers/15-bar-koszul-primitive-no-lift/sections/7_audit_route.tex:143:proves-too-much control prevents promotion.  Route B is false for the present
/root/autodl-tmp/symbolic_dynamics/docs/papers204_208_sequence/scouting/algebra/PROOF_NOTES.md:10:Disposition update: **NO_PROMOTION recommended**. The following theorems
/root/autodl-tmp/symbolic_dynamics/docs/papers204_208_sequence/scouting/algebra/PROOF_NOTES.md:143:seat. Retain the exact deductions and recommend NO_PROMOTION; do not
/root/autodl-tmp/symbolic_dynamics/docs/papers204_208_sequence/scouting/discrete_geometry_seventh/INTAKE.md:109:- strict 2-opt Euclidean tour improvement and chord uncrossing;
/root/autodl-tmp/symbolic_dynamics/docs/papers204_208_sequence/scouting/discrete_geometry_seventh/INTAKE.md:122:All six may close `NO_PROMOTION` without a reserve or paper ID.
/root/autodl-tmp/symbolic_dynamics/docs/papers204_208_sequence/scouting/finite_structures_eighth/PROOF_BOUNDARIES.md:5:Every candidate is **NO_PROMOTION**. No proof below supplies both required
/root/autodl-tmp/symbolic_dynamics/docs/papers204_208_sequence/scouting/finite_structures_eighth/PROOF_BOUNDARIES.md:74:NO_PROMOTION despite the proved static characterization.
/root/autodl-tmp/symbolic_dynamics/docs/papers204_208_sequence/scouting/finite_structures_eighth/PROOF_BOUNDARIES.md:206:sizes. No all-$n$ core or clock is proved. NO_PROMOTION.
/root/autodl-tmp/symbolic_dynamics/papers/169-successor-transfer-set-partitions/main.tex:99:Bulgarian solitaire \cite{Brandt1982}, jeu-de-taquin promotion and rowmotion
/root/autodl-tmp/symbolic_dynamics/docs/papers204_208_sequence/scouting/finite_systems_fourteenth/PROOF_AND_DISPOSITION.md:100:Disposition: `NO_PROMOTION / KILL_INCOMPLETE_OR_TRANSFERRED_CONJUNCTION`.
/root/autodl-tmp/symbolic_dynamics/docs/papers204_208_sequence/scouting/finite_systems_fourteenth/PROOF_AND_DISPOSITION.md:210:Disposition: `NO_PROMOTION / HOLD_GLOBAL_TEMPORAL_PROOF`.
/root/autodl-tmp/symbolic_dynamics/docs/papers204_208_sequence/scouting/finite_systems_fourteenth/PROOF_AND_DISPOSITION.md:242:Disposition: `NO_PROMOTION / KILL_INCOMPLETE_GLOBAL_CONJUNCTION`.
/root/autodl-tmp/symbolic_dynamics/docs/papers204_208_sequence/scouting/finite_systems_fourteenth/PROOF_AND_DISPOSITION.md:256:`NO_PROMOTION`; no reserve, number, manuscript or next slate is created.
/root/autodl-tmp/symbolic_dynamics/papers/130-crossing-component-fibre-geometry/main.tex:108:uncrossing order on matchings \cite{Lam2015}.
/root/autodl-tmp/symbolic_dynamics/papers/130-crossing-component-fibre-geometry/main.tex:380:and generic uncrossing are background.  No analytic asymptotic, unrooted
/root/autodl-tmp/symbolic_dynamics/docs/papers204_208_sequence/scouting/finite_systems_twenty_second/SCOUT_REPORT.md:1:# Twenty-second scout closed: NO_PROMOTION
/root/autodl-tmp/symbolic_dynamics/docs/papers204_208_sequence/scouting/finite_systems_twenty_second/SCOUT_REPORT.md:3:Final status: **NO_PROMOTION / TWO_LITERAL_PILOTS / HOLD_EXTERNAL**.
/root/autodl-tmp/symbolic_dynamics/docs/papers204_208_sequence/scouting/graph_relation/SCOUT_REPORT.md:43:- Chord uncrossing: old P130 and P147--151 M01 occupy the local and component
/root/autodl-tmp/symbolic_dynamics/docs/papers204_208_sequence/scouting/graph_relation/SCOUT_REPORT.md:44:  engines. No uncrossing variant is counted here.
/root/autodl-tmp/symbolic_dynamics/docs/papers204_208_sequence/scouting/word_local/NCC_INTAKE.md:30:QHK's entire source/static adapter must be read before any promotion.
/root/autodl-tmp/symbolic_dynamics/papers/15-bar-koszul-primitive-no-lift/sections/1_introduction.tex:74:  determinant (solid arrows).  Three independent tests block its promotion
/root/autodl-tmp/symbolic_dynamics/papers/25-holomorphic-lefschetz-code-collapse/sections/10_route_evaluation.tex:4:The analytic-function-space loophole produces one genuine promotion and no
/root/autodl-tmp/symbolic_dynamics/papers/25-holomorphic-lefschetz-code-collapse/sections/10_route_evaluation.tex:5:arithmetic promotion.  \Cref{tab:route} records the strict evaluation.
/root/autodl-tmp/symbolic_dynamics/papers/146-uniform-ear-deletion-triangulations/main.tex:210:brute-forces bounded rooted linear extensions, checks total probability in
/root/autodl-tmp/symbolic_dynamics/docs/papers204_208_sequence/scouting/finite_systems_eighteenth/INTAKE.md:26:| D5 | Fix ordered finite alphabet $\Sigma$, symmetric irreflexive independence $J$, and $n\ge0$. On $\Sigma^n$, replace a word by the lexicographically least word obtainable by exchanging adjacent $J$-independent letters. | Trace-monoid canonical section; heap/linear-extension fibre is static. Not a Knuth-rewrite revival. |
/root/autodl-tmp/symbolic_dynamics/docs/papers204_208_sequence/scouting/finite_systems_eighteenth/INTAKE.md:54:`NO_FRESH_SLATE / ZERO_EXECUTED / NO_PROMOTION` after source subtraction.
/root/autodl-tmp/symbolic_dynamics/docs/papers204_208_sequence/scouting/finite_systems_seventeenth/INTAKE.md:4:Disposition: `BOUNDED_DESK_CLOSED / NO_FRESH_SLATE / NO_PROMOTION`.
/root/autodl-tmp/symbolic_dynamics/docs/papers204_208_sequence/scouting/finite_systems_twelfth/SCOUT_REPORT.md:1:# Twelfth bounded scout — closed with no promotion
/root/autodl-tmp/symbolic_dynamics/docs/papers204_208_sequence/scouting/finite_systems_twelfth/SCOUT_REPORT.md:5:promotions/reserves/IDs**. No further slate is started by this handoff.
/root/autodl-tmp/symbolic_dynamics/docs/papers204_208_sequence/scouting/finite_systems_twelfth/SCOUT_REPORT.md:54:All are `NO_PROMOTION`. There is no pending candidate gate to confuse with
/root/autodl-tmp/symbolic_dynamics/docs/papers204_208_sequence/scouting/finite_systems_twenty_third/PROOF_PACKAGE.md:15:JUSTIFIED. Both descriptions close NO_PROMOTION.
/root/autodl-tmp/symbolic_dynamics/docs/papers122_126_sequence/scouting/algebraic/SCOUT.md:141:For a regular nilpotent (N^d=0), these formulas force eventual period dividing two. The exhaustive binary pilot shows the universal bound (d) is sharp for every (d=2,3,4,5). The next proof task is to give an explicit sharp witness for all (q,d), characterize fixed points and 2-cycles through the even/odd Krylov sums, and derive at least one exact layer enumerator (likely by flags relative to the regular nilpotent chain). A mere depth bound is not enough for promotion.
/root/autodl-tmp/symbolic_dynamics/docs/papers122_126_sequence/scouting/algebraic/SCOUT.md:176:The first-step fibre theorem is exact: it is the unordered-root quotient, with the discriminant-zero locus giving singleton fibres. But iteration feeds coefficients back as roots; the measured maximum cycles (1,1,4,1,6,4,10,8) for (q=2,3,5,7,11,13,17,19) do not yet expose a theorem. Promotion requires a semiconjugacy or invariant that explains both cycles and transient depths. Fibre counting alone is fully owner-subtracted and earns no paper slot.
/root/autodl-tmp/symbolic_dynamics/docs/papers204_208_sequence/scouting/algebra_fourth/EC_PROOF_PACKAGE.md:1:# EC: endpoint-distance feedback — valid author proof, no promotion
/root/autodl-tmp/symbolic_dynamics/docs/papers204_208_sequence/scouting/algebra_fourth/EC_PROOF_PACKAGE.md:5:Final author disposition: `PROOF_COMPLETE / NO_PROMOTION_VALUE_TOO_THIN /
/root/autodl-tmp/symbolic_dynamics/docs/papers204_208_sequence/scouting/algebra_fourth/EC_PROOF_PACKAGE.md:162:NO_PROMOTION_VALUE_TOO_THIN: no second residual axis has been demonstrated.
/root/autodl-tmp/symbolic_dynamics/papers/88-finite-field-parity-tree-shifts/main.tex:195:will also be used for its finite-field linear extension.
/root/autodl-tmp/symbolic_dynamics/docs/papers162_166_sequence/scouting/word_combinatorial/SCOUT.md:72:| `SPR` | Schützenberger promotion on standard tableaux of rectangular shape `2 x 3` | five tableaux split into a 2-cycle and a 3-cycle | rectangular promotion has a classical finite-order theory; fibres singleton | direct jeu-de-taquin/promotion owner | `KILL_DIRECT_OWNER_BIJECTION` |
/root/autodl-tmp/symbolic_dynamics/docs/papers162_166_sequence/scouting/word_combinatorial/SCOUT.md:192:permutations in `S_8` for stack-sort tails, and the complete finite carriers
/root/autodl-tmp/symbolic_dynamics/docs/papers162_166_sequence/scouting/open_fresh_p166_round3/IDEA_LEDGER.md:36:| `OST` | rooted plane trees; simultaneously contract every nonroot vertex whose current fringe-subtree size is odd | sharp height jumps first at sizes `2,3,5,9`; height on `PT_{<=N}` is `ceil(log2 N)` | all-time size lower bound, surjectivity, target-resolved minimal-source product, exact aggregate and sharp minimal-height census | **`KILL_INTERNAL_P148_SILHOUETTE`**; despite being the strongest new formula, it repeats P148's plane-tree promotion contraction + singleton core + logarithmic clock + target-degree product architecture |
/root/autodl-tmp/symbolic_dynamics/docs/papers162_166_sequence/scouting/open_fresh_p166_round3/IDEA_LEDGER.md:70:selected vertices with ordered child promotion, have the singleton as unique
/root/autodl-tmp/symbolic_dynamics/docs/papers132_136_sequence/scouting/combinatorial/SCOUT.md:30:- **PM1: conditional promotion to an independent proof/collision gate**;
/root/autodl-tmp/symbolic_dynamics/docs/papers132_136_sequence/scouting/combinatorial/SCOUT.md:36:of weak promotions.
/root/autodl-tmp/symbolic_dynamics/docs/papers132_136_sequence/scouting/combinatorial/SCOUT.md:61:| **MT2** | Resolve the lexicographically first crossing pair into two separated pairs. | Same 1,069 states; periods 1, tail 5; last `I/F=319/42`. | 4,296 | **KILL DIRECT INTERNAL.** Local uncrossing is zero-credit beside P130's componentwise retraction. |
/root/autodl-tmp/symbolic_dynamics/docs/papers132_136_sequence/scouting/combinatorial/SCOUT.md:268:## 5. Direct-owner kills that prevented false promotion
/root/autodl-tmp/symbolic_dynamics/papers/40-gauss-mayer-projection-firewalls/sections/B_boundaries_and_locks.tex:82:preceding paper served only as a promotion gate.
/root/autodl-tmp/symbolic_dynamics/docs/papers204_208_sequence/scouting/finite_systems_thirteenth/PROOF_AND_DISPOSITION.md:4:not an independent candidate gate or manuscript. **NO_PROMOTION** on all
/root/autodl-tmp/symbolic_dynamics/docs/papers204_208_sequence/scouting/finite_systems_thirteenth/PROOF_AND_DISPOSITION.md:78:**Disposition:** `HOLD_PROOF / NO_PROMOTION`. P113 principal hooks,
/root/autodl-tmp/symbolic_dynamics/docs/papers204_208_sequence/scouting/finite_systems_thirteenth/PROOF_AND_DISPOSITION.md:110:is not a claimed conjugacy. **Desk kill / no pilot / no promotion.**
/root/autodl-tmp/symbolic_dynamics/docs/papers204_208_sequence/scouting/finite_systems_thirteenth/PROOF_AND_DISPOSITION.md:147:language or full target-fibre/extremal theorem. **HOLD_PROOF / NO_PROMOTION.**
/root/autodl-tmp/symbolic_dynamics/docs/papers204_208_sequence/scouting/finite_systems_thirteenth/PROOF_AND_DISPOSITION.md:164:from a fixed permutation action. **Desk kill / no pilot / no promotion.**
/root/autodl-tmp/symbolic_dynamics/docs/papers204_208_sequence/scouting/finite_systems_thirteenth/PROOF_AND_DISPOSITION.md:300:HOLD_SHARP_MATCHING_CLOCK / NO_PROMOTION`. A true static theorem does
/root/autodl-tmp/symbolic_dynamics/docs/papers204_208_sequence/scouting/finite_systems_thirteenth/PROOF_AND_DISPOSITION.md:314:**Desk kill / no pilot / no promotion.**
/root/autodl-tmp/symbolic_dynamics/docs/papers142_146_sequence/phase1/CANDIDATE_POOL_AND_KILL_LEDGER.md:33:- `P01`, Cartesian-min preorder on permutations, is exactly reverse-complement conjugate to classical stack sorting.  Its Catalan fibres and sharp clock are permanent zero-credit controls.
/root/autodl-tmp/symbolic_dynamics/docs/papers204_208_sequence/scouting/graph_geometry_third/SCOUT_REPORT.md:1:# Third graph/geometry lane: closed without promotion
/root/autodl-tmp/symbolic_dynamics/docs/papers204_208_sequence/scouting/graph_geometry_third/SCOUT_REPORT.md:4:**NO_PROMOTION / seven probes plus one immediately rejected control /
/root/autodl-tmp/symbolic_dynamics/docs/papers162_166_sequence/scouting/open_fresh_p167/verify_scout.py:394:          "SRW=KILL_DIRECT_MATCHING_REWIRING_OWNER "
/root/autodl-tmp/symbolic_dynamics/docs/papers204_208_sequence/scouting/word_local/CIRCULAR_SCOUT_REPORT.md:11:| CNE | Distance to next equal letter to the right; n if unique | image203; H5; cycles1:1,2:18; max fibre720 | No all-n temporal theorem; no promotion. |
/root/autodl-tmp/symbolic_dynamics/docs/papers204_208_sequence/scouting/word_local/CIRCULAR_SCOUT_REPORT.md:12:| CNM | Nearest positive circular distance to another equal letter in either direction, n if none | image168; H4; fixed16; max fibre720 | Fixed-only small boxes do not prove convergence; no promotion. |
/root/autodl-tmp/symbolic_dynamics/docs/papers204_208_sequence/scouting/word_local/CIRCULAR_SCOUT_REPORT.md:14:| CDW | Longest pairwise-distinct window starting at the position, capped at n | image197; H4; periods1,3,4,6,9,12; max fibre720 | No rigid two-axis contract; no promotion. |
/root/autodl-tmp/symbolic_dynamics/docs/papers162_166_sequence/scouting/replacement_crossclass/SCOUT.md:242:ordinary gambler's ruin, coupon collection, random deletion, linear extension,
/root/autodl-tmp/symbolic_dynamics/docs/papers204_208_sequence/scouting/word_local/LUB_PROOF_WORK/PROOF_AND_DISPOSITION.md:4:Disposition: **NO_PROMOTION / COMPLETE_STATIC_INVERSE_ADAPTER**.
/root/autodl-tmp/symbolic_dynamics/docs/papers204_208_sequence/scouting/word_local/LUB_PROOF_WORK/PROOF_AND_DISPOSITION.md:313:Accordingly the candidate is closed NO_PROMOTION at the unchanged
/root/autodl-tmp/symbolic_dynamics/docs/papers204_208_sequence/scouting/finite_algebra_ninth/inverse_execution_01/INTAKE.md:38:EPN is close to killed matching reranking and rewiring. Historical
/root/autodl-tmp/symbolic_dynamics/docs/papers204_208_sequence/scouting/finite_algebra_ninth/inverse_execution_01/INTAKE.md:64:`NO_PROMOTION`, not a larger pilot or a paper number.
/root/autodl-tmp/symbolic_dynamics/docs/papers204_208_sequence/scouting/finite_systems_fifteenth/SCOUT_REPORT.md:1:# Fifteenth lane: bounded close with no promotion
/root/autodl-tmp/symbolic_dynamics/docs/papers204_208_sequence/scouting/finite_systems_fifteenth/SCOUT_REPORT.md:3:2026-09-06 UTC. **BOUNDED_CLOSE_NO_PROMOTION / NO_RESERVE / HOLD_EXTERNAL**.
/root/autodl-tmp/symbolic_dynamics/docs/papers132_136_sequence/replacement_scout/stochastic/SCOUT.md:6:**Final disposition:** **zero paper-scale promotions**, two owner-heavy reserves,
/root/autodl-tmp/symbolic_dynamics/docs/papers132_136_sequence/replacement_scout/stochastic/SCOUT.md:63:| `MT3` | A boxed plane partition is an order ideal.  Choose a removable maximal cube uniformly and delete it until empty. | All ideals in `2x2x2`, `2x2x3`, `2x2x4`; 175 inputs; 525 assertions. | Volume is the clock and histories are linear extensions (maximum 183,958).  **Kill distributive-lattice background.** |
/root/autodl-tmp/symbolic_dynamics/docs/papers132_136_sequence/replacement_scout/stochastic/SCOUT.md:201:formula only; no paper-scale promotion.
/root/autodl-tmp/symbolic_dynamics/docs/papers132_136_sequence/replacement_scout/stochastic/SCOUT.md:236:| `MT1--MT3` | P114 forest peeling; P129 rootward coalescence; P130 chord-matching fibres | Weighted conflict deletion, graph reverse deletion, and ideal-cube deletion are distinct, but their outputs reduce to heuristic matchings, matroid bases, or linear extensions. |
/root/autodl-tmp/symbolic_dynamics/docs/papers112_116_sequence/scouting/COMBINATORIAL_SCOUT.md:77:  promotion/0-Hecke and pop-stack sorting, noncrossing closure, blocker
/root/autodl-tmp/hilbert-polya-structure/symbolic_dynamics/papers/40-gauss-mayer-projection-firewalls/sections/B_boundaries_and_locks.tex:82:preceding paper served only as a promotion gate.
/root/autodl-tmp/symbolic_dynamics/docs/papers162_166_sequence/scouting/stochastic_spatial/SCOUT.md:43:  random deletion, quota exposure, linear-extension/hook scheduling;
/root/autodl-tmp/symbolic_dynamics/docs/papers167_171_sequence/scouting/combinatorial_crossdomain/SCOUT.md:76:## Promotion recommendation
/root/autodl-tmp/symbolic_dynamics/docs/papers167_171_sequence/scouting/combinatorial_crossdomain/SCOUT.md:81:factor alone, do not call the map whirling or promotion, and do not use any of
