cutoff_k,state_count,max_h,grid_id,sigma,tau,observable,seed,value_re,value_im,abs_value,target_re,target_im,target_abs_error,target_status,successive_k_drift,precision_mode
8,256,55,R160,1.6,0.0,unsigned,none,4.490834446678223,0.0,4.490834446678223,-0.8542701806849421,0.0,5.345104627363165,MEROMORPHIC_BENCHMARK_ONLY_OUTSIDE_PROVED_DOMAIN,,numpy_complex128
8,256,55,R175,1.75,0.0,unsigned,none,3.5487036256827484,0.0,3.5487036256827484,-1.753681974672427,0.0,5.3023856003551755,MEROMORPHIC_BENCHMARK_ONLY_OUTSIDE_PROVED_DOMAIN,,numpy_complex128
8,256,55,R190,1.9,0.0,unsigned,none,2.892546841640429,0.0,2.892546841640429,-5.389417477926302,0.0,8.28196431956673,MEROMORPHIC_BENCHMARK_ONLY_OUTSIDE_PROVED_DOMAIN,,numpy_complex128
8,256,55,R200,2.0,0.0,unsigned,none,2.5662667438975193,0.0,2.5662667438975193,,,,PROVED_DIVERGENT_BOUNDARY_NO_FINITE_TARGET,,numpy_complex128
8,256,55,R2125,2.125,0.0,unsigned,none,2.248848939483957,0.0,2.248848939483957,5.56989105851767,0.0,3.321042119033713,PROVED_DIRICHLET_LIMIT_RE_GT_2,,numpy_complex128
8,256,55,R250,2.5,0.0,unsigned,none,1.6738498597653548,0.0,1.6738498597653548,1.9473724663169567,0.0,0.2735226065516019,PROVED_DIRICHLET_LIMIT_RE_GT_2,,numpy_complex128
8,256,55,R300,3.0,0.0,unsigned,none,1.3348008923975367,0.0,1.3348008923975367,1.3684327776202059,0.0,0.03363188522266913,PROVED_DIRICHLET_LIMIT_RE_GT_2,,numpy_complex128
8,256,55,R400,4.0,0.0,unsigned,none,1.1093570805136315,0.0,1.1093570805136315,1.1106265353261482,0.0,0.0012694548125167238,PROVED_DIRICHLET_LIMIT_RE_GT_2,,numpy_complex128
8,256,55,C160_3,1.6,3.0,unsigned,none,0.5593721158679362,-0.025525143726366245,0.559954191852176,0.7486185905344954,0.0039045763883858242,0.19152111267365088,MEROMORPHIC_BENCHMARK_ONLY_OUTSIDE_PROVED_DOMAIN,,numpy_complex128
8,256,55,C160_9,1.6,9.0,unsigned,none,1.224158200648588,0.07898817599980847,1.226703889356745,1.1523732409928538,0.0755511054279701,0.07186719618081114,MEROMORPHIC_BENCHMARK_ONLY_OUTSIDE_PROVED_DOMAIN,,numpy_complex128
8,256,55,C175_5,1.75,5.0,unsigned,none,0.8399863592578884,0.13715057172020992,0.8511094894680137,0.8975932589488682,0.1202477299745946,0.0600354974251394,MEROMORPHIC_BENCHMARK_ONLY_OUTSIDE_PROVED_DOMAIN,,numpy_complex128
8,256,55,C190_11,1.9,11.0,unsigned,none,1.1625118284320628,-0.10105598652647524,1.166895909521195,1.1745396812853477,-0.12160548563244583,0.02381073618699262,MEROMORPHIC_BENCHMARK_ONLY_OUTSIDE_PROVED_DOMAIN,,numpy_complex128
8,256,55,C225_1,2.25,1.0,unsigned,none,0.9587021083254559,-0.7160949605206957,1.1966209612867438,0.8693218510303373,-0.5056907193813052,0.2286017827655427,PROVED_DIRICHLET_LIMIT_RE_GT_2,,numpy_complex128
8,256,55,C225_7,2.25,7.0,unsigned,none,1.0314325525327255,0.09391843347544201,1.035699658477618,1.0219620306225508,0.10923921750792362,0.018011585399987498,PROVED_DIRICHLET_LIMIT_RE_GT_2,,numpy_complex128
8,256,55,C275_3,2.75,3.0,unsigned,none,0.8665370825602935,-0.04144703926057824,0.8675277358768265,0.8655320884182494,-0.04500006655251698,0.0036924268662770553,PROVED_DIRICHLET_LIMIT_RE_GT_2,,numpy_complex128
8,256,55,C325_11,3.25,11.0,unsigned,none,1.057826446005988,-0.07234426737382534,1.0602973558825444,1.0585578233592894,-0.07334211171773833,0.0012371766921507941,PROVED_DIRICHLET_LIMIT_RE_GT_2,,numpy_complex128
8,256,55,R160,1.6,0.0,liouville,none,-0.3924690801704478,0.0,0.3924690801704478,-5.609872316590871,0.0,5.217403236420424,ANALYTIC_CONTINUATION_BENCHMARK_CONDITIONAL_REGION,,numpy_complex128
8,256,55,R175,1.75,0.0,liouville,none,-0.07529610691745584,0.0,0.07529610691745584,-1.3220972148887582,0.0,1.2468011079713024,ANALYTIC_CONTINUATION_BENCHMARK_CONDITIONAL_REGION,,numpy_complex128
8,256,55,R190,1.9,0.0,liouville,none,0.15427373010808776,0.0,0.15427373010808776,-0.31821603673688553,0.0,0.4724897668449733,ANALYTIC_CONTINUATION_BENCHMARK_CONDITIONAL_REGION,,numpy_complex128
8,256,55,R200,2.0,0.0,liouville,none,0.27255252015428283,0.0,0.27255252015428283,0.0,0.0,0.27255252015428283,BOUNDARY_VALUE_BENCHMARK_NO_CONVERGENCE_CLAIM,,numpy_complex128
8,256,55,R2125,2.125,0.0,liouville,none,0.39150263252279066,0.0,0.39150263252279066,0.24571032077518914,0.0,0.14579231174760152,PROVED_DIRICHLET_LIMIT_RE_GT_2,,numpy_complex128
8,256,55,R250,2.5,0.0,liouville,none,0.6235177429700425,0.0,0.6235177429700425,0.595288513077927,0.0,0.028229229892115515,PROVED_DIRICHLET_LIMIT_RE_GT_2,,numpy_complex128
8,256,55,R300,3.0,0.0,liouville,none,0.7816538326632807,0.0,0.7816538326632807,0.7774385747283037,0.0,0.0042152579349770125,PROVED_DIRICHLET_LIMIT_RE_GT_2,,numpy_complex128
8,256,55,R400,4.0,0.0,liouville,none,0.9124315202912339,0.0,0.9124315202912339,0.9122885184134706,0.0,0.00014300187776328244,PROVED_DIRICHLET_LIMIT_RE_GT_2,,numpy_complex128
8,256,55,C160_3,1.6,3.0,liouville,none,1.303930750474156,0.22092984384657094,1.3225148006484335,1.253187450727632,0.22713045832151119,0.051120740302077236,ANALYTIC_CONTINUATION_BENCHMARK_CONDITIONAL_REGION,,numpy_complex128
8,256,55,C160_9,1.6,9.0,liouville,none,1.2976781837637177,-0.15143857539678693,1.3064847150787908,1.2972871362768856,-0.1489893400747726,0.0024802563979476563,ANALYTIC_CONTINUATION_BENCHMARK_CONDITIONAL_REGION,,numpy_complex128
8,256,55,C175_5,1.75,5.0,liouville,none,1.3452395618511392,-0.2540244263909091,1.3690134725314707,1.3018741815736319,-0.22726082508657916,0.05095926374458285,ANALYTIC_CONTINUATION_BENCHMARK_CONDITIONAL_REGION,,numpy_complex128
8,256,55,C190_11,1.9,11.0,liouville,none,0.7383335745124309,0.13385830290378492,0.7503695839441953,0.7358088392231449,0.15006350731843446,0.016400699326600158,ANALYTIC_CONTINUATION_BENCHMARK_CONDITIONAL_REGION,,numpy_complex128
8,256,55,C225_1,2.25,1.0,liouville,none,0.8656275036394141,0.36662861848061784,0.9400678267795416,0.8910861210873188,0.3344518483849842,0.041030302657255886,PROVED_DIRICHLET_LIMIT_RE_GT_2,,numpy_complex128
8,256,55,C225_7,2.25,7.0,liouville,none,0.8122285393247344,-0.06896052583461171,0.8151507555151855,0.8014341670953269,-0.07430516704345921,0.012045067931660432,PROVED_DIRICHLET_LIMIT_RE_GT_2,,numpy_complex128
8,256,55,C275_3,2.75,3.0,liouville,none,1.1234576456232785,0.1122049445012464,1.1290469569862576,1.1243378104343127,0.11352204428068285,0.0015841218146261079,PROVED_DIRICHLET_LIMIT_RE_GT_2,,numpy_complex128
8,256,55,C325_11,3.25,11.0,liouville,none,0.9164378663355368,0.0547177489489893,0.9180699292012977,0.916562185840334,0.056044041325188323,0.001332106154342314,PROVED_DIRICHLET_LIMIT_RE_GT_2,,numpy_complex128
8,256,55,R160,1.6,0.0,mobius,none,-0.5901695904653704,0.0,0.5901695904653704,,,,CONTROL_NO_ANALYTIC_TARGET,,numpy_complex128
8,256,55,R175,1.75,0.0,mobius,none,-0.24059273564664566,0.0,0.24059273564664566,,,,CONTROL_NO_ANALYTIC_TARGET,,numpy_complex128
8,256,55,R190,1.9,0.0,mobius,none,0.017447689423609632,0.0,0.017447689423609632,,,,CONTROL_NO_ANALYTIC_TARGET,,numpy_complex128
8,256,55,R200,2.0,0.0,mobius,none,0.15239245278989322,0.0,0.15239245278989322,,,,CONTROL_NO_ANALYTIC_TARGET,,numpy_complex128
8,256,55,R2125,2.125,0.0,mobius,none,0.2896667248846866,0.0,0.2896667248846866,,,,CONTROL_NO_ANALYTIC_TARGET,,numpy_complex128
8,256,55,R250,2.5,0.0,mobius,none,0.5622927930802197,0.0,0.5622927930802197,,,,CONTROL_NO_ANALYTIC_TARGET,,numpy_complex128
8,256,55,R300,3.0,0.0,mobius,none,0.7509569368154141,0.0,0.7509569368154141,,,,CONTROL_NO_ANALYTIC_TARGET,,numpy_complex128
8,256,55,R400,4.0,0.0,mobius,none,0.9047518595293172,0.0,0.9047518595293172,,,,CONTROL_NO_ANALYTIC_TARGET,,numpy_complex128
8,256,55,C160_3,1.6,3.0,mobius,none,1.3816404738548422,0.1015003516415463,1.3853637502032419,,,,CONTROL_NO_ANALYTIC_TARGET,,numpy_complex128
8,256,55,C160_9,1.6,9.0,mobius,none,1.0766592346889152,-0.047619938616142554,1.077711819641376,,,,CONTROL_NO_ANALYTIC_TARGET,,numpy_complex128
8,256,55,C175_5,1.75,5.0,mobius,none,1.146027126308309,-0.1696623168777965,1.1585177927001478,,,,CONTROL_NO_ANALYTIC_TARGET,,numpy_complex128
8,256,55,C190_11,1.9,11.0,mobius,none,0.7846325164964199,0.12721100723964904,0.7948778687989939,,,,CONTROL_NO_ANALYTIC_TARGET,,numpy_complex128
8,256,55,C225_1,2.25,1.0,mobius,none,0.8497244202100305,0.45394351147541145,0.9633775489972244,,,,CONTROL_NO_ANALYTIC_TARGET,,numpy_complex128
8,256,55,C225_7,2.25,7.0,mobius,none,0.9159004564562686,-0.1084117749597188,0.9222942909325189,,,,CONTROL_NO_ANALYTIC_TARGET,,numpy_complex128
8,256,55,C275_3,2.75,3.0,mobius,none,1.146471115596963,0.07897763383554188,1.1491881854354429,,,,CONTROL_NO_ANALYTIC_TARGET,,numpy_complex128
8,256,55,C325_11,3.25,11.0,mobius,none,0.9305022600347047,0.06270259712381852,0.9326124981018457,,,,CONTROL_NO_ANALYTIC_TARGET,,numpy_complex128
8,256,55,R160,1.6,0.0,symbolic_parity,none,0.5582003289019788,0.0,0.5582003289019788,,,,CONTROL_NO_ANALYTIC_TARGET,,numpy_complex128
8,256,55,R175,1.75,0.0,symbolic_parity,none,0.6059897649847863,0.0,0.6059897649847863,,,,CONTROL_NO_ANALYTIC_TARGET,,numpy_complex128
8,256,55,R190,1.9,0.0,symbolic_parity,none,0.6492878837621331,0.0,0.6492878837621331,,,,CONTROL_NO_ANALYTIC_TARGET,,numpy_complex128
8,256,55,R200,2.0,0.0,symbolic_parity,none,0.6757222353155533,0.0,0.6757222353155533,,,,CONTROL_NO_ANALYTIC_TARGET,,numpy_complex128
8,256,55,R2125,2.125,0.0,symbolic_parity,none,0.7061496326847929,0.0,0.7061496326847929,,,,CONTROL_NO_ANALYTIC_TARGET,,numpy_complex128
8,256,55,R250,2.5,0.0,symbolic_parity,none,0.7816827125103436,0.0,0.7816827125103436,,,,CONTROL_NO_ANALYTIC_TARGET,,numpy_complex128
8,256,55,R300,3.0,0.0,symbolic_parity,none,0.8527638864418854,0.0,0.8527638864418854,,,,CONTROL_NO_ANALYTIC_TARGET,,numpy_complex128
8,256,55,R400,4.0,0.0,symbolic_parity,none,0.931512529888228,0.0,0.931512529888228,,,,CONTROL_NO_ANALYTIC_TARGET,,numpy_complex128
8,256,55,C160_3,1.6,3.0,symbolic_parity,none,1.2883358857507754,0.07558120707302385,1.2905509960384558,,,,CONTROL_NO_ANALYTIC_TARGET,,numpy_complex128
8,256,55,C160_9,1.6,9.0,symbolic_parity,none,0.5512334111178077,-0.35610558185208074,0.6562541115747641,,,,CONTROL_NO_ANALYTIC_TARGET,,numpy_complex128
8,256,55,C175_5,1.75,5.0,symbolic_parity,none,1.2766923711215776,-0.05050639214310382,1.2776910057315694,,,,CONTROL_NO_ANALYTIC_TARGET,,numpy_complex128
8,256,55,C190_11,1.9,11.0,symbolic_parity,none,1.1506065270559729,0.4396777578697787,1.2317515621541557,,,,CONTROL_NO_ANALYTIC_TARGET,,numpy_complex128
8,256,55,C225_1,2.25,1.0,symbolic_parity,none,0.8162330806205893,0.19216842702546105,0.838549429816047,,,,CONTROL_NO_ANALYTIC_TARGET,,numpy_complex128
8,256,55,C225_7,2.25,7.0,symbolic_parity,none,1.0272998551758243,-0.17231144465267462,1.0416507218845295,,,,CONTROL_NO_ANALYTIC_TARGET,,numpy_complex128
8,256,55,C275_3,2.75,3.0,symbolic_parity,none,1.0922121536734946,0.0989137991622082,1.0966819631492053,,,,CONTROL_NO_ANALYTIC_TARGET,,numpy_complex128
8,256,55,C325_11,3.25,11.0,symbolic_parity,none,0.9997964597402846,0.1259208273793951,1.007694902079552,,,,CONTROL_NO_ANALYTIC_TARGET,,numpy_complex128
8,256,55,R160,1.6,0.0,random_state_sign,2026081201,-1.4146955181015644,0.0,1.4146955181015644,,,,CONTROL_NO_ANALYTIC_TARGET,,numpy_complex128
8,256,55,R175,1.75,0.0,random_state_sign,2026081201,-1.3691125639787627,0.0,1.3691125639787627,,,,CONTROL_NO_ANALYTIC_TARGET,,numpy_complex128
8,256,55,R190,1.9,0.0,random_state_sign,2026081201,-1.3288756457729418,0.0,1.3288756457729418,,,,CONTROL_NO_ANALYTIC_TARGET,,numpy_complex128
8,256,55,R200,2.0,0.0,random_state_sign,2026081201,-1.3045135476764418,0.0,1.3045135476764418,,,,CONTROL_NO_ANALYTIC_TARGET,,numpy_complex128
8,256,55,R2125,2.125,0.0,random_state_sign,2026081201,-1.2765101335616098,0.0,1.2765101335616098,,,,CONTROL_NO_ANALYTIC_TARGET,,numpy_complex128
8,256,55,R250,2.5,0.0,random_state_sign,2026081201,-1.206667977309423,0.0,1.206667977309423,,,,CONTROL_NO_ANALYTIC_TARGET,,numpy_complex128
8,256,55,R300,3.0,0.0,random_state_sign,2026081201,-1.140226001326939,0.0,1.140226001326939,,,,CONTROL_NO_ANALYTIC_TARGET,,numpy_complex128
8,256,55,R400,4.0,0.0,random_state_sign,2026081201,-1.065940614518687,0.0,1.065940614518687,,,,CONTROL_NO_ANALYTIC_TARGET,,numpy_complex128
8,256,55,C160_3,1.6,3.0,random_state_sign,2026081201,-0.8213545134406272,-0.0917973997693024,0.8264683898091291,,,,CONTROL_NO_ANALYTIC_TARGET,,numpy_complex128
8,256,55,C160_9,1.6,9.0,random_state_sign,2026081201,-1.114473507691749,-0.1357041860355836,1.1227051373599084,,,,CONTROL_NO_ANALYTIC_TARGET,,numpy_complex128
8,256,55,C175_5,1.75,5.0,random_state_sign,2026081201,-0.5971573169541777,0.033813906732794954,0.5981139034334902,,,,CONTROL_NO_ANALYTIC_TARGET,,numpy_complex128
8,256,55,C190_11,1.9,11.0,random_state_sign,2026081201,-1.064858327389131,0.28693549601426377,1.1028396240083729,,,,CONTROL_NO_ANALYTIC_TARGET,,numpy_complex128
8,256,55,C225_1,2.25,1.0,random_state_sign,2026081201,-1.1779517914686695,0.1809146814593827,1.1917636279866062,,,,CONTROL_NO_ANALYTIC_TARGET,,numpy_complex128
8,256,55,C225_7,2.25,7.0,random_state_sign,2026081201,-1.086257126051513,-0.2636288176097614,1.1177900953989588,,,,CONTROL_NO_ANALYTIC_TARGET,,numpy_complex128
8,256,55,C275_3,2.75,3.0,random_state_sign,2026081201,-0.9304076978529512,0.09200948031741145,0.934946110047156,,,,CONTROL_NO_ANALYTIC_TARGET,,numpy_complex128
8,256,55,C325_11,3.25,11.0,random_state_sign,2026081201,-1.0248041475963212,0.10126568117029307,1.0297952607744445,,,,CONTROL_NO_ANALYTIC_TARGET,,numpy_complex128
8,256,55,R160,1.6,0.0,random_state_sign,2026081202,1.0905962608726123,0.0,1.0905962608726123,,,,CONTROL_NO_ANALYTIC_TARGET,,numpy_complex128
8,256,55,R175,1.75,0.0,random_state_sign,2026081202,1.0552212411446853,0.0,1.0552212411446853,,,,CONTROL_NO_ANALYTIC_TARGET,,numpy_complex128
8,256,55,R190,1.9,0.0,random_state_sign,2026081202,1.0261594504155382,0.0,1.0261594504155382,,,,CONTROL_NO_ANALYTIC_TARGET,,numpy_complex128
8,256,55,R200,2.0,0.0,random_state_sign,2026081202,1.0102930979732136,0.0,1.0102930979732136,,,,CONTROL_NO_ANALYTIC_TARGET,,numpy_complex128
8,256,55,R2125,2.125,0.0,random_state_sign,2026081202,0.9940775534115084,0.0,0.9940775534115084,,,,CONTROL_NO_ANALYTIC_TARGET,,numpy_complex128
8,256,55,R250,2.5,0.0,random_state_sign,2026081202,0.9646270577141542,0.0,0.9646270577141542,,,,CONTROL_NO_ANALYTIC_TARGET,,numpy_complex128
8,256,55,R300,3.0,0.0,random_state_sign,2026081202,0.9530141204229091,0.0,0.9530141204229091,,,,CONTROL_NO_ANALYTIC_TARGET,,numpy_complex128
8,256,55,R400,4.0,0.0,random_state_sign,2026081202,0.9623902888101842,0.0,0.9623902888101842,,,,CONTROL_NO_ANALYTIC_TARGET,,numpy_complex128
8,256,55,C160_3,1.6,3.0,random_state_sign,2026081202,0.9669039502928396,0.218969341263033,0.9913883303252388,,,,CONTROL_NO_ANALYTIC_TARGET,,numpy_complex128
8,256,55,C160_9,1.6,9.0,random_state_sign,2026081202,0.6550733617981351,0.10788624428540385,0.6638979974691295,,,,CONTROL_NO_ANALYTIC_TARGET,,numpy_complex128
8,256,55,C175_5,1.75,5.0,random_state_sign,2026081202,1.4266212695182332,0.23721342366240183,1.4462083027722712,,,,CONTROL_NO_ANALYTIC_TARGET,,numpy_complex128
8,256,55,C190_11,1.9,11.0,random_state_sign,2026081202,1.0715697720229342,0.47227616697841657,1.1710279903610794,,,,CONTROL_NO_ANALYTIC_TARGET,,numpy_complex128
8,256,55,C225_1,2.25,1.0,random_state_sign,2026081202,0.8975806259709014,-0.03906130171898068,0.8984301672418933,,,,CONTROL_NO_ANALYTIC_TARGET,,numpy_complex128
8,256,55,C225_7,2.25,7.0,random_state_sign,2026081202,0.946342034282685,-0.43371179249709185,1.0409943154510168,,,,CONTROL_NO_ANALYTIC_TARGET,,numpy_complex128
8,256,55,C275_3,2.75,3.0,random_state_sign,2026081202,0.9881191579151876,0.13570813147135766,0.9973946897725426,,,,CONTROL_NO_ANALYTIC_TARGET,,numpy_complex128
8,256,55,C325_11,3.25,11.0,random_state_sign,2026081202,1.0187767897110884,0.13538980163865494,1.0277336939313537,,,,CONTROL_NO_ANALYTIC_TARGET,,numpy_complex128
8,256,55,R160,1.6,0.0,random_state_sign,2026081203,1.492087744714456,0.0,1.492087744714456,,,,CONTROL_NO_ANALYTIC_TARGET,,numpy_complex128
8,256,55,R175,1.75,0.0,random_state_sign,2026081203,1.4439756076026717,0.0,1.4439756076026717,,,,CONTROL_NO_ANALYTIC_TARGET,,numpy_complex128
8,256,55,R190,1.9,0.0,random_state_sign,2026081203,1.395923804356726,0.0,1.395923804356726,,,,CONTROL_NO_ANALYTIC_TARGET,,numpy_complex128
8,256,55,R200,2.0,0.0,random_state_sign,2026081203,1.365328579426139,0.0,1.365328579426139,,,,CONTROL_NO_ANALYTIC_TARGET,,numpy_complex128
8,256,55,R2125,2.125,0.0,random_state_sign,2026081203,1.3294445938755222,0.0,1.3294445938755222,,,,CONTROL_NO_ANALYTIC_TARGET,,numpy_complex128
8,256,55,R250,2.5,0.0,random_state_sign,2026081203,1.2396372860967562,0.0,1.2396372860967562,,,,CONTROL_NO_ANALYTIC_TARGET,,numpy_complex128
8,256,55,R300,3.0,0.0,random_state_sign,2026081203,1.1571013279976186,0.0,1.1571013279976186,,,,CONTROL_NO_ANALYTIC_TARGET,,numpy_complex128
8,256,55,R400,4.0,0.0,random_state_sign,2026081203,1.0704814942710648,0.0,1.0704814942710648,,,,CONTROL_NO_ANALYTIC_TARGET,,numpy_complex128
8,256,55,C160_3,1.6,3.0,random_state_sign,2026081203,0.8522582614500768,-0.0884208394314994,0.8568327660959741,,,,CONTROL_NO_ANALYTIC_TARGET,,numpy_complex128
8,256,55,C160_9,1.6,9.0,random_state_sign,2026081203,1.5375610893632532,-0.15560008641859066,1.5454143426335174,,,,CONTROL_NO_ANALYTIC_TARGET,,numpy_complex128
8,256,55,C175_5,1.75,5.0,random_state_sign,2026081203,0.8564001300912711,0.09469214695363332,0.8616192810720026,,,,CONTROL_NO_ANALYTIC_TARGET,,numpy_complex128
8,256,55,C190_11,1.9,11.0,random_state_sign,2026081203,1.0064919804224532,-0.3278779480954774,1.058550922488858,,,,CONTROL_NO_ANALYTIC_TARGET,,numpy_complex128
8,256,55,C225_1,2.25,1.0,random_state_sign,2026081203,1.1844542855663482,-0.23005828426394812,1.2065897267733385,,,,CONTROL_NO_ANALYTIC_TARGET,,numpy_complex128
8,256,55,C225_7,2.25,7.0,random_state_sign,2026081203,0.9036806569892081,0.23622887012932545,0.9340464704173045,,,,CONTROL_NO_ANALYTIC_TARGET,,numpy_complex128
8,256,55,C275_3,2.75,3.0,random_state_sign,2026081203,0.9115359186225432,-0.09262535785247705,0.9162298771904043,,,,CONTROL_NO_ANALYTIC_TARGET,,numpy_complex128
8,256,55,C325_11,3.25,11.0,random_state_sign,2026081203,1.0078320735723052,-0.11127658391239274,1.0139565901202399,,,,CONTROL_NO_ANALYTIC_TARGET,,numpy_complex128
10,1024,144,R160,1.6,0.0,unsigned,none,5.86268778682474,0.0,5.86268778682474,-0.8542701806849421,0.0,6.716957967509682,MEROMORPHIC_BENCHMARK_ONLY_OUTSIDE_PROVED_DOMAIN,1.371853340146517,numpy_complex128
10,1024,144,R175,1.75,0.0,unsigned,none,4.336640572997136,0.0,4.336640572997136,-1.753681974672427,0.0,6.0903225476695635,MEROMORPHIC_BENCHMARK_ONLY_OUTSIDE_PROVED_DOMAIN,0.7879369473143876,numpy_complex128
10,1024,144,R190,1.9,0.0,unsigned,none,3.348920954612172,0.0,3.348920954612172,-5.389417477926302,0.0,8.738338432538473,MEROMORPHIC_BENCHMARK_ONLY_OUTSIDE_PROVED_DOMAIN,0.4563741129717429,numpy_complex128
10,1024,144,R200,2.0,0.0,unsigned,none,2.8849235730172804,0.0,2.8849235730172804,,,,PROVED_DIVERGENT_BOUNDARY_NO_FINITE_TARGET,0.3186568291197611,numpy_complex128
10,1024,144,R2125,2.125,0.0,unsigned,none,2.453397129071296,0.0,2.453397129071296,5.56989105851767,0.0,3.116493929446374,PROVED_DIRICHLET_LIMIT_RE_GT_2,0.2045481895873391,numpy_complex128
10,1024,144,R250,2.5,0.0,unsigned,none,1.7301455102976249,0.0,1.7301455102976249,1.9473724663169567,0.0,0.21722695601933184,PROVED_DIRICHLET_LIMIT_RE_GT_2,0.056295650532270036,numpy_complex128
10,1024,144,R300,3.0,0.0,unsigned,none,1.3459034442869586,0.0,1.3459034442869586,1.3684327776202059,0.0,0.022529333333247248,PROVED_DIRICHLET_LIMIT_RE_GT_2,0.011102551889421886,numpy_complex128
10,1024,144,R400,4.0,0.0,unsigned,none,1.1099474509102334,0.0,1.1099474509102334,1.1106265353261482,0.0,0.0006790844159147991,PROVED_DIRICHLET_LIMIT_RE_GT_2,0.0005903703966019247,numpy_complex128
10,1024,144,C160_3,1.6,3.0,unsigned,none,0.8645835880429381,0.21888873907914838,0.8918615704294364,0.7486185905344954,0.0039045763883858242,0.2442663932164664,MEROMORPHIC_BENCHMARK_ONLY_OUTSIDE_PROVED_DOMAIN,0.3910143077373254,numpy_complex128
10,1024,144,C160_9,1.6,9.0,unsigned,none,1.1418860405470677,0.041984279249322014,1.1426576080787914,1.1523732409928538,0.0755511054279701,0.03516693323134206,MEROMORPHIC_BENCHMARK_ONLY_OUTSIDE_PROVED_DOMAIN,0.09021084581407529,numpy_complex128
10,1024,144,C175_5,1.75,5.0,unsigned,none,0.8480903017001173,0.12663955008276928,0.8574932859696117,0.8975932589488682,0.1202477299745946,0.04991390728711711,MEROMORPHIC_BENCHMARK_ONLY_OUTSIDE_PROVED_DOMAIN,0.01327235694854927,numpy_complex128
10,1024,144,C190_11,1.9,11.0,unsigned,none,1.2056981167201692,-0.11121559629083323,1.2108166077160027,1.1745396812853477,-0.12160548563244583,0.03284505897813092,MEROMORPHIC_BENCHMARK_ONLY_OUTSIDE_PROVED_DOMAIN,0.04436522474492244,numpy_complex128
10,1024,144,C225_1,2.25,1.0,unsigned,none,0.8588351310630512,-0.6805222680143393,1.0957683786327606,0.8693218510303373,-0.5056907193813052,0.1751457726954815,PROVED_DIRICHLET_LIMIT_RE_GT_2,0.10601334632809885,numpy_complex128
10,1024,144,C225_7,2.25,7.0,unsigned,none,1.0097332208709597,0.10247628939817503,1.0149199806976217,1.0219620306225508,0.10923921750792362,0.013974297283163658,PROVED_DIRICHLET_LIMIT_RE_GT_2,0.023325906039456768,numpy_complex128
10,1024,144,C275_3,2.75,3.0,unsigned,none,0.8682467144994603,-0.040940596446453974,0.8692114182846995,0.8655320884182494,-0.04500006655251698,0.004883491814553403,PROVED_DIRICHLET_LIMIT_RE_GT_2,0.0017830663732451154,numpy_complex128
10,1024,144,C325_11,3.25,11.0,unsigned,none,1.0594625366849624,-0.07320078415236403,1.0619883339469678,1.0585578233592894,-0.07334211171773833,0.0009156853621113032,PROVED_DIRICHLET_LIMIT_RE_GT_2,0.0018467305438923372,numpy_complex128
10,1024,144,R160,1.6,0.0,liouville,none,-0.628933866551942,0.0,0.628933866551942,-5.609872316590871,0.0,4.980938450038929,ANALYTIC_CONTINUATION_BENCHMARK_CONDITIONAL_REGION,0.23646478638149415,numpy_complex128
10,1024,144,R175,1.75,0.0,liouville,none,-0.2098014195214779,0.0,0.2098014195214779,-1.3220972148887582,0.0,1.1122957953672803,ANALYTIC_CONTINUATION_BENCHMARK_CONDITIONAL_REGION,0.13450531260402207,numpy_complex128
10,1024,144,R190,1.9,0.0,liouville,none,0.07740134748792551,0.0,0.07740134748792551,-0.31821603673688553,0.0,0.3956173842248111,ANALYTIC_CONTINUATION_BENCHMARK_CONDITIONAL_REGION,0.07687238262016224,numpy_complex128
10,1024,144,R200,2.0,0.0,liouville,none,0.21948311730814968,0.0,0.21948311730814968,0.0,0.0,0.21948311730814968,BOUNDARY_VALUE_BENCHMARK_NO_CONVERGENCE_CLAIM,0.05306940284613315,numpy_complex128
10,1024,144,R2125,2.125,0.0,liouville,none,0.35802595788196984,0.0,0.35802595788196984,0.24571032077518914,0.0,0.11231563710678069,PROVED_DIRICHLET_LIMIT_RE_GT_2,0.033476674640820825,numpy_complex128
10,1024,144,R250,2.5,0.0,liouville,none,0.6150166761075239,0.0,0.6150166761075239,0.595288513077927,0.0,0.0197281630295969,PROVED_DIRICHLET_LIMIT_RE_GT_2,0.008501066862518614,numpy_complex128
10,1024,144,R300,3.0,0.0,liouville,none,0.7802898579275254,0.0,0.7802898579275254,0.7774385747283037,0.0,0.002851283199221677,PROVED_DIRICHLET_LIMIT_RE_GT_2,0.0013639747357553356,numpy_complex128
10,1024,144,R400,4.0,0.0,liouville,none,0.9124137274250271,0.0,0.9124137274250271,0.9122885184134706,0.0,0.0001252090115565485,PROVED_DIRICHLET_LIMIT_RE_GT_2,1.7792866206733926e-05,numpy_complex128
10,1024,144,C160_3,1.6,3.0,liouville,none,1.26468681115067,0.2099453381512385,1.2819944521369382,1.253187450727632,0.22713045832151119,0.02067761217852888,ANALYTIC_CONTINUATION_BENCHMARK_CONDITIONAL_REGION,0.04075225317692561,numpy_complex128
10,1024,144,C160_9,1.6,9.0,liouville,none,1.2492575673138164,-0.09937035811544633,1.2532034701367638,1.2972871362768856,-0.1489893400747726,0.06905709858847363,ANALYTIC_CONTINUATION_BENCHMARK_CONDITIONAL_REGION,0.07110313177522734,numpy_complex128
10,1024,144,C175_5,1.75,5.0,liouville,none,1.3250008686838857,-0.19723352849237683,1.3396000771777392,1.3018741815736319,-0.22726082508657916,0.03790095246101045,ANALYTIC_CONTINUATION_BENCHMARK_CONDITIONAL_REGION,0.060289391979350355,numpy_complex128
10,1024,144,C190_11,1.9,11.0,liouville,none,0.7268786170406851,0.12499039275192311,0.7375466915329897,0.7358088392231449,0.15006350731843446,0.026615971563959482,ANALYTIC_CONTINUATION_BENCHMARK_CONDITIONAL_REGION,0.014486403319699383,numpy_complex128
10,1024,144,C225_1,2.25,1.0,liouville,none,0.8830878804434383,0.35770644772520926,0.9527843970858635,0.8910861210873188,0.3344518483849842,0.024591629548930193,PROVED_DIRICHLET_LIMIT_RE_GT_2,0.019607903741276772,numpy_complex128
10,1024,144,C225_7,2.25,7.0,liouville,none,0.7956997733986475,-0.06358419858978506,0.7982362305088414,0.8014341670953269,-0.07430516704345921,0.012158225020667802,PROVED_DIRICHLET_LIMIT_RE_GT_2,0.01738116790330373,numpy_complex128
10,1024,144,C275_3,2.75,3.0,liouville,none,1.1253501337786704,0.11296461052565106,1.131005714763141,1.1243378104343127,0.11352204428068285,0.0011556517402662887,PROVED_DIRICHLET_LIMIT_RE_GT_2,0.0020392655263435835,numpy_complex128
10,1024,144,C325_11,3.25,11.0,liouville,none,0.9164359424267537,0.05521553997031415,0.9180978120145074,0.916562185840334,0.056044041325188323,0.0008380643737212175,PROVED_DIRICHLET_LIMIT_RE_GT_2,0.000497794739161275,numpy_complex128
10,1024,144,R160,1.6,0.0,mobius,none,-0.7778985558777574,0.0,0.7778985558777574,,,,CONTROL_NO_ANALYTIC_TARGET,0.18772896541238693,numpy_complex128
10,1024,144,R175,1.75,0.0,mobius,none,-0.34928932410610875,0.0,0.34928932410610875,,,,CONTROL_NO_ANALYTIC_TARGET,0.10869658845946309,numpy_complex128
10,1024,144,R190,1.9,0.0,mobius,none,-0.04579453893832831,0.0,0.04579453893832831,,,,CONTROL_NO_ANALYTIC_TARGET,0.06324222836193794,numpy_complex128
10,1024,144,R200,2.0,0.0,mobius,none,0.1082091763982901,0.0,0.1082091763982901,,,,CONTROL_NO_ANALYTIC_TARGET,0.04418327639160312,numpy_complex128
10,1024,144,R2125,2.125,0.0,mobius,none,0.2613785720708407,0.0,0.2613785720708407,,,,CONTROL_NO_ANALYTIC_TARGET,0.02828815281384589,numpy_complex128
10,1024,144,R250,2.5,0.0,mobius,none,0.5547891427823314,0.0,0.5547891427823314,,,,CONTROL_NO_ANALYTIC_TARGET,0.0075036502978883535,numpy_complex128
10,1024,144,R300,3.0,0.0,mobius,none,0.7496852140955343,0.0,0.7496852140955343,,,,CONTROL_NO_ANALYTIC_TARGET,0.001271722719879742,numpy_complex128
10,1024,144,R400,4.0,0.0,mobius,none,0.9047322906198781,0.0,0.9047322906198781,,,,CONTROL_NO_ANALYTIC_TARGET,1.9568909439104942e-05,numpy_complex128
10,1024,144,C160_3,1.6,3.0,mobius,none,1.370500924913296,0.11516974297156321,1.3753315436229678,,,,CONTROL_NO_ANALYTIC_TARGET,0.017633542183981218,numpy_complex128
10,1024,144,C160_9,1.6,9.0,mobius,none,1.0473137188238175,-0.00601821243701998,1.0473310100047222,,,,CONTROL_NO_ANALYTIC_TARGET,0.0509103419991596,numpy_complex128
10,1024,144,C175_5,1.75,5.0,mobius,none,1.1456201524954672,-0.09712915545771099,1.149730232116937,,,,CONTROL_NO_ANALYTIC_TARGET,0.07253430314876211,numpy_complex128
10,1024,144,C190_11,1.9,11.0,mobius,none,0.7864574120154036,0.1286244897868633,0.7969062179998957,,,,CONTROL_NO_ANALYTIC_TARGET,0.002308284333977611,numpy_complex128
10,1024,144,C225_1,2.25,1.0,mobius,none,0.8656467116101954,0.4481472977681202,0.9747718860422745,,,,CONTROL_NO_ANALYTIC_TARGET,0.016944481602349355,numpy_complex128
10,1024,144,C225_7,2.25,7.0,mobius,none,0.9048000875504344,-0.10307124359217089,0.9106518981954138,,,,CONTROL_NO_ANALYTIC_TARGET,0.012318257390287567,numpy_complex128
10,1024,144,C275_3,2.75,3.0,mobius,none,1.148861291872702,0.08027079382392689,1.1516621328777537,,,,CONTROL_NO_ANALYTIC_TARGET,0.002717573436848677,numpy_complex128
10,1024,144,C325_11,3.25,11.0,mobius,none,0.9307268126100916,0.06321279650110154,0.932870975726456,,,,CONTROL_NO_ANALYTIC_TARGET,0.0005574291557613946,numpy_complex128
10,1024,144,R160,1.6,0.0,symbolic_parity,none,0.5466382609593005,0.0,0.5466382609593005,,,,CONTROL_NO_ANALYTIC_TARGET,0.011562067942678333,numpy_complex128
10,1024,144,R175,1.75,0.0,symbolic_parity,none,0.59643800272526,0.0,0.59643800272526,,,,CONTROL_NO_ANALYTIC_TARGET,0.009551762259526253,numpy_complex128
10,1024,144,R190,1.9,0.0,symbolic_parity,none,0.641544018977582,0.0,0.641544018977582,,,,CONTROL_NO_ANALYTIC_TARGET,0.0077438647845511355,numpy_complex128
10,1024,144,R200,2.0,0.0,symbolic_parity,none,0.669049918778524,0.0,0.669049918778524,,,,CONTROL_NO_ANALYTIC_TARGET,0.006672316537029266,numpy_complex128
10,1024,144,R2125,2.125,0.0,symbolic_parity,none,0.700660056733582,0.0,0.700660056733582,,,,CONTROL_NO_ANALYTIC_TARGET,0.005489575951210912,numpy_complex128
10,1024,144,R250,2.5,0.0,symbolic_parity,none,0.7787725375638168,0.0,0.7787725375638168,,,,CONTROL_NO_ANALYTIC_TARGET,0.002910174946526789,numpy_complex128
10,1024,144,R300,3.0,0.0,symbolic_parity,none,0.8516176218584924,0.0,0.8516176218584924,,,,CONTROL_NO_ANALYTIC_TARGET,0.001146264583392953,numpy_complex128
10,1024,144,R400,4.0,0.0,symbolic_parity,none,0.9313636196560651,0.0,0.9313636196560651,,,,CONTROL_NO_ANALYTIC_TARGET,0.0001489102321629021,numpy_complex128
10,1024,144,C160_3,1.6,3.0,symbolic_parity,none,1.2121401399277698,0.04315785531545133,1.212908207285095,,,,CONTROL_NO_ANALYTIC_TARGET,0.0828073995529346,numpy_complex128
10,1024,144,C160_9,1.6,9.0,symbolic_parity,none,0.6011065602802294,-0.2403929434881058,0.6473931294745139,,,,CONTROL_NO_ANALYTIC_TARGET,0.1260029590308466,numpy_complex128
10,1024,144,C175_5,1.75,5.0,symbolic_parity,none,1.2213389824481038,-0.12148812457388279,1.2273663978046037,,,,CONTROL_NO_ANALYTIC_TARGET,0.09001335443428025,numpy_complex128
10,1024,144,C190_11,1.9,11.0,symbolic_parity,none,1.1458535110553245,0.4650200459615326,1.2366179328894922,,,,CONTROL_NO_ANALYTIC_TARGET,0.02578415650797738,numpy_complex128
10,1024,144,C225_1,2.25,1.0,symbolic_parity,none,0.8171635695803512,0.19772326903302176,0.84074418854156,,,,CONTROL_NO_ANALYTIC_TARGET,0.005632235740201205,numpy_complex128
10,1024,144,C225_7,2.25,7.0,symbolic_parity,none,1.033937110394217,-0.17677349080608173,1.0489398530431147,,,,CONTROL_NO_ANALYTIC_TARGET,0.007997687960230485,numpy_complex128
10,1024,144,C275_3,2.75,3.0,symbolic_parity,none,1.0879080994831154,0.09934439409718178,1.092434593721519,,,,CONTROL_NO_ANALYTIC_TARGET,0.0043255397896384325,numpy_complex128
10,1024,144,C325_11,3.25,11.0,symbolic_parity,none,0.9990686907637795,0.12648376294105296,1.0070433908984164,,,,CONTROL_NO_ANALYTIC_TARGET,0.000920078328047357,numpy_complex128
10,1024,144,R160,1.6,0.0,random_state_sign,2026081201,-2.165727716117829,0.0,2.165727716117829,,,,CONTROL_NO_ANALYTIC_TARGET,0.7510321980162646,numpy_complex128
10,1024,144,R175,1.75,0.0,random_state_sign,2026081201,-1.941560859388677,0.0,1.941560859388677,,,,CONTROL_NO_ANALYTIC_TARGET,0.5724482954099144,numpy_complex128
10,1024,144,R190,1.9,0.0,random_state_sign,2026081201,-1.7716675228865564,0.0,1.7716675228865564,,,,CONTROL_NO_ANALYTIC_TARGET,0.44279187711361456,numpy_complex128
10,1024,144,R200,2.0,0.0,random_state_sign,2026081201,-1.6804079413107662,0.0,1.6804079413107662,,,,CONTROL_NO_ANALYTIC_TARGET,0.3758943936343244,numpy_complex128
10,1024,144,R2125,2.125,0.0,random_state_sign,2026081201,-1.585134286416537,0.0,1.585134286416537,,,,CONTROL_NO_ANALYTIC_TARGET,0.30862415285492717,numpy_complex128
10,1024,144,R250,2.5,0.0,random_state_sign,2026081201,-1.3848337092611511,0.0,1.3848337092611511,,,,CONTROL_NO_ANALYTIC_TARGET,0.17816573195172802,numpy_complex128
10,1024,144,R300,3.0,0.0,random_state_sign,2026081201,-1.2321003513699622,0.0,1.2321003513699622,,,,CONTROL_NO_ANALYTIC_TARGET,0.09187435004302325,numpy_complex128
10,1024,144,R400,4.0,0.0,random_state_sign,2026081201,-1.0934853232005441,0.0,1.0934853232005441,,,,CONTROL_NO_ANALYTIC_TARGET,0.02754470868185721,numpy_complex128
10,1024,144,C160_3,1.6,3.0,random_state_sign,2026081201,-0.37083013854937924,0.06034383584407891,0.37570782555188936,,,,CONTROL_NO_ANALYTIC_TARGET,0.4755198922706768,numpy_complex128
10,1024,144,C160_9,1.6,9.0,random_state_sign,2026081201,-1.0028303917094024,-0.022962510800606923,1.0030932516163695,,,,CONTROL_NO_ANALYTIC_TARGET,0.15866590900705999,numpy_complex128
10,1024,144,C175_5,1.75,5.0,random_state_sign,2026081201,-0.8750011943685717,0.09496159371939623,0.8801390767533019,,,,CONTROL_NO_ANALYTIC_TARGET,0.28449298733092904,numpy_complex128
10,1024,144,C190_11,1.9,11.0,random_state_sign,2026081201,-1.358110771677585,-0.060875346642072205,1.3594744116663167,,,,CONTROL_NO_ANALYTIC_TARGET,0.4549388732021736,numpy_complex128
10,1024,144,C225_1,2.25,1.0,random_state_sign,2026081201,-1.2103447191519978,0.38622062116767264,1.2704726315014705,,,,CONTROL_NO_ANALYTIC_TARGET,0.20784568949920834,numpy_complex128
10,1024,144,C225_7,2.25,7.0,random_state_sign,2026081201,-1.1219705206955994,-0.1385374910266354,1.130491258581821,,,,CONTROL_NO_ANALYTIC_TARGET,0.130089532796957,numpy_complex128
10,1024,144,C275_3,2.75,3.0,random_state_sign,2026081201,-0.8273113584146962,0.07175672418265062,0.8304174319144528,,,,CONTROL_NO_ANALYTIC_TARGET,0.10506678512556664,numpy_complex128
10,1024,144,C325_11,3.25,11.0,random_state_sign,2026081201,-1.0815896511325067,0.056639291782190807,1.0830716425105615,,,,CONTROL_NO_ANALYTIC_TARGET,0.07222262832157704,numpy_complex128
10,1024,144,R160,1.6,0.0,random_state_sign,2026081202,0.08028824979720929,0.0,0.08028824979720929,,,,CONTROL_NO_ANALYTIC_TARGET,1.010308011075403,numpy_complex128
10,1024,144,R175,1.75,0.0,random_state_sign,2026081202,0.25950528498781167,0.0,0.25950528498781167,,,,CONTROL_NO_ANALYTIC_TARGET,0.7957159561568736,numpy_complex128
10,1024,144,R190,1.9,0.0,random_state_sign,2026081202,0.3957588732367599,0.0,0.3957588732367599,,,,CONTROL_NO_ANALYTIC_TARGET,0.6304005771787784,numpy_complex128
10,1024,144,R200,2.0,0.0,random_state_sign,2026081202,0.4689764554458982,0.0,0.4689764554458982,,,,CONTROL_NO_ANALYTIC_TARGET,0.5413166425273155,numpy_complex128
10,1024,144,R2125,2.125,0.0,random_state_sign,2026081202,0.5452811053952441,0.0,0.5452811053952441,,,,CONTROL_NO_ANALYTIC_TARGET,0.4487964480162643,numpy_complex128
10,1024,144,R250,2.5,0.0,random_state_sign,2026081202,0.7041968854544194,0.0,0.7041968854544194,,,,CONTROL_NO_ANALYTIC_TARGET,0.26043017225973486,numpy_complex128
10,1024,144,R300,3.0,0.0,random_state_sign,2026081202,0.822292675521215,0.0,0.822292675521215,,,,CONTROL_NO_ANALYTIC_TARGET,0.13072144490169413,numpy_complex128
10,1024,144,R400,4.0,0.0,random_state_sign,2026081202,0.9262803112009628,0.0,0.9262803112009628,,,,CONTROL_NO_ANALYTIC_TARGET,0.03610997760922141,numpy_complex128
10,1024,144,C160_3,1.6,3.0,random_state_sign,2026081202,1.0281896621238964,0.1541094461874078,1.0396748062267556,,,,CONTROL_NO_ANALYTIC_TARGET,0.08923421128614543,numpy_complex128
10,1024,144,C160_9,1.6,9.0,random_state_sign,2026081202,0.36212986495626165,0.1886694303540235,0.40833098467217993,,,,CONTROL_NO_ANALYTIC_TARGET,0.3038779615130751,numpy_complex128
10,1024,144,C175_5,1.75,5.0,random_state_sign,2026081202,1.0798157601595832,0.005475036858014485,1.0798296402292424,,,,CONTROL_NO_ANALYTIC_TARGET,0.41710519205616764,numpy_complex128
10,1024,144,C190_11,1.9,11.0,random_state_sign,2026081202,1.07633754980509,0.16505505632499995,1.0889195070063138,,,,CONTROL_NO_ANALYTIC_TARGET,0.30725810410158244,numpy_complex128
10,1024,144,C225_1,2.25,1.0,random_state_sign,2026081202,0.8569808975780474,0.298706742011532,0.9075472310226173,,,,CONTROL_NO_ANALYTIC_TARGET,0.3401993376112174,numpy_complex128
10,1024,144,C225_7,2.25,7.0,random_state_sign,2026081202,1.0935252106670783,-0.25461284590455285,1.1227756176832902,,,,CONTROL_NO_ANALYTIC_TARGET,0.2318174283378119,numpy_complex128
10,1024,144,C275_3,2.75,3.0,random_state_sign,2026081202,1.0802675516595022,0.08424638229197676,1.083547615980812,,,,CONTROL_NO_ANALYTIC_TARGET,0.10554448397836218,numpy_complex128
10,1024,144,C325_11,3.25,11.0,random_state_sign,2026081202,0.9960829442185319,0.0974119137020444,1.000834807894966,,,,CONTROL_NO_ANALYTIC_TARGET,0.04424172911817275,numpy_complex128
10,1024,144,R160,1.6,0.0,random_state_sign,2026081203,0.6475805798780416,0.0,0.6475805798780416,,,,CONTROL_NO_ANALYTIC_TARGET,0.8445071648364144,numpy_complex128
10,1024,144,R175,1.75,0.0,random_state_sign,2026081203,0.7523920517871854,0.0,0.7523920517871854,,,,CONTROL_NO_ANALYTIC_TARGET,0.6915835558154864,numpy_complex128
10,1024,144,R190,1.9,0.0,random_state_sign,2026081203,0.8177205468741398,0.0,0.8177205468741398,,,,CONTROL_NO_ANALYTIC_TARGET,0.5782032574825862,numpy_complex128
10,1024,144,R200,2.0,0.0,random_state_sign,2026081203,0.8472272029760721,0.0,0.8472272029760721,,,,CONTROL_NO_ANALYTIC_TARGET,0.5181013764500668,numpy_complex128
10,1024,144,R2125,2.125,0.0,random_state_sign,2026081203,0.8736653359284675,0.0,0.8736653359284675,,,,CONTROL_NO_ANALYTIC_TARGET,0.45577925794705465,numpy_complex128
10,1024,144,R250,2.5,0.0,random_state_sign,2026081203,0.9151272866207683,0.0,0.9151272866207683,,,,CONTROL_NO_ANALYTIC_TARGET,0.3245099994759879,numpy_complex128
10,1024,144,R300,3.0,0.0,random_state_sign,2026081203,0.9373303261341424,0.0,0.9373303261341424,,,,CONTROL_NO_ANALYTIC_TARGET,0.2197710018634762,numpy_complex128
10,1024,144,R400,4.0,0.0,random_state_sign,2026081203,0.9607220369532312,0.0,0.9607220369532312,,,,CONTROL_NO_ANALYTIC_TARGET,0.10975945731783354,numpy_complex128
10,1024,144,C160_3,1.6,3.0,random_state_sign,2026081203,0.8358205390173192,0.2031625192704863,0.8601575336410957,,,,CONTROL_NO_ANALYTIC_TARGET,0.29204632131000596,numpy_complex128
10,1024,144,C160_9,1.6,9.0,random_state_sign,2026081203,0.19211469186770289,-0.10692794063904063,0.21986732208477144,,,,CONTROL_NO_ANALYTIC_TARGET,1.3463264783508273,numpy_complex128
10,1024,144,C175_5,1.75,5.0,random_state_sign,2026081203,1.6196618932119307,0.06687573933459864,1.6210419528298472,,,,CONTROL_NO_ANALYTIC_TARGET,0.7637684672562006,numpy_complex128
10,1024,144,C190_11,1.9,11.0,random_state_sign,2026081203,1.164125309853134,0.34926022789378197,1.2153890092596162,,,,CONTROL_NO_ANALYTIC_TARGET,0.6952441124737863,numpy_complex128
10,1024,144,C225_1,2.25,1.0,random_state_sign,2026081203,0.9541645487208842,0.018031303540451675,0.9543349065936426,,,,CONTROL_NO_ANALYTIC_TARGET,0.3384993448639304,numpy_complex128
10,1024,144,C225_7,2.25,7.0,random_state_sign,2026081203,0.961834234212898,-0.33862709467406393,1.0197026053469265,,,,CONTROL_NO_ANALYTIC_TARGET,0.5777899435036468,numpy_complex128
10,1024,144,C275_3,2.75,3.0,random_state_sign,2026081203,0.9664767756325472,0.13650650905853096,0.9760693545299083,,,,CONTROL_NO_ANALYTIC_TARGET,0.23562663305135434,numpy_complex128
10,1024,144,C325_11,3.25,11.0,random_state_sign,2026081203,1.0290220635694252,0.13072193142183897,1.0372919698268825,,,,CONTROL_NO_ANALYTIC_TARGET,0.2429244678908455,numpy_complex128
12,4096,377,R160,1.6,0.0,unsigned,none,7.547449633241551,0.0,7.547449633241551,-0.8542701806849421,0.0,8.401719813926492,MEROMORPHIC_BENCHMARK_ONLY_OUTSIDE_PROVED_DOMAIN,1.6847618464168113,numpy_complex128
12,4096,377,R175,1.75,0.0,unsigned,none,5.21540498176168,0.0,5.21540498176168,-1.753681974672427,0.0,6.969086956434108,MEROMORPHIC_BENCHMARK_ONLY_OUTSIDE_PROVED_DOMAIN,0.8787644087645443,numpy_complex128
12,4096,377,R190,1.9,0.0,unsigned,none,3.812969786218758,0.0,3.812969786218758,-5.389417477926302,0.0,9.20238726414506,MEROMORPHIC_BENCHMARK_ONLY_OUTSIDE_PROVED_DOMAIN,0.46404883160658583,numpy_complex128
12,4096,377,R200,2.0,0.0,unsigned,none,3.1903115531051385,0.0,3.1903115531051385,,,,PROVED_DIVERGENT_BOUNDARY_NO_FINITE_TARGET,0.30538798008785806,numpy_complex128
12,4096,377,R2125,2.125,0.0,unsigned,none,2.6359773218818363,0.0,2.6359773218818363,5.56989105851767,0.0,2.9339137366358337,PROVED_DIRICHLET_LIMIT_RE_GT_2,0.18258019281054017,numpy_complex128
12,4096,377,R250,2.5,0.0,unsigned,none,1.7716286120111342,0.0,1.7716286120111342,1.9473724663169567,0.0,0.1757438543058225,PROVED_DIRICHLET_LIMIT_RE_GT_2,0.04148310171350933,numpy_complex128
12,4096,377,R300,3.0,0.0,unsigned,none,1.3525908126763464,0.0,1.3525908126763464,1.3684327776202059,0.0,0.015841964943859477,PROVED_DIRICHLET_LIMIT_RE_GT_2,0.006687368389387771,numpy_complex128
12,4096,377,R400,4.0,0.0,unsigned,none,1.1102237808298225,0.0,1.1102237808298225,1.1106265353261482,0.0,0.0004027544963256524,PROVED_DIRICHLET_LIMIT_RE_GT_2,0.00027632991958914666,numpy_complex128
12,4096,377,C160_3,1.6,3.0,unsigned,none,0.8702161637927944,-0.14192990650594414,0.8817143925824471,0.7486185905344954,0.0039045763883858242,0.18987802985960228,MEROMORPHIC_BENCHMARK_ONLY_OUTSIDE_PROVED_DOMAIN,0.360862606696009,numpy_complex128
12,4096,377,C160_9,1.6,9.0,unsigned,none,1.1315530660683155,0.03610706117065042,1.1321289949449165,1.1523732409928538,0.0755511054279701,0.04460170749267078,MEROMORPHIC_BENCHMARK_ONLY_OUTSIDE_PROVED_DOMAIN,0.01188747466549592,numpy_complex128
12,4096,377,C175_5,1.75,5.0,unsigned,none,0.9053863847049104,0.17139840751026608,0.9214672645873445,0.8975932589488682,0.1202477299745946,0.05174093757758682,MEROMORPHIC_BENCHMARK_ONLY_OUTSIDE_PROVED_DOMAIN,0.07270623388614707,numpy_complex128
12,4096,377,C190_11,1.9,11.0,unsigned,none,1.1634990839587305,-0.14852655766005987,1.1729408581438163,1.1745396812853477,-0.12160548563244583,0.02909706013404946,MEROMORPHIC_BENCHMARK_ONLY_OUTSIDE_PROVED_DOMAIN,0.05632820079051794,numpy_complex128
12,4096,377,C225_1,2.25,1.0,unsigned,none,0.8096165768783844,-0.6199935641498922,1.0197406636706998,0.8693218510303373,-0.5056907193813052,0.12895681480151233,PROVED_DIRICHLET_LIMIT_RE_GT_2,0.07801403763130664,numpy_complex128
12,4096,377,C225_7,2.25,7.0,unsigned,none,1.0140550614630042,0.11655061453450506,1.020730970151836,1.0219620306225508,0.10923921750792362,0.010769247316796321,PROVED_DIRICHLET_LIMIT_RE_GT_2,0.014722939045794296,numpy_complex128
12,4096,377,C275_3,2.75,3.0,unsigned,none,0.8692594020968645,-0.04354292120395499,0.8703492943185351,0.8655320884182494,-0.04500006655251698,0.004002016969682564,PROVED_DIRICHLET_LIMIT_RE_GT_2,0.002792423734578778,numpy_complex128
12,4096,377,C325_11,3.25,11.0,unsigned,none,1.0584551857905702,-0.07397875743654196,1.0610373400021345,1.0585578233592894,-0.07334211171773833,0.0006448660649961221,PROVED_DIRICHLET_LIMIT_RE_GT_2,0.0012727915207634524,numpy_complex128
12,4096,377,R160,1.6,0.0,liouville,none,-0.924239725799162,0.0,0.924239725799162,-5.609872316590871,0.0,4.685632590791709,ANALYTIC_CONTINUATION_BENCHMARK_CONDITIONAL_REGION,0.2953058592472201,numpy_complex128
12,4096,377,R175,1.75,0.0,liouville,none,-0.37729969624449283,0.0,0.37729969624449283,-1.3220972148887582,0.0,0.9447975186442654,ANALYTIC_CONTINUATION_BENCHMARK_CONDITIONAL_REGION,0.16749827672301493,numpy_complex128
12,4096,377,R190,1.9,0.0,liouville,none,-0.01938461049611699,0.0,0.01938461049611699,-0.31821603673688553,0.0,0.2988314262407685,ANALYTIC_CONTINUATION_BENCHMARK_CONDITIONAL_REGION,0.0967859579840425,numpy_complex128
12,4096,377,R200,2.0,0.0,liouville,none,0.15165203229419116,0.0,0.15165203229419116,0.0,0.0,0.15165203229419116,BOUNDARY_VALUE_BENCHMARK_NO_CONVERGENCE_CLAIM,0.06783108501395851,numpy_complex128
12,4096,377,R2125,2.125,0.0,liouville,none,0.3140434040922966,0.0,0.3140434040922966,0.24571032077518914,0.0,0.06833308331710744,PROVED_DIRICHLET_LIMIT_RE_GT_2,0.04398255378967325,numpy_complex128
12,4096,377,R250,2.5,0.0,liouville,none,0.6021724682092839,0.0,0.6021724682092839,0.595288513077927,0.0,0.006883955131356978,PROVED_DIRICHLET_LIMIT_RE_GT_2,0.012844207898239923,numpy_complex128
12,4096,377,R300,3.0,0.0,liouville,none,0.7774489397057179,0.0,0.7774489397057179,0.7774385747283037,0.0,1.036497741424558e-05,PROVED_DIRICHLET_LIMIT_RE_GT_2,0.0028409182218074314,numpy_complex128
12,4096,377,R400,4.0,0.0,liouville,none,0.9122312019859103,0.0,0.9122312019859103,0.9122885184134706,0.0,5.7316427560238914e-05,PROVED_DIRICHLET_LIMIT_RE_GT_2,0.00018252543911678742,numpy_complex128
12,4096,377,C160_3,1.6,3.0,liouville,none,1.2275015912866745,0.24430534606125445,1.2515771085815797,1.253187450727632,0.22713045832151119,0.03089886962484886,ANALYTIC_CONTINUATION_BENCHMARK_CONDITIONAL_REGION,0.050629543943334535,numpy_complex128
12,4096,377,C160_9,1.6,9.0,liouville,none,1.3056183802295298,-0.21885640101892143,1.3238343850573364,1.2972871362768856,-0.1489893400747726,0.07036203401531167,ANALYTIC_CONTINUATION_BENCHMARK_CONDITIONAL_REGION,0.1321115274351604,numpy_complex128
12,4096,377,C175_5,1.75,5.0,liouville,none,1.2759862913411433,-0.2093604443539412,1.2930478766660594,1.3018741815736319,-0.22726082508657916,0.03147390174514078,ANALYTIC_CONTINUATION_BENCHMARK_CONDITIONAL_REGION,0.05049248340496967,numpy_complex128
12,4096,377,C190_11,1.9,11.0,liouville,none,0.7639877998066964,0.12859450823932203,0.7747347325393318,0.7358088392231449,0.15006350731843446,0.03542558032027535,ANALYTIC_CONTINUATION_BENCHMARK_CONDITIONAL_REGION,0.03728379130410073,numpy_complex128
12,4096,377,C225_1,2.25,1.0,liouville,none,0.9027036982444315,0.3554454774574545,0.9701625916665368,0.8910861210873188,0.3344518483849842,0.023993760868899584,PROVED_DIRICHLET_LIMIT_RE_GT_2,0.01974569053118763,numpy_complex128
12,4096,377,C225_7,2.25,7.0,liouville,none,0.7935002493079187,-0.08080141747719134,0.7976036075131886,0.8014341670953269,-0.07430516704345921,0.010254185543236299,PROVED_DIRICHLET_LIMIT_RE_GT_2,0.017357146437204353,numpy_complex128
12,4096,377,C275_3,2.75,3.0,liouville,none,1.124186233438122,0.11554879219635675,1.1301089375939952,1.1243378104343127,0.11352204428068285,0.0020324081035713866,PROVED_DIRICHLET_LIMIT_RE_GT_2,0.0028341945787013012,numpy_complex128
12,4096,377,C325_11,3.25,11.0,liouville,none,0.9173158742007593,0.055379089994822474,0.9189859937286085,0.916562185840334,0.056044041325188323,0.0010050902528608745,PROVED_DIRICHLET_LIMIT_RE_GT_2,0.0008950019762108265,numpy_complex128
12,4096,377,R160,1.6,0.0,mobius,none,-0.9743220140932571,0.0,0.9743220140932571,,,,CONTROL_NO_ANALYTIC_TARGET,0.19642345821549978,numpy_complex128
12,4096,377,R175,1.75,0.0,mobius,none,-0.4589526516329623,0.0,0.4589526516329623,,,,CONTROL_NO_ANALYTIC_TARGET,0.10966332752685354,numpy_complex128
12,4096,377,R190,1.9,0.0,mobius,none,-0.10782963859964341,0.0,0.10782963859964341,,,,CONTROL_NO_ANALYTIC_TARGET,0.0620350996613151,numpy_complex128
12,4096,377,R200,2.0,0.0,mobius,none,0.06545913167201511,0.0,0.06545913167201511,,,,CONTROL_NO_ANALYTIC_TARGET,0.042750044726274986,numpy_complex128
12,4096,377,R2125,2.125,0.0,mobius,none,0.23430626704992943,0.0,0.23430626704992943,,,,CONTROL_NO_ANALYTIC_TARGET,0.027072305020911264,numpy_complex128
12,4096,377,R250,2.5,0.0,mobius,none,0.5475072360527722,0.0,0.5475072360527722,,,,CONTROL_NO_ANALYTIC_TARGET,0.0072819067295591955,numpy_complex128
12,4096,377,R300,3.0,0.0,mobius,none,0.7482475719936766,0.0,0.7482475719936766,,,,CONTROL_NO_ANALYTIC_TARGET,0.0014376421018577057,numpy_complex128
12,4096,377,R400,4.0,0.0,mobius,none,0.9046538604325345,0.0,0.9046538604325345,,,,CONTROL_NO_ANALYTIC_TARGET,7.843018734365881e-05,numpy_complex128
12,4096,377,C160_3,1.6,3.0,mobius,none,1.3212704024599733,0.11511919267961851,1.3262759535405695,,,,CONTROL_NO_ANALYTIC_TARGET,0.049230548406036745,numpy_complex128
12,4096,377,C160_9,1.6,9.0,mobius,none,1.0966740221809226,-0.09425502128739364,1.100717002668883,,,,CONTROL_NO_ANALYTIC_TARGET,0.10110476736337816,numpy_complex128
12,4096,377,C175_5,1.75,5.0,mobius,none,1.110836088398817,-0.1053864535477185,1.1158239645573804,,,,CONTROL_NO_ANALYTIC_TARGET,0.03575072148680508,numpy_complex128
12,4096,377,C190_11,1.9,11.0,mobius,none,0.8088178165328751,0.12211970166147305,0.8179850132336746,,,,CONTROL_NO_ANALYTIC_TARGET,0.0232873347281559,numpy_complex128
12,4096,377,C225_1,2.25,1.0,mobius,none,0.8771771425874995,0.44330173672172396,0.9828306920616933,,,,CONTROL_NO_ANALYTIC_TARGET,0.012507209935742126,numpy_complex128
12,4096,377,C225_7,2.25,7.0,mobius,none,0.9018063996992559,-0.10834409991625113,0.9082913775464329,,,,CONTROL_NO_ANALYTIC_TARGET,0.006063429785582302,numpy_complex128
12,4096,377,C275_3,2.75,3.0,mobius,none,1.1481628683479652,0.08101689616801784,1.1510176843635924,,,,CONTROL_NO_ANALYTIC_TARGET,0.0010219902777246206,numpy_complex128
12,4096,377,C325_11,3.25,11.0,mobius,none,0.9312782142208766,0.06297644912337087,0.9334051346690855,,,,CONTROL_NO_ANALYTIC_TARGET,0.0005999198440929409,numpy_complex128
12,4096,377,R160,1.6,0.0,symbolic_parity,none,0.5382282379860496,0.0,0.5382282379860496,,,,CONTROL_NO_ANALYTIC_TARGET,0.008410022973250886,numpy_complex128
12,4096,377,R175,1.75,0.0,symbolic_parity,none,0.58958708966426,0.0,0.58958708966426,,,,CONTROL_NO_ANALYTIC_TARGET,0.006850913061000052,numpy_complex128
12,4096,377,R190,1.9,0.0,symbolic_parity,none,0.6360807337899358,0.0,0.6360807337899358,,,,CONTROL_NO_ANALYTIC_TARGET,0.005463285187646161,numpy_complex128
12,4096,377,R200,2.0,0.0,symbolic_parity,none,0.6643996383783571,0.0,0.6643996383783571,,,,CONTROL_NO_ANALYTIC_TARGET,0.004650280400166906,numpy_complex128
12,4096,377,R2125,2.125,0.0,symbolic_parity,none,0.6968963073817073,0.0,0.6968963073817073,,,,CONTROL_NO_ANALYTIC_TARGET,0.0037637493518747345,numpy_complex128
12,4096,377,R250,2.5,0.0,symbolic_parity,none,0.7768847801390306,0.0,0.7768847801390306,,,,CONTROL_NO_ANALYTIC_TARGET,0.0018877574247861961,numpy_complex128
12,4096,377,R300,3.0,0.0,symbolic_parity,none,0.8509338289332385,0.0,0.8509338289332385,,,,CONTROL_NO_ANALYTIC_TARGET,0.0006837929252538899,numpy_complex128
12,4096,377,R400,4.0,0.0,symbolic_parity,none,0.9312896938532725,0.0,0.9312896938532725,,,,CONTROL_NO_ANALYTIC_TARGET,7.392580279252936e-05,numpy_complex128
12,4096,377,C160_3,1.6,3.0,symbolic_parity,none,1.1377720809223686,0.06166981115148109,1.1394421765644258,,,,CONTROL_NO_ANALYTIC_TARGET,0.07663746283056319,numpy_complex128
12,4096,377,C160_9,1.6,9.0,symbolic_parity,none,0.624036731167274,-0.2870346966952621,0.6868848221884639,,,,CONTROL_NO_ANALYTIC_TARGET,0.051973511322079675,numpy_complex128
12,4096,377,C175_5,1.75,5.0,symbolic_parity,none,1.175902588483472,-0.09453875844320996,1.1796967722470522,,,,CONTROL_NO_ANALYTIC_TARGET,0.052827400384216225,numpy_complex128
12,4096,377,C190_11,1.9,11.0,symbolic_parity,none,1.1499258541589277,0.45798125223456987,1.2377706966403286,,,,CONTROL_NO_ANALYTIC_TARGET,0.008131949058140641,numpy_complex128
12,4096,377,C225_1,2.25,1.0,symbolic_parity,none,0.818397691325515,0.20142669930418045,0.8428211532463513,,,,CONTROL_NO_ANALYTIC_TARGET,0.0039036460207376176,numpy_complex128
12,4096,377,C225_7,2.25,7.0,symbolic_parity,none,1.0350418153763126,-0.1872014731918856,1.0518345645312788,,,,CONTROL_NO_ANALYTIC_TARGET,0.010486333474389532,numpy_complex128
12,4096,377,C275_3,2.75,3.0,symbolic_parity,none,1.085813023442328,0.10121116812713708,1.0905198863068153,,,,CONTROL_NO_ANALYTIC_TARGET,0.0028060985185123103,numpy_complex128
12,4096,377,C325_11,3.25,11.0,symbolic_parity,none,0.9993554732390548,0.12673618933993505,1.0073596297158542,,,,CONTROL_NO_ANALYTIC_TARGET,0.00038205140358025716,numpy_complex128
12,4096,377,R160,1.6,0.0,random_state_sign,2026081201,1.3863670930163399,0.0,1.3863670930163399,,,,CONTROL_NO_ANALYTIC_TARGET,3.552094809134169,numpy_complex128
12,4096,377,R175,1.75,0.0,random_state_sign,2026081201,1.3740780547565852,0.0,1.3740780547565852,,,,CONTROL_NO_ANALYTIC_TARGET,3.3156389141452625,numpy_complex128
12,4096,377,R190,1.9,0.0,random_state_sign,2026081201,1.3493453532148174,0.0,1.3493453532148174,,,,CONTROL_NO_ANALYTIC_TARGET,3.121012876101374,numpy_complex128
12,4096,377,R200,2.0,0.0,random_state_sign,2026081201,1.3296757712691454,0.0,1.3296757712691454,,,,CONTROL_NO_ANALYTIC_TARGET,3.0100837125799114,numpy_complex128
12,4096,377,R2125,2.125,0.0,random_state_sign,2026081201,1.3038459028938687,0.0,1.3038459028938687,,,,CONTROL_NO_ANALYTIC_TARGET,2.8889801893104057,numpy_complex128
12,4096,377,R250,2.5,0.0,random_state_sign,2026081201,1.2300338306908036,0.0,1.2300338306908036,,,,CONTROL_NO_ANALYTIC_TARGET,2.6148675399519545,numpy_complex128
12,4096,377,R300,3.0,0.0,random_state_sign,2026081201,1.1544458935844,0.0,1.1544458935844,,,,CONTROL_NO_ANALYTIC_TARGET,2.386546244954362,numpy_complex128
12,4096,377,R400,4.0,0.0,random_state_sign,2026081201,1.0702640090449391,0.0,1.0702640090449391,,,,CONTROL_NO_ANALYTIC_TARGET,2.1637493322454833,numpy_complex128
12,4096,377,C160_3,1.6,3.0,random_state_sign,2026081201,0.9052694498591684,0.028531448267338236,0.9057189522078872,,,,CONTROL_NO_ANALYTIC_TARGET,1.276496058568062,numpy_complex128
12,4096,377,C160_9,1.6,9.0,random_state_sign,2026081201,1.5940052655395103,-0.1158180122903387,1.598207307747831,,,,CONTROL_NO_ANALYTIC_TARGET,2.598495252048058,numpy_complex128
12,4096,377,C175_5,1.75,5.0,random_state_sign,2026081201,0.8744529243124765,0.1388129348535925,0.8854021389861837,,,,CONTROL_NO_ANALYTIC_TARGET,1.7500036152789373,numpy_complex128
12,4096,377,C190_11,1.9,11.0,random_state_sign,2026081201,1.015274526240759,-0.35411200043178903,1.0752570262421914,,,,CONTROL_NO_ANALYTIC_TARGET,2.3914316857273463,numpy_complex128
12,4096,377,C225_1,2.25,1.0,random_state_sign,2026081201,1.1995875331783026,-0.22094199716658183,1.219764573952188,,,,CONTROL_NO_ANALYTIC_TARGET,2.485240412097852,numpy_complex128
12,4096,377,C225_7,2.25,7.0,random_state_sign,2026081201,0.9071498021549596,0.2563222819004055,0.9426674258445622,,,,CONTROL_NO_ANALYTIC_TARGET,2.067182508846558,numpy_complex128
12,4096,377,C275_3,2.75,3.0,random_state_sign,2026081201,0.9122772978253074,-0.08923918961914544,0.9166316059853743,,,,CONTROL_NO_ANALYTIC_TARGET,1.7470227179918918,numpy_complex128
12,4096,377,C325_11,3.25,11.0,random_state_sign,2026081201,1.0079976360242717,-0.11200403382622046,1.0142012314249402,,,,CONTROL_NO_ANALYTIC_TARGET,2.0963815496992644,numpy_complex128
12,4096,377,R160,1.6,0.0,random_state_sign,2026081202,-0.6590919547827804,0.0,0.6590919547827804,,,,CONTROL_NO_ANALYTIC_TARGET,0.7393802045799897,numpy_complex128
12,4096,377,R175,1.75,0.0,random_state_sign,2026081202,-0.7005187856760118,0.0,0.7005187856760118,,,,CONTROL_NO_ANALYTIC_TARGET,0.9600240706638234,numpy_complex128
12,4096,377,R190,1.9,0.0,random_state_sign,2026081202,-0.7379401618581198,0.0,0.7379401618581198,,,,CONTROL_NO_ANALYTIC_TARGET,1.1336990350948797,numpy_complex128
12,4096,377,R200,2.0,0.0,random_state_sign,2026081202,-0.7603817953678119,0.0,0.7603817953678119,,,,CONTROL_NO_ANALYTIC_TARGET,1.2293582508137102,numpy_complex128
12,4096,377,R2125,2.125,0.0,random_state_sign,2026081202,-0.7856676879626041,0.0,0.7856676879626041,,,,CONTROL_NO_ANALYTIC_TARGET,1.330948793357848,numpy_complex128
12,4096,377,R250,2.5,0.0,random_state_sign,2026081202,-0.845364999312011,0.0,0.845364999312011,,,,CONTROL_NO_ANALYTIC_TARGET,1.5495618847664305,numpy_complex128
12,4096,377,R300,3.0,0.0,random_state_sign,2026081202,-0.8971258844852342,0.0,0.8971258844852342,,,,CONTROL_NO_ANALYTIC_TARGET,1.7194185600064493,numpy_complex128
12,4096,377,R400,4.0,0.0,random_state_sign,2026081202,-0.9501458004641244,0.0,0.9501458004641244,,,,CONTROL_NO_ANALYTIC_TARGET,1.8764261116650873,numpy_complex128
12,4096,377,C160_3,1.6,3.0,random_state_sign,2026081202,-0.7684403137107013,0.361722555807532,0.8493195647786139,,,,CONTROL_NO_ANALYTIC_TARGET,1.8085857661038818,numpy_complex128
12,4096,377,C160_9,1.6,9.0,random_state_sign,2026081202,-0.15433802389292658,-0.08726356204618946,0.1772996189509801,,,,CONTROL_NO_ANALYTIC_TARGET,0.5855579360808574,numpy_complex128
12,4096,377,C175_5,1.75,5.0,random_state_sign,2026081202,-1.5516812227636294,-0.2549030762060651,1.5724789967870945,,,,CONTROL_NO_ANALYTIC_TARGET,2.6443473926276746,numpy_complex128
12,4096,377,C190_11,1.9,11.0,random_state_sign,2026081202,-1.3237999023162579,-0.3709540318118226,1.3747920115748349,,,,CONTROL_NO_ANALYTIC_TARGET,2.45926117597152,numpy_complex128
12,4096,377,C225_1,2.25,1.0,random_state_sign,2026081202,-0.8882603257625582,-0.14064991953258893,0.8993268628192587,,,,CONTROL_NO_ANALYTIC_TARGET,1.799694752920786,numpy_complex128
12,4096,377,C225_7,2.25,7.0,random_state_sign,2026081202,-1.0335603169305199,0.40943723306202723,1.111703996822448,,,,CONTROL_NO_ANALYTIC_TARGET,2.2283301705740723,numpy_complex128
12,4096,377,C275_3,2.75,3.0,random_state_sign,2026081202,-0.983422360480196,-0.06438061114745317,0.9855274740889572,,,,CONTROL_NO_ANALYTIC_TARGET,2.0690350496417405,numpy_complex128
12,4096,377,C325_11,3.25,11.0,random_state_sign,2026081202,-1.0469556734381944,-0.1325043781218647,1.055307344978649,,,,CONTROL_NO_ANALYTIC_TARGET,2.0559348954873946,numpy_complex128
12,4096,377,R160,1.6,0.0,random_state_sign,2026081203,-0.812465492805452,0.0,0.812465492805452,,,,CONTROL_NO_ANALYTIC_TARGET,1.4600460726834936,numpy_complex128
12,4096,377,R175,1.75,0.0,random_state_sign,2026081203,-0.8407796298193279,0.0,0.8407796298193279,,,,CONTROL_NO_ANALYTIC_TARGET,1.5931716816065133,numpy_complex128
12,4096,377,R190,1.9,0.0,random_state_sign,2026081203,-0.8643049638283181,0.0,0.8643049638283181,,,,CONTROL_NO_ANALYTIC_TARGET,1.682025510702458,numpy_complex128
12,4096,377,R200,2.0,0.0,random_state_sign,2026081203,-0.8772018822784069,0.0,0.8772018822784069,,,,CONTROL_NO_ANALYTIC_TARGET,1.724429085254479,numpy_complex128
12,4096,377,R2125,2.125,0.0,random_state_sign,2026081203,-0.8905421549891734,0.0,0.8905421549891734,,,,CONTROL_NO_ANALYTIC_TARGET,1.764207490917641,numpy_complex128
12,4096,377,R250,2.5,0.0,random_state_sign,2026081203,-0.9171864024083544,0.0,0.9171864024083544,,,,CONTROL_NO_ANALYTIC_TARGET,1.8323136890291227,numpy_complex128
12,4096,377,R300,3.0,0.0,random_state_sign,2026081203,-0.9367376076463285,0.0,0.9367376076463285,,,,CONTROL_NO_ANALYTIC_TARGET,1.8740679337804709,numpy_complex128
12,4096,377,R400,4.0,0.0,random_state_sign,2026081203,-0.9605116066386332,0.0,0.9605116066386332,,,,CONTROL_NO_ANALYTIC_TARGET,1.9212336435918644,numpy_complex128
12,4096,377,C160_3,1.6,3.0,random_state_sign,2026081203,-0.7350283966422504,-0.3391115110098953,0.8094833912872405,,,,CONTROL_NO_ANALYTIC_TARGET,1.661814521112188,numpy_complex128
12,4096,377,C160_9,1.6,9.0,random_state_sign,2026081203,-0.5601836896093685,-0.13393150988515778,0.5759717141010341,,,,CONTROL_NO_ANALYTIC_TARGET,0.7527828687776118,numpy_complex128
12,4096,377,C175_5,1.75,5.0,random_state_sign,2026081203,-1.4682046647416098,-0.12565756879905063,1.4735721095913532,,,,CONTROL_NO_ANALYTIC_TARGET,3.0938631117857707,numpy_complex128
12,4096,377,C190_11,1.9,11.0,random_state_sign,2026081203,-1.1599710610548415,-0.35080652395757567,1.2118572852179796,,,,CONTROL_NO_ANALYTIC_TARGET,2.4272448163123825,numpy_complex128
12,4096,377,C225_1,2.25,1.0,random_state_sign,2026081203,-0.944578844229475,-0.033567006590277844,0.945175082668456,,,,CONTROL_NO_ANALYTIC_TARGET,1.8994443550367537,numpy_complex128
12,4096,377,C225_7,2.25,7.0,random_state_sign,2026081203,-1.0041749614152704,0.38170171696005345,1.074273500493991,,,,CONTROL_NO_ANALYTIC_TARGET,2.093816074578839,numpy_complex128
12,4096,377,C275_3,2.75,3.0,random_state_sign,2026081203,-0.9644020303390315,-0.14230954989474517,0.9748452616252957,,,,CONTROL_NO_ANALYTIC_TARGET,1.9509052663008695,numpy_complex128
12,4096,377,C325_11,3.25,11.0,random_state_sign,2026081203,-1.021359499018729,-0.1280814211262836,1.0293590611023529,,,,CONTROL_NO_ANALYTIC_TARGET,2.0666503641137726,numpy_complex128
14,16384,987,R160,1.6,0.0,unsigned,none,9.620924047981022,0.0,9.620924047981022,-0.8542701806849421,0.0,10.475194228665965,MEROMORPHIC_BENCHMARK_ONLY_OUTSIDE_PROVED_DOMAIN,2.0734744147394712,numpy_complex128
14,16384,987,R175,1.75,0.0,unsigned,none,6.198865262667469,0.0,6.198865262667469,-1.753681974672427,0.0,7.952547237339896,MEROMORPHIC_BENCHMARK_ONLY_OUTSIDE_PROVED_DOMAIN,0.9834602809057884,numpy_complex128
14,16384,987,R190,1.9,0.0,unsigned,none,4.287381500360142,0.0,4.287381500360142,-5.389417477926302,0.0,9.676798978286444,MEROMORPHIC_BENCHMARK_ONLY_OUTSIDE_PROVED_DOMAIN,0.4744117141413837,numpy_complex128
14,16384,987,R200,2.0,0.0,unsigned,none,3.485082061026844,0.0,3.485082061026844,,,,PROVED_DIVERGENT_BOUNDARY_NO_FINITE_TARGET,0.29477050792170534,numpy_complex128
14,16384,987,R2125,2.125,0.0,unsigned,none,2.8005715862658134,0.0,2.8005715862658134,5.56989105851767,0.0,2.7693194722518566,PROVED_DIRICHLET_LIMIT_RE_GT_2,0.16459426438397706,numpy_complex128
14,16384,987,R250,2.5,0.0,unsigned,none,1.802906266982572,0.0,1.802906266982572,1.9473724663169567,0.0,0.14446619933438476,PROVED_DIRICHLET_LIMIT_RE_GT_2,0.03127765497143775,numpy_complex128
14,16384,987,R300,3.0,0.0,unsigned,none,1.3568311799703534,0.0,1.3568311799703534,1.3684327776202059,0.0,0.011601597649852469,PROVED_DIRICHLET_LIMIT_RE_GT_2,0.004240367294007008,numpy_complex128
14,16384,987,R400,4.0,0.0,unsigned,none,1.1103686232624097,0.0,1.1103686232624097,1.1106265353261482,0.0,0.00025791206373848574,PROVED_DIRICHLET_LIMIT_RE_GT_2,0.00014484243258716667,numpy_complex128
14,16384,987,C160_3,1.6,3.0,unsigned,none,0.6472336249875248,0.04855694815629731,0.6490524959729723,0.7486185905344954,0.0039045763883858242,0.11078242434366654,MEROMORPHIC_BENCHMARK_ONLY_OUTSIDE_PROVED_DOMAIN,0.2932685704455175,numpy_complex128
14,16384,987,C160_9,1.6,9.0,unsigned,none,1.0886537760461252,0.11939359899916313,1.0951812067331415,1.1523732409928538,0.0755511054279701,0.07734555226797123,MEROMORPHIC_BENCHMARK_ONLY_OUTSIDE_PROVED_DOMAIN,0.0936856257270467,numpy_complex128
14,16384,987,C175_5,1.75,5.0,unsigned,none,0.9203593176155481,0.16407315364524663,0.9348696557642964,0.8975932589488682,0.1202477299745946,0.04938583994554369,MEROMORPHIC_BENCHMARK_ONLY_OUTSIDE_PROVED_DOMAIN,0.01666877512396879,numpy_complex128
14,16384,987,C190_11,1.9,11.0,unsigned,none,1.1557355990615115,-0.11586396769591831,1.1615288347468227,1.1745396812853477,-0.12160548563244583,0.01966109194567435,MEROMORPHIC_BENCHMARK_ONLY_OUTSIDE_PROVED_DOMAIN,0.03357255547191767,numpy_complex128
14,16384,987,C225_1,2.25,1.0,unsigned,none,0.8007817263005004,-0.5644200985245469,0.9797047620560332,0.8693218510303373,-0.5056907193813052,0.09026011673232116,PROVED_DIRICHLET_LIMIT_RE_GT_2,0.0562713485385322,numpy_complex128
14,16384,987,C225_7,2.25,7.0,unsigned,none,1.0225529869180476,0.1166943036044093,1.029190056087183,1.0219620306225508,0.10923921750792362,0.007478471638590434,PROVED_DIRICHLET_LIMIT_RE_GT_2,0.008499140167586697,numpy_complex128
14,16384,987,C275_3,2.75,3.0,unsigned,none,0.868552764421861,-0.045035255792845195,0.8697195403399787,0.8655320884182494,-0.04500006655251698,0.003020880964458915,PROVED_DIRICHLET_LIMIT_RE_GT_2,0.001651181192035684,numpy_complex128
14,16384,987,C325_11,3.25,11.0,unsigned,none,1.0581160546445785,-0.07328308109487242,1.0606507413241015,1.0585578233592894,-0.07334211171773833,0.0004456952004826478,PROVED_DIRICHLET_LIMIT_RE_GT_2,0.0007739350790217319,numpy_complex128
14,16384,987,R160,1.6,0.0,liouville,none,-1.0263536252075458,0.0,1.0263536252075458,-5.609872316590871,0.0,4.5835186913833255,ANALYTIC_CONTINUATION_BENCHMARK_CONDITIONAL_REGION,0.10211389940838378,numpy_complex128
14,16384,987,R175,1.75,0.0,liouville,none,-0.41031902001899917,0.0,0.41031902001899917,-1.3220972148887582,0.0,0.911778194869759,ANALYTIC_CONTINUATION_BENCHMARK_CONDITIONAL_REGION,0.03301932377450634,numpy_complex128
14,16384,987,R190,1.9,0.0,liouville,none,-0.025626299041106183,0.0,0.025626299041106183,-0.31821603673688553,0.0,0.29258973769577934,ANALYTIC_CONTINUATION_BENCHMARK_CONDITIONAL_REGION,0.006241688544989191,numpy_complex128
14,16384,987,R200,2.0,0.0,liouville,none,0.15267292167770033,0.0,0.15267292167770033,0.0,0.0,0.15267292167770033,BOUNDARY_VALUE_BENCHMARK_NO_CONVERGENCE_CLAIM,0.001020889383509166,numpy_complex128
14,16384,987,R2125,2.125,0.0,liouville,none,0.31864315783139974,0.0,0.31864315783139974,0.24571032077518914,0.0,0.07293283705621059,PROVED_DIRICHLET_LIMIT_RE_GT_2,0.004599753739103152,numpy_complex128
14,16384,987,R250,2.5,0.0,liouville,none,0.6061596378366182,0.0,0.6061596378366182,0.595288513077927,0.0,0.01087112475869123,PROVED_DIRICHLET_LIMIT_RE_GT_2,0.003987169627334253,numpy_complex128
14,16384,987,R300,3.0,0.0,liouville,none,0.7787609152535878,0.0,0.7787609152535878,0.7774385747283037,0.0,0.001322340525284127,PROVED_DIRICHLET_LIMIT_RE_GT_2,0.0013119755478698814,numpy_complex128
14,16384,987,R400,4.0,0.0,liouville,none,0.9123270001772369,0.0,0.9123270001772369,0.9122885184134706,0.0,3.8481763766307076e-05,PROVED_DIRICHLET_LIMIT_RE_GT_2,9.579819132654599e-05,numpy_complex128
14,16384,987,C160_3,1.6,3.0,liouville,none,1.2569576679219883,0.20943652162806808,1.2742865594282737,1.253187450727632,0.22713045832151119,0.018091156220766885,ANALYTIC_CONTINUATION_BENCHMARK_CONDITIONAL_REGION,0.04564532142616431,numpy_complex128
14,16384,987,C160_9,1.6,9.0,liouville,none,1.3532538533359921,-0.2028914067917781,1.3683789367418142,1.2972871362768856,-0.1489893400747726,0.07770267829836108,ANALYTIC_CONTINUATION_BENCHMARK_CONDITIONAL_REGION,0.050239619213815846,numpy_complex128
14,16384,987,C175_5,1.75,5.0,liouville,none,1.2833327251039257,-0.22885283185959635,1.3035783451610512,1.3018741815736319,-0.22726082508657916,0.018609677417498176,ANALYTIC_CONTINUATION_BENCHMARK_CONDITIONAL_REGION,0.020830824748472417,numpy_complex128
14,16384,987,C190_11,1.9,11.0,liouville,none,0.7551546686168462,0.15167511264355557,0.7702362711072844,0.7358088392231449,0.15006350731843446,0.019412840767238503,ANALYTIC_CONTINUATION_BENCHMARK_CONDITIONAL_REGION,0.0247131241708091,numpy_complex128
14,16384,987,C225_1,2.25,1.0,liouville,none,0.8907257147425054,0.3461119609213565,0.9556075493613336,0.8910861210873188,0.3344518483849842,0.01166568116717784,PROVED_DIRICHLET_LIMIT_RE_GT_2,0.01518507885070174,numpy_complex128
14,16384,987,C225_7,2.25,7.0,liouville,none,0.8019653325899435,-0.0769737996347201,0.8056508924505109,0.8014341670953269,-0.07430516704345921,0.0027209808323123384,PROVED_DIRICHLET_LIMIT_RE_GT_2,0.009290225687227385,numpy_complex128
14,16384,987,C275_3,2.75,3.0,liouville,none,1.1235879472980068,0.11323773417454674,1.1292797083780146,1.1243378104343127,0.11352204428068285,0.0008019519684130752,PROVED_DIRICHLET_LIMIT_RE_GT_2,0.002387244328849977,numpy_complex128
14,16384,987,C325_11,3.25,11.0,liouville,none,0.9170326455176017,0.05588961845826318,0.9187341957260661,0.916562185840334,0.056044041325188323,0.0004951552582414694,PROVED_DIRICHLET_LIMIT_RE_GT_2,0.0005838302826561443,numpy_complex128
14,16384,987,R160,1.6,0.0,mobius,none,-0.9973555300627075,0.0,0.9973555300627075,,,,CONTROL_NO_ANALYTIC_TARGET,0.023033515969450358,numpy_complex128
14,16384,987,R175,1.75,0.0,mobius,none,-0.45451353575278175,0.0,0.45451353575278175,,,,CONTROL_NO_ANALYTIC_TARGET,0.004439115880180533,numpy_complex128
14,16384,987,R190,1.9,0.0,mobius,none,-0.09621345212066224,0.0,0.09621345212066224,,,,CONTROL_NO_ANALYTIC_TARGET,0.011616186478981175,numpy_complex128
14,16384,987,R200,2.0,0.0,mobius,none,0.07740892809265887,0.0,0.07740892809265887,,,,CONTROL_NO_ANALYTIC_TARGET,0.011949796420643755,numpy_complex128
14,16384,987,R2125,2.125,0.0,mobius,none,0.24483491603730656,0.0,0.24483491603730656,,,,CONTROL_NO_ANALYTIC_TARGET,0.010528648987377126,numpy_complex128
14,16384,987,R250,2.5,0.0,mobius,none,0.5524420210289849,0.0,0.5524420210289849,,,,CONTROL_NO_ANALYTIC_TARGET,0.004934784976212692,numpy_complex128
14,16384,987,R300,3.0,0.0,mobius,none,0.7496345580039927,0.0,0.7496345580039927,,,,CONTROL_NO_ANALYTIC_TARGET,0.0013869860103160603,numpy_complex128
14,16384,987,R400,4.0,0.0,mobius,none,0.9047488378705065,0.0,0.9047488378705065,,,,CONTROL_NO_ANALYTIC_TARGET,9.497743797204361e-05,numpy_complex128
14,16384,987,C160_3,1.6,3.0,mobius,none,1.355150471192496,0.08018840097082913,1.3575208945808173,,,,CONTROL_NO_ANALYTIC_TARGET,0.04866229820634544,numpy_complex128
14,16384,987,C160_9,1.6,9.0,mobius,none,1.179187139441039,-0.07457780474177167,1.1815431260784526,,,,CONTROL_NO_ANALYTIC_TARGET,0.08482692597851822,numpy_complex128
14,16384,987,C175_5,1.75,5.0,mobius,none,1.1220456894716795,-0.12368487689246793,1.1288420961471457,,,,CONTROL_NO_ANALYTIC_TARGET,0.02145897138998952,numpy_complex128
14,16384,987,C190_11,1.9,11.0,mobius,none,0.8020535181205565,0.14162248842052602,0.8144610335405763,,,,CONTROL_NO_ANALYTIC_TARGET,0.020642539194100806,numpy_complex128
14,16384,987,C225_1,2.25,1.0,mobius,none,0.8653440531753548,0.43706115139409885,0.9694548882871686,,,,CONTROL_NO_ANALYTIC_TARGET,0.013377851481728303,numpy_complex128
14,16384,987,C225_7,2.25,7.0,mobius,none,0.9118464425485518,-0.10450415694263746,0.9178153701081394,,,,CONTROL_NO_ANALYTIC_TARGET,0.010749307998950608,numpy_complex128
14,16384,987,C275_3,2.75,3.0,mobius,none,1.1478008788625143,0.07879447024404475,1.1505022494800259,,,,CONTROL_NO_ANALYTIC_TARGET,0.0022517134309509076,numpy_complex128
14,16384,987,C325_11,3.25,11.0,mobius,none,0.9310469813845393,0.06348405391157357,0.9332088226363434,,,,CONTROL_NO_ANALYTIC_TARGET,0.0005577913997247484,numpy_complex128
14,16384,987,R160,1.6,0.0,symbolic_parity,none,0.5317746216812265,0.0,0.5317746216812265,,,,CONTROL_NO_ANALYTIC_TARGET,0.0064536163048231066,numpy_complex128
14,16384,987,R175,1.75,0.0,symbolic_parity,none,0.5843954922989171,0.0,0.5843954922989171,,,,CONTROL_NO_ANALYTIC_TARGET,0.005191597365342915,numpy_complex128
14,16384,987,R190,1.9,0.0,symbolic_parity,none,0.6320010015920311,0.0,0.6320010015920311,,,,CONTROL_NO_ANALYTIC_TARGET,0.004079732197904695,numpy_complex128
14,16384,987,R200,2.0,0.0,symbolic_parity,none,0.6609643148739018,0.0,0.6609643148739018,,,,CONTROL_NO_ANALYTIC_TARGET,0.003435323504455301,numpy_complex128
14,16384,987,R2125,2.125,0.0,symbolic_parity,none,0.6941558653576599,0.0,0.6941558653576599,,,,CONTROL_NO_ANALYTIC_TARGET,0.0027404420240473293,numpy_complex128
14,16384,987,R250,2.5,0.0,symbolic_parity,none,0.7755755000706208,0.0,0.7755755000706208,,,,CONTROL_NO_ANALYTIC_TARGET,0.0013092800684098016,numpy_complex128
14,16384,987,R300,3.0,0.0,symbolic_parity,none,0.8504928845170552,0.0,0.8504928845170552,,,,CONTROL_NO_ANALYTIC_TARGET,0.0004409444161833642,numpy_complex128
14,16384,987,R400,4.0,0.0,symbolic_parity,none,0.9312489640299068,0.0,0.9312489640299068,,,,CONTROL_NO_ANALYTIC_TARGET,4.072982336578157e-05,numpy_complex128
14,16384,987,C160_3,1.6,3.0,symbolic_parity,none,1.0906515434331843,0.11451200670474387,1.096646610751492,,,,CONTROL_NO_ANALYTIC_TARGET,0.07080001895592183,numpy_complex128
14,16384,987,C160_9,1.6,9.0,symbolic_parity,none,0.5721813584920761,-0.3034980245539229,0.6476901712346508,,,,CONTROL_NO_ANALYTIC_TARGET,0.054406073553100835,numpy_complex128
14,16384,987,C175_5,1.75,5.0,symbolic_parity,none,1.1812896677185776,-0.07760211587388327,1.183835870147028,,,,CONTROL_NO_ANALYTIC_TARGET,0.017772745544975176,numpy_complex128
14,16384,987,C190_11,1.9,11.0,symbolic_parity,none,1.156591109052837,0.4534524332555548,1.2423051568618133,,,,CONTROL_NO_ANALYTIC_TARGET,0.008058276747882774,numpy_complex128
14,16384,987,C225_1,2.25,1.0,symbolic_parity,none,0.8196665255172427,0.20399514351392803,0.8446698950659819,,,,CONTROL_NO_ANALYTIC_TARGET,0.002864759303097431,numpy_complex128
14,16384,987,C225_7,2.25,7.0,symbolic_parity,none,1.0268673871635865,-0.18929932099436492,1.0441699400715856,,,,CONTROL_NO_ANALYTIC_TARGET,0.008439327106314771,numpy_complex128
14,16384,987,C275_3,2.75,3.0,symbolic_parity,none,1.0852472767127561,0.10301906884615185,1.0901259469246578,,,,CONTROL_NO_ANALYTIC_TARGET,0.001894353285909306,numpy_complex128
14,16384,987,C325_11,3.25,11.0,symbolic_parity,none,0.9995379159729914,0.12655797705798777,1.007518221683678,,,,CONTROL_NO_ANALYTIC_TARGET,0.00025503915111820013,numpy_complex128
14,16384,987,R160,1.6,0.0,random_state_sign,2026081201,1.0685201117117555,0.0,1.0685201117117555,,,,CONTROL_NO_ANALYTIC_TARGET,0.31784698130458433,numpy_complex128
14,16384,987,R175,1.75,0.0,random_state_sign,2026081201,1.0323373173087154,0.0,1.0323373173087154,,,,CONTROL_NO_ANALYTIC_TARGET,0.3417407374478698,numpy_complex128
14,16384,987,R190,1.9,0.0,random_state_sign,2026081201,1.0020491382298036,0.0,1.0020491382298036,,,,CONTROL_NO_ANALYTIC_TARGET,0.34729621498501384,numpy_complex128
14,16384,987,R200,2.0,0.0,random_state_sign,2026081201,0.9857693267227602,0.0,0.9857693267227602,,,,CONTROL_NO_ANALYTIC_TARGET,0.3439064445463852,numpy_complex128
14,16384,987,R2125,2.125,0.0,random_state_sign,2026081201,0.9696343146439118,0.0,0.9696343146439118,,,,CONTROL_NO_ANALYTIC_TARGET,0.3342115882499569,numpy_complex128
14,16384,987,R250,2.5,0.0,random_state_sign,2026081201,0.9434778291684048,0.0,0.9434778291684048,,,,CONTROL_NO_ANALYTIC_TARGET,0.2865560015223988,numpy_complex128
14,16384,987,R300,3.0,0.0,random_state_sign,2026081201,0.9386516139844046,0.0,0.9386516139844046,,,,CONTROL_NO_ANALYTIC_TARGET,0.21579427959999542,numpy_complex128
14,16384,987,R400,4.0,0.0,random_state_sign,2026081201,0.9574173020282264,0.0,0.9574173020282264,,,,CONTROL_NO_ANALYTIC_TARGET,0.11284670701671273,numpy_complex128
14,16384,987,C160_3,1.6,3.0,random_state_sign,2026081201,1.129683901886161,0.20266668130995824,1.147719260923129,,,,CONTROL_NO_ANALYTIC_TARGET,0.2840509209021914,numpy_complex128
14,16384,987,C160_9,1.6,9.0,random_state_sign,2026081201,0.11030209187337581,0.2975779295542333,0.31736284538273674,,,,CONTROL_NO_ANALYTIC_TARGET,1.5402179431108185,numpy_complex128
14,16384,987,C175_5,1.75,5.0,random_state_sign,2026081201,1.1934006857183344,0.30412229342635916,1.2315419465174133,,,,CONTROL_NO_ANALYTIC_TARGET,0.35924206120323326,numpy_complex128
14,16384,987,C190_11,1.9,11.0,random_state_sign,2026081201,1.2476482311080475,0.3472983412821259,1.2950838762197434,,,,CONTROL_NO_ANALYTIC_TARGET,0.7389005387580798,numpy_complex128
14,16384,987,C225_1,2.25,1.0,random_state_sign,2026081201,0.8658119063571815,-0.015102589468208793,0.8659436156000586,,,,CONTROL_NO_ANALYTIC_TARGET,0.3921428704202708,numpy_complex128
14,16384,987,C225_7,2.25,7.0,random_state_sign,2026081201,1.1258240622447664,-0.4074843281386164,1.197298332416732,,,,CONTROL_NO_ANALYTIC_TARGET,0.698897451388487,numpy_complex128
14,16384,987,C275_3,2.75,3.0,random_state_sign,2026081201,1.0248138032071645,0.11948693336567871,1.0317560072464163,,,,CONTROL_NO_ANALYTIC_TARGET,0.2371308909860474,numpy_complex128
14,16384,987,C325_11,3.25,11.0,random_state_sign,2026081201,1.0442053636863127,0.1322708436388216,1.052549484645824,,,,CONTROL_NO_ANALYTIC_TARGET,0.24694374926895768,numpy_complex128
14,16384,987,R160,1.6,0.0,random_state_sign,2026081202,0.21493037955254723,0.0,0.21493037955254723,,,,CONTROL_NO_ANALYTIC_TARGET,0.8740223343353276,numpy_complex128
14,16384,987,R175,1.75,0.0,random_state_sign,2026081202,0.3262801853620161,0.0,0.3262801853620161,,,,CONTROL_NO_ANALYTIC_TARGET,1.0267989710380279,numpy_complex128
14,16384,987,R190,1.9,0.0,random_state_sign,2026081202,0.41795383282765364,0.0,0.41795383282765364,,,,CONTROL_NO_ANALYTIC_TARGET,1.1558939946857736,numpy_complex128
14,16384,987,R200,2.0,0.0,random_state_sign,2026081202,0.47085052555215456,0.0,0.47085052555215456,,,,CONTROL_NO_ANALYTIC_TARGET,1.2312323209199665,numpy_complex128
14,16384,987,R2125,2.125,0.0,random_state_sign,2026081202,0.5294977740312818,0.0,0.5294977740312818,,,,CONTROL_NO_ANALYTIC_TARGET,1.315165461993886,numpy_complex128
14,16384,987,R250,2.5,0.0,random_state_sign,2026081202,0.6669918139756903,0.0,0.6669918139756903,,,,CONTROL_NO_ANALYTIC_TARGET,1.5123568132877012,numpy_complex128
14,16384,987,R300,3.0,0.0,random_state_sign,2026081202,0.7874896700893697,0.0,0.7874896700893697,,,,CONTROL_NO_ANALYTIC_TARGET,1.684615554574604,numpy_complex128
14,16384,987,R400,4.0,0.0,random_state_sign,2026081202,0.9099371981582319,0.0,0.9099371981582319,,,,CONTROL_NO_ANALYTIC_TARGET,1.8600829986223564,numpy_complex128
14,16384,987,C160_3,1.6,3.0,random_state_sign,2026081202,1.3364792620259214,0.01700452145460077,1.3365874350656044,,,,CONTROL_NO_ANALYTIC_TARGET,2.132959667581033,numpy_complex128
14,16384,987,C160_9,1.6,9.0,random_state_sign,2026081202,0.824025845242054,0.16260190395634563,0.839915455743678,,,,CONTROL_NO_ANALYTIC_TARGET,1.0097666124057745,numpy_complex128
14,16384,987,C175_5,1.75,5.0,random_state_sign,2026081202,1.074460266747674,-0.3617628212221234,1.1337271292679172,,,,CONTROL_NO_ANALYTIC_TARGET,2.628314693494206,numpy_complex128
14,16384,987,C190_11,1.9,11.0,random_state_sign,2026081202,0.6344253670552849,-0.013901087665587966,0.6345776442654746,,,,CONTROL_NO_ANALYTIC_TARGET,1.9905107411236809,numpy_complex128
14,16384,987,C225_1,2.25,1.0,random_state_sign,2026081202,0.7522213354137095,0.3282242595447904,0.8207119482530459,,,,CONTROL_NO_ANALYTIC_TARGET,1.706172053592818,numpy_complex128
14,16384,987,C225_7,2.25,7.0,random_state_sign,2026081202,0.9639359545586939,-0.10856118181917121,0.9700299246358101,,,,CONTROL_NO_ANALYTIC_TARGET,2.0635681991232433,numpy_complex128
14,16384,987,C275_3,2.75,3.0,random_state_sign,2026081202,1.1616376373350386,0.09201376851725504,1.1652761621478736,,,,CONTROL_NO_ANALYTIC_TARGET,2.1507537274680715,numpy_complex128
14,16384,987,C325_11,3.25,11.0,random_state_sign,2026081202,0.9177077959571014,0.060121099382155305,0.9196750215980425,,,,CONTROL_NO_ANALYTIC_TARGET,1.9740838691808442,numpy_complex128
14,16384,987,R160,1.6,0.0,random_state_sign,2026081203,-0.8473089958804427,0.0,0.8473089958804427,,,,CONTROL_NO_ANALYTIC_TARGET,0.034843503074990734,numpy_complex128
14,16384,987,R175,1.75,0.0,random_state_sign,2026081203,-0.8342209922668322,0.0,0.8342209922668322,,,,CONTROL_NO_ANALYTIC_TARGET,0.006558637552495639,numpy_complex128
14,16384,987,R190,1.9,0.0,random_state_sign,2026081203,-0.8291683090470634,0.0,0.8291683090470634,,,,CONTROL_NO_ANALYTIC_TARGET,0.03513665478125472,numpy_complex128
14,16384,987,R200,2.0,0.0,random_state_sign,2026081203,-0.829086156835561,0.0,0.829086156835561,,,,CONTROL_NO_ANALYTIC_TARGET,0.048115725442845925,numpy_complex128
14,16384,987,R2125,2.125,0.0,random_state_sign,2026081203,-0.8317431419194434,0.0,0.8317431419194434,,,,CONTROL_NO_ANALYTIC_TARGET,0.05879901306973001,numpy_complex128
14,16384,987,R250,2.5,0.0,random_state_sign,2026081203,-0.8508189825277318,0.0,0.8508189825277318,,,,CONTROL_NO_ANALYTIC_TARGET,0.06636741988062256,numpy_complex128
14,16384,987,R300,3.0,0.0,random_state_sign,2026081203,-0.8845211213008336,0.0,0.8845211213008336,,,,CONTROL_NO_ANALYTIC_TARGET,0.05221648634549492,numpy_complex128
14,16384,987,R400,4.0,0.0,random_state_sign,2026081203,-0.9387224058897233,0.0,0.9387224058897233,,,,CONTROL_NO_ANALYTIC_TARGET,0.021789200748909887,numpy_complex128
14,16384,987,C160_3,1.6,3.0,random_state_sign,2026081203,-1.1141940125461647,-0.051159160452251114,1.1153679022151848,,,,CONTROL_NO_ANALYTIC_TARGET,0.47611250821152246,numpy_complex128
14,16384,987,C160_9,1.6,9.0,random_state_sign,2026081203,-0.26739895123182333,0.12954308559122882,0.29712557975437837,,,,CONTROL_NO_ANALYTIC_TARGET,0.39388039490212395,numpy_complex128
14,16384,987,C175_5,1.75,5.0,random_state_sign,2026081203,-1.3469881521421956,0.19956468480004003,1.3616912812494564,,,,CONTROL_NO_ANALYTIC_TARGET,0.34707773936516756,numpy_complex128
14,16384,987,C190_11,1.9,11.0,random_state_sign,2026081203,-0.9577521126901801,-0.20915665847800935,0.9803242408245295,,,,CONTROL_NO_ANALYTIC_TARGET,0.2468950940543145,numpy_complex128
14,16384,987,C225_1,2.25,1.0,random_state_sign,2026081203,-0.8098982542534201,-0.093862255471582,0.8153191431856301,,,,CONTROL_NO_ANALYTIC_TARGET,0.14756143925144075,numpy_complex128
14,16384,987,C225_7,2.25,7.0,random_state_sign,2026081203,-0.9920805764772156,0.1762831905622525,1.007620778615731,,,,CONTROL_NO_ANALYTIC_TARGET,0.20577425770604518,numpy_complex128
14,16384,987,C275_3,2.75,3.0,random_state_sign,2026081203,-1.074478505120084,-0.12522819331249038,1.0817514309513998,,,,CONTROL_NO_ANALYTIC_TARGET,0.11139390936184004,numpy_complex128
14,16384,987,C325_11,3.25,11.0,random_state_sign,2026081203,-0.9819359776057263,-0.09831962724805346,0.9868459926547352,,,,CONTROL_NO_ANALYTIC_TARGET,0.04939613765722716,numpy_complex128
16,65536,2584,R160,1.6,0.0,unsigned,none,12.176090815907854,0.0,12.176090815907854,-0.8542701806849421,0.0,13.030360996592796,MEROMORPHIC_BENCHMARK_ONLY_OUTSIDE_PROVED_DOMAIN,2.5551667679268313,numpy_complex128
16,65536,2584,R175,1.75,0.0,unsigned,none,7.3019766355455475,0.0,7.3019766355455475,-1.753681974672427,0.0,9.055658610217975,MEROMORPHIC_BENCHMARK_ONLY_OUTSIDE_PROVED_DOMAIN,1.1031113728780788,numpy_complex128
16,65536,2584,R190,1.9,0.0,unsigned,none,4.774218450121009,0.0,4.774218450121009,-5.389417477926302,0.0,10.163635928047311,MEROMORPHIC_BENCHMARK_ONLY_OUTSIDE_PROVED_DOMAIN,0.48683694976086755,numpy_complex128
16,65536,2584,R200,2.0,0.0,unsigned,none,3.7710833731883566,0.0,3.7710833731883566,,,,PROVED_DIVERGENT_BOUNDARY_NO_FINITE_TARGET,0.2860013121615128,numpy_complex128
16,65536,2584,R2125,2.125,0.0,unsigned,none,2.950072058435388,0.0,2.950072058435388,5.56989105851767,0.0,2.619819000082282,PROVED_DIRICHLET_LIMIT_RE_GT_2,0.14950047216957474,numpy_complex128
16,65536,2584,R250,2.5,0.0,unsigned,none,1.8269447894386062,0.0,1.8269447894386062,1.9473724663169567,0.0,0.12042767687835054,PROVED_DIRICHLET_LIMIT_RE_GT_2,0.024038522456034217,numpy_complex128
16,65536,2584,R300,3.0,0.0,unsigned,none,1.3596411706445974,0.0,1.3596411706445974,1.3684327776202059,0.0,0.008791606975608435,PROVED_DIRICHLET_LIMIT_RE_GT_2,0.002809990674244034,numpy_complex128
16,65536,2584,R400,4.0,0.0,unsigned,none,1.1104515013085556,0.0,1.1104515013085556,1.1106265353261482,0.0,0.00017503401759255688,PROVED_DIRICHLET_LIMIT_RE_GT_2,8.287804614592886e-05,numpy_complex128
16,65536,2584,C160_3,1.6,3.0,unsigned,none,0.9148432220405561,0.058625857689984566,0.916719756579639,0.7486185905344954,0.0039045763883858242,0.17500013356170438,MEROMORPHIC_BENCHMARK_ONLY_OUTSIDE_PROVED_DOMAIN,0.267798953272942,numpy_complex128
16,65536,2584,C160_9,1.6,9.0,unsigned,none,1.185777123266109,0.12697468855057575,1.1925560605664476,1.1523732409928538,0.0755511054279701,0.06132050433658407,MEROMORPHIC_BENCHMARK_ONLY_OUTSIDE_PROVED_DOMAIN,0.0974187738272252,numpy_complex128
16,65536,2584,C175_5,1.75,5.0,unsigned,none,0.9427888600543468,0.12324184794969098,0.9508098588722298,0.8975932589488682,0.1202477299745946,0.04529466968346644,MEROMORPHIC_BENCHMARK_ONLY_OUTSIDE_PROVED_DOMAIN,0.04658626298403626,numpy_complex128
16,65536,2584,C190_11,1.9,11.0,unsigned,none,1.1757888786459705,-0.10687853734842064,1.1806364846527853,1.1745396812853477,-0.12160548563244583,0.014779834227965468,MEROMORPHIC_BENCHMARK_ONLY_OUTSIDE_PROVED_DOMAIN,0.021974348241124535,numpy_complex128
16,65536,2584,C225_1,2.25,1.0,unsigned,none,0.8144721344116493,-0.5273262469143261,0.9702771915374578,0.8693218510303373,-0.5056907193813052,0.05896259377590577,PROVED_DIRICHLET_LIMIT_RE_GT_2,0.03953961433209605,numpy_complex128
16,65536,2584,C225_7,2.25,7.0,unsigned,none,1.0259456954701272,0.11389615527039491,1.0322484702042725,1.0219620306225508,0.10923921750792362,0.006128348467682546,PROVED_DIRICHLET_LIMIT_RE_GT_2,0.004397738671010474,numpy_complex128
16,65536,2584,C275_3,2.75,3.0,unsigned,none,0.867944653383071,-0.04579971044563561,0.8691521931245203,0.8655320884182494,-0.04500006655251698,0.002541633345958248,PROVED_DIRICHLET_LIMIT_RE_GT_2,0.000976826469579506,numpy_complex128
16,65536,2584,C325_11,3.25,11.0,unsigned,none,1.058517941562644,-0.07301298665023771,1.0610330479441272,1.0585578233592894,-0.07334211171773833,0.0003315326043708949,PROVED_DIRICHLET_LIMIT_RE_GT_2,0.00048421493567912463,numpy_complex128
16,65536,2584,R160,1.6,0.0,liouville,none,-1.2409936143666274,0.0,1.2409936143666274,-5.609872316590871,0.0,4.368878702224244,ANALYTIC_CONTINUATION_BENCHMARK_CONDITIONAL_REGION,0.21463998915908156,numpy_complex128
16,65536,2584,R175,1.75,0.0,liouville,none,-0.5118239908148966,0.0,0.5118239908148966,-1.3220972148887582,0.0,0.8102732240738616,ANALYTIC_CONTINUATION_BENCHMARK_CONDITIONAL_REGION,0.10150497079589743,numpy_complex128
16,65536,2584,R190,1.9,0.0,liouville,none,-0.07478618182936123,0.0,0.07478618182936123,-0.31821603673688553,0.0,0.2434298549075243,ANALYTIC_CONTINUATION_BENCHMARK_CONDITIONAL_REGION,0.04915988278825505,numpy_complex128
16,65536,2584,R200,2.0,0.0,liouville,none,0.12197172615684758,0.0,0.12197172615684758,0.0,0.0,0.12197172615684758,BOUNDARY_VALUE_BENCHMARK_NO_CONVERGENCE_CLAIM,0.03070119552085275,numpy_complex128
16,65536,2584,R2125,2.125,0.0,liouville,none,0.3013723013311805,0.0,0.3013723013311805,0.24571032077518914,0.0,0.055661980555991336,PROVED_DIRICHLET_LIMIT_RE_GT_2,0.017270856500219256,numpy_complex128
16,65536,2584,R250,2.5,0.0,liouville,none,0.6028463274321346,0.0,0.6028463274321346,0.595288513077927,0.0,0.007557814354207659,PROVED_DIRICHLET_LIMIT_RE_GT_2,0.0033133104044835715,numpy_complex128
16,65536,2584,R300,3.0,0.0,liouville,none,0.7783495470170385,0.0,0.7783495470170385,0.7774385747283037,0.0,0.0009109722887348237,PROVED_DIRICHLET_LIMIT_RE_GT_2,0.0004113682365493032,numpy_complex128
16,65536,2584,R400,4.0,0.0,liouville,none,0.9123210179809855,0.0,0.9123210179809855,0.9122885184134706,0.0,3.2499567514943095e-05,PROVED_DIRICHLET_LIMIT_RE_GT_2,5.98219625136398e-06,numpy_complex128
16,65536,2584,C160_3,1.6,3.0,liouville,none,1.2685051139059464,0.19971341906800588,1.2841303180601924,1.253187450727632,0.22713045832151119,0.03140580912303555,ANALYTIC_CONTINUATION_BENCHMARK_CONDITIONAL_REGION,0.015095768683505987,numpy_complex128
16,65536,2584,C160_9,1.6,9.0,liouville,none,1.3197932006204585,-0.18041037520392825,1.3320668135965312,1.2972871362768856,-0.1489893400747726,0.03864976559857347,ANALYTIC_CONTINUATION_BENCHMARK_CONDITIONAL_REGION,0.040311438344512764,numpy_complex128
16,65536,2584,C175_5,1.75,5.0,liouville,none,1.2892608958715939,-0.25797957713525577,1.3148182839626585,1.3018741815736319,-0.22726082508657916,0.033207479633801024,ANALYTIC_CONTINUATION_BENCHMARK_CONDITIONAL_REGION,0.02972390450468753,numpy_complex128
16,65536,2584,C190_11,1.9,11.0,liouville,none,0.7582891717386226,0.15190821521660763,0.7733553994292285,0.7358088392231449,0.15006350731843446,0.022555892738617758,ANALYTIC_CONTINUATION_BENCHMARK_CONDITIONAL_REGION,0.003143158702641293,numpy_complex128
16,65536,2584,C225_1,2.25,1.0,liouville,none,0.8933935618095086,0.3400586971154106,0.9559246695040937,0.8910861210873188,0.3344518483849842,0.00606308794034061,PROVED_DIRICHLET_LIMIT_RE_GT_2,0.006615089619747572,numpy_complex128
16,65536,2584,C225_7,2.25,7.0,liouville,none,0.8024087577776802,-0.08042761523602307,0.8064294239738984,0.8014341670953269,-0.07430516704345921,0.006199532149183377,PROVED_DIRICHLET_LIMIT_RE_GT_2,0.003482164284597016,numpy_complex128
16,65536,2584,C275_3,2.75,3.0,liouville,none,1.124031919899261,0.11259268817902393,1.1296569702275987,1.1243378104343127,0.11352204428068285,0.0009784026692139015,PROVED_DIRICHLET_LIMIT_RE_GT_2,0.0007830683284391052,numpy_complex128
16,65536,2584,C325_11,3.25,11.0,liouville,none,0.9169369842843039,0.05599117642835994,0.9186448960214308,0.916562185840334,0.056044041325188323,0.0003785083498668862,PROVED_DIRICHLET_LIMIT_RE_GT_2,0.0001395173567919751,numpy_complex128
16,65536,2584,R160,1.6,0.0,mobius,none,-1.17362115505873,0.0,1.17362115505873,,,,CONTROL_NO_ANALYTIC_TARGET,0.1762656249960226,numpy_complex128
16,65536,2584,R175,1.75,0.0,mobius,none,-0.5463922230311103,0.0,0.5463922230311103,,,,CONTROL_NO_ANALYTIC_TARGET,0.0918786872783286,numpy_complex128
16,65536,2584,R190,1.9,0.0,mobius,none,-0.14550954559751678,0.0,0.14550954559751678,,,,CONTROL_NO_ANALYTIC_TARGET,0.04929609347685454,numpy_complex128
16,65536,2584,R200,2.0,0.0,mobius,none,0.04438796556814659,0.0,0.04438796556814659,,,,CONTROL_NO_ANALYTIC_TARGET,0.03302096252451228,numpy_complex128
16,65536,2584,R2125,2.125,0.0,mobius,none,0.22453479044460511,0.0,0.22453479044460511,,,,CONTROL_NO_ANALYTIC_TARGET,0.020300125592701446,numpy_complex128
16,65536,2584,R250,2.5,0.0,mobius,none,0.5473436969022485,0.0,0.5473436969022485,,,,CONTROL_NO_ANALYTIC_TARGET,0.005098324126736387,numpy_complex128
16,65536,2584,R300,3.0,0.0,mobius,none,0.7487173071989891,0.0,0.7487173071989891,,,,CONTROL_NO_ANALYTIC_TARGET,0.0009172508050035999,numpy_complex128
16,65536,2584,R400,4.0,0.0,mobius,none,0.9047112146335751,0.0,0.9047112146335751,,,,CONTROL_NO_ANALYTIC_TARGET,3.762323693146108e-05,numpy_complex128
16,65536,2584,C160_3,1.6,3.0,mobius,none,1.3746339155369787,0.07001268040058542,1.3764156992570957,,,,CONTROL_NO_ANALYTIC_TARGET,0.021980670887127973,numpy_complex128
16,65536,2584,C160_9,1.6,9.0,mobius,none,1.123701118125887,-0.05723576931565596,1.1251578272253735,,,,CONTROL_NO_ANALYTIC_TARGET,0.058132991959008576,numpy_complex128
16,65536,2584,C175_5,1.75,5.0,mobius,none,1.1194583164041723,-0.12120613078425287,1.1260008207395558,,,,CONTROL_NO_ANALYTIC_TARGET,0.003583110612226908,numpy_complex128
16,65536,2584,C190_11,1.9,11.0,mobius,none,0.7943508301076538,0.13509009307241568,0.8057559025778419,,,,CONTROL_NO_ANALYTIC_TARGET,0.010099682747894986,numpy_complex128
16,65536,2584,C225_1,2.25,1.0,mobius,none,0.8734130598982915,0.4332827963332821,0.9749791560845211,,,,CONTROL_NO_ANALYTIC_TARGET,0.008909816858970679,numpy_complex128
16,65536,2584,C225_7,2.25,7.0,mobius,none,0.9088039691137874,-0.10597405979435706,0.9149618328795315,,,,CONTROL_NO_ANALYTIC_TARGET,0.003378943473149718,numpy_complex128
16,65536,2584,C275_3,2.75,3.0,mobius,none,1.1486024964925212,0.07880147029568668,1.1513024653276889,,,,CONTROL_NO_ANALYTIC_TARGET,0.0008016481930753524,numpy_complex128
16,65536,2584,C325_11,3.25,11.0,mobius,none,0.9307962357152695,0.06340320813462753,0.9329531602516165,,,,CONTROL_NO_ANALYTIC_TARGET,0.0002634566953174595,numpy_complex128
16,65536,2584,R160,1.6,0.0,symbolic_parity,none,0.5266297253383015,0.0,0.5266297253383015,,,,CONTROL_NO_ANALYTIC_TARGET,0.005144896342924921,numpy_complex128
16,65536,2584,R175,1.75,0.0,symbolic_parity,none,0.5803035059383013,0.0,0.5803035059383013,,,,CONTROL_NO_ANALYTIC_TARGET,0.004091986360615807,numpy_complex128
16,65536,2584,R190,1.9,0.0,symbolic_parity,none,0.6288276598938727,0.0,0.6288276598938727,,,,CONTROL_NO_ANALYTIC_TARGET,0.003173341698158416,numpy_complex128
16,65536,2584,R200,2.0,0.0,symbolic_parity,none,0.6583180208895277,0.0,0.6583180208895277,,,,CONTROL_NO_ANALYTIC_TARGET,0.002646293984374104,numpy_complex128
16,65536,2584,R2125,2.125,0.0,symbolic_parity,none,0.692072076463956,0.0,0.692072076463956,,,,CONTROL_NO_ANALYTIC_TARGET,0.002083788893703975,numpy_complex128
16,65536,2584,R250,2.5,0.0,symbolic_parity,none,0.7746221729112325,0.0,0.7746221729112325,,,,CONTROL_NO_ANALYTIC_TARGET,0.0009533271593883397,numpy_complex128
16,65536,2584,R300,3.0,0.0,symbolic_parity,none,0.8501918319669498,0.0,0.8501918319669498,,,,CONTROL_NO_ANALYTIC_TARGET,0.000301052550105374,numpy_complex128
16,65536,2584,R400,4.0,0.0,symbolic_parity,none,0.9312247254900501,0.0,0.9312247254900501,,,,CONTROL_NO_ANALYTIC_TARGET,2.4238539856669128e-05,numpy_complex128
16,65536,2584,C160_3,1.6,3.0,symbolic_parity,none,1.0799283709457852,0.17841477761071567,1.0945670921617818,,,,CONTROL_NO_ANALYTIC_TARGET,0.06479622332864492,numpy_complex128
16,65536,2584,C160_9,1.6,9.0,symbolic_parity,none,0.5712963400475249,-0.2956811594518176,0.6432782105795816,,,,CONTROL_NO_ANALYTIC_TARGET,0.007866806065469455,numpy_complex128
16,65536,2584,C175_5,1.75,5.0,symbolic_parity,none,1.1734921610087337,-0.07825285855310682,1.176098364007314,,,,CONTROL_NO_ANALYTIC_TARGET,0.007824613531965903,numpy_complex128
16,65536,2584,C190_11,1.9,11.0,symbolic_parity,none,1.1491956714917686,0.45293368417392316,1.2352326151922883,,,,CONTROL_NO_ANALYTIC_TARGET,0.0074136089274626305,numpy_complex128
16,65536,2584,C225_1,2.25,1.0,symbolic_parity,none,0.8208699206171362,0.20582568476546623,0.8462810638807633,,,,CONTROL_NO_ANALYTIC_TARGET,0.0021906713674192516,numpy_complex128
16,65536,2584,C225_7,2.25,7.0,symbolic_parity,none,1.0227198987904407,-0.1852580382885878,1.0393635226100948,,,,CONTROL_NO_ANALYTIC_TARGET,0.005790822542039512,numpy_complex128
16,65536,2584,C275_3,2.75,3.0,symbolic_parity,none,1.0854618485801977,0.10431995537134603,1.0904632400094099,,,,CONTROL_NO_ANALYTIC_TARGET,0.001318463817375793,numpy_complex128
16,65536,2584,C325_11,3.25,11.0,symbolic_parity,none,0.9994357856302842,0.12642707284790078,1.0074004637418588,,,,CONTROL_NO_ANALYTIC_TARGET,0.00016603168107313872,numpy_complex128
16,65536,2584,R160,1.6,0.0,random_state_sign,2026081201,-1.1929392037006368,0.0,1.1929392037006368,,,,CONTROL_NO_ANALYTIC_TARGET,2.2614593154123925,numpy_complex128
16,65536,2584,R175,1.75,0.0,random_state_sign,2026081201,-1.1279753902401657,0.0,1.1279753902401657,,,,CONTROL_NO_ANALYTIC_TARGET,2.160312707548881,numpy_complex128
16,65536,2584,R190,1.9,0.0,random_state_sign,2026081201,-1.086374155361739,0.0,1.086374155361739,,,,CONTROL_NO_ANALYTIC_TARGET,2.0884232935915428,numpy_complex128
16,65536,2584,R200,2.0,0.0,random_state_sign,2026081201,-1.0659813408951146,0.0,1.0659813408951146,,,,CONTROL_NO_ANALYTIC_TARGET,2.051750667617875,numpy_complex128
16,65536,2584,R2125,2.125,0.0,random_state_sign,2026081201,-1.045723151976275,0.0,1.045723151976275,,,,CONTROL_NO_ANALYTIC_TARGET,2.0153574666201868,numpy_complex128
16,65536,2584,R250,2.5,0.0,random_state_sign,2026081201,-1.0057545588542887,0.0,1.0057545588542887,,,,CONTROL_NO_ANALYTIC_TARGET,1.9492323880226934,numpy_complex128
16,65536,2584,R300,3.0,0.0,random_state_sign,2026081201,-0.9798058140370899,0.0,0.9798058140370899,,,,CONTROL_NO_ANALYTIC_TARGET,1.9184574280214943,numpy_complex128
16,65536,2584,R400,4.0,0.0,random_state_sign,2026081201,-0.9708979210848536,0.0,0.9708979210848536,,,,CONTROL_NO_ANALYTIC_TARGET,1.92831522311308,numpy_complex128
16,65536,2584,C160_3,1.6,3.0,random_state_sign,2026081201,-0.4744535450237547,-0.5927195448803462,0.7592250162295581,,,,CONTROL_NO_ANALYTIC_TARGET,1.7905016608179722,numpy_complex128
16,65536,2584,C160_9,1.6,9.0,random_state_sign,2026081201,-0.24142439472302285,-0.11491052404487298,0.26737645166253005,,,,CONTROL_NO_ANALYTIC_TARGET,0.5420869355795513,numpy_complex128
16,65536,2584,C175_5,1.75,5.0,random_state_sign,2026081201,-1.7033293242126917,0.1347172696367047,1.7086484511043323,,,,CONTROL_NO_ANALYTIC_TARGET,2.9016793090416066,numpy_complex128
16,65536,2584,C190_11,1.9,11.0,random_state_sign,2026081201,-0.9796504272193477,-0.23950306123382756,1.0085021942918246,,,,CONTROL_NO_ANALYTIC_TARGET,2.3033009354797094,numpy_complex128
16,65536,2584,C225_1,2.25,1.0,random_state_sign,2026081201,-0.9611347251704103,0.08611403799070506,0.9649847602254995,,,,CONTROL_NO_ANALYTIC_TARGET,1.8297482887337733,numpy_complex128
16,65536,2584,C225_7,2.25,7.0,random_state_sign,2026081201,-0.9345235579278299,0.25169235273504226,0.9678240133140896,,,,CONTROL_NO_ANALYTIC_TARGET,2.163225881076337,numpy_complex128
16,65536,2584,C275_3,2.75,3.0,random_state_sign,2026081201,-0.9336919878558795,-0.20024388917078037,0.9549232133195337,,,,CONTROL_NO_ANALYTIC_TARGET,1.9844325971187131,numpy_complex128
16,65536,2584,C325_11,3.25,11.0,random_state_sign,2026081201,-1.0046498565868365,-0.12150428759825399,1.0119706647154898,,,,CONTROL_NO_ANALYTIC_TARGET,2.0645119352706414,numpy_complex128
16,65536,2584,R160,1.6,0.0,random_state_sign,2026081202,0.7849789237952794,0.0,0.7849789237952794,,,,CONTROL_NO_ANALYTIC_TARGET,0.5700485442427322,numpy_complex128
16,65536,2584,R175,1.75,0.0,random_state_sign,2026081202,0.8071074524070871,0.0,0.8071074524070871,,,,CONTROL_NO_ANALYTIC_TARGET,0.48082726704507106,numpy_complex128
16,65536,2584,R190,1.9,0.0,random_state_sign,2026081202,0.8261364794384826,0.0,0.8261364794384826,,,,CONTROL_NO_ANALYTIC_TARGET,0.4081826466108289,numpy_complex128
16,65536,2584,R200,2.0,0.0,random_state_sign,2026081202,0.837624918420991,0.0,0.837624918420991,,,,CONTROL_NO_ANALYTIC_TARGET,0.3667743928688364,numpy_complex128
16,65536,2584,R2125,2.125,0.0,random_state_sign,2026081202,0.8508248387052775,0.0,0.8508248387052775,,,,CONTROL_NO_ANALYTIC_TARGET,0.32132706467399563,numpy_complex128
16,65536,2584,R250,2.5,0.0,random_state_sign,2026081202,0.8836893700952624,0.0,0.8836893700952624,,,,CONTROL_NO_ANALYTIC_TARGET,0.2166975561195721,numpy_complex128
16,65536,2584,R300,3.0,0.0,random_state_sign,2026081202,0.9153240648898264,0.0,0.9153240648898264,,,,CONTROL_NO_ANALYTIC_TARGET,0.12783439480045677,numpy_complex128
16,65536,2584,R400,4.0,0.0,random_state_sign,2026081202,0.9539148386894094,0.0,0.9539148386894094,,,,CONTROL_NO_ANALYTIC_TARGET,0.043977640531177475,numpy_complex128
16,65536,2584,C160_3,1.6,3.0,random_state_sign,2026081202,0.9193272047299567,0.07839649421596087,0.9226638172497873,,,,CONTROL_NO_ANALYTIC_TARGET,0.42164536428826943,numpy_complex128
16,65536,2584,C160_9,1.6,9.0,random_state_sign,2026081202,0.20439500231009283,-0.017612908406940807,0.2051524591904619,,,,CONTROL_NO_ANALYTIC_TARGET,0.6453059430283494,numpy_complex128
16,65536,2584,C175_5,1.75,5.0,random_state_sign,2026081202,1.3700491061278581,0.21367838520508595,1.3866120602048708,,,,CONTROL_NO_ANALYTIC_TARGET,0.6469198899558789,numpy_complex128
16,65536,2584,C190_11,1.9,11.0,random_state_sign,2026081202,1.387347952829634,0.5745701014065359,1.5016208388441115,,,,CONTROL_NO_ANALYTIC_TARGET,0.9556101509177743,numpy_complex128
16,65536,2584,C225_1,2.25,1.0,random_state_sign,2026081202,0.8981370988527534,0.08085606701072073,0.9017693451809519,,,,CONTROL_NO_ANALYTIC_TARGET,0.28719754995050284,numpy_complex128
16,65536,2584,C225_7,2.25,7.0,random_state_sign,2026081202,1.0504051406205428,-0.38779852003145787,1.1197047162447122,,,,CONTROL_NO_ANALYTIC_TARGET,0.2923190229699081,numpy_complex128
16,65536,2584,C275_3,2.75,3.0,random_state_sign,2026081202,0.995942465755144,0.10102858526522965,1.0010535301047243,,,,CONTROL_NO_ANALYTIC_TARGET,0.16594022057925034,numpy_complex128
16,65536,2584,C325_11,3.25,11.0,random_state_sign,2026081202,1.0511209748772317,0.1428885458414724,1.0607885936224768,,,,CONTROL_NO_ANALYTIC_TARGET,0.15700167675209908,numpy_complex128
16,65536,2584,R160,1.6,0.0,random_state_sign,2026081203,-1.313863891323489,0.0,1.313863891323489,,,,CONTROL_NO_ANALYTIC_TARGET,0.4665548954430463,numpy_complex128
16,65536,2584,R175,1.75,0.0,random_state_sign,2026081203,-1.2890325957801745,0.0,1.2890325957801745,,,,CONTROL_NO_ANALYTIC_TARGET,0.45481160351334227,numpy_complex128
16,65536,2584,R190,1.9,0.0,random_state_sign,2026081203,-1.2632464875167528,0.0,1.2632464875167528,,,,CONTROL_NO_ANALYTIC_TARGET,0.43407817846968944,numpy_complex128
16,65536,2584,R200,2.0,0.0,random_state_sign,2026081203,-1.2462930958325273,0.0,1.2462930958325273,,,,CONTROL_NO_ANALYTIC_TARGET,0.41720693899696637,numpy_complex128
16,65536,2584,R2125,2.125,0.0,random_state_sign,2026081203,-1.2259473613372263,0.0,1.2259473613372263,,,,CONTROL_NO_ANALYTIC_TARGET,0.39420421941778283,numpy_complex128
16,65536,2584,R250,2.5,0.0,random_state_sign,2026081203,-1.1730948789307996,0.0,1.1730948789307996,,,,CONTROL_NO_ANALYTIC_TARGET,0.32227589640306775,numpy_complex128
16,65536,2584,R300,3.0,0.0,random_state_sign,2026081203,-1.1215642149650313,0.0,1.1215642149650313,,,,CONTROL_NO_ANALYTIC_TARGET,0.23704309366419773,numpy_complex128
16,65536,2584,R400,4.0,0.0,random_state_sign,2026081203,-1.0610914022392137,0.0,1.0610914022392137,,,,CONTROL_NO_ANALYTIC_TARGET,0.12236899634949039,numpy_complex128
16,65536,2584,C160_3,1.6,3.0,random_state_sign,2026081203,-1.156712627062001,0.3227371475427464,1.2008927379282066,,,,CONTROL_NO_ANALYTIC_TARGET,0.37630610108346146,numpy_complex128
16,65536,2584,C160_9,1.6,9.0,random_state_sign,2026081203,-1.264957990905451,-0.3763950862274744,1.3197696691816125,,,,CONTROL_NO_ANALYTIC_TARGET,1.118524685171419,numpy_complex128
16,65536,2584,C175_5,1.75,5.0,random_state_sign,2026081203,-0.8289767836486114,-0.3044905429936695,0.8831290950936768,,,,CONTROL_NO_ANALYTIC_TARGET,0.7227775941150669,numpy_complex128
16,65536,2584,C190_11,1.9,11.0,random_state_sign,2026081203,-0.8903151509357636,0.4161909781647934,0.9827899054688846,,,,CONTROL_NO_ANALYTIC_TARGET,0.6289732986903384,numpy_complex128
16,65536,2584,C225_1,2.25,1.0,random_state_sign,2026081203,-1.1477164191078504,0.1370410992479257,1.1558690417053425,,,,CONTROL_NO_ANALYTIC_TARGET,0.40919124101859494,numpy_complex128
16,65536,2584,C225_7,2.25,7.0,random_state_sign,2026081203,-1.0472099904502208,-0.14297106511009383,1.0569245429818848,,,,CONTROL_NO_ANALYTIC_TARGET,0.32397921545974345,numpy_complex128
16,65536,2584,C275_3,2.75,3.0,random_state_sign,2026081203,-0.9483124636971043,0.14878840480007663,0.9599138076964114,,,,CONTROL_NO_ANALYTIC_TARGET,0.3016669787191318,numpy_complex128
16,65536,2584,C325_11,3.25,11.0,random_state_sign,2026081203,-1.012998829451525,0.11734926762950601,1.0197732488565001,,,,CONTROL_NO_ANALYTIC_TARGET,0.21789440787340514,numpy_complex128
18,262144,6765,R160,1.6,0.0,unsigned,none,15.327407409249117,0.0,15.327407409249117,-0.8542701806849421,0.0,16.181677589934058,MEROMORPHIC_BENCHMARK_ONLY_OUTSIDE_PROVED_DOMAIN,3.1513165933412637,numpy_complex128
18,262144,6765,R175,1.75,0.0,unsigned,none,8.541189137330688,0.0,8.541189137330688,-1.753681974672427,0.0,10.294871112003115,MEROMORPHIC_BENCHMARK_ONLY_OUTSIDE_PROVED_DOMAIN,1.2392125017851408,numpy_complex128
18,262144,6765,R190,1.9,0.0,unsigned,none,5.275176102049547,0.0,5.275176102049547,-5.389417477926302,0.0,10.664593579975849,MEROMORPHIC_BENCHMARK_ONLY_OUTSIDE_PROVED_DOMAIN,0.5009576519285375,numpy_complex128
18,262144,6765,R200,2.0,0.0,unsigned,none,4.049667412519327,0.0,4.049667412519327,,,,PROVED_DIVERGENT_BOUNDARY_NO_FINITE_TARGET,0.27858403933097,numpy_complex128
18,262144,6765,R2125,2.125,0.0,unsigned,none,3.0866731000661387,0.0,3.0866731000661387,5.56989105851767,0.0,2.4832179584515313,PROVED_DIRICHLET_LIMIT_RE_GT_2,0.1366010416307506,numpy_complex128
18,262144,6765,R250,2.5,0.0,unsigned,none,1.8457263734898925,0.0,1.8457263734898925,1.9473724663169567,0.0,0.10164609282706416,PROVED_DIRICHLET_LIMIT_RE_GT_2,0.018781584051286382,numpy_complex128
18,262144,6765,R300,3.0,0.0,unsigned,none,1.3615758505085989,0.0,1.3615758505085989,1.3684327776202059,0.0,0.006856927111607014,PROVED_DIRICHLET_LIMIT_RE_GT_2,0.0019346798640014207,numpy_complex128
18,262144,6765,R400,4.0,0.0,unsigned,none,1.1105022798921156,0.0,1.1105022798921156,1.1106265353261482,0.0,0.0001242554340326052,PROVED_DIRICHLET_LIMIT_RE_GT_2,5.0778583559951684e-05,numpy_complex128
18,262144,6765,C160_3,1.6,3.0,unsigned,none,0.7640821900553787,-0.1470491215197145,0.7781034875256271,0.7486185905344954,0.0039045763883858242,0.1517436714405984,MEROMORPHIC_BENCHMARK_ONLY_OUTSIDE_PROVED_DOMAIN,0.25501193273677575,numpy_complex128
18,262144,6765,C160_9,1.6,9.0,unsigned,none,1.198226084073107,0.08397563466526177,1.2011651242733472,1.1523732409928538,0.0755511054279701,0.04662033795900994,MEROMORPHIC_BENCHMARK_ONLY_OUTSIDE_PROVED_DOMAIN,0.04476488869869227,numpy_complex128
18,262144,6765,C175_5,1.75,5.0,unsigned,none,0.9378831249709609,0.10278971109514376,0.9434990624331951,0.8975932589488682,0.1202477299745946,0.043909631372552466,MEROMORPHIC_BENCHMARK_ONLY_OUTSIDE_PROVED_DOMAIN,0.021032264229642317,numpy_complex128
18,262144,6765,C190_11,1.9,11.0,unsigned,none,1.1861954700575037,-0.11130850111029433,1.1914064275487029,1.1745396812853477,-0.12160548563244583,0.015552662220679312,MEROMORPHIC_BENCHMARK_ONLY_OUTSIDE_PROVED_DOMAIN,0.011310248615221112,numpy_complex128
18,262144,6765,C225_1,2.25,1.0,unsigned,none,0.8348337025761277,-0.509771855642658,0.978169032305933,0.8693218510303373,-0.5056907193813052,0.034728778512687915,PROVED_DIRICHLET_LIMIT_RE_GT_2,0.026884012182624664,numpy_complex128
18,262144,6765,C225_7,2.25,7.0,unsigned,none,1.028075627057316,0.11058014340540769,1.0340055430532535,1.0219620306225508,0.10923921750792362,0.006258925117759184,PROVED_DIRICHLET_LIMIT_RE_GT_2,0.003941134767403997,numpy_complex128
18,262144,6765,C275_3,2.75,3.0,unsigned,none,0.8672911847611035,-0.046303934047834096,0.8685263688988519,0.8655320884182494,-0.04500006655251698,0.0021896324780170695,PROVED_DIRICHLET_LIMIT_RE_GT_2,0.0008253863827991235,numpy_complex128
18,262144,6765,C325_11,3.25,11.0,unsigned,none,1.0587879425997833,-0.07321165807305809,1.0613160953610796,1.0585578233592894,-0.07334211171773833,0.0002645241354883087,PROVED_DIRICHLET_LIMIT_RE_GT_2,0.0003352176819646383,numpy_complex128
18,262144,6765,R160,1.6,0.0,liouville,none,-1.3979391288837382,0.0,1.3979391288837382,-5.609872316590871,0.0,4.211933187707133,ANALYTIC_CONTINUATION_BENCHMARK_CONDITIONAL_REGION,0.1569455145171108,numpy_complex128
18,262144,6765,R175,1.75,0.0,liouville,none,-0.5778792763890988,0.0,0.5778792763890988,-1.3220972148887582,0.0,0.7442179384996594,ANALYTIC_CONTINUATION_BENCHMARK_CONDITIONAL_REGION,0.06605528557420215,numpy_complex128
18,262144,6765,R190,1.9,0.0,liouville,none,-0.10425548973362861,0.0,0.10425548973362861,-0.31821603673688553,0.0,0.21396054700325692,ANALYTIC_CONTINUATION_BENCHMARK_CONDITIONAL_REGION,0.029469307904267383,numpy_complex128
18,262144,6765,R200,2.0,0.0,liouville,none,0.1040997641865065,0.0,0.1040997641865065,0.0,0.0,0.1040997641865065,BOUNDARY_VALUE_BENCHMARK_NO_CONVERGENCE_CLAIM,0.017871961970341077,numpy_complex128
18,262144,6765,R2125,2.125,0.0,liouville,none,0.29135774147829807,0.0,0.29135774147829807,0.24571032077518914,0.0,0.045647420703108926,PROVED_DIRICHLET_LIMIT_RE_GT_2,0.01001455985288241,numpy_complex128
18,262144,6765,R250,2.5,0.0,liouville,none,0.6005129896384489,0.0,0.6005129896384489,0.595288513077927,0.0,0.00522447656052194,PROVED_DIRICHLET_LIMIT_RE_GT_2,0.002333337793685719,numpy_complex128
18,262144,6765,R300,3.0,0.0,liouville,none,0.7778566724746864,0.0,0.7778566724746864,0.7774385747283037,0.0,0.00041809774638268404,PROVED_DIRICHLET_LIMIT_RE_GT_2,0.0004928745423521397,numpy_complex128
18,262144,6765,R400,4.0,0.0,liouville,none,0.9122920420272105,0.0,0.9122920420272105,0.9122885184134706,0.0,3.523613739897513e-06,PROVED_DIRICHLET_LIMIT_RE_GT_2,2.8975953775045582e-05,numpy_complex128
18,262144,6765,C160_3,1.6,3.0,liouville,none,1.236962506609409,0.2431600808121973,1.2606359774566274,1.253187450727632,0.22713045832151119,0.02280784095072061,ANALYTIC_CONTINUATION_BENCHMARK_CONDITIONAL_REGION,0.05368937037978528,numpy_complex128
18,262144,6765,C160_9,1.6,9.0,liouville,none,1.2981345998746512,-0.1464822788401024,1.3063730314905886,1.2972871362768856,-0.1489893400747726,0.0026464222232901206,ANALYTIC_CONTINUATION_BENCHMARK_CONDITIONAL_REGION,0.040251841065215094,numpy_complex128
18,262144,6765,C175_5,1.75,5.0,liouville,none,1.312648463948101,-0.22323451142694212,1.3314952636030422,1.3018741815736319,-0.22726082508657916,0.011502015578609583,ANALYTIC_CONTINUATION_BENCHMARK_CONDITIONAL_REGION,0.04188314615222085,numpy_complex128
18,262144,6765,C190_11,1.9,11.0,liouville,none,0.7503939427319144,0.15585770504287547,0.7664089597010069,0.7358088392231449,0.15006350731843446,0.015693883255314414,ANALYTIC_CONTINUATION_BENCHMARK_CONDITIONAL_REGION,0.008827973207716505,numpy_complex128
18,262144,6765,C225_1,2.25,1.0,liouville,none,0.8949220428942037,0.34138352441045916,0.9578247092223303,0.8910861210873188,0.3344518483849842,0.007922274208248531,PROVED_DIRICHLET_LIMIT_RE_GT_2,0.0020227263255261745,numpy_complex128
18,262144,6765,C225_7,2.25,7.0,liouville,none,0.8059359854763811,-0.07448326779833048,0.809370477511815,0.8014341670953269,-0.07430516704345921,0.004505340011018423,PROVED_DIRICHLET_LIMIT_RE_GT_2,0.006912062043882832,numpy_complex128
18,262144,6765,C275_3,2.75,3.0,liouville,none,1.1246754787267337,0.11387131730069154,1.1304254107870197,1.1243378104343127,0.11352204428068285,0.0004858101668476022,PROVED_DIRICHLET_LIMIT_RE_GT_2,0.0014314539444894856,numpy_complex128
18,262144,6765,C325_11,3.25,11.0,liouville,none,0.9167473571319728,0.05611531299215196,0.918463197499314,0.916562185840334,0.056044041325188323,0.00019841385475550662,PROVED_DIRICHLET_LIMIT_RE_GT_2,0.00022664585452048194,numpy_complex128
18,262144,6765,R160,1.6,0.0,mobius,none,-1.2477867747421505,0.0,1.2477867747421505,,,,CONTROL_NO_ANALYTIC_TARGET,0.07416561968342039,numpy_complex128
18,262144,6765,R175,1.75,0.0,mobius,none,-0.5770327230878436,0.0,0.5770327230878436,,,,CONTROL_NO_ANALYTIC_TARGET,0.030640500056733244,numpy_complex128
18,262144,6765,R190,1.9,0.0,mobius,none,-0.15861824993319407,0.0,0.15861824993319407,,,,CONTROL_NO_ANALYTIC_TARGET,0.01310870433567729,numpy_complex128
18,262144,6765,R200,2.0,0.0,mobius,none,0.03675985859152586,0.0,0.03675985859152586,,,,CONTROL_NO_ANALYTIC_TARGET,0.007628106976620724,numpy_complex128
18,262144,6765,R2125,2.125,0.0,mobius,none,0.22052396934099217,0.0,0.22052396934099217,,,,CONTROL_NO_ANALYTIC_TARGET,0.004010821103612949,numpy_complex128
18,262144,6765,R250,2.5,0.0,mobius,none,0.5465748101110522,0.0,0.5465748101110522,,,,CONTROL_NO_ANALYTIC_TARGET,0.0007688867911962438,numpy_complex128
18,262144,6765,R300,3.0,0.0,mobius,none,0.7485669439339535,0.0,0.7485669439339535,,,,CONTROL_NO_ANALYTIC_TARGET,0.00015036326503559128,numpy_complex128
18,262144,6765,R400,4.0,0.0,mobius,none,0.9047012052346184,0.0,0.9047012052346184,,,,CONTROL_NO_ANALYTIC_TARGET,1.0009398956678517e-05,numpy_complex128
18,262144,6765,C160_3,1.6,3.0,mobius,none,1.345538651191131,0.0976978372998557,1.3490808460808852,,,,CONTROL_NO_ANALYTIC_TARGET,0.04016220013759172,numpy_complex128
18,262144,6765,C160_9,1.6,9.0,mobius,none,1.1253532519765772,-0.02572105481044379,1.1256471535942423,,,,CONTROL_NO_ANALYTIC_TARGET,0.031557990693414355,numpy_complex128
18,262144,6765,C175_5,1.75,5.0,mobius,none,1.135974642141182,-0.09961402735720981,1.1403338730539005,,,,CONTROL_NO_ANALYTIC_TARGET,0.027184700591603658,numpy_complex128
18,262144,6765,C190_11,1.9,11.0,mobius,none,0.7938386785525813,0.13381929710579338,0.8050387890306883,,,,CONTROL_NO_ANALYTIC_TARGET,0.0013701173687486596,numpy_complex128
18,262144,6765,C225_1,2.25,1.0,mobius,none,0.8728994404620172,0.4334478046023315,0.9745924442932459,,,,CONTROL_NO_ANALYTIC_TARGET,0.000539474424021646,numpy_complex128
18,262144,6765,C225_7,2.25,7.0,mobius,none,0.9128522047820908,-0.10296177452980598,0.9186404491365765,,,,CONTROL_NO_ANALYTIC_TARGET,0.005045995891908363,numpy_complex128
18,262144,6765,C275_3,2.75,3.0,mobius,none,1.148762088763723,0.07962005570696445,1.151517993715935,,,,CONTROL_NO_ANALYTIC_TARGET,0.0008339974631761025,numpy_complex128
18,262144,6765,C325_11,3.25,11.0,mobius,none,0.9307599974963449,0.0634574717348624,0.9329206952674899,,,,CONTROL_NO_ANALYTIC_TARGET,6.525141240829682e-05,numpy_complex128
18,262144,6765,R160,1.6,0.0,symbolic_parity,none,0.5224093600691306,0.0,0.5224093600691306,,,,CONTROL_NO_ANALYTIC_TARGET,0.0042203652691709115,numpy_complex128
18,262144,6765,R175,1.75,0.0,symbolic_parity,none,0.5769816030440411,0.0,0.5769816030440411,,,,CONTROL_NO_ANALYTIC_TARGET,0.0033219028942601536,numpy_complex128
18,262144,6765,R190,1.9,0.0,symbolic_parity,none,0.6262824109386559,0.0,0.6262824109386559,,,,CONTROL_NO_ANALYTIC_TARGET,0.0025452489552167945,numpy_complex128
18,262144,6765,R200,2.0,0.0,symbolic_parity,none,0.656214143806781,0.0,0.656214143806781,,,,CONTROL_NO_ANALYTIC_TARGET,0.00210387708274673,numpy_complex128
18,262144,6765,R2125,2.125,0.0,symbolic_parity,none,0.690434794031432,0.0,0.690434794031432,,,,CONTROL_NO_ANALYTIC_TARGET,0.0016372824325239232,numpy_complex128
18,262144,6765,R250,2.5,0.0,symbolic_parity,none,0.773901853572485,0.0,0.773901853572485,,,,CONTROL_NO_ANALYTIC_TARGET,0.0007203193387474993,numpy_complex128
18,262144,6765,R300,3.0,0.0,symbolic_parity,none,0.8499770983958114,0.0,0.8499770983958114,,,,CONTROL_NO_ANALYTIC_TARGET,0.00021473357113843683,numpy_complex128
18,262144,6765,R400,4.0,0.0,symbolic_parity,none,0.9312094182606228,0.0,0.9312094182606228,,,,CONTROL_NO_ANALYTIC_TARGET,1.5307229427330427e-05,numpy_complex128
18,262144,6765,C160_3,1.6,3.0,symbolic_parity,none,1.1008819346166236,0.23299774023909442,1.1252684039471492,,,,CONTROL_NO_ANALYTIC_TARGET,0.05846667118794153,numpy_complex128
18,262144,6765,C160_9,1.6,9.0,symbolic_parity,none,0.5615203797365447,-0.2911025447179504,0.6324917615279583,,,,CONTROL_NO_ANALYTIC_TARGET,0.010795050388166213,numpy_complex128
18,262144,6765,C175_5,1.75,5.0,symbolic_parity,none,1.1637473776648966,-0.06027945260719535,1.1653075008033487,,,,CONTROL_NO_ANALYTIC_TARGET,0.020445149148755334,numpy_complex128
18,262144,6765,C190_11,1.9,11.0,symbolic_parity,none,1.1506108373890338,0.45350299486285556,1.236757965596613,,,,CONTROL_NO_ANALYTIC_TARGET,0.00152538820544644,numpy_complex128
18,262144,6765,C225_1,2.25,1.0,symbolic_parity,none,0.8219734067401633,0.2071555758806276,0.8476754768226248,,,,CONTROL_NO_ANALYTIC_TARGET,0.001728089118621672,numpy_complex128
18,262144,6765,C225_7,2.25,7.0,symbolic_parity,none,1.02331763984376,-0.18078458041113807,1.0391641143389405,,,,CONTROL_NO_ANALYTIC_TARGET,0.0045132161202561995,numpy_complex128
18,262144,6765,C275_3,2.75,3.0,symbolic_parity,none,1.085969221579863,0.10511376005390376,1.091044477907039,,,,CONTROL_NO_ANALYTIC_TARGET,0.0009421004377666178,numpy_complex128
18,262144,6765,C325_11,3.25,11.0,symbolic_parity,none,0.9993316066775616,0.12646050800503938,1.00730130556336,,,,CONTROL_NO_ANALYTIC_TARGET,0.00010941281425531448,numpy_complex128
18,262144,6765,R160,1.6,0.0,random_state_sign,2026081201,1.2873995233915023,0.0,1.2873995233915023,,,,CONTROL_NO_ANALYTIC_TARGET,2.480338727092139,numpy_complex128
18,262144,6765,R175,1.75,0.0,random_state_sign,2026081201,1.2583895940567502,0.0,1.2583895940567502,,,,CONTROL_NO_ANALYTIC_TARGET,2.386364984296916,numpy_complex128
18,262144,6765,R190,1.9,0.0,random_state_sign,2026081201,1.236517505721988,0.0,1.236517505721988,,,,CONTROL_NO_ANALYTIC_TARGET,2.3228916610837267,numpy_complex128
18,262144,6765,R200,2.0,0.0,random_state_sign,2026081201,1.223691047153483,0.0,1.223691047153483,,,,CONTROL_NO_ANALYTIC_TARGET,2.2896723880485976,numpy_complex128
18,262144,6765,R2125,2.125,0.0,random_state_sign,2026081201,1.2086632189918913,0.0,1.2086632189918913,,,,CONTROL_NO_ANALYTIC_TARGET,2.2543863709681666,numpy_complex128
18,262144,6765,R250,2.5,0.0,random_state_sign,2026081201,1.1676009649212822,0.0,1.1676009649212822,,,,CONTROL_NO_ANALYTIC_TARGET,2.173355523775571,numpy_complex128
18,262144,6765,R300,3.0,0.0,random_state_sign,2026081201,1.121990703848048,0.0,1.121990703848048,,,,CONTROL_NO_ANALYTIC_TARGET,2.101796517885138,numpy_complex128
18,262144,6765,R400,4.0,0.0,random_state_sign,2026081201,1.0621484369026932,0.0,1.0621484369026932,,,,CONTROL_NO_ANALYTIC_TARGET,2.033046357987547,numpy_complex128
18,262144,6765,C160_3,1.6,3.0,random_state_sign,2026081201,0.9070502071112739,-0.33768465806732106,0.9678693127249404,,,,CONTROL_NO_ANALYTIC_TARGET,1.4048471129111861,numpy_complex128
18,262144,6765,C160_9,1.6,9.0,random_state_sign,2026081201,1.2640414952379166,-0.028308176439391767,1.2643584359415774,,,,CONTROL_NO_ANALYTIC_TARGET,1.507954744827133,numpy_complex128
18,262144,6765,C175_5,1.75,5.0,random_state_sign,2026081201,0.8133353342860279,0.06765113003026876,0.8161440077538626,,,,CONTROL_NO_ANALYTIC_TARGET,2.5175581165919856,numpy_complex128
18,262144,6765,C190_11,1.9,11.0,random_state_sign,2026081201,1.1029524724316768,-0.296917892227469,1.1422190644390207,,,,CONTROL_NO_ANALYTIC_TARGET,2.0833941778868645,numpy_complex128
18,262144,6765,C225_1,2.25,1.0,random_state_sign,2026081201,1.174268945347786,-0.12262633067189992,1.1806543833748535,,,,CONTROL_NO_ANALYTIC_TARGET,2.1455818272841483,numpy_complex128
18,262144,6765,C225_7,2.25,7.0,random_state_sign,2026081201,1.030879728742514,0.2293253332113647,1.0560791275206336,,,,CONTROL_NO_ANALYTIC_TARGET,1.9655305550453706,numpy_complex128
18,262144,6765,C275_3,2.75,3.0,random_state_sign,2026081201,0.926095506271376,-0.13230582233855936,0.9354986463703294,,,,CONTROL_NO_ANALYTIC_TARGET,1.8610279697621515,numpy_complex128
18,262144,6765,C325_11,3.25,11.0,random_state_sign,2026081201,1.0260563154147064,-0.10447830239840128,1.031361856030392,,,,CONTROL_NO_ANALYTIC_TARGET,2.0307775459604596,numpy_complex128
18,262144,6765,R160,1.6,0.0,random_state_sign,2026081202,1.4119805323154548,0.0,1.4119805323154548,,,,CONTROL_NO_ANALYTIC_TARGET,0.6270016085201754,numpy_complex128
18,262144,6765,R175,1.75,0.0,random_state_sign,2026081202,1.351109591002004,0.0,1.351109591002004,,,,CONTROL_NO_ANALYTIC_TARGET,0.5440021385949168,numpy_complex128
18,262144,6765,R190,1.9,0.0,random_state_sign,2026081202,1.3093298832485032,0.0,1.3093298832485032,,,,CONTROL_NO_ANALYTIC_TARGET,0.4831934038100206,numpy_complex128
18,262144,6765,R200,2.0,0.0,random_state_sign,2026081202,1.2870008024598967,0.0,1.2870008024598967,,,,CONTROL_NO_ANALYTIC_TARGET,0.4493758840389057,numpy_complex128
18,262144,6765,R2125,2.125,0.0,random_state_sign,2026081202,1.2626821390090233,0.0,1.2626821390090233,,,,CONTROL_NO_ANALYTIC_TARGET,0.4118573003037458,numpy_complex128
18,262144,6765,R250,2.5,0.0,random_state_sign,2026081202,1.202928105083091,0.0,1.202928105083091,,,,CONTROL_NO_ANALYTIC_TARGET,0.3192387349878285,numpy_complex128
18,262144,6765,R300,3.0,0.0,random_state_sign,2026081202,1.1423880408392175,0.0,1.1423880408392175,,,,CONTROL_NO_ANALYTIC_TARGET,0.2270639759493911,numpy_complex128
18,262144,6765,R400,4.0,0.0,random_state_sign,2026081202,1.0683837705433388,0.0,1.0683837705433388,,,,CONTROL_NO_ANALYTIC_TARGET,0.11446893185392937,numpy_complex128
18,262144,6765,C160_3,1.6,3.0,random_state_sign,2026081202,0.48973030948974045,-0.19997155743036824,0.5289843096104496,,,,CONTROL_NO_ANALYTIC_TARGET,0.5119006393602246,numpy_complex128
18,262144,6765,C160_9,1.6,9.0,random_state_sign,2026081202,1.6292773218762135,0.0008723597756510423,1.629277555418875,,,,CONTROL_NO_ANALYTIC_TARGET,1.425002220963852,numpy_complex128
18,262144,6765,C175_5,1.75,5.0,random_state_sign,2026081202,0.9916512234085725,-0.1782634545605208,1.0075465290097374,,,,CONTROL_NO_ANALYTIC_TARGET,0.544796625728617,numpy_complex128
18,262144,6765,C190_11,1.9,11.0,random_state_sign,2026081202,1.0351150419761108,-0.21601475890183383,1.0574145479369115,,,,CONTROL_NO_ANALYTIC_TARGET,0.8655012679581414,numpy_complex128
18,262144,6765,C225_1,2.25,1.0,random_state_sign,2026081202,1.2019508240605181,-0.16077196341221273,1.212655518966197,,,,CONTROL_NO_ANALYTIC_TARGET,0.38818408611209865,numpy_complex128
18,262144,6765,C225_7,2.25,7.0,random_state_sign,2026081202,0.9517983924128295,0.24926641146671755,0.9838973135877247,,,,CONTROL_NO_ANALYTIC_TARGET,0.644651082165286,numpy_complex128
18,262144,6765,C275_3,2.75,3.0,random_state_sign,2026081202,0.8817901745497815,-0.09935468006390655,0.8873698577161246,,,,CONTROL_NO_ANALYTIC_TARGET,0.23061699549556378,numpy_complex128
18,262144,6765,C325_11,3.25,11.0,random_state_sign,2026081202,1.0093213229748366,-0.10619178195153024,1.0148922246060001,,,,CONTROL_NO_ANALYTIC_TARGET,0.2525633001697417,numpy_complex128
18,262144,6765,R160,1.6,0.0,random_state_sign,2026081203,1.4790067591876686,0.0,1.4790067591876686,,,,CONTROL_NO_ANALYTIC_TARGET,2.7928706505111576,numpy_complex128
18,262144,6765,R175,1.75,0.0,random_state_sign,2026081203,1.3776916704259965,0.0,1.3776916704259965,,,,CONTROL_NO_ANALYTIC_TARGET,2.666724266206171,numpy_complex128
18,262144,6765,R190,1.9,0.0,random_state_sign,2026081203,1.3056983709371421,0.0,1.3056983709371421,,,,CONTROL_NO_ANALYTIC_TARGET,2.5689448584538948,numpy_complex128
18,262144,6765,R200,2.0,0.0,random_state_sign,2026081203,1.2685999921003033,0.0,1.2685999921003033,,,,CONTROL_NO_ANALYTIC_TARGET,2.5148930879328306,numpy_complex128
18,262144,6765,R2125,2.125,0.0,random_state_sign,2026081203,1.2309757677963635,0.0,1.2309757677963635,,,,CONTROL_NO_ANALYTIC_TARGET,2.45692312913359,numpy_complex128
18,262144,6765,R250,2.5,0.0,random_state_sign,2026081203,1.155340187769397,0.0,1.155340187769397,,,,CONTROL_NO_ANALYTIC_TARGET,2.3284350667001963,numpy_complex128
18,262144,6765,R300,3.0,0.0,random_state_sign,2026081203,1.100236336631452,0.0,1.100236336631452,,,,CONTROL_NO_ANALYTIC_TARGET,2.221800551596483,numpy_complex128
18,262144,6765,R400,4.0,0.0,random_state_sign,2026081203,1.0488998844354556,0.0,1.0488998844354556,,,,CONTROL_NO_ANALYTIC_TARGET,2.1099912866746693,numpy_complex128
18,262144,6765,C160_3,1.6,3.0,random_state_sign,2026081203,1.0968338740496213,-0.17956423094847634,1.1114350454699629,,,,CONTROL_NO_ANALYTIC_TARGET,2.3088478744834227,numpy_complex128
18,262144,6765,C160_9,1.6,9.0,random_state_sign,2026081203,1.4269458003010034,-0.2745010003393869,1.4531087764458637,,,,CONTROL_NO_ANALYTIC_TARGET,2.693831551127622,numpy_complex128
18,262144,6765,C175_5,1.75,5.0,random_state_sign,2026081203,0.7624200413100527,-0.3310354402512961,0.8311851671520564,,,,CONTROL_NO_ANALYTIC_TARGET,1.591618197325896,numpy_complex128
18,262144,6765,C190_11,1.9,11.0,random_state_sign,2026081203,0.6884894555232064,-0.572473768740803,0.8954015558747592,,,,CONTROL_NO_ANALYTIC_TARGET,1.8628156020255924,numpy_complex128
18,262144,6765,C225_1,2.25,1.0,random_state_sign,2026081203,1.0839038311021099,-0.131745297198502,1.0918811008584006,,,,CONTROL_NO_ANALYTIC_TARGET,2.2477488890135886,numpy_complex128
18,262144,6765,C225_7,2.25,7.0,random_state_sign,2026081203,0.9358641908095834,0.5122042522053375,1.0668622121046867,,,,CONTROL_NO_ANALYTIC_TARGET,2.08850135379382,numpy_complex128
18,262144,6765,C275_3,2.75,3.0,random_state_sign,2026081203,1.0032056936335625,-0.09216497802688389,1.00743041790165,,,,CONTROL_NO_ANALYTIC_TARGET,1.9663371153205234,numpy_complex128
18,262144,6765,C325_11,3.25,11.0,random_state_sign,2026081203,0.9559497133402614,-0.13610633053415191,0.9655903829506587,,,,CONTROL_NO_ANALYTIC_TARGET,1.9851947270739958,numpy_complex128
20,1048576,17711,R160,1.6,0.0,unsigned,none,19.216007472053416,0.0,19.216007472053416,-0.8542701806849421,0.0,20.07027765273836,MEROMORPHIC_BENCHMARK_ONLY_OUTSIDE_PROVED_DOMAIN,3.888600062804299,numpy_complex128
20,1048576,17711,R175,1.75,0.0,unsigned,none,9.934787341094886,0.0,9.934787341094886,-1.753681974672427,0.0,11.688469315767312,MEROMORPHIC_BENCHMARK_ONLY_OUTSIDE_PROVED_DOMAIN,1.3935982037641974,numpy_complex128
20,1048576,17711,R190,1.9,0.0,unsigned,none,5.791725063449043,0.0,5.791725063449043,-5.389417477926302,0.0,11.181142541375344,MEROMORPHIC_BENCHMARK_ONLY_OUTSIDE_PROVED_DOMAIN,0.5165489613994962,numpy_complex128
20,1048576,17711,R200,2.0,0.0,unsigned,none,4.321860034834967,0.0,4.321860034834967,,,,PROVED_DIVERGENT_BOUNDARY_NO_FINITE_TARGET,0.27219262231564034,numpy_complex128
20,1048576,17711,R2125,2.125,0.0,unsigned,none,3.2120949494489706,0.0,3.2120949494489706,5.56989105851767,0.0,2.3577961090686994,PROVED_DIRICHLET_LIMIT_RE_GT_2,0.12542184938283185,numpy_complex128
20,1048576,17711,R250,2.5,0.0,unsigned,none,1.8606147522172751,0.0,1.8606147522172751,1.9473724663169567,0.0,0.08675771409968158,PROVED_DIRICHLET_LIMIT_RE_GT_2,0.014888378727382579,numpy_complex128
20,1048576,17711,R300,3.0,0.0,unsigned,none,1.3629529685020512,0.0,1.3629529685020512,1.3684327776202059,0.0,0.00547980911815471,PROVED_DIRICHLET_LIMIT_RE_GT_2,0.0013771179934523037,numpy_complex128
20,1048576,17711,R400,4.0,0.0,unsigned,none,1.1105351209537175,0.0,1.1105351209537175,1.1106265353261482,0.0,9.141437243065376e-05,PROVED_DIRICHLET_LIMIT_RE_GT_2,3.284106160195144e-05,numpy_complex128
20,1048576,17711,C160_3,1.6,3.0,unsigned,none,0.7138098335284079,0.052740912560560974,0.7157556023529079,0.7486185905344954,0.0039045763883858242,0.059971970911672993,MEROMORPHIC_BENCHMARK_ONLY_OUTSIDE_PROVED_DOMAIN,0.2060178816233496,numpy_complex128
20,1048576,17711,C160_9,1.6,9.0,unsigned,none,1.1846167047530398,0.03491143253852515,1.1851310245292892,1.1523732409928538,0.0755511054279701,0.05187700808465652,MEROMORPHIC_BENCHMARK_ONLY_OUTSIDE_PROVED_DOMAIN,0.05091670782572982,numpy_complex128
20,1048576,17711,C175_5,1.75,5.0,unsigned,none,0.9125150515833172,0.08800442974810734,0.9167488745678359,0.8975932589488682,0.1202477299745946,0.035528725067484355,MEROMORPHIC_BENCHMARK_ONLY_OUTSIDE_PROVED_DOMAIN,0.02936228349280585,numpy_complex128
20,1048576,17711,C190_11,1.9,11.0,unsigned,none,1.19100650401288,-0.13074102834049317,1.198160969608221,1.1745396812853477,-0.12160548563244583,0.018831207908961523,MEROMORPHIC_BENCHMARK_ONLY_OUTSIDE_PROVED_DOMAIN,0.020019219821766382,numpy_complex128
20,1048576,17711,C225_1,2.25,1.0,unsigned,none,0.8520371499388081,-0.5063051740734105,0.9911166602218698,0.8693218510303373,-0.5056907193813052,0.017295619283279867,PROVED_DIRICHLET_LIMIT_RE_GT_2,0.017549258738279425,numpy_complex128
20,1048576,17711,C225_7,2.25,7.0,unsigned,none,1.0274794978231323,0.10615925703760414,1.0329491305488632,1.0219620306225508,0.10923921750792362,0.006318908197483472,PROVED_DIRICHLET_LIMIT_RE_GT_2,0.004460897481547812,numpy_complex128
20,1048576,17711,C275_3,2.75,3.0,unsigned,none,0.8666592295420862,-0.046506978515722504,0.8679061695835237,0.8655320884182494,-0.04500006655251698,0.0018818158193340993,PROVED_DIRICHLET_LIMIT_RE_GT_2,0.0006637728939804996,numpy_complex128
20,1048576,17711,C325_11,3.25,11.0,unsigned,none,1.0587399217721658,-0.07346052351995991,1.0612853859683353,1.0585578233592894,-0.07334211171773833,0.00021721230830105671,PROVED_DIRICHLET_LIMIT_RE_GT_2,0.00025345613140484306,numpy_complex128
20,1048576,17711,R160,1.6,0.0,liouville,none,-1.5636198233838987,0.0,1.5636198233838987,-5.609872316590871,0.0,4.046252493206972,ANALYTIC_CONTINUATION_BENCHMARK_CONDITIONAL_REGION,0.16568069450016054,numpy_complex128
20,1048576,17711,R175,1.75,0.0,liouville,none,-0.6454406097037667,0.0,0.6454406097037667,-1.3220972148887582,0.0,0.6766566051849915,ANALYTIC_CONTINUATION_BENCHMARK_CONDITIONAL_REGION,0.06756133331466796,numpy_complex128
20,1048576,17711,R190,1.9,0.0,liouville,none,-0.13274540210809274,0.0,0.13274540210809274,-0.31821603673688553,0.0,0.1854706346287928,ANALYTIC_CONTINUATION_BENCHMARK_CONDITIONAL_REGION,0.028489912374464132,numpy_complex128
20,1048576,17711,R200,2.0,0.0,liouville,none,0.08778808269699664,0.0,0.08778808269699664,0.0,0.0,0.08778808269699664,BOUNDARY_VALUE_BENCHMARK_NO_CONVERGENCE_CLAIM,0.016311681489509858,numpy_complex128
20,1048576,17711,R2125,2.125,0.0,liouville,none,0.283073454821301,0.0,0.283073454821301,0.24571032077518914,0.0,0.03736313404611183,PROVED_DIRICHLET_LIMIT_RE_GT_2,0.008284286656997097,numpy_complex128
20,1048576,17711,R250,2.5,0.0,liouville,none,0.5992825706184863,0.0,0.5992825706184863,0.595288513077927,0.0,0.00399405754055937,PROVED_DIRICHLET_LIMIT_RE_GT_2,0.0012304190199625697,numpy_complex128
20,1048576,17711,R300,3.0,0.0,liouville,none,0.7777276148140723,0.0,0.7777276148140723,0.7774385747283037,0.0,0.0002890400857685771,PROVED_DIRICHLET_LIMIT_RE_GT_2,0.00012905766061410695,numpy_complex128
20,1048576,17711,R400,4.0,0.0,liouville,none,0.9122886644791973,0.0,0.9122886644791973,0.9122885184134706,0.0,1.4606572673603324e-07,PROVED_DIRICHLET_LIMIT_RE_GT_2,3.37754801316148e-06,numpy_complex128
20,1048576,17711,C160_3,1.6,3.0,liouville,none,1.2682183119622041,0.2470393950448575,1.2920550102454584,1.253187450727632,0.22713045832151119,0.024945792248537085,ANALYTIC_CONTINUATION_BENCHMARK_CONDITIONAL_REGION,0.03149562584181394,numpy_complex128
20,1048576,17711,C160_9,1.6,9.0,liouville,none,1.2964952933242662,-0.14859267841492166,1.304982693253246,1.2972871362768856,-0.1489893400747726,0.0008856386023705307,ANALYTIC_CONTINUATION_BENCHMARK_CONDITIONAL_REGION,0.0026722859748785415,numpy_complex128
20,1048576,17711,C175_5,1.75,5.0,liouville,none,1.3094768067525167,-0.22215114419806892,1.3281869741460646,1.3018741815736319,-0.22726082508657916,0.00916017185390206,ANALYTIC_CONTINUATION_BENCHMARK_CONDITIONAL_REGION,0.0033515808089465632,numpy_complex128
20,1048576,17711,C190_11,1.9,11.0,liouville,none,0.7422885159826434,0.1612753491462222,0.7596064633755765,0.7358088392231449,0.15006350731843446,0.012949579455677969,ANALYTIC_CONTINUATION_BENCHMARK_CONDITIONAL_REGION,0.009749297944894536,numpy_complex128
20,1048576,17711,C225_1,2.25,1.0,liouville,none,0.8939243757857788,0.339247815032383,0.9561327677829268,0.8910861210873188,0.3344518483849842,0.005572879490558879,PROVED_DIRICHLET_LIMIT_RE_GT_2,0.0023572429248670005,numpy_complex128
20,1048576,17711,C225_7,2.25,7.0,liouville,none,0.8051344809160988,-0.07362821676485572,0.8084940609948897,0.8014341670953269,-0.07430516704345921,0.0037617262063974486,PROVED_DIRICHLET_LIMIT_RE_GT_2,0.0011719734766621368,numpy_complex128
20,1048576,17711,C275_3,2.75,3.0,liouville,none,1.1247976068652297,0.11399167103128983,1.1305590464342203,1.1243378104343127,0.11352204428068285,0.0006572381933284651,PROVED_DIRICHLET_LIMIT_RE_GT_2,0.00017146516462950362,numpy_complex128
20,1048576,17711,C325_11,3.25,11.0,liouville,none,0.916682157804544,0.056159851531581276,0.9184008424218938,0.916562185840334,0.056044041325188323,0.00016674914123071338,PROVED_DIRICHLET_LIMIT_RE_GT_2,7.895969726170669e-05,numpy_complex128
20,1048576,17711,R160,1.6,0.0,mobius,none,-1.3031988898904823,0.0,1.3031988898904823,,,,CONTROL_NO_ANALYTIC_TARGET,0.055412115148331775,numpy_complex128
20,1048576,17711,R175,1.75,0.0,mobius,none,-0.5972542250154826,0.0,0.5972542250154826,,,,CONTROL_NO_ANALYTIC_TARGET,0.020221501927639052,numpy_complex128
20,1048576,17711,R190,1.9,0.0,mobius,none,-0.16548407873111115,0.0,0.16548407873111115,,,,CONTROL_NO_ANALYTIC_TARGET,0.006865828797917084,numpy_complex128
20,1048576,17711,R200,2.0,0.0,mobius,none,0.033720753977244056,0.0,0.033720753977244056,,,,CONTROL_NO_ANALYTIC_TARGET,0.0030391046142818068,numpy_complex128
20,1048576,17711,R2125,2.125,0.0,mobius,none,0.21971873997660973,0.0,0.21971873997660973,,,,CONTROL_NO_ANALYTIC_TARGET,0.0008052293643824315,numpy_complex128
20,1048576,17711,R250,2.5,0.0,mobius,none,0.5469835587885883,0.0,0.5469835587885883,,,,CONTROL_NO_ANALYTIC_TARGET,0.0004087486775360416,numpy_complex128
20,1048576,17711,R300,3.0,0.0,mobius,none,0.7487290356393554,0.0,0.7487290356393554,,,,CONTROL_NO_ANALYTIC_TARGET,0.0001620917054019344,numpy_complex128
20,1048576,17711,R400,4.0,0.0,mobius,none,0.9047107379437853,0.0,0.9047107379437853,,,,CONTROL_NO_ANALYTIC_TARGET,9.532709166926168e-06,numpy_complex128
20,1048576,17711,C160_3,1.6,3.0,mobius,none,1.3465803416550288,0.10007148576706157,1.350293641692577,,,,CONTROL_NO_ANALYTIC_TARGET,0.0025921662887331467,numpy_complex128
20,1048576,17711,C160_9,1.6,9.0,mobius,none,1.1087459057006965,-0.04063427578057516,1.1094902558275443,,,,CONTROL_NO_ANALYTIC_TARGET,0.022320575934123513,numpy_complex128
20,1048576,17711,C175_5,1.75,5.0,mobius,none,1.129109038540455,-0.11045116825409973,1.1344984272719139,,,,CONTROL_NO_ANALYTIC_TARGET,0.012828878969783783,numpy_complex128
20,1048576,17711,C190_11,1.9,11.0,mobius,none,0.7852341857571433,0.12992188287327602,0.7959098077866745,,,,CONTROL_NO_ANALYTIC_TARGET,0.00944601153749944,numpy_complex128
20,1048576,17711,C225_1,2.25,1.0,mobius,none,0.8703309246476812,0.43191406205019534,0.9716098370203895,,,,CONTROL_NO_ANALYTIC_TARGET,0.002991594843010485,numpy_complex128
20,1048576,17711,C225_7,2.25,7.0,mobius,none,0.9105354887180714,-0.10390975916407957,0.9164453689471044,,,,CONTROL_NO_ANALYTIC_TARGET,0.00250316763084384,numpy_complex128
20,1048576,17711,C275_3,2.75,3.0,mobius,none,1.1483782785329193,0.07952829912645348,1.1511287595087605,,,,CONTROL_NO_ANALYTIC_TARGET,0.0003946258523421094,numpy_complex128
20,1048576,17711,C325_11,3.25,11.0,mobius,none,0.9306957885640532,0.0633827221985515,0.9328515532088498,,,,CONTROL_NO_ANALYTIC_TARGET,9.854075382666273e-05,numpy_complex128
20,1048576,17711,R160,1.6,0.0,symbolic_parity,none,0.5188697959346046,0.0,0.5188697959346046,,,,CONTROL_NO_ANALYTIC_TARGET,0.003539564134526052,numpy_complex128
20,1048576,17711,R175,1.75,0.0,symbolic_parity,none,0.5742221934444397,0.0,0.5742221934444397,,,,CONTROL_NO_ANALYTIC_TARGET,0.0027594095996014145,numpy_complex128
20,1048576,17711,R190,1.9,0.0,symbolic_parity,none,0.6241914686200023,0.0,0.6241914686200023,,,,CONTROL_NO_ANALYTIC_TARGET,0.002090942318653588,numpy_complex128
20,1048576,17711,R200,2.0,0.0,symbolic_parity,none,0.6544997204436116,0.0,0.6544997204436116,,,,CONTROL_NO_ANALYTIC_TARGET,0.001714423363169404,numpy_complex128
20,1048576,17711,R2125,2.125,0.0,symbolic_parity,none,0.6891148914720628,0.0,0.6891148914720628,,,,CONTROL_NO_ANALYTIC_TARGET,0.0013199025593692015,numpy_complex128
20,1048576,17711,R250,2.5,0.0,symbolic_parity,none,0.773341496668569,0.0,0.773341496668569,,,,CONTROL_NO_ANALYTIC_TARGET,0.0005603569039159817,numpy_complex128
20,1048576,17711,R300,3.0,0.0,symbolic_parity,none,0.849818537024761,0.0,0.849818537024761,,,,CONTROL_NO_ANALYTIC_TARGET,0.00015856137105041412,numpy_complex128
20,1048576,17711,R400,4.0,0.0,symbolic_parity,none,0.9311992842250826,0.0,0.9311992842250826,,,,CONTROL_NO_ANALYTIC_TARGET,1.0134035540176889e-05,numpy_complex128
20,1048576,17711,C160_3,1.6,3.0,symbolic_parity,none,1.1406751391664383,0.26619345789251675,1.1713234950845768,,,,CONTROL_NO_ANALYTIC_TARGET,0.05182137395775146,numpy_complex128
20,1048576,17711,C160_9,1.6,9.0,symbolic_parity,none,0.5713554687728195,-0.2645037722761997,0.6296104488054086,,,,CONTROL_NO_ANALYTIC_TARGET,0.028358837630613302,numpy_complex128
20,1048576,17711,C175_5,1.75,5.0,symbolic_parity,none,1.174163447276693,-0.04156326372328564,1.1748988491832049,,,,CONTROL_NO_ANALYTIC_TARGET,0.021419389171868936,numpy_complex128
20,1048576,17711,C190_11,1.9,11.0,symbolic_parity,none,1.1496544131748772,0.454077504779256,1.2360791439382133,,,,CONTROL_NO_ANALYTIC_TARGET,0.0011157100525977263,numpy_complex128
20,1048576,17711,C225_1,2.25,1.0,symbolic_parity,none,0.8229696146104838,0.20813463409348812,0.8488810355293364,,,,CONTROL_NO_ANALYTIC_TARGET,0.0013967766840329715,numpy_complex128
20,1048576,17711,C225_7,2.25,7.0,symbolic_parity,none,1.0259880538884116,-0.17902436456446313,1.0414898990530057,,,,CONTROL_NO_ANALYTIC_TARGET,0.0031983544201289213,numpy_complex128
20,1048576,17711,C275_3,2.75,3.0,symbolic_parity,none,1.0865189050823665,0.10553074196150006,1.0916318374801686,,,,CONTROL_NO_ANALYTIC_TARGET,0.000689946276304938,numpy_complex128
20,1048576,17711,C325_11,3.25,11.0,symbolic_parity,none,0.9993171542523678,0.12653823194802577,1.0072967283415464,,,,CONTROL_NO_ANALYTIC_TARGET,7.905620726631083e-05,numpy_complex128
20,1048576,17711,R160,1.6,0.0,random_state_sign,2026081201,-1.2834235273091616,0.0,1.2834235273091616,,,,CONTROL_NO_ANALYTIC_TARGET,2.570823050700664,numpy_complex128
20,1048576,17711,R175,1.75,0.0,random_state_sign,2026081201,-1.2250499856347006,0.0,1.2250499856347006,,,,CONTROL_NO_ANALYTIC_TARGET,2.483439579691451,numpy_complex128
20,1048576,17711,R190,1.9,0.0,random_state_sign,2026081201,-1.1822618956393203,0.0,1.1822618956393203,,,,CONTROL_NO_ANALYTIC_TARGET,2.4187794013613084,numpy_complex128
20,1048576,17711,R200,2.0,0.0,random_state_sign,2026081201,-1.1603562571896626,0.0,1.1603562571896626,,,,CONTROL_NO_ANALYTIC_TARGET,2.3840473043431456,numpy_complex128
20,1048576,17711,R2125,2.125,0.0,random_state_sign,2026081201,-1.138601994963732,0.0,1.138601994963732,,,,CONTROL_NO_ANALYTIC_TARGET,2.347265213955623,numpy_complex128
20,1048576,17711,R250,2.5,0.0,random_state_sign,2026081201,-1.0973708063397816,0.0,1.0973708063397816,,,,CONTROL_NO_ANALYTIC_TARGET,2.264971771261064,numpy_complex128
20,1048576,17711,R300,3.0,0.0,random_state_sign,2026081201,-1.0693800046572228,0.0,1.0693800046572228,,,,CONTROL_NO_ANALYTIC_TARGET,2.191370708505271,numpy_complex128
20,1048576,17711,R400,4.0,0.0,random_state_sign,2026081201,-1.0405467564382238,0.0,1.0405467564382238,,,,CONTROL_NO_ANALYTIC_TARGET,2.1026951933409173,numpy_complex128
20,1048576,17711,C160_3,1.6,3.0,random_state_sign,2026081201,-1.4180812923768213,0.22496060967419207,1.435813994810644,,,,CONTROL_NO_ANALYTIC_TARGET,2.392238739595962,numpy_complex128
20,1048576,17711,C160_9,1.6,9.0,random_state_sign,2026081201,-1.7694291279551926,-0.11487511966846216,1.7731541760307017,,,,CONTROL_NO_ANALYTIC_TARGET,3.034705563549059,numpy_complex128
20,1048576,17711,C175_5,1.75,5.0,random_state_sign,2026081201,-0.4080161516349437,0.16871854757395993,0.4415236440899354,,,,CONTROL_NO_ANALYTIC_TARGET,1.2255260401355477,numpy_complex128
20,1048576,17711,C190_11,1.9,11.0,random_state_sign,2026081201,-0.8844776716049264,0.4528887162714823,0.9936845278526295,,,,CONTROL_NO_ANALYTIC_TARGET,2.1241677258573657,numpy_complex128
20,1048576,17711,C225_1,2.25,1.0,random_state_sign,2026081201,-1.0549738931029438,0.05339900933685339,1.0563244621454806,,,,CONTROL_NO_ANALYTIC_TARGET,2.2361816905406102,numpy_complex128
20,1048576,17711,C225_7,2.25,7.0,random_state_sign,2026081201,-1.0657762808473872,-0.3482648948989576,1.1212348183301617,,,,CONTROL_NO_ANALYTIC_TARGET,2.1747590427810577,numpy_complex128
20,1048576,17711,C275_3,2.75,3.0,random_state_sign,2026081201,-1.0453221484661468,0.131011572737808,1.0535000836569093,,,,CONTROL_NO_ANALYTIC_TARGET,1.9889252424263206,numpy_complex128
20,1048576,17711,C325_11,3.25,11.0,random_state_sign,2026081201,-0.9739770873938668,0.13468264497835422,0.9832450262404613,,,,CONTROL_NO_ANALYTIC_TARGET,2.014281899610923,numpy_complex128
20,1048576,17711,R160,1.6,0.0,random_state_sign,2026081202,-1.0178409081241107,0.0,1.0178409081241107,,,,CONTROL_NO_ANALYTIC_TARGET,2.4298214404395653,numpy_complex128
20,1048576,17711,R175,1.75,0.0,random_state_sign,2026081202,-1.0129828654763458,0.0,1.0129828654763458,,,,CONTROL_NO_ANALYTIC_TARGET,2.3640924564783496,numpy_complex128
20,1048576,17711,R190,1.9,0.0,random_state_sign,2026081202,-1.0118056773657573,0.0,1.0118056773657573,,,,CONTROL_NO_ANALYTIC_TARGET,2.3211355606142607,numpy_complex128
20,1048576,17711,R200,2.0,0.0,random_state_sign,2026081202,-1.0127117838744344,0.0,1.0127117838744344,,,,CONTROL_NO_ANALYTIC_TARGET,2.299712586334331,numpy_complex128
20,1048576,17711,R2125,2.125,0.0,random_state_sign,2026081202,-1.01510601924062,0.0,1.01510601924062,,,,CONTROL_NO_ANALYTIC_TARGET,2.2777881582496433,numpy_complex128
20,1048576,17711,R250,2.5,0.0,random_state_sign,2026081202,-1.0251130136830238,0.0,1.0251130136830238,,,,CONTROL_NO_ANALYTIC_TARGET,2.2280411187661144,numpy_complex128
20,1048576,17711,R300,3.0,0.0,random_state_sign,2026081202,-1.0343291187160102,0.0,1.0343291187160102,,,,CONTROL_NO_ANALYTIC_TARGET,2.1767171595552277,numpy_complex128
20,1048576,17711,R400,4.0,0.0,random_state_sign,2026081202,-1.0324373637644944,0.0,1.0324373637644944,,,,CONTROL_NO_ANALYTIC_TARGET,2.100821134307833,numpy_complex128
20,1048576,17711,C160_3,1.6,3.0,random_state_sign,2026081202,-1.1210113824165608,0.6584882555382121,1.3001051119771996,,,,CONTROL_NO_ANALYTIC_TARGET,1.8252238351849408,numpy_complex128
20,1048576,17711,C160_9,1.6,9.0,random_state_sign,2026081202,-1.212079357046255,0.11348229758101229,1.2173802198335277,,,,CONTROL_NO_ANALYTIC_TARGET,2.843587307425226,numpy_complex128
20,1048576,17711,C175_5,1.75,5.0,random_state_sign,2026081202,-0.4630381074838318,0.05389964800007015,0.4661646286846955,,,,CONTROL_NO_ANALYTIC_TARGET,1.4730990311593957,numpy_complex128
20,1048576,17711,C190_11,1.9,11.0,random_state_sign,2026081202,-0.9417288288944665,0.293559846263145,0.9864231194112315,,,,CONTROL_NO_ANALYTIC_TARGET,2.041464662448903,numpy_complex128
20,1048576,17711,C225_1,2.25,1.0,random_state_sign,2026081202,-1.0380595449642045,-0.05278929901532228,1.0394009471718892,,,,CONTROL_NO_ANALYTIC_TARGET,2.242611582318375,numpy_complex128
20,1048576,17711,C225_7,2.25,7.0,random_state_sign,2026081202,-1.082204003266019,-0.4461777069408808,1.1705725312239392,,,,CONTROL_NO_ANALYTIC_TARGET,2.149606537823845,numpy_complex128
20,1048576,17711,C275_3,2.75,3.0,random_state_sign,2026081202,-1.0426842228279836,0.1770381696377028,1.0576071586572513,,,,CONTROL_NO_ANALYTIC_TARGET,1.9442208499881612,numpy_complex128
20,1048576,17711,C325_11,3.25,11.0,random_state_sign,2026081202,-0.9922071170032719,0.11121937511110397,0.9984211097688435,,,,CONTROL_NO_ANALYTIC_TARGET,2.013301693054599,numpy_complex128
20,1048576,17711,R160,1.6,0.0,random_state_sign,2026081203,1.6791468505393772,0.0,1.6791468505393772,,,,CONTROL_NO_ANALYTIC_TARGET,0.20014009135170863,numpy_complex128
20,1048576,17711,R175,1.75,0.0,random_state_sign,2026081203,1.565935854734417,0.0,1.565935854734417,,,,CONTROL_NO_ANALYTIC_TARGET,0.1882441843084206,numpy_complex128
20,1048576,17711,R190,1.9,0.0,random_state_sign,2026081203,1.4726699025718997,0.0,1.4726699025718997,,,,CONTROL_NO_ANALYTIC_TARGET,0.16697153163475753,numpy_complex128
20,1048576,17711,R200,2.0,0.0,random_state_sign,2026081203,1.4204528943564514,0.0,1.4204528943564514,,,,CONTROL_NO_ANALYTIC_TARGET,0.15185290225614811,numpy_complex128
20,1048576,17711,R2125,2.125,0.0,random_state_sign,2026081203,1.364744853940234,0.0,1.364744853940234,,,,CONTROL_NO_ANALYTIC_TARGET,0.1337690861438705,numpy_complex128
20,1048576,17711,R250,2.5,0.0,random_state_sign,2026081203,1.2452087913497454,0.0,1.2452087913497454,,,,CONTROL_NO_ANALYTIC_TARGET,0.08986860358034843,numpy_complex128
20,1048576,17711,R300,3.0,0.0,random_state_sign,2026081203,1.1531134769560227,0.0,1.1531134769560227,,,,CONTROL_NO_ANALYTIC_TARGET,0.05287714032457069,numpy_complex128
20,1048576,17711,R400,4.0,0.0,random_state_sign,2026081203,1.067503463611858,0.0,1.067503463611858,,,,CONTROL_NO_ANALYTIC_TARGET,0.01860357917640254,numpy_complex128
20,1048576,17711,C160_3,1.6,3.0,random_state_sign,2026081203,0.9517346156842605,-0.030103367166185693,0.9522105814400559,,,,CONTROL_NO_ANALYTIC_TARGET,0.208308292155464,numpy_complex128
20,1048576,17711,C160_9,1.6,9.0,random_state_sign,2026081203,1.454270906733882,-0.03472257492247665,1.4546853705808118,,,,CONTROL_NO_ANALYTIC_TARGET,0.24133038502638024,numpy_complex128
20,1048576,17711,C175_5,1.75,5.0,random_state_sign,2026081203,0.6526482820726695,-0.029983526591387352,0.6533366605045695,,,,CONTROL_NO_ANALYTIC_TARGET,0.3204404684873045,numpy_complex128
20,1048576,17711,C190_11,1.9,11.0,random_state_sign,2026081203,1.2145008815732543,-0.24223132255400467,1.2384217395412898,,,,CONTROL_NO_ANALYTIC_TARGET,0.6210862207444675,numpy_complex128
20,1048576,17711,C225_1,2.25,1.0,random_state_sign,2026081203,1.1360485683022858,-0.23091197129692317,1.1592785204729295,,,,CONTROL_NO_ANALYTIC_TARGET,0.11204063044011263,numpy_complex128
20,1048576,17711,C225_7,2.25,7.0,random_state_sign,2026081203,1.0970520900312766,0.25480687100518135,1.12625478012457,,,,CONTROL_NO_ANALYTIC_TARGET,0.303702075567819,numpy_complex128
20,1048576,17711,C275_3,2.75,3.0,random_state_sign,2026081203,0.9419159586619907,-0.09615536852229283,0.946811242052921,,,,CONTROL_NO_ANALYTIC_TARGET,0.06141949877027128,numpy_complex128
20,1048576,17711,C325_11,3.25,11.0,random_state_sign,2026081203,1.0332777520420025,-0.09602342971829583,1.0377299320728097,,,,CONTROL_NO_ANALYTIC_TARGET,0.08709916479089638,numpy_complex128
22,4194304,46368,R160,1.6,0.0,unsigned,none,24.01606480851428,0.0,24.01606480851428,-0.8542701806849421,0.0,24.870334989199222,MEROMORPHIC_BENCHMARK_ONLY_OUTSIDE_PROVED_DOMAIN,4.800057336460863,numpy_complex128
22,4194304,46368,R175,1.75,0.0,unsigned,none,11.503213258613625,0.0,11.503213258613625,-1.753681974672427,0.0,13.256895233286052,MEROMORPHIC_BENCHMARK_ONLY_OUTSIDE_PROVED_DOMAIN,1.5684259175187396,numpy_complex128
22,4194304,46368,R190,1.9,0.0,unsigned,none,6.325194991804481,0.0,6.325194991804481,-5.389417477926302,0.0,11.714612469730783,MEROMORPHIC_BENCHMARK_ONLY_OUTSIDE_PROVED_DOMAIN,0.533469928355438,numpy_complex128
22,4194304,46368,R200,2.0,0.0,unsigned,none,4.588462566475215,0.0,4.588462566475215,,,,PROVED_DIVERGENT_BOUNDARY_NO_FINITE_TARGET,0.26660253164024805,numpy_complex128
22,4194304,46368,R2125,2.125,0.0,unsigned,none,3.327720677313408,0.0,3.327720677313408,5.56989105851767,0.0,2.242170381204262,PROVED_DIRICHLET_LIMIT_RE_GT_2,0.11562572786443726,numpy_complex128
22,4194304,46368,R250,2.5,0.0,unsigned,none,1.8725707541831371,0.0,1.8725707541831371,1.9473724663169567,0.0,0.07480171213381959,PROVED_DIRICHLET_LIMIT_RE_GT_2,0.011956001965861995,numpy_complex128
22,4194304,46368,R300,3.0,0.0,unsigned,none,1.3639621082415463,0.0,1.3639621082415463,1.3684327776202059,0.0,0.004470669378659586,PROVED_DIRICHLET_LIMIT_RE_GT_2,0.001009139739495124,numpy_complex128
22,4194304,46368,R400,4.0,0.0,unsigned,none,1.1105573063597722,0.0,1.1105573063597722,1.1106265353261482,0.0,6.922896637595599e-05,PROVED_DIRICHLET_LIMIT_RE_GT_2,2.2185406054697765e-05,numpy_complex128
22,4194304,46368,C160_3,1.6,3.0,unsigned,none,0.8653591764338748,-0.051943672196686656,0.8669167487824831,0.7486185905344954,0.0039045763883858242,0.1294117122448754,MEROMORPHIC_BENCHMARK_ONLY_OUTSIDE_PROVED_DOMAIN,0.18419029730383782,numpy_complex128
22,4194304,46368,C160_9,1.6,9.0,unsigned,none,1.1409055228749854,0.04852134882300313,1.1419368342505847,1.1523732409928538,0.0755511054279701,0.029361817058122314,MEROMORPHIC_BENCHMARK_ONLY_OUTSIDE_PROVED_DOMAIN,0.04578097030914542,numpy_complex128
22,4194304,46368,C175_5,1.75,5.0,unsigned,none,0.8962200031751337,0.08837989333376914,0.9005672099498877,0.8975932589488682,0.1202477299745946,0.03189741123643787,MEROMORPHIC_BENCHMARK_ONLY_OUTSIDE_PROVED_DOMAIN,0.016299373470449786,numpy_complex128
22,4194304,46368,C190_11,1.9,11.0,unsigned,none,1.1719871014824401,-0.1401362814253744,1.1803355215416265,1.1745396812853477,-0.12160548563244583,0.01870577601623175,MEROMORPHIC_BENCHMARK_ONLY_OUTSIDE_PROVED_DOMAIN,0.02121340267717269,numpy_complex128
22,4194304,46368,C225_1,2.25,1.0,unsigned,none,0.8623128420856453,-0.5099729816606194,1.0018262721897673,0.8693218510303373,-0.5056907193813052,0.008213645756642466,PROVED_DIRICHLET_LIMIT_RE_GT_2,0.010910667330340507,numpy_complex128
22,4194304,46368,C225_7,2.25,7.0,unsigned,none,1.024060071991749,0.10371794395183859,1.0292990056078666,1.0219620306225508,0.10923921750792362,0.005906457421161268,PROVED_DIRICHLET_LIMIT_RE_GT_2,0.004201485760901929,numpy_complex128
22,4194304,46368,C275_3,2.75,3.0,unsigned,none,0.8661385153339869,-0.04652206859463395,0.8673870131672983,0.8655320884182494,-0.04500006655251698,0.0016383662045889402,PROVED_DIRICHLET_LIMIT_RE_GT_2,0.0005209328142841722,numpy_complex128
22,4194304,46368,C325_11,3.25,11.0,unsigned,none,1.0585555738994672,-0.0735201533147527,1.061105610190171,1.0585578233592894,-0.07334211171773833,0.00017805580680483235,PROVED_DIRICHLET_LIMIT_RE_GT_2,0.00019375203378425005,numpy_complex128
22,4194304,46368,R160,1.6,0.0,liouville,none,-1.7465353471316583,0.0,1.7465353471316583,-5.609872316590871,0.0,3.863336969459213,ANALYTIC_CONTINUATION_BENCHMARK_CONDITIONAL_REGION,0.18291552374775955,numpy_complex128
22,4194304,46368,R175,1.75,0.0,liouville,none,-0.7163741590629711,0.0,0.7163741590629711,-1.3220972148887582,0.0,0.6057230558257871,ANALYTIC_CONTINUATION_BENCHMARK_CONDITIONAL_REGION,0.07093354935920437,numpy_complex128
22,4194304,46368,R190,1.9,0.0,liouville,none,-0.1618845437873882,0.0,0.1618845437873882,-0.31821603673688553,0.0,0.15633149294949733,ANALYTIC_CONTINUATION_BENCHMARK_CONDITIONAL_REGION,0.02913914167929546,numpy_complex128
22,4194304,46368,R200,2.0,0.0,liouville,none,0.07118031299739616,0.0,0.07118031299739616,0.0,0.0,0.07118031299739616,BOUNDARY_VALUE_BENCHMARK_NO_CONVERGENCE_CLAIM,0.016607769699600483,numpy_complex128
22,4194304,46368,R2125,2.125,0.0,liouville,none,0.27458262965908226,0.0,0.27458262965908226,0.24571032077518914,0.0,0.02887230888389311,PROVED_DIRICHLET_LIMIT_RE_GT_2,0.008490825162218718,numpy_complex128
22,4194304,46368,R250,2.5,0.0,liouville,none,0.5979407618545778,0.0,0.5979407618545778,0.595288513077927,0.0,0.002652248776650823,PROVED_DIRICHLET_LIMIT_RE_GT_2,0.0013418087639085474,numpy_complex128
22,4194304,46368,R300,3.0,0.0,liouville,none,0.7775845075938027,0.0,0.7775845075938027,0.7774385747283037,0.0,0.00014593286549902107,PROVED_DIRICHLET_LIMIT_RE_GT_2,0.00014310722026955602,numpy_complex128
22,4194304,46368,R400,4.0,0.0,liouville,none,0.9122869305769935,0.0,0.9122869305769935,0.9122885184134706,0.0,1.5878364770793851e-06,PROVED_DIRICHLET_LIMIT_RE_GT_2,1.7339022038154184e-06,numpy_complex128
22,4194304,46368,C160_3,1.6,3.0,liouville,none,1.2659748104161752,0.24259181729762916,1.289008537763826,1.253187450727632,0.22713045832151119,0.02006415184333904,ANALYTIC_CONTINUATION_BENCHMARK_CONDITIONAL_REGION,0.0049813900675087595,numpy_complex128
22,4194304,46368,C160_9,1.6,9.0,liouville,none,1.3115532152465053,-0.12488448980245054,1.3174854732469212,1.2972871362768856,-0.1489893400747726,0.028010084180853302,ANALYTIC_CONTINUATION_BENCHMARK_CONDITIONAL_REGION,0.028085925655045696,numpy_complex128
22,4194304,46368,C175_5,1.75,5.0,liouville,none,1.3065320120840445,-0.21984517296866762,1.3248991654756241,1.3018741815736319,-0.22726082508657916,0.008757127462679535,ANALYTIC_CONTINUATION_BENCHMARK_CONDITIONAL_REGION,0.003740229799128494,numpy_complex128
22,4194304,46368,C190_11,1.9,11.0,liouville,none,0.7456500053417974,0.15362710219767767,0.761311511141056,0.7358088392231449,0.15006350731843446,0.01046650653457409,ANALYTIC_CONTINUATION_BENCHMARK_CONDITIONAL_REGION,0.00835435767115737,numpy_complex128
22,4194304,46368,C225_1,2.25,1.0,liouville,none,0.8944914504234345,0.33708544317679323,0.9558982952607011,0.8910861210873188,0.3344518483849842,0.004304891336009985,PROVED_DIRICHLET_LIMIT_RE_GT_2,0.0022354922693937147,numpy_complex128
22,4194304,46368,C225_7,2.25,7.0,liouville,none,0.8037855814279649,-0.07309147154065761,0.8071019911532062,0.8014341670953269,-0.07430516704345921,0.0026461681989730186,PROVED_DIRICHLET_LIMIT_RE_GT_2,0.0014517662569393274,numpy_complex128
22,4194304,46368,C275_3,2.75,3.0,liouville,none,1.1246559024083576,0.11373366567326576,1.1303920760202786,1.1243378104343127,0.11352204428068285,0.00038205512396837117,PROVED_DIRICHLET_LIMIT_RE_GT_2,0.0002943584852973533,numpy_complex128
22,4194304,46368,C325_11,3.25,11.0,liouville,none,0.916722587983697,0.0561064075864821,0.9184379305602461,0.916562185840334,0.056044041325188323,0.0001720999655525992,PROVED_DIRICHLET_LIMIT_RE_GT_2,6.701383927300055e-05,numpy_complex128
22,4194304,46368,R160,1.6,0.0,mobius,none,-1.3853657633157548,0.0,1.3853657633157548,,,,CONTROL_NO_ANALYTIC_TARGET,0.08216687342527251,numpy_complex128
22,4194304,46368,R175,1.75,0.0,mobius,none,-0.6318330661570605,0.0,0.6318330661570605,,,,CONTROL_NO_ANALYTIC_TARGET,0.03457884114157783,numpy_complex128
22,4194304,46368,R190,1.9,0.0,mobius,none,-0.18088498568333297,0.0,0.18088498568333297,,,,CONTROL_NO_ANALYTIC_TARGET,0.015400906952221821,numpy_complex128
22,4194304,46368,R200,2.0,0.0,mobius,none,0.024484511305600143,0.0,0.024484511305600143,,,,CONTROL_NO_ANALYTIC_TARGET,0.009236242671643913,numpy_complex128
22,4194304,46368,R2125,2.125,0.0,mobius,none,0.2147124346270564,0.0,0.2147124346270564,,,,CONTROL_NO_ANALYTIC_TARGET,0.005006305349553347,numpy_complex128
22,4194304,46368,R250,2.5,0.0,mobius,none,0.5460783449217049,0.0,0.5460783449217049,,,,CONTROL_NO_ANALYTIC_TARGET,0.0009052138668833587,numpy_complex128
22,4194304,46368,R300,3.0,0.0,mobius,none,0.748622039150394,0.0,0.748622039150394,,,,CONTROL_NO_ANALYTIC_TARGET,0.00010699648896139724,numpy_complex128
22,4194304,46368,R400,4.0,0.0,mobius,none,0.904709366963474,0.0,0.904709366963474,,,,CONTROL_NO_ANALYTIC_TARGET,1.3709803112771368e-06,numpy_complex128
22,4194304,46368,C160_3,1.6,3.0,mobius,none,1.3489409929503737,0.08749563340621007,1.3517756057597334,,,,CONTROL_NO_ANALYTIC_TARGET,0.012795496752379246,numpy_complex128
22,4194304,46368,C160_9,1.6,9.0,mobius,none,1.134475337369335,-0.027407167851951332,1.1348063464525264,,,,CONTROL_NO_ANALYTIC_TARGET,0.028930261632875032,numpy_complex128
22,4194304,46368,C175_5,1.75,5.0,mobius,none,1.1213466151683626,-0.11130377406623311,1.1268570279635883,,,,CONTROL_NO_ANALYTIC_TARGET,0.007809107073058271,numpy_complex128
22,4194304,46368,C190_11,1.9,11.0,mobius,none,0.7882452048301019,0.12586728512379408,0.7982312173813323,,,,CONTROL_NO_ANALYTIC_TARGET,0.005050346400775306,numpy_complex128
22,4194304,46368,C225_1,2.25,1.0,mobius,none,0.8711984919666242,0.4303372837545406,0.9716877019877097,,,,CONTROL_NO_ANALYTIC_TARGET,0.0017996952093467813,numpy_complex128
22,4194304,46368,C225_7,2.25,7.0,mobius,none,0.9096320901481367,-0.10320072813884296,0.9154676016744969,,,,CONTROL_NO_ANALYTIC_TARGET,0.0011484136758625647,numpy_complex128
22,4194304,46368,C275_3,2.75,3.0,mobius,none,1.1482844364972504,0.07922425968084909,1.1510141747275688,,,,CONTROL_NO_ANALYTIC_TARGET,0.0003181922565712488,numpy_complex128
22,4194304,46368,C325_11,3.25,11.0,mobius,none,0.9307340094129831,0.06333537574389782,0.9328864701015809,,,,CONTROL_NO_ANALYTIC_TARGET,6.0848336552411e-05,numpy_complex128
22,4194304,46368,R160,1.6,0.0,symbolic_parity,none,0.5158481893214472,0.0,0.5158481893214472,,,,CONTROL_NO_ANALYTIC_TARGET,0.0030216066131574237,numpy_complex128
22,4194304,46368,R175,1.75,0.0,symbolic_parity,none,0.5718874952452627,0.0,0.5718874952452627,,,,CONTROL_NO_ANALYTIC_TARGET,0.0023346981991769766,numpy_complex128
22,4194304,46368,R190,1.9,0.0,symbolic_parity,none,0.6224404319648021,0.0,0.6224404319648021,,,,CONTROL_NO_ANALYTIC_TARGET,0.0017510366552001555,numpy_complex128
22,4194304,46368,R200,2.0,0.0,symbolic_parity,none,0.6530746902357324,0.0,0.6530746902357324,,,,CONTROL_NO_ANALYTIC_TARGET,0.0014250302078792076,numpy_complex128
22,4194304,46368,R2125,2.125,0.0,symbolic_parity,none,0.6880286357744999,0.0,0.6880286357744999,,,,CONTROL_NO_ANALYTIC_TARGET,0.0010862556975629323,numpy_complex128
22,4194304,46368,R250,2.5,0.0,symbolic_parity,none,0.7728951854957126,0.0,0.7728951854957126,,,,CONTROL_NO_ANALYTIC_TARGET,0.0004463111728564284,numpy_complex128
22,4194304,46368,R300,3.0,0.0,symbolic_parity,none,0.8496981147668137,0.0,0.8496981147668137,,,,CONTROL_NO_ANALYTIC_TARGET,0.00012042225794728356,numpy_complex128
22,4194304,46368,R400,4.0,0.0,symbolic_parity,none,0.9311923123670455,0.0,0.9311923123670455,,,,CONTROL_NO_ANALYTIC_TARGET,6.971858037108092e-06,numpy_complex128
22,4194304,46368,C160_3,1.6,3.0,symbolic_parity,none,1.184686847953348,0.27538487325282474,1.2162728954186695,,,,CONTROL_NO_ANALYTIC_TARGET,0.04496123471024193,numpy_complex128
22,4194304,46368,C160_9,1.6,9.0,symbolic_parity,none,0.5963110695415613,-0.2703503982520877,0.6547337088411312,,,,CONTROL_NO_ANALYTIC_TARGET,0.025631329365266155,numpy_complex128
22,4194304,46368,C175_5,1.75,5.0,symbolic_parity,none,1.1893928214050955,-0.03709418338800431,1.1899711181584183,,,,CONTROL_NO_ANALYTIC_TARGET,0.01587156310468667,numpy_complex128
22,4194304,46368,C190_11,1.9,11.0,symbolic_parity,none,1.1489558937934001,0.455029792732942,1.2357798178304964,,,,CONTROL_NO_ANALYTIC_TARGET,0.001181008752310684,numpy_complex128
22,4194304,46368,C225_1,2.25,1.0,symbolic_parity,none,0.8238624423129531,0.2088615665024357,0.8499249836401537,,,,CONTROL_NO_ANALYTIC_TARGET,0.0011513348919732378,numpy_complex128
22,4194304,46368,C225_7,2.25,7.0,symbolic_parity,none,1.0282357583716135,-0.1792392732835622,1.0437411038573055,,,,CONTROL_NO_ANALYTIC_TARGET,0.002257955092855182,numpy_complex128
22,4194304,46368,C275_3,2.75,3.0,symbolic_parity,none,1.0870068578234464,0.10570321120502932,1.0921341848940804,,,,CONTROL_NO_ANALYTIC_TARGET,0.0005175360059850676,numpy_complex128
22,4194304,46368,C325_11,3.25,11.0,symbolic_parity,none,0.9993605715659287,0.12657990516651635,1.0073450374090023,,,,CONTROL_NO_ANALYTIC_TARGET,6.018072994084519e-05,numpy_complex128
22,4194304,46368,R160,1.6,0.0,random_state_sign,2026081201,1.8947789606608243,0.0,1.8947789606608243,,,,CONTROL_NO_ANALYTIC_TARGET,3.178202487969986,numpy_complex128
22,4194304,46368,R175,1.75,0.0,random_state_sign,2026081201,1.7461912879275199,0.0,1.7461912879275199,,,,CONTROL_NO_ANALYTIC_TARGET,2.9712412735622205,numpy_complex128
22,4194304,46368,R190,1.9,0.0,random_state_sign,2026081201,1.622327859383928,0.0,1.622327859383928,,,,CONTROL_NO_ANALYTIC_TARGET,2.8045897550232484,numpy_complex128
22,4194304,46368,R200,2.0,0.0,random_state_sign,2026081201,1.5524340609785767,0.0,1.5524340609785767,,,,CONTROL_NO_ANALYTIC_TARGET,2.7127903181682393,numpy_complex128
22,4194304,46368,R2125,2.125,0.0,random_state_sign,2026081201,1.4774027517002513,0.0,1.4774027517002513,,,,CONTROL_NO_ANALYTIC_TARGET,2.6160047466639833,numpy_complex128
22,4194304,46368,R250,2.5,0.0,random_state_sign,2026081201,1.314804802305657,0.0,1.314804802305657,,,,CONTROL_NO_ANALYTIC_TARGET,2.4121756086454385,numpy_complex128
22,4194304,46368,R300,3.0,0.0,random_state_sign,2026081201,1.1891643020431801,0.0,1.1891643020431801,,,,CONTROL_NO_ANALYTIC_TARGET,2.258544306700403,numpy_complex128
22,4194304,46368,R400,4.0,0.0,random_state_sign,2026081201,1.0767863985556654,0.0,1.0767863985556654,,,,CONTROL_NO_ANALYTIC_TARGET,2.117333154993889,numpy_complex128
22,4194304,46368,C160_3,1.6,3.0,random_state_sign,2026081201,0.7544478828772486,0.21296792479740484,0.7839304465132578,,,,CONTROL_NO_ANALYTIC_TARGET,2.1725622757059653,numpy_complex128
22,4194304,46368,C160_9,1.6,9.0,random_state_sign,2026081201,1.4316110101168786,-0.17723030348321137,1.4425396579507341,,,,CONTROL_NO_ANALYTIC_TARGET,3.2016474094592358,numpy_complex128
22,4194304,46368,C175_5,1.75,5.0,random_state_sign,2026081201,0.8651400216246146,-0.26472651102531314,0.904736084533094,,,,CONTROL_NO_ANALYTIC_TARGET,1.3449168228307093,numpy_complex128
22,4194304,46368,C190_11,1.9,11.0,random_state_sign,2026081201,0.9439988375288867,-0.1776036157765415,0.9605606954236628,,,,CONTROL_NO_ANALYTIC_TARGET,1.93412691549069,numpy_complex128
22,4194304,46368,C225_1,2.25,1.0,random_state_sign,2026081201,1.1653262745609454,-0.3270141683224011,1.2103402796179608,,,,CONTROL_NO_ANALYTIC_TARGET,2.252653328913507,numpy_complex128
22,4194304,46368,C225_7,2.25,7.0,random_state_sign,2026081201,1.0006361375846353,0.3438113555407337,1.0580543124240145,,,,CONTROL_NO_ANALYTIC_TARGET,2.1792268857263903,numpy_complex128
22,4194304,46368,C275_3,2.75,3.0,random_state_sign,2026081201,0.9096038353321643,-0.044044437077120926,0.9106695611957301,,,,CONTROL_NO_ANALYTIC_TARGET,1.9627481266586702,numpy_complex128
22,4194304,46368,C325_11,3.25,11.0,random_state_sign,2026081201,1.0094141017170488,-0.09387719431354108,1.0137700707544186,,,,CONTROL_NO_ANALYTIC_TARGET,1.996517019506708,numpy_complex128
22,4194304,46368,R160,1.6,0.0,random_state_sign,2026081202,-0.2542683795889702,0.0,0.2542683795889702,,,,CONTROL_NO_ANALYTIC_TARGET,0.7635725285351405,numpy_complex128
22,4194304,46368,R175,1.75,0.0,random_state_sign,2026081202,-0.43549362476666614,0.0,0.43549362476666614,,,,CONTROL_NO_ANALYTIC_TARGET,0.5774892407096797,numpy_complex128
22,4194304,46368,R190,1.9,0.0,random_state_sign,2026081202,-0.5664769830616364,0.0,0.5664769830616364,,,,CONTROL_NO_ANALYTIC_TARGET,0.4453286943041209,numpy_complex128
22,4194304,46368,R200,2.0,0.0,random_state_sign,2026081202,-0.6329674177506373,0.0,0.6329674177506373,,,,CONTROL_NO_ANALYTIC_TARGET,0.37974436612379714,numpy_complex128
22,4194304,46368,R2125,2.125,0.0,random_state_sign,2026081202,-0.6984751834595567,0.0,0.6984751834595567,,,,CONTROL_NO_ANALYTIC_TARGET,0.3166308357810633,numpy_complex128
22,4194304,46368,R250,2.5,0.0,random_state_sign,2026081202,-0.819369893758611,0.0,0.819369893758611,,,,CONTROL_NO_ANALYTIC_TARGET,0.20574311992441274,numpy_complex128
22,4194304,46368,R300,3.0,0.0,random_state_sign,2026081202,-0.8935566935851138,0.0,0.8935566935851138,,,,CONTROL_NO_ANALYTIC_TARGET,0.14077242513089638,numpy_complex128
22,4194304,46368,R400,4.0,0.0,random_state_sign,2026081202,-0.9507825881441695,0.0,0.9507825881441695,,,,CONTROL_NO_ANALYTIC_TARGET,0.08165477562032486,numpy_complex128
22,4194304,46368,C160_3,1.6,3.0,random_state_sign,2026081202,-1.0318135334081262,-0.3545646930210957,1.0910340458763448,,,,CONTROL_NO_ANALYTIC_TARGET,1.016972237994941,numpy_complex128
22,4194304,46368,C160_9,1.6,9.0,random_state_sign,2026081202,-0.14735349774076678,-0.24019537222471415,0.28179224640611944,,,,CONTROL_NO_ANALYTIC_TARGET,1.1219309468915717,numpy_complex128
22,4194304,46368,C175_5,1.75,5.0,random_state_sign,2026081202,-1.1695283764653337,-0.3881043755758876,1.2322425206503747,,,,CONTROL_NO_ANALYTIC_TARGET,0.8333643003050291,numpy_complex128
22,4194304,46368,C190_11,1.9,11.0,random_state_sign,2026081202,-1.2898363024410353,-0.33417598796211384,1.332423085219262,,,,CONTROL_NO_ANALYTIC_TARGET,0.7177959951890626,numpy_complex128
22,4194304,46368,C225_1,2.25,1.0,random_state_sign,2026081202,-0.9664285284460822,-0.15080713839198265,0.978124170841534,,,,CONTROL_NO_ANALYTIC_TARGET,0.12140222141084694,numpy_complex128
22,4194304,46368,C225_7,2.25,7.0,random_state_sign,2026081202,-1.0644860535886262,0.4716517197315354,1.1642963123751626,,,,CONTROL_NO_ANALYTIC_TARGET,0.9180004260383472,numpy_complex128
22,4194304,46368,C275_3,2.75,3.0,random_state_sign,2026081202,-0.9995295672179019,-0.10318951085578788,1.004841992998632,,,,CONTROL_NO_ANALYTIC_TARGET,0.2835310868592484,numpy_complex128
22,4194304,46368,C325_11,3.25,11.0,random_state_sign,2026081202,-1.0414329280826844,-0.1257536322233747,1.0489978644936535,,,,CONTROL_NO_ANALYTIC_TARGET,0.2420317885765688,numpy_complex128
22,4194304,46368,R160,1.6,0.0,random_state_sign,2026081203,-1.0419665470877983,0.0,1.0419665470877983,,,,CONTROL_NO_ANALYTIC_TARGET,2.7211133976271755,numpy_complex128
22,4194304,46368,R175,1.75,0.0,random_state_sign,2026081203,-1.074316374928339,0.0,1.074316374928339,,,,CONTROL_NO_ANALYTIC_TARGET,2.640252229662756,numpy_complex128
22,4194304,46368,R190,1.9,0.0,random_state_sign,2026081203,-1.102120271543766,0.0,1.102120271543766,,,,CONTROL_NO_ANALYTIC_TARGET,2.5747901741156656,numpy_complex128
22,4194304,46368,R200,2.0,0.0,random_state_sign,2026081203,-1.1159734566726143,0.0,1.1159734566726143,,,,CONTROL_NO_ANALYTIC_TARGET,2.536426351029066,numpy_complex128
22,4194304,46368,R2125,2.125,0.0,random_state_sign,2026081203,-1.1278812687184967,0.0,1.1278812687184967,,,,CONTROL_NO_ANALYTIC_TARGET,2.4926261226587307,numpy_complex128
22,4194304,46368,R250,2.5,0.0,random_state_sign,2026081203,-1.1357449933089905,0.0,1.1357449933089905,,,,CONTROL_NO_ANALYTIC_TARGET,2.380953784658736,numpy_complex128
22,4194304,46368,R300,3.0,0.0,random_state_sign,2026081203,-1.1143461979583926,0.0,1.1143461979583926,,,,CONTROL_NO_ANALYTIC_TARGET,2.2674596749144156,numpy_complex128
22,4194304,46368,R400,4.0,0.0,random_state_sign,2026081203,-1.062480315880789,0.0,1.062480315880789,,,,CONTROL_NO_ANALYTIC_TARGET,2.129983779492647,numpy_complex128
22,4194304,46368,C160_3,1.6,3.0,random_state_sign,2026081203,-0.7492051813167298,-0.006193951713445074,0.7492307847049949,,,,CONTROL_NO_ANALYTIC_TARGET,1.7011078311409484,numpy_complex128
22,4194304,46368,C160_9,1.6,9.0,random_state_sign,2026081203,-1.2837222839224378,0.1283804366893126,1.2901257453301127,,,,CONTROL_NO_ANALYTIC_TARGET,2.742846934204898,numpy_complex128
22,4194304,46368,C175_5,1.75,5.0,random_state_sign,2026081203,-0.8447541303310945,0.23343356050822692,0.8764135826668775,,,,CONTROL_NO_ANALYTIC_TARGET,1.520395523029668,numpy_complex128
22,4194304,46368,C190_11,1.9,11.0,random_state_sign,2026081203,-1.1465139966596982,0.11389719800052013,1.1521575049657768,,,,CONTROL_NO_ANALYTIC_TARGET,2.3877225086658873,numpy_complex128
22,4194304,46368,C225_1,2.25,1.0,random_state_sign,2026081203,-1.2341839506799233,0.0717189397552435,1.2362660031059334,,,,CONTROL_NO_ANALYTIC_TARGET,2.3894743485471888,numpy_complex128
22,4194304,46368,C225_7,2.25,7.0,random_state_sign,2026081203,-1.0750996511005306,-0.29835966556237364,1.115731934575225,,,,CONTROL_NO_ANALYTIC_TARGET,2.2414808506164143,numpy_complex128
22,4194304,46368,C275_3,2.75,3.0,random_state_sign,2026081203,-0.8979525487979783,0.1022765429720671,0.9037584141434605,,,,CONTROL_NO_ANALYTIC_TARGET,1.8505381239634808,numpy_complex128
22,4194304,46368,C325_11,3.25,11.0,random_state_sign,2026081203,-1.032865193810434,0.08984607251093164,1.0367655594832927,,,,CONTROL_NO_ANALYTIC_TARGET,2.0744864773130542,numpy_complex128
