object_id,n,h,kappa,rho,readout,index,window,target,predicted,energy,lambda_raw,residual,percent_error
bridge-n52,52,0.02263390483074383,11.825457423506625,1.0,power_3_2,1,1-100,14.1347,14.1347,0.08512021580459865,0.19350334521496745,0.0,0.0
bridge-n52,52,0.02263390483074383,11.825457423506625,1.0,power_3_2,2,1-100,21.022,23.033482867311992,0.13870934879389885,0.26796032049185703,2.0114828673119938,9.56846573737986
bridge-n52,52,0.02263390483074383,11.825457423506625,1.0,power_3_2,3,1-100,25.0108,24.873923242541263,0.14979261776423516,0.2820505431288453,-0.13687675745873662,0.547270608931888
bridge-n52,52,0.02263390483074383,11.825457423506625,1.0,power_3_2,4,1-100,30.4248,32.624817359526105,0.19646907923256088,0.33795805851466637,2.200017359526104,7.23100023509145
bridge-n52,52,0.02263390483074383,11.825457423506625,1.0,power_3_2,5,1-100,32.935,34.699899135249154,0.20896537618698763,0.35214069908252393,1.764899135249152,5.358734280398215
bridge-n52,52,0.02263390483074383,11.825457423506625,1.0,power_3_2,6,1-100,37.5861,37.27365104051022,0.22446470179017117,0.36934484095916054,-0.31244895948978524,0.8312885867110055
bridge-n52,52,0.02263390483074383,11.825457423506625,1.0,power_3_2,7,1-100,40.9187,42.715077056431824,0.25723337440154637,0.4044686603362932,1.7963770564318224,4.390112727021686
bridge-n52,52,0.02263390483074383,11.825457423506625,1.0,power_3_2,8,1-100,43.327,45.18448776543347,0.2721043495520913,0.4199107464256709,1.8574877654334685,4.2871368094570785
bridge-n52,52,0.02263390483074383,11.825457423506625,1.0,power_3_2,9,1-100,48.0051,48.496970832431266,0.2920523692137701,0.44019032118326573,0.4918708324312675,1.0246220348072757
bridge-n52,52,0.02263390483074383,11.825457423506625,1.0,power_3_2,10,1-100,49.7738,51.27864607333587,0.308803824625212,0.4568655876353468,1.5048460733358695,3.023369871972543
bridge-n52,52,0.02263390483074383,11.825457423506625,1.0,power_3_2,11,1-100,52.9703,53.25959192415334,0.3207332280309304,0.46855722272764716,0.28929192415333915,0.5461398635713581
bridge-n52,52,0.02263390483074383,11.825457423506625,1.0,power_3_2,12,1-100,56.4462,56.228151305401575,0.33861011365005333,0.4858101866564282,-0.2180486945984228,0.38629472772024126
bridge-n52,52,0.02263390483074383,11.825457423506625,1.0,power_3_2,13,1-100,59.347,60.349010580191745,0.3634262350230234,0.5092654146963783,1.0020105801917438,1.6883929772216688
bridge-n52,52,0.02263390483074383,11.825457423506625,1.0,power_3_2,14,1-100,60.8317,64.04273282430803,0.38567010539462127,0.5298390756183478,3.2110328243080346,5.278551847651857
bridge-n52,52,0.02263390483074383,11.825457423506625,1.0,power_3_2,15,1-100,65.1125,64.55106650832863,0.388731328687976,0.5326390810166014,-0.5614334916713659,0.8622514750184157
bridge-n52,52,0.02263390483074383,11.825457423506625,1.0,power_3_2,16,1-100,67.0798,66.90335746801793,0.40289699998796524,0.5455015920276021,-0.17644253198207593,0.26303377765299824
bridge-n52,52,0.02263390483074383,11.825457423506625,1.0,power_3_2,17,1-100,69.5464,67.84237316491006,0.40855182242942945,0.5505939496640673,-1.7040268350899481,2.450201354908303
bridge-n52,52,0.02263390483074383,11.825457423506625,1.0,power_3_2,18,1-100,72.0671,72.68204517366667,0.4376966876058278,0.576477250363161,0.6149451736666691,0.8532952951716791
bridge-n52,52,0.02263390483074383,11.825457423506625,1.0,power_3_2,19,1-100,75.7046,75.75253315437647,0.4561873948400418,0.5926007369872658,0.047933154376465836,0.06331603941697841
bridge-n52,52,0.02263390483074383,11.825457423506625,1.0,power_3_2,20,1-100,77.1448,77.94349774735429,0.46938154674807714,0.6039727452392842,0.7986977473542822,1.035322856957672
bridge-n52,52,0.02263390483074383,11.825457423506625,1.0,power_3_2,21,1-100,79.3373,79.71724026481117,0.4800631562528931,0.6131013194382352,0.37994026481116805,0.4788923555643664
bridge-n52,52,0.02263390483074383,11.825457423506625,1.0,power_3_2,22,1-100,82.9103,82.21450174652873,0.4951018508303734,0.6258395907350985,-0.6957982534712812,0.8392181109841372
bridge-n52,52,0.02263390483074383,11.825457423506625,1.0,power_3_2,23,1-100,84.7354,84.26352840670218,0.5074412419390167,0.6361953749704675,-0.4718715932978199,0.5568765749590135
bridge-n52,52,0.02263390483074383,11.825457423506625,1.0,power_3_2,24,1-100,87.4252,85.48472406095541,0.5147953730935282,0.6423273629919874,-1.940475939044589,2.21958421489981
bridge-n52,52,0.02263390483074383,11.825457423506625,1.0,power_3_2,25,1-100,88.8091,87.95153450641904,0.5296506892634434,0.6546256646584251,-0.8575654935809638,0.9656279520690603
bridge-n52,52,0.02263390483074383,11.825457423506625,1.0,power_3_2,26,1-100,92.4918,91.90552142051607,0.5534618928557727,0.6741012762454609,-0.5862785794839311,0.6338708723194176
bridge-n52,52,0.02263390483074383,11.825457423506625,1.0,power_3_2,27,1-100,94.6513,92.39098315720092,0.5563853795793319,0.6764730086225194,-2.260316842799085,2.388046273848415
bridge-n52,52,0.02263390483074383,11.825457423506625,1.0,power_3_2,28,1-100,95.8706,97.53389833594339,0.5873563977034735,0.7013494634404398,1.663298335943395,1.7349409891493275
bridge-n52,52,0.02263390483074383,11.825457423506625,1.0,power_3_2,29,1-100,98.8311,98.0397827760665,0.5904028714677181,0.7037725237298634,-0.791317223933504,0.8006763295496093
bridge-n52,52,0.02263390483074383,11.825457423506625,1.0,power_3_2,30,1-100,101.3178,100.87431600474967,0.6074726416171247,0.7172729987625461,-0.44348399525033244,0.43771577674439477
bridge-n52,52,0.02263390483074383,11.825457423506625,1.0,power_3_2,31,1-100,103.7255,101.94256243483282,0.6139057011557898,0.7223279906683066,-1.782937565167174,1.7188999476186415
bridge-n52,52,0.02263390483074383,11.825457423506625,1.0,power_3_2,32,1-100,105.4466,103.60761710239089,0.6239327843361189,0.7301720488763009,-1.8389828976091138,1.7439944935247924
bridge-n52,52,0.02263390483074383,11.825457423506625,1.0,power_3_2,33,1-100,107.1686,105.88773705142385,0.637663836436415,0.7408458603169776,-1.280862948576143,1.1951849222404165
bridge-n52,52,0.02263390483074383,11.825457423506625,1.0,power_3_2,34,1-100,111.0295,106.04294627604791,0.6385985179432643,0.7415696333877728,-4.986553723952085,4.49119713585316
bridge-n52,52,0.02263390483074383,11.825457423506625,1.0,power_3_2,35,1-100,111.8746,111.43850371812526,0.6710909665877868,0.7665154775754557,-0.4360962818747396,0.3898081261293802
bridge-n52,52,0.02263390483074383,11.825457423506625,1.0,power_3_2,36,1-100,114.3202,113.05471976835479,0.6808239399782652,0.7739089675912585,-1.2654802316452134,1.1069611771543555
bridge-n52,52,0.02263390483074383,11.825457423506625,1.0,power_3_2,37,1-100,116.2266,114.75013961416627,0.6910338845228875,0.781627016679223,-1.4764603858337324,1.2703291551449774
bridge-n52,52,0.02263390483074383,11.825457423506625,1.0,power_3_2,38,1-100,118.7907,118.60819284218714,0.7142673683148862,0.7990498477097717,-0.1825071578128643,0.15363758089889554
bridge-n52,52,0.02263390483074383,11.825457423506625,1.0,power_3_2,39,1-100,121.3701,119.42651157700676,0.7191953446642105,0.8027209143453253,-1.9435884229932299,1.6013733390622813
bridge-n52,52,0.02263390483074383,11.825457423506625,1.0,power_3_2,40,1-100,122.9468,120.69908117233052,0.7268588535169154,0.8084131881623627,-2.2477188276694733,1.8282044166008984
bridge-n52,52,0.02263390483074383,11.825457423506625,1.0,power_3_2,41,1-100,124.2568,123.41656010600082,0.7432237139864314,0.8205021161453784,-0.8402398939991826,0.6762124036665862
bridge-n52,52,0.02263390483074383,11.825457423506625,1.0,power_3_2,42,1-100,127.5166,124.91057392741594,0.7522207764563746,0.8271105296121927,-2.606026072584058,2.0436759391201287
bridge-n52,52,0.02263390483074383,11.825457423506625,1.0,power_3_2,43,1-100,129.5787,126.07201289700764,0.7592150484066471,0.8322296896345203,-3.506687102992359,2.706221858216172
bridge-n52,52,0.02263390483074383,11.825457423506625,1.0,power_3_2,44,1-100,131.0876,128.0655052139825,0.7712200075657174,0.8409797242455981,-3.0220947860175045,2.3054009578461305
bridge-n52,52,0.02263390483074383,11.825457423506625,1.0,power_3_2,45,1-100,133.4977,129.65978559654778,0.7808208827322929,0.8479448624848304,-3.8379144034522312,2.8748917797476894
bridge-n52,52,0.02263390483074383,11.825457423506625,1.0,power_3_2,46,1-100,134.7565,133.4800013490307,0.803826506429398,0.8645196760573486,-1.2764986509693017,0.9472631383044987
bridge-n52,52,0.02263390483074383,11.825457423506625,1.0,power_3_2,47,1-100,138.116,134.4491395853546,0.8096627290461059,0.8686992208651725,-3.666860414645413,2.65491356153191
bridge-n52,52,0.02263390483074383,11.825457423506625,1.0,power_3_2,48,1-100,139.7362,137.82297375798672,0.8299802096338349,0.8831717279831767,-1.9132262420132804,1.369170080489723
bridge-n52,52,0.02263390483074383,11.825457423506625,1.0,power_3_2,49,1-100,141.1237,140.15048186885574,0.8439966367730118,0.893087088355049,-0.9732181311442787,0.6896206173337849
bridge-n52,52,0.02263390483074383,11.825457423506625,1.0,power_3_2,50,1-100,143.1118,142.7460147687462,0.8596271291475661,0.9040797504035306,-0.3657852312537955,0.25559403994205615
bridge-n52,52,0.02263390483074383,11.825457423506625,1.0,power_3_2,51,1-100,146.0009,143.45952154580115,0.8639239200834162,0.9070899025380932,-2.541378454198849,1.7406594440163377
bridge-n52,52,0.02263390483074383,11.825457423506625,1.0,power_3_2,52,1-100,147.4427,143.94913802636378,0.8668724269839503,0.9091526164201719,-3.4935619736362185,2.369437058352986
bridge-n52,52,0.02263390483074383,11.825457423506625,1.0,power_3_2,53,1-100,150.0515,146.7520737993253,0.8837519149024002,0.920916480819745,-3.299426200674702,2.1988625243164526
bridge-n52,52,0.02263390483074383,11.825457423506625,1.0,power_3_2,54,1-100,150.9252,148.29363907028392,0.8930353357419564,0.9273544542468436,-2.6315609297160734,1.7436193092446282
bridge-n52,52,0.02263390483074383,11.825457423506625,1.0,power_3_2,55,1-100,153.0246,149.5548148499261,0.9006302301882956,0.9326048725083567,-3.4697851500739034,2.267468857996625
bridge-n52,52,0.02263390483074383,11.825457423506625,1.0,power_3_2,56,1-100,156.1129,150.53065446258032,0.9065068089922181,0.936657281605227,-5.582245537419681,3.5757746716765118
bridge-n52,52,0.02263390483074383,11.825457423506625,1.0,power_3_2,57,1-100,157.5975,155.0265409017362,0.9335813718717924,0.955215699349759,-2.570959098263785,1.6313451027229398
bridge-n52,52,0.02263390483074383,11.825457423506625,1.0,power_3_2,58,1-100,158.8499,156.5417700775236,0.9427061947853633,0.9614297884815884,-2.3081299224763825,1.4530257321385678
bridge-n52,52,0.02263390483074383,11.825457423506625,1.0,power_3_2,59,1-100,161.1889,157.3372167499506,0.9474964338720105,0.9646839568201798,-3.8516832500493763,2.3895462094780573
bridge-n52,52,0.02263390483074383,11.825457423506625,1.0,power_3_2,60,1-100,163.0306,159.49380174129232,0.9604835492592468,0.9734790745612483,-3.5367982587076767,2.1694076196172234
bridge-n52,52,0.02263390483074383,11.825457423506625,1.0,power_3_2,61,1-100,165.5373,163.06046708403835,0.9819622735107219,0.9879384050417919,-2.476832915961637,1.496238561316173
bridge-n52,52,0.02263390483074383,11.825457423506625,1.0,power_3_2,62,1-100,167.1844,164.36746063220184,0.9898330859704766,0.9932105199799783,-2.8169393677981702,1.684929555507673
bridge-n52,52,0.02263390483074383,11.825457423506625,1.0,power_3_2,63,1-100,169.0945,167.5746492975431,1.0091470149056438,1.0060887510985177,-1.519850702456921,0.8988173491490976
bridge-n52,52,0.02263390483074383,11.825457423506625,1.0,power_3_2,64,1-100,169.9119,168.4512027726886,1.0144256851971007,1.0095941482096396,-1.4606972273114138,0.8596791792166493
bridge-n52,52,0.02263390483074383,11.825457423506625,1.0,power_3_2,65,1-100,173.4115,168.9665704251366,1.0175292675720422,1.0116522999921935,-4.44492957486338,2.5632265304569652
bridge-n52,52,0.02263390483074383,11.825457423506625,1.0,power_3_2,66,1-100,174.7541,172.1612392875222,1.0367678013216437,1.0243640628308683,-2.592860712477801,1.4837195307450877
bridge-n52,52,0.02263390483074383,11.825457423506625,1.0,power_3_2,67,1-100,176.4414,173.23923819266446,1.0432595909912392,1.028635694607531,-3.2021618073355285,1.8148585350918371
bridge-n52,52,0.02263390483074383,11.825457423506625,1.0,power_3_2,68,1-100,178.3774,174.46521536348018,1.0506425167944995,1.0334829457160324,-3.912184636519811,2.1932064468479813
bridge-n52,52,0.02263390483074383,11.825457423506625,1.0,power_3_2,69,1-100,179.9164,174.9270770323585,1.0534238821525754,1.0353061011237132,-4.989322967641499,2.773134059841959
bridge-n52,52,0.02263390483074383,11.825457423506625,1.0,power_3_2,70,1-100,182.207,176.43738339662252,1.0625190595286225,1.0412567253076468,-5.769616603377472,3.1665175341109135
bridge-n52,52,0.02263390483074383,11.825457423506625,1.0,power_3_2,71,1-100,184.8744,181.6958683597928,1.0941860474993816,1.0618441572793962,-3.1785316402072112,1.7192924711086073
bridge-n52,52,0.02263390483074383,11.825457423506625,1.0,power_3_2,72,1-100,185.9589,181.76277265610764,1.0945889501531754,1.06210480373817,-4.196127343892357,2.256481052475766
bridge-n52,52,0.02263390483074383,11.825457423506625,1.0,power_3_2,73,1-100,187.2289,183.1082713295671,1.1026916433443765,1.0673398444678686,-4.120628670432922,2.200850760984507
bridge-n52,52,0.02263390483074383,11.825457423506625,1.0,power_3_2,74,1-100,189.4161,185.98022463895217,1.1199867600058964,1.0784713004494324,-3.4358753610478345,1.8139299463180978
bridge-n52,52,0.02263390483074383,11.825457423506625,1.0,power_3_2,75,1-100,192.0266,189.03956311355492,1.1384103240841932,1.0902662049305194,-2.9870368864450825,1.555532872240139
bridge-n52,52,0.02263390483074383,11.825457423506625,1.0,power_3_2,76,1-100,193.0797,190.97450975472162,1.1500627168245052,1.0976933074829385,-2.1051902452783793,1.0903218957137282
bridge-n52,52,0.02263390483074383,11.825457423506625,1.0,power_3_2,77,1-100,195.2658,193.2039954424594,1.1634888456332881,1.1062199404961106,-2.0618045575406256,1.055896402514227
bridge-n52,52,0.02263390483074383,11.825457423506625,1.0,power_3_2,78,1-100,196.8764,193.30241852346774,1.1640815567552492,1.10659559985204,-3.5739814765322535,1.8153427615154756
bridge-n52,52,0.02263390483074383,11.825457423506625,1.0,power_3_2,79,1-100,198.0153,195.26719396366695,1.17591358074425,1.1140814354531823,-2.7481060363330414,1.387825100551847
bridge-n52,52,0.02263390483074383,11.825457423506625,1.0,power_3_2,80,1-100,201.2647,195.6241170681292,1.1780629982541708,1.1154386197820612,-5.640582931870796,2.802569418219288
bridge-n52,52,0.02263390483074383,11.825457423506625,1.0,power_3_2,81,1-100,202.4935,199.56963579483374,1.2018232057915206,1.1303867467743394,-2.923864205166268,1.4439299064741673
bridge-n52,52,0.02263390483074383,11.825457423506625,1.0,power_3_2,82,1-100,204.1896,200.05875155631233,1.2047686973244491,1.132232934032542,-4.1308484436876824,2.023045465433931
bridge-n52,52,0.02263390483074383,11.825457423506625,1.0,power_3_2,83,1-100,205.3946,202.123244043864,1.2172012247970783,1.1400089313057093,-3.2713559561360057,1.5927176060792279
bridge-n52,52,0.02263390483074383,11.825457423506625,1.0,power_3_2,84,1-100,207.9062,202.25726019448874,1.2180082800343655,1.1405127913182391,-5.648939805511276,2.7170617352975888
bridge-n52,52,0.02263390483074383,11.825457423506625,1.0,power_3_2,85,1-100,209.5765,205.15074986383942,1.2354330902590964,1.151364459968717,-4.4257501361605875,2.1117587783747642
bridge-n52,52,0.02263390483074383,11.825457423506625,1.0,power_3_2,86,1-100,211.3289,208.11119029287332,1.2532610829434845,1.1624145460341153,-3.217709707126687,1.5226075123311043
bridge-n52,52,0.02263390483074383,11.825457423506625,1.0,power_3_2,87,1-100,213.3479,209.27515877953115,1.2602705878338656,1.1667447818271777,-4.072741220468856,1.9089671004349498
bridge-n52,52,0.02263390483074383,11.825457423506625,1.0,power_3_2,88,1-100,214.547,209.7760634419657,1.2632870730060983,1.1686057926673368,-4.770936558034293,2.2237255976705774
bridge-n52,52,0.02263390483074383,11.825457423506625,1.0,power_3_2,89,1-100,216.1695,211.3152998687699,1.2725564693727613,1.1743152715512923,-4.854200131230101,2.2455527404329017
bridge-n52,52,0.02263390483074383,11.825457423506625,1.0,power_3_2,90,1-100,219.0675,214.934795350064,1.2943533406520615,1.187686716749932,-4.132704649935988,1.8864982938756265
bridge-n52,52,0.02263390483074383,11.825457423506625,1.0,power_3_2,91,1-100,220.7149,216.59425642342546,1.3043467387916654,1.1937921106085436,-4.120643576574537,1.8669530587081058
bridge-n52,52,0.02263390483074383,11.825457423506625,1.0,power_3_2,92,1-100,221.3952,220.42004292579577,1.327385909959365,1.2078086499480718,-0.975157074204219,0.44045989895183774
bridge-n52,52,0.02263390483074383,11.825457423506625,1.0,power_3_2,93,1-100,224.007,221.72111685327178,1.3352210740225916,1.21255687640839,-2.2858831467282243,1.0204516585321997
bridge-n52,52,0.02263390483074383,11.825457423506625,1.0,power_3_2,94,1-100,224.9833,222.06043559827083,1.3372644767690856,1.2137936805830452,-2.9228644017291856,1.2991472708104048
bridge-n52,52,0.02263390483074383,11.825457423506625,1.0,power_3_2,95,1-100,227.4214,223.20245704661505,1.3441418149606665,1.21795168670382,-4.218942953384953,1.8551213533049016
bridge-n52,52,0.02263390483074383,11.825457423506625,1.0,power_3_2,96,1-100,229.3374,224.0511209317238,1.3492525320643918,1.221037010265725,-5.286279068276201,2.3050226732648933
bridge-n52,52,0.02263390483074383,11.825457423506625,1.0,power_3_2,97,1-100,231.2882,228.21122547886796,1.3743049913895,1.2361051501431424,-3.07697452113203,1.3303638149858186
bridge-n52,52,0.02263390483074383,11.825457423506625,1.0,power_3_2,98,1-100,231.9872,229.0622329028348,1.3794298214587177,1.2391762288633337,-2.9249670971651938,1.260831242915641
bridge-n52,52,0.02263390483074383,11.825457423506625,1.0,power_3_2,99,1-100,233.6934,229.7474833973619,1.3835564509573526,1.2416463677946272,-3.945916602638107,1.6885015163620825
bridge-n52,52,0.02263390483074383,11.825457423506625,1.0,power_3_2,100,1-100,236.5242,230.59945559604753,1.3886870909717597,1.2447140704821935,-5.924744403952474,2.504921020323702
bridge-n52,52,0.02263390483074383,11.825457423506625,1.0,power_3_2,101,101-300,237.7698204809252,232.42533989397216,1.399682702160789,1.2512758528851418,-5.34448058695304,2.2477539732094782
bridge-n52,52,0.02263390483074383,11.825457423506625,1.0,power_3_2,102,101-300,239.55547757332764,236.40417537565907,1.4236435456772545,1.2655156172971882,-3.1513021976685707,1.3154790821695825
bridge-n52,52,0.02263390483074383,11.825457423506625,1.0,power_3_2,103,101-300,241.04915779621658,236.4381908858425,1.423848389612217,1.2656370086306061,-4.6109669103740885,1.9128741010877992
bridge-n52,52,0.02263390483074383,11.825457423506625,1.0,power_3_2,104,101-300,242.8232719342226,238.0236458797529,1.4333961176312153,1.2712885902266724,-4.799626054469684,1.976592283036955
bridge-n52,52,0.02263390483074383,11.825457423506625,1.0,power_3_2,105,101-300,244.07089849707816,239.23903641957276,1.4407152899543867,1.2756125308443111,-4.831862077505406,1.9796961076714557
bridge-n52,52,0.02263390483074383,11.825457423506625,1.0,power_3_2,106,101-300,247.1369900748975,241.53176679810153,1.4545222830000213,1.283749397053652,-5.605223276795982,2.268063261229029
bridge-n52,52,0.02263390483074383,11.825457423506625,1.0,power_3_2,107,101-300,248.10199006014847,245.0387369717071,1.4756415184983052,1.2961459604023013,-3.063253088441371,1.2346749365850445
bridge-n52,52,0.02263390483074383,11.825457423506625,1.0,power_3_2,108,101-300,249.5736896447072,247.05524179663848,1.4877850606936949,1.3032471854344512,-2.5184478480687176,1.0090998981719494
bridge-n52,52,0.02263390483074383,11.825457423506625,1.0,power_3_2,109,101-300,251.014947795016,248.5779409926673,1.4969548686253427,1.3085966516667118,-2.4370068023487192,0.9708612270926708
bridge-n52,52,0.02263390483074383,11.825457423506625,1.0,power_3_2,110,101-300,253.06998674799948,250.63146339279956,1.50932133341475,1.3157937133159823,-2.4385233551999193,0.96357667162963
bridge-n52,52,0.02263390483074383,11.825457423506625,1.0,power_3_2,111,101-300,255.30625645491403,251.37293525345356,1.5137865321661848,1.3183875445957496,-3.9333212014604726,1.5406285987962383
bridge-n52,52,0.02263390483074383,11.825457423506625,1.0,power_3_2,112,101-300,256.38071369443446,253.0177472169386,1.5236917122754077,1.3241323730719563,-3.36296647749586,1.3117080567549975
bridge-n52,52,0.02263390483074383,11.825457423506625,1.0,power_3_2,113,101-300,258.6104394915314,253.27485103602027,1.5252400106166824,1.3250292320568198,-5.335588455511129,2.0631759746442295
bridge-n52,52,0.02263390483074383,11.825457423506625,1.0,power_3_2,114,101-300,259.874406989678,254.73674076740062,1.5340436194246247,1.3301230078811872,-5.137666222277375,1.9769804505918271
bridge-n52,52,0.02263390483074383,11.825457423506625,1.0,power_3_2,115,101-300,260.8050845045969,258.93610320728015,1.559332492702747,1.344701282509185,-1.8689812973167363,0.7166199619408854
bridge-n52,52,0.02263390483074383,11.825457423506625,1.0,power_3_2,116,101-300,263.57389390487015,259.4727404967428,1.5625641624154292,1.3465585433466056,-4.101153408127345,1.5559786090224648
bridge-n52,52,0.02263390483074383,11.825457423506625,1.0,power_3_2,117,101-300,265.55785183887633,261.40493724857606,1.5741999951174315,1.353235153649819,-4.15291459030027,1.5638455280245283
bridge-n52,52,0.02263390483074383,11.825457423506625,1.0,power_3_2,118,101-300,266.6149737815011,263.16957071740575,1.584826749253197,1.3593183985684523,-3.4454030640953306,1.2922766546934237
bridge-n52,52,0.02263390483074383,11.825457423506625,1.0,power_3_2,119,101-300,267.92191508282406,264.4347215320738,1.5924455816564251,1.3636714038867754,-3.4871935507502485,1.3015708512206756
bridge-n52,52,0.02263390483074383,11.825457423506625,1.0,power_3_2,120,101-300,269.9704490239976,265.70917602937635,1.6001204415291876,1.3680494071860592,-4.261272994621265,1.5784220124931088
bridge-n52,52,0.02263390483074383,11.825457423506625,1.0,power_3_2,121,101-300,271.494055641645,267.33282539101054,1.6098981788743947,1.3736168387538965,-4.161230250634446,1.5327150499851119
bridge-n52,52,0.02263390483074383,11.825457423506625,1.0,power_3_2,122,101-300,273.4596091884033,268.6921600850867,1.6180841936119157,1.3782692819974445,-4.767449103316608,1.7433832796974473
bridge-n52,52,0.02263390483074383,11.825457423506625,1.0,power_3_2,123,101-300,275.58749264934386,270.2444210580476,1.6274320247652825,1.3835724486011614,-5.34307159129628,1.9387932086216906
bridge-n52,52,0.02263390483074383,11.825457423506625,1.0,power_3_2,124,101-300,276.4520495031329,270.90375567046163,1.631402586892255,1.3858219348514802,-5.548293832671277,2.006964261123483
bridge-n52,52,0.02263390483074383,11.825457423506625,1.0,power_3_2,125,101-300,278.25074352984194,274.27236966266054,1.651688631164745,1.3972864674510128,-3.9783738671814035,1.4297801388461444
bridge-n52,52,0.02263390483074383,11.825457423506625,1.0,power_3_2,126,101-300,279.22925092774517,276.07591095840286,1.6625496911310755,1.4034052269723478,-3.153339969342312,1.1293014463439173
bridge-n52,52,0.02263390483074383,11.825457423506625,1.0,power_3_2,127,101-300,282.4651147650521,279.6015997737247,1.6837816516834787,1.415328271141875,-2.8635149913274063,1.013758811848044
bridge-n52,52,0.02263390483074383,11.825457423506625,1.0,power_3_2,128,101-300,283.2111857332339,279.87606736920515,1.685434515979054,1.4162543464829098,-3.3351183640287445,1.1776082768037999
bridge-n52,52,0.02263390483074383,11.825457423506625,1.0,power_3_2,129,101-300,284.83596398090475,282.6166558300998,1.7019385437421435,1.425484773064968,-2.2193081508049772,0.7791530675367098
bridge-n52,52,0.02263390483074383,11.825457423506625,1.0,power_3_2,130,101-300,286.6674453630029,283.641233816947,1.708108628664291,1.4289279276712692,-3.0262115460558903,1.0556523229290447
bridge-n52,52,0.02263390483074383,11.825457423506625,1.0,power_3_2,131,101-300,287.9119205014222,285.4908967045904,1.7192474362910508,1.4351333504332964,-2.4210237968317756,0.8408904336490703
bridge-n52,52,0.02263390483074383,11.825457423506625,1.0,power_3_2,132,101-300,289.5798549292188,285.5072346459514,1.7193458245903748,1.435188102677388,-4.0726202832673835,1.4063893651244637
bridge-n52,52,0.02263390483074383,11.825457423506625,1.0,power_3_2,133,101-300,291.8462913290674,287.7361856116401,1.732768733263165,1.4426480792129064,-4.110105717427302,1.4083117858753282
bridge-n52,52,0.02263390483074383,11.825457423506625,1.0,power_3_2,134,101-300,293.5584341393563,290.0045532428556,1.746429012030541,1.4502202272019344,-3.5538808965006865,1.2106212880307194
bridge-n52,52,0.02263390483074383,11.825457423506625,1.0,power_3_2,135,101-300,294.9653696192655,290.84273942762445,1.7514766316426982,1.4530132172969683,-4.122630191641065,1.3976658334374847
bridge-n52,52,0.02263390483074383,11.825457423506625,1.0,power_3_2,136,101-300,295.57325487895827,292.6244443483452,1.762206191332813,1.458941288632769,-2.948810530613059,0.9976581040191346
bridge-n52,52,0.02263390483074383,11.825457423506625,1.0,power_3_2,137,101-300,297.97927706194344,294.42687744843715,1.7730605776624255,1.4649260970707634,-3.5523996135062816,1.1921633103257092
bridge-n52,52,0.02263390483074383,11.825457423506625,1.0,power_3_2,138,101-300,299.8403260537213,296.46699550773883,1.785346320513326,1.4716854015198495,-3.373330545982469,1.125042315148124
bridge-n52,52,0.02263390483074383,11.825457423506625,1.0,power_3_2,139,101-300,301.64932546219416,298.06729132039203,1.794983421047772,1.47697664427401,-3.5820341418021258,1.1874828946869511
bridge-n52,52,0.02263390483074383,11.825457423506625,1.0,power_3_2,140,101-300,302.6967495896069,298.9176815895444,1.8001045345647468,1.479784533911728,-3.779068000062523,1.2484666601759498
bridge-n52,52,0.02263390483074383,11.825457423506625,1.0,power_3_2,141,101-300,304.8643713408573,299.858390594539,1.8057695542336798,1.482887545434993,-5.005980746318301,1.6420353497855291
bridge-n52,52,0.02263390483074383,11.825457423506625,1.0,power_3_2,142,101-300,305.7289126020368,302.3115498388474,1.8205426618538327,1.4909642848407605,-3.4173627631894306,1.1177754613080266
bridge-n52,52,0.02263390483074383,11.825457423506625,1.0,power_3_2,143,101-300,307.2194961281701,303.0170545867248,1.8247912639741815,1.4932830267178892,-4.202441541445296,1.367895460544621
bridge-n52,52,0.02263390483074383,11.825457423506625,1.0,power_3_2,144,101-300,310.1094631467019,304.86794914470755,1.8359374888114297,1.4993577195154342,-5.2415140019943465,1.6902141420672385
bridge-n52,52,0.02263390483074383,11.825457423506625,1.0,power_3_2,145,101-300,311.165141530356,308.99986872261786,1.8608202161532885,1.5128746427952602,-2.16527280773812,0.6958596959444073
bridge-n52,52,0.02263390483074383,11.825457423506625,1.0,power_3_2,146,101-300,312.4278011806009,310.34712004476756,1.8689334639253963,1.517268914574245,-2.080681135833345,0.6659718270816091
bridge-n52,52,0.02263390483074383,11.825457423506625,1.0,power_3_2,147,101-300,313.9852857311589,311.2238490068106,1.8742131910120163,1.5201250885864588,-2.7614367243483002,0.8794796603025222
bridge-n52,52,0.02263390483074383,11.825457423506625,1.0,power_3_2,148,101-300,315.47561608947575,311.8290558365655,1.8778577916017103,1.5220951436380215,-3.6465602529102625,1.1558929016802424
bridge-n52,52,0.02263390483074383,11.825457423506625,1.0,power_3_2,149,101-300,317.7348059423702,314.2429383121115,1.8923943715960092,1.5299401143701716,-3.491867630258696,1.0989880758899422
bridge-n52,52,0.02263390483074383,11.825457423506625,1.0,power_3_2,150,101-300,318.8531042563166,315.97583856056764,1.9028300259159754,1.535559551901083,-2.8772656957489744,0.9023797031739184
bridge-n52,52,0.02263390483074383,11.825457423506625,1.0,power_3_2,151,101-300,321.1601343091136,317.42458369893114,1.911554477006085,1.5402496529203413,-3.735550610182429,1.1631426852583755
bridge-n52,52,0.02263390483074383,11.825457423506625,1.0,power_3_2,152,101-300,322.14455867248296,318.962241535875,1.9208143669870745,1.545219797096518,-3.182317136607935,0.9878537603496585
bridge-n52,52,0.02263390483074383,11.825457423506625,1.0,power_3_2,153,101-300,323.4669695575121,320.5173247462521,1.9301791938642923,1.550238148690848,-2.9496448112599865,0.9118843928005894
bridge-n52,52,0.02263390483074383,11.825457423506625,1.0,power_3_2,154,101-300,324.8628660517396,322.7895851843488,1.9438629154045475,1.5575563090717761,-2.0732808673907925,0.6382018642477252
bridge-n52,52,0.02263390483074383,11.825457423506625,1.0,power_3_2,155,101-300,327.44390126190547,325.01378938506184,1.9572572387052318,1.5647030842523495,-2.4301118768436254,0.742146018746553
bridge-n52,52,0.02263390483074383,11.825457423506625,1.0,power_3_2,156,101-300,329.03307168048093,326.68749982118084,1.9673364475683028,1.5700702766398293,-2.345571859300094,0.7128681160591186
bridge-n52,52,0.02263390483074383,11.825457423506625,1.0,power_3_2,157,101-300,329.9532397282339,326.97589283010217,1.969073171740441,1.5709941579181095,-2.9773468981317137,0.90235419436524
bridge-n52,52,0.02263390483074383,11.825457423506625,1.0,power_3_2,158,101-300,331.4744675826634,327.1474663104756,1.97010640001382,1.5715436731863666,-4.327001272187829,1.305379959953856
bridge-n52,52,0.02263390483074383,11.825457423506625,1.0,power_3_2,159,101-300,333.64537852486984,331.8208753007822,1.9982500169139348,1.5864749418816948,-1.824503224087664,0.546839051736383
bridge-n52,52,0.02263390483074383,11.825457423506625,1.0,power_3_2,160,101-300,334.2113548332444,332.04934263077047,1.999625864185749,1.5872030779337403,-2.1620122024739317,0.6468996852463834
bridge-n52,52,0.02263390483074383,11.825457423506625,1.0,power_3_2,161,101-300,336.84185042839067,333.9399685884289,2.0110113544700603,1.5932221971136622,-2.9018818399617885,0.8614968229960785
bridge-n52,52,0.02263390483074383,11.825457423506625,1.0,power_3_2,162,101-300,338.3399928508066,335.7367477173233,2.021831692164153,1.5989320205563848,-2.6032451334833127,0.769416914491463
bridge-n52,52,0.02263390483074383,11.825457423506625,1.0,power_3_2,163,101-300,339.85821672536355,336.16108187652213,2.0243870640648134,1.6002789858765973,-3.697134848841415,1.087846244961921
bridge-n52,52,0.02263390483074383,11.825457423506625,1.0,power_3_2,164,101-300,341.04226111104657,337.3865785218508,2.031767096107813,1.604165905940231,-3.6556825891957487,1.0719148346267338
bridge-n52,52,0.02263390483074383,11.825457423506625,1.0,power_3_2,165,101-300,342.0548775103636,337.5651115852966,2.032842235508633,1.6047317680089135,-4.48976592506699,1.3125864357630623
bridge-n52,52,0.02263390483074383,11.825457423506625,1.0,power_3_2,166,101-300,344.6617029402523,341.23340040986665,2.0549329439340682,1.616336460988911,-3.428302530385679,0.9946862390394389
bridge-n52,52,0.02263390483074383,11.825457423506625,1.0,power_3_2,167,101-300,346.34787056600993,343.56891215061285,2.0689975695282787,1.623703226444376,-2.778958415397085,0.8023604738367945
bridge-n52,52,0.02263390483074383,11.825457423506625,1.0,power_3_2,168,101-300,347.2726775844205,344.4646470914875,2.0743917520345203,1.6265241577865681,-2.8080304929329714,0.8085952838170953
bridge-n52,52,0.02263390483074383,11.825457423506625,1.0,power_3_2,169,101-300,349.31626087069617,346.1747484787908,2.0846901099151256,1.63190298706979,-3.141512391905394,0.8993318501906972
bridge-n52,52,0.02263390483074383,11.825457423506625,1.0,power_3_2,170,101-300,350.4084193491921,347.9933695201606,2.095641981232393,1.6376134374811495,-2.4150498290314886,0.6892099891654777
bridge-n52,52,0.02263390483074383,11.825457423506625,1.0,power_3_2,171,101-300,351.87864902535927,351.4883593999082,2.1166890705090675,1.6485598233684002,-0.39028962545108925,0.11091597246156353
bridge-n52,52,0.02263390483074383,11.825457423506625,1.0,power_3_2,172,101-300,353.4889004887188,352.04669835973806,2.120051429296508,1.6503051854055695,-1.442202128980739,0.4079907818850355
bridge-n52,52,0.02263390483074383,11.825457423506625,1.0,power_3_2,173,101-300,356.0175749772649,353.13991359696246,2.12663485285084,1.6537198958848713,-2.87766138030247,0.8082919447126272
bridge-n52,52,0.02263390483074383,11.825457423506625,1.0,power_3_2,174,101-300,357.1513022520396,354.49574294421177,2.134799758128778,1.6579500033313728,-2.6555593078278434,0.7435390242407209
bridge-n52,52,0.02263390483074383,11.825457423506625,1.0,power_3_2,175,101-300,357.95268510163226,356.98648339250593,2.1497991825574565,1.6657069416128458,-0.9662017091263237,0.2699244199975741
bridge-n52,52,0.02263390483074383,11.825457423506625,1.0,power_3_2,176,101-300,359.74375495311443,357.6395589566895,2.1537320522299654,1.667737832861738,-2.1041959964249486,0.5849152257553962
bridge-n52,52,0.02263390483074383,11.825457423506625,1.0,power_3_2,177,101-300,361.28936169580464,359.8848710440183,2.167253488795447,1.6747107464813908,-1.4044906517863183,0.3887439821626576
bridge-n52,52,0.02263390483074383,11.825457423506625,1.0,power_3_2,178,101-300,363.33133057897385,360.8022120488428,2.172777784627482,1.6775554134687842,-2.5291185301310293,0.6960915058166994
bridge-n52,52,0.02263390483074383,11.825457423506625,1.0,power_3_2,179,101-300,364.736024114089,361.2948425686422,2.175744442296711,1.6790820616260116,-3.4411815454467956,0.9434718036983366
bridge-n52,52,0.02263390483074383,11.825457423506625,1.0,power_3_2,180,101-300,366.2127102883313,363.7894453339105,2.190767125885778,1.686802141056436,-2.4232649544208016,0.661709680287417
bridge-n52,52,0.02263390483074383,11.825457423506625,1.0,power_3_2,181,101-300,367.9935754817403,363.81404250210846,2.1909152518640576,1.686878174210542,-4.179532979631858,1.1357624855706876
bridge-n52,52,0.02263390483074383,11.825457423506625,1.0,power_3_2,182,101-300,368.96843809573437,367.69825057543505,2.2143062420818564,1.6988633848363905,-1.2701875202993165,0.3442537055079349
bridge-n52,52,0.02263390483074383,11.825457423506625,1.0,power_3_2,183,101-300,370.050919212106,368.4637328082509,2.2189160330821522,1.7012203880486514,-1.587186403855128,0.4289102719254113
bridge-n52,52,0.02263390483074383,11.825457423506625,1.0,power_3_2,184,101-300,373.06192837211285,372.3144605234625,2.2421054020905897,1.7130525408696304,-0.7474678486503308,0.20036025973273922
bridge-n52,52,0.02263390483074383,11.825457423506625,1.0,power_3_2,185,101-300,373.86487391090856,372.76798839899914,2.2448365807246655,1.7144434071329206,-1.09688551190942,0.2933908982770086
bridge-n52,52,0.02263390483074383,11.825457423506625,1.0,power_3_2,186,101-300,375.82591276673935,374.30823770635226,2.254112076733409,1.719162795019308,-1.5176750603870914,0.4038239538126403
bridge-n52,52,0.02263390483074383,11.825457423506625,1.0,power_3_2,187,101-300,376.32409223066804,374.47465458391974,2.2551142515607543,1.7196723153913422,-1.8494376467482994,0.49144811212742806
bridge-n52,52,0.02263390483074383,11.825457423506625,1.0,power_3_2,188,101-300,378.4366802499655,375.4358792274037,2.2609028179321693,1.7226138318631528,-3.0008010225618023,0.7929466616660175
bridge-n52,52,0.02263390483074383,11.825457423506625,1.0,power_3_2,189,101-300,379.87297534653237,377.8101137925319,2.2752006352579324,1.7298686715412679,-2.062861554000449,0.5430398285423279
bridge-n52,52,0.02263390483074383,11.825457423506625,1.0,power_3_2,190,101-300,381.4844686171865,380.6263491346783,2.2921602141722377,1.7384544393591097,-0.8581194825081866,0.22494218063941565
bridge-n52,52,0.02263390483074383,11.825457423506625,1.0,power_3_2,191,101-300,383.44352944953647,381.55152887645505,2.2977317154618353,1.741270380258119,-1.8920005730814182,0.4934235233536304
bridge-n52,52,0.02263390483074383,11.825457423506625,1.0,power_3_2,192,101-300,384.95611681486366,382.3765462381325,2.3027000314408466,1.743779540833036,-2.5795705767311574,0.6700947105541762
bridge-n52,52,0.02263390483074383,11.825457423506625,1.0,power_3_2,193,101-300,385.86130084597426,383.5067964167199,2.3095064821695175,1.747214091543306,-2.354504429254348,0.610194498409729
bridge-n52,52,0.02263390483074383,11.825457423506625,1.0,power_3_2,194,101-300,387.222890222388,384.3722512579412,2.3147183156611297,1.7498417142123006,-2.85063896444683,0.7361752201192612
bridge-n52,52,0.02263390483074383,11.825457423506625,1.0,power_3_2,195,101-300,388.84612835423223,388.2457510392989,2.3380448197474024,1.761578041804177,-0.6003773149333256,0.1543997152483905
bridge-n52,52,0.02263390483074383,11.825457423506625,1.0,power_3_2,196,101-300,391.45608356363806,389.469090684597,2.3454118621756175,1.7652765207796592,-1.986992879041054,0.5075902412736507
bridge-n52,52,0.02263390483074383,11.825457423506625,1.0,power_3_2,197,101-300,392.2450833395191,391.94552766699945,2.3603251500677263,1.7727516134358492,-0.2995556725196593,0.07636951621401719
bridge-n52,52,0.02263390483074383,11.825457423506625,1.0,power_3_2,198,101-300,393.427743844434,392.6281277822426,2.3644358187849774,1.7748092624407832,-0.7996160621914328,0.20324343534542658
bridge-n52,52,0.02263390483074383,11.825457423506625,1.0,power_3_2,199,101-300,395.5828700109937,395.0739590690684,2.379164796899565,1.7821722764637835,-0.5089109419253077,0.12864837699144163
bridge-n52,52,0.02263390483074383,11.825457423506625,1.0,power_3_2,200,101-300,396.3818542225922,396.19465787327294,2.385913728540551,1.7855409879134105,-0.1871963493192652,0.04722626611816171
bridge-n52,52,0.02263390483074383,11.825457423506625,1.0,power_3_2,201,101-300,397.9187362096142,397.2739054655713,2.392413037897172,1.788782100068866,-0.6448307440429062,0.16205086249148734
bridge-n52,52,0.02263390483074383,11.825457423506625,1.0,power_3_2,202,101-300,399.9851198761949,397.82766770644866,2.3957478353423185,1.7904439761506918,-2.15745216974625,0.5393831076551132
bridge-n52,52,0.02263390483074383,11.825457423506625,1.0,power_3_2,203,101-300,401.8392286005332,400.4400622250385,2.4114798696401185,1.7982735670517866,-1.3991663754947012,0.3481905886509669
bridge-n52,52,0.02263390483074383,11.825457423506625,1.0,power_3_2,204,101-300,402.86191776388614,400.6353755972848,2.4126560613099195,1.7988582543533949,-2.226542166601348,0.5526812211389772
bridge-n52,52,0.02263390483074383,11.825457423506625,1.0,power_3_2,205,101-300,404.236441800208,402.6679868238302,2.424896597455037,1.8049374224307035,-1.5684549763778364,0.38800434948243434
bridge-n52,52,0.02263390483074383,11.825457423506625,1.0,power_3_2,206,101-300,405.13438745990993,406.4570470449341,2.4477146002224806,1.816242576545619,1.3226595850241551,0.3264742825996322
bridge-n52,52,0.02263390483074383,11.825457423506625,1.0,power_3_2,207,101-300,407.5814603868962,407.707864300069,2.4552471148629897,1.8199668305997594,0.1264039131727941,0.03101316557745422
bridge-n52,52,0.02263390483074383,11.825457423506625,1.0,power_3_2,208,101-300,408.9472455023511,408.5525377211157,2.4603338010950213,1.8224796548049587,-0.39470778123541095,0.09651801927423466
bridge-n52,52,0.02263390483074383,11.825457423506625,1.0,power_3_2,209,101-300,410.51386919336665,410.05559854875895,2.469385345310069,1.8269468418036157,-0.45827064460769407,0.11163341338702305
bridge-n52,52,0.02263390483074383,11.825457423506625,1.0,power_3_2,210,101-300,411.9722678042788,410.074402238913,2.469498582532213,1.8270026928961902,-1.8978655653657484,0.4606779906523691
bridge-n52,52,0.02263390483074383,11.825457423506625,1.0,power_3_2,211,101-300,413.26273607018504,413.35419144746453,2.4892497173440944,1.8367313735613227,0.0914553772794875,0.022130080768752277
bridge-n52,52,0.02263390483074383,11.825457423506625,1.0,power_3_2,212,101-300,415.01880975515513,413.83195990438526,2.492126874564108,1.8381464043383866,-1.1868498507698746,0.2859749541159519
bridge-n52,52,0.02263390483074383,11.825457423506625,1.0,power_3_2,213,101-300,415.4552149962946,414.5773699953019,2.4966157896314063,1.840353035701405,-0.8778450009926928,0.21129714330352603
bridge-n52,52,0.02263390483074383,11.825457423506625,1.0,power_3_2,214,101-300,418.3877057895348,417.02629935169654,2.5113634245516043,1.8475932911753523,-1.361406437838241,0.325393509178083
bridge-n52,52,0.02263390483074383,11.825457423506625,1.0,power_3_2,215,101-300,419.8613648181523,419.23818976872485,2.5246835933301126,1.854120569030634,-0.6231750494274593,0.14842400412273343
bridge-n52,52,0.02263390483074383,11.825457423506625,1.0,power_3_2,216,101-300,420.6438276250418,420.60751177452136,2.5329297524024232,1.8581556785358635,-0.036315850520452386,0.008633396744578888
bridge-n52,52,0.02263390483074383,11.825457423506625,1.0,power_3_2,217,101-300,422.07671005882673,420.7728339517207,2.5339253348626443,1.8586425524237289,-1.3038761071060208,0.3089192262999524
bridge-n52,52,0.02263390483074383,11.825457423506625,1.0,power_3_2,218,101-300,423.7165796274818,424.03066242410176,2.5535442204862124,1.8682238930216493,0.31408279661997085,0.07412568016481737
bridge-n52,52,0.02263390483074383,11.825457423506625,1.0,power_3_2,219,101-300,425.06988249446135,426.0325391609623,2.5655996712460993,1.8740992815693585,0.9626566665009477,0.226470212580514
bridge-n52,52,0.02263390483074383,11.825457423506625,1.0,power_3_2,220,101-300,427.2088250840746,426.9298010784735,2.5710030493193377,1.8767297038350592,-0.27902400560111573,0.06531325881346292
bridge-n52,52,0.02263390483074383,11.825457423506625,1.0,power_3_2,221,101-300,428.12791407661666,428.2160147872653,2.5787487240392246,1.880497169489393,0.08810071064863223,0.020578128113567937
bridge-n52,52,0.02263390483074383,11.825457423506625,1.0,power_3_2,222,101-300,430.3287454309386,429.4851037151958,2.586391272053733,1.8842107794395784,-0.8436417157428195,0.19604586602690977
bridge-n52,52,0.02263390483074383,11.825457423506625,1.0,power_3_2,223,101-300,431.3013069307036,431.6346565221323,2.5993360391028966,1.89049247118191,0.3333495914286573,0.0772892606797076
bridge-n52,52,0.02263390483074383,11.825457423506625,1.0,power_3_2,224,101-300,432.1386417345886,433.7073375162949,2.6118178783720154,1.8965396509074488,1.5686957817063103,0.36300752355994437
bridge-n52,52,0.02263390483074383,11.825457423506625,1.0,power_3_2,225,101-300,433.88921848092724,434.1929752646064,2.614742425050695,1.8979551360609332,0.30375678367914816,0.0700079123290086
bridge-n52,52,0.02263390483074383,11.825457423506625,1.0,power_3_2,226,101-300,436.16100643264696,437.1984452229803,2.63284158891346,1.9067034528428464,1.03743879033334,0.23785684071543517
bridge-n52,52,0.02263390483074383,11.825457423506625,1.0,power_3_2,227,101-300,437.5816981676686,437.77844091977244,2.6363343661833483,1.9083893927027997,0.1967427521038303,0.04496137588196026
bridge-n52,52,0.02263390483074383,11.825457423506625,1.0,power_3_2,228,101-300,438.6217386562722,438.717637440337,2.641990277558431,1.9111178846276036,0.09589878406478647,0.021863664203825055
bridge-n52,52,0.02263390483074383,11.825457423506625,1.0,power_3_2,229,101-300,439.91844221437066,439.77170830001353,2.6483379707566597,1.9141777842068946,-0.14673391435712801,0.033354799498409096
bridge-n52,52,0.02263390483074383,11.825457423506625,1.0,power_3_2,230,101-300,441.68319920118904,440.3707745957277,2.651945592593165,1.9159157453396458,-1.3124246054613309,0.29714161820846496
bridge-n52,52,0.02263390483074383,11.825457423506625,1.0,power_3_2,231,101-300,442.90454630260945,442.0295043062069,2.661934586411038,1.9207238068132775,-0.8750419964025582,0.19756898042873008
bridge-n52,52,0.02263390483074383,11.825457423506625,1.0,power_3_2,232,101-300,444.31933627755916,445.4468282410073,2.682513965584592,1.930610487746707,1.1274919634481648,0.253757122724868
bridge-n52,52,0.02263390483074383,11.825457423506625,1.0,power_3_2,233,101-300,446.8606226964295,446.7596336093229,2.6904197772580236,1.9344018456077343,-0.10098908710659771,0.022599683654651235
bridge-n52,52,0.02263390483074383,11.825457423506625,1.0,power_3_2,234,101-300,447.4417041944933,449.6730072738549,2.7079643303822074,1.9428023777134522,2.2313030793616235,0.49868017631001244
bridge-n52,52,0.02263390483074383,11.825457423506625,1.0,power_3_2,235,101-300,449.1485456850233,451.132221851533,2.7167518292153754,1.9470031109004755,1.9836761665097242,0.44165258589099987
bridge-n52,52,0.02263390483074383,11.825457423506625,1.0,power_3_2,236,101-300,450.1269457803135,452.6234187449044,2.7257319279349037,1.9512912370936182,2.4964729645909074,0.5546153119678647
bridge-n52,52,0.02263390483074383,11.825457423506625,1.0,power_3_2,237,101-300,451.4033084453888,453.6848580274251,2.732123994324119,1.9543406720306884,2.281549582036291,0.5054348382810568
bridge-n52,52,0.02263390483074383,11.825457423506625,1.0,power_3_2,238,101-300,453.9867378066779,455.4562626973729,2.7427915251371693,1.9594244935316574,1.46952489069497,0.3236933523200717
bridge-n52,52,0.02263390483074383,11.825457423506625,1.0,power_3_2,239,101-300,454.9746837686168,455.70609332224024,2.7442960237613576,1.96014096116147,0.7314095536234504,0.16075829704745026
bridge-n52,52,0.02263390483074383,11.825457423506625,1.0,power_3_2,240,101-300,456.32842668924604,457.25401402418714,2.7536177174795218,1.9645771942215793,0.925587334941099,0.20283359107308307
bridge-n52,52,0.02263390483074383,11.825457423506625,1.0,power_3_2,241,101-300,457.903893064103,459.1069255263893,2.764776088505031,1.9698809327548374,1.2030324622863304,0.26272597383615504
bridge-n52,52,0.02263390483074383,11.825457423506625,1.0,power_3_2,242,101-300,459.513415281106,460.8491006201475,2.7752675966339684,1.9748611969258234,1.335685339041504,0.2906738507785246
bridge-n52,52,0.02263390483074383,11.825457423506625,1.0,power_3_2,243,101-300,460.08794442217584,461.0210592612,2.7763031443736343,1.9753524254453467,0.9331148390241424,0.20281227759532816
bridge-n52,52,0.02263390483074383,11.825457423506625,1.0,power_3_2,244,101-300,462.06536727488253,462.8506658645472,2.787321171563064,1.9805752259800773,0.7852985896646487,0.16995400332556732
bridge-n52,52,0.02263390483074383,11.825457423506625,1.0,power_3_2,245,101-300,464.05728691054827,463.628481398395,2.7920052346204547,1.9827934951259607,-0.4288055121532466,0.09240357262957993
bridge-n52,52,0.02263390483074383,11.825457423506625,1.0,power_3_2,246,101-300,465.6715392113711,466.3696361952889,2.808512672901098,1.9906011864953181,0.6980969839177646,0.14991188533875466
bridge-n52,52,0.02263390483074383,11.825457423506625,1.0,power_3_2,247,101-300,466.5702869308262,468.14200618022596,2.8191860169128877,1.9956413243703364,1.5717192493997345,0.33686655439178403
bridge-n52,52,0.02263390483074383,11.825457423506625,1.0,power_3_2,248,101-300,467.43904621026167,470.83008633066714,2.8353738357209,2.003273371952745,3.391040120405478,0.7254507615266982
bridge-n52,52,0.02263390483074383,11.825457423506625,1.0,power_3_2,249,101-300,469.53600455911203,472.3750829151373,2.8446779201859016,2.0076533813190385,2.8390783560252544,0.6046561559621206
bridge-n52,52,0.02263390483074383,11.825457423506625,1.0,power_3_2,250,101-300,470.77365547810166,473.0999737849975,2.8490432669762322,2.009706774474322,2.326318306895814,0.49414793708736415
bridge-n52,52,0.02263390483074383,11.825457423506625,1.0,power_3_2,251,101-300,472.7991746619088,474.78394317395043,2.8591842560171044,2.0144728991199514,1.9847685120416259,0.4197910272286119
bridge-n52,52,0.02263390483074383,11.825457423506625,1.0,power_3_2,252,101-300,473.8352323451397,476.15989924092025,2.867470365899742,2.018363074353365,2.324666895780581,0.49060659425327474
bridge-n52,52,0.02263390483074383,11.825457423506625,1.0,power_3_2,253,101-300,475.6003393693758,477.16986156256456,2.8735524341978227,2.0212161085539337,1.5695221931887886,0.3300086360892642
bridge-n52,52,0.02263390483074383,11.825457423506625,1.0,power_3_2,254,101-300,476.7690152374845,478.05523234549685,2.8788842029732673,2.023715529813666,1.2862171080123517,0.26977783096321206
bridge-n52,52,0.02263390483074383,11.825457423506625,1.0,power_3_2,255,101-300,478.07526376667096,479.47904515168955,2.887458509702698,2.027731751492083,1.4037813850185898,0.2936318800429964
bridge-n52,52,0.02263390483074383,11.825457423506625,1.0,power_3_2,256,101-300,478.9421815346348,482.3686134931605,2.9048597053989726,2.0358703067536603,3.4264319585257113,0.7154166182537272
bridge-n52,52,0.02263390483074383,11.825457423506625,1.0,power_3_2,257,101-300,481.8303393762866,482.9247361617032,2.908208717515267,2.037434775856843,1.0943967854166203,0.22713322428664012
bridge-n52,52,0.02263390483074383,11.825457423506625,1.0,power_3_2,258,101-300,482.8347827909824,485.2503195275974,2.922213553696898,2.043970548782233,2.4155367366150244,0.5002822544499042
bridge-n52,52,0.02263390483074383,11.825457423506625,1.0,power_3_2,259,101-300,483.8514272124825,487.40468388367805,2.935187296253253,2.050015820943654,3.553256671195527,0.7343693686440488
bridge-n52,52,0.02263390483074383,11.825457423506625,1.0,power_3_2,260,101-300,485.539148129356,488.7364196004648,2.943207107894645,2.0537482943943903,3.1972714711087633,0.658499213385149
bridge-n52,52,0.02263390483074383,11.825457423506625,1.0,power_3_2,261,101-300,486.52871826165125,489.5975444376901,2.948392865779801,2.0561599757001976,3.06882617603884,0.6307595134370773
bridge-n52,52,0.02263390483074383,11.825457423506625,1.0,power_3_2,262,101-300,488.38056709001745,491.6236648829479,2.9605943139567317,2.0618287944805487,3.2430977929304277,0.6640513590158197
bridge-n52,52,0.02263390483074383,11.825457423506625,1.0,power_3_2,263,101-300,489.66176157795616,492.1140230710583,2.963547287475343,2.063199580994028,2.452261493102128,0.5008072276666263
bridge-n52,52,0.02263390483074383,11.825457423506625,1.0,power_3_2,264,101-300,491.398821593663,493.04169699092586,2.969133808891108,2.0657916301580403,1.6428753972628556,0.33432627940271026
bridge-n52,52,0.02263390483074383,11.825457423506625,1.0,power_3_2,265,101-300,493.3144415817853,495.5250563412058,2.984088783797982,2.072722492248997,2.2106147594205368,0.4481147465158984
bridge-n52,52,0.02263390483074383,11.825457423506625,1.0,power_3_2,266,101-300,493.9579978053695,499.07831254064433,3.0054867571900776,2.0826192538994532,5.12031473527486,1.0365890942193792
bridge-n52,52,0.02263390483074383,11.825457423506625,1.0,power_3_2,267,101-300,495.3588288221313,499.7818002684307,3.0097232126652593,2.0845758648115615,4.422971446299414,0.8928823287184354
bridge-n52,52,0.02263390483074383,11.825457423506625,1.0,power_3_2,268,101-300,496.4296962157591,500.0611037543975,3.011405199053401,2.085352437159822,3.6314075386383706,0.7315048971325201
bridge-n52,52,0.02263390483074383,11.825457423506625,1.0,power_3_2,269,101-300,498.58078242968656,500.42853768244174,3.01361791352552,2.086373826249384,1.847755252755178,0.3706029830814351
bridge-n52,52,0.02263390483074383,11.825457423506625,1.0,power_3_2,270,101-300,500.3090849416905,504.1784278935221,3.0362000315761835,2.0967834833978234,3.869342951831584,0.7733905036488682
bridge-n52,52,0.02263390483074383,11.825457423506625,1.0,power_3_2,271,101-300,501.6044469651455,504.71438932427645,3.0394276312174036,2.098269195599727,3.1099423591309687,0.619998960923699
bridge-n52,52,0.02263390483074383,11.825457423506625,1.0,power_3_2,272,101-300,502.27627032711825,508.1807630984121,3.0603023921754593,2.1078654942666515,5.90449277129386,1.1755468295263942
bridge-n52,52,0.02263390483074383,11.825457423506625,1.0,power_3_2,273,101-300,504.49977331342774,508.7308375911156,3.0636149817265306,2.109386310019612,4.231064277687835,0.8386652485291061
bridge-n52,52,0.02263390483074383,11.825457423506625,1.0,power_3_2,274,101-300,505.41523174224443,509.328357371781,3.0672132903342653,2.111037678944292,3.91312562953658,0.7742397505606293
bridge-n52,52,0.02263390483074383,11.825457423506625,1.0,power_3_2,275,101-300,506.46415270952355,510.56829480259876,3.0746802858626747,2.114462442415704,4.104142093075211,0.8103519412220064
bridge-n52,52,0.02263390483074383,11.825457423506625,1.0,power_3_2,276,101-300,508.8007003364678,510.7259055799753,3.0756294296990085,2.1148975718311336,1.9252052435074916,0.3783810128866492
bridge-n52,52,0.02263390483074383,11.825457423506625,1.0,power_3_2,277,101-300,510.26422794367284,513.9588487990364,3.095098454474242,2.1238131831255838,3.6946208553636097,0.7240603305179082
bridge-n52,52,0.02263390483074383,11.825457423506625,1.0,power_3_2,278,101-300,511.5622897003746,515.7817726044669,3.106076237357047,2.1288320863559407,4.219482904092331,0.824822898217089
bridge-n52,52,0.02263390483074383,11.825457423506625,1.0,power_3_2,279,101-300,512.6231445314074,517.2903731295916,3.115161142042788,2.1329811197067396,4.667228598184124,0.9104599837080067
bridge-n52,52,0.02263390483074383,11.825457423506625,1.0,power_3_2,280,101-300,513.6689855554737,518.6405149321422,3.123291796503082,2.136690932527054,4.971529376668514,0.9678469046155043
bridge-n52,52,0.02263390483074383,11.825457423506625,1.0,power_3_2,281,101-300,515.4350571672994,521.1145057810995,3.138190353597456,2.1434804266325993,5.679448613800105,1.101874724046307
bridge-n52,52,0.02263390483074383,11.825457423506625,1.0,power_3_2,282,101-300,517.5896685724674,522.0861824930938,3.144041863103655,2.1461441064521587,4.496513920626398,0.8687410498412691
bridge-n52,52,0.02263390483074383,11.825457423506625,1.0,power_3_2,283,101-300,518.2342231475501,523.503810923894,3.1525789270640105,2.1500273219075687,5.269587776343883,1.0168351569563443
bridge-n52,52,0.02263390483074383,11.825457423506625,1.0,power_3_2,284,101-300,520.1063104117233,524.2480147454787,3.1570605778875787,2.152064466818325,4.141704333755456,0.7963188007614879
bridge-n52,52,0.02263390483074383,11.825457423506625,1.0,power_3_2,285,101-300,521.525193449492,525.1100785923923,3.1622519905589925,2.1544230310152495,3.584885142900248,0.6873848450520602
bridge-n52,52,0.02263390483074383,11.825457423506625,1.0,power_3_2,286,101-300,522.4566961777302,527.8067762884991,3.178491704868626,2.1617927444753557,5.350080110768886,1.0240236463442487
bridge-n52,52,0.02263390483074383,11.825457423506625,1.0,power_3_2,287,101-300,523.9605308920159,529.4040918904565,3.1881108583523683,2.166152074554345,5.443560998440603,1.0389257735068747
bridge-n52,52,0.02263390483074383,11.825457423506625,1.0,power_3_2,288,101-300,525.0773856872796,529.5462098317035,3.188966703176006,2.166539724626063,4.468824144423934,0.8510791487572142
bridge-n52,52,0.02263390483074383,11.825457423506625,1.0,power_3_2,289,101-300,527.9036416012724,533.2364767489771,3.211189765312089,2.1765934302334577,5.332835147704714,1.0101910135586114
bridge-n52,52,0.02263390483074383,11.825457423506625,1.0,power_3_2,290,101-300,528.4062138522927,534.1247696804194,3.2165391314834313,2.1790100142850926,5.718555828126682,1.0822272104705435
bridge-n52,52,0.02263390483074383,11.825457423506625,1.0,power_3_2,291,101-300,529.8062263187069,534.5262850583227,3.218957086984149,2.1801018895680437,4.720058739615865,0.8909028443120819
bridge-n52,52,0.02263390483074383,11.825457423506625,1.0,power_3_2,292,101-300,530.866917883961,535.8891881586464,3.22716459092978,2.183806112012037,5.022270274685411,0.9460507154418687
bridge-n52,52,0.02263390483074383,11.825457423506625,1.0,power_3_2,293,101-300,532.6881830282937,538.5968482956115,3.243470321874475,2.1911559356272963,5.908665267317815,1.1092165089391475
bridge-n52,52,0.02263390483074383,11.825457423506625,1.0,power_3_2,294,101-300,533.7796307537687,540.6372966892417,3.2557580540232958,2.196686506870167,6.857665935472937,1.2847372848958265
bridge-n52,52,0.02263390483074383,11.825457423506625,1.0,power_3_2,295,101-300,535.6643140758732,541.5025172789883,3.260968476835086,2.1990295586938218,5.838203203115086,1.0898995975095223
bridge-n52,52,0.02263390483074383,11.825457423506625,1.0,power_3_2,296,101-300,537.0697590831223,544.23972134069,3.27745212349425,2.2064338123596663,7.169962257567704,1.3350150769628435
bridge-n52,52,0.02263390483074383,11.825457423506625,1.0,power_3_2,297,101-300,538.4285261762479,545.530719340086,3.2852266095683715,2.2099217075528497,7.102193163838024,1.3190596000318915
bridge-n52,52,0.02263390483074383,11.825457423506625,1.0,power_3_2,298,101-300,540.2131663762282,546.3775996528632,3.290326585866719,2.2122082335915554,6.164433276635009,1.1411112613167644
bridge-n52,52,0.02263390483074383,11.825457423506625,1.0,power_3_2,299,101-300,540.6313902472951,547.0049023945237,3.2941042496830693,2.213901151801113,6.373512147228553,1.1789016069365092
bridge-n52,52,0.02263390483074383,11.825457423506625,1.0,power_3_2,300,101-300,541.8474371212013,549.8518879998738,3.311249008971911,2.2215762686951717,8.004450878672515,1.4772517742631799
bridge-n52,52,0.02263390483074383,11.825457423506625,1.0,power_3_2,301,301-320,544.3238901010053,549.8655622139155,3.3113313561069884,2.2216131006544195,5.541672112910192,1.0180835737123117
bridge-n52,52,0.02263390483074383,11.825457423506625,1.0,power_3_2,302,301-320,545.6368332489349,552.0837526048349,3.3246894637973354,2.227583837037909,6.446919355900036,1.181540351209899
bridge-n52,52,0.02263390483074383,11.825457423506625,1.0,power_3_2,303,301-320,547.0109120581222,553.0103245434269,3.3302693489998116,2.2300755359861224,5.999412485304674,1.0967628529990296
bridge-n52,52,0.02263390483074383,11.825457423506625,1.0,power_3_2,304,301-320,547.9316133644893,554.4338527150089,3.338841941638423,2.233900919583576,6.5022393505196305,1.1866881179922502
bridge-n52,52,0.02263390483074383,11.825457423506625,1.0,power_3_2,305,301-320,549.4975675626614,556.572680098859,3.351722119391195,2.239642346012962,7.075112536197594,1.2875603012366001
bridge-n52,52,0.02263390483074383,11.825457423506625,1.0,power_3_2,306,301-320,550.9700100394839,558.1968289246571,3.3615028645467855,2.2439972677060256,7.226818885173202,1.3116537658111935
bridge-n52,52,0.02263390483074383,11.825457423506625,1.0,power_3_2,307,301-320,552.0495722005649,560.6985073453187,3.3765681582594524,2.2506969052651034,8.648935144753864,1.5666953803220454
bridge-n52,52,0.02263390483074383,11.825457423506625,1.0,power_3_2,308,301-320,553.7649721191589,561.280897597966,3.3800753557229872,2.2522551486717393,7.515925478807162,1.3572410421780685
bridge-n52,52,0.02263390483074383,11.825457423506625,1.0,power_3_2,309,301-320,555.7920205616825,562.4835134275157,3.387317597789766,2.2554711632946067,6.691492865833197,1.2039562675028666
bridge-n52,52,0.02263390483074383,11.825457423506625,1.0,power_3_2,310,301-320,556.8994764068553,563.0247079959777,3.3905767117758963,2.2569176686064245,6.125231589122336,1.0998810105986545
bridge-n52,52,0.02263390483074383,11.825457423506625,1.0,power_3_2,311,301-320,557.5646591720586,566.4771881801304,3.4113678045006215,2.266134578187059,8.912529008071829,1.5984745197635484
bridge-n52,52,0.02263390483074383,11.825457423506625,1.0,power_3_2,312,301-320,559.3162370286822,566.6864223233644,3.4126278280897866,2.266692557163964,7.370185294682187,1.3177134520241434
bridge-n52,52,0.02263390483074383,11.825457423506625,1.0,power_3_2,313,301-320,560.2408074972957,570.2543519933619,3.434114166214106,2.2761968572741385,10.013544496066174,1.7873643551241152
bridge-n52,52,0.02263390483074383,11.825457423506625,1.0,power_3_2,314,301-320,562.5592076160458,571.0487574262094,3.43889813487848,2.278310304337636,8.489549810163567,1.509094455344476
bridge-n52,52,0.02263390483074383,11.825457423506625,1.0,power_3_2,315,301-320,564.1608791107861,572.482893849621,3.4475346111994507,2.2821232206496607,8.32201473883481,1.4751137569041877
bridge-n52,52,0.02263390483074383,11.825457423506625,1.0,power_3_2,316,301-320,564.5060559381499,574.3308841223467,3.458663346214641,2.287031752541819,9.824828184196804,1.7404291912987486
bridge-n52,52,0.02263390483074383,11.825457423506625,1.0,power_3_2,317,301-320,566.698787682808,576.6412747264163,3.472576690453382,2.2931610884076705,9.942487043608367,1.754457087205446
bridge-n52,52,0.02263390483074383,11.825457423506625,1.0,power_3_2,318,301-320,567.7317579011769,576.6504673168803,3.472632048917593,2.293185459463148,8.918709415703347,1.5709372060979183
bridge-n52,52,0.02263390483074383,11.825457423506625,1.0,power_3_2,319,301-320,568.9239551796294,580.484199157235,3.495719067502209,2.3033380515341193,11.560243977605637,2.031948887431829
bridge-n52,52,0.02263390483074383,11.825457423506625,1.0,power_3_2,320,301-320,570.0511147824636,580.5081973233467,3.495863586245326,2.3034015336046543,10.457082540883107,1.8344113834201725
bridge-n52,52,0.02263390483074383,11.825457423506625,1.0,raw_J,1,1-100,14.1347,14.1347,0.19350334521496745,0.19350334521496745,0.0,0.0
bridge-n52,52,0.02263390483074383,11.825457423506625,1.0,raw_J,2,1-100,21.022,19.573505242757353,0.26796032049185703,0.26796032049185703,-1.4484947572426456,6.89037559339095
bridge-n52,52,0.02263390483074383,11.825457423506625,1.0,raw_J,3,1-100,25.0108,20.602743624583702,0.2820505431288453,0.2820505431288453,-4.408056375416297,17.624611669424
bridge-n52,52,0.02263390483074383,11.825457423506625,1.0,raw_J,4,1-100,30.4248,24.686579781762656,0.33795805851466637,0.33795805851466637,-5.738220218237345,18.8603383366114
bridge-n52,52,0.02263390483074383,11.825457423506625,1.0,raw_J,5,1-100,32.935,25.722568949866144,0.35214069908252393,0.35214069908252393,-7.212431050133858,21.89898603350192
bridge-n52,52,0.02263390483074383,11.825457423506625,1.0,raw_J,6,1-100,37.5861,26.97926755584397,0.36934484095916054,0.36934484095916054,-10.606832444156034,28.22009318379942
bridge-n52,52,0.02263390483074383,11.825457423506625,1.0,raw_J,7,1-100,40.9187,29.54493198504762,0.4044686603362932,0.4044686603362932,-11.373768014952383,27.79601506145694
bridge-n52,52,0.02263390483074383,11.825457423506625,1.0,raw_J,8,1-100,43.327,30.672918966384024,0.4199107464256709,0.4199107464256709,-12.654081033615974,29.20599403054902
bridge-n52,52,0.02263390483074383,11.825457423506625,1.0,raw_J,9,1-100,48.0051,32.15426651108789,0.44019032118326573,0.44019032118326573,-15.850833488912109,33.01906149328323
bridge-n52,52,0.02263390483074383,11.825457423506625,1.0,raw_J,10,1-100,49.7738,33.372332733448985,0.4568655876353468,0.4568655876353468,-16.401467266551016,32.952009423735014
bridge-n52,52,0.02263390483074383,11.825457423506625,1.0,raw_J,11,1-100,52.9703,34.22636321212391,0.46855722272764716,0.46855722272764716,-18.743936787876095,35.38574783959331
bridge-n52,52,0.02263390483074383,11.825457423506625,1.0,raw_J,12,1-100,56.4462,35.48662808751004,0.4858101866564282,0.4858101866564282,-20.959571912489956,37.131944953761206
bridge-n52,52,0.02263390483074383,11.825457423506625,1.0,raw_J,13,1-100,59.347,37.19994529868267,0.5092654146963783,0.5092654146963783,-22.14705470131733,37.31790099131772
bridge-n52,52,0.02263390483074383,11.825457423506625,1.0,raw_J,14,1-100,60.8317,38.7027747443995,0.5298390756183478,0.5298390756183478,-22.1289252556005,36.37729219403781
bridge-n52,52,0.02263390483074383,11.825457423506625,1.0,raw_J,15,1-100,65.1125,38.907304729443055,0.5326390810166014,0.5326390810166014,-26.205195270556942,40.24602844393464
bridge-n52,52,0.02263390483074383,11.825457423506625,1.0,raw_J,16,1-100,67.0798,39.846863341131225,0.5455015920276021,0.5455015920276021,-27.23293665886878,40.597820295929296
bridge-n52,52,0.02263390483074383,11.825457423506625,1.0,raw_J,17,1-100,69.5464,40.21884113512844,0.5505939496640673,0.5505939496640673,-29.327558864871563,42.169772791793044
bridge-n52,52,0.02263390483074383,11.825457423506625,1.0,raw_J,18,1-100,72.0671,42.109520027449626,0.576477250363161,0.576477250363161,-29.95757997255037,41.569009953987845
bridge-n52,52,0.02263390483074383,11.825457423506625,1.0,raw_J,19,1-100,75.7046,43.28728078467351,0.5926007369872658,0.5926007369872658,-32.417319215326486,42.82080509681907
bridge-n52,52,0.02263390483074383,11.825457423506625,1.0,raw_J,20,1-100,77.1448,44.11796371091045,0.6039727452392842,0.6039727452392842,-33.02683628908955,42.81148734469407
bridge-n52,52,0.02263390483074383,11.825457423506625,1.0,raw_J,21,1-100,79.3373,44.784772119760284,0.6131013194382352,0.6131013194382352,-34.552527880239715,43.55142900028072
bridge-n52,52,0.02263390483074383,11.825457423506625,1.0,raw_J,22,1-100,82.9103,45.71525548220422,0.6258395907350985,0.6258395907350985,-37.195044517795786,44.86178981115227
bridge-n52,52,0.02263390483074383,11.825457423506625,1.0,raw_J,23,1-100,84.7354,46.47170702193888,0.6361953749704675,0.6361953749704675,-38.263692978061115,45.15667947287806
bridge-n52,52,0.02263390483074383,11.825457423506625,1.0,raw_J,24,1-100,87.4252,46.91962595063487,0.6423273629919874,0.6423273629919874,-40.50557404936514,46.33169160535536
bridge-n52,52,0.02263390483074383,11.825457423506625,1.0,raw_J,25,1-100,88.8091,47.81797116720713,0.6546256646584251,0.6546256646584251,-40.99112883279287,46.15645112132976
bridge-n52,52,0.02263390483074383,11.825457423506625,1.0,raw_J,26,1-100,92.4918,49.2405921911148,0.6741012762454609,0.6741012762454609,-43.2512078088852,46.76220790263051
bridge-n52,52,0.02263390483074383,11.825457423506625,1.0,raw_J,27,1-100,94.6513,49.413838424107645,0.6764730086225194,0.6764730086225194,-45.23746157589236,47.793809040015674
bridge-n52,52,0.02263390483074383,11.825457423506625,1.0,raw_J,28,1-100,95.8706,51.23097096785895,0.7013494634404398,0.7013494634404398,-44.639629032141045,46.56237577749701
bridge-n52,52,0.02263390483074383,11.825457423506625,1.0,raw_J,29,1-100,98.8311,51.40796651403345,0.7037725237298634,0.7037725237298634,-47.42313348596656,47.98401868032082
bridge-n52,52,0.02263390483074383,11.825457423506625,1.0,raw_J,30,1-100,101.3178,52.39412602581071,0.7172729987625461,0.7172729987625461,-48.92367397418929,48.287343363347105
bridge-n52,52,0.02263390483074383,11.825457423506625,1.0,raw_J,31,1-100,103.7255,52.76337439209077,0.7223279906683066,0.7223279906683066,-50.96212560790923,49.131723257934866
bridge-n52,52,0.02263390483074383,11.825457423506625,1.0,raw_J,32,1-100,105.4466,53.33635368311732,0.7301720488763009,0.7301720488763009,-52.11024631688268,49.418612185582724
bridge-n52,52,0.02263390483074383,11.825457423506625,1.0,raw_J,33,1-100,107.1686,54.116035927901905,0.7408458603169776,0.7408458603169776,-53.05256407209809,49.503832346506435
bridge-n52,52,0.02263390483074383,11.825457423506625,1.0,raw_J,34,1-100,111.0295,54.16890486002504,0.7415696333877728,0.7415696333877728,-56.86059513997496,51.21215095085086
bridge-n52,52,0.02263390483074383,11.825457423506625,1.0,raw_J,35,1-100,111.8746,55.99110603927559,0.7665154775754557,0.7665154775754557,-55.88349396072441,49.95190504433035
bridge-n52,52,0.02263390483074383,11.825457423506625,1.0,raw_J,36,1-100,114.3202,56.53117299889467,0.7739089675912585,0.7739089675912585,-57.78902700110533,50.5501451196773
bridge-n52,52,0.02263390483074383,11.825457423506625,1.0,raw_J,37,1-100,116.2266,57.094947792154485,0.781627016679223,0.781627016679223,-59.13165220784552,50.87617826542763
bridge-n52,52,0.02263390483074383,11.825457423506625,1.0,raw_J,38,1-100,118.7907,58.36762082782689,0.7990498477097717,0.7990498477097717,-60.42307917217311,50.86515962291081
bridge-n52,52,0.02263390483074383,11.825457423506625,1.0,raw_J,39,1-100,121.3701,58.635778597998325,0.8027209143453253,0.8027209143453253,-62.73432140200167,51.688448309758066
bridge-n52,52,0.02263390483074383,11.825457423506625,1.0,raw_J,40,1-100,122.9468,59.05157803873821,0.8084131881623627,0.8084131881623627,-63.89522196126179,51.96981292824359
bridge-n52,52,0.02263390483074383,11.825457423506625,1.0,raw_J,41,1-100,124.2568,59.93462928610399,0.8205021161453784,0.8205021161453784,-64.32217071389601,51.765513608829465
bridge-n52,52,0.02263390483074383,11.825457423506625,1.0,raw_J,42,1-100,127.5166,60.4173493224197,0.8271105296121927,0.8271105296121927,-67.0992506775803,52.620012357277645
bridge-n52,52,0.02263390483074383,11.825457423506625,1.0,raw_J,43,1-100,129.5787,60.79128493106362,0.8322296896345203,0.8322296896345203,-68.78741506893638,53.08543384748912
bridge-n52,52,0.02263390483074383,11.825457423506625,1.0,raw_J,44,1-100,131.0876,61.430442430277935,0.8409797242455981,0.8409797242455981,-69.65715756972207,53.13786931008125
bridge-n52,52,0.02263390483074383,11.825457423506625,1.0,raw_J,45,1-100,133.4977,61.93921988505891,0.8479448624848304,0.8479448624848304,-71.55848011494109,53.602781257610495
bridge-n52,52,0.02263390483074383,11.825457423506625,1.0,raw_J,46,1-100,134.7565,63.149948398011524,0.8645196760573486,0.8645196760573486,-71.60655160198846,53.13773480462053
bridge-n52,52,0.02263390483074383,11.825457423506625,1.0,raw_J,47,1-100,138.116,63.45524860834907,0.8686992208651725,0.8686992208651725,-74.66075139165093,54.05655491880081
bridge-n52,52,0.02263390483074383,11.825457423506625,1.0,raw_J,48,1-100,139.7362,64.512411450333,0.8831717279831767,0.8831717279831767,-75.22378854966699,53.83271374895481
bridge-n52,52,0.02263390483074383,11.825457423506625,1.0,raw_J,49,1-100,141.1237,65.23669166415881,0.893087088355049,0.893087088355049,-75.8870083358412,53.77339761913923
bridge-n52,52,0.02263390483074383,11.825457423506625,1.0,raw_J,50,1-100,143.1118,66.03966476048465,0.9040797504035306,0.9040797504035306,-77.07213523951533,53.85449364728509
bridge-n52,52,0.02263390483074383,11.825457423506625,1.0,raw_J,51,1-100,146.0009,66.25954518337417,0.9070899025380932,0.9070899025380932,-79.74135481662583,54.61702963243776
bridge-n52,52,0.02263390483074383,11.825457423506625,1.0,raw_J,52,1-100,147.4427,66.41021876411577,0.9091526164201719,0.9091526164201719,-81.03248123588423,54.958625442890174
bridge-n52,52,0.02263390483074383,11.825457423506625,1.0,raw_J,53,1-100,150.0515,67.26952532516734,0.920916480819745,0.920916480819745,-82.78197467483267,55.16904174555581
bridge-n52,52,0.02263390483074383,11.825457423506625,1.0,raw_J,54,1-100,150.9252,67.73979535020963,0.9273544542468436,0.9273544542468436,-83.18540464979036,55.11697493181415
bridge-n52,52,0.02263390483074383,11.825457423506625,1.0,raw_J,55,1-100,153.0246,68.12331888526047,0.9326048725083567,0.9326048725083567,-84.90128111473952,55.48211275490315
bridge-n52,52,0.02263390483074383,11.825457423506625,1.0,raw_J,56,1-100,156.1129,68.41933230455253,0.936657281605227,0.936657281605227,-87.69356769544747,56.17317191304977
bridge-n52,52,0.02263390483074383,11.825457423506625,1.0,raw_J,57,1-100,157.5975,69.77495572802472,0.955215699349759,0.955215699349759,-87.82254427197527,55.72584861560321
bridge-n52,52,0.02263390483074383,11.825457423506625,1.0,raw_J,58,1-100,158.8499,70.22887183760976,0.9614297884815884,0.9614297884815884,-88.62102816239023,55.789162072113506
bridge-n52,52,0.02263390483074383,11.825457423506625,1.0,raw_J,59,1-100,161.1889,70.46657673704904,0.9646839568201798,0.9646839568201798,-90.72232326295095,56.28323244525583
bridge-n52,52,0.02263390483074383,11.825457423506625,1.0,raw_J,60,1-100,163.0306,71.10902739130815,0.9734790745612483,0.9734790745612483,-91.92157260869185,56.38301803998258
bridge-n52,52,0.02263390483074383,11.825457423506625,1.0,raw_J,61,1-100,165.5373,72.16522772891105,0.9879384050417919,0.9879384050417919,-93.37207227108894,56.40545802733822
bridge-n52,52,0.02263390483074383,11.825457423506625,1.0,raw_J,62,1-100,167.1844,72.55033612553333,0.9932105199799783,0.9932105199799783,-94.63406387446668,56.604601789680544
bridge-n52,52,0.02263390483074383,11.825457423506625,1.0,raw_J,63,1-100,169.0945,73.49104303263614,1.0060887510985177,1.0060887510985177,-95.60345696736387,56.5384781689315
bridge-n52,52,0.02263390483074383,11.825457423506625,1.0,raw_J,64,1-100,169.9119,73.74709925994078,1.0095941482096396,1.0095941482096396,-96.16480074005922,56.59686033765688
bridge-n52,52,0.02263390483074383,11.825457423506625,1.0,raw_J,65,1-100,173.4115,73.89743959627216,1.0116522999921935,1.0116522999921935,-99.51406040372783,57.38607901075063
bridge-n52,52,0.02263390483074383,11.825457423506625,1.0,raw_J,66,1-100,174.7541,74.82598661439327,1.0243640628308683,1.0243640628308683,-99.92811338560672,57.18212813639664
bridge-n52,52,0.02263390483074383,11.825457423506625,1.0,raw_J,67,1-100,176.4414,75.13801343546201,1.028635694607531,1.028635694607531,-101.30338656453797,57.41474878602073
bridge-n52,52,0.02263390483074383,11.825457423506625,1.0,raw_J,68,1-100,178.3774,75.4920871087994,1.0334829457160324,1.0334829457160324,-102.8853128912006,57.678446311696774
bridge-n52,52,0.02263390483074383,11.825457423506625,1.0,raw_J,69,1-100,179.9164,75.62526183356871,1.0353061011237132,1.0353061011237132,-104.2911381664313,57.9664433961725
bridge-n52,52,0.02263390483074383,11.825457423506625,1.0,raw_J,70,1-100,182.207,76.05993280816715,1.0412567253076468,1.0412567253076468,-106.14706719183285,58.256305845457554
bridge-n52,52,0.02263390483074383,11.825457423506625,1.0,raw_J,71,1-100,184.8744,77.56376817787515,1.0618441572793962,1.0618441572793962,-107.31063182212486,58.0451548846811
bridge-n52,52,0.02263390483074383,11.825457423506625,1.0,raw_J,72,1-100,185.9589,77.5828074327094,1.06210480373817,1.06210480373817,-108.3760925672906,58.2795943443904
bridge-n52,52,0.02263390483074383,11.825457423506625,1.0,raw_J,73,1-100,187.2289,77.96520769622872,1.0673398444678686,1.0673398444678686,-109.2636923037713,58.358347618220954
bridge-n52,52,0.02263390483074383,11.825457423506625,1.0,raw_J,74,1-100,189.4161,78.77831917338597,1.0784713004494324,1.0784713004494324,-110.63778082661403,58.40991384925254
bridge-n52,52,0.02263390483074383,11.825457423506625,1.0,raw_J,75,1-100,192.0266,79.63989309699751,1.0902662049305194,1.0902662049305194,-112.38670690300249,58.52663480111739
bridge-n52,52,0.02263390483074383,11.825457423506625,1.0,raw_J,76,1-100,193.0797,80.18241532745846,1.0976933074829385,1.0976933074829385,-112.89728467254155,58.47185627103291
bridge-n52,52,0.02263390483074383,11.825457423506625,1.0,raw_J,77,1-100,195.2658,80.80525417046344,1.1062199404961106,1.1062199404961106,-114.46054582953657,58.6178152188128
bridge-n52,52,0.02263390483074383,11.825457423506625,1.0,raw_J,78,1-100,196.8764,80.83269468986302,1.10659559985204,1.10659559985204,-116.04370531013697,58.94241529717984
bridge-n52,52,0.02263390483074383,11.825457423506625,1.0,raw_J,79,1-100,198.0153,81.37950715118724,1.1140814354531823,1.1140814354531823,-116.63579284881276,58.9024145350449
bridge-n52,52,0.02263390483074383,11.825457423506625,1.0,raw_J,80,1-100,201.2647,81.47864442094395,1.1154386197820612,1.1154386197820612,-119.78605557905605,59.51667410085129
bridge-n52,52,0.02263390483074383,11.825457423506625,1.0,raw_J,81,1-100,202.4935,82.57054952657937,1.1303867467743394,1.1303867467743394,-119.92295047342064,59.22311109908251
bridge-n52,52,0.02263390483074383,11.825457423506625,1.0,raw_J,82,1-100,204.1896,82.70540664240612,1.132232934032542,1.132232934032542,-121.4841933575939,59.49577909824687
bridge-n52,52,0.02263390483074383,11.825457423506625,1.0,raw_J,83,1-100,205.3946,83.27341433516686,1.1400089313057093,1.1400089313057093,-122.12118566483313,59.456862870218174
bridge-n52,52,0.02263390483074383,11.825457423506625,1.0,raw_J,84,1-100,207.9062,83.31021943593238,1.1405127913182391,1.1405127913182391,-124.59598056406763,59.928939379425735
bridge-n52,52,0.02263390483074383,11.825457423506625,1.0,raw_J,85,1-100,209.5765,84.10289348869107,1.151364459968717,1.151364459968717,-125.47360651130894,59.87007441736498
bridge-n52,52,0.02263390483074383,11.825457423506625,1.0,raw_J,86,1-100,211.3289,84.91006119597317,1.1624145460341153,1.1624145460341153,-126.41883880402683,59.82089473045421
bridge-n52,52,0.02263390483074383,11.825457423506625,1.0,raw_J,87,1-100,213.3479,85.22636882257365,1.1667447818271777,1.1667447818271777,-128.12153117742636,60.052867254576384
bridge-n52,52,0.02263390483074383,11.825457423506625,1.0,raw_J,88,1-100,214.547,85.36230874595418,1.1686057926673368,1.1686057926673368,-129.18469125404582,60.21276981456082
bridge-n52,52,0.02263390483074383,11.825457423506625,1.0,raw_J,89,1-100,216.1695,85.77936495287088,1.1743152715512923,1.1743152715512923,-130.39013504712912,60.318470018725634
bridge-n52,52,0.02263390483074383,11.825457423506625,1.0,raw_J,90,1-100,219.0675,86.75609931495255,1.187686716749932,1.187686716749932,-132.31140068504743,60.397549013453585
bridge-n52,52,0.02263390483074383,11.825457423506625,1.0,raw_J,91,1-100,220.7149,87.20207563891454,1.1937921106085436,1.1937921106085436,-133.51282436108545,60.491078926291536
bridge-n52,52,0.02263390483074383,11.825457423506625,1.0,raw_J,92,1-100,221.3952,88.22593172978641,1.2078086499480718,1.2078086499480718,-133.1692682702136,60.150025054840214
bridge-n52,52,0.02263390483074383,11.825457423506625,1.0,raw_J,93,1-100,224.007,88.572772020708,1.21255687640839,1.21255687640839,-135.43422797929202,60.45981954996585
bridge-n52,52,0.02263390483074383,11.825457423506625,1.0,raw_J,94,1-100,224.9833,88.66311596772388,1.2137936805830452,1.2137936805830452,-136.32018403227613,60.59124567569065
bridge-n52,52,0.02263390483074383,11.825457423506625,1.0,raw_J,95,1-100,227.4214,88.96684285704472,1.21795168670382,1.21795168670382,-138.45455714295528,60.88017976450557
bridge-n52,52,0.02263390483074383,11.825457423506625,1.0,raw_J,96,1-100,229.3374,89.19221427324433,1.221037010265725,1.221037010265725,-140.14518572675567,61.10873574338754
bridge-n52,52,0.02263390483074383,11.825457423506625,1.0,raw_J,97,1-100,231.2882,90.2928858739793,1.2361051501431424,1.2361051501431424,-140.99531412602067,60.960876571316945
bridge-n52,52,0.02263390483074383,11.825457423506625,1.0,raw_J,98,1-100,231.9872,90.51721675744834,1.2391762288633337,1.2391762288633337,-141.46998324255168,60.98180556623455
bridge-n52,52,0.02263390483074383,11.825457423506625,1.0,raw_J,99,1-100,233.6934,90.6976512233919,1.2416463677946272,1.2416463677946272,-142.99574877660808,61.189468241982055
bridge-n52,52,0.02263390483074383,11.825457423506625,1.0,raw_J,100,1-100,236.5242,90.92173550022842,1.2447140704821935,1.2447140704821935,-145.6024644997716,61.559225017893134
bridge-n52,52,0.02263390483074383,11.825457423506625,1.0,raw_J,101,101-300,237.7698204809252,91.40104931068433,1.2512758528851418,1.2512758528851418,-146.36877117024088,61.55901992699832
bridge-n52,52,0.02263390483074383,11.825457423506625,1.0,raw_J,102,101-300,239.55547757332764,92.44121116324224,1.2655156172971882,1.2655156172971882,-147.1142664100854,61.41135569110663
bridge-n52,52,0.02263390483074383,11.825457423506625,1.0,raw_J,103,101-300,241.04915779621658,92.45007834886405,1.2656370086306061,1.2656370086306061,-148.59907944735252,61.646794706073386
bridge-n52,52,0.02263390483074383,11.825457423506625,1.0,raw_J,104,101-300,242.8232719342226,92.86290537413936,1.2712885902266724,1.2712885902266724,-149.96036656008323,61.756999387070856
bridge-n52,52,0.02263390483074383,11.825457423506625,1.0,raw_J,105,101-300,244.07089849707816,93.17875316157809,1.2756125308443111,1.2756125308443111,-150.89214533550006,61.823079385806594
bridge-n52,52,0.02263390483074383,11.825457423506625,1.0,raw_J,106,101-300,247.1369900748975,93.7731209885601,1.283749397053652,1.283749397053652,-153.36386908633742,62.056217905647735
bridge-n52,52,0.02263390483074383,11.825457423506625,1.0,raw_J,107,101-300,248.10199006014847,94.67864385572034,1.2961459604023013,1.2961459604023013,-153.42334620442813,61.83882127153959
bridge-n52,52,0.02263390483074383,11.825457423506625,1.0,raw_J,108,101-300,249.5736896447072,95.19736194480774,1.3032471854344512,1.3032471854344512,-154.37632769989946,61.85601051123194
bridge-n52,52,0.02263390483074383,11.825457423506625,1.0,raw_J,109,101-300,251.014947795016,95.58812056590101,1.3085966516667118,1.3085966516667118,-155.42682722911502,61.91935125554347
bridge-n52,52,0.02263390483074383,11.825457423506625,1.0,raw_J,110,101-300,253.06998674799948,96.1138391635869,1.3157937133159823,1.3157937133159823,-156.95614758441258,62.020846328452784
bridge-n52,52,0.02263390483074383,11.825457423506625,1.0,raw_J,111,101-300,255.30625645491403,96.30330889574785,1.3183875445957496,1.3183875445957496,-159.0029475591662,62.279299288243415
bridge-n52,52,0.02263390483074383,11.825457423506625,1.0,raw_J,112,101-300,256.38071369443446,96.72294725896288,1.3241323730719563,1.3241323730719563,-159.6577664354716,62.27370387374714
bridge-n52,52,0.02263390483074383,11.825457423506625,1.0,raw_J,113,101-300,258.6104394915314,96.78845947364456,1.3250292320568198,1.3250292320568198,-161.82198001788683,62.5736456486653
bridge-n52,52,0.02263390483074383,11.825457423506625,1.0,raw_J,114,101-300,259.874406989678,97.16054086099577,1.3301230078811872,1.3301230078811872,-162.71386612868224,62.61250117451739
bridge-n52,52,0.02263390483074383,11.825457423506625,1.0,raw_J,115,101-300,260.8050845045969,98.2254296263835,1.344701282509185,1.344701282509185,-162.57965487821338,62.33760940168625
bridge-n52,52,0.02263390483074383,11.825457423506625,1.0,raw_J,116,101-300,263.57389390487015,98.36109562600498,1.3465585433466056,1.3465585433466056,-165.21279827886517,62.681776192331945
bridge-n52,52,0.02263390483074383,11.825457423506625,1.0,raw_J,117,101-300,265.55785183887633,98.8487971876911,1.353235153649819,1.353235153649819,-166.70905465118523,62.776925440839044
bridge-n52,52,0.02263390483074383,11.825457423506625,1.0,raw_J,118,101-300,266.6149737815011,99.29315561392858,1.3593183985684523,1.3593183985684523,-167.3218181675725,62.757847316069245
bridge-n52,52,0.02263390483074383,11.825457423506625,1.0,raw_J,119,101-300,267.92191508282406,99.61112646970136,1.3636714038867754,1.3636714038867754,-168.3107886131227,62.82083664603993
bridge-n52,52,0.02263390483074383,11.825457423506625,1.0,raw_J,120,101-300,269.9704490239976,99.93092333505085,1.3680494071860592,1.3680494071860592,-170.03952568894675,62.98449563782885
bridge-n52,52,0.02263390483074383,11.825457423506625,1.0,raw_J,121,101-300,271.494055641645,100.33760351360014,1.3736168387538965,1.3736168387538965,-171.15645212804486,63.0424307904408
bridge-n52,52,0.02263390483074383,11.825457423506625,1.0,raw_J,122,101-300,273.4596091884033,100.67744719662032,1.3782692819974445,1.3782692819974445,-172.78216199178297,63.183796138881554
bridge-n52,52,0.02263390483074383,11.825457423506625,1.0,raw_J,123,101-300,275.58749264934386,101.06482380197194,1.3835724486011614,1.3835724486011614,-174.5226688473719,63.32749979674646
bridge-n52,52,0.02263390483074383,11.825457423506625,1.0,raw_J,124,101-300,276.4520495031329,101.22914040986862,1.3858219348514802,1.3858219348514802,-175.2229090932643,63.38274916326079
bridge-n52,52,0.02263390483074383,11.825457423506625,1.0,raw_J,125,101-300,278.25074352984194,102.06658189572299,1.3972864674510128,1.3972864674510128,-176.18416163411894,63.31848727485016
bridge-n52,52,0.02263390483074383,11.825457423506625,1.0,raw_J,126,101-300,279.22925092774517,102.51353453165872,1.4034052269723478,1.4034052269723478,-176.71571639608646,63.286964316576686
bridge-n52,52,0.02263390483074383,11.825457423506625,1.0,raw_J,127,101-300,282.4651147650521,103.38446858313878,1.415328271141875,1.415328271141875,-179.0806461819133,63.39920819279521
bridge-n52,52,0.02263390483074383,11.825457423506625,1.0,raw_J,128,101-300,283.2111857332339,103.45211494402407,1.4162543464829098,1.4162543464829098,-179.75907078920983,63.471741175693154
bridge-n52,52,0.02263390483074383,11.825457423506625,1.0,raw_J,129,101-300,284.83596398090475,104.12636329081353,1.425484773064968,1.425484773064968,-180.70960069009124,63.44339323042996
bridge-n52,52,0.02263390483074383,11.825457423506625,1.0,raw_J,130,101-300,286.6674453630029,104.37787293453374,1.4289279276712692,1.4289279276712692,-182.28957242846917,63.58921299823162
bridge-n52,52,0.02263390483074383,11.825457423506625,1.0,raw_J,131,101-300,287.9119205014222,104.83115599802282,1.4351333504332964,1.4351333504332964,-183.08076450339934,63.5891574702948
bridge-n52,52,0.02263390483074383,11.825457423506625,1.0,raw_J,132,101-300,289.5798549292188,104.83515544590679,1.435188102677388,1.435188102677388,-184.74469948331202,63.79749707674543
bridge-n52,52,0.02263390483074383,11.825457423506625,1.0,raw_J,133,101-300,291.8462913290674,105.38007899862083,1.4426480792129064,1.4426480792129064,-186.46621233044658,63.89192457484378
bridge-n52,52,0.02263390483074383,11.825457423506625,1.0,raw_J,134,101-300,293.5584341393563,105.93319625900521,1.4502202272019344,1.4502202272019344,-187.62523788035105,63.914102291226534
bridge-n52,52,0.02263390483074383,11.825457423506625,1.0,raw_J,135,101-300,294.9653696192655,106.13721380222864,1.4530132172969683,1.4530132172969683,-188.82815581703687,64.01705937913046
bridge-n52,52,0.02263390483074383,11.825457423506625,1.0,raw_J,136,101-300,295.57325487895827,106.57023737511344,1.458941288632769,1.458941288632769,-189.00301750384483,63.94456006557306
bridge-n52,52,0.02263390483074383,11.825457423506625,1.0,raw_J,137,101-300,297.97927706194344,107.00740538238763,1.4649260970707634,1.4649260970707634,-190.97187167955582,64.08897744921265
bridge-n52,52,0.02263390483074383,11.825457423506625,1.0,raw_J,138,101-300,299.8403260537213,107.50114744400604,1.4716854015198495,1.4716854015198495,-192.33917860971525,64.14720165934402
bridge-n52,52,0.02263390483074383,11.825457423506625,1.0,raw_J,139,101-300,301.64932546219416,107.88765305647567,1.47697664427401,1.47697664427401,-193.76167240571849,64.23408111681746
bridge-n52,52,0.02263390483074383,11.825457423506625,1.0,raw_J,140,101-300,302.6967495896069,108.09275895590164,1.479784533911728,1.479784533911728,-194.60399063370525,64.29008269746778
bridge-n52,52,0.02263390483074383,11.825457423506625,1.0,raw_J,141,101-300,304.8643713408573,108.31942241192185,1.482887545434993,1.482887545434993,-196.54494892893547,64.46963548560616
bridge-n52,52,0.02263390483074383,11.825457423506625,1.0,raw_J,142,101-300,305.7289126020368,108.9093981994302,1.4909642848407605,1.4909642848407605,-196.81951440260661,64.37713487006835
bridge-n52,52,0.02263390483074383,11.825457423506625,1.0,raw_J,143,101-300,307.2194961281701,109.07877367340065,1.4932830267178892,1.4932830267178892,-198.14072245476945,64.49483999287153
bridge-n52,52,0.02263390483074383,11.825457423506625,1.0,raw_J,144,101-300,310.1094631467019,109.52250739898597,1.4993577195154342,1.4993577195154342,-200.58695574771593,64.68262971156908
bridge-n52,52,0.02263390483074383,11.825457423506625,1.0,raw_J,145,101-300,311.165141530356,110.50986839406906,1.5128746427952602,1.5128746427952602,-200.65527313628692,64.48513871105058
bridge-n52,52,0.02263390483074383,11.825457423506625,1.0,raw_J,146,101-300,312.4278011806009,110.83085361138102,1.517268914574245,1.517268914574245,-201.59694756921988,64.52593104948605
bridge-n52,52,0.02263390483074383,11.825457423506625,1.0,raw_J,147,101-300,313.9852857311589,111.03948650486194,1.5201250885864588,1.5201250885864588,-202.94579922629697,64.63544900000939
bridge-n52,52,0.02263390483074383,11.825457423506625,1.0,raw_J,148,101-300,315.47561608947575,111.18339170250277,1.5220951436380215,1.5220951436380215,-204.29222438697298,64.75689846312281
bridge-n52,52,0.02263390483074383,11.825457423506625,1.0,raw_J,149,101-300,317.7348059423702,111.75643765002651,1.5299401143701716,1.5299401143701716,-205.9783682923437,64.82713396205747
bridge-n52,52,0.02263390483074383,11.825457423506625,1.0,raw_J,150,101-300,318.8531042563166,112.16691667084102,1.535559551901083,1.535559551901083,-206.68618758547558,64.82175799026457
bridge-n52,52,0.02263390483074383,11.825457423506625,1.0,raw_J,151,101-300,321.1601343091136,112.5095111143803,1.5402496529203413,1.5402496529203413,-208.65062319473327,64.96778426238576
bridge-n52,52,0.02263390483074383,11.825457423506625,1.0,raw_J,152,101-300,322.14455867248296,112.87256166944414,1.545219797096518,1.545219797096518,-209.27199700303882,64.9621393157849
bridge-n52,52,0.02263390483074383,11.825457423506625,1.0,raw_J,153,101-300,323.4669695575121,113.23913359718823,1.550238148690848,1.550238148690848,-210.22783596032383,64.99205660717254
bridge-n52,52,0.02263390483074383,11.825457423506625,1.0,raw_J,154,101-300,324.8628660517396,113.7736980070251,1.5575563090717761,1.5575563090717761,-211.0891680447145,64.97793072203432
bridge-n52,52,0.02263390483074383,11.825457423506625,1.0,raw_J,155,101-300,327.44390126190547,114.29574336511764,1.5647030842523495,1.5647030842523495,-213.14815789678784,65.09455728915887
bridge-n52,52,0.02263390483074383,11.825457423506625,1.0,raw_J,156,101-300,329.03307168048093,114.68779681595092,1.5700702766398293,1.5700702766398293,-214.34527486453,65.14399107961934
bridge-n52,52,0.02263390483074383,11.825457423506625,1.0,raw_J,157,101-300,329.9532397282339,114.75528290870864,1.5709941579181095,1.5709941579181095,-215.19795681952525,65.22074370197824
bridge-n52,52,0.02263390483074383,11.825457423506625,1.0,raw_J,158,101-300,331.4744675826634,114.7954229561771,1.5715436731863666,1.5715436731863666,-216.6790446264863,65.36824576766253
bridge-n52,52,0.02263390483074383,11.825457423506625,1.0,raw_J,159,101-300,333.64537852486984,115.88609662589272,1.5864749418816948,1.5864749418816948,-217.75928189897712,65.26668610299525
bridge-n52,52,0.02263390483074383,11.825457423506625,1.0,raw_J,160,101-300,334.2113548332444,115.93928425757636,1.5872030779337403,1.5872030779337403,-218.27207057566804,65.30959149624807
bridge-n52,52,0.02263390483074383,11.825457423506625,1.0,raw_J,161,101-300,336.84185042839067,116.37895853699477,1.5932221971136622,1.5932221971136622,-220.46289189139588,65.44997054582568
bridge-n52,52,0.02263390483074383,11.825457423506625,1.0,raw_J,162,101-300,338.3399928508066,116.79603991264847,1.5989320205563848,1.5989320205563848,-221.54395293815813,65.47968245534885
bridge-n52,52,0.02263390483074383,11.825457423506625,1.0,raw_J,163,101-300,339.85821672536355,116.8944307218123,1.6002789858765973,1.6002789858765973,-222.96378600355126,65.6049420113701
bridge-n52,52,0.02263390483074383,11.825457423506625,1.0,raw_J,164,101-300,341.04226111104657,117.17835578244836,1.604165905940231,1.604165905940231,-223.8639053285982,65.64110400842844
bridge-n52,52,0.02263390483074383,11.825457423506625,1.0,raw_J,165,101-300,342.0548775103636,117.21968990291704,1.6047317680089135,1.6047317680089135,-224.83518760744658,65.73073573571085
bridge-n52,52,0.02263390483074383,11.825457423506625,1.0,raw_J,166,101-300,344.6617029402523,118.06736958350422,1.616336460988911,1.616336460988911,-226.5943333567481,65.74398357105217
bridge-n52,52,0.02263390483074383,11.825457423506625,1.0,raw_J,167,101-300,346.34787056600993,118.60548441334183,1.623703226444376,1.623703226444376,-227.7423861526681,65.75538800931159
bridge-n52,52,0.02263390483074383,11.825457423506625,1.0,raw_J,168,101-300,347.2726775844205,118.81154296079579,1.6265241577865681,1.6265241577865681,-228.46113462362467,65.78724713178357
bridge-n52,52,0.02263390483074383,11.825457423506625,1.0,raw_J,169,101-300,349.31626087069617,119.20444644360171,1.63190298706979,1.63190298706979,-230.11181442709446,65.87492201294152
bridge-n52,52,0.02263390483074383,11.825457423506625,1.0,raw_J,170,101-300,350.4084193491921,119.62157361698351,1.6376134374811495,1.6376134374811495,-230.7868457322086,65.86224331049044
bridge-n52,52,0.02263390483074383,11.825457423506625,1.0,raw_J,171,101-300,351.87864902535927,120.4211664117677,1.6485598233684002,1.6485598233684002,-231.45748261359157,65.7776433025099
bridge-n52,52,0.02263390483074383,11.825457423506625,1.0,raw_J,172,101-300,353.4889004887188,120.54865862002573,1.6503051854055695,1.6503051854055695,-232.94024186869308,65.89746991960419
bridge-n52,52,0.02263390483074383,11.825457423506625,1.0,raw_J,173,101-300,356.0175749772649,120.79809052601253,1.6537198958848713,1.6537198958848713,-235.2194844512524,66.06962717115114
bridge-n52,52,0.02263390483074383,11.825457423506625,1.0,raw_J,174,101-300,357.1513022520396,121.10708414913383,1.6579500033313728,1.6579500033313728,-236.0442181029058,66.09081826512025
bridge-n52,52,0.02263390483074383,11.825457423506625,1.0,raw_J,175,101-300,357.95268510163226,121.673699653405,1.6657069416128458,1.6657069416128458,-236.27898544822727,66.00844057955354
bridge-n52,52,0.02263390483074383,11.825457423506625,1.0,raw_J,176,101-300,359.74375495311443,121.82204870909614,1.667737832861738,1.667737832861738,-237.9217062440183,66.13643821976194
bridge-n52,52,0.02263390483074383,11.825457423506625,1.0,raw_J,177,101-300,361.28936169580464,122.33139412651109,1.6747107464813908,1.6747107464813908,-238.95796756929354,66.14032764421371
bridge-n52,52,0.02263390483074383,11.825457423506625,1.0,raw_J,178,101-300,363.33133057897385,122.53918647460739,1.6775554134687842,1.6775554134687842,-240.79214410436646,66.27343249497933
bridge-n52,52,0.02263390483074383,11.825457423506625,1.0,raw_J,179,101-300,364.736024114089,122.6507024470263,1.6790820616260116,1.6790820616260116,-242.0853216670627,66.37274786746556
bridge-n52,52,0.02263390483074383,11.825457423506625,1.0,raw_J,180,101-300,366.2127102883313,123.21462554925483,1.686802141056436,1.686802141056436,-242.9980847390765,66.35435579168076
bridge-n52,52,0.02263390483074383,11.825457423506625,1.0,raw_J,181,101-300,367.9935754817403,123.22017948850146,1.686878174210542,1.686878174210542,-244.77339599323886,66.51567100670333
bridge-n52,52,0.02263390483074383,11.825457423506625,1.0,raw_J,182,101-300,368.96843809573437,124.09565456850581,1.6988633848363905,1.6988633848363905,-244.87278352722856,66.36686454565869
bridge-n52,52,0.02263390483074383,11.825457423506625,1.0,raw_J,183,101-300,370.050919212106,124.26782489076733,1.7012203880486514,1.7012203880486514,-245.7830943213387,66.41872281918602
bridge-n52,52,0.02263390483074383,11.825457423506625,1.0,raw_J,184,101-300,373.06192837211285,125.13211966713357,1.7130525408696304,1.7130525408696304,-247.92980870497928,66.45808372535946
bridge-n52,52,0.02263390483074383,11.825457423506625,1.0,raw_J,185,101-300,373.86487391090856,125.2337172769831,1.7144434071329206,1.7144434071329206,-248.63115663392546,66.50294638088249
bridge-n52,52,0.02263390483074383,11.825457423506625,1.0,raw_J,186,101-300,375.82591276673935,125.57845101728931,1.719162795019308,1.719162795019308,-250.24746174945005,66.58600518181113
bridge-n52,52,0.02263390483074383,11.825457423506625,1.0,raw_J,187,101-300,376.32409223066804,125.6156695862737,1.7196723153913422,1.7196723153913422,-250.70842264439435,66.62034874204187
bridge-n52,52,0.02263390483074383,11.825457423506625,1.0,raw_J,188,101-300,378.4366802499655,125.83053642915907,1.7226138318631528,1.7226138318631528,-252.60614382080644,66.74991009168421
bridge-n52,52,0.02263390483074383,11.825457423506625,1.0,raw_J,189,101-300,379.87297534653237,126.3604754970565,1.7298686715412679,1.7298686715412679,-253.5124998494759,66.73612399466259
bridge-n52,52,0.02263390483074383,11.825457423506625,1.0,raw_J,190,101-300,381.4844686171865,126.98763391770308,1.7384544393591097,1.7384544393591097,-254.49683469948343,66.7122401134676
bridge-n52,52,0.02263390483074383,11.825457423506625,1.0,raw_J,191,101-300,383.44352944953647,127.19332793183504,1.741270380258119,1.741270380258119,-256.25020151770144,66.82866754475394
bridge-n52,52,0.02263390483074383,11.825457423506625,1.0,raw_J,192,101-300,384.95611681486366,127.37661278377846,1.743779540833036,1.743779540833036,-257.5795040310852,66.91139399532194
bridge-n52,52,0.02263390483074383,11.825457423506625,1.0,raw_J,193,101-300,385.86130084597426,127.6274939448794,1.747214091543306,1.747214091543306,-258.23380690109485,66.923997388423
bridge-n52,52,0.02263390483074383,11.825457423506625,1.0,raw_J,194,101-300,387.222890222388,127.81943201240055,1.7498417142123006,1.7498417142123006,-259.40345820998743,66.99073447362785
bridge-n52,52,0.02263390483074383,11.825457423506625,1.0,raw_J,195,101-300,388.84612835423223,128.6767271120207,1.761578041804177,1.761578041804177,-260.1694012422115,66.90806009651241
bridge-n52,52,0.02263390483074383,11.825457423506625,1.0,raw_J,196,101-300,391.45608356363806,128.94688725171582,1.7652765207796592,1.7652765207796592,-262.5091963119222,67.05967982976735
bridge-n52,52,0.02263390483074383,11.825457423506625,1.0,raw_J,197,101-300,392.2450833395191,129.49291498084924,1.7727516134358492,1.7727516134358492,-262.7521683586699,66.98673342738554
bridge-n52,52,0.02263390483074383,11.825457423506625,1.0,raw_J,198,101-300,393.427743844434,129.6432185911446,1.7748092624407832,1.7748092624407832,-263.7845252532894,67.04776909622137
bridge-n52,52,0.02263390483074383,11.825457423506625,1.0,raw_J,199,101-300,395.5828700109937,130.18105939278698,1.7821722764637835,1.7821722764637835,-265.4018106182067,67.09133047415094
bridge-n52,52,0.02263390483074383,11.825457423506625,1.0,raw_J,200,101-300,396.3818542225922,130.427131240662,1.7855409879134105,1.7855409879134105,-265.9547229819302,67.09558476220778
bridge-n52,52,0.02263390483074383,11.825457423506625,1.0,raw_J,201,101-300,397.9187362096142,130.66388243446085,1.788782100068866,1.788782100068866,-267.2548537751534,67.16317414980173
bridge-n52,52,0.02263390483074383,11.825457423506625,1.0,raw_J,202,101-300,399.9851198761949,130.7852763040484,1.7904439761506918,1.7904439761506918,-269.1998435721465,67.30246456554943
bridge-n52,52,0.02263390483074383,11.825457423506625,1.0,raw_J,203,101-300,401.8392286005332,131.35719881208962,1.7982735670517866,1.7982735670517866,-270.4820297884436,67.31100662581868
bridge-n52,52,0.02263390483074383,11.825457423506625,1.0,raw_J,204,101-300,402.86191776388614,131.39990804583883,1.7988582543533949,1.7988582543533949,-271.4620097180473,67.38338814073481
bridge-n52,52,0.02263390483074383,11.825457423506625,1.0,raw_J,205,101-300,404.236441800208,131.8439686739736,1.8049374224307035,1.8049374224307035,-272.39247312623445,67.38444260818602
bridge-n52,52,0.02263390483074383,11.825457423506625,1.0,raw_J,206,101-300,405.13438745990993,132.66976815403206,1.816242576545619,1.816242576545619,-272.4646193058779,67.25289872680571
bridge-n52,52,0.02263390483074383,11.825457423506625,1.0,raw_J,207,101-300,407.5814603868962,132.94181106740174,1.8199668305997594,1.8199668305997594,-274.6396493194944,67.38276295953037
bridge-n52,52,0.02263390483074383,11.825457423506625,1.0,raw_J,208,101-300,408.9472455023511,133.12536353391735,1.8224796548049587,1.8224796548049587,-275.8218819684338,67.4468125172512
bridge-n52,52,0.02263390483074383,11.825457423506625,1.0,raw_J,209,101-300,410.51386919336665,133.45167493695678,1.8269468418036157,1.8269468418036157,-277.06219425640984,67.4915551089222
bridge-n52,52,0.02263390483074383,11.825457423506625,1.0,raw_J,210,101-300,411.9722678042788,133.45575465163736,1.8270026928961902,1.8270026928961902,-278.51651315264144,67.60564603949507
bridge-n52,52,0.02263390483074383,11.825457423506625,1.0,raw_J,211,101-300,413.26273607018504,134.1663986068862,1.8367313735613227,1.8367313735613227,-279.0963374632988,67.5348423904108
bridge-n52,52,0.02263390483074383,11.825457423506625,1.0,raw_J,212,101-300,415.01880975515513,134.2697613446329,1.8381464043383866,1.8381464043383866,-280.7490484105222,67.64730701631407
bridge-n52,52,0.02263390483074383,11.825457423506625,1.0,raw_J,213,101-300,415.4552149962946,134.43094756232958,1.840353035701405,1.840353035701405,-281.02426743396506,67.64249365276868
bridge-n52,52,0.02263390483074383,11.825457423506625,1.0,raw_J,214,101-300,418.3877057895348,134.9598213083308,1.8475932911753523,1.8475932911753523,-283.427884481204,67.74288072025213
bridge-n52,52,0.02263390483074383,11.825457423506625,1.0,raw_J,215,101-300,419.8613648181523,135.43661468985377,1.854120569030634,1.854120569030634,-284.42475012829857,67.74253931449178
bridge-n52,52,0.02263390483074383,11.825457423506625,1.0,raw_J,216,101-300,420.6438276250418,135.7313644382894,1.8581556785358635,1.8581556785358635,-284.9124631867524,67.73247210005916
bridge-n52,52,0.02263390483074383,11.825457423506625,1.0,raw_J,217,101-300,422.07671005882673,135.76692876579583,1.8586425524237289,1.8586425524237289,-286.30978129303094,67.83358912485994
bridge-n52,52,0.02263390483074383,11.825457423506625,1.0,raw_J,218,101-300,423.7165796274818,136.4668100768862,1.8682238930216493,1.8682238930216493,-287.2497695505956,67.79290293599946
bridge-n52,52,0.02263390483074383,11.825457423506625,1.0,raw_J,219,101-300,425.06988249446135,136.8959853679544,1.8740992815693585,1.8740992815693585,-288.173897126507,67.79447544846037
bridge-n52,52,0.02263390483074383,11.825457423506625,1.0,raw_J,220,101-300,427.2088250840746,137.08812793560713,1.8767297038350592,1.8767297038350592,-290.12069714846746,67.91074531088438
bridge-n52,52,0.02263390483074383,11.825457423506625,1.0,raw_J,221,101-300,428.12791407661666,137.36332729572752,1.880497169489393,1.880497169489393,-290.76458678088915,67.91535361762342
bridge-n52,52,0.02263390483074383,11.825457423506625,1.0,raw_J,222,101-300,430.3287454309386,137.6345926968738,1.8842107794395784,1.8842107794395784,-292.6941527340648,68.01640741915946
bridge-n52,52,0.02263390483074383,11.825457423506625,1.0,raw_J,223,101-300,431.3013069307036,138.0934469258366,1.89049247118191,1.89049247118191,-293.20786000486703,67.98214039540952
bridge-n52,52,0.02263390483074383,11.825457423506625,1.0,raw_J,224,101-300,432.1386417345886,138.53517092379445,1.8965396509074488,1.8965396509074488,-293.60347081079414,67.9419617815895
bridge-n52,52,0.02263390483074383,11.825457423506625,1.0,raw_J,225,101-300,433.88921848092724,138.63856685204948,1.8979551360609332,1.8979551360609332,-295.2506516288778,68.04747365296801
bridge-n52,52,0.02263390483074383,11.825457423506625,1.0,raw_J,226,101-300,436.16100643264696,139.2775988702295,1.9067034528428464,1.9067034528428464,-296.88340756241746,68.06738868992933
bridge-n52,52,0.02263390483074383,11.825457423506625,1.0,raw_J,227,101-300,437.5816981676686,139.4007505093498,1.9083893927027997,1.9083893927027997,-298.1809476583188,68.14292026081596
bridge-n52,52,0.02263390483074383,11.825457423506625,1.0,raw_J,228,101-300,438.6217386562722,139.6000567010163,1.9111178846276036,1.9111178846276036,-299.0216819552559,68.1730191648311
bridge-n52,52,0.02263390483074383,11.825457423506625,1.0,raw_J,229,101-300,439.91844221437066,139.82357098980214,1.9141777842068946,1.9141777842068946,-300.0948712245685,68.21602425077087
bridge-n52,52,0.02263390483074383,11.825457423506625,1.0,raw_J,230,101-300,441.68319920118904,139.95052258950605,1.9159157453396458,1.9159157453396458,-301.732676611683,68.31427528993291
bridge-n52,52,0.02263390483074383,11.825457423506625,1.0,raw_J,231,101-300,442.90454630260945,140.30173360570757,1.9207238068132775,1.9207238068132775,-302.6028126969019,68.32235415577604
bridge-n52,52,0.02263390483074383,11.825457423506625,1.0,raw_J,232,101-300,444.31933627755916,141.0239188931738,1.930610487746707,1.930610487746707,-303.29541738438536,68.26068384179472
bridge-n52,52,0.02263390483074383,11.825457423506625,1.0,raw_J,233,101-300,446.8606226964295,141.30086349017148,1.9344018456077343,1.9344018456077343,-305.55975920625804,68.37920901655215
bridge-n52,52,0.02263390483074383,11.825457423506625,1.0,raw_J,234,101-300,447.4417041944933,141.9144911306796,1.9428023777134522,1.9428023777134522,-305.5272130638137,68.28313279689449
bridge-n52,52,0.02263390483074383,11.825457423506625,1.0,raw_J,235,101-300,449.1485456850233,142.22133907334776,1.9470031109004755,1.9470031109004755,-306.9272066116755,68.33534463382543
bridge-n52,52,0.02263390483074383,11.825457423506625,1.0,raw_J,236,101-300,450.1269457803135,142.53457075022072,1.9512912370936182,1.9512912370936182,-307.5923750300928,68.33458381321047
bridge-n52,52,0.02263390483074383,11.825457423506625,1.0,raw_J,237,101-300,451.4033084453888,142.7573206357957,1.9543406720306884,1.9543406720306884,-308.64598780959307,68.3747730765543
bridge-n52,52,0.02263390483074383,11.825457423506625,1.0,raw_J,238,101-300,453.9867378066779,143.12867489682884,1.9594244935316574,1.9594244935316574,-310.8580629098491,68.47293919018013
bridge-n52,52,0.02263390483074383,11.825457423506625,1.0,raw_J,239,101-300,454.9746837686168,143.1810101936469,1.96014096116147,1.96014096116147,-311.7936735749699,68.52989511247984
bridge-n52,52,0.02263390483074383,11.825457423506625,1.0,raw_J,240,101-300,456.32842668924604,143.50506052654976,1.9645771942215793,1.9645771942215793,-312.8233661626963,68.55224173350153
bridge-n52,52,0.02263390483074383,11.825457423506625,1.0,raw_J,241,101-300,457.903893064103,143.89247890922817,1.9698809327548374,1.9698809327548374,-314.01141415487484,68.57583412397756
bridge-n52,52,0.02263390483074383,11.825457423506625,1.0,raw_J,242,101-300,459.513415281106,144.25626869229075,1.9748611969258234,1.9748611969258234,-315.25714658881526,68.60673401579747
bridge-n52,52,0.02263390483074383,11.825457423506625,1.0,raw_J,243,101-300,460.08794442217584,144.292151109451,1.9753524254453467,1.9753524254453467,-315.79579331272487,68.63813693474029
bridge-n52,52,0.02263390483074383,11.825457423506625,1.0,raw_J,244,101-300,462.06536727488253,144.67365727223202,1.9805752259800773,1.9805752259800773,-317.3917100026505,68.68978557612483
bridge-n52,52,0.02263390483074383,11.825457423506625,1.0,raw_J,245,101-300,464.05728691054827,144.83569358670238,1.9827934951259607,1.9827934951259607,-319.2215933238459,68.78926424128733
bridge-n52,52,0.02263390483074383,11.825457423506625,1.0,raw_J,246,101-300,465.6715392113711,145.40601641536384,1.9906011864953181,1.9906011864953181,-320.2655227960073,68.77498318630052
bridge-n52,52,0.02263390483074383,11.825457423506625,1.0,raw_J,247,101-300,466.5702869308262,145.7741797499195,1.9956413243703364,1.9956413243703364,-320.7961071809067,68.75622305294121
bridge-n52,52,0.02263390483074383,11.825457423506625,1.0,raw_J,248,101-300,467.43904621026167,146.33167245291764,2.003273371952745,2.003273371952745,-321.107373757344,68.69502587785632
bridge-n52,52,0.02263390483074383,11.825457423506625,1.0,raw_J,249,101-300,469.53600455911203,146.65161585400443,2.0076533813190385,2.0076533813190385,-322.8843887051076,68.76669426198565
bridge-n52,52,0.02263390483074383,11.825457423506625,1.0,raw_J,250,101-300,470.77365547810166,146.80160859030437,2.009706774474322,2.009706774474322,-323.9720468877973,68.81694485618198
bridge-n52,52,0.02263390483074383,11.825457423506625,1.0,raw_J,251,101-300,472.7991746619088,147.14975627712468,2.0144728991199514,2.0144728991199514,-325.6494183847841,68.87690077243701
bridge-n52,52,0.02263390483074383,11.825457423506625,1.0,raw_J,252,101-300,473.8352323451397,147.43391911581176,2.018363074353365,2.018363074353365,-326.4013132293279,68.88498172959382
bridge-n52,52,0.02263390483074383,11.825457423506625,1.0,raw_J,253,101-300,475.6003393693758,147.64232265772458,2.0212161085539337,2.0212161085539337,-327.9580167116512,68.95664060006948
bridge-n52,52,0.02263390483074383,11.825457423506625,1.0,raw_J,254,101-300,476.7690152374845,147.8248960889006,2.023715529813666,2.023715529813666,-328.9441191485839,68.9944414665313
bridge-n52,52,0.02263390483074383,11.825457423506625,1.0,raw_J,255,101-300,478.07526376667096,148.11826615180496,2.027731751492083,2.027731751492083,-329.956997614866,69.01779335228366
bridge-n52,52,0.02263390483074383,11.825457423506625,1.0,raw_J,256,101-300,478.9421815346348,148.71275735777365,2.0358703067536603,2.0358703067536603,-330.22942417686113,68.94974736172419
bridge-n52,52,0.02263390483074383,11.825457423506625,1.0,raw_J,257,101-300,481.8303393762866,148.82703600969145,2.037434775856843,2.037434775856843,-333.0033033665951,69.1121492676565
bridge-n52,52,0.02263390483074383,11.825457423506625,1.0,raw_J,258,101-300,482.8347827909824,149.30444992450455,2.043970548782233,2.043970548782233,-333.5303328664778,69.07752812225668
bridge-n52,52,0.02263390483074383,11.825457423506625,1.0,raw_J,259,101-300,483.8514272124825,149.7460345819952,2.050015820943654,2.050015820943654,-334.10539263048736,69.05123635891758
bridge-n52,52,0.02263390483074383,11.825457423506625,1.0,raw_J,260,101-300,485.539148129356,150.01867789172977,2.0537482943943903,2.0537482943943903,-335.5204702376262,69.10266072886007
bridge-n52,52,0.02263390483074383,11.825457423506625,1.0,raw_J,261,101-300,486.52871826165125,150.19484224545357,2.0561599757001976,2.0561599757001976,-336.3338760161977,69.12929563909525
bridge-n52,52,0.02263390483074383,11.825457423506625,1.0,raw_J,262,101-300,488.38056709001745,150.60892838295996,2.0618287944805487,2.0618287944805487,-337.7716387070575,69.16156404822718
bridge-n52,52,0.02263390483074383,11.825457423506625,1.0,raw_J,263,101-300,489.66176157795616,150.70905924173428,2.063199580994028,2.063199580994028,-338.9527023362219,69.22180348408912
bridge-n52,52,0.02263390483074383,11.825457423506625,1.0,raw_J,264,101-300,491.398821593663,150.8983987969645,2.0657916301580403,2.0657916301580403,-340.5004227966985,69.29207149752952
bridge-n52,52,0.02263390483074383,11.825457423506625,1.0,raw_J,265,101-300,493.3144415817853,151.40467250653893,2.072722492248997,2.072722492248997,-341.90976907524634,69.30868838522784
bridge-n52,52,0.02263390483074383,11.825457423506625,1.0,raw_J,266,101-300,493.9579978053695,152.1275941529079,2.0826192538994532,2.0826192538994532,-341.83040365246154,69.20232189198208
bridge-n52,52,0.02263390483074383,11.825457423506625,1.0,raw_J,267,101-300,495.3588288221313,152.27051730614153,2.0845758648115615,2.0845758648115615,-343.08831151598974,69.26056255659928
bridge-n52,52,0.02263390483074383,11.825457423506625,1.0,raw_J,268,101-300,496.4296962157591,152.32724302919692,2.085352437159822,2.085352437159822,-344.10245318656223,69.31544502869704
bridge-n52,52,0.02263390483074383,11.825457423506625,1.0,raw_J,269,101-300,498.58078242968656,152.4018517050738,2.086373826249384,2.086373826249384,-346.17893072461277,69.43286683405881
bridge-n52,52,0.02263390483074383,11.825457423506625,1.0,raw_J,270,101-300,500.3090849416905,153.1622384608303,2.0967834833978234,2.0967834833978234,-347.1468464808602,69.38647666598321
bridge-n52,52,0.02263390483074383,11.825457423506625,1.0,raw_J,271,101-300,501.6044469651455,153.2707642138963,2.098269195599727,2.098269195599727,-348.33368275124917,69.44389844603062
bridge-n52,52,0.02263390483074383,11.825457423506625,1.0,raw_J,272,101-300,502.27627032711825,153.97173815631933,2.1078654942666515,2.1078654942666515,-348.3045321707989,69.34520954851362
bridge-n52,52,0.02263390483074383,11.825457423506625,1.0,raw_J,273,101-300,504.49977331342774,154.08282809328912,2.109386310019612,2.109386310019612,-350.4169452201386,69.45829587170836
bridge-n52,52,0.02263390483074383,11.825457423506625,1.0,raw_J,274,101-300,505.41523174224443,154.2034544541086,2.111037678944292,2.111037678944292,-351.21177728813586,69.48974926565916
bridge-n52,52,0.02263390483074383,11.825457423506625,1.0,raw_J,275,101-300,506.46415270952355,154.453620693796,2.114462442415704,2.114462442415704,-352.01053201572756,69.50354336679362
bridge-n52,52,0.02263390483074383,11.825457423506625,1.0,raw_J,276,101-300,508.8007003364678,154.48540527995624,2.1148975718311336,2.1148975718311336,-354.31529505651156,69.63734421399269
bridge-n52,52,0.02263390483074383,11.825457423506625,1.0,raw_J,277,101-300,510.26422794367284,155.13665754034307,2.1238131831255838,2.1238131831255838,-355.12757040332974,69.59679925721379
bridge-n52,52,0.02263390483074383,11.825457423506625,1.0,raw_J,278,101-300,511.5622897003746,155.50326976304814,2.1288320863559407,2.1288320863559407,-356.05901993732647,69.6022805249919
bridge-n52,52,0.02263390483074383,11.825457423506625,1.0,raw_J,279,101-300,512.6231445314074,155.80634122487942,2.1329811197067396,2.1329811197067396,-356.816803306528,69.606065803505
bridge-n52,52,0.02263390483074383,11.825457423506625,1.0,raw_J,280,101-300,513.6689855554737,156.07732925980483,2.136690932527054,2.136690932527054,-357.5916562956688,69.61519312071658
bridge-n52,52,0.02263390483074383,11.825457423506625,1.0,raw_J,281,101-300,515.4350571672994,156.5732765635945,2.1434804266325993,2.1434804266325993,-358.8617806037049,69.62308357058956
bridge-n52,52,0.02263390483074383,11.825457423506625,1.0,raw_J,282,101-300,517.5896685724674,156.76784847191837,2.1461441064521587,2.1461441064521587,-360.8218201005491,69.71194403777606
bridge-n52,52,0.02263390483074383,11.825457423506625,1.0,raw_J,283,101-300,518.2342231475501,157.05150292469597,2.1500273219075687,2.1500273219075687,-361.18272022285413,69.6948800542683
bridge-n52,52,0.02263390483074383,11.825457423506625,1.0,raw_J,284,101-300,520.1063104117233,157.20030878713766,2.152064466818325,2.152064466818325,-362.9060016245856,69.77535060809093
bridge-n52,52,0.02263390483074383,11.825457423506625,1.0,raw_J,285,101-300,521.525193449492,157.37259313352575,2.1544230310152495,2.1544230310152495,-364.15260031596625,69.82454632869683
bridge-n52,52,0.02263390483074383,11.825457423506625,1.0,raw_J,286,101-300,522.4566961777302,157.9109233041429,2.1617927444753557,2.1617927444753557,-364.54577287358734,69.7753087558429
bridge-n52,52,0.02263390483074383,11.825457423506625,1.0,raw_J,287,101-300,523.9605308920159,158.22935616016943,2.166152074554345,2.166152074554345,-365.7311747318464,69.80128333506492
bridge-n52,52,0.02263390483074383,11.825457423506625,1.0,raw_J,288,101-300,525.0773856872796,158.25767255678068,2.166539724626063,2.166539724626063,-366.81971313049894,69.86012407492365
bridge-n52,52,0.02263390483074383,11.825457423506625,1.0,raw_J,289,101-300,527.9036416012724,158.9920583757492,2.1765934302334577,2.1765934302334577,-368.9115832255232,69.88237135597628
bridge-n52,52,0.02263390483074383,11.825457423506625,1.0,raw_J,290,101-300,528.4062138522927,159.1685808568293,2.1790100142850926,2.1790100142850926,-369.2376329954634,69.8776099364111
bridge-n52,52,0.02263390483074383,11.825457423506625,1.0,raw_J,291,101-300,529.8062263187069,159.2483382870938,2.1801018895680437,2.1801018895680437,-370.55788803161306,69.94215424880692
bridge-n52,52,0.02263390483074383,11.825457423506625,1.0,raw_J,292,101-300,530.866917883961,159.51891796581174,2.183806112012037,2.183806112012037,-371.3479999181493,69.95124152741421
bridge-n52,52,0.02263390483074383,11.825457423506625,1.0,raw_J,293,101-300,532.6881830282937,160.0557952572053,2.1911559356272963,2.1911559356272963,-372.63238777108836,69.9531920630753
bridge-n52,52,0.02263390483074383,11.825457423506625,1.0,raw_J,294,101-300,533.7796307537687,160.4597829260477,2.196686506870167,2.196686506870167,-373.31984782772105,69.93894602170246
bridge-n52,52,0.02263390483074383,11.825457423506625,1.0,raw_J,295,101-300,535.6643140758732,160.63093415123726,2.1990295586938218,2.1990295586938218,-375.03337992463594,70.01276173710444
bridge-n52,52,0.02263390483074383,11.825457423506625,1.0,raw_J,296,101-300,537.0697590831223,161.1717873554769,2.2064338123596663,2.2064338123596663,-375.8979717276454,69.9905301630412
bridge-n52,52,0.02263390483074383,11.825457423506625,1.0,raw_J,297,101-300,538.4285261762479,161.42656513274127,2.2099217075528497,2.2099217075528497,-377.00196104350664,70.01894266651462
bridge-n52,52,0.02263390483074383,11.825457423506625,1.0,raw_J,298,101-300,540.2131663762282,161.59358735948052,2.2122082335915554,2.2122082335915554,-378.61957901674765,70.08706980552569
bridge-n52,52,0.02263390483074383,11.825457423506625,1.0,raw_J,299,101-300,540.6313902472951,161.71724874109668,2.213901151801113,2.213901151801113,-378.91414150619846,70.08733646281172
bridge-n52,52,0.02263390483074383,11.825457423506625,1.0,raw_J,300,101-300,541.8474371212013,162.2778874971964,2.2215762686951717,2.2215762686951717,-379.56954962400494,70.05100026690764
bridge-n52,52,0.02263390483074383,11.825457423506625,1.0,raw_J,301,301-320,544.3238901010053,162.28057793489296,2.2216131006544195,2.2216131006544195,-382.04331216611234,70.18676180007826
bridge-n52,52,0.02263390483074383,11.825457423506625,1.0,raw_J,302,301-320,545.6368332489349,162.71671803089984,2.227583837037909,2.227583837037909,-382.920115218035,70.17856784667175
bridge-n52,52,0.02263390483074383,11.825457423506625,1.0,raw_J,303,301-320,547.0109120581222,162.8987273759279,2.2300755359861224,2.2300755359861224,-384.1121846821943,70.22020515769543
bridge-n52,52,0.02263390483074383,11.825457423506625,1.0,raw_J,304,301-320,547.9316133644893,163.17815742647747,2.233900919583576,2.233900919583576,-384.7534559380118,70.21924753994257
bridge-n52,52,0.02263390483074383,11.825457423506625,1.0,raw_J,305,301-320,549.4975675626614,163.59754728281968,2.239642346012962,2.239642346012962,-385.9000202798417,70.22779409043261
bridge-n52,52,0.02263390483074383,11.825457423506625,1.0,raw_J,306,301-320,550.9700100394839,163.91565812264292,2.2439972677060256,2.2439972677060256,-387.054351916841,70.24962245932473
bridge-n52,52,0.02263390483074383,11.825457423506625,1.0,raw_J,307,301-320,552.0495722005649,164.40504173976385,2.2506969052651034,2.2506969052651034,-387.644530460801,70.21915240611146
bridge-n52,52,0.02263390483074383,11.825457423506625,1.0,raw_J,308,301-320,553.7649721191589,164.51886562769357,2.2522551486717393,2.2522551486717393,-389.2461064914653,70.29085010593764
bridge-n52,52,0.02263390483074383,11.825457423506625,1.0,raw_J,309,301-320,555.7920205616825,164.75378354003945,2.2554711632946067,2.2554711632946067,-391.0382370216431,70.35693614788865
bridge-n52,52,0.02263390483074383,11.825457423506625,1.0,raw_J,310,301-320,556.8994764068553,164.85944537554022,2.2569176686064245,2.2569176686064245,-392.04003103131515,70.39691140684455
bridge-n52,52,0.02263390483074383,11.825457423506625,1.0,raw_J,311,301-320,557.5646591720586,165.5327063556265,2.266134578187059,2.266134578187059,-392.03195281643207,70.31147802634585
bridge-n52,52,0.02263390483074383,11.825457423506625,1.0,raw_J,312,301-320,559.3162370286822,165.57346464554695,2.266692557163964,2.266692557163964,-393.7427723831352,70.39716466571018
bridge-n52,52,0.02263390483074383,11.825457423506625,1.0,raw_J,313,301-320,560.2408074972957,166.26771843541317,2.2761968572741385,2.2761968572741385,-393.97308906188255,70.32209788891258
bridge-n52,52,0.02263390483074383,11.825457423506625,1.0,raw_J,314,301-320,562.5592076160458,166.42209788645178,2.278310304337636,2.278310304337636,-396.13710972959404,70.41696311545627
bridge-n52,52,0.02263390483074383,11.825457423506625,1.0,raw_J,315,301-320,564.1608791107861,166.70061724814914,2.2821232206496607,2.2821232206496607,-397.460261862637,70.45158155756958
bridge-n52,52,0.02263390483074383,11.825457423506625,1.0,raw_J,316,301-320,564.5060559381499,167.05916725491522,2.287031752541819,2.287031752541819,-397.44688868323465,70.40613373451231
bridge-n52,52,0.02263390483074383,11.825457423506625,1.0,raw_J,317,301-320,566.698787682808,167.5068924534993,2.2931610884076705,2.2931610884076705,-399.19189522930867,70.44163564590929
bridge-n52,52,0.02263390483074383,11.825457423506625,1.0,raw_J,318,301-320,567.7317579011769,167.5086726685001,2.293185459463148,2.293185459463148,-400.2230852326768,70.49510260131375
bridge-n52,52,0.02263390483074383,11.825457423506625,1.0,raw_J,319,301-320,568.9239551796294,168.25028177601263,2.3033380515341193,2.3033380515341193,-400.67367340361676,70.42657806122963
bridge-n52,52,0.02263390483074383,11.825457423506625,1.0,raw_J,320,301-320,570.0511147824636,168.25491890526428,2.3034015336046543,2.3034015336046543,-401.79619587719935,70.4842400019739
fine-n64,64,0.02263390483074383,11.825457423506625,1.0,power_3_2,1,1-100,14.1347,14.1347,0.08512021580460853,0.19350334521498241,0.0,0.0
fine-n64,64,0.02263390483074383,11.825457423506625,1.0,power_3_2,2,1-100,21.022,23.033482867305548,0.13870934879387614,0.2679603204918278,2.011482867305549,9.568465737349202
fine-n64,64,0.02263390483074383,11.825457423506625,1.0,power_3_2,3,1-100,25.0108,24.873923242540094,0.14979261776424546,0.28205054312885824,-0.13687675745990546,0.5472706089365612
fine-n64,64,0.02263390483074383,11.825457423506625,1.0,power_3_2,4,1-100,30.4248,32.624817359521955,0.19646907923255869,0.3379580585146639,2.2000173595219543,7.231000235077812
fine-n64,64,0.02263390483074383,11.825457423506625,1.0,power_3_2,5,1-100,32.935,34.6998991352455,0.2089653761869899,0.3521406990825265,1.7648991352455,5.358734280387125
fine-n64,64,0.02263390483074383,11.825457423506625,1.0,power_3_2,6,1-100,37.5861,37.27365104051066,0.22446470179019987,0.369344840959192,-0.3124489594893447,0.8312885867098334
fine-n64,64,0.02263390483074383,11.825457423506625,1.0,power_3_2,7,1-100,40.9187,42.715077056422444,0.2572333744015197,0.4044686603362653,1.7963770564224433,4.390112726998764
fine-n64,64,0.02263390483074383,11.825457423506625,1.0,power_3_2,8,1-100,43.327,45.184487765431186,0.2721043495521091,0.4199107464256892,1.8574877654311877,4.287136809451814
fine-n64,64,0.02263390483074383,11.825457423506625,1.0,power_3_2,9,1-100,48.0051,48.496970832425475,0.2920523692137691,0.44019032118326473,0.4918708324254766,1.0246220347952126
fine-n64,64,0.02263390483074383,11.825457423506625,1.0,power_3_2,10,1-100,49.7738,51.278646073327636,0.3088038246251983,0.45686558763533325,1.5048460733276343,3.0233698719559974
fine-n64,64,0.02263390483074383,11.825457423506625,1.0,power_3_2,11,1-100,52.9703,53.25959192414744,0.32073322803093207,0.46855722272764877,0.28929192414744165,0.5461398635602246
fine-n64,64,0.02263390483074383,11.825457423506625,1.0,power_3_2,12,1-100,56.4462,56.22815130538769,0.33861011365000887,0.4858101866563857,-0.2180486946123068,0.38629472774483814
fine-n64,64,0.02263390483074383,11.825457423506625,1.0,power_3_2,13,1-100,59.347,60.3490105801855,0.3634262350230279,0.5092654146963825,1.0020105801854982,1.6883929772111448
fine-n64,64,0.02263390483074383,11.825457423506625,1.0,power_3_2,14,1-100,60.8317,64.0427328242896,0.38567010539455504,0.5298390756182871,3.211032824289603,5.278551847621558
fine-n64,64,0.02263390483074383,11.825457423506625,1.0,power_3_2,15,1-100,65.1125,64.5510665083141,0.3887313286879335,0.5326390810165625,-0.5614334916859036,0.8622514750407427
fine-n64,64,0.02263390483074383,11.825457423506625,1.0,power_3_2,16,1-100,67.0798,66.9033574679831,0.40289699998780226,0.545501592027455,-0.17644253201690674,0.2630337777049227
fine-n64,64,0.02263390483074383,11.825457423506625,1.0,power_3_2,17,1-100,69.5464,67.8423731648733,0.4085518224292554,0.550593949663911,-1.7040268351267116,2.4502013549611648
fine-n64,64,0.02263390483074383,11.825457423506625,1.0,power_3_2,18,1-100,72.0671,72.68204517361991,0.43769668760559705,0.5764772503629584,0.6149451736199154,0.8532952951068038
fine-n64,64,0.02263390483074383,11.825457423506625,1.0,power_3_2,19,1-100,75.7046,75.75253315430743,0.45618739483967896,0.5926007369869516,0.047933154307429504,0.06331603932578668
fine-n64,64,0.02263390483074383,11.825457423506625,1.0,power_3_2,20,1-100,77.1448,77.94349774732302,0.4693815467479433,0.6039727452391694,0.7986977473230183,1.0353228569171458
fine-n64,64,0.02263390483074383,11.825457423506625,1.0,power_3_2,21,1-100,79.3373,79.71724026456408,0.4800631562514608,0.6131013194370157,0.3799402645640839,0.4788923552529314
fine-n64,64,0.02263390483074383,11.825457423506625,1.0,power_3_2,22,1-100,82.9103,82.21450174647485,0.4951018508301063,0.6258395907348735,-0.6957982535251546,0.8392181110491151
fine-n64,64,0.02263390483074383,11.825457423506625,1.0,power_3_2,23,1-100,84.7354,84.26352840644795,0.5074412419375445,0.636195374969237,-0.4718715935520521,0.5568765752590442
fine-n64,64,0.02263390483074383,11.825457423506625,1.0,power_3_2,24,1-100,87.4252,85.48472406049275,0.5147953730908016,0.6423273629897195,-1.9404759395072517,2.21958421542902
fine-n64,64,0.02263390483074383,11.825457423506625,1.0,power_3_2,25,1-100,88.8091,87.95153450609111,0.52965068926153,0.6546256646568485,-0.8575654939088935,0.9656279524383126
fine-n64,64,0.02263390483074383,11.825457423506625,1.0,power_3_2,26,1-100,92.4918,91.90552141999937,0.5534618928527254,0.6741012762429865,-0.5862785800006236,0.6338708728780537
fine-n64,64,0.02263390483074383,11.825457423506625,1.0,power_3_2,27,1-100,94.6513,92.39098315580996,0.55638537957102,0.6764730086157821,-2.2603168441900436,2.388046275317976
fine-n64,64,0.02263390483074383,11.825457423506625,1.0,power_3_2,28,1-100,95.8706,97.53389833550389,0.5873563977008949,0.7013494634383871,1.663298335503896,1.734940988690898
fine-n64,64,0.02263390483074383,11.825457423506625,1.0,power_3_2,29,1-100,98.8311,98.03978277282108,0.5904028714482424,0.7037725237143865,-0.7913172271789222,0.8006763328334119
fine-n64,64,0.02263390483074383,11.825457423506625,1.0,power_3_2,30,1-100,101.3178,100.87431600361515,0.6074726416103629,0.7172729987572235,-0.443483996384856,0.4377157778641621
fine-n64,64,0.02263390483074383,11.825457423506625,1.0,power_3_2,31,1-100,103.7255,101.94256243413811,0.6139057011516773,0.7223279906650807,-1.7829375658618858,1.7188999482884015
fine-n64,64,0.02263390483074383,11.825457423506625,1.0,power_3_2,32,1-100,105.4466,103.60761709985209,0.6239327843209024,0.7301720488644293,-1.8389829001479114,1.7439944959324543
fine-n64,64,0.02263390483074383,11.825457423506625,1.0,power_3_2,33,1-100,107.1686,105.88773704573299,0.6376638364022181,0.7408458602904907,-1.2808629542670076,1.1951849275506143
fine-n64,64,0.02263390483074383,11.825457423506625,1.0,power_3_2,34,1-100,111.0295,106.04294626961983,0.6385985179046282,0.7415696333578621,-4.986553730380166,4.491197141642686
fine-n64,64,0.02263390483074383,11.825457423506625,1.0,power_3_2,35,1-100,111.8746,111.43850370321688,0.6710909664980854,0.7665154775071514,-0.4360962967831199,0.38980813945535436
fine-n64,64,0.02263390483074383,11.825457423506625,1.0,power_3_2,36,1-100,114.3202,113.05471976245899,0.6808239399428392,0.7739089675644121,-1.2654802375410128,1.1069611823116237
fine-n64,64,0.02263390483074383,11.825457423506625,1.0,power_3_2,37,1-100,116.2266,114.75013961113605,0.6910338845047194,0.781627016665523,-1.4764603888639556,1.2703291577521458
fine-n64,64,0.02263390483074383,11.825457423506625,1.0,power_3_2,38,1-100,118.7907,118.60819283137336,0.7142673682498476,0.799049847661266,-0.18250716862664262,0.15363759000211516
fine-n64,64,0.02263390483074383,11.825457423506625,1.0,power_3_2,39,1-100,121.3701,119.426511538372,0.7191953444316322,0.8027209141722658,-1.9435884616279964,1.601373370894476
fine-n64,64,0.02263390483074383,11.825457423506625,1.0,power_3_2,40,1-100,122.9468,120.69908115829755,0.7268588534324919,0.8084131880997655,-2.2477188417024507,1.8282044280147598
fine-n64,64,0.02263390483074383,11.825457423506625,1.0,power_3_2,41,1-100,124.2568,123.41656009307523,0.7432237139086786,0.8205021160881535,-0.840239906924765,0.6762124140689001
fine-n64,64,0.02263390483074383,11.825457423506625,1.0,power_3_2,42,1-100,127.5166,124.91057390673647,0.7522207763319286,0.827110529520969,-2.606026093263523,2.0436759553372057
fine-n64,64,0.02263390483074383,11.825457423506625,1.0,power_3_2,43,1-100,129.5787,126.07201285291922,0.7592150481412313,0.8322296894405595,-3.5066871470807826,2.7062218922406096
fine-n64,64,0.02263390483074383,11.825457423506625,1.0,power_3_2,44,1-100,131.0876,128.06550518297806,0.7712200073790957,0.8409797241099298,-3.0220948170219515,2.3054009814978316
fine-n64,64,0.02263390483074383,11.825457423506625,1.0,power_3_2,45,1-100,133.4977,129.65978554124874,0.7808208823993684,0.8479448622438006,-3.8379144587512712,2.874891821170905
fine-n64,64,0.02263390483074383,11.825457423506625,1.0,power_3_2,46,1-100,134.7565,133.48000122460297,0.8038265056801782,0.8645196755201553,-1.276498775397016,0.9472632306397214
fine-n64,64,0.02263390483074383,11.825457423506625,1.0,power_3_2,47,1-100,138.116,134.44913951541935,0.8096627286250443,0.868699220563997,-3.666860484580667,2.6549136121670673
fine-n64,64,0.02263390483074383,11.825457423506625,1.0,power_3_2,48,1-100,139.7362,137.82297373683974,0.8299802095065825,0.8831717278929049,-1.9132262631602543,1.3691700956232202
fine-n64,64,0.02263390483074383,11.825457423506625,1.0,power_3_2,49,1-100,141.1237,140.15048172535936,0.8439966359089639,0.8930870877455126,-0.9732182746406579,0.6896207190150612
fine-n64,64,0.02263390483074383,11.825457423506625,1.0,power_3_2,50,1-100,143.1118,142.74601452053196,0.8596271276529013,0.9040797493555598,-0.3657854794680304,0.25559421338284505
fine-n64,64,0.02263390483074383,11.825457423506625,1.0,power_3_2,51,1-100,146.0009,143.45952146889132,0.8639239196203599,0.9070899022139645,-2.541378531108677,1.7406594966939772
fine-n64,64,0.02263390483074383,11.825457423506625,1.0,power_3_2,52,1-100,147.4427,143.94913785020893,0.8668724259232333,0.9091526156785374,-3.4935621497910745,2.36943717782642
fine-n64,64,0.02263390483074383,11.825457423506625,1.0,power_3_2,53,1-100,150.0515,146.75207367846664,0.883751914174683,0.9209164803141983,-3.2994263215333604,2.1988626048612376
fine-n64,64,0.02263390483074383,11.825457423506625,1.0,power_3_2,54,1-100,150.9252,148.29363897858514,0.8930353351898429,0.9273544538646229,-2.6315610214148535,1.7436193700023943
fine-n64,64,0.02263390483074383,11.825457423506625,1.0,power_3_2,55,1-100,153.0246,149.55481461225745,0.9006302287571419,0.9326048715203812,-3.4697853877425473,2.267469013310636
fine-n64,64,0.02263390483074383,11.825457423506625,1.0,power_3_2,56,1-100,156.1129,150.53065423950153,0.9065068076489262,0.9366572806799137,-5.582245760498466,3.5757748145723167
fine-n64,64,0.02263390483074383,11.825457423506625,1.0,power_3_2,57,1-100,157.5975,155.02654039850484,0.9335813688414042,0.9552156972826839,-2.5709596014951615,1.631345422037254
fine-n64,64,0.02263390483074383,11.825457423506625,1.0,power_3_2,58,1-100,158.8499,156.5417695290715,0.9427061914826531,0.9614297862360504,-2.3081304709284893,1.453026077402938
fine-n64,64,0.02263390483074383,11.825457423506625,1.0,power_3_2,59,1-100,161.1889,157.33721596006566,0.9474964291153746,0.9646839535915658,-3.8516840399343266,2.3895466995148715
fine-n64,64,0.02263390483074383,11.825457423506625,1.0,power_3_2,60,1-100,163.0306,159.49380153677012,0.9604835480277101,0.9734790737291151,-3.5367984632298715,2.169407745067412
fine-n64,64,0.02263390483074383,11.825457423506625,1.0,power_3_2,61,1-100,165.5373,163.06046684425385,0.9819622720668354,0.9879384040733427,-2.476833155746135,1.4962387061684197
fine-n64,64,0.02263390483074383,11.825457423506625,1.0,power_3_2,62,1-100,167.1844,164.36745975700336,0.9898330807000809,0.9932105164543924,-2.816940242996651,1.684930079000583
fine-n64,64,0.02263390483074383,11.825457423506625,1.0,power_3_2,63,1-100,169.0945,167.57464870595265,1.009147011343159,1.0060887487307255,-1.5198512940473563,0.898817699006979
fine-n64,64,0.02263390483074383,11.825457423506625,1.0,power_3_2,64,1-100,169.9119,168.45120216479492,1.0144256815364374,1.0095941457808209,-1.4606978352050817,0.8596795369865687
fine-n64,64,0.02263390483074383,11.825457423506625,1.0,power_3_2,65,1-100,173.4115,168.96656804009962,1.0175292532092899,1.0116522904723289,-4.444931959900373,2.56322790581961
fine-n64,64,0.02263390483074383,11.825457423506625,1.0,power_3_2,66,1-100,174.7541,172.16123865270157,1.0367677974988267,1.0243640603128141,-2.592861347298424,1.4837198940101686
fine-n64,64,0.02263390483074383,11.825457423506625,1.0,power_3_2,67,1-100,176.4414,173.23923709840184,1.0432595844016292,1.0286356902760376,-3.202162901598143,1.814859155276564
fine-n64,64,0.02263390483074383,11.825457423506625,1.0,power_3_2,68,1-100,178.3774,174.46521463134007,1.0506425123856191,1.033482942824784,-3.9121853686599195,2.193206857292415
fine-n64,64,0.02263390483074383,11.825457423506625,1.0,power_3_2,69,1-100,179.9164,174.9270763278075,1.053423877909839,1.0353060983438693,-4.989323672192512,2.7731344514410647
fine-n64,64,0.02263390483074383,11.825457423506625,1.0,power_3_2,70,1-100,182.207,176.43738234835465,1.0625190532159985,1.0412567211834465,-5.769617651645348,3.1665181094279298
fine-n64,64,0.02263390483074383,11.825457423506625,1.0,power_3_2,71,1-100,184.8744,181.69586565329305,1.0941860312007656,1.0618441467348212,-3.178534346706954,1.7192939350753558
fine-n64,64,0.02263390483074383,11.825457423506625,1.0,power_3_2,72,1-100,185.9589,181.7627693198919,1.0945889300623626,1.062104790741785,-4.196130680108098,2.2564828465365725
fine-n64,64,0.02263390483074383,11.825457423506625,1.0,power_3_2,73,1-100,187.2289,183.1082668402759,1.102691616309658,1.067339827022537,-4.120633159724122,2.2008531587399816
fine-n64,64,0.02263390483074383,11.825457423506625,1.0,power_3_2,74,1-100,189.4161,185.98022293675086,1.1199867497552431,1.0784712938689764,-3.435877063249137,1.8139308449752356
fine-n64,64,0.02263390483074383,11.825457423506625,1.0,power_3_2,75,1-100,192.0266,189.03956053734487,1.1384103085701962,1.0902661950252528,-2.987039462655133,1.5555342138303407
fine-n64,64,0.02263390483074383,11.825457423506625,1.0,power_3_2,76,1-100,193.0797,190.97450583177513,1.1500626932003628,1.0976932924506781,-2.1051941682248696,1.0903239274894614
fine-n64,64,0.02263390483074383,11.825457423506625,1.0,power_3_2,77,1-100,195.2658,193.20399335727342,1.1634888330762778,1.106219932536822,-2.0618066427265944,1.0558974703847752
fine-n64,64,0.02263390483074383,11.825457423506625,1.0,power_3_2,78,1-100,196.8764,193.30241627378763,1.1640815432076432,1.106595591266318,-3.5739837262123615,1.8153439042020079
fine-n64,64,0.02263390483074383,11.825457423506625,1.0,power_3_2,79,1-100,198.0153,195.26718935357138,1.1759135529820477,1.114081417918246,-2.7481106464286142,1.3878274287030419
fine-n64,64,0.02263390483074383,11.825457423506625,1.0,power_3_2,80,1-100,201.2647,195.62410615264574,1.1780629325204532,1.1154385782891314,-5.640593847354268,2.8025748416658596
fine-n64,64,0.02263390483074383,11.825457423506625,1.0,power_3_2,81,1-100,202.4935,199.56962777374278,1.201823157488053,1.1303867164861352,-2.923872226257231,1.44393386763389
fine-n64,64,0.02263390483074383,11.825457423506625,1.0,power_3_2,82,1-100,204.1896,200.05874930942338,1.2047686837936564,1.1322329255551145,-4.1308506905766365,2.0230465658273666
fine-n64,64,0.02263390483074383,11.825457423506625,1.0,power_3_2,83,1-100,205.3946,202.1232391392092,1.217201195261023,1.140008912863748,-3.271360860790793,1.5927199939973071
fine-n64,64,0.02263390483074383,11.825457423506625,1.0,power_3_2,84,1-100,207.9062,202.25725672080645,1.2180082591157333,1.1405127782597797,-5.64894327919356,2.717063406090612
fine-n64,64,0.02263390483074383,11.825457423506625,1.0,power_3_2,85,1-100,209.5765,205.1507398403418,1.2354330298969904,1.1513644224656558,-4.425760159658211,2.1117635611140613
fine-n64,64,0.02263390483074383,11.825457423506625,1.0,power_3_2,86,1-100,211.3289,208.11118287129813,1.2532610382503517,1.1624145183985073,-3.217717128701878,1.5226110241911437
fine-n64,64,0.02263390483074383,11.825457423506625,1.0,power_3_2,87,1-100,213.3479,209.27514709894962,1.26027051749268,1.1667447384131084,-4.072752901050393,1.9089725753337121
fine-n64,64,0.02263390483074383,11.825457423506625,1.0,power_3_2,88,1-100,214.547,209.77604193805257,1.2632869435080791,1.1686057128057643,-4.770958061947425,2.2237356206087364
fine-n64,64,0.02263390483074383,11.825457423506625,1.0,power_3_2,89,1-100,216.1695,211.31529177359025,1.2725564206231346,1.1743152415605176,-4.854208226409753,2.245556485262608
fine-n64,64,0.02263390483074383,11.825457423506625,1.0,power_3_2,90,1-100,219.0675,214.93478679379263,1.2943532891257086,1.1876866852298602,-4.13271320620737,1.8865021996450273
fine-n64,64,0.02263390483074383,11.825457423506625,1.0,power_3_2,91,1-100,220.7149,216.59423947577085,1.3043466367317789,1.1937920483355884,-4.120660524229152,1.8669607372357515
fine-n64,64,0.02263390483074383,11.825457423506625,1.0,power_3_2,92,1-100,221.3952,220.42002517069832,1.327385803037,1.207808585087879,-0.9751748293016647,0.4404679185915795
fine-n64,64,0.02263390483074383,11.825457423506625,1.0,power_3_2,93,1-100,224.007,221.7211045166337,1.3352209997305937,1.2125568314304331,-2.2858954833663176,1.020457165787818
fine-n64,64,0.02263390483074383,11.825457423506625,1.0,power_3_2,94,1-100,224.9833,222.06041292309578,1.3372643402176483,1.2137935979540277,-2.9228870769042317,1.2991573494140372
fine-n64,64,0.02263390483074383,11.825457423506625,1.0,power_3_2,95,1-100,227.4214,223.20242055409665,1.3441415952001596,1.2179515539511176,-4.218979445903358,1.85513739951621
fine-n64,64,0.02263390483074383,11.825457423506625,1.0,power_3_2,96,1-100,229.3374,224.05109466758609,1.3492523738999556,1.2210369148427016,-5.286305332413917,2.305034125447449
fine-n64,64,0.02263390483074383,11.825457423506625,1.0,power_3_2,97,1-100,231.2882,228.21119319144506,1.3743047969523943,1.2361050335534407,-3.077006808554927,1.3303777748086272
fine-n64,64,0.02263390483074383,11.825457423506625,1.0,power_3_2,98,1-100,231.9872,229.06220890199788,1.3794296769240506,1.2391761423039336,-2.924991098002124,1.2608415886747735
fine-n64,64,0.02263390483074383,11.825457423506625,1.0,power_3_2,99,1-100,233.6934,229.74746259822342,1.3835563257035526,1.241646292856869,-3.9459374017765754,1.6885104165443163
fine-n64,64,0.02263390483074383,11.825457423506625,1.0,power_3_2,100,1-100,236.5242,230.59944975831257,1.3886870558166462,1.2447140494752702,-5.924750241687434,2.504923488458024
fine-n64,64,0.02263390483074383,11.825457423506625,1.0,power_3_2,101,101-300,237.7698204809252,232.4253116716971,1.3996825322043094,1.251275751594355,-5.344508809228103,2.247765842787798
fine-n64,64,0.02263390483074383,11.825457423506625,1.0,power_3_2,102,101-300,239.55547757332764,236.40413834552666,1.423643322679205,1.2655154851444816,-3.1513392278009746,1.315494540022093
fine-n64,64,0.02263390483074383,11.825457423506625,1.0,power_3_2,103,101-300,241.04915779621658,236.43813939857623,1.423848079552231,1.2656368248922203,-4.6110183976403505,1.9128954607418767
fine-n64,64,0.02263390483074383,11.825457423506625,1.0,power_3_2,104,101-300,242.8232719342226,238.02357646568757,1.4333956996147115,1.2712883430655744,-4.79969546853502,1.9766208692860339
fine-n64,64,0.02263390483074383,11.825457423506625,1.0,power_3_2,105,101-300,244.07089849707816,239.23897681845142,1.4407149310321634,1.2756123189839443,-4.831921678626742,1.979720527264985
fine-n64,64,0.02263390483074383,11.825457423506625,1.0,power_3_2,106,101-300,247.1369900748975,241.53173327477572,1.4545220811202255,1.283749278268685,-5.6052568001217935,2.268076825902533
fine-n64,64,0.02263390483074383,11.825457423506625,1.0,power_3_2,107,101-300,248.10199006014847,245.0386948140474,1.4756412646219108,1.2961458117388813,-3.063295246101063,1.2346919286533795
fine-n64,64,0.02263390483074383,11.825457423506625,1.0,power_3_2,108,101-300,249.5736896447072,247.0551619093482,1.4877845796066569,1.3032469044909294,-2.518527735359015,1.0091319076719938
fine-n64,64,0.02263390483074383,11.825457423506625,1.0,power_3_2,109,101-300,251.014947795016,248.57789371826397,1.4969545839355394,1.3085964857547248,-2.437054076752048,0.9708800603947286
fine-n64,64,0.02263390483074383,11.825457423506625,1.0,power_3_2,110,101-300,253.06998674799948,250.6314078052413,1.5093209986625105,1.3157935187627974,-2.43857894275817,0.9635986369203249
fine-n64,64,0.02263390483074383,11.825457423506625,1.0,power_3_2,111,101-300,255.30625645491403,251.37285839985734,1.5137860693482814,1.3183872758773725,-3.933398055056699,1.5406587013081365
fine-n64,64,0.02263390483074383,11.825457423506625,1.0,power_3_2,112,101-300,256.38071369443446,253.01763774987435,1.5236910530567729,1.3241319911518294,-3.3630759445601086,1.311750753829466
fine-n64,64,0.02263390483074383,11.825457423506625,1.0,power_3_2,113,101-300,258.6104394915314,253.27472136866643,1.5252392297504,1.3250287798129188,-5.335718122864961,2.0632261146749595
fine-n64,64,0.02263390483074383,11.825457423506625,1.0,power_3_2,114,101-300,259.874406989678,254.73665022264174,1.5340430741575233,1.3301226926913838,-5.137756767036251,1.97701529232939
fine-n64,64,0.02263390483074383,11.825457423506625,1.0,power_3_2,115,101-300,260.8050845045969,258.93599820789694,1.5593318603888242,1.3447009189889376,-1.8690862966999475,0.7166602216556877
fine-n64,64,0.02263390483074383,11.825457423506625,1.0,power_3_2,116,101-300,263.57389390487015,259.4726082380328,1.5625633659438118,1.3465580857672081,-4.101285666837327,1.5560287880094739
fine-n64,64,0.02263390483074383,11.825457423506625,1.0,power_3_2,117,101-300,265.55785183887633,261.40484713741967,1.5741994524615213,1.3532348426596448,-4.153004701456666,1.5638794608025546
fine-n64,64,0.02263390483074383,11.825457423506625,1.0,power_3_2,118,101-300,266.6149737815011,263.1695486749428,1.5848266165120277,1.3593183226663528,-3.4454251065582753,1.292284922219674
fine-n64,64,0.02263390483074383,11.825457423506625,1.0,power_3_2,119,101-300,267.92191508282406,264.43459439794486,1.5924448160454199,1.363670966805626,-3.4873206848791938,1.3016183031541637
fine-n64,64,0.02263390483074383,11.825457423506625,1.0,power_3_2,120,101-300,269.9704490239976,265.70902998735625,1.6001195620534543,1.3680489059044745,-4.261419036641371,1.5784761080508387
fine-n64,64,0.02263390483074383,11.825457423506625,1.0,power_3_2,121,101-300,271.494055641645,267.33269127256915,1.6098973712033413,1.3736163793332672,-4.161364369075841,1.5327644501243074
fine-n64,64,0.02263390483074383,11.825457423506625,1.0,power_3_2,122,101-300,273.4596091884033,268.6920004558282,1.6180832323128236,1.3782687361135546,-4.767608732575127,1.7434416536777924
fine-n64,64,0.02263390483074383,11.825457423506625,1.0,power_3_2,123,101-300,275.58749264934386,270.2441891244132,1.6274306280438557,1.3835716569795427,-5.343303524930661,1.9388773683316078
fine-n64,64,0.02263390483074383,11.825457423506625,1.0,power_3_2,124,101-300,276.4520495031329,270.9034960555109,1.6314010234718814,1.3858210494691265,-5.548553447621998,2.007058170700637
fine-n64,64,0.02263390483074383,11.825457423506625,1.0,power_3_2,125,101-300,278.25074352984194,274.2722034630099,1.6516876302982657,1.3972859029792748,-3.9785400668320676,1.4298398690192091
fine-n64,64,0.02263390483074383,11.825457423506625,1.0,power_3_2,126,101-300,279.22925092774517,276.0757067840972,1.6625484615783979,1.4034045350387967,-3.1535441436479914,1.1293745670162683
fine-n64,64,0.02263390483074383,11.825457423506625,1.0,power_3_2,127,101-300,282.4651147650521,279.60128553566074,1.683779759318656,1.4153272107043249,-2.8638292293913423,1.0138700602987414
fine-n64,64,0.02263390483074383,11.825457423506625,1.0,power_3_2,128,101-300,283.2111857332339,279.87580023363364,1.6854329072689485,1.4162534452937228,-3.3353854996002497,1.1777026006105427
fine-n64,64,0.02263390483074383,11.825457423506625,1.0,power_3_2,129,101-300,284.83596398090475,282.616349172943,1.7019366970301109,1.4254837419034263,-2.2196148079617615,0.7792607285049732
fine-n64,64,0.02263390483074383,11.825457423506625,1.0,power_3_2,130,101-300,286.6674453630029,283.6409427736455,1.7081068759800577,1.4289269501925008,-3.026502589357392,1.055753849386342
fine-n64,64,0.02263390483074383,11.825457423506625,1.0,power_3_2,131,101-300,287.9119205014222,285.4904788239869,1.7192449197831425,1.4351319500045465,-2.4214416774352685,0.8410355754697929
fine-n64,64,0.02263390483074383,11.825457423506625,1.0,power_3_2,132,101-300,289.5798549292188,285.5068801138128,1.7193436895716383,1.4351869145688723,-4.072974815405985,1.40651179495947
fine-n64,64,0.02263390483074383,11.825457423506625,1.0,power_3_2,133,101-300,291.8462913290674,287.7358712007426,1.7327668398575315,1.4426470282865498,-4.11042012832479,1.4084195175501273
fine-n64,64,0.02263390483074383,11.825457423506625,1.0,power_3_2,134,101-300,293.5584341393563,290.0041568213711,1.7464266247510483,1.450218905616851,-3.554277317985168,1.2107563280903395
fine-n64,64,0.02263390483074383,11.825457423506625,1.0,power_3_2,135,101-300,294.9653696192655,290.84241592191876,1.7514746834674546,1.453012139834728,-4.122953697346759,1.3977755092635356
fine-n64,64,0.02263390483074383,11.825457423506625,1.0,power_3_2,136,101-300,295.57325487895827,292.6239024575159,1.7622029280260965,1.4589394874911474,-2.94935242144237,0.9978414395612941
fine-n64,64,0.02263390483074383,11.825457423506625,1.0,power_3_2,137,101-300,297.97927706194344,294.42647098780316,1.7730581299264303,1.464924748835887,-3.5528060741402783,1.1922997159972728
fine-n64,64,0.02263390483074383,11.825457423506625,1.0,power_3_2,138,101-300,299.8403260537213,296.46657930540954,1.7853438141121174,1.4716840241456524,-3.37374674831176,1.1251811231379525
fine-n64,64,0.02263390483074383,11.825457423506625,1.0,power_3_2,139,101-300,301.64932546219416,298.06716497615747,1.794982660193593,1.4769762269019353,-3.5821604860366847,1.1875247791613703
fine-n64,64,0.02263390483074383,11.825457423506625,1.0,power_3_2,140,101-300,302.6967495896069,298.9171740789968,1.8001014782986513,1.4797828589658224,-3.779575510610073,1.2486343232077588
fine-n64,64,0.02263390483074383,11.825457423506625,1.0,power_3_2,141,101-300,304.8643713408573,299.85758331798934,1.805764692754401,1.4828848839546314,-5.0067880228679655,1.642300148373214
fine-n64,64,0.02263390483074383,11.825457423506625,1.0,power_3_2,142,101-300,305.7289126020368,302.3109224543088,1.8205388836976406,1.4909622220499925,-3.4179901477280055,1.11798067073138
fine-n64,64,0.02263390483074383,11.825457423506625,1.0,power_3_2,143,101-300,307.2194961281701,303.0163171274133,1.8247868229395117,1.4932806038930564,-4.203179000756791,1.3681355036801603
fine-n64,64,0.02263390483074383,11.825457423506625,1.0,power_3_2,144,101-300,310.1094631467019,304.86718233450625,1.8359328710235168,1.4993552053706993,-5.242280812195645,1.690461412883652
fine-n64,64,0.02263390483074383,11.825457423506625,1.0,power_3_2,145,101-300,311.165141530356,308.9990855415215,1.86081549977863,1.5128720864721295,-2.1660559888345006,0.6961113890140516
fine-n64,64,0.02263390483074383,11.825457423506625,1.0,power_3_2,146,101-300,312.4278011806009,310.34620108463224,1.8689279298792567,1.5172659194113227,-2.0816000959686676,0.6662659622807975
fine-n64,64,0.02263390483074383,11.825457423506625,1.0,power_3_2,147,101-300,313.9852857311589,311.2230396481643,1.8742083169942043,1.52012245312677,-2.7622460829946363,0.8797374299124743
fine-n64,64,0.02263390483074383,11.825457423506625,1.0,power_3_2,148,101-300,315.47561608947575,311.8281219319649,1.8778521675588893,1.5220921045962024,-3.6474941575108346,1.1561889323567645
fine-n64,64,0.02263390483074383,11.825457423506625,1.0,power_3_2,149,101-300,317.7348059423702,314.2421137137757,1.8923894058036552,1.5299374379131714,-3.4926922285944784,1.0992475999711446
fine-n64,64,0.02263390483074383,11.825457423506625,1.0,power_3_2,150,101-300,318.8531042563166,315.97451032468547,1.9028220271808196,1.5355552486465938,-2.878593931631144,0.9027962698826753
fine-n64,64,0.02263390483074383,11.825457423506625,1.0,power_3_2,151,101-300,321.1601343091136,317.4233612702999,1.9115471154500725,1.5402456984977297,-3.7367730388136806,1.163523314265734
fine-n64,64,0.02263390483074383,11.825457423506625,1.0,power_3_2,152,101-300,322.14455867248296,318.96057724640866,1.9208043445122154,1.5452144219666417,-3.183981426074297,0.988370388497351
fine-n64,64,0.02263390483074383,11.825457423506625,1.0,power_3_2,153,101-300,323.4669695575121,320.51544239503636,1.9301678582053434,1.5502320791375825,-2.9515271624757133,0.9124663227634237
fine-n64,64,0.02263390483074383,11.825457423506625,1.0,power_3_2,154,101-300,324.8628660517396,322.78704130407607,1.943847595968364,1.5575481257389459,-2.075824747663546,0.6389849270531701
fine-n64,64,0.02263390483074383,11.825457423506625,1.0,power_3_2,155,101-300,327.44390126190547,325.0125818260431,1.9572499666951386,1.5646992085759037,-2.431319435862349,0.7425148022279585
fine-n64,64,0.02263390483074383,11.825457423506625,1.0,power_3_2,156,101-300,329.03307168048093,326.6859292984326,1.9673269897636076,1.5700652446484955,-2.3471423820483324,0.7133454306160467
fine-n64,64,0.02263390483074383,11.825457423506625,1.0,power_3_2,157,101-300,329.9532397282339,326.97389479637326,1.9690611394327902,1.570987758052918,-2.9793449318606235,0.9029597449367559
fine-n64,64,0.02263390483074383,11.825457423506625,1.0,power_3_2,158,101-300,331.4744675826634,327.146234584498,1.9700989824685033,1.5715397285588995,-4.32823299816539,1.305751549954903
fine-n64,64,0.02263390483074383,11.825457423506625,1.0,power_3_2,159,101-300,333.64537852486984,331.8193213635331,1.9982406589883541,1.586469988839148,-1.8260571613367347,0.5473047969104781
fine-n64,64,0.02263390483074383,11.825457423506625,1.0,power_3_2,160,101-300,334.2113548332444,332.04821795946975,1.99961909133167,1.5871994939629914,-2.163136873774647,0.6472362002344144
fine-n64,64,0.02263390483074383,11.825457423506625,1.0,power_3_2,161,101-300,336.84185042839067,333.93805292307366,2.010999818190893,1.593216104035645,-2.9037975053170157,0.8620655365786667
fine-n64,64,0.02263390483074383,11.825457423506625,1.0,power_3_2,162,101-300,338.3399928508066,335.7350749630757,2.0218216187137625,1.5989267096046627,-2.604917887730892,0.7699113148824676
fine-n64,64,0.02263390483074383,11.825457423506625,1.0,power_3_2,163,101-300,339.85821672536355,336.159753343265,2.0243790635388574,1.6002747695939759,-3.6984633820985664,1.0882371530499915
fine-n64,64,0.02263390483074383,11.825457423506625,1.0,power_3_2,164,101-300,341.04226111104657,337.38303245304206,2.0317457414176587,1.6041546656342096,-3.6592286580045084,1.072954608641018
fine-n64,64,0.02263390483074383,11.825457423506625,1.0,power_3_2,165,101-300,342.0548775103636,337.5622615999458,2.032825072684889,1.6047227357397866,-4.492615910417783,1.3134196311180113
fine-n64,64,0.02263390483074383,11.825457423506625,1.0,power_3_2,166,101-300,344.6617029402523,341.2306091949766,2.0549161350304175,1.6163276467902257,-3.4310937452757457,0.9954960809412966
fine-n64,64,0.02263390483074383,11.825457423506625,1.0,power_3_2,167,101-300,346.34787056600993,343.5667245670773,2.0689843957375906,1.6236963341053163,-2.7811459989326295,0.8029920883843213
fine-n64,64,0.02263390483074383,11.825457423506625,1.0,power_3_2,168,101-300,347.2726775844205,344.4616975412448,2.0743739896235893,1.626514872805663,-2.8109800431756753,0.8094446308671486
fine-n64,64,0.02263390483074383,11.825457423506625,1.0,power_3_2,169,101-300,349.31626087069617,346.17136786897265,2.0846697516313384,1.6318923626935211,-3.144893001723517,0.9002996293057307
fine-n64,64,0.02263390483074383,11.825457423506625,1.0,power_3_2,170,101-300,350.4084193491921,347.99034858488085,2.095623788935457,1.6376039600375492,-2.418070764311267,0.6900721075145142
fine-n64,64,0.02263390483074383,11.825457423506625,1.0,power_3_2,171,101-300,351.87864902535927,351.4845044200642,2.116665855533668,1.648547769528834,-0.39414460529508233,0.11201151487502643
fine-n64,64,0.02263390483074383,11.825457423506625,1.0,power_3_2,172,101-300,353.4889004887188,352.0428824555937,2.120028449637882,1.6502932600601825,-1.4460180331250854,0.4090702794701282
fine-n64,64,0.02263390483074383,11.825457423506625,1.0,power_3_2,173,101-300,356.0175749772649,353.13286035451955,2.1265923776999434,1.653697876045766,-2.8847146227453777,0.8102730947846026
fine-n64,64,0.02263390483074383,11.825457423506625,1.0,power_3_2,174,101-300,357.1513022520396,354.4919218026045,2.1347767469297616,1.657938089181617,-2.6593804494351048,0.7446089185917052
fine-n64,64,0.02263390483074383,11.825457423506625,1.0,power_3_2,175,101-300,357.95268510163226,356.9820211494605,2.1497723105978475,1.6656930609666072,-0.9706639521717761,0.27117102135892035
fine-n64,64,0.02263390483074383,11.825457423506625,1.0,power_3_2,176,101-300,359.74375495311443,357.6298282996183,2.153673453488832,1.6677075821842033,-2.1139266534961507,0.5876201113683432
fine-n64,64,0.02263390483074383,11.825457423506625,1.0,power_3_2,177,101-300,361.28936169580464,359.8740002566337,2.1671880241046786,1.674677021777548,-1.4153614391709652,0.391752868816176
fine-n64,64,0.02263390483074383,11.825457423506625,1.0,power_3_2,178,101-300,363.33133057897385,360.7972513655827,2.1727479110237917,1.677540036918458,-2.5340792133911236,0.6974568390105612
fine-n64,64,0.02263390483074383,11.825457423506625,1.0,power_3_2,179,101-300,364.736024114089,361.2906719280237,2.1757193263886325,1.6790691398413164,-3.4453521860652927,0.9446152719446189
fine-n64,64,0.02263390483074383,11.825457423506625,1.0,power_3_2,180,101-300,366.2127102883313,363.7808893766637,2.1907156012744546,1.6867756930406235,-2.4318209116676144,0.6640460157029945
fine-n64,64,0.02263390483074383,11.825457423506625,1.0,power_3_2,181,101-300,367.9935754817403,363.8084478046057,2.1908815601793945,1.6868608803990093,-4.185127677134631,1.1372828103468602
fine-n64,64,0.02263390483074383,11.825457423506625,1.0,power_3_2,182,101-300,368.96843809573437,367.6910820708393,2.214263072813704,1.698841304503833,-1.2773560248950844,0.3461965558592454
fine-n64,64,0.02263390483074383,11.825457423506625,1.0,power_3_2,183,101-300,370.050919212106,368.45841553044056,2.2188840120395352,1.701204021203833,-1.5925036816654483,0.4303471762902597
fine-n64,64,0.02263390483074383,11.825457423506625,1.0,power_3_2,184,101-300,373.06192837211285,372.30711939403835,2.2420611932628707,1.713030022661682,-0.7548089780744931,0.20232806423538463
fine-n64,64,0.02263390483074383,11.825457423506625,1.0,power_3_2,185,101-300,373.86487391090856,372.76271736786555,2.2448048381829833,1.714427245327043,-1.1021565430430087,0.2948007742780486
fine-n64,64,0.02263390483074383,11.825457423506625,1.0,power_3_2,186,101-300,375.82591276673935,374.3014653425133,2.254071293054393,1.71914205840029,-1.5244474242260253,0.40562594872807267
fine-n64,64,0.02263390483074383,11.825457423506625,1.0,power_3_2,187,101-300,376.32409223066804,374.46999543781067,2.255086193836248,1.7196580514600472,-1.8540967928573764,0.4926861795818554
fine-n64,64,0.02263390483074383,11.825457423506625,1.0,power_3_2,188,101-300,378.4366802499655,375.42862047083156,2.2608591051599007,1.722591628205337,-3.00805977913393,0.7948647517854354
fine-n64,64,0.02263390483074383,11.825457423506625,1.0,power_3_2,189,101-300,379.87297534653237,377.8052301555099,2.275171225632436,1.7298537644605172,-2.0677451910224818,0.5443254259232887
fine-n64,64,0.02263390483074383,11.825457423506625,1.0,power_3_2,190,101-300,381.4844686171865,380.6157827060695,2.2920965823526935,1.7384222654792587,-0.8686859111169838,0.22771199945985116
fine-n64,64,0.02263390483074383,11.825457423506625,1.0,power_3_2,191,101-300,383.44352944953647,381.53967021807665,2.2976603017384067,1.7412343008369344,-1.903859231459819,0.49651619736365343
fine-n64,64,0.02263390483074383,11.825457423506625,1.0,power_3_2,192,101-300,384.95611681486366,382.36985548020266,2.3026597391986976,1.7437591992075652,-2.5862613346610033,0.6718327678645017
fine-n64,64,0.02263390483074383,11.825457423506625,1.0,power_3_2,193,101-300,385.86130084597426,383.49265974918507,2.3094213501053398,1.7471711545617012,-2.36864109678919,0.6138581639558329
fine-n64,64,0.02263390483074383,11.825457423506625,1.0,power_3_2,194,101-300,387.222890222388,384.35895439778767,2.314638240979531,1.7498013583080725,-2.8639358246003326,0.7396091235607303
fine-n64,64,0.02263390483074383,11.825457423506625,1.0,power_3_2,195,101-300,388.84612835423223,388.23133910522836,2.3379580300076546,1.761534447588362,-0.6147892490038771,0.15810604868458777
fine-n64,64,0.02263390483074383,11.825457423506625,1.0,power_3_2,196,101-300,391.45608356363806,389.4565458735733,2.3453363163898757,1.765238614170052,-1.9995376900647557,0.5107948947585319
fine-n64,64,0.02263390483074383,11.825457423506625,1.0,power_3_2,197,101-300,392.2450833395191,391.93321557778023,2.36025100575002,1.7727144885657178,-0.3118677617388812,0.07950839283533734
fine-n64,64,0.02263390483074383,11.825457423506625,1.0,power_3_2,198,101-300,393.427743844434,392.6041879624555,2.3642916514080454,1.7747371177613749,-0.8235558819785069,0.20932836965970317
fine-n64,64,0.02263390483074383,11.825457423506625,1.0,power_3_2,199,101-300,395.5828700109937,395.06393796551464,2.379104449068115,1.7821421396451904,-0.5189320454790618,0.1311816271176353
fine-n64,64,0.02263390483074383,11.825457423506625,1.0,power_3_2,200,101-300,396.3818542225922,396.1802727837872,2.3858271004608973,1.785497767875429,-0.20158143880502166,0.0508553650116944
fine-n64,64,0.02263390483074383,11.825457423506625,1.0,power_3_2,201,101-300,397.9187362096142,397.2499795526687,2.3922689542685363,1.7887102794707725,-0.6687566569455043,0.16806362608500522
fine-n64,64,0.02263390483074383,11.825457423506625,1.0,power_3_2,202,101-300,399.9851198761949,397.81137178672503,2.3956497001007016,1.7903950820644887,-2.173748089469882,0.5434572391449736
fine-n64,64,0.02263390483074383,11.825457423506625,1.0,power_3_2,203,101-300,401.8392286005332,400.4230905274569,2.4113776648139282,1.7982227563337243,-1.4161380730762971,0.35241409307105614
fine-n64,64,0.02263390483074383,11.825457423506625,1.0,power_3_2,204,101-300,402.86191776388614,400.62034740094157,2.41256556039289,1.7988132695357526,-2.2415703629445716,0.5564115802721111
fine-n64,64,0.02263390483074383,11.825457423506625,1.0,power_3_2,205,101-300,404.236441800208,402.6459673373159,2.4247639944680595,1.8048716210613667,-1.5904744628921321,0.3934515294586471
fine-n64,64,0.02263390483074383,11.825457423506625,1.0,power_3_2,206,101-300,405.13438745990993,406.438955598095,2.4476056521828933,1.8161886820444506,1.3045681381850613,0.32200874044890965
fine-n64,64,0.02263390483074383,11.825457423506625,1.0,power_3_2,207,101-300,407.5814603868962,407.68493991221067,2.455109062492747,1.8198986085220175,0.10347952531446936,0.025388673276807425
fine-n64,64,0.02263390483074383,11.825457423506625,1.0,power_3_2,208,101-300,408.9472455023511,408.5232872441741,2.460157652545309,1.8223926663432766,-0.42395825817698096,0.1036706477032729
fine-n64,64,0.02263390483074383,11.825457423506625,1.0,power_3_2,209,101-300,410.51386919336665,410.03030962213427,2.4692330535113243,1.8268717267873285,-0.4835595712323766,0.1177937233113561
fine-n64,64,0.02263390483074383,11.825457423506625,1.0,power_3_2,210,101-300,411.9722678042788,410.051228154832,2.469359026472728,1.8269338606509673,-1.9210396494467545,0.46630314697770114
fine-n64,64,0.02263390483074383,11.825457423506625,1.0,power_3_2,211,101-300,413.26273607018504,413.3337019787447,2.4891263282382012,1.83667067668742,0.07096590855968543,0.017172104418249116
fine-n64,64,0.02263390483074383,11.825457423506625,1.0,power_3_2,212,101-300,415.01880975515513,413.809780045664,2.491993305803767,1.8380807251970712,-1.2090297094911193,0.2913192561571847
fine-n64,64,0.02263390483074383,11.825457423506625,1.0,power_3_2,213,101-300,415.4552149962946,414.5565280329036,2.496490277782337,1.840291355392981,-0.8986869633910146,0.21631380012862034
fine-n64,64,0.02263390483074383,11.825457423506625,1.0,power_3_2,214,101-300,418.3877057895348,416.9939583922405,2.5111686648860934,1.8474977676842737,-1.3937473972943053,0.3331234111346986
fine-n64,64,0.02263390483074383,11.825457423506625,1.0,power_3_2,215,101-300,419.8613648181523,419.21400157799815,2.5245379302449082,1.8540492519699545,-0.6473632401541636,0.1541849987637099
fine-n64,64,0.02263390483074383,11.825457423506625,1.0,power_3_2,216,101-300,420.6438276250418,420.5746420925472,2.532731808730543,1.8580588697058613,-0.06918553249460047,0.016447533031739108
fine-n64,64,0.02263390483074383,11.825457423506625,1.0,power_3_2,217,101-300,422.07671005882673,420.7420194094321,2.5337397673949678,1.8585518084182675,-1.3346906493946449,0.3162199234372877
fine-n64,64,0.02263390483074383,11.825457423506625,1.0,power_3_2,218,101-300,423.7165796274818,424.0132092859575,2.5534391163891237,1.8681726285005171,0.29662965847569467,0.07000662063695551
fine-n64,64,0.02263390483074383,11.825457423506625,1.0,power_3_2,219,101-300,425.06988249446135,425.98203938605315,2.5652955578419134,1.8739511810482217,0.9121568915917919,0.2145898660801209
fine-n64,64,0.02263390483074383,11.825457423506625,1.0,power_3_2,220,101-300,427.2088250840746,426.90124489188076,2.5708310818378126,1.8766460166327192,-0.30758019219382504,0.07199762133502119
fine-n64,64,0.02263390483074383,11.825457423506625,1.0,power_3_2,221,101-300,428.12791407661666,428.16840805515034,2.578462032754149,1.88035779126175,0.04049397853367509,0.009458383161259696
fine-n64,64,0.02263390483074383,11.825457423506625,1.0,power_3_2,222,101-300,430.3287454309386,429.43864466622375,2.586111492201997,1.8840748954576785,-0.8901007647148731,0.20684204208192294
fine-n64,64,0.02263390483074383,11.825457423506625,1.0,power_3_2,223,101-300,431.3013069307036,431.60709764204864,2.5991700774754274,1.890412001261565,0.30579071134502556,0.07089955593252037
fine-n64,64,0.02263390483074383,11.825457423506625,1.0,power_3_2,224,101-300,432.1386417345886,433.6500594051522,2.611472945322353,1.8963726679512418,1.5114176705636169,0.34975295532397704
fine-n64,64,0.02263390483074383,11.825457423506625,1.0,power_3_2,225,101-300,433.88921848092724,434.12708488507496,2.6143456282795667,1.8977631167600433,0.23786640414772364,0.05482192089965003
fine-n64,64,0.02263390483074383,11.825457423506625,1.0,power_3_2,226,101-300,436.16100643264696,437.15088064120664,2.6325551514608856,1.9065651583639518,0.9898742085596837,0.2269515600800372
fine-n64,64,0.02263390483074383,11.825457423506625,1.0,power_3_2,227,101-300,437.5816981676686,437.710923314731,2.6359277701390447,1.9081931698628014,0.12922514706241373,0.029531661768198176
fine-n64,64,0.02263390483074383,11.825457423506625,1.0,power_3_2,228,101-300,438.6217386562722,438.65710265526457,2.64162573257589,1.9109420816948834,0.03536399899235221,0.008062527657815281
fine-n64,64,0.02263390483074383,11.825457423506625,1.0,power_3_2,229,101-300,439.91844221437066,439.7001107856065,2.6479068051943866,1.9139700186960777,-0.21833142876414513,0.04962997860811505
fine-n64,64,0.02263390483074383,11.825457423506625,1.0,power_3_2,230,101-300,441.68319920118904,440.3137331997358,2.65160208505977,1.9157502955650763,-1.3694660014532474,0.31005616784383244
fine-n64,64,0.02263390483074383,11.825457423506625,1.0,power_3_2,231,101-300,442.90454630260945,442.0045967144321,2.6617845910391744,1.920651653177637,-0.8999495881773214,0.20319267338530347
fine-n64,64,0.02263390483074383,11.825457423506625,1.0,power_3_2,232,101-300,444.31933627755916,445.37316807435553,2.6820703785769298,1.930397648262427,1.0538317967963735,0.23717891857356882
fine-n64,64,0.02263390483074383,11.825457423506625,1.0,power_3_2,233,101-300,446.8606226964295,446.6958470747006,2.6900356499975886,1.934217717175261,-0.16477562172889293,0.036874052749291286
fine-n64,64,0.02263390483074383,11.825457423506625,1.0,power_3_2,234,101-300,447.4417041944933,449.5683643301632,2.707334162784379,1.9425009609917927,2.1266601356699084,0.4752932316620837
fine-n64,64,0.02263390483074383,11.825457423506625,1.0,power_3_2,235,101-300,449.1485456850233,451.09206762777706,2.716510017490534,1.9468875770584346,1.9435219427537618,0.43271250935246386
fine-n64,64,0.02263390483074383,11.825457423506625,1.0,power_3_2,236,101-300,450.1269457803135,452.55159202736115,2.7252993820942883,1.9510847982959436,2.424646247047633,0.538658320675384
fine-n64,64,0.02263390483074383,11.825457423506625,1.0,power_3_2,237,101-300,451.4033084453888,453.5850356826727,2.731522856732025,1.9540539913543054,2.1817272372838943,0.48332105601920766
fine-n64,64,0.02263390483074383,11.825457423506625,1.0,power_3_2,238,101-300,453.9867378066779,455.3768400950467,2.7423132363128393,1.9591966968828167,1.3901022883687801,0.3061988760034506
fine-n64,64,0.02263390483074383,11.825457423506625,1.0,power_3_2,239,101-300,454.9746837686168,455.6450445268706,2.743928383370548,1.9599658966947713,0.6703607582538211,0.14734023280177533
fine-n64,64,0.02263390483074383,11.825457423506625,1.0,power_3_2,240,101-300,456.32842668924604,457.18793926280324,2.753219810347165,1.9643879309357468,0.8595125735571969,0.18835394055836768
fine-n64,64,0.02263390483074383,11.825457423506625,1.0,power_3_2,241,101-300,457.903893064103,459.0735887514399,2.7645753319645037,1.9697855733104663,1.1696956873369118,0.25544567431165377
fine-n64,64,0.02263390483074383,11.825457423506625,1.0,power_3_2,242,101-300,459.513415281106,460.7163635794195,2.7744682442920383,1.9744819696602487,1.2029482983135154,0.26178741649525405
fine-n64,64,0.02263390483074383,11.825457423506625,1.0,power_3_2,243,101-300,460.08794442217584,460.92187408219166,2.7757058438410964,1.9750690939056796,0.8339296600158264,0.18125440366909812
fine-n64,64,0.02263390483074383,11.825457423506625,1.0,power_3_2,244,101-300,462.06536727488253,462.7413079992609,2.786662610356351,1.9802632462934122,0.6759407243783926,0.14628681832721638
fine-n64,64,0.02263390483074383,11.825457423506625,1.0,power_3_2,245,101-300,464.05728691054827,463.4644827427561,2.7910176225059367,1.9823258870385807,-0.5928041677921669,0.12774374727283097
fine-n64,64,0.02263390483074383,11.825457423506625,1.0,power_3_2,246,101-300,465.6715392113711,466.2172303291628,2.8075948734281746,1.9901674878432336,0.545691117791705,0.11718369533939083
fine-n64,64,0.02263390483074383,11.825457423506625,1.0,power_3_2,247,101-300,466.5702869308262,467.99626353837965,2.818308343872691,1.995227112260563,1.425976607553423,0.30562953696295675
fine-n64,64,0.02263390483074383,11.825457423506625,1.0,power_3_2,248,101-300,467.43904621026167,470.6120967009636,2.8340610859406508,2.0026549938478397,3.1730504907019395,0.6788158833600413
fine-n64,64,0.02263390483074383,11.825457423506625,1.0,power_3_2,249,101-300,469.53600455911203,472.18648419371095,2.843542164643611,2.0071189669315004,2.6504796345989234,0.5644891145435562
fine-n64,64,0.02263390483074383,11.825457423506625,1.0,power_3_2,250,101-300,470.77365547810166,472.8629856971436,2.847616107066466,2.009035575483286,2.0893302190419263,0.4438078033317463
fine-n64,64,0.02263390483074383,11.825457423506625,1.0,power_3_2,251,101-300,472.7991746619088,474.6549103638618,2.8584072108278944,2.0141078981859333,1.8557357019529945,0.392499776100498
fine-n64,64,0.02263390483074383,11.825457423506625,1.0,power_3_2,252,101-300,473.8352323451397,476.04267711633776,2.86676444553802,2.0180318039590586,2.207444771198084,0.46586758867060984
fine-n64,64,0.02263390483074383,11.825457423506625,1.0,power_3_2,253,101-300,475.6003393693758,476.89455874220505,2.8718945401161715,2.0204386076252496,1.294219372829275,0.27212330725948397
fine-n64,64,0.02263390483074383,11.825457423506625,1.0,power_3_2,254,101-300,476.7690152374845,477.8560186462065,2.877684523243941,2.0231532797710856,1.087003408722012,0.22799371896694298
fine-n64,64,0.02263390483074383,11.825457423506625,1.0,power_3_2,255,101-300,478.07526376667096,479.2913253441935,2.88632804704554,2.027202468360437,1.2160615775225665,0.254366136398991
fine-n64,64,0.02263390483074383,11.825457423506625,1.0,power_3_2,256,101-300,478.9421815346348,482.06490584167545,2.903030755309395,2.03501567086816,3.1227243070406416,0.6520044438422096
fine-n64,64,0.02263390483074383,11.825457423506625,1.0,power_3_2,257,101-300,481.8303393762866,482.7461501867177,2.907133259477553,2.036932448160581,0.9158108104311395,0.1900691458359858
fine-n64,64,0.02263390483074383,11.825457423506625,1.0,power_3_2,258,101-300,482.8347827909824,485.00288779149696,2.9207235013598134,2.043275668702282,2.168105000514572,0.4490366224202074
fine-n64,64,0.02263390483074383,11.825457423506625,1.0,power_3_2,259,101-300,483.8514272124825,487.2351553306505,2.934166382684947,2.049540437240393,3.383728118167994,0.6993320527464386
fine-n64,64,0.02263390483074383,11.825457423506625,1.0,power_3_2,260,101-300,485.539148129356,488.4744667563741,2.9416296083640705,2.053014383770012,2.9353186270180913,0.6045482920022077
fine-n64,64,0.02263390483074383,11.825457423506625,1.0,power_3_2,261,101-300,486.52871826165125,489.3684258916234,2.947013096836619,2.0555184404351166,2.8397076299721675,0.583667011501055
fine-n64,64,0.02263390483074383,11.825457423506625,1.0,power_3_2,262,101-300,488.38056709001745,491.42074822051285,2.959372334707652,2.0612614116992143,3.040181130495398,0.6225024776497786
fine-n64,64,0.02263390483074383,11.825457423506625,1.0,power_3_2,263,101-300,489.66176157795616,491.932020011283,2.96245125149861,2.0626908482355573,2.2702584333268305,0.4636380888740066
fine-n64,64,0.02263390483074383,11.825457423506625,1.0,power_3_2,264,101-300,491.398821593663,492.95497885050804,2.968611585793224,2.0655493966087612,1.5561572568450401,0.31667907786148997
fine-n64,64,0.02263390483074383,11.825457423506625,1.0,power_3_2,265,101-300,493.3144415817853,495.1549365170937,2.9818598946601096,2.071690252194025,1.8404949353084135,0.37308758474756365
fine-n64,64,0.02263390483074383,11.825457423506625,1.0,power_3_2,266,101-300,493.9579978053695,498.72746543810456,3.0033739298164726,2.08164309905636,4.769467632735086,0.9655613744337759
fine-n64,64,0.02263390483074383,11.825457423506625,1.0,power_3_2,267,101-300,495.3588288221313,499.56952367958934,3.0084448672424693,2.083985556555362,4.210694857458066,0.8500292338526183
fine-n64,64,0.02263390483074383,11.825457423506625,1.0,power_3_2,268,101-300,496.4296962157591,499.7039455876886,3.0092543659814788,2.0843593727315612,3.2742493719295,0.6595595301588163
fine-n64,64,0.02263390483074383,11.825457423506625,1.0,power_3_2,269,101-300,498.58078242968656,500.18966280268336,3.012179391214442,2.0857098327353913,1.6088803729967935,0.3226920149542044
fine-n64,64,0.02263390483074383,11.825457423506625,1.0,power_3_2,270,101-300,500.3090849416905,503.9933620695663,3.0350855514055257,2.0962703493104495,3.6842771278757596,0.736400205146215
fine-n64,64,0.02263390483074383,11.825457423506625,1.0,power_3_2,271,101-300,501.6044469651455,504.27641019718385,3.036790088304498,2.097055134610762,2.6719632320383653,0.5326833221285276
fine-n64,64,0.02263390483074383,11.825457423506625,1.0,power_3_2,272,101-300,502.27627032711825,507.6448916814203,3.0570753346041735,2.10638341864864,5.368621354302036,1.0688582502226525
fine-n64,64,0.02263390483074383,11.825457423506625,1.0,power_3_2,273,101-300,504.49977331342774,508.51879921611675,3.0623380708452426,2.108800142917321,4.019025902689009,0.7966358193370547
fine-n64,64,0.02263390483074383,11.825457423506625,1.0,power_3_2,274,101-300,505.41523174224443,508.9887991487162,3.0651684454333856,2.110099319155646,3.5735674064717955,0.7070557399216395
fine-n64,64,0.02263390483074383,11.825457423506625,1.0,power_3_2,275,101-300,506.46415270952355,509.9854461181847,3.071170327689264,2.1128529336067143,3.5212934086611654,0.6952700185832819
fine-n64,64,0.02263390483074383,11.825457423506625,1.0,power_3_2,276,101-300,508.8007003364678,510.38103545410746,3.0735525961239487,2.11394540147533,1.5803351176396632,0.3106000279863204
fine-n64,64,0.02263390483074383,11.825457423506625,1.0,power_3_2,277,101-300,510.26422794367284,513.3073331020761,3.0911749784386506,2.1220179808664095,3.0431051584032502,0.5963783059350916
fine-n64,64,0.02263390483074383,11.825457423506625,1.0,power_3_2,278,101-300,511.5622897003746,515.3546403172556,3.10350401492152,2.1276566299723316,3.7923506168810377,0.7413272426906687
fine-n64,64,0.02263390483074383,11.825457423506625,1.0,power_3_2,279,101-300,512.6231445314074,516.0475955622188,3.1076770430009413,2.1295634600685065,3.424451030811383,0.6680250525835503
fine-n64,64,0.02263390483074383,11.825457423506625,1.0,power_3_2,280,101-300,513.6689855554737,518.1758664418996,3.120493648699619,2.1354145718766318,4.506880886425961,0.8773901117569498
fine-n64,64,0.02263390483074383,11.825457423506625,1.0,power_3_2,281,101-300,515.4350571672994,519.6934385274138,3.129632580790008,2.1395818388958667,4.258381360114413,0.8261722404986186
fine-n64,64,0.02263390483074383,11.825457423506625,1.0,power_3_2,282,101-300,517.5896685724674,520.9594188064391,3.1372564082893537,2.1430551299762355,3.369750233971672,0.6510466569523258
fine-n64,64,0.02263390483074383,11.825457423506625,1.0,power_3_2,283,101-300,518.2342231475501,522.8750230358992,3.148792319586224,2.148305358108529,4.640799888349079,0.8955023966118433
fine-n64,64,0.02263390483074383,11.825457423506625,1.0,power_3_2,284,101-300,520.1063104117233,523.1865682865894,3.1506684682821025,2.149158624956953,3.0802578748661062,0.5922362050227254
fine-n64,64,0.02263390483074383,11.825457423506625,1.0,power_3_2,285,101-300,521.525193449492,524.5965977324701,3.1591597705894894,2.1530183282597997,3.071404282978051,0.5889273081254331
fine-n64,64,0.02263390483074383,11.825457423506625,1.0,power_3_2,286,101-300,522.4566961777302,527.5196892189851,3.176762845161202,2.161008771946952,5.062993041254913,0.969074198549955
fine-n64,64,0.02263390483074383,11.825457423506625,1.0,power_3_2,287,101-300,523.9605308920159,527.6260363597952,3.1774032755612778,2.1612991995053994,3.665505467779326,0.6995766382515476
fine-n64,64,0.02263390483074383,11.825457423506625,1.0,power_3_2,288,101-300,525.0773856872796,529.230689403961,3.187066615668313,2.165679043751698,4.153303716681421,0.7909888770481166
fine-n64,64,0.02263390483074383,11.825457423506625,1.0,power_3_2,289,101-300,527.9036416012724,532.2538990630904,3.205272609329846,2.1739187826454978,4.350257461818046,0.8240627870310869
fine-n64,64,0.02263390483074383,11.825457423506625,1.0,power_3_2,290,101-300,528.4062138522927,533.3972076193908,3.2121576985813727,2.17703079489115,4.990993767098075,0.9445372965453479
fine-n64,64,0.02263390483074383,11.825457423506625,1.0,power_3_2,291,101-300,529.8062263187069,533.9591955820918,3.2155420319357906,2.178559674737163,4.152969263384875,0.7838656960000772
fine-n64,64,0.02263390483074383,11.825457423506625,1.0,power_3_2,292,101-300,530.866917883961,535.106383494964,3.222450482961432,2.181678918418017,4.23946561100297,0.7985929181463233
fine-n64,64,0.02263390483074383,11.825457423506625,1.0,power_3_2,293,101-300,532.6881830282937,537.9915932621651,3.239825430998936,2.1895140685203955,5.303410233871432,0.9955937456171694
fine-n64,64,0.02263390483074383,11.825457423506625,1.0,power_3_2,294,101-300,533.7796307537687,539.9261149215166,3.2514752644671163,2.1947596622468795,6.146484167747872,1.1515021955911295
fine-n64,64,0.02263390483074383,11.825457423506625,1.0,power_3_2,295,101-300,535.6643140758732,540.6993228584336,3.256131580232729,2.1968545177772,5.03500878256034,0.9399559855404451
fine-n64,64,0.02263390483074383,11.825457423506625,1.0,power_3_2,296,101-300,537.0697590831223,543.7024781628389,3.27421680507696,2.2049815275453564,6.632719079716594,1.2349827871596932
fine-n64,64,0.02263390483074383,11.825457423506625,1.0,power_3_2,297,101-300,538.4285261762479,544.8376926451685,3.2810531512123866,2.2080496966400824,6.409166468920603,1.1903467512088395
fine-n64,64,0.02263390483074383,11.825457423506625,1.0,power_3_2,298,101-300,540.2131663762282,545.1851925518547,3.2831458215236915,2.208988466152254,4.9720261756265245,0.9203822648342834
fine-n64,64,0.02263390483074383,11.825457423506625,1.0,power_3_2,299,101-300,540.6313902472951,546.175000177304,3.2891065167406603,2.2116613347297824,5.54360993000887,1.0253954968232823
fine-n64,64,0.02263390483074383,11.825457423506625,1.0,power_3_2,300,101-300,541.8474371212013,549.1950884876253,3.30729371340727,2.2198067972127893,7.347651366423975,1.3560369327317572
fine-n64,64,0.02263390483074383,11.825457423506625,1.0,power_3_2,301,301-320,544.3238901010053,549.2853160152931,3.3078370702968125,2.22004991931346,4.961425914287815,0.9114841373887095
fine-n64,64,0.02263390483074383,11.825457423506625,1.0,power_3_2,302,301-320,545.6368332489349,550.648452359949,3.3160459788571788,2.223721332992082,5.01161911101417,0.9184898829452242
fine-n64,64,0.02263390483074383,11.825457423506625,1.0,power_3_2,303,301-320,547.0109120581222,552.3510713856589,3.326299277399167,2.2283028426215976,5.3401593275366395,0.976243656172114
fine-n64,64,0.02263390483074383,11.825457423506625,1.0,power_3_2,304,301-320,547.9316133644893,553.6647958109787,3.334210623702308,2.231834674488385,5.7331824464894225,1.0463317513814732
fine-n64,64,0.02263390483074383,11.825457423506625,1.0,power_3_2,305,301-320,549.4975675626614,555.2103380421365,3.343517994092291,2.2359861537936774,5.712770479475125,1.0396352625935283
fine-n64,64,0.02263390483074383,11.825457423506625,1.0,power_3_2,306,301-320,550.9700100394839,556.3033097350785,3.350099951004822,2.238919658789188,5.333299695594633,0.967983664884489
fine-n64,64,0.02263390483074383,11.825457423506625,1.0,power_3_2,307,301-320,552.0495722005649,558.845409471055,3.3654086648879007,2.2457351627738715,6.795837270490097,1.2310193889655083
fine-n64,64,0.02263390483074383,11.825457423506625,1.0,power_3_2,308,301-320,553.7649721191589,559.6321052757958,3.3701462055977935,2.2478422406356953,5.867133156636896,1.0594987859532599
fine-n64,64,0.02263390483074383,11.825457423506625,1.0,power_3_2,309,301-320,555.7920205616825,561.2061116763716,3.3796249893353227,2.2520550816248335,5.414091114689086,0.9741217783619156
fine-n64,64,0.02263390483074383,11.825457423506625,1.0,power_3_2,310,301-320,556.8994764068553,562.8537494141689,3.3895471864678495,2.2564607804602606,5.954273007313532,1.0691827267877523
fine-n64,64,0.02263390483074383,11.825457423506625,1.0,power_3_2,311,301-320,557.5646591720586,562.8784108231013,3.3896956993086143,2.2565266911232547,5.313751651042708,0.9530287767759936
fine-n64,64,0.02263390483074383,11.825457423506625,1.0,power_3_2,312,301-320,559.3162370286822,565.2299880858247,3.4038570726723387,2.262807158073953,5.913751057142576,1.0573179653354698
fine-n64,64,0.02263390483074383,11.825457423506625,1.0,power_3_2,313,301-320,560.2408074972957,568.0331617366003,3.420737993108698,2.270282357154465,7.792354239304586,1.3908937255239482
fine-n64,64,0.02263390483074383,11.825457423506625,1.0,power_3_2,314,301-320,562.5592076160458,568.0371802306803,3.4207621927792466,2.2702930643995933,5.477972614634496,0.9737593022161118
fine-n64,64,0.02263390483074383,11.825457423506625,1.0,power_3_2,315,301-320,564.1608791107861,570.2857023322215,3.4343029602893194,2.276280280736972,6.124823221435349,1.0856518855205126
fine-n64,64,0.02263390483074383,11.825457423506625,1.0,power_3_2,316,301-320,564.5060559381499,571.6747376192311,3.442667834208855,2.279974980276916,7.168681681081239,1.2699034147946635
fine-n64,64,0.02263390483074383,11.825457423506625,1.0,power_3_2,317,301-320,566.698787682808,573.1425599610119,3.451507169638345,2.2838759954462984,6.443772278203937,1.137071830443131
fine-n64,64,0.02263390483074383,11.825457423506625,1.0,power_3_2,318,301-320,567.7317579011769,573.3931521348102,3.453016254366896,2.284541658515068,5.661394233633246,0.9971952695693138
fine-n64,64,0.02263390483074383,11.825457423506625,1.0,power_3_2,319,301-320,568.9239551796294,577.1328418626373,3.47553694434793,2.294464131371933,8.208886683007904,1.4428794232115025
fine-n64,64,0.02263390483074383,11.825457423506625,1.0,power_3_2,320,301-320,570.0511147824636,579.369511233797,3.489006333833146,2.3003884156577707,9.318396451333342,1.6346598067594906
fine-n64,64,0.02263390483074383,11.825457423506625,1.0,raw_J,1,1-100,14.1347,14.1347,0.19350334521498241,0.19350334521498241,0.0,0.0
fine-n64,64,0.02263390483074383,11.825457423506625,1.0,raw_J,2,1-100,21.022,19.573505242753704,0.2679603204918278,0.2679603204918278,-1.4484947572462943,6.890375593408307
fine-n64,64,0.02263390483074383,11.825457423506625,1.0,raw_J,3,1-100,25.0108,20.602743624583052,0.28205054312885824,0.28205054312885824,-4.4080563754169475,17.6246116694266
fine-n64,64,0.02263390483074383,11.825457423506625,1.0,raw_J,4,1-100,30.4248,24.686579781760564,0.3379580585146639,0.3379580585146639,-5.738220218239437,18.860338336618273
fine-n64,64,0.02263390483074383,11.825457423506625,1.0,raw_J,5,1-100,32.935,25.722568949864343,0.3521406990825265,0.3521406990825265,-7.21243105013566,21.898986033507388
fine-n64,64,0.02263390483074383,11.825457423506625,1.0,raw_J,6,1-100,37.5861,26.97926755584418,0.369344840959192,0.369344840959192,-10.60683244415582,28.220093183798852
fine-n64,64,0.02263390483074383,11.825457423506625,1.0,raw_J,7,1-100,40.9187,29.5449319850433,0.4044686603362653,0.4044686603362653,-11.373768014956703,27.7960150614675
fine-n64,64,0.02263390483074383,11.825457423506625,1.0,raw_J,8,1-100,43.327,30.672918966382994,0.4199107464256892,0.4199107464256892,-12.654081033617004,29.2059940305514
fine-n64,64,0.02263390483074383,11.825457423506625,1.0,raw_J,9,1-100,48.0051,32.15426651108533,0.44019032118326473,0.44019032118326473,-15.850833488914667,33.01906149328856
fine-n64,64,0.02263390483074383,11.825457423506625,1.0,raw_J,10,1-100,49.7738,33.37233273344541,0.45686558763533325,0.45686558763533325,-16.40146726655459,32.95200942374219
fine-n64,64,0.02263390483074383,11.825457423506625,1.0,raw_J,11,1-100,52.9703,34.22636321212138,0.46855722272764877,0.46855722272764877,-18.743936787878624,35.38574783959808
fine-n64,64,0.02263390483074383,11.825457423506625,1.0,raw_J,12,1-100,56.4462,35.486628087504194,0.4858101866563857,0.4858101866563857,-20.959571912495804,37.131944953771566
fine-n64,64,0.02263390483074383,11.825457423506625,1.0,raw_J,13,1-100,59.347,37.199945298680106,0.5092654146963825,0.5092654146963825,-22.147054701319895,37.31790099132204
fine-n64,64,0.02263390483074383,11.825457423506625,1.0,raw_J,14,1-100,60.8317,38.70277474439208,0.5298390756182871,0.5298390756182871,-22.128925255607918,36.37729219405001
fine-n64,64,0.02263390483074383,11.825457423506625,1.0,raw_J,15,1-100,65.1125,38.907304729437215,0.5326390810165625,0.5326390810165625,-26.205195270562783,40.24602844394361
fine-n64,64,0.02263390483074383,11.825457423506625,1.0,raw_J,16,1-100,67.0798,39.8468633411174,0.545501592027455,0.545501592027455,-27.232936658882608,40.59782029594991
fine-n64,64,0.02263390483074383,11.825457423506625,1.0,raw_J,17,1-100,69.5464,40.21884113511391,0.550593949663911,0.550593949663911,-29.327558864886093,42.16977279181394
fine-n64,64,0.02263390483074383,11.825457423506625,1.0,raw_J,18,1-100,72.0671,42.10952002743158,0.5764772503629584,0.5764772503629584,-29.957579972568418,41.569009954012884
fine-n64,64,0.02263390483074383,11.825457423506625,1.0,raw_J,19,1-100,75.7046,43.287280784647216,0.5926007369869516,0.5926007369869516,-32.417319215352784,42.8208050968538
fine-n64,64,0.02263390483074383,11.825457423506625,1.0,raw_J,20,1-100,77.1448,44.11796371089865,0.6039727452391694,0.6039727452391694,-33.026836289101354,42.81148734470936
fine-n64,64,0.02263390483074383,11.825457423506625,1.0,raw_J,21,1-100,79.3373,44.78477211966774,0.6131013194370157,0.6131013194370157,-34.552527880332256,43.55142900039736
fine-n64,64,0.02263390483074383,11.825457423506625,1.0,raw_J,22,1-100,82.9103,45.71525548218425,0.6258395907348735,0.6258395907348735,-37.19504451781576,44.861789811176365
fine-n64,64,0.02263390483074383,11.825457423506625,1.0,raw_J,23,1-100,84.7354,46.471707021845404,0.636195374969237,0.636195374969237,-38.263692978154594,45.15667947298838
fine-n64,64,0.02263390483074383,11.825457423506625,1.0,raw_J,24,1-100,87.4252,46.91962595046558,0.6423273629897195,0.6423273629897195,-40.505574049534424,46.331691605549
fine-n64,64,0.02263390483074383,11.825457423506625,1.0,raw_J,25,1-100,88.8091,47.81797116708826,0.6546256646568485,0.6546256646568485,-40.99112883291174,46.15645112146362
fine-n64,64,0.02263390483074383,11.825457423506625,1.0,raw_J,26,1-100,92.4918,49.24059219093024,0.6741012762429865,0.6741012762429865,-43.251207809069754,46.76220790283004
fine-n64,64,0.02263390483074383,11.825457423506625,1.0,raw_J,27,1-100,94.6513,49.413838423611686,0.6764730086157821,0.6764730086157821,-45.23746157638832,47.793809040539664
fine-n64,64,0.02263390483074383,11.825457423506625,1.0,raw_J,28,1-100,95.8706,51.23097096770504,0.7013494634383871,0.7013494634383871,-44.639629032294955,46.56237577765754
fine-n64,64,0.02263390483074383,11.825457423506625,1.0,raw_J,29,1-100,98.8311,51.407966512898945,0.7037725237143865,0.7037725237143865,-47.42313348710106,47.98401868146875
fine-n64,64,0.02263390483074383,11.825457423506625,1.0,raw_J,30,1-100,101.3178,52.39412602541786,0.7172729987572235,0.7172729987572235,-48.923673974582144,48.28734336373484
fine-n64,64,0.02263390483074383,11.825457423506625,1.0,raw_J,31,1-100,103.7255,52.763374391851045,0.7223279906650807,0.7223279906650807,-50.96212560814895,49.131723258165984
fine-n64,64,0.02263390483074383,11.825457423506625,1.0,raw_J,32,1-100,105.4466,53.33635368224602,0.7301720488644293,0.7301720488644293,-52.11024631775398,49.41861218640903
fine-n64,64,0.02263390483074383,11.825457423506625,1.0,raw_J,33,1-100,107.1686,54.11603592596295,0.7408458602904907,0.7408458602904907,-53.05256407403705,49.5038323483157
fine-n64,64,0.02263390483074383,11.825457423506625,1.0,raw_J,34,1-100,111.0295,54.168904857835976,0.7415696333578621,0.7415696333578621,-56.86059514216402,51.21215095282247
fine-n64,64,0.02263390483074383,11.825457423506625,1.0,raw_J,35,1-100,111.8746,55.9911060342819,0.7665154775071514,0.7665154775071514,-55.8834939657181,49.951905048794
fine-n64,64,0.02263390483074383,11.825457423506625,1.0,raw_J,36,1-100,114.3202,56.531172996929264,0.7739089675644121,0.7739089675644121,-57.789027003070736,50.55014512139651
fine-n64,64,0.02263390483074383,11.825457423506625,1.0,raw_J,37,1-100,116.2266,57.09494779114934,0.781627016665523,0.781627016665523,-59.13165220885067,50.87617826629245
fine-n64,64,0.02263390483074383,11.825457423506625,1.0,raw_J,38,1-100,118.7907,58.36762082427921,0.799049847661266,0.799049847661266,-60.423079175720794,50.865159625897306
fine-n64,64,0.02263390483074383,11.825457423506625,1.0,raw_J,39,1-100,121.3701,58.63577858535243,0.8027209141722658,0.8027209141722658,-62.73432141464756,51.68844832017734
fine-n64,64,0.02263390483074383,11.825457423506625,1.0,raw_J,40,1-100,122.9468,59.05157803416114,0.8084131880997655,0.8084131880997655,-63.89522196583886,51.969812931966395
fine-n64,64,0.02263390483074383,11.825457423506625,1.0,raw_J,41,1-100,124.2568,59.9346292819193,0.8205021160881535,0.8205021160881535,-64.3221707180807,51.76551361219724
fine-n64,64,0.02263390483074383,11.825457423506625,1.0,raw_J,42,1-100,127.5166,60.41734931575149,0.827110529520969,0.827110529520969,-67.09925068424852,52.620012362506934
fine-n64,64,0.02263390483074383,11.825457423506625,1.0,raw_J,43,1-100,129.5787,60.79128491689082,0.8322296894405595,0.8322296894405595,-68.78741508310918,53.08543385842672
fine-n64,64,0.02263390483074383,11.825457423506625,1.0,raw_J,44,1-100,131.0876,61.43044242036312,0.8409797241099298,0.8409797241099298,-69.65715757963689,53.13786931764475
fine-n64,64,0.02263390483074383,11.825457423506625,1.0,raw_J,45,1-100,133.4977,61.939219867447804,0.8479448622438006,0.8479448622438006,-71.5584801325522,53.602781270802566
fine-n64,64,0.02263390483074383,11.825457423506625,1.0,raw_J,46,1-100,134.7565,63.14994835876667,0.8645196755201553,0.8645196755201553,-71.60655164123332,53.13773483374333
fine-n64,64,0.02263390483074383,11.825457423506625,1.0,raw_J,47,1-100,138.116,63.45524858634441,0.868699220563997,0.868699220563997,-74.6607514136556,54.05655493473283
fine-n64,64,0.02263390483074383,11.825457423506625,1.0,raw_J,48,1-100,139.7362,64.51241144373401,0.8831717278929049,0.8831717278929049,-75.22378855626599,53.83271375367728
fine-n64,64,0.02263390483074383,11.825457423506625,1.0,raw_J,49,1-100,141.1237,65.2366916196294,0.8930870877455126,0.8930870877455126,-75.88700838037062,53.773397650692694
fine-n64,64,0.02263390483074383,11.825457423506625,1.0,raw_J,50,1-100,143.1118,66.03966468392919,0.9040797493555598,0.9040797493555598,-77.0721353160708,53.854493700778555
fine-n64,64,0.02263390483074383,11.825457423506625,1.0,raw_J,51,1-100,146.0009,66.25954515969265,0.9070899022139645,0.9070899022139645,-79.74135484030735,54.61702964865788
fine-n64,64,0.02263390483074383,11.825457423506625,1.0,raw_J,52,1-100,147.4427,66.410218709937,0.9091526156785374,0.9091526156785374,-81.032481290063,54.95862547963582
fine-n64,64,0.02263390483074383,11.825457423506625,1.0,raw_J,53,1-100,150.0515,67.26952528823382,0.9209164803141983,0.9209164803141983,-82.78197471176618,55.16904177016969
fine-n64,64,0.02263390483074383,11.825457423506625,1.0,raw_J,54,1-100,150.9252,67.73979532228459,0.9273544538646229,0.9273544538646229,-83.1854046777154,55.11697495031672
fine-n64,64,0.02263390483074383,11.825457423506625,1.0,raw_J,55,1-100,153.0246,68.12331881308728,0.9326048715203812,0.9326048715203812,-84.90128118691271,55.48211280206758
fine-n64,64,0.02263390483074383,11.825457423506625,1.0,raw_J,56,1-100,156.1129,68.41933223695655,0.9366572806799137,0.9366572806799137,-87.69356776304345,56.17317195634919
fine-n64,64,0.02263390483074383,11.825457423506625,1.0,raw_J,57,1-100,157.5975,69.77495557702717,0.9552156972826839,0.9552156972826839,-87.82254442297283,55.72584871141536
fine-n64,64,0.02263390483074383,11.825457423506625,1.0,raw_J,58,1-100,158.8499,70.22887167357614,0.9614297862360504,0.9614297862360504,-88.62102832642385,55.789162175376795
fine-n64,64,0.02263390483074383,11.825457423506625,1.0,raw_J,59,1-100,161.1889,70.46657650120534,0.9646839535915658,0.9646839535915658,-90.72232349879465,56.283232591570915
fine-n64,64,0.02263390483074383,11.825457423506625,1.0,raw_J,60,1-100,163.0306,71.10902733051842,0.9734790737291151,0.9734790737291151,-91.92157266948158,56.383018077269895
fine-n64,64,0.02263390483074383,11.825457423506625,1.0,raw_J,61,1-100,165.5373,72.16522765816386,0.9879384040733427,0.9879384040733427,-93.37207234183613,56.405458070076136
fine-n64,64,0.02263390483074383,11.825457423506625,1.0,raw_J,62,1-100,167.1844,72.55033586799678,0.9932105164543924,0.9932105164543924,-94.63406413200323,56.60460194372395
fine-n64,64,0.02263390483074383,11.825457423506625,1.0,raw_J,63,1-100,169.0945,73.49104285967204,1.0060887487307255,1.0060887487307255,-95.60345714032798,56.53847827121992
fine-n64,64,0.02263390483074383,11.825457423506625,1.0,raw_J,64,1-100,169.9119,73.7470990825189,1.0095941457808209,1.0095941457808209,-96.1648009174811,56.5968604420768
fine-n64,64,0.02263390483074383,11.825457423506625,1.0,raw_J,65,1-100,173.4115,73.89743890087573,1.0116522904723289,1.0116522904723289,-99.51406109912426,57.38607941176004
fine-n64,64,0.02263390483074383,11.825457423506625,1.0,raw_J,66,1-100,174.7541,74.82598643045299,1.0243640603128141,1.0243640603128141,-99.92811356954701,57.182128241653274
fine-n64,64,0.02263390483074383,11.825457423506625,1.0,raw_J,67,1-100,176.4414,75.13801311905672,1.0286356902760376,1.0286356902760376,-101.30338688094326,57.414748965346725
fine-n64,64,0.02263390483074383,11.825457423506625,1.0,raw_J,68,1-100,178.3774,75.49208689759861,1.033482942824784,1.033482942824784,-102.88531310240138,57.678446430097864
fine-n64,64,0.02263390483074383,11.825457423506625,1.0,raw_J,69,1-100,179.9164,75.6252616305056,1.0353060983438693,1.0353060983438693,-104.2911383694944,57.96644350903775
fine-n64,64,0.02263390483074383,11.825457423506625,1.0,raw_J,70,1-100,182.207,76.05993250690376,1.0412567211834465,1.0412567211834465,-106.14706749309623,58.25630601079884
fine-n64,64,0.02263390483074383,11.825457423506625,1.0,raw_J,71,1-100,184.8744,77.56376740762714,1.0618441467348212,1.0618441467348212,-107.31063259237287,58.04515530131423
fine-n64,64,0.02263390483074383,11.825457423506625,1.0,raw_J,72,1-100,185.9589,77.58280648336581,1.062104790741785,1.062104790741785,-108.37609351663419,58.27959485490299
fine-n64,64,0.02263390483074383,11.825457423506625,1.0,raw_J,73,1-100,187.2289,77.96520642190606,1.067339827022537,1.067339827022537,-109.26369357809395,58.358348298843794
fine-n64,64,0.02263390483074383,11.825457423506625,1.0,raw_J,74,1-100,189.4161,78.77831869270203,1.0784712938689764,1.0784712938689764,-110.63778130729797,58.409914103023965
fine-n64,64,0.02263390483074383,11.825457423506625,1.0,raw_J,75,1-100,192.0266,79.63989237344845,1.0902661950252528,1.0902661950252528,-112.38670762655155,58.52663517791366
fine-n64,64,0.02263390483074383,11.825457423506625,1.0,raw_J,76,1-100,193.0797,80.18241422940152,1.0976932924506781,1.0976932924506781,-112.89728577059849,58.47185683973949
fine-n64,64,0.02263390483074383,11.825457423506625,1.0,raw_J,77,1-100,195.2658,80.80525358906075,1.106219932536822,1.106219932536822,-114.46054641093926,58.61781551656217
fine-n64,64,0.02263390483074383,11.825457423506625,1.0,raw_J,78,1-100,196.8764,80.83269406270169,1.106595591266318,1.106595591266318,-116.0437059372983,58.94241561573571
fine-n64,64,0.02263390483074383,11.825457423506625,1.0,raw_J,79,1-100,198.0153,81.37950587031905,1.114081417918246,1.114081417918246,-116.63579412968095,58.902415181898036
fine-n64,64,0.02263390483074383,11.825457423506625,1.0,raw_J,80,1-100,201.2647,81.47864139003339,1.1154385782891314,1.1154385782891314,-119.78605860996662,59.516675606783814
fine-n64,64,0.02263390483074383,11.825457423506625,1.0,raw_J,81,1-100,202.4935,82.57054731413227,1.1303867164861352,1.1303867164861352,-119.92295268586774,59.22311219168405
fine-n64,64,0.02263390483074383,11.825457423506625,1.0,raw_J,82,1-100,204.1896,82.70540602315515,1.1322329255551145,1.1322329255551145,-121.48419397684486,59.49577940151941
fine-n64,64,0.02263390483074383,11.825457423506625,1.0,raw_J,83,1-100,205.3946,83.2734129880437,1.140008912863748,1.140008912863748,-122.1211870119563,59.45686352608895
fine-n64,64,0.02263390483074383,11.825457423506625,1.0,raw_J,84,1-100,207.9062,83.31021848205403,1.1405127782597797,1.1405127782597797,-124.59598151794599,59.928939838228
fine-n64,64,0.02263390483074383,11.825457423506625,1.0,raw_J,85,1-100,209.5765,84.10289074922535,1.1513644224656558,1.1513644224656558,-125.47360925077466,59.870075724508546
fine-n64,64,0.02263390483074383,11.825457423506625,1.0,raw_J,86,1-100,211.3289,84.91005917728818,1.1624145183985073,1.1624145183985073,-126.41884082271183,59.82089568568796
fine-n64,64,0.02263390483074383,11.825457423506625,1.0,raw_J,87,1-100,213.3479,85.2263656513307,1.1667447384131084,1.1667447384131084,-128.12153434866931,60.05286874099502
fine-n64,64,0.02263390483074383,11.825457423506625,1.0,raw_J,88,1-100,214.547,85.36230291235658,1.1686057128057643,1.1686057128057643,-129.18469708764343,60.21277253359098
fine-n64,64,0.02263390483074383,11.825457423506625,1.0,raw_J,89,1-100,216.1695,85.77936276214963,1.1743152415605176,1.1743152415605176,-130.39013723785035,60.31847103215318
fine-n64,64,0.02263390483074383,11.825457423506625,1.0,raw_J,90,1-100,219.0675,86.75609701252178,1.1876866852298602,1.1876866852298602,-132.31140298747823,60.39755006446791
fine-n64,64,0.02263390483074383,11.825457423506625,1.0,raw_J,91,1-100,220.7149,87.20207109009992,1.1937920483355884,1.1937920483355884,-133.51282890990007,60.49108098723742
fine-n64,64,0.02263390483074383,11.825457423506625,1.0,raw_J,92,1-100,221.3952,88.22592699198363,1.207808585087879,1.207808585087879,-133.16927300801638,60.15002719481559
fine-n64,64,0.02263390483074383,11.825457423506625,1.0,raw_J,93,1-100,224.007,88.57276873522862,1.2125568314304331,1.2125568314304331,-135.43423126477137,60.45982101665187
fine-n64,64,0.02263390483074383,11.825457423506625,1.0,raw_J,94,1-100,224.9833,88.66310993197449,1.2137935979540277,1.2137935979540277,-136.3201900680255,60.59124835844505
fine-n64,64,0.02263390483074383,11.825457423506625,1.0,raw_J,95,1-100,227.4214,88.96683315994645,1.2179515539511176,1.2179515539511176,-138.45456684005356,60.88018402843952
fine-n64,64,0.02263390483074383,11.825457423506625,1.0,raw_J,96,1-100,229.3374,89.1922073029403,1.2210369148427016,1.2210369148427016,-140.1451926970597,61.10873878271042
fine-n64,64,0.02263390483074383,11.825457423506625,1.0,raw_J,97,1-100,231.2882,90.29287735752804,1.2361050335534407,1.2361050335534407,-140.99532264247193,60.96088025349842
fine-n64,64,0.02263390483074383,11.825457423506625,1.0,raw_J,98,1-100,231.9872,90.51721043459895,1.2391761423039336,1.2391761423039336,-141.46998956540105,60.98180829175103
fine-n64,64,0.02263390483074383,11.825457423506625,1.0,raw_J,99,1-100,233.6934,90.69764574946024,1.241646292856869,1.241646292856869,-142.99575425053976,61.18947058433818
fine-n64,64,0.02263390483074383,11.825457423506625,1.0,raw_J,100,1-100,236.5242,90.92173396574373,1.2447140494752702,1.2447140494752702,-145.60246603425628,61.55922566665748
fine-n64,64,0.02263390483074383,11.825457423506625,1.0,raw_J,101,101-300,237.7698204809252,91.40104191176184,1.251275751594355,1.251275751594355,-146.36877856916337,61.559023038798834
fine-n64,64,0.02263390483074383,11.825457423506625,1.0,raw_J,102,101-300,239.55547757332764,92.44120150997117,1.2655154851444816,1.2655154851444816,-147.11427606335647,61.41135972076655
fine-n64,64,0.02263390483074383,11.825457423506625,1.0,raw_J,103,101-300,241.04915779621658,92.45006492745088,1.2656368248922203,1.2656368248922203,-148.5990928687657,61.64680027398878
fine-n64,64,0.02263390483074383,11.825457423506625,1.0,raw_J,104,101-300,242.8232719342226,92.86288731993282,1.2712883430655744,1.2712883430655744,-149.96038461428975,61.75700682219286
fine-n64,64,0.02263390483074383,11.825457423506625,1.0,raw_J,105,101-300,244.07089849707816,93.17873768595871,1.2756123189839443,1.2756123189839443,-150.89216081111945,61.823085726431174
fine-n64,64,0.02263390483074383,11.825457423506625,1.0,raw_J,106,101-300,247.1369900748975,93.77311231175261,1.283749278268685,1.283749278268685,-153.3638777631449,62.05622141657804
fine-n64,64,0.02263390483074383,11.825457423506625,1.0,raw_J,107,101-300,248.10199006014847,94.67863299640287,1.2961458117388813,1.2961458117388813,-153.42335706374558,61.8388256484966
fine-n64,64,0.02263390483074383,11.825457423506625,1.0,raw_J,108,101-300,249.5736896447072,95.19734142292054,1.3032469044909294,1.3032469044909294,-154.37634822178666,61.85601873400863
fine-n64,64,0.02263390483074383,11.825457423506625,1.0,raw_J,109,101-300,251.014947795016,95.58810844663977,1.3085964857547248,1.3085964857547248,-155.42683934837623,61.91935608364686
fine-n64,64,0.02263390483074383,11.825457423506625,1.0,raw_J,110,101-300,253.06998674799948,96.11382495219259,1.3157935187627974,1.3157935187627974,-156.9561617958069,62.020851944051266
fine-n64,64,0.02263390483074383,11.825457423506625,1.0,raw_J,111,101-300,255.30625645491403,96.30328926686194,1.3183872758773725,1.3183872758773725,-159.00296718805208,62.279306976611956
fine-n64,64,0.02263390483074383,11.825457423506625,1.0,raw_J,112,101-300,256.38071369443446,96.72291936110994,1.3241319911518294,1.3241319911518294,-159.65779433332452,62.273714755163496
fine-n64,64,0.02263390483074383,11.825457423506625,1.0,raw_J,113,101-300,258.6104394915314,96.78842643890138,1.3250287798129188,1.3250287798129188,-161.82201305263,62.573658422605604
fine-n64,64,0.02263390483074383,11.825457423506625,1.0,raw_J,114,101-300,259.874406989678,97.16051783754487,1.3301226926913838,1.3301226926913838,-162.7138891521331,62.61251003397036
fine-n64,64,0.02263390483074383,11.825457423506625,1.0,raw_J,115,101-300,260.8050845045969,98.22540307257326,1.3447009189889376,1.3447009189889376,-162.57968143202362,62.337619583163466
fine-n64,64,0.02263390483074383,11.825457423506625,1.0,raw_J,116,101-300,263.57389390487015,98.3610622015235,1.3465580857672081,1.3465580857672081,-165.21283170334664,62.68178887358842
fine-n64,64,0.02263390483074383,11.825457423506625,1.0,raw_J,117,101-300,265.55785183887633,98.84877447100739,1.3532348426596448,1.3532348426596448,-166.70907736786893,62.776933995164796
fine-n64,64,0.02263390483074383,11.825457423506625,1.0,raw_J,118,101-300,266.6149737815011,99.29315006955468,1.3593183226663528,1.3593183226663528,-167.3218237119464,62.75784939561257
fine-n64,64,0.02263390483074383,11.825457423506625,1.0,raw_J,119,101-300,267.92191508282406,99.61109454254058,1.363670966805626,1.363670966805626,-168.3108205402835,62.82084856263166
fine-n64,64,0.02263390483074383,11.825457423506625,1.0,raw_J,120,101-300,269.9704490239976,99.93088671828691,1.3680489059044745,1.3680489059044745,-170.03956230571072,62.984509201077756
fine-n64,64,0.02263390483074383,11.825457423506625,1.0,raw_J,121,101-300,271.494055641645,100.33756995462336,1.3736163793332672,1.3736163793332672,-171.15648568702164,63.04244315129219
fine-n64,64,0.02263390483074383,11.825457423506625,1.0,raw_J,122,101-300,273.4596091884033,100.67740732182376,1.3782687361135546,1.3782687361135546,-172.78220186657956,63.1838107204853
fine-n64,64,0.02263390483074383,11.825457423506625,1.0,raw_J,123,101-300,275.58749264934386,101.06476597694781,1.3835716569795427,1.3835716569795427,-174.52272667239606,63.32752077920238
fine-n64,64,0.02263390483074383,11.825457423506625,1.0,raw_J,124,101-300,276.4520495031329,101.22907573597134,1.3858210494691265,1.3858210494691265,-175.2229737671616,63.38277255751576
fine-n64,64,0.02263390483074383,11.825457423506625,1.0,raw_J,125,101-300,278.25074352984194,102.0665406631531,1.3972859029792748,1.3972859029792748,-176.18420286668885,63.318502093344236
fine-n64,64,0.02263390483074383,11.825457423506625,1.0,raw_J,126,101-300,279.22925092774517,102.51348398847722,1.4034045350387967,1.4034045350387967,-176.71576693926795,63.28698241753901
fine-n64,64,0.02263390483074383,11.825457423506625,1.0,raw_J,127,101-300,282.4651147650521,103.38439112211003,1.4153272107043249,1.4153272107043249,-179.08072364294205,63.39923561601482
fine-n64,64,0.02263390483074383,11.825457423506625,1.0,raw_J,128,101-300,283.2111857332339,103.45204911549624,1.4162534452937228,1.4162534452937228,-179.75913661773765,63.47176441931174
fine-n64,64,0.02263390483074383,11.825457423506625,1.0,raw_J,129,101-300,284.83596398090475,104.1262879682883,1.4254837419034263,1.4254837419034263,-180.70967601261646,63.443419674606524
fine-n64,64,0.02263390483074383,11.825457423506625,1.0,raw_J,130,101-300,286.6674453630029,104.37780153333551,1.4289269501925008,1.4289269501925008,-182.2896438296674,63.58923790555869
fine-n64,64,0.02263390483074383,11.825457423506625,1.0,raw_J,131,101-300,287.9119205014222,104.83105370190076,1.4351319500045465,1.4351319500045465,-183.0808667995214,63.58919300064793
fine-n64,64,0.02263390483074383,11.825457423506625,1.0,raw_J,132,101-300,289.5798549292188,104.83506865898852,1.4351869145688723,1.4351869145688723,-184.7447862702303,63.79752704668871
fine-n64,64,0.02263390483074383,11.825457423506625,1.0,raw_J,133,101-300,291.8462913290674,105.38000223234926,1.4426470282865498,1.4426470282865498,-186.46628909671816,63.89195087850905
fine-n64,64,0.02263390483074383,11.825457423506625,1.0,raw_J,134,101-300,293.5584341393563,105.93309972211979,1.450218905616851,1.450218905616851,-187.6253344172365,63.91413517629276
fine-n64,64,0.02263390483074383,11.825457423506625,1.0,raw_J,135,101-300,294.9653696192655,106.13713509760936,1.453012139834728,1.453012139834728,-188.82823452165616,64.01708606179474
fine-n64,64,0.02263390483074383,11.825457423506625,1.0,raw_J,136,101-300,295.57325487895827,106.57010580840564,1.4589394874911474,1.4589394874911474,-189.00314907055264,63.944604577958955
fine-n64,64,0.02263390483074383,11.825457423506625,1.0,raw_J,137,101-300,297.97927706194344,107.00730689883383,1.464924748835887,1.464924748835887,-190.9719701631096,64.0890104996834
fine-n64,64,0.02263390483074383,11.825457423506625,1.0,raw_J,138,101-300,299.8403260537213,107.50104683193315,1.4716840241456524,1.4716840241456524,-192.33927922178816,64.1472352145613
fine-n64,64,0.02263390483074383,11.825457423506625,1.0,raw_J,139,101-300,301.64932546219416,107.8876225689889,1.4769762269019353,1.4769762269019353,-193.76170289320527,64.23409122374765
fine-n64,64,0.02263390483074383,11.825457423506625,1.0,raw_J,140,101-300,302.6967495896069,108.09263660732168,1.4797828589658224,1.4797828589658224,-194.60411298228522,64.29012311699
fine-n64,64,0.02263390483074383,11.825457423506625,1.0,raw_J,141,101-300,304.8643713408573,108.31922800066737,1.4828848839546314,1.4828848839546314,-196.54514334018995,64.46969925535848
fine-n64,64,0.02263390483074383,11.825457423506625,1.0,raw_J,142,101-300,305.7289126020368,108.90924752022481,1.4909622220499925,1.4909622220499925,-196.819665081812,64.37718415530084
fine-n64,64,0.02263390483074383,11.825457423506625,1.0,raw_J,143,101-300,307.2194961281701,109.07859669504526,1.4932806038930564,1.4932806038930564,-198.14089943312482,64.49489759935733
fine-n64,64,0.02263390483074383,11.825457423506625,1.0,raw_J,144,101-300,310.1094631467019,109.52232375005121,1.4993552053706993,1.4993552053706993,-200.58713939665068,64.68268893224969
fine-n64,64,0.02263390483074383,11.825457423506625,1.0,raw_J,145,101-300,311.165141530356,110.5096816641592,1.5128720864721295,1.5128720864721295,-200.6554598661968,64.48519872095689
fine-n64,64,0.02263390483074383,11.825457423506625,1.0,raw_J,146,101-300,312.4278011806009,110.83063482585578,1.5172659194113227,1.5172659194113227,-201.59716635474513,64.52600107703302
fine-n64,64,0.02263390483074383,11.825457423506625,1.0,raw_J,147,101-300,313.9852857311589,111.03929399432067,1.52012245312677,1.52012245312677,-202.94599173683824,64.63551031197208
fine-n64,64,0.02263390483074383,11.825457423506625,1.0,raw_J,148,101-300,315.47561608947575,111.18316971178724,1.5220921045962024,1.5220921045962024,-204.29244637768852,64.75696883011926
fine-n64,64,0.02263390483074383,11.825457423506625,1.0,raw_J,149,101-300,317.7348059423702,111.75624214478398,1.5299374379131714,1.5299374379131714,-205.97856379758622,64.82719549300683
fine-n64,64,0.02263390483074383,11.825457423506625,1.0,raw_J,150,101-300,318.8531042563166,112.16660233408969,1.5355552486465938,1.5355552486465938,-206.6865019222269,64.82185657382772
fine-n64,64,0.02263390483074383,11.825457423506625,1.0,raw_J,151,101-300,321.1601343091136,112.5092222585008,1.5402456984977297,1.5402456984977297,-208.65091205061276,64.96787420377282
fine-n64,64,0.02263390483074383,11.825457423506625,1.0,raw_J,152,101-300,322.14455867248296,112.87216903618054,1.5452144219666417,1.5452144219666417,-209.27238963630242,64.96226119686376
fine-n64,64,0.02263390483074383,11.825457423506625,1.0,raw_J,153,101-300,323.4669695575121,113.23869023887758,1.5502320791375825,1.5502320791375825,-210.2282793186345,64.99219367164972
fine-n64,64,0.02263390483074383,11.825457423506625,1.0,raw_J,154,101-300,324.8628660517396,113.77310024497541,1.5575481257389459,1.5575481257389459,-211.0897658067642,64.97811472645961
fine-n64,64,0.02263390483074383,11.825457423506625,1.0,raw_J,155,101-300,327.44390126190547,114.29546026135266,1.5646992085759037,1.5646992085759037,-213.1484410005528,65.0946437478664
fine-n64,64,0.02263390483074383,11.825457423506625,1.0,raw_J,156,101-300,329.03307168048093,114.68742924768206,1.5700652446484955,1.5700652446484955,-214.34564243279885,65.14410279126795
fine-n64,64,0.02263390483074383,11.825457423506625,1.0,raw_J,157,101-300,329.9532397282339,114.75481542233966,1.570987758052918,1.570987758052918,-215.1984243058942,65.2208853845904
fine-n64,64,0.02263390483074383,11.825457423506625,1.0,raw_J,158,101-300,331.4744675826634,114.7951348157963,1.5715397285588995,1.5715397285588995,-216.6793327668671,65.36833269453292
fine-n64,64,0.02263390483074383,11.825457423506625,1.0,raw_J,159,101-300,333.64537852486984,115.88573482453914,1.586469988839148,1.586469988839148,-217.75964370033068,65.2667945418878
fine-n64,64,0.02263390483074383,11.825457423506625,1.0,raw_J,160,101-300,334.2113548332444,115.93902246182795,1.5871994939629914,1.5871994939629914,-218.27233237141644,65.30966982864001
fine-n64,64,0.02263390483074383,11.825457423506625,1.0,raw_J,161,101-300,336.84185042839067,116.37851346028823,1.593216104035645,1.593216104035645,-220.46333696810245,65.45010267807291
fine-n64,64,0.02263390483074383,11.825457423506625,1.0,raw_J,162,101-300,338.3399928508066,116.79565196736013,1.5989267096046627,1.5989267096046627,-221.54434088344647,65.47979711672394
fine-n64,64,0.02263390483074383,11.825457423506625,1.0,raw_J,163,101-300,339.85821672536355,116.89412273803221,1.6002747695939759,1.6002747695939759,-222.96409398733135,65.60503263262477
fine-n64,64,0.02263390483074383,11.825457423506625,1.0,raw_J,164,101-300,341.04226111104657,117.17753471987139,1.6041546656342096,1.6041546656342096,-223.86472639117517,65.64134475940584
fine-n64,64,0.02263390483074383,11.825457423506625,1.0,raw_J,165,101-300,342.0548775103636,117.21903012922661,1.6047227357397866,1.6047227357397866,-224.835847381137,65.73092862104411
fine-n64,64,0.02263390483074383,11.825457423506625,1.0,raw_J,166,101-300,344.6617029402523,118.06672573904876,1.6163276467902257,1.6163276467902257,-226.59497720120356,65.74417037580882
fine-n64,64,0.02263390483074383,11.825457423506625,1.0,raw_J,167,101-300,346.34787056600993,118.6049809535873,1.6236963341053163,1.6236963341053163,-227.74288961242263,65.75553337176284
fine-n64,64,0.02263390483074383,11.825457423506625,1.0,raw_J,168,101-300,347.2726775844205,118.81086472744934,1.626514872805663,1.626514872805663,-228.46181285697114,65.78744243460761
fine-n64,64,0.02263390483074383,11.825457423506625,1.0,raw_J,169,101-300,349.31626087069617,119.20367037240322,1.6318923626935211,1.6318923626935211,-230.11259049829295,65.87514418158507
fine-n64,64,0.02263390483074383,11.825457423506625,1.0,raw_J,170,101-300,350.4084193491921,119.62088132495259,1.6376039600375492,1.6376039600375492,-230.78753802423952,65.86244087766997
fine-n64,64,0.02263390483074383,11.825457423506625,1.0,raw_J,171,101-300,351.87864902535927,120.42028592358942,1.648547769528834,1.648547769528834,-231.45836310176986,65.77789352746125
fine-n64,64,0.02263390483074383,11.825457423506625,1.0,raw_J,172,101-300,353.4889004887188,120.54778751786957,1.6502932600601825,1.6502932600601825,-232.94111297084925,65.89771634945106
fine-n64,64,0.02263390483074383,11.825457423506625,1.0,raw_J,173,101-300,356.0175749772649,120.79648205861749,1.653697876045766,1.653697876045766,-235.22109291864746,66.070078965531
fine-n64,64,0.02263390483074383,11.825457423506625,1.0,raw_J,174,101-300,357.1513022520396,121.10621386477683,1.657938089181617,1.657938089181617,-236.04508838726278,66.0910619389782
fine-n64,64,0.02263390483074383,11.825457423506625,1.0,raw_J,175,101-300,357.95268510163226,121.67268572379055,1.6656930609666072,1.6656930609666072,-236.2799993778417,66.00872383755288
fine-n64,64,0.02263390483074383,11.825457423506625,1.0,raw_J,176,101-300,359.74375495311443,121.81983900955272,1.6677075821842033,1.6677075821842033,-237.92391594356172,66.13705246240355
fine-n64,64,0.02263390483074383,11.825457423506625,1.0,raw_J,177,101-300,361.28936169580464,122.32893066226086,1.674677021777548,1.674677021777548,-238.96043103354378,66.14100949773929
fine-n64,64,0.02263390483074383,11.825457423506625,1.0,raw_J,178,101-300,363.33133057897385,122.53806327476046,1.677540036918458,1.677540036918458,-240.79326730421337,66.27374163425591
fine-n64,64,0.02263390483074383,11.825457423506625,1.0,raw_J,179,101-300,364.736024114089,122.64975855868288,1.6790691398413164,1.6790691398413164,-242.0862655554061,66.37300665417185
fine-n64,64,0.02263390483074383,11.825457423506625,1.0,raw_J,180,101-300,366.2127102883313,123.21269362001333,1.6867756930406235,1.6867756930406235,-243.00001666831798,66.3548833346052
fine-n64,64,0.02263390483074383,11.825457423506625,1.0,raw_J,181,101-300,367.9935754817403,123.21891623985093,1.6868608803990093,1.6868608803990093,-244.7746592418894,66.5160142867861
fine-n64,64,0.02263390483074383,11.825457423506625,1.0,raw_J,182,101-300,368.96843809573437,124.09404168228872,1.698841304503833,1.698841304503833,-244.87439641344565,66.36730167958413
fine-n64,64,0.02263390483074383,11.825457423506625,1.0,raw_J,183,101-300,370.050919212106,124.2666293535891,1.701204021203833,1.701204021203833,-245.7842898585169,66.41904589288106
fine-n64,64,0.02263390483074383,11.825457423506625,1.0,raw_J,184,101-300,373.06192837211285,125.13047479574695,1.713030022661682,1.713030022661682,-247.9314535763659,66.45852463644191
fine-n64,64,0.02263390483074383,11.825457423506625,1.0,raw_J,185,101-300,373.86487391090856,125.23253671713718,1.714427245327043,1.714427245327043,-248.63233719377138,66.50326215268356
fine-n64,64,0.02263390483074383,11.825457423506625,1.0,raw_J,186,101-300,375.82591276673935,125.5769362843508,1.71914205840029,1.71914205840029,-250.24897648238857,66.58640822292327
fine-n64,64,0.02263390483074383,11.825457423506625,1.0,raw_J,187,101-300,376.32409223066804,125.61462765911047,1.7196580514600472,1.7196580514600472,-250.7094645715576,66.6206256116829
fine-n64,64,0.02263390483074383,11.825457423506625,1.0,raw_J,188,101-300,378.4366802499655,125.82891453449022,1.722591628205337,1.722591628205337,-252.60776571547527,66.75033866923852
fine-n64,64,0.02263390483074383,11.825457423506625,1.0,raw_J,189,101-300,379.87297534653237,126.35938659021646,1.7298537644605172,1.7298537644605172,-253.51358875631593,66.7364106449143
fine-n64,64,0.02263390483074383,11.825457423506625,1.0,raw_J,190,101-300,381.4844686171865,126.98528373537974,1.7384222654792587,1.7384222654792587,-254.49918488180677,66.71285617585458
fine-n64,64,0.02263390483074383,11.825457423506625,1.0,raw_J,191,101-300,383.44352944953647,127.19069246423649,1.7412343008369344,1.7412343008369344,-256.25283698529995,66.82935486045916
fine-n64,64,0.02263390483074383,11.825457423506625,1.0,raw_J,192,101-300,384.95611681486366,127.37512690364996,1.7437591992075652,1.7437591992075652,-257.5809899112137,66.91177998220813
fine-n64,64,0.02263390483074383,11.825457423506625,1.0,raw_J,193,101-300,385.86130084597426,127.62435755798582,1.7471711545617012,1.7471711545617012,-258.2369432879884,66.9248102159563
fine-n64,64,0.02263390483074383,11.825457423506625,1.0,raw_J,194,101-300,387.222890222388,127.8164841636139,1.7498013583080725,1.7498013583080725,-259.4064060587741,66.9914957532064
fine-n64,64,0.02263390483074383,11.825457423506625,1.0,raw_J,195,101-300,388.84612835423223,128.6735427166113,1.761534447588362,1.761534447588362,-260.17258563762095,66.90887903109277
fine-n64,64,0.02263390483074383,11.825457423506625,1.0,raw_J,196,101-300,391.45608356363806,128.94411831479562,1.765238614170052,1.765238614170052,-262.51196524884244,67.06038717269456
fine-n64,64,0.02263390483074383,11.825457423506625,1.0,raw_J,197,101-300,392.2450833395191,129.4902031470915,1.7727144885657178,1.7727144885657178,-262.7548801924276,66.98742478946319
fine-n64,64,0.02263390483074383,11.825457423506625,1.0,raw_J,198,101-300,393.427743844434,129.63794869050884,1.7747371177613749,1.7747371177613749,-263.7897951539252,67.04910857995587
fine-n64,64,0.02263390483074383,11.825457423506625,1.0,raw_J,199,101-300,395.5828700109937,130.17885801021532,1.7821421396451904,1.7821421396451904,-265.4040120007784,67.09188696502518
fine-n64,64,0.02263390483074383,11.825457423506625,1.0,raw_J,200,101-300,396.3818542225922,130.42397417755217,1.785497767875429,1.785497767875429,-265.95788004504004,67.09638123234792
fine-n64,64,0.02263390483074383,11.825457423506625,1.0,raw_J,201,101-300,397.9187362096142,130.65863620676026,1.7887102794707725,1.7887102794707725,-267.26010000285396,67.16449256666004
fine-n64,64,0.02263390483074383,11.825457423506625,1.0,raw_J,202,101-300,399.9851198761949,130.7817047728098,1.7903950820644887,1.7903950820644887,-269.2034151033851,67.30335748157584
fine-n64,64,0.02263390483074383,11.825457423506625,1.0,raw_J,203,101-300,401.8392286005332,131.35348727801892,1.7982227563337243,1.7982227563337243,-270.4857413225143,67.31193026238937
fine-n64,64,0.02263390483074383,11.825457423506625,1.0,raw_J,204,101-300,402.86191776388614,131.39662207213544,1.7988132695357526,1.7988132695357526,-271.4652956917507,67.3842037982985
fine-n64,64,0.02263390483074383,11.825457423506625,1.0,raw_J,205,101-300,404.236441800208,131.83916212855647,1.8048716210613667,1.8048716210613667,-272.3972796716515,67.38563165126082
fine-n64,64,0.02263390483074383,11.825457423506625,1.0,raw_J,206,101-300,405.13438745990993,132.66583136106962,1.8161886820444506,1.8161886820444506,-272.4685560988403,67.25387045201202
fine-n64,64,0.02263390483074383,11.825457423506625,1.0,raw_J,207,101-300,407.5814603868962,132.93682769823477,1.8198986085220175,1.8198986085220175,-274.64463268866143,67.38398562779459
fine-n64,64,0.02263390483074383,11.825457423506625,1.0,raw_J,208,101-300,408.9472455023511,133.11900935016945,1.8223926663432766,1.8223926663432766,-275.82823615218166,67.4483663078239
fine-n64,64,0.02263390483074383,11.825457423506625,1.0,raw_J,209,101-300,410.51386919336665,133.44618806425422,1.8268717267873285,1.8268717267873285,-277.06768112911243,67.4928916953604
fine-n64,64,0.02263390483074383,11.825457423506625,1.0,raw_J,210,101-300,411.9722678042788,133.4507267120042,1.8269338606509673,1.8269338606509673,-278.52154109227456,67.60686649534273
fine-n64,64,0.02263390483074383,11.825457423506625,1.0,raw_J,211,101-300,413.26273607018504,134.1619649258839,1.83667067668742,1.83667067668742,-279.1007711443011,67.53591523841168
fine-n64,64,0.02263390483074383,11.825457423506625,1.0,raw_J,212,101-300,415.01880975515513,134.2649637275182,1.8380807251970712,1.8380807251970712,-280.75384602763694,67.64846301623551
fine-n64,64,0.02263390483074383,11.825457423506625,1.0,raw_J,213,101-300,415.4552149962946,134.4264420450915,1.840291355392981,1.840291355392981,-281.0287729512031,67.64357813000603
fine-n64,64,0.02263390483074383,11.825457423506625,1.0,raw_J,214,101-300,418.3877057895348,134.95284367241516,1.8474977676842737,1.8474977676842737,-283.4348621171196,67.74454846426542
fine-n64,64,0.02263390483074383,11.825457423506625,1.0,raw_J,215,101-300,419.8613648181523,135.4314052436889,1.8540492519699545,1.8540492519699545,-284.4299595744634,67.74378006836945
fine-n64,64,0.02263390483074383,11.825457423506625,1.0,raw_J,216,101-300,420.6438276250418,135.7242929131437,1.8580588697058613,1.8580588697058613,-284.9195347118981,67.73415321949592
fine-n64,64,0.02263390483074383,11.825457423506625,1.0,raw_J,217,101-300,422.07671005882673,135.76030025353623,1.8585518084182675,1.8585518084182675,-286.3164098052905,67.83515957688954
fine-n64,64,0.02263390483074383,11.825457423506625,1.0,raw_J,218,101-300,423.7165796274818,136.4630653941879,1.8681726285005171,1.8681726285005171,-287.2535142332939,67.79378670663256
fine-n64,64,0.02263390483074383,11.825457423506625,1.0,raw_J,219,101-300,425.06988249446135,136.8851671754532,1.8739511810482217,1.8739511810482217,-288.18471531900815,67.79702048704031
fine-n64,64,0.02263390483074383,11.825457423506625,1.0,raw_J,220,101-300,427.2088250840746,137.08201489658111,1.8766460166327192,1.8766460166327192,-290.12681018749345,67.91217623615256
fine-n64,64,0.02263390483074383,11.825457423506625,1.0,raw_J,221,101-300,428.12791407661666,137.35314623434002,1.88035779126175,1.88035779126175,-290.7747678422767,67.91773165957134
fine-n64,64,0.02263390483074383,11.825457423506625,1.0,raw_J,222,101-300,430.3287454309386,137.6246668771476,1.8840748954576785,1.8840748954576785,-292.704078553791,68.01871398590212
fine-n64,64,0.02263390483074383,11.825457423506625,1.0,raw_J,223,101-300,431.3013069307036,138.08756889729966,1.890412001261565,1.890412001261565,-293.21373803340396,67.98350325437666
fine-n64,64,0.02263390483074383,11.825457423506625,1.0,raw_J,224,101-300,432.1386417345886,138.52297343960856,1.8963726679512418,1.8963726679512418,-293.61566829498,67.94478436744689
fine-n64,64,0.02263390483074383,11.825457423506625,1.0,raw_J,225,101-300,433.88921848092724,138.6245405559596,1.8977631167600433,1.8977631167600433,-295.2646779249676,68.05070634359328
fine-n64,64,0.02263390483074383,11.825457423506625,1.0,raw_J,226,101-300,436.16100643264696,139.267496972659,1.9065651583639518,1.9065651583639518,-296.89350945998797,68.06970478362445
fine-n64,64,0.02263390483074383,11.825457423506625,1.0,raw_J,227,101-300,437.5816981676686,139.3864171603551,1.9081931698628014,1.9081931698628014,-298.1952810073135,68.146195843194
fine-n64,64,0.02263390483074383,11.825457423506625,1.0,raw_J,228,101-300,438.6217386562722,139.5872149503352,1.9109420816948834,1.9109420816948834,-299.034523705937,68.17594691545297
fine-n64,64,0.02263390483074383,11.825457423506625,1.0,raw_J,229,101-300,439.91844221437066,139.80839449161516,1.9139700186960777,1.9139700186960777,-300.1100477227555,68.21947409436245
fine-n64,64,0.02263390483074383,11.825457423506625,1.0,raw_J,230,101-300,441.68319920118904,139.93843709853894,1.9157502955650763,1.9157502955650763,-301.7447621026501,68.31701152508718
fine-n64,64,0.02263390483074383,11.825457423506625,1.0,raw_J,231,101-300,442.90454630260945,140.29646305085151,1.920651653177637,1.920651653177637,-302.60808325175793,68.32354415368869
fine-n64,64,0.02263390483074383,11.825457423506625,1.0,raw_J,232,101-300,444.31933627755916,141.0083717600882,1.930397648262427,1.930397648262427,-303.31096451747095,68.26418293170961
fine-n64,64,0.02263390483074383,11.825457423506625,1.0,raw_J,233,101-300,446.8606226964295,141.28741359268417,1.934217717175261,1.934217717175261,-305.57320910374534,68.38221888065836
fine-n64,64,0.02263390483074383,11.825457423506625,1.0,raw_J,234,101-300,447.4417041944933,141.89247375969808,1.9425009609917927,1.9425009609917927,-305.5492304347952,68.28805352081788
fine-n64,64,0.02263390483074383,11.825457423506625,1.0,raw_J,235,101-300,449.1485456850233,142.21289975568425,1.9468875770584346,1.9468875770584346,-306.93564592933905,68.33722359296814
fine-n64,64,0.02263390483074383,11.825457423506625,1.0,raw_J,236,101-300,450.1269457803135,142.51949116349638,1.9510847982959436,1.9510847982959436,-307.6074546168171,68.3379338874208
fine-n64,64,0.02263390483074383,11.825457423506625,1.0,raw_J,237,101-300,451.4033084453888,142.73637967813883,1.9540539913543054,1.9540539913543054,-308.66692876724994,68.37941215590199
fine-n64,64,0.02263390483074383,11.825457423506625,1.0,raw_J,238,101-300,453.9867378066779,143.1120351984767,1.9591966968828167,1.9591966968828167,-310.87470260820123,68.47660442904427
fine-n64,64,0.02263390483074383,11.825457423506625,1.0,raw_J,239,101-300,454.9746837686168,143.1682223851631,1.9599658966947713,1.9599658966947713,-311.80646138345367,68.53270577622443
fine-n64,64,0.02263390483074383,11.825457423506625,1.0,raw_J,240,101-300,456.32842668924604,143.49123554711372,1.9643879309357468,1.9643879309357468,-312.8371911421323,68.55527134520825
fine-n64,64,0.02263390483074383,11.825457423506625,1.0,raw_J,241,101-300,457.903893064103,143.88551325631397,1.9697855733104663,1.9697855733104663,-314.018379807789,68.57735532810351
fine-n64,64,0.02263390483074383,11.825457423506625,1.0,raw_J,242,101-300,459.513415281106,144.22856755034448,1.9744819696602487,1.9744819696602487,-315.2848477307615,68.61276237993768
fine-n64,64,0.02263390483074383,11.825457423506625,1.0,raw_J,243,101-300,460.08794442217584,144.27145479378035,1.9750690939056796,1.9750690939056796,-315.8164896283955,68.6426352737908
fine-n64,64,0.02263390483074383,11.825457423506625,1.0,raw_J,244,101-300,462.06536727488253,144.6508683159255,1.9802632462934122,1.9802632462934122,-317.41449895895704,68.69471755283648
fine-n64,64,0.02263390483074383,11.825457423506625,1.0,raw_J,245,101-300,464.05728691054827,144.8015365542877,1.9823258870385807,1.9823258870385807,-319.2557503562606,68.79662476193383
fine-n64,64,0.02263390483074383,11.825457423506625,1.0,raw_J,246,101-300,465.6715392113711,145.37433634113574,1.9901674878432336,1.9901674878432336,-320.29720287023537,68.7817862806622
fine-n64,64,0.02263390483074383,11.825457423506625,1.0,raw_J,247,101-300,466.5702869308262,145.74392309516406,1.995227112260563,1.995227112260563,-320.82636383566216,68.76270796113253
fine-n64,64,0.02263390483074383,11.825457423506625,1.0,raw_J,248,101-300,467.43904621026167,146.28650223122517,2.0026549938478397,2.0026549938478397,-321.1525439790365,68.7046892172925
fine-n64,64,0.02263390483074383,11.825457423506625,1.0,raw_J,249,101-300,469.53600455911203,146.61257886972214,2.0071189669315004,2.0071189669315004,-322.9234256893899,68.77500821105521
fine-n64,64,0.02263390483074383,11.825457423506625,1.0,raw_J,250,101-300,470.77365547810166,146.75257999924693,2.009035575483286,2.009035575483286,-324.02107547885475,68.82735932829334
fine-n64,64,0.02263390483074383,11.825457423506625,1.0,raw_J,251,101-300,472.7991746619088,147.1230943158106,2.0141078981859333,2.0141078981859333,-325.6760803460982,68.88253994499546
fine-n64,64,0.02263390483074383,11.825457423506625,1.0,raw_J,252,101-300,473.8352323451397,147.40972104502694,2.0180318039590586,2.0180318039590586,-326.4255113001127,68.89008858301733
fine-n64,64,0.02263390483074383,11.825457423506625,1.0,raw_J,253,101-300,475.6003393693758,147.5855291053099,2.0204386076252496,2.0204386076252496,-328.0148102640659,68.96858204495784
fine-n64,64,0.02263390483074383,11.825457423506625,1.0,raw_J,254,101-300,476.7690152374845,147.78382581349922,2.0231532797710856,2.0231532797710856,-328.9851894239853,69.00305575858651
fine-n64,64,0.02263390483074383,11.825457423506625,1.0,raw_J,255,101-300,478.07526376667096,148.07960398668953,2.027202468360437,2.027202468360437,-329.99565977998145,69.025880397995
fine-n64,64,0.02263390483074383,11.825457423506625,1.0,raw_J,256,101-300,478.9421815346348,148.65032938352036,2.03501567086816,2.03501567086816,-330.2918521511144,68.96278191509204
fine-n64,64,0.02263390483074383,11.825457423506625,1.0,raw_J,257,101-300,481.8303393762866,148.79034283892122,2.036932448160581,2.036932448160581,-333.03999653736537,69.11976463924513
fine-n64,64,0.02263390483074383,11.825457423506625,1.0,raw_J,258,101-300,482.8347827909824,149.25369151793848,2.043275668702282,2.043275668702282,-333.5810912730439,69.08804070510597
fine-n64,64,0.02263390483074383,11.825457423506625,1.0,raw_J,259,101-300,483.8514272124825,149.71130956974665,2.049540437240393,2.049540437240393,-334.14011764273585,69.0584131512748
fine-n64,64,0.02263390483074383,11.825457423506625,1.0,raw_J,260,101-300,485.539148129356,149.96506844899315,2.053014383770012,2.053014383770012,-335.57407968036284,69.11370194828453
fine-n64,64,0.02263390483074383,11.825457423506625,1.0,raw_J,261,101-300,486.52871826165125,150.14798047929904,2.0555184404351166,2.0555184404351166,-336.3807377823522,69.13892749933197
fine-n64,64,0.02263390483074383,11.825457423506625,1.0,raw_J,262,101-300,488.38056709001745,150.56748318007382,2.0612614116992143,2.0612614116992143,-337.81308390994366,69.17005029966283
fine-n64,64,0.02263390483074383,11.825457423506625,1.0,raw_J,263,101-300,489.66176157795616,150.671898204981,2.0626908482355573,2.0626908482355573,-338.98986337297515,69.22939260778006
fine-n64,64,0.02263390483074383,11.825457423506625,1.0,raw_J,264,101-300,491.398821593663,150.88070453670534,2.0655493966087612,2.0655493966087612,-340.51811705695764,69.29567229172795
fine-n64,64,0.02263390483074383,11.825457423506625,1.0,raw_J,265,101-300,493.3144415817853,151.32927120796674,2.071690252194025,2.071690252194025,-341.9851703738185,69.32397301754679
fine-n64,64,0.02263390483074383,11.825457423506625,1.0,raw_J,266,101-300,493.9579978053695,152.05628967056103,2.08164309905636,2.08164309905636,-341.9017081348085,69.21675722507999
fine-n64,64,0.02263390483074383,11.825457423506625,1.0,raw_J,267,101-300,495.3588288221313,152.2273974825441,2.083985556555362,2.083985556555362,-343.13143133958715,69.26926732193068
fine-n64,64,0.02263390483074383,11.825457423506625,1.0,raw_J,268,101-300,496.4296962157591,152.2547033645166,2.0843593727315612,2.0843593727315612,-344.17499285124256,69.33005730214347
fine-n64,64,0.02263390483074383,11.825457423506625,1.0,raw_J,269,101-300,498.58078242968656,152.35334944732685,2.0857098327353913,2.0857098327353913,-346.2274329823597,69.44259489808698
fine-n64,64,0.02263390483074383,11.825457423506625,1.0,raw_J,270,101-300,500.3090849416905,153.1247559233629,2.0962703493104495,2.0962703493104495,-347.1843290183276,69.39396854222443
fine-n64,64,0.02263390483074383,11.825457423506625,1.0,raw_J,271,101-300,501.6044469651455,153.18208157203324,2.097055134610762,2.097055134610762,-348.4223653931123,69.46157824181387
fine-n64,64,0.02263390483074383,11.825457423506625,1.0,raw_J,272,101-300,502.27627032711825,153.8634780421754,2.10638341864864,2.10638341864864,-348.41279228494284,69.36676344634627
fine-n64,64,0.02263390483074383,11.825457423506625,1.0,raw_J,273,101-300,504.49977331342774,154.04001076558944,2.108800142917321,2.108800142917321,-350.4597625478383,69.46678295732556
fine-n64,64,0.02263390483074383,11.825457423506625,1.0,raw_J,274,101-300,505.41523174224443,154.13491075998203,2.110099319155646,2.110099319155646,-351.2803209822624,69.50331112328072
fine-n64,64,0.02263390483074383,11.825457423506625,1.0,raw_J,275,101-300,506.46415270952355,154.33605205879667,2.1128529336067143,2.1128529336067143,-352.1281006507269,69.52675698109788
fine-n64,64,0.02263390483074383,11.825457423506625,1.0,raw_J,276,101-300,508.8007003364678,154.41585277524095,2.11394540147533,2.11394540147533,-354.3848475612268,69.65101410569474
fine-n64,64,0.02263390483074383,11.825457423506625,1.0,raw_J,277,101-300,510.26422794367284,155.00552468914157,2.1220179808664095,2.1220179808664095,-355.25870325453127,69.6224982664761
fine-n64,64,0.02263390483074383,11.825457423506625,1.0,raw_J,278,101-300,511.5622897003746,155.41740704408963,2.1276566299723316,2.1276566299723316,-356.14488265628495,69.6190649363309
fine-n64,64,0.02263390483074383,11.825457423506625,1.0,raw_J,279,101-300,512.6231445314074,155.55669389378446,2.1295634600685065,2.1295634600685065,-357.066450637623,69.65476577613757
fine-n64,64,0.02263390483074383,11.825457423506625,1.0,raw_J,280,101-300,513.6689855554737,155.98409585927723,2.1354145718766318,2.1354145718766318,-357.6848896961965,69.63334360344952
fine-n64,64,0.02263390483074383,11.825457423506625,1.0,raw_J,281,101-300,515.4350571672994,156.28849922280222,2.1395818388958667,2.1395818388958667,-359.1465579444972,69.67833346809503
fine-n64,64,0.02263390483074383,11.825457423506625,1.0,raw_J,282,101-300,517.5896685724674,156.5422102239177,2.1430551299762355,2.1430551299762355,-361.04745834854975,69.75553807793978
fine-n64,64,0.02263390483074383,11.825457423506625,1.0,raw_J,283,101-300,518.2342231475501,156.92571987073586,2.148305358108529,2.148305358108529,-361.30850327681424,69.71915152233078
fine-n64,64,0.02263390483074383,11.825457423506625,1.0,raw_J,284,101-300,520.1063104117233,156.98804784190878,2.149158624956953,2.149158624956953,-363.1182625698145,69.81616167709349
fine-n64,64,0.02263390483074383,11.825457423506625,1.0,raw_J,285,101-300,521.525193449492,157.26998481935033,2.1530183282597997,2.1530183282597997,-364.2552086301417,69.844220989761
fine-n64,64,0.02263390483074383,11.825457423506625,1.0,raw_J,286,101-300,522.4566961777302,157.85365702542674,2.161008771946952,2.161008771946952,-364.6030391523035,69.7862697176097
fine-n64,64,0.02263390483074383,11.825457423506625,1.0,raw_J,287,101-300,523.9605308920159,157.87487167887795,2.1612991995053994,2.1612991995053994,-366.0856592131379,69.86893814117943
fine-n64,64,0.02263390483074383,11.825457423506625,1.0,raw_J,288,101-300,525.0773856872796,158.19480301856296,2.165679043751698,2.165679043751698,-366.8825826687166,69.8720974601677
fine-n64,64,0.02263390483074383,11.825457423506625,1.0,raw_J,289,101-300,527.9036416012724,158.79668531270516,2.1739187826454978,2.1739187826454978,-369.10695628856723,69.91938058410953
fine-n64,64,0.02263390483074383,11.825457423506625,1.0,raw_J,290,101-300,528.4062138522927,159.02400623803467,2.17703079489115,2.17703079489115,-369.38220761425805,69.90497044334775
fine-n64,64,0.02263390483074383,11.825457423506625,1.0,raw_J,291,101-300,529.8062263187069,159.13568522702283,2.178559674737163,2.178559674737163,-370.6705410916841,69.96341731716566
fine-n64,64,0.02263390483074383,11.825457423506625,1.0,raw_J,292,101-300,530.866917883961,159.36353438181024,2.181678918418017,2.181678918418017,-371.50338350215077,69.98051130836437
fine-n64,64,0.02263390483074383,11.825457423506625,1.0,raw_J,293,101-300,532.6881830282937,159.93586296883828,2.1895140685203955,2.1895140685203955,-372.7523200594554,69.97570660200975
fine-n64,64,0.02263390483074383,11.825457423506625,1.0,raw_J,294,101-300,533.7796307537687,160.3190340895409,2.1947596622468795,2.1947596622468795,-373.46059666422786,69.96531436331716
fine-n64,64,0.02263390483074383,11.825457423506625,1.0,raw_J,295,101-300,535.6643140758732,160.47205549819677,2.1968545177772,2.1968545177772,-375.19225857767645,70.04242185237918
fine-n64,64,0.02263390483074383,11.825457423506625,1.0,raw_J,296,101-300,537.0697590831223,161.06570334879254,2.2049815275453564,2.2049815275453564,-376.00405573432977,70.0102825331738
fine-n64,64,0.02263390483074383,11.825457423506625,1.0,raw_J,297,101-300,538.4285261762479,161.28982169493813,2.2080496966400824,2.2080496966400824,-377.1387044813098,70.04433943343078
fine-n64,64,0.02263390483074383,11.825457423506625,1.0,raw_J,298,101-300,540.2131663762282,161.35839531783313,2.208988466152254,2.208988466152254,-378.85477105839504,70.13060670101179
fine-n64,64,0.02263390483074383,11.825457423506625,1.0,raw_J,299,101-300,540.6313902472951,161.55363843076648,2.2116613347297824,2.2116613347297824,-379.0777518165287,70.11759928389124
fine-n64,64,0.02263390483074383,11.825457423506625,1.0,raw_J,300,101-300,541.8474371212013,162.14863418358226,2.2198067972127893,2.2198067972127893,-379.69880293761906,70.07485445625304
fine-n64,64,0.02263390483074383,11.825457423506625,1.0,raw_J,301,301-320,544.3238901010053,162.16639334920563,2.22004991931346,2.22004991931346,-382.15749675179967,70.20773912401422
fine-n64,64,0.02263390483074383,11.825457423506625,1.0,raw_J,302,301-320,545.6368332489349,162.43457646958305,2.223721332992082,2.223721332992082,-383.20225677935184,70.23027651883687
fine-n64,64,0.02263390483074383,11.825457423506625,1.0,raw_J,303,301-320,547.0109120581222,162.76923871580087,2.2283028426215976,2.2283028426215976,-384.2416733423214,70.24387720102631
fine-n64,64,0.02263390483074383,11.825457423506625,1.0,raw_J,304,301-320,547.9316133644893,163.027225903733,2.231834674488385,2.231834674488385,-384.9043874607563,70.24679322613099
fine-n64,64,0.02263390483074383,11.825457423506625,1.0,raw_J,305,301-320,549.4975675626614,163.33047603344693,2.2359861537936774,2.2359861537936774,-386.1670915292145,70.27639689873209
fine-n64,64,0.02263390483074383,11.825457423506625,1.0,raw_J,306,301-320,550.9700100394839,163.54475766777205,2.238919658789188,2.238919658789188,-387.42525237171185,70.31694018045519
fine-n64,64,0.02263390483074383,11.825457423506625,1.0,raw_J,307,301-320,552.0495722005649,164.04260489653845,2.2457351627738715,2.2457351627738715,-388.0069673040264,70.28480535857743
fine-n64,64,0.02263390483074383,11.825457423506625,1.0,raw_J,308,301-320,553.7649721191589,164.1965191010729,2.2478422406356953,2.2478422406356953,-389.56845301808596,70.3490600944436
fine-n64,64,0.02263390483074383,11.825457423506625,1.0,raw_J,309,301-320,555.7920205616825,164.50425147367358,2.2520550816248335,2.2520550816248335,-391.287769088009,70.40183281015338
fine-n64,64,0.02263390483074383,11.825457423506625,1.0,raw_J,310,301-320,556.8994764068553,164.82607139497736,2.2564607804602606,2.2564607804602606,-392.073405011878,70.40290422637065
fine-n64,64,0.02263390483074383,11.825457423506625,1.0,raw_J,311,301-320,557.5646591720586,164.83088592387963,2.2565266911232547,2.2565266911232547,-392.7337732481789,70.43735050054265
fine-n64,64,0.02263390483074383,11.825457423506625,1.0,raw_J,312,301-320,559.3162370286822,165.28965068636688,2.262807158073953,2.262807158073953,-394.0265863423153,70.44790768734813
fine-n64,64,0.02263390483074383,11.825457423506625,1.0,raw_J,313,301-320,560.2408074972957,165.83568618940134,2.270282357154465,2.270282357154465,-394.4051213078943,70.39921334359389
fine-n64,64,0.02263390483074383,11.825457423506625,1.0,raw_J,314,301-320,562.5592076160458,165.83646831385272,2.2702930643995933,2.2702930643995933,-396.7227393021931,70.521064082016
fine-n64,64,0.02263390483074383,11.825457423506625,1.0,raw_J,315,301-320,564.1608791107861,166.2738122092253,2.276280280736972,2.276280280736972,-397.88706690156084,70.52723463007551
fine-n64,64,0.02263390483074383,11.825457423506625,1.0,raw_J,316,301-320,564.5060559381499,166.54369627520475,2.279974980276916,2.279974980276916,-397.9623596629451,70.49744736601158
fine-n64,64,0.02263390483074383,11.825457423506625,1.0,raw_J,317,301-320,566.698787682808,166.82865093091579,2.2838759954462984,2.2838759954462984,-399.8701367518922,70.56131854224242
fine-n64,64,0.02263390483074383,11.825457423506625,1.0,raw_J,318,301-320,567.7317579011769,166.87727514342066,2.284541658515068,2.284541658515068,-400.8544827577563,70.6063166590606
fine-n64,64,0.02263390483074383,11.825457423506625,1.0,raw_J,319,301-320,568.9239551796294,167.60207489783375,2.294464131371933,2.294464131371933,-401.32188028179564,70.54051365354869
fine-n64,64,0.02263390483074383,11.825457423506625,1.0,raw_J,320,301-320,570.0511147824636,168.03482184079743,2.3003884156577707,2.3003884156577707,-402.01629294166617,70.52285005969667
fine-n80,80,0.02263390483074383,11.825457423506625,1.0,power_3_2,1,1-100,14.1347,14.1347,0.08512021580460298,0.193503345214974,0.0,0.0
fine-n80,80,0.02263390483074383,11.825457423506625,1.0,power_3_2,2,1-100,21.022,23.03348286731058,0.1387093487938974,0.26796032049185514,2.01148286731058,9.568465737373131
fine-n80,80,0.02263390483074383,11.825457423506625,1.0,power_3_2,3,1-100,25.0108,24.873923242546386,0.1497926177642736,0.28205054312889355,-0.1368767574536136,0.5472706089114047
fine-n80,80,0.02263390483074383,11.825457423506625,1.0,power_3_2,4,1-100,30.4248,32.6248173595267,0.19646907923257448,0.33795805851468197,2.2000173595267007,7.231000235093412
fine-n80,80,0.02263390483074383,11.825457423506625,1.0,power_3_2,5,1-100,32.935,34.69989913524943,0.20896537618699992,0.35214069908253776,1.7648991352494292,5.358734280399056
fine-n80,80,0.02263390483074383,11.825457423506625,1.0,power_3_2,6,1-100,37.5861,37.2736510405096,0.22446470179017886,0.369344840959169,-0.3124489594904034,0.8312885867126502
fine-n80,80,0.02263390483074383,11.825457423506625,1.0,power_3_2,7,1-100,40.9187,42.71507705642977,0.25723337440154703,0.4044686603362939,1.796377056429769,4.390112727016667
fine-n80,80,0.02263390483074383,11.825457423506625,1.0,power_3_2,8,1-100,43.327,45.18448776543098,0.2721043495520901,0.41991074642566967,1.8574877654309816,4.287136809451339
fine-n80,80,0.02263390483074383,11.825457423506625,1.0,power_3_2,9,1-100,48.0051,48.49697083243074,0.29205236921378175,0.44019032118327744,0.4918708324307417,1.0246220348061803
fine-n80,80,0.02263390483074383,11.825457423506625,1.0,power_3_2,10,1-100,49.7738,51.278646073332844,0.30880382462520944,0.4568655876353443,1.5048460733328426,3.0233698719664615
fine-n80,80,0.02263390483074383,11.825457423506625,1.0,power_3_2,11,1-100,52.9703,53.25959192415847,0.32073322803097754,0.46855722272769307,0.28929192415846927,0.546139863581043
fine-n80,80,0.02263390483074383,11.825457423506625,1.0,power_3_2,12,1-100,56.4462,56.22815130539239,0.33861011365001514,0.4858101866563917,-0.21804869460761012,0.38629472773651746
fine-n80,80,0.02263390483074383,11.825457423506625,1.0,power_3_2,13,1-100,59.347,60.34901058018738,0.3634262350230155,0.509265414696371,1.002010580187381,1.6883929772143176
fine-n80,80,0.02263390483074383,11.825457423506625,1.0,power_3_2,14,1-100,60.8317,64.04273282428788,0.3856701053945195,0.5298390756182546,3.2110328242878836,5.278551847618731
fine-n80,80,0.02263390483074383,11.825457423506625,1.0,power_3_2,15,1-100,65.1125,64.55106650831806,0.388731328687932,0.5326390810165612,-0.5614334916819388,0.8622514750346536
fine-n80,80,0.02263390483074383,11.825457423506625,1.0,power_3_2,16,1-100,67.0798,66.90335746798732,0.4028969999878014,0.5455015920274542,-0.17644253201268612,0.26303377769863073
fine-n80,80,0.02263390483074383,11.825457423506625,1.0,power_3_2,17,1-100,69.5464,67.84237316487689,0.4085518224292505,0.5505939496639065,-1.7040268351231163,2.450201354955995
fine-n80,80,0.02263390483074383,11.825457423506625,1.0,power_3_2,18,1-100,72.0671,72.68204517362297,0.43769668760558694,0.5764772503629495,0.6149451736229707,0.8532952951110434
fine-n80,80,0.02263390483074383,11.825457423506625,1.0,power_3_2,19,1-100,75.7046,75.75253315430332,0.4561873948396245,0.5926007369869044,0.04793315430332257,0.06331603932036173
fine-n80,80,0.02263390483074383,11.825457423506625,1.0,power_3_2,20,1-100,77.1448,77.9434977473216,0.4693815467479041,0.6039727452391358,0.7986977473215973,1.0353228569153037
fine-n80,80,0.02263390483074383,11.825457423506625,1.0,power_3_2,21,1-100,79.3373,79.71724026456997,0.48006315625146484,0.6131013194370192,0.3799402645699672,0.4788923552603469
fine-n80,80,0.02263390483074383,11.825457423506625,1.0,power_3_2,22,1-100,82.9103,82.21450174648228,0.4951018508301189,0.625839590734884,-0.6957982535177223,0.8392181110401509
fine-n80,80,0.02263390483074383,11.825457423506625,1.0,power_3_2,23,1-100,84.7354,84.26352840645299,0.5074412419375418,0.6361953749692347,-0.47187159354700725,0.5568765752530905
fine-n80,80,0.02263390483074383,11.825457423506625,1.0,power_3_2,24,1-100,87.4252,85.48472406048951,0.5147953730907485,0.6423273629896753,-1.9404759395104918,2.219584215432726
fine-n80,80,0.02263390483074383,11.825457423506625,1.0,power_3_2,25,1-100,88.8091,87.95153450609516,0.5296506892615199,0.6546256646568401,-0.8575654939048434,0.9656279524337521
fine-n80,80,0.02263390483074383,11.825457423506625,1.0,power_3_2,26,1-100,92.4918,91.90552142000587,0.5534618928527284,0.674101276242989,-0.5862785799941292,0.633870872871032
fine-n80,80,0.02263390483074383,11.825457423506625,1.0,power_3_2,27,1-100,94.6513,92.39098315580894,0.5563853795709774,0.6764730086157477,-2.260316844191067,2.388046275319057
fine-n80,80,0.02263390483074383,11.825457423506625,1.0,power_3_2,28,1-100,95.8706,97.53389833550996,0.5873563977008932,0.7013494634383858,1.663298335509964,1.7349409886972273
fine-n80,80,0.02263390483074383,11.825457423506625,1.0,power_3_2,29,1-100,98.8311,98.03978277280449,0.590402871448104,0.7037725237142765,-0.7913172271955204,0.8006763328502065
fine-n80,80,0.02263390483074383,11.825457423506625,1.0,power_3_2,30,1-100,101.3178,100.87431600361467,0.6074726416103204,0.7172729987571901,-0.4434839963853392,0.43771577786463894
fine-n80,80,0.02263390483074383,11.825457423506625,1.0,power_3_2,31,1-100,103.7255,101.94256243414273,0.6139057011516651,0.7223279906650711,-1.7829375658572673,1.7188999482839489
fine-n80,80,0.02263390483074383,11.825457423506625,1.0,power_3_2,32,1-100,105.4466,103.60761709985574,0.6239327843208837,0.7301720488644148,-1.8389829001442592,1.7439944959289908
fine-n80,80,0.02263390483074383,11.825457423506625,1.0,power_3_2,33,1-100,107.1686,105.88773704571027,0.6376638364020398,0.7408458602903526,-1.2808629542897307,1.1951849275718174
fine-n80,80,0.02263390483074383,11.825457423506625,1.0,power_3_2,34,1-100,111.0295,106.04294626959455,0.6385985179044342,0.741569633357712,-4.986553730405447,4.491197141665456
fine-n80,80,0.02263390483074383,11.825457423506625,1.0,power_3_2,35,1-100,111.8746,111.43850370312863,0.6710909664975102,0.7665154775067134,-0.4360962968713693,0.3898081395342368
fine-n80,80,0.02263390483074383,11.825457423506625,1.0,power_3_2,36,1-100,114.3202,113.05471976245074,0.6808239399427453,0.7739089675643409,-1.265480237549255,1.1069611823188334
fine-n80,80,0.02263390483074383,11.825457423506625,1.0,power_3_2,37,1-100,116.2266,114.75013961112738,0.6910338845046222,0.7816270166654498,-1.4764603888726242,1.2703291577596043
fine-n80,80,0.02263390483074383,11.825457423506625,1.0,power_3_2,38,1-100,118.7907,118.60819283133267,0.7142673682495561,0.7990498476610485,-0.1825071686673283,0.15363759003636504
fine-n80,80,0.02263390483074383,11.825457423506625,1.0,power_3_2,39,1-100,121.3701,119.42651153814012,0.7191953444301893,0.8027209141711921,-1.9435884618598749,1.601373371085527
fine-n80,80,0.02263390483074383,11.825457423506625,1.0,power_3_2,40,1-100,122.9468,120.69908115822844,0.7268588534320286,0.808413188099422,-2.247718841771558,1.828204428070969
fine-n80,80,0.02263390483074383,11.825457423506625,1.0,power_3_2,41,1-100,124.2568,123.4165600929948,0.7432237139081458,0.8205021160877614,-0.8402399070051985,0.6762124141336316
fine-n80,80,0.02263390483074383,11.825457423506625,1.0,power_3_2,42,1-100,127.5166,124.91057390671425,0.7522207763317457,0.8271105295208349,-2.606026093285749,2.0436759553546353
fine-n80,80,0.02263390483074383,11.825457423506625,1.0,power_3_2,43,1-100,129.5787,126.07201285263487,0.7592150481394695,0.832229689439272,-3.5066871473651275,2.7062218924600474
fine-n80,80,0.02263390483074383,11.825457423506625,1.0,power_3_2,44,1-100,131.0876,128.06550518284922,0.7712200073782696,0.8409797241093293,-3.022094817150787,2.3054009815961134
fine-n80,80,0.02263390483074383,11.825457423506625,1.0,power_3_2,45,1-100,133.4977,129.6597855409362,0.7808208823974353,0.8479448622424011,-3.8379144590637964,2.87489182140501
fine-n80,80,0.02263390483074383,11.825457423506625,1.0,power_3_2,46,1-100,134.7565,133.4800012235542,0.80382650567381,0.8645196755155893,-1.2764987764457771,0.9472632314179852
fine-n80,80,0.02263390483074383,11.825457423506625,1.0,power_3_2,47,1-100,138.116,134.44913951503347,0.8096627286226677,0.8686992205622971,-3.6668604849665485,2.6549136124464567
fine-n80,80,0.02263390483074383,11.825457423506625,1.0,power_3_2,48,1-100,139.7362,137.82297373674118,0.8299802095059349,0.8831717278924455,-1.9132262632588208,1.3691700956937578
fine-n80,80,0.02263390483074383,11.825457423506625,1.0,power_3_2,49,1-100,141.1237,140.1504817244182,0.8439966359032411,0.8930870877414755,-0.9732182755818144,0.6896207196819629
fine-n80,80,0.02263390483074383,11.825457423506625,1.0,power_3_2,50,1-100,143.1118,142.7460145188881,0.8596271276429458,0.9040797493485796,-0.36578548111188525,0.25559421453149583
fine-n80,80,0.02263390483074383,11.825457423506625,1.0,power_3_2,51,1-100,146.0009,143.45952146852767,0.8639239196181134,0.907089902212392,-2.5413785314723327,1.7406594969430549
fine-n80,80,0.02263390483074383,11.825457423506625,1.0,power_3_2,52,1-100,147.4427,143.94913784874547,0.8668724259143636,0.909152615672336,-3.4935621512545367,2.369437178818983
fine-n80,80,0.02263390483074383,11.825457423506625,1.0,power_3_2,53,1-100,150.0515,146.75207367739034,0.8837519141681439,0.9209164803096556,-3.299426322609662,2.198862605578526
fine-n80,80,0.02263390483074383,11.825457423506625,1.0,power_3_2,54,1-100,150.9252,148.29363897840992,0.8930353351887296,0.9273544538638522,-2.6315610215900733,1.7436193701184914
fine-n80,80,0.02263390483074383,11.825457423506625,1.0,power_3_2,55,1-100,153.0246,149.55481461039477,0.900630228745866,0.932604871512597,-3.469785389605221,2.267469014527874
fine-n80,80,0.02263390483074383,11.825457423506625,1.0,power_3_2,56,1-100,156.1129,150.53065423804145,0.9065068076400746,0.9366572806738164,-5.582245761958546,3.5757748155075886
fine-n80,80,0.02263390483074383,11.825457423506625,1.0,power_3_2,57,1-100,157.5975,155.02654039455928,0.9335813688175827,0.9552156972664348,-2.57095960544072,1.6313454245408208
fine-n80,80,0.02263390483074383,11.825457423506625,1.0,power_3_2,58,1-100,158.8499,156.54176952534758,0.9427061914601659,0.9614297862207611,-2.3081304746524154,1.4530260797472427
fine-n80,80,0.02263390483074383,11.825457423506625,1.0,power_3_2,59,1-100,161.1889,157.3372159527692,0.9474964290713731,0.9646839535616993,-3.8516840472307763,2.389546704041517
fine-n80,80,0.02263390483074383,11.825457423506625,1.0,power_3_2,60,1-100,163.0306,159.49380153481937,0.9604835480159,0.9734790737211352,-3.536798465180624,2.1694077462639676
fine-n80,80,0.02263390483074383,11.825457423506625,1.0,power_3_2,61,1-100,165.5373,163.06046684279042,0.9819622720579587,0.9879384040673889,-2.476833157209569,1.4962387070524705
fine-n80,80,0.02263390483074383,11.825457423506625,1.0,power_3_2,62,1-100,167.1844,164.36745975070775,0.9898330806621036,0.9932105164289878,-2.8169402492922586,1.68493008276625
fine-n80,80,0.02263390483074383,11.825457423506625,1.0,power_3_2,63,1-100,169.0945,167.57464870172583,1.0091470113176393,1.0060887487137637,-1.519851298274176,0.8988177015066581
fine-n80,80,0.02263390483074383,11.825457423506625,1.0,power_3_2,64,1-100,169.9119,168.45120216141586,1.0144256815160222,1.0095941457672755,-1.4606978385841387,0.8596795389752799
fine-n80,80,0.02263390483074383,11.825457423506625,1.0,power_3_2,65,1-100,173.4115,168.96656801509565,1.0175292530586477,1.0116522903724807,-4.444931984904343,2.563227920238475
fine-n80,80,0.02263390483074383,11.825457423506625,1.0,power_3_2,66,1-100,174.7541,172.16123864719336,1.0367677974655884,1.0243640602909203,-2.5928613528066364,1.4837198971621475
fine-n80,80,0.02263390483074383,11.825457423506625,1.0,power_3_2,67,1-100,176.4414,173.239237091162,1.0432595843579626,1.0286356902473346,-3.202162908837977,1.8148591593798151
fine-n80,80,0.02263390483074383,11.825457423506625,1.0,power_3_2,68,1-100,178.3774,174.46521462610474,1.050642512354023,1.033482942804064,-3.9121853738952552,2.1932068602273915
fine-n80,80,0.02263390483074383,11.825457423506625,1.0,power_3_2,69,1-100,179.9164,174.92707632359586,1.0534238778844076,1.0353060983272067,-4.989323676404155,2.7731344537819536
fine-n80,80,0.02263390483074383,11.825457423506625,1.0,power_3_2,70,1-100,182.207,176.4373823392133,1.062519053160879,1.0412567211474355,-5.769617660786707,3.1665181144449486
fine-n80,80,0.02263390483074383,11.825457423506625,1.0,power_3_2,71,1-100,184.8744,181.6958656192646,1.0941860309957725,1.0618441466021986,-3.178534380735414,1.7192939534816143
fine-n80,80,0.02263390483074383,11.825457423506625,1.0,power_3_2,72,1-100,185.9589,181.76276929620659,1.0945889299196565,1.0621047906494712,-4.196130703793415,2.256482859273428
fine-n80,80,0.02263390483074383,11.825457423506625,1.0,power_3_2,73,1-100,187.2289,183.10826679286836,1.102691616024095,1.0673398268382648,-4.120633207131647,2.2008531840606054
fine-n80,80,0.02263390483074383,11.825457423506625,1.0,power_3_2,74,1-100,189.4161,185.9802229268046,1.1199867496952731,1.0784712938304784,-3.4358770731953996,1.8139308502262477
fine-n80,80,0.02263390483074383,11.825457423506625,1.0,power_3_2,75,1-100,192.0266,189.03956051454625,1.138410308432827,1.0902661949375463,-2.9870394854537494,1.5555342257029752
fine-n80,80,0.02263390483074383,11.825457423506625,1.0,power_3_2,76,1-100,193.0797,190.97450580263288,1.150062693024791,1.0976932923389602,-2.105194197367126,1.0903239425828433
fine-n80,80,0.02263390483074383,11.825457423506625,1.0,power_3_2,77,1-100,195.2658,193.20399334126753,1.1634888329798134,1.1062199324756778,-2.061806658732479,1.055897478581748
fine-n80,80,0.02263390483074383,11.825457423506625,1.0,power_3_2,78,1-100,196.8764,193.30241625465112,1.164081543092326,1.1065955911932361,-3.573983745348869,1.8153439139220695
fine-n80,80,0.02263390483074383,11.825457423506625,1.0,power_3_2,79,1-100,198.0153,195.2671893263098,1.1759135528177997,1.114081417814505,-2.7481106736902063,1.3878274424704589
fine-n80,80,0.02263390483074383,11.825457423506625,1.0,power_3_2,80,1-100,201.2647,195.62410600385846,1.1780629316243683,1.1154385777234979,-5.640593996141547,2.8025749155920274
fine-n80,80,0.02263390483074383,11.825457423506625,1.0,power_3_2,81,1-100,202.4935,199.56962771855302,1.2018231571556177,1.130386716277685,-2.9238722814469895,1.4439338948889664
fine-n80,80,0.02263390483074383,11.825457423506625,1.0,power_3_2,82,1-100,204.1896,200.05874929289703,1.204768683694055,1.1322329254927113,-4.130850707102979,2.0230465739209924
fine-n80,80,0.02263390483074383,11.825457423506625,1.0,power_3_2,83,1-100,205.3946,202.12323909441088,1.2172011949911647,1.1400089126952517,-3.2713609055891197,1.5927200158081662
fine-n80,80,0.02263390483074383,11.825457423506625,1.0,power_3_2,84,1-100,207.9062,202.25725670081664,1.2180082589952737,1.1405127781845827,-5.648943299183372,2.7170634157054345
fine-n80,80,0.02263390483074383,11.825457423506625,1.0,power_3_2,85,1-100,209.5765,205.1507397634008,1.2354330294335656,1.1513644221777293,-4.425760236599217,2.111763597826673
fine-n80,80,0.02263390483074383,11.825457423506625,1.0,power_3_2,86,1-100,211.3289,208.1111827586182,1.2532610375717033,1.162414517978871,-3.2177172413817914,1.5226110775108332
fine-n80,80,0.02263390483074383,11.825457423506625,1.0,power_3_2,87,1-100,213.3479,209.2751470203445,1.260270517019232,1.1667447381208997,-4.072752979655519,1.9089726121773491
fine-n80,80,0.02263390483074383,11.825457423506625,1.0,power_3_2,88,1-100,214.547,209.77604164056254,1.2632869417164894,1.168605711700889,-4.770958359437458,2.223735759268346
fine-n80,80,0.02263390483074383,11.825457423506625,1.0,power_3_2,89,1-100,216.1695,211.31529170218542,1.2725564201930462,1.1743152412959272,-4.85420829781458,2.245556518294477
fine-n80,80,0.02263390483074383,11.825457423506625,1.0,power_3_2,90,1-100,219.0675,214.93478674773633,1.2943532888482696,1.1876866850601433,-4.13271325226367,1.8865022206688213
fine-n80,80,0.02263390483074383,11.825457423506625,1.0,power_3_2,91,1-100,220.7149,216.594239324809,1.3043466358225901,1.193792047780837,-4.120660675191004,1.866960805632517
fine-n80,80,0.02263390483074383,11.825457423506625,1.0,power_3_2,92,1-100,221.3952,220.4200249925013,1.3273858019637979,1.2078085844368636,-0.9751750074986774,0.4404679990797801
fine-n80,80,0.02263390483074383,11.825457423506625,1.0,power_3_2,93,1-100,224.007,221.7211043683936,1.3352209988377937,1.212556830889913,-2.285895631606394,1.0204572319643554
fine-n80,80,0.02263390483074383,11.825457423506625,1.0,power_3_2,94,1-100,224.9833,222.06041271742757,1.3372643389790118,1.213793597204513,-2.9228872825724466,1.2991574408289177
fine-n80,80,0.02263390483074383,11.825457423506625,1.0,power_3_2,95,1-100,227.4214,223.20241997804982,1.344141591731075,1.2179515518555166,-4.218980021950188,1.8551376528111196
fine-n80,80,0.02263390483074383,11.825457423506625,1.0,power_3_2,96,1-100,229.3374,224.05109450881093,1.3492523729437116,1.221036914265785,-5.286305491189069,2.305034194679572
fine-n80,80,0.02263390483074383,11.825457423506625,1.0,power_3_2,97,1-100,231.2882,228.211193011252,1.374304795867169,1.2361050329027106,-3.0770069887479963,1.3303778527170849
fine-n80,80,0.02263390483074383,11.825457423506625,1.0,power_3_2,98,1-100,231.9872,229.06220861221703,1.379429675178879,1.2391761412587794,-2.924991387782967,1.260841713587201
fine-n80,80,0.02263390483074383,11.825457423506625,1.0,power_3_2,99,1-100,233.6934,229.74746247151668,1.3835563249404248,1.2416462924002993,-3.945937528483313,1.6885104707635359
fine-n80,80,0.02263390483074383,11.825457423506625,1.0,power_3_2,100,1-100,236.5242,230.59944973809644,1.3886870556948125,1.2447140494024687,-5.924750261903569,2.504923497005198
fine-n80,80,0.02263390483074383,11.825457423506625,1.0,power_3_2,101,101-300,237.7698204809252,232.425311498197,1.3996825311593877,1.2512757509716017,-5.3445089827282,2.247765915757571
fine-n80,80,0.02263390483074383,11.825457423506625,1.0,power_3_2,102,101-300,239.55547757332764,236.4041377612613,1.4236433191606226,1.2655154830593056,-3.1513398120663396,1.315494783917733
fine-n80,80,0.02263390483074383,11.825457423506625,1.0,power_3_2,103,101-300,241.04915779621658,236.4381389479122,1.4238480768382058,1.2656368232839166,-4.611018848304383,1.9128956477012655
fine-n80,80,0.02263390483074383,11.825457423506625,1.0,power_3_2,104,101-300,242.8232719342226,238.02357540406146,1.4333956932214267,1.2712883392854093,-4.799696530161128,1.9766213064871716
fine-n80,80,0.02263390483074383,11.825457423506625,1.0,power_3_2,105,101-300,244.07089849707816,239.23897612018584,1.440714926827062,1.2756123165018067,-4.831922376892322,1.9797208133562743
fine-n80,80,0.02263390483074383,11.825457423506625,1.0,power_3_2,106,101-300,247.1369900748975,241.531732936783,1.4545220790847135,1.2837492770710008,-5.605257138114524,2.268076962665844
fine-n80,80,0.02263390483074383,11.825457423506625,1.0,power_3_2,107,101-300,248.10199006014847,245.0386943385664,1.4756412617584327,1.2961458100621028,-3.0632957215820795,1.2346921203007808
fine-n80,80,0.02263390483074383,11.825457423506625,1.0,power_3_2,108,101-300,249.5736896447072,247.0551612885491,1.487784575868062,1.3032469023076776,-2.5185283561581002,1.009132156415796
fine-n80,80,0.02263390483074383,11.825457423506625,1.0,power_3_2,109,101-300,251.014947795016,248.5778932939858,1.4969545813804073,1.3085964842656406,-2.437054501030218,0.9708802294197901
fine-n80,80,0.02263390483074383,11.825457423506625,1.0,power_3_2,110,101-300,253.06998674799948,250.63140734226735,1.5093209958743483,1.3157935171423576,-2.4385794057321277,0.963598819863377
fine-n80,80,0.02263390483074383,11.825457423506625,1.0,power_3_2,111,101-300,255.30625645491403,251.37285719514733,1.5137860620933297,1.3183872716650484,-3.933399259766702,1.540659173176715
fine-n80,80,0.02263390483074383,11.825457423506625,1.0,power_3_2,112,101-300,256.38071369443446,253.0176364503506,1.523691045230845,1.3241319866178562,-3.363077244083854,1.3117512607021267
fine-n80,80,0.02263390483074383,11.825457423506625,1.0,power_3_2,113,101-300,258.6104394915314,253.2747197259997,1.5252392198580393,1.3250287740836917,-5.335719765531707,2.0632267498646097
fine-n80,80,0.02263390483074383,11.825457423506625,1.0,power_3_2,114,101-300,259.874406989678,254.73664940345333,1.5340430692242095,1.3301226898396983,-5.137757586224666,1.9770156075541265
fine-n80,80,0.02263390483074383,11.825457423506625,1.0,power_3_2,115,101-300,260.8050845045969,258.93599687928133,1.5593318523877004,1.3447009143890536,-1.869087625315558,0.7166607310842569
fine-n80,80,0.02263390483074383,11.825457423506625,1.0,power_3_2,116,101-300,263.57389390487015,259.47260715448135,1.5625633594184822,1.3465580820183531,-4.101286750388795,1.5560291991091664
fine-n80,80,0.02263390483074383,11.825457423506625,1.0,power_3_2,117,101-300,265.55785183887633,261.40484630461305,1.574199447446195,1.353234839785416,-4.153005534263286,1.5638797744090305
fine-n80,80,0.02263390483074383,11.825457423506625,1.0,power_3_2,118,101-300,266.6149737815011,263.1695486356369,1.5848266162752211,1.3593183225309455,-3.445425145864192,1.2922849369622504
fine-n80,80,0.02263390483074383,11.825457423506625,1.0,power_3_2,119,101-300,267.92191508282406,264.4345933423176,1.5924448096882495,1.3636709631763684,-3.487321740506445,1.3016186971597272
fine-n80,80,0.02263390483074383,11.825457423506625,1.0,power_3_2,120,101-300,269.9704490239976,265.70902717570084,1.600119545121352,1.3680488962535522,-4.261421848296777,1.5784771495186796
fine-n80,80,0.02263390483074383,11.825457423506625,1.0,power_3_2,121,101-300,271.494055641645,267.3326897982637,1.6098973623248594,1.3736163742829957,-4.161365843381304,1.532764993158467
fine-n80,80,0.02263390483074383,11.825457423506625,1.0,power_3_2,122,101-300,273.4596091884033,268.69199893591764,1.6180832231597038,1.3782687309158579,-4.767610252485667,1.7434422094858495
fine-n80,80,0.02263390483074383,11.825457423506625,1.0,power_3_2,123,101-300,275.58749264934386,270.24418503976256,1.6274306034456796,1.3835716430380003,-5.343307609581302,1.9388788504927181
fine-n80,80,0.02263390483074383,11.825457423506625,1.0,power_3_2,124,101-300,276.4520495031329,270.9034935291465,1.6314010082578205,1.3858210408532332,-5.548555973986424,2.0070590845533034
fine-n80,80,0.02263390483074383,11.825457423506625,1.0,power_3_2,125,101-300,278.25074352984194,274.272202504946,1.6516876245286263,1.3972858997252955,-3.9785410248959465,1.4298402133359456
fine-n80,80,0.02263390483074383,11.825457423506625,1.0,power_3_2,126,101-300,279.22925092774517,276.0757039978179,1.6625484447991083,1.4034045255962124,-3.153546929927245,1.129375564862749
fine-n80,80,0.02263390483074383,11.825457423506625,1.0,power_3_2,127,101-300,282.4651147650521,279.60128203015466,1.683779738208128,1.4153271988744702,-2.8638327348974144,1.0138713013390994
fine-n80,80,0.02263390483074383,11.825457423506625,1.0,power_3_2,128,101-300,283.2111857332339,279.8757964079343,1.6854328842301918,1.4162534323875555,-3.335389325299616,1.1777039514397327
fine-n80,80,0.02263390483074383,11.825457423506625,1.0,power_3_2,129,101-300,284.83596398090475,282.61634689916224,1.7019366833371226,1.425483734257575,-2.2196170817425127,0.7792615267822411
fine-n80,80,0.02263390483074383,11.825457423506625,1.0,power_3_2,130,101-300,286.6674453630029,283.6409385331346,1.708106850443274,1.4289269359505354,-3.0265068298683104,1.0557553286303185
fine-n80,80,0.02263390483074383,11.825457423506625,1.0,power_3_2,131,101-300,287.9119205014222,285.4904741786665,1.7192448918085654,1.4351319344367783,-2.421446322755685,0.8410371889217153
fine-n80,80,0.02263390483074383,11.825457423506625,1.0,power_3_2,132,101-300,289.5798549292188,285.50687354057476,1.7193436499869978,1.4351868925405604,-4.0729813886440525,1.406514064881896
fine-n80,80,0.02263390483074383,11.825457423506625,1.0,power_3_2,133,101-300,291.8462913290674,287.7358700322169,1.7327668328204697,1.4426470243806593,-4.110421296850518,1.4084199179409367
fine-n80,80,0.02263390483074383,11.825457423506625,1.0,power_3_2,134,101-300,293.5584341393563,290.00415398548625,1.7464266076730248,1.450218896162547,-3.5542801538700246,1.2107572941279412
fine-n80,80,0.02263390483074383,11.825457423506625,1.0,power_3_2,135,101-300,294.9653696192655,290.84241114547405,1.751474654703235,1.45301212392632,-4.122958473791471,1.3977771285874305
fine-n80,80,0.02263390483074383,11.825457423506625,1.0,power_3_2,136,101-300,295.57325487895827,292.62389624327665,1.7622028906033704,1.458939466836132,-2.9493586356816195,0.9978435419975419
fine-n80,80,0.02263390483074383,11.825457423506625,1.0,power_3_2,137,101-300,297.97927706194344,294.4264653884042,1.7730580962063174,1.4649247302625428,-3.5528116735392246,1.1923015951208822
fine-n80,80,0.02263390483074383,11.825457423506625,1.0,power_3_2,138,101-300,299.8403260537213,296.4665735232676,1.7853437792915121,1.4716840050102424,-3.3737525304537144,1.1251830515449919
fine-n80,80,0.02263390483074383,11.825457423506625,1.0,power_3_2,139,101-300,301.64932546219416,298.067164436563,1.7949826569439975,1.4769762251193461,-3.5821610256311374,1.1875249580427427
fine-n80,80,0.02263390483074383,11.825457423506625,1.0,power_3_2,140,101-300,302.6967495896069,298.9171689671365,1.8001014475145298,1.4797828420949901,-3.779580622470405,1.2486360119805453
fine-n80,80,0.02263390483074383,11.825457423506625,1.0,power_3_2,141,101-300,304.8643713408573,299.85757448960544,1.805764639589098,1.4828848548485782,-5.006796851251863,1.6423030442130455
fine-n80,80,0.02263390483074383,11.825457423506625,1.0,power_3_2,142,101-300,305.7289126020368,302.3109088576547,1.8205388018174582,1.4909621773451853,-3.4180037443821334,1.1179851180222862
fine-n80,80,0.02263390483074383,11.825457423506625,1.0,power_3_2,143,101-300,307.2194961281701,303.01630826015025,1.8247867695400743,1.4932805747607605,-4.203187868019825,1.3681383899758368
fine-n80,80,0.02263390483074383,11.825457423506625,1.0,power_3_2,144,101-300,310.1094631467019,304.8671738957556,1.835932820204613,1.4993551777024443,-5.242289250946271,1.690464134100393
fine-n80,80,0.02263390483074383,11.825457423506625,1.0,power_3_2,145,101-300,311.165141530356,308.9990761432641,1.8608154431815025,1.5128720557958966,-2.1660653870918622,0.6961144093579485
fine-n80,80,0.02263390483074383,11.825457423506625,1.0,power_3_2,146,101-300,312.4278011806009,310.346191386095,1.868927871473821,1.5172658878008376,-2.081609794505937,0.6662690665299177
fine-n80,80,0.02263390483074383,11.825457423506625,1.0,power_3_2,147,101-300,313.9852857311589,311.2230243655072,1.8742082249607828,1.5201224033627994,-2.7622613656517387,0.8797422972288095
fine-n80,80,0.02263390483074383,11.825457423506625,1.0,power_3_2,148,101-300,315.47561608947575,311.82811398845456,1.877852119722356,1.5220920787469507,-3.647502101021189,1.1561914503042536
fine-n80,80,0.02263390483074383,11.825457423506625,1.0,power_3_2,149,101-300,317.7348059423702,314.2421070397446,1.892389365612019,1.5299374162507204,-3.492698902625591,1.0992497004747683
fine-n80,80,0.02263390483074383,11.825457423506625,1.0,power_3_2,150,101-300,318.8531042563166,315.9744993057005,1.9028219608235473,1.5355552129468955,-2.878604950616136,0.9027997257013093
fine-n80,80,0.02263390483074383,11.825457423506625,1.0,power_3_2,151,101-300,321.1601343091136,317.4233484593299,1.9115470383013324,1.540245657055551,-3.7367858497837005,1.1635273032321876
fine-n80,80,0.02263390483074383,11.825457423506625,1.0,power_3_2,152,101-300,322.14455867248296,318.9605559866217,1.9208042164840704,1.5452143533041085,-3.1840026858612305,0.988376987952894
fine-n80,80,0.02263390483074383,11.825457423506625,1.0,power_3_2,153,101-300,323.4669695575121,320.5154181167129,1.9301677119993461,1.55023200085312,-2.9515514407991645,0.9124738284211062
fine-n80,80,0.02263390483074383,11.825457423506625,1.0,power_3_2,154,101-300,324.8628660517396,322.7870279275548,1.9438475154138304,1.557548082708287,-2.075838124184827,0.6389890446432915
fine-n80,80,0.02263390483074383,11.825457423506625,1.0,power_3_2,155,101-300,327.44390126190547,325.0125710759033,1.9572499019568683,1.5646991740730987,-2.431330186002185,0.7425180852757706
fine-n80,80,0.02263390483074383,11.825457423506625,1.0,power_3_2,156,101-300,329.03307168048093,326.68591212850026,1.9673268863648685,1.5700651896355198,-2.347159551980667,0.7133506489159115
fine-n80,80,0.02263390483074383,11.825457423506625,1.0,power_3_2,157,101-300,329.9532397282339,326.9738729581613,1.9690610079213235,1.5709876881032,-2.979366770072602,0.9029663635145873
fine-n80,80,0.02263390483074383,11.825457423506625,1.0,power_3_2,158,101-300,331.4744675826634,327.1462053556031,1.9700988064497937,1.5715396349526385,-4.328262227060293,1.3057603677969274
fine-n80,80,0.02263390483074383,11.825457423506625,1.0,power_3_2,159,101-300,333.64537852486984,331.8193084114871,1.9982405809900383,1.5864699475555026,-1.826070113382741,0.5473086788902206
fine-n80,80,0.02263390483074383,11.825457423506625,1.0,power_3_2,160,101-300,334.2113548332444,332.0481996072394,1.999618980813042,1.587199435480149,-2.163155226005017,0.6472416914393375
fine-n80,80,0.02263390483074383,11.825457423506625,1.0,power_3_2,161,101-300,336.84185042839067,333.93803562341634,2.010999714010937,1.5932160490112128,-2.9038148049743313,0.8620706724183177
fine-n80,80,0.02263390483074383,11.825457423506625,1.0,power_3_2,162,101-300,338.3399928508066,335.7350650497873,2.0218215590150708,1.5989266781301308,-2.6049278010193007,0.7699142448607789
fine-n80,80,0.02263390483074383,11.825457423506625,1.0,power_3_2,163,101-300,339.85821672536355,336.15973494529436,2.0243789527447764,1.6002747112053808,-3.698481780069187,1.0882425664752717
fine-n80,80,0.02263390483074383,11.825457423506625,1.0,power_3_2,164,101-300,341.04226111104657,337.38298457509364,2.0317454530929564,1.604154513870657,-3.6592765359529267,1.0729686473552413
fine-n80,80,0.02263390483074383,11.825457423506625,1.0,power_3_2,165,101-300,342.0548775103636,337.5622200549716,2.0328248224978287,1.604722604073802,-4.49265745539202,1.3134317768223907
fine-n80,80,0.02263390483074383,11.825457423506625,1.0,power_3_2,166,101-300,344.6617029402523,341.2305868451225,2.054916000437798,1.616327576212885,-3.4311160951298234,0.9955025655184594
fine-n80,80,0.02263390483074383,11.825457423506625,1.0,power_3_2,167,101-300,346.34787056600993,343.5666695709123,2.068984064546455,1.6236961608306577,-2.781200995097606,0.8030079672649644
fine-n80,80,0.02263390483074383,11.825457423506625,1.0,power_3_2,168,101-300,347.2726775844205,344.46165689133056,2.074373744826644,1.6265147448422768,-2.8110206930899153,0.8094563363415103
fine-n80,80,0.02263390483074383,11.825457423506625,1.0,power_3_2,169,101-300,349.31626087069617,346.17133194880967,2.084669535317307,1.6318922498055455,-3.1449289218865033,0.900309912297681
fine-n80,80,0.02263390483074383,11.825457423506625,1.0,power_3_2,170,101-300,350.4084193491921,347.9903019948083,2.0956235083664345,1.6376038138723341,-2.41811735438381,0.6900854034486215
fine-n80,80,0.02263390483074383,11.825457423506625,1.0,power_3_2,171,101-300,351.87864902535927,351.4844774442599,2.116665693083229,1.6485476851800416,-0.39417158109938555,0.11201918109870267
fine-n80,80,0.02263390483074383,11.825457423506625,1.0,power_3_2,172,101-300,353.4889004887188,352.0428455781886,2.120028227559264,1.6502931448117752,-1.446054910530222,0.4090807118783554
fine-n80,80,0.02263390483074383,11.825457423506625,1.0,power_3_2,173,101-300,356.0175749772649,353.1328033517348,2.126592034424791,1.6536976980855038,-2.8847716255301066,0.810289106012344
fine-n80,80,0.02263390483074383,11.825457423506625,1.0,power_3_2,174,101-300,357.1513022520396,354.49187586525505,2.1347764702914835,1.6579379459506682,-2.65942638678456,0.7446217807454102
fine-n80,80,0.02263390483074383,11.825457423506625,1.0,power_3_2,175,101-300,357.95268510163226,356.9819647815205,2.149771971145776,1.6656928856230846,-0.9707203201117522,0.271186768674787
fine-n80,80,0.02263390483074383,11.825457423506625,1.0,power_3_2,176,101-300,359.74375495311443,357.62976469551336,2.1536730704600364,1.6677073844507155,-2.113990257601074,0.5876377917600242
fine-n80,80,0.02263390483074383,11.825457423506625,1.0,power_3_2,177,101-300,361.28936169580464,359.8739298157745,2.1671875999044388,1.674676803246004,-1.4154318800301553,0.3917723658915561
fine-n80,80,0.02263390483074383,11.825457423506625,1.0,power_3_2,178,101-300,363.33133057897385,360.79718806907255,2.172747529847353,1.677539840718751,-2.534142509901301,0.6974742601644365
fine-n80,80,0.02263390483074383,11.825457423506625,1.0,power_3_2,179,101-300,364.736024114089,361.29056847830446,2.1757187034065786,1.6790688193250995,-3.4454556357845263,0.9446436348461132
fine-n80,80,0.02263390483074383,11.825457423506625,1.0,power_3_2,180,101-300,366.2127102883313,363.7808375406975,2.190715289114264,1.6867755328055436,-2.431872747633804,0.6640601703089744
fine-n80,80,0.02263390483074383,11.825457423506625,1.0,power_3_2,181,101-300,367.9935754817403,363.80838308742193,2.190881170447553,1.6868606803506425,-4.185192394318392,1.1373003968451236
fine-n80,80,0.02263390483074383,11.825457423506625,1.0,power_3_2,182,101-300,368.96843809573437,367.690993059155,2.2142625367785698,1.6988410303302492,-1.2774450365793655,0.3462206803303629
fine-n80,80,0.02263390483074383,11.825457423506625,1.0,power_3_2,183,101-300,370.050919212106,368.4583534683028,2.218883638296576,1.7012038301729546,-1.5925657438032204,0.430363947532959
fine-n80,80,0.02263390483074383,11.825457423506625,1.0,power_3_2,184,101-300,373.06192837211285,372.3069854391408,2.2420603865763575,1.7130296117664745,-0.7549429329720283,0.2023639711150064
fine-n80,80,0.02263390483074383,11.825457423506625,1.0,power_3_2,185,101-300,373.86487391090856,372.7626619201693,2.2448045042726816,1.714427075315253,-1.1022119907392494,0.29481560522369504
fine-n80,80,0.02263390483074383,11.825457423506625,1.0,power_3_2,186,101-300,375.82591276673935,374.30134895757266,2.254070592175468,1.719141702034602,-1.5245638091666933,0.40565691650775854
fine-n80,80,0.02263390483074383,11.825457423506625,1.0,power_3_2,187,101-300,376.32409223066804,374.4699562257022,2.255085957697865,1.7196579314122251,-1.8541360049658238,0.49269659935280735
fine-n80,80,0.02263390483074383,11.825457423506625,1.0,power_3_2,188,101-300,378.4366802499655,375.4285589998781,2.2608587349770946,1.7225914401724431,-3.008121250087413,0.7948809951774455
fine-n80,80,0.02263390483074383,11.825457423506625,1.0,power_3_2,189,101-300,379.87297534653237,377.8050938150365,2.275170404579806,1.7298533482863987,-2.067881531495857,0.5443613169927313
fine-n80,80,0.02263390483074383,11.825457423506625,1.0,power_3_2,190,101-300,381.4844686171865,380.6156951233743,2.2920960549230327,1.7384219987960516,-0.8687734938122276,0.22773495785067668
fine-n80,80,0.02263390483074383,11.825457423506625,1.0,power_3_2,191,101-300,383.44352944953647,381.5395120139506,2.2976593490212305,1.7412338195055732,-1.9040174355858426,0.4965574561446402
fine-n80,80,0.02263390483074383,11.825457423506625,1.0,power_3_2,192,101-300,384.95611681486366,382.36974627966924,2.3026590815848045,1.743758867208787,-2.586370535194419,0.6718611348727518
fine-n80,80,0.02263390483074383,11.825457423506625,1.0,power_3_2,193,101-300,385.86130084597426,383.49248143405794,2.3094202762782166,1.7471706129657383,-2.36881941191632,0.6139043761897985
fine-n80,80,0.02263390483074383,11.825457423506625,1.0,power_3_2,194,101-300,387.222890222388,384.3587931371758,2.314637269855968,1.749800868879986,-2.8640970852122223,0.739650768984067
fine-n80,80,0.02263390483074383,11.825457423506625,1.0,power_3_2,195,101-300,388.84612835423223,388.23124419097286,2.3379574584267884,1.7615341604832861,-0.6148841632593758,0.15813045789136074
fine-n80,80,0.02263390483074383,11.825457423506625,1.0,power_3_2,196,101-300,391.45608356363806,389.4563766975682,2.3453352975992243,1.7652381029686761,-1.9997068660698574,0.5108381118682422
fine-n80,80,0.02263390483074383,11.825457423506625,1.0,power_3_2,197,101-300,392.2450833395191,391.933063582228,2.3602500904213333,1.7727140302482125,-0.3120197572911252,0.07954714298382867
fine-n80,80,0.02263390483074383,11.825457423506625,1.0,power_3_2,198,101-300,393.427743844434,392.6038985930232,2.3642899088036247,1.774736245712975,-0.8238452514108303,0.20940192050527795
fine-n80,80,0.02263390483074383,11.825457423506625,1.0,power_3_2,199,101-300,395.5828700109937,395.0636946178267,2.3791029836100637,1.782141407813845,-0.5191753931670178,0.13124314335264045
fine-n80,80,0.02263390483074383,11.825457423506625,1.0,power_3_2,200,101-300,396.3818542225922,396.1802071493975,2.38582670520556,1.7854975706754608,-0.20164707319469244,0.05087192338563901
fine-n80,80,0.02263390483074383,11.825457423506625,1.0,power_3_2,201,101-300,397.9187362096142,397.2497909055373,2.3922678182213093,1.7887097131856398,-0.6689453040769422,0.168111034541625
fine-n80,80,0.02263390483074383,11.825457423506625,1.0,power_3_2,202,101-300,399.9851198761949,397.81120038117473,2.39564866788356,1.7903945677776612,-2.1739194950201863,0.5435000921266939
fine-n80,80,0.02263390483074383,11.825457423506625,1.0,power_3_2,203,101-300,401.8392286005332,400.422897541488,2.4113765026378973,1.7982221785584593,-1.4163310590452056,0.3524621187378335
fine-n80,80,0.02263390483074383,11.825457423506625,1.0,power_3_2,204,101-300,402.86191776388614,400.6200254352232,2.412563621491205,1.798812305769875,-2.2418923286629138,0.5564914998932382
fine-n80,80,0.02263390483074383,11.825457423506625,1.0,power_3_2,205,101-300,404.236441800208,402.6457417926727,2.4247626362212675,1.8048709470545152,-1.590700007535304,0.39350732468635274
fine-n80,80,0.02263390483074383,11.825457423506625,1.0,power_3_2,206,101-300,405.13438745990993,406.43871632761926,2.4476042112781142,1.816187969251193,1.30432886770933,0.32194968091628606
fine-n80,80,0.02263390483074383,11.825457423506625,1.0,power_3_2,207,101-300,407.5814603868962,407.6847248062066,2.4551077671082147,1.8198979683688632,0.10326441931039199,0.02533589707745008
fine-n80,80,0.02263390483074383,11.825457423506625,1.0,power_3_2,208,101-300,408.9472455023511,408.522970631717,2.460155745881358,1.8223917247529826,-0.4242748706341217,0.10374806904810965
fine-n80,80,0.02263390483074383,11.825457423506625,1.0,power_3_2,209,101-300,410.51386919336665,410.0299456521208,2.4692308616566425,1.8268706456856658,-0.483923541245872,0.11788238536172983
fine-n80,80,0.02263390483074383,11.825457423506625,1.0,power_3_2,210,101-300,411.9722678042788,410.05096376491275,2.4693574342967883,1.8269330753458422,-1.9213040393660208,0.46636732360800576
fine-n80,80,0.02263390483074383,11.825457423506625,1.0,power_3_2,211,101-300,413.26273607018504,413.333310269944,2.489123969338476,1.8366695163009852,0.07057419975893708,0.017077319970836027
fine-n80,80,0.02263390483074383,11.825457423506625,1.0,power_3_2,212,101-300,415.01880975515513,413.8095349133014,2.4919918295982653,1.8380799993028936,-1.2092748418537553,0.2913783215192536
fine-n80,80,0.02263390483074383,11.825457423506625,1.0,power_3_2,213,101-300,415.4552149962946,414.5561144589757,2.4964877872091877,1.8402901314397537,-0.8991005373189296,0.21641334730313797
fine-n80,80,0.02263390483074383,11.825457423506625,1.0,power_3_2,214,101-300,418.3877057895348,416.9937945901515,2.511167678457553,1.8474972838658108,-1.3939111993832967,0.33316256192396054
fine-n80,80,0.02263390483074383,11.825457423506625,1.0,power_3_2,215,101-300,419.8613648181523,419.2135349132778,2.524535119955052,1.8540478760305636,-0.6478299048745271,0.15429614609934664
fine-n80,80,0.02263390483074383,11.825457423506625,1.0,power_3_2,216,101-300,420.6438276250418,420.5740903662638,2.5327284861936206,1.858057244722506,-0.06973725877799097,0.016578695370791024
fine-n80,80,0.02263390483074383,11.825457423506625,1.0,power_3_2,217,101-300,422.07671005882673,420.74159553324534,2.533737214780846,1.858550560153693,-1.335114525581389,0.3163203497760651
fine-n80,80,0.02263390483074383,11.825457423506625,1.0,power_3_2,218,101-300,423.7165796274818,424.0129330555852,2.5534374529090886,1.868171817132511,0.2963534281034299,0.06994142838686522
fine-n80,80,0.02263390483074383,11.825457423506625,1.0,power_3_2,219,101-300,425.06988249446135,425.9817488884906,2.565293808443795,1.873950329089979,0.9118663940292322,0.21452152494975077
fine-n80,80,0.02263390483074383,11.825457423506625,1.0,power_3_2,220,101-300,427.2088250840746,426.9008625585599,2.5708287793979197,1.87664489614803,-0.3079625255147107,0.07208711698643018
fine-n80,80,0.02263390483074383,11.825457423506625,1.0,power_3_2,221,101-300,428.12791407661666,428.167940142115,2.5784592149468444,1.880356421327058,0.040026065498352636,0.009349090349476646
fine-n80,80,0.02263390483074383,11.825457423506625,1.0,power_3_2,222,101-300,430.3287454309386,429.4379137218375,2.5861070904003114,1.884072757543561,-0.8908317091011213,0.20701189928853744
fine-n80,80,0.02263390483074383,11.825457423506625,1.0,power_3_2,223,101-300,431.3013069307036,431.6064367160683,2.5991660973297948,1.8904100713847796,0.30512978536467017,0.07074631596553331
fine-n80,80,0.02263390483074383,11.825457423506625,1.0,power_3_2,224,101-300,432.1386417345886,433.64934159158804,2.6114686225954538,1.8963705752616433,1.5106998569994516,0.34958684808550283
fine-n80,80,0.02263390483074383,11.825457423506625,1.0,power_3_2,225,101-300,433.88921848092724,434.1260167892864,2.6143391961270317,1.8977600040099627,0.23679830835914117,0.054575753043181525
fine-n80,80,0.02263390483074383,11.825457423506625,1.0,power_3_2,226,101-300,436.16100643264696,437.15009452544035,2.632550417413038,1.906562872682584,0.9890880927933949,0.22677132485618756
fine-n80,80,0.02263390483074383,11.825457423506625,1.0,power_3_2,227,101-300,437.5816981676686,437.70996020500957,2.635921970220421,1.9081903707549537,0.12826203734095998,0.02931156350415133
fine-n80,80,0.02263390483074383,11.825457423506625,1.0,power_3_2,228,101-300,438.6217386562722,438.65645972988096,2.6416218608311883,1.9109402144907608,0.03472107360875043,0.007915949108021694
fine-n80,80,0.02263390483074383,11.825457423506625,1.0,power_3_2,229,101-300,439.91844221437066,439.6994339677947,2.6479027293469586,1.9139680546159312,-0.2190082465759815,0.049783829355637604
fine-n80,80,0.02263390483074383,11.825457423506625,1.0,power_3_2,230,101-300,441.68319920118904,440.3130998543769,2.65159827100669,1.9157484584932905,-1.3700993468121396,0.310199561425485
fine-n80,80,0.02263390483074383,11.825457423506625,1.0,power_3_2,231,101-300,442.90454630260945,442.0042007878402,2.6617822067395855,1.920650506225414,-0.9003455147692421,0.20328206659547166
fine-n80,80,0.02263390483074383,11.825457423506625,1.0,power_3_2,232,101-300,444.31933627755916,445.372143645313,2.682064209388786,1.930394688113694,1.0528073677538146,0.23694835713747617
fine-n80,80,0.02263390483074383,11.825457423506625,1.0,power_3_2,233,101-300,446.8606226964295,446.6949610207144,2.6900303141143374,1.9342151593991628,-0.16566167571511414,0.037072336943784555
fine-n80,80,0.02263390483074383,11.825457423506625,1.0,power_3_2,234,101-300,447.4417041944933,449.56767148675266,2.707329990429598,1.9424989652265205,2.125967292259361,0.47513838614722614
fine-n80,80,0.02263390483074383,11.825457423506625,1.0,power_3_2,235,101-300,449.1485456850233,451.0910141630238,2.716503673447176,1.9468845459280677,1.9424684780004782,0.43247796228259033
fine-n80,80,0.02263390483074383,11.825457423506625,1.0,power_3_2,236,101-300,450.1269457803135,452.5507032002456,2.725294029511043,1.9510822436292798,2.4237574199320875,0.5384608592428086
fine-n80,80,0.02263390483074383,11.825457423506625,1.0,power_3_2,237,101-300,451.4033084453888,453.58409681341465,2.7315172027912715,1.9540512949074547,2.180788368025844,0.48311306701237394
fine-n80,80,0.02263390483074383,11.825457423506625,1.0,power_3_2,238,101-300,453.9867378066779,455.3759947831552,2.7423081457815117,1.9591942723226277,1.3892569764772702,0.306012678517684
fine-n80,80,0.02263390483074383,11.825457423506625,1.0,power_3_2,239,101-300,454.9746837686168,455.6438644510331,2.7439212768658128,1.9599625126139957,0.6691806824163109,0.1470808610433875
fine-n80,80,0.02263390483074383,11.825457423506625,1.0,power_3_2,240,101-300,456.32842668924604,457.1867502893659,2.75321265026042,1.9643845251793233,0.8583236001198316,0.1880933884279664
fine-n80,80,0.02263390483074383,11.825457423506625,1.0,power_3_2,241,101-300,457.903893064103,459.07296850119815,2.764571596771187,1.9697837990701383,1.1690754370951595,0.25531022007089554
fine-n80,80,0.02263390483074383,11.825457423506625,1.0,power_3_2,242,101-300,459.513415281106,460.715829694465,2.7744650291969104,1.9744804442872095,1.2024144133590084,0.2616712316491206
fine-n80,80,0.02263390483074383,11.825457423506625,1.0,power_3_2,243,101-300,460.08794442217584,460.9199154722657,2.7756940489461126,1.9750634987525046,0.8319710500898623,0.1808287002900574
fine-n80,80,0.02263390483074383,11.825457423506625,1.0,power_3_2,244,101-300,462.06536727488253,462.7398349992862,2.786653739840648,1.9802590439031944,0.6744677244036552,0.14596803226813027
fine-n80,80,0.02263390483074383,11.825457423506625,1.0,power_3_2,245,101-300,464.05728691054827,463.46196068694064,2.7910024344978535,1.9823186954898402,-0.5953262236076284,0.1282872266850932
fine-n80,80,0.02263390483074383,11.825457423506625,1.0,power_3_2,246,101-300,465.6715392113711,466.21561559277046,2.807585149365211,1.990162892563643,0.5440763813993499,0.11683694097362268
fine-n80,80,0.02263390483074383,11.825457423506625,1.0,power_3_2,247,101-300,466.5702869308262,467.99465577908836,2.818298661826348,1.9952225426417067,1.4243688482621337,0.3052849459471282
fine-n80,80,0.02263390483074383,11.825457423506625,1.0,power_3_2,248,101-300,467.43904621026167,470.60997606014894,2.834048315283587,2.0026489776897365,3.1709298498872727,0.6783622112006743
fine-n80,80,0.02263390483074383,11.825457423506625,1.0,power_3_2,249,101-300,469.53600455911203,472.1839480903782,2.843526892040329,2.0071117801301126,2.647943531266151,0.5639489848606039
fine-n80,80,0.02263390483074383,11.825457423506625,1.0,power_3_2,250,101-300,470.77365547810166,472.86166062190625,2.8476081273645417,2.0090318222824957,2.088005143804594,0.4435263357470772
fine-n80,80,0.02263390483074383,11.825457423506625,1.0,power_3_2,251,101-300,472.7991746619088,474.65353734972115,2.8583989424343237,2.014104014100941,1.8543626878123405,0.39220937497159675
fine-n80,80,0.02263390483074383,11.825457423506625,1.0,power_3_2,252,101-300,473.8352323451397,476.04066609953173,2.8667523350448954,2.018026120576751,2.205433754392061,0.4654431759911074
fine-n80,80,0.02263390483074383,11.825457423506625,1.0,power_3_2,253,101-300,475.6003393693758,476.89232760981974,2.87188110407064,2.020432305925352,1.2919882404439704,0.27165418808512365
fine-n80,80,0.02263390483074383,11.825457423506625,1.0,power_3_2,254,101-300,476.7690152374845,477.85376742353327,2.8776709662132,2.0231469255946584,1.0847521860487745,0.22752153587590968
fine-n80,80,0.02263390483074383,11.825457423506625,1.0,power_3_2,255,101-300,478.07526376667096,479.28830478636735,2.8863098570212253,2.027193951217936,1.2130410196963908,0.2537343200187882
fine-n80,80,0.02263390483074383,11.825457423506625,1.0,power_3_2,256,101-300,478.9421815346348,482.0623404115024,2.903015306097693,2.0350084509616897,3.120158876867606,0.651468798774403
fine-n80,80,0.02263390483074383,11.825457423506625,1.0,power_3_2,257,101-300,481.8303393762866,482.74330944347037,2.907116152310019,2.036924457200481,0.9129700671837782,0.18947957249134367
fine-n80,80,0.02263390483074383,11.825457423506625,1.0,power_3_2,258,101-300,482.8347827909824,485.0015216468169,2.9207152743346425,2.043271831733293,2.1667388558345237,0.44875367994614795
fine-n80,80,0.02263390483074383,11.825457423506625,1.0,power_3_2,259,101-300,483.8514272124825,487.23230403614804,2.934149211976968,2.0495324413078584,3.380876823665517,0.6987427614181265
fine-n80,80,0.02263390483074383,11.825457423506625,1.0,power_3_2,260,101-300,485.539148129356,488.47037719242337,2.9416049807052778,2.0530029250402095,2.9312290630673488,0.6037060192490222
fine-n80,80,0.02263390483074383,11.825457423506625,1.0,power_3_2,261,101-300,486.52871826165125,489.36484407316624,2.946991526858992,2.055508410496463,2.8361258115149894,0.5829308127274295
fine-n80,80,0.02263390483074383,11.825457423506625,1.0,power_3_2,262,101-300,488.38056709001745,491.4184769749123,2.959358657097346,2.0612550605434383,3.037909884894873,0.6220374211439357
fine-n80,80,0.02263390483074383,11.825457423506625,1.0,power_3_2,263,101-300,489.66176157795616,491.9275017200963,2.9624240420124797,2.062678217964389,2.265740142140146,0.4627153516824962
fine-n80,80,0.02263390483074383,11.825457423506625,1.0,power_3_2,264,101-300,491.398821593663,492.95317875981993,2.96860074551288,2.0655443681866625,1.554357166156933,0.31631275816168497
fine-n80,80,0.02263390483074383,11.825457423506625,1.0,power_3_2,265,101-300,493.3144415817853,495.15219951050244,2.981843412202438,2.0716826179032233,1.837757928717167,0.37253276486787995
fine-n80,80,0.02263390483074383,11.825457423506625,1.0,power_3_2,266,101-300,493.9579978053695,498.7237731308549,3.003351694467107,2.0816328248070755,4.765775325485436,0.9648138802609808
fine-n80,80,0.02263390483074383,11.825457423506625,1.0,power_3_2,267,101-300,495.3588288221313,499.56573345462164,3.008422042225315,2.0839750157680506,4.206904632490364,0.8492640864993928
fine-n80,80,0.02263390483074383,11.825457423506625,1.0,power_3_2,268,101-300,496.4296962157591,499.6998836963771,3.0092299049693754,2.084348077439834,3.270187480618006,0.658741309302478
fine-n80,80,0.02263390483074383,11.825457423506625,1.0,power_3_2,269,101-300,498.58078242968656,500.1865436926085,3.0121606077011407,2.0857011619372714,1.6057612629219307,0.322066417220641
fine-n80,80,0.02263390483074383,11.825457423506625,1.0,power_3_2,270,101-300,500.3090849416905,503.9902101054536,3.035066570042761,2.0962616092801705,3.681125163763113,0.7357702017727975
fine-n80,80,0.02263390483074383,11.825457423506625,1.0,power_3_2,271,101-300,501.6044469651455,504.27286480111144,3.036768737665178,2.0970453054778124,2.668417835965954,0.5319765109959984
fine-n80,80,0.02263390483074383,11.825457423506625,1.0,power_3_2,272,101-300,502.27627032711825,507.6416757493144,3.0570559680213893,2.106374522675101,5.365405422196147,1.0682179786637762
fine-n80,80,0.02263390483074383,11.825457423506625,1.0,power_3_2,273,101-300,504.49977331342774,508.515719220629,3.0623195228828934,2.1087916278580794,4.015945907201285,0.7960253145062012
fine-n80,80,0.02263390483074383,11.825457423506625,1.0,power_3_2,274,101-300,505.41523174224443,508.9843665539247,3.06514175201732,2.110087068422541,3.5691348116802715,0.7061787195009759
fine-n80,80,0.02263390483074383,11.825457423506625,1.0,power_3_2,275,101-300,506.46415270952355,509.98003372460335,3.0711377338519346,2.112837984667758,3.515881015079799,0.6942013558650202
fine-n80,80,0.02263390483074383,11.825457423506625,1.0,power_3_2,276,101-300,508.8007003364678,510.3778097711731,3.0735331708209483,2.1139364945027155,1.577109434705278,0.3099660502948094
fine-n80,80,0.02263390483074383,11.825457423506625,1.0,power_3_2,277,101-300,510.26422794367284,513.2994084164718,3.0911272553917035,2.121996140320338,3.03518047279897,0.5948252506413243
fine-n80,80,0.02263390483074383,11.825457423506625,1.0,power_3_2,278,101-300,511.5622897003746,515.349163619731,3.1034710338410543,2.1276415561421347,3.786873919356424,0.7402566599610814
fine-n80,80,0.02263390483074383,11.825457423506625,1.0,power_3_2,279,101-300,512.6231445314074,516.0347557375799,3.107599720620769,2.129528136020775,3.411611206172438,0.6655203227881988
fine-n80,80,0.02263390483074383,11.825457423506625,1.0,power_3_2,280,101-300,513.6689855554737,518.1692711935422,3.1204539316227553,2.1353964523920994,4.500285638068476,0.8761061626490719
fine-n80,80,0.02263390483074383,11.825457423506625,1.0,power_3_2,281,101-300,515.4350571672994,519.6800441690547,3.1295519189664827,2.1395450756210295,4.2449870017552485,0.8235735894808208
fine-n80,80,0.02263390483074383,11.825457423506625,1.0,power_3_2,282,101-300,517.5896685724674,520.9534131655962,3.1372202418728405,2.143038659794805,3.3637445931287857,0.6498863476943281
fine-n80,80,0.02263390483074383,11.825457423506625,1.0,power_3_2,283,101-300,518.2342231475501,522.8680951650081,3.1487505994316947,2.1482863819804687,4.633872017457975,0.8941655742674934
fine-n80,80,0.02263390483074383,11.825457423506625,1.0,power_3_2,284,101-300,520.1063104117233,523.1736952409623,3.1505909458426635,2.1491233713371227,3.0673848292390176,0.5897611253381706
fine-n80,80,0.02263390483074383,11.825457423506625,1.0,power_3_2,285,101-300,521.525193449492,524.5892951651756,3.1591157939853214,2.1529983477035053,3.0641017156835915,0.5875270752342551
fine-n80,80,0.02263390483074383,11.825457423506625,1.0,power_3_2,286,101-300,522.4566961777302,527.5153296947597,3.176736591781518,2.1609968659355605,5.0586335170294205,0.968239770690692
fine-n80,80,0.02263390483074383,11.825457423506625,1.0,power_3_2,287,101-300,523.9605308920159,527.6134041012617,3.177327203159642,2.161264702598634,3.652873209245854,0.6971657202932872
fine-n80,80,0.02263390483074383,11.825457423506625,1.0,power_3_2,288,101-300,525.0773856872796,529.2254850695701,3.187035274778913,2.165664845864463,4.148099382290525,0.7899977213570208
fine-n80,80,0.02263390483074383,11.825457423506625,1.0,power_3_2,289,101-300,527.9036416012724,532.247036559835,3.2052312828240828,2.173900096630067,4.343394958562612,0.8227628332678173
fine-n80,80,0.02263390483074383,11.825457423506625,1.0,power_3_2,290,101-300,528.4062138522927,533.3888614763338,3.2121074374862584,2.177008085288557,4.982647624041078,0.942957802807727
fine-n80,80,0.02263390483074383,11.825457423506625,1.0,power_3_2,291,101-300,529.8062263187069,533.9494982269505,3.2154836337408996,2.178533297776701,4.143271908243605,0.7820353371519656
fine-n80,80,0.02263390483074383,11.825457423506625,1.0,power_3_2,292,101-300,530.866917883961,535.097276836018,3.222395641983008,2.181654165879229,4.230358952056918,0.7968774865307403
fine-n80,80,0.02263390483074383,11.825457423506625,1.0,power_3_2,293,101-300,532.6881830282937,537.9814982900815,3.239764638325212,2.1894866788078957,5.293315261787825,0.9936986459312297
fine-n80,80,0.02263390483074383,11.825457423506625,1.0,power_3_2,294,101-300,533.7796307537687,539.9143239838442,3.2514042585623426,2.194727709271667,6.134693230075413,1.149293243245794
fine-n80,80,0.02263390483074383,11.825457423506625,1.0,power_3_2,295,101-300,535.6643140758732,540.6883325410632,3.2560653957230246,2.1968247486625034,5.024018465190011,0.9379042682463242
fine-n80,80,0.02263390483074383,11.825457423506625,1.0,power_3_2,296,101-300,537.0697590831223,543.6927825150884,3.274158417164099,2.2049553137137545,6.6230234319660894,1.2331775006793937
fine-n80,80,0.02263390483074383,11.825457423506625,1.0,power_3_2,297,101-300,538.4285261762479,544.8224366162723,3.280961278270266,2.208008477970475,6.393910440024342,1.1875133149857247
fine-n80,80,0.02263390483074383,11.825457423506625,1.0,power_3_2,298,101-300,540.2131663762282,545.1779355629105,3.2831021193957337,2.208968863467101,4.964769186682361,0.9190389082861926
fine-n80,80,0.02263390483074383,11.825457423506625,1.0,power_3_2,299,101-300,540.6313902472951,546.1683312552808,3.2890663559954856,2.2116433314316057,5.536941007985661,1.0241619535730173
fine-n80,80,0.02263390483074383,11.825457423506625,1.0,power_3_2,300,101-300,541.8474371212013,549.1867707594266,3.3072436234285414,2.219784384052552,7.339333638225298,1.3545018644396807
fine-n80,80,0.02263390483074383,11.825457423506625,1.0,power_3_2,301,301-320,544.3238901010053,549.2652575413063,3.3077162766727857,2.219995872010699,4.941367440300951,0.9077991119191968
fine-n80,80,0.02263390483074383,11.825457423506625,1.0,power_3_2,302,301-320,545.6368332489349,550.6347780994378,3.3159636314420404,2.223684518371531,4.997944850502904,0.9159837727125546
fine-n80,80,0.02263390483074383,11.825457423506625,1.0,power_3_2,303,301-320,547.0109120581222,552.3406451796275,3.3262364900099417,2.228274801497136,5.329733121505228,0.9743376236229309
fine-n80,80,0.02263390483074383,11.825457423506625,1.0,power_3_2,304,301-320,547.9316133644893,553.6511911355168,3.3341286953335185,2.231798113846048,5.719577771027502,1.0438488365194554
fine-n80,80,0.02263390483074383,11.825457423506625,1.0,power_3_2,305,301-320,549.4975675626614,555.197194005299,3.3434388397235932,2.2359508638643124,5.699626442637623,1.0372432525804898
fine-n80,80,0.02263390483074383,11.825457423506625,1.0,power_3_2,306,301-320,550.9700100394839,556.2901498693856,3.350020701313578,2.2388843495160637,5.320139829901677,0.9655951745033133
fine-n80,80,0.02263390483074383,11.825457423506625,1.0,power_3_2,307,301-320,552.0495722005649,558.8250357963451,3.365285973101649,2.24568058100581,6.775463595780252,1.2273288372948257
fine-n80,80,0.02263390483074383,11.825457423506625,1.0,power_3_2,308,301-320,553.7649721191589,559.6189677849154,3.370067090649335,2.247807061426255,5.853995665756543,1.0571263912476
fine-n80,80,0.02263390483074383,11.825457423506625,1.0,power_3_2,309,301-320,555.7920205616825,561.1886674603356,3.3795199389673174,2.2520084136382033,5.396646898653103,0.9709831553895394
fine-n80,80,0.02263390483074383,11.825457423506625,1.0,power_3_2,310,301-320,556.8994764068553,562.851124682808,3.389531380139947,2.2564537654845616,5.951648275952607,1.068711415272457
fine-n80,80,0.02263390483074383,11.825457423506625,1.0,power_3_2,311,301-320,557.5646591720586,562.8532376767191,3.3895441047466037,2.2564594127683932,5.288578504660563,0.9485139378298659
fine-n80,80,0.02263390483074383,11.825457423506625,1.0,power_3_2,312,301-320,559.3162370286822,565.208739514115,3.4037291121912094,2.262750447563756,5.8925024854328285,1.0535189388987212
fine-n80,80,0.02263390483074383,11.825457423506625,1.0,power_3_2,313,301-320,560.2408074972957,568.0075446999642,3.4205837254065266,2.270214100172937,7.766737202668537,1.3863212209342726
fine-n80,80,0.02263390483074383,11.825457423506625,1.0,power_3_2,314,301-320,562.5592076160458,568.0076504976189,3.4205843625278796,2.270214382074497,5.448442881573101,0.9685101244119598
fine-n80,80,0.02263390483074383,11.825457423506625,1.0,power_3_2,315,301-320,564.1608791107861,570.268176721727,3.4341974197578202,2.276233645157847,6.107297610940805,1.0825453938895848
fine-n80,80,0.02263390483074383,11.825457423506625,1.0,power_3_2,316,301-320,564.5060559381499,571.6499921550778,3.4425188151810664,2.2799091859332097,7.143936216927955,1.2655198543539947
fine-n80,80,0.02263390483074383,11.825457423506625,1.0,power_3_2,317,301-320,566.698787682808,573.1097415453306,3.4513095346953797,2.2837888107300435,6.4109538625226605,1.131280673589687
fine-n80,80,0.02263390483074383,11.825457423506625,1.0,power_3_2,318,301-320,567.7317579011769,573.3686550996375,3.4528687313969257,2.2844765898436097,5.636897198460588,0.9928803735234735
fine-n80,80,0.02263390483074383,11.825457423506625,1.0,power_3_2,319,301-320,568.9239551796294,577.0953812235144,3.4753113535897597,2.294364843979134,8.171426043885049,1.4362949511073129
fine-n80,80,0.02263390483074383,11.825457423506625,1.0,power_3_2,320,301-320,570.0511147824636,579.3383848663464,3.488818888530605,2.300306023361828,9.287270083882731,1.6291995301906976
fine-n80,80,0.02263390483074383,11.825457423506625,1.0,raw_J,1,1-100,14.1347,14.134699999999999,0.193503345214974,0.193503345214974,-1.7763568394002505e-15,1.2567347304153965e-14
fine-n80,80,0.02263390483074383,11.825457423506625,1.0,raw_J,2,1-100,21.022,19.573505242756553,0.26796032049185514,0.26796032049185514,-1.448494757243445,6.8903755933947535
fine-n80,80,0.02263390483074383,11.825457423506625,1.0,raw_J,3,1-100,25.0108,20.60274362458653,0.28205054312889355,0.28205054312889355,-4.408056375413469,17.62461166941269
fine-n80,80,0.02263390483074383,11.825457423506625,1.0,raw_J,4,1-100,30.4248,24.68657978176296,0.33795805851468197,0.33795805851468197,-5.738220218237043,18.860338336610404
fine-n80,80,0.02263390483074383,11.825457423506625,1.0,raw_J,5,1-100,32.935,25.722568949866282,0.35214069908253776,0.35214069908253776,-7.21243105013372,21.8989860335015
fine-n80,80,0.02263390483074383,11.825457423506625,1.0,raw_J,6,1-100,37.5861,26.97926755584367,0.369344840959169,0.369344840959169,-10.606832444156332,28.220093183800213
fine-n80,80,0.02263390483074383,11.825457423506625,1.0,raw_J,7,1-100,40.9187,29.544931985046674,0.4044686603362939,0.4044686603362939,-11.373768014953328,27.796015061459254
fine-n80,80,0.02263390483074383,11.825457423506625,1.0,raw_J,8,1-100,43.327,30.6729189663829,0.41991074642566967,0.41991074642566967,-12.6540810336171,29.20599403055162
fine-n80,80,0.02263390483074383,11.825457423506625,1.0,raw_J,9,1-100,48.0051,32.154266511087656,0.44019032118327744,0.44019032118327744,-15.850833488912343,33.01906149328372
fine-n80,80,0.02263390483074383,11.825457423506625,1.0,raw_J,10,1-100,49.7738,33.37233273344767,0.4568655876353443,0.4568655876353443,-16.40146726655233,32.95200942373765
fine-n80,80,0.02263390483074383,11.825457423506625,1.0,raw_J,11,1-100,52.9703,34.2263632121261,0.46855722272769307,0.46855722272769307,-18.7439367878739,35.385747839589165
fine-n80,80,0.02263390483074383,11.825457423506625,1.0,raw_J,12,1-100,56.4462,35.486628087506176,0.4858101866563917,0.4858101866563917,-20.95957191249382,37.13194495376805
fine-n80,80,0.02263390483074383,11.825457423506625,1.0,raw_J,13,1-100,59.347,37.19994529868088,0.509265414696371,0.509265414696371,-22.14705470131912,37.31790099132074
fine-n80,80,0.02263390483074383,11.825457423506625,1.0,raw_J,14,1-100,60.8317,38.702774744391384,0.5298390756182546,0.5298390756182546,-22.128925255608614,36.37729219405115
fine-n80,80,0.02263390483074383,11.825457423506625,1.0,raw_J,15,1-100,65.1125,38.907304729438806,0.5326390810165612,0.5326390810165612,-26.20519527056119,40.246028443941164
fine-n80,80,0.02263390483074383,11.825457423506625,1.0,raw_J,16,1-100,67.0798,39.846863341119075,0.5455015920274542,0.5455015920274542,-27.23293665888093,40.59782029594741
fine-n80,80,0.02263390483074383,11.825457423506625,1.0,raw_J,17,1-100,69.5464,40.21884113511534,0.5505939496639065,0.5505939496639065,-29.327558864884665,42.16977279181189
fine-n80,80,0.02263390483074383,11.825457423506625,1.0,raw_J,18,1-100,72.0671,42.10952002743275,0.5764772503629495,0.5764772503629495,-29.957579972567245,41.56900995401126
fine-n80,80,0.02263390483074383,11.825457423506625,1.0,raw_J,19,1-100,75.7046,43.28728078464565,0.5926007369869044,0.5926007369869044,-32.41731921535435,42.820805096855864
fine-n80,80,0.02263390483074383,11.825457423506625,1.0,raw_J,20,1-100,77.1448,44.11796371089812,0.6039727452391358,0.6039727452391358,-33.02683628910189,42.81148734471006
fine-n80,80,0.02263390483074383,11.825457423506625,1.0,raw_J,21,1-100,79.3373,44.784772119669945,0.6131013194370192,0.6131013194370192,-34.552527880330054,43.551429000394585
fine-n80,80,0.02263390483074383,11.825457423506625,1.0,raw_J,22,1-100,82.9103,45.715255482187004,0.625839590734884,0.625839590734884,-37.195044517813,44.86178981117304
fine-n80,80,0.02263390483074383,11.825457423506625,1.0,raw_J,23,1-100,84.7354,46.471707021847266,0.6361953749692347,0.6361953749692347,-38.26369297815273,45.15667947298618
fine-n80,80,0.02263390483074383,11.825457423506625,1.0,raw_J,24,1-100,87.4252,46.919625950464386,0.6423273629896753,0.6423273629896753,-40.50557404953562,46.33169160555036
fine-n80,80,0.02263390483074383,11.825457423506625,1.0,raw_J,25,1-100,88.8091,47.81797116708974,0.6546256646568401,0.6546256646568401,-40.99112883291026,46.15645112146195
fine-n80,80,0.02263390483074383,11.825457423506625,1.0,raw_J,26,1-100,92.4918,49.24059219093256,0.674101276242989,0.674101276242989,-43.25120780906744,46.762207902827534
fine-n80,80,0.02263390483074383,11.825457423506625,1.0,raw_J,27,1-100,94.6513,49.413838423611324,0.6764730086157477,0.6764730086157477,-45.23746157638868,47.79380904054005
fine-n80,80,0.02263390483074383,11.825457423506625,1.0,raw_J,28,1-100,95.8706,51.23097096770718,0.7013494634383858,0.7013494634383858,-44.63962903229282,46.56237577765531
fine-n80,80,0.02263390483074383,11.825457423506625,1.0,raw_J,29,1-100,98.8311,51.40796651289313,0.7037725237142765,0.7037725237142765,-47.423133487106874,47.98401868147462
fine-n80,80,0.02263390483074383,11.825457423506625,1.0,raw_J,30,1-100,101.3178,52.3941260254177,0.7172729987571901,0.7172729987571901,-48.92367397458231,48.287343363735005
fine-n80,80,0.02263390483074383,11.825457423506625,1.0,raw_J,31,1-100,103.7255,52.76337439185264,0.7223279906650711,0.7223279906650711,-50.96212560814735,49.13172325816444
fine-n80,80,0.02263390483074383,11.825457423506625,1.0,raw_J,32,1-100,105.4466,53.33635368224728,0.7301720488644148,0.7301720488644148,-52.110246317752726,49.418612186407834
fine-n80,80,0.02263390483074383,11.825457423506625,1.0,raw_J,33,1-100,107.1686,54.11603592595521,0.7408458602903526,0.7408458602903526,-53.05256407404479,49.50383234832291
fine-n80,80,0.02263390483074383,11.825457423506625,1.0,raw_J,34,1-100,111.0295,54.16890485782737,0.741569633357712,0.741569633357712,-56.86059514217263,51.212150952830214
fine-n80,80,0.02263390483074383,11.825457423506625,1.0,raw_J,35,1-100,111.8746,55.991106034252326,0.7665154775067134,0.7665154775067134,-55.883493965747675,49.95190504882044
fine-n80,80,0.02263390483074383,11.825457423506625,1.0,raw_J,36,1-100,114.3202,56.53117299692653,0.7739089675643409,0.7739089675643409,-57.78902700307347,50.550145121398906
fine-n80,80,0.02263390483074383,11.825457423506625,1.0,raw_J,37,1-100,116.2266,57.09494779114647,0.7816270166654498,0.7816270166654498,-59.13165220885354,50.87617826629492
fine-n80,80,0.02263390483074383,11.825457423506625,1.0,raw_J,38,1-100,118.7907,58.36762082426586,0.7990498476610485,0.7990498476610485,-60.42307917573414,50.86515962590854
fine-n80,80,0.02263390483074383,11.825457423506625,1.0,raw_J,39,1-100,121.3701,58.635778585276555,0.8027209141711921,0.8027209141711921,-62.73432141472344,51.68844832023986
fine-n80,80,0.02263390483074383,11.825457423506625,1.0,raw_J,40,1-100,122.9468,59.051578034138615,0.808413188099422,0.808413188099422,-63.89522196586138,51.96981293198472
fine-n80,80,0.02263390483074383,11.825457423506625,1.0,raw_J,41,1-100,124.2568,59.93462928189326,0.8205021160877614,0.8205021160877614,-64.32217071810675,51.7655136122182
fine-n80,80,0.02263390483074383,11.825457423506625,1.0,raw_J,42,1-100,127.5166,60.41734931574432,0.8271105295208349,0.8271105295208349,-67.09925068425568,52.62001236251255
fine-n80,80,0.02263390483074383,11.825457423506625,1.0,raw_J,43,1-100,129.5787,60.79128491679941,0.832229689439272,0.832229689439272,-68.78741508320059,53.08543385849726
fine-n80,80,0.02263390483074383,11.825457423506625,1.0,raw_J,44,1-100,131.0876,61.43044242032193,0.8409797241093293,0.8409797241093293,-69.65715757967808,53.137869317676184
fine-n80,80,0.02263390483074383,11.825457423506625,1.0,raw_J,45,1-100,133.4977,61.93921986734826,0.8479448622424011,0.8479448622424011,-71.55848013265175,53.60278127087713
fine-n80,80,0.02263390483074383,11.825457423506625,1.0,raw_J,46,1-100,134.7565,63.149948358435886,0.8645196755155893,0.8645196755155893,-71.6065516415641,53.13773483398879
fine-n80,80,0.02263390483074383,11.825457423506625,1.0,raw_J,47,1-100,138.116,63.455248586223,0.8686992205622971,0.8686992205622971,-74.660751413777,54.05655493482073
fine-n80,80,0.02263390483074383,11.825457423506625,1.0,raw_J,48,1-100,139.7362,64.51241144370324,0.8831717278924455,0.8831717278924455,-75.22378855629675,53.832713753699295
fine-n80,80,0.02263390483074383,11.825457423506625,1.0,raw_J,49,1-100,141.1237,65.23669161933734,0.8930870877414755,0.8930870877414755,-75.88700838066268,53.77339765089965
fine-n80,80,0.02263390483074383,11.825457423506625,1.0,raw_J,50,1-100,143.1118,66.03966468342217,0.9040797493485796,0.9040797493485796,-77.07213531657781,53.85449370113284
fine-n80,80,0.02263390483074383,11.825457423506625,1.0,raw_J,51,1-100,146.0009,66.25954515958067,0.907089902212392,0.907089902212392,-79.74135484041933,54.61702964873459
fine-n80,80,0.02263390483074383,11.825457423506625,1.0,raw_J,52,1-100,147.4427,66.41021870948688,0.909152615672336,0.909152615672336,-81.03248129051312,54.9586254799411
fine-n80,80,0.02263390483074383,11.825457423506625,1.0,raw_J,53,1-100,150.0515,67.26952528790493,0.9209164803096556,0.9209164803096556,-82.78197471209508,55.16904177038888
fine-n80,80,0.02263390483074383,11.825457423506625,1.0,raw_J,54,1-100,150.9252,67.73979532223123,0.9273544538638522,0.9273544538638522,-83.18540467776876,55.11697495035207
fine-n80,80,0.02263390483074383,11.825457423506625,1.0,raw_J,55,1-100,153.0246,68.12331881252163,0.932604871512597,0.932604871512597,-84.90128118747836,55.482112802437236
fine-n80,80,0.02263390483074383,11.825457423506625,1.0,raw_J,56,1-100,156.1129,68.41933223651414,0.9366572806738164,0.9366572806738164,-87.69356776348586,56.17317195663258
fine-n80,80,0.02263390483074383,11.825457423506625,1.0,raw_J,57,1-100,157.5975,69.77495557584328,0.9552156972664348,0.9552156972664348,-87.82254442415672,55.725848712166574
fine-n80,80,0.02263390483074383,11.825457423506625,1.0,raw_J,58,1-100,158.8499,70.22887167246236,0.9614297862207611,0.9614297862207611,-88.62102832753763,55.78916217607794
fine-n80,80,0.02263390483074383,11.825457423506625,1.0,raw_J,59,1-100,161.1889,70.46657649902677,0.9646839535616993,0.9646839535616993,-90.72232350097322,56.28323259292248
fine-n80,80,0.02263390483074383,11.825457423506625,1.0,raw_J,60,1-100,163.0306,71.1090273299386,0.9734790737211352,0.9734790737211352,-91.9215726700614,56.38301807762555
fine-n80,80,0.02263390483074383,11.825457423506625,1.0,raw_J,61,1-100,165.5373,72.16522765773209,0.9879384040673889,0.9879384040673889,-93.3720723422679,56.405458070336955
fine-n80,80,0.02263390483074383,11.825457423506625,1.0,raw_J,62,1-100,167.1844,72.55033586614422,0.9932105164289878,0.9932105164289878,-94.63406413385579,56.60460194483205
fine-n80,80,0.02263390483074383,11.825457423506625,1.0,raw_J,63,1-100,169.0945,73.49104285843624,1.0060887487137637,1.0060887487137637,-95.60345714156377,56.538478271950744
fine-n80,80,0.02263390483074383,11.825457423506625,1.0,raw_J,64,1-100,169.9119,73.74709908153267,1.0095941457672755,1.0095941457672755,-96.16480091846734,56.596860442657245
fine-n80,80,0.02263390483074383,11.825457423506625,1.0,raw_J,65,1-100,173.4115,73.8974388935854,1.0116522903724807,1.0116522903724807,-99.51406110641459,57.386079415964105
fine-n80,80,0.02263390483074383,11.825457423506625,1.0,raw_J,66,1-100,174.7541,74.82598642885698,1.0243640602909203,1.0243640602909203,-99.92811357114302,57.18212824256657
fine-n80,80,0.02263390483074383,11.825457423506625,1.0,raw_J,67,1-100,176.4414,75.13801311696334,1.0286356902473346,1.0286356902473346,-101.30338688303665,57.414748966533175
fine-n80,80,0.02263390483074383,11.825457423506625,1.0,raw_J,68,1-100,178.3774,75.49208689608837,1.033482942804064,1.033482942804064,-102.88531310391163,57.678446430944526
fine-n80,80,0.02263390483074383,11.825457423506625,1.0,raw_J,69,1-100,179.9164,75.62526162929174,1.0353060983272067,1.0353060983272067,-104.29113837070827,57.966443509712434
fine-n80,80,0.02263390483074383,11.825457423506625,1.0,raw_J,70,1-100,182.207,76.0599325042766,1.0412567211474355,1.0412567211474355,-106.14706749572339,58.256306012240685
fine-n80,80,0.02263390483074383,11.825457423506625,1.0,raw_J,71,1-100,184.8744,77.56376739794293,1.0618441466021986,1.0618441466021986,-107.31063260205708,58.045155306552495
fine-n80,80,0.02263390483074383,11.825457423506625,1.0,raw_J,72,1-100,185.9589,77.58280647662599,1.0621047906494712,1.0621047906494712,-108.37609352337401,58.27959485852734
fine-n80,80,0.02263390483074383,11.825457423506625,1.0,raw_J,73,1-100,187.2289,77.96520640844906,1.0673398268382648,1.0673398268382648,-109.26369359155095,58.358348306031246
fine-n80,80,0.02263390483074383,11.825457423506625,1.0,raw_J,74,1-100,189.4161,78.7783186898933,1.0784712938304784,1.0784712938304784,-110.6377813101067,58.409914104506804
fine-n80,80,0.02263390483074383,11.825457423506625,1.0,raw_J,75,1-100,192.0266,79.63989236704528,1.0902661949375463,1.0902661949375463,-112.38670763295472,58.52663518124819
fine-n80,80,0.02263390483074383,11.825457423506625,1.0,raw_J,76,1-100,193.0797,80.18241422124443,1.0976932923389602,1.0976932923389602,-112.89728577875557,58.47185684396422
fine-n80,80,0.02263390483074383,11.825457423506625,1.0,raw_J,77,1-100,195.2658,80.8052535845979,1.1062199324756778,1.1062199324756778,-114.4605464154021,58.6178155188477
fine-n80,80,0.02263390483074383,11.825457423506625,1.0,raw_J,78,1-100,196.8764,80.83269405736685,1.1065955911932361,1.1065955911932361,-116.04370594263314,58.94241561844545
fine-n80,80,0.02263390483074383,11.825457423506625,1.0,raw_J,79,1-100,198.0153,81.37950586274468,1.114081417814505,1.114081417814505,-116.63579413725532,58.902415185723186
fine-n80,80,0.02263390483074383,11.825457423506625,1.0,raw_J,80,1-100,201.2647,81.4786413487195,1.1154385777234979,1.1154385777234979,-119.7860586512805,59.516675627310946
fine-n80,80,0.02263390483074383,11.825457423506625,1.0,raw_J,81,1-100,202.4935,82.57054729890935,1.130386716277685,1.130386716277685,-119.92295270109067,59.223112199201786
fine-n80,80,0.02263390483074383,11.825457423506625,1.0,raw_J,82,1-100,204.1896,82.70540601860043,1.1322329254927113,1.1322329254927113,-121.48419398139959,59.495779403750035
fine-n80,80,0.02263390483074383,11.825457423506625,1.0,raw_J,83,1-100,205.3946,83.27341297573928,1.1400089126952517,1.1400089126952517,-122.12118702426072,59.45686353207958
fine-n80,80,0.02263390483074383,11.825457423506625,1.0,raw_J,84,1-100,207.9062,83.3102184765648,1.1405127781845827,1.1405127781845827,-124.59598152343521,59.928939840868246
fine-n80,80,0.02263390483074383,11.825457423506625,1.0,raw_J,85,1-100,209.5765,84.10289072819705,1.1513644221777293,1.1513644221777293,-125.47360927180296,59.870075734542255
fine-n80,80,0.02263390483074383,11.825457423506625,1.0,raw_J,86,1-100,211.3289,84.910059146639,1.162414517978871,1.162414517978871,-126.418840853361,59.82089570019103
fine-n80,80,0.02263390483074383,11.825457423506625,1.0,raw_J,87,1-100,213.3479,85.22636562998964,1.1667447381208997,1.1667447381208997,-128.12153437001035,60.05286875099795
fine-n80,80,0.02263390483074383,11.825457423506625,1.0,raw_J,88,1-100,214.547,85.36230283165328,1.168605711700889,1.168605711700889,-129.1846971683467,60.212772571206635
fine-n80,80,0.02263390483074383,11.825457423506625,1.0,raw_J,89,1-100,216.1695,85.77936274282604,1.1743152412959272,1.1743152412959272,-130.39013725717396,60.31847104109227
fine-n80,80,0.02263390483074383,11.825457423506625,1.0,raw_J,90,1-100,219.0675,86.75609700012835,1.1876866850601433,1.1876866850601433,-132.31140299987163,60.39755007012525
fine-n80,80,0.02263390483074383,11.825457423506625,1.0,raw_J,91,1-100,220.7149,87.20207104958118,1.193792047780837,1.193792047780837,-133.51282895041882,60.491081005595376
fine-n80,80,0.02263390483074383,11.825457423506625,1.0,raw_J,92,1-100,221.3952,88.2259269444332,1.2078085844368636,1.2078085844368636,-133.1692730555668,60.150027216293225
fine-n80,80,0.02263390483074383,11.825457423506625,1.0,raw_J,93,1-100,224.007,88.57276869574949,1.212556830889913,1.212556830889913,-135.43423130425052,60.45982103427594
fine-n80,80,0.02263390483074383,11.825457423506625,1.0,raw_J,94,1-100,224.9833,88.66310987722909,1.213793597204513,1.213793597204513,-136.32019012277092,60.591248382778154
fine-n80,80,0.02263390483074383,11.825457423506625,1.0,raw_J,95,1-100,227.4214,88.96683300687447,1.2179515518555166,1.2179515518555166,-138.45456699312552,60.880184095747154
fine-n80,80,0.02263390483074383,11.825457423506625,1.0,raw_J,96,1-100,229.3374,89.19220726080259,1.221036914265785,1.221036914265785,-140.1451927391974,61.10873880108407
fine-n80,80,0.02263390483074383,11.825457423506625,1.0,raw_J,97,1-100,231.2882,90.29287730999854,1.2361050329027106,1.2361050329027106,-140.99532269000144,60.960880274048336
fine-n80,80,0.02263390483074383,11.825457423506625,1.0,raw_J,98,1-100,231.9872,90.51721035825827,1.2391761412587794,1.2391761412587794,-141.46998964174173,60.98180832465832
fine-n80,80,0.02263390483074383,11.825457423506625,1.0,raw_J,99,1-100,233.6934,90.69764571611346,1.2416462924002993,1.2416462924002993,-142.99575428388653,61.189470598607635
fine-n80,80,0.02263390483074383,11.825457423506625,1.0,raw_J,100,1-100,236.5242,90.9217339604298,1.2447140494024687,1.2447140494024687,-145.6024660395702,61.559225668904155
fine-n80,80,0.02263390483074383,11.825457423506625,1.0,raw_J,101,101-300,237.7698204809252,91.40104186627602,1.2512757509716017,1.2512757509716017,-146.3687786146492,61.55902305792902
fine-n80,80,0.02263390483074383,11.825457423506625,1.0,raw_J,102,101-300,239.55547757332764,92.44120135766083,1.2655154830593056,1.2655154830593056,-147.1142762156668,61.41135978434695
fine-n80,80,0.02263390483074383,11.825457423506625,1.0,raw_J,103,101-300,241.04915779621658,92.4500648099743,1.2656368232839166,1.2656368232839166,-148.59909298624228,61.64680032272432
fine-n80,80,0.02263390483074383,11.825457423506625,1.0,raw_J,104,101-300,242.8232719342226,92.86288704380985,1.2712883392854093,1.2712883392854093,-149.96038489041274,61.75700693590641
fine-n80,80,0.02263390483074383,11.825457423506625,1.0,raw_J,105,101-300,244.07089849707816,93.17873750465183,1.2756123165018067,1.2756123165018067,-150.89216099242634,61.823085800715695
fine-n80,80,0.02263390483074383,11.825457423506625,1.0,raw_J,106,101-300,247.1369900748975,93.77311222427032,1.2837492770710008,1.2837492770710008,-153.3638778506272,62.05622145197635
fine-n80,80,0.02263390483074383,11.825457423506625,1.0,raw_J,107,101-300,248.10199006014847,94.67863287392453,1.2961458100621028,1.2961458100621028,-153.42335718622394,61.83882569786274
fine-n80,80,0.02263390483074383,11.825457423506625,1.0,raw_J,108,101-300,249.5736896447072,95.19734126344626,1.3032469023076776,1.3032469023076776,-154.37634838126093,61.8560187979073
fine-n80,80,0.02263390483074383,11.825457423506625,1.0,raw_J,109,101-300,251.014947795016,95.58810833787184,1.3085964842656406,1.3085964842656406,-155.42683945714418,61.91935612697812
fine-n80,80,0.02263390483074383,11.825457423506625,1.0,raw_J,110,101-300,253.06998674799948,96.11382483382967,1.3157935171423576,1.3157935171423576,-156.9561619141698,62.020851990822074
fine-n80,80,0.02263390483074383,11.825457423506625,1.0,raw_J,111,101-300,255.30625645491403,96.30328895917152,1.3183872716650484,1.3183872716650484,-159.0029674957425,62.279307097130115
fine-n80,80,0.02263390483074383,11.825457423506625,1.0,raw_J,112,101-300,256.38071369443446,96.72291902992426,1.3241319866178562,1.3241319866178562,-159.65779466451022,62.273714884340805
fine-n80,80,0.02263390483074383,11.825457423506625,1.0,raw_J,113,101-300,258.6104394915314,96.78842602040685,1.3250287740836917,1.3250287740836917,-161.82201347112454,62.57365858442991
fine-n80,80,0.02263390483074383,11.825457423506625,1.0,raw_J,114,101-300,259.874406989678,97.16051762924408,1.3301226898396983,1.3301226898396983,-162.7138893604339,62.612510114124774
fine-n80,80,0.02263390483074383,11.825457423506625,1.0,raw_J,115,101-300,260.8050845045969,98.22540273657309,1.3447009143890536,1.3447009143890536,-162.57968176802382,62.33761971199539
fine-n80,80,0.02263390483074383,11.825457423506625,1.0,raw_J,116,101-300,263.57389390487015,98.36106192768784,1.3465580820183531,1.3465580820183531,-165.2128319771823,62.68178897748173
fine-n80,80,0.02263390483074383,11.825457423506625,1.0,raw_J,117,101-300,265.55785183887633,98.84877426105993,1.353234839785416,1.353234839785416,-166.7090775778164,62.77693407422383
fine-n80,80,0.02263390483074383,11.825457423506625,1.0,raw_J,118,101-300,266.6149737815011,99.29315005966802,1.3593183225309455,1.3593183225309455,-167.32182372183306,62.75784939932079
fine-n80,80,0.02263390483074383,11.825457423506625,1.0,raw_J,119,101-300,267.92191508282406,99.61109427744115,1.3636709631763684,1.3636709631763684,-168.3108208053829,62.820848661578175
fine-n80,80,0.02263390483074383,11.825457423506625,1.0,raw_J,120,101-300,269.9704490239976,99.93088601332727,1.3680488962535522,1.3680488962535522,-170.03956301067035,62.984509462202496
fine-n80,80,0.02263390483074383,11.825457423506625,1.0,raw_J,121,101-300,271.494055641645,100.33756958572417,1.3736163742829957,1.3736163742829957,-171.15648605592082,63.04244328716964
fine-n80,80,0.02263390483074383,11.825457423506625,1.0,raw_J,122,101-300,273.4596091884033,100.67740694215571,1.3782687309158579,1.3782687309158579,-172.7822022462476,63.183810859324105
fine-n80,80,0.02263390483074383,11.825457423506625,1.0,raw_J,123,101-300,275.58749264934386,101.06476495857436,1.3835716430380003,1.3835716430380003,-174.5227276907695,63.327521148730554
fine-n80,80,0.02263390483074383,11.825457423506625,1.0,raw_J,124,101-300,276.4520495031329,101.22907510661676,1.3858210408532332,1.3858210408532332,-175.22297439651615,63.3827727851699
fine-n80,80,0.02263390483074383,11.825457423506625,1.0,raw_J,125,101-300,278.25074352984194,102.06654042546644,1.3972858997252955,1.3972858997252955,-176.1842031043755,63.31850217876598
fine-n80,80,0.02263390483074383,11.825457423506625,1.0,raw_J,126,101-300,279.22925092774517,102.513483298736,1.4034045255962124,1.4034045255962124,-176.71576762900918,63.28698266455511
fine-n80,80,0.02263390483074383,11.825457423506625,1.0,raw_J,127,101-300,282.4651147650521,103.38439025798763,1.4153271988744702,1.4153271988744702,-179.08072450706445,63.399235921936636
fine-n80,80,0.02263390483074383,11.825457423506625,1.0,raw_J,128,101-300,283.2111857332339,103.4520481727532,1.4162534323875555,1.4162534323875555,-179.7591375604807,63.47176475218809
fine-n80,80,0.02263390483074383,11.825457423506625,1.0,raw_J,129,101-300,284.83596398090475,104.12628740979181,1.425483734257575,1.425483734257575,-180.70967657111294,63.44341987068305
fine-n80,80,0.02263390483074383,11.825457423506625,1.0,raw_J,130,101-300,286.6674453630029,104.37780049301742,1.4289269359505354,1.4289269359505354,-182.2896448699855,63.58923826845937
fine-n80,80,0.02263390483074383,11.825457423506625,1.0,raw_J,131,101-300,287.9119205014222,104.83105256473773,1.4351319344367783,1.4351319344367783,-183.08086793668446,63.58919339561701
fine-n80,80,0.02263390483074383,11.825457423506625,1.0,raw_J,132,101-300,289.5798549292188,104.8350670499068,1.4351868925405604,1.4351868925405604,-184.744787879312,63.797527602349504
fine-n80,80,0.02263390483074383,11.825457423506625,1.0,raw_J,133,101-300,291.8462913290674,105.38000194704306,1.4426470243806593,1.4426470243806593,-186.46628938202434,63.8919509762681
fine-n80,80,0.02263390483074383,11.825457423506625,1.0,raw_J,134,101-300,293.5584341393563,105.93309903152264,1.450218896162547,1.450218896162547,-187.62533510783362,63.914135411543064
fine-n80,80,0.02263390483074383,11.825457423506625,1.0,raw_J,135,101-300,294.9653696192655,106.13713393556391,1.45301212392632,1.45301212392632,-188.82823568370162,64.0170864557547
fine-n80,80,0.02263390483074383,11.825457423506625,1.0,raw_J,136,101-300,295.57325487895827,106.57010429963819,1.458939466836132,1.458939466836132,-189.00315057932008,63.9446050884136
fine-n80,80,0.02263390483074383,11.825457423506625,1.0,raw_J,137,101-300,297.97927706194344,107.00730554212474,1.4649247302625428,1.4649247302625428,-190.97197151981868,64.08901095498656
fine-n80,80,0.02263390483074383,11.825457423506625,1.0,raw_J,138,101-300,299.8403260537213,107.50104543416728,1.4716840050102424,1.4716840050102424,-192.33928061955402,64.14723568073138
fine-n80,80,0.02263390483074383,11.825457423506625,1.0,raw_J,139,101-300,301.64932546219416,107.88762243878207,1.4769762251193461,1.4769762251193461,-193.76170302341208,64.23409126691261
fine-n80,80,0.02263390483074383,11.825457423506625,1.0,raw_J,140,101-300,302.6967495896069,108.09263537497479,1.4797828420949901,1.4797828420949901,-194.6041142146321,64.29012352411262
fine-n80,80,0.02263390483074383,11.825457423506625,1.0,raw_J,141,101-300,304.8643713408573,108.31922587458311,1.4828848548485782,1.4828848548485782,-196.5451454662742,64.46969995274539
fine-n80,80,0.02263390483074383,11.825457423506625,1.0,raw_J,142,101-300,305.7289126020368,108.90924425470958,1.4909621773451853,1.4909621773451853,-196.81966834732725,64.37718522340893
fine-n80,80,0.02263390483074383,11.825457423506625,1.0,raw_J,143,101-300,307.2194961281701,109.07859456704409,1.4932805747607605,1.4932805747607605,-198.140901561126,64.49489829202207
fine-n80,80,0.02263390483074383,11.825457423506625,1.0,raw_J,144,101-300,310.1094631467019,109.52232172899278,1.4993551777024443,1.4993551777024443,-200.58714141770912,64.6826895839739
fine-n80,80,0.02263390483074383,11.825457423506625,1.0,raw_J,145,101-300,311.165141530356,110.50967942337923,1.5128720557958966,1.5128720557958966,-200.65546210697676,64.48519944108253
fine-n80,80,0.02263390483074383,11.825457423506625,1.0,raw_J,146,101-300,312.4278011806009,110.83063251683217,1.5172658878008376,1.5172658878008376,-201.59716866376874,64.52600181609132
fine-n80,80,0.02263390483074383,11.825457423506625,1.0,raw_J,147,101-300,313.9852857311589,111.03929035925243,1.5201224033627994,1.5201224033627994,-202.94599537190646,64.63551146969138
fine-n80,80,0.02263390483074383,11.825457423506625,1.0,raw_J,148,101-300,315.47561608947575,111.18316782360034,1.5220920787469507,1.5220920787469507,-204.2924482658754,64.75696942863996
fine-n80,80,0.02263390483074383,11.825457423506625,1.0,raw_J,149,101-300,317.7348059423702,111.75624056242734,1.5299374162507204,1.5299374162507204,-205.97856537994286,64.82719599101857
fine-n80,80,0.02263390483074383,11.825457423506625,1.0,raw_J,150,101-300,318.8531042563166,112.16659972636432,1.5355552129468955,1.5355552129468955,-206.6865045299523,64.82185739167309
fine-n80,80,0.02263390483074383,11.825457423506625,1.0,raw_J,151,101-300,321.1601343091136,112.50921923130858,1.540245657055551,1.540245657055551,-208.650915077805,64.96787514635315
fine-n80,80,0.02263390483074383,11.825457423506625,1.0,raw_J,152,101-300,322.14455867248296,112.87216402064266,1.5452143533041085,1.5452143533041085,-209.2723946518403,64.96226275378525
fine-n80,80,0.02263390483074383,11.825457423506625,1.0,raw_J,153,101-300,323.4669695575121,113.23868452049355,1.55023200085312,1.55023200085312,-210.2282850370185,64.99219543949144
fine-n80,80,0.02263390483074383,11.825457423506625,1.0,raw_J,154,101-300,324.8628660517396,113.77309710175071,1.557548082708287,1.557548082708287,-211.08976894998892,64.97811569401395
fine-n80,80,0.02263390483074383,11.825457423506625,1.0,raw_J,155,101-300,327.44390126190547,114.29545774105598,1.5646991740730987,1.5646991740730987,-213.14844352084947,65.09464451755449
fine-n80,80,0.02263390483074383,11.825457423506625,1.0,raw_J,156,101-300,329.03307168048093,114.68742522919366,1.5700651896355198,1.5700651896355198,-214.34564645128728,65.14410401257024
fine-n80,80,0.02263390483074383,11.825457423506625,1.0,raw_J,157,101-300,329.9532397282339,114.7548103127778,1.5709876881032,1.5709876881032,-215.19842941545608,65.2208869331619
fine-n80,80,0.02263390483074383,11.825457423506625,1.0,raw_J,158,101-300,331.4744675826634,114.79512797821191,1.5715396349526385,1.5715396349526385,-216.6793396044515,65.36833475731153
fine-n80,80,0.02263390483074383,11.825457423506625,1.0,raw_J,159,101-300,333.64537852486984,115.88573180892736,1.5864699475555026,1.5864699475555026,-217.7596467159425,65.26679544572525
fine-n80,80,0.02263390483074383,11.825457423506625,1.0,raw_J,160,101-300,334.2113548332444,115.93901818987878,1.587199435480149,1.587199435480149,-218.27233664336563,65.30967110685786
fine-n80,80,0.02263390483074383,11.825457423506625,1.0,raw_J,161,101-300,336.84185042839067,116.37850944096309,1.5932160490112128,1.5932160490112128,-220.46334098742759,65.45010387131096
fine-n80,80,0.02263390483074383,11.825457423506625,1.0,raw_J,162,101-300,338.3399928508066,116.79564966826766,1.5989266781301308,1.5989266781301308,-221.54434318253894,65.4797977962453
fine-n80,80,0.02263390483074383,11.825457423506625,1.0,raw_J,163,101-300,339.85821672536355,116.89411847296749,1.6002747112053808,1.6002747112053808,-222.96409825239607,65.6050338875789
fine-n80,80,0.02263390483074383,11.825457423506625,1.0,raw_J,164,101-300,341.04226111104657,117.17752363411317,1.604154513870657,1.604154513870657,-223.86473747693339,65.64134800995848
fine-n80,80,0.02263390483074383,11.825457423506625,1.0,raw_J,165,101-300,342.0548775103636,117.21902051152102,1.604722604073802,1.604722604073802,-224.8358569988426,65.73093143278756
fine-n80,80,0.02263390483074383,11.825457423506625,1.0,raw_J,166,101-300,344.6617029402523,118.06672058364154,1.616327576212885,1.616327576212885,-226.59498235661079,65.74417187159648
fine-n80,80,0.02263390483074383,11.825457423506625,1.0,raw_J,167,101-300,346.34787056600993,118.6049682965228,1.6236961608306577,1.6236961608306577,-227.74290226948713,65.75553702619978
fine-n80,80,0.02263390483074383,11.825457423506625,1.0,raw_J,168,101-300,347.2726775844205,118.81085538020486,1.6265147448422768,1.6265147448422768,-228.46182220421562,65.7874451262229
fine-n80,80,0.02263390483074383,11.825457423506625,1.0,raw_J,169,101-300,349.31626087069617,119.20366212636148,1.6318922498055455,1.6318922498055455,-230.1125987443347,65.87514654220857
fine-n80,80,0.02263390483074383,11.825457423506625,1.0,raw_J,170,101-300,350.4084193491921,119.62087064813223,1.6376038138723341,1.6376038138723341,-230.7875487010599,65.86244392463453
fine-n80,80,0.02263390483074383,11.825457423506625,1.0,raw_J,171,101-300,351.87864902535927,120.42027976222894,1.6485476851800416,1.6485476851800416,-231.45836926313032,65.7778952784514
fine-n80,80,0.02263390483074383,11.825457423506625,1.0,raw_J,172,101-300,353.4889004887188,120.5477790994071,1.6502931448117752,1.6502931448117752,-232.94112138931172,65.89771873098623
fine-n80,80,0.02263390483074383,11.825457423506625,1.0,raw_J,173,101-300,356.0175749772649,120.79646905928718,1.6536976980855038,1.6536976980855038,-235.22110591797775,66.07008261684801
fine-n80,80,0.02263390483074383,11.825457423506625,1.0,raw_J,174,101-300,357.1513022520396,121.10620340229379,1.6579379459506682,1.6579379459506682,-236.04509884974584,66.0910648684042
fine-n80,80,0.02263390483074383,11.825457423506625,1.0,raw_J,175,101-300,357.95268510163226,121.67267291560336,1.6656928856230846,1.6656928856230846,-236.2800121860289,66.0087274157317
fine-n80,80,0.02263390483074383,11.825457423506625,1.0,raw_J,176,101-300,359.74375495311443,121.81982456586182,1.6677073844507155,1.6677073844507155,-237.9239303872526,66.13705647739773
fine-n80,80,0.02263390483074383,11.825457423506625,1.0,raw_J,177,101-300,361.28936169580464,122.3289146993493,1.674676803246004,1.674676803246004,-238.96044699645535,66.14101391605692
fine-n80,80,0.02263390483074383,11.825457423506625,1.0,raw_J,178,101-300,363.33133057897385,122.53804894310657,1.677539840718751,1.677539840718751,-240.7932816358673,66.27374557876955
fine-n80,80,0.02263390483074383,11.825457423506625,1.0,raw_J,179,101-300,364.736024114089,122.64973514617012,1.6790688193250995,1.6790688193250995,-242.08628896791888,66.37301307320129
fine-n80,80,0.02263390483074383,11.825457423506625,1.0,raw_J,180,101-300,366.2127102883313,123.2126819154418,1.6867755328055436,1.6867755328055436,-243.00002837288952,66.35488653071806
fine-n80,80,0.02263390483074383,11.825457423506625,1.0,raw_J,181,101-300,367.9935754817403,123.21890162706678,1.6868606803506425,1.6868606803506425,-244.77467385467355,66.51601825772069
fine-n80,80,0.02263390483074383,11.825457423506625,1.0,raw_J,182,101-300,368.96843809573437,124.09402165493307,1.6988410303302492,1.6988410303302492,-244.8744164408013,66.36730710751605
fine-n80,80,0.02263390483074383,11.825457423506625,1.0,raw_J,183,101-300,370.050919212106,124.26661539949902,1.7012038301729546,1.7012038301729546,-245.784303812607,66.41904966373782
fine-n80,80,0.02263390483074383,11.825457423506625,1.0,raw_J,184,101-300,373.06192837211285,125.13044478138502,1.7130296117664745,1.7130296117664745,-247.93148359072782,66.45853268185198
fine-n80,80,0.02263390483074383,11.825457423506625,1.0,raw_J,185,101-300,373.86487391090856,125.2325242984134,1.714427075315253,1.714427075315253,-248.63234961249515,66.50326547439808
fine-n80,80,0.02263390483074383,11.825457423506625,1.0,raw_J,186,101-300,375.82591276673935,125.57691025316757,1.719141702034602,1.719141702034602,-250.24900251357178,66.5864151493172
fine-n80,80,0.02263390483074383,11.825457423506625,1.0,raw_J,187,101-300,376.32409223066804,125.6146188900688,1.7196579314122251,1.7196579314122251,-250.70947334059923,66.62062794186632
fine-n80,80,0.02263390483074383,11.825457423506625,1.0,raw_J,188,101-300,378.4366802499655,125.82890079939182,1.7225914401724431,1.7225914401724431,-252.60777945057367,66.7503422986696
fine-n80,80,0.02263390483074383,11.825457423506625,1.0,raw_J,189,101-300,379.87297534653237,126.35935619024976,1.7298533482863987,1.7298533482863987,-253.51361915628263,66.73641864758063
fine-n80,80,0.02263390483074383,11.825457423506625,1.0,raw_J,190,101-300,381.4844686171865,126.98526425516842,1.7384219987960516,1.7384219987960516,-254.49920436201808,66.71286128227776
fine-n80,80,0.02263390483074383,11.825457423506625,1.0,raw_J,191,101-300,383.44352944953647,127.19065730477548,1.7412338195055732,1.7412338195055732,-256.252872144761,66.82936402985656
fine-n80,80,0.02263390483074383,11.825457423506625,1.0,raw_J,192,101-300,384.95611681486366,127.37510265237898,1.743758867208787,1.743758867208787,-257.5810141624847,66.91178628195762
fine-n80,80,0.02263390483074383,11.825457423506625,1.0,raw_J,193,101-300,385.86130084597426,127.62431799641969,1.7471706129657383,1.7471706129657383,-258.2369828495546,66.92482046875078
fine-n80,80,0.02263390483074383,11.825457423506625,1.0,raw_J,194,101-300,387.222890222388,127.81644841271724,1.749800868879986,1.749800868879986,-259.40644180967075,66.9915049858467
fine-n80,80,0.02263390483074383,11.825457423506625,1.0,raw_J,195,101-300,388.84612835423223,128.67352174465844,1.7615341604832861,1.7615341604832861,-260.1726066095738,66.90888442447367
fine-n80,80,0.02263390483074383,11.825457423506625,1.0,raw_J,196,101-300,391.45608356363806,128.94408097344117,1.7652381029686761,1.7652381029686761,-262.51200259019686,67.06039671178617
fine-n80,80,0.02263390483074383,11.825457423506625,1.0,raw_J,197,101-300,392.2450833395191,129.49016966870724,1.7727140302482125,1.7727140302482125,-262.7549136708119,66.98743332453112
fine-n80,80,0.02263390483074383,11.825457423506625,1.0,raw_J,198,101-300,393.427743844434,129.63788499062076,1.774736245712975,1.774736245712975,-263.78985885381326,67.0491247709564
fine-n80,80,0.02263390483074383,11.825457423506625,1.0,raw_J,199,101-300,395.5828700109937,130.17880455266183,1.782141407813845,1.782141407813845,-265.40406545833184,67.09190047864205
fine-n80,80,0.02263390483074383,11.825457423506625,1.0,raw_J,200,101-300,396.3818542225922,130.42395977283326,1.7854975706754608,1.7854975706754608,-265.95789444975895,67.09638486639896
fine-n80,80,0.02263390483074383,11.825457423506625,1.0,raw_J,201,101-300,397.9187362096142,130.6585948417422,1.7887097131856398,1.7887097131856398,-267.26014136787205,67.1645029620032
fine-n80,80,0.02263390483074383,11.825457423506625,1.0,raw_J,202,101-300,399.9851198761949,130.78166720607464,1.7903945677776612,1.7903945677776612,-269.20345267012027,67.30336687360902
fine-n80,80,0.02263390483074383,11.825457423506625,1.0,raw_J,203,101-300,401.8392286005332,131.35344507368944,1.7982221785584593,1.7982221785584593,-270.48578352684376,67.31194076517916
fine-n80,80,0.02263390483074383,11.825457423506625,1.0,raw_J,204,101-300,402.86191776388614,131.3965516726267,1.798812305769875,1.798812305769875,-271.4653660912594,67.38422127314671
fine-n80,80,0.02263390483074383,11.825457423506625,1.0,raw_J,205,101-300,404.236441800208,131.8391128948674,1.8048709470545152,1.8048709470545152,-272.3973289053406,67.3856438306895
fine-n80,80,0.02263390483074383,11.825457423506625,1.0,raw_J,206,101-300,405.13438745990993,132.6657792941778,1.816187969251193,1.816187969251193,-272.4686081657321,67.25388330377022
fine-n80,80,0.02263390483074383,11.825457423506625,1.0,raw_J,207,101-300,407.5814603868962,132.93678093743247,1.8198979683688632,1.8198979683688632,-274.64467944946375,67.38399710054468
fine-n80,80,0.02263390483074383,11.825457423506625,1.0,raw_J,208,101-300,408.9472455023511,133.11894057050472,1.8223917247529826,1.8223917247529826,-275.8283049318464,67.4483831265372
fine-n80,80,0.02263390483074383,11.825457423506625,1.0,raw_J,209,101-300,410.51386919336665,133.44610909380268,1.8268706456856658,1.8268706456856658,-277.067760099564,67.49291093233569
fine-n80,80,0.02263390483074383,11.825457423506625,1.0,raw_J,210,101-300,411.9722678042788,133.45066934839008,1.8269330753458422,1.8269330753458422,-278.5215984558887,67.6068804194873
fine-n80,80,0.02263390483074383,11.825457423506625,1.0,raw_J,211,101-300,413.26273607018504,134.16188016397453,1.8366695163009852,1.8366695163009852,-279.10085590621054,67.53593574882842
fine-n80,80,0.02263390483074383,11.825457423506625,1.0,raw_J,212,101-300,415.01880975515513,134.26491070365293,1.8380799993028936,1.8380799993028936,-280.75389905150223,67.64847579249144
fine-n80,80,0.02263390483074383,11.825457423506625,1.0,raw_J,213,101-300,415.4552149962946,134.42635263986426,1.8402901314397537,1.8402901314397537,-281.02886235643035,67.64359964982913
fine-n80,80,0.02263390483074383,11.825457423506625,1.0,raw_J,214,101-300,418.3877057895348,134.95280833128095,1.8474972838658108,1.8474972838658108,-283.43489745825383,67.74455691124743
fine-n80,80,0.02263390483074383,11.825457423506625,1.0,raw_J,215,101-300,419.8613648181523,135.4313047364375,1.8540478760305636,1.8540478760305636,-284.4300600817148,67.74380400656902
fine-n80,80,0.02263390483074383,11.825457423506625,1.0,raw_J,216,101-300,420.6438276250418,135.72417421415653,1.858057244722506,1.858057244722506,-284.9196534108853,67.73418143790289
fine-n80,80,0.02263390483074383,11.825457423506625,1.0,raw_J,217,101-300,422.07671005882673,135.7602090724555,1.858550560153693,1.858550560153693,-286.31650098637124,67.83518117985378
fine-n80,80,0.02263390483074383,11.825457423506625,1.0,raw_J,218,101-300,423.7165796274818,136.46300612677732,1.868171817132511,1.868171817132511,-287.2535735007045,67.7938006941453
fine-n80,80,0.02263390483074383,11.825457423506625,1.0,raw_J,219,101-300,425.06988249446135,136.88510494307675,1.873950329089979,1.873950329089979,-288.1847775513846,67.79703512754509
fine-n80,80,0.02263390483074383,11.825457423506625,1.0,raw_J,220,101-300,427.2088250840746,137.08193304934605,1.87664489614803,1.87664489614803,-290.12689203472854,67.91219539475377
fine-n80,80,0.02263390483074383,11.825457423506625,1.0,raw_J,221,101-300,428.12791407661666,137.3530461657096,1.880356421327058,1.880356421327058,-290.77486791090706,67.91775503310694
fine-n80,80,0.02263390483074383,11.825457423506625,1.0,raw_J,222,101-300,430.3287454309386,137.6245107104752,1.884072757543561,1.884072757543561,-292.70423472046343,68.01875027598827
fine-n80,80,0.02263390483074383,11.825457423506625,1.0,raw_J,223,101-300,431.3013069307036,138.08742792698098,1.8904100713847796,1.8904100713847796,-293.21387900372264,67.9835359392576
fine-n80,80,0.02263390483074383,11.825457423506625,1.0,raw_J,224,101-300,432.1386417345886,138.5228205764192,1.8963705752616433,1.8963705752616433,-293.6158211581694,67.94481974109196
fine-n80,80,0.02263390483074383,11.825457423506625,1.0,raw_J,225,101-300,433.88921848092724,138.62431318114423,1.8977600040099627,1.8977600040099627,-295.264905299783,68.05075874748017
fine-n80,80,0.02263390483074383,11.825457423506625,1.0,raw_J,226,101-300,436.16100643264696,139.2673300121384,1.906562872682584,1.906562872682584,-296.89367642050854,68.06974306318591
fine-n80,80,0.02263390483074383,11.825457423506625,1.0,raw_J,227,101-300,437.5816981676686,139.38621269593884,1.9081903707549537,1.9081903707549537,-298.19548547172974,68.14624256919215
fine-n80,80,0.02263390483074383,11.825457423506625,1.0,raw_J,228,101-300,438.6217386562722,139.58707855802166,1.9109402144907608,1.9109402144907608,-299.0346600982506,68.17597801111047
fine-n80,80,0.02263390483074383,11.825457423506625,1.0,raw_J,229,101-300,439.91844221437066,139.80825102286818,1.9139680546159312,1.9139680546159312,-300.1101911915025,68.2195067069409
fine-n80,80,0.02263390483074383,11.825457423506625,1.0,raw_J,230,101-300,441.68319920118904,139.9383029072806,1.9157484584932905,1.9157484584932905,-301.7448962939085,68.31704190687636
fine-n80,80,0.02263390483074383,11.825457423506625,1.0,raw_J,231,101-300,442.90454630260945,140.29637927026164,1.920650506225414,1.920650506225414,-302.6081670323478,68.32356306986162
fine-n80,80,0.02263390483074383,11.825457423506625,1.0,raw_J,232,101-300,444.31933627755916,141.00815553223404,1.930394688113694,1.930394688113694,-303.31118074532515,68.26423159667567
fine-n80,80,0.02263390483074383,11.825457423506625,1.0,raw_J,233,101-300,446.8606226964295,141.28722675665512,1.9342151593991628,1.9342151593991628,-305.5733959397744,68.3822606914646
fine-n80,80,0.02263390483074383,11.825457423506625,1.0,raw_J,234,101-300,447.4417041944933,141.8923279764706,1.9424989652265205,1.9424989652265205,-305.5493762180227,68.28808610231981
fine-n80,80,0.02263390483074383,11.825457423506625,1.0,raw_J,235,101-300,449.1485456850233,142.21267834288565,1.9468845459280677,1.9468845459280677,-306.9358673421376,68.33727288908648
fine-n80,80,0.02263390483074383,11.825457423506625,1.0,raw_J,236,101-300,450.1269457803135,142.5193045546,1.9510822436292798,1.9510822436292798,-307.6076412257135,68.33797534436937
fine-n80,80,0.02263390483074383,11.825457423506625,1.0,raw_J,237,101-300,451.4033084453888,142.73618271272693,1.9540512949074547,1.9540512949074547,-308.6671257326619,68.37945578992245
fine-n80,80,0.02263390483074383,11.825457423506625,1.0,raw_J,238,101-300,453.9867378066779,143.11185809337465,1.9591942723226277,1.9591942723226277,-310.87487971330324,68.47664344011822
fine-n80,80,0.02263390483074383,11.825457423506625,1.0,raw_J,239,101-300,454.9746837686168,143.16797519064932,1.9599625126139957,1.9599625126139957,-311.80670857796747,68.53276010771201
fine-n80,80,0.02263390483074383,11.825457423506625,1.0,raw_J,240,101-300,456.32842668924604,143.49098676927446,1.9643845251793233,1.9643845251793233,-312.8374399199716,68.55532586248675
fine-n80,80,0.02263390483074383,11.825457423506625,1.0,raw_J,241,101-300,457.903893064103,143.88538365466016,1.9697837990701383,1.9697837990701383,-314.0185094094428,68.57738363134699
fine-n80,80,0.02263390483074383,11.825457423506625,1.0,raw_J,242,101-300,459.513415281106,144.22845612752096,1.9744804442872095,1.9744804442872095,-315.2849591535851,68.61278662794
fine-n80,80,0.02263390483074383,11.825457423506625,1.0,raw_J,243,101-300,460.08794442217584,144.27104608864775,1.9750634987525046,1.9750634987525046,-315.8168983335281,68.64272410574947
fine-n80,80,0.02263390483074383,11.825457423506625,1.0,raw_J,244,101-300,462.06536727488253,144.6505613469492,1.9802590439031944,1.9802590439031944,-317.41480592793334,68.69478398693823
fine-n80,80,0.02263390483074383,11.825457423506625,1.0,raw_J,245,101-300,464.05728691054827,144.8010112383938,1.9823186954898402,1.9823186954898402,-319.25627567215446,68.79673796259002
fine-n80,80,0.02263390483074383,11.825457423506625,1.0,raw_J,246,101-300,465.6715392113711,145.37400067305137,1.990162892563643,1.990162892563643,-320.2975385383197,68.78185836324748
fine-n80,80,0.02263390483074383,11.825457423506625,1.0,raw_J,247,101-300,466.5702869308262,145.74358930150098,1.9952225426417067,1.9952225426417067,-320.8266976293253,68.76277950312148
fine-n80,80,0.02263390483074383,11.825457423506625,1.0,raw_J,248,101-300,467.43904621026167,146.28606277324778,2.0026489776897365,2.0026489776897365,-321.15298343701386,68.70478323125664
fine-n80,80,0.02263390483074383,11.825457423506625,1.0,raw_J,249,101-300,469.53600455911203,146.6120539006048,2.0071117801301126,2.0071117801301126,-322.92395065850724,68.77512001698963
fine-n80,80,0.02263390483074383,11.825457423506625,1.0,raw_J,250,101-300,470.77365547810166,146.75230584188847,2.0090318222824957,2.0090318222824957,-324.0213496362132,68.82741756378618
fine-n80,80,0.02263390483074383,11.825457423506625,1.0,raw_J,251,101-300,472.7991746619088,147.12281059784775,2.014104014100941,2.014104014100941,-325.6763640640611,68.88259995312958
fine-n80,80,0.02263390483074383,11.825457423506625,1.0,raw_J,252,101-300,473.8352323451397,147.40930589508432,2.018026120576751,2.018026120576751,-326.4259264500554,68.89017619784931
fine-n80,80,0.02263390483074383,11.825457423506625,1.0,raw_J,253,101-300,475.6003393693758,147.585068789566,2.020432305925352,2.020432305925352,-328.0152705798098,68.96867883121004
fine-n80,80,0.02263390483074383,11.825457423506625,1.0,raw_J,254,101-300,476.7690152374845,147.78336166453988,2.0231469255946584,2.0231469255946584,-328.9856535729446,69.0031531115907
fine-n80,80,0.02263390483074383,11.825457423506625,1.0,raw_J,255,101-300,478.07526376667096,148.0789818410996,2.027193951217936,2.027193951217936,-329.99628192557134,69.02601053348559
fine-n80,80,0.02263390483074383,11.825457423506625,1.0,raw_J,256,101-300,478.9421815346348,148.64980199619987,2.0350084509616897,2.0350084509616897,-330.29237953843494,68.9628920301207
fine-n80,80,0.02263390483074383,11.825457423506625,1.0,raw_J,257,101-300,481.8303393762866,148.7897591289996,2.036924457200481,2.036924457200481,-333.040580247287,69.11988578353056
fine-n80,80,0.02263390483074383,11.825457423506625,1.0,raw_J,258,101-300,482.8347827909824,149.25341124162466,2.043271831733293,2.043271831733293,-333.58137154935775,69.08809875318448
fine-n80,80,0.02263390483074383,11.825457423506625,1.0,raw_J,259,101-300,483.8514272124825,149.71072549660718,2.0495324413078584,2.0495324413078584,-334.14070171587537,69.05853386459849
fine-n80,80,0.02263390483074383,11.825457423506625,1.0,raw_J,260,101-300,485.539148129356,149.96423143138657,2.0530029250402095,2.0530029250402095,-335.57491669796946,69.11387433759852
fine-n80,80,0.02263390483074383,11.825457423506625,1.0,raw_J,261,101-300,486.52871826165125,150.14724782957424,2.055508410496463,2.055508410496463,-336.381470432077,69.13907808648075
fine-n80,80,0.02263390483074383,11.825457423506625,1.0,raw_J,262,101-300,488.38056709001745,150.567019251762,2.0612550605434383,2.0612550605434383,-337.81354783825543,69.17014529285933
fine-n80,80,0.02263390483074383,11.825457423506625,1.0,raw_J,263,101-300,489.66176157795616,150.67097561063304,2.062678217964389,2.062678217964389,-338.9907859673231,69.22958102240017
fine-n80,80,0.02263390483074383,11.825457423506625,1.0,raw_J,264,101-300,491.398821593663,150.88033722917126,2.0655443681866625,2.0655443681866625,-340.51848436449177,69.29574703906515
fine-n80,80,0.02263390483074383,11.825457423506625,1.0,raw_J,265,101-300,493.3144415817853,151.32871355141148,2.0716826179032233,2.0716826179032233,-341.9857280303738,69.32408606036661
fine-n80,80,0.02263390483074383,11.825457423506625,1.0,raw_J,266,101-300,493.9579978053695,152.05553917485292,2.0816328248070755,2.0816328248070755,-341.90245863051655,69.21690916020633
fine-n80,80,0.02263390483074383,11.825457423506625,1.0,raw_J,267,101-300,495.3588288221313,152.22662751722405,2.0839750157680506,2.0839750157680506,-343.1322013049072,69.26942275780368
fine-n80,80,0.02263390483074383,11.825457423506625,1.0,raw_J,268,101-300,496.4296962157591,152.2538782854539,2.084348077439834,2.084348077439834,-344.17581793030524,69.33022350474356
fine-n80,80,0.02263390483074383,11.825457423506625,1.0,raw_J,269,101-300,498.58078242968656,152.35271607776536,2.0857011619372714,2.0857011619372714,-346.2280663519212,69.44272193257845
fine-n80,80,0.02263390483074383,11.825457423506625,1.0,raw_J,270,101-300,500.3090849416905,153.12411749664957,2.0962616092801705,2.0962616092801705,-347.1849674450409,69.39409614868461
fine-n80,80,0.02263390483074383,11.825457423506625,1.0,raw_J,271,101-300,501.6044469651455,153.1813635904187,2.0970453054778124,2.0970453054778124,-348.4230833747268,69.46172137882527
fine-n80,80,0.02263390483074383,11.825457423506625,1.0,raw_J,272,101-300,502.27627032711825,153.86282822438673,2.106374522675101,2.106374522675101,-348.41344210273155,69.36689282092101
fine-n80,80,0.02263390483074383,11.825457423506625,1.0,raw_J,273,101-300,504.49977331342774,154.0393887721741,2.1087916278580794,2.1087916278580794,-350.46038454125363,69.4669062464623
fine-n80,80,0.02263390483074383,11.825457423506625,1.0,raw_J,274,101-300,505.41523174224443,154.13401588947875,2.110087068422541,2.110087068422541,-351.2812158527657,69.50348817977745
fine-n80,80,0.02263390483074383,11.825457423506625,1.0,raw_J,275,101-300,506.46415270952355,154.33496009438676,2.112837984667758,2.112837984667758,-352.1291926151368,69.52697258656652
fine-n80,80,0.02263390483074383,11.825457423506625,1.0,raw_J,276,101-300,508.8007003364678,154.41520215401073,2.1139364945027155,2.1139364945027155,-354.38549818245707,69.6511419791882
fine-n80,80,0.02263390483074383,11.825457423506625,1.0,raw_J,277,101-300,510.26422794367284,155.00392931845215,2.121996140320338,2.121996140320338,-355.2602986252207,69.62281092227325
fine-n80,80,0.02263390483074383,11.825457423506625,1.0,raw_J,278,101-300,511.5622897003746,155.41630595683895,2.1276415561421347,2.1276415561421347,-356.1459837435357,69.61928017644395
fine-n80,80,0.02263390483074383,11.825457423506625,1.0,raw_J,279,101-300,512.6231445314074,155.5541136034251,2.129528136020775,2.129528136020775,-357.06903092798234,69.65526912648116
fine-n80,80,0.02263390483074383,11.825457423506625,1.0,raw_J,280,101-300,513.6689855554737,155.9827722982999,2.1353964523920994,2.1353964523920994,-357.6862132571738,69.63360127152265
fine-n80,80,0.02263390483074383,11.825457423506625,1.0,raw_J,281,101-300,515.4350571672994,156.2858138022533,2.1395450756210295,2.1395450756210295,-359.1492433650461,69.6788544688519
fine-n80,80,0.02263390483074383,11.825457423506625,1.0,raw_J,282,101-300,517.5896685724674,156.54100713840052,2.143038659794805,2.143038659794805,-361.0486614340669,69.75577051795744
fine-n80,80,0.02263390483074383,11.825457423506625,1.0,raw_J,283,101-300,518.2342231475501,156.92433373513353,2.1482863819804687,2.1482863819804687,-361.30988941241657,69.7194189951337
fine-n80,80,0.02263390483074383,11.825457423506625,1.0,raw_J,284,101-300,520.1063104117233,156.9854726960458,2.1491233713371227,2.1491233713371227,-363.12083771567745,69.81665679622807
fine-n80,80,0.02263390483074383,11.825457423506625,1.0,raw_J,285,101-300,521.525193449492,157.2685253139996,2.1529983477035053,2.1529983477035053,-364.2566681354924,69.84450084303923
fine-n80,80,0.02263390483074383,11.825457423506625,1.0,raw_J,286,101-300,522.4566961777302,157.85278733556325,2.1609968659355605,2.1609968659355605,-364.603908842167,69.7864361792265
fine-n80,80,0.02263390483074383,11.825457423506625,1.0,raw_J,287,101-300,523.9605308920159,157.87235180809128,2.161264702598634,2.161264702598634,-366.0881790839246,69.86941906877571
fine-n80,80,0.02263390483074383,11.825457423506625,1.0,raw_J,288,101-300,525.0773856872796,158.19376591568934,2.165664845864463,2.165664845864463,-366.88361977159025,69.87229497445833
fine-n80,80,0.02263390483074383,11.825457423506625,1.0,raw_J,289,101-300,527.9036416012724,158.79532036875196,2.173900096630067,2.173900096630067,-369.10832123252044,69.91963914340818
fine-n80,80,0.02263390483074383,11.825457423506625,1.0,raw_J,290,101-300,528.4062138522927,159.02234738599736,2.177008085288557,2.177008085288557,-369.38386646629533,69.90528437834581
fine-n80,80,0.02263390483074383,11.825457423506625,1.0,raw_J,291,101-300,529.8062263187069,159.13375848812697,2.178533297776701,2.178533297776701,-370.6724678305799,69.96378098576751
fine-n80,80,0.02263390483074383,11.825457423506625,1.0,raw_J,292,101-300,530.866917883961,159.36172630087873,2.181654165879229,2.181654165879229,-371.5051915830823,69.98085189860849
fine-n80,80,0.02263390483074383,11.825457423506625,1.0,raw_J,293,101-300,532.6881830282937,159.9338622521711,2.1894866788078957,2.1894866788078957,-372.75432077612254,69.97608219071827
fine-n80,80,0.02263390483074383,11.825457423506625,1.0,raw_J,294,101-300,533.7796307537687,160.31670004349698,2.194727709271667,2.194727709271667,-373.46293071027173,69.96575163104141
fine-n80,80,0.02263390483074383,11.825457423506625,1.0,raw_J,295,101-300,535.6643140758732,160.46988097504482,2.1968247486625034,2.1968247486625034,-375.1944331008284,70.04282780123461
fine-n80,80,0.02263390483074383,11.825457423506625,1.0,raw_J,296,101-300,537.0697590831223,161.06378852585354,2.2049553137137545,2.2049553137137545,-376.0059705572688,70.010639064687
fine-n80,80,0.02263390483074383,11.825457423506625,1.0,raw_J,297,101-300,538.4285261762479,161.28681082436486,2.208008477970475,2.208008477970475,-377.1417153518831,70.04489862939216
fine-n80,80,0.02263390483074383,11.825457423506625,1.0,raw_J,298,101-300,540.2131663762282,161.35696341456463,2.208968863467101,2.208968863467101,-378.85620296166354,70.13087176364958
fine-n80,80,0.02263390483074383,11.825457423506625,1.0,raw_J,299,101-300,540.6313902472951,161.55232335677076,2.2116433314316057,2.2116433314316057,-379.07906689052436,70.1178425316973
fine-n80,80,0.02263390483074383,11.825457423506625,1.0,raw_J,300,101-300,541.8474371212013,162.14699698555714,2.219784384052552,2.219784384052552,-379.70044013564416,70.07515660735923
fine-n80,80,0.02263390483074383,11.825457423506625,1.0,raw_J,301,301-320,544.3238901010053,162.16244539467223,2.219995872010699,2.219995872010699,-382.1614447063331,70.2084644191198
fine-n80,80,0.02263390483074383,11.825457423506625,1.0,raw_J,302,301-320,545.6368332489349,162.43188729842086,2.223684518371531,2.223684518371531,-383.204945950514,70.23076936884229
fine-n80,80,0.02263390483074383,11.825457423506625,1.0,raw_J,303,301-320,547.0109120581222,162.7671904159117,2.228274801497136,2.228274801497136,-384.2437216422105,70.2442516542308
fine-n80,80,0.02263390483074383,11.825457423506625,1.0,raw_J,304,301-320,547.9316133644893,163.02455528473524,2.231798113846048,2.231798113846048,-384.90705807975405,70.24728062618833
fine-n80,80,0.02263390483074383,11.825457423506625,1.0,raw_J,305,301-320,549.4975675626614,163.32789823530774,2.2359508638643124,2.2359508638643124,-386.16966932735363,70.2768660178495
fine-n80,80,0.02263390483074383,11.825457423506625,1.0,raw_J,306,301-320,550.9700100394839,163.54217845664317,2.2388843495160637,2.2388843495160637,-387.4278315828407,70.31740830232786
fine-n80,80,0.02263390483074383,11.825457423506625,1.0,raw_J,307,301-320,552.0495722005649,164.03861790130182,2.24568058100581,2.24568058100581,-388.01095429926306,70.28552757546473
fine-n80,80,0.02263390483074383,11.825457423506625,1.0,raw_J,308,301-320,553.7649721191589,164.19394939061266,2.247807061426255,2.247807061426255,-389.5710227285462,70.349524137962
fine-n80,80,0.02263390483074383,11.825457423506625,1.0,raw_J,309,301-320,555.7920205616825,164.50084255075026,2.2520084136382033,2.2520084136382033,-391.2911780109323,70.4024461552172
fine-n80,80,0.02263390483074383,11.825457423506625,1.0,raw_J,310,301-320,556.8994764068553,164.8255589770886,2.2564537654845616,2.2564537654845616,-392.07391742976677,70.40299623900677
fine-n80,80,0.02263390483074383,11.825457423506625,1.0,raw_J,311,301-320,557.5646591720586,164.82597149017818,2.2564594127683932,2.2564594127683932,-392.7386876818804,70.43823191108771
fine-n80,80,0.02263390483074383,11.825457423506625,1.0,raw_J,312,301-320,559.3162370286822,165.28550819443115,2.262750447563756,2.262750447563756,-394.030728834251,70.44864832237025
fine-n80,80,0.02263390483074383,11.825457423506625,1.0,raw_J,313,301-320,560.2408074972957,165.83070027066,2.270214100172937,2.270214100172937,-394.41010722663566,70.40010330353158
fine-n80,80,0.02263390483074383,11.825457423506625,1.0,raw_J,314,301-320,562.5592076160458,165.83072086252102,2.270214382074497,2.270214382074497,-396.72848675352475,70.5220857436036
fine-n80,80,0.02263390483074383,11.825457423506625,1.0,raw_J,315,301-320,564.1608791107861,166.27040565354986,2.276233645157847,2.276233645157847,-397.8904734572363,70.52783845706912
fine-n80,80,0.02263390483074383,11.825457423506625,1.0,raw_J,316,301-320,564.5060559381499,166.53889024300125,2.2799091859332097,2.2799091859332097,-397.96716569514865,70.49829873547928
fine-n80,80,0.02263390483074383,11.825457423506625,1.0,raw_J,317,301-320,566.698787682808,166.8222824115185,2.2837888107300435,2.2837888107300435,-399.8765052712895,70.56244233490543
fine-n80,80,0.02263390483074383,11.825457423506625,1.0,raw_J,318,301-320,567.7317579011769,166.87252211887716,2.2844765898436097,2.2844765898436097,-400.8592357822998,70.6071538545279
fine-n80,80,0.02263390483074383,11.825457423506625,1.0,raw_J,319,301-320,568.9239551796294,167.59482232290785,2.294364843979134,2.294364843979134,-401.32913285672157,70.54178844165698
fine-n80,80,0.02263390483074383,11.825457423506625,1.0,raw_J,320,301-320,570.0511147824636,168.02880338988768,2.300306023361828,2.300306023361828,-402.02231139257594,70.52390583360075
fine-n96,96,0.02263390483074383,11.825457423506625,1.0,power_3_2,1,1-100,14.1347,14.1347,0.0851202158046102,0.19350334521498494,0.0,0.0
fine-n96,96,0.02263390483074383,11.825457423506625,1.0,power_3_2,2,1-100,21.022,23.03348286730593,0.1387093487938812,0.26796032049183427,2.011482867305933,9.568465737351026
fine-n96,96,0.02263390483074383,11.825457423506625,1.0,power_3_2,3,1-100,25.0108,24.87392324255244,0.14979261776432276,0.2820505431289553,-0.13687675744755978,0.5472706088871999
fine-n96,96,0.02263390483074383,11.825457423506625,1.0,power_3_2,4,1-100,30.4248,32.62481735953181,0.19646907923262186,0.3379580585147363,2.2000173595318095,7.231000235110205
fine-n96,96,0.02263390483074383,11.825457423506625,1.0,power_3_2,5,1-100,32.935,34.69989913524419,0.20896537618698605,0.35214069908252216,1.7648991352441854,5.358734280383135
fine-n96,96,0.02263390483074383,11.825457423506625,1.0,power_3_2,6,1-100,37.5861,37.2736510405155,0.22446470179023345,0.36934484095922887,-0.3124489594844988,0.8312885866969406
fine-n96,96,0.02263390483074383,11.825457423506625,1.0,power_3_2,7,1-100,40.9187,42.71507705642608,0.25723337440154664,0.4044686603362935,1.7963770564260813,4.390112727007654
fine-n96,96,0.02263390483074383,11.825457423506625,1.0,power_3_2,8,1-100,43.327,45.18448776542479,0.27210434955207585,0.419910746425655,1.8574877654247928,4.287136809437055
fine-n96,96,0.02263390483074383,11.825457423506625,1.0,power_3_2,9,1-100,48.0051,48.49697083242516,0.29205236921377287,0.44019032118326856,0.49187083242516394,1.0246220347945614
fine-n96,96,0.02263390483074383,11.825457423506625,1.0,power_3_2,10,1-100,49.7738,51.27864607333767,0.3088038246252647,0.45686558763539875,1.5048460733376672,3.0233698719761546
fine-n96,96,0.02263390483074383,11.825457423506625,1.0,power_3_2,11,1-100,52.9703,53.259591924153256,0.3207332280309733,0.46855722272768896,0.2892919241532539,0.5461398635711973
fine-n96,96,0.02263390483074383,11.825457423506625,1.0,power_3_2,12,1-100,56.4462,56.228151305394,0.33861011365005356,0.48581018665642844,-0.21804869460599718,0.38629472773366
fine-n96,96,0.02263390483074383,11.825457423506625,1.0,power_3_2,13,1-100,59.347,60.34901058017285,0.36342623502295884,0.509265414696318,1.0020105801728505,1.6883929771898334
fine-n96,96,0.02263390483074383,11.825457423506625,1.0,power_3_2,14,1-100,60.8317,64.04273282428876,0.3856701053945575,0.5298390756182894,3.2110328242887647,5.27855184762018
fine-n96,96,0.02263390483074383,11.825457423506625,1.0,power_3_2,15,1-100,65.1125,64.55106650831807,0.38873132868796506,0.5326390810165914,-0.5614334916819246,0.8622514750346317
fine-n96,96,0.02263390483074383,11.825457423506625,1.0,power_3_2,16,1-100,67.0798,66.90335746798561,0.40289699998782524,0.5455015920274757,-0.17644253201439142,0.2630337777011729
fine-n96,96,0.02263390483074383,11.825457423506625,1.0,power_3_2,17,1-100,69.5464,67.84237316485716,0.4085518224291663,0.5505939496638309,-1.704026835142841,2.450201354984357
fine-n96,96,0.02263390483074383,11.825457423506625,1.0,power_3_2,18,1-100,72.0671,72.68204517362074,0.4376966876056106,0.5764772503629703,0.6149451736207396,0.8532952951079475
fine-n96,96,0.02263390483074383,11.825457423506625,1.0,power_3_2,19,1-100,75.7046,75.75253315430443,0.45618739483966986,0.5926007369869437,0.047933154304431014,0.0633160393218259
fine-n96,96,0.02263390483074383,11.825457423506625,1.0,power_3_2,20,1-100,77.1448,77.94349774731147,0.4693815467478829,0.6039727452391176,0.7986977473114649,1.0353228569021695
fine-n96,96,0.02263390483074383,11.825457423506625,1.0,power_3_2,21,1-100,79.3373,79.71724026456748,0.48006315625149065,0.6131013194370412,0.3799402645674803,0.47889235525721235
fine-n96,96,0.02263390483074383,11.825457423506625,1.0,power_3_2,22,1-100,82.9103,82.21450174647175,0.4951018508300974,0.625839590734866,-0.6957982535282525,0.8392181110528517
fine-n96,96,0.02263390483074383,11.825457423506625,1.0,power_3_2,23,1-100,84.7354,84.26352840645015,0.5074412419375677,0.6361953749692564,-0.4718715935498494,0.5568765752564447
fine-n96,96,0.02263390483074383,11.825457423506625,1.0,power_3_2,24,1-100,87.4252,85.48472406048683,0.514795373090776,0.6423273629896982,-1.9404759395131777,2.2195842154357983
fine-n96,96,0.02263390483074383,11.825457423506625,1.0,power_3_2,25,1-100,88.8091,87.95153450608944,0.5296506892615304,0.6546256646568488,-0.8575654939105561,0.9656279524401847
fine-n96,96,0.02263390483074383,11.825457423506625,1.0,power_3_2,26,1-100,92.4918,91.90552142000072,0.5534618928527444,0.674101276243002,-0.5862785799992736,0.633870872876594
fine-n96,96,0.02263390483074383,11.825457423506625,1.0,power_3_2,27,1-100,94.6513,92.39098315579183,0.5563853795709216,0.6764730086157024,-2.2603168442081767,2.3880462753371337
fine-n96,96,0.02263390483074383,11.825457423506625,1.0,power_3_2,28,1-100,95.8706,97.53389833549926,0.5873563977008784,0.701349463438374,1.6632983354992632,1.7349409886860656
fine-n96,96,0.02263390483074383,11.825457423506625,1.0,power_3_2,29,1-100,98.8311,98.03978277279646,0.5904028714481057,0.7037725237142778,-0.7913172272035496,0.8006763328583305
fine-n96,96,0.02263390483074383,11.825457423506625,1.0,power_3_2,30,1-100,101.3178,100.87431600360291,0.6074726416103011,0.7172729987571749,-0.4434839963970916,0.4377157778762385
fine-n96,96,0.02263390483074383,11.825457423506625,1.0,power_3_2,31,1-100,103.7255,101.94256243413227,0.6139057011516542,0.7223279906650626,-1.7829375658677264,1.7188999482940324
fine-n96,96,0.02263390483074383,11.825457423506625,1.0,power_3_2,32,1-100,105.4466,103.60761709985054,0.6239327843209053,0.7301720488644315,-1.8389829001494604,1.7439944959339233
fine-n96,96,0.02263390483074383,11.825457423506625,1.0,power_3_2,33,1-100,107.1686,105.88773704569282,0.6376638364019886,0.740845860290313,-1.2808629543071817,1.195184927588101
fine-n96,96,0.02263390483074383,11.825457423506625,1.0,power_3_2,34,1-100,111.0295,106.04294626958857,0.6385985179044523,0.741569633357726,-4.98655373041143,4.4911971416708445
fine-n96,96,0.02263390483074383,11.825457423506625,1.0,power_3_2,35,1-100,111.8746,111.43850370312046,0.6710909664975179,0.7665154775067193,-0.43609629687954055,0.38980813954154075
fine-n96,96,0.02263390483074383,11.825457423506625,1.0,power_3_2,36,1-100,114.3202,113.05471976243759,0.6808239399427237,0.7739089675643246,-1.2654802375624143,1.1069611823303445
fine-n96,96,0.02263390483074383,11.825457423506625,1.0,power_3_2,37,1-100,116.2266,114.75013961111438,0.6910338845046025,0.7816270166654349,-1.4764603888856271,1.2703291577707918
fine-n96,96,0.02263390483074383,11.825457423506625,1.0,power_3_2,38,1-100,118.7907,118.60819283131501,0.7142673682495102,0.7990498476610143,-0.1825071686849924,0.15363759005123498
fine-n96,96,0.02263390483074383,11.825457423506625,1.0,power_3_2,39,1-100,121.3701,119.42651153812885,0.7191953444301823,0.8027209141711869,-1.943588461871144,1.6013733710948117
fine-n96,96,0.02263390483074383,11.825457423506625,1.0,power_3_2,40,1-100,122.9468,120.6990811582083,0.7268588534319691,0.8084131880993778,-2.247718841791695,1.8282044280873475
fine-n96,96,0.02263390483074383,11.825457423506625,1.0,power_3_2,41,1-100,124.2568,123.41656009298177,0.7432237139081304,0.82050211608775,-0.8402399070182298,0.6762124141441191
fine-n96,96,0.02263390483074383,11.825457423506625,1.0,power_3_2,42,1-100,127.5166,124.91057390671172,0.7522207763317942,0.8271105295208704,-2.6060260932882784,2.043675955356619
fine-n96,96,0.02263390483074383,11.825457423506625,1.0,power_3_2,43,1-100,129.5787,126.07201285262214,0.7592150481394572,0.832229689439263,-3.5066871473778605,2.7062218924698738
fine-n96,96,0.02263390483074383,11.825457423506625,1.0,power_3_2,44,1-100,131.0876,128.06550518284138,0.7712200073782878,0.8409797241093425,-3.0220948171586315,2.3054009816020975
fine-n96,96,0.02263390483074383,11.825457423506625,1.0,power_3_2,45,1-100,133.4977,129.65978554093127,0.7808208823974718,0.8479448622424275,-3.8379144590687417,2.8748918214087147
fine-n96,96,0.02263390483074383,11.825457423506625,1.0,power_3_2,46,1-100,134.7565,133.480001223553,0.8038265056738708,0.8645196755156329,-1.2764987764469993,0.9472632314188921
fine-n96,96,0.02263390483074383,11.825457423506625,1.0,power_3_2,47,1-100,138.116,134.44913951502392,0.809662728622679,0.8686992205623051,-3.666860484976098,2.6549136124533708
fine-n96,96,0.02263390483074383,11.825457423506625,1.0,power_3_2,48,1-100,139.7362,137.82297373673407,0.8299802095059624,0.883171727892465,-1.9132262632659263,1.3691700956988428
fine-n96,96,0.02263390483074383,11.825457423506625,1.0,power_3_2,49,1-100,141.1237,140.15048172440467,0.8439966359032314,0.8930870877414686,-0.9732182755953431,0.6896207196915494
fine-n96,96,0.02263390483074383,11.825457423506625,1.0,power_3_2,50,1-100,143.1118,142.74601451887796,0.8596271276429575,0.9040797493485878,-0.3657854811220318,0.2555942145385858
fine-n96,96,0.02263390483074383,11.825457423506625,1.0,power_3_2,51,1-100,146.0009,143.45952146851226,0.8639239196180938,0.9070899022123783,-2.5413785314877373,1.740659496953606
fine-n96,96,0.02263390483074383,11.825457423506625,1.0,power_3_2,52,1-100,147.4427,143.9491378487283,0.8668724259143337,0.909152615672315,-3.4935621512717034,2.369437178830626
fine-n96,96,0.02263390483074383,11.825457423506625,1.0,power_3_2,53,1-100,150.0515,146.75207367738034,0.8837519141681585,0.9209164803096657,-3.2994263226196665,2.198862605585193
fine-n96,96,0.02263390483074383,11.825457423506625,1.0,power_3_2,54,1-100,150.9252,148.29363897840523,0.893035335188777,0.927354453863885,-2.631561021594763,1.7436193701215987
fine-n96,96,0.02263390483074383,11.825457423506625,1.0,power_3_2,55,1-100,153.0246,149.5548146103742,0.9006302287458183,0.9326048715125641,-3.469785389625798,2.267469014541321
fine-n96,96,0.02263390483074383,11.825457423506625,1.0,power_3_2,56,1-100,156.1129,150.53065423803108,0.906506807640089,0.9366572806738263,-5.58224576196892,3.575774815514234
fine-n96,96,0.02263390483074383,11.825457423506625,1.0,power_3_2,57,1-100,157.5975,155.02654039453844,0.9335813688175363,0.9552156972664032,-2.570959605461553,1.63134542455404
fine-n96,96,0.02263390483074383,11.825457423506625,1.0,power_3_2,58,1-100,158.8499,156.54176952533504,0.9427061914601703,0.9614297862207641,-2.3081304746649494,1.4530260797551333
fine-n96,96,0.02263390483074383,11.825457423506625,1.0,power_3_2,59,1-100,161.1889,157.33721595274633,0.9474964290713157,0.9646839535616604,-3.8516840472536558,2.3895467040557112
fine-n96,96,0.02263390483074383,11.825457423506625,1.0,power_3_2,60,1-100,163.0306,159.49380153479936,0.9604835480158608,0.9734790737211088,-3.536798465200633,2.169407746276241
fine-n96,96,0.02263390483074383,11.825457423506625,1.0,power_3_2,61,1-100,165.5373,163.06046684278115,0.981962272057986,0.9879384040674072,-2.4768331572188345,1.4962387070580676
fine-n96,96,0.02263390483074383,11.825457423506625,1.0,power_3_2,62,1-100,167.1844,164.367459750684,0.9898330806620446,0.9932105164289483,-2.816940249316019,1.684930082780462
fine-n96,96,0.02263390483074383,11.825457423506625,1.0,power_3_2,63,1-100,169.0945,167.57464870170455,1.0091470113175969,1.0060887487137355,-1.519851298295464,0.8988177015192474
fine-n96,96,0.02263390483074383,11.825457423506625,1.0,power_3_2,64,1-100,169.9119,168.451202161399,1.0144256815160069,1.0095941457672652,-1.4606978386009928,0.8596795389851992
fine-n96,96,0.02263390483074383,11.825457423506625,1.0,power_3_2,65,1-100,173.4115,168.96656801503448,1.0175292530583657,1.0116522903722938,-4.444931984965507,2.563227920273746
fine-n96,96,0.02263390483074383,11.825457423506625,1.0,power_3_2,66,1-100,174.7541,172.16123864716343,1.036767797465496,1.0243640602908595,-2.5928613528365645,1.4837198971792733
fine-n96,96,0.02263390483074383,11.825457423506625,1.0,power_3_2,67,1-100,176.4414,173.23923709113362,1.0432595843578798,1.0286356902472802,-3.20216290886637,1.8148591593959074
fine-n96,96,0.02263390483074383,11.825457423506625,1.0,power_3_2,68,1-100,178.3774,174.46521462608,1.0506425123539633,1.0334829428040249,-3.912185373919982,2.1932068602412538
fine-n96,96,0.02263390483074383,11.825457423506625,1.0,power_3_2,69,1-100,179.9164,174.92707632357272,1.0534238778843574,1.0353060983271738,-4.98932367642729,2.773134453794812
fine-n96,96,0.02263390483074383,11.825457423506625,1.0,power_3_2,70,1-100,182.207,176.4373823391569,1.0625190531606297,1.0412567211472725,-5.769617660843096,3.1665181144758963
fine-n96,96,0.02263390483074383,11.825457423506625,1.0,power_3_2,71,1-100,184.8744,181.69586561913735,1.0941860309950988,1.0618441466017627,-3.178534380862658,1.7192939535504417
fine-n96,96,0.02263390483074383,11.825457423506625,1.0,power_3_2,72,1-100,185.9589,181.7627692961172,1.094588929919211,1.062104790649183,-4.196130703882801,2.256482859321496
fine-n96,96,0.02263390483074383,11.825457423506625,1.0,power_3_2,73,1-100,187.2289,183.10826679276965,1.102691616023594,1.0673398268379415,-4.120633207230355,2.200853184113326
fine-n96,96,0.02263390483074383,11.825457423506625,1.0,power_3_2,74,1-100,189.4161,185.98022292674426,1.1199867496950047,1.078471293830306,-3.435877073255739,1.813930850258103
fine-n96,96,0.02263390483074383,11.825457423506625,1.0,power_3_2,75,1-100,192.0266,189.0395605144733,1.138410308432484,1.0902661949373273,-2.987039485526708,1.5555342257409692
fine-n96,96,0.02263390483074383,11.825457423506625,1.0,power_3_2,76,1-100,193.0797,190.97450580254176,1.1500626930243398,1.097693292338673,-2.105194197458246,1.0903239426300362
fine-n96,96,0.02263390483074383,11.825457423506625,1.0,power_3_2,77,1-100,195.2658,193.20399334118676,1.1634888329794255,1.106219932475432,-2.0618066588132535,1.0558974786231143
fine-n96,96,0.02263390483074383,11.825457423506625,1.0,power_3_2,78,1-100,196.8764,193.30241625456406,1.1640815430919,1.1065955911929664,-3.5739837454359247,1.815343913966288
fine-n96,96,0.02263390483074383,11.825457423506625,1.0,power_3_2,79,1-100,198.0153,195.2671893261959,1.1759135528172138,1.114081417814135,-2.748110673804092,1.3878274425279724
fine-n96,96,0.02263390483074383,11.825457423506625,1.0,power_3_2,80,1-100,201.2647,195.62410600340172,1.1780629316217177,1.1154385777218248,-5.640593996598284,2.8025749158189606
fine-n96,96,0.02263390483074383,11.825457423506625,1.0,power_3_2,81,1-100,202.4935,199.56962771837928,1.2018231571546734,1.1303867162770929,-2.9238722816207314,1.4439338949747678
fine-n96,96,0.02263390483074383,11.825457423506625,1.0,power_3_2,82,1-100,204.1896,200.05874929285585,1.2047686836939093,1.13223292549262,-4.1308507071441625,2.0230465739411616
fine-n96,96,0.02263390483074383,11.825457423506625,1.0,power_3_2,83,1-100,205.3946,202.12323909429517,1.2172011949905712,1.1400089126948811,-3.2713609057048245,1.5927200158644992
fine-n96,96,0.02263390483074383,11.825457423506625,1.0,power_3_2,84,1-100,207.9062,202.25725670075317,1.2180082589949948,1.1405127781844087,-5.648943299246838,2.7170634157359608
fine-n96,96,0.02263390483074383,11.825457423506625,1.0,power_3_2,85,1-100,209.5765,205.15073976309753,1.235433029431844,1.1513644221766597,-4.425760236902477,2.111763597971374
fine-n96,96,0.02263390483074383,11.825457423506625,1.0,power_3_2,86,1-100,211.3289,208.11118275804108,1.253261037568334,1.1624145179767875,-3.2177172419589226,1.5226110777839295
fine-n96,96,0.02263390483074383,11.825457423506625,1.0,power_3_2,87,1-100,213.3479,209.27514702011837,1.260270517017977,1.1667447381201252,-4.072752979881642,1.908972612283337
fine-n96,96,0.02263390483074383,11.825457423506625,1.0,power_3_2,88,1-100,214.547,209.77604163975482,1.2632869417117325,1.1686057116979554,-4.770958360245174,2.2237357596448213
fine-n96,96,0.02263390483074383,11.825457423506625,1.0,power_3_2,89,1-100,216.1695,211.31529170183177,1.2725564201910242,1.1743152412946833,-4.854208298168231,2.245556518458076
fine-n96,96,0.02263390483074383,11.825457423506625,1.0,power_3_2,90,1-100,219.0675,214.934786747589,1.2943532888474922,1.1876866850596677,-4.132713252411008,1.8865022207360784
fine-n96,96,0.02263390483074383,11.825457423506625,1.0,power_3_2,91,1-100,220.7149,216.5942393243391,1.304346635819871,1.193792047779178,-4.1206606756609006,1.8669608058454144
fine-n96,96,0.02263390483074383,11.825457423506625,1.0,power_3_2,92,1-100,221.3952,220.42002499206617,1.32738580196129,1.2078085844353423,-0.9751750079338137,0.44046799927632296
fine-n96,96,0.02263390483074383,11.825457423506625,1.0,power_3_2,93,1-100,224.007,221.72110436767775,1.3352209988335961,1.2125568308873718,-2.2858956323222515,1.0204572322839247
fine-n96,96,0.02263390483074383,11.825457423506625,1.0,power_3_2,94,1-100,224.9833,222.06041271645307,1.3372643389732566,1.2137935972010305,-2.9228872835469417,1.2991574412620588
fine-n96,96,0.02263390483074383,11.825457423506625,1.0,power_3_2,95,1-100,227.4214,223.20241997600144,1.3441415917188533,1.2179515518481336,-4.218980023998569,1.855137653711818
fine-n96,96,0.02263390483074383,11.825457423506625,1.0,power_3_2,96,1-100,229.3374,224.05109450824287,1.3492523729404051,1.2210369142637902,-5.286305491757133,2.3050341949272704
fine-n96,96,0.02263390483074383,11.825457423506625,1.0,power_3_2,97,1-100,231.2882,228.2111930109046,1.374304795865193,1.2361050329015257,-3.077006989095395,1.3303778528672863
fine-n96,96,0.02263390483074383,11.825457423506625,1.0,power_3_2,98,1-100,231.9872,229.06220861143387,1.3794296751742794,1.2391761412560247,-2.924991388566127,1.2608417139247885
fine-n96,96,0.02263390483074383,11.825457423506625,1.0,power_3_2,99,1-100,233.6934,229.7474624708384,1.3835563249364573,1.2416462923979257,-3.945937529161597,1.6885104710537813
fine-n96,96,0.02263390483074383,11.825457423506625,1.0,power_3_2,100,1-100,236.5242,230.59944973802794,1.388687055694518,1.2447140494022926,-5.924750261972065,2.5049234970341576
fine-n96,96,0.02263390483074383,11.825457423506625,1.0,power_3_2,101,101-300,237.7698204809252,232.42531149763542,1.3996825311561243,1.2512757509696568,-5.344508983289785,2.247765915993759
fine-n96,96,0.02263390483074383,11.825457423506625,1.0,power_3_2,102,101-300,239.55547757332764,236.4041377583223,1.4236433191430444,1.2655154830488884,-3.1513398150053433,1.3154947851445902
fine-n96,96,0.02263390483074383,11.825457423506625,1.0,power_3_2,103,101-300,241.04915779621658,236.43813894596988,1.4238480768266297,1.2656368232770567,-4.611018850246694,1.9128956485070394
fine-n96,96,0.02263390483074383,11.825457423506625,1.0,power_3_2,104,101-300,242.8232719342226,238.02357540061655,1.433395693200803,1.271288339273215,-4.799696533606038,1.9766213079058619
fine-n96,96,0.02263390483074383,11.825457423506625,1.0,power_3_2,105,101-300,244.07089849707816,239.23897611764164,1.440714926811863,1.2756123164928352,-4.83192237943652,1.9797208143986753
fine-n96,96,0.02263390483074383,11.825457423506625,1.0,power_3_2,106,101-300,247.1369900748975,241.53173293501743,1.4545220790742044,1.2837492770648173,-5.605257139880081,2.2680769633802482
fine-n96,96,0.02263390483074383,11.825457423506625,1.0,power_3_2,107,101-300,248.10199006014847,245.03869433705145,1.4756412617494346,1.2961458100568337,-3.0632957230970135,1.2346921209113901
fine-n96,96,0.02263390483074383,11.825457423506625,1.0,power_3_2,108,101-300,249.5736896447072,247.05516128740985,1.4877845758613273,1.3032469023037447,-2.518528357297356,1.0091321568722769
fine-n96,96,0.02263390483074383,11.825457423506625,1.0,power_3_2,109,101-300,251.014947795016,248.57789329133942,1.4969545813645977,1.308596484256427,-2.437054503676592,0.9708802304740596
fine-n96,96,0.02263390483074383,11.825457423506625,1.0,power_3_2,110,101-300,253.06998674799948,250.63140734070657,1.5093209958650773,1.3157935171369695,-2.438579407292906,0.9635988204801148
fine-n96,96,0.02263390483074383,11.825457423506625,1.0,power_3_2,111,101-300,255.30625645491403,251.37285718951216,1.5137860620595227,1.3183872716454197,-3.9333992654018743,1.5406591753839356
fine-n96,96,0.02263390483074383,11.825457423506625,1.0,power_3_2,112,101-300,256.38071369443446,253.01763644413484,1.5236910451935424,1.3241319865962449,-3.363077250299625,1.3117512631265567
fine-n96,96,0.02263390483074383,11.825457423506625,1.0,power_3_2,113,101-300,258.6104394915314,253.27471972042335,1.5252392198245874,1.3250287740643178,-5.335719771108046,2.06322675202088
fine-n96,96,0.02263390483074383,11.825457423506625,1.0,power_3_2,114,101-300,259.874406989678,254.73664939975146,1.5340430692020468,1.3301226898268872,-5.137757589926537,1.977015608978611
fine-n96,96,0.02263390483074383,11.825457423506625,1.0,power_3_2,115,101-300,260.8050845045969,258.93599687492247,1.5593318523615831,1.3447009143740387,-1.869087629674425,0.716660732755569
fine-n96,96,0.02263390483074383,11.825457423506625,1.0,power_3_2,116,101-300,263.57389390487015,259.47260715104983,1.5625633593979502,1.3465580820065572,-4.101286753820318,1.5560292004110872
fine-n96,96,0.02263390483074383,11.825457423506625,1.0,power_3_2,117,101-300,265.55785183887633,261.4048463004247,1.5741994474211063,1.3532348397710379,-4.153005538451623,1.5638797759862146
fine-n96,96,0.02263390483074383,11.825457423506625,1.0,power_3_2,118,101-300,266.6149737815011,263.16954863558504,1.5848266162750437,1.359318322530844,-3.445425145916033,1.2922849369816947
fine-n96,96,0.02263390483074383,11.825457423506625,1.0,power_3_2,119,101-300,267.92191508282406,264.4345933392619,1.5924448096699828,1.36367096316594,-3.487321743562177,1.301618698300258
fine-n96,96,0.02263390483074383,11.825457423506625,1.0,power_3_2,120,101-300,269.9704490239976,265.7090271604824,1.6001195450298407,1.3680488962013928,-4.261421863515238,1.5784771551557635
fine-n96,96,0.02263390483074383,11.825457423506625,1.0,power_3_2,121,101-300,271.494055641645,267.33268979056606,1.60989736227864,1.3736163742567051,-4.161365851078926,1.532764995993749
fine-n96,96,0.02263390483074383,11.825457423506625,1.0,power_3_2,122,101-300,273.4596091884033,268.6919989332039,1.6180832231434983,1.3782687309066555,-4.767610255199429,1.7434422104782306
fine-n96,96,0.02263390483074383,11.825457423506625,1.0,power_3_2,123,101-300,275.58749264934386,270.2441850185899,1.6274306033183144,1.3835716429658134,-5.343307630753941,1.9388788581754466
fine-n96,96,0.02263390483074383,11.825457423506625,1.0,power_3_2,124,101-300,276.4520495031329,270.903493520469,1.631401008205702,1.385821040823718,-5.548555982663913,2.00705908769218
fine-n96,96,0.02263390483074383,11.825457423506625,1.0,power_3_2,125,101-300,278.25074352984194,274.2722025018313,1.6516876245100096,1.397285899714796,-3.978541028010625,1.4298402144553237
fine-n96,96,0.02263390483074383,11.825457423506625,1.0,power_3_2,126,101-300,279.22925092774517,276.0757039875805,1.6625484447375987,1.4034045255615977,-3.153546940164688,1.129375568529071
fine-n96,96,0.02263390483074383,11.825457423506625,1.0,power_3_2,127,101-300,282.4651147650521,279.6012820157709,1.6837797381216504,1.41532719882601,-2.863832749281187,1.0138713064313292
fine-n96,96,0.02263390483074383,11.825457423506625,1.0,power_3_2,128,101-300,283.2111857332339,279.87579638570804,1.6854328840964867,1.4162534323126548,-3.3353893475258474,1.1777039592876684
fine-n96,96,0.02263390483074383,11.825457423506625,1.0,power_3_2,129,101-300,284.83596398090475,282.61634688976267,1.7019366832806617,1.4254837342260487,-2.2196170911420836,0.7792615300822355
fine-n96,96,0.02263390483074383,11.825457423506625,1.0,power_3_2,130,101-300,286.6674453630029,283.6409385128158,1.7081068503210572,1.4289269358823746,-3.026506850187104,1.0557553357182508
fine-n96,96,0.02263390483074383,11.825457423506625,1.0,power_3_2,131,101-300,287.9119205014222,285.4904741681303,1.719244891745261,1.4351319344015496,-2.4214463332918967,0.8410371925812414
fine-n96,96,0.02263390483074383,11.825457423506625,1.0,power_3_2,132,101-300,289.5798549292188,285.5068735007279,1.7193436497471826,1.4351868924071065,-4.072981428490891,1.4065140786421204
fine-n96,96,0.02263390483074383,11.825457423506625,1.0,power_3_2,133,101-300,291.8462913290674,287.73587003145207,1.7327668328160108,1.4426470243781844,-4.110421297615346,1.408419918203002
fine-n96,96,0.02263390483074383,11.825457423506625,1.0,power_3_2,134,101-300,293.5584341393563,290.0041539780103,1.7464266076281518,1.4502188961377056,-3.5542801613459574,1.2107572966746003
fine-n96,96,0.02263390483074383,11.825457423506625,1.0,power_3_2,135,101-300,294.9653696192655,290.8424111219106,1.7514746545614825,1.453012123847922,-4.122958497354944,1.3977771365759863
fine-n96,96,0.02263390483074383,11.825457423506625,1.0,power_3_2,136,101-300,295.57325487895827,292.62389622208474,1.7622028904759004,1.4589394667657765,-2.949358656873528,0.9978435491673072
fine-n96,96,0.02263390483074383,11.825457423506625,1.0,power_3_2,137,101-300,297.97927706194344,294.42646535499864,1.7730580960052968,1.464924730151819,-3.5528117069447944,1.1923016063315846
fine-n96,96,0.02263390483074383,11.825457423506625,1.0,power_3_2,138,101-300,299.8403260537213,296.4665734917018,1.7853437791015714,1.471684004905862,-3.37375256201949,1.1251830620725203
fine-n96,96,0.02263390483074383,11.825457423506625,1.0,power_3_2,139,101-300,301.64932546219416,298.06716443467195,1.7949826569327618,1.4769762251131826,-3.582161027522204,1.1875249586696517
fine-n96,96,0.02263390483074383,11.825457423506625,1.0,power_3_2,140,101-300,302.6967495896069,298.9171689392282,1.800101447346617,1.4797828420029677,-3.779580650378705,1.2486360212004328
fine-n96,96,0.02263390483074383,11.825457423506625,1.0,power_3_2,141,101-300,304.8643713408573,299.85757445266415,1.805764639366788,1.4828848547268716,-5.006796888193151,1.6423030563303314
fine-n96,96,0.02263390483074383,11.825457423506625,1.0,power_3_2,142,101-300,305.7289126020368,302.3109087753415,1.8205388013219164,1.4909621770746302,-3.418003826695326,1.1179851449458742
fine-n96,96,0.02263390483074383,11.825457423506625,1.0,power_3_2,143,101-300,307.2194961281701,303.01630824083037,1.8247867694238835,1.493280574697372,-4.203187887339709,1.3681383962644627
fine-n96,96,0.02263390483074383,11.825457423506625,1.0,power_3_2,144,101-300,310.1094631467019,304.86717385484377,1.8359328199583942,1.4993551775683909,-5.242289291858128,1.6904641472931077
fine-n96,96,0.02263390483074383,11.825457423506625,1.0,power_3_2,145,101-300,311.165141530356,308.9990760940543,1.8608154428853156,1.51287205563536,-2.1660654363016647,0.6961144251726386
fine-n96,96,0.02263390483074383,11.825457423506625,1.0,power_3_2,146,101-300,312.4278011806009,310.3461913638726,1.8689278713401551,1.5172658877284944,-2.081609816728303,0.6662690736427181
fine-n96,96,0.02263390483074383,11.825457423506625,1.0,power_3_2,147,101-300,313.9852857311589,311.22302426157603,1.8742082243350608,1.5201224030244613,-2.7622614695828815,0.8797423303294507
fine-n96,96,0.02263390483074383,11.825457423506625,1.0,power_3_2,148,101-300,315.47561608947575,311.82811395492274,1.8778521195205842,1.52209207863792,-3.647502134553008,1.1561914609332269
fine-n96,96,0.02263390483074383,11.825457423506625,1.0,power_3_2,149,101-300,317.7348059423702,314.24210700994604,1.8923893654327306,1.5299374161540877,-3.4926989324241617,1.0992497098532092
fine-n96,96,0.02263390483074383,11.825457423506625,1.0,power_3_2,150,101-300,318.8531042563166,315.9744992467908,1.9028219604689507,1.5355552127561252,-2.8786050095258133,0.9027997441768005
fine-n96,96,0.02263390483074383,11.825457423506625,1.0,power_3_2,151,101-300,321.1601343091136,317.4233484011259,1.9115470379509862,1.5402456568673546,-3.7367859079876666,1.1635273213552233
fine-n96,96,0.02263390483074383,11.825457423506625,1.0,power_3_2,152,101-300,322.14455867248296,318.96055588180906,1.9208042158530436,1.5452143529656837,-3.184002790673901,0.9883770204888062
fine-n96,96,0.02263390483074383,11.825457423506625,1.0,power_3_2,153,101-300,323.4669695575121,320.51541802268207,1.9301677114332487,1.5502320005500092,-2.9515515348300028,0.912473857490794
fine-n96,96,0.02263390483074383,11.825457423506625,1.0,power_3_2,154,101-300,324.8628660517396,322.78702787236443,1.9438475150816346,1.5575480825308345,-2.0758381793751823,0.6389890616321078
fine-n96,96,0.02263390483074383,11.825457423506625,1.0,power_3_2,155,101-300,327.44390126190547,325.0125710141774,1.9572499015853169,1.5646991738750773,-2.431330247728056,0.7425181041265937
fine-n96,96,0.02263390483074383,11.825457423506625,1.0,power_3_2,156,101-300,329.03307168048093,326.68591207007813,1.967326886013213,1.5700651894484225,-2.347159610402798,0.7133506666716133
fine-n96,96,0.02263390483074383,11.825457423506625,1.0,power_3_2,157,101-300,329.9532397282339,326.9738728829343,1.9690610074684676,1.5709876878623303,-2.9793668452995803,0.9029663863138719
fine-n96,96,0.02263390483074383,11.825457423506625,1.0,power_3_2,158,101-300,331.4744675826634,327.14620512125254,1.970098805038684,1.5715396342022143,-4.328262461410873,1.3057604384963637
fine-n96,96,0.02263390483074383,11.825457423506625,1.0,power_3_2,159,101-300,333.64537852486984,331.8193083672868,1.9982405807240302,1.5864699474147075,-1.8260701575830467,0.5473086921379107
fine-n96,96,0.02263390483074383,11.825457423506625,1.0,power_3_2,160,101-300,334.2113548332444,332.0481994659913,1.9996189799626043,1.5871994350301253,-2.1631553672531254,0.6472417337024462
fine-n96,96,0.02263390483074383,11.825457423506625,1.0,power_3_2,161,101-300,336.84185042839067,333.93803556708247,2.0109997136718607,1.5932160488321239,-2.9038148613082058,0.8620706891424493
fine-n96,96,0.02263390483074383,11.825457423506625,1.0,power_3_2,162,101-300,338.3399928508066,335.73506502565,2.021821558869885,1.5989266780535856,-2.604927825156608,0.7699142519948179
fine-n96,96,0.02263390483074383,11.825457423506625,1.0,power_3_2,163,101-300,339.85821672536355,336.15973485177926,2.024378952181793,1.600274710908688,-3.698481873584285,1.0882425939911866
fine-n96,96,0.02263390483074383,11.825457423506625,1.0,power_3_2,164,101-300,341.04226111104657,337.3829843488309,2.0317454517305573,1.6041545131535402,-3.6592767622156543,1.0729687136997252
fine-n96,96,0.02263390483074383,11.825457423506625,1.0,power_3_2,165,101-300,342.0548775103636,337.5622198926712,2.032824821520616,1.6047226035595241,-4.49265761769243,1.313431824271037
fine-n96,96,0.02263390483074383,11.825457423506625,1.0,power_3_2,166,101-300,344.6617029402523,341.2305867485139,2.054915999856188,1.6163275759079019,-3.431116191738454,0.9955025935484464
fine-n96,96,0.02263390483074383,11.825457423506625,1.0,power_3_2,167,101-300,346.34787056600993,343.56666909377833,2.068984061673294,1.6236961593274593,-2.7812014722316007,0.8030081050264565
fine-n96,96,0.02263390483074383,11.825457423506625,1.0,power_3_2,168,101-300,347.2726775844205,344.4616566529834,2.074373743391475,1.626514744092067,-2.811020931437099,0.809456404975526
fine-n96,96,0.02263390483074383,11.825457423506625,1.0,power_3_2,169,101-300,349.31626087069617,346.17133183202776,2.084669534614214,1.6318922494386219,-3.1449290386684083,0.9003099457292495
fine-n96,96,0.02263390483074383,11.825457423506625,1.0,power_3_2,170,101-300,350.4084193491921,347.99030176483393,2.0956235069816893,1.6376038131509374,-2.4181175843581855,0.690085469079001
fine-n96,96,0.02263390483074383,11.825457423506625,1.0,power_3_2,171,101-300,351.87864902535927,351.4844773398142,2.116665692454428,1.6485476848535507,-0.394171685545075,0.11201921078100642
fine-n96,96,0.02263390483074383,11.825457423506625,1.0,power_3_2,172,101-300,353.4889004887188,352.04284535280783,2.1200282262021837,1.6502931441075142,-1.4460551359109672,0.4090807756372867
fine-n96,96,0.02263390483074383,11.825457423506625,1.0,power_3_2,173,101-300,356.0175749772649,353.1328031231984,2.126592033048708,1.6536976973721165,-2.884771854066514,0.8102891702047951
fine-n96,96,0.02263390483074383,11.825457423506625,1.0,power_3_2,174,101-300,357.1513022520396,354.49187559238044,2.134776468648394,1.6579379450999496,-2.659426659659175,0.7446218571484958
fine-n96,96,0.02263390483074383,11.825457423506625,1.0,power_3_2,175,101-300,357.95268510163226,356.98196446666236,2.1497719692498594,1.6656928846437513,-0.9707206349698936,0.2711868566356138
fine-n96,96,0.02263390483074383,11.825457423506625,1.0,power_3_2,176,101-300,359.74375495311443,357.62976451702036,2.1536730693853205,1.6677073838959078,-2.1139904360940704,0.5876378413767288
fine-n96,96,0.02263390483074383,11.825457423506625,1.0,power_3_2,177,101-300,361.28936169580464,359.87392958303326,2.1671875985030375,1.6746768025240562,-1.4154321127713843,0.3917724303111747
fine-n96,96,0.02263390483074383,11.825457423506625,1.0,power_3_2,178,101-300,363.33133057897385,360.7971878038369,2.172747528250268,1.6775398398966972,-2.5341427751369565,0.697474333165478
fine-n96,96,0.02263390483074383,11.825457423506625,1.0,power_3_2,179,101-300,364.736024114089,361.2905675845105,2.1757186980242693,1.6790688165559708,-3.4454565295785073,0.9446438798984036
fine-n96,96,0.02263390483074383,11.825457423506625,1.0,power_3_2,180,101-300,366.2127102883313,363.78083734106247,2.1907152879122327,1.6867755321885283,-2.4318729472688574,0.6640602248223891
fine-n96,96,0.02263390483074383,11.825457423506625,1.0,power_3_2,181,101-300,367.9935754817403,363.80838278765094,2.190881168642495,1.6868606794241108,-4.18519269408938,1.1373004783060534
fine-n96,96,0.02263390483074383,11.825457423506625,1.0,power_3_2,182,101-300,368.96843809573437,367.6909926440906,2.214262534279208,1.698841029051865,-1.2774454516437572,0.3462207928235599
fine-n96,96,0.02263390483074383,11.825457423506625,1.0,power_3_2,183,101-300,370.050919212106,368.45835315340054,2.2188836364003994,1.7012038292037637,-1.5925660587054722,0.4303640326299647
fine-n96,96,0.02263390483074383,11.825457423506625,1.0,power_3_2,184,101-300,373.06192837211285,372.30698480287657,2.2420603827449175,1.7130296098148854,-0.7549435692362749,0.20236414166691702
fine-n96,96,0.02263390483074383,11.825457423506625,1.0,power_3_2,185,101-300,373.86487391090856,372.76266163365113,2.2448045025474377,1.7144270744368382,-1.102212277257422,0.294815681860521
fine-n96,96,0.02263390483074383,11.825457423506625,1.0,power_3_2,186,101-300,375.82591276673935,374.30134810729675,2.254070587055234,1.7191416994311914,-1.5245646594426034,0.40565714274971826
fine-n96,96,0.02263390483074383,11.825457423506625,1.0,power_3_2,187,101-300,376.32409223066804,374.46995607570807,2.2550859567947796,1.7196579309531155,-1.8541361549599742,0.4926966392105134
fine-n96,96,0.02263390483074383,11.825457423506625,1.0,power_3_2,188,101-300,378.4366802499655,375.4285586670764,2.2608587329731304,1.7225914391545374,-3.008121582889089,0.7948810831186238
fine-n96,96,0.02263390483074383,11.825457423506625,1.0,power_3_2,189,101-300,379.87297534653237,377.8050924300441,2.275170396239471,1.7298533440588602,-2.0678829164882586,0.5443616815862906
fine-n96,96,0.02263390483074383,11.825457423506625,1.0,power_3_2,190,101-300,381.4844686171865,380.6156947692337,2.2920960527905656,1.7384219977178166,-0.8687738479528093,0.2277350506829178
fine-n96,96,0.02263390483074383,11.825457423506625,1.0,power_3_2,191,101-300,383.44352944953647,381.539511362575,2.297659345098793,1.7412338175238808,-1.9040180869614574,0.4965576260198799
fine-n96,96,0.02263390483074383,11.825457423506625,1.0,power_3_2,192,101-300,384.95611681486366,382.3697456976139,2.302659078079819,1.7437588654392822,-2.5863711172497688,0.6718612860731936
fine-n96,96,0.02263390483074383,11.825457423506625,1.0,power_3_2,193,101-300,385.86130084597426,383.4924806205283,2.309420271379276,1.7471706104949063,-2.3688202254459725,0.6139045870245339
fine-n96,96,0.02263390483074383,11.825457423506625,1.0,power_3_2,194,101-300,387.222890222388,384.35879247816877,2.314637265887575,1.7498008668799898,-2.8640977442192366,0.7396509391720985
fine-n96,96,0.02263390483074383,11.825457423506625,1.0,power_3_2,195,101-300,388.84612835423223,388.2312438011908,2.3379574560796903,1.7615341593043388,-0.6148845530414633,0.15813055813206242
fine-n96,96,0.02263390483074383,11.825457423506625,1.0,power_3_2,196,101-300,391.45608356363806,389.4563759234521,2.345335292937638,1.7652381006296192,-1.9997076401859886,0.5108383096212378
fine-n96,96,0.02263390483074383,11.825457423506625,1.0,power_3_2,197,101-300,392.2450833395191,391.9330624259431,2.3602500834583,1.772714026761727,-0.3120209135760206,0.07954743777016111
fine-n96,96,0.02263390483074383,11.825457423506625,1.0,power_3_2,198,101-300,393.427743844434,392.60389729146686,2.364289900965756,1.774736241790684,-0.8238465529671544,0.20940225133002136
fine-n96,96,0.02263390483074383,11.825457423506625,1.0,power_3_2,199,101-300,395.5828700109937,395.0636921000487,2.3791029684480196,1.7821414002421097,-0.5191779109450181,0.1312437798256
fine-n96,96,0.02263390483074383,11.825457423506625,1.0,power_3_2,200,101-300,396.3818542225922,396.1802068628019,2.385826703479862,1.7854975698144793,-0.20164735979028592,0.05087199568854351
fine-n96,96,0.02263390483074383,11.825457423506625,1.0,power_3_2,201,101-300,397.9187362096142,397.24978997854106,2.3922678126390724,1.7887097104030634,-0.6689462310731642,0.16811126750281472
fine-n96,96,0.02263390483074383,11.825457423506625,1.0,power_3_2,202,101-300,399.9851198761949,397.8111996479422,2.395648663468182,1.7903945655777647,-2.1739202282527117,0.5435002754416446
fine-n96,96,0.02263390483074383,11.825457423506625,1.0,power_3_2,203,101-300,401.8392286005332,400.42289634112103,2.411376495409402,1.7982221749648162,-1.4163322594121723,0.3524624174560475
fine-n96,96,0.02263390483074383,11.825457423506625,1.0,power_3_2,204,101-300,402.86191776388614,400.62002341410385,2.412563609320078,1.7988122997199971,-2.241894349782285,0.5564920015835897
fine-n96,96,0.02263390483074383,11.825457423506625,1.0,power_3_2,205,101-300,404.236441800208,402.6457409428939,2.4247626311040418,1.804870944515179,-1.5907008573141184,0.3935075349046128
fine-n96,96,0.02263390483074383,11.825457423506625,1.0,power_3_2,206,101-300,405.13438745990993,406.4387147970997,2.4476042020614193,1.8161879646918366,1.3043273371897612,0.32194930313557524
fine-n96,96,0.02263390483074383,11.825457423506625,1.0,power_3_2,207,101-300,407.5814603868962,407.6847239451437,2.455107761923038,1.8198979658064522,0.1032635582474768,0.025335685815898984
fine-n96,96,0.02263390483074383,11.825457423506625,1.0,power_3_2,208,101-300,408.9472455023511,408.52296978983065,2.4601557408116648,1.8223917222493562,-0.4242757125204548,0.10374827491484243
fine-n96,96,0.02263390483074383,11.825457423506625,1.0,power_3_2,209,101-300,410.51386919336665,410.02994386978514,2.469230850923495,1.82687064039169,-0.4839253235815022,0.11788281953357248
fine-n96,96,0.02263390483074383,11.825457423506625,1.0,power_3_2,210,101-300,411.9722678042788,410.0509621266012,2.4693574244309633,1.8269330704797444,-1.9213056776775943,0.4663677212832139
fine-n96,96,0.02263390483074383,11.825457423506625,1.0,power_3_2,211,101-300,413.26273607018504,413.3333077606189,2.4891239542273436,1.8366695088675382,0.07057169043383738,0.01707671277234444
fine-n96,96,0.02263390483074383,11.825457423506625,1.0,power_3_2,212,101-300,415.01880975515513,413.8095339865003,2.4919918240172114,1.838079996558523,-1.2092757686548339,0.291378544834693
fine-n96,96,0.02263390483074383,11.825457423506625,1.0,power_3_2,213,101-300,415.4552149962946,414.5561103166301,2.4964877622638855,1.840290119180773,-0.8991046796645037,0.21641434436501722
fine-n96,96,0.02263390483074383,11.825457423506625,1.0,power_3_2,214,101-300,418.3877057895348,416.99379379574077,2.511167673673765,1.8474972815194826,-1.3939119937940063,0.3331627517982562
fine-n96,96,0.02263390483074383,11.825457423506625,1.0,power_3_2,215,101-300,419.8613648181523,419.2135321582211,2.524535103364109,1.8540478679075096,-0.6478326599312254,0.15429680228182238
fine-n96,96,0.02263390483074383,11.825457423506625,1.0,power_3_2,216,101-300,420.6438276250418,420.5740869166255,2.5327284654198565,1.8580572345624902,-0.06974070841630464,0.016579515456119066
fine-n96,96,0.02263390483074383,11.825457423506625,1.0,power_3_2,217,101-300,422.07671005882673,420.741592875689,2.5337371987770583,1.858550552327612,-1.3351171831377542,0.3163209794143043
fine-n96,96,0.02263390483074383,11.825457423506625,1.0,power_3_2,218,101-300,423.7165796274818,424.0129305323106,2.5534374377139573,1.8681718097210336,0.2963509048287847,0.06994083287685533
fine-n96,96,0.02263390483074383,11.825457423506625,1.0,power_3_2,219,101-300,425.06988249446135,425.98174802220274,2.565293803227162,1.8739503265494746,0.9118655277413836,0.21452132115082634
fine-n96,96,0.02263390483074383,11.825457423506625,1.0,power_3_2,220,101-300,427.2088250840746,426.90086023683995,2.570828765416567,1.8766448893439898,-0.30796484723464346,0.07208766044897037
fine-n96,96,0.02263390483074383,11.825457423506625,1.0,power_3_2,221,101-300,428.12791407661666,428.1679387912629,2.578459206812131,1.8803564173722,0.04002471464622204,0.009348774824119345
fine-n96,96,0.02263390483074383,11.825457423506625,1.0,power_3_2,222,101-300,430.3287454309386,429.4379112645039,2.586107075602285,1.884072750356295,-0.890834166434729,0.2070124703248983
fine-n96,96,0.02263390483074383,11.825457423506625,1.0,power_3_2,223,101-300,431.3013069307036,431.60643082762454,2.599166061869368,1.8904100541908682,0.305123896920918,0.07074495069173109
fine-n96,96,0.02263390483074383,11.825457423506625,1.0,power_3_2,224,101-300,432.1386417345886,433.649338696802,2.6114686051630587,1.8963705668223867,1.5106969622133875,0.34958617821111887
fine-n96,96,0.02263390483074383,11.825457423506625,1.0,power_3_2,225,101-300,433.88921848092724,434.1260109447139,2.614339160930802,1.8977599869772337,0.23679246378668495,0.054574406023664264
fine-n96,96,0.02263390483074383,11.825457423506625,1.0,power_3_2,226,101-300,436.16100643264696,437.15009035441585,2.6325503922950415,1.9065628605551708,0.9890839217688949,0.2267703685523368
fine-n96,96,0.02263390483074383,11.825457423506625,1.0,power_3_2,227,101-300,437.5816981676686,437.709957348496,2.6359219530185074,1.908190362453108,0.12825918082739918,0.029310910708668165
fine-n96,96,0.02263390483074383,11.825457423506625,1.0,power_3_2,228,101-300,438.6217386562722,438.6564567231555,2.641621842724688,1.9109402057586407,0.03471806688327206,0.007915263614072493
fine-n96,96,0.02263390483074383,11.825457423506625,1.0,power_3_2,229,101-300,439.91844221437066,439.69942884341424,2.647902698487783,1.913968039745426,-0.21901337095641793,0.04978499420346954
fine-n96,96,0.02263390483074383,11.825457423506625,1.0,power_3_2,230,101-300,441.68319920118904,440.31309591952186,2.651598247310924,1.9157484470800163,-1.370103281667184,0.31020045230271365
fine-n96,96,0.02263390483074383,11.825457423506625,1.0,power_3_2,231,101-300,442.90454630260945,442.0041977463614,2.6617821884237998,1.9206504974147198,-0.9003485562480478,0.20328275330750273
fine-n96,96,0.02263390483074383,11.825457423506625,1.0,power_3_2,232,101-300,444.31933627755916,445.37213774039554,2.682064173829161,1.9303946710511863,1.0528014628363849,0.23694702815695526
fine-n96,96,0.02263390483074383,11.825457423506625,1.0,power_3_2,233,101-300,446.8606226964295,446.6949552769537,2.6900302795252107,1.9342151428187266,-0.16566741947582386,0.03707362230222027
fine-n96,96,0.02263390483074383,11.825457423506625,1.0,power_3_2,234,101-300,447.4417041944933,449.5676683720395,2.7073299716727934,1.9424989562545631,2.125964177546223,0.4751376900312609
fine-n96,96,0.02263390483074383,11.825457423506625,1.0,power_3_2,235,101-300,449.1485456850233,451.09100306534043,2.7165036066163313,1.9468845139968416,1.942457380317137,0.4324754914556339
fine-n96,96,0.02263390483074383,11.825457423506625,1.0,power_3_2,236,101-300,450.1269457803135,452.55069791951695,2.7252939977103323,1.9510822284515166,2.4237521392034296,0.538459686078503
fine-n96,96,0.02263390483074383,11.825457423506625,1.0,power_3_2,237,101-300,451.4033084453888,453.58409288417914,2.731517179129354,1.954051283622737,2.18078443879034,0.4831121965633917
fine-n96,96,0.02263390483074383,11.825457423506625,1.0,power_3_2,238,101-300,453.9867378066779,455.375990368534,2.7423081191965664,1.959194259660527,1.3892525618560967,0.3060117061057596
fine-n96,96,0.02263390483074383,11.825457423506625,1.0,power_3_2,239,101-300,454.9746837686168,455.6438551830408,2.743921221053506,1.9599624860364524,0.6691714144239995,0.14707882400865963
fine-n96,96,0.02263390483074383,11.825457423506625,1.0,power_3_2,240,101-300,456.32842668924604,457.1867448425897,2.753212617459762,1.964384509577403,0.8583181533436459,0.18809219481918224
fine-n96,96,0.02263390483074383,11.825457423506625,1.0,power_3_2,241,101-300,457.903893064103,459.07296387518153,2.7645715689132038,1.969783785837418,1.1690708110785408,0.2553092098116056
fine-n96,96,0.02263390483074383,11.825457423506625,1.0,power_3_2,242,101-300,459.513415281106,460.7158282207469,2.774465020322305,1.9744804400767317,1.202412939640908,0.26167091093637285
fine-n96,96,0.02263390483074383,11.825457423506625,1.0,power_3_2,243,101-300,460.08794442217584,460.9199069735506,2.775693997766453,1.975063474474354,0.8319625513747724,0.18082685309645172
fine-n96,96,0.02263390483074383,11.825457423506625,1.0,power_3_2,244,101-300,462.06536727488253,462.73982401785844,2.786653673709909,1.9802590125738637,0.6744567429759059,0.1459656556719759
fine-n96,96,0.02263390483074383,11.825457423506625,1.0,power_3_2,245,101-300,464.05728691054827,463.4619466456161,2.7910023499401877,1.982318655451599,-0.5953402649321902,0.12829025245905643
fine-n96,96,0.02263390483074383,11.825457423506625,1.0,power_3_2,246,101-300,465.6715392113711,466.21561010971755,2.807585116346096,1.9901628769598616,0.5440708983464333,0.11683576352289725
fine-n96,96,0.02263390483074383,11.825457423506625,1.0,power_3_2,247,101-300,466.5702869308262,467.99464510670646,2.8182985975567094,1.995222512308458,1.4243581758802293,0.30528265853573416
fine-n96,96,0.02263390483074383,11.825457423506625,1.0,power_3_2,248,101-300,467.43904621026167,470.6099646780628,2.834048246740057,2.0026489453993834,3.1709184678011297,0.6783597762123619
fine-n96,96,0.02263390483074383,11.825457423506625,1.0,power_3_2,249,101-300,469.53600455911203,472.18393592793205,2.843526818797414,2.0071117456642953,2.647931368820025,0.5639463945488902
fine-n96,96,0.02263390483074383,11.825457423506625,1.0,power_3_2,250,101-300,470.77365547810166,472.86165549322544,2.847608096479486,2.009031807755904,2.0880000151237823,0.44352524633165397
fine-n96,96,0.02263390483074383,11.825457423506625,1.0,power_3_2,251,101-300,472.7991746619088,474.65352801407295,2.858398886214598,2.0141039876916635,1.8543533521641393,0.39220740042326807
fine-n96,96,0.02263390483074383,11.825457423506625,1.0,power_3_2,252,101-300,473.8352323451397,476.0406492494056,2.866752233572425,2.018026072956291,2.205416904265917,0.465439619876029
fine-n96,96,0.02263390483074383,11.825457423506625,1.0,power_3_2,253,101-300,475.6003393693758,476.8923175302828,2.8718810433711615,2.0204322774563956,1.2919781609070355,0.27165206875590947
fine-n96,96,0.02263390483074383,11.825457423506625,1.0,power_3_2,254,101-300,476.7690152374845,477.8537565986264,2.877670901025048,2.0231468950409663,1.0847413611418801,0.22751926540393091
fine-n96,96,0.02263390483074383,11.825457423506625,1.0,power_3_2,255,101-300,478.07526376667096,479.2882832509985,2.8863097273338756,2.0271938904941686,1.2130194843275603,0.2537298154207756
fine-n96,96,0.02263390483074383,11.825457423506625,1.0,power_3_2,256,101-300,478.9421815346348,482.0623348349318,2.9030152725154164,2.035008435267613,3.120153300296977,0.6514676344228708
fine-n96,96,0.02263390483074383,11.825457423506625,1.0,power_3_2,257,101-300,481.8303393762866,482.7432976748708,2.907116081438883,2.0369244240957034,0.9129582985842148,0.18947713001344188
fine-n96,96,0.02263390483074383,11.825457423506625,1.0,power_3_2,258,101-300,482.8347827909824,485.0015154812772,2.920715237205551,2.0432718144167983,2.1667326902947934,0.44875240300008895
fine-n96,96,0.02263390483074383,11.825457423506625,1.0,power_3_2,259,101-300,483.8514272124825,487.2322807566755,2.9341490717864995,2.049532376024899,3.3808535441929735,0.6987379501328365
fine-n96,96,0.02263390483074383,11.825457423506625,1.0,power_3_2,260,101-300,485.539148129356,488.47035628237205,2.941604854783642,2.053002866451448,2.93120815301603,0.6037017126856072
fine-n96,96,0.02263390483074383,11.825457423506625,1.0,power_3_2,261,101-300,486.52871826165125,489.3648268513289,2.9469914231480554,2.0555083622713037,2.8361085896776785,0.5829272729903772
fine-n96,96,0.02263390483074383,11.825457423506625,1.0,power_3_2,262,101-300,488.38056709001745,491.41845949798955,2.9593585518502667,2.061255011672247,3.0378924079720946,0.6220338425980318
fine-n96,96,0.02263390483074383,11.825457423506625,1.0,power_3_2,263,101-300,489.66176157795616,491.92747406542713,2.9624238754742542,2.0626781406595045,2.265712487470978,0.4627097039739476
fine-n96,96,0.02263390483074383,11.825457423506625,1.0,power_3_2,264,101-300,491.398821593663,492.95316565267103,2.968600666580905,2.0655443315728927,1.5543440590080309,0.3163100908478197
fine-n96,96,0.02263390483074383,11.825457423506625,1.0,power_3_2,265,101-300,493.3144415817853,495.1521876697887,2.9818433408970306,2.0716825848761875,1.8377460880034278,0.3725303646312882
fine-n96,96,0.02263390483074383,11.825457423506625,1.0,power_3_2,266,101-300,493.9579978053695,498.72375149739867,3.0033515641890784,2.081632764609658,4.765753692029193,0.9648095006464511
fine-n96,96,0.02263390483074383,11.825457423506625,1.0,power_3_2,267,101-300,495.3588288221313,499.5657029209499,3.008421858349526,2.083974930852537,4.206874098818616,0.8492579225491468
fine-n96,96,0.02263390483074383,11.825457423506625,1.0,power_3_2,268,101-300,496.4296962157591,499.6998517521454,3.0092297125990886,2.0843479886094345,3.2701555363862553,0.6587348745077842
fine-n96,96,0.02263390483074383,11.825457423506625,1.0,power_3_2,269,101-300,498.58078242968656,500.1865319375716,3.012160536911688,2.0857011292595886,1.6057495078850366,0.3220640595210849
fine-n96,96,0.02263390483074383,11.825457423506625,1.0,power_3_2,270,101-300,500.3090849416905,503.99019147636915,3.0350664578572846,2.0962615576239485,3.6811065346786336,0.7357664782576665
fine-n96,96,0.02263390483074383,11.825457423506625,1.0,power_3_2,271,101-300,501.6044469651455,504.27283734842433,3.036768572343309,2.097045229368965,2.6683903832788474,0.5319710380207741
fine-n96,96,0.02263390483074383,11.825457423506625,1.0,power_3_2,272,101-300,502.27627032711825,507.6416668463464,3.057055914407312,2.106374498047632,5.36539651922817,1.068216206139669
fine-n96,96,0.02263390483074383,11.825457423506625,1.0,power_3_2,273,101-300,504.49977331342774,508.51569414915093,3.0623193719008457,2.1087915585446764,4.015920835723193,0.7960203449344753
fine-n96,96,0.02263390483074383,11.825457423506625,1.0,power_3_2,274,101-300,505.41523174224443,508.9843361412084,3.065141568869938,2.1100869843683694,3.5691043989639866,0.7061727021286501
fine-n96,96,0.02263390483074383,11.825457423506625,1.0,power_3_2,275,101-300,506.46415270952355,509.98001484629015,3.0711376201655867,2.112837932526205,3.5158621367666,0.6941976283922864
fine-n96,96,0.02263390483074383,11.825457423506625,1.0,power_3_2,276,101-300,508.8007003364678,510.37778616283947,3.073533028650066,2.1139364293138483,1.5770858263716718,0.3099614102985219
fine-n96,96,0.02263390483074383,11.825457423506625,1.0,power_3_2,277,101-300,510.26422794367284,513.2993720758683,3.091127036546146,2.12199604016498,3.0351441321954553,0.5948181287226153
fine-n96,96,0.02263390483074383,11.825457423506625,1.0,power_3_2,278,101-300,511.5622897003746,515.349129988185,3.103470831309643,2.1276414635760483,3.786840287810435,0.7402500856793827
fine-n96,96,0.02263390483074383,11.825457423506625,1.0,power_3_2,279,101-300,512.6231445314074,516.034718324921,3.107599495319215,2.1295280330933184,3.4115737935135257,0.6655130245108364
fine-n96,96,0.02263390483074383,11.825457423506625,1.0,power_3_2,280,101-300,513.6689855554737,518.1692124838514,3.12045357806889,2.1353962910955486,4.500226928377742,0.876094733169702
fine-n96,96,0.02263390483074383,11.825457423506625,1.0,power_3_2,281,101-300,515.4350571672994,519.6799955662595,3.1295516262770966,2.139544942221284,4.24493839896013,0.8235641600106203
fine-n96,96,0.02263390483074383,11.825457423506625,1.0,power_3_2,282,101-300,517.5896685724674,520.9534030723131,3.1372201810906044,2.143038632114529,3.363734499845691,0.6498843976393506
fine-n96,96,0.02263390483074383,11.825457423506625,1.0,power_3_2,283,101-300,518.2342231475501,522.8680632805591,3.148750407421436,2.148286294645717,4.633840133009016,0.8941594217504395
fine-n96,96,0.02263390483074383,11.825457423506625,1.0,power_3_2,284,101-300,520.1063104117233,523.1736358398862,3.150590588125228,2.149123208663108,3.067325428162917,0.5897497043892392
fine-n96,96,0.02263390483074383,11.825457423506625,1.0,power_3_2,285,101-300,521.525193449492,524.5892400908506,3.159115462323903,2.1529981970144,3.0640466413585727,0.5875165149917758
fine-n96,96,0.02263390483074383,11.825457423506625,1.0,power_3_2,286,101-300,522.4566961777302,527.5152961417339,3.176736389722969,2.160996774301083,5.058599964003633,0.9682333485267055
fine-n96,96,0.02263390483074383,11.825457423506625,1.0,power_3_2,287,101-300,523.9605308920159,527.6133699535843,3.177326997520056,2.1612646093459187,3.652839061568443,0.6971592030700619
fine-n96,96,0.02263390483074383,11.825457423506625,1.0,power_3_2,288,101-300,525.0773856872796,529.2254280048795,3.1870349311313677,2.1656646901867758,4.148042317599902,0.7899868534940776
fine-n96,96,0.02263390483074383,11.825457423506625,1.0,power_3_2,289,101-300,527.9036416012724,532.2470085824053,3.2052311143421903,2.173900020449853,4.343366981132931,0.8227575335450125
fine-n96,96,0.02263390483074383,11.825457423506625,1.0,power_3_2,290,101-300,528.4062138522927,533.3888208046149,3.212107192558411,2.1770079746218745,4.982606952322158,0.9429501057523453
fine-n96,96,0.02263390483074383,11.825457423506625,1.0,power_3_2,291,101-300,529.8062263187069,533.9494343735473,3.215483249211225,2.178533124094022,4.143208054840443,0.7820232849336279
fine-n96,96,0.02263390483074383,11.825457423506625,1.0,power_3_2,292,101-300,530.866917883961,535.0972241110884,3.2223953244698302,2.1816540225688814,4.2303062271273575,0.7968675546762992
fine-n96,96,0.02263390483074383,11.825457423506625,1.0,power_3_2,293,101-300,532.6881830282937,537.9814363035148,3.239764265037767,2.189486510625328,5.293253275221105,0.9936870093737284
fine-n96,96,0.02263390483074383,11.825457423506625,1.0,power_3_2,294,101-300,533.7796307537687,539.9142664726634,3.251403912226005,2.194727553418194,6.1346357188946286,1.1492824689154393
fine-n96,96,0.02263390483074383,11.825457423506625,1.0,power_3_2,295,101-300,535.6643140758732,540.6882582528472,3.256064948354133,2.196824547439871,5.0239441769739415,0.9378903998190057
fine-n96,96,0.02263390483074383,11.825457423506625,1.0,power_3_2,296,101-300,537.0697590831223,543.6927045110069,3.27415794741799,2.2049551028159557,6.622945427884588,1.2331629766664174
fine-n96,96,0.02263390483074383,11.825457423506625,1.0,power_3_2,297,101-300,538.4285261762479,544.8223368455731,3.280960677443965,2.208008208409312,6.393810669325148,1.1874947850055428
fine-n96,96,0.02263390483074383,11.825457423506625,1.0,power_3_2,298,101-300,540.2131663762282,545.177902223876,3.2831019186258636,2.2089687734111356,4.96473584764783,0.9190327368271084
fine-n96,96,0.02263390483074383,11.825457423506625,1.0,power_3_2,299,101-300,540.6313902472951,546.1682624906206,3.2890659418898607,2.211643145795549,5.536872243325433,1.024149234248637
fine-n96,96,0.02263390483074383,11.825457423506625,1.0,power_3_2,300,101-300,541.8474371212013,549.1866965865439,3.3072431767542008,2.219784184184049,7.339259465342593,1.354488175552805
fine-n96,96,0.02263390483074383,11.825457423506625,1.0,power_3_2,301,301-320,544.3238901010053,549.2651679243936,3.307715736993345,2.2199956305377184,4.941277823388305,0.9077826480243951
fine-n96,96,0.02263390483074383,11.825457423506625,1.0,power_3_2,302,301-320,545.6368332489349,550.6347119553362,3.315963233117618,2.223684340294011,4.997878706401366,0.9159716503451653
fine-n96,96,0.02263390483074383,11.825457423506625,1.0,power_3_2,303,301-320,547.0109120581222,552.3405681735691,3.326236026274007,2.2282745943899696,5.329656115446824,0.9743235460137447
fine-n96,96,0.02263390483074383,11.825457423506625,1.0,power_3_2,304,301-320,547.9316133644893,553.6511067072004,3.3341281869001933,2.231797886956073,5.7194933427110755,1.043833427969489
fine-n96,96,0.02263390483074383,11.825457423506625,1.0,power_3_2,305,301-320,549.4975675626614,555.1971138896715,3.343438357261603,2.235950648764155,5.699546327010125,1.0372286727839215
fine-n96,96,0.02263390483074383,11.825457423506625,1.0,power_3_2,306,301-320,550.9700100394839,556.2900720934691,3.350020232941502,2.23888414083458,5.320062053985225,0.9655810583236601
fine-n96,96,0.02263390483074383,11.825457423506625,1.0,power_3_2,307,301-320,552.0495722005649,558.8249438628271,3.365285419471444,2.24568033471141,6.775371662262273,1.2273121841675327
fine-n96,96,0.02263390483074383,11.825457423506625,1.0,power_3_2,308,301-320,553.7649721191589,559.6188868513287,3.3700666032615363,2.2478068447038115,5.853914732169869,1.0571117760966338
fine-n96,96,0.02263390483074383,11.825457423506625,1.0,power_3_2,309,301-320,555.7920205616825,561.1885705956814,3.379519355641445,2.2520081544978847,5.396550033998892,0.9709657271698768
fine-n96,96,0.02263390483074383,11.825457423506625,1.0,power_3_2,310,301-320,556.8994764068553,562.8510805054988,3.389531114101189,2.2564536474143235,5.951604098643429,1.0687034825465256
fine-n96,96,0.02263390483074383,11.825457423506625,1.0,power_3_2,311,301-320,557.5646591720586,562.8531078614565,3.389543322989714,2.256459065818537,5.28844868939791,0.948490655281283
fine-n96,96,0.02263390483074383,11.825457423506625,1.0,power_3_2,312,301-320,559.3162370286822,565.2086097638926,3.403728330825999,2.262750101270129,5.892372735210415,1.053495740891257
fine-n96,96,0.02263390483074383,11.825457423506625,1.0,power_3_2,313,301-320,560.2408074972957,568.0073869048597,3.4205827751529476,2.2702136797224433,7.766579407563995,1.386293055348612
fine-n96,96,0.02263390483074383,11.825457423506625,1.0,power_3_2,314,301-320,562.5592076160458,568.007567832195,3.420583864710833,2.2702141618097067,5.44836021614924,0.9684954298833233
fine-n96,96,0.02263390483074383,11.825457423506625,1.0,power_3_2,315,301-320,564.1608791107861,570.2680138722455,3.434196439066409,2.2762332118139206,6.107134761459406,1.0825165281019296
fine-n96,96,0.02263390483074383,11.825457423506625,1.0,power_3_2,316,301-320,564.5060559381499,571.6499058641288,3.442518295530838,2.279908956497454,7.143849925978884,1.2655045682559694
fine-n96,96,0.02263390483074383,11.825457423506625,1.0,power_3_2,317,301-320,566.698787682808,573.1095983060591,3.451308672098113,2.283788430200074,6.410810623251109,1.1312553975039312
fine-n96,96,0.02263390483074383,11.825457423506625,1.0,power_3_2,318,301-320,567.7317579011769,573.3684949552495,3.452867766995789,2.2844761644674767,5.636737054072569,0.9928521657676469
fine-n96,96,0.02263390483074383,11.825457423506625,1.0,power_3_2,319,301-320,568.9239551796294,577.0951803433001,3.4753101438744465,2.294364311551357,8.17122516367067,1.436259642308562
fine-n96,96,0.02263390483074383,11.825457423506625,1.0,power_3_2,320,301-320,570.0511147824636,579.3381029686153,3.488817190921775,2.3003052771646653,9.286988186151689,1.6291500788829583
fine-n96,96,0.02263390483074383,11.825457423506625,1.0,raw_J,1,1-100,14.1347,14.134699999999999,0.19350334521498494,0.19350334521498494,-1.7763568394002505e-15,1.2567347304153965e-14
fine-n96,96,0.02263390483074383,11.825457423506625,1.0,raw_J,2,1-100,21.022,19.573505242753924,0.26796032049183427,0.26796032049183427,-1.448494757246074,6.89037559340726
fine-n96,96,0.02263390483074383,11.825457423506625,1.0,raw_J,3,1-100,25.0108,20.602743624589873,0.2820505431289553,0.2820505431289553,-4.408056375410126,17.624611669399325
fine-n96,96,0.02263390483074383,11.825457423506625,1.0,raw_J,4,1-100,30.4248,24.686579781765534,0.3379580585147363,0.3379580585147363,-5.738220218234467,18.860338336601938
fine-n96,96,0.02263390483074383,11.825457423506625,1.0,raw_J,5,1-100,32.935,25.722568949863692,0.35214069908252216,0.35214069908252216,-7.21243105013631,21.898986033509363
fine-n96,96,0.02263390483074383,11.825457423506625,1.0,raw_J,6,1-100,37.5861,26.97926755584652,0.36934484095922887,0.36934484095922887,-10.606832444153483,28.22009318379263
fine-n96,96,0.02263390483074383,11.825457423506625,1.0,raw_J,7,1-100,40.9187,29.544931985044972,0.4044686603362935,0.4044686603362935,-11.37376801495503,27.796015061463407
fine-n96,96,0.02263390483074383,11.825457423506625,1.0,raw_J,8,1-100,43.327,30.67291896638009,0.419910746425655,0.419910746425655,-12.654081033619907,29.2059940305581
fine-n96,96,0.02263390483074383,11.825457423506625,1.0,raw_J,9,1-100,48.0051,32.15426651108519,0.44019032118326856,0.44019032118326856,-15.850833488914809,33.01906149328886
fine-n96,96,0.02263390483074383,11.825457423506625,1.0,raw_J,10,1-100,49.7738,33.37233273344976,0.45686558763539875,0.45686558763539875,-16.40146726655024,32.95200942373345
fine-n96,96,0.02263390483074383,11.825457423506625,1.0,raw_J,11,1-100,52.9703,34.22636321212387,0.46855722272768896,0.46855722272768896,-18.74393678787613,35.38574783959338
fine-n96,96,0.02263390483074383,11.825457423506625,1.0,raw_J,12,1-100,56.4462,35.48662808750685,0.48581018665642844,0.48581018665642844,-20.959571912493146,37.13194495376686
fine-n96,96,0.02263390483074383,11.825457423506625,1.0,raw_J,13,1-100,59.347,37.199945298674905,0.509265414696318,0.509265414696318,-22.147054701325096,37.31790099133081
fine-n96,96,0.02263390483074383,11.825457423506625,1.0,raw_J,14,1-100,60.8317,38.70277474439174,0.5298390756182894,0.5298390756182894,-22.12892525560826,36.37729219405057
fine-n96,96,0.02263390483074383,11.825457423506625,1.0,raw_J,15,1-100,65.1125,38.90730472943881,0.5326390810165914,0.5326390810165914,-26.205195270561184,40.24602844394116
fine-n96,96,0.02263390483074383,11.825457423506625,1.0,raw_J,16,1-100,67.0798,39.8468633411184,0.5455015920274757,0.5455015920274757,-27.232936658881606,40.59782029594841
fine-n96,96,0.02263390483074383,11.825457423506625,1.0,raw_J,17,1-100,69.5464,40.21884113510754,0.5505939496638309,0.5505939496638309,-29.327558864892467,42.16977279182311
fine-n96,96,0.02263390483074383,11.825457423506625,1.0,raw_J,18,1-100,72.0671,42.1095200274319,0.5764772503629703,0.5764772503629703,-29.957579972568098,41.56900995401244
fine-n96,96,0.02263390483074383,11.825457423506625,1.0,raw_J,19,1-100,75.7046,43.28728078464607,0.5926007369869437,0.5926007369869437,-32.41731921535393,42.82080509685532
fine-n96,96,0.02263390483074383,11.825457423506625,1.0,raw_J,20,1-100,77.1448,44.117963710894294,0.6039727452391176,0.6039727452391176,-33.02683628910571,42.81148734471501
fine-n96,96,0.02263390483074383,11.825457423506625,1.0,raw_J,21,1-100,79.3373,44.78477211966901,0.6131013194370412,0.6131013194370412,-34.55252788033099,43.551429000395764
fine-n96,96,0.02263390483074383,11.825457423506625,1.0,raw_J,22,1-100,82.9103,45.7152554821831,0.625839590734866,0.625839590734866,-37.1950445178169,44.861789811177744
fine-n96,96,0.02263390483074383,11.825457423506625,1.0,raw_J,23,1-100,84.7354,46.47170702184622,0.6361953749692564,0.6361953749692564,-38.26369297815378,45.15667947298741
fine-n96,96,0.02263390483074383,11.825457423506625,1.0,raw_J,24,1-100,87.4252,46.919625950463406,0.6423273629896982,0.6423273629896982,-40.5055740495366,46.331691605551484
fine-n96,96,0.02263390483074383,11.825457423506625,1.0,raw_J,25,1-100,88.8091,47.81797116708767,0.6546256646568488,0.6546256646568488,-40.99112883291233,46.15645112146427
fine-n96,96,0.02263390483074383,11.825457423506625,1.0,raw_J,26,1-100,92.4918,49.240592190930734,0.674101276243002,0.674101276243002,-43.251207809069264,46.76220790282951
fine-n96,96,0.02263390483074383,11.825457423506625,1.0,raw_J,27,1-100,94.6513,49.41383842360522,0.6764730086157024,0.6764730086157024,-45.237461576394786,47.7938090405465
fine-n96,96,0.02263390483074383,11.825457423506625,1.0,raw_J,28,1-100,95.8706,51.23097096770342,0.701349463438374,0.701349463438374,-44.639629032296575,46.56237577765924
fine-n96,96,0.02263390483074383,11.825457423506625,1.0,raw_J,29,1-100,98.8311,51.40796651289033,0.7037725237142778,0.7037725237142778,-47.42313348710967,47.98401868147746
fine-n96,96,0.02263390483074383,11.825457423506625,1.0,raw_J,30,1-100,101.3178,52.39412602541363,0.7172729987571749,0.7172729987571749,-48.92367397458638,48.287343363739026
fine-n96,96,0.02263390483074383,11.825457423506625,1.0,raw_J,31,1-100,103.7255,52.763374391849034,0.7223279906650626,0.7223279906650626,-50.96212560815096,49.131723258167916
fine-n96,96,0.02263390483074383,11.825457423506625,1.0,raw_J,32,1-100,105.4466,53.33635368224548,0.7301720488644315,0.7301720488644315,-52.11024631775452,49.41861218640954
fine-n96,96,0.02263390483074383,11.825457423506625,1.0,raw_J,33,1-100,107.1686,54.11603592594926,0.740845860290313,0.740845860290313,-53.052564074050736,49.50383234832846
fine-n96,96,0.02263390483074383,11.825457423506625,1.0,raw_J,34,1-100,111.0295,54.168904857825325,0.741569633357726,0.741569633357726,-56.860595142174674,51.21215095283206
fine-n96,96,0.02263390483074383,11.825457423506625,1.0,raw_J,35,1-100,111.8746,55.9911060342496,0.7665154775067193,0.7665154775067193,-55.883493965750404,49.95190504882288
fine-n96,96,0.02263390483074383,11.825457423506625,1.0,raw_J,36,1-100,114.3202,56.53117299692214,0.7739089675643246,0.7739089675643246,-57.78902700307786,50.55014512140275
fine-n96,96,0.02263390483074383,11.825457423506625,1.0,raw_J,37,1-100,116.2266,57.09494779114216,0.7816270166654349,0.7816270166654349,-59.131652208857844,50.87617826629862
fine-n96,96,0.02263390483074383,11.825457423506625,1.0,raw_J,38,1-100,118.7907,58.367620824260065,0.7990498476610143,0.7990498476610143,-60.423079175739936,50.86515962591343
fine-n96,96,0.02263390483074383,11.825457423506625,1.0,raw_J,39,1-100,121.3701,58.63577858527286,0.8027209141711869,0.8027209141711869,-62.734321414727134,51.68844832024291
fine-n96,96,0.02263390483074383,11.825457423506625,1.0,raw_J,40,1-100,122.9468,59.05157803413204,0.8084131880993778,0.8084131880993778,-63.895221965867954,51.969812931990056
fine-n96,96,0.02263390483074383,11.825457423506625,1.0,raw_J,41,1-100,124.2568,59.934629281889045,0.82050211608775,0.82050211608775,-64.32217071811095,51.76551361222159
fine-n96,96,0.02263390483074383,11.825457423506625,1.0,raw_J,42,1-100,127.5166,60.417349315743486,0.8271105295208704,0.8271105295208704,-67.0992506842565,52.6200123625132
fine-n96,96,0.02263390483074383,11.825457423506625,1.0,raw_J,43,1-100,129.5787,60.79128491679531,0.832229689439263,0.832229689439263,-68.78741508320468,53.085433858500416
fine-n96,96,0.02263390483074383,11.825457423506625,1.0,raw_J,44,1-100,131.0876,61.43044242031942,0.8409797241093425,0.8409797241093425,-69.65715757968059,53.13786931767809
fine-n96,96,0.02263390483074383,11.825457423506625,1.0,raw_J,45,1-100,133.4977,61.939219867346694,0.8479448622424275,0.8479448622424275,-71.55848013265332,53.6027812708783
fine-n96,96,0.02263390483074383,11.825457423506625,1.0,raw_J,46,1-100,134.7565,63.14994835843551,0.8645196755156329,0.8645196755156329,-71.60655164156448,53.13773483398908
fine-n96,96,0.02263390483074383,11.825457423506625,1.0,raw_J,47,1-100,138.116,63.45524858622,0.8686992205623051,0.8686992205623051,-74.66075141378002,54.05655493482291
fine-n96,96,0.02263390483074383,11.825457423506625,1.0,raw_J,48,1-100,139.7362,64.51241144370103,0.883171727892465,0.883171727892465,-75.22378855629897,53.83271375370088
fine-n96,96,0.02263390483074383,11.825457423506625,1.0,raw_J,49,1-100,141.1237,65.23669161933316,0.8930870877414686,0.8930870877414686,-75.88700838066686,53.77339765090261
fine-n96,96,0.02263390483074383,11.825457423506625,1.0,raw_J,50,1-100,143.1118,66.03966468341905,0.9040797493485878,0.9040797493485878,-77.07213531658094,53.85449370113502
fine-n96,96,0.02263390483074383,11.825457423506625,1.0,raw_J,51,1-100,146.0009,66.25954515957592,0.9070899022123783,0.9070899022123783,-79.74135484042408,54.61702964873784
fine-n96,96,0.02263390483074383,11.825457423506625,1.0,raw_J,52,1-100,147.4427,66.4102187094816,0.909152615672315,0.909152615672315,-81.0324812905184,54.958625479944686
fine-n96,96,0.02263390483074383,11.825457423506625,1.0,raw_J,53,1-100,150.0515,67.26952528790186,0.9209164803096657,0.9209164803096657,-82.78197471209815,55.169041770390926
fine-n96,96,0.02263390483074383,11.825457423506625,1.0,raw_J,54,1-100,150.9252,67.73979532222981,0.927354453863885,0.927354453863885,-83.18540467777018,55.11697495035302
fine-n96,96,0.02263390483074383,11.825457423506625,1.0,raw_J,55,1-100,153.0246,68.12331881251538,0.9326048715125641,0.9326048715125641,-84.90128118748461,55.48211280244132
fine-n96,96,0.02263390483074383,11.825457423506625,1.0,raw_J,56,1-100,156.1129,68.41933223651098,0.9366572806738263,0.9366572806738263,-87.69356776348901,56.1731719566346
fine-n96,96,0.02263390483074383,11.825457423506625,1.0,raw_J,57,1-100,157.5975,69.77495557583703,0.9552156972664032,0.9552156972664032,-87.82254442416297,55.725848712170546
fine-n96,96,0.02263390483074383,11.825457423506625,1.0,raw_J,58,1-100,158.8499,70.22887167245861,0.9614297862207641,0.9614297862207641,-88.62102832754138,55.78916217608031
fine-n96,96,0.02263390483074383,11.825457423506625,1.0,raw_J,59,1-100,161.1889,70.46657649901995,0.9646839535616604,0.9646839535616604,-90.72232350098004,56.28323259292671
fine-n96,96,0.02263390483074383,11.825457423506625,1.0,raw_J,60,1-100,163.0306,71.10902732993266,0.9734790737211088,0.9734790737211088,-91.92157267006733,56.38301807762919
fine-n96,96,0.02263390483074383,11.825457423506625,1.0,raw_J,61,1-100,165.5373,72.16522765772935,0.9879384040674072,0.9879384040674072,-93.37207234227064,56.40545807033862
fine-n96,96,0.02263390483074383,11.825457423506625,1.0,raw_J,62,1-100,167.1844,72.55033586613723,0.9932105164289483,0.9932105164289483,-94.63406413386278,56.604601944836226
fine-n96,96,0.02263390483074383,11.825457423506625,1.0,raw_J,63,1-100,169.0945,73.49104285843002,1.0060887487137355,1.0060887487137355,-95.60345714156999,56.53847827195443
fine-n96,96,0.02263390483074383,11.825457423506625,1.0,raw_J,64,1-100,169.9119,73.74709908152776,1.0095941457672652,1.0095941457672652,-96.16480091847224,56.59686044266014
fine-n96,96,0.02263390483074383,11.825457423506625,1.0,raw_J,65,1-100,173.4115,73.89743889356758,1.0116522903722938,1.0116522903722938,-99.51406110643241,57.38607941597438
fine-n96,96,0.02263390483074383,11.825457423506625,1.0,raw_J,66,1-100,174.7541,74.82598642884831,1.0243640602908595,1.0243640602908595,-99.92811357115168,57.18212824257152
fine-n96,96,0.02263390483074383,11.825457423506625,1.0,raw_J,67,1-100,176.4414,75.13801311695511,1.0286356902472802,1.0286356902472802,-101.30338688304488,57.414748966537836
fine-n96,96,0.02263390483074383,11.825457423506625,1.0,raw_J,68,1-100,178.3774,75.49208689608125,1.0334829428040249,1.0334829428040249,-102.88531310391875,57.67844643094851
fine-n96,96,0.02263390483074383,11.825457423506625,1.0,raw_J,69,1-100,179.9164,75.62526162928508,1.0353060983271738,1.0353060983271738,-104.29113837071493,57.966443509716136
fine-n96,96,0.02263390483074383,11.825457423506625,1.0,raw_J,70,1-100,182.207,76.0599325042604,1.0412567211472725,1.0412567211472725,-106.14706749573959,58.25630601224958
fine-n96,96,0.02263390483074383,11.825457423506625,1.0,raw_J,71,1-100,184.8744,77.56376739790672,1.0618441466017627,1.0618441466017627,-107.31063260209329,58.045155306572084
fine-n96,96,0.02263390483074383,11.825457423506625,1.0,raw_J,72,1-100,185.9589,77.58280647660055,1.062104790649183,1.062104790649183,-108.37609352339945,58.279594858541024
fine-n96,96,0.02263390483074383,11.825457423506625,1.0,raw_J,73,1-100,187.2289,77.96520640842104,1.0673398268379415,1.0673398268379415,-109.26369359157897,58.35834830604622
fine-n96,96,0.02263390483074383,11.825457423506625,1.0,raw_J,74,1-100,189.4161,78.77831868987627,1.078471293830306,1.078471293830306,-110.63778131012373,58.409914104515785
fine-n96,96,0.02263390483074383,11.825457423506625,1.0,raw_J,75,1-100,192.0266,79.63989236702479,1.0902661949373273,1.0902661949373273,-112.38670763297522,58.526635181258854
fine-n96,96,0.02263390483074383,11.825457423506625,1.0,raw_J,76,1-100,193.0797,80.18241422121892,1.097693292338673,1.097693292338673,-112.89728577878108,58.47185684397742
fine-n96,96,0.02263390483074383,11.825457423506625,1.0,raw_J,77,1-100,195.2658,80.80525358457538,1.106219932475432,1.106219932475432,-114.46054641542463,58.61781551885923
fine-n96,96,0.02263390483074383,11.825457423506625,1.0,raw_J,78,1-100,196.8764,80.83269405734258,1.1065955911929664,1.1065955911929664,-116.04370594265741,58.94241561845779
fine-n96,96,0.02263390483074383,11.825457423506625,1.0,raw_J,79,1-100,198.0153,81.37950586271305,1.114081417814135,1.114081417814135,-116.63579413728695,58.902415185739166
fine-n96,96,0.02263390483074383,11.825457423506625,1.0,raw_J,80,1-100,201.2647,81.47864134859269,1.1154385777218248,1.1154385777218248,-119.78605865140732,59.51667562737396
fine-n96,96,0.02263390483074383,11.825457423506625,1.0,raw_J,81,1-100,202.4935,82.57054729886143,1.1303867162770929,1.1303867162770929,-119.92295270113858,59.22311219922545
fine-n96,96,0.02263390483074383,11.825457423506625,1.0,raw_J,82,1-100,204.1896,82.70540601858909,1.13223292549262,1.13223292549262,-121.48419398141093,59.495779403755584
fine-n96,96,0.02263390483074383,11.825457423506625,1.0,raw_J,83,1-100,205.3946,83.27341297570752,1.1400089126948811,1.1400089126948811,-122.12118702429248,59.45686353209504
fine-n96,96,0.02263390483074383,11.825457423506625,1.0,raw_J,84,1-100,207.9062,83.31021847654736,1.1405127781844087,1.1405127781844087,-124.59598152345265,59.92893984087662
fine-n96,96,0.02263390483074383,11.825457423506625,1.0,raw_J,85,1-100,209.5765,84.10289072811418,1.1513644221766597,1.1513644221766597,-125.47360927188583,59.8700757345818
fine-n96,96,0.02263390483074383,11.825457423506625,1.0,raw_J,86,1-100,211.3289,84.91005914648201,1.1624145179767875,1.1624145179767875,-126.41884085351799,59.82089570026532
fine-n96,96,0.02263390483074383,11.825457423506625,1.0,raw_J,87,1-100,213.3479,85.22636562992827,1.1667447381201252,1.1667447381201252,-128.12153437007174,60.05286875102672
fine-n96,96,0.02263390483074383,11.825457423506625,1.0,raw_J,88,1-100,214.547,85.36230283143415,1.1686057116979554,1.1686057116979554,-129.18469716856583,60.212772571308776
fine-n96,96,0.02263390483074383,11.825457423506625,1.0,raw_J,89,1-100,216.1695,85.77936274273031,1.1743152412946833,1.1743152412946833,-130.39013725726969,60.318471041136554
fine-n96,96,0.02263390483074383,11.825457423506625,1.0,raw_J,90,1-100,219.0675,86.75609700008872,1.1876866850596677,1.1876866850596677,-132.31140299991128,60.397550070143346
fine-n96,96,0.02263390483074383,11.825457423506625,1.0,raw_J,91,1-100,220.7149,87.20207104945506,1.193792047779178,1.193792047779178,-133.51282895054493,60.49108100565251
fine-n96,96,0.02263390483074383,11.825457423506625,1.0,raw_J,92,1-100,221.3952,88.2259269443171,1.2078085844353423,1.2078085844353423,-133.16927305568288,60.15002721634565
fine-n96,96,0.02263390483074383,11.825457423506625,1.0,raw_J,93,1-100,224.007,88.57276869555884,1.2125568308873718,1.2125568308873718,-135.43423130444117,60.45982103436105
fine-n96,96,0.02263390483074383,11.825457423506625,1.0,raw_J,94,1-100,224.9833,88.66310987696968,1.2137935972010305,1.2137935972010305,-136.32019012303033,60.591248382893454
fine-n96,96,0.02263390483074383,11.825457423506625,1.0,raw_J,95,1-100,227.4214,88.96683300633013,1.2179515518481336,1.2179515518481336,-138.45456699366986,60.8801840959865
fine-n96,96,0.02263390483074383,11.825457423506625,1.0,raw_J,96,1-100,229.3374,89.19220726065183,1.2210369142637902,1.2210369142637902,-140.14519273934818,61.10873880114982
fine-n96,96,0.02263390483074383,11.825457423506625,1.0,raw_J,97,1-100,231.2882,90.29287730990691,1.2361050329015257,1.2361050329015257,-140.99532269009308,60.96088027408795
fine-n96,96,0.02263390483074383,11.825457423506625,1.0,raw_J,98,1-100,231.9872,90.51721035805193,1.2391761412560247,1.2391761412560247,-141.46998964194808,60.981808324747256
fine-n96,96,0.02263390483074383,11.825457423506625,1.0,raw_J,99,1-100,233.6934,90.69764571593495,1.2416462923979257,1.2416462923979257,-142.99575428406504,61.18947059868402
fine-n96,96,0.02263390483074383,11.825457423506625,1.0,raw_J,100,1-100,236.5242,90.9217339604118,1.2447140494022926,1.2447140494022926,-145.6024660395882,61.559225668911765
fine-n96,96,0.02263390483074383,11.825457423506625,1.0,raw_J,101,101-300,237.7698204809252,91.40104186612878,1.2512757509696568,1.2512757509696568,-146.36877861479644,61.559023057990956
fine-n96,96,0.02263390483074383,11.825457423506625,1.0,raw_J,102,101-300,239.55547757332764,92.44120135689468,1.2655154830488884,1.2655154830488884,-147.11427621643296,61.41135978466677
fine-n96,96,0.02263390483074383,11.825457423506625,1.0,raw_J,103,101-300,241.04915779621658,92.45006480946799,1.2656368232770567,1.2656368232770567,-148.5990929867486,61.646800322934354
fine-n96,96,0.02263390483074383,11.825457423506625,1.0,raw_J,104,101-300,242.8232719342226,92.86288704291385,1.271288339273215,1.271288339273215,-149.96038489130873,61.7570069362754
fine-n96,96,0.02263390483074383,11.825457423506625,1.0,raw_J,105,101-300,244.07089849707816,93.17873750399123,1.2756123164928352,1.2756123164928352,-150.89216099308692,61.82308580098634
fine-n96,96,0.02263390483074383,11.825457423506625,1.0,raw_J,106,101-300,247.1369900748975,93.77311222381333,1.2837492770648173,1.2837492770648173,-153.36387785108417,62.056221452161246
fine-n96,96,0.02263390483074383,11.825457423506625,1.0,raw_J,107,101-300,248.10199006014847,94.6786328735343,1.2961458100568337,1.2961458100568337,-153.42335718661417,61.838825698020024
fine-n96,96,0.02263390483074383,11.825457423506625,1.0,raw_J,108,101-300,249.5736896447072,95.1973412631536,1.3032469023037447,1.3032469023037447,-154.3763483815536,61.856018798024586
fine-n96,96,0.02263390483074383,11.825457423506625,1.0,raw_J,109,101-300,251.014947795016,95.58810833719343,1.308596484256427,1.308596484256427,-155.42683945782258,61.919356127248385
fine-n96,96,0.02263390483074383,11.825457423506625,1.0,raw_J,110,101-300,253.06998674799948,96.11382483343064,1.3157935171369695,1.3157935171369695,-156.95616191456884,62.02085199097976
fine-n96,96,0.02263390483074383,11.825457423506625,1.0,raw_J,111,101-300,255.30625645491403,96.30328895773228,1.3183872716454197,1.3183872716454197,-159.00296749718177,62.27930709769387
fine-n96,96,0.02263390483074383,11.825457423506625,1.0,raw_J,112,101-300,256.38071369443446,96.72291902834017,1.3241319865962449,1.3241319865962449,-159.65779466609428,62.27371488495866
fine-n96,96,0.02263390483074383,11.825457423506625,1.0,raw_J,113,101-300,258.6104394915314,96.78842601898619,1.3250287740643178,1.3250287740643178,-161.82201347254522,62.573658584979256
fine-n96,96,0.02263390483074383,11.825457423506625,1.0,raw_J,114,101-300,259.874406989678,97.16051762830278,1.3301226898268872,1.3301226898268872,-162.7138893613752,62.61251011448699
fine-n96,96,0.02263390483074383,11.825457423506625,1.0,raw_J,115,101-300,260.8050845045969,98.22540273547077,1.3447009143740387,1.3447009143740387,-162.57968176912613,62.337619712418046
fine-n96,96,0.02263390483074383,11.825457423506625,1.0,raw_J,116,101-300,263.57389390487015,98.36106192682064,1.3465580820065572,1.3465580820065572,-165.2128319780495,62.681788977810754
fine-n96,96,0.02263390483074383,11.825457423506625,1.0,raw_J,117,101-300,265.55785183887633,98.84877426000409,1.3532348397710379,1.3532348397710379,-166.70907757887224,62.77693407462143
fine-n96,96,0.02263390483074383,11.825457423506625,1.0,raw_J,118,101-300,266.6149737815011,99.29315005965499,1.359318322530844,1.359318322530844,-167.3218237218461,62.75784939932568
fine-n96,96,0.02263390483074383,11.825457423506625,1.0,raw_J,119,101-300,267.92191508282406,99.61109427667377,1.36367096316594,1.36367096316594,-168.31082080615028,62.82084866186459
fine-n96,96,0.02263390483074383,11.825457423506625,1.0,raw_J,120,101-300,269.9704490239976,99.93088600951158,1.3680488962013928,1.3680488962013928,-170.03956301448602,62.98450946361586
fine-n96,96,0.02263390483074383,11.825457423506625,1.0,raw_J,121,101-300,271.494055641645,100.33756958379807,1.3736163742567051,1.3736163742567051,-171.1564860578469,63.04244328787908
fine-n96,96,0.02263390483074383,11.825457423506625,1.0,raw_J,122,101-300,273.4596091884033,100.67740694147783,1.3782687309066555,1.3782687309066555,-172.78220224692546,63.183810859571985
fine-n96,96,0.02263390483074383,11.825457423506625,1.0,raw_J,123,101-300,275.58749264934386,101.06476495329566,1.3835716429658134,1.3835716429658134,-174.5227276960482,63.32752115064599
fine-n96,96,0.02263390483074383,11.825457423506625,1.0,raw_J,124,101-300,276.4520495031329,101.22907510445508,1.385821040823718,1.385821040823718,-175.22297439867782,63.382772785951836
fine-n96,96,0.02263390483074383,11.825457423506625,1.0,raw_J,125,101-300,278.25074352984194,102.06654042469374,1.397285899714796,1.397285899714796,-176.18420310514819,63.31850217904367
fine-n96,96,0.02263390483074383,11.825457423506625,1.0,raw_J,126,101-300,279.22925092774517,102.51348329620174,1.4034045255615977,1.4034045255615977,-176.71576763154343,63.286982665462695
fine-n96,96,0.02263390483074383,11.825457423506625,1.0,raw_J,127,101-300,282.4651147650521,103.38439025444194,1.41532719882601,1.41532719882601,-179.08072451061014,63.3992359231919
fine-n96,96,0.02263390483074383,11.825457423506625,1.0,raw_J,128,101-300,283.2111857332339,103.45204816727613,1.4162534323126548,1.4162534323126548,-179.75913756595776,63.471764754122006
fine-n96,96,0.02263390483074383,11.825457423506625,1.0,raw_J,129,101-300,284.83596398090475,104.12628740748303,1.4254837342260487,1.4254837342260487,-180.70967657342172,63.44341987149361
fine-n96,96,0.02263390483074383,11.825457423506625,1.0,raw_J,130,101-300,286.6674453630029,104.37780048803263,1.4289269358823746,1.4289269358823746,-182.2896448749703,63.589238270198244
fine-n96,96,0.02263390483074383,11.825457423506625,1.0,raw_J,131,101-300,287.9119205014222,104.83105256215848,1.4351319344015496,1.4351319344015496,-183.0808679392637,63.58919339651286
fine-n96,96,0.02263390483074383,11.825457423506625,1.0,raw_J,132,101-300,289.5798549292188,104.83506704015255,1.4351868924071065,1.4351868924071065,-184.74478788906626,63.79752760571791
fine-n96,96,0.02263390483074383,11.825457423506625,1.0,raw_J,133,101-300,291.8462913290674,105.38000194685631,1.4426470243781844,1.4426470243781844,-186.4662893822111,63.8919509763321
fine-n96,96,0.02263390483074383,11.825457423506625,1.0,raw_J,134,101-300,293.5584341393563,105.93309902970208,1.4502188961377056,1.4502188961377056,-187.6253351096542,63.91413541216323
fine-n96,96,0.02263390483074383,11.825457423506625,1.0,raw_J,135,101-300,294.9653696192655,106.13713392983124,1.453012123847922,1.453012123847922,-188.82823568943428,64.01708645769821
fine-n96,96,0.02263390483074383,11.825457423506625,1.0,raw_J,136,101-300,295.57325487895827,106.57010429449296,1.4589394667657765,1.4589394667657765,-189.0031505844653,63.94460509015437
fine-n96,96,0.02263390483074383,11.825457423506625,1.0,raw_J,137,101-300,297.97927706194344,107.00730553403072,1.464924730151819,1.464924730151819,-190.97197152791273,64.08901095770287
fine-n96,96,0.02263390483074383,11.825457423506625,1.0,raw_J,138,101-300,299.8403260537213,107.50104542653659,1.471684004905862,1.471684004905862,-192.3392806271847,64.14723568327629
fine-n96,96,0.02263390483074383,11.825457423506625,1.0,raw_J,139,101-300,301.64932546219416,107.88762243832575,1.4769762251131826,1.4769762251131826,-193.7617030238684,64.23409126706389
fine-n96,96,0.02263390483074383,11.825457423506625,1.0,raw_J,140,101-300,302.6967495896069,108.09263536824679,1.4797828420029677,1.4797828420029677,-194.6041142213601,64.2901235263353
fine-n96,96,0.02263390483074383,11.825457423506625,1.0,raw_J,141,101-300,304.8643713408573,108.31922586568676,1.4828848547268716,1.4828848547268716,-196.54514547517056,64.46969995566353
fine-n96,96,0.02263390483074383,11.825457423506625,1.0,raw_J,142,101-300,305.7289126020368,108.90924423494037,1.4909621770746302,1.4909621770746302,-196.81966836709643,64.37718522987517
fine-n96,96,0.02263390483074383,11.825457423506625,1.0,raw_J,143,101-300,307.2194961281701,109.07859456240764,1.493280574697372,1.493280574697372,-198.14090156576242,64.49489829353124
fine-n96,96,0.02263390483074383,11.825457423506625,1.0,raw_J,144,101-300,310.1094631467019,109.5223217191945,1.4993551775683909,1.4993551775683909,-200.5871414275074,64.68268958713351
fine-n96,96,0.02263390483074383,11.825457423506625,1.0,raw_J,145,101-300,311.165141530356,110.50967941164639,1.51287205563536,1.51287205563536,-200.65546211870958,64.48519944485314
fine-n96,96,0.02263390483074383,11.825457423506625,1.0,raw_J,146,101-300,312.4278011806009,110.83063251154151,1.5172658877284944,1.5172658877284944,-201.59716866905939,64.52600181778473
fine-n96,96,0.02263390483074383,11.825457423506625,1.0,raw_J,147,101-300,313.9852857311589,111.03929033453184,1.5201224030244613,1.5201224030244613,-202.94599539662707,64.63551147756455
fine-n96,96,0.02263390483074383,11.825457423506625,1.0,raw_J,148,101-300,315.47561608947575,111.18316781562977,1.52209207863792,1.52209207863792,-204.292448273846,64.7569694311665
fine-n96,96,0.02263390483074383,11.825457423506625,1.0,raw_J,149,101-300,317.7348059423702,111.75624055536237,1.5299374161540877,1.5299374161540877,-205.97856538700785,64.82719599324211
fine-n96,96,0.02263390483074383,11.825457423506625,1.0,raw_J,150,101-300,318.8531042563166,112.16659971242292,1.5355552127561252,1.5355552127561252,-206.6865045438937,64.82185739604546
fine-n96,96,0.02263390483074383,11.825457423506625,1.0,raw_J,151,101-300,321.1601343091136,112.50921921755518,1.5402456568673546,1.5402456568673546,-208.65091509155837,64.96787515063556
fine-n96,96,0.02263390483074383,11.825457423506625,1.0,raw_J,152,101-300,322.14455867248296,112.8721639959156,1.5452143529656837,1.5452143529656837,-209.27239467656736,64.96226276146102
fine-n96,96,0.02263390483074383,11.825457423506625,1.0,raw_J,153,101-300,323.4669695575121,113.23868449834603,1.5502320005500092,1.5502320005500092,-210.22828505916604,64.99219544633836
fine-n96,96,0.02263390483074383,11.825457423506625,1.0,raw_J,154,101-300,324.8628660517396,113.77309708878204,1.5575480825308345,1.5575480825308345,-211.08976896295758,64.97811569800598
fine-n96,96,0.02263390483074383,11.825457423506625,1.0,raw_J,155,101-300,327.44390126190547,114.2954577265848,1.5646991738750773,1.5646991738750773,-213.14844353532067,65.09464452197392
fine-n96,96,0.02263390483074383,11.825457423506625,1.0,raw_J,156,101-300,329.03307168048093,114.68742521552043,1.5700651894484225,1.5700651894484225,-214.3456464649605,65.14410401672582
fine-n96,96,0.02263390483074383,11.825457423506625,1.0,raw_J,157,101-300,329.9532397282339,114.75481029517667,1.5709876878623303,1.5709876878623303,-215.1984294330572,65.22088693849634
fine-n96,96,0.02263390483074383,11.825457423506625,1.0,raw_J,158,101-300,331.4744675826634,114.79512792338973,1.5715396342022143,1.5715396342022143,-216.6793396592737,65.36833477385042
fine-n96,96,0.02263390483074383,11.825457423506625,1.0,raw_J,159,101-300,333.64537852486984,115.88573179863624,1.5864699474147075,1.5864699474147075,-217.7596467262336,65.26679544880969
fine-n96,96,0.02263390483074383,11.825457423506625,1.0,raw_J,160,101-300,334.2113548332444,115.93901815699967,1.5871994350301253,1.5871994350301253,-218.27233667624472,65.30967111669567
fine-n96,96,0.02263390483074383,11.825457423506625,1.0,raw_J,161,101-300,336.84185042839067,116.37850942787472,1.5932160488321239,1.5932160488321239,-220.46334100051595,65.45010387519656
fine-n96,96,0.02263390483074383,11.825457423506625,1.0,raw_J,162,101-300,338.3399928508066,116.7956496626697,1.5989266780535856,1.5989266780535856,-221.5443431881369,65.47979779789983
fine-n96,96,0.02263390483074383,11.825457423506625,1.0,raw_J,163,101-300,339.85821672536355,116.89411845128856,1.600274710908688,1.600274710908688,-222.96409827407498,65.6050338939577
fine-n96,96,0.02263390483074383,11.825457423506625,1.0,raw_J,164,101-300,341.04226111104657,117.17752358172382,1.6041545131535402,1.6041545131535402,-223.86473752932275,65.64134802532003
fine-n96,96,0.02263390483074383,11.825457423506625,1.0,raw_J,165,101-300,342.0548775103636,117.2190204739483,1.6047226035595241,1.6047226035595241,-224.8358570364153,65.73093144377196
fine-n96,96,0.02263390483074383,11.825457423506625,1.0,raw_J,166,101-300,344.6617029402523,118.06672056135699,1.6163275759079019,1.6163275759079019,-226.59498237889534,65.7441718780621
fine-n96,96,0.02263390483074383,11.825457423506625,1.0,raw_J,167,101-300,346.34787056600993,118.60496818671304,1.6236961593274593,1.6236961593274593,-227.74290237929688,65.75553705790482
fine-n96,96,0.02263390483074383,11.825457423506625,1.0,raw_J,168,101-300,347.2726775844205,118.81085532539811,1.626514744092067,1.626514744092067,-228.46182225902237,65.78744514200496
fine-n96,96,0.02263390483074383,11.825457423506625,1.0,raw_J,169,101-300,349.31626087069617,119.20366209955232,1.6318922494386219,1.6318922494386219,-230.11259877114384,65.87514654988333
fine-n96,96,0.02263390483074383,11.825457423506625,1.0,raw_J,170,101-300,350.4084193491921,119.62087059543012,1.6376038131509374,1.6376038131509374,-230.787548753762,65.86244393967473
fine-n96,96,0.02263390483074383,11.825457423506625,1.0,raw_J,171,101-300,351.87864902535927,120.42027973837318,1.6485476848535507,1.6485476848535507,-231.45836928698608,65.77789528523093
fine-n96,96,0.02263390483074383,11.825457423506625,1.0,raw_J,172,101-300,353.4889004887188,120.54777904795664,1.6502931441075142,1.6502931441075142,-232.94112144076217,65.89771874554127
fine-n96,96,0.02263390483074383,11.825457423506625,1.0,raw_J,173,101-300,356.0175749772649,120.79646900717005,1.6536976973721165,1.6536976973721165,-235.22110597009487,66.07008263148693
fine-n96,96,0.02263390483074383,11.825457423506625,1.0,raw_J,174,101-300,357.1513022520396,121.1062033401451,1.6579379450999496,1.6579379450999496,-236.0450989118945,66.09106488580542
fine-n96,96,0.02263390483074383,11.825457423506625,1.0,raw_J,175,101-300,357.95268510163226,121.67267284405983,1.6656928846437513,1.6656928846437513,-236.28001225757242,66.00872743571857
fine-n96,96,0.02263390483074383,11.825457423506625,1.0,raw_J,176,101-300,359.74375495311443,121.81982452532829,1.6677073838959078,1.6677073838959078,-237.92393042778616,66.13705648866507
fine-n96,96,0.02263390483074383,11.825457423506625,1.0,raw_J,177,101-300,361.28936169580464,122.32891464660678,1.6746768025240562,1.6746768025240562,-238.96044704919785,66.14101393065533
fine-n96,96,0.02263390483074383,11.825457423506625,1.0,raw_J,178,101-300,363.33133057897385,122.53804888305167,1.6775398398966972,1.6775398398966972,-240.7932816959222,66.27374559529852
fine-n96,96,0.02263390483074383,11.825457423506625,1.0,raw_J,179,101-300,364.736024114089,122.64973494388862,1.6790688165559708,1.6790688165559708,-242.08628917020036,66.37301312866099
fine-n96,96,0.02263390483074383,11.825457423506625,1.0,raw_J,180,101-300,366.2127102883313,123.21268187036415,1.6867755321885283,1.6867755321885283,-243.00002841796717,66.3548865430272
fine-n96,96,0.02263390483074383,11.825457423506625,1.0,raw_J,181,101-300,367.9935754817403,123.21890155938013,1.6868606794241108,1.6868606794241108,-244.7746739223602,66.51601827611412
fine-n96,96,0.02263390483074383,11.825457423506625,1.0,raw_J,182,101-300,368.96843809573437,124.09402156154485,1.698841029051865,1.698841029051865,-244.87441653418952,66.36730713282668
fine-n96,96,0.02263390483074383,11.825457423506625,1.0,raw_J,183,101-300,370.050919212106,124.26661532869619,1.7012038292037637,1.7012038292037637,-245.78430388340982,66.41904968287108
fine-n96,96,0.02263390483074383,11.825457423506625,1.0,raw_J,184,101-300,373.06192837211285,125.13044463882163,1.7130296098148854,1.7130296098148854,-247.9314837332912,66.45853272006637
fine-n96,96,0.02263390483074383,11.825457423506625,1.0,raw_J,185,101-300,373.86487391090856,125.23252423424138,1.7144270744368382,1.7144270744368382,-248.63234967666716,66.50326549156256
fine-n96,96,0.02263390483074383,11.825457423506625,1.0,raw_J,186,101-300,375.82591276673935,125.57691006299099,1.7191416994311914,1.7191416994311914,-250.24900270374837,66.58641519991951
fine-n96,96,0.02263390483074383,11.825457423506625,1.0,raw_J,187,101-300,376.32409223066804,125.61461885652545,1.7196579309531155,1.7196579309531155,-250.7094733741426,66.62062795077975
fine-n96,96,0.02263390483074383,11.825457423506625,1.0,raw_J,188,101-300,378.4366802499655,125.82890072503048,1.7225914391545374,1.7225914391545374,-252.607779524935,66.75034231831918
fine-n96,96,0.02263390483074383,11.825457423506625,1.0,raw_J,189,101-300,379.87297534653237,126.35935588143664,1.7298533440588602,1.7298533440588602,-253.51361946509573,66.73641872887441
fine-n96,96,0.02263390483074383,11.825457423506625,1.0,raw_J,190,101-300,381.4844686171865,126.98526417640016,1.7384219977178166,1.7384219977178166,-254.49920444078634,66.71286130292559
fine-n96,96,0.02263390483074383,11.825457423506625,1.0,raw_J,191,101-300,383.44352944953647,127.19065716001305,1.7412338175238808,1.7412338175238808,-256.25287228952345,66.82936406760983
fine-n96,96,0.02263390483074383,11.825457423506625,1.0,raw_J,192,101-300,384.95611681486366,127.37510252311603,1.7437588654392822,1.7437588654392822,-257.58101429174764,66.91178631553623
fine-n96,96,0.02263390483074383,11.825457423506625,1.0,raw_J,193,101-300,385.86130084597426,127.6243178159274,1.7471706104949063,1.7471706104949063,-258.2369830300469,66.92482051552724
fine-n96,96,0.02263390483074383,11.825457423506625,1.0,raw_J,194,101-300,387.222890222388,127.81644826661771,1.7498008668799898,1.7498008668799898,-259.4064419557703,66.99150502357679
fine-n96,96,0.02263390483074383,11.825457423506625,1.0,raw_J,195,101-300,388.84612835423223,128.67352165853345,1.7615341593043388,1.7615341593043388,-260.1726066956988,66.90888444662254
fine-n96,96,0.02263390483074383,11.825457423506625,1.0,raw_J,196,101-300,391.45608356363806,128.94408080257446,1.7652381006296192,1.7652381006296192,-262.5120027610636,67.06039675543519
fine-n96,96,0.02263390483074383,11.825457423506625,1.0,raw_J,197,101-300,392.2450833395191,129.4901694140251,1.772714026761727,1.772714026761727,-262.754913925494,66.98743338946045
fine-n96,96,0.02263390483074383,11.825457423506625,1.0,raw_J,198,101-300,393.427743844434,129.63788470410466,1.774736241790684,1.774736241790684,-263.7898591403293,67.04912484378197
fine-n96,96,0.02263390483074383,11.825457423506625,1.0,raw_J,199,101-300,395.5828700109937,130.17880399956738,1.7821414002421097,1.7821414002421097,-265.4040660114263,67.09190061845965
fine-n96,96,0.02263390483074383,11.825457423506625,1.0,raw_J,200,101-300,396.3818542225922,130.4239597099344,1.7854975698144793,1.7854975698144793,-265.95789451265784,67.09638488226722
fine-n96,96,0.02263390483074383,11.825457423506625,1.0,raw_J,201,101-300,397.9187362096142,130.65859463847795,1.7887097104030634,1.7887097104030634,-267.2601415711363,67.16450301308504
fine-n96,96,0.02263390483074383,11.825457423506625,1.0,raw_J,202,101-300,399.9851198761949,130.78166704537298,1.7903945655777647,1.7903945655777647,-269.2034528308219,67.30336691378592
fine-n96,96,0.02263390483074383,11.825457423506625,1.0,raw_J,203,101-300,401.8392286005332,131.35344481117974,1.7982221749648162,1.7982221749648162,-270.4857837893535,67.3119408305062
fine-n96,96,0.02263390483074383,11.825457423506625,1.0,raw_J,204,101-300,402.86191776388614,131.39655123069818,1.7988122997199971,1.7988122997199971,-271.465366533188,67.384221382844
fine-n96,96,0.02263390483074383,11.825457423506625,1.0,raw_J,205,101-300,404.236441800208,131.83911270937088,1.804870944515179,1.804870944515179,-272.39732909083716,67.38564387657763
fine-n96,96,0.02263390483074383,11.825457423506625,1.0,raw_J,206,101-300,405.13438745990993,132.66577896112628,1.8161879646918366,1.8161879646918366,-272.4686084987836,67.25388338597789
fine-n96,96,0.02263390483074383,11.825457423506625,1.0,raw_J,207,101-300,407.5814603868962,132.93678075025036,1.8198979658064522,1.8198979658064522,-274.64467963664583,67.38399714646974
fine-n96,96,0.02263390483074383,11.825457423506625,1.0,raw_J,208,101-300,408.9472455023511,133.1189403876166,1.8223917222493562,1.8223917222493562,-275.8283051147345,67.44838317125888
fine-n96,96,0.02263390483074383,11.825457423506625,1.0,raw_J,209,101-300,410.51386919336665,133.44610870708988,1.82687064039169,1.82687064039169,-277.06776048627677,67.49291102653781
fine-n96,96,0.02263390483074383,11.825457423506625,1.0,raw_J,210,101-300,411.9722678042788,133.45066899293218,1.8269330704797444,1.8269330704797444,-278.5215988113466,67.6068805057693
fine-n96,96,0.02263390483074383,11.825457423506625,1.0,raw_J,211,101-300,413.26273607018504,134.16187962098127,1.8366695088675382,1.8366695088675382,-279.1008564492038,67.5359358802202
fine-n96,96,0.02263390483074383,11.825457423506625,1.0,raw_J,212,101-300,415.01880975515513,134.2649105031793,1.838079996558523,1.838079996558523,-280.75389925197584,67.64847584079615
fine-n96,96,0.02263390483074383,11.825457423506625,1.0,raw_J,213,101-300,415.4552149962946,134.4263517443837,1.840290119180773,1.840290119180773,-281.02886325191093,67.64359986537114
fine-n96,96,0.02263390483074383,11.825457423506625,1.0,raw_J,214,101-300,418.3877057895348,134.95280815988275,1.8474972815194826,1.8474972815194826,-283.434897629652,67.74455695221378
fine-n96,96,0.02263390483074383,11.825457423506625,1.0,raw_J,215,101-300,419.8613648181523,135.43130414307095,1.8540478679075096,1.8540478679075096,-284.43006067508134,67.7438041478934
fine-n96,96,0.02263390483074383,11.825457423506625,1.0,raw_J,216,101-300,420.6438276250418,135.7241734719975,1.8580572345624902,1.8580572345624902,-284.91965415304435,67.73418161433696
fine-n96,96,0.02263390483074383,11.825457423506625,1.0,raw_J,217,101-300,422.07671005882673,135.76020850078172,1.858550552327612,1.858550552327612,-286.31650155804505,67.8351813152969
fine-n96,96,0.02263390483074383,11.825457423506625,1.0,raw_J,218,101-300,423.7165796274818,136.46300558538874,1.8681718097210336,1.8681718097210336,-287.2535740420931,67.7938008219167
fine-n96,96,0.02263390483074383,11.825457423506625,1.0,raw_J,219,101-300,425.06988249446135,136.88510475749462,1.8739503265494746,1.8739503265494746,-288.18477773696674,67.7970351712043
fine-n96,96,0.02263390483074383,11.825457423506625,1.0,raw_J,220,101-300,427.2088250840746,137.08193255232845,1.8766448893439898,1.8766448893439898,-290.12689253174614,67.91219551109442
fine-n96,96,0.02263390483074383,11.825457423506625,1.0,raw_J,221,101-300,428.12791407661666,137.35304587681418,1.8803564173722,1.8803564173722,-290.7748681998025,67.9177551005857
fine-n96,96,0.02263390483074383,11.825457423506625,1.0,raw_J,222,101-300,430.3287454309386,137.62451018546437,1.884072750356295,1.884072750356295,-292.70423524547425,68.01875039799054
fine-n96,96,0.02263390483074383,11.825457423506625,1.0,raw_J,223,101-300,431.3013069307036,138.0874266710219,1.8904100541908682,1.8904100541908682,-293.21388025968173,67.98353623045985
fine-n96,96,0.02263390483074383,11.825457423506625,1.0,raw_J,224,101-300,432.1386417345886,138.52281995995506,1.8963705668223867,1.8963705668223867,-293.61582177463356,67.9448198837462
fine-n96,96,0.02263390483074383,11.825457423506625,1.0,raw_J,225,101-300,433.88921848092724,138.62431193695886,1.8977599869772337,1.8977599869772337,-295.2649065439684,68.05075903423204
fine-n96,96,0.02263390483074383,11.825457423506625,1.0,raw_J,226,101-300,436.16100643264696,139.26732912626807,1.9065628605551708,1.9065628605551708,-296.8936773063789,68.06974326629218
fine-n96,96,0.02263390483074383,11.825457423506625,1.0,raw_J,227,101-300,437.5816981676686,139.38621208951201,1.908190362453108,1.908190362453108,-298.1954860781566,68.14624270777814
fine-n96,96,0.02263390483074383,11.825457423506625,1.0,raw_J,228,101-300,438.6217386562722,139.58707792016486,1.9109402057586407,1.9109402057586407,-299.03466073610736,68.17597815653345
fine-n96,96,0.02263390483074383,11.825457423506625,1.0,raw_J,229,101-300,439.91844221437066,139.80824993662515,1.913968039745426,1.913968039745426,-300.1101922777455,68.21950695386008
fine-n96,96,0.02263390483074383,11.825457423506625,1.0,raw_J,230,101-300,441.68319920118904,139.93830207357541,1.9157484470800163,1.9157484470800163,-301.7448971276136,68.31704209563271
fine-n96,96,0.02263390483074383,11.825457423506625,1.0,raw_J,231,101-300,442.90454630260945,140.29637862666524,1.9206504974147198,1.9206504974147198,-302.6081676759442,68.32356321517427
fine-n96,96,0.02263390483074383,11.825457423506625,1.0,raw_J,232,101-300,444.31933627755916,141.00815428587333,1.9303946710511863,1.9303946710511863,-303.3111819916858,68.26423187718578
fine-n96,96,0.02263390483074383,11.825457423506625,1.0,raw_J,233,101-300,446.8606226964295,141.2872255455079,1.9342151428187266,1.9342151428187266,-305.5733971509216,68.38226096249925
fine-n96,96,0.02263390483074383,11.825457423506625,1.0,raw_J,234,101-300,447.4417041944933,141.89232732109443,1.9424989562545631,1.9424989562545631,-305.54937687339884,68.28808624879166
fine-n96,96,0.02263390483074383,11.825457423506625,1.0,raw_J,235,101-300,449.1485456850233,142.21267601042027,1.9468845139968416,1.9468845139968416,-306.93586967460305,68.33727340839472
fine-n96,96,0.02263390483074383,11.825457423506625,1.0,raw_J,236,101-300,450.1269457803135,142.51930344591278,1.9510822284515166,1.9510822284515166,-307.60764233440074,68.33797559067482
fine-n96,96,0.02263390483074383,11.825457423506625,1.0,raw_J,237,101-300,451.4033084453888,142.73618188841218,1.954051283622737,1.954051283622737,-308.66712655697665,68.37945597253403
fine-n96,96,0.02263390483074383,11.825457423506625,1.0,raw_J,238,101-300,453.9867378066779,143.1118571684472,1.959194259660527,1.959194259660527,-310.8748806382307,68.4766436438527
fine-n96,96,0.02263390483074383,11.825457423506625,1.0,raw_J,239,101-300,454.9746837686168,143.16797324925048,1.9599624860364524,1.9599624860364524,-311.80671051936633,68.53276053441681
fine-n96,96,0.02263390483074383,11.825457423506625,1.0,raw_J,240,101-300,456.32842668924604,143.49098562960407,1.964384509577403,1.964384509577403,-312.83744105964195,68.55532611223458
fine-n96,96,0.02263390483074383,11.825457423506625,1.0,raw_J,241,101-300,457.903893064103,143.885382688051,1.969783785837418,1.969783785837418,-314.01851037605195,68.57738384244132
fine-n96,96,0.02263390483074383,11.825457423506625,1.0,raw_J,242,101-300,459.513415281106,144.22845581995307,1.9744804400767317,1.9744804400767317,-315.28495946115294,68.61278669487338
fine-n96,96,0.02263390483074383,11.825457423506625,1.0,raw_J,243,101-300,460.08794442217584,144.27104431521093,1.975063474474354,1.975063474474354,-315.8169001069649,68.64272449120551
fine-n96,96,0.02263390483074383,11.825457423506625,1.0,raw_J,244,101-300,462.06536727488253,144.6505590584499,1.9802590125738637,1.9802590125738637,-317.4148082164327,68.69478448221433
fine-n96,96,0.02263390483074383,11.825457423506625,1.0,raw_J,245,101-300,464.05728691054827,144.80100831374094,1.982318655451599,1.982318655451599,-319.2562785968073,68.79673859282532
fine-n96,96,0.02263390483074383,11.825457423506625,1.0,raw_J,246,101-300,465.6715392113711,145.37399953324496,1.9901628769598616,1.9901628769598616,-320.29753967812616,68.78185860801366
fine-n96,96,0.02263390483074383,11.825457423506625,1.0,raw_J,247,101-300,466.5702869308262,145.74358708576167,1.995222512308458,1.995222512308458,-320.8266998450646,68.76277997802084
fine-n96,96,0.02263390483074383,11.825457423506625,1.0,raw_J,248,101-300,467.43904621026167,146.28606041454924,2.0026489453993834,2.0026489453993834,-321.1529857957124,68.70478373585689
fine-n96,96,0.02263390483074383,11.825457423506625,1.0,raw_J,249,101-300,469.53600455911203,146.61205138299667,2.0071117456642953,2.0071117456642953,-322.92395317611533,68.77512055318027
fine-n96,96,0.02263390483074383,11.825457423506625,1.0,raw_J,250,101-300,470.77365547810166,146.75230478076668,2.009031807755904,2.009031807755904,-324.021350697335,68.82741778918574
fine-n96,96,0.02263390483074383,11.825457423506625,1.0,raw_J,251,101-300,472.7991746619088,147.1228086687399,2.0141039876916635,2.0141039876916635,-325.67636599316893,68.88260036114804
fine-n96,96,0.02263390483074383,11.825457423506625,1.0,raw_J,252,101-300,473.8352323451397,147.4093024165784,2.018026072956291,2.018026072956291,-326.42592992856123,68.8901769319665
fine-n96,96,0.02263390483074383,11.825457423506625,1.0,raw_J,253,101-300,475.6003393693758,147.58506671000623,2.0204322774563956,2.0204322774563956,-328.01527265936954,68.96867926845947
fine-n96,96,0.02263390483074383,11.825457423506625,1.0,raw_J,254,101-300,476.7690152374845,147.78335943269795,2.0231468950409663,2.0231468950409663,-328.9856558047866,69.00315357970878
fine-n96,96,0.02263390483074383,11.825457423506625,1.0,raw_J,255,101-300,478.07526376667096,148.07897740544576,2.0271938904941686,2.0271938904941686,-329.9962863612252,69.02601146130057
fine-n96,96,0.02263390483074383,11.825457423506625,1.0,raw_J,256,101-300,478.9421815346348,148.64980084979751,2.035008435267613,2.035008435267613,-330.2923806848373,68.96289226948204
fine-n96,96,0.02263390483074383,11.825457423506625,1.0,raw_J,257,101-300,481.8303393762866,148.78975671081025,2.0369244240957034,2.0369244240957034,-333.04058266547634,69.11988628540625
fine-n96,96,0.02263390483074383,11.825457423506625,1.0,raw_J,258,101-300,482.8347827909824,149.25340997671066,2.0432718144167983,2.0432718144167983,-333.58137281427173,69.08809901516106
fine-n96,96,0.02263390483074383,11.825457423506625,1.0,raw_J,259,101-300,483.8514272124825,149.7107207279212,2.049532376024899,2.049532376024899,-334.1407064845613,69.05853485016672
fine-n96,96,0.02263390483074383,11.825457423506625,1.0,raw_J,260,101-300,485.539148129356,149.96422715168688,2.053002866451448,2.053002866451448,-335.57492097766914,69.11387521903099
fine-n96,96,0.02263390483074383,11.825457423506625,1.0,raw_J,261,101-300,486.52871826165125,150.14724430689714,2.0555083622713037,2.0555083622713037,-336.38147395475414,69.13907881052376
fine-n96,96,0.02263390483074383,11.825457423506625,1.0,raw_J,262,101-300,488.38056709001745,150.56701568189462,2.061255011672247,2.061255011672247,-337.81355140812286,69.17014602381951
fine-n96,96,0.02263390483074383,11.825457423506625,1.0,raw_J,263,101-300,489.66176157795616,150.67096996379007,2.0626781406595045,2.0626781406595045,-338.9907916141661,69.22958217561315
fine-n96,96,0.02263390483074383,11.825457423506625,1.0,raw_J,264,101-300,491.398821593663,150.88033455466297,2.0655443315728927,2.0655443315728927,-340.51848703900004,69.29574758332943
fine-n96,96,0.02263390483074383,11.825457423506625,1.0,raw_J,265,101-300,493.3144415817853,151.32871113890073,2.0716825848761875,2.0716825848761875,-341.9857304428846,69.3240865494078
fine-n96,96,0.02263390483074383,11.825457423506625,1.0,raw_J,266,101-300,493.9579978053695,152.05553477764678,2.081632764609658,2.081632764609658,-341.90246302772266,69.21691005040472
fine-n96,96,0.02263390483074383,11.825457423506625,1.0,raw_J,267,101-300,495.3588288221313,152.22662131445284,2.083974930852537,2.083974930852537,-343.13220750767846,69.26942400998108
fine-n96,96,0.02263390483074383,11.825457423506625,1.0,raw_J,268,101-300,496.4296962157591,152.25387179671486,2.0843479886094345,2.0843479886094345,-344.17582441904426,69.33022481182472
fine-n96,96,0.02263390483074383,11.825457423506625,1.0,raw_J,269,101-300,498.58078242968656,152.35271369077353,2.0857011292595886,2.0857011292595886,-346.22806873891307,69.44272241133575
fine-n96,96,0.02263390483074383,11.825457423506625,1.0,raw_J,270,101-300,500.3090849416905,153.12411372334597,2.0962615576239485,2.0962615576239485,-347.1849712183446,69.39409690287913
fine-n96,96,0.02263390483074383,11.825457423506625,1.0,raw_J,271,101-300,501.6044469651455,153.18135803094168,2.097045229368965,2.097045229368965,-348.4230889342038,69.46172248716414
fine-n96,96,0.02263390483074383,11.825457423506625,1.0,raw_J,272,101-300,502.27627032711825,153.86282642543298,2.106374498047632,2.106374498047632,-348.41344390168524,69.3668931790812
fine-n96,96,0.02263390483074383,11.825457423506625,1.0,raw_J,273,101-300,504.49977331342774,154.03938370907898,2.1087915585446764,2.1087915585446764,-350.46038960434873,69.46690725004949
fine-n96,96,0.02263390483074383,11.825457423506625,1.0,raw_J,274,101-300,505.41523174224443,154.13400974962528,2.1100869843683694,2.1100869843683694,-351.2812219926192,69.50348939459116
fine-n96,96,0.02263390483074383,11.825457423506625,1.0,raw_J,275,101-300,506.46415270952355,154.33495628563145,2.112837932526205,2.112837932526205,-352.1291964238921,69.52697333859511
fine-n96,96,0.02263390483074383,11.825457423506625,1.0,raw_J,276,101-300,508.8007003364678,154.4151973921976,2.1139364293138483,2.1139364293138483,-354.38550294427023,69.65114291507787
fine-n96,96,0.02263390483074383,11.825457423506625,1.0,raw_J,277,101-300,510.26422794367284,155.00392200246685,2.12199604016498,2.12199604016498,-355.26030594120596,69.62281235603733
fine-n96,96,0.02263390483074383,11.825457423506625,1.0,raw_J,278,101-300,511.5622897003746,155.4162991952217,2.1276414635760483,2.1276414635760483,-356.1459905051529,69.61928149820228
fine-n96,96,0.02263390483074383,11.825457423506625,1.0,raw_J,279,101-300,512.6231445314074,155.55410608494824,2.1295280330933184,2.1295280330933184,-357.0690384464592,69.65527059314863
fine-n96,96,0.02263390483074383,11.825457423506625,1.0,raw_J,280,101-300,513.6689855554737,155.98276051617768,2.1353962910955486,2.1353962910955486,-357.686225039296,69.63360356524146
fine-n96,96,0.02263390483074383,11.825457423506625,1.0,raw_J,281,101-300,515.4350571672994,156.28580405788895,2.139544942221284,2.139544942221284,-359.14925310941044,69.67885635936442
fine-n96,96,0.02263390483074383,11.825457423506625,1.0,raw_J,282,101-300,517.5896685724674,156.54100511645044,2.143038632114529,2.143038632114529,-361.048663456017,69.75577090860475
fine-n96,96,0.02263390483074383,11.825457423506625,1.0,raw_J,283,101-300,518.2342231475501,156.9243273556457,2.148286294645717,2.148286294645717,-361.3098957919044,69.71942022613844
fine-n96,96,0.02263390483074383,11.825457423506625,1.0,raw_J,284,101-300,520.1063104117233,156.98546081330494,2.149123208663108,2.149123208663108,-363.1208495984183,69.81665908090345
fine-n96,96,0.02263390483074383,11.825457423506625,1.0,raw_J,285,101-300,521.525193449492,157.26851430671175,2.1529981970144,2.1529981970144,-364.2566791427803,69.84450295363484
fine-n96,96,0.02263390483074383,11.825457423506625,1.0,raw_J,286,101-300,522.4566961777302,157.85278064199642,2.160996774301083,2.160996774301083,-364.6039155357338,69.78643746039809
fine-n96,96,0.02263390483074383,11.825457423506625,1.0,raw_J,287,101-300,523.9605308920159,157.8723449963182,2.1612646093459187,2.1612646093459187,-366.0881858956977,69.86942036883033
fine-n96,96,0.02263390483074383,11.825457423506625,1.0,raw_J,288,101-300,525.0773856872796,158.1937545440041,2.1656646901867758,2.1656646901867758,-366.8836311432755,69.87229714017438
fine-n96,96,0.02263390483074383,11.825457423506625,1.0,raw_J,289,101-300,527.9036416012724,158.79531480406158,2.173900020449853,2.173900020449853,-369.1083267972108,69.91964019751916
fine-n96,96,0.02263390483074383,11.825457423506625,1.0,raw_J,290,101-300,528.4062138522927,159.02233930219865,2.1770079746218745,2.1770079746218745,-369.38387455009405,69.90528590819132
fine-n96,96,0.02263390483074383,11.825457423506625,1.0,raw_J,291,101-300,529.8062263187069,159.13374580124398,2.178533124094022,2.178533124094022,-370.6724805174629,69.96378338039453
fine-n96,96,0.02263390483074383,11.825457423506625,1.0,raw_J,292,101-300,530.866917883961,159.3617158325816,2.1816540225688814,2.1816540225688814,-371.50520205137946,69.98085387053342
fine-n96,96,0.02263390483074383,11.825457423506625,1.0,raw_J,293,101-300,532.6881830282937,159.93384996705072,2.189486510625328,2.189486510625328,-372.75433306124296,69.97608449696811
fine-n96,96,0.02263390483074383,11.825457423506625,1.0,raw_J,294,101-300,533.7796307537687,160.31668865897112,2.194727553418194,2.194727553418194,-373.46294209479765,69.96575376385525
fine-n96,96,0.02263390483074383,11.825457423506625,1.0,raw_J,295,101-300,535.6643140758732,160.46986627647053,2.196824547439871,2.196824547439871,-375.1944477994027,70.04283054522443
fine-n96,96,0.02263390483074383,11.825457423506625,1.0,raw_J,296,101-300,537.0697590831223,161.06377312054428,2.2049551028159557,2.2049551028159557,-376.00598596257805,70.01064193308706
fine-n96,96,0.02263390483074383,11.825457423506625,1.0,raw_J,297,101-300,538.4285261762479,161.28679113391487,2.208008208409312,2.208008208409312,-377.14173504233304,70.04490228641421
fine-n96,96,0.02263390483074383,11.825457423506625,1.0,raw_J,298,101-300,540.2131663762282,161.35695683630206,2.2089687734111356,2.2089687734111356,-378.8562095399261,70.13087298136566
fine-n96,96,0.02263390483074383,11.825457423506625,1.0,raw_J,299,101-300,540.6313902472951,161.5523097967378,2.211643145795549,2.211643145795549,-379.07908045055734,70.11784503988186
fine-n96,96,0.02263390483074383,11.825457423506625,1.0,raw_J,300,101-300,541.8474371212013,162.14698238589685,2.219784184184049,2.219784184184049,-379.70045473530445,70.07515930178192
fine-n96,96,0.02263390483074383,11.825457423506625,1.0,raw_J,301,301-320,544.3238901010053,162.1624277559595,2.2199956305377184,2.2199956305377184,-382.16146234504583,70.20846765960088
fine-n96,96,0.02263390483074383,11.825457423506625,1.0,raw_J,302,301-320,545.6368332489349,162.43187429051085,2.223684340294011,2.223684340294011,-383.204958958424,70.23077175282907
fine-n96,96,0.02263390483074383,11.825457423506625,1.0,raw_J,303,301-320,547.0109120581222,162.76717528749393,2.2282745943899696,2.2282745943899696,-384.2437367706283,70.24425441988272
fine-n96,96,0.02263390483074383,11.825457423506625,1.0,raw_J,304,301-320,547.9316133644893,163.0245387112568,2.231797886956073,2.231797886956073,-384.9070746532325,70.24728365092318
fine-n96,96,0.02263390483074383,11.825457423506625,1.0,raw_J,305,301-320,549.4975675626614,163.3278825230317,2.235950648764155,2.235950648764155,-386.1696850396297,70.27686887723907
fine-n96,96,0.02263390483074383,11.825457423506625,1.0,raw_J,306,301-320,550.9700100394839,163.54216321322733,2.23888414083458,2.23888414083458,-387.42784682625654,70.3174110689786
fine-n96,96,0.02263390483074383,11.825457423506625,1.0,raw_J,307,301-320,552.0495722005649,164.03859991040227,2.24568033471141,2.24568033471141,-388.0109722901626,70.28553083439299
fine-n96,96,0.02263390483074383,11.825457423506625,1.0,raw_J,308,301-320,553.7649721191589,164.19393355983453,2.2478068447038115,2.2478068447038115,-389.57103855932434,70.34952699671598
fine-n96,96,0.02263390483074383,11.825457423506625,1.0,raw_J,309,301-320,555.7920205616825,164.50082362150408,2.2520081544978847,2.2520081544978847,-391.29119694017845,70.40244956103189
fine-n96,96,0.02263390483074383,11.825457423506625,1.0,raw_J,310,301-320,556.8994764068553,164.82555035248734,2.2564536474143235,2.2564536474143235,-392.07392605436803,70.40299778768865
fine-n96,96,0.02263390483074383,11.825457423506625,1.0,raw_J,311,301-320,557.5646591720586,164.82594614677166,2.256459065818537,2.256459065818537,-392.73871302528687,70.43823645646304
fine-n96,96,0.02263390483074383,11.825457423506625,1.0,raw_J,312,301-320,559.3162370286822,165.28548289895974,2.262750101270129,2.262750101270129,-394.0307541297224,70.44865284494078
fine-n96,96,0.02263390483074383,11.825457423506625,1.0,raw_J,313,301-320,560.2408074972957,165.83066955830515,2.2702136797224433,2.2702136797224433,-394.41013793899054,70.40010878552333
fine-n96,96,0.02263390483074383,11.825457423506625,1.0,raw_J,314,301-320,562.5592076160458,165.83070477298756,2.2702141618097067,2.2702141618097067,-396.7285028430582,70.52208860366406
fine-n96,96,0.02263390483074383,11.825457423506625,1.0,raw_J,315,301-320,564.1608791107861,166.2703739993776,2.2762332118139206,2.2762332118139206,-397.8905051114085,70.52784406791054
fine-n96,96,0.02263390483074383,11.825457423506625,1.0,raw_J,316,301-320,564.5060559381499,166.53887348356287,2.279908956497454,2.279908956497454,-397.96718245458703,70.49830170434704
fine-n96,96,0.02263390483074383,11.825457423506625,1.0,raw_J,317,301-320,566.698787682808,166.82225461520946,2.283788430200074,2.283788430200074,-399.87653306759853,70.5624472398584
fine-n96,96,0.02263390483074383,11.825457423506625,1.0,raw_J,318,301-320,567.7317579011769,166.87249104672256,2.2844761644674767,2.2844761644674767,-400.8592668544544,70.60715932756233
fine-n96,96,0.02263390483074383,11.825457423506625,1.0,raw_J,319,301-320,568.9239551796294,167.59478343102862,2.294364311551357,2.294364311551357,-401.32917174860074,70.54179527769874
fine-n96,96,0.02263390483074383,11.825457423506625,1.0,raw_J,320,301-320,570.0511147824636,168.02874888294954,2.3003052771646653,2.3003052771646653,-402.02236589951406,70.52391539536401
width080-n96,96,0.02263390483074383,11.825457423506625,0.8,power_3_2,1,1-100,14.1347,14.1347,0.08512021580459422,0.19350334521496074,0.0,0.0
width080-n96,96,0.02263390483074383,11.825457423506625,0.8,power_3_2,2,1-100,21.022,23.03348286731017,0.13870934879388067,0.2679603204918336,2.0114828673101712,9.56846573737119
width080-n96,96,0.02263390483074383,11.825457423506625,0.8,power_3_2,3,1-100,25.0108,24.873923242538915,0.14979261776421318,0.2820505431288177,-0.13687675746108496,0.5472706089412772
width080-n96,96,0.02263390483074383,11.825457423506625,0.8,power_3_2,4,1-100,30.4248,32.624817359522105,0.19646907923252654,0.337958058514627,2.2000173595221035,7.231000235078303
width080-n96,96,0.02263390483074383,11.825457423506625,0.8,power_3_2,5,1-100,32.935,34.6998991352461,0.20896537618695837,0.35214069908249107,1.7648991352460968,5.358734280388938
width080-n96,96,0.02263390483074383,11.825457423506625,0.8,power_3_2,6,1-100,37.5861,37.27365104051543,0.2244647017901909,0.3693448409591822,-0.31244895948456985,0.8312885866971297
width080-n96,96,0.02263390483074383,11.825457423506625,0.8,power_3_2,7,1-100,40.9187,42.71507705643356,0.2572333744015434,0.4044686603362901,1.7963770564335562,4.390112727025922
width080-n96,96,0.02263390483074383,11.825457423506625,0.8,power_3_2,8,1-100,43.327,45.184487765431875,0.2721043495520675,0.4199107464256464,1.8574877654318769,4.287136809453405
width080-n96,96,0.02263390483074383,11.825457423506625,0.8,power_3_2,9,1-100,48.0051,48.49697083243196,0.29205236921375904,0.44019032118325463,0.49187083243196383,1.0246220348087263
width080-n96,96,0.02263390483074383,11.825457423506625,0.8,power_3_2,10,1-100,49.7738,51.27864607333755,0.3088038246252061,0.45686558763534096,1.5048460733375464,3.0233698719759117
width080-n96,96,0.02263390483074383,11.825457423506625,0.8,power_3_2,11,1-100,52.9703,53.25959192416413,0.3207332280309787,0.4685572227276942,0.2892919241641252,0.5461398635917206
width080-n96,96,0.02263390483074383,11.825457423506625,0.8,power_3_2,12,1-100,56.4462,56.22815130539511,0.33861011364999666,0.48581018665637404,-0.21804869460488874,0.38629472773169626
width080-n96,96,0.02263390483074383,11.825457423506625,0.8,power_3_2,13,1-100,59.347,60.34901058020418,0.36342623502307936,0.5092654146964306,1.0020105802041783,1.688392977242621
width080-n96,96,0.02263390483074383,11.825457423506625,0.8,power_3_2,14,1-100,60.8317,64.04273282429946,0.3856701053945496,0.5298390756182821,3.2110328242994655,5.27855184763777
width080-n96,96,0.02263390483074383,11.825457423506625,0.8,power_3_2,15,1-100,65.1125,64.55106650832252,0.388731328687919,0.5326390810165493,-0.5614334916774766,0.8622514750278005
width080-n96,96,0.02263390483074383,11.825457423506625,0.8,power_3_2,16,1-100,67.0798,66.90335746799511,0.4028969999878069,0.5455015920274592,-0.17644253200489857,0.26303377768702135
width080-n96,96,0.02263390483074383,11.825457423506625,0.8,power_3_2,17,1-100,69.5464,67.8423731648832,0.4085518224292464,0.5505939496639028,-1.7040268351168066,2.4502013549469224
width080-n96,96,0.02263390483074383,11.825457423506625,0.8,power_3_2,18,1-100,72.0671,72.68204517362932,0.4376966876055801,0.5764772503629435,0.614945173629323,0.8532952951198578
width080-n96,96,0.02263390483074383,11.825457423506625,0.8,power_3_2,19,1-100,75.7046,75.75253315431746,0.4561873948396627,0.5926007369869375,0.04793315431746237,0.06331603933903933
width080-n96,96,0.02263390483074383,11.825457423506625,0.8,power_3_2,20,1-100,77.1448,77.94349774733377,0.4693815467479291,0.6039727452391572,0.7986977473337618,1.0353228569310722
width080-n96,96,0.02263390483074383,11.825457423506625,0.8,power_3_2,21,1-100,79.3373,79.7172402645676,0.4800631562514012,0.613101319436965,0.379940264567594,0.47889235525735563
width080-n96,96,0.02263390483074383,11.825457423506625,0.8,power_3_2,22,1-100,82.9103,82.21450174648557,0.4951018508300876,0.6258395907348577,-0.6957982535144396,0.8392181110361916
width080-n96,96,0.02263390483074383,11.825457423506625,0.8,power_3_2,23,1-100,84.7354,84.26352840646112,0.5074412419375386,0.6361953749692321,-0.47187159353887864,0.5568765752434975
width080-n96,96,0.02263390483074383,11.825457423506625,0.8,power_3_2,24,1-100,87.4252,85.48472406050048,0.5147953730907617,0.6423273629896863,-1.940475939499521,2.2195842154201775
width080-n96,96,0.02263390483074383,11.825457423506625,0.8,power_3_2,25,1-100,88.8091,87.95153450609824,0.529650689261484,0.6546256646568105,-0.8575654939017596,0.9656279524302798
width080-n96,96,0.02263390483074383,11.825457423506625,0.8,power_3_2,26,1-100,92.4918,91.90552142001322,0.5534618928527159,0.6741012762429788,-0.5862785799867822,0.6338708728630886
width080-n96,96,0.02263390483074383,11.825457423506625,0.8,power_3_2,27,1-100,94.6513,92.39098315581496,0.5563853795709565,0.6764730086157307,-2.2603168441850414,2.388046275312691
width080-n96,96,0.02263390483074383,11.825457423506625,0.8,power_3_2,28,1-100,95.8706,97.53389833551758,0.5873563977008787,0.7013494634383742,1.663298335517581,1.7349409887051725
width080-n96,96,0.02263390483074383,11.825457423506625,0.8,power_3_2,29,1-100,98.8311,98.03978277281412,0.5904028714481013,0.7037725237142743,-0.7913172271858855,0.8006763328404576
width080-n96,96,0.02263390483074383,11.825457423506625,0.8,power_3_2,30,1-100,101.3178,100.87431600362476,0.6074726416103188,0.7172729987571888,-0.4434839963752495,0.43771577785468047
width080-n96,96,0.02263390483074383,11.825457423506625,0.8,power_3_2,31,1-100,103.7255,101.9425624341499,0.6139057011516453,0.7223279906650556,-1.7829375658500908,1.7188999482770302
width080-n96,96,0.02263390483074383,11.825457423506625,0.8,power_3_2,32,1-100,105.4466,103.60761709986659,0.6239327843208847,0.7301720488644156,-1.8389829001334164,1.743994495918708
width080-n96,96,0.02263390483074383,11.825457423506625,0.8,power_3_2,33,1-100,107.1686,105.88773704572064,0.6376638364020367,0.7408458602903502,-1.2808629542793568,1.1951849275621373
width080-n96,96,0.02263390483074383,11.825457423506625,0.8,power_3_2,34,1-100,111.0295,106.04294626960774,0.6385985179044479,0.7415696333577225,-4.986553730392259,4.491197141653578
width080-n96,96,0.02263390483074383,11.825457423506625,0.8,power_3_2,35,1-100,111.8746,111.43850370314068,0.6710909664975137,0.7665154775067161,-0.4360962968593185,0.3898081395234651
width080-n96,96,0.02263390483074383,11.825457423506625,0.8,power_3_2,36,1-100,114.3202,113.05471976246245,0.6808239399427457,0.7739089675643412,-1.2654802375375453,1.1069611823085905
width080-n96,96,0.02263390483074383,11.825457423506625,0.8,power_3_2,37,1-100,116.2266,114.75013961113326,0.6910338845045864,0.7816270166654228,-1.476460388866741,1.2703291577545424
width080-n96,96,0.02263390483074383,11.825457423506625,0.8,power_3_2,38,1-100,118.7907,118.60819283134344,0.7142673682495475,0.7990498476610421,-0.18250716865655647,0.15363759002729716
width080-n96,96,0.02263390483074383,11.825457423506625,0.8,power_3_2,39,1-100,121.3701,119.42651153815135,0.7191953444301827,0.8027209141711872,-1.9435884618486483,1.601373371076277
width080-n96,96,0.02263390483074383,11.825457423506625,0.8,power_3_2,40,1-100,122.9468,120.69908115824137,0.7268588534320316,0.8084131880994242,-2.2477188417586262,1.8282044280604508
width080-n96,96,0.02263390483074383,11.825457423506625,0.8,power_3_2,41,1-100,124.2568,123.416560093005,0.7432237139081309,0.8205021160877504,-0.8402399069949951,0.6762124141254202
width080-n96,96,0.02263390483074383,11.825457423506625,0.8,power_3_2,42,1-100,127.5166,124.91057390672826,0.7522207763317527,0.82711052952084,-2.606026093271737,2.043675955343647
width080-n96,96,0.02263390483074383,11.825457423506625,0.8,power_3_2,43,1-100,129.5787,126.07201285264293,0.7592150481394399,0.8322296894392504,-3.50668714735707,2.7062218924538293
width080-n96,96,0.02263390483074383,11.825457423506625,0.8,power_3_2,44,1-100,131.0876,128.06550518286065,0.771220007378259,0.8409797241093216,-3.0220948171393616,2.3054009815873977
width080-n96,96,0.02263390483074383,11.825457423506625,0.8,power_3_2,45,1-100,133.4977,129.65978554095003,0.7808208823974383,0.8479448622424033,-3.8379144590499834,2.8748918213946633
width080-n96,96,0.02263390483074383,11.825457423506625,0.8,power_3_2,46,1-100,134.7565,133.48000122357686,0.8038265056738639,0.8645196755156279,-1.276498776423125,0.9472632314011755
width080-n96,96,0.02263390483074383,11.825457423506625,0.8,power_3_2,47,1-100,138.116,134.44913951504407,0.8096627286226482,0.8686992205622831,-3.666860484955947,2.654913612438781
width080-n96,96,0.02263390483074383,11.825457423506625,0.8,power_3_2,48,1-100,139.7362,137.82297373675792,0.8299802095059502,0.8831717278924563,-1.9132262632420804,1.3691700956817778
width080-n96,96,0.02263390483074383,11.825457423506625,0.8,power_3_2,49,1-100,141.1237,140.15048172443318,0.8439966359032447,0.893087087741478,-0.9732182755668362,0.6896207196713494
width080-n96,96,0.02263390483074383,11.825457423506625,0.8,power_3_2,50,1-100,143.1118,142.74601451890226,0.8596271276429425,0.9040797493485773,-0.36578548109773124,0.2555942145216057
width080-n96,96,0.02263390483074383,11.825457423506625,0.8,power_3_2,51,1-100,146.0009,143.4595214685441,0.8639239196181236,0.9070899022123992,-2.541378531455905,1.7406594969318032
width080-n96,96,0.02263390483074383,11.825457423506625,0.8,power_3_2,52,1-100,147.4427,143.94913784874066,0.8668724259142455,0.9091526156722534,-3.49356215125934,2.3694371788222406
width080-n96,96,0.02263390483074383,11.825457423506625,0.8,power_3_2,53,1-100,150.0515,146.75207367739876,0.8837519141681036,0.9209164803096276,-3.2994263226012492,2.1988626055729195
width080-n96,96,0.02263390483074383,11.825457423506625,0.8,power_3_2,54,1-100,150.9252,148.29363897842802,0.8930353351887469,0.9273544538638642,-2.6315610215719687,1.7436193701064957
width080-n96,96,0.02263390483074383,11.825457423506625,0.8,power_3_2,55,1-100,153.0246,149.55481461040227,0.9006302287458189,0.9326048715125644,-3.4697853895977175,2.2674690145229706
width080-n96,96,0.02263390483074383,11.825457423506625,0.8,power_3_2,56,1-100,156.1129,150.53065423805714,0.9065068076400759,0.9366572806738173,-5.582245761942858,3.5757748154975393
width080-n96,96,0.02263390483074383,11.825457423506625,0.8,power_3_2,57,1-100,157.5975,155.0265403945653,0.9335813688175228,0.955215697266394,-2.5709596054346946,1.6313454245369976
width080-n96,96,0.02263390483074383,11.825457423506625,0.8,power_3_2,58,1-100,158.8499,156.54176952535556,0.942706191460117,0.9614297862207279,-2.308130474644429,1.4530260797422152
width080-n96,96,0.02263390483074383,11.825457423506625,0.8,power_3_2,59,1-100,161.1889,157.3372159527785,0.9474964290713316,0.9646839535616711,-3.8516840472214824,2.389546704035751
width080-n96,96,0.02263390483074383,11.825457423506625,0.8,power_3_2,60,1-100,163.0306,159.49380153482818,0.9604835480158542,0.9734790737211043,-3.536798465171813,2.1694077462585635
width080-n96,96,0.02263390483074383,11.825457423506625,0.8,power_3_2,61,1-100,165.5373,163.06046684280943,0.9819622720579724,0.987938404067398,-2.476833157190555,1.4962387070409842
width080-n96,96,0.02263390483074383,11.825457423506625,0.8,power_3_2,62,1-100,167.1844,164.36745975071253,0.9898330806620307,0.993210516428939,-2.8169402492874838,1.684930082763394
width080-n96,96,0.02263390483074383,11.825457423506625,0.8,power_3_2,63,1-100,169.0945,167.57464870173493,1.00914701131759,1.006088748713731,-1.5198512982650811,0.8988177015012795
width080-n96,96,0.02263390483074383,11.825457423506625,0.8,power_3_2,64,1-100,169.9119,168.45120216143064,1.014425681516007,1.0095941457672655,-1.4606978385693594,0.8596795389665818
width080-n96,96,0.02263390483074383,11.825457423506625,0.8,power_3_2,65,1-100,173.4115,168.96656801505512,1.0175292530582989,1.0116522903722496,-4.444931984944873,2.563227920261847
width080-n96,96,0.02263390483074383,11.825457423506625,0.8,power_3_2,66,1-100,174.7541,172.16123864719884,1.0367677974655145,1.0243640602908717,-2.592861352801151,1.4837198971590086
width080-n96,96,0.02263390483074383,11.825457423506625,0.8,power_3_2,67,1-100,176.4414,173.2392370911644,1.0432595843578696,1.0286356902472735,-3.2021629088355894,1.814859159378462
width080-n96,96,0.02263390483074383,11.825457423506625,0.8,power_3_2,68,1-100,178.3774,174.4652146261126,1.0506425123539624,1.0334829428040242,-3.9121853738873824,2.193206860222978
width080-n96,96,0.02263390483074383,11.825457423506625,0.8,power_3_2,69,1-100,179.9164,174.92707632360646,1.053423877884363,1.0353060983271773,-4.989323676393553,2.773134453776061
width080-n96,96,0.02263390483074383,11.825457423506625,0.8,power_3_2,70,1-100,182.207,176.43738233919223,1.0625190531606432,1.0412567211472814,-5.769617660807768,3.1665181144565073
width080-n96,96,0.02263390483074383,11.825457423506625,0.8,power_3_2,71,1-100,184.8744,181.69586561916486,1.0941860309950593,1.0618441466017372,-3.1785343808351456,1.71929395353556
width080-n96,96,0.02263390483074383,11.825457423506625,0.8,power_3_2,72,1-100,185.9589,181.76276929614596,1.0945889299191787,1.062104790649162,-4.196130703854038,2.2564828593060287
width080-n96,96,0.02263390483074383,11.825457423506625,0.8,power_3_2,73,1-100,187.2289,183.10826679280362,1.1026916160235916,1.06733982683794,-4.120633207196391,2.2008531840951857
width080-n96,96,0.02263390483074383,11.825457423506625,0.8,power_3_2,74,1-100,189.4161,185.98022292678192,1.1199867496950213,1.0784712938303167,-3.43587707321808,1.8139308502382216
width080-n96,96,0.02263390483074383,11.825457423506625,0.8,power_3_2,75,1-100,192.0266,189.0395605144971,1.1384103084324142,1.0902661949372827,-2.9870394855028906,1.555534225728566
width080-n96,96,0.02263390483074383,11.825457423506625,0.8,power_3_2,76,1-100,193.0797,190.9745058025805,1.1500626930243572,1.0976932923386842,-2.1051941974195074,1.0903239426099727
width080-n96,96,0.02263390483074383,11.825457423506625,0.8,power_3_2,77,1-100,195.2658,193.20399334121942,1.1634888329794038,1.1062199324754183,-2.061806658780597,1.0558974786063904
width080-n96,96,0.02263390483074383,11.825457423506625,0.8,power_3_2,78,1-100,196.8764,193.30241625459774,1.1640815430918847,1.1065955911929566,-3.573983745402245,1.815343913949181
width080-n96,96,0.02263390483074383,11.825457423506625,0.8,power_3_2,79,1-100,198.0153,195.26718932623757,1.175913552817244,1.114081417814154,-2.748110673762426,1.3878274425069306
width080-n96,96,0.02263390483074383,11.825457423506625,0.8,power_3_2,80,1-100,201.2647,195.62410600342747,1.1780629316216518,1.1154385777217832,-5.640593996572534,2.8025749158061664
width080-n96,96,0.02263390483074383,11.825457423506625,0.8,power_3_2,81,1-100,202.4935,199.56962771840858,1.2018231571546245,1.1303867162770622,-2.9238722815914286,1.4439338949602967
width080-n96,96,0.02263390483074383,11.825457423506625,0.8,power_3_2,82,1-100,204.1896,200.05874929289138,1.2047686836938971,1.1322329254926125,-4.130850707108635,2.0230465739237626
width080-n96,96,0.02263390483074383,11.825457423506625,0.8,power_3_2,83,1-100,205.3946,202.12323909434005,1.2172011949906132,1.1400089126949073,-3.2713609056599466,1.5927200158426496
width080-n96,96,0.02263390483074383,11.825457423506625,0.8,power_3_2,84,1-100,207.9062,202.25725670078126,1.2180082589949353,1.1405127781843716,-5.648943299218757,2.7170634157224542
width080-n96,96,0.02263390483074383,11.825457423506625,0.8,power_3_2,85,1-100,209.5765,205.150739763132,1.23543302943182,1.1513644221766448,-4.425760236868001,2.1117635979549236
width080-n96,96,0.02263390483074383,11.825457423506625,0.8,power_3_2,86,1-100,211.3289,208.11118275807831,1.253261037568323,1.1624145179767809,-3.21771724192169,1.5226110777663113
width080-n96,96,0.02263390483074383,11.825457423506625,0.8,power_3_2,87,1-100,213.3479,209.27514702015188,1.2602705170179427,1.166744738120104,-4.072752979848133,1.9089726122676307
width080-n96,96,0.02263390483074383,11.825457423506625,0.8,power_3_2,88,1-100,214.547,209.7760416397982,1.2632869417117565,1.1686057116979702,-4.770958360201803,2.223735759624606
width080-n96,96,0.02263390483074383,11.825457423506625,0.8,power_3_2,89,1-100,216.1695,211.31529170186334,1.272556420190976,1.1743152412946536,-4.854208298136655,2.245556518443469
width080-n96,96,0.02263390483074383,11.825457423506625,0.8,power_3_2,90,1-100,219.0675,214.9347867476321,1.2943532888475089,1.187686685059678,-4.132713252367893,1.8865022207163968
width080-n96,96,0.02263390483074383,11.825457423506625,0.8,power_3_2,91,1-100,220.7149,216.59423932437295,1.3043466358198303,1.193792047779153,-4.12066067562705,1.8669608058300777
width080-n96,96,0.02263390483074383,11.825457423506625,0.8,power_3_2,92,1-100,221.3952,220.4200249921185,1.3273858019613558,1.2078085844353823,-0.9751750078814894,0.44046799925268904
width080-n96,96,0.02263390483074383,11.825457423506625,0.8,power_3_2,93,1-100,224.007,221.72110436771044,1.3352209988335422,1.2125568308873391,-2.2858956322895665,1.0204572322693337
width080-n96,96,0.02263390483074383,11.825457423506625,0.8,power_3_2,94,1-100,224.9833,222.06041271649346,1.337264338973249,1.2137935972010259,-2.9228872835065545,1.2991574412441076
width080-n96,96,0.02263390483074383,11.825457423506625,0.8,power_3_2,95,1-100,227.4214,223.20241997602886,1.3441415917187665,1.2179515518480812,-4.218980023971142,1.8551376536997581
width080-n96,96,0.02263390483074383,11.825457423506625,0.8,power_3_2,96,1-100,229.3374,224.05109450828618,1.349252372940413,1.221036914263795,-5.286305491713819,2.3050341949083832
width080-n96,96,0.02263390483074383,11.825457423506625,0.8,power_3_2,97,1-100,231.2882,228.21119301094285,1.3743047958651657,1.2361050329015093,-3.077006989057139,1.3303778528507462
width080-n96,96,0.02263390483074383,11.825457423506625,0.8,power_3_2,98,1-100,231.9872,229.06220861147293,1.379429675174256,1.2391761412560107,-2.9249913885270757,1.260841713907955
width080-n96,96,0.02263390483074383,11.825457423506625,0.8,power_3_2,99,1-100,233.6934,229.74746247087933,1.3835563249364444,1.241646292397918,-3.9459375291206698,1.688510471036268
width080-n96,96,0.02263390483074383,11.825457423506625,0.8,power_3_2,100,1-100,236.5242,230.59944973807117,1.3886870556945177,1.2447140494022924,-5.9247502619288355,2.5049234970158807
width080-n96,96,0.02263390483074383,11.825457423506625,0.8,power_3_2,101,101-300,237.7698204809252,232.42531149767365,1.3996825311560919,1.2512757509696375,-5.344508983251558,2.2477659159776815
width080-n96,96,0.02263390483074383,11.825457423506625,0.8,power_3_2,102,101-300,239.55547757332764,236.40413775835813,1.4236433191429934,1.2655154830488582,-3.1513398149695035,1.3154947851296293
width080-n96,96,0.02263390483074383,11.825457423506625,0.8,power_3_2,103,101-300,241.04915779621658,236.43813894599896,1.423848076826538,1.2656368232770023,-4.611018850217619,1.9128956484949775
width080-n96,96,0.02263390483074383,11.825457423506625,0.8,power_3_2,104,101-300,242.8232719342226,238.02357540065015,1.4333956932007363,1.2712883392731757,-4.799696533572444,1.976621307892027
width080-n96,96,0.02263390483074383,11.825457423506625,0.8,power_3_2,105,101-300,244.07089849707816,239.23897611768635,1.440714926811862,1.2756123164928346,-4.831922379391813,1.979720814380358
width080-n96,96,0.02263390483074383,11.825457423506625,0.8,power_3_2,106,101-300,247.1369900748975,241.53173293505543,1.4545220790741606,1.2837492770647916,-5.605257139842081,2.268076963364872
width080-n96,96,0.02263390483074383,11.825457423506625,0.8,power_3_2,107,101-300,248.10199006014847,245.03869433709252,1.4756412617494052,1.2961458100568166,-3.063295723055944,1.2346921208948367
width080-n96,96,0.02263390483074383,11.825457423506625,0.8,power_3_2,108,101-300,249.5736896447072,247.05516128744688,1.4877845758612713,1.303246902303712,-2.5185283572603225,1.009132156857438
width080-n96,96,0.02263390483074383,11.825457423506625,0.8,power_3_2,109,101-300,251.014947795016,248.57789329136875,1.496954581364493,1.3085964842563662,-2.4370545036472606,0.9708802304623746
width080-n96,96,0.02263390483074383,11.825457423506625,0.8,power_3_2,110,101-300,253.06998674799948,250.6314073407512,1.5093209958650629,1.315793517136961,-2.438579407248284,0.9635988204624826
width080-n96,96,0.02263390483074383,11.825457423506625,0.8,power_3_2,111,101-300,255.30625645491403,251.37285718952117,1.513786062059293,1.3183872716452862,-3.9333992653928647,1.5406591753804066
width080-n96,96,0.02263390483074383,11.825457423506625,0.8,power_3_2,112,101-300,256.38071369443446,253.01763644415618,1.5236910451933847,1.3241319865961536,-3.3630772502782804,1.3117512631182313
width080-n96,96,0.02263390483074383,11.825457423506625,0.8,power_3_2,113,101-300,258.6104394915314,253.27471972043213,1.525239219824354,1.3250287740641826,-5.335719771099264,2.063226752017484
width080-n96,96,0.02263390483074383,11.825457423506625,0.8,power_3_2,114,101-300,259.874406989678,254.7366493997871,1.5340430692019733,1.3301226898268448,-5.137757589890896,1.9770156089648965
width080-n96,96,0.02263390483074383,11.825457423506625,0.8,power_3_2,115,101-300,260.8050845045969,258.935996874948,1.5593318523614441,1.3447009143739588,-1.8690876296489023,0.7166607327457829
width080-n96,96,0.02263390483074383,11.825457423506625,0.8,power_3_2,116,101-300,263.57389390487015,259.4726071510929,1.562563359397916,1.3465580820065377,-4.101286753777231,1.5560292003947398
width080-n96,96,0.02263390483074383,11.825457423506625,0.8,power_3_2,117,101-300,265.55785183887633,261.40484630044955,1.5741994474209602,1.3532348397709542,-4.1530055384267826,1.5638797759768606
width080-n96,96,0.02263390483074383,11.825457423506625,0.8,power_3_2,118,101-300,266.6149737815011,263.1695486356297,1.5848266162750153,1.3593183225308278,-3.4454251458713543,1.292284936964937
width080-n96,96,0.02263390483074383,11.825457423506625,0.8,power_3_2,119,101-300,267.92191508282406,264.43459333928814,1.5924448096698425,1.36367096316586,-3.487321743535915,1.3016186982904558
width080-n96,96,0.02263390483074383,11.825457423506625,0.8,power_3_2,120,101-300,269.9704490239976,265.70902716042093,1.6001195450291705,1.3680488962010109,-4.261421863576686,1.5784771551785244
width080-n96,96,0.02263390483074383,11.825457423506625,0.8,power_3_2,121,101-300,271.494055641645,267.3326897905673,1.6098973622783457,1.3736163742565377,-4.161365851077676,1.5327649959932883
width080-n96,96,0.02263390483074383,11.825457423506625,0.8,power_3_2,122,101-300,273.4596091884033,268.6919989332448,1.6180832231434412,1.378268730906623,-4.767610255158502,1.743442210463264
width080-n96,96,0.02263390483074383,11.825457423506625,0.8,power_3_2,123,101-300,275.58749264934386,270.24418501855735,1.627430603317813,1.3835716429655291,-5.343307630786512,1.9388788581872654
width080-n96,96,0.02263390483074383,11.825457423506625,0.8,power_3_2,124,101-300,276.4520495031329,270.90349352045723,1.6314010082053254,1.3858210408235045,-5.54855598267568,2.0070590876964363
width080-n96,96,0.02263390483074383,11.825457423506625,0.8,power_3_2,125,101-300,278.25074352984194,274.2722025018633,1.6516876245098924,1.39728589971473,-3.978541027978622,1.4298402144438223
width080-n96,96,0.02263390483074383,11.825457423506625,0.8,power_3_2,126,101-300,279.22925092774517,276.07570398757866,1.6625484447372754,1.4034045255614158,-3.153546940166507,1.1293755685297222
width080-n96,96,0.02263390483074383,11.825457423506625,0.8,power_3_2,127,101-300,282.4651147650521,279.6012820157149,1.6837797381209973,1.4153271988256442,-2.8638327493371776,1.0138713064511513
width080-n96,96,0.02263390483074383,11.825457423506625,0.8,power_3_2,128,101-300,283.2111857332339,279.87579638563557,1.685432884095734,1.416253432312233,-3.3353893475983227,1.1777039593132588
width080-n96,96,0.02263390483074383,11.825457423506625,0.8,power_3_2,129,101-300,284.83596398090475,282.61634688975226,1.70193668328028,1.4254837342258355,-2.219617091152486,0.7792615300858876
width080-n96,96,0.02263390483074383,11.825457423506625,0.8,power_3_2,130,101-300,286.6674453630029,283.640938512704,1.7081068503200638,1.4289269358818206,-3.026506850298915,1.0557553357572544
width080-n96,96,0.02263390483074383,11.825457423506625,0.8,power_3_2,131,101-300,287.9119205014222,285.4904741681332,1.719244891744956,1.43513193440138,-2.4214463332889977,0.8410371925802346
width080-n96,96,0.02263390483074383,11.825457423506625,0.8,power_3_2,132,101-300,289.5798549292188,285.50687350054557,1.7193436497457621,1.435186892406316,-4.072981428673245,1.4065140787050923
width080-n96,96,0.02263390483074383,11.825457423506625,0.8,power_3_2,133,101-300,291.8462913290674,287.73587003150226,1.732766832815988,1.4426470243781717,-4.1104212975651535,1.4084199181858037
width080-n96,96,0.02263390483074383,11.825457423506625,0.8,power_3_2,134,101-300,293.5584341393563,290.00415397803187,1.746426607627954,1.4502188961375961,-3.5542801613244137,1.2107572966672615
width080-n96,96,0.02263390483074383,11.825457423506625,0.8,power_3_2,135,101-300,294.9653696192655,290.84241112188994,1.7514746545610296,1.4530121238476716,-4.122958497375578,1.3977771365829816
width080-n96,96,0.02263390483074383,11.825457423506625,0.8,power_3_2,136,101-300,295.57325487895827,292.6238962219922,1.7622028904750124,1.4589394667652864,-2.9493586569660692,0.9978435491986162
width080-n96,96,0.02263390483074383,11.825457423506625,0.8,power_3_2,137,101-300,297.97927706194344,294.426465354804,1.773058096003792,1.46492473015099,-3.5528117071394263,1.1923016063969019
width080-n96,96,0.02263390483074383,11.825457423506625,0.8,power_3_2,138,101-300,299.8403260537213,296.4665734914822,1.7853437790999143,1.4716840049049513,-3.3737525622390763,1.1251830621457546
width080-n96,96,0.02263390483074383,11.825457423506625,0.8,power_3_2,139,101-300,301.64932546219416,298.0671644347075,1.794982656932639,1.4769762251131153,-3.582161027486677,1.187524958657874
width080-n96,96,0.02263390483074383,11.825457423506625,0.8,power_3_2,140,101-300,302.6967495896069,298.9171689390757,1.8001014473453607,1.4797828420022792,-3.7795806505312157,1.2486360212508167
width080-n96,96,0.02263390483074383,11.825457423506625,0.8,power_3_2,141,101-300,304.8643713408573,299.85757445246554,1.8057646393652533,1.4828848547260314,-5.0067968883917615,1.6423030563954788
width080-n96,96,0.02263390483074383,11.825457423506625,0.8,power_3_2,142,101-300,305.7289126020368,302.3109087749542,1.8205388013192427,1.4909621770731705,-3.4180038270826003,1.1179851450725466
width080-n96,96,0.02263390483074383,11.825457423506625,0.8,power_3_2,143,101-300,307.2194961281701,303.0163082408251,1.824786769423509,1.4932805746971678,-4.2031878873449955,1.3681383962661835
width080-n96,96,0.02263390483074383,11.825457423506625,0.8,power_3_2,144,101-300,310.1094631467019,304.86717385456933,1.8359328199563973,1.4993551775673037,-5.242289292132568,1.6904641473816056
width080-n96,96,0.02263390483074383,11.825457423506625,0.8,power_3_2,145,101-300,311.165141530356,308.9990760939155,1.8608154428841304,1.5128720556347177,-2.1660654364404763,0.6961144252172489
width080-n96,96,0.02263390483074383,11.825457423506625,0.8,power_3_2,146,101-300,312.4278011806009,310.3461913638799,1.8689278713398483,1.5172658877283283,-2.081609816721027,0.6662690736403893
width080-n96,96,0.02263390483074383,11.825457423506625,0.8,power_3_2,147,101-300,313.9852857311589,311.223024260704,1.874208224329458,1.5201224030214318,-2.7622614704549164,0.8797423306071818
width080-n96,96,0.02263390483074383,11.825457423506625,0.8,power_3_2,148,101-300,315.47561608947575,311.8281139546709,1.8778521195187157,1.5220920786369103,-3.6475021348048244,1.1561914610130481
width080-n96,96,0.02263390483074383,11.825457423506625,0.8,power_3_2,149,101-300,317.7348059423702,314.24210700988334,1.8923893654319979,1.5299374161536927,-3.49269893248686,1.0992497098729421
width080-n96,96,0.02263390483074383,11.825457423506625,0.8,power_3_2,150,101-300,318.8531042563166,315.9744992463696,1.902821960466057,1.5355552127545684,-2.878605009947023,0.902799744308902
width080-n96,96,0.02263390483074383,11.825457423506625,0.8,power_3_2,151,101-300,321.1601343091136,317.42334840066434,1.9115470379478479,1.5402456568656688,-3.736785908449235,1.1635273214989423
width080-n96,96,0.02263390483074383,11.825457423506625,0.8,power_3_2,152,101-300,322.14455867248296,318.9605558812615,1.9208042158493857,1.545214352963722,-3.1840027912214737,0.9883770206587834
width080-n96,96,0.02263390483074383,11.825457423506625,0.8,power_3_2,153,101-300,323.4669695575121,320.5154180220711,1.930167711429208,1.5502320005478456,-2.951551535440956,0.9124738576796705
width080-n96,96,0.02263390483074383,11.825457423506625,0.8,power_3_2,154,101-300,324.8628660517396,322.78702787218896,1.943847515080214,1.5575480825300756,-2.075838179550658,0.6389890616861231
width080-n96,96,0.02263390483074383,11.825457423506625,0.8,power_3_2,155,101-300,327.44390126190547,325.0125710139803,1.957249901583762,1.5646991738742486,-2.431330247925189,0.7425181041867973
width080-n96,96,0.02263390483074383,11.825457423506625,0.8,power_3_2,156,101-300,329.03307168048093,326.68591206976,1.967326886010928,1.5700651894472069,-2.3471596107209507,0.7133506667683065
width080-n96,96,0.02263390483074383,11.825457423506625,0.8,power_3_2,157,101-300,329.9532397282339,326.97387288252685,1.9690610074656443,1.5709876878608287,-2.979366845707034,0.9029663864373603
width080-n96,96,0.02263390483074383,11.825457423506625,0.8,power_3_2,158,101-300,331.4744675826634,327.1462051193417,1.9700988050268073,1.5715396341958983,-4.328262463321721,1.305760439072833
width080-n96,96,0.02263390483074383,11.825457423506625,0.8,power_3_2,159,101-300,333.64537852486984,331.8193083669505,1.9982405807216301,1.5864699474134372,-1.8260701579193324,0.547308692238702
width080-n96,96,0.02263390483074383,11.825457423506625,0.8,power_3_2,160,101-300,334.2113548332444,332.0481994648535,1.9996189799553779,1.5871994350263012,-2.1631553683909033,0.6472417340428829
width080-n96,96,0.02263390483074383,11.825457423506625,0.8,power_3_2,161,101-300,336.84185042839067,333.93803556691313,2.0109997136704636,1.593216048831386,-2.9038148614775423,0.8620706891927211
width080-n96,96,0.02263390483074383,11.825457423506625,0.8,power_3_2,162,101-300,338.3399928508066,335.73506502554756,2.0218215588688886,1.5989266780530602,-2.6049278252590398,0.7699142520250927
width080-n96,96,0.02263390483074383,11.825457423506625,0.8,power_3_2,163,101-300,339.85821672536355,336.1597348509737,2.024378952176562,1.6002747109059312,-3.69848187438987,1.0882425942282221
width080-n96,96,0.02263390483074383,11.825457423506625,0.8,power_3_2,164,101-300,341.04226111104657,337.382984347345,2.031745451721228,1.6041545131486294,-3.659276763701598,1.0729687141354318
width080-n96,96,0.02263390483074383,11.825457423506625,0.8,power_3_2,165,101-300,342.0548775103636,337.5622198917752,2.0328248215148386,1.6047226035564837,-4.492657618588396,1.3134318245329735
width080-n96,96,0.02263390483074383,11.825457423506625,0.8,power_3_2,166,101-300,344.6617029402523,341.2305867476531,2.0549159998506186,1.6163275759049813,-3.4311161925992337,0.9955025937981927
width080-n96,96,0.02263390483074383,11.825457423506625,0.8,power_3_2,167,101-300,346.34787056600993,343.5666690909028,2.0689840616555895,1.6236961593181964,-2.7812014751071388,0.8030081058567021
width080-n96,96,0.02263390483074383,11.825457423506625,0.8,power_3_2,168,101-300,347.2726775844205,344.4616566505841,2.0743737433766376,1.6265147440843108,-2.811020933836403,0.8094564056664251
width080-n96,96,0.02263390483074383,11.825457423506625,0.8,power_3_2,169,101-300,349.31626087069617,346.1713318314311,2.0846695346102293,1.6318922494365424,-3.1449290392650937,0.9003099459000647
width080-n96,96,0.02263390483074383,11.825457423506625,0.8,power_3_2,170,101-300,350.4084193491921,347.9903017629745,2.0956235069700986,1.6376038131448991,-2.4181175862175905,0.6900854696096405
width080-n96,96,0.02263390483074383,11.825457423506625,0.8,power_3_2,171,101-300,351.87864902535927,351.4844773391713,2.1166656924501597,1.6485476848513345,-0.39417168618797405,0.11201921096371119
width080-n96,96,0.02263390483074383,11.825457423506625,0.8,power_3_2,172,101-300,353.4889004887188,352.042845351049,2.1200282261911942,1.6502931441018112,-1.4460551376698163,0.40908077613485505
width080-n96,96,0.02263390483074383,11.825457423506625,0.8,power_3_2,173,101-300,356.0175749772649,353.13280312250873,2.126592033044156,1.6536976973697566,-2.8847718547561954,0.8102891703985162
width080-n96,96,0.02263390483074383,11.825457423506625,0.8,power_3_2,174,101-300,357.1513022520396,354.4918755896452,2.1347764686315216,1.657937945091214,-2.6594266623944236,0.7446218579143473
width080-n96,96,0.02263390483074383,11.825457423506625,0.8,power_3_2,175,101-300,357.95268510163226,356.98196446384804,2.149771969232508,1.6656928846347883,-0.9707206377842112,0.27118685742183996
width080-n96,96,0.02263390483074383,11.825457423506625,0.8,power_3_2,176,101-300,359.74375495311443,357.6297645156155,2.1536730693764565,1.6677073838913319,-2.1139904374989555,0.5876378417672526
width080-n96,96,0.02263390483074383,11.825457423506625,0.8,power_3_2,177,101-300,361.28936169580464,359.8739295812749,2.167187598492042,1.6746768025183918,-1.4154321145297217,0.39177243079785873
width080-n96,96,0.02263390483074383,11.825457423506625,0.8,power_3_2,178,101-300,363.33133057897385,360.79718780235385,2.1727475282409294,1.6775398398918904,-2.5341427766200013,0.6974743335736577
width080-n96,96,0.02263390483074383,11.825457423506625,0.8,power_3_2,179,101-300,364.736024114089,361.2905675779793,2.1757186979845295,1.6790688165355254,-3.4454565361097025,0.9446438816890672
width080-n96,96,0.02263390483074383,11.825457423506625,0.8,power_3_2,180,101-300,366.2127102883313,363.78083733982595,2.1907152879043754,1.686775532184495,-2.4318729485053723,0.6640602251600385
width080-n96,96,0.02263390483074383,11.825457423506625,0.8,power_3_2,181,101-300,367.9935754817403,363.8083827850017,2.1908811686261305,1.6868606794157108,-4.185192696738625,1.1373004790259693
width080-n96,96,0.02263390483074383,11.825457423506625,0.8,power_3_2,182,101-300,368.96843809573437,367.69099264077323,2.2142625342588156,1.6988410290414344,-1.2774454549611391,0.34622079372265624
width080-n96,96,0.02263390483074383,11.825457423506625,0.8,power_3_2,183,101-300,370.050919212106,368.4583531507549,2.218883636384051,1.7012038291954075,-1.5925660613511354,0.4303640333449104
width080-n96,96,0.02263390483074383,11.825457423506625,0.8,power_3_2,184,101-300,373.06192837211285,372.3069848004791,2.2420603827300587,1.713029609807317,-0.7549435716337598,0.20236414230956765
width080-n96,96,0.02263390483074383,11.825457423506625,0.8,power_3_2,185,101-300,373.86487391090856,372.7626616305189,2.2448045025281544,1.71442707442702,-1.102212280389665,0.2948156826983218
width080-n96,96,0.02263390483074383,11.825457423506625,0.8,power_3_2,186,101-300,375.82591276673935,374.30134809934094,2.254070587006901,1.7191416994066162,-1.5245646673984083,0.4056571448666039
width080-n96,96,0.02263390483074383,11.825457423506625,0.8,power_3_2,187,101-300,376.32409223066804,374.46995607399936,2.255085956784066,1.719657930947669,-1.8541361566686874,0.492696639664567
width080-n96,96,0.02263390483074383,11.825457423506625,0.8,power_3_2,188,101-300,378.4366802499655,375.4285586638183,2.2608587329530856,1.7225914391443558,-3.0081215861471833,0.794881083979559
width080-n96,96,0.02263390483074383,11.825457423506625,0.8,power_3_2,189,101-300,379.87297534653237,377.80509241817697,2.2751703961675793,1.7298533440224197,-2.0678829283554023,0.5443616847102674
width080-n96,96,0.02263390483074383,11.825457423506625,0.8,power_3_2,190,101-300,381.4844686171865,380.6156947665861,2.292096052774192,1.7384219977095376,-0.8687738506004052,0.22773505137694236
width080-n96,96,0.02263390483074383,11.825457423506625,0.8,power_3_2,191,101-300,383.44352944953647,381.53951135916736,2.2976593450778404,1.7412338175132953,-1.9040180903691066,0.4965576269085764
width080-n96,96,0.02263390483074383,11.825457423506625,0.8,power_3_2,192,101-300,384.95611681486366,382.36974569268233,2.3026590780496887,1.7437588654240708,-2.5863711221813332,0.6718612873542655
width080-n96,96,0.02263390483074383,11.825457423506625,0.8,power_3_2,193,101-300,385.86130084597426,383.4924806153871,2.3094202713478826,1.7471706104790725,-2.3688202305871755,0.6139045883569305
width080-n96,96,0.02263390483074383,11.825457423506625,0.8,power_3_2,194,101-300,387.222890222388,384.35879247373424,2.3146372658604357,1.7498008668663123,-2.864097748653762,0.7396509403173112
width080-n96,96,0.02263390483074383,11.825457423506625,0.8,power_3_2,195,101-300,388.84612835423223,388.2312437973938,2.337957456056386,1.761534159292633,-0.6148845568384331,0.15813055910853346
width080-n96,96,0.02263390483074383,11.825457423506625,0.8,power_3_2,196,101-300,391.45608356363806,389.4563759144075,2.345335292882731,1.7652381006020683,-1.9997076492305723,0.5108383119317355
width080-n96,96,0.02263390483074383,11.825457423506625,0.8,power_3_2,197,101-300,392.2450833395191,391.9330624149143,2.3602500833914406,1.7727140267282495,-0.31202092460483755,0.07954744058187692
width080-n96,96,0.02263390483074383,11.825457423506625,0.8,power_3_2,198,101-300,393.427743844434,392.60389728437497,2.3642899009226044,1.7747362417690897,-0.823846560059053,0.20940225313261376
width080-n96,96,0.02263390483074383,11.825457423506625,0.8,power_3_2,199,101-300,395.5828700109937,395.0636920760733,2.3791029683031915,1.7821414001697844,-0.5191779349203784,0.13124378588636812
width080-n96,96,0.02263390483074383,11.825457423506625,0.8,power_3_2,200,101-300,396.3818542225922,396.18020686058463,2.3858267034660616,1.7854975698075939,-0.20164736200757716,0.050871996247926134
width080-n96,96,0.02263390483074383,11.825457423506625,0.8,power_3_2,201,101-300,397.9187362096142,397.2497899721009,2.3922678125998402,1.7887097103835075,-0.6689462375132962,0.16811126912126878
width080-n96,96,0.02263390483074383,11.825457423506625,0.8,power_3_2,202,101-300,399.9851198761949,397.81119964278093,2.3956486634366505,1.7903945655620543,-2.1739202334139804,0.5435002767320097
width080-n96,96,0.02263390483074383,11.825457423506625,0.8,power_3_2,203,101-300,401.8392286005332,400.42289633238374,2.411376495356334,1.7982221749384333,-1.4163322681494606,0.35246241963037184
width080-n96,96,0.02263390483074383,11.825457423506625,0.8,power_3_2,204,101-300,402.86191776388614,400.620023395625,2.412563609208344,1.7988122996644578,-2.2418943682611143,0.5564920061704788
width080-n96,96,0.02263390483074383,11.825457423506625,0.8,power_3_2,205,101-300,404.236441800208,402.6457409393991,2.4247626310825408,1.8048709445045095,-1.5907008608089086,0.3935075357691539
width080-n96,96,0.02263390483074383,11.825457423506625,0.8,power_3_2,206,101-300,405.13438745990993,406.4387147777811,2.447604201944622,1.8161879646340588,1.3043273178711843,0.3219492983671385
width080-n96,96,0.02263390483074383,11.825457423506625,0.8,power_3_2,207,101-300,407.5814603868962,407.6847239369678,2.4551077618733412,1.8198979657818932,0.10326355007163102,0.025335683809957453
width080-n96,96,0.02263390483074383,11.825457423506625,0.8,power_3_2,208,101-300,408.9472455023511,408.52296978417877,2.4601557407771675,1.8223917222323198,-0.4242757181723391,0.10374827629689949
width080-n96,96,0.02263390483074383,11.825457423506625,0.8,power_3_2,209,101-300,410.51386919336665,410.02994385770387,2.4692308508502765,1.8268706403555761,-0.48392533566277507,0.11788282247653586
width080-n96,96,0.02263390483074383,11.825457423506625,0.8,power_3_2,210,101-300,411.9722678042788,410.0509621147898,2.4693574243593703,1.8269330704444329,-1.9213056894889746,0.46636772415024674
width080-n96,96,0.02263390483074383,11.825457423506625,0.8,power_3_2,211,101-300,413.26273607018504,413.3333077336008,2.489123954064172,1.836669508787271,0.07057166341576249,0.01707670623459677
width080-n96,96,0.02263390483074383,11.825457423506625,0.8,power_3_2,212,101-300,415.01880975515513,413.809533979748,2.491991823976081,1.8380799965382981,-1.20927577540715,0.2913785464616834
width080-n96,96,0.02263390483074383,11.825457423506625,0.8,power_3_2,213,101-300,415.4552149962946,414.55611028323506,2.4964877620623103,1.840290119081712,-0.8991047130595575,0.21641435240320103
width080-n96,96,0.02263390483074383,11.825457423506625,0.8,power_3_2,214,101-300,418.3877057895348,416.9937937900783,2.5111676736391946,1.8474972815025266,-1.3939119994564635,0.3331627531516558
width080-n96,96,0.02263390483074383,11.825457423506625,0.8,power_3_2,215,101-300,419.8613648181523,419.2135321322834,2.5245351032074366,1.8540478678308017,-0.6478326858689343,0.1542968084595065
width080-n96,96,0.02263390483074383,11.825457423506625,0.8,power_3_2,216,101-300,420.6438276250418,420.5740868858996,2.532728465234348,1.8580572344717616,-0.0697407391422189,0.016579522760615705
width080-n96,96,0.02263390483074383,11.825457423506625,0.8,power_3_2,217,101-300,422.07671005882673,420.7415928592848,2.533737198677796,1.8585505522790713,-1.3351171995419122,0.3163209833008391
width080-n96,96,0.02263390483074383,11.825457423506625,0.8,power_3_2,218,101-300,423.7165796274818,424.0129305020095,2.5534374375310027,1.868171809631797,0.29635087452771813,0.06994082572559715
width080-n96,96,0.02263390483074383,11.825457423506625,0.8,power_3_2,219,101-300,425.06988249446135,425.9817480155992,2.5652938031869144,1.8739503265298738,0.9118655211378268,0.21452131959730372
width080-n96,96,0.02263390483074383,11.825457423506625,0.8,power_3_2,220,101-300,427.2088250840746,426.90086021373304,2.570828765276934,1.876644889276037,-0.30796487034155007,0.07208766585777872
width080-n96,96,0.02263390483074383,11.825457423506625,0.8,power_3_2,221,101-300,428.12791407661666,428.16793877725837,2.5784592067273104,1.8803564173309628,0.04002470064170893,0.009348771553014461
width080-n96,96,0.02263390483074383,11.825457423506625,0.8,power_3_2,222,101-300,430.3287454309386,429.43791125195787,2.5861070755262467,1.884072750319364,-0.8908341789807537,0.20701247324034952
width080-n96,96,0.02263390483074383,11.825457423506625,0.8,power_3_2,223,101-300,431.3013069307036,431.6064307604048,2.599166061464078,1.8904100539943527,0.3051238297011878,0.0707449351064015
width080-n96,96,0.02263390483074383,11.825457423506625,0.8,power_3_2,224,101-300,432.1386417345886,433.64933867705,2.611468605043621,1.8963705667645652,1.5106969424614363,0.34958617364037486
width080-n96,96,0.02263390483074383,11.825457423506625,0.8,power_3_2,225,101-300,433.88921848092724,434.12601090112946,2.614339160667843,1.8977599868499784,0.2367924202022209,0.05457439597859695
width080-n96,96,0.02263390483074383,11.825457423506625,0.8,power_3_2,226,101-300,436.16100643264696,437.1500903323813,2.6325503921618534,1.9065628604908653,0.9890838997343394,0.22677036350040525
width080-n96,96,0.02263390483074383,11.825457423506625,0.8,power_3_2,227,101-300,437.5816981676686,437.7099573268791,2.635921952887834,1.9081903623900436,0.12825915921047226,0.029310905768578803
width080-n96,96,0.02263390483074383,11.825457423506625,0.8,power_3_2,228,101-300,438.6217386562722,438.6564566903536,2.641621842526657,1.9109402056631373,0.0347180340813793,0.007915256135671433
width080-n96,96,0.02263390483074383,11.825457423506625,0.8,power_3_2,229,101-300,439.91844221437066,439.6994287943868,2.647902698192039,1.9139680396029122,-0.2190134199838667,0.04978500534813729
width080-n96,96,0.02263390483074383,11.825457423506625,0.8,power_3_2,230,101-300,441.68319920118904,440.31309588517263,2.6515982471035735,1.915748446980144,-1.3701033160164116,0.3102004600796061
width080-n96,96,0.02263390483074383,11.825457423506625,0.8,power_3_2,231,101-300,442.90454630260945,442.0041977008187,2.6617821881490387,1.9206504972825478,-0.9003486017907676,0.20328276359024203
width080-n96,96,0.02263390483074383,11.825457423506625,0.8,power_3_2,232,101-300,444.31933627755916,445.3721377066,2.6820641736251387,1.9303946709532906,1.0528014290408123,0.23694702055081035
width080-n96,96,0.02263390483074383,11.825457423506625,0.8,power_3_2,233,101-300,446.8606226964295,446.6949552163897,2.690030279159985,1.9342151426436542,-0.16566748003981502,0.037073635855437555
width080-n96,96,0.02263390483074383,11.825457423506625,0.8,power_3_2,234,101-300,447.4417041944933,449.56766834862316,2.70732997153127,1.9424989561868684,2.1259641541298606,0.4751376847978725
width080-n96,96,0.02263390483074383,11.825457423506625,0.8,power_3_2,235,101-300,449.1485456850233,451.0910029426083,2.7165036058767194,1.9468845136434612,1.9424572575850334,0.43247546413013
width080-n96,96,0.02263390483074383,11.825457423506625,0.8,power_3_2,236,101-300,450.1269457803135,452.5506978770474,2.7252939974540666,1.9510822283292066,2.4237520967338924,0.5384596766434897
width080-n96,96,0.02263390483074383,11.825457423506625,0.8,power_3_2,237,101-300,451.4033084453888,453.5840928556208,2.731517178956861,1.9540512835404726,2.180784410231979,0.48311219023681845
width080-n96,96,0.02263390483074383,11.825457423506625,0.8,power_3_2,238,101-300,453.9867378066779,455.3759903287159,2.7423081189562644,1.9591942595460738,1.389252522037964,0.30601169733498956
width080-n96,96,0.02263390483074383,11.825457423506625,0.8,power_3_2,239,101-300,454.9746837686168,455.64385508480615,2.7439212204614143,1.9599624857545013,0.6691713161893631,0.1470788024174283
width080-n96,96,0.02263390483074383,11.825457423506625,0.8,power_3_2,240,101-300,456.32842668924604,457.1867447831088,2.7532126171010467,1.9643845094067771,0.8583180938627493,0.18809218178451398
width080-n96,96,0.02263390483074383,11.825457423506625,0.8,power_3_2,241,101-300,457.903893064103,459.0729638166025,2.764571568559919,1.9697837856696054,1.1690707524995219,0.25530919701874233
width080-n96,96,0.02263390483074383,11.825457423506625,0.8,power_3_2,242,101-300,459.513415281106,460.7158282067863,2.7744650202377135,1.974480440036598,1.202412925680278,0.26167090789823955
width080-n96,96,0.02263390483074383,11.825457423506625,0.8,power_3_2,243,101-300,460.08794442217584,460.91990692288806,2.7756939974608383,1.9750634743293791,0.8319625007122227,0.1808268420849592
width080-n96,96,0.02263390483074383,11.825457423506625,0.8,power_3_2,244,101-300,462.06536727488253,462.7398239635819,2.7866536733825287,1.9802590124187678,0.6744566886993653,0.14596564392546893
width080-n96,96,0.02263390483074383,11.825457423506625,0.8,power_3_2,245,101-300,464.05728691054827,463.4619465227825,2.7910023491999514,1.9823186551010956,-0.5953403877657593,0.12829027892854036
width080-n96,96,0.02263390483074383,11.825457423506625,0.8,power_3_2,246,101-300,465.6715392113711,466.21561005992413,2.807585116045709,1.9901628768179083,0.5440708485530195,0.11683575283007847
width080-n96,96,0.02263390483074383,11.825457423506625,0.8,power_3_2,247,101-300,466.5702869308262,467.9946449742794,2.818298596758695,1.99522251193182,1.4243580434531964,0.3052826301526509
width080-n96,96,0.02263390483074383,11.825457423506625,0.8,power_3_2,248,101-300,467.43904621026167,470.6099645626951,2.8340482460447727,2.00264894507184,3.170918352433432,0.6783597515315616
width080-n96,96,0.02263390483074383,11.825457423506625,0.8,power_3_2,249,101-300,469.53600455911203,472.1839358386709,2.843526818259343,2.007111745411096,2.647931279558861,0.5639463755383856
width080-n96,96,0.02263390483074383,11.825457423506625,0.8,power_3_2,250,101-300,470.77365547810166,472.86165544238986,2.847608096172815,2.0090318076116636,2.0879999642882012,0.4435252355333477
width080-n96,96,0.02263390483074383,11.825457423506625,0.8,power_3_2,251,101-300,472.7991746619088,474.6535278789051,2.858398885400071,2.0141039873090385,1.8543532169962873,0.392207371834417
width080-n96,96,0.02263390483074383,11.825457423506625,0.8,power_3_2,252,101-300,473.8352323451397,476.0406490545284,2.8667522323983214,2.018026072405291,2.2054167093887145,0.46543957874839875
width080-n96,96,0.02263390483074383,11.825457423506625,0.8,power_3_2,253,101-300,475.6003393693758,476.8923174366844,2.8718810428069665,2.0204322771917798,1.2919780673086052,0.2716520490758499
width080-n96,96,0.02263390483074383,11.825457423506625,0.8,power_3_2,254,101-300,476.7690152374845,477.8537564977255,2.8776709004168755,2.0231468947559157,1.0847412602410031,0.2275192442404589
width080-n96,96,0.02263390483074383,11.825457423506625,0.8,power_3_2,255,101-300,478.07526376667096,479.2882830984795,2.886309726414853,2.027193890063853,1.213019331808539,0.2537297835180538
width080-n96,96,0.02263390483074383,11.825457423506625,0.8,power_3_2,256,101-300,478.9421815346348,482.06233479366966,2.903015272266388,2.035008435151234,3.1201532590348506,0.6514676258076083
width080-n96,96,0.02263390483074383,11.825457423506625,0.8,power_3_2,257,101-300,481.8303393762866,482.74329757974914,2.907116080865508,2.0369244238278728,0.9129582034625514,0.189477110271708
width080-n96,96,0.02263390483074383,11.825457423506625,0.8,power_3_2,258,101-300,482.8347827909824,485.0015154336716,2.9207152369183187,2.043271814282837,2.166732642689226,0.4487523931404912
width080-n96,96,0.02263390483074383,11.825457423506625,0.8,power_3_2,259,101-300,483.8514272124825,487.2322804935615,2.934149070201457,2.049532375286787,3.3808532810789984,0.6987378957537522
width080-n96,96,0.02263390483074383,11.825457423506625,0.8,power_3_2,260,101-300,485.539148129356,488.4703561079421,2.941604853732659,2.0530028659624473,2.9312079785860874,0.6037016767606065
width080-n96,96,0.02263390483074383,11.825457423506625,0.8,power_3_2,261,101-300,486.52871826165125,489.3648267413103,2.9469914224849623,2.055508361962968,2.8361084796590603,0.582927250377402
width080-n96,96,0.02263390483074383,11.825457423506625,0.8,power_3_2,262,101-300,488.38056709001745,491.41845936513135,2.95935855104963,2.061255011300473,3.0378922751139044,0.6220338153942078
width080-n96,96,0.02263390483074383,11.825457423506625,0.8,power_3_2,263,101-300,489.66176157795616,491.9274738105368,2.962423873938729,2.0626781399467338,2.265712232580654,0.4627096519195819
width080-n96,96,0.02263390483074383,11.825457423506625,0.8,power_3_2,264,101-300,491.398821593663,492.95316543691627,2.9686006652810564,2.0655443309699386,1.554343843253264,0.31631004694157544
width080-n96,96,0.02263390483074383,11.825457423506625,0.8,power_3_2,265,101-300,493.3144415817853,495.15218755732235,2.9818433402191906,2.0716825845622275,1.837745975537075,0.3725303418331815
width080-n96,96,0.02263390483074383,11.825457423506625,0.8,power_3_2,266,101-300,493.9579978053695,498.72375124496773,3.0033515626683562,2.08163276390698,4.765753439598257,0.9648094495427262
width080-n96,96,0.02263390483074383,11.825457423506625,0.8,power_3_2,267,101-300,495.3588288221313,499.5657026329022,3.0084218566143166,2.0839749300512014,4.206873810770901,0.849257864399842
width080-n96,96,0.02263390483074383,11.825457423506625,0.8,power_3_2,268,101-300,496.4296962157591,499.6998513909615,3.0092297104234476,2.0843479876047937,3.270155175202376,0.6587348017514842
width080-n96,96,0.02263390483074383,11.825457423506625,0.8,power_3_2,269,101-300,498.58078242968656,500.18653186130376,3.0121605364518325,2.085701129047311,1.6057494316171983,0.32206404422409773
width080-n96,96,0.02263390483074383,11.825457423506625,0.8,power_3_2,270,101-300,500.3090849416905,503.9901912986719,3.0350664567866086,2.0962615571309517,3.681106356981388,0.7357664427401732
width080-n96,96,0.02263390483074383,11.825457423506625,0.8,power_3_2,271,101-300,501.6044469651455,504.2728371500983,3.0367685711484054,2.09704522881887,2.668390184952841,0.5319709984824471
width080-n96,96,0.02263390483074383,11.825457423506625,0.8,power_3_2,272,101-300,502.27627032711825,507.6416667863572,3.057055914045479,2.106374497881425,5.365396459238923,1.0682161941961925
width080-n96,96,0.02263390483074383,11.825457423506625,0.8,power_3_2,273,101-300,504.49977331342774,508.515693761207,3.062319369564044,2.1087915574718887,4.015920447779251,0.7960202680377227
width080-n96,96,0.02263390483074383,11.825457423506625,0.8,power_3_2,274,101-300,505.41523174224443,508.9843358142264,3.0651415669002535,2.110086983464397,3.5691040719819966,0.7061726374329367
width080-n96,96,0.02263390483074383,11.825457423506625,0.8,power_3_2,275,101-300,506.46415270952355,509.9800147063802,3.0711376193224633,2.1128379321395117,3.5158619968566427,0.6941976007674374
width080-n96,96,0.02263390483074383,11.825457423506625,0.8,power_3_2,276,101-300,508.8007003364678,510.3777858546515,3.0735330267935588,2.1139364284625937,1.5770855181837078,0.30996134972707146
width080-n96,96,0.02263390483074383,11.825457423506625,0.8,power_3_2,277,101-300,510.26422794367284,513.2993718027616,3.091127034900897,2.1219960394120267,3.0351438590887483,0.5948180752000104
width080-n96,96,0.02263390483074383,11.825457423506625,0.8,power_3_2,278,101-300,511.5622897003746,515.3491296492845,3.103470829268176,2.127641462643005,3.786839948909858,0.740250019431228
width080-n96,96,0.02263390483074383,11.825457423506625,0.8,power_3_2,279,101-300,512.6231445314074,516.0347180446806,3.107599493631004,2.129528032322071,3.411573513273197,0.6655129698429323
width080-n96,96,0.02263390483074383,11.825457423506625,0.8,power_3_2,280,101-300,513.6689855554737,518.1692119515177,3.1204535748625513,2.135396289632769,4.500226396044013,0.8760946295360889
width080-n96,96,0.02263390483074383,11.825457423506625,0.8,power_3_2,281,101-300,515.4350571672994,519.6799952776811,3.1295516245386685,2.1395449414289565,4.244938110381668,0.823564104023264
width080-n96,96,0.02263390483074383,11.825457423506625,0.8,power_3_2,282,101-300,517.5896685724674,520.9534030143208,3.137220180740782,2.1430386319552195,3.363734441853353,0.6498843864350431
width080-n96,96,0.02263390483074383,11.825457423506625,0.8,power_3_2,283,101-300,518.2342231475501,522.8680629857204,3.1487504056453046,2.1482862938378537,4.633839838170275,0.8941593648574887
width080-n96,96,0.02263390483074383,11.825457423506625,0.8,power_3_2,284,101-300,520.1063104117233,523.173635292394,3.1505905848275972,2.149123207163492,3.0673248806707534,0.5897495991238055
width080-n96,96,0.02263390483074383,11.825457423506625,0.8,power_3_2,285,101-300,521.525193449492,524.5892393125378,3.1591154576362523,2.1529981948845838,3.0640458630457488,0.5875163657539569
width080-n96,96,0.02263390483074383,11.825457423506625,0.8,power_3_2,286,101-300,522.4566961777302,527.515295645329,3.176736386732985,2.160996772945112,5.05859946759881,0.9682332535131232
width080-n96,96,0.02263390483074383,11.825457423506625,0.8,power_3_2,287,101-300,523.9605308920159,527.613369745539,3.177326996266595,2.1612646087775036,3.6528388535231215,0.6971591633637654
width080-n96,96,0.02263390483074383,11.825457423506625,0.8,power_3_2,288,101-300,525.0773856872796,529.2254272026681,3.1870349262997935,2.1656646879979973,4.148041515388513,0.7899867007144281
width080-n96,96,0.02263390483074383,11.825457423506625,0.8,power_3_2,289,101-300,527.9036416012724,532.2470083201873,3.2052311127624926,2.1739000197355822,4.343366718914922,0.8227574838734458
width080-n96,96,0.02263390483074383,11.825457423506625,0.8,power_3_2,290,101-300,528.4062138522927,533.3888204622316,3.212107190495951,2.177007973689985,4.982606609938898,0.942950040956881
width080-n96,96,0.02263390483074383,11.825457423506625,0.8,power_3_2,291,101-300,529.8062263187069,533.9494338396071,3.215483245995194,2.178533122641419,4.143207520900205,0.7820231841533405
width080-n96,96,0.02263390483074383,11.825457423506625,0.8,power_3_2,292,101-300,530.866917883961,535.0972236306202,3.2223953215758097,2.1816540212626583,4.230305746659155,0.7968674641699621
width080-n96,96,0.02263390483074383,11.825457423506625,0.8,power_3_2,293,101-300,532.6881830282937,537.9814355976366,3.239764260786308,2.189486508709857,5.29325256934294,0.993686876861278
width080-n96,96,0.02263390483074383,11.825457423506625,0.8,power_3_2,294,101-300,533.7796307537687,539.9142659542891,3.251403909103707,2.1947275520131404,6.134635200520393,1.1492823718015357
width080-n96,96,0.02263390483074383,11.825457423506625,0.8,power_3_2,295,101-300,535.6643140758732,540.6882576371625,3.2560649446458227,2.1968245457719053,5.023943561289229,0.9378902848804712
width080-n96,96,0.02263390483074383,11.825457423506625,0.8,power_3_2,296,101-300,537.0697590831223,543.692703398562,3.27415794071815,2.204955099807987,6.622944315439668,1.2331627695341218
width080-n96,96,0.02263390483074383,11.825457423506625,0.8,power_3_2,297,101-300,538.4285261762479,544.8223362441869,3.280960673821757,2.2080082067842057,6.393810067938944,1.1874946733126857
width080-n96,96,0.02263390483074383,11.825457423506625,0.8,power_3_2,298,101-300,540.2131663762282,545.1779017942686,3.28310191603812,2.208968772250395,4.964735418040391,0.9190326573015681
width080-n96,96,0.02263390483074383,11.825457423506625,0.8,power_3_2,299,101-300,540.6313902472951,546.1682615366118,3.289065936144131,2.2116431432198422,5.53687128931665,1.0241490577866703
width080-n96,96,0.02263390483074383,11.825457423506625,0.8,power_3_2,300,101-300,541.8474371212013,549.186695740074,3.3072431716560753,2.2197841819028463,7.339258618872691,1.3544880193335738
width080-n96,96,0.02263390483074383,11.825457423506625,0.8,power_3_2,301,301-320,544.3238901010053,549.2651672554606,3.3077157329643603,2.2199956287349982,4.9412771544552925,0.9077825251319365
width080-n96,96,0.02263390483074383,11.825457423506625,0.8,power_3_2,302,301-320,545.6368332489349,550.6347115133194,3.315963230455137,2.223684339103705,4.997878264384553,0.9159715693358225
width080-n96,96,0.02263390483074383,11.825457423506625,0.8,power_3_2,303,301-320,547.0109120581222,552.340566951636,3.326236018914811,2.2282745911033097,5.329654893513748,0.9743233226300702
width080-n96,96,0.02263390483074383,11.825457423506625,0.8,power_3_2,304,301-320,547.9316133644893,553.6511058613919,3.334128181806046,2.2317978846827935,5.719492496902603,1.0438332736056137
width080-n96,96,0.02263390483074383,11.825457423506625,0.8,power_3_2,305,301-320,549.4975675626614,555.1971132016546,3.3434383531176866,2.2359506469166375,5.699545638993186,1.037228547575553
width080-n96,96,0.02263390483074383,11.825457423506625,0.8,power_3_2,306,301-320,550.9700100394839,556.2900714231833,3.350020228904363,2.2388841390358474,5.3200613836994535,0.9655809366680783
width080-n96,96,0.02263390483074383,11.825457423506625,0.8,power_3_2,307,301-320,552.0495722005649,558.8249432274785,3.3652854156446956,2.245680333008998,6.775371026913604,1.2273120690784716
width080-n96,96,0.02263390483074383,11.825457423506625,0.8,power_3_2,308,301-320,553.7649721191589,559.61888614832,3.370066599027334,2.247806842821026,5.85391402916116,1.0571116491458976
width080-n96,96,0.02263390483074383,11.825457423506625,0.8,power_3_2,309,301-320,555.7920205616825,561.1885694197733,3.379519348559404,2.2520081513517147,5.396548858090796,0.9709655155964729
width080-n96,96,0.02263390483074383,11.825457423506625,0.8,power_3_2,310,301-320,556.8994764068553,562.8510795132463,3.3895311081251345,2.2564536447621,5.951603106390962,1.0687033043720957
width080-n96,96,0.02263390483074383,11.825457423506625,0.8,power_3_2,311,301-320,557.5646591720586,562.8531068579961,3.3895433169461655,2.2564590631363624,5.288447685937513,0.9484904753092598
width080-n96,96,0.02263390483074383,11.825457423506625,0.8,power_3_2,312,301-320,559.3162370286822,565.2086084304564,3.4037283227953083,2.2627500977110033,5.892371401774199,1.0534955024865535
width080-n96,96,0.02263390483074383,11.825457423506625,0.8,power_3_2,313,301-320,560.2408074972957,568.007385229607,3.4205827650638096,2.2702136752583892,7.766577732311362,1.38629275632494
width080-n96,96,0.02263390483074383,11.825457423506625,0.8,power_3_2,314,301-320,562.5592076160458,568.0075674212732,3.4205838622355884,2.2702141607145068,5.448359805227369,0.9684953568382348
width080-n96,96,0.02263390483074383,11.825457423506625,0.8,power_3_2,315,301-320,564.1608791107861,570.2680109307788,3.4341964213520337,2.276233203986364,6.107131819992674,1.082516006713999
width080-n96,96,0.02263390483074383,11.825457423506625,0.8,power_3_2,316,301-320,564.5060559381499,571.64990513452,3.442518291136435,2.279908954557239,7.143849196370184,1.2655044390086931
width080-n96,96,0.02263390483074383,11.825457423506625,0.8,power_3_2,317,301-320,566.698787682808,573.1095972763698,3.4513086658965997,2.283788427464311,6.410809593561794,1.1312552158043516
width080-n96,96,0.02263390483074383,11.825457423506625,0.8,power_3_2,318,301-320,567.7317579011769,573.3684934276998,3.452867757796124,2.2844761604097066,5.636735526522898,0.9928518967057792
width080-n96,96,0.02263390483074383,11.825457423506625,0.8,power_3_2,319,301-320,568.9239551796294,577.0951791823911,3.475310136882714,2.29436430847411,8.171224002761733,1.436259438255116
width080-n96,96,0.02263390483074383,11.825457423506625,0.8,power_3_2,320,301-320,570.0511147824636,579.3381002966397,3.4888171748302845,2.300305270091525,9.28698551417608,1.6291496101573406
width080-n96,96,0.02263390483074383,11.825457423506625,0.8,raw_J,1,1-100,14.1347,14.1347,0.19350334521496074,0.19350334521496074,0.0,0.0
width080-n96,96,0.02263390483074383,11.825457423506625,0.8,raw_J,2,1-100,21.022,19.573505242756323,0.2679603204918336,0.2679603204918336,-1.448494757243676,6.890375593395853
width080-n96,96,0.02263390483074383,11.825457423506625,0.8,raw_J,3,1-100,25.0108,20.602743624582402,0.2820505431288177,0.2820505431288177,-4.408056375417598,17.624611669429196
width080-n96,96,0.02263390483074383,11.825457423506625,0.8,raw_J,4,1-100,30.4248,24.686579781760635,0.337958058514627,0.337958058514627,-5.738220218239366,18.860338336618042
width080-n96,96,0.02263390483074383,11.825457423506625,0.8,raw_J,5,1-100,32.935,25.722568949864637,0.35214069908249107,0.35214069908249107,-7.212431050135365,21.898986033506496
width080-n96,96,0.02263390483074383,11.825457423506625,0.8,raw_J,6,1-100,37.5861,26.979267555846484,0.3693448409591822,0.3693448409591822,-10.606832444153518,28.220093183792724
width080-n96,96,0.02263390483074383,11.825457423506625,0.8,raw_J,7,1-100,40.9187,29.54493198504842,0.4044686603362901,0.4044686603362901,-11.37376801495158,27.79601506145498
width080-n96,96,0.02263390483074383,11.825457423506625,0.8,raw_J,8,1-100,43.327,30.6729189663833,0.4199107464256464,0.4199107464256464,-12.654081033616698,29.205994030550695
width080-n96,96,0.02263390483074383,11.825457423506625,0.8,raw_J,9,1-100,48.0051,32.15426651108819,0.44019032118325463,0.44019032118325463,-15.85083348891181,33.019061493282614
width080-n96,96,0.02263390483074383,11.825457423506625,0.8,raw_J,10,1-100,49.7738,33.37233273344972,0.45686558763534096,0.45686558763534096,-16.401467266550284,32.95200942373354
width080-n96,96,0.02263390483074383,11.825457423506625,0.8,raw_J,11,1-100,52.9703,34.22636321212853,0.4685572227276942,0.4685572227276942,-18.74393678787147,35.385747839584575
width080-n96,96,0.02263390483074383,11.825457423506625,0.8,raw_J,12,1-100,56.4462,35.48662808750732,0.48581018665637404,0.48581018665637404,-20.959571912492677,37.13194495376603
width080-n96,96,0.02263390483074383,11.825457423506625,0.8,raw_J,13,1-100,59.347,37.19994529868779,0.5092654146964306,0.5092654146964306,-22.147054701312214,37.3179009913091
width080-n96,96,0.02263390483074383,11.825457423506625,0.8,raw_J,14,1-100,60.8317,38.70277474439605,0.5298390756182821,0.5298390756182821,-22.128925255603946,36.37729219404348
width080-n96,96,0.02263390483074383,11.825457423506625,0.8,raw_J,15,1-100,65.1125,38.90730472944061,0.5326390810165493,0.5326390810165493,-26.205195270559386,40.2460284439384
width080-n96,96,0.02263390483074383,11.825457423506625,0.8,raw_J,16,1-100,67.0798,39.84686334112217,0.5455015920274592,0.5455015920274592,-27.232936658877833,40.59782029594279
width080-n96,96,0.02263390483074383,11.825457423506625,0.8,raw_J,17,1-100,69.5464,40.21884113511783,0.5505939496639028,0.5505939496639028,-29.327558864882178,42.169772791808306
width080-n96,96,0.02263390483074383,11.825457423506625,0.8,raw_J,18,1-100,72.0671,42.10952002743521,0.5764772503629435,0.5764772503629435,-29.957579972564787,41.569009954007846
width080-n96,96,0.02263390483074383,11.825457423506625,0.8,raw_J,19,1-100,75.7046,43.28728078465104,0.5926007369869375,0.5926007369869375,-32.41731921534896,42.82080509684875
width080-n96,96,0.02263390483074383,11.825457423506625,0.8,raw_J,20,1-100,77.1448,44.1179637109027,0.6039727452391572,0.6039727452391572,-33.026836289097304,42.81148734470412
width080-n96,96,0.02263390483074383,11.825457423506625,0.8,raw_J,21,1-100,79.3373,44.78477211966905,0.613101319436965,0.613101319436965,-34.55252788033095,43.551429000395714
width080-n96,96,0.02263390483074383,11.825457423506625,0.8,raw_J,22,1-100,82.9103,45.71525548218822,0.6258395907348577,0.6258395907348577,-37.19504451781179,44.861789811171576
width080-n96,96,0.02263390483074383,11.825457423506625,0.8,raw_J,23,1-100,84.7354,46.47170702185026,0.6361953749692321,0.6361953749692321,-38.26369297814974,45.15667947298265
width080-n96,96,0.02263390483074383,11.825457423506625,0.8,raw_J,24,1-100,87.4252,46.919625950468415,0.6423273629896863,0.6423273629896863,-40.50557404953159,46.33169160554576
width080-n96,96,0.02263390483074383,11.825457423506625,0.8,raw_J,25,1-100,88.8091,47.817971167090846,0.6546256646568105,0.6546256646568105,-40.991128832909155,46.1564511214607
width080-n96,96,0.02263390483074383,11.825457423506625,0.8,raw_J,26,1-100,92.4918,49.24059219093519,0.6741012762429788,0.6741012762429788,-43.25120780906481,46.76220790282469
width080-n96,96,0.02263390483074383,11.825457423506625,0.8,raw_J,27,1-100,94.6513,49.41383842361347,0.6764730086157307,0.6764730086157307,-45.237461576386536,47.79380904053778
width080-n96,96,0.02263390483074383,11.825457423506625,0.8,raw_J,28,1-100,95.8706,51.230970967709844,0.7013494634383742,0.7013494634383742,-44.63962903229015,46.562375777652534
width080-n96,96,0.02263390483074383,11.825457423506625,0.8,raw_J,29,1-100,98.8311,51.4079665128965,0.7037725237142743,0.7037725237142743,-47.423133487103506,47.98401868147122
width080-n96,96,0.02263390483074383,11.825457423506625,0.8,raw_J,30,1-100,101.3178,52.394126025421194,0.7172729987571888,0.7172729987571888,-48.92367397457881,48.28734336373156
width080-n96,96,0.02263390483074383,11.825457423506625,0.8,raw_J,31,1-100,103.7255,52.76337439185513,0.7223279906650556,0.7223279906650556,-50.962125608144866,49.13172325816205
width080-n96,96,0.02263390483074383,11.825457423506625,0.8,raw_J,32,1-100,105.4466,53.33635368225099,0.7301720488644156,0.7301720488644156,-52.11024631774902,49.41861218640432
width080-n96,96,0.02263390483074383,11.825457423506625,0.8,raw_J,33,1-100,107.1686,54.11603592595875,0.7408458602903502,0.7408458602903502,-53.05256407404125,49.50383234831961
width080-n96,96,0.02263390483074383,11.825457423506625,0.8,raw_J,34,1-100,111.0295,54.168904857831855,0.7415696333577225,0.7415696333577225,-56.860595142168144,51.21215095282618
width080-n96,96,0.02263390483074383,11.825457423506625,0.8,raw_J,35,1-100,111.8746,55.99110603425637,0.7665154775067161,0.7665154775067161,-55.88349396574363,49.951905048816826
width080-n96,96,0.02263390483074383,11.825457423506625,0.8,raw_J,36,1-100,114.3202,56.53117299693042,0.7739089675643412,0.7739089675643412,-57.78902700306958,50.5501451213955
width080-n96,96,0.02263390483074383,11.825457423506625,0.8,raw_J,37,1-100,116.2266,57.094947791148414,0.7816270166654228,0.7816270166654228,-59.13165220885159,50.87617826629325
width080-n96,96,0.02263390483074383,11.825457423506625,0.8,raw_J,38,1-100,118.7907,58.3676208242694,0.7990498476610421,0.7990498476610421,-60.4230791757306,50.86515962590556
width080-n96,96,0.02263390483074383,11.825457423506625,0.8,raw_J,39,1-100,121.3701,58.635778585280214,0.8027209141711872,0.8027209141711872,-62.73432141471978,51.68844832023685
width080-n96,96,0.02263390483074383,11.825457423506625,0.8,raw_J,40,1-100,122.9468,59.05157803414283,0.8084131880994242,0.8084131880994242,-63.89522196585717,51.96981293198129
width080-n96,96,0.02263390483074383,11.825457423506625,0.8,raw_J,41,1-100,124.2568,59.93462928189657,0.8205021160877504,0.8205021160877504,-64.32217071810342,51.76551361221553
width080-n96,96,0.02263390483074383,11.825457423506625,0.8,raw_J,42,1-100,127.5166,60.41734931574882,0.82711052952084,0.82711052952084,-67.09925068425117,52.620012362509016
width080-n96,96,0.02263390483074383,11.825457423506625,0.8,raw_J,43,1-100,129.5787,60.791284916802,0.8322296894392504,0.8322296894392504,-68.787415083198,53.085433858495264
width080-n96,96,0.02263390483074383,11.825457423506625,0.8,raw_J,44,1-100,131.0876,61.43044242032558,0.8409797241093216,0.8409797241093216,-69.65715757967442,53.137869317673385
width080-n96,96,0.02263390483074383,11.825457423506625,0.8,raw_J,45,1-100,133.4977,61.93921986735267,0.8479448622424033,0.8479448622424033,-71.55848013264733,53.60278127087382
width080-n96,96,0.02263390483074383,11.825457423506625,0.8,raw_J,46,1-100,134.7565,63.14994835844304,0.8645196755156279,0.8645196755156279,-71.60655164155695,53.13773483398348
width080-n96,96,0.02263390483074383,11.825457423506625,0.8,raw_J,47,1-100,138.116,63.45524858622633,0.8686992205622831,0.8686992205622831,-74.66075141377368,54.05655493481832
width080-n96,96,0.02263390483074383,11.825457423506625,0.8,raw_J,48,1-100,139.7362,64.51241144370847,0.8831717278924563,0.8831717278924563,-75.22378855629152,53.83271375369555
width080-n96,96,0.02263390483074383,11.825457423506625,0.8,raw_J,49,1-100,141.1237,65.236691619342,0.893087087741478,0.893087087741478,-75.88700838065802,53.77339765089635
width080-n96,96,0.02263390483074383,11.825457423506625,0.8,raw_J,50,1-100,143.1118,66.03966468342654,0.9040797493485773,0.9040797493485773,-77.07213531657345,53.85449370112978
width080-n96,96,0.02263390483074383,11.825457423506625,0.8,raw_J,51,1-100,146.0009,66.25954515958573,0.9070899022123992,0.9070899022123992,-79.74135484041427,54.617029648731126
width080-n96,96,0.02263390483074383,11.825457423506625,0.8,raw_J,52,1-100,147.4427,66.4102187094854,0.9091526156722534,0.9091526156722534,-81.0324812905146,54.95862547994211
width080-n96,96,0.02263390483074383,11.825457423506625,0.8,raw_J,53,1-100,150.0515,67.26952528790748,0.9209164803096276,0.9209164803096276,-82.78197471209252,55.16904177038718
width080-n96,96,0.02263390483074383,11.825457423506625,0.8,raw_J,54,1-100,150.9252,67.73979532223674,0.9273544538638642,0.9273544538638642,-83.18540467776324,55.11697495034842
width080-n96,96,0.02263390483074383,11.825457423506625,0.8,raw_J,55,1-100,153.0246,68.12331881252392,0.9326048715125644,0.9326048715125644,-84.90128118747607,55.482112802435736
width080-n96,96,0.02263390483074383,11.825457423506625,0.8,raw_J,56,1-100,156.1129,68.41933223651888,0.9366572806738173,0.9366572806738173,-87.69356776348111,56.17317195662954
width080-n96,96,0.02263390483074383,11.825457423506625,0.8,raw_J,57,1-100,157.5975,69.77495557584507,0.955215697266394,0.955215697266394,-87.82254442415493,55.725848712165444
width080-n96,96,0.02263390483074383,11.825457423506625,0.8,raw_J,58,1-100,158.8499,70.22887167246475,0.9614297862207279,0.9614297862207279,-88.62102832753524,55.78916217607644
width080-n96,96,0.02263390483074383,11.825457423506625,0.8,raw_J,59,1-100,161.1889,70.46657649902954,0.9646839535616711,0.9646839535616711,-90.72232350097045,56.28323259292076
width080-n96,96,0.02263390483074383,11.825457423506625,0.8,raw_J,60,1-100,163.0306,71.10902732994123,0.9734790737211043,0.9734790737211043,-91.92157267005877,56.38301807762393
width080-n96,96,0.02263390483074383,11.825457423506625,0.8,raw_J,61,1-100,165.5373,72.1652276577377,0.987938404067398,0.987938404067398,-93.37207234226229,56.40545807033357
width080-n96,96,0.02263390483074383,11.825457423506625,0.8,raw_J,62,1-100,167.1844,72.55033586614563,0.993210516428939,0.993210516428939,-94.63406413385438,56.604601944831195
width080-n96,96,0.02263390483074383,11.825457423506625,0.8,raw_J,63,1-100,169.0945,73.49104285843889,1.006088748713731,1.006088748713731,-95.60345714156112,56.53847827194919
width080-n96,96,0.02263390483074383,11.825457423506625,0.8,raw_J,64,1-100,169.9119,73.747099081537,1.0095941457672655,1.0095941457672655,-96.164800918463,56.596860442654695
width080-n96,96,0.02263390483074383,11.825457423506625,0.8,raw_J,65,1-100,173.4115,73.8974388935736,1.0116522903722496,1.0116522903722496,-99.5140611064264,57.38607941597092
width080-n96,96,0.02263390483074383,11.825457423506625,0.8,raw_J,66,1-100,174.7541,74.82598642885856,1.0243640602908717,1.0243640602908717,-99.92811357114144,57.18212824256566
width080-n96,96,0.02263390483074383,11.825457423506625,0.8,raw_J,67,1-100,176.4414,75.13801311696402,1.0286356902472735,1.0286356902472735,-101.30338688303597,57.414748966532784
width080-n96,96,0.02263390483074383,11.825457423506625,0.8,raw_J,68,1-100,178.3774,75.49208689609064,1.0334829428040242,1.0334829428040242,-102.88531310390935,57.67844643094325
width080-n96,96,0.02263390483074383,11.825457423506625,0.8,raw_J,69,1-100,179.9164,75.62526162929478,1.0353060983271773,1.0353060983271773,-104.29113837070523,57.96644350971074
width080-n96,96,0.02263390483074383,11.825457423506625,0.8,raw_J,70,1-100,182.207,76.05993250427055,1.0412567211472814,1.0412567211472814,-106.14706749572944,58.25630601224401
width080-n96,96,0.02263390483074383,11.825457423506625,0.8,raw_J,71,1-100,184.8744,77.56376739791455,1.0618441466017372,1.0618441466017372,-107.31063260208546,58.04515530656784
width080-n96,96,0.02263390483074383,11.825457423506625,0.8,raw_J,72,1-100,185.9589,77.58280647660874,1.062104790649162,1.062104790649162,-108.37609352339126,58.279594858536626
width080-n96,96,0.02263390483074383,11.825457423506625,0.8,raw_J,73,1-100,187.2289,77.96520640843067,1.06733982683794,1.06733982683794,-109.26369359156934,58.35834830604107
width080-n96,96,0.02263390483074383,11.825457423506625,0.8,raw_J,74,1-100,189.4161,78.7783186898869,1.0784712938303167,1.0784712938303167,-110.6377813101131,58.40991410451017
width080-n96,96,0.02263390483074383,11.825457423506625,0.8,raw_J,75,1-100,192.0266,79.63989236703149,1.0902661949372827,1.0902661949372827,-112.38670763296851,58.52663518125536
width080-n96,96,0.02263390483074383,11.825457423506625,0.8,raw_J,76,1-100,193.0797,80.18241422122976,1.0976932923386842,1.0976932923386842,-112.89728577877024,58.47185684397181
width080-n96,96,0.02263390483074383,11.825457423506625,0.8,raw_J,77,1-100,195.2658,80.80525358458449,1.1062199324754183,1.1062199324754183,-114.46054641541552,58.61781551885456
width080-n96,96,0.02263390483074383,11.825457423506625,0.8,raw_J,78,1-100,196.8764,80.83269405735197,1.1065955911929566,1.1065955911929566,-116.04370594264802,58.942415618453005
width080-n96,96,0.02263390483074383,11.825457423506625,0.8,raw_J,79,1-100,198.0153,81.37950586272463,1.114081417814154,1.114081417814154,-116.63579413727537,58.90241518573331
width080-n96,96,0.02263390483074383,11.825457423506625,0.8,raw_J,80,1-100,201.2647,81.47864134859984,1.1154385777217832,1.1154385777217832,-119.78605865140017,59.516675627370404
width080-n96,96,0.02263390483074383,11.825457423506625,0.8,raw_J,81,1-100,202.4935,82.57054729886951,1.1303867162770622,1.1303867162770622,-119.9229527011305,59.22311219922145
width080-n96,96,0.02263390483074383,11.825457423506625,0.8,raw_J,82,1-100,204.1896,82.70540601859888,1.1322329254926125,1.1322329254926125,-121.48419398140113,59.49577940375079
width080-n96,96,0.02263390483074383,11.825457423506625,0.8,raw_J,83,1-100,205.3946,83.27341297571984,1.1400089126949073,1.1400089126949073,-122.12118702428016,59.45686353208904
width080-n96,96,0.02263390483074383,11.825457423506625,0.8,raw_J,84,1-100,207.9062,83.31021847655508,1.1405127781843716,1.1405127781843716,-124.59598152344493,59.928939840872914
width080-n96,96,0.02263390483074383,11.825457423506625,0.8,raw_J,85,1-100,209.5765,84.1028907281236,1.1513644221766448,1.1513644221766448,-125.47360927187641,59.870075734577306
width080-n96,96,0.02263390483074383,11.825457423506625,0.8,raw_J,86,1-100,211.3289,84.91005914649216,1.1624145179767809,1.1624145179767809,-126.41884085350785,59.820895700260515
width080-n96,96,0.02263390483074383,11.825457423506625,0.8,raw_J,87,1-100,213.3479,85.22636562993736,1.166744738120104,1.166744738120104,-128.12153437006265,60.05286875102246
width080-n96,96,0.02263390483074383,11.825457423506625,0.8,raw_J,88,1-100,214.547,85.36230283144592,1.1686057116979702,1.1686057116979702,-129.18469716855407,60.21277257130329
width080-n96,96,0.02263390483074383,11.825457423506625,0.8,raw_J,89,1-100,216.1695,85.77936274273887,1.1743152412946536,1.1743152412946536,-130.39013725726113,60.3184710411326
width080-n96,96,0.02263390483074383,11.825457423506625,0.8,raw_J,90,1-100,219.0675,86.7560970001003,1.187686685059678,1.187686685059678,-132.3114029998997,60.39755007013807
width080-n96,96,0.02263390483074383,11.825457423506625,0.8,raw_J,91,1-100,220.7149,87.20207104946415,1.193792047779153,1.193792047779153,-133.51282895053583,60.49108100564839
width080-n96,96,0.02263390483074383,11.825457423506625,0.8,raw_J,92,1-100,221.3952,88.22592694433105,1.2078085844353823,1.2078085844353823,-133.16927305566895,60.15002721633936
width080-n96,96,0.02263390483074383,11.825457423506625,0.8,raw_J,93,1-100,224.007,88.57276869556753,1.2125568308873391,1.2125568308873391,-135.43423130443247,60.45982103435717
width080-n96,96,0.02263390483074383,11.825457423506625,0.8,raw_J,94,1-100,224.9833,88.66310987698044,1.2137935972010259,1.2137935972010259,-136.3201901230196,60.59124838288867
width080-n96,96,0.02263390483074383,11.825457423506625,0.8,raw_J,95,1-100,227.4214,88.96683300633744,1.2179515518480812,1.2179515518480812,-138.45456699366258,60.8801840959833
width080-n96,96,0.02263390483074383,11.825457423506625,0.8,raw_J,96,1-100,229.3374,89.19220726066332,1.221036914263795,1.221036914263795,-140.14519273933666,61.10873880114481
width080-n96,96,0.02263390483074383,11.825457423506625,0.8,raw_J,97,1-100,231.2882,90.29287730991699,1.2361050329015093,1.2361050329015093,-140.99532269008301,60.9608802740836
width080-n96,96,0.02263390483074383,11.825457423506625,0.8,raw_J,98,1-100,231.9872,90.51721035806224,1.2391761412560107,1.2391761412560107,-141.46998964193776,60.98180832474281
width080-n96,96,0.02263390483074383,11.825457423506625,0.8,raw_J,99,1-100,233.6934,90.69764571594574,1.241646292397918,1.241646292397918,-142.99575428405427,61.189470598679414
width080-n96,96,0.02263390483074383,11.825457423506625,0.8,raw_J,100,1-100,236.5242,90.92173396042315,1.2447140494022924,1.2447140494022924,-145.60246603957685,61.55922566890696
width080-n96,96,0.02263390483074383,11.825457423506625,0.8,raw_J,101,101-300,237.7698204809252,91.4010418661388,1.2512757509696375,1.2512757509696375,-146.3687786147864,61.559023057986735
width080-n96,96,0.02263390483074383,11.825457423506625,0.8,raw_J,102,101-300,239.55547757332764,92.44120135690402,1.2655154830488582,1.2655154830488582,-147.1142762164236,61.41135978466287
width080-n96,96,0.02263390483074383,11.825457423506625,0.8,raw_J,103,101-300,241.04915779621658,92.45006480947556,1.2656368232770023,1.2656368232770023,-148.59909298674103,61.64680032293122
width080-n96,96,0.02263390483074383,11.825457423506625,0.8,raw_J,104,101-300,242.8232719342226,92.86288704292261,1.2712883392731757,1.2712883392731757,-149.96038489129998,61.7570069362718
width080-n96,96,0.02263390483074383,11.825457423506625,0.8,raw_J,105,101-300,244.07089849707816,93.17873750400283,1.2756123164928346,1.2756123164928346,-150.89216099307532,61.823085800981595
width080-n96,96,0.02263390483074383,11.825457423506625,0.8,raw_J,106,101-300,247.1369900748975,93.77311222382318,1.2837492770647916,1.2837492770647916,-153.36387785107434,62.056221452157274
width080-n96,96,0.02263390483074383,11.825457423506625,0.8,raw_J,107,101-300,248.10199006014847,94.67863287354488,1.2961458100568166,1.2961458100568166,-153.4233571866036,61.838825698015754
width080-n96,96,0.02263390483074383,11.825457423506625,0.8,raw_J,108,101-300,249.5736896447072,95.19734126316311,1.303246902303712,1.303246902303712,-154.3763483815441,61.85601879802076
width080-n96,96,0.02263390483074383,11.825457423506625,0.8,raw_J,109,101-300,251.014947795016,95.58810833720095,1.3085964842563662,1.3085964842563662,-155.42683945781505,61.91935612724538
width080-n96,96,0.02263390483074383,11.825457423506625,0.8,raw_J,110,101-300,253.06998674799948,96.11382483344204,1.315793517136961,1.315793517136961,-156.95616191455744,62.020851990975245
width080-n96,96,0.02263390483074383,11.825457423506625,0.8,raw_J,111,101-300,255.30625645491403,96.30328895773457,1.3183872716452862,1.3183872716452862,-159.00296749717947,62.279307097692964
width080-n96,96,0.02263390483074383,11.825457423506625,0.8,raw_J,112,101-300,256.38071369443446,96.7229190283456,1.3241319865961536,1.3241319865961536,-159.65779466608888,62.273714884956554
width080-n96,96,0.02263390483074383,11.825457423506625,0.8,raw_J,113,101-300,258.6104394915314,96.78842601898842,1.3250287740641826,1.3250287740641826,-161.82201347254298,62.57365858497839
width080-n96,96,0.02263390483074383,11.825457423506625,0.8,raw_J,114,101-300,259.874406989678,97.16051762831184,1.3301226898268448,1.3301226898268448,-162.71388936136617,62.612510114483506
width080-n96,96,0.02263390483074383,11.825457423506625,0.8,raw_J,115,101-300,260.8050845045969,98.22540273547722,1.3447009143739588,1.3447009143739588,-162.57968176911967,62.33761971241557
width080-n96,96,0.02263390483074383,11.825457423506625,0.8,raw_J,116,101-300,263.57389390487015,98.36106192683151,1.3465580820065377,1.3465580820065377,-165.21283197803865,62.68178897780664
width080-n96,96,0.02263390483074383,11.825457423506625,0.8,raw_J,117,101-300,265.55785183887633,98.84877426001033,1.3532348397709542,1.3532348397709542,-166.70907757886602,62.776934074619085
width080-n96,96,0.02263390483074383,11.825457423506625,0.8,raw_J,118,101-300,266.6149737815011,99.29315005966623,1.3593183225308278,1.3593183225308278,-167.32182372183485,62.75784939932146
width080-n96,96,0.02263390483074383,11.825457423506625,0.8,raw_J,119,101-300,267.92191508282406,99.61109427668036,1.36367096316586,1.36367096316586,-168.31082080614368,62.82084866186213
width080-n96,96,0.02263390483074383,11.825457423506625,0.8,raw_J,120,101-300,269.9704490239976,99.93088600949618,1.3680488962010109,1.3680488962010109,-170.03956301450143,62.98450946362158
width080-n96,96,0.02263390483074383,11.825457423506625,0.8,raw_J,121,101-300,271.494055641645,100.3375695837984,1.3736163742565377,1.3736163742565377,-171.1564860578466,63.04244328787896
width080-n96,96,0.02263390483074383,11.825457423506625,0.8,raw_J,122,101-300,273.4596091884033,100.67740694148806,1.378268730906623,1.378268730906623,-172.78220224691523,63.18381085956823
width080-n96,96,0.02263390483074383,11.825457423506625,0.8,raw_J,123,101-300,275.58749264934386,101.06476495328754,1.3835716429655291,1.3835716429655291,-174.52272769605634,63.327521150648934
width080-n96,96,0.02263390483074383,11.825457423506625,0.8,raw_J,124,101-300,276.4520495031329,101.22907510445215,1.3858210408235045,1.3858210408235045,-175.22297439868078,63.3827727859529
width080-n96,96,0.02263390483074383,11.825457423506625,0.8,raw_J,125,101-300,278.25074352984194,102.06654042470169,1.39728589971473,1.39728589971473,-176.18420310514026,63.31850217904082
width080-n96,96,0.02263390483074383,11.825457423506625,0.8,raw_J,126,101-300,279.22925092774517,102.51348329620126,1.4034045255614158,1.4034045255614158,-176.7157676315439,63.286982665462865
width080-n96,96,0.02263390483074383,11.825457423506625,0.8,raw_J,127,101-300,282.4651147650521,103.38439025442814,1.4153271988256442,1.4153271988256442,-179.08072451062395,63.39923592319679
width080-n96,96,0.02263390483074383,11.825457423506625,0.8,raw_J,128,101-300,283.2111857332339,103.45204816725825,1.416253432312233,1.416253432312233,-179.75913756597564,63.47176475412832
width080-n96,96,0.02263390483074383,11.825457423506625,0.8,raw_J,129,101-300,284.83596398090475,104.12628740748049,1.4254837342258355,1.4254837342258355,-180.70967657342425,63.443419871494505
width080-n96,96,0.02263390483074383,11.825457423506625,0.8,raw_J,130,101-300,286.6674453630029,104.37780048800522,1.4289269358818206,1.4289269358818206,-182.2896448749977,63.5892382702078
width080-n96,96,0.02263390483074383,11.825457423506625,0.8,raw_J,131,101-300,287.9119205014222,104.8310525621592,1.43513193440138,1.43513193440138,-183.080867939263,63.589193396512606
width080-n96,96,0.02263390483074383,11.825457423506625,0.8,raw_J,132,101-300,289.5798549292188,104.83506704010793,1.435186892406316,1.435186892406316,-184.74478788911088,63.79752760573332
width080-n96,96,0.02263390483074383,11.825457423506625,0.8,raw_J,133,101-300,291.8462913290674,105.38000194686857,1.4426470243781717,1.4426470243781717,-186.46628938219885,63.8919509763279
width080-n96,96,0.02263390483074383,11.825457423506625,0.8,raw_J,134,101-300,293.5584341393563,105.93309902970732,1.4502188961375961,1.4502188961375961,-187.62533510964897,63.91413541216146
width080-n96,96,0.02263390483074383,11.825457423506625,0.8,raw_J,135,101-300,294.9653696192655,106.1371339298262,1.4530121238476716,1.4530121238476716,-188.8282356894393,64.01708645769992
width080-n96,96,0.02263390483074383,11.825457423506625,0.8,raw_J,136,101-300,295.57325487895827,106.57010429447051,1.4589394667652864,1.4589394667652864,-189.00315058448774,63.944605090161964
width080-n96,96,0.02263390483074383,11.825457423506625,0.8,raw_J,137,101-300,297.97927706194344,107.00730553398355,1.46492473015099,1.46492473015099,-190.97197152795988,64.08901095771868
width080-n96,96,0.02263390483074383,11.825457423506625,0.8,raw_J,138,101-300,299.8403260537213,107.50104542648351,1.4716840049049513,1.4716840049049513,-192.33928062723777,64.147235683294
width080-n96,96,0.02263390483074383,11.825457423506625,0.8,raw_J,139,101-300,301.64932546219416,107.88762243833432,1.4769762251131153,1.4769762251131153,-193.76170302385984,64.23409126706106
width080-n96,96,0.02263390483074383,11.825457423506625,0.8,raw_J,140,101-300,302.6967495896069,108.09263536821,1.4797828420022792,1.4797828420022792,-194.6041142213969,64.29012352634746
width080-n96,96,0.02263390483074383,11.825457423506625,0.8,raw_J,141,101-300,304.8643713408573,108.31922586563893,1.4828848547260314,1.4828848547260314,-196.54514547521836,64.4696999556792
width080-n96,96,0.02263390483074383,11.825457423506625,0.8,raw_J,142,101-300,305.7289126020368,108.90924423484736,1.4909621770731705,1.4909621770731705,-196.81966836718945,64.37718522990559
width080-n96,96,0.02263390483074383,11.825457423506625,0.8,raw_J,143,101-300,307.2194961281701,109.07859456240638,1.4932805746971678,1.4932805746971678,-198.1409015657637,64.49489829353165
width080-n96,96,0.02263390483074383,11.825457423506625,0.8,raw_J,144,101-300,310.1094631467019,109.52232171912878,1.4993551775673037,1.4993551775673037,-200.5871414275731,64.68268958715471
width080-n96,96,0.02263390483074383,11.825457423506625,0.8,raw_J,145,101-300,311.165141530356,110.50967941161328,1.5128720556347177,1.5128720556347177,-200.65546211874272,64.48519944486378
width080-n96,96,0.02263390483074383,11.825457423506625,0.8,raw_J,146,101-300,312.4278011806009,110.83063251154324,1.5172658877283283,1.5172658877283283,-201.59716866905768,64.52600181778418
width080-n96,96,0.02263390483074383,11.825457423506625,0.8,raw_J,147,101-300,313.9852857311589,111.03929033432443,1.5201224030214318,1.5201224030214318,-202.94599539683446,64.63551147763062
width080-n96,96,0.02263390483074383,11.825457423506625,0.8,raw_J,148,101-300,315.47561608947575,111.18316781556992,1.5220920786369103,1.5220920786369103,-204.29244827390585,64.75696943118547
width080-n96,96,0.02263390483074383,11.825457423506625,0.8,raw_J,149,101-300,317.7348059423702,111.75624055534749,1.5299374161536927,1.5299374161536927,-205.9785653870227,64.8271959932468
width080-n96,96,0.02263390483074383,11.825457423506625,0.8,raw_J,150,101-300,318.8531042563166,112.16659971232323,1.5355552127545684,1.5355552127545684,-206.68650454399338,64.82185739607672
width080-n96,96,0.02263390483074383,11.825457423506625,0.8,raw_J,151,101-300,321.1601343091136,112.50921921744612,1.5402456568656688,1.5402456568656688,-208.65091509166746,64.96787515066951
width080-n96,96,0.02263390483074383,11.825457423506625,0.8,raw_J,152,101-300,322.14455867248296,112.87216399578642,1.545214352963722,1.545214352963722,-209.27239467669654,64.96226276150112
width080-n96,96,0.02263390483074383,11.825457423506625,0.8,raw_J,153,101-300,323.4669695575121,113.23868449820215,1.5502320005478456,1.5502320005478456,-210.22828505930994,64.99219544638284
width080-n96,96,0.02263390483074383,11.825457423506625,0.8,raw_J,154,101-300,324.8628660517396,113.77309708874081,1.5575480825300756,1.5575480825300756,-211.0897689629988,64.97811569801867
width080-n96,96,0.02263390483074383,11.825457423506625,0.8,raw_J,155,101-300,327.44390126190547,114.29545772653856,1.5646991738742486,1.5646991738742486,-213.1484435353669,65.09464452198804
width080-n96,96,0.02263390483074383,11.825457423506625,0.8,raw_J,156,101-300,329.03307168048093,114.68742521544597,1.5700651894472069,1.5700651894472069,-214.34564646503497,65.14410401674846
width080-n96,96,0.02263390483074383,11.825457423506625,0.8,raw_J,157,101-300,329.9532397282339,114.75481029508134,1.5709876878608287,1.5709876878608287,-215.19842943315254,65.22088693852523
width080-n96,96,0.02263390483074383,11.825457423506625,0.8,raw_J,158,101-300,331.4744675826634,114.79512792294273,1.5715396341958983,1.5715396341958983,-216.67933965972068,65.36833477398527
width080-n96,96,0.02263390483074383,11.825457423506625,0.8,raw_J,159,101-300,333.64537852486984,115.88573179855794,1.5864699474134372,1.5864699474134372,-217.7596467263119,65.26679544883316
width080-n96,96,0.02263390483074383,11.825457423506625,0.8,raw_J,160,101-300,334.2113548332444,115.93901815673483,1.5871994350263012,1.5871994350263012,-218.27233667650955,65.30967111677492
width080-n96,96,0.02263390483074383,11.825457423506625,0.8,raw_J,161,101-300,336.84185042839067,116.3785094278354,1.593216048831386,1.593216048831386,-220.46334100055526,65.45010387520824
width080-n96,96,0.02263390483074383,11.825457423506625,0.8,raw_J,162,101-300,338.3399928508066,116.79564966264594,1.5989266780530602,1.5989266780530602,-221.54434318816067,65.47979779790685
width080-n96,96,0.02263390483074383,11.825457423506625,0.8,raw_J,163,101-300,339.85821672536355,116.89411845110182,1.6002747109059312,1.6002747109059312,-222.96409827426174,65.60503389401265
width080-n96,96,0.02263390483074383,11.825457423506625,0.8,raw_J,164,101-300,341.04226111104657,117.17752358137979,1.6041545131486294,1.6041545131486294,-223.8647375296668,65.64134802542091
width080-n96,96,0.02263390483074383,11.825457423506625,0.8,raw_J,165,101-300,342.0548775103636,117.21902047374087,1.6047226035564837,1.6047226035564837,-224.83585703662274,65.73093144383262
width080-n96,96,0.02263390483074383,11.825457423506625,0.8,raw_J,166,101-300,344.6617029402523,118.06672056115842,1.6163275759049813,1.6163275759049813,-226.5949823790939,65.74417187811972
width080-n96,96,0.02263390483074383,11.825457423506625,0.8,raw_J,167,101-300,346.34787056600993,118.60496818605125,1.6236961593181964,1.6236961593181964,-227.74290237995868,65.7555370580959
width080-n96,96,0.02263390483074383,11.825457423506625,0.8,raw_J,168,101-300,347.2726775844205,118.81085532484639,1.6265147440843108,1.6265147440843108,-228.4618222595741,65.78744514216383
width080-n96,96,0.02263390483074383,11.825457423506625,0.8,raw_J,169,101-300,349.31626087069617,119.20366209941534,1.6318922494365424,1.6318922494365424,-230.11259877128083,65.87514654992253
width080-n96,96,0.02263390483074383,11.825457423506625,0.8,raw_J,170,101-300,350.4084193491921,119.620870595004,1.6376038131448991,1.6376038131448991,-230.7875487541881,65.86244393979634
width080-n96,96,0.02263390483074383,11.825457423506625,0.8,raw_J,171,101-300,351.87864902535927,120.42027973822637,1.6485476848513345,1.6485476848513345,-231.45836928713288,65.77789528527265
width080-n96,96,0.02263390483074383,11.825457423506625,0.8,raw_J,172,101-300,353.4889004887188,120.54777904755512,1.6502931441018112,1.6502931441018112,-232.94112144116366,65.89771874565486
width080-n96,96,0.02263390483074383,11.825457423506625,0.8,raw_J,173,101-300,356.0175749772649,120.79646900701277,1.6536976973697566,1.6536976973697566,-235.22110597025215,66.07008263153111
width080-n96,96,0.02263390483074383,11.825457423506625,0.8,raw_J,174,101-300,357.1513022520396,121.10620333952212,1.657937945091214,1.657937945091214,-236.0450989125175,66.09106488597985
width080-n96,96,0.02263390483074383,11.825457423506625,0.8,raw_J,175,101-300,357.95268510163226,121.67267284342034,1.6656928846347883,1.6656928846347883,-236.2800122582119,66.00872743589721
width080-n96,96,0.02263390483074383,11.825457423506625,0.8,raw_J,176,101-300,359.74375495311443,121.81982452500928,1.6677073838913319,1.6677073838913319,-237.92393042810517,66.13705648875376
width080-n96,96,0.02263390483074383,11.825457423506625,0.8,raw_J,177,101-300,361.28936169580464,122.32891464620832,1.6746768025183918,1.6746768025183918,-238.96044704959633,66.14101393076562
width080-n96,96,0.02263390483074383,11.825457423506625,0.8,raw_J,178,101-300,363.33133057897385,122.53804888271588,1.6775398398918904,1.6775398398918904,-240.79328169625796,66.27374559539093
width080-n96,96,0.02263390483074383,11.825457423506625,0.8,raw_J,179,101-300,364.736024114089,122.6497349424105,1.6790688165355254,1.6790688165355254,-242.0862891716785,66.37301312906624
width080-n96,96,0.02263390483074383,11.825457423506625,0.8,raw_J,180,101-300,366.2127102883313,123.21268187008495,1.686775532184495,1.686775532184495,-243.00002841824636,66.35488654310345
width080-n96,96,0.02263390483074383,11.825457423506625,0.8,raw_J,181,101-300,367.9935754817403,123.21890155878195,1.6868606794157108,1.6868606794157108,-244.77467392295836,66.51601827627667
width080-n96,96,0.02263390483074383,11.825457423506625,0.8,raw_J,182,101-300,368.96843809573437,124.09402156079845,1.6988410290414344,1.6988410290414344,-244.8744165349359,66.36730713302897
width080-n96,96,0.02263390483074383,11.825457423506625,0.8,raw_J,183,101-300,370.050919212106,124.26661532810135,1.7012038291954075,1.7012038291954075,-245.78430388400466,66.41904968303183
width080-n96,96,0.02263390483074383,11.825457423506625,0.8,raw_J,184,101-300,373.06192837211285,125.13044463828442,1.713029609807317,1.713029609807317,-247.93148373382843,66.45853272021039
width080-n96,96,0.02263390483074383,11.825457423506625,0.8,raw_J,185,101-300,373.86487391090856,125.23252423353986,1.71442707442702,1.71442707442702,-248.6323496773687,66.50326549175021
width080-n96,96,0.02263390483074383,11.825457423506625,0.8,raw_J,186,101-300,375.82591276673935,125.57691006121158,1.7191416994066162,1.7191416994066162,-250.24900270552777,66.58641520039298
width080-n96,96,0.02263390483074383,11.825457423506625,0.8,raw_J,187,101-300,376.32409223066804,125.61461885614332,1.719657930947669,1.719657930947669,-250.70947337452472,66.62062795088129
width080-n96,96,0.02263390483074383,11.825457423506625,0.8,raw_J,188,101-300,378.4366802499655,125.82890072430249,1.7225914391443558,1.7225914391443558,-252.607779525663,66.75034231851156
width080-n96,96,0.02263390483074383,11.825457423506625,0.8,raw_J,189,101-300,379.87297534653237,126.35935587879061,1.7298533440224197,1.7298533440224197,-253.51361946774176,66.73641872957097
width080-n96,96,0.02263390483074383,11.825457423506625,0.8,raw_J,190,101-300,381.4844686171865,126.98526417581131,1.7384219977095376,1.7384219977095376,-254.49920444137518,66.71286130307995
width080-n96,96,0.02263390483074383,11.825457423506625,0.8,raw_J,191,101-300,383.44352944953647,127.19065715925571,1.7412338175132953,1.7412338175132953,-256.2528722902808,66.82936406780735
width080-n96,96,0.02263390483074383,11.825457423506625,0.8,raw_J,192,101-300,384.95611681486366,127.37510252202084,1.7437588654240708,1.7437588654240708,-257.58101429284284,66.91178631582073
width080-n96,96,0.02263390483074383,11.825457423506625,0.8,raw_J,193,101-300,385.86130084597426,127.62431781478678,1.7471706104790725,1.7471706104790725,-258.2369830311875,66.92482051582284
width080-n96,96,0.02263390483074383,11.825457423506625,0.8,raw_J,194,101-300,387.222890222388,127.8164482656346,1.7498008668663123,1.7498008668663123,-259.4064419567534,66.99150502383067
width080-n96,96,0.02263390483074383,11.825457423506625,0.8,raw_J,195,101-300,388.84612835423223,128.67352165769447,1.761534159292633,1.761534159292633,-260.17260669653774,66.90888444683829
width080-n96,96,0.02263390483074383,11.825457423506625,0.8,raw_J,196,101-300,391.45608356363806,128.9440808005781,1.7652381006020683,1.7652381006020683,-262.51200276305997,67.06039675594518
width080-n96,96,0.02263390483074383,11.825457423506625,0.8,raw_J,197,101-300,392.2450833395191,129.4901694115959,1.7727140267282495,1.7727140267282495,-262.7549139279232,66.98743339007976
width080-n96,96,0.02263390483074383,11.825457423506625,0.8,raw_J,198,101-300,393.427743844434,129.63788470254352,1.7747362417690897,1.7747362417690897,-263.7898591418905,67.04912484417879
width080-n96,96,0.02263390483074383,11.825457423506625,0.8,raw_J,199,101-300,395.5828700109937,130.17880399430058,1.7821414001697844,1.7821414001697844,-265.40406601669315,67.09190061979106
width080-n96,96,0.02263390483074383,11.825457423506625,0.8,raw_J,200,101-300,396.3818542225922,130.42395970944776,1.7854975698075939,1.7854975698075939,-265.9578945131444,67.09638488238997
width080-n96,96,0.02263390483074383,11.825457423506625,0.8,raw_J,201,101-300,397.9187362096142,130.65859463706582,1.7887097103835075,1.7887097103835075,-267.2601415725484,67.16450301343991
width080-n96,96,0.02263390483074383,11.825457423506625,0.8,raw_J,202,101-300,399.9851198761949,130.78166704424177,1.7903945655620543,1.7903945655620543,-269.20345283195314,67.30336691406873
width080-n96,96,0.02263390483074383,11.825457423506625,0.8,raw_J,203,101-300,401.8392286005332,131.353444809269,1.7982221749384333,1.7982221749384333,-270.4857837912642,67.3119408309817
width080-n96,96,0.02263390483074383,11.825457423506625,0.8,raw_J,204,101-300,402.86191776388614,131.39655122665766,1.7988122996644578,1.7988122996644578,-271.4653665372285,67.38422138384695
width080-n96,96,0.02263390483074383,11.825457423506625,0.8,raw_J,205,101-300,404.236441800208,131.83911270860798,1.8048709445045095,1.8048709445045095,-272.3973290916,67.38564387676634
width080-n96,96,0.02263390483074383,11.825457423506625,0.8,raw_J,206,101-300,405.13438745990993,132.66577895692242,1.8161879646340588,1.8161879646340588,-272.46860850298754,67.25388338701555
width080-n96,96,0.02263390483074383,11.825457423506625,0.8,raw_J,207,101-300,407.5814603868962,132.93678074847307,1.8198979657818932,1.8198979657818932,-274.6446796384231,67.3839971469058
width080-n96,96,0.02263390483074383,11.825457423506625,0.8,raw_J,208,101-300,408.9472455023511,133.1189403863888,1.8223917222323198,1.8223917222323198,-275.8283051159623,67.4483831715591
width080-n96,96,0.02263390483074383,11.825457423506625,0.8,raw_J,209,101-300,410.51386919336665,133.4461087044686,1.8268706403555761,1.8268706403555761,-277.06776048889805,67.49291102717635
width080-n96,96,0.02263390483074383,11.825457423506625,0.8,raw_J,210,101-300,411.9722678042788,133.4506689903695,1.8269330704444329,1.8269330704444329,-278.52159881390924,67.60688050639133
width080-n96,96,0.02263390483074383,11.825457423506625,0.8,raw_J,211,101-300,413.26273607018504,134.16187961513484,1.836669508787271,1.836669508787271,-279.10085645505023,67.5359358816349
width080-n96,96,0.02263390483074383,11.825457423506625,0.8,raw_J,212,101-300,415.01880975515513,134.26491050171873,1.8380799965382981,1.8380799965382981,-280.75389925343643,67.64847584114808
width080-n96,96,0.02263390483074383,11.825457423506625,0.8,raw_J,213,101-300,415.4552149962946,134.42635173716448,1.840290119081712,1.840290119081712,-281.02886325913016,67.6435998671088
width080-n96,96,0.02263390483074383,11.825457423506625,0.8,raw_J,214,101-300,418.3877057895348,134.95280815866107,1.8474972815025266,1.8474972815025266,-283.4348976308737,67.74455695250577
width080-n96,96,0.02263390483074383,11.825457423506625,0.8,raw_J,215,101-300,419.8613648181523,135.43130413748466,1.8540478678308017,1.8540478678308017,-284.4300606806677,67.74380414922392
width080-n96,96,0.02263390483074383,11.825457423506625,0.8,raw_J,216,101-300,420.6438276250418,135.72417346538708,1.8580572344717616,1.8580572344717616,-284.9196541596547,67.73418161590845
width080-n96,96,0.02263390483074383,11.825457423506625,0.8,raw_J,217,101-300,422.07671005882673,135.760208497253,1.8585505522790713,1.8585505522790713,-286.3165015615738,67.83518131613293
width080-n96,96,0.02263390483074383,11.825457423506625,0.8,raw_J,218,101-300,423.7165796274818,136.46300557888742,1.868171809631797,1.868171809631797,-287.2535740485944,67.79380082345105
width080-n96,96,0.02263390483074383,11.825457423506625,0.8,raw_J,219,101-300,425.06988249446135,136.88510475607998,1.8739503265298738,1.8739503265298738,-288.1847777383814,67.7970351715371
width080-n96,96,0.02263390483074383,11.825457423506625,0.8,raw_J,220,101-300,427.2088250840746,137.0819325473819,1.876644889276037,1.876644889276037,-290.1268925366927,67.91219551225231
width080-n96,96,0.02263390483074383,11.825457423506625,0.8,raw_J,221,101-300,428.12791407661666,137.35304587381913,1.8803564173309628,1.8803564173309628,-290.7748682027975,67.91775510128527
width080-n96,96,0.02263390483074383,11.825457423506625,0.8,raw_J,222,101-300,430.3287454309386,137.62451018278392,1.884072750319364,1.884072750319364,-292.7042352481547,68.01875039861342
width080-n96,96,0.02263390483074383,11.825457423506625,0.8,raw_J,223,101-300,431.3013069307036,138.08742665668444,1.8904100539943527,1.8904100539943527,-293.2138802740192,67.98353623378408
width080-n96,96,0.02263390483074383,11.825457423506625,0.8,raw_J,224,101-300,432.1386417345886,138.52281995574873,1.8963705667645652,1.8963705667645652,-293.61582177883986,67.94481988471958
width080-n96,96,0.02263390483074383,11.825457423506625,0.8,raw_J,225,101-300,433.88921848092724,138.62431192768068,1.8977599868499784,1.8977599868499784,-295.26490655324653,68.05075903637041
width080-n96,96,0.02263390483074383,11.825457423506625,0.8,raw_J,226,101-300,436.16100643264696,139.26732912158818,1.9065628604908653,1.9065628604908653,-296.8936773110588,68.06974326736515
width080-n96,96,0.02263390483074383,11.825457423506625,0.8,raw_J,227,101-300,437.5816981676686,139.38621208492282,1.9081903623900436,1.9081903623900436,-298.1954860827458,68.14624270882689
width080-n96,96,0.02263390483074383,11.825457423506625,0.8,raw_J,228,101-300,438.6217386562722,139.58707791320612,1.9109402056631373,1.9109402056631373,-299.03466074306607,68.17597815811993
width080-n96,96,0.02263390483074383,11.825457423506625,0.8,raw_J,229,101-300,439.91844221437066,139.80824992623252,1.9139680396029122,1.9139680396029122,-300.11019228813814,68.21950695622247
width080-n96,96,0.02263390483074383,11.825457423506625,0.8,raw_J,230,101-300,441.68319920118904,139.93830206629764,1.915748446980144,1.915748446980144,-301.7448971348914,68.31704209728045
width080-n96,96,0.02263390483074383,11.825457423506625,0.8,raw_J,231,101-300,442.90454630260945,140.29637861702813,1.9206504972825478,1.9206504972825478,-302.6081676855813,68.32356321735016
width080-n96,96,0.02263390483074383,11.825457423506625,0.8,raw_J,232,101-300,444.31933627755916,141.00815427874005,1.9303946709532906,1.9303946709532906,-303.3111819988191,68.26423187879122
width080-n96,96,0.02263390483074383,11.825457423506625,0.8,raw_J,233,101-300,446.8606226964295,141.2872255327372,1.9342151426436542,1.9342151426436542,-305.57339716369233,68.38226096535713
width080-n96,96,0.02263390483074383,11.825457423506625,0.8,raw_J,234,101-300,447.4417041944933,141.89232731616733,1.9424989561868684,1.9424989561868684,-305.549376878326,68.28808624989284
width080-n96,96,0.02263390483074383,11.825457423506625,0.8,raw_J,235,101-300,449.1485456850233,142.21267598462492,1.9468845136434612,1.9468845136434612,-306.93586970039837,68.33727341413788
width080-n96,96,0.02263390483074383,11.825457423506625,0.8,raw_J,236,101-300,450.1269457803135,142.51930343699632,1.9510822283292066,1.9510822283292066,-307.6076423433172,68.3379755926557
width080-n96,96,0.02263390483074383,11.825457423506625,0.8,raw_J,237,101-300,451.4033084453888,142.7361818824209,1.9540512835404726,1.9540512835404726,-308.6671265629679,68.37945597386128
width080-n96,96,0.02263390483074383,11.825457423506625,0.8,raw_J,238,101-300,453.9867378066779,143.1118571601047,1.9591942595460738,1.9591942595460738,-310.8748806465732,68.4766436456903
width080-n96,96,0.02263390483074383,11.825457423506625,0.8,raw_J,239,101-300,454.9746837686168,143.1679732286729,1.9599624857545013,1.9599624857545013,-311.8067105399439,68.53276053893961
width080-n96,96,0.02263390483074383,11.825457423506625,0.8,raw_J,240,101-300,456.32842668924604,143.49098561715843,1.9643845094067771,1.9643845094067771,-312.8374410720876,68.55532611496193
width080-n96,96,0.02263390483074383,11.825457423506625,0.8,raw_J,241,101-300,457.903893064103,143.88538267581094,1.9697837856696054,1.9697837856696054,-314.01851038829204,68.5773838451144
width080-n96,96,0.02263390483074383,11.825457423506625,0.8,raw_J,242,101-300,459.513415281106,144.22845581703947,1.974480440036598,1.974480440036598,-315.28495946406656,68.61278669550744
width080-n96,96,0.02263390483074383,11.825457423506625,0.8,raw_J,243,101-300,460.08794442217584,144.2710443046391,1.9750634743293791,1.9750634743293791,-315.81690011753676,68.64272449350331
width080-n96,96,0.02263390483074383,11.825457423506625,0.8,raw_J,244,101-300,462.06536727488253,144.65055904713878,1.9802590124187678,1.9802590124187678,-317.4148082277437,68.69478448466226
width080-n96,96,0.02263390483074383,11.825457423506625,0.8,raw_J,245,101-300,464.05728691054827,144.80100828815608,1.9823186551010956,1.9823186551010956,-319.2562786223922,68.79673859833864
width080-n96,96,0.02263390483074383,11.825457423506625,0.8,raw_J,246,101-300,465.6715392113711,145.37399952289397,1.9901628768179083,1.9901628768179083,-320.2975396884772,68.78185861023648
width080-n96,96,0.02263390483074383,11.825457423506625,0.8,raw_J,247,101-300,466.5702869308262,145.7435870582679,1.99522251193182,1.99522251193182,-320.8266998725583,68.76277998391357
width080-n96,96,0.02263390483074383,11.825457423506625,0.8,raw_J,248,101-300,467.43904621026167,146.28606039064172,2.00264894507184,2.00264894507184,-321.15298581961997,68.70478374097146
width080-n96,96,0.02263390483074383,11.825457423506625,0.8,raw_J,249,101-300,469.53600455911203,146.61205136451974,2.007111745411096,2.007111745411096,-322.9239531945923,68.77512055711543
width080-n96,96,0.02263390483074383,11.825457423506625,0.8,raw_J,250,101-300,470.77365547810166,146.7523047702488,2.0090318076116636,2.0090318076116636,-324.0213507078529,68.82741779141993
width080-n96,96,0.02263390483074383,11.825457423506625,0.8,raw_J,251,101-300,472.7991746619088,147.12280864080898,2.0141039873090385,2.0141039873090385,-325.67636602109985,68.8826003670556
width080-n96,96,0.02263390483074383,11.825457423506625,0.8,raw_J,252,101-300,473.8352323451397,147.40930237634836,2.018026072405291,2.018026072405291,-326.4259299687913,68.8901769404568
width080-n96,96,0.02263390483074383,11.825457423506625,0.8,raw_J,253,101-300,475.6003393693758,147.58506669069547,2.0204322771917798,2.0204322771917798,-328.0152726786803,68.96867927251975
width080-n96,96,0.02263390483074383,11.825457423506625,0.8,raw_J,254,101-300,476.7690152374845,147.7833594118945,2.0231468947559157,2.0231468947559157,-328.98565582559,69.0031535840722
width080-n96,96,0.02263390483074383,11.825457423506625,0.8,raw_J,255,101-300,478.07526376667096,148.0789773740313,2.027193890063853,2.027193890063853,-329.99628639263966,69.0260114678716
width080-n96,96,0.02263390483074383,11.825457423506625,0.8,raw_J,256,101-300,478.9421815346348,148.64980084131508,2.035008435151234,2.035008435151234,-330.2923806933197,68.96289227125311
width080-n96,96,0.02263390483074383,11.825457423506625,0.8,raw_J,257,101-300,481.8303393762866,148.78975669126484,2.0369244238278728,2.0369244238278728,-333.0405826850217,69.11988628946274
width080-n96,96,0.02263390483074383,11.825457423506625,0.8,raw_J,258,101-300,482.8347827909824,149.25340996694396,2.043271814282837,2.043271814282837,-333.58137282403845,69.08809901718385
width080-n96,96,0.02263390483074383,11.825457423506625,0.8,raw_J,259,101-300,483.8514272124825,149.7107206740236,2.049532375286787,2.049532375286787,-334.1407065384589,69.05853486130601
width080-n96,96,0.02263390483074383,11.825457423506625,0.8,raw_J,260,101-300,485.539148129356,149.96422711598595,2.0530028659624473,2.0530028659624473,-335.57492101337004,69.11387522638383
width080-n96,96,0.02263390483074383,11.825457423506625,0.8,raw_J,261,101-300,486.52871826165125,150.14724428439314,2.055508361962968,2.055508361962968,-336.3814739772581,69.13907881514918
width080-n96,96,0.02263390483074383,11.825457423506625,0.8,raw_J,262,101-300,488.38056709001745,150.56701565475677,2.061255011300473,2.061255011300473,-337.8135514352607,69.17014602937621
width080-n96,96,0.02263390483074383,11.825457423506625,0.8,raw_J,263,101-300,489.66176157795616,150.67096991174367,2.0626781399467338,2.0626781399467338,-338.9907916662125,69.2295821862422
width080-n96,96,0.02263390483074383,11.825457423506625,0.8,raw_J,264,101-300,491.398821593663,150.88033451063828,2.0655443309699386,2.0655443309699386,-340.51848708302475,69.29574759228849
width080-n96,96,0.02263390483074383,11.825457423506625,0.8,raw_J,265,101-300,493.3144415817853,151.32871111598607,2.0716825845622275,2.0716825845622275,-341.9857304657992,69.32408655405283
width080-n96,96,0.02263390483074383,11.825457423506625,0.8,raw_J,266,101-300,493.9579978053695,152.05553472633778,2.08163276390698,2.08163276390698,-341.9024630790317,69.21691006079203
width080-n96,96,0.02263390483074383,11.825457423506625,0.8,raw_J,267,101-300,495.3588288221313,152.22662125593732,2.0839749300512014,2.0839749300512014,-343.132207566194,69.26942402179382
width080-n96,96,0.02263390483074383,11.825457423506625,0.8,raw_J,268,101-300,496.4296962157591,152.25387172334862,2.0843479876047937,2.0843479876047937,-344.17582449241047,69.33022482660348
width080-n96,96,0.02263390483074383,11.825457423506625,0.8,raw_J,269,101-300,498.58078242968656,152.35271367528645,2.085701129047311,2.085701129047311,-346.2280687544001,69.44272241444196
width080-n96,96,0.02263390483074383,11.825457423506625,0.8,raw_J,270,101-300,500.3090849416905,153.12411368735354,2.0962615571309517,2.0962615571309517,-347.184971254337,69.39409691007317
width080-n96,96,0.02263390483074383,11.825457423506625,0.8,raw_J,271,101-300,501.6044469651455,153.18135799077845,2.09704522881887,2.09704522881887,-348.42308897436703,69.4617224951711
width080-n96,96,0.02263390483074383,11.825457423506625,0.8,raw_J,272,101-300,502.27627032711825,153.86282641331144,2.106374497881425,2.106374497881425,-348.4134439138068,69.36689318149453
width080-n96,96,0.02263390483074383,11.825457423506625,0.8,raw_J,273,101-300,504.49977331342774,154.0393836307351,2.1087915574718887,2.1087915574718887,-350.4603896826926,69.4669072655785
width080-n96,96,0.02263390483074383,11.825457423506625,0.8,raw_J,274,101-300,505.41523174224443,154.1340096836127,2.110086983464397,2.110086983464397,-351.2812220586317,69.50348940765221
width080-n96,96,0.02263390483074383,11.825457423506625,0.8,raw_J,275,101-300,506.46415270952355,154.33495625740423,2.1128379321395117,2.1128379321395117,-352.12919645211934,69.52697334416851
width080-n96,96,0.02263390483074383,11.825457423506625,0.8,raw_J,276,101-300,508.8007003364678,154.4151973300359,2.1139364284625937,2.1139364284625937,-354.3855030064319,69.65114292729515
width080-n96,96,0.02263390483074383,11.825457423506625,0.8,raw_J,277,101-300,510.26422794367284,155.00392194748582,2.1219960394120267,2.1219960394120267,-355.260305996187,69.62281236681235
width080-n96,96,0.02263390483074383,11.825457423506625,0.8,raw_J,278,101-300,511.5622897003746,155.4162991270858,2.127641462643005,2.127641462643005,-356.1459905732888,69.61928151152146
width080-n96,96,0.02263390483074383,11.825457423506625,0.8,raw_J,279,101-300,512.6231445314074,155.55410602863094,2.129528032322071,2.129528032322071,-357.0690385027765,69.65527060413473
width080-n96,96,0.02263390483074383,11.825457423506625,0.8,raw_J,280,101-300,513.6689855554737,155.98276040934655,2.135396289632769,2.135396289632769,-357.68622514612713,69.63360358603913
width080-n96,96,0.02263390483074383,11.825457423506625,0.8,raw_J,281,101-300,515.4350571672994,156.28580400003193,2.1395449414289565,2.1395449414289565,-359.1492531672675,69.6788563705893
width080-n96,96,0.02263390483074383,11.825457423506625,0.8,raw_J,282,101-300,517.5896685724674,156.54100510483306,2.1430386319552195,2.1430386319552195,-361.04866346763436,69.75577091084926
width080-n96,96,0.02263390483074383,11.825457423506625,0.8,raw_J,283,101-300,518.2342231475501,156.92432729665393,2.1482862938378537,2.1482862938378537,-361.30989585089617,69.71942023752165
width080-n96,96,0.02263390483074383,11.825457423506625,0.8,raw_J,284,101-300,520.1063104117233,156.9854607037832,2.149123207163492,2.149123207163492,-363.12084970794007,69.81665910196102
width080-n96,96,0.02263390483074383,11.825457423506625,0.8,raw_J,285,101-300,521.525193449492,157.26851415115627,2.1529981948845838,2.1529981948845838,-364.2566792983357,69.84450298346187
width080-n96,96,0.02263390483074383,11.825457423506625,0.8,raw_J,286,101-300,522.4566961777302,157.85278054296748,2.160996772945112,2.160996772945112,-364.60391563476276,69.78643747935257
width080-n96,96,0.02263390483074383,11.825457423506625,0.8,raw_J,287,101-300,523.9605308920159,157.87234495481732,2.1612646087775036,2.1612646087775036,-366.08818593719855,69.86942037675095
width080-n96,96,0.02263390483074383,11.825457423506625,0.8,raw_J,288,101-300,525.0773856872796,158.19375438414176,2.1656646879979973,2.1656646879979973,-366.88363130313786,69.87229717061987
width080-n96,96,0.02263390483074383,11.825457423506625,0.8,raw_J,289,101-300,527.9036416012724,158.79531475190663,2.1739000197355822,2.1739000197355822,-369.10832684936577,69.91964020739881
width080-n96,96,0.02263390483074383,11.825457423506625,0.8,raw_J,290,101-300,528.4062138522927,159.0223392341475,2.177007973689985,2.177007973689985,-369.3838746181452,69.90528592106989
width080-n96,96,0.02263390483074383,11.825457423506625,0.8,raw_J,291,101-300,529.8062263187069,159.13374569515665,2.178533122641419,2.178533122641419,-370.6724806235502,69.96378340041834
width080-n96,96,0.02263390483074383,11.825457423506625,0.8,raw_J,292,101-300,530.866917883961,159.36171573718678,2.1816540212626583,2.1816540212626583,-371.50520214677425,69.98085388850305
width080-n96,96,0.02263390483074383,11.825457423506625,0.8,raw_J,293,101-300,532.6881830282937,159.9338498271527,2.189486508709857,2.189486508709857,-372.754333201141,69.97608452323077
width080-n96,96,0.02263390483074383,11.825457423506625,0.8,raw_J,294,101-300,533.7796307537687,160.3166885563572,2.1947275520131404,2.1947275520131404,-373.4629421974115,69.96575378307928
width080-n96,96,0.02263390483074383,11.825457423506625,0.8,raw_J,295,101-300,535.6643140758732,160.4698661546519,2.1968245457719053,2.1968245457719053,-375.19444792122135,70.04283056796605
width080-n96,96,0.02263390483074383,11.825457423506625,0.8,raw_J,296,101-300,537.0697590831223,161.0637729008435,2.204955099807987,2.204955099807987,-376.00598618227883,70.01064197399437
width080-n96,96,0.02263390483074383,11.825457423506625,0.8,raw_J,297,101-300,538.4285261762479,161.2867910152271,2.2080082067842057,2.2080082067842057,-377.14173516102085,70.04490230845758
width080-n96,96,0.02263390483074383,11.825457423506625,0.8,raw_J,298,101-300,540.2131663762282,161.35695675153443,2.208968772250395,2.208968772250395,-378.85620962469375,70.13087299705717
width080-n96,96,0.02263390483074383,11.825457423506625,0.8,raw_J,299,101-300,540.6313902472951,161.5523096086122,2.2116431432198422,2.2116431432198422,-379.07908063868297,70.11784507467924
width080-n96,96,0.02263390483074383,11.825457423506625,0.8,raw_J,300,101-300,541.8474371212013,162.14698221928376,2.2197841819028463,2.2197841819028463,-379.70045490191757,70.075159332531
width080-n96,96,0.02263390483074383,11.825457423506625,0.8,raw_J,301,301-320,544.3238901010053,162.16242762429778,2.2199956287349982,2.2199956287349982,-382.1614624767075,70.20846768378901
width080-n96,96,0.02263390483074383,11.825457423506625,0.8,raw_J,302,301-320,545.6368332489349,162.43187420358376,2.223684339103705,2.223684339103705,-383.2049590453511,70.23077176876038
width080-n96,96,0.02263390483074383,11.825457423506625,0.8,raw_J,303,301-320,547.0109120581222,162.767175047436,2.2282745911033097,2.2282745911033097,-384.24373701068623,70.24425446376812
width080-n96,96,0.02263390483074383,11.825457423506625,0.8,raw_J,304,301-320,547.9316133644893,163.0245385452226,2.2317978846827935,2.2317978846827935,-384.90707481926665,70.24728368122516
width080-n96,96,0.02263390483074383,11.825457423506625,0.8,raw_J,305,301-320,549.4975675626614,163.3278823880978,2.2359506469166375,2.2359506469166375,-386.1696851745636,70.27686890179493
width080-n96,96,0.02263390483074383,11.825457423506625,0.8,raw_J,306,301-320,550.9700100394839,163.54216308185704,2.2388841390358474,2.2388841390358474,-387.42784695762685,70.31741109282206
width080-n96,96,0.02263390483074383,11.825457423506625,0.8,raw_J,307,301-320,552.0495722005649,164.0385997860679,2.245680333008998,2.245680333008998,-388.01097241449696,70.2855308569153
width080-n96,96,0.02263390483074383,11.825457423506625,0.8,raw_J,308,301-320,553.7649721191589,164.19393342232462,2.247806842821026,2.247806842821026,-389.57103869683425,70.34952702154779
width080-n96,96,0.02263390483074383,11.825457423506625,0.8,raw_J,309,301-320,555.7920205616825,164.50082339170862,2.2520081513517147,2.2520081513517147,-391.2911971699739,70.40244960237746
width080-n96,96,0.02263390483074383,11.825457423506625,0.8,raw_J,310,301-320,556.8994764068553,164.8255501587729,2.2564536447621,2.2564536447621,-392.07392624808244,70.4029978224731
width080-n96,96,0.02263390483074383,11.825457423506625,0.8,raw_J,311,301-320,557.5646591720586,164.8259459508694,2.2564590631363624,2.2564590631363624,-392.7387132211892,70.4382364915984
width080-n96,96,0.02263390483074383,11.825457423506625,0.8,raw_J,312,301-320,559.3162370286822,165.2854826389995,2.2627500977110033,2.2627500977110033,-394.03075438968267,70.44865289141902
width080-n96,96,0.02263390483074383,11.825457423506625,0.8,raw_J,313,301-320,560.2408074972957,165.83066923224334,2.2702136752583892,2.2702136752583892,-394.41013826505235,70.40010884372363
width080-n96,96,0.02263390483074383,11.825457423506625,0.8,raw_J,314,301-320,562.5592076160458,165.83070469300804,2.2702141607145068,2.2702141607145068,-396.72850292303775,70.52208861788114
width080-n96,96,0.02263390483074383,11.825457423506625,0.8,raw_J,315,301-320,564.1608791107861,166.27037342762452,2.276233203986364,2.276233203986364,-397.8905056831616,70.52784416925628
width080-n96,96,0.02263390483074383,11.825457423506625,0.8,raw_J,316,301-320,564.5060559381499,166.53887334185816,2.279908954557239,2.279908954557239,-397.9671825962917,70.49830172944947
width080-n96,96,0.02263390483074383,11.825457423506625,0.8,raw_J,317,301-320,566.698787682808,166.822254415393,2.283788427464311,2.283788427464311,-399.87653326741497,70.56244727511813
width080-n96,96,0.02263390483074383,11.825457423506625,0.8,raw_J,318,301-320,567.7317579011769,166.87249075033844,2.2844761604097066,2.2844761604097066,-400.8592671508385,70.60715937976728
width080-n96,96,0.02263390483074383,11.825457423506625,0.8,raw_J,319,301-320,568.9239551796294,167.59478320626815,2.29436430847411,2.29436430847411,-401.3291719733612,70.54179531720499
width080-n96,96,0.02263390483074383,11.825457423506625,0.8,raw_J,320,301-320,570.0511147824636,168.02874836630394,2.300305270091525,2.300305270091525,-402.0223664161597,70.52391548599547
width125-n96,96,0.02263390483074383,11.825457423506625,1.25,power_3_2,1,1-100,14.1347,14.1347,0.08512021580458697,0.19350334521494975,0.0,0.0
width125-n96,96,0.02263390483074383,11.825457423506625,1.25,power_3_2,2,1-100,21.022,23.033482867319602,0.13870934879392566,0.26796032049189156,2.0114828673196037,9.568465737416059
width125-n96,96,0.02263390483074383,11.825457423506625,1.25,power_3_2,3,1-100,25.0108,24.873923242535195,0.14979261776417804,0.2820505431287736,-0.13687675746480465,0.5472706089561495
width125-n96,96,0.02263390483074383,11.825457423506625,1.25,power_3_2,4,1-100,30.4248,32.624817359525,0.19646907923252724,0.3379580585146278,2.2000173595249954,7.231000235087808
width125-n96,96,0.02263390483074383,11.825457423506625,1.25,power_3_2,5,1-100,32.935,34.69989913527647,0.20896537618712346,0.35214069908267653,1.7648991352764654,5.358734280481145
width125-n96,96,0.02263390483074383,11.825457423506625,1.25,power_3_2,6,1-100,37.5861,37.27365104052424,0.22446470179022485,0.36934484095921943,-0.3124489594757591,0.8312885866736882
width125-n96,96,0.02263390483074383,11.825457423506625,1.25,power_3_2,7,1-100,40.9187,42.71507705644281,0.25723337440157723,0.40446866033632556,1.7963770564428074,4.390112727048531
width125-n96,96,0.02263390483074383,11.825457423506625,1.25,power_3_2,8,1-100,43.327,45.18448776546248,0.27210434955222856,0.4199107464258121,1.85748776546248,4.287136809524038
width125-n96,96,0.02263390483074383,11.825457423506625,1.25,power_3_2,9,1-100,48.0051,48.496970832445996,0.29205236921381866,0.4401903211833146,0.49187083244599705,1.024622034837959
width125-n96,96,0.02263390483074383,11.825457423506625,1.25,power_3_2,10,1-100,49.7738,51.27864607334675,0.30880382462523515,0.4568655876353696,1.504846073346748,3.023369871994398
width125-n96,96,0.02263390483074383,11.825457423506625,1.25,power_3_2,11,1-100,52.9703,53.25959192417578,0.32073322803102144,0.4685572227277358,0.2892919241757781,0.5461398636137196
width125-n96,96,0.02263390483074383,11.825457423506625,1.25,power_3_2,12,1-100,56.4462,56.228151305413256,0.3386101136500771,0.485810186656451,-0.21804869458674148,0.38629472769954665
width125-n96,96,0.02263390483074383,11.825457423506625,1.25,power_3_2,13,1-100,59.347,60.349010580209836,0.36342623502308247,0.5092654146964335,1.0020105802098342,1.6883929772521513
width125-n96,96,0.02263390483074383,11.825457423506625,1.25,power_3_2,14,1-100,60.8317,64.04273282433523,0.3856701053947322,0.5298390756184493,3.211032824335234,5.27855184769657
width125-n96,96,0.02263390483074383,11.825457423506625,1.25,power_3_2,15,1-100,65.1125,64.55106650834367,0.3887313286880131,0.5326390810166353,-0.5614334916563308,0.8622514749953248
width125-n96,96,0.02263390483074383,11.825457423506625,1.25,power_3_2,16,1-100,67.0798,66.90335746800149,0.402896999987811,0.5455015920274628,-0.1764425319985179,0.2630337776775093
width125-n96,96,0.02263390483074383,11.825457423506625,1.25,power_3_2,17,1-100,69.5464,67.84237316489224,0.4085518224292661,0.5505939496639205,-1.7040268351077685,2.4502013549339265
width125-n96,96,0.02263390483074383,11.825457423506625,1.25,power_3_2,18,1-100,72.0671,72.68204517364768,0.43769668760565345,0.5764772503630079,0.6149451736476834,0.8532952951453346
width125-n96,96,0.02263390483074383,11.825457423506625,1.25,power_3_2,19,1-100,75.7046,75.75253315430018,0.45618739483951987,0.5926007369868138,0.04793315430018197,0.06331603931621324
width125-n96,96,0.02263390483074383,11.825457423506625,1.25,power_3_2,20,1-100,77.1448,77.94349774733278,0.4693815467478831,0.6039727452391178,0.7986977473327812,1.035322856929801
width125-n96,96,0.02263390483074383,11.825457423506625,1.25,power_3_2,21,1-100,79.3373,79.71724026457983,0.4800631562514341,0.613101319436993,0.37994026457982955,0.4788923552727778
width125-n96,96,0.02263390483074383,11.825457423506625,1.25,power_3_2,22,1-100,82.9103,82.21450174650093,0.49510185083013797,0.6258395907349001,-0.6957982534990776,0.8392181110176632
width125-n96,96,0.02263390483074383,11.825457423506625,1.25,power_3_2,23,1-100,84.7354,84.26352840646776,0.5074412419375353,0.6361953749692293,-0.4718715935322422,0.5568765752356656
width125-n96,96,0.02263390483074383,11.825457423506625,1.25,power_3_2,24,1-100,87.4252,85.48472406051323,0.5147953730907946,0.6423273629897136,-1.9404759394867739,2.2195842154055967
width125-n96,96,0.02263390483074383,11.825457423506625,1.25,power_3_2,25,1-100,88.8091,87.95153450610218,0.5296506892614625,0.6546256646567928,-0.8575654938978232,0.9656279524258473
width125-n96,96,0.02263390483074383,11.825457423506625,1.25,power_3_2,26,1-100,92.4918,91.9055214200228,0.5534618928527263,0.6741012762429872,-0.5862785799772041,0.633870872852733
width125-n96,96,0.02263390483074383,11.825457423506625,1.25,power_3_2,27,1-100,94.6513,92.3909831558398,0.5563853795710587,0.6764730086158135,-2.260316844160201,2.388046275286447
width125-n96,96,0.02263390483074383,11.825457423506625,1.25,power_3_2,28,1-100,95.8706,97.53389833553005,0.5873563977009036,0.7013494634383941,1.6632983355300581,1.734940988718187
width125-n96,96,0.02263390483074383,11.825457423506625,1.25,power_3_2,29,1-100,98.8311,98.03978277281246,0.5904028714480409,0.7037725237142264,-0.7913172271875482,0.8006763328421399
width125-n96,96,0.02263390483074383,11.825457423506625,1.25,power_3_2,30,1-100,101.3178,100.87431600364401,0.607472641610383,0.7172729987572393,-0.4434839963559938,0.4377157778356752
width125-n96,96,0.02263390483074383,11.825457423506625,1.25,power_3_2,31,1-100,103.7255,101.94256243417064,0.6139057011517178,0.7223279906651124,-1.7829375658293571,1.718899948257041
width125-n96,96,0.02263390483074383,11.825457423506625,1.25,power_3_2,32,1-100,105.4466,103.60761709987106,0.6239327843208585,0.7301720488643951,-1.83898290012894,1.7439944959144627
width125-n96,96,0.02263390483074383,11.825457423506625,1.25,power_3_2,33,1-100,107.1686,105.88773704572209,0.637663836401991,0.7408458602903147,-1.2808629542779073,1.1951849275607849
width125-n96,96,0.02263390483074383,11.825457423506625,1.25,power_3_2,34,1-100,111.0295,106.04294626961433,0.6385985179044332,0.7415696333577112,-4.9865537303856655,4.491197141647639
width125-n96,96,0.02263390483074383,11.825457423506625,1.25,power_3_2,35,1-100,111.8746,111.43850370314955,0.6710909664975099,0.7665154775067132,-0.4360962968504509,0.3898081395155388
width125-n96,96,0.02263390483074383,11.825457423506625,1.25,power_3_2,36,1-100,114.3202,113.05471976246898,0.6808239399427269,0.773908967564327,-1.2654802375310226,1.1069611823028849
width125-n96,96,0.02263390483074383,11.825457423506625,1.25,power_3_2,37,1-100,116.2266,114.75013961114534,0.6910338845046003,0.7816270166654333,-1.4764603888546617,1.2703291577441496
width125-n96,96,0.02263390483074383,11.825457423506625,1.25,power_3_2,38,1-100,118.7907,118.60819283135949,0.7142673682495833,0.7990498476610688,-0.18250716864051242,0.153637590013791
width125-n96,96,0.02263390483074383,11.825457423506625,1.25,power_3_2,39,1-100,121.3701,119.426511538154,0.7191953444301377,0.8027209141711537,-1.9435884618459909,1.6013733710740874
width125-n96,96,0.02263390483074383,11.825457423506625,1.25,power_3_2,40,1-100,122.9468,120.69908115825082,0.7268588534320266,0.8084131880994204,-2.247718841749176,1.8282044280527643
width125-n96,96,0.02263390483074383,11.825457423506625,1.25,power_3_2,41,1-100,124.2568,123.41656009301568,0.7432237139081316,0.8205021160877509,-0.8402399069843227,0.6762124141168312
width125-n96,96,0.02263390483074383,11.825457423506625,1.25,power_3_2,42,1-100,127.5166,124.91057390673454,0.7522207763317265,0.8271105295208208,-2.6060260932654558,2.0436759553387214
width125-n96,96,0.02263390483074383,11.825457423506625,1.25,power_3_2,43,1-100,129.5787,126.0720128526463,0.7592150481393956,0.8322296894392179,-3.506687147353702,2.70622189245123
width125-n96,96,0.02263390483074383,11.825457423506625,1.25,power_3_2,44,1-100,131.0876,128.0655051828866,0.7712200073783496,0.8409797241093875,-3.0220948171134125,2.3054009815676024
width125-n96,96,0.02263390483074383,11.825457423506625,1.25,power_3_2,45,1-100,133.4977,129.65978554095358,0.7808208823973932,0.8479448622423706,-3.8379144590464307,2.874891821392002
width125-n96,96,0.02263390483074383,11.825457423506625,1.25,power_3_2,46,1-100,134.7565,133.48000122358087,0.8038265056738196,0.8645196755155962,-1.2764987764191176,0.9472632313982017
width125-n96,96,0.02263390483074383,11.825457423506625,1.25,power_3_2,47,1-100,138.116,134.4491395150493,0.8096627286226107,0.8686992205622562,-3.6668604849507176,2.654913612434995
width125-n96,96,0.02263390483074383,11.825457423506625,1.25,power_3_2,48,1-100,139.7362,137.8229737367757,0.8299802095059865,0.8831717278924821,-1.9132262632242885,1.3691700956690454
width125-n96,96,0.02263390483074383,11.825457423506625,1.25,power_3_2,49,1-100,141.1237,140.15048172444975,0.8439966359032725,0.8930870877414976,-0.9732182755502663,0.689620719659608
width125-n96,96,0.02263390483074383,11.825457423506625,1.25,power_3_2,50,1-100,143.1118,142.74601451892912,0.8596271276430312,0.9040797493486394,-0.3657854810708727,0.25559421450283815
width125-n96,96,0.02263390483074383,11.825457423506625,1.25,power_3_2,51,1-100,146.0009,143.45952146855888,0.863923919618139,0.9070899022124099,-2.5413785314411257,1.7406594969216804
width125-n96,96,0.02263390483074383,11.825457423506625,1.25,power_3_2,52,1-100,147.4427,143.94913784877522,0.86687242591438,0.9091526156723474,-3.493562151224779,2.3694371787988007
width125-n96,96,0.02263390483074383,11.825457423506625,1.25,power_3_2,53,1-100,150.0515,146.75207367741967,0.8837519141681541,0.9209164803096627,-3.299426322580331,2.1988626055589786
width125-n96,96,0.02263390483074383,11.825457423506625,1.25,power_3_2,54,1-100,150.9252,148.29363897843984,0.8930353351887421,0.9273544538638608,-2.6315610215601453,1.7436193700986617
width125-n96,96,0.02263390483074383,11.825457423506625,1.25,power_3_2,55,1-100,153.0246,149.5548146104208,0.9006302287458536,0.9326048715125884,-3.4697853895791866,2.2674690145108607
width125-n96,96,0.02263390483074383,11.825457423506625,1.25,power_3_2,56,1-100,156.1129,150.53065423808798,0.9065068076401842,0.9366572806738919,-5.58224576191202,3.5757748154777858
width125-n96,96,0.02263390483074383,11.825457423506625,1.25,power_3_2,57,1-100,157.5975,155.02654039459838,0.9335813688176426,0.9552156972664757,-2.5709596054016117,1.6313454245160055
width125-n96,96,0.02263390483074383,11.825457423506625,1.25,power_3_2,58,1-100,158.8499,156.54176952537918,0.942706191460179,0.96142978622077,-2.3081304746208104,1.4530260797273467
width125-n96,96,0.02263390483074383,11.825457423506625,1.25,power_3_2,59,1-100,161.1889,157.33721595282324,0.9474964290715203,0.9646839535617993,-3.8516840471767466,2.3895467040079974
width125-n96,96,0.02263390483074383,11.825457423506625,1.25,power_3_2,60,1-100,163.0306,159.493801534846,0.9604835480158798,0.9734790737211215,-3.5367984651539928,2.1694077462476327
width125-n96,96,0.02263390483074383,11.825457423506625,1.25,power_3_2,61,1-100,165.5373,163.06046684283308,0.9819622720580309,0.9879384040674373,-2.476833157166908,1.4962387070266991
width125-n96,96,0.02263390483074383,11.825457423506625,1.25,power_3_2,62,1-100,167.1844,164.3674597507546,0.9898330806621997,0.993210516429052,-2.8169402492454196,1.6849300827382336
width125-n96,96,0.02263390483074383,11.825457423506625,1.25,power_3_2,63,1-100,169.0945,167.57464870176872,1.0091470113177077,1.0060887487138093,-1.5198512982312877,0.8988177014812946
width125-n96,96,0.02263390483074383,11.825457423506625,1.25,power_3_2,64,1-100,169.9119,168.45120216146,1.0144256815160972,1.0095941457673252,-1.4606978385399998,0.8596795389493024
width125-n96,96,0.02263390483074383,11.825457423506625,1.25,power_3_2,65,1-100,173.4115,168.96656801520484,1.017529253059114,1.0116522903727898,-4.444931984795147,2.563227920175506
width125-n96,96,0.02263390483074383,11.825457423506625,1.25,power_3_2,66,1-100,174.7541,172.16123864724213,1.0367677974656873,1.0243640602909854,-2.592861352757865,1.483719897134239
width125-n96,96,0.02263390483074383,11.825457423506625,1.25,power_3_2,67,1-100,176.4414,173.2392370912101,1.0432595843580557,1.0286356902473959,-3.2021629087898873,1.8148591593525598
width125-n96,96,0.02263390483074383,11.825457423506625,1.25,power_3_2,68,1-100,178.3774,174.46521462615397,1.0506425123541219,1.0334829428041288,-3.912185373846029,2.193206860199795
width125-n96,96,0.02263390483074383,11.825457423506625,1.25,power_3_2,69,1-100,179.9164,174.92707632364113,1.0534238778844818,1.0353060983272553,-4.989323676358879,2.7731344537567884
width125-n96,96,0.02263390483074383,11.825457423506625,1.25,power_3_2,70,1-100,182.207,176.4373823392613,1.0625190531609685,1.041256721147494,-5.769617660738703,3.1665181144186025
width125-n96,96,0.02263390483074383,11.825457423506625,1.25,power_3_2,71,1-100,184.8744,181.6958656194161,1.0941860309964788,1.0618441466026556,-3.1785343805838977,1.719293953399658
width125-n96,96,0.02263390483074383,11.825457423506625,1.25,power_3_2,72,1-100,185.9589,181.7627692962829,1.09458892991991,1.0621047906496353,-4.1961307037171025,2.2564828592323907
width125-n96,96,0.02263390483074383,11.825457423506625,1.25,power_3_2,73,1-100,187.2289,183.10826679303932,1.102691616024917,1.0673398268387952,-4.12063320696069,2.200853183969296
width125-n96,96,0.02263390483074383,11.825457423506625,1.25,power_3_2,74,1-100,189.4161,185.98022292686073,1.1199867496954006,1.0784712938305603,-3.4358770731392667,1.813930850196613
width125-n96,96,0.02263390483074383,11.825457423506625,1.25,power_3_2,75,1-100,192.0266,189.03956051462683,1.138410308433098,1.0902661949377195,-2.987039485373174,1.5555342256610145
width125-n96,96,0.02263390483074383,11.825457423506625,1.25,power_3_2,76,1-100,193.0797,190.9745058027218,1.1500626930251103,1.0976932923391634,-2.1051941972781947,1.0903239425367839
width125-n96,96,0.02263390483074383,11.825457423506625,1.25,power_3_2,77,1-100,195.2658,193.20399334133666,1.1634888329800108,1.106219932475803,-2.0618066586633574,1.0558974785463493
width125-n96,96,0.02263390483074383,11.825457423506625,1.25,power_3_2,78,1-100,196.8764,193.30241625473857,1.1640815430926335,1.106595591193431,-3.5739837452614154,1.8153439138776488
width125-n96,96,0.02263390483074383,11.825457423506625,1.25,power_3_2,79,1-100,198.0153,195.26718932640733,1.1759135528181661,1.1140814178147365,-2.748110673592663,1.3878274424211983
width125-n96,96,0.02263390483074383,11.825457423506625,1.25,power_3_2,80,1-100,201.2647,195.6241060044326,1.1780629316276046,1.1154385777255407,-5.6405939955674,2.802574915306758
width125-n96,96,0.02263390483074383,11.825457423506625,1.25,power_3_2,81,1-100,202.4935,199.569627718706,1.201823157156313,1.130386716278121,-2.923872281294024,1.4439338948134255
width125-n96,96,0.02263390483074383,11.825457423506625,1.25,power_3_2,82,1-100,204.1896,200.05874929298028,1.2047686836943297,1.1322329254928833,-4.130850707019732,2.0230465738802232
width125-n96,96,0.02263390483074383,11.825457423506625,1.25,power_3_2,83,1-100,205.3946,202.12323909455483,1.217201194991803,1.14000891269565,-3.271360905445164,1.5927200157380788
width125-n96,96,0.02263390483074383,11.825457423506625,1.25,power_3_2,84,1-100,207.9062,202.25725670089972,1.2180082589955448,1.140512778184752,-5.648943299100296,2.717063415665476
width125-n96,96,0.02263390483074383,11.825457423506625,1.25,power_3_2,85,1-100,209.5765,205.15073976360665,1.235433029434573,1.1513644221783552,-4.425760236393359,2.111763597728447
width125-n96,96,0.02263390483074383,11.825457423506625,1.25,power_3_2,86,1-100,211.3289,208.11118275910778,1.253261037574416,1.1624145179805483,-3.2177172408922274,1.5226110772791734
width125-n96,96,0.02263390483074383,11.825457423506625,1.25,power_3_2,87,1-100,213.3479,209.27514702051283,1.2602705170200088,1.1667447381213791,-4.072752979487177,1.9089726120984443
width125-n96,96,0.02263390483074383,11.825457423506625,1.25,power_3_2,88,1-100,214.547,209.77604164167843,1.2632869417229717,1.1686057117048867,-4.770958358321565,2.22373575874823
width125-n96,96,0.02263390483074383,11.825457423506625,1.25,power_3_2,89,1-100,216.1695,211.31529170241868,1.2725564201942117,1.1743152412966442,-4.854208297581323,2.2455565181865724
width125-n96,96,0.02263390483074383,11.825457423506625,1.25,power_3_2,90,1-100,219.0675,214.93478674788892,1.294353288848945,1.1876866850605565,-4.132713252111074,1.8865022205991642
width125-n96,96,0.02263390483074383,11.825457423506625,1.25,power_3_2,91,1-100,220.7149,216.59423932521787,1.3043466358248073,1.1937920477821897,-4.12066067478213,1.8669608054472668
width125-n96,96,0.02263390483074383,11.825457423506625,1.25,power_3_2,92,1-100,221.3952,220.42002499297033,1.3273858019663725,1.2078085844384254,-0.9751750070296623,0.440467998867935
width125-n96,96,0.02263390483074383,11.825457423506625,1.25,power_3_2,93,1-100,224.007,221.72110436896264,1.3352209988409696,1.2125568308918357,-2.285895631037363,1.0204572317103318
width125-n96,96,0.02263390483074383,11.825457423506625,1.25,power_3_2,94,1-100,224.9833,222.06041271800862,1.3372643389822594,1.2137935972064782,-2.922887281991393,1.2991574405706525
width125-n96,96,0.02263390483074383,11.825457423506625,1.25,power_3_2,95,1-100,227.4214,223.20241998045046,1.344141591745279,1.2179515518640969,-4.218980019549548,1.8551376517555287
width125-n96,96,0.02263390483074383,11.825457423506625,1.25,power_3_2,96,1-100,229.3374,224.05109450918954,1.3492523729457382,1.2210369142670077,-5.286305490810463,2.305034194514485
width125-n96,96,0.02263390483074383,11.825457423506625,1.25,power_3_2,97,1-100,231.2882,228.21119301157856,1.374304795868877,1.2361050329037346,-3.077006988421431,1.3303778525758907
width125-n96,96,0.02263390483074383,11.825457423506625,1.25,power_3_2,98,1-100,231.9872,229.06220861315975,1.3794296751842967,1.239176141262024,-2.9249913868402473,1.2608417131808338
width125-n96,96,0.02263390483074383,11.825457423506625,1.25,power_3_2,99,1-100,233.6934,229.74746247194665,1.383556324942754,1.2416462924016929,-3.9459375280533493,1.6885104705795497
width125-n96,96,0.02263390483074383,11.825457423506625,1.25,power_3_2,100,1-100,236.5242,230.59944973817824,1.3886870556950441,1.244714049402607,-5.924750261821771,2.5049234969706147
width125-n96,96,0.02263390483074383,11.825457423506625,1.25,power_3_2,101,101-300,237.7698204809252,232.42531149869555,1.3996825311621268,1.2512757509732342,-5.344508982229655,2.247765915547895
width125-n96,96,0.02263390483074383,11.825457423506625,1.25,power_3_2,102,101-300,239.55547757332764,236.40413776381436,1.4236433191757296,1.2655154830682582,-3.1513398095132743,1.3154947828519818
width125-n96,96,0.02263390483074383,11.825457423506625,1.25,power_3_2,103,101-300,241.04915779621658,236.43813894911128,1.4238480768451591,1.265636823288037,-4.611018847105299,1.912895647203822
width125-n96,96,0.02263390483074383,11.825457423506625,1.25,power_3_2,104,101-300,242.8232719342226,238.02357540824832,1.4333956932463707,1.271288339300158,-4.799696525974269,1.9766213047629306
width125-n96,96,0.02263390483074383,11.825457423506625,1.25,power_3_2,105,101-300,244.07089849707816,239.23897612185945,1.4407149268368697,1.2756123165075959,-4.83192237521871,1.9797208126705668
width125-n96,96,0.02263390483074383,11.825457423506625,1.25,power_3_2,106,101-300,247.1369900748975,241.53173293794882,1.4545220790914608,1.283749277074971,-5.605257136948694,2.26807696219411
width125-n96,96,0.02263390483074383,11.825457423506625,1.25,power_3_2,107,101-300,248.10199006014847,245.038694340096,1.4756412617673664,1.2961458100673342,-3.06329572005248,1.2346921196842604
width125-n96,96,0.02263390483074383,11.825457423506625,1.25,power_3_2,108,101-300,249.5736896447072,247.0551612897615,1.4877845758750832,1.3032469023117779,-2.5185283549457154,1.0091321559300137
width125-n96,96,0.02263390483074383,11.825457423506625,1.25,power_3_2,109,101-300,251.014947795016,248.57789329603236,1.49695458139245,1.308596484272659,-2.437054498983656,0.9708802286044754
width125-n96,96,0.02263390483074383,11.825457423506625,1.25,power_3_2,110,101-300,253.06998674799948,250.63140734376972,1.5093209958831117,1.3157935171474509,-2.438579404229756,0.9635988192697186
width125-n96,96,0.02263390483074383,11.825457423506625,1.25,power_3_2,111,101-300,255.30625645491403,251.37285720039927,1.5137860621246726,1.3183872716832465,-3.933399254514768,1.5406591711196036
width125-n96,96,0.02263390483074383,11.825457423506625,1.25,power_3_2,112,101-300,256.38071369443446,253.01763645422523,1.5236910452538914,1.3241319866312082,-3.363077240209236,1.3117512591908516
width125-n96,96,0.02263390483074383,11.825457423506625,1.25,power_3_2,113,101-300,258.6104394915314,253.27471973212772,1.525239219894656,1.3250287741048985,-5.335719759403673,2.0632267474950097
width125-n96,96,0.02263390483074383,11.825457423506625,1.25,power_3_2,114,101-300,259.874406989678,254.7366494057814,1.534043069237941,1.3301226898476357,-5.137757583896587,1.9770156066582787
width125-n96,96,0.02263390483074383,11.825457423506625,1.25,power_3_2,115,101-300,260.8050845045969,258.93599688389793,1.5593318524152087,1.3447009144048683,-1.8690876206989628,0.7166607293141245
width125-n96,96,0.02263390483074383,11.825457423506625,1.25,power_3_2,116,101-300,263.57389390487015,259.47260715675196,1.5625633594318624,1.34655808202604,-4.101286748118184,1.5560291982476961
width125-n96,96,0.02263390483074383,11.825457423506625,1.25,power_3_2,117,101-300,265.55785183887633,261.40484630785113,1.574199447465399,1.3532348397964216,-4.153005531025201,1.5638797731896783
width125-n96,96,0.02263390483074383,11.825457423506625,1.25,power_3_2,118,101-300,266.6149737815011,263.16954863574017,1.5848266162755453,1.359318322531131,-3.4454251457609075,1.2922849369235114
width125-n96,96,0.02263390483074383,11.825457423506625,1.25,power_3_2,119,101-300,267.92191508282406,264.43459334566796,1.5924448097081265,1.363670963187716,-3.487321737156094,1.301618695909232
width125-n96,96,0.02263390483074383,11.825457423506625,1.25,power_3_2,120,101-300,269.9704490239976,265.7090271892569,1.6001195452026864,1.368048896299911,-4.261421834740702,1.5784771444973613
width125-n96,96,0.02263390483074383,11.825457423506625,1.25,power_3_2,121,101-300,271.494055641645,267.3326898031887,1.6098973623542157,1.373616374299694,-4.161365838456277,1.5327649913444208
width125-n96,96,0.02263390483074383,11.825457423506625,1.25,power_3_2,122,101-300,273.4596091884033,268.6919989397401,1.6180832231824185,1.3782687309287567,-4.767610248663232,1.743442208088043
width125-n96,96,0.02263390483074383,11.825457423506625,1.25,power_3_2,123,101-300,275.58749264934386,270.24418505334074,1.6274306035271424,1.3835716430841711,-5.343307596003115,1.938878845565721
width125-n96,96,0.02263390483074383,11.825457423506625,1.25,power_3_2,124,101-300,276.4520495031329,270.90349353757813,1.63140100830829,1.3858210408818146,-5.548555965554783,2.0070590815033564
width125-n96,96,0.02263390483074383,11.825457423506625,1.25,power_3_2,125,101-300,278.25074352984194,274.27220250755437,1.6516876245440233,1.3972858997339792,-3.9785410222875726,1.429840212398527
width125-n96,96,0.02263390483074383,11.825457423506625,1.25,power_3_2,126,101-300,279.22925092774517,276.0757040077552,1.6625484448586385,1.4034045256297132,-3.153546919989992,1.129375561303934
width125-n96,96,0.02263390483074383,11.825457423506625,1.25,power_3_2,127,101-300,282.4651147650521,279.6012820444469,1.6837797382938802,1.4153271989225238,-2.86383272060516,1.0138712962792695
width125-n96,96,0.02263390483074383,11.825457423506625,1.25,power_3_2,128,101-300,283.2111857332339,279.8757964213092,1.6854328843104196,1.4162534324324987,-3.3353893119247005,1.1777039467171384
width125-n96,96,0.02263390483074383,11.825457423506625,1.25,power_3_2,129,101-300,284.83596398090475,282.6163469062251,1.7019366833793352,1.4254837342811457,-2.219617074679661,0.7792615243026204
width125-n96,96,0.02263390483074383,11.825457423506625,1.25,power_3_2,130,101-300,286.6674453630029,283.64093855292555,1.7081068505621353,1.4289269360168249,-3.0265068100773647,1.055755321726519
width125-n96,96,0.02263390483074383,11.825457423506625,1.25,power_3_2,131,101-300,287.9119205014222,285.4904741919472,1.7192448918882193,1.4351319344811055,-2.421446309474959,0.8410371843089415
width125-n96,96,0.02263390483074383,11.825457423506625,1.25,power_3_2,132,101-300,289.5798549292188,285.5068735663578,1.7193436501419417,1.4351868926267846,-4.0729813628610145,1.4065140559782938
width125-n96,96,0.02263390483074383,11.825457423506625,1.25,power_3_2,133,101-300,291.8462913290674,287.73587003491593,1.7327668328363977,1.4426470243895,-4.110421294151479,1.4084199170161213
width125-n96,96,0.02263390483074383,11.825457423506625,1.25,power_3_2,134,101-300,293.5584341393563,290.00415399162557,1.7464266077096673,1.4502188961828322,-3.554280147730708,1.2107572920365972
width125-n96,96,0.02263390483074383,11.825457423506625,1.25,power_3_2,135,101-300,294.9653696192655,290.8424111608741,1.7514746547956461,1.4530121239774292,-4.122958458391395,1.3977771233664529
width125-n96,96,0.02263390483074383,11.825457423506625,1.25,power_3_2,136,101-300,295.57325487895827,292.6238962643409,1.7622028907298892,1.4589394669059625,-2.949358614617381,0.9978435348709708
width125-n96,96,0.02263390483074383,11.825457423506625,1.25,power_3_2,137,101-300,297.97927706194344,294.4264654135304,1.773058096357296,1.4649247303457031,-3.5528116484130123,1.192301586688681
width125-n96,96,0.02263390483074383,11.825457423506625,1.25,power_3_2,138,101-300,299.8403260537213,296.46657355008745,1.7853437794526874,1.4716840050988151,-3.3737525036338525,1.1251830426002771
width125-n96,96,0.02263390483074383,11.825457423506625,1.25,power_3_2,139,101-300,301.64932546219416,298.06716443805936,1.7949826569526712,1.476976225124104,-3.582161024134791,1.1875249575466877
width125-n96,96,0.02263390483074383,11.825457423506625,1.25,power_3_2,140,101-300,302.6967495896069,298.91716898446634,1.8001014476185533,1.4797828421519987,-3.779580605140552,1.2486360062553918
width125-n96,96,0.02263390483074383,11.825457423506625,1.25,power_3_2,141,101-300,304.8643713408573,299.85757451742364,1.8057646397562819,1.4828848549401052,-5.00679682343366,1.6423030350882657
width125-n96,96,0.02263390483074383,11.825457423506625,1.25,power_3_2,142,101-300,305.7289126020368,302.3109089174287,1.8205388021770794,1.4909621775415307,-3.4180036846080952,1.117985098470966
width125-n96,96,0.02263390483074383,11.825457423506625,1.25,power_3_2,143,101-300,307.2194961281701,303.01630828402557,1.82478676968351,1.4932805748390126,-4.203187844144509,1.3681383822044173
width125-n96,96,0.02263390483074383,11.825457423506625,1.25,power_3_2,144,101-300,310.1094631467019,304.8671739342259,1.8359328204359382,1.499355177828389,-5.24228921247601,1.6904641216950116
width125-n96,96,0.02263390483074383,11.825457423506625,1.25,power_3_2,145,101-300,311.165141530356,308.9990761747395,1.8608154433707003,1.5128720558984436,-2.1660653556164675,0.6961143992426141
width125-n96,96,0.02263390483074383,11.825457423506625,1.25,power_3_2,146,101-300,312.4278011806009,310.34619141259384,1.8689278716330477,1.517265887887015,-2.0816097680070698,0.6662690580483207
width125-n96,96,0.02263390483074383,11.825457423506625,1.25,power_3_2,147,101-300,313.9852857311589,311.2230244412615,1.8742082254166286,1.5201224036092826,-2.762261289897424,0.879742273102101
width125-n96,96,0.02263390483074383,11.825457423506625,1.25,power_3_2,148,101-300,315.47561608947575,311.82811401105556,1.877852119858108,1.5220920788203065,-3.647502078420189,1.1561914431401499
width125-n96,96,0.02263390483074383,11.825457423506625,1.25,power_3_2,149,101-300,317.7348059423702,314.24210705798595,1.892389365721514,1.529937416309736,-3.4926988843842537,1.0992496947337111
width125-n96,96,0.02263390483074383,11.825457423506625,1.25,power_3_2,150,101-300,318.8531042563166,315.9744993418865,1.9028219610411046,1.5355552130639396,-2.8786049144301273,0.9027997143525068
width125-n96,96,0.02263390483074383,11.825457423506625,1.25,power_3_2,151,101-300,321.1601343091136,317.4233485069262,1.9115470385876019,1.540245657209327,-3.7367858021873985,1.1635272884120722
width125-n96,96,0.02263390483074383,11.825457423506625,1.25,power_3_2,152,101-300,322.14455867248296,318.9605560812442,1.9208042170535327,1.5452143536095158,-3.184002591238766,0.988376958580222
width125-n96,96,0.02263390483074383,11.825457423506625,1.25,power_3_2,153,101-300,323.4669695575121,320.5154182030856,1.9301677125191257,1.5502320011314306,-2.951551354426499,0.9124738017189469
width125-n96,96,0.02263390483074383,11.825457423506625,1.25,power_3_2,154,101-300,324.8628660517396,322.7870279746607,1.9438475156971404,1.5575480828596258,-2.075838077078913,0.6389890301430459
width125-n96,96,0.02263390483074383,11.825457423506625,1.25,power_3_2,155,101-300,327.44390126190547,325.01257111442476,1.9572499021884793,1.5646991741965377,-2.4313301474807076,0.7425180735114721
width125-n96,96,0.02263390483074383,11.825457423506625,1.25,power_3_2,156,101-300,329.03307168048093,326.68591218521397,1.9673268867060325,1.570065189817035,-2.3471594952669648,0.7133506316794368
width125-n96,96,0.02263390483074383,11.825457423506625,1.25,power_3_2,157,101-300,329.9532397282339,326.9738730330928,1.969061008372196,1.570987688343015,-2.9793666951410955,0.9029663408048523
width125-n96,96,0.02263390483074383,11.825457423506625,1.25,power_3_2,158,101-300,331.4744675826634,327.14620549848496,1.9700988073098677,1.5715396354100235,-4.328262084178448,1.305760324691995
width125-n96,96,0.02263390483074383,11.825457423506625,1.25,power_3_2,159,101-300,333.64537852486984,331.8193084588191,1.9982405812746988,1.5864699477061703,-1.826070066050761,0.5473086647039069
width125-n96,96,0.02263390483074383,11.825457423506625,1.25,power_3_2,160,101-300,334.2113548332444,332.04819969822455,1.9996189813605854,1.587199435769891,-2.1631551350198492,0.6472416642154964
width125-n96,96,0.02263390483074383,11.825457423506625,1.25,power_3_2,161,101-300,336.84185042839067,333.9380356605223,2.010999714234014,1.5932160491290348,-2.9038147678683686,0.8620706614024767
width125-n96,96,0.02263390483074383,11.825457423506625,1.25,power_3_2,162,101-300,338.3399928508066,335.73506507156833,2.021821559145857,1.5989266781990843,-2.604927779238267,0.7699142384231615
width125-n96,96,0.02263390483074383,11.825457423506625,1.25,power_3_2,163,101-300,339.85821672536355,336.1597350247046,2.0243789532226106,1.6002747114571998,-3.698481700658931,1.0882425431095701
width125-n96,96,0.02263390483074383,11.825457423506625,1.25,power_3_2,164,101-300,341.04226111104657,337.3829847350698,2.0317454540559625,1.6041545143775482,-3.6592763759767877,1.072968600447231
width125-n96,96,0.02263390483074383,11.825457423506625,1.25,power_3_2,165,101-300,342.0548775103636,337.56222022932417,2.0328248235474105,1.6047226046261656,-4.492657281039442,1.3134317258502834
width125-n96,96,0.02263390483074383,11.825457423506625,1.25,power_3_2,166,101-300,344.6617029402523,341.2305869293764,2.054916000944795,1.6163275764787428,-3.4311160108759395,0.9955025410730733
width125-n96,96,0.02263390483074383,11.825457423506625,1.25,power_3_2,167,101-300,346.34787056600993,343.56666983356934,2.0689840661278063,1.623696161657999,-2.7812007324405954,0.8030078914287797
width125-n96,96,0.02263390483074383,11.825457423506625,1.25,power_3_2,168,101-300,347.2726775844205,344.4616570611975,2.074373745849205,1.626514745376803,-2.8110205232229646,0.8094562874269363
width125-n96,96,0.02263390483074383,11.825457423506625,1.25,power_3_2,169,101-300,349.31626087069617,346.1713320672577,2.084669536030218,1.631892250177593,-3.144928803438461,0.9003098783891414
width125-n96,96,0.02263390483074383,11.825457423506625,1.25,power_3_2,170,101-300,350.4084193491921,347.99030220665963,2.0956235096418245,1.6376038145367613,-2.4181171425324806,0.69008534299022
width125-n96,96,0.02263390483074383,11.825457423506625,1.25,power_3_2,171,101-300,351.87864902535927,351.48447753060145,2.116665693602786,1.6485476854498102,-0.39417149475781343,0.11201915656138779
width125-n96,96,0.02263390483074383,11.825457423506625,1.25,power_3_2,172,101-300,353.4889004887188,352.04284574823123,2.1200282285828744,1.6502931453429812,-1.4460547404875683,0.4090806637742555
width125-n96,96,0.02263390483074383,11.825457423506625,1.25,power_3_2,173,101-300,356.0175749772649,353.13280354490666,2.1265920355876866,1.6536976986883705,-2.8847714323582636,0.810289051753269
width125-n96,96,0.02263390483074383,11.825457423506625,1.25,power_3_2,174,101-300,357.1513022520396,354.4918760558818,2.134776471439051,1.6579379465448274,-2.659426196157824,0.7446217273711864
width125-n96,96,0.02263390483074383,11.825457423506625,1.25,power_3_2,175,101-300,357.95268510163226,356.9819650056379,2.1497719724950235,1.6656928863200366,-0.970720095994352,0.27118670606388634
width125-n96,96,0.02263390483074383,11.825457423506625,1.25,power_3_2,176,101-300,359.74375495311443,357.62976486399947,2.153673071474268,1.667707384974299,-2.1139900891149637,0.58763774492499
width125-n96,96,0.02263390483074383,11.825457423506625,1.25,power_3_2,177,101-300,361.28936169580464,359.87393003998665,2.1671876012542532,1.6746768039413762,-1.4154316558179971,0.3917723038326687
width125-n96,96,0.02263390483074383,11.825457423506625,1.25,power_3_2,178,101-300,363.33133057897385,360.7971883130565,2.1727475313162334,1.6775398414748155,-2.534142265917353,0.6974741930125211
width125-n96,96,0.02263390483074383,11.825457423506625,1.25,power_3_2,179,101-300,364.736024114089,361.29056900333353,2.1757187065679338,1.679068820951576,-3.4454551107554607,0.9446434908984276
width125-n96,96,0.02263390483074383,11.825457423506625,1.25,power_3_2,180,101-300,366.2127102883313,363.78083767876194,2.190715289945287,1.6867755332321162,-2.431872609569382,0.6640601326083654
width125-n96,96,0.02263390483074383,11.825457423506625,1.25,power_3_2,181,101-300,367.9935754817403,363.80838331300566,2.190881171805623,1.6868606810477365,-4.185192168734659,1.137300335544126
width125-n96,96,0.02263390483074383,11.825457423506625,1.25,power_3_2,182,101-300,368.96843809573437,367.6909934948208,2.214262539401765,1.6988410316719726,-1.2774446009135545,0.34622056225364795
width125-n96,96,0.02263390483074383,11.825457423506625,1.25,power_3_2,183,101-300,370.050919212106,368.4583537333539,2.2188836398923164,1.7012038309885837,-1.5925654787521353,0.43036387590738767
width125-n96,96,0.02263390483074383,11.825457423506625,1.25,power_3_2,184,101-300,373.06192837211285,372.30698602632407,2.2420603901119973,1.713029613567394,-0.754942345788777,0.20236381371935525
width125-n96,96,0.02263390483074383,11.825457423506625,1.25,power_3_2,185,101-300,373.86487391090856,372.76266213615975,2.2448045055729704,1.7144270759773004,-1.1022117747488096,0.2948155474513674
width125-n96,96,0.02263390483074383,11.825457423506625,1.25,power_3_2,186,101-300,375.82591276673935,374.3013494459603,2.2540705951161506,1.7191417035298082,-1.524563320779066,0.40565678655726534
width125-n96,96,0.02263390483074383,11.825457423506625,1.25,power_3_2,187,101-300,376.32409223066804,374.4699563588188,2.255085958499078,1.7196579318195453,-1.8541358718492233,0.4926965639799457
width125-n96,96,0.02263390483074383,11.825457423506625,1.25,power_3_2,188,101-300,378.4366802499655,375.4285592350996,2.2608587363931916,1.722591440891744,-3.0081210148658784,0.7948809330213314
width125-n96,96,0.02263390483074383,11.825457423506625,1.25,power_3_2,189,101-300,379.87297534653237,377.8050945337454,2.2751704089074964,1.729853350480013,-2.0678808127869956,0.5443611277955764
width125-n96,96,0.02263390483074383,11.825457423506625,1.25,power_3_2,190,101-300,381.4844686171865,380.61569540080075,2.2920960565932846,1.7384219996405779,-0.8687732163857618,0.22773488512780363
width125-n96,96,0.02263390483074383,11.825457423506625,1.25,power_3_2,191,101-300,383.44352944953647,381.5395124433281,2.2976593516065416,1.741233820811723,-1.9040170062083916,0.49655734416532177
width125-n96,96,0.02263390483074383,11.825457423506625,1.25,power_3_2,192,101-300,384.95611681486366,382.3697467582529,2.302659084466438,1.7437588686635903,-2.586370056610747,0.671861010551134
width125-n96,96,0.02263390483074383,11.825457423506625,1.25,power_3_2,193,101-300,385.86130084597426,383.492482124365,2.309420280434863,1.7471706150621868,-2.368818721609273,0.6139041972894927
width125-n96,96,0.02263390483074383,11.825457423506625,1.25,power_3_2,194,101-300,387.222890222388,384.3587938802189,2.3146372743301944,1.7498008711349122,-2.8640963421690913,0.7396505770937759
width125-n96,96,0.02263390483074383,11.825457423506625,1.25,power_3_2,195,101-300,388.84612835423223,388.231244533137,2.3379574604868867,1.7615341615180737,-0.6148838210952476,0.1581303698966237
width125-n96,96,0.02263390483074383,11.825457423506625,1.25,power_3_2,196,101-300,391.45608356363806,389.4563773721661,2.345335301661262,1.7652381050068962,-1.9997061914719438,0.5108379395378221
width125-n96,96,0.02263390483074383,11.825457423506625,1.25,power_3_2,197,101-300,392.2450833395191,391.9330641509989,2.3602500938460707,1.772714031963025,-0.31201918852019617,0.07954699797986223
width125-n96,96,0.02263390483074383,11.825457423506625,1.25,power_3_2,198,101-300,393.427743844434,392.60389994685903,2.3642899169560803,1.7747362497926942,-0.8238438975749887,0.2094015763923213
width125-n96,96,0.02263390483074383,11.825457423506625,1.25,power_3_2,199,101-300,395.5828700109937,395.06369610893347,2.379102992589173,1.7821414122978998,-0.5191739020602313,0.13124276641347055
width125-n96,96,0.02263390483074383,11.825457423506625,1.25,power_3_2,200,101-300,396.3818542225922,396.18020740703287,2.385826706756611,1.785497571449308,-0.20164681555934294,0.050871858388882286
width125-n96,96,0.02263390483074383,11.825457423506625,1.25,power_3_2,201,101-300,397.9187362096142,397.2497915754144,2.3922678222549094,1.7887097151962674,-0.6689446341998178,0.1681108661964169
width125-n96,96,0.02263390483074383,11.825457423506625,1.25,power_3_2,202,101-300,399.9851198761949,397.81120103407994,2.3956486718149534,1.7903945697364194,-2.173918842114972,0.543499928894318
width125-n96,96,0.02263390483074383,11.825457423506625,1.25,power_3_2,203,101-300,401.8392286005332,400.4228983592616,2.411376507562137,1.798222181006543,-1.4163302412716234,0.3524619152301807
width125-n96,96,0.02263390483074383,11.825457423506625,1.25,power_3_2,204,101-300,402.86191776388614,400.62002700592075,2.4125636309496086,1.798812310471345,-2.2418907579653933,0.5564911100084039
width125-n96,96,0.02263390483074383,11.825457423506625,1.25,power_3_2,205,101-300,404.236441800208,402.6457424393724,2.4247626401152846,1.8048709489868553,-1.5906993608356288,0.39350716470580466
width125-n96,96,0.02263390483074383,11.825457423506625,1.25,power_3_2,206,101-300,405.13438745990993,406.4387174195606,2.4476042178534065,1.8161879725038885,1.3043299596506586,0.32194995044199465
width125-n96,96,0.02263390483074383,11.825457423506625,1.25,power_3_2,207,101-300,407.5814603868962,407.68472541128284,2.4551077707515674,1.8198979701693356,0.1032650243866442,0.02533604553274332
width125-n96,96,0.02263390483074383,11.825457423506625,1.25,power_3_2,208,101-300,408.9472455023511,408.5229715971923,2.46015575169506,1.8223917276240318,-0.42427390515882735,0.10374783296012886
width125-n96,96,0.02263390483074383,11.825457423506625,1.25,power_3_2,209,101-300,410.51386919336665,410.029947600527,2.4692308733896255,1.8268706514727964,-0.48392159283963565,0.1178819107355643
width125-n96,96,0.02263390483074383,11.825457423506625,1.25,power_3_2,210,101-300,411.9722678042788,410.0509645877372,2.469357439251434,1.8269330777896104,-1.9213032165415598,0.4663671238798868
width125-n96,96,0.02263390483074383,11.825457423506625,1.25,power_3_2,211,101-300,413.26273607018504,413.33331200609575,2.4891239797932423,1.836669521443879,0.07057593591071054,0.017077740079309865
width125-n96,96,0.02263390483074383,11.825457423506625,1.25,power_3_2,212,101-300,415.01880975515513,413.8095356868383,2.4919918342560936,1.8380800015932865,-1.2092740683168586,0.29137813513326855
width125-n96,96,0.02263390483074383,11.825457423506625,1.25,power_3_2,213,101-300,415.4552149962946,414.55611711923274,2.4964878032289843,1.8402901393124336,-0.8990978770618767,0.21641270697971515
width125-n96,96,0.02263390483074383,11.825457423506625,1.25,power_3_2,214,101-300,418.3877057895348,416.9937952040196,2.511167682153841,1.8474972856787473,-1.3939105855151865,0.33316241520164974
width125-n96,96,0.02263390483074383,11.825457423506625,1.25,power_3_2,215,101-300,419.8613648181523,419.21353713533244,2.5245351333359554,1.8540478825819575,-0.6478276828198659,0.15429561686402105
width125-n96,96,0.02263390483074383,11.825457423506625,1.25,power_3_2,216,101-300,420.6438276250418,420.574092917218,2.5327285015551806,1.8580572522355256,-0.06973470782378399,0.016578088930368162
width125-n96,96,0.02263390483074383,11.825457423506625,1.25,power_3_2,217,101-300,422.07671005882673,420.74159685446756,2.533737222736868,1.8585505640443014,-1.3351132043591747,0.31632003674713394
width125-n96,96,0.02263390483074383,11.825457423506625,1.25,power_3_2,218,101-300,423.7165796274818,424.01293451025526,2.5534374616687394,1.8681718214050609,0.2963548827734712,0.0699417716989071
width125-n96,96,0.02263390483074383,11.825457423506625,1.25,power_3_2,219,101-300,425.06988249446135,425.981749926653,2.565293814695204,1.8739503321344204,0.9118674321916274,0.21452176918309637
width125-n96,96,0.02263390483074383,11.825457423506625,1.25,power_3_2,220,101-300,427.2088250840746,426.90086411619063,2.5708287887776042,1.8766449007126638,-0.30796096788395744,0.07208675238002182
width125-n96,96,0.02263390483074383,11.825457423506625,1.25,power_3_2,221,101-300,428.12791407661666,428.16794145969084,2.578459222880899,1.8803564251843619,0.040027383074175305,0.009349398102318577
width125-n96,96,0.02263390483074383,11.825457423506625,1.25,power_3_2,222,101-300,430.3287454309386,429.43791629567414,2.5861071058996608,1.8840727650714528,-0.8908291352644824,0.20701130117914635
width125-n96,96,0.02263390483074383,11.825457423506625,1.25,power_3_2,223,101-300,431.3013069307036,431.6064406327201,2.5991661209156747,1.8904100828210078,0.3051337020164624,0.0707472240666054
width125-n96,96,0.02263390483074383,11.825457423506625,1.25,power_3_2,224,101-300,432.1386417345886,433.6493437226633,2.6114686354284564,1.8963705814742724,1.5107019880746861,0.3495873412316899
width125-n96,96,0.02263390483074383,11.825457423506625,1.25,power_3_2,225,101-300,433.88921848092724,434.1260223964825,2.614339229893492,1.8977600203507747,0.23680391555524238,0.05457704535372126
width125-n96,96,0.02263390483074383,11.825457423506625,1.25,power_3_2,226,101-300,436.16100643264696,437.15009810872164,2.63255043899133,1.9065628831009651,0.9890916760746791,0.2267721464063104
width125-n96,96,0.02263390483074383,11.825457423506625,1.25,power_3_2,227,101-300,437.5816981676686,437.70996394594596,2.635921992748123,1.9081903816270873,0.12826577827735264,0.029312418415681753
width125-n96,96,0.02263390483074383,11.825457423506625,1.25,power_3_2,228,101-300,438.6217386562722,438.6564623685679,2.641621876721061,1.9109402221538805,0.034723712295658515,0.007916550694006961
width125-n96,96,0.02263390483074383,11.825457423506625,1.25,power_3_2,229,101-300,439.91844221437066,439.6994368047697,2.6479027464309355,1.9139680628484053,-0.2190054096009817,0.04978318446905691
width125-n96,96,0.02263390483074383,11.825457423506625,1.25,power_3_2,230,101-300,441.68319920118904,440.31310212893743,2.651598284703764,1.9157484650906067,-1.3700970722516104,0.3101990464499248
width125-n96,96,0.02263390483074383,11.825457423506625,1.25,power_3_2,231,101-300,442.90454630260945,442.0042026105424,2.6617822177155332,1.920650511505325,-0.9003436920670538,0.20328165506160875
width125-n96,96,0.02263390483074383,11.825457423506625,1.25,power_3_2,232,101-300,444.31933627755916,445.37214665857095,2.682064227534346,1.9303946968204437,1.0528103810117955,0.23694903531142333
width125-n96,96,0.02263390483074383,11.825457423506625,1.25,power_3_2,233,101-300,446.8606226964295,446.6949655211249,2.6900303412156386,1.9342151723902796,-0.16565717530460233,0.03707132982651281
width125-n96,96,0.02263390483074383,11.825457423506625,1.25,power_3_2,234,101-300,447.4417041944933,449.5676741815198,2.7073300066571773,1.9424989729886715,2.125969987026508,0.4751389884082854
width125-n96,96,0.02263390483074383,11.825457423506625,1.25,power_3_2,235,101-300,449.1485456850233,451.0910210787729,2.7165037150938214,1.946884565826491,1.9424753937495893,0.43247950202911245
width125-n96,96,0.02263390483074383,11.825457423506625,1.25,power_3_2,236,101-300,450.1269457803135,452.5507065860334,2.7252940498999965,1.9510822533604684,2.423760805719894,0.5384616114279063
width125-n96,96,0.02263390483074383,11.825457423506625,1.25,power_3_2,237,101-300,451.4033084453888,453.5841009776911,2.731517227868341,1.954051306867079,2.1807925323022914,0.48311398953030177
width125-n96,96,0.02263390483074383,11.825457423506625,1.25,power_3_2,238,101-300,453.9867378066779,455.3759985795083,2.7423081686429165,1.9591942832112492,1.3892607728303688,0.30601351474323474
width125-n96,96,0.02263390483074383,11.825457423506625,1.25,power_3_2,239,101-300,454.9746837686168,455.6438717841021,2.7439213210255846,1.9599625336426594,0.6691880154853038,0.1470824727965805
width125-n96,96,0.02263390483074383,11.825457423506625,1.25,power_3_2,240,101-300,456.32842668924604,457.1867550092939,2.7532126786836595,1.9643845386990857,0.8583283200478604,0.18809442275494515
width125-n96,96,0.02263390483074383,11.825457423506625,1.25,power_3_2,241,101-300,457.903893064103,459.0729712520579,2.764571613336549,1.9697838069387914,1.1690781879549377,0.255310820821363
width125-n96,96,0.02263390483074383,11.825457423506625,1.25,power_3_2,242,101-300,459.513415281106,460.71583092855684,2.7744650366281816,1.97448044781291,1.2024156474508345,0.2616715002140384
width125-n96,96,0.02263390483074383,11.825457423506625,1.25,power_3_2,243,101-300,460.08794442217584,460.9199236645983,2.7756940982804275,1.975063522155277,0.8319792424224488,0.1808304808915024
width125-n96,96,0.02263390483074383,11.825457423506625,1.25,power_3_2,244,101-300,462.06536727488253,462.73984153706857,2.7866537792111368,1.9802590625548995,0.6744742621860382,0.14596944717235077
width125-n96,96,0.02263390483074383,11.825457423506625,1.25,power_3_2,245,101-300,464.05728691054827,463.461969089785,2.7910024850998827,1.9823187194500123,-0.5953178207632845,0.12828541595081946
width125-n96,96,0.02263390483074383,11.825457423506625,1.25,power_3_2,246,101-300,465.6715392113711,466.2156204264769,2.807585178473623,1.9901629063193509,0.5440812151057912,0.11683797898132432
width125-n96,96,0.02263390483074383,11.825457423506625,1.25,power_3_2,247,101-300,466.5702869308262,467.9946638170048,2.818298710230749,1.9952225654870621,1.4243768861785497,0.3052866687135883
width125-n96,96,0.02263390483074383,11.825457423506625,1.25,power_3_2,248,101-300,467.43904621026167,470.6099858271192,2.834048374100476,2.00264900539794,3.170939616857538,0.6783643006646043
width125-n96,96,0.02263390483074383,11.825457423506625,1.25,power_3_2,249,101-300,469.53600455911203,472.1839566057811,2.8435269433201844,2.0071118042608034,2.6479520466690474,0.5639507984388628
width125-n96,96,0.02263390483074383,11.825457423506625,1.25,power_3_2,250,101-300,470.77365547810166,472.86166493146953,2.8476081533165174,2.009031834488844,2.0880094533678744,0.4435272511685819
width125-n96,96,0.02263390483074383,11.825457423506625,1.25,power_3_2,251,101-300,472.7991746619088,474.6535445999356,2.858398986095118,2.0141040346106465,1.8543699380268208,0.39221090843757317
width125-n96,96,0.02263390483074383,11.825457423506625,1.25,power_3_2,252,101-300,473.8352323451397,476.0406745640186,2.8667523860181268,2.0180261444982017,2.205442218878943,0.46544496236879823
width125-n96,96,0.02263390483074383,11.825457423506625,1.25,power_3_2,253,101-300,475.6003393693758,476.89233566878323,2.8718811526017785,2.0204323286871766,1.291996299407458,0.27165588256740647
width125-n96,96,0.02263390483074383,11.825457423506625,1.25,power_3_2,254,101-300,476.7690152374845,477.8537777413481,2.877671028347308,2.02314695471692,1.084762503863601,0.2275236999877745
width125-n96,96,0.02263390483074383,11.825457423506625,1.25,power_3_2,255,101-300,478.07526376667096,479.28832310564735,2.886309967340751,2.0271940028730677,1.213059338976393,0.25373815190079313
width125-n96,96,0.02263390483074383,11.825457423506625,1.25,power_3_2,256,101-300,478.9421815346348,482.06234832670185,2.9030153537630685,2.0350084732372506,3.120166792067039,0.6514704514163582
width125-n96,96,0.02263390483074383,11.825457423506625,1.25,power_3_2,257,101-300,481.8303393762866,482.74332021000015,2.9071162171463163,2.0369244874863113,0.9129808337135614,0.1894818069977463
width125-n96,96,0.02263390483074383,11.825457423506625,1.25,power_3_2,258,101-300,482.8347827909824,485.0015253106098,2.9207152963977268,2.0432718420232105,2.1667425196274053,0.4487544387549604
width125-n96,96,0.02263390483074383,11.825457423506625,1.25,power_3_2,259,101-300,483.8514272124825,487.23231949462496,2.9341493050685155,2.0495324846581067,3.3808922821424403,0.6987459562990453
width125-n96,96,0.02263390483074383,11.825457423506625,1.25,power_3_2,260,101-300,485.539148129356,488.47039152043965,2.941605066989106,2.0530029651863093,2.931243391083626,0.6037089701987721
width125-n96,96,0.02263390483074383,11.825457423506625,1.25,power_3_2,261,101-300,486.52871826165125,489.364855798185,2.9469915974673735,2.05550844332907,2.8361375365337267,0.5829332226609643
width125-n96,96,0.02263390483074383,11.825457423506625,1.25,power_3_2,262,101-300,488.38056709001745,491.4184866185768,2.959358715171655,2.0612550875100837,3.037919528559371,0.6220393957647842
width125-n96,96,0.02263390483074383,11.825457423506625,1.25,power_3_2,263,101-300,489.66176157795616,491.92752737292534,2.962424196495169,2.062678289673249,2.265765794969184,0.4627205905700408
width125-n96,96,0.02263390483074383,11.825457423506625,1.25,power_3_2,264,101-300,491.398821593663,492.95318801130634,2.9686008012254614,2.0655443940297715,1.5543664176433367,0.3163146408455656
width125-n96,96,0.02263390483074383,11.825457423506625,1.25,power_3_2,265,101-300,493.3144415817853,495.15220872905786,2.981843467716704,2.071682643616163,1.8377671472725865,0.37253463356553856
width125-n96,96,0.02263390483074383,11.825457423506625,1.25,power_3_2,266,101-300,493.9579978053695,498.7237868981588,3.0033517773742724,2.0816328631158925,4.765789092789305,0.9648166674015738
width125-n96,96,0.02263390483074383,11.825457423506625,1.25,power_3_2,267,101-300,495.3588288221313,499.56575291582607,3.0084221594215714,2.083975069890348,4.206924093694795,0.8492680152078963
width125-n96,96,0.02263390483074383,11.825457423506625,1.25,power_3_2,268,101-300,496.4296962157591,499.69990331645926,3.0092300231224045,2.0843481319990946,3.2702071007001337,0.6587452615402828
width125-n96,96,0.02263390483074383,11.825457423506625,1.25,power_3_2,269,101-300,498.58078242968656,500.1865551975244,3.012160676984034,2.0857011939194994,1.6057727678378342,0.3220687247536044
width125-n96,96,0.02263390483074383,11.825457423506625,1.25,power_3_2,270,101-300,500.3090849416905,503.99022688785874,3.035066671107083,2.096261655815615,3.681141946168225,0.7357735561802262
width125-n96,96,0.02263390483074383,11.825457423506625,1.25,power_3_2,271,101-300,501.6044469651455,504.2728849382353,3.036768858931865,2.0970453613050766,2.6684379730897945,0.5319805255385254
width125-n96,96,0.02263390483074383,11.825457423506625,1.25,power_3_2,272,101-300,502.27627032711825,507.6416827239685,3.0570560100227007,2.1063745419682802,5.365412396850218,1.0682193672728908
width125-n96,96,0.02263390483074383,11.825457423506625,1.25,power_3_2,273,101-300,504.49977331342774,508.5157364529831,3.062319626656837,2.108791675499009,4.015963139555367,0.7960287302369892
width125-n96,96,0.02263390483074383,11.825457423506625,1.25,power_3_2,274,101-300,505.41523174224443,508.98438476778017,3.065141861701937,2.110087118761505,3.5691530255357407,0.7061823232418853
width125-n96,96,0.02263390483074383,11.825457423506625,1.25,power_3_2,275,101-300,506.46415270952355,509.98005427066613,3.071137857581277,2.1128380414154684,3.5159015611425843,0.6942054126304745
width125-n96,96,0.02263390483074383,11.825457423506625,1.25,power_3_2,276,101-300,508.8007003364678,510.3778273373681,3.073533276605305,2.1139365430074597,1.5771270009003047,0.30996950276549484
width125-n96,96,0.02263390483074383,11.825457423506625,1.25,power_3_2,277,101-300,510.26422794367284,513.2994384651187,3.0911274363463117,2.1219962231347815,3.0352105214458334,0.594831139481893
width125-n96,96,0.02263390483074383,11.825457423506625,1.25,power_3_2,278,101-300,511.5622897003746,515.3491847051147,3.1034711608182213,2.1276416141764867,3.7868950047400745,0.7402607817237826
width125-n96,96,0.02263390483074383,11.825457423506625,1.25,power_3_2,279,101-300,512.6231445314074,516.0347948555445,3.10759995619148,2.129528243639623,3.4116503241370992,0.6655279537282137
width125-n96,96,0.02263390483074383,11.825457423506625,1.25,power_3_2,280,101-300,513.6689855554737,518.1692964634994,3.1204540837997317,2.1353965218175057,4.500310908025767,0.8761110821513198
width125-n96,96,0.02263390483074383,11.825457423506625,1.25,power_3_2,281,101-300,515.4350571672994,519.6800823928982,3.1295521491527256,2.139545180533564,4.245025225598738,0.823581005321664
width125-n96,96,0.02263390483074383,11.825457423506625,1.25,power_3_2,282,101-300,517.5896685724674,520.9534255516086,3.1372203164617396,2.143038693762645,3.363756979141158,0.6498887407120261
width125-n96,96,0.02263390483074383,11.825457423506625,1.25,power_3_2,283,101-300,518.2342231475501,522.8681277514668,3.1487507956691823,2.1482864712379492,4.633904603916676,0.8941718622464122
width125-n96,96,0.02263390483074383,11.825457423506625,1.25,power_3_2,284,101-300,520.1063104117233,523.1737576118431,3.150591321444159,2.1491235421440074,3.0674472001198865,0.5897731172866665
width125-n96,96,0.02263390483074383,11.825457423506625,1.25,power_3_2,285,101-300,521.525193449492,524.5893275175886,3.159115988813367,2.152998436222885,3.064134068096564,0.5875332786570963
width125-n96,96,0.02263390483074383,11.825457423506625,1.25,power_3_2,286,101-300,522.4566961777302,527.5153470845511,3.1767366965035397,2.1609969134274762,5.058650906820844,0.9682430991562951
width125-n96,96,0.02263390483074383,11.825457423506625,1.25,power_3_2,287,101-300,523.9605308920159,527.6134392332696,3.1773274147266113,2.161264798539276,3.652908341253692,0.697172425379981
width125-n96,96,0.02263390483074383,11.825457423506625,1.25,power_3_2,288,101-300,525.0773856872796,529.2255245020805,3.1870355122438268,2.1656649534397623,4.148138814800859,0.7900052312044089
width125-n96,96,0.02263390483074383,11.825457423506625,1.25,power_3_2,289,101-300,527.9036416012724,532.2470589669041,3.2052314177605186,2.173900157642477,4.343417365631694,0.8227670778055162
width125-n96,96,0.02263390483074383,11.825457423506625,1.25,power_3_2,290,101-300,528.4062138522927,533.3889021666473,3.2121076825257524,2.177008196005682,4.982688314354618,0.9429655033821096
width125-n96,96,0.02263390483074383,11.825457423506625,1.25,power_3_2,291,101-300,529.8062263187069,533.9495453383133,3.215483917448431,2.178533425920471,4.1433190196064515,0.7820442293394307
width125-n96,96,0.02263390483074383,11.825457423506625,1.25,power_3_2,292,101-300,530.866917883961,535.0973046819012,3.222395809672385,2.1816542415662363,4.2303867979401275,0.7968827318911633
width125-n96,96,0.02263390483074383,11.825457423506625,1.25,power_3_2,293,101-300,532.6881830282937,537.9815501254528,3.2397649504810686,2.1894868194479638,5.293367097159148,0.9937083768344063
width125-n96,96,0.02263390483074383,11.825457423506625,1.25,power_3_2,294,101-300,533.7796307537687,539.9143641411398,3.251404500391955,2.1947278180964704,6.134733387371057,1.149300766443258
width125-n96,96,0.02263390483074383,11.825457423506625,1.25,power_3_2,295,101-300,535.6643140758732,540.6883893848035,3.256065738039649,2.1968249026335345,5.024075308930264,0.9379148800677131
width125-n96,96,0.02263390483074383,11.825457423506625,1.25,power_3_2,296,101-300,537.0697590831223,543.692823346642,3.274158663054139,2.2049554241088494,6.623064263519609,1.233185103333021
width125-n96,96,0.02263390483074383,11.825457423506625,1.25,power_3_2,297,101-300,538.4285261762479,544.822492902477,3.2809616172293645,2.2080086300447173,6.3939667262291096,1.1875237687789453
width125-n96,96,0.02263390483074383,11.825457423506625,1.25,power_3_2,298,101-300,540.2131663762282,545.1779684865486,3.2831023176637157,2.2089689524008347,4.96480211032042,0.9190450028503588
width125-n96,96,0.02263390483074383,11.825457423506625,1.25,power_3_2,299,101-300,540.6313902472951,546.1683686718065,3.289066581319971,2.211643432440491,5.536978424511403,1.0241688744670714
width125-n96,96,0.02263390483074383,11.825457423506625,1.25,power_3_2,300,101-300,541.8474371212013,549.1868214710024,3.307243928816806,2.219784520701308,7.339384349801094,1.3545112234533663
width125-n96,96,0.02263390483074383,11.825457423506625,1.25,power_3_2,301,301-320,544.3238901010053,549.2653615679096,3.3077169031281137,2.2199961523104754,4.941471466904318,0.9078182230780599
width125-n96,96,0.02263390483074383,11.825457423506625,1.25,power_3_2,302,301-320,545.6368332489349,550.6348341552159,3.3159639690134872,2.223684669288423,4.9980009062810495,0.9159940461718832
width125-n96,96,0.02263390483074383,11.825457423506625,1.25,power_3_2,303,301-320,547.0109120581222,552.3406963089819,3.3262367979140963,2.2282749390089176,5.329784250859689,0.9743469706676302
width125-n96,96,0.02263390483074383,11.825457423506625,1.25,power_3_2,304,301-320,547.9316133644893,553.651248517363,3.3341290408906414,2.2317982680519974,5.719635152873707,1.0438593089661632
width125-n96,96,0.02263390483074383,11.825457423506625,1.25,power_3_2,305,301-320,549.4975675626614,555.1972585997011,3.3434392287152632,2.2359510372917892,5.699691037039656,1.0372550077557345
width125-n96,96,0.02263390483074383,11.825457423506625,1.25,power_3_2,306,301-320,550.9700100394839,556.2902018995537,3.350021014642495,2.2388844891186235,5.320191860069826,0.9656046178790326
width125-n96,96,0.02263390483074383,11.825457423506625,1.25,power_3_2,307,301-320,552.0495722005649,558.8251430700856,3.3652866191114685,2.245680868397267,6.77557086952072,1.2273482691983848
width125-n96,96,0.02263390483074383,11.825457423506625,1.25,power_3_2,308,301-320,553.7649721191589,559.6190135329251,3.3700673661466216,2.2478071839292046,5.854041413766254,1.05713465251583
width125-n96,96,0.02263390483074383,11.825457423506625,1.25,power_3_2,309,301-320,555.7920205616825,561.1887567095719,3.3795204764322277,2.252008652404949,5.396736147889328,0.9709992134171691
width125-n96,96,0.02263390483074383,11.825457423506625,1.25,power_3_2,310,301-320,556.8994764068553,562.8511432520548,3.389531491964697,2.256453815113325,5.951666845199497,1.068714749670796
width125-n96,96,0.02263390483074383,11.825457423506625,1.25,power_3_2,311,301-320,557.5646591720586,562.8533605384424,3.389544844628412,2.2564597411337344,5.288701366383862,0.9485359732514582
width125-n96,96,0.02263390483074383,11.825457423506625,1.25,power_3_2,312,301-320,559.3162370286822,565.2088145832927,3.403729564262747,2.2627506479175477,5.8925775546105115,1.0535323604968643
width125-n96,96,0.02263390483074383,11.825457423506625,1.25,power_3_2,313,301-320,560.2408074972957,568.0076687660976,3.4205844725413748,2.2702144307512127,7.766861268801904,1.3863433660782367
width125-n96,96,0.02263390483074383,11.825457423506625,1.25,power_3_2,314,301-320,562.5592076160458,568.0077668730122,3.42058506334852,2.2702146921605086,5.448559256966405,0.9685308111933206
width125-n96,96,0.02263390483074383,11.825457423506625,1.25,power_3_2,315,301-320,564.1608791107861,570.2682790437203,3.4341980359478375,2.276233917437361,6.107399932934186,1.0825635309134676
width125-n96,96,0.02263390483074383,11.825457423506625,1.25,power_3_2,316,301-320,564.5060559381499,571.6500714014577,3.4425192924080195,2.279909396638248,7.144015463307824,1.265533892534637
width125-n96,96,0.02263390483074383,11.825457423506625,1.25,power_3_2,317,301-320,566.698787682808,573.109861924013,3.451310259624118,2.2837891305282856,6.411074241205029,1.1313019156824857
width125-n96,96,0.02263390483074383,11.825457423506625,1.25,power_3_2,318,301-320,567.7317579011769,573.3687580540012,3.4528693513951194,2.2844768633111574,5.637000152824271,0.9928985078557969
width125-n96,96,0.02263390483074383,11.825457423506625,1.25,power_3_2,319,301-320,568.9239551796294,577.095585530426,3.4753125839405397,2.2943653854890633,8.17163035079659,1.4363308622180477
width125-n96,96,0.02263390483074383,11.825457423506625,1.25,power_3_2,320,301-320,570.0511147824636,579.3385773065564,3.4888200474192215,2.300306532760262,9.287462524092803,1.6292332886037733
width125-n96,96,0.02263390483074383,11.825457423506625,1.25,raw_J,1,1-100,14.1347,14.1347,0.19350334521494975,0.19350334521494975,0.0,0.0
width125-n96,96,0.02263390483074383,11.825457423506625,1.25,raw_J,2,1-100,21.022,19.573505242761666,0.26796032049189156,0.26796032049189156,-1.4484947572383327,6.890375593370435
width125-n96,96,0.02263390483074383,11.825457423506625,1.25,raw_J,3,1-100,25.0108,20.60274362458035,0.2820505431287736,0.2820505431287736,-4.408056375419651,17.624611669437407
width125-n96,96,0.02263390483074383,11.825457423506625,1.25,raw_J,4,1-100,30.4248,24.6865797817621,0.3379580585146278,0.3379580585146278,-5.7382202182379025,18.860338336613232
width125-n96,96,0.02263390483074383,11.825457423506625,1.25,raw_J,5,1-100,32.935,25.72256894987964,0.35214069908267653,0.35214069908267653,-7.212431050120362,21.89898603346094
width125-n96,96,0.02263390483074383,11.825457423506625,1.25,raw_J,6,1-100,37.5861,26.97926755585074,0.36934484095921943,0.36934484095921943,-10.606832444149262,28.220093183781405
width125-n96,96,0.02263390483074383,11.825457423506625,1.25,raw_J,7,1-100,40.9187,29.54493198505269,0.40446866033632556,0.40446866033632556,-11.373768014947313,27.796015061444557
width125-n96,96,0.02263390483074383,11.825457423506625,1.25,raw_J,8,1-100,43.327,30.672918966397145,0.4199107464258121,0.4199107464258121,-12.654081033602854,29.20599403051874
width125-n96,96,0.02263390483074383,11.825457423506625,1.25,raw_J,9,1-100,48.0051,32.1542665110944,0.4401903211833146,0.4401903211833146,-15.8508334889056,33.019061493269675
width125-n96,96,0.02263390483074383,11.825457423506625,1.25,raw_J,10,1-100,49.7738,33.3723327334537,0.4568655876353696,0.4568655876353696,-16.401467266546298,32.95200942372553
width125-n96,96,0.02263390483074383,11.825457423506625,1.25,raw_J,11,1-100,52.9703,34.22636321213351,0.4685572227277358,0.4685572227277358,-18.743936787866488,35.38574783957517
width125-n96,96,0.02263390483074383,11.825457423506625,1.25,raw_J,12,1-100,56.4462,35.48662808751495,0.485810186656451,0.485810186656451,-20.959571912485046,37.1319449537525
width125-n96,96,0.02263390483074383,11.825457423506625,1.25,raw_J,13,1-100,59.347,37.19994529869011,0.5092654146964335,0.5092654146964335,-22.14705470130989,37.31790099130519
width125-n96,96,0.02263390483074383,11.825457423506625,1.25,raw_J,14,1-100,60.8317,38.70277474441046,0.5298390756184493,0.5298390756184493,-22.128925255589536,36.377292194019795
width125-n96,96,0.02263390483074383,11.825457423506625,1.25,raw_J,15,1-100,65.1125,38.907304729449095,0.5326390810166353,0.5326390810166353,-26.205195270550902,40.24602844392537
width125-n96,96,0.02263390483074383,11.825457423506625,1.25,raw_J,16,1-100,67.0798,39.8468633411247,0.5455015920274628,0.5455015920274628,-27.232936658875303,40.59782029593902
width125-n96,96,0.02263390483074383,11.825457423506625,1.25,raw_J,17,1-100,69.5464,40.2188411351214,0.5505939496639205,0.5505939496639205,-29.327558864878604,42.169772791803176
width125-n96,96,0.02263390483074383,11.825457423506625,1.25,raw_J,18,1-100,72.0671,42.1095200274423,0.5764772503630079,0.5764772503630079,-29.957579972557696,41.569009953998005
width125-n96,96,0.02263390483074383,11.825457423506625,1.25,raw_J,19,1-100,75.7046,43.28728078464446,0.5926007369868138,0.5926007369868138,-32.41731921535554,42.82080509685745
width125-n96,96,0.02263390483074383,11.825457423506625,1.25,raw_J,20,1-100,77.1448,44.11796371090232,0.6039727452391178,0.6039727452391178,-33.02683628909768,42.81148734470461
width125-n96,96,0.02263390483074383,11.825457423506625,1.25,raw_J,21,1-100,79.3373,44.78477211967364,0.613101319436993,0.613101319436993,-34.55252788032636,43.55142900038993
width125-n96,96,0.02263390483074383,11.825457423506625,1.25,raw_J,22,1-100,82.9103,45.71525548219392,0.6258395907349001,0.6258395907349001,-37.19504451780609,44.861789811164705
width125-n96,96,0.02263390483074383,11.825457423506625,1.25,raw_J,23,1-100,84.7354,46.47170702185269,0.6361953749692293,0.6361953749692293,-38.26369297814731,45.15667947297978
width125-n96,96,0.02263390483074383,11.825457423506625,1.25,raw_J,24,1-100,87.4252,46.91962595047307,0.6423273629897136,0.6423273629897136,-40.505574049526935,46.331691605540435
width125-n96,96,0.02263390483074383,11.825457423506625,1.25,raw_J,25,1-100,88.8091,47.81797116709228,0.6546256646567928,0.6546256646567928,-40.99112883290772,46.15645112145908
width125-n96,96,0.02263390483074383,11.825457423506625,1.25,raw_J,26,1-100,92.4918,49.24059219093861,0.6741012762429872,0.6741012762429872,-43.25120780906139,46.762207902821
width125-n96,96,0.02263390483074383,11.825457423506625,1.25,raw_J,27,1-100,94.6513,49.41383842362232,0.6764730086158135,0.6764730086158135,-45.23746157637768,47.79380904052842
width125-n96,96,0.02263390483074383,11.825457423506625,1.25,raw_J,28,1-100,95.8706,51.23097096771421,0.7013494634383941,0.7013494634383941,-44.63962903228579,46.56237577764799
width125-n96,96,0.02263390483074383,11.825457423506625,1.25,raw_J,29,1-100,98.8311,51.407966512895925,0.7037725237142264,0.7037725237142264,-47.42313348710408,47.9840186814718
width125-n96,96,0.02263390483074383,11.825457423506625,1.25,raw_J,30,1-100,101.3178,52.39412602542786,0.7172729987572393,0.7172729987572393,-48.92367397457215,48.28734336372498
width125-n96,96,0.02263390483074383,11.825457423506625,1.25,raw_J,31,1-100,103.7255,52.76337439186228,0.7223279906651124,0.7223279906651124,-50.96212560813772,49.131723258155155
width125-n96,96,0.02263390483074383,11.825457423506625,1.25,raw_J,32,1-100,105.4466,53.33635368225252,0.7301720488643951,0.7301720488643951,-52.11024631774748,49.41861218640286
width125-n96,96,0.02263390483074383,11.825457423506625,1.25,raw_J,33,1-100,107.1686,54.11603592595923,0.7408458602903147,0.7408458602903147,-53.05256407404077,49.50383234831916
width125-n96,96,0.02263390483074383,11.825457423506625,1.25,raw_J,34,1-100,111.0295,54.16890485783411,0.7415696333577112,0.7415696333577112,-56.86059514216589,51.21215095282415
width125-n96,96,0.02263390483074383,11.825457423506625,1.25,raw_J,35,1-100,111.8746,55.99110603425934,0.7665154775067132,0.7665154775067132,-55.88349396574066,49.951905048814176
width125-n96,96,0.02263390483074383,11.825457423506625,1.25,raw_J,36,1-100,114.3202,56.5311729969326,0.773908967564327,0.773908967564327,-57.7890270030674,50.5501451213936
width125-n96,96,0.02263390483074383,11.825457423506625,1.25,raw_J,37,1-100,116.2266,57.09494779115243,0.7816270166654333,0.7816270166654333,-59.131652208847576,50.87617826628979
width125-n96,96,0.02263390483074383,11.825457423506625,1.25,raw_J,38,1-100,118.7907,58.36762082427467,0.7990498476610688,0.7990498476610688,-60.423079175725334,50.86515962590113
width125-n96,96,0.02263390483074383,11.825457423506625,1.25,raw_J,39,1-100,121.3701,58.6357785852811,0.8027209141711537,0.8027209141711537,-62.73432141471889,51.68844832023611
width125-n96,96,0.02263390483074383,11.825457423506625,1.25,raw_J,40,1-100,122.9468,59.051578034145905,0.8084131880994204,0.8084131880994204,-63.89522196585409,51.96981293197879
width125-n96,96,0.02263390483074383,11.825457423506625,1.25,raw_J,41,1-100,124.2568,59.93462928190001,0.8205021160877509,0.8205021160877509,-64.32217071809998,51.765513612212764
width125-n96,96,0.02263390483074383,11.825457423506625,1.25,raw_J,42,1-100,127.5166,60.417349315750855,0.8271105295208208,0.8271105295208208,-67.09925068424914,52.62001236250743
width125-n96,96,0.02263390483074383,11.825457423506625,1.25,raw_J,43,1-100,129.5787,60.791284916803086,0.8322296894392179,0.8322296894392179,-68.78741508319692,53.085433858494426
width125-n96,96,0.02263390483074383,11.825457423506625,1.25,raw_J,44,1-100,131.0876,61.43044242033388,0.8409797241093875,0.8409797241093875,-69.65715757966612,53.137869317667054
width125-n96,96,0.02263390483074383,11.825457423506625,1.25,raw_J,45,1-100,133.4977,61.9392198673538,0.8479448622423706,0.8479448622423706,-71.55848013264621,53.60278127087299
width125-n96,96,0.02263390483074383,11.825457423506625,1.25,raw_J,46,1-100,134.7565,63.149948358444306,0.8645196755155962,0.8645196755155962,-71.60655164155568,53.13773483398254
width125-n96,96,0.02263390483074383,11.825457423506625,1.25,raw_J,47,1-100,138.116,63.455248586227974,0.8686992205622562,0.8686992205622562,-74.66075141377203,54.05655493481713
width125-n96,96,0.02263390483074383,11.825457423506625,1.25,raw_J,48,1-100,139.7362,64.51241144371402,0.8831717278924821,0.8831717278924821,-75.22378855628598,53.832713753691586
width125-n96,96,0.02263390483074383,11.825457423506625,1.25,raw_J,49,1-100,141.1237,65.23669161934713,0.8930870877414976,0.8930870877414976,-75.88700838065289,53.77339765089271
width125-n96,96,0.02263390483074383,11.825457423506625,1.25,raw_J,50,1-100,143.1118,66.03966468343482,0.9040797493486394,0.9040797493486394,-77.07213531656517,53.85449370112399
width125-n96,96,0.02263390483074383,11.825457423506625,1.25,raw_J,51,1-100,146.0009,66.25954515959029,0.9070899022124099,0.9070899022124099,-79.74135484040971,54.61702964872799
width125-n96,96,0.02263390483074383,11.825457423506625,1.25,raw_J,52,1-100,147.4427,66.41021870949605,0.9091526156723474,0.9091526156723474,-81.03248129050395,54.95862547993489
width125-n96,96,0.02263390483074383,11.825457423506625,1.25,raw_J,53,1-100,150.0515,67.26952528791386,0.9209164803096627,0.9209164803096627,-82.78197471208614,55.169041770382925
width125-n96,96,0.02263390483074383,11.825457423506625,1.25,raw_J,54,1-100,150.9252,67.73979532224035,0.9273544538638608,0.9273544538638608,-83.18540467775964,55.11697495034603
width125-n96,96,0.02263390483074383,11.825457423506625,1.25,raw_J,55,1-100,153.0246,68.12331881252955,0.9326048715125884,0.9326048715125884,-84.90128118747045,55.48211280243206
width125-n96,96,0.02263390483074383,11.825457423506625,1.25,raw_J,56,1-100,156.1129,68.41933223652822,0.9366572806738919,0.9366572806738919,-87.69356776347178,56.17317195662356
width125-n96,96,0.02263390483074383,11.825457423506625,1.25,raw_J,57,1-100,157.5975,69.774955575855,0.9552156972664757,0.9552156972664757,-87.822544424145,55.72584871215914
width125-n96,96,0.02263390483074383,11.825457423506625,1.25,raw_J,58,1-100,158.8499,70.22887167247181,0.96142978622077,0.96142978622077,-88.62102832752818,55.789162176072
width125-n96,96,0.02263390483074383,11.825457423506625,1.25,raw_J,59,1-100,161.1889,70.4665764990429,0.9646839535617993,0.9646839535617993,-90.72232350095709,56.28323259291247
width125-n96,96,0.02263390483074383,11.825457423506625,1.25,raw_J,60,1-100,163.0306,71.10902732994651,0.9734790737211215,0.9734790737211215,-91.92157267005348,56.3830180776207
width125-n96,96,0.02263390483074383,11.825457423506625,1.25,raw_J,61,1-100,165.5373,72.16522765774467,0.9879384040674373,0.9879384040674373,-93.37207234225532,56.40545807032937
width125-n96,96,0.02263390483074383,11.825457423506625,1.25,raw_J,62,1-100,167.1844,72.550335866158,0.993210516429052,0.993210516429052,-94.63406413384202,56.604601944823806
width125-n96,96,0.02263390483074383,11.825457423506625,1.25,raw_J,63,1-100,169.0945,73.49104285844878,1.0060887487138093,1.0060887487138093,-95.60345714155123,56.53847827194333
width125-n96,96,0.02263390483074383,11.825457423506625,1.25,raw_J,64,1-100,169.9119,73.74709908154556,1.0095941457673252,1.0095941457673252,-96.16480091845445,56.59686044264966
width125-n96,96,0.02263390483074383,11.825457423506625,1.25,raw_J,65,1-100,173.4115,73.89743889361725,1.0116522903727898,1.0116522903727898,-99.51406110638274,57.38607941594574
width125-n96,96,0.02263390483074383,11.825457423506625,1.25,raw_J,66,1-100,174.7541,74.82598642887112,1.0243640602909854,1.0243640602909854,-99.92811357112888,57.18212824255847
width125-n96,96,0.02263390483074383,11.825457423506625,1.25,raw_J,67,1-100,176.4414,75.13801311697723,1.0286356902473959,1.0286356902473959,-101.30338688302275,57.414748966525295
width125-n96,96,0.02263390483074383,11.825457423506625,1.25,raw_J,68,1-100,178.3774,75.49208689610256,1.0334829428041288,1.0334829428041288,-102.88531310389743,57.67844643093656
width125-n96,96,0.02263390483074383,11.825457423506625,1.25,raw_J,69,1-100,179.9164,75.62526162930477,1.0353060983272553,1.0353060983272553,-104.29113837069524,57.96644350970519
width125-n96,96,0.02263390483074383,11.825457423506625,1.25,raw_J,70,1-100,182.207,76.0599325042904,1.041256721147494,1.041256721147494,-106.14706749570959,58.25630601223312
width125-n96,96,0.02263390483074383,11.825457423506625,1.25,raw_J,71,1-100,184.8744,77.56376739798603,1.0618441466026556,1.0618441466026556,-107.31063260201398,58.045155306529175
width125-n96,96,0.02263390483074383,11.825457423506625,1.25,raw_J,72,1-100,185.9589,77.5828064766477,1.0621047906496353,1.0621047906496353,-108.3760935233523,58.27959485851567
width125-n96,96,0.02263390483074383,11.825457423506625,1.25,raw_J,73,1-100,187.2289,77.96520640849758,1.0673398268387952,1.0673398268387952,-109.26369359150243,58.35834830600534
width125-n96,96,0.02263390483074383,11.825457423506625,1.25,raw_J,74,1-100,189.4161,78.77831868990917,1.0784712938305603,1.0784712938305603,-110.63778131009083,58.40991410449842
width125-n96,96,0.02263390483074383,11.825457423506625,1.25,raw_J,75,1-100,192.0266,79.63989236706792,1.0902661949377195,1.0902661949377195,-112.38670763293209,58.526635181236394
width125-n96,96,0.02263390483074383,11.825457423506625,1.25,raw_J,76,1-100,193.0797,80.18241422126933,1.0976932923391634,1.0976932923391634,-112.89728577873068,58.471856843951315
width125-n96,96,0.02263390483074383,11.825457423506625,1.25,raw_J,77,1-100,195.2658,80.80525358461719,1.106219932475803,1.106219932475803,-114.46054641538282,58.617815518837816
width125-n96,96,0.02263390483074383,11.825457423506625,1.25,raw_J,78,1-100,196.8764,80.83269405739122,1.106595591193431,1.106595591193431,-116.04370594260877,58.94241561843307
width125-n96,96,0.02263390483074383,11.825457423506625,1.25,raw_J,79,1-100,198.0153,81.3795058627718,1.1140814178147365,1.1140814178147365,-116.6357941372282,58.90241518570949
width125-n96,96,0.02263390483074383,11.825457423506625,1.25,raw_J,80,1-100,201.2647,81.47864134887894,1.1154385777255407,1.1154385777255407,-119.78605865112107,59.516675627231734
width125-n96,96,0.02263390483074383,11.825457423506625,1.25,raw_J,81,1-100,202.4935,82.57054729895154,1.130386716278121,1.130386716278121,-119.92295270104847,59.223112199180946
width125-n96,96,0.02263390483074383,11.825457423506625,1.25,raw_J,82,1-100,204.1896,82.70540601862335,1.1322329254928833,1.1322329254928833,-121.48419398137666,59.49577940373881
width125-n96,96,0.02263390483074383,11.825457423506625,1.25,raw_J,83,1-100,205.3946,83.27341297577883,1.14000891269565,1.14000891269565,-122.12118702422117,59.456863532060325
width125-n96,96,0.02263390483074383,11.825457423506625,1.25,raw_J,84,1-100,207.9062,83.3102184765876,1.140512778184752,1.140512778184752,-124.59598152341242,59.928939840857275
width125-n96,96,0.02263390483074383,11.825457423506625,1.25,raw_J,85,1-100,209.5765,84.10289072825331,1.1513644221783552,1.1513644221783552,-125.4736092717467,59.87007573451541
width125-n96,96,0.02263390483074383,11.825457423506625,1.25,raw_J,86,1-100,211.3289,84.91005914677218,1.1624145179805483,1.1624145179805483,-126.41884085322782,59.820895700128006
width125-n96,96,0.02263390483074383,11.825457423506625,1.25,raw_J,87,1-100,213.3479,85.22636563003535,1.1667447381213791,1.1667447381213791,-128.12153436996465,60.05286875097652
width125-n96,96,0.02263390483074383,11.825457423506625,1.25,raw_J,88,1-100,214.547,85.36230283195599,1.1686057117048867,1.1686057117048867,-129.184697168044,60.21277257106555
width125-n96,96,0.02263390483074383,11.825457423506625,1.25,raw_J,89,1-100,216.1695,85.77936274288915,1.1743152412966442,1.1743152412966442,-130.39013725711084,60.31847104106307
width125-n96,96,0.02263390483074383,11.825457423506625,1.25,raw_J,90,1-100,219.0675,86.75609700016942,1.1876866850605565,1.1876866850605565,-132.3114029998306,60.39755007010652
width125-n96,96,0.02263390483074383,11.825457423506625,1.25,raw_J,91,1-100,220.7149,87.20207104969093,1.1937920477821897,1.1937920477821897,-133.51282895030909,60.49108100554565
width125-n96,96,0.02263390483074383,11.825457423506625,1.25,raw_J,92,1-100,221.3952,88.22592694455835,1.2078085844384254,1.2078085844384254,-133.16927305544164,60.15002721623668
width125-n96,96,0.02263390483074383,11.825457423506625,1.25,raw_J,93,1-100,224.007,88.57276869590102,1.2125568308918357,1.2125568308918357,-135.434231304099,60.459821034208304
width125-n96,96,0.02263390483074383,11.825457423506625,1.25,raw_J,94,1-100,224.9833,88.66310987738375,1.2137935972064782,1.2137935972064782,-136.32019012261628,60.591248382709416
width125-n96,96,0.02263390483074383,11.825457423506625,1.25,raw_J,95,1-100,227.4214,88.96683300751236,1.2179515518640969,1.2179515518640969,-138.45456699248763,60.88018409546667
width125-n96,96,0.02263390483074383,11.825457423506625,1.25,raw_J,96,1-100,229.3374,89.19220726090307,1.2210369142670077,1.2210369142670077,-140.14519273909693,61.10873880104027
width125-n96,96,0.02263390483074383,11.825457423506625,1.25,raw_J,97,1-100,231.2882,90.29287731008468,1.2361050329037346,1.2361050329037346,-140.99532268991533,60.960880274011096
width125-n96,96,0.02263390483074383,11.825457423506625,1.25,raw_J,98,1-100,231.9872,90.5172103585066,1.239176141262024,1.239176141262024,-141.46998964149338,60.98180832455126
width125-n96,96,0.02263390483074383,11.825457423506625,1.25,raw_J,99,1-100,233.6934,90.69764571622663,1.2416462924016929,1.2416462924016929,-142.99575428377335,61.189470598559204
width125-n96,96,0.02263390483074383,11.825457423506625,1.25,raw_J,100,1-100,236.5242,90.9217339604513,1.244714049402607,1.244714049402607,-145.6024660395487,61.55922566889506
width125-n96,96,0.02263390483074383,11.825457423506625,1.25,raw_J,101,101-300,237.7698204809252,91.40104186640673,1.2512757509732342,1.2512757509732342,-146.36877861451848,61.55902305787404
width125-n96,96,0.02263390483074383,11.825457423506625,1.25,raw_J,102,101-300,239.55547757332764,92.44120135832638,1.2655154830682582,1.2655154830682582,-147.11427621500127,61.41135978406913
width125-n96,96,0.02263390483074383,11.825457423506625,1.25,raw_J,103,101-300,241.04915779621658,92.45006481028688,1.265636823288037,1.265636823288037,-148.5990929859297,61.64680032259464
width125-n96,96,0.02263390483074383,11.825457423506625,1.25,raw_J,104,101-300,242.8232719342226,92.86288704489884,1.271288339300158,1.271288339300158,-149.96038488932373,61.757006935457945
width125-n96,96,0.02263390483074383,11.825457423506625,1.25,raw_J,105,101-300,244.07089849707816,93.17873750508639,1.2756123165075959,1.2756123165075959,-150.89216099199177,61.82308580053764
width125-n96,96,0.02263390483074383,11.825457423506625,1.25,raw_J,106,101-300,247.1369900748975,93.77311222457207,1.283749277074971,1.283749277074971,-153.36387785032542,62.056221451854235
width125-n96,96,0.02263390483074383,11.825457423506625,1.25,raw_J,107,101-300,248.10199006014847,94.67863287431854,1.2961458100673342,1.2961458100673342,-153.42335718582993,61.83882569770393
width125-n96,96,0.02263390483074383,11.825457423506625,1.25,raw_J,108,101-300,249.5736896447072,95.19734126375769,1.3032469023117779,1.3032469023117779,-154.3763483809495,61.856018797782525
width125-n96,96,0.02263390483074383,11.825457423506625,1.25,raw_J,109,101-300,251.014947795016,95.58810833839648,1.308596484272659,1.308596484272659,-155.42683945661952,61.91935612676911
width125-n96,96,0.02263390483074383,11.825457423506625,1.25,raw_J,110,101-300,253.06998674799948,96.11382483421376,1.3157935171474509,1.3157935171474509,-156.9561619137857,62.0208519906703
width125-n96,96,0.02263390483074383,11.825457423506625,1.25,raw_J,111,101-300,255.30625645491403,96.30328896051289,1.3183872716832465,1.3183872716832465,-159.00296749440116,62.27930709660474
width125-n96,96,0.02263390483074383,11.825457423506625,1.25,raw_J,112,101-300,256.38071369443446,96.72291903091171,1.3241319866312082,1.3241319866312082,-159.65779466352274,62.27371488395564
width125-n96,96,0.02263390483074383,11.825457423506625,1.25,raw_J,113,101-300,258.6104394915314,96.78842602196806,1.3250287741048985,1.3250287741048985,-161.82201346956333,62.573658583826216
width125-n96,96,0.02263390483074383,11.825457423506625,1.25,raw_J,114,101-300,259.874406989678,97.16051762983605,1.3301226898476357,1.3301226898476357,-162.71388935984194,62.61251011389698
width125-n96,96,0.02263390483074383,11.825457423506625,1.25,raw_J,115,101-300,260.8050845045969,98.22540273774061,1.3447009144048683,1.3447009144048683,-162.57968176685628,62.337619711547724
width125-n96,96,0.02263390483074383,11.825457423506625,1.25,raw_J,116,101-300,263.57389390487015,98.36106192826168,1.34655808202604,1.34655808202604,-165.21283197660847,62.68178897726403
width125-n96,96,0.02263390483074383,11.825457423506625,1.25,raw_J,117,101-300,265.55785183887633,98.84877426187626,1.3532348397964216,1.3532348397964216,-166.70907757700007,62.77693407391643
width125-n96,96,0.02263390483074383,11.825457423506625,1.25,raw_J,118,101-300,266.6149737815011,99.293150059694,1.359318322531131,1.359318322531131,-167.32182372180708,62.75784939931105
width125-n96,96,0.02263390483074383,11.825457423506625,1.25,raw_J,119,101-300,267.92191508282406,99.61109427828254,1.363670963187716,1.363670963187716,-168.31082080454152,62.82084866126414
width125-n96,96,0.02263390483074383,11.825457423506625,1.25,raw_J,120,101-300,269.9704490239976,99.93088601672615,1.368048896299911,1.368048896299911,-170.03956300727145,62.984509460943514
width125-n96,96,0.02263390483074383,11.825457423506625,1.25,raw_J,121,101-300,271.494055641645,100.3375695869565,1.373616374299694,1.373616374299694,-171.1564860546885,63.04244328671574
width125-n96,96,0.02263390483074383,11.825457423506625,1.25,raw_J,122,101-300,273.4596091884033,100.67740694311055,1.3782687309287567,1.3782687309287567,-172.78220224529275,63.18381085897492
width125-n96,96,0.02263390483074383,11.825457423506625,1.25,raw_J,123,101-300,275.58749264934386,101.06476496195964,1.3835716430841711,1.3835716430841711,-174.52272768738422,63.32752114750217
width125-n96,96,0.02263390483074383,11.825457423506625,1.25,raw_J,124,101-300,276.4520495031329,101.22907510871723,1.3858210408818146,1.3858210408818146,-175.2229743944157,63.38277278441011
width125-n96,96,0.02263390483074383,11.825457423506625,1.25,raw_J,125,101-300,278.25074352984194,102.06654042611356,1.3972858997339792,1.3972858997339792,-176.18420310372838,63.318502178533414
width125-n96,96,0.02263390483074383,11.825457423506625,1.25,raw_J,126,101-300,279.22925092774517,102.51348330119596,1.4034045256297132,1.4034045256297132,-176.71576762654922,63.286982663674124
width125-n96,96,0.02263390483074383,11.825457423506625,1.25,raw_J,127,101-300,282.4651147650521,103.38439026151072,1.4153271989225238,1.4153271989225238,-179.08072450354138,63.399235920689385
width125-n96,96,0.02263390483074383,11.825457423506625,1.25,raw_J,128,101-300,283.2111857332339,103.45204817604909,1.4162534324324987,1.4162534324324987,-179.7591375571848,63.47176475102433
width125-n96,96,0.02263390483074383,11.825457423506625,1.25,raw_J,129,101-300,284.83596398090475,104.1262874115266,1.4254837342811457,1.4254837342811457,-180.70967656937813,63.443419870073996
width125-n96,96,0.02263390483074383,11.825457423506625,1.25,raw_J,130,101-300,286.6674453630029,104.3778004978727,1.4289269360168249,1.4289269360168249,-182.2896448651302,63.58923826676567
width125-n96,96,0.02263390483074383,11.825457423506625,1.25,raw_J,131,101-300,287.9119205014222,104.8310525679888,1.4351319344811055,1.4351319344811055,-183.08086793343335,63.589193394487815
width125-n96,96,0.02263390483074383,11.825457423506625,1.25,raw_J,132,101-300,289.5798549292188,104.83506705621828,1.4351868926267846,1.4351868926267846,-184.74478787300052,63.79752760016997
width125-n96,96,0.02263390483074383,11.825457423506625,1.25,raw_J,133,101-300,291.8462913290674,105.38000194770204,1.4426470243895,1.4426470243895,-186.46628938136536,63.8919509760423
width125-n96,96,0.02263390483074383,11.825457423506625,1.25,raw_J,134,101-300,293.5584341393563,105.93309903301768,1.4502188961828322,1.4502188961828322,-187.62533510633858,63.914135411033776
width125-n96,96,0.02263390483074383,11.825457423506625,1.25,raw_J,135,101-300,294.9653696192655,106.13713393931054,1.4530121239774292,1.4530121239774292,-188.82823567995496,64.0170864544845
width125-n96,96,0.02263390483074383,11.825457423506625,1.25,raw_J,136,101-300,295.57325487895827,106.57010430475242,1.4589394669059625,1.4589394669059625,-189.00315057420585,63.94460508668334
width125-n96,96,0.02263390483074383,11.825457423506625,1.25,raw_J,137,101-300,297.97927706194344,107.00730554821271,1.4649247303457031,1.4649247303457031,-190.97197151373072,64.08901095294348
width125-n96,96,0.02263390483074383,11.825457423506625,1.25,raw_J,138,101-300,299.8403260537213,107.50104544065066,1.4716840050988151,1.4716840050988151,-192.33928061307063,64.1472356785691
width125-n96,96,0.02263390483074383,11.825457423506625,1.25,raw_J,139,101-300,301.64932546219416,107.88762243914314,1.476976225124104,1.476976225124104,-193.761703023051,64.23409126679292
width125-n96,96,0.02263390483074383,11.825457423506625,1.25,raw_J,140,101-300,302.6967495896069,108.0926353791526,1.4797828421519987,1.4797828421519987,-194.6041142104543,64.29012352273242
width125-n96,96,0.02263390483074383,11.825457423506625,1.25,raw_J,141,101-300,304.8643713408573,108.31922588128239,1.4828848549401052,1.4828848549401052,-196.5451454595749,64.46969995054792
width125-n96,96,0.02263390483074383,11.825457423506625,1.25,raw_J,142,101-300,305.7289126020368,108.90924426906554,1.4909621775415307,1.4909621775415307,-196.81966833297128,64.37718521871328
width125-n96,96,0.02263390483074383,11.825457423506625,1.25,raw_J,143,101-300,307.2194961281701,109.0785945727738,1.4932805748390126,1.4932805748390126,-198.14090155539628,64.49489829015705
width125-n96,96,0.02263390483074383,11.825457423506625,1.25,raw_J,144,101-300,310.1094631467019,109.5223217382063,1.499355177828389,1.499355177828389,-200.5871414084956,64.68268958100283
width125-n96,96,0.02263390483074383,11.825457423506625,1.25,raw_J,145,101-300,311.165141530356,110.50967943088376,1.5128720558984436,1.5128720558984436,-200.65546209947223,64.48519943867078
width125-n96,96,0.02263390483074383,11.825457423506625,1.25,raw_J,146,101-300,312.4278011806009,110.83063252314102,1.517265887887015,1.517265887887015,-201.5971686574599,64.52600181407202
width125-n96,96,0.02263390483074383,11.825457423506625,1.25,raw_J,147,101-300,313.9852857311589,111.03929037727106,1.5201224036092826,1.5201224036092826,-202.94599535388784,64.6355114639527
width125-n96,96,0.02263390483074383,11.825457423506625,1.25,raw_J,148,101-300,315.47561608947575,111.18316782897264,1.5220920788203065,1.5220920788203065,-204.2924482605031,64.75696942693705
width125-n96,96,0.02263390483074383,11.825457423506625,1.25,raw_J,149,101-300,317.7348059423702,111.75624056675221,1.529937416309736,1.529937416309736,-205.978565375618,64.82719598965741
width125-n96,96,0.02263390483074383,11.825457423506625,1.25,raw_J,150,101-300,318.8531042563166,112.16659973492801,1.5355552130639396,1.5355552130639396,-206.6865045213886,64.82185738898731
width125-n96,96,0.02263390483074383,11.825457423506625,1.25,raw_J,151,101-300,321.1601343091136,112.50921924255545,1.540245657209327,1.540245657209327,-208.65091506655813,64.9678751428512
width125-n96,96,0.02263390483074383,11.825457423506625,1.25,raw_J,152,101-300,322.14455867248296,112.87216404296566,1.5452143536095158,1.5452143536095158,-209.2723946295173,64.96226274685576
width125-n96,96,0.02263390483074383,11.825457423506625,1.25,raw_J,153,101-300,323.4669695575121,113.23868454083728,1.5502320011314306,1.5502320011314306,-210.2282850166748,64.99219543320216
width125-n96,96,0.02263390483074383,11.825457423506625,1.25,raw_J,154,101-300,324.8628660517396,113.7730971128197,1.5575480828596258,1.5575480828596258,-211.08976893891992,64.97811569060666
width125-n96,96,0.02263390483074383,11.825457423506625,1.25,raw_J,155,101-300,327.44390126190547,114.29545775008708,1.5646991741965377,1.5646991741965377,-213.14844351181839,65.09464451479643
width125-n96,96,0.02263390483074383,11.825457423506625,1.25,raw_J,156,101-300,329.03307168048093,114.68742524246706,1.570065189817035,1.570065189817035,-214.3456464380139,65.14410400853617
width125-n96,96,0.02263390483074383,11.825457423506625,1.25,raw_J,157,101-300,329.9532397282339,114.75481033030978,1.570987688343015,1.570987688343015,-215.1984293979241,65.22088692784843
width125-n96,96,0.02263390483074383,11.825457423506625,1.25,raw_J,158,101-300,331.4744675826634,114.79512801163659,1.5715396354100235,1.5715396354100235,-216.67933957102682,65.36833474722789
width125-n96,96,0.02263390483074383,11.825457423506625,1.25,raw_J,159,101-300,333.64537852486984,115.88573181994761,1.5864699477061703,1.5864699477061703,-217.75964670492223,65.26679544242225
width125-n96,96,0.02263390483074383,11.825457423506625,1.25,raw_J,160,101-300,334.2113548332444,115.9390182110579,1.587199435769891,1.587199435769891,-218.27233662218651,65.30967110052082
width125-n96,96,0.02263390483074383,11.825457423506625,1.25,raw_J,161,101-300,336.84185042839067,116.37850944958412,1.5932160491290348,1.5932160491290348,-220.46334097880657,65.45010386875158
width125-n96,96,0.02263390483074383,11.825457423506625,1.25,raw_J,162,101-300,338.3399928508066,116.79564967331909,1.5989266781990843,1.5989266781990843,-221.54434317748752,65.4797977947523
width125-n96,96,0.02263390483074383,11.825457423506625,1.25,raw_J,163,101-300,339.85821672536355,116.89411849137659,1.6002747114571998,1.6002747114571998,-222.96409823398696,65.60503388216219
width125-n96,96,0.02263390483074383,11.825457423506625,1.25,raw_J,164,101-300,341.04226111104657,117.17752367115438,1.6041545143775482,1.6041545143775482,-223.8647374398922,65.6413479990973
width125-n96,96,0.02263390483074383,11.825457423506625,1.25,raw_J,165,101-300,342.0548775103636,117.21902055188382,1.6047226046261656,1.6047226046261656,-224.83585695847978,65.73093142098746
width125-n96,96,0.02263390483074383,11.825457423506625,1.25,raw_J,166,101-300,344.6617029402523,118.06672060307628,1.6163275764787428,1.6163275764787428,-226.59498233717605,65.7441718659577
width125-n96,96,0.02263390483074383,11.825457423506625,1.25,raw_J,167,101-300,346.34787056600993,118.60496835697187,1.623696161657999,1.623696161657999,-227.74290220903805,65.75553700874649
width125-n96,96,0.02263390483074383,11.825457423506625,1.25,raw_J,168,101-300,347.2726775844205,118.8108554192649,1.626514745376803,1.626514745376803,-228.46182216515558,65.78744511497524
width125-n96,96,0.02263390483074383,11.825457423506625,1.25,raw_J,169,101-300,349.31626087069617,119.20366215355308,1.631892250177593,1.631892250177593,-230.1125987171431,65.87514653442435
width125-n96,96,0.02263390483074383,11.825457423506625,1.25,raw_J,170,101-300,350.4084193491921,119.62087069668115,1.6376038145367613,1.6376038145367613,-230.78754865251096,65.86244391077958
width125-n96,96,0.02263390483074383,11.825457423506625,1.25,raw_J,171,101-300,351.87864902535927,120.42027978194963,1.6485476854498102,1.6485476854498102,-231.45836924340963,65.77789527284699
width125-n96,96,0.02263390483074383,11.825457423506625,1.25,raw_J,172,101-300,353.4889004887188,120.54777913822483,1.6502931453429812,1.6502931453429812,-232.94112135049397,65.8977187200049
width125-n96,96,0.02263390483074383,11.825457423506625,1.25,raw_J,173,101-300,356.0175749772649,120.79646910333948,1.6536976986883705,1.6536976986883705,-235.22110587392547,66.0700826044744
width125-n96,96,0.02263390483074383,11.825457423506625,1.25,raw_J,174,101-300,357.1513022520396,121.10620344571008,1.6579379465448274,1.6579379465448274,-236.04509880632952,66.09106485624791
width125-n96,96,0.02263390483074383,11.825457423506625,1.25,raw_J,175,101-300,357.95268510163226,121.67267296652838,1.6656928863200366,1.6656928863200366,-236.28001213510387,66.00872740150496
width125-n96,96,0.02263390483074383,11.825457423506625,1.25,raw_J,176,101-300,359.74375495311443,121.81982460412291,1.667707384974299,1.667707384974299,-237.92393034899152,66.13705646676209
width125-n96,96,0.02263390483074383,11.825457423506625,1.25,raw_J,177,101-300,361.28936169580464,122.32891475015899,1.6746768039413762,1.6746768039413762,-238.96044694564566,66.14101390199349
width125-n96,96,0.02263390483074383,11.825457423506625,1.25,raw_J,178,101-300,363.33133057897385,122.53804899834962,1.6775398414748155,1.6775398414748155,-240.79328158062424,66.27374556356497
width125-n96,96,0.02263390483074383,11.825457423506625,1.25,raw_J,179,101-300,364.736024114089,122.64973526499354,1.679068820951576,1.679068820951576,-242.08628884909547,66.37301304062336
width125-n96,96,0.02263390483074383,11.825457423506625,1.25,raw_J,180,101-300,366.2127102883313,123.21268194661678,1.6867755332321162,1.6867755332321162,-243.00002834171454,66.35488652220525
width125-n96,96,0.02263390483074383,11.825457423506625,1.25,raw_J,181,101-300,367.9935754817403,123.21890167800235,1.6868606810477365,1.6868606810477365,-244.77467380373798,66.51601824387926
width125-n96,96,0.02263390483074383,11.825457423506625,1.25,raw_J,182,101-300,368.96843809573437,124.09402175295655,1.6988410316719726,1.6988410316719726,-244.8744163427778,66.36730708094915
width125-n96,96,0.02263390483074383,11.825457423506625,1.25,raw_J,183,101-300,370.050919212106,124.26661545909327,1.7012038309885837,1.7012038309885837,-245.78430375301275,66.41904964763349
width125-n96,96,0.02263390483074383,11.825457423506625,1.25,raw_J,184,101-300,373.06192837211285,125.13044491295116,1.713029613567394,1.713029613567394,-247.93148345916168,66.45853264658541
width125-n96,96,0.02263390483074383,11.825457423506625,1.25,raw_J,185,101-300,373.86487391090856,125.23252434678919,1.7144270759773004,1.7144270759773004,-248.63234956411935,66.5032654614587
width125-n96,96,0.02263390483074383,11.825457423506625,1.25,raw_J,186,101-300,375.82591276673935,125.57691036240256,1.7191417035298082,1.7191417035298082,-250.2490024043368,66.58641512025189
width125-n96,96,0.02263390483074383,11.825457423506625,1.25,raw_J,187,101-300,376.32409223066804,125.61461891983778,1.7196579318195453,1.7196579318195453,-250.70947331083028,66.62062793395587
width125-n96,96,0.02263390483074383,11.825457423506625,1.25,raw_J,188,101-300,378.4366802499655,125.82890085194984,1.722591440891744,1.722591440891744,-252.60777939801565,66.7503422847814
width125-n96,96,0.02263390483074383,11.825457423506625,1.25,raw_J,189,101-300,379.87297534653237,126.35935635050097,1.729853350480013,1.729853350480013,-253.5136189960314,66.73641860539516
width125-n96,96,0.02263390483074383,11.825457423506625,1.25,raw_J,190,101-300,381.4844686171865,126.98526431687384,1.7384219996405779,1.7384219996405779,-254.49920430031267,66.71286126610268
width125-n96,96,0.02263390483074383,11.825457423506625,1.25,raw_J,191,101-300,383.44352944953647,127.19065740020083,1.741233820811723,1.741233820811723,-256.2528720493356,66.82936400497015
width125-n96,96,0.02263390483074383,11.825457423506625,1.25,raw_J,192,101-300,384.95611681486366,127.37510275866293,1.7437588686635903,1.7437588686635903,-257.58101405620073,66.91178625434824
width125-n96,96,0.02263390483074383,11.825457423506625,1.25,raw_J,193,101-300,385.86130084597426,127.62431814957348,1.7471706150621868,1.7471706150621868,-258.2369826964008,66.92482042905937
width125-n96,96,0.02263390483074383,11.825457423506625,1.25,raw_J,194,101-300,387.222890222388,127.81644857744723,1.7498008711349122,1.7498008711349122,-259.40644164494074,66.99150494330532
width125-n96,96,0.02263390483074383,11.825457423506625,1.25,raw_J,195,101-300,388.84612835423223,128.67352182026195,1.7615341615180737,1.7615341615180737,-260.1726065339703,66.90888440503063
width125-n96,96,0.02263390483074383,11.825457423506625,1.25,raw_J,196,101-300,391.45608356363806,128.94408112234171,1.7652381050068962,1.7652381050068962,-262.5120024412963,67.06039667374856
width125-n96,96,0.02263390483074383,11.825457423506625,1.25,raw_J,197,101-300,392.2450833395191,129.49016979398414,1.772714031963025,1.772714031963025,-262.754913545535,66.9874332925927
width125-n96,96,0.02263390483074383,11.825457423506625,1.25,raw_J,198,101-300,393.427743844434,129.63788528864535,1.7747362497926942,1.7747362497926942,-263.78985855578867,67.0491246952056
width125-n96,96,0.02263390483074383,11.825457423506625,1.25,raw_J,199,101-300,395.5828700109937,130.1788048802217,1.7821414122978998,1.7821414122978998,-265.404065130772,67.0919003958377
width125-n96,96,0.02263390483074383,11.825457423506625,1.25,raw_J,200,101-300,396.3818542225922,130.42395982937626,1.785497571449308,1.785497571449308,-265.95789439321595,67.09638485213418
width125-n96,96,0.02263390483074383,11.825457423506625,1.25,raw_J,201,101-300,397.9187362096142,130.65859498862744,1.7887097151962674,1.7887097151962674,-267.2601412209868,67.16450292508982
width125-n96,96,0.02263390483074383,11.825457423506625,1.25,raw_J,202,101-300,399.9851198761949,130.78166734917104,1.7903945697364194,1.7903945697364194,-269.20345252702384,67.30336683783358
width125-n96,96,0.02263390483074383,11.825457423506625,1.25,raw_J,203,101-300,401.8392286005332,131.35344525252933,1.798222181006543,1.798222181006543,-270.4857833480039,67.31194072067383
width125-n96,96,0.02263390483074383,11.825457423506625,1.25,raw_J,204,101-300,402.86191776388614,131.39655201606806,1.798812310471345,1.798812310471345,-271.46536574781805,67.38422118789633
width125-n96,96,0.02263390483074383,11.825457423506625,1.25,raw_J,205,101-300,404.236441800208,131.83911303603418,1.8048709489868553,1.8048709489868553,-272.39732876417384,67.38564379576766
width125-n96,96,0.02263390483074383,11.825457423506625,1.25,raw_J,206,101-300,405.13438745990993,132.66577953179177,1.8161879725038885,1.8161879725038885,-272.46860792811816,67.25388324511957
width125-n96,96,0.02263390483074383,11.825457423506625,1.25,raw_J,207,101-300,407.5814603868962,132.93678106896698,1.8198979701693356,1.8198979701693356,-274.6446793179292,67.3839970682727
width125-n96,96,0.02263390483074383,11.825457423506625,1.25,raw_J,208,101-300,408.9472455023511,133.11894078024088,1.8223917276240318,1.8223917276240318,-275.82830472211026,67.44838307525035
width125-n96,96,0.02263390483074383,11.825457423506625,1.25,raw_J,209,101-300,410.51386919336665,133.44610951654778,1.8268706514727964,1.8268706514727964,-277.06775967681887,67.49291082935619
width125-n96,96,0.02263390483074383,11.825457423506625,1.25,raw_J,210,101-300,411.9722678042788,133.450669526915,1.8269330777896104,1.8269330777896104,-278.52159827736375,67.60688037615307
width125-n96,96,0.02263390483074383,11.825457423506625,1.25,raw_J,211,101-300,413.26273607018504,134.16188053966061,1.836669521443879,1.836669521443879,-279.1008555305244,67.53593565792109
width125-n96,96,0.02263390483074383,11.825457423506625,1.25,raw_J,212,101-300,415.01880975515513,134.26491087097443,1.8380800015932865,1.8380800015932865,-280.75389888418067,67.64847575217482
width125-n96,96,0.02263390483074383,11.825457423506625,1.25,raw_J,213,101-300,415.4552149962946,134.42635321495112,1.8402901393124336,1.8402901393124336,-281.0288617813435,67.64359951140581
width125-n96,96,0.02263390483074383,11.825457423506625,1.25,raw_J,214,101-300,418.3877057895348,134.95280846372614,1.8474972856787473,1.8474972856787473,-283.4348973258086,67.74455687959133
width125-n96,96,0.02263390483074383,11.825457423506625,1.25,raw_J,215,101-300,419.8613648181523,135.43130521500944,1.8540478825819575,1.8540478825819575,-284.43005960314287,67.74380389258569
width125-n96,96,0.02263390483074383,11.825457423506625,1.25,raw_J,216,101-300,420.6438276250418,135.7241747629717,1.8580572522355256,1.8580572522355256,-284.9196528620701,67.7341813074326
width125-n96,96,0.02263390483074383,11.825457423506625,1.25,raw_J,217,101-300,422.07671005882673,135.76020935666702,1.8585505640443014,1.8585505640443014,-286.3165007021597,67.83518111251732
width125-n96,96,0.02263390483074383,11.825457423506625,1.25,raw_J,218,101-300,423.7165796274818,136.46300643888833,1.8681718214050609,1.8681718214050609,-287.25357318859346,67.79380062048497
width125-n96,96,0.02263390483074383,11.825457423506625,1.25,raw_J,219,101-300,425.06988249446135,136.88510516547905,1.8739503321344204,1.8739503321344204,-288.1847773289823,67.79703507522375
width125-n96,96,0.02263390483074383,11.825457423506625,1.25,raw_J,220,101-300,427.2088250840746,137.08193338279276,1.8766449007126638,1.8766449007126638,-290.1268917012818,67.91219531670136
width125-n96,96,0.02263390483074383,11.825457423506625,1.25,raw_J,221,101-300,428.12791407661666,137.35304644748854,1.8803564251843619,1.8803564251843619,-290.77486762912815,67.91775496729042
width125-n96,96,0.02263390483074383,11.825457423506625,1.25,raw_J,222,101-300,430.3287454309386,137.62451126037698,1.8840727650714528,1.8840727650714528,-292.7042341705617,68.01875014820185
width125-n96,96,0.02263390483074383,11.825457423506625,1.25,raw_J,223,101-300,431.3013069307036,138.08742876237224,1.8904100828210078,1.8904100828210078,-293.21387816833135,67.98353574556673
width125-n96,96,0.02263390483074383,11.825457423506625,1.25,raw_J,224,101-300,432.1386417345886,138.52282103024604,1.8963705814742724,1.8963705814742724,-293.6158207043426,67.94481963607316
width125-n96,96,0.02263390483074383,11.825457423506625,1.25,raw_J,225,101-300,433.88921848092724,138.62431437479717,1.8977600203507747,1.8977600203507747,-295.2649041061301,68.05075847237472
width125-n96,96,0.02263390483074383,11.825457423506625,1.25,raw_J,226,101-300,436.16100643264696,139.26733077317982,1.9065628831009651,1.9065628831009651,-296.89367565946714,68.06974288869955
width125-n96,96,0.02263390483074383,11.825457423506625,1.25,raw_J,227,101-300,437.5816981676686,139.38621349012524,1.9081903816270873,1.9081903816270873,-298.1954846775434,68.14624238769774
width125-n96,96,0.02263390483074383,11.825457423506625,1.25,raw_J,228,101-300,438.6217386562722,139.58707911780155,1.9109402221538805,1.9109402221538805,-299.0346595384707,68.175977883488
width125-n96,96,0.02263390483074383,11.825457423506625,1.25,raw_J,229,101-300,439.91844221437066,139.80825162423733,1.9139680628484053,1.9139680628484053,-300.11019059013336,68.21950657024075
width125-n96,96,0.02263390483074383,11.825457423506625,1.25,raw_J,230,101-300,441.68319920118904,139.93830338920753,1.9157484650906067,1.9157484650906067,-301.7448958119815,68.3170417977649
width125-n96,96,0.02263390483074383,11.825457423506625,1.25,raw_J,231,101-300,442.90454630260945,140.29637965595708,1.920650511505325,1.920650511505325,-302.60816664665236,68.32356298277841
width125-n96,96,0.02263390483074383,11.825457423506625,1.25,raw_J,232,101-300,444.31933627755916,141.0081561682474,1.9303946968204437,1.9303946968204437,-303.31118010931175,68.26423145353236
width125-n96,96,0.02263390483074383,11.825457423506625,1.25,raw_J,233,101-300,446.8606226964295,141.2872277056256,1.9342151723902796,1.9342151723902796,-305.5733949908039,68.38226047910071
width125-n96,96,0.02263390483074383,11.825457423506625,1.25,raw_J,234,101-300,447.4417041944933,141.89232854348464,1.9424989729886715,1.9424989729886715,-305.54937565100863,68.28808597559625
width125-n96,96,0.02263390483074383,11.825457423506625,1.25,raw_J,235,101-300,449.1485456850233,142.21267979640933,1.946884565826491,1.946884565826491,-306.935865888614,68.33727256546891
width125-n96,96,0.02263390483074383,11.825457423506625,1.25,raw_J,236,101-300,450.1269457803135,142.519305265445,1.9510822533604684,1.9510822533604684,-307.60764051486854,68.33797518644836
width125-n96,96,0.02263390483074383,11.825457423506625,1.25,raw_J,237,101-300,451.4033084453888,142.7361835863509,1.954051306867079,1.954051306867079,-308.6671248590379,68.37945559638732
width125-n96,96,0.02263390483074383,11.825457423506625,1.25,raw_J,238,101-300,453.9867378066779,143.1118588887659,1.9591942832112492,1.9591942832112492,-310.87487891791204,68.4766432649168
width125-n96,96,0.02263390483074383,11.825457423506625,1.25,raw_J,239,101-300,454.9746837686168,143.16797672673297,1.9599625336426594,1.9599625336426594,-311.8067070418838,68.53275977009241
width125-n96,96,0.02263390483074383,11.825457423506625,1.25,raw_J,240,101-300,456.32842668924604,143.49098775686082,1.9643845386990857,1.9643845386990857,-312.8374389323852,68.55532564606666
width125-n96,96,0.02263390483074383,11.825457423506625,1.25,raw_J,241,101-300,457.903893064103,143.88538422945408,1.9697838069387914,1.9697838069387914,-314.0185088346489,68.57738350581981
width125-n96,96,0.02263390483074383,11.825457423506625,1.25,raw_J,242,101-300,459.513415281106,144.22845638507837,1.97448044781291,1.97448044781291,-315.28495889602766,68.61278657188997
width125-n96,96,0.02263390483074383,11.825457423506625,1.25,raw_J,243,101-300,460.08794442217584,144.27104779815136,1.975063522155277,1.975063522155277,-315.8168966240245,68.64272373418927
width125-n96,96,0.02263390483074383,11.825457423506625,1.25,raw_J,244,101-300,462.06536727488253,144.65056270940502,1.9802590625548995,1.9802590625548995,-317.41480456547754,68.6947836920761
width125-n96,96,0.02263390483074383,11.825457423506625,1.25,raw_J,245,101-300,464.05728691054827,144.80101298861345,1.9823187194500123,1.9823187194500123,-319.25627392193485,68.79673758543409
width125-n96,96,0.02263390483074383,11.825457423506625,1.25,raw_J,246,101-300,465.6715392113711,145.37400167787294,1.9901629063193509,1.9901629063193509,-320.29753753349814,68.78185814746844
width125-n96,96,0.02263390483074383,11.825457423506625,1.25,raw_J,247,101-300,466.5702869308262,145.7435909702875,1.9952225654870621,1.9952225654870621,-320.8266959605387,68.7627791454505
width125-n96,96,0.02263390483074383,11.825457423506625,1.25,raw_J,248,101-300,467.43904621026167,146.28606479724738,2.00264900539794,2.00264900539794,-321.1529814130143,68.7047827982591
width125-n96,96,0.02263390483074383,11.825457423506625,1.25,raw_J,249,101-300,469.53600455911203,146.61205566328042,2.0071118042608034,2.0071118042608034,-322.9239488958316,68.77511964158165
width125-n96,96,0.02263390483074383,11.825457423506625,1.25,raw_J,250,101-300,470.77365547810166,146.75230673353525,2.009031834488844,2.009031834488844,-324.0213487445664,68.82741737438587
width125-n96,96,0.02263390483074383,11.825457423506625,1.25,raw_J,251,101-300,472.7991746619088,147.12281209602395,2.0141040346106465,2.0141040346106465,-325.67636256588486,68.88259963625589
width125-n96,96,0.02263390483074383,11.825457423506625,1.25,raw_J,252,101-300,473.8352323451397,147.40930764247585,2.0180261444982017,2.0180261444982017,-326.4259247026638,68.8901758290731
width125-n96,96,0.02263390483074383,11.825457423506625,1.25,raw_J,253,101-300,475.6003393693758,147.58507045225116,2.0204323286871766,2.0204323286871766,-328.0152689171246,68.96867848161291
width125-n96,96,0.02263390483074383,11.825457423506625,1.25,raw_J,254,101-300,476.7690152374845,147.78336379183136,2.02314695471692,2.02314695471692,-328.98565144565316,69.00315266540157
width125-n96,96,0.02263390483074383,11.825457423506625,1.25,raw_J,255,101-300,478.07526376667096,148.07898561433348,2.0271940028730677,2.0271940028730677,-329.9962781523375,69.0260097442304
width125-n96,96,0.02263390483074383,11.825457423506625,1.25,raw_J,256,101-300,478.9421815346348,148.64980362336541,2.0350084732372506,2.0350084732372506,-330.2923779112694,68.96289169037918
width125-n96,96,0.02263390483074383,11.825457423506625,1.25,raw_J,257,101-300,481.8303393762866,148.78976134128555,2.0369244874863113,2.0369244874863113,-333.04057803500103,69.11988532438846
width125-n96,96,0.02263390483074383,11.825457423506625,1.25,raw_J,258,101-300,482.8347827909824,149.25341199328358,2.0432718420232105,2.0432718420232105,-333.5813707976988,69.08809859750828
width125-n96,96,0.02263390483074383,11.825457423506625,1.25,raw_J,259,101-300,483.8514272124825,149.7107286632004,2.0495324846581067,2.0495324846581067,-334.1406985492821,69.05853321014278
width125-n96,96,0.02263390483074383,11.825457423506625,1.25,raw_J,260,101-300,485.539148129356,149.9642343639287,2.0530029651863093,2.0530029651863093,-335.5749137654273,69.11387373362207
width125-n96,96,0.02263390483074383,11.825457423506625,1.25,raw_J,261,101-300,486.52871826165125,150.14725022789293,2.05550844332907,2.05550844332907,-336.3814680337583,69.13907759353583
width125-n96,96,0.02263390483074383,11.825457423506625,1.25,raw_J,262,101-300,488.38056709001745,150.56702122159408,2.0612550875100837,2.0612550875100837,-337.8135458684234,69.17014488951978
width125-n96,96,0.02263390483074383,11.825457423506625,1.25,raw_J,263,101-300,489.66176157795616,150.67098084871756,2.062678289673249,2.062678289673249,-338.9907807292386,69.22957995266492
width125-n96,96,0.02263390483074383,11.825457423506625,1.25,raw_J,264,101-300,491.398821593663,150.88033911693321,2.0655443940297715,2.0655443940297715,-340.5184824767298,69.29574665490428
width125-n96,96,0.02263390483074383,11.825457423506625,1.25,raw_J,265,101-300,493.3144415817853,151.32871542966512,2.071682643616163,2.071682643616163,-341.98572615212015,69.32408567962494
width125-n96,96,0.02263390483074383,11.825457423506625,1.25,raw_J,266,101-300,493.9579978053695,152.05554197318867,2.0816328631158925,2.0816328631158925,-341.9024558321808,69.21690859369343
width125-n96,96,0.02263390483074383,11.825457423506625,1.25,raw_J,267,101-300,495.3588288221313,152.22663147067573,2.083975069890348,2.083975069890348,-343.13219735145555,69.26942195970513
width125-n96,96,0.02263390483074383,11.825457423506625,1.25,raw_J,268,101-300,496.4296962157591,152.25388227082416,2.0843481319990946,2.0843481319990946,-344.17581394493493,69.33022270193696
width125-n96,96,0.02263390483074383,11.825457423506625,1.25,raw_J,269,101-300,498.58078242968656,152.35271841396732,2.0857011939194994,2.0857011939194994,-346.22806401571927,69.44272146400806
width125-n96,96,0.02263390483074383,11.825457423506625,1.25,raw_J,270,101-300,500.3090849416905,153.12412089591,2.096261655815615,2.096261655815615,-347.1849640457805,69.39409546925255
width125-n96,96,0.02263390483074383,11.825457423506625,1.25,raw_J,271,101-300,501.6044469651455,153.18136766841198,2.0970453613050766,2.0970453613050766,-348.4230792967335,69.46172056583542
width125-n96,96,0.02263390483074383,11.825457423506625,1.25,raw_J,272,101-300,502.27627032711825,153.86282963370104,2.1063745419682802,2.1063745419682802,-348.4134406934172,69.36689254033551
width125-n96,96,0.02263390483074383,11.825457423506625,1.25,raw_J,273,101-300,504.49977331342774,154.0393922521862,2.108791675499009,2.108791675499009,-350.46038106124155,69.46690555666771
width125-n96,96,0.02263390483074383,11.825457423506625,1.25,raw_J,274,101-300,505.41523174224443,154.13401956657225,2.110087118761505,2.110087118761505,-351.2812121756722,69.50348745223835
width125-n96,96,0.02263390483074383,11.825457423506625,1.25,raw_J,275,101-300,506.46415270952355,154.3349642396154,2.1128380414154684,2.1128380414154684,-352.1291884699082,69.52697176810214
width125-n96,96,0.02263390483074383,11.825457423506625,1.25,raw_J,276,101-300,508.8007003364678,154.4152056971213,2.1139365430074597,2.1139365430074597,-354.38549463934646,69.65114128282308
width125-n96,96,0.02263390483074383,11.825457423506625,1.25,raw_J,277,101-300,510.26422794367284,155.00393536775886,2.1219962231347815,2.1219962231347815,-355.260292575914,69.62280973674889
width125-n96,96,0.02263390483074383,11.825457423506625,1.25,raw_J,278,101-300,511.5622897003746,155.4163101960521,2.1276416141764867,2.1276416141764867,-356.1459795043225,69.61927934776419
width125-n96,96,0.02263390483074383,11.825457423506625,1.25,raw_J,279,101-300,512.6231445314074,155.55412146460134,2.129528243639623,2.129528243639623,-357.0690230668061,69.6552675929616
width125-n96,96,0.02263390483074383,11.825457423506625,1.25,raw_J,280,101-300,513.6689855554737,155.9827773695873,2.1353965218175057,2.1353965218175057,-357.68620818588636,69.63360028425505
width125-n96,96,0.02263390483074383,11.825457423506625,1.25,raw_J,281,101-300,515.4350571672994,156.2858214657435,2.139545180533564,2.139545180533564,-359.1492357015559,69.67885298205154
width125-n96,96,0.02263390483074383,11.825457423506625,1.25,raw_J,282,101-300,517.5896685724674,156.5410096196446,2.143038693762645,2.143038693762645,-361.04865895282285,69.75577003857308
width125-n96,96,0.02263390483074383,11.825457423506625,1.25,raw_J,283,101-300,518.2342231475501,156.92434025508032,2.1482864712379492,2.1482864712379492,-361.3098828924698,69.71941773702558
width125-n96,96,0.02263390483074383,11.825457423506625,1.25,raw_J,284,101-300,520.1063104117233,156.98548517287344,2.1491235421440074,2.1491235421440074,-363.1208252388498,69.81665439732858
width125-n96,96,0.02263390483074383,11.825457423506625,1.25,raw_J,285,101-300,521.525193449492,157.2685317800309,2.152998436222885,2.152998436222885,-364.2566616694611,69.84449960320818
width125-n96,96,0.02263390483074383,11.825457423506625,1.25,raw_J,286,101-300,522.4566961777302,157.85279080469093,2.1609969134274762,2.1609969134274762,-364.6039053730393,69.78643551522359
width125-n96,96,0.02263390483074383,11.825457423506625,1.25,raw_J,287,101-300,523.9605308920159,157.8723588162183,2.161264798539276,2.161264798539276,-366.08817207579756,69.86941773124614
width125-n96,96,0.02263390483074383,11.825457423506625,1.25,raw_J,288,101-300,525.0773856872796,158.19377377368488,2.1656649534397623,2.1656649534397623,-366.88361191359473,69.87229347791786
width125-n96,96,0.02263390483074383,11.825457423506625,1.25,raw_J,289,101-300,527.9036416012724,158.7953248255016,2.173900157642477,2.173900157642477,-369.1083167757708,69.91963829917273
width125-n96,96,0.02263390483074383,11.825457423506625,1.25,raw_J,290,101-300,528.4062138522927,159.0223554734917,2.177008196005682,2.177008196005682,-369.383858378801,69.90528284780092
width125-n96,96,0.02263390483074383,11.825457423506625,1.25,raw_J,291,101-300,529.8062263187069,159.13376784857297,2.178533425920471,2.178533425920471,-370.6724584701339,69.96377921899969
width125-n96,96,0.02263390483074383,11.825457423506625,1.25,raw_J,292,101-300,530.866917883961,159.36173182955324,2.1816542415662363,2.1816542415662363,-371.5051860544078,69.98085085716582
width125-n96,96,0.02263390483074383,11.825457423506625,1.25,raw_J,293,101-300,532.6881830282937,159.93387252542527,2.1894868194479638,2.1894868194479638,-372.7543105028684,69.9760802621502
width125-n96,96,0.02263390483074383,11.825457423506625,1.25,raw_J,294,101-300,533.7796307537687,160.3167079927644,2.1947278180964704,2.1947278180964704,-373.46292276100434,69.96575014179997
width125-n96,96,0.02263390483074383,11.825457423506625,1.25,raw_J,295,101-300,535.6643140758732,160.46989222207637,2.1968249026335345,2.1968249026335345,-375.1944218537968,70.04282570159286
width125-n96,96,0.02263390483074383,11.825457423506625,1.25,raw_J,296,101-300,537.0697590831223,161.063796589825,2.2049554241088494,2.2049554241088494,-376.0059624932974,70.0106375632114
width125-n96,96,0.02263390483074383,11.825457423506625,1.25,raw_J,297,101-300,538.4285261762479,161.28682193284308,2.2080086300447173,2.2080086300447173,-377.1417042434049,70.04489656626258
width125-n96,96,0.02263390483074383,11.825457423506625,1.25,raw_J,298,101-300,540.2131663762282,161.3569699108635,2.2089689524008347,2.2089689524008347,-378.85619646536463,70.13087056110597
width125-n96,96,0.02263390483074383,11.825457423506625,1.25,raw_J,299,101-300,540.6313902472951,161.55233073511457,2.211643432440491,2.211643432440491,-379.0790595121806,70.11784116693309
width125-n96,96,0.02263390483074383,11.825457423506625,1.25,raw_J,300,101-300,541.8474371212013,162.14700696726106,2.219784520701308,2.219784520701308,-379.70043015394026,70.07515476519791
width125-n96,96,0.02263390483074383,11.825457423506625,1.25,raw_J,301,301-320,544.3238901010053,162.16246586954915,2.2199961523104754,2.2199961523104754,-382.1614242314562,70.20846065759523
width125-n96,96,0.02263390483074383,11.825457423506625,1.25,raw_J,302,301-320,545.6368332489349,162.4318983223591,2.223684669288423,2.223684669288423,-383.2049349265758,70.23076734846215
width125-n96,96,0.02263390483074383,11.825457423506625,1.25,raw_J,303,301-320,547.0109120581222,162.76720046065654,2.2282749390089176,2.2282749390089176,-384.2437115974657,70.24424981793382
width125-n96,96,0.02263390483074383,11.825457423506625,1.25,raw_J,304,301-320,547.9316133644893,163.024566548927,2.2317982680519974,2.2317982680519974,-384.9070468155623,70.24727857042234
width125-n96,96,0.02263390483074383,11.825457423506625,1.25,raw_J,305,301-320,549.4975675626614,163.32791090356068,2.2359510372917892,2.2359510372917892,-386.1696566591007,70.27686371242476
width125-n96,96,0.02263390483074383,11.825457423506625,1.25,raw_J,306,301-320,550.9700100394839,163.54218865411167,2.2388844891186235,2.2388844891186235,-387.4278213853722,70.3174064515069
width125-n96,96,0.02263390483074383,11.825457423506625,1.25,raw_J,307,301-320,552.0495722005649,164.03863889419992,2.245680868397267,2.245680868397267,-388.0109333063649,70.28552377274497
width125-n96,96,0.02263390483074383,11.825457423506625,1.25,raw_J,308,301-320,553.7649721191589,164.19395833901828,2.2478071839292046,2.2478071839292046,-389.57101378014056,70.34952252204079
width125-n96,96,0.02263390483074383,11.825457423506625,1.25,raw_J,309,301-320,555.7920205616825,164.50085999179404,2.252008652404949,2.252008652404949,-391.29116056988846,70.40244301716498
width125-n96,96,0.02263390483074383,11.825457423506625,1.25,raw_J,310,301-320,556.8994764068553,164.82556260230592,2.256453815113325,2.256453815113325,-392.0739138045494,70.40299558804237
width125-n96,96,0.02263390483074383,11.825457423506625,1.25,raw_J,311,301-320,557.5646591720586,164.82599547606628,2.2564597411337344,2.2564597411337344,-392.7386636959923,70.43822760918519
width125-n96,96,0.02263390483074383,11.825457423506625,1.25,raw_J,312,301-320,559.3162370286822,165.2855228295515,2.2627506479175477,2.2627506479175477,-394.03071419913067,70.448645705761
width125-n96,96,0.02263390483074383,11.825457423506625,1.25,raw_J,313,301-320,560.2408074972957,165.83072441819493,2.2702144307512127,2.2702144307512127,-394.4100830791008,70.40009899332523
width125-n96,96,0.02263390483074383,11.825457423506625,1.25,raw_J,314,301-320,562.5592076160458,165.83074351317217,2.2702146921605086,2.2702146921605086,-396.72846410287366,70.52208171724499
width125-n96,96,0.02263390483074383,11.825457423506625,1.25,raw_J,315,301-320,564.1608791107861,166.27042554257696,2.276233917437361,2.276233917437361,-397.8904535682092,70.5278349316515
width125-n96,96,0.02263390483074383,11.825457423506625,1.25,raw_J,316,301-320,564.5060559381499,166.53890563424187,2.279909396638248,2.279909396638248,-397.967150303908,70.49829600898228
width125-n96,96,0.02263390483074383,11.825457423506625,1.25,raw_J,317,301-320,566.698787682808,166.82230577161212,2.2837891305282856,2.2837891305282856,-399.8764819111958,70.5624382127696
width125-n96,96,0.02263390483074383,11.825457423506625,1.25,raw_J,318,301-320,567.7317579011769,166.8725420946858,2.2844768633111574,2.2844768633111574,-400.85921580649114,70.60715033599851
width125-n96,96,0.02263390483074383,11.825457423506625,1.25,raw_J,319,301-320,568.9239551796294,167.59486187821608,2.2943653854890633,2.2943653854890633,-401.3290933014133,70.54178148900401
width125-n96,96,0.02263390483074383,11.825457423506625,1.25,raw_J,320,301-320,570.0511147824636,168.0288405995706,2.300306532760262,2.300306532760262,-402.02227418289306,70.52389930617156
