/root/autodl-tmp/hilbert-polya-structure/docs/papers204_208_sequence/scouting/word_local/SCOUT_REPORT.md:55:The six-letter trajectory `010110 -> 002001 -> 010210 -> 001001 <-> 010310`
/root/autodl-tmp/hilbert-polya-structure/docs/papers204_208_sequence/scouting/word_local/MNC_GATE/SOURCE_AND_PROOF.md:36:The only one-producing triples are $010,101$. Define
/root/autodl-tmp/hilbert-polya-structure/symbolic_dynamics/docs/papers112_116_sequence/scouting/STOCHASTIC_SCOUT.md:145:whereas the four shortest resets are exactly `ABA, ABB, BAA, BAB`, with
/root/autodl-tmp/hilbert-polya-structure/symbolic_dynamics/docs/papers112_116_sequence/scouting/STOCHASTIC_SCOUT.md:270:  `ABA/ABB/BAA/BAB`, so absence of reset/regeneration is false and cannot
/root/autodl-tmp/hilbert-polya-structure/symbolic_dynamics/docs/papers117_121_sequence/scouting/STOCHASTIC_SCOUT.md:251:  is nonconfluent:
/root/autodl-tmp/hilbert-polya-structure/docs/papers204_208_sequence/scouting/graph_algebra_fifth/INTAKE.md:36:- Mutual sandwich (aba,bab) has the old product-cubing reduction and is
/root/autodl-tmp/hilbert-polya-structure/symbolic_dynamics/docs/papers132_136_sequence/replacement_scout/stochastic/SCOUT.md:51:| `BR2` | In a three-one rectangle, delete the one opposite the missing corner; choose the labelled active rectangle uniformly.  Audit exact terminal law and possible clocks. | `K_(2,3)`, `K_(3,3)`; 576 inputs; 2,304 assertions. | 243 nonconfluent and 159 variable-clock sources, at most 13 terminals.  **Kill.** |
/root/autodl-tmp/hilbert-polya-structure/symbolic_dynamics/docs/papers132_136_sequence/replacement_scout/stochastic/SCOUT.md:53:| `FG2` | From a full affine two-plane in `AG(3,2)`, choose a plane-and-point event and delete that point uniformly. | All 256 subsets; 1,024 assertions. | 107 nonconfluent sources and as many as 56 cap-set terminals.  The clock happens to be fixed by matroid nullity, but the terminal law has no closed atlas.  **Kill.** |
/root/autodl-tmp/hilbert-polya-structure/symbolic_dynamics/docs/papers132_136_sequence/replacement_scout/stochastic/SCOUT.md:57:| `HG2` | From a complete tetrahedron boundary, choose one of its four faces uniformly and delete it. | Every 3-graph on 4 and 5 vertices; 1,040 inputs; 4,160 assertions. | 257 nonconfluent and 51 variable-clock sources, up to 155 terminals.  **Kill.** |
/root/autodl-tmp/hilbert-polya-structure/symbolic_dynamics/docs/papers132_136_sequence/replacement_scout/stochastic/SCOUT.md:60:| `HG5` | Choose an incomparable present pair.  Delete the larger-cardinality member, or either member when tied, uniformly over events. | All 128 nonempty-set families; 512 assertions. | 96 nonconfluent and 68 variable-clock sources, up to nine chain terminals.  **Kill arbitrary thinning.** |
/root/autodl-tmp/hilbert-polya-structure/symbolic_dynamics/docs/papers132_136_sequence/replacement_scout/stochastic/SCOUT.md:61:| `MT1` | A path-edge subset has distinct weights.  For an adjacent active conflict, delete its lower-weight edge; choose an active conflict uniformly. | All weight orders and active subsets for 3, 4, 5 edges; 4,272 inputs; 17,088 assertions. | 354 nonconfluent and 354 variable-clock instances, up to five matchings.  **Kill asynchronous heuristic.** |
/root/autodl-tmp/hilbert-polya-structure/symbolic_dynamics/docs/papers132_136_sequence/replacement_scout/stochastic/SCOUT.md:66:| `W03` | On ternary words, contract `abba` to `aa`. | Every word of length 0--9; 29,524 inputs; 118,096 assertions. | 978 nonconfluent and 348 variable-clock sources, up to three terminals.  **Kill.** |
/root/autodl-tmp/hilbert-polya-structure/symbolic_dynamics/docs/papers132_136_sequence/replacement_scout/stochastic/SCOUT.md:69:| `BF2` | Choose a unit clause, satisfy its literal, delete satisfied clauses and the opposite literal elsewhere; an empty clause absorbs. | Same 18,158 formulas; 72,632 assertions. | 1,812 sources can reach contradiction; 1,259 are nonconfluent and 448 have variable clocks, with up to four terminals.  **Kill textbook unit propagation.** |
/root/autodl-tmp/hilbert-polya-structure/symbolic_dynamics/docs/papers132_136_sequence/scouting/stochastic/SCOUT.md:46:| `R06` | Binary cycle; flip an isolated bit whose two neighbours agree. Audit all absorbing states and the exact uniform-active law. | lengths 3--12; 8,184 | 4,894 sources are nonconfluent, with at most 29 terminals; zero-temperature one-dimensional Glauber mechanism. **Kill.** |
/root/autodl-tmp/hilbert-polya-structure/symbolic_dynamics/docs/papers132_136_sequence/scouting/stochastic/SCOUT.md:48:| `R08` | Binary line; rewrite `010 -> 101`. Audit terminal and path-length sets. | lengths 1--12; 8,190 | 3,106 sources have multiple normal forms and 2,242 have variable clocks; at most nine terminals. **Kill nonconfluent.** |
/root/autodl-tmp/hilbert-polya-structure/symbolic_dynamics/docs/papers132_136_sequence/scouting/stochastic/SCOUT.md:64:| `Q04` | Nonnegative piles; when adjacent piles are both positive, subtract one from each. Audit exact absorbing law. | heights 0--2, lengths 2--7; 3,276 | 1,940 sources are nonconfluent, with at most 13 terminals; stochastic matching erosion. **Kill.** |
/root/autodl-tmp/hilbert-polya-structure/symbolic_dynamics/docs/papers157_161_sequence/scouting/combinatorial/SCOUT.md:50:| 14 | `ASD` | binary words; delete second copy of shortest-leftmost square | terminal words have length at most three | **`KILL_WORD_REWRITE_THIN`** |
/root/autodl-tmp/hilbert-polya-structure/docs/papers204_208_sequence/scouting/algebra_third/PROOF_AND_ADAPTER_NOTES.md:128:on $011$ and $110$. In Wolfram's order $111,110,101,100,011,010,001,000$
/root/autodl-tmp/hilbert-polya-structure/symbolic_dynamics/docs/papers147_151_sequence/scouting/combinatorial/SCOUT.md:556:to `101`, which is sent back to `010`.  This kills any convergence-to-
/root/autodl-tmp/hilbert-polya-structure/symbolic_dynamics/docs/papers127_131_sequence/scouting/algebraic/verify_algebraic_scout.py:347:GF2_MODULI = {2: 0b111, 3: 0b1011, 4: 0b10011, 5: 0b100101}
/root/autodl-tmp/hilbert-polya-structure/symbolic_dynamics/docs/papers162_166_sequence/scouting/true_twin_projection/SCOUT.md:229:[10.1016/j.jcta.2010.03.009](https://doi.org/10.1016/j.jcta.2010.03.009).
/root/autodl-tmp/hilbert-polya-structure/symbolic_dynamics/docs/papers162_166_sequence/scouting/true_twin_projection/SCOUT.md:246:[10.1016/j.cosrev.2010.01.001](https://doi.org/10.1016/j.cosrev.2010.01.001).
/root/autodl-tmp/hilbert-polya-structure/docs/papers204_208_sequence/scouting/graph_algebra_fifth/PROOF_BOUNDARIES.md:110:mutual sandwich $(aba,bab)$ is a different literal; no conjugacy to that
/root/autodl-tmp/hilbert-polya-structure/symbolic_dynamics/docs/papers147_151_sequence/scouting/combinatorial/verify_combinatorial_scout.py:846:        if pattern in (0b010, 0b101):
/root/autodl-tmp/hilbert-polya-structure/docs/papers204_208_sequence/scouting/word_local/ZA_PROOF_WORK/PROOF_ATTEMPT_REPORT.md:31:x  = 0010010100
/root/autodl-tmp/hilbert-polya-structure/docs/papers204_208_sequence/scouting/word_local/ZA_PROOF_WORK/PROOF_ATTEMPT_REPORT.md:54:010120101101
/root/autodl-tmp/hilbert-polya-structure/docs/papers204_208_sequence/scouting/word_local/ZA_PROOF_WORK/PROOF_ATTEMPT_REPORT.md:68:Zx = 0102101 < 0104101 = Zy
/root/autodl-tmp/hilbert-polya-structure/symbolic_dynamics/docs/papers157_161_sequence/phase1/combinatorial_gate/REPLACEMENT_SCOUT.md:201:- **Update.** Find the leftmost commuting or long-braid relation whose
/root/autodl-tmp/hilbert-polya-structure/symbolic_dynamics/docs/papers127_131_sequence/scouting/stochastic/SCOUT.md:69:| `S24` | Fixed-length binary words; choose `101` uniformly and rewrite it to `010`. | All words `n=1..15`; terminal sets through `n=12`; 65,534 sources. | 196,612 | `KILL_NONCONFLUENT_COMPLEXITY`: 3,106 sources have multiple normal forms, with multiplicity at least nine. |
/root/autodl-tmp/hilbert-polya-structure/symbolic_dynamics/docs/papers117_121_sequence/scouting/ALGEBRAIC_PHASE2B_SCOUT.md:37:| B2B-06 | On pairs of involutions, $S(a,b)=(aba,bab)$ | For $r=ab$, the update is $r\mapsto r^3$ | **KILL: power wrapper** |
/root/autodl-tmp/hilbert-polya-structure/symbolic_dynamics/docs/papers117_121_sequence/scouting/ALGEBRAIC_PHASE2B_SCOUT.md:293:On pairs $a^2=b^2=1$, put $S(a,b)=(aba,bab)$. With $r=ab$, one computes
/root/autodl-tmp/hilbert-polya-structure/symbolic_dynamics/papers/116-max-plus-switching-induced-growth/sections/2_generators.tex:99:and, in lexicographic order $AAA,AAB,ABA,ABB,BAA,BAB,BBA,BBB$, the
/root/autodl-tmp/hilbert-polya-structure/symbolic_dynamics/docs/papers122_126_sequence/scouting/replacement/SCOUT.md:95:  machinery](https://doi.org/10.1016/j.laa.2025.02.010);
/root/autodl-tmp/hilbert-polya-structure/symbolic_dynamics/papers/19-stationary-semiring-sieve-shift/results/power_trace_ledger.csv:12:11,1106836139444375140885561570765260880346563116558995586183779102698006307296659134113182609547432322924033265317481383138722056907704349431172051807616733890106098440020913512601/4641786830697303485686152282387650964720821051812397072011013607727936772687382254276209332534245801190496666081750249162902611430788184098628271473127119356475690000000000000000000000,1106836139444375140885561570765260880346563116558995586183779102698006307296659134113182609547432322924033265317481383138722056907704349431172051807616733890106098440020913512601/4641786830697303485686152282387650964720821051812397072011013607727936772687382254276209332534245801190496666081750249162902611430788184098628271473127119356475690000000000000000000000,True
/root/autodl-tmp/hilbert-polya-structure/symbolic_dynamics/docs/papers132_136_sequence/scouting/stochastic/verify_stochastic_scout.py:440:           states, f"exact terminal laws; {multi_sources} nonconfluent sources and up to {max_terminals} terminals",
/root/autodl-tmp/hilbert-polya-structure/symbolic_dynamics/docs/papers132_136_sequence/scouting/stochastic/verify_stochastic_scout.py:493:    record("R08", "nonconfluent cellular rewrite", "all binary words length 1..12",
/root/autodl-tmp/hilbert-polya-structure/symbolic_dynamics/docs/papers132_136_sequence/scouting/stochastic/verify_stochastic_scout.py:495:           "KILL_NONCONFLUENT", before)
/root/autodl-tmp/hilbert-polya-structure/symbolic_dynamics/docs/papers132_136_sequence/scouting/stochastic/verify_stochastic_scout.py:1147:           states, f"exact absorbing laws; {multi} nonconfluent sources, up to {max_terminals} terminals",
/root/autodl-tmp/hilbert-polya-structure/symbolic_dynamics/docs/papers147_151_sequence/scouting/algebraic/SCOUT.md:371:| TMD | Akbary, Ghioca, and Wang, [*On constructing permutations of finite fields*](https://doi.org/10.1016/j.ffa.2010.10.002), [author PDF](https://people.math.carleton.ca/~wang/papers/PPAGW.pdf) | explicit trace-reduction framework containing maps of the form `h(Tr(x)) phi(x)+g(Tr(x))`, including the `x h(Tr(x))` neighbourhood | does not directly supply the TMD functional graph found here, but makes owner risk medium-high |
/root/autodl-tmp/hilbert-polya-structure/symbolic_dynamics/papers/25-holomorphic-lefschetz-code-collapse/results/shared_disjoint_power_ledger.csv:41:31,matched_density_seeded_random,2|10|11|15,8,2363620010028273497220982601011201/77265046932131206169300039062500000000,150908294790524493935893587765484001/9889926007312794389670405000000000000000,46414161767093515062256561115381/3027219469639667704215000000000000000,False,True
/root/autodl-tmp/hilbert-polya-structure/symbolic_dynamics/papers/25-holomorphic-lefschetz-code-collapse/results/shared_disjoint_power_ledger.csv:160:511,matched_density_hash,6|9|13|28,7,8707205797505053883601072724498165703125/16398891907101101867046335289881551930381855358976,209986193084476963741061542149097557385/16398891907101101867046335289881551930381855358976,4071866370531019047168605117446645/7858346562652074967484533963711897348866048,False,True
/root/autodl-tmp/hilbert-polya-structure/symbolic_dynamics/papers/21-successor-divisor-cycle-flood/results/weighted_trace_ledger.csv:44:SD-C23,full,3,31,11,21,True,201101052276869230041034531619304087780488862771500631773/4032832143065185234967134115475526250166771055425952121627860795392000000000000000000,201101052276869230041034531619304087780488862771500631773,4032832143065185234967134115475526250166771055425952121627860795392000000000000000000,sparse_fraction_dynamic_program,True
/root/autodl-tmp/hilbert-polya-structure/symbolic_dynamics/docs/papers162_166_sequence/scouting/replacement_stochastic_nonlinear/verify_scout.py:402:    yield "G01", states, g01, 0b0010110101, lambda m: (m.bit_count(), triangle_count(m))
/root/autodl-tmp/hilbert-polya-structure/symbolic_dynamics/docs/papers162_166_sequence/scouting/replacement_stochastic_nonlinear/verify_scout.py:418:    yield "G02", states, g02, 0b1101010011, lambda m: (m.bit_count(), triangle_count(m))
/root/autodl-tmp/hilbert-polya-structure/symbolic_dynamics/docs/papers162_166_sequence/scouting/replacement_stochastic_nonlinear/verify_scout.py:438:    yield "G03", states, g03, 0b0001011011, lambda m: (m.bit_count(), triangle_count(m))
/root/autodl-tmp/hilbert-polya-structure/symbolic_dynamics/docs/papers162_166_sequence/scouting/replacement_stochastic_nonlinear/verify_scout.py:458:    yield "G05", states, g05, 0b1110100101, lambda m: (m.bit_count(), triangle_count(m) & 1)
/root/autodl-tmp/hilbert-polya-structure/symbolic_dynamics/papers/25-holomorphic-lefschetz-code-collapse/results/nuclearity_domain_ledger.csv:16:511,prime_evaluator,97,67145739266000062990025166622717418361459616698917599983548266350250816970297671328885493552418953235583279070820588342094622498190667685445292643835657494214478054872642681745098790386247266094422536228250942571/31964081287196888554640742530273949712805599189441373009521636182430667982828077742788853029807931798207106885718293402541861369758591699412090677759187666930105491469725350718941073722934985042092154205321144030,461791139886916328937745887416442697626244501230847523806138800659589009749851571256039847209360138043137221187900204142213717543097561042955691004862961639290343245810659648204819374592903172702165675925822214148364085922327170359164531507746630150423624704846979224756677893608041407493734456515125812602327704281120308786895106746854252924297560039030362543899906827657628234139597675692322083216835696240134545221168161/1021702492534530299899072035742377694654291383995838600773726890330910651183103702803957970443243383381404670165435594277368257820863918347253395258837776442644778147065600386574651713939027495101438551150014829615903743554323480302917259089368491936407661031327600039427685359429050549635168014916722956678327705338271134641077524129905552410376979518807600116583887542989560104418936886294184666313570090653425788004640900,Re(s)>1_uniform_guarantee,Re(s)>1_uniform_guarantee,Re(s)>1_uniform_guarantee,Re(s)>1,False,graded_determinant_one,True,False
/root/autodl-tmp/hilbert-polya-structure/symbolic_dynamics/papers/25-holomorphic-lefschetz-code-collapse/results/nuclearity_domain_ledger.csv:19:511,all_integer_control,510,63206228236640010378652692739876683388950438651418047397291801582476032198638775989108075939570770535220645922760977322165259521526975475956239932311246183974464333699958099933496667466124917990126038945498605730118564879/10870330888959153886891122435644546459412931100558165290353416856224689159435427437222929486033227115395530592314418654621595737325592488189127844200460770129169987270623030588240890007883553635597714573968763099709269760,45718738898673626743615622919540766690365055877542926643719375132360426129292740160130076353071357015604548918283116734161009163815990215224629522249863889353895901879235890550977156829546202154331329436190360835080708147864302527166650645200701876829047976603146358073711775145312738114744784826284427116045073751257542986148580458708233009096574370279956601667791232419252836091101109066424719320129303545783942116218140782985190853843268369/71104556344593367208511090820180215579503651042730802790570384393887284868723971545986792188107401220636186800389792144542154813107222848657893363969270829074113965248681085082296605148077744265997322519807710920335799237044613666538228403049504630725445876708316695298417852911379053729826252670262532760357459177954740859424851473544633201173829106874592853610894562617327330273395478597974026171316783420919838818658904392769962201292800000,Re(s)>1_uniform_guarantee,Re(s)>1_uniform_guarantee,Re(s)>1_uniform_guarantee,control_inventory_not_used_for_prime_boundary,False,graded_determinant_one,True,False
/root/autodl-tmp/hilbert-polya-structure/symbolic_dynamics/papers/25-holomorphic-lefschetz-code-collapse/results/nuclearity_domain_ledger.csv:22:511,arbitrary_decidable_modular,218,40289433410109457478245605512095069910072452515477197635690092638402032279586632663430832685146683313199081282304032862316185316059652890141521763/15193072276041683953033000057972327905126634405473309420520207001411145945713000401342237859605008478533408703945381834627523142309481385295648000,29300268263380869687392952179433153554780988477831721977366592186833611476260832787422871959675373921231680577285082702758301208765356587230676409769055943899488907573608468977777801727388618855832249828121540632459712990166875437724230600267972110591322384552159303816989451362667147820303/76943148395008811599453752046570664365284458499063503735830463445801967260625124007320801015155818142408181687003950485616727890081451348968105173977485574641567673299868154525698854740189565743175199627335106320888819128348270325546149458541350607458101198372663872181776704122579968000000,Re(s)>1_uniform_guarantee,Re(s)>1_uniform_guarantee,Re(s)>1_uniform_guarantee,control_inventory_not_used_for_prime_boundary,False,graded_determinant_one,True,False
/root/autodl-tmp/hilbert-polya-structure/symbolic_dynamics/papers/82-shifted-fredkin-frozen-sft/main.tex:208:Thus index order is $000,100,010,110,001,101,011,111$.
/root/autodl-tmp/hilbert-polya-structure/symbolic_dynamics/papers/27-mobius-incidence-atom-compiler/results/power_trace_ledger.csv:8:7,925159716503618055981145859540033642569582904074016076387143190400759647931099763236944485830100298809519369330856161410177383297752622105001/31679727296044247689404729980435870000030510957185124868494649824688214621630584781624962439577502987838789204398356862339570695274705715200000000000000,925159716503618055981145859540033642569582904074016076387143190400759647931099763236944485830100298809519369330856161410177383297752622105001/31679727296044247689404729980435870000030510957185124868494649824688214621630584781624962439577502987838789204398356862339570695274705715200000000000000,2:21;3:21;5:35;7:35;11:49;13:49;17:63;19:63;23:63;29:63,True
/root/autodl-tmp/hilbert-polya-structure/symbolic_dynamics/papers/30-free-monoid-incidence-indistinguishability/results/baseline_subset_ledger.csv:40:18,pair,11*13,true,true,true,true,true,true,1/25010021906681013488
/root/autodl-tmp/hilbert-polya-structure/symbolic_dynamics/papers/30-free-monoid-incidence-indistinguishability/results/baseline_subset_ledger.csv:108:30,pair,11*13,true,true,true,true,true,true,1/25010021906681013488
/root/autodl-tmp/symbolic_dynamics/docs/papers117_121_sequence/scouting/ALGEBRAIC_PHASE2B_SCOUT.md:37:| B2B-06 | On pairs of involutions, $S(a,b)=(aba,bab)$ | For $r=ab$, the update is $r\mapsto r^3$ | **KILL: power wrapper** |
/root/autodl-tmp/symbolic_dynamics/docs/papers117_121_sequence/scouting/ALGEBRAIC_PHASE2B_SCOUT.md:293:On pairs $a^2=b^2=1$, put $S(a,b)=(aba,bab)$. With $r=ab$, one computes
/root/autodl-tmp/symbolic_dynamics/docs/papers122_126_sequence/scouting/replacement/SCOUT.md:95:  machinery](https://doi.org/10.1016/j.laa.2025.02.010);
/root/autodl-tmp/hilbert-polya-structure/symbolic_dynamics/papers/31-wilson-semiring-verifier-trichotomy/results/wilson_ledger.csv:52:52,0,0,0,0,c47a0e1be9a5aba08448176928bbab5aae0d33ee61d54a9589645687094b2927
/root/autodl-tmp/hilbert-polya-structure/symbolic_dynamics/papers/31-wilson-semiring-verifier-trichotomy/results/wilson_ledger.csv:716:716,0,0,0,0,a63ceb9fe0aba3b994c1d1f0843f2698edf7c3d4e154d7cbab6f3ac15e7424c2
/root/autodl-tmp/hilbert-polya-structure/symbolic_dynamics/papers/31-wilson-semiring-verifier-trichotomy/results/wilson_ledger.csv:3331:3331,3330,1,1,3330,0aab90536e75582b70c3f3010d7caba25e0b10adbc13e5e3222ec06bab8dc9c7
/root/autodl-tmp/hilbert-polya-structure/symbolic_dynamics/papers/34-positive-recognition-recurrence-quadrilemma/results/code_clock_ledger.csv:22:2,21,000010101,9,10,1/10,1/1,True
/root/autodl-tmp/hilbert-polya-structure/symbolic_dynamics/papers/34-positive-recognition-recurrence-quadrilemma/results/code_clock_ledger.csv:38:2,37,00000100101,11,12,1/12,1/1,True
/root/autodl-tmp/hilbert-polya-structure/symbolic_dynamics/papers/34-positive-recognition-recurrence-quadrilemma/results/code_clock_ledger.csv:43:2,42,00000101010,11,12,1/12,1/1,True
/root/autodl-tmp/hilbert-polya-structure/symbolic_dynamics/papers/34-positive-recognition-recurrence-quadrilemma/results/code_clock_ledger.csv:44:2,43,00000101011,11,12,1/12,1/1,True
/root/autodl-tmp/hilbert-polya-structure/symbolic_dynamics/papers/34-positive-recognition-recurrence-quadrilemma/results/code_clock_ledger.csv:46:2,45,00000101101,11,12,1/12,1/1,True
/root/autodl-tmp/hilbert-polya-structure/symbolic_dynamics/papers/34-positive-recognition-recurrence-quadrilemma/results/code_clock_ledger.csv:70:2,69,0000001000101,13,14,1/14,1/1,True
/root/autodl-tmp/hilbert-polya-structure/symbolic_dynamics/papers/34-positive-recognition-recurrence-quadrilemma/results/code_clock_ledger.csv:75:2,74,0000001001010,13,14,1/14,1/1,True
/root/autodl-tmp/hilbert-polya-structure/symbolic_dynamics/papers/34-positive-recognition-recurrence-quadrilemma/results/code_clock_ledger.csv:76:2,75,0000001001011,13,14,1/14,1/1,True
/root/autodl-tmp/hilbert-polya-structure/symbolic_dynamics/papers/34-positive-recognition-recurrence-quadrilemma/results/code_clock_ledger.csv:78:2,77,0000001001101,13,14,1/14,1/1,True
/root/autodl-tmp/hilbert-polya-structure/symbolic_dynamics/papers/34-positive-recognition-recurrence-quadrilemma/results/code_clock_ledger.csv:83:2,82,0000001010010,13,14,1/14,1/1,True
/root/autodl-tmp/hilbert-polya-structure/symbolic_dynamics/papers/34-positive-recognition-recurrence-quadrilemma/results/code_clock_ledger.csv:85:2,84,0000001010100,13,14,1/14,1/1,True
/root/autodl-tmp/hilbert-polya-structure/symbolic_dynamics/papers/34-positive-recognition-recurrence-quadrilemma/results/code_clock_ledger.csv:86:2,85,0000001010101,13,14,1/14,1/1,True
/root/autodl-tmp/hilbert-polya-structure/symbolic_dynamics/papers/34-positive-recognition-recurrence-quadrilemma/results/code_clock_ledger.csv:87:2,86,0000001010110,13,14,1/14,1/1,True
/root/autodl-tmp/hilbert-polya-structure/symbolic_dynamics/papers/34-positive-recognition-recurrence-quadrilemma/results/code_clock_ledger.csv:88:2,87,0000001010111,13,14,1/14,1/1,True
/root/autodl-tmp/hilbert-polya-structure/symbolic_dynamics/papers/34-positive-recognition-recurrence-quadrilemma/results/code_clock_ledger.csv:91:2,90,0000001011010,13,14,1/14,1/1,True
/root/autodl-tmp/hilbert-polya-structure/symbolic_dynamics/papers/34-positive-recognition-recurrence-quadrilemma/results/code_clock_ledger.csv:92:2,91,0000001011011,13,14,1/14,1/1,True
/root/autodl-tmp/hilbert-polya-structure/symbolic_dynamics/papers/34-positive-recognition-recurrence-quadrilemma/results/code_clock_ledger.csv:94:2,93,0000001011101,13,14,1/14,1/1,True
/root/autodl-tmp/hilbert-polya-structure/symbolic_dynamics/papers/34-positive-recognition-recurrence-quadrilemma/results/code_clock_ledger.csv:102:2,101,0000001100101,13,14,1/14,1/1,True
/root/autodl-tmp/hilbert-polya-structure/symbolic_dynamics/papers/34-positive-recognition-recurrence-quadrilemma/results/code_clock_ledger.csv:107:2,106,0000001101010,13,14,1/14,1/1,True
/root/autodl-tmp/hilbert-polya-structure/symbolic_dynamics/papers/34-positive-recognition-recurrence-quadrilemma/results/code_clock_ledger.csv:134:2,133,000000010000101,15,16,1/16,1/1,True
/root/autodl-tmp/hilbert-polya-structure/symbolic_dynamics/papers/34-positive-recognition-recurrence-quadrilemma/results/code_clock_ledger.csv:139:2,138,000000010001010,15,16,1/16,1/1,True
/root/autodl-tmp/hilbert-polya-structure/symbolic_dynamics/papers/34-positive-recognition-recurrence-quadrilemma/results/code_clock_ledger.csv:140:2,139,000000010001011,15,16,1/16,1/1,True
/root/autodl-tmp/hilbert-polya-structure/symbolic_dynamics/papers/34-positive-recognition-recurrence-quadrilemma/results/code_clock_ledger.csv:142:2,141,000000010001101,15,16,1/16,1/1,True
/root/autodl-tmp/hilbert-polya-structure/symbolic_dynamics/papers/34-positive-recognition-recurrence-quadrilemma/results/code_clock_ledger.csv:149:2,148,000000010010100,15,16,1/16,1/1,True
/root/autodl-tmp/hilbert-polya-structure/symbolic_dynamics/papers/34-positive-recognition-recurrence-quadrilemma/results/code_clock_ledger.csv:150:2,149,000000010010101,15,16,1/16,1/1,True
/root/autodl-tmp/hilbert-polya-structure/symbolic_dynamics/papers/34-positive-recognition-recurrence-quadrilemma/results/code_clock_ledger.csv:151:2,150,000000010010110,15,16,1/16,1/1,True
/root/autodl-tmp/hilbert-polya-structure/symbolic_dynamics/papers/34-positive-recognition-recurrence-quadrilemma/results/code_clock_ledger.csv:152:2,151,000000010010111,15,16,1/16,1/1,True
/root/autodl-tmp/hilbert-polya-structure/symbolic_dynamics/papers/34-positive-recognition-recurrence-quadrilemma/results/code_clock_ledger.csv:155:2,154,000000010011010,15,16,1/16,1/1,True
/root/autodl-tmp/hilbert-polya-structure/symbolic_dynamics/papers/34-positive-recognition-recurrence-quadrilemma/results/code_clock_ledger.csv:156:2,155,000000010011011,15,16,1/16,1/1,True
/root/autodl-tmp/hilbert-polya-structure/symbolic_dynamics/papers/34-positive-recognition-recurrence-quadrilemma/results/code_clock_ledger.csv:158:2,157,000000010011101,15,16,1/16,1/1,True
/root/autodl-tmp/hilbert-polya-structure/symbolic_dynamics/papers/34-positive-recognition-recurrence-quadrilemma/results/code_clock_ledger.csv:163:2,162,000000010100010,15,16,1/16,1/1,True
/root/autodl-tmp/hilbert-polya-structure/symbolic_dynamics/papers/34-positive-recognition-recurrence-quadrilemma/results/code_clock_ledger.csv:165:2,164,000000010100100,15,16,1/16,1/1,True
/root/autodl-tmp/hilbert-polya-structure/symbolic_dynamics/papers/34-positive-recognition-recurrence-quadrilemma/results/code_clock_ledger.csv:166:2,165,000000010100101,15,16,1/16,1/1,True
/root/autodl-tmp/hilbert-polya-structure/symbolic_dynamics/papers/34-positive-recognition-recurrence-quadrilemma/results/code_clock_ledger.csv:169:2,168,000000010101000,15,16,1/16,1/1,True
/root/autodl-tmp/hilbert-polya-structure/symbolic_dynamics/papers/34-positive-recognition-recurrence-quadrilemma/results/code_clock_ledger.csv:170:2,169,000000010101001,15,16,1/16,1/1,True
/root/autodl-tmp/hilbert-polya-structure/symbolic_dynamics/papers/34-positive-recognition-recurrence-quadrilemma/results/code_clock_ledger.csv:171:2,170,000000010101010,15,16,1/16,1/1,True
/root/autodl-tmp/hilbert-polya-structure/symbolic_dynamics/papers/34-positive-recognition-recurrence-quadrilemma/results/code_clock_ledger.csv:172:2,171,000000010101011,15,16,1/16,1/1,True
/root/autodl-tmp/hilbert-polya-structure/symbolic_dynamics/papers/34-positive-recognition-recurrence-quadrilemma/results/code_clock_ledger.csv:173:2,172,000000010101100,15,16,1/16,1/1,True
/root/autodl-tmp/hilbert-polya-structure/symbolic_dynamics/papers/34-positive-recognition-recurrence-quadrilemma/results/code_clock_ledger.csv:174:2,173,000000010101101,15,16,1/16,1/1,True
/root/autodl-tmp/hilbert-polya-structure/symbolic_dynamics/papers/34-positive-recognition-recurrence-quadrilemma/results/code_clock_ledger.csv:175:2,174,000000010101110,15,16,1/16,1/1,True
/root/autodl-tmp/hilbert-polya-structure/symbolic_dynamics/papers/34-positive-recognition-recurrence-quadrilemma/results/code_clock_ledger.csv:176:2,175,000000010101111,15,16,1/16,1/1,True
/root/autodl-tmp/hilbert-polya-structure/symbolic_dynamics/papers/34-positive-recognition-recurrence-quadrilemma/results/code_clock_ledger.csv:179:2,178,000000010110010,15,16,1/16,1/1,True
/root/autodl-tmp/hilbert-polya-structure/symbolic_dynamics/papers/34-positive-recognition-recurrence-quadrilemma/results/code_clock_ledger.csv:181:2,180,000000010110100,15,16,1/16,1/1,True
/root/autodl-tmp/hilbert-polya-structure/symbolic_dynamics/papers/34-positive-recognition-recurrence-quadrilemma/results/code_clock_ledger.csv:182:2,181,000000010110101,15,16,1/16,1/1,True
/root/autodl-tmp/hilbert-polya-structure/symbolic_dynamics/papers/34-positive-recognition-recurrence-quadrilemma/results/code_clock_ledger.csv:183:2,182,000000010110110,15,16,1/16,1/1,True
/root/autodl-tmp/hilbert-polya-structure/symbolic_dynamics/papers/34-positive-recognition-recurrence-quadrilemma/results/code_clock_ledger.csv:184:2,183,000000010110111,15,16,1/16,1/1,True
/root/autodl-tmp/hilbert-polya-structure/symbolic_dynamics/papers/34-positive-recognition-recurrence-quadrilemma/results/code_clock_ledger.csv:187:2,186,000000010111010,15,16,1/16,1/1,True
/root/autodl-tmp/hilbert-polya-structure/symbolic_dynamics/papers/34-positive-recognition-recurrence-quadrilemma/results/code_clock_ledger.csv:188:2,187,000000010111011,15,16,1/16,1/1,True
/root/autodl-tmp/hilbert-polya-structure/symbolic_dynamics/papers/34-positive-recognition-recurrence-quadrilemma/results/code_clock_ledger.csv:190:2,189,000000010111101,15,16,1/16,1/1,True
/root/autodl-tmp/hilbert-polya-structure/symbolic_dynamics/papers/34-positive-recognition-recurrence-quadrilemma/results/code_clock_ledger.csv:211:2,210,000000011010010,15,16,1/16,1/1,True
/root/autodl-tmp/hilbert-polya-structure/symbolic_dynamics/papers/34-positive-recognition-recurrence-quadrilemma/results/code_clock_ledger.csv:213:2,212,000000011010100,15,16,1/16,1/1,True
/root/autodl-tmp/hilbert-polya-structure/symbolic_dynamics/papers/34-positive-recognition-recurrence-quadrilemma/results/code_clock_ledger.csv:214:2,213,000000011010101,15,16,1/16,1/1,True
/root/autodl-tmp/hilbert-polya-structure/symbolic_dynamics/papers/34-positive-recognition-recurrence-quadrilemma/results/code_clock_ledger.csv:219:2,218,000000011011010,15,16,1/16,1/1,True
/root/autodl-tmp/hilbert-polya-structure/symbolic_dynamics/papers/34-positive-recognition-recurrence-quadrilemma/results/code_clock_ledger.csv:235:2,234,000000011101010,15,16,1/16,1/1,True
/root/autodl-tmp/hilbert-polya-structure/symbolic_dynamics/papers/34-positive-recognition-recurrence-quadrilemma/results/code_clock_ledger.csv:262:2,261,00000000100000101,17,18,1/18,1/1,True
/root/autodl-tmp/hilbert-polya-structure/symbolic_dynamics/papers/34-positive-recognition-recurrence-quadrilemma/results/code_clock_ledger.csv:267:2,266,00000000100001010,17,18,1/18,1/1,True
/root/autodl-tmp/hilbert-polya-structure/symbolic_dynamics/papers/34-positive-recognition-recurrence-quadrilemma/results/code_clock_ledger.csv:268:2,267,00000000100001011,17,18,1/18,1/1,True
/root/autodl-tmp/hilbert-polya-structure/symbolic_dynamics/papers/34-positive-recognition-recurrence-quadrilemma/results/code_clock_ledger.csv:270:2,269,00000000100001101,17,18,1/18,1/1,True
/root/autodl-tmp/hilbert-polya-structure/symbolic_dynamics/papers/34-positive-recognition-recurrence-quadrilemma/results/code_clock_ledger.csv:277:2,276,00000000100010100,17,18,1/18,1/1,True
/root/autodl-tmp/hilbert-polya-structure/symbolic_dynamics/papers/34-positive-recognition-recurrence-quadrilemma/results/code_clock_ledger.csv:278:2,277,00000000100010101,17,18,1/18,1/1,True
/root/autodl-tmp/hilbert-polya-structure/symbolic_dynamics/papers/34-positive-recognition-recurrence-quadrilemma/results/code_clock_ledger.csv:279:2,278,00000000100010110,17,18,1/18,1/1,True
/root/autodl-tmp/hilbert-polya-structure/symbolic_dynamics/papers/34-positive-recognition-recurrence-quadrilemma/results/code_clock_ledger.csv:280:2,279,00000000100010111,17,18,1/18,1/1,True
/root/autodl-tmp/hilbert-polya-structure/symbolic_dynamics/papers/34-positive-recognition-recurrence-quadrilemma/results/code_clock_ledger.csv:283:2,282,00000000100011010,17,18,1/18,1/1,True
/root/autodl-tmp/hilbert-polya-structure/symbolic_dynamics/papers/34-positive-recognition-recurrence-quadrilemma/results/code_clock_ledger.csv:284:2,283,00000000100011011,17,18,1/18,1/1,True
/root/autodl-tmp/hilbert-polya-structure/symbolic_dynamics/papers/34-positive-recognition-recurrence-quadrilemma/results/code_clock_ledger.csv:286:2,285,00000000100011101,17,18,1/18,1/1,True
/root/autodl-tmp/hilbert-polya-structure/symbolic_dynamics/papers/34-positive-recognition-recurrence-quadrilemma/results/code_clock_ledger.csv:294:2,293,00000000100100101,17,18,1/18,1/1,True
/root/autodl-tmp/hilbert-polya-structure/symbolic_dynamics/papers/34-positive-recognition-recurrence-quadrilemma/results/code_clock_ledger.csv:297:2,296,00000000100101000,17,18,1/18,1/1,True
/root/autodl-tmp/hilbert-polya-structure/symbolic_dynamics/papers/34-positive-recognition-recurrence-quadrilemma/results/code_clock_ledger.csv:298:2,297,00000000100101001,17,18,1/18,1/1,True
/root/autodl-tmp/hilbert-polya-structure/symbolic_dynamics/papers/34-positive-recognition-recurrence-quadrilemma/results/code_clock_ledger.csv:299:2,298,00000000100101010,17,18,1/18,1/1,True
/root/autodl-tmp/hilbert-polya-structure/symbolic_dynamics/papers/34-positive-recognition-recurrence-quadrilemma/results/code_clock_ledger.csv:300:2,299,00000000100101011,17,18,1/18,1/1,True
/root/autodl-tmp/hilbert-polya-structure/symbolic_dynamics/papers/34-positive-recognition-recurrence-quadrilemma/results/code_clock_ledger.csv:301:2,300,00000000100101100,17,18,1/18,1/1,True
/root/autodl-tmp/hilbert-polya-structure/symbolic_dynamics/papers/34-positive-recognition-recurrence-quadrilemma/results/code_clock_ledger.csv:302:2,301,00000000100101101,17,18,1/18,1/1,True
/root/autodl-tmp/hilbert-polya-structure/symbolic_dynamics/papers/34-positive-recognition-recurrence-quadrilemma/results/code_clock_ledger.csv:303:2,302,00000000100101110,17,18,1/18,1/1,True
/root/autodl-tmp/hilbert-polya-structure/symbolic_dynamics/papers/34-positive-recognition-recurrence-quadrilemma/results/code_clock_ledger.csv:304:2,303,00000000100101111,17,18,1/18,1/1,True
/root/autodl-tmp/hilbert-polya-structure/symbolic_dynamics/papers/34-positive-recognition-recurrence-quadrilemma/results/code_clock_ledger.csv:309:2,308,00000000100110100,17,18,1/18,1/1,True
/root/autodl-tmp/hilbert-polya-structure/symbolic_dynamics/papers/34-positive-recognition-recurrence-quadrilemma/results/code_clock_ledger.csv:310:2,309,00000000100110101,17,18,1/18,1/1,True
/root/autodl-tmp/hilbert-polya-structure/symbolic_dynamics/papers/34-positive-recognition-recurrence-quadrilemma/results/code_clock_ledger.csv:311:2,310,00000000100110110,17,18,1/18,1/1,True
/root/autodl-tmp/hilbert-polya-structure/symbolic_dynamics/papers/34-positive-recognition-recurrence-quadrilemma/results/code_clock_ledger.csv:312:2,311,00000000100110111,17,18,1/18,1/1,True
/root/autodl-tmp/hilbert-polya-structure/symbolic_dynamics/papers/34-positive-recognition-recurrence-quadrilemma/results/code_clock_ledger.csv:315:2,314,00000000100111010,17,18,1/18,1/1,True
/root/autodl-tmp/hilbert-polya-structure/symbolic_dynamics/papers/34-positive-recognition-recurrence-quadrilemma/results/code_clock_ledger.csv:316:2,315,00000000100111011,17,18,1/18,1/1,True
/root/autodl-tmp/hilbert-polya-structure/symbolic_dynamics/papers/34-positive-recognition-recurrence-quadrilemma/results/code_clock_ledger.csv:318:2,317,00000000100111101,17,18,1/18,1/1,True
/root/autodl-tmp/hilbert-polya-structure/symbolic_dynamics/papers/34-positive-recognition-recurrence-quadrilemma/results/code_clock_ledger.csv:323:2,322,00000000101000010,17,18,1/18,1/1,True
/root/autodl-tmp/hilbert-polya-structure/symbolic_dynamics/papers/34-positive-recognition-recurrence-quadrilemma/results/code_clock_ledger.csv:325:2,324,00000000101000100,17,18,1/18,1/1,True
/root/autodl-tmp/hilbert-polya-structure/symbolic_dynamics/papers/34-positive-recognition-recurrence-quadrilemma/results/code_clock_ledger.csv:326:2,325,00000000101000101,17,18,1/18,1/1,True
/root/autodl-tmp/hilbert-polya-structure/symbolic_dynamics/papers/34-positive-recognition-recurrence-quadrilemma/results/code_clock_ledger.csv:329:2,328,00000000101001000,17,18,1/18,1/1,True
/root/autodl-tmp/hilbert-polya-structure/symbolic_dynamics/papers/34-positive-recognition-recurrence-quadrilemma/results/code_clock_ledger.csv:330:2,329,00000000101001001,17,18,1/18,1/1,True
/root/autodl-tmp/hilbert-polya-structure/symbolic_dynamics/papers/34-positive-recognition-recurrence-quadrilemma/results/code_clock_ledger.csv:331:2,330,00000000101001010,17,18,1/18,1/1,True
/root/autodl-tmp/hilbert-polya-structure/symbolic_dynamics/papers/34-positive-recognition-recurrence-quadrilemma/results/code_clock_ledger.csv:332:2,331,00000000101001011,17,18,1/18,1/1,True
/root/autodl-tmp/hilbert-polya-structure/symbolic_dynamics/papers/34-positive-recognition-recurrence-quadrilemma/results/code_clock_ledger.csv:334:2,333,00000000101001101,17,18,1/18,1/1,True
/root/autodl-tmp/hilbert-polya-structure/symbolic_dynamics/papers/34-positive-recognition-recurrence-quadrilemma/results/code_clock_ledger.csv:337:2,336,00000000101010000,17,18,1/18,1/1,True
/root/autodl-tmp/hilbert-polya-structure/symbolic_dynamics/papers/34-positive-recognition-recurrence-quadrilemma/results/code_clock_ledger.csv:338:2,337,00000000101010001,17,18,1/18,1/1,True
/root/autodl-tmp/hilbert-polya-structure/symbolic_dynamics/papers/34-positive-recognition-recurrence-quadrilemma/results/code_clock_ledger.csv:339:2,338,00000000101010010,17,18,1/18,1/1,True
/root/autodl-tmp/hilbert-polya-structure/symbolic_dynamics/papers/34-positive-recognition-recurrence-quadrilemma/results/code_clock_ledger.csv:340:2,339,00000000101010011,17,18,1/18,1/1,True
/root/autodl-tmp/hilbert-polya-structure/symbolic_dynamics/papers/34-positive-recognition-recurrence-quadrilemma/results/code_clock_ledger.csv:341:2,340,00000000101010100,17,18,1/18,1/1,True
/root/autodl-tmp/hilbert-polya-structure/symbolic_dynamics/papers/34-positive-recognition-recurrence-quadrilemma/results/code_clock_ledger.csv:342:2,341,00000000101010101,17,18,1/18,1/1,True
/root/autodl-tmp/hilbert-polya-structure/symbolic_dynamics/papers/34-positive-recognition-recurrence-quadrilemma/results/code_clock_ledger.csv:343:2,342,00000000101010110,17,18,1/18,1/1,True
/root/autodl-tmp/hilbert-polya-structure/symbolic_dynamics/papers/34-positive-recognition-recurrence-quadrilemma/results/code_clock_ledger.csv:344:2,343,00000000101010111,17,18,1/18,1/1,True
/root/autodl-tmp/hilbert-polya-structure/symbolic_dynamics/papers/34-positive-recognition-recurrence-quadrilemma/results/code_clock_ledger.csv:345:2,344,00000000101011000,17,18,1/18,1/1,True
/root/autodl-tmp/hilbert-polya-structure/symbolic_dynamics/papers/34-positive-recognition-recurrence-quadrilemma/results/code_clock_ledger.csv:346:2,345,00000000101011001,17,18,1/18,1/1,True
/root/autodl-tmp/hilbert-polya-structure/symbolic_dynamics/papers/34-positive-recognition-recurrence-quadrilemma/results/code_clock_ledger.csv:347:2,346,00000000101011010,17,18,1/18,1/1,True
/root/autodl-tmp/hilbert-polya-structure/symbolic_dynamics/papers/34-positive-recognition-recurrence-quadrilemma/results/code_clock_ledger.csv:348:2,347,00000000101011011,17,18,1/18,1/1,True
/root/autodl-tmp/hilbert-polya-structure/symbolic_dynamics/papers/34-positive-recognition-recurrence-quadrilemma/results/code_clock_ledger.csv:349:2,348,00000000101011100,17,18,1/18,1/1,True
/root/autodl-tmp/hilbert-polya-structure/symbolic_dynamics/papers/34-positive-recognition-recurrence-quadrilemma/results/code_clock_ledger.csv:350:2,349,00000000101011101,17,18,1/18,1/1,True
/root/autodl-tmp/hilbert-polya-structure/symbolic_dynamics/papers/34-positive-recognition-recurrence-quadrilemma/results/code_clock_ledger.csv:351:2,350,00000000101011110,17,18,1/18,1/1,True
/root/autodl-tmp/hilbert-polya-structure/symbolic_dynamics/papers/34-positive-recognition-recurrence-quadrilemma/results/code_clock_ledger.csv:352:2,351,00000000101011111,17,18,1/18,1/1,True
/root/autodl-tmp/hilbert-polya-structure/symbolic_dynamics/papers/34-positive-recognition-recurrence-quadrilemma/results/code_clock_ledger.csv:355:2,354,00000000101100010,17,18,1/18,1/1,True
/root/autodl-tmp/hilbert-polya-structure/symbolic_dynamics/papers/34-positive-recognition-recurrence-quadrilemma/results/code_clock_ledger.csv:357:2,356,00000000101100100,17,18,1/18,1/1,True
/root/autodl-tmp/hilbert-polya-structure/symbolic_dynamics/papers/34-positive-recognition-recurrence-quadrilemma/results/code_clock_ledger.csv:358:2,357,00000000101100101,17,18,1/18,1/1,True
/root/autodl-tmp/hilbert-polya-structure/symbolic_dynamics/papers/34-positive-recognition-recurrence-quadrilemma/results/code_clock_ledger.csv:361:2,360,00000000101101000,17,18,1/18,1/1,True
/root/autodl-tmp/hilbert-polya-structure/symbolic_dynamics/papers/34-positive-recognition-recurrence-quadrilemma/results/code_clock_ledger.csv:362:2,361,00000000101101001,17,18,1/18,1/1,True
/root/autodl-tmp/hilbert-polya-structure/symbolic_dynamics/papers/34-positive-recognition-recurrence-quadrilemma/results/code_clock_ledger.csv:363:2,362,00000000101101010,17,18,1/18,1/1,True
/root/autodl-tmp/hilbert-polya-structure/symbolic_dynamics/papers/34-positive-recognition-recurrence-quadrilemma/results/code_clock_ledger.csv:364:2,363,00000000101101011,17,18,1/18,1/1,True
/root/autodl-tmp/hilbert-polya-structure/symbolic_dynamics/papers/34-positive-recognition-recurrence-quadrilemma/results/code_clock_ledger.csv:365:2,364,00000000101101100,17,18,1/18,1/1,True
/root/autodl-tmp/hilbert-polya-structure/symbolic_dynamics/papers/34-positive-recognition-recurrence-quadrilemma/results/code_clock_ledger.csv:366:2,365,00000000101101101,17,18,1/18,1/1,True
/root/autodl-tmp/hilbert-polya-structure/symbolic_dynamics/papers/34-positive-recognition-recurrence-quadrilemma/results/code_clock_ledger.csv:367:2,366,00000000101101110,17,18,1/18,1/1,True
/root/autodl-tmp/hilbert-polya-structure/symbolic_dynamics/papers/34-positive-recognition-recurrence-quadrilemma/results/code_clock_ledger.csv:368:2,367,00000000101101111,17,18,1/18,1/1,True
/root/autodl-tmp/hilbert-polya-structure/symbolic_dynamics/papers/34-positive-recognition-recurrence-quadrilemma/results/code_clock_ledger.csv:371:2,370,00000000101110010,17,18,1/18,1/1,True
/root/autodl-tmp/hilbert-polya-structure/symbolic_dynamics/papers/34-positive-recognition-recurrence-quadrilemma/results/code_clock_ledger.csv:373:2,372,00000000101110100,17,18,1/18,1/1,True
/root/autodl-tmp/hilbert-polya-structure/symbolic_dynamics/papers/34-positive-recognition-recurrence-quadrilemma/results/code_clock_ledger.csv:374:2,373,00000000101110101,17,18,1/18,1/1,True
/root/autodl-tmp/hilbert-polya-structure/symbolic_dynamics/papers/34-positive-recognition-recurrence-quadrilemma/results/code_clock_ledger.csv:375:2,374,00000000101110110,17,18,1/18,1/1,True
/root/autodl-tmp/hilbert-polya-structure/symbolic_dynamics/papers/34-positive-recognition-recurrence-quadrilemma/results/code_clock_ledger.csv:376:2,375,00000000101110111,17,18,1/18,1/1,True
/root/autodl-tmp/hilbert-polya-structure/symbolic_dynamics/papers/34-positive-recognition-recurrence-quadrilemma/results/code_clock_ledger.csv:379:2,378,00000000101111010,17,18,1/18,1/1,True
/root/autodl-tmp/hilbert-polya-structure/symbolic_dynamics/papers/34-positive-recognition-recurrence-quadrilemma/results/code_clock_ledger.csv:380:2,379,00000000101111011,17,18,1/18,1/1,True
/root/autodl-tmp/hilbert-polya-structure/symbolic_dynamics/papers/34-positive-recognition-recurrence-quadrilemma/results/code_clock_ledger.csv:382:2,381,00000000101111101,17,18,1/18,1/1,True
/root/autodl-tmp/hilbert-polya-structure/symbolic_dynamics/papers/34-positive-recognition-recurrence-quadrilemma/results/code_clock_ledger.csv:406:2,405,00000000110010101,17,18,1/18,1/1,True
/root/autodl-tmp/hilbert-polya-structure/symbolic_dynamics/papers/34-positive-recognition-recurrence-quadrilemma/results/code_clock_ledger.csv:419:2,418,00000000110100010,17,18,1/18,1/1,True
/root/autodl-tmp/hilbert-polya-structure/symbolic_dynamics/papers/34-positive-recognition-recurrence-quadrilemma/results/code_clock_ledger.csv:421:2,420,00000000110100100,17,18,1/18,1/1,True
/root/autodl-tmp/hilbert-polya-structure/symbolic_dynamics/papers/34-positive-recognition-recurrence-quadrilemma/results/code_clock_ledger.csv:422:2,421,00000000110100101,17,18,1/18,1/1,True
/root/autodl-tmp/hilbert-polya-structure/symbolic_dynamics/papers/34-positive-recognition-recurrence-quadrilemma/results/code_clock_ledger.csv:425:2,424,00000000110101000,17,18,1/18,1/1,True
/root/autodl-tmp/hilbert-polya-structure/symbolic_dynamics/papers/34-positive-recognition-recurrence-quadrilemma/results/code_clock_ledger.csv:426:2,425,00000000110101001,17,18,1/18,1/1,True
/root/autodl-tmp/hilbert-polya-structure/symbolic_dynamics/papers/34-positive-recognition-recurrence-quadrilemma/results/code_clock_ledger.csv:427:2,426,00000000110101010,17,18,1/18,1/1,True
/root/autodl-tmp/hilbert-polya-structure/symbolic_dynamics/papers/34-positive-recognition-recurrence-quadrilemma/results/code_clock_ledger.csv:428:2,427,00000000110101011,17,18,1/18,1/1,True
/root/autodl-tmp/hilbert-polya-structure/symbolic_dynamics/papers/34-positive-recognition-recurrence-quadrilemma/results/code_clock_ledger.csv:430:2,429,00000000110101101,17,18,1/18,1/1,True
/root/autodl-tmp/hilbert-polya-structure/symbolic_dynamics/papers/34-positive-recognition-recurrence-quadrilemma/results/code_clock_ledger.csv:435:2,434,00000000110110010,17,18,1/18,1/1,True
/root/autodl-tmp/hilbert-polya-structure/symbolic_dynamics/papers/34-positive-recognition-recurrence-quadrilemma/results/code_clock_ledger.csv:437:2,436,00000000110110100,17,18,1/18,1/1,True
/root/autodl-tmp/hilbert-polya-structure/symbolic_dynamics/papers/34-positive-recognition-recurrence-quadrilemma/results/code_clock_ledger.csv:438:2,437,00000000110110101,17,18,1/18,1/1,True
/root/autodl-tmp/hilbert-polya-structure/symbolic_dynamics/papers/34-positive-recognition-recurrence-quadrilemma/results/code_clock_ledger.csv:443:2,442,00000000110111010,17,18,1/18,1/1,True
/root/autodl-tmp/hilbert-polya-structure/symbolic_dynamics/papers/34-positive-recognition-recurrence-quadrilemma/results/code_clock_ledger.csv:467:2,466,00000000111010010,17,18,1/18,1/1,True
/root/autodl-tmp/hilbert-polya-structure/symbolic_dynamics/papers/34-positive-recognition-recurrence-quadrilemma/results/code_clock_ledger.csv:469:2,468,00000000111010100,17,18,1/18,1/1,True
/root/autodl-tmp/hilbert-polya-structure/symbolic_dynamics/papers/34-positive-recognition-recurrence-quadrilemma/results/code_clock_ledger.csv:470:2,469,00000000111010101,17,18,1/18,1/1,True
/root/autodl-tmp/hilbert-polya-structure/symbolic_dynamics/papers/34-positive-recognition-recurrence-quadrilemma/results/code_clock_ledger.csv:475:2,474,00000000111011010,17,18,1/18,1/1,True
/root/autodl-tmp/hilbert-polya-structure/symbolic_dynamics/papers/34-positive-recognition-recurrence-quadrilemma/results/code_clock_ledger.csv:491:2,490,00000000111101010,17,18,1/18,1/1,True
/root/autodl-tmp/hilbert-polya-structure/symbolic_dynamics/papers/34-positive-recognition-recurrence-quadrilemma/results/code_clock_ledger.csv:518:2,517,0000000001000000101,19,20,1/20,1/1,True
/root/autodl-tmp/hilbert-polya-structure/symbolic_dynamics/papers/34-positive-recognition-recurrence-quadrilemma/results/code_clock_ledger.csv:523:2,522,0000000001000001010,19,20,1/20,1/1,True
/root/autodl-tmp/hilbert-polya-structure/symbolic_dynamics/papers/34-positive-recognition-recurrence-quadrilemma/results/code_clock_ledger.csv:524:2,523,0000000001000001011,19,20,1/20,1/1,True
/root/autodl-tmp/hilbert-polya-structure/symbolic_dynamics/papers/34-positive-recognition-recurrence-quadrilemma/results/code_clock_ledger.csv:526:2,525,0000000001000001101,19,20,1/20,1/1,True
/root/autodl-tmp/hilbert-polya-structure/symbolic_dynamics/papers/34-positive-recognition-recurrence-quadrilemma/results/code_clock_ledger.csv:533:2,532,0000000001000010100,19,20,1/20,1/1,True
/root/autodl-tmp/hilbert-polya-structure/symbolic_dynamics/papers/34-positive-recognition-recurrence-quadrilemma/results/code_clock_ledger.csv:534:2,533,0000000001000010101,19,20,1/20,1/1,True
/root/autodl-tmp/hilbert-polya-structure/symbolic_dynamics/papers/34-positive-recognition-recurrence-quadrilemma/results/code_clock_ledger.csv:535:2,534,0000000001000010110,19,20,1/20,1/1,True
/root/autodl-tmp/hilbert-polya-structure/symbolic_dynamics/papers/34-positive-recognition-recurrence-quadrilemma/results/code_clock_ledger.csv:536:2,535,0000000001000010111,19,20,1/20,1/1,True
/root/autodl-tmp/hilbert-polya-structure/symbolic_dynamics/papers/34-positive-recognition-recurrence-quadrilemma/results/code_clock_ledger.csv:539:2,538,0000000001000011010,19,20,1/20,1/1,True
/root/autodl-tmp/hilbert-polya-structure/symbolic_dynamics/papers/34-positive-recognition-recurrence-quadrilemma/results/code_clock_ledger.csv:540:2,539,0000000001000011011,19,20,1/20,1/1,True
/root/autodl-tmp/hilbert-polya-structure/symbolic_dynamics/papers/34-positive-recognition-recurrence-quadrilemma/results/code_clock_ledger.csv:542:2,541,0000000001000011101,19,20,1/20,1/1,True
/root/autodl-tmp/hilbert-polya-structure/symbolic_dynamics/papers/34-positive-recognition-recurrence-quadrilemma/results/code_clock_ledger.csv:550:2,549,0000000001000100101,19,20,1/20,1/1,True
/root/autodl-tmp/hilbert-polya-structure/symbolic_dynamics/papers/34-positive-recognition-recurrence-quadrilemma/results/code_clock_ledger.csv:553:2,552,0000000001000101000,19,20,1/20,1/1,True
/root/autodl-tmp/hilbert-polya-structure/symbolic_dynamics/papers/34-positive-recognition-recurrence-quadrilemma/results/code_clock_ledger.csv:554:2,553,0000000001000101001,19,20,1/20,1/1,True
/root/autodl-tmp/hilbert-polya-structure/symbolic_dynamics/papers/34-positive-recognition-recurrence-quadrilemma/results/code_clock_ledger.csv:555:2,554,0000000001000101010,19,20,1/20,1/1,True
/root/autodl-tmp/hilbert-polya-structure/symbolic_dynamics/papers/34-positive-recognition-recurrence-quadrilemma/results/code_clock_ledger.csv:556:2,555,0000000001000101011,19,20,1/20,1/1,True
/root/autodl-tmp/hilbert-polya-structure/symbolic_dynamics/papers/34-positive-recognition-recurrence-quadrilemma/results/code_clock_ledger.csv:557:2,556,0000000001000101100,19,20,1/20,1/1,True
/root/autodl-tmp/hilbert-polya-structure/symbolic_dynamics/papers/34-positive-recognition-recurrence-quadrilemma/results/code_clock_ledger.csv:558:2,557,0000000001000101101,19,20,1/20,1/1,True
/root/autodl-tmp/hilbert-polya-structure/symbolic_dynamics/papers/34-positive-recognition-recurrence-quadrilemma/results/code_clock_ledger.csv:559:2,558,0000000001000101110,19,20,1/20,1/1,True
/root/autodl-tmp/hilbert-polya-structure/symbolic_dynamics/papers/34-positive-recognition-recurrence-quadrilemma/results/code_clock_ledger.csv:560:2,559,0000000001000101111,19,20,1/20,1/1,True
/root/autodl-tmp/hilbert-polya-structure/symbolic_dynamics/papers/34-positive-recognition-recurrence-quadrilemma/results/code_clock_ledger.csv:565:2,564,0000000001000110100,19,20,1/20,1/1,True
/root/autodl-tmp/hilbert-polya-structure/symbolic_dynamics/papers/34-positive-recognition-recurrence-quadrilemma/results/code_clock_ledger.csv:566:2,565,0000000001000110101,19,20,1/20,1/1,True
/root/autodl-tmp/hilbert-polya-structure/symbolic_dynamics/papers/34-positive-recognition-recurrence-quadrilemma/results/code_clock_ledger.csv:567:2,566,0000000001000110110,19,20,1/20,1/1,True
/root/autodl-tmp/hilbert-polya-structure/symbolic_dynamics/papers/34-positive-recognition-recurrence-quadrilemma/results/code_clock_ledger.csv:568:2,567,0000000001000110111,19,20,1/20,1/1,True
/root/autodl-tmp/hilbert-polya-structure/symbolic_dynamics/papers/34-positive-recognition-recurrence-quadrilemma/results/code_clock_ledger.csv:571:2,570,0000000001000111010,19,20,1/20,1/1,True
/root/autodl-tmp/hilbert-polya-structure/symbolic_dynamics/papers/34-positive-recognition-recurrence-quadrilemma/results/code_clock_ledger.csv:572:2,571,0000000001000111011,19,20,1/20,1/1,True
/root/autodl-tmp/hilbert-polya-structure/symbolic_dynamics/papers/34-positive-recognition-recurrence-quadrilemma/results/code_clock_ledger.csv:574:2,573,0000000001000111101,19,20,1/20,1/1,True
/root/autodl-tmp/hilbert-polya-structure/symbolic_dynamics/papers/34-positive-recognition-recurrence-quadrilemma/results/code_clock_ledger.csv:582:2,581,0000000001001000101,19,20,1/20,1/1,True
/root/autodl-tmp/hilbert-polya-structure/symbolic_dynamics/papers/34-positive-recognition-recurrence-quadrilemma/results/code_clock_ledger.csv:587:2,586,0000000001001001010,19,20,1/20,1/1,True
/root/autodl-tmp/hilbert-polya-structure/symbolic_dynamics/papers/34-positive-recognition-recurrence-quadrilemma/results/code_clock_ledger.csv:588:2,587,0000000001001001011,19,20,1/20,1/1,True
/root/autodl-tmp/hilbert-polya-structure/symbolic_dynamics/papers/34-positive-recognition-recurrence-quadrilemma/results/code_clock_ledger.csv:590:2,589,0000000001001001101,19,20,1/20,1/1,True
/root/autodl-tmp/hilbert-polya-structure/symbolic_dynamics/papers/34-positive-recognition-recurrence-quadrilemma/results/code_clock_ledger.csv:593:2,592,0000000001001010000,19,20,1/20,1/1,True
/root/autodl-tmp/hilbert-polya-structure/symbolic_dynamics/papers/34-positive-recognition-recurrence-quadrilemma/results/code_clock_ledger.csv:594:2,593,0000000001001010001,19,20,1/20,1/1,True
/root/autodl-tmp/hilbert-polya-structure/symbolic_dynamics/papers/34-positive-recognition-recurrence-quadrilemma/results/code_clock_ledger.csv:595:2,594,0000000001001010010,19,20,1/20,1/1,True
/root/autodl-tmp/hilbert-polya-structure/symbolic_dynamics/papers/34-positive-recognition-recurrence-quadrilemma/results/code_clock_ledger.csv:596:2,595,0000000001001010011,19,20,1/20,1/1,True
/root/autodl-tmp/hilbert-polya-structure/symbolic_dynamics/papers/34-positive-recognition-recurrence-quadrilemma/results/code_clock_ledger.csv:597:2,596,0000000001001010100,19,20,1/20,1/1,True
/root/autodl-tmp/hilbert-polya-structure/symbolic_dynamics/papers/34-positive-recognition-recurrence-quadrilemma/results/code_clock_ledger.csv:598:2,597,0000000001001010101,19,20,1/20,1/1,True
/root/autodl-tmp/hilbert-polya-structure/symbolic_dynamics/papers/34-positive-recognition-recurrence-quadrilemma/results/code_clock_ledger.csv:599:2,598,0000000001001010110,19,20,1/20,1/1,True
/root/autodl-tmp/hilbert-polya-structure/symbolic_dynamics/papers/34-positive-recognition-recurrence-quadrilemma/results/code_clock_ledger.csv:600:2,599,0000000001001010111,19,20,1/20,1/1,True
/root/autodl-tmp/hilbert-polya-structure/symbolic_dynamics/papers/34-positive-recognition-recurrence-quadrilemma/results/code_clock_ledger.csv:601:2,600,0000000001001011000,19,20,1/20,1/1,True
/root/autodl-tmp/hilbert-polya-structure/symbolic_dynamics/papers/34-positive-recognition-recurrence-quadrilemma/results/code_clock_ledger.csv:602:2,601,0000000001001011001,19,20,1/20,1/1,True
/root/autodl-tmp/hilbert-polya-structure/symbolic_dynamics/papers/34-positive-recognition-recurrence-quadrilemma/results/code_clock_ledger.csv:603:2,602,0000000001001011010,19,20,1/20,1/1,True
/root/autodl-tmp/hilbert-polya-structure/symbolic_dynamics/papers/34-positive-recognition-recurrence-quadrilemma/results/code_clock_ledger.csv:604:2,603,0000000001001011011,19,20,1/20,1/1,True
/root/autodl-tmp/hilbert-polya-structure/symbolic_dynamics/papers/34-positive-recognition-recurrence-quadrilemma/results/code_clock_ledger.csv:605:2,604,0000000001001011100,19,20,1/20,1/1,True
/root/autodl-tmp/hilbert-polya-structure/symbolic_dynamics/papers/34-positive-recognition-recurrence-quadrilemma/results/code_clock_ledger.csv:606:2,605,0000000001001011101,19,20,1/20,1/1,True
/root/autodl-tmp/hilbert-polya-structure/symbolic_dynamics/papers/34-positive-recognition-recurrence-quadrilemma/results/code_clock_ledger.csv:607:2,606,0000000001001011110,19,20,1/20,1/1,True
/root/autodl-tmp/hilbert-polya-structure/symbolic_dynamics/papers/34-positive-recognition-recurrence-quadrilemma/results/code_clock_ledger.csv:608:2,607,0000000001001011111,19,20,1/20,1/1,True
/root/autodl-tmp/hilbert-polya-structure/symbolic_dynamics/papers/34-positive-recognition-recurrence-quadrilemma/results/code_clock_ledger.csv:614:2,613,0000000001001100101,19,20,1/20,1/1,True
/root/autodl-tmp/hilbert-polya-structure/symbolic_dynamics/papers/34-positive-recognition-recurrence-quadrilemma/results/code_clock_ledger.csv:617:2,616,0000000001001101000,19,20,1/20,1/1,True
/root/autodl-tmp/hilbert-polya-structure/symbolic_dynamics/papers/34-positive-recognition-recurrence-quadrilemma/results/code_clock_ledger.csv:618:2,617,0000000001001101001,19,20,1/20,1/1,True
/root/autodl-tmp/hilbert-polya-structure/symbolic_dynamics/papers/34-positive-recognition-recurrence-quadrilemma/results/code_clock_ledger.csv:619:2,618,0000000001001101010,19,20,1/20,1/1,True
/root/autodl-tmp/hilbert-polya-structure/symbolic_dynamics/papers/34-positive-recognition-recurrence-quadrilemma/results/code_clock_ledger.csv:620:2,619,0000000001001101011,19,20,1/20,1/1,True
/root/autodl-tmp/hilbert-polya-structure/symbolic_dynamics/papers/34-positive-recognition-recurrence-quadrilemma/results/code_clock_ledger.csv:621:2,620,0000000001001101100,19,20,1/20,1/1,True
/root/autodl-tmp/hilbert-polya-structure/symbolic_dynamics/papers/34-positive-recognition-recurrence-quadrilemma/results/code_clock_ledger.csv:622:2,621,0000000001001101101,19,20,1/20,1/1,True
/root/autodl-tmp/hilbert-polya-structure/symbolic_dynamics/papers/34-positive-recognition-recurrence-quadrilemma/results/code_clock_ledger.csv:623:2,622,0000000001001101110,19,20,1/20,1/1,True
/root/autodl-tmp/hilbert-polya-structure/symbolic_dynamics/papers/34-positive-recognition-recurrence-quadrilemma/results/code_clock_ledger.csv:624:2,623,0000000001001101111,19,20,1/20,1/1,True
/root/autodl-tmp/hilbert-polya-structure/symbolic_dynamics/papers/34-positive-recognition-recurrence-quadrilemma/results/code_clock_ledger.csv:629:2,628,0000000001001110100,19,20,1/20,1/1,True
/root/autodl-tmp/hilbert-polya-structure/symbolic_dynamics/papers/34-positive-recognition-recurrence-quadrilemma/results/code_clock_ledger.csv:630:2,629,0000000001001110101,19,20,1/20,1/1,True
/root/autodl-tmp/hilbert-polya-structure/symbolic_dynamics/papers/34-positive-recognition-recurrence-quadrilemma/results/code_clock_ledger.csv:631:2,630,0000000001001110110,19,20,1/20,1/1,True
/root/autodl-tmp/hilbert-polya-structure/symbolic_dynamics/papers/34-positive-recognition-recurrence-quadrilemma/results/code_clock_ledger.csv:632:2,631,0000000001001110111,19,20,1/20,1/1,True
/root/autodl-tmp/hilbert-polya-structure/symbolic_dynamics/papers/34-positive-recognition-recurrence-quadrilemma/results/code_clock_ledger.csv:635:2,634,0000000001001111010,19,20,1/20,1/1,True
/root/autodl-tmp/hilbert-polya-structure/symbolic_dynamics/papers/34-positive-recognition-recurrence-quadrilemma/results/code_clock_ledger.csv:636:2,635,0000000001001111011,19,20,1/20,1/1,True
/root/autodl-tmp/hilbert-polya-structure/symbolic_dynamics/papers/34-positive-recognition-recurrence-quadrilemma/results/code_clock_ledger.csv:638:2,637,0000000001001111101,19,20,1/20,1/1,True
/root/autodl-tmp/hilbert-polya-structure/symbolic_dynamics/papers/34-positive-recognition-recurrence-quadrilemma/results/code_clock_ledger.csv:643:2,642,0000000001010000010,19,20,1/20,1/1,True
/root/autodl-tmp/hilbert-polya-structure/symbolic_dynamics/papers/34-positive-recognition-recurrence-quadrilemma/results/code_clock_ledger.csv:645:2,644,0000000001010000100,19,20,1/20,1/1,True
/root/autodl-tmp/hilbert-polya-structure/symbolic_dynamics/papers/34-positive-recognition-recurrence-quadrilemma/results/code_clock_ledger.csv:646:2,645,0000000001010000101,19,20,1/20,1/1,True
/root/autodl-tmp/hilbert-polya-structure/symbolic_dynamics/papers/34-positive-recognition-recurrence-quadrilemma/results/code_clock_ledger.csv:649:2,648,0000000001010001000,19,20,1/20,1/1,True
/root/autodl-tmp/hilbert-polya-structure/symbolic_dynamics/papers/34-positive-recognition-recurrence-quadrilemma/results/code_clock_ledger.csv:650:2,649,0000000001010001001,19,20,1/20,1/1,True
/root/autodl-tmp/hilbert-polya-structure/symbolic_dynamics/papers/34-positive-recognition-recurrence-quadrilemma/results/code_clock_ledger.csv:651:2,650,0000000001010001010,19,20,1/20,1/1,True
/root/autodl-tmp/hilbert-polya-structure/symbolic_dynamics/papers/34-positive-recognition-recurrence-quadrilemma/results/code_clock_ledger.csv:652:2,651,0000000001010001011,19,20,1/20,1/1,True
/root/autodl-tmp/hilbert-polya-structure/symbolic_dynamics/papers/34-positive-recognition-recurrence-quadrilemma/results/code_clock_ledger.csv:654:2,653,0000000001010001101,19,20,1/20,1/1,True
/root/autodl-tmp/hilbert-polya-structure/symbolic_dynamics/papers/34-positive-recognition-recurrence-quadrilemma/results/code_clock_ledger.csv:657:2,656,0000000001010010000,19,20,1/20,1/1,True
/root/autodl-tmp/hilbert-polya-structure/symbolic_dynamics/papers/34-positive-recognition-recurrence-quadrilemma/results/code_clock_ledger.csv:658:2,657,0000000001010010001,19,20,1/20,1/1,True
/root/autodl-tmp/hilbert-polya-structure/symbolic_dynamics/papers/34-positive-recognition-recurrence-quadrilemma/results/code_clock_ledger.csv:659:2,658,0000000001010010010,19,20,1/20,1/1,True
/root/autodl-tmp/hilbert-polya-structure/symbolic_dynamics/papers/34-positive-recognition-recurrence-quadrilemma/results/code_clock_ledger.csv:660:2,659,0000000001010010011,19,20,1/20,1/1,True
/root/autodl-tmp/hilbert-polya-structure/symbolic_dynamics/papers/34-positive-recognition-recurrence-quadrilemma/results/code_clock_ledger.csv:661:2,660,0000000001010010100,19,20,1/20,1/1,True
/root/autodl-tmp/hilbert-polya-structure/symbolic_dynamics/papers/34-positive-recognition-recurrence-quadrilemma/results/code_clock_ledger.csv:662:2,661,0000000001010010101,19,20,1/20,1/1,True
/root/autodl-tmp/hilbert-polya-structure/symbolic_dynamics/papers/34-positive-recognition-recurrence-quadrilemma/results/code_clock_ledger.csv:663:2,662,0000000001010010110,19,20,1/20,1/1,True
/root/autodl-tmp/hilbert-polya-structure/symbolic_dynamics/papers/34-positive-recognition-recurrence-quadrilemma/results/code_clock_ledger.csv:664:2,663,0000000001010010111,19,20,1/20,1/1,True
/root/autodl-tmp/hilbert-polya-structure/symbolic_dynamics/papers/34-positive-recognition-recurrence-quadrilemma/results/code_clock_ledger.csv:667:2,666,0000000001010011010,19,20,1/20,1/1,True
/root/autodl-tmp/hilbert-polya-structure/symbolic_dynamics/papers/34-positive-recognition-recurrence-quadrilemma/results/code_clock_ledger.csv:668:2,667,0000000001010011011,19,20,1/20,1/1,True
/root/autodl-tmp/hilbert-polya-structure/symbolic_dynamics/papers/34-positive-recognition-recurrence-quadrilemma/results/code_clock_ledger.csv:670:2,669,0000000001010011101,19,20,1/20,1/1,True
/root/autodl-tmp/hilbert-polya-structure/symbolic_dynamics/papers/34-positive-recognition-recurrence-quadrilemma/results/code_clock_ledger.csv:673:2,672,0000000001010100000,19,20,1/20,1/1,True
/root/autodl-tmp/hilbert-polya-structure/symbolic_dynamics/papers/34-positive-recognition-recurrence-quadrilemma/results/code_clock_ledger.csv:674:2,673,0000000001010100001,19,20,1/20,1/1,True
/root/autodl-tmp/hilbert-polya-structure/symbolic_dynamics/papers/34-positive-recognition-recurrence-quadrilemma/results/code_clock_ledger.csv:675:2,674,0000000001010100010,19,20,1/20,1/1,True
/root/autodl-tmp/hilbert-polya-structure/symbolic_dynamics/papers/34-positive-recognition-recurrence-quadrilemma/results/code_clock_ledger.csv:676:2,675,0000000001010100011,19,20,1/20,1/1,True
/root/autodl-tmp/hilbert-polya-structure/symbolic_dynamics/papers/34-positive-recognition-recurrence-quadrilemma/results/code_clock_ledger.csv:677:2,676,0000000001010100100,19,20,1/20,1/1,True
/root/autodl-tmp/hilbert-polya-structure/symbolic_dynamics/papers/34-positive-recognition-recurrence-quadrilemma/results/code_clock_ledger.csv:678:2,677,0000000001010100101,19,20,1/20,1/1,True
/root/autodl-tmp/hilbert-polya-structure/symbolic_dynamics/papers/34-positive-recognition-recurrence-quadrilemma/results/code_clock_ledger.csv:679:2,678,0000000001010100110,19,20,1/20,1/1,True
/root/autodl-tmp/hilbert-polya-structure/symbolic_dynamics/papers/34-positive-recognition-recurrence-quadrilemma/results/code_clock_ledger.csv:680:2,679,0000000001010100111,19,20,1/20,1/1,True
/root/autodl-tmp/hilbert-polya-structure/symbolic_dynamics/papers/34-positive-recognition-recurrence-quadrilemma/results/code_clock_ledger.csv:681:2,680,0000000001010101000,19,20,1/20,1/1,True
/root/autodl-tmp/hilbert-polya-structure/symbolic_dynamics/papers/34-positive-recognition-recurrence-quadrilemma/results/code_clock_ledger.csv:682:2,681,0000000001010101001,19,20,1/20,1/1,True
/root/autodl-tmp/hilbert-polya-structure/symbolic_dynamics/papers/34-positive-recognition-recurrence-quadrilemma/results/code_clock_ledger.csv:683:2,682,0000000001010101010,19,20,1/20,1/1,True
/root/autodl-tmp/hilbert-polya-structure/symbolic_dynamics/papers/34-positive-recognition-recurrence-quadrilemma/results/code_clock_ledger.csv:684:2,683,0000000001010101011,19,20,1/20,1/1,True
/root/autodl-tmp/hilbert-polya-structure/symbolic_dynamics/papers/34-positive-recognition-recurrence-quadrilemma/results/code_clock_ledger.csv:685:2,684,0000000001010101100,19,20,1/20,1/1,True
/root/autodl-tmp/hilbert-polya-structure/symbolic_dynamics/papers/34-positive-recognition-recurrence-quadrilemma/results/code_clock_ledger.csv:686:2,685,0000000001010101101,19,20,1/20,1/1,True
/root/autodl-tmp/hilbert-polya-structure/symbolic_dynamics/papers/34-positive-recognition-recurrence-quadrilemma/results/code_clock_ledger.csv:687:2,686,0000000001010101110,19,20,1/20,1/1,True
/root/autodl-tmp/hilbert-polya-structure/symbolic_dynamics/papers/34-positive-recognition-recurrence-quadrilemma/results/code_clock_ledger.csv:688:2,687,0000000001010101111,19,20,1/20,1/1,True
/root/autodl-tmp/hilbert-polya-structure/symbolic_dynamics/papers/34-positive-recognition-recurrence-quadrilemma/results/code_clock_ledger.csv:689:2,688,0000000001010110000,19,20,1/20,1/1,True
/root/autodl-tmp/hilbert-polya-structure/symbolic_dynamics/papers/34-positive-recognition-recurrence-quadrilemma/results/code_clock_ledger.csv:690:2,689,0000000001010110001,19,20,1/20,1/1,True
/root/autodl-tmp/hilbert-polya-structure/symbolic_dynamics/papers/34-positive-recognition-recurrence-quadrilemma/results/code_clock_ledger.csv:691:2,690,0000000001010110010,19,20,1/20,1/1,True
/root/autodl-tmp/hilbert-polya-structure/symbolic_dynamics/papers/34-positive-recognition-recurrence-quadrilemma/results/code_clock_ledger.csv:692:2,691,0000000001010110011,19,20,1/20,1/1,True
/root/autodl-tmp/hilbert-polya-structure/symbolic_dynamics/papers/34-positive-recognition-recurrence-quadrilemma/results/code_clock_ledger.csv:693:2,692,0000000001010110100,19,20,1/20,1/1,True
/root/autodl-tmp/hilbert-polya-structure/symbolic_dynamics/papers/34-positive-recognition-recurrence-quadrilemma/results/code_clock_ledger.csv:694:2,693,0000000001010110101,19,20,1/20,1/1,True
/root/autodl-tmp/hilbert-polya-structure/symbolic_dynamics/papers/34-positive-recognition-recurrence-quadrilemma/results/code_clock_ledger.csv:695:2,694,0000000001010110110,19,20,1/20,1/1,True
/root/autodl-tmp/hilbert-polya-structure/symbolic_dynamics/papers/34-positive-recognition-recurrence-quadrilemma/results/code_clock_ledger.csv:696:2,695,0000000001010110111,19,20,1/20,1/1,True
/root/autodl-tmp/hilbert-polya-structure/symbolic_dynamics/papers/34-positive-recognition-recurrence-quadrilemma/results/code_clock_ledger.csv:697:2,696,0000000001010111000,19,20,1/20,1/1,True
/root/autodl-tmp/hilbert-polya-structure/symbolic_dynamics/papers/34-positive-recognition-recurrence-quadrilemma/results/code_clock_ledger.csv:698:2,697,0000000001010111001,19,20,1/20,1/1,True
/root/autodl-tmp/hilbert-polya-structure/symbolic_dynamics/papers/34-positive-recognition-recurrence-quadrilemma/results/code_clock_ledger.csv:699:2,698,0000000001010111010,19,20,1/20,1/1,True
/root/autodl-tmp/hilbert-polya-structure/symbolic_dynamics/papers/34-positive-recognition-recurrence-quadrilemma/results/code_clock_ledger.csv:700:2,699,0000000001010111011,19,20,1/20,1/1,True
/root/autodl-tmp/hilbert-polya-structure/symbolic_dynamics/papers/34-positive-recognition-recurrence-quadrilemma/results/code_clock_ledger.csv:701:2,700,0000000001010111100,19,20,1/20,1/1,True
/root/autodl-tmp/hilbert-polya-structure/symbolic_dynamics/papers/34-positive-recognition-recurrence-quadrilemma/results/code_clock_ledger.csv:702:2,701,0000000001010111101,19,20,1/20,1/1,True
/root/autodl-tmp/hilbert-polya-structure/symbolic_dynamics/papers/34-positive-recognition-recurrence-quadrilemma/results/code_clock_ledger.csv:703:2,702,0000000001010111110,19,20,1/20,1/1,True
/root/autodl-tmp/hilbert-polya-structure/symbolic_dynamics/papers/34-positive-recognition-recurrence-quadrilemma/results/code_clock_ledger.csv:704:2,703,0000000001010111111,19,20,1/20,1/1,True
/root/autodl-tmp/hilbert-polya-structure/symbolic_dynamics/papers/34-positive-recognition-recurrence-quadrilemma/results/code_clock_ledger.csv:707:2,706,0000000001011000010,19,20,1/20,1/1,True
/root/autodl-tmp/hilbert-polya-structure/symbolic_dynamics/papers/34-positive-recognition-recurrence-quadrilemma/results/code_clock_ledger.csv:709:2,708,0000000001011000100,19,20,1/20,1/1,True
/root/autodl-tmp/hilbert-polya-structure/symbolic_dynamics/papers/34-positive-recognition-recurrence-quadrilemma/results/code_clock_ledger.csv:710:2,709,0000000001011000101,19,20,1/20,1/1,True
/root/autodl-tmp/hilbert-polya-structure/symbolic_dynamics/papers/34-positive-recognition-recurrence-quadrilemma/results/code_clock_ledger.csv:713:2,712,0000000001011001000,19,20,1/20,1/1,True
/root/autodl-tmp/hilbert-polya-structure/symbolic_dynamics/papers/34-positive-recognition-recurrence-quadrilemma/results/code_clock_ledger.csv:714:2,713,0000000001011001001,19,20,1/20,1/1,True
/root/autodl-tmp/hilbert-polya-structure/symbolic_dynamics/papers/34-positive-recognition-recurrence-quadrilemma/results/code_clock_ledger.csv:715:2,714,0000000001011001010,19,20,1/20,1/1,True
/root/autodl-tmp/hilbert-polya-structure/symbolic_dynamics/papers/34-positive-recognition-recurrence-quadrilemma/results/code_clock_ledger.csv:716:2,715,0000000001011001011,19,20,1/20,1/1,True
/root/autodl-tmp/hilbert-polya-structure/symbolic_dynamics/papers/34-positive-recognition-recurrence-quadrilemma/results/code_clock_ledger.csv:718:2,717,0000000001011001101,19,20,1/20,1/1,True
/root/autodl-tmp/hilbert-polya-structure/symbolic_dynamics/papers/34-positive-recognition-recurrence-quadrilemma/results/code_clock_ledger.csv:721:2,720,0000000001011010000,19,20,1/20,1/1,True
/root/autodl-tmp/hilbert-polya-structure/symbolic_dynamics/papers/34-positive-recognition-recurrence-quadrilemma/results/code_clock_ledger.csv:722:2,721,0000000001011010001,19,20,1/20,1/1,True
/root/autodl-tmp/hilbert-polya-structure/symbolic_dynamics/papers/34-positive-recognition-recurrence-quadrilemma/results/code_clock_ledger.csv:723:2,722,0000000001011010010,19,20,1/20,1/1,True
/root/autodl-tmp/hilbert-polya-structure/symbolic_dynamics/papers/34-positive-recognition-recurrence-quadrilemma/results/code_clock_ledger.csv:724:2,723,0000000001011010011,19,20,1/20,1/1,True
/root/autodl-tmp/hilbert-polya-structure/symbolic_dynamics/papers/34-positive-recognition-recurrence-quadrilemma/results/code_clock_ledger.csv:725:2,724,0000000001011010100,19,20,1/20,1/1,True
/root/autodl-tmp/hilbert-polya-structure/symbolic_dynamics/papers/34-positive-recognition-recurrence-quadrilemma/results/code_clock_ledger.csv:726:2,725,0000000001011010101,19,20,1/20,1/1,True
/root/autodl-tmp/hilbert-polya-structure/symbolic_dynamics/papers/34-positive-recognition-recurrence-quadrilemma/results/code_clock_ledger.csv:727:2,726,0000000001011010110,19,20,1/20,1/1,True
/root/autodl-tmp/hilbert-polya-structure/symbolic_dynamics/papers/34-positive-recognition-recurrence-quadrilemma/results/code_clock_ledger.csv:728:2,727,0000000001011010111,19,20,1/20,1/1,True
/root/autodl-tmp/hilbert-polya-structure/symbolic_dynamics/papers/34-positive-recognition-recurrence-quadrilemma/results/code_clock_ledger.csv:729:2,728,0000000001011011000,19,20,1/20,1/1,True
/root/autodl-tmp/hilbert-polya-structure/symbolic_dynamics/papers/34-positive-recognition-recurrence-quadrilemma/results/code_clock_ledger.csv:730:2,729,0000000001011011001,19,20,1/20,1/1,True
/root/autodl-tmp/hilbert-polya-structure/symbolic_dynamics/papers/34-positive-recognition-recurrence-quadrilemma/results/code_clock_ledger.csv:731:2,730,0000000001011011010,19,20,1/20,1/1,True
/root/autodl-tmp/hilbert-polya-structure/symbolic_dynamics/papers/34-positive-recognition-recurrence-quadrilemma/results/code_clock_ledger.csv:732:2,731,0000000001011011011,19,20,1/20,1/1,True
/root/autodl-tmp/hilbert-polya-structure/symbolic_dynamics/papers/34-positive-recognition-recurrence-quadrilemma/results/code_clock_ledger.csv:733:2,732,0000000001011011100,19,20,1/20,1/1,True
/root/autodl-tmp/hilbert-polya-structure/symbolic_dynamics/papers/34-positive-recognition-recurrence-quadrilemma/results/code_clock_ledger.csv:734:2,733,0000000001011011101,19,20,1/20,1/1,True
/root/autodl-tmp/hilbert-polya-structure/symbolic_dynamics/papers/34-positive-recognition-recurrence-quadrilemma/results/code_clock_ledger.csv:735:2,734,0000000001011011110,19,20,1/20,1/1,True
/root/autodl-tmp/hilbert-polya-structure/symbolic_dynamics/papers/34-positive-recognition-recurrence-quadrilemma/results/code_clock_ledger.csv:736:2,735,0000000001011011111,19,20,1/20,1/1,True
/root/autodl-tmp/hilbert-polya-structure/symbolic_dynamics/papers/34-positive-recognition-recurrence-quadrilemma/results/code_clock_ledger.csv:739:2,738,0000000001011100010,19,20,1/20,1/1,True
/root/autodl-tmp/hilbert-polya-structure/symbolic_dynamics/papers/34-positive-recognition-recurrence-quadrilemma/results/code_clock_ledger.csv:741:2,740,0000000001011100100,19,20,1/20,1/1,True
/root/autodl-tmp/hilbert-polya-structure/symbolic_dynamics/papers/34-positive-recognition-recurrence-quadrilemma/results/code_clock_ledger.csv:742:2,741,0000000001011100101,19,20,1/20,1/1,True
/root/autodl-tmp/hilbert-polya-structure/symbolic_dynamics/papers/34-positive-recognition-recurrence-quadrilemma/results/code_clock_ledger.csv:745:2,744,0000000001011101000,19,20,1/20,1/1,True
/root/autodl-tmp/hilbert-polya-structure/symbolic_dynamics/papers/34-positive-recognition-recurrence-quadrilemma/results/code_clock_ledger.csv:746:2,745,0000000001011101001,19,20,1/20,1/1,True
/root/autodl-tmp/hilbert-polya-structure/symbolic_dynamics/papers/34-positive-recognition-recurrence-quadrilemma/results/code_clock_ledger.csv:747:2,746,0000000001011101010,19,20,1/20,1/1,True
/root/autodl-tmp/hilbert-polya-structure/symbolic_dynamics/papers/34-positive-recognition-recurrence-quadrilemma/results/code_clock_ledger.csv:748:2,747,0000000001011101011,19,20,1/20,1/1,True
/root/autodl-tmp/hilbert-polya-structure/symbolic_dynamics/papers/34-positive-recognition-recurrence-quadrilemma/results/code_clock_ledger.csv:749:2,748,0000000001011101100,19,20,1/20,1/1,True
/root/autodl-tmp/hilbert-polya-structure/symbolic_dynamics/papers/34-positive-recognition-recurrence-quadrilemma/results/code_clock_ledger.csv:750:2,749,0000000001011101101,19,20,1/20,1/1,True
/root/autodl-tmp/hilbert-polya-structure/symbolic_dynamics/papers/34-positive-recognition-recurrence-quadrilemma/results/code_clock_ledger.csv:751:2,750,0000000001011101110,19,20,1/20,1/1,True
/root/autodl-tmp/hilbert-polya-structure/symbolic_dynamics/papers/34-positive-recognition-recurrence-quadrilemma/results/code_clock_ledger.csv:752:2,751,0000000001011101111,19,20,1/20,1/1,True
/root/autodl-tmp/hilbert-polya-structure/symbolic_dynamics/papers/34-positive-recognition-recurrence-quadrilemma/results/code_clock_ledger.csv:755:2,754,0000000001011110010,19,20,1/20,1/1,True
/root/autodl-tmp/hilbert-polya-structure/symbolic_dynamics/papers/34-positive-recognition-recurrence-quadrilemma/results/code_clock_ledger.csv:757:2,756,0000000001011110100,19,20,1/20,1/1,True
/root/autodl-tmp/hilbert-polya-structure/symbolic_dynamics/papers/34-positive-recognition-recurrence-quadrilemma/results/code_clock_ledger.csv:758:2,757,0000000001011110101,19,20,1/20,1/1,True
/root/autodl-tmp/hilbert-polya-structure/symbolic_dynamics/papers/34-positive-recognition-recurrence-quadrilemma/results/code_clock_ledger.csv:759:2,758,0000000001011110110,19,20,1/20,1/1,True
/root/autodl-tmp/hilbert-polya-structure/symbolic_dynamics/papers/34-positive-recognition-recurrence-quadrilemma/results/code_clock_ledger.csv:760:2,759,0000000001011110111,19,20,1/20,1/1,True
/root/autodl-tmp/hilbert-polya-structure/symbolic_dynamics/papers/34-positive-recognition-recurrence-quadrilemma/results/code_clock_ledger.csv:763:2,762,0000000001011111010,19,20,1/20,1/1,True
/root/autodl-tmp/hilbert-polya-structure/symbolic_dynamics/papers/34-positive-recognition-recurrence-quadrilemma/results/code_clock_ledger.csv:764:2,763,0000000001011111011,19,20,1/20,1/1,True
/root/autodl-tmp/hilbert-polya-structure/symbolic_dynamics/papers/34-positive-recognition-recurrence-quadrilemma/results/code_clock_ledger.csv:766:2,765,0000000001011111101,19,20,1/20,1/1,True
/root/autodl-tmp/hilbert-polya-structure/symbolic_dynamics/papers/34-positive-recognition-recurrence-quadrilemma/results/code_clock_ledger.csv:790:2,789,0000000001100010101,19,20,1/20,1/1,True
/root/autodl-tmp/hilbert-polya-structure/symbolic_dynamics/papers/34-positive-recognition-recurrence-quadrilemma/results/code_clock_ledger.csv:806:2,805,0000000001100100101,19,20,1/20,1/1,True
/root/autodl-tmp/hilbert-polya-structure/symbolic_dynamics/papers/34-positive-recognition-recurrence-quadrilemma/results/code_clock_ledger.csv:811:2,810,0000000001100101010,19,20,1/20,1/1,True
/root/autodl-tmp/hilbert-polya-structure/symbolic_dynamics/papers/34-positive-recognition-recurrence-quadrilemma/results/code_clock_ledger.csv:812:2,811,0000000001100101011,19,20,1/20,1/1,True
/root/autodl-tmp/hilbert-polya-structure/symbolic_dynamics/papers/34-positive-recognition-recurrence-quadrilemma/results/code_clock_ledger.csv:814:2,813,0000000001100101101,19,20,1/20,1/1,True
/root/autodl-tmp/hilbert-polya-structure/symbolic_dynamics/papers/34-positive-recognition-recurrence-quadrilemma/results/code_clock_ledger.csv:835:2,834,0000000001101000010,19,20,1/20,1/1,True
/root/autodl-tmp/hilbert-polya-structure/symbolic_dynamics/papers/34-positive-recognition-recurrence-quadrilemma/results/code_clock_ledger.csv:837:2,836,0000000001101000100,19,20,1/20,1/1,True
/root/autodl-tmp/hilbert-polya-structure/symbolic_dynamics/papers/34-positive-recognition-recurrence-quadrilemma/results/code_clock_ledger.csv:838:2,837,0000000001101000101,19,20,1/20,1/1,True
/root/autodl-tmp/hilbert-polya-structure/symbolic_dynamics/papers/34-positive-recognition-recurrence-quadrilemma/results/code_clock_ledger.csv:841:2,840,0000000001101001000,19,20,1/20,1/1,True
/root/autodl-tmp/hilbert-polya-structure/symbolic_dynamics/papers/34-positive-recognition-recurrence-quadrilemma/results/code_clock_ledger.csv:842:2,841,0000000001101001001,19,20,1/20,1/1,True
/root/autodl-tmp/hilbert-polya-structure/symbolic_dynamics/papers/34-positive-recognition-recurrence-quadrilemma/results/code_clock_ledger.csv:843:2,842,0000000001101001010,19,20,1/20,1/1,True
/root/autodl-tmp/hilbert-polya-structure/symbolic_dynamics/papers/34-positive-recognition-recurrence-quadrilemma/results/code_clock_ledger.csv:844:2,843,0000000001101001011,19,20,1/20,1/1,True
/root/autodl-tmp/hilbert-polya-structure/symbolic_dynamics/papers/34-positive-recognition-recurrence-quadrilemma/results/code_clock_ledger.csv:846:2,845,0000000001101001101,19,20,1/20,1/1,True
/root/autodl-tmp/hilbert-polya-structure/symbolic_dynamics/papers/34-positive-recognition-recurrence-quadrilemma/results/code_clock_ledger.csv:849:2,848,0000000001101010000,19,20,1/20,1/1,True
/root/autodl-tmp/hilbert-polya-structure/symbolic_dynamics/papers/34-positive-recognition-recurrence-quadrilemma/results/code_clock_ledger.csv:850:2,849,0000000001101010001,19,20,1/20,1/1,True
/root/autodl-tmp/hilbert-polya-structure/symbolic_dynamics/papers/34-positive-recognition-recurrence-quadrilemma/results/code_clock_ledger.csv:851:2,850,0000000001101010010,19,20,1/20,1/1,True
/root/autodl-tmp/hilbert-polya-structure/symbolic_dynamics/papers/34-positive-recognition-recurrence-quadrilemma/results/code_clock_ledger.csv:852:2,851,0000000001101010011,19,20,1/20,1/1,True
/root/autodl-tmp/hilbert-polya-structure/symbolic_dynamics/papers/34-positive-recognition-recurrence-quadrilemma/results/code_clock_ledger.csv:853:2,852,0000000001101010100,19,20,1/20,1/1,True
/root/autodl-tmp/hilbert-polya-structure/symbolic_dynamics/papers/34-positive-recognition-recurrence-quadrilemma/results/code_clock_ledger.csv:854:2,853,0000000001101010101,19,20,1/20,1/1,True
/root/autodl-tmp/hilbert-polya-structure/symbolic_dynamics/papers/34-positive-recognition-recurrence-quadrilemma/results/code_clock_ledger.csv:855:2,854,0000000001101010110,19,20,1/20,1/1,True
/root/autodl-tmp/hilbert-polya-structure/symbolic_dynamics/papers/34-positive-recognition-recurrence-quadrilemma/results/code_clock_ledger.csv:856:2,855,0000000001101010111,19,20,1/20,1/1,True
/root/autodl-tmp/hilbert-polya-structure/symbolic_dynamics/papers/34-positive-recognition-recurrence-quadrilemma/results/code_clock_ledger.csv:859:2,858,0000000001101011010,19,20,1/20,1/1,True
/root/autodl-tmp/hilbert-polya-structure/symbolic_dynamics/papers/34-positive-recognition-recurrence-quadrilemma/results/code_clock_ledger.csv:860:2,859,0000000001101011011,19,20,1/20,1/1,True
/root/autodl-tmp/hilbert-polya-structure/symbolic_dynamics/papers/34-positive-recognition-recurrence-quadrilemma/results/code_clock_ledger.csv:862:2,861,0000000001101011101,19,20,1/20,1/1,True
/root/autodl-tmp/hilbert-polya-structure/symbolic_dynamics/papers/34-positive-recognition-recurrence-quadrilemma/results/code_clock_ledger.csv:867:2,866,0000000001101100010,19,20,1/20,1/1,True
/root/autodl-tmp/hilbert-polya-structure/symbolic_dynamics/papers/34-positive-recognition-recurrence-quadrilemma/results/code_clock_ledger.csv:869:2,868,0000000001101100100,19,20,1/20,1/1,True
/root/autodl-tmp/hilbert-polya-structure/symbolic_dynamics/papers/34-positive-recognition-recurrence-quadrilemma/results/code_clock_ledger.csv:870:2,869,0000000001101100101,19,20,1/20,1/1,True
/root/autodl-tmp/hilbert-polya-structure/symbolic_dynamics/papers/34-positive-recognition-recurrence-quadrilemma/results/code_clock_ledger.csv:873:2,872,0000000001101101000,19,20,1/20,1/1,True
/root/autodl-tmp/hilbert-polya-structure/symbolic_dynamics/papers/34-positive-recognition-recurrence-quadrilemma/results/code_clock_ledger.csv:874:2,873,0000000001101101001,19,20,1/20,1/1,True
/root/autodl-tmp/hilbert-polya-structure/symbolic_dynamics/papers/34-positive-recognition-recurrence-quadrilemma/results/code_clock_ledger.csv:875:2,874,0000000001101101010,19,20,1/20,1/1,True
/root/autodl-tmp/hilbert-polya-structure/symbolic_dynamics/papers/34-positive-recognition-recurrence-quadrilemma/results/code_clock_ledger.csv:876:2,875,0000000001101101011,19,20,1/20,1/1,True
/root/autodl-tmp/hilbert-polya-structure/symbolic_dynamics/papers/34-positive-recognition-recurrence-quadrilemma/results/code_clock_ledger.csv:883:2,882,0000000001101110010,19,20,1/20,1/1,True
/root/autodl-tmp/hilbert-polya-structure/symbolic_dynamics/papers/34-positive-recognition-recurrence-quadrilemma/results/code_clock_ledger.csv:885:2,884,0000000001101110100,19,20,1/20,1/1,True
/root/autodl-tmp/hilbert-polya-structure/symbolic_dynamics/papers/34-positive-recognition-recurrence-quadrilemma/results/code_clock_ledger.csv:886:2,885,0000000001101110101,19,20,1/20,1/1,True
/root/autodl-tmp/hilbert-polya-structure/symbolic_dynamics/papers/34-positive-recognition-recurrence-quadrilemma/results/code_clock_ledger.csv:891:2,890,0000000001101111010,19,20,1/20,1/1,True
/root/autodl-tmp/hilbert-polya-structure/symbolic_dynamics/papers/34-positive-recognition-recurrence-quadrilemma/results/code_clock_ledger.csv:918:2,917,0000000001110010101,19,20,1/20,1/1,True
/root/autodl-tmp/hilbert-polya-structure/symbolic_dynamics/papers/34-positive-recognition-recurrence-quadrilemma/results/code_clock_ledger.csv:931:2,930,0000000001110100010,19,20,1/20,1/1,True
/root/autodl-tmp/hilbert-polya-structure/symbolic_dynamics/papers/34-positive-recognition-recurrence-quadrilemma/results/code_clock_ledger.csv:933:2,932,0000000001110100100,19,20,1/20,1/1,True
/root/autodl-tmp/hilbert-polya-structure/symbolic_dynamics/papers/34-positive-recognition-recurrence-quadrilemma/results/code_clock_ledger.csv:934:2,933,0000000001110100101,19,20,1/20,1/1,True
/root/autodl-tmp/hilbert-polya-structure/symbolic_dynamics/papers/34-positive-recognition-recurrence-quadrilemma/results/code_clock_ledger.csv:937:2,936,0000000001110101000,19,20,1/20,1/1,True
/root/autodl-tmp/hilbert-polya-structure/symbolic_dynamics/papers/34-positive-recognition-recurrence-quadrilemma/results/code_clock_ledger.csv:938:2,937,0000000001110101001,19,20,1/20,1/1,True
/root/autodl-tmp/hilbert-polya-structure/symbolic_dynamics/papers/34-positive-recognition-recurrence-quadrilemma/results/code_clock_ledger.csv:939:2,938,0000000001110101010,19,20,1/20,1/1,True
/root/autodl-tmp/hilbert-polya-structure/symbolic_dynamics/papers/34-positive-recognition-recurrence-quadrilemma/results/code_clock_ledger.csv:940:2,939,0000000001110101011,19,20,1/20,1/1,True
/root/autodl-tmp/hilbert-polya-structure/symbolic_dynamics/papers/34-positive-recognition-recurrence-quadrilemma/results/code_clock_ledger.csv:942:2,941,0000000001110101101,19,20,1/20,1/1,True
/root/autodl-tmp/hilbert-polya-structure/symbolic_dynamics/papers/34-positive-recognition-recurrence-quadrilemma/results/code_clock_ledger.csv:947:2,946,0000000001110110010,19,20,1/20,1/1,True
/root/autodl-tmp/hilbert-polya-structure/symbolic_dynamics/papers/34-positive-recognition-recurrence-quadrilemma/results/code_clock_ledger.csv:949:2,948,0000000001110110100,19,20,1/20,1/1,True
/root/autodl-tmp/hilbert-polya-structure/symbolic_dynamics/papers/34-positive-recognition-recurrence-quadrilemma/results/code_clock_ledger.csv:950:2,949,0000000001110110101,19,20,1/20,1/1,True
/root/autodl-tmp/hilbert-polya-structure/symbolic_dynamics/papers/34-positive-recognition-recurrence-quadrilemma/results/code_clock_ledger.csv:955:2,954,0000000001110111010,19,20,1/20,1/1,True
/root/autodl-tmp/hilbert-polya-structure/symbolic_dynamics/papers/34-positive-recognition-recurrence-quadrilemma/results/code_clock_ledger.csv:979:2,978,0000000001111010010,19,20,1/20,1/1,True
/root/autodl-tmp/hilbert-polya-structure/symbolic_dynamics/papers/34-positive-recognition-recurrence-quadrilemma/results/code_clock_ledger.csv:981:2,980,0000000001111010100,19,20,1/20,1/1,True
/root/autodl-tmp/hilbert-polya-structure/symbolic_dynamics/papers/34-positive-recognition-recurrence-quadrilemma/results/code_clock_ledger.csv:982:2,981,0000000001111010101,19,20,1/20,1/1,True
/root/autodl-tmp/hilbert-polya-structure/symbolic_dynamics/papers/34-positive-recognition-recurrence-quadrilemma/results/code_clock_ledger.csv:987:2,986,0000000001111011010,19,20,1/20,1/1,True
/root/autodl-tmp/hilbert-polya-structure/symbolic_dynamics/papers/34-positive-recognition-recurrence-quadrilemma/results/code_clock_ledger.csv:1003:2,1002,0000000001111101010,19,20,1/20,1/1,True
/root/autodl-tmp/hilbert-polya-structure/symbolic_dynamics/papers/34-positive-recognition-recurrence-quadrilemma/results/code_clock_ledger.csv:1011:2,1010,0000000001111110010,19,20,1/20,1/1,True
/root/autodl-tmp/hilbert-polya-structure/symbolic_dynamics/papers/34-positive-recognition-recurrence-quadrilemma/results/code_clock_ledger.csv:1013:2,1012,0000000001111110100,19,20,1/20,1/1,True
/root/autodl-tmp/hilbert-polya-structure/symbolic_dynamics/papers/34-positive-recognition-recurrence-quadrilemma/results/code_clock_ledger.csv:1014:2,1013,0000000001111110101,19,20,1/20,1/1,True
/root/autodl-tmp/hilbert-polya-structure/symbolic_dynamics/papers/34-positive-recognition-recurrence-quadrilemma/results/code_clock_ledger.csv:1019:2,1018,0000000001111111010,19,20,1/20,1/1,True
/root/autodl-tmp/hilbert-polya-structure/symbolic_dynamics/papers/34-positive-recognition-recurrence-quadrilemma/results/code_clock_ledger.csv:1030:2,1029,000000000010000000101,21,22,1/22,1/1,True
/root/autodl-tmp/hilbert-polya-structure/symbolic_dynamics/papers/34-positive-recognition-recurrence-quadrilemma/results/code_clock_ledger.csv:1035:2,1034,000000000010000001010,21,22,1/22,1/1,True
/root/autodl-tmp/hilbert-polya-structure/symbolic_dynamics/papers/34-positive-recognition-recurrence-quadrilemma/results/code_clock_ledger.csv:1036:2,1035,000000000010000001011,21,22,1/22,1/1,True
/root/autodl-tmp/hilbert-polya-structure/symbolic_dynamics/papers/34-positive-recognition-recurrence-quadrilemma/results/code_clock_ledger.csv:1038:2,1037,000000000010000001101,21,22,1/22,1/1,True
/root/autodl-tmp/hilbert-polya-structure/symbolic_dynamics/papers/34-positive-recognition-recurrence-quadrilemma/results/code_clock_ledger.csv:1045:2,1044,000000000010000010100,21,22,1/22,1/1,True
/root/autodl-tmp/hilbert-polya-structure/symbolic_dynamics/papers/34-positive-recognition-recurrence-quadrilemma/results/code_clock_ledger.csv:1046:2,1045,000000000010000010101,21,22,1/22,1/1,True
/root/autodl-tmp/hilbert-polya-structure/symbolic_dynamics/papers/34-positive-recognition-recurrence-quadrilemma/results/code_clock_ledger.csv:1047:2,1046,000000000010000010110,21,22,1/22,1/1,True
/root/autodl-tmp/hilbert-polya-structure/symbolic_dynamics/papers/34-positive-recognition-recurrence-quadrilemma/results/code_clock_ledger.csv:1048:2,1047,000000000010000010111,21,22,1/22,1/1,True
/root/autodl-tmp/hilbert-polya-structure/symbolic_dynamics/papers/34-positive-recognition-recurrence-quadrilemma/results/code_clock_ledger.csv:1051:2,1050,000000000010000011010,21,22,1/22,1/1,True
/root/autodl-tmp/hilbert-polya-structure/symbolic_dynamics/papers/34-positive-recognition-recurrence-quadrilemma/results/code_clock_ledger.csv:1052:2,1051,000000000010000011011,21,22,1/22,1/1,True
/root/autodl-tmp/hilbert-polya-structure/symbolic_dynamics/papers/34-positive-recognition-recurrence-quadrilemma/results/code_clock_ledger.csv:1054:2,1053,000000000010000011101,21,22,1/22,1/1,True
/root/autodl-tmp/hilbert-polya-structure/symbolic_dynamics/papers/34-positive-recognition-recurrence-quadrilemma/results/code_clock_ledger.csv:1062:2,1061,000000000010000100101,21,22,1/22,1/1,True
/root/autodl-tmp/hilbert-polya-structure/symbolic_dynamics/papers/34-positive-recognition-recurrence-quadrilemma/results/code_clock_ledger.csv:1065:2,1064,000000000010000101000,21,22,1/22,1/1,True
/root/autodl-tmp/hilbert-polya-structure/symbolic_dynamics/papers/34-positive-recognition-recurrence-quadrilemma/results/code_clock_ledger.csv:1066:2,1065,000000000010000101001,21,22,1/22,1/1,True
/root/autodl-tmp/hilbert-polya-structure/symbolic_dynamics/papers/34-positive-recognition-recurrence-quadrilemma/results/code_clock_ledger.csv:1067:2,1066,000000000010000101010,21,22,1/22,1/1,True
/root/autodl-tmp/hilbert-polya-structure/symbolic_dynamics/papers/34-positive-recognition-recurrence-quadrilemma/results/code_clock_ledger.csv:1068:2,1067,000000000010000101011,21,22,1/22,1/1,True
/root/autodl-tmp/hilbert-polya-structure/symbolic_dynamics/papers/34-positive-recognition-recurrence-quadrilemma/results/code_clock_ledger.csv:1069:2,1068,000000000010000101100,21,22,1/22,1/1,True
/root/autodl-tmp/hilbert-polya-structure/symbolic_dynamics/papers/34-positive-recognition-recurrence-quadrilemma/results/code_clock_ledger.csv:1070:2,1069,000000000010000101101,21,22,1/22,1/1,True
/root/autodl-tmp/hilbert-polya-structure/symbolic_dynamics/papers/34-positive-recognition-recurrence-quadrilemma/results/code_clock_ledger.csv:1071:2,1070,000000000010000101110,21,22,1/22,1/1,True
/root/autodl-tmp/hilbert-polya-structure/symbolic_dynamics/papers/34-positive-recognition-recurrence-quadrilemma/results/code_clock_ledger.csv:1072:2,1071,000000000010000101111,21,22,1/22,1/1,True
/root/autodl-tmp/hilbert-polya-structure/symbolic_dynamics/papers/34-positive-recognition-recurrence-quadrilemma/results/code_clock_ledger.csv:1077:2,1076,000000000010000110100,21,22,1/22,1/1,True
/root/autodl-tmp/hilbert-polya-structure/symbolic_dynamics/papers/34-positive-recognition-recurrence-quadrilemma/results/code_clock_ledger.csv:1078:2,1077,000000000010000110101,21,22,1/22,1/1,True
/root/autodl-tmp/hilbert-polya-structure/symbolic_dynamics/papers/34-positive-recognition-recurrence-quadrilemma/results/code_clock_ledger.csv:1079:2,1078,000000000010000110110,21,22,1/22,1/1,True
/root/autodl-tmp/hilbert-polya-structure/symbolic_dynamics/papers/34-positive-recognition-recurrence-quadrilemma/results/code_clock_ledger.csv:1080:2,1079,000000000010000110111,21,22,1/22,1/1,True
/root/autodl-tmp/hilbert-polya-structure/symbolic_dynamics/papers/34-positive-recognition-recurrence-quadrilemma/results/code_clock_ledger.csv:1083:2,1082,000000000010000111010,21,22,1/22,1/1,True
/root/autodl-tmp/hilbert-polya-structure/symbolic_dynamics/papers/34-positive-recognition-recurrence-quadrilemma/results/code_clock_ledger.csv:1084:2,1083,000000000010000111011,21,22,1/22,1/1,True
/root/autodl-tmp/hilbert-polya-structure/symbolic_dynamics/papers/34-positive-recognition-recurrence-quadrilemma/results/code_clock_ledger.csv:1086:2,1085,000000000010000111101,21,22,1/22,1/1,True
/root/autodl-tmp/hilbert-polya-structure/symbolic_dynamics/papers/34-positive-recognition-recurrence-quadrilemma/results/code_clock_ledger.csv:1094:2,1093,000000000010001000101,21,22,1/22,1/1,True
/root/autodl-tmp/hilbert-polya-structure/symbolic_dynamics/papers/34-positive-recognition-recurrence-quadrilemma/results/code_clock_ledger.csv:1099:2,1098,000000000010001001010,21,22,1/22,1/1,True
/root/autodl-tmp/hilbert-polya-structure/symbolic_dynamics/papers/34-positive-recognition-recurrence-quadrilemma/results/code_clock_ledger.csv:1100:2,1099,000000000010001001011,21,22,1/22,1/1,True
/root/autodl-tmp/hilbert-polya-structure/symbolic_dynamics/papers/34-positive-recognition-recurrence-quadrilemma/results/code_clock_ledger.csv:1102:2,1101,000000000010001001101,21,22,1/22,1/1,True
/root/autodl-tmp/hilbert-polya-structure/symbolic_dynamics/papers/34-positive-recognition-recurrence-quadrilemma/results/code_clock_ledger.csv:1105:2,1104,000000000010001010000,21,22,1/22,1/1,True
/root/autodl-tmp/hilbert-polya-structure/symbolic_dynamics/papers/34-positive-recognition-recurrence-quadrilemma/results/code_clock_ledger.csv:1106:2,1105,000000000010001010001,21,22,1/22,1/1,True
/root/autodl-tmp/hilbert-polya-structure/symbolic_dynamics/papers/34-positive-recognition-recurrence-quadrilemma/results/code_clock_ledger.csv:1107:2,1106,000000000010001010010,21,22,1/22,1/1,True
/root/autodl-tmp/hilbert-polya-structure/symbolic_dynamics/papers/34-positive-recognition-recurrence-quadrilemma/results/code_clock_ledger.csv:1108:2,1107,000000000010001010011,21,22,1/22,1/1,True
/root/autodl-tmp/hilbert-polya-structure/symbolic_dynamics/papers/34-positive-recognition-recurrence-quadrilemma/results/code_clock_ledger.csv:1109:2,1108,000000000010001010100,21,22,1/22,1/1,True
/root/autodl-tmp/hilbert-polya-structure/symbolic_dynamics/papers/34-positive-recognition-recurrence-quadrilemma/results/code_clock_ledger.csv:1110:2,1109,000000000010001010101,21,22,1/22,1/1,True
/root/autodl-tmp/hilbert-polya-structure/symbolic_dynamics/papers/34-positive-recognition-recurrence-quadrilemma/results/code_clock_ledger.csv:1111:2,1110,000000000010001010110,21,22,1/22,1/1,True
/root/autodl-tmp/hilbert-polya-structure/symbolic_dynamics/papers/34-positive-recognition-recurrence-quadrilemma/results/code_clock_ledger.csv:1112:2,1111,000000000010001010111,21,22,1/22,1/1,True
/root/autodl-tmp/hilbert-polya-structure/symbolic_dynamics/papers/34-positive-recognition-recurrence-quadrilemma/results/code_clock_ledger.csv:1113:2,1112,000000000010001011000,21,22,1/22,1/1,True
/root/autodl-tmp/hilbert-polya-structure/symbolic_dynamics/papers/34-positive-recognition-recurrence-quadrilemma/results/code_clock_ledger.csv:1114:2,1113,000000000010001011001,21,22,1/22,1/1,True
/root/autodl-tmp/hilbert-polya-structure/symbolic_dynamics/papers/34-positive-recognition-recurrence-quadrilemma/results/code_clock_ledger.csv:1115:2,1114,000000000010001011010,21,22,1/22,1/1,True
/root/autodl-tmp/hilbert-polya-structure/symbolic_dynamics/papers/34-positive-recognition-recurrence-quadrilemma/results/code_clock_ledger.csv:1116:2,1115,000000000010001011011,21,22,1/22,1/1,True
/root/autodl-tmp/hilbert-polya-structure/symbolic_dynamics/papers/34-positive-recognition-recurrence-quadrilemma/results/code_clock_ledger.csv:1117:2,1116,000000000010001011100,21,22,1/22,1/1,True
/root/autodl-tmp/hilbert-polya-structure/symbolic_dynamics/papers/34-positive-recognition-recurrence-quadrilemma/results/code_clock_ledger.csv:1118:2,1117,000000000010001011101,21,22,1/22,1/1,True
/root/autodl-tmp/hilbert-polya-structure/symbolic_dynamics/papers/34-positive-recognition-recurrence-quadrilemma/results/code_clock_ledger.csv:1119:2,1118,000000000010001011110,21,22,1/22,1/1,True
/root/autodl-tmp/hilbert-polya-structure/symbolic_dynamics/papers/34-positive-recognition-recurrence-quadrilemma/results/code_clock_ledger.csv:1120:2,1119,000000000010001011111,21,22,1/22,1/1,True
/root/autodl-tmp/hilbert-polya-structure/symbolic_dynamics/papers/34-positive-recognition-recurrence-quadrilemma/results/code_clock_ledger.csv:1126:2,1125,000000000010001100101,21,22,1/22,1/1,True
/root/autodl-tmp/hilbert-polya-structure/symbolic_dynamics/papers/34-positive-recognition-recurrence-quadrilemma/results/code_clock_ledger.csv:1129:2,1128,000000000010001101000,21,22,1/22,1/1,True
/root/autodl-tmp/hilbert-polya-structure/symbolic_dynamics/papers/34-positive-recognition-recurrence-quadrilemma/results/code_clock_ledger.csv:1130:2,1129,000000000010001101001,21,22,1/22,1/1,True
/root/autodl-tmp/hilbert-polya-structure/symbolic_dynamics/papers/34-positive-recognition-recurrence-quadrilemma/results/code_clock_ledger.csv:1131:2,1130,000000000010001101010,21,22,1/22,1/1,True
/root/autodl-tmp/hilbert-polya-structure/symbolic_dynamics/papers/34-positive-recognition-recurrence-quadrilemma/results/code_clock_ledger.csv:1132:2,1131,000000000010001101011,21,22,1/22,1/1,True
/root/autodl-tmp/hilbert-polya-structure/symbolic_dynamics/papers/34-positive-recognition-recurrence-quadrilemma/results/code_clock_ledger.csv:1133:2,1132,000000000010001101100,21,22,1/22,1/1,True
/root/autodl-tmp/hilbert-polya-structure/symbolic_dynamics/papers/34-positive-recognition-recurrence-quadrilemma/results/code_clock_ledger.csv:1134:2,1133,000000000010001101101,21,22,1/22,1/1,True
/root/autodl-tmp/hilbert-polya-structure/symbolic_dynamics/papers/34-positive-recognition-recurrence-quadrilemma/results/code_clock_ledger.csv:1135:2,1134,000000000010001101110,21,22,1/22,1/1,True
/root/autodl-tmp/hilbert-polya-structure/symbolic_dynamics/papers/34-positive-recognition-recurrence-quadrilemma/results/code_clock_ledger.csv:1136:2,1135,000000000010001101111,21,22,1/22,1/1,True
/root/autodl-tmp/hilbert-polya-structure/symbolic_dynamics/papers/34-positive-recognition-recurrence-quadrilemma/results/code_clock_ledger.csv:1141:2,1140,000000000010001110100,21,22,1/22,1/1,True
/root/autodl-tmp/hilbert-polya-structure/symbolic_dynamics/papers/34-positive-recognition-recurrence-quadrilemma/results/code_clock_ledger.csv:1142:2,1141,000000000010001110101,21,22,1/22,1/1,True
/root/autodl-tmp/hilbert-polya-structure/symbolic_dynamics/papers/34-positive-recognition-recurrence-quadrilemma/results/code_clock_ledger.csv:1143:2,1142,000000000010001110110,21,22,1/22,1/1,True
/root/autodl-tmp/hilbert-polya-structure/symbolic_dynamics/papers/34-positive-recognition-recurrence-quadrilemma/results/code_clock_ledger.csv:1144:2,1143,000000000010001110111,21,22,1/22,1/1,True
/root/autodl-tmp/hilbert-polya-structure/symbolic_dynamics/papers/34-positive-recognition-recurrence-quadrilemma/results/code_clock_ledger.csv:1147:2,1146,000000000010001111010,21,22,1/22,1/1,True
/root/autodl-tmp/hilbert-polya-structure/symbolic_dynamics/papers/34-positive-recognition-recurrence-quadrilemma/results/code_clock_ledger.csv:1148:2,1147,000000000010001111011,21,22,1/22,1/1,True
/root/autodl-tmp/hilbert-polya-structure/symbolic_dynamics/papers/34-positive-recognition-recurrence-quadrilemma/results/code_clock_ledger.csv:1150:2,1149,000000000010001111101,21,22,1/22,1/1,True
/root/autodl-tmp/hilbert-polya-structure/symbolic_dynamics/papers/34-positive-recognition-recurrence-quadrilemma/results/code_clock_ledger.csv:1158:2,1157,000000000010010000101,21,22,1/22,1/1,True
/root/autodl-tmp/hilbert-polya-structure/symbolic_dynamics/papers/34-positive-recognition-recurrence-quadrilemma/results/code_clock_ledger.csv:1163:2,1162,000000000010010001010,21,22,1/22,1/1,True
/root/autodl-tmp/hilbert-polya-structure/symbolic_dynamics/papers/34-positive-recognition-recurrence-quadrilemma/results/code_clock_ledger.csv:1164:2,1163,000000000010010001011,21,22,1/22,1/1,True
/root/autodl-tmp/hilbert-polya-structure/symbolic_dynamics/papers/34-positive-recognition-recurrence-quadrilemma/results/code_clock_ledger.csv:1166:2,1165,000000000010010001101,21,22,1/22,1/1,True
/root/autodl-tmp/hilbert-polya-structure/symbolic_dynamics/papers/34-positive-recognition-recurrence-quadrilemma/results/code_clock_ledger.csv:1173:2,1172,000000000010010010100,21,22,1/22,1/1,True
/root/autodl-tmp/hilbert-polya-structure/symbolic_dynamics/papers/34-positive-recognition-recurrence-quadrilemma/results/code_clock_ledger.csv:1174:2,1173,000000000010010010101,21,22,1/22,1/1,True
/root/autodl-tmp/hilbert-polya-structure/symbolic_dynamics/papers/34-positive-recognition-recurrence-quadrilemma/results/code_clock_ledger.csv:1175:2,1174,000000000010010010110,21,22,1/22,1/1,True
/root/autodl-tmp/hilbert-polya-structure/symbolic_dynamics/papers/34-positive-recognition-recurrence-quadrilemma/results/code_clock_ledger.csv:1176:2,1175,000000000010010010111,21,22,1/22,1/1,True
/root/autodl-tmp/hilbert-polya-structure/symbolic_dynamics/papers/34-positive-recognition-recurrence-quadrilemma/results/code_clock_ledger.csv:1179:2,1178,000000000010010011010,21,22,1/22,1/1,True
/root/autodl-tmp/hilbert-polya-structure/symbolic_dynamics/papers/34-positive-recognition-recurrence-quadrilemma/results/code_clock_ledger.csv:1180:2,1179,000000000010010011011,21,22,1/22,1/1,True
/root/autodl-tmp/hilbert-polya-structure/symbolic_dynamics/papers/34-positive-recognition-recurrence-quadrilemma/results/code_clock_ledger.csv:1182:2,1181,000000000010010011101,21,22,1/22,1/1,True
/root/autodl-tmp/hilbert-polya-structure/symbolic_dynamics/papers/34-positive-recognition-recurrence-quadrilemma/results/code_clock_ledger.csv:1185:2,1184,000000000010010100000,21,22,1/22,1/1,True
/root/autodl-tmp/hilbert-polya-structure/symbolic_dynamics/papers/34-positive-recognition-recurrence-quadrilemma/results/code_clock_ledger.csv:1186:2,1185,000000000010010100001,21,22,1/22,1/1,True
/root/autodl-tmp/hilbert-polya-structure/symbolic_dynamics/papers/34-positive-recognition-recurrence-quadrilemma/results/code_clock_ledger.csv:1187:2,1186,000000000010010100010,21,22,1/22,1/1,True
/root/autodl-tmp/hilbert-polya-structure/symbolic_dynamics/papers/34-positive-recognition-recurrence-quadrilemma/results/code_clock_ledger.csv:1188:2,1187,000000000010010100011,21,22,1/22,1/1,True
/root/autodl-tmp/hilbert-polya-structure/symbolic_dynamics/papers/34-positive-recognition-recurrence-quadrilemma/results/code_clock_ledger.csv:1189:2,1188,000000000010010100100,21,22,1/22,1/1,True
/root/autodl-tmp/hilbert-polya-structure/symbolic_dynamics/papers/34-positive-recognition-recurrence-quadrilemma/results/code_clock_ledger.csv:1190:2,1189,000000000010010100101,21,22,1/22,1/1,True
/root/autodl-tmp/hilbert-polya-structure/symbolic_dynamics/papers/34-positive-recognition-recurrence-quadrilemma/results/code_clock_ledger.csv:1191:2,1190,000000000010010100110,21,22,1/22,1/1,True
/root/autodl-tmp/hilbert-polya-structure/symbolic_dynamics/papers/34-positive-recognition-recurrence-quadrilemma/results/code_clock_ledger.csv:1192:2,1191,000000000010010100111,21,22,1/22,1/1,True
/root/autodl-tmp/hilbert-polya-structure/symbolic_dynamics/papers/34-positive-recognition-recurrence-quadrilemma/results/code_clock_ledger.csv:1193:2,1192,000000000010010101000,21,22,1/22,1/1,True
/root/autodl-tmp/hilbert-polya-structure/symbolic_dynamics/papers/34-positive-recognition-recurrence-quadrilemma/results/code_clock_ledger.csv:1194:2,1193,000000000010010101001,21,22,1/22,1/1,True
/root/autodl-tmp/hilbert-polya-structure/symbolic_dynamics/papers/34-positive-recognition-recurrence-quadrilemma/results/code_clock_ledger.csv:1195:2,1194,000000000010010101010,21,22,1/22,1/1,True
/root/autodl-tmp/hilbert-polya-structure/symbolic_dynamics/papers/34-positive-recognition-recurrence-quadrilemma/results/code_clock_ledger.csv:1196:2,1195,000000000010010101011,21,22,1/22,1/1,True
/root/autodl-tmp/hilbert-polya-structure/symbolic_dynamics/papers/34-positive-recognition-recurrence-quadrilemma/results/code_clock_ledger.csv:1197:2,1196,000000000010010101100,21,22,1/22,1/1,True
/root/autodl-tmp/hilbert-polya-structure/symbolic_dynamics/papers/34-positive-recognition-recurrence-quadrilemma/results/code_clock_ledger.csv:1198:2,1197,000000000010010101101,21,22,1/22,1/1,True
/root/autodl-tmp/hilbert-polya-structure/symbolic_dynamics/papers/34-positive-recognition-recurrence-quadrilemma/results/code_clock_ledger.csv:1199:2,1198,000000000010010101110,21,22,1/22,1/1,True
/root/autodl-tmp/hilbert-polya-structure/symbolic_dynamics/papers/34-positive-recognition-recurrence-quadrilemma/results/code_clock_ledger.csv:1200:2,1199,000000000010010101111,21,22,1/22,1/1,True
/root/autodl-tmp/hilbert-polya-structure/symbolic_dynamics/papers/34-positive-recognition-recurrence-quadrilemma/results/code_clock_ledger.csv:1201:2,1200,000000000010010110000,21,22,1/22,1/1,True
/root/autodl-tmp/hilbert-polya-structure/symbolic_dynamics/papers/34-positive-recognition-recurrence-quadrilemma/results/code_clock_ledger.csv:1202:2,1201,000000000010010110001,21,22,1/22,1/1,True
/root/autodl-tmp/hilbert-polya-structure/symbolic_dynamics/papers/34-positive-recognition-recurrence-quadrilemma/results/code_clock_ledger.csv:1203:2,1202,000000000010010110010,21,22,1/22,1/1,True
/root/autodl-tmp/hilbert-polya-structure/symbolic_dynamics/papers/34-positive-recognition-recurrence-quadrilemma/results/code_clock_ledger.csv:1204:2,1203,000000000010010110011,21,22,1/22,1/1,True
/root/autodl-tmp/hilbert-polya-structure/symbolic_dynamics/papers/34-positive-recognition-recurrence-quadrilemma/results/code_clock_ledger.csv:1205:2,1204,000000000010010110100,21,22,1/22,1/1,True
/root/autodl-tmp/hilbert-polya-structure/symbolic_dynamics/papers/34-positive-recognition-recurrence-quadrilemma/results/code_clock_ledger.csv:1206:2,1205,000000000010010110101,21,22,1/22,1/1,True
/root/autodl-tmp/hilbert-polya-structure/symbolic_dynamics/papers/34-positive-recognition-recurrence-quadrilemma/results/code_clock_ledger.csv:1207:2,1206,000000000010010110110,21,22,1/22,1/1,True
/root/autodl-tmp/hilbert-polya-structure/symbolic_dynamics/papers/34-positive-recognition-recurrence-quadrilemma/results/code_clock_ledger.csv:1208:2,1207,000000000010010110111,21,22,1/22,1/1,True
/root/autodl-tmp/hilbert-polya-structure/symbolic_dynamics/papers/34-positive-recognition-recurrence-quadrilemma/results/code_clock_ledger.csv:1209:2,1208,000000000010010111000,21,22,1/22,1/1,True
/root/autodl-tmp/hilbert-polya-structure/symbolic_dynamics/papers/34-positive-recognition-recurrence-quadrilemma/results/code_clock_ledger.csv:1210:2,1209,000000000010010111001,21,22,1/22,1/1,True
/root/autodl-tmp/hilbert-polya-structure/symbolic_dynamics/papers/34-positive-recognition-recurrence-quadrilemma/results/code_clock_ledger.csv:1211:2,1210,000000000010010111010,21,22,1/22,1/1,True
/root/autodl-tmp/hilbert-polya-structure/symbolic_dynamics/papers/34-positive-recognition-recurrence-quadrilemma/results/code_clock_ledger.csv:1212:2,1211,000000000010010111011,21,22,1/22,1/1,True
/root/autodl-tmp/hilbert-polya-structure/symbolic_dynamics/papers/34-positive-recognition-recurrence-quadrilemma/results/code_clock_ledger.csv:1213:2,1212,000000000010010111100,21,22,1/22,1/1,True
/root/autodl-tmp/hilbert-polya-structure/symbolic_dynamics/papers/34-positive-recognition-recurrence-quadrilemma/results/code_clock_ledger.csv:1214:2,1213,000000000010010111101,21,22,1/22,1/1,True
/root/autodl-tmp/hilbert-polya-structure/symbolic_dynamics/papers/34-positive-recognition-recurrence-quadrilemma/results/code_clock_ledger.csv:1215:2,1214,000000000010010111110,21,22,1/22,1/1,True
/root/autodl-tmp/hilbert-polya-structure/symbolic_dynamics/papers/34-positive-recognition-recurrence-quadrilemma/results/code_clock_ledger.csv:1216:2,1215,000000000010010111111,21,22,1/22,1/1,True
/root/autodl-tmp/hilbert-polya-structure/symbolic_dynamics/papers/34-positive-recognition-recurrence-quadrilemma/results/code_clock_ledger.csv:1222:2,1221,000000000010011000101,21,22,1/22,1/1,True
/root/autodl-tmp/hilbert-polya-structure/symbolic_dynamics/papers/34-positive-recognition-recurrence-quadrilemma/results/code_clock_ledger.csv:1227:2,1226,000000000010011001010,21,22,1/22,1/1,True
/root/autodl-tmp/hilbert-polya-structure/symbolic_dynamics/papers/34-positive-recognition-recurrence-quadrilemma/results/code_clock_ledger.csv:1228:2,1227,000000000010011001011,21,22,1/22,1/1,True
/root/autodl-tmp/hilbert-polya-structure/symbolic_dynamics/papers/34-positive-recognition-recurrence-quadrilemma/results/code_clock_ledger.csv:1230:2,1229,000000000010011001101,21,22,1/22,1/1,True
/root/autodl-tmp/hilbert-polya-structure/symbolic_dynamics/papers/34-positive-recognition-recurrence-quadrilemma/results/code_clock_ledger.csv:1233:2,1232,000000000010011010000,21,22,1/22,1/1,True
/root/autodl-tmp/hilbert-polya-structure/symbolic_dynamics/papers/34-positive-recognition-recurrence-quadrilemma/results/code_clock_ledger.csv:1234:2,1233,000000000010011010001,21,22,1/22,1/1,True
/root/autodl-tmp/hilbert-polya-structure/symbolic_dynamics/papers/34-positive-recognition-recurrence-quadrilemma/results/code_clock_ledger.csv:1235:2,1234,000000000010011010010,21,22,1/22,1/1,True
/root/autodl-tmp/hilbert-polya-structure/symbolic_dynamics/papers/34-positive-recognition-recurrence-quadrilemma/results/code_clock_ledger.csv:1236:2,1235,000000000010011010011,21,22,1/22,1/1,True
/root/autodl-tmp/hilbert-polya-structure/symbolic_dynamics/papers/34-positive-recognition-recurrence-quadrilemma/results/code_clock_ledger.csv:1237:2,1236,000000000010011010100,21,22,1/22,1/1,True
/root/autodl-tmp/hilbert-polya-structure/symbolic_dynamics/papers/34-positive-recognition-recurrence-quadrilemma/results/code_clock_ledger.csv:1238:2,1237,000000000010011010101,21,22,1/22,1/1,True
/root/autodl-tmp/hilbert-polya-structure/symbolic_dynamics/papers/34-positive-recognition-recurrence-quadrilemma/results/code_clock_ledger.csv:1239:2,1238,000000000010011010110,21,22,1/22,1/1,True
/root/autodl-tmp/hilbert-polya-structure/symbolic_dynamics/papers/34-positive-recognition-recurrence-quadrilemma/results/code_clock_ledger.csv:1240:2,1239,000000000010011010111,21,22,1/22,1/1,True
/root/autodl-tmp/hilbert-polya-structure/symbolic_dynamics/papers/34-positive-recognition-recurrence-quadrilemma/results/code_clock_ledger.csv:1241:2,1240,000000000010011011000,21,22,1/22,1/1,True
/root/autodl-tmp/hilbert-polya-structure/symbolic_dynamics/papers/34-positive-recognition-recurrence-quadrilemma/results/code_clock_ledger.csv:1242:2,1241,000000000010011011001,21,22,1/22,1/1,True
/root/autodl-tmp/hilbert-polya-structure/symbolic_dynamics/papers/34-positive-recognition-recurrence-quadrilemma/results/code_clock_ledger.csv:1243:2,1242,000000000010011011010,21,22,1/22,1/1,True
/root/autodl-tmp/hilbert-polya-structure/symbolic_dynamics/papers/34-positive-recognition-recurrence-quadrilemma/results/code_clock_ledger.csv:1244:2,1243,000000000010011011011,21,22,1/22,1/1,True
/root/autodl-tmp/hilbert-polya-structure/symbolic_dynamics/papers/34-positive-recognition-recurrence-quadrilemma/results/code_clock_ledger.csv:1245:2,1244,000000000010011011100,21,22,1/22,1/1,True
/root/autodl-tmp/hilbert-polya-structure/symbolic_dynamics/papers/34-positive-recognition-recurrence-quadrilemma/results/code_clock_ledger.csv:1246:2,1245,000000000010011011101,21,22,1/22,1/1,True
/root/autodl-tmp/hilbert-polya-structure/symbolic_dynamics/papers/34-positive-recognition-recurrence-quadrilemma/results/code_clock_ledger.csv:1247:2,1246,000000000010011011110,21,22,1/22,1/1,True
/root/autodl-tmp/hilbert-polya-structure/symbolic_dynamics/papers/34-positive-recognition-recurrence-quadrilemma/results/code_clock_ledger.csv:1248:2,1247,000000000010011011111,21,22,1/22,1/1,True
/root/autodl-tmp/hilbert-polya-structure/symbolic_dynamics/papers/34-positive-recognition-recurrence-quadrilemma/results/code_clock_ledger.csv:1254:2,1253,000000000010011100101,21,22,1/22,1/1,True
/root/autodl-tmp/hilbert-polya-structure/symbolic_dynamics/papers/34-positive-recognition-recurrence-quadrilemma/results/code_clock_ledger.csv:1257:2,1256,000000000010011101000,21,22,1/22,1/1,True
/root/autodl-tmp/hilbert-polya-structure/symbolic_dynamics/papers/34-positive-recognition-recurrence-quadrilemma/results/code_clock_ledger.csv:1258:2,1257,000000000010011101001,21,22,1/22,1/1,True
/root/autodl-tmp/hilbert-polya-structure/symbolic_dynamics/papers/34-positive-recognition-recurrence-quadrilemma/results/code_clock_ledger.csv:1259:2,1258,000000000010011101010,21,22,1/22,1/1,True
/root/autodl-tmp/hilbert-polya-structure/symbolic_dynamics/papers/34-positive-recognition-recurrence-quadrilemma/results/code_clock_ledger.csv:1260:2,1259,000000000010011101011,21,22,1/22,1/1,True
/root/autodl-tmp/hilbert-polya-structure/symbolic_dynamics/papers/34-positive-recognition-recurrence-quadrilemma/results/code_clock_ledger.csv:1261:2,1260,000000000010011101100,21,22,1/22,1/1,True
/root/autodl-tmp/hilbert-polya-structure/symbolic_dynamics/papers/34-positive-recognition-recurrence-quadrilemma/results/code_clock_ledger.csv:1262:2,1261,000000000010011101101,21,22,1/22,1/1,True
/root/autodl-tmp/hilbert-polya-structure/symbolic_dynamics/papers/34-positive-recognition-recurrence-quadrilemma/results/code_clock_ledger.csv:1263:2,1262,000000000010011101110,21,22,1/22,1/1,True
/root/autodl-tmp/hilbert-polya-structure/symbolic_dynamics/papers/34-positive-recognition-recurrence-quadrilemma/results/code_clock_ledger.csv:1264:2,1263,000000000010011101111,21,22,1/22,1/1,True
/root/autodl-tmp/hilbert-polya-structure/symbolic_dynamics/papers/34-positive-recognition-recurrence-quadrilemma/results/code_clock_ledger.csv:1269:2,1268,000000000010011110100,21,22,1/22,1/1,True
/root/autodl-tmp/hilbert-polya-structure/symbolic_dynamics/papers/34-positive-recognition-recurrence-quadrilemma/results/code_clock_ledger.csv:1270:2,1269,000000000010011110101,21,22,1/22,1/1,True
/root/autodl-tmp/hilbert-polya-structure/symbolic_dynamics/papers/34-positive-recognition-recurrence-quadrilemma/results/code_clock_ledger.csv:1271:2,1270,000000000010011110110,21,22,1/22,1/1,True
/root/autodl-tmp/hilbert-polya-structure/symbolic_dynamics/papers/34-positive-recognition-recurrence-quadrilemma/results/code_clock_ledger.csv:1272:2,1271,000000000010011110111,21,22,1/22,1/1,True
/root/autodl-tmp/hilbert-polya-structure/symbolic_dynamics/papers/34-positive-recognition-recurrence-quadrilemma/results/code_clock_ledger.csv:1275:2,1274,000000000010011111010,21,22,1/22,1/1,True
/root/autodl-tmp/hilbert-polya-structure/symbolic_dynamics/papers/34-positive-recognition-recurrence-quadrilemma/results/code_clock_ledger.csv:1276:2,1275,000000000010011111011,21,22,1/22,1/1,True
/root/autodl-tmp/hilbert-polya-structure/symbolic_dynamics/papers/34-positive-recognition-recurrence-quadrilemma/results/code_clock_ledger.csv:1278:2,1277,000000000010011111101,21,22,1/22,1/1,True
/root/autodl-tmp/hilbert-polya-structure/symbolic_dynamics/papers/34-positive-recognition-recurrence-quadrilemma/results/code_clock_ledger.csv:1283:2,1282,000000000010100000010,21,22,1/22,1/1,True
/root/autodl-tmp/hilbert-polya-structure/symbolic_dynamics/papers/34-positive-recognition-recurrence-quadrilemma/results/code_clock_ledger.csv:1285:2,1284,000000000010100000100,21,22,1/22,1/1,True
/root/autodl-tmp/hilbert-polya-structure/symbolic_dynamics/papers/34-positive-recognition-recurrence-quadrilemma/results/code_clock_ledger.csv:1286:2,1285,000000000010100000101,21,22,1/22,1/1,True
/root/autodl-tmp/hilbert-polya-structure/symbolic_dynamics/papers/34-positive-recognition-recurrence-quadrilemma/results/code_clock_ledger.csv:1289:2,1288,000000000010100001000,21,22,1/22,1/1,True
/root/autodl-tmp/hilbert-polya-structure/symbolic_dynamics/papers/34-positive-recognition-recurrence-quadrilemma/results/code_clock_ledger.csv:1290:2,1289,000000000010100001001,21,22,1/22,1/1,True
/root/autodl-tmp/hilbert-polya-structure/symbolic_dynamics/papers/34-positive-recognition-recurrence-quadrilemma/results/code_clock_ledger.csv:1291:2,1290,000000000010100001010,21,22,1/22,1/1,True
/root/autodl-tmp/hilbert-polya-structure/symbolic_dynamics/papers/34-positive-recognition-recurrence-quadrilemma/results/code_clock_ledger.csv:1292:2,1291,000000000010100001011,21,22,1/22,1/1,True
/root/autodl-tmp/hilbert-polya-structure/symbolic_dynamics/papers/34-positive-recognition-recurrence-quadrilemma/results/code_clock_ledger.csv:1294:2,1293,000000000010100001101,21,22,1/22,1/1,True
/root/autodl-tmp/hilbert-polya-structure/symbolic_dynamics/papers/34-positive-recognition-recurrence-quadrilemma/results/code_clock_ledger.csv:1297:2,1296,000000000010100010000,21,22,1/22,1/1,True
/root/autodl-tmp/hilbert-polya-structure/symbolic_dynamics/papers/34-positive-recognition-recurrence-quadrilemma/results/code_clock_ledger.csv:1298:2,1297,000000000010100010001,21,22,1/22,1/1,True
/root/autodl-tmp/hilbert-polya-structure/symbolic_dynamics/papers/34-positive-recognition-recurrence-quadrilemma/results/code_clock_ledger.csv:1299:2,1298,000000000010100010010,21,22,1/22,1/1,True
/root/autodl-tmp/hilbert-polya-structure/symbolic_dynamics/papers/34-positive-recognition-recurrence-quadrilemma/results/code_clock_ledger.csv:1300:2,1299,000000000010100010011,21,22,1/22,1/1,True
/root/autodl-tmp/hilbert-polya-structure/symbolic_dynamics/papers/34-positive-recognition-recurrence-quadrilemma/results/code_clock_ledger.csv:1301:2,1300,000000000010100010100,21,22,1/22,1/1,True
/root/autodl-tmp/hilbert-polya-structure/symbolic_dynamics/papers/34-positive-recognition-recurrence-quadrilemma/results/code_clock_ledger.csv:1302:2,1301,000000000010100010101,21,22,1/22,1/1,True
/root/autodl-tmp/hilbert-polya-structure/symbolic_dynamics/papers/34-positive-recognition-recurrence-quadrilemma/results/code_clock_ledger.csv:1303:2,1302,000000000010100010110,21,22,1/22,1/1,True
/root/autodl-tmp/hilbert-polya-structure/symbolic_dynamics/papers/34-positive-recognition-recurrence-quadrilemma/results/code_clock_ledger.csv:1304:2,1303,000000000010100010111,21,22,1/22,1/1,True
/root/autodl-tmp/hilbert-polya-structure/symbolic_dynamics/papers/34-positive-recognition-recurrence-quadrilemma/results/code_clock_ledger.csv:1307:2,1306,000000000010100011010,21,22,1/22,1/1,True
/root/autodl-tmp/hilbert-polya-structure/symbolic_dynamics/papers/34-positive-recognition-recurrence-quadrilemma/results/code_clock_ledger.csv:1308:2,1307,000000000010100011011,21,22,1/22,1/1,True
/root/autodl-tmp/hilbert-polya-structure/symbolic_dynamics/papers/34-positive-recognition-recurrence-quadrilemma/results/code_clock_ledger.csv:1310:2,1309,000000000010100011101,21,22,1/22,1/1,True
/root/autodl-tmp/hilbert-polya-structure/symbolic_dynamics/papers/34-positive-recognition-recurrence-quadrilemma/results/code_clock_ledger.csv:1313:2,1312,000000000010100100000,21,22,1/22,1/1,True
/root/autodl-tmp/hilbert-polya-structure/symbolic_dynamics/papers/34-positive-recognition-recurrence-quadrilemma/results/code_clock_ledger.csv:1314:2,1313,000000000010100100001,21,22,1/22,1/1,True
/root/autodl-tmp/hilbert-polya-structure/symbolic_dynamics/papers/34-positive-recognition-recurrence-quadrilemma/results/code_clock_ledger.csv:1315:2,1314,000000000010100100010,21,22,1/22,1/1,True
/root/autodl-tmp/hilbert-polya-structure/symbolic_dynamics/papers/34-positive-recognition-recurrence-quadrilemma/results/code_clock_ledger.csv:1316:2,1315,000000000010100100011,21,22,1/22,1/1,True
/root/autodl-tmp/hilbert-polya-structure/symbolic_dynamics/papers/34-positive-recognition-recurrence-quadrilemma/results/code_clock_ledger.csv:1317:2,1316,000000000010100100100,21,22,1/22,1/1,True
/root/autodl-tmp/hilbert-polya-structure/symbolic_dynamics/papers/34-positive-recognition-recurrence-quadrilemma/results/code_clock_ledger.csv:1318:2,1317,000000000010100100101,21,22,1/22,1/1,True
/root/autodl-tmp/hilbert-polya-structure/symbolic_dynamics/papers/34-positive-recognition-recurrence-quadrilemma/results/code_clock_ledger.csv:1319:2,1318,000000000010100100110,21,22,1/22,1/1,True
/root/autodl-tmp/hilbert-polya-structure/symbolic_dynamics/papers/34-positive-recognition-recurrence-quadrilemma/results/code_clock_ledger.csv:1320:2,1319,000000000010100100111,21,22,1/22,1/1,True
/root/autodl-tmp/hilbert-polya-structure/symbolic_dynamics/papers/34-positive-recognition-recurrence-quadrilemma/results/code_clock_ledger.csv:1321:2,1320,000000000010100101000,21,22,1/22,1/1,True
/root/autodl-tmp/hilbert-polya-structure/symbolic_dynamics/papers/34-positive-recognition-recurrence-quadrilemma/results/code_clock_ledger.csv:1322:2,1321,000000000010100101001,21,22,1/22,1/1,True
/root/autodl-tmp/hilbert-polya-structure/symbolic_dynamics/papers/34-positive-recognition-recurrence-quadrilemma/results/code_clock_ledger.csv:1323:2,1322,000000000010100101010,21,22,1/22,1/1,True
/root/autodl-tmp/hilbert-polya-structure/symbolic_dynamics/papers/34-positive-recognition-recurrence-quadrilemma/results/code_clock_ledger.csv:1324:2,1323,000000000010100101011,21,22,1/22,1/1,True
/root/autodl-tmp/hilbert-polya-structure/symbolic_dynamics/papers/34-positive-recognition-recurrence-quadrilemma/results/code_clock_ledger.csv:1325:2,1324,000000000010100101100,21,22,1/22,1/1,True
/root/autodl-tmp/hilbert-polya-structure/symbolic_dynamics/papers/34-positive-recognition-recurrence-quadrilemma/results/code_clock_ledger.csv:1326:2,1325,000000000010100101101,21,22,1/22,1/1,True
/root/autodl-tmp/hilbert-polya-structure/symbolic_dynamics/papers/34-positive-recognition-recurrence-quadrilemma/results/code_clock_ledger.csv:1327:2,1326,000000000010100101110,21,22,1/22,1/1,True
/root/autodl-tmp/hilbert-polya-structure/symbolic_dynamics/papers/34-positive-recognition-recurrence-quadrilemma/results/code_clock_ledger.csv:1328:2,1327,000000000010100101111,21,22,1/22,1/1,True
/root/autodl-tmp/hilbert-polya-structure/symbolic_dynamics/papers/34-positive-recognition-recurrence-quadrilemma/results/code_clock_ledger.csv:1331:2,1330,000000000010100110010,21,22,1/22,1/1,True
/root/autodl-tmp/hilbert-polya-structure/symbolic_dynamics/papers/34-positive-recognition-recurrence-quadrilemma/results/code_clock_ledger.csv:1333:2,1332,000000000010100110100,21,22,1/22,1/1,True
/root/autodl-tmp/hilbert-polya-structure/symbolic_dynamics/papers/34-positive-recognition-recurrence-quadrilemma/results/code_clock_ledger.csv:1334:2,1333,000000000010100110101,21,22,1/22,1/1,True
/root/autodl-tmp/hilbert-polya-structure/symbolic_dynamics/papers/34-positive-recognition-recurrence-quadrilemma/results/code_clock_ledger.csv:1335:2,1334,000000000010100110110,21,22,1/22,1/1,True
/root/autodl-tmp/hilbert-polya-structure/symbolic_dynamics/papers/34-positive-recognition-recurrence-quadrilemma/results/code_clock_ledger.csv:1336:2,1335,000000000010100110111,21,22,1/22,1/1,True
/root/autodl-tmp/hilbert-polya-structure/symbolic_dynamics/papers/34-positive-recognition-recurrence-quadrilemma/results/code_clock_ledger.csv:1339:2,1338,000000000010100111010,21,22,1/22,1/1,True
/root/autodl-tmp/hilbert-polya-structure/symbolic_dynamics/papers/34-positive-recognition-recurrence-quadrilemma/results/code_clock_ledger.csv:1340:2,1339,000000000010100111011,21,22,1/22,1/1,True
/root/autodl-tmp/hilbert-polya-structure/symbolic_dynamics/papers/34-positive-recognition-recurrence-quadrilemma/results/code_clock_ledger.csv:1342:2,1341,000000000010100111101,21,22,1/22,1/1,True
/root/autodl-tmp/hilbert-polya-structure/symbolic_dynamics/papers/34-positive-recognition-recurrence-quadrilemma/results/code_clock_ledger.csv:1345:2,1344,000000000010101000000,21,22,1/22,1/1,True
/root/autodl-tmp/hilbert-polya-structure/symbolic_dynamics/papers/34-positive-recognition-recurrence-quadrilemma/results/code_clock_ledger.csv:1346:2,1345,000000000010101000001,21,22,1/22,1/1,True
/root/autodl-tmp/hilbert-polya-structure/symbolic_dynamics/papers/34-positive-recognition-recurrence-quadrilemma/results/code_clock_ledger.csv:1347:2,1346,000000000010101000010,21,22,1/22,1/1,True
/root/autodl-tmp/hilbert-polya-structure/symbolic_dynamics/papers/34-positive-recognition-recurrence-quadrilemma/results/code_clock_ledger.csv:1348:2,1347,000000000010101000011,21,22,1/22,1/1,True
/root/autodl-tmp/hilbert-polya-structure/symbolic_dynamics/papers/34-positive-recognition-recurrence-quadrilemma/results/code_clock_ledger.csv:1349:2,1348,000000000010101000100,21,22,1/22,1/1,True
/root/autodl-tmp/hilbert-polya-structure/symbolic_dynamics/papers/34-positive-recognition-recurrence-quadrilemma/results/code_clock_ledger.csv:1350:2,1349,000000000010101000101,21,22,1/22,1/1,True
/root/autodl-tmp/hilbert-polya-structure/symbolic_dynamics/papers/34-positive-recognition-recurrence-quadrilemma/results/code_clock_ledger.csv:1351:2,1350,000000000010101000110,21,22,1/22,1/1,True
/root/autodl-tmp/hilbert-polya-structure/symbolic_dynamics/papers/34-positive-recognition-recurrence-quadrilemma/results/code_clock_ledger.csv:1352:2,1351,000000000010101000111,21,22,1/22,1/1,True
/root/autodl-tmp/hilbert-polya-structure/symbolic_dynamics/papers/34-positive-recognition-recurrence-quadrilemma/results/code_clock_ledger.csv:1353:2,1352,000000000010101001000,21,22,1/22,1/1,True
/root/autodl-tmp/hilbert-polya-structure/symbolic_dynamics/papers/34-positive-recognition-recurrence-quadrilemma/results/code_clock_ledger.csv:1354:2,1353,000000000010101001001,21,22,1/22,1/1,True
/root/autodl-tmp/hilbert-polya-structure/symbolic_dynamics/papers/34-positive-recognition-recurrence-quadrilemma/results/code_clock_ledger.csv:1355:2,1354,000000000010101001010,21,22,1/22,1/1,True
/root/autodl-tmp/hilbert-polya-structure/symbolic_dynamics/papers/34-positive-recognition-recurrence-quadrilemma/results/code_clock_ledger.csv:1356:2,1355,000000000010101001011,21,22,1/22,1/1,True
/root/autodl-tmp/hilbert-polya-structure/symbolic_dynamics/papers/34-positive-recognition-recurrence-quadrilemma/results/code_clock_ledger.csv:1357:2,1356,000000000010101001100,21,22,1/22,1/1,True
/root/autodl-tmp/hilbert-polya-structure/symbolic_dynamics/papers/34-positive-recognition-recurrence-quadrilemma/results/code_clock_ledger.csv:1358:2,1357,000000000010101001101,21,22,1/22,1/1,True
/root/autodl-tmp/hilbert-polya-structure/symbolic_dynamics/papers/34-positive-recognition-recurrence-quadrilemma/results/code_clock_ledger.csv:1359:2,1358,000000000010101001110,21,22,1/22,1/1,True
/root/autodl-tmp/hilbert-polya-structure/symbolic_dynamics/papers/34-positive-recognition-recurrence-quadrilemma/results/code_clock_ledger.csv:1360:2,1359,000000000010101001111,21,22,1/22,1/1,True
/root/autodl-tmp/hilbert-polya-structure/symbolic_dynamics/papers/34-positive-recognition-recurrence-quadrilemma/results/code_clock_ledger.csv:1361:2,1360,000000000010101010000,21,22,1/22,1/1,True
/root/autodl-tmp/hilbert-polya-structure/symbolic_dynamics/papers/34-positive-recognition-recurrence-quadrilemma/results/code_clock_ledger.csv:1362:2,1361,000000000010101010001,21,22,1/22,1/1,True
/root/autodl-tmp/hilbert-polya-structure/symbolic_dynamics/papers/34-positive-recognition-recurrence-quadrilemma/results/code_clock_ledger.csv:1363:2,1362,000000000010101010010,21,22,1/22,1/1,True
/root/autodl-tmp/hilbert-polya-structure/symbolic_dynamics/papers/34-positive-recognition-recurrence-quadrilemma/results/code_clock_ledger.csv:1364:2,1363,000000000010101010011,21,22,1/22,1/1,True
/root/autodl-tmp/hilbert-polya-structure/symbolic_dynamics/papers/34-positive-recognition-recurrence-quadrilemma/results/code_clock_ledger.csv:1365:2,1364,000000000010101010100,21,22,1/22,1/1,True
/root/autodl-tmp/hilbert-polya-structure/symbolic_dynamics/papers/34-positive-recognition-recurrence-quadrilemma/results/code_clock_ledger.csv:1366:2,1365,000000000010101010101,21,22,1/22,1/1,True
/root/autodl-tmp/hilbert-polya-structure/symbolic_dynamics/papers/34-positive-recognition-recurrence-quadrilemma/results/code_clock_ledger.csv:1367:2,1366,000000000010101010110,21,22,1/22,1/1,True
/root/autodl-tmp/hilbert-polya-structure/symbolic_dynamics/papers/34-positive-recognition-recurrence-quadrilemma/results/code_clock_ledger.csv:1368:2,1367,000000000010101010111,21,22,1/22,1/1,True
/root/autodl-tmp/hilbert-polya-structure/symbolic_dynamics/papers/34-positive-recognition-recurrence-quadrilemma/results/code_clock_ledger.csv:1369:2,1368,000000000010101011000,21,22,1/22,1/1,True
/root/autodl-tmp/hilbert-polya-structure/symbolic_dynamics/papers/34-positive-recognition-recurrence-quadrilemma/results/code_clock_ledger.csv:1370:2,1369,000000000010101011001,21,22,1/22,1/1,True
/root/autodl-tmp/hilbert-polya-structure/symbolic_dynamics/papers/34-positive-recognition-recurrence-quadrilemma/results/code_clock_ledger.csv:1371:2,1370,000000000010101011010,21,22,1/22,1/1,True
/root/autodl-tmp/hilbert-polya-structure/symbolic_dynamics/papers/34-positive-recognition-recurrence-quadrilemma/results/code_clock_ledger.csv:1372:2,1371,000000000010101011011,21,22,1/22,1/1,True
/root/autodl-tmp/hilbert-polya-structure/symbolic_dynamics/papers/34-positive-recognition-recurrence-quadrilemma/results/code_clock_ledger.csv:1373:2,1372,000000000010101011100,21,22,1/22,1/1,True
/root/autodl-tmp/hilbert-polya-structure/symbolic_dynamics/papers/34-positive-recognition-recurrence-quadrilemma/results/code_clock_ledger.csv:1374:2,1373,000000000010101011101,21,22,1/22,1/1,True
/root/autodl-tmp/hilbert-polya-structure/symbolic_dynamics/papers/34-positive-recognition-recurrence-quadrilemma/results/code_clock_ledger.csv:1375:2,1374,000000000010101011110,21,22,1/22,1/1,True
/root/autodl-tmp/hilbert-polya-structure/symbolic_dynamics/papers/34-positive-recognition-recurrence-quadrilemma/results/code_clock_ledger.csv:1376:2,1375,000000000010101011111,21,22,1/22,1/1,True
/root/autodl-tmp/hilbert-polya-structure/symbolic_dynamics/papers/34-positive-recognition-recurrence-quadrilemma/results/code_clock_ledger.csv:1377:2,1376,000000000010101100000,21,22,1/22,1/1,True
/root/autodl-tmp/hilbert-polya-structure/symbolic_dynamics/papers/34-positive-recognition-recurrence-quadrilemma/results/code_clock_ledger.csv:1378:2,1377,000000000010101100001,21,22,1/22,1/1,True
/root/autodl-tmp/hilbert-polya-structure/symbolic_dynamics/papers/34-positive-recognition-recurrence-quadrilemma/results/code_clock_ledger.csv:1379:2,1378,000000000010101100010,21,22,1/22,1/1,True
/root/autodl-tmp/hilbert-polya-structure/symbolic_dynamics/papers/34-positive-recognition-recurrence-quadrilemma/results/code_clock_ledger.csv:1380:2,1379,000000000010101100011,21,22,1/22,1/1,True
/root/autodl-tmp/hilbert-polya-structure/symbolic_dynamics/papers/34-positive-recognition-recurrence-quadrilemma/results/code_clock_ledger.csv:1381:2,1380,000000000010101100100,21,22,1/22,1/1,True
/root/autodl-tmp/hilbert-polya-structure/symbolic_dynamics/papers/34-positive-recognition-recurrence-quadrilemma/results/code_clock_ledger.csv:1382:2,1381,000000000010101100101,21,22,1/22,1/1,True
/root/autodl-tmp/hilbert-polya-structure/symbolic_dynamics/papers/34-positive-recognition-recurrence-quadrilemma/results/code_clock_ledger.csv:1383:2,1382,000000000010101100110,21,22,1/22,1/1,True
/root/autodl-tmp/hilbert-polya-structure/symbolic_dynamics/papers/34-positive-recognition-recurrence-quadrilemma/results/code_clock_ledger.csv:1384:2,1383,000000000010101100111,21,22,1/22,1/1,True
/root/autodl-tmp/hilbert-polya-structure/symbolic_dynamics/papers/34-positive-recognition-recurrence-quadrilemma/results/code_clock_ledger.csv:1385:2,1384,000000000010101101000,21,22,1/22,1/1,True
/root/autodl-tmp/hilbert-polya-structure/symbolic_dynamics/papers/34-positive-recognition-recurrence-quadrilemma/results/code_clock_ledger.csv:1386:2,1385,000000000010101101001,21,22,1/22,1/1,True
/root/autodl-tmp/hilbert-polya-structure/symbolic_dynamics/papers/34-positive-recognition-recurrence-quadrilemma/results/code_clock_ledger.csv:1387:2,1386,000000000010101101010,21,22,1/22,1/1,True
/root/autodl-tmp/hilbert-polya-structure/symbolic_dynamics/papers/34-positive-recognition-recurrence-quadrilemma/results/code_clock_ledger.csv:1388:2,1387,000000000010101101011,21,22,1/22,1/1,True
/root/autodl-tmp/hilbert-polya-structure/symbolic_dynamics/papers/34-positive-recognition-recurrence-quadrilemma/results/code_clock_ledger.csv:1389:2,1388,000000000010101101100,21,22,1/22,1/1,True
/root/autodl-tmp/hilbert-polya-structure/symbolic_dynamics/papers/34-positive-recognition-recurrence-quadrilemma/results/code_clock_ledger.csv:1390:2,1389,000000000010101101101,21,22,1/22,1/1,True
/root/autodl-tmp/hilbert-polya-structure/symbolic_dynamics/papers/34-positive-recognition-recurrence-quadrilemma/results/code_clock_ledger.csv:1391:2,1390,000000000010101101110,21,22,1/22,1/1,True
/root/autodl-tmp/hilbert-polya-structure/symbolic_dynamics/papers/34-positive-recognition-recurrence-quadrilemma/results/code_clock_ledger.csv:1392:2,1391,000000000010101101111,21,22,1/22,1/1,True
/root/autodl-tmp/hilbert-polya-structure/symbolic_dynamics/papers/34-positive-recognition-recurrence-quadrilemma/results/code_clock_ledger.csv:1393:2,1392,000000000010101110000,21,22,1/22,1/1,True
/root/autodl-tmp/hilbert-polya-structure/symbolic_dynamics/papers/34-positive-recognition-recurrence-quadrilemma/results/code_clock_ledger.csv:1394:2,1393,000000000010101110001,21,22,1/22,1/1,True
/root/autodl-tmp/hilbert-polya-structure/symbolic_dynamics/papers/34-positive-recognition-recurrence-quadrilemma/results/code_clock_ledger.csv:1395:2,1394,000000000010101110010,21,22,1/22,1/1,True
/root/autodl-tmp/hilbert-polya-structure/symbolic_dynamics/papers/34-positive-recognition-recurrence-quadrilemma/results/code_clock_ledger.csv:1396:2,1395,000000000010101110011,21,22,1/22,1/1,True
/root/autodl-tmp/hilbert-polya-structure/symbolic_dynamics/papers/34-positive-recognition-recurrence-quadrilemma/results/code_clock_ledger.csv:1397:2,1396,000000000010101110100,21,22,1/22,1/1,True
/root/autodl-tmp/hilbert-polya-structure/symbolic_dynamics/papers/34-positive-recognition-recurrence-quadrilemma/results/code_clock_ledger.csv:1398:2,1397,000000000010101110101,21,22,1/22,1/1,True
/root/autodl-tmp/hilbert-polya-structure/symbolic_dynamics/papers/34-positive-recognition-recurrence-quadrilemma/results/code_clock_ledger.csv:1399:2,1398,000000000010101110110,21,22,1/22,1/1,True
/root/autodl-tmp/hilbert-polya-structure/symbolic_dynamics/papers/34-positive-recognition-recurrence-quadrilemma/results/code_clock_ledger.csv:1400:2,1399,000000000010101110111,21,22,1/22,1/1,True
/root/autodl-tmp/hilbert-polya-structure/symbolic_dynamics/papers/34-positive-recognition-recurrence-quadrilemma/results/code_clock_ledger.csv:1401:2,1400,000000000010101111000,21,22,1/22,1/1,True
/root/autodl-tmp/hilbert-polya-structure/symbolic_dynamics/papers/34-positive-recognition-recurrence-quadrilemma/results/code_clock_ledger.csv:1402:2,1401,000000000010101111001,21,22,1/22,1/1,True
/root/autodl-tmp/hilbert-polya-structure/symbolic_dynamics/papers/34-positive-recognition-recurrence-quadrilemma/results/code_clock_ledger.csv:1403:2,1402,000000000010101111010,21,22,1/22,1/1,True
/root/autodl-tmp/hilbert-polya-structure/symbolic_dynamics/papers/34-positive-recognition-recurrence-quadrilemma/results/code_clock_ledger.csv:1404:2,1403,000000000010101111011,21,22,1/22,1/1,True
/root/autodl-tmp/hilbert-polya-structure/symbolic_dynamics/papers/34-positive-recognition-recurrence-quadrilemma/results/code_clock_ledger.csv:1405:2,1404,000000000010101111100,21,22,1/22,1/1,True
/root/autodl-tmp/hilbert-polya-structure/symbolic_dynamics/papers/34-positive-recognition-recurrence-quadrilemma/results/code_clock_ledger.csv:1406:2,1405,000000000010101111101,21,22,1/22,1/1,True
/root/autodl-tmp/hilbert-polya-structure/symbolic_dynamics/papers/34-positive-recognition-recurrence-quadrilemma/results/code_clock_ledger.csv:1407:2,1406,000000000010101111110,21,22,1/22,1/1,True
/root/autodl-tmp/hilbert-polya-structure/symbolic_dynamics/papers/34-positive-recognition-recurrence-quadrilemma/results/code_clock_ledger.csv:1408:2,1407,000000000010101111111,21,22,1/22,1/1,True
/root/autodl-tmp/hilbert-polya-structure/symbolic_dynamics/papers/34-positive-recognition-recurrence-quadrilemma/results/code_clock_ledger.csv:1411:2,1410,000000000010110000010,21,22,1/22,1/1,True
/root/autodl-tmp/hilbert-polya-structure/symbolic_dynamics/papers/34-positive-recognition-recurrence-quadrilemma/results/code_clock_ledger.csv:1413:2,1412,000000000010110000100,21,22,1/22,1/1,True
/root/autodl-tmp/hilbert-polya-structure/symbolic_dynamics/papers/34-positive-recognition-recurrence-quadrilemma/results/code_clock_ledger.csv:1414:2,1413,000000000010110000101,21,22,1/22,1/1,True
/root/autodl-tmp/hilbert-polya-structure/symbolic_dynamics/papers/34-positive-recognition-recurrence-quadrilemma/results/code_clock_ledger.csv:1417:2,1416,000000000010110001000,21,22,1/22,1/1,True
/root/autodl-tmp/hilbert-polya-structure/symbolic_dynamics/papers/34-positive-recognition-recurrence-quadrilemma/results/code_clock_ledger.csv:1418:2,1417,000000000010110001001,21,22,1/22,1/1,True
/root/autodl-tmp/hilbert-polya-structure/symbolic_dynamics/papers/34-positive-recognition-recurrence-quadrilemma/results/code_clock_ledger.csv:1419:2,1418,000000000010110001010,21,22,1/22,1/1,True
/root/autodl-tmp/hilbert-polya-structure/symbolic_dynamics/papers/34-positive-recognition-recurrence-quadrilemma/results/code_clock_ledger.csv:1420:2,1419,000000000010110001011,21,22,1/22,1/1,True
/root/autodl-tmp/hilbert-polya-structure/symbolic_dynamics/papers/34-positive-recognition-recurrence-quadrilemma/results/code_clock_ledger.csv:1422:2,1421,000000000010110001101,21,22,1/22,1/1,True
/root/autodl-tmp/hilbert-polya-structure/symbolic_dynamics/papers/34-positive-recognition-recurrence-quadrilemma/results/code_clock_ledger.csv:1425:2,1424,000000000010110010000,21,22,1/22,1/1,True
/root/autodl-tmp/hilbert-polya-structure/symbolic_dynamics/papers/34-positive-recognition-recurrence-quadrilemma/results/code_clock_ledger.csv:1426:2,1425,000000000010110010001,21,22,1/22,1/1,True
/root/autodl-tmp/hilbert-polya-structure/symbolic_dynamics/papers/34-positive-recognition-recurrence-quadrilemma/results/code_clock_ledger.csv:1427:2,1426,000000000010110010010,21,22,1/22,1/1,True
/root/autodl-tmp/hilbert-polya-structure/symbolic_dynamics/papers/34-positive-recognition-recurrence-quadrilemma/results/code_clock_ledger.csv:1428:2,1427,000000000010110010011,21,22,1/22,1/1,True
/root/autodl-tmp/hilbert-polya-structure/symbolic_dynamics/papers/34-positive-recognition-recurrence-quadrilemma/results/code_clock_ledger.csv:1429:2,1428,000000000010110010100,21,22,1/22,1/1,True
/root/autodl-tmp/hilbert-polya-structure/symbolic_dynamics/papers/34-positive-recognition-recurrence-quadrilemma/results/code_clock_ledger.csv:1430:2,1429,000000000010110010101,21,22,1/22,1/1,True
/root/autodl-tmp/hilbert-polya-structure/symbolic_dynamics/papers/34-positive-recognition-recurrence-quadrilemma/results/code_clock_ledger.csv:1431:2,1430,000000000010110010110,21,22,1/22,1/1,True
/root/autodl-tmp/hilbert-polya-structure/symbolic_dynamics/papers/34-positive-recognition-recurrence-quadrilemma/results/code_clock_ledger.csv:1432:2,1431,000000000010110010111,21,22,1/22,1/1,True
/root/autodl-tmp/hilbert-polya-structure/symbolic_dynamics/papers/34-positive-recognition-recurrence-quadrilemma/results/code_clock_ledger.csv:1435:2,1434,000000000010110011010,21,22,1/22,1/1,True
/root/autodl-tmp/hilbert-polya-structure/symbolic_dynamics/papers/34-positive-recognition-recurrence-quadrilemma/results/code_clock_ledger.csv:1436:2,1435,000000000010110011011,21,22,1/22,1/1,True
/root/autodl-tmp/hilbert-polya-structure/symbolic_dynamics/papers/34-positive-recognition-recurrence-quadrilemma/results/code_clock_ledger.csv:1438:2,1437,000000000010110011101,21,22,1/22,1/1,True
/root/autodl-tmp/hilbert-polya-structure/symbolic_dynamics/papers/34-positive-recognition-recurrence-quadrilemma/results/code_clock_ledger.csv:1441:2,1440,000000000010110100000,21,22,1/22,1/1,True
/root/autodl-tmp/hilbert-polya-structure/symbolic_dynamics/papers/34-positive-recognition-recurrence-quadrilemma/results/code_clock_ledger.csv:1442:2,1441,000000000010110100001,21,22,1/22,1/1,True
/root/autodl-tmp/hilbert-polya-structure/symbolic_dynamics/papers/34-positive-recognition-recurrence-quadrilemma/results/code_clock_ledger.csv:1443:2,1442,000000000010110100010,21,22,1/22,1/1,True
/root/autodl-tmp/hilbert-polya-structure/symbolic_dynamics/papers/34-positive-recognition-recurrence-quadrilemma/results/code_clock_ledger.csv:1444:2,1443,000000000010110100011,21,22,1/22,1/1,True
/root/autodl-tmp/hilbert-polya-structure/symbolic_dynamics/papers/34-positive-recognition-recurrence-quadrilemma/results/code_clock_ledger.csv:1445:2,1444,000000000010110100100,21,22,1/22,1/1,True
/root/autodl-tmp/hilbert-polya-structure/symbolic_dynamics/papers/34-positive-recognition-recurrence-quadrilemma/results/code_clock_ledger.csv:1446:2,1445,000000000010110100101,21,22,1/22,1/1,True
/root/autodl-tmp/hilbert-polya-structure/symbolic_dynamics/papers/34-positive-recognition-recurrence-quadrilemma/results/code_clock_ledger.csv:1447:2,1446,000000000010110100110,21,22,1/22,1/1,True
/root/autodl-tmp/hilbert-polya-structure/symbolic_dynamics/papers/34-positive-recognition-recurrence-quadrilemma/results/code_clock_ledger.csv:1448:2,1447,000000000010110100111,21,22,1/22,1/1,True
/root/autodl-tmp/hilbert-polya-structure/symbolic_dynamics/papers/34-positive-recognition-recurrence-quadrilemma/results/code_clock_ledger.csv:1449:2,1448,000000000010110101000,21,22,1/22,1/1,True
/root/autodl-tmp/hilbert-polya-structure/symbolic_dynamics/papers/34-positive-recognition-recurrence-quadrilemma/results/code_clock_ledger.csv:1450:2,1449,000000000010110101001,21,22,1/22,1/1,True
/root/autodl-tmp/hilbert-polya-structure/symbolic_dynamics/papers/34-positive-recognition-recurrence-quadrilemma/results/code_clock_ledger.csv:1451:2,1450,000000000010110101010,21,22,1/22,1/1,True
/root/autodl-tmp/hilbert-polya-structure/symbolic_dynamics/papers/34-positive-recognition-recurrence-quadrilemma/results/code_clock_ledger.csv:1452:2,1451,000000000010110101011,21,22,1/22,1/1,True
/root/autodl-tmp/hilbert-polya-structure/symbolic_dynamics/papers/34-positive-recognition-recurrence-quadrilemma/results/code_clock_ledger.csv:1453:2,1452,000000000010110101100,21,22,1/22,1/1,True
/root/autodl-tmp/hilbert-polya-structure/symbolic_dynamics/papers/34-positive-recognition-recurrence-quadrilemma/results/code_clock_ledger.csv:1454:2,1453,000000000010110101101,21,22,1/22,1/1,True
/root/autodl-tmp/hilbert-polya-structure/symbolic_dynamics/papers/34-positive-recognition-recurrence-quadrilemma/results/code_clock_ledger.csv:1455:2,1454,000000000010110101110,21,22,1/22,1/1,True
/root/autodl-tmp/hilbert-polya-structure/symbolic_dynamics/papers/34-positive-recognition-recurrence-quadrilemma/results/code_clock_ledger.csv:1456:2,1455,000000000010110101111,21,22,1/22,1/1,True
/root/autodl-tmp/hilbert-polya-structure/symbolic_dynamics/papers/34-positive-recognition-recurrence-quadrilemma/results/code_clock_ledger.csv:1457:2,1456,000000000010110110000,21,22,1/22,1/1,True
/root/autodl-tmp/hilbert-polya-structure/symbolic_dynamics/papers/34-positive-recognition-recurrence-quadrilemma/results/code_clock_ledger.csv:1458:2,1457,000000000010110110001,21,22,1/22,1/1,True
/root/autodl-tmp/hilbert-polya-structure/symbolic_dynamics/papers/34-positive-recognition-recurrence-quadrilemma/results/code_clock_ledger.csv:1459:2,1458,000000000010110110010,21,22,1/22,1/1,True
/root/autodl-tmp/hilbert-polya-structure/symbolic_dynamics/papers/34-positive-recognition-recurrence-quadrilemma/results/code_clock_ledger.csv:1460:2,1459,000000000010110110011,21,22,1/22,1/1,True
/root/autodl-tmp/hilbert-polya-structure/symbolic_dynamics/papers/34-positive-recognition-recurrence-quadrilemma/results/code_clock_ledger.csv:1461:2,1460,000000000010110110100,21,22,1/22,1/1,True
/root/autodl-tmp/hilbert-polya-structure/symbolic_dynamics/papers/34-positive-recognition-recurrence-quadrilemma/results/code_clock_ledger.csv:1462:2,1461,000000000010110110101,21,22,1/22,1/1,True
/root/autodl-tmp/hilbert-polya-structure/symbolic_dynamics/papers/34-positive-recognition-recurrence-quadrilemma/results/code_clock_ledger.csv:1463:2,1462,000000000010110110110,21,22,1/22,1/1,True
/root/autodl-tmp/hilbert-polya-structure/symbolic_dynamics/papers/34-positive-recognition-recurrence-quadrilemma/results/code_clock_ledger.csv:1464:2,1463,000000000010110110111,21,22,1/22,1/1,True
/root/autodl-tmp/hilbert-polya-structure/symbolic_dynamics/papers/34-positive-recognition-recurrence-quadrilemma/results/code_clock_ledger.csv:1465:2,1464,000000000010110111000,21,22,1/22,1/1,True
/root/autodl-tmp/hilbert-polya-structure/symbolic_dynamics/papers/34-positive-recognition-recurrence-quadrilemma/results/code_clock_ledger.csv:1466:2,1465,000000000010110111001,21,22,1/22,1/1,True
/root/autodl-tmp/hilbert-polya-structure/symbolic_dynamics/papers/34-positive-recognition-recurrence-quadrilemma/results/code_clock_ledger.csv:1467:2,1466,000000000010110111010,21,22,1/22,1/1,True
/root/autodl-tmp/hilbert-polya-structure/symbolic_dynamics/papers/34-positive-recognition-recurrence-quadrilemma/results/code_clock_ledger.csv:1468:2,1467,000000000010110111011,21,22,1/22,1/1,True
/root/autodl-tmp/hilbert-polya-structure/symbolic_dynamics/papers/34-positive-recognition-recurrence-quadrilemma/results/code_clock_ledger.csv:1469:2,1468,000000000010110111100,21,22,1/22,1/1,True
/root/autodl-tmp/hilbert-polya-structure/symbolic_dynamics/papers/34-positive-recognition-recurrence-quadrilemma/results/code_clock_ledger.csv:1470:2,1469,000000000010110111101,21,22,1/22,1/1,True
/root/autodl-tmp/hilbert-polya-structure/symbolic_dynamics/papers/34-positive-recognition-recurrence-quadrilemma/results/code_clock_ledger.csv:1471:2,1470,000000000010110111110,21,22,1/22,1/1,True
/root/autodl-tmp/hilbert-polya-structure/symbolic_dynamics/papers/34-positive-recognition-recurrence-quadrilemma/results/code_clock_ledger.csv:1472:2,1471,000000000010110111111,21,22,1/22,1/1,True
/root/autodl-tmp/hilbert-polya-structure/symbolic_dynamics/papers/34-positive-recognition-recurrence-quadrilemma/results/code_clock_ledger.csv:1475:2,1474,000000000010111000010,21,22,1/22,1/1,True
/root/autodl-tmp/hilbert-polya-structure/symbolic_dynamics/papers/34-positive-recognition-recurrence-quadrilemma/results/code_clock_ledger.csv:1477:2,1476,000000000010111000100,21,22,1/22,1/1,True
/root/autodl-tmp/hilbert-polya-structure/symbolic_dynamics/papers/34-positive-recognition-recurrence-quadrilemma/results/code_clock_ledger.csv:1478:2,1477,000000000010111000101,21,22,1/22,1/1,True
/root/autodl-tmp/hilbert-polya-structure/symbolic_dynamics/papers/34-positive-recognition-recurrence-quadrilemma/results/code_clock_ledger.csv:1481:2,1480,000000000010111001000,21,22,1/22,1/1,True
/root/autodl-tmp/hilbert-polya-structure/symbolic_dynamics/papers/34-positive-recognition-recurrence-quadrilemma/results/code_clock_ledger.csv:1482:2,1481,000000000010111001001,21,22,1/22,1/1,True
/root/autodl-tmp/hilbert-polya-structure/symbolic_dynamics/papers/34-positive-recognition-recurrence-quadrilemma/results/code_clock_ledger.csv:1483:2,1482,000000000010111001010,21,22,1/22,1/1,True
/root/autodl-tmp/hilbert-polya-structure/symbolic_dynamics/papers/34-positive-recognition-recurrence-quadrilemma/results/code_clock_ledger.csv:1484:2,1483,000000000010111001011,21,22,1/22,1/1,True
/root/autodl-tmp/hilbert-polya-structure/symbolic_dynamics/papers/34-positive-recognition-recurrence-quadrilemma/results/code_clock_ledger.csv:1486:2,1485,000000000010111001101,21,22,1/22,1/1,True
/root/autodl-tmp/hilbert-polya-structure/symbolic_dynamics/papers/34-positive-recognition-recurrence-quadrilemma/results/code_clock_ledger.csv:1489:2,1488,000000000010111010000,21,22,1/22,1/1,True
/root/autodl-tmp/hilbert-polya-structure/symbolic_dynamics/papers/34-positive-recognition-recurrence-quadrilemma/results/code_clock_ledger.csv:1490:2,1489,000000000010111010001,21,22,1/22,1/1,True
/root/autodl-tmp/hilbert-polya-structure/symbolic_dynamics/papers/34-positive-recognition-recurrence-quadrilemma/results/code_clock_ledger.csv:1491:2,1490,000000000010111010010,21,22,1/22,1/1,True
/root/autodl-tmp/hilbert-polya-structure/symbolic_dynamics/papers/34-positive-recognition-recurrence-quadrilemma/results/code_clock_ledger.csv:1492:2,1491,000000000010111010011,21,22,1/22,1/1,True
/root/autodl-tmp/hilbert-polya-structure/symbolic_dynamics/papers/34-positive-recognition-recurrence-quadrilemma/results/code_clock_ledger.csv:1493:2,1492,000000000010111010100,21,22,1/22,1/1,True
/root/autodl-tmp/hilbert-polya-structure/symbolic_dynamics/papers/34-positive-recognition-recurrence-quadrilemma/results/code_clock_ledger.csv:1494:2,1493,000000000010111010101,21,22,1/22,1/1,True
/root/autodl-tmp/hilbert-polya-structure/symbolic_dynamics/papers/34-positive-recognition-recurrence-quadrilemma/results/code_clock_ledger.csv:1495:2,1494,000000000010111010110,21,22,1/22,1/1,True
/root/autodl-tmp/hilbert-polya-structure/symbolic_dynamics/papers/34-positive-recognition-recurrence-quadrilemma/results/code_clock_ledger.csv:1496:2,1495,000000000010111010111,21,22,1/22,1/1,True
/root/autodl-tmp/hilbert-polya-structure/symbolic_dynamics/papers/34-positive-recognition-recurrence-quadrilemma/results/code_clock_ledger.csv:1497:2,1496,000000000010111011000,21,22,1/22,1/1,True
/root/autodl-tmp/hilbert-polya-structure/symbolic_dynamics/papers/34-positive-recognition-recurrence-quadrilemma/results/code_clock_ledger.csv:1498:2,1497,000000000010111011001,21,22,1/22,1/1,True
/root/autodl-tmp/hilbert-polya-structure/symbolic_dynamics/papers/34-positive-recognition-recurrence-quadrilemma/results/code_clock_ledger.csv:1499:2,1498,000000000010111011010,21,22,1/22,1/1,True
/root/autodl-tmp/hilbert-polya-structure/symbolic_dynamics/papers/34-positive-recognition-recurrence-quadrilemma/results/code_clock_ledger.csv:1500:2,1499,000000000010111011011,21,22,1/22,1/1,True
/root/autodl-tmp/hilbert-polya-structure/symbolic_dynamics/papers/34-positive-recognition-recurrence-quadrilemma/results/code_clock_ledger.csv:1501:2,1500,000000000010111011100,21,22,1/22,1/1,True
/root/autodl-tmp/hilbert-polya-structure/symbolic_dynamics/papers/34-positive-recognition-recurrence-quadrilemma/results/code_clock_ledger.csv:1502:2,1501,000000000010111011101,21,22,1/22,1/1,True
/root/autodl-tmp/hilbert-polya-structure/symbolic_dynamics/papers/34-positive-recognition-recurrence-quadrilemma/results/code_clock_ledger.csv:1503:2,1502,000000000010111011110,21,22,1/22,1/1,True
/root/autodl-tmp/hilbert-polya-structure/symbolic_dynamics/papers/34-positive-recognition-recurrence-quadrilemma/results/code_clock_ledger.csv:1504:2,1503,000000000010111011111,21,22,1/22,1/1,True
/root/autodl-tmp/hilbert-polya-structure/symbolic_dynamics/papers/34-positive-recognition-recurrence-quadrilemma/results/code_clock_ledger.csv:1507:2,1506,000000000010111100010,21,22,1/22,1/1,True
/root/autodl-tmp/hilbert-polya-structure/symbolic_dynamics/papers/34-positive-recognition-recurrence-quadrilemma/results/code_clock_ledger.csv:1509:2,1508,000000000010111100100,21,22,1/22,1/1,True
/root/autodl-tmp/hilbert-polya-structure/symbolic_dynamics/papers/34-positive-recognition-recurrence-quadrilemma/results/code_clock_ledger.csv:1510:2,1509,000000000010111100101,21,22,1/22,1/1,True
/root/autodl-tmp/hilbert-polya-structure/symbolic_dynamics/papers/34-positive-recognition-recurrence-quadrilemma/results/code_clock_ledger.csv:1513:2,1512,000000000010111101000,21,22,1/22,1/1,True
/root/autodl-tmp/hilbert-polya-structure/symbolic_dynamics/papers/34-positive-recognition-recurrence-quadrilemma/results/code_clock_ledger.csv:1514:2,1513,000000000010111101001,21,22,1/22,1/1,True
/root/autodl-tmp/hilbert-polya-structure/symbolic_dynamics/papers/34-positive-recognition-recurrence-quadrilemma/results/code_clock_ledger.csv:1515:2,1514,000000000010111101010,21,22,1/22,1/1,True
/root/autodl-tmp/hilbert-polya-structure/symbolic_dynamics/papers/34-positive-recognition-recurrence-quadrilemma/results/code_clock_ledger.csv:1516:2,1515,000000000010111101011,21,22,1/22,1/1,True
/root/autodl-tmp/hilbert-polya-structure/symbolic_dynamics/papers/34-positive-recognition-recurrence-quadrilemma/results/code_clock_ledger.csv:1517:2,1516,000000000010111101100,21,22,1/22,1/1,True
/root/autodl-tmp/hilbert-polya-structure/symbolic_dynamics/papers/34-positive-recognition-recurrence-quadrilemma/results/code_clock_ledger.csv:1518:2,1517,000000000010111101101,21,22,1/22,1/1,True
/root/autodl-tmp/hilbert-polya-structure/symbolic_dynamics/papers/34-positive-recognition-recurrence-quadrilemma/results/code_clock_ledger.csv:1519:2,1518,000000000010111101110,21,22,1/22,1/1,True
/root/autodl-tmp/hilbert-polya-structure/symbolic_dynamics/papers/34-positive-recognition-recurrence-quadrilemma/results/code_clock_ledger.csv:1520:2,1519,000000000010111101111,21,22,1/22,1/1,True
/root/autodl-tmp/hilbert-polya-structure/symbolic_dynamics/papers/34-positive-recognition-recurrence-quadrilemma/results/code_clock_ledger.csv:1523:2,1522,000000000010111110010,21,22,1/22,1/1,True
/root/autodl-tmp/hilbert-polya-structure/symbolic_dynamics/papers/34-positive-recognition-recurrence-quadrilemma/results/code_clock_ledger.csv:1525:2,1524,000000000010111110100,21,22,1/22,1/1,True
/root/autodl-tmp/hilbert-polya-structure/symbolic_dynamics/papers/34-positive-recognition-recurrence-quadrilemma/results/code_clock_ledger.csv:1526:2,1525,000000000010111110101,21,22,1/22,1/1,True
/root/autodl-tmp/hilbert-polya-structure/symbolic_dynamics/papers/34-positive-recognition-recurrence-quadrilemma/results/code_clock_ledger.csv:1527:2,1526,000000000010111110110,21,22,1/22,1/1,True
/root/autodl-tmp/hilbert-polya-structure/symbolic_dynamics/papers/34-positive-recognition-recurrence-quadrilemma/results/code_clock_ledger.csv:1528:2,1527,000000000010111110111,21,22,1/22,1/1,True
/root/autodl-tmp/hilbert-polya-structure/symbolic_dynamics/papers/34-positive-recognition-recurrence-quadrilemma/results/code_clock_ledger.csv:1531:2,1530,000000000010111111010,21,22,1/22,1/1,True
/root/autodl-tmp/hilbert-polya-structure/symbolic_dynamics/papers/34-positive-recognition-recurrence-quadrilemma/results/code_clock_ledger.csv:1532:2,1531,000000000010111111011,21,22,1/22,1/1,True
/root/autodl-tmp/hilbert-polya-structure/symbolic_dynamics/papers/34-positive-recognition-recurrence-quadrilemma/results/code_clock_ledger.csv:1534:2,1533,000000000010111111101,21,22,1/22,1/1,True
/root/autodl-tmp/hilbert-polya-structure/symbolic_dynamics/papers/34-positive-recognition-recurrence-quadrilemma/results/code_clock_ledger.csv:1558:2,1557,000000000011000010101,21,22,1/22,1/1,True
/root/autodl-tmp/hilbert-polya-structure/symbolic_dynamics/papers/34-positive-recognition-recurrence-quadrilemma/results/code_clock_ledger.csv:1574:2,1573,000000000011000100101,21,22,1/22,1/1,True
/root/autodl-tmp/hilbert-polya-structure/symbolic_dynamics/papers/34-positive-recognition-recurrence-quadrilemma/results/code_clock_ledger.csv:1579:2,1578,000000000011000101010,21,22,1/22,1/1,True
/root/autodl-tmp/hilbert-polya-structure/symbolic_dynamics/papers/34-positive-recognition-recurrence-quadrilemma/results/code_clock_ledger.csv:1580:2,1579,000000000011000101011,21,22,1/22,1/1,True
/root/autodl-tmp/hilbert-polya-structure/symbolic_dynamics/papers/34-positive-recognition-recurrence-quadrilemma/results/code_clock_ledger.csv:1582:2,1581,000000000011000101101,21,22,1/22,1/1,True
/root/autodl-tmp/hilbert-polya-structure/symbolic_dynamics/papers/34-positive-recognition-recurrence-quadrilemma/results/code_clock_ledger.csv:1606:2,1605,000000000011001000101,21,22,1/22,1/1,True
/root/autodl-tmp/hilbert-polya-structure/symbolic_dynamics/papers/34-positive-recognition-recurrence-quadrilemma/results/code_clock_ledger.csv:1611:2,1610,000000000011001001010,21,22,1/22,1/1,True
/root/autodl-tmp/hilbert-polya-structure/symbolic_dynamics/papers/34-positive-recognition-recurrence-quadrilemma/results/code_clock_ledger.csv:1612:2,1611,000000000011001001011,21,22,1/22,1/1,True
/root/autodl-tmp/hilbert-polya-structure/symbolic_dynamics/papers/34-positive-recognition-recurrence-quadrilemma/results/code_clock_ledger.csv:1614:2,1613,000000000011001001101,21,22,1/22,1/1,True
/root/autodl-tmp/hilbert-polya-structure/symbolic_dynamics/papers/34-positive-recognition-recurrence-quadrilemma/results/code_clock_ledger.csv:1619:2,1618,000000000011001010010,21,22,1/22,1/1,True
/root/autodl-tmp/hilbert-polya-structure/symbolic_dynamics/papers/34-positive-recognition-recurrence-quadrilemma/results/code_clock_ledger.csv:1621:2,1620,000000000011001010100,21,22,1/22,1/1,True
/root/autodl-tmp/hilbert-polya-structure/symbolic_dynamics/papers/34-positive-recognition-recurrence-quadrilemma/results/code_clock_ledger.csv:1622:2,1621,000000000011001010101,21,22,1/22,1/1,True
/root/autodl-tmp/hilbert-polya-structure/symbolic_dynamics/papers/34-positive-recognition-recurrence-quadrilemma/results/code_clock_ledger.csv:1623:2,1622,000000000011001010110,21,22,1/22,1/1,True
/root/autodl-tmp/hilbert-polya-structure/symbolic_dynamics/papers/34-positive-recognition-recurrence-quadrilemma/results/code_clock_ledger.csv:1624:2,1623,000000000011001010111,21,22,1/22,1/1,True
/root/autodl-tmp/hilbert-polya-structure/symbolic_dynamics/papers/34-positive-recognition-recurrence-quadrilemma/results/code_clock_ledger.csv:1627:2,1626,000000000011001011010,21,22,1/22,1/1,True
/root/autodl-tmp/hilbert-polya-structure/symbolic_dynamics/papers/34-positive-recognition-recurrence-quadrilemma/results/code_clock_ledger.csv:1628:2,1627,000000000011001011011,21,22,1/22,1/1,True
/root/autodl-tmp/hilbert-polya-structure/symbolic_dynamics/papers/34-positive-recognition-recurrence-quadrilemma/results/code_clock_ledger.csv:1630:2,1629,000000000011001011101,21,22,1/22,1/1,True
/root/autodl-tmp/hilbert-polya-structure/symbolic_dynamics/papers/34-positive-recognition-recurrence-quadrilemma/results/code_clock_ledger.csv:1643:2,1642,000000000011001101010,21,22,1/22,1/1,True
/root/autodl-tmp/hilbert-polya-structure/symbolic_dynamics/papers/34-positive-recognition-recurrence-quadrilemma/results/code_clock_ledger.csv:1667:2,1666,000000000011010000010,21,22,1/22,1/1,True
/root/autodl-tmp/hilbert-polya-structure/symbolic_dynamics/papers/34-positive-recognition-recurrence-quadrilemma/results/code_clock_ledger.csv:1669:2,1668,000000000011010000100,21,22,1/22,1/1,True
/root/autodl-tmp/hilbert-polya-structure/symbolic_dynamics/papers/34-positive-recognition-recurrence-quadrilemma/results/code_clock_ledger.csv:1670:2,1669,000000000011010000101,21,22,1/22,1/1,True
/root/autodl-tmp/hilbert-polya-structure/symbolic_dynamics/papers/34-positive-recognition-recurrence-quadrilemma/results/code_clock_ledger.csv:1673:2,1672,000000000011010001000,21,22,1/22,1/1,True
/root/autodl-tmp/hilbert-polya-structure/symbolic_dynamics/papers/34-positive-recognition-recurrence-quadrilemma/results/code_clock_ledger.csv:1674:2,1673,000000000011010001001,21,22,1/22,1/1,True
/root/autodl-tmp/hilbert-polya-structure/symbolic_dynamics/papers/34-positive-recognition-recurrence-quadrilemma/results/code_clock_ledger.csv:1675:2,1674,000000000011010001010,21,22,1/22,1/1,True
/root/autodl-tmp/hilbert-polya-structure/symbolic_dynamics/papers/34-positive-recognition-recurrence-quadrilemma/results/code_clock_ledger.csv:1676:2,1675,000000000011010001011,21,22,1/22,1/1,True
/root/autodl-tmp/hilbert-polya-structure/symbolic_dynamics/papers/34-positive-recognition-recurrence-quadrilemma/results/code_clock_ledger.csv:1678:2,1677,000000000011010001101,21,22,1/22,1/1,True
/root/autodl-tmp/hilbert-polya-structure/symbolic_dynamics/papers/34-positive-recognition-recurrence-quadrilemma/results/code_clock_ledger.csv:1681:2,1680,000000000011010010000,21,22,1/22,1/1,True
/root/autodl-tmp/hilbert-polya-structure/symbolic_dynamics/papers/34-positive-recognition-recurrence-quadrilemma/results/code_clock_ledger.csv:1682:2,1681,000000000011010010001,21,22,1/22,1/1,True
/root/autodl-tmp/hilbert-polya-structure/symbolic_dynamics/papers/34-positive-recognition-recurrence-quadrilemma/results/code_clock_ledger.csv:1683:2,1682,000000000011010010010,21,22,1/22,1/1,True
/root/autodl-tmp/hilbert-polya-structure/symbolic_dynamics/papers/34-positive-recognition-recurrence-quadrilemma/results/code_clock_ledger.csv:1684:2,1683,000000000011010010011,21,22,1/22,1/1,True
/root/autodl-tmp/hilbert-polya-structure/symbolic_dynamics/papers/34-positive-recognition-recurrence-quadrilemma/results/code_clock_ledger.csv:1685:2,1684,000000000011010010100,21,22,1/22,1/1,True
/root/autodl-tmp/hilbert-polya-structure/symbolic_dynamics/papers/34-positive-recognition-recurrence-quadrilemma/results/code_clock_ledger.csv:1686:2,1685,000000000011010010101,21,22,1/22,1/1,True
/root/autodl-tmp/hilbert-polya-structure/symbolic_dynamics/papers/34-positive-recognition-recurrence-quadrilemma/results/code_clock_ledger.csv:1687:2,1686,000000000011010010110,21,22,1/22,1/1,True
/root/autodl-tmp/hilbert-polya-structure/symbolic_dynamics/papers/34-positive-recognition-recurrence-quadrilemma/results/code_clock_ledger.csv:1688:2,1687,000000000011010010111,21,22,1/22,1/1,True
/root/autodl-tmp/hilbert-polya-structure/symbolic_dynamics/papers/34-positive-recognition-recurrence-quadrilemma/results/code_clock_ledger.csv:1691:2,1690,000000000011010011010,21,22,1/22,1/1,True
/root/autodl-tmp/hilbert-polya-structure/symbolic_dynamics/papers/34-positive-recognition-recurrence-quadrilemma/results/code_clock_ledger.csv:1692:2,1691,000000000011010011011,21,22,1/22,1/1,True
/root/autodl-tmp/hilbert-polya-structure/symbolic_dynamics/papers/34-positive-recognition-recurrence-quadrilemma/results/code_clock_ledger.csv:1694:2,1693,000000000011010011101,21,22,1/22,1/1,True
/root/autodl-tmp/hilbert-polya-structure/symbolic_dynamics/papers/34-positive-recognition-recurrence-quadrilemma/results/code_clock_ledger.csv:1697:2,1696,000000000011010100000,21,22,1/22,1/1,True
/root/autodl-tmp/hilbert-polya-structure/symbolic_dynamics/papers/34-positive-recognition-recurrence-quadrilemma/results/code_clock_ledger.csv:1698:2,1697,000000000011010100001,21,22,1/22,1/1,True
/root/autodl-tmp/hilbert-polya-structure/symbolic_dynamics/papers/34-positive-recognition-recurrence-quadrilemma/results/code_clock_ledger.csv:1699:2,1698,000000000011010100010,21,22,1/22,1/1,True
/root/autodl-tmp/hilbert-polya-structure/symbolic_dynamics/papers/34-positive-recognition-recurrence-quadrilemma/results/code_clock_ledger.csv:1700:2,1699,000000000011010100011,21,22,1/22,1/1,True
/root/autodl-tmp/hilbert-polya-structure/symbolic_dynamics/papers/34-positive-recognition-recurrence-quadrilemma/results/code_clock_ledger.csv:1701:2,1700,000000000011010100100,21,22,1/22,1/1,True
/root/autodl-tmp/hilbert-polya-structure/symbolic_dynamics/papers/34-positive-recognition-recurrence-quadrilemma/results/code_clock_ledger.csv:1702:2,1701,000000000011010100101,21,22,1/22,1/1,True
/root/autodl-tmp/hilbert-polya-structure/symbolic_dynamics/papers/34-positive-recognition-recurrence-quadrilemma/results/code_clock_ledger.csv:1703:2,1702,000000000011010100110,21,22,1/22,1/1,True
/root/autodl-tmp/hilbert-polya-structure/symbolic_dynamics/papers/34-positive-recognition-recurrence-quadrilemma/results/code_clock_ledger.csv:1704:2,1703,000000000011010100111,21,22,1/22,1/1,True
/root/autodl-tmp/hilbert-polya-structure/symbolic_dynamics/papers/34-positive-recognition-recurrence-quadrilemma/results/code_clock_ledger.csv:1705:2,1704,000000000011010101000,21,22,1/22,1/1,True
/root/autodl-tmp/hilbert-polya-structure/symbolic_dynamics/papers/34-positive-recognition-recurrence-quadrilemma/results/code_clock_ledger.csv:1706:2,1705,000000000011010101001,21,22,1/22,1/1,True
/root/autodl-tmp/hilbert-polya-structure/symbolic_dynamics/papers/34-positive-recognition-recurrence-quadrilemma/results/code_clock_ledger.csv:1707:2,1706,000000000011010101010,21,22,1/22,1/1,True
/root/autodl-tmp/hilbert-polya-structure/symbolic_dynamics/papers/34-positive-recognition-recurrence-quadrilemma/results/code_clock_ledger.csv:1708:2,1707,000000000011010101011,21,22,1/22,1/1,True
/root/autodl-tmp/hilbert-polya-structure/symbolic_dynamics/papers/34-positive-recognition-recurrence-quadrilemma/results/code_clock_ledger.csv:1709:2,1708,000000000011010101100,21,22,1/22,1/1,True
/root/autodl-tmp/hilbert-polya-structure/symbolic_dynamics/papers/34-positive-recognition-recurrence-quadrilemma/results/code_clock_ledger.csv:1710:2,1709,000000000011010101101,21,22,1/22,1/1,True
/root/autodl-tmp/hilbert-polya-structure/symbolic_dynamics/papers/34-positive-recognition-recurrence-quadrilemma/results/code_clock_ledger.csv:1711:2,1710,000000000011010101110,21,22,1/22,1/1,True
/root/autodl-tmp/hilbert-polya-structure/symbolic_dynamics/papers/34-positive-recognition-recurrence-quadrilemma/results/code_clock_ledger.csv:1712:2,1711,000000000011010101111,21,22,1/22,1/1,True
/root/autodl-tmp/hilbert-polya-structure/symbolic_dynamics/papers/34-positive-recognition-recurrence-quadrilemma/results/code_clock_ledger.csv:1715:2,1714,000000000011010110010,21,22,1/22,1/1,True
/root/autodl-tmp/hilbert-polya-structure/symbolic_dynamics/papers/34-positive-recognition-recurrence-quadrilemma/results/code_clock_ledger.csv:1717:2,1716,000000000011010110100,21,22,1/22,1/1,True
/root/autodl-tmp/hilbert-polya-structure/symbolic_dynamics/papers/34-positive-recognition-recurrence-quadrilemma/results/code_clock_ledger.csv:1718:2,1717,000000000011010110101,21,22,1/22,1/1,True
/root/autodl-tmp/hilbert-polya-structure/symbolic_dynamics/papers/34-positive-recognition-recurrence-quadrilemma/results/code_clock_ledger.csv:1719:2,1718,000000000011010110110,21,22,1/22,1/1,True
/root/autodl-tmp/hilbert-polya-structure/symbolic_dynamics/papers/34-positive-recognition-recurrence-quadrilemma/results/code_clock_ledger.csv:1720:2,1719,000000000011010110111,21,22,1/22,1/1,True
/root/autodl-tmp/hilbert-polya-structure/symbolic_dynamics/papers/34-positive-recognition-recurrence-quadrilemma/results/code_clock_ledger.csv:1723:2,1722,000000000011010111010,21,22,1/22,1/1,True
/root/autodl-tmp/hilbert-polya-structure/symbolic_dynamics/papers/34-positive-recognition-recurrence-quadrilemma/results/code_clock_ledger.csv:1724:2,1723,000000000011010111011,21,22,1/22,1/1,True
/root/autodl-tmp/hilbert-polya-structure/symbolic_dynamics/papers/34-positive-recognition-recurrence-quadrilemma/results/code_clock_ledger.csv:1726:2,1725,000000000011010111101,21,22,1/22,1/1,True
/root/autodl-tmp/hilbert-polya-structure/symbolic_dynamics/papers/34-positive-recognition-recurrence-quadrilemma/results/code_clock_ledger.csv:1731:2,1730,000000000011011000010,21,22,1/22,1/1,True
/root/autodl-tmp/hilbert-polya-structure/symbolic_dynamics/papers/34-positive-recognition-recurrence-quadrilemma/results/code_clock_ledger.csv:1733:2,1732,000000000011011000100,21,22,1/22,1/1,True
/root/autodl-tmp/hilbert-polya-structure/symbolic_dynamics/papers/34-positive-recognition-recurrence-quadrilemma/results/code_clock_ledger.csv:1734:2,1733,000000000011011000101,21,22,1/22,1/1,True
/root/autodl-tmp/hilbert-polya-structure/symbolic_dynamics/papers/34-positive-recognition-recurrence-quadrilemma/results/code_clock_ledger.csv:1737:2,1736,000000000011011001000,21,22,1/22,1/1,True
/root/autodl-tmp/hilbert-polya-structure/symbolic_dynamics/papers/34-positive-recognition-recurrence-quadrilemma/results/code_clock_ledger.csv:1738:2,1737,000000000011011001001,21,22,1/22,1/1,True
/root/autodl-tmp/hilbert-polya-structure/symbolic_dynamics/papers/34-positive-recognition-recurrence-quadrilemma/results/code_clock_ledger.csv:1739:2,1738,000000000011011001010,21,22,1/22,1/1,True
/root/autodl-tmp/hilbert-polya-structure/symbolic_dynamics/papers/34-positive-recognition-recurrence-quadrilemma/results/code_clock_ledger.csv:1740:2,1739,000000000011011001011,21,22,1/22,1/1,True
/root/autodl-tmp/hilbert-polya-structure/symbolic_dynamics/papers/34-positive-recognition-recurrence-quadrilemma/results/code_clock_ledger.csv:1745:2,1744,000000000011011010000,21,22,1/22,1/1,True
/root/autodl-tmp/hilbert-polya-structure/symbolic_dynamics/papers/34-positive-recognition-recurrence-quadrilemma/results/code_clock_ledger.csv:1746:2,1745,000000000011011010001,21,22,1/22,1/1,True
/root/autodl-tmp/hilbert-polya-structure/symbolic_dynamics/papers/34-positive-recognition-recurrence-quadrilemma/results/code_clock_ledger.csv:1747:2,1746,000000000011011010010,21,22,1/22,1/1,True
/root/autodl-tmp/hilbert-polya-structure/symbolic_dynamics/papers/34-positive-recognition-recurrence-quadrilemma/results/code_clock_ledger.csv:1748:2,1747,000000000011011010011,21,22,1/22,1/1,True
/root/autodl-tmp/hilbert-polya-structure/symbolic_dynamics/papers/34-positive-recognition-recurrence-quadrilemma/results/code_clock_ledger.csv:1749:2,1748,000000000011011010100,21,22,1/22,1/1,True
/root/autodl-tmp/hilbert-polya-structure/symbolic_dynamics/papers/34-positive-recognition-recurrence-quadrilemma/results/code_clock_ledger.csv:1750:2,1749,000000000011011010101,21,22,1/22,1/1,True
/root/autodl-tmp/hilbert-polya-structure/symbolic_dynamics/papers/34-positive-recognition-recurrence-quadrilemma/results/code_clock_ledger.csv:1751:2,1750,000000000011011010110,21,22,1/22,1/1,True
/root/autodl-tmp/hilbert-polya-structure/symbolic_dynamics/papers/34-positive-recognition-recurrence-quadrilemma/results/code_clock_ledger.csv:1752:2,1751,000000000011011010111,21,22,1/22,1/1,True
/root/autodl-tmp/hilbert-polya-structure/symbolic_dynamics/papers/34-positive-recognition-recurrence-quadrilemma/results/code_clock_ledger.csv:1755:2,1754,000000000011011011010,21,22,1/22,1/1,True
/root/autodl-tmp/hilbert-polya-structure/symbolic_dynamics/papers/34-positive-recognition-recurrence-quadrilemma/results/code_clock_ledger.csv:1763:2,1762,000000000011011100010,21,22,1/22,1/1,True
/root/autodl-tmp/hilbert-polya-structure/symbolic_dynamics/papers/34-positive-recognition-recurrence-quadrilemma/results/code_clock_ledger.csv:1765:2,1764,000000000011011100100,21,22,1/22,1/1,True
/root/autodl-tmp/hilbert-polya-structure/symbolic_dynamics/papers/34-positive-recognition-recurrence-quadrilemma/results/code_clock_ledger.csv:1766:2,1765,000000000011011100101,21,22,1/22,1/1,True
/root/autodl-tmp/hilbert-polya-structure/symbolic_dynamics/papers/34-positive-recognition-recurrence-quadrilemma/results/code_clock_ledger.csv:1769:2,1768,000000000011011101000,21,22,1/22,1/1,True
/root/autodl-tmp/hilbert-polya-structure/symbolic_dynamics/papers/34-positive-recognition-recurrence-quadrilemma/results/code_clock_ledger.csv:1770:2,1769,000000000011011101001,21,22,1/22,1/1,True
/root/autodl-tmp/hilbert-polya-structure/symbolic_dynamics/papers/34-positive-recognition-recurrence-quadrilemma/results/code_clock_ledger.csv:1771:2,1770,000000000011011101010,21,22,1/22,1/1,True
/root/autodl-tmp/hilbert-polya-structure/symbolic_dynamics/papers/34-positive-recognition-recurrence-quadrilemma/results/code_clock_ledger.csv:1772:2,1771,000000000011011101011,21,22,1/22,1/1,True
/root/autodl-tmp/hilbert-polya-structure/symbolic_dynamics/papers/34-positive-recognition-recurrence-quadrilemma/results/code_clock_ledger.csv:1779:2,1778,000000000011011110010,21,22,1/22,1/1,True
/root/autodl-tmp/hilbert-polya-structure/symbolic_dynamics/papers/34-positive-recognition-recurrence-quadrilemma/results/code_clock_ledger.csv:1781:2,1780,000000000011011110100,21,22,1/22,1/1,True
/root/autodl-tmp/hilbert-polya-structure/symbolic_dynamics/papers/34-positive-recognition-recurrence-quadrilemma/results/code_clock_ledger.csv:1782:2,1781,000000000011011110101,21,22,1/22,1/1,True
/root/autodl-tmp/hilbert-polya-structure/symbolic_dynamics/papers/34-positive-recognition-recurrence-quadrilemma/results/code_clock_ledger.csv:1787:2,1786,000000000011011111010,21,22,1/22,1/1,True
/root/autodl-tmp/hilbert-polya-structure/symbolic_dynamics/papers/34-positive-recognition-recurrence-quadrilemma/results/code_clock_ledger.csv:1814:2,1813,000000000011100010101,21,22,1/22,1/1,True
/root/autodl-tmp/hilbert-polya-structure/symbolic_dynamics/papers/34-positive-recognition-recurrence-quadrilemma/results/code_clock_ledger.csv:1830:2,1829,000000000011100100101,21,22,1/22,1/1,True
/root/autodl-tmp/hilbert-polya-structure/symbolic_dynamics/papers/34-positive-recognition-recurrence-quadrilemma/results/code_clock_ledger.csv:1835:2,1834,000000000011100101010,21,22,1/22,1/1,True
/root/autodl-tmp/hilbert-polya-structure/symbolic_dynamics/papers/34-positive-recognition-recurrence-quadrilemma/results/code_clock_ledger.csv:1836:2,1835,000000000011100101011,21,22,1/22,1/1,True
/root/autodl-tmp/hilbert-polya-structure/symbolic_dynamics/papers/34-positive-recognition-recurrence-quadrilemma/results/code_clock_ledger.csv:1838:2,1837,000000000011100101101,21,22,1/22,1/1,True
/root/autodl-tmp/hilbert-polya-structure/symbolic_dynamics/papers/34-positive-recognition-recurrence-quadrilemma/results/code_clock_ledger.csv:1859:2,1858,000000000011101000010,21,22,1/22,1/1,True
/root/autodl-tmp/hilbert-polya-structure/symbolic_dynamics/papers/34-positive-recognition-recurrence-quadrilemma/results/code_clock_ledger.csv:1861:2,1860,000000000011101000100,21,22,1/22,1/1,True
/root/autodl-tmp/hilbert-polya-structure/symbolic_dynamics/papers/34-positive-recognition-recurrence-quadrilemma/results/code_clock_ledger.csv:1862:2,1861,000000000011101000101,21,22,1/22,1/1,True
/root/autodl-tmp/hilbert-polya-structure/symbolic_dynamics/papers/34-positive-recognition-recurrence-quadrilemma/results/code_clock_ledger.csv:1865:2,1864,000000000011101001000,21,22,1/22,1/1,True
/root/autodl-tmp/hilbert-polya-structure/symbolic_dynamics/papers/34-positive-recognition-recurrence-quadrilemma/results/code_clock_ledger.csv:1866:2,1865,000000000011101001001,21,22,1/22,1/1,True
/root/autodl-tmp/hilbert-polya-structure/symbolic_dynamics/papers/34-positive-recognition-recurrence-quadrilemma/results/code_clock_ledger.csv:1867:2,1866,000000000011101001010,21,22,1/22,1/1,True
/root/autodl-tmp/hilbert-polya-structure/symbolic_dynamics/papers/34-positive-recognition-recurrence-quadrilemma/results/code_clock_ledger.csv:1868:2,1867,000000000011101001011,21,22,1/22,1/1,True
/root/autodl-tmp/hilbert-polya-structure/symbolic_dynamics/papers/34-positive-recognition-recurrence-quadrilemma/results/code_clock_ledger.csv:1870:2,1869,000000000011101001101,21,22,1/22,1/1,True
/root/autodl-tmp/hilbert-polya-structure/symbolic_dynamics/papers/34-positive-recognition-recurrence-quadrilemma/results/code_clock_ledger.csv:1873:2,1872,000000000011101010000,21,22,1/22,1/1,True
/root/autodl-tmp/hilbert-polya-structure/symbolic_dynamics/papers/34-positive-recognition-recurrence-quadrilemma/results/code_clock_ledger.csv:1874:2,1873,000000000011101010001,21,22,1/22,1/1,True
/root/autodl-tmp/hilbert-polya-structure/symbolic_dynamics/papers/34-positive-recognition-recurrence-quadrilemma/results/code_clock_ledger.csv:1875:2,1874,000000000011101010010,21,22,1/22,1/1,True
/root/autodl-tmp/hilbert-polya-structure/symbolic_dynamics/papers/34-positive-recognition-recurrence-quadrilemma/results/code_clock_ledger.csv:1876:2,1875,000000000011101010011,21,22,1/22,1/1,True
/root/autodl-tmp/hilbert-polya-structure/symbolic_dynamics/papers/34-positive-recognition-recurrence-quadrilemma/results/code_clock_ledger.csv:1877:2,1876,000000000011101010100,21,22,1/22,1/1,True
/root/autodl-tmp/hilbert-polya-structure/symbolic_dynamics/papers/34-positive-recognition-recurrence-quadrilemma/results/code_clock_ledger.csv:1878:2,1877,000000000011101010101,21,22,1/22,1/1,True
/root/autodl-tmp/hilbert-polya-structure/symbolic_dynamics/papers/34-positive-recognition-recurrence-quadrilemma/results/code_clock_ledger.csv:1879:2,1878,000000000011101010110,21,22,1/22,1/1,True
/root/autodl-tmp/hilbert-polya-structure/symbolic_dynamics/papers/34-positive-recognition-recurrence-quadrilemma/results/code_clock_ledger.csv:1880:2,1879,000000000011101010111,21,22,1/22,1/1,True
/root/autodl-tmp/hilbert-polya-structure/symbolic_dynamics/papers/34-positive-recognition-recurrence-quadrilemma/results/code_clock_ledger.csv:1883:2,1882,000000000011101011010,21,22,1/22,1/1,True
/root/autodl-tmp/hilbert-polya-structure/symbolic_dynamics/papers/34-positive-recognition-recurrence-quadrilemma/results/code_clock_ledger.csv:1884:2,1883,000000000011101011011,21,22,1/22,1/1,True
/root/autodl-tmp/hilbert-polya-structure/symbolic_dynamics/papers/34-positive-recognition-recurrence-quadrilemma/results/code_clock_ledger.csv:1886:2,1885,000000000011101011101,21,22,1/22,1/1,True
/root/autodl-tmp/hilbert-polya-structure/symbolic_dynamics/papers/34-positive-recognition-recurrence-quadrilemma/results/code_clock_ledger.csv:1891:2,1890,000000000011101100010,21,22,1/22,1/1,True
/root/autodl-tmp/hilbert-polya-structure/symbolic_dynamics/papers/34-positive-recognition-recurrence-quadrilemma/results/code_clock_ledger.csv:1893:2,1892,000000000011101100100,21,22,1/22,1/1,True
/root/autodl-tmp/hilbert-polya-structure/symbolic_dynamics/papers/34-positive-recognition-recurrence-quadrilemma/results/code_clock_ledger.csv:1894:2,1893,000000000011101100101,21,22,1/22,1/1,True
/root/autodl-tmp/hilbert-polya-structure/symbolic_dynamics/papers/34-positive-recognition-recurrence-quadrilemma/results/code_clock_ledger.csv:1897:2,1896,000000000011101101000,21,22,1/22,1/1,True
/root/autodl-tmp/hilbert-polya-structure/symbolic_dynamics/papers/34-positive-recognition-recurrence-quadrilemma/results/code_clock_ledger.csv:1898:2,1897,000000000011101101001,21,22,1/22,1/1,True
/root/autodl-tmp/hilbert-polya-structure/symbolic_dynamics/papers/34-positive-recognition-recurrence-quadrilemma/results/code_clock_ledger.csv:1899:2,1898,000000000011101101010,21,22,1/22,1/1,True
/root/autodl-tmp/hilbert-polya-structure/symbolic_dynamics/papers/34-positive-recognition-recurrence-quadrilemma/results/code_clock_ledger.csv:1900:2,1899,000000000011101101011,21,22,1/22,1/1,True
/root/autodl-tmp/hilbert-polya-structure/symbolic_dynamics/papers/34-positive-recognition-recurrence-quadrilemma/results/code_clock_ledger.csv:1907:2,1906,000000000011101110010,21,22,1/22,1/1,True
/root/autodl-tmp/hilbert-polya-structure/symbolic_dynamics/papers/34-positive-recognition-recurrence-quadrilemma/results/code_clock_ledger.csv:1909:2,1908,000000000011101110100,21,22,1/22,1/1,True
/root/autodl-tmp/hilbert-polya-structure/symbolic_dynamics/papers/34-positive-recognition-recurrence-quadrilemma/results/code_clock_ledger.csv:1910:2,1909,000000000011101110101,21,22,1/22,1/1,True
/root/autodl-tmp/hilbert-polya-structure/symbolic_dynamics/papers/34-positive-recognition-recurrence-quadrilemma/results/code_clock_ledger.csv:1915:2,1914,000000000011101111010,21,22,1/22,1/1,True
/root/autodl-tmp/hilbert-polya-structure/symbolic_dynamics/papers/34-positive-recognition-recurrence-quadrilemma/results/code_clock_ledger.csv:1942:2,1941,000000000011110010101,21,22,1/22,1/1,True
/root/autodl-tmp/hilbert-polya-structure/symbolic_dynamics/papers/34-positive-recognition-recurrence-quadrilemma/results/code_clock_ledger.csv:1955:2,1954,000000000011110100010,21,22,1/22,1/1,True
/root/autodl-tmp/hilbert-polya-structure/symbolic_dynamics/papers/34-positive-recognition-recurrence-quadrilemma/results/code_clock_ledger.csv:1957:2,1956,000000000011110100100,21,22,1/22,1/1,True
/root/autodl-tmp/hilbert-polya-structure/symbolic_dynamics/papers/34-positive-recognition-recurrence-quadrilemma/results/code_clock_ledger.csv:1958:2,1957,000000000011110100101,21,22,1/22,1/1,True
/root/autodl-tmp/hilbert-polya-structure/symbolic_dynamics/papers/34-positive-recognition-recurrence-quadrilemma/results/code_clock_ledger.csv:1961:2,1960,000000000011110101000,21,22,1/22,1/1,True
/root/autodl-tmp/hilbert-polya-structure/symbolic_dynamics/papers/34-positive-recognition-recurrence-quadrilemma/results/code_clock_ledger.csv:1962:2,1961,000000000011110101001,21,22,1/22,1/1,True
/root/autodl-tmp/hilbert-polya-structure/symbolic_dynamics/papers/34-positive-recognition-recurrence-quadrilemma/results/code_clock_ledger.csv:1963:2,1962,000000000011110101010,21,22,1/22,1/1,True
/root/autodl-tmp/hilbert-polya-structure/symbolic_dynamics/papers/34-positive-recognition-recurrence-quadrilemma/results/code_clock_ledger.csv:1964:2,1963,000000000011110101011,21,22,1/22,1/1,True
/root/autodl-tmp/hilbert-polya-structure/symbolic_dynamics/papers/34-positive-recognition-recurrence-quadrilemma/results/code_clock_ledger.csv:1966:2,1965,000000000011110101101,21,22,1/22,1/1,True
/root/autodl-tmp/hilbert-polya-structure/symbolic_dynamics/papers/34-positive-recognition-recurrence-quadrilemma/results/code_clock_ledger.csv:1971:2,1970,000000000011110110010,21,22,1/22,1/1,True
/root/autodl-tmp/hilbert-polya-structure/symbolic_dynamics/papers/34-positive-recognition-recurrence-quadrilemma/results/code_clock_ledger.csv:1973:2,1972,000000000011110110100,21,22,1/22,1/1,True
/root/autodl-tmp/hilbert-polya-structure/symbolic_dynamics/papers/34-positive-recognition-recurrence-quadrilemma/results/code_clock_ledger.csv:1974:2,1973,000000000011110110101,21,22,1/22,1/1,True
/root/autodl-tmp/hilbert-polya-structure/symbolic_dynamics/papers/34-positive-recognition-recurrence-quadrilemma/results/code_clock_ledger.csv:1979:2,1978,000000000011110111010,21,22,1/22,1/1,True
/root/autodl-tmp/hilbert-polya-structure/symbolic_dynamics/papers/34-positive-recognition-recurrence-quadrilemma/results/code_clock_ledger.csv:2003:2,2002,000000000011111010010,21,22,1/22,1/1,True
/root/autodl-tmp/hilbert-polya-structure/symbolic_dynamics/papers/34-positive-recognition-recurrence-quadrilemma/results/code_clock_ledger.csv:2005:2,2004,000000000011111010100,21,22,1/22,1/1,True
/root/autodl-tmp/hilbert-polya-structure/symbolic_dynamics/papers/34-positive-recognition-recurrence-quadrilemma/results/code_clock_ledger.csv:2006:2,2005,000000000011111010101,21,22,1/22,1/1,True
/root/autodl-tmp/hilbert-polya-structure/symbolic_dynamics/papers/34-positive-recognition-recurrence-quadrilemma/results/code_clock_ledger.csv:2011:2,2010,000000000011111011010,21,22,1/22,1/1,True
/root/autodl-tmp/hilbert-polya-structure/symbolic_dynamics/papers/34-positive-recognition-recurrence-quadrilemma/results/code_clock_ledger.csv:2027:2,2026,000000000011111101010,21,22,1/22,1/1,True
/root/autodl-tmp/hilbert-polya-structure/symbolic_dynamics/papers/34-positive-recognition-recurrence-quadrilemma/results/code_clock_ledger.csv:2139:3,91,000010101,9,10,1/10,1/1,True
/root/autodl-tmp/hilbert-polya-structure/symbolic_dynamics/papers/34-positive-recognition-recurrence-quadrilemma/results/code_clock_ledger.csv:2149:3,101,000010202,9,10,1/10,1/1,True
/root/autodl-tmp/hilbert-polya-structure/symbolic_dynamics/papers/34-positive-recognition-recurrence-quadrilemma/results/code_clock_ledger.csv:2301:3,253,00000100101,11,12,1/12,1/1,True
/root/autodl-tmp/hilbert-polya-structure/symbolic_dynamics/papers/34-positive-recognition-recurrence-quadrilemma/results/code_clock_ledger.csv:2321:3,273,00000101010,11,12,1/12,1/1,True
/root/autodl-tmp/hilbert-polya-structure/symbolic_dynamics/papers/34-positive-recognition-recurrence-quadrilemma/results/code_clock_ledger.csv:2322:3,274,00000101011,11,12,1/12,1/1,True
/root/autodl-tmp/hilbert-polya-structure/symbolic_dynamics/papers/34-positive-recognition-recurrence-quadrilemma/results/code_clock_ledger.csv:2323:3,275,00000101012,11,12,1/12,1/1,True
/root/autodl-tmp/hilbert-polya-structure/symbolic_dynamics/papers/34-positive-recognition-recurrence-quadrilemma/results/code_clock_ledger.csv:2328:3,280,00000101101,11,12,1/12,1/1,True
/root/autodl-tmp/hilbert-polya-structure/symbolic_dynamics/papers/34-positive-recognition-recurrence-quadrilemma/results/code_clock_ledger.csv:2355:3,307,00000102101,11,12,1/12,1/1,True
/root/autodl-tmp/hilbert-polya-structure/symbolic_dynamics/papers/34-positive-recognition-recurrence-quadrilemma/results/code_clock_ledger.csv:2787:3,739,0000001000101,13,14,1/14,1/1,True
/root/autodl-tmp/hilbert-polya-structure/symbolic_dynamics/papers/34-positive-recognition-recurrence-quadrilemma/results/code_clock_ledger.csv:2807:3,759,0000001001010,13,14,1/14,1/1,True
/root/autodl-tmp/hilbert-polya-structure/symbolic_dynamics/papers/34-positive-recognition-recurrence-quadrilemma/results/code_clock_ledger.csv:2808:3,760,0000001001011,13,14,1/14,1/1,True
/root/autodl-tmp/hilbert-polya-structure/symbolic_dynamics/papers/34-positive-recognition-recurrence-quadrilemma/results/code_clock_ledger.csv:2809:3,761,0000001001012,13,14,1/14,1/1,True
/root/autodl-tmp/hilbert-polya-structure/symbolic_dynamics/papers/34-positive-recognition-recurrence-quadrilemma/results/code_clock_ledger.csv:2814:3,766,0000001001101,13,14,1/14,1/1,True
/root/autodl-tmp/hilbert-polya-structure/symbolic_dynamics/papers/34-positive-recognition-recurrence-quadrilemma/results/code_clock_ledger.csv:2841:3,793,0000001002101,13,14,1/14,1/1,True
/root/autodl-tmp/hilbert-polya-structure/symbolic_dynamics/papers/34-positive-recognition-recurrence-quadrilemma/results/code_clock_ledger.csv:2861:3,813,0000001010010,13,14,1/14,1/1,True
/root/autodl-tmp/hilbert-polya-structure/symbolic_dynamics/papers/34-positive-recognition-recurrence-quadrilemma/results/code_clock_ledger.csv:2867:3,819,0000001010100,13,14,1/14,1/1,True
/root/autodl-tmp/hilbert-polya-structure/symbolic_dynamics/papers/34-positive-recognition-recurrence-quadrilemma/results/code_clock_ledger.csv:2868:3,820,0000001010101,13,14,1/14,1/1,True
/root/autodl-tmp/hilbert-polya-structure/symbolic_dynamics/papers/34-positive-recognition-recurrence-quadrilemma/results/code_clock_ledger.csv:2869:3,821,0000001010102,13,14,1/14,1/1,True
/root/autodl-tmp/hilbert-polya-structure/symbolic_dynamics/papers/34-positive-recognition-recurrence-quadrilemma/results/code_clock_ledger.csv:2870:3,822,0000001010110,13,14,1/14,1/1,True
/root/autodl-tmp/hilbert-polya-structure/symbolic_dynamics/papers/34-positive-recognition-recurrence-quadrilemma/results/code_clock_ledger.csv:2871:3,823,0000001010111,13,14,1/14,1/1,True
/root/autodl-tmp/hilbert-polya-structure/symbolic_dynamics/papers/34-positive-recognition-recurrence-quadrilemma/results/code_clock_ledger.csv:2872:3,824,0000001010112,13,14,1/14,1/1,True
/root/autodl-tmp/hilbert-polya-structure/symbolic_dynamics/papers/34-positive-recognition-recurrence-quadrilemma/results/code_clock_ledger.csv:2873:3,825,0000001010120,13,14,1/14,1/1,True
/root/autodl-tmp/hilbert-polya-structure/symbolic_dynamics/papers/34-positive-recognition-recurrence-quadrilemma/results/code_clock_ledger.csv:2874:3,826,0000001010121,13,14,1/14,1/1,True
/root/autodl-tmp/hilbert-polya-structure/symbolic_dynamics/papers/34-positive-recognition-recurrence-quadrilemma/results/code_clock_ledger.csv:2875:3,827,0000001010122,13,14,1/14,1/1,True
/root/autodl-tmp/hilbert-polya-structure/symbolic_dynamics/papers/34-positive-recognition-recurrence-quadrilemma/results/code_clock_ledger.csv:2888:3,840,0000001011010,13,14,1/14,1/1,True
/root/autodl-tmp/hilbert-polya-structure/symbolic_dynamics/papers/34-positive-recognition-recurrence-quadrilemma/results/code_clock_ledger.csv:2889:3,841,0000001011011,13,14,1/14,1/1,True
/root/autodl-tmp/hilbert-polya-structure/symbolic_dynamics/papers/34-positive-recognition-recurrence-quadrilemma/results/code_clock_ledger.csv:2890:3,842,0000001011012,13,14,1/14,1/1,True
/root/autodl-tmp/hilbert-polya-structure/symbolic_dynamics/papers/34-positive-recognition-recurrence-quadrilemma/results/code_clock_ledger.csv:2895:3,847,0000001011101,13,14,1/14,1/1,True
/root/autodl-tmp/hilbert-polya-structure/symbolic_dynamics/papers/34-positive-recognition-recurrence-quadrilemma/results/code_clock_ledger.csv:2915:3,867,0000001012010,13,14,1/14,1/1,True
/root/autodl-tmp/hilbert-polya-structure/symbolic_dynamics/papers/34-positive-recognition-recurrence-quadrilemma/results/code_clock_ledger.csv:2922:3,874,0000001012101,13,14,1/14,1/1,True
/root/autodl-tmp/hilbert-polya-structure/symbolic_dynamics/papers/34-positive-recognition-recurrence-quadrilemma/results/code_clock_ledger.csv:2949:3,901,0000001020101,13,14,1/14,1/1,True
/root/autodl-tmp/hilbert-polya-structure/symbolic_dynamics/papers/34-positive-recognition-recurrence-quadrilemma/results/code_clock_ledger.csv:2969:3,921,0000001021010,13,14,1/14,1/1,True
/root/autodl-tmp/hilbert-polya-structure/symbolic_dynamics/papers/34-positive-recognition-recurrence-quadrilemma/results/code_clock_ledger.csv:2970:3,922,0000001021011,13,14,1/14,1/1,True
/root/autodl-tmp/hilbert-polya-structure/symbolic_dynamics/papers/34-positive-recognition-recurrence-quadrilemma/results/code_clock_ledger.csv:2971:3,923,0000001021012,13,14,1/14,1/1,True
/root/autodl-tmp/hilbert-polya-structure/symbolic_dynamics/papers/34-positive-recognition-recurrence-quadrilemma/results/code_clock_ledger.csv:2976:3,928,0000001021101,13,14,1/14,1/1,True
/root/autodl-tmp/hilbert-polya-structure/symbolic_dynamics/papers/34-positive-recognition-recurrence-quadrilemma/results/code_clock_ledger.csv:3003:3,955,0000001022101,13,14,1/14,1/1,True
/root/autodl-tmp/hilbert-polya-structure/symbolic_dynamics/papers/34-positive-recognition-recurrence-quadrilemma/results/code_clock_ledger.csv:3050:3,1002,0000001101010,13,14,1/14,1/1,True
/root/autodl-tmp/hilbert-polya-structure/symbolic_dynamics/papers/34-positive-recognition-recurrence-quadrilemma/results/code_clock_ledger.csv:3058:3,1010,0000001101102,13,14,1/14,1/1,True
/root/autodl-tmp/hilbert-polya-structure/symbolic_dynamics/papers/34-positive-recognition-recurrence-quadrilemma/results/code_clock_ledger.csv:3597:3,1549,0000002010101,13,14,1/14,1/1,True
/root/autodl-tmp/hilbert-polya-structure/symbolic_dynamics/papers/34-positive-recognition-recurrence-quadrilemma/results/code_clock_ledger.csv:3779:3,1731,0000002101010,13,14,1/14,1/1,True
/root/autodl-tmp/hilbert-polya-structure/symbolic_dynamics/papers/34-positive-recognition-recurrence-quadrilemma/results/code_clock_ledger.csv:4368:4,273,000010101,9,10,1/10,1/1,True
/root/autodl-tmp/hilbert-polya-structure/symbolic_dynamics/papers/34-positive-recognition-recurrence-quadrilemma/results/code_clock_ledger.csv:5136:4,1041,00000100101,11,12,1/12,1/1,True
/root/autodl-tmp/hilbert-polya-structure/symbolic_dynamics/papers/34-positive-recognition-recurrence-quadrilemma/results/code_clock_ledger.csv:5187:4,1092,00000101010,11,12,1/12,1/1,True
/root/autodl-tmp/hilbert-polya-structure/symbolic_dynamics/papers/34-positive-recognition-recurrence-quadrilemma/results/code_clock_ledger.csv:5188:4,1093,00000101011,11,12,1/12,1/1,True
/root/autodl-tmp/hilbert-polya-structure/symbolic_dynamics/papers/34-positive-recognition-recurrence-quadrilemma/results/code_clock_ledger.csv:5189:4,1094,00000101012,11,12,1/12,1/1,True
/root/autodl-tmp/hilbert-polya-structure/symbolic_dynamics/papers/34-positive-recognition-recurrence-quadrilemma/results/code_clock_ledger.csv:5190:4,1095,00000101013,11,12,1/12,1/1,True
/root/autodl-tmp/hilbert-polya-structure/symbolic_dynamics/papers/34-positive-recognition-recurrence-quadrilemma/results/code_clock_ledger.csv:5196:4,1101,00000101031,11,12,1/12,1/1,True
/root/autodl-tmp/hilbert-polya-structure/symbolic_dynamics/papers/34-positive-recognition-recurrence-quadrilemma/results/code_clock_ledger.csv:5200:4,1105,00000101101,11,12,1/12,1/1,True
/root/autodl-tmp/hilbert-polya-structure/symbolic_dynamics/papers/34-positive-recognition-recurrence-quadrilemma/results/code_clock_ledger.csv:5264:4,1169,00000102101,11,12,1/12,1/1,True
/root/autodl-tmp/hilbert-polya-structure/symbolic_dynamics/papers/34-positive-recognition-recurrence-quadrilemma/results/code_clock_ledger.csv:5328:4,1233,00000103101,11,12,1/12,1/1,True
/root/autodl-tmp/hilbert-polya-structure/symbolic_dynamics/papers/45-isospectral-arithmetic-fiber-retractions/results/proof_auditor_p.json:1:{"audited_case_ids":["INF-COMM-H2-EULER","INF-COMM-H2-Q2","INF-COMM-H3-Q2","INF-CROSSOVER-ALLH","INF-DET-H4-R2","INF-FREE-UFD-CONTROL-H3","INF-M-EXIST-H3","INF-POWER-H2-K1-Q2","INF-PRIMORIAL-H3-THREE-REGIMES","INF-S-EXIST-H2","INF-SIMILARITY-M-H3","INF-SIMILARITY-S-H2","INF-TAUBERIAN-H3","INF-TRACE-H3-K2","INF-WEYL-H3-NONCROSSOVER"],"contract_sha256":"6ff3776a29b1211762b929782b556d0cae71a60ec97b102863059fc5bf302fbe","declared_infinite_case_set_sha256":"6401b141f7b46b0f7275ec124ec571542655b9874cfa9aa5c7123108577e8a84","findings":[],"per_case_audits":[{"analytic_derivation_hash":"4a16a6a9d4fdbb26b863e4a088b4232b390aeae340d4769a383e98f20fb2c9ba","audit_owner":"P","case_id":"INF-COMM-H2-EULER","certificate_owner":"B","certificate_payload_sha256":"a2cdee6379415184a3ebf73f0daa261c07bd937b9f8f1a45957240f012771b5a","proof_dependency_hash":"abe7557c125d864e20f929a05f58f4a86e422e30ad48e6e7d547ea54ee42c637","verdict":"PASS"},{"analytic_derivation_hash":"25b0b5f2e6d095f867674246e25d00c03b9360a4ffe5ad7878243d9100d24e7d","audit_owner":"P","case_id":"INF-COMM-H2-Q2","certificate_owner":"B","certificate_payload_sha256":"3c5adc906e3979249d73b310f07fd83c686e3705e9f2cfced4730366503e2185","proof_dependency_hash":"8c7826fef3a219ad9413a842fcef95d4aed29998a4607243d751c5aaaf3a4f75","verdict":"PASS"},{"analytic_derivation_hash":"dadf7d6c1af79e25aa60ec1136c1f2cbb2030324a5b264fb999f35b42d734047","audit_owner":"P","case_id":"INF-COMM-H3-Q2","certificate_owner":"B","certificate_payload_sha256":"5d1d4dd763bab3729f9f9d9162365d9726f4f4cf44a23315d923b2d8f33da66c","proof_dependency_hash":"8c7826fef3a219ad9413a842fcef95d4aed29998a4607243d751c5aaaf3a4f75","verdict":"PASS"},{"analytic_derivation_hash":"665df286a496ca5c52e89f2f436970809bea2b15db455e9486615677e9b1ff60","audit_owner":"P","case_id":"INF-CROSSOVER-ALLH","certificate_owner":"B","certificate_payload_sha256":"46c29203580e06908f141c37ef671851397f4e04077655a109367ca007e41f53","proof_dependency_hash":"00366dcb36d88b742a27a989026f5e014e6b42b6c773297bf8d794fdde980f08","verdict":"PASS"},{"analytic_derivation_hash":"d15b9371288d266168820afa11706c5e6c41fb5b36a8d6bde93abf7660341c37","audit_owner":"P","case_id":"INF-DET-H4-R2","certificate_owner":"B","certificate_payload_sha256":"26884f3f66f4fe8afa6ed95fcb489789a6c1742fa0834dcf297f456e831dd685","proof_dependency_hash":"3f8cbe551489bece88a83ce79fe35008e190d170dead3e6f1b94f8502b7a6f5d","verdict":"PASS"},{"analytic_derivation_hash":"25cb6d3c74f1e376e53996aca7d93a330ed03e4314d819db47daf1bbb44dd981","audit_owner":"P","case_id":"INF-FREE-UFD-CONTROL-H3","certificate_owner":"B","certificate_payload_sha256":"8ac4cd297386bb7a476fec790eabdf6820b3d9c54d06468537d1ac74afb55389","proof_dependency_hash":"5d19f846c11f22962f1e1a3ed123435fbeef3625fb1e5397d69fb23e974ef94a","verdict":"PASS"},{"analytic_derivation_hash":"185c55d310ee77c38ce98bb43c32009c5966fe9a8b3b9d390bb2072b33076573","audit_owner":"P","case_id":"INF-M-EXIST-H3","certificate_owner":"B","certificate_payload_sha256":"56878c45e0761bb17a0acf81c50e3f6cc4abeaa8828792319801db59c46ae89f","proof_dependency_hash":"5afcd5460b1079ba97ffe315d7d121e481938eabefdd199eda1ab6ee3592e314","verdict":"PASS"},{"analytic_derivation_hash":"094a359d1ceac4a1123b30116ccd4ba9643c98f95bf7bb7c5e5d15d22c504594","audit_owner":"P","case_id":"INF-POWER-H2-K1-Q2","certificate_owner":"B","certificate_payload_sha256":"c8122b29ca01053cec233d139b86d9810160a13d1705e662c26c1fa68725f869","proof_dependency_hash":"09472ff77e279d8fb076c5b172c4261773295024f856dc2c3c494591576200f3","verdict":"PASS"},{"analytic_derivation_hash":"da141bf27a1e4a475761e636c4f685b80862465b5a772092bd4d4ab4c1ecc550","audit_owner":"P","case_id":"INF-PRIMORIAL-H3-THREE-REGIMES","certificate_owner":"B","certificate_payload_sha256":"2566642e727a6e01a6e228202d02b6a6ff8a16caa9b0fd30d39ef09677f21f04","proof_dependency_hash":"6a9dda97895815c1c15a55d08dfcaaecd699893228128088b1b0e1dd40d6e3da","verdict":"PASS"},{"analytic_derivation_hash":"0188179177020785dab3fcee450034b79d0b96af7bfb4b93a983053b1270c3a5","audit_owner":"P","case_id":"INF-S-EXIST-H2","certificate_owner":"B","certificate_payload_sha256":"67ea53917b9c377f4e54e5d70d7bab44857b5edee3a97f622cadd7d0bbce9d21","proof_dependency_hash":"5afcd5460b1079ba97ffe315d7d121e481938eabefdd199eda1ab6ee3592e314","verdict":"PASS"},{"analytic_derivation_hash":"4553ff36b17a02be133fa8f8e32be466876d024e490ab46dd1f4cb5c38067629","audit_owner":"P","case_id":"INF-SIMILARITY-M-H3","certificate_owner":"B","certificate_payload_sha256":"7b19d40ad7438e3c60844c19e9ae462ebe680f852bff1e4837c62fed40c65807","proof_dependency_hash":"255d872b0fb2f7f082a9294432b5e544826cfd57da72d91d2abb688669d33470","verdict":"PASS"},{"analytic_derivation_hash":"93290e4caa3f65dff9e8a55d95b83bd4d89a05020ff0b26c2dbbf903fd4964e5","audit_owner":"P","case_id":"INF-SIMILARITY-S-H2","certificate_owner":"B","certificate_payload_sha256":"9896bc095dbd82503a266477e7016ae9b4bc022184e395896821a1d6ca754291","proof_dependency_hash":"255d872b0fb2f7f082a9294432b5e544826cfd57da72d91d2abb688669d33470","verdict":"PASS"},{"analytic_derivation_hash":"2f14f329a1fefb2c68707d8ee3b3ea875d2fe1212e5a567c377156f5a10d80ab","audit_owner":"P","case_id":"INF-TAUBERIAN-H3","certificate_owner":"B","certificate_payload_sha256":"2e962dd61acfee8c8a55a099340da4fe3664bd8d5f3a43b1cf1a4b269cf18d04","proof_dependency_hash":"5af41cf2d31accb3146dd5ffd9c030e01eaf341f6e2bbe1336a2c74c5d9448df","verdict":"PASS"},{"analytic_derivation_hash":"98adf7e275bd06bd06dc59e06470cfb986487a2085cd436fdf3abc5192e0b993","audit_owner":"P","case_id":"INF-TRACE-H3-K2","certificate_owner":"B","certificate_payload_sha256":"be2d0636dfa6cd4d0f14b6ee2756db3c547a6d0fa27e3ef9c99b6d7887121782","proof_dependency_hash":"3f8cbe551489bece88a83ce79fe35008e190d170dead3e6f1b94f8502b7a6f5d","verdict":"PASS"},{"analytic_derivation_hash":"dcc26c23a21e3c70ed4d962707c17cf6501d26d7353c33068ff4a712b02efc77","audit_owner":"P","case_id":"INF-WEYL-H3-NONCROSSOVER","certificate_owner":"B","certificate_payload_sha256":"dc581881a4075e4e5057b61afa75432f00ad80c369f559732cb3e4841a812a9f","proof_dependency_hash":"00366dcb36d88b742a27a989026f5e014e6b42b6c773297bf8d794fdde980f08","verdict":"PASS"}],"producer":"P","schema_version":"paper45.proof-audit.v2","verdict":"PASS"}
/root/autodl-tmp/symbolic_dynamics/docs/papers204_208_sequence/scouting/algebra_third/PROOF_AND_ADAPTER_NOTES.md:128:on $011$ and $110$. In Wolfram's order $111,110,101,100,011,010,001,000$
/root/autodl-tmp/symbolic_dynamics/docs/papers132_136_sequence/scouting/stochastic/SCOUT.md:46:| `R06` | Binary cycle; flip an isolated bit whose two neighbours agree. Audit all absorbing states and the exact uniform-active law. | lengths 3--12; 8,184 | 4,894 sources are nonconfluent, with at most 29 terminals; zero-temperature one-dimensional Glauber mechanism. **Kill.** |
/root/autodl-tmp/symbolic_dynamics/docs/papers132_136_sequence/scouting/stochastic/SCOUT.md:48:| `R08` | Binary line; rewrite `010 -> 101`. Audit terminal and path-length sets. | lengths 1--12; 8,190 | 3,106 sources have multiple normal forms and 2,242 have variable clocks; at most nine terminals. **Kill nonconfluent.** |
/root/autodl-tmp/symbolic_dynamics/docs/papers132_136_sequence/scouting/stochastic/SCOUT.md:64:| `Q04` | Nonnegative piles; when adjacent piles are both positive, subtract one from each. Audit exact absorbing law. | heights 0--2, lengths 2--7; 3,276 | 1,940 sources are nonconfluent, with at most 13 terminals; stochastic matching erosion. **Kill.** |
/root/autodl-tmp/symbolic_dynamics/docs/papers147_151_sequence/scouting/combinatorial/SCOUT.md:556:to `101`, which is sent back to `010`.  This kills any convergence-to-
/root/autodl-tmp/hilbert-polya-structure/symbolic_dynamics/papers/20-recurrent-verifier-clock-dilution/results/cycle_clock_ledger.csv:34:137,284,284,278.72319624819625,57.72380102311016,0.9828253190582752,0.9659456077820003,516.9485609653511
/root/autodl-tmp/hilbert-polya-structure/symbolic_dynamics/papers/20-recurrent-verifier-clock-dilution/results/cycle_clock_ledger.csv:41:173,385,385,379.1631396381397,74.70953136264758,0.9867040101012977,0.9735848035499817,703.0722655225346
/root/autodl-tmp/hilbert-polya-structure/symbolic_dynamics/papers/20-recurrent-verifier-clock-dilution/results/cycle_clock_ledger.csv:412:2833,10104,10104,10078.731342514551,1271.0886521076563,0.9992135822014576,0.9984277828558691,18965.420548076287
/root/autodl-tmp/symbolic_dynamics/docs/papers204_208_sequence/scouting/graph_algebra_fifth/INTAKE.md:36:- Mutual sandwich (aba,bab) has the old product-cubing reduction and is
/root/autodl-tmp/symbolic_dynamics/docs/papers112_116_sequence/scouting/STOCHASTIC_SCOUT.md:145:whereas the four shortest resets are exactly `ABA, ABB, BAA, BAB`, with
/root/autodl-tmp/symbolic_dynamics/docs/papers112_116_sequence/scouting/STOCHASTIC_SCOUT.md:270:  `ABA/ABB/BAA/BAB`, so absence of reset/regeneration is false and cannot
/root/autodl-tmp/symbolic_dynamics/docs/papers117_121_sequence/scouting/STOCHASTIC_SCOUT.md:251:  is nonconfluent:
/root/autodl-tmp/symbolic_dynamics/docs/papers147_151_sequence/scouting/combinatorial/verify_combinatorial_scout.py:846:        if pattern in (0b010, 0b101):
/root/autodl-tmp/symbolic_dynamics/docs/papers157_161_sequence/phase1/combinatorial_gate/REPLACEMENT_SCOUT.md:201:- **Update.** Find the leftmost commuting or long-braid relation whose
/root/autodl-tmp/symbolic_dynamics/docs/papers132_136_sequence/scouting/stochastic/verify_stochastic_scout.py:440:           states, f"exact terminal laws; {multi_sources} nonconfluent sources and up to {max_terminals} terminals",
/root/autodl-tmp/symbolic_dynamics/docs/papers132_136_sequence/scouting/stochastic/verify_stochastic_scout.py:493:    record("R08", "nonconfluent cellular rewrite", "all binary words length 1..12",
/root/autodl-tmp/symbolic_dynamics/docs/papers132_136_sequence/scouting/stochastic/verify_stochastic_scout.py:495:           "KILL_NONCONFLUENT", before)
/root/autodl-tmp/symbolic_dynamics/docs/papers132_136_sequence/scouting/stochastic/verify_stochastic_scout.py:1147:           states, f"exact absorbing laws; {multi} nonconfluent sources, up to {max_terminals} terminals",
/root/autodl-tmp/symbolic_dynamics/docs/papers162_166_sequence/scouting/replacement_stochastic_nonlinear/verify_scout.py:402:    yield "G01", states, g01, 0b0010110101, lambda m: (m.bit_count(), triangle_count(m))
/root/autodl-tmp/symbolic_dynamics/docs/papers162_166_sequence/scouting/replacement_stochastic_nonlinear/verify_scout.py:418:    yield "G02", states, g02, 0b1101010011, lambda m: (m.bit_count(), triangle_count(m))
/root/autodl-tmp/symbolic_dynamics/docs/papers162_166_sequence/scouting/replacement_stochastic_nonlinear/verify_scout.py:438:    yield "G03", states, g03, 0b0001011011, lambda m: (m.bit_count(), triangle_count(m))
/root/autodl-tmp/symbolic_dynamics/docs/papers162_166_sequence/scouting/replacement_stochastic_nonlinear/verify_scout.py:458:    yield "G05", states, g05, 0b1110100101, lambda m: (m.bit_count(), triangle_count(m) & 1)
/root/autodl-tmp/symbolic_dynamics/docs/papers204_208_sequence/scouting/word_local/MNC_GATE/SOURCE_AND_PROOF.md:36:The only one-producing triples are $010,101$. Define
/root/autodl-tmp/symbolic_dynamics/docs/papers162_166_sequence/scouting/true_twin_projection/SCOUT.md:229:[10.1016/j.jcta.2010.03.009](https://doi.org/10.1016/j.jcta.2010.03.009).
/root/autodl-tmp/symbolic_dynamics/docs/papers162_166_sequence/scouting/true_twin_projection/SCOUT.md:246:[10.1016/j.cosrev.2010.01.001](https://doi.org/10.1016/j.cosrev.2010.01.001).
/root/autodl-tmp/symbolic_dynamics/docs/papers147_151_sequence/scouting/algebraic/SCOUT.md:371:| TMD | Akbary, Ghioca, and Wang, [*On constructing permutations of finite fields*](https://doi.org/10.1016/j.ffa.2010.10.002), [author PDF](https://people.math.carleton.ca/~wang/papers/PPAGW.pdf) | explicit trace-reduction framework containing maps of the form `h(Tr(x)) phi(x)+g(Tr(x))`, including the `x h(Tr(x))` neighbourhood | does not directly supply the TMD functional graph found here, but makes owner risk medium-high |
/root/autodl-tmp/symbolic_dynamics/docs/papers204_208_sequence/scouting/graph_algebra_fifth/PROOF_BOUNDARIES.md:110:mutual sandwich $(aba,bab)$ is a different literal; no conjugacy to that
/root/autodl-tmp/symbolic_dynamics/docs/papers204_208_sequence/scouting/word_local/ZA_PROOF_WORK/PROOF_ATTEMPT_REPORT.md:31:x  = 0010010100
/root/autodl-tmp/symbolic_dynamics/docs/papers204_208_sequence/scouting/word_local/ZA_PROOF_WORK/PROOF_ATTEMPT_REPORT.md:54:010120101101
/root/autodl-tmp/symbolic_dynamics/docs/papers204_208_sequence/scouting/word_local/ZA_PROOF_WORK/PROOF_ATTEMPT_REPORT.md:68:Zx = 0102101 < 0104101 = Zy
/root/autodl-tmp/symbolic_dynamics/docs/papers127_131_sequence/scouting/algebraic/verify_algebraic_scout.py:347:GF2_MODULI = {2: 0b111, 3: 0b1011, 4: 0b10011, 5: 0b100101}
/root/autodl-tmp/symbolic_dynamics/papers/19-stationary-semiring-sieve-shift/results/power_trace_ledger.csv:12:11,1106836139444375140885561570765260880346563116558995586183779102698006307296659134113182609547432322924033265317481383138722056907704349431172051807616733890106098440020913512601/4641786830697303485686152282387650964720821051812397072011013607727936772687382254276209332534245801190496666081750249162902611430788184098628271473127119356475690000000000000000000000,1106836139444375140885561570765260880346563116558995586183779102698006307296659134113182609547432322924033265317481383138722056907704349431172051807616733890106098440020913512601/4641786830697303485686152282387650964720821051812397072011013607727936772687382254276209332534245801190496666081750249162902611430788184098628271473127119356475690000000000000000000000,True
/root/autodl-tmp/symbolic_dynamics/docs/papers132_136_sequence/replacement_scout/stochastic/SCOUT.md:51:| `BR2` | In a three-one rectangle, delete the one opposite the missing corner; choose the labelled active rectangle uniformly.  Audit exact terminal law and possible clocks. | `K_(2,3)`, `K_(3,3)`; 576 inputs; 2,304 assertions. | 243 nonconfluent and 159 variable-clock sources, at most 13 terminals.  **Kill.** |
/root/autodl-tmp/symbolic_dynamics/docs/papers132_136_sequence/replacement_scout/stochastic/SCOUT.md:53:| `FG2` | From a full affine two-plane in `AG(3,2)`, choose a plane-and-point event and delete that point uniformly. | All 256 subsets; 1,024 assertions. | 107 nonconfluent sources and as many as 56 cap-set terminals.  The clock happens to be fixed by matroid nullity, but the terminal law has no closed atlas.  **Kill.** |
/root/autodl-tmp/symbolic_dynamics/docs/papers132_136_sequence/replacement_scout/stochastic/SCOUT.md:57:| `HG2` | From a complete tetrahedron boundary, choose one of its four faces uniformly and delete it. | Every 3-graph on 4 and 5 vertices; 1,040 inputs; 4,160 assertions. | 257 nonconfluent and 51 variable-clock sources, up to 155 terminals.  **Kill.** |
/root/autodl-tmp/symbolic_dynamics/docs/papers132_136_sequence/replacement_scout/stochastic/SCOUT.md:60:| `HG5` | Choose an incomparable present pair.  Delete the larger-cardinality member, or either member when tied, uniformly over events. | All 128 nonempty-set families; 512 assertions. | 96 nonconfluent and 68 variable-clock sources, up to nine chain terminals.  **Kill arbitrary thinning.** |
/root/autodl-tmp/symbolic_dynamics/docs/papers132_136_sequence/replacement_scout/stochastic/SCOUT.md:61:| `MT1` | A path-edge subset has distinct weights.  For an adjacent active conflict, delete its lower-weight edge; choose an active conflict uniformly. | All weight orders and active subsets for 3, 4, 5 edges; 4,272 inputs; 17,088 assertions. | 354 nonconfluent and 354 variable-clock instances, up to five matchings.  **Kill asynchronous heuristic.** |
/root/autodl-tmp/symbolic_dynamics/docs/papers132_136_sequence/replacement_scout/stochastic/SCOUT.md:66:| `W03` | On ternary words, contract `abba` to `aa`. | Every word of length 0--9; 29,524 inputs; 118,096 assertions. | 978 nonconfluent and 348 variable-clock sources, up to three terminals.  **Kill.** |
/root/autodl-tmp/symbolic_dynamics/docs/papers132_136_sequence/replacement_scout/stochastic/SCOUT.md:69:| `BF2` | Choose a unit clause, satisfy its literal, delete satisfied clauses and the opposite literal elsewhere; an empty clause absorbs. | Same 18,158 formulas; 72,632 assertions. | 1,812 sources can reach contradiction; 1,259 are nonconfluent and 448 have variable clocks, with up to four terminals.  **Kill textbook unit propagation.** |
/root/autodl-tmp/symbolic_dynamics/papers/27-mobius-incidence-atom-compiler/results/power_trace_ledger.csv:8:7,925159716503618055981145859540033642569582904074016076387143190400759647931099763236944485830100298809519369330856161410177383297752622105001/31679727296044247689404729980435870000030510957185124868494649824688214621630584781624962439577502987838789204398356862339570695274705715200000000000000,925159716503618055981145859540033642569582904074016076387143190400759647931099763236944485830100298809519369330856161410177383297752622105001/31679727296044247689404729980435870000030510957185124868494649824688214621630584781624962439577502987838789204398356862339570695274705715200000000000000,2:21;3:21;5:35;7:35;11:49;13:49;17:63;19:63;23:63;29:63,True
/root/autodl-tmp/symbolic_dynamics/papers/20-recurrent-verifier-clock-dilution/results/cycle_clock_ledger.csv:34:137,284,284,278.72319624819625,57.72380102311016,0.9828253190582752,0.9659456077820003,516.9485609653511
/root/autodl-tmp/symbolic_dynamics/papers/20-recurrent-verifier-clock-dilution/results/cycle_clock_ledger.csv:41:173,385,385,379.1631396381397,74.70953136264758,0.9867040101012977,0.9735848035499817,703.0722655225346
/root/autodl-tmp/symbolic_dynamics/papers/20-recurrent-verifier-clock-dilution/results/cycle_clock_ledger.csv:412:2833,10104,10104,10078.731342514551,1271.0886521076563,0.9992135822014576,0.9984277828558691,18965.420548076287
/root/autodl-tmp/symbolic_dynamics/docs/papers157_161_sequence/scouting/combinatorial/SCOUT.md:50:| 14 | `ASD` | binary words; delete second copy of shortest-leftmost square | terminal words have length at most three | **`KILL_WORD_REWRITE_THIN`** |
/root/autodl-tmp/symbolic_dynamics/papers/45-isospectral-arithmetic-fiber-retractions/results/proof_auditor_p.json:1:{"audited_case_ids":["INF-COMM-H2-EULER","INF-COMM-H2-Q2","INF-COMM-H3-Q2","INF-CROSSOVER-ALLH","INF-DET-H4-R2","INF-FREE-UFD-CONTROL-H3","INF-M-EXIST-H3","INF-POWER-H2-K1-Q2","INF-PRIMORIAL-H3-THREE-REGIMES","INF-S-EXIST-H2","INF-SIMILARITY-M-H3","INF-SIMILARITY-S-H2","INF-TAUBERIAN-H3","INF-TRACE-H3-K2","INF-WEYL-H3-NONCROSSOVER"],"contract_sha256":"6ff3776a29b1211762b929782b556d0cae71a60ec97b102863059fc5bf302fbe","declared_infinite_case_set_sha256":"6401b141f7b46b0f7275ec124ec571542655b9874cfa9aa5c7123108577e8a84","findings":[],"per_case_audits":[{"analytic_derivation_hash":"4a16a6a9d4fdbb26b863e4a088b4232b390aeae340d4769a383e98f20fb2c9ba","audit_owner":"P","case_id":"INF-COMM-H2-EULER","certificate_owner":"B","certificate_payload_sha256":"a2cdee6379415184a3ebf73f0daa261c07bd937b9f8f1a45957240f012771b5a","proof_dependency_hash":"abe7557c125d864e20f929a05f58f4a86e422e30ad48e6e7d547ea54ee42c637","verdict":"PASS"},{"analytic_derivation_hash":"25b0b5f2e6d095f867674246e25d00c03b9360a4ffe5ad7878243d9100d24e7d","audit_owner":"P","case_id":"INF-COMM-H2-Q2","certificate_owner":"B","certificate_payload_sha256":"3c5adc906e3979249d73b310f07fd83c686e3705e9f2cfced4730366503e2185","proof_dependency_hash":"8c7826fef3a219ad9413a842fcef95d4aed29998a4607243d751c5aaaf3a4f75","verdict":"PASS"},{"analytic_derivation_hash":"dadf7d6c1af79e25aa60ec1136c1f2cbb2030324a5b264fb999f35b42d734047","audit_owner":"P","case_id":"INF-COMM-H3-Q2","certificate_owner":"B","certificate_payload_sha256":"5d1d4dd763bab3729f9f9d9162365d9726f4f4cf44a23315d923b2d8f33da66c","proof_dependency_hash":"8c7826fef3a219ad9413a842fcef95d4aed29998a4607243d751c5aaaf3a4f75","verdict":"PASS"},{"analytic_derivation_hash":"665df286a496ca5c52e89f2f436970809bea2b15db455e9486615677e9b1ff60","audit_owner":"P","case_id":"INF-CROSSOVER-ALLH","certificate_owner":"B","certificate_payload_sha256":"46c29203580e06908f141c37ef671851397f4e04077655a109367ca007e41f53","proof_dependency_hash":"00366dcb36d88b742a27a989026f5e014e6b42b6c773297bf8d794fdde980f08","verdict":"PASS"},{"analytic_derivation_hash":"d15b9371288d266168820afa11706c5e6c41fb5b36a8d6bde93abf7660341c37","audit_owner":"P","case_id":"INF-DET-H4-R2","certificate_owner":"B","certificate_payload_sha256":"26884f3f66f4fe8afa6ed95fcb489789a6c1742fa0834dcf297f456e831dd685","proof_dependency_hash":"3f8cbe551489bece88a83ce79fe35008e190d170dead3e6f1b94f8502b7a6f5d","verdict":"PASS"},{"analytic_derivation_hash":"25cb6d3c74f1e376e53996aca7d93a330ed03e4314d819db47daf1bbb44dd981","audit_owner":"P","case_id":"INF-FREE-UFD-CONTROL-H3","certificate_owner":"B","certificate_payload_sha256":"8ac4cd297386bb7a476fec790eabdf6820b3d9c54d06468537d1ac74afb55389","proof_dependency_hash":"5d19f846c11f22962f1e1a3ed123435fbeef3625fb1e5397d69fb23e974ef94a","verdict":"PASS"},{"analytic_derivation_hash":"185c55d310ee77c38ce98bb43c32009c5966fe9a8b3b9d390bb2072b33076573","audit_owner":"P","case_id":"INF-M-EXIST-H3","certificate_owner":"B","certificate_payload_sha256":"56878c45e0761bb17a0acf81c50e3f6cc4abeaa8828792319801db59c46ae89f","proof_dependency_hash":"5afcd5460b1079ba97ffe315d7d121e481938eabefdd199eda1ab6ee3592e314","verdict":"PASS"},{"analytic_derivation_hash":"094a359d1ceac4a1123b30116ccd4ba9643c98f95bf7bb7c5e5d15d22c504594","audit_owner":"P","case_id":"INF-POWER-H2-K1-Q2","certificate_owner":"B","certificate_payload_sha256":"c8122b29ca01053cec233d139b86d9810160a13d1705e662c26c1fa68725f869","proof_dependency_hash":"09472ff77e279d8fb076c5b172c4261773295024f856dc2c3c494591576200f3","verdict":"PASS"},{"analytic_derivation_hash":"da141bf27a1e4a475761e636c4f685b80862465b5a772092bd4d4ab4c1ecc550","audit_owner":"P","case_id":"INF-PRIMORIAL-H3-THREE-REGIMES","certificate_owner":"B","certificate_payload_sha256":"2566642e727a6e01a6e228202d02b6a6ff8a16caa9b0fd30d39ef09677f21f04","proof_dependency_hash":"6a9dda97895815c1c15a55d08dfcaaecd699893228128088b1b0e1dd40d6e3da","verdict":"PASS"},{"analytic_derivation_hash":"0188179177020785dab3fcee450034b79d0b96af7bfb4b93a983053b1270c3a5","audit_owner":"P","case_id":"INF-S-EXIST-H2","certificate_owner":"B","certificate_payload_sha256":"67ea53917b9c377f4e54e5d70d7bab44857b5edee3a97f622cadd7d0bbce9d21","proof_dependency_hash":"5afcd5460b1079ba97ffe315d7d121e481938eabefdd199eda1ab6ee3592e314","verdict":"PASS"},{"analytic_derivation_hash":"4553ff36b17a02be133fa8f8e32be466876d024e490ab46dd1f4cb5c38067629","audit_owner":"P","case_id":"INF-SIMILARITY-M-H3","certificate_owner":"B","certificate_payload_sha256":"7b19d40ad7438e3c60844c19e9ae462ebe680f852bff1e4837c62fed40c65807","proof_dependency_hash":"255d872b0fb2f7f082a9294432b5e544826cfd57da72d91d2abb688669d33470","verdict":"PASS"},{"analytic_derivation_hash":"93290e4caa3f65dff9e8a55d95b83bd4d89a05020ff0b26c2dbbf903fd4964e5","audit_owner":"P","case_id":"INF-SIMILARITY-S-H2","certificate_owner":"B","certificate_payload_sha256":"9896bc095dbd82503a266477e7016ae9b4bc022184e395896821a1d6ca754291","proof_dependency_hash":"255d872b0fb2f7f082a9294432b5e544826cfd57da72d91d2abb688669d33470","verdict":"PASS"},{"analytic_derivation_hash":"2f14f329a1fefb2c68707d8ee3b3ea875d2fe1212e5a567c377156f5a10d80ab","audit_owner":"P","case_id":"INF-TAUBERIAN-H3","certificate_owner":"B","certificate_payload_sha256":"2e962dd61acfee8c8a55a099340da4fe3664bd8d5f3a43b1cf1a4b269cf18d04","proof_dependency_hash":"5af41cf2d31accb3146dd5ffd9c030e01eaf341f6e2bbe1336a2c74c5d9448df","verdict":"PASS"},{"analytic_derivation_hash":"98adf7e275bd06bd06dc59e06470cfb986487a2085cd436fdf3abc5192e0b993","audit_owner":"P","case_id":"INF-TRACE-H3-K2","certificate_owner":"B","certificate_payload_sha256":"be2d0636dfa6cd4d0f14b6ee2756db3c547a6d0fa27e3ef9c99b6d7887121782","proof_dependency_hash":"3f8cbe551489bece88a83ce79fe35008e190d170dead3e6f1b94f8502b7a6f5d","verdict":"PASS"},{"analytic_derivation_hash":"dcc26c23a21e3c70ed4d962707c17cf6501d26d7353c33068ff4a712b02efc77","audit_owner":"P","case_id":"INF-WEYL-H3-NONCROSSOVER","certificate_owner":"B","certificate_payload_sha256":"dc581881a4075e4e5057b61afa75432f00ad80c369f559732cb3e4841a812a9f","proof_dependency_hash":"00366dcb36d88b742a27a989026f5e014e6b42b6c773297bf8d794fdde980f08","verdict":"PASS"}],"producer":"P","schema_version":"paper45.proof-audit.v2","verdict":"PASS"}
/root/autodl-tmp/symbolic_dynamics/papers/21-successor-divisor-cycle-flood/results/weighted_trace_ledger.csv:44:SD-C23,full,3,31,11,21,True,201101052276869230041034531619304087780488862771500631773/4032832143065185234967134115475526250166771055425952121627860795392000000000000000000,201101052276869230041034531619304087780488862771500631773,4032832143065185234967134115475526250166771055425952121627860795392000000000000000000,sparse_fraction_dynamic_program,True
/root/autodl-tmp/symbolic_dynamics/docs/papers204_208_sequence/scouting/word_local/SCOUT_REPORT.md:55:The six-letter trajectory `010110 -> 002001 -> 010210 -> 001001 <-> 010310`
/root/autodl-tmp/symbolic_dynamics/papers/82-shifted-fredkin-frozen-sft/main.tex:208:Thus index order is $000,100,010,110,001,101,011,111$.
/root/autodl-tmp/symbolic_dynamics/docs/papers127_131_sequence/scouting/stochastic/SCOUT.md:69:| `S24` | Fixed-length binary words; choose `101` uniformly and rewrite it to `010`. | All words `n=1..15`; terminal sets through `n=12`; 65,534 sources. | 196,612 | `KILL_NONCONFLUENT_COMPLEXITY`: 3,106 sources have multiple normal forms, with multiplicity at least nine. |
/root/autodl-tmp/symbolic_dynamics/papers/63-rank-one-xor-inverse-radius/PROOF_PACKAGE.md:260:$101$.  Indeed, the only new junction contexts are $01000$ and $01100$.
/root/autodl-tmp/symbolic_dynamics/papers/63-rank-one-xor-inverse-radius/PROOF_PACKAGE.md:283:are therefore $010$ and $101$, contradicting avoidance of $101$.  Thus at
/root/autodl-tmp/symbolic_dynamics/papers/25-holomorphic-lefschetz-code-collapse/results/nuclearity_domain_ledger.csv:16:511,prime_evaluator,97,67145739266000062990025166622717418361459616698917599983548266350250816970297671328885493552418953235583279070820588342094622498190667685445292643835657494214478054872642681745098790386247266094422536228250942571/31964081287196888554640742530273949712805599189441373009521636182430667982828077742788853029807931798207106885718293402541861369758591699412090677759187666930105491469725350718941073722934985042092154205321144030,461791139886916328937745887416442697626244501230847523806138800659589009749851571256039847209360138043137221187900204142213717543097561042955691004862961639290343245810659648204819374592903172702165675925822214148364085922327170359164531507746630150423624704846979224756677893608041407493734456515125812602327704281120308786895106746854252924297560039030362543899906827657628234139597675692322083216835696240134545221168161/1021702492534530299899072035742377694654291383995838600773726890330910651183103702803957970443243383381404670165435594277368257820863918347253395258837776442644778147065600386574651713939027495101438551150014829615903743554323480302917259089368491936407661031327600039427685359429050549635168014916722956678327705338271134641077524129905552410376979518807600116583887542989560104418936886294184666313570090653425788004640900,Re(s)>1_uniform_guarantee,Re(s)>1_uniform_guarantee,Re(s)>1_uniform_guarantee,Re(s)>1,False,graded_determinant_one,True,False
/root/autodl-tmp/symbolic_dynamics/papers/25-holomorphic-lefschetz-code-collapse/results/nuclearity_domain_ledger.csv:19:511,all_integer_control,510,63206228236640010378652692739876683388950438651418047397291801582476032198638775989108075939570770535220645922760977322165259521526975475956239932311246183974464333699958099933496667466124917990126038945498605730118564879/10870330888959153886891122435644546459412931100558165290353416856224689159435427437222929486033227115395530592314418654621595737325592488189127844200460770129169987270623030588240890007883553635597714573968763099709269760,45718738898673626743615622919540766690365055877542926643719375132360426129292740160130076353071357015604548918283116734161009163815990215224629522249863889353895901879235890550977156829546202154331329436190360835080708147864302527166650645200701876829047976603146358073711775145312738114744784826284427116045073751257542986148580458708233009096574370279956601667791232419252836091101109066424719320129303545783942116218140782985190853843268369/71104556344593367208511090820180215579503651042730802790570384393887284868723971545986792188107401220636186800389792144542154813107222848657893363969270829074113965248681085082296605148077744265997322519807710920335799237044613666538228403049504630725445876708316695298417852911379053729826252670262532760357459177954740859424851473544633201173829106874592853610894562617327330273395478597974026171316783420919838818658904392769962201292800000,Re(s)>1_uniform_guarantee,Re(s)>1_uniform_guarantee,Re(s)>1_uniform_guarantee,control_inventory_not_used_for_prime_boundary,False,graded_determinant_one,True,False
/root/autodl-tmp/symbolic_dynamics/papers/25-holomorphic-lefschetz-code-collapse/results/nuclearity_domain_ledger.csv:22:511,arbitrary_decidable_modular,218,40289433410109457478245605512095069910072452515477197635690092638402032279586632663430832685146683313199081282304032862316185316059652890141521763/15193072276041683953033000057972327905126634405473309420520207001411145945713000401342237859605008478533408703945381834627523142309481385295648000,29300268263380869687392952179433153554780988477831721977366592186833611476260832787422871959675373921231680577285082702758301208765356587230676409769055943899488907573608468977777801727388618855832249828121540632459712990166875437724230600267972110591322384552159303816989451362667147820303/76943148395008811599453752046570664365284458499063503735830463445801967260625124007320801015155818142408181687003950485616727890081451348968105173977485574641567673299868154525698854740189565743175199627335106320888819128348270325546149458541350607458101198372663872181776704122579968000000,Re(s)>1_uniform_guarantee,Re(s)>1_uniform_guarantee,Re(s)>1_uniform_guarantee,control_inventory_not_used_for_prime_boundary,False,graded_determinant_one,True,False
/root/autodl-tmp/symbolic_dynamics/papers/25-holomorphic-lefschetz-code-collapse/results/shared_disjoint_power_ledger.csv:41:31,matched_density_seeded_random,2|10|11|15,8,2363620010028273497220982601011201/77265046932131206169300039062500000000,150908294790524493935893587765484001/9889926007312794389670405000000000000000,46414161767093515062256561115381/3027219469639667704215000000000000000,False,True
/root/autodl-tmp/symbolic_dynamics/papers/25-holomorphic-lefschetz-code-collapse/results/shared_disjoint_power_ledger.csv:160:511,matched_density_hash,6|9|13|28,7,8707205797505053883601072724498165703125/16398891907101101867046335289881551930381855358976,209986193084476963741061542149097557385/16398891907101101867046335289881551930381855358976,4071866370531019047168605117446645/7858346562652074967484533963711897348866048,False,True
/root/autodl-tmp/symbolic_dynamics/papers/30-free-monoid-incidence-indistinguishability/results/baseline_subset_ledger.csv:40:18,pair,11*13,true,true,true,true,true,true,1/25010021906681013488
/root/autodl-tmp/symbolic_dynamics/papers/30-free-monoid-incidence-indistinguishability/results/baseline_subset_ledger.csv:108:30,pair,11*13,true,true,true,true,true,true,1/25010021906681013488
/root/autodl-tmp/symbolic_dynamics/papers/116-max-plus-switching-induced-growth/sections/2_generators.tex:99:and, in lexicographic order $AAA,AAB,ABA,ABB,BAA,BAB,BBA,BBB$, the
/root/autodl-tmp/symbolic_dynamics/papers/63-rank-one-xor-inverse-radius/sections/6_witness.tex:81:$01\,0\,00=01000$ or $01\,1\,00=01100$, neither of which contains $101$.
/root/autodl-tmp/symbolic_dynamics/papers/63-rank-one-xor-inverse-radius/sections/6_witness.tex:126:One triple is therefore $010$ and the other is $101$, contradicting
/root/autodl-tmp/symbolic_dynamics/papers/31-wilson-semiring-verifier-trichotomy/results/wilson_ledger.csv:52:52,0,0,0,0,c47a0e1be9a5aba08448176928bbab5aae0d33ee61d54a9589645687094b2927
/root/autodl-tmp/symbolic_dynamics/papers/31-wilson-semiring-verifier-trichotomy/results/wilson_ledger.csv:716:716,0,0,0,0,a63ceb9fe0aba3b994c1d1f0843f2698edf7c3d4e154d7cbab6f3ac15e7424c2
/root/autodl-tmp/symbolic_dynamics/papers/31-wilson-semiring-verifier-trichotomy/results/wilson_ledger.csv:3331:3331,3330,1,1,3330,0aab90536e75582b70c3f3010d7caba25e0b10adbc13e5e3222ec06bab8dc9c7
/root/autodl-tmp/symbolic_dynamics/papers/34-positive-recognition-recurrence-quadrilemma/results/code_clock_ledger.csv:22:2,21,000010101,9,10,1/10,1/1,True
/root/autodl-tmp/symbolic_dynamics/papers/34-positive-recognition-recurrence-quadrilemma/results/code_clock_ledger.csv:38:2,37,00000100101,11,12,1/12,1/1,True
/root/autodl-tmp/symbolic_dynamics/papers/34-positive-recognition-recurrence-quadrilemma/results/code_clock_ledger.csv:43:2,42,00000101010,11,12,1/12,1/1,True
/root/autodl-tmp/symbolic_dynamics/papers/34-positive-recognition-recurrence-quadrilemma/results/code_clock_ledger.csv:44:2,43,00000101011,11,12,1/12,1/1,True
/root/autodl-tmp/symbolic_dynamics/papers/34-positive-recognition-recurrence-quadrilemma/results/code_clock_ledger.csv:46:2,45,00000101101,11,12,1/12,1/1,True
/root/autodl-tmp/symbolic_dynamics/papers/34-positive-recognition-recurrence-quadrilemma/results/code_clock_ledger.csv:70:2,69,0000001000101,13,14,1/14,1/1,True
/root/autodl-tmp/symbolic_dynamics/papers/34-positive-recognition-recurrence-quadrilemma/results/code_clock_ledger.csv:75:2,74,0000001001010,13,14,1/14,1/1,True
/root/autodl-tmp/symbolic_dynamics/papers/34-positive-recognition-recurrence-quadrilemma/results/code_clock_ledger.csv:76:2,75,0000001001011,13,14,1/14,1/1,True
/root/autodl-tmp/symbolic_dynamics/papers/34-positive-recognition-recurrence-quadrilemma/results/code_clock_ledger.csv:78:2,77,0000001001101,13,14,1/14,1/1,True
/root/autodl-tmp/symbolic_dynamics/papers/34-positive-recognition-recurrence-quadrilemma/results/code_clock_ledger.csv:83:2,82,0000001010010,13,14,1/14,1/1,True
/root/autodl-tmp/symbolic_dynamics/papers/34-positive-recognition-recurrence-quadrilemma/results/code_clock_ledger.csv:85:2,84,0000001010100,13,14,1/14,1/1,True
/root/autodl-tmp/symbolic_dynamics/papers/34-positive-recognition-recurrence-quadrilemma/results/code_clock_ledger.csv:86:2,85,0000001010101,13,14,1/14,1/1,True
/root/autodl-tmp/symbolic_dynamics/papers/34-positive-recognition-recurrence-quadrilemma/results/code_clock_ledger.csv:87:2,86,0000001010110,13,14,1/14,1/1,True
/root/autodl-tmp/symbolic_dynamics/papers/34-positive-recognition-recurrence-quadrilemma/results/code_clock_ledger.csv:88:2,87,0000001010111,13,14,1/14,1/1,True
/root/autodl-tmp/symbolic_dynamics/papers/34-positive-recognition-recurrence-quadrilemma/results/code_clock_ledger.csv:91:2,90,0000001011010,13,14,1/14,1/1,True
/root/autodl-tmp/symbolic_dynamics/papers/34-positive-recognition-recurrence-quadrilemma/results/code_clock_ledger.csv:92:2,91,0000001011011,13,14,1/14,1/1,True
/root/autodl-tmp/symbolic_dynamics/papers/34-positive-recognition-recurrence-quadrilemma/results/code_clock_ledger.csv:94:2,93,0000001011101,13,14,1/14,1/1,True
/root/autodl-tmp/symbolic_dynamics/papers/34-positive-recognition-recurrence-quadrilemma/results/code_clock_ledger.csv:102:2,101,0000001100101,13,14,1/14,1/1,True
/root/autodl-tmp/symbolic_dynamics/papers/34-positive-recognition-recurrence-quadrilemma/results/code_clock_ledger.csv:107:2,106,0000001101010,13,14,1/14,1/1,True
/root/autodl-tmp/symbolic_dynamics/papers/34-positive-recognition-recurrence-quadrilemma/results/code_clock_ledger.csv:134:2,133,000000010000101,15,16,1/16,1/1,True
/root/autodl-tmp/symbolic_dynamics/papers/34-positive-recognition-recurrence-quadrilemma/results/code_clock_ledger.csv:139:2,138,000000010001010,15,16,1/16,1/1,True
/root/autodl-tmp/symbolic_dynamics/papers/34-positive-recognition-recurrence-quadrilemma/results/code_clock_ledger.csv:140:2,139,000000010001011,15,16,1/16,1/1,True
/root/autodl-tmp/symbolic_dynamics/papers/34-positive-recognition-recurrence-quadrilemma/results/code_clock_ledger.csv:142:2,141,000000010001101,15,16,1/16,1/1,True
/root/autodl-tmp/symbolic_dynamics/papers/34-positive-recognition-recurrence-quadrilemma/results/code_clock_ledger.csv:149:2,148,000000010010100,15,16,1/16,1/1,True
/root/autodl-tmp/symbolic_dynamics/papers/34-positive-recognition-recurrence-quadrilemma/results/code_clock_ledger.csv:150:2,149,000000010010101,15,16,1/16,1/1,True
/root/autodl-tmp/symbolic_dynamics/papers/34-positive-recognition-recurrence-quadrilemma/results/code_clock_ledger.csv:151:2,150,000000010010110,15,16,1/16,1/1,True
/root/autodl-tmp/symbolic_dynamics/papers/34-positive-recognition-recurrence-quadrilemma/results/code_clock_ledger.csv:152:2,151,000000010010111,15,16,1/16,1/1,True
/root/autodl-tmp/symbolic_dynamics/papers/34-positive-recognition-recurrence-quadrilemma/results/code_clock_ledger.csv:155:2,154,000000010011010,15,16,1/16,1/1,True
/root/autodl-tmp/symbolic_dynamics/papers/34-positive-recognition-recurrence-quadrilemma/results/code_clock_ledger.csv:156:2,155,000000010011011,15,16,1/16,1/1,True
/root/autodl-tmp/symbolic_dynamics/papers/34-positive-recognition-recurrence-quadrilemma/results/code_clock_ledger.csv:158:2,157,000000010011101,15,16,1/16,1/1,True
/root/autodl-tmp/symbolic_dynamics/papers/34-positive-recognition-recurrence-quadrilemma/results/code_clock_ledger.csv:163:2,162,000000010100010,15,16,1/16,1/1,True
/root/autodl-tmp/symbolic_dynamics/papers/34-positive-recognition-recurrence-quadrilemma/results/code_clock_ledger.csv:165:2,164,000000010100100,15,16,1/16,1/1,True
/root/autodl-tmp/symbolic_dynamics/papers/34-positive-recognition-recurrence-quadrilemma/results/code_clock_ledger.csv:166:2,165,000000010100101,15,16,1/16,1/1,True
/root/autodl-tmp/symbolic_dynamics/papers/34-positive-recognition-recurrence-quadrilemma/results/code_clock_ledger.csv:169:2,168,000000010101000,15,16,1/16,1/1,True
/root/autodl-tmp/symbolic_dynamics/papers/34-positive-recognition-recurrence-quadrilemma/results/code_clock_ledger.csv:170:2,169,000000010101001,15,16,1/16,1/1,True
/root/autodl-tmp/symbolic_dynamics/papers/34-positive-recognition-recurrence-quadrilemma/results/code_clock_ledger.csv:171:2,170,000000010101010,15,16,1/16,1/1,True
/root/autodl-tmp/symbolic_dynamics/papers/34-positive-recognition-recurrence-quadrilemma/results/code_clock_ledger.csv:172:2,171,000000010101011,15,16,1/16,1/1,True
/root/autodl-tmp/symbolic_dynamics/papers/34-positive-recognition-recurrence-quadrilemma/results/code_clock_ledger.csv:173:2,172,000000010101100,15,16,1/16,1/1,True
/root/autodl-tmp/symbolic_dynamics/papers/34-positive-recognition-recurrence-quadrilemma/results/code_clock_ledger.csv:174:2,173,000000010101101,15,16,1/16,1/1,True
/root/autodl-tmp/symbolic_dynamics/papers/34-positive-recognition-recurrence-quadrilemma/results/code_clock_ledger.csv:175:2,174,000000010101110,15,16,1/16,1/1,True
/root/autodl-tmp/symbolic_dynamics/papers/34-positive-recognition-recurrence-quadrilemma/results/code_clock_ledger.csv:176:2,175,000000010101111,15,16,1/16,1/1,True
/root/autodl-tmp/symbolic_dynamics/papers/34-positive-recognition-recurrence-quadrilemma/results/code_clock_ledger.csv:179:2,178,000000010110010,15,16,1/16,1/1,True
/root/autodl-tmp/symbolic_dynamics/papers/34-positive-recognition-recurrence-quadrilemma/results/code_clock_ledger.csv:181:2,180,000000010110100,15,16,1/16,1/1,True
/root/autodl-tmp/symbolic_dynamics/papers/34-positive-recognition-recurrence-quadrilemma/results/code_clock_ledger.csv:182:2,181,000000010110101,15,16,1/16,1/1,True
/root/autodl-tmp/symbolic_dynamics/papers/34-positive-recognition-recurrence-quadrilemma/results/code_clock_ledger.csv:183:2,182,000000010110110,15,16,1/16,1/1,True
/root/autodl-tmp/symbolic_dynamics/papers/34-positive-recognition-recurrence-quadrilemma/results/code_clock_ledger.csv:184:2,183,000000010110111,15,16,1/16,1/1,True
/root/autodl-tmp/symbolic_dynamics/papers/34-positive-recognition-recurrence-quadrilemma/results/code_clock_ledger.csv:187:2,186,000000010111010,15,16,1/16,1/1,True
/root/autodl-tmp/symbolic_dynamics/papers/34-positive-recognition-recurrence-quadrilemma/results/code_clock_ledger.csv:188:2,187,000000010111011,15,16,1/16,1/1,True
/root/autodl-tmp/symbolic_dynamics/papers/34-positive-recognition-recurrence-quadrilemma/results/code_clock_ledger.csv:190:2,189,000000010111101,15,16,1/16,1/1,True
/root/autodl-tmp/symbolic_dynamics/papers/34-positive-recognition-recurrence-quadrilemma/results/code_clock_ledger.csv:211:2,210,000000011010010,15,16,1/16,1/1,True
/root/autodl-tmp/symbolic_dynamics/papers/34-positive-recognition-recurrence-quadrilemma/results/code_clock_ledger.csv:213:2,212,000000011010100,15,16,1/16,1/1,True
/root/autodl-tmp/symbolic_dynamics/papers/34-positive-recognition-recurrence-quadrilemma/results/code_clock_ledger.csv:214:2,213,000000011010101,15,16,1/16,1/1,True
/root/autodl-tmp/symbolic_dynamics/papers/34-positive-recognition-recurrence-quadrilemma/results/code_clock_ledger.csv:219:2,218,000000011011010,15,16,1/16,1/1,True
/root/autodl-tmp/symbolic_dynamics/papers/34-positive-recognition-recurrence-quadrilemma/results/code_clock_ledger.csv:235:2,234,000000011101010,15,16,1/16,1/1,True
/root/autodl-tmp/symbolic_dynamics/papers/34-positive-recognition-recurrence-quadrilemma/results/code_clock_ledger.csv:262:2,261,00000000100000101,17,18,1/18,1/1,True
/root/autodl-tmp/symbolic_dynamics/papers/34-positive-recognition-recurrence-quadrilemma/results/code_clock_ledger.csv:267:2,266,00000000100001010,17,18,1/18,1/1,True
/root/autodl-tmp/symbolic_dynamics/papers/34-positive-recognition-recurrence-quadrilemma/results/code_clock_ledger.csv:268:2,267,00000000100001011,17,18,1/18,1/1,True
/root/autodl-tmp/symbolic_dynamics/papers/34-positive-recognition-recurrence-quadrilemma/results/code_clock_ledger.csv:270:2,269,00000000100001101,17,18,1/18,1/1,True
/root/autodl-tmp/symbolic_dynamics/papers/34-positive-recognition-recurrence-quadrilemma/results/code_clock_ledger.csv:277:2,276,00000000100010100,17,18,1/18,1/1,True
/root/autodl-tmp/symbolic_dynamics/papers/34-positive-recognition-recurrence-quadrilemma/results/code_clock_ledger.csv:278:2,277,00000000100010101,17,18,1/18,1/1,True
/root/autodl-tmp/symbolic_dynamics/papers/34-positive-recognition-recurrence-quadrilemma/results/code_clock_ledger.csv:279:2,278,00000000100010110,17,18,1/18,1/1,True
/root/autodl-tmp/symbolic_dynamics/papers/34-positive-recognition-recurrence-quadrilemma/results/code_clock_ledger.csv:280:2,279,00000000100010111,17,18,1/18,1/1,True
/root/autodl-tmp/symbolic_dynamics/papers/34-positive-recognition-recurrence-quadrilemma/results/code_clock_ledger.csv:283:2,282,00000000100011010,17,18,1/18,1/1,True
/root/autodl-tmp/symbolic_dynamics/papers/34-positive-recognition-recurrence-quadrilemma/results/code_clock_ledger.csv:284:2,283,00000000100011011,17,18,1/18,1/1,True
/root/autodl-tmp/symbolic_dynamics/papers/34-positive-recognition-recurrence-quadrilemma/results/code_clock_ledger.csv:286:2,285,00000000100011101,17,18,1/18,1/1,True
/root/autodl-tmp/symbolic_dynamics/papers/34-positive-recognition-recurrence-quadrilemma/results/code_clock_ledger.csv:294:2,293,00000000100100101,17,18,1/18,1/1,True
/root/autodl-tmp/symbolic_dynamics/papers/34-positive-recognition-recurrence-quadrilemma/results/code_clock_ledger.csv:297:2,296,00000000100101000,17,18,1/18,1/1,True
/root/autodl-tmp/symbolic_dynamics/papers/34-positive-recognition-recurrence-quadrilemma/results/code_clock_ledger.csv:298:2,297,00000000100101001,17,18,1/18,1/1,True
/root/autodl-tmp/symbolic_dynamics/papers/34-positive-recognition-recurrence-quadrilemma/results/code_clock_ledger.csv:299:2,298,00000000100101010,17,18,1/18,1/1,True
/root/autodl-tmp/symbolic_dynamics/papers/34-positive-recognition-recurrence-quadrilemma/results/code_clock_ledger.csv:300:2,299,00000000100101011,17,18,1/18,1/1,True
/root/autodl-tmp/symbolic_dynamics/papers/34-positive-recognition-recurrence-quadrilemma/results/code_clock_ledger.csv:301:2,300,00000000100101100,17,18,1/18,1/1,True
/root/autodl-tmp/symbolic_dynamics/papers/34-positive-recognition-recurrence-quadrilemma/results/code_clock_ledger.csv:302:2,301,00000000100101101,17,18,1/18,1/1,True
/root/autodl-tmp/symbolic_dynamics/papers/34-positive-recognition-recurrence-quadrilemma/results/code_clock_ledger.csv:303:2,302,00000000100101110,17,18,1/18,1/1,True
/root/autodl-tmp/symbolic_dynamics/papers/34-positive-recognition-recurrence-quadrilemma/results/code_clock_ledger.csv:304:2,303,00000000100101111,17,18,1/18,1/1,True
/root/autodl-tmp/symbolic_dynamics/papers/34-positive-recognition-recurrence-quadrilemma/results/code_clock_ledger.csv:309:2,308,00000000100110100,17,18,1/18,1/1,True
/root/autodl-tmp/symbolic_dynamics/papers/34-positive-recognition-recurrence-quadrilemma/results/code_clock_ledger.csv:310:2,309,00000000100110101,17,18,1/18,1/1,True
/root/autodl-tmp/symbolic_dynamics/papers/34-positive-recognition-recurrence-quadrilemma/results/code_clock_ledger.csv:311:2,310,00000000100110110,17,18,1/18,1/1,True
/root/autodl-tmp/symbolic_dynamics/papers/34-positive-recognition-recurrence-quadrilemma/results/code_clock_ledger.csv:312:2,311,00000000100110111,17,18,1/18,1/1,True
/root/autodl-tmp/symbolic_dynamics/papers/34-positive-recognition-recurrence-quadrilemma/results/code_clock_ledger.csv:315:2,314,00000000100111010,17,18,1/18,1/1,True
/root/autodl-tmp/symbolic_dynamics/papers/34-positive-recognition-recurrence-quadrilemma/results/code_clock_ledger.csv:316:2,315,00000000100111011,17,18,1/18,1/1,True
/root/autodl-tmp/symbolic_dynamics/papers/34-positive-recognition-recurrence-quadrilemma/results/code_clock_ledger.csv:318:2,317,00000000100111101,17,18,1/18,1/1,True
/root/autodl-tmp/symbolic_dynamics/papers/34-positive-recognition-recurrence-quadrilemma/results/code_clock_ledger.csv:323:2,322,00000000101000010,17,18,1/18,1/1,True
/root/autodl-tmp/symbolic_dynamics/papers/34-positive-recognition-recurrence-quadrilemma/results/code_clock_ledger.csv:325:2,324,00000000101000100,17,18,1/18,1/1,True
/root/autodl-tmp/symbolic_dynamics/papers/34-positive-recognition-recurrence-quadrilemma/results/code_clock_ledger.csv:326:2,325,00000000101000101,17,18,1/18,1/1,True
/root/autodl-tmp/symbolic_dynamics/papers/34-positive-recognition-recurrence-quadrilemma/results/code_clock_ledger.csv:329:2,328,00000000101001000,17,18,1/18,1/1,True
/root/autodl-tmp/symbolic_dynamics/papers/34-positive-recognition-recurrence-quadrilemma/results/code_clock_ledger.csv:330:2,329,00000000101001001,17,18,1/18,1/1,True
/root/autodl-tmp/symbolic_dynamics/papers/34-positive-recognition-recurrence-quadrilemma/results/code_clock_ledger.csv:331:2,330,00000000101001010,17,18,1/18,1/1,True
/root/autodl-tmp/symbolic_dynamics/papers/34-positive-recognition-recurrence-quadrilemma/results/code_clock_ledger.csv:332:2,331,00000000101001011,17,18,1/18,1/1,True
/root/autodl-tmp/symbolic_dynamics/papers/34-positive-recognition-recurrence-quadrilemma/results/code_clock_ledger.csv:334:2,333,00000000101001101,17,18,1/18,1/1,True
/root/autodl-tmp/symbolic_dynamics/papers/34-positive-recognition-recurrence-quadrilemma/results/code_clock_ledger.csv:337:2,336,00000000101010000,17,18,1/18,1/1,True
/root/autodl-tmp/symbolic_dynamics/papers/34-positive-recognition-recurrence-quadrilemma/results/code_clock_ledger.csv:338:2,337,00000000101010001,17,18,1/18,1/1,True
/root/autodl-tmp/symbolic_dynamics/papers/34-positive-recognition-recurrence-quadrilemma/results/code_clock_ledger.csv:339:2,338,00000000101010010,17,18,1/18,1/1,True
/root/autodl-tmp/symbolic_dynamics/papers/34-positive-recognition-recurrence-quadrilemma/results/code_clock_ledger.csv:340:2,339,00000000101010011,17,18,1/18,1/1,True
/root/autodl-tmp/symbolic_dynamics/papers/34-positive-recognition-recurrence-quadrilemma/results/code_clock_ledger.csv:341:2,340,00000000101010100,17,18,1/18,1/1,True
/root/autodl-tmp/symbolic_dynamics/papers/34-positive-recognition-recurrence-quadrilemma/results/code_clock_ledger.csv:342:2,341,00000000101010101,17,18,1/18,1/1,True
/root/autodl-tmp/symbolic_dynamics/papers/34-positive-recognition-recurrence-quadrilemma/results/code_clock_ledger.csv:343:2,342,00000000101010110,17,18,1/18,1/1,True
/root/autodl-tmp/symbolic_dynamics/papers/34-positive-recognition-recurrence-quadrilemma/results/code_clock_ledger.csv:344:2,343,00000000101010111,17,18,1/18,1/1,True
/root/autodl-tmp/symbolic_dynamics/papers/34-positive-recognition-recurrence-quadrilemma/results/code_clock_ledger.csv:345:2,344,00000000101011000,17,18,1/18,1/1,True
/root/autodl-tmp/symbolic_dynamics/papers/34-positive-recognition-recurrence-quadrilemma/results/code_clock_ledger.csv:346:2,345,00000000101011001,17,18,1/18,1/1,True
/root/autodl-tmp/symbolic_dynamics/papers/34-positive-recognition-recurrence-quadrilemma/results/code_clock_ledger.csv:347:2,346,00000000101011010,17,18,1/18,1/1,True
/root/autodl-tmp/symbolic_dynamics/papers/34-positive-recognition-recurrence-quadrilemma/results/code_clock_ledger.csv:348:2,347,00000000101011011,17,18,1/18,1/1,True
/root/autodl-tmp/symbolic_dynamics/papers/34-positive-recognition-recurrence-quadrilemma/results/code_clock_ledger.csv:349:2,348,00000000101011100,17,18,1/18,1/1,True
/root/autodl-tmp/symbolic_dynamics/papers/34-positive-recognition-recurrence-quadrilemma/results/code_clock_ledger.csv:350:2,349,00000000101011101,17,18,1/18,1/1,True
/root/autodl-tmp/symbolic_dynamics/papers/34-positive-recognition-recurrence-quadrilemma/results/code_clock_ledger.csv:351:2,350,00000000101011110,17,18,1/18,1/1,True
/root/autodl-tmp/symbolic_dynamics/papers/34-positive-recognition-recurrence-quadrilemma/results/code_clock_ledger.csv:352:2,351,00000000101011111,17,18,1/18,1/1,True
/root/autodl-tmp/symbolic_dynamics/papers/34-positive-recognition-recurrence-quadrilemma/results/code_clock_ledger.csv:355:2,354,00000000101100010,17,18,1/18,1/1,True
/root/autodl-tmp/symbolic_dynamics/papers/34-positive-recognition-recurrence-quadrilemma/results/code_clock_ledger.csv:357:2,356,00000000101100100,17,18,1/18,1/1,True
/root/autodl-tmp/symbolic_dynamics/papers/34-positive-recognition-recurrence-quadrilemma/results/code_clock_ledger.csv:358:2,357,00000000101100101,17,18,1/18,1/1,True
/root/autodl-tmp/symbolic_dynamics/papers/34-positive-recognition-recurrence-quadrilemma/results/code_clock_ledger.csv:361:2,360,00000000101101000,17,18,1/18,1/1,True
/root/autodl-tmp/symbolic_dynamics/papers/34-positive-recognition-recurrence-quadrilemma/results/code_clock_ledger.csv:362:2,361,00000000101101001,17,18,1/18,1/1,True
/root/autodl-tmp/symbolic_dynamics/papers/34-positive-recognition-recurrence-quadrilemma/results/code_clock_ledger.csv:363:2,362,00000000101101010,17,18,1/18,1/1,True
/root/autodl-tmp/symbolic_dynamics/papers/34-positive-recognition-recurrence-quadrilemma/results/code_clock_ledger.csv:364:2,363,00000000101101011,17,18,1/18,1/1,True
/root/autodl-tmp/symbolic_dynamics/papers/34-positive-recognition-recurrence-quadrilemma/results/code_clock_ledger.csv:365:2,364,00000000101101100,17,18,1/18,1/1,True
/root/autodl-tmp/symbolic_dynamics/papers/34-positive-recognition-recurrence-quadrilemma/results/code_clock_ledger.csv:366:2,365,00000000101101101,17,18,1/18,1/1,True
/root/autodl-tmp/symbolic_dynamics/papers/34-positive-recognition-recurrence-quadrilemma/results/code_clock_ledger.csv:367:2,366,00000000101101110,17,18,1/18,1/1,True
/root/autodl-tmp/symbolic_dynamics/papers/34-positive-recognition-recurrence-quadrilemma/results/code_clock_ledger.csv:368:2,367,00000000101101111,17,18,1/18,1/1,True
/root/autodl-tmp/symbolic_dynamics/papers/34-positive-recognition-recurrence-quadrilemma/results/code_clock_ledger.csv:371:2,370,00000000101110010,17,18,1/18,1/1,True
/root/autodl-tmp/symbolic_dynamics/papers/34-positive-recognition-recurrence-quadrilemma/results/code_clock_ledger.csv:373:2,372,00000000101110100,17,18,1/18,1/1,True
/root/autodl-tmp/symbolic_dynamics/papers/34-positive-recognition-recurrence-quadrilemma/results/code_clock_ledger.csv:374:2,373,00000000101110101,17,18,1/18,1/1,True
/root/autodl-tmp/symbolic_dynamics/papers/34-positive-recognition-recurrence-quadrilemma/results/code_clock_ledger.csv:375:2,374,00000000101110110,17,18,1/18,1/1,True
/root/autodl-tmp/symbolic_dynamics/papers/34-positive-recognition-recurrence-quadrilemma/results/code_clock_ledger.csv:376:2,375,00000000101110111,17,18,1/18,1/1,True
/root/autodl-tmp/symbolic_dynamics/papers/34-positive-recognition-recurrence-quadrilemma/results/code_clock_ledger.csv:379:2,378,00000000101111010,17,18,1/18,1/1,True
/root/autodl-tmp/symbolic_dynamics/papers/34-positive-recognition-recurrence-quadrilemma/results/code_clock_ledger.csv:380:2,379,00000000101111011,17,18,1/18,1/1,True
/root/autodl-tmp/symbolic_dynamics/papers/34-positive-recognition-recurrence-quadrilemma/results/code_clock_ledger.csv:382:2,381,00000000101111101,17,18,1/18,1/1,True
/root/autodl-tmp/symbolic_dynamics/papers/34-positive-recognition-recurrence-quadrilemma/results/code_clock_ledger.csv:406:2,405,00000000110010101,17,18,1/18,1/1,True
/root/autodl-tmp/symbolic_dynamics/papers/34-positive-recognition-recurrence-quadrilemma/results/code_clock_ledger.csv:419:2,418,00000000110100010,17,18,1/18,1/1,True
/root/autodl-tmp/symbolic_dynamics/papers/34-positive-recognition-recurrence-quadrilemma/results/code_clock_ledger.csv:421:2,420,00000000110100100,17,18,1/18,1/1,True
/root/autodl-tmp/symbolic_dynamics/papers/34-positive-recognition-recurrence-quadrilemma/results/code_clock_ledger.csv:422:2,421,00000000110100101,17,18,1/18,1/1,True
/root/autodl-tmp/symbolic_dynamics/papers/34-positive-recognition-recurrence-quadrilemma/results/code_clock_ledger.csv:425:2,424,00000000110101000,17,18,1/18,1/1,True
/root/autodl-tmp/symbolic_dynamics/papers/34-positive-recognition-recurrence-quadrilemma/results/code_clock_ledger.csv:426:2,425,00000000110101001,17,18,1/18,1/1,True
/root/autodl-tmp/symbolic_dynamics/papers/34-positive-recognition-recurrence-quadrilemma/results/code_clock_ledger.csv:427:2,426,00000000110101010,17,18,1/18,1/1,True
/root/autodl-tmp/symbolic_dynamics/papers/34-positive-recognition-recurrence-quadrilemma/results/code_clock_ledger.csv:428:2,427,00000000110101011,17,18,1/18,1/1,True
/root/autodl-tmp/symbolic_dynamics/papers/34-positive-recognition-recurrence-quadrilemma/results/code_clock_ledger.csv:430:2,429,00000000110101101,17,18,1/18,1/1,True
/root/autodl-tmp/symbolic_dynamics/papers/34-positive-recognition-recurrence-quadrilemma/results/code_clock_ledger.csv:435:2,434,00000000110110010,17,18,1/18,1/1,True
/root/autodl-tmp/symbolic_dynamics/papers/34-positive-recognition-recurrence-quadrilemma/results/code_clock_ledger.csv:437:2,436,00000000110110100,17,18,1/18,1/1,True
/root/autodl-tmp/symbolic_dynamics/papers/34-positive-recognition-recurrence-quadrilemma/results/code_clock_ledger.csv:438:2,437,00000000110110101,17,18,1/18,1/1,True
/root/autodl-tmp/symbolic_dynamics/papers/34-positive-recognition-recurrence-quadrilemma/results/code_clock_ledger.csv:443:2,442,00000000110111010,17,18,1/18,1/1,True
/root/autodl-tmp/symbolic_dynamics/papers/34-positive-recognition-recurrence-quadrilemma/results/code_clock_ledger.csv:467:2,466,00000000111010010,17,18,1/18,1/1,True
/root/autodl-tmp/symbolic_dynamics/papers/34-positive-recognition-recurrence-quadrilemma/results/code_clock_ledger.csv:469:2,468,00000000111010100,17,18,1/18,1/1,True
/root/autodl-tmp/symbolic_dynamics/papers/34-positive-recognition-recurrence-quadrilemma/results/code_clock_ledger.csv:470:2,469,00000000111010101,17,18,1/18,1/1,True
/root/autodl-tmp/symbolic_dynamics/papers/34-positive-recognition-recurrence-quadrilemma/results/code_clock_ledger.csv:475:2,474,00000000111011010,17,18,1/18,1/1,True
/root/autodl-tmp/symbolic_dynamics/papers/34-positive-recognition-recurrence-quadrilemma/results/code_clock_ledger.csv:491:2,490,00000000111101010,17,18,1/18,1/1,True
/root/autodl-tmp/symbolic_dynamics/papers/34-positive-recognition-recurrence-quadrilemma/results/code_clock_ledger.csv:518:2,517,0000000001000000101,19,20,1/20,1/1,True
/root/autodl-tmp/symbolic_dynamics/papers/34-positive-recognition-recurrence-quadrilemma/results/code_clock_ledger.csv:523:2,522,0000000001000001010,19,20,1/20,1/1,True
/root/autodl-tmp/symbolic_dynamics/papers/34-positive-recognition-recurrence-quadrilemma/results/code_clock_ledger.csv:524:2,523,0000000001000001011,19,20,1/20,1/1,True
/root/autodl-tmp/symbolic_dynamics/papers/34-positive-recognition-recurrence-quadrilemma/results/code_clock_ledger.csv:526:2,525,0000000001000001101,19,20,1/20,1/1,True
/root/autodl-tmp/symbolic_dynamics/papers/34-positive-recognition-recurrence-quadrilemma/results/code_clock_ledger.csv:533:2,532,0000000001000010100,19,20,1/20,1/1,True
/root/autodl-tmp/symbolic_dynamics/papers/34-positive-recognition-recurrence-quadrilemma/results/code_clock_ledger.csv:534:2,533,0000000001000010101,19,20,1/20,1/1,True
/root/autodl-tmp/symbolic_dynamics/papers/34-positive-recognition-recurrence-quadrilemma/results/code_clock_ledger.csv:535:2,534,0000000001000010110,19,20,1/20,1/1,True
/root/autodl-tmp/symbolic_dynamics/papers/34-positive-recognition-recurrence-quadrilemma/results/code_clock_ledger.csv:536:2,535,0000000001000010111,19,20,1/20,1/1,True
/root/autodl-tmp/symbolic_dynamics/papers/34-positive-recognition-recurrence-quadrilemma/results/code_clock_ledger.csv:539:2,538,0000000001000011010,19,20,1/20,1/1,True
/root/autodl-tmp/symbolic_dynamics/papers/34-positive-recognition-recurrence-quadrilemma/results/code_clock_ledger.csv:540:2,539,0000000001000011011,19,20,1/20,1/1,True
/root/autodl-tmp/symbolic_dynamics/papers/34-positive-recognition-recurrence-quadrilemma/results/code_clock_ledger.csv:542:2,541,0000000001000011101,19,20,1/20,1/1,True
/root/autodl-tmp/symbolic_dynamics/papers/34-positive-recognition-recurrence-quadrilemma/results/code_clock_ledger.csv:550:2,549,0000000001000100101,19,20,1/20,1/1,True
/root/autodl-tmp/symbolic_dynamics/papers/34-positive-recognition-recurrence-quadrilemma/results/code_clock_ledger.csv:553:2,552,0000000001000101000,19,20,1/20,1/1,True
/root/autodl-tmp/symbolic_dynamics/papers/34-positive-recognition-recurrence-quadrilemma/results/code_clock_ledger.csv:554:2,553,0000000001000101001,19,20,1/20,1/1,True
/root/autodl-tmp/symbolic_dynamics/papers/34-positive-recognition-recurrence-quadrilemma/results/code_clock_ledger.csv:555:2,554,0000000001000101010,19,20,1/20,1/1,True
/root/autodl-tmp/symbolic_dynamics/papers/34-positive-recognition-recurrence-quadrilemma/results/code_clock_ledger.csv:556:2,555,0000000001000101011,19,20,1/20,1/1,True
/root/autodl-tmp/symbolic_dynamics/papers/34-positive-recognition-recurrence-quadrilemma/results/code_clock_ledger.csv:557:2,556,0000000001000101100,19,20,1/20,1/1,True
/root/autodl-tmp/symbolic_dynamics/papers/34-positive-recognition-recurrence-quadrilemma/results/code_clock_ledger.csv:558:2,557,0000000001000101101,19,20,1/20,1/1,True
/root/autodl-tmp/symbolic_dynamics/papers/34-positive-recognition-recurrence-quadrilemma/results/code_clock_ledger.csv:559:2,558,0000000001000101110,19,20,1/20,1/1,True
/root/autodl-tmp/symbolic_dynamics/papers/34-positive-recognition-recurrence-quadrilemma/results/code_clock_ledger.csv:560:2,559,0000000001000101111,19,20,1/20,1/1,True
/root/autodl-tmp/symbolic_dynamics/papers/34-positive-recognition-recurrence-quadrilemma/results/code_clock_ledger.csv:565:2,564,0000000001000110100,19,20,1/20,1/1,True
/root/autodl-tmp/symbolic_dynamics/papers/34-positive-recognition-recurrence-quadrilemma/results/code_clock_ledger.csv:566:2,565,0000000001000110101,19,20,1/20,1/1,True
/root/autodl-tmp/symbolic_dynamics/papers/34-positive-recognition-recurrence-quadrilemma/results/code_clock_ledger.csv:567:2,566,0000000001000110110,19,20,1/20,1/1,True
/root/autodl-tmp/symbolic_dynamics/papers/34-positive-recognition-recurrence-quadrilemma/results/code_clock_ledger.csv:568:2,567,0000000001000110111,19,20,1/20,1/1,True
/root/autodl-tmp/symbolic_dynamics/papers/34-positive-recognition-recurrence-quadrilemma/results/code_clock_ledger.csv:571:2,570,0000000001000111010,19,20,1/20,1/1,True
/root/autodl-tmp/symbolic_dynamics/papers/34-positive-recognition-recurrence-quadrilemma/results/code_clock_ledger.csv:572:2,571,0000000001000111011,19,20,1/20,1/1,True
/root/autodl-tmp/symbolic_dynamics/papers/34-positive-recognition-recurrence-quadrilemma/results/code_clock_ledger.csv:574:2,573,0000000001000111101,19,20,1/20,1/1,True
/root/autodl-tmp/symbolic_dynamics/papers/34-positive-recognition-recurrence-quadrilemma/results/code_clock_ledger.csv:582:2,581,0000000001001000101,19,20,1/20,1/1,True
/root/autodl-tmp/symbolic_dynamics/papers/34-positive-recognition-recurrence-quadrilemma/results/code_clock_ledger.csv:587:2,586,0000000001001001010,19,20,1/20,1/1,True
/root/autodl-tmp/symbolic_dynamics/papers/34-positive-recognition-recurrence-quadrilemma/results/code_clock_ledger.csv:588:2,587,0000000001001001011,19,20,1/20,1/1,True
/root/autodl-tmp/symbolic_dynamics/papers/34-positive-recognition-recurrence-quadrilemma/results/code_clock_ledger.csv:590:2,589,0000000001001001101,19,20,1/20,1/1,True
/root/autodl-tmp/symbolic_dynamics/papers/34-positive-recognition-recurrence-quadrilemma/results/code_clock_ledger.csv:593:2,592,0000000001001010000,19,20,1/20,1/1,True
/root/autodl-tmp/symbolic_dynamics/papers/34-positive-recognition-recurrence-quadrilemma/results/code_clock_ledger.csv:594:2,593,0000000001001010001,19,20,1/20,1/1,True
/root/autodl-tmp/symbolic_dynamics/papers/34-positive-recognition-recurrence-quadrilemma/results/code_clock_ledger.csv:595:2,594,0000000001001010010,19,20,1/20,1/1,True
/root/autodl-tmp/symbolic_dynamics/papers/34-positive-recognition-recurrence-quadrilemma/results/code_clock_ledger.csv:596:2,595,0000000001001010011,19,20,1/20,1/1,True
/root/autodl-tmp/symbolic_dynamics/papers/34-positive-recognition-recurrence-quadrilemma/results/code_clock_ledger.csv:597:2,596,0000000001001010100,19,20,1/20,1/1,True
/root/autodl-tmp/symbolic_dynamics/papers/34-positive-recognition-recurrence-quadrilemma/results/code_clock_ledger.csv:598:2,597,0000000001001010101,19,20,1/20,1/1,True
/root/autodl-tmp/symbolic_dynamics/papers/34-positive-recognition-recurrence-quadrilemma/results/code_clock_ledger.csv:599:2,598,0000000001001010110,19,20,1/20,1/1,True
/root/autodl-tmp/symbolic_dynamics/papers/34-positive-recognition-recurrence-quadrilemma/results/code_clock_ledger.csv:600:2,599,0000000001001010111,19,20,1/20,1/1,True
/root/autodl-tmp/symbolic_dynamics/papers/34-positive-recognition-recurrence-quadrilemma/results/code_clock_ledger.csv:601:2,600,0000000001001011000,19,20,1/20,1/1,True
/root/autodl-tmp/symbolic_dynamics/papers/34-positive-recognition-recurrence-quadrilemma/results/code_clock_ledger.csv:602:2,601,0000000001001011001,19,20,1/20,1/1,True
/root/autodl-tmp/symbolic_dynamics/papers/34-positive-recognition-recurrence-quadrilemma/results/code_clock_ledger.csv:603:2,602,0000000001001011010,19,20,1/20,1/1,True
/root/autodl-tmp/symbolic_dynamics/papers/34-positive-recognition-recurrence-quadrilemma/results/code_clock_ledger.csv:604:2,603,0000000001001011011,19,20,1/20,1/1,True
/root/autodl-tmp/symbolic_dynamics/papers/34-positive-recognition-recurrence-quadrilemma/results/code_clock_ledger.csv:605:2,604,0000000001001011100,19,20,1/20,1/1,True
/root/autodl-tmp/symbolic_dynamics/papers/34-positive-recognition-recurrence-quadrilemma/results/code_clock_ledger.csv:606:2,605,0000000001001011101,19,20,1/20,1/1,True
/root/autodl-tmp/symbolic_dynamics/papers/34-positive-recognition-recurrence-quadrilemma/results/code_clock_ledger.csv:607:2,606,0000000001001011110,19,20,1/20,1/1,True
/root/autodl-tmp/symbolic_dynamics/papers/34-positive-recognition-recurrence-quadrilemma/results/code_clock_ledger.csv:608:2,607,0000000001001011111,19,20,1/20,1/1,True
/root/autodl-tmp/symbolic_dynamics/papers/34-positive-recognition-recurrence-quadrilemma/results/code_clock_ledger.csv:614:2,613,0000000001001100101,19,20,1/20,1/1,True
/root/autodl-tmp/symbolic_dynamics/papers/34-positive-recognition-recurrence-quadrilemma/results/code_clock_ledger.csv:617:2,616,0000000001001101000,19,20,1/20,1/1,True
/root/autodl-tmp/symbolic_dynamics/papers/34-positive-recognition-recurrence-quadrilemma/results/code_clock_ledger.csv:618:2,617,0000000001001101001,19,20,1/20,1/1,True
/root/autodl-tmp/symbolic_dynamics/papers/34-positive-recognition-recurrence-quadrilemma/results/code_clock_ledger.csv:619:2,618,0000000001001101010,19,20,1/20,1/1,True
/root/autodl-tmp/symbolic_dynamics/papers/34-positive-recognition-recurrence-quadrilemma/results/code_clock_ledger.csv:620:2,619,0000000001001101011,19,20,1/20,1/1,True
/root/autodl-tmp/symbolic_dynamics/papers/34-positive-recognition-recurrence-quadrilemma/results/code_clock_ledger.csv:621:2,620,0000000001001101100,19,20,1/20,1/1,True
/root/autodl-tmp/symbolic_dynamics/papers/34-positive-recognition-recurrence-quadrilemma/results/code_clock_ledger.csv:622:2,621,0000000001001101101,19,20,1/20,1/1,True
/root/autodl-tmp/symbolic_dynamics/papers/34-positive-recognition-recurrence-quadrilemma/results/code_clock_ledger.csv:623:2,622,0000000001001101110,19,20,1/20,1/1,True
/root/autodl-tmp/symbolic_dynamics/papers/34-positive-recognition-recurrence-quadrilemma/results/code_clock_ledger.csv:624:2,623,0000000001001101111,19,20,1/20,1/1,True
/root/autodl-tmp/symbolic_dynamics/papers/34-positive-recognition-recurrence-quadrilemma/results/code_clock_ledger.csv:629:2,628,0000000001001110100,19,20,1/20,1/1,True
/root/autodl-tmp/symbolic_dynamics/papers/34-positive-recognition-recurrence-quadrilemma/results/code_clock_ledger.csv:630:2,629,0000000001001110101,19,20,1/20,1/1,True
/root/autodl-tmp/symbolic_dynamics/papers/34-positive-recognition-recurrence-quadrilemma/results/code_clock_ledger.csv:631:2,630,0000000001001110110,19,20,1/20,1/1,True
/root/autodl-tmp/symbolic_dynamics/papers/34-positive-recognition-recurrence-quadrilemma/results/code_clock_ledger.csv:632:2,631,0000000001001110111,19,20,1/20,1/1,True
/root/autodl-tmp/symbolic_dynamics/papers/34-positive-recognition-recurrence-quadrilemma/results/code_clock_ledger.csv:635:2,634,0000000001001111010,19,20,1/20,1/1,True
/root/autodl-tmp/symbolic_dynamics/papers/34-positive-recognition-recurrence-quadrilemma/results/code_clock_ledger.csv:636:2,635,0000000001001111011,19,20,1/20,1/1,True
/root/autodl-tmp/symbolic_dynamics/papers/34-positive-recognition-recurrence-quadrilemma/results/code_clock_ledger.csv:638:2,637,0000000001001111101,19,20,1/20,1/1,True
/root/autodl-tmp/symbolic_dynamics/papers/34-positive-recognition-recurrence-quadrilemma/results/code_clock_ledger.csv:643:2,642,0000000001010000010,19,20,1/20,1/1,True
/root/autodl-tmp/symbolic_dynamics/papers/34-positive-recognition-recurrence-quadrilemma/results/code_clock_ledger.csv:645:2,644,0000000001010000100,19,20,1/20,1/1,True
/root/autodl-tmp/symbolic_dynamics/papers/34-positive-recognition-recurrence-quadrilemma/results/code_clock_ledger.csv:646:2,645,0000000001010000101,19,20,1/20,1/1,True
/root/autodl-tmp/symbolic_dynamics/papers/34-positive-recognition-recurrence-quadrilemma/results/code_clock_ledger.csv:649:2,648,0000000001010001000,19,20,1/20,1/1,True
/root/autodl-tmp/symbolic_dynamics/papers/34-positive-recognition-recurrence-quadrilemma/results/code_clock_ledger.csv:650:2,649,0000000001010001001,19,20,1/20,1/1,True
/root/autodl-tmp/symbolic_dynamics/papers/34-positive-recognition-recurrence-quadrilemma/results/code_clock_ledger.csv:651:2,650,0000000001010001010,19,20,1/20,1/1,True
/root/autodl-tmp/symbolic_dynamics/papers/34-positive-recognition-recurrence-quadrilemma/results/code_clock_ledger.csv:652:2,651,0000000001010001011,19,20,1/20,1/1,True
/root/autodl-tmp/symbolic_dynamics/papers/34-positive-recognition-recurrence-quadrilemma/results/code_clock_ledger.csv:654:2,653,0000000001010001101,19,20,1/20,1/1,True
/root/autodl-tmp/symbolic_dynamics/papers/34-positive-recognition-recurrence-quadrilemma/results/code_clock_ledger.csv:657:2,656,0000000001010010000,19,20,1/20,1/1,True
/root/autodl-tmp/symbolic_dynamics/papers/34-positive-recognition-recurrence-quadrilemma/results/code_clock_ledger.csv:658:2,657,0000000001010010001,19,20,1/20,1/1,True
/root/autodl-tmp/symbolic_dynamics/papers/34-positive-recognition-recurrence-quadrilemma/results/code_clock_ledger.csv:659:2,658,0000000001010010010,19,20,1/20,1/1,True
/root/autodl-tmp/symbolic_dynamics/papers/34-positive-recognition-recurrence-quadrilemma/results/code_clock_ledger.csv:660:2,659,0000000001010010011,19,20,1/20,1/1,True
/root/autodl-tmp/symbolic_dynamics/papers/34-positive-recognition-recurrence-quadrilemma/results/code_clock_ledger.csv:661:2,660,0000000001010010100,19,20,1/20,1/1,True
/root/autodl-tmp/symbolic_dynamics/papers/34-positive-recognition-recurrence-quadrilemma/results/code_clock_ledger.csv:662:2,661,0000000001010010101,19,20,1/20,1/1,True
/root/autodl-tmp/symbolic_dynamics/papers/34-positive-recognition-recurrence-quadrilemma/results/code_clock_ledger.csv:663:2,662,0000000001010010110,19,20,1/20,1/1,True
/root/autodl-tmp/symbolic_dynamics/papers/34-positive-recognition-recurrence-quadrilemma/results/code_clock_ledger.csv:664:2,663,0000000001010010111,19,20,1/20,1/1,True
/root/autodl-tmp/symbolic_dynamics/papers/34-positive-recognition-recurrence-quadrilemma/results/code_clock_ledger.csv:667:2,666,0000000001010011010,19,20,1/20,1/1,True
/root/autodl-tmp/symbolic_dynamics/papers/34-positive-recognition-recurrence-quadrilemma/results/code_clock_ledger.csv:668:2,667,0000000001010011011,19,20,1/20,1/1,True
/root/autodl-tmp/symbolic_dynamics/papers/34-positive-recognition-recurrence-quadrilemma/results/code_clock_ledger.csv:670:2,669,0000000001010011101,19,20,1/20,1/1,True
/root/autodl-tmp/symbolic_dynamics/papers/34-positive-recognition-recurrence-quadrilemma/results/code_clock_ledger.csv:673:2,672,0000000001010100000,19,20,1/20,1/1,True
/root/autodl-tmp/symbolic_dynamics/papers/34-positive-recognition-recurrence-quadrilemma/results/code_clock_ledger.csv:674:2,673,0000000001010100001,19,20,1/20,1/1,True
/root/autodl-tmp/symbolic_dynamics/papers/34-positive-recognition-recurrence-quadrilemma/results/code_clock_ledger.csv:675:2,674,0000000001010100010,19,20,1/20,1/1,True
/root/autodl-tmp/symbolic_dynamics/papers/34-positive-recognition-recurrence-quadrilemma/results/code_clock_ledger.csv:676:2,675,0000000001010100011,19,20,1/20,1/1,True
/root/autodl-tmp/symbolic_dynamics/papers/34-positive-recognition-recurrence-quadrilemma/results/code_clock_ledger.csv:677:2,676,0000000001010100100,19,20,1/20,1/1,True
/root/autodl-tmp/symbolic_dynamics/papers/34-positive-recognition-recurrence-quadrilemma/results/code_clock_ledger.csv:678:2,677,0000000001010100101,19,20,1/20,1/1,True
/root/autodl-tmp/symbolic_dynamics/papers/34-positive-recognition-recurrence-quadrilemma/results/code_clock_ledger.csv:679:2,678,0000000001010100110,19,20,1/20,1/1,True
/root/autodl-tmp/symbolic_dynamics/papers/34-positive-recognition-recurrence-quadrilemma/results/code_clock_ledger.csv:680:2,679,0000000001010100111,19,20,1/20,1/1,True
/root/autodl-tmp/symbolic_dynamics/papers/34-positive-recognition-recurrence-quadrilemma/results/code_clock_ledger.csv:681:2,680,0000000001010101000,19,20,1/20,1/1,True
/root/autodl-tmp/symbolic_dynamics/papers/34-positive-recognition-recurrence-quadrilemma/results/code_clock_ledger.csv:682:2,681,0000000001010101001,19,20,1/20,1/1,True
/root/autodl-tmp/symbolic_dynamics/papers/34-positive-recognition-recurrence-quadrilemma/results/code_clock_ledger.csv:683:2,682,0000000001010101010,19,20,1/20,1/1,True
/root/autodl-tmp/symbolic_dynamics/papers/34-positive-recognition-recurrence-quadrilemma/results/code_clock_ledger.csv:684:2,683,0000000001010101011,19,20,1/20,1/1,True
/root/autodl-tmp/symbolic_dynamics/papers/34-positive-recognition-recurrence-quadrilemma/results/code_clock_ledger.csv:685:2,684,0000000001010101100,19,20,1/20,1/1,True
/root/autodl-tmp/symbolic_dynamics/papers/34-positive-recognition-recurrence-quadrilemma/results/code_clock_ledger.csv:686:2,685,0000000001010101101,19,20,1/20,1/1,True
/root/autodl-tmp/symbolic_dynamics/papers/34-positive-recognition-recurrence-quadrilemma/results/code_clock_ledger.csv:687:2,686,0000000001010101110,19,20,1/20,1/1,True
/root/autodl-tmp/symbolic_dynamics/papers/34-positive-recognition-recurrence-quadrilemma/results/code_clock_ledger.csv:688:2,687,0000000001010101111,19,20,1/20,1/1,True
/root/autodl-tmp/symbolic_dynamics/papers/34-positive-recognition-recurrence-quadrilemma/results/code_clock_ledger.csv:689:2,688,0000000001010110000,19,20,1/20,1/1,True
/root/autodl-tmp/symbolic_dynamics/papers/34-positive-recognition-recurrence-quadrilemma/results/code_clock_ledger.csv:690:2,689,0000000001010110001,19,20,1/20,1/1,True
/root/autodl-tmp/symbolic_dynamics/papers/34-positive-recognition-recurrence-quadrilemma/results/code_clock_ledger.csv:691:2,690,0000000001010110010,19,20,1/20,1/1,True
/root/autodl-tmp/symbolic_dynamics/papers/34-positive-recognition-recurrence-quadrilemma/results/code_clock_ledger.csv:692:2,691,0000000001010110011,19,20,1/20,1/1,True
/root/autodl-tmp/symbolic_dynamics/papers/34-positive-recognition-recurrence-quadrilemma/results/code_clock_ledger.csv:693:2,692,0000000001010110100,19,20,1/20,1/1,True
/root/autodl-tmp/symbolic_dynamics/papers/34-positive-recognition-recurrence-quadrilemma/results/code_clock_ledger.csv:694:2,693,0000000001010110101,19,20,1/20,1/1,True
/root/autodl-tmp/symbolic_dynamics/papers/34-positive-recognition-recurrence-quadrilemma/results/code_clock_ledger.csv:695:2,694,0000000001010110110,19,20,1/20,1/1,True
/root/autodl-tmp/symbolic_dynamics/papers/34-positive-recognition-recurrence-quadrilemma/results/code_clock_ledger.csv:696:2,695,0000000001010110111,19,20,1/20,1/1,True
/root/autodl-tmp/symbolic_dynamics/papers/34-positive-recognition-recurrence-quadrilemma/results/code_clock_ledger.csv:697:2,696,0000000001010111000,19,20,1/20,1/1,True
/root/autodl-tmp/symbolic_dynamics/papers/34-positive-recognition-recurrence-quadrilemma/results/code_clock_ledger.csv:698:2,697,0000000001010111001,19,20,1/20,1/1,True
/root/autodl-tmp/symbolic_dynamics/papers/34-positive-recognition-recurrence-quadrilemma/results/code_clock_ledger.csv:699:2,698,0000000001010111010,19,20,1/20,1/1,True
/root/autodl-tmp/symbolic_dynamics/papers/34-positive-recognition-recurrence-quadrilemma/results/code_clock_ledger.csv:700:2,699,0000000001010111011,19,20,1/20,1/1,True
/root/autodl-tmp/symbolic_dynamics/papers/34-positive-recognition-recurrence-quadrilemma/results/code_clock_ledger.csv:701:2,700,0000000001010111100,19,20,1/20,1/1,True
/root/autodl-tmp/symbolic_dynamics/papers/34-positive-recognition-recurrence-quadrilemma/results/code_clock_ledger.csv:702:2,701,0000000001010111101,19,20,1/20,1/1,True
/root/autodl-tmp/symbolic_dynamics/papers/34-positive-recognition-recurrence-quadrilemma/results/code_clock_ledger.csv:703:2,702,0000000001010111110,19,20,1/20,1/1,True
/root/autodl-tmp/symbolic_dynamics/papers/34-positive-recognition-recurrence-quadrilemma/results/code_clock_ledger.csv:704:2,703,0000000001010111111,19,20,1/20,1/1,True
/root/autodl-tmp/symbolic_dynamics/papers/34-positive-recognition-recurrence-quadrilemma/results/code_clock_ledger.csv:707:2,706,0000000001011000010,19,20,1/20,1/1,True
/root/autodl-tmp/symbolic_dynamics/papers/34-positive-recognition-recurrence-quadrilemma/results/code_clock_ledger.csv:709:2,708,0000000001011000100,19,20,1/20,1/1,True
/root/autodl-tmp/symbolic_dynamics/papers/34-positive-recognition-recurrence-quadrilemma/results/code_clock_ledger.csv:710:2,709,0000000001011000101,19,20,1/20,1/1,True
/root/autodl-tmp/symbolic_dynamics/papers/34-positive-recognition-recurrence-quadrilemma/results/code_clock_ledger.csv:713:2,712,0000000001011001000,19,20,1/20,1/1,True
/root/autodl-tmp/symbolic_dynamics/papers/34-positive-recognition-recurrence-quadrilemma/results/code_clock_ledger.csv:714:2,713,0000000001011001001,19,20,1/20,1/1,True
/root/autodl-tmp/symbolic_dynamics/papers/34-positive-recognition-recurrence-quadrilemma/results/code_clock_ledger.csv:715:2,714,0000000001011001010,19,20,1/20,1/1,True
/root/autodl-tmp/symbolic_dynamics/papers/34-positive-recognition-recurrence-quadrilemma/results/code_clock_ledger.csv:716:2,715,0000000001011001011,19,20,1/20,1/1,True
/root/autodl-tmp/symbolic_dynamics/papers/34-positive-recognition-recurrence-quadrilemma/results/code_clock_ledger.csv:718:2,717,0000000001011001101,19,20,1/20,1/1,True
/root/autodl-tmp/symbolic_dynamics/papers/34-positive-recognition-recurrence-quadrilemma/results/code_clock_ledger.csv:721:2,720,0000000001011010000,19,20,1/20,1/1,True
/root/autodl-tmp/symbolic_dynamics/papers/34-positive-recognition-recurrence-quadrilemma/results/code_clock_ledger.csv:722:2,721,0000000001011010001,19,20,1/20,1/1,True
/root/autodl-tmp/symbolic_dynamics/papers/34-positive-recognition-recurrence-quadrilemma/results/code_clock_ledger.csv:723:2,722,0000000001011010010,19,20,1/20,1/1,True
/root/autodl-tmp/symbolic_dynamics/papers/34-positive-recognition-recurrence-quadrilemma/results/code_clock_ledger.csv:724:2,723,0000000001011010011,19,20,1/20,1/1,True
/root/autodl-tmp/symbolic_dynamics/papers/34-positive-recognition-recurrence-quadrilemma/results/code_clock_ledger.csv:725:2,724,0000000001011010100,19,20,1/20,1/1,True
/root/autodl-tmp/symbolic_dynamics/papers/34-positive-recognition-recurrence-quadrilemma/results/code_clock_ledger.csv:726:2,725,0000000001011010101,19,20,1/20,1/1,True
/root/autodl-tmp/symbolic_dynamics/papers/34-positive-recognition-recurrence-quadrilemma/results/code_clock_ledger.csv:727:2,726,0000000001011010110,19,20,1/20,1/1,True
/root/autodl-tmp/symbolic_dynamics/papers/34-positive-recognition-recurrence-quadrilemma/results/code_clock_ledger.csv:728:2,727,0000000001011010111,19,20,1/20,1/1,True
/root/autodl-tmp/symbolic_dynamics/papers/34-positive-recognition-recurrence-quadrilemma/results/code_clock_ledger.csv:729:2,728,0000000001011011000,19,20,1/20,1/1,True
/root/autodl-tmp/symbolic_dynamics/papers/34-positive-recognition-recurrence-quadrilemma/results/code_clock_ledger.csv:730:2,729,0000000001011011001,19,20,1/20,1/1,True
/root/autodl-tmp/symbolic_dynamics/papers/34-positive-recognition-recurrence-quadrilemma/results/code_clock_ledger.csv:731:2,730,0000000001011011010,19,20,1/20,1/1,True
/root/autodl-tmp/symbolic_dynamics/papers/34-positive-recognition-recurrence-quadrilemma/results/code_clock_ledger.csv:732:2,731,0000000001011011011,19,20,1/20,1/1,True
/root/autodl-tmp/symbolic_dynamics/papers/34-positive-recognition-recurrence-quadrilemma/results/code_clock_ledger.csv:733:2,732,0000000001011011100,19,20,1/20,1/1,True
/root/autodl-tmp/symbolic_dynamics/papers/34-positive-recognition-recurrence-quadrilemma/results/code_clock_ledger.csv:734:2,733,0000000001011011101,19,20,1/20,1/1,True
/root/autodl-tmp/symbolic_dynamics/papers/34-positive-recognition-recurrence-quadrilemma/results/code_clock_ledger.csv:735:2,734,0000000001011011110,19,20,1/20,1/1,True
/root/autodl-tmp/symbolic_dynamics/papers/34-positive-recognition-recurrence-quadrilemma/results/code_clock_ledger.csv:736:2,735,0000000001011011111,19,20,1/20,1/1,True
/root/autodl-tmp/symbolic_dynamics/papers/34-positive-recognition-recurrence-quadrilemma/results/code_clock_ledger.csv:739:2,738,0000000001011100010,19,20,1/20,1/1,True
/root/autodl-tmp/symbolic_dynamics/papers/34-positive-recognition-recurrence-quadrilemma/results/code_clock_ledger.csv:741:2,740,0000000001011100100,19,20,1/20,1/1,True
/root/autodl-tmp/symbolic_dynamics/papers/34-positive-recognition-recurrence-quadrilemma/results/code_clock_ledger.csv:742:2,741,0000000001011100101,19,20,1/20,1/1,True
/root/autodl-tmp/symbolic_dynamics/papers/34-positive-recognition-recurrence-quadrilemma/results/code_clock_ledger.csv:745:2,744,0000000001011101000,19,20,1/20,1/1,True
/root/autodl-tmp/symbolic_dynamics/papers/34-positive-recognition-recurrence-quadrilemma/results/code_clock_ledger.csv:746:2,745,0000000001011101001,19,20,1/20,1/1,True
/root/autodl-tmp/symbolic_dynamics/papers/34-positive-recognition-recurrence-quadrilemma/results/code_clock_ledger.csv:747:2,746,0000000001011101010,19,20,1/20,1/1,True
/root/autodl-tmp/symbolic_dynamics/papers/34-positive-recognition-recurrence-quadrilemma/results/code_clock_ledger.csv:748:2,747,0000000001011101011,19,20,1/20,1/1,True
/root/autodl-tmp/symbolic_dynamics/papers/34-positive-recognition-recurrence-quadrilemma/results/code_clock_ledger.csv:749:2,748,0000000001011101100,19,20,1/20,1/1,True
/root/autodl-tmp/symbolic_dynamics/papers/34-positive-recognition-recurrence-quadrilemma/results/code_clock_ledger.csv:750:2,749,0000000001011101101,19,20,1/20,1/1,True
/root/autodl-tmp/symbolic_dynamics/papers/34-positive-recognition-recurrence-quadrilemma/results/code_clock_ledger.csv:751:2,750,0000000001011101110,19,20,1/20,1/1,True
/root/autodl-tmp/symbolic_dynamics/papers/34-positive-recognition-recurrence-quadrilemma/results/code_clock_ledger.csv:752:2,751,0000000001011101111,19,20,1/20,1/1,True
/root/autodl-tmp/symbolic_dynamics/papers/34-positive-recognition-recurrence-quadrilemma/results/code_clock_ledger.csv:755:2,754,0000000001011110010,19,20,1/20,1/1,True
/root/autodl-tmp/symbolic_dynamics/papers/34-positive-recognition-recurrence-quadrilemma/results/code_clock_ledger.csv:757:2,756,0000000001011110100,19,20,1/20,1/1,True
/root/autodl-tmp/symbolic_dynamics/papers/34-positive-recognition-recurrence-quadrilemma/results/code_clock_ledger.csv:758:2,757,0000000001011110101,19,20,1/20,1/1,True
/root/autodl-tmp/symbolic_dynamics/papers/34-positive-recognition-recurrence-quadrilemma/results/code_clock_ledger.csv:759:2,758,0000000001011110110,19,20,1/20,1/1,True
/root/autodl-tmp/symbolic_dynamics/papers/34-positive-recognition-recurrence-quadrilemma/results/code_clock_ledger.csv:760:2,759,0000000001011110111,19,20,1/20,1/1,True
/root/autodl-tmp/symbolic_dynamics/papers/34-positive-recognition-recurrence-quadrilemma/results/code_clock_ledger.csv:763:2,762,0000000001011111010,19,20,1/20,1/1,True
/root/autodl-tmp/symbolic_dynamics/papers/34-positive-recognition-recurrence-quadrilemma/results/code_clock_ledger.csv:764:2,763,0000000001011111011,19,20,1/20,1/1,True
/root/autodl-tmp/symbolic_dynamics/papers/34-positive-recognition-recurrence-quadrilemma/results/code_clock_ledger.csv:766:2,765,0000000001011111101,19,20,1/20,1/1,True
/root/autodl-tmp/symbolic_dynamics/papers/34-positive-recognition-recurrence-quadrilemma/results/code_clock_ledger.csv:790:2,789,0000000001100010101,19,20,1/20,1/1,True
/root/autodl-tmp/symbolic_dynamics/papers/34-positive-recognition-recurrence-quadrilemma/results/code_clock_ledger.csv:806:2,805,0000000001100100101,19,20,1/20,1/1,True
/root/autodl-tmp/symbolic_dynamics/papers/34-positive-recognition-recurrence-quadrilemma/results/code_clock_ledger.csv:811:2,810,0000000001100101010,19,20,1/20,1/1,True
/root/autodl-tmp/symbolic_dynamics/papers/34-positive-recognition-recurrence-quadrilemma/results/code_clock_ledger.csv:812:2,811,0000000001100101011,19,20,1/20,1/1,True
/root/autodl-tmp/symbolic_dynamics/papers/34-positive-recognition-recurrence-quadrilemma/results/code_clock_ledger.csv:814:2,813,0000000001100101101,19,20,1/20,1/1,True
/root/autodl-tmp/symbolic_dynamics/papers/34-positive-recognition-recurrence-quadrilemma/results/code_clock_ledger.csv:835:2,834,0000000001101000010,19,20,1/20,1/1,True
/root/autodl-tmp/symbolic_dynamics/papers/34-positive-recognition-recurrence-quadrilemma/results/code_clock_ledger.csv:837:2,836,0000000001101000100,19,20,1/20,1/1,True
/root/autodl-tmp/symbolic_dynamics/papers/34-positive-recognition-recurrence-quadrilemma/results/code_clock_ledger.csv:838:2,837,0000000001101000101,19,20,1/20,1/1,True
/root/autodl-tmp/symbolic_dynamics/papers/34-positive-recognition-recurrence-quadrilemma/results/code_clock_ledger.csv:841:2,840,0000000001101001000,19,20,1/20,1/1,True
/root/autodl-tmp/symbolic_dynamics/papers/34-positive-recognition-recurrence-quadrilemma/results/code_clock_ledger.csv:842:2,841,0000000001101001001,19,20,1/20,1/1,True
/root/autodl-tmp/symbolic_dynamics/papers/34-positive-recognition-recurrence-quadrilemma/results/code_clock_ledger.csv:843:2,842,0000000001101001010,19,20,1/20,1/1,True
/root/autodl-tmp/symbolic_dynamics/papers/34-positive-recognition-recurrence-quadrilemma/results/code_clock_ledger.csv:844:2,843,0000000001101001011,19,20,1/20,1/1,True
/root/autodl-tmp/symbolic_dynamics/papers/34-positive-recognition-recurrence-quadrilemma/results/code_clock_ledger.csv:846:2,845,0000000001101001101,19,20,1/20,1/1,True
/root/autodl-tmp/symbolic_dynamics/papers/34-positive-recognition-recurrence-quadrilemma/results/code_clock_ledger.csv:849:2,848,0000000001101010000,19,20,1/20,1/1,True
/root/autodl-tmp/symbolic_dynamics/papers/34-positive-recognition-recurrence-quadrilemma/results/code_clock_ledger.csv:850:2,849,0000000001101010001,19,20,1/20,1/1,True
/root/autodl-tmp/symbolic_dynamics/papers/34-positive-recognition-recurrence-quadrilemma/results/code_clock_ledger.csv:851:2,850,0000000001101010010,19,20,1/20,1/1,True
/root/autodl-tmp/symbolic_dynamics/papers/34-positive-recognition-recurrence-quadrilemma/results/code_clock_ledger.csv:852:2,851,0000000001101010011,19,20,1/20,1/1,True
/root/autodl-tmp/symbolic_dynamics/papers/34-positive-recognition-recurrence-quadrilemma/results/code_clock_ledger.csv:853:2,852,0000000001101010100,19,20,1/20,1/1,True
/root/autodl-tmp/symbolic_dynamics/papers/34-positive-recognition-recurrence-quadrilemma/results/code_clock_ledger.csv:854:2,853,0000000001101010101,19,20,1/20,1/1,True
/root/autodl-tmp/symbolic_dynamics/papers/34-positive-recognition-recurrence-quadrilemma/results/code_clock_ledger.csv:855:2,854,0000000001101010110,19,20,1/20,1/1,True
/root/autodl-tmp/symbolic_dynamics/papers/34-positive-recognition-recurrence-quadrilemma/results/code_clock_ledger.csv:856:2,855,0000000001101010111,19,20,1/20,1/1,True
/root/autodl-tmp/symbolic_dynamics/papers/34-positive-recognition-recurrence-quadrilemma/results/code_clock_ledger.csv:859:2,858,0000000001101011010,19,20,1/20,1/1,True
/root/autodl-tmp/symbolic_dynamics/papers/34-positive-recognition-recurrence-quadrilemma/results/code_clock_ledger.csv:860:2,859,0000000001101011011,19,20,1/20,1/1,True
/root/autodl-tmp/symbolic_dynamics/papers/34-positive-recognition-recurrence-quadrilemma/results/code_clock_ledger.csv:862:2,861,0000000001101011101,19,20,1/20,1/1,True
/root/autodl-tmp/symbolic_dynamics/papers/34-positive-recognition-recurrence-quadrilemma/results/code_clock_ledger.csv:867:2,866,0000000001101100010,19,20,1/20,1/1,True
/root/autodl-tmp/symbolic_dynamics/papers/34-positive-recognition-recurrence-quadrilemma/results/code_clock_ledger.csv:869:2,868,0000000001101100100,19,20,1/20,1/1,True
/root/autodl-tmp/symbolic_dynamics/papers/34-positive-recognition-recurrence-quadrilemma/results/code_clock_ledger.csv:870:2,869,0000000001101100101,19,20,1/20,1/1,True
/root/autodl-tmp/symbolic_dynamics/papers/34-positive-recognition-recurrence-quadrilemma/results/code_clock_ledger.csv:873:2,872,0000000001101101000,19,20,1/20,1/1,True
/root/autodl-tmp/symbolic_dynamics/papers/34-positive-recognition-recurrence-quadrilemma/results/code_clock_ledger.csv:874:2,873,0000000001101101001,19,20,1/20,1/1,True
/root/autodl-tmp/symbolic_dynamics/papers/34-positive-recognition-recurrence-quadrilemma/results/code_clock_ledger.csv:875:2,874,0000000001101101010,19,20,1/20,1/1,True
/root/autodl-tmp/symbolic_dynamics/papers/34-positive-recognition-recurrence-quadrilemma/results/code_clock_ledger.csv:876:2,875,0000000001101101011,19,20,1/20,1/1,True
/root/autodl-tmp/symbolic_dynamics/papers/34-positive-recognition-recurrence-quadrilemma/results/code_clock_ledger.csv:883:2,882,0000000001101110010,19,20,1/20,1/1,True
/root/autodl-tmp/symbolic_dynamics/papers/34-positive-recognition-recurrence-quadrilemma/results/code_clock_ledger.csv:885:2,884,0000000001101110100,19,20,1/20,1/1,True
/root/autodl-tmp/symbolic_dynamics/papers/34-positive-recognition-recurrence-quadrilemma/results/code_clock_ledger.csv:886:2,885,0000000001101110101,19,20,1/20,1/1,True
/root/autodl-tmp/symbolic_dynamics/papers/34-positive-recognition-recurrence-quadrilemma/results/code_clock_ledger.csv:891:2,890,0000000001101111010,19,20,1/20,1/1,True
/root/autodl-tmp/symbolic_dynamics/papers/34-positive-recognition-recurrence-quadrilemma/results/code_clock_ledger.csv:918:2,917,0000000001110010101,19,20,1/20,1/1,True
/root/autodl-tmp/symbolic_dynamics/papers/34-positive-recognition-recurrence-quadrilemma/results/code_clock_ledger.csv:931:2,930,0000000001110100010,19,20,1/20,1/1,True
/root/autodl-tmp/symbolic_dynamics/papers/34-positive-recognition-recurrence-quadrilemma/results/code_clock_ledger.csv:933:2,932,0000000001110100100,19,20,1/20,1/1,True
/root/autodl-tmp/symbolic_dynamics/papers/34-positive-recognition-recurrence-quadrilemma/results/code_clock_ledger.csv:934:2,933,0000000001110100101,19,20,1/20,1/1,True
/root/autodl-tmp/symbolic_dynamics/papers/34-positive-recognition-recurrence-quadrilemma/results/code_clock_ledger.csv:937:2,936,0000000001110101000,19,20,1/20,1/1,True
/root/autodl-tmp/symbolic_dynamics/papers/34-positive-recognition-recurrence-quadrilemma/results/code_clock_ledger.csv:938:2,937,0000000001110101001,19,20,1/20,1/1,True
/root/autodl-tmp/symbolic_dynamics/papers/34-positive-recognition-recurrence-quadrilemma/results/code_clock_ledger.csv:939:2,938,0000000001110101010,19,20,1/20,1/1,True
/root/autodl-tmp/symbolic_dynamics/papers/34-positive-recognition-recurrence-quadrilemma/results/code_clock_ledger.csv:940:2,939,0000000001110101011,19,20,1/20,1/1,True
/root/autodl-tmp/symbolic_dynamics/papers/34-positive-recognition-recurrence-quadrilemma/results/code_clock_ledger.csv:942:2,941,0000000001110101101,19,20,1/20,1/1,True
/root/autodl-tmp/symbolic_dynamics/papers/34-positive-recognition-recurrence-quadrilemma/results/code_clock_ledger.csv:947:2,946,0000000001110110010,19,20,1/20,1/1,True
/root/autodl-tmp/symbolic_dynamics/papers/34-positive-recognition-recurrence-quadrilemma/results/code_clock_ledger.csv:949:2,948,0000000001110110100,19,20,1/20,1/1,True
/root/autodl-tmp/symbolic_dynamics/papers/34-positive-recognition-recurrence-quadrilemma/results/code_clock_ledger.csv:950:2,949,0000000001110110101,19,20,1/20,1/1,True
/root/autodl-tmp/symbolic_dynamics/papers/34-positive-recognition-recurrence-quadrilemma/results/code_clock_ledger.csv:955:2,954,0000000001110111010,19,20,1/20,1/1,True
/root/autodl-tmp/symbolic_dynamics/papers/34-positive-recognition-recurrence-quadrilemma/results/code_clock_ledger.csv:979:2,978,0000000001111010010,19,20,1/20,1/1,True
/root/autodl-tmp/symbolic_dynamics/papers/34-positive-recognition-recurrence-quadrilemma/results/code_clock_ledger.csv:981:2,980,0000000001111010100,19,20,1/20,1/1,True
/root/autodl-tmp/symbolic_dynamics/papers/34-positive-recognition-recurrence-quadrilemma/results/code_clock_ledger.csv:982:2,981,0000000001111010101,19,20,1/20,1/1,True
/root/autodl-tmp/symbolic_dynamics/papers/34-positive-recognition-recurrence-quadrilemma/results/code_clock_ledger.csv:987:2,986,0000000001111011010,19,20,1/20,1/1,True
/root/autodl-tmp/symbolic_dynamics/papers/34-positive-recognition-recurrence-quadrilemma/results/code_clock_ledger.csv:1003:2,1002,0000000001111101010,19,20,1/20,1/1,True
/root/autodl-tmp/symbolic_dynamics/papers/34-positive-recognition-recurrence-quadrilemma/results/code_clock_ledger.csv:1011:2,1010,0000000001111110010,19,20,1/20,1/1,True
/root/autodl-tmp/symbolic_dynamics/papers/34-positive-recognition-recurrence-quadrilemma/results/code_clock_ledger.csv:1013:2,1012,0000000001111110100,19,20,1/20,1/1,True
/root/autodl-tmp/symbolic_dynamics/papers/34-positive-recognition-recurrence-quadrilemma/results/code_clock_ledger.csv:1014:2,1013,0000000001111110101,19,20,1/20,1/1,True
/root/autodl-tmp/symbolic_dynamics/papers/34-positive-recognition-recurrence-quadrilemma/results/code_clock_ledger.csv:1019:2,1018,0000000001111111010,19,20,1/20,1/1,True
/root/autodl-tmp/symbolic_dynamics/papers/34-positive-recognition-recurrence-quadrilemma/results/code_clock_ledger.csv:1030:2,1029,000000000010000000101,21,22,1/22,1/1,True
/root/autodl-tmp/symbolic_dynamics/papers/34-positive-recognition-recurrence-quadrilemma/results/code_clock_ledger.csv:1035:2,1034,000000000010000001010,21,22,1/22,1/1,True
/root/autodl-tmp/symbolic_dynamics/papers/34-positive-recognition-recurrence-quadrilemma/results/code_clock_ledger.csv:1036:2,1035,000000000010000001011,21,22,1/22,1/1,True
/root/autodl-tmp/symbolic_dynamics/papers/34-positive-recognition-recurrence-quadrilemma/results/code_clock_ledger.csv:1038:2,1037,000000000010000001101,21,22,1/22,1/1,True
/root/autodl-tmp/symbolic_dynamics/papers/34-positive-recognition-recurrence-quadrilemma/results/code_clock_ledger.csv:1045:2,1044,000000000010000010100,21,22,1/22,1/1,True
/root/autodl-tmp/symbolic_dynamics/papers/34-positive-recognition-recurrence-quadrilemma/results/code_clock_ledger.csv:1046:2,1045,000000000010000010101,21,22,1/22,1/1,True
/root/autodl-tmp/symbolic_dynamics/papers/34-positive-recognition-recurrence-quadrilemma/results/code_clock_ledger.csv:1047:2,1046,000000000010000010110,21,22,1/22,1/1,True
/root/autodl-tmp/symbolic_dynamics/papers/34-positive-recognition-recurrence-quadrilemma/results/code_clock_ledger.csv:1048:2,1047,000000000010000010111,21,22,1/22,1/1,True
/root/autodl-tmp/symbolic_dynamics/papers/34-positive-recognition-recurrence-quadrilemma/results/code_clock_ledger.csv:1051:2,1050,000000000010000011010,21,22,1/22,1/1,True
/root/autodl-tmp/symbolic_dynamics/papers/34-positive-recognition-recurrence-quadrilemma/results/code_clock_ledger.csv:1052:2,1051,000000000010000011011,21,22,1/22,1/1,True
/root/autodl-tmp/symbolic_dynamics/papers/34-positive-recognition-recurrence-quadrilemma/results/code_clock_ledger.csv:1054:2,1053,000000000010000011101,21,22,1/22,1/1,True
/root/autodl-tmp/symbolic_dynamics/papers/34-positive-recognition-recurrence-quadrilemma/results/code_clock_ledger.csv:1062:2,1061,000000000010000100101,21,22,1/22,1/1,True
/root/autodl-tmp/symbolic_dynamics/papers/34-positive-recognition-recurrence-quadrilemma/results/code_clock_ledger.csv:1065:2,1064,000000000010000101000,21,22,1/22,1/1,True
/root/autodl-tmp/symbolic_dynamics/papers/34-positive-recognition-recurrence-quadrilemma/results/code_clock_ledger.csv:1066:2,1065,000000000010000101001,21,22,1/22,1/1,True
/root/autodl-tmp/symbolic_dynamics/papers/34-positive-recognition-recurrence-quadrilemma/results/code_clock_ledger.csv:1067:2,1066,000000000010000101010,21,22,1/22,1/1,True
/root/autodl-tmp/symbolic_dynamics/papers/34-positive-recognition-recurrence-quadrilemma/results/code_clock_ledger.csv:1068:2,1067,000000000010000101011,21,22,1/22,1/1,True
/root/autodl-tmp/symbolic_dynamics/papers/34-positive-recognition-recurrence-quadrilemma/results/code_clock_ledger.csv:1069:2,1068,000000000010000101100,21,22,1/22,1/1,True
/root/autodl-tmp/symbolic_dynamics/papers/34-positive-recognition-recurrence-quadrilemma/results/code_clock_ledger.csv:1070:2,1069,000000000010000101101,21,22,1/22,1/1,True
/root/autodl-tmp/symbolic_dynamics/papers/34-positive-recognition-recurrence-quadrilemma/results/code_clock_ledger.csv:1071:2,1070,000000000010000101110,21,22,1/22,1/1,True
/root/autodl-tmp/symbolic_dynamics/papers/34-positive-recognition-recurrence-quadrilemma/results/code_clock_ledger.csv:1072:2,1071,000000000010000101111,21,22,1/22,1/1,True
/root/autodl-tmp/symbolic_dynamics/papers/34-positive-recognition-recurrence-quadrilemma/results/code_clock_ledger.csv:1077:2,1076,000000000010000110100,21,22,1/22,1/1,True
/root/autodl-tmp/symbolic_dynamics/papers/34-positive-recognition-recurrence-quadrilemma/results/code_clock_ledger.csv:1078:2,1077,000000000010000110101,21,22,1/22,1/1,True
/root/autodl-tmp/symbolic_dynamics/papers/34-positive-recognition-recurrence-quadrilemma/results/code_clock_ledger.csv:1079:2,1078,000000000010000110110,21,22,1/22,1/1,True
/root/autodl-tmp/symbolic_dynamics/papers/34-positive-recognition-recurrence-quadrilemma/results/code_clock_ledger.csv:1080:2,1079,000000000010000110111,21,22,1/22,1/1,True
/root/autodl-tmp/symbolic_dynamics/papers/34-positive-recognition-recurrence-quadrilemma/results/code_clock_ledger.csv:1083:2,1082,000000000010000111010,21,22,1/22,1/1,True
/root/autodl-tmp/symbolic_dynamics/papers/34-positive-recognition-recurrence-quadrilemma/results/code_clock_ledger.csv:1084:2,1083,000000000010000111011,21,22,1/22,1/1,True
/root/autodl-tmp/symbolic_dynamics/papers/34-positive-recognition-recurrence-quadrilemma/results/code_clock_ledger.csv:1086:2,1085,000000000010000111101,21,22,1/22,1/1,True
/root/autodl-tmp/symbolic_dynamics/papers/34-positive-recognition-recurrence-quadrilemma/results/code_clock_ledger.csv:1094:2,1093,000000000010001000101,21,22,1/22,1/1,True
/root/autodl-tmp/symbolic_dynamics/papers/34-positive-recognition-recurrence-quadrilemma/results/code_clock_ledger.csv:1099:2,1098,000000000010001001010,21,22,1/22,1/1,True
/root/autodl-tmp/symbolic_dynamics/papers/34-positive-recognition-recurrence-quadrilemma/results/code_clock_ledger.csv:1100:2,1099,000000000010001001011,21,22,1/22,1/1,True
/root/autodl-tmp/symbolic_dynamics/papers/34-positive-recognition-recurrence-quadrilemma/results/code_clock_ledger.csv:1102:2,1101,000000000010001001101,21,22,1/22,1/1,True
/root/autodl-tmp/symbolic_dynamics/papers/34-positive-recognition-recurrence-quadrilemma/results/code_clock_ledger.csv:1105:2,1104,000000000010001010000,21,22,1/22,1/1,True
/root/autodl-tmp/symbolic_dynamics/papers/34-positive-recognition-recurrence-quadrilemma/results/code_clock_ledger.csv:1106:2,1105,000000000010001010001,21,22,1/22,1/1,True
/root/autodl-tmp/symbolic_dynamics/papers/34-positive-recognition-recurrence-quadrilemma/results/code_clock_ledger.csv:1107:2,1106,000000000010001010010,21,22,1/22,1/1,True
/root/autodl-tmp/symbolic_dynamics/papers/34-positive-recognition-recurrence-quadrilemma/results/code_clock_ledger.csv:1108:2,1107,000000000010001010011,21,22,1/22,1/1,True
/root/autodl-tmp/symbolic_dynamics/papers/34-positive-recognition-recurrence-quadrilemma/results/code_clock_ledger.csv:1109:2,1108,000000000010001010100,21,22,1/22,1/1,True
/root/autodl-tmp/symbolic_dynamics/papers/34-positive-recognition-recurrence-quadrilemma/results/code_clock_ledger.csv:1110:2,1109,000000000010001010101,21,22,1/22,1/1,True
/root/autodl-tmp/symbolic_dynamics/papers/34-positive-recognition-recurrence-quadrilemma/results/code_clock_ledger.csv:1111:2,1110,000000000010001010110,21,22,1/22,1/1,True
/root/autodl-tmp/symbolic_dynamics/papers/34-positive-recognition-recurrence-quadrilemma/results/code_clock_ledger.csv:1112:2,1111,000000000010001010111,21,22,1/22,1/1,True
/root/autodl-tmp/symbolic_dynamics/papers/34-positive-recognition-recurrence-quadrilemma/results/code_clock_ledger.csv:1113:2,1112,000000000010001011000,21,22,1/22,1/1,True
/root/autodl-tmp/symbolic_dynamics/papers/34-positive-recognition-recurrence-quadrilemma/results/code_clock_ledger.csv:1114:2,1113,000000000010001011001,21,22,1/22,1/1,True
/root/autodl-tmp/symbolic_dynamics/papers/34-positive-recognition-recurrence-quadrilemma/results/code_clock_ledger.csv:1115:2,1114,000000000010001011010,21,22,1/22,1/1,True
/root/autodl-tmp/symbolic_dynamics/papers/34-positive-recognition-recurrence-quadrilemma/results/code_clock_ledger.csv:1116:2,1115,000000000010001011011,21,22,1/22,1/1,True
/root/autodl-tmp/symbolic_dynamics/papers/34-positive-recognition-recurrence-quadrilemma/results/code_clock_ledger.csv:1117:2,1116,000000000010001011100,21,22,1/22,1/1,True
/root/autodl-tmp/symbolic_dynamics/papers/34-positive-recognition-recurrence-quadrilemma/results/code_clock_ledger.csv:1118:2,1117,000000000010001011101,21,22,1/22,1/1,True
/root/autodl-tmp/symbolic_dynamics/papers/34-positive-recognition-recurrence-quadrilemma/results/code_clock_ledger.csv:1119:2,1118,000000000010001011110,21,22,1/22,1/1,True
/root/autodl-tmp/symbolic_dynamics/papers/34-positive-recognition-recurrence-quadrilemma/results/code_clock_ledger.csv:1120:2,1119,000000000010001011111,21,22,1/22,1/1,True
/root/autodl-tmp/symbolic_dynamics/papers/34-positive-recognition-recurrence-quadrilemma/results/code_clock_ledger.csv:1126:2,1125,000000000010001100101,21,22,1/22,1/1,True
/root/autodl-tmp/symbolic_dynamics/papers/34-positive-recognition-recurrence-quadrilemma/results/code_clock_ledger.csv:1129:2,1128,000000000010001101000,21,22,1/22,1/1,True
/root/autodl-tmp/symbolic_dynamics/papers/34-positive-recognition-recurrence-quadrilemma/results/code_clock_ledger.csv:1130:2,1129,000000000010001101001,21,22,1/22,1/1,True
/root/autodl-tmp/symbolic_dynamics/papers/34-positive-recognition-recurrence-quadrilemma/results/code_clock_ledger.csv:1131:2,1130,000000000010001101010,21,22,1/22,1/1,True
/root/autodl-tmp/symbolic_dynamics/papers/34-positive-recognition-recurrence-quadrilemma/results/code_clock_ledger.csv:1132:2,1131,000000000010001101011,21,22,1/22,1/1,True
/root/autodl-tmp/symbolic_dynamics/papers/34-positive-recognition-recurrence-quadrilemma/results/code_clock_ledger.csv:1133:2,1132,000000000010001101100,21,22,1/22,1/1,True
/root/autodl-tmp/symbolic_dynamics/papers/34-positive-recognition-recurrence-quadrilemma/results/code_clock_ledger.csv:1134:2,1133,000000000010001101101,21,22,1/22,1/1,True
/root/autodl-tmp/symbolic_dynamics/papers/34-positive-recognition-recurrence-quadrilemma/results/code_clock_ledger.csv:1135:2,1134,000000000010001101110,21,22,1/22,1/1,True
/root/autodl-tmp/symbolic_dynamics/papers/34-positive-recognition-recurrence-quadrilemma/results/code_clock_ledger.csv:1136:2,1135,000000000010001101111,21,22,1/22,1/1,True
/root/autodl-tmp/symbolic_dynamics/papers/34-positive-recognition-recurrence-quadrilemma/results/code_clock_ledger.csv:1141:2,1140,000000000010001110100,21,22,1/22,1/1,True
/root/autodl-tmp/symbolic_dynamics/papers/34-positive-recognition-recurrence-quadrilemma/results/code_clock_ledger.csv:1142:2,1141,000000000010001110101,21,22,1/22,1/1,True
/root/autodl-tmp/symbolic_dynamics/papers/34-positive-recognition-recurrence-quadrilemma/results/code_clock_ledger.csv:1143:2,1142,000000000010001110110,21,22,1/22,1/1,True
/root/autodl-tmp/symbolic_dynamics/papers/34-positive-recognition-recurrence-quadrilemma/results/code_clock_ledger.csv:1144:2,1143,000000000010001110111,21,22,1/22,1/1,True
/root/autodl-tmp/symbolic_dynamics/papers/34-positive-recognition-recurrence-quadrilemma/results/code_clock_ledger.csv:1147:2,1146,000000000010001111010,21,22,1/22,1/1,True
/root/autodl-tmp/symbolic_dynamics/papers/34-positive-recognition-recurrence-quadrilemma/results/code_clock_ledger.csv:1148:2,1147,000000000010001111011,21,22,1/22,1/1,True
/root/autodl-tmp/symbolic_dynamics/papers/34-positive-recognition-recurrence-quadrilemma/results/code_clock_ledger.csv:1150:2,1149,000000000010001111101,21,22,1/22,1/1,True
/root/autodl-tmp/symbolic_dynamics/papers/34-positive-recognition-recurrence-quadrilemma/results/code_clock_ledger.csv:1158:2,1157,000000000010010000101,21,22,1/22,1/1,True
/root/autodl-tmp/symbolic_dynamics/papers/34-positive-recognition-recurrence-quadrilemma/results/code_clock_ledger.csv:1163:2,1162,000000000010010001010,21,22,1/22,1/1,True
/root/autodl-tmp/symbolic_dynamics/papers/34-positive-recognition-recurrence-quadrilemma/results/code_clock_ledger.csv:1164:2,1163,000000000010010001011,21,22,1/22,1/1,True
/root/autodl-tmp/symbolic_dynamics/papers/34-positive-recognition-recurrence-quadrilemma/results/code_clock_ledger.csv:1166:2,1165,000000000010010001101,21,22,1/22,1/1,True
/root/autodl-tmp/symbolic_dynamics/papers/34-positive-recognition-recurrence-quadrilemma/results/code_clock_ledger.csv:1173:2,1172,000000000010010010100,21,22,1/22,1/1,True
/root/autodl-tmp/symbolic_dynamics/papers/34-positive-recognition-recurrence-quadrilemma/results/code_clock_ledger.csv:1174:2,1173,000000000010010010101,21,22,1/22,1/1,True
/root/autodl-tmp/symbolic_dynamics/papers/34-positive-recognition-recurrence-quadrilemma/results/code_clock_ledger.csv:1175:2,1174,000000000010010010110,21,22,1/22,1/1,True
/root/autodl-tmp/symbolic_dynamics/papers/34-positive-recognition-recurrence-quadrilemma/results/code_clock_ledger.csv:1176:2,1175,000000000010010010111,21,22,1/22,1/1,True
/root/autodl-tmp/symbolic_dynamics/papers/34-positive-recognition-recurrence-quadrilemma/results/code_clock_ledger.csv:1179:2,1178,000000000010010011010,21,22,1/22,1/1,True
/root/autodl-tmp/symbolic_dynamics/papers/34-positive-recognition-recurrence-quadrilemma/results/code_clock_ledger.csv:1180:2,1179,000000000010010011011,21,22,1/22,1/1,True
/root/autodl-tmp/symbolic_dynamics/papers/34-positive-recognition-recurrence-quadrilemma/results/code_clock_ledger.csv:1182:2,1181,000000000010010011101,21,22,1/22,1/1,True
/root/autodl-tmp/symbolic_dynamics/papers/34-positive-recognition-recurrence-quadrilemma/results/code_clock_ledger.csv:1185:2,1184,000000000010010100000,21,22,1/22,1/1,True
/root/autodl-tmp/symbolic_dynamics/papers/34-positive-recognition-recurrence-quadrilemma/results/code_clock_ledger.csv:1186:2,1185,000000000010010100001,21,22,1/22,1/1,True
/root/autodl-tmp/symbolic_dynamics/papers/34-positive-recognition-recurrence-quadrilemma/results/code_clock_ledger.csv:1187:2,1186,000000000010010100010,21,22,1/22,1/1,True
/root/autodl-tmp/symbolic_dynamics/papers/34-positive-recognition-recurrence-quadrilemma/results/code_clock_ledger.csv:1188:2,1187,000000000010010100011,21,22,1/22,1/1,True
/root/autodl-tmp/symbolic_dynamics/papers/34-positive-recognition-recurrence-quadrilemma/results/code_clock_ledger.csv:1189:2,1188,000000000010010100100,21,22,1/22,1/1,True
/root/autodl-tmp/symbolic_dynamics/papers/34-positive-recognition-recurrence-quadrilemma/results/code_clock_ledger.csv:1190:2,1189,000000000010010100101,21,22,1/22,1/1,True
/root/autodl-tmp/symbolic_dynamics/papers/34-positive-recognition-recurrence-quadrilemma/results/code_clock_ledger.csv:1191:2,1190,000000000010010100110,21,22,1/22,1/1,True
/root/autodl-tmp/symbolic_dynamics/papers/34-positive-recognition-recurrence-quadrilemma/results/code_clock_ledger.csv:1192:2,1191,000000000010010100111,21,22,1/22,1/1,True
/root/autodl-tmp/symbolic_dynamics/papers/34-positive-recognition-recurrence-quadrilemma/results/code_clock_ledger.csv:1193:2,1192,000000000010010101000,21,22,1/22,1/1,True
/root/autodl-tmp/symbolic_dynamics/papers/34-positive-recognition-recurrence-quadrilemma/results/code_clock_ledger.csv:1194:2,1193,000000000010010101001,21,22,1/22,1/1,True
/root/autodl-tmp/symbolic_dynamics/papers/34-positive-recognition-recurrence-quadrilemma/results/code_clock_ledger.csv:1195:2,1194,000000000010010101010,21,22,1/22,1/1,True
/root/autodl-tmp/symbolic_dynamics/papers/34-positive-recognition-recurrence-quadrilemma/results/code_clock_ledger.csv:1196:2,1195,000000000010010101011,21,22,1/22,1/1,True
/root/autodl-tmp/symbolic_dynamics/papers/34-positive-recognition-recurrence-quadrilemma/results/code_clock_ledger.csv:1197:2,1196,000000000010010101100,21,22,1/22,1/1,True
/root/autodl-tmp/symbolic_dynamics/papers/34-positive-recognition-recurrence-quadrilemma/results/code_clock_ledger.csv:1198:2,1197,000000000010010101101,21,22,1/22,1/1,True
/root/autodl-tmp/symbolic_dynamics/papers/34-positive-recognition-recurrence-quadrilemma/results/code_clock_ledger.csv:1199:2,1198,000000000010010101110,21,22,1/22,1/1,True
/root/autodl-tmp/symbolic_dynamics/papers/34-positive-recognition-recurrence-quadrilemma/results/code_clock_ledger.csv:1200:2,1199,000000000010010101111,21,22,1/22,1/1,True
/root/autodl-tmp/symbolic_dynamics/papers/34-positive-recognition-recurrence-quadrilemma/results/code_clock_ledger.csv:1201:2,1200,000000000010010110000,21,22,1/22,1/1,True
/root/autodl-tmp/symbolic_dynamics/papers/34-positive-recognition-recurrence-quadrilemma/results/code_clock_ledger.csv:1202:2,1201,000000000010010110001,21,22,1/22,1/1,True
/root/autodl-tmp/symbolic_dynamics/papers/34-positive-recognition-recurrence-quadrilemma/results/code_clock_ledger.csv:1203:2,1202,000000000010010110010,21,22,1/22,1/1,True
/root/autodl-tmp/symbolic_dynamics/papers/34-positive-recognition-recurrence-quadrilemma/results/code_clock_ledger.csv:1204:2,1203,000000000010010110011,21,22,1/22,1/1,True
/root/autodl-tmp/symbolic_dynamics/papers/34-positive-recognition-recurrence-quadrilemma/results/code_clock_ledger.csv:1205:2,1204,000000000010010110100,21,22,1/22,1/1,True
/root/autodl-tmp/symbolic_dynamics/papers/34-positive-recognition-recurrence-quadrilemma/results/code_clock_ledger.csv:1206:2,1205,000000000010010110101,21,22,1/22,1/1,True
/root/autodl-tmp/symbolic_dynamics/papers/34-positive-recognition-recurrence-quadrilemma/results/code_clock_ledger.csv:1207:2,1206,000000000010010110110,21,22,1/22,1/1,True
/root/autodl-tmp/symbolic_dynamics/papers/34-positive-recognition-recurrence-quadrilemma/results/code_clock_ledger.csv:1208:2,1207,000000000010010110111,21,22,1/22,1/1,True
/root/autodl-tmp/symbolic_dynamics/papers/34-positive-recognition-recurrence-quadrilemma/results/code_clock_ledger.csv:1209:2,1208,000000000010010111000,21,22,1/22,1/1,True
/root/autodl-tmp/symbolic_dynamics/papers/34-positive-recognition-recurrence-quadrilemma/results/code_clock_ledger.csv:1210:2,1209,000000000010010111001,21,22,1/22,1/1,True
/root/autodl-tmp/symbolic_dynamics/papers/34-positive-recognition-recurrence-quadrilemma/results/code_clock_ledger.csv:1211:2,1210,000000000010010111010,21,22,1/22,1/1,True
/root/autodl-tmp/symbolic_dynamics/papers/34-positive-recognition-recurrence-quadrilemma/results/code_clock_ledger.csv:1212:2,1211,000000000010010111011,21,22,1/22,1/1,True
/root/autodl-tmp/symbolic_dynamics/papers/34-positive-recognition-recurrence-quadrilemma/results/code_clock_ledger.csv:1213:2,1212,000000000010010111100,21,22,1/22,1/1,True
/root/autodl-tmp/symbolic_dynamics/papers/34-positive-recognition-recurrence-quadrilemma/results/code_clock_ledger.csv:1214:2,1213,000000000010010111101,21,22,1/22,1/1,True
/root/autodl-tmp/symbolic_dynamics/papers/34-positive-recognition-recurrence-quadrilemma/results/code_clock_ledger.csv:1215:2,1214,000000000010010111110,21,22,1/22,1/1,True
/root/autodl-tmp/symbolic_dynamics/papers/34-positive-recognition-recurrence-quadrilemma/results/code_clock_ledger.csv:1216:2,1215,000000000010010111111,21,22,1/22,1/1,True
/root/autodl-tmp/symbolic_dynamics/papers/34-positive-recognition-recurrence-quadrilemma/results/code_clock_ledger.csv:1222:2,1221,000000000010011000101,21,22,1/22,1/1,True
/root/autodl-tmp/symbolic_dynamics/papers/34-positive-recognition-recurrence-quadrilemma/results/code_clock_ledger.csv:1227:2,1226,000000000010011001010,21,22,1/22,1/1,True
/root/autodl-tmp/symbolic_dynamics/papers/34-positive-recognition-recurrence-quadrilemma/results/code_clock_ledger.csv:1228:2,1227,000000000010011001011,21,22,1/22,1/1,True
/root/autodl-tmp/symbolic_dynamics/papers/34-positive-recognition-recurrence-quadrilemma/results/code_clock_ledger.csv:1230:2,1229,000000000010011001101,21,22,1/22,1/1,True
/root/autodl-tmp/symbolic_dynamics/papers/34-positive-recognition-recurrence-quadrilemma/results/code_clock_ledger.csv:1233:2,1232,000000000010011010000,21,22,1/22,1/1,True
/root/autodl-tmp/symbolic_dynamics/papers/34-positive-recognition-recurrence-quadrilemma/results/code_clock_ledger.csv:1234:2,1233,000000000010011010001,21,22,1/22,1/1,True
/root/autodl-tmp/symbolic_dynamics/papers/34-positive-recognition-recurrence-quadrilemma/results/code_clock_ledger.csv:1235:2,1234,000000000010011010010,21,22,1/22,1/1,True
/root/autodl-tmp/symbolic_dynamics/papers/34-positive-recognition-recurrence-quadrilemma/results/code_clock_ledger.csv:1236:2,1235,000000000010011010011,21,22,1/22,1/1,True
/root/autodl-tmp/symbolic_dynamics/papers/34-positive-recognition-recurrence-quadrilemma/results/code_clock_ledger.csv:1237:2,1236,000000000010011010100,21,22,1/22,1/1,True
/root/autodl-tmp/symbolic_dynamics/papers/34-positive-recognition-recurrence-quadrilemma/results/code_clock_ledger.csv:1238:2,1237,000000000010011010101,21,22,1/22,1/1,True
/root/autodl-tmp/symbolic_dynamics/papers/34-positive-recognition-recurrence-quadrilemma/results/code_clock_ledger.csv:1239:2,1238,000000000010011010110,21,22,1/22,1/1,True
/root/autodl-tmp/symbolic_dynamics/papers/34-positive-recognition-recurrence-quadrilemma/results/code_clock_ledger.csv:1240:2,1239,000000000010011010111,21,22,1/22,1/1,True
/root/autodl-tmp/symbolic_dynamics/papers/34-positive-recognition-recurrence-quadrilemma/results/code_clock_ledger.csv:1241:2,1240,000000000010011011000,21,22,1/22,1/1,True
/root/autodl-tmp/symbolic_dynamics/papers/34-positive-recognition-recurrence-quadrilemma/results/code_clock_ledger.csv:1242:2,1241,000000000010011011001,21,22,1/22,1/1,True
/root/autodl-tmp/symbolic_dynamics/papers/34-positive-recognition-recurrence-quadrilemma/results/code_clock_ledger.csv:1243:2,1242,000000000010011011010,21,22,1/22,1/1,True
/root/autodl-tmp/symbolic_dynamics/papers/34-positive-recognition-recurrence-quadrilemma/results/code_clock_ledger.csv:1244:2,1243,000000000010011011011,21,22,1/22,1/1,True
/root/autodl-tmp/symbolic_dynamics/papers/34-positive-recognition-recurrence-quadrilemma/results/code_clock_ledger.csv:1245:2,1244,000000000010011011100,21,22,1/22,1/1,True
/root/autodl-tmp/symbolic_dynamics/papers/34-positive-recognition-recurrence-quadrilemma/results/code_clock_ledger.csv:1246:2,1245,000000000010011011101,21,22,1/22,1/1,True
/root/autodl-tmp/symbolic_dynamics/papers/34-positive-recognition-recurrence-quadrilemma/results/code_clock_ledger.csv:1247:2,1246,000000000010011011110,21,22,1/22,1/1,True
/root/autodl-tmp/symbolic_dynamics/papers/34-positive-recognition-recurrence-quadrilemma/results/code_clock_ledger.csv:1248:2,1247,000000000010011011111,21,22,1/22,1/1,True
/root/autodl-tmp/symbolic_dynamics/papers/34-positive-recognition-recurrence-quadrilemma/results/code_clock_ledger.csv:1254:2,1253,000000000010011100101,21,22,1/22,1/1,True
/root/autodl-tmp/symbolic_dynamics/papers/34-positive-recognition-recurrence-quadrilemma/results/code_clock_ledger.csv:1257:2,1256,000000000010011101000,21,22,1/22,1/1,True
/root/autodl-tmp/symbolic_dynamics/papers/34-positive-recognition-recurrence-quadrilemma/results/code_clock_ledger.csv:1258:2,1257,000000000010011101001,21,22,1/22,1/1,True
/root/autodl-tmp/symbolic_dynamics/papers/34-positive-recognition-recurrence-quadrilemma/results/code_clock_ledger.csv:1259:2,1258,000000000010011101010,21,22,1/22,1/1,True
/root/autodl-tmp/symbolic_dynamics/papers/34-positive-recognition-recurrence-quadrilemma/results/code_clock_ledger.csv:1260:2,1259,000000000010011101011,21,22,1/22,1/1,True
/root/autodl-tmp/symbolic_dynamics/papers/34-positive-recognition-recurrence-quadrilemma/results/code_clock_ledger.csv:1261:2,1260,000000000010011101100,21,22,1/22,1/1,True
/root/autodl-tmp/symbolic_dynamics/papers/34-positive-recognition-recurrence-quadrilemma/results/code_clock_ledger.csv:1262:2,1261,000000000010011101101,21,22,1/22,1/1,True
/root/autodl-tmp/symbolic_dynamics/papers/34-positive-recognition-recurrence-quadrilemma/results/code_clock_ledger.csv:1263:2,1262,000000000010011101110,21,22,1/22,1/1,True
/root/autodl-tmp/symbolic_dynamics/papers/34-positive-recognition-recurrence-quadrilemma/results/code_clock_ledger.csv:1264:2,1263,000000000010011101111,21,22,1/22,1/1,True
/root/autodl-tmp/symbolic_dynamics/papers/34-positive-recognition-recurrence-quadrilemma/results/code_clock_ledger.csv:1269:2,1268,000000000010011110100,21,22,1/22,1/1,True
/root/autodl-tmp/symbolic_dynamics/papers/34-positive-recognition-recurrence-quadrilemma/results/code_clock_ledger.csv:1270:2,1269,000000000010011110101,21,22,1/22,1/1,True
/root/autodl-tmp/symbolic_dynamics/papers/34-positive-recognition-recurrence-quadrilemma/results/code_clock_ledger.csv:1271:2,1270,000000000010011110110,21,22,1/22,1/1,True
/root/autodl-tmp/symbolic_dynamics/papers/34-positive-recognition-recurrence-quadrilemma/results/code_clock_ledger.csv:1272:2,1271,000000000010011110111,21,22,1/22,1/1,True
/root/autodl-tmp/symbolic_dynamics/papers/34-positive-recognition-recurrence-quadrilemma/results/code_clock_ledger.csv:1275:2,1274,000000000010011111010,21,22,1/22,1/1,True
/root/autodl-tmp/symbolic_dynamics/papers/34-positive-recognition-recurrence-quadrilemma/results/code_clock_ledger.csv:1276:2,1275,000000000010011111011,21,22,1/22,1/1,True
/root/autodl-tmp/symbolic_dynamics/papers/34-positive-recognition-recurrence-quadrilemma/results/code_clock_ledger.csv:1278:2,1277,000000000010011111101,21,22,1/22,1/1,True
/root/autodl-tmp/symbolic_dynamics/papers/34-positive-recognition-recurrence-quadrilemma/results/code_clock_ledger.csv:1283:2,1282,000000000010100000010,21,22,1/22,1/1,True
/root/autodl-tmp/symbolic_dynamics/papers/34-positive-recognition-recurrence-quadrilemma/results/code_clock_ledger.csv:1285:2,1284,000000000010100000100,21,22,1/22,1/1,True
/root/autodl-tmp/symbolic_dynamics/papers/34-positive-recognition-recurrence-quadrilemma/results/code_clock_ledger.csv:1286:2,1285,000000000010100000101,21,22,1/22,1/1,True
/root/autodl-tmp/symbolic_dynamics/papers/34-positive-recognition-recurrence-quadrilemma/results/code_clock_ledger.csv:1289:2,1288,000000000010100001000,21,22,1/22,1/1,True
/root/autodl-tmp/symbolic_dynamics/papers/34-positive-recognition-recurrence-quadrilemma/results/code_clock_ledger.csv:1290:2,1289,000000000010100001001,21,22,1/22,1/1,True
/root/autodl-tmp/symbolic_dynamics/papers/34-positive-recognition-recurrence-quadrilemma/results/code_clock_ledger.csv:1291:2,1290,000000000010100001010,21,22,1/22,1/1,True
/root/autodl-tmp/symbolic_dynamics/papers/34-positive-recognition-recurrence-quadrilemma/results/code_clock_ledger.csv:1292:2,1291,000000000010100001011,21,22,1/22,1/1,True
/root/autodl-tmp/symbolic_dynamics/papers/34-positive-recognition-recurrence-quadrilemma/results/code_clock_ledger.csv:1294:2,1293,000000000010100001101,21,22,1/22,1/1,True
/root/autodl-tmp/symbolic_dynamics/papers/34-positive-recognition-recurrence-quadrilemma/results/code_clock_ledger.csv:1297:2,1296,000000000010100010000,21,22,1/22,1/1,True
/root/autodl-tmp/symbolic_dynamics/papers/34-positive-recognition-recurrence-quadrilemma/results/code_clock_ledger.csv:1298:2,1297,000000000010100010001,21,22,1/22,1/1,True
/root/autodl-tmp/symbolic_dynamics/papers/34-positive-recognition-recurrence-quadrilemma/results/code_clock_ledger.csv:1299:2,1298,000000000010100010010,21,22,1/22,1/1,True
/root/autodl-tmp/symbolic_dynamics/papers/34-positive-recognition-recurrence-quadrilemma/results/code_clock_ledger.csv:1300:2,1299,000000000010100010011,21,22,1/22,1/1,True
/root/autodl-tmp/symbolic_dynamics/papers/34-positive-recognition-recurrence-quadrilemma/results/code_clock_ledger.csv:1301:2,1300,000000000010100010100,21,22,1/22,1/1,True
/root/autodl-tmp/symbolic_dynamics/papers/34-positive-recognition-recurrence-quadrilemma/results/code_clock_ledger.csv:1302:2,1301,000000000010100010101,21,22,1/22,1/1,True
/root/autodl-tmp/symbolic_dynamics/papers/34-positive-recognition-recurrence-quadrilemma/results/code_clock_ledger.csv:1303:2,1302,000000000010100010110,21,22,1/22,1/1,True
/root/autodl-tmp/symbolic_dynamics/papers/34-positive-recognition-recurrence-quadrilemma/results/code_clock_ledger.csv:1304:2,1303,000000000010100010111,21,22,1/22,1/1,True
/root/autodl-tmp/symbolic_dynamics/papers/34-positive-recognition-recurrence-quadrilemma/results/code_clock_ledger.csv:1307:2,1306,000000000010100011010,21,22,1/22,1/1,True
/root/autodl-tmp/symbolic_dynamics/papers/34-positive-recognition-recurrence-quadrilemma/results/code_clock_ledger.csv:1308:2,1307,000000000010100011011,21,22,1/22,1/1,True
/root/autodl-tmp/symbolic_dynamics/papers/34-positive-recognition-recurrence-quadrilemma/results/code_clock_ledger.csv:1310:2,1309,000000000010100011101,21,22,1/22,1/1,True
/root/autodl-tmp/symbolic_dynamics/papers/34-positive-recognition-recurrence-quadrilemma/results/code_clock_ledger.csv:1313:2,1312,000000000010100100000,21,22,1/22,1/1,True
/root/autodl-tmp/symbolic_dynamics/papers/34-positive-recognition-recurrence-quadrilemma/results/code_clock_ledger.csv:1314:2,1313,000000000010100100001,21,22,1/22,1/1,True
/root/autodl-tmp/symbolic_dynamics/papers/34-positive-recognition-recurrence-quadrilemma/results/code_clock_ledger.csv:1315:2,1314,000000000010100100010,21,22,1/22,1/1,True
/root/autodl-tmp/symbolic_dynamics/papers/34-positive-recognition-recurrence-quadrilemma/results/code_clock_ledger.csv:1316:2,1315,000000000010100100011,21,22,1/22,1/1,True
/root/autodl-tmp/symbolic_dynamics/papers/34-positive-recognition-recurrence-quadrilemma/results/code_clock_ledger.csv:1317:2,1316,000000000010100100100,21,22,1/22,1/1,True
/root/autodl-tmp/symbolic_dynamics/papers/34-positive-recognition-recurrence-quadrilemma/results/code_clock_ledger.csv:1318:2,1317,000000000010100100101,21,22,1/22,1/1,True
/root/autodl-tmp/symbolic_dynamics/papers/34-positive-recognition-recurrence-quadrilemma/results/code_clock_ledger.csv:1319:2,1318,000000000010100100110,21,22,1/22,1/1,True
/root/autodl-tmp/symbolic_dynamics/papers/34-positive-recognition-recurrence-quadrilemma/results/code_clock_ledger.csv:1320:2,1319,000000000010100100111,21,22,1/22,1/1,True
/root/autodl-tmp/symbolic_dynamics/papers/34-positive-recognition-recurrence-quadrilemma/results/code_clock_ledger.csv:1321:2,1320,000000000010100101000,21,22,1/22,1/1,True
/root/autodl-tmp/symbolic_dynamics/papers/34-positive-recognition-recurrence-quadrilemma/results/code_clock_ledger.csv:1322:2,1321,000000000010100101001,21,22,1/22,1/1,True
/root/autodl-tmp/symbolic_dynamics/papers/34-positive-recognition-recurrence-quadrilemma/results/code_clock_ledger.csv:1323:2,1322,000000000010100101010,21,22,1/22,1/1,True
/root/autodl-tmp/symbolic_dynamics/papers/34-positive-recognition-recurrence-quadrilemma/results/code_clock_ledger.csv:1324:2,1323,000000000010100101011,21,22,1/22,1/1,True
/root/autodl-tmp/symbolic_dynamics/papers/34-positive-recognition-recurrence-quadrilemma/results/code_clock_ledger.csv:1325:2,1324,000000000010100101100,21,22,1/22,1/1,True
/root/autodl-tmp/symbolic_dynamics/papers/34-positive-recognition-recurrence-quadrilemma/results/code_clock_ledger.csv:1326:2,1325,000000000010100101101,21,22,1/22,1/1,True
/root/autodl-tmp/symbolic_dynamics/papers/34-positive-recognition-recurrence-quadrilemma/results/code_clock_ledger.csv:1327:2,1326,000000000010100101110,21,22,1/22,1/1,True
/root/autodl-tmp/symbolic_dynamics/papers/34-positive-recognition-recurrence-quadrilemma/results/code_clock_ledger.csv:1328:2,1327,000000000010100101111,21,22,1/22,1/1,True
/root/autodl-tmp/symbolic_dynamics/papers/34-positive-recognition-recurrence-quadrilemma/results/code_clock_ledger.csv:1331:2,1330,000000000010100110010,21,22,1/22,1/1,True
/root/autodl-tmp/symbolic_dynamics/papers/34-positive-recognition-recurrence-quadrilemma/results/code_clock_ledger.csv:1333:2,1332,000000000010100110100,21,22,1/22,1/1,True
/root/autodl-tmp/symbolic_dynamics/papers/34-positive-recognition-recurrence-quadrilemma/results/code_clock_ledger.csv:1334:2,1333,000000000010100110101,21,22,1/22,1/1,True
/root/autodl-tmp/symbolic_dynamics/papers/34-positive-recognition-recurrence-quadrilemma/results/code_clock_ledger.csv:1335:2,1334,000000000010100110110,21,22,1/22,1/1,True
/root/autodl-tmp/symbolic_dynamics/papers/34-positive-recognition-recurrence-quadrilemma/results/code_clock_ledger.csv:1336:2,1335,000000000010100110111,21,22,1/22,1/1,True
/root/autodl-tmp/symbolic_dynamics/papers/34-positive-recognition-recurrence-quadrilemma/results/code_clock_ledger.csv:1339:2,1338,000000000010100111010,21,22,1/22,1/1,True
/root/autodl-tmp/symbolic_dynamics/papers/34-positive-recognition-recurrence-quadrilemma/results/code_clock_ledger.csv:1340:2,1339,000000000010100111011,21,22,1/22,1/1,True
/root/autodl-tmp/symbolic_dynamics/papers/34-positive-recognition-recurrence-quadrilemma/results/code_clock_ledger.csv:1342:2,1341,000000000010100111101,21,22,1/22,1/1,True
/root/autodl-tmp/symbolic_dynamics/papers/34-positive-recognition-recurrence-quadrilemma/results/code_clock_ledger.csv:1345:2,1344,000000000010101000000,21,22,1/22,1/1,True
/root/autodl-tmp/symbolic_dynamics/papers/34-positive-recognition-recurrence-quadrilemma/results/code_clock_ledger.csv:1346:2,1345,000000000010101000001,21,22,1/22,1/1,True
/root/autodl-tmp/symbolic_dynamics/papers/34-positive-recognition-recurrence-quadrilemma/results/code_clock_ledger.csv:1347:2,1346,000000000010101000010,21,22,1/22,1/1,True
/root/autodl-tmp/symbolic_dynamics/papers/34-positive-recognition-recurrence-quadrilemma/results/code_clock_ledger.csv:1348:2,1347,000000000010101000011,21,22,1/22,1/1,True
/root/autodl-tmp/symbolic_dynamics/papers/34-positive-recognition-recurrence-quadrilemma/results/code_clock_ledger.csv:1349:2,1348,000000000010101000100,21,22,1/22,1/1,True
/root/autodl-tmp/symbolic_dynamics/papers/34-positive-recognition-recurrence-quadrilemma/results/code_clock_ledger.csv:1350:2,1349,000000000010101000101,21,22,1/22,1/1,True
/root/autodl-tmp/symbolic_dynamics/papers/34-positive-recognition-recurrence-quadrilemma/results/code_clock_ledger.csv:1351:2,1350,000000000010101000110,21,22,1/22,1/1,True
/root/autodl-tmp/symbolic_dynamics/papers/34-positive-recognition-recurrence-quadrilemma/results/code_clock_ledger.csv:1352:2,1351,000000000010101000111,21,22,1/22,1/1,True
/root/autodl-tmp/symbolic_dynamics/papers/34-positive-recognition-recurrence-quadrilemma/results/code_clock_ledger.csv:1353:2,1352,000000000010101001000,21,22,1/22,1/1,True
/root/autodl-tmp/symbolic_dynamics/papers/34-positive-recognition-recurrence-quadrilemma/results/code_clock_ledger.csv:1354:2,1353,000000000010101001001,21,22,1/22,1/1,True
/root/autodl-tmp/symbolic_dynamics/papers/34-positive-recognition-recurrence-quadrilemma/results/code_clock_ledger.csv:1355:2,1354,000000000010101001010,21,22,1/22,1/1,True
/root/autodl-tmp/symbolic_dynamics/papers/34-positive-recognition-recurrence-quadrilemma/results/code_clock_ledger.csv:1356:2,1355,000000000010101001011,21,22,1/22,1/1,True
/root/autodl-tmp/symbolic_dynamics/papers/34-positive-recognition-recurrence-quadrilemma/results/code_clock_ledger.csv:1357:2,1356,000000000010101001100,21,22,1/22,1/1,True
/root/autodl-tmp/symbolic_dynamics/papers/34-positive-recognition-recurrence-quadrilemma/results/code_clock_ledger.csv:1358:2,1357,000000000010101001101,21,22,1/22,1/1,True
/root/autodl-tmp/symbolic_dynamics/papers/34-positive-recognition-recurrence-quadrilemma/results/code_clock_ledger.csv:1359:2,1358,000000000010101001110,21,22,1/22,1/1,True
/root/autodl-tmp/symbolic_dynamics/papers/34-positive-recognition-recurrence-quadrilemma/results/code_clock_ledger.csv:1360:2,1359,000000000010101001111,21,22,1/22,1/1,True
/root/autodl-tmp/symbolic_dynamics/papers/34-positive-recognition-recurrence-quadrilemma/results/code_clock_ledger.csv:1361:2,1360,000000000010101010000,21,22,1/22,1/1,True
/root/autodl-tmp/symbolic_dynamics/papers/34-positive-recognition-recurrence-quadrilemma/results/code_clock_ledger.csv:1362:2,1361,000000000010101010001,21,22,1/22,1/1,True
/root/autodl-tmp/symbolic_dynamics/papers/34-positive-recognition-recurrence-quadrilemma/results/code_clock_ledger.csv:1363:2,1362,000000000010101010010,21,22,1/22,1/1,True
/root/autodl-tmp/symbolic_dynamics/papers/34-positive-recognition-recurrence-quadrilemma/results/code_clock_ledger.csv:1364:2,1363,000000000010101010011,21,22,1/22,1/1,True
/root/autodl-tmp/symbolic_dynamics/papers/34-positive-recognition-recurrence-quadrilemma/results/code_clock_ledger.csv:1365:2,1364,000000000010101010100,21,22,1/22,1/1,True
/root/autodl-tmp/symbolic_dynamics/papers/34-positive-recognition-recurrence-quadrilemma/results/code_clock_ledger.csv:1366:2,1365,000000000010101010101,21,22,1/22,1/1,True
/root/autodl-tmp/symbolic_dynamics/papers/34-positive-recognition-recurrence-quadrilemma/results/code_clock_ledger.csv:1367:2,1366,000000000010101010110,21,22,1/22,1/1,True
/root/autodl-tmp/symbolic_dynamics/papers/34-positive-recognition-recurrence-quadrilemma/results/code_clock_ledger.csv:1368:2,1367,000000000010101010111,21,22,1/22,1/1,True
/root/autodl-tmp/symbolic_dynamics/papers/34-positive-recognition-recurrence-quadrilemma/results/code_clock_ledger.csv:1369:2,1368,000000000010101011000,21,22,1/22,1/1,True
/root/autodl-tmp/symbolic_dynamics/papers/34-positive-recognition-recurrence-quadrilemma/results/code_clock_ledger.csv:1370:2,1369,000000000010101011001,21,22,1/22,1/1,True
/root/autodl-tmp/symbolic_dynamics/papers/34-positive-recognition-recurrence-quadrilemma/results/code_clock_ledger.csv:1371:2,1370,000000000010101011010,21,22,1/22,1/1,True
/root/autodl-tmp/symbolic_dynamics/papers/34-positive-recognition-recurrence-quadrilemma/results/code_clock_ledger.csv:1372:2,1371,000000000010101011011,21,22,1/22,1/1,True
/root/autodl-tmp/symbolic_dynamics/papers/34-positive-recognition-recurrence-quadrilemma/results/code_clock_ledger.csv:1373:2,1372,000000000010101011100,21,22,1/22,1/1,True
/root/autodl-tmp/symbolic_dynamics/papers/34-positive-recognition-recurrence-quadrilemma/results/code_clock_ledger.csv:1374:2,1373,000000000010101011101,21,22,1/22,1/1,True
/root/autodl-tmp/symbolic_dynamics/papers/34-positive-recognition-recurrence-quadrilemma/results/code_clock_ledger.csv:1375:2,1374,000000000010101011110,21,22,1/22,1/1,True
/root/autodl-tmp/symbolic_dynamics/papers/34-positive-recognition-recurrence-quadrilemma/results/code_clock_ledger.csv:1376:2,1375,000000000010101011111,21,22,1/22,1/1,True
/root/autodl-tmp/symbolic_dynamics/papers/34-positive-recognition-recurrence-quadrilemma/results/code_clock_ledger.csv:1377:2,1376,000000000010101100000,21,22,1/22,1/1,True
/root/autodl-tmp/symbolic_dynamics/papers/34-positive-recognition-recurrence-quadrilemma/results/code_clock_ledger.csv:1378:2,1377,000000000010101100001,21,22,1/22,1/1,True
/root/autodl-tmp/symbolic_dynamics/papers/34-positive-recognition-recurrence-quadrilemma/results/code_clock_ledger.csv:1379:2,1378,000000000010101100010,21,22,1/22,1/1,True
/root/autodl-tmp/symbolic_dynamics/papers/34-positive-recognition-recurrence-quadrilemma/results/code_clock_ledger.csv:1380:2,1379,000000000010101100011,21,22,1/22,1/1,True
/root/autodl-tmp/symbolic_dynamics/papers/34-positive-recognition-recurrence-quadrilemma/results/code_clock_ledger.csv:1381:2,1380,000000000010101100100,21,22,1/22,1/1,True
/root/autodl-tmp/symbolic_dynamics/papers/34-positive-recognition-recurrence-quadrilemma/results/code_clock_ledger.csv:1382:2,1381,000000000010101100101,21,22,1/22,1/1,True
/root/autodl-tmp/symbolic_dynamics/papers/34-positive-recognition-recurrence-quadrilemma/results/code_clock_ledger.csv:1383:2,1382,000000000010101100110,21,22,1/22,1/1,True
/root/autodl-tmp/symbolic_dynamics/papers/34-positive-recognition-recurrence-quadrilemma/results/code_clock_ledger.csv:1384:2,1383,000000000010101100111,21,22,1/22,1/1,True
/root/autodl-tmp/symbolic_dynamics/papers/34-positive-recognition-recurrence-quadrilemma/results/code_clock_ledger.csv:1385:2,1384,000000000010101101000,21,22,1/22,1/1,True
/root/autodl-tmp/symbolic_dynamics/papers/34-positive-recognition-recurrence-quadrilemma/results/code_clock_ledger.csv:1386:2,1385,000000000010101101001,21,22,1/22,1/1,True
/root/autodl-tmp/symbolic_dynamics/papers/34-positive-recognition-recurrence-quadrilemma/results/code_clock_ledger.csv:1387:2,1386,000000000010101101010,21,22,1/22,1/1,True
/root/autodl-tmp/symbolic_dynamics/papers/34-positive-recognition-recurrence-quadrilemma/results/code_clock_ledger.csv:1388:2,1387,000000000010101101011,21,22,1/22,1/1,True
/root/autodl-tmp/symbolic_dynamics/papers/34-positive-recognition-recurrence-quadrilemma/results/code_clock_ledger.csv:1389:2,1388,000000000010101101100,21,22,1/22,1/1,True
/root/autodl-tmp/symbolic_dynamics/papers/34-positive-recognition-recurrence-quadrilemma/results/code_clock_ledger.csv:1390:2,1389,000000000010101101101,21,22,1/22,1/1,True
/root/autodl-tmp/symbolic_dynamics/papers/34-positive-recognition-recurrence-quadrilemma/results/code_clock_ledger.csv:1391:2,1390,000000000010101101110,21,22,1/22,1/1,True
/root/autodl-tmp/symbolic_dynamics/papers/34-positive-recognition-recurrence-quadrilemma/results/code_clock_ledger.csv:1392:2,1391,000000000010101101111,21,22,1/22,1/1,True
/root/autodl-tmp/symbolic_dynamics/papers/34-positive-recognition-recurrence-quadrilemma/results/code_clock_ledger.csv:1393:2,1392,000000000010101110000,21,22,1/22,1/1,True
/root/autodl-tmp/symbolic_dynamics/papers/34-positive-recognition-recurrence-quadrilemma/results/code_clock_ledger.csv:1394:2,1393,000000000010101110001,21,22,1/22,1/1,True
/root/autodl-tmp/symbolic_dynamics/papers/34-positive-recognition-recurrence-quadrilemma/results/code_clock_ledger.csv:1395:2,1394,000000000010101110010,21,22,1/22,1/1,True
/root/autodl-tmp/symbolic_dynamics/papers/34-positive-recognition-recurrence-quadrilemma/results/code_clock_ledger.csv:1396:2,1395,000000000010101110011,21,22,1/22,1/1,True
/root/autodl-tmp/symbolic_dynamics/papers/34-positive-recognition-recurrence-quadrilemma/results/code_clock_ledger.csv:1397:2,1396,000000000010101110100,21,22,1/22,1/1,True
/root/autodl-tmp/symbolic_dynamics/papers/34-positive-recognition-recurrence-quadrilemma/results/code_clock_ledger.csv:1398:2,1397,000000000010101110101,21,22,1/22,1/1,True
/root/autodl-tmp/symbolic_dynamics/papers/34-positive-recognition-recurrence-quadrilemma/results/code_clock_ledger.csv:1399:2,1398,000000000010101110110,21,22,1/22,1/1,True
/root/autodl-tmp/symbolic_dynamics/papers/34-positive-recognition-recurrence-quadrilemma/results/code_clock_ledger.csv:1400:2,1399,000000000010101110111,21,22,1/22,1/1,True
/root/autodl-tmp/symbolic_dynamics/papers/34-positive-recognition-recurrence-quadrilemma/results/code_clock_ledger.csv:1401:2,1400,000000000010101111000,21,22,1/22,1/1,True
/root/autodl-tmp/symbolic_dynamics/papers/34-positive-recognition-recurrence-quadrilemma/results/code_clock_ledger.csv:1402:2,1401,000000000010101111001,21,22,1/22,1/1,True
/root/autodl-tmp/symbolic_dynamics/papers/34-positive-recognition-recurrence-quadrilemma/results/code_clock_ledger.csv:1403:2,1402,000000000010101111010,21,22,1/22,1/1,True
/root/autodl-tmp/symbolic_dynamics/papers/34-positive-recognition-recurrence-quadrilemma/results/code_clock_ledger.csv:1404:2,1403,000000000010101111011,21,22,1/22,1/1,True
/root/autodl-tmp/symbolic_dynamics/papers/34-positive-recognition-recurrence-quadrilemma/results/code_clock_ledger.csv:1405:2,1404,000000000010101111100,21,22,1/22,1/1,True
/root/autodl-tmp/symbolic_dynamics/papers/34-positive-recognition-recurrence-quadrilemma/results/code_clock_ledger.csv:1406:2,1405,000000000010101111101,21,22,1/22,1/1,True
/root/autodl-tmp/symbolic_dynamics/papers/34-positive-recognition-recurrence-quadrilemma/results/code_clock_ledger.csv:1407:2,1406,000000000010101111110,21,22,1/22,1/1,True
/root/autodl-tmp/symbolic_dynamics/papers/34-positive-recognition-recurrence-quadrilemma/results/code_clock_ledger.csv:1408:2,1407,000000000010101111111,21,22,1/22,1/1,True
/root/autodl-tmp/symbolic_dynamics/papers/34-positive-recognition-recurrence-quadrilemma/results/code_clock_ledger.csv:1411:2,1410,000000000010110000010,21,22,1/22,1/1,True
/root/autodl-tmp/symbolic_dynamics/papers/34-positive-recognition-recurrence-quadrilemma/results/code_clock_ledger.csv:1413:2,1412,000000000010110000100,21,22,1/22,1/1,True
/root/autodl-tmp/symbolic_dynamics/papers/34-positive-recognition-recurrence-quadrilemma/results/code_clock_ledger.csv:1414:2,1413,000000000010110000101,21,22,1/22,1/1,True
/root/autodl-tmp/symbolic_dynamics/papers/34-positive-recognition-recurrence-quadrilemma/results/code_clock_ledger.csv:1417:2,1416,000000000010110001000,21,22,1/22,1/1,True
/root/autodl-tmp/symbolic_dynamics/papers/34-positive-recognition-recurrence-quadrilemma/results/code_clock_ledger.csv:1418:2,1417,000000000010110001001,21,22,1/22,1/1,True
/root/autodl-tmp/symbolic_dynamics/papers/34-positive-recognition-recurrence-quadrilemma/results/code_clock_ledger.csv:1419:2,1418,000000000010110001010,21,22,1/22,1/1,True
/root/autodl-tmp/symbolic_dynamics/papers/34-positive-recognition-recurrence-quadrilemma/results/code_clock_ledger.csv:1420:2,1419,000000000010110001011,21,22,1/22,1/1,True
/root/autodl-tmp/symbolic_dynamics/papers/34-positive-recognition-recurrence-quadrilemma/results/code_clock_ledger.csv:1422:2,1421,000000000010110001101,21,22,1/22,1/1,True
/root/autodl-tmp/symbolic_dynamics/papers/34-positive-recognition-recurrence-quadrilemma/results/code_clock_ledger.csv:1425:2,1424,000000000010110010000,21,22,1/22,1/1,True
/root/autodl-tmp/symbolic_dynamics/papers/34-positive-recognition-recurrence-quadrilemma/results/code_clock_ledger.csv:1426:2,1425,000000000010110010001,21,22,1/22,1/1,True
/root/autodl-tmp/symbolic_dynamics/papers/34-positive-recognition-recurrence-quadrilemma/results/code_clock_ledger.csv:1427:2,1426,000000000010110010010,21,22,1/22,1/1,True
/root/autodl-tmp/symbolic_dynamics/papers/34-positive-recognition-recurrence-quadrilemma/results/code_clock_ledger.csv:1428:2,1427,000000000010110010011,21,22,1/22,1/1,True
/root/autodl-tmp/symbolic_dynamics/papers/34-positive-recognition-recurrence-quadrilemma/results/code_clock_ledger.csv:1429:2,1428,000000000010110010100,21,22,1/22,1/1,True
/root/autodl-tmp/symbolic_dynamics/papers/34-positive-recognition-recurrence-quadrilemma/results/code_clock_ledger.csv:1430:2,1429,000000000010110010101,21,22,1/22,1/1,True
/root/autodl-tmp/symbolic_dynamics/papers/34-positive-recognition-recurrence-quadrilemma/results/code_clock_ledger.csv:1431:2,1430,000000000010110010110,21,22,1/22,1/1,True
/root/autodl-tmp/symbolic_dynamics/papers/34-positive-recognition-recurrence-quadrilemma/results/code_clock_ledger.csv:1432:2,1431,000000000010110010111,21,22,1/22,1/1,True
/root/autodl-tmp/symbolic_dynamics/papers/34-positive-recognition-recurrence-quadrilemma/results/code_clock_ledger.csv:1435:2,1434,000000000010110011010,21,22,1/22,1/1,True
/root/autodl-tmp/symbolic_dynamics/papers/34-positive-recognition-recurrence-quadrilemma/results/code_clock_ledger.csv:1436:2,1435,000000000010110011011,21,22,1/22,1/1,True
/root/autodl-tmp/symbolic_dynamics/papers/34-positive-recognition-recurrence-quadrilemma/results/code_clock_ledger.csv:1438:2,1437,000000000010110011101,21,22,1/22,1/1,True
/root/autodl-tmp/symbolic_dynamics/papers/34-positive-recognition-recurrence-quadrilemma/results/code_clock_ledger.csv:1441:2,1440,000000000010110100000,21,22,1/22,1/1,True
/root/autodl-tmp/symbolic_dynamics/papers/34-positive-recognition-recurrence-quadrilemma/results/code_clock_ledger.csv:1442:2,1441,000000000010110100001,21,22,1/22,1/1,True
/root/autodl-tmp/symbolic_dynamics/papers/34-positive-recognition-recurrence-quadrilemma/results/code_clock_ledger.csv:1443:2,1442,000000000010110100010,21,22,1/22,1/1,True
/root/autodl-tmp/symbolic_dynamics/papers/34-positive-recognition-recurrence-quadrilemma/results/code_clock_ledger.csv:1444:2,1443,000000000010110100011,21,22,1/22,1/1,True
/root/autodl-tmp/symbolic_dynamics/papers/34-positive-recognition-recurrence-quadrilemma/results/code_clock_ledger.csv:1445:2,1444,000000000010110100100,21,22,1/22,1/1,True
/root/autodl-tmp/symbolic_dynamics/papers/34-positive-recognition-recurrence-quadrilemma/results/code_clock_ledger.csv:1446:2,1445,000000000010110100101,21,22,1/22,1/1,True
/root/autodl-tmp/symbolic_dynamics/papers/34-positive-recognition-recurrence-quadrilemma/results/code_clock_ledger.csv:1447:2,1446,000000000010110100110,21,22,1/22,1/1,True
/root/autodl-tmp/symbolic_dynamics/papers/34-positive-recognition-recurrence-quadrilemma/results/code_clock_ledger.csv:1448:2,1447,000000000010110100111,21,22,1/22,1/1,True
/root/autodl-tmp/symbolic_dynamics/papers/34-positive-recognition-recurrence-quadrilemma/results/code_clock_ledger.csv:1449:2,1448,000000000010110101000,21,22,1/22,1/1,True
/root/autodl-tmp/symbolic_dynamics/papers/34-positive-recognition-recurrence-quadrilemma/results/code_clock_ledger.csv:1450:2,1449,000000000010110101001,21,22,1/22,1/1,True
/root/autodl-tmp/symbolic_dynamics/papers/34-positive-recognition-recurrence-quadrilemma/results/code_clock_ledger.csv:1451:2,1450,000000000010110101010,21,22,1/22,1/1,True
/root/autodl-tmp/symbolic_dynamics/papers/34-positive-recognition-recurrence-quadrilemma/results/code_clock_ledger.csv:1452:2,1451,000000000010110101011,21,22,1/22,1/1,True
/root/autodl-tmp/symbolic_dynamics/papers/34-positive-recognition-recurrence-quadrilemma/results/code_clock_ledger.csv:1453:2,1452,000000000010110101100,21,22,1/22,1/1,True
/root/autodl-tmp/symbolic_dynamics/papers/34-positive-recognition-recurrence-quadrilemma/results/code_clock_ledger.csv:1454:2,1453,000000000010110101101,21,22,1/22,1/1,True
/root/autodl-tmp/symbolic_dynamics/papers/34-positive-recognition-recurrence-quadrilemma/results/code_clock_ledger.csv:1455:2,1454,000000000010110101110,21,22,1/22,1/1,True
/root/autodl-tmp/symbolic_dynamics/papers/34-positive-recognition-recurrence-quadrilemma/results/code_clock_ledger.csv:1456:2,1455,000000000010110101111,21,22,1/22,1/1,True
/root/autodl-tmp/symbolic_dynamics/papers/34-positive-recognition-recurrence-quadrilemma/results/code_clock_ledger.csv:1457:2,1456,000000000010110110000,21,22,1/22,1/1,True
/root/autodl-tmp/symbolic_dynamics/papers/34-positive-recognition-recurrence-quadrilemma/results/code_clock_ledger.csv:1458:2,1457,000000000010110110001,21,22,1/22,1/1,True
/root/autodl-tmp/symbolic_dynamics/papers/34-positive-recognition-recurrence-quadrilemma/results/code_clock_ledger.csv:1459:2,1458,000000000010110110010,21,22,1/22,1/1,True
/root/autodl-tmp/symbolic_dynamics/papers/34-positive-recognition-recurrence-quadrilemma/results/code_clock_ledger.csv:1460:2,1459,000000000010110110011,21,22,1/22,1/1,True
/root/autodl-tmp/symbolic_dynamics/papers/34-positive-recognition-recurrence-quadrilemma/results/code_clock_ledger.csv:1461:2,1460,000000000010110110100,21,22,1/22,1/1,True
/root/autodl-tmp/symbolic_dynamics/papers/34-positive-recognition-recurrence-quadrilemma/results/code_clock_ledger.csv:1462:2,1461,000000000010110110101,21,22,1/22,1/1,True
/root/autodl-tmp/symbolic_dynamics/papers/34-positive-recognition-recurrence-quadrilemma/results/code_clock_ledger.csv:1463:2,1462,000000000010110110110,21,22,1/22,1/1,True
/root/autodl-tmp/symbolic_dynamics/papers/34-positive-recognition-recurrence-quadrilemma/results/code_clock_ledger.csv:1464:2,1463,000000000010110110111,21,22,1/22,1/1,True
/root/autodl-tmp/symbolic_dynamics/papers/34-positive-recognition-recurrence-quadrilemma/results/code_clock_ledger.csv:1465:2,1464,000000000010110111000,21,22,1/22,1/1,True
/root/autodl-tmp/symbolic_dynamics/papers/34-positive-recognition-recurrence-quadrilemma/results/code_clock_ledger.csv:1466:2,1465,000000000010110111001,21,22,1/22,1/1,True
/root/autodl-tmp/symbolic_dynamics/papers/34-positive-recognition-recurrence-quadrilemma/results/code_clock_ledger.csv:1467:2,1466,000000000010110111010,21,22,1/22,1/1,True
/root/autodl-tmp/symbolic_dynamics/papers/34-positive-recognition-recurrence-quadrilemma/results/code_clock_ledger.csv:1468:2,1467,000000000010110111011,21,22,1/22,1/1,True
/root/autodl-tmp/symbolic_dynamics/papers/34-positive-recognition-recurrence-quadrilemma/results/code_clock_ledger.csv:1469:2,1468,000000000010110111100,21,22,1/22,1/1,True
/root/autodl-tmp/symbolic_dynamics/papers/34-positive-recognition-recurrence-quadrilemma/results/code_clock_ledger.csv:1470:2,1469,000000000010110111101,21,22,1/22,1/1,True
/root/autodl-tmp/symbolic_dynamics/papers/34-positive-recognition-recurrence-quadrilemma/results/code_clock_ledger.csv:1471:2,1470,000000000010110111110,21,22,1/22,1/1,True
/root/autodl-tmp/symbolic_dynamics/papers/34-positive-recognition-recurrence-quadrilemma/results/code_clock_ledger.csv:1472:2,1471,000000000010110111111,21,22,1/22,1/1,True
/root/autodl-tmp/symbolic_dynamics/papers/34-positive-recognition-recurrence-quadrilemma/results/code_clock_ledger.csv:1475:2,1474,000000000010111000010,21,22,1/22,1/1,True
/root/autodl-tmp/symbolic_dynamics/papers/34-positive-recognition-recurrence-quadrilemma/results/code_clock_ledger.csv:1477:2,1476,000000000010111000100,21,22,1/22,1/1,True
/root/autodl-tmp/symbolic_dynamics/papers/34-positive-recognition-recurrence-quadrilemma/results/code_clock_ledger.csv:1478:2,1477,000000000010111000101,21,22,1/22,1/1,True
/root/autodl-tmp/symbolic_dynamics/papers/34-positive-recognition-recurrence-quadrilemma/results/code_clock_ledger.csv:1481:2,1480,000000000010111001000,21,22,1/22,1/1,True
/root/autodl-tmp/symbolic_dynamics/papers/34-positive-recognition-recurrence-quadrilemma/results/code_clock_ledger.csv:1482:2,1481,000000000010111001001,21,22,1/22,1/1,True
/root/autodl-tmp/symbolic_dynamics/papers/34-positive-recognition-recurrence-quadrilemma/results/code_clock_ledger.csv:1483:2,1482,000000000010111001010,21,22,1/22,1/1,True
/root/autodl-tmp/symbolic_dynamics/papers/34-positive-recognition-recurrence-quadrilemma/results/code_clock_ledger.csv:1484:2,1483,000000000010111001011,21,22,1/22,1/1,True
/root/autodl-tmp/symbolic_dynamics/papers/34-positive-recognition-recurrence-quadrilemma/results/code_clock_ledger.csv:1486:2,1485,000000000010111001101,21,22,1/22,1/1,True
/root/autodl-tmp/symbolic_dynamics/papers/34-positive-recognition-recurrence-quadrilemma/results/code_clock_ledger.csv:1489:2,1488,000000000010111010000,21,22,1/22,1/1,True
/root/autodl-tmp/symbolic_dynamics/papers/34-positive-recognition-recurrence-quadrilemma/results/code_clock_ledger.csv:1490:2,1489,000000000010111010001,21,22,1/22,1/1,True
/root/autodl-tmp/symbolic_dynamics/papers/34-positive-recognition-recurrence-quadrilemma/results/code_clock_ledger.csv:1491:2,1490,000000000010111010010,21,22,1/22,1/1,True
/root/autodl-tmp/symbolic_dynamics/papers/34-positive-recognition-recurrence-quadrilemma/results/code_clock_ledger.csv:1492:2,1491,000000000010111010011,21,22,1/22,1/1,True
/root/autodl-tmp/symbolic_dynamics/papers/34-positive-recognition-recurrence-quadrilemma/results/code_clock_ledger.csv:1493:2,1492,000000000010111010100,21,22,1/22,1/1,True
/root/autodl-tmp/symbolic_dynamics/papers/34-positive-recognition-recurrence-quadrilemma/results/code_clock_ledger.csv:1494:2,1493,000000000010111010101,21,22,1/22,1/1,True
/root/autodl-tmp/symbolic_dynamics/papers/34-positive-recognition-recurrence-quadrilemma/results/code_clock_ledger.csv:1495:2,1494,000000000010111010110,21,22,1/22,1/1,True
/root/autodl-tmp/symbolic_dynamics/papers/34-positive-recognition-recurrence-quadrilemma/results/code_clock_ledger.csv:1496:2,1495,000000000010111010111,21,22,1/22,1/1,True
/root/autodl-tmp/symbolic_dynamics/papers/34-positive-recognition-recurrence-quadrilemma/results/code_clock_ledger.csv:1497:2,1496,000000000010111011000,21,22,1/22,1/1,True
/root/autodl-tmp/symbolic_dynamics/papers/34-positive-recognition-recurrence-quadrilemma/results/code_clock_ledger.csv:1498:2,1497,000000000010111011001,21,22,1/22,1/1,True
/root/autodl-tmp/symbolic_dynamics/papers/34-positive-recognition-recurrence-quadrilemma/results/code_clock_ledger.csv:1499:2,1498,000000000010111011010,21,22,1/22,1/1,True
/root/autodl-tmp/symbolic_dynamics/papers/34-positive-recognition-recurrence-quadrilemma/results/code_clock_ledger.csv:1500:2,1499,000000000010111011011,21,22,1/22,1/1,True
/root/autodl-tmp/symbolic_dynamics/papers/34-positive-recognition-recurrence-quadrilemma/results/code_clock_ledger.csv:1501:2,1500,000000000010111011100,21,22,1/22,1/1,True
/root/autodl-tmp/symbolic_dynamics/papers/34-positive-recognition-recurrence-quadrilemma/results/code_clock_ledger.csv:1502:2,1501,000000000010111011101,21,22,1/22,1/1,True
/root/autodl-tmp/symbolic_dynamics/papers/34-positive-recognition-recurrence-quadrilemma/results/code_clock_ledger.csv:1503:2,1502,000000000010111011110,21,22,1/22,1/1,True
/root/autodl-tmp/symbolic_dynamics/papers/34-positive-recognition-recurrence-quadrilemma/results/code_clock_ledger.csv:1504:2,1503,000000000010111011111,21,22,1/22,1/1,True
/root/autodl-tmp/symbolic_dynamics/papers/34-positive-recognition-recurrence-quadrilemma/results/code_clock_ledger.csv:1507:2,1506,000000000010111100010,21,22,1/22,1/1,True
/root/autodl-tmp/symbolic_dynamics/papers/34-positive-recognition-recurrence-quadrilemma/results/code_clock_ledger.csv:1509:2,1508,000000000010111100100,21,22,1/22,1/1,True
/root/autodl-tmp/symbolic_dynamics/papers/34-positive-recognition-recurrence-quadrilemma/results/code_clock_ledger.csv:1510:2,1509,000000000010111100101,21,22,1/22,1/1,True
/root/autodl-tmp/symbolic_dynamics/papers/34-positive-recognition-recurrence-quadrilemma/results/code_clock_ledger.csv:1513:2,1512,000000000010111101000,21,22,1/22,1/1,True
/root/autodl-tmp/symbolic_dynamics/papers/34-positive-recognition-recurrence-quadrilemma/results/code_clock_ledger.csv:1514:2,1513,000000000010111101001,21,22,1/22,1/1,True
/root/autodl-tmp/symbolic_dynamics/papers/34-positive-recognition-recurrence-quadrilemma/results/code_clock_ledger.csv:1515:2,1514,000000000010111101010,21,22,1/22,1/1,True
/root/autodl-tmp/symbolic_dynamics/papers/34-positive-recognition-recurrence-quadrilemma/results/code_clock_ledger.csv:1516:2,1515,000000000010111101011,21,22,1/22,1/1,True
/root/autodl-tmp/symbolic_dynamics/papers/34-positive-recognition-recurrence-quadrilemma/results/code_clock_ledger.csv:1517:2,1516,000000000010111101100,21,22,1/22,1/1,True
/root/autodl-tmp/symbolic_dynamics/papers/34-positive-recognition-recurrence-quadrilemma/results/code_clock_ledger.csv:1518:2,1517,000000000010111101101,21,22,1/22,1/1,True
/root/autodl-tmp/symbolic_dynamics/papers/34-positive-recognition-recurrence-quadrilemma/results/code_clock_ledger.csv:1519:2,1518,000000000010111101110,21,22,1/22,1/1,True
/root/autodl-tmp/symbolic_dynamics/papers/34-positive-recognition-recurrence-quadrilemma/results/code_clock_ledger.csv:1520:2,1519,000000000010111101111,21,22,1/22,1/1,True
/root/autodl-tmp/symbolic_dynamics/papers/34-positive-recognition-recurrence-quadrilemma/results/code_clock_ledger.csv:1523:2,1522,000000000010111110010,21,22,1/22,1/1,True
/root/autodl-tmp/symbolic_dynamics/papers/34-positive-recognition-recurrence-quadrilemma/results/code_clock_ledger.csv:1525:2,1524,000000000010111110100,21,22,1/22,1/1,True
/root/autodl-tmp/symbolic_dynamics/papers/34-positive-recognition-recurrence-quadrilemma/results/code_clock_ledger.csv:1526:2,1525,000000000010111110101,21,22,1/22,1/1,True
/root/autodl-tmp/symbolic_dynamics/papers/34-positive-recognition-recurrence-quadrilemma/results/code_clock_ledger.csv:1527:2,1526,000000000010111110110,21,22,1/22,1/1,True
/root/autodl-tmp/symbolic_dynamics/papers/34-positive-recognition-recurrence-quadrilemma/results/code_clock_ledger.csv:1528:2,1527,000000000010111110111,21,22,1/22,1/1,True
/root/autodl-tmp/symbolic_dynamics/papers/34-positive-recognition-recurrence-quadrilemma/results/code_clock_ledger.csv:1531:2,1530,000000000010111111010,21,22,1/22,1/1,True
/root/autodl-tmp/symbolic_dynamics/papers/34-positive-recognition-recurrence-quadrilemma/results/code_clock_ledger.csv:1532:2,1531,000000000010111111011,21,22,1/22,1/1,True
/root/autodl-tmp/symbolic_dynamics/papers/34-positive-recognition-recurrence-quadrilemma/results/code_clock_ledger.csv:1534:2,1533,000000000010111111101,21,22,1/22,1/1,True
/root/autodl-tmp/symbolic_dynamics/papers/34-positive-recognition-recurrence-quadrilemma/results/code_clock_ledger.csv:1558:2,1557,000000000011000010101,21,22,1/22,1/1,True
/root/autodl-tmp/symbolic_dynamics/papers/34-positive-recognition-recurrence-quadrilemma/results/code_clock_ledger.csv:1574:2,1573,000000000011000100101,21,22,1/22,1/1,True
/root/autodl-tmp/symbolic_dynamics/papers/34-positive-recognition-recurrence-quadrilemma/results/code_clock_ledger.csv:1579:2,1578,000000000011000101010,21,22,1/22,1/1,True
/root/autodl-tmp/symbolic_dynamics/papers/34-positive-recognition-recurrence-quadrilemma/results/code_clock_ledger.csv:1580:2,1579,000000000011000101011,21,22,1/22,1/1,True
/root/autodl-tmp/symbolic_dynamics/papers/34-positive-recognition-recurrence-quadrilemma/results/code_clock_ledger.csv:1582:2,1581,000000000011000101101,21,22,1/22,1/1,True
/root/autodl-tmp/symbolic_dynamics/papers/34-positive-recognition-recurrence-quadrilemma/results/code_clock_ledger.csv:1606:2,1605,000000000011001000101,21,22,1/22,1/1,True
/root/autodl-tmp/symbolic_dynamics/papers/34-positive-recognition-recurrence-quadrilemma/results/code_clock_ledger.csv:1611:2,1610,000000000011001001010,21,22,1/22,1/1,True
/root/autodl-tmp/symbolic_dynamics/papers/34-positive-recognition-recurrence-quadrilemma/results/code_clock_ledger.csv:1612:2,1611,000000000011001001011,21,22,1/22,1/1,True
/root/autodl-tmp/symbolic_dynamics/papers/34-positive-recognition-recurrence-quadrilemma/results/code_clock_ledger.csv:1614:2,1613,000000000011001001101,21,22,1/22,1/1,True
/root/autodl-tmp/symbolic_dynamics/papers/34-positive-recognition-recurrence-quadrilemma/results/code_clock_ledger.csv:1619:2,1618,000000000011001010010,21,22,1/22,1/1,True
/root/autodl-tmp/symbolic_dynamics/papers/34-positive-recognition-recurrence-quadrilemma/results/code_clock_ledger.csv:1621:2,1620,000000000011001010100,21,22,1/22,1/1,True
/root/autodl-tmp/symbolic_dynamics/papers/34-positive-recognition-recurrence-quadrilemma/results/code_clock_ledger.csv:1622:2,1621,000000000011001010101,21,22,1/22,1/1,True
/root/autodl-tmp/symbolic_dynamics/papers/34-positive-recognition-recurrence-quadrilemma/results/code_clock_ledger.csv:1623:2,1622,000000000011001010110,21,22,1/22,1/1,True
/root/autodl-tmp/symbolic_dynamics/papers/34-positive-recognition-recurrence-quadrilemma/results/code_clock_ledger.csv:1624:2,1623,000000000011001010111,21,22,1/22,1/1,True
/root/autodl-tmp/symbolic_dynamics/papers/34-positive-recognition-recurrence-quadrilemma/results/code_clock_ledger.csv:1627:2,1626,000000000011001011010,21,22,1/22,1/1,True
/root/autodl-tmp/symbolic_dynamics/papers/34-positive-recognition-recurrence-quadrilemma/results/code_clock_ledger.csv:1628:2,1627,000000000011001011011,21,22,1/22,1/1,True
/root/autodl-tmp/symbolic_dynamics/papers/34-positive-recognition-recurrence-quadrilemma/results/code_clock_ledger.csv:1630:2,1629,000000000011001011101,21,22,1/22,1/1,True
/root/autodl-tmp/symbolic_dynamics/papers/34-positive-recognition-recurrence-quadrilemma/results/code_clock_ledger.csv:1643:2,1642,000000000011001101010,21,22,1/22,1/1,True
/root/autodl-tmp/symbolic_dynamics/papers/34-positive-recognition-recurrence-quadrilemma/results/code_clock_ledger.csv:1667:2,1666,000000000011010000010,21,22,1/22,1/1,True
/root/autodl-tmp/symbolic_dynamics/papers/34-positive-recognition-recurrence-quadrilemma/results/code_clock_ledger.csv:1669:2,1668,000000000011010000100,21,22,1/22,1/1,True
/root/autodl-tmp/symbolic_dynamics/papers/34-positive-recognition-recurrence-quadrilemma/results/code_clock_ledger.csv:1670:2,1669,000000000011010000101,21,22,1/22,1/1,True
/root/autodl-tmp/symbolic_dynamics/papers/34-positive-recognition-recurrence-quadrilemma/results/code_clock_ledger.csv:1673:2,1672,000000000011010001000,21,22,1/22,1/1,True
/root/autodl-tmp/symbolic_dynamics/papers/34-positive-recognition-recurrence-quadrilemma/results/code_clock_ledger.csv:1674:2,1673,000000000011010001001,21,22,1/22,1/1,True
/root/autodl-tmp/symbolic_dynamics/papers/34-positive-recognition-recurrence-quadrilemma/results/code_clock_ledger.csv:1675:2,1674,000000000011010001010,21,22,1/22,1/1,True
/root/autodl-tmp/symbolic_dynamics/papers/34-positive-recognition-recurrence-quadrilemma/results/code_clock_ledger.csv:1676:2,1675,000000000011010001011,21,22,1/22,1/1,True
/root/autodl-tmp/symbolic_dynamics/papers/34-positive-recognition-recurrence-quadrilemma/results/code_clock_ledger.csv:1678:2,1677,000000000011010001101,21,22,1/22,1/1,True
/root/autodl-tmp/symbolic_dynamics/papers/34-positive-recognition-recurrence-quadrilemma/results/code_clock_ledger.csv:1681:2,1680,000000000011010010000,21,22,1/22,1/1,True
/root/autodl-tmp/symbolic_dynamics/papers/34-positive-recognition-recurrence-quadrilemma/results/code_clock_ledger.csv:1682:2,1681,000000000011010010001,21,22,1/22,1/1,True
/root/autodl-tmp/symbolic_dynamics/papers/34-positive-recognition-recurrence-quadrilemma/results/code_clock_ledger.csv:1683:2,1682,000000000011010010010,21,22,1/22,1/1,True
/root/autodl-tmp/symbolic_dynamics/papers/34-positive-recognition-recurrence-quadrilemma/results/code_clock_ledger.csv:1684:2,1683,000000000011010010011,21,22,1/22,1/1,True
/root/autodl-tmp/symbolic_dynamics/papers/34-positive-recognition-recurrence-quadrilemma/results/code_clock_ledger.csv:1685:2,1684,000000000011010010100,21,22,1/22,1/1,True
/root/autodl-tmp/symbolic_dynamics/papers/34-positive-recognition-recurrence-quadrilemma/results/code_clock_ledger.csv:1686:2,1685,000000000011010010101,21,22,1/22,1/1,True
/root/autodl-tmp/symbolic_dynamics/papers/34-positive-recognition-recurrence-quadrilemma/results/code_clock_ledger.csv:1687:2,1686,000000000011010010110,21,22,1/22,1/1,True
/root/autodl-tmp/symbolic_dynamics/papers/34-positive-recognition-recurrence-quadrilemma/results/code_clock_ledger.csv:1688:2,1687,000000000011010010111,21,22,1/22,1/1,True
/root/autodl-tmp/symbolic_dynamics/papers/34-positive-recognition-recurrence-quadrilemma/results/code_clock_ledger.csv:1691:2,1690,000000000011010011010,21,22,1/22,1/1,True
/root/autodl-tmp/symbolic_dynamics/papers/34-positive-recognition-recurrence-quadrilemma/results/code_clock_ledger.csv:1692:2,1691,000000000011010011011,21,22,1/22,1/1,True
/root/autodl-tmp/symbolic_dynamics/papers/34-positive-recognition-recurrence-quadrilemma/results/code_clock_ledger.csv:1694:2,1693,000000000011010011101,21,22,1/22,1/1,True
/root/autodl-tmp/symbolic_dynamics/papers/34-positive-recognition-recurrence-quadrilemma/results/code_clock_ledger.csv:1697:2,1696,000000000011010100000,21,22,1/22,1/1,True
/root/autodl-tmp/symbolic_dynamics/papers/34-positive-recognition-recurrence-quadrilemma/results/code_clock_ledger.csv:1698:2,1697,000000000011010100001,21,22,1/22,1/1,True
/root/autodl-tmp/symbolic_dynamics/papers/34-positive-recognition-recurrence-quadrilemma/results/code_clock_ledger.csv:1699:2,1698,000000000011010100010,21,22,1/22,1/1,True
/root/autodl-tmp/symbolic_dynamics/papers/34-positive-recognition-recurrence-quadrilemma/results/code_clock_ledger.csv:1700:2,1699,000000000011010100011,21,22,1/22,1/1,True
/root/autodl-tmp/symbolic_dynamics/papers/34-positive-recognition-recurrence-quadrilemma/results/code_clock_ledger.csv:1701:2,1700,000000000011010100100,21,22,1/22,1/1,True
/root/autodl-tmp/symbolic_dynamics/papers/34-positive-recognition-recurrence-quadrilemma/results/code_clock_ledger.csv:1702:2,1701,000000000011010100101,21,22,1/22,1/1,True
/root/autodl-tmp/symbolic_dynamics/papers/34-positive-recognition-recurrence-quadrilemma/results/code_clock_ledger.csv:1703:2,1702,000000000011010100110,21,22,1/22,1/1,True
/root/autodl-tmp/symbolic_dynamics/papers/34-positive-recognition-recurrence-quadrilemma/results/code_clock_ledger.csv:1704:2,1703,000000000011010100111,21,22,1/22,1/1,True
/root/autodl-tmp/symbolic_dynamics/papers/34-positive-recognition-recurrence-quadrilemma/results/code_clock_ledger.csv:1705:2,1704,000000000011010101000,21,22,1/22,1/1,True
/root/autodl-tmp/symbolic_dynamics/papers/34-positive-recognition-recurrence-quadrilemma/results/code_clock_ledger.csv:1706:2,1705,000000000011010101001,21,22,1/22,1/1,True
/root/autodl-tmp/symbolic_dynamics/papers/34-positive-recognition-recurrence-quadrilemma/results/code_clock_ledger.csv:1707:2,1706,000000000011010101010,21,22,1/22,1/1,True
/root/autodl-tmp/symbolic_dynamics/papers/34-positive-recognition-recurrence-quadrilemma/results/code_clock_ledger.csv:1708:2,1707,000000000011010101011,21,22,1/22,1/1,True
/root/autodl-tmp/symbolic_dynamics/papers/34-positive-recognition-recurrence-quadrilemma/results/code_clock_ledger.csv:1709:2,1708,000000000011010101100,21,22,1/22,1/1,True
/root/autodl-tmp/symbolic_dynamics/papers/34-positive-recognition-recurrence-quadrilemma/results/code_clock_ledger.csv:1710:2,1709,000000000011010101101,21,22,1/22,1/1,True
/root/autodl-tmp/symbolic_dynamics/papers/34-positive-recognition-recurrence-quadrilemma/results/code_clock_ledger.csv:1711:2,1710,000000000011010101110,21,22,1/22,1/1,True
/root/autodl-tmp/symbolic_dynamics/papers/34-positive-recognition-recurrence-quadrilemma/results/code_clock_ledger.csv:1712:2,1711,000000000011010101111,21,22,1/22,1/1,True
/root/autodl-tmp/symbolic_dynamics/papers/34-positive-recognition-recurrence-quadrilemma/results/code_clock_ledger.csv:1715:2,1714,000000000011010110010,21,22,1/22,1/1,True
/root/autodl-tmp/symbolic_dynamics/papers/34-positive-recognition-recurrence-quadrilemma/results/code_clock_ledger.csv:1717:2,1716,000000000011010110100,21,22,1/22,1/1,True
/root/autodl-tmp/symbolic_dynamics/papers/34-positive-recognition-recurrence-quadrilemma/results/code_clock_ledger.csv:1718:2,1717,000000000011010110101,21,22,1/22,1/1,True
/root/autodl-tmp/symbolic_dynamics/papers/34-positive-recognition-recurrence-quadrilemma/results/code_clock_ledger.csv:1719:2,1718,000000000011010110110,21,22,1/22,1/1,True
/root/autodl-tmp/symbolic_dynamics/papers/34-positive-recognition-recurrence-quadrilemma/results/code_clock_ledger.csv:1720:2,1719,000000000011010110111,21,22,1/22,1/1,True
/root/autodl-tmp/symbolic_dynamics/papers/34-positive-recognition-recurrence-quadrilemma/results/code_clock_ledger.csv:1723:2,1722,000000000011010111010,21,22,1/22,1/1,True
/root/autodl-tmp/symbolic_dynamics/papers/34-positive-recognition-recurrence-quadrilemma/results/code_clock_ledger.csv:1724:2,1723,000000000011010111011,21,22,1/22,1/1,True
/root/autodl-tmp/symbolic_dynamics/papers/34-positive-recognition-recurrence-quadrilemma/results/code_clock_ledger.csv:1726:2,1725,000000000011010111101,21,22,1/22,1/1,True
/root/autodl-tmp/symbolic_dynamics/papers/34-positive-recognition-recurrence-quadrilemma/results/code_clock_ledger.csv:1731:2,1730,000000000011011000010,21,22,1/22,1/1,True
/root/autodl-tmp/symbolic_dynamics/papers/34-positive-recognition-recurrence-quadrilemma/results/code_clock_ledger.csv:1733:2,1732,000000000011011000100,21,22,1/22,1/1,True
/root/autodl-tmp/symbolic_dynamics/papers/34-positive-recognition-recurrence-quadrilemma/results/code_clock_ledger.csv:1734:2,1733,000000000011011000101,21,22,1/22,1/1,True
/root/autodl-tmp/symbolic_dynamics/papers/34-positive-recognition-recurrence-quadrilemma/results/code_clock_ledger.csv:1737:2,1736,000000000011011001000,21,22,1/22,1/1,True
/root/autodl-tmp/symbolic_dynamics/papers/34-positive-recognition-recurrence-quadrilemma/results/code_clock_ledger.csv:1738:2,1737,000000000011011001001,21,22,1/22,1/1,True
/root/autodl-tmp/symbolic_dynamics/papers/34-positive-recognition-recurrence-quadrilemma/results/code_clock_ledger.csv:1739:2,1738,000000000011011001010,21,22,1/22,1/1,True
/root/autodl-tmp/symbolic_dynamics/papers/34-positive-recognition-recurrence-quadrilemma/results/code_clock_ledger.csv:1740:2,1739,000000000011011001011,21,22,1/22,1/1,True
/root/autodl-tmp/symbolic_dynamics/papers/34-positive-recognition-recurrence-quadrilemma/results/code_clock_ledger.csv:1745:2,1744,000000000011011010000,21,22,1/22,1/1,True
/root/autodl-tmp/symbolic_dynamics/papers/34-positive-recognition-recurrence-quadrilemma/results/code_clock_ledger.csv:1746:2,1745,000000000011011010001,21,22,1/22,1/1,True
/root/autodl-tmp/symbolic_dynamics/papers/34-positive-recognition-recurrence-quadrilemma/results/code_clock_ledger.csv:1747:2,1746,000000000011011010010,21,22,1/22,1/1,True
/root/autodl-tmp/symbolic_dynamics/papers/34-positive-recognition-recurrence-quadrilemma/results/code_clock_ledger.csv:1748:2,1747,000000000011011010011,21,22,1/22,1/1,True
/root/autodl-tmp/symbolic_dynamics/papers/34-positive-recognition-recurrence-quadrilemma/results/code_clock_ledger.csv:1749:2,1748,000000000011011010100,21,22,1/22,1/1,True
/root/autodl-tmp/symbolic_dynamics/papers/34-positive-recognition-recurrence-quadrilemma/results/code_clock_ledger.csv:1750:2,1749,000000000011011010101,21,22,1/22,1/1,True
/root/autodl-tmp/symbolic_dynamics/papers/34-positive-recognition-recurrence-quadrilemma/results/code_clock_ledger.csv:1751:2,1750,000000000011011010110,21,22,1/22,1/1,True
/root/autodl-tmp/symbolic_dynamics/papers/34-positive-recognition-recurrence-quadrilemma/results/code_clock_ledger.csv:1752:2,1751,000000000011011010111,21,22,1/22,1/1,True
/root/autodl-tmp/symbolic_dynamics/papers/34-positive-recognition-recurrence-quadrilemma/results/code_clock_ledger.csv:1755:2,1754,000000000011011011010,21,22,1/22,1/1,True
/root/autodl-tmp/symbolic_dynamics/papers/34-positive-recognition-recurrence-quadrilemma/results/code_clock_ledger.csv:1763:2,1762,000000000011011100010,21,22,1/22,1/1,True
/root/autodl-tmp/symbolic_dynamics/papers/34-positive-recognition-recurrence-quadrilemma/results/code_clock_ledger.csv:1765:2,1764,000000000011011100100,21,22,1/22,1/1,True
/root/autodl-tmp/symbolic_dynamics/papers/34-positive-recognition-recurrence-quadrilemma/results/code_clock_ledger.csv:1766:2,1765,000000000011011100101,21,22,1/22,1/1,True
/root/autodl-tmp/symbolic_dynamics/papers/34-positive-recognition-recurrence-quadrilemma/results/code_clock_ledger.csv:1769:2,1768,000000000011011101000,21,22,1/22,1/1,True
/root/autodl-tmp/symbolic_dynamics/papers/34-positive-recognition-recurrence-quadrilemma/results/code_clock_ledger.csv:1770:2,1769,000000000011011101001,21,22,1/22,1/1,True
/root/autodl-tmp/symbolic_dynamics/papers/34-positive-recognition-recurrence-quadrilemma/results/code_clock_ledger.csv:1771:2,1770,000000000011011101010,21,22,1/22,1/1,True
/root/autodl-tmp/symbolic_dynamics/papers/34-positive-recognition-recurrence-quadrilemma/results/code_clock_ledger.csv:1772:2,1771,000000000011011101011,21,22,1/22,1/1,True
/root/autodl-tmp/symbolic_dynamics/papers/34-positive-recognition-recurrence-quadrilemma/results/code_clock_ledger.csv:1779:2,1778,000000000011011110010,21,22,1/22,1/1,True
/root/autodl-tmp/symbolic_dynamics/papers/34-positive-recognition-recurrence-quadrilemma/results/code_clock_ledger.csv:1781:2,1780,000000000011011110100,21,22,1/22,1/1,True
/root/autodl-tmp/symbolic_dynamics/papers/34-positive-recognition-recurrence-quadrilemma/results/code_clock_ledger.csv:1782:2,1781,000000000011011110101,21,22,1/22,1/1,True
/root/autodl-tmp/symbolic_dynamics/papers/34-positive-recognition-recurrence-quadrilemma/results/code_clock_ledger.csv:1787:2,1786,000000000011011111010,21,22,1/22,1/1,True
/root/autodl-tmp/symbolic_dynamics/papers/34-positive-recognition-recurrence-quadrilemma/results/code_clock_ledger.csv:1814:2,1813,000000000011100010101,21,22,1/22,1/1,True
/root/autodl-tmp/symbolic_dynamics/papers/34-positive-recognition-recurrence-quadrilemma/results/code_clock_ledger.csv:1830:2,1829,000000000011100100101,21,22,1/22,1/1,True
/root/autodl-tmp/symbolic_dynamics/papers/34-positive-recognition-recurrence-quadrilemma/results/code_clock_ledger.csv:1835:2,1834,000000000011100101010,21,22,1/22,1/1,True
/root/autodl-tmp/symbolic_dynamics/papers/34-positive-recognition-recurrence-quadrilemma/results/code_clock_ledger.csv:1836:2,1835,000000000011100101011,21,22,1/22,1/1,True
/root/autodl-tmp/symbolic_dynamics/papers/34-positive-recognition-recurrence-quadrilemma/results/code_clock_ledger.csv:1838:2,1837,000000000011100101101,21,22,1/22,1/1,True
/root/autodl-tmp/symbolic_dynamics/papers/34-positive-recognition-recurrence-quadrilemma/results/code_clock_ledger.csv:1859:2,1858,000000000011101000010,21,22,1/22,1/1,True
/root/autodl-tmp/symbolic_dynamics/papers/34-positive-recognition-recurrence-quadrilemma/results/code_clock_ledger.csv:1861:2,1860,000000000011101000100,21,22,1/22,1/1,True
/root/autodl-tmp/symbolic_dynamics/papers/34-positive-recognition-recurrence-quadrilemma/results/code_clock_ledger.csv:1862:2,1861,000000000011101000101,21,22,1/22,1/1,True
/root/autodl-tmp/symbolic_dynamics/papers/34-positive-recognition-recurrence-quadrilemma/results/code_clock_ledger.csv:1865:2,1864,000000000011101001000,21,22,1/22,1/1,True
/root/autodl-tmp/symbolic_dynamics/papers/34-positive-recognition-recurrence-quadrilemma/results/code_clock_ledger.csv:1866:2,1865,000000000011101001001,21,22,1/22,1/1,True
/root/autodl-tmp/symbolic_dynamics/papers/34-positive-recognition-recurrence-quadrilemma/results/code_clock_ledger.csv:1867:2,1866,000000000011101001010,21,22,1/22,1/1,True
/root/autodl-tmp/symbolic_dynamics/papers/34-positive-recognition-recurrence-quadrilemma/results/code_clock_ledger.csv:1868:2,1867,000000000011101001011,21,22,1/22,1/1,True
/root/autodl-tmp/symbolic_dynamics/papers/34-positive-recognition-recurrence-quadrilemma/results/code_clock_ledger.csv:1870:2,1869,000000000011101001101,21,22,1/22,1/1,True
/root/autodl-tmp/symbolic_dynamics/papers/34-positive-recognition-recurrence-quadrilemma/results/code_clock_ledger.csv:1873:2,1872,000000000011101010000,21,22,1/22,1/1,True
/root/autodl-tmp/symbolic_dynamics/papers/34-positive-recognition-recurrence-quadrilemma/results/code_clock_ledger.csv:1874:2,1873,000000000011101010001,21,22,1/22,1/1,True
/root/autodl-tmp/symbolic_dynamics/papers/34-positive-recognition-recurrence-quadrilemma/results/code_clock_ledger.csv:1875:2,1874,000000000011101010010,21,22,1/22,1/1,True
/root/autodl-tmp/symbolic_dynamics/papers/34-positive-recognition-recurrence-quadrilemma/results/code_clock_ledger.csv:1876:2,1875,000000000011101010011,21,22,1/22,1/1,True
/root/autodl-tmp/symbolic_dynamics/papers/34-positive-recognition-recurrence-quadrilemma/results/code_clock_ledger.csv:1877:2,1876,000000000011101010100,21,22,1/22,1/1,True
/root/autodl-tmp/symbolic_dynamics/papers/34-positive-recognition-recurrence-quadrilemma/results/code_clock_ledger.csv:1878:2,1877,000000000011101010101,21,22,1/22,1/1,True
/root/autodl-tmp/symbolic_dynamics/papers/34-positive-recognition-recurrence-quadrilemma/results/code_clock_ledger.csv:1879:2,1878,000000000011101010110,21,22,1/22,1/1,True
/root/autodl-tmp/symbolic_dynamics/papers/34-positive-recognition-recurrence-quadrilemma/results/code_clock_ledger.csv:1880:2,1879,000000000011101010111,21,22,1/22,1/1,True
/root/autodl-tmp/symbolic_dynamics/papers/34-positive-recognition-recurrence-quadrilemma/results/code_clock_ledger.csv:1883:2,1882,000000000011101011010,21,22,1/22,1/1,True
/root/autodl-tmp/symbolic_dynamics/papers/34-positive-recognition-recurrence-quadrilemma/results/code_clock_ledger.csv:1884:2,1883,000000000011101011011,21,22,1/22,1/1,True
/root/autodl-tmp/symbolic_dynamics/papers/34-positive-recognition-recurrence-quadrilemma/results/code_clock_ledger.csv:1886:2,1885,000000000011101011101,21,22,1/22,1/1,True
/root/autodl-tmp/symbolic_dynamics/papers/34-positive-recognition-recurrence-quadrilemma/results/code_clock_ledger.csv:1891:2,1890,000000000011101100010,21,22,1/22,1/1,True
/root/autodl-tmp/symbolic_dynamics/papers/34-positive-recognition-recurrence-quadrilemma/results/code_clock_ledger.csv:1893:2,1892,000000000011101100100,21,22,1/22,1/1,True
/root/autodl-tmp/symbolic_dynamics/papers/34-positive-recognition-recurrence-quadrilemma/results/code_clock_ledger.csv:1894:2,1893,000000000011101100101,21,22,1/22,1/1,True
/root/autodl-tmp/symbolic_dynamics/papers/34-positive-recognition-recurrence-quadrilemma/results/code_clock_ledger.csv:1897:2,1896,000000000011101101000,21,22,1/22,1/1,True
/root/autodl-tmp/symbolic_dynamics/papers/34-positive-recognition-recurrence-quadrilemma/results/code_clock_ledger.csv:1898:2,1897,000000000011101101001,21,22,1/22,1/1,True
/root/autodl-tmp/symbolic_dynamics/papers/34-positive-recognition-recurrence-quadrilemma/results/code_clock_ledger.csv:1899:2,1898,000000000011101101010,21,22,1/22,1/1,True
/root/autodl-tmp/symbolic_dynamics/papers/34-positive-recognition-recurrence-quadrilemma/results/code_clock_ledger.csv:1900:2,1899,000000000011101101011,21,22,1/22,1/1,True
/root/autodl-tmp/symbolic_dynamics/papers/34-positive-recognition-recurrence-quadrilemma/results/code_clock_ledger.csv:1907:2,1906,000000000011101110010,21,22,1/22,1/1,True
/root/autodl-tmp/symbolic_dynamics/papers/34-positive-recognition-recurrence-quadrilemma/results/code_clock_ledger.csv:1909:2,1908,000000000011101110100,21,22,1/22,1/1,True
/root/autodl-tmp/symbolic_dynamics/papers/34-positive-recognition-recurrence-quadrilemma/results/code_clock_ledger.csv:1910:2,1909,000000000011101110101,21,22,1/22,1/1,True
/root/autodl-tmp/symbolic_dynamics/papers/34-positive-recognition-recurrence-quadrilemma/results/code_clock_ledger.csv:1915:2,1914,000000000011101111010,21,22,1/22,1/1,True
/root/autodl-tmp/symbolic_dynamics/papers/34-positive-recognition-recurrence-quadrilemma/results/code_clock_ledger.csv:1942:2,1941,000000000011110010101,21,22,1/22,1/1,True
/root/autodl-tmp/symbolic_dynamics/papers/34-positive-recognition-recurrence-quadrilemma/results/code_clock_ledger.csv:1955:2,1954,000000000011110100010,21,22,1/22,1/1,True
/root/autodl-tmp/symbolic_dynamics/papers/34-positive-recognition-recurrence-quadrilemma/results/code_clock_ledger.csv:1957:2,1956,000000000011110100100,21,22,1/22,1/1,True
/root/autodl-tmp/symbolic_dynamics/papers/34-positive-recognition-recurrence-quadrilemma/results/code_clock_ledger.csv:1958:2,1957,000000000011110100101,21,22,1/22,1/1,True
/root/autodl-tmp/symbolic_dynamics/papers/34-positive-recognition-recurrence-quadrilemma/results/code_clock_ledger.csv:1961:2,1960,000000000011110101000,21,22,1/22,1/1,True
/root/autodl-tmp/symbolic_dynamics/papers/34-positive-recognition-recurrence-quadrilemma/results/code_clock_ledger.csv:1962:2,1961,000000000011110101001,21,22,1/22,1/1,True
/root/autodl-tmp/symbolic_dynamics/papers/34-positive-recognition-recurrence-quadrilemma/results/code_clock_ledger.csv:1963:2,1962,000000000011110101010,21,22,1/22,1/1,True
/root/autodl-tmp/symbolic_dynamics/papers/34-positive-recognition-recurrence-quadrilemma/results/code_clock_ledger.csv:1964:2,1963,000000000011110101011,21,22,1/22,1/1,True
/root/autodl-tmp/symbolic_dynamics/papers/34-positive-recognition-recurrence-quadrilemma/results/code_clock_ledger.csv:1966:2,1965,000000000011110101101,21,22,1/22,1/1,True
/root/autodl-tmp/symbolic_dynamics/papers/34-positive-recognition-recurrence-quadrilemma/results/code_clock_ledger.csv:1971:2,1970,000000000011110110010,21,22,1/22,1/1,True
/root/autodl-tmp/symbolic_dynamics/papers/34-positive-recognition-recurrence-quadrilemma/results/code_clock_ledger.csv:1973:2,1972,000000000011110110100,21,22,1/22,1/1,True
/root/autodl-tmp/symbolic_dynamics/papers/34-positive-recognition-recurrence-quadrilemma/results/code_clock_ledger.csv:1974:2,1973,000000000011110110101,21,22,1/22,1/1,True
/root/autodl-tmp/symbolic_dynamics/papers/34-positive-recognition-recurrence-quadrilemma/results/code_clock_ledger.csv:1979:2,1978,000000000011110111010,21,22,1/22,1/1,True
/root/autodl-tmp/symbolic_dynamics/papers/34-positive-recognition-recurrence-quadrilemma/results/code_clock_ledger.csv:2003:2,2002,000000000011111010010,21,22,1/22,1/1,True
/root/autodl-tmp/symbolic_dynamics/papers/34-positive-recognition-recurrence-quadrilemma/results/code_clock_ledger.csv:2005:2,2004,000000000011111010100,21,22,1/22,1/1,True
/root/autodl-tmp/symbolic_dynamics/papers/34-positive-recognition-recurrence-quadrilemma/results/code_clock_ledger.csv:2006:2,2005,000000000011111010101,21,22,1/22,1/1,True
/root/autodl-tmp/symbolic_dynamics/papers/34-positive-recognition-recurrence-quadrilemma/results/code_clock_ledger.csv:2011:2,2010,000000000011111011010,21,22,1/22,1/1,True
/root/autodl-tmp/symbolic_dynamics/papers/34-positive-recognition-recurrence-quadrilemma/results/code_clock_ledger.csv:2027:2,2026,000000000011111101010,21,22,1/22,1/1,True
/root/autodl-tmp/symbolic_dynamics/papers/34-positive-recognition-recurrence-quadrilemma/results/code_clock_ledger.csv:2139:3,91,000010101,9,10,1/10,1/1,True
/root/autodl-tmp/symbolic_dynamics/papers/34-positive-recognition-recurrence-quadrilemma/results/code_clock_ledger.csv:2149:3,101,000010202,9,10,1/10,1/1,True
/root/autodl-tmp/symbolic_dynamics/papers/34-positive-recognition-recurrence-quadrilemma/results/code_clock_ledger.csv:2301:3,253,00000100101,11,12,1/12,1/1,True
/root/autodl-tmp/symbolic_dynamics/papers/34-positive-recognition-recurrence-quadrilemma/results/code_clock_ledger.csv:2321:3,273,00000101010,11,12,1/12,1/1,True
/root/autodl-tmp/symbolic_dynamics/papers/34-positive-recognition-recurrence-quadrilemma/results/code_clock_ledger.csv:2322:3,274,00000101011,11,12,1/12,1/1,True
/root/autodl-tmp/symbolic_dynamics/papers/34-positive-recognition-recurrence-quadrilemma/results/code_clock_ledger.csv:2323:3,275,00000101012,11,12,1/12,1/1,True
/root/autodl-tmp/symbolic_dynamics/papers/34-positive-recognition-recurrence-quadrilemma/results/code_clock_ledger.csv:2328:3,280,00000101101,11,12,1/12,1/1,True
/root/autodl-tmp/symbolic_dynamics/papers/34-positive-recognition-recurrence-quadrilemma/results/code_clock_ledger.csv:2355:3,307,00000102101,11,12,1/12,1/1,True
/root/autodl-tmp/symbolic_dynamics/papers/34-positive-recognition-recurrence-quadrilemma/results/code_clock_ledger.csv:2787:3,739,0000001000101,13,14,1/14,1/1,True
/root/autodl-tmp/symbolic_dynamics/papers/34-positive-recognition-recurrence-quadrilemma/results/code_clock_ledger.csv:2807:3,759,0000001001010,13,14,1/14,1/1,True
/root/autodl-tmp/symbolic_dynamics/papers/34-positive-recognition-recurrence-quadrilemma/results/code_clock_ledger.csv:2808:3,760,0000001001011,13,14,1/14,1/1,True
/root/autodl-tmp/symbolic_dynamics/papers/34-positive-recognition-recurrence-quadrilemma/results/code_clock_ledger.csv:2809:3,761,0000001001012,13,14,1/14,1/1,True
/root/autodl-tmp/symbolic_dynamics/papers/34-positive-recognition-recurrence-quadrilemma/results/code_clock_ledger.csv:2814:3,766,0000001001101,13,14,1/14,1/1,True
/root/autodl-tmp/symbolic_dynamics/papers/34-positive-recognition-recurrence-quadrilemma/results/code_clock_ledger.csv:2841:3,793,0000001002101,13,14,1/14,1/1,True
/root/autodl-tmp/symbolic_dynamics/papers/34-positive-recognition-recurrence-quadrilemma/results/code_clock_ledger.csv:2861:3,813,0000001010010,13,14,1/14,1/1,True
/root/autodl-tmp/symbolic_dynamics/papers/34-positive-recognition-recurrence-quadrilemma/results/code_clock_ledger.csv:2867:3,819,0000001010100,13,14,1/14,1/1,True
/root/autodl-tmp/symbolic_dynamics/papers/34-positive-recognition-recurrence-quadrilemma/results/code_clock_ledger.csv:2868:3,820,0000001010101,13,14,1/14,1/1,True
/root/autodl-tmp/symbolic_dynamics/papers/34-positive-recognition-recurrence-quadrilemma/results/code_clock_ledger.csv:2869:3,821,0000001010102,13,14,1/14,1/1,True
/root/autodl-tmp/symbolic_dynamics/papers/34-positive-recognition-recurrence-quadrilemma/results/code_clock_ledger.csv:2870:3,822,0000001010110,13,14,1/14,1/1,True
/root/autodl-tmp/symbolic_dynamics/papers/34-positive-recognition-recurrence-quadrilemma/results/code_clock_ledger.csv:2871:3,823,0000001010111,13,14,1/14,1/1,True
/root/autodl-tmp/symbolic_dynamics/papers/34-positive-recognition-recurrence-quadrilemma/results/code_clock_ledger.csv:2872:3,824,0000001010112,13,14,1/14,1/1,True
/root/autodl-tmp/symbolic_dynamics/papers/34-positive-recognition-recurrence-quadrilemma/results/code_clock_ledger.csv:2873:3,825,0000001010120,13,14,1/14,1/1,True
/root/autodl-tmp/symbolic_dynamics/papers/34-positive-recognition-recurrence-quadrilemma/results/code_clock_ledger.csv:2874:3,826,0000001010121,13,14,1/14,1/1,True
/root/autodl-tmp/symbolic_dynamics/papers/34-positive-recognition-recurrence-quadrilemma/results/code_clock_ledger.csv:2875:3,827,0000001010122,13,14,1/14,1/1,True
/root/autodl-tmp/symbolic_dynamics/papers/34-positive-recognition-recurrence-quadrilemma/results/code_clock_ledger.csv:2888:3,840,0000001011010,13,14,1/14,1/1,True
/root/autodl-tmp/symbolic_dynamics/papers/34-positive-recognition-recurrence-quadrilemma/results/code_clock_ledger.csv:2889:3,841,0000001011011,13,14,1/14,1/1,True
/root/autodl-tmp/symbolic_dynamics/papers/34-positive-recognition-recurrence-quadrilemma/results/code_clock_ledger.csv:2890:3,842,0000001011012,13,14,1/14,1/1,True
/root/autodl-tmp/symbolic_dynamics/papers/34-positive-recognition-recurrence-quadrilemma/results/code_clock_ledger.csv:2895:3,847,0000001011101,13,14,1/14,1/1,True
/root/autodl-tmp/symbolic_dynamics/papers/34-positive-recognition-recurrence-quadrilemma/results/code_clock_ledger.csv:2915:3,867,0000001012010,13,14,1/14,1/1,True
/root/autodl-tmp/symbolic_dynamics/papers/34-positive-recognition-recurrence-quadrilemma/results/code_clock_ledger.csv:2922:3,874,0000001012101,13,14,1/14,1/1,True
/root/autodl-tmp/symbolic_dynamics/papers/34-positive-recognition-recurrence-quadrilemma/results/code_clock_ledger.csv:2949:3,901,0000001020101,13,14,1/14,1/1,True
/root/autodl-tmp/symbolic_dynamics/papers/34-positive-recognition-recurrence-quadrilemma/results/code_clock_ledger.csv:2969:3,921,0000001021010,13,14,1/14,1/1,True
/root/autodl-tmp/symbolic_dynamics/papers/34-positive-recognition-recurrence-quadrilemma/results/code_clock_ledger.csv:2970:3,922,0000001021011,13,14,1/14,1/1,True
/root/autodl-tmp/symbolic_dynamics/papers/34-positive-recognition-recurrence-quadrilemma/results/code_clock_ledger.csv:2971:3,923,0000001021012,13,14,1/14,1/1,True
/root/autodl-tmp/symbolic_dynamics/papers/34-positive-recognition-recurrence-quadrilemma/results/code_clock_ledger.csv:2976:3,928,0000001021101,13,14,1/14,1/1,True
/root/autodl-tmp/symbolic_dynamics/papers/34-positive-recognition-recurrence-quadrilemma/results/code_clock_ledger.csv:3003:3,955,0000001022101,13,14,1/14,1/1,True
/root/autodl-tmp/symbolic_dynamics/papers/34-positive-recognition-recurrence-quadrilemma/results/code_clock_ledger.csv:3050:3,1002,0000001101010,13,14,1/14,1/1,True
/root/autodl-tmp/symbolic_dynamics/papers/34-positive-recognition-recurrence-quadrilemma/results/code_clock_ledger.csv:3058:3,1010,0000001101102,13,14,1/14,1/1,True
/root/autodl-tmp/symbolic_dynamics/papers/34-positive-recognition-recurrence-quadrilemma/results/code_clock_ledger.csv:3597:3,1549,0000002010101,13,14,1/14,1/1,True
/root/autodl-tmp/symbolic_dynamics/papers/34-positive-recognition-recurrence-quadrilemma/results/code_clock_ledger.csv:3779:3,1731,0000002101010,13,14,1/14,1/1,True
/root/autodl-tmp/symbolic_dynamics/papers/34-positive-recognition-recurrence-quadrilemma/results/code_clock_ledger.csv:4368:4,273,000010101,9,10,1/10,1/1,True
/root/autodl-tmp/symbolic_dynamics/papers/34-positive-recognition-recurrence-quadrilemma/results/code_clock_ledger.csv:5136:4,1041,00000100101,11,12,1/12,1/1,True
/root/autodl-tmp/symbolic_dynamics/papers/34-positive-recognition-recurrence-quadrilemma/results/code_clock_ledger.csv:5187:4,1092,00000101010,11,12,1/12,1/1,True
/root/autodl-tmp/symbolic_dynamics/papers/34-positive-recognition-recurrence-quadrilemma/results/code_clock_ledger.csv:5188:4,1093,00000101011,11,12,1/12,1/1,True
/root/autodl-tmp/symbolic_dynamics/papers/34-positive-recognition-recurrence-quadrilemma/results/code_clock_ledger.csv:5189:4,1094,00000101012,11,12,1/12,1/1,True
/root/autodl-tmp/symbolic_dynamics/papers/34-positive-recognition-recurrence-quadrilemma/results/code_clock_ledger.csv:5190:4,1095,00000101013,11,12,1/12,1/1,True
/root/autodl-tmp/symbolic_dynamics/papers/34-positive-recognition-recurrence-quadrilemma/results/code_clock_ledger.csv:5196:4,1101,00000101031,11,12,1/12,1/1,True
/root/autodl-tmp/symbolic_dynamics/papers/34-positive-recognition-recurrence-quadrilemma/results/code_clock_ledger.csv:5200:4,1105,00000101101,11,12,1/12,1/1,True
/root/autodl-tmp/symbolic_dynamics/papers/34-positive-recognition-recurrence-quadrilemma/results/code_clock_ledger.csv:5264:4,1169,00000102101,11,12,1/12,1/1,True
/root/autodl-tmp/symbolic_dynamics/papers/34-positive-recognition-recurrence-quadrilemma/results/code_clock_ledger.csv:5328:4,1233,00000103101,11,12,1/12,1/1,True
