/root/autodl-tmp/hilbert-polya-structure/docs/papers197_201_sequence/scouting/monochromatic_triangle_20260905/SCOUT_LEDGER.md:22:   fixed-anchor no-return, then the essential initially retired-vertex case,
/root/autodl-tmp/hilbert-polya-structure/docs/papers197_201_sequence/scouting/word_poset_lane/BREADTH_AND_KILL_LEDGER.md:18:| 8 / `C08_HMR` | On two ideals of the same star Heyting lattice, set `T(A,B)=(A meet B,A=>B)`. | `r=4`: 289 states, image 83, fixed 17, tail 2, max fibre 17. | `T^2(A,B)=(A meet B,top)`. | **`KILL_CANONICAL_LATTICE_SPLIT`.** The displayed normal form is the entire shallow result. |
/root/autodl-tmp/hilbert-polya-structure/docs/papers197_201_sequence/scouting/word_poset_lane/BREADTH_AND_KILL_LEDGER.md:84:| Binary-projective Steiner cyclic product words | The length-three instance is the retired P160 literal map and the family uses the same quasigroup-product engine. | `KILL_RETIRED_LITERAL_FAMILY` |
/root/autodl-tmp/hilbert-polya-structure/docs/papers204_208_sequence/scouting/algebra_fourth/SCOUT_REPORT.md:56:The entire inverse is bijective to static reflected-coordinate choices
/root/autodl-tmp/hilbert-polya-structure/docs/papers204_208_sequence/scouting/algebra_fourth/SCOUT_REPORT.md:69:prefix occurrence rank is the tableau column word, hence transpose. Its
/root/autodl-tmp/hilbert-polya-structure/docs/papers204_208_sequence/scouting/algebra_fourth/SCOUT_REPORT.md:70:entire recurrence and involution-number census transfer from that classical
/root/autodl-tmp/hilbert-polya-structure/docs/papers204_208_sequence/scouting/finite_systems_eighteenth/PROOF_AND_ADAPTERS.md:130:### 3.1 Double blocker and the entire temporal statement
/root/autodl-tmp/hilbert-polya-structure/docs/papers204_208_sequence/scouting/finite_systems_eighteenth/PROOF_AND_ADAPTERS.md:156:### 3.2 Every target and sharp maximum, entirely static
/root/autodl-tmp/hilbert-polya-structure/docs/papers204_208_sequence/scouting/finite_systems_eighteenth/PROOF_AND_ADAPTERS.md:198:restriction to symmetric incidence. It transfers the entire P106
/root/autodl-tmp/hilbert-polya-structure/docs/papers204_208_sequence/scouting/finite_systems_eighteenth/PROOF_AND_ADAPTERS.md:248:CRP and the old RSK retraction are mechanism-level warnings: static
/root/autodl-tmp/hilbert-polya-structure/docs/papers197_201_sequence/scouting/lfas_reentry_20260905/THEOREM_CONTRACT_AND_PROOF.md:27:Along its entire orbit:
/root/autodl-tmp/hilbert-polya-structure/docs/papers197_201_sequence/scouting/second_replacement_20260905/INTAKE.md:26:  in one box. Compute the entire transition graph, exact image, maximum tail,
/root/autodl-tmp/hilbert-polya-structure/docs/papers197_201_sequence/scouting/graph_matching_lane/BREADTH_AND_KILL_LEDGER.md:16:| 6 | `FCM` | Write a permutation in minimum-first canonical cycles ordered by increasing minima.  If at least two cycles occur, concatenate the first two cycle words into one cycle and retain the rest; otherwise hold. | Through `S_8`; at `n=8`: image 20,160, fixed 5,040, maximum tail 7, unique maximum fibre 8. | Tail is cycle count minus one; unsigned-Stirling depth layers; all long cycles fixed. | **`KILL_MCJ_PM1`**.  This is the serial first-block version of the already killed `MCJ`/`PM1` cut--join and flattened-cycle engine. |
/root/autodl-tmp/hilbert-polya-structure/docs/papers197_201_sequence/scouting/graph_matching_lane/BREADTH_AND_KILL_LEDGER.md:79:inequality.  This is mathematically complete, but its entire environment is a
/root/autodl-tmp/hilbert-polya-structure/papers/198-cyclic-monomer-matching/round0_frozen/main.tex:50:entire finite functional graph of one specified update.
/root/autodl-tmp/hilbert-polya-structure/papers/202-ternary-ordered-reset/PROOF_PACKAGE.md:6:the entire proof without needing this file.
/root/autodl-tmp/hilbert-polya-structure/docs/papers204_208_sequence/scouting/algebra_fourth/EC_PROOF_PACKAGE.md:152:primitive novelty credit. In particular, (3.2) is entirely adapted to the
/root/autodl-tmp/hilbert-polya-structure/docs/papers204_208_sequence/scouting/algebra_fourth/EC_PROOF_PACKAGE.md:159:entirely supplied by the explicit static branch adapter. Mathematical
/root/autodl-tmp/hilbert-polya-structure/docs/papers204_208_sequence/scouting/algebra_fourth/EC_PROOF_PACKAGE.md:185:tableau-transpose adapter. Its total assertion count is 139,395. It imports
/root/autodl-tmp/hilbert-polya-structure/docs/papers197_201_sequence/scouting/second_replacement_20260905/CONTRACTS_AND_PROOF.md:256:isotropic, it is one entire component, so deleting it leaves $p-1$ points.
/root/autodl-tmp/hilbert-polya-structure/docs/papers204_208_sequence/scouting/algebra/PROOF_NOTES.md:136:Ownership subtraction now includes the entire generic polarity-memory
/root/autodl-tmp/hilbert-polya-structure/docs/papers204_208_sequence/scouting/algebra/PROOF_NOTES.md:152:The entire q^8-state carrier is used, not a preselected commuting or
/root/autodl-tmp/hilbert-polya-structure/docs/papers204_208_sequence/scouting/discrete_geometry_seventh/INTAKE.md:49:pixels of the entire grid. No artificial empty-state sink is added.
/root/autodl-tmp/hilbert-polya-structure/docs/papers204_208_sequence/scouting/finite_structures_eighth/PROOF_BOUNDARIES.md:86:permanent. Thus this entire slice is ordinary adjugation over
/root/autodl-tmp/hilbert-polya-structure/docs/papers204_208_sequence/scouting/finite_structures_eighth/PROOF_BOUNDARIES.md:187:in $[1,n]$. Its value at a cycle vertex is the size of that entire
/root/autodl-tmp/hilbert-polya-structure/symbolic_dynamics/docs/papers112_116_sequence/scouting/STOCHASTIC_SCOUT.md:245:entire biased law at `p=1/5,1/2,3/4`, verifies stationarity and the exact
/root/autodl-tmp/hilbert-polya-structure/docs/papers204_208_sequence/scouting/finite_systems_twelfth/SCOUT_REPORT.md:51:| NCS | Complete one-step core and all fibres from elementary centralizers. | Entire temporal axis transfers; true inverse does not repair value. | `DESK_KILL_GENERIC_CENTRALIZER` |
/root/autodl-tmp/hilbert-polya-structure/docs/papers197_201_sequence/scouting/final_seat_tree_lane_20260905/LEDGER.md:22:with the entire actual predecessor set, including empty fibres, star hold
/root/autodl-tmp/hilbert-polya-structure/docs/papers204_208_sequence/scouting/finite_systems_twelfth/INTAKE.md:4:entire write scope. P207 B is sealed; OFS, triangulations and flip-family
/root/autodl-tmp/hilbert-polya-structure/docs/papers204_208_sequence/scouting/finite_systems_twelfth/INTAKE.md:58:  singleton fibres, entirely deducted. For p=2 it is the determinant
/root/autodl-tmp/hilbert-polya-structure/docs/papers204_208_sequence/scouting/finite_systems_twelfth/INTAKE.md:109:two-cycle in at most three steps. This entire time axis is a degree-two
/root/autodl-tmp/hilbert-polya-structure/symbolic_dynamics/docs/papers117_121_sequence/scouting/STOCHASTIC_SCOUT.md:313:  update `C*` sends the entire state to `(0,0,0)`.
/root/autodl-tmp/hilbert-polya-structure/docs/papers204_208_sequence/scouting/discrete_geometry_seventh/PROOF_BOUNDARIES.md:184:set; Euclidean lines are only one instance. Thus the entire proved
/root/autodl-tmp/hilbert-polya-structure/docs/papers204_208_sequence/scouting/discrete_geometry_seventh/PROOF_BOUNDARIES.md:185:time statement and the entire source-fibre reconstruction are
/root/autodl-tmp/hilbert-polya-structure/docs/papers204_208_sequence/scouting/discrete_geometry_seventh/PROOF_BOUNDARIES.md:421:classification was derived. The entire time argument already
/root/autodl-tmp/hilbert-polya-structure/docs/papers204_208_sequence/scouting/set_partition_sixth/PROOF_BOUNDARIES.md:21:calculation, but both are entirely accounted for by this adapter.
/root/autodl-tmp/hilbert-polya-structure/docs/papers204_208_sequence/scouting/set_partition_sixth/PROOF_BOUNDARIES.md:56:unique maximal chain would contain the entire interval and make it a
/root/autodl-tmp/hilbert-polya-structure/docs/papers204_208_sequence/scouting/set_partition_sixth/PROOF_BOUNDARIES.md:191:the generic bound of $|X|$ on the tail. This is the entire proved time
/root/autodl-tmp/hilbert-polya-structure/docs/papers204_208_sequence/scouting/set_partition_sixth/PROOF_BOUNDARIES.md:247:$[n]$. Thus $\mathrm{UD}^{-1}(T)=\mathrm{UZ}^{-1}(C(T))$ and its entire
/root/autodl-tmp/hilbert-polya-structure/docs/papers204_208_sequence/scouting/word_local/CPRM_PROOF_BOUNDARY.md:94:from their new sources $u$. This is an injection of the entire fibre
/root/autodl-tmp/hilbert-polya-structure/docs/papers204_208_sequence/scouting/combinatorial_second/PROOF_NOTES.md:20:the entire function, its predecessor sets and potentially its edges evolve.
/root/autodl-tmp/hilbert-polya-structure/docs/papers197_201_sequence/scouting/algebra_lane/BREADTH_AND_KILL_LEDGER.md:6:recent phase-one ledgers, retired candidates, and the standing collision
/root/autodl-tmp/hilbert-polya-structure/docs/papers197_201_sequence/scouting/algebra_lane/BREADTH_AND_KILL_LEDGER.md:317:  `papers/retired/160-binary-projective-steiner-triangle-collapse`.
/root/autodl-tmp/hilbert-polya-structure/docs/papers197_201_sequence/scouting/algebra_lane/BREADTH_AND_KILL_LEDGER.md:319:- **Disposition:** `KILL_LITERAL_RETIRED_P160`.
/root/autodl-tmp/hilbert-polya-structure/docs/papers204_208_sequence/scouting/word_local/SCOUT_REPORT.md:23:| ZA | Recompute the entire ordinary Z/prefix-match table, with first entry zero | Height 3; 64 two-cycles, apparently one recurrent state per noninitial zero mask | PROOF_PENDING, not a reserve or paper; separate author proof attempt in `ZA_PROOF_WORK/` |
/root/autodl-tmp/hilbert-polya-structure/docs/papers197_201_sequence/scouting/replacement_lane/BREADTH_AND_KILL_LEDGER.md:21:| `LFAS` | Binary `r x s` matrices.  Complement the lexicographically least alternating `2 x 2` rectangle; hold if none exists. | `4x4`: `65536` states, image `47114`, fixed `6902`, max observed tail `4`, max fibre `9`, periods `1,2`.  Row/column margins are invariant; selector indices descend; fixed points have the lonesum Stirling census; every target has an exact admissible-rectangle fibre atlas. | **`RESERVE_AMBER / NOT SELECTED`.**  This is not sorting or closure, but the switch is the standard contingency-table `2`-switch and the current all-size tail bound is not sharp. |
/root/autodl-tmp/hilbert-polya-structure/docs/papers197_201_sequence/scouting/replacement_lane/BREADTH_AND_KILL_LEDGER.md:23:| `BDC` | Labelled simple graphs.  Delete every bridge simultaneously. | At `n=5`: `1024` states, image=fixed `314`, max fibre `291`.  It is idempotent; the fibre over a bridgeless target is a weighted labelled-forest count on its connected components. | **`KILL_CANONICAL_PRUNING`.**  The inverse formula is clean, but the literal map is one-step bridge-core extraction and its entire clock is the pruning definition. |
/root/autodl-tmp/hilbert-polya-structure/docs/papers197_201_sequence/scouting/replacement_lane/BREADTH_AND_KILL_LEDGER.md:39:The separately delegated Stirling-permutation replacement, FOSP, is not
/root/autodl-tmp/hilbert-polya-structure/docs/papers204_208_sequence/scouting/finite_systems_fifteenth/SCOUT_REPORT.md:63:Each box in `CANONICAL.json` contains its entire ordered carrier, all
/root/autodl-tmp/hilbert-polya-structure/papers/198-cyclic-monomer-matching/main.tex:50:entire finite functional graph of one specified update.
/root/autodl-tmp/hilbert-polya-structure/docs/papers204_208_sequence/scouting/finite_systems_thirteenth/PROOF_AND_DISPOSITION.md:202:only state is fixed. This entire temporal deduction is generic finite
/root/autodl-tmp/hilbert-polya-structure/papers/197-ternary-cyclic-sign-difference/main.tex:122:The exact verifier reproduces the entire finite certificate, not just
/root/autodl-tmp/hilbert-polya-structure/papers/201-eventual-period-feedback/round0_frozen/main.tex:212:For $h\ge3$, $h(Pf)=h-1$ and the entire chain
/root/autodl-tmp/hilbert-polya-structure/docs/papers204_208_sequence/scouting/algebra_third/PROOF_AND_ADAPTER_NOTES.md:141:of Meunier's rule-72 statement in Proposition 3. Its entire temporal
/root/autodl-tmp/hilbert-polya-structure/docs/papers204_208_sequence/scouting/combinatorial/SCOUT_REPORT.md:26:| C08_TIR | Permutations: form insertion tableau `P(w)`, transpose it, then read rows bottom-to-top, within rows left-to-right. | `n=8`: `(40320,764,764,1,90)`; `T³=T`, and every positive fibre is the standard-tableau number of the target shape. | `KILL_RSK_INVOLUTION_LIFT`. The previously killed row-word RSK retraction with tableau transposition added; complete mathematics but no residual temporal axis. |
/root/autodl-tmp/hilbert-polya-structure/papers/204-previous-smaller-distance-feedback/PROOF_PACKAGE.md:53:recomputed from the previous entire word, not followed as pointers. The
/root/autodl-tmp/hilbert-polya-structure/docs/papers204_208_sequence/scouting/finite_systems_eleventh/PROOF_AND_DISPOSITION.md:186:This entire axis is an elementary two-root/square-character adapter,
/root/autodl-tmp/hilbert-polya-structure/docs/papers204_208_sequence/scouting/word_local/CONTRAST_PROOF_WORK/PROOF_PACKAGE.md:98:If $y$ has no zero, it uses only values 1 and 2, so $z=F(y)$ is entirely
/root/autodl-tmp/hilbert-polya-structure/docs/papers204_208_sequence/scouting/finite_algebra_ninth/SCOUT_REPORT.md:14:| ELD, Euler log derivative on truncated units | $p=5,m=6$: 3125 states, image/core 625, height 1, periods 1/2/4/20, maximum fibre 5. | Complete ghost image, uniform fibres and image permutation; the entire static axis is the classical ghost primitive. Height is only zero/one; no individual-cycle atlas. | `NO_PROMOTION_GHOST_ADAPTER` |
/root/autodl-tmp/hilbert-polya-structure/docs/papers197_201_sequence/scouting/replacement_stirling_lane/BREADTH_AND_KILL_LEDGER.md:16:| FOSP | order-`n` Stirling permutations | at the two `1`s, delete both, decrement survivors, and insert adjacent `nn` at the old first-`1` gap; `n=0,1` hold | exact depth `max` nonplateau label; CDF `(n+t)!/(2^t t!)`; image `2^(n-1)(n-1)!`; every-target fibre | **PROMOTE_SPIKE / OWNER_AMBER** |
/root/autodl-tmp/hilbert-polya-structure/docs/papers197_201_sequence/scouting/replacement_stirling_lane/BREADTH_AND_KILL_LEDGER.md:17:| RBCR | Stirling permutations with their unique maximal depth-zero block factorization `W_1...W_d` | if `d>=2`, send `W_1...W_d` to `W_2...W_dW_1`; if `d<=1`, hold | period is exactly the root-block count modulo rotational symmetry; bijective | `KILL_GENERIC_COMPONENT_ROTATION` |
/root/autodl-tmp/hilbert-polya-structure/docs/papers197_201_sequence/scouting/replacement_stirling_lane/BREADTH_AND_KILL_LEDGER.md:18:| O1CR | Stirling permutations written uniquely `A 1 B 1 C` | send `A 1 B 1 C` to `B 1 C 1 A`; no choices; `n=0` holds | a literal order-three compartment action | `KILL_FINITE_ACTION_NO_TAIL` |
/root/autodl-tmp/hilbert-polya-structure/docs/papers197_201_sequence/scouting/replacement_stirling_lane/BREADTH_AND_KILL_LEDGER.md:19:| MMGI | Stirling permutations | delete the always-adjacent maximum pair `nn`; if its gap is `g` among `0,...,2n-2`, reinsert it at gap `2n-2-g`; `n=0` holds | explicit involution and fixed-gap census | `KILL_CANONICAL_INVOLUTION` |
/root/autodl-tmp/hilbert-polya-structure/docs/papers197_201_sequence/scouting/replacement_stirling_lane/BREADTH_AND_KILL_LEDGER.md:29:- RBCR and O1CR only move complete Stirling blocks, so no equal pair is cut.
/root/autodl-tmp/hilbert-polya-structure/docs/papers197_201_sequence/scouting/replacement_stirling_lane/BREADTH_AND_KILL_LEDGER.md:31:  inserted in every gap of the reduced Stirling permutation.
/root/autodl-tmp/hilbert-polya-structure/docs/papers204_208_sequence/scouting/finite_systems_sixteenth/PROOF_AND_DISPOSITION.md:77:This entire maximum mechanism holds for any chosen section $c$ of a finite
/root/autodl-tmp/hilbert-polya-structure/docs/papers204_208_sequence/scouting/finite_systems_sixteenth/PROOF_AND_DISPOSITION.md:217:  $s$ of $q$. The entire add case is a three-vertex wedge/triangle toggle.
/root/autodl-tmp/hilbert-polya-structure/docs/papers197_201_sequence/scouting/replacement_stirling_lane/PROOF_CERTIFICATE.md:11:is a Stirling permutation, and every Stirling permutation has a unique such
/root/autodl-tmp/hilbert-polya-structure/docs/papers197_201_sequence/scouting/replacement_stirling_lane/PROOF_CERTIFICATE.md:32:`j>=2` retains its entire ordered child list and receives label `j-1`; the new
/root/autodl-tmp/hilbert-polya-structure/docs/papers197_201_sequence/scouting/replacement_stirling_lane/PROOF_CERTIFICATE.md:54:Every order-`k` Stirling permutation is obtained uniquely by inserting the
/root/autodl-tmp/hilbert-polya-structure/symbolic_dynamics/docs/papers117_121_sequence/scouting/STOCHASTIC_PHASE2B_SCOUT.md:201:  polynomial/continued-fraction recurrences for the entire terminal-size PGF.
/root/autodl-tmp/hilbert-polya-structure/symbolic_dynamics/docs/papers117_121_sequence/scouting/STOCHASTIC_PHASE2B_SCOUT.md:498:  including its Stirling formula, is directly in Javanian--Vahidi-Asl
/root/autodl-tmp/hilbert-polya-structure/symbolic_dynamics/docs/papers117_121_sequence/scouting/STOCHASTIC_PHASE2B_SCOUT.md:503:  the classical permutation-cycle/record bijection for Stirling numbers.
/root/autodl-tmp/hilbert-polya-structure/symbolic_dynamics/docs/papers117_121_sequence/scouting/STOCHASTIC_PHASE2B_SCOUT.md:601:| B09 | Javanian--Vahidi-Asl | exact Stirling outdegree law directly owned |
/root/autodl-tmp/hilbert-polya-structure/docs/papers204_208_sequence/scouting/graph_geometry_third/PROOF_BOUNDARIES.md:66:operators consequently agree on this entire cycle family.
/root/autodl-tmp/hilbert-polya-structure/docs/papers204_208_sequence/scouting/finite_systems_thirteenth/INTAKE.md:36:Engel background already consume its entire inverse. It is not one of the
/root/autodl-tmp/hilbert-polya-structure/docs/papers204_208_sequence/scouting/finite_systems_thirteenth/INTAKE.md:134:EIM twice gives EIM once. The entire temporal axis is a consensus-image
/root/autodl-tmp/hilbert-polya-structure/docs/papers204_208_sequence/scouting/set_partition_sixth/INTAKE.md:74:so that entire static axis is also explicitly deducted; postcomposition
/root/autodl-tmp/hilbert-polya-structure/docs/papers204_208_sequence/scouting/set_partition_sixth/INTAKE.md:85:empty family. Thus the literal is autonomous on the entire same carrier.
/root/autodl-tmp/hilbert-polya-structure/docs/papers204_208_sequence/scouting/set_partition_sixth/INTAKE.md:90:The ordinary blocker primitive is entirely owned; MHT is a rank-filtered
/root/autodl-tmp/hilbert-polya-structure/papers/203-monochromatic-triangle-complementation/revision_a/cold_build/main.tex:36:retired before this anchor stabilizes. The maximum entrance time is
/root/autodl-tmp/hilbert-polya-structure/papers/203-monochromatic-triangle-complementation/revision_a/cold_build/main.tex:180:anchor edge flipped once. Retired $v_i$, $1\le i<t$, have that edge
/root/autodl-tmp/hilbert-polya-structure/papers/203-monochromatic-triangle-complementation/revision_a/cold_build/main.tex:183:a monochromatic triple with $0$. Nor does a retired/future pair: their
/root/autodl-tmp/hilbert-polya-structure/papers/203-monochromatic-triangle-complementation/revision_a/cold_build/main.tex:186:is one. Retired/retired eligible pairs are later than the proposed pair.
/root/autodl-tmp/hilbert-polya-structure/papers/203-monochromatic-triangle-complementation/revision_a/cold_build/main.tex:190:colour $s_t=1-(t\bmod2)$ is wrong. Every carry/retired eligible pair is
/root/autodl-tmp/hilbert-polya-structure/papers/203-monochromatic-triangle-complementation/revision_a/cold_build/main.tex:191:later because retired labels exceed the next future label. Non-anchor
/root/autodl-tmp/hilbert-polya-structure/docs/papers204_208_sequence/scouting/word_local/ARITHMETIC_LOCAL_INTAKE.md:68:pre-pilot convergence paragraph is therefore withdrawn in its entirety;
/root/autodl-tmp/hilbert-polya-structure/docs/papers204_208_sequence/scouting/graph_relation/SCOUT_REPORT.md:12:updates read the entire old state before producing the next one.
/root/autodl-tmp/hilbert-polya-structure/symbolic_dynamics/docs/papers162_166_sequence/scouting/open_fresh_p166_round7/SCOUT.md:212:The only candidate with two closed raw axes is `LHF`, whose entire proof
/root/autodl-tmp/hilbert-polya-structure/docs/papers204_208_sequence/scouting/word_local/NCC_INTAKE.md:30:QHK's entire source/static adapter must be read before any promotion.
/root/autodl-tmp/hilbert-polya-structure/symbolic_dynamics/docs/papers147_151_sequence/scouting/combinatorial/SCOUT.md:214:The verifier checks the temporal layer formula and the entire polynomial for
/root/autodl-tmp/hilbert-polya-structure/symbolic_dynamics/docs/papers107_111_sequence/scouting/STOCHASTIC_SCOUT.md:555:1. The entire reduced word is a canonical finite-time normal form.
/root/autodl-tmp/hilbert-polya-structure/docs/papers204_208_sequence/scouting/finite_systems_twenty_first/PROOF_PACKAGE.md:87:entire forward cycles agree. If there are $k$ codes with union size $L$, then
/root/autodl-tmp/hilbert-polya-structure/symbolic_dynamics/docs/papers162_166_sequence/scouting/random_coloring_refinement/SCOUT.md:63:`delta`; it is the unique absorbing state.  Falling factorials and Stirling
/root/autodl-tmp/hilbert-polya-structure/symbolic_dynamics/docs/papers162_166_sequence/scouting/random_coloring_refinement/SCOUT.md:67:(x)_j = x(x-1)...(x-j+1),       S(b,j) = Stirling2(b,j),
/root/autodl-tmp/hilbert-polya-structure/symbolic_dynamics/docs/papers162_166_sequence/scouting/random_coloring_refinement/SCOUT.md:88:with all functions `a:[n]->[Q]`.  Thus the entire `t`-step law is one uniform
/root/autodl-tmp/hilbert-polya-structure/symbolic_dynamics/docs/papers162_166_sequence/scouting/random_coloring_refinement/SCOUT.md:364:- every zeta eigenrelation and every Stirling multiplicity;
/root/autodl-tmp/hilbert-polya-structure/docs/papers204_208_sequence/scouting/word_local/UGR_PROOF_WORK/PROOF_PACKAGE.md:329:zero, which sees two ones and becomes two. The entire word is alternating
/root/autodl-tmp/hilbert-polya-structure/docs/papers204_208_sequence/scouting/combinatorial/PROOF_NOTES.md:93:## C08_TIR: classical retraction with an involution
/root/autodl-tmp/hilbert-polya-structure/docs/papers204_208_sequence/scouting/combinatorial/PROOF_NOTES.md:96:`j` tableau transpose. The standard identity `p r=id` and `j²=id` give
/root/autodl-tmp/hilbert-polya-structure/docs/papers204_208_sequence/scouting/word_local/CIRCULAR_SCOUT_REPORT.md:80:NS/P204's adverse manuscript Review A is a live caution: its entire
/root/autodl-tmp/hilbert-polya-structure/papers/200-lex-first-alternating-switch/main.tex:107:Along its entire orbit, the first index $i$ is constant and the least
/root/autodl-tmp/hilbert-polya-structure/papers/200-lex-first-alternating-switch/main.tex:266:For every nonfixed target $Y$, its entire inverse set is
/root/autodl-tmp/hilbert-polya-structure/papers/200-lex-first-alternating-switch/main.tex:359:entire itinerary \eqref{eq:itinerary}, not only its final tail length.
/root/autodl-tmp/hilbert-polya-structure/docs/papers204_208_sequence/scouting/finite_systems_fourteenth/INTAKE.md:75:below consumes the entire temporal mechanism.
/root/autodl-tmp/hilbert-polya-structure/docs/papers204_208_sequence/scouting/finite_systems_fourteenth/INTAKE.md:141:entire time axis is generic self-map powering. Its direct primary definition
/root/autodl-tmp/hilbert-polya-structure/docs/papers204_208_sequence/scouting/finite_algebra_ninth/PROOF_AND_ADAPTER_NOTES.md:131:**Open risk / disposition:** Hamilton's static allocation rule is entirely
/root/autodl-tmp/hilbert-polya-structure/docs/papers204_208_sequence/scouting/word_local/LUB_PROOF_WORK/PROOF_AND_DISPOSITION.md:15:2. LUB's output recovers the entire original upper-component tree,
/root/autodl-tmp/hilbert-polya-structure/docs/papers204_208_sequence/scouting/word_local/LUB_PROOF_WORK/PROOF_AND_DISPOSITION.md:82:entire connected set $C\cup\{k\}$ is present. Therefore
/root/autodl-tmp/hilbert-polya-structure/symbolic_dynamics/docs/papers162_166_sequence/scouting/root_random_alphabet_erasure/SCOUT.md:128:Alphabet projection, Stirling surjection counts, binomial insertion, and the
/root/autodl-tmp/hilbert-polya-structure/symbolic_dynamics/docs/papers132_136_sequence/replacement_scout/nondivisor_algebra/SCOUT.md:439:It is correct and has real two-cycles, but it shares the entire carrier,
/root/autodl-tmp/hilbert-polya-structure/papers/203-monochromatic-triangle-complementation/qa/draft_build/main.tex:36:retired before this anchor stabilizes. The maximum entrance time is
/root/autodl-tmp/hilbert-polya-structure/papers/203-monochromatic-triangle-complementation/qa/draft_build/main.tex:180:anchor edge flipped once. Retired $v_i$, $1\le i<t$, have that edge
/root/autodl-tmp/hilbert-polya-structure/papers/203-monochromatic-triangle-complementation/qa/draft_build/main.tex:183:a monochromatic triple with $0$. Nor does a retired/future pair: their
/root/autodl-tmp/hilbert-polya-structure/papers/203-monochromatic-triangle-complementation/qa/draft_build/main.tex:186:is one. Retired/retired eligible pairs are later than the proposed pair.
/root/autodl-tmp/hilbert-polya-structure/papers/203-monochromatic-triangle-complementation/qa/draft_build/main.tex:190:colour $s_t=1-(t\bmod2)$ is wrong. Every carry/retired eligible pair is
/root/autodl-tmp/hilbert-polya-structure/papers/203-monochromatic-triangle-complementation/qa/draft_build/main.tex:191:later because retired labels exceed the next future label. Non-anchor
/root/autodl-tmp/hilbert-polya-structure/symbolic_dynamics/docs/papers142_146_sequence/scouting/combinatorial/SCOUT.md:37:  priority-first traversal and its entire pointwise fibre product transfers,
/root/autodl-tmp/hilbert-polya-structure/symbolic_dynamics/docs/papers142_146_sequence/scouting/combinatorial/SCOUT.md:68:| **P02** | Permutations; perform RSK insertion, discard the recording tableau, and return the bottom-to-top row word of the insertion tableau. | `1<=n<=8`; 46,233 states; periods `1`; max tail `1`; last `I/F=764/764`.  Every fibre equals the hook-length count of recording tableaux of the target shape. | **PERMANENT KILL -- RSK RETRACTION.**  The fibre is the classical RSK correspondence, and the system is idempotent. |
/root/autodl-tmp/hilbert-polya-structure/symbolic_dynamics/docs/papers162_166_sequence/scouting/word_combinatorial/verify_scout.py:562:    A.eq(len(fibres), 232, "RSK canonical image/involutions count")
/root/autodl-tmp/hilbert-polya-structure/papers/201-eventual-period-feedback/main.tex:212:For $h\ge3$, $h(Pf)=h-1$ and the entire chain
/root/autodl-tmp/hilbert-polya-structure/papers/199-first-one-stirling-splice/round0_snapshot/main.tex:23:\title[Depth and fibres of a Stirling join]{A Cyclically Relabelled Stirling Join:\\
/root/autodl-tmp/hilbert-polya-structure/papers/199-first-one-stirling-splice/round0_snapshot/main.tex:27:\keywords{Stirling permutation, increasing plane tree, finite dynamical system,
/root/autodl-tmp/hilbert-polya-structure/papers/199-first-one-stirling-splice/round0_snapshot/main.tex:31:On Stirling permutations of order $n$, join the two occurrences of label
/root/autodl-tmp/hilbert-polya-structure/papers/199-first-one-stirling-splice/round0_snapshot/main.tex:48:A Stirling permutation of order $n$ is a word in which every label in
/root/autodl-tmp/hilbert-polya-structure/papers/199-first-one-stirling-splice/round0_snapshot/main.tex:67:For completeness, the pair intervals in a Stirling word cannot cross:
/root/autodl-tmp/hilbert-polya-structure/papers/199-first-one-stirling-splice/round0_snapshot/main.tex:94:Stirling self-maps. The joins, flattening mechanism, and bare $n-1$ scale
/root/autodl-tmp/hilbert-polya-structure/papers/199-first-one-stirling-splice/round0_snapshot/main.tex:194:in the contour: the maximum pair is adjacent in every Stirling word.
/root/autodl-tmp/hilbert-polya-structure/papers/199-first-one-stirling-splice/round0_snapshot/main.tex:274:with the entire graph predecessor set, including targets with no source.
/root/autodl-tmp/hilbert-polya-structure/docs/papers204_208_sequence/scouting/word_local/NS_PROOF_PACKAGE.md:53:recomputed from the previous entire word, not followed as pointers. The
/root/autodl-tmp/hilbert-polya-structure/docs/papers197_201_sequence/scouting/nonlinear_fifth_20260905/SCOUT_AND_DISPOSITION.md:67:the entire carrier is a disjoint bundle of standard scalar quadratic
/root/autodl-tmp/hilbert-polya-structure/papers/194-least-raising-crystal-words/main.tex:252:Each component contributes its unique highest word.  Under RSK, involutions
/root/autodl-tmp/hilbert-polya-structure/docs/papers204_208_sequence/scouting/word_local/COMPONENT_SCOUT_REPORT.md:102:1^n. Its fibre is only the classical occupancy/Stirling count. This
/root/autodl-tmp/hilbert-polya-structure/papers/191-prefix-divisibility-cuts/PROOF_PACKAGE.md:71:length-`N` composition consists entirely of ones and is fixed.  Hence
/root/autodl-tmp/hilbert-polya-structure/symbolic_dynamics/docs/papers152_156_sequence/scouting/combinatorial_replacement2/SCOUT.md:327:## 7. SYT — tableau transpose
/root/autodl-tmp/hilbert-polya-structure/papers/203-monochromatic-triangle-complementation/qa/cold_build1/main.tex:36:retired before this anchor stabilizes. The maximum entrance time is
/root/autodl-tmp/hilbert-polya-structure/papers/203-monochromatic-triangle-complementation/qa/cold_build1/main.tex:180:anchor edge flipped once. Retired $v_i$, $1\le i<t$, have that edge
/root/autodl-tmp/hilbert-polya-structure/papers/203-monochromatic-triangle-complementation/qa/cold_build1/main.tex:183:a monochromatic triple with $0$. Nor does a retired/future pair: their
/root/autodl-tmp/hilbert-polya-structure/papers/203-monochromatic-triangle-complementation/qa/cold_build1/main.tex:186:is one. Retired/retired eligible pairs are later than the proposed pair.
/root/autodl-tmp/hilbert-polya-structure/papers/203-monochromatic-triangle-complementation/qa/cold_build1/main.tex:190:colour $s_t=1-(t\bmod2)$ is wrong. Every carry/retired eligible pair is
/root/autodl-tmp/hilbert-polya-structure/papers/203-monochromatic-triangle-complementation/qa/cold_build1/main.tex:191:later because retired labels exceed the next future label. Non-anchor
/root/autodl-tmp/hilbert-polya-structure/papers/199-first-one-stirling-splice/round0_snapshot/PROOF_PACKAGE.md:29:Brualdi–Dahl. Relabelling c alone is not a Stirling self-map.
/root/autodl-tmp/hilbert-polya-structure/docs/papers204_208_sequence/scouting/word_local/MNC_GATE/SOURCE_AND_PROOF.md:78:most one, so after one more update the entire block is binary. A
/root/autodl-tmp/hilbert-polya-structure/docs/papers204_208_sequence/scouting/word_local/MNC_GATE/SOURCE_AND_PROOF.md:82:entirely binary. In both cases $F(y)$ is an image and its zeros are
/root/autodl-tmp/hilbert-polya-structure/symbolic_dynamics/docs/papers177_181_sequence/scouting/stochastic_graph_lane/SCOUT_AND_KILL_LEDGER.md:25:| `RSG` | graphs; union with the star at a fresh uniform vertex | every noncomplete endpoint records the exact set of sampled centres and has fibre (k!S(t,k)); completion occurs at (n-1) distinct centres | **`KILL_COUPON_OCCUPANCY`.**  This is a coupon collector encoded by star complements; Stirling occupancy is also newly occupied by P172 and supplies the whole theorem. |
/root/autodl-tmp/hilbert-polya-structure/symbolic_dynamics/docs/papers157_161_sequence/phase1/combinatorial_gate/THEOREM_CONTRACTS_AND_PROOFS.md:25:Thus the entire first-child subtree at every currently surviving vertex is
/root/autodl-tmp/hilbert-polya-structure/symbolic_dynamics/docs/papers157_161_sequence/phase1/sce/PROOF_PACKAGE.md:251:$n=m/m_{\parallel}$.  Every prime common to $k$ and $m$ was placed entirely
/root/autodl-tmp/hilbert-polya-structure/symbolic_dynamics/docs/papers157_161_sequence/phase1/sce/PROOF_PACKAGE.md:362:$m_{\parallel}=1$ and $h=0$, so the entire carrier is the permutation core.
/root/autodl-tmp/hilbert-polya-structure/docs/papers204_208_sequence/scouting/discrete_geometry_seventh/SCOUT_REPORT.md:18:| OLS | On a centred integer rectangle, compress occupied counts horizontally and then on $x-y$ diagonals using one fixed point priority $(x^2+y^2,x,y)$. | Eight boxes in the intake, at most 15 ambient pixels / 32,768 states. | Common rank potential proves fixed recurrence and a coarse clock. Every source fibre is a weighted sum over first-stage row counts. This entire proof works for arbitrary two partitions of any finite ordered set. | `KILL_FULL_COMPRESSION_ADAPTER` |
/root/autodl-tmp/hilbert-polya-structure/docs/papers204_208_sequence/scouting/discrete_geometry_seventh/SCOUT_REPORT.md:20:| NTL | Output lattice points with at least two nearest old sites in squared Euclidean distance; empty maps to empty. | Same eight full grids. | Empty is the only fixed state. On every line the sharp clock is $\lceil N/2\rceil$, entirely midpoint boundary erosion. A $2\times2$ diagonal-pair two-cycle prevents transferring line nilpotence to 2D. No 2D two-axis contract. | `KILL_INCOMPLETE_CONJUNCTION` |
/root/autodl-tmp/hilbert-polya-structure/papers/203-monochromatic-triangle-complementation/main.tex:36:retired before this anchor stabilizes. The maximum entrance time is
/root/autodl-tmp/hilbert-polya-structure/papers/203-monochromatic-triangle-complementation/main.tex:180:anchor edge flipped once. Retired $v_i$, $1\le i<t$, have that edge
/root/autodl-tmp/hilbert-polya-structure/papers/203-monochromatic-triangle-complementation/main.tex:183:a monochromatic triple with $0$. Nor does a retired/future pair: their
/root/autodl-tmp/hilbert-polya-structure/papers/203-monochromatic-triangle-complementation/main.tex:186:is one. Retired/retired eligible pairs are later than the proposed pair.
/root/autodl-tmp/hilbert-polya-structure/papers/203-monochromatic-triangle-complementation/main.tex:190:colour $s_t=1-(t\bmod2)$ is wrong. Every carry/retired eligible pair is
/root/autodl-tmp/hilbert-polya-structure/papers/203-monochromatic-triangle-complementation/main.tex:191:later because retired labels exceed the next future label. Non-anchor
/root/autodl-tmp/hilbert-polya-structure/symbolic_dynamics/docs/papers132_136_sequence/replacement_scout/inversion_rank/SCOUT.md:76:   `i`, so the entire state is fixed by round `n-2`.  Thus every recurrent state
/root/autodl-tmp/hilbert-polya-structure/papers/200-lex-first-alternating-switch/round0_snapshot/main.tex:107:Along its entire orbit, the first index $i$ is constant and the least
/root/autodl-tmp/hilbert-polya-structure/papers/200-lex-first-alternating-switch/round0_snapshot/main.tex:266:For every nonfixed target $Y$, its entire inverse set is
/root/autodl-tmp/hilbert-polya-structure/papers/200-lex-first-alternating-switch/round0_snapshot/main.tex:359:entire itinerary \eqref{eq:itinerary}, not only its final tail length.
/root/autodl-tmp/hilbert-polya-structure/papers/189-transpose-row-compression/main.tex:54:The one-dimensional boundary is entirely fixed.  Ferrers diagrams,
/root/autodl-tmp/hilbert-polya-structure/symbolic_dynamics/docs/papers162_166_sequence/scouting/open_fresh_p166_round2/SCOUT.md:244:The fibre is clean, but its entire structure is only the familiar fact that
/root/autodl-tmp/hilbert-polya-structure/papers/203-monochromatic-triangle-complementation/revision_a/main.tex:36:retired before this anchor stabilizes. The maximum entrance time is
/root/autodl-tmp/hilbert-polya-structure/papers/203-monochromatic-triangle-complementation/revision_a/main.tex:180:anchor edge flipped once. Retired $v_i$, $1\le i<t$, have that edge
/root/autodl-tmp/hilbert-polya-structure/papers/203-monochromatic-triangle-complementation/revision_a/main.tex:183:a monochromatic triple with $0$. Nor does a retired/future pair: their
/root/autodl-tmp/hilbert-polya-structure/papers/203-monochromatic-triangle-complementation/revision_a/main.tex:186:is one. Retired/retired eligible pairs are later than the proposed pair.
/root/autodl-tmp/hilbert-polya-structure/papers/203-monochromatic-triangle-complementation/revision_a/main.tex:190:colour $s_t=1-(t\bmod2)$ is wrong. Every carry/retired eligible pair is
/root/autodl-tmp/hilbert-polya-structure/papers/203-monochromatic-triangle-complementation/revision_a/main.tex:191:later because retired labels exceed the next future label. Non-anchor
/root/autodl-tmp/hilbert-polya-structure/symbolic_dynamics/docs/papers162_166_sequence/scouting/cyclic_successor_feedback/SCOUT.md:35:entire temporal/recurrent axis is owned.  Lucas hard-core counts, constrained
/root/autodl-tmp/hilbert-polya-structure/symbolic_dynamics/docs/papers162_166_sequence/scouting/cyclic_successor_feedback/SCOUT.md:406:1. The entire binary update (2), its one-step forbidden-adjacency image, and
/root/autodl-tmp/hilbert-polya-structure/docs/papers204_208_sequence/scouting/finite_systems_twentieth/PROOF_AND_ADAPTERS.md:133:entire inverse is independent equations $cx=y$ with the coefficient fixed
/root/autodl-tmp/hilbert-polya-structure/papers/203-monochromatic-triangle-complementation/qa/cold_build2/main.tex:36:retired before this anchor stabilizes. The maximum entrance time is
/root/autodl-tmp/hilbert-polya-structure/papers/203-monochromatic-triangle-complementation/qa/cold_build2/main.tex:180:anchor edge flipped once. Retired $v_i$, $1\le i<t$, have that edge
/root/autodl-tmp/hilbert-polya-structure/papers/203-monochromatic-triangle-complementation/qa/cold_build2/main.tex:183:a monochromatic triple with $0$. Nor does a retired/future pair: their
/root/autodl-tmp/hilbert-polya-structure/papers/203-monochromatic-triangle-complementation/qa/cold_build2/main.tex:186:is one. Retired/retired eligible pairs are later than the proposed pair.
/root/autodl-tmp/hilbert-polya-structure/papers/203-monochromatic-triangle-complementation/qa/cold_build2/main.tex:190:colour $s_t=1-(t\bmod2)$ is wrong. Every carry/retired eligible pair is
/root/autodl-tmp/hilbert-polya-structure/papers/203-monochromatic-triangle-complementation/qa/cold_build2/main.tex:191:later because retired labels exceed the next future label. Non-anchor
/root/autodl-tmp/hilbert-polya-structure/docs/papers204_208_sequence/scouting/graph_geometry_fourth/PROOF_BOUNDARIES.md:33:and equals one for n=0. This proves the entire recurrent set, not its
/root/autodl-tmp/hilbert-polya-structure/docs/papers204_208_sequence/scouting/graph_geometry_fourth/PROOF_BOUNDARIES.md:60:source. It removes the entire claimed inverse axis. We have neither a
/root/autodl-tmp/hilbert-polya-structure/symbolic_dynamics/docs/papers162_166_sequence/scouting/outdegree_residue_clustering/verify_scout.py:206:def stirling_two(n):
/root/autodl-tmp/hilbert-polya-structure/symbolic_dynamics/docs/papers162_166_sequence/scouting/outdegree_residue_clustering/verify_scout.py:210:def stirling_three(n):
/root/autodl-tmp/hilbert-polya-structure/symbolic_dynamics/docs/papers162_166_sequence/scouting/outdegree_residue_clustering/verify_scout.py:352:        check(image == 1 + stirling_two(n) + stirling_three(n))
/root/autodl-tmp/hilbert-polya-structure/symbolic_dynamics/docs/papers162_166_sequence/scouting/replacement_matchings_incidence/SCOUT.md:67:entire state space was enumerated and its full functional graph classified.
/root/autodl-tmp/hilbert-polya-structure/docs/papers204_208_sequence/scouting/set_partition_sixth/SCOUT_REPORT.md:26:| UD, exactly one disjoint old edge | $n=4$: 65,536 / 1,447 / 484 | Height 13; periods 1,2,3,4,5,6,8 | Entire inverse is old UZ after target complementation; no uniform temporal classification |
/root/autodl-tmp/hilbert-polya-structure/symbolic_dynamics/papers/06-binary-parry-archimedean-factor/sections/1_introduction.tex:62:$t=0$, without any commutation hypothesis. The entire vertical parameter is
/root/autodl-tmp/hilbert-polya-structure/symbolic_dynamics/docs/papers112_116_sequence/scouting/COMBINATORIAL_SCOUT.md:514:If a part `a` has multiplicity `m`, replace its entire parallel class by the
/root/autodl-tmp/hilbert-polya-structure/symbolic_dynamics/docs/papers162_166_sequence/scouting/root_cyclic_partition_erosion/verify_scout.py:180:    stirling = [[0] * (n + 1) for _ in range(n + 1)]
/root/autodl-tmp/hilbert-polya-structure/symbolic_dynamics/docs/papers162_166_sequence/scouting/root_cyclic_partition_erosion/verify_scout.py:181:    stirling[0][0] = 1
/root/autodl-tmp/hilbert-polya-structure/symbolic_dynamics/docs/papers162_166_sequence/scouting/root_cyclic_partition_erosion/verify_scout.py:184:            stirling[m][k] = stirling[m - 1][k - 1] + k * stirling[m - 1][k]
/root/autodl-tmp/hilbert-polya-structure/symbolic_dynamics/docs/papers162_166_sequence/scouting/root_cyclic_partition_erosion/verify_scout.py:185:    return tuple(stirling[n])
/root/autodl-tmp/hilbert-polya-structure/symbolic_dynamics/docs/papers162_166_sequence/scouting/root_partition_pullback/verify_scout.py:88:def stirling2(n: int, k: int) -> int:
/root/autodl-tmp/hilbert-polya-structure/symbolic_dynamics/docs/papers162_166_sequence/scouting/root_partition_pullback/verify_scout.py:93:    return stirling2(n - 1, k - 1) + k * stirling2(n - 1, k)
/root/autodl-tmp/hilbert-polya-structure/symbolic_dynamics/docs/papers162_166_sequence/scouting/root_partition_pullback/verify_scout.py:98:    return sum(stirling2(n, k) for k in range(n + 1))
/root/autodl-tmp/hilbert-polya-structure/symbolic_dynamics/docs/papers162_166_sequence/scouting/root_partition_pullback/verify_scout.py:117:            s = stirling2(j, k)
/root/autodl-tmp/hilbert-polya-structure/symbolic_dynamics/docs/papers107_111_sequence/scouting/COMBINATORIAL_SCOUT.md:285:entire cyclic-word dynamics.  This is structural, not a numerical accident.
/root/autodl-tmp/hilbert-polya-structure/symbolic_dynamics/docs/papers162_166_sequence/scouting/root/SCOUT.md:172:its entire theorem engine transfers from the occupied tree lane.  It is
/root/autodl-tmp/hilbert-polya-structure/symbolic_dynamics/docs/papers142_146_sequence/scouting/stochastic/SCOUT.md:449:| `CS1` | capped Fibonacci absorption and balanced compositions | Literal monotone chip jumps are distinct; the entire theorem transfers from one/two-step renewal compositions. **Kill.** |
/root/autodl-tmp/hilbert-polya-structure/symbolic_dynamics/docs/papers117_121_sequence/scouting/COMBINATORIAL_PHASE2C_SCOUT.md:99:consists entirely of fixed trees and has odd total order.  The odd part of
/root/autodl-tmp/hilbert-polya-structure/symbolic_dynamics/docs/papers117_121_sequence/scouting/COMBINATORIAL_PHASE2C_SCOUT.md:543:  and the entire census may be an immediate `q=-1` specialization.
/root/autodl-tmp/hilbert-polya-structure/docs/papers197_201_sequence/scouting/replacement_after_cmm_20260905/SCOUT_DISPOSITIONS.md:25:The OR contract specifies the entire forbidden21 image, each target's
/root/autodl-tmp/hilbert-polya-structure/symbolic_dynamics/papers/106-synchronous-mis-polarity-dynamics/main.tex:90:entire periodic set, not merely a fixed-point count.
/root/autodl-tmp/hilbert-polya-structure/symbolic_dynamics/papers/106-synchronous-mis-polarity-dynamics/main.tex:324:configurations.  Bipartiteness then turns the entire periodic count into the
/root/autodl-tmp/hilbert-polya-structure/symbolic_dynamics/docs/papers122_126_sequence/scouting/root/SCOUT.md:26:| X05 | replace a set partition by the multiplicities of its block sizes | weighted frequency fibres | kill: X04 engine with Stirling decoration |
/root/autodl-tmp/hilbert-polya-structure/papers/199-first-one-stirling-splice/PROOF_PACKAGE.md:29:Brualdi–Dahl. Relabelling c alone is not a Stirling self-map.
/root/autodl-tmp/hilbert-polya-structure/symbolic_dynamics/docs/papers162_166_sequence/scouting/open_fresh_p166_round5/SCOUT.md:86:The verifier exhausts the entire Boolean-function phase through `n=4`, or
/root/autodl-tmp/hilbert-polya-structure/symbolic_dynamics/docs/papers162_166_sequence/scouting/word_combinatorial/SCOUT.md:73:| `RKC` | RSK-insert a permutation and output the bottom-to-top row word of its insertion tableau | on `S_7`, idempotent image 232; fibre sizes `1,6,14,15,20,21,35` | image is one canonical word per SYT; fibre is the number of recording tableaux of the shape; temporal depth one | direct RSK/Knuth-class canonicalization and only a one-step retraction | `KILL_DIRECT_OWNER_SHALLOW` |
/root/autodl-tmp/hilbert-polya-structure/symbolic_dynamics/docs/papers127_131_sequence/proof_spikes/ROOTWARD_PATH_PROOF_REPORT.md:143:a finite acyclic recursion, so it uniquely determines the entire law.
/root/autodl-tmp/hilbert-polya-structure/symbolic_dynamics/docs/papers172_176_sequence/scouting/fresh_geometry_automata/ORT_OWNER_KILL.md:16:form a standard Young tableau.  Reapplying the map transposes this tableau.
/root/autodl-tmp/hilbert-polya-structure/symbolic_dynamics/docs/papers172_176_sequence/scouting/fresh_geometry_automata/ORT_OWNER_KILL.md:21:- for every `n>=2` there are no fixed states and the entire image consists of
/root/autodl-tmp/hilbert-polya-structure/symbolic_dynamics/docs/papers172_176_sequence/scouting/fresh_geometry_automata/ORT_OWNER_KILL.md:58:feeding the associated tableau's columns back as blocks transposes the
/root/autodl-tmp/hilbert-polya-structure/docs/papers204_208_sequence/scouting/algebra_second/SI_PROOF_AND_ADAPTER.md:98:The associated Stirling number in (SI.4) counts partitions into b blocks
/root/autodl-tmp/hilbert-polya-structure/docs/papers204_208_sequence/scouting/algebra_second/SI_PROOF_AND_ADAPTER.md:161:All labelled-species and associated-Stirling machinery is owned background.
/root/autodl-tmp/hilbert-polya-structure/docs/papers204_208_sequence/scouting/algebra_second/SI_PROOF_AND_ADAPTER.md:177:SI's entire path action is the **unconditional split branch already
/root/autodl-tmp/hilbert-polya-structure/docs/papers204_208_sequence/scouting/algebra_second/SI_PROOF_AND_ADAPTER.md:202:but associated-Stirling occupancy itself receives zero credit.
/root/autodl-tmp/hilbert-polya-structure/docs/papers204_208_sequence/scouting/algebra_second/SI_PROOF_AND_ADAPTER.md:206:The common first-image classification and the entire unconditional
/root/autodl-tmp/hilbert-polya-structure/symbolic_dynamics/docs/papers147_151_sequence/scouting/stochastic/SCOUT.md:112:entire output is a peak/local-maximum set of a graph labelling.  Paths are the
/root/autodl-tmp/hilbert-polya-structure/symbolic_dynamics/docs/papers147_151_sequence/scouting/stochastic/SCOUT.md:322:The literal relation update is distinct, but its entire probability theorem is
/root/autodl-tmp/hilbert-polya-structure/symbolic_dynamics/docs/papers147_151_sequence/scouting/stochastic/SCOUT.md:543:`M` is known the winner law identifies the entire block-size vector.  Six mixed
/root/autodl-tmp/hilbert-polya-structure/symbolic_dynamics/docs/papers147_151_sequence/scouting/stochastic/SCOUT.md:770:`m -> m-1` or `m -> 1` fairly.  Thus the **entire** clock law depends only on
/root/autodl-tmp/hilbert-polya-structure/symbolic_dynamics/docs/papers172_176_sequence/phase1/CANDIDATE_POOL_AND_KILL_LEDGER.md:45:| P172 | `A <- A intersect f(A)`, fresh uniform endomap | endpoint/image-size Stirling fibre, all-time labelled kernel, forced top `J_2` | `PROVISIONAL_GREEN_OWNER_THIN` |
/root/autodl-tmp/hilbert-polya-structure/symbolic_dynamics/docs/papers127_131_sequence/scouting/algebraic/verify_algebraic_scout.py:744:        start, "the entire map is the determinant bit times J",
/root/autodl-tmp/hilbert-polya-structure/symbolic_dynamics/docs/papers162_166_sequence/scouting/stochastic_spatial/SCOUT.md:82:| `GSW` | On a labelled graph, choose a vertex uniformly and toggle its entire incident star. | `n=5,t=4`: 65 histories return to the starting switching class. | For cut `delta(S)`, the history count is `N_t(S)+N_t(S^c)` with `N_t(S)=2^-n sum_Y (-1)^(|S cap Y|)(n-2|Y|)^t`. | Components are graph cosets modulo cut space; size `2^(n-1)`, period 2 for even `n`, aperiodic for odd `n`. | Bit-for-bit vertex-push/cut-space dynamics of P145. | **`KILL_EXACT_INTERNAL_CONJUGACY`** |
/root/autodl-tmp/hilbert-polya-structure/symbolic_dynamics/docs/papers162_166_sequence/scouting/stochastic_spatial/SCOUT.md:89:| `ECR` | Chinese-restaurant cycle growth with mutation weight `theta`: create a singleton with weight `theta`, otherwise insert after a current label. | `theta=2,n=5`: cycle-count law `(1/15,5/18,7/18,2/9,2/45)`. | `P(K_n=k)=c(n,k)theta^k/(theta)^(overline n)` for unsigned Stirling `c(n,k)`. | Every cycle shape `lambda` has Ewens mass `n! theta^ell(lambda)/((theta)^(overline n)z_lambda)`; two extreme shapes recover `theta`. | Ewens sampling formula directly owns both axes; P135/P155 occupy cycle-shape transforms. | **`KILL_DIRECT_EWENS`** |
/root/autodl-tmp/hilbert-polya-structure/symbolic_dynamics/docs/papers177_181_sequence/scouting/combinatorial_lane/CLOSED_KILLED_SPIKES.md:19:   deepest state, and the number of depth-`t` states is the unsigned Stirling
/root/autodl-tmp/hilbert-polya-structure/symbolic_dynamics/docs/papers177_181_sequence/scouting/combinatorial_lane/CLOSED_KILLED_SPIKES.md:59:The Stirling statements are the standard cycle/record distribution.
/root/autodl-tmp/hilbert-polya-structure/symbolic_dynamics/docs/papers157_161_sequence/scouting/replacement_geometry_mechanism/SCOUT.md:40:| 1 | `BST` | ordered triples of points of `PG(r-1,2)`; replace each vertex by the Steiner product of the other two | rank 2 is entirely periodic, while rank at least 3 has a one-step nonblock shell and block fibres of size `2^r-3` | **`SELECT_FOCUSED`** |
/root/autodl-tmp/hilbert-polya-structure/symbolic_dynamics/docs/papers157_161_sequence/scouting/replacement_geometry_mechanism/SCOUT.md:208:- **Second axis/anomaly.**  Every fibre is singleton.  The entire mechanism is
/root/autodl-tmp/hilbert-polya-structure/symbolic_dynamics/docs/papers92_96_sequence/phase1/CANDIDATE_POOL_AND_KILL_LEDGER.md:20:| P94 | marked symmetric two-letter S-adic shift | the marker `10` gives exact recognizability; the entire invariant-measure simplex is a closed product interval with a sharp summability transition and explicit `n`/`n^2` constants | `GO_OWNER_SUBTRACTED_MEASURE_TRANSFER` |
/root/autodl-tmp/hilbert-polya-structure/symbolic_dynamics/docs/papers132_136_sequence/replacement_scout/stochastic_round2/SCOUT.md:392:| `CE1` | P121/P129 weighted stochastic competition rhetoric | No literal collision, but the normalized-weight martingale proves the entire result in one line. |
/root/autodl-tmp/hilbert-polya-structure/symbolic_dynamics/docs/papers167_171_sequence/scouting/combinatorial_crossdomain/SCOUT.md:38:set-partition candidates were killed: their entire signals reduced to prior
/root/autodl-tmp/hilbert-polya-structure/docs/papers204_208_sequence/scouting/finite_systems_sixteenth/INTAKE.md:17:reversal; RSK row-reading or transpose lifts (including this batch C08_TIR);
/root/autodl-tmp/hilbert-polya-structure/docs/papers204_208_sequence/scouting/finite_systems_sixteenth/INTAKE.md:100:Entire functional graphs and all-target fibre histograms are derived from
/root/autodl-tmp/hilbert-polya-structure/symbolic_dynamics/docs/papers152_156_sequence/scouting/stochastic_replacement2/SCOUT.md:145:corners, retire the chosen face, and declare the three child faces active.
/root/autodl-tmp/hilbert-polya-structure/symbolic_dynamics/docs/papers147_151_sequence/scouting/algebraic_replacement/SCOUT.md:16:the complete graph of the zero-totalized map on the entire affine plane over
/root/autodl-tmp/hilbert-polya-structure/symbolic_dynamics/docs/papers167_171_sequence/scouting/combinatorial_crossdomain/IDEA_LEDGER.md:45:| K03 RRD | Variable binary-word support kernel; choose a site and delete its entire run. | Length at most 10: 10,241 arcs, one absorbing state, outdegree 1--10. | **KILL.** Random run erosion; absorption is immediate potential descent and no nontrivial distribution axis appeared. |
/root/autodl-tmp/hilbert-polya-structure/symbolic_dynamics/docs/papers162_166_sequence/scouting/component_complement_dynamics/SCOUT.md:77:This two-cycle is the entire recurrent core.  More precisely:
/root/autodl-tmp/hilbert-polya-structure/docs/papers204_208_sequence/scouting/finite_systems_twentieth/SCOUT_REPORT.md:17:| D1 / FDC | All positive iterates, exact core/height, pointwise eventual period, all-target all-positive-time fibres and all maximizing targets | The **entire** package is a Frobenius-permuted diagonal with independent scalar multipliers. Return blocks are finite-field norms and scalar orders; inverse equations are independent $cx=y$. P175/NL13/CS comparisons are exact mechanism subtraction, not a false conjugacy. |
/root/autodl-tmp/hilbert-polya-structure/symbolic_dynamics/docs/papers127_131_sequence/scouting/stochastic/SCOUT.md:123:The mean product is only the case `r=1`. The entire recurrence is exactly
/root/autodl-tmp/hilbert-polya-structure/symbolic_dynamics/docs/papers127_131_sequence/scouting/stochastic/SCOUT.md:265:moving the maximum exposes the entire interval by induction. If it is
/root/autodl-tmp/hilbert-polya-structure/symbolic_dynamics/docs/papers127_131_sequence/scouting/stochastic/SCOUT.md:299:Pitman Chinese restaurant process generalized Stirling numbers DOI
/root/autodl-tmp/hilbert-polya-structure/symbolic_dynamics/docs/papers157_161_sequence/phase1/p160_replacement/SCOUT.md:4:**Portfolio boundary:** P1--P156 and retired BST  
/root/autodl-tmp/hilbert-polya-structure/symbolic_dynamics/docs/papers162_166_sequence/scouting/open_fresh_p165/SCOUT.md:149:entire fibre.
/root/autodl-tmp/hilbert-polya-structure/symbolic_dynamics/docs/papers162_166_sequence/scouting/open_fresh_p165/SCOUT.md:233:| P100 valuation digit erasure / P115 Cartier decimation | finite algebra with coordinate loss | those updates are fixed arithmetic/linear coordinate maps; (1) recomputes a nonlinear low-weight support union from the entire current code |
/root/autodl-tmp/hilbert-polya-structure/symbolic_dynamics/docs/papers132_136_sequence/scouting/combinatorial/SCOUT.md:100:`[{n \atop k}]` denote the unsigned Stirling number of the first kind.
/root/autodl-tmp/hilbert-polya-structure/symbolic_dynamics/docs/papers132_136_sequence/scouting/combinatorial/SCOUT.md:134:checks the pointwise clock, the Stirling-band depth layers, recurrence, every
/root/autodl-tmp/hilbert-polya-structure/symbolic_dynamics/docs/papers132_136_sequence/scouting/combinatorial/SCOUT.md:163:scheduler together with its all-iterate Stirling layers and target-wise
/root/autodl-tmp/hilbert-polya-structure/symbolic_dynamics/docs/papers72_76_sequence/phase1/CANDIDATE_POOL_AND_KILL_LEDGER.md:17:| P75 | RACG geodesic shift | join-factor support is monotone in the clique automaton | yields the entire recurrent graph, MME multiplicity, entropy, and zeta at once |
/root/autodl-tmp/hilbert-polya-structure/symbolic_dynamics/papers/01-falsification-first-audit/sections/A_proofs.tex:46:\(e^{g(s)}\), with \(g\) entire, adds no zero or pole.  Since the nontrivial
/root/autodl-tmp/hilbert-polya-structure/symbolic_dynamics/docs/papers157_161_sequence/phase1/p160_replacement/verify_replacement_scout.py:2:"""Exact breadth scout for the retired P160 replacement.
/root/autodl-tmp/hilbert-polya-structure/symbolic_dynamics/papers/157-newton-hensel-finite-atlas/main.tex:286:The reflection in \eqref{eq:factorizations} transfers this entire even-side
/root/autodl-tmp/hilbert-polya-structure/symbolic_dynamics/papers/103-double-adjugate-matrix-dynamics/main.tex:85:time step on the \emph{entire} finite matrix space.  Two regimes coexist.
/root/autodl-tmp/hilbert-polya-structure/symbolic_dynamics/papers/02-wheel-sieve-stationarization-obstructions/sections/4_bisimulation.tex:127:branch entirely: a correctly computed strong-bisimulation quotient cannot
/root/autodl-tmp/hilbert-polya-structure/symbolic_dynamics/papers/03-wheel-sieve-periodic-clock-obstruction/sections/2_setup.tex:86:edge, finite window, infinite window, or entire target configuration, but it
/root/autodl-tmp/hilbert-polya-structure/symbolic_dynamics/papers/112-tournament-score-upset-reversal/main.tex:473:order has such a state.  This order-dependent statement is the entire
/root/autodl-tmp/hilbert-polya-structure/symbolic_dynamics/papers/112-tournament-score-upset-reversal/main.tex:551:sets.  Here the state is the entire orientation of a complete graph, every
/root/autodl-tmp/hilbert-polya-structure/papers/194-least-raising-crystal-words/PROOF_PACKAGE.md:168:is therefore the same sum of `f^lambda`.  Under ordinary RSK, an involution is
/root/autodl-tmp/hilbert-polya-structure/symbolic_dynamics/papers/17-fiber-cocycle-artin-factor/main.tex:64:Candidate SD-C19 stays entirely inside Symbolic Dynamics.  The intrinsic
/root/autodl-tmp/hilbert-polya-structure/symbolic_dynamics/docs/papers162_166_sequence/scouting/outdegree_residue_clustering/SCOUT.md:278:2. the entire temporal theorem after the collapse is a finite case analysis
/root/autodl-tmp/hilbert-polya-structure/symbolic_dynamics/docs/papers162_166_sequence/scouting/geometry_group/SCOUT.md:24:every-target product fibre, but its entire temporal theory is `T^2=T`.  Neither
/root/autodl-tmp/hilbert-polya-structure/symbolic_dynamics/docs/papers162_166_sequence/scouting/geometry_group/SCOUT.md:78:| `GG03/MTE` | triples `(U,V,W)` of subspaces; simultaneously use `(U cap(V+W), V cap(W+U), W cap(U+V))` | for `F_2^3`: 4,096 states, 1,090 images/fixed points, maximum fibre 508 | the map is a retraction in every modular subspace lattice; fixed iff each coordinate lies in the sum of the other two | exact small-rank fibre histograms were computed, but no independent general fibre factorization emerged | lattice meet/join comparator; entire temporal axis collapses to one step | `KILL_MODULAR_RETRACTION_SHALLOW` |
/root/autodl-tmp/hilbert-polya-structure/papers/199-first-one-stirling-splice/main.tex:23:\title[Depth and fibres of a Stirling join]{A Cyclically Relabelled Stirling Join:\\
/root/autodl-tmp/hilbert-polya-structure/papers/199-first-one-stirling-splice/main.tex:27:\keywords{Stirling permutation, increasing plane tree, finite dynamical system,
/root/autodl-tmp/hilbert-polya-structure/papers/199-first-one-stirling-splice/main.tex:31:On Stirling permutations of order $n$, join the two occurrences of label
/root/autodl-tmp/hilbert-polya-structure/papers/199-first-one-stirling-splice/main.tex:48:A Stirling permutation of order $n$ is a word in which every label in
/root/autodl-tmp/hilbert-polya-structure/papers/199-first-one-stirling-splice/main.tex:67:For completeness, the pair intervals in a Stirling word cannot cross:
/root/autodl-tmp/hilbert-polya-structure/papers/199-first-one-stirling-splice/main.tex:94:Stirling self-maps. The joins, flattening mechanism, and bare $n-1$ scale
/root/autodl-tmp/hilbert-polya-structure/papers/199-first-one-stirling-splice/main.tex:194:in the contour: the maximum pair is adjacent in every Stirling word.
/root/autodl-tmp/hilbert-polya-structure/papers/199-first-one-stirling-splice/main.tex:274:with the entire graph predecessor set, including targets with no source.
/root/autodl-tmp/hilbert-polya-structure/symbolic_dynamics/docs/papers162_166_sequence/scouting/replacement_crossclass/verify_scout.py:45:def stirling2(n, k):
/root/autodl-tmp/hilbert-polya-structure/symbolic_dynamics/docs/papers162_166_sequence/scouting/replacement_crossclass/verify_scout.py:602:            check(f == falling(r, r) * stirling2(w, r))
/root/autodl-tmp/hilbert-polya-structure/symbolic_dynamics/docs/papers172_176_sequence/scouting/combinatorial_crossdomain/IDEA_LEDGER.md:19:| `P02_ESK` | Labelled posets.  Retain only old comparabilities from an old minimal element to an old maximal element. | Through `n=5`; exact retraction, image/fixed size 841 at `n=5`. | **KILL_RETRACTION.** The one-step extremal skeleton is its entire temporal theorem. |
/root/autodl-tmp/hilbert-polya-structure/papers/203-monochromatic-triangle-complementation/PROOF_PACKAGE.md:29:4. The possible initial minimum drop requires a separate retired-vertex
/root/autodl-tmp/hilbert-polya-structure/papers/203-monochromatic-triangle-complementation/PROOF_PACKAGE.md:183:anchor edge flipped once. Retired $v_i$, $1\le i<t$, have that edge
/root/autodl-tmp/hilbert-polya-structure/papers/203-monochromatic-triangle-complementation/PROOF_PACKAGE.md:186:a monochromatic triple with $0$. Nor does a retired/future pair: their
/root/autodl-tmp/hilbert-polya-structure/papers/203-monochromatic-triangle-complementation/PROOF_PACKAGE.md:189:is one. Retired/retired eligible pairs are later than the proposed pair.
/root/autodl-tmp/hilbert-polya-structure/papers/203-monochromatic-triangle-complementation/PROOF_PACKAGE.md:193:colour $s_t=1-(t\bmod2)$ is wrong. Every carry/retired eligible pair is
/root/autodl-tmp/hilbert-polya-structure/papers/203-monochromatic-triangle-complementation/PROOF_PACKAGE.md:194:later because retired labels exceed the next future label. Non-anchor
/root/autodl-tmp/hilbert-polya-structure/symbolic_dynamics/docs/papers162_166_sequence/scouting/root_cyclic_equality_feedback/SCOUT.md:164:A bounded search found direct sources for the entire binary additive/XNOR
/root/autodl-tmp/hilbert-polya-structure/symbolic_dynamics/papers/183-random-incoming-copy-symmetrization/PROOF_PACKAGE.md:15:- `S(t,r)` is the Stirling number of the second kind, including `S(0,0)=1`.
/root/autodl-tmp/hilbert-polya-structure/symbolic_dynamics/papers/183-random-incoming-copy-symmetrization/PROOF_PACKAGE.md:127:- `t=0`: the Stirling convention gives the identity endpoint and correct
/root/autodl-tmp/hilbert-polya-structure/symbolic_dynamics/docs/papers172_176_sequence/scouting/combinatorial_crossdomain/SCOUT.md:20:   through `S_9`; reading the P142 archive shows that the entire proof
/root/autodl-tmp/hilbert-polya-structure/symbolic_dynamics/papers/100-least-valuation-digit-erasure/main.tex:96:is the entire hitting-time profile.  No countable subshift, cellular
/root/autodl-tmp/hilbert-polya-structure/symbolic_dynamics/docs/papers162_166_sequence/scouting/plane_partition_layer_stripping/SCOUT.md:189:only `S=empty` contributes and the zero target has the entire carrier as its
/root/autodl-tmp/hilbert-polya-structure/symbolic_dynamics/docs/papers162_166_sequence/scouting/root_partition_pullback/SCOUT.md:94:the ordinary Bell polynomial (braces denote Stirling numbers of the second
/root/autodl-tmp/hilbert-polya-structure/symbolic_dynamics/docs/papers162_166_sequence/scouting/root_partition_pullback/SCOUT.md:142:r-Stirling/r-Bell numbers, but no direct source for (1) together with
/root/autodl-tmp/hilbert-polya-structure/symbolic_dynamics/papers/141-weighted-threshold-greedy-mis/main.tex:257:entire priority order; $K$ is the number of accepted active-set updates and is
/root/autodl-tmp/hilbert-polya-structure/symbolic_dynamics/docs/papers162_166_sequence/scouting/random_coloring_refinement/verify_scout.py:99:def stirling2(n, k):
/root/autodl-tmp/hilbert-polya-structure/symbolic_dynamics/docs/papers162_166_sequence/scouting/random_coloring_refinement/verify_scout.py:160:        one = Counter({k: falling(Q, k) * stirling2(size, k)
/root/autodl-tmp/hilbert-polya-structure/symbolic_dynamics/docs/papers162_166_sequence/scouting/random_coloring_refinement/verify_scout.py:321:                check(multiplicities[k] == stirling2(n, k),
/root/autodl-tmp/hilbert-polya-structure/symbolic_dynamics/docs/papers162_166_sequence/scouting/random_coloring_refinement/verify_scout.py:322:                      f"Stirling multiplicity n={n} q={q} k={k}")
/root/autodl-tmp/hilbert-polya-structure/symbolic_dynamics/docs/papers162_166_sequence/scouting/random_coloring_refinement/verify_scout.py:332:                f"{q}^{k-n}:{stirling2(n,k)}" for k in range(1, n + 1))
/root/autodl-tmp/hilbert-polya-structure/symbolic_dynamics/docs/papers162_166_sequence/scouting/replacement_arithmetic_hybrid/SCOUT.md:87:| `AH23/HPS` | 3-uniform hypergraphs on `Z/5Z`.  Map each edge `{a,b,c}` to the distinct triple of pair sums `{a+b,b+c,c+a}`, discarding degenerate images, and take the union. | Bijective on 1024 states; `C=1:16,2:24,4:240`. | The edge map is a permutation of the ten triples, so the entire hypergraph action is its Boolean lift. | Pure induced permutation action with singleton fibres; no inverse or extremal axis beyond cycle inventory. **`KILL_BOOLEAN_LIFT_ACTION`.** |
/root/autodl-tmp/hilbert-polya-structure/symbolic_dynamics/docs/papers182_186_sequence/scouting/crossdomain_lane/SCOUT_AND_KILL_LEDGER.md:171:**Verdict.**  KILL.  The entire functional graph is a restatement of classical
/root/autodl-tmp/hilbert-polya-structure/symbolic_dynamics/papers/20-recurrent-verifier-clock-dilution/sections/3_recurrent_verifier.tex:74:simple directed cycle $\Gamma_n$ containing the entire successful
/root/autodl-tmp/hilbert-polya-structure/symbolic_dynamics/docs/papers162_166_sequence/scouting/root_cyclic_partition_erosion/SCOUT.md:181:- Partition meet, the Bell and Stirling counts, Touchard polynomials, the
/root/autodl-tmp/hilbert-polya-structure/symbolic_dynamics/docs/papers162_166_sequence/scouting/replacement_nonlinear_algebra/SCOUT.md:104:entire iterate formula is that established morphism action.  The cap converts
/root/autodl-tmp/hilbert-polya-structure/symbolic_dynamics/papers/110-cyclic-shift-join-partition-dynamics/main.tex:373:generate.  Thus $S$ would be a union of entire $H(\pi)$-cosets, contrary to
/root/autodl-tmp/hilbert-polya-structure/symbolic_dynamics/docs/papers162_166_sequence/scouting/stochastic_spatial/verify_scout.py:744:def unsigned_stirling_first(n, k):
/root/autodl-tmp/hilbert-polya-structure/symbolic_dynamics/docs/papers162_166_sequence/scouting/stochastic_spatial/verify_scout.py:765:                    expected = Fraction(unsigned_stirling_first(n, cycles) * theta**cycles, rising(theta, n))
/root/autodl-tmp/hilbert-polya-structure/symbolic_dynamics/papers/01-falsification-first-audit/finite_state_arithmetic_skeleton/PROOF_PACKAGE.md:16:completed Riemann function up to a zero-free entire factor.
/root/autodl-tmp/hilbert-polya-structure/symbolic_dynamics/papers/01-falsification-first-audit/finite_state_arithmetic_skeleton/PROOF_PACKAGE.md:41:2. Bound it by an entire function of exponential type.
/root/autodl-tmp/hilbert-polya-structure/symbolic_dynamics/papers/01-falsification-first-audit/finite_state_arithmetic_skeleton/PROOF_PACKAGE.md:83:Thus \(D\) is entire of exponential type at most \(\Lambda\).
/root/autodl-tmp/hilbert-polya-structure/symbolic_dynamics/papers/01-falsification-first-audit/finite_state_arithmetic_skeleton/PROOF_PACKAGE.md:113:\(e^{g(s)}\), with \(g\) entire, changes no zeros or poles.
/root/autodl-tmp/hilbert-polya-structure/symbolic_dynamics/papers/01-falsification-first-audit/finite_state_arithmetic_skeleton/PROOF_PACKAGE.md:128:completed Riemann divisor up to a zero-free entire factor.
/root/autodl-tmp/hilbert-polya-structure/symbolic_dynamics/docs/papers162_166_sequence/scouting/root_polynomial_derivative_gcd/SCOUT.md:19:receives no credit by itself.  Iterating it on the entire capped phase space,
/root/autodl-tmp/hilbert-polya-structure/symbolic_dynamics/papers/21-successor-divisor-cycle-flood/main.tex:8:\usepackage{booktabs,array,tabularx,multirow,enumitem,xcolor,tikz,graphicx}
/root/autodl-tmp/hilbert-polya-structure/symbolic_dynamics/papers/02-wheel-sieve-stationarization-obstructions/sections/1_introduction.tex:75:The present evidence is entirely deductive.  No Stage-02 numerical run has
/root/autodl-tmp/hilbert-polya-structure/symbolic_dynamics/papers/08-positive-cone-recurrent-trace/sections/4_tau_euler.tex:65:there.  Its canonical entire continuation in $z$ is the convergent product
/root/autodl-tmp/hilbert-polya-structure/symbolic_dynamics/papers/08-positive-cone-recurrent-trace/sections/4_tau_euler.tex:80:$z$, giving its entire continuation.  Since $1<2^{\RePart s}$, no
/root/autodl-tmp/hilbert-polya-structure/symbolic_dynamics/papers/177-random-projective-hyperplane-toggling/main.tex:148:\item On the entire $2^m$-state carrier, the eigenvalues and algebraic
/root/autodl-tmp/hilbert-polya-structure/symbolic_dynamics/docs/papers162_166_sequence/scouting/replacement_stochastic_nonlinear/SCOUT.md:97:| `G04/NPC` | naturally labelled posets on four elements; sample `i<j`, adjoin that comparison, and transitively close | `40/169/1/39/1\/12/1/1\/3..17\/6/0` | The full chain is the unique absorbing state, but rank alone is not Markov and closure cascades retain the entire current relation. | Randomizing a closure frontier adds no theorem beyond poset closure; it collides with current `OPG` and the permanent generic-closure exclusion. | `KILL_STOCHASTIC_CLOSURE` |
/root/autodl-tmp/hilbert-polya-structure/symbolic_dynamics/docs/papers162_166_sequence/scouting/replacement_stochastic_nonlinear/SCOUT.md:154:novelty, ownership, priority, or freedom to publish.  The entire lane remains
/root/autodl-tmp/hilbert-polya-structure/symbolic_dynamics/docs/papers162_166_sequence/scouting/root_random_alphabet_erasure/verify_scout.py:38:def stirling2(n, k):
/root/autodl-tmp/hilbert-polya-structure/symbolic_dynamics/docs/papers162_166_sequence/scouting/root_random_alphabet_erasure/verify_scout.py:90:        falling(q - b, s) * stirling2(time, s) *
/root/autodl-tmp/hilbert-polya-structure/symbolic_dynamics/docs/papers162_166_sequence/scouting/root_random_alphabet_erasure/verify_scout.py:97:    return falling(q, size) * stirling2(length, size)
/root/autodl-tmp/hilbert-polya-structure/symbolic_dynamics/docs/papers162_166_sequence/scouting/root_random_alphabet_erasure/verify_scout.py:116:                check(support_hist[size] == falling(q, size) * stirling2(time, size),
/root/autodl-tmp/hilbert-polya-structure/symbolic_dynamics/papers/169-successor-transfer-set-partitions/main.tex:31:\newcommand{\Stirling}[2]{\genfrac\{\}{0pt}{}{#1}{#2}}
/root/autodl-tmp/hilbert-polya-structure/symbolic_dynamics/papers/169-successor-transfer-set-partitions/main.tex:93:Restricted-growth encodings and their Stirling enumeration are background
/root/autodl-tmp/hilbert-polya-structure/symbolic_dynamics/papers/169-successor-transfer-set-partitions/main.tex:106:into a cycle.  Put $m=n-k$, let $\Stirling{m}{k}$ denote a Stirling number of
/root/autodl-tmp/hilbert-polya-structure/symbolic_dynamics/papers/169-successor-transfer-set-partitions/main.tex:129: k!\,\Stirling{n-k}{k},&n\ge2k,\\[2mm]
/root/autodl-tmp/hilbert-polya-structure/symbolic_dynamics/papers/169-successor-transfer-set-partitions/main.tex:152:This entire factor is the directed-cycle chip-firing mechanism already
/root/autodl-tmp/hilbert-polya-structure/symbolic_dynamics/papers/169-successor-transfer-set-partitions/main.tex:262:$\Stirling{m}{k}$ surjective restricted-growth prefixes and $k!$ final
/root/autodl-tmp/hilbert-polya-structure/symbolic_dynamics/papers/169-successor-transfer-set-partitions/main.tex:432:entire outgoing row is zero.  An all-singleton target instead has the unique
/root/autodl-tmp/hilbert-polya-structure/symbolic_dynamics/docs/papers132_136_sequence/scouting/combinatorial/verify_combinatorial_scout.py:834:def stirling_first_kind(n, k):
/root/autodl-tmp/hilbert-polya-structure/symbolic_dynamics/docs/papers132_136_sequence/scouting/combinatorial/verify_combinatorial_scout.py:864:        expected[0] = stirling_first_kind(n, 1)
/root/autodl-tmp/hilbert-polya-structure/symbolic_dynamics/docs/papers132_136_sequence/scouting/combinatorial/verify_combinatorial_scout.py:866:            expected[ceil(log2(k))] += stirling_first_kind(n, k)
/root/autodl-tmp/hilbert-polya-structure/symbolic_dynamics/docs/papers132_136_sequence/scouting/combinatorial/verify_combinatorial_scout.py:880:        "depth_layers=unsigned_Stirling_dyadic_bands | recurrent=(n-1)! | "
/root/autodl-tmp/hilbert-polya-structure/symbolic_dynamics/papers/21-successor-divisor-cycle-flood/sections/7_fredholm_ledger.tex:13:is holomorphic in \(s\) and entire in \(z\).  For \(z\) sufficiently close
/root/autodl-tmp/hilbert-polya-structure/symbolic_dynamics/papers/13-character-resolved-holonomy/sections/4_bloch_determinant.tex:10:is locally holomorphic in $(s,w)$ and entire in $z$.
/root/autodl-tmp/hilbert-polya-structure/symbolic_dynamics/papers/176-first-frequency-rotation/PROOF_PACKAGE.md:140:Constancy of that component makes the entire word constant, whose least
/root/autodl-tmp/hilbert-polya-structure/symbolic_dynamics/papers/22-cofactor-holonomy-fredholm-trilemma/sections/A_proof_details.tex:99:which the matrix is bounded but noncompact.  No claim is made for the entire
/root/autodl-tmp/hilbert-polya-structure/symbolic_dynamics/papers/22-cofactor-holonomy-fredholm-trilemma/sections/A_proof_details.tex:104:In the trace-class domain, \(D_\chi(s,z)\) is entire in \(z\), but its
/root/autodl-tmp/hilbert-polya-structure/symbolic_dynamics/papers/22-cofactor-holonomy-fredholm-trilemma/sections/A_proof_details.tex:121:Stirling's formula gives
/root/autodl-tmp/hilbert-polya-structure/symbolic_dynamics/papers/23-unary-holonomy-finite-fiber-rigidity/sections/3_symbolic_source.tex:138:The determinant is entire in \(z\).  Its trace logarithm is used only as the
/root/autodl-tmp/hilbert-polya-structure/symbolic_dynamics/papers/07-entropy-oriented-chiral-shift/sections/2_related_work.tex:24:symbolic source, preserves its entire Euler ledger, and produces a moving
/root/autodl-tmp/hilbert-polya-structure/symbolic_dynamics/papers/101-random-cap-floor-synchronization/main.tex:71:once a lower threshold reaches an upper threshold, the entire interval has
/root/autodl-tmp/hilbert-polya-structure/symbolic_dynamics/docs/papers152_156_sequence/scouting/stochastic/SCOUT.md:16:   clock, recovery of the entire branching profile from one depth layer, and
/root/autodl-tmp/hilbert-polya-structure/symbolic_dynamics/docs/papers152_156_sequence/scouting/stochastic/SCOUT.md:455:but the entire engine is independent prime-valuation death and duplicates the
/root/autodl-tmp/hilbert-polya-structure/symbolic_dynamics/papers/15-bar-koszul-primitive-no-lift/sections/4_power_obstruction.tex:104:\label{prop:stirling}
/root/autodl-tmp/hilbert-polya-structure/symbolic_dynamics/papers/19-stationary-semiring-sieve-shift/sections/6_euler_determinant.tex:60:For fixed $\RePart s>1$, the Fredholm determinant is entire in $z$.  The
/root/autodl-tmp/hilbert-polya-structure/symbolic_dynamics/papers/19-stationary-semiring-sieve-shift/sections/6_euler_determinant.tex:61:product on the right of \eqref{eq:euler-two-variable} is also entire and
/root/autodl-tmp/hilbert-polya-structure/symbolic_dynamics/docs/papers172_176_sequence/scouting/fresh_geometry_automata/SCOUT_AND_KILL_LEDGER.md:9:| `D01_ORT` | Set partitions of `[n]`.  Replace each element's block label by its zero-based occurrence rank within that old block, then canonicalise as an RGS. | Every partition through `n=9` (21,147 at the last rank). `T^3=T`; image sizes `1,2,4,10,26,76,232,764,2620`; no fixed point for `n>=2`; all image states are 2-cycles and every other state has depth one. | For target layers `B_j`, adjacent order-restricted injections give `prod_(j,i)(#{y in B_j:y<x_i}-i+1)`; the verifier also checks a gap-marked injection permanent target by target through `n=8`. | **`KILL_DIRECT_OWNER`.** Prasad--Ram Definition 2.1 is the literal set-partition-to-tableau map; Theorem 2.8 owns its fibre and Theorem 3.4 a stronger natural marked fibre.  Tableau transpose gives the residual clock for free. |
/root/autodl-tmp/hilbert-polya-structure/symbolic_dynamics/docs/papers172_176_sequence/scouting/fresh_geometry_automata/SCOUT_AND_KILL_LEDGER.md:12:| `D04_STW` | Words in `[n]^n`.  Replace each letter by its stable rank among `(letter,position)`. | All words through `n=6`; a one-step retraction onto all `n!` permutations. | If target `pi` has `d` descents in `pi^-1`, its fibre is `C(2n-d-1,n)`, checked for every permutation. | **`KILL_DIRECT_STANDARDISATION`.** Stable standardisation and the resulting `P`-partition count are classical and are the entire theorem. |
/root/autodl-tmp/hilbert-polya-structure/symbolic_dynamics/docs/papers172_176_sequence/scouting/fresh_geometry_automata/SCOUT_AND_KILL_LEDGER.md:22:| `D14_RDP` | Permutations with RSK pair `(P,Q)`.  Replace `(P,Q)` by `(Q,Q)` and invert RSK. | Every permutation through `S_8`; one-step image sizes are the involution numbers through 764. | An involution whose tableau has shape `lambda` has `f^lambda` parents by the hook-length formula. | **`KILL_INTERNAL_P166_RSK`.** P166's open-fresh ledger already kills RSK shape/recording-tableau feedback; the diagonal projection is a direct consequence of the classical bijection. |
/root/autodl-tmp/hilbert-polya-structure/symbolic_dynamics/papers/22-cofactor-holonomy-fredholm-trilemma/sections/9_fredholm_trilemma.tex:81:It is entire in \(z\), because \(M_k\) grows factorially.  The same growth is
/root/autodl-tmp/hilbert-polya-structure/symbolic_dynamics/docs/papers177_181_sequence/scouting/combinatorial_lane/SCOUT_AND_KILL_LEDGER.md:8:| `C01 / MCJ` | `S_n` in functional notation.  Let `C_0(pi)` be the cycle containing 0.  If it is not spanning, put `a=min([n] minus C_0(pi))` and swap the two outgoing values `pi(0),pi(a)`; spanning cycles are fixed. | Exhaustive `n<=9`.  Depth is `cyc(pi)-1`; all `n`-cycles are fixed; every-time every-target fibres are record-cut binomials; terminal basin polynomial is `(1+u)^r`; depth layers and basin-size strata are unsigned Stirling numbers. | **KILL_FOATA_STAR_TRANSPOSITION_THIN.**  Correct but not a new proof engine after Foata/star-transposition zero credit; direct internal proximity to P105, P122, and P155. |
/root/autodl-tmp/hilbert-polya-structure/symbolic_dynamics/docs/papers177_181_sequence/scouting/combinatorial_lane/SCOUT_AND_KILL_LEDGER.md:13:| `C06 / TAN` | binary words; `(x_0,...,x_{n-1}) -> (x_1,...,x_{n-1},x_0 xor product_{i>0}x_i)`. | Exhaustive `2<=n<=16`.  States with at least two zeros undergo ordinary rotation; the all-one and one-zero states form one `(n+1)`-cycle.  The remaining cycle inventory is the primitive binary-necklace inventory with one length-`n` cycle removed. | **KILL_DIRECT_NFSR_CYCLE_JOINING.**  The literal is a nonsingular nonlinear feedback shift register, and its entire theorem is one elementary cycle join on the pure circulating register. |
/root/autodl-tmp/hilbert-polya-structure/symbolic_dynamics/papers/21-successor-divisor-cycle-flood/PROOF_PACKAGE.md:320:is holomorphic in \(s\) and entire in \(z\).  For
/root/autodl-tmp/hilbert-polya-structure/symbolic_dynamics/docs/papers157_161_sequence/scouting/p160_replacement_alt/SCOUT_AND_KILL_LEDGER.md:4:**Portfolio boundary:** P1--P156, retired BST, and the frozen P157/P158/P159/P161 systems  
/root/autodl-tmp/hilbert-polya-structure/symbolic_dynamics/docs/papers157_161_sequence/scouting/p160_replacement_alt/SCOUT_AND_KILL_LEDGER.md:26:| `LBD` | set partitions; delete the block containing the largest label and standardize | ranks 6 and 7: 203 and 877 states; tails equal block count; rank-7 histogram `1:1,2:63,3:301,4:350,5:140,6:21,7:1` | `KILL_PARTITION_DELETION_OWNER/P126`; Stirling insertion supplies the whole inverse and partition deletion is an established random-partition interface |
/root/autodl-tmp/hilbert-polya-structure/symbolic_dynamics/papers/154-dihedral-normalizer-dynamics/main.tex:183:\section{From the one-step rule to the entire forest}
/root/autodl-tmp/hilbert-polya-structure/symbolic_dynamics/papers/154-dihedral-normalizer-dynamics/main.tex:385:the entire iterated graph--fibre--signature conjunction.  That bounded result
/root/autodl-tmp/hilbert-polya-structure/symbolic_dynamics/papers/09-holomorphic-reflection-double/sections/3_source_lock.tex:76:functional equation.  Arithmetic credit depends entirely on the filtered
/root/autodl-tmp/hilbert-polya-structure/symbolic_dynamics/papers/21-successor-divisor-cycle-flood/sections/4_recurrent_topology.tex:112:The quotient-two return is the only descent mechanism needed for the entire
/root/autodl-tmp/hilbert-polya-structure/symbolic_dynamics/papers/01-falsification-first-audit/sections/1_introduction.tex:33:with $g$ entire.  Equivalently, the two functions must have the same divisor:
/root/autodl-tmp/hilbert-polya-structure/symbolic_dynamics/papers/01-falsification-first-audit/sections/1_introduction.tex:34:their orders of vanishing at every point agree, while the entire factor
/root/autodl-tmp/hilbert-polya-structure/symbolic_dynamics/papers/01-falsification-first-audit/farey_gauss_transfer/results/exact_orbit_ledger.csv.gz: binary file matches (found "\0" byte around offset 32)
/root/autodl-tmp/hilbert-polya-structure/symbolic_dynamics/papers/10-entropy-paired-relative-determinant/sections/1_introduction.tex:25:gives exact reflection on the entire open critical strip.  Unlike the balanced
/root/autodl-tmp/hilbert-polya-structure/symbolic_dynamics/papers/166-hamming-weight-translation-dynamics/main.tex:43:cycle exhausts the entire occupancy mass.  This gives every exact-period
/root/autodl-tmp/hilbert-polya-structure/symbolic_dynamics/papers/166-hamming-weight-translation-dynamics/main.tex:45:no-wrap argument gives a closed Stirling-number formula for every exact
/root/autodl-tmp/hilbert-polya-structure/symbolic_dynamics/papers/166-hamming-weight-translation-dynamics/main.tex:72:group-action language, multinomial and Stirling identities, ordered
/root/autodl-tmp/hilbert-polya-structure/symbolic_dynamics/papers/166-hamming-weight-translation-dynamics/main.tex:83:Stirling number of the second kind.  Our formulas are
/root/autodl-tmp/hilbert-polya-structure/symbolic_dynamics/papers/166-hamming-weight-translation-dynamics/main.tex:296:language, Stirling and ordered-Bell identities, and generic finite-map
/root/autodl-tmp/hilbert-polya-structure/symbolic_dynamics/papers/22-cofactor-holonomy-fredholm-trilemma/sections/7_trace_class.tex:22:and \(D(s,u;z)\) is jointly holomorphic in \((s,u,z)\) and entire in \(z\).
/root/autodl-tmp/hilbert-polya-structure/symbolic_dynamics/docs/papers162_166_sequence/scouting/open_fresh_p166_round4/IDEA_LEDGER.md:29:   its entire proof skeleton is already occupied by P127.
/root/autodl-tmp/hilbert-polya-structure/symbolic_dynamics/papers/135-derived-centralizer-orbit-partitions/main.tex:269:clean, the only other way to create a non-singleton is for the entire
/root/autodl-tmp/hilbert-polya-structure/symbolic_dynamics/papers/01-falsification-first-audit/sections/4_obstructions.tex:53:by a zero-free entire factor.
/root/autodl-tmp/hilbert-polya-structure/symbolic_dynamics/papers/24-kraft-fredholm-log-code-trilemma/PROOF_PACKAGE.md:197:and the weak-null proof is unchanged.  Concentrating almost the entire roof
/root/autodl-tmp/hilbert-polya-structure/symbolic_dynamics/docs/papers162_166_sequence/scouting/random_cycle_deletion/SCOUT.md:24:the entire cycle of `sigma` containing `X`, retaining the restriction to all
/root/autodl-tmp/hilbert-polya-structure/symbolic_dynamics/docs/papers162_166_sequence/scouting/random_cycle_deletion/SCOUT.md:102:forbidden to be entirely unmarked simplify to the same coefficient.  The
/root/autodl-tmp/hilbert-polya-structure/symbolic_dynamics/papers/10-entropy-paired-relative-determinant/sections/A_proofs_scope.tex:13:The right-hand side tends to zero.  Finite diagonal sums are entire
/root/autodl-tmp/hilbert-polya-structure/symbolic_dynamics/papers/05-intrinsic-symbolic-grading-and-duality/sections/1_introduction.tex:21:the entire Euler signal to the vacuum; symbolic time reversal preserves the
/root/autodl-tmp/hilbert-polya-structure/symbolic_dynamics/papers/134-recomputed-border-array-dynamics/main.tex:49:entire integer array $\BA(w)$ as the next word, recompute all of its borders,
/root/autodl-tmp/hilbert-polya-structure/symbolic_dynamics/papers/15-bar-koszul-primitive-no-lift/sections/2_algebraic_boundary.tex:60:quotient of the fuller Hochschild information, not its entirety
/root/autodl-tmp/hilbert-polya-structure/symbolic_dynamics/papers/116-max-plus-switching-induced-growth/sections/5_pressure.tex:46:generating function is finite and differentiable on its entire effective
/root/autodl-tmp/hilbert-polya-structure/symbolic_dynamics/papers/27-mobius-incidence-atom-compiler/main.tex:8:\usepackage{booktabs,array,tabularx,multirow,enumitem,xcolor,tikz,graphicx,float}
/root/autodl-tmp/hilbert-polya-structure/symbolic_dynamics/papers/31-wilson-semiring-verifier-trichotomy/main.tex:70:monomial clone, but a matched semiring clone transports the entire Wilson
/root/autodl-tmp/hilbert-polya-structure/symbolic_dynamics/papers/25-holomorphic-lefschetz-code-collapse/sections/5_de_rham_escape.tex:35:sides of \eqref{eq:local-det-identity} are entire, so the identity theorem
/root/autodl-tmp/hilbert-polya-structure/symbolic_dynamics/docs/papers162_166_sequence/scouting/root_hamming_weight_translation/verify_scout.py:117:def stirling_second(n: int, k: int) -> int:
/root/autodl-tmp/hilbert-polya-structure/symbolic_dynamics/docs/papers162_166_sequence/scouting/root_hamming_weight_translation/verify_scout.py:129:        answer[period] = factorial(period) * stirling_second(n, period)
/root/autodl-tmp/hilbert-polya-structure/symbolic_dynamics/docs/papers162_166_sequence/scouting/root_hamming_weight_translation/verify_scout.py:214:    """Stirling-number collapse of the self-avoiding path coefficient."""
/root/autodl-tmp/hilbert-polya-structure/symbolic_dynamics/docs/papers162_166_sequence/scouting/root_hamming_weight_translation/verify_scout.py:217:        * stirling_second(mass, tail)
/root/autodl-tmp/hilbert-polya-structure/symbolic_dynamics/docs/papers162_166_sequence/scouting/root_hamming_weight_translation/verify_scout.py:316:        factorial(length) * stirling_second(n, length) for length in range(1, n + 1)
/root/autodl-tmp/hilbert-polya-structure/symbolic_dynamics/papers/138-palindromic-prefix-xor-feedback/main.tex:80:The entire prefix-indicator vector is recomputed after every update.
/root/autodl-tmp/hilbert-polya-structure/symbolic_dynamics/papers/31-wilson-semiring-verifier-trichotomy/sections/7_transient_controls.tex:49:entire Fredholm determinants, gives
/root/autodl-tmp/hilbert-polya-structure/symbolic_dynamics/papers/27-mobius-incidence-atom-compiler/sections/A_proof_details.tex:143:may be interchanged. The resulting product is entire in \(z\), so analytic
/root/autodl-tmp/hilbert-polya-structure/symbolic_dynamics/papers/32-projective-residue-recurrence-obstruction/sections/10_conclusion.tex:36:$\one_{\{|X_n|=n+1\}}$, the entire semiring-residue family should close.
/root/autodl-tmp/hilbert-polya-structure/symbolic_dynamics/docs/papers162_166_sequence/scouting/root_random_permutation_sieve/SCOUT.md:141:- the unsigned Stirling/cycle-index identity (11);
/root/autodl-tmp/hilbert-polya-structure/symbolic_dynamics/papers/152-triad-dynamics-triangular-books/PROOF_PACKAGE.md:10:belongs to all pages, so its flip complements the entire bit vector.  Thus,
/root/autodl-tmp/hilbert-polya-structure/symbolic_dynamics/papers/121-random-product-plus-one-coalescence/main.tex:80:nonassociative, so $X_n$ depends on the entire merger genealogy.  The first
/root/autodl-tmp/hilbert-polya-structure/symbolic_dynamics/papers/121-random-product-plus-one-coalescence/main.tex:508:the adjacent-deletion encoding, and the entire proposition receives zero
/root/autodl-tmp/hilbert-polya-structure/symbolic_dynamics/papers/10-entropy-paired-relative-determinant/sections/6_orientation_rigidity.tex:77:the entire right half-plane.  The positive Euler pattern
/root/autodl-tmp/hilbert-polya-structure/symbolic_dynamics/papers/107-annihilator-power-ideal-dynamics/main.tex:90:$(p_i^{e_i})$ in $\Z/p_i^{a_i}\Z$.  The first proof route works entirely in
/root/autodl-tmp/hilbert-polya-structure/symbolic_dynamics/papers/31-wilson-semiring-verifier-trichotomy/sections/6_clock_return.tex:33:The argument gives the exact design condition for the entire class of
/root/autodl-tmp/hilbert-polya-structure/symbolic_dynamics/papers/25-holomorphic-lefschetz-code-collapse/sections/2_literature_boundary.tex:53:For ordinary trace-class operators, the Fredholm determinant is entire in
/root/autodl-tmp/hilbert-polya-structure/symbolic_dynamics/papers/25-holomorphic-lefschetz-code-collapse/sections/2_literature_boundary.tex:92:& entire-versus-pole proof for the required moment sequence \\
/root/autodl-tmp/hilbert-polya-structure/symbolic_dynamics/papers/30-free-monoid-incidence-indistinguishability/PROOF_PACKAGE.md:295:determinant, entire in \(z\).  Its first coefficients are
/root/autodl-tmp/hilbert-polya-structure/symbolic_dynamics/papers/113-principal-hook-partition-dynamics/main.tex:251:$\lambda=(a,1^b)$ with $b\geq1$.  Its sole principal hook is the entire
/root/autodl-tmp/hilbert-polya-structure/symbolic_dynamics/papers/19-stationary-semiring-sieve-shift/sections/1_introduction.tex:31:weighted adjacency of the entire unpruned graph trace class for
/root/autodl-tmp/hilbert-polya-structure/symbolic_dynamics/papers/19-stationary-semiring-sieve-shift/sections/1_introduction.tex:89:The result remains entirely within Symbolic Dynamics.  We call $L_s$ a
/root/autodl-tmp/hilbert-polya-structure/symbolic_dynamics/papers/155-cycle-maximum-extraction/main.tex:25:\newcommand{\stirfirst}[2]{\genfrac{[}{]}{0pt}{}{#1}{#2}}
/root/autodl-tmp/hilbert-polya-structure/symbolic_dynamics/papers/155-cycle-maximum-extraction/main.tex:221:Let $\stirfirst{m}{r}$ be the unsigned Stirling number of the first kind.
/root/autodl-tmp/hilbert-polya-structure/symbolic_dynamics/papers/155-cycle-maximum-extraction/main.tex:225: \sum_{m=1}^n\ \sum_{r=\max(1,2m-n)}^m \stirfirst{m}{r}.
/root/autodl-tmp/hilbert-polya-structure/symbolic_dynamics/papers/155-cycle-maximum-extraction/main.tex:235:Right-to-left minima on $\Sym_m$ have the unsigned first-kind Stirling
/root/autodl-tmp/hilbert-polya-structure/symbolic_dynamics/papers/155-cycle-maximum-extraction/main.tex:238:Stirling recurrence.  The threshold $2m-r\le n$ now gives
/root/autodl-tmp/hilbert-polya-structure/symbolic_dynamics/papers/15-bar-koszul-primitive-no-lift/sections/5_equivariant_obstruction.tex:21:\Cref{prop:stirling}.  Their $S_3$ actions are different.
/root/autodl-tmp/hilbert-polya-structure/symbolic_dynamics/papers/30-free-monoid-incidence-indistinguishability/sections/1_introduction.tex:11:statistic of many atoms, their joint interval, or the entire filtered source
/root/autodl-tmp/hilbert-polya-structure/symbolic_dynamics/papers/32-projective-residue-recurrence-obstruction/sections/B_scope_declarations.tex:69:cycle, or cancellation reproduced by random actions closes the entire
/root/autodl-tmp/hilbert-polya-structure/symbolic_dynamics/papers/20-recurrent-verifier-clock-dilution/sections/7_orbit_return.tex:69:core obtained by replacing each entire verification cycle with one loop.
/root/autodl-tmp/hilbert-polya-structure/symbolic_dynamics/papers/153-factorial-collapse-finite-plane/main.tex:339:coefficient identifies the entire vertical column.  For \(0\leq t<p\), the
/root/autodl-tmp/hilbert-polya-structure/symbolic_dynamics/papers/153-factorial-collapse-finite-plane/main.tex:406:background, but no source in the bounded search stating the entire
/root/autodl-tmp/hilbert-polya-structure/symbolic_dynamics/papers/31-wilson-semiring-verifier-trichotomy/figures/semiring_clone_boundary.tex:39:relabeling restores a decorated isomorphism and copies the entire Wilson
/root/autodl-tmp/hilbert-polya-structure/symbolic_dynamics/papers/126-balanced-composition-refinement/main.tex:59:The same number counts states of depth at most $t$.  Finally, the entire
/root/autodl-tmp/hilbert-polya-structure/symbolic_dynamics/papers/19-stationary-semiring-sieve-shift/sections/11_conclusion.tex:7:primality without a factor oracle; and place the entire resulting countable
/root/autodl-tmp/hilbert-polya-structure/symbolic_dynamics/papers/155-cycle-maximum-extraction/PROOF_PACKAGE.md:37:6. The image census is a corollary using the classical RTL-minimum Stirling
/root/autodl-tmp/hilbert-polya-structure/symbolic_dynamics/papers/17-fiber-cocycle-artin-factor/sections/5_rigidity.tex:56:If the corresponding skew-product shift is transitive on the entire fiber
/root/autodl-tmp/hilbert-polya-structure/symbolic_dynamics/papers/13-character-resolved-holonomy/PROOF_PACKAGE.md:44:`D_SD(s,z,w)=det(I-zL_s(w))` is locally holomorphic in `(s,w)` and entire in
/root/autodl-tmp/hilbert-polya-structure/symbolic_dynamics/papers/36-affine-cayley-chain-cancellation-no-go/PROOF_PACKAGE.md:52:select relation cycles; it removes the entire primitive recurrent ledger.
/root/autodl-tmp/hilbert-polya-structure/symbolic_dynamics/papers/07-entropy-oriented-chiral-shift/sections/1_introduction.tex:55:not fix the issue.  If every mixed power supertrace cancels, the entire mixed
/root/autodl-tmp/hilbert-polya-structure/symbolic_dynamics/papers/165-low-weight-support-shortening/main.tex:79:contribution credit to that entire hitting-set shortening principle,
/root/autodl-tmp/hilbert-polya-structure/symbolic_dynamics/papers/23-unary-holonomy-finite-fiber-rigidity/sections/7_fredholm_roof.tex:61:is an honest Fredholm determinant, entire in \(z\).
/root/autodl-tmp/hilbert-polya-structure/symbolic_dynamics/papers/23-unary-holonomy-finite-fiber-rigidity/sections/7_fredholm_roof.tex:197:\label{prop:stirling}
/root/autodl-tmp/hilbert-polya-structure/symbolic_dynamics/papers/23-unary-holonomy-finite-fiber-rigidity/sections/7_fredholm_roof.tex:205:Stirling's formula in
/root/autodl-tmp/hilbert-polya-structure/symbolic_dynamics/papers/21-successor-divisor-cycle-flood/sections/0_abstract.tex:29:threshold and the entire cycle flood, proving zero selectivity margin for the
/root/autodl-tmp/hilbert-polya-structure/symbolic_dynamics/papers/29-functorial-chiral-counterterm-no-go/sections/9_route_limitations.tex:66:nonlocal invariants of an entire filtered source.  Their existence, useful
/root/autodl-tmp/hilbert-polya-structure/symbolic_dynamics/papers/29-functorial-chiral-counterterm-no-go/sections/9_route_limitations.tex:94:functor or a theorem excluding its entire motivated class.  A positive
/root/autodl-tmp/hilbert-polya-structure/symbolic_dynamics/papers/34-positive-recognition-recurrence-quadrilemma/sections/6_pruning_ownership.tex:15:component, so \cref{lem:scc} puts the walk entirely on one atom cycle.
/root/autodl-tmp/hilbert-polya-structure/symbolic_dynamics/papers/34-positive-recognition-recurrence-quadrilemma/sections/6_pruning_ownership.tex:22:first gives equality near $z=0$, and entireness extends it to all $z$.  A
/root/autodl-tmp/hilbert-polya-structure/symbolic_dynamics/papers/140-random-majority-triple-contraction/main.tex:49:With independent rate-one clocks on current windows, the entire vector of
/root/autodl-tmp/hilbert-polya-structure/symbolic_dynamics/papers/21-successor-divisor-cycle-flood/sections/A_proof_details.tex:48:  \item the fixed-order closed-walk expression is a finite entire function of
/root/autodl-tmp/hilbert-polya-structure/symbolic_dynamics/papers/38-bass-serre-tree-orbital-collapse/PROOF_PACKAGE.md:53:rejected and the entire affine branch closes.
/root/autodl-tmp/hilbert-polya-structure/symbolic_dynamics/papers/38-bass-serre-tree-orbital-collapse/PROOF_PACKAGE.md:372:branch=CLOSE_ENTIRE_AFFINE_BRANCH.
/root/autodl-tmp/hilbert-polya-structure/symbolic_dynamics/papers/19-stationary-semiring-sieve-shift/PROOF_PACKAGE.md:161:For fixed (s) in the half-plane, both sides define entire functions of
/root/autodl-tmp/hilbert-polya-structure/symbolic_dynamics/papers/19-stationary-semiring-sieve-shift/PROOF_PACKAGE.md:162:(z): the Fredholm determinant is entire and the genus-zero product is
/root/autodl-tmp/hilbert-polya-structure/symbolic_dynamics/papers/19-stationary-semiring-sieve-shift/PROOF_PACKAGE.md:198:trace-log expansion gives determinant one near (z=0), and entireness
/root/autodl-tmp/hilbert-polya-structure/symbolic_dynamics/papers/172-fresh-map-self-image-erosion/main.tex:28:\newcommand{\Stir}[2]{\genfrac\{\}{0pt}{}{#1}{#2}}
/root/autodl-tmp/hilbert-polya-structure/symbolic_dynamics/papers/172-fresh-map-self-image-erosion/main.tex:35:\keywords{finite Markov chain, random mapping, Stirling number, Jordan block,
/root/autodl-tmp/hilbert-polya-structure/symbolic_dynamics/papers/172-fresh-map-self-image-erosion/main.tex:51:Specified-bin occupancy, Stirling surjection counts, marked-kernel products,
/root/autodl-tmp/hilbert-polya-structure/symbolic_dynamics/papers/172-fresh-map-self-image-erosion/main.tex:73:distribution has a noncentral-Stirling and spectral formulation
/root/autodl-tmp/hilbert-polya-structure/symbolic_dynamics/papers/172-fresh-map-self-image-erosion/main.tex:82:objects, Stirling surjection counts, and generic finite-chain linear algebra
/root/autodl-tmp/hilbert-polya-structure/symbolic_dynamics/papers/172-fresh-map-self-image-erosion/main.tex:86:Let $\Stir ak$ be a Stirling number of the second kind.  For
/root/autodl-tmp/hilbert-polya-structure/symbolic_dynamics/papers/172-fresh-map-self-image-erosion/main.tex:89:H_n(a,b;k)&=\binom{n-a}{k-b}k!\Stir ak,                 \label{eq:H}\\
/root/autodl-tmp/hilbert-polya-structure/symbolic_dynamics/papers/172-fresh-map-self-image-erosion/main.tex:94:$\Stir00=1$, and $\Stir a0=0$ for $a>0$.  At $a=0$ the denominator is one.
/root/autodl-tmp/hilbert-polya-structure/symbolic_dynamics/papers/172-fresh-map-self-image-erosion/main.tex:105:with $(a)_b=a!/(a-b)!$ and $S_{\rm nc}$ the source's noncentral Stirling
/root/autodl-tmp/hilbert-polya-structure/symbolic_dynamics/papers/172-fresh-map-self-image-erosion/main.tex:183:map onto the $k$-set $B\cup R$.  There are $k!\Stir ak$ such surjections.
/root/autodl-tmp/hilbert-polya-structure/symbolic_dynamics/papers/172-fresh-map-self-image-erosion/main.tex:219: Q_{n,n-1}=\binom n{n-1}\frac{(n-1)!\Stir n{n-1}}{n^n}>0.
/root/autodl-tmp/hilbert-polya-structure/symbolic_dynamics/papers/172-fresh-map-self-image-erosion/main.tex:270:the fixed-target required-box count, ordinary Stirling/surjection algebra,
/root/autodl-tmp/hilbert-polya-structure/symbolic_dynamics/papers/30-free-monoid-incidence-indistinguishability/sections/A_proof_details.tex:31: \label{eq:stirling-cumulant}
/root/autodl-tmp/hilbert-polya-structure/symbolic_dynamics/papers/30-free-monoid-incidence-indistinguishability/sections/A_proof_details.tex:33:where \(S(r,k)\) is a Stirling number of the second kind.  Using
/root/autodl-tmp/hilbert-polya-structure/symbolic_dynamics/papers/26-pure-power-selector-atom-collapse/PROOF_PACKAGE.md:126:positive words, hence by linearity on the entire free algebra.  If `d<0`,
/root/autodl-tmp/hilbert-polya-structure/symbolic_dynamics/papers/167-minimum-inverse-position-feedback/main.tex:211:$p_0>p_1$, the least occurrence of $p_0$ is $p_1$ and the entire path
/root/autodl-tmp/hilbert-polya-structure/symbolic_dynamics/papers/179-random-singleton-isolation/main.tex:86:$D_0=1$ and $D_1=0$.  We use $S(t,r)$ for a Stirling number of the second
/root/autodl-tmp/hilbert-polya-structure/symbolic_dynamics/papers/185-prefix-diversity-delay/main.tex:42:the number of distinct letters in its strict prefix, and feed the entire
/root/autodl-tmp/hilbert-polya-structure/symbolic_dynamics/papers/185-prefix-diversity-delay/main.tex:124:Thus the entire future of $w$ is already coded by the novelty decisions in
/root/autodl-tmp/hilbert-polya-structure/symbolic_dynamics/papers/32-projective-residue-recurrence-obstruction/sections/6_fredholm_ownership.tex:44:entire in $z$ and holomorphic in $s$.
/root/autodl-tmp/hilbert-polya-structure/symbolic_dynamics/papers/22-cofactor-holonomy-fredholm-trilemma/main.tex:8:\usepackage{booktabs,array,tabularx,multirow,enumitem,xcolor,tikz,graphicx}
/root/autodl-tmp/hilbert-polya-structure/symbolic_dynamics/papers/160-rectangular-corner-stripping-atlas/main.tex:194:entire boundaries around a prescribed southeast remainder.
/root/autodl-tmp/hilbert-polya-structure/symbolic_dynamics/papers/183-random-incoming-copy-symmetrization/main.tex:26:\newcommand{\Stir}[2]{\genfrac\{\}{0pt}{}{#1}{#2}}
/root/autodl-tmp/hilbert-polya-structure/symbolic_dynamics/papers/183-random-incoming-copy-symmetrization/main.tex:45:first-occurrence order into a complete source--target kernel using Stirling
/root/autodl-tmp/hilbert-polya-structure/symbolic_dynamics/papers/183-random-incoming-copy-symmetrization/main.tex:79:semigroup walks, coupon support, Stirling enumeration, and independence
/root/autodl-tmp/hilbert-polya-structure/symbolic_dynamics/papers/183-random-incoming-copy-symmetrization/main.tex:140:$\Stir{t}{r}$ be a Stirling number of the second kind, with
/root/autodl-tmp/hilbert-polya-structure/symbolic_dynamics/papers/183-random-incoming-copy-symmetrization/main.tex:141:$\Stir00=1$.
/root/autodl-tmp/hilbert-polya-structure/symbolic_dynamics/papers/183-random-incoming-copy-symmetrization/main.tex:163: (n-|M|)!\Stir{t}{n-|M|},
/root/autodl-tmp/hilbert-polya-structure/symbolic_dynamics/papers/183-random-incoming-copy-symmetrization/main.tex:174:$(n-|M|)!\Stir{t}{n-|M|}$.  Different missing sets define disjoint history
/root/autodl-tmp/hilbert-polya-structure/symbolic_dynamics/papers/183-random-incoming-copy-symmetrization/main.tex:180:Thus the temporal law remembers the entire independent-set inventory of the
/root/autodl-tmp/hilbert-polya-structure/symbolic_dynamics/papers/183-random-incoming-copy-symmetrization/main.tex:199: \Stir{t}{|S|}.
/root/autodl-tmp/hilbert-polya-structure/symbolic_dynamics/papers/183-random-incoming-copy-symmetrization/main.tex:216:$\Stir{t}{r}$ such histories.  The support/order classes are disjoint, so
/root/autodl-tmp/hilbert-polya-structure/symbolic_dynamics/papers/34-positive-recognition-recurrence-quadrilemma/PROOF_PACKAGE.md:142:zero, and entireness extends it to all `z`. A simple weighted `ell(a)`-cycle
/root/autodl-tmp/hilbert-polya-structure/symbolic_dynamics/papers/174-minimum-pivot-mobius-feedback/main.tex:334:At the smallest parameter the entire graph is visible:
/root/autodl-tmp/hilbert-polya-structure/symbolic_dynamics/papers/19-stationary-semiring-sieve-shift/sections/0_abstract.tex:18:entire verifier while preserving all power traces and Fredholm determinants.
/root/autodl-tmp/hilbert-polya-structure/symbolic_dynamics/papers/17-fiber-cocycle-artin-factor/PROOF_PACKAGE.md:179:\(\langle g_1\rangle\); if the skew extension is transitive on the entire fiber
/root/autodl-tmp/hilbert-polya-structure/symbolic_dynamics/papers/29-functorial-chiral-counterterm-no-go/sections/7_functional_ownership.tex:50:The ratio is entire and zero-free in $z$.  Therefore scheme changes do not
/root/autodl-tmp/hilbert-polya-structure/symbolic_dynamics/papers/23-unary-holonomy-finite-fiber-rigidity/sections/10_route_evaluation.tex:56:\cref{prop:monomial,thm:factorial,prop:stirling} fix the marker and roof.
/root/autodl-tmp/hilbert-polya-structure/symbolic_dynamics/papers/22-cofactor-holonomy-fredholm-trilemma/PROOF_PACKAGE.md:309:norm, so \(D(s,u;z)\) is jointly holomorphic and entire in \(z\).
/root/autodl-tmp/hilbert-polya-structure/symbolic_dynamics/papers/22-cofactor-holonomy-fredholm-trilemma/PROOF_PACKAGE.md:543:which is entire in \(z\) on the honest trace-class domain.
/root/autodl-tmp/hilbert-polya-structure/symbolic_dynamics/papers/22-cofactor-holonomy-fredholm-trilemma/PROOF_PACKAGE.md:579:\(\gamma\mapsto F(Q(\gamma))\) is constant on the entire family
/root/autodl-tmp/hilbert-polya-structure/symbolic_dynamics/papers/19-stationary-semiring-sieve-shift/sections/A_proof_details.tex:41:\subsection{Entireness in the graph marker}
/root/autodl-tmp/hilbert-polya-structure/symbolic_dynamics/papers/19-stationary-semiring-sieve-shift/sections/A_proof_details.tex:43:For fixed $s$, the Fredholm determinant $z\mapsto\det(I-zL_s)$ is entire.
/root/autodl-tmp/hilbert-polya-structure/symbolic_dynamics/papers/19-stationary-semiring-sieve-shift/sections/A_proof_details.tex:50:Thus equality of logarithms near zero extends to equality of entire
/root/autodl-tmp/hilbert-polya-structure/symbolic_dynamics/papers/22-cofactor-holonomy-fredholm-trilemma/sections/3_source_and_operators.tex:153:These are entire in \(z\), and near \(z=0\),
/root/autodl-tmp/hilbert-polya-structure/symbolic_dynamics/papers/30-free-monoid-incidence-indistinguishability/sections/8_route_closure.tex:6:to the entire admissible natural-invariant class, including nonlocal
/root/autodl-tmp/hilbert-polya-structure/symbolic_dynamics/papers/30-free-monoid-incidence-indistinguishability/sections/8_route_closure.tex:79:locked unless an entirely separate theorem first meets its invocation gate.
/root/autodl-tmp/hilbert-polya-structure/symbolic_dynamics/papers/44-q-adic-finite-size-boundary-spectra/abstract.tex:3:radix \(q\ge2\), we determine the entire order-one finite-size boundary of
/root/autodl-tmp/hilbert-polya-structure/symbolic_dynamics/papers/151-unequal-spider-first-passage/main.tex:380:primitive integer normalization shows that common dilation is the entire
/root/autodl-tmp/hilbert-polya-structure/symbolic_dynamics/papers/25-holomorphic-lefschetz-code-collapse/main.tex:8:\usepackage{booktabs,array,tabularx,multirow,enumitem,xcolor,tikz,graphicx,float}
/root/autodl-tmp/hilbert-polya-structure/symbolic_dynamics/papers/23-unary-holonomy-finite-fiber-rigidity/main.tex:8:\usepackage{booktabs,array,tabularx,multirow,enumitem,xcolor,tikz,graphicx,float}
/root/autodl-tmp/hilbert-polya-structure/symbolic_dynamics/papers/31-wilson-semiring-verifier-trichotomy/sections/0_abstract.tex:6:isomorphic matched semiring clone transports the entire enrichment.  A
/root/autodl-tmp/hilbert-polya-structure/symbolic_dynamics/papers/25-holomorphic-lefschetz-code-collapse/sections/4_scalar_tensor_rigidity.tex:92:The determinant of a trace-class operator is entire in \(t\)
/root/autodl-tmp/hilbert-polya-structure/symbolic_dynamics/papers/25-holomorphic-lefschetz-code-collapse/sections/4_scalar_tensor_rigidity.tex:108:and the entire-versus-pole theorem are full cyclic tests.  They prevent a
/root/autodl-tmp/hilbert-polya-structure/symbolic_dynamics/papers/19-stationary-semiring-sieve-shift/main.tex:69:$\RePart s>1$, but recurrent pruning deletes the entire verifier and a
/root/autodl-tmp/hilbert-polya-structure/symbolic_dynamics/papers/39-affine-obstruction-dag-closure-certificate/PROOF_PACKAGE.md:31:`CLOSE_ENTIRE_AFFINE_BRANCH`. Exit classifications are not claims that the
/root/autodl-tmp/hilbert-polya-structure/symbolic_dynamics/papers/26-pure-power-selector-atom-collapse/main.tex:8:\usepackage{booktabs,array,tabularx,multirow,enumitem,xcolor,tikz,graphicx,float}
/root/autodl-tmp/hilbert-polya-structure/symbolic_dynamics/papers/45-isospectral-arithmetic-fiber-retractions/sections/01_introduction.tex:71:  as entire functions of $z$.  For $r=1$, this is the ordinary Fredholm
/root/autodl-tmp/hilbert-polya-structure/symbolic_dynamics/papers/47-harmonic-egyptian-mordell-tornheim/appendices/C_determinants_walks.tex:6:$\det_2(I-zA)$ is entire in $z$.  On $|z|\|A\|<1$, expand the logarithm at
/root/autodl-tmp/hilbert-polya-structure/symbolic_dynamics/papers/19-stationary-semiring-sieve-shift/sections/7_pruning_no_go.tex:47:Both determinants are entire in $z$, so the identities extend globally.
/root/autodl-tmp/hilbert-polya-structure/symbolic_dynamics/papers/25-holomorphic-lefschetz-code-collapse/PROOF_PACKAGE.md:112:The Fredholm determinant of a trace-class operator is entire in \(t\), but
/root/autodl-tmp/hilbert-polya-structure/symbolic_dynamics/papers/25-holomorphic-lefschetz-code-collapse/PROOF_PACKAGE.md:225:everywhere by the identity theorem for the entire degreewise determinants.
/root/autodl-tmp/hilbert-polya-structure/symbolic_dynamics/papers/20-recurrent-verifier-clock-dilution/sections/1_introduction.tex:8:the entire verification path.  Then every divisor trial and every exposed
/root/autodl-tmp/hilbert-polya-structure/symbolic_dynamics/papers/25-holomorphic-lefschetz-code-collapse/sections/9_exact_audit.tex:73:E3 & entire-versus-pole symbolic check
/root/autodl-tmp/hilbert-polya-structure/symbolic_dynamics/papers/48-all-radix-carry-free-schatten/paper/sections/01_introduction.tex:92:\(\Dettwo(I-zB_{b,s})\) is entire in \(z\), with its trace-power logarithm
/root/autodl-tmp/hilbert-polya-structure/symbolic_dynamics/papers/37-local-coefficient-normal-closure-saturation/sections/4_main_theorem.tex:65:cancellation is imposed for the entire normal closure, then the target class
/root/autodl-tmp/hilbert-polya-structure/symbolic_dynamics/papers/27-mobius-incidence-atom-compiler/sections/4_similarity_no_go.tex:105:which coordinates are atoms. That ownership belongs entirely to the cover
/root/autodl-tmp/hilbert-polya-structure/symbolic_dynamics/papers/27-mobius-incidence-atom-compiler/sections/4_similarity_no_go.tex:140:coordinate-like and, at finite cutoff, that the entire family is explicitly
/root/autodl-tmp/hilbert-polya-structure/symbolic_dynamics/papers/38-bass-serre-tree-orbital-collapse/main.tex:77:is locked and the entire affine branch is closed.
/root/autodl-tmp/hilbert-polya-structure/symbolic_dynamics/papers/29-functorial-chiral-counterterm-no-go/sections/B_scope_declarations.tex:9:entire filtered tower.  Pointed isomorphisms transport decorations; printed
/root/autodl-tmp/hilbert-polya-structure/symbolic_dynamics/papers/46-dyadic-sum-hankel-cycle-calculus/appendices/A_endpoint_details.tex:57:are controlled in their entirety by $R_m$.  Thus the modulus of
/root/autodl-tmp/hilbert-polya-structure/symbolic_dynamics/papers/50-affine-divisibility-toeplitz-factor-posets/paper/sections/1_introduction.tex:52:    arrows are refinement arrows, and graphical Stirling numbers enumerate
/root/autodl-tmp/hilbert-polya-structure/symbolic_dynamics/papers/50-affine-divisibility-toeplitz-factor-posets/paper/sections/1_introduction.tex:67:  periodicity and orbit density then force $F=\lambda^{\Z}$ on the entire
/root/autodl-tmp/hilbert-polya-structure/symbolic_dynamics/papers/23-unary-holonomy-finite-fiber-rigidity/sections/A_proof_details.tex:86:Uniform Stirling expansion gives
/root/autodl-tmp/hilbert-polya-structure/symbolic_dynamics/papers/29-functorial-chiral-counterterm-no-go/results/determinant_power_ledger.csv:3:2,deleted_entirely_including_diagonal_and_mixed,
/root/autodl-tmp/hilbert-polya-structure/symbolic_dynamics/papers/25-holomorphic-lefschetz-code-collapse/sections/6_shared_renewal.tex:48:origin.  Both degreewise determinants are entire, and the identity theorem
/root/autodl-tmp/hilbert-polya-structure/symbolic_dynamics/papers/46-dyadic-sum-hankel-cycle-calculus/sections/06_valuation_determinants.tex:74:We next separate an entire determinant identity from its local logarithm.
/root/autodl-tmp/hilbert-polya-structure/symbolic_dynamics/papers/46-dyadic-sum-hankel-cycle-calculus/sections/06_valuation_determinants.tex:109:Both sides of \cref{eq:det2-product} are entire in $z$.  On the smaller
/root/autodl-tmp/hilbert-polya-structure/symbolic_dynamics/papers/46-dyadic-sum-hankel-cycle-calculus/sections/06_valuation_determinants.tex:118:This logarithmic series is local; it is not a global logarithm of the entire
/root/autodl-tmp/hilbert-polya-structure/symbolic_dynamics/papers/21-successor-divisor-cycle-flood/sections/9_pruning_controls.tex:82:is entire in \(z\), it equals one identically.
/root/autodl-tmp/hilbert-polya-structure/symbolic_dynamics/papers/31-wilson-semiring-verifier-trichotomy/sections/3_semiring_clones.tex:67:entire source language.
/root/autodl-tmp/hilbert-polya-structure/symbolic_dynamics/papers/73-critical-jordan-block-substitution/main.tex:240:common phase these arrays bound the entire observable field of every
/root/autodl-tmp/hilbert-polya-structure/symbolic_dynamics/papers/73-critical-jordan-block-substitution/main.tex:283:$\vartheta^{\ell-k}(B)$ consists entirely of $B$'s, so the strip is a row of
/root/autodl-tmp/hilbert-polya-structure/symbolic_dynamics/papers/73-critical-jordan-block-substitution/main.tex:286:$\vartheta^{\ell-k}(B)$ also consists entirely of $B$'s.
/root/autodl-tmp/symbolic_dynamics/docs/papers117_121_sequence/scouting/COMBINATORIAL_PHASE2C_SCOUT.md:99:consists entirely of fixed trees and has odd total order.  The odd part of
/root/autodl-tmp/symbolic_dynamics/docs/papers117_121_sequence/scouting/COMBINATORIAL_PHASE2C_SCOUT.md:543:  and the entire census may be an immediate `q=-1` specialization.
/root/autodl-tmp/hilbert-polya-structure/symbolic_dynamics/papers/85-periodic-alphabet-full-shifts/main.tex:43:full $Q$-shift.  Thus the entire ordered size schedule
/root/autodl-tmp/hilbert-polya-structure/symbolic_dynamics/papers/31-wilson-semiring-verifier-trichotomy/sections/A_proof_details.tex:79:first gives $\det(I-zQ_s)=1$ near zero; both sides are entire in $z$, so the
/root/autodl-tmp/hilbert-polya-structure/symbolic_dynamics/papers/31-wilson-semiring-verifier-trichotomy/sections/10_conclusion.tex:11:copies the entire construction.  Keeping the Wilson computation recurrent
/root/autodl-tmp/hilbert-polya-structure/symbolic_dynamics/papers/23-unary-holonomy-finite-fiber-rigidity/PROOF_PACKAGE.md:469:is a genuine Fredholm determinant, entire in \(z\).
/root/autodl-tmp/hilbert-polya-structure/symbolic_dynamics/papers/23-unary-holonomy-finite-fiber-rigidity/PROOF_PACKAGE.md:580:**Proof.**  Apply Stirling's formula to
/root/autodl-tmp/symbolic_dynamics/docs/papers127_131_sequence/proof_spikes/ROOTWARD_PATH_PROOF_REPORT.md:143:a finite acyclic recursion, so it uniquely determines the entire law.
/root/autodl-tmp/hilbert-polya-structure/symbolic_dynamics/papers/32-projective-residue-recurrence-obstruction/PROOF_PACKAGE.md:162:operator, entire in \(z\) and holomorphic in \(s\) on that half-plane.
/root/autodl-tmp/hilbert-polya-structure/symbolic_dynamics/papers/97-sumset-squaring-dynamics/main.tex:266:The recurrent classification makes the entire temporal ledger finite.
/root/autodl-tmp/hilbert-polya-structure/symbolic_dynamics/papers/94-marked-symmetric-s-adic-shifts/main.tex:76:entire directive sequence.  The binary family in this note isolates that
/root/autodl-tmp/hilbert-polya-structure/symbolic_dynamics/papers/32-projective-residue-recurrence-obstruction/sections/5_cusp_diamonds.tex:79:entire composite-diamond family.  For this source-natural cusp skeleton,
/root/autodl-tmp/symbolic_dynamics/docs/papers132_136_sequence/replacement_scout/nondivisor_algebra/SCOUT.md:439:It is correct and has real two-cycles, but it shares the entire carrier,
/root/autodl-tmp/hilbert-polya-structure/symbolic_dynamics/papers/29-functorial-chiral-counterterm-no-go/sections/1_introduction.tex:72:entire filtered tower.  One can even recognize a predeclared tower
/root/autodl-tmp/hilbert-polya-structure/symbolic_dynamics/papers/27-mobius-incidence-atom-compiler/PROOF_PACKAGE.md:202:The trace-log identity near \(z=0\), followed by entire continuation in \(z\),
/root/autodl-tmp/hilbert-polya-structure/symbolic_dynamics/papers/25-holomorphic-lefschetz-code-collapse/sections/A_proof_details.tex:72:analytic continuation it would equal the entire Fredholm determinant away
/root/autodl-tmp/hilbert-polya-structure/symbolic_dynamics/papers/38-bass-serre-tree-orbital-collapse/figures/tree_orbit_trilemma.tex:48:   \texttt{CLOSE\_ENTIRE\_AFFINE\_BRANCH}};
/root/autodl-tmp/hilbert-polya-structure/symbolic_dynamics/papers/38-bass-serre-tree-orbital-collapse/sections/9_route_conclusion.tex:40:\texttt{CLOSE\_ENTIRE\_AFFINE\_BRANCH}.
/root/autodl-tmp/hilbert-polya-structure/symbolic_dynamics/papers/27-mobius-incidence-atom-compiler/sections/6_holomorphic_transfer.tex:59:Both sides of \eqref{eq:atom-fredholm} are entire in \(z\), so equality
/root/autodl-tmp/hilbert-polya-structure/symbolic_dynamics/papers/48-all-radix-carry-free-schatten/paper/sections/08_conclusion.tex:12:the entire relevant bad range and, in particular, its active equality
/root/autodl-tmp/hilbert-polya-structure/symbolic_dynamics/papers/32-projective-residue-recurrence-obstruction/sections/A_proof_details.tex:66:whose double series is also finite.  Each finite-rank summand is entire in
/root/autodl-tmp/hilbert-polya-structure/symbolic_dynamics/papers/32-projective-residue-recurrence-obstruction/sections/A_proof_details.tex:70:entire in the scalar $z$ for each trace-class $B_s$.
/root/autodl-tmp/hilbert-polya-structure/symbolic_dynamics/papers/39-affine-obstruction-dag-closure-certificate/sections/3_contract_graph.tex:157:but many-to-one.  The bridge remains auditable because it stores the entire
/root/autodl-tmp/hilbert-polya-structure/symbolic_dynamics/papers/91-generalized-dihedral-reverser-shifts/main.tex:44:its entire $2N$-state adjacency spectrum depends only on $(N,t)$.  When
/root/autodl-tmp/symbolic_dynamics/docs/papers157_161_sequence/phase1/p160_replacement/verify_replacement_scout.py:2:"""Exact breadth scout for the retired P160 replacement.
/root/autodl-tmp/hilbert-polya-structure/symbolic_dynamics/papers/41-knauf-rooted-clock-non-descent/sections/B_boundaries_and_locks.tex:20:$Q_s$ trace class and $\det(I-uQ_s)$ entire in $u$
/root/autodl-tmp/hilbert-polya-structure/symbolic_dynamics/papers/29-functorial-chiral-counterterm-no-go/PROOF_PACKAGE.md:311:The right-hand side is entire and zero-free in (z), so the two functionals have the same auxiliary-
/root/autodl-tmp/hilbert-polya-structure/symbolic_dynamics/papers/29-functorial-chiral-counterterm-no-go/PROOF_PACKAGE.md:321:The theorem makes no claim about arbitrary nonlinear or nonlocal invariants of the entire filtered tower.
/root/autodl-tmp/symbolic_dynamics/docs/papers147_151_sequence/scouting/stochastic/SCOUT.md:112:entire output is a peak/local-maximum set of a graph labelling.  Paths are the
/root/autodl-tmp/symbolic_dynamics/docs/papers147_151_sequence/scouting/stochastic/SCOUT.md:322:The literal relation update is distinct, but its entire probability theorem is
/root/autodl-tmp/symbolic_dynamics/docs/papers147_151_sequence/scouting/stochastic/SCOUT.md:543:`M` is known the winner law identifies the entire block-size vector.  Six mixed
/root/autodl-tmp/symbolic_dynamics/docs/papers147_151_sequence/scouting/stochastic/SCOUT.md:770:`m -> m-1` or `m -> 1` fairly.  Thus the **entire** clock law depends only on
/root/autodl-tmp/hilbert-polya-structure/symbolic_dynamics/papers/43-squarefree-factor-periodic-rigidity/inputs/writer_baseline/sections/4_factor_rigidity.tex:108:The word ``every'' in \cref{thm:factor-rigidity} refers to the entire lawful
/root/autodl-tmp/hilbert-polya-structure/symbolic_dynamics/papers/45-isospectral-arithmetic-fiber-retractions/appendices/C_tauberian.tex:5:factor in \cref{eq:L-local} is entire in $z$ for each fixed $p$, because
/root/autodl-tmp/symbolic_dynamics/docs/papers162_166_sequence/scouting/open_fresh_p166_round5/SCOUT.md:86:The verifier exhausts the entire Boolean-function phase through `n=4`, or
/root/autodl-tmp/hilbert-polya-structure/symbolic_dynamics/papers/77-digit-weight-automatic-towers/main.tex:448:subsequence has a further subsequence which either consists entirely of
/root/autodl-tmp/hilbert-polya-structure/symbolic_dynamics/papers/43-squarefree-factor-periodic-rigidity/sections/4_factor_rigidity.tex:108:The word ``every'' in \cref{thm:factor-rigidity} refers to the entire lawful
/root/autodl-tmp/symbolic_dynamics/docs/papers152_156_sequence/scouting/stochastic_replacement2/SCOUT.md:145:corners, retire the chosen face, and declare the three child faces active.
/root/autodl-tmp/symbolic_dynamics/docs/papers162_166_sequence/scouting/replacement_arithmetic_hybrid/SCOUT.md:87:| `AH23/HPS` | 3-uniform hypergraphs on `Z/5Z`.  Map each edge `{a,b,c}` to the distinct triple of pair sums `{a+b,b+c,c+a}`, discarding degenerate images, and take the union. | Bijective on 1024 states; `C=1:16,2:24,4:240`. | The edge map is a permutation of the ten triples, so the entire hypergraph action is its Boolean lift. | Pure induced permutation action with singleton fibres; no inverse or extremal axis beyond cycle inventory. **`KILL_BOOLEAN_LIFT_ACTION`.** |
/root/autodl-tmp/symbolic_dynamics/docs/papers157_161_sequence/phase1/p160_replacement/SCOUT.md:4:**Portfolio boundary:** P1--P156 and retired BST  
/root/autodl-tmp/hilbert-polya-structure/symbolic_dynamics/papers/89-bernoulli-reset-golden-random-sft/main.tex:95:entire cocycle becomes regenerative rather than merely subadditive.
/root/autodl-tmp/hilbert-polya-structure/symbolic_dynamics/papers/89-bernoulli-reset-golden-random-sft/main.tex:446:the entire displayed package.  That negative search is a collision
/root/autodl-tmp/symbolic_dynamics/docs/papers162_166_sequence/scouting/replacement_stochastic_nonlinear/SCOUT.md:97:| `G04/NPC` | naturally labelled posets on four elements; sample `i<j`, adjoin that comparison, and transitively close | `40/169/1/39/1\/12/1/1\/3..17\/6/0` | The full chain is the unique absorbing state, but rank alone is not Markov and closure cascades retain the entire current relation. | Randomizing a closure frontier adds no theorem beyond poset closure; it collides with current `OPG` and the permanent generic-closure exclusion. | `KILL_STOCHASTIC_CLOSURE` |
/root/autodl-tmp/symbolic_dynamics/docs/papers162_166_sequence/scouting/replacement_stochastic_nonlinear/SCOUT.md:154:novelty, ownership, priority, or freedom to publish.  The entire lane remains
/root/autodl-tmp/hilbert-polya-structure/symbolic_dynamics/papers/retired/160-binary-projective-steiner-triangle-collapse/main.tex:252:These are precisely the depth-one nonblocks.  The image contains the entire
/root/autodl-tmp/hilbert-polya-structure/symbolic_dynamics/papers/28-chiral-incidence-metric-trilemma/sections/6_metric_rigidity.tex:5:retaining a coupled spectrum?  The answer is no for the entire bounded
/root/autodl-tmp/symbolic_dynamics/docs/papers157_161_sequence/scouting/replacement_geometry_mechanism/SCOUT.md:40:| 1 | `BST` | ordered triples of points of `PG(r-1,2)`; replace each vertex by the Steiner product of the other two | rank 2 is entirely periodic, while rank at least 3 has a one-step nonblock shell and block fibres of size `2^r-3` | **`SELECT_FOCUSED`** |
/root/autodl-tmp/symbolic_dynamics/docs/papers157_161_sequence/scouting/replacement_geometry_mechanism/SCOUT.md:208:- **Second axis/anomaly.**  Every fibre is singleton.  The entire mechanism is
/root/autodl-tmp/hilbert-polya-structure/symbolic_dynamics/papers/46-dyadic-sum-hankel-cycle-calculus/sections/05_ideal_thresholds.tex:12:The following elementary level estimates contain the entire
/root/autodl-tmp/symbolic_dynamics/docs/papers132_136_sequence/scouting/combinatorial/__pycache__/verify_combinatorial_scout.cpython-312.pyc: binary file matches (found "\0" byte around offset 4)
/root/autodl-tmp/hilbert-polya-structure/symbolic_dynamics/papers/30-free-monoid-incidence-indistinguishability/sections/6_mixed_functional.tex:113:is an honest ordinary Fredholm determinant, entire in \(z\).  Its first two
/root/autodl-tmp/symbolic_dynamics/docs/papers162_166_sequence/scouting/component_complement_dynamics/SCOUT.md:77:This two-cycle is the entire recurrent core.  More precisely:
/root/autodl-tmp/hilbert-polya-structure/symbolic_dynamics/papers/44-q-adic-finite-size-boundary-spectra/sections/1_introduction.tex:43:their entire future tails.  This all-level estimate makes the real boundary
/root/autodl-tmp/symbolic_dynamics/docs/papers167_171_sequence/scouting/combinatorial_crossdomain/IDEA_LEDGER.md:45:| K03 RRD | Variable binary-word support kernel; choose a site and delete its entire run. | Length at most 10: 10,241 arcs, one absorbing state, outdegree 1--10. | **KILL.** Random run erosion; absorption is immediate potential descent and no nontrivial distribution axis appeared. |
/root/autodl-tmp/hilbert-polya-structure/symbolic_dynamics/papers/29-functorial-chiral-counterterm-no-go/sections/4_counterterm_classification.tex:87:A symmetric scalar function of the entire decorated Gram matrix is invariant
/root/autodl-tmp/hilbert-polya-structure/symbolic_dynamics/papers/50-affine-divisibility-toeplitz-factor-posets/paper/sections/0_abstract.tex:22:Stirling numbers and the chromatic polynomial then enumerate the target
/root/autodl-tmp/symbolic_dynamics/docs/papers127_131_sequence/scouting/stochastic/SCOUT.md:123:The mean product is only the case `r=1`. The entire recurrence is exactly
/root/autodl-tmp/symbolic_dynamics/docs/papers127_131_sequence/scouting/stochastic/SCOUT.md:265:moving the maximum exposes the entire interval by induction. If it is
/root/autodl-tmp/symbolic_dynamics/docs/papers127_131_sequence/scouting/stochastic/SCOUT.md:299:Pitman Chinese restaurant process generalized Stirling numbers DOI
/root/autodl-tmp/symbolic_dynamics/docs/papers162_166_sequence/scouting/open_fresh_p165/SCOUT.md:149:entire fibre.
/root/autodl-tmp/symbolic_dynamics/docs/papers162_166_sequence/scouting/open_fresh_p165/SCOUT.md:233:| P100 valuation digit erasure / P115 Cartier decimation | finite algebra with coordinate loss | those updates are fixed arithmetic/linear coordinate maps; (1) recomputes a nonlinear low-weight support union from the entire current code |
/root/autodl-tmp/symbolic_dynamics/docs/papers197_201_sequence/scouting/replacement_stirling_lane/PROOF_CERTIFICATE.md:11:is a Stirling permutation, and every Stirling permutation has a unique such
/root/autodl-tmp/symbolic_dynamics/docs/papers197_201_sequence/scouting/replacement_stirling_lane/PROOF_CERTIFICATE.md:32:`j>=2` retains its entire ordered child list and receives label `j-1`; the new
/root/autodl-tmp/symbolic_dynamics/docs/papers197_201_sequence/scouting/replacement_stirling_lane/PROOF_CERTIFICATE.md:54:Every order-`k` Stirling permutation is obtained uniquely by inserting the
/root/autodl-tmp/hilbert-polya-structure/symbolic_dynamics/papers/67-multiplicative-plaquette-matroid-complexity/sections/7_conclusion.tex:4:each root component, the two exponent axes determine the entire array, and
/root/autodl-tmp/hilbert-polya-structure/symbolic_dynamics/papers/76-four-iet-finite-language-fans/main.tex:82:are integer linear forms in the length vector, the entire word cylinder is an
/root/autodl-tmp/hilbert-polya-structure/symbolic_dynamics/papers/76-four-iet-finite-language-fans/main.tex:88:only the finite language but the entire vector of cylinder measures is
/root/autodl-tmp/hilbert-polya-structure/symbolic_dynamics/papers/33-relation-homology-operator-non-descent/sections/7_exact_audit.tex:55:residue arithmetic.  The cross-square boundary rank equals the entire
/root/autodl-tmp/symbolic_dynamics/docs/papers204_208_sequence/scouting/combinatorial/PROOF_NOTES.md:93:## C08_TIR: classical retraction with an involution
/root/autodl-tmp/symbolic_dynamics/docs/papers204_208_sequence/scouting/combinatorial/PROOF_NOTES.md:96:`j` tableau transpose. The standard identity `p r=id` and `j²=id` give
/root/autodl-tmp/symbolic_dynamics/docs/papers204_208_sequence/scouting/combinatorial/SCOUT_REPORT.md:26:| C08_TIR | Permutations: form insertion tableau `P(w)`, transpose it, then read rows bottom-to-top, within rows left-to-right. | `n=8`: `(40320,764,764,1,90)`; `T³=T`, and every positive fibre is the standard-tableau number of the target shape. | `KILL_RSK_INVOLUTION_LIFT`. The previously killed row-word RSK retraction with tableau transposition added; complete mathematics but no residual temporal axis. |
/root/autodl-tmp/hilbert-polya-structure/symbolic_dynamics/papers/47-harmonic-egyptian-mordell-tornheim/sections/06_traces_determinants.tex:94:$D_2(z;s)=\det_2(I-zE_s)$ is entire in $z$.  On the disk
/root/autodl-tmp/hilbert-polya-structure/symbolic_dynamics/papers/47-harmonic-egyptian-mordell-tornheim/sections/06_traces_determinants.tex:110:$D_1(z;s)=\det(I-zE_s)$ is entire in $z$ and
/root/autodl-tmp/symbolic_dynamics/docs/papers162_166_sequence/scouting/open_fresh_p166_round7/SCOUT.md:212:The only candidate with two closed raw axes is `LHF`, whose entire proof
/root/autodl-tmp/symbolic_dynamics/docs/papers204_208_sequence/scouting/finite_algebra_ninth/PROOF_AND_ADAPTER_NOTES.md:131:**Open risk / disposition:** Hamilton's static allocation rule is entirely
/root/autodl-tmp/hilbert-polya-structure/symbolic_dynamics/papers/88-finite-field-parity-tree-shifts/main.tex:559:the entire complexity ledger and a canonical compatible uniform measure.
/root/autodl-tmp/hilbert-polya-structure/symbolic_dynamics/papers/38-bass-serre-tree-orbital-collapse/sections/1_introduction.tex:35:generic or divergent.  \Cref{fig:tree-orbit-trilemma} exposes the entire
/root/autodl-tmp/hilbert-polya-structure/symbolic_dynamics/papers/38-bass-serre-tree-orbital-collapse/sections/1_introduction.tex:93:$\RouteTuple$; Route A is rejected, Route B remains locked, and the entire
/root/autodl-tmp/hilbert-polya-structure/symbolic_dynamics/papers/78-complete-bipartite-sandpile-translations/main.tex:82:arithmetic function of the entire profile.  Once that period is known,
/root/autodl-tmp/symbolic_dynamics/docs/papers204_208_sequence/scouting/finite_algebra_ninth/SCOUT_REPORT.md:14:| ELD, Euler log derivative on truncated units | $p=5,m=6$: 3125 states, image/core 625, height 1, periods 1/2/4/20, maximum fibre 5. | Complete ghost image, uniform fibres and image permutation; the entire static axis is the classical ghost primitive. Height is only zero/one; no individual-cycle atlas. | `NO_PROMOTION_GHOST_ADAPTER` |
/root/autodl-tmp/hilbert-polya-structure/symbolic_dynamics/papers/93-random-push-pop-stack-cocycles/main.tex:596:running maximum of the entire direction walk rather than on iid reset gaps.
/root/autodl-tmp/symbolic_dynamics/docs/papers162_166_sequence/scouting/random_coloring_refinement/SCOUT.md:63:`delta`; it is the unique absorbing state.  Falling factorials and Stirling
/root/autodl-tmp/symbolic_dynamics/docs/papers162_166_sequence/scouting/random_coloring_refinement/SCOUT.md:67:(x)_j = x(x-1)...(x-j+1),       S(b,j) = Stirling2(b,j),
/root/autodl-tmp/symbolic_dynamics/docs/papers162_166_sequence/scouting/random_coloring_refinement/SCOUT.md:88:with all functions `a:[n]->[Q]`.  Thus the entire `t`-step law is one uniform
/root/autodl-tmp/symbolic_dynamics/docs/papers162_166_sequence/scouting/random_coloring_refinement/SCOUT.md:364:- every zeta eigenrelation and every Stirling multiplicity;
/root/autodl-tmp/hilbert-polya-structure/symbolic_dynamics/papers/48-all-radix-carry-free-schatten/preauthority/PROOF_PACKAGE.md:239:\(\det_2(I-zB_{b,s})\) is entire in \(z\) and
/root/autodl-tmp/symbolic_dynamics/docs/papers142_146_sequence/scouting/combinatorial/SCOUT.md:37:  priority-first traversal and its entire pointwise fibre product transfers,
/root/autodl-tmp/symbolic_dynamics/docs/papers142_146_sequence/scouting/combinatorial/SCOUT.md:68:| **P02** | Permutations; perform RSK insertion, discard the recording tableau, and return the bottom-to-top row word of the insertion tableau. | `1<=n<=8`; 46,233 states; periods `1`; max tail `1`; last `I/F=764/764`.  Every fibre equals the hook-length count of recording tableaux of the target shape. | **PERMANENT KILL -- RSK RETRACTION.**  The fibre is the classical RSK correspondence, and the system is idempotent. |
/root/autodl-tmp/hilbert-polya-structure/symbolic_dynamics/papers/90-rule184-particle-periodic-zeta/main.tex:320:$\alpha=\min\{\rho,1-\rho\}\in[0,1/2]$, Stirling's formula gives
/root/autodl-tmp/symbolic_dynamics/docs/papers204_208_sequence/scouting/finite_systems_thirteenth/INTAKE.md:36:Engel background already consume its entire inverse. It is not one of the
/root/autodl-tmp/symbolic_dynamics/docs/papers204_208_sequence/scouting/finite_systems_thirteenth/INTAKE.md:134:EIM twice gives EIM once. The entire temporal axis is a consensus-image
/root/autodl-tmp/symbolic_dynamics/docs/papers107_111_sequence/scouting/COMBINATORIAL_SCOUT.md:285:entire cyclic-word dynamics.  This is structural, not a numerical accident.
/root/autodl-tmp/symbolic_dynamics/docs/papers112_116_sequence/scouting/STOCHASTIC_SCOUT.md:245:entire biased law at `p=1/5,1/2,3/4`, verifies stationarity and the exact
/root/autodl-tmp/symbolic_dynamics/docs/papers172_176_sequence/scouting/combinatorial_crossdomain/IDEA_LEDGER.md:19:| `P02_ESK` | Labelled posets.  Retain only old comparabilities from an old minimal element to an old maximal element. | Through `n=5`; exact retraction, image/fixed size 841 at `n=5`. | **KILL_RETRACTION.** The one-step extremal skeleton is its entire temporal theorem. |
/root/autodl-tmp/symbolic_dynamics/docs/papers162_166_sequence/scouting/root_random_alphabet_erasure/SCOUT.md:128:Alphabet projection, Stirling surjection counts, binomial insertion, and the
/root/autodl-tmp/symbolic_dynamics/docs/papers122_126_sequence/scouting/root/SCOUT.md:26:| X05 | replace a set partition by the multiplicities of its block sizes | weighted frequency fibres | kill: X04 engine with Stirling decoration |
/root/autodl-tmp/symbolic_dynamics/docs/papers117_121_sequence/scouting/STOCHASTIC_SCOUT.md:313:  update `C*` sends the entire state to `(0,0,0)`.
/root/autodl-tmp/symbolic_dynamics/docs/papers152_156_sequence/scouting/combinatorial_replacement2/SCOUT.md:327:## 7. SYT — tableau transpose
/root/autodl-tmp/hilbert-polya-structure/symbolic_dynamics/papers/41-knauf-rooted-clock-non-descent/preauthority/PROOF_PACKAGE.md:91:Its owned determinant is entire in `u` and, for `|u|<1`, satisfies
/root/autodl-tmp/hilbert-polya-structure/symbolic_dynamics/papers/41-knauf-rooted-clock-non-descent/preauthority/PROOF_PACKAGE.md:105:trace-class Fredholm theory gives the product and entire dependence on `u`.
/root/autodl-tmp/hilbert-polya-structure/symbolic_dynamics/papers/41-knauf-rooted-clock-non-descent/sections/5_inventory_determinant.tex:25:Its Fredholm determinant is entire in the free variable $u$ and equals
/root/autodl-tmp/hilbert-polya-structure/symbolic_dynamics/papers/41-knauf-rooted-clock-non-descent/sections/5_inventory_determinant.tex:48:Trace-class Fredholm theory gives an entire function of $u$ and the product
/root/autodl-tmp/symbolic_dynamics/docs/papers204_208_sequence/scouting/graph_geometry_third/PROOF_BOUNDARIES.md:66:operators consequently agree on this entire cycle family.
/root/autodl-tmp/symbolic_dynamics/docs/papers72_76_sequence/phase1/CANDIDATE_POOL_AND_KILL_LEDGER.md:17:| P75 | RACG geodesic shift | join-factor support is monotone in the clique automaton | yields the entire recurrent graph, MME multiplicity, entropy, and zeta at once |
/root/autodl-tmp/symbolic_dynamics/docs/papers197_201_sequence/scouting/algebra_lane/BREADTH_AND_KILL_LEDGER.md:6:recent phase-one ledgers, retired candidates, and the standing collision
/root/autodl-tmp/symbolic_dynamics/docs/papers197_201_sequence/scouting/algebra_lane/BREADTH_AND_KILL_LEDGER.md:317:  `papers/retired/160-binary-projective-steiner-triangle-collapse`.
/root/autodl-tmp/symbolic_dynamics/docs/papers197_201_sequence/scouting/algebra_lane/BREADTH_AND_KILL_LEDGER.md:319:- **Disposition:** `KILL_LITERAL_RETIRED_P160`.
/root/autodl-tmp/symbolic_dynamics/docs/papers157_161_sequence/phase1/combinatorial_gate/THEOREM_CONTRACTS_AND_PROOFS.md:25:Thus the entire first-child subtree at every currently surviving vertex is
/root/autodl-tmp/hilbert-polya-structure/symbolic_dynamics/papers/45-isospectral-arithmetic-fiber-retractions/sections/06_weyl.tex:82:where $E_{h,\sigma}$ is a finite entire sum.  Moreover,
/root/autodl-tmp/hilbert-polya-structure/symbolic_dynamics/papers/45-isospectral-arithmetic-fiber-retractions/sections/06_weyl.tex:107:Removing the atoms below one subtracts the finite entire Dirichlet
/root/autodl-tmp/symbolic_dynamics/docs/papers204_208_sequence/scouting/word_local/ARITHMETIC_LOCAL_INTAKE.md:68:pre-pilot convergence paragraph is therefore withdrawn in its entirety;
/root/autodl-tmp/symbolic_dynamics/docs/papers132_136_sequence/scouting/combinatorial/SCOUT.md:100:`[{n \atop k}]` denote the unsigned Stirling number of the first kind.
/root/autodl-tmp/symbolic_dynamics/docs/papers132_136_sequence/scouting/combinatorial/SCOUT.md:134:checks the pointwise clock, the Stirling-band depth layers, recurrence, every
/root/autodl-tmp/symbolic_dynamics/docs/papers132_136_sequence/scouting/combinatorial/SCOUT.md:163:scheduler together with its all-iterate Stirling layers and target-wise
/root/autodl-tmp/hilbert-polya-structure/symbolic_dynamics/papers/95-minimal-slack-no-repeat-shifts/main.tex:239:and the entire correlation sequence is determined by the denominator in
/root/autodl-tmp/symbolic_dynamics/docs/papers197_201_sequence/scouting/replacement_lane/BREADTH_AND_KILL_LEDGER.md:21:| `LFAS` | Binary `r x s` matrices.  Complement the lexicographically least alternating `2 x 2` rectangle; hold if none exists. | `4x4`: `65536` states, image `47114`, fixed `6902`, max observed tail `4`, max fibre `9`, periods `1,2`.  Row/column margins are invariant; selector indices descend; fixed points have the lonesum Stirling census; every target has an exact admissible-rectangle fibre atlas. | **`RESERVE_AMBER / NOT SELECTED`.**  This is not sorting or closure, but the switch is the standard contingency-table `2`-switch and the current all-size tail bound is not sharp. |
/root/autodl-tmp/symbolic_dynamics/docs/papers197_201_sequence/scouting/replacement_lane/BREADTH_AND_KILL_LEDGER.md:23:| `BDC` | Labelled simple graphs.  Delete every bridge simultaneously. | At `n=5`: `1024` states, image=fixed `314`, max fibre `291`.  It is idempotent; the fibre over a bridgeless target is a weighted labelled-forest count on its connected components. | **`KILL_CANONICAL_PRUNING`.**  The inverse formula is clean, but the literal map is one-step bridge-core extraction and its entire clock is the pruning definition. |
/root/autodl-tmp/symbolic_dynamics/docs/papers197_201_sequence/scouting/replacement_lane/BREADTH_AND_KILL_LEDGER.md:39:The separately delegated Stirling-permutation replacement, FOSP, is not
/root/autodl-tmp/symbolic_dynamics/docs/papers162_166_sequence/scouting/word_combinatorial/verify_scout.py:562:    A.eq(len(fibres), 232, "RSK canonical image/involutions count")
/root/autodl-tmp/symbolic_dynamics/docs/papers162_166_sequence/scouting/geometry_group/SCOUT.md:24:every-target product fibre, but its entire temporal theory is `T^2=T`.  Neither
/root/autodl-tmp/symbolic_dynamics/docs/papers162_166_sequence/scouting/geometry_group/SCOUT.md:78:| `GG03/MTE` | triples `(U,V,W)` of subspaces; simultaneously use `(U cap(V+W), V cap(W+U), W cap(U+V))` | for `F_2^3`: 4,096 states, 1,090 images/fixed points, maximum fibre 508 | the map is a retraction in every modular subspace lattice; fixed iff each coordinate lies in the sum of the other two | exact small-rank fibre histograms were computed, but no independent general fibre factorization emerged | lattice meet/join comparator; entire temporal axis collapses to one step | `KILL_MODULAR_RETRACTION_SHALLOW` |
/root/autodl-tmp/symbolic_dynamics/docs/papers107_111_sequence/scouting/STOCHASTIC_SCOUT.md:555:1. The entire reduced word is a canonical finite-time normal form.
/root/autodl-tmp/symbolic_dynamics/docs/papers204_208_sequence/scouting/algebra_third/PROOF_AND_ADAPTER_NOTES.md:141:of Meunier's rule-72 statement in Proposition 3. Its entire temporal
/root/autodl-tmp/symbolic_dynamics/docs/papers177_181_sequence/scouting/stochastic_graph_lane/SCOUT_AND_KILL_LEDGER.md:25:| `RSG` | graphs; union with the star at a fresh uniform vertex | every noncomplete endpoint records the exact set of sampled centres and has fibre (k!S(t,k)); completion occurs at (n-1) distinct centres | **`KILL_COUPON_OCCUPANCY`.**  This is a coupon collector encoded by star complements; Stirling occupancy is also newly occupied by P172 and supplies the whole theorem. |
/root/autodl-tmp/hilbert-polya-structure/symbolic_dynamics/papers/48-all-radix-carry-free-schatten/paper/sections/06_traces_determinants_periods.tex:137:is an entire function of \(z\).  On a sufficiently small neighborhood of
/root/autodl-tmp/hilbert-polya-structure/symbolic_dynamics/papers/48-all-radix-carry-free-schatten/paper/sections/06_traces_determinants_periods.tex:154:\(\Dettwo(I-zB)=\det((I-zB)\exp(zB))\) is entire in \(z\); this is the
/root/autodl-tmp/hilbert-polya-structure/symbolic_dynamics/papers/48-all-radix-carry-free-schatten/paper/sections/06_traces_determinants_periods.tex:163:though the determinant itself is entire in \(z\).  Nor do we construct a
/root/autodl-tmp/symbolic_dynamics/docs/papers162_166_sequence/scouting/plane_partition_layer_stripping/SCOUT.md:189:only `S=empty` contributes and the zero target has the entire carrier as its
/root/autodl-tmp/hilbert-polya-structure/symbolic_dynamics/papers/48-all-radix-carry-free-schatten/paper/sections/05_thresholds.tex:108:endpoint \(\sigma=\log_b\kappa_{b,q}\) and the entire interval strictly
/root/autodl-tmp/symbolic_dynamics/docs/papers204_208_sequence/scouting/finite_systems_eleventh/PROOF_AND_DISPOSITION.md:186:This entire axis is an elementary two-root/square-character adapter,
/root/autodl-tmp/symbolic_dynamics/docs/papers132_136_sequence/replacement_scout/inversion_rank/SCOUT.md:76:   `i`, so the entire state is fixed by round `n-2`.  Thus every recurrent state
/root/autodl-tmp/symbolic_dynamics/docs/papers197_201_sequence/scouting/monochromatic_triangle_20260905/SCOUT_LEDGER.md:22:   fixed-anchor no-return, then the essential initially retired-vertex case,
/root/autodl-tmp/symbolic_dynamics/docs/prior_work/legacy/5-riemann_henon/paper_npj/main.tex:201:Two points about the spectral object are essential. First, the relevant object is the set of \emph{Floquet eigenphases} of the one-period propagator $U$ for the time-dependent drive $a(t)$, not the reconstructed energies used for the density comparison. A periodically driven system that breaks time-reversal symmetry is the discrete-time analogue of a GUE Hamiltonian; its quasi-energy (eigenphase) spectrum is where level-repulsion statistics live. Second, we validate the entire diagnostic pipeline on a known answer: applied to the first 100 true Riemann ordinates, it recovers GUE statistics (e.g.\ NNSD maximal CDF-distance $0.068$ to GUE versus $0.349$ to Poisson), as it must.
/root/autodl-tmp/symbolic_dynamics/docs/prior_work/legacy/4-riemann_logistic/paper/MDPI_template_ACS_new/template.tex:60:% Add packages and commands here. The following packages are loaded in our class file: fontenc, inputenc, calc, indentfirst, fancyhdr, graphicx, epstopdf, lastpage, ifthen, float, amsmath, amssymb, lineno, setspace, enumitem, mathpazo, booktabs, titlesec, etoolbox, tabto, xcolor, colortbl, soul, multirow, microtype, tikz, totcount, changepage, attrib, upgreek, array, tabularx, pbox, ragged2e, tocloft, marginnote, marginfix, enotez, amsthm, natbib, hyperref, cleveref, scrextend, url, geometry, newfloat, caption, draftwatermark, seqsplit
/root/autodl-tmp/symbolic_dynamics/docs/prior_work/legacy/4-riemann_logistic/paper/MDPI_template_ACS_new/template.tex:267:\multirow[m]{3}{*}{Entry 1 *}	& Data			& Data			& Data\\
/root/autodl-tmp/symbolic_dynamics/docs/prior_work/legacy/4-riemann_logistic/paper/MDPI_template_ACS_new/template.tex:271:\multirow[m]{3}{*}{Entry 2}    & Data			& Data			& Data\\
/root/autodl-tmp/symbolic_dynamics/docs/papers142_146_sequence/scouting/stochastic/SCOUT.md:449:| `CS1` | capped Fibonacci absorption and balanced compositions | Literal monotone chip jumps are distinct; the entire theorem transfers from one/two-step renewal compositions. **Kill.** |
/root/autodl-tmp/hilbert-polya-structure/symbolic_dynamics/papers/45-isospectral-arithmetic-fiber-retractions/appendices/B_determinants.tex:16:$\Sr$ guarantees convergence and an entire function of $z$.
/root/autodl-tmp/symbolic_dynamics/docs/papers162_166_sequence/scouting/root_cyclic_partition_erosion/SCOUT.md:181:- Partition meet, the Bell and Stirling counts, Touchard polynomials, the
/root/autodl-tmp/symbolic_dynamics/docs/papers197_201_sequence/scouting/word_poset_lane/BREADTH_AND_KILL_LEDGER.md:18:| 8 / `C08_HMR` | On two ideals of the same star Heyting lattice, set `T(A,B)=(A meet B,A=>B)`. | `r=4`: 289 states, image 83, fixed 17, tail 2, max fibre 17. | `T^2(A,B)=(A meet B,top)`. | **`KILL_CANONICAL_LATTICE_SPLIT`.** The displayed normal form is the entire shallow result. |
/root/autodl-tmp/symbolic_dynamics/docs/papers197_201_sequence/scouting/word_poset_lane/BREADTH_AND_KILL_LEDGER.md:84:| Binary-projective Steiner cyclic product words | The length-three instance is the retired P160 literal map and the family uses the same quasigroup-product engine. | `KILL_RETIRED_LITERAL_FAMILY` |
/root/autodl-tmp/symbolic_dynamics/docs/papers204_208_sequence/scouting/finite_systems_sixteenth/PROOF_AND_DISPOSITION.md:77:This entire maximum mechanism holds for any chosen section $c$ of a finite
/root/autodl-tmp/symbolic_dynamics/docs/papers204_208_sequence/scouting/finite_systems_sixteenth/PROOF_AND_DISPOSITION.md:217:  $s$ of $q$. The entire add case is a three-vertex wedge/triangle toggle.
/root/autodl-tmp/symbolic_dynamics/docs/papers162_166_sequence/scouting/open_fresh_p166_round2/SCOUT.md:244:The fibre is clean, but its entire structure is only the familiar fact that
/root/autodl-tmp/hilbert-polya-structure/symbolic_dynamics/papers/49-transient-phase-allocation-tree-shifts/paper/sections/01_introduction.tex:7:assigns its scale through the size of an entire finite tree.  In this setting,
/root/autodl-tmp/symbolic_dynamics/docs/papers162_166_sequence/scouting/replacement_matchings_incidence/SCOUT.md:67:entire state space was enumerated and its full functional graph classified.
/root/autodl-tmp/symbolic_dynamics/docs/papers162_166_sequence/scouting/root_polynomial_derivative_gcd/SCOUT.md:19:receives no credit by itself.  Iterating it on the entire capped phase space,
/root/autodl-tmp/symbolic_dynamics/papers/06-binary-parry-archimedean-factor/sections/1_introduction.tex:62:$t=0$, without any commutation hypothesis. The entire vertical parameter is
/root/autodl-tmp/symbolic_dynamics/docs/papers204_208_sequence/scouting/algebra_fourth/SCOUT_REPORT.md:56:The entire inverse is bijective to static reflected-coordinate choices
/root/autodl-tmp/symbolic_dynamics/docs/papers204_208_sequence/scouting/algebra_fourth/SCOUT_REPORT.md:69:prefix occurrence rank is the tableau column word, hence transpose. Its
/root/autodl-tmp/symbolic_dynamics/docs/papers204_208_sequence/scouting/algebra_fourth/SCOUT_REPORT.md:70:entire recurrence and involution-number census transfer from that classical
/root/autodl-tmp/symbolic_dynamics/docs/papers157_161_sequence/scouting/p160_replacement_alt/SCOUT_AND_KILL_LEDGER.md:4:**Portfolio boundary:** P1--P156, retired BST, and the frozen P157/P158/P159/P161 systems  
/root/autodl-tmp/symbolic_dynamics/docs/papers157_161_sequence/scouting/p160_replacement_alt/SCOUT_AND_KILL_LEDGER.md:26:| `LBD` | set partitions; delete the block containing the largest label and standardize | ranks 6 and 7: 203 and 877 states; tails equal block count; rank-7 histogram `1:1,2:63,3:301,4:350,5:140,6:21,7:1` | `KILL_PARTITION_DELETION_OWNER/P126`; Stirling insertion supplies the whole inverse and partition deletion is an established random-partition interface |
/root/autodl-tmp/symbolic_dynamics/docs/papers162_166_sequence/scouting/root_cyclic_partition_erosion/verify_scout.py:180:    stirling = [[0] * (n + 1) for _ in range(n + 1)]
/root/autodl-tmp/symbolic_dynamics/docs/papers162_166_sequence/scouting/root_cyclic_partition_erosion/verify_scout.py:181:    stirling[0][0] = 1
/root/autodl-tmp/symbolic_dynamics/docs/papers162_166_sequence/scouting/root_cyclic_partition_erosion/verify_scout.py:184:            stirling[m][k] = stirling[m - 1][k - 1] + k * stirling[m - 1][k]
/root/autodl-tmp/symbolic_dynamics/docs/papers162_166_sequence/scouting/root_cyclic_partition_erosion/verify_scout.py:185:    return tuple(stirling[n])
/root/autodl-tmp/symbolic_dynamics/papers/01-falsification-first-audit/farey_gauss_transfer/results/exact_orbit_ledger.csv.gz: binary file matches (found "\0" byte around offset 32)
/root/autodl-tmp/symbolic_dynamics/docs/papers162_166_sequence/scouting/outdegree_residue_clustering/verify_scout.py:206:def stirling_two(n):
/root/autodl-tmp/symbolic_dynamics/docs/papers162_166_sequence/scouting/outdegree_residue_clustering/verify_scout.py:210:def stirling_three(n):
/root/autodl-tmp/symbolic_dynamics/docs/papers162_166_sequence/scouting/outdegree_residue_clustering/verify_scout.py:352:        check(image == 1 + stirling_two(n) + stirling_three(n))
/root/autodl-tmp/hilbert-polya-structure/symbolic_dynamics/papers/46-dyadic-sum-hankel-cycle-calculus/appendices/B_determinant_products.tex:57:because the identity follows between the resulting entire products.
/root/autodl-tmp/hilbert-polya-structure/symbolic_dynamics/papers/46-dyadic-sum-hankel-cycle-calculus/appendices/B_determinant_products.tex:85:when the entire determinant has zeros.
/root/autodl-tmp/hilbert-polya-structure/symbolic_dynamics/papers/86-finite-field-adjacent-product-process/main.tex:86:window screens the future from the entire past.  The process studied here
/root/autodl-tmp/symbolic_dynamics/papers/01-falsification-first-audit/sections/4_obstructions.tex:53:by a zero-free entire factor.
/root/autodl-tmp/symbolic_dynamics/docs/papers204_208_sequence/scouting/finite_systems_eighteenth/PROOF_AND_ADAPTERS.md:130:### 3.1 Double blocker and the entire temporal statement
/root/autodl-tmp/symbolic_dynamics/docs/papers204_208_sequence/scouting/finite_systems_eighteenth/PROOF_AND_ADAPTERS.md:156:### 3.2 Every target and sharp maximum, entirely static
/root/autodl-tmp/symbolic_dynamics/docs/papers204_208_sequence/scouting/finite_systems_eighteenth/PROOF_AND_ADAPTERS.md:198:restriction to symmetric incidence. It transfers the entire P106
/root/autodl-tmp/symbolic_dynamics/docs/papers204_208_sequence/scouting/finite_systems_eighteenth/PROOF_AND_ADAPTERS.md:248:CRP and the old RSK retraction are mechanism-level warnings: static
/root/autodl-tmp/symbolic_dynamics/papers/106-synchronous-mis-polarity-dynamics/main.tex:90:entire periodic set, not merely a fixed-point count.
/root/autodl-tmp/symbolic_dynamics/papers/106-synchronous-mis-polarity-dynamics/main.tex:324:configurations.  Bipartiteness then turns the entire periodic count into the
/root/autodl-tmp/symbolic_dynamics/docs/papers162_166_sequence/scouting/open_fresh_p166_round4/IDEA_LEDGER.md:29:   its entire proof skeleton is already occupied by P127.
/root/autodl-tmp/hilbert-polya-structure/symbolic_dynamics/papers/98-equal-block-sum-torsion-shifts/main.tex:77:of adjacent block sums---and determine its entire temporal dynamics.  The
/root/autodl-tmp/symbolic_dynamics/docs/papers162_166_sequence/scouting/root_partition_pullback/verify_scout.py:88:def stirling2(n: int, k: int) -> int:
/root/autodl-tmp/symbolic_dynamics/docs/papers162_166_sequence/scouting/root_partition_pullback/verify_scout.py:93:    return stirling2(n - 1, k - 1) + k * stirling2(n - 1, k)
/root/autodl-tmp/symbolic_dynamics/docs/papers162_166_sequence/scouting/root_partition_pullback/verify_scout.py:98:    return sum(stirling2(n, k) for k in range(n + 1))
/root/autodl-tmp/symbolic_dynamics/docs/papers162_166_sequence/scouting/root_partition_pullback/verify_scout.py:117:            s = stirling2(j, k)
/root/autodl-tmp/hilbert-polya-structure/symbolic_dynamics/papers/71-zip-shift-degree-pressure/sections/1_introduction.tex:45:\item The entire pressure curve recovers the fibre-size multiset.  Combined
/root/autodl-tmp/symbolic_dynamics/docs/papers157_161_sequence/phase1/p160_replacement/__pycache__/verify_replacement_scout.cpython-312.pyc: binary file matches (found "\0" byte around offset 4)
/root/autodl-tmp/symbolic_dynamics/docs/papers172_176_sequence/scouting/fresh_geometry_automata/SCOUT_AND_KILL_LEDGER.md:9:| `D01_ORT` | Set partitions of `[n]`.  Replace each element's block label by its zero-based occurrence rank within that old block, then canonicalise as an RGS. | Every partition through `n=9` (21,147 at the last rank). `T^3=T`; image sizes `1,2,4,10,26,76,232,764,2620`; no fixed point for `n>=2`; all image states are 2-cycles and every other state has depth one. | For target layers `B_j`, adjacent order-restricted injections give `prod_(j,i)(#{y in B_j:y<x_i}-i+1)`; the verifier also checks a gap-marked injection permanent target by target through `n=8`. | **`KILL_DIRECT_OWNER`.** Prasad--Ram Definition 2.1 is the literal set-partition-to-tableau map; Theorem 2.8 owns its fibre and Theorem 3.4 a stronger natural marked fibre.  Tableau transpose gives the residual clock for free. |
/root/autodl-tmp/symbolic_dynamics/docs/papers172_176_sequence/scouting/fresh_geometry_automata/SCOUT_AND_KILL_LEDGER.md:12:| `D04_STW` | Words in `[n]^n`.  Replace each letter by its stable rank among `(letter,position)`. | All words through `n=6`; a one-step retraction onto all `n!` permutations. | If target `pi` has `d` descents in `pi^-1`, its fibre is `C(2n-d-1,n)`, checked for every permutation. | **`KILL_DIRECT_STANDARDISATION`.** Stable standardisation and the resulting `P`-partition count are classical and are the entire theorem. |
/root/autodl-tmp/symbolic_dynamics/docs/papers172_176_sequence/scouting/fresh_geometry_automata/SCOUT_AND_KILL_LEDGER.md:22:| `D14_RDP` | Permutations with RSK pair `(P,Q)`.  Replace `(P,Q)` by `(Q,Q)` and invert RSK. | Every permutation through `S_8`; one-step image sizes are the involution numbers through 764. | An involution whose tableau has shape `lambda` has `f^lambda` parents by the hook-length formula. | **`KILL_INTERNAL_P166_RSK`.** P166's open-fresh ledger already kills RSK shape/recording-tableau feedback; the diagonal projection is a direct consequence of the classical bijection. |
/root/autodl-tmp/symbolic_dynamics/docs/papers162_166_sequence/scouting/random_cycle_deletion/SCOUT.md:24:the entire cycle of `sigma` containing `X`, retaining the restriction to all
/root/autodl-tmp/symbolic_dynamics/docs/papers162_166_sequence/scouting/random_cycle_deletion/SCOUT.md:102:forbidden to be entirely unmarked simplify to the same coefficient.  The
/root/autodl-tmp/symbolic_dynamics/docs/prior_work/legacy/2-prime_dynamics/paper/related_work.tex:82:$\liminf_{n} (p_{n+1} - p_n) < \infty$. These results live entirely on
/root/autodl-tmp/symbolic_dynamics/docs/papers177_181_sequence/scouting/combinatorial_lane/SCOUT_AND_KILL_LEDGER.md:8:| `C01 / MCJ` | `S_n` in functional notation.  Let `C_0(pi)` be the cycle containing 0.  If it is not spanning, put `a=min([n] minus C_0(pi))` and swap the two outgoing values `pi(0),pi(a)`; spanning cycles are fixed. | Exhaustive `n<=9`.  Depth is `cyc(pi)-1`; all `n`-cycles are fixed; every-time every-target fibres are record-cut binomials; terminal basin polynomial is `(1+u)^r`; depth layers and basin-size strata are unsigned Stirling numbers. | **KILL_FOATA_STAR_TRANSPOSITION_THIN.**  Correct but not a new proof engine after Foata/star-transposition zero credit; direct internal proximity to P105, P122, and P155. |
/root/autodl-tmp/symbolic_dynamics/docs/papers177_181_sequence/scouting/combinatorial_lane/SCOUT_AND_KILL_LEDGER.md:13:| `C06 / TAN` | binary words; `(x_0,...,x_{n-1}) -> (x_1,...,x_{n-1},x_0 xor product_{i>0}x_i)`. | Exhaustive `2<=n<=16`.  States with at least two zeros undergo ordinary rotation; the all-one and one-zero states form one `(n+1)`-cycle.  The remaining cycle inventory is the primitive binary-necklace inventory with one length-`n` cycle removed. | **KILL_DIRECT_NFSR_CYCLE_JOINING.**  The literal is a nonsingular nonlinear feedback shift register, and its entire theorem is one elementary cycle join on the pure circulating register. |
/root/autodl-tmp/symbolic_dynamics/docs/papers162_166_sequence/scouting/word_combinatorial/SCOUT.md:73:| `RKC` | RSK-insert a permutation and output the bottom-to-top row word of its insertion tableau | on `S_7`, idempotent image 232; fibre sizes `1,6,14,15,20,21,35` | image is one canonical word per SYT; fibre is the number of recording tableaux of the shape; temporal depth one | direct RSK/Knuth-class canonicalization and only a one-step retraction | `KILL_DIRECT_OWNER_SHALLOW` |
/root/autodl-tmp/hilbert-polya-structure/symbolic_dynamics/papers/87-chain-ring-socle-product-shifts/main.tex:82:whether one of these components is mixing.  At the same time, the entire
/root/autodl-tmp/symbolic_dynamics/docs/papers204_208_sequence/scouting/word_local/CPRM_PROOF_BOUNDARY.md:94:from their new sources $u$. This is an injection of the entire fibre
/root/autodl-tmp/symbolic_dynamics/docs/papers172_176_sequence/phase1/CANDIDATE_POOL_AND_KILL_LEDGER.md:45:| P172 | `A <- A intersect f(A)`, fresh uniform endomap | endpoint/image-size Stirling fibre, all-time labelled kernel, forced top `J_2` | `PROVISIONAL_GREEN_OWNER_THIN` |
/root/autodl-tmp/symbolic_dynamics/docs/papers112_116_sequence/scouting/COMBINATORIAL_SCOUT.md:514:If a part `a` has multiplicity `m`, replace its entire parallel class by the
/root/autodl-tmp/symbolic_dynamics/docs/papers172_176_sequence/scouting/fresh_geometry_automata/ORT_OWNER_KILL.md:16:form a standard Young tableau.  Reapplying the map transposes this tableau.
/root/autodl-tmp/symbolic_dynamics/docs/papers172_176_sequence/scouting/fresh_geometry_automata/ORT_OWNER_KILL.md:21:- for every `n>=2` there are no fixed states and the entire image consists of
/root/autodl-tmp/symbolic_dynamics/docs/papers172_176_sequence/scouting/fresh_geometry_automata/ORT_OWNER_KILL.md:58:feeding the associated tableau's columns back as blocks transposes the
/root/autodl-tmp/symbolic_dynamics/docs/papers197_201_sequence/scouting/graph_matching_lane/BREADTH_AND_KILL_LEDGER.md:16:| 6 | `FCM` | Write a permutation in minimum-first canonical cycles ordered by increasing minima.  If at least two cycles occur, concatenate the first two cycle words into one cycle and retain the rest; otherwise hold. | Through `S_8`; at `n=8`: image 20,160, fixed 5,040, maximum tail 7, unique maximum fibre 8. | Tail is cycle count minus one; unsigned-Stirling depth layers; all long cycles fixed. | **`KILL_MCJ_PM1`**.  This is the serial first-block version of the already killed `MCJ`/`PM1` cut--join and flattened-cycle engine. |
/root/autodl-tmp/symbolic_dynamics/docs/papers197_201_sequence/scouting/graph_matching_lane/BREADTH_AND_KILL_LEDGER.md:79:inequality.  This is mathematically complete, but its entire environment is a
/root/autodl-tmp/symbolic_dynamics/docs/prior_work/legacy/5-riemann_henon/paper/manuscript.tex:203:Two points about the spectral object are essential. First, the relevant object is the set of \emph{Floquet eigenphases} of the one-period propagator $U$ for the time-dependent drive $a(t)$, not the reconstructed energies used for the density comparison. A periodically driven system that breaks time-reversal symmetry is the discrete-time analogue of a GUE Hamiltonian; its quasi-energy (eigenphase) spectrum is where level-repulsion statistics live. Second, we validate the entire diagnostic pipeline on a known answer: applied to the first 100 true Riemann ordinates, it recovers GUE statistics (e.g.\ NNSD maximal CDF-distance $0.068$ to GUE versus $0.349$ to Poisson), as it must.
/root/autodl-tmp/symbolic_dynamics/docs/papers177_181_sequence/scouting/combinatorial_lane/CLOSED_KILLED_SPIKES.md:19:   deepest state, and the number of depth-`t` states is the unsigned Stirling
/root/autodl-tmp/symbolic_dynamics/docs/papers177_181_sequence/scouting/combinatorial_lane/CLOSED_KILLED_SPIKES.md:59:The Stirling statements are the standard cycle/record distribution.
/root/autodl-tmp/symbolic_dynamics/papers/10-entropy-paired-relative-determinant/sections/6_orientation_rigidity.tex:77:the entire right half-plane.  The positive Euler pattern
/root/autodl-tmp/hilbert-polya-structure/symbolic_dynamics/papers/48-all-radix-carry-free-schatten/paper/sections/c_endpoint_and_determinant.tex:74:the entire determinant, not a global choice of its logarithm or global
/root/autodl-tmp/hilbert-polya-structure/symbolic_dynamics/papers/99-unipotent-shear-sublattice-dynamics/main.tex:263:$2j\leq r$ consist entirely of fixed cycles, whose total number is
/root/autodl-tmp/symbolic_dynamics/docs/papers204_208_sequence/scouting/word_local/SCOUT_REPORT.md:23:| ZA | Recompute the entire ordinary Z/prefix-match table, with first entry zero | Height 3; 64 two-cycles, apparently one recurrent state per noninitial zero mask | PROOF_PENDING, not a reserve or paper; separate author proof attempt in `ZA_PROOF_WORK/` |
/root/autodl-tmp/symbolic_dynamics/papers/01-falsification-first-audit/sections/1_introduction.tex:33:with $g$ entire.  Equivalently, the two functions must have the same divisor:
/root/autodl-tmp/symbolic_dynamics/papers/01-falsification-first-audit/sections/1_introduction.tex:34:their orders of vanishing at every point agree, while the entire factor
/root/autodl-tmp/symbolic_dynamics/docs/papers162_166_sequence/scouting/root_hamming_weight_translation/verify_scout.py:117:def stirling_second(n: int, k: int) -> int:
/root/autodl-tmp/symbolic_dynamics/docs/papers162_166_sequence/scouting/root_hamming_weight_translation/verify_scout.py:129:        answer[period] = factorial(period) * stirling_second(n, period)
/root/autodl-tmp/symbolic_dynamics/docs/papers162_166_sequence/scouting/root_hamming_weight_translation/verify_scout.py:214:    """Stirling-number collapse of the self-avoiding path coefficient."""
/root/autodl-tmp/symbolic_dynamics/docs/papers162_166_sequence/scouting/root_hamming_weight_translation/verify_scout.py:217:        * stirling_second(mass, tail)
/root/autodl-tmp/symbolic_dynamics/docs/papers162_166_sequence/scouting/root_hamming_weight_translation/verify_scout.py:316:        factorial(length) * stirling_second(n, length) for length in range(1, n + 1)
/root/autodl-tmp/symbolic_dynamics/docs/papers197_201_sequence/scouting/second_replacement_20260905/CONTRACTS_AND_PROOF.md:256:isotropic, it is one entire component, so deleting it leaves $p-1$ points.
/root/autodl-tmp/symbolic_dynamics/papers/107-annihilator-power-ideal-dynamics/main.tex:90:$(p_i^{e_i})$ in $\Z/p_i^{a_i}\Z$.  The first proof route works entirely in
/root/autodl-tmp/symbolic_dynamics/docs/papers197_201_sequence/scouting/lfas_reentry_20260905/THEOREM_CONTRACT_AND_PROOF.md:27:Along its entire orbit:
/root/autodl-tmp/symbolic_dynamics/docs/papers127_131_sequence/scouting/algebraic/verify_algebraic_scout.py:744:        start, "the entire map is the determinant bit times J",
/root/autodl-tmp/symbolic_dynamics/docs/papers162_166_sequence/scouting/root_random_permutation_sieve/SCOUT.md:141:- the unsigned Stirling/cycle-index identity (11);
/root/autodl-tmp/symbolic_dynamics/docs/papers197_201_sequence/scouting/second_replacement_20260905/INTAKE.md:26:  in one box. Compute the entire transition graph, exact image, maximum tail,
/root/autodl-tmp/symbolic_dynamics/docs/papers204_208_sequence/scouting/algebra/PROOF_NOTES.md:136:Ownership subtraction now includes the entire generic polarity-memory
/root/autodl-tmp/symbolic_dynamics/docs/papers204_208_sequence/scouting/algebra/PROOF_NOTES.md:152:The entire q^8-state carrier is used, not a preselected commuting or
/root/autodl-tmp/symbolic_dynamics/papers/05-intrinsic-symbolic-grading-and-duality/sections/1_introduction.tex:21:the entire Euler signal to the vacuum; symbolic time reversal preserves the
/root/autodl-tmp/symbolic_dynamics/docs/papers204_208_sequence/scouting/discrete_geometry_seventh/PROOF_BOUNDARIES.md:184:set; Euclidean lines are only one instance. Thus the entire proved
/root/autodl-tmp/symbolic_dynamics/docs/papers204_208_sequence/scouting/discrete_geometry_seventh/PROOF_BOUNDARIES.md:185:time statement and the entire source-fibre reconstruction are
/root/autodl-tmp/symbolic_dynamics/docs/papers204_208_sequence/scouting/discrete_geometry_seventh/PROOF_BOUNDARIES.md:421:classification was derived. The entire time argument already
/root/autodl-tmp/symbolic_dynamics/docs/papers117_121_sequence/scouting/STOCHASTIC_PHASE2B_SCOUT.md:201:  polynomial/continued-fraction recurrences for the entire terminal-size PGF.
/root/autodl-tmp/symbolic_dynamics/docs/papers117_121_sequence/scouting/STOCHASTIC_PHASE2B_SCOUT.md:498:  including its Stirling formula, is directly in Javanian--Vahidi-Asl
/root/autodl-tmp/symbolic_dynamics/docs/papers117_121_sequence/scouting/STOCHASTIC_PHASE2B_SCOUT.md:503:  the classical permutation-cycle/record bijection for Stirling numbers.
/root/autodl-tmp/symbolic_dynamics/docs/papers117_121_sequence/scouting/STOCHASTIC_PHASE2B_SCOUT.md:601:| B09 | Javanian--Vahidi-Asl | exact Stirling outdegree law directly owned |
/root/autodl-tmp/symbolic_dynamics/papers/157-newton-hensel-finite-atlas/main.tex:286:The reflection in \eqref{eq:factorizations} transfers this entire even-side
/root/autodl-tmp/symbolic_dynamics/docs/papers204_208_sequence/scouting/discrete_geometry_seventh/INTAKE.md:49:pixels of the entire grid. No artificial empty-state sink is added.
/root/autodl-tmp/symbolic_dynamics/docs/papers204_208_sequence/scouting/algebra_fourth/EC_PROOF_PACKAGE.md:152:primitive novelty credit. In particular, (3.2) is entirely adapted to the
/root/autodl-tmp/symbolic_dynamics/docs/papers204_208_sequence/scouting/algebra_fourth/EC_PROOF_PACKAGE.md:159:entirely supplied by the explicit static branch adapter. Mathematical
/root/autodl-tmp/symbolic_dynamics/docs/papers204_208_sequence/scouting/algebra_fourth/EC_PROOF_PACKAGE.md:185:tableau-transpose adapter. Its total assertion count is 139,395. It imports
/root/autodl-tmp/symbolic_dynamics/docs/papers172_176_sequence/scouting/combinatorial_crossdomain/SCOUT.md:20:   through `S_9`; reading the P142 archive shows that the entire proof
/root/autodl-tmp/symbolic_dynamics/docs/papers204_208_sequence/scouting/finite_structures_eighth/PROOF_BOUNDARIES.md:86:permanent. Thus this entire slice is ordinary adjugation over
/root/autodl-tmp/symbolic_dynamics/docs/papers204_208_sequence/scouting/finite_structures_eighth/PROOF_BOUNDARIES.md:187:in $[1,n]$. Its value at a cycle vertex is the size of that entire
/root/autodl-tmp/symbolic_dynamics/docs/prior_work/legacy/4-riemann_logistic/paper/sr/main.tex:513:entirely different physical sources. Its gentle fixed background error
/root/autodl-tmp/symbolic_dynamics/docs/prior_work/legacy/4-riemann_logistic/paper/sr/main.tex:579:topological dispersion, we transitioned entirely to a high-throughput
/root/autodl-tmp/symbolic_dynamics/docs/prior_work/legacy/4-riemann_logistic/paper/sr/main.tex:754:\(\text{1.5\%}\) and entirely eradicating the divergent error envelope.
/root/autodl-tmp/symbolic_dynamics/docs/prior_work/legacy/4-riemann_logistic/paper/sr/main.tex:1138:  within each grid is entirely concentrated at its geometric center. By
/root/autodl-tmp/symbolic_dynamics/docs/prior_work/legacy/4-riemann_logistic/paper/sr/main.tex:1333:absolute boundary anchor (e.g., \(\text{u}_{\text{temp}}\)) entirely
/root/autodl-tmp/symbolic_dynamics/docs/prior_work/legacy/4-riemann_logistic/paper/sr/main.tex:1478:Transformation}. Instead of scanning the entire spectrum continuously
/root/autodl-tmp/symbolic_dynamics/papers/17-fiber-cocycle-artin-factor/main.tex:64:Candidate SD-C19 stays entirely inside Symbolic Dynamics.  The intrinsic
/root/autodl-tmp/symbolic_dynamics/docs/papers147_151_sequence/scouting/algebraic_replacement/SCOUT.md:16:the complete graph of the zero-totalized map on the entire affine plane over
/root/autodl-tmp/symbolic_dynamics/docs/papers182_186_sequence/scouting/crossdomain_lane/SCOUT_AND_KILL_LEDGER.md:171:**Verdict.**  KILL.  The entire functional graph is a restatement of classical
/root/autodl-tmp/symbolic_dynamics/docs/papers132_136_sequence/replacement_scout/stochastic_round2/SCOUT.md:392:| `CE1` | P121/P129 weighted stochastic competition rhetoric | No literal collision, but the normalized-weight martingale proves the entire result in one line. |
/root/autodl-tmp/symbolic_dynamics/papers/113-principal-hook-partition-dynamics/main.tex:251:$\lambda=(a,1^b)$ with $b\geq1$.  Its sole principal hook is the entire
/root/autodl-tmp/symbolic_dynamics/docs/papers197_201_sequence/scouting/replacement_after_cmm_20260905/SCOUT_DISPOSITIONS.md:25:The OR contract specifies the entire forbidden21 image, each target's
/root/autodl-tmp/symbolic_dynamics/docs/papers204_208_sequence/scouting/word_local/CONTRAST_PROOF_WORK/PROOF_PACKAGE.md:98:If $y$ has no zero, it uses only values 1 and 2, so $z=F(y)$ is entirely
/root/autodl-tmp/symbolic_dynamics/docs/papers197_201_sequence/scouting/replacement_stirling_lane/BREADTH_AND_KILL_LEDGER.md:16:| FOSP | order-`n` Stirling permutations | at the two `1`s, delete both, decrement survivors, and insert adjacent `nn` at the old first-`1` gap; `n=0,1` hold | exact depth `max` nonplateau label; CDF `(n+t)!/(2^t t!)`; image `2^(n-1)(n-1)!`; every-target fibre | **PROMOTE_SPIKE / OWNER_AMBER** |
/root/autodl-tmp/symbolic_dynamics/docs/papers197_201_sequence/scouting/replacement_stirling_lane/BREADTH_AND_KILL_LEDGER.md:17:| RBCR | Stirling permutations with their unique maximal depth-zero block factorization `W_1...W_d` | if `d>=2`, send `W_1...W_d` to `W_2...W_dW_1`; if `d<=1`, hold | period is exactly the root-block count modulo rotational symmetry; bijective | `KILL_GENERIC_COMPONENT_ROTATION` |
/root/autodl-tmp/symbolic_dynamics/docs/papers197_201_sequence/scouting/replacement_stirling_lane/BREADTH_AND_KILL_LEDGER.md:18:| O1CR | Stirling permutations written uniquely `A 1 B 1 C` | send `A 1 B 1 C` to `B 1 C 1 A`; no choices; `n=0` holds | a literal order-three compartment action | `KILL_FINITE_ACTION_NO_TAIL` |
/root/autodl-tmp/symbolic_dynamics/docs/papers197_201_sequence/scouting/replacement_stirling_lane/BREADTH_AND_KILL_LEDGER.md:19:| MMGI | Stirling permutations | delete the always-adjacent maximum pair `nn`; if its gap is `g` among `0,...,2n-2`, reinsert it at gap `2n-2-g`; `n=0` holds | explicit involution and fixed-gap census | `KILL_CANONICAL_INVOLUTION` |
/root/autodl-tmp/symbolic_dynamics/docs/papers197_201_sequence/scouting/replacement_stirling_lane/BREADTH_AND_KILL_LEDGER.md:29:- RBCR and O1CR only move complete Stirling blocks, so no equal pair is cut.
/root/autodl-tmp/symbolic_dynamics/docs/papers197_201_sequence/scouting/replacement_stirling_lane/BREADTH_AND_KILL_LEDGER.md:31:  inserted in every gap of the reduced Stirling permutation.
/root/autodl-tmp/symbolic_dynamics/docs/papers204_208_sequence/scouting/finite_systems_twelfth/SCOUT_REPORT.md:51:| NCS | Complete one-step core and all fibres from elementary centralizers. | Entire temporal axis transfers; true inverse does not repair value. | `DESK_KILL_GENERIC_CENTRALIZER` |
/root/autodl-tmp/symbolic_dynamics/docs/papers204_208_sequence/scouting/finite_systems_twelfth/INTAKE.md:4:entire write scope. P207 B is sealed; OFS, triangulations and flip-family
/root/autodl-tmp/symbolic_dynamics/docs/papers204_208_sequence/scouting/finite_systems_twelfth/INTAKE.md:58:  singleton fibres, entirely deducted. For p=2 it is the determinant
/root/autodl-tmp/symbolic_dynamics/docs/papers204_208_sequence/scouting/finite_systems_twelfth/INTAKE.md:109:two-cycle in at most three steps. This entire time axis is a degree-two
/root/autodl-tmp/symbolic_dynamics/docs/papers157_161_sequence/phase1/sce/PROOF_PACKAGE.md:251:$n=m/m_{\parallel}$.  Every prime common to $k$ and $m$ was placed entirely
/root/autodl-tmp/symbolic_dynamics/docs/papers157_161_sequence/phase1/sce/PROOF_PACKAGE.md:362:$m_{\parallel}=1$ and $h=0$, so the entire carrier is the permutation core.
/root/autodl-tmp/symbolic_dynamics/papers/183-random-incoming-copy-symmetrization/PROOF_PACKAGE.md:15:- `S(t,r)` is the Stirling number of the second kind, including `S(0,0)=1`.
/root/autodl-tmp/symbolic_dynamics/papers/183-random-incoming-copy-symmetrization/PROOF_PACKAGE.md:127:- `t=0`: the Stirling convention gives the identity endpoint and correct
/root/autodl-tmp/symbolic_dynamics/docs/papers147_151_sequence/scouting/combinatorial/SCOUT.md:214:The verifier checks the temporal layer formula and the entire polynomial for
/root/autodl-tmp/symbolic_dynamics/docs/papers204_208_sequence/scouting/algebra_second/SI_PROOF_AND_ADAPTER.md:98:The associated Stirling number in (SI.4) counts partitions into b blocks
/root/autodl-tmp/symbolic_dynamics/docs/papers204_208_sequence/scouting/algebra_second/SI_PROOF_AND_ADAPTER.md:161:All labelled-species and associated-Stirling machinery is owned background.
/root/autodl-tmp/symbolic_dynamics/docs/papers204_208_sequence/scouting/algebra_second/SI_PROOF_AND_ADAPTER.md:177:SI's entire path action is the **unconditional split branch already
/root/autodl-tmp/symbolic_dynamics/docs/papers204_208_sequence/scouting/algebra_second/SI_PROOF_AND_ADAPTER.md:202:but associated-Stirling occupancy itself receives zero credit.
/root/autodl-tmp/symbolic_dynamics/docs/papers204_208_sequence/scouting/algebra_second/SI_PROOF_AND_ADAPTER.md:206:The common first-image classification and the entire unconditional
/root/autodl-tmp/symbolic_dynamics/papers/126-balanced-composition-refinement/main.tex:59:The same number counts states of depth at most $t$.  Finally, the entire
/root/autodl-tmp/symbolic_dynamics/docs/papers204_208_sequence/scouting/finite_systems_twenty_third/PROOF_PACKAGE.md:86:is $(uX)X=uX^2$ for every $u$, equivalently $X^2-XS+P=0$. Thus the entire
/root/autodl-tmp/symbolic_dynamics/docs/papers204_208_sequence/scouting/finite_systems_twenty_third/PROOF_PACKAGE.md:139:map. This is not a bijective conjugacy of the two entire labelled carriers.
/root/autodl-tmp/symbolic_dynamics/papers/08-positive-cone-recurrent-trace/sections/4_tau_euler.tex:65:there.  Its canonical entire continuation in $z$ is the convergent product
/root/autodl-tmp/symbolic_dynamics/papers/08-positive-cone-recurrent-trace/sections/4_tau_euler.tex:80:$z$, giving its entire continuation.  Since $1<2^{\RePart s}$, no
/root/autodl-tmp/symbolic_dynamics/docs/papers204_208_sequence/scouting/graph_relation/SCOUT_REPORT.md:12:updates read the entire old state before producing the next one.
/root/autodl-tmp/symbolic_dynamics/papers/179-random-singleton-isolation/main.tex:86:$D_0=1$ and $D_1=0$.  We use $S(t,r)$ for a Stirling number of the second
/root/autodl-tmp/symbolic_dynamics/papers/13-character-resolved-holonomy/PROOF_PACKAGE.md:44:`D_SD(s,z,w)=det(I-zL_s(w))` is locally holomorphic in `(s,w)` and entire in
/root/autodl-tmp/symbolic_dynamics/docs/papers162_166_sequence/scouting/cyclic_successor_feedback/SCOUT.md:35:entire temporal/recurrent axis is owned.  Lucas hard-core counts, constrained
/root/autodl-tmp/symbolic_dynamics/docs/papers162_166_sequence/scouting/cyclic_successor_feedback/SCOUT.md:406:1. The entire binary update (2), its one-step forbidden-adjacency image, and
/root/autodl-tmp/symbolic_dynamics/papers/197-ternary-cyclic-sign-difference/main.tex:122:The exact verifier reproduces the entire finite certificate, not just
/root/autodl-tmp/symbolic_dynamics/docs/papers204_208_sequence/scouting/word_local/NCC_INTAKE.md:30:QHK's entire source/static adapter must be read before any promotion.
/root/autodl-tmp/symbolic_dynamics/docs/papers204_208_sequence/scouting/word_local/NS_PROOF_PACKAGE.md:53:recomputed from the previous entire word, not followed as pointers. The
/root/autodl-tmp/symbolic_dynamics/docs/papers204_208_sequence/scouting/finite_systems_sixteenth/INTAKE.md:17:reversal; RSK row-reading or transpose lifts (including this batch C08_TIR);
/root/autodl-tmp/symbolic_dynamics/docs/papers204_208_sequence/scouting/finite_systems_sixteenth/INTAKE.md:100:Entire functional graphs and all-target fibre histograms are derived from
/root/autodl-tmp/symbolic_dynamics/papers/101-random-cap-floor-synchronization/main.tex:71:once a lower threshold reaches an upper threshold, the entire interval has
/root/autodl-tmp/symbolic_dynamics/papers/183-random-incoming-copy-symmetrization/main.tex:26:\newcommand{\Stir}[2]{\genfrac\{\}{0pt}{}{#1}{#2}}
/root/autodl-tmp/symbolic_dynamics/papers/183-random-incoming-copy-symmetrization/main.tex:45:first-occurrence order into a complete source--target kernel using Stirling
/root/autodl-tmp/symbolic_dynamics/papers/183-random-incoming-copy-symmetrization/main.tex:79:semigroup walks, coupon support, Stirling enumeration, and independence
/root/autodl-tmp/symbolic_dynamics/papers/183-random-incoming-copy-symmetrization/main.tex:140:$\Stir{t}{r}$ be a Stirling number of the second kind, with
/root/autodl-tmp/symbolic_dynamics/papers/183-random-incoming-copy-symmetrization/main.tex:141:$\Stir00=1$.
/root/autodl-tmp/symbolic_dynamics/papers/183-random-incoming-copy-symmetrization/main.tex:163: (n-|M|)!\Stir{t}{n-|M|},
/root/autodl-tmp/symbolic_dynamics/papers/183-random-incoming-copy-symmetrization/main.tex:174:$(n-|M|)!\Stir{t}{n-|M|}$.  Different missing sets define disjoint history
/root/autodl-tmp/symbolic_dynamics/papers/183-random-incoming-copy-symmetrization/main.tex:180:Thus the temporal law remembers the entire independent-set inventory of the
/root/autodl-tmp/symbolic_dynamics/papers/183-random-incoming-copy-symmetrization/main.tex:199: \Stir{t}{|S|}.
/root/autodl-tmp/symbolic_dynamics/papers/183-random-incoming-copy-symmetrization/main.tex:216:$\Stir{t}{r}$ such histories.  The support/order classes are disjoint, so
/root/autodl-tmp/symbolic_dynamics/papers/140-random-majority-triple-contraction/main.tex:49:With independent rate-one clocks on current windows, the entire vector of
/root/autodl-tmp/symbolic_dynamics/docs/papers92_96_sequence/phase1/CANDIDATE_POOL_AND_KILL_LEDGER.md:20:| P94 | marked symmetric two-letter S-adic shift | the marker `10` gives exact recognizability; the entire invariant-measure simplex is a closed product interval with a sharp summability transition and explicit `n`/`n^2` constants | `GO_OWNER_SUBTRACTED_MEASURE_TRANSFER` |
/root/autodl-tmp/hilbert-polya-structure/symbolic_dynamics/papers/80-cocktail-party-majority-zeta/main.tex:236:entire bi-infinite orbit.
/root/autodl-tmp/hilbert-polya-structure/symbolic_dynamics/papers/80-cocktail-party-majority-zeta/main.tex:288:$O(n^{-1/2})$ and does not affect them.  Stirling's formula and
/root/autodl-tmp/symbolic_dynamics/docs/papers204_208_sequence/scouting/finite_systems_twenty_first/PROOF_PACKAGE.md:87:entire forward cycles agree. If there are $k$ codes with union size $L$, then
/root/autodl-tmp/symbolic_dynamics/papers/203-monochromatic-triangle-complementation/main.tex:36:retired before this anchor stabilizes. The maximum entrance time is
/root/autodl-tmp/symbolic_dynamics/papers/203-monochromatic-triangle-complementation/main.tex:180:anchor edge flipped once. Retired $v_i$, $1\le i<t$, have that edge
/root/autodl-tmp/symbolic_dynamics/papers/203-monochromatic-triangle-complementation/main.tex:183:a monochromatic triple with $0$. Nor does a retired/future pair: their
/root/autodl-tmp/symbolic_dynamics/papers/203-monochromatic-triangle-complementation/main.tex:186:is one. Retired/retired eligible pairs are later than the proposed pair.
/root/autodl-tmp/symbolic_dynamics/papers/203-monochromatic-triangle-complementation/main.tex:190:colour $s_t=1-(t\bmod2)$ is wrong. Every carry/retired eligible pair is
/root/autodl-tmp/symbolic_dynamics/papers/203-monochromatic-triangle-complementation/main.tex:191:later because retired labels exceed the next future label. Non-anchor
/root/autodl-tmp/symbolic_dynamics/papers/189-transpose-row-compression/main.tex:54:The one-dimensional boundary is entirely fixed.  Ferrers diagrams,
/root/autodl-tmp/symbolic_dynamics/docs/papers204_208_sequence/scouting/finite_systems_twentieth/SCOUT_REPORT.md:17:| D1 / FDC | All positive iterates, exact core/height, pointwise eventual period, all-target all-positive-time fibres and all maximizing targets | The **entire** package is a Frobenius-permuted diagonal with independent scalar multipliers. Return blocks are finite-field norms and scalar orders; inverse equations are independent $cx=y$. P175/NL13/CS comparisons are exact mechanism subtraction, not a false conjugacy. |
/root/autodl-tmp/symbolic_dynamics/docs/papers204_208_sequence/scouting/graph_geometry_fourth/PROOF_BOUNDARIES.md:33:and equals one for n=0. This proves the entire recurrent set, not its
/root/autodl-tmp/symbolic_dynamics/docs/papers204_208_sequence/scouting/graph_geometry_fourth/PROOF_BOUNDARIES.md:60:source. It removes the entire claimed inverse axis. We have neither a
/root/autodl-tmp/symbolic_dynamics/docs/papers162_166_sequence/scouting/root/SCOUT.md:172:its entire theorem engine transfers from the occupied tree lane.  It is
/root/autodl-tmp/symbolic_dynamics/docs/papers204_208_sequence/scouting/set_partition_sixth/SCOUT_REPORT.md:26:| UD, exactly one disjoint old edge | $n=4$: 65,536 / 1,447 / 484 | Height 13; periods 1,2,3,4,5,6,8 | Entire inverse is old UZ after target complementation; no uniform temporal classification |
/root/autodl-tmp/symbolic_dynamics/docs/papers204_208_sequence/scouting/set_partition_sixth/PROOF_BOUNDARIES.md:21:calculation, but both are entirely accounted for by this adapter.
/root/autodl-tmp/symbolic_dynamics/docs/papers204_208_sequence/scouting/set_partition_sixth/PROOF_BOUNDARIES.md:56:unique maximal chain would contain the entire interval and make it a
/root/autodl-tmp/symbolic_dynamics/docs/papers204_208_sequence/scouting/set_partition_sixth/PROOF_BOUNDARIES.md:191:the generic bound of $|X|$ on the tail. This is the entire proved time
/root/autodl-tmp/symbolic_dynamics/docs/papers204_208_sequence/scouting/set_partition_sixth/PROOF_BOUNDARIES.md:247:$[n]$. Thus $\mathrm{UD}^{-1}(T)=\mathrm{UZ}^{-1}(C(T))$ and its entire
/root/autodl-tmp/symbolic_dynamics/papers/10-entropy-paired-relative-determinant/sections/A_proofs_scope.tex:13:The right-hand side tends to zero.  Finite diagonal sums are entire
/root/autodl-tmp/symbolic_dynamics/papers/160-rectangular-corner-stripping-atlas/main.tex:194:entire boundaries around a prescribed southeast remainder.
/root/autodl-tmp/symbolic_dynamics/papers/138-palindromic-prefix-xor-feedback/main.tex:80:The entire prefix-indicator vector is recomputed after every update.
/root/autodl-tmp/symbolic_dynamics/docs/papers162_166_sequence/scouting/stochastic_spatial/SCOUT.md:82:| `GSW` | On a labelled graph, choose a vertex uniformly and toggle its entire incident star. | `n=5,t=4`: 65 histories return to the starting switching class. | For cut `delta(S)`, the history count is `N_t(S)+N_t(S^c)` with `N_t(S)=2^-n sum_Y (-1)^(|S cap Y|)(n-2|Y|)^t`. | Components are graph cosets modulo cut space; size `2^(n-1)`, period 2 for even `n`, aperiodic for odd `n`. | Bit-for-bit vertex-push/cut-space dynamics of P145. | **`KILL_EXACT_INTERNAL_CONJUGACY`** |
/root/autodl-tmp/symbolic_dynamics/docs/papers162_166_sequence/scouting/stochastic_spatial/SCOUT.md:89:| `ECR` | Chinese-restaurant cycle growth with mutation weight `theta`: create a singleton with weight `theta`, otherwise insert after a current label. | `theta=2,n=5`: cycle-count law `(1/15,5/18,7/18,2/9,2/45)`. | `P(K_n=k)=c(n,k)theta^k/(theta)^(overline n)` for unsigned Stirling `c(n,k)`. | Every cycle shape `lambda` has Ewens mass `n! theta^ell(lambda)/((theta)^(overline n)z_lambda)`; two extreme shapes recover `theta`. | Ewens sampling formula directly owns both axes; P135/P155 occupy cycle-shape transforms. | **`KILL_DIRECT_EWENS`** |
/root/autodl-tmp/symbolic_dynamics/papers/17-fiber-cocycle-artin-factor/PROOF_PACKAGE.md:179:\(\langle g_1\rangle\); if the skew extension is transitive on the entire fiber
/root/autodl-tmp/symbolic_dynamics/papers/203-monochromatic-triangle-complementation/qa/cold_build1/main.tex:36:retired before this anchor stabilizes. The maximum entrance time is
/root/autodl-tmp/symbolic_dynamics/papers/203-monochromatic-triangle-complementation/qa/cold_build1/main.tex:180:anchor edge flipped once. Retired $v_i$, $1\le i<t$, have that edge
/root/autodl-tmp/symbolic_dynamics/papers/203-monochromatic-triangle-complementation/qa/cold_build1/main.tex:183:a monochromatic triple with $0$. Nor does a retired/future pair: their
/root/autodl-tmp/symbolic_dynamics/papers/203-monochromatic-triangle-complementation/qa/cold_build1/main.tex:186:is one. Retired/retired eligible pairs are later than the proposed pair.
/root/autodl-tmp/symbolic_dynamics/papers/203-monochromatic-triangle-complementation/qa/cold_build1/main.tex:190:colour $s_t=1-(t\bmod2)$ is wrong. Every carry/retired eligible pair is
/root/autodl-tmp/symbolic_dynamics/papers/203-monochromatic-triangle-complementation/qa/cold_build1/main.tex:191:later because retired labels exceed the next future label. Non-anchor
/root/autodl-tmp/symbolic_dynamics/docs/prior_work/legacy/4-riemann_logistic/paper/fracfract/body_src.tex:517:entirely different physical sources. Its gentle fixed background error
/root/autodl-tmp/symbolic_dynamics/docs/prior_work/legacy/4-riemann_logistic/paper/fracfract/body_src.tex:580:topological dispersion, we transitioned entirely to a high-throughput
/root/autodl-tmp/symbolic_dynamics/docs/prior_work/legacy/4-riemann_logistic/paper/fracfract/body_src.tex:1144:  within each grid is entirely concentrated at its geometric center. By
/root/autodl-tmp/symbolic_dynamics/docs/prior_work/legacy/4-riemann_logistic/paper/fracfract/body_src.tex:1339:absolute boundary anchor (e.g., \(\text{u}_{\text{temp}}\)) entirely
/root/autodl-tmp/symbolic_dynamics/docs/prior_work/legacy/4-riemann_logistic/paper/fracfract/body_src.tex:1484:Transformation}. Instead of scanning the entire spectrum continuously
/root/autodl-tmp/symbolic_dynamics/docs/papers167_171_sequence/scouting/combinatorial_crossdomain/SCOUT.md:38:set-partition candidates were killed: their entire signals reduced to prior
/root/autodl-tmp/symbolic_dynamics/docs/prior_work/legacy/4-riemann_logistic/paper/fracfract/main.tex:558:entirely different physical sources. Its gentle fixed background error
/root/autodl-tmp/symbolic_dynamics/docs/prior_work/legacy/4-riemann_logistic/paper/fracfract/main.tex:621:topological dispersion, we transitioned entirely to a high-throughput
/root/autodl-tmp/symbolic_dynamics/docs/prior_work/legacy/4-riemann_logistic/paper/fracfract/main.tex:1161:  within each grid is entirely concentrated at its geometric center. By
/root/autodl-tmp/symbolic_dynamics/docs/prior_work/legacy/4-riemann_logistic/paper/fracfract/main.tex:1326:absolute boundary anchor (e.g., \(\text{u}_{\text{temp}}\)) entirely
/root/autodl-tmp/symbolic_dynamics/docs/prior_work/legacy/4-riemann_logistic/paper/fracfract/main.tex:1481:Transformation}. Instead of scanning the entire spectrum continuously
/root/autodl-tmp/symbolic_dynamics/docs/papers162_166_sequence/scouting/outdegree_residue_clustering/SCOUT.md:278:2. the entire temporal theorem after the collapse is a finite case analysis
/root/autodl-tmp/symbolic_dynamics/papers/15-bar-koszul-primitive-no-lift/sections/5_equivariant_obstruction.tex:21:\Cref{prop:stirling}.  Their $S_3$ actions are different.
/root/autodl-tmp/symbolic_dynamics/papers/121-random-product-plus-one-coalescence/main.tex:80:nonassociative, so $X_n$ depends on the entire merger genealogy.  The first
/root/autodl-tmp/symbolic_dynamics/papers/121-random-product-plus-one-coalescence/main.tex:508:the adjacent-deletion encoding, and the entire proposition receives zero
/root/autodl-tmp/symbolic_dynamics/papers/01-falsification-first-audit/finite_state_arithmetic_skeleton/PROOF_PACKAGE.md:16:completed Riemann function up to a zero-free entire factor.
/root/autodl-tmp/symbolic_dynamics/papers/01-falsification-first-audit/finite_state_arithmetic_skeleton/PROOF_PACKAGE.md:41:2. Bound it by an entire function of exponential type.
/root/autodl-tmp/symbolic_dynamics/papers/01-falsification-first-audit/finite_state_arithmetic_skeleton/PROOF_PACKAGE.md:83:Thus \(D\) is entire of exponential type at most \(\Lambda\).
/root/autodl-tmp/symbolic_dynamics/papers/01-falsification-first-audit/finite_state_arithmetic_skeleton/PROOF_PACKAGE.md:113:\(e^{g(s)}\), with \(g\) entire, changes no zeros or poles.
/root/autodl-tmp/symbolic_dynamics/papers/01-falsification-first-audit/finite_state_arithmetic_skeleton/PROOF_PACKAGE.md:128:completed Riemann divisor up to a zero-free entire factor.
/root/autodl-tmp/symbolic_dynamics/papers/25-holomorphic-lefschetz-code-collapse/sections/6_shared_renewal.tex:48:origin.  Both degreewise determinants are entire, and the identity theorem
/root/autodl-tmp/symbolic_dynamics/papers/155-cycle-maximum-extraction/PROOF_PACKAGE.md:37:6. The image census is a corollary using the classical RTL-minimum Stirling
/root/autodl-tmp/symbolic_dynamics/papers/01-falsification-first-audit/sections/A_proofs.tex:46:\(e^{g(s)}\), with \(g\) entire, adds no zero or pole.  Since the nontrivial
/root/autodl-tmp/symbolic_dynamics/docs/papers162_166_sequence/scouting/replacement_crossclass/verify_scout.py:45:def stirling2(n, k):
/root/autodl-tmp/symbolic_dynamics/docs/papers162_166_sequence/scouting/replacement_crossclass/verify_scout.py:602:            check(f == falling(r, r) * stirling2(w, r))
/root/autodl-tmp/symbolic_dynamics/docs/papers197_201_sequence/scouting/final_seat_tree_lane_20260905/LEDGER.md:22:with the entire actual predecessor set, including empty fibres, star hold
/root/autodl-tmp/symbolic_dynamics/papers/19-stationary-semiring-sieve-shift/sections/1_introduction.tex:31:weighted adjacency of the entire unpruned graph trace class for
/root/autodl-tmp/symbolic_dynamics/papers/19-stationary-semiring-sieve-shift/sections/1_introduction.tex:89:The result remains entirely within Symbolic Dynamics.  We call $L_s$ a
/root/autodl-tmp/symbolic_dynamics/papers/02-wheel-sieve-stationarization-obstructions/sections/4_bisimulation.tex:127:branch entirely: a correctly computed strong-bisimulation quotient cannot
/root/autodl-tmp/symbolic_dynamics/docs/papers162_166_sequence/scouting/root_cyclic_equality_feedback/SCOUT.md:164:A bounded search found direct sources for the entire binary additive/XNOR
/root/autodl-tmp/symbolic_dynamics/papers/22-cofactor-holonomy-fredholm-trilemma/sections/9_fredholm_trilemma.tex:81:It is entire in \(z\), because \(M_k\) grows factorially.  The same growth is
/root/autodl-tmp/symbolic_dynamics/papers/03-wheel-sieve-periodic-clock-obstruction/sections/2_setup.tex:86:edge, finite window, infinite window, or entire target configuration, but it
/root/autodl-tmp/symbolic_dynamics/papers/167-minimum-inverse-position-feedback/main.tex:211:$p_0>p_1$, the least occurrence of $p_0$ is $p_1$ and the entire path
/root/autodl-tmp/symbolic_dynamics/docs/papers162_166_sequence/scouting/root_partition_pullback/SCOUT.md:94:the ordinary Bell polynomial (braces denote Stirling numbers of the second
/root/autodl-tmp/symbolic_dynamics/docs/papers162_166_sequence/scouting/root_partition_pullback/SCOUT.md:142:r-Stirling/r-Bell numbers, but no direct source for (1) together with
/root/autodl-tmp/symbolic_dynamics/docs/papers204_208_sequence/scouting/combinatorial_second/PROOF_NOTES.md:20:the entire function, its predecessor sets and potentially its edges evolve.
/root/autodl-tmp/symbolic_dynamics/papers/29-functorial-chiral-counterterm-no-go/sections/1_introduction.tex:72:entire filtered tower.  One can even recognize a predeclared tower
/root/autodl-tmp/symbolic_dynamics/papers/174-minimum-pivot-mobius-feedback/main.tex:334:At the smallest parameter the entire graph is visible:
/root/autodl-tmp/symbolic_dynamics/docs/papers204_208_sequence/scouting/finite_systems_fifteenth/SCOUT_REPORT.md:63:Each box in `CANONICAL.json` contains its entire ordered carrier, all
/root/autodl-tmp/symbolic_dynamics/docs/papers162_166_sequence/scouting/stochastic_spatial/verify_scout.py:744:def unsigned_stirling_first(n, k):
/root/autodl-tmp/symbolic_dynamics/docs/papers162_166_sequence/scouting/stochastic_spatial/verify_scout.py:765:                    expected = Fraction(unsigned_stirling_first(n, cycles) * theta**cycles, rising(theta, n))
/root/autodl-tmp/symbolic_dynamics/papers/153-factorial-collapse-finite-plane/main.tex:339:coefficient identifies the entire vertical column.  For \(0\leq t<p\), the
/root/autodl-tmp/symbolic_dynamics/papers/153-factorial-collapse-finite-plane/main.tex:406:background, but no source in the bounded search stating the entire
/root/autodl-tmp/symbolic_dynamics/papers/19-stationary-semiring-sieve-shift/sections/0_abstract.tex:18:entire verifier while preserving all power traces and Fredholm determinants.
/root/autodl-tmp/symbolic_dynamics/papers/100-least-valuation-digit-erasure/main.tex:96:is the entire hitting-time profile.  No countable subshift, cellular
/root/autodl-tmp/symbolic_dynamics/docs/papers204_208_sequence/scouting/finite_systems_thirteenth/PROOF_AND_DISPOSITION.md:202:only state is fixed. This entire temporal deduction is generic finite
/root/autodl-tmp/symbolic_dynamics/papers/22-cofactor-holonomy-fredholm-trilemma/main.tex:8:\usepackage{booktabs,array,tabularx,multirow,enumitem,xcolor,tikz,graphicx}
/root/autodl-tmp/symbolic_dynamics/papers/32-projective-residue-recurrence-obstruction/sections/A_proof_details.tex:66:whose double series is also finite.  Each finite-rank summand is entire in
/root/autodl-tmp/symbolic_dynamics/papers/32-projective-residue-recurrence-obstruction/sections/A_proof_details.tex:70:entire in the scalar $z$ for each trace-class $B_s$.
/root/autodl-tmp/symbolic_dynamics/papers/19-stationary-semiring-sieve-shift/sections/A_proof_details.tex:41:\subsection{Entireness in the graph marker}
/root/autodl-tmp/symbolic_dynamics/papers/19-stationary-semiring-sieve-shift/sections/A_proof_details.tex:43:For fixed $s$, the Fredholm determinant $z\mapsto\det(I-zL_s)$ is entire.
/root/autodl-tmp/symbolic_dynamics/papers/19-stationary-semiring-sieve-shift/sections/A_proof_details.tex:50:Thus equality of logarithms near zero extends to equality of entire
/root/autodl-tmp/symbolic_dynamics/papers/165-low-weight-support-shortening/main.tex:79:contribution credit to that entire hitting-set shortening principle,
/root/autodl-tmp/symbolic_dynamics/papers/27-mobius-incidence-atom-compiler/main.tex:8:\usepackage{booktabs,array,tabularx,multirow,enumitem,xcolor,tikz,graphicx,float}
/root/autodl-tmp/symbolic_dynamics/papers/23-unary-holonomy-finite-fiber-rigidity/sections/10_route_evaluation.tex:56:\cref{prop:monomial,thm:factorial,prop:stirling} fix the marker and roof.
/root/autodl-tmp/symbolic_dynamics/papers/110-cyclic-shift-join-partition-dynamics/main.tex:373:generate.  Thus $S$ would be a union of entire $H(\pi)$-cosets, contrary to
/root/autodl-tmp/symbolic_dynamics/papers/199-first-one-stirling-splice/round0_snapshot/main.tex:23:\title[Depth and fibres of a Stirling join]{A Cyclically Relabelled Stirling Join:\\
/root/autodl-tmp/symbolic_dynamics/papers/199-first-one-stirling-splice/round0_snapshot/main.tex:27:\keywords{Stirling permutation, increasing plane tree, finite dynamical system,
/root/autodl-tmp/symbolic_dynamics/papers/199-first-one-stirling-splice/round0_snapshot/main.tex:31:On Stirling permutations of order $n$, join the two occurrences of label
/root/autodl-tmp/symbolic_dynamics/papers/199-first-one-stirling-splice/round0_snapshot/main.tex:48:A Stirling permutation of order $n$ is a word in which every label in
/root/autodl-tmp/symbolic_dynamics/papers/199-first-one-stirling-splice/round0_snapshot/main.tex:67:For completeness, the pair intervals in a Stirling word cannot cross:
/root/autodl-tmp/symbolic_dynamics/papers/199-first-one-stirling-splice/round0_snapshot/main.tex:94:Stirling self-maps. The joins, flattening mechanism, and bare $n-1$ scale
/root/autodl-tmp/symbolic_dynamics/papers/199-first-one-stirling-splice/round0_snapshot/main.tex:194:in the contour: the maximum pair is adjacent in every Stirling word.
/root/autodl-tmp/symbolic_dynamics/papers/199-first-one-stirling-splice/round0_snapshot/main.tex:274:with the entire graph predecessor set, including targets with no source.
/root/autodl-tmp/symbolic_dynamics/papers/172-fresh-map-self-image-erosion/main.tex:28:\newcommand{\Stir}[2]{\genfrac\{\}{0pt}{}{#1}{#2}}
/root/autodl-tmp/symbolic_dynamics/papers/172-fresh-map-self-image-erosion/main.tex:35:\keywords{finite Markov chain, random mapping, Stirling number, Jordan block,
/root/autodl-tmp/symbolic_dynamics/papers/172-fresh-map-self-image-erosion/main.tex:51:Specified-bin occupancy, Stirling surjection counts, marked-kernel products,
/root/autodl-tmp/symbolic_dynamics/papers/172-fresh-map-self-image-erosion/main.tex:73:distribution has a noncentral-Stirling and spectral formulation
/root/autodl-tmp/symbolic_dynamics/papers/172-fresh-map-self-image-erosion/main.tex:82:objects, Stirling surjection counts, and generic finite-chain linear algebra
/root/autodl-tmp/symbolic_dynamics/papers/172-fresh-map-self-image-erosion/main.tex:86:Let $\Stir ak$ be a Stirling number of the second kind.  For
/root/autodl-tmp/symbolic_dynamics/papers/172-fresh-map-self-image-erosion/main.tex:89:H_n(a,b;k)&=\binom{n-a}{k-b}k!\Stir ak,                 \label{eq:H}\\
/root/autodl-tmp/symbolic_dynamics/papers/172-fresh-map-self-image-erosion/main.tex:94:$\Stir00=1$, and $\Stir a0=0$ for $a>0$.  At $a=0$ the denominator is one.
/root/autodl-tmp/symbolic_dynamics/papers/172-fresh-map-self-image-erosion/main.tex:105:with $(a)_b=a!/(a-b)!$ and $S_{\rm nc}$ the source's noncentral Stirling
/root/autodl-tmp/symbolic_dynamics/papers/172-fresh-map-self-image-erosion/main.tex:183:map onto the $k$-set $B\cup R$.  There are $k!\Stir ak$ such surjections.
/root/autodl-tmp/symbolic_dynamics/papers/172-fresh-map-self-image-erosion/main.tex:219: Q_{n,n-1}=\binom n{n-1}\frac{(n-1)!\Stir n{n-1}}{n^n}>0.
/root/autodl-tmp/symbolic_dynamics/papers/172-fresh-map-self-image-erosion/main.tex:270:the fixed-target required-box count, ordinary Stirling/surjection algebra,
/root/autodl-tmp/symbolic_dynamics/papers/27-mobius-incidence-atom-compiler/sections/A_proof_details.tex:143:may be interchanged. The resulting product is entire in \(z\), so analytic
/root/autodl-tmp/symbolic_dynamics/docs/papers204_208_sequence/scouting/word_local/CIRCULAR_SCOUT_REPORT.md:80:NS/P204's adverse manuscript Review A is a live caution: its entire
/root/autodl-tmp/symbolic_dynamics/papers/25-holomorphic-lefschetz-code-collapse/main.tex:8:\usepackage{booktabs,array,tabularx,multirow,enumitem,xcolor,tikz,graphicx,float}
/root/autodl-tmp/symbolic_dynamics/papers/135-derived-centralizer-orbit-partitions/main.tex:269:clean, the only other way to create a non-singleton is for the entire
/root/autodl-tmp/symbolic_dynamics/docs/papers204_208_sequence/scouting/word_local/LUB_PROOF_WORK/PROOF_AND_DISPOSITION.md:15:2. LUB's output recovers the entire original upper-component tree,
/root/autodl-tmp/symbolic_dynamics/docs/papers204_208_sequence/scouting/word_local/LUB_PROOF_WORK/PROOF_AND_DISPOSITION.md:82:entire connected set $C\cup\{k\}$ is present. Therefore
/root/autodl-tmp/symbolic_dynamics/papers/201-eventual-period-feedback/main.tex:212:For $h\ge3$, $h(Pf)=h-1$ and the entire chain
/root/autodl-tmp/symbolic_dynamics/papers/141-weighted-threshold-greedy-mis/main.tex:257:entire priority order; $K$ is the number of accepted active-set updates and is
/root/autodl-tmp/symbolic_dynamics/papers/185-prefix-diversity-delay/main.tex:42:the number of distinct letters in its strict prefix, and feed the entire
/root/autodl-tmp/symbolic_dynamics/papers/185-prefix-diversity-delay/main.tex:124:Thus the entire future of $w$ is already coded by the novelty decisions in
/root/autodl-tmp/symbolic_dynamics/docs/papers204_208_sequence/scouting/finite_systems_fourteenth/INTAKE.md:75:below consumes the entire temporal mechanism.
/root/autodl-tmp/symbolic_dynamics/docs/papers204_208_sequence/scouting/finite_systems_fourteenth/INTAKE.md:141:entire time axis is generic self-map powering. Its direct primary definition
/root/autodl-tmp/symbolic_dynamics/papers/25-holomorphic-lefschetz-code-collapse/sections/4_scalar_tensor_rigidity.tex:92:The determinant of a trace-class operator is entire in \(t\)
/root/autodl-tmp/symbolic_dynamics/papers/25-holomorphic-lefschetz-code-collapse/sections/4_scalar_tensor_rigidity.tex:108:and the entire-versus-pole theorem are full cyclic tests.  They prevent a
/root/autodl-tmp/symbolic_dynamics/papers/13-character-resolved-holonomy/sections/4_bloch_determinant.tex:10:is locally holomorphic in $(s,w)$ and entire in $z$.
/root/autodl-tmp/symbolic_dynamics/papers/103-double-adjugate-matrix-dynamics/main.tex:85:time step on the \emph{entire} finite matrix space.  Two regimes coexist.
/root/autodl-tmp/symbolic_dynamics/papers/15-bar-koszul-primitive-no-lift/sections/2_algebraic_boundary.tex:60:quotient of the fuller Hochschild information, not its entirety
/root/autodl-tmp/symbolic_dynamics/docs/papers132_136_sequence/scouting/combinatorial/verify_combinatorial_scout.py:834:def stirling_first_kind(n, k):
/root/autodl-tmp/symbolic_dynamics/docs/papers132_136_sequence/scouting/combinatorial/verify_combinatorial_scout.py:864:        expected[0] = stirling_first_kind(n, 1)
/root/autodl-tmp/symbolic_dynamics/docs/papers132_136_sequence/scouting/combinatorial/verify_combinatorial_scout.py:866:            expected[ceil(log2(k))] += stirling_first_kind(n, k)
/root/autodl-tmp/symbolic_dynamics/docs/papers132_136_sequence/scouting/combinatorial/verify_combinatorial_scout.py:880:        "depth_layers=unsigned_Stirling_dyadic_bands | recurrent=(n-1)! | "
/root/autodl-tmp/symbolic_dynamics/papers/26-pure-power-selector-atom-collapse/main.tex:8:\usepackage{booktabs,array,tabularx,multirow,enumitem,xcolor,tikz,graphicx,float}
/root/autodl-tmp/symbolic_dynamics/papers/31-wilson-semiring-verifier-trichotomy/sections/6_clock_return.tex:33:The argument gives the exact design condition for the entire class of
/root/autodl-tmp/symbolic_dynamics/papers/194-least-raising-crystal-words/PROOF_PACKAGE.md:168:is therefore the same sum of `f^lambda`.  Under ordinary RSK, an involution is
/root/autodl-tmp/symbolic_dynamics/papers/22-cofactor-holonomy-fredholm-trilemma/PROOF_PACKAGE.md:309:norm, so \(D(s,u;z)\) is jointly holomorphic and entire in \(z\).
/root/autodl-tmp/symbolic_dynamics/papers/22-cofactor-holonomy-fredholm-trilemma/PROOF_PACKAGE.md:543:which is entire in \(z\) on the honest trace-class domain.
/root/autodl-tmp/symbolic_dynamics/papers/22-cofactor-holonomy-fredholm-trilemma/PROOF_PACKAGE.md:579:\(\gamma\mapsto F(Q(\gamma))\) is constant on the entire family
/root/autodl-tmp/symbolic_dynamics/papers/112-tournament-score-upset-reversal/main.tex:473:order has such a state.  This order-dependent statement is the entire
/root/autodl-tmp/symbolic_dynamics/papers/112-tournament-score-upset-reversal/main.tex:551:sets.  Here the state is the entire orientation of a complete graph, every
/root/autodl-tmp/symbolic_dynamics/papers/44-q-adic-finite-size-boundary-spectra/sections/1_introduction.tex:43:their entire future tails.  This all-level estimate makes the real boundary
/root/autodl-tmp/symbolic_dynamics/papers/32-projective-residue-recurrence-obstruction/sections/B_scope_declarations.tex:69:cycle, or cancellation reproduced by random actions closes the entire
/root/autodl-tmp/symbolic_dynamics/papers/22-cofactor-holonomy-fredholm-trilemma/sections/3_source_and_operators.tex:153:These are entire in \(z\), and near \(z=0\),
/root/autodl-tmp/symbolic_dynamics/papers/199-first-one-stirling-splice/main.tex:23:\title[Depth and fibres of a Stirling join]{A Cyclically Relabelled Stirling Join:\\
/root/autodl-tmp/symbolic_dynamics/papers/199-first-one-stirling-splice/main.tex:27:\keywords{Stirling permutation, increasing plane tree, finite dynamical system,
/root/autodl-tmp/symbolic_dynamics/papers/199-first-one-stirling-splice/main.tex:31:On Stirling permutations of order $n$, join the two occurrences of label
/root/autodl-tmp/symbolic_dynamics/papers/199-first-one-stirling-splice/main.tex:48:A Stirling permutation of order $n$ is a word in which every label in
/root/autodl-tmp/symbolic_dynamics/papers/199-first-one-stirling-splice/main.tex:67:For completeness, the pair intervals in a Stirling word cannot cross:
/root/autodl-tmp/symbolic_dynamics/papers/199-first-one-stirling-splice/main.tex:94:Stirling self-maps. The joins, flattening mechanism, and bare $n-1$ scale
/root/autodl-tmp/symbolic_dynamics/papers/199-first-one-stirling-splice/main.tex:194:in the contour: the maximum pair is adjacent in every Stirling word.
/root/autodl-tmp/symbolic_dynamics/papers/199-first-one-stirling-splice/main.tex:274:with the entire graph predecessor set, including targets with no source.
/root/autodl-tmp/symbolic_dynamics/papers/15-bar-koszul-primitive-no-lift/sections/4_power_obstruction.tex:104:\label{prop:stirling}
/root/autodl-tmp/symbolic_dynamics/docs/papers204_208_sequence/scouting/word_local/COMPONENT_SCOUT_REPORT.md:102:1^n. Its fibre is only the classical occupancy/Stirling count. This
/root/autodl-tmp/symbolic_dynamics/papers/23-unary-holonomy-finite-fiber-rigidity/main.tex:8:\usepackage{booktabs,array,tabularx,multirow,enumitem,xcolor,tikz,graphicx,float}
/root/autodl-tmp/symbolic_dynamics/papers/177-random-projective-hyperplane-toggling/main.tex:148:\item On the entire $2^m$-state carrier, the eigenvalues and algebraic
/root/autodl-tmp/symbolic_dynamics/papers/20-recurrent-verifier-clock-dilution/sections/3_recurrent_verifier.tex:74:simple directed cycle $\Gamma_n$ containing the entire successful
/root/autodl-tmp/symbolic_dynamics/papers/154-dihedral-normalizer-dynamics/main.tex:183:\section{From the one-step rule to the entire forest}
/root/autodl-tmp/symbolic_dynamics/papers/154-dihedral-normalizer-dynamics/main.tex:385:the entire iterated graph--fibre--signature conjunction.  That bounded result
/root/autodl-tmp/symbolic_dynamics/docs/papers204_208_sequence/scouting/word_local/MNC_GATE/SOURCE_AND_PROOF.md:78:most one, so after one more update the entire block is binary. A
/root/autodl-tmp/symbolic_dynamics/docs/papers204_208_sequence/scouting/word_local/MNC_GATE/SOURCE_AND_PROOF.md:82:entirely binary. In both cases $F(y)$ is an image and its zeros are
/root/autodl-tmp/symbolic_dynamics/papers/29-functorial-chiral-counterterm-no-go/sections/B_scope_declarations.tex:9:entire filtered tower.  Pointed isomorphisms transport decorations; printed
/root/autodl-tmp/symbolic_dynamics/papers/200-lex-first-alternating-switch/round0_snapshot/main.tex:107:Along its entire orbit, the first index $i$ is constant and the least
/root/autodl-tmp/symbolic_dynamics/papers/200-lex-first-alternating-switch/round0_snapshot/main.tex:266:For every nonfixed target $Y$, its entire inverse set is
/root/autodl-tmp/symbolic_dynamics/papers/200-lex-first-alternating-switch/round0_snapshot/main.tex:359:entire itinerary \eqref{eq:itinerary}, not only its final tail length.
/root/autodl-tmp/symbolic_dynamics/papers/25-holomorphic-lefschetz-code-collapse/PROOF_PACKAGE.md:112:The Fredholm determinant of a trace-class operator is entire in \(t\), but
/root/autodl-tmp/symbolic_dynamics/papers/25-holomorphic-lefschetz-code-collapse/PROOF_PACKAGE.md:225:everywhere by the identity theorem for the entire degreewise determinants.
/root/autodl-tmp/symbolic_dynamics/docs/papers152_156_sequence/scouting/stochastic/SCOUT.md:16:   clock, recovery of the entire branching profile from one depth layer, and
/root/autodl-tmp/symbolic_dynamics/docs/papers152_156_sequence/scouting/stochastic/SCOUT.md:455:but the entire engine is independent prime-valuation death and duplicates the
/root/autodl-tmp/symbolic_dynamics/papers/203-monochromatic-triangle-complementation/revision_a/main.tex:36:retired before this anchor stabilizes. The maximum entrance time is
/root/autodl-tmp/symbolic_dynamics/papers/203-monochromatic-triangle-complementation/revision_a/main.tex:180:anchor edge flipped once. Retired $v_i$, $1\le i<t$, have that edge
/root/autodl-tmp/symbolic_dynamics/papers/203-monochromatic-triangle-complementation/revision_a/main.tex:183:a monochromatic triple with $0$. Nor does a retired/future pair: their
/root/autodl-tmp/symbolic_dynamics/papers/203-monochromatic-triangle-complementation/revision_a/main.tex:186:is one. Retired/retired eligible pairs are later than the proposed pair.
/root/autodl-tmp/symbolic_dynamics/papers/203-monochromatic-triangle-complementation/revision_a/main.tex:190:colour $s_t=1-(t\bmod2)$ is wrong. Every carry/retired eligible pair is
/root/autodl-tmp/symbolic_dynamics/papers/203-monochromatic-triangle-complementation/revision_a/main.tex:191:later because retired labels exceed the next future label. Non-anchor
/root/autodl-tmp/symbolic_dynamics/papers/166-hamming-weight-translation-dynamics/main.tex:43:cycle exhausts the entire occupancy mass.  This gives every exact-period
/root/autodl-tmp/symbolic_dynamics/papers/166-hamming-weight-translation-dynamics/main.tex:45:no-wrap argument gives a closed Stirling-number formula for every exact
/root/autodl-tmp/symbolic_dynamics/papers/166-hamming-weight-translation-dynamics/main.tex:72:group-action language, multinomial and Stirling identities, ordered
/root/autodl-tmp/symbolic_dynamics/papers/166-hamming-weight-translation-dynamics/main.tex:83:Stirling number of the second kind.  Our formulas are
/root/autodl-tmp/symbolic_dynamics/papers/166-hamming-weight-translation-dynamics/main.tex:296:language, Stirling and ordered-Bell identities, and generic finite-map
/root/autodl-tmp/symbolic_dynamics/papers/19-stationary-semiring-sieve-shift/main.tex:69:$\RePart s>1$, but recurrent pruning deletes the entire verifier and a
/root/autodl-tmp/symbolic_dynamics/docs/prior_work/legacy/2-prime_dynamics/paper/paper-ets/related_work.tex:82:$\liminf_{n} (p_{n+1} - p_n) < \infty$. These results live entirely on
/root/autodl-tmp/symbolic_dynamics/papers/191-prefix-divisibility-cuts/PROOF_PACKAGE.md:71:length-`N` composition consists entirely of ones and is fixed.  Hence
/root/autodl-tmp/symbolic_dynamics/papers/31-wilson-semiring-verifier-trichotomy/sections/3_semiring_clones.tex:67:entire source language.
/root/autodl-tmp/symbolic_dynamics/papers/47-harmonic-egyptian-mordell-tornheim/sections/06_traces_determinants.tex:94:$D_2(z;s)=\det_2(I-zE_s)$ is entire in $z$.  On the disk
/root/autodl-tmp/symbolic_dynamics/papers/47-harmonic-egyptian-mordell-tornheim/sections/06_traces_determinants.tex:110:$D_1(z;s)=\det(I-zE_s)$ is entire in $z$ and
/root/autodl-tmp/symbolic_dynamics/papers/19-stationary-semiring-sieve-shift/sections/7_pruning_no_go.tex:47:Both determinants are entire in $z$, so the identities extend globally.
/root/autodl-tmp/symbolic_dynamics/papers/07-entropy-oriented-chiral-shift/sections/1_introduction.tex:55:not fix the issue.  If every mixed power supertrace cancels, the entire mixed
/root/autodl-tmp/symbolic_dynamics/papers/27-mobius-incidence-atom-compiler/sections/4_similarity_no_go.tex:105:which coordinates are atoms. That ownership belongs entirely to the cover
/root/autodl-tmp/symbolic_dynamics/papers/27-mobius-incidence-atom-compiler/sections/4_similarity_no_go.tex:140:coordinate-like and, at finite cutoff, that the entire family is explicitly
/root/autodl-tmp/symbolic_dynamics/papers/21-successor-divisor-cycle-flood/sections/0_abstract.tex:29:threshold and the entire cycle flood, proving zero selectivity margin for the
/root/autodl-tmp/symbolic_dynamics/papers/48-all-radix-carry-free-schatten/preauthority/PROOF_PACKAGE.md:239:\(\det_2(I-zB_{b,s})\) is entire in \(z\) and
/root/autodl-tmp/symbolic_dynamics/papers/21-successor-divisor-cycle-flood/sections/A_proof_details.tex:48:  \item the fixed-order closed-walk expression is a finite entire function of
/root/autodl-tmp/symbolic_dynamics/papers/199-first-one-stirling-splice/PROOF_PACKAGE.md:29:Brualdi–Dahl. Relabelling c alone is not a Stirling self-map.
/root/autodl-tmp/symbolic_dynamics/papers/169-successor-transfer-set-partitions/main.tex:31:\newcommand{\Stirling}[2]{\genfrac\{\}{0pt}{}{#1}{#2}}
/root/autodl-tmp/symbolic_dynamics/papers/169-successor-transfer-set-partitions/main.tex:93:Restricted-growth encodings and their Stirling enumeration are background
/root/autodl-tmp/symbolic_dynamics/papers/169-successor-transfer-set-partitions/main.tex:106:into a cycle.  Put $m=n-k$, let $\Stirling{m}{k}$ denote a Stirling number of
/root/autodl-tmp/symbolic_dynamics/papers/169-successor-transfer-set-partitions/main.tex:129: k!\,\Stirling{n-k}{k},&n\ge2k,\\[2mm]
/root/autodl-tmp/symbolic_dynamics/papers/169-successor-transfer-set-partitions/main.tex:152:This entire factor is the directed-cycle chip-firing mechanism already
/root/autodl-tmp/symbolic_dynamics/papers/169-successor-transfer-set-partitions/main.tex:262:$\Stirling{m}{k}$ surjective restricted-growth prefixes and $k!$ final
/root/autodl-tmp/symbolic_dynamics/papers/169-successor-transfer-set-partitions/main.tex:432:entire outgoing row is zero.  An all-singleton target instead has the unique
/root/autodl-tmp/symbolic_dynamics/papers/203-monochromatic-triangle-complementation/PROOF_PACKAGE.md:29:4. The possible initial minimum drop requires a separate retired-vertex
/root/autodl-tmp/symbolic_dynamics/papers/203-monochromatic-triangle-complementation/PROOF_PACKAGE.md:183:anchor edge flipped once. Retired $v_i$, $1\le i<t$, have that edge
/root/autodl-tmp/symbolic_dynamics/papers/203-monochromatic-triangle-complementation/PROOF_PACKAGE.md:186:a monochromatic triple with $0$. Nor does a retired/future pair: their
/root/autodl-tmp/symbolic_dynamics/papers/203-monochromatic-triangle-complementation/PROOF_PACKAGE.md:189:is one. Retired/retired eligible pairs are later than the proposed pair.
/root/autodl-tmp/symbolic_dynamics/papers/203-monochromatic-triangle-complementation/PROOF_PACKAGE.md:193:colour $s_t=1-(t\bmod2)$ is wrong. Every carry/retired eligible pair is
/root/autodl-tmp/symbolic_dynamics/papers/203-monochromatic-triangle-complementation/PROOF_PACKAGE.md:194:later because retired labels exceed the next future label. Non-anchor
/root/autodl-tmp/symbolic_dynamics/papers/02-wheel-sieve-stationarization-obstructions/sections/1_introduction.tex:75:The present evidence is entirely deductive.  No Stage-02 numerical run has
/root/autodl-tmp/symbolic_dynamics/papers/29-functorial-chiral-counterterm-no-go/results/determinant_power_ledger.csv:3:2,deleted_entirely_including_diagonal_and_mixed,
/root/autodl-tmp/symbolic_dynamics/papers/203-monochromatic-triangle-complementation/revision_a/cold_build/main.tex:36:retired before this anchor stabilizes. The maximum entrance time is
/root/autodl-tmp/symbolic_dynamics/papers/203-monochromatic-triangle-complementation/revision_a/cold_build/main.tex:180:anchor edge flipped once. Retired $v_i$, $1\le i<t$, have that edge
/root/autodl-tmp/symbolic_dynamics/papers/203-monochromatic-triangle-complementation/revision_a/cold_build/main.tex:183:a monochromatic triple with $0$. Nor does a retired/future pair: their
/root/autodl-tmp/symbolic_dynamics/papers/203-monochromatic-triangle-complementation/revision_a/cold_build/main.tex:186:is one. Retired/retired eligible pairs are later than the proposed pair.
/root/autodl-tmp/symbolic_dynamics/papers/203-monochromatic-triangle-complementation/revision_a/cold_build/main.tex:190:colour $s_t=1-(t\bmod2)$ is wrong. Every carry/retired eligible pair is
/root/autodl-tmp/symbolic_dynamics/papers/203-monochromatic-triangle-complementation/revision_a/cold_build/main.tex:191:later because retired labels exceed the next future label. Non-anchor
/root/autodl-tmp/symbolic_dynamics/papers/176-first-frequency-rotation/PROOF_PACKAGE.md:140:Constancy of that component makes the entire word constant, whose least
/root/autodl-tmp/symbolic_dynamics/papers/31-wilson-semiring-verifier-trichotomy/sections/10_conclusion.tex:11:copies the entire construction.  Keeping the Wilson computation recurrent
/root/autodl-tmp/symbolic_dynamics/papers/21-successor-divisor-cycle-flood/PROOF_PACKAGE.md:320:is holomorphic in \(s\) and entire in \(z\).  For
/root/autodl-tmp/symbolic_dynamics/papers/32-projective-residue-recurrence-obstruction/PROOF_PACKAGE.md:162:operator, entire in \(z\) and holomorphic in \(s\) on that half-plane.
/root/autodl-tmp/symbolic_dynamics/papers/21-successor-divisor-cycle-flood/sections/4_recurrent_topology.tex:112:The quotient-two return is the only descent mechanism needed for the entire
/root/autodl-tmp/symbolic_dynamics/papers/07-entropy-oriented-chiral-shift/sections/2_related_work.tex:24:symbolic source, preserves its entire Euler ledger, and produces a moving
/root/autodl-tmp/symbolic_dynamics/papers/21-successor-divisor-cycle-flood/sections/9_pruning_controls.tex:82:is entire in \(z\), it equals one identically.
/root/autodl-tmp/symbolic_dynamics/papers/194-least-raising-crystal-words/main.tex:252:Each component contributes its unique highest word.  Under RSK, involutions
/root/autodl-tmp/symbolic_dynamics/papers/19-stationary-semiring-sieve-shift/sections/11_conclusion.tex:7:primality without a factor oracle; and place the entire resulting countable
/root/autodl-tmp/symbolic_dynamics/papers/32-projective-residue-recurrence-obstruction/sections/5_cusp_diamonds.tex:79:entire composite-diamond family.  For this source-natural cusp skeleton,
/root/autodl-tmp/symbolic_dynamics/papers/64-lacunary-beta-entropy-approximants/sections/1_introduction.tex:7:The nearest verified sources above do not supply a finite quantitative account of the entropy lost at a truncation.  In the increasing-gap family, the perturbation has enough order to identify the contribution of the first discarded one while retaining rigorous control of the entire remaining tail.  This produces one compact principle: \emph{the first omitted digit fixes the exponential scale, and the later digits only perturb its coefficient at a controlled relative order}.
/root/autodl-tmp/symbolic_dynamics/papers/22-cofactor-holonomy-fredholm-trilemma/sections/7_trace_class.tex:22:and \(D(s,u;z)\) is jointly holomorphic in \((s,u,z)\) and entire in \(z\).
/root/autodl-tmp/symbolic_dynamics/papers/199-first-one-stirling-splice/round0_snapshot/PROOF_PACKAGE.md:29:Brualdi–Dahl. Relabelling c alone is not a Stirling self-map.
/root/autodl-tmp/symbolic_dynamics/papers/23-unary-holonomy-finite-fiber-rigidity/PROOF_PACKAGE.md:469:is a genuine Fredholm determinant, entire in \(z\).
/root/autodl-tmp/symbolic_dynamics/papers/23-unary-holonomy-finite-fiber-rigidity/PROOF_PACKAGE.md:580:**Proof.**  Apply Stirling's formula to
/root/autodl-tmp/symbolic_dynamics/papers/66-hard-core-sofic-entropy-dependence/sections/4_annealed.tex:51:Let $k/n\to t\in[0,1/2]$.  Stirling's formula gives
/root/autodl-tmp/symbolic_dynamics/papers/24-kraft-fredholm-log-code-trilemma/PROOF_PACKAGE.md:197:and the weak-null proof is unchanged.  Concentrating almost the entire roof
/root/autodl-tmp/symbolic_dynamics/papers/20-recurrent-verifier-clock-dilution/sections/7_orbit_return.tex:69:core obtained by replacing each entire verification cycle with one loop.
/root/autodl-tmp/symbolic_dynamics/papers/45-isospectral-arithmetic-fiber-retractions/appendices/C_tauberian.tex:5:factor in \cref{eq:L-local} is entire in $z$ for each fixed $p$, because
/root/autodl-tmp/symbolic_dynamics/papers/151-unequal-spider-first-passage/main.tex:380:primitive integer normalization shows that common dilation is the entire
/root/autodl-tmp/symbolic_dynamics/papers/204-previous-smaller-distance-feedback/PROOF_PACKAGE.md:53:recomputed from the previous entire word, not followed as pointers. The
/root/autodl-tmp/symbolic_dynamics/papers/202-ternary-ordered-reset/PROOF_PACKAGE.md:6:the entire proof without needing this file.
/root/autodl-tmp/symbolic_dynamics/papers/25-holomorphic-lefschetz-code-collapse/sections/5_de_rham_escape.tex:35:sides of \eqref{eq:local-det-identity} are entire, so the identity theorem
/root/autodl-tmp/symbolic_dynamics/docs/papers162_166_sequence/scouting/random_coloring_refinement/verify_scout.py:99:def stirling2(n, k):
/root/autodl-tmp/symbolic_dynamics/docs/papers162_166_sequence/scouting/random_coloring_refinement/verify_scout.py:160:        one = Counter({k: falling(Q, k) * stirling2(size, k)
/root/autodl-tmp/symbolic_dynamics/docs/papers162_166_sequence/scouting/random_coloring_refinement/verify_scout.py:321:                check(multiplicities[k] == stirling2(n, k),
/root/autodl-tmp/symbolic_dynamics/docs/papers162_166_sequence/scouting/random_coloring_refinement/verify_scout.py:322:                      f"Stirling multiplicity n={n} q={q} k={k}")
/root/autodl-tmp/symbolic_dynamics/docs/papers162_166_sequence/scouting/random_coloring_refinement/verify_scout.py:332:                f"{q}^{k-n}:{stirling2(n,k)}" for k in range(1, n + 1))
/root/autodl-tmp/symbolic_dynamics/papers/25-holomorphic-lefschetz-code-collapse/sections/A_proof_details.tex:72:analytic continuation it would equal the entire Fredholm determinant away
/root/autodl-tmp/symbolic_dynamics/papers/76-four-iet-finite-language-fans/main.tex:82:are integer linear forms in the length vector, the entire word cylinder is an
/root/autodl-tmp/symbolic_dynamics/papers/76-four-iet-finite-language-fans/main.tex:88:only the finite language but the entire vector of cylinder measures is
/root/autodl-tmp/symbolic_dynamics/papers/41-knauf-rooted-clock-non-descent/sections/B_boundaries_and_locks.tex:20:$Q_s$ trace class and $\det(I-uQ_s)$ entire in $u$
/root/autodl-tmp/symbolic_dynamics/docs/papers162_166_sequence/scouting/replacement_nonlinear_algebra/SCOUT.md:104:entire iterate formula is that established morphism action.  The cap converts
/root/autodl-tmp/symbolic_dynamics/papers/88-finite-field-parity-tree-shifts/main.tex:559:the entire complexity ledger and a canonical compatible uniform measure.
/root/autodl-tmp/symbolic_dynamics/papers/134-recomputed-border-array-dynamics/main.tex:49:entire integer array $\BA(w)$ as the next word, recompute all of its borders,
/root/autodl-tmp/symbolic_dynamics/papers/23-unary-holonomy-finite-fiber-rigidity/sections/7_fredholm_roof.tex:61:is an honest Fredholm determinant, entire in \(z\).
/root/autodl-tmp/symbolic_dynamics/papers/23-unary-holonomy-finite-fiber-rigidity/sections/7_fredholm_roof.tex:197:\label{prop:stirling}
/root/autodl-tmp/symbolic_dynamics/papers/23-unary-holonomy-finite-fiber-rigidity/sections/7_fredholm_roof.tex:205:Stirling's formula in
/root/autodl-tmp/symbolic_dynamics/papers/43-squarefree-factor-periodic-rigidity/inputs/writer_baseline/sections/4_factor_rigidity.tex:108:The word ``every'' in \cref{thm:factor-rigidity} refers to the entire lawful
/root/autodl-tmp/symbolic_dynamics/papers/23-unary-holonomy-finite-fiber-rigidity/sections/A_proof_details.tex:86:Uniform Stirling expansion gives
/root/autodl-tmp/symbolic_dynamics/papers/50-affine-divisibility-toeplitz-factor-posets/paper/sections/0_abstract.tex:22:Stirling numbers and the chromatic polynomial then enumerate the target
/root/autodl-tmp/symbolic_dynamics/papers/43-squarefree-factor-periodic-rigidity/sections/4_factor_rigidity.tex:108:The word ``every'' in \cref{thm:factor-rigidity} refers to the entire lawful
/root/autodl-tmp/symbolic_dynamics/papers/19-stationary-semiring-sieve-shift/PROOF_PACKAGE.md:161:For fixed (s) in the half-plane, both sides define entire functions of
/root/autodl-tmp/symbolic_dynamics/papers/19-stationary-semiring-sieve-shift/PROOF_PACKAGE.md:162:(z): the Fredholm determinant is entire and the genus-zero product is
/root/autodl-tmp/symbolic_dynamics/papers/19-stationary-semiring-sieve-shift/PROOF_PACKAGE.md:198:trace-log expansion gives determinant one near (z=0), and entireness
/root/autodl-tmp/symbolic_dynamics/papers/26-pure-power-selector-atom-collapse/PROOF_PACKAGE.md:126:positive words, hence by linearity on the entire free algebra.  If `d<0`,
/root/autodl-tmp/symbolic_dynamics/docs/papers162_166_sequence/scouting/root_random_alphabet_erasure/verify_scout.py:38:def stirling2(n, k):
/root/autodl-tmp/symbolic_dynamics/docs/papers162_166_sequence/scouting/root_random_alphabet_erasure/verify_scout.py:90:        falling(q - b, s) * stirling2(time, s) *
/root/autodl-tmp/symbolic_dynamics/docs/papers162_166_sequence/scouting/root_random_alphabet_erasure/verify_scout.py:97:    return falling(q, size) * stirling2(length, size)
/root/autodl-tmp/symbolic_dynamics/docs/papers162_166_sequence/scouting/root_random_alphabet_erasure/verify_scout.py:116:                check(support_hist[size] == falling(q, size) * stirling2(time, size),
/root/autodl-tmp/symbolic_dynamics/papers/48-all-radix-carry-free-schatten/paper/sections/01_introduction.tex:92:\(\Dettwo(I-zB_{b,s})\) is entire in \(z\), with its trace-power logarithm
/root/autodl-tmp/symbolic_dynamics/papers/30-free-monoid-incidence-indistinguishability/PROOF_PACKAGE.md:295:determinant, entire in \(z\).  Its first coefficients are
/root/autodl-tmp/symbolic_dynamics/papers/152-triad-dynamics-triangular-books/PROOF_PACKAGE.md:10:belongs to all pages, so its flip complements the entire bit vector.  Thus,
/root/autodl-tmp/symbolic_dynamics/papers/65-quantitative-periodic-completion-unishifts/sections/3_completion.tex:54:\eqref{eq:cone-inclusion} and the agreement on $J_t$.  At the remaining coordinates of $\ZZ/m\ZZ$, choose any symbol from the corresponding value of $F^+$.  The choices are coordinatewise independent, and the NCA closure hypothesis puts the resulting periodic row $r_{t+1}$ in $Y_m$.  It agrees with $x^{(t+1)}$ on $J_{t+1}$.  Induction reconstructs the entire prescribed rectangle and gives a path
/root/autodl-tmp/symbolic_dynamics/papers/30-free-monoid-incidence-indistinguishability/sections/1_introduction.tex:11:statistic of many atoms, their joint interval, or the entire filtered source
/root/autodl-tmp/symbolic_dynamics/papers/31-wilson-semiring-verifier-trichotomy/sections/A_proof_details.tex:79:first gives $\det(I-zQ_s)=1$ near zero; both sides are entire in $z$, so the
/root/autodl-tmp/symbolic_dynamics/papers/27-mobius-incidence-atom-compiler/PROOF_PACKAGE.md:202:The trace-log identity near \(z=0\), followed by entire continuation in \(z\),
/root/autodl-tmp/symbolic_dynamics/papers/50-affine-divisibility-toeplitz-factor-posets/paper/sections/1_introduction.tex:52:    arrows are refinement arrows, and graphical Stirling numbers enumerate
/root/autodl-tmp/symbolic_dynamics/papers/50-affine-divisibility-toeplitz-factor-posets/paper/sections/1_introduction.tex:67:  periodicity and orbit density then force $F=\lambda^{\Z}$ on the entire
/root/autodl-tmp/symbolic_dynamics/papers/31-wilson-semiring-verifier-trichotomy/figures/semiring_clone_boundary.tex:39:relabeling restores a decorated isomorphism and copies the entire Wilson
/root/autodl-tmp/symbolic_dynamics/papers/198-cyclic-monomer-matching/main.tex:50:entire finite functional graph of one specified update.
/root/autodl-tmp/symbolic_dynamics/papers/46-dyadic-sum-hankel-cycle-calculus/sections/05_ideal_thresholds.tex:12:The following elementary level estimates contain the entire
/root/autodl-tmp/symbolic_dynamics/papers/27-mobius-incidence-atom-compiler/sections/6_holomorphic_transfer.tex:59:Both sides of \eqref{eq:atom-fredholm} are entire in \(z\), so equality
/root/autodl-tmp/symbolic_dynamics/papers/29-functorial-chiral-counterterm-no-go/sections/7_functional_ownership.tex:50:The ratio is entire and zero-free in $z$.  Therefore scheme changes do not
/root/autodl-tmp/symbolic_dynamics/papers/203-monochromatic-triangle-complementation/qa/cold_build2/main.tex:36:retired before this anchor stabilizes. The maximum entrance time is
/root/autodl-tmp/symbolic_dynamics/papers/203-monochromatic-triangle-complementation/qa/cold_build2/main.tex:180:anchor edge flipped once. Retired $v_i$, $1\le i<t$, have that edge
/root/autodl-tmp/symbolic_dynamics/papers/203-monochromatic-triangle-complementation/qa/cold_build2/main.tex:183:a monochromatic triple with $0$. Nor does a retired/future pair: their
/root/autodl-tmp/symbolic_dynamics/papers/203-monochromatic-triangle-complementation/qa/cold_build2/main.tex:186:is one. Retired/retired eligible pairs are later than the proposed pair.
/root/autodl-tmp/symbolic_dynamics/papers/203-monochromatic-triangle-complementation/qa/cold_build2/main.tex:190:colour $s_t=1-(t\bmod2)$ is wrong. Every carry/retired eligible pair is
/root/autodl-tmp/symbolic_dynamics/papers/203-monochromatic-triangle-complementation/qa/cold_build2/main.tex:191:later because retired labels exceed the next future label. Non-anchor
/root/autodl-tmp/symbolic_dynamics/papers/29-functorial-chiral-counterterm-no-go/PROOF_PACKAGE.md:311:The right-hand side is entire and zero-free in (z), so the two functionals have the same auxiliary-
/root/autodl-tmp/symbolic_dynamics/papers/29-functorial-chiral-counterterm-no-go/PROOF_PACKAGE.md:321:The theorem makes no claim about arbitrary nonlinear or nonlocal invariants of the entire filtered tower.
/root/autodl-tmp/symbolic_dynamics/papers/77-digit-weight-automatic-towers/main.tex:448:subsequence has a further subsequence which either consists entirely of
/root/autodl-tmp/symbolic_dynamics/papers/34-positive-recognition-recurrence-quadrilemma/sections/6_pruning_ownership.tex:15:component, so \cref{lem:scc} puts the walk entirely on one atom cycle.
/root/autodl-tmp/symbolic_dynamics/papers/34-positive-recognition-recurrence-quadrilemma/sections/6_pruning_ownership.tex:22:first gives equality near $z=0$, and entireness extends it to all $z$.  A
/root/autodl-tmp/symbolic_dynamics/papers/30-free-monoid-incidence-indistinguishability/sections/8_route_closure.tex:6:to the entire admissible natural-invariant class, including nonlocal
/root/autodl-tmp/symbolic_dynamics/papers/30-free-monoid-incidence-indistinguishability/sections/8_route_closure.tex:79:locked unless an entirely separate theorem first meets its invocation gate.
/root/autodl-tmp/symbolic_dynamics/papers/38-bass-serre-tree-orbital-collapse/figures/tree_orbit_trilemma.tex:48:   \texttt{CLOSE\_ENTIRE\_AFFINE\_BRANCH}};
/root/autodl-tmp/symbolic_dynamics/papers/31-wilson-semiring-verifier-trichotomy/sections/0_abstract.tex:6:isomorphic matched semiring clone transports the entire enrichment.  A
/root/autodl-tmp/symbolic_dynamics/papers/19-stationary-semiring-sieve-shift/sections/6_euler_determinant.tex:60:For fixed $\RePart s>1$, the Fredholm determinant is entire in $z$.  The
/root/autodl-tmp/symbolic_dynamics/papers/19-stationary-semiring-sieve-shift/sections/6_euler_determinant.tex:61:product on the right of \eqref{eq:euler-two-variable} is also entire and
/root/autodl-tmp/symbolic_dynamics/papers/38-bass-serre-tree-orbital-collapse/sections/9_route_conclusion.tex:40:\texttt{CLOSE\_ENTIRE\_AFFINE\_BRANCH}.
/root/autodl-tmp/symbolic_dynamics/papers/89-bernoulli-reset-golden-random-sft/main.tex:95:entire cocycle becomes regenerative rather than merely subadditive.
/root/autodl-tmp/symbolic_dynamics/papers/89-bernoulli-reset-golden-random-sft/main.tex:446:the entire displayed package.  That negative search is a collision
/root/autodl-tmp/symbolic_dynamics/papers/21-successor-divisor-cycle-flood/main.tex:8:\usepackage{booktabs,array,tabularx,multirow,enumitem,xcolor,tikz,graphicx}
/root/autodl-tmp/symbolic_dynamics/papers/30-free-monoid-incidence-indistinguishability/sections/6_mixed_functional.tex:113:is an honest ordinary Fredholm determinant, entire in \(z\).  Its first two
/root/autodl-tmp/symbolic_dynamics/docs/papers197_201_sequence/scouting/nonlinear_fifth_20260905/SCOUT_AND_DISPOSITION.md:67:the entire carrier is a disjoint bundle of standard scalar quadratic
/root/autodl-tmp/symbolic_dynamics/papers/21-successor-divisor-cycle-flood/sections/7_fredholm_ledger.tex:13:is holomorphic in \(s\) and entire in \(z\).  For \(z\) sufficiently close
/root/autodl-tmp/symbolic_dynamics/papers/39-affine-obstruction-dag-closure-certificate/sections/3_contract_graph.tex:157:but many-to-one.  The bridge remains auditable because it stores the entire
/root/autodl-tmp/symbolic_dynamics/papers/retired/160-binary-projective-steiner-triangle-collapse/main.tex:252:These are precisely the depth-one nonblocks.  The image contains the entire
/root/autodl-tmp/symbolic_dynamics/papers/198-cyclic-monomer-matching/round0_frozen/main.tex:50:entire finite functional graph of one specified update.
/root/autodl-tmp/symbolic_dynamics/papers/86-finite-field-adjacent-product-process/main.tex:86:window screens the future from the entire past.  The process studied here
/root/autodl-tmp/symbolic_dynamics/papers/20-recurrent-verifier-clock-dilution/sections/1_introduction.tex:8:the entire verification path.  Then every divisor trial and every exposed
/root/autodl-tmp/symbolic_dynamics/papers/22-cofactor-holonomy-fredholm-trilemma/sections/A_proof_details.tex:99:which the matrix is bounded but noncompact.  No claim is made for the entire
/root/autodl-tmp/symbolic_dynamics/papers/22-cofactor-holonomy-fredholm-trilemma/sections/A_proof_details.tex:104:In the trace-class domain, \(D_\chi(s,z)\) is entire in \(z\), but its
/root/autodl-tmp/symbolic_dynamics/papers/22-cofactor-holonomy-fredholm-trilemma/sections/A_proof_details.tex:121:Stirling's formula gives
/root/autodl-tmp/symbolic_dynamics/papers/98-equal-block-sum-torsion-shifts/main.tex:77:of adjacent block sums---and determine its entire temporal dynamics.  The
/root/autodl-tmp/symbolic_dynamics/papers/23-unary-holonomy-finite-fiber-rigidity/sections/3_symbolic_source.tex:138:The determinant is entire in \(z\).  Its trace logarithm is used only as the
/root/autodl-tmp/symbolic_dynamics/papers/71-zip-shift-degree-pressure/sections/1_introduction.tex:45:\item The entire pressure curve recovers the fibre-size multiset.  Combined
/root/autodl-tmp/symbolic_dynamics/papers/87-chain-ring-socle-product-shifts/main.tex:82:whether one of these components is mixing.  At the same time, the entire
/root/autodl-tmp/symbolic_dynamics/papers/200-lex-first-alternating-switch/main.tex:107:Along its entire orbit, the first index $i$ is constant and the least
/root/autodl-tmp/symbolic_dynamics/papers/200-lex-first-alternating-switch/main.tex:266:For every nonfixed target $Y$, its entire inverse set is
/root/autodl-tmp/symbolic_dynamics/papers/200-lex-first-alternating-switch/main.tex:359:entire itinerary \eqref{eq:itinerary}, not only its final tail length.
/root/autodl-tmp/symbolic_dynamics/docs/papers204_208_sequence/scouting/discrete_geometry_seventh/SCOUT_REPORT.md:18:| OLS | On a centred integer rectangle, compress occupied counts horizontally and then on $x-y$ diagonals using one fixed point priority $(x^2+y^2,x,y)$. | Eight boxes in the intake, at most 15 ambient pixels / 32,768 states. | Common rank potential proves fixed recurrence and a coarse clock. Every source fibre is a weighted sum over first-stage row counts. This entire proof works for arbitrary two partitions of any finite ordered set. | `KILL_FULL_COMPRESSION_ADAPTER` |
/root/autodl-tmp/symbolic_dynamics/docs/papers204_208_sequence/scouting/discrete_geometry_seventh/SCOUT_REPORT.md:20:| NTL | Output lattice points with at least two nearest old sites in squared Euclidean distance; empty maps to empty. | Same eight full grids. | Empty is the only fixed state. On every line the sharp clock is $\lceil N/2\rceil$, entirely midpoint boundary erosion. A $2\times2$ diagonal-pair two-cycle prevents transferring line nilpotence to 2D. No 2D two-axis contract. | `KILL_INCOMPLETE_CONJUNCTION` |
/root/autodl-tmp/symbolic_dynamics/papers/37-local-coefficient-normal-closure-saturation/sections/4_main_theorem.tex:65:cancellation is imposed for the entire normal closure, then the target class
/root/autodl-tmp/symbolic_dynamics/papers/99-unipotent-shear-sublattice-dynamics/main.tex:263:$2j\leq r$ consist entirely of fixed cycles, whose total number is
/root/autodl-tmp/symbolic_dynamics/papers/203-monochromatic-triangle-complementation/qa/draft_build/main.tex:36:retired before this anchor stabilizes. The maximum entrance time is
/root/autodl-tmp/symbolic_dynamics/papers/203-monochromatic-triangle-complementation/qa/draft_build/main.tex:180:anchor edge flipped once. Retired $v_i$, $1\le i<t$, have that edge
/root/autodl-tmp/symbolic_dynamics/papers/203-monochromatic-triangle-complementation/qa/draft_build/main.tex:183:a monochromatic triple with $0$. Nor does a retired/future pair: their
/root/autodl-tmp/symbolic_dynamics/papers/203-monochromatic-triangle-complementation/qa/draft_build/main.tex:186:is one. Retired/retired eligible pairs are later than the proposed pair.
/root/autodl-tmp/symbolic_dynamics/papers/203-monochromatic-triangle-complementation/qa/draft_build/main.tex:190:colour $s_t=1-(t\bmod2)$ is wrong. Every carry/retired eligible pair is
/root/autodl-tmp/symbolic_dynamics/papers/203-monochromatic-triangle-complementation/qa/draft_build/main.tex:191:later because retired labels exceed the next future label. Non-anchor
/root/autodl-tmp/symbolic_dynamics/papers/45-isospectral-arithmetic-fiber-retractions/sections/01_introduction.tex:71:  as entire functions of $z$.  For $r=1$, this is the ordinary Fredholm
/root/autodl-tmp/symbolic_dynamics/papers/38-bass-serre-tree-orbital-collapse/main.tex:77:is locked and the entire affine branch is closed.
/root/autodl-tmp/symbolic_dynamics/papers/44-q-adic-finite-size-boundary-spectra/abstract.tex:3:radix \(q\ge2\), we determine the entire order-one finite-size boundary of
/root/autodl-tmp/symbolic_dynamics/papers/66-hard-core-sofic-entropy-dependence/sections/1_introduction.tex:19:the entire activity-three independence polynomial, and its exponential rate
/root/autodl-tmp/symbolic_dynamics/papers/66-hard-core-sofic-entropy-dependence/sections/1_introduction.tex:94:$[n]$, then an exact first-moment calculation and Stirling's formula give the
/root/autodl-tmp/symbolic_dynamics/papers/38-bass-serre-tree-orbital-collapse/sections/1_introduction.tex:35:generic or divergent.  \Cref{fig:tree-orbit-trilemma} exposes the entire
/root/autodl-tmp/symbolic_dynamics/papers/38-bass-serre-tree-orbital-collapse/sections/1_introduction.tex:93:$\RouteTuple$; Route A is rejected, Route B remains locked, and the entire
/root/autodl-tmp/symbolic_dynamics/papers/73-critical-jordan-block-substitution/main.tex:240:common phase these arrays bound the entire observable field of every
/root/autodl-tmp/symbolic_dynamics/papers/73-critical-jordan-block-substitution/main.tex:283:$\vartheta^{\ell-k}(B)$ consists entirely of $B$'s, so the strip is a row of
/root/autodl-tmp/symbolic_dynamics/papers/73-critical-jordan-block-substitution/main.tex:286:$\vartheta^{\ell-k}(B)$ also consists entirely of $B$'s.
/root/autodl-tmp/symbolic_dynamics/papers/85-periodic-alphabet-full-shifts/main.tex:43:full $Q$-shift.  Thus the entire ordered size schedule
/root/autodl-tmp/symbolic_dynamics/papers/46-dyadic-sum-hankel-cycle-calculus/appendices/B_determinant_products.tex:57:because the identity follows between the resulting entire products.
/root/autodl-tmp/symbolic_dynamics/papers/46-dyadic-sum-hankel-cycle-calculus/appendices/B_determinant_products.tex:85:when the entire determinant has zeros.
/root/autodl-tmp/symbolic_dynamics/papers/41-knauf-rooted-clock-non-descent/preauthority/PROOF_PACKAGE.md:91:Its owned determinant is entire in `u` and, for `|u|<1`, satisfies
/root/autodl-tmp/symbolic_dynamics/papers/41-knauf-rooted-clock-non-descent/preauthority/PROOF_PACKAGE.md:105:trace-class Fredholm theory gives the product and entire dependence on `u`.
/root/autodl-tmp/symbolic_dynamics/papers/97-sumset-squaring-dynamics/main.tex:266:The recurrent classification makes the entire temporal ledger finite.
/root/autodl-tmp/symbolic_dynamics/papers/95-minimal-slack-no-repeat-shifts/main.tex:239:and the entire correlation sequence is determined by the denominator in
/root/autodl-tmp/symbolic_dynamics/papers/48-all-radix-carry-free-schatten/paper/sections/c_endpoint_and_determinant.tex:74:the entire determinant, not a global choice of its logarithm or global
/root/autodl-tmp/symbolic_dynamics/papers/46-dyadic-sum-hankel-cycle-calculus/sections/06_valuation_determinants.tex:74:We next separate an entire determinant identity from its local logarithm.
/root/autodl-tmp/symbolic_dynamics/papers/46-dyadic-sum-hankel-cycle-calculus/sections/06_valuation_determinants.tex:109:Both sides of \cref{eq:det2-product} are entire in $z$.  On the smaller
/root/autodl-tmp/symbolic_dynamics/papers/46-dyadic-sum-hankel-cycle-calculus/sections/06_valuation_determinants.tex:118:This logarithmic series is local; it is not a global logarithm of the entire
/root/autodl-tmp/symbolic_dynamics/docs/papers204_208_sequence/scouting/finite_systems_twentieth/PROOF_AND_ADAPTERS.md:133:entire inverse is independent equations $cx=y$ with the coefficient fixed
/root/autodl-tmp/symbolic_dynamics/papers/25-holomorphic-lefschetz-code-collapse/sections/9_exact_audit.tex:73:E3 & entire-versus-pole symbolic check
/root/autodl-tmp/symbolic_dynamics/papers/59-routing-period-hole-antichains/paper/sections/6_controls_boundaries.tex:46:the irreducible pieces exhaust the entire subshift.  That restriction is what
/root/autodl-tmp/symbolic_dynamics/papers/59-routing-period-hole-antichains/builds/round0/sections/6_controls_boundaries.tex:39:the irreducible pieces exhaust the entire subshift.  That restriction is what
/root/autodl-tmp/symbolic_dynamics/papers/45-isospectral-arithmetic-fiber-retractions/appendices/B_determinants.tex:16:$\Sr$ guarantees convergence and an entire function of $z$.
/root/autodl-tmp/symbolic_dynamics/papers/31-wilson-semiring-verifier-trichotomy/main.tex:70:monomial clone, but a matched semiring clone transports the entire Wilson
/root/autodl-tmp/symbolic_dynamics/papers/59-routing-period-hole-antichains/builds/round1/sections/6_controls_boundaries.tex:46:the irreducible pieces exhaust the entire subshift.  That restriction is what
/root/autodl-tmp/symbolic_dynamics/papers/45-isospectral-arithmetic-fiber-retractions/sections/06_weyl.tex:82:where $E_{h,\sigma}$ is a finite entire sum.  Moreover,
/root/autodl-tmp/symbolic_dynamics/papers/45-isospectral-arithmetic-fiber-retractions/sections/06_weyl.tex:107:Removing the atoms below one subtracts the finite entire Dirichlet
/root/autodl-tmp/symbolic_dynamics/papers/31-wilson-semiring-verifier-trichotomy/sections/7_transient_controls.tex:49:entire Fredholm determinants, gives
/root/autodl-tmp/symbolic_dynamics/papers/59-routing-period-hole-antichains/builds/round2/sections/6_controls_boundaries.tex:46:the irreducible pieces exhaust the entire subshift.  That restriction is what
/root/autodl-tmp/symbolic_dynamics/docs/papers204_208_sequence/scouting/set_partition_sixth/INTAKE.md:74:so that entire static axis is also explicitly deducted; postcomposition
/root/autodl-tmp/symbolic_dynamics/docs/papers204_208_sequence/scouting/set_partition_sixth/INTAKE.md:85:empty family. Thus the literal is autonomous on the entire same carrier.
/root/autodl-tmp/symbolic_dynamics/docs/papers204_208_sequence/scouting/set_partition_sixth/INTAKE.md:90:The ordinary blocker primitive is entirely owned; MHT is a rank-filtered
/root/autodl-tmp/symbolic_dynamics/papers/29-functorial-chiral-counterterm-no-go/sections/9_route_limitations.tex:66:nonlocal invariants of an entire filtered source.  Their existence, useful
/root/autodl-tmp/symbolic_dynamics/papers/29-functorial-chiral-counterterm-no-go/sections/9_route_limitations.tex:94:functor or a theorem excluding its entire motivated class.  A positive
/root/autodl-tmp/symbolic_dynamics/papers/32-projective-residue-recurrence-obstruction/sections/10_conclusion.tex:36:$\one_{\{|X_n|=n+1\}}$, the entire semiring-residue family should close.
/root/autodl-tmp/symbolic_dynamics/papers/17-fiber-cocycle-artin-factor/sections/5_rigidity.tex:56:If the corresponding skew-product shift is transitive on the entire fiber
/root/autodl-tmp/symbolic_dynamics/papers/30-free-monoid-incidence-indistinguishability/sections/A_proof_details.tex:31: \label{eq:stirling-cumulant}
/root/autodl-tmp/symbolic_dynamics/papers/30-free-monoid-incidence-indistinguishability/sections/A_proof_details.tex:33:where \(S(r,k)\) is a Stirling number of the second kind.  Using
/root/autodl-tmp/symbolic_dynamics/papers/48-all-radix-carry-free-schatten/paper/sections/08_conclusion.tex:12:the entire relevant bad range and, in particular, its active equality
/root/autodl-tmp/symbolic_dynamics/papers/94-marked-symmetric-s-adic-shifts/main.tex:76:entire directive sequence.  The binary family in this note isolates that
/root/autodl-tmp/symbolic_dynamics/papers/48-all-radix-carry-free-schatten/paper/sections/06_traces_determinants_periods.tex:137:is an entire function of \(z\).  On a sufficiently small neighborhood of
/root/autodl-tmp/symbolic_dynamics/papers/48-all-radix-carry-free-schatten/paper/sections/06_traces_determinants_periods.tex:154:\(\Dettwo(I-zB)=\det((I-zB)\exp(zB))\) is entire in \(z\); this is the
/root/autodl-tmp/symbolic_dynamics/papers/48-all-radix-carry-free-schatten/paper/sections/06_traces_determinants_periods.tex:163:though the determinant itself is entire in \(z\).  Nor do we construct a
/root/autodl-tmp/symbolic_dynamics/papers/32-projective-residue-recurrence-obstruction/sections/6_fredholm_ownership.tex:44:entire in $z$ and holomorphic in $s$.
/root/autodl-tmp/symbolic_dynamics/papers/49-transient-phase-allocation-tree-shifts/paper/sections/01_introduction.tex:7:assigns its scale through the size of an entire finite tree.  In this setting,
/root/autodl-tmp/symbolic_dynamics/docs/papers204_208_sequence/scouting/word_local/UGR_PROOF_WORK/PROOF_PACKAGE.md:329:zero, which sees two ones and becomes two. The entire word is alternating
/root/autodl-tmp/symbolic_dynamics/papers/34-positive-recognition-recurrence-quadrilemma/PROOF_PACKAGE.md:142:zero, and entireness extends it to all `z`. A simple weighted `ell(a)`-cycle
/root/autodl-tmp/symbolic_dynamics/papers/25-holomorphic-lefschetz-code-collapse/sections/2_literature_boundary.tex:53:For ordinary trace-class operators, the Fredholm determinant is entire in
/root/autodl-tmp/symbolic_dynamics/papers/25-holomorphic-lefschetz-code-collapse/sections/2_literature_boundary.tex:92:& entire-versus-pole proof for the required moment sequence \\
/root/autodl-tmp/symbolic_dynamics/papers/93-random-push-pop-stack-cocycles/main.tex:596:running maximum of the entire direction walk rather than on iid reset gaps.
/root/autodl-tmp/symbolic_dynamics/papers/46-dyadic-sum-hankel-cycle-calculus/appendices/A_endpoint_details.tex:57:are controlled in their entirety by $R_m$.  Thus the modulus of
/root/autodl-tmp/symbolic_dynamics/papers/64-lacunary-beta-entropy-approximants/sections/5_schedules.tex:61:Taking $\varepsilon_j=1/j$ illustrates the obstruction: \cref{thm:schedules}(1) forces $L_j=o(j^{-r})$ for every $r$, so $L_j\sim1/j$ is impossible.  Even among faster schedules, \cref{cor:log-rigidity} confines the principal scale to the discrete locations $\beta^{-n_{j+1}}$.  Characterizing which two-sided target sequences are realizable would require controlling the feedback of the entire chosen tail on $\beta$ and $D_\beta$; that problem is not solved here.
/root/autodl-tmp/symbolic_dynamics/papers/201-eventual-period-feedback/round0_frozen/main.tex:212:For $h\ge3$, $h(Pf)=h-1$ and the entire chain
/root/autodl-tmp/symbolic_dynamics/papers/36-affine-cayley-chain-cancellation-no-go/PROOF_PACKAGE.md:52:select relation cycles; it removes the entire primitive recurrent ledger.
/root/autodl-tmp/symbolic_dynamics/docs/prior_work/legacy/2-prime_dynamics/paper/paper-iop/related_work.tex:82:$\liminf_{n} (p_{n+1} - p_n) < \infty$. These results live entirely on
/root/autodl-tmp/symbolic_dynamics/papers/58-quantitative-periodic-realization/sections/3_reflection_certificate.tex:87:therefore each entire block $u_\eps$ is recovered.  This proves injectivity.
/root/autodl-tmp/symbolic_dynamics/papers/39-affine-obstruction-dag-closure-certificate/PROOF_PACKAGE.md:31:`CLOSE_ENTIRE_AFFINE_BRANCH`. Exit classifications are not claims that the
/root/autodl-tmp/symbolic_dynamics/papers/80-cocktail-party-majority-zeta/main.tex:236:entire bi-infinite orbit.
/root/autodl-tmp/symbolic_dynamics/papers/80-cocktail-party-majority-zeta/main.tex:288:$O(n^{-1/2})$ and does not affect them.  Stirling's formula and
/root/autodl-tmp/symbolic_dynamics/papers/38-bass-serre-tree-orbital-collapse/PROOF_PACKAGE.md:53:rejected and the entire affine branch closes.
/root/autodl-tmp/symbolic_dynamics/papers/38-bass-serre-tree-orbital-collapse/PROOF_PACKAGE.md:372:branch=CLOSE_ENTIRE_AFFINE_BRANCH.
/root/autodl-tmp/symbolic_dynamics/papers/09-holomorphic-reflection-double/sections/3_source_lock.tex:76:functional equation.  Arithmetic credit depends entirely on the filtered
/root/autodl-tmp/symbolic_dynamics/papers/116-max-plus-switching-induced-growth/sections/5_pressure.tex:46:generating function is finite and differentiable on its entire effective
/root/autodl-tmp/symbolic_dynamics/papers/48-all-radix-carry-free-schatten/paper/sections/05_thresholds.tex:108:endpoint \(\sigma=\log_b\kappa_{b,q}\) and the entire interval strictly
/root/autodl-tmp/symbolic_dynamics/papers/10-entropy-paired-relative-determinant/sections/1_introduction.tex:25:gives exact reflection on the entire open critical strip.  Unlike the balanced
/root/autodl-tmp/symbolic_dynamics/papers/91-generalized-dihedral-reverser-shifts/main.tex:44:its entire $2N$-state adjacency spectrum depends only on $(N,t)$.  When
/root/autodl-tmp/symbolic_dynamics/papers/155-cycle-maximum-extraction/main.tex:25:\newcommand{\stirfirst}[2]{\genfrac{[}{]}{0pt}{}{#1}{#2}}
/root/autodl-tmp/symbolic_dynamics/papers/155-cycle-maximum-extraction/main.tex:221:Let $\stirfirst{m}{r}$ be the unsigned Stirling number of the first kind.
/root/autodl-tmp/symbolic_dynamics/papers/155-cycle-maximum-extraction/main.tex:225: \sum_{m=1}^n\ \sum_{r=\max(1,2m-n)}^m \stirfirst{m}{r}.
/root/autodl-tmp/symbolic_dynamics/papers/155-cycle-maximum-extraction/main.tex:235:Right-to-left minima on $\Sym_m$ have the unsigned first-kind Stirling
/root/autodl-tmp/symbolic_dynamics/papers/155-cycle-maximum-extraction/main.tex:238:Stirling recurrence.  The threshold $2m-r\le n$ now gives
/root/autodl-tmp/symbolic_dynamics/papers/41-knauf-rooted-clock-non-descent/sections/5_inventory_determinant.tex:25:Its Fredholm determinant is entire in the free variable $u$ and equals
/root/autodl-tmp/symbolic_dynamics/papers/41-knauf-rooted-clock-non-descent/sections/5_inventory_determinant.tex:48:Trace-class Fredholm theory gives an entire function of $u$ and the product
/root/autodl-tmp/symbolic_dynamics/papers/33-relation-homology-operator-non-descent/sections/7_exact_audit.tex:55:residue arithmetic.  The cross-square boundary rank equals the entire
/root/autodl-tmp/symbolic_dynamics/papers/29-functorial-chiral-counterterm-no-go/sections/4_counterterm_classification.tex:87:A symmetric scalar function of the entire decorated Gram matrix is invariant
/root/autodl-tmp/symbolic_dynamics/papers/28-chiral-incidence-metric-trilemma/sections/6_metric_rigidity.tex:5:retaining a coupled spectrum?  The answer is no for the entire bounded
/root/autodl-tmp/symbolic_dynamics/papers/67-multiplicative-plaquette-matroid-complexity/sections/7_conclusion.tex:4:each root component, the two exponent axes determine the entire array, and
/root/autodl-tmp/symbolic_dynamics/papers/47-harmonic-egyptian-mordell-tornheim/appendices/C_determinants_walks.tex:6:$\det_2(I-zA)$ is entire in $z$.  On $|z|\|A\|<1$, expand the logarithm at
/root/autodl-tmp/symbolic_dynamics/papers/78-complete-bipartite-sandpile-translations/main.tex:82:arithmetic function of the entire profile.  Once that period is known,
/root/autodl-tmp/symbolic_dynamics/papers/90-rule184-particle-periodic-zeta/main.tex:320:$\alpha=\min\{\rho,1-\rho\}\in[0,1/2]$, Stirling's formula gives
